/**
 * generated by fontconvert.py
 * name: ebgaramond_16_bolditalic
 * size: 16
 * mode: 2-bit  compressed: true
 * Command used: fontconvert.py ebgaramond_16_bolditalic 16 ../builtinFonts/source/EBGaramond/EBGaramond-BoldItalic.ttf --2bit --compress --pnum --darken-aa
 */
#pragma once
#include "EpdFontData.h"

static const uint8_t ebgaramond_16_bolditalicBitmaps[43691] = {
    0xA5, 0x5A, 0x3F, 0xAC, 0xDD, 0xD6, 0x79, 0x3F, 0x24, 0xE5, 0xC7, 0x5A, 0xAC, 0x4D, 0x15, 0x70,
    0x0A, 0xBB, 0x42, 0x4C, 0x0F, 0x19, 0x62, 0x43, 0x36, 0x3B, 0x64, 0x30, 0xD0, 0xAB, 0x47, 0x16,
    0x06, 0x9A, 0xC1, 0x28, 0xE4, 0x21, 0xCA, 0xE2, 0xC5, 0x43, 0x86, 0x3A, 0x19, 0xA4, 0x41, 0x05,
    0x82, 0xC6, 0x36, 0x6F, 0x23, 0xA0, 0x4B, 0x07, 0x3F, 0xA0, 0xDD, 0x2B, 0x14, 0x0A, 0xE0, 0x3E,
    0x03, 0x7D, 0x1A, 0x34, 0x18, 0x85, 0x64, 0x1E, 0xC9, 0x83, 0x87, 0x0C, 0x62, 0xE0, 0xA1, 0x43,
    0x07, 0x33, 0xB1, 0x1B, 0x17, 0x75, 0x0A, 0xD3, 0x30, 0x63, 0x53, 0x12, 0xC9, 0xD3, 0xDF, 0xEF,
    0xFB, 0x0E, 0xEF, 0x7D, 0x4F, 0x8E, 0xDC, 0x1A, 0xB9, 0xEF, 0xBD, 0xC3, 0xFB, 0xEE, 0x3D, 0x3C,
    0xE7, 0xFB, 0xFB, 0xFB, 0xFE, 0x1C, 0x1A, 0x73, 0xD9, 0x84, 0xA3, 0x89, 0x47, 0x93, 0xEA, 0x6F,
    0x6F, 0xB2, 0xCE, 0xE4, 0xAD, 0x29, 0xAC, 0x29, 0xD6, 0xA6, 0x30, 0xE6, 0x35, 0x63, 0xAE, 0x19,
    0x33, 0x18, 0xD3, 0x19, 0xD3, 0x1A, 0xBC, 0x02, 0x63, 0x32, 0x7C, 0xDF, 0xC9, 0xAF, 0x35, 0x0F,
    0xE2, 0xA3, 0xAB, 0x8F, 0x47, 0x7D, 0x9D, 0x7E, 0x3A, 0xA5, 0x1F, 0x8C, 0xD9, 0x3B, 0x7D, 0xFE,
    0x5C, 0xBB, 0x9B, 0xD8, 0x55, 0x6A, 0xCE, 0x3F, 0x64, 0xCC, 0x31, 0xB9, 0xE3, 0x92, 0x31, 0x29,
    0xEF, 0x7E, 0x26, 0xB2, 0xC6, 0xAC, 0xA2, 0xB5, 0x31, 0x6F, 0xA5, 0xF8, 0xA2, 0xC3, 0xF0, 0x23,
    0xE7, 0x3A, 0xE3, 0x9C, 0x6B, 0x43, 0x0C, 0x36, 0x38, 0x38, 0x8B, 0x7D, 0x1E, 0x0F, 0x65, 0x1A,
    0x86, 0x67, 0x93, 0x7F, 0x34, 0xB9, 0x73, 0xA3, 0xA9, 0x9C, 0x1B, 0x4C, 0x8D, 0x69, 0x26, 0x5E,
    0x5F, 0xE5, 0x6A, 0x98, 0x96, 0x85, 0x8D, 0x9F, 0xF6, 0x4A, 0x52, 0x62, 0xB5, 0xE3, 0xE6, 0xDE,
    0x17, 0x27, 0x18, 0xC3, 0x19, 0x26, 0x71, 0x1F, 0xBE, 0x64, 0x4C, 0x7D, 0x06, 0xBB, 0x45, 0x63,
    0x06, 0xC2, 0x93, 0xE1, 0x74, 0xB6, 0x06, 0xC3, 0xAB, 0xB4, 0x34, 0x59, 0x4F, 0x7A, 0xB2, 0xB1,
    0x7B, 0x18, 0xA3, 0x23, 0x9B, 0xA9, 0xB3, 0x32, 0x76, 0xBC, 0x1F, 0xFB, 0x83, 0x0B, 0xE7, 0xB8,
    0x58, 0xE1, 0xD6, 0x32, 0xF2, 0xEB, 0xDA, 0x35, 0xA4, 0x84, 0x63, 0xD0, 0xD5, 0xD6, 0xA4, 0x51,
    0x83, 0x31, 0x8F, 0x6C, 0x0D, 0xD1, 0xFD, 0xFD, 0x1A, 0xF3, 0xAB, 0x4F, 0x20, 0x5A, 0xF3, 0x6F,
    0xCE, 0x91, 0x90, 0xDD, 0xCB, 0x5C, 0x60, 0x25, 0x94, 0x5D, 0xBD, 0x87, 0xD2, 0x63, 0x32, 0x5E,
    0x33, 0x3B, 0x6B, 0x13, 0xF4, 0xA6, 0xEE, 0x4D, 0xDC, 0x84, 0xFD, 0x68, 0xB2, 0x32, 0xE9, 0x46,
    0xF3, 0xAA, 0x49, 0x9B, 0x31, 0x18, 0x4C, 0x7E, 0x63, 0x8C, 0x20, 0xFA, 0x9F, 0x8E, 0x29, 0xD6,
    0x7F, 0xAE, 0xDF, 0x05, 0x1D, 0x71, 0x07, 0xD5, 0x14, 0xE9, 0x7B, 0xDD, 0xCB, 0x26, 0xCF, 0x5F,
    0x7F, 0xD7, 0x95, 0xE9, 0x54, 0xE4, 0xAF, 0x5B, 0x53, 0x8E, 0x55, 0x6A, 0x4D, 0xD4, 0xCD, 0x69,
    0x63, 0x92, 0x1B, 0x23, 0xDE, 0xE7, 0xE1, 0x98, 0x59, 0x73, 0x2D, 0x1A, 0x8A, 0x75, 0xD8, 0x45,
    0x5D, 0x61, 0x62, 0x1B, 0x75, 0x6F, 0x63, 0x87, 0xE0, 0xD3, 0x01, 0x3B, 0x98, 0xBA, 0x31, 0x17,
    0x94, 0x8E, 0x1D, 0x10, 0x1E, 0x4E, 0x06, 0x82, 0x87, 0x94, 0xFE, 0xA3, 0x34, 0xF3, 0x41, 0x6B,
    0xD2, 0xF7, 0x6C, 0xD8, 0x25, 0x9D, 0x49, 0x3F, 0xB3, 0x51, 0x13, 0xB7, 0x26, 0xF9, 0xC0, 0x46,
    0x36, 0x00, 0xB1, 0xCF, 0xDB, 0x18, 0xA2, 0x38, 0xBE, 0xEF, 0xD6, 0xF1, 0xFB, 0x03, 0x64, 0xE4,
    0x4C, 0x74, 0xE7, 0xB5, 0x98, 0x2A, 0x8B, 0x9A, 0x34, 0xFD, 0x18, 0xC2, 0x4C, 0xBB, 0xF4, 0x71,
    0x72, 0x9D, 0x5D, 0x3F, 0x77, 0xCA, 0x3C, 0x0E, 0x31, 0xE4, 0xE3, 0xA9, 0x14, 0xE2, 0xDE, 0x35,
    0x65, 0x5A, 0xBF, 0xCE, 0x2B, 0x94, 0x73, 0xC6, 0xD0, 0xD8, 0x82, 0x39, 0x93, 0xAB, 0x7C, 0x58,
    0x50, 0xC4, 0xD7, 0x41, 0x06, 0x74, 0x00, 0x1B, 0x35, 0xE9, 0x8C, 0x35, 0x7A, 0x4E, 0x9E, 0x0F,
    0xA8, 0x23, 0x1A, 0x8C, 0x28, 0x03, 0xB6, 0x31, 0x1B, 0x51, 0xB1, 0xA8, 0xCE, 0x98, 0x3F, 0xB9,
    0xAC, 0x32, 0x8E, 0x7A, 0xEC, 0xDD, 0x66, 0x36, 0x2F, 0x77, 0x41, 0xC0, 0x79, 0x95, 0xF4, 0x13,
    0xB8, 0x13, 0x2B, 0x42, 0x22, 0xB2, 0x13, 0x16, 0x8E, 0xF8, 0x2F, 0x14, 0x94, 0x63, 0xB1, 0x0A,
    0x1F, 0x4D, 0xBA, 0x5F, 0x84, 0xBD, 0x62, 0x7E, 0xD5, 0xEA, 0x6C, 0x48, 0x4F, 0xA6, 0x14, 0xA5,
    0xDE, 0xF9, 0x55, 0x7F, 0x39, 0xFE, 0x32, 0x1A, 0xD0, 0x5A, 0xEF, 0x15, 0x13, 0x94, 0xD7, 0x1F,
    0xF0, 0x53, 0xFF, 0x4D, 0x82, 0x4F, 0x63, 0x6C, 0x0C, 0xA5, 0xEA, 0x5F, 0xF7, 0xE5, 0x3F, 0x52,
    0x90, 0xB4, 0x9E, 0x8A, 0x46, 0x57, 0xCB, 0xAD, 0x52, 0x41, 0x62, 0xC1, 0x79, 0x40, 0x62, 0x61,
    0x06, 0xC9, 0xC2, 0x16, 0xBE, 0x7A, 0x1B, 0x3C, 0x0C, 0x7A, 0x67, 0x5E, 0x8A, 0x0B, 0x7B, 0x8F,
    0x28, 0x93, 0x64, 0x9D, 0xDE, 0x2A, 0x23, 0x07, 0xF9, 0xCD, 0xB9, 0x9B, 0x2A, 0x67, 0x9F, 0x84,
    0x75, 0xDE, 0xED, 0x4C, 0xD7, 0xA9, 0x83, 0x1B, 0xDA, 0x81, 0x31, 0xFD, 0x57, 0x0C, 0xDF, 0x38,
    0x7B, 0xFB, 0xEC, 0x0B, 0xF0, 0x46, 0xD7, 0x55, 0x4E, 0x84, 0xDE, 0xFF, 0x5F, 0x77, 0x18, 0xF3,
    0x82, 0x21, 0x55, 0xA1, 0xC3, 0xD6, 0xEB, 0x00, 0x7A, 0x03, 0x95, 0x05, 0x09, 0x03, 0x93, 0x40,
    0x9A, 0x47, 0xF0, 0xED, 0x0F, 0xBB, 0x9C, 0x0B, 0xAE, 0x9F, 0x84, 0x09, 0x42, 0xFB, 0x75, 0xEB,
    0x5A, 0x67, 0xAB, 0x8D, 0x8B, 0xC0, 0x4F, 0x55, 0xB0, 0xE6, 0x34, 0x87, 0x81, 0x3E, 0x29, 0xEE,
    0x49, 0xAA, 0x13, 0x7B, 0x64, 0xC6, 0xEA, 0xEB, 0xCE, 0x68, 0xEE, 0x33, 0xE3, 0xF0, 0x2B, 0x87,
    0x9C, 0xC3, 0xD9, 0x95, 0xB0, 0x68, 0xC2, 0xA3, 0x2D, 0x5A, 0xE3, 0xCA, 0xA2, 0x0B, 0x1D, 0xA0,
    0x30, 0x9E, 0x30, 0x00, 0x40, 0x8B, 0x2E, 0x1B, 0x4C, 0xD5, 0x16, 0xF0, 0xE1, 0x06, 0x00, 0x09,
    0xFA, 0x39, 0xD4, 0x40, 0xB7, 0xD2, 0x59, 0x08, 0xDD, 0x59, 0xCC, 0x74, 0x16, 0x33, 0x9D, 0x05,
    0xD2, 0xD6, 0xB6, 0x68, 0x4C, 0x65, 0x6B, 0xC8, 0xE2, 0x17, 0x34, 0x71, 0x31, 0xE0, 0x7F, 0xD9,
    0x6E, 0x09, 0xBF, 0x7C, 0x71, 0x84, 0x61, 0x0F, 0x26, 0x76, 0x90, 0x22, 0xE1, 0xA8, 0xC6, 0x14,
    0xC2, 0x09, 0x9C, 0x33, 0xC4, 0x5F, 0x04, 0x7A, 0xB0, 0x2E, 0xBE, 0x57, 0x0F, 0xC1, 0xCA, 0x00,
    0x32, 0x10, 0x4B, 0x5C, 0xC0, 0x74, 0xEC, 0xCF, 0xDB, 0x62, 0x2C, 0x51, 0x28, 0x82, 0x2D, 0xAF,
    0x98, 0x18, 0x56, 0xC8, 0xB2, 0xF4, 0xD6, 0x36, 0x9F, 0x4C, 0x0C, 0xF8, 0x00, 0xA2, 0x27, 0xC4,
    0x3B, 0x19, 0x52, 0xAA, 0x8E, 0xA6, 0x47, 0x1D, 0x89, 0x55, 0x99, 0x80, 0x42, 0xA3, 0xD5, 0xAA,
    0x94, 0xDE, 0x52, 0xE9, 0x9D, 0x87, 0x51, 0x07, 0xAD, 0x79, 0xED, 0xEC, 0x81, 0xA5, 0x5F, 0x96,
    0x29, 0x91, 0xA0, 0x70, 0x82, 0x9C, 0x1B, 0xE1, 0x01, 0x1E, 0x4A, 0x93, 0xFC, 0x1A, 0xFB, 0x66,
    0x24, 0x7F, 0x05, 0xF6, 0xF1, 0x0D, 0x3E, 0x83, 0xE3, 0x73, 0x51, 0x6E, 0x46, 0x0F, 0x0B, 0xE7,
    0x92, 0x38, 0x0C, 0xCA, 0x77, 0x6B, 0xA1, 0x62, 0xDA, 0x0C, 0xE3, 0x32, 0x64, 0x54, 0x5B, 0x41,
    0x32, 0xAA, 0xD2, 0xBC, 0x45, 0x17, 0x70, 0x07, 0xF8, 0xAF, 0xE6, 0xAC, 0x07, 0x4A, 0xDD, 0x33,
    0x28, 0xBD, 0xB3, 0xA9, 0xC5, 0xF4, 0x4B, 0x44, 0x48, 0xC8, 0xCB, 0x33, 0x42, 0xFD, 0x03, 0x98,
    0xF5, 0x2B, 0x8A, 0xEF, 0x1D, 0x0C, 0x59, 0x02, 0x32, 0x56, 0x5C, 0x9E, 0xAA, 0x8C, 0x2C, 0x54,
    0x49, 0x3E, 0x5A, 0xF0, 0xE1, 0x9A, 0x5A, 0xD1, 0xA6, 0xE6, 0x02, 0x94, 0x5C, 0xC0, 0x21, 0xA1,
    0xC2, 0xEA, 0x2D, 0x97, 0xE6, 0x64, 0x4F, 0xDC, 0xA4, 0x9A, 0x38, 0x38, 0x2A, 0x68, 0xDE, 0xC7,
    0xF2, 0xA5, 0x77, 0x79, 0xD1, 0x8B, 0x06, 0x91, 0x82, 0x33, 0xA8, 0x5A, 0xCC, 0xE3, 0x02, 0x39,
    0x65, 0x90, 0x88, 0x20, 0xC8, 0x44, 0xC4, 0xCF, 0xE8, 0xD6, 0xE2, 0xD7, 0x74, 0xEC, 0x27, 0xE8,
    0xF0, 0x6F, 0xBF, 0x88, 0x1D, 0x0A, 0x0A, 0xE8, 0x01, 0xBF, 0x65, 0x50, 0xF3, 0xE6, 0x9E, 0x80,
    0x68, 0x14, 0x21, 0x45, 0xAE, 0x34, 0x0A, 0x15, 0x15, 0xCD, 0x40, 0x48, 0x0E, 0x29, 0xEA, 0x78,
    0xDE, 0xD9, 0xC3, 0xE7, 0x15, 0x82, 0xCB, 0x6D, 0x07, 0xAB, 0xFD, 0x34, 0xA1, 0xFD, 0x62, 0x76,
    0xD1, 0xD2, 0x92, 0x1B, 0x20, 0x7F, 0xD1, 0x60, 0x73, 0x0C, 0x3D, 0x32, 0x01, 0x20, 0x48, 0xDA,
    0x43, 0x29, 0x1A, 0x04, 0x7F, 0x48, 0x3E, 0x76, 0xF7, 0xF7, 0xF7, 0x05, 0x75, 0x1D, 0x39, 0xC4,
    0xE7, 0x84, 0x7D, 0x84, 0xD5, 0x3B, 0xFB, 0x07, 0x16, 0xE1, 0x19, 0x21, 0xC5, 0x1C, 0x17, 0xD3,
    0xF5, 0x1E, 0xA6, 0xFE, 0x27, 0xD0, 0xE4, 0x8D, 0x46, 0xF1, 0x48, 0x3C, 0xCF, 0xC4, 0x76, 0xE3,
    0xDC, 0xAA, 0xA6, 0xC3, 0xF7, 0x24, 0x87, 0xEE, 0x79, 0x45, 0xC6, 0xF3, 0x8B, 0x3D, 0x11, 0xA5,
    0x6F, 0x57, 0x88, 0xE0, 0x6D, 0xD6, 0x00, 0x11, 0x53, 0xE6, 0x2C, 0x18, 0x2A, 0x0B, 0x74, 0xAC,
    0x1A, 0x26, 0x2F, 0x88, 0x6E, 0x26, 0x9B, 0x45, 0xC8, 0x25, 0xE5, 0x41, 0xE4, 0x84, 0xBE, 0xC2,
    0x11, 0xDE, 0x99, 0x76, 0x70, 0x92, 0xBC, 0xA1, 0xC7, 0xDA, 0x64, 0xE2, 0x20, 0xEF, 0x06, 0x2E,
    0xD2, 0x21, 0xC1, 0xC1, 0xFD, 0xB1, 0x9B, 0x16, 0x8E, 0x55, 0x72, 0xBB, 0x70, 0xBD, 0xA0, 0x4B,
    0x18, 0x9B, 0x21, 0x9F, 0xD4, 0x52, 0x48, 0x1C, 0xAA, 0x35, 0x86, 0xDA, 0x22, 0xD2, 0xD7, 0x0D,
    0x56, 0xA8, 0xEF, 0xDC, 0x02, 0xA4, 0x39, 0x24, 0x51, 0xE9, 0x20, 0x31, 0xAC, 0x5E, 0x0C, 0x5C,
    0x54, 0x9A, 0x92, 0xEB, 0x8A, 0xDA, 0x98, 0x17, 0x07, 0x43, 0xBA, 0xA0, 0x76, 0xF1, 0xB2, 0xB0,
    0xF6, 0x6D, 0x88, 0x95, 0x7E, 0x2D, 0xBF, 0x82, 0xEE, 0xCB, 0x6B, 0x47, 0xA2, 0x22, 0xC8, 0x00,
    0x1B, 0x60, 0x47, 0xB0, 0xF1, 0x12, 0x97, 0x85, 0x73, 0xF0, 0x77, 0x94, 0x70, 0x71, 0xE8, 0xF5,
    0xD5, 0x80, 0xCB, 0x70, 0xB0, 0xB8, 0x1C, 0xAD, 0xA5, 0x6A, 0x69, 0x1E, 0x46, 0x31, 0x26, 0x21,
    0xF7, 0x1B, 0xFA, 0xC5, 0xC0, 0x30, 0x8B, 0x26, 0x9C, 0x09, 0x6C, 0xCA, 0x5B, 0x99, 0xA4, 0x13,
    0xC4, 0xA9, 0x10, 0x7B, 0x61, 0x1C, 0x6F, 0xD0, 0x36, 0xA6, 0xA7, 0xF0, 0xEE, 0xF2, 0x3D, 0x10,
    0xFA, 0x8D, 0xB3, 0x67, 0xCF, 0x7E, 0x6F, 0xF3, 0xED, 0x1B, 0xA2, 0x63, 0x89, 0xDD, 0x45, 0x6B,
    0xBC, 0xC9, 0x2E, 0x3B, 0x95, 0xDB, 0x9D, 0x64, 0x0F, 0x0F, 0x49, 0xB2, 0x2F, 0x3F, 0x17, 0x5A,
    0x64, 0xAE, 0x4C, 0x6D, 0x97, 0x2D, 0x20, 0x5A, 0xD7, 0x07, 0xEE, 0x9A, 0xB9, 0x84, 0x64, 0x2E,
    0x11, 0xFF, 0xCF, 0xC9, 0x5E, 0x35, 0x85, 0x6E, 0x48, 0x5C, 0x03, 0x39, 0x65, 0x04, 0x20, 0x7E,
    0x11, 0x1B, 0x9F, 0xD1, 0x8A, 0xCD, 0xD0, 0x6D, 0x60, 0x50, 0x8F, 0xC9, 0x87, 0xE7, 0x94, 0x3F,
    0x27, 0xFE, 0x59, 0x7F, 0xC8, 0x9C, 0x28, 0x1E, 0x64, 0x22, 0xA3, 0x6F, 0xD2, 0x40, 0xB4, 0xE7,
    0x3E, 0x7A, 0xAF, 0x0B, 0xB0, 0xA4, 0xBB, 0xD9, 0x45, 0x6D, 0x51, 0x56, 0x61, 0x97, 0xDA, 0xD1,
    0xBC, 0x16, 0x76, 0x19, 0x3C, 0x67, 0x44, 0x8A, 0x95, 0xE0, 0xEB, 0xA8, 0x3D, 0x9D, 0xB6, 0x51,
    0x17, 0xDB, 0x57, 0xD2, 0x26, 0xEE, 0xD2, 0xF5, 0xB5, 0xAC, 0x49, 0x6D, 0x61, 0xAE, 0xC1, 0xC4,
    0x6E, 0x8C, 0xE6, 0x5A, 0x3A, 0xDF, 0x85, 0x2E, 0xAF, 0x47, 0xEE, 0xE2, 0xCC, 0x78, 0x7E, 0xC2,
    0x94, 0x1A, 0xBF, 0xA1, 0x18, 0x98, 0x35, 0x5D, 0x09, 0x22, 0xDE, 0x99, 0x04, 0x3B, 0x25, 0x89,
    0xCC, 0x84, 0xA0, 0x23, 0xAF, 0x13, 0x66, 0xEB, 0x4D, 0x82, 0xF7, 0x46, 0x23, 0x05, 0x05, 0xAA,
    0x5E, 0x24, 0xA0, 0x65, 0x9E, 0x16, 0xB8, 0x35, 0x17, 0x24, 0x77, 0x35, 0xAD, 0x5C, 0xA2, 0x1B,
    0xC2, 0x67, 0xAA, 0xF2, 0x5E, 0xA9, 0x06, 0xAE, 0xCA, 0x25, 0xBC, 0xF3, 0xA6, 0x93, 0x30, 0x21,
    0xD9, 0x55, 0xA6, 0xBA, 0x3E, 0xAD, 0x90, 0x32, 0xC8, 0x05, 0x3E, 0xCA, 0x50, 0xC3, 0xE4, 0x72,
    0x90, 0x08, 0x51, 0xC0, 0x00, 0x5D, 0x13, 0xE0, 0x86, 0xC2, 0x8D, 0xA9, 0x12, 0xAC, 0x76, 0x36,
    0x1F, 0x00, 0xB2, 0x02, 0x37, 0x31, 0x99, 0x2B, 0x06, 0xDE, 0x8C, 0x98, 0x39, 0x92, 0x5C, 0x82,
    0x5D, 0xDD, 0xF2, 0xBD, 0xA3, 0x3B, 0x06, 0x12, 0x17, 0xA1, 0xDC, 0x8A, 0x98, 0xF3, 0x77, 0x03,
    0x99, 0x20, 0x17, 0x89, 0xA3, 0x65, 0xA6, 0x13, 0xF5, 0x2F, 0xD1, 0x93, 0x5B, 0x63, 0x83, 0x62,
    0xA0, 0x33, 0x30, 0xD4, 0x22, 0x90, 0x76, 0x8C, 0x88, 0x58, 0x0C, 0x73, 0xB0, 0x98, 0x03, 0x31,
    0x5D, 0x3D, 0x08, 0x52, 0x95, 0xF7, 0xC8, 0xEC, 0xA4, 0x1B, 0x1E, 0xC1, 0x5E, 0x7B, 0xC8, 0xB4,
    0xB1, 0x1A, 0xA8, 0x82, 0xDC, 0x52, 0x4B, 0x4C, 0x4F, 0x6C, 0x8C, 0xD9, 0x88, 0x84, 0x33, 0xED,
    0x43, 0xC2, 0x16, 0x37, 0xA1, 0x68, 0x25, 0x8F, 0xA9, 0xBB, 0xAD, 0x7C, 0x55, 0xBC, 0xCA, 0xA6,
    0x4A, 0x95, 0xE3, 0x09, 0xC1, 0xDF, 0xF3, 0x12, 0x9D, 0x3A, 0x5A, 0x76, 0xC4, 0x24, 0x98, 0x62,
    0x8A, 0x26, 0xF9, 0xAA, 0x96, 0x40, 0xBC, 0x73, 0xD9, 0x78, 0xF1, 0x52, 0xDF, 0x48, 0x6A, 0x25,
    0x32, 0xF4, 0xE2, 0x89, 0x92, 0x3A, 0x88, 0x1F, 0x16, 0x1A, 0xEE, 0x89, 0xE1, 0xF8, 0x04, 0x84,
    0x90, 0x45, 0x88, 0x1B, 0x4E, 0x4D, 0xE2, 0xA8, 0xA9, 0x7C, 0x94, 0xE8, 0x0F, 0xE1, 0x93, 0x66,
    0x4C, 0x61, 0xA8, 0x04, 0xC6, 0x51, 0x37, 0xA0, 0x96, 0xBA, 0xA1, 0x88, 0x7A, 0x09, 0x59, 0xE0,
    0x93, 0x29, 0x03, 0x3E, 0xE7, 0x2C, 0x7C, 0x9E, 0xF3, 0x73, 0x81, 0x13, 0xC4, 0x22, 0x86, 0x9F,
    0xDA, 0x5B, 0x9A, 0x86, 0xCF, 0x4D, 0xB2, 0x40, 0xA0, 0x07, 0x95, 0x6F, 0x0E, 0x62, 0x63, 0xBD,
    0x8C, 0x57, 0x64, 0x85, 0xF3, 0x42, 0xDA, 0x09, 0x8D, 0x88, 0x1E, 0x23, 0xB0, 0xC7, 0x43, 0x92,
    0x94, 0xAC, 0x16, 0x27, 0x4A, 0xDD, 0x7E, 0x27, 0x01, 0xA9, 0x13, 0x8A, 0xAF, 0x08, 0xA5, 0x2F,
    0xF8, 0xE8, 0xC4, 0xC5, 0x42, 0x59, 0x2C, 0x11, 0x76, 0x53, 0x61, 0xF3, 0x34, 0x6E, 0xFD, 0xED,
    0xF7, 0x47, 0xA1, 0xA8, 0xBF, 0xA7, 0xB2, 0x73, 0x34, 0x4B, 0x38, 0xC5, 0xFE, 0x24, 0x0B, 0xBD,
    0x22, 0x1C, 0xAF, 0x64, 0xB9, 0x67, 0x45, 0x70, 0xDF, 0x3A, 0xA2, 0x18, 0x2C, 0x77, 0x9C, 0x54,
    0xAD, 0x9F, 0x16, 0x83, 0x1A, 0x85, 0xA3, 0x41, 0x52, 0xA6, 0x0B, 0x42, 0xD5, 0x9F, 0x6A, 0xDA,
    0xE4, 0x81, 0x78, 0x4B, 0x95, 0x47, 0x43, 0xAF, 0x6B, 0xC9, 0xC2, 0x68, 0x50, 0x5F, 0x2E, 0x35,
    0xDD, 0xFC, 0x17, 0xF8, 0xE6, 0xC3, 0x6C, 0x26, 0xD8, 0x10, 0x92, 0x07, 0xA6, 0x4A, 0x5C, 0x41,
    0x75, 0xD9, 0x52, 0xEC, 0xA6, 0x89, 0xE5, 0x56, 0x49, 0x66, 0x8E, 0x6E, 0xD8, 0xFB, 0x6D, 0x91,
    0x4D, 0x60, 0x04, 0x50, 0x61, 0x0C, 0x98, 0x5F, 0x1A, 0x49, 0x30, 0x69, 0x3B, 0x59, 0xE7, 0x17,
    0x06, 0x10, 0x46, 0x93, 0x2A, 0x70, 0x4D, 0xDB, 0xCC, 0xC5, 0x86, 0x34, 0x56, 0x41, 0x32, 0x6D,
    0xAE, 0xB2, 0x59, 0x0B, 0x58, 0x14, 0x83, 0xC6, 0xBE, 0x42, 0x35, 0x4F, 0xD5, 0x0B, 0x11, 0x14,
    0xF6, 0xAC, 0xF2, 0x49, 0x27, 0xCD, 0x67, 0xC4, 0xA9, 0xD5, 0xB0, 0xC4, 0xB2, 0xB8, 0x36, 0x35,
    0xAF, 0x99, 0x8A, 0x5E, 0xBD, 0xD9, 0x08, 0xF1, 0x12, 0x52, 0x07, 0x55, 0x3C, 0x18, 0x10, 0xD5,
    0x7F, 0x69, 0x9B, 0xC6, 0x6F, 0xD3, 0xC8, 0xAD, 0x94, 0x60, 0xC5, 0xCA, 0xD8, 0x4D, 0xF1, 0x21,
    0x80, 0x10, 0xBA, 0xC9, 0xB0, 0xDB, 0x13, 0x4B, 0xF6, 0x02, 0x11, 0x35, 0x88, 0xC7, 0xB9, 0x66,
    0x93, 0xC4, 0x58, 0x25, 0x52, 0xC3, 0x85, 0xEC, 0x21, 0x1B, 0x68, 0x5A, 0x38, 0x6E, 0x72, 0xAC,
    0x7B, 0xEE, 0x6F, 0xBD, 0xF6, 0x8E, 0x28, 0xAF, 0x92, 0x18, 0x9F, 0x8B, 0x56, 0x63, 0x01, 0x89,
    0x44, 0xF5, 0x23, 0x41, 0x49, 0x56, 0xF4, 0x5A, 0x2A, 0xEE, 0x67, 0x16, 0x47, 0x6C, 0x4C, 0x2D,
    0x7F, 0x13, 0xCA, 0xFE, 0x5F, 0x8B, 0xC9, 0x32, 0x84, 0x85, 0x27, 0x0C, 0xA7, 0x5F, 0x0F, 0x48,
    0x92, 0xBB, 0xA8, 0x86, 0x46, 0x5F, 0x3A, 0xF9, 0x5F, 0x1B, 0x01, 0xD1, 0x0F, 0xA8, 0xD8, 0xDA,
    0x8B, 0x29, 0x6B, 0x95, 0xD3, 0xC2, 0x93, 0x35, 0x2A, 0x61, 0x91, 0x27, 0x4D, 0xB3, 0x2A, 0x67,
    0x5F, 0xD5, 0xFB, 0x6F, 0xF8, 0xA0, 0xF0, 0xBC, 0xD5, 0xAB, 0x42, 0xD6, 0xA2, 0x86, 0x74, 0x56,
    0x82, 0xD2, 0x51, 0xA2, 0x2A, 0x48, 0x4D, 0xBD, 0x7D, 0x26, 0x1A, 0xA2, 0x7B, 0x65, 0x4A, 0x51,
    0x56, 0xC4, 0xEA, 0xBC, 0x64, 0xEB, 0x41, 0x85, 0x4B, 0x9C, 0xAD, 0xDC, 0x1C, 0x53, 0x95, 0x27,
    0x8E, 0x28, 0xD6, 0x6B, 0x56, 0x55, 0xBB, 0x35, 0xF6, 0x2D, 0x9E, 0xB6, 0x1B, 0x31, 0x06, 0x5E,
    0x8C, 0xEB, 0x8D, 0x18, 0xD5, 0x67, 0x94, 0x0A, 0xF5, 0x1C, 0x4F, 0x19, 0xC6, 0x92, 0x8B, 0x45,
    0xCC, 0xF6, 0x98, 0x64, 0x13, 0xD6, 0x04, 0x9C, 0x5F, 0xC3, 0x4D, 0xB7, 0x51, 0x3A, 0x31, 0x75,
    0xDF, 0x06, 0xCC, 0x9A, 0x4B, 0x67, 0x1C, 0x4E, 0x92, 0xE7, 0x62, 0x5E, 0x34, 0xB8, 0x01, 0xF2,
    0xD0, 0x93, 0xD0, 0x6C, 0x08, 0x80, 0xD9, 0x7A, 0x8D, 0x22, 0xCD, 0x54, 0x7D, 0x02, 0x93, 0x2B,
    0x79, 0xF7, 0x10, 0xDE, 0x7D, 0x21, 0x8B, 0xAC, 0x8A, 0x36, 0xFA, 0xB9, 0x90, 0xF6, 0x6C, 0xD1,
    0xA6, 0x4A, 0x5E, 0x57, 0xB4, 0x4F, 0xEB, 0xBB, 0xB6, 0x68, 0x2F, 0x48, 0x2E, 0x13, 0xDA, 0xE2,
    0xD3, 0x56, 0xC4, 0x1B, 0xD9, 0xE2, 0x8B, 0xB5, 0x48, 0x20, 0x29, 0x0B, 0xA7, 0xB2, 0x48, 0x29,
    0x1E, 0x31, 0xAE, 0x67, 0x18, 0x92, 0xC4, 0xC0, 0x5E, 0x45, 0x96, 0xAA, 0x46, 0x36, 0x21, 0x51,
    0x23, 0x61, 0x14, 0x47, 0x0E, 0xD3, 0xEA, 0x85, 0x9F, 0x53, 0x18, 0xE6, 0x23, 0x48, 0xC4, 0xA6,
    0x55, 0xBE, 0x3F, 0x98, 0x1D, 0x30, 0x9E, 0x50, 0xE8, 0x14, 0x13, 0x49, 0xCB, 0x26, 0x4D, 0xBC,
    0xC9, 0xC5, 0x5B, 0x52, 0x85, 0x94, 0x04, 0x63, 0xF3, 0xD7, 0xE0, 0x99, 0xD7, 0x2B, 0xB8, 0x72,
    0xCB, 0xB6, 0x6E, 0x03, 0x16, 0x38, 0x16, 0xB5, 0xAD, 0xF4, 0x2E, 0xF2, 0x81, 0x2D, 0xBB, 0x68,
    0x9D, 0x8D, 0x51, 0xC9, 0x9C, 0x2A, 0x9D, 0x12, 0xA1, 0x36, 0x76, 0x48, 0xB1, 0xCC, 0xE3, 0x10,
    0xCD, 0x5F, 0xE2, 0x7A, 0x0A, 0xC2, 0xFB, 0x8D, 0xD6, 0xCD, 0x52, 0x2B, 0xFC, 0x18, 0xD7, 0x5E,
    0xD3, 0x79, 0x46, 0xCE, 0xA0, 0x57, 0xBB, 0x67, 0x1A, 0xC1, 0xE4, 0xBD, 0x22, 0xDE, 0xB8, 0x43,
    0x85, 0x9A, 0x7F, 0x25, 0x62, 0x54, 0xF5, 0x7A, 0x96, 0x3A, 0x08, 0x49, 0x05, 0xC4, 0x05, 0x11,
    0x40, 0x18, 0x59, 0x27, 0x18, 0xD5, 0xD1, 0xC3, 0xD2, 0x81, 0xBE, 0x95, 0x0E, 0x34, 0x87, 0x6C,
    0xD0, 0x82, 0xB7, 0x10, 0xB0, 0xA3, 0x6D, 0x15, 0xBD, 0x96, 0xBE, 0x12, 0x35, 0x5B, 0x8D, 0x9D,
    0x8C, 0xC3, 0x40, 0xCB, 0x56, 0xC4, 0x27, 0xD1, 0x0F, 0x31, 0x19, 0x6B, 0xC7, 0x2C, 0xD5, 0x51,
    0x14, 0x44, 0xB3, 0x38, 0x1C, 0x05, 0x10, 0xFC, 0xCC, 0xDB, 0x2D, 0x51, 0x35, 0xA8, 0x9D, 0x98,
    0x68, 0x3E, 0xC6, 0x8A, 0x2D, 0x32, 0xD1, 0xC7, 0x69, 0xFA, 0x02, 0xB1, 0xAE, 0x95, 0x8B, 0x6B,
    0xE4, 0x43, 0x29, 0xF4, 0x69, 0x49, 0x9C, 0x89, 0x3D, 0x15, 0x55, 0xA5, 0x8F, 0x15, 0x3B, 0xC1,
    0x48, 0xB8, 0xDA, 0x20, 0x56, 0x7C, 0x6C, 0x8B, 0x09, 0x3E, 0x0E, 0x78, 0xDF, 0x38, 0x9A, 0xC7,
    0xC5, 0x6A, 0xC3, 0x85, 0xF6, 0xBB, 0xBE, 0x1C, 0x7A, 0xC4, 0xF0, 0x72, 0x56, 0x43, 0xCC, 0x8F,
    0x53, 0xCD, 0xDE, 0x93, 0x5E, 0xD6, 0xD4, 0x2C, 0x8B, 0xF1, 0x82, 0x66, 0x14, 0xCD, 0xDA, 0x35,
    0x98, 0xB5, 0x71, 0x30, 0x8B, 0x6F, 0x21, 0xB3, 0xA2, 0x73, 0xE1, 0x8F, 0xE2, 0xD4, 0x4E, 0xF0,
    0x72, 0x61, 0x0D, 0xAC, 0xAD, 0x04, 0x5E, 0x90, 0x24, 0xF3, 0x02, 0x32, 0x92, 0x51, 0x6A, 0x06,
    0xC4, 0x23, 0x94, 0x3C, 0x2C, 0x6F, 0x04, 0x8A, 0xEA, 0xB5, 0xD4, 0x02, 0x4B, 0x92, 0xAA, 0x09,
    0xE7, 0x8E, 0xFF, 0x67, 0x56, 0x7C, 0x15, 0xA3, 0xD8, 0x3D, 0x20, 0x56, 0xEC, 0x21, 0x55, 0x72,
    0x7D, 0x68, 0x35, 0xBA, 0x94, 0xE2, 0xA1, 0xBE, 0x95, 0xA7, 0x52, 0x78, 0x4A, 0x52, 0xA3, 0x03,
    0x61, 0xBB, 0x76, 0xE7, 0x7A, 0x91, 0x96, 0x74, 0x26, 0xF2, 0x51, 0xB0, 0xA1, 0x18, 0xF4, 0xD2,
    0x45, 0xAA, 0x8E, 0x48, 0x23, 0x9B, 0xE4, 0xAA, 0xCE, 0x92, 0x56, 0xD8, 0x4C, 0x2E, 0xDD, 0xC2,
    0x1B, 0xB3, 0x82, 0x5E, 0x27, 0x02, 0x15, 0x27, 0x4C, 0x66, 0x6D, 0x28, 0x4C, 0xBE, 0xB9, 0x20,
    0x78, 0x0D, 0x0D, 0x93, 0x14, 0xC2, 0x9D, 0x44, 0x4D, 0xF1, 0x39, 0x05, 0x3B, 0xBA, 0x14, 0x30,
    0x99, 0x8D, 0x94, 0xEC, 0x70, 0xEC, 0x92, 0x57, 0xE6, 0x5A, 0x90, 0xE9, 0xBE, 0x4B, 0xF1, 0x8E,
    0xAC, 0x89, 0x60, 0x5F, 0x85, 0x34, 0x2A, 0x76, 0xA5, 0x89, 0x79, 0x4A, 0xD4, 0x71, 0x4A, 0xAD,
    0x9F, 0xD3, 0xA5, 0x27, 0xE0, 0xD3, 0x0A, 0x2D, 0x74, 0x26, 0x8D, 0x49, 0xDB, 0xAF, 0x99, 0xC9,
    0xA6, 0x12, 0x57, 0x53, 0x91, 0x7A, 0x2A, 0xD5, 0x4E, 0xCE, 0x02, 0x11, 0xAE, 0xC1, 0x2E, 0x65,
    0xD5, 0x52, 0xCF, 0x7F, 0xA3, 0x96, 0xF1, 0xC7, 0x87, 0xEA, 0x2D, 0xA9, 0x07, 0x62, 0x32, 0x2C,
    0x4D, 0xD9, 0xB9, 0x76, 0x6F, 0xB2, 0x68, 0x85, 0xB1, 0x8D, 0x84, 0x97, 0xC1, 0x5C, 0x45, 0xA2,
    0x04, 0x63, 0xBB, 0x02, 0xA4, 0x2E, 0x14, 0xAE, 0x6B, 0x6F, 0x73, 0xCA, 0x99, 0x46, 0x07, 0x45,
    0x63, 0x8F, 0x86, 0x1E, 0x8F, 0x3D, 0x20, 0x7B, 0x44, 0xF6, 0x60, 0xBC, 0x5C, 0x8E, 0x9A, 0xB1,
    0x62, 0xBC, 0x5F, 0x79, 0x67, 0x63, 0xC6, 0x87, 0xC4, 0x06, 0x02, 0x91, 0xAA, 0xC3, 0x8F, 0x5C,
    0x49, 0x6E, 0x19, 0x4A, 0x34, 0x6F, 0x65, 0x8E, 0x49, 0xE9, 0x68, 0xE6, 0x0B, 0x64, 0x22, 0x29,
    0x81, 0x02, 0x73, 0x68, 0x85, 0x94, 0x68, 0xAD, 0xF6, 0x5B, 0xAA, 0xFD, 0x2A, 0x0D, 0xA9, 0x7A,
    0xD4, 0x43, 0x4A, 0xCA, 0x29, 0x25, 0x45, 0x33, 0x43, 0xB6, 0xDD, 0x0B, 0xC9, 0xC8, 0x24, 0x6A,
    0x34, 0x82, 0x8D, 0xD2, 0xA3, 0x75, 0x65, 0x6D, 0x96, 0x9C, 0x90, 0x5D, 0x0D, 0x11, 0x81, 0x66,
    0xE8, 0x20, 0x97, 0xC4, 0x65, 0xEE, 0xB6, 0xA9, 0x6F, 0x4B, 0x2A, 0x55, 0x68, 0xEB, 0xAD, 0x50,
    0xB1, 0x5C, 0xD3, 0x4B, 0x27, 0xA1, 0x3F, 0xD2, 0xCE, 0x0B, 0x03, 0x2F, 0x28, 0x7B, 0x5A, 0x73,
    0x80, 0xB7, 0x44, 0x56, 0x81, 0x9C, 0x2B, 0x4C, 0xD2, 0x0A, 0x4E, 0xC7, 0x54, 0x45, 0xB6, 0x52,
    0x00, 0xB8, 0x22, 0x92, 0xBB, 0x23, 0xBB, 0xE6, 0x5A, 0xAC, 0x68, 0x70, 0xF2, 0xA9, 0xC2, 0x22,
    0xC7, 0x4A, 0xFB, 0xC8, 0x85, 0x59, 0x1A, 0x05, 0x9E, 0xC0, 0xE7, 0x91, 0xF4, 0x21, 0x9C, 0x9F,
    0x74, 0xB7, 0x41, 0xEA, 0xBA, 0x9A, 0x4B, 0x29, 0x84, 0x06, 0x9E, 0xE4, 0x84, 0x9A, 0xF4, 0xA3,
    0xC8, 0xE7, 0x3B, 0x27, 0xD6, 0x08, 0x7A, 0x43, 0x27, 0xD9, 0x42, 0x44, 0xA9, 0xB7, 0x61, 0xA7,
    0x54, 0xD7, 0x4D, 0xAC, 0xF4, 0xAF, 0xA0, 0x13, 0xD5, 0x73, 0xE7, 0xEC, 0x69, 0x21, 0x3F, 0x6C,
    0x9C, 0xBD, 0x2A, 0xEF, 0xE2, 0xBF, 0x75, 0x37, 0x94, 0x97, 0x2C, 0x74, 0x17, 0xD7, 0xCA, 0x47,
    0xC4, 0x16, 0x3E, 0xDF, 0xC1, 0x05, 0x57, 0x1A, 0x86, 0x00, 0x83, 0x57, 0xBC, 0x29, 0xC7, 0x2A,
    0xD0, 0x7C, 0xD6, 0x5E, 0x8C, 0xC8, 0xDD, 0x5B, 0x0F, 0x91, 0x45, 0x2D, 0x07, 0xF5, 0x52, 0xAA,
    0x6C, 0xE6, 0xA5, 0xEF, 0x16, 0xF1, 0x78, 0x29, 0x5C, 0x4A, 0x90, 0xF9, 0xA0, 0xAD, 0x71, 0x37,
    0x39, 0x14, 0x17, 0xC2, 0xC0, 0x8E, 0xB8, 0x40, 0xB9, 0xCF, 0xB3, 0x4E, 0xFB, 0xAC, 0xEB, 0xAA,
    0x5A, 0x96, 0x88, 0x1C, 0x57, 0x21, 0x12, 0x37, 0xDE, 0x52, 0xCF, 0x58, 0xFA, 0x75, 0x0A, 0xAE,
    0x26, 0xF4, 0xD7, 0xC4, 0xDB, 0xFF, 0x37, 0xBD, 0xED, 0xFE, 0x38, 0xD7, 0x79, 0x9D, 0x02, 0x74,
    0x64, 0x7D, 0xEE, 0x51, 0x6A, 0x42, 0xB7, 0xEB, 0xD3, 0xBB, 0x49, 0xBC, 0x94, 0xB2, 0x92, 0xA3,
    0xA3, 0x8A, 0x9A, 0xC0, 0x84, 0x47, 0x96, 0x46, 0xD5, 0x1D, 0x17, 0xB9, 0x19, 0xB5, 0x55, 0x00,
    0xA4, 0x53, 0xAB, 0xC1, 0xF8, 0x8A, 0x8C, 0xEC, 0x13, 0x36, 0x34, 0x08, 0x78, 0xB1, 0x88, 0x82,
    0x06, 0x93, 0x77, 0x17, 0xA4, 0xBF, 0x29, 0x22, 0xBE, 0x2B, 0xE2, 0xFD, 0xBA, 0x39, 0xE9, 0xB6,
    0x54, 0xD1, 0x52, 0xF3, 0xC4, 0x91, 0x4E, 0x01, 0x9B, 0x76, 0xF4, 0x28, 0x77, 0x87, 0xC0, 0x1A,
    0x0E, 0x92, 0x10, 0x80, 0x0A, 0xF6, 0x5A, 0x13, 0x95, 0xC6, 0x83, 0xDA, 0x1D, 0xA6, 0xEE, 0x54,
    0x35, 0x93, 0xDE, 0xD8, 0x1F, 0xEA, 0x2A, 0xA4, 0x0A, 0x09, 0x9A, 0x13, 0xC9, 0xCD, 0x14, 0x6D,
    0xB7, 0x69, 0x2D, 0x1B, 0x9F, 0x38, 0xC9, 0xCD, 0xAC, 0xC6, 0x06, 0x16, 0xC5, 0xBC, 0x39, 0x60,
    0x7D, 0x63, 0xD9, 0x86, 0xC9, 0xDD, 0xFE, 0x9B, 0x6C, 0x4D, 0x09, 0x46, 0x6D, 0x53, 0xC6, 0x07,
    0xCE, 0x96, 0xFE, 0x8C, 0xAD, 0x6A, 0x7C, 0xEF, 0x47, 0xDB, 0x44, 0x24, 0x23, 0xDC, 0x34, 0x46,
    0xA3, 0x7E, 0xD3, 0x1D, 0x95, 0x41, 0xFA, 0x23, 0x76, 0x69, 0x5B, 0x49, 0xC7, 0xBA, 0x32, 0xBF,
    0xE7, 0xFD, 0x1A, 0x79, 0x18, 0xE3, 0x95, 0xCF, 0x15, 0x6C, 0x6C, 0x17, 0x3F, 0x39, 0x7E, 0x32,
    0xD8, 0x1D, 0xAC, 0xA1, 0x4C, 0xD7, 0xC9, 0x3A, 0xB1, 0x31, 0x7E, 0x22, 0x1B, 0x35, 0xF8, 0x69,
    0x43, 0xB8, 0x54, 0x80, 0x1F, 0xA3, 0xB8, 0xB7, 0xBF, 0xB7, 0x9C, 0x25, 0x9E, 0x3B, 0xBA, 0x51,
    0xFE, 0x35, 0x08, 0x8D, 0x7F, 0x07, 0xA1, 0xF7, 0xBD, 0x7F, 0xBC, 0x0F, 0xA3, 0x6C, 0x9B, 0xE7,
    0x74, 0xC6, 0xA7, 0xFE, 0x75, 0x49, 0x25, 0x24, 0xC7, 0x6B, 0x75, 0xE9, 0x1C, 0x60, 0xB6, 0x82,
    0x13, 0x0D, 0x99, 0x09, 0xBB, 0x44, 0xD8, 0x01, 0x3C, 0x76, 0x19, 0x12, 0x46, 0x38, 0xF5, 0xE9,
    0xEF, 0xC0, 0x32, 0xD8, 0x4D, 0x99, 0xA9, 0xAF, 0x99, 0xCD, 0xBC, 0x17, 0x98, 0xAB, 0x56, 0x20,
    0x21, 0xB5, 0x58, 0xA3, 0x63, 0xD2, 0x07, 0x2B, 0x20, 0xFC, 0xE5, 0x9F, 0x34, 0xBE, 0x01, 0xFE,
    0x2B, 0x66, 0x6D, 0x8C, 0x5E, 0x2B, 0x86, 0xAD, 0xAB, 0x48, 0x1B, 0x02, 0x76, 0x7D, 0xE2, 0x26,
    0x63, 0x40, 0x82, 0x11, 0xE7, 0xF6, 0x93, 0xEE, 0x52, 0xF1, 0xEE, 0xC1, 0x67, 0xB6, 0x9E, 0x91,
    0x94, 0xBA, 0xBE, 0x60, 0x9F, 0x04, 0x76, 0xFD, 0x18, 0x3B, 0x9E, 0x26, 0xB8, 0x24, 0xF1, 0x40,
    0xCC, 0x8E, 0x19, 0x05, 0x41, 0x90, 0x2D, 0x53, 0x09, 0xF5, 0x7A, 0x54, 0x19, 0x8D, 0xC1, 0x5E,
    0x84, 0x7A, 0x25, 0xE9, 0xAB, 0x39, 0xFD, 0xF4, 0xA3, 0x39, 0xFD, 0xE2, 0xB9, 0x39, 0xFB, 0x9F,
    0x68, 0x2A, 0x86, 0x18, 0xD5, 0x74, 0x3A, 0x54, 0x36, 0xED, 0xEA, 0x75, 0xD1, 0x38, 0x28, 0xD4,
    0xE1, 0x26, 0xC7, 0x08, 0xCD, 0x96, 0x31, 0x84, 0xB5, 0xC3, 0xBA, 0x24, 0xF8, 0x81, 0xDA, 0xFA,
    0x54, 0x94, 0x51, 0x9F, 0x9A, 0xA4, 0x3D, 0xA6, 0x47, 0x69, 0x56, 0xC5, 0x4B, 0x33, 0xE0, 0x96,
    0x35, 0xF3, 0xED, 0xFF, 0x1C, 0xA4, 0xBB, 0x5F, 0xF8, 0x04, 0x96, 0xE4, 0x89, 0x96, 0xB5, 0x61,
    0x68, 0x37, 0xA3, 0xB6, 0x48, 0x85, 0x4C, 0xED, 0xAF, 0x1A, 0x49, 0x1D, 0xB5, 0x0D, 0xAC, 0xE7,
    0x2B, 0x8F, 0xA5, 0xD2, 0xC9, 0xBC, 0xC5, 0xFA, 0xFA, 0x36, 0x0D, 0xA4, 0x68, 0x58, 0x0F, 0xD6,
    0x25, 0x78, 0x44, 0x4E, 0x55, 0x4B, 0x2A, 0xC1, 0x6C, 0x6B, 0xE0, 0x02, 0xA9, 0xA4, 0x37, 0x79,
    0x27, 0x6D, 0x9E, 0xF6, 0xCF, 0x46, 0xC4, 0xEF, 0xF6, 0xEE, 0x44, 0x4A, 0x6E, 0x11, 0x58, 0x66,
    0x32, 0x90, 0xF7, 0x5C, 0x72, 0xA7, 0x0C, 0x65, 0xEF, 0xCB, 0x9A, 0x48, 0x5C, 0xCF, 0x6D, 0xD8,
    0xE7, 0x36, 0xE9, 0xA0, 0xA7, 0x66, 0x86, 0x6A, 0x50, 0x31, 0xDE, 0x3E, 0x24, 0x48, 0xFB, 0x87,
    0x08, 0xFA, 0x2B, 0xCF, 0x55, 0x73, 0x84, 0x2B, 0xF3, 0x86, 0x39, 0xE4, 0xEC, 0x6F, 0x8B, 0xD5,
    0x85, 0xA3, 0xA0, 0x73, 0xDC, 0x4B, 0xEF, 0x3E, 0xED, 0x02, 0xB3, 0x1C, 0xC8, 0xF8, 0x46, 0xAE,
    0xF7, 0xA0, 0x25, 0x01, 0xCC, 0xB5, 0xD2, 0x5C, 0xD2, 0x57, 0x45, 0x05, 0x6D, 0xEB, 0x7A, 0xC1,
    0x78, 0xC9, 0x78, 0xD1, 0xA8, 0x6C, 0x8C, 0xA4, 0x9A, 0x4B, 0x8F, 0x7C, 0xB3, 0x41, 0x7E, 0xFF,
    0x7D, 0x8C, 0x4F, 0x8F, 0x7F, 0xC7, 0x06, 0xDF, 0xD6, 0x95, 0xAF, 0xCB, 0x19, 0x93, 0x71, 0xE2,
    0x41, 0x20, 0x48, 0x77, 0xFB, 0x70, 0x49, 0x99, 0x2E, 0x29, 0xB5, 0x2F, 0x52, 0x26, 0x7C, 0x02,
    0x20, 0x9A, 0xD2, 0x5F, 0x23, 0xB7, 0x18, 0xE4, 0xF0, 0xB5, 0x93, 0x86, 0x2C, 0x8F, 0xFE, 0x50,
    0x8F, 0xC8, 0x68, 0xB9, 0x51, 0x7A, 0x73, 0xDE, 0x66, 0xE8, 0x5A, 0x33, 0x2A, 0x72, 0xB6, 0x5B,
    0xE0, 0xCC, 0x7D, 0x33, 0x59, 0x0E, 0xB8, 0x18, 0x1C, 0xE2, 0x3E, 0x63, 0x9B, 0xC5, 0x4A, 0x70,
    0x5E, 0xFB, 0xDF, 0x42, 0xB8, 0x22, 0x08, 0xCB, 0x51, 0x96, 0xF9, 0x91, 0xD6, 0xFD, 0x7F, 0xE5,
    0x2B, 0x5D, 0x01, 0x50, 0xED, 0x78, 0x8B, 0x28, 0xF2, 0xCD, 0x09, 0x98, 0x08, 0xA1, 0xD2, 0xB3,
    0xB4, 0xC7, 0x30, 0x20, 0x51, 0x0A, 0x1C, 0x6C, 0x30, 0x9C, 0x9E, 0xAE, 0x9A, 0x68, 0xBC, 0x5A,
    0x34, 0xD1, 0xD4, 0x56, 0x36, 0xB9, 0x6B, 0xE1, 0x07, 0xC8, 0x74, 0x2C, 0x0C, 0xC8, 0x95, 0x58,
    0xD3, 0x31, 0x0D, 0xE2, 0xC9, 0x25, 0xA0, 0xA2, 0xBA, 0x71, 0x11, 0x25, 0xE7, 0x45, 0x12, 0xC4,
    0x5A, 0xE1, 0x51, 0xB3, 0xE7, 0x53, 0x0C, 0x96, 0x0A, 0xD4, 0x4F, 0xB0, 0xD4, 0xD1, 0x81, 0xF4,
    0xA6, 0x5D, 0x03, 0x94, 0x07, 0x17, 0xDF, 0x72, 0xB4, 0x54, 0x88, 0x97, 0xA5, 0x00, 0x0F, 0x56,
    0x2E, 0x65, 0x1F, 0x58, 0x78, 0x31, 0x38, 0x07, 0x37, 0xFE, 0x99, 0x0C, 0xF2, 0x10, 0x4E, 0x8B,
    0x9E, 0x23, 0x41, 0xB7, 0x7B, 0xFA, 0xD8, 0x2F, 0x2C, 0x10, 0x57, 0x4B, 0x9D, 0xD4, 0xEA, 0xF3,
    0x07, 0x5E, 0xA4, 0x72, 0x46, 0xE8, 0x96, 0x04, 0x54, 0xEE, 0x8F, 0x8F, 0x1E, 0x52, 0xDE, 0x23,
    0x12, 0x91, 0xC6, 0xD1, 0xE3, 0x45, 0x5A, 0xC0, 0x69, 0x1E, 0xA9, 0xD7, 0x67, 0xE8, 0xD1, 0x5C,
    0xE3, 0xE4, 0x9E, 0x9E, 0x59, 0x2C, 0xAD, 0x9A, 0x62, 0x3E, 0x72, 0xC6, 0x28, 0xF6, 0x97, 0xDE,
    0x2B, 0x6B, 0x48, 0xB8, 0xBE, 0xC9, 0x54, 0xEA, 0x0C, 0x87, 0xD3, 0x85, 0x0D, 0xE7, 0xAE, 0x60,
    0x5E, 0x38, 0x61, 0x88, 0x18, 0xDA, 0x98, 0xBE, 0x30, 0x97, 0x4F, 0x7F, 0x2B, 0xEE, 0xEA, 0xFE,
    0x1C, 0x65, 0xA7, 0x7B, 0xB7, 0x2C, 0x2C, 0x52, 0xFB, 0xCA, 0xA2, 0xC6, 0x2F, 0x4A, 0x24, 0x66,
    0xC7, 0x54, 0x38, 0x3B, 0xDC, 0x1A, 0x1B, 0x63, 0xC7, 0x44, 0x9A, 0x7B, 0x2C, 0x4B, 0xA5, 0x6D,
    0x0C, 0x1E, 0xC0, 0x81, 0x2B, 0x03, 0x27, 0x2D, 0xC5, 0x89, 0x2C, 0xA3, 0xD8, 0x92, 0x67, 0x74,
    0xCA, 0xFC, 0x97, 0xB6, 0xF8, 0x18, 0x99, 0x1E, 0xB3, 0x3C, 0x04, 0xC9, 0xC7, 0x44, 0xC8, 0x3F,
    0xC0, 0x15, 0x34, 0xC0, 0x00, 0xD6, 0x19, 0x0C, 0x18, 0x0A, 0xDA, 0x75, 0xAB, 0xFA, 0x9B, 0x85,
    0x7D, 0x69, 0xBE, 0xE2, 0x9E, 0xAD, 0xD7, 0xC1, 0x74, 0x73, 0xEE, 0xB0, 0xD4, 0xDD, 0x8B, 0xF3,
    0x4D, 0x5E, 0x62, 0x77, 0x11, 0x75, 0xE2, 0x84, 0x99, 0x2C, 0xF6, 0x50, 0x06, 0x01, 0x8B, 0xBB,
    0x7C, 0x40, 0xEE, 0x51, 0xA0, 0x6A, 0x2E, 0xBE, 0x80, 0xBD, 0x54, 0x2D, 0xBC, 0x04, 0x65, 0x9D,
    0x45, 0x80, 0xAF, 0x10, 0x60, 0xA0, 0x98, 0x47, 0x91, 0xDB, 0x3C, 0x69, 0x68, 0x22, 0xDC, 0x4D,
    0xF6, 0xFA, 0x2E, 0x77, 0x7A, 0x18, 0xFB, 0xB8, 0x55, 0x65, 0x83, 0xE9, 0x8A, 0x2B, 0xC3, 0xA9,
    0xE1, 0x0E, 0x3F, 0x65, 0xC6, 0x27, 0x07, 0x54, 0x60, 0x2E, 0x1B, 0xD3, 0xFE, 0x0A, 0x36, 0xF8,
    0xAC, 0xC1, 0xF2, 0xB0, 0x10, 0x5B, 0xC3, 0x46, 0x4A, 0xE4, 0x2C, 0x0F, 0xE8, 0xA1, 0xCB, 0xCB,
    0xC4, 0x19, 0x94, 0xFA, 0xCF, 0x77, 0xE1, 0x9C, 0x8C, 0xFC, 0x41, 0x99, 0x3F, 0x02, 0xEF, 0x88,
    0xE1, 0x63, 0xD5, 0x64, 0x3D, 0xA3, 0x02, 0x4A, 0xF9, 0x06, 0xE4, 0x80, 0x36, 0xC8, 0xED, 0x9D,
    0x51, 0x6E, 0x31, 0x97, 0xB7, 0x4F, 0xD5, 0x48, 0xC4, 0x93, 0xEA, 0x17, 0xCB, 0x7D, 0xBE, 0xB7,
    0xB8, 0x5C, 0xE8, 0x3E, 0xA7, 0xCB, 0xD5, 0x4D, 0x25, 0xB8, 0x4E, 0x65, 0x56, 0x6B, 0x8E, 0x20,
    0x84, 0x23, 0xBD, 0x08, 0x76, 0x52, 0x49, 0x97, 0x9E, 0xB5, 0xF1, 0x48, 0x83, 0x8B, 0x47, 0x9A,
    0x0D, 0xC8, 0x90, 0xDE, 0x75, 0x2E, 0xED, 0x23, 0xA9, 0xFF, 0x6F, 0xEE, 0x6D, 0xD0, 0x47, 0x72,
    0x04, 0x8D, 0xBD, 0x0A, 0xF6, 0x62, 0x6E, 0x6A, 0xEF, 0x1E, 0xD8, 0x2A, 0xC9, 0x7F, 0x7F, 0xF8,
    0xFD, 0x3D, 0x6F, 0xEC, 0x25, 0x9F, 0x85, 0x62, 0xB7, 0xE9, 0x7D, 0x36, 0x34, 0xE8, 0x73, 0x7C,
    0x66, 0x08, 0x71, 0xA9, 0xE4, 0xE6, 0xD8, 0x09, 0xB7, 0x65, 0x9B, 0x87, 0x0A, 0xAA, 0x06, 0x41,
    0x12, 0x2C, 0xF7, 0xC6, 0xDD, 0x78, 0x1F, 0x85, 0xE8, 0xCF, 0xCF, 0xB5, 0xA6, 0x9E, 0x40, 0x75,
    0xD1, 0x83, 0x82, 0xE3, 0x65, 0xBD, 0xB8, 0x88, 0x6C, 0x1F, 0xCE, 0x47, 0x5D, 0x64, 0xF0, 0x96,
    0xCC, 0xBE, 0xA1, 0x09, 0x7F, 0x76, 0x56, 0x2C, 0xE5, 0xA5, 0x78, 0x8E, 0xC7, 0xDC, 0x65, 0xF3,
    0xAE, 0xDB, 0x9D, 0xFF, 0x68, 0xEA, 0xC6, 0x68, 0xB2, 0x7D, 0x84, 0x6C, 0x53, 0xDA, 0x2A, 0x93,
    0x66, 0x98, 0xCC, 0x2C, 0x0B, 0x1F, 0x74, 0xE5, 0xEC, 0x5B, 0x94, 0xCE, 0xD7, 0x9E, 0x16, 0x7F,
    0x04, 0xD0, 0xA1, 0x02, 0x32, 0x9C, 0x92, 0x0D, 0xE9, 0x9C, 0x52, 0x2F, 0x4A, 0x1E, 0xDC, 0xC9,
    0x02, 0x17, 0x80, 0x9D, 0x13, 0xC2, 0x85, 0xFB, 0x27, 0x7C, 0x04, 0x2A, 0x8E, 0x97, 0xFE, 0x14,
    0x3E, 0xF1, 0x0F, 0xB3, 0x50, 0x86, 0x95, 0xA4, 0x80, 0xF8, 0xFB, 0x6F, 0x6D, 0x2A, 0xCC, 0xEA,
    0xAD, 0xF4, 0x6E, 0x3A, 0xB7, 0x24, 0x2D, 0xED, 0x4B, 0xA6, 0xF8, 0x45, 0x63, 0xAA, 0x4F, 0x20,
    0xA7, 0x59, 0xC1, 0x90, 0x74, 0x89, 0xE1, 0x1C, 0xE7, 0x61, 0x38, 0xAA, 0x82, 0x35, 0x2C, 0xBE,
    0x22, 0x28, 0xB9, 0x72, 0x85, 0xA2, 0xCD, 0xFC, 0xD2, 0xB1, 0xD1, 0xC1, 0xEA, 0x1E, 0xCC, 0xF2,
    0xE9, 0xB6, 0x9F, 0xD0, 0xBD, 0x3E, 0x86, 0x83, 0xBD, 0x77, 0x0B, 0x36, 0x7E, 0x2B, 0xFB, 0x77,
    0x5B, 0x4D, 0x60, 0xA2, 0xEA, 0x21, 0xE0, 0xA2, 0x41, 0x8D, 0xF4, 0xA0, 0xAF, 0x3A, 0x5E, 0x32,
    0xF5, 0x73, 0x03, 0x6A, 0x9A, 0x31, 0x83, 0x6F, 0x14, 0x2E, 0x1C, 0xFE, 0x79, 0x32, 0x3D, 0x68,
    0xEA, 0xE2, 0x31, 0x68, 0xD3, 0x1E, 0xB5, 0x40, 0x17, 0x97, 0x79, 0xF7, 0x30, 0xE4, 0xB3, 0x32,
    0xC5, 0xE7, 0x9D, 0x1C, 0xE9, 0xB3, 0xC1, 0x16, 0xEE, 0x69, 0xD5, 0x62, 0x50, 0xCA, 0x96, 0xA7,
    0x92, 0x2E, 0x76, 0xE5, 0x9C, 0x75, 0x19, 0x08, 0x49, 0xBB, 0x6A, 0x8E, 0xA6, 0xA4, 0xFB, 0x87,
    0x29, 0x1A, 0xE3, 0x16, 0x7F, 0x43, 0xD4, 0x24, 0x30, 0xAC, 0x18, 0x6B, 0xA5, 0x4D, 0x5A, 0x62,
    0x96, 0x7D, 0x58, 0x42, 0x0B, 0x56, 0xB4, 0xCE, 0x5E, 0x31, 0xC5, 0x17, 0xEE, 0x23, 0x28, 0xD9,
    0x55, 0xD0, 0x6D, 0x36, 0x52, 0x23, 0x3B, 0x6B, 0x89, 0xEB, 0x3B, 0x26, 0x58, 0xEB, 0x49, 0xB5,
    0x6B, 0x73, 0x54, 0x15, 0xDD, 0x4F, 0xBA, 0xE8, 0x4C, 0xD7, 0xAC, 0x83, 0xF8, 0xEE, 0xFA, 0x30,
    0x46, 0x6E, 0x21, 0xF7, 0x61, 0x17, 0x98, 0x63, 0xA7, 0xDC, 0x43, 0x66, 0xB7, 0xAB, 0xAF, 0xA1,
    0xE8, 0xA8, 0x7A, 0xB5, 0xFE, 0x47, 0x25, 0xC3, 0x82, 0x56, 0x48, 0x72, 0xD5, 0xF0, 0x59, 0x21,
    0xD7, 0xC1, 0xCC, 0xA3, 0x4F, 0x64, 0x3C, 0x33, 0xF0, 0x20, 0x3C, 0x1E, 0x78, 0x24, 0x19, 0x8D,
    0x85, 0xA0, 0xE8, 0xAE, 0x8C, 0x2B, 0x19, 0xE5, 0xE9, 0x8F, 0x51, 0x9E, 0xA0, 0x19, 0x1B, 0xE3,
    0x0F, 0xD9, 0x7D, 0x97, 0x40, 0x28, 0x90, 0x43, 0x53, 0x9F, 0x7B, 0xFA, 0x9A, 0x2E, 0x33, 0xCB,
    0x51, 0x7F, 0x5A, 0xD2, 0x61, 0x8B, 0x8F, 0x9B, 0x4D, 0x2C, 0xD6, 0x8A, 0xE6, 0xB8, 0x86, 0xF1,
    0x60, 0xCF, 0x10, 0x48, 0x11, 0x8D, 0x59, 0xC5, 0x84, 0xEF, 0xF2, 0x29, 0x18, 0xCB, 0x53, 0x0B,
    0x9B, 0x81, 0x28, 0xBB, 0xCB, 0x93, 0xB9, 0x7E, 0x79, 0x18, 0x25, 0x2B, 0x1F, 0xA1, 0x81, 0xB2,
    0x09, 0x89, 0x4C, 0x26, 0x75, 0x03, 0x12, 0xF5, 0x0A, 0xF9, 0xCC, 0x77, 0x98, 0x8B, 0x3D, 0x11,
    0x1C, 0x6A, 0x91, 0x9E, 0x03, 0x15, 0xE9, 0x9D, 0x52, 0x1E, 0x1C, 0xD1, 0x6C, 0x59, 0x13, 0xE5,
    0x4D, 0xB6, 0x1C, 0xDF, 0x53, 0x16, 0xB4, 0x4B, 0xA2, 0xCD, 0x1B, 0xB4, 0x09, 0x68, 0x97, 0x60,
    0x25, 0xA7, 0xF3, 0xC1, 0x56, 0xD6, 0xE3, 0xC2, 0xB2, 0xE0, 0x8F, 0xDC, 0xAF, 0x3D, 0x7A, 0x7B,
    0x64, 0xC8, 0xB6, 0x67, 0xDC, 0x1A, 0x03, 0x8A, 0xB2, 0xFA, 0xBD, 0x7E, 0x88, 0xC7, 0x05, 0x4D,
    0xEF, 0xE4, 0xBC, 0x39, 0x91, 0xD7, 0xDA, 0x65, 0x81, 0x85, 0xED, 0x13, 0x08, 0xD1, 0x16, 0x16,
    0x36, 0x4C, 0x0A, 0xBB, 0x51, 0xBF, 0x00, 0x99, 0x3C, 0x81, 0x22, 0x5C, 0x6E, 0x4A, 0x8A, 0x2D,
    0x7F, 0xF7, 0x95, 0x14, 0x6F, 0xD8, 0x71, 0x9B, 0x33, 0x0D, 0x79, 0x7D, 0x0F, 0x4A, 0x8A, 0xDC,
    0x5E, 0x66, 0xB6, 0x4F, 0x04, 0x5D, 0xDF, 0x91, 0xE3, 0x01, 0x20, 0xC1, 0xFF, 0x02, 0xDD, 0x5A,
    0x3F, 0xAC, 0xDD, 0xD6, 0x79, 0xFF, 0xC8, 0x63, 0x3D, 0xC2, 0xA2, 0x2D, 0x6A, 0x90, 0x83, 0x58,
    0x69, 0xC5, 0xC5, 0x43, 0x13, 0x58, 0x62, 0x86, 0x0C, 0x0E, 0x70, 0xF5, 0xC8, 0xBA, 0x43, 0x06,
    0xA3, 0xB0, 0x86, 0x2A, 0x43, 0x17, 0x75, 0x6B, 0xEC, 0x25, 0x1E, 0x54, 0x40, 0x40, 0x9F, 0x4C,
    0xC2, 0x46, 0x90, 0xA1, 0x83, 0xDF, 0xE2, 0xA9, 0x43, 0x35, 0xA8, 0x43, 0x9F, 0x80, 0x4A, 0x83,
    0x06, 0x0D, 0x92, 0x48, 0x47, 0x83, 0x51, 0x78, 0x30, 0x03, 0x0F, 0x05, 0x5A, 0xA0, 0xA1, 0x5D,
    0x17, 0x45, 0xEB, 0x02, 0xA2, 0x25, 0xBA, 0xA0, 0x24, 0x92, 0xA7, 0xBF, 0xDF, 0x77, 0xC8, 0x7B,
    0x9F, 0x5C, 0xD7, 0x28, 0x60, 0x19, 0x96, 0x7D, 0xED, 0x7B, 0xCE, 0x15, 0xDF, 0x39, 0xE7, 0xFB,
    0xFF, 0xF7, 0x50, 0x64, 0x57, 0x82, 0x5E, 0xA2, 0x41, 0xFF, 0x6F, 0xC5, 0xCB, 0x04, 0x9F, 0x48,
    0xE4, 0x98, 0xC8, 0xB6, 0xC8, 0x79, 0x91, 0x41, 0xBC, 0x41, 0xCC, 0xA0, 0xAB, 0x3A, 0x2E, 0x49,
    0x5A, 0x49, 0x5B, 0xC9, 0x6B, 0xC9, 0x2B, 0x49, 0x33, 0x79, 0x96, 0x1B, 0x4C, 0x21, 0x12, 0x60,
    0xEB, 0x99, 0x4C, 0x42, 0xDB, 0x4B, 0x5E, 0x8E, 0xFE, 0xF0, 0xD3, 0x31, 0x68, 0x5F, 0xBB, 0x1A,
    0xD5, 0xD8, 0x51, 0xD5, 0x92, 0xFE, 0xA6, 0x92, 0xFC, 0xCD, 0x42, 0xCA, 0x77, 0x45, 0xCA, 0xDF,
    0x79, 0x55, 0x6E, 0x2F, 0x17, 0xA9, 0xB5, 0x92, 0xD8, 0x01, 0x5B, 0x1A, 0x91, 0x7B, 0x22, 0x5E,
    0x8D, 0x6F, 0x21, 0xFA, 0x29, 0x3B, 0x8E, 0xE1, 0x34, 0x71, 0x4A, 0x9B, 0x94, 0x93, 0xAD, 0x38,
    0x19, 0x9B, 0x01, 0x33, 0x09, 0xAC, 0x9C, 0x23, 0xAA, 0xBA, 0x40, 0xE2, 0x41, 0xA7, 0x44, 0xA7,
    0x03, 0x25, 0x70, 0xC0, 0x2E, 0xCB, 0x73, 0xE5, 0x19, 0x1D, 0xB9, 0x9B, 0xA3, 0x67, 0x95, 0x42,
    0x33, 0xC9, 0x16, 0x0F, 0xE9, 0x24, 0x06, 0xC0, 0xF8, 0x63, 0x89, 0x2A, 0x1C, 0x6C, 0x25, 0x2A,
    0x24, 0xB6, 0xB6, 0x06, 0x03, 0xD2, 0xDF, 0xD8, 0x7B, 0x37, 0xC9, 0x84, 0x9C, 0x87, 0x1D, 0x01,
    0x92, 0xBA, 0x5F, 0x0E, 0xCB, 0xF2, 0x39, 0xF7, 0x83, 0x6E, 0x47, 0x5E, 0xB7, 0x20, 0x20, 0xF9,
    0xB7, 0xBC, 0x91, 0x54, 0xC2, 0x4A, 0xAE, 0x8B, 0xA9, 0xBD, 0x16, 0x83, 0xA9, 0xC5, 0x54, 0xA6,
    0x72, 0x43, 0x58, 0x60, 0x88, 0xC5, 0x34, 0x60, 0x68, 0xD8, 0x83, 0x93, 0x29, 0x77, 0x9D, 0x4C,
    0xC6, 0x93, 0xEE, 0xA4, 0xE4, 0xBE, 0x0D, 0xEC, 0x18, 0xD9, 0xDE, 0xB7, 0x1F, 0x1B, 0xC0, 0x29,
    0x81, 0x66, 0x05, 0xCE, 0x03, 0x67, 0xBF, 0x05, 0x2F, 0xAA, 0x00, 0xB0, 0xF3, 0x3A, 0xCA, 0xC8,
    0x0A, 0xEE, 0x49, 0x5B, 0xB2, 0x27, 0xB9, 0x43, 0xCA, 0x22, 0x0B, 0x0A, 0x42, 0x6B, 0x27, 0xFE,
    0xB4, 0x23, 0x9F, 0x90, 0x0B, 0x89, 0x25, 0xDE, 0x00, 0xD4, 0xE9, 0x7A, 0xE5, 0xA9, 0x8E, 0xCA,
    0x0E, 0xCF, 0xD6, 0x64, 0xAF, 0xE5, 0x13, 0xDD, 0x3A, 0x7F, 0xB6, 0x20, 0xD2, 0xFC, 0xFF, 0xFA,
    0x4F, 0x9E, 0x73, 0xD8, 0x66, 0x5F, 0xB2, 0x26, 0xFB, 0x29, 0x97, 0x3C, 0x83, 0xAF, 0x4F, 0x86,
    0x45, 0x84, 0xF3, 0x02, 0xB8, 0x2A, 0xAD, 0x07, 0xAE, 0x13, 0x5C, 0xC4, 0x21, 0xA5, 0x80, 0x7A,
    0x20, 0xEB, 0x75, 0x16, 0x4B, 0xDB, 0x14, 0x9C, 0x6A, 0x93, 0x46, 0xFC, 0x9E, 0x4A, 0x38, 0x40,
    0x2E, 0x62, 0x0D, 0xD6, 0xE4, 0x6F, 0x74, 0x14, 0x05, 0xB6, 0x44, 0x1F, 0x61, 0x08, 0xEE, 0x02,
    0x79, 0xF3, 0xA0, 0x5A, 0xE4, 0xA8, 0x88, 0x63, 0xD9, 0xF7, 0x7D, 0x3C, 0xCF, 0xFF, 0x1A, 0x60,
    0x2C, 0x69, 0x2F, 0x77, 0x67, 0x72, 0xE2, 0xAA, 0x94, 0xF4, 0x23, 0x2B, 0xE5, 0x07, 0xF8, 0xDE,
    0x1A, 0xE5, 0x87, 0x72, 0x01, 0x4F, 0x9F, 0x50, 0xD5, 0x52, 0x1D, 0xC9, 0x1F, 0xE0, 0x1C, 0x1F,
    0x2A, 0xD8, 0x48, 0x58, 0x8B, 0x07, 0x1D, 0xCF, 0xCA, 0xFE, 0xA4, 0x6C, 0x87, 0x76, 0x8C, 0x65,
    0x95, 0xD4, 0x27, 0xA2, 0xEC, 0x5A, 0x5E, 0x1C, 0x0A, 0x8B, 0xCE, 0x66, 0x4F, 0x98, 0xAA, 0x05,
    0xB2, 0x0F, 0x8F, 0x57, 0xCB, 0xE2, 0xC9, 0xA0, 0xD8, 0x49, 0xAB, 0x43, 0x51, 0x76, 0x32, 0xFA,
    0xEC, 0x46, 0x24, 0xB1, 0x6F, 0x71, 0x42, 0x58, 0x1D, 0xCD, 0x60, 0x37, 0x9D, 0x04, 0x14, 0xE0,
    0xDB, 0x65, 0x41, 0x5E, 0xA8, 0x76, 0xBE, 0x4A, 0xC4, 0x3D, 0x90, 0x7E, 0x02, 0x07, 0x5C, 0x2F,
    0x45, 0x1A, 0xCC, 0xC1, 0x24, 0xDE, 0x34, 0x82, 0x3E, 0x58, 0xE1, 0x5D, 0x5A, 0x84, 0x15, 0x7F,
    0xF7, 0xE2, 0x5A, 0x2C, 0x29, 0x84, 0x96, 0xAA, 0xC8, 0xFC, 0xE2, 0x20, 0xED, 0x73, 0x85, 0xAD,
    0x50, 0x8D, 0xA0, 0x8D, 0x61, 0x84, 0xC5, 0x24, 0xFE, 0x18, 0x76, 0x92, 0x34, 0x25, 0xFE, 0x55,
    0x83, 0xA2, 0xB0, 0x4D, 0x6A, 0xB2, 0x11, 0xB0, 0x53, 0xEA, 0x11, 0x70, 0x23, 0xB2, 0x50, 0x6B,
    0xC9, 0x3C, 0x29, 0x2D, 0x2C, 0xC3, 0x72, 0x78, 0x75, 0x6F, 0xEF, 0x12, 0xD5, 0xC1, 0xFC, 0x3F,
    0x07, 0x1F, 0x64, 0x1C, 0x50, 0x3D, 0x51, 0x45, 0x83, 0x76, 0x55, 0x14, 0x02, 0xE0, 0x50, 0xB4,
    0xC0, 0xFD, 0x1F, 0xFE, 0x34, 0x4B, 0x24, 0x0E, 0x6C, 0x0F, 0x88, 0xA6, 0x1D, 0x82, 0x6A, 0x65,
    0xDA, 0x1B, 0xA6, 0xDA, 0xC1, 0x6F, 0x53, 0x9F, 0x33, 0xB6, 0xF5, 0x31, 0x3E, 0xA8, 0xFD, 0x7A,
    0xC7, 0xDC, 0xC5, 0xEF, 0x95, 0xF9, 0xB4, 0x37, 0x15, 0x56, 0x96, 0xA6, 0x8A, 0xA3, 0x31, 0xF9,
    0x5D, 0x11, 0xFD, 0xEA, 0x4F, 0x3C, 0x58, 0x0A, 0x48, 0xDD, 0xA1, 0x38, 0x7C, 0x8A, 0xFF, 0xED,
    0x5F, 0x56, 0x94, 0x97, 0x0A, 0xFB, 0x28, 0xB8, 0x77, 0x74, 0xEF, 0x62, 0x69, 0x07, 0x68, 0xF6,
    0x33, 0xA7, 0x33, 0x39, 0x05, 0xBE, 0x02, 0x91, 0xEA, 0x86, 0x69, 0x7B, 0xAF, 0xED, 0x3C, 0x8E,
    0x3B, 0xA6, 0x49, 0x6F, 0x57, 0x21, 0xF8, 0x7A, 0x0A, 0x5B, 0xAE, 0x70, 0x5F, 0xFB, 0x25, 0xC3,
    0x86, 0x1F, 0x5F, 0xBE, 0x6E, 0x1E, 0x9A, 0x59, 0x28, 0xDC, 0xD6, 0xCE, 0xDB, 0xBC, 0xD6, 0xF4,
    0x41, 0x1B, 0x55, 0x31, 0x18, 0xFD, 0x02, 0x7D, 0x84, 0x9F, 0xC1, 0xB3, 0x42, 0xD7, 0x0D, 0xB9,
    0xDF, 0xC3, 0xDD, 0x48, 0xDC, 0x85, 0xF8, 0x9D, 0xB4, 0x11, 0xCD, 0xB2, 0x8E, 0x29, 0x9A, 0x02,
    0x52, 0x92, 0x1C, 0xB3, 0xC8, 0x4D, 0x18, 0x3D, 0x38, 0xE8, 0x51, 0x45, 0x3A, 0x33, 0x78, 0xB0,
    0x84, 0x78, 0x3A, 0x23, 0xA6, 0xB4, 0xA5, 0x15, 0x13, 0xD9, 0x14, 0x4A, 0x61, 0x86, 0x18, 0x1E,
    0x58, 0x76, 0xB7, 0x32, 0x7A, 0x68, 0x5A, 0xA2, 0x53, 0x0E, 0x37, 0xAA, 0x5F, 0x4B, 0xD5, 0x49,
    0xE5, 0x8A, 0x62, 0x5E, 0xEB, 0x13, 0x75, 0xA8, 0xCF, 0x2E, 0x9A, 0xF4, 0xBD, 0xBD, 0x3D, 0x2C,
    0x84, 0x8F, 0x83, 0xE4, 0x3C, 0x3B, 0xFD, 0x72, 0x8B, 0x1E, 0xBB, 0x3B, 0x4E, 0x5B, 0xB1, 0xED,
    0x4A, 0x65, 0x5A, 0xEF, 0x28, 0x71, 0xD5, 0x55, 0xF5, 0x0D, 0x85, 0x73, 0x11, 0x70, 0x6A, 0x58,
    0x6F, 0x69, 0x67, 0xBE, 0x9D, 0xE0, 0xCE, 0xE0, 0x2E, 0x07, 0x4E, 0xBE, 0x1D, 0xC2, 0x42, 0x27,
    0xBA, 0x27, 0x81, 0xE4, 0xD5, 0xC9, 0xF4, 0x27, 0x14, 0xF8, 0xA0, 0x1E, 0x2E, 0x9A, 0xAE, 0x3B,
    0xDF, 0xEB, 0xBC, 0xB4, 0x5C, 0x75, 0x53, 0xBB, 0x7F, 0xF2, 0x54, 0xBF, 0x46, 0x1E, 0x09, 0x89,
    0xEA, 0x94, 0xDA, 0xA0, 0xD0, 0x49, 0x8F, 0x3C, 0xFB, 0x8B, 0x63, 0x3A, 0x09, 0xD1, 0x93, 0x93,
    0xBE, 0x06, 0x88, 0x78, 0xF6, 0xEA, 0x7F, 0xA7, 0x67, 0xF8, 0x59, 0xD2, 0xA4, 0x6D, 0xD9, 0xE6,
    0x4D, 0x52, 0x50, 0x02, 0xD8, 0xB7, 0xA2, 0x5A, 0xFA, 0x56, 0x1D, 0x6A, 0x59, 0xAD, 0xE0, 0xBB,
    0xFE, 0x5E, 0x92, 0x6E, 0x8E, 0x73, 0xD8, 0x0F, 0xC1, 0x4C, 0x79, 0x61, 0x86, 0xB4, 0x0A, 0xBB,
    0xB4, 0x8A, 0x5A, 0x7E, 0xF3, 0x22, 0x6A, 0x4B, 0x89, 0x3E, 0x1D, 0x41, 0x23, 0x90, 0x3B, 0xBD,
    0x36, 0x43, 0x70, 0xA5, 0xC6, 0x17, 0x48, 0xED, 0xE2, 0x74, 0xB9, 0xEA, 0x83, 0xC3, 0x27, 0x05,
    0x88, 0xC4, 0xC5, 0xEB, 0x42, 0xA3, 0x83, 0x17, 0x1B, 0x23, 0xFA, 0xAE, 0x3F, 0x82, 0x2D, 0x8F,
    0x90, 0x56, 0x5A, 0xC1, 0x1A, 0x47, 0xBA, 0x81, 0x06, 0x81, 0x26, 0x26, 0xEE, 0xE7, 0x48, 0x29,
    0xAC, 0x70, 0xFE, 0xA8, 0x33, 0x62, 0xA0, 0x2D, 0xE0, 0x0B, 0x89, 0x65, 0x00, 0x10, 0x05, 0x03,
    0x11, 0x24, 0x8A, 0x40, 0x57, 0xAA, 0x83, 0xB3, 0x6A, 0x7F, 0x23, 0x1F, 0x43, 0x45, 0x20, 0x71,
    0xE8, 0x15, 0x98, 0x69, 0x7A, 0xD8, 0x5D, 0x11, 0x76, 0x51, 0x15, 0x14, 0xE9, 0x90, 0xA8, 0x12,
    0x5C, 0x17, 0xF5, 0xA8, 0x01, 0x82, 0x57, 0x58, 0x1D, 0xBF, 0x41, 0x2D, 0x69, 0xB1, 0xF4, 0xBC,
    0xB9, 0x3F, 0x65, 0x5E, 0x87, 0x10, 0x41, 0x08, 0xD8, 0x16, 0x67, 0x1C, 0x21, 0x1F, 0x04, 0x97,
    0xB3, 0x1B, 0x12, 0x1D, 0x3E, 0x3B, 0x9F, 0xC7, 0x07, 0xAB, 0x71, 0xF8, 0xF9, 0x2F, 0xC6, 0x67,
    0x5B, 0xF1, 0xE9, 0x67, 0x7C, 0x84, 0xF8, 0xBC, 0x02, 0xD9, 0xA7, 0x01, 0xA5, 0x33, 0x1C, 0x83,
    0x57, 0xF2, 0xDB, 0x9F, 0xC0, 0x53, 0x21, 0x40, 0x42, 0x30, 0x09, 0x75, 0x1E, 0x68, 0xD2, 0xBC,
    0xE1, 0xC2, 0xEA, 0x0C, 0x10, 0x8E, 0xF9, 0x30, 0x1D, 0xB9, 0x79, 0x19, 0x10, 0xA0, 0x5E, 0xC0,
    0x27, 0x5C, 0x74, 0xE5, 0x88, 0x8E, 0xD7, 0x69, 0xF8, 0x58, 0x0D, 0xFE, 0x87, 0x95, 0x79, 0xA9,
    0xE5, 0x21, 0x70, 0xD8, 0xA4, 0x0E, 0x44, 0x51, 0xC0, 0x38, 0xE4, 0xC9, 0xBC, 0xC0, 0x21, 0x48,
    0x37, 0xCE, 0xD3, 0x36, 0x0A, 0xCD, 0x01, 0x4C, 0xE3, 0x67, 0xF7, 0xFA, 0xA8, 0x88, 0x40, 0xC4,
    0x36, 0xE1, 0x4A, 0xEF, 0x4F, 0x8C, 0x44, 0x0C, 0x92, 0x51, 0xB5, 0xC2, 0x98, 0x7A, 0x1F, 0x62,
    0xE9, 0x10, 0x7C, 0x02, 0x37, 0xDA, 0xC6, 0x80, 0x0E, 0x34, 0x83, 0x66, 0x86, 0x00, 0xC5, 0x05,
    0x8D, 0x17, 0x66, 0xE6, 0xFC, 0x01, 0x55, 0x9B, 0xCA, 0xEE, 0xBE, 0xDE, 0xB0, 0xE1, 0x9B, 0xBA,
    0x99, 0x1D, 0xF7, 0xE5, 0x73, 0xA4, 0x22, 0xD4, 0x1E, 0x06, 0xC0, 0x74, 0x72, 0x66, 0xB8, 0xA3,
    0xEA, 0x2B, 0xF2, 0x63, 0x7C, 0x5F, 0x08, 0x33, 0x55, 0xDE, 0x10, 0xDA, 0xE4, 0x2D, 0xF1, 0xD7,
    0xE5, 0x16, 0xC6, 0x9D, 0x6A, 0xAC, 0x7B, 0x98, 0xBB, 0x8C, 0x28, 0x98, 0xDD, 0xCE, 0xD9, 0xFD,
    0x4B, 0x3D, 0x67, 0x3B, 0xB9, 0x9B, 0x34, 0x9A, 0x63, 0x9F, 0xAE, 0x0C, 0x4B, 0x35, 0xFF, 0xE3,
    0xA5, 0x1A, 0xC8, 0x59, 0x67, 0x27, 0x8D, 0x4E, 0xE6, 0x1D, 0xAA, 0xB0, 0x44, 0xBE, 0xC6, 0xD0,
    0x95, 0x03, 0x74, 0x55, 0x27, 0xFF, 0xFE, 0x25, 0xAB, 0xC9, 0x95, 0x7A, 0xDB, 0x58, 0x42, 0xBA,
    0xF9, 0x93, 0x2E, 0xA3, 0xD0, 0x34, 0x91, 0x72, 0x8F, 0x95, 0x75, 0x92, 0xF4, 0x4A, 0x16, 0x3C,
    0x53, 0x60, 0x6B, 0xF8, 0x12, 0x18, 0xEA, 0x00, 0xF5, 0xAA, 0x65, 0xFF, 0x27, 0x9C, 0xF3, 0xB9,
    0x64, 0x36, 0xF6, 0x74, 0xFE, 0xF7, 0xE8, 0x26, 0x7F, 0x7E, 0x6C, 0x8A, 0x87, 0x58, 0xB0, 0x10,
    0xB6, 0x50, 0x36, 0x93, 0xB6, 0xD0, 0xB6, 0x10, 0xB7, 0x50, 0xB7, 0x90, 0x37, 0xD3, 0xB7, 0x10,
    0xB8, 0x50, 0xB8, 0x90, 0x38, 0xD3, 0xB8, 0x10, 0xB9, 0x50, 0xB9, 0x90, 0xB9, 0xD0, 0x39, 0x13,
    0xBA, 0x50, 0xBA, 0x90, 0x3A, 0xD3, 0xBA, 0x10, 0xFB, 0x85, 0xD4, 0x6E, 0x3E, 0x37, 0xE4, 0x21,
    0x21, 0xCE, 0x7E, 0x4A, 0xCA, 0xBF, 0x51, 0x42, 0xFC, 0x8F, 0x17, 0xE7, 0xF7, 0x5D, 0xA1, 0x17,
    0x51, 0xCF, 0xD1, 0xD9, 0xCE, 0x09, 0x8B, 0x5B, 0x68, 0x1D, 0x62, 0x52, 0xC9, 0x77, 0x43, 0xBE,
    0x27, 0xBC, 0xCE, 0xE1, 0xFB, 0x33, 0x3D, 0xC9, 0xB7, 0x6F, 0xCD, 0xB3, 0x3B, 0x59, 0xC6, 0xE0,
    0xBB, 0x21, 0xD7, 0xC5, 0x25, 0x45, 0x97, 0x1D, 0x42, 0x49, 0xE0, 0xE6, 0x13, 0xE1, 0xFC, 0xEF,
    0x33, 0xEE, 0xEF, 0x41, 0xFF, 0xDD, 0xB2, 0x5B, 0xFC, 0x45, 0x33, 0x5B, 0x24, 0xB8, 0xD3, 0xDE,
    0xE0, 0x92, 0x96, 0x9E, 0x49, 0x84, 0xA8, 0x37, 0xD7, 0x1F, 0x51, 0x39, 0xFF, 0x58, 0xE1, 0x14,
    0xA5, 0xBB, 0x9B, 0xC9, 0xF0, 0x7F, 0x3B, 0xFF, 0x08, 0xDF, 0xB0, 0xC5, 0x53, 0xCA, 0x2F, 0x54,
    0xAB, 0xBA, 0x76, 0xC7, 0x68, 0x3D, 0x26, 0xDE, 0xBD, 0x33, 0x56, 0x99, 0x62, 0x08, 0x48, 0xEB,
    0xA1, 0xB7, 0xCF, 0x0C, 0x1A, 0x3C, 0xB6, 0x19, 0x33, 0x98, 0xB0, 0x22, 0xC0, 0xAB, 0x96, 0x99,
    0x76, 0x2E, 0xDC, 0xC0, 0x74, 0x30, 0xF4, 0x20, 0x83, 0x9A, 0x94, 0x8D, 0x1C, 0xD7, 0x28, 0x6C,
    0x19, 0x9C, 0x02, 0x5B, 0x04, 0xF6, 0xFE, 0x25, 0x2C, 0xB4, 0x6D, 0xEE, 0x52, 0xD1, 0xCF, 0x7F,
    0x7E, 0x60, 0xFB, 0x23, 0xA0, 0x62, 0x17, 0x15, 0x35, 0xD8, 0x03, 0x3F, 0x8C, 0xA3, 0xA2, 0x8A,
    0x91, 0x3D, 0xAC, 0x02, 0xF0, 0x39, 0xC8, 0x58, 0x43, 0x07, 0x5A, 0x3B, 0x7B, 0xAE, 0x30, 0x93,
    0xBC, 0xDB, 0x57, 0x2F, 0x6E, 0xAA, 0x46, 0x71, 0x6C, 0x73, 0x44, 0x72, 0x3C, 0x2C, 0x14, 0xE4,
    0x6B, 0xC8, 0x67, 0x99, 0xC6, 0xA5, 0x0D, 0x79, 0x1F, 0xB5, 0x5A, 0x4C, 0x8F, 0xFA, 0x27, 0xE4,
    0xC8, 0x64, 0xA6, 0x23, 0x47, 0x37, 0x47, 0xBA, 0x39, 0xD6, 0x43, 0x9D, 0xD8, 0x02, 0x15, 0xDA,
    0x6F, 0x09, 0xD8, 0xDC, 0x6F, 0x95, 0xE5, 0xC5, 0x26, 0xF2, 0x23, 0x57, 0x92, 0xA5, 0x6A, 0x9C,
    0x37, 0xCC, 0xCA, 0x19, 0xEB, 0x2A, 0x6F, 0x2D, 0x49, 0xA8, 0x85, 0x65, 0xAE, 0x37, 0x5D, 0xEA,
    0x55, 0x01, 0x3B, 0x1D, 0xAF, 0x28, 0xEE, 0xAF, 0x29, 0xBE, 0x87, 0x35, 0x0D, 0xA4, 0xB9, 0x16,
    0xAE, 0x91, 0xF0, 0xB4, 0xF6, 0x11, 0x56, 0x5A, 0x3F, 0xF7, 0x94, 0xFE, 0x5E, 0xAB, 0x40, 0x5A,
    0x8D, 0xDF, 0x57, 0xB4, 0x4E, 0x3D, 0xB5, 0x94, 0xCF, 0x38, 0xCC, 0xD7, 0xC3, 0x42, 0x65, 0x44,
    0xA4, 0x15, 0x2E, 0x2A, 0x3D, 0xFB, 0xD9, 0xCF, 0x07, 0x2D, 0x06, 0xBA, 0xFD, 0x8E, 0xC2, 0xB9,
    0x7B, 0x25, 0x56, 0xD1, 0x35, 0xDD, 0x2C, 0x49, 0x7C, 0x0E, 0xC9, 0x63, 0x89, 0xB3, 0xD3, 0xE1,
    0x6E, 0xC3, 0xE8, 0x5C, 0x53, 0x82, 0x29, 0x67, 0xF9, 0xB5, 0x6B, 0xAA, 0xC7, 0x10, 0xE7, 0x6B,
    0x48, 0xFB, 0xA0, 0x6B, 0x54, 0xA7, 0x70, 0xE2, 0xF6, 0x70, 0xE4, 0x68, 0xBA, 0xF8, 0x31, 0xC4,
    0xF6, 0xC8, 0x5C, 0xF8, 0xCF, 0xCD, 0x8B, 0xA4, 0x5A, 0x27, 0x40, 0xAB, 0x85, 0xF9, 0xF4, 0x0D,
    0x28, 0xB3, 0x76, 0x45, 0x5D, 0x96, 0xF3, 0x03, 0x0A, 0x47, 0x6D, 0x51, 0xCD, 0xCF, 0x56, 0x73,
    0x6F, 0xC5, 0x10, 0x5F, 0xE3, 0xD2, 0x35, 0xED, 0x95, 0x2D, 0x72, 0x53, 0xEF, 0xE7, 0x5C, 0xDF,
    0xE7, 0xF6, 0x37, 0x5C, 0x4B, 0x0E, 0x58, 0xBB, 0xE1, 0xA1, 0xDA, 0xA5, 0xEB, 0xCA, 0xF0, 0x57,
    0x3E, 0xF7, 0x54, 0xC4, 0xAF, 0xBF, 0x49, 0xAC, 0xF4, 0xB3, 0xBD, 0x78, 0x03, 0xED, 0x23, 0xE5,
    0xFF, 0xDC, 0x12, 0xB3, 0x6B, 0xDF, 0x1C, 0x56, 0x31, 0x81, 0x97, 0xB7, 0xB0, 0xDB, 0xBE, 0xCB,
    0xE1, 0x3D, 0x48, 0xF3, 0xA6, 0xE9, 0xBE, 0x31, 0x84, 0x18, 0x09, 0x33, 0xAD, 0xC8, 0x2F, 0xBB,
    0x1D, 0xAC, 0x4A, 0xB8, 0x87, 0x20, 0x10, 0x29, 0xE0, 0x91, 0x09, 0x97, 0x87, 0xE0, 0x09, 0xD4,
    0x96, 0xB0, 0x71, 0x38, 0xA1, 0x6B, 0x81, 0x92, 0x71, 0x82, 0x92, 0x12, 0x63, 0xDA, 0x09, 0x96,
    0x44, 0xA3, 0x82, 0x26, 0x1E, 0x80, 0x4B, 0x4C, 0xD8, 0x7C, 0xEA, 0xD4, 0x48, 0xA0, 0xEC, 0xDC,
    0x83, 0xE7, 0x5C, 0x85, 0xE7, 0x2C, 0xA5, 0x31, 0x69, 0x21, 0xD3, 0x93, 0x08, 0x6A, 0xBC, 0xEA,
    0xCD, 0x52, 0x61, 0xEF, 0xF3, 0x2C, 0xD5, 0x9C, 0x12, 0xBA, 0x0E, 0xEC, 0xDC, 0x75, 0x5C, 0x0A,
    0xBD, 0xA7, 0x3E, 0x17, 0x87, 0x01, 0x7A, 0xAF, 0x47, 0x18, 0xEE, 0xB1, 0x62, 0xD7, 0x75, 0x76,
    0x69, 0x3A, 0xF1, 0xC8, 0x62, 0x90, 0xED, 0x4D, 0x51, 0x45, 0x48, 0x71, 0x1A, 0xB9, 0xF3, 0x17,
    0x40, 0x81, 0xF3, 0x15, 0xCC, 0x0C, 0x55, 0x4D, 0xD9, 0x78, 0x6C, 0x13, 0x56, 0x69, 0x4B, 0xB8,
    0xA6, 0x4A, 0x7A, 0xD6, 0x18, 0xA6, 0x88, 0x07, 0x03, 0xF8, 0x21, 0x08, 0x08, 0xB5, 0xD3, 0x1D,
    0x58, 0x7A, 0xE3, 0x63, 0xC0, 0xE7, 0x8F, 0x31, 0x3F, 0x0F, 0x0E, 0xFD, 0x97, 0x33, 0x48, 0xC5,
    0xEB, 0x1C, 0xE6, 0xCE, 0xD9, 0x03, 0x63, 0x22, 0xB3, 0x3F, 0x46, 0x48, 0xE6, 0x1D, 0xC9, 0x48,
    0x51, 0x54, 0x6C, 0x3F, 0xC9, 0x3E, 0x82, 0x75, 0x0C, 0x5D, 0xD8, 0x9E, 0x13, 0x88, 0xB9, 0x15,
    0xB9, 0xEE, 0x72, 0xCC, 0x95, 0x91, 0x06, 0xD6, 0xB2, 0x60, 0xF0, 0x1D, 0x99, 0xA4, 0x80, 0x97,
    0x49, 0x4D, 0xA9, 0xC5, 0x2D, 0x79, 0x1D, 0xB5, 0x64, 0x75, 0xD4, 0xB3, 0x8D, 0x15, 0xF5, 0xE4,
    0x77, 0xDC, 0x53, 0x28, 0x49, 0x4F, 0x0C, 0xD2, 0x9E, 0xEA, 0x91, 0x76, 0x14, 0x6D, 0xDE, 0xAA,
    0x80, 0x1B, 0x27, 0x66, 0x46, 0x61, 0x5B, 0x60, 0x84, 0x62, 0x25, 0x2A, 0x28, 0x36, 0xED, 0x3B,
    0xF6, 0xBA, 0x91, 0x7D, 0xF9, 0x03, 0x7B, 0x51, 0x40, 0x5C, 0xBB, 0xC0, 0x7F, 0x3B, 0xE3, 0x72,
    0x4C, 0xB1, 0xCE, 0x5D, 0x5C, 0x57, 0xE9, 0x68, 0x1A, 0x10, 0xD4, 0xF3, 0x6D, 0xC0, 0xA6, 0x69,
    0xFA, 0xF8, 0xE0, 0xEC, 0x98, 0xEE, 0xA2, 0xEA, 0xE8, 0x6A, 0x0E, 0x8D, 0x56, 0xDA, 0x2C, 0xDC,
    0x5D, 0x3B, 0xAF, 0xC7, 0x0F, 0x67, 0xD1, 0x76, 0x82, 0xAB, 0x90, 0xB4, 0x3E, 0xF2, 0xD5, 0xA0,
    0xCD, 0xFE, 0xAA, 0xF9, 0xF1, 0xC1, 0xF9, 0x1A, 0x39, 0x69, 0x26, 0xC6, 0x87, 0xC0, 0xF2, 0xDC,
    0xC0, 0x45, 0xD8, 0x3E, 0xAA, 0x1E, 0x47, 0x0E, 0xFF, 0x04, 0x6E, 0xE6, 0x3C, 0xD2, 0xAC, 0x34,
    0x4B, 0x8A, 0xA8, 0xBE, 0x29, 0xE6, 0xBF, 0x9D, 0x03, 0xD3, 0xC6, 0x03, 0x77, 0x3D, 0xE8, 0x24,
    0x6C, 0x46, 0x64, 0xD2, 0x69, 0xF6, 0x3A, 0x92, 0xD1, 0x73, 0xA2, 0x79, 0x4D, 0xB6, 0xBF, 0xC7,
    0xA7, 0xA1, 0xBF, 0x8F, 0x3E, 0x1C, 0xD8, 0x43, 0x35, 0x96, 0xED, 0xA5, 0x8C, 0x8E, 0x13, 0xFE,
    0x8D, 0xC6, 0x1C, 0x0F, 0xEA, 0xB3, 0x81, 0x75, 0x02, 0xE9, 0xC1, 0x17, 0xB2, 0x23, 0x68, 0x6B,
    0x33, 0xDA, 0x02, 0xD4, 0x46, 0x77, 0x6C, 0x41, 0xAC, 0xDF, 0xE4, 0xF4, 0x87, 0x13, 0x28, 0x37,
    0x36, 0xE8, 0xB0, 0xC1, 0xD8, 0xA4, 0x46, 0xA6, 0x6D, 0x6C, 0x49, 0x47, 0x6F, 0x9C, 0xB3, 0x65,
    0x51, 0xC1, 0x0C, 0x02, 0xA7, 0x43, 0x1F, 0x10, 0x0F, 0x58, 0xF9, 0x44, 0x36, 0xA3, 0x46, 0xA7,
    0xB7, 0xC9, 0x01, 0x49, 0x03, 0xF5, 0x94, 0x47, 0xE4, 0xE8, 0xA9, 0x7D, 0xF9, 0xB0, 0x84, 0x2E,
    0xEA, 0x84, 0x73, 0x0B, 0xAA, 0x9C, 0xFD, 0xE6, 0x2C, 0x94, 0x8D, 0x9B, 0x31, 0xBC, 0xCE, 0xB2,
    0x2D, 0x74, 0x2C, 0x0B, 0x88, 0x2E, 0x5B, 0x5D, 0x2E, 0xA2, 0x74, 0x8E, 0x31, 0x2E, 0x36, 0x60,
    0x07, 0x45, 0xE5, 0xD5, 0x1A, 0x1B, 0xFC, 0x4A, 0x63, 0x13, 0x3C, 0x26, 0x29, 0x0D, 0x32, 0x8D,
    0x4F, 0xA1, 0x8B, 0x50, 0x91, 0x8B, 0x51, 0x4F, 0xBB, 0x28, 0xF5, 0xBC, 0x8B, 0x53, 0x2B, 0x17,
    0xA9, 0xAE, 0xBA, 0xA9, 0xD5, 0x87, 0xCC, 0x2B, 0xE0, 0xB6, 0x23, 0x0D, 0xDF, 0x59, 0xE9, 0xC2,
    0x55, 0xEF, 0x42, 0x80, 0x5A, 0xE7, 0xD6, 0xFA, 0x82, 0xC3, 0xF9, 0x9F, 0xB9, 0x7B, 0xED, 0x3C,
    0x10, 0x6F, 0x65, 0x64, 0xB9, 0x77, 0x58, 0x9C, 0xD0, 0xB7, 0x87, 0xA2, 0xF9, 0xE3, 0xCA, 0xE3,
    0x70, 0x9A, 0x9B, 0x22, 0x7A, 0xF5, 0xA3, 0x1E, 0x0A, 0x67, 0xF9, 0xCD, 0xB7, 0x89, 0xA2, 0x1D,
    0x45, 0xD7, 0xB7, 0x91, 0xD6, 0x69, 0x56, 0x33, 0x14, 0x33, 0x25, 0xD4, 0x42, 0xBF, 0x8F, 0xEA,
    0x6F, 0x13, 0x29, 0x8E, 0xF1, 0x5A, 0x76, 0xCE, 0x75, 0xA5, 0xEB, 0x4A, 0x5E, 0x7F, 0xD8, 0x74,
    0x92, 0xFB, 0x16, 0x49, 0x0A, 0xF2, 0x1A, 0xCF, 0x76, 0x34, 0xD0, 0x54, 0x31, 0xDF, 0xD1, 0x91,
    0xB7, 0x46, 0x35, 0x3D, 0x47, 0xDE, 0x84, 0x9A, 0x71, 0x1D, 0xD7, 0x1E, 0xE7, 0x59, 0x2D, 0x6D,
    0xF5, 0x56, 0xF6, 0x81, 0xB6, 0x58, 0xAD, 0xAC, 0xEF, 0xA8, 0x5D, 0x49, 0xE5, 0x2E, 0xAA, 0x5D,
    0x95, 0xBD, 0x2E, 0x20, 0x44, 0x93, 0xB5, 0xA5, 0xCA, 0xD6, 0x24, 0x6F, 0xAE, 0x9C, 0x0F, 0xEF,
    0x4B, 0x2D, 0xE7, 0xDC, 0xD2, 0x25, 0x97, 0x92, 0xDE, 0xD7, 0xDF, 0xEA, 0x1B, 0xCA, 0x96, 0x85,
    0xA6, 0xAD, 0x13, 0x65, 0x6E, 0xA4, 0x69, 0x9E, 0xFA, 0x98, 0x42, 0x47, 0x82, 0x06, 0x63, 0xF1,
    0x1C, 0x7C, 0x8D, 0xB5, 0x0D, 0x00, 0xD0, 0xC0, 0xA4, 0x64, 0x32, 0xC8, 0x94, 0x31, 0xFD, 0x8C,
    0xF7, 0xED, 0xE9, 0x9D, 0xFB, 0x5F, 0x84, 0x49, 0xBE, 0xEF, 0x7E, 0xD8, 0x05, 0xDD, 0xBD, 0xC5,
    0x53, 0xBA, 0x34, 0xA7, 0x09, 0x1D, 0x39, 0x99, 0xEB, 0x06, 0x4D, 0xCE, 0x37, 0x19, 0xC8, 0x42,
    0x39, 0xD1, 0xB1, 0x6D, 0xA1, 0x25, 0xBF, 0x36, 0x45, 0xD3, 0xDA, 0x38, 0x9E, 0x57, 0x7A, 0x61,
    0xC4, 0x5B, 0x19, 0x67, 0xF5, 0x85, 0x33, 0x16, 0xFB, 0x62, 0xE7, 0x48, 0x76, 0x39, 0x88, 0xB1,
    0xAE, 0x1F, 0x6E, 0x26, 0xE3, 0xEA, 0xE8, 0xD1, 0x35, 0x83, 0xC2, 0xC1, 0x55, 0x6D, 0xD1, 0xE0,
    0xAA, 0x6C, 0x50, 0xA7, 0xEE, 0x23, 0xEA, 0x2E, 0xE8, 0x1C, 0xB7, 0x7D, 0xA2, 0x55, 0xD6, 0xA7,
    0xD3, 0xEB, 0x8E, 0xD9, 0xAE, 0x12, 0x4B, 0x9B, 0xA3, 0xFB, 0x92, 0x9D, 0xA5, 0x44, 0x07, 0xD8,
    0x39, 0x04, 0x38, 0xE7, 0xF3, 0xFB, 0x9E, 0x6B, 0x50, 0xA7, 0xBE, 0x43, 0x2A, 0xBD, 0xE5, 0xD4,
    0x22, 0x99, 0xFB, 0x99, 0x5B, 0xFD, 0x43, 0x1C, 0xE9, 0x96, 0xB6, 0xBD, 0xBB, 0x11, 0xC8, 0xD7,
    0x97, 0x73, 0xDA, 0xFE, 0x76, 0x89, 0xAF, 0xDA, 0x3E, 0x49, 0x4E, 0x6E, 0xD7, 0xD4, 0x49, 0xE8,
    0xFC, 0x47, 0x0C, 0x8E, 0x20, 0x1C, 0xFA, 0x6C, 0x79, 0x9D, 0x64, 0xC5, 0x6B, 0x11, 0x41, 0x83,
    0x1A, 0xB2, 0x89, 0x2A, 0x28, 0x49, 0x52, 0xDD, 0x6E, 0x2F, 0xA4, 0xEF, 0x5E, 0xBE, 0x5B, 0x95,
    0x13, 0xBC, 0x87, 0xED, 0x52, 0xB6, 0x55, 0x20, 0xBC, 0x67, 0xF5, 0xF5, 0x85, 0x25, 0x59, 0x2E,
    0x96, 0xFC, 0x52, 0xF5, 0x58, 0xA1, 0x0F, 0xCB, 0xCD, 0x9A, 0xBF, 0x0E, 0xD3, 0x8F, 0x1C, 0xF8,
    0xEF, 0xCD, 0x37, 0x57, 0xAE, 0x21, 0xA3, 0x62, 0x89, 0xDE, 0x62, 0x3F, 0x2E, 0xE4, 0xE5, 0xD8,
    0xBA, 0xA5, 0xFF, 0xE8, 0x89, 0x46, 0xDD, 0x1E, 0xFD, 0x27, 0x43, 0xA3, 0x96, 0x39, 0xBC, 0x88,
    0xA9, 0x8F, 0x2C, 0x81, 0xF1, 0x6B, 0x61, 0x71, 0x09, 0x5D, 0xF4, 0xEC, 0xCB, 0x83, 0x6B, 0xF4,
    0xFA, 0x13, 0xEF, 0xF8, 0x2E, 0xFA, 0x5F, 0x1B, 0x81, 0x3F, 0x94, 0xB9, 0x40, 0x8C, 0xDE, 0xE4,
    0x3B, 0x14, 0xF4, 0x33, 0x09, 0x35, 0x29, 0xBE, 0xBC, 0xBF, 0xE5, 0xFA, 0xE8, 0xE1, 0x1E, 0xD8,
    0xA5, 0x93, 0x61, 0x7E, 0x36, 0xE4, 0x6C, 0xFC, 0xE5, 0x12, 0xBE, 0xD5, 0x4C, 0x72, 0x3C, 0xB9,
    0x35, 0x48, 0x87, 0x84, 0xD5, 0xB4, 0xF9, 0x7F, 0x20, 0xB7, 0xE2, 0x75, 0x60, 0x05, 0x38, 0xE9,
    0x3B, 0xB6, 0x78, 0x2E, 0x7F, 0xCF, 0xD6, 0x57, 0xCA, 0xA9, 0xB4, 0xB5, 0xED, 0x53, 0x5B, 0x94,
    0xCC, 0x71, 0x9E, 0x15, 0x8F, 0xCE, 0xE9, 0x7B, 0x19, 0x4E, 0x43, 0xDE, 0xF6, 0x41, 0x07, 0xDF,
    0xD0, 0xCA, 0x4D, 0x08, 0x68, 0x70, 0x76, 0x42, 0xD3, 0x26, 0x1D, 0x74, 0x1C, 0xE1, 0xE0, 0x57,
    0xE1, 0x74, 0xA6, 0xE0, 0x3B, 0x0F, 0xCC, 0x8A, 0xB4, 0xE1, 0x78, 0x62, 0x73, 0x91, 0x46, 0xB3,
    0xD7, 0xD6, 0x0C, 0xBE, 0x3B, 0xF0, 0xC1, 0xF9, 0x79, 0xE7, 0x39, 0x0F, 0x2C, 0x39, 0x5B, 0x32,
    0xDF, 0x7E, 0xB3, 0x9F, 0xC2, 0x40, 0xA4, 0xEE, 0xA5, 0x5D, 0x5F, 0x49, 0x40, 0x52, 0xBC, 0x97,
    0xC8, 0xE4, 0x46, 0x52, 0xF9, 0x5D, 0x52, 0x85, 0x6D, 0x8A, 0xCC, 0x70, 0x02, 0xE3, 0x80, 0xD6,
    0x3D, 0xE7, 0x08, 0xF8, 0x7A, 0x86, 0xAD, 0x9E, 0x82, 0x0B, 0x5D, 0xA9, 0x57, 0x63, 0x72, 0x4E,
    0xDF, 0xED, 0x5D, 0x58, 0xF3, 0xBA, 0x75, 0x98, 0xF3, 0xCD, 0x14, 0x02, 0xA1, 0xCD, 0x9D, 0x98,
    0x61, 0x1C, 0x7E, 0x04, 0x30, 0x68, 0x2D, 0x4C, 0xDE, 0x12, 0x57, 0xB8, 0x7B, 0x77, 0x5A, 0x09,
    0x2A, 0xF0, 0x4E, 0xAE, 0xA0, 0xF2, 0x3A, 0xFC, 0x68, 0x68, 0x88, 0x9A, 0x5C, 0xFD, 0x20, 0x24,
    0x77, 0x07, 0x67, 0x41, 0x7C, 0x22, 0x47, 0x65, 0x9D, 0xB2, 0x5C, 0x14, 0x07, 0x83, 0x40, 0x84,
    0x50, 0x84, 0x60, 0x84, 0x70, 0x14, 0x90, 0x42, 0x72, 0x7E, 0x93, 0xB0, 0x14, 0x98, 0x42, 0x73,
    0x81, 0x40, 0x0B, 0x1A, 0x0D, 0x78, 0x6B, 0x88, 0xD7, 0x55, 0x80, 0x93, 0xBE, 0xA2, 0x00, 0x86,
    0x41, 0x8F, 0x5D, 0xFD, 0x8B, 0x52, 0x39, 0xAE, 0xB1, 0x35, 0xB0, 0x55, 0x0C, 0x15, 0xB2, 0x74,
    0x20, 0x46, 0xDF, 0x32, 0x0B, 0xF9, 0x8A, 0xD9, 0x85, 0xF8, 0x5F, 0x2B, 0xE8, 0x27, 0xB4, 0x13,
    0xF9, 0xEF, 0xC1, 0x75, 0xAF, 0x83, 0xE2, 0x6D, 0x9C, 0xA3, 0xA3, 0xB8, 0xCF, 0xCF, 0xE9, 0x55,
    0xE3, 0x2C, 0x9F, 0xE5, 0x77, 0x5C, 0x6B, 0xBB, 0x83, 0xD7, 0xCE, 0x38, 0x57, 0x9E, 0xB3, 0xCE,
    0x35, 0x99, 0x59, 0xEB, 0x18, 0x96, 0x70, 0xBA, 0xE0, 0x78, 0xCD, 0xC5, 0x52, 0x26, 0xD9, 0xD8,
    0xEE, 0x40, 0x3C, 0x3D, 0xBF, 0x4A, 0xA1, 0x77, 0xBB, 0x48, 0x41, 0xDE, 0x87, 0x96, 0x03, 0xE3,
    0x17, 0x4C, 0xA5, 0x02, 0xFE, 0xCA, 0xE7, 0xF3, 0xF8, 0x17, 0x07, 0xB1, 0xEF, 0x8E, 0x62, 0xFF,
    0x0A, 0x5F, 0xE8, 0xFE, 0x2F, 0xFC, 0xDD, 0x75, 0xEB, 0xE0, 0xAB, 0x9C, 0xED, 0x5D, 0xD4, 0x80,
    0x99, 0xC1, 0x2F, 0x26, 0xFF, 0xCE, 0x26, 0xA8, 0xBE, 0x7A, 0xC5, 0x08, 0x56, 0x8E, 0x7C, 0x5F,
    0x8A, 0xD9, 0xD4, 0x1B, 0x93, 0xB8, 0x4B, 0x6B, 0xF9, 0x73, 0xD6, 0x30, 0x8C, 0xE9, 0xE5, 0xAF,
    0x27, 0x86, 0x59, 0xB8, 0x88, 0x01, 0xC9, 0x10, 0xEA, 0x33, 0x5E, 0x0F, 0xC0, 0xB5, 0xA5, 0x0D,
    0xB2, 0xA2, 0xB4, 0x66, 0x09, 0x57, 0x21, 0x96, 0x96, 0x45, 0x99, 0x49, 0x99, 0x71, 0xC3, 0x8B,
    0xAC, 0xD7, 0x5E, 0x6A, 0x66, 0x3D, 0x59, 0xE4, 0xCC, 0x46, 0x4B, 0x7A, 0x89, 0xEA, 0xA7, 0xBC,
    0x23, 0xC6, 0xD9, 0x29, 0x5E, 0x26, 0xE0, 0xF3, 0x7D, 0x38, 0x03, 0x63, 0x3D, 0x5B, 0xC4, 0xF6,
    0x67, 0xB6, 0xDA, 0xB6, 0x87, 0xD2, 0xEA, 0xCF, 0xEC, 0x2A, 0xAF, 0xBC, 0xF1, 0x0A, 0x8A, 0xAA,
    0xB1, 0x86, 0xCD, 0x3F, 0x00, 0x6A, 0x21, 0xA3, 0x7C, 0x34, 0x02, 0x83, 0x78, 0x88, 0xBA, 0x2B,
    0x49, 0x9B, 0xDC, 0xAD, 0xD3, 0x86, 0x4A, 0x50, 0x81, 0x84, 0x34, 0x83, 0x49, 0x1C, 0x58, 0xBF,
    0xC4, 0x12, 0xCE, 0x86, 0x1E, 0xB6, 0x73, 0x5B, 0x7D, 0xD0, 0x4B, 0x20, 0xD7, 0x57, 0x27, 0xD4,
    0x57, 0x5C, 0xC3, 0xB0, 0x7C, 0xA9, 0xF5, 0xA7, 0x70, 0xE0, 0x7F, 0x24, 0x0E, 0xB4, 0x0D, 0x29,
    0xBE, 0x79, 0x1D, 0x77, 0x74, 0x7B, 0x28, 0x30, 0xEB, 0xB2, 0x2A, 0xAB, 0xBC, 0xB2, 0x88, 0xEF,
    0x83, 0xEB, 0x31, 0x6E, 0x12, 0xF8, 0x93, 0x73, 0x32, 0x30, 0x32, 0xC1, 0x75, 0x75, 0x08, 0x7D,
    0x70, 0x34, 0xF7, 0x42, 0xBE, 0x32, 0x8C, 0xC6, 0x79, 0x2A, 0x0A, 0x96, 0x99, 0xED, 0x0E, 0xB2,
    0xCF, 0x76, 0x05, 0x1B, 0x79, 0x1E, 0x24, 0x3C, 0xF1, 0x08, 0xCE, 0x67, 0x9B, 0xEB, 0xE6, 0xE5,
    0x59, 0x20, 0x01, 0x33, 0xE1, 0x43, 0xDE, 0xA9, 0xE5, 0xFD, 0x8E, 0x57, 0x64, 0xEE, 0xA9, 0xE2,
    0x7C, 0x21, 0x00, 0x21, 0x84, 0xB5, 0x0E, 0x30, 0x41, 0xC4, 0x40, 0x28, 0x2E, 0x42, 0x10, 0x8E,
    0x10, 0x90, 0x10, 0x92, 0x82, 0x72, 0xFB, 0xF7, 0x31, 0xCC, 0xF4, 0xD0, 0x61, 0xA0, 0xD7, 0x60,
    0xC8, 0x31, 0x74, 0x70, 0x15, 0x7E, 0xF1, 0xA3, 0xE5, 0xCF, 0x8F, 0x1A, 0xE4, 0xE1, 0xE5, 0x6A,
    0x45, 0x95, 0x5A, 0x07, 0x77, 0xD3, 0x82, 0x54, 0xE0, 0x99, 0xD3, 0xA7, 0x4F, 0x9F, 0x4A, 0x2D,
    0xF2, 0xFF, 0x1F, 0xED, 0xED, 0xED, 0x2D, 0xEE, 0x68, 0x67, 0xE9, 0xC6, 0xE9, 0x62, 0xD7, 0x97,
    0xD3, 0x9C, 0x7F, 0x6B, 0x17, 0x8C, 0xB1, 0x53, 0x0B, 0x61, 0x94, 0xB5, 0x7B, 0x8D, 0xAE, 0x7C,
    0x87, 0x25, 0xF9, 0xAF, 0x6D, 0xE5, 0xDB, 0xC4, 0x56, 0xC6, 0xDE, 0xB0, 0x55, 0x60, 0x3F, 0x43,
    0x61, 0x6E, 0x6F, 0x59, 0xBE, 0x9F, 0x34, 0x3A, 0xEC, 0x21, 0x95, 0x16, 0x55, 0x07, 0xAC, 0x64,
    0x9B, 0x71, 0xF3, 0xB9, 0x83, 0xD9, 0x43, 0x39, 0xA1, 0xAB, 0x61, 0xC7, 0x75, 0x4E, 0x18, 0xAF,
    0xEF, 0x80, 0xD6, 0x39, 0xE1, 0x41, 0xBE, 0x50, 0x67, 0x8B, 0xA4, 0x80, 0xE5, 0xE7, 0x74, 0x87,
    0x36, 0x5B, 0x59, 0x20, 0xF8, 0xA1, 0x45, 0xE0, 0x33, 0x63, 0x44, 0xEB, 0x64, 0x59, 0xD3, 0xFD,
    0x65, 0x0F, 0x07, 0xF0, 0x09, 0xA0, 0x7D, 0xF0, 0x7E, 0xDB, 0xA4, 0xEF, 0xC7, 0xFF, 0x58, 0xE5,
    0x63, 0x6A, 0x25, 0xEF, 0x10, 0xD9, 0x61, 0xAC, 0x85, 0x3C, 0xF9, 0x50, 0x03, 0x75, 0x93, 0x13,
    0x56, 0xCB, 0x3B, 0x62, 0xD7, 0xD7, 0x39, 0xE1, 0x52, 0xAE, 0x3D, 0x7A, 0xE0, 0xEB, 0x9C, 0x50,
    0x6D, 0x67, 0x7F, 0x4E, 0x08, 0x84, 0xCE, 0x2E, 0x39, 0xE1, 0xD7, 0x43, 0x74, 0xAE, 0x59, 0xDA,
    0x4B, 0xCC, 0xD2, 0x5E, 0xFE, 0x5F, 0x59, 0xDA, 0xD7, 0xC4, 0x67, 0xE7, 0x27, 0x96, 0xFE, 0x8B,
    0xEA, 0x9F, 0xD7, 0xCF, 0x97, 0xB7, 0x73, 0xD0, 0x7A, 0xA8, 0x83, 0x7A, 0x30, 0x7B, 0x52, 0x5F,
    0xCD, 0x63, 0x6D, 0x62, 0xF5, 0x85, 0xB1, 0xDB, 0x3A, 0xBE, 0xDC, 0x23, 0xD4, 0x06, 0x41, 0xCF,
    0xC8, 0x66, 0x06, 0x7D, 0xCF, 0x79, 0xD8, 0xD6, 0x71, 0xA5, 0xE3, 0x35, 0x1D, 0xF5, 0xE2, 0x78,
    0xA8, 0x95, 0xB3, 0xD5, 0xFA, 0xF5, 0x12, 0x33, 0x6E, 0xAE, 0xE2, 0x5D, 0xE7, 0x79, 0xBE, 0x64,
    0x5D, 0xE3, 0x17, 0x65, 0x7C, 0xE5, 0x2E, 0xFD, 0xA4, 0x5E, 0xDA, 0xA4, 0x73, 0x05, 0x7A, 0x70,
    0x49, 0x61, 0xB7, 0x8A, 0xE5, 0x8D, 0x5D, 0xF7, 0x3E, 0xB1, 0xB8, 0x1B, 0x78, 0x67, 0x23, 0xFE,
    0xB4, 0x79, 0x2D, 0xC9, 0x8D, 0xAE, 0xE0, 0x8B, 0xDA, 0xAD, 0x8C, 0x23, 0x2B, 0xD8, 0xE4, 0x23,
    0x7D, 0xDD, 0xF8, 0x3D, 0x1D, 0xFF, 0x85, 0x4D, 0x82, 0xF2, 0x5A, 0xA4, 0xAD, 0xB7, 0xD8, 0xF5,
    0xF2, 0x78, 0x35, 0xC2, 0x0B, 0x26, 0x70, 0x1B, 0xE6, 0x85, 0x63, 0x58, 0xE9, 0x0F, 0xEE, 0xF5,
    0xC8, 0x50, 0xEF, 0xD7, 0x58, 0x25, 0xC6, 0x7A, 0xFB, 0x9E, 0xFC, 0x53, 0xB6, 0x79, 0x97, 0xB1,
    0xD8, 0xB0, 0xD7, 0x6E, 0x6E, 0x7F, 0xFD, 0x71, 0x43, 0x79, 0xA2, 0x5E, 0xE1, 0xD5, 0x9F, 0x17,
    0xFB, 0x2F, 0x1B, 0x06, 0x8D, 0x10, 0x43, 0xAA, 0x47, 0x33, 0x52, 0x46, 0x3D, 0x0F, 0xF4, 0x77,
    0x8F, 0xAE, 0xD7, 0x3C, 0x8E, 0xB2, 0xF8, 0x1F, 0xDD, 0x5C, 0x4D, 0x8C, 0xDD, 0xD6, 0x75, 0xBE,
    0x24, 0xA5, 0x61, 0x2D, 0x3A, 0xA2, 0x0A, 0xB8, 0x85, 0x14, 0xD9, 0xA6, 0x17, 0x01, 0xE2, 0x14,
    0xB2, 0xD8, 0x85, 0x50, 0xB8, 0xE8, 0x1B, 0x91, 0xF1, 0xA2, 0x59, 0x18, 0x85, 0xBC, 0x88, 0xBA,
    0xF1, 0x22, 0x5E, 0x64, 0x91, 0x9F, 0x85, 0xB5, 0x50, 0x01, 0xA7, 0x55, 0x4C, 0xD6, 0x5A, 0x78,
    0x51, 0xA0, 0x1E, 0x20, 0xCB, 0x2E, 0xAA, 0x85, 0x0A, 0xB4, 0x63, 0xA0, 0x9A, 0x85, 0x16, 0x2A,
    0x20, 0x99, 0x1C, 0x07, 0xA8, 0x76, 0x35, 0x5D, 0xA3, 0xC8, 0xA2, 0x01, 0x42, 0xC7, 0x6A, 0x1D,
    0xD8, 0x05, 0xC4, 0xC6, 0xCF, 0xED, 0x93, 0x86, 0x8F, 0xB7, 0xE7, 0x3B, 0xE7, 0xF0, 0xE7, 0xD9,
    0x0E, 0x1A, 0x43, 0x33, 0xF5, 0x4C, 0x07, 0x1E, 0x52, 0x7E, 0x43, 0xDE, 0x7B, 0xEE, 0x77, 0xCE,
    0x3D, 0xFF, 0xF7, 0x19, 0x43, 0x3F, 0xDF, 0xDB, 0xBC, 0x8A, 0x9B, 0xB1, 0x76, 0xA1, 0xF7, 0xB9,
    0x59, 0xF9, 0x39, 0x26, 0x37, 0xA7, 0x91, 0x7B, 0xA6, 0x77, 0x2B, 0x77, 0xCF, 0xD6, 0x7C, 0x0F,
    0x8A, 0x8A, 0xEF, 0x4F, 0x15, 0x25, 0xDF, 0x2F, 0x5A, 0xB9, 0xD7, 0x72, 0xF7, 0xB6, 0x6D, 0x8E,
    0x7B, 0xE8, 0xDA, 0x14, 0xF7, 0x99, 0x67, 0xF9, 0xCF, 0xD7, 0xE5, 0xEE, 0xDE, 0x7F, 0x9D, 0xEF,
    0xBE, 0xB5, 0x1D, 0xEE, 0x91, 0x09, 0x96, 0xB8, 0xAF, 0x9B, 0xB0, 0xC5, 0x7D, 0x21, 0x77, 0xAF,
    0x36, 0x11, 0xEE, 0x61, 0x69, 0x62, 0x50, 0x9B, 0xE4, 0x26, 0x69, 0xF1, 0x56, 0xE5, 0xE0, 0xBD,
    0xC4, 0xB6, 0xA1, 0xB5, 0xD5, 0x84, 0xF6, 0xDF, 0xD9, 0xDC, 0x30, 0x8E, 0x25, 0x52, 0x5D, 0x0B,
    0x3A, 0xCF, 0x9F, 0xEF, 0xFF, 0xE0, 0x84, 0x44, 0x46, 0x7C, 0xB7, 0xC2, 0x7A, 0x4B, 0xE3, 0xFD,
    0x9C, 0x2E, 0xA1, 0x21, 0x12, 0x67, 0x86, 0xE8, 0xB8, 0xEE, 0x5A, 0x5A, 0xAE, 0xBF, 0x34, 0x7E,
    0x45, 0xD3, 0x85, 0x65, 0xB2, 0x30, 0x71, 0x79, 0xB7, 0xB9, 0x92, 0xDC, 0xBE, 0xF6, 0x51, 0x59,
    0x74, 0x89, 0x4D, 0xED, 0x3C, 0x59, 0x9A, 0xA2, 0x4C, 0x1A, 0x73, 0xC2, 0xAC, 0xE9, 0x90, 0x67,
    0xCC, 0x93, 0x7C, 0x9F, 0x19, 0x01, 0x32, 0x51, 0x84, 0x22, 0xA5, 0xC8, 0xEF, 0xFE, 0x1F, 0x00,
    0xFA, 0xA4, 0x21, 0xEA, 0x66, 0x2E, 0x7D, 0x94, 0x80, 0xAE, 0x04, 0x93, 0xC8, 0x88, 0x7B, 0x84,
    0xAA, 0xA2, 0xA5, 0x60, 0x29, 0x56, 0x02, 0x95, 0x22, 0xA5, 0x40, 0x29, 0x4E, 0x0A, 0x93, 0xA0,
    0xA4, 0x20, 0x29, 0x46, 0x0A, 0x91, 0x20, 0xA4, 0x00, 0x29, 0x3E, 0x0A, 0x8F, 0xA2, 0x23, 0xE0,
    0x28, 0x36, 0x0A, 0x8D, 0x20, 0xA3, 0xC0, 0x4C, 0x70, 0x71, 0x84, 0x5B, 0xA1, 0x30, 0x27, 0x11,
    0x9A, 0x85, 0xD3, 0xAE, 0xE0, 0xE2, 0xB5, 0xC7, 0xF9, 0xB6, 0xBC, 0x3E, 0x21, 0xDA, 0x11, 0xEE,
    0x99, 0xEF, 0xEC, 0x32, 0x6C, 0x21, 0x86, 0x3D, 0x8B, 0x41, 0x99, 0xBD, 0xD8, 0xCA, 0x01, 0xC0,
    0x0A, 0x9B, 0x2B, 0x74, 0xF9, 0x2F, 0x9A, 0x22, 0xC4, 0xCC, 0x01, 0x28, 0x74, 0xAE, 0x08, 0xB5,
    0xA7, 0x05, 0x5A, 0x5E, 0x01, 0x23, 0xE4, 0xB1, 0x00, 0xFB, 0xBC, 0xBE, 0x90, 0xFF, 0x78, 0x08,
    0x97, 0x93, 0x76, 0xF1, 0x08, 0x11, 0xBE, 0x51, 0xCC, 0x81, 0x4F, 0xDC, 0x80, 0x1B, 0x61, 0xE9,
    0x10, 0xB5, 0x41, 0xE9, 0x13, 0xC2, 0x7E, 0x1A, 0xD2, 0xB0, 0xBE, 0x89, 0x69, 0x6A, 0xC7, 0x24,
    0x3C, 0x48, 0xC6, 0xCA, 0xA4, 0x68, 0x46, 0xAE, 0xC9, 0xFA, 0x05, 0x3C, 0xE1, 0x15, 0xAE, 0xC7,
    0x0C, 0xD8, 0x77, 0xC1, 0x24, 0xF4, 0x79, 0x63, 0x92, 0x1A, 0xE8, 0x87, 0x18, 0x9E, 0x70, 0xE3,
    0x3F, 0x15, 0x16, 0xA4, 0xAD, 0x5D, 0x1D, 0x24, 0x91, 0x1E, 0x30, 0x3E, 0x8D, 0x18, 0xD2, 0x3D,
    0x2A, 0x05, 0xFA, 0x4B, 0xF4, 0xBB, 0x45, 0xBF, 0x04, 0xA7, 0xF3, 0x6D, 0xEC, 0x3C, 0x63, 0x96,
    0x49, 0xEA, 0xCD, 0x43, 0x13, 0xD4, 0x87, 0x98, 0x47, 0x49, 0xC9, 0xAC, 0x34, 0x19, 0xFD, 0x16,
    0xF8, 0x2D, 0x4F, 0x99, 0xE2, 0xDF, 0x16, 0x34, 0x3C, 0xCD, 0x0A, 0xDC, 0xED, 0x88, 0x8B, 0x08,
    0x1E, 0x2F, 0x40, 0x36, 0x0F, 0x4B, 0xBB, 0xDB, 0xBD, 0x48, 0x63, 0x04, 0x1B, 0xEE, 0xB0, 0x2D,
    0xF6, 0x0F, 0x2E, 0x01, 0xFD, 0xC6, 0xA9, 0xAC, 0x0E, 0x92, 0xF4, 0x0E, 0x2D, 0xE8, 0x99, 0xCA,
    0x9C, 0x32, 0x42, 0xEB, 0x6E, 0x61, 0xE2, 0xB1, 0x60, 0x87, 0x8C, 0x49, 0xC4, 0xB2, 0x2E, 0x2A,
    0xC0, 0xAF, 0xCD, 0xFE, 0xC3, 0xE4, 0x6B, 0x18, 0x13, 0x6F, 0xA6, 0x44, 0x0F, 0xDD, 0x97, 0x13,
    0xDE, 0x3E, 0x30, 0x1E, 0xAC, 0x7A, 0xCD, 0x62, 0x0D, 0xF4, 0x17, 0xAC, 0x87, 0x62, 0xDE, 0x41,
    0x21, 0x2F, 0xC5, 0xCB, 0xF7, 0x1F, 0x1E, 0x5E, 0xFA, 0xA8, 0xF1, 0xCA, 0x1B, 0xC6, 0xFB, 0xE7,
    0x9A, 0x8C, 0x62, 0x29, 0x98, 0x80, 0x7B, 0x8D, 0xD9, 0x35, 0x19, 0x71, 0x0C, 0xCB, 0x61, 0x06,
    0x74, 0xC2, 0x9D, 0x76, 0x6A, 0xD5, 0xC4, 0x48, 0x99, 0x97, 0x46, 0x26, 0x40, 0x03, 0xD3, 0x83,
    0xAE, 0xED, 0xAE, 0xB1, 0x05, 0x9A, 0xBB, 0x78, 0x86, 0x94, 0x19, 0x96, 0x56, 0xD4, 0x58, 0x0F,
    0x56, 0x4C, 0x1F, 0xE0, 0x13, 0x42, 0x06, 0x54, 0x93, 0x46, 0xF6, 0x48, 0x8F, 0x11, 0x5A, 0x50,
    0xE6, 0x31, 0x14, 0xB3, 0x81, 0x7E, 0x06, 0x88, 0xF4, 0x08, 0x44, 0x33, 0x99, 0xB3, 0xFA, 0x26,
    0xF8, 0xA0, 0xBE, 0x69, 0x7A, 0xFA, 0x00, 0x78, 0x13, 0xF0, 0x1E, 0x01, 0x4E, 0x9F, 0xE3, 0x29,
    0xFA, 0x3C, 0xC6, 0xE7, 0x35, 0x06, 0x0F, 0xEC, 0x02, 0x8A, 0x91, 0xE0, 0x52, 0xDD, 0x9E, 0x2A,
    0x8D, 0x6B, 0xF9, 0xA3, 0xD8, 0x5D, 0xB6, 0x6C, 0xF9, 0xF6, 0x66, 0xCB, 0x1A, 0xFC, 0x32, 0x73,
    0xC9, 0x7A, 0x40, 0xCE, 0xB5, 0xAC, 0x2E, 0xBD, 0x2E, 0x48, 0x79, 0x83, 0x1C, 0xE5, 0xED, 0xD8,
    0x42, 0x6F, 0x9E, 0x08, 0x17, 0xFC, 0xC0, 0x5B, 0x78, 0x2E, 0xB8, 0xC7, 0x9C, 0x4C, 0xAA, 0x0C,
    0x78, 0x14, 0x29, 0xB4, 0xAE, 0xD3, 0x31, 0x97, 0x68, 0x57, 0xB1, 0x6A, 0x5E, 0x30, 0x00, 0x61,
    0xC3, 0x66, 0x2A, 0x6E, 0xB0, 0x24, 0x02, 0xE1, 0x0F, 0xDA, 0xA7, 0x71, 0xDB, 0x59, 0x36, 0xD0,
    0x43, 0x6F, 0x01, 0x9C, 0xA4, 0x8B, 0xF8, 0x91, 0x39, 0x4F, 0xB0, 0x96, 0xBA, 0xF9, 0xAE, 0xE0,
    0x99, 0xE2, 0x46, 0x10, 0x00, 0x4F, 0x6B, 0xDB, 0x3D, 0xC1, 0x33, 0x65, 0x1C, 0x73, 0xBE, 0xA6,
    0xA3, 0x5C, 0xB0, 0x7E, 0x85, 0xBB, 0x46, 0x43, 0xB2, 0xC0, 0x88, 0xA6, 0x09, 0x78, 0x23, 0x84,
    0x00, 0xCE, 0xE2, 0x1A, 0x58, 0xD8, 0xCA, 0x98, 0x6D, 0x7C, 0x91, 0x17, 0x2C, 0xC4, 0x45, 0xCA,
    0x00, 0xF6, 0xF8, 0x11, 0x7C, 0x4B, 0x46, 0xAF, 0x15, 0xF0, 0x7E, 0x97, 0xAE, 0x1F, 0xDE, 0x23,
    0xA2, 0xED, 0x6B, 0x58, 0x35, 0x23, 0x17, 0x2F, 0xB0, 0x4D, 0x09, 0x37, 0xA6, 0xC0, 0xD9, 0x24,
    0x5F, 0x51, 0xE7, 0xF5, 0x56, 0x9D, 0x1E, 0x06, 0x95, 0x90, 0x20, 0x4C, 0x5F, 0x5F, 0xB0, 0x13,
    0x32, 0xE7, 0xEB, 0x16, 0xAF, 0xF7, 0x02, 0x03, 0x79, 0x8C, 0xC1, 0x00, 0xF9, 0x39, 0x8B, 0x7B,
    0xFA, 0x25, 0xBC, 0x45, 0x26, 0x9C, 0xA8, 0x85, 0x67, 0x1D, 0xDA, 0xCD, 0x86, 0xF5, 0x64, 0xC3,
    0xF2, 0xBA, 0xC5, 0x72, 0xFA, 0x1C, 0x33, 0x46, 0xFC, 0x1A, 0x97, 0x07, 0x0B, 0x98, 0x39, 0x21,
    0x33, 0x65, 0x9D, 0x5E, 0xFD, 0xF8, 0x8F, 0x5B, 0xC6, 0x6F, 0xF0, 0xC9, 0xD7, 0x36, 0xFF, 0x8E,
    0x16, 0xC1, 0x2E, 0x88, 0x39, 0x7C, 0xFE, 0x39, 0xF9, 0xF0, 0x2A, 0xF6, 0x6C, 0x6A, 0x6E, 0xC5,
    0xA5, 0x3B, 0x8F, 0xCB, 0xA0, 0x49, 0xF2, 0xB0, 0xEA, 0xC8, 0xA3, 0x98, 0x9B, 0xE4, 0x9E, 0x58,
    0xF6, 0x82, 0x2D, 0xC2, 0xC3, 0x34, 0xF8, 0x4C, 0xF7, 0x6C, 0x35, 0xDD, 0xB3, 0x95, 0xC1, 0xBD,
    0x81, 0x4D, 0x65, 0x1F, 0x84, 0x5E, 0x62, 0xBE, 0x44, 0x8B, 0xFD, 0x87, 0x80, 0x67, 0x1E, 0x35,
    0x41, 0x3A, 0x33, 0xC1, 0xCE, 0x82, 0xC6, 0xAF, 0x75, 0xBE, 0xDD, 0x40, 0x41, 0x57, 0x3A, 0xB5,
    0x6E, 0x72, 0x15, 0x29, 0xAC, 0xF7, 0x1F, 0x16, 0xE6, 0x88, 0x11, 0xDD, 0x5C, 0xE8, 0xEA, 0xB2,
    0xC9, 0x42, 0x76, 0x05, 0x8F, 0xFD, 0xB1, 0xD6, 0x88, 0x69, 0xB9, 0xC9, 0xEC, 0xE7, 0xD7, 0x42,
    0x66, 0x46, 0xC4, 0x36, 0x30, 0xD9, 0xC6, 0x2D, 0xF9, 0x30, 0xEF, 0x5D, 0x34, 0x15, 0x5B, 0xD1,
    0x87, 0x0F, 0x80, 0x02, 0xB1, 0xDD, 0x85, 0xBA, 0x81, 0xB2, 0x81, 0xBE, 0xA5, 0x1D, 0x51, 0x78,
    0xF4, 0xEC, 0x5F, 0xD3, 0xBD, 0x95, 0x05, 0x1C, 0x49, 0x47, 0x3F, 0xC0, 0x99, 0xAF, 0xCD, 0x07,
    0x3F, 0x20, 0xE9, 0x3E, 0xCB, 0x0F, 0xD8, 0x3F, 0x92, 0xE3, 0x94, 0x47, 0x8C, 0x4B, 0x0B, 0x76,
    0x1A, 0xFA, 0x68, 0x07, 0xA1, 0x07, 0xCD, 0xF7, 0x06, 0x87, 0xAF, 0x12, 0x73, 0xED, 0xD2, 0x6E,
    0x32, 0xED, 0x18, 0xFB, 0xC6, 0xBC, 0x26, 0xFB, 0xAD, 0x0A, 0xDE, 0x7B, 0x1F, 0xFE, 0xB2, 0xA9,
    0xFA, 0x43, 0x1A, 0xF1, 0x0E, 0xB9, 0x92, 0xA4, 0xBA, 0x49, 0x8B, 0x93, 0x3D, 0x73, 0x16, 0x1C,
    0xEB, 0x89, 0xD5, 0xAA, 0x61, 0x60, 0x4C, 0xE5, 0xDB, 0xC9, 0xC6, 0xE4, 0x61, 0x39, 0x66, 0x85,
    0x21, 0x12, 0x0B, 0x57, 0xD8, 0x96, 0xAE, 0x81, 0xAD, 0xE8, 0xEA, 0xD8, 0x34, 0x41, 0xD8, 0x8F,
    0xCF, 0xC9, 0x14, 0x44, 0x8D, 0x0E, 0x1C, 0xB4, 0xF8, 0x5F, 0x36, 0x55, 0x39, 0xDC, 0xAC, 0x98,
    0xAD, 0xA5, 0xF9, 0x5E, 0xAA, 0xA8, 0x8C, 0x7E, 0x2C, 0xDB, 0x1B, 0xC5, 0x75, 0x31, 0xE7, 0x88,
    0xE3, 0x06, 0xFE, 0x98, 0x3E, 0x3D, 0x3A, 0x90, 0x57, 0x64, 0x59, 0xCF, 0x03, 0x89, 0x10, 0x1E,
    0xF7, 0x32, 0xFC, 0xF7, 0x94, 0x4C, 0x10, 0xC4, 0x33, 0x6C, 0x22, 0x5A, 0x68, 0xD4, 0x60, 0x7B,
    0xC6, 0x15, 0x5F, 0x4B, 0xAC, 0x23, 0x7C, 0xB3, 0x63, 0x49, 0x10, 0xEF, 0x81, 0xB9, 0xCC, 0xB3,
    0x46, 0x3C, 0x6B, 0xB2, 0x1C, 0x91, 0x0A, 0x98, 0x5D, 0x31, 0x22, 0x54, 0x7F, 0x1E, 0xC1, 0x3E,
    0x97, 0xE0, 0x27, 0xF9, 0x60, 0xF2, 0x5F, 0x02, 0xDB, 0x06, 0x80, 0x03, 0x7B, 0x0D, 0x32, 0xF7,
    0xFD, 0x5F, 0x08, 0x59, 0x17, 0xCC, 0x19, 0xBA, 0xDE, 0x60, 0x84, 0x33, 0xF1, 0x37, 0x58, 0xA6,
    0x82, 0xCE, 0xEC, 0x3F, 0xCC, 0xDD, 0xF2, 0x28, 0x43, 0x80, 0x28, 0xD4, 0x63, 0x67, 0xD1, 0x13,
    0x29, 0xD5, 0x7C, 0xC7, 0x3E, 0xC6, 0x59, 0xA1, 0x5C, 0xCA, 0xCE, 0x66, 0xA0, 0xF8, 0x2A, 0x38,
    0x7B, 0xF3, 0x7D, 0x88, 0xB6, 0xB8, 0x5E, 0xAC, 0xCE, 0x0C, 0x07, 0x0C, 0x62, 0x3E, 0x24, 0x6C,
    0x5C, 0xF9, 0xD9, 0xCF, 0x98, 0xEF, 0x1F, 0x3C, 0x9F, 0x1B, 0xE3, 0x61, 0xC9, 0x11, 0x78, 0xCB,
    0x51, 0xEB, 0xC9, 0xD5, 0x65, 0x0D, 0x12, 0xE7, 0x2B, 0x71, 0x0F, 0xA7, 0x84, 0x5C, 0x26, 0x86,
    0x53, 0x36, 0x92, 0xB3, 0x31, 0xB7, 0xCC, 0x00, 0x9C, 0xCA, 0xBF, 0xA4, 0x65, 0xBE, 0xBC, 0xEF,
    0x77, 0x01, 0xE8, 0x53, 0x67, 0x31, 0xD0, 0x10, 0x5B, 0x6C, 0x31, 0x85, 0x37, 0x2F, 0x8A, 0x56,
    0xAD, 0xDC, 0x6A, 0xCA, 0x42, 0x5B, 0x63, 0x2E, 0xC7, 0xDA, 0x3C, 0x02, 0x75, 0x09, 0x42, 0x90,
    0x92, 0xB9, 0xC2, 0xCC, 0xA3, 0x80, 0x82, 0xD9, 0x07, 0x63, 0xD6, 0x09, 0x1C, 0xE0, 0x01, 0xAC,
    0x23, 0x67, 0xE7, 0x24, 0x5C, 0xE1, 0xF8, 0x0F, 0x5C, 0x81, 0x65, 0xB5, 0x1C, 0x1B, 0xC8, 0x5D,
    0x83, 0x11, 0x66, 0x3B, 0x86, 0x25, 0xC6, 0xB3, 0x61, 0x25, 0xD6, 0xB3, 0x69, 0xFD, 0xD4, 0x34,
    0x95, 0x4E, 0x53, 0xF1, 0xAB, 0x3E, 0x81, 0x91, 0x59, 0xA8, 0xCF, 0xA5, 0xBF, 0x1A, 0x0C, 0x3C,
    0xCE, 0x41, 0x79, 0x8E, 0x99, 0xE1, 0x17, 0xFC, 0xA4, 0x01, 0x57, 0x2F, 0x6A, 0x2A, 0x0F, 0x14,
    0x19, 0xC6, 0x3A, 0x06, 0x98, 0x51, 0xC3, 0x21, 0x5C, 0xBF, 0xD5, 0x78, 0xA7, 0x31, 0x43, 0x6D,
    0x7A, 0x82, 0x2E, 0x44, 0x90, 0x63, 0x29, 0xAA, 0x74, 0x97, 0x4F, 0x65, 0x95, 0xD7, 0x5E, 0x4F,
    0x2A, 0x6F, 0x59, 0x67, 0x65, 0xB0, 0x53, 0x66, 0x65, 0x68, 0xD3, 0xA2, 0xA4, 0xD8, 0xCF, 0xA6,
    0x88, 0xC6, 0x40, 0xF6, 0x92, 0x68, 0x76, 0x5B, 0x93, 0x6D, 0x5F, 0x26, 0xB9, 0xBD, 0x0C, 0xCE,
    0x40, 0xD6, 0x8E, 0x9B, 0x8D, 0xCF, 0x81, 0x66, 0x68, 0x05, 0x9E, 0x48, 0xEF, 0xEE, 0x17, 0x8D,
    0xE6, 0xAF, 0x00, 0xCD, 0x29, 0xEE, 0x6F, 0x80, 0x08, 0xF2, 0xEE, 0x8B, 0x0F, 0xD2, 0x3D, 0x02,
    0xAD, 0xFF, 0x79, 0x14, 0xB8, 0xF0, 0xC6, 0x6E, 0x40, 0x22, 0x4D, 0xB5, 0x31, 0x91, 0x52, 0x28,
    0x06, 0xBB, 0xC1, 0xD9, 0x05, 0x55, 0x1C, 0xEC, 0x12, 0x70, 0x5A, 0x86, 0x97, 0x82, 0x17, 0x80,
    0x23, 0x83, 0xC8, 0x08, 0x0A, 0x06, 0x0C, 0x00, 0x27, 0xC6, 0x58, 0xF5, 0x48, 0x7E, 0xFD, 0x13,
    0xEF, 0xD7, 0x82, 0x0D, 0xCD, 0x6A, 0x47, 0x7A, 0xCE, 0x98, 0xE0, 0x7E, 0xC3, 0x65, 0x83, 0x84,
    0x46, 0x6C, 0x7E, 0x4B, 0xDC, 0x4B, 0x04, 0xCF, 0xD8, 0xE2, 0xF4, 0xB1, 0x4F, 0xB3, 0x61, 0x83,
    0x7E, 0xC5, 0x72, 0xF2, 0x80, 0xF5, 0x0F, 0x7E, 0x11, 0x27, 0x23, 0xD1, 0x1B, 0xBD, 0x47, 0x21,
    0x2E, 0xB1, 0x03, 0xBB, 0x1B, 0xE1, 0xFE, 0x11, 0xAD, 0x85, 0xFC, 0x2D, 0x62, 0xF1, 0x56, 0x2F,
    0xE6, 0x0B, 0x5C, 0xE3, 0x97, 0x37, 0xAF, 0x70, 0xBD, 0x09, 0x33, 0x9F, 0x3F, 0xAF, 0xAE, 0xD7,
    0x83, 0xAE, 0xEF, 0xB8, 0x79, 0x18, 0xB9, 0xEC, 0x4B, 0x60, 0x24, 0x3B, 0xCA, 0x0D, 0x68, 0x4E,
    0xBF, 0xB0, 0x45, 0x3E, 0x4A, 0x7E, 0xD8, 0x29, 0xF2, 0xC1, 0x92, 0xBB, 0x15, 0xAF, 0xA6, 0x57,
    0x8B, 0x0F, 0xBA, 0xD0, 0xFF, 0xDB, 0xA5, 0x9C, 0x96, 0x6A, 0x91, 0xC6, 0x5D, 0x61, 0xD5, 0x3B,
    0x0F, 0xC9, 0x9B, 0xD8, 0xF6, 0xFF, 0x9A, 0x6A, 0xA4, 0xC3, 0x23, 0xAD, 0x69, 0x9C, 0x73, 0x45,
    0x4A, 0x08, 0x98, 0x07, 0xA9, 0xA9, 0x49, 0x5A, 0xD8, 0x1C, 0x86, 0x06, 0x4C, 0x59, 0x59, 0x20,
    0x05, 0x93, 0xD1, 0xBB, 0x3F, 0x42, 0xC1, 0x69, 0x21, 0xFE, 0x36, 0x7E, 0xE3, 0x4A, 0x46, 0xCF,
    0x5E, 0x23, 0x62, 0xA0, 0x77, 0xE6, 0x62, 0xB8, 0xD6, 0xE9, 0xD5, 0xB9, 0x8C, 0x36, 0x64, 0x24,
    0x5F, 0x49, 0x4D, 0xF6, 0x33, 0x1A, 0x46, 0xF2, 0x53, 0xE6, 0xC8, 0x98, 0x70, 0x45, 0x42, 0xA8,
    0x87, 0x80, 0x2F, 0xE9, 0x24, 0xF7, 0xFB, 0x05, 0x48, 0x03, 0x71, 0x9D, 0x98, 0x6E, 0xC9, 0x25,
    0x29, 0x89, 0xE3, 0xC4, 0x70, 0xE2, 0x37, 0xB1, 0x9A, 0xFE, 0x23, 0x66, 0x13, 0xAF, 0x89, 0xD5,
    0xC4, 0x69, 0x62, 0x34, 0xF1, 0xF9, 0x88, 0x92, 0x88, 0x7D, 0x0A, 0x2A, 0x33, 0x7B, 0x47, 0xB2,
    0x9B, 0x56, 0xE6, 0x62, 0x87, 0x86, 0xA6, 0x63, 0x2A, 0x90, 0x90, 0x6B, 0x85, 0x68, 0x4E, 0x1B,
    0x23, 0xBD, 0xD5, 0x08, 0xE9, 0x59, 0x23, 0xD4, 0x4B, 0x4A, 0x4B, 0x96, 0x44, 0x6B, 0x60, 0xCD,
    0x1D, 0x74, 0xA2, 0xB9, 0x43, 0x49, 0xF9, 0x61, 0x31, 0xBC, 0x3C, 0x5A, 0x0F, 0xAF, 0xF0, 0x57,
    0x4E, 0xC3, 0x89, 0x3F, 0x5E, 0x5E, 0xD2, 0xC8, 0x0A, 0x87, 0x02, 0xA6, 0x3A, 0xEC, 0xE2, 0xBE,
    0xBC, 0xE0, 0xC8, 0xDA, 0x5B, 0xF1, 0x8E, 0x8C, 0xF5, 0xB5, 0x76, 0xA7, 0x5B, 0xF2, 0xE4, 0x9D,
    0xBE, 0xA2, 0x88, 0x38, 0xBD, 0x03, 0xEB, 0x89, 0x46, 0x32, 0x96, 0x1E, 0x45, 0x99, 0x35, 0x9C,
    0x89, 0xA8, 0x5C, 0x75, 0x2F, 0x52, 0x24, 0x96, 0x09, 0x44, 0xF2, 0x45, 0x80, 0x23, 0x76, 0x0F,
    0xB9, 0x18, 0x84, 0x26, 0x19, 0x3E, 0x02, 0xF4, 0x1B, 0x2D, 0x30, 0x0D, 0x18, 0x53, 0x8A, 0xBB,
    0xE9, 0x4A, 0x96, 0x84, 0xC0, 0xA5, 0x21, 0x09, 0x5F, 0x32, 0xC0, 0x04, 0x71, 0xC6, 0xFB, 0xA9,
    0x28, 0xB1, 0xA3, 0x88, 0xCC, 0xA4, 0x06, 0x91, 0x47, 0x8C, 0x2B, 0x65, 0xAF, 0x6E, 0xE2, 0xCC,
    0x2D, 0xC6, 0x10, 0x10, 0x74, 0xB8, 0x0D, 0xA2, 0x7F, 0xAF, 0xBD, 0x39, 0xE6, 0xB2, 0xFF, 0x61,
    0xD5, 0xFB, 0x09, 0xCA, 0x21, 0x5C, 0x74, 0x59, 0xBF, 0x86, 0x1F, 0x77, 0xEC, 0xD7, 0x45, 0xC3,
    0x23, 0x19, 0xC4, 0x99, 0xB4, 0xD3, 0x9C, 0x65, 0x49, 0x72, 0xA0, 0x3C, 0xCD, 0xA4, 0x86, 0x22,
    0x6E, 0xAA, 0x14, 0x00, 0x86, 0x98, 0xDE, 0x70, 0xE6, 0x76, 0x35, 0xF5, 0xEF, 0x4A, 0x85, 0x93,
    0x87, 0x91, 0xC2, 0xE6, 0xAF, 0x35, 0x18, 0x0F, 0x83, 0x6C, 0xD1, 0x13, 0x9C, 0x6D, 0xBD, 0xE5,
    0x80, 0x24, 0x7B, 0x79, 0xCE, 0xE4, 0x81, 0x71, 0x27, 0x7F, 0x31, 0xB1, 0x8B, 0xF4, 0xF3, 0xF2,
    0x98, 0xB7, 0x97, 0x69, 0xC2, 0xD7, 0x30, 0xE5, 0xE9, 0x00, 0x0F, 0x5F, 0x9C, 0x94, 0x38, 0xC4,
    0x17, 0x16, 0x2E, 0xF3, 0x36, 0xF0, 0x19, 0xA7, 0x58, 0x0B, 0x15, 0xE2, 0xD3, 0xB2, 0x25, 0x9B,
    0x0C, 0x26, 0xEE, 0xB2, 0xA4, 0xDC, 0x82, 0x76, 0x4C, 0x99, 0x44, 0xE2, 0x34, 0x37, 0x63, 0x98,
    0x22, 0x8E, 0xB0, 0x14, 0x79, 0x65, 0x98, 0x91, 0x5D, 0xEB, 0xAC, 0x9C, 0x8A, 0x73, 0x98, 0x23,
    0xE3, 0x11, 0x4F, 0x6E, 0x0C, 0x1B, 0x1D, 0x49, 0x0F, 0xF8, 0x45, 0x85, 0x6E, 0x77, 0xF6, 0x7C,
    0x49, 0x86, 0x13, 0x05, 0xB7, 0x15, 0x78, 0x3D, 0x05, 0x38, 0x94, 0x7C, 0x74, 0xF9, 0x43, 0x79,
    0x7F, 0x5B, 0x4B, 0xCD, 0xCF, 0x4A, 0xD5, 0x5D, 0x92, 0xA3, 0xA6, 0xF7, 0x62, 0xC2, 0x4E, 0x60,
    0x0D, 0xDB, 0x58, 0xC8, 0x6E, 0x43, 0x0D, 0x33, 0x24, 0x06, 0x4C, 0xE6, 0xB2, 0xCC, 0xAC, 0x11,
    0x76, 0x11, 0x2E, 0x56, 0x35, 0x44, 0xB1, 0x90, 0x5D, 0x84, 0xFD, 0x90, 0xD9, 0xCE, 0x87, 0x4A,
    0x3A, 0x36, 0x15, 0x76, 0x33, 0x4A, 0xE0, 0x98, 0x88, 0x0D, 0xF5, 0xEE, 0x6A, 0x70, 0xE9, 0xEA,
    0xDF, 0x7D, 0xDD, 0x2B, 0x85, 0xBE, 0x7F, 0xA7, 0xB7, 0xB4, 0xBD, 0x5C, 0x24, 0x83, 0xDA, 0x92,
    0xCB, 0xA2, 0x1F, 0x7C, 0xEA, 0x9E, 0x92, 0x7F, 0x55, 0xBC, 0x49, 0x84, 0xDA, 0x73, 0xB8, 0xAC,
    0x27, 0xA5, 0xDB, 0x35, 0x09, 0x14, 0xE8, 0x92, 0x2E, 0x1E, 0x02, 0x25, 0x0A, 0x13, 0x43, 0x48,
    0x71, 0xF8, 0x31, 0x12, 0xE8, 0x8D, 0xFD, 0x7A, 0x9E, 0xD4, 0xF6, 0x76, 0x9A, 0x94, 0xE4, 0xDE,
    0x65, 0x25, 0xA1, 0x9B, 0xA4, 0xB4, 0x79, 0x0F, 0xB1, 0x0A, 0x7B, 0x64, 0x4C, 0xE9, 0xA7, 0x3D,
    0xD3, 0x92, 0x21, 0xD6, 0xB9, 0xD9, 0xA7, 0x54, 0x1F, 0x57, 0x47, 0xF0, 0x21, 0x88, 0x44, 0x41,
    0xEE, 0x2B, 0xCD, 0x77, 0x16, 0xF1, 0xCD, 0x0B, 0xDD, 0x59, 0x24, 0xE1, 0xA0, 0xCC, 0xBA, 0x52,
    0xB7, 0x9D, 0xCF, 0xDE, 0xE8, 0x0E, 0xCC, 0xC5, 0x7B, 0xAD, 0x6F, 0xE2, 0x1F, 0x77, 0xA7, 0x4D,
    0xB2, 0x4D, 0xF6, 0x3E, 0xCB, 0xA1, 0x99, 0xE0, 0x98, 0x1F, 0x96, 0xE0, 0xCA, 0xB8, 0xF5, 0x24,
    0x9B, 0x2B, 0x82, 0xC4, 0x32, 0xC8, 0x8C, 0x35, 0xCD, 0xAA, 0xFF, 0xA3, 0xD6, 0x40, 0xCC, 0xC1,
    0x18, 0x1F, 0x8E, 0xF5, 0xB7, 0x7A, 0xD8, 0x78, 0x8E, 0x6E, 0xBC, 0x7C, 0x10, 0x62, 0x7F, 0x12,
    0xF5, 0x4B, 0xB0, 0xA9, 0x52, 0xD0, 0xC2, 0x75, 0xA3, 0xC1, 0x68, 0x97, 0xD0, 0x60, 0xBE, 0x54,
    0x49, 0xB8, 0x98, 0xF7, 0x32, 0xBD, 0x74, 0xEF, 0x79, 0x82, 0xCB, 0xF6, 0x7D, 0x37, 0x7D, 0xB3,
    0x03, 0xB2, 0x8E, 0x70, 0x15, 0xB2, 0x85, 0x4A, 0x38, 0x0C, 0xAB, 0x30, 0x11, 0x3C, 0xC4, 0xC8,
    0x81, 0x1A, 0x56, 0xB6, 0x96, 0x8D, 0xB8, 0x06, 0x99, 0x26, 0x81, 0xB5, 0xCC, 0x09, 0x8D, 0x86,
    0xBD, 0x85, 0xE5, 0x43, 0x97, 0x61, 0x57, 0x45, 0x4D, 0x6A, 0xE2, 0x77, 0x4B, 0xCE, 0x94, 0xC2,
    0xF0, 0x42, 0x02, 0x33, 0x62, 0xFC, 0x89, 0x7D, 0x86, 0xC2, 0xA1, 0xC1, 0x7E, 0xF7, 0x36, 0x45,
    0x76, 0x7D, 0x94, 0x8F, 0xA9, 0xE0, 0x75, 0x9E, 0x91, 0x09, 0xD4, 0x14, 0x2C, 0xB8, 0x8E, 0xA9,
    0x38, 0xFA, 0x99, 0x00, 0xD3, 0x67, 0xC7, 0x89, 0xD2, 0x4F, 0x01, 0xD3, 0xF6, 0xC0, 0xA0, 0x9A,
    0x24, 0xBB, 0x20, 0xDB, 0xA6, 0xC7, 0x5F, 0xA5, 0xC7, 0xFF, 0x9E, 0x1E, 0x47, 0x71, 0xAC, 0x46,
    0x62, 0xC0, 0x98, 0x6F, 0x4B, 0x96, 0x17, 0x8E, 0x0A, 0x5E, 0x63, 0xB1, 0x92, 0x5E, 0x11, 0xDE,
    0x83, 0x08, 0xEF, 0x5F, 0x1A, 0x93, 0xF2, 0x40, 0x33, 0x61, 0x34, 0xA5, 0x2E, 0xC9, 0xFE, 0x89,
    0xC3, 0x39, 0x63, 0x3C, 0x5D, 0x34, 0x1E, 0x1C, 0xC0, 0x9A, 0xB0, 0xA0, 0x15, 0x1E, 0xDA, 0x53,
    0x34, 0xD7, 0x1C, 0x8A, 0xC5, 0x2C, 0xED, 0xB4, 0xA4, 0x23, 0xDB, 0x49, 0x8A, 0xAA, 0xA4, 0x05,
    0x90, 0x31, 0x0B, 0x17, 0x67, 0x21, 0x41, 0x70, 0x97, 0x1B, 0x86, 0x2A, 0x57, 0x1D, 0x5B, 0x94,
    0xBA, 0x59, 0x1D, 0xD9, 0xBB, 0xBD, 0x96, 0xE6, 0x25, 0xB3, 0x5D, 0x0C, 0x25, 0x4C, 0x43, 0xD3,
    0xCA, 0xBB, 0xA5, 0x66, 0xDE, 0x21, 0x50, 0x2C, 0x51, 0x2C, 0x52, 0x22, 0x53, 0x9F, 0x53, 0xA8,
    0xAE, 0x00, 0x06, 0x8F, 0x2B, 0x91, 0x01, 0x17, 0x76, 0x43, 0x14, 0x78, 0x60, 0x51, 0x76, 0x03,
    0x86, 0x5F, 0x63, 0x0B, 0x6D, 0xCF, 0x4D, 0x71, 0x9B, 0x02, 0xC7, 0x73, 0xAD, 0x63, 0xC3, 0xD6,
    0x25, 0x8F, 0x65, 0x8F, 0xB7, 0xD0, 0x3F, 0x56, 0x7D, 0xAD, 0xD1, 0xE3, 0x36, 0xA4, 0x17, 0x25,
    0x41, 0xCE, 0xCD, 0x39, 0x77, 0x1F, 0x64, 0xB5, 0x27, 0xCC, 0xC9, 0xCE, 0x64, 0x2D, 0x5E, 0xA7,
    0x55, 0x92, 0x7C, 0xD3, 0x1A, 0x49, 0xBA, 0x89, 0xBF, 0xC5, 0x4F, 0x8D, 0xA5, 0xE5, 0xD5, 0xE4,
    0x7D, 0x93, 0xA5, 0xFC, 0x6A, 0x8B, 0xA5, 0xD1, 0xCA, 0xF0, 0x48, 0x9D, 0x26, 0x6F, 0x96, 0xD9,
    0x5B, 0x70, 0xBA, 0xC9, 0x2E, 0x91, 0x26, 0x3D, 0xAE, 0xA3, 0xFD, 0x40, 0xEF, 0x76, 0xDA, 0xFE,
    0x31, 0x16, 0xC4, 0x22, 0xDD, 0x80, 0xB3, 0xA9, 0x3B, 0x84, 0xF0, 0x2B, 0xDE, 0x5C, 0x98, 0x35,
    0xA2, 0x2A, 0x00, 0x22, 0x58, 0xC3, 0x52, 0x4B, 0x6A, 0x37, 0xB5, 0x51, 0xE2, 0x06, 0x67, 0x89,
    0x52, 0x56, 0xC6, 0x7F, 0x42, 0x98, 0xE0, 0xBE, 0x45, 0x77, 0x0C, 0x5C, 0x17, 0x35, 0xB2, 0xF1,
    0x4E, 0x49, 0x5B, 0x06, 0xDA, 0xBF, 0x8C, 0x17, 0x70, 0x36, 0xBC, 0x3C, 0x6A, 0xBD, 0x14, 0xAD,
    0x2E, 0xE1, 0x32, 0xE0, 0xFE, 0x24, 0xDF, 0x1E, 0x65, 0x2B, 0xE2, 0xD9, 0x3F, 0xA2, 0xFB, 0x29,
    0x62, 0xC3, 0x7F, 0x08, 0x31, 0xEC, 0x85, 0xBD, 0x24, 0x01, 0x04, 0xF6, 0x29, 0xFA, 0x29, 0xD0,
    0xCE, 0x03, 0x7F, 0x08, 0x1A, 0x36, 0x5E, 0x4A, 0xB8, 0x1F, 0xDA, 0x55, 0x9B, 0xCB, 0x88, 0x0F,
    0xF6, 0xA2, 0xE8, 0x13, 0x79, 0xDC, 0x09, 0xE4, 0x55, 0x7D, 0x3D, 0xC7, 0x61, 0x95, 0x73, 0x82,
    0xA6, 0x75, 0x90, 0x73, 0xF9, 0x06, 0x8C, 0xD6, 0xD1, 0xA4, 0x7C, 0xC1, 0xCE, 0xB2, 0xD2, 0x59,
    0x6E, 0xD9, 0xD4, 0x5D, 0x56, 0xD6, 0x78, 0x3B, 0xAF, 0x90, 0x4F, 0x6A, 0xE1, 0x92, 0x2E, 0x49,
    0xE6, 0xC8, 0x3F, 0x98, 0x6F, 0xC5, 0x4D, 0xFC, 0x51, 0x95, 0xD4, 0x70, 0xF7, 0xCB, 0x82, 0x1C,
    0xFE, 0x94, 0x7C, 0xBB, 0xC3, 0x2C, 0x42, 0x07, 0x17, 0xB4, 0xE7, 0x56, 0x45, 0xC3, 0xD7, 0x48,
    0xCB, 0xEB, 0xA6, 0x55, 0xA0, 0xF1, 0xDE, 0xBB, 0x2D, 0x71, 0xB9, 0xD2, 0x0F, 0xB2, 0xDB, 0x78,
    0x0E, 0x1E, 0x88, 0x23, 0x1E, 0x48, 0xDE, 0x7B, 0x20, 0xC9, 0xE0, 0x81, 0x34, 0x83, 0x07, 0xA2,
    0x7D, 0x2B, 0x5C, 0xE8, 0x11, 0xD1, 0x76, 0x3A, 0x2D, 0x2D, 0x17, 0x4A, 0x76, 0x52, 0x8F, 0x55,
    0xD7, 0x83, 0x2F, 0xE9, 0x4F, 0xA2, 0x2D, 0x6C, 0x86, 0x74, 0x70, 0x0C, 0xA3, 0x1A, 0xDE, 0xEA,
    0x55, 0x3B, 0xAF, 0xDE, 0xDF, 0x2B, 0x21, 0x7F, 0xC3, 0x0C, 0x2E, 0xA1, 0x18, 0x3C, 0xED, 0x85,
    0x4C, 0xD2, 0xB1, 0x83, 0xF2, 0xE6, 0xE8, 0xE3, 0x8A, 0xD3, 0xF6, 0x08, 0x39, 0x88, 0xC7, 0x61,
    0x15, 0xF1, 0x62, 0x8C, 0xFC, 0x9F, 0x79, 0xD9, 0x3E, 0x46, 0xFA, 0x6C, 0xA3, 0x7B, 0x9A, 0x34,
    0x95, 0xDB, 0x36, 0x6C, 0xD7, 0xB7, 0xE9, 0xEA, 0xEF, 0x5C, 0x5E, 0x42, 0xD9, 0x43, 0x6F, 0x87,
    0x2D, 0x94, 0x7C, 0xBC, 0x88, 0x9A, 0x2B, 0xA4, 0x38, 0x93, 0x8F, 0x28, 0x26, 0xAE, 0x90, 0x96,
    0x2E, 0x4A, 0x2E, 0xE0, 0x72, 0x54, 0xF5, 0x1B, 0xDC, 0x22, 0x16, 0x92, 0x62, 0x8E, 0x36, 0x5B,
    0xCE, 0x94, 0x07, 0x1A, 0x6F, 0x73, 0x35, 0x3D, 0xEE, 0x44, 0xB3, 0x81, 0x8B, 0x33, 0xE6, 0x62,
    0xCE, 0xE2, 0xFA, 0x7B, 0x44, 0xC2, 0x16, 0x73, 0xB1, 0x66, 0x6E, 0xD6, 0xA4, 0x92, 0x69, 0x34,
    0xA7, 0x4A, 0x16, 0x4E, 0xC5, 0x5C, 0x6C, 0x99, 0x9B, 0x79, 0xD8, 0x81, 0x9B, 0x01, 0x28, 0x42,
    0x3E, 0x9E, 0x16, 0xFD, 0x17, 0xCC, 0x45, 0xD7, 0xFE, 0x13, 0xDA, 0x56, 0x25, 0xC9, 0x81, 0xA1,
    0x0B, 0xE5, 0x22, 0x9B, 0x8E, 0xB9, 0x64, 0x43, 0x9D, 0xB9, 0xD8, 0x28, 0x70, 0x31, 0xD0, 0xF4,
    0xA4, 0xA7, 0x09, 0x54, 0x4F, 0x37, 0x4F, 0x1F, 0x83, 0x05, 0xD3, 0x0C, 0x75, 0x0F, 0xA2, 0x71,
    0xBE, 0x3F, 0x5F, 0xE9, 0x2B, 0xF6, 0xFA, 0x76, 0x89, 0x6E, 0x25, 0x7C, 0x3D, 0x82, 0xCA, 0x90,
    0x2D, 0xB3, 0xDA, 0xB7, 0x6F, 0xDB, 0x26, 0x2C, 0x6E, 0x9F, 0x6B, 0x8E, 0x27, 0x7F, 0x49, 0x5E,
    0x51, 0x76, 0x89, 0x0C, 0x87, 0xBD, 0x40, 0x50, 0x77, 0x75, 0x91, 0x53, 0x18, 0x43, 0xFC, 0xB6,
    0xCF, 0x20, 0xFA, 0x46, 0x55, 0xA4, 0xE5, 0x1A, 0x09, 0x6C, 0x48, 0x83, 0x96, 0xB3, 0x8A, 0xEC,
    0x8C, 0x9B, 0x72, 0x34, 0x21, 0xBE, 0x44, 0xDE, 0x87, 0x00, 0x9D, 0xF6, 0x95, 0xAE, 0x23, 0x7F,
    0x53, 0x7C, 0x2B, 0xD7, 0xE5, 0x9E, 0x54, 0x62, 0x36, 0x37, 0xAF, 0xB0, 0x29, 0x6C, 0x3E, 0xA3,
    0xF9, 0x86, 0x90, 0xE3, 0xF0, 0x2E, 0xEF, 0x58, 0xB1, 0x90, 0x40, 0x10, 0x32, 0x71, 0x05, 0xE6,
    0x45, 0x0D, 0xD7, 0x03, 0x1A, 0x84, 0xC1, 0x44, 0x06, 0x32, 0xDC, 0x0B, 0xB8, 0x09, 0xD1, 0x02,
    0xA1, 0x6F, 0xBC, 0x48, 0x38, 0x15, 0x0E, 0x2B, 0x9C, 0xCC, 0x39, 0x5D, 0xD1, 0x70, 0xDF, 0x53,
    0x2D, 0xDD, 0x4F, 0x68, 0x95, 0xB3, 0x14, 0xC0, 0xC0, 0xCB, 0x88, 0xB9, 0x7F, 0x89, 0xD6, 0x40,
    0x63, 0x93, 0x5F, 0x59, 0x54, 0x24, 0x53, 0xAC, 0xBD, 0x32, 0xC6, 0xCD, 0xF9, 0x1B, 0xED, 0x11,
    0x4A, 0x91, 0x13, 0xC7, 0x4E, 0x42, 0xCA, 0xEE, 0xFC, 0x37, 0x7B, 0x12, 0xBF, 0xCB, 0x22, 0x44,
    0x74, 0x17, 0xCF, 0x12, 0x02, 0x1D, 0xED, 0x82, 0xA0, 0x0D, 0x18, 0x9A, 0x56, 0xBA, 0x90, 0x12,
    0x5C, 0xB2, 0x2A, 0x9A, 0x4B, 0xA7, 0x2E, 0x4D, 0x5E, 0x41, 0x0A, 0x49, 0x20, 0x4B, 0xB8, 0x25,
    0x3F, 0x6E, 0xF5, 0x7D, 0xA3, 0x1D, 0xAE, 0x1B, 0x2C, 0x5C, 0xEC, 0x2D, 0x1A, 0x01, 0x44, 0xC2,
    0xF3, 0x68, 0xB9, 0xFF, 0x60, 0x31, 0x95, 0x4F, 0x1C, 0xAE, 0x42, 0xB0, 0x99, 0xB3, 0xFE, 0xED,
    0x90, 0x69, 0xD8, 0x13, 0x6C, 0xDC, 0xFA, 0x07, 0x92, 0xA3, 0x91, 0x66, 0x8F, 0xF7, 0xC4, 0xD5,
    0x7A, 0x96, 0x27, 0xBC, 0x29, 0xDE, 0x48, 0x3D, 0xFB, 0x94, 0xFC, 0x08, 0x52, 0x0A, 0x95, 0x62,
    0x25, 0x60, 0x49, 0x51, 0x49, 0x4A, 0x18, 0x28, 0xF8, 0x31, 0x5E, 0x46, 0x00, 0x33, 0x82, 0x98,
    0x11, 0xC8, 0x8C, 0x60, 0x26, 0xA9, 0xAF, 0x46, 0x9A, 0xE8, 0xEA, 0xA1, 0x97, 0x8E, 0x71, 0x33,
    0x02, 0x9C, 0x22, 0xA7, 0xD0, 0x29, 0x76, 0x3D, 0x78, 0x8A, 0x5E, 0x0F, 0x9F, 0x09, 0x91, 0x02,
    0x8B, 0x6E, 0xC3, 0x0F, 0x7D, 0x0D, 0x17, 0x64, 0x9C, 0x6E, 0x42, 0x13, 0xCE, 0x2F, 0x01, 0x58,
    0x78, 0x95, 0x69, 0xB9, 0x17, 0x48, 0x8E, 0x08, 0xE1, 0x07, 0x9B, 0xF2, 0x5F, 0xAC, 0xFD, 0x80,
    0x76, 0xAD, 0xDF, 0x41, 0xE1, 0x85, 0x29, 0x96, 0x1E, 0x76, 0x50, 0x2D, 0xC4, 0x4F, 0x5A, 0x8F,
    0xDF, 0x17, 0xE0, 0x9C, 0xBE, 0x53, 0x50, 0xFD, 0xEA, 0x85, 0x3A, 0xE8, 0x34, 0x6B, 0xC9, 0x98,
    0x65, 0x8D, 0xC7, 0xED, 0x85, 0x68, 0x25, 0x64, 0xDF, 0xD5, 0xD8, 0xFB, 0x05, 0xFF, 0x9D, 0x46,
    0x08, 0xF9, 0x1F, 0xAE, 0xCD, 0x8F, 0x1A, 0x81, 0x2D, 0x3D, 0xA4, 0xFF, 0x50, 0x33, 0x8B, 0x31,
    0x9F, 0x60, 0x0C, 0x3B, 0xB4, 0x74, 0x13, 0x8A, 0x34, 0xA6, 0x53, 0x03, 0x47, 0x72, 0x6B, 0x69,
    0x64, 0x77, 0xE9, 0xDA, 0xEE, 0x3C, 0x2A, 0x8B, 0x19, 0xD3, 0x9E, 0x8E, 0x68, 0x1A, 0xE7, 0x2A,
    0x90, 0x8A, 0x2D, 0xD2, 0xEB, 0x36, 0xBC, 0x1B, 0xD6, 0xDE, 0x92, 0x0C, 0x41, 0x1D, 0x2C, 0xC2,
    0x45, 0x54, 0x41, 0x51, 0x15, 0x39, 0x01, 0x45, 0x8A, 0x3E, 0xA9, 0xE2, 0xFB, 0x29, 0xF2, 0x16,
    0x80, 0x54, 0xAE, 0x79, 0x51, 0x7B, 0x14, 0x7B, 0xDA, 0xF9, 0xE3, 0xA6, 0x78, 0x86, 0xDB, 0x1F,
    0x5F, 0xDD, 0x21, 0xF1, 0x09, 0xED, 0x2B, 0x68, 0x96, 0xBD, 0xAA, 0x67, 0x3C, 0x34, 0xB9, 0xA0,
    0xC9, 0x2A, 0x0E, 0x1E, 0x07, 0x0B, 0xA6, 0x3E, 0x8E, 0xB3, 0x52, 0xEC, 0xBC, 0xC6, 0x9B, 0xB7,
    0xB0, 0x2F, 0x72, 0xE8, 0xD4, 0x72, 0xAA, 0x2B, 0x6E, 0x79, 0xB9, 0xC9, 0x42, 0x6E, 0xD2, 0xF0,
    0x99, 0xC9, 0xCD, 0xD6, 0x5C, 0x2E, 0x20, 0xA4, 0x16, 0x1C, 0x1D, 0x62, 0x06, 0xD7, 0x6E, 0x77,
    0xA6, 0xD7, 0x92, 0x24, 0x63, 0x9C, 0x72, 0x0A, 0x3A, 0xC9, 0xE7, 0x2C, 0x39, 0x3A, 0x0A, 0xDB,
    0x40, 0x92, 0xB8, 0x9C, 0x17, 0x44, 0xF6, 0x89, 0x6B, 0x80, 0x0E, 0xCB, 0x0C, 0xE7, 0x9E, 0xE0,
    0xA5, 0x90, 0x26, 0xA1, 0x70, 0x61, 0x38, 0x98, 0x32, 0xFC, 0xCC, 0xE5, 0xCC, 0x02, 0x1A, 0x17,
    0xE0, 0x02, 0xA0, 0x30, 0x7D, 0x7A, 0xEC, 0x08, 0xFA, 0x8E, 0x79, 0xC1, 0xEF, 0xFC, 0x36, 0xB6,
    0x51, 0x77, 0xD6, 0x9E, 0xED, 0x7E, 0x73, 0xD9, 0xB4, 0xDE, 0xB2, 0x9C, 0x7B, 0x3B, 0xB9, 0xEC,
    0x98, 0xA5, 0xE4, 0x1B, 0x13, 0x8D, 0xA6, 0x34, 0xE6, 0x66, 0xFF, 0xF9, 0xF8, 0x01, 0x01, 0x41,
    0xF8, 0xE7, 0x4B, 0x1C, 0xA5, 0xC7, 0x5A, 0xFC, 0x76, 0xC5, 0x73, 0x9D, 0x0F, 0x87, 0x0F, 0x86,
    0xA2, 0x3E, 0x3B, 0x77, 0xA8, 0x7E, 0xAC, 0x61, 0x97, 0x64, 0xA5, 0x6B, 0xFF, 0xD3, 0xD6, 0xDE,
    0xDD, 0x8F, 0xEE, 0xD6, 0x4E, 0xF4, 0xB3, 0x90, 0x36, 0xC1, 0x4F, 0x69, 0x1F, 0x25, 0x37, 0xA6,
    0xD5, 0x05, 0x47, 0x0A, 0x0B, 0xBD, 0x87, 0x1C, 0x0C, 0x29, 0x39, 0xF6, 0x47, 0x9D, 0xBC, 0x3F,
    0xF8, 0xC2, 0xFE, 0x34, 0x3F, 0x22, 0x7A, 0xE3, 0x56, 0x6F, 0xD7, 0xB9, 0xB7, 0x87, 0xBD, 0xE7,
    0xDF, 0x1F, 0x73, 0x86, 0xDA, 0x76, 0xCD, 0xC4, 0xDF, 0xD5, 0xB6, 0x6B, 0x69, 0xBC, 0x55, 0xBF,
    0xEF, 0xE2, 0x01, 0x12, 0x49, 0x34, 0xA8, 0x39, 0xF5, 0x3A, 0xD9, 0xC0, 0xB9, 0x44, 0xCD, 0x7D,
    0x7B, 0xE3, 0xAC, 0xAF, 0x1C, 0x3F, 0x98, 0x38, 0xF6, 0x7C, 0xD3, 0x6C, 0x74, 0x3B, 0xE9, 0x2A,
    0x4C, 0xC7, 0x68, 0xF6, 0x98, 0x9C, 0xE0, 0x42, 0x72, 0x04, 0xDE, 0x2F, 0x9E, 0x2B, 0x52, 0xA8,
    0xA3, 0x84, 0xD3, 0x46, 0x67, 0x59, 0xCF, 0x9F, 0x62, 0x0B, 0x71, 0x4A, 0xFC, 0x6C, 0x69, 0x9B,
    0x13, 0x87, 0xB2, 0x6F, 0xBC, 0x70, 0xD8, 0xC5, 0xE3, 0x12, 0x78, 0xFF, 0x67, 0x9F, 0x88, 0x09,
    0xB9, 0x04, 0x13, 0x32, 0x61, 0x21, 0xE7, 0x5C, 0x62, 0xF6, 0x96, 0x92, 0x1C, 0xDB, 0x30, 0xAB,
    0x51, 0x06, 0xFC, 0x53, 0x56, 0xCB, 0xE6, 0xB7, 0x47, 0x85, 0x0D, 0xD5, 0xC3, 0x5B, 0xB4, 0x91,
    0x42, 0x58, 0xAC, 0xC4, 0x5E, 0x37, 0xBD, 0xE7, 0xC0, 0xF9, 0x12, 0xB8, 0xB9, 0x8B, 0xCC, 0x38,
    0x8B, 0x53, 0x9C, 0xBE, 0x01, 0x0B, 0x59, 0xEA, 0x40, 0x16, 0x4A, 0x0A, 0x04, 0xCC, 0x45, 0x5A,
    0xEF, 0x92, 0x86, 0x40, 0x43, 0x63, 0xB6, 0x18, 0x33, 0x69, 0x66, 0x3C, 0xFE, 0xC3, 0xD9, 0x61,
    0x87, 0x0D, 0x7A, 0x70, 0x0F, 0xD8, 0x9D, 0x4E, 0x83, 0xE1, 0xA9, 0xFD, 0x83, 0x8B, 0xAF, 0xE9,
    0x41, 0x24, 0xFB, 0x40, 0xCD, 0x7B, 0x95, 0x09, 0x5E, 0xA9, 0xCD, 0x63, 0xA6, 0xDE, 0x4D, 0x4C,
    0xF6, 0xC1, 0x7A, 0xA3, 0xAB, 0xE3, 0x89, 0xAD, 0x37, 0xCC, 0x50, 0x0B, 0xD1, 0xC2, 0x10, 0x3B,
    0xDE, 0xA7, 0xF9, 0x2C, 0x5A, 0xFC, 0xB3, 0x51, 0x87, 0xF5, 0x89, 0x8D, 0x87, 0xA4, 0x8E, 0xE4,
    0xC1, 0x9E, 0xBD, 0x4A, 0x16, 0xF5, 0x95, 0x92, 0xDF, 0xC0, 0x16, 0xE1, 0x93, 0x6E, 0x9D, 0xA4,
    0x1D, 0x09, 0x16, 0x3F, 0xED, 0xC8, 0x99, 0x27, 0xCF, 0xE2, 0x5E, 0xC3, 0x14, 0xB2, 0xE2, 0xB9,
    0x21, 0x1D, 0x4B, 0x3D, 0x72, 0x98, 0xF9, 0x06, 0x2D, 0xDF, 0x5E, 0x92, 0x1D, 0x76, 0x78, 0x12,
    0x43, 0x7B, 0xF5, 0x49, 0x68, 0x87, 0x8E, 0x89, 0x93, 0xE8, 0x59, 0xAA, 0x38, 0x47, 0xF7, 0x15,
    0x9A, 0x22, 0x3D, 0x5E, 0xFE, 0x30, 0x79, 0x14, 0x97, 0x8C, 0xFB, 0x73, 0xF2, 0x4D, 0x76, 0x4A,
    0x09, 0x58, 0x96, 0xBB, 0xBD, 0xA3, 0x58, 0x63, 0xFB, 0x50, 0x95, 0x38, 0x5B, 0xE1, 0x75, 0x85,
    0x7D, 0x1D, 0xC7, 0xF9, 0x08, 0xF8, 0x96, 0xF8, 0x49, 0x2B, 0xBD, 0x6E, 0x9E, 0x86, 0x9B, 0xB4,
    0x45, 0x3A, 0x27, 0x91, 0x52, 0x50, 0xA1, 0x15, 0xD3, 0x6A, 0x52, 0x5E, 0x75, 0xF4, 0xF8, 0xA7,
    0x44, 0x71, 0x7A, 0xE8, 0x53, 0x92, 0xC5, 0x7D, 0x7F, 0xA7, 0x1A, 0x2E, 0xBD, 0xC5, 0x7A, 0x1A,
    0x55, 0x0C, 0x97, 0xA4, 0x22, 0x75, 0xE4, 0x35, 0xC9, 0x18, 0x26, 0x5A, 0xA5, 0x7E, 0x6A, 0xA2,
    0x15, 0xB5, 0x37, 0xAD, 0x6F, 0x67, 0xD3, 0x79, 0x54, 0xD8, 0x6E, 0x48, 0x90, 0x0E, 0xC6, 0x8F,
    0x49, 0x91, 0xC3, 0x83, 0x7E, 0x02, 0xB9, 0xE8, 0x99, 0x96, 0x43, 0x91, 0xD2, 0xF4, 0x94, 0xEB,
    0x34, 0x89, 0xFD, 0xA0, 0xCF, 0x29, 0x77, 0xBD, 0xDA, 0x15, 0xEB, 0x37, 0xF6, 0x4B, 0xD5, 0x2F,
    0xD0, 0x73, 0x6F, 0x23, 0x17, 0x7F, 0x37, 0xD7, 0x6C, 0x28, 0x13, 0xCA, 0x89, 0xE9, 0xF5, 0x9E,
    0x44, 0x26, 0x50, 0x06, 0x19, 0x92, 0x3B, 0x4C, 0x58, 0x71, 0xA9, 0x5F, 0xE7, 0xE1, 0x69, 0x3D,
    0x81, 0xD4, 0xFA, 0x8B, 0x5C, 0x72, 0xDD, 0x59, 0xAE, 0x1C, 0x48, 0x12, 0x0E, 0x3D, 0x7D, 0x20,
    0x38, 0x34, 0xFE, 0x6C, 0x0D, 0x1D, 0x19, 0x43, 0x5B, 0x86, 0x6C, 0x7B, 0xE0, 0xBF, 0x0E, 0xFC,
    0xCF, 0xE0, 0x93, 0xE7, 0x76, 0x1D, 0xFF, 0x13, 0xD3, 0x8A, 0xFC, 0xEE, 0x00, 0x26, 0x91, 0x87,
    0x6B, 0xAD, 0xDD, 0x33, 0xC0, 0xAE, 0x4B, 0x36, 0xC9, 0xD3, 0x16, 0x93, 0xA8, 0x46, 0x00, 0x5F,
    0x86, 0xF6, 0x7E, 0x3E, 0x38, 0x06, 0x0C, 0x4E, 0xCB, 0xA7, 0xB6, 0x25, 0xE3, 0x7F, 0x9C, 0x30,
    0xB9, 0x68, 0xA2, 0x9D, 0x9A, 0x53, 0x3E, 0x28, 0x1C, 0xC0, 0x18, 0xAE, 0x7D, 0xA2, 0x4F, 0xF6,
    0x82, 0x4C, 0x27, 0x59, 0x7D, 0x4D, 0xEB, 0xCB, 0x09, 0xEC, 0xC9, 0x83, 0x48, 0x69, 0x84, 0xB6,
    0xA1, 0x25, 0xA6, 0xD0, 0x50, 0xA8, 0x1A, 0xC8, 0x51, 0x2A, 0xA3, 0xBE, 0x8D, 0x04, 0x90, 0xA6,
    0x66, 0xE1, 0xA1, 0xC8, 0x01, 0xC2, 0xE3, 0x96, 0x8C, 0x85, 0x97, 0x33, 0x16, 0x7E, 0xCA, 0x58,
    0x04, 0xDA, 0x56, 0x23, 0x1A, 0xFB, 0x4B, 0x82, 0xC5, 0x29, 0xC1, 0x62, 0x26, 0x58, 0x5C, 0x97,
    0x5B, 0xC3, 0x1F, 0x22, 0x57, 0x44, 0x41, 0x1A, 0x5C, 0x79, 0x34, 0xC7, 0x49, 0xE9, 0x5A, 0x7A,
    0x41, 0x85, 0x07, 0xE3, 0x89, 0x5A, 0x1C, 0x10, 0xFE, 0xA0, 0x92, 0x04, 0x97, 0xC1, 0x1A, 0xDC,
    0xF2, 0x9B, 0xEA, 0x13, 0x1F, 0xC1, 0x56, 0xB2, 0x79, 0x9C, 0x53, 0x44, 0x95, 0xA1, 0x7F, 0xC5,
    0xA6, 0x33, 0x4B, 0x52, 0xF4, 0xAE, 0x25, 0x29, 0xF2, 0xE0, 0xE7, 0x91, 0x23, 0x86, 0xAE, 0x8B,
    0x3F, 0x43, 0x22, 0xE8, 0x43, 0x0A, 0x79, 0xDF, 0x79, 0xAB, 0xA9, 0x93, 0xB7, 0xA2, 0x9F, 0x94,
    0xD9, 0x92, 0xD4, 0x66, 0x36, 0x4F, 0x38, 0xD8, 0xCA, 0xD9, 0x04, 0x0D, 0xF9, 0x1E, 0xAD, 0x98,
    0xE8, 0xE1, 0xFC, 0x95, 0x9F, 0x03, 0x80, 0x18, 0xBE, 0x5B, 0xC0, 0x7C, 0xC6, 0x77, 0x0B, 0xEC,
    0x3E, 0x58, 0x57, 0x44, 0xCA, 0xE6, 0x72, 0x64, 0xA2, 0x10, 0xB0, 0x12, 0x3D, 0xFF, 0xBF, 0x3C,
    0x48, 0x98, 0xE9, 0xD7, 0x07, 0xD4, 0x9F, 0xF9, 0xF5, 0x01, 0xBB, 0x0F, 0x9C, 0x1A, 0xB1, 0xE8,
    0x9A, 0xD4, 0xA7, 0xA4, 0xB5, 0xE3, 0x92, 0x1C, 0x69, 0x3F, 0x2B, 0x8D, 0x2D, 0xC1, 0x9D, 0x03,
    0xB5, 0x4B, 0xBF, 0xD6, 0x77, 0xFE, 0x04, 0x97, 0xE9, 0x12, 0x22, 0x05, 0x1C, 0xA1, 0x13, 0x27,
    0xBC, 0x36, 0x06, 0xAE, 0x7B, 0x81, 0xA4, 0x73, 0x47, 0x2A, 0xEE, 0xAD, 0xB4, 0x00, 0xFD, 0x52,
    0xCE, 0xC3, 0xBF, 0xCA, 0x02, 0xF9, 0x43, 0xE9, 0x60, 0x6F, 0x9E, 0x3A, 0x48, 0x48, 0x3A, 0xF5,
    0x45, 0x84, 0x51, 0x28, 0xE5, 0xFF, 0x12, 0x13, 0xBC, 0x83, 0x44, 0xFB, 0xAB, 0x44, 0x5A, 0x8C,
    0x77, 0x67, 0xC8, 0xA1, 0x3F, 0x71, 0x7C, 0xD7, 0x91, 0xDC, 0xCF, 0xC0, 0xC8, 0x26, 0x31, 0x97,
    0xA6, 0xFD, 0x45, 0x81, 0xD8, 0xD6, 0x50, 0xCC, 0x75, 0x5C, 0x49, 0x8F, 0xDB, 0xFB, 0x72, 0x62,
    0xC4, 0x4E, 0x6D, 0xB2, 0xBB, 0xB1, 0xAB, 0x92, 0x57, 0x12, 0x5E, 0x8F, 0x0F, 0x5F, 0x63, 0xD1,
    0xF4, 0xB1, 0xB9, 0xB4, 0x9E, 0x6E, 0xAF, 0xB4, 0x9E, 0x46, 0xD3, 0xD6, 0xD3, 0xC9, 0xCF, 0x50,
    0x0D, 0x1F, 0x8F, 0x3D, 0x25, 0x7D, 0x3B, 0x70, 0x7F, 0x26, 0x01, 0x05, 0x5D, 0x77, 0xD5, 0xF6,
    0x90, 0xEB, 0xF0, 0x2C, 0x29, 0x74, 0xB2, 0xE5, 0x27, 0xED, 0x3D, 0x62, 0x54, 0x9E, 0x75, 0x29,
    0x76, 0x1C, 0xF1, 0x2A, 0xAE, 0xFB, 0xB6, 0x4A, 0xE2, 0x27, 0xFE, 0x65, 0x39, 0x56, 0x21, 0x1E,
    0xB9, 0x96, 0xFB, 0xC8, 0x3C, 0xB0, 0xB5, 0x76, 0xB9, 0x88, 0x61, 0xC2, 0xA2, 0xF2, 0x25, 0xCB,
    0x33, 0xB3, 0xC8, 0x8D, 0x83, 0x7B, 0x8D, 0x2D, 0xD7, 0x99, 0x22, 0xB7, 0xB2, 0xE5, 0x75, 0xFE,
    0x97, 0xFF, 0xE7, 0x76, 0xBB, 0x66, 0x45, 0x1E, 0xB9, 0xF6, 0x32, 0x7F, 0x5D, 0x49, 0x3B, 0xF3,
    0xEC, 0x39, 0xC1, 0xB6, 0xF1, 0xEC, 0x4C, 0x8A, 0x8C, 0xA5, 0x67, 0xB7, 0x34, 0xD0, 0xF1, 0x85,
    0x63, 0x71, 0xD7, 0x9F, 0x9E, 0x26, 0x44, 0x75, 0x91, 0x7D, 0xBB, 0x26, 0xC7, 0x5B, 0xDA, 0x3C,
    0x86, 0x9E, 0xAD, 0xB2, 0x0F, 0x00, 0xDD, 0xD1, 0x7B, 0x2B, 0x27, 0xDF, 0xF2, 0x31, 0x3D, 0xEB,
    0xD6, 0x30, 0x2C, 0x9F, 0x38, 0xEB, 0x06, 0xF1, 0x25, 0x81, 0x4D, 0x4F, 0x05, 0x8D, 0x6F, 0xD3,
    0x2E, 0x6A, 0x22, 0xE2, 0x68, 0xD8, 0x64, 0x9D, 0xB7, 0x0C, 0x9A, 0x1F, 0x2D, 0xBD, 0xD6, 0xAF,
    0xE9, 0x77, 0xE1, 0x55, 0xC1, 0x82, 0x9E, 0x28, 0xC3, 0x26, 0xAC, 0xC2, 0x94, 0x9E, 0x2A, 0x8F,
    0xF2, 0x71, 0x94, 0x19, 0xF9, 0xA1, 0xB6, 0xDC, 0x32, 0xC9, 0x7F, 0xDB, 0xF7, 0xD1, 0xD7, 0x8E,
    0xE3, 0xC5, 0x51, 0x0B, 0xD1, 0x5D, 0xCB, 0xDD, 0x29, 0xEF, 0xE2, 0xB1, 0xED, 0x87, 0x7B, 0xBD,
    0x4C, 0xFC, 0x7E, 0xCB, 0xCD, 0x96, 0xA7, 0xFA, 0x07, 0xEE, 0x5B, 0xCF, 0x76, 0x81, 0x5D, 0x38,
    0x76, 0x0E, 0x1E, 0x24, 0xFC, 0xF4, 0x25, 0xBE, 0xA2, 0xB5, 0xA6, 0x82, 0x4E, 0xA4, 0x28, 0x8F,
    0xD7, 0xF3, 0x14, 0xA7, 0x30, 0x2E, 0xB2, 0x6B, 0xCB, 0x20, 0xEF, 0xE4, 0xC3, 0x29, 0xAD, 0xCF,
    0xD1, 0x75, 0x29, 0x31, 0x27, 0x1F, 0xEE, 0x64, 0xE7, 0xEE, 0xD8, 0x8A, 0x1F, 0xAE, 0xD5, 0x6C,
    0xD1, 0xBE, 0x32, 0xD2, 0x3A, 0xEF, 0xA2, 0xF9, 0x8C, 0xCF, 0xB7, 0x3D, 0x36, 0x44, 0x21, 0x47,
    0xD2, 0x87, 0xB8, 0x41, 0x06, 0x8B, 0xB4, 0x0D, 0x09, 0xB3, 0x77, 0x97, 0xAF, 0xE7, 0x16, 0x09,
    0x6D, 0x6E, 0x7F, 0x21, 0x3D, 0xA6, 0x09, 0x3B, 0xE6, 0x67, 0xF9, 0x3A, 0xE3, 0xEB, 0x0D, 0xBE,
    0x32, 0x5F, 0x5A, 0x6E, 0x40, 0xD0, 0x76, 0xA1, 0x49, 0x07, 0xE5, 0x62, 0xDC, 0xAE, 0xC2, 0xEC,
    0xB1, 0x4F, 0x2A, 0x4C, 0xAF, 0xF3, 0xF9, 0xD8, 0x6A, 0x38, 0x93, 0x23, 0x0B, 0xED, 0xBB, 0xA5,
    0x83, 0x1C, 0x2D, 0x71, 0xC9, 0xDB, 0xF8, 0x53, 0xF1, 0x1E, 0x5F, 0xDF, 0xE1, 0xF4, 0xDF, 0xD7,
    0xDB, 0x7D, 0x89, 0xB9, 0xB7, 0x9A, 0x7B, 0xAF, 0xA6, 0xDF, 0xBC, 0xB3, 0x18, 0x43, 0xD0, 0xFE,
    0x0D, 0x04, 0x27, 0xF0, 0xF1, 0xEF, 0x23, 0xE1, 0x49, 0x1E, 0x01, 0xF4, 0x16, 0xD1, 0x8B, 0xAC,
    0x44, 0x60, 0xB0, 0x71, 0x49, 0xB6, 0x7D, 0x89, 0x44, 0x22, 0x51, 0x69, 0x72, 0x2A, 0x4A, 0xAA,
    0xE9, 0x7D, 0xA0, 0x18, 0x8A, 0xBB, 0xA5, 0x4A, 0x4F, 0x52, 0x1A, 0x8E, 0xD4, 0x95, 0xF4, 0xE5,
    0x50, 0xF6, 0x22, 0x5E, 0xFE, 0x8A, 0x44, 0x4C, 0x17, 0xF8, 0x65, 0x07, 0x7D, 0x93, 0x25, 0xBA,
    0x88, 0x63, 0xBB, 0xF9, 0x3A, 0x42, 0x09, 0x0E, 0x97, 0x26, 0x0B, 0x1A, 0xBF, 0x85, 0x87, 0x2B,
    0x08, 0x43, 0xC7, 0x09, 0xCB, 0x15, 0x57, 0x79, 0x87, 0x9C, 0x9B, 0xB3, 0x61, 0xD0, 0x81, 0xF9,
    0x7C, 0xCE, 0xA8, 0xB8, 0xB7, 0x69, 0x1A, 0xBF, 0xC4, 0x11, 0xA9, 0x32, 0x22, 0x09, 0x2A, 0xD1,
    0x30, 0xC9, 0x29, 0x6A, 0xDE, 0xD6, 0x51, 0xFA, 0x08, 0x46, 0x43, 0xA3, 0x40, 0x35, 0xC3, 0x19,
    0x97, 0x99, 0x59, 0xC7, 0x79, 0xD0, 0x33, 0xA0, 0xE7, 0x09, 0xA7, 0xFB, 0x94, 0xCA, 0xD4, 0xA6,
    0xBB, 0x21, 0x82, 0x2D, 0xCD, 0x70, 0x12, 0x59, 0x9B, 0xE7, 0x0F, 0x0A, 0xA6, 0xCE, 0x46, 0xFF,
    0xBD, 0x11, 0x2C, 0x26, 0xAC, 0xDF, 0x82, 0x95, 0x72, 0xC7, 0x9E, 0x21, 0xE9, 0x88, 0x38, 0xFE,
    0x6F, 0x69, 0xF8, 0x83, 0x82, 0xE4, 0x19, 0xD8, 0x89, 0x19, 0xBA, 0x41, 0xCE, 0x22, 0xD3, 0x1C,
    0xDF, 0x5C, 0x49, 0x3A, 0xEC, 0xBD, 0x60, 0x7E, 0x57, 0x9B, 0x6C, 0x24, 0xE8, 0xF9, 0x2B, 0x5E,
    0xD3, 0x52, 0xBE, 0x73, 0x65, 0x21, 0x09, 0x88, 0x86, 0x63, 0x54, 0x35, 0x76, 0x91, 0x96, 0xE2,
    0xCA, 0xE9, 0xAD, 0xC8, 0xA7, 0xB9, 0x1E, 0xAB, 0x05, 0x90, 0x69, 0x87, 0x92, 0xE6, 0xB9, 0xB4,
    0xD8, 0x13, 0xAC, 0xA4, 0x1B, 0xB4, 0xE7, 0x3A, 0x52, 0x6B, 0xDA, 0x4C, 0xB3, 0x5E, 0x92, 0xD5,
    0xD4, 0xE6, 0x74, 0xED, 0x53, 0xD5, 0x5E, 0xF7, 0x7E, 0x1E, 0x9E, 0xE0, 0x49, 0x29, 0x30, 0xDC,
    0x92, 0xF6, 0x78, 0x2B, 0x2A, 0x5A, 0x0F, 0x48, 0x6A, 0x08, 0xF2, 0x3F, 0xED, 0x5C, 0x3D, 0xB0,
    0x1D, 0xE5, 0x79, 0xFE, 0xF6, 0x2C, 0xDC, 0x8D, 0xB5, 0xC0, 0x2A, 0x33, 0x24, 0xC3, 0x4F, 0xE0,
    0x50, 0xA8, 0x48, 0x32, 0x92, 0xD6, 0x85, 0x0A, 0x65, 0x72, 0x75, 0x77, 0x6D, 0xCF, 0x84, 0x82,
    0xC9, 0x40, 0x11, 0x27, 0x05, 0x05, 0x14, 0x2E, 0x1C, 0x92, 0x18, 0x0A, 0x67, 0xC6, 0x93, 0x08,
    0x76, 0x07, 0x0A, 0x17, 0x2E, 0x50, 0x93, 0x2A, 0x45, 0x54, 0x28, 0x13, 0xFB, 0x52, 0x5C, 0x15,
    0x2A, 0x28, 0x84, 0x77, 0x81, 0x82, 0x82, 0x82, 0xB5, 0x3D, 0x49, 0xCA, 0x2C, 0x18, 0x3B, 0x4E,
    0x94, 0x19, 0x6D, 0xCC, 0xC2, 0xAC, 0xD0, 0x9E, 0xFD, 0xF2, 0x3E, 0xCF, 0xFB, 0x7D, 0x7B, 0xCE,
    0xB9, 0x28, 0x9E, 0xC9, 0x20, 0x30, 0xD2, 0xE4, 0xA0, 0xFB, 0xED, 0xB9, 0xF7, 0x9C, 0xFD, 0x7E,
    0x9E, 0xF7, 0xFF, 0x67, 0x31, 0x06, 0xAF, 0x63, 0x1C, 0xC3, 0x91, 0x97, 0x68, 0x65, 0x4C, 0x6C,
    0xFB, 0x85, 0xFC, 0x56, 0xFD, 0xB3, 0x35, 0xA3, 0x89, 0x26, 0x93, 0xFD, 0xBC, 0x33, 0xE9, 0x60,
    0x52, 0x5B, 0x9A, 0xA2, 0x35, 0x49, 0x67, 0x02, 0x5B, 0x9B, 0xA4, 0x37, 0xA1, 0xCD, 0x4D, 0x32,
    0xC8, 0xD7, 0x8D, 0x49, 0x46, 0x93, 0xAC, 0x78, 0x59, 0xCA, 0x9D, 0xF2, 0x93, 0x0D, 0x06, 0xF7,
    0x64, 0xBD, 0xC1, 0x4F, 0xD6, 0x19, 0xFC, 0xE0, 0x52, 0xC9, 0xA5, 0x35, 0xC6, 0x36, 0xB8, 0x2C,
    0x64, 0x22, 0xB9, 0x84, 0x32, 0x43, 0xDA, 0xE9, 0x0C, 0xB2, 0x94, 0xDC, 0x13, 0xF5, 0xA6, 0x6A,
    0x8C, 0x59, 0xAC, 0xF0, 0x91, 0x31, 0x85, 0xED, 0x71, 0x09, 0xFE, 0xD1, 0xB8, 0xD7, 0x51, 0xFC,
    0x36, 0xF8, 0x6D, 0x2F, 0xE4, 0xDD, 0x37, 0x4C, 0x67, 0x96, 0xF6, 0xC7, 0xAD, 0xB1, 0x89, 0x2D,
    0xC3, 0x11, 0xFB, 0x1A, 0x64, 0xB2, 0xA4, 0x4B, 0xB0, 0xEE, 0x52, 0x86, 0x46, 0x96, 0x28, 0x6A,
    0x59, 0xAE, 0xAA, 0xB3, 0xDA, 0xD8, 0xB2, 0x92, 0x21, 0x97, 0xE9, 0xAB, 0xAF, 0xCA, 0xBA, 0xD9,
    0xF7, 0x64, 0x05, 0xB9, 0x53, 0xA6, 0xBD, 0x60, 0x0E, 0xBF, 0x0A, 0x77, 0xC5, 0xC7, 0x78, 0x55,
    0xEE, 0x9A, 0xE5, 0xA1, 0xB5, 0x4D, 0x6C, 0x07, 0x39, 0x88, 0xCD, 0x23, 0x7C, 0x5C, 0xC9, 0x56,
    0xB0, 0x25, 0x39, 0xA6, 0xC1, 0xFE, 0xAC, 0x9C, 0xB5, 0xC3, 0xB5, 0x36, 0x81, 0x5C, 0x81, 0xDC,
    0x42, 0x0E, 0x16, 0xCA, 0x77, 0xC3, 0xDA, 0xF0, 0xE4, 0xB8, 0x46, 0x72, 0x8D, 0x73, 0xF9, 0x99,
    0x64, 0x17, 0xF2, 0x75, 0x42, 0x61, 0x88, 0xA4, 0x79, 0x48, 0xAE, 0xA9, 0x5C, 0x77, 0xB1, 0xE2,
    0xE0, 0xAE, 0xB2, 0xDB, 0x4B, 0x7A, 0xC5, 0xB4, 0x26, 0x1B, 0x4D, 0xD8, 0xE0, 0x7B, 0x93, 0x59,
    0x62, 0x73, 0x89, 0xFD, 0x4F, 0x02, 0x17, 0x59, 0x3B, 0xE8, 0xD6, 0x6D, 0xC3, 0xEB, 0xCE, 0xC6,
    0xE9, 0x2E, 0x92, 0xEE, 0xFC, 0x3C, 0x1A, 0xCC, 0x4E, 0x7E, 0xE7, 0xA2, 0x13, 0x6C, 0x96, 0xD7,
    0x9B, 0xC8, 0xD6, 0x99, 0xCD, 0x97, 0x02, 0xD1, 0x39, 0x73, 0xD6, 0x06, 0x32, 0xD3, 0xBB, 0x36,
    0x9C, 0x00, 0x36, 0xF6, 0x15, 0x8E, 0xD8, 0x4D, 0xDC, 0xFF, 0xED, 0x00, 0x72, 0x5D, 0x91, 0xE5,
    0xD3, 0x9F, 0xBC, 0xF3, 0xDF, 0x42, 0xC8, 0x7F, 0x4B, 0xAF, 0x08, 0x87, 0x8C, 0xD9, 0x84, 0xE3,
    0x63, 0x87, 0x45, 0x9D, 0xCA, 0x66, 0xEE, 0xDB, 0x06, 0xF3, 0x8E, 0xCD, 0x5F, 0x92, 0xF2, 0xD9,
    0x72, 0xFE, 0x25, 0xBE, 0xBE, 0x5A, 0x7F, 0x12, 0xDA, 0x6E, 0xE3, 0x7B, 0xC2, 0x69, 0xEB, 0xD7,
    0xE9, 0xF5, 0xDB, 0xA3, 0xC6, 0x9D, 0x72, 0xCA, 0xC1, 0x25, 0x38, 0xE5, 0xC2, 0x4E, 0x07, 0xB2,
    0x33, 0x19, 0x05, 0x6B, 0x01, 0x68, 0x21, 0xDB, 0x5F, 0x09, 0x6B, 0x18, 0xB2, 0xA0, 0xAD, 0xC3,
    0xD6, 0x64, 0x58, 0xA7, 0x92, 0x6B, 0x1B, 0x96, 0x86, 0xAC, 0x05, 0x76, 0xEC, 0x76, 0x64, 0xD1,
    0x56, 0x69, 0x05, 0x9C, 0xC9, 0x0D, 0xE0, 0x50, 0xE1, 0x63, 0x83, 0x43, 0x91, 0x6A, 0x38, 0x7B,
    0x35, 0x1A, 0x25, 0x9D, 0xFC, 0xB2, 0xE0, 0x3E, 0x41, 0x3F, 0xA1, 0x41, 0x84, 0x25, 0x4D, 0x32,
    0x91, 0x50, 0x09, 0x29, 0x00, 0xC4, 0x20, 0x01, 0x3C, 0x1A, 0xC8, 0x29, 0x9C, 0xA1, 0xDC, 0x8C,
    0x69, 0x6D, 0xAB, 0x4B, 0x92, 0x90, 0xB6, 0x4E, 0x94, 0xC3, 0x8A, 0x0E, 0xB2, 0x95, 0xCA, 0xFD,
    0x77, 0xF1, 0xFB, 0x32, 0x07, 0x96, 0x3C, 0x4D, 0x76, 0x4A, 0xFB, 0x00, 0x4B, 0x42, 0x0A, 0x85,
    0xD9, 0x6B, 0x2C, 0x19, 0xB7, 0x22, 0x84, 0x83, 0xF0, 0x8E, 0x90, 0x7D, 0x5F, 0x7E, 0xAF, 0x08,
    0x44, 0x26, 0x23, 0x71, 0x0B, 0xF2, 0x4F, 0x70, 0x74, 0x64, 0x7E, 0xD7, 0xA3, 0x16, 0x97, 0x9D,
    0xC7, 0x2C, 0x7A, 0xB3, 0xF1, 0x88, 0x85, 0x57, 0x4B, 0x87, 0x97, 0x01, 0xE5, 0x15, 0x2D, 0x03,
    0xB5, 0xA0, 0x58, 0xCD, 0x5C, 0x0D, 0xA4, 0xF2, 0x19, 0xA7, 0x63, 0xE6, 0x11, 0x87, 0xD2, 0xC2,
    0xFE, 0xAC, 0x73, 0x18, 0x25, 0xD8, 0x8D, 0x22, 0x74, 0xDA, 0x5A, 0x8F, 0x4F, 0x07, 0x24, 0x15,
    0x9D, 0x3E, 0xEC, 0x3C, 0x36, 0x43, 0x5C, 0x7B, 0x64, 0x4C, 0x3A, 0xE3, 0x42, 0x91, 0x52, 0x54,
    0xC2, 0x76, 0xE1, 0x31, 0x49, 0x9A, 0xA8, 0x54, 0x44, 0x84, 0xEB, 0xA2, 0x52, 0xF1, 0x10, 0x49,
    0x8C, 0x73, 0x45, 0x23, 0xFA, 0x7B, 0x3B, 0x39, 0x2C, 0xE2, 0x80, 0x98, 0x03, 0x89, 0x1D, 0x93,
    0xD5, 0x87, 0xE1, 0xD8, 0x71, 0x4C, 0x18, 0xCB, 0x52, 0x75, 0xE4, 0xDE, 0x74, 0x27, 0x71, 0x87,
    0x1C, 0xA6, 0xA7, 0x88, 0xC8, 0xC6, 0x49, 0x6A, 0xA0, 0x53, 0x60, 0x06, 0xE0, 0x92, 0x79, 0xD5,
    0xB9, 0xCB, 0xDB, 0x55, 0x87, 0x9A, 0xFB, 0x45, 0xFB, 0xEC, 0x08, 0xA3, 0x2F, 0xEC, 0x3B, 0xA2,
    0x72, 0xAE, 0xFD, 0x95, 0x89, 0xAF, 0xD9, 0x6E, 0x01, 0x51, 0xCC, 0x9A, 0xA2, 0x4D, 0x52, 0xD9,
    0x68, 0x95, 0x17, 0xF5, 0x49, 0x39, 0x4E, 0x20, 0x3B, 0xAC, 0xF7, 0xCC, 0x6B, 0x98, 0xC4, 0x96,
    0x69, 0xD0, 0x8B, 0xDA, 0x92, 0x15, 0xEE, 0x88, 0x44, 0xC3, 0x76, 0x84, 0x0F, 0xAA, 0x11, 0x88,
    0x5D, 0x36, 0x65, 0xD6, 0xFE, 0xE1, 0x78, 0x5A, 0x04, 0xB6, 0xCB, 0xDA, 0xEB, 0xAB, 0x4E, 0xF8,
    0xAB, 0xCB, 0xEC, 0x3B, 0x90, 0xD5, 0xA6, 0xCD, 0x26, 0xE1, 0xF0, 0x8F, 0xAC, 0xAD, 0xD3, 0x3E,
    0x19, 0x02, 0xF9, 0x93, 0xC8, 0xF3, 0xA2, 0x34, 0x65, 0xDC, 0x6F, 0x1C, 0x53, 0xB6, 0x00, 0x0C,
    0x65, 0xF9, 0xC0, 0xDA, 0x73, 0xF8, 0xB5, 0x24, 0xDB, 0xAA, 0x5E, 0xA1, 0x52, 0x21, 0x69, 0x75,
    0xA8, 0xE6, 0x41, 0xA5, 0xC2, 0x89, 0x86, 0x0E, 0xC1, 0x3C, 0x80, 0xDC, 0x7E, 0x70, 0x62, 0x41,
    0x62, 0xEB, 0x00, 0x85, 0xA6, 0x03, 0x48, 0xAD, 0x03, 0x28, 0x0D, 0x53, 0xA1, 0x84, 0xA6, 0x44,
    0xE5, 0xBA, 0xB6, 0xD8, 0x94, 0xD2, 0x6F, 0x20, 0xCA, 0xFD, 0x06, 0x12, 0xB7, 0x76, 0x67, 0x5E,
    0xE0, 0xDA, 0x91, 0xBD, 0xF6, 0xE4, 0xC8, 0xB5, 0xC1, 0xE2, 0x43, 0x38, 0x2B, 0x07, 0x35, 0x16,
    0xDE, 0x8C, 0xD1, 0x62, 0xE4, 0xC9, 0xE0, 0x3E, 0x6B, 0x93, 0xD6, 0x7D, 0x36, 0xA6, 0xA5, 0xFF,
    0xFE, 0xE8, 0x6F, 0x38, 0x28, 0xD7, 0x08, 0x99, 0x23, 0x46, 0x01, 0x32, 0x99, 0xC7, 0xA7, 0xAA,
    0x1D, 0x3C, 0xB6, 0x74, 0xE8, 0x14, 0x1E, 0x1C, 0xE3, 0xB1, 0x31, 0x1E, 0x9F, 0x3B, 0x3C, 0x3C,
    0x2B, 0x07, 0x0C, 0x0E, 0xCC, 0xBD, 0x61, 0x3D, 0xC0, 0x12, 0x82, 0x1B, 0x89, 0x8A, 0xD8, 0x24,
    0x05, 0x05, 0x46, 0x91, 0x98, 0x64, 0x8D, 0x83, 0xA4, 0xA8, 0x1D, 0x22, 0x6E, 0xCD, 0x28, 0xC7,
    0x41, 0x81, 0x47, 0x60, 0x1D, 0x1C, 0x60, 0x41, 0xA2, 0x11, 0xAE, 0x1C, 0x18, 0x91, 0x3F, 0x91,
    0xE7, 0x45, 0x18, 0x6A, 0x7D, 0x2D, 0xFD, 0x6E, 0x53, 0xBF, 0xDB, 0x59, 0x10, 0x9C, 0x81, 0x8B,
    0x6B, 0x77, 0x53, 0xF2, 0x9E, 0xFB, 0x6E, 0xE2, 0xB1, 0x5D, 0xBC, 0xEF, 0x24, 0x45, 0xC5, 0x84,
    0x77, 0x4F, 0x46, 0x38, 0x0C, 0x96, 0xBF, 0xC3, 0x6A, 0x30, 0xE0, 0x03, 0xE6, 0x86, 0xD5, 0xAD,
    0x79, 0x30, 0x3D, 0x15, 0xC5, 0x25, 0x20, 0x86, 0x02, 0x3C, 0xEC, 0x64, 0x2E, 0x07, 0x10, 0x0E,
    0x15, 0x3E, 0x17, 0x01, 0x95, 0xAD, 0x3F, 0x2A, 0x9A, 0x73, 0xC4, 0x1C, 0xF1, 0x80, 0x39, 0x64,
    0xC7, 0xB2, 0xD7, 0x65, 0x97, 0xCB, 0x1C, 0xE9, 0xBB, 0xB0, 0xD8, 0xD9, 0x95, 0x52, 0xF6, 0x5A,
    0x40, 0x56, 0x60, 0x61, 0xE1, 0x88, 0x34, 0x10, 0xC8, 0xFB, 0x29, 0x8D, 0x2A, 0x8A, 0xDE, 0x85,
    0xD1, 0x83, 0x27, 0x5C, 0x7E, 0x29, 0x58, 0x06, 0x5D, 0x96, 0xE3, 0xB3, 0xCB, 0x24, 0x38, 0xF7,
    0xF3, 0x43, 0x77, 0x36, 0x99, 0x7E, 0x7F, 0x28, 0xEC, 0xCA, 0xEC, 0x58, 0xB8, 0x31, 0xE7, 0x52,
    0x90, 0x05, 0xD8, 0xAF, 0x04, 0x55, 0xB9, 0x69, 0xB9, 0x82, 0xD8, 0xF1, 0xB4, 0x50, 0xC6, 0xAF,
    0x52, 0x73, 0xC9, 0xCE, 0x73, 0x51, 0x7E, 0xA4, 0xD5, 0x5F, 0x43, 0x4D, 0x28, 0x3F, 0x5F, 0x94,
    0xB7, 0xAD, 0x32, 0x74, 0x5B, 0xB5, 0x41, 0x4D, 0x76, 0x11, 0x41, 0xEC, 0x16, 0x35, 0x34, 0x97,
    0x58, 0xF9, 0x74, 0x10, 0x6B, 0x23, 0x7A, 0x54, 0x28, 0xBA, 0x1C, 0xC3, 0x1C, 0x7A, 0xD4, 0xC4,
    0x42, 0xFC, 0x58, 0xD9, 0x26, 0x91, 0x35, 0xEF, 0xA1, 0x1E, 0x35, 0x0F, 0xCB, 0x46, 0xFF, 0x98,
    0xEE, 0x95, 0x39, 0x2E, 0x7F, 0xF9, 0x2F, 0x65, 0x9E, 0x5D, 0xF2, 0x0F, 0x77, 0xF3, 0x1D, 0x03,
    0x1B, 0xC2, 0xDD, 0xC8, 0x82, 0x45, 0xCF, 0xDD, 0x04, 0x3D, 0xE5, 0x18, 0xBB, 0x89, 0x65, 0xE3,
    0xE9, 0x8A, 0xBB, 0x29, 0xE0, 0xAB, 0x59, 0xE5, 0x59, 0xD5, 0x80, 0x45, 0x3B, 0x2B, 0x84, 0xCA,
    0x33, 0xC0, 0x23, 0x6B, 0x0B, 0xFB, 0x5A, 0x30, 0x5B, 0xE1, 0xEA, 0xA5, 0x59, 0x7B, 0x14, 0x76,
    0xB6, 0xD3, 0xF1, 0x2F, 0x36, 0xE1, 0x0B, 0xCE, 0x7B, 0xF4, 0xA2, 0x19, 0x3C, 0xC8, 0x9C, 0x62,
    0x07, 0xE6, 0x53, 0xE8, 0xC4, 0x46, 0x39, 0xE4, 0xCC, 0x0C, 0x9C, 0x99, 0x71, 0x83, 0x62, 0x56,
    0xD8, 0x96, 0xB5, 0x43, 0x0D, 0x48, 0x28, 0x68, 0x4B, 0x38, 0x4B, 0xC4, 0xAC, 0xB2, 0x1E, 0x32,
    0x20, 0xA2, 0x88, 0x81, 0xF5, 0x15, 0x30, 0xF0, 0xBE, 0xE2, 0x15, 0x8F, 0x1E, 0x2E, 0x6C, 0x40,
    0xD1, 0x5A, 0x76, 0x1E, 0x2C, 0x61, 0x2B, 0x87, 0x95, 0xC8, 0x9A, 0x83, 0x4A, 0x58, 0xD4, 0x21,
    0xE5, 0x30, 0x91, 0x1D, 0xCD, 0x90, 0x04, 0x76, 0xAD, 0x41, 0x67, 0xFF, 0x64, 0x46, 0x29, 0x1A,
    0x66, 0x64, 0xBC, 0x84, 0x0D, 0x89, 0x03, 0x36, 0x98, 0xF6, 0xE6, 0x39, 0x66, 0x2C, 0xBF, 0xB5,
    0xB6, 0xC7, 0x8B, 0x73, 0xDB, 0x77, 0x7A, 0x61, 0x4D, 0xFC, 0xEF, 0xCD, 0x27, 0x4C, 0xF7, 0x7D,
    0xC2, 0xF5, 0xB2, 0xBB, 0xD0, 0xC2, 0x34, 0xA5, 0xF5, 0xD2, 0x3E, 0x0A, 0xA3, 0x57, 0xEE, 0xD9,
    0x7B, 0xB2, 0x3A, 0xB5, 0xF9, 0xD3, 0x76, 0xB7, 0xA8, 0x05, 0xA7, 0x60, 0x75, 0xD1, 0xE6, 0x5F,
    0x13, 0x11, 0x5D, 0x35, 0x16, 0x92, 0x11, 0x5E, 0x7F, 0x71, 0xA2, 0x88, 0x59, 0xF9, 0x05, 0x42,
    0xB6, 0x8A, 0x29, 0xB9, 0xCB, 0x31, 0xE9, 0x2F, 0x42, 0xD0, 0xBA, 0xF4, 0x83, 0x06, 0xA2, 0xD6,
    0x0A, 0x95, 0x44, 0xD8, 0xB2, 0xBA, 0x5A, 0x01, 0x8B, 0x2C, 0x17, 0x96, 0x95, 0x95, 0xEE, 0xC4,
    0xB2, 0x76, 0x1B, 0x05, 0x15, 0xBB, 0x39, 0x76, 0x80, 0xF8, 0xEA, 0xAE, 0x95, 0xC3, 0x7A, 0xBA,
    0xA2, 0xB2, 0x83, 0x17, 0xDC, 0x5D, 0xEE, 0x50, 0xDF, 0x3A, 0xE4, 0xBE, 0x19, 0xF3, 0x7C, 0xF0,
    0x9A, 0x6A, 0xA6, 0xAB, 0xBD, 0xE3, 0xAD, 0x72, 0x1B, 0xE4, 0x76, 0xFB, 0x86, 0xC0, 0xCD, 0x54,
    0xB8, 0xAB, 0x9B, 0xD9, 0x89, 0xB7, 0x89, 0x2B, 0x85, 0xED, 0x84, 0xA3, 0xE5, 0xB7, 0xAD, 0x5E,
    0x5B, 0xBD, 0x86, 0xAF, 0xEB, 0xF4, 0xC9, 0x42, 0x29, 0xBC, 0xEB, 0xEC, 0xC6, 0x25, 0xBD, 0x2E,
    0x3E, 0x7E, 0xC5, 0xFB, 0xCE, 0x3C, 0xDF, 0x92, 0x3C, 0x62, 0xCC, 0x19, 0x95, 0x79, 0x61, 0x22,
    0x5E, 0xC5, 0x8F, 0x54, 0x43, 0xA6, 0x0E, 0x22, 0x6C, 0x45, 0x46, 0xF5, 0xDE, 0x04, 0xB8, 0x2F,
    0xB3, 0xEA, 0xF7, 0xAC, 0x5F, 0x77, 0x9B, 0xE7, 0xB0, 0x26, 0xF4, 0xFC, 0x63, 0xB5, 0x53, 0xA2,
    0x54, 0xD7, 0xF0, 0x7E, 0xD4, 0x7D, 0xD7, 0xC3, 0x25, 0x39, 0x90, 0x68, 0xE0, 0xB4, 0x8B, 0x08,
    0xBC, 0x07, 0xB6, 0x04, 0x05, 0x76, 0x01, 0xFF, 0x25, 0xC1, 0x3E, 0xE8, 0xC4, 0xBC, 0x45, 0x8D,
    0xAC, 0x9E, 0xD4, 0xC2, 0xC4, 0x69, 0x7D, 0xB5, 0x3B, 0x9F, 0xBD, 0x75, 0xF0, 0x41, 0x5D, 0x4D,
    0x42, 0x3B, 0xDB, 0x67, 0x20, 0x9C, 0x08, 0xFC, 0xFD, 0xAA, 0xAD, 0x0D, 0x94, 0xAF, 0xD9, 0x33,
    0x15, 0x36, 0x7B, 0x75, 0xE0, 0xC9, 0xB0, 0xD8, 0x42, 0xA9, 0x77, 0x69, 0xDB, 0x3D, 0x70, 0x96,
    0x4F, 0xCD, 0x9E, 0xDA, 0x3C, 0xA7, 0x3C, 0xD4, 0xDA, 0xE9, 0x91, 0x08, 0x24, 0x75, 0x95, 0x5A,
    0x38, 0x67, 0x7A, 0x69, 0xF2, 0xD5, 0xB0, 0x39, 0xB0, 0x08, 0x91, 0x02, 0x74, 0xA3, 0xC9, 0x5A,
    0xDE, 0xD4, 0x53, 0xC1, 0xD8, 0x35, 0x54, 0xB1, 0x39, 0x25, 0xE1, 0x90, 0x98, 0xBC, 0xB7, 0x04,
    0x80, 0xAB, 0x39, 0x19, 0x0D, 0x41, 0x5E, 0x80, 0xEF, 0xE7, 0xEA, 0xC7, 0x41, 0xB7, 0xD3, 0xAF,
    0x14, 0x9D, 0x21, 0x5B, 0x38, 0x66, 0x21, 0x6D, 0xCA, 0x8B, 0x21, 0xE3, 0x13, 0x48, 0xD1, 0x79,
    0xB3, 0xFC, 0x69, 0x4D, 0xBD, 0x03, 0x07, 0x1C, 0xD6, 0xE8, 0x88, 0xAE, 0xA0, 0x22, 0x38, 0xEC,
    0x60, 0x63, 0x15, 0xD9, 0x25, 0xB5, 0x6B, 0x01, 0x0C, 0x37, 0x82, 0x12, 0xF2, 0x56, 0x55, 0x4E,
    0x74, 0x2A, 0x84, 0xC8, 0xE2, 0x6D, 0xA6, 0x0D, 0xF4, 0xF8, 0xB2, 0x63, 0x1C, 0xDC, 0x69, 0x18,
    0xCC, 0x28, 0x78, 0x80, 0x29, 0x5F, 0x0E, 0x38, 0x74, 0x3A, 0xC0, 0xA7, 0xCA, 0x06, 0x8D, 0x80,
    0x71, 0xE8, 0xA2, 0xC3, 0x68, 0x5B, 0x8E, 0x35, 0xC3, 0x5E, 0xF1, 0xE8, 0x80, 0x99, 0xC6, 0xBE,
    0x1A, 0xFA, 0x6A, 0xE4, 0xBB, 0x18, 0x29, 0x5B, 0x05, 0x01, 0x72, 0x61, 0xEF, 0x73, 0x62, 0x6D,
    0xCD, 0x77, 0xC0, 0x1C, 0xBB, 0x67, 0xBC, 0xCB, 0x46, 0x53, 0xBE, 0x64, 0xD0, 0x31, 0xC7, 0x56,
    0x7F, 0x4E, 0x01, 0x92, 0x23, 0x55, 0x8F, 0x89, 0x67, 0x3F, 0x41, 0xE6, 0x47, 0xC8, 0xFA, 0x40,
    0x23, 0x2D, 0x64, 0xC9, 0x30, 0x14, 0xCD, 0xB2, 0x57, 0x36, 0x91, 0xBD, 0xC8, 0x79, 0x6A, 0x91,
    0x95, 0xA2, 0x86, 0x93, 0xFE, 0xE6, 0xE8, 0xEE, 0x37, 0x17, 0x3C, 0x56, 0x9C, 0x77, 0xA0, 0xF7,
    0x6F, 0x8A, 0x8A, 0x42, 0xB6, 0x54, 0xD9, 0x71, 0x22, 0xBF, 0x68, 0x36, 0x02, 0x37, 0xDB, 0x24,
    0x74, 0x77, 0x19, 0x11, 0xBB, 0x80, 0x18, 0xF4, 0xEE, 0xE7, 0x70, 0x18, 0x8C, 0xD3, 0xD2, 0x49,
    0x0A, 0x1A, 0x32, 0x90, 0x18, 0x49, 0x86, 0xC2, 0x25, 0x59, 0x28, 0xCA, 0xC9, 0x43, 0xB1, 0x32,
    0x51, 0xA2, 0x5C, 0x74, 0xB7, 0xB2, 0xD1, 0x71, 0xE5, 0xA3, 0x5D, 0x65, 0xA4, 0x4B, 0xC6, 0xC7,
    0x22, 0xF0, 0x94, 0xD4, 0x73, 0x4A, 0x4A, 0xFA, 0x2D, 0xD5, 0x46, 0xF8, 0xEB, 0x04, 0xD1, 0x07,
    0xBF, 0x2A, 0x89, 0x60, 0xA6, 0xE4, 0x7B, 0x5E, 0x12, 0xA9, 0xC3, 0xC2, 0x7E, 0xF3, 0x2C, 0x47,
    0x44, 0xE9, 0xC1, 0x29, 0x2F, 0x85, 0xC7, 0x0A, 0x51, 0xB4, 0xA5, 0xCD, 0x77, 0xAD, 0xC8, 0x1F,
    0x83, 0xE1, 0x70, 0x25, 0x24, 0x8B, 0x10, 0x0A, 0x27, 0x88, 0x84, 0x19, 0x08, 0x4B, 0x1C, 0xDC,
    0xB5, 0xD9, 0x3B, 0xCB, 0x7F, 0xAD, 0x8B, 0x95, 0xF8, 0x37, 0x45, 0x4F, 0x13, 0x23, 0x4E, 0xCF,
    0x97, 0xDC, 0x8C, 0xBF, 0xBF, 0xFF, 0x7D, 0x35, 0xA6, 0x2B, 0xBD, 0x8C, 0x1B, 0xEA, 0xE1, 0x2C,
    0x34, 0x83, 0xC8, 0x14, 0x1D, 0xD6, 0xD0, 0x52, 0x64, 0xC2, 0x29, 0xE5, 0x8E, 0x86, 0xB5, 0x1D,
    0xB8, 0x05, 0xE0, 0xDD, 0xD9, 0xFF, 0x01, 0x19, 0x84, 0x21, 0x37, 0x8F, 0x7A, 0xE7, 0xD7, 0x9F,
    0x58, 0x27, 0x53, 0x90, 0x71, 0x08, 0xEC, 0x63, 0x23, 0x0E, 0xFB, 0x38, 0xC6, 0x89, 0x42, 0x77,
    0x61, 0x31, 0x0B, 0x1D, 0x81, 0x27, 0xF2, 0x86, 0xD0, 0x1B, 0x62, 0x6F, 0x08, 0xBE, 0x4F, 0x45,
    0x00, 0x7E, 0xC5, 0x5F, 0x09, 0xB0, 0x4E, 0x45, 0x74, 0x62, 0xC4, 0x40, 0x03, 0x43, 0x22, 0x28,
    0x15, 0x94, 0x0C, 0x33, 0x1D, 0xE4, 0xA5, 0x1B, 0x0A, 0xD5, 0x70, 0xA4, 0xC3, 0x86, 0x1B, 0x1F,
    0x5E, 0x33, 0xB7, 0x25, 0x59, 0x0C, 0x01, 0x8E, 0x3A, 0x6F, 0xA0, 0xE9, 0xA3, 0xA4, 0xC6, 0xB8,
    0xE0, 0xF5, 0x11, 0x47, 0x1B, 0x92, 0x86, 0x94, 0x51, 0xC2, 0xCC, 0x74, 0xB9, 0xF9, 0xE2, 0xE0,
    0xAC, 0xF9, 0x0B, 0xC1, 0x0F, 0x37, 0x8C, 0xBF, 0xB3, 0xFD, 0xCE, 0xF4, 0x3F, 0xFF, 0xDE, 0xED,
    0x02, 0x7F, 0x00, 0x2D, 0x1A, 0xE5, 0xBB, 0xF0, 0x3F, 0x7A, 0x1C, 0xA9, 0xF1, 0x79, 0xAD, 0xD5,
    0xAF, 0x09, 0x7E, 0xB5, 0x81, 0x8B, 0xC1, 0x21, 0x98, 0xAB, 0x9B, 0xAA, 0x2E, 0xD4, 0xCE, 0x78,
    0x7B, 0x0A, 0x41, 0xD0, 0xA8, 0xEB, 0xE6, 0x06, 0x9E, 0x4B, 0xBD, 0x49, 0x0E, 0x4F, 0x7F, 0xDE,
    0x54, 0x90, 0xF0, 0x89, 0xB9, 0xC9, 0xCA, 0xD6, 0xE2, 0x78, 0x35, 0x61, 0x59, 0xB5, 0x3B, 0xF4,
    0x53, 0x90, 0x06, 0x10, 0x37, 0x3C, 0x96, 0xBF, 0x4F, 0x55, 0x9E, 0xB4, 0x95, 0xF8, 0x1E, 0x62,
    0xBA, 0x17, 0xBD, 0xC9, 0xE2, 0x86, 0xCE, 0x8A, 0x8F, 0x1D, 0xCC, 0x03, 0xD4, 0xB7, 0xD0, 0xB5,
    0x93, 0xBB, 0x6E, 0x11, 0xCF, 0x9C, 0x0C, 0xD4, 0xAB, 0xB6, 0x8F, 0x8E, 0xEA, 0xE6, 0xBD, 0xEC,
    0xAE, 0xEA, 0xA2, 0x99, 0x55, 0xD4, 0xDD, 0xFA, 0xDE, 0xF5, 0xAF, 0x36, 0x3A, 0x95, 0x1A, 0x1D,
    0x9A, 0x1B, 0x1E, 0xFB, 0x93, 0x46, 0x47, 0xFD, 0x6E, 0x75, 0xBC, 0xE9, 0x79, 0xAB, 0xEB, 0xAD,
    0xBE, 0xB7, 0x3A, 0xDF, 0xF4, 0xBE, 0xD5, 0xFD, 0x56, 0xFF, 0x5B, 0x1D, 0x70, 0xF5, 0xC0, 0x0D,
    0x5D, 0x70, 0x43, 0x1F, 0xDC, 0xD0, 0x09, 0x57, 0xF7, 0x6A, 0xED, 0x86, 0x0B, 0xF7, 0xEC, 0xEF,
    0xBB, 0x5C, 0x8C, 0x75, 0xC1, 0x65, 0x3A, 0xBB, 0xBD, 0xF7, 0x1E, 0x0E, 0x36, 0xE7, 0xBC, 0x56,
    0xB4, 0x7E, 0xE3, 0x35, 0xF9, 0x70, 0x38, 0x82, 0xF2, 0x34, 0x9B, 0x89, 0xE6, 0xA9, 0x36, 0x93,
    0x6D, 0xA6, 0xDB, 0x4C, 0xB8, 0x99, 0x72, 0x9E, 0x74, 0x33, 0xED, 0x66, 0xE2, 0xCD, 0xD4, 0xF3,
    0xE4, 0x9B, 0xE9, 0x37, 0x13, 0x70, 0xA6, 0xE0, 0x4C, 0x42, 0x4F, 0xC3, 0x99, 0x88, 0x33, 0x15,
    0x3D, 0x19, 0x67, 0x3A, 0xDE, 0x80, 0x90, 0xB2, 0x04, 0x51, 0x4A, 0x08, 0x51, 0xCA, 0x6F, 0x39,
    0x52, 0x7E, 0x83, 0x9F, 0x8E, 0x6B, 0xF3, 0xA0, 0x81, 0x67, 0xD8, 0x1F, 0x8E, 0x91, 0x3F, 0x07,
    0x52, 0x9A, 0xFD, 0xFD, 0xF3, 0x1B, 0x51, 0x93, 0xBE, 0x69, 0xCD, 0x0D, 0x5F, 0x72, 0x14, 0xF5,
    0xF8, 0x76, 0xEC, 0xB4, 0x3F, 0x2A, 0x91, 0x07, 0xB5, 0xBA, 0x28, 0x73, 0xF0, 0x4D, 0x52, 0xB9,
    0x37, 0xBB, 0x82, 0x06, 0xA9, 0xDA, 0x3B, 0xA2, 0x2C, 0x7E, 0xE4, 0xDE, 0xC4, 0x2F, 0xDA, 0xF2,
    0x2E, 0x0A, 0xB4, 0xB0, 0x06, 0xBF, 0x7B, 0x36, 0x54, 0x2D, 0x17, 0x5C, 0x7B, 0x4A, 0x77, 0x11,
    0x62, 0x21, 0x5A, 0xF8, 0xBF, 0x7B, 0x6A, 0x64, 0x81, 0x67, 0x0F, 0x7A, 0x11, 0xE8, 0x8D, 0x2E,
    0xFE, 0x0A, 0x3B, 0x17, 0x82, 0xC5, 0x4C, 0x4C, 0x49, 0x3C, 0x94, 0x32, 0x2D, 0x75, 0xC2, 0x20,
    0x42, 0x94, 0xC5, 0x2F, 0x0B, 0x75, 0x44, 0xBD, 0x7D, 0xFC, 0x8A, 0x7C, 0xD1, 0x76, 0x28, 0xAA,
    0x6C, 0x1D, 0x6B, 0x07, 0x3E, 0x6C, 0xE6, 0x84, 0xD0, 0x98, 0xDF, 0x5A, 0x4B, 0xD9, 0x9D, 0xE7,
    0x70, 0x30, 0x44, 0x40, 0x63, 0x01, 0xFE, 0x2B, 0x4C, 0xFC, 0x72, 0x3B, 0x99, 0x13, 0xA9, 0x44,
    0x14, 0x7D, 0x26, 0xCA, 0xAD, 0x2B, 0xFE, 0x43, 0x56, 0xAD, 0x4A, 0x89, 0x58, 0x84, 0x10, 0x99,
    0x30, 0xDB, 0xB1, 0xE2, 0x6D, 0xDB, 0x5C, 0xAC, 0xA6, 0xCA, 0x36, 0x76, 0xC8, 0x6C, 0x59, 0x35,
    0xC9, 0x24, 0x28, 0x07, 0xE7, 0x36, 0x82, 0xD2, 0xE9, 0x8F, 0x84, 0xAB, 0xDF, 0x5F, 0x4E, 0x48,
    0x3B, 0x68, 0xEE, 0x22, 0x18, 0xC8, 0xE6, 0x9D, 0x1A, 0x13, 0xCA, 0x49, 0x13, 0xCD, 0xD5, 0x96,
    0xFF, 0x25, 0xE8, 0xAC, 0xEC, 0x28, 0x63, 0x6C, 0x9B, 0x0C, 0xA5, 0x93, 0x3C, 0xEB, 0x82, 0x3F,
    0xB3, 0x4F, 0x48, 0x28, 0x64, 0x6D, 0xBF, 0xEC, 0x76, 0x0E, 0xA6, 0xF3, 0x28, 0x19, 0x8E, 0x60,
    0x2C, 0x4C, 0x22, 0xA1, 0xD9, 0x40, 0xEE, 0x03, 0x23, 0x3D, 0xA3, 0xB2, 0xF0, 0x4D, 0x8D, 0x07,
    0xFF, 0x05, 0xDA, 0xF9, 0x4D, 0xC0, 0x6D, 0xBF, 0x76, 0xED, 0x9C, 0x68, 0x12, 0xE8, 0x96, 0x70,
    0x44, 0xFA, 0x2B, 0x1A, 0x91, 0xB8, 0x89, 0x7B, 0x8E, 0x1D, 0x54, 0x78, 0xD8, 0xA1, 0x58, 0xA8,
    0xBC, 0xEE, 0xB2, 0xA1, 0xDD, 0x3A, 0x69, 0xA4, 0xE9, 0xD5, 0xD8, 0xAA, 0x75, 0x5D, 0xF1, 0xBD,
    0x20, 0x13, 0xAC, 0x22, 0x94, 0x08, 0xC8, 0x35, 0xC0, 0x7F, 0x30, 0xCB, 0x16, 0x32, 0x24, 0x3B,
    0xCC, 0xF0, 0xC5, 0x2B, 0x38, 0xD3, 0x03, 0x1F, 0x6F, 0x56, 0xD4, 0xC6, 0x80, 0xB9, 0x63, 0x86,
    0xD5, 0x3A, 0xAB, 0x66, 0x82, 0x83, 0xE6, 0x73, 0x40, 0x12, 0xF3, 0xC9, 0x28, 0xD0, 0x2D, 0x3B,
    0x37, 0xF1, 0xAF, 0x46, 0xB2, 0x89, 0x08, 0xC4, 0xC3, 0x54, 0x16, 0x97, 0xD7, 0xF9, 0x00, 0x4D,
    0x48, 0x67, 0xFC, 0xD2, 0x89, 0x0D, 0x71, 0x3E, 0xAF, 0xAA, 0xF2, 0x49, 0x81, 0xD2, 0x26, 0x48,
    0x8A, 0xAC, 0x92, 0x9F, 0xE7, 0x28, 0xF0, 0x22, 0x84, 0xEB, 0x90, 0x09, 0x58, 0x76, 0xB8, 0x37,
    0x6D, 0x38, 0xD6, 0x38, 0x47, 0xF2, 0xC6, 0x44, 0x45, 0x33, 0xCC, 0x95, 0xDB, 0x90, 0xB3, 0x2F,
    0xB5, 0xDE, 0xB6, 0xD2, 0x29, 0x4B, 0x62, 0xDE, 0x1B, 0xA7, 0x69, 0xA2, 0x7E, 0xC9, 0xAC, 0x1A,
    0x52, 0x1B, 0x45, 0xE9, 0xFE, 0x65, 0xA4, 0x1C, 0x72, 0x0A, 0xF6, 0x00, 0x70, 0xFE, 0xC5, 0x2F,
    0xB6, 0x13, 0x58, 0x8B, 0xDE, 0x19, 0x50, 0xEB, 0x14, 0x6B, 0x36, 0x6D, 0x67, 0xDC, 0xA3, 0xF2,
    0x50, 0x11, 0x46, 0x78, 0x0E, 0x79, 0x96, 0xB2, 0x62, 0x91, 0x61, 0xD4, 0x3D, 0xA1, 0x4A, 0xE8,
    0x34, 0x38, 0x51, 0xAF, 0x5A, 0xBA, 0x28, 0x22, 0x92, 0xD4, 0x66, 0x42, 0xA2, 0xE7, 0xF5, 0xFE,
    0xD7, 0x3B, 0xD5, 0x1C, 0x8F, 0xD5, 0xCE, 0xE9, 0xAA, 0x9D, 0x3E, 0x26, 0xAD, 0x93, 0x49, 0xC5,
    0x3B, 0x19, 0xE9, 0x9F, 0x21, 0xC1, 0xE7, 0x88, 0xA8, 0x79, 0x99, 0xAC, 0x77, 0x35, 0xF5, 0x4E,
    0xF3, 0x37, 0xA8, 0x47, 0xBA, 0x22, 0x0F, 0x1C, 0x36, 0x64, 0x63, 0xA0, 0x79, 0x0B, 0x3B, 0x45,
    0xD0, 0x29, 0x47, 0xD7, 0x3B, 0x6F, 0x99, 0x7E, 0x99, 0x9E, 0xAD, 0xE7, 0x23, 0x32, 0x4D, 0xF9,
    0x00, 0x8E, 0x37, 0x97, 0x04, 0xE6, 0xCC, 0x8F, 0x1B, 0x87, 0x75, 0x3A, 0xD3, 0x95, 0x04, 0x1A,
    0xA5, 0xF4, 0xFD, 0x58, 0xFB, 0x0D, 0x6C, 0xC1, 0x3E, 0xCE, 0xF1, 0x8C, 0xD0, 0x6E, 0x31, 0x75,
    0x19, 0x8E, 0x54, 0xB3, 0x74, 0x82, 0xE8, 0x2C, 0xB6, 0x29, 0x88, 0x49, 0xE1, 0x48, 0x3E, 0x64,
    0x2A, 0xBE, 0xB3, 0x5F, 0x11, 0xA2, 0xB4, 0xF6, 0xAD, 0x5C, 0xA6, 0x29, 0x58, 0x8E, 0x83, 0x51,
    0xC9, 0x72, 0x64, 0x43, 0xEE, 0xF0, 0x19, 0x1E, 0x97, 0xBD, 0x01, 0x06, 0xD5, 0x75, 0xD6, 0x49,
    0x90, 0xE4, 0x4D, 0x59, 0xA2, 0x28, 0x3A, 0x9F, 0xBD, 0xE9, 0x37, 0xB2, 0x37, 0xA3, 0xB6, 0x30,
    0x68, 0x07, 0x83, 0x36, 0x30, 0x1C, 0xCE, 0xDE, 0x54, 0xDD, 0x9C, 0xBD, 0x59, 0xB8, 0x1C, 0xCE,
    0x3A, 0x7B, 0x23, 0x5F, 0x16, 0xB1, 0x46, 0x09, 0x7A, 0x7A, 0xD2, 0x32, 0xBE, 0xA7, 0x6E, 0xFE,
    0xA7, 0x56, 0x2B, 0xDD, 0x3C, 0xB6, 0x3A, 0x5C, 0x1B, 0x76, 0x6C, 0x3C, 0x46, 0x6B, 0x76, 0x91,
    0x94, 0x64, 0x5A, 0x4E, 0x2D, 0x2F, 0x95, 0x0D, 0x72, 0x39, 0x48, 0xC5, 0x54, 0x8F, 0x75, 0x48,
    0xE4, 0xE0, 0x3F, 0xA4, 0x71, 0x90, 0xC5, 0x41, 0x12, 0x07, 0x39, 0x1C, 0x18, 0x26, 0x64, 0x70,
    0x90, 0xC0, 0x41, 0xFE, 0x06, 0xE9, 0x1B, 0x66, 0x6F, 0x0E, 0x60, 0x1F, 0xC0, 0x9C, 0x9A, 0x5D,
    0x86, 0xA8, 0xA4, 0x8D, 0x00, 0xF0, 0xEF, 0x35, 0xBD, 0x47, 0x3A, 0x41, 0xE7, 0xD6, 0x96, 0x4C,
    0xCD, 0xD8, 0x6C, 0xCC, 0x6E, 0x17, 0x04, 0x83, 0xFD, 0xFD, 0x1C, 0x4A, 0x15, 0xA9, 0x7D, 0x18,
    0xFC, 0xAF, 0xFF, 0x89, 0x3F, 0xD8, 0xCD, 0x4B, 0x93, 0x1D, 0x18, 0x85, 0x9A, 0x58, 0x6B, 0x2A,
    0x9F, 0x01, 0x36, 0xE0, 0x26, 0xDE, 0x9A, 0x5B, 0xA4, 0x40, 0xCC, 0x4E, 0x3B, 0xA2, 0xAF, 0xB8,
    0x81, 0xEA, 0x0A, 0x27, 0xCA, 0x8E, 0x2A, 0x2A, 0xD5, 0x80, 0x0F, 0xCF, 0x55, 0x7B, 0x91, 0x41,
    0x14, 0xF8, 0xA7, 0x03, 0x51, 0x4B, 0x49, 0x2D, 0xAA, 0xDB, 0x9C, 0x34, 0x05, 0x9A, 0x40, 0x18,
    0xA8, 0x3D, 0xA2, 0xAE, 0xE1, 0x52, 0xD3, 0x49, 0xAC, 0x70, 0xBB, 0x9C, 0xEC, 0xF7, 0xD5, 0xED,
    0x28, 0x67, 0x50, 0x9C, 0x3F, 0x58, 0xF9, 0xF1, 0x38, 0xC7, 0x5D, 0xCA, 0xFD, 0x2E, 0xC3, 0xB2,
    0xB3, 0x0C, 0xC7, 0x2A, 0xC6, 0x5F, 0x45, 0x8D, 0xD9, 0x9C, 0x97, 0xFA, 0x8C, 0xCB, 0x95, 0xE4,
    0xBF, 0x03, 0x1D, 0xFA, 0xAA, 0x0C, 0x3F, 0x6E, 0x5D, 0xF6, 0x57, 0x9D, 0xD5, 0x71, 0x36, 0x6B,
    0xEA, 0xC8, 0xFE, 0x86, 0xFC, 0xFD, 0x1A, 0x0A, 0x67, 0xB2, 0xE6, 0x43, 0x28, 0xAB, 0xEC, 0x46,
    0x2C, 0x60, 0xCB, 0xBE, 0x2F, 0x53, 0xA7, 0x91, 0x94, 0xD0, 0x66, 0x8C, 0x4C, 0xC8, 0x62, 0x94,
    0xF0, 0x23, 0xB4, 0x3D, 0x4A, 0x3F, 0xEE, 0x5D, 0xDF, 0x19, 0xAD, 0xA5, 0xAA, 0xDB, 0xAB, 0x09,
    0x0C, 0x6C, 0x77, 0x0F, 0xBD, 0x3B, 0xBD, 0xAB, 0x4D, 0x1D, 0x71, 0x05, 0xCA, 0x7B, 0xCC, 0x97,
    0xF1, 0x39, 0xFD, 0xE1, 0x18, 0xD9, 0x3D, 0x13, 0x5D, 0x3D, 0xEC, 0x2A, 0x2E, 0x36, 0xFD, 0x4D,
    0x1E, 0x2E, 0x5A, 0x83, 0x13, 0xD1, 0x1A, 0xA7, 0xAA, 0x54, 0xD5, 0x1D, 0xD6, 0x2E, 0x0A, 0xBB,
    0x2E, 0x31, 0xAB, 0xF7, 0x19, 0x6D, 0xD6, 0x1B, 0xFB, 0xB5, 0xC2, 0xDF, 0xD4, 0x73, 0xEC, 0x14,
    0x70, 0x35, 0x25, 0x9D, 0x66, 0x5D, 0xAA, 0x3C, 0xC3, 0xEC, 0x53, 0xF5, 0x38, 0xD6, 0x28, 0x38,
    0xE3, 0x83, 0xE7, 0x36, 0x45, 0xEF, 0xFF, 0x9B, 0x5B, 0xFE, 0x8F, 0xCD, 0x2D, 0x0E, 0x2A, 0xE7,
    0xEC, 0x1C, 0xF8, 0x20, 0x49, 0x61, 0x32, 0xC6, 0x83, 0xE4, 0x42, 0xC2, 0xD6, 0xF9, 0x63, 0x73,
    0x47, 0x8B, 0x59, 0xC3, 0x63, 0x6E, 0xA7, 0x8E, 0x96, 0xED, 0x37, 0xC1, 0x5C, 0xC9, 0xB5, 0x87,
    0x8B, 0x9A, 0xBE, 0x9E, 0x37, 0x17, 0xF4, 0xBE, 0xF0, 0x1D, 0x2D, 0x6B, 0xB3, 0x40, 0x69, 0xAB,
    0xC8, 0x11, 0x3E, 0xF6, 0x34, 0xDA, 0x53, 0xF7, 0xC5, 0x73, 0x7F, 0x7D, 0x95, 0xD8, 0xAC, 0x77,
    0x3B, 0xAE, 0xB3, 0xD1, 0x31, 0x09, 0x95, 0x98, 0x5B, 0xC1, 0x09, 0x46, 0xCC, 0xCB, 0x6C, 0x0B,
    0xBC, 0x59, 0xB6, 0x4F, 0x40, 0x7C, 0xD8, 0x09, 0xC9, 0x96, 0x15, 0xEB, 0xD4, 0xAA, 0xBA, 0x9E,
    0xC2, 0x25, 0x8A, 0x2B, 0xCC, 0xF1, 0x18, 0x68, 0x1A, 0x30, 0x1D, 0xE3, 0x81, 0x12, 0x96, 0xF5,
    0x22, 0x3F, 0x60, 0x90, 0xAC, 0xA3, 0xB6, 0x91, 0x57, 0xB7, 0x44, 0xC1, 0x1A, 0x11, 0xA8, 0x6B,
    0x30, 0xB5, 0x75, 0xCC, 0x16, 0x53, 0xB9, 0x51, 0x1C, 0x85, 0x14, 0x8D, 0x97, 0x65, 0x4C, 0xBF,
    0x41, 0x6E, 0x8C, 0x3B, 0xB7, 0x66, 0xD2, 0x70, 0x4D, 0x0B, 0x33, 0x01, 0x51, 0x99, 0xB0, 0x7B,
    0x95, 0xD8, 0x91, 0x0E, 0x6E, 0x68, 0xAF, 0x74, 0x5A, 0x85, 0xA9, 0x7C, 0x6E, 0x65, 0x67, 0x53,
    0xF5, 0x66, 0xB6, 0xAE, 0x68, 0xFF, 0xDE, 0xB2, 0x6C, 0xDD, 0x39, 0x00, 0x2C, 0xA1, 0x1D, 0xA0,
    0xB5, 0x22, 0xE4, 0x38, 0x01, 0x43, 0x0E, 0x1E, 0x96, 0x1F, 0xD7, 0xF8, 0x0A, 0xF3, 0x2E, 0x07,
    0x48, 0xB7, 0x3A, 0x5E, 0xA1, 0xF8, 0xAB, 0x4E, 0xFB, 0x75, 0x5A, 0x12, 0x59, 0xF4, 0xA0, 0xF6,
    0x81, 0x16, 0xEC, 0x98, 0x7A, 0x51, 0xB5, 0xED, 0x53, 0x0D, 0xC9, 0x34, 0x99, 0x39, 0x1C, 0x74,
    0x1A, 0xD6, 0xB1, 0x20, 0x35, 0xF3, 0xCC, 0x84, 0x5E, 0x5B, 0xB9, 0xFE, 0x23, 0xFD, 0x7E, 0xAC,
    0x44, 0xDE, 0xAA, 0xA3, 0xFA, 0xE2, 0x2F, 0x67, 0x70, 0xF2, 0x9F, 0x76, 0x87, 0x64, 0xDC, 0x77,
    0xB7, 0x6E, 0x45, 0x29, 0xAE, 0xBB, 0xC3, 0xF7, 0x76, 0xF8, 0xCE, 0x0E, 0xDF, 0xD7, 0xE1, 0xBB,
    0x3A, 0xD6, 0x3D, 0x1D, 0xBE, 0xA3, 0x43, 0xFB, 0x39, 0x7C, 0x37, 0x87, 0xEF, 0x80, 0xF1, 0xED,
    0x2F, 0xBE, 0xF7, 0xC5, 0x37, 0xBE, 0xB8, 0x1E, 0x0E, 0xDF, 0xC1, 0xE1, 0xFB, 0x37, 0x7C, 0xF7,
    0x86, 0xEF, 0xDD, 0xF0, 0x9D, 0x1B, 0xBE, 0x6F, 0xC3, 0x77, 0x6D, 0xF8, 0x9E, 0x0D, 0xDF, 0xB1,
    0xE1, 0xD5, 0x57, 0xEB, 0x4D, 0xBA, 0x76, 0xB7, 0xF2, 0xA4, 0x7B, 0x9A, 0xAB, 0x32, 0xCC, 0x31,
    0xAF, 0x5B, 0x29, 0xD8, 0x47, 0xC1, 0x26, 0x0A, 0x76, 0x50, 0xB0, 0x7D, 0x82, 0xBD, 0x13, 0xDA,
    0x38, 0xC1, 0xAE, 0x09, 0xB6, 0x4C, 0xAC, 0xC8, 0x79, 0x6C, 0x96, 0x60, 0xA7, 0x04, 0xDB, 0x24,
    0xAA, 0x95, 0x36, 0x48, 0xB0, 0x3B, 0xC2, 0x6C, 0xE5, 0xD5, 0xE1, 0xDE, 0xF9, 0xEC, 0xE3, 0x9C,
    0x8A, 0x73, 0x4C, 0x96, 0xBC, 0x7F, 0x38, 0x61, 0xE5, 0x35, 0x6F, 0x72, 0xE0, 0xC9, 0x14, 0xB9,
    0x37, 0x27, 0x63, 0xFF, 0x97, 0xA7, 0x3E, 0xD1, 0x70, 0x72, 0x3B, 0x66, 0xFF, 0x5C, 0x73, 0xF7,
    0xDC, 0x23, 0x08, 0x6F, 0x77, 0x31, 0xCD, 0x1F, 0xFE, 0x9E, 0x6F, 0x39, 0x48, 0x5E, 0x42, 0x46,
    0x0F, 0xEA, 0x2C, 0x8D, 0xD1, 0x63, 0x77, 0xB0, 0x85, 0xCC, 0xCD, 0x6F, 0xA2, 0x00, 0x93, 0xE6,
    0x87, 0x1B, 0xE7, 0xE6, 0xF6, 0xB8, 0x71, 0x93, 0xF5, 0xB4, 0x85, 0xE1, 0x36, 0xCE, 0x01, 0x6E,
    0x70, 0x5D, 0xB8, 0xF6, 0xC9, 0x41, 0xC7, 0x65, 0xEE, 0x45, 0xED, 0xF4, 0xCC, 0xA0, 0x37, 0x3F,
    0x2F, 0xD8, 0x6F, 0x6A, 0x30, 0xE7, 0x10, 0x2C, 0x15, 0x20, 0xD7, 0x6F, 0x75, 0x69, 0x53, 0x14,
    0x2B, 0x0B, 0x58, 0xC5, 0x52, 0xBE, 0x2B, 0x77, 0x14, 0x0D, 0xBA, 0x2F, 0x85, 0xC3, 0x17, 0x0C,
    0xAC, 0xE8, 0xD7, 0x2F, 0x47, 0xF5, 0xE6, 0x7A, 0x1A, 0xC3, 0x0A, 0x36, 0x5E, 0xFC, 0xB0, 0x26,
    0x5C, 0xD9, 0x12, 0x8E, 0xEB, 0x2F, 0x6D, 0x89, 0x5E, 0x8D, 0x97, 0x70, 0xF9, 0xCA, 0x04, 0x97,
    0xCD, 0x46, 0xBD, 0xDC, 0x10, 0xDA, 0x14, 0xFB, 0x0A, 0x6D, 0x05, 0x56, 0x45, 0x37, 0x69, 0x36,
    0x90, 0x9A, 0x45, 0x47, 0xF7, 0xD1, 0xA2, 0xC2, 0xC5, 0x70, 0x26, 0xB1, 0x39, 0xC4, 0x24, 0xBB,
    0x5A, 0xB3, 0xB6, 0xA3, 0x9A, 0xFE, 0x5E, 0xF3, 0xC0, 0x13, 0x9B, 0x91, 0x76, 0xED, 0x41, 0xA4,
    0xAA, 0x66, 0xA0, 0x7B, 0xD9, 0x9F, 0x76, 0x9D, 0xC7, 0xDB, 0x39, 0xF7, 0x04, 0x02, 0x00, 0xB1,
    0x6F, 0xBD, 0x88, 0x74, 0xDA, 0xA2, 0x25, 0xF2, 0x75, 0x2C, 0xF6, 0x5D, 0xB8, 0x8A, 0x12, 0xB7,
    0x84, 0xF6, 0x35, 0x78, 0xCE, 0x1F, 0xCA, 0x92, 0xF6, 0x4D, 0xB1, 0x81, 0x56, 0x3C, 0x11, 0x86,
    0xB6, 0x31, 0xB2, 0x93, 0xE9, 0x28, 0xCC, 0xBB, 0x07, 0x6A, 0x1C, 0x3B, 0xE2, 0x98, 0xF7, 0x2F,
    0x63, 0x15, 0x7B, 0xEB, 0x1A, 0x43, 0x8B, 0xB7, 0x5D, 0x17, 0xD6, 0x8F, 0x14, 0xE0, 0x45, 0x97,
    0xB9, 0xC6, 0x7B, 0xEF, 0x4E, 0xDD, 0xCA, 0x85, 0x22, 0x6E, 0xFC, 0x5D, 0xB4, 0x61, 0x7E, 0xD0,
    0xB9, 0x61, 0xF1, 0x4B, 0x6C, 0xBC, 0xA3, 0xF9, 0x82, 0xBC, 0x7C, 0x19, 0x21, 0xE4, 0xD1, 0xA3,
    0x9F, 0x95, 0x1A, 0xD9, 0x2E, 0xE6, 0xB8, 0x48, 0x53, 0x58, 0xCE, 0x75, 0xCD, 0x39, 0x54, 0x1B,
    0x73, 0xFE, 0x36, 0x00, 0xFB, 0x07, 0x9C, 0xB4, 0x86, 0x2F, 0x25, 0xC3, 0xDE, 0xA3, 0xF2, 0xE1,
    0xB7, 0xE1, 0x0F, 0x3C, 0x32, 0x5B, 0xC9, 0x9B, 0x0C, 0x71, 0x70, 0xE9, 0x24, 0x55, 0x83, 0xA6,
    0xDD, 0x53, 0x6C, 0x26, 0xFB, 0x6E, 0xB7, 0x6E, 0x6E, 0x6E, 0x4F, 0x6C, 0x44, 0x8B, 0x16, 0x21,
    0xEE, 0xF4, 0xCA, 0x40, 0x54, 0x7B, 0x8E, 0x17, 0xE9, 0x4F, 0x3D, 0x47, 0x1F, 0xF5, 0xA8, 0x4B,
    0xA7, 0x2C, 0x5C, 0x1E, 0x25, 0xBF, 0x9B, 0x64, 0xDB, 0x65, 0x9A, 0x9E, 0x41, 0xF4, 0x7E, 0x47,
    0x2B, 0xD5, 0xD1, 0x3F, 0xBA, 0x48, 0xDF, 0xE4, 0x09, 0xEF, 0x9E, 0x41, 0x09, 0x70, 0xB2, 0x98,
    0x2A, 0x35, 0xA1, 0x4A, 0x38, 0x23, 0xB7, 0x7E, 0xF8, 0xA7, 0x23, 0x83, 0xB8, 0xAD, 0x40, 0x66,
    0x57, 0x66, 0x7D, 0xFE, 0x79, 0x63, 0x5E, 0x90, 0x9F, 0x3D, 0x51, 0x62, 0x27, 0xE5, 0x18, 0x89,
    0x78, 0x46, 0xB1, 0xDC, 0x1D, 0x04, 0xDA, 0x8C, 0x85, 0x9E, 0xAB, 0xD7, 0xC4, 0x2F, 0xEF, 0xD3,
    0x3A, 0xEE, 0xB2, 0x32, 0x69, 0x26, 0x36, 0x4D, 0x64, 0xD7, 0x34, 0xCF, 0x80, 0x23, 0xDB, 0xFA,
    0x2E, 0x59, 0x6C, 0x57, 0xE6, 0x87, 0xE6, 0x6E, 0xE8, 0x1C, 0x05, 0xE7, 0x37, 0xD6, 0x51, 0x93,
    0x5C, 0x69, 0x9E, 0x85, 0x5D, 0xFB, 0x0D, 0x3C, 0x8D, 0x30, 0x9F, 0x2B, 0xA1, 0x5F, 0x20, 0x5C,
    0x1E, 0x28, 0xE9, 0xFE, 0x41, 0xB3, 0x46, 0xCD, 0x65, 0xF9, 0xEA, 0xAE, 0x78, 0x5A, 0x4E, 0x1E,
    0x3E, 0x25, 0x1E, 0x27, 0x77, 0xC0, 0x71, 0x2F, 0x63, 0x87, 0xC8, 0xE4, 0x45, 0x1D, 0x9B, 0xA9,
    0x11, 0xA0, 0x1F, 0x0F, 0xEB, 0x8D, 0x7E, 0x48, 0xF7, 0x20, 0xC0, 0xB8, 0xF5, 0x7C, 0x84, 0x3E,
    0x15, 0xD1, 0xB8, 0x46, 0xC8, 0xC5, 0xC6, 0x63, 0x10, 0x5B, 0xCF, 0x3D, 0x50, 0x66, 0x96, 0xF3,
    0x83, 0x0E, 0x87, 0xEF, 0x6F, 0x5D, 0xEF, 0xE3, 0xB6, 0xCB, 0xDE, 0x75, 0x8B, 0x8F, 0xBA, 0xE0,
    0xA3, 0xDE, 0xF4, 0xBD, 0x79, 0xF5, 0x55, 0x73, 0xFA, 0x34, 0xFE, 0xA9, 0x7B, 0x2B, 0x31, 0x9E,
    0xC5, 0xC3, 0x59, 0x12, 0x9E, 0x1D, 0xB3, 0xF0, 0x19, 0xD1, 0xD7, 0x3B, 0xC2, 0x00, 0x26, 0xDD,
    0xF9, 0xE5, 0x4F, 0xF1, 0xD0, 0x96, 0x08, 0x83, 0x58, 0x98, 0x23, 0x1B, 0x51, 0x2F, 0x5A, 0x25,
    0x2D, 0x9B, 0xAF, 0x3B, 0xD8, 0x13, 0x19, 0xCE, 0x33, 0x45, 0xF6, 0x6B, 0x3A, 0xE0, 0x33, 0x4C,
    0xEF, 0x0B, 0x1D, 0x5A, 0x93, 0x7E, 0x15, 0xEE, 0x4E, 0x2B, 0x04, 0x2D, 0x67, 0x07, 0xFE, 0xD3,
    0x74, 0x75, 0x06, 0x97, 0x52, 0x8A, 0x3E, 0x73, 0x6E, 0x96, 0x21, 0x6E, 0xCA, 0x0E, 0x76, 0xF0,
    0xCE, 0x5C, 0x6F, 0x3A, 0xFA, 0xC5, 0xEA, 0xEA, 0xC4, 0x66, 0xD0, 0xE6, 0xF2, 0x0F, 0xA5, 0x49,
    0x5E, 0xD6, 0x9F, 0xE8, 0xED, 0xD2, 0x84, 0x6F, 0xD6, 0x66, 0xF1, 0x86, 0x1C, 0x24, 0xCF, 0x3F,
    0x55, 0x15, 0xE0, 0xC2, 0x8D, 0x45, 0x3F, 0xD0, 0xAA, 0x78, 0x7B, 0x48, 0xF4, 0xBF, 0x40, 0xB8,
    0xB0, 0x61, 0x27, 0x5D, 0xB9, 0x0D, 0x07, 0xBD, 0x90, 0x76, 0x51, 0x27, 0x60, 0x92, 0x3B, 0x6E,
    0x7E, 0x06, 0x5F, 0x51, 0x3A, 0xC9, 0x6E, 0x20, 0x53, 0xBD, 0xA3, 0x19, 0xCC, 0x9F, 0x8C, 0x9A,
    0x19, 0xAE, 0xF8, 0xE1, 0x48, 0xCF, 0xD6, 0x3C, 0xB4, 0xA8, 0x37, 0x64, 0xEB, 0x80, 0x0A, 0xB0,
    0xB2, 0xCF, 0xF6, 0x84, 0x97, 0xD9, 0xB2, 0x74, 0xA4, 0x90, 0x64, 0x83, 0x5E, 0x98, 0xF2, 0x12,
    0x34, 0xF4, 0xF9, 0x9F, 0x96, 0x66, 0x55, 0x5C, 0x4A, 0xB6, 0xA3, 0xD4, 0x29, 0xF3, 0xE8, 0xAF,
    0x6B, 0xFA, 0xD5, 0xE5, 0x5A, 0x59, 0xB5, 0x8B, 0x27, 0x8A, 0x56, 0xB2, 0xD2, 0xA7, 0xA6, 0x46,
    0x7D, 0x06, 0x45, 0x1F, 0x75, 0x42, 0x01, 0x0F, 0xC9, 0x5F, 0x21, 0x48, 0xE3, 0xCB, 0x77, 0x08,
    0xD3, 0x0B, 0x01, 0x58, 0x04, 0x6D, 0xB9, 0x6D, 0x80, 0x4F, 0x1C, 0x17, 0x7B, 0xF2, 0x82, 0xDA,
    0x14, 0xFC, 0x2C, 0x25, 0x04, 0x4E, 0x92, 0xB5, 0x5D, 0xF9, 0xA6, 0x79, 0x3A, 0x9A, 0xA2, 0x31,
    0xB5, 0xCB, 0x69, 0xCF, 0xEE, 0x4D, 0xBF, 0xB9, 0xEA, 0xC6, 0x70, 0x55, 0xF7, 0xE1, 0xF5, 0x52,
    0x1F, 0xEC, 0x5D, 0x29, 0xDF, 0x30, 0x9F, 0xD1, 0x6A, 0x26, 0x9B, 0xCF, 0xB9, 0x9A, 0xC3, 0x0F,
    0x76, 0x2E, 0x9C, 0x83, 0xA1, 0x7E, 0x49, 0xA6, 0x5A, 0xFC, 0x2C, 0x73, 0x04, 0x62, 0x36, 0x4E,
    0xDD, 0x42, 0xA8, 0x1D, 0x11, 0x7D, 0x58, 0x21, 0x44, 0x50, 0xAB, 0x13, 0x6F, 0x58, 0x9D, 0x4F,
    0x8D, 0xD6, 0xAB, 0x0F, 0xE6, 0xAC, 0x1F, 0x68, 0x04, 0x69, 0x5D, 0xC1, 0xE0, 0xCD, 0x41, 0x63,
    0xC7, 0xCB, 0xFA, 0x48, 0x4C, 0x72, 0x2B, 0x35, 0x53, 0xDF, 0xC0, 0x9F, 0x0E, 0x0E, 0xF9, 0xD3,
    0xA7, 0x4E, 0x7D, 0x66, 0x1D, 0xD5, 0x5E, 0x6F, 0xAD, 0xDC, 0x53, 0x4A, 0x5A, 0x29, 0x57, 0xEF,
    0xA4, 0xA3, 0x21, 0x5F, 0x94, 0x41, 0x7D, 0x2B, 0xC1, 0xB9, 0xBF, 0xF6, 0x98, 0x1B, 0xE7, 0x31,
    0x9F, 0x46, 0xF4, 0x37, 0x7B, 0xCC, 0x9F, 0x11, 0x88, 0xE2, 0x24, 0xC0, 0x5F, 0x7A, 0x14, 0x4E,
    0xF8, 0x88, 0x4C, 0x3A, 0xEA, 0xB1, 0x2C, 0x69, 0xED, 0x31, 0x69, 0x78, 0x9C, 0x67, 0x3C, 0xEE,
    0x94, 0xB2, 0xEB, 0xFF, 0x4F, 0xDC, 0x13, 0x1C, 0x4C, 0x40, 0xF8, 0xAE, 0xF6, 0xF5, 0xC7, 0x00,
    0x39, 0xA1, 0x66, 0x48, 0x28, 0x08, 0x09, 0x33, 0x26, 0x29, 0x4B, 0x0F, 0x59, 0x89, 0xA4, 0x49,
    0xD1, 0xC2, 0xA4, 0xFF, 0x8D, 0x56, 0x2A, 0x7F, 0xFB, 0xC2, 0xBA, 0x11, 0xCE, 0x6E, 0xD4, 0x2A,
    0x74, 0x4C, 0x79, 0xFE, 0xD4, 0xF8, 0x6A, 0xAB, 0x7B, 0x68, 0xEA, 0x1E, 0x07, 0xCB, 0x97, 0xB4,
    0xA6, 0x83, 0xF0, 0x3B, 0x11, 0x87, 0x7F, 0xF9, 0x62, 0xAD, 0x3D, 0x94, 0xAE, 0x10, 0x93, 0x4C,
    0xFE, 0xD1, 0x4B, 0x21, 0xE1, 0x24, 0x71, 0xB6, 0x20, 0x74, 0xAD, 0xD3, 0x54, 0xF5, 0x05, 0x75,
    0x0B, 0x16, 0x2B, 0xF7, 0x40, 0xBE, 0x75, 0xCF, 0x08, 0x9E, 0xD5, 0x84, 0x23, 0x7C, 0x92, 0x3F,
    0x38, 0x94, 0xF6, 0x88, 0xC0, 0x4B, 0xF2, 0x32, 0xE1, 0x54, 0xD9, 0x57, 0x10, 0x9A, 0xC8, 0x22,
    0xA3, 0x39, 0x09, 0x8C, 0x2E, 0x99, 0xD3, 0x20, 0xF9, 0x45, 0x99, 0x33, 0xD3, 0x06, 0x0A, 0x9F,
    0xA8, 0x6D, 0xD6, 0x0F, 0x89, 0x3A, 0x17, 0xDA, 0x3D, 0x3E, 0xE3, 0x1F, 0x5D, 0x75, 0x41, 0xA1,
    0xA6, 0xCB, 0x7D, 0x42, 0xCD, 0x5D, 0x5C, 0x93, 0xFA, 0x8D, 0x52, 0xC0, 0x3B, 0xAE, 0x78, 0xBC,
    0x9D, 0xFB, 0x3D, 0xBA, 0x99, 0x5A, 0xF4, 0x09, 0x3C, 0xF7, 0x0D, 0x17, 0xD1, 0x9F, 0xD9, 0xA8,
    0x44, 0x98, 0x07, 0x75, 0x7B, 0x27, 0x67, 0xD3, 0x81, 0xA7, 0x01, 0x35, 0x7D, 0x0A, 0xDF, 0x2B,
    0x1A, 0xA8, 0x6E, 0x43, 0x3B, 0x9D, 0x67, 0x12, 0x99, 0x99, 0x8C, 0xDA, 0x29, 0xB9, 0x9C, 0x79,
    0x94, 0xC5, 0xB4, 0x23, 0x1C, 0xF8, 0x90, 0x89, 0xA6, 0x81, 0xAC, 0x81, 0x92, 0x1F, 0xD4, 0x3B,
    0xF3, 0x36, 0xB9, 0x73, 0xDF, 0x46, 0x2D, 0x2B, 0x21, 0xC3, 0x07, 0x28, 0x21, 0x19, 0x45, 0xBE,
    0xED, 0xA9, 0x98, 0x67, 0x01, 0x55, 0x32, 0xE1, 0x58, 0xCB, 0x1A, 0x77, 0xEC, 0x11, 0x93, 0x5D,
    0x8E, 0x17, 0x39, 0x3E, 0xE1, 0x9F, 0x30, 0x1A, 0xD6, 0xAD, 0x55, 0x64, 0x3A, 0xAD, 0xF1, 0x16,
    0xAE, 0x9B, 0x4A, 0x9F, 0x12, 0x96, 0x4F, 0x4F, 0xF9, 0x0A, 0x78, 0x3F, 0x17, 0xCB, 0x1D, 0x96,
    0x45, 0xB7, 0x1E, 0x37, 0x1E, 0x6F, 0x52, 0xC4, 0x54, 0xB3, 0xC8, 0x79, 0xEF, 0x25, 0x1F, 0x56,
    0xE5, 0xB3, 0x4C, 0x3B, 0xC3, 0x67, 0xDE, 0xD9, 0xD7, 0x74, 0x14, 0xFF, 0x8F, 0x11, 0x60, 0xFB,
    0xF0, 0x9A, 0x60, 0x91, 0xC0, 0xCB, 0x48, 0x72, 0xF1, 0x9A, 0x02, 0xCD, 0x13, 0x16, 0x3E, 0x9D,
    0xC9, 0x7C, 0x70, 0xC1, 0x87, 0xE5, 0xD1, 0x8C, 0x81, 0xC3, 0x9D, 0xE2, 0x19, 0xB8, 0x06, 0x1F,
    0x59, 0x66, 0x49, 0x99, 0x06, 0x91, 0x05, 0x65, 0x6D, 0x23, 0x70, 0xD9, 0xA0, 0xA3, 0x20, 0xD3,
    0x84, 0x49, 0x18, 0xA3, 0xA7, 0xE7, 0x0E, 0xA5, 0x9B, 0x07, 0xD7, 0x15, 0xEA, 0x1E, 0xD0, 0x71,
    0x0F, 0x34, 0xF9, 0x16, 0x1C, 0xD7, 0xFE, 0xBF, 0xD1, 0x85, 0xD4, 0xA2, 0xD8, 0x83, 0xBA, 0xCD,
    0xD2, 0xD2, 0x77, 0x33, 0xCE, 0x40, 0x6A, 0xE3, 0x69, 0xE5, 0xAA, 0x37, 0x88, 0xD3, 0x26, 0x57,
    0xB2, 0x59, 0x29, 0xD7, 0x26, 0xE3, 0xBA, 0x5A, 0xCC, 0x7A, 0xCD, 0x60, 0x5C, 0xB9, 0xC6, 0x68,
    0xB5, 0xC6, 0x3D, 0xD3, 0x8C, 0x53, 0x42, 0xF4, 0xAC, 0x16, 0x40, 0xF5, 0x89, 0xED, 0x5E, 0x1D,
    0x85, 0x4F, 0x2C, 0xD3, 0xB8, 0x65, 0x1A, 0xDE, 0x8A, 0xB0, 0x81, 0x9D, 0x3D, 0x76, 0x15, 0x6D,
    0x67, 0x14, 0x4E, 0x40, 0x05, 0x2D, 0xAF, 0x0C, 0xAE, 0xA2, 0xA9, 0x25, 0xCB, 0xCE, 0xB5, 0x7B,
    0xB0, 0x4A, 0x42, 0x59, 0xA0, 0x3F, 0x40, 0xEB, 0xCA, 0x7A, 0x07, 0xCB, 0x83, 0x4A, 0x0D, 0x06,
    0x07, 0x39, 0x1E, 0x66, 0x0C, 0xD0, 0x73, 0x2D, 0xB3, 0x2C, 0x56, 0x27, 0x8A, 0x26, 0x1C, 0x2F,
    0x65, 0x4D, 0xB8, 0x6A, 0x8B, 0x3A, 0xBE, 0x2E, 0x6A, 0x15, 0x4A, 0xBA, 0x16, 0x9D, 0x61, 0x73,
    0x99, 0xD3, 0x62, 0xDB, 0xE2, 0x0E, 0x77, 0xA2, 0xB1, 0x8A, 0xD7, 0x5F, 0xEA, 0x4C, 0xF5, 0x12,
    0x4A, 0x63, 0xE8, 0x02, 0xB8, 0xCF, 0x08, 0x19, 0xFE, 0x07, 0x75, 0x54, 0xBF, 0x6F, 0xDB, 0x46,
    0x14, 0xFE, 0xC8, 0x93, 0x23, 0xD4, 0x97, 0xF6, 0x34, 0x54, 0x43, 0xEC, 0xA6, 0x6C, 0x81, 0x0E,
    0x6E, 0x90, 0x8A, 0x1E, 0x3C, 0x78, 0xA0, 0x75, 0x07, 0xE4, 0x1F, 0xF0, 0xE0, 0xEC, 0x19, 0x3A,
    0x75, 0x49, 0x06, 0x0F, 0x1E, 0x64, 0x93, 0x7F, 0x82, 0xFF, 0x04, 0x0D, 0x1A, 0x6A, 0x2D, 0xF5,
    0xE0, 0x41, 0x83, 0x6A, 0x1E, 0x92, 0xA1, 0x43, 0x87, 0xB0, 0x40, 0xF7, 0x1E, 0xD0, 0xAC, 0x2D,
    0xAE, 0x29, 0x07, 0xC2, 0x38, 0xE9, 0xFA, 0x8E, 0xB4, 0x11, 0x20, 0x49, 0x8F, 0x3A, 0x42, 0x78,
    0xF7, 0xF8, 0x7E, 0x7C, 0xEF, 0xFB, 0x0E, 0x48, 0x21, 0x95, 0xD4, 0x42, 0x33, 0x03, 0x8B, 0x7D,
    0xD0, 0x8A, 0x2C, 0x6B, 0xFA, 0x56, 0x54, 0x89, 0x3A, 0x20, 0xC3, 0x00, 0xC1, 0xEA, 0x10, 0xAF,
    0xC0, 0xD7, 0x48, 0x9E, 0x23, 0x13, 0xB0, 0x1C, 0x2A, 0x22, 0xCF, 0x9D, 0xFE, 0x8D, 0x15, 0xDE,
    0x48, 0xAF, 0x2F, 0x87, 0xE1, 0xCB, 0xAD, 0xF9, 0xAC, 0xF4, 0xCE, 0x7B, 0x3B, 0x7C, 0xAA, 0x1E,
    0xCD, 0xE7, 0xB3, 0xDC, 0xFB, 0x86, 0xB6, 0xDD, 0x83, 0x3E, 0x61, 0x3A, 0x2F, 0x0B, 0xE9, 0x91,
    0x34, 0xC1, 0x73, 0x13, 0x52, 0xE7, 0xF4, 0x48, 0x74, 0x4B, 0x98, 0x1C, 0xF2, 0x1F, 0x5F, 0xC8,
    0xB7, 0x5E, 0xC9, 0x97, 0x1E, 0x5B, 0x98, 0xA1, 0xEF, 0xA4, 0x9F, 0x94, 0x5F, 0x3B, 0x5E, 0x09,
    0xCA, 0x16, 0x4D, 0x13, 0x37, 0x19, 0xD7, 0x23, 0x9B, 0xAD, 0x6A, 0xA9, 0x99, 0x9E, 0xF2, 0xB7,
    0x8D, 0xF8, 0xB3, 0x49, 0x7E, 0xB5, 0x52, 0xE8, 0x2C, 0xC5, 0x55, 0x86, 0xF3, 0x5D, 0xEC, 0xC6,
    0xC5, 0x89, 0x50, 0xD9, 0x18, 0xB2, 0x41, 0x6A, 0x91, 0x68, 0x88, 0x36, 0xFE, 0x67, 0xA3, 0x83,
    0x6C, 0x51, 0x2B, 0xFE, 0x50, 0x64, 0xE9, 0xE4, 0x60, 0x91, 0xD9, 0x53, 0x3B, 0x50, 0xC0, 0xC9,
    0x89, 0xA3, 0xB5, 0x5C, 0x66, 0xD9, 0xE3, 0xC7, 0xF7, 0xEF, 0xF7, 0x7A, 0xD8, 0x21, 0xDF, 0x35,
    0x41, 0x40, 0xFB, 0x81, 0x8B, 0x20, 0x0F, 0xB9, 0xCA, 0x7F, 0xBB, 0x86, 0xF4, 0x0D, 0xB8, 0xD7,
    0x6D, 0xA8, 0xE8, 0x82, 0xFE, 0xAA, 0xD4, 0xEB, 0x53, 0xAE, 0x2F, 0x99, 0x3E, 0x24, 0x20, 0x1E,
    0x44, 0x2B, 0x5E, 0x25, 0x90, 0xD4, 0x94, 0x34, 0xB2, 0xDA, 0x54, 0x04, 0x9F, 0x13, 0x8E, 0x35,
    0xB1, 0xE5, 0x55, 0xAE, 0xBE, 0xA7, 0xE2, 0xB9, 0x4B, 0x1B, 0x59, 0x9C, 0xE1, 0x80, 0xBC, 0x78,
    0xF1, 0xFE, 0x39, 0x30, 0x46, 0x09, 0x59, 0x08, 0xDD, 0x37, 0x91, 0xC5, 0x71, 0x40, 0x3D, 0x36,
    0xAC, 0xE6, 0x56, 0xE8, 0x14, 0x19, 0x19, 0xBA, 0xC5, 0x15, 0xF5, 0x93, 0x78, 0xC8, 0x35, 0x86,
    0x13, 0x80, 0x7E, 0x57, 0x01, 0x3C, 0x8C, 0x20, 0x2F, 0xE4, 0xEA, 0x7A, 0x56, 0xC3, 0x60, 0xE3,
    0x48, 0x7A, 0x3A, 0xCF, 0xE8, 0xF9, 0x0A, 0x3D, 0x50, 0x5C, 0x78, 0x05, 0x0F, 0xE4, 0xD8, 0x76,
    0xF0, 0x55, 0x1B, 0x68, 0xCA, 0xCD, 0xA8, 0x75, 0x91, 0x48, 0x14, 0xF9, 0x59, 0xCA, 0x56, 0x49,
    0x47, 0x6D, 0x62, 0x78, 0x54, 0xBA, 0xF2, 0x0D, 0xA5, 0xC1, 0x77, 0x5D, 0x52, 0x1B, 0xD9, 0xED,
    0x9B, 0x7C, 0xBD, 0xFD, 0x3B, 0x2F, 0x38, 0xD2, 0x75, 0xBE, 0x1E, 0x1E, 0xD1, 0xA8, 0xA7, 0x80,
    0xB4, 0xB4, 0x29, 0x5E, 0x4E, 0xC0, 0x04, 0x70, 0x28, 0x4D, 0x44, 0x79, 0xD8, 0x8A, 0x76, 0x83,
    0x09, 0x37, 0xF0, 0x14, 0x3C, 0xC4, 0x4C, 0x0B, 0x1A, 0xF9, 0x34, 0xB5, 0xB2, 0x0A, 0x63, 0x2F,
    0x8B, 0x52, 0xE5, 0x01, 0x2D, 0x24, 0x85, 0x30, 0xF1, 0x79, 0x20, 0x43, 0x49, 0xD6, 0x5B, 0x32,
    0xA4, 0x7A, 0x55, 0xBE, 0xF2, 0xFE, 0x97, 0xB5, 0x7F, 0xE2, 0xBE, 0x8D, 0xA6, 0x98, 0x89, 0xF5,
    0x58, 0x64, 0x62, 0x39, 0x3A, 0x5B, 0x26, 0x06, 0xAA, 0xDF, 0x08, 0xD7, 0x77, 0xC4, 0xC8, 0x9A,
    0x99, 0xB4, 0x58, 0x00, 0xF7, 0x10, 0x2A, 0x5D, 0x20, 0x6E, 0x42, 0x6A, 0xE6, 0x43, 0x21, 0x0B,
    0x09, 0x3F, 0x81, 0x24, 0x34, 0xD0, 0x3A, 0x64, 0xC4, 0x6A, 0x50, 0x41, 0x44, 0x08, 0x59, 0xA0,
    0x7C, 0x82, 0xF2, 0x0F, 0x94, 0x2E, 0x74, 0xB0, 0xA9, 0xC0, 0xA9, 0xD7, 0x11, 0x4D, 0x26, 0xA3,
    0x20, 0x87, 0x2D, 0x1B, 0xBD, 0x4B, 0x7C, 0x33, 0x42, 0x9D, 0x81, 0xB8, 0x4B, 0x1D, 0x46, 0xFB,
    0x0F, 0x79, 0x76, 0x36, 0x92, 0xDE, 0xC9, 0xD7, 0x76, 0x33, 0x2E, 0xA6, 0x4C, 0x5D, 0x09, 0x2C,
    0x27, 0x18, 0xD7, 0x01, 0x01, 0x6A, 0xEF, 0x4B, 0x04, 0xAC, 0xF1, 0x29, 0x21, 0x42, 0xF9, 0xA9,
    0x0A, 0xC5, 0x5F, 0x17, 0x09, 0xD3, 0xFB, 0x2C, 0xB0, 0x66, 0x37, 0xD2, 0x57, 0x4C, 0x97, 0x65,
    0x91, 0x7B, 0xA4, 0xAD, 0x00, 0x62, 0x4F, 0x59, 0x34, 0x29, 0x67, 0xC2, 0xF4, 0x65, 0xDC, 0x31,
    0x6B, 0x10, 0xA9, 0x63, 0xE1, 0x2D, 0x19, 0x5F, 0x84, 0xB2, 0xF1, 0xE8, 0x56, 0x4E, 0x6E, 0xF8,
    0xF4, 0x70, 0x8B, 0xE4, 0x24, 0x6F, 0xE5, 0xB4, 0x39, 0x9F, 0x5F, 0x24, 0xDE, 0xAF, 0x69, 0xBB,
    0x4E, 0x76, 0xEF, 0xCE, 0x70, 0x84, 0x88, 0xB2, 0x9F, 0x27, 0x08, 0x1E, 0x44, 0x5C, 0x72, 0xF9,
    0xF9, 0x9E, 0x37, 0xC4, 0x28, 0xEA, 0x34, 0x6F, 0xC3, 0xFD, 0x30, 0x9F, 0xA5, 0xDE, 0x93, 0xD8,
    0xC2, 0x8B, 0x74, 0x3A, 0xC7, 0xDD, 0x62, 0x36, 0x90, 0x2C, 0x54, 0x43, 0x83, 0x0B, 0xA4, 0x44,
    0x90, 0x3E, 0x55, 0x1B, 0xEC, 0xFD, 0x40, 0x1D, 0x41, 0x93, 0x44, 0x3B, 0xA8, 0x65, 0xD0, 0x42,
    0x1D, 0x3E, 0x32, 0xC1, 0x1E, 0x3E, 0x4A, 0x83, 0xFD, 0x34, 0xBC, 0x9A, 0xBB, 0x60, 0xEF, 0xEC,
    0x07, 0x78, 0x6F, 0x8D, 0x10, 0xE6, 0xD2, 0xFA, 0xD2, 0x70, 0xC0, 0xAA, 0x2E, 0xB5, 0x50, 0x5D,
    0x82, 0xC9, 0x47, 0x8E, 0x6E, 0x6B, 0xBA, 0x3D, 0x8A, 0xFF, 0xE7, 0xA8, 0xBE, 0xBB, 0x54, 0x14,
    0xD7, 0xAC, 0x62, 0x15, 0xD7, 0xD7, 0x78, 0x46, 0x2C, 0xD8, 0x49, 0xB0, 0xA0, 0xA1, 0xCA, 0x00,
    0xB1, 0x69, 0x67, 0xE0, 0xB8, 0x77, 0xA2, 0x70, 0x42, 0x35, 0x69, 0x64, 0x5B, 0x7B, 0xE8, 0x31,
    0x2A, 0x9E, 0x89, 0x7F, 0xE9, 0xF2, 0x71, 0x8B, 0xEB, 0xCC, 0x1C, 0x67, 0xC5, 0x60, 0xD0, 0xEB,
    0x25, 0x67, 0xA4, 0x58, 0x93, 0xDB, 0x26, 0x34, 0xF5, 0x39, 0x71, 0x8F, 0xA2, 0xF2, 0xAA, 0x4F,
    0xEF, 0x14, 0x7B, 0x6D, 0x8B, 0x1F, 0xB9, 0x46, 0x2D, 0x37, 0x9D, 0x7E, 0x5F, 0xB4, 0xF5, 0x7C,
    0xC1, 0x6E, 0x16, 0x34, 0x5F, 0xBA, 0x3A, 0xF6, 0x36, 0x82, 0xC2, 0x3F, 0xBC, 0x05, 0xAE, 0x3A,
    0xBC, 0x63, 0xDA, 0xAC, 0xEE, 0x90, 0xED, 0xEB, 0x4E, 0xF6, 0x7F, 0x7F, 0x78, 0x41, 0xC6, 0x85,
    0xB0, 0x29, 0x29, 0x4A, 0xFE, 0x25, 0x9D, 0x0C, 0xAE, 0x26, 0x55, 0x19, 0xCD, 0x85, 0x88, 0x8F,
    0x4F, 0xB0, 0xD1, 0x13, 0x39, 0x5F, 0x71, 0x2B, 0xEB, 0xE5, 0x22, 0x60, 0xD4, 0x27, 0x1D, 0x53,
    0x4D, 0x95, 0x54, 0xDF, 0xB4, 0x05, 0x52, 0xC3, 0x6F, 0x10, 0xFD, 0x64, 0x04, 0xB1, 0x80, 0x94,
    0x5B, 0x7A, 0x7F, 0x4E, 0xD6, 0x61, 0x98, 0x7B, 0xF7, 0x7E, 0x1E, 0x2C, 0xBC, 0x3D, 0x0D, 0x9E,
    0xA5, 0xE9, 0xBE, 0xC2, 0xA1, 0x58, 0x8E, 0x4F, 0xAF, 0x7F, 0x74, 0x58, 0x5F, 0xE6, 0xD5, 0x06,
    0xFE, 0x03, 0xE5, 0x7D, 0x4F, 0xAC, 0xDE, 0x54, 0x96, 0xE7, 0xB5, 0x9D, 0x3C, 0x37, 0x31, 0x15,
    0x67, 0x41, 0xF5, 0x04, 0x28, 0x62, 0x16, 0x2C, 0x80, 0x4E, 0xE2, 0x5E, 0xB0, 0x88, 0x46, 0x2F,
    0xB1, 0x01, 0x69, 0x4A, 0x9A, 0x5A, 0x24, 0x8B, 0xAA, 0x92, 0xA6, 0x7A, 0x01, 0xD2, 0xD4, 0x82,
    0xAA, 0xD1, 0x08, 0x16, 0x59, 0xD0, 0x5D, 0x01, 0x1B, 0x22, 0x4D, 0x16, 0x48, 0xC3, 0x9B, 0x96,
    0x7A, 0x36, 0xB5, 0x20, 0x8B, 0x94, 0x04, 0x2F, 0x3D, 0xF3, 0xD2, 0x52, 0xA4, 0x8E, 0x66, 0x02,
    0x76, 0xF2, 0x34, 0x1D, 0xA9, 0x59, 0xE0, 0x2A, 0x34, 0xAA, 0xC5, 0x48, 0x83, 0x29, 0xA8, 0xE9,
    0x69, 0xD0, 0x28, 0x86, 0x98, 0xC6, 0x79, 0xB1, 0x7D, 0xE7, 0xFC, 0xCE, 0xB9, 0xD7, 0xDF, 0xF7,
    0xBD, 0x04, 0x2A, 0x45, 0x92, 0x22, 0xA1, 0x5F, 0x78, 0xF6, 0xC7, 0xFB, 0xBE, 0xEF, 0xFE, 0x39,
    0xF7, 0xFC, 0xF9, 0x9D, 0x73, 0xCF, 0xB9, 0x56, 0x4A, 0xA5, 0x8A, 0x7E, 0xC2, 0x86, 0xAF, 0x3D,
    0xAE, 0xCE, 0x88, 0xAB, 0x8A, 0x72, 0xFE, 0x9F, 0x4A, 0x99, 0x1F, 0x5F, 0x6B, 0xDD, 0x2B, 0x57,
    0x8F, 0x27, 0x3B, 0xA5, 0xB2, 0x46, 0xB5, 0x7C, 0x3D, 0xA5, 0x94, 0xAE, 0xD5, 0x73, 0x74, 0x2D,
    0xD5, 0x0E, 0xE5, 0xD0, 0x55, 0xD1, 0x67, 0xF0, 0x55, 0x4F, 0xA7, 0xDF, 0xC2, 0xB7, 0xD4, 0xB2,
    0x52, 0x81, 0xD6, 0xF4, 0xA5, 0x50, 0xAF, 0x36, 0xDC, 0x09, 0x5D, 0xE3, 0x1E, 0x5F, 0x4D, 0x3A,
    0x75, 0x88, 0xAE, 0xDC, 0x39, 0x35, 0xE6, 0x72, 0x63, 0x01, 0x5D, 0x2B, 0x15, 0x52, 0x33, 0xA5,
    0xDA, 0x4F, 0x5F, 0xFD, 0xEC, 0x87, 0xBD, 0x2A, 0xA8, 0xF3, 0x56, 0x4D, 0x3F, 0x67, 0x7C, 0x1A,
    0x96, 0x37, 0x44, 0xF4, 0xC5, 0x60, 0xC4, 0xD7, 0x83, 0x01, 0x57, 0xAF, 0x8D, 0xCA, 0xDB, 0x6E,
    0xB4, 0x3B, 0xE4, 0x76, 0x8A, 0xC7, 0xAD, 0xF4, 0x47, 0xAB, 0xAB, 0x45, 0xE3, 0x6A, 0xFC, 0x54,
    0x5E, 0x1D, 0x0E, 0x2A, 0x2C, 0xC3, 0x3C, 0xEA, 0x95, 0x9F, 0x6F, 0x57, 0x71, 0xA7, 0xFC, 0x74,
    0x8B, 0x4A, 0x5A, 0xB4, 0x6D, 0x3A, 0x52, 0x45, 0xCD, 0x37, 0xFD, 0xCB, 0x55, 0xBE, 0x69, 0xDD,
    0x60, 0xCC, 0x9F, 0x15, 0x1D, 0x06, 0x8D, 0x6F, 0xD2, 0x4D, 0x85, 0x23, 0x0F, 0x1E, 0x37, 0xFA,
    0xE5, 0x5B, 0xCF, 0x37, 0x7A, 0x3F, 0x1A, 0x14, 0x5A, 0xA6, 0x39, 0xA0, 0xE5, 0x44, 0xE8, 0x81,
    0xF1, 0xD3, 0x2C, 0x69, 0x02, 0x89, 0xD6, 0x42, 0x08, 0xD0, 0x00, 0xB7, 0x60, 0x90, 0xF5, 0xEF,
    0xF8, 0x96, 0x71, 0xF7, 0x8E, 0xBC, 0x15, 0xF5, 0x32, 0x96, 0x6A, 0x7E, 0x66, 0xF4, 0x0D, 0x66,
    0x95, 0x98, 0x3F, 0x99, 0xF1, 0x6B, 0x6E, 0xC2, 0xE5, 0x09, 0x78, 0xB9, 0xFD, 0x18, 0x66, 0x3D,
    0x52, 0x53, 0x7A, 0x95, 0x06, 0x96, 0xF4, 0x44, 0x2E, 0x0C, 0x68, 0x99, 0x67, 0x4A, 0xD7, 0xA2,
    0x51, 0x0F, 0x33, 0x49, 0x15, 0xAF, 0x8F, 0x32, 0xEB, 0xE3, 0x99, 0xF5, 0x91, 0x55, 0xE5, 0xEE,
    0x98, 0x41, 0xC3, 0x61, 0xC6, 0xB2, 0x31, 0x5F, 0x13, 0xA6, 0xB9, 0x90, 0xAD, 0xE0, 0x2B, 0x37,
    0xE6, 0x63, 0x35, 0x55, 0xA6, 0xB5, 0xDA, 0xFC, 0x73, 0xBF, 0xEE, 0xEE, 0xA1, 0x5E, 0x56, 0x8A,
    0x16, 0xED, 0xC4, 0x4C, 0x95, 0xB0, 0x44, 0xB7, 0x41, 0xE9, 0xD3, 0x8C, 0xFD, 0x94, 0xE9, 0xCA,
    0xCD, 0x3B, 0x44, 0xB9, 0x43, 0xDC, 0xCE, 0xE8, 0x96, 0xBC, 0xC2, 0xA9, 0xD2, 0x97, 0x8B, 0x01,
    0x9D, 0x2C, 0xD5, 0x96, 0x26, 0x42, 0x48, 0x5C, 0x77, 0xA8, 0x82, 0xAE, 0xCF, 0xA9, 0x84, 0xFE,
    0xDE, 0xA8, 0xA4, 0x56, 0x5E, 0x0D, 0x29, 0x0B, 0x4B, 0xE2, 0x5B, 0x7E, 0xAB, 0xE0, 0x01, 0x2D,
    0x9D, 0x98, 0x1B, 0x4F, 0xA4, 0x6B, 0x9A, 0xAB, 0xFE, 0x2E, 0x7D, 0xDF, 0x23, 0x2E, 0x4A, 0xF1,
    0x85, 0x84, 0xFE, 0xDC, 0xA8, 0x03, 0x0A, 0xC3, 0xDB, 0xCD, 0x0B, 0x89, 0xEB, 0x20, 0x1F, 0xC7,
    0xA2, 0x84, 0x73, 0x93, 0x74, 0x34, 0xBF, 0x91, 0xE9, 0xD9, 0xDB, 0x3E, 0x91, 0x2F, 0x64, 0x26,
    0x0F, 0xA9, 0x69, 0xB9, 0xA6, 0x2A, 0xA6, 0x2B, 0x91, 0x2A, 0x77, 0x7B, 0xAC, 0x70, 0x40, 0x84,
    0xFB, 0x0B, 0xCD, 0x74, 0xFE, 0xE3, 0x13, 0x66, 0xA5, 0x1A, 0x2C, 0xD4, 0x0A, 0xAF, 0x93, 0xA1,
    0x2C, 0x13, 0x96, 0xE9, 0xCA, 0x73, 0xC5, 0x24, 0xC1, 0xF4, 0xB2, 0x40, 0xBC, 0x3E, 0xBC, 0x3C,
    0xBC, 0x3A, 0xBC, 0x2C, 0xCC, 0x2D, 0x71, 0x77, 0x8D, 0xEF, 0xD7, 0xF8, 0x6C, 0xBB, 0xB8, 0x28,
    0x11, 0x49, 0x87, 0x2A, 0xD6, 0xE9, 0xDB, 0xFA, 0x02, 0x2E, 0x6F, 0xD3, 0x54, 0xDE, 0xF2, 0xDA,
    0x89, 0x75, 0xFE, 0xE0, 0x03, 0xA2, 0xFF, 0x01, 0x35, 0x63, 0x16, 0x65, 0x9F, 0x89, 0x19, 0xF0,
    0xBB, 0xE1, 0x38, 0xE3, 0x3C, 0x91, 0x88, 0xA4, 0x9B, 0x71, 0x5E, 0xD6, 0xCC, 0xA4, 0x76, 0x8E,
    0x29, 0x5C, 0xC3, 0xCC, 0xE9, 0xC4, 0xCC, 0xD7, 0xD5, 0x18, 0x37, 0x03, 0x76, 0x79, 0x10, 0x0B,
    0xA6, 0xDE, 0x74, 0x30, 0x24, 0x7D, 0xB4, 0xE5, 0xE1, 0x61, 0xC1, 0xEE, 0xFF, 0xBF, 0x32, 0x58,
    0x0F, 0x1A, 0xA5, 0x66, 0x1E, 0xD0, 0xB2, 0x94, 0x2A, 0xCC, 0xA5, 0x29, 0x5A, 0x73, 0xA3, 0x4B,
    0x76, 0x19, 0xB9, 0x20, 0xD1, 0x13, 0x39, 0x23, 0xB9, 0x13, 0x96, 0x55, 0xCF, 0x1B, 0x25, 0xA0,
    0x5A, 0x51, 0x88, 0xC4, 0xB5, 0x9E, 0x7E, 0x89, 0x69, 0x5F, 0xFB, 0xAC, 0x10, 0x95, 0x57, 0x06,
    0x9A, 0xE9, 0xE0, 0xE7, 0xE1, 0xC0, 0x1F, 0x0F, 0x31, 0x70, 0x4C, 0x72, 0x17, 0x64, 0x04, 0x2F,
    0x96, 0x41, 0x5A, 0xBC, 0x38, 0x8D, 0x3E, 0xE9, 0x33, 0x4E, 0x4D, 0x14, 0xA1, 0xC9, 0x27, 0xDF,
    0x2B, 0xA9, 0x4F, 0x9A, 0x39, 0x98, 0x53, 0x57, 0x24, 0xBD, 0x45, 0x0F, 0x75, 0x49, 0x03, 0xA2,
    0x0F, 0x12, 0xDD, 0xC7, 0x54, 0x6D, 0x53, 0x73, 0xAA, 0xA2, 0x2E, 0x74, 0xCF, 0xB3, 0xC9, 0x33,
    0xFD, 0xA1, 0x90, 0x25, 0xD4, 0x86, 0x32, 0x22, 0xFB, 0xF4, 0x55, 0xA1, 0x1B, 0xCD, 0x45, 0x48,
    0x47, 0xFD, 0xC5, 0x9D, 0xD1, 0x1C, 0x3C, 0x65, 0xB0, 0x82, 0x79, 0x61, 0x96, 0xDA, 0x67, 0xD5,
    0x3B, 0xB2, 0x96, 0xD7, 0xFA, 0x0A, 0x74, 0xF7, 0x80, 0xC5, 0xC9, 0xB8, 0x31, 0x5A, 0x1F, 0xEA,
    0x87, 0xDA, 0xA0, 0xCF, 0xD3, 0x8C, 0x68, 0x2E, 0xB4, 0x4A, 0xF4, 0xBF, 0xE8, 0x73, 0xC4, 0x10,
    0xA4, 0x4F, 0x4C, 0xAD, 0x42, 0x9F, 0xD4, 0x33, 0xBA, 0xEA, 0x88, 0x66, 0xBE, 0x6E, 0x48, 0xFC,
    0x9E, 0x1D, 0xC0, 0x36, 0x21, 0xB4, 0xFB, 0x4C, 0x3F, 0xB2, 0x8D, 0x75, 0x94, 0xAA, 0x79, 0x2D,
    0x58, 0xF9, 0x0F, 0xCA, 0x1B, 0xB5, 0x5E, 0xEB, 0xB1, 0x48, 0x2D, 0x59, 0xA7, 0xBD, 0xE0, 0x9B,
    0x46, 0x3D, 0x06, 0xC6, 0x31, 0x1C, 0x9D, 0x4E, 0xFA, 0xC4, 0xB5, 0xFA, 0xF9, 0x5F, 0x5F, 0x36,
    0x2B, 0x5D, 0x62, 0xFC, 0xFF, 0x09, 0xA6, 0x00, 0xC3, 0x6A, 0x99, 0x81, 0x30, 0x73, 0x1A, 0x12,
    0xD6, 0x1C, 0x23, 0x6E, 0x99, 0xCB, 0xC1, 0x8D, 0xF4, 0x0B, 0x76, 0xA4, 0x5F, 0x2C, 0x0C, 0xFD,
    0x62, 0x59, 0x74, 0x89, 0x56, 0x03, 0x5D, 0x07, 0x98, 0x83, 0xEE, 0x61, 0x2E, 0xE7, 0x7F, 0x5C,
    0xE1, 0x8F, 0x40, 0x38, 0x28, 0x92, 0xFF, 0x4B, 0xD8, 0x0A, 0xA8, 0xB3, 0x7C, 0x75, 0xEA, 0xF9,
    0xE5, 0x6A, 0xFC, 0x9E, 0x05, 0x94, 0xCD, 0x4C, 0xAF, 0x32, 0xB1, 0x36, 0x1B, 0xB8, 0x35, 0x5E,
    0xC9, 0xAB, 0xE5, 0xE7, 0x3C, 0xB1, 0x50, 0x56, 0x6A, 0xBF, 0x4C, 0xEC, 0x0C, 0xCF, 0xE8, 0x68,
    0x2D, 0x13, 0x13, 0x55, 0x56, 0xB4, 0x2C, 0xB6, 0xAC, 0xD5, 0xC3, 0xDE, 0x88, 0x2E, 0x0B, 0x4A,
    0xDC, 0xB1, 0xD4, 0x24, 0x2D, 0x4B, 0x36, 0xB5, 0x0C, 0x5E, 0x2D, 0xE8, 0x56, 0x82, 0x0B, 0x1C,
    0xFA, 0x3E, 0xC4, 0xB8, 0x18, 0xA1, 0xA6, 0x49, 0x72, 0x79, 0x09, 0x5C, 0x51, 0xB1, 0x87, 0x2C,
    0x32, 0xE8, 0xEC, 0x8B, 0xC1, 0x0E, 0xBF, 0x48, 0xAD, 0x21, 0x9B, 0xD0, 0xCE, 0xA9, 0x45, 0x62,
    0xD0, 0xFC, 0x22, 0xA8, 0x06, 0xB0, 0x63, 0xC0, 0x6A, 0x21, 0xE9, 0xCD, 0xB2, 0x24, 0x8D, 0x81,
    0x10, 0x44, 0x66, 0x11, 0x6F, 0x22, 0x74, 0xA4, 0x8D, 0xF8, 0x8B, 0x2A, 0x06, 0xB1, 0x07, 0x99,
    0x6F, 0xF8, 0x5E, 0x2F, 0x7A, 0x20, 0x89, 0xE5, 0x85, 0xD3, 0xB1, 0x94, 0x92, 0x68, 0x55, 0xCC,
    0xA9, 0xE1, 0x18, 0xA7, 0xAC, 0x43, 0xC2, 0xBE, 0x17, 0x35, 0x12, 0x69, 0x59, 0x39, 0x32, 0xD5,
    0xB9, 0x48, 0x69, 0x32, 0x5C, 0xA3, 0x4F, 0xCF, 0xF6, 0x19, 0x88, 0xEA, 0x6B, 0xD5, 0xB3, 0xF8,
    0x0C, 0x51, 0xC2, 0x63, 0xD0, 0x70, 0x8D, 0x9F, 0x38, 0xDF, 0xCA, 0xCB, 0x4A, 0xD8, 0x03, 0x8D,
    0xA5, 0xBB, 0x65, 0x91, 0x4F, 0xF3, 0x7B, 0xA2, 0xBC, 0xFC, 0x71, 0xF6, 0xF1, 0x02, 0x9C, 0xDD,
    0x43, 0x23, 0x82, 0x69, 0x02, 0xEA, 0x78, 0x14, 0x95, 0x26, 0x58, 0xC4, 0x63, 0x64, 0x52, 0xFA,
    0x25, 0x0B, 0x60, 0x28, 0xFC, 0x7B, 0x40, 0x04, 0xF4, 0xAC, 0x08, 0xAC, 0x28, 0xB5, 0x4B, 0xDC,
    0x72, 0x72, 0x85, 0xF5, 0x4C, 0x22, 0x1A, 0x57, 0x4C, 0xB8, 0x8A, 0x44, 0xE1, 0x87, 0xC2, 0x5B,
    0x61, 0x69, 0xF4, 0x97, 0x51, 0x5A, 0xF8, 0xF8, 0x0F, 0x45, 0x3D, 0x8A, 0xFE, 0x4A, 0x44, 0x57,
    0x19, 0xAC, 0xE2, 0xA4, 0x93, 0x2E, 0x6C, 0xA0, 0x3D, 0x26, 0xE5, 0x91, 0xF4, 0x42, 0x14, 0x11,
    0x63, 0x26, 0x1B, 0x73, 0x55, 0x61, 0x14, 0x87, 0xD1, 0x1B, 0xAC, 0x36, 0x5A, 0x81, 0x84, 0x8C,
    0x27, 0x69, 0x6A, 0x58, 0x01, 0x4F, 0x8B, 0x2A, 0x87, 0x25, 0x61, 0xB5, 0x37, 0xC8, 0xDA, 0x8B,
    0xC2, 0xE0, 0xB1, 0x7B, 0xC2, 0x96, 0xCA, 0xBF, 0x8E, 0x6E, 0x7C, 0x02, 0x81, 0x00, 0x0E, 0x99,
    0xB6, 0xAA, 0xDA, 0x48, 0x99, 0x0A, 0x9A, 0x45, 0x3E, 0x34, 0xF3, 0x27, 0x25, 0xA1, 0xE6, 0x09,
    0xA1, 0xB6, 0x5F, 0x63, 0x2D, 0x45, 0xDB, 0x38, 0xD2, 0x82, 0x18, 0x21, 0x25, 0xCB, 0xEE, 0x09,
    0xAD, 0x82, 0x82, 0x5B, 0xDD, 0x53, 0x70, 0xA3, 0x87, 0x45, 0xA7, 0xD4, 0x62, 0x96, 0xCE, 0xF1,
    0x30, 0x42, 0x97, 0x79, 0x69, 0x59, 0x38, 0xE9, 0x34, 0xDF, 0xDC, 0x8D, 0x93, 0xC2, 0x4E, 0xD0,
    0x99, 0x64, 0xA4, 0x19, 0x1D, 0xEE, 0x97, 0x79, 0x75, 0x7C, 0xF3, 0x64, 0x76, 0xA1, 0x4C, 0x2E,
    0xC9, 0x41, 0x6D, 0x5F, 0x57, 0x0E, 0x7D, 0x21, 0xD1, 0x7D, 0xA8, 0x75, 0x35, 0x0F, 0x00, 0x45,
    0x88, 0x56, 0xB5, 0x68, 0xF4, 0xBD, 0x42, 0xB5, 0x07, 0x84, 0x68, 0x77, 0x8B, 0x52, 0xDF, 0x32,
    0x83, 0x98, 0x32, 0xC8, 0x09, 0x9F, 0x9A, 0x1B, 0xAB, 0x2A, 0x5F, 0x33, 0xED, 0x69, 0x4D, 0xCC,
    0x92, 0xE0, 0x2B, 0xA1, 0x88, 0x4C, 0xCC, 0xC8, 0x96, 0x4D, 0x11, 0x6E, 0x0D, 0x37, 0x50, 0x88,
    0xB6, 0xD0, 0x35, 0xCC, 0x08, 0x89, 0x47, 0x86, 0xD1, 0x32, 0x8E, 0x9B, 0xC9, 0xF9, 0xB8, 0x46,
    0x66, 0x88, 0xD4, 0x38, 0x81, 0x2D, 0x1A, 0x5E, 0xC8, 0xDA, 0xCB, 0x07, 0x46, 0x6A, 0xA0, 0x2D,
    0x8A, 0x1A, 0xAF, 0x49, 0x83, 0x81, 0xB5, 0xCA, 0x88, 0x05, 0x9F, 0xF0, 0xAE, 0xA7, 0xFF, 0x43,
    0x67, 0xB5, 0x17, 0x89, 0x31, 0xC0, 0x37, 0x99, 0xC7, 0x9C, 0x6D, 0x63, 0xC9, 0x56, 0xA2, 0xC2,
    0x5C, 0x81, 0xB5, 0xD9, 0x6E, 0xB0, 0x3D, 0x44, 0x63, 0xF4, 0x19, 0x6A, 0x4C, 0xD3, 0x60, 0x1A,
    0x82, 0xF3, 0xD9, 0xFC, 0x58, 0x6E, 0x23, 0xAC, 0x6C, 0x91, 0x85, 0x6B, 0xB9, 0x35, 0x36, 0x10,
    0x65, 0x97, 0x61, 0xB3, 0xDD, 0xA6, 0x85, 0x65, 0xB3, 0x6A, 0xCF, 0x9B, 0x65, 0x6B, 0x8C, 0xDD,
    0x12, 0xBA, 0x2B, 0xB7, 0x92, 0x81, 0x79, 0xA5, 0x0C, 0xCD, 0xCF, 0xCD, 0xE0, 0xCC, 0xC0, 0x76,
    0x19, 0x23, 0xBE, 0x2C, 0x36, 0x9C, 0x9A, 0x91, 0x41, 0x36, 0x32, 0x4C, 0x32, 0x48, 0xDC, 0x4D,
    0x50, 0x4A, 0x37, 0xB1, 0xCC, 0x7C, 0x69, 0xA4, 0x81, 0x61, 0xC9, 0x8D, 0x59, 0x4F, 0x36, 0x56,
    0x57, 0xD7, 0x7A, 0xE6, 0x43, 0xE5, 0x61, 0x85, 0x8D, 0x23, 0x02, 0xE5, 0x01, 0x05, 0x75, 0x04,
    0xF7, 0x0A, 0xAE, 0x18, 0x46, 0xA2, 0xD8, 0xD8, 0xC2, 0x30, 0x1D, 0x12, 0x13, 0x7D, 0x3B, 0x7A,
    0xBB, 0xF2, 0xF3, 0x7D, 0x38, 0x02, 0xC4, 0x10, 0x2D, 0x18, 0x2C, 0xC3, 0x87, 0x2A, 0x58, 0x99,
    0x82, 0x1D, 0xBC, 0x04, 0x7F, 0x1B, 0x18, 0x84, 0x81, 0x86, 0x7B, 0x88, 0x74, 0x6E, 0x25, 0x9A,
    0x82, 0x18, 0x38, 0x95, 0x57, 0x59, 0xB3, 0xDD, 0x68, 0x11, 0x5D, 0x2F, 0xDB, 0x57, 0xA5, 0x68,
    0x0A, 0xD2, 0x00, 0x17, 0x2A, 0xE3, 0x84, 0x68, 0x83, 0x0D, 0x09, 0x1D, 0x15, 0x46, 0x81, 0x5C,
    0xD0, 0xA2, 0x62, 0x23, 0x1D, 0x8C, 0xB2, 0x5A, 0x49, 0x1F, 0x0E, 0xE2, 0x29, 0x6A, 0x92, 0x13,
    0x5E, 0x51, 0x4F, 0x37, 0x71, 0xCF, 0x6B, 0x1C, 0x12, 0xDE, 0x6B, 0x79, 0xD5, 0x49, 0xBB, 0x8B,
    0xF8, 0xC1, 0x00, 0x52, 0x6B, 0xA4, 0x91, 0xC8, 0x7C, 0xC0, 0xF5, 0xCC, 0xA0, 0x1E, 0x72, 0x12,
    0x40, 0xD8, 0x69, 0x72, 0x83, 0xB6, 0xCC, 0x4C, 0x35, 0xFD, 0xC0, 0x74, 0x85, 0x1B, 0xF4, 0x85,
    0x28, 0x0F, 0x3B, 0x72, 0x7F, 0x82, 0x9E, 0x28, 0x1B, 0x80, 0x8C, 0x74, 0x39, 0xA4, 0x42, 0x8C,
    0x06, 0xEE, 0x3F, 0xFC, 0x4D, 0x5F, 0xC8, 0x0D, 0xB4, 0x28, 0x7E, 0x2A, 0xAF, 0x0B, 0x6B, 0xBB,
    0xA2, 0x7E, 0x08, 0xAF, 0xF6, 0xE1, 0x6F, 0xCB, 0x58, 0xB0, 0x23, 0x58, 0xA9, 0x17, 0x21, 0x10,
    0x59, 0x49, 0x30, 0x23, 0x62, 0x91, 0xFB, 0xE9, 0xCA, 0x37, 0xD8, 0xC6, 0xD3, 0xCF, 0x8B, 0xEA,
    0x8F, 0xE4, 0x85, 0x56, 0xFB, 0xE4, 0xC5, 0xA8, 0x0E, 0x9B, 0x17, 0x06, 0xE7, 0x19, 0x6F, 0x62,
    0x66, 0x4B, 0xBF, 0xD9, 0xD0, 0xE7, 0xF6, 0x07, 0xAC, 0xAC, 0x6D, 0x69, 0xE8, 0x0E, 0x94, 0xC1,
    0x8A, 0x78, 0x73, 0xBD, 0x71, 0xE6, 0x5A, 0x2B, 0xD9, 0x6C, 0xCF, 0x37, 0x69, 0xDF, 0x7D, 0x46,
    0xFB, 0x9E, 0x76, 0x16, 0xB4, 0xAF, 0x53, 0xFF, 0x7E, 0xDA, 0xF7, 0xB4, 0x74, 0xE3, 0x88, 0xF6,
    0x85, 0xF7, 0x86, 0x6E, 0xD8, 0x79, 0x83, 0x2F, 0x31, 0x88, 0xBF, 0xCC, 0xAE, 0x1B, 0xB5, 0xB3,
    0x6D, 0x0E, 0x23, 0x96, 0x58, 0xB6, 0x12, 0xD1, 0x15, 0x1A, 0x4F, 0x32, 0x5A, 0x3F, 0x58, 0x5B,
    0x8F, 0xD8, 0x35, 0x06, 0xAB, 0x9A, 0xCC, 0x15, 0xE9, 0x3F, 0xE3, 0x17, 0x57, 0xA0, 0x01, 0x46,
    0x95, 0xD4, 0x86, 0x7F, 0xBE, 0x45, 0xAF, 0x3E, 0xE7, 0x46, 0x96, 0x93, 0xDA, 0x7B, 0x9B, 0x35,
    0xCE, 0xBE, 0xA4, 0x0E, 0x65, 0xD4, 0x4D, 0x52, 0xEF, 0x91, 0x57, 0x75, 0x52, 0x1F, 0x66, 0xD6,
    0x75, 0xCB, 0xE4, 0x93, 0x3A, 0x6E, 0x79, 0xAA, 0xC9, 0xE7, 0x39, 0x13, 0x29, 0x48, 0x59, 0x0F,
    0x09, 0xF5, 0x7A, 0x31, 0x5B, 0x7B, 0x11, 0x51, 0x61, 0x26, 0x7B, 0x41, 0xC5, 0x95, 0x10, 0x8F,
    0x34, 0x68, 0x8E, 0x81, 0x41, 0x91, 0xC7, 0xC4, 0x4C, 0x2D, 0xCF, 0x87, 0xEC, 0x9B, 0x1E, 0x37,
    0xB3, 0x4F, 0x1D, 0x8B, 0x7D, 0xCE, 0x23, 0x68, 0x9F, 0xA4, 0x13, 0x74, 0x92, 0x18, 0xA6, 0x24,
    0x5A, 0x31, 0x99, 0xA1, 0xE0, 0x47, 0xD1, 0x48, 0xB0, 0xC1, 0x58, 0x12, 0x86, 0x4C, 0x34, 0xF1,
    0x58, 0x22, 0x77, 0x6C, 0x4B, 0x7D, 0xB3, 0xD8, 0x81, 0xB9, 0x87, 0x83, 0xD0, 0x0B, 0x4B, 0x82,
    0x66, 0x69, 0x49, 0x78, 0x35, 0x11, 0x19, 0x64, 0xAD, 0xBA, 0xB9, 0x9B, 0xCA, 0x74, 0xC3, 0xDE,
    0x2C, 0x2F, 0x0D, 0xA8, 0x47, 0x9E, 0xA8, 0x3F, 0x07, 0xBF, 0xA6, 0x9F, 0x80, 0x65, 0xA2, 0xC8,
    0x47, 0x76, 0x82, 0xC8, 0x52, 0x12, 0xB9, 0x88, 0x04, 0x10, 0x5E, 0xD6, 0xD5, 0x61, 0x83, 0xD6,
    0x43, 0x66, 0xDD, 0xB0, 0x43, 0x8B, 0x51, 0x87, 0xA1, 0xC4, 0x2C, 0xAF, 0x49, 0x27, 0xBE, 0x65,
    0xC2, 0xAE, 0x25, 0xAE, 0xBA, 0xE6, 0x6B, 0x89, 0x28, 0x17, 0xA9, 0xF4, 0x9A, 0xC9, 0xC7, 0x5E,
    0x7A, 0xD8, 0xA0, 0x6D, 0xBF, 0x85, 0x36, 0x76, 0x7B, 0x8F, 0x41, 0xB1, 0x44, 0x29, 0x7E, 0x31,
    0x01, 0x42, 0x01, 0xEA, 0x62, 0x75, 0xA8, 0xFD, 0xEB, 0x06, 0xEA, 0x8D, 0xD8, 0xDE, 0xEC, 0x77,
    0x01, 0xF5, 0xFC, 0x9A, 0x40, 0x7D, 0xEA, 0x66, 0x98, 0xEB, 0xC6, 0x06, 0x12, 0x04, 0xB0, 0x81,
    0x8E, 0x1C, 0x51, 0x13, 0x8F, 0x3E, 0x5F, 0x58, 0x7F, 0xC2, 0x89, 0x90, 0x4D, 0x96, 0xBD, 0xB8,
    0xF7, 0x25, 0xB2, 0xC4, 0x13, 0x24, 0xD3, 0xAB, 0xB9, 0x4D, 0x46, 0xD3, 0x45, 0xCD, 0x37, 0x5D,
    0xF1, 0x1F, 0x75, 0x89, 0xFE, 0x49, 0x02, 0x3C, 0xF6, 0x9C, 0x72, 0x61, 0x06, 0x10, 0x8B, 0x3A,
    0x93, 0xA1, 0x8E, 0xAC, 0x13, 0xC3, 0x7E, 0xCB, 0x5C, 0xC0, 0x55, 0x44, 0xD2, 0x08, 0xFE, 0x22,
    0xB8, 0x17, 0xC4, 0x06, 0x20, 0x9B, 0xAB, 0x1B, 0x0E, 0x70, 0x72, 0xEB, 0xED, 0x1C, 0x26, 0x9C,
    0x21, 0xC3, 0x9B, 0x11, 0xE0, 0x64, 0xE7, 0xC4, 0x17, 0x40, 0xA9, 0x95, 0x37, 0x16, 0xFA, 0x64,
    0x4F, 0x5F, 0xA0, 0x49, 0xF6, 0x10, 0xC7, 0x8E, 0x94, 0xCE, 0x3E, 0x4C, 0xF2, 0x14, 0x35, 0x4E,
    0x4B, 0xB3, 0x63, 0x1A, 0xC7, 0x17, 0xB8, 0x03, 0xB9, 0x9A, 0xD0, 0xAE, 0x81, 0xBB, 0x06, 0xEF,
    0x1A, 0x9D, 0x66, 0x6F, 0x8B, 0xE4, 0xB3, 0x71, 0x75, 0xBE, 0x2D, 0x4D, 0xE4, 0x9B, 0xA7, 0xDB,
    0x9D, 0xE2, 0xE8, 0x2A, 0xF7, 0x8D, 0x1F, 0xAD, 0x88, 0x21, 0xE2, 0x9E, 0xB2, 0x7E, 0x6E, 0x86,
    0xCF, 0xB2, 0xDD, 0x08, 0x46, 0x7D, 0x91, 0x83, 0xBC, 0x7A, 0x5D, 0xD3, 0x68, 0x1F, 0xD7, 0x2F,
    0xE9, 0xDC, 0x1F, 0x88, 0x27, 0x69, 0xE0, 0x00, 0x6B, 0xBA, 0x8C, 0x5B, 0x0F, 0x3E, 0x54, 0xD2,
    0x10, 0x9C, 0x83, 0x0C, 0x87, 0x3D, 0xDC, 0x9A, 0x9A, 0xDF, 0x4D, 0xEA, 0xA8, 0x25, 0x92, 0x26,
    0x24, 0xE6, 0x21, 0xE2, 0x62, 0xF4, 0x02, 0x1A, 0x2D, 0xFB, 0x8D, 0x4E, 0x59, 0x68, 0x31, 0x89,
    0xFB, 0xF4, 0x3F, 0xCE, 0x05, 0xA9, 0xEE, 0x37, 0xDC, 0xB2, 0x10, 0x4E, 0xF2, 0xC7, 0xB5, 0xBA,
    0xA0, 0xAF, 0x90, 0xDC, 0xE4, 0x1C, 0xBB, 0xA6, 0x4B, 0x58, 0x89, 0x63, 0x12, 0x9A, 0x28, 0xE8,
    0x7E, 0x13, 0x13, 0x3D, 0x2D, 0x8B, 0x2A, 0xD1, 0x25, 0x32, 0xB4, 0xB9, 0x34, 0xFE, 0x8E, 0x4C,
    0xDC, 0x36, 0x6B, 0xAC, 0xBA, 0x6B, 0xEE, 0x81, 0xE1, 0x93, 0x07, 0xCC, 0x1A, 0x3F, 0x6F, 0xA8,
    0xDC, 0x88, 0x00, 0x79, 0xA5, 0xF1, 0x80, 0x52, 0x09, 0xB7, 0x1E, 0x30, 0xC1, 0xD7, 0x81, 0xC3,
    0xE3, 0xE0, 0x1D, 0x00, 0x0D, 0xA8, 0x26, 0xF6, 0x21, 0xEE, 0x99, 0x73, 0x7D, 0x1A, 0x80, 0x79,
    0xE8, 0xF9, 0x82, 0xF5, 0x93, 0xEC, 0xAA, 0xB0, 0xE2, 0xE8, 0x45, 0x14, 0x63, 0xA3, 0x9F, 0xB8,
    0x67, 0x28, 0x8E, 0x46, 0x38, 0x34, 0x33, 0xFA, 0x49, 0xD7, 0xC2, 0x3A, 0x12, 0x99, 0x16, 0xE6,
    0xA5, 0xDE, 0x8D, 0xB0, 0x8B, 0x5E, 0x0A, 0x8D, 0x5E, 0xA2, 0xB6, 0x98, 0x81, 0x11, 0xEB, 0x1C,
    0x16, 0xBB, 0x89, 0x8C, 0x7E, 0x9A, 0xBA, 0x69, 0x25, 0x90, 0xC0, 0x3E, 0xCF, 0x14, 0x48, 0x98,
    0x0B, 0x66, 0x65, 0x66, 0x0E, 0x6F, 0x99, 0xFB, 0x59, 0x73, 0xB7, 0xF0, 0xCE, 0xC2, 0xA2, 0x59,
    0x14, 0x8F, 0xDA, 0x19, 0x05, 0x8F, 0x77, 0x30, 0x6A, 0x60, 0x74, 0xEC, 0x44, 0x68, 0x1E, 0x9B,
    0xAF, 0x59, 0xC4, 0x68, 0xC4, 0x81, 0xD9, 0x5D, 0x1A, 0x58, 0x3D, 0x61, 0x7C, 0x91, 0x04, 0x1F,
    0xC3, 0x5E, 0x42, 0x91, 0xFA, 0xE7, 0xBA, 0x11, 0x9B, 0xC6, 0x66, 0xE6, 0xC3, 0x6B, 0x09, 0xAF,
    0xFB, 0x65, 0xC2, 0x3B, 0x18, 0x44, 0x2A, 0xFB, 0x17, 0xBA, 0x5E, 0xF0, 0x45, 0xDF, 0xD5, 0xFA,
    0x55, 0x2D, 0xEC, 0xF7, 0x84, 0x1E, 0x7D, 0x41, 0xA4, 0x08, 0xCC, 0x3A, 0x02, 0x14, 0xC9, 0xC7,
    0xA8, 0x85, 0x17, 0xB3, 0x86, 0xF5, 0xAD, 0x60, 0x44, 0x47, 0x54, 0xAF, 0xA8, 0xE0, 0x9C, 0x3B,
    0x94, 0x3F, 0xF1, 0x7A, 0x72, 0xFC, 0x56, 0x68, 0x4D, 0x5F, 0xA0, 0x71, 0x44, 0xF2, 0x12, 0x63,
    0x89, 0x05, 0xA3, 0xDA, 0xE9, 0xF1, 0x9F, 0x7A, 0x83, 0x26, 0xF8, 0x4F, 0x0C, 0x22, 0x62, 0x1B,
    0x15, 0x36, 0xA3, 0x51, 0x16, 0x21, 0x5F, 0x63, 0x34, 0x7A, 0x6E, 0x34, 0x95, 0x1D, 0x0D, 0x2D,
    0xE6, 0x49, 0xFD, 0xD1, 0x9A, 0x38, 0x4D, 0xF2, 0xB3, 0x09, 0xB9, 0xD2, 0xE4, 0x7F, 0xAD, 0x75,
    0x24, 0xB8, 0xE3, 0x09, 0x7D, 0x39, 0x30, 0xC8, 0x03, 0x61, 0x75, 0xC1, 0x1E, 0xA6, 0xD5, 0x0C,
    0x56, 0x9C, 0x1B, 0x85, 0xF5, 0xC9, 0x0D, 0x02, 0xA1, 0xBE, 0x0D, 0x06, 0x31, 0x53, 0x95, 0xB7,
    0x62, 0xD6, 0x69, 0x78, 0x0B, 0xB3, 0xF3, 0xB4, 0x89, 0x6F, 0x73, 0xE0, 0xBB, 0x67, 0x2D, 0x29,
    0x6F, 0x99, 0xF0, 0x8A, 0x44, 0xF5, 0xF1, 0x56, 0x26, 0x61, 0x15, 0x33, 0x80, 0xFC, 0xDA, 0x03,
    0xD0, 0xB3, 0x01, 0x54, 0xE8, 0x85, 0xF7, 0x29, 0x69, 0x96, 0xAB, 0x05, 0x62, 0x6C, 0x9B, 0xE7,
    0x19, 0x4D, 0x4B, 0x6D, 0x23, 0x5F, 0x76, 0x1F, 0x5A, 0x89, 0xC7, 0x7F, 0xD5, 0xAB, 0xFD, 0xD3,
    0xAB, 0xE5, 0x79, 0x52, 0x85, 0x0C, 0x27, 0xC2, 0x8F, 0xC0, 0x28, 0x7B, 0xD9, 0xA4, 0x2D, 0xF3,
    0x32, 0x3D, 0xC7, 0xD3, 0xD8, 0xB1, 0xB8, 0x25, 0x33, 0x1F, 0x33, 0xD9, 0x2A, 0x5F, 0x06, 0x1B,
    0x8F, 0x01, 0xEF, 0x9F, 0x32, 0x56, 0xEB, 0x24, 0x34, 0x28, 0xB8, 0x03, 0xD7, 0x82, 0x83, 0x1B,
    0x3C, 0x27, 0x6A, 0x8C, 0xE5, 0xB9, 0x84, 0xF4, 0xEA, 0xDF, 0x72, 0x38, 0x5D, 0xF0, 0xE2, 0x96,
    0x69, 0xEB, 0x4A, 0x19, 0x2D, 0xB2, 0x02, 0xDB, 0x52, 0x9B, 0x4D, 0x2C, 0xD1, 0x24, 0xAD, 0x35,
    0xF3, 0xCC, 0x51, 0xCC, 0x6C, 0x6C, 0xE0, 0x45, 0xD0, 0x6B, 0xFB, 0x86, 0xF8, 0xB4, 0x8D, 0x15,
    0x20, 0x4C, 0xC3, 0xD5, 0xE7, 0x52, 0x65, 0xF4, 0x0A, 0x89, 0x01, 0xBF, 0xC1, 0x51, 0x31, 0x9E,
    0x12, 0x07, 0xC6, 0xC4, 0x1B, 0x27, 0xBD, 0x5E, 0xF3, 0x6A, 0x70, 0x78, 0x8C, 0x57, 0x03, 0x4B,
    0x5B, 0x8B, 0x8E, 0xC1, 0xD2, 0x9A, 0x01, 0x50, 0x13, 0x3C, 0x00, 0x38, 0x28, 0xA9, 0x19, 0x00,
    0x8D, 0x32, 0x63, 0x71, 0xFE, 0xAC, 0x68, 0xD9, 0x95, 0x4B, 0x00, 0x7E, 0xE2, 0x4D, 0x78, 0x43,
    0x66, 0x29, 0x33, 0x94, 0xD9, 0x2D, 0x84, 0x98, 0xB2, 0x79, 0x20, 0x31, 0x8B, 0x57, 0xC9, 0x0C,
    0x78, 0xF4, 0x26, 0x9E, 0x27, 0xE1, 0x3C, 0x1E, 0xB1, 0x09, 0xE6, 0xF1, 0x48, 0x0D, 0x03, 0x5A,
    0xDA, 0x33, 0xD5, 0x31, 0x32, 0x1E, 0x95, 0x8C, 0x68, 0x51, 0x56, 0x1C, 0x26, 0x73, 0x38, 0xAE,
    0x61, 0xF3, 0xBB, 0xC2, 0x96, 0x27, 0xD9, 0xE7, 0xA4, 0x04, 0x97, 0xC4, 0x1C, 0xC7, 0x89, 0x1A,
    0x04, 0x63, 0x38, 0x8E, 0x60, 0xAF, 0x34, 0xEA, 0x62, 0x05, 0x7B, 0xF0, 0x1A, 0xAB, 0x15, 0xB1,
    0x79, 0xDB, 0xE7, 0xE8, 0xC5, 0x0D, 0xBD, 0x7B, 0x78, 0xEC, 0xFB, 0x98, 0x63, 0x96, 0x99, 0xB6,
    0x47, 0x14, 0x30, 0x6E, 0xC1, 0x6B, 0x52, 0xFC, 0xF6, 0xD9, 0x91, 0x63, 0x51, 0xF8, 0xF4, 0x8F,
    0x4E, 0x5C, 0xE5, 0x73, 0x22, 0xF0, 0x21, 0x5E, 0xE7, 0x67, 0x05, 0x13, 0xCA, 0x21, 0x3A, 0x33,
    0xB0, 0xF7, 0x19, 0x2C, 0xD3, 0x0C, 0xC9, 0xC4, 0x87, 0xF0, 0x3B, 0x80, 0xAC, 0x31, 0x30, 0x5D,
    0x09, 0x29, 0x94, 0x3E, 0x27, 0xDE, 0x83, 0x4B, 0x96, 0x3C, 0x17, 0x93, 0x71, 0x54, 0x1B, 0xDB,
    0x01, 0xF8, 0x82, 0x24, 0x02, 0x66, 0xBC, 0x18, 0x46, 0x0A, 0x6B, 0x9B, 0xB4, 0xC6, 0x1B, 0x65,
    0xFB, 0xC1, 0xF3, 0xAB, 0xE1, 0x91, 0x8A, 0x57, 0x91, 0xB4, 0x41, 0x6F, 0x42, 0xDD, 0x5E, 0xCF,
    0x71, 0x7E, 0xD2, 0x16, 0x83, 0x74, 0x45, 0x3C, 0xAC, 0x12, 0xF1, 0x4D, 0x93, 0x97, 0x88, 0x78,
    0x70, 0xF2, 0x02, 0x6D, 0x4D, 0xC7, 0x0F, 0xA6, 0x20, 0x0D, 0x03, 0x80, 0x40, 0x17, 0xAC, 0xF7,
    0xB2, 0xDA, 0xEC, 0xC2, 0xE5, 0xCC, 0x44, 0x80, 0x0F, 0xEC, 0x86, 0x8D, 0x66, 0x0B, 0x6E, 0x14,
    0xCC, 0x05, 0xB4, 0x51, 0x31, 0x3D, 0x2C, 0x9A, 0x7C, 0x59, 0xEE, 0x91, 0xE1, 0xA9, 0xE2, 0x1F,
    0xC4, 0x53, 0xD5, 0xC7, 0xCC, 0x0E, 0xA9, 0xD8, 0x05, 0x44, 0x9C, 0xC4, 0xF4, 0x1B, 0xE5, 0x2C,
    0xBC, 0x1A, 0x1A, 0x4E, 0x4D, 0x84, 0x4F, 0x1D, 0xCD, 0xDA, 0x17, 0x06, 0x7D, 0x89, 0x3D, 0x54,
    0x7A, 0x1B, 0xD4, 0x61, 0x1C, 0xCA, 0x02, 0xE9, 0x00, 0xB0, 0xC5, 0x17, 0xE1, 0x92, 0xC2, 0xBC,
    0xFD, 0x06, 0x54, 0xC5, 0xCE, 0xF8, 0x32, 0x76, 0x58, 0x4F, 0xD3, 0xA8, 0x1C, 0x04, 0x7B, 0x7D,
    0xC8, 0x44, 0x58, 0x62, 0x37, 0xB0, 0xBC, 0xD8, 0x1C, 0x4F, 0x2E, 0xAC, 0x5D, 0x2A, 0x0B, 0x32,
    0x8F, 0xA9, 0x6E, 0x13, 0xE0, 0x5B, 0x9A, 0xD2, 0xBD, 0x6A, 0x49, 0xE8, 0xF0, 0x10, 0x66, 0x83,
    0x85, 0x45, 0x1C, 0x80, 0x91, 0x04, 0xB4, 0x9B, 0xC7, 0x5A, 0x04, 0x3B, 0x76, 0x31, 0x98, 0xF3,
    0x08, 0x1B, 0xDD, 0x7B, 0xE9, 0x93, 0x9F, 0xA2, 0xDB, 0x8B, 0xAF, 0x34, 0xC4, 0xEC, 0x3E, 0x0C,
    0x3C, 0x5D, 0xA2, 0x2E, 0x20, 0x24, 0xD1, 0x60, 0xBF, 0xBF, 0xC6, 0xA5, 0x24, 0x4D, 0x98, 0x95,
    0xC4, 0x19, 0x74, 0x21, 0x17, 0x27, 0x87, 0x9F, 0xF8, 0x12, 0x3C, 0xB0, 0x63, 0xAC, 0x99, 0x41,
    0x26, 0x61, 0xAE, 0x7F, 0x83, 0xFF, 0x25, 0xC1, 0x38, 0xD8, 0xA8, 0x31, 0x68, 0xBD, 0x3E, 0x6C,
    0xFC, 0x3E, 0xAA, 0xC3, 0x2E, 0x49, 0xC3, 0x0D, 0x72, 0xEA, 0x36, 0xB0, 0x8C, 0x34, 0xD8, 0x32,
    0xA3, 0x7F, 0x45, 0x49, 0x0D, 0x95, 0xC9, 0x79, 0x52, 0xF1, 0xD0, 0x46, 0x6F, 0x80, 0x16, 0x27,
    0xC0, 0xAD, 0x29, 0x28, 0xE1, 0xD6, 0xD4, 0x5D, 0x0E, 0x66, 0x44, 0x0A, 0xC7, 0x28, 0x9B, 0x11,
    0xA3, 0xA4, 0x06, 0xF1, 0x5F, 0xCB, 0xBB, 0xC8, 0x8B, 0x3B, 0x42, 0x04, 0x45, 0xD8, 0x2C, 0xE7,
    0xAF, 0xAA, 0x25, 0x12, 0xF7, 0x8C, 0x3E, 0xF4, 0x0B, 0xD6, 0xFF, 0x95, 0x7C, 0x1A, 0xEC, 0x8B,
    0x1D, 0x0D, 0x38, 0x45, 0x08, 0xB2, 0xFC, 0x1C, 0x48, 0xBA, 0x57, 0x9A, 0x10, 0xE5, 0x40, 0xEE,
    0x64, 0x1F, 0x76, 0x11, 0xCD, 0x34, 0xC1, 0x6F, 0x15, 0xD5, 0x98, 0x26, 0x46, 0x58, 0xE4, 0x45,
    0x0A, 0x97, 0x34, 0x7B, 0x82, 0x8C, 0x0C, 0x4D, 0x33, 0xB4, 0x7D, 0x60, 0xA6, 0xC8, 0x65, 0x78,
    0x33, 0x2E, 0xDD, 0x36, 0x2E, 0x83, 0x26, 0xC9, 0xC3, 0x8A, 0xEC, 0xD6, 0x45, 0xE2, 0xCD, 0xCB,
    0x18, 0x17, 0x5C, 0x59, 0x70, 0xF4, 0xDD, 0xC4, 0x57, 0xA4, 0xE6, 0x49, 0x11, 0x25, 0x1C, 0x52,
    0xA0, 0xE9, 0x1D, 0xC7, 0x1C, 0x73, 0x52, 0xF8, 0xF7, 0x42, 0xB5, 0xBA, 0x1D, 0x2B, 0xED, 0xDE,
    0xEF, 0xC2, 0x57, 0xC8, 0x1F, 0x1B, 0xC2, 0xE6, 0x80, 0x57, 0xFA, 0xC7, 0x86, 0xA8, 0xA1, 0x91,
    0x6E, 0x73, 0x87, 0xE4, 0x03, 0xDE, 0x3C, 0xEE, 0xF5, 0x7B, 0x8D, 0xD9, 0x48, 0xE7, 0xC0, 0xB3,
    0x2E, 0xAE, 0x30, 0xDF, 0xF6, 0xFA, 0x1D, 0xBE, 0x37, 0xFA, 0x60, 0x73, 0xB7, 0xDA, 0x11, 0x9C,
    0x1B, 0xC3, 0x6E, 0x9F, 0x7A, 0x3E, 0x22, 0xAA, 0xD3, 0x07, 0x87, 0x23, 0xB8, 0xC3, 0x8B, 0xF6,
    0x5B, 0xE8, 0xA7, 0x7B, 0x91, 0xF9, 0xF2, 0xE3, 0x89, 0xC6, 0xB9, 0x3A, 0x43, 0x54, 0x6C, 0x58,
    0xD8, 0x4B, 0xA1, 0x6F, 0xCD, 0x31, 0x5B, 0xF5, 0x97, 0x6C, 0x27, 0x73, 0xF3, 0xAB, 0x96, 0x1D,
    0x32, 0xB7, 0x5E, 0xCB, 0x5F, 0xE1, 0xF9, 0x6F, 0x53, 0x5B, 0x59, 0xA6, 0x08, 0x26, 0xD0, 0x22,
    0x12, 0xE9, 0x75, 0xBA, 0x4C, 0xBE, 0xA2, 0x7A, 0x5F, 0x93, 0x24, 0x11, 0x45, 0x89, 0x57, 0x7B,
    0x88, 0x7C, 0xFB, 0x33, 0xD2, 0x1C, 0xCD, 0xC7, 0xC4, 0x47, 0xEF, 0xBE, 0xD3, 0xD4, 0xC9, 0x3B,
    0xD1, 0xAF, 0xCB, 0x6C, 0x20, 0xA7, 0x23, 0x6B, 0x89, 0x89, 0x93, 0x2A, 0xCE, 0xD5, 0x5D, 0xC2,
    0xAE, 0x7B, 0x25, 0x26, 0x48, 0xB4, 0x79, 0xCB, 0xC1, 0xC2, 0x3E, 0x45, 0xFD, 0xC6, 0x10, 0xB1,
    0xA5, 0xE3, 0x37, 0xBF, 0xB7, 0x67, 0xE8, 0x4E, 0x9A, 0xA0, 0xC8, 0x23, 0xD2, 0xEF, 0xE5, 0x01,
    0x1D, 0xEA, 0xF2, 0xE9, 0xF1, 0x00, 0xA8, 0x0C, 0x7C, 0x3C, 0x96, 0x66, 0x7B, 0xCA, 0xE7, 0xB0,
    0xC7, 0x15, 0xA0, 0xC8, 0x0F, 0x7A, 0x72, 0x48, 0xD7, 0xC7, 0xBD, 0x2A, 0x39, 0x87, 0x30, 0x71,
    0x0E, 0xD0, 0x8B, 0x15, 0xDE, 0xAA, 0x76, 0x72, 0x8B, 0x4B, 0xA9, 0x49, 0x8C, 0xE0, 0xB8, 0xBF,
    0x8F, 0x38, 0xEF, 0x76, 0x90, 0x74, 0x37, 0x9C, 0xCE, 0xC7, 0x40, 0xC4, 0x06, 0x4B, 0xFF, 0x2B,
    0xBA, 0x78, 0x47, 0x41, 0x67, 0x6F, 0x78, 0x58, 0x6D, 0x0F, 0xFA, 0xE6, 0xC5, 0xB3, 0xB4, 0x3E,
    0x45, 0x43, 0x8C, 0x91, 0x54, 0xA4, 0x59, 0xEF, 0x52, 0x2E, 0x5A, 0x72, 0x15, 0xA2, 0xA3, 0x61,
    0x0E, 0x0D, 0x9E, 0xE4, 0x1E, 0xB6, 0x79, 0x4A, 0xD6, 0x81, 0x90, 0x7D, 0x52, 0xF5, 0x05, 0x62,
    0x2E, 0xE7, 0x2E, 0x36, 0xCA, 0x2B, 0xD6, 0xD7, 0x48, 0x25, 0x26, 0xEF, 0x11, 0x9F, 0x07, 0x71,
    0x4F, 0x7C, 0xF7, 0xAD, 0xB8, 0xD5, 0xC7, 0xD4, 0x72, 0x5C, 0xEB, 0x7F, 0x1F, 0x77, 0xF1, 0x79,
    0x4D, 0xEE, 0x51, 0xE4, 0xE9, 0x2A, 0x29, 0x1F, 0x70, 0x47, 0xD6, 0x0D, 0x24, 0x1D, 0x77, 0x91,
    0xB3, 0x46, 0x4A, 0x3E, 0x2E, 0x89, 0x9F, 0x8B, 0xFC, 0x00, 0xE9, 0x0F, 0x75, 0x08, 0xF4, 0x74,
    0x47, 0xEA, 0xCA, 0x43, 0xE0, 0x80, 0xB7, 0x0B, 0xC2, 0x8D, 0x35, 0x12, 0xAB, 0x26, 0x82, 0x02,
    0x48, 0x7E, 0x03, 0x81, 0xBD, 0x98, 0x16, 0x65, 0x41, 0x9A, 0x26, 0x05, 0x3F, 0x83, 0x37, 0xEE,
    0x62, 0x3D, 0xA3, 0x7E, 0x02, 0x95, 0x47, 0x6C, 0xF6, 0xBD, 0xC6, 0x1D, 0x83, 0x1E, 0xFF, 0x42,
    0xD2, 0xE8, 0xA4, 0x3B, 0x7A, 0x92, 0xA8, 0x3E, 0xAB, 0xA2, 0x16, 0xCA, 0x89, 0x46, 0x5F, 0x15,
    0x90, 0xF8, 0x92, 0x66, 0xBB, 0xDE, 0xF3, 0x57, 0x58, 0x65, 0xEC, 0x04, 0x63, 0x6A, 0x07, 0x71,
    0xAB, 0xEF, 0x62, 0x3D, 0x88, 0x74, 0x4F, 0xEB, 0xE5, 0xAC, 0x74, 0x86, 0x53, 0x3A, 0x75, 0x87,
    0x8A, 0xD0, 0xFE, 0x95, 0x97, 0xA1, 0xEC, 0x3D, 0x40, 0x7C, 0xB2, 0x10, 0x64, 0x38, 0xDA, 0x53,
    0x71, 0x13, 0x5F, 0xAA, 0x68, 0x64, 0xB0, 0x56, 0x34, 0xA8, 0x24, 0x25, 0x43, 0xB2, 0x15, 0x42,
    0xC5, 0x91, 0x42, 0x25, 0x5B, 0x2D, 0x44, 0x6A, 0x36, 0xF9, 0xE1, 0x3F, 0xAD, 0xF0, 0xFE, 0xF1,
    0x88, 0x25, 0xFA, 0x27, 0xC0, 0xA7, 0xA2, 0xCA, 0x98, 0xEF, 0xA1, 0x21, 0xB2, 0x1C, 0x57, 0x6A,
    0x08, 0x57, 0xC8, 0x82, 0x33, 0x42, 0x86, 0x89, 0x1A, 0x24, 0x34, 0x1E, 0x19, 0x44, 0x28, 0x0D,
    0x0F, 0x1B, 0x8A, 0xD0, 0x89, 0xA4, 0x1E, 0x63, 0x0E, 0x28, 0x32, 0x56, 0x3A, 0xCF, 0xE8, 0xA2,
    0x9C, 0xE5, 0x99, 0x15, 0x26, 0xAC, 0x3D, 0xA5, 0x2D, 0xBA, 0x6C, 0x22, 0x38, 0x0E, 0x43, 0x46,
    0x0B, 0x66, 0xE6, 0xA7, 0x3F, 0x5C, 0xE1, 0xB7, 0x7F, 0xAC, 0x38, 0x34, 0x3D, 0x24, 0xA9, 0xD7,
    0x86, 0x24, 0x7C, 0x5B, 0x18, 0x63, 0xB2, 0x3C, 0xE6, 0xD2, 0x1C, 0xB4, 0x48, 0x81, 0x68, 0xDF,
    0x6F, 0x3B, 0xA3, 0x45, 0xCA, 0x99, 0x16, 0x79, 0x86, 0x64, 0x19, 0x94, 0x33, 0xB4, 0x0B, 0xB5,
    0x0F, 0xEA, 0x2D, 0x17, 0x0F, 0x10, 0xFD, 0xC6, 0x53, 0x7A, 0x5F, 0x91, 0x3B, 0xC3, 0xF9, 0xB1,
    0x01, 0xF9, 0x8E, 0x8E, 0xE7, 0x71, 0xF3, 0xF5, 0xD1, 0x41, 0x05, 0x03, 0x7D, 0x12, 0x5E, 0x52,
    0x38, 0xC0, 0x81, 0x6E, 0x62, 0xD2, 0x7D, 0x35, 0x11, 0xB2, 0x49, 0x3E, 0x87, 0x4E, 0x26, 0x8A,
    0x52, 0xB7, 0xB4, 0x50, 0x04, 0xA7, 0x69, 0x32, 0xC4, 0xD0, 0x3B, 0xC9, 0xFB, 0x7C, 0x04, 0x03,
    0xDE, 0x96, 0x42, 0x80, 0xB2, 0x0A, 0xC6, 0x43, 0x37, 0x31, 0x4C, 0x06, 0x5F, 0x0F, 0x76, 0x34,
    0x5E, 0xDF, 0xEF, 0x90, 0x8B, 0xE1, 0xF5, 0x09, 0x2B, 0xA6, 0x03, 0x7C, 0x5D, 0xE6, 0x2B, 0xC7,
    0xA7, 0x7B, 0x51, 0x58, 0xD5, 0xB4, 0x6B, 0x6A, 0x82, 0xBF, 0xC3, 0x2C, 0x03, 0x42, 0xF6, 0x9A,
    0x05, 0x67, 0x47, 0x13, 0x96, 0x0E, 0x79, 0xF3, 0x3F, 0xF9, 0xB8, 0x9A, 0x02, 0x16, 0x12, 0x15,
    0xDA, 0x96, 0x5F, 0x15, 0x41, 0x97, 0x8C, 0xC0, 0x35, 0x76, 0xEE, 0xCE, 0xFA, 0x0C, 0xE7, 0x5A,
    0xDE, 0x41, 0xF3, 0x9B, 0xF9, 0xD0, 0x46, 0xCC, 0x1F, 0xB8, 0x2F, 0xF9, 0xBB, 0x54, 0xE2, 0x7D,
    0x58, 0xD3, 0x46, 0xBF, 0x8B, 0x38, 0x7B, 0xA9, 0x5F, 0x86, 0xB8, 0xA5, 0xDA, 0x81, 0x4B, 0xE3,
    0x8C, 0x24, 0x35, 0xDE, 0xE8, 0x0E, 0x2E, 0x04, 0x03, 0xFF, 0x98, 0x11, 0xE8, 0x16, 0x74, 0xF8,
    0x47, 0xDC, 0x15, 0xB6, 0x64, 0x5F, 0xE8, 0xD6, 0x50, 0xA3, 0x7E, 0x1B, 0x93, 0x25, 0xA0, 0x4F,
    0x16, 0x9F, 0x8D, 0x92, 0x18, 0xC9, 0xC1, 0x88, 0xE4, 0xEF, 0xD3, 0x19, 0x7B, 0x58, 0x67, 0x58,
    0xDB, 0x5D, 0x0F, 0xC6, 0x00, 0x0C, 0x52, 0x0E, 0x48, 0x76, 0x62, 0x76, 0x8C, 0x09, 0x20, 0x61,
    0x6A, 0xB5, 0xED, 0x43, 0xF9, 0xE0, 0x12, 0x8C, 0x46, 0x52, 0x86, 0xF0, 0xDE, 0x62, 0x42, 0xBD,
    0xCD, 0xCF, 0x1A, 0xEF, 0x60, 0x53, 0xE5, 0x8E, 0x7F, 0xC5, 0xA6, 0x96, 0x31, 0x29, 0x99, 0xDB,
    0x98, 0xD9, 0xB6, 0x6B, 0x47, 0x6D, 0xD9, 0xAD, 0xBF, 0xA5, 0x0E, 0x34, 0xC5, 0x59, 0xB2, 0x93,
    0xE4, 0x72, 0x30, 0xA3, 0xEF, 0x64, 0x3D, 0x70, 0x13, 0x94, 0xEA, 0x00, 0xA5, 0xFA, 0xD7, 0x50,
    0xAA, 0x67, 0x0C, 0xDA, 0x10, 0x3A, 0x73, 0xE6, 0x2E, 0xFB, 0x4D, 0x4C, 0x68, 0xF0, 0x32, 0xE7,
    0x88, 0xF9, 0xE0, 0x7A, 0x20, 0x14, 0x12, 0xA8, 0x82, 0xC4, 0x99, 0x6E, 0xC9, 0x48, 0xBD, 0xFD,
    0x6D, 0x1F, 0x0C, 0xEA, 0x18, 0xC2, 0xB9, 0x61, 0x93, 0x51, 0x6F, 0x9F, 0x5F, 0xC4, 0x8E, 0xDC,
    0x6B, 0x74, 0x19, 0x09, 0xF0, 0x85, 0x6D, 0xB2, 0x9E, 0x3B, 0xAA, 0xB8, 0x08, 0xA2, 0x71, 0xFA,
    0x15, 0x5A, 0xE6, 0xA5, 0xFE, 0x31, 0xB7, 0x77, 0x17, 0x94, 0x25, 0xA9, 0x33, 0xFA, 0x87, 0xB9,
    0xE4, 0x59, 0x1A, 0x69, 0x52, 0x31, 0x5A, 0x1D, 0xD1, 0x2E, 0xD6, 0x8F, 0x66, 0x34, 0x10, 0x7A,
    0xA2, 0x39, 0x01, 0x6F, 0x7A, 0x7D, 0x0C, 0x73, 0x10, 0xB4, 0x3F, 0x6B, 0xFE, 0x3B, 0x59, 0xF4,
    0xE6, 0xBD, 0xF7, 0xDF, 0xC3, 0xDC, 0x5E, 0x5B, 0x7F, 0x8D, 0x54, 0xDC, 0x7B, 0xF8, 0x97, 0x66,
    0x7D, 0xD2, 0x67, 0xD8, 0x1A, 0xCC, 0x1A, 0x82, 0x6D, 0x44, 0x33, 0x00, 0x9E, 0x9D, 0x46, 0xD5,
    0xDF, 0xAA, 0xFE, 0x46, 0xE9, 0xAF, 0x97, 0xFE, 0xCE, 0x4A, 0x7F, 0x82, 0x6E, 0xBD, 0x66, 0x3E,
    0x13, 0x43, 0xF2, 0xA2, 0x0D, 0x0F, 0x1B, 0xCD, 0xA3, 0x32, 0x66, 0x2A, 0x67, 0x98, 0xE5, 0xBE,
    0xDE, 0x8B, 0x58, 0x25, 0x62, 0x70, 0x3E, 0xA0, 0x66, 0x78, 0x71, 0x80, 0xBF, 0x09, 0xA7, 0xD3,
    0xFB, 0x0D, 0x81, 0xDF, 0xF0, 0x3D, 0xA2, 0x3D, 0x99, 0x8A, 0x7C, 0x0B, 0x69, 0xE3, 0x5C, 0xC1,
    0x04, 0x80, 0xDB, 0x69, 0xD0, 0xC4, 0xDB, 0x2E, 0xE0, 0x9F, 0xD3, 0x23, 0x71, 0x19, 0x39, 0x21,
    0x24, 0xF6, 0xCC, 0x7F, 0xB0, 0x4D, 0x64, 0xCF, 0x82, 0x86, 0xF3, 0x37, 0x5B, 0xEC, 0x8A, 0x44,
    0xCD, 0x5F, 0x00, 0x06, 0xD6, 0xDE, 0x00, 0xC8, 0x84, 0xBD, 0xA7, 0x82, 0x3C, 0xEB, 0x98, 0x54,
    0x4E, 0xD8, 0xC5, 0x9F, 0xD2, 0xB5, 0x8E, 0x3F, 0x18, 0x08, 0xAD, 0x26, 0x17, 0xFA, 0xC7, 0x92,
    0x3C, 0x3B, 0x78, 0xB9, 0x49, 0xD2, 0x01, 0x3B, 0xB1, 0x47, 0xDB, 0x08, 0x41, 0x9D, 0x9C, 0x70,
    0x99, 0x7B, 0x82, 0x8D, 0xDE, 0x92, 0x24, 0x15, 0xA2, 0x6D, 0xB4, 0x8C, 0x76, 0xD1, 0x2A, 0xDA,
    0x44, 0x8B, 0xD4, 0x5E, 0x43, 0xAD, 0xD5, 0xD4, 0x16, 0xAD, 0x46, 0x96, 0x52, 0x3B, 0x8A, 0x5A,
    0x61, 0x48, 0xC2, 0x9B, 0x53, 0xCE, 0x0A, 0x6F, 0xC4, 0x11, 0x42, 0xC2, 0x8C, 0xF3, 0xF0, 0x09,
    0x06, 0x5F, 0x98, 0x42, 0xE9, 0xB7, 0x50, 0x8F, 0x3A, 0xDD, 0xF1, 0xA2, 0x96, 0x3C, 0x60, 0xB7,
    0x57, 0x67, 0x88, 0xA8, 0x03, 0x69, 0x1A, 0x4C, 0xF0, 0x3E, 0xE1, 0x4B, 0x62, 0x27, 0xD6, 0xA3,
    0x29, 0x0D, 0xB0, 0x08, 0xAB, 0x84, 0x34, 0x41, 0xD8, 0x3C, 0x4D, 0xAA, 0x32, 0x24, 0x17, 0x0F,
    0x62, 0xEE, 0x0D, 0x31, 0x59, 0x43, 0x44, 0x7F, 0x68, 0x2C, 0x1A, 0xE6, 0x8C, 0xF8, 0x95, 0x84,
    0x27, 0x6E, 0x8A, 0x5C, 0x93, 0x64, 0xD1, 0x15, 0x28, 0xFC, 0x49, 0xC2, 0x95, 0x79, 0xF2, 0x0A,
    0x41, 0x41, 0x06, 0x8C, 0x77, 0x19, 0xC8, 0xE8, 0x7C, 0xFF, 0x1E, 0x80, 0x70, 0x70, 0x04, 0xCD,
    0x3A, 0x84, 0x5D, 0x0D, 0x11, 0xBA, 0x0C, 0x01, 0xC0, 0xC2, 0x91, 0xC3, 0x5A, 0xE0, 0x6A, 0x1E,
    0xE4, 0x25, 0x04, 0x77, 0xDF, 0xED, 0xF7, 0x9D, 0x7E, 0xF6, 0x95, 0xA1, 0xD1, 0x40, 0x28, 0x48,
    0x5B, 0x51, 0x1C, 0xF2, 0xDC, 0x2A, 0x20, 0xC1, 0xC4, 0x1C, 0xA0, 0x73, 0x61, 0x8E, 0x10, 0xBB,
    0x64, 0x46, 0x69, 0x78, 0xC3, 0x4D, 0x7E, 0x6E, 0x10, 0xA6, 0x1A, 0x9D, 0x99, 0xC1, 0x07, 0x84,
    0x53, 0xF6, 0x29, 0xB5, 0x45, 0x08, 0x88, 0x28, 0xA6, 0x26, 0x3F, 0xF2, 0x84, 0x4D, 0xEB, 0xA5,
    0x4E, 0x14, 0x7A, 0x51, 0xE8, 0x46, 0xA1, 0x1F, 0xEE, 0x88, 0x7B, 0xE2, 0xAE, 0xB8, 0x2F, 0xEE,
    0x8C, 0x7B, 0xE3, 0xEE, 0xB8, 0x3F, 0x49, 0xA2, 0x34, 0x3D, 0x3E, 0x63, 0x63, 0x0F, 0xEC, 0xDA,
    0xC5, 0x56, 0x9F, 0x38, 0x6B, 0x1B, 0x2B, 0x12, 0x78, 0x73, 0x8B, 0x8F, 0x52, 0xDB, 0x16, 0x67,
    0x9C, 0x30, 0x72, 0x21, 0x4A, 0x7B, 0xFD, 0x7E, 0x5D, 0x92, 0x99, 0xD1, 0x65, 0xB0, 0x41, 0x4C,
    0x1D, 0x7E, 0x9E, 0x63, 0x29, 0x15, 0x62, 0x46, 0xD0, 0x34, 0x1D, 0x69, 0x46, 0x76, 0x2B, 0xB3,
    0x9A, 0x90, 0x01, 0x71, 0x45, 0x43, 0xAA, 0x38, 0x04, 0x90, 0x23, 0x36, 0xD8, 0x29, 0x0E, 0x51,
    0x32, 0x45, 0x25, 0xE1, 0xD3, 0x1C, 0xAD, 0x4C, 0x46, 0xAC, 0xB7, 0x29, 0xF3, 0xC1, 0x6D, 0xE4,
    0x6F, 0x0C, 0x06, 0x4A, 0x59, 0x07, 0x58, 0xAA, 0xC3, 0x92, 0xF3, 0x74, 0xA3, 0x1E, 0x0C, 0xF0,
    0x14, 0xB6, 0x2B, 0xDF, 0x0C, 0x69, 0xD9, 0xFC, 0x9C, 0x7B, 0xC1, 0xBE, 0xA5, 0xFE, 0x07, 0xFA,
    0x45, 0x96, 0xC0, 0x09, 0x83, 0x0B, 0xBE, 0x45, 0xC8, 0x7E, 0x99, 0x30, 0x45, 0xC7, 0x21, 0x79,
    0xDE, 0xB0, 0xE4, 0xEF, 0xAF, 0x48, 0xDC, 0x12, 0xC6, 0xB2, 0xCB, 0x94, 0xD3, 0xED, 0x66, 0xD3,
    0xE0, 0x69, 0x13, 0xE3, 0xE0, 0xB8, 0x32, 0x3B, 0xF6, 0xEA, 0x30, 0x11, 0x00, 0x62, 0xA0, 0x5F,
    0xA3, 0x3F, 0x75, 0x46, 0xD4, 0x41, 0xD5, 0x91, 0x83, 0xAC, 0x64, 0x03, 0xAD, 0x83, 0xED, 0xA4,
    0x2A, 0xC2, 0x96, 0x24, 0xA9, 0x3C, 0x1A, 0xE8, 0x43, 0x1A, 0xE0, 0xC6, 0x03, 0x33, 0x03, 0x61,
    0x85, 0xCD, 0xF1, 0xE8, 0x83, 0x12, 0x50, 0x6C, 0x80, 0x8F, 0x6E, 0xB7, 0x5E, 0x13, 0xF2, 0x9B,
    0xF4, 0x05, 0x42, 0x51, 0xAF, 0xD0, 0x2F, 0x59, 0xCB, 0x67, 0xDC, 0x95, 0x69, 0xAF, 0x20, 0x92,
    0xBC, 0x4F, 0x1F, 0xE9, 0x48, 0x34, 0xF1, 0x87, 0xB4, 0xC0, 0x25, 0xA0, 0x2C, 0xFC, 0x02, 0xB6,
    0x51, 0xAB, 0x8A, 0x9A, 0x85, 0xBF, 0x0C, 0xD1, 0x46, 0xCB, 0x53, 0xD3, 0xCF, 0x2C, 0x98, 0x3A,
    0xB1, 0x7C, 0x8B, 0x59, 0x02, 0x9C, 0x3E, 0xE3, 0xDB, 0x7C, 0x6A, 0x5F, 0x12, 0x72, 0x4A, 0xE3,
    0xD7, 0xB0, 0xFD, 0x70, 0xB4, 0x9A, 0xB7, 0x9C, 0xBC, 0x61, 0x16, 0x70, 0x14, 0xAC, 0xB5, 0xA9,
    0x1C, 0xCC, 0x7F, 0x49, 0x35, 0x71, 0x70, 0x69, 0xBF, 0xCA, 0xBD, 0xD2, 0x67, 0xF7, 0x43, 0xE6,
    0x8A, 0x83, 0xB9, 0xF8, 0x4D, 0xEA, 0xFE, 0x15, 0x35, 0x73, 0x08, 0x24, 0xDF, 0xC3, 0x65, 0xC8,
    0x17, 0xF0, 0xF7, 0x1F, 0xE0, 0xEB, 0x72, 0xF1, 0x14, 0x7D, 0xE9, 0x94, 0x26, 0x65, 0x4F, 0xC6,
    0xE2, 0x18, 0x29, 0xDC, 0xF5, 0x91, 0x3A, 0xF7, 0x8E, 0xF6, 0x44, 0xA3, 0x10, 0x58, 0x42, 0xED,
    0x09, 0x9B, 0xB0, 0x7A, 0xB4, 0x0B, 0xEB, 0x24, 0x27, 0xEF, 0xA0, 0x7E, 0x93, 0xBA, 0xC7, 0xB6,
    0x0F, 0x29, 0x29, 0xB8, 0xC8, 0x77, 0xC1, 0x43, 0x20, 0x5D, 0x05, 0x39, 0x23, 0x5D, 0x95, 0xAA,
    0x03, 0x1A, 0xEE, 0xF8, 0x21, 0x68, 0x70, 0xA0, 0xF8, 0xBE, 0x20, 0x61, 0xC0, 0x36, 0x2B, 0xFD,
    0x0E, 0xE4, 0xBD, 0x13, 0x90, 0x8F, 0x6B, 0x42, 0xF2, 0x75, 0x02, 0xC0, 0xCC, 0xAE, 0x37, 0xB5,
    0x4B, 0xA2, 0x98, 0x11, 0xF0, 0xD0, 0x69, 0xF6, 0x24, 0x59, 0x39, 0xA6, 0xF2, 0x1F, 0xB1, 0xF7,
    0x2C, 0xD4, 0x8D, 0x67, 0x42, 0x68, 0xC9, 0xE1, 0x14, 0x8B, 0x42, 0x98, 0x09, 0x39, 0x68, 0x54,
    0xA8, 0xD7, 0x70, 0x74, 0x40, 0x0C, 0x3F, 0xEC, 0xC9, 0x2A, 0xAF, 0x3F, 0x9D, 0x54, 0xDE, 0x40,
    0x7E, 0x74, 0x70, 0x85, 0xFA, 0x22, 0xC6, 0x24, 0xFF, 0x65, 0x84, 0xCD, 0xEC, 0x15, 0x47, 0x60,
    0x20, 0x89, 0xA4, 0x84, 0xB3, 0x73, 0x47, 0x49, 0x08, 0x8F, 0x62, 0x67, 0x02, 0x2B, 0xB0, 0x53,
    0xAD, 0xCC, 0x56, 0xEF, 0xAC, 0x45, 0x47, 0x6E, 0x6F, 0x4D, 0xA0, 0xCF, 0xDB, 0x33, 0xA0, 0xEC,
    0x03, 0x36, 0x94, 0x79, 0xF3, 0x5D, 0x39, 0xCE, 0x37, 0xB7, 0xDD, 0x4A, 0xD1, 0x48, 0x36, 0xE1,
    0xD1, 0x80, 0x21, 0x65, 0x69, 0xF2, 0xA7, 0x6F, 0xBA, 0x17, 0x2C, 0x7E, 0x8B, 0xDB, 0x7A, 0xC0,
    0xD1, 0x4D, 0xC0, 0x2C, 0xFE, 0x02, 0x83, 0x45, 0x56, 0x40, 0xF7, 0xA5, 0xB7, 0x2B, 0x06, 0x77,
    0x73, 0x12, 0xE9, 0xA4, 0x0E, 0x6A, 0x47, 0xB3, 0x85, 0x24, 0x46, 0x0B, 0x11, 0x42, 0xD9, 0x27,
    0xE8, 0xE2, 0x49, 0x9D, 0x82, 0x39, 0xA8, 0x9F, 0x5D, 0x50, 0x1A, 0xFF, 0x12, 0x3A, 0xE3, 0x52,
    0xBF, 0x2F, 0xBC, 0x74, 0xE1, 0xB3, 0x26, 0xD2, 0x07, 0x49, 0xA3, 0x0C, 0x28, 0x11, 0xFA, 0xFC,
    0x15, 0x62, 0xAC, 0x83, 0x93, 0x1E, 0x2E, 0x2C, 0x4C, 0x9E, 0x84, 0x4D, 0x86, 0xC8, 0xC8, 0xF2,
    0xCF, 0x67, 0x59, 0xEC, 0x80, 0xF0, 0x1C, 0x6D, 0x63, 0x4C, 0xC8, 0xD5, 0x47, 0x88, 0xF6, 0x3D,
    0x1C, 0x5C, 0xCE, 0x2E, 0xFF, 0x59, 0x1B, 0x72, 0x34, 0x3F, 0x24, 0x31, 0x0A, 0xAA, 0x3D, 0x88,
    0x8E, 0x97, 0xA8, 0x2F, 0xF0, 0xF2, 0x1D, 0x48, 0x37, 0x9F, 0x91, 0x41, 0xF3, 0xDE, 0xFA, 0xCF,
    0x35, 0x34, 0xA7, 0x33, 0x85, 0x7B, 0x25, 0x9D, 0x3E, 0xEE, 0xCD, 0x2E, 0xD7, 0x42, 0xB8, 0x37,
    0xFF, 0xC2, 0x70, 0x2F, 0xFC, 0x32, 0x76, 0xCB, 0xA0, 0xC6, 0x61, 0xDB, 0xE0, 0x94, 0x29, 0x05,
    0x9F, 0x0C, 0x18, 0xED, 0xFC, 0x18, 0x57, 0xF0, 0xC8, 0x74, 0x03, 0x87, 0x2C, 0x6C, 0x02, 0x72,
    0x69, 0x49, 0xDC, 0x7B, 0x40, 0x02, 0xF2, 0xC6, 0xEA, 0x58, 0x84, 0x34, 0x07, 0xA4, 0x7A, 0x8B,
    0x58, 0x33, 0x39, 0x4F, 0x7C, 0xCA, 0x06, 0x61, 0xA7, 0xB1, 0x0F, 0x92, 0xA5, 0x8B, 0x21, 0xC7,
    0xF2, 0x8A, 0xD3, 0x43, 0x2A, 0xC3, 0xAF, 0x1C, 0x83, 0x10, 0xCC, 0xC8, 0xC1, 0x3F, 0xD9, 0xE9,
    0x25, 0xB2, 0xBC, 0x69, 0xF6, 0x21, 0x2C, 0xA0, 0xA4, 0xB9, 0x9B, 0x2C, 0x5E, 0xC2, 0xD4, 0x2F,
    0xD8, 0x7D, 0xE6, 0x0D, 0x9B, 0xF0, 0x3B, 0xE5, 0x7E, 0x16, 0x57, 0x74, 0x51, 0x4F, 0x49, 0x77,
    0xED, 0x1F, 0x28, 0xE9, 0x4E, 0x66, 0x26, 0x1B, 0x32, 0x2D, 0xDB, 0x89, 0x82, 0x23, 0xAD, 0xCC,
    0x03, 0x49, 0xCF, 0x9A, 0x39, 0x90, 0xA8, 0x76, 0xA0, 0x7F, 0x8D, 0xC9, 0xEF, 0xD2, 0xAF, 0x62,
    0x31, 0x9F, 0xD7, 0xE0, 0x5E, 0xE7, 0x7D, 0x1D, 0x55, 0x3B, 0x1F, 0x0C, 0xD6, 0x09, 0x3C, 0x1E,
    0xEE, 0x62, 0xAF, 0x8F, 0x74, 0xA3, 0x3B, 0x02, 0x73, 0x04, 0xA5, 0xEA, 0x00, 0xB9, 0x4F, 0x8F,
    0x20, 0xC9, 0xF2, 0x84, 0xB4, 0x42, 0x5F, 0xD8, 0xB6, 0xE2, 0xEB, 0xF1, 0x89, 0x11, 0x1B, 0xD6,
    0xC4, 0x2F, 0xBA, 0x5C, 0x43, 0xFA, 0x6E, 0x8C, 0x0D, 0x47, 0xC5, 0xA5, 0x18, 0xF0, 0xB2, 0x4B,
    0x9E, 0x80, 0xA7, 0x5F, 0xE6, 0xFC, 0x09, 0x5A, 0x62, 0x2E, 0x7D, 0xF1, 0x35, 0x27, 0x4B, 0x17,
    0xC1, 0xC8, 0x36, 0x23, 0x39, 0xD8, 0xC3, 0xE5, 0x41, 0x80, 0x60, 0x90, 0xB8, 0xFF, 0xB8, 0x32,
    0xBF, 0xCB, 0x6F, 0x93, 0x25, 0x6C, 0x19, 0x9D, 0xCD, 0x24, 0xB0, 0x65, 0x2F, 0x66, 0xD7, 0xDA,
    0x26, 0x13, 0x50, 0x3B, 0x66, 0xB3, 0x52, 0x77, 0xD7, 0xCA, 0xA4, 0xFB, 0x4A, 0x99, 0x33, 0x23,
    0xE9, 0xE2, 0x8E, 0x49, 0xDB, 0x25, 0xE3, 0x1A, 0x11, 0x98, 0xC6, 0x56, 0x14, 0x37, 0x96, 0x39,
    0xF3, 0x65, 0x61, 0xA0, 0x2B, 0xBA, 0x27, 0xA6, 0xFD, 0xF2, 0x30, 0x90, 0xDD, 0xF0, 0x45, 0xC2,
    0x0C, 0x4D, 0xFA, 0x32, 0x0A, 0x9C, 0x3C, 0x81, 0x07, 0x20, 0x49, 0x76, 0x92, 0x37, 0x91, 0x4C,
    0xBA, 0x43, 0x25, 0xBB, 0xA2, 0xBC, 0x55, 0xA3, 0x76, 0x29, 0x9B, 0xE7, 0x0A, 0xBC, 0xC6, 0x8C,
    0x31, 0x72, 0xBE, 0x1C, 0xB1, 0x26, 0xD7, 0xA3, 0xF5, 0xBB, 0x64, 0x37, 0x65, 0x59, 0x12, 0x58,
    0x98, 0xFE, 0xF1, 0x46, 0x29, 0x35, 0x05, 0xE9, 0x9C, 0xB7, 0x6D, 0xAA, 0x93, 0xCC, 0x4A, 0x65,
    0xB2, 0x10, 0x89, 0x8C, 0xEC, 0x61, 0x8B, 0xFE, 0xE0, 0x89, 0xC7, 0x08, 0x87, 0x83, 0x2F, 0x88,
    0x31, 0x37, 0x8E, 0x47, 0xFA, 0x68, 0xA9, 0xEE, 0xD1, 0x01, 0x16, 0x6F, 0x3B, 0xF4, 0xE9, 0x6E,
    0xC0, 0x89, 0xC3, 0x20, 0x38, 0x0C, 0xCF, 0xA7, 0x34, 0xDA, 0xF8, 0x03, 0x48, 0xC1, 0x45, 0xBB,
    0x15, 0xC5, 0x3D, 0x08, 0xDA, 0xBA, 0xFF, 0x09, 0x49, 0xA7, 0xB8, 0x20, 0xB9, 0x74, 0x9F, 0x4A,
    0xD0, 0xA8, 0x93, 0x5E, 0x8F, 0x88, 0x26, 0x0E, 0x67, 0x45, 0xAF, 0x77, 0x00, 0x85, 0x84, 0x7D,
    0xD7, 0x91, 0x55, 0xF0, 0x36, 0x2E, 0xFF, 0x0B, 0x63, 0x79, 0x17, 0xDB, 0x83, 0x1F, 0x60, 0x1A,
    0xEF, 0x63, 0xBE, 0x75, 0x7D, 0x8B, 0xC8, 0xF9, 0x05, 0x59, 0xA6, 0xCB, 0x77, 0x60, 0x96, 0x69,
    0xF9, 0x95, 0xB2, 0x4C, 0xD3, 0xCD, 0x59, 0xA6, 0x89, 0xDD, 0xB8, 0x4E, 0xD2, 0x89, 0x2E, 0x9B,
    0x32, 0x2F, 0x5C, 0xFB, 0x59, 0x6F, 0xAA, 0x56, 0x4E, 0xFF, 0x20, 0x81, 0xF9, 0x11, 0x00, 0xE8,
    0x2C, 0x9C, 0xE4, 0xD6, 0x82, 0x0F, 0x8E, 0x6C, 0x14, 0xA5, 0xC5, 0xE7, 0xA3, 0x2D, 0x46, 0xC1,
    0x34, 0x8C, 0x3B, 0x72, 0x6D, 0xB3, 0x6F, 0xB3, 0xAA, 0x64, 0xEF, 0x4D, 0x4B, 0x9A, 0x1C, 0x2B,
    0xCD, 0x6B, 0x14, 0x3D, 0xCA, 0x0E, 0xBB, 0x6E, 0xAF, 0x36, 0xFB, 0xB6, 0x8A, 0x4E, 0x2A, 0x36,
    0xBE, 0x74, 0x97, 0x37, 0x5B, 0xD8, 0xE5, 0x5D, 0x4A, 0xA5, 0xA8, 0x15, 0x41, 0x63, 0x2D, 0x23,
    0x27, 0x03, 0xE1, 0xFF, 0x7C, 0xF8, 0x3E, 0x81, 0x90, 0x2E, 0x7A, 0xEA, 0xF2, 0xA1, 0x65, 0x32,
    0x10, 0xCF, 0x91, 0x4A, 0x3D, 0x24, 0xBE, 0x9F, 0x71, 0xBF, 0x83, 0xD6, 0x21, 0x5F, 0xC0, 0xD5,
    0xEB, 0x64, 0x34, 0x11, 0x7E, 0xF7, 0xC8, 0x0F, 0x80, 0x17, 0x10, 0xD6, 0x21, 0x41, 0xBB, 0xB0,
    0x79, 0x4B, 0xF0, 0xEB, 0x4F, 0x6E, 0x28, 0xCB, 0xEF, 0x6D, 0xC9, 0xF2, 0xBB, 0x70, 0x94, 0xD3,
    0xC6, 0x8E, 0xBE, 0xC3, 0x59, 0x7E, 0xAE, 0x64, 0xC5, 0xFC, 0x2B, 0x4E, 0xFC, 0x11, 0x52, 0x85,
    0xFD, 0xB7, 0x4F, 0x0B, 0x3D, 0x97, 0x85, 0xA0, 0xCB, 0x42, 0xD1, 0x2D, 0xD7, 0x9B, 0xE5, 0x77,
    0xB3, 0x62, 0xEF, 0xC7, 0x39, 0xF6, 0xFE, 0x37, 0x1C, 0x7B, 0xFF, 0x19, 0xC7, 0xDE, 0x13, 0x8E,
    0xBD, 0x27, 0x73, 0xB1, 0xF7, 0xFF, 0xC2, 0x6C, 0xB1, 0x8B, 0x83, 0xAB, 0x21, 0x43, 0xC6, 0xAD,
    0xD7, 0x19, 0x7B, 0x57, 0xB3, 0xDA, 0x0A, 0x2F, 0x9D, 0x4F, 0x74, 0xDB, 0x2B, 0x21, 0x61, 0xA9,
    0xF3, 0x5C, 0x7D, 0x7D, 0x4A, 0x1D, 0xB8, 0x66, 0xAA, 0x9E, 0x2D, 0x59, 0xBD, 0xFE, 0x24, 0xC0,
    0xE1, 0x3A, 0x93, 0x00, 0x4D, 0xCB, 0xBE, 0x20, 0xFF, 0x6C, 0x53, 0xB2, 0x2F, 0xAB, 0xB5, 0x65,
    0xAE, 0xDE, 0x27, 0x17, 0x37, 0x60, 0x4F, 0xEF, 0x23, 0xC9, 0xE7, 0xE2, 0x94, 0x36, 0x99, 0x32,
    0x78, 0x03, 0x92, 0x83, 0x60, 0x03, 0x90, 0x09, 0x48, 0x9C, 0x58, 0xA6, 0x33, 0x7B, 0xC4, 0x37,
    0x54, 0xD5, 0xF3, 0x2F, 0xF4, 0x5F, 0xA5, 0x0C, 0xD4, 0xE8, 0x4F, 0x6B, 0x7A, 0xF5, 0x06, 0xAB,
    0x7A, 0x64, 0x3B, 0x24, 0x47, 0x15, 0x09, 0x92, 0xA8, 0x55, 0x8E, 0xEA, 0x7D, 0x1E, 0xAF, 0xDA,
    0x76, 0x72, 0x44, 0x04, 0xAF, 0x0A, 0x37, 0x56, 0xD3, 0x98, 0x67, 0xB1, 0x44, 0x4D, 0x92, 0x0F,
    0x87, 0x6D, 0x2A, 0xFA, 0xB8, 0x73, 0xE2, 0x2B, 0xCD, 0xE4, 0xFC, 0x1B, 0x52, 0x4A, 0x84, 0xB4,
    0xEF, 0xDF, 0x6A, 0x4E, 0x5C, 0x46, 0xA8, 0x76, 0xE4, 0x74, 0x85, 0xC1, 0xA4, 0x92, 0xC5, 0xF6,
    0x3F, 0x9C, 0x54, 0xC0, 0xC9, 0x46, 0x92, 0x4C, 0x85, 0xE4, 0xA9, 0x9A, 0xB3, 0x58, 0x90, 0x89,
    0x43, 0x33, 0x11, 0x9A, 0xC8, 0x7A, 0x1B, 0x6C, 0xDC, 0x4C, 0x9D, 0x09, 0x37, 0xB0, 0x27, 0x2D,
    0x01, 0x88, 0xA9, 0xF8, 0x73, 0x07, 0x40, 0x7C, 0x43, 0x33, 0x3F, 0x49, 0xC3, 0x80, 0x51, 0xF6,
    0x7A, 0x37, 0x57, 0x41, 0xEF, 0x4C, 0x71, 0x88, 0x02, 0xE6, 0x0E, 0xF1, 0xB7, 0xFF, 0xCD, 0x39,
    0x7C, 0x9C, 0xE4, 0x23, 0x41, 0xDB, 0xD4, 0x1D, 0x69, 0xB1, 0x3D, 0x16, 0xFF, 0x15, 0xF6, 0x90,
    0x58, 0x53, 0x86, 0xCD, 0x7C, 0xEC, 0x1D, 0xE9, 0x76, 0x31, 0x14, 0x67, 0xF2, 0x76, 0x6D, 0xBC,
    0xB7, 0xE0, 0xF8, 0x37, 0xA4, 0x8C, 0xC7, 0x9D, 0xF3, 0x28, 0x6A, 0xEB, 0x51, 0xD0, 0xC0, 0xAF,
    0xF2, 0x28, 0xD4, 0x8C, 0xD1, 0xA6, 0x1A, 0x5B, 0x35, 0xCB, 0x07, 0xED, 0x16, 0xF2, 0x81, 0xE7,
    0xAB, 0x8D, 0x27, 0x87, 0x7F, 0xFA, 0xC4, 0xAD, 0xDC, 0xBB, 0x5F, 0x36, 0x7B, 0xF7, 0x9D, 0xD9,
    0xBB, 0x6F, 0xCC, 0xDE, 0x7D, 0x23, 0x7B, 0xF7, 0xFF, 0xAE, 0x5E, 0x4C, 0x45, 0x8B, 0xCD, 0x3D,
    0xD9, 0x94, 0x68, 0x69, 0x26, 0x6B, 0xF6, 0x03, 0xA6, 0x1A, 0xCE, 0xBD, 0xF3, 0x69, 0xD8, 0x04,
    0x1E, 0xC6, 0xB5, 0x5E, 0xF9, 0x35, 0x31, 0x4F, 0x48, 0xF8, 0x91, 0x0B, 0xBE, 0xD4, 0x6E, 0x5C,
    0xEE, 0x11, 0x8D, 0xC9, 0xB6, 0x85, 0x70, 0x19, 0xCA, 0x26, 0x21, 0x27, 0x30, 0xBC, 0x59, 0x35,
    0xA5, 0x85, 0xB5, 0xAC, 0xC1, 0xEE, 0xC2, 0xAB, 0xED, 0xF8, 0x5B, 0x08, 0x03, 0x11, 0xC1, 0xE2,
    0x44, 0xE4, 0x34, 0xA5, 0xE4, 0xCC, 0x22, 0x97, 0x15, 0x4A, 0x37, 0x3A, 0x61, 0x93, 0xE1, 0x7A,
    0x65, 0xCC, 0xBA, 0x48, 0x05, 0xCC, 0xC0, 0x7E, 0x38, 0xA8, 0xC9, 0x7F, 0xB5, 0x00, 0xCC, 0xE4,
    0x11, 0xFF, 0x04, 0xE8, 0xA8, 0x56, 0x7B, 0x89, 0x95, 0x97, 0x39, 0x81, 0xA3, 0xE1, 0x59, 0x22,
    0xC6, 0x87, 0x68, 0xF3, 0x43, 0xC0, 0x07, 0x88, 0x07, 0xF2, 0x6F, 0x19, 0xAA, 0x2C, 0x0D, 0xCB,
    0x81, 0xBF, 0xC2, 0xE0, 0xE6, 0x8C, 0x84, 0x03, 0x25, 0xEC, 0x99, 0xB2, 0x56, 0x3C, 0x43, 0x20,
    0xB5, 0x38, 0x22, 0x83, 0xDF, 0xFA, 0x35, 0xD7, 0xDD, 0xA4, 0x5F, 0x5C, 0x77, 0x03, 0x8F, 0x78,
    0x56, 0x77, 0x63, 0x57, 0x72, 0x58, 0x60, 0xD8, 0x6E, 0x9E, 0x55, 0x0D, 0x9F, 0xCE, 0x31, 0xE9,
    0x8D, 0x05, 0xC5, 0x06, 0x04, 0xC5, 0x7A, 0x04, 0xC5, 0xB0, 0xD5, 0x70, 0x5F, 0x33, 0xED, 0xEA,
    0xCD, 0x36, 0xF4, 0x4A, 0xBB, 0x9B, 0xA9, 0xAD, 0xA9, 0x0F, 0xD3, 0xCD, 0x89, 0x77, 0x64, 0x64,
    0x40, 0x52, 0x49, 0x03, 0x45, 0x46, 0x81, 0xD4, 0x8A, 0x84, 0x6B, 0x58, 0xED, 0x4F, 0x2A, 0xE6,
    0x86, 0xE2, 0x52, 0xC5, 0x68, 0x41, 0xBF, 0x7B, 0x4E, 0x34, 0xE5, 0x85, 0x75, 0x81, 0x68, 0x6F,
    0x1F, 0x94, 0xDA, 0x9B, 0x57, 0x5F, 0x30, 0x49, 0xA6, 0x12, 0xA0, 0xD2, 0x85, 0x29, 0x20, 0x95,
    0xD4, 0xF3, 0x10, 0x01, 0x7F, 0xA6, 0xEF, 0x19, 0x29, 0xBF, 0xEC, 0x1A, 0x2D, 0x69, 0x8A, 0x0D,
    0x6B, 0x97, 0xA4, 0x49, 0x13, 0x49, 0x1D, 0x14, 0x1B, 0x0E, 0x0D, 0x31, 0x8A, 0x4D, 0xC5, 0x09,
    0x25, 0x20, 0x33, 0x24, 0x8B, 0xE9, 0xFC, 0x68, 0xCA, 0x51, 0xCF, 0xA7, 0x11, 0xF5, 0xEE, 0x49,
    0xFB, 0x45, 0xE3, 0x01, 0x7D, 0x38, 0x1B, 0x9F, 0x1E, 0xFF, 0xA6, 0x25, 0xBA, 0x5D, 0x22, 0xCE,
    0x1B, 0x60, 0x55, 0x37, 0x50, 0xA1, 0x00, 0x7B, 0x17, 0x5E, 0xC1, 0xE5, 0xE3, 0x67, 0xEB, 0x87,
    0xE3, 0x77, 0xC2, 0xA6, 0x49, 0xFE, 0x07, 0x99, 0xA1, 0x8C, 0x70, 0x70, 0x9A, 0x20, 0x52, 0xB5,
    0x95, 0x63, 0xF0, 0x8E, 0x29, 0x99, 0x24, 0x7D, 0x8A, 0xB0, 0x72, 0xCC, 0x5A, 0x14, 0x46, 0x7F,
    0xC6, 0x60, 0xA4, 0xA4, 0x2E, 0x95, 0x6C, 0x07, 0x8F, 0x5D, 0x8B, 0xC1, 0xBA, 0x2F, 0x62, 0xB0,
    0xF0, 0xA6, 0x16, 0x76, 0x2D, 0xA5, 0x26, 0xFB, 0x99, 0xB7, 0x10, 0x3C, 0x3D, 0x1F, 0x56, 0x07,
    0x7C, 0x15, 0x6C, 0x08, 0x00, 0xAB, 0x08, 0xC1, 0x3A, 0xE9, 0x73, 0x71, 0x1D, 0x37, 0x84, 0x61,
    0x61, 0x05, 0xD7, 0xB1, 0xD6, 0xAF, 0x02, 0x51, 0xEC, 0xC7, 0x8C, 0x4F, 0xA3, 0x25, 0xC6, 0x96,
    0x10, 0xBD, 0x11, 0xC0, 0xBA, 0xD7, 0xAA, 0x0C, 0xDB, 0xE2, 0x58, 0x1E, 0x36, 0xE4, 0x19, 0x45,
    0x35, 0x12, 0xD6, 0x2B, 0xA8, 0x95, 0x74, 0x69, 0xA1, 0xA0, 0x97, 0xA4, 0xD0, 0xDB, 0x28, 0xF4,
    0x4A, 0x34, 0x06, 0x39, 0xCC, 0xED, 0x18, 0x82, 0x56, 0x1B, 0xFD, 0x77, 0xA0, 0xE7, 0x2B, 0xD2,
    0xE2, 0x99, 0x11, 0xC6, 0x5A, 0x88, 0x54, 0xED, 0x15, 0x5A, 0x1D, 0x61, 0x5A, 0x9D, 0x6F, 0x4C,
    0x72, 0x3C, 0xDF, 0x0A, 0xDE, 0x8C, 0xD6, 0x91, 0xE4, 0xB4, 0x86, 0x72, 0xDC, 0x0A, 0x53, 0x27,
    0x12, 0x8B, 0x42, 0x90, 0x99, 0x8D, 0x48, 0xCB, 0xD4, 0x01, 0x64, 0xAE, 0x94, 0x89, 0x4B, 0x2D,
    0x31, 0x91, 0x52, 0xB1, 0x1F, 0xE9, 0x16, 0x93, 0x2E, 0x75, 0xAF, 0x4A, 0xB7, 0x72, 0x7A, 0x5E,
    0x56, 0x12, 0x03, 0xBC, 0x4C, 0x4E, 0xDD, 0x45, 0x08, 0xD6, 0xB2, 0x82, 0x64, 0x2D, 0xAB, 0x81,
    0x26, 0x9E, 0x38, 0x23, 0xB0, 0x09, 0x78, 0x4A, 0x6D, 0xF1, 0x24, 0x0F, 0xF1, 0x0A, 0x8F, 0xE0,
    0x52, 0xEF, 0x51, 0x97, 0xBF, 0xD2, 0xBB, 0x38, 0xC3, 0x80, 0x4B, 0x81, 0x79, 0xF3, 0x2B, 0x85,
    0x14, 0x49, 0xE4, 0xF9, 0x8E, 0xA8, 0xDF, 0x4A, 0x4D, 0xFD, 0x56, 0xB9, 0xE8, 0x58, 0x5A, 0xF3,
    0x63, 0xC2, 0x00, 0xEA, 0xC0, 0xA6, 0xFC, 0xE7, 0x23, 0xE6, 0x7E, 0x78, 0x4E, 0x49, 0xDC, 0x58,
    0x12, 0xD2, 0x88, 0x14, 0x0D, 0x28, 0x29, 0x0D, 0xDF, 0xF1, 0xA1, 0xD6, 0x6E, 0x11, 0x04, 0xCD,
    0x22, 0xFC, 0x29, 0xCD, 0xDE, 0x38, 0x47, 0xF3, 0x83, 0xFC, 0x9A, 0xA5, 0xA8, 0xA7, 0x0C, 0xED,
    0x21, 0x60, 0x42, 0x7D, 0x6D, 0x92, 0xC8, 0x4D, 0x80, 0x54, 0x48, 0x13, 0x28, 0x4B, 0x9C, 0xC0,
    0xAC, 0x82, 0xB6, 0xD8, 0x5F, 0x50, 0xAF, 0x5D, 0x89, 0xD9, 0x5A, 0xCC, 0x56, 0x63, 0xB6, 0x1E,
    0xB3, 0x15, 0x99, 0xAD, 0xC9, 0x6C, 0x55, 0x66, 0xEB, 0x32, 0x5B, 0x99, 0xD9, 0xDA, 0xCC, 0x56,
    0x67, 0xB6, 0x3E, 0xD3, 0x0A, 0xCD, 0x6A, 0xEC, 0xBE, 0xA0, 0xCA, 0x0E, 0xFB, 0x06, 0x3B, 0x90,
    0xDC, 0x8B, 0xF0, 0x66, 0x5E, 0x7C, 0xDC, 0x80, 0xE8, 0x6E, 0x7D, 0x48, 0x3B, 0xDA, 0x29, 0x41,
    0x76, 0xA7, 0x64, 0xBA, 0xDB, 0x62, 0x71, 0x50, 0x5E, 0x48, 0x2F, 0xB4, 0x57, 0x4C, 0x7C, 0xC5,
    0x29, 0x60, 0x92, 0x03, 0x26, 0x49, 0x60, 0x36, 0x0B, 0xCC, 0xB5, 0x89, 0xF3, 0x52, 0x3A, 0xB7,
    0x32, 0x57, 0x34, 0x82, 0x19, 0x08, 0x41, 0x08, 0x35, 0x8B, 0x47, 0x50, 0xD4, 0x33, 0x78, 0x9C,
    0x35, 0x86, 0x7C, 0x4C, 0x0C, 0xAE, 0x50, 0x39, 0xB7, 0xCA, 0x96, 0xDB, 0xE1, 0x55, 0xF1, 0x90,
    0xCB, 0xBE, 0x51, 0x30, 0x34, 0xF7, 0x78, 0x17, 0x09, 0xA1, 0x05, 0x2E, 0x0B, 0x08, 0xB9, 0x3C,
    0x45, 0xEA, 0x1F, 0xC2, 0xC1, 0x54, 0x3F, 0x84, 0x3D, 0x9F, 0x3A, 0xD3, 0x98, 0x33, 0xC6, 0xA4,
    0x4F, 0x39, 0x79, 0x21, 0x69, 0x4C, 0x4D, 0x44, 0xC1, 0xD0, 0x4A, 0xB7, 0xA8, 0xB6, 0x02, 0x7C,
    0x1F, 0x20, 0xEF, 0x96, 0xB1, 0x5D, 0x8B, 0x16, 0x3D, 0xEB, 0x77, 0x79, 0xBD, 0xB1, 0xB2, 0x26,
    0xFD, 0xC2, 0x6F, 0xCC, 0xB9, 0x6E, 0x41, 0x9F, 0x59, 0x15, 0x66, 0x77, 0x89, 0xBF, 0x3D, 0xBF,
    0x09, 0x30, 0xCE, 0x6D, 0x02, 0xD0, 0xF5, 0xE9, 0x01, 0x9B, 0x00, 0xEE, 0x70, 0x7E, 0x8C, 0x1A,
    0xEF, 0xCA, 0x93, 0x7D, 0xD6, 0xFA, 0x57, 0xFC, 0xE1, 0x62, 0x17, 0x0E, 0x21, 0x72, 0x0C, 0x7A,
    0x6C, 0x03, 0xC4, 0x0D, 0xF2, 0x0C, 0x88, 0xE6, 0x55, 0x5C, 0x67, 0x65, 0x91, 0x93, 0xCA, 0xC8,
    0x35, 0x61, 0xA5, 0x4C, 0xBD, 0x49, 0x74, 0x47, 0x36, 0x96, 0x9E, 0xF3, 0x6D, 0xFB, 0x59, 0x7E,
    0x13, 0xD7, 0x2F, 0xA9, 0x18, 0xE5, 0x43, 0x5C, 0xFB, 0x15, 0x7E, 0x22, 0xD9, 0xC8, 0xE5, 0xE6,
    0xDD, 0x51, 0x47, 0x2A, 0x1B, 0x2F, 0xFF, 0x59, 0xCF, 0x49, 0x53, 0x4C, 0x2E, 0x75, 0x96, 0xD7,
    0x61, 0x1F, 0x07, 0x4B, 0x1E, 0x14, 0x67, 0x86, 0x58, 0xDC, 0x79, 0x03, 0x45, 0x01, 0x31, 0x81,
    0xBA, 0x41, 0x8D, 0x01, 0x60, 0x78, 0xE7, 0x75, 0x49, 0x1F, 0x34, 0x74, 0xED, 0xA2, 0xCA, 0xEB,
    0x93, 0x36, 0x2E, 0x7D, 0x54, 0x61, 0x95, 0x41, 0x9B, 0x20, 0xC3, 0xA0, 0x89, 0xDB, 0x24, 0x8F,
    0x2A, 0xF2, 0xD7, 0xF3, 0x24, 0x0F, 0xC8, 0x5F, 0x47, 0x0A, 0x55, 0xF4, 0x79, 0xF7, 0xBC, 0x2A,
    0x2E, 0x6A, 0x96, 0x1B, 0xF1, 0x66, 0x79, 0x3B, 0xEB, 0x47, 0x38, 0x2F, 0x03, 0x1A, 0xB1, 0xF8,
    0x18, 0x29, 0x33, 0x04, 0xDC, 0x02, 0x71, 0x7A, 0x96, 0xB0, 0x35, 0x96, 0x14, 0xC4, 0x74, 0x7D,
    0x98, 0x67, 0xE7, 0x3B, 0xBA, 0xAC, 0x37, 0x51, 0x9E, 0x5C, 0x68, 0x12, 0x45, 0x97, 0x17, 0x55,
    0x7C, 0xE9, 0x93, 0x6E, 0x85, 0x0C, 0xD3, 0xC7, 0xA5, 0xCB, 0xF8, 0xE0, 0xDB, 0xDB, 0x56, 0x6E,
    0xAB, 0x22, 0x43, 0x6E, 0xCE, 0xAB, 0xE6, 0x76, 0xD3, 0xE6, 0x0E, 0x34, 0x64, 0x68, 0xED, 0xFD,
    0x92, 0xED, 0xFB, 0x86, 0x70, 0x3F, 0x4B, 0xBA, 0x29, 0xF3, 0xFA, 0x63, 0xD4, 0x12, 0x51, 0x9B,
    0xEF, 0x12, 0xDB, 0xA6, 0x0D, 0x39, 0x70, 0x58, 0x23, 0xD9, 0x1B, 0xEF, 0x64, 0x17, 0x0C, 0x7E,
    0x5E, 0xD0, 0xBB, 0x65, 0x30, 0x3E, 0x95, 0x07, 0xA8, 0x5C, 0x04, 0x0D, 0x31, 0xEC, 0xBD, 0xA2,
    0x6F, 0x9D, 0x5E, 0x98, 0xD7, 0x35, 0x59, 0xBC, 0x47, 0x48, 0x37, 0x67, 0x2F, 0x18, 0xF4, 0x9B,
    0x7E, 0x1D, 0xE5, 0x8F, 0xE6, 0x08, 0xBF, 0xDF, 0x19, 0xF9, 0xF0, 0xF5, 0x65, 0x13, 0x57, 0xBA,
    0x3A, 0x51, 0x6E, 0x13, 0x02, 0x36, 0x05, 0x63, 0x06, 0x08, 0x3B, 0x0B, 0xFA, 0xEE, 0x96, 0x25,
    0x47, 0xA6, 0x9C, 0x1C, 0xA9, 0x25, 0x39, 0xF2, 0xFF, 0x49, 0x72, 0xA4, 0x18, 0x38, 0x47, 0x06,
    0x27, 0xB1, 0x2F, 0x13, 0xFC, 0xB2, 0xE9, 0x5A, 0xB2, 0xF8, 0xD6, 0x62, 0x4A, 0x01, 0x9C, 0x87,
    0x94, 0x84, 0x0D, 0x1A, 0xE1, 0x18, 0x20, 0x86, 0xD0, 0xC2, 0x9B, 0x4C, 0x98, 0xA4, 0x47, 0xF8,
    0x8A, 0xCC, 0x82, 0x0A, 0x90, 0x27, 0xAB, 0x03, 0xA6, 0xD2, 0x1E, 0xCE, 0x48, 0x38, 0xCC, 0xCD,
    0xF1, 0xC1, 0x5D, 0x5C, 0xC5, 0x19, 0xFE, 0xBE, 0x27, 0xC0, 0xD5, 0x53, 0x60, 0x49, 0x58, 0x75,
    0xC7, 0xCC, 0xB5, 0x4D, 0x48, 0xCE, 0x91, 0x8D, 0xCC, 0x87, 0xCB, 0x6C, 0x1C, 0xF7, 0x88, 0xC3,
    0x90, 0xF8, 0x98, 0x22, 0x9A, 0x0B, 0x3C, 0xF8, 0x1D, 0x38, 0x10, 0xFB, 0x10, 0x5D, 0x3B, 0x65,
    0x5B, 0xD2, 0xE5, 0x42, 0x3A, 0xC5, 0xF8, 0x05, 0xE9, 0x14, 0x92, 0x14, 0xC8, 0xB0, 0xBC, 0xB6,
    0x39, 0x15, 0x8C, 0xCA, 0xB7, 0xBE, 0xAE, 0x6E, 0x06, 0x19, 0xDC, 0x35, 0xFD, 0x06, 0x5B, 0x59,
    0xE4, 0x77, 0xAD, 0x8D, 0x27, 0x6E, 0x80, 0x0C, 0xEA, 0xE9, 0x50, 0xB7, 0x04, 0x46, 0x35, 0xC9,
    0x01, 0xD9, 0xCB, 0x03, 0xAF, 0x13, 0x0F, 0xE2, 0x98, 0x15, 0x85, 0x10, 0xE5, 0x93, 0x00, 0xD3,
    0xDF, 0xC5, 0x97, 0xFE, 0x23, 0x1A, 0xFC, 0x6B, 0xDB, 0x43, 0x62, 0x33, 0x45, 0xBE, 0x5D, 0xFC,
    0x4F, 0x6E, 0x31, 0x97, 0x12, 0x7D, 0xA6, 0x8A, 0x3B, 0x25, 0x99, 0xC8, 0x36, 0x76, 0x6F, 0x2B,
    0x7C, 0x84, 0x34, 0xBC, 0xC9, 0xFD, 0xD3, 0x3B, 0xA5, 0x2A, 0xB5, 0x5D, 0xAC, 0x4A, 0x75, 0x8D,
    0x6F, 0x6A, 0xB8, 0x5F, 0xB9, 0xC6, 0x0C, 0x9A, 0x4D, 0x66, 0xE6, 0xF2, 0xF9, 0x9D, 0x05, 0x6F,
    0x1E, 0x85, 0x7D, 0xE5, 0xAC, 0xD6, 0xED, 0x53, 0x56, 0x2B, 0x67, 0x4C, 0xB6, 0x24, 0x87, 0x6C,
    0x03, 0x83, 0xDA, 0xDA, 0x41, 0x16, 0x35, 0xBE, 0x70, 0x54, 0x64, 0x72, 0x55, 0x77, 0x2D, 0xEC,
    0x12, 0x3D, 0x6F, 0x3D, 0x67, 0x28, 0xC0, 0xD7, 0x34, 0xD2, 0x20, 0x8B, 0xB1, 0x40, 0x5D, 0x91,
    0x57, 0xC7, 0xFD, 0x01, 0x3E, 0x90, 0x2E, 0x4F, 0xBA, 0x3D, 0xC0, 0x5F, 0xBB, 0x68, 0x91, 0x77,
    0x63, 0x4C, 0x70, 0x45, 0xB6, 0x08, 0x61, 0x90, 0x77, 0x35, 0x5A, 0x18, 0xD8, 0x1B, 0x55, 0xC8,
    0xB4, 0x74, 0xB9, 0x48, 0xCF, 0x1C, 0xB0, 0x98, 0x34, 0x46, 0x21, 0x66, 0x8D, 0x39, 0x66, 0x91,
    0x99, 0x90, 0x01, 0x60, 0x65, 0xE4, 0x96, 0x05, 0x29, 0xEE, 0x0D, 0xE8, 0x63, 0xF8, 0x99, 0x5A,
    0xF0, 0xB7, 0x80, 0xFD, 0x6C, 0x9F, 0xBE, 0xDE, 0x58, 0x5D, 0xE3, 0xF3, 0x27, 0x17, 0x4A, 0x16,
    0xC3, 0xE9, 0x45, 0xB5, 0xB9, 0x72, 0x31, 0x4A, 0x37, 0x57, 0x2B, 0x4E, 0x21, 0xA1, 0xDD, 0x9B,
    0x61, 0xF1, 0x73, 0xF4, 0xBD, 0x8F, 0x38, 0x60, 0xC8, 0x36, 0x8D, 0xBE, 0x89, 0x42, 0x33, 0xDE,
    0x7A, 0xF9, 0x9A, 0x72, 0x87, 0x6F, 0x55, 0x2D, 0x70, 0xFD, 0x7B, 0xD6, 0x02, 0x8F, 0x73, 0xFB,
    0x86, 0x53, 0x2D, 0xB0, 0x09, 0xC5, 0x99, 0x9B, 0xD9, 0x69, 0x4B, 0x16, 0x2A, 0x42, 0x8D, 0x3B,
    0xF4, 0xD8, 0x1C, 0x91, 0x6F, 0x2C, 0x1B, 0x7A, 0xB0, 0x72, 0xAE, 0x9F, 0x47, 0x36, 0xF4, 0xE4,
    0x05, 0xCD, 0x88, 0x98, 0x54, 0xF3, 0x42, 0xC0, 0x5E, 0x10, 0x7B, 0x34, 0x7A, 0x44, 0x02, 0x2B,
    0x51, 0xD2, 0xE7, 0x20, 0x48, 0x0E, 0x35, 0x61, 0x4E, 0xAA, 0xF0, 0xB5, 0xF7, 0x12, 0x98, 0x79,
    0xF4, 0x5F, 0xE6, 0x9A, 0xBE, 0xF0, 0x49, 0x5A, 0xFB, 0xA8, 0x0F, 0x39, 0x9D, 0xA5, 0xDF, 0xC5,
    0x69, 0x04, 0xFD, 0x1E, 0x90, 0x37, 0xD4, 0x6F, 0x89, 0xAB, 0x2F, 0x95, 0xF5, 0xB4, 0xB4, 0x9D,
    0x1C, 0x80, 0xC2, 0x0C, 0xD8, 0x64, 0x72, 0x44, 0x16, 0x33, 0xBA, 0x57, 0x4A, 0xC8, 0xFD, 0xF1,
    0x4D, 0xE4, 0xCD, 0x67, 0x09, 0x0E, 0xCE, 0x42, 0x7E, 0xC3, 0xBD, 0xCA, 0x59, 0x21, 0x8A, 0x84,
    0x4D, 0x80, 0x30, 0x6F, 0x32, 0xFE, 0x69, 0x56, 0xFD, 0x6D, 0x7F, 0x5A, 0x97, 0xC7, 0xBA, 0x4B,
    0x9A, 0x20, 0x26, 0x81, 0x83, 0xF0, 0xD3, 0x11, 0xBC, 0x70, 0x09, 0xE0, 0x94, 0xD3, 0x08, 0x5E,
    0xE9, 0xFF, 0xD4, 0x39, 0x18, 0x6E, 0x10, 0xC0, 0xE4, 0x3C, 0x3F, 0xDE, 0xAF, 0xE6, 0x2C, 0x91,
    0xA5, 0xAF, 0x54, 0x0C, 0xFA, 0x77, 0xFF, 0x4D, 0x5C, 0x1A, 0x6C, 0x0E, 0x54, 0x04, 0x24, 0x69,
    0xFE, 0x51, 0x6F, 0x8A, 0xAE, 0x91, 0xAD, 0x64, 0x37, 0x07, 0xE4, 0x7C, 0xCB, 0xA4, 0x33, 0xAE,
    0x85, 0x1C, 0x64, 0x8C, 0x83, 0x2D, 0x1B, 0xCE, 0x96, 0x6C, 0x71, 0xAC, 0x9B, 0xD6, 0x73, 0x3B,
    0x38, 0x5F, 0x90, 0x5C, 0x37, 0x97, 0x6B, 0x98, 0xD8, 0xD8, 0xE8, 0xCD, 0x4E, 0xAE, 0x73, 0x26,
    0x7D, 0x80, 0x0D, 0x6D, 0xE2, 0xD5, 0xE2, 0xC3, 0xA2, 0x4C, 0x50, 0x0C, 0x1D, 0x36, 0x47, 0xF0,
    0x5D, 0x8F, 0x50, 0x3A, 0x1C, 0xAE, 0x7E, 0x1F, 0xCB, 0x56, 0xBF, 0x8C, 0xE5, 0xF6, 0xFA, 0xF0,
    0x22, 0xD7, 0x1D, 0x8B, 0x87, 0x47, 0x98, 0x74, 0x5C, 0x5D, 0x5D, 0xCD, 0x37, 0x9D, 0xFD, 0x51,
    0x2C, 0xDE, 0x44, 0x2A, 0x50, 0x13, 0x15, 0x08, 0x91, 0x77, 0xC9, 0xED, 0x08, 0x9F, 0x33, 0x01,
    0x4E, 0x0C, 0x7A, 0x66, 0x54, 0x57, 0xFF, 0x67, 0xA6, 0x7B, 0x26, 0xFE, 0x13, 0xD7, 0x00, 0x72,
    0x3A, 0x77, 0x8C, 0x25, 0x4C, 0x9C, 0x2E, 0x53, 0x47, 0xFC, 0x3A, 0x53, 0x87, 0xA3, 0x52, 0xAB,
    0xC7, 0x92, 0x97, 0x09, 0x98, 0x16, 0x6B, 0x95, 0xD9, 0x40, 0x9A, 0x8C, 0x2B, 0x5D, 0x1E, 0x02,
    0x5B, 0xF1, 0x91, 0xBC, 0x5C, 0x47, 0x99, 0xF2, 0x96, 0xB9, 0x32, 0x19, 0x8D, 0xC4, 0x88, 0xEC,
    0xFE, 0x93, 0x3F, 0x22, 0xFA, 0x56, 0xF4, 0x6F, 0xC7, 0x19, 0x9D, 0x41, 0x9D, 0xA4, 0x37, 0x93,
    0x34, 0xE9, 0x2D, 0x22, 0xCD, 0x67, 0x0B, 0x71, 0xDF, 0x6A, 0xDE, 0xAC, 0x1A, 0xAB, 0xEA, 0x00,
    0xC5, 0x24, 0xE7, 0xE0, 0xA0, 0xAF, 0x6B, 0x7B, 0x6C, 0xF1, 0x93, 0xD4, 0xE2, 0xC3, 0x8E, 0xF5,
    0x8E, 0x6E, 0x1E, 0x65, 0xC3, 0x15, 0x7B, 0xEE, 0xE3, 0x9E, 0x49, 0xBD, 0xED, 0x9B, 0x02, 0xC0,
    0x7F, 0xE8, 0xA3, 0x91, 0x17, 0x6A, 0xED, 0x91, 0xDA, 0x67, 0x00, 0x77, 0x30, 0xBD, 0xDA, 0x3E,
    0xBD, 0x3A, 0x32, 0xD5, 0xE4, 0x37, 0x8B, 0xB5, 0x43, 0xFF, 0xEC, 0x0E, 0xB6, 0x0B, 0x6C, 0x29,
    0x41, 0xFE, 0x98, 0x31, 0x5C, 0x72, 0xCC, 0x6C, 0xFC, 0xEB, 0xCA, 0x50, 0x48, 0x3E, 0x60, 0x6A,
    0x18, 0xBE, 0xE6, 0xBA, 0xD5, 0x9B, 0xBD, 0x65, 0x23, 0x28, 0xEA, 0xA4, 0x39, 0x9F, 0xA9, 0x68,
    0x26, 0x90, 0x60, 0x20, 0xC3, 0xEC, 0x8C, 0x7A, 0x3E, 0x47, 0x94, 0xB7, 0x7E, 0x79, 0x3B, 0xA1,
    0x55, 0x26, 0x98, 0xC4, 0x11, 0x75, 0x39, 0x71, 0xCC, 0x1C, 0xAF, 0x6C, 0x2D, 0x1C, 0xE8, 0x76,
    0x48, 0xE2, 0x47, 0x1D, 0xE7, 0x2C, 0xBA, 0xA3, 0x00, 0x32, 0x63, 0x09, 0xFE, 0xA4, 0xBE, 0xDE,
    0xBD, 0x9A, 0x13, 0x0C, 0x33, 0x70, 0xF8, 0x20, 0x42, 0x7D, 0x35, 0x0E, 0x78, 0x41, 0xAD, 0x77,
    0x82, 0x4B, 0x86, 0xD3, 0xC4, 0x12, 0xF8, 0x54, 0x5B, 0x8D, 0x9D, 0x2F, 0xAD, 0xF0, 0x4E, 0x59,
    0xB3, 0x12, 0x0F, 0x2D, 0x4D, 0x4A, 0x2D, 0x8F, 0xC5, 0x84, 0x42, 0xEF, 0x80, 0x13, 0xDD, 0x9A,
    0xC5, 0x13, 0xDD, 0x4C, 0x1C, 0x6E, 0xF2, 0x2E, 0xA6, 0x63, 0x69, 0xD3, 0xC5, 0xD0, 0xF3, 0x91,
    0x19, 0x8A, 0xBD, 0x39, 0x05, 0xBA, 0xA8, 0xF6, 0xD1, 0xC8, 0xBC, 0x7F, 0xCB, 0xFA, 0x3A, 0x7E,
    0xB7, 0xE0, 0xD1, 0x4E, 0x19, 0x4B, 0xEC, 0xF8, 0x1F, 0xF8, 0xBD, 0xCF, 0x64, 0xD3, 0x5F, 0x4B,
    0x4C, 0x9F, 0x8F, 0x62, 0xD0, 0x83, 0x0D, 0xC8, 0x4C, 0x39, 0xAA, 0x6C, 0x25, 0xC9, 0xBF, 0x2B,
    0x24, 0x00, 0x6D, 0xA2, 0x30, 0x48, 0x45, 0x96, 0xE0, 0x8C, 0x90, 0x7D, 0xDB, 0x65, 0xF9, 0xF4,
    0x0A, 0x7D, 0x32, 0x6A, 0xC9, 0x72, 0xE9, 0x2E, 0xE8, 0xBC, 0x8B, 0x6D, 0xD8, 0x6C, 0x45, 0x18,
    0x53, 0xC5, 0x35, 0x91, 0x06, 0xE5, 0x06, 0x70, 0x88, 0x49, 0x5D, 0xAC, 0x22, 0xA2, 0xEB, 0x20,
    0xD0, 0x04, 0x47, 0x81, 0xEB, 0x28, 0xFB, 0x00, 0xD9, 0xE0, 0xE4, 0x0C, 0x7B, 0x38, 0x6A, 0x40,
    0xAD, 0x6C, 0xAE, 0xB8, 0xB0, 0xDB, 0x8C, 0x20, 0x79, 0x8C, 0x55, 0x4F, 0x5E, 0x29, 0x8D, 0xFD,
    0x09, 0x56, 0x6E, 0x33, 0x22, 0x7B, 0x9B, 0x89, 0x3C, 0x6E, 0xDE, 0x38, 0x31, 0xDC, 0x6A, 0xD2,
    0x26, 0xA7, 0x03, 0x91, 0xFA, 0xC5, 0x2C, 0x3C, 0xAF, 0x5A, 0x3C, 0x63, 0x79, 0xDB, 0xCD, 0xDC,
    0x30, 0x69, 0xA9, 0xA5, 0x3F, 0x61, 0x07, 0x61, 0x22, 0xF2, 0x2C, 0xCF, 0xAE, 0xB7, 0x2C, 0x0D,
    0xBA, 0x7B, 0x1F, 0xDE, 0x3E, 0x07, 0x30, 0xC9, 0xE3, 0x25, 0xA4, 0x42, 0xCE, 0xA6, 0x7D, 0x87,
    0xED, 0xC2, 0x41, 0x65, 0xF9, 0xBC, 0x22, 0x88, 0x16, 0xDC, 0xDB, 0xEF, 0x18, 0x3A, 0xFF, 0x18,
    0x61, 0x82, 0xDE, 0xED, 0x25, 0x71, 0x8E, 0x8C, 0x69, 0xE7, 0xBE, 0xD7, 0xC4, 0xAD, 0x1B, 0x41,
    0xA9, 0x26, 0xE7, 0xA0, 0xD2, 0xDF, 0x23, 0x39, 0x2E, 0x46, 0x70, 0x6C, 0x87, 0x94, 0x9B, 0x4A,
    0x6F, 0x57, 0x5B, 0x5C, 0x7D, 0x56, 0xA9, 0x7F, 0x0B, 0x4C, 0x73, 0x81, 0xFE, 0xE6, 0xAF, 0xC3,
    0xF7, 0x79, 0x7C, 0xC5, 0xB8, 0x77, 0x7A, 0x2A, 0x54, 0x99, 0xE2, 0x3B, 0xAC, 0x01, 0xD8, 0x7F,
    0xED, 0xBE, 0x81, 0x27, 0x50, 0x36, 0x57, 0x9F, 0x40, 0xE9, 0x4D, 0x99, 0x34, 0x7E, 0x73, 0x8D,
    0xE3, 0x92, 0x26, 0x68, 0x75, 0x60, 0xB1, 0xBC, 0xC7, 0x6C, 0xBF, 0xA9, 0x5B, 0x71, 0xE4, 0x41,
    0x83, 0x23, 0x0F, 0x74, 0x05, 0xDF, 0x6F, 0xAD, 0x9C, 0xB9, 0xE4, 0x73, 0xF5, 0x2E, 0x26, 0x56,
    0xDA, 0x4C, 0x71, 0x59, 0x49, 0x19, 0x64, 0x54, 0x4B, 0x3E, 0x23, 0x1C, 0x4F, 0x76, 0xF3, 0x00,
    0xC6, 0x3B, 0x4E, 0x7E, 0xE7, 0x70, 0x3F, 0x58, 0x83, 0x54, 0x19, 0xC9, 0x22, 0xA0, 0x31, 0x12,
    0x3C, 0x51, 0x0D, 0x0E, 0x66, 0x8C, 0x9A, 0x34, 0x7E, 0xBF, 0x4C, 0x3E, 0xCE, 0x51, 0xCC, 0x4B,
    0xA0, 0xAB, 0x32, 0xA7, 0x11, 0xCC, 0x9D, 0x66, 0x66, 0xF2, 0x91, 0x0B, 0xC3, 0x91, 0xF6, 0xF0,
    0xDB, 0xC2, 0x60, 0xFA, 0xC4, 0x6C, 0x40, 0x05, 0xC3, 0x94, 0x1C, 0xB6, 0x90, 0x95, 0x64, 0x2B,
    0x07, 0xB4, 0x2D, 0xE0, 0xA8, 0x4D, 0x50, 0x4F, 0xA4, 0xC9, 0x9C, 0xA3, 0x6E, 0x0F, 0x52, 0x37,
    0x27, 0xA9, 0xDB, 0xA3, 0xD4, 0xED, 0x59, 0xEA, 0xF6, 0x30, 0x75, 0x73, 0x9A, 0xBA, 0x3D, 0x4E,
    0xDD, 0x9E, 0xA7, 0x6E, 0x0F, 0x54, 0xB7, 0x27, 0xAA, 0x9B, 0x23, 0xD5, 0xED, 0x99, 0xEA, 0xF6,
    0x50, 0x75, 0x73, 0xAA, 0xBA, 0x3D, 0x56, 0x7D, 0xF3, 0xB9, 0xEA, 0xD6, 0x29, 0x78, 0x11, 0x87,
    0xB9, 0xBD, 0xE9, 0xDA, 0xD4, 0x61, 0xF1, 0xC8, 0x8E, 0xDF, 0x92, 0x23, 0x6F, 0xD4, 0x5E, 0x47,
    0x14, 0x82, 0xFE, 0x6E, 0x2F, 0xEA, 0xE4, 0x55, 0x73, 0x37, 0xE9, 0x96, 0x83, 0x65, 0xCE, 0x3B,
    0x99, 0xAA, 0xC2, 0x2F, 0x1E, 0x84, 0xE2, 0x60, 0x2F, 0x73, 0x23, 0x60, 0x49, 0x13, 0x3F, 0xE1,
    0xDA, 0xC0, 0xEA, 0x2D, 0x20, 0xED, 0xFC, 0x21, 0x66, 0x83, 0x1C, 0x52, 0x39, 0xAE, 0xCA, 0xA3,
    0xB9, 0xB4, 0xA4, 0x08, 0x73, 0x2A, 0x0D, 0xBF, 0x08, 0x0B, 0xF3, 0x62, 0xD9, 0x3E, 0x70, 0xA4,
    0xB5, 0x95, 0x2D, 0xBF, 0xB4, 0xFC, 0xFD, 0xB2, 0xCE, 0xEF, 0xE6, 0x25, 0x23, 0xD3, 0xC9, 0x9F,
    0x3D, 0x22, 0x25, 0x58, 0xCA, 0xB9, 0xFC, 0x94, 0xCD, 0xE1, 0xA0, 0x8E, 0x58, 0x39, 0xFD, 0xD5,
    0x53, 0x7C, 0x54, 0x39, 0x29, 0x8F, 0xB8, 0xE7, 0xAC, 0x49, 0x73, 0xE8, 0x1D, 0x30, 0xA0, 0xC0,
    0x95, 0x80, 0xB7, 0x90, 0xB7, 0xF1, 0xD6, 0x27, 0x29, 0xAF, 0x3D, 0xCA, 0x1C, 0x7D, 0x75, 0x16,
    0x51, 0x6B, 0x5F, 0x6F, 0x9C, 0x44, 0x5D, 0x73, 0x93, 0xE9, 0x85, 0x73, 0xFB, 0xB0, 0xF5, 0xB0,
    0x62, 0x9E, 0x4F, 0x14, 0x61, 0x13, 0x97, 0x3E, 0xA1, 0x82, 0x57, 0xEB, 0x51, 0xED, 0x89, 0xD7,
    0x7B, 0xD5, 0x12, 0xC6, 0xF1, 0x9A, 0xEC, 0x1F, 0xA9, 0x71, 0xB2, 0x85, 0x11, 0xEA, 0xD8, 0xC8,
    0x40, 0xE4, 0x0F, 0x65, 0x6F, 0xEB, 0xEA, 0x54, 0x31, 0x92, 0x47, 0x48, 0x8A, 0x86, 0x2C, 0x71,
    0x45, 0xD6, 0xEF, 0x5E, 0xE5, 0xCC, 0x55, 0x2E, 0xF6, 0xEA, 0x41, 0x0E, 0xB5, 0x3D, 0xC7, 0x7A,
    0x11, 0x98, 0xB3, 0xE7, 0xA3, 0x28, 0xF4, 0x5C, 0x0A, 0xA8, 0xCD, 0x08, 0xB8, 0x3D, 0xCE, 0x73,
    0xF7, 0x4A, 0x9C, 0x3C, 0x72, 0x37, 0xFD, 0xEE, 0x53, 0xE1, 0xFF, 0x69, 0xB8, 0xD8, 0x8A, 0xD3,
    0xCD, 0x6F, 0x46, 0xFD, 0xB8, 0x92, 0x53, 0xBA, 0x96, 0xF4, 0xC7, 0x28, 0x43, 0xE2, 0xE2, 0x21,
    0x14, 0x29, 0x35, 0xC8, 0xD3, 0x23, 0xBD, 0x7A, 0x86, 0x27, 0x50, 0x33, 0xCE, 0x4A, 0xA7, 0x04,
    0xE2, 0xF9, 0xEB, 0x7C, 0x32, 0x71, 0x27, 0xE5, 0x7C, 0xC9, 0xC6, 0xEA, 0x0F, 0x74, 0x8D, 0x5C,
    0x44, 0x04, 0xA0, 0x41, 0x99, 0x2C, 0x87, 0x7C, 0x91, 0x1A, 0x47, 0xF5, 0x53, 0x8D, 0x4E, 0x82,
    0xE1, 0xFE, 0xD1, 0xEE, 0x74, 0x9B, 0x23, 0x5F, 0x31, 0x28, 0xF6, 0xE3, 0x11, 0x4F, 0xA3, 0xE5,
    0xCD, 0x8B, 0x7A, 0x49, 0x32, 0x08, 0x25, 0x33, 0x3A, 0xA0, 0xBF, 0x8F, 0x28, 0x0A, 0x2F, 0x68,
    0x88, 0xC4, 0x65, 0x2E, 0xCD, 0x33, 0x10, 0xEB, 0x2B, 0x95, 0xCB, 0x6E, 0x03, 0xC7, 0x49, 0x62,
    0x48, 0x12, 0x42, 0x0A, 0x3B, 0x68, 0x09, 0x04, 0x90, 0x6E, 0xBB, 0xD9, 0x9A, 0xD4, 0x4F, 0xEE,
    0x9E, 0x0F, 0x09, 0xC4, 0xA5, 0xD6, 0xA8, 0x93, 0x79, 0xC6, 0x6A, 0x8A, 0xE3, 0x4A, 0x28, 0xC2,
    0x08, 0x85, 0xE3, 0x3B, 0x20, 0x8A, 0x5A, 0x9A, 0xDF, 0xA4, 0xE3, 0xC3, 0x41, 0x91, 0x97, 0x8F,
    0xA7, 0x7F, 0xD5, 0x6C, 0x9F, 0xE1, 0x13, 0x63, 0x9F, 0x07, 0xD4, 0x11, 0x70, 0xE2, 0x4E, 0x02,
    0x10, 0xA4, 0xD6, 0xF7, 0xC2, 0xB1, 0x5E, 0x46, 0x5F, 0xBD, 0x3B, 0xBD, 0x5A, 0xD7, 0x53, 0x71,
    0x78, 0xF7, 0xCF, 0x32, 0xE2, 0x32, 0x1D, 0x18, 0x59, 0x8E, 0x0B, 0xB4, 0xD1, 0x86, 0x32, 0xC5,
    0x51, 0xB1, 0x56, 0x8F, 0xCC, 0x8B, 0xD0, 0xD7, 0x1F, 0x79, 0x09, 0x72, 0xE4, 0x62, 0x26, 0xBF,
    0x62, 0x66, 0xF9, 0x40, 0x4F, 0x4B, 0x99, 0x3C, 0x3E, 0xCB, 0xA2, 0xE6, 0x13, 0xEE, 0xF9, 0x11,
    0x09, 0xF2, 0x8C, 0x04, 0x79, 0x48, 0x82, 0x3C, 0x25, 0x41, 0x1E, 0x93, 0x60, 0x9F, 0x93, 0x60,
    0x60, 0x57, 0x96, 0xDB, 0x4A, 0x00, 0x7E, 0x56, 0x82, 0x7D, 0x58, 0x82, 0x71, 0x0B, 0xC4, 0xFE,
    0x12, 0x3B, 0xF2, 0x03, 0x13, 0x14, 0x3F, 0x31, 0x41, 0xF1, 0x23, 0x13, 0x14, 0x3F, 0x33, 0x41,
    0xF1, 0x43, 0x13, 0xE4, 0xA9, 0x09, 0xE6, 0xB1, 0x09, 0xF2, 0xDC, 0x84, 0xE9, 0xE0, 0x8A, 0x14,
    0xAC, 0x4F, 0x8A, 0xFB, 0x13, 0x5C, 0x7E, 0x09, 0xD6, 0x57, 0x13, 0xEB, 0x9F, 0x50, 0x72, 0x06,
    0x1A, 0x1F, 0x82, 0x26, 0xA7, 0xA0, 0x09, 0x0C, 0x1C, 0xED, 0x36, 0x22, 0x57, 0xF4, 0xFF, 0xA5,
    0x9E, 0x52, 0xF6, 0xB5, 0xF1, 0x45, 0x71, 0x1C, 0x1A, 0x9F, 0x87, 0x26, 0xDF, 0x37, 0xA1, 0xB1,
    0xD4, 0xEA, 0x74, 0xD2, 0x23, 0x23, 0xCE, 0x4C, 0x0D, 0xCB, 0x68, 0x04, 0xA2, 0xC6, 0xB9, 0x0A,
    0xCB, 0x7C, 0x6A, 0xCD, 0x83, 0xF2, 0xC8, 0xB6, 0x68, 0x98, 0xF2, 0x4D, 0x6C, 0x35, 0xC5, 0xEB,
    0x62, 0x5B, 0x2D, 0xF2, 0x9F, 0xC0, 0x48, 0x61, 0xAF, 0xBB, 0xF9, 0xBA, 0xCC, 0xFA, 0x7C, 0xD9,
    0x6C, 0x8E, 0x83, 0x05, 0x0B, 0x76, 0x90, 0xB2, 0x32, 0x9B, 0x23, 0x81, 0x54, 0x16, 0xDC, 0x43,
    0x58, 0xD3, 0xD1, 0x97, 0xCF, 0xC2, 0x56, 0x34, 0xEA, 0x81, 0x0C, 0xB4, 0x83, 0x70, 0x9D, 0x85,
    0x53, 0x72, 0x96, 0x77, 0x65, 0xD9, 0x65, 0xC2, 0xB2, 0x4A, 0xF1, 0x15, 0x1F, 0x0E, 0x08, 0x73,
    0xB8, 0xCD, 0xD7, 0x53, 0x08, 0x6B, 0x3A, 0x2D, 0x41, 0xBC, 0xF0, 0x61, 0x71, 0xB7, 0x0E, 0xC3,
    0x20, 0x50, 0x5F, 0x3C, 0xD1, 0x9A, 0x0D, 0x31, 0x7B, 0x5C, 0x91, 0x5A, 0x5D, 0x3D, 0x6E, 0x53,
    0x8D, 0xDA, 0xB9, 0xE3, 0x38, 0xAF, 0xF1, 0xF3, 0x4D, 0x7B, 0x9C, 0xC3, 0xA3, 0xAB, 0x2B, 0x30,
    0xF6, 0x0D, 0x47, 0x26, 0x94, 0xFA, 0x81, 0x3D, 0x9A, 0xF2, 0xE6, 0x1F, 0x17, 0xA0, 0x5E, 0x30,
    0xC9, 0xDF, 0x8E, 0x0E, 0xCD, 0x51, 0x41, 0xDA, 0x24, 0xD8, 0x78, 0xDA, 0x9E, 0xCB, 0xDD, 0x07,
    0xF5, 0x37, 0x99, 0xDA, 0x82, 0xE0, 0x19, 0x0F, 0x7F, 0x0F, 0xF3, 0x38, 0x78, 0x15, 0x1E, 0xBE,
    0xF9, 0x74, 0x3F, 0x03, 0xEB, 0xE3, 0x8D, 0x21, 0x47, 0x34, 0xF8, 0xD4, 0x6B, 0x79, 0xD6, 0x6B,
    0x37, 0xF3, 0x79, 0x6F, 0x9B, 0xE7, 0x19, 0x98, 0x94, 0xA4, 0xA8, 0x42, 0xE9, 0x1C, 0x4E, 0x6D,
    0xCD, 0xB0, 0x89, 0x4C, 0x30, 0xC2, 0xCD, 0x1F, 0xB5, 0x6F, 0xFF, 0x44, 0x49, 0xE5, 0x36, 0x4A,
    0xB7, 0x15, 0x6A, 0xB7, 0x25, 0x2C, 0x87, 0xEA, 0x6D, 0x9C, 0x00, 0x8A, 0x54, 0x4A, 0xBA, 0xE0,
    0x1C, 0x3F, 0xF1, 0x0B, 0x10, 0x0C, 0x45, 0x1E, 0x28, 0xCE, 0x02, 0x45, 0xD4, 0x6C, 0xBD, 0x37,
    0xDF, 0x57, 0x27, 0x6E, 0xB4, 0x30, 0x5D, 0x48, 0x20, 0x85, 0xE9, 0xBC, 0xA3, 0x76, 0x33, 0x48,
    0xF0, 0x25, 0x85, 0xE9, 0xFA, 0xBA, 0x0A, 0xD3, 0x6F, 0xED, 0x82, 0xDF, 0xE4, 0xD9, 0xB2, 0x1D,
    0xC2, 0x41, 0x4C, 0xBC, 0xBB, 0x19, 0x75, 0x48, 0x48, 0x81, 0x15, 0xDC, 0x96, 0x3F, 0x72, 0xFD,
    0x0B, 0x0E, 0xD7, 0x04, 0x84, 0xB9, 0xBE, 0x05, 0xF7, 0xCB, 0xBD, 0x6C, 0xD3, 0x19, 0x13, 0x7D,
    0xC2, 0xD1, 0xD1, 0x4F, 0x20, 0xCB, 0x51, 0x39, 0xDE, 0x9E, 0xA7, 0x1F, 0x03, 0x7C, 0x65, 0x04,
    0xBC, 0x00, 0xBE, 0x8A, 0xA3, 0x83, 0x7A, 0x44, 0x1D, 0xB7, 0x9B, 0xA3, 0x37, 0x74, 0x8A, 0x18,
    0xB4, 0xFF, 0xEB, 0x12, 0xF1, 0xEB, 0xE5, 0x76, 0xD5, 0x99, 0x0D, 0x77, 0xCC, 0x83, 0x1C, 0x1C,
    0x6C, 0x64, 0x4B, 0xB5, 0x0B, 0xB0, 0x09, 0x32, 0xFC, 0x7E, 0xF0, 0xFD, 0x69, 0x1A, 0xB7, 0xE9,
    0x59, 0x90, 0xFC, 0xC8, 0x5E, 0xF3, 0xD0, 0x5E, 0xB3, 0xFF, 0xAD, 0xF8, 0xFC, 0x29, 0x35, 0xF7,
    0xE8, 0xDE, 0x3B, 0x69, 0x15, 0x8C, 0xD5, 0xEE, 0xB1, 0x77, 0x48, 0x8E, 0xA7, 0x94, 0x40, 0xB3,
    0xE3, 0x09, 0xB0, 0xEA, 0xAE, 0xDC, 0x77, 0xBB, 0xAF, 0x88, 0xFA, 0x73, 0x26, 0x9F, 0xA3, 0xD9,
    0x9B, 0xF4, 0x7A, 0xCE, 0xC6, 0x0B, 0xDF, 0x97, 0xE0, 0xEB, 0x93, 0x3C, 0xF5, 0xE5, 0x20, 0xBD,
    0x03, 0x17, 0x26, 0x78, 0x9C, 0xB3, 0x6F, 0xD7, 0x79, 0x77, 0xF5, 0x6D, 0xDE, 0xB6, 0xE2, 0xB6,
    0xDE, 0xE4, 0xA3, 0xE4, 0xBA, 0xFD, 0xBC, 0x1F, 0x7A, 0x9A, 0x7D, 0xB7, 0x95, 0xDB, 0x76, 0x79,
    0xF6, 0x8A, 0xBC, 0x20, 0xF5, 0x59, 0x99, 0x27, 0x5C, 0x13, 0x61, 0x5F, 0xE9, 0x37, 0xCB, 0xCB,
    0xED, 0xFF, 0x1C, 0x0E, 0x23, 0x27, 0x04, 0x74, 0x58, 0x4C, 0x0C, 0xD0, 0x49, 0x00, 0x74, 0xEE,
    0xBB, 0x29, 0xD9, 0x76, 0x57, 0x9F, 0x3D, 0x7A, 0x5B, 0x3C, 0x11, 0x53, 0xCF, 0x15, 0x88, 0xF6,
    0xD3, 0xF1, 0x65, 0x26, 0xB8, 0x2D, 0xFE, 0xC1, 0x7C, 0x01, 0xF3, 0x57, 0x3A, 0x9C, 0xB0, 0xE3,
    0xB4, 0x5F, 0xE7, 0x17, 0x8D, 0xF8, 0x7D, 0x90, 0x9C, 0xD8, 0x1C, 0x26, 0x90, 0xC9, 0x61, 0x02,
    0xF0, 0x09, 0xED, 0x1E, 0xBC, 0x49, 0xB5, 0x9A, 0x65, 0x5B, 0xCD, 0x12, 0xAE, 0x66, 0x39, 0x57,
    0x6A, 0x31, 0x6A, 0x36, 0xE7, 0x22, 0x7E, 0xD3, 0x9F, 0x4B, 0x31, 0x0B, 0x4F, 0x28, 0x25, 0xA1,
    0x09, 0x39, 0x59, 0xD3, 0xC4, 0xCB, 0xE6, 0xCE, 0xD6, 0xBC, 0xD5, 0x67, 0xAE, 0xCA, 0x49, 0x62,
    0x9C, 0x76, 0xAC, 0x3F, 0xE2, 0x55, 0x41, 0x51, 0x55, 0x29, 0x19, 0xCA, 0x9C, 0x3E, 0x83, 0x93,
    0x4E, 0x0C, 0x57, 0xFA, 0x73, 0xE5, 0x1B, 0xF6, 0x14, 0xA0, 0xCD, 0x47, 0x5A, 0x6D, 0xD5, 0x9F,
    0x1D, 0x92, 0x23, 0x83, 0xC4, 0xE9, 0xBF, 0x5F, 0x7F, 0xB4, 0xB2, 0x78, 0xA4, 0x55, 0xAA, 0xE6,
    0x64, 0xDB, 0x96, 0xD0, 0xD9, 0x94, 0x5A, 0x7B, 0x2E, 0xC6, 0x17, 0x77, 0x53, 0xCF, 0x9F, 0x94,
    0xF5, 0xA0, 0xE1, 0xFD, 0x37, 0x4D, 0x9D, 0xBB, 0x7E, 0xB2, 0x35, 0x26, 0x44, 0xE8, 0x6D, 0x9F,
    0x43, 0x2F, 0x81, 0x7E, 0x7E, 0x28, 0x80, 0x0B, 0x1C, 0xE3, 0x21, 0x98, 0xEF, 0xCE, 0x52, 0x0B,
    0x90, 0x71, 0xF7, 0xE8, 0xDA, 0x06, 0x53, 0x23, 0x55, 0xC9, 0x47, 0x6F, 0x4C, 0x29, 0xE3, 0x3B,
    0xF1, 0x88, 0x0B, 0x3C, 0xF0, 0x42, 0x1E, 0xDB, 0x40, 0xA3, 0x58, 0x2A, 0xEA, 0x85, 0xFC, 0x04,
    0x3D, 0xDF, 0xC8, 0xDE, 0x6B, 0xE5, 0x27, 0xDC, 0xBE, 0x29, 0xFD, 0x36, 0xE9, 0x4E, 0x9E, 0x8F,
    0xA3, 0x25, 0x77, 0xE7, 0x9E, 0xD9, 0xEA, 0xD8, 0xE2, 0x37, 0xDF, 0xF4, 0x6B, 0xF6, 0xDB, 0x25,
    0x36, 0x3C, 0x3B, 0xAF, 0xCC, 0x3E, 0x8E, 0xBB, 0x68, 0xCD, 0x9A, 0xCA, 0x1A, 0x2F, 0x1D, 0xFF,
    0xEA, 0x29, 0xFE, 0x0A, 0x29, 0xFE, 0x0A, 0x29, 0xFE, 0x29, 0x52, 0xFC, 0xF1, 0xB8, 0x09, 0x3E,
    0x82, 0x99, 0x0B, 0x4D, 0x59, 0x69, 0x24, 0xD3, 0x31, 0x46, 0xBD, 0xAD, 0x39, 0xE0, 0x54, 0x20,
    0x14, 0x7B, 0x46, 0xB3, 0x34, 0xFF, 0x70, 0x2C, 0xCE, 0x91, 0x9E, 0x5C, 0xA2, 0x85, 0x45, 0x49,
    0x70, 0xD6, 0x73, 0x75, 0x1C, 0xA9, 0x94, 0x03, 0x22, 0xD8, 0x67, 0x98, 0xE9, 0x1C, 0x09, 0x56,
    0x78, 0xC2, 0xF9, 0xA1, 0x28, 0x66, 0x24, 0xC4, 0xDF, 0x77, 0x52, 0x8F, 0xAB, 0xE6, 0xBC, 0xBD,
    0x94, 0x78, 0x44, 0x83, 0x37, 0x68, 0x7C, 0x92, 0x03, 0x55, 0xCC, 0xE5, 0x39, 0x7B, 0x25, 0x53,
    0x3F, 0x90, 0x8A, 0xF3, 0xBD, 0xA2, 0xC0, 0x8F, 0x48, 0xA2, 0x49, 0xC7, 0x3B, 0x22, 0x78, 0xBE,
    0x2B, 0x1E, 0x74, 0xAF, 0xCF, 0xC3, 0xB7, 0xDA, 0x71, 0x5D, 0x05, 0x10, 0xD0, 0x44, 0xFC, 0x24,
    0x15, 0x79, 0xC0, 0xF4, 0xEF, 0x3E, 0xD6, 0xFB, 0xFF, 0x03, 0xE5, 0x5B, 0x31, 0x8F, 0xDC, 0xD6,
    0x11, 0x1E, 0x92, 0x77, 0x5A, 0xFB, 0x28, 0x99, 0x57, 0x38, 0x80, 0x1D, 0x58, 0xA1, 0x8A, 0x2B,
    0x54, 0xC8, 0x62, 0x0A, 0x15, 0x2E, 0xD6, 0x47, 0x26, 0x48, 0xE7, 0x42, 0x4A, 0x1C, 0xA4, 0x49,
    0x61, 0x23, 0x48, 0x11, 0x57, 0x56, 0xE1, 0xC2, 0x80, 0x15, 0xEF, 0x02, 0x29, 0x1C, 0xC0, 0x85,
    0x05, 0xE4, 0x07, 0x44, 0x85, 0xD3, 0xC4, 0x85, 0x54, 0xA8, 0x48, 0x21, 0x99, 0x0C, 0x1C, 0x20,
    0xA5, 0x17, 0x31, 0x02, 0x97, 0x5E, 0xC7, 0x41, 0x0A, 0xAB, 0x30, 0xED, 0xD0, 0x09, 0x63, 0x73,
    0xF7, 0x65, 0xBE, 0x99, 0x79, 0x5C, 0xDE, 0xC5, 0x42, 0x1C, 0x44, 0x7B, 0xBA, 0x3B, 0xAD, 0xB4,
    0xEF, 0xDD, 0xED, 0x92, 0x7C, 0x33, 0xDF, 0x37, 0x33, 0x6F, 0xDE, 0xBC, 0x77, 0x44, 0x78, 0x6D,
    0x4B, 0x1B, 0xD4, 0xD2, 0x4D, 0xB4, 0x73, 0xD2, 0x45, 0x6E, 0x8E, 0x2E, 0x2E, 0x67, 0xE8, 0x9E,
    0x2C, 0x2B, 0x74, 0x2F, 0x39, 0xE9, 0xE6, 0xD2, 0x45, 0xBF, 0x77, 0x53, 0xEE, 0x92, 0xD0, 0x15,
    0xDC, 0x8D, 0x23, 0x87, 0xAF, 0x6E, 0x4A, 0x17, 0x7E, 0xF1, 0x16, 0xBA, 0x91, 0x73, 0x4B, 0xEE,
    0x52, 0x8A, 0x17, 0xDC, 0x3D, 0x4D, 0x49, 0xC7, 0x5D, 0x2B, 0x5D, 0x34, 0xA7, 0x94, 0xBB, 0xA4,
    0xA2, 0xAC, 0x25, 0xCA, 0xA7, 0x94, 0x77, 0x7C, 0xF9, 0x2C, 0xE0, 0x1B, 0x72, 0xD7, 0x25, 0xCE,
    0xC9, 0xB0, 0xC3, 0x57, 0x39, 0x15, 0x51, 0x55, 0x82, 0x48, 0xBB, 0x50, 0x24, 0x20, 0x5A, 0xE8,
    0x25, 0x41, 0xC2, 0x92, 0x64, 0x9F, 0xF0, 0xAD, 0x8E, 0xBF, 0x8F, 0xFE, 0xC2, 0x4D, 0x42, 0x7C,
    0xC9, 0x98, 0x58, 0x9A, 0x9B, 0xA1, 0x63, 0x45, 0x47, 0x0B, 0x1A, 0xCD, 0x78, 0xE4, 0xA4, 0xCA,
    0x5B, 0xCA, 0xAA, 0x4F, 0xEA, 0x6B, 0xF9, 0x1F, 0xAF, 0xFF, 0xBD, 0x2A, 0x97, 0xB9, 0x2B, 0x5C,
    0x93, 0x2F, 0xA8, 0xAC, 0xF2, 0x9A, 0x1E, 0xA7, 0x13, 0x7E, 0xD8, 0xC7, 0x65, 0x6C, 0xC1, 0x05,
    0x6A, 0x8A, 0x92, 0xB7, 0xF7, 0x4A, 0xF6, 0xA8, 0x76, 0xB1, 0x09, 0x93, 0x5E, 0x17, 0xD9, 0xE8,
    0x54, 0x5E, 0xA8, 0x54, 0xAD, 0x49, 0x37, 0xB7, 0xEB, 0xB7, 0x69, 0x88, 0xBA, 0x87, 0xDD, 0x70,
    0xF7, 0xC0, 0x7B, 0xE4, 0x3D, 0xF4, 0x1E, 0x7B, 0x03, 0xDF, 0xA3, 0xEF, 0xE1, 0xF7, 0xF8, 0x1B,
    0x01, 0x9E, 0x01, 0x4F, 0x81, 0xE7, 0xC0, 0x93, 0x60, 0x2C, 0x78, 0x1A, 0x3C, 0x0F, 0x46, 0x84,
    0x67, 0xE2, 0x2B, 0xA8, 0x08, 0xF0, 0xD4, 0x04, 0x22, 0xA4, 0x19, 0x37, 0x0F, 0x4D, 0x30, 0x56,
    0x83, 0x27, 0xC9, 0x55, 0x45, 0x7F, 0xDD, 0x1A, 0xA8, 0x20, 0x32, 0xA4, 0x28, 0xEA, 0xEC, 0x87,
    0xC4, 0x7E, 0xB8, 0x9D, 0x4F, 0x0D, 0x3C, 0x03, 0x37, 0x35, 0xB4, 0xA8, 0xFC, 0xB5, 0xDE, 0x14,
    0xFE, 0xB5, 0xBF, 0x7B, 0x9B, 0xF6, 0x12, 0xD0, 0x33, 0xE0, 0x29, 0xE8, 0x39, 0xE8, 0x49, 0xE8,
    0x59, 0xE8, 0x69, 0xF0, 0x3C, 0xF4, 0x44, 0xF4, 0x4C, 0xF4, 0x54, 0x78, 0x2E, 0x7A, 0x32, 0x7A,
    0x36, 0x7A, 0x3A, 0x7A, 0x3E, 0x3C, 0x21, 0x3D, 0x23, 0x3D, 0x25, 0x9E, 0x93, 0x9E, 0x94, 0xBB,
    0x38, 0xC8, 0x29, 0xB2, 0x8B, 0xD1, 0x16, 0x2B, 0x33, 0x05, 0x39, 0xF4, 0x7D, 0x5C, 0x1D, 0x7E,
    0x8A, 0x8F, 0x63, 0x79, 0x68, 0x26, 0x63, 0xDC, 0xDE, 0xC5, 0xC7, 0xF3, 0x04, 0x6D, 0x11, 0xF6,
    0xBC, 0x29, 0x71, 0xC2, 0x9C, 0x52, 0xA7, 0xDC, 0x29, 0x79, 0xC2, 0x9E, 0xD2, 0xA7, 0xFC, 0x29,
    0x81, 0xCA, 0x20, 0x09, 0x85, 0x24, 0x1C, 0x92, 0x90, 0xA8, 0x2C, 0x0E, 0x68, 0xBC, 0xA9, 0x5D,
    0xB8, 0xB4, 0xDE, 0x4D, 0x55, 0xCE, 0xEC, 0x3D, 0x43, 0xED, 0x45, 0x03, 0xD6, 0x98, 0x5B, 0x11,
    0x77, 0x84, 0xFD, 0x26, 0x98, 0xE9, 0x4D, 0xDC, 0x40, 0xDA, 0xB0, 0xEE, 0xAD, 0xB9, 0x3E, 0xC3,
    0xCD, 0xE5, 0xD6, 0x1B, 0x75, 0x82, 0x51, 0x77, 0x53, 0xF0, 0x16, 0xB3, 0x7C, 0xD3, 0x70, 0x5D,
    0xBE, 0x14, 0x78, 0x57, 0x2D, 0x1B, 0x23, 0xE2, 0x4B, 0xF3, 0xA5, 0xE0, 0x7D, 0xFB, 0xE4, 0x76,
    0x5A, 0x18, 0xB2, 0x4F, 0x3E, 0xA0, 0x4E, 0x15, 0x94, 0xE2, 0x31, 0x22, 0x54, 0x72, 0x11, 0xED,
    0x2F, 0xE1, 0x5A, 0xD1, 0x87, 0x78, 0x46, 0xF2, 0x19, 0xF4, 0xC9, 0x5B, 0x5C, 0xD2, 0x5E, 0x91,
    0x10, 0x08, 0x9C, 0x42, 0x7A, 0xE8, 0x60, 0x1C, 0x69, 0xF8, 0x1A, 0x79, 0x88, 0x97, 0x7E, 0x2E,
    0xEA, 0x3C, 0x65, 0x86, 0xFE, 0x4E, 0x7F, 0xAD, 0x9F, 0xBD, 0x3C, 0xA0, 0x0F, 0x60, 0xAC, 0xDC,
    0xE0, 0xF7, 0xA5, 0xD3, 0x90, 0x1D, 0xA8, 0x43, 0x93, 0x27, 0xC4, 0x1F, 0xCE, 0xE8, 0xD3, 0x0F,
    0xDA, 0x17, 0xF7, 0x12, 0xE3, 0x11, 0x49, 0x8F, 0x61, 0x1C, 0xDC, 0x97, 0xCD, 0xF9, 0x74, 0xCE,
    0xE7, 0x73, 0x7D, 0x42, 0xE7, 0x33, 0x3A, 0x26, 0x06, 0xCD, 0xCF, 0x71, 0xE9, 0xD2, 0x63, 0x93,
    0xBC, 0x01, 0x41, 0x40, 0xC9, 0xCD, 0x68, 0x4A, 0xF7, 0x35, 0xF5, 0x8B, 0xCC, 0xC0, 0x13, 0xE3,
    0x20, 0xB7, 0xDE, 0xDC, 0xF0, 0x42, 0x71, 0x56, 0xAD, 0x9C, 0x34, 0x07, 0xCC, 0x8D, 0xA3, 0xD4,
    0x30, 0x19, 0x2D, 0x8F, 0x41, 0x4A, 0x48, 0x5B, 0xE6, 0x82, 0x08, 0x5D, 0xB8, 0x01, 0xBF, 0xDE,
    0x82, 0x52, 0x90, 0xFE, 0xF2, 0x2F, 0xF8, 0xB3, 0xDB, 0xCF, 0x71, 0x33, 0x81, 0x54, 0x19, 0x86,
    0x0C, 0xAF, 0xAE, 0x87, 0xB1, 0xD8, 0xFA, 0xDC, 0xC4, 0xCB, 0x2C, 0xF3, 0x0E, 0xCD, 0x9A, 0x2E,
    0x6C, 0x3C, 0x00, 0x74, 0x88, 0x4B, 0x08, 0x1B, 0xD2, 0xC4, 0x95, 0x37, 0xD3, 0x10, 0xCD, 0x36,
    0x9A, 0xCB, 0xD1, 0xC1, 0x71, 0x42, 0x9B, 0x3E, 0xCF, 0x33, 0x8C, 0xEF, 0x18, 0x88, 0x17, 0x4D,
    0xE8, 0x57, 0x8D, 0x9B, 0x97, 0x1F, 0x04, 0x57, 0x41, 0xD8, 0x13, 0x11, 0xE3, 0x37, 0xB8, 0x39,
    0x91, 0x4D, 0x2D, 0xD4, 0x6D, 0xD7, 0x2C, 0xC6, 0x85, 0x1F, 0xB0, 0x6C, 0xAF, 0xFE, 0xB8, 0xC2,
    0x9D, 0xFC, 0x45, 0x8A, 0xA1, 0x83, 0xAB, 0x6B, 0x9E, 0x74, 0xCC, 0x2E, 0x24, 0x4B, 0x29, 0xEE,
    0x92, 0x44, 0x9C, 0xF4, 0x97, 0x5E, 0x20, 0x25, 0xA9, 0x67, 0xA9, 0xA7, 0xA9, 0xE7, 0x69, 0x45,
    0xD4, 0x31, 0xCD, 0x1D, 0xA0, 0xD0, 0xA5, 0x31, 0xD0, 0x61, 0x25, 0x32, 0x7C, 0xFD, 0xD4, 0x66,
    0x31, 0xD4, 0xF8, 0x06, 0xBC, 0x6B, 0xF1, 0x1C, 0x0B, 0x5B, 0x42, 0x1A, 0xA4, 0x6E, 0x74, 0x62,
    0x4D, 0x34, 0x7A, 0x42, 0x8E, 0xB7, 0xD7, 0xFC, 0x8F, 0x39, 0xC3, 0x59, 0x62, 0x6D, 0xC6, 0x21,
    0x3F, 0x22, 0x2F, 0xC5, 0x99, 0x06, 0x85, 0x82, 0xFB, 0x96, 0x29, 0x00, 0x15, 0xF6, 0xA7, 0xD0,
    0x2D, 0xDF, 0x6A, 0x05, 0xFF, 0x46, 0xDA, 0x1B, 0x7C, 0xF5, 0x9C, 0x2E, 0x73, 0x5B, 0x31, 0x47,
    0xAA, 0x9A, 0x2A, 0x14, 0xB9, 0xE2, 0x14, 0xEE, 0x22, 0xB1, 0x35, 0xD7, 0x22, 0x51, 0xFD, 0x6D,
    0x2D, 0x9A, 0xD4, 0xB2, 0x7E, 0xBF, 0x81, 0xC5, 0x07, 0x5D, 0xF2, 0x49, 0x07, 0x3F, 0x2C, 0x94,
    0x87, 0xF1, 0x2C, 0xC8, 0xF0, 0x25, 0xFC, 0x98, 0x8A, 0xA1, 0x8F, 0xDD, 0xE7, 0x3F, 0xEA, 0xD8,
    0x12, 0x9D, 0x6B, 0xF6, 0x19, 0xF1, 0x72, 0x95, 0x6C, 0xC6, 0xC6, 0x9B, 0xC0, 0xA9, 0x96, 0xF4,
    0x26, 0x8C, 0xA8, 0xA0, 0xDB, 0x59, 0x15, 0x36, 0x59, 0x15, 0xD7, 0xF9, 0x34, 0x99, 0x2D, 0x19,
    0xB7, 0x86, 0xF2, 0x7F, 0xF1, 0x60, 0x95, 0xD2, 0xE1, 0xAA, 0x93, 0x3C, 0xD8, 0x98, 0x9F, 0x5F,
    0x33, 0xCE, 0x3C, 0x2A, 0x56, 0x34, 0xD7, 0x2C, 0xAE, 0xF0, 0xF7, 0x09, 0x33, 0x91, 0xB1, 0x78,
    0x39, 0xF7, 0x69, 0xB5, 0x1A, 0xFC, 0x92, 0x4C, 0xCF, 0x22, 0xC1, 0xAB, 0x82, 0xDB, 0x05, 0x21,
    0x6F, 0x24, 0x66, 0x38, 0x9A, 0x1E, 0x42, 0xCC, 0xB2, 0x39, 0x8F, 0xD4, 0x50, 0xF4, 0x51, 0x43,
    0xC1, 0x45, 0x16, 0x73, 0x57, 0xBC, 0x6E, 0x15, 0xE4, 0xFE, 0x7F, 0xBC, 0xEC, 0x05, 0x08, 0x26,
    0xA2, 0x93, 0x04, 0x64, 0x8D, 0xC6, 0xD1, 0xE1, 0xB4, 0xA3, 0x93, 0xEC, 0xF3, 0xB7, 0x24, 0x12,
    0xA6, 0x7C, 0x03, 0xE2, 0xE0, 0xF6, 0xBD, 0xC2, 0x42, 0x03, 0xD2, 0xA8, 0x93, 0xFA, 0x62, 0x2A,
    0xEB, 0xED, 0x4E, 0x8A, 0x5B, 0x13, 0x29, 0xF1, 0x85, 0xCB, 0x89, 0x64, 0x37, 0x57, 0xA3, 0x6A,
    0x1F, 0x32, 0x1E, 0x1A, 0xC3, 0xC6, 0xC0, 0x31, 0x74, 0x14, 0x1E, 0x1F, 0x42, 0x2C, 0x72, 0x28,
    0x42, 0x06, 0x91, 0x61, 0x64, 0x20, 0x19, 0x4A, 0x06, 0x93, 0xE1, 0xE4, 0xB3, 0x7C, 0x45, 0xCA,
    0xA0, 0x52, 0xAC, 0x0C, 0x2C, 0x43, 0xEB, 0x3F, 0xDD, 0x0E, 0x3E, 0x41, 0x23, 0x79, 0xF0, 0xBC,
    0x4F, 0x9A, 0xF9, 0xFD, 0x10, 0x46, 0xDE, 0x3D, 0x63, 0xB1, 0x23, 0x82, 0x5C, 0xC9, 0x6B, 0xFC,
    0xE5, 0xD3, 0x88, 0x62, 0x67, 0x68, 0xAA, 0xA0, 0x0A, 0xAA, 0x80, 0x95, 0x80, 0x2B, 0x01, 0x58,
    0x02, 0xB2, 0x02, 0xAD, 0x60, 0x2B, 0xE0, 0x6A, 0xA0, 0x04, 0xBC, 0x82, 0xAF, 0x00, 0x2C, 0x08,
    0x0B, 0xC4, 0x1E, 0xE3, 0x7A, 0x55, 0x48, 0x8D, 0x9C, 0x94, 0x70, 0xB3, 0x77, 0xE5, 0x37, 0x99,
    0xB5, 0x14, 0xDF, 0x01, 0xBC, 0x87, 0xC7, 0xEC, 0xC6, 0xB6, 0xBC, 0xB8, 0x65, 0x3F, 0xE3, 0xFD,
    0x04, 0xAF, 0xE8, 0x4F, 0xE6, 0x1A, 0x7F, 0x31, 0x2F, 0x24, 0xEF, 0x54, 0xB4, 0x1B, 0xCC, 0x19,
    0xBA, 0x4B, 0xF7, 0xC4, 0x1C, 0x37, 0x6D, 0xE6, 0x51, 0xD0, 0xFE, 0x29, 0x35, 0xBC, 0x7F, 0xBC,
    0x2E, 0x14, 0x76, 0xBB, 0x22, 0xBE, 0x1B, 0x1F, 0x5D, 0xAB, 0x94, 0x92, 0xF0, 0x04, 0x11, 0xB8,
    0xE5, 0x66, 0xF3, 0x59, 0x14, 0xA1, 0x12, 0xE4, 0x2F, 0x6F, 0x40, 0x8C, 0x3F, 0xF0, 0x78, 0xEF,
    0xB0, 0xF1, 0x9C, 0xC7, 0x98, 0x3B, 0xF4, 0xFC, 0x1A, 0x6C, 0x91, 0x86, 0xAB, 0xFD, 0x44, 0x34,
    0xCD, 0x04, 0x6B, 0x0D, 0x84, 0x57, 0xD5, 0x77, 0x9A, 0x55, 0xC5, 0x7F, 0x72, 0xC8, 0x6D, 0x94,
    0x35, 0xC3, 0xC6, 0x90, 0x30, 0xB0, 0xB4, 0x3A, 0x53, 0x2C, 0x2C, 0x6D, 0xF4, 0xF5, 0x0C, 0xDD,
    0x21, 0x63, 0x10, 0xD3, 0x67, 0x58, 0xA4, 0x2B, 0xD0, 0xE2, 0xF9, 0xB5, 0x78, 0xBA, 0x8F, 0x3D,
    0x47, 0x0A, 0xBF, 0xAF, 0x91, 0xA2, 0x60, 0xA5, 0x8B, 0x08, 0x8A, 0xAA, 0x43, 0xC9, 0xD3, 0xF3,
    0x67, 0x35, 0x8D, 0xAA, 0x9A, 0x1F, 0x7B, 0x83, 0x51, 0xDE, 0x5E, 0x73, 0x0A, 0xF3, 0x0D, 0x9F,
    0x81, 0x26, 0x1F, 0x30, 0xDC, 0xB1, 0x54, 0x3E, 0x16, 0xC3, 0x3D, 0xAA, 0xD0, 0xF1, 0x03, 0x03,
    0xE7, 0xD8, 0x78, 0x65, 0x59, 0x91, 0x37, 0xDE, 0x47, 0xCB, 0x5A, 0x1D, 0x53, 0x10, 0x15, 0x0C,
    0x34, 0xE2, 0x47, 0xCE, 0x6B, 0x18, 0x2F, 0x3D, 0x53, 0x92, 0x29, 0x6B, 0x9A, 0xBC, 0xEF, 0xFE,
    0x39, 0xAE, 0x05, 0x43, 0xCE, 0xAD, 0x32, 0xE4, 0x42, 0x8A, 0xD5, 0x28, 0x55, 0x3F, 0x8C, 0x42,
    0x75, 0x6B, 0xBB, 0x8E, 0xC5, 0xAA, 0xE6, 0x9F, 0xCE, 0x64, 0xEC, 0x11, 0x5F, 0x96, 0xF2, 0xA0,
    0x3B, 0x4E, 0x61, 0xC6, 0x44, 0x80, 0x77, 0xDC, 0xA0, 0x98, 0x75, 0x8D, 0xD2, 0x8F, 0x2A, 0x42,
    0xE9, 0x19, 0xAB, 0x17, 0x68, 0xBE, 0x75, 0xBF, 0x54, 0xDA, 0x53, 0x8C, 0x4D, 0xFA, 0x87, 0x68,
    0xA6, 0x88, 0xD5, 0xCF, 0x12, 0x83, 0x44, 0xCB, 0x7E, 0x9B, 0x15, 0x5A, 0xB2, 0x92, 0x6E, 0xC6,
    0x2A, 0xB2, 0x86, 0xAC, 0x20, 0xEB, 0xC7, 0x8F, 0xE0, 0xFF, 0xAC, 0x1C, 0xEB, 0xC6, 0xAA, 0xB1,
    0x66, 0xAC, 0x18, 0xEB, 0x25, 0x6A, 0xD1, 0x37, 0x05, 0x39, 0x96, 0x97, 0x15, 0x7E, 0x7B, 0x8F,
    0x05, 0xCA, 0x22, 0x8F, 0xCD, 0x84, 0xC7, 0xE5, 0x45, 0x01, 0x3B, 0x61, 0xD6, 0x50, 0x36, 0x83,
    0xB5, 0xA5, 0x35, 0x3C, 0x21, 0xA9, 0xD9, 0x07, 0x28, 0x69, 0x61, 0x9D, 0x49, 0x9B, 0x30, 0x58,
    0x69, 0x0B, 0xFD, 0xB2, 0x16, 0x95, 0xFC, 0xBC, 0x85, 0x86, 0x79, 0x03, 0x15, 0x27, 0x35, 0x5A,
    0x37, 0x97, 0xB6, 0xE2, 0xA1, 0x19, 0x1F, 0x6E, 0x19, 0x1B, 0x36, 0x2E, 0xBE, 0x31, 0xA9, 0xF1,
    0xEC, 0x51, 0x43, 0xBC, 0x04, 0x0B, 0xBB, 0x68, 0x29, 0x4E, 0x0A, 0x25, 0x83, 0xDF, 0xAC, 0xC4,
    0x49, 0xE7, 0xAB, 0xC5, 0x5B, 0xA9, 0xAD, 0x7C, 0x92, 0x29, 0xC1, 0x2F, 0xC0, 0x01, 0x59, 0xBA,
    0x67, 0xEA, 0x70, 0x19, 0x77, 0xF8, 0xC7, 0x92, 0x75, 0x59, 0xCD, 0x99, 0x13, 0xBF, 0x27, 0xB3,
    0xB4, 0xC1, 0xC2, 0x85, 0x47, 0x9F, 0x95, 0x55, 0x59, 0x4D, 0x2A, 0x47, 0xF9, 0x3B, 0x9D, 0xDC,
    0x22, 0x31, 0xC7, 0x22, 0xC6, 0x08, 0x26, 0x00, 0x5F, 0xE6, 0x3E, 0x9E, 0xEF, 0xCB, 0xD9, 0x53,
    0x61, 0x26, 0x97, 0x9C, 0xFD, 0xA9, 0x25, 0xF9, 0x5D, 0x2D, 0x1A, 0x4C, 0x78, 0x87, 0x07, 0x33,
    0xCC, 0x6B, 0x98, 0xD6, 0x30, 0xAB, 0x61, 0x52, 0xC3, 0x9C, 0x96, 0xF8, 0x18, 0x7C, 0x4F, 0xF0,
    0xF2, 0x7A, 0x5B, 0xFD, 0x57, 0x6C, 0x39, 0x68, 0x04, 0x97, 0x78, 0x51, 0xE8, 0x8A, 0x5C, 0x77,
    0x3B, 0x5F, 0xD4, 0xC4, 0x20, 0x9C, 0xED, 0x37, 0x2E, 0x45, 0xCA, 0xA0, 0x32, 0xAC, 0x14, 0x2C,
    0x52, 0xB4, 0x48, 0xE1, 0x22, 0xC5, 0x8B, 0x14, 0x30, 0x52, 0xC4, 0x48, 0x21, 0x23, 0xC5, 0x8C,
    0x14, 0x34, 0x52, 0xD4, 0xB4, 0xAB, 0x48, 0x71, 0x23, 0x05, 0xCE, 0x90, 0x33, 0xE8, 0x0C, 0x3B,
    0x0F, 0x9E, 0xA1, 0x37, 0x30, 0x39, 0xC4, 0xC1, 0x50, 0x16, 0xED, 0x8D, 0x77, 0x3A, 0x80, 0x18,
    0x3C, 0x02, 0x53, 0xF8, 0x9E, 0xCD, 0x42, 0xE2, 0xEE, 0xF1, 0x9F, 0x10, 0x1F, 0x11, 0xFD, 0x1E,
    0x93, 0x6D, 0x94, 0x17, 0x48, 0xC1, 0x05, 0xBA, 0x04, 0x78, 0x09, 0xF8, 0x82, 0xF6, 0x8E, 0x80,
    0x30, 0x01, 0x62, 0x02, 0xC6, 0xBA, 0x9A, 0x06, 0xCA, 0x04, 0x98, 0x09, 0x38, 0x0B, 0xD0, 0x7A,
    0xBF, 0x42, 0xAD, 0x45, 0x2A, 0x85, 0x39, 0x59, 0x04, 0x90, 0xA6, 0x94, 0xEA, 0x42, 0x60, 0x53,
    0xD9, 0x8B, 0xD5, 0x5E, 0x78, 0x0F, 0x8D, 0x15, 0x9E, 0x93, 0x0A, 0x88, 0xBE, 0x91, 0x2A, 0x9E,
    0xE7, 0xF7, 0x23, 0x9C, 0x1D, 0x6C, 0x61, 0x63, 0x89, 0xD5, 0x05, 0x7A, 0x00, 0x0F, 0xD8, 0x9D,
    0x05, 0x74, 0xF7, 0xC0, 0x2A, 0xBF, 0x22, 0x5D, 0xA5, 0x48, 0xD2, 0xD5, 0xA0, 0xD9, 0x55, 0xE3,
    0x1C, 0x1F, 0x79, 0xE3, 0x94, 0xAC, 0xB5, 0x84, 0x71, 0x36, 0xDC, 0x6C, 0xFC, 0x0A, 0xA3, 0xC0,
    0x38, 0xDD, 0x73, 0x7D, 0xD6, 0xCA, 0x6A, 0x61, 0x15, 0xA0, 0xCB, 0x80, 0x7B, 0x6D, 0x92, 0x7B,
    0x8F, 0x5E, 0x68, 0xB1, 0x54, 0xB7, 0x5B, 0x25, 0x03, 0x93, 0x44, 0x19, 0x80, 0x2B, 0xDE, 0x3D,
    0xDC, 0x87, 0xD8, 0x54, 0x35, 0x53, 0xD8, 0x0C, 0x65, 0x63, 0x00, 0x48, 0x3A, 0x38, 0xDE, 0xA3,
    0x96, 0xCD, 0x92, 0x1C, 0x07, 0x38, 0x28, 0x87, 0xEF, 0x73, 0xC0, 0xA3, 0x85, 0xDF, 0x7F, 0x9F,
    0xA4, 0x51, 0xD9, 0xC0, 0x21, 0x10, 0x64, 0x5A, 0xC8, 0x82, 0xAE, 0xF0, 0x3A, 0xB6, 0x1E, 0xF3,
    0x44, 0x72, 0x8E, 0x51, 0xDE, 0x58, 0xF7, 0x24, 0x9E, 0xA8, 0x10, 0x79, 0xE5, 0xF3, 0x45, 0x5C,
    0xAF, 0xB5, 0x51, 0x9E, 0xC8, 0x71, 0x48, 0x20, 0x2E, 0x24, 0xDF, 0xDA, 0x00, 0x96, 0x0C, 0x6D,
    0x83, 0xF0, 0x5F, 0xFE, 0xD9, 0x51, 0x87, 0x62, 0x72, 0xFE, 0xB7, 0x1A, 0x42, 0x67, 0x6C, 0x1D,
    0x93, 0x39, 0xE0, 0x10, 0x7C, 0x9B, 0x3D, 0x51, 0xA0, 0x53, 0x1F, 0xEE, 0x24, 0x0A, 0xF0, 0x5B,
    0xCE, 0x34, 0xEC, 0x89, 0x02, 0xB9, 0x46, 0x01, 0x06, 0x07, 0xA9, 0x25, 0x4B, 0xCE, 0x5D, 0xE8,
    0x83, 0xC1, 0xDD, 0xA2, 0xC0, 0x42, 0xD7, 0x01, 0x13, 0x5D, 0x24, 0x0C, 0x01, 0xD7, 0x52, 0x80,
    0x64, 0xDF, 0x3A, 0x57, 0xD5, 0xB2, 0xEF, 0xC5, 0x2B, 0x80, 0xE4, 0x3B, 0x3C, 0xF6, 0x69, 0xD1,
    0x07, 0x6B, 0x86, 0x9F, 0x12, 0x0A, 0x55, 0x6C, 0xB7, 0x2E, 0x71, 0xD3, 0xA8, 0x83, 0xC0, 0x2D,
    0x8F, 0x92, 0xD4, 0x09, 0x04, 0xE2, 0x98, 0x96, 0xCF, 0x78, 0xEC, 0x09, 0x88, 0x67, 0x8C, 0x2B,
    0xCE, 0x08, 0xD9, 0x3A, 0x5D, 0xC1, 0xE3, 0x96, 0xDF, 0x45, 0x1E, 0xFC, 0x3A, 0x40, 0x85, 0x63,
    0x04, 0x6F, 0x0E, 0x52, 0x22, 0xC1, 0x5A, 0x83, 0x24, 0xF5, 0x75, 0x60, 0xD9, 0x78, 0xDB, 0xD1,
    0xED, 0x80, 0xAE, 0xFF, 0xFA, 0x48, 0xC0, 0x89, 0x18, 0xAA, 0x3B, 0xB9, 0x49, 0x7F, 0x60, 0x89,
    0xBD, 0x90, 0xE1, 0xBC, 0x82, 0x1C, 0xFB, 0x49, 0xE8, 0xB3, 0xB1, 0x16, 0x38, 0xE9, 0x87, 0x2A,
    0x80, 0x66, 0xFF, 0xF9, 0x44, 0xEA, 0x20, 0xE7, 0x26, 0x7E, 0xF5, 0xBA, 0x23, 0xF9, 0xD6, 0x51,
    0x82, 0x33, 0xC5, 0x6F, 0x32, 0x31, 0x7C, 0x8E, 0xE6, 0x35, 0xFC, 0x9A, 0x4E, 0x19, 0xC9, 0xF3,
    0x40, 0x72, 0x63, 0x7D, 0x86, 0xD9, 0xBF, 0x2E, 0x6B, 0xDC, 0x9C, 0x6B, 0x61, 0xAF, 0x92, 0xAC,
    0xC0, 0x15, 0x3B, 0xB2, 0xB4, 0x3D, 0x52, 0x86, 0x89, 0x0A, 0xF8, 0xDB, 0xD7, 0x31, 0xF7, 0x74,
    0xDB, 0x1C, 0x90, 0x3F, 0x6F, 0x39, 0x89, 0x7A, 0xB6, 0xE3, 0x30, 0xB5, 0x2E, 0xFC, 0x76, 0x86,
    0x27, 0x4D, 0x8F, 0x50, 0x2C, 0xD4, 0xE9, 0xC7, 0x57, 0x03, 0x4B, 0xEB, 0xF4, 0xC3, 0x6C, 0x3A,
    0xDC, 0x9B, 0x0D, 0xFA, 0x93, 0x4E, 0x6B, 0xC2, 0x50, 0xCE, 0x14, 0x48, 0xCE, 0x9E, 0xF6, 0x4D,
    0xD2, 0x2F, 0x14, 0x23, 0xE7, 0x66, 0x89, 0xAB, 0x43, 0xB6, 0xC7, 0x11, 0xDF, 0x57, 0xB2, 0x0C,
    0x9D, 0x0A, 0xDC, 0x68, 0x2D, 0x40, 0x33, 0x44, 0x9A, 0x0B, 0xB0, 0xC1, 0x4C, 0x12, 0x45, 0xCE,
    0x4D, 0xA0, 0x7B, 0x34, 0x95, 0x7C, 0x71, 0x54, 0x48, 0x5D, 0x21, 0xD6, 0xA2, 0x40, 0xA2, 0xB5,
    0x85, 0x53, 0x3A, 0xAF, 0x9E, 0xD3, 0xFA, 0xC2, 0x58, 0xA1, 0xB8, 0xA9, 0x5D, 0x2D, 0x1F, 0xE2,
    0xAC, 0x72, 0xD6, 0xE9, 0x72, 0xD0, 0x15, 0xA5, 0x56, 0xBE, 0x5A, 0xDD, 0x03, 0x97, 0xAC, 0xE2,
    0xC4, 0x1E, 0x37, 0xCA, 0x66, 0x43, 0x28, 0x6D, 0xCB, 0xD4, 0x76, 0x28, 0xED, 0x8C, 0xF7, 0x16,
    0x52, 0x6E, 0x37, 0xCD, 0xA6, 0x23, 0xC7, 0x53, 0x72, 0xEA, 0xA6, 0xAE, 0x18, 0xBB, 0xD0, 0xD1,
    0x87, 0x8E, 0x93, 0x84, 0x68, 0xC1, 0x14, 0x8E, 0x3A, 0x8C, 0xD8, 0xBC, 0xC2, 0x39, 0x72, 0x7D,
    0x87, 0xD9, 0x7C, 0xEF, 0xDD, 0x7A, 0x9E, 0xBF, 0x9B, 0xBE, 0x5F, 0x4D, 0x16, 0x9C, 0xD6, 0x4C,
    0x1A, 0xE4, 0xC9, 0x33, 0xE6, 0xE7, 0xE1, 0xD5, 0xB8, 0x67, 0xF7, 0x9C, 0x7A, 0x92, 0x6C, 0xA3,
    0x2F, 0x72, 0x7C, 0x55, 0xB8, 0x14, 0x51, 0xCE, 0xEA, 0xF4, 0x13, 0x35, 0xB4, 0x6F, 0x59, 0x7E,
    0x04, 0xE0, 0xFE, 0x9A, 0x87, 0xCB, 0xD7, 0x00, 0xF6, 0xB7, 0xEC, 0xD9, 0xB9, 0x3F, 0x0B, 0x61,
    0x06, 0xCC, 0x09, 0xAB, 0xA5, 0x46, 0xFA, 0xB7, 0x0E, 0xFD, 0x26, 0x34, 0x13, 0x0F, 0x40, 0x63,
    0xD6, 0xC3, 0x23, 0xEA, 0x21, 0x15, 0x4C, 0x5B, 0xEA, 0x41, 0x05, 0xAA, 0xD8, 0x77, 0x07, 0xAC,
    0x48, 0x5A, 0x81, 0x6B, 0x54, 0x29, 0xAB, 0xE8, 0x81, 0x2C, 0x0E, 0xB3, 0x01, 0xDA, 0x44, 0x96,
    0xB7, 0xDA, 0x03, 0xDC, 0xD3, 0x76, 0x54, 0x7B, 0xAC, 0x65, 0x7E, 0xED, 0x1B, 0x3D, 0x44, 0xCD,
    0xBD, 0x6C, 0xE7, 0xE7, 0x9D, 0xE2, 0x93, 0x2D, 0x79, 0x6E, 0x11, 0x00, 0x3F, 0xF6, 0xDB, 0xF0,
    0x2D, 0x0D, 0x50, 0xDE, 0x67, 0xD5, 0x36, 0xD1, 0x5B, 0x4D, 0x53, 0xCF, 0x8D, 0xEB, 0x54, 0xDB,
    0xD9, 0xFE, 0xD0, 0x0D, 0x64, 0xFF, 0x91, 0x3C, 0x63, 0xD4, 0xD2, 0x89, 0x62, 0x33, 0xAC, 0xD9,
    0xF5, 0xD3, 0x2F, 0x51, 0x59, 0xCB, 0x5D, 0xC1, 0xC0, 0x97, 0x57, 0xE9, 0x8A, 0x03, 0x6B, 0x02,
    0x3D, 0xC7, 0x12, 0xC8, 0x1E, 0x01, 0x7C, 0x4E, 0x6F, 0x5F, 0x41, 0xFA, 0x09, 0xF8, 0x81, 0xFF,
    0xA7, 0x1C, 0xD1, 0x3E, 0xC8, 0xEE, 0x70, 0xA8, 0xEC, 0xF2, 0x25, 0x20, 0x82, 0x16, 0x93, 0x0A,
    0x01, 0xE9, 0x31, 0x5A, 0xAD, 0x3D, 0x24, 0x71, 0xB2, 0x2A, 0x70, 0xEC, 0xB7, 0xEC, 0x4B, 0x13,
    0x2C, 0xA9, 0x94, 0x05, 0x36, 0xD1, 0xE3, 0xC3, 0x42, 0xB3, 0x9A, 0x65, 0x2C, 0x0F, 0x57, 0x12,
    0x32, 0xC5, 0x60, 0x3A, 0x60, 0xA1, 0x38, 0x10, 0x16, 0x2C, 0xAA, 0xF8, 0xB0, 0xE2, 0xE3, 0x0A,
    0x02, 0xCB, 0xC4, 0x22, 0x8B, 0x16, 0xFF, 0xAB, 0x63, 0xC1, 0x82, 0xC4, 0x1C, 0x0D, 0x3A, 0x1A,
    0x75, 0x34, 0xEC, 0xD8, 0x6E, 0x09, 0x3F, 0x0C, 0x3B, 0x6C, 0xC5, 0x01, 0x7A, 0xC1, 0xBE, 0xDC,
    0xCD, 0x27, 0x6F, 0x38, 0xAD, 0x32, 0xD1, 0xF4, 0x4D, 0xF0, 0x0F, 0x8B, 0xE3, 0x12, 0x8B, 0xA0,
    0x66, 0xF2, 0xB1, 0x9C, 0xA5, 0x17, 0x16, 0x4A, 0xC7, 0x98, 0x07, 0xB3, 0x47, 0x81, 0x79, 0x71,
    0xD0, 0x98, 0x9B, 0xF7, 0x11, 0xF9, 0x43, 0x45, 0xC7, 0x28, 0xDE, 0x5B, 0x1E, 0xE3, 0x13, 0x99,
    0xFE, 0x14, 0x9E, 0x3F, 0x6C, 0x95, 0x17, 0xAB, 0x6B, 0x6F, 0x88, 0xF5, 0x1F, 0xAC, 0xD5, 0xFF,
    0x4C, 0xFC, 0x51, 0x56, 0xD1, 0x5A, 0xF1, 0x8B, 0x16, 0x83, 0xDD, 0xBE, 0xC1, 0xD1, 0x7D, 0x3F,
    0x3F, 0xEB, 0x7E, 0xB9, 0x26, 0xBC, 0x96, 0x19, 0x9D, 0xEE, 0x95, 0xFD, 0xC2, 0x45, 0x6E, 0xC9,
    0x7C, 0x05, 0x9C, 0xB6, 0x23, 0x9F, 0x96, 0xCB, 0xAF, 0x48, 0x8B, 0x7C, 0x7B, 0x06, 0x2A, 0x26,
    0xF3, 0x58, 0x52, 0x65, 0xFC, 0xDD, 0x46, 0x56, 0xBF, 0x24, 0x39, 0xAA, 0xD4, 0xB8, 0xBF, 0x9C,
    0xF6, 0x11, 0x50, 0xF6, 0x9C, 0x6C, 0xDB, 0x54, 0x4F, 0x0C, 0xE6, 0xED, 0x2A, 0xC1, 0x9E, 0x0C,
    0x0A, 0x3C, 0xE2, 0xA8, 0xB2, 0x81, 0x85, 0xCD, 0xCC, 0xC1, 0xD9, 0x20, 0xDB, 0x5D, 0xD5, 0x12,
    0xB6, 0x1E, 0x71, 0xAA, 0x07, 0x9A, 0x49, 0xF5, 0x42, 0x6A, 0xC3, 0x6A, 0x08, 0x56, 0x6E, 0xDB,
    0x2A, 0x90, 0x9E, 0x4C, 0x66, 0xA8, 0x1B, 0xB9, 0x9A, 0x43, 0x53, 0xF4, 0x89, 0xB4, 0x17, 0x5B,
    0x9E, 0xAC, 0x47, 0xA3, 0x56, 0xFE, 0x12, 0xA5, 0xCB, 0x65, 0xFA, 0xD8, 0x95, 0x76, 0x2C, 0xED,
    0xEF, 0xA4, 0xAD, 0xA5, 0x9D, 0xF5, 0xE7, 0xE4, 0x74, 0xC5, 0xA0, 0x88, 0x8E, 0x64, 0xDC, 0xB8,
    0xEE, 0xCF, 0x6D, 0x53, 0x6A, 0x87, 0x24, 0x51, 0x20, 0x12, 0x5B, 0xBB, 0x33, 0xEB, 0xCB, 0xC3,
    0xAA, 0xEE, 0xD6, 0xF4, 0x30, 0xA2, 0xAA, 0x27, 0xBB, 0x47, 0x6E, 0x35, 0x61, 0xC5, 0xCB, 0x41,
    0xFA, 0x7B, 0x3F, 0x30, 0xE4, 0x85, 0x35, 0x63, 0xC8, 0x46, 0xC9, 0x18, 0x62, 0x71, 0xE7, 0xB0,
    0x94, 0x63, 0xE5, 0xD8, 0x57, 0xB7, 0xA6, 0xC3, 0xFA, 0x7C, 0x20, 0x9A, 0x45, 0x72, 0x1E, 0xDA,
    0x4E, 0x43, 0xAB, 0x0D, 0xBC, 0x7C, 0x28, 0x6D, 0x58, 0xFF, 0x6E, 0x30, 0x97, 0x27, 0xDD, 0x92,
    0x5D, 0xD2, 0x9F, 0xE8, 0xF9, 0xD9, 0xD9, 0xCA, 0x6E, 0x37, 0x07, 0x7F, 0x14, 0x70, 0x08, 0xAD,
    0x77, 0xF5, 0x7A, 0x44, 0xB4, 0x94, 0x7D, 0x65, 0xD1, 0x55, 0x27, 0xD9, 0x6F, 0xD3, 0xE1, 0x8C,
    0x1E, 0x91, 0x14, 0xDE, 0xAF, 0x8B, 0xCD, 0x2C, 0xC8, 0x8E, 0x93, 0x50, 0x12, 0xF4, 0xE7, 0x49,
    0x0E, 0x25, 0xDA, 0xFF, 0x06, 0xB5, 0x56, 0xBF, 0x73, 0xDD, 0x44, 0x10, 0x5E, 0xDD, 0x31, 0x4F,
    0x93, 0x88, 0xC9, 0xA5, 0x08, 0x33, 0x09, 0x33, 0x44, 0x0D, 0x85, 0xCD, 0x04, 0x2B, 0xA5, 0x0B,
    0xE3, 0x53, 0x70, 0x41, 0x91, 0x82, 0x06, 0x6A, 0x52, 0xD0, 0x40, 0x43, 0x43, 0x91, 0x26, 0x39,
    0x11, 0x17, 0x29, 0x52, 0x38, 0x7F, 0x82, 0x8B, 0x34, 0x71, 0x93, 0x14, 0x94, 0x0F, 0xEB, 0xEC,
    0x57, 0x50, 0xA4, 0xB0, 0x26, 0x29, 0x28, 0xD1, 0xD0, 0x52, 0xE4, 0x00, 0x15, 0x9A, 0x89, 0xDE,
    0x3B, 0xBE, 0x5D, 0xC9, 0xC4, 0x24, 0xB4, 0xDC, 0xBC, 0xBB, 0xD3, 0xEC, 0x8F, 0xDB, 0xBD, 0xDD,
    0x6F, 0xF7, 0x1E, 0x7D, 0x1B, 0x8A, 0x18, 0x5C, 0xAC, 0xD6, 0x89, 0xE8, 0xEC, 0xB7, 0x0C, 0x17,
    0x31, 0x5A, 0x5E, 0xA2, 0xA7, 0xD7, 0x83, 0xC9, 0x03, 0x13, 0xC3, 0x29, 0xC5, 0x8A, 0x4C, 0x1C,
    0xDC, 0xB8, 0x77, 0xF4, 0xF6, 0x98, 0x44, 0xCE, 0x0C, 0xEF, 0xDE, 0x22, 0xD1, 0x8C, 0x6E, 0xD9,
    0x9D, 0xE0, 0x6E, 0x76, 0xFF, 0xDB, 0x2F, 0xAC, 0xAB, 0x2A, 0x95, 0x7B, 0x19, 0x59, 0x93, 0x2F,
    0x31, 0x26, 0x1F, 0x73, 0xA6, 0x94, 0xE2, 0x69, 0xF9, 0x1E, 0xC8, 0x5F, 0x8C, 0xD7, 0x2D, 0x55,
    0x4F, 0xC6, 0x53, 0x81, 0x4B, 0x10, 0xD5, 0x0D, 0xD5, 0x81, 0x5C, 0xA0, 0xC2, 0x53, 0x02, 0xEE,
    0x92, 0x54, 0x2C, 0x75, 0xAC, 0x54, 0xAC, 0x98, 0x8D, 0xDF, 0x9C, 0x74, 0x20, 0x5B, 0xD1, 0x45,
    0x70, 0x0F, 0x27, 0x6E, 0xC2, 0xDC, 0xF2, 0x2C, 0xF7, 0xD2, 0x69, 0x30, 0x6F, 0x0C, 0xAA, 0x37,
    0x8D, 0xF1, 0xDB, 0x30, 0x30, 0x90, 0x4D, 0x06, 0xAA, 0x5F, 0x44, 0xAA, 0xFF, 0x8A, 0x95, 0xFB,
    0x33, 0x56, 0x85, 0x8F, 0xA3, 0xDC, 0x52, 0x07, 0x15, 0x3F, 0x1F, 0x74, 0xDC, 0x5B, 0xAA, 0xB8,
    0x07, 0x41, 0xC5, 0xC2, 0x3D, 0xCD, 0x75, 0xD0, 0x21, 0xF7, 0xF6, 0x87, 0x25, 0x0C, 0x96, 0xB0,
    0xA8, 0xBB, 0x53, 0xB9, 0x24, 0x3E, 0x58, 0x92, 0xBD, 0xF1, 0x86, 0xDC, 0x0A, 0xA6, 0x21, 0x07,
    0x5B, 0x84, 0x23, 0x48, 0xF7, 0xC4, 0x1E, 0x91, 0x6E, 0x30, 0x3D, 0xB9, 0x9D, 0xFB, 0x1D, 0xAE,
    0xDF, 0xC7, 0x27, 0x4F, 0xC2, 0x25, 0x93, 0x94, 0xE4, 0x20, 0x1A, 0x4B, 0x4A, 0xE0, 0x86, 0x5A,
    0xBD, 0xA1, 0xD2, 0x12, 0xA5, 0x00, 0x46, 0x86, 0x69, 0x70, 0xA4, 0x81, 0xE8, 0x05, 0xCC, 0x8F,
    0x31, 0xB7, 0x30, 0x37, 0x31, 0x2F, 0x8E, 0xDE, 0x43, 0x4B, 0x54, 0x45, 0x57, 0x94, 0xC5, 0xE0,
    0x15, 0xED, 0x6F, 0x91, 0xFB, 0xFD, 0x65, 0x4F, 0x6C, 0x93, 0x0E, 0x4D, 0x86, 0x23, 0x0B, 0x56,
    0x40, 0xBC, 0xB0, 0xF0, 0xD7, 0x9C, 0x97, 0xFE, 0x74, 0xD1, 0x7C, 0x48, 0x26, 0x27, 0x41, 0x74,
    0x63, 0xE7, 0xA8, 0xA3, 0x1A, 0xC0, 0x83, 0x7E, 0xDD, 0xD1, 0x9A, 0x51, 0x0F, 0x89, 0xAE, 0xB2,
    0xEC, 0x36, 0x49, 0xF4, 0x25, 0x41, 0x93, 0xFD, 0x71, 0xD4, 0x48, 0x07, 0x52, 0xDF, 0xD9, 0xD8,
    0x5B, 0x06, 0x6C, 0xEF, 0xF8, 0x1B, 0xC8, 0xF7, 0xD9, 0x8A, 0xF9, 0x33, 0xB2, 0xBE, 0x6E, 0x81,
    0x7A, 0xEF, 0xF0, 0x3D, 0x2B, 0xAD, 0x2F, 0x9A, 0xBA, 0x75, 0x01, 0x94, 0x10, 0x7D, 0xDD, 0x38,
    0xE4, 0x91, 0xE9, 0x4A, 0x38, 0x45, 0xCB, 0x3C, 0x2B, 0xDC, 0x7A, 0xE4, 0xB7, 0x2C, 0x51, 0x54,
    0x62, 0xEC, 0x9D, 0xC9, 0x28, 0xDF, 0x61, 0x56, 0x51, 0xC2, 0x85, 0x01, 0x3F, 0x53, 0x5C, 0x5D,
    0x75, 0x03, 0xE5, 0x08, 0x5A, 0x16, 0x06, 0xBA, 0x03, 0xB2, 0x69, 0x86, 0x84, 0x2F, 0x58, 0x1C,
    0x0D, 0x7C, 0x33, 0xB2, 0xF7, 0x06, 0xC3, 0x87, 0xD8, 0x9D, 0x4E, 0xEE, 0x62, 0xD3, 0x20, 0x41,
    0xB0, 0xE6, 0x45, 0xF8, 0x86, 0xD4, 0x7E, 0x51, 0xEC, 0xFD, 0x1C, 0xCB, 0x62, 0x30, 0x4B, 0x5B,
    0xEC, 0xF9, 0x61, 0x9B, 0xCA, 0xC1, 0x99, 0x45, 0x6F, 0x11, 0xDC, 0x95, 0xF9, 0x25, 0x38, 0xCA,
    0x8E, 0x06, 0x73, 0xD2, 0x1E, 0x52, 0xA1, 0x86, 0xFC, 0xA4, 0x59, 0x01, 0x00, 0xBD, 0x85, 0xA0,
    0x02, 0x0C, 0x6C, 0x7E, 0xDC, 0xA7, 0x5E, 0x87, 0x43, 0xB3, 0x1B, 0xF2, 0x32, 0xF9, 0xA3, 0x37,
    0x27, 0xCD, 0x1D, 0x86, 0xB6, 0x8E, 0xF4, 0xBD, 0x78, 0x8D, 0xB4, 0x3D, 0x4C, 0x01, 0x4A, 0x53,
    0xE5, 0xB4, 0x81, 0x64, 0x6E, 0xD2, 0x75, 0x50, 0x6E, 0xA5, 0x2F, 0x82, 0x59, 0xB4, 0xE6, 0x81,
    0xCF, 0x8D, 0xDF, 0x30, 0xB4, 0x65, 0x68, 0xF3, 0x1A, 0x5D, 0x5F, 0x63, 0xD6, 0x87, 0xE9, 0xF3,
    0xD0, 0x9B, 0xC5, 0x6F, 0xC1, 0xDC, 0x5F, 0x84, 0x3C, 0x5B, 0x34, 0x1B, 0xE6, 0x33, 0xBF, 0x65,
    0xB2, 0x72, 0xF3, 0x9A, 0x81, 0xC8, 0xBB, 0x74, 0x19, 0xE9, 0x40, 0x68, 0x80, 0x94, 0xAC, 0xD2,
    0x5E, 0xFB, 0x04, 0xA8, 0xB9, 0x7C, 0x8E, 0x0E, 0x6D, 0xE9, 0x6C, 0x65, 0x61, 0xEA, 0xA6, 0xCF,
    0x76, 0xBD, 0x3E, 0x6E, 0xB4, 0x6F, 0x13, 0xBF, 0x4F, 0xCC, 0x9D, 0x81, 0x9D, 0x7B, 0x07, 0xBF,
    0xAD, 0x79, 0xD6, 0x98, 0x9B, 0x8B, 0x36, 0xDB, 0x3D, 0x0E, 0x90, 0x09, 0x10, 0x7A, 0x9A, 0xF8,
    0xF6, 0xFA, 0x18, 0x5F, 0x55, 0x8D, 0xE8, 0x43, 0x9C, 0x53, 0x60, 0x0B, 0xE5, 0xA5, 0x90, 0xF6,
    0x02, 0x71, 0xB4, 0x0D, 0x87, 0x98, 0x28, 0x61, 0x04, 0x58, 0x1A, 0x81, 0xAA, 0xB9, 0x9B, 0x61,
    0xE7, 0x2D, 0x4C, 0x60, 0x2D, 0x18, 0xC0, 0x50, 0xD0, 0x50, 0x64, 0xB0, 0x67, 0xBD, 0x9C, 0xC3,
    0x7A, 0x19, 0xCE, 0xD8, 0x80, 0xC8, 0x8F, 0xA3, 0x16, 0xC6, 0x23, 0xDA, 0x07, 0x9C, 0x81, 0xE5,
    0x74, 0x30, 0x03, 0x99, 0xC1, 0xA0, 0x41, 0x0C, 0x79, 0x47, 0xA6, 0x2B, 0x02, 0xE5, 0xC1, 0xB6,
    0xB0, 0x6D, 0x3D, 0x90, 0x84, 0x13, 0x6C, 0x55, 0xB3, 0x65, 0x60, 0xF1, 0x2E, 0xC3, 0x70, 0xCE,
    0x30, 0xEE, 0xD9, 0x6C, 0x48, 0xB0, 0xB4, 0xC9, 0xD4, 0x59, 0x13, 0xEE, 0x26, 0x79, 0x8B, 0xAE,
    0x62, 0x83, 0x6B, 0xB1, 0xA0, 0xD1, 0x58, 0xEF, 0x2A, 0x3A, 0x47, 0x57, 0x26, 0x89, 0xD8, 0x50,
    0x86, 0x2A, 0x31, 0x71, 0x45, 0x69, 0x7C, 0x89, 0xF2, 0x78, 0x86, 0xB9, 0x57, 0x52, 0xCC, 0xC1,
    0x8B, 0xE8, 0x34, 0x2B, 0xD2, 0x28, 0x85, 0x34, 0xB6, 0x64, 0x96, 0x8C, 0xA8, 0x31, 0x28, 0x72,
    0xE3, 0xD1, 0x6F, 0x01, 0x24, 0xFA, 0x10, 0x71, 0x3F, 0xE7, 0x12, 0xE3, 0x0A, 0x5B, 0xE3, 0x8A,
    0x42, 0xFD, 0x35, 0xDC, 0xF8, 0x9A, 0x8F, 0x0E, 0x0E, 0x0E, 0xCA, 0x33, 0xE0, 0xDD, 0xFE, 0xA7,
    0x7E, 0xC7, 0xB2, 0xE5, 0x4E, 0x38, 0x85, 0x72, 0xAA, 0x4D, 0x25, 0xE4, 0x4C, 0xC8, 0x52, 0xBB,
    0xF4, 0x93, 0xB8, 0x2B, 0xAF, 0x00, 0x43, 0x9D, 0x04, 0xE8, 0x24, 0x30, 0x9F, 0x4A, 0x59, 0x20,
    0x4E, 0x02, 0xF0, 0xC9, 0x42, 0xFF, 0xDF, 0x16, 0xD6, 0xCE, 0xBE, 0x21, 0xCE, 0xA7, 0x70, 0x24,
    0x76, 0x26, 0x96, 0x49, 0x9C, 0xE7, 0xAF, 0x3C, 0xED, 0x5F, 0x38, 0x4F, 0x38, 0x2A, 0x23, 0x7A,
    0x2A, 0x97, 0x0D, 0xEC, 0x02, 0x1C, 0x52, 0x91, 0x90, 0x09, 0xB7, 0x4C, 0x63, 0xA3, 0xB8, 0xD0,
    0xAB, 0x2C, 0x36, 0x71, 0xC9, 0x61, 0x41, 0x10, 0x73, 0x8F, 0x86, 0x4E, 0xB9, 0x38, 0x3E, 0xEA,
    0xA4, 0xA2, 0x7F, 0x9A, 0x08, 0x46, 0x7F, 0xE1, 0xB9, 0x5D, 0xB9, 0x86, 0x0D, 0xD6, 0x9E, 0x1B,
    0x8E, 0xAB, 0x52, 0x68, 0x5D, 0xA1, 0xE4, 0xE1, 0x6B, 0x77, 0xE8, 0x6B, 0x78, 0x93, 0x0C, 0x70,
    0x06, 0xB0, 0xD9, 0xBF, 0x90, 0x22, 0xEA, 0x19, 0x00, 0x41, 0x06, 0x80, 0xA0, 0xC2, 0xB0, 0x1F,
    0x39, 0xBB, 0x51, 0x88, 0x17, 0x1E, 0x4E, 0xD8, 0x12, 0x3E, 0x58, 0xB8, 0x80, 0x68, 0xE4, 0x1C,
    0x40, 0xC3, 0xB8, 0x4A, 0x47, 0x1C, 0x8E, 0x30, 0x28, 0x61, 0x1C, 0xAA, 0xAE, 0xB1, 0x01, 0xA6,
    0xB1, 0xB8, 0xAA, 0x68, 0x60, 0x78, 0xF6, 0x3A, 0x10, 0x8F, 0x18, 0x9D, 0x6A, 0x28, 0x90, 0xBE,
    0x74, 0xB0, 0x2F, 0x2B, 0xA0, 0xEF, 0x03, 0x00, 0x89, 0x4D, 0x37, 0x00, 0x21, 0x25, 0x2D, 0x50,
    0xC8, 0x41, 0x46, 0x09, 0x7C, 0xC7, 0x38, 0xCA, 0x90, 0x70, 0x5B, 0xB9, 0xC8, 0x61, 0x05, 0x84,
    0xE8, 0xAE, 0xE6, 0xEC, 0xCF, 0x35, 0xE7, 0xA8, 0x97, 0x64, 0x04, 0xC5, 0x6B, 0x4B, 0xED, 0x99,
    0x38, 0x94, 0x8C, 0x48, 0x96, 0xB1, 0x81, 0x8F, 0xC6, 0xCA, 0x45, 0xC1, 0xCE, 0x01, 0x95, 0x5C,
    0x73, 0xEF, 0x1F, 0x3C, 0x2E, 0xC7, 0xB7, 0x7D, 0x85, 0x7D, 0x3D, 0xFF, 0x4A, 0xFE, 0x12, 0x64,
    0x9F, 0x46, 0x6E, 0xBA, 0xA9, 0x8F, 0x0C, 0x2F, 0xED, 0x6B, 0x46, 0x9B, 0x02, 0xBC, 0xB0, 0x25,
    0xC1, 0x46, 0x31, 0x97, 0x8B, 0x28, 0x52, 0xC9, 0xDB, 0x6D, 0x23, 0xFF, 0x19, 0xB6, 0x18, 0xDE,
    0x44, 0x9F, 0x68, 0xD9, 0x36, 0xB4, 0x10, 0x8D, 0x16, 0x11, 0xB3, 0x23, 0x7A, 0xD9, 0xAE, 0xFC,
    0x15, 0x49, 0x7F, 0x95, 0x66, 0xAD, 0x85, 0x46, 0x6A, 0x74, 0x3A, 0x99, 0x7C, 0x0F, 0xFF, 0xDA,
    0x6E, 0x67, 0x02, 0xC4, 0x2D, 0x23, 0xAF, 0xC9, 0x56, 0x2E, 0x2F, 0xCB, 0x55, 0xF3, 0x8A, 0x8F,
    0x31, 0xEA, 0x9E, 0x9C, 0xE6, 0x15, 0x6F, 0xAA, 0x1F, 0x41, 0xEC, 0xC6, 0x27, 0x77, 0xF6, 0x08,
    0x24, 0x3A, 0x9F, 0x55, 0xE6, 0xA4, 0x4C, 0xA5, 0xBC, 0x8A, 0xB8, 0xC4, 0x5D, 0xD6, 0x01, 0xA1,
    0x57, 0x81, 0x42, 0x98, 0x62, 0x85, 0xDE, 0x77, 0x99, 0x9B, 0xDF, 0x9C, 0xBB, 0xDF, 0xC0, 0xED,
    0xAF, 0x43, 0xFF, 0x7B, 0x1E, 0xD0, 0x00, 0x17, 0x2D, 0x3A, 0xE0, 0x8E, 0x47, 0x0B, 0xD4, 0x25,
    0x7A, 0x60, 0x4A, 0x7F, 0x03, 0xCD, 0x55, 0x4D, 0x6F, 0xDD, 0x44, 0x14, 0x3D, 0xF6, 0x84, 0x18,
    0xB0, 0xC4, 0x08, 0xA9, 0xD9, 0x00, 0x92, 0xBB, 0x44, 0x08, 0xC5, 0x2C, 0x59, 0x94, 0x37, 0x46,
    0xFC, 0x81, 0x2E, 0x1A, 0xB1, 0x6C, 0xFF, 0xC1, 0xDB, 0xB0, 0x23, 0x89, 0x2D, 0x65, 0x91, 0x6D,
    0x7E, 0x02, 0x8B, 0x2E, 0xA2, 0x6C, 0x40, 0xAC, 0x40, 0x7A, 0x8D, 0xDD, 0xBE, 0x1F, 0x10, 0xF3,
    0xB1, 0x67, 0xA0, 0x3B, 0x2A, 0x60, 0xA8, 0x2C, 0xC5, 0xAD, 0x6C, 0x0F, 0xE7, 0x8E, 0x1F, 0x85,
    0x80, 0xC8, 0x9A, 0xD1, 0xCC, 0x24, 0xBE, 0x73, 0xEF, 0x9D, 0x73, 0xEF, 0x3D, 0x77, 0x1E, 0xA2,
    0x02, 0xDA, 0x22, 0xB7, 0x30, 0x2D, 0x74, 0x01, 0x8E, 0x65, 0xA1, 0x3C, 0xA2, 0x09, 0xD1, 0x08,
    0x35, 0x40, 0xF5, 0x48, 0x3A, 0xA4, 0x0E, 0xE5, 0x80, 0x30, 0x3E, 0x91, 0xAD, 0xBB, 0x66, 0xDB,
    0xD9, 0x7B, 0xB6, 0x77, 0xBB, 0xF6, 0xDE, 0xBB, 0x92, 0x9B, 0xBD, 0x5E, 0x79, 0xB3, 0xDD, 0x06,
    0xDE, 0x39, 0x3B, 0x3B, 0xBB, 0x2F, 0x66, 0xBD, 0x98, 0xB9, 0x37, 0xF8, 0x79, 0x2A, 0xFF, 0x8D,
    0xE1, 0x00, 0x57, 0xC7, 0xCE, 0xDE, 0xDE, 0xDE, 0x9D, 0x17, 0xA7, 0xA7, 0x94, 0xDC, 0x04, 0x62,
    0x07, 0xE8, 0x06, 0x30, 0xFC, 0x24, 0x58, 0x25, 0x9F, 0x2D, 0x90, 0x57, 0x40, 0x49, 0xD1, 0x48,
    0x0D, 0x11, 0xF3, 0xC2, 0x44, 0x8E, 0xEC, 0xAC, 0x9D, 0x35, 0xB3, 0x8A, 0x29, 0x66, 0xCB, 0xEB,
    0x56, 0xCE, 0x95, 0x71, 0xE9, 0x6A, 0xB6, 0x55, 0xCD, 0x9F, 0x80, 0x5E, 0x16, 0xE9, 0xE6, 0x24,
    0xA5, 0x34, 0xE1, 0xC5, 0xCA, 0x6E, 0x96, 0xFB, 0xF7, 0x12, 0x04, 0xA9, 0xDD, 0xA0, 0x68, 0x67,
    0x6F, 0x79, 0x33, 0xA3, 0x10, 0xB0, 0x13, 0x10, 0x09, 0xD8, 0x1E, 0x92, 0xFB, 0x39, 0x2C, 0x1E,
    0x9D, 0x33, 0x86, 0x7E, 0xB6, 0xCC, 0xF9, 0xB9, 0xFA, 0x7B, 0x4E, 0x96, 0x79, 0x13, 0x33, 0x71,
    0xF0, 0x77, 0x5D, 0x3C, 0x68, 0xAB, 0x86, 0xBC, 0x51, 0xBD, 0x69, 0x12, 0x67, 0x2A, 0xED, 0xCA,
    0xA2, 0x7C, 0xEE, 0x67, 0xB4, 0xAF, 0x16, 0xF0, 0x4E, 0xFD, 0xDE, 0xE9, 0x6F, 0xFA, 0xFC, 0xD1,
    0x60, 0x8E, 0x7A, 0xA3, 0xBA, 0x32, 0x71, 0x87, 0xDA, 0x1E, 0xEA, 0x66, 0x61, 0x90, 0xF5, 0x20,
    0x29, 0x10, 0x55, 0xB1, 0xAF, 0xE0, 0x0B, 0xD4, 0x01, 0xCD, 0x28, 0xC9, 0x13, 0x3E, 0x74, 0x82,
    0x5D, 0x93, 0x0F, 0xC4, 0xB1, 0x7D, 0xC2, 0x3F, 0xD1, 0x93, 0x41, 0x7D, 0x38, 0x08, 0xAE, 0xC4,
    0x22, 0xAB, 0x70, 0xB0, 0x15, 0xDB, 0xB7, 0xD3, 0x9F, 0x9D, 0xF1, 0x6D, 0x4D, 0x0F, 0xDB, 0x15,
    0x6A, 0x17, 0x1F, 0x75, 0x12, 0x76, 0x56, 0x45, 0xBE, 0x8A, 0x97, 0xAD, 0x84, 0xCD, 0x90, 0xB2,
    0xEA, 0x83, 0x07, 0x30, 0x27, 0xC4, 0x14, 0x03, 0xBB, 0x52, 0xB4, 0x64, 0x40, 0xDE, 0xE3, 0x4B,
    0xA7, 0xD6, 0x4E, 0x7F, 0xFE, 0xCC, 0xF8, 0x41, 0xD4, 0x98, 0xD3, 0xDD, 0x80, 0x3C, 0xBA, 0x47,
    0x57, 0x91, 0x6F, 0x55, 0x85, 0xB4, 0x47, 0xEA, 0x81, 0xBA, 0x91, 0xFA, 0x71, 0x1A, 0xDC, 0x1B,
    0xE0, 0x4F, 0xE6, 0x4C, 0xAC, 0x24, 0xA5, 0x0F, 0xE4, 0xC2, 0xF4, 0x51, 0x95, 0xE5, 0x76, 0xB1,
    0x74, 0x07, 0xCA, 0xAE, 0x92, 0x66, 0xA5, 0xAB, 0xC5, 0x2E, 0x32, 0x8B, 0xF8, 0xEC, 0x34, 0xF5,
    0x83, 0xF6, 0x6E, 0xF7, 0xE3, 0xF6, 0x66, 0x52, 0xE0, 0x35, 0xE0, 0x7D, 0xC0, 0x4A, 0x41, 0x59,
    0xC5, 0x77, 0x81, 0xF7, 0xE8, 0xE6, 0x4D, 0x8B, 0x69, 0x88, 0xDD, 0x42, 0xB9, 0x83, 0x78, 0xEC,
    0xC0, 0x58, 0xEA, 0x36, 0xBD, 0x70, 0x86, 0x19, 0x55, 0xCE, 0xE8, 0x56, 0x4F, 0xE1, 0x36, 0xAA,
    0x7D, 0x3D, 0x28, 0xBB, 0x9F, 0x36, 0x07, 0x9A, 0x37, 0xFC, 0xD2, 0xEB, 0xE7, 0x2E, 0x3E, 0x6E,
    0x25, 0x15, 0xE7, 0xD2, 0x3B, 0x65, 0xF1, 0x3F, 0x6E, 0x1C, 0x69, 0xFF, 0x0A, 0x0B, 0xA0, 0x17,
    0xAA, 0x26, 0x8D, 0xBC, 0x01, 0x64, 0x39, 0x05, 0xB7, 0x02, 0xBD, 0x56, 0x72, 0x22, 0xF3, 0xAB,
    0x30, 0xF7, 0x83, 0xFC, 0x2D, 0x3A, 0xDA, 0x0A, 0x7C, 0xA7, 0x76, 0x5A, 0x89, 0xD9, 0x3C, 0xD3,
    0x30, 0xE9, 0xF0, 0x85, 0x97, 0x95, 0xE0, 0x54, 0xA1, 0xDA, 0x8B, 0xE0, 0x41, 0x46, 0xEE, 0xA2,
    0xCB, 0x3E, 0x59, 0xF7, 0xAF, 0x30, 0x3B, 0xB5, 0xCB, 0x2E, 0xAC, 0xC9, 0x9A, 0xB2, 0xFC, 0xDE,
    0xFC, 0xE0, 0x5E, 0x8A, 0x42, 0x9D, 0x7D, 0x9B, 0x7E, 0xEB, 0xF2, 0x35, 0xF3, 0xE0, 0xC8, 0x3E,
    0x8F, 0xC2, 0x1F, 0x37, 0xB5, 0x87, 0x19, 0x02, 0x33, 0x83, 0x0B, 0x12, 0x6E, 0xF4, 0xEC, 0x8D,
    0xB2, 0xC8, 0x6C, 0x5D, 0xE4, 0x6D, 0x0D, 0xD3, 0x50, 0xE3, 0xE1, 0x88, 0x6C, 0x2D, 0xDC, 0x60,
    0x4F, 0xDD, 0xA1, 0x9E, 0x7F, 0xC2, 0x02, 0x1C, 0x93, 0x1F, 0x17, 0xC1, 0x06, 0x19, 0x9B, 0xE9,
    0xD3, 0x0E, 0xD1, 0x63, 0x72, 0xED, 0x68, 0xA4, 0xD8, 0xCF, 0x0E, 0xB7, 0x78, 0x69, 0x93, 0x92,
    0x0F, 0x77, 0xDD, 0x0D, 0x36, 0x5C, 0x2A, 0x57, 0x8F, 0xCB, 0x66, 0x30, 0x85, 0x61, 0x3B, 0x50,
    0x61, 0x9B, 0xF5, 0x28, 0xE9, 0xD4, 0x48, 0x27, 0xCA, 0x8B, 0x42, 0xBB, 0x5A, 0x2E, 0xA0, 0xC0,
    0xFB, 0x36, 0x9E, 0xCA, 0xF6, 0x6A, 0xC7, 0xD5, 0x24, 0xB9, 0x47, 0x7D, 0x49, 0xDA, 0x84, 0x98,
    0x3E, 0xFB, 0x0F, 0x7B, 0xA2, 0x9A, 0x74, 0x15, 0x0F, 0xFB, 0x50, 0x13, 0x09, 0xC8, 0xBA, 0x27,
    0x97, 0x1D, 0xF4, 0x53, 0x52, 0xDF, 0x4E, 0xA8, 0x9F, 0x6E, 0xBA, 0x36, 0xB2, 0x62, 0x4E, 0x6B,
    0x1A, 0x9B, 0xD0, 0x94, 0x5E, 0xFA, 0x72, 0xD3, 0x94, 0xFD, 0xA6, 0x29, 0xD9, 0x57, 0x75, 0x37,
    0xEB, 0xCB, 0x76, 0x5E, 0x1E, 0x77, 0xCA, 0xFB, 0xDF, 0x86, 0x78, 0x34, 0xDF, 0x0D, 0xC4, 0xB6,
    0xEE, 0x55, 0x67, 0x3E, 0xEA, 0x12, 0x57, 0xA6, 0x8E, 0xF0, 0xB4, 0xD3, 0xED, 0xA4, 0x6D, 0xFD,
    0xD8, 0x1B, 0xF7, 0x17, 0x47, 0x6A, 0x86, 0x11, 0x42, 0x5A, 0xB6, 0xFF, 0x7C, 0x44, 0xAE, 0x84,
    0x24, 0x23, 0xFE, 0xA9, 0x47, 0xE9, 0x27, 0x98, 0x1F, 0xFD, 0x5C, 0x80, 0x8A, 0x0A, 0xF1, 0x08,
    0x4F, 0x54, 0x74, 0x1F, 0x79, 0xF6, 0xFB, 0x78, 0x3F, 0xBC, 0x63, 0x2C, 0x76, 0x78, 0xCB, 0xA4,
    0x04, 0x9B, 0x1F, 0x13, 0xC9, 0xF9, 0xBA, 0xD1, 0x0F, 0x1B, 0xCD, 0x9F, 0x98, 0x09, 0xAF, 0x7B,
    0x7C, 0x51, 0xC2, 0x1D, 0xC2, 0xF7, 0xD8, 0x99, 0xEB, 0x72, 0x4B, 0x9E, 0xC1, 0xCC, 0xBB, 0x6C,
    0x3A, 0x49, 0x43, 0x78, 0x59, 0x2B, 0xEF, 0xA4, 0xE4, 0xE1, 0x57, 0x29, 0x28, 0xF9, 0xF0, 0x07,
    0x95, 0x57, 0x3D, 0x8C, 0x15, 0x55, 0x14, 0x3E, 0xF3, 0x06, 0x77, 0x8C, 0x63, 0xB8, 0x14, 0x68,
    0xA2, 0x44, 0x67, 0x3B, 0x1A, 0x61, 0x28, 0x49, 0x7C, 0x32, 0x2F, 0x9A, 0x48, 0x41, 0x4C, 0x2C,
    0xB0, 0x91, 0xC2, 0x1A, 0x1A, 0x2C, 0x30, 0xB1, 0x20, 0x99, 0x67, 0x28, 0x2C, 0xD9, 0xCE, 0x96,
    0x62, 0x0B, 0xB3, 0x34, 0x5B, 0x50, 0x58, 0x10, 0x66, 0x96, 0x4D, 0xA4, 0xA0, 0xE0, 0x19, 0x23,
    0x16, 0x16, 0x4E, 0x08, 0x36, 0x6A, 0xC2, 0x08, 0xA3, 0x0C, 0xCB, 0xCC, 0x1C, 0xBF, 0xEF, 0xDC,
    0x61, 0x7F, 0x30, 0x26, 0x3A, 0xC9, 0x3B, 0xF7, 0x65, 0xDE, 0xBD, 0xF7, 0x9C, 0xFB, 0x9D, 0xEF,
    0x7C, 0xF7, 0x3C, 0x11, 0x89, 0xDE, 0x2D, 0x45, 0xC4, 0x9D, 0xA4, 0x4D, 0xDD, 0x5C, 0xE4, 0x90,
    0xEA, 0x41, 0x09, 0xB4, 0x2B, 0x1A, 0x71, 0x5D, 0x93, 0xD5, 0x92, 0xFF, 0x51, 0x17, 0x65, 0xA0,
    0x9B, 0x95, 0x96, 0x91, 0x9E, 0xBC, 0xF9, 0x78, 0xE6, 0x06, 0x77, 0xE9, 0x47, 0x49, 0xBB, 0x24,
    0xDE, 0x90, 0xAC, 0x3D, 0xE1, 0x66, 0x92, 0x37, 0xD3, 0x54, 0xA4, 0xA8, 0xDB, 0x77, 0x44, 0xB4,
    0xAE, 0x2F, 0xC2, 0xDE, 0xAB, 0x5B, 0xD8, 0xEF, 0x37, 0x6A, 0xD8, 0xDB, 0x9B, 0x15, 0xEC, 0x9D,
    0x93, 0xE5, 0x01, 0x29, 0x1E, 0xB8, 0xF9, 0xA7, 0x92, 0xF5, 0x4E, 0x6A, 0xC9, 0xBA, 0xA3, 0x61,
    0x25, 0xAE, 0x9D, 0xBA, 0x52, 0xC2, 0xFE, 0x7A, 0x01, 0xAB, 0xAA, 0x08, 0xE9, 0x56, 0xC3, 0x90,
    0x2E, 0x2D, 0x68, 0x63, 0x06, 0xF6, 0x62, 0x20, 0x3B, 0x0F, 0x27, 0x75, 0x32, 0xD1, 0xE1, 0x6A,
    0x27, 0x92, 0xD7, 0xD2, 0x9A, 0xBD, 0x00, 0x0F, 0x95, 0x1C, 0x83, 0x2D, 0x65, 0x19, 0xF1, 0x73,
    0xD9, 0x44, 0xE7, 0x36, 0x7F, 0xF6, 0x32, 0xAD, 0x4C, 0x45, 0x62, 0x55, 0x4C, 0x77, 0xAA, 0x08,
    0xCB, 0x75, 0x88, 0x41, 0xD2, 0x56, 0xAE, 0x88, 0x64, 0xF4, 0xF8, 0x42, 0xFE, 0xE7, 0x69, 0xBC,
    0x50, 0xED, 0x45, 0x12, 0x9B, 0x28, 0xE3, 0x36, 0xB4, 0xB1, 0xDE, 0xE7, 0x0B, 0x06, 0xB8, 0xEB,
    0x29, 0xB8, 0x50, 0xE2, 0x61, 0xE0, 0x90, 0x55, 0x99, 0xD8, 0xA2, 0xCC, 0xBB, 0x3D, 0x81, 0x21,
    0x52, 0xF9, 0x9C, 0xE7, 0xB0, 0x09, 0x92, 0x74, 0xFB, 0x60, 0x97, 0x0A, 0xBA, 0x40, 0x18, 0x5B,
    0x1F, 0xF2, 0x25, 0xA2, 0xE7, 0x4B, 0xEF, 0x31, 0xD3, 0xAD, 0x15, 0xF3, 0x39, 0xB3, 0xB3, 0x0E,
    0xB2, 0xC4, 0x4D, 0x1A, 0x49, 0x70, 0x94, 0xE4, 0xBE, 0x38, 0x03, 0x49, 0x90, 0x28, 0x44, 0xB8,
    0x70, 0x98, 0x7F, 0x53, 0x9F, 0xDC, 0x10, 0x39, 0x21, 0x39, 0x97, 0x1F, 0x44, 0x98, 0xA5, 0x79,
    0x3A, 0x60, 0x36, 0x98, 0xDB, 0x2E, 0x7C, 0x75, 0xEC, 0xF0, 0xC6, 0x8A, 0x44, 0x0F, 0xF5, 0x4E,
    0x03, 0x1F, 0x44, 0x30, 0x19, 0xF4, 0x69, 0x2F, 0xAE, 0xCE, 0x6F, 0x0E, 0xB0, 0xD9, 0xC6, 0xFF,
    0xB3, 0xF9, 0x4D, 0x45, 0x02, 0xF5, 0x31, 0xDD, 0x5D, 0x33, 0x5F, 0xF5, 0x2E, 0x6B, 0x8F, 0x03,
    0xCA, 0xE9, 0x5A, 0x8B, 0x93, 0xB5, 0x08, 0x0B, 0xD9, 0x4C, 0x91, 0x30, 0xE2, 0x90, 0xE0, 0xF4,
    0xD7, 0xC9, 0x37, 0x60, 0xF9, 0x8D, 0x9D, 0x79, 0x26, 0xEB, 0x18, 0x3F, 0xC3, 0x66, 0x5C, 0xBF,
    0x8E, 0x11, 0x8C, 0x91, 0xAA, 0xA8, 0x02, 0x6C, 0x1F, 0x94, 0x59, 0x3D, 0x29, 0x81, 0xA4, 0x3D,
    0xCC, 0x21, 0x1E, 0xEC, 0x13, 0x03, 0xD5, 0x98, 0x7E, 0xF0, 0xD3, 0x7E, 0x8C, 0xFB, 0x01, 0xCD,
    0x07, 0x18, 0x8F, 0x00, 0xBD, 0xDF, 0x31, 0x22, 0xDF, 0x38, 0xA6, 0x08, 0xE9, 0x48, 0x68, 0x49,
    0x14, 0xA4, 0x2B, 0xC0, 0x98, 0xE1, 0x13, 0x23, 0x8A, 0x14, 0x9F, 0x1C, 0xDE, 0xDC, 0x98, 0xD5,
    0x60, 0xE6, 0x09, 0x36, 0x60, 0x0C, 0x0A, 0x2D, 0x18, 0x4D, 0xDA, 0xC5, 0xDC, 0x25, 0x6B, 0x43,
    0xC6, 0x8E, 0x50, 0xD4, 0x72, 0xC6, 0x0C, 0x11, 0x48, 0xF5, 0x78, 0xEA, 0x15, 0x26, 0x1E, 0x2C,
    0x23, 0x5D, 0xA2, 0xDE, 0xF2, 0x0F, 0x86, 0x91, 0x77, 0xA8, 0x21, 0x04, 0xBD, 0x44, 0x32, 0xBA,
    0x81, 0x9E, 0x41, 0xBD, 0x7D, 0x9E, 0x0D, 0xE6, 0xD4, 0x5E, 0x89, 0x4D, 0xDB, 0x66, 0x83, 0xA8,
    0x0D, 0x91, 0x05, 0x4E, 0x07, 0xF3, 0x5D, 0xA4, 0x9B, 0x68, 0xE1, 0xE9, 0x21, 0xC5, 0x50, 0xF8,
    0xE9, 0x69, 0xE7, 0xFC, 0x66, 0x69, 0x1B, 0x79, 0xAA, 0x65, 0x4D, 0xA8, 0xE3, 0xBE, 0xE3, 0x97,
    0xA2, 0x8A, 0xFC, 0x17, 0x5D, 0xC4, 0x7D, 0xB0, 0x6A, 0x4C, 0x75, 0x5D, 0x8A, 0xAD, 0x11, 0x72,
    0x56, 0xF7, 0x20, 0x55, 0xA8, 0x77, 0xF5, 0x52, 0x1B, 0xCF, 0x88, 0x41, 0x13, 0xB6, 0x21, 0x23,
    0x48, 0x9B, 0xC8, 0xD8, 0x3A, 0xB8, 0x2E, 0xB4, 0x33, 0x74, 0xAE, 0x0F, 0x51, 0x6B, 0x08, 0x3F,
    0x56, 0xC1, 0xF1, 0xE1, 0x13, 0x87, 0xCD, 0x3A, 0xEF, 0xB3, 0x64, 0x20, 0x44, 0xA9, 0x8A, 0x5B,
    0x6A, 0x02, 0x4E, 0x12, 0xD7, 0xC6, 0x81, 0xBC, 0x3F, 0xBF, 0xE0, 0x51, 0x40, 0xDD, 0x61, 0x3C,
    0xC9, 0xB9, 0x15, 0x83, 0xBB, 0x29, 0x74, 0x70, 0xDA, 0x01, 0xF1, 0x95, 0x54, 0xDB, 0x08, 0x95,
    0x06, 0xAA, 0xC4, 0x3A, 0x9F, 0x0C, 0x46, 0x1A, 0x84, 0x3D, 0x69, 0xED, 0x1B, 0xF2, 0x04, 0xC9,
    0x20, 0x62, 0xE0, 0x0E, 0x6A, 0x81, 0x85, 0x9B, 0x0F, 0x92, 0x7A, 0xF8, 0x40, 0xE7, 0x8B, 0xFE,
    0xC0, 0x77, 0x7A, 0x23, 0x52, 0x5E, 0x3B, 0x04, 0xBD, 0x10, 0x9F, 0x21, 0x3C, 0x25, 0xB2, 0xED,
    0x1F, 0xE0, 0xA7, 0xDF, 0xD5, 0x69, 0x7B, 0xDC, 0x00, 0xD9, 0x2C, 0xB3, 0xC6, 0x80, 0xD4, 0x3B,
    0x92, 0x3D, 0xB2, 0x0A, 0x02, 0x75, 0xB2, 0xA7, 0xC6, 0x09, 0x1C, 0x31, 0xEF, 0x3D, 0xEE, 0xD5,
    0x58, 0xF0, 0x94, 0x84, 0xA2, 0xF2, 0x6A, 0x34, 0xAA, 0x04, 0x24, 0x0C, 0xDF, 0x7C, 0x7E, 0x30,
    0xC7, 0x67, 0x43, 0x70, 0xBE, 0xE5, 0xED, 0xBC, 0x2D, 0xCD, 0x4C, 0x47, 0xE6, 0x66, 0x2D, 0x81,
    0x63, 0x3E, 0x6C, 0x47, 0x66, 0x1C, 0x58, 0x70, 0xD7, 0xD0, 0x56, 0xC7, 0xE6, 0xCA, 0x31, 0x2E,
    0x75, 0xC6, 0xA1, 0x07, 0x2C, 0xA2, 0x8A, 0xEE, 0x8A, 0x39, 0xE4, 0x32, 0x50, 0x29, 0x66, 0x9C,
    0x8C, 0x0D, 0xE2, 0x96, 0xBC, 0x74, 0x35, 0xA3, 0x48, 0x6B, 0xCB, 0x41, 0xF5, 0x76, 0x77, 0x0C,
    0xF6, 0xB7, 0x27, 0x15, 0xCE, 0x7F, 0x19, 0xAB, 0xB2, 0x21, 0x51, 0x66, 0xCB, 0x35, 0x8C, 0x65,
    0x32, 0xDB, 0x0E, 0x2C, 0x27, 0x32, 0x62, 0xF8, 0x48, 0xA1, 0x3A, 0xDB, 0xC5, 0xB5, 0x43, 0xDA,
    0x2E, 0x33, 0xBA, 0x2F, 0x18, 0x5E, 0xD2, 0x4A, 0xB6, 0x20, 0x91, 0x88, 0x3D, 0xD5, 0x15, 0x94,
    0x89, 0xE9, 0xD6, 0xD7, 0x34, 0xE5, 0x08, 0x8E, 0xF7, 0xF9, 0x3A, 0x33, 0x49, 0x53, 0x2B, 0x2E,
    0xC3, 0xFB, 0x25, 0xDD, 0x62, 0xDE, 0xBD, 0xF8, 0xC8, 0xAB, 0x1E, 0xB4, 0x60, 0x94, 0x2B, 0x0E,
    0x07, 0xFC, 0x00, 0x25, 0xE0, 0xD9, 0x98, 0xE6, 0x85, 0x44, 0x70, 0x97, 0xD4, 0x92, 0xE0, 0x7D,
    0xD4, 0x07, 0x06, 0x5D, 0xE1, 0x25, 0x78, 0x69, 0x75, 0xBC, 0x0C, 0x2A, 0x96, 0x60, 0x80, 0x0A,
    0x01, 0x7B, 0x8C, 0x1A, 0x49, 0xE5, 0xE9, 0x90, 0x8D, 0xE5, 0x64, 0x25, 0xA4, 0x15, 0xB7, 0xA2,
    0x87, 0x64, 0xE6, 0xFD, 0x5E, 0xF4, 0x89, 0xFC, 0xC2, 0xF2, 0x7E, 0x55, 0x1F, 0x6C, 0xAD, 0x7D,
    0x6D, 0x77, 0x8B, 0x85, 0x77, 0x46, 0xD5, 0xA6, 0xBB, 0xDE, 0x97, 0x25, 0xEA, 0xA4, 0xDE, 0x5D,
    0x67, 0x59, 0x1B, 0xF7, 0xBB, 0x8B, 0x8B, 0x7A, 0x50, 0x9A, 0x1B, 0xB1, 0x0C, 0x62, 0x35, 0x4B,
    0x37, 0x02, 0x6A, 0x3C, 0x7B, 0xAE, 0x7D, 0xC4, 0x04, 0x1F, 0xD8, 0x73, 0x79, 0x48, 0xC0, 0x3D,
    0xA3, 0xD1, 0x2B, 0xC4, 0xBE, 0x50, 0xDC, 0x69, 0xAE, 0x84, 0x2E, 0x74, 0x72, 0x94, 0x57, 0xD3,
    0x35, 0x39, 0x4E, 0x8A, 0xAF, 0x63, 0x61, 0xE6, 0x57, 0x8F, 0xF5, 0xAE, 0x77, 0xFD, 0xA9, 0xCC,
    0xD9, 0x92, 0xA9, 0x04, 0x18, 0x34, 0xC7, 0x8C, 0xE4, 0xA9, 0x92, 0x38, 0xAF, 0x45, 0xFE, 0x04,
    0xCE, 0xAE, 0xAD, 0xC8, 0x2E, 0x1C, 0x14, 0x8D, 0x05, 0x7F, 0x30, 0x1D, 0x15, 0xA7, 0xD9, 0x2D,
    0x3C, 0xC5, 0x78, 0x0D, 0x3D, 0x53, 0x1C, 0xD9, 0xA3, 0x38, 0xCF, 0x49, 0x62, 0xD4, 0x99, 0xD6,
    0x78, 0x49, 0x6C, 0x48, 0xBD, 0xD4, 0x23, 0x67, 0x43, 0x25, 0xAF, 0xE8, 0x2F, 0x57, 0x75, 0x95,
    0xB9, 0xE2, 0xB5, 0x76, 0x58, 0x7F, 0x38, 0x33, 0x50, 0x54, 0xE6, 0xA3, 0x24, 0x12, 0xCC, 0x48,
    0x27, 0xFF, 0x2A, 0x89, 0x7B, 0x03, 0xFC, 0x0F, 0x92, 0x28, 0x13, 0xE3, 0x51, 0x64, 0x36, 0xD6,
    0xE1, 0x7D, 0xAC, 0xBA, 0x9F, 0x0C, 0x2C, 0xD4, 0x90, 0xB2, 0x51, 0x42, 0xF5, 0xF3, 0xC7, 0xBC,
    0x5E, 0xF4, 0x16, 0x2E, 0x97, 0x50, 0xD1, 0xF0, 0x2C, 0x22, 0xE5, 0x7C, 0xD7, 0xD3, 0x26, 0x1D,
    0x2D, 0xD4, 0xD3, 0x44, 0x85, 0x5C, 0xC9, 0x6A, 0x40, 0xD8, 0xC1, 0xFE, 0xA4, 0x0B, 0xD8, 0x0D,
    0x48, 0x5C, 0x1D, 0xF1, 0xD6, 0xAB, 0xA3, 0xCD, 0x1E, 0xA4, 0x8C, 0x36, 0xB1, 0x71, 0x1B, 0xDD,
    0xEE, 0x50, 0xF9, 0xD1, 0xCF, 0x2C, 0xFE, 0x2F, 0x19, 0x5A, 0x6A, 0x48, 0xC9, 0xF9, 0xC5, 0x4E,
    0x3C, 0xDE, 0xEE, 0xD4, 0x5B, 0x50, 0xF0, 0xF6, 0xDA, 0x02, 0xCB, 0xDD, 0x1C, 0x85, 0x7D, 0x94,
    0x35, 0x3E, 0xA5, 0x59, 0xF6, 0xB9, 0x50, 0x43, 0xA7, 0x5A, 0x5A, 0x43, 0x9F, 0xE0, 0x46, 0x54,
    0x3B, 0x9F, 0x6C, 0xCA, 0x57, 0x0D, 0x54, 0x7F, 0x9D, 0xF3, 0xF2, 0x24, 0xDB, 0xF7, 0x49, 0xBE,
    0x90, 0x37, 0x24, 0x2F, 0xB1, 0x05, 0x0C, 0x2A, 0xB4, 0x0C, 0x71, 0xEF, 0x36, 0xE7, 0x4B, 0xE0,
    0xC0, 0xAC, 0xBF, 0xBE, 0x07, 0x27, 0xC3, 0x70, 0xB2, 0xF0, 0x95, 0xCD, 0x46, 0xEF, 0x2B, 0x65,
    0xA3, 0xE7, 0x90, 0x91, 0xBC, 0xDE, 0xEF, 0xD0, 0xE8, 0x95, 0x47, 0x62, 0x34, 0x7A, 0xB3, 0x69,
    0x84, 0x46, 0x4F, 0x2E, 0x44, 0x94, 0xDD, 0x3A, 0x80, 0x27, 0x56, 0x64, 0xDE, 0x10, 0xE7, 0xA2,
    0x66, 0x47, 0x01, 0x5D, 0xA7, 0x88, 0x56, 0xCE, 0xE8, 0xFE, 0xA6, 0xD5, 0xD6, 0xD4, 0xEC, 0x71,
    0x30, 0xB5, 0x28, 0xD7, 0x05, 0x8D, 0xDE, 0xA2, 0x66, 0xA3, 0x77, 0x6F, 0xC1, 0x46, 0xEF, 0x51,
    0x69, 0xDD, 0x0B, 0x95, 0x6B, 0x2C, 0x62, 0x67, 0x35, 0xFC, 0x96, 0x05, 0x36, 0xF5, 0x39, 0xE6,
    0x85, 0x6A, 0xF5, 0xD0, 0x04, 0x6B, 0x78, 0x56, 0xAC, 0x83, 0x59, 0x0E, 0xA9, 0x58, 0xB5, 0x75,
    0x00, 0xA5, 0xBB, 0x5F, 0x34, 0x79, 0x99, 0x22, 0x0A, 0x37, 0x9B, 0x0A, 0x9B, 0xA0, 0x75, 0xF8,
    0xDC, 0xFF, 0x4C, 0x4B, 0xC2, 0xB1, 0xE9, 0xF3, 0x5C, 0xF1, 0xDD, 0x99, 0xAF, 0x64, 0x5F, 0xC7,
    0xBE, 0x8A, 0x77, 0xD8, 0x65, 0xE4, 0x9A, 0x18, 0x52, 0xBB, 0x39, 0x45, 0x99, 0x9A, 0x67, 0x26,
    0x5C, 0xB6, 0xC6, 0x36, 0xB1, 0x5D, 0x69, 0xF8, 0x43, 0x99, 0x59, 0x33, 0x68, 0x3A, 0x90, 0xB0,
    0xA7, 0xB0, 0x16, 0x47, 0xB7, 0x43, 0xB0, 0x68, 0xAC, 0x5C, 0x3C, 0xC1, 0x07, 0x0B, 0x68, 0x46,
    0x67, 0x84, 0x7F, 0xEC, 0xF6, 0x58, 0x01, 0x34, 0xC1, 0x8D, 0x67, 0x77, 0x00, 0xA4, 0x8C, 0x1D,
    0x60, 0xD6, 0xED, 0xF4, 0x06, 0xBE, 0x42, 0xF3, 0xBF, 0xBA, 0x67, 0x25, 0x7F, 0xC8, 0xEA, 0x3E,
    0xD7, 0x6F, 0x5B, 0x5B, 0x65, 0x6F, 0x56, 0xEC, 0x47, 0x09, 0x67, 0x72, 0x6A, 0xA0, 0x3E, 0xE3,
    0xC0, 0x90, 0x4D, 0x04, 0x8F, 0x06, 0x9D, 0x57, 0xA7, 0x1D, 0xF8, 0x88, 0x6D, 0x76, 0x8D, 0x81,
    0x91, 0xE3, 0xBE, 0xDF, 0xA6, 0x80, 0x62, 0xB3, 0x27, 0x7B, 0xB4, 0xE9, 0xDC, 0xDA, 0x8A, 0xBF,
    0x1A, 0xCA, 0x1D, 0xDC, 0xC0, 0x77, 0x5F, 0x9E, 0xB5, 0x2F, 0xB3, 0xDA, 0x94, 0xD4, 0x4E, 0x12,
    0x5B, 0x4B, 0x26, 0x1E, 0x13, 0x74, 0x05, 0x7A, 0x99, 0x6D, 0xC5, 0x86, 0x9E, 0x62, 0x53, 0xF1,
    0x1E, 0x0B, 0x2D, 0xD6, 0x70, 0x88, 0xE7, 0x2C, 0xB7, 0x1E, 0x03, 0x9A, 0x87, 0xCE, 0xD9, 0x65,
    0xD4, 0x59, 0x64, 0x69, 0x0B, 0x06, 0xE5, 0x0F, 0x75, 0xC0, 0x5F, 0x88, 0xE2, 0xDE, 0xDA, 0xDA,
    0xD4, 0x34, 0xD4, 0x7A, 0xB7, 0x92, 0xAD, 0x1B, 0xE5, 0x35, 0x68, 0xAC, 0xBD, 0x8D, 0x5A, 0x6B,
    0x76, 0x73, 0x95, 0xB3, 0x1F, 0xAD, 0xCA, 0xD9, 0x73, 0xDB, 0xF2, 0x24, 0xCF, 0xC9, 0x53, 0x67,
    0xAD, 0x5A, 0xD6, 0x04, 0x36, 0xD4, 0x01, 0xC1, 0x2F, 0xFC, 0xA0, 0x95, 0x1F, 0xAC, 0x63, 0x03,
    0x71, 0x28, 0x64, 0x93, 0x6D, 0x79, 0x22, 0xDE, 0x67, 0xF4, 0x63, 0xE5, 0x25, 0x67, 0xC7, 0x0B,
    0x3E, 0x19, 0x4E, 0xEF, 0xC0, 0x30, 0x29, 0x86, 0xB5, 0x2B, 0xF6, 0x37, 0x82, 0x21, 0xE2, 0x6F,
    0xC3, 0x1E, 0xFD, 0xEC, 0xFF, 0x29, 0x4F, 0x7F, 0x03, 0xC5, 0x57, 0xBF, 0x6F, 0x1C, 0x45, 0x14,
    0x7E, 0xBB, 0x03, 0x5C, 0xCC, 0x00, 0x93, 0x06, 0x29, 0x22, 0xC1, 0x6B, 0x5A, 0x84, 0xB4, 0x14,
    0x14, 0x2E, 0xCE, 0xDE, 0x45, 0x14, 0x20, 0xA5, 0xB0, 0x8B, 0x20, 0x4A, 0xA8, 0x49, 0x61, 0x77,
    0x50, 0x58, 0xEC, 0xA6, 0xA1, 0x35, 0xFF, 0x01, 0xA9, 0x69, 0x92, 0xC2, 0x42, 0x20, 0xC5, 0xDE,
    0x11, 0xAD, 0x8B, 0xAC, 0x44, 0x99, 0x82, 0x95, 0xA8, 0x10, 0x45, 0xA6, 0x58, 0x8B, 0x73, 0xD8,
    0xBB, 0x65, 0x66, 0xBE, 0x37, 0xF6, 0x2D, 0x39, 0x93, 0xC4, 0x3A, 0x89, 0x91, 0x46, 0x4F, 0x7B,
    0x33, 0xEF, 0xC7, 0xF7, 0xE6, 0xCD, 0xFB, 0xE6, 0x88, 0xC2, 0x68, 0x20, 0x84, 0x86, 0x4C, 0x72,
    0xC8, 0x23, 0x88, 0x51, 0x07, 0x59, 0xF4, 0x7E, 0x4C, 0x7B, 0x96, 0xC9, 0xE9, 0xA7, 0x6E, 0xDC,
    0x8A, 0x79, 0x9D, 0x32, 0x96, 0xAA, 0x1C, 0xDA, 0x0B, 0xF6, 0xC3, 0x78, 0xDD, 0xCE, 0xD4, 0xED,
    0xB7, 0xFB, 0x2A, 0x4D, 0x51, 0x6F, 0x48, 0xF4, 0x13, 0x52, 0x8F, 0xA7, 0x94, 0xAE, 0xA6, 0xF9,
    0x4F, 0xAB, 0x42, 0x97, 0xAB, 0xB4, 0x4D, 0xAB, 0x76, 0xCF, 0xB2, 0xE6, 0x15, 0xF6, 0x1D, 0xA4,
    0x62, 0x39, 0xE2, 0x18, 0x85, 0xE1, 0x1F, 0x02, 0x98, 0xA2, 0xAC, 0x80, 0x73, 0xC2, 0x78, 0xBB,
    0x37, 0x3D, 0xDC, 0x82, 0xC1, 0xF4, 0x10, 0x71, 0x3B, 0xC4, 0xAA, 0x16, 0xF8, 0x51, 0xF9, 0xD2,
    0xE6, 0xBA, 0xCA, 0xEF, 0x27, 0xEA, 0xE3, 0x5A, 0xFE, 0xB6, 0x93, 0x8B, 0x7E, 0x66, 0xC3, 0xB0,
    0xF1, 0x16, 0x36, 0xF6, 0xB4, 0xB6, 0xEB, 0x36, 0x06, 0x69, 0xFD, 0x45, 0xCE, 0xF1, 0x36, 0x62,
    0x88, 0x6A, 0xC4, 0x20, 0x35, 0xB0, 0xBA, 0xBC, 0x0B, 0x1B, 0xF3, 0xCC, 0xED, 0x99, 0x91, 0xF4,
    0x70, 0x8B, 0xBA, 0x18, 0x62, 0xE5, 0xB3, 0x2D, 0x9A, 0x78, 0xCA, 0x58, 0xDD, 0xD9, 0xC6, 0x13,
    0x6B, 0xA7, 0x04, 0xD6, 0x98, 0xED, 0xD2, 0x17, 0xF0, 0x13, 0xE7, 0xB0, 0xAF, 0xEC, 0xEF, 0xA9,
    0x8D, 0x27, 0x9B, 0xF8, 0xD8, 0x44, 0xDF, 0x93, 0xFC, 0xFD, 0xA1, 0x4E, 0xC5, 0x2F, 0xE6, 0x03,
    0xA1, 0xDF, 0xF7, 0xBA, 0xCF, 0x31, 0xDD, 0x5E, 0xA7, 0xE3, 0x74, 0x9D, 0x0D, 0x8F, 0xD3, 0xD9,
    0x74, 0xB6, 0x9D, 0x0F, 0xE7, 0xCB, 0xFA, 0x5C, 0xE7, 0xCA, 0x7B, 0x72, 0xCB, 0x8B, 0xBE, 0x87,
    0xB8, 0xEB, 0xCB, 0x18, 0x47, 0xA3, 0xA6, 0x10, 0x3B, 0xBE, 0xAA, 0x95, 0xAC, 0xBD, 0xC0, 0xB9,
    0x49, 0x3A, 0x74, 0xE2, 0x55, 0x4A, 0x51, 0xF2, 0x58, 0x3C, 0x3B, 0xD4, 0x43, 0x88, 0x4B, 0x2C,
    0x3E, 0xE0, 0x45, 0x08, 0x89, 0x0B, 0x11, 0xE3, 0xEB, 0xBA, 0xD3, 0x88, 0x6E, 0xF7, 0xF9, 0x79,
    0xC4, 0x51, 0x85, 0x72, 0x92, 0x33, 0xA8, 0xC1, 0xF6, 0xE1, 0x18, 0x26, 0xC7, 0x70, 0x30, 0x86,
    0xBB, 0xF7, 0xE0, 0xFC, 0x06, 0xBC, 0x5D, 0x39, 0xF7, 0xCD, 0x91, 0x1C, 0xCE, 0x07, 0xF2, 0x82,
    0x4B, 0x74, 0x30, 0xB8, 0xA8, 0x9C, 0xDD, 0x6F, 0xB8, 0x2D, 0x00, 0xC5, 0x08, 0x17, 0x20, 0x9A,
    0x0C, 0x16, 0xD3, 0xF2, 0x12, 0x09, 0xBC, 0x36, 0x87, 0x88, 0xF1, 0x31, 0x5A, 0xC6, 0x1E, 0x32,
    0xC1, 0x79, 0xB9, 0xEE, 0xB3, 0x94, 0xF6, 0x41, 0xC0, 0xEC, 0x4E, 0x39, 0x1F, 0x73, 0x8C, 0x1F,
    0x95, 0x9E, 0x6F, 0x49, 0xDD, 0xFC, 0x1D, 0xBF, 0xCC, 0xD2, 0x6B, 0x58, 0x7A, 0x03, 0x4B, 0x0A,
    0x4B, 0x0A, 0x5A, 0x0A, 0x5A, 0x49, 0x81, 0x88, 0x91, 0x97, 0xEC, 0x14, 0xA2, 0x9F, 0x42, 0xFC,
    0xE1, 0x44, 0x95, 0xD3, 0x45, 0x23, 0xF4, 0xA1, 0xD0, 0x3B, 0x13, 0xFE, 0x7D, 0x83, 0x06, 0x05,
    0x45, 0x2D, 0xFA, 0xA9, 0x68, 0xD0, 0x73, 0xBC, 0x9A, 0xED, 0xD7, 0x5E, 0xED, 0x08, 0x6A, 0xAE,
    0x5F, 0x6F, 0x2C, 0xEE, 0xD7, 0x9F, 0x9D, 0xA0, 0x5F, 0xC3, 0x5B, 0xC6, 0xDE, 0x54, 0x99, 0x72,
    0x0F, 0x63, 0x6F, 0x4D, 0xF0, 0xC6, 0x4D, 0x51, 0x34, 0xFF, 0x1D, 0xE4, 0x82, 0xF1, 0x0C, 0xCD,
    0x34, 0xC0, 0xE3, 0x3E, 0xF9, 0x80, 0xFB, 0xA6, 0xC1, 0x46, 0xD1, 0x20, 0xB5, 0xF6, 0x0B, 0x99,
    0xCE, 0x17, 0xF7, 0xE3, 0x29, 0xFA, 0x71, 0x64, 0xD0, 0x8F, 0xAD, 0x37, 0x5F, 0x5C, 0x56, 0xCD,
    0xF7, 0x63, 0xAB, 0xA6, 0xD8, 0x9B, 0xF7, 0x33, 0x66, 0xAF, 0x5C, 0xBA, 0xD1, 0x05, 0x41, 0x3E,
    0x35, 0x9A, 0x18, 0x51, 0x69, 0x99, 0x83, 0x1F, 0x51, 0x20, 0x47, 0x51, 0x07, 0x7E, 0x54, 0xED,
    0x1C, 0x3F, 0x76, 0x21, 0xDF, 0xE9, 0x69, 0x71, 0xE2, 0xF8, 0x51, 0x74, 0x12, 0x0E, 0x2B, 0x9A,
    0xF2, 0x45, 0x0A, 0xF9, 0xE6, 0xC6, 0xD0, 0x44, 0x03, 0xCF, 0x2F, 0x33, 0x6F, 0x24, 0xF6, 0xD7,
    0xCC, 0xDE, 0x99, 0xCA, 0x58, 0x8E, 0x74, 0xBD, 0x74, 0x46, 0xEA, 0x61, 0x9A, 0x6F, 0xAA, 0x51,
    0xBD, 0x6B, 0x79, 0x80, 0x32, 0xBB, 0xEE, 0xE0, 0xF7, 0x2D, 0xC5, 0x76, 0x5D, 0x3E, 0x2E, 0x28,
    0xD9, 0x52, 0x7A, 0x5D, 0x59, 0x60, 0x8A, 0xAE, 0x82, 0x7B, 0x9E, 0x73, 0xAE, 0xB0, 0x67, 0x9C,
    0xC7, 0x28, 0xC7, 0x79, 0x88, 0x1A, 0x39, 0x89, 0x26, 0x7C, 0x41, 0x2A, 0x10, 0x07, 0x65, 0x4D,
    0xA1, 0x17, 0xF1, 0x63, 0x71, 0x02, 0x7E, 0x2C, 0x4A, 0x34, 0xB4, 0x0E, 0x97, 0x5D, 0x34, 0xB0,
    0x13, 0xEC, 0xAE, 0x80, 0x33, 0xDC, 0xCD, 0xCE, 0x5F, 0x64, 0x5E, 0xFD, 0x5A, 0x7E, 0x68, 0x92,
    0x9B, 0x37, 0xB5, 0xFC, 0xB3, 0xF2, 0x98, 0x1D, 0x76, 0xCA, 0x1C, 0xFF, 0x69, 0xDA, 0x55, 0xE5,
    0xFD, 0x4D, 0xF9, 0x51, 0xAD, 0x1E, 0x7D, 0xEE, 0xB9, 0xD1, 0xE5, 0xCC, 0xE5, 0xCE, 0x06, 0xCB,
    0xDC, 0x98, 0x9F, 0xF5, 0xE0, 0xFF, 0xE5, 0xDD, 0x33, 0x3F, 0x9E, 0x51, 0x8A, 0x52, 0x83, 0xC3,
    0xD5, 0x27, 0xE0, 0xF0, 0x94, 0x39, 0x7C, 0x8F, 0x39, 0x7C, 0x02, 0x0E, 0xB7, 0x6A, 0x9E, 0xC3,
    0x45, 0xBD, 0x98, 0xC3, 0x0B, 0xE6, 0xF0, 0x3D, 0xE6, 0xF0, 0x09, 0x38, 0xFC, 0x8E, 0x01, 0x87,
    0xFF, 0x5A, 0xE3, 0x7E, 0xDC, 0xD6, 0x38, 0xF7, 0xF0, 0x78, 0xD9, 0x64, 0xB9, 0xB7, 0x38, 0xC8,
    0xA7, 0xEF, 0xC7, 0xE2, 0x3C, 0xA2, 0x40, 0xCC, 0x08, 0xF1, 0x34, 0x05, 0xAB, 0xF7, 0xBC, 0x3D,
    0x7D, 0xF2, 0x83, 0x1B, 0xDF, 0x09, 0xAC, 0x1B, 0xAA, 0xF0, 0x7D, 0xA6, 0x7F, 0x51, 0x1E, 0x47,
    0x9C, 0xEB, 0x54, 0xE3, 0x6C, 0xAB, 0x96, 0xA2, 0x99, 0x4D, 0x82, 0xE9, 0x49, 0x99, 0x4A, 0x6F,
    0x98, 0x1F, 0xCD, 0x3B, 0xE6, 0x60, 0x2D, 0x32, 0x07, 0xB4, 0xAC, 0x49, 0xE5, 0x36, 0x7C, 0xAF,
    0xFD, 0xEB, 0xFC, 0x42, 0xCA, 0x2C, 0xB7, 0x65, 0x48, 0x7F, 0xA8, 0x17, 0x06, 0x11, 0x50, 0x67,
    0xED, 0x5B, 0x1E, 0x5E, 0x5F, 0x62, 0x5F, 0x47, 0xEF, 0xBA, 0xCF, 0x7B, 0xF5, 0xD0, 0x4E, 0xB0,
    0xEB, 0xFC, 0x6C, 0xAF, 0x59, 0xDF, 0xED, 0xD2, 0xE6, 0x1D, 0xD3, 0x96, 0x3F, 0x9B, 0xBF, 0x74,
    0xE6, 0xF3, 0x34, 0x25, 0xF1, 0x77, 0xEB, 0xDF, 0xDE, 0xEE, 0x0D, 0xEE, 0xDF, 0xE2, 0x89, 0x67,
    0x38, 0xBC, 0x1D, 0x89, 0xDF, 0x8E, 0xE7, 0xC5, 0x48, 0x0C, 0xB0, 0x8B, 0xF8, 0xBE, 0xCB, 0xE1,
    0xFD, 0x08, 0x7D, 0xAF, 0x4B, 0x42, 0xB9, 0xCC, 0x70, 0x4F, 0x82, 0x1E, 0x49, 0x4E, 0x50, 0xB0,
    0x1B, 0xFC, 0xC4, 0xFC, 0x44, 0x52, 0x7C, 0x9E, 0x2E, 0x65, 0xA1, 0xDF, 0x3D, 0xFA, 0xBE, 0xCC,
    0x8E, 0xF7, 0xEB, 0xAF, 0x8E, 0xF7, 0x77, 0xC5, 0xF1, 0x3E, 0x2D, 0x6B, 0xC6, 0xDF, 0xAE, 0x0C,
    0x6B, 0xEA, 0x46, 0x38, 0xCF, 0x9C, 0x00, 0xA3, 0x66, 0xC9, 0x60, 0xA8, 0x2A, 0xBF, 0xF4, 0xE7,
    0x57, 0xB5, 0x01, 0x27, 0x7F, 0x1B, 0xFC, 0x2F, 0xE8, 0xF3, 0xB0, 0xBF, 0x62, 0xFD, 0x60, 0xCF,
    0x8F, 0xB7, 0xE7, 0x5E, 0x28, 0xAF, 0x5C, 0x23, 0xB5, 0x35, 0x5E, 0xDA, 0xBC, 0xB7, 0xB5, 0x71,
    0x37, 0xDB, 0xCA, 0xB4, 0xDA, 0xCF, 0x68, 0x64, 0xDF, 0x1B, 0xB1, 0x8B, 0xD9, 0x9D, 0xAB, 0xE3,
    0x07, 0xF7, 0x2E, 0x73, 0xB5, 0xF5, 0x12, 0xD1, 0x3F, 0xB5, 0x57, 0xBF, 0x8F, 0xDC, 0x44, 0x14,
    0x7E, 0xB6, 0xC5, 0x2D, 0xC4, 0xC5, 0xA4, 0x08, 0x12, 0x4A, 0xE3, 0x26, 0x05, 0xB9, 0x22, 0xD3,
    0xA4, 0x48, 0x71, 0x77, 0x63, 0x85, 0x32, 0x05, 0x29, 0x72, 0xA2, 0xA4, 0x41, 0xA2, 0x4C, 0x43,
    0x41, 0x11, 0x62, 0x77, 0x48, 0x50, 0x70, 0x15, 0x6D, 0x52, 0xA4, 0x88, 0x96, 0x02, 0x8A, 0x14,
    0x11, 0x0A, 0xB1, 0x15, 0xFE, 0x01, 0x87, 0x2B, 0x28, 0x90, 0x88, 0x05, 0x05, 0x52, 0x9A, 0x18,
    0xB2, 0x01, 0x1F, 0xF2, 0xEE, 0xF0, 0x7D, 0x6F, 0xD6, 0xBB, 0x77, 0xE1, 0x12, 0x84, 0x10, 0xF6,
    0xCD, 0xE7, 0xDB, 0xF5, 0x9B, 0xEF, 0xFD, 0x98, 0x37, 0x6F, 0xDE, 0x4A, 0x74, 0x4B, 0x24, 0xF6,
    0xB9, 0x88, 0x6D, 0x45, 0xCC, 0x4C, 0x24, 0x19, 0x30, 0xE6, 0x18, 0x0B, 0xBC, 0xE0, 0xF0, 0x22,
    0xEF, 0x7B, 0xC9, 0xFC, 0x42, 0xAA, 0x8F, 0x17, 0xB1, 0x4F, 0xE6, 0x93, 0x61, 0x32, 0x98, 0x3E,
    0x1D, 0x6C, 0x67, 0x66, 0xAE, 0x35, 0x9D, 0x6B, 0x6C, 0x53, 0xD5, 0xAE, 0xAE, 0xCA, 0x2A, 0xAF,
    0x72, 0x88, 0x5D, 0xEC, 0xC5, 0x5D, 0x6A, 0x31, 0x25, 0x97, 0xE8, 0xA6, 0xE8, 0x95, 0x13, 0x26,
    0x35, 0x60, 0x7A, 0xA3, 0x14, 0xBC, 0x02, 0xAB, 0x54, 0xDE, 0xD7, 0xD4, 0x53, 0x75, 0x62, 0x3A,
    0xF9, 0x7D, 0x10, 0x5B, 0x27, 0xDD, 0x7D, 0x71, 0x10, 0x74, 0x72, 0x5D, 0x4C, 0x69, 0xF3, 0x41,
    0x32, 0x3C, 0x07, 0xD9, 0x16, 0x53, 0x0F, 0x72, 0x4F, 0xB1, 0xE3, 0x37, 0x09, 0xF8, 0xCB, 0x01,
    0x8C, 0x56, 0xEE, 0x9B, 0x12, 0x73, 0x9C, 0x15, 0x99, 0x8B, 0x9D, 0xD3, 0x81, 0x14, 0x54, 0x1D,
    0x2C, 0x57, 0x7E, 0xEF, 0xE1, 0xCD, 0xE4, 0xC1, 0xD7, 0x50, 0x6B, 0xD4, 0x0C, 0x23, 0xAB, 0xEB,
    0x35, 0xC5, 0xEB, 0xFA, 0xED, 0x9C, 0xE8, 0x06, 0x62, 0x41, 0x8C, 0x9E, 0x10, 0x93, 0xCF, 0x7A,
    0xBE, 0xB4, 0x88, 0x8C, 0x6C, 0x81, 0x54, 0xA4, 0x73, 0xC0, 0xA4, 0x26, 0x9A, 0xBC, 0x40, 0xD4,
    0xB6, 0xA5, 0x02, 0xDE, 0x15, 0xDF, 0x48, 0xDC, 0x0A, 0x54, 0xA6, 0x35, 0xD1, 0x4A, 0x04, 0xBC,
    0x06, 0x33, 0xCA, 0xA8, 0x83, 0x19, 0xF9, 0xA4, 0x01, 0x8A, 0x69, 0x64, 0xE2, 0xC5, 0xC1, 0xB6,
    0x80, 0xF3, 0xD1, 0x96, 0xCD, 0xE9, 0x74, 0x7A, 0x5B, 0xF8, 0xFD, 0xA0, 0xD8, 0x93, 0x24, 0x69,
    0x49, 0x62, 0x6A, 0x90, 0x80, 0x10, 0x24, 0x88, 0x01, 0x48, 0x94, 0x90, 0xF1, 0x24, 0x21, 0xBC,
    0x5B, 0xC0, 0x08, 0x49, 0xE7, 0x02, 0x2B, 0xCD, 0x90, 0x34, 0xC4, 0x34, 0x27, 0x9E, 0x03, 0x71,
    0xD6, 0x7F, 0x08, 0xB4, 0xCF, 0x5A, 0xFA, 0xF7, 0x94, 0x6B, 0xE0, 0xFC, 0x21, 0x5F, 0xE9, 0x99,
    0x54, 0x7B, 0xC4, 0x3B, 0x72, 0xE8, 0x62, 0xF8, 0x68, 0x4B, 0xA4, 0x4F, 0x4C, 0x76, 0xBD, 0xA4,
    0x9C, 0x08, 0xCF, 0xCD, 0x82, 0x33, 0xF1, 0x24, 0x05, 0xBC, 0xCF, 0xF8, 0xA4, 0xCF, 0x08, 0x16,
    0x0D, 0x66, 0x70, 0x68, 0x72, 0xC1, 0x50, 0xC1, 0x68, 0x06, 0x08, 0xA6, 0x32, 0x44, 0x92, 0x2E,
    0x54, 0x94, 0x01, 0xA7, 0x08, 0x39, 0x12, 0x4D, 0xC0, 0x41, 0x45, 0xC4, 0xCD, 0xD6, 0x6A, 0xE6,
    0x87, 0xD4, 0xF8, 0x51, 0x4D, 0x43, 0x4B, 0x10, 0xC4, 0x59, 0xC4, 0xE0, 0x15, 0x7E, 0x6E, 0x3C,
    0x79, 0x96, 0xD7, 0xFD, 0x69, 0x6F, 0xA7, 0x95, 0xC8, 0x55, 0xDF, 0xA7, 0xC8, 0x59, 0x70, 0xD6,
    0x4C, 0xB0, 0x95, 0x59, 0xD4, 0xCD, 0xF9, 0x2B, 0xBE, 0x91, 0x7F, 0xD4, 0x37, 0xBA, 0x39, 0xDA,
    0x33, 0xDA, 0x37, 0xDA, 0x3B, 0xDA, 0x3F, 0xFA, 0x33, 0xFA, 0x37, 0xFA, 0x7B, 0x58, 0x11, 0xE3,
    0xB1, 0x8A, 0x4F, 0x35, 0x3A, 0x72, 0xB0, 0x7B, 0x15, 0x73, 0x26, 0x1A, 0xD7, 0x99, 0x44, 0x9A,
    0x94, 0x97, 0x45, 0x17, 0xBD, 0x5E, 0x3D, 0x20, 0x9D, 0x96, 0x6A, 0x4D, 0xC2, 0x0D, 0x03, 0x23,
    0x68, 0xC3, 0x42, 0x62, 0x6E, 0x24, 0x5D, 0x3F, 0x68, 0x56, 0xB7, 0xA9, 0x50, 0x82, 0x43, 0x12,
    0xFC, 0x91, 0xE0, 0x0E, 0xAF, 0xAC, 0x09, 0x5F, 0x86, 0x25, 0xD5, 0x15, 0x97, 0x34, 0x08, 0xBA,
    0x5C, 0x38, 0x1F, 0x6E, 0x61, 0xFE, 0x24, 0xA8, 0xB3, 0xB0, 0x5D, 0xD4, 0x06, 0x96, 0x00, 0xCD,
    0x42, 0x6E, 0x56, 0xDF, 0x89, 0x26, 0x2B, 0xC8, 0x10, 0x5C, 0xAA, 0x65, 0xB6, 0xDE, 0xAA, 0x28,
    0x50, 0xF0, 0xF5, 0x69, 0x7C, 0xDC, 0xE3, 0xC7, 0xAE, 0x08, 0xC9, 0x72, 0x72, 0x95, 0x4F, 0xB3,
    0x97, 0xC0, 0xE6, 0x74, 0x31, 0xBD, 0xA9, 0xD3, 0x5E, 0xDF, 0x3D, 0xD8, 0xBD, 0xFC, 0x12, 0xE1,
    0x6E, 0x19, 0xA4, 0xF1, 0xD2, 0xAD, 0x6C, 0xF9, 0xDF, 0x36, 0x81, 0x71, 0x8E, 0x28, 0x93, 0xD0,
    0xB7, 0xB4, 0x3E, 0x22, 0xB1, 0xF5, 0x6F, 0x25, 0x9A, 0x17, 0x48, 0x2C, 0xAF, 0x2D, 0xE8, 0xDC,
    0xC1, 0x6D, 0x71, 0xA3, 0x3C, 0x41, 0x0A, 0x77, 0x99, 0x96, 0x69, 0x3D, 0xC1, 0x9D, 0xD4, 0x49,
    0x83, 0xBB, 0x8D, 0xDB, 0xB8, 0x8B, 0x70, 0xD3, 0xF4, 0x38, 0xB7, 0xAD, 0xEB, 0xAA, 0xAE, 0x68,
    0xED, 0x3A, 0x53, 0xA5, 0xEA, 0x75, 0xD9, 0x54, 0xA5, 0xE2, 0x84, 0x01, 0x16, 0xF3, 0x98, 0x32,
    0x99, 0x8C, 0x6A, 0x2F, 0xA3, 0x88, 0x70, 0x55, 0x3B, 0x62, 0xC4, 0x8D, 0xD8, 0x25, 0x35, 0x51,
    0xF3, 0xA3, 0x63, 0x39, 0x73, 0xED, 0x39, 0xC5, 0x2D, 0xC5, 0x3B, 0x8A, 0x24, 0x74, 0x3F, 0x91,
    0xD0, 0xED, 0xEB, 0xA6, 0xFF, 0x81, 0x84, 0xF6, 0x47, 0x09, 0xB9, 0x4D, 0x54, 0xFD, 0x5A, 0xD4,
    0x96, 0x79, 0x12, 0x0A, 0xE4, 0xAB, 0xC1, 0xBC, 0x28, 0xD4, 0xED, 0x0A, 0x35, 0x78, 0xCE, 0x5C,
    0xC8, 0xB1, 0xF0, 0xA9, 0xF7, 0x0F, 0x91, 0x06, 0xD9, 0xE7, 0xFE, 0xE9, 0x2C, 0xED, 0xB6, 0x91,
    0x14, 0xA5, 0x74, 0x5B, 0x62, 0x90, 0x90, 0x77, 0x2E, 0xC0, 0xFE, 0x5C, 0xCE, 0x5F, 0xC0, 0x4E,
    0xA8, 0xE5, 0x83, 0x2D, 0xF5, 0xE9, 0x2B, 0x27, 0xA6, 0x1A, 0xE2, 0x2E, 0xFB, 0xD3, 0x23, 0x8D,
    0x6A, 0xE3, 0x07, 0x30, 0xE4, 0xB1, 0xEF, 0x74, 0xEF, 0x6E, 0xE6, 0x72, 0x7A, 0x4F, 0x36, 0x90,
    0x89, 0xC5, 0x7F, 0xBA, 0xCF, 0xC2, 0x58, 0x56, 0x92, 0x26, 0xF8, 0x11, 0x06, 0xD6, 0xA6, 0xD9,
    0xC6, 0xB8, 0x27, 0xD9, 0xC3, 0x4E, 0xB2, 0x7D, 0xEC, 0xC2, 0xEF, 0x6B, 0xC9, 0x1E, 0xE5, 0x48,
    0x68, 0xA1, 0x4B, 0x28, 0x8C, 0x18, 0xF0, 0x3E, 0x6B, 0xD7, 0xF3, 0x2C, 0x86, 0x6B, 0x74, 0x67,
    0x47, 0x9E, 0x05, 0xBB, 0x91, 0xF4, 0x51, 0x23, 0xE6, 0xDD, 0x46, 0x2C, 0xDE, 0x6F, 0x61, 0xDC,
    0xCD, 0x8E, 0xE8, 0x59, 0x8F, 0x13, 0x39, 0x7C, 0xD9, 0x73, 0x97, 0xBA, 0xE2, 0xED, 0xFF, 0xF1,
    0xEF, 0x2C, 0xD4, 0x44, 0xE5, 0x19, 0xAE, 0xD6, 0x77, 0x5C, 0xC6, 0x6C, 0xFF, 0x18, 0xCC, 0x14,
    0x77, 0x14, 0xE9, 0xE5, 0x3E, 0xF3, 0x0B, 0x58, 0x2B, 0xAA, 0xCC, 0xFC, 0xF9, 0x59, 0x8F, 0x14,
    0xFD, 0x21, 0xFC, 0x43, 0xF1, 0xE7, 0xB5, 0x8C, 0x53, 0xAC, 0x88, 0xB1, 0x27, 0x4E, 0x9E, 0x10,
    0xCD, 0x0D, 0xE2, 0x8E, 0xCA, 0xBC, 0x71, 0xAC, 0x3D, 0xC7, 0xE2, 0x89, 0x8B, 0x7B, 0x72, 0xE4,
    0x0A, 0x09, 0x19, 0x2D, 0xF4, 0x4C, 0x4C, 0x3B, 0x7D, 0x58, 0x2C, 0x20, 0x0B, 0x58, 0x7D, 0x5E,
    0x37, 0x4B, 0x19, 0x8E, 0xA6, 0x65, 0xFD, 0xD3, 0xC7, 0x24, 0x1C, 0xA1, 0x26, 0x14, 0x37, 0xD3,
    0xCB, 0x3A, 0xAB, 0xC7, 0x2A, 0x58, 0x84, 0x2A, 0x38, 0x16, 0xCA, 0xE3, 0x48, 0x16, 0xA1, 0x34,
    0xBE, 0x84, 0x84, 0x69, 0x21, 0xAF, 0x48, 0x55, 0x6A, 0x4D, 0x50, 0x79, 0xF7, 0xAD, 0x16, 0x27,
    0x17, 0x88, 0xD3, 0x83, 0xE0, 0xC6, 0x9B, 0x50, 0xC1, 0x63, 0x41, 0xFF, 0x24, 0x1A, 0xD6, 0x0E,
    0x6E, 0x40, 0xB6, 0xE6, 0x81, 0xE0, 0xB5, 0x51, 0x60, 0x55, 0xBE, 0x82, 0x7D, 0x96, 0xF8, 0x3D,
    0xD4, 0x91, 0x65, 0x47, 0x30, 0xC8, 0x37, 0x1B, 0x58, 0xAD, 0x93, 0x4C, 0xA7, 0x17, 0x54, 0xBB,
    0x7B, 0x63, 0x45, 0xD4, 0x5A, 0xA6, 0x6D, 0x95, 0x29, 0x97, 0x12, 0x57, 0xB6, 0xC9, 0x37, 0x1C,
    0xE1, 0x4B, 0xC9, 0x67, 0x3E, 0xC9, 0xFF, 0x89, 0xE3, 0xA8, 0x96, 0x65, 0x1B, 0x90, 0xC3, 0x14,
    0x7B, 0x10, 0xCD, 0x78, 0x28, 0x74, 0x3C, 0x12, 0xEA, 0x49, 0x63, 0x3D, 0xAB, 0xC3, 0x7B, 0x22,
    0xA7, 0xF0, 0x8C, 0x7D, 0x9B, 0xB2, 0x30, 0x78, 0xB1, 0x3C, 0x36, 0x76, 0x62, 0x1C, 0x6A, 0x27,
    0x65, 0x43, 0xAD, 0x3F, 0x75, 0x6C, 0xFD, 0x3D, 0x3D, 0xFD, 0xE2, 0xF1, 0x6D, 0x1E, 0x14, 0xF3,
    0xCD, 0x69, 0x35, 0xBD, 0xF5, 0x9C, 0xC4, 0xEB, 0xEF, 0x3C, 0xDB, 0xBD, 0x12, 0xDE, 0x7E, 0xC9,
    0x96, 0xE8, 0xDC, 0x0B, 0x2A, 0xF4, 0x78, 0xB1, 0x24, 0xEA, 0xBE, 0x65, 0xF9, 0xD1, 0x7E, 0x86,
    0x47, 0x34, 0x77, 0x6F, 0x58, 0x47, 0x57, 0x4B, 0xD8, 0xEB, 0xF8, 0x8E, 0x51, 0x4A, 0x35, 0x5F,
    0x2A, 0x75, 0xDB, 0xE7, 0xCB, 0xB9, 0x6C, 0xDD, 0x24, 0xF4, 0xA4, 0xBE, 0xF5, 0xE1, 0xA8, 0x1B,
    0x4F, 0xB0, 0x42, 0xEB, 0xF1, 0x5C, 0x96, 0xA4, 0x4A, 0xBF, 0x6C, 0x9C, 0x42, 0x12, 0x51, 0x83,
    0x36, 0xD1, 0x57, 0x67, 0xCB, 0x4C, 0x22, 0xBB, 0xCE, 0xD0, 0xB9, 0x77, 0xD7, 0x25, 0x9F, 0xF4,
    0x45, 0x38, 0x50, 0x57, 0xF1, 0xE5, 0x5E, 0xB6, 0x65, 0xDC, 0x2B, 0x1D, 0x3B, 0xCA, 0xA2, 0x25,
    0x09, 0x06, 0x3F, 0x54, 0x2D, 0x0D, 0xC6, 0xA8, 0x58, 0x9A, 0xEA, 0x89, 0xB6, 0x14, 0xB9, 0x21,
    0x81, 0x9D, 0xA9, 0x56, 0x74, 0x1E, 0xDA, 0x9F, 0x66, 0xBD, 0x36, 0x28, 0xF0, 0x52, 0xBD, 0x4D,
    0xE7, 0xC1, 0xDC, 0x2A, 0x4F, 0xF9, 0x16, 0xA7, 0xC5, 0x68, 0xC7, 0x19, 0xED, 0x22, 0x50, 0x76,
    0x13, 0x9D, 0x16, 0x58, 0x30, 0x4D, 0xF7, 0x5F, 0xD6, 0x87, 0x30, 0xAD, 0x58, 0x42, 0xC6, 0x57,
    0x65, 0xCA, 0x8F, 0xB6, 0x8E, 0x75, 0xF3, 0xE7, 0xDC, 0x1B, 0xC5, 0xEC, 0xA8, 0x9D, 0x8B, 0xB5,
    0x9D, 0x0D, 0x7F, 0x43, 0x08, 0x8E, 0x84, 0x52, 0xFE, 0x76, 0x69, 0x03, 0xBE, 0x43, 0xB8, 0x36,
    0xAE, 0x6A, 0xFC, 0x5B, 0xBE, 0xEC, 0x67, 0xB4, 0xF7, 0x22, 0x9F, 0x36, 0x39, 0x38, 0x7C, 0x40,
    0x09, 0x2B, 0xDD, 0x03, 0xE8, 0xAB, 0xDE, 0x62, 0x85, 0xF6, 0x75, 0x68, 0xB6, 0x24, 0xF4, 0x71,
    0x1F, 0xF1, 0xDF, 0x19, 0xF4, 0xC6, 0x1D, 0x5C, 0xC5, 0xC9, 0x98, 0x96, 0x66, 0x75, 0x80, 0xAE,
    0xB5, 0x1C, 0xB9, 0x9E, 0x7B, 0x37, 0x93, 0x96, 0xB3, 0x17, 0x68, 0xEB, 0x71, 0x70, 0x62, 0x76,
    0xE2, 0x29, 0x61, 0x17, 0xB2, 0x5C, 0x57, 0x61, 0x1F, 0x14, 0xFF, 0xEA, 0xD9, 0xF8, 0xA3, 0xB7,
    0x34, 0x9F, 0x0E, 0xAC, 0x91, 0xA1, 0x3D, 0x0B, 0xB6, 0xE8, 0x02, 0xE8, 0xAA, 0xFE, 0xB2, 0xDA,
    0x8E, 0xD9, 0x6A, 0x2B, 0xAD, 0x2D, 0x30, 0xA5, 0x6B, 0xD1, 0x07, 0x74, 0xAE, 0x3D, 0x91, 0xC7,
    0x39, 0x4E, 0xAD, 0x3D, 0x8B, 0x9F, 0x50, 0x69, 0xEF, 0x3A, 0xD7, 0x9B, 0xA1, 0x02, 0xDA, 0xA1,
    0x40, 0xAF, 0x90, 0xF5, 0xB6, 0xCC, 0xEA, 0xB4, 0xFD, 0x0B, 0x75, 0x95, 0xBF, 0x6E, 0xD4, 0x40,
    0x10, 0xC6, 0xC7, 0x76, 0x94, 0x13, 0xB8, 0x30, 0x25, 0x42, 0x48, 0x47, 0x41, 0x81, 0x10, 0x92,
    0x9F, 0x00, 0xAD, 0x25, 0x4A, 0x1A, 0x1E, 0x81, 0x82, 0x86, 0x2A, 0x0D, 0xBD, 0xCD, 0x1B, 0xA4,
    0xA3, 0xA4, 0x49, 0x43, 0x47, 0x99, 0x26, 0xF1, 0x4A, 0xBC, 0x80, 0x79, 0x02, 0x5C, 0x40, 0x45,
    0x63, 0x89, 0x83, 0x58, 0xC8, 0xF6, 0x30, 0xF3, 0xCD, 0xAE, 0xEF, 0x12, 0x14, 0x17, 0xE7, 0xC9,
    0xDD, 0xEC, 0xCE, 0x37, 0xBF, 0xF9, 0x13, 0x22, 0x3C, 0xC7, 0xA7, 0xFA, 0xB9, 0xE1, 0xA6, 0x9D,
    0xD4, 0x28, 0xF9, 0x6A, 0x60, 0x35, 0x96, 0x94, 0x7B, 0x27, 0xEF, 0x6C, 0x22, 0xF6, 0xCF, 0xC5,
    0xC8, 0x07, 0x6A, 0x9B, 0x23, 0x31, 0x8A, 0x81, 0xB8, 0x82, 0x6F, 0x9F, 0xC0, 0x95, 0x5C, 0x97,
    0x9A, 0xD1, 0xFA, 0x6C, 0xB1, 0x5B, 0xE4, 0x51, 0xCB, 0xA9, 0x81, 0x8B, 0xB9, 0xCA, 0xF1, 0x96,
    0x23, 0xC5, 0xA8, 0x86, 0x1C, 0x29, 0x76, 0x6A, 0xC8, 0x91, 0x72, 0x20, 0x0B, 0xE5, 0x60, 0x88,
    0xA7, 0xEB, 0xD5, 0x10, 0xCF, 0xDA, 0xC3, 0xD8, 0xC9, 0xDD, 0x6A, 0x6C, 0x25, 0x78, 0x83, 0x10,
    0x51, 0x85, 0x5B, 0x55, 0xF8, 0x1B, 0x2A, 0xC4, 0x33, 0x9B, 0xCD, 0xA8, 0x36, 0x31, 0x78, 0x6E,
    0xC1, 0x17, 0x4D, 0x83, 0xE8, 0x89, 0x78, 0x6E, 0x35, 0xD4, 0xC5, 0x86, 0xE5, 0x02, 0x75, 0x2D,
    0xF8, 0x2B, 0xAE, 0x71, 0x62, 0x41, 0x5F, 0xFE, 0x9D, 0x2E, 0x2B, 0x8A, 0xCF, 0xD3, 0xCA, 0x78,
    0x41, 0xA8, 0x7B, 0x81, 0x6B, 0x67, 0x9A, 0x4C, 0xBE, 0xDE, 0x9D, 0xEF, 0xE8, 0x9E, 0x09, 0x35,
    0x75, 0x81, 0x50, 0x50, 0x46, 0xAF, 0x8C, 0xCE, 0x68, 0x6C, 0x26, 0x88, 0x53, 0x0E, 0xCA, 0x65,
    0x00, 0x95, 0xB2, 0x07, 0x13, 0x55, 0x23, 0x57, 0xD6, 0x0D, 0x78, 0x68, 0xAE, 0xC5, 0x88, 0x4C,
    0x8B, 0x5D, 0xBA, 0x3C, 0xD4, 0x00, 0xD9, 0x74, 0xAE, 0x1C, 0x72, 0xEE, 0x35, 0x4E, 0xA1, 0x5C,
    0x9C, 0xCF, 0x67, 0xC4, 0x49, 0x4E, 0x91, 0x7F, 0xC8, 0x3E, 0xE4, 0x1E, 0x32, 0x47, 0xDE, 0x10,
    0x7E, 0xB1, 0x41, 0x86, 0x5C, 0x74, 0x96, 0x31, 0x85, 0x7C, 0xD7, 0xE7, 0x2D, 0xDD, 0xC7, 0x57,
    0xFC, 0x13, 0xFE, 0xF5, 0x07, 0x28, 0x4E, 0x66, 0xD2, 0x04, 0x28, 0x1B, 0xAD, 0x60, 0x22, 0x1C,
    0x6F, 0xC9, 0x19, 0x89, 0x4A, 0xD2, 0x28, 0x9B, 0xFC, 0x81, 0xAA, 0xC9, 0x87, 0x6A, 0x40, 0x57,
    0x84, 0xA6, 0x58, 0x4C, 0x18, 0xEA, 0x23, 0xCA, 0x50, 0x9E, 0x34, 0x54, 0x47, 0x92, 0x47, 0x67,
    0x88, 0x46, 0x50, 0x8C, 0xED, 0x20, 0xDD, 0x80, 0x12, 0xC9, 0x8F, 0xF5, 0x97, 0xCA, 0x7A, 0xE1,
    0x5B, 0x68, 0x85, 0x29, 0x74, 0xC2, 0x80, 0x46, 0xB0, 0x94, 0x25, 0xEC, 0x63, 0xDA, 0x63, 0x08,
    0x1C, 0x22, 0x88, 0x40, 0x22, 0xA2, 0x88, 0x2C, 0x22, 0x8C, 0x48, 0xE3, 0x1A, 0x0E, 0x3D, 0xFD,
    0x89, 0xC2, 0xC0, 0x94, 0xEC, 0xCD, 0xEF, 0xF7, 0x5C, 0xA0, 0xCA, 0x8B, 0x84, 0xCF, 0x7B, 0x13,
    0xDE, 0xF6, 0x99, 0x0F, 0x64, 0x3C, 0x55, 0xC6, 0xA6, 0x6D, 0x62, 0x4B, 0x04, 0x25, 0xAE, 0x8B,
    0x5A, 0xA4, 0x65, 0x99, 0x92, 0xC8, 0x88, 0xB9, 0x0B, 0xA3, 0xC3, 0x5A, 0x5B, 0x9B, 0x1D, 0x4D,
    0x5D, 0x9B, 0x64, 0xC2, 0x3D, 0x29, 0xC6, 0x88, 0x8D, 0xD6, 0x76, 0xC0, 0x3D, 0x12, 0xB6, 0x1C,
    0xD2, 0x39, 0x12, 0x43, 0x5E, 0xCA, 0xAC, 0x03, 0x55, 0xA5, 0xE6, 0x8B, 0xE1, 0xB3, 0x49, 0xF1,
    0xDB, 0x5F, 0x9D, 0x91, 0x6B, 0x1C, 0x1A, 0x47, 0x44, 0x91, 0x9B, 0xE3, 0x18, 0xA1, 0x9C, 0x98,
    0xA3, 0xE3, 0x6B, 0x83, 0xB4, 0x4E, 0x12, 0x46, 0x69, 0xA2, 0xC3, 0x59, 0x12, 0x92, 0x6C, 0xC3,
    0xB4, 0x9F, 0xA6, 0xFD, 0x38, 0x49, 0x3E, 0x39, 0x9A, 0xE6, 0xE6, 0x40, 0xE9, 0x5D, 0x67, 0xF4,
    0x3A, 0x40, 0xAD, 0xB9, 0xB5, 0xC9, 0xE2, 0x3F, 0xCB, 0x09, 0xAF, 0x58, 0x33, 0xB0, 0x56, 0xAE,
    0xB2, 0x6A, 0x02, 0x58, 0x69, 0x31, 0x54, 0xD6, 0xC8, 0xF2, 0x8A, 0xD6, 0xB6, 0x00, 0xD8, 0xDA,
    0x1E, 0x68, 0x35, 0x23, 0xD0, 0x08, 0x74, 0x27, 0x5A, 0xF1, 0x8E, 0xEB, 0x6E, 0x42, 0x0E, 0x06,
    0x18, 0xEB, 0xC8, 0x08, 0xA3, 0x9F, 0x81, 0xD8, 0x5A, 0x1A, 0x8C, 0xAD, 0xAB, 0xAD, 0x2D, 0x51,
    0x4A, 0x38, 0x26, 0x7C, 0x14, 0x31, 0x63, 0x40, 0x8D, 0x73, 0xB6, 0x9C, 0x87, 0x16, 0x6D, 0x6C,
    0x69, 0x80, 0x74, 0x0E, 0xE5, 0x40, 0xBD, 0x99, 0xD7, 0x9D, 0x85, 0xA1, 0x3D, 0x80, 0xBD, 0xA7,
    0x7D, 0x80, 0x7B, 0xCF, 0xFB, 0x00, 0xF8, 0x01, 0xF1, 0x03, 0xE4, 0x07, 0xCC, 0xFF, 0x83, 0xFE,
    0xE0, 0xD4, 0x2E, 0xB3, 0x49, 0xA4, 0xED, 0x0F, 0xEB, 0xE6, 0x9A, 0xCA, 0xCE, 0x56, 0x5A, 0xE9,
    0xC3, 0x84, 0x37, 0xB6, 0xFC, 0xEB, 0xCA, 0xB0, 0xB7, 0xD8, 0xBE, 0x5D, 0x00, 0xEE, 0xD3, 0x80,
    0x38, 0xEC, 0xB2, 0x86, 0xF9, 0x4C, 0xDF, 0xA6, 0x36, 0x0D, 0xCB, 0x3E, 0x0B, 0x92, 0x25, 0x31,
    0xB0, 0x95, 0xAC, 0x00, 0x56, 0x9C, 0x40, 0x55, 0x9B, 0xFA, 0x7D, 0x03, 0x8E, 0xFC, 0x12, 0x93,
    0x9D, 0xF0, 0x25, 0xB0, 0x65, 0xD0, 0x2F, 0xCD, 0x8C, 0x5E, 0x88, 0xFF, 0x68, 0xE4, 0xD0, 0x9B,
    0xB0, 0x4F, 0xE9, 0xDA, 0x84, 0xDF, 0x32, 0xD9, 0x43, 0x00, 0xE3, 0x6F, 0x99, 0xEC, 0x44, 0x42,
    0x49, 0x58, 0xB7, 0x54, 0x4A, 0x41, 0xFB, 0xA2, 0x11, 0xED, 0xAD, 0xB2, 0xC9, 0x7A, 0xDA, 0x88,
    0x04, 0x99, 0x66, 0x61, 0xA0, 0x2F, 0x6C, 0x69, 0x0F, 0xEE, 0x49, 0x0F, 0xE6, 0xF9, 0xB2, 0xD5,
    0x03, 0x8E, 0x4B, 0xFE, 0x4B, 0x34, 0xD6, 0xDA, 0x13, 0xC9, 0xF8, 0x4C, 0xD5, 0x48, 0xC2, 0x2A,
    0x46, 0xEA, 0xA4, 0x35, 0x4D, 0xD8, 0xA3, 0x9E, 0xDC, 0x83, 0x4A, 0x3D, 0x14, 0xC3, 0x23, 0x89,
    0x3A, 0x94, 0xC3, 0x40, 0xEF, 0x8A, 0xDE, 0x5D, 0x79, 0x9A, 0x0B, 0xEF, 0xE4, 0x38, 0x7F, 0xA4,
    0x5A, 0x3C, 0xEB, 0x11, 0x9B, 0xEF, 0x6E, 0x45, 0x77, 0xC4, 0xFF, 0x1F, 0x25, 0x8E, 0xB1, 0x09,
    0xC3, 0x40, 0x0C, 0x45, 0x15, 0x5C, 0xA4, 0x70, 0xE1, 0x6C, 0x70, 0xD9, 0xE0, 0x46, 0x38, 0x43,
    0x16, 0xF3, 0x60, 0x86, 0xF3, 0x08, 0xD9, 0x20, 0x07, 0x29, 0xD3, 0x1C, 0xE4, 0x8A, 0x14, 0x82,
    0x17, 0x49, 0x56, 0xA1, 0x0F, 0x4F, 0x1F, 0xFD, 0x2F, 0x22, 0x72, 0x93, 0x98, 0x11, 0xFB, 0xAA,
    0x21, 0x99, 0x10, 0x58, 0x9D, 0x1D, 0xE5, 0x70, 0xB6, 0x2D, 0xDD, 0xD9, 0xEB, 0xF3, 0x33, 0x06,
    0x5F, 0x75, 0x1F, 0x6F, 0xDC, 0xC7, 0x83, 0x6D, 0x82, 0x36, 0xF3, 0x34, 0x26, 0x89, 0x5E, 0xD1,
    0x0B, 0x8C, 0x82, 0x26, 0xE3, 0x19, 0xAD, 0xF6, 0x6D, 0x71, 0x51, 0x31, 0x67, 0xA5, 0x89, 0xDD,
    0x23, 0x01, 0x2D, 0x1E, 0x5B, 0x7A, 0x6E, 0x26, 0xA9, 0x67, 0x4F, 0x9D, 0xC7, 0xEE, 0x15, 0x26,
    0x9C, 0x99, 0x75, 0x8D, 0x46, 0xFB, 0x59, 0xF6, 0xEE, 0xEB, 0x0F,
};

static const EpdGlyph ebgaramond_16_bolditalicGlyphs[] = {
    { 0, 0, 0, 0, 0, 0, 0 }, // U+0000
    { 0, 0, 0, 0, 0, 0, 0 }, // U+0001
    { 0, 0, 0, 0, 0, 0, 0 }, // U+0002
    { 0, 0, 0, 0, 0, 0, 0 }, // U+0003
    { 0, 0, 0, 0, 0, 0, 0 }, // U+0004
    { 0, 0, 0, 0, 0, 0, 0 }, // U+0005
    { 0, 0, 0, 0, 0, 0, 0 }, // U+0006
    { 0, 0, 0, 0, 0, 0, 0 }, // U+0007
    { 0, 0, 0, 0, 0, 0, 0 }, // U+0008
    { 0, 0, 0, 0, 0, 0, 0 }, // U+0009
    { 0, 0, 0, 0, 0, 0, 0 }, // U+000A
    { 0, 0, 0, 0, 0, 0, 0 }, // U+000B
    { 0, 0, 0, 0, 0, 0, 0 }, // U+000C
    { 0, 0, 0, 0, 0, 0, 0 }, // U+000D
    { 0, 0, 0, 0, 0, 0, 0 }, // U+000E
    { 0, 0, 0, 0, 0, 0, 0 }, // U+000F
    { 0, 0, 0, 0, 0, 0, 0 }, // U+0010
    { 0, 0, 0, 0, 0, 0, 0 }, // U+0011
    { 0, 0, 0, 0, 0, 0, 0 }, // U+0012
    { 0, 0, 0, 0, 0, 0, 0 }, // U+0013
    { 0, 0, 0, 0, 0, 0, 0 }, // U+0014
    { 0, 0, 0, 0, 0, 0, 0 }, // U+0015
    { 0, 0, 0, 0, 0, 0, 0 }, // U+0016
    { 0, 0, 0, 0, 0, 0, 0 }, // U+0017
    { 0, 0, 0, 0, 0, 0, 0 }, // U+0018
    { 0, 0, 0, 0, 0, 0, 0 }, // U+0019
    { 0, 0, 0, 0, 0, 0, 0 }, // U+001A
    { 0, 0, 0, 0, 0, 0, 0 }, // U+001B
    { 0, 0, 0, 0, 0, 0, 0 }, // U+001C
    { 0, 0, 0, 0, 0, 0, 0 }, // U+001D
    { 0, 0, 0, 0, 0, 0, 0 }, // U+001E
    { 0, 0, 0, 0, 0, 0, 0 }, // U+001F
    { 0, 0, 126, 0, 0, 0, 0 }, // U+0020
    { 12, 23, 161, 0, 22, 69, 0 }, // !
    { 12, 10, 212, 4, 23, 30, 69 }, // "
    { 18, 23, 255, -1, 19, 104, 99 }, // #
    { 23, 29, 293, -1, 25, 167, 203 }, // $
    { 24, 24, 390, 2, 23, 144, 370 }, // %
    { 29, 25, 454, 2, 24, 182, 514 }, // &
    { 7, 10, 126, 4, 23, 18, 696 }, // '
    { 15, 32, 160, 0, 24, 120, 714 }, // (
    { 14, 32, 160, -4, 24, 112, 834 }, // )
    { 12, 12, 192, 3, 23, 36, 946 }, // *
    { 19, 18, 318, 1, 17, 86, 982 }, // +
    { 9, 10, 143, -3, 4, 23, 1068 }, // ,
    { 11, 4, 171, 0, 9, 11, 1091 }, // -
    { 6, 6, 143, 0, 5, 9, 1102 }, // .
    { 17, 26, 148, -3, 23, 111, 1111 }, // /
    { 18, 23, 318, 2, 22, 104, 1222 }, // 0
    { 16, 23, 205, -2, 22, 92, 1326 }, // 1
    { 20, 23, 280, -2, 22, 115, 1418 }, // 2
    { 17, 23, 248, -1, 21, 98, 1533 }, // 3
    { 18, 23, 294, 0, 22, 104, 1631 }, // 4
    { 19, 23, 239, -2, 21, 110, 1735 }, // 5
    { 20, 23, 276, 0, 22, 115, 1845 }, // 6
    { 21, 22, 285, 1, 21, 116, 1960 }, // 7
    { 18, 22, 277, 0, 21, 99, 2076 }, // 8
    { 20, 22, 267, -1, 21, 110, 2175 }, // 9
    { 9, 15, 143, 0, 14, 34, 2285 }, // :
    { 12, 20, 143, -3, 14, 60, 2319 }, // ;
    { 17, 17, 319, 1, 16, 73, 2379 }, // <
    { 20, 9, 338, 1, 13, 45, 2452 }, // =
    { 17, 16, 319, 2, 16, 68, 2497 }, // >
    { 12, 24, 207, 2, 23, 72, 2565 }, // ?
    { 26, 24, 423, 0, 18, 156, 2637 }, // @
    { 27, 24, 398, -3, 23, 162, 2793 }, // A
    { 24, 23, 334, -2, 22, 138, 2955 }, // B
    { 23, 24, 355, 2, 23, 138, 3093 }, // C
    { 27, 23, 391, -2, 22, 156, 3231 }, // D
    { 23, 24, 306, -2, 23, 138, 3387 }, // E
    { 24, 24, 285, -2, 23, 144, 3525 }, // F
    { 24, 24, 387, 1, 23, 144, 3669 }, // G
    { 32, 23, 416, -2, 22, 184, 3813 }, // H
    { 19, 23, 202, -2, 22, 110, 3997 }, // I
    { 24, 29, 202, -7, 22, 174, 4107 }, // J
    { 31, 23, 406, -2, 22, 179, 4281 }, // K
    { 21, 23, 309, -2, 22, 121, 4460 }, // L
    { 38, 23, 527, -2, 22, 219, 4581 }, // M
    { 31, 23, 416, -1, 22, 179, 4800 }, // N
    { 23, 24, 369, 1, 23, 138, 4979 }, // O
    { 25, 23, 333, -2, 22, 144, 5117 }, // P
    { 26, 33, 374, 0, 23, 215, 5261 }, // Q
    { 26, 23, 404, -2, 22, 150, 5476 }, // R
    { 22, 24, 280, -1, 23, 132, 5626 }, // S
    { 25, 25, 360, 3, 24, 157, 5758 }, // T
    { 26, 23, 380, 2, 22, 150, 5915 }, // U
    { 25, 23, 387, 4, 22, 144, 6065 }, // V
    { 38, 23, 592, 4, 22, 219, 6209 }, // W
    { 29, 23, 380, -2, 22, 167, 6428 }, // X
    { 24, 23, 348, 3, 22, 138, 6595 }, // Y
    { 26, 24, 342, -2, 23, 156, 6733 }, // Z
    { 18, 31, 199, -1, 24, 140, 6889 }, // [
    { 7, 26, 212, 4, 23, 46, 7029 }, // <backslash>
    { 19, 31, 200, -4, 24, 148, 7075 }, // ]
    { 16, 13, 275, 1, 21, 52, 7223 }, // ^
    { 20, 3, 311, -4, -4, 15, 7275 }, // _
    { 7, 9, 126, 4, 24, 16, 7290 }, // `
    { 18, 16, 288, -1, 15, 72, 7306 }, // a
    { 16, 25, 280, 2, 24, 100, 7378 }, // b
    { 13, 16, 195, 0, 15, 52, 7478 }, // c
    { 22, 25, 300, -1, 24, 138, 7530 }, // d
    { 13, 16, 203, 0, 15, 52, 7668 }, // e
    { 26, 34, 204, -7, 24, 221, 7720 }, // f
    { 21, 25, 250, -4, 15, 132, 7941 }, // g
    { 18, 25, 300, 1, 24, 113, 8073 }, // h
    { 12, 23, 177, 0, 22, 69, 8186 }, // i
    { 20, 32, 166, -8, 22, 160, 8255 }, // j
    { 18, 25, 285, 0, 24, 113, 8415 }, // k
    { 12, 25, 167, 0, 24, 75, 8528 }, // l
    { 26, 16, 443, 1, 15, 104, 8603 }, // m
    { 18, 16, 319, 1, 15, 72, 8707 }, // n
    { 15, 16, 244, 0, 15, 60, 8779 }, // o
    { 22, 28, 282, -4, 18, 154, 8839 }, // p
    { 18, 26, 290, 0, 16, 117, 8993 }, // q
    { 16, 16, 244, 1, 15, 64, 9110 }, // r
    { 13, 16, 169, -1, 15, 52, 9174 }, // s
    { 13, 20, 194, 1, 19, 65, 9226 }, // t
    { 18, 16, 318, 1, 15, 72, 9291 }, // u
    { 15, 16, 254, 1, 15, 60, 9363 }, // v
    { 22, 16, 370, 1, 15, 88, 9423 }, // w
    { 19, 16, 265, -1, 15, 76, 9511 }, // x
    { 21, 25, 257, -5, 15, 132, 9587 }, // y
    { 17, 17, 251, -1, 15, 73, 9719 }, // z
    { 17, 30, 207, 0, 24, 128, 9792 }, // {
    { 5, 34, 147, 2, 24, 43, 9920 }, // |
    { 17, 30, 207, -3, 24, 128, 9963 }, // }
    { 17, 6, 291, 2, 14, 26, 10091 }, // ~
    { 0, 0, 0, 0, 0, 0, 10117 }, // U+007F
    { 0, 0, 0, 0, 0, 0, 0 }, // U+0080
    { 0, 0, 0, 0, 0, 0, 0 }, // U+0081
    { 0, 0, 0, 0, 0, 0, 0 }, // U+0082
    { 0, 0, 0, 0, 0, 0, 0 }, // U+0083
    { 0, 0, 0, 0, 0, 0, 0 }, // U+0084
    { 0, 0, 0, 0, 0, 0, 0 }, // U+0085
    { 0, 0, 0, 0, 0, 0, 0 }, // U+0086
    { 0, 0, 0, 0, 0, 0, 0 }, // U+0087
    { 0, 0, 0, 0, 0, 0, 0 }, // U+0088
    { 0, 0, 0, 0, 0, 0, 0 }, // U+0089
    { 0, 0, 0, 0, 0, 0, 0 }, // U+008A
    { 0, 0, 0, 0, 0, 0, 0 }, // U+008B
    { 0, 0, 0, 0, 0, 0, 0 }, // U+008C
    { 0, 0, 0, 0, 0, 0, 0 }, // U+008D
    { 0, 0, 0, 0, 0, 0, 0 }, // U+008E
    { 0, 0, 0, 0, 0, 0, 0 }, // U+008F
    { 0, 0, 0, 0, 0, 0, 0 }, // U+0090
    { 0, 0, 0, 0, 0, 0, 0 }, // U+0091
    { 0, 0, 0, 0, 0, 0, 0 }, // U+0092
    { 0, 0, 0, 0, 0, 0, 0 }, // U+0093
    { 0, 0, 0, 0, 0, 0, 0 }, // U+0094
    { 0, 0, 0, 0, 0, 0, 0 }, // U+0095
    { 0, 0, 0, 0, 0, 0, 0 }, // U+0096
    { 0, 0, 0, 0, 0, 0, 0 }, // U+0097
    { 0, 0, 0, 0, 0, 0, 0 }, // U+0098
    { 0, 0, 0, 0, 0, 0, 0 }, // U+0099
    { 0, 0, 0, 0, 0, 0, 0 }, // U+009A
    { 0, 0, 0, 0, 0, 0, 0 }, // U+009B
    { 0, 0, 0, 0, 0, 0, 0 }, // U+009C
    { 0, 0, 0, 0, 0, 0, 0 }, // U+009D
    { 0, 0, 0, 0, 0, 0, 0 }, // U+009E
    { 0, 0, 0, 0, 0, 0, 0 }, // U+009F
    { 0, 0, 126, 0, 0, 0, 0 }, // U+00A0
    { 11, 23, 162, -1, 17, 64, 0 }, // U+00A1
    { 16, 20, 230, 0, 17, 80, 64 }, // U+00A2
    { 25, 23, 332, -2, 21, 144, 144 }, // U+00A3
    { 20, 16, 266, -1, 17, 80, 288 }, // U+00A4
    { 24, 23, 344, 3, 22, 138, 368 }, // U+00A5
    { 5, 34, 148, 2, 24, 43, 506 }, // U+00A6
    { 18, 27, 235, -1, 22, 122, 549 }, // U+00A7
    { 13, 6, 243, 5, 22, 20, 671 }, // U+00A8
    { 21, 22, 363, 2, 22, 116, 691 }, // U+00A9
    { 13, 14, 186, 0, 19, 46, 807 }, // U+00AA
    { 20, 14, 332, 1, 14, 70, 853 }, // U+00AB
    { 18, 12, 320, 1, 13, 54, 923 }, // U+00AC
    { 0, 0, 0, 0, 0, 0, 977 }, // U+00AD
    { 22, 22, 378, 2, 22, 121, 977 }, // U+00AE
    { 11, 4, 189, 4, 20, 11, 1098 }, // U+00AF
    { 11, 11, 185, 4, 23, 31, 1109 }, // U+00B0
    { 18, 20, 319, 1, 21, 90, 1140 }, // U+00B1
    { 7, 9, 126, 4, 24, 16, 1230 }, // U+00B4
    { 21, 25, 304, -2, 15, 132, 1246 }, // U+00B5
    { 25, 32, 324, -1, 22, 200, 1378 }, // U+00B6
    { 6, 6, 136, 1, 10, 9, 1578 }, // U+00B7
    { 9, 11, 126, -5, 1, 25, 1587 }, // U+00B8
    { 14, 15, 203, 1, 20, 53, 1612 }, // U+00BA
    { 20, 14, 339, 0, 14, 70, 1665 }, // U+00BB
    { 24, 24, 365, 1, 23, 144, 1735 }, // U+00BC
    { 24, 24, 384, 1, 23, 144, 1879 }, // U+00BD
    { 24, 24, 373, 2, 23, 144, 2023 }, // U+00BE
    { 13, 23, 207, -1, 17, 75, 2167 }, // U+00BF
    { 27, 30, 398, -3, 29, 203, 2242 }, // U+00C0
    { 30, 30, 398, -3, 29, 225, 2445 }, // U+00C1
    { 31, 30, 398, -3, 29, 233, 2670 }, // U+00C2
    { 31, 30, 398, -3, 29, 233, 2903 }, // U+00C3
    { 32, 29, 398, -3, 28, 232, 3136 }, // U+00C4
    { 29, 30, 398, -3, 29, 218, 3368 }, // U+00C5
    { 36, 24, 476, -3, 23, 216, 3586 }, // U+00C6
    { 23, 33, 355, 2, 23, 190, 3802 }, // U+00C7
    { 23, 30, 306, -2, 29, 173, 3992 }, // U+00C8
    { 23, 30, 306, -2, 29, 173, 4165 }, // U+00C9
    { 23, 30, 306, -2, 29, 173, 4338 }, // U+00CA
    { 23, 29, 306, -2, 28, 167, 4511 }, // U+00CB
    { 19, 30, 202, -2, 29, 143, 4678 }, // U+00CC
    { 19, 30, 202, -2, 29, 143, 4821 }, // U+00CD
    { 19, 30, 202, -2, 29, 143, 4964 }, // U+00CE
    { 20, 29, 202, -2, 28, 145, 5107 }, // U+00CF
    { 27, 23, 391, -2, 22, 156, 5252 }, // U+00D0
    { 31, 30, 416, -1, 29, 233, 5408 }, // U+00D1
    { 23, 30, 369, 1, 29, 173, 5641 }, // U+00D2
    { 23, 30, 369, 1, 29, 173, 5814 }, // U+00D3
    { 23, 30, 369, 1, 29, 173, 5987 }, // U+00D4
    { 23, 30, 369, 1, 29, 173, 6160 }, // U+00D5
    { 23, 29, 369, 1, 28, 167, 6333 }, // U+00D6
    { 14, 15, 306, 3, 16, 53, 6500 }, // U+00D7
    { 28, 24, 371, -1, 23, 168, 6553 }, // U+00D8
    { 26, 30, 380, 2, 29, 195, 6721 }, // U+00D9
    { 26, 30, 380, 2, 29, 195, 6916 }, // U+00DA
    { 26, 30, 380, 2, 29, 195, 7111 }, // U+00DB
    { 26, 29, 380, 2, 28, 189, 7306 }, // U+00DC
    { 24, 30, 348, 3, 29, 180, 7495 }, // U+00DD
    { 23, 23, 328, -2, 22, 133, 7675 }, // U+00DE
    { 31, 34, 304, -8, 24, 264, 7808 }, // U+00DF
    { 18, 25, 288, -1, 24, 113, 8072 }, // U+00E0
    { 18, 25, 288, -1, 24, 113, 8185 }, // U+00E1
    { 18, 24, 288, -1, 23, 108, 8298 }, // U+00E2
    { 18, 22, 288, -1, 21, 99, 8406 }, // U+00E3
    { 19, 23, 288, -1, 22, 110, 8505 }, // U+00E4
    { 18, 24, 288, -1, 23, 108, 8615 }, // U+00E5
    { 20, 16, 301, -1, 15, 80, 8723 }, // U+00E6
    { 15, 25, 195, -2, 15, 94, 8803 }, // U+00E7
    { 13, 25, 203, 0, 24, 82, 8897 }, // U+00E8
    { 15, 25, 203, 0, 24, 94, 8979 }, // U+00E9
    { 15, 24, 203, 0, 23, 90, 9073 }, // U+00EA
    { 17, 23, 203, 0, 22, 98, 9163 }, // U+00EB
    { 10, 25, 177, 0, 24, 63, 9261 }, // U+00EC
    { 14, 25, 177, 0, 24, 88, 9324 }, // U+00ED
    { 13, 24, 177, 0, 23, 78, 9412 }, // U+00EE
    { 16, 23, 177, 0, 22, 92, 9490 }, // U+00EF
    { 18, 25, 239, 0, 24, 113, 9582 }, // U+00F0
    { 18, 22, 319, 1, 21, 99, 9695 }, // U+00F1
    { 15, 25, 244, 0, 24, 94, 9794 }, // U+00F2
    { 16, 25, 244, 0, 24, 100, 9888 }, // U+00F3
    { 16, 24, 244, 0, 23, 96, 9988 }, // U+00F4
    { 17, 22, 244, 0, 21, 94, 10084 }, // U+00F5
    { 18, 23, 244, 0, 22, 104, 10178 }, // U+00F6
    { 19, 15, 317, 1, 17, 72, 10282 }, // U+00F7
    { 18, 16, 231, -2, 15, 72, 10354 }, // U+00F8
    { 18, 25, 318, 1, 24, 113, 10426 }, // U+00F9
    { 18, 25, 318, 1, 24, 113, 10539 }, // U+00FA
    { 18, 24, 318, 1, 23, 108, 10652 }, // U+00FB
    { 19, 23, 318, 1, 22, 110, 10760 }, // U+00FC
    { 21, 34, 257, -5, 24, 179, 10870 }, // U+00FD
    { 23, 34, 283, -5, 24, 196, 11049 }, // U+00FE
    { 22, 32, 257, -5, 22, 176, 11245 }, // U+00FF
    { 31, 28, 398, -3, 27, 217, 0 }, // U+0100
    { 19, 21, 288, -1, 20, 100, 217 }, // U+0101
    { 31, 29, 398, -3, 28, 225, 317 }, // U+0102
    { 18, 22, 288, -1, 21, 99, 542 }, // U+0103
    { 27, 33, 416, -3, 23, 223, 641 }, // U+0104
    { 18, 25, 277, -1, 15, 113, 864 }, // U+0105
    { 23, 30, 355, 2, 29, 173, 977 }, // U+0106
    { 15, 25, 195, 0, 24, 94, 1150 }, // U+0107
    { 23, 30, 355, 2, 29, 173, 1244 }, // U+0108
    { 14, 24, 195, 0, 23, 84, 1417 }, // U+0109
    { 23, 30, 355, 2, 29, 173, 1501 }, // U+010A
    { 13, 23, 195, 0, 22, 75, 1674 }, // U+010B
    { 23, 30, 355, 2, 29, 173, 1749 }, // U+010C
    { 15, 24, 195, 0, 23, 90, 1922 }, // U+010D
    { 27, 30, 391, -2, 29, 203, 2012 }, // U+010E
    { 28, 25, 334, -1, 24, 175, 2215 }, // U+010F
    { 27, 23, 391, -2, 22, 156, 2390 }, // U+0110
    { 23, 25, 295, -1, 24, 144, 2546 }, // U+0111
    { 23, 28, 306, -2, 27, 161, 2690 }, // U+0112
    { 16, 21, 203, 0, 20, 84, 2851 }, // U+0113
    { 23, 29, 306, -2, 28, 167, 2935 }, // U+0114
    { 16, 22, 203, 0, 21, 88, 3102 }, // U+0115
    { 23, 30, 306, -2, 29, 173, 3190 }, // U+0116
    { 13, 23, 203, 0, 22, 75, 3363 }, // U+0117
    { 23, 33, 318, -2, 23, 190, 3438 }, // U+0118
    { 13, 25, 204, 0, 15, 82, 3628 }, // U+0119
    { 23, 30, 306, -2, 29, 173, 3710 }, // U+011A
    { 16, 24, 203, 0, 23, 96, 3883 }, // U+011B
    { 24, 30, 387, 1, 29, 180, 3979 }, // U+011C
    { 21, 33, 250, -4, 23, 174, 4159 }, // U+011D
    { 24, 29, 387, 1, 28, 174, 4333 }, // U+011E
    { 21, 31, 250, -4, 21, 163, 4507 }, // U+011F
    { 24, 30, 387, 1, 29, 180, 4670 }, // U+0120
    { 21, 32, 250, -4, 22, 168, 4850 }, // U+0121
    { 24, 33, 387, 1, 23, 198, 5018 }, // U+0122
    { 21, 34, 250, -4, 24, 179, 5216 }, // U+0123
    { 32, 30, 416, -2, 29, 240, 5395 }, // U+0124
    { 18, 30, 285, 1, 29, 135, 5635 }, // U+0125
    { 32, 23, 422, -2, 22, 184, 5770 }, // U+0126
    { 18, 25, 300, 1, 24, 113, 5954 }, // U+0127
    { 20, 30, 202, -2, 29, 150, 6067 }, // U+0128
    { 15, 22, 177, 0, 21, 83, 6217 }, // U+0129
    { 20, 28, 202, -2, 27, 140, 6300 }, // U+012A
    { 15, 21, 177, 0, 20, 79, 6440 }, // U+012B
    { 20, 29, 202, -2, 28, 145, 6519 }, // U+012C
    { 14, 22, 177, 0, 21, 77, 6664 }, // U+012D
    { 19, 32, 197, -2, 22, 152, 6741 }, // U+012E
    { 15, 32, 172, -3, 22, 120, 6893 }, // U+012F
    { 19, 30, 202, -2, 29, 143, 7013 }, // U+0130
    { 10, 16, 177, 0, 15, 40, 7156 }, // U+0131
    { 32, 29, 403, -2, 22, 232, 7196 }, // U+0132
    { 22, 32, 332, 0, 22, 176, 7428 }, // U+0133
    { 24, 36, 202, -7, 29, 216, 7604 }, // U+0134
    { 21, 33, 166, -8, 23, 174, 7820 }, // U+0135
    { 31, 32, 406, -2, 22, 248, 7994 }, // U+0136
    { 18, 34, 285, 0, 24, 153, 8242 }, // U+0137
    { 17, 16, 293, 1, 15, 68, 8395 }, // U+0138
    { 21, 30, 309, -2, 29, 158, 8463 }, // U+0139
    { 16, 31, 163, 0, 30, 124, 8621 }, // U+013A
    { 21, 32, 309, -2, 22, 168, 8745 }, // U+013B
    { 15, 34, 167, -3, 24, 128, 8913 }, // U+013C
    { 24, 24, 315, -2, 23, 144, 9041 }, // U+013D
    { 18, 25, 195, 0, 24, 113, 9185 }, // U+013E
    { 23, 23, 309, -2, 22, 133, 9298 }, // U+013F
    { 16, 25, 201, 0, 24, 100, 9431 }, // U+0140
    { 21, 23, 309, -2, 22, 121, 9531 }, // U+0141
    { 12, 25, 182, 1, 24, 75, 9652 }, // U+0142
    { 31, 30, 416, -1, 29, 233, 9727 }, // U+0143
    { 18, 25, 319, 1, 24, 113, 9960 }, // U+0144
    { 31, 32, 416, -1, 22, 248, 10073 }, // U+0145
    { 18, 25, 319, 1, 15, 113, 10321 }, // U+0146
    { 31, 30, 416, -1, 29, 233, 10434 }, // U+0147
    { 18, 24, 319, 1, 23, 108, 10667 }, // U+0148
    { 22, 25, 364, 0, 24, 138, 10775 }, // U+0149
    { 32, 32, 415, -1, 22, 256, 10913 }, // U+014A
    { 18, 25, 290, 0, 15, 113, 11169 }, // U+014B
    { 23, 28, 369, 1, 27, 161, 11282 }, // U+014C
    { 17, 21, 244, 0, 20, 90, 11443 }, // U+014D
    { 23, 29, 369, 1, 28, 167, 11533 }, // U+014E
    { 17, 22, 244, 0, 21, 94, 11700 }, // U+014F
    { 25, 30, 369, 1, 29, 188, 11794 }, // U+0150
    { 18, 24, 244, 0, 23, 108, 11982 }, // U+0151
    { 33, 24, 511, 1, 23, 198, 12090 }, // U+0152
    { 22, 16, 344, 0, 15, 88, 12288 }, // U+0153
    { 26, 30, 404, -2, 29, 195, 12376 }, // U+0154
    { 16, 25, 244, 1, 24, 100, 12571 }, // U+0155
    { 26, 32, 404, -2, 22, 208, 12671 }, // U+0156
    { 18, 25, 244, -1, 15, 113, 12879 }, // U+0157
    { 26, 30, 404, -2, 29, 195, 12992 }, // U+0158
    { 16, 24, 244, 1, 23, 96, 13187 }, // U+0159
    { 22, 30, 280, -1, 29, 165, 13283 }, // U+015A
    { 15, 25, 169, -1, 24, 94, 13448 }, // U+015B
    { 22, 30, 280, -1, 29, 165, 13542 }, // U+015C
    { 14, 24, 169, -1, 23, 84, 13707 }, // U+015D
    { 22, 33, 263, -1, 23, 182, 13791 }, // U+015E
    { 15, 25, 169, -3, 15, 94, 13973 }, // U+015F
    { 22, 30, 280, -1, 29, 165, 14067 }, // U+0160
    { 16, 24, 169, -1, 23, 96, 14232 }, // U+0161
    { 25, 34, 362, 3, 24, 213, 14328 }, // U+0162
    { 17, 29, 197, -3, 19, 124, 14541 }, // U+0163
    { 25, 30, 360, 3, 29, 188, 14665 }, // U+0164
    { 19, 26, 218, 1, 25, 124, 14853 }, // U+0165
    { 25, 25, 367, 3, 24, 157, 14977 }, // U+0166
    { 14, 20, 194, 0, 19, 70, 15134 }, // U+0167
    { 26, 30, 380, 2, 29, 195, 15204 }, // U+0168
    { 18, 22, 318, 1, 21, 99, 15399 }, // U+0169
    { 26, 28, 380, 2, 27, 182, 15498 }, // U+016A
    { 19, 21, 318, 1, 20, 100, 15680 }, // U+016B
    { 26, 29, 380, 2, 28, 189, 15780 }, // U+016C
    { 18, 22, 318, 1, 21, 99, 15969 }, // U+016D
    { 26, 30, 380, 2, 29, 195, 16068 }, // U+016E
    { 18, 24, 318, 1, 23, 108, 16263 }, // U+016F
    { 26, 30, 380, 2, 29, 195, 16371 }, // U+0170
    { 20, 24, 318, 1, 23, 120, 16566 }, // U+0171
    { 26, 32, 383, 2, 22, 208, 16686 }, // U+0172
    { 18, 25, 310, 1, 15, 113, 16894 }, // U+0173
    { 38, 30, 592, 4, 29, 285, 17007 }, // U+0174
    { 22, 24, 370, 1, 23, 132, 17292 }, // U+0175
    { 24, 30, 348, 3, 29, 180, 17424 }, // U+0176
    { 21, 33, 257, -5, 23, 174, 17604 }, // U+0177
    { 24, 29, 348, 3, 28, 174, 17778 }, // U+0178
    { 26, 30, 342, -2, 29, 195, 17952 }, // U+0179
    { 17, 26, 251, -1, 24, 111, 18147 }, // U+017A
    { 26, 30, 342, -2, 29, 195, 18258 }, // U+017B
    { 17, 24, 251, -1, 22, 102, 18453 }, // U+017C
    { 26, 30, 342, -2, 29, 195, 18555 }, // U+017D
    { 18, 25, 251, -1, 23, 113, 18750 }, // U+017E
    { 27, 34, 220, -7, 24, 230, 18863 }, // U+017F
    { 28, 26, 371, 1, 25, 182, 0 }, // U+01A0
    { 19, 20, 263, 0, 19, 95, 182 }, // U+01A1
    { 29, 28, 380, 2, 27, 203, 277 }, // U+01AF
    { 23, 19, 310, 1, 18, 110, 480 }, // U+01B0
    { 50, 30, 733, -2, 29, 375, 590 }, // U+01C4
    { 43, 25, 642, -2, 23, 269, 965 }, // U+01C5
    { 36, 26, 551, -1, 24, 234, 1234 }, // U+01C6
    { 38, 29, 510, -2, 22, 276, 1468 }, // U+01C7
    { 33, 32, 475, -2, 22, 264, 1744 }, // U+01C8
    { 22, 34, 333, 0, 24, 187, 2008 }, // U+01C9
    { 44, 29, 618, -1, 22, 319, 2195 }, // U+01CA
    { 39, 32, 582, -1, 22, 312, 2514 }, // U+01CB
    { 31, 32, 483, 1, 22, 248, 2826 }, // U+01CC
    { 32, 30, 398, -3, 29, 240, 3074 }, // U+01CD
    { 18, 24, 288, -1, 23, 108, 3314 }, // U+01CE
    { 21, 30, 202, -2, 29, 158, 3422 }, // U+01CF
    { 15, 24, 177, 0, 23, 90, 3580 }, // U+01D0
    { 23, 30, 369, 1, 29, 173, 3670 }, // U+01D1
    { 17, 24, 244, 0, 23, 102, 3843 }, // U+01D2
    { 26, 30, 380, 2, 29, 195, 3945 }, // U+01D3
    { 19, 24, 318, 1, 23, 114, 4140 }, // U+01D4
    { 26, 33, 380, 2, 32, 215, 4254 }, // U+01D5
    { 21, 27, 314, 1, 26, 142, 4469 }, // U+01D6
    { 26, 35, 387, 2, 34, 228, 4611 }, // U+01D7
    { 19, 29, 310, 1, 28, 138, 4839 }, // U+01D8
    { 26, 34, 380, 2, 33, 221, 4977 }, // U+01D9
    { 20, 29, 310, 1, 28, 145, 5198 }, // U+01DA
    { 26, 35, 330, 2, 34, 228, 5343 }, // U+01DB
    { 19, 29, 310, 1, 28, 138, 5571 }, // U+01DC
    { 14, 16, 203, -1, 15, 56, 5709 }, // U+01DD
    { 32, 33, 398, -3, 32, 264, 5765 }, // U+01DE
    { 21, 27, 288, -1, 26, 142, 6029 }, // U+01DF
    { 33, 33, 398, -3, 32, 273, 6171 }, // U+01E0
    { 21, 27, 288, -1, 26, 142, 6444 }, // U+01E1
    { 36, 28, 476, -3, 27, 252, 6586 }, // U+01E2
    { 20, 21, 301, -1, 20, 105, 6838 }, // U+01E3
    { 24, 24, 392, 1, 23, 144, 6943 }, // U+01E4
    { 22, 25, 250, -5, 15, 138, 7087 }, // U+01E5
    { 24, 30, 387, 1, 29, 180, 7225 }, // U+01E6
    { 21, 33, 250, -4, 23, 174, 7405 }, // U+01E7
    { 31, 30, 406, -2, 29, 233, 7579 }, // U+01E8
    { 22, 29, 285, 0, 28, 160, 7812 }, // U+01E9
    { 23, 33, 371, 1, 23, 190, 7972 }, // U+01EA
    { 15, 25, 231, 0, 15, 94, 8162 }, // U+01EB
    { 23, 37, 371, 1, 27, 213, 8256 }, // U+01EC
    { 17, 30, 231, 0, 20, 128, 8469 }, // U+01ED
    { 22, 30, 308, 0, 29, 165, 8597 }, // U+01EE
    { 19, 33, 253, -3, 23, 157, 8762 }, // U+01EF
    { 23, 33, 166, -8, 23, 190, 8919 }, // U+01F0
    { 50, 24, 733, -2, 23, 300, 9109 }, // U+01F1
    { 43, 24, 642, -2, 22, 258, 9409 }, // U+01F2
    { 36, 26, 551, -1, 24, 234, 9667 }, // U+01F3
    { 24, 30, 387, 1, 29, 180, 9901 }, // U+01F4
    { 21, 34, 250, -4, 24, 179, 10081 }, // U+01F5
    { 36, 23, 518, -2, 22, 207, 10260 }, // U+01F6
    { 28, 30, 334, -4, 23, 210, 10467 }, // U+01F7
    { 31, 30, 416, -1, 29, 233, 10677 }, // U+01F8
    { 18, 25, 319, 1, 24, 113, 10910 }, // U+01F9
    { 34, 36, 325, -3, 35, 306, 11023 }, // U+01FA
    { 20, 30, 277, -1, 29, 150, 11329 }, // U+01FB
    { 36, 30, 476, -3, 29, 270, 11479 }, // U+01FC
    { 20, 25, 301, -1, 24, 125, 11749 }, // U+01FD
    { 28, 30, 371, -1, 29, 210, 11874 }, // U+01FE
    { 18, 25, 231, -2, 24, 113, 12084 }, // U+01FF
    { 29, 30, 398, -3, 29, 218, 12197 }, // U+0200
    { 18, 25, 288, -1, 24, 113, 12415 }, // U+0201
    { 30, 30, 398, -3, 29, 225, 12528 }, // U+0202
    { 18, 23, 288, -1, 22, 104, 12753 }, // U+0203
    { 23, 30, 306, -2, 29, 173, 12857 }, // U+0204
    { 13, 25, 203, 0, 24, 82, 13030 }, // U+0205
    { 23, 30, 306, -2, 29, 173, 13112 }, // U+0206
    { 15, 23, 203, 0, 22, 87, 13285 }, // U+0207
    { 19, 30, 202, -2, 29, 143, 13372 }, // U+0208
    { 11, 25, 177, 0, 24, 69, 13515 }, // U+0209
    { 19, 30, 202, -2, 29, 143, 13584 }, // U+020A
    { 14, 23, 177, 0, 22, 81, 13727 }, // U+020B
    { 23, 30, 369, 1, 29, 173, 13808 }, // U+020C
    { 15, 25, 244, 0, 24, 94, 13981 }, // U+020D
    { 23, 30, 369, 1, 29, 173, 14075 }, // U+020E
    { 17, 23, 244, 0, 22, 98, 14248 }, // U+020F
    { 26, 30, 404, -2, 29, 195, 14346 }, // U+0210
    { 16, 25, 244, 1, 24, 100, 14541 }, // U+0211
    { 26, 30, 404, -2, 29, 195, 14641 }, // U+0212
    { 16, 23, 244, 1, 22, 92, 14836 }, // U+0213
    { 26, 30, 380, 2, 29, 195, 14928 }, // U+0214
    { 18, 25, 318, 1, 24, 113, 15123 }, // U+0215
    { 26, 30, 380, 2, 29, 195, 15236 }, // U+0216
    { 18, 23, 318, 1, 22, 104, 15431 }, // U+0217
    { 22, 33, 280, -1, 23, 182, 15535 }, // U+0218
    { 15, 25, 169, -3, 15, 94, 15717 }, // U+0219
    { 25, 34, 360, 3, 24, 213, 15811 }, // U+021A
    { 15, 29, 194, -1, 19, 109, 16024 }, // U+021B
    { 24, 30, 299, -5, 23, 180, 16133 }, // U+021C
    { 18, 25, 230, -4, 15, 113, 16313 }, // U+021D
    { 32, 30, 416, -2, 29, 240, 16426 }, // U+021E
    { 20, 30, 285, 1, 29, 150, 16666 }, // U+021F
    { 7, 9, 0, 0, 24, 16, 0 }, // U+0300
    { 7, 9, 0, 0, 24, 16, 16 }, // U+0301
    { 9, 8, 0, -2, 22, 18, 32 }, // U+0302
    { 11, 6, 0, -2, 21, 17, 50 }, // U+0303
    { 11, 4, 0, -2, 20, 11, 67 }, // U+0304
    { 15, 3, 0, -4, 20, 12, 78 }, // U+0305
    { 10, 6, 0, -1, 21, 15, 90 }, // U+0306
    { 6, 6, 0, -1, 22, 9, 105 }, // U+0307
    { 13, 6, 0, -3, 22, 20, 114 }, // U+0308
    { 8, 7, 0, 0, 23, 14, 134 }, // U+0309
    { 8, 7, 0, 0, 23, 14, 148 }, // U+030A
    { 11, 8, 0, -2, 23, 22, 162 }, // U+030B
    { 9, 8, 0, 0, 23, 18, 184 }, // U+030C
    { 4, 7, 0, 2, 23, 7, 202 }, // U+030D
    { 8, 7, 0, 0, 23, 14, 209 }, // U+030E
    { 8, 9, 0, 0, 24, 18, 223 }, // U+030F
    { 13, 9, 0, -3, 23, 30, 241 }, // U+0310
    { 10, 6, 0, -1, 22, 15, 271 }, // U+0311
    { 8, 9, 0, 0, 24, 18, 286 }, // U+0312
    { 7, 8, 0, 0, 23, 14, 304 }, // U+0313
    { 7, 8, 0, 0, 22, 14, 318 }, // U+0314
    { 7, 8, 0, 0, 23, 14, 332 }, // U+0315
    { 7, 9, 0, -7, 1, 16, 346 }, // U+0316
    { 7, 9, 0, -7, 1, 16, 362 }, // U+0317
    { 9, 8, 0, -8, -1, 18, 378 }, // U+0318
    { 8, 8, 0, -8, -1, 16, 396 }, // U+0319
    { 8, 6, 0, 0, 23, 12, 412 }, // U+031A
    { 9, 8, 0, -2, 19, 18, 424 }, // U+031B
    { 6, 7, 0, -7, -2, 11, 442 }, // U+031C
    { 8, 7, 0, -8, -2, 14, 453 }, // U+031D
    { 8, 7, 0, -7, -2, 14, 467 }, // U+031E
    { 8, 8, 0, -8, -1, 16, 481 }, // U+031F
    { 8, 3, 0, -8, -4, 6, 497 }, // U+0320
    { 14, 13, 0, -10, 3, 46, 503 }, // U+0321
    { 6, 13, 0, -7, 3, 20, 549 }, // U+0322
    { 5, 6, 0, -6, -2, 8, 569 }, // U+0323
    { 12, 6, 0, -8, -1, 18, 577 }, // U+0324
    { 8, 7, 0, -8, -1, 14, 595 }, // U+0325
    { 8, 9, 0, -8, -1, 18, 609 }, // U+0326
    { 9, 11, 0, -7, 1, 25, 627 }, // U+0327
    { 9, 11, 0, -4, 1, 25, 652 }, // U+0328
    { 5, 7, 0, -6, -2, 9, 677 }, // U+0329
    { 11, 6, 0, -10, -3, 17, 686 }, // U+032A
    { 12, 6, 0, -10, -3, 18, 703 }, // U+032B
    { 9, 8, 0, -7, -1, 18, 721 }, // U+032C
    { 9, 8, 0, -10, -2, 18, 739 }, // U+032D
    { 10, 6, 0, -8, -2, 15, 757 }, // U+032E
    { 10, 6, 0, -9, -2, 15, 772 }, // U+032F
    { 11, 6, 0, -9, -1, 17, 787 }, // U+0330
    { 12, 4, 0, -9, -2, 12, 804 }, // U+0331
    { 15, 3, 0, -11, -2, 12, 816 }, // U+0332
    { 16, 7, 0, -12, -2, 28, 828 }, // U+0333
    { 17, 6, 0, -7, 14, 26, 856 }, // U+0334
    { 12, 3, 0, -4, 14, 9, 882 }, // U+0335
    { 17, 3, 0, -7, 14, 13, 891 }, // U+0336
    { 18, 22, 0, -9, 19, 99, 904 }, // U+0337
    { 16, 26, 0, -7, 23, 104, 1003 }, // U+0338
    { 6, 7, 0, -7, -2, 11, 1107 }, // U+0339
    { 11, 6, 0, -10, -4, 17, 1118 }, // U+033A
    { 12, 8, 0, -10, -2, 24, 1135 }, // U+033B
    { 12, 6, 0, -10, -3, 18, 1159 }, // U+033C
    { 8, 7, 0, 0, 23, 14, 1177 }, // U+033D
    { 7, 9, 0, 0, 24, 16, 1191 }, // U+033E
    { 7, 9, 0, 0, 24, 16, 1207 }, // U+0340
    { 7, 9, 0, 0, 23, 16, 1223 }, // U+0341
    { 12, 6, 0, -2, 20, 18, 1239 }, // U+0342
    { 7, 8, 0, 0, 23, 14, 1257 }, // U+0343
    { 13, 12, 0, -3, 28, 39, 1271 }, // U+0344
    { 8, 8, 0, -8, -1, 16, 1310 }, // U+0345
    { 0, 0, 0, 0, 0, 0, 1326 }, // U+034F
    { 6, 7, 0, 1, 22, 11, 1326 }, // U+0351
    { 8, 7, 0, -8, -2, 14, 1337 }, // U+0353
    { 6, 7, 0, 0, 22, 11, 1351 }, // U+0357
    { 22, 5, 0, -5, 28, 28, 1362 }, // U+035D
    { 22, 5, 0, -5, 28, 28, 1390 }, // U+0361
    { 8, 8, 0, 2, 24, 16, 1418 }, // U+0364
    { 23, 30, 306, -2, 29, 173, 0 }, // U+0400
    { 23, 29, 306, -2, 28, 167, 173 }, // U+0401
    { 27, 32, 436, 2, 24, 216, 340 }, // U+0402
    { 24, 30, 283, -2, 29, 180, 556 }, // U+0403
    { 23, 24, 355, 2, 23, 138, 736 }, // U+0404
    { 22, 24, 280, -1, 23, 132, 874 }, // U+0405
    { 19, 23, 202, -2, 22, 110, 1006 }, // U+0406
    { 20, 29, 202, -2, 28, 145, 1116 }, // U+0407
    { 24, 29, 202, -7, 22, 174, 1261 }, // U+0408
    { 34, 23, 519, -2, 22, 196, 1435 }, // U+0409
    { 35, 23, 540, -2, 22, 202, 1631 }, // U+040A
    { 25, 25, 456, 3, 24, 157, 1833 }, // U+040B
    { 28, 30, 380, -2, 29, 210, 1990 }, // U+040C
    { 33, 30, 424, -2, 29, 248, 2200 }, // U+040D
    { 27, 32, 358, 0, 30, 216, 2448 }, // U+040E
    { 32, 30, 405, -2, 22, 240, 2664 }, // U+040F
    { 27, 24, 398, -3, 23, 162, 2904 }, // U+0410
    { 25, 23, 338, -2, 22, 144, 3066 }, // U+0411
    { 24, 23, 334, -2, 22, 138, 3210 }, // U+0412
    { 24, 23, 283, -2, 22, 138, 3348 }, // U+0413
    { 30, 30, 370, -3, 22, 225, 3486 }, // U+0414
    { 23, 24, 306, -2, 23, 138, 3711 }, // U+0415
    { 40, 24, 555, -3, 23, 240, 3849 }, // U+0416
    { 19, 24, 296, 0, 23, 114, 4089 }, // U+0417
    { 33, 23, 424, -2, 22, 190, 4203 }, // U+0418
    { 33, 31, 424, -2, 30, 256, 4393 }, // U+0419
    { 28, 24, 380, -2, 23, 168, 4649 }, // U+041A
    { 31, 23, 389, -2, 22, 179, 4817 }, // U+041B
    { 38, 23, 527, -2, 22, 219, 4996 }, // U+041C
    { 32, 23, 416, -2, 22, 184, 5215 }, // U+041D
    { 23, 24, 369, 1, 23, 138, 5399 }, // U+041E
    { 32, 23, 404, -2, 22, 184, 5537 }, // U+041F
    { 25, 23, 333, -2, 22, 144, 5721 }, // U+0420
    { 23, 24, 355, 2, 23, 138, 5865 }, // U+0421
    { 25, 25, 360, 3, 24, 157, 6003 }, // U+0422
    { 27, 24, 358, 0, 22, 162, 6160 }, // U+0423
    { 25, 24, 403, 1, 23, 150, 6322 }, // U+0424
    { 29, 23, 380, -2, 22, 167, 6472 }, // U+0425
    { 31, 30, 406, -2, 22, 233, 6639 }, // U+0426
    { 25, 23, 387, 4, 22, 144, 6872 }, // U+0427
    { 41, 23, 553, -2, 22, 236, 7016 }, // U+0428
    { 40, 30, 553, -2, 22, 300, 7252 }, // U+0429
    { 21, 23, 400, 3, 22, 121, 7552 }, // U+042A
    { 39, 23, 532, -2, 22, 225, 7673 }, // U+042B
    { 22, 23, 331, -2, 22, 127, 7898 }, // U+042C
    { 23, 24, 356, 0, 23, 138, 8025 }, // U+042D
    { 35, 24, 520, -2, 23, 210, 8163 }, // U+042E
    { 31, 23, 379, -3, 22, 179, 8373 }, // U+042F
    { 18, 16, 288, -1, 15, 72, 8552 }, // U+0430
    { 19, 25, 234, 0, 24, 119, 8624 }, // U+0431
    { 15, 16, 240, 0, 15, 60, 8743 }, // U+0432
    { 14, 16, 197, -1, 15, 56, 8803 }, // U+0433
    { 15, 25, 233, 0, 24, 94, 8859 }, // U+0434
    { 13, 16, 203, 0, 15, 52, 8953 }, // U+0435
    { 30, 16, 440, -1, 15, 120, 9005 }, // U+0436
    { 14, 16, 190, -2, 15, 56, 9125 }, // U+0437
    { 18, 16, 318, 1, 15, 72, 9181 }, // U+0438
    { 18, 22, 318, 1, 21, 99, 9253 }, // U+0439
    { 17, 16, 293, 1, 15, 68, 9352 }, // U+043A
    { 19, 16, 288, -2, 15, 76, 9420 }, // U+043B
    { 24, 16, 373, -2, 15, 96, 9496 }, // U+043C
    { 17, 16, 308, 1, 15, 68, 9592 }, // U+043D
    { 15, 16, 244, 0, 15, 60, 9660 }, // U+043E
    { 18, 16, 319, 1, 15, 72, 9720 }, // U+043F
    { 22, 28, 282, -4, 18, 154, 9792 }, // U+0440
    { 13, 16, 195, 0, 15, 52, 9946 }, // U+0441
    { 26, 16, 443, 1, 15, 104, 9998 }, // U+0442
    { 21, 25, 257, -5, 15, 132, 10102 }, // U+0443
    { 26, 33, 348, -2, 23, 215, 10234 }, // U+0444
    { 19, 16, 265, -1, 15, 76, 10449 }, // U+0445
    { 18, 24, 318, 1, 15, 108, 10525 }, // U+0446
    { 17, 16, 302, 1, 15, 68, 10633 }, // U+0447
    { 25, 16, 435, 1, 15, 100, 10701 }, // U+0448
    { 25, 24, 435, 1, 15, 150, 10801 }, // U+0449
    { 17, 16, 281, 0, 15, 68, 10951 }, // U+044A
    { 23, 16, 395, 1, 15, 92, 11019 }, // U+044B
    { 14, 16, 254, 1, 15, 56, 11111 }, // U+044C
    { 13, 16, 211, 0, 15, 52, 11167 }, // U+044D
    { 22, 16, 373, 1, 15, 88, 11219 }, // U+044E
    { 19, 16, 301, -1, 15, 76, 11307 }, // U+044F
    { 13, 25, 203, 0, 24, 82, 11383 }, // U+0450
    { 17, 23, 203, 0, 22, 98, 11465 }, // U+0451
    { 17, 32, 290, 1, 24, 136, 11563 }, // U+0452
    { 15, 25, 197, -1, 24, 94, 11699 }, // U+0453
    { 13, 16, 211, 0, 15, 52, 11793 }, // U+0454
    { 13, 16, 169, -1, 15, 52, 11845 }, // U+0455
    { 12, 23, 177, 0, 22, 69, 11897 }, // U+0456
    { 16, 23, 177, 0, 22, 92, 11966 }, // U+0457
    { 20, 32, 166, -8, 22, 160, 12058 }, // U+0458
    { 23, 16, 352, -2, 15, 92, 12218 }, // U+0459
    { 22, 16, 379, 1, 15, 88, 12310 }, // U+045A
    { 18, 25, 300, 1, 24, 113, 12398 }, // U+045B
    { 17, 25, 293, 1, 24, 107, 12511 }, // U+045C
    { 18, 25, 318, 1, 24, 113, 12618 }, // U+045D
    { 21, 31, 257, -5, 21, 163, 12731 }, // U+045E
    { 19, 24, 307, 0, 15, 114, 12894 }, // U+045F
    { 23, 25, 394, 2, 24, 144, 13008 }, // U+0462
    { 23, 16, 388, 1, 15, 92, 13152 }, // U+0463
    { 39, 23, 555, -3, 22, 225, 13244 }, // U+046A
    { 28, 15, 435, -1, 14, 105, 13469 }, // U+046B
    { 29, 23, 460, 3, 22, 167, 13574 }, // U+0470
    { 23, 24, 369, 1, 23, 138, 13741 }, // U+0472
    { 15, 16, 244, 0, 15, 60, 13879 }, // U+0473
    { 25, 24, 393, 4, 23, 150, 13939 }, // U+0474
    { 18, 16, 261, 0, 15, 72, 14089 }, // U+0475
    { 25, 30, 393, 4, 29, 188, 14161 }, // U+0476
    { 18, 25, 261, 0, 24, 113, 14349 }, // U+0477
    { 33, 37, 424, -2, 30, 306, 14462 }, // U+048A
    { 18, 30, 318, 1, 21, 135, 14768 }, // U+048B
    { 22, 25, 346, -1, 24, 138, 14903 }, // U+048C
    { 16, 25, 276, 1, 24, 100, 15041 }, // U+048D
    { 25, 23, 333, -2, 22, 144, 15141 }, // U+048E
    { 22, 28, 282, -4, 18, 154, 15285 }, // U+048F
    { 25, 27, 272, -2, 26, 169, 15439 }, // U+0490
    { 15, 19, 203, 0, 18, 72, 15608 }, // U+0491
    { 24, 23, 283, -2, 22, 138, 15680 }, // U+0492
    { 14, 16, 218, -1, 15, 56, 15818 }, // U+0493
    { 24, 30, 365, -2, 22, 180, 15874 }, // U+0494
    { 18, 25, 252, -3, 15, 113, 16054 }, // U+0495
    { 40, 31, 555, -3, 23, 310, 16167 }, // U+0496
    { 30, 24, 445, -1, 15, 180, 16477 }, // U+0497
    { 20, 33, 296, -1, 23, 165, 16657 }, // U+0498
    { 15, 25, 190, -3, 15, 94, 16822 }, // U+0499
    { 28, 31, 380, -2, 23, 217, 16916 }, // U+049A
    { 17, 24, 294, 1, 15, 102, 17133 }, // U+049B
    { 30, 24, 410, -2, 23, 180, 17235 }, // U+049C
    { 20, 16, 335, 1, 15, 80, 17415 }, // U+049D
    { 28, 24, 396, -1, 23, 168, 17495 }, // U+049E
    { 19, 25, 311, 1, 24, 119, 17663 }, // U+049F
    { 28, 24, 448, 2, 23, 168, 17782 }, // U+04A0
    { 22, 16, 343, 0, 15, 88, 17950 }, // U+04A1
    { 32, 30, 416, -2, 22, 240, 18038 }, // U+04A2
    { 17, 24, 308, 1, 15, 102, 18278 }, // U+04A3
    { 39, 25, 504, -2, 24, 244, 18380 }, // U+04A4
    { 23, 16, 345, 1, 15, 92, 18624 }, // U+04A5
    { 36, 30, 534, -2, 22, 270, 18716 }, // U+04A6
    { 23, 25, 396, 1, 15, 144, 18986 }, // U+04A7
    { 24, 24, 403, 1, 23, 144, 19130 }, // U+04A8
    { 18, 16, 295, 0, 15, 72, 19274 }, // U+04A9
    { 23, 33, 355, 2, 23, 190, 19346 }, // U+04AA
    { 15, 25, 195, -2, 15, 94, 19536 }, // U+04AB
    { 25, 32, 360, 3, 24, 200, 19630 }, // U+04AC
    { 26, 24, 443, 1, 15, 156, 19830 }, // U+04AD
    { 24, 23, 348, 3, 22, 138, 19986 }, // U+04AE
    { 19, 25, 280, 1, 15, 119, 20124 }, // U+04AF
    { 24, 23, 348, 3, 22, 138, 20243 }, // U+04B0
    { 20, 25, 280, 0, 15, 125, 20381 }, // U+04B1
    { 29, 30, 380, -2, 22, 218, 20506 }, // U+04B2
    { 19, 24, 265, -1, 15, 114, 20724 }, // U+04B3
    { 33, 32, 492, 2, 24, 264, 20838 }, // U+04B4
    { 19, 30, 318, 1, 21, 143, 21102 }, // U+04B5
    { 25, 30, 387, 4, 22, 188, 21245 }, // U+04B6
    { 17, 24, 302, 1, 15, 102, 21433 }, // U+04B7
    { 26, 23, 403, 4, 22, 150, 21535 }, // U+04B8
    { 19, 16, 330, 1, 15, 76, 21685 }, // U+04B9
    { 24, 23, 390, -2, 22, 138, 21761 }, // U+04BA
    { 18, 25, 300, 1, 24, 113, 21899 }, // U+04BB
    { 28, 24, 455, 3, 23, 168, 22012 }, // U+04BC
    { 17, 16, 270, 1, 15, 68, 22180 }, // U+04BD
    { 28, 33, 455, 3, 28, 231, 22248 }, // U+04BE
    { 20, 27, 270, 1, 22, 135, 22479 }, // U+04BF
    { 19, 23, 202, -2, 22, 110, 22614 }, // U+04C0
    { 40, 31, 555, -3, 30, 310, 22724 }, // U+04C1
    { 30, 22, 440, -1, 21, 165, 23034 }, // U+04C2
    { 28, 30, 358, -2, 23, 210, 23199 }, // U+04C3
    { 17, 25, 279, 1, 15, 107, 23409 }, // U+04C4
    { 31, 29, 389, -2, 22, 225, 23516 }, // U+04C5
    { 19, 24, 288, -2, 15, 114, 23741 }, // U+04C6
    { 32, 29, 415, -2, 22, 232, 23855 }, // U+04C7
    { 19, 25, 291, -1, 15, 119, 24087 }, // U+04C8
    { 32, 29, 416, -2, 22, 232, 24206 }, // U+04C9
    { 17, 24, 308, 1, 15, 102, 24438 }, // U+04CA
    { 25, 29, 387, 4, 22, 182, 24540 }, // U+04CB
    { 20, 24, 302, -2, 15, 120, 24722 }, // U+04CC
    { 38, 29, 525, -2, 22, 276, 24842 }, // U+04CD
    { 24, 24, 373, -2, 15, 144, 25118 }, // U+04CE
    { 12, 25, 167, 0, 24, 75, 25262 }, // U+04CF
    { 32, 31, 398, -3, 30, 248, 25337 }, // U+04D0
    { 18, 22, 288, -1, 21, 99, 25585 }, // U+04D1
    { 32, 29, 398, -3, 28, 232, 25684 }, // U+04D2
    { 19, 23, 288, -1, 22, 110, 25916 }, // U+04D3
    { 36, 24, 476, -3, 23, 216, 26026 }, // U+04D4
    { 20, 16, 301, -1, 15, 80, 26242 }, // U+04D5
    { 23, 31, 306, -2, 30, 179, 26322 }, // U+04D6
    { 16, 22, 203, 0, 21, 88, 26501 }, // U+04D7
    { 24, 24, 364, 0, 23, 144, 26589 }, // U+04D8
    { 14, 16, 203, -1, 15, 56, 26733 }, // U+04D9
    { 24, 29, 364, 0, 28, 174, 26789 }, // U+04DA
    { 17, 23, 203, -1, 22, 98, 26963 }, // U+04DB
    { 40, 29, 555, -3, 28, 290, 27061 }, // U+04DC
    { 30, 23, 440, -1, 22, 173, 27351 }, // U+04DD
    { 21, 29, 296, 0, 28, 153, 27524 }, // U+04DE
    { 17, 23, 190, -2, 22, 98, 27677 }, // U+04DF
    { 22, 24, 308, 0, 23, 132, 27775 }, // U+04E0
    { 19, 25, 253, -3, 15, 119, 27907 }, // U+04E1
    { 33, 28, 424, -2, 27, 231, 28026 }, // U+04E2
    { 19, 21, 318, 1, 20, 100, 28257 }, // U+04E3
    { 33, 29, 424, -2, 28, 240, 28357 }, // U+04E4
    { 19, 23, 318, 1, 22, 110, 28597 }, // U+04E5
    { 23, 29, 369, 1, 28, 167, 28707 }, // U+04E6
    { 18, 23, 244, 0, 22, 104, 28874 }, // U+04E7
    { 23, 24, 369, 1, 23, 138, 28978 }, // U+04E8
    { 15, 16, 244, 0, 15, 60, 29116 }, // U+04E9
    { 23, 29, 369, 1, 28, 167, 29176 }, // U+04EA
    { 18, 23, 244, 0, 22, 104, 29343 }, // U+04EB
    { 23, 29, 356, 0, 28, 167, 29447 }, // U+04EC
    { 16, 23, 211, 0, 22, 92, 29614 }, // U+04ED
    { 27, 29, 358, 0, 27, 196, 29706 }, // U+04EE
    { 21, 30, 257, -5, 20, 158, 29902 }, // U+04EF
    { 27, 30, 358, 0, 28, 203, 30060 }, // U+04F0
    { 22, 32, 257, -5, 22, 176, 30263 }, // U+04F1
    { 27, 31, 358, 0, 29, 210, 30439 }, // U+04F2
    { 23, 33, 257, -5, 23, 190, 30649 }, // U+04F3
    { 25, 29, 387, 4, 28, 182, 30839 }, // U+04F4
    { 18, 23, 302, 1, 22, 104, 31021 }, // U+04F5
    { 24, 30, 283, -2, 22, 180, 31125 }, // U+04F6
    { 14, 24, 197, -1, 15, 84, 31305 }, // U+04F7
    { 39, 29, 532, -2, 28, 283, 31389 }, // U+04F8
    { 23, 23, 395, 1, 22, 133, 31672 }, // U+04F9
    { 30, 29, 290, -7, 22, 218, 31805 }, // U+04FA
    { 17, 25, 218, -4, 15, 107, 32023 }, // U+04FB
    { 29, 32, 356, -2, 22, 232, 32130 }, // U+04FC
    { 19, 25, 264, -1, 15, 119, 32362 }, // U+04FD
    { 28, 23, 391, -1, 22, 161, 32481 }, // U+04FE
    { 19, 16, 265, -1, 15, 76, 32642 }, // U+04FF
    { 27, 30, 398, -3, 23, 203, 0 }, // U+1EA0
    { 18, 23, 288, -1, 15, 104, 203 }, // U+1EA1
    { 29, 30, 398, -3, 29, 218, 307 }, // U+1EA2
    { 18, 24, 288, -1, 23, 108, 525 }, // U+1EA3
    { 36, 32, 415, -3, 31, 288, 633 }, // U+1EA4
    { 21, 28, 276, -1, 27, 147, 921 }, // U+1EA5
    { 31, 31, 415, -3, 30, 241, 1068 }, // U+1EA6
    { 18, 28, 276, -1, 27, 126, 1309 }, // U+1EA7
    { 35, 33, 398, -3, 32, 289, 1435 }, // U+1EA8
    { 22, 26, 271, -1, 25, 143, 1724 }, // U+1EA9
    { 33, 35, 398, -3, 34, 289, 1867 }, // U+1EAA
    { 20, 28, 276, -1, 27, 140, 2156 }, // U+1EAB
    { 31, 36, 398, -3, 29, 279, 2296 }, // U+1EAC
    { 18, 31, 288, -1, 23, 140, 2575 }, // U+1EAD
    { 31, 33, 415, -3, 32, 256, 2715 }, // U+1EAE
    { 18, 27, 276, -1, 26, 122, 2971 }, // U+1EAF
    { 31, 33, 415, -3, 32, 256, 3093 }, // U+1EB0
    { 18, 28, 272, -1, 27, 126, 3349 }, // U+1EB1
    { 31, 34, 398, -3, 33, 264, 3475 }, // U+1EB2
    { 18, 27, 271, -1, 26, 122, 3739 }, // U+1EB3
    { 33, 35, 398, -3, 34, 289, 3861 }, // U+1EB4
    { 19, 28, 272, -1, 27, 133, 4150 }, // U+1EB5
    { 31, 35, 398, -3, 28, 272, 4283 }, // U+1EB6
    { 18, 29, 288, -1, 21, 131, 4555 }, // U+1EB7
    { 23, 30, 306, -2, 23, 173, 4686 }, // U+1EB8
    { 13, 23, 203, 0, 15, 75, 4859 }, // U+1EB9
    { 23, 30, 306, -2, 29, 173, 4934 }, // U+1EBA
    { 15, 24, 203, 0, 23, 90, 5107 }, // U+1EBB
    { 23, 30, 306, -2, 29, 173, 5197 }, // U+1EBC
    { 16, 22, 203, 0, 21, 88, 5370 }, // U+1EBD
    { 28, 31, 317, -2, 30, 217, 5458 }, // U+1EBE
    { 18, 28, 205, 0, 27, 126, 5675 }, // U+1EBF
    { 23, 31, 317, -2, 30, 179, 5801 }, // U+1EC0
    { 14, 28, 205, 0, 27, 98, 5980 }, // U+1EC1
    { 27, 32, 306, -2, 31, 216, 6078 }, // U+1EC2
    { 20, 26, 205, 0, 25, 130, 6294 }, // U+1EC3
    { 24, 35, 306, -2, 34, 210, 6424 }, // U+1EC4
    { 17, 28, 205, 0, 27, 119, 6634 }, // U+1EC5
    { 23, 36, 306, -2, 29, 207, 6753 }, // U+1EC6
    { 15, 31, 203, 0, 23, 117, 6960 }, // U+1EC7
    { 19, 30, 202, -2, 29, 143, 7077 }, // U+1EC8
    { 14, 24, 177, 0, 23, 84, 7220 }, // U+1EC9
    { 19, 29, 202, -2, 22, 138, 7304 }, // U+1ECA
    { 12, 30, 177, 0, 22, 90, 7442 }, // U+1ECB
    { 23, 30, 369, 1, 23, 173, 7532 }, // U+1ECC
    { 15, 23, 244, 0, 15, 87, 7705 }, // U+1ECD
    { 23, 30, 369, 1, 29, 173, 7792 }, // U+1ECE
    { 16, 24, 244, 0, 23, 96, 7965 }, // U+1ECF
    { 27, 32, 371, 1, 31, 216, 8061 }, // U+1ED0
    { 19, 28, 231, 0, 27, 133, 8277 }, // U+1ED1
    { 23, 31, 371, 1, 30, 179, 8410 }, // U+1ED2
    { 15, 28, 231, 0, 27, 105, 8589 }, // U+1ED3
    { 27, 33, 371, 1, 32, 223, 8694 }, // U+1ED4
    { 20, 26, 231, 0, 25, 130, 8917 }, // U+1ED5
    { 24, 35, 371, 1, 34, 210, 9047 }, // U+1ED6
    { 18, 28, 231, 0, 27, 126, 9257 }, // U+1ED7
    { 23, 36, 369, 1, 29, 207, 9383 }, // U+1ED8
    { 16, 31, 244, 0, 23, 124, 9590 }, // U+1ED9
    { 28, 30, 371, 1, 29, 210, 9714 }, // U+1EDA
    { 19, 25, 263, 0, 24, 119, 9924 }, // U+1EDB
    { 28, 30, 371, 1, 29, 210, 10043 }, // U+1EDC
    { 19, 25, 263, 0, 24, 119, 10253 }, // U+1EDD
    { 28, 30, 371, 1, 29, 210, 10372 }, // U+1EDE
    { 19, 24, 263, 0, 23, 114, 10582 }, // U+1EDF
    { 28, 30, 371, 1, 29, 210, 10696 }, // U+1EE0
    { 19, 22, 263, 0, 21, 105, 10906 }, // U+1EE1
    { 28, 32, 371, 1, 25, 224, 11011 }, // U+1EE2
    { 19, 27, 263, 0, 19, 129, 11235 }, // U+1EE3
    { 26, 29, 380, 2, 22, 189, 11364 }, // U+1EE4
    { 18, 23, 318, 1, 15, 104, 11553 }, // U+1EE5
    { 26, 30, 380, 2, 29, 195, 11657 }, // U+1EE6
    { 18, 24, 318, 1, 23, 108, 11852 }, // U+1EE7
    { 29, 30, 380, 2, 29, 218, 11960 }, // U+1EE8
    { 23, 25, 310, 1, 24, 144, 12178 }, // U+1EE9
    { 29, 30, 380, 2, 29, 218, 12322 }, // U+1EEA
    { 23, 25, 310, 1, 24, 144, 12540 }, // U+1EEB
    { 29, 30, 380, 2, 29, 218, 12684 }, // U+1EEC
    { 23, 24, 310, 1, 23, 138, 12902 }, // U+1EED
    { 29, 30, 380, 2, 29, 218, 13040 }, // U+1EEE
    { 23, 22, 310, 1, 21, 127, 13258 }, // U+1EEF
    { 29, 34, 380, 2, 27, 247, 13385 }, // U+1EF0
    { 23, 26, 310, 1, 18, 150, 13632 }, // U+1EF1
    { 24, 30, 348, 3, 29, 180, 13782 }, // U+1EF2
    { 21, 34, 257, -5, 24, 179, 13962 }, // U+1EF3
    { 24, 29, 348, 3, 22, 174, 14141 }, // U+1EF4
    { 21, 25, 250, -5, 15, 132, 14315 }, // U+1EF5
    { 24, 30, 348, 3, 29, 180, 14447 }, // U+1EF6
    { 21, 33, 257, -5, 23, 174, 14627 }, // U+1EF7
    { 24, 30, 348, 3, 29, 180, 14801 }, // U+1EF8
    { 21, 31, 257, -5, 21, 163, 14981 }, // U+1EF9
    { 0, 0, 306, 0, 0, 0, 0 }, // U+2000
    { 0, 0, 350, 0, 0, 0, 0 }, // U+2001
    { 0, 0, 306, 0, 0, 0, 0 }, // U+2002
    { 0, 0, 350, 0, 0, 0, 0 }, // U+2003
    { 0, 0, 292, 0, 0, 0, 0 }, // U+2004
    { 0, 0, 284, 0, 0, 0, 0 }, // U+2005
    { 0, 0, 277, 0, 0, 0, 0 }, // U+2006
    { 0, 0, 308, 0, 0, 0, 0 }, // U+2007
    { 0, 0, 282, 0, 0, 0, 0 }, // U+2008
    { 0, 0, 271, 0, 0, 0, 0 }, // U+2009
    { 0, 0, 263, 0, 0, 0, 0 }, // U+200A
    { 0, 0, 0, 0, 0, 0, 0 }, // U+200B
    { 0, 0, 0, 0, 0, 0, 0 }, // U+200C
    { 0, 0, 0, 0, 0, 0, 0 }, // U+200D
    { 0, 0, 0, 0, 0, 0, 0 }, // U+200E
    { 0, 0, 0, 0, 0, 0, 0 }, // U+200F
    { 11, 4, 171, 0, 9, 11, 0 }, // U+2010
    { 11, 4, 171, 0, 9, 11, 11 }, // U+2011
    { 22, 4, 348, 0, 9, 22, 22 }, // U+2012
    { 19, 3, 334, 1, 9, 15, 44 }, // U+2013
    { 32, 3, 506, 0, 9, 24, 59 }, // U+2014
    { 73, 3, 1176, 0, 9, 55, 83 }, // U+2015
    { 11, 34, 241, 2, 24, 94, 138 }, // U+2016
    { 22, 7, 311, -6, -4, 39, 232 }, // U+2017
    { 9, 11, 143, 4, 24, 25, 271 }, // U+2018
    { 9, 10, 143, 3, 23, 23, 296 }, // U+2019
    { 9, 10, 143, -3, 4, 23, 319 }, // U+201A
    { 16, 11, 251, 4, 24, 44, 342 }, // U+201C
    { 16, 10, 251, 3, 23, 40, 386 }, // U+201D
    { 16, 10, 251, -3, 4, 40, 426 }, // U+201E
    { 15, 27, 256, 3, 22, 102, 466 }, // U+2020
    { 19, 28, 257, -1, 22, 133, 568 }, // U+2021
    { 11, 11, 199, 2, 17, 31, 701 }, // U+2022
    { 6, 6, 143, 0, 5, 9, 732 }, // U+2024
    { 14, 6, 275, 0, 5, 21, 741 }, // U+2025
    { 23, 6, 407, 0, 5, 35, 762 }, // U+2026
    { 0, 0, 0, 0, 0, 0, 797 }, // U+202A
    { 0, 0, 0, 0, 0, 0, 797 }, // U+202B
    { 0, 0, 0, 0, 0, 0, 797 }, // U+202C
    { 0, 0, 0, 0, 0, 0, 797 }, // U+202D
    { 0, 0, 0, 0, 0, 0, 797 }, // U+202E
    { 32, 24, 558, 2, 23, 192, 797 }, // U+2030
    { 6, 9, 76, 3, 23, 14, 989 }, // U+2032
    { 11, 9, 149, 3, 23, 25, 1003 }, // U+2033
    { 15, 9, 223, 3, 23, 34, 1028 }, // U+2034
    { 5, 10, 138, 5, 23, 13, 1062 }, // U+2035
    { 10, 10, 213, 5, 23, 25, 1075 }, // U+2036
    { 15, 10, 285, 5, 23, 38, 1100 }, // U+2037
    { 13, 14, 219, 1, 14, 46, 1138 }, // U+2039
    { 13, 14, 219, 0, 14, 46, 1184 }, // U+203A
    { 19, 23, 283, 0, 22, 110, 1230 }, // U+203C
    { 13, 24, 226, 3, 23, 78, 1340 }, // U+203D
    { 18, 3, 300, 4, 21, 14, 1418 }, // U+203E
    { 24, 24, 31, -10, 23, 144, 1432 }, // U+2044
    { 22, 24, 366, 2, 23, 132, 1576 }, // U+2047
    { 20, 24, 326, 2, 23, 120, 1708 }, // U+2048
    { 22, 24, 326, 0, 23, 132, 1828 }, // U+2049
    { 26, 32, 546, 4, 22, 208, 1960 }, // U+204B
    { 12, 12, 191, -1, 10, 36, 2168 }, // U+204E
    { 20, 9, 297, 3, 23, 45, 2204 }, // U+2057
    { 0, 0, 0, 0, 0, 0, 2249 }, // U+2060
    { 0, 0, 0, 0, 0, 0, 2249 }, // U+2061
    { 0, 0, 0, 0, 0, 0, 2249 }, // U+2062
    { 0, 0, 0, 0, 0, 0, 2249 }, // U+2063
    { 0, 0, 0, 0, 0, 0, 2249 }, // U+2064
    { 0, 0, 0, 0, 0, 0, 2249 }, // U+2066
    { 0, 0, 0, 0, 0, 0, 2249 }, // U+2067
    { 0, 0, 0, 0, 0, 0, 2249 }, // U+2068
    { 0, 0, 0, 0, 0, 0, 2249 }, // U+2069
    { 0, 0, 0, 0, 0, 0, 2249 }, // U+206A
    { 0, 0, 0, 0, 0, 0, 2249 }, // U+206B
    { 0, 0, 0, 0, 0, 0, 2249 }, // U+206C
    { 0, 0, 0, 0, 0, 0, 2249 }, // U+206D
    { 0, 0, 0, 0, 0, 0, 2249 }, // U+206E
    { 0, 0, 0, 0, 0, 0, 2249 }, // U+206F
    { 10, 16, 128, 1, 25, 40, 0 }, // U+2071
    { 19, 18, 318, 1, 17, 86, 40 }, // U+207A
    { 19, 3, 319, 1, 10, 15, 126 }, // U+207B
    { 20, 9, 338, 1, 13, 45, 141 }, // U+207C
    { 15, 32, 158, 0, 24, 120, 186 }, // U+207D
    { 14, 32, 160, -4, 24, 112, 306 }, // U+207E
    { 14, 11, 221, 1, 20, 39, 418 }, // U+207F
    { 11, 13, 180, -2, 7, 36, 457 }, // U+2080
    { 9, 12, 135, -3, 7, 27, 493 }, // U+2081
    { 12, 12, 180, -3, 7, 36, 520 }, // U+2082
    { 11, 12, 161, -3, 7, 33, 556 }, // U+2083
    { 12, 13, 179, -3, 7, 39, 589 }, // U+2084
    { 11, 13, 150, -3, 7, 36, 628 }, // U+2085
    { 12, 12, 167, -2, 7, 36, 664 }, // U+2086
    { 12, 12, 162, -2, 7, 36, 700 }, // U+2087
    { 12, 13, 166, -3, 7, 39, 736 }, // U+2088
    { 12, 13, 167, -3, 7, 39, 775 }, // U+2089
    { 19, 18, 318, 1, 17, 86, 814 }, // U+208A
    { 19, 3, 319, 1, 10, 15, 900 }, // U+208B
    { 20, 9, 338, 1, 13, 45, 915 }, // U+208C
    { 9, 19, 103, -2, 10, 43, 960 }, // U+208D
    { 9, 19, 103, -5, 10, 43, 1003 }, // U+208E
    { 11, 11, 187, -3, 5, 31, 1046 }, // U+2090
    { 11, 11, 177, -2, 5, 31, 1077 }, // U+2091
    { 13, 11, 203, -3, 5, 36, 1108 }, // U+2092
    { 15, 10, 195, -4, 5, 38, 1144 }, // U+2093
    { 11, 11, 177, -2, 3, 31, 1182 }, // U+2094
    { 14, 16, 221, -3, 11, 56, 1213 }, // U+2095
    { 16, 16, 224, -3, 11, 64, 1269 }, // U+2096
    { 10, 16, 123, -3, 11, 40, 1333 }, // U+2097
    { 20, 11, 309, -3, 6, 55, 1373 }, // U+2098
    { 14, 11, 221, -3, 6, 39, 1428 }, // U+2099
    { 16, 16, 221, -5, 6, 64, 1467 }, // U+209A
    { 10, 11, 151, -2, 6, 28, 1531 }, // U+209B
    { 10, 13, 153, -2, 8, 33, 1559 }, // U+209C
    { 23, 29, 355, 2, 25, 167, 0 }, // U+20A1
    { 24, 24, 294, -1, 23, 144, 167 }, // U+20A3
    { 25, 23, 332, -2, 21, 144, 311 }, // U+20A4
    { 21, 21, 392, 1, 17, 111, 455 }, // U+20A5
    { 31, 23, 416, -1, 22, 179, 566 }, // U+20A6
    { 27, 23, 356, -2, 22, 156, 745 }, // U+20A7
    { 33, 23, 487, -2, 22, 190, 901 }, // U+20A8
    { 40, 23, 592, 2, 22, 230, 1091 }, // U+20A9
    { 23, 29, 314, -1, 24, 167, 1321 }, // U+20AB
    { 27, 24, 382, 0, 23, 162, 1488 }, // U+20AC
    { 31, 23, 420, -1, 22, 179, 1650 }, // U+20AD
    { 25, 25, 360, 3, 24, 157, 1829 }, // U+20AE
    { 27, 23, 349, -2, 22, 156, 1986 }, // U+20B1
    { 24, 28, 387, 1, 24, 168, 2142 }, // U+20B2
    { 20, 24, 304, 1, 23, 120, 2310 }, // U+20B4
    { 23, 28, 355, 2, 25, 161, 2430 }, // U+20B5
    { 23, 23, 330, 2, 22, 133, 2591 }, // U+20B8
    { 17, 23, 282, 0, 22, 98, 2724 }, // U+20B9
    { 21, 23, 295, -2, 22, 121, 2822 }, // U+20BA
    { 26, 25, 397, -2, 24, 163, 2943 }, // U+20BC
    { 25, 23, 335, -2, 22, 144, 3106 }, // U+20BD
    { 32, 15, 539, 2, 17, 120, 0 }, // U+2190
    { 14, 30, 238, 1, 23, 105, 120 }, // U+2191
    { 32, 14, 539, 2, 17, 112, 225 }, // U+2192
    { 15, 31, 238, -1, 24, 117, 337 }, // U+2193
    { 32, 14, 540, 2, 17, 112, 454 }, // U+2194
    { 15, 30, 234, 0, 23, 113, 566 }, // U+2195
    { 25, 25, 606, 6, 18, 157, 679 }, // U+2196
    { 25, 24, 416, 0, 19, 150, 836 }, // U+2197
    { 25, 26, 427, 1, 21, 163, 986 }, // U+2198
    { 25, 25, 416, 1, 19, 157, 1149 }, // U+2199
    { 32, 26, 539, 2, 23, 208, 1306 }, // U+219A
    { 32, 26, 539, 2, 23, 208, 1514 }, // U+219B
    { 32, 15, 539, 2, 17, 120, 1722 }, // U+219E
    { 14, 30, 238, 1, 23, 105, 1842 }, // U+219F
    { 32, 14, 539, 2, 17, 112, 1947 }, // U+21A0
    { 14, 30, 238, 0, 23, 105, 2059 }, // U+21A1
    { 32, 15, 539, 2, 17, 120, 2164 }, // U+21A2
    { 32, 26, 540, 2, 23, 208, 2284 }, // U+21AE
    { 30, 15, 525, 2, 17, 113, 2492 }, // U+21D0
    { 15, 30, 238, 1, 23, 113, 2605 }, // U+21D1
    { 31, 14, 525, 2, 17, 109, 2718 }, // U+21D2
    { 14, 30, 238, 0, 23, 105, 2827 }, // U+21D3
    { 32, 14, 552, 2, 17, 112, 2932 }, // U+21DA
    { 15, 30, 234, 0, 23, 113, 3044 }, // U+21DB
    { 32, 15, 552, 3, 17, 120, 3157 }, // U+21DC
    { 14, 30, 238, 1, 23, 105, 3277 }, // U+21DD
    { 16, 25, 239, 0, 24, 100, 0 }, // U+2202
    { 21, 25, 373, 2, 22, 132, 100 }, // U+2205
    { 24, 24, 336, -2, 23, 144, 232 }, // U+2206
    { 24, 24, 367, 1, 22, 144, 376 }, // U+2207
    { 32, 23, 404, -2, 22, 184, 520 }, // U+220F
    { 31, 23, 612, 5, 22, 179, 704 }, // U+2210
    { 25, 25, 288, -4, 22, 157, 883 }, // U+2211
    { 19, 3, 323, 1, 10, 15, 1040 }, // U+2212
    { 19, 21, 319, 3, 21, 100, 1055 }, // U+2213
    { 17, 26, 148, -3, 23, 111, 1155 }, // U+2215
    { 7, 26, 212, 4, 23, 46, 1266 }, // U+2216
    { 6, 6, 136, 1, 10, 9, 1312 }, // U+2219
    { 23, 28, 232, 1, 24, 161, 1321 }, // U+221A
    { 27, 15, 436, 0, 15, 102, 1482 }, // U+221E
    { 5, 34, 147, 2, 24, 43, 1584 }, // U+2223
    { 16, 34, 147, -3, 24, 136, 1627 }, // U+2224
    { 10, 34, 233, 2, 24, 85, 1763 }, // U+2225
    { 21, 34, 233, -3, 24, 179, 1848 }, // U+2226
    { 28, 30, 199, -9, 23, 210, 2027 }, // U+222B
    { 9, 15, 143, 0, 14, 34, 2237 }, // U+2236
    { 17, 6, 291, 2, 14, 26, 2271 }, // U+223C
    { 17, 26, 310, 2, 24, 111, 2297 }, // U+2241
    { 19, 12, 291, 0, 15, 57, 2408 }, // U+2248
    { 20, 20, 319, 1, 18, 100, 2465 }, // U+2260
    { 18, 19, 265, -1, 18, 86, 2565 }, // U+2264
    { 18, 19, 319, 1, 18, 86, 2651 }, // U+2265
    { 27, 17, 477, 1, 16, 115, 2737 }, // U+226A
    { 28, 17, 482, 2, 16, 119, 2852 }, // U+226B
    { 17, 26, 319, 1, 21, 111, 2971 }, // U+226E
    { 17, 26, 319, 2, 21, 111, 3082 }, // U+226F
    { 6, 6, 136, 1, 10, 9, 3193 }, // U+22C5
    { 23, 6, 408, 1, 10, 35, 3202 }, // U+22EF
    { 36, 34, 373, -7, 24, 306, 0 }, // U+FB00
    { 28, 34, 343, -7, 24, 238, 306 }, // U+FB01
    { 32, 34, 363, -7, 24, 272, 544 }, // U+FB02
    { 38, 34, 516, -7, 24, 323, 816 }, // U+FB03
    { 42, 34, 535, -7, 24, 357, 1139 }, // U+FB04
    { 32, 34, 370, -7, 24, 272, 1496 }, // U+FB05
    { 25, 24, 363, -1, 23, 150, 1768 }, // U+FB06
    { 27, 27, 427, 1, 24, 183, 0 }, // U+FFFD
};

static const EpdUnicodeInterval ebgaramond_16_bolditalicIntervals[] = {
    { 0x0, 0xB1, 0x0 },
    { 0xB4, 0xB8, 0xB2 },
    { 0xBA, 0x17F, 0xB7 },
    { 0x1A0, 0x1A1, 0x17D },
    { 0x1AF, 0x1B0, 0x17F },
    { 0x1C4, 0x21F, 0x181 },
    { 0x300, 0x33E, 0x1DD },
    { 0x340, 0x345, 0x21C },
    { 0x34F, 0x34F, 0x222 },
    { 0x351, 0x351, 0x223 },
    { 0x353, 0x353, 0x224 },
    { 0x357, 0x357, 0x225 },
    { 0x35D, 0x35D, 0x226 },
    { 0x361, 0x361, 0x227 },
    { 0x364, 0x364, 0x228 },
    { 0x400, 0x45F, 0x229 },
    { 0x462, 0x463, 0x289 },
    { 0x46A, 0x46B, 0x28B },
    { 0x470, 0x470, 0x28D },
    { 0x472, 0x477, 0x28E },
    { 0x48A, 0x4FF, 0x294 },
    { 0x1EA0, 0x1EF9, 0x30A },
    { 0x2000, 0x201A, 0x364 },
    { 0x201C, 0x201E, 0x37F },
    { 0x2020, 0x2022, 0x382 },
    { 0x2024, 0x2026, 0x385 },
    { 0x202A, 0x202E, 0x388 },
    { 0x2030, 0x2030, 0x38D },
    { 0x2032, 0x2037, 0x38E },
    { 0x2039, 0x203A, 0x394 },
    { 0x203C, 0x203E, 0x396 },
    { 0x2044, 0x2044, 0x399 },
    { 0x2047, 0x2049, 0x39A },
    { 0x204B, 0x204B, 0x39D },
    { 0x204E, 0x204E, 0x39E },
    { 0x2057, 0x2057, 0x39F },
    { 0x2060, 0x2064, 0x3A0 },
    { 0x2066, 0x206F, 0x3A5 },
    { 0x2071, 0x2071, 0x3AF },
    { 0x207A, 0x208E, 0x3B0 },
    { 0x2090, 0x209C, 0x3C5 },
    { 0x20A1, 0x20A1, 0x3D2 },
    { 0x20A3, 0x20A9, 0x3D3 },
    { 0x20AB, 0x20AE, 0x3DA },
    { 0x20B1, 0x20B2, 0x3DE },
    { 0x20B4, 0x20B5, 0x3E0 },
    { 0x20B8, 0x20BA, 0x3E2 },
    { 0x20BC, 0x20BD, 0x3E5 },
    { 0x2190, 0x219B, 0x3E7 },
    { 0x219E, 0x21A2, 0x3F3 },
    { 0x21AE, 0x21AE, 0x3F8 },
    { 0x21D0, 0x21D3, 0x3F9 },
    { 0x21DA, 0x21DD, 0x3FD },
    { 0x2202, 0x2202, 0x401 },
    { 0x2205, 0x2207, 0x402 },
    { 0x220F, 0x2213, 0x405 },
    { 0x2215, 0x2216, 0x40A },
    { 0x2219, 0x221A, 0x40C },
    { 0x221E, 0x221E, 0x40E },
    { 0x2223, 0x2226, 0x40F },
    { 0x222B, 0x222B, 0x413 },
    { 0x2236, 0x2236, 0x414 },
    { 0x223C, 0x223C, 0x415 },
    { 0x2241, 0x2241, 0x416 },
    { 0x2248, 0x2248, 0x417 },
    { 0x2260, 0x2260, 0x418 },
    { 0x2264, 0x2265, 0x419 },
    { 0x226A, 0x226B, 0x41B },
    { 0x226E, 0x226F, 0x41D },
    { 0x22C5, 0x22C5, 0x41F },
    { 0x22EF, 0x22EF, 0x420 },
    { 0xFB00, 0xFB06, 0x421 },
    { 0xFFFD, 0xFFFD, 0x428 },
};

static const EpdFontGroup ebgaramond_16_bolditalicGroups[] = {
    { 0, 5182, 10879, 128, 0 },
    { 5182, 4234, 12177, 125, 128 },
    { 9416, 5796, 20366, 128, 253 },
    { 15212, 5662, 17736, 96, 381 },
    { 20874, 1000, 1603, 76, 477 },
    { 21874, 11096, 34621, 225, 553 },
    { 32970, 3163, 15970, 90, 778 },
    { 36133, 1312, 2416, 75, 868 },
    { 37445, 907, 1731, 35, 943 },
    { 38352, 1753, 3432, 21, 978 },
    { 40105, 1104, 3568, 26, 999 },
    { 41209, 1521, 3489, 32, 1025 },
    { 42730, 834, 1970, 7, 1057 },
    { 43564, 127, 189, 1, 1064 },
};

static const EpdKernClassEntry ebgaramond_16_bolditalicKernLeftClasses[] = {
    { 0x0026, 1 }, // &
    { 0x0028, 2 }, // (
    { 0x002A, 3 }, // *
    { 0x002C, 4 }, // ,
    { 0x002D, 5 }, // -
    { 0x002E, 4 }, // .
    { 0x002F, 6 }, // /
    { 0x0030, 7 }, // 0
    { 0x0032, 8 }, // 2
    { 0x0033, 9 }, // 3
    { 0x0034, 10 }, // 4
    { 0x0035, 11 }, // 5
    { 0x0037, 12 }, // 7
    { 0x0038, 13 }, // 8
    { 0x0039, 14 }, // 9
    { 0x003A, 15 }, // :
    { 0x0040, 16 }, // @
    { 0x0041, 17 }, // A
    { 0x0042, 18 }, // B
    { 0x0043, 19 }, // C
    { 0x0044, 20 }, // D
    { 0x0046, 21 }, // F
    { 0x0047, 22 }, // G
    { 0x0048, 23 }, // H
    { 0x0049, 23 }, // I
    { 0x004A, 24 }, // J
    { 0x004B, 25 }, // K
    { 0x004C, 26 }, // L
    { 0x004D, 27 }, // M
    { 0x004F, 20 }, // O
    { 0x0050, 28 }, // P
    { 0x0051, 20 }, // Q
    { 0x0052, 29 }, // R
    { 0x0053, 30 }, // S
    { 0x0054, 31 }, // T
    { 0x0055, 32 }, // U
    { 0x0056, 33 }, // V
    { 0x0057, 33 }, // W
    { 0x0058, 34 }, // X
    { 0x0059, 35 }, // Y
    { 0x005A, 36 }, // Z
    { 0x005C, 37 }, // <backslash>
    { 0x0061, 38 }, // a
    { 0x0062, 39 }, // b
    { 0x0063, 40 }, // c
    { 0x0064, 41 }, // d
    { 0x0065, 42 }, // e
    { 0x0066, 43 }, // f
    { 0x0067, 44 }, // g
    { 0x0068, 45 }, // h
    { 0x0069, 46 }, // i
    { 0x006A, 47 }, // j
    { 0x006B, 48 }, // k
    { 0x006C, 41 }, // l
    { 0x006D, 49 }, // m
    { 0x006E, 49 }, // n
    { 0x006F, 39 }, // o
    { 0x0070, 39 }, // p
    { 0x0071, 50 }, // q
    { 0x0072, 51 }, // r
    { 0x0073, 52 }, // s
    { 0x0074, 53 }, // t
    { 0x0075, 46 }, // u
    { 0x0076, 54 }, // v
    { 0x0077, 54 }, // w
    { 0x0078, 55 }, // x
    { 0x0079, 56 }, // y
    { 0x007A, 57 }, // z
    { 0x00A1, 58 }, // U+00A1
    { 0x00A5, 59 }, // U+00A5
    { 0x00AB, 60 }, // U+00AB
    { 0x00B6, 61 }, // U+00B6
    { 0x00B7, 62 }, // U+00B7
    { 0x00BB, 63 }, // U+00BB
    { 0x00BF, 64 }, // U+00BF
    { 0x00C0, 17 }, // U+00C0
    { 0x00C1, 17 }, // U+00C1
    { 0x00C2, 17 }, // U+00C2
    { 0x00C3, 17 }, // U+00C3
    { 0x00C4, 17 }, // U+00C4
    { 0x00C5, 17 }, // U+00C5
    { 0x00C7, 19 }, // U+00C7
    { 0x00CC, 23 }, // U+00CC
    { 0x00CD, 23 }, // U+00CD
    { 0x00CE, 23 }, // U+00CE
    { 0x00CF, 23 }, // U+00CF
    { 0x00D0, 20 }, // U+00D0
    { 0x00D2, 20 }, // U+00D2
    { 0x00D3, 20 }, // U+00D3
    { 0x00D4, 20 }, // U+00D4
    { 0x00D5, 20 }, // U+00D5
    { 0x00D6, 20 }, // U+00D6
    { 0x00D8, 20 }, // U+00D8
    { 0x00D9, 32 }, // U+00D9
    { 0x00DA, 32 }, // U+00DA
    { 0x00DB, 32 }, // U+00DB
    { 0x00DC, 32 }, // U+00DC
    { 0x00DD, 35 }, // U+00DD
    { 0x00DE, 65 }, // U+00DE
    { 0x00DF, 66 }, // U+00DF
    { 0x00E0, 38 }, // U+00E0
    { 0x00E1, 38 }, // U+00E1
    { 0x00E2, 38 }, // U+00E2
    { 0x00E3, 38 }, // U+00E3
    { 0x00E4, 38 }, // U+00E4
    { 0x00E5, 38 }, // U+00E5
    { 0x00E6, 42 }, // U+00E6
    { 0x00E7, 40 }, // U+00E7
    { 0x00E8, 42 }, // U+00E8
    { 0x00E9, 42 }, // U+00E9
    { 0x00EA, 42 }, // U+00EA
    { 0x00EB, 42 }, // U+00EB
    { 0x00EC, 46 }, // U+00EC
    { 0x00ED, 46 }, // U+00ED
    { 0x00EE, 46 }, // U+00EE
    { 0x00EF, 46 }, // U+00EF
    { 0x00F1, 49 }, // U+00F1
    { 0x00F2, 39 }, // U+00F2
    { 0x00F3, 39 }, // U+00F3
    { 0x00F4, 39 }, // U+00F4
    { 0x00F5, 39 }, // U+00F5
    { 0x00F6, 39 }, // U+00F6
    { 0x00F8, 39 }, // U+00F8
    { 0x00F9, 46 }, // U+00F9
    { 0x00FA, 46 }, // U+00FA
    { 0x00FB, 46 }, // U+00FB
    { 0x00FC, 46 }, // U+00FC
    { 0x00FD, 56 }, // U+00FD
    { 0x00FE, 39 }, // U+00FE
    { 0x00FF, 56 }, // U+00FF
    { 0x0100, 17 }, // U+0100
    { 0x0101, 38 }, // U+0101
    { 0x0102, 17 }, // U+0102
    { 0x0103, 38 }, // U+0103
    { 0x0104, 17 }, // U+0104
    { 0x0105, 38 }, // U+0105
    { 0x0106, 19 }, // U+0106
    { 0x0107, 40 }, // U+0107
    { 0x0108, 19 }, // U+0108
    { 0x0109, 40 }, // U+0109
    { 0x010A, 19 }, // U+010A
    { 0x010B, 40 }, // U+010B
    { 0x010C, 19 }, // U+010C
    { 0x010D, 40 }, // U+010D
    { 0x010E, 20 }, // U+010E
    { 0x010F, 67 }, // U+010F
    { 0x0110, 20 }, // U+0110
    { 0x0111, 41 }, // U+0111
    { 0x0113, 42 }, // U+0113
    { 0x0115, 42 }, // U+0115
    { 0x0117, 42 }, // U+0117
    { 0x0119, 42 }, // U+0119
    { 0x011B, 42 }, // U+011B
    { 0x011C, 22 }, // U+011C
    { 0x011D, 44 }, // U+011D
    { 0x011E, 22 }, // U+011E
    { 0x011F, 44 }, // U+011F
    { 0x0120, 22 }, // U+0120
    { 0x0121, 44 }, // U+0121
    { 0x0122, 22 }, // U+0122
    { 0x0123, 44 }, // U+0123
    { 0x0124, 23 }, // U+0124
    { 0x0125, 49 }, // U+0125
    { 0x0126, 23 }, // U+0126
    { 0x0127, 49 }, // U+0127
    { 0x0128, 23 }, // U+0128
    { 0x012A, 23 }, // U+012A
    { 0x012C, 23 }, // U+012C
    { 0x012D, 46 }, // U+012D
    { 0x012E, 23 }, // U+012E
    { 0x0130, 23 }, // U+0130
    { 0x0131, 46 }, // U+0131
    { 0x0132, 24 }, // U+0132
    { 0x0133, 47 }, // U+0133
    { 0x0134, 24 }, // U+0134
    { 0x0135, 47 }, // U+0135
    { 0x0136, 25 }, // U+0136
    { 0x0137, 48 }, // U+0137
    { 0x0138, 48 }, // U+0138
    { 0x0139, 26 }, // U+0139
    { 0x013A, 41 }, // U+013A
    { 0x013B, 26 }, // U+013B
    { 0x013C, 41 }, // U+013C
    { 0x013D, 26 }, // U+013D
    { 0x013E, 67 }, // U+013E
    { 0x013F, 26 }, // U+013F
    { 0x0141, 26 }, // U+0141
    { 0x0142, 41 }, // U+0142
    { 0x0144, 49 }, // U+0144
    { 0x0146, 49 }, // U+0146
    { 0x0148, 49 }, // U+0148
    { 0x0149, 49 }, // U+0149
    { 0x014B, 47 }, // U+014B
    { 0x014C, 20 }, // U+014C
    { 0x014D, 39 }, // U+014D
    { 0x014E, 20 }, // U+014E
    { 0x014F, 39 }, // U+014F
    { 0x0150, 20 }, // U+0150
    { 0x0151, 39 }, // U+0151
    { 0x0153, 42 }, // U+0153
    { 0x0154, 29 }, // U+0154
    { 0x0155, 51 }, // U+0155
    { 0x0156, 29 }, // U+0156
    { 0x0157, 51 }, // U+0157
    { 0x0158, 29 }, // U+0158
    { 0x0159, 51 }, // U+0159
    { 0x015A, 30 }, // U+015A
    { 0x015B, 52 }, // U+015B
    { 0x015C, 30 }, // U+015C
    { 0x015D, 52 }, // U+015D
    { 0x015E, 30 }, // U+015E
    { 0x015F, 52 }, // U+015F
    { 0x0160, 30 }, // U+0160
    { 0x0161, 52 }, // U+0161
    { 0x0162, 31 }, // U+0162
    { 0x0163, 53 }, // U+0163
    { 0x0164, 31 }, // U+0164
    { 0x0165, 67 }, // U+0165
    { 0x0166, 31 }, // U+0166
    { 0x0167, 53 }, // U+0167
    { 0x0168, 32 }, // U+0168
    { 0x0169, 46 }, // U+0169
    { 0x016A, 32 }, // U+016A
    { 0x016B, 46 }, // U+016B
    { 0x016C, 32 }, // U+016C
    { 0x016D, 46 }, // U+016D
    { 0x016E, 32 }, // U+016E
    { 0x016F, 46 }, // U+016F
    { 0x0170, 32 }, // U+0170
    { 0x0171, 46 }, // U+0171
    { 0x0172, 32 }, // U+0172
    { 0x0173, 46 }, // U+0173
    { 0x0174, 33 }, // U+0174
    { 0x0175, 54 }, // U+0175
    { 0x0176, 35 }, // U+0176
    { 0x0177, 56 }, // U+0177
    { 0x0178, 35 }, // U+0178
    { 0x0179, 36 }, // U+0179
    { 0x017A, 57 }, // U+017A
    { 0x017B, 36 }, // U+017B
    { 0x017C, 57 }, // U+017C
    { 0x017D, 36 }, // U+017D
    { 0x017E, 57 }, // U+017E
    { 0x017F, 68 }, // U+017F
    { 0x01A0, 20 }, // U+01A0
    { 0x01AF, 32 }, // U+01AF
    { 0x01C4, 36 }, // U+01C4
    { 0x01C5, 57 }, // U+01C5
    { 0x01C6, 57 }, // U+01C6
    { 0x01C7, 24 }, // U+01C7
    { 0x01C8, 47 }, // U+01C8
    { 0x01C9, 47 }, // U+01C9
    { 0x01CA, 24 }, // U+01CA
    { 0x01CB, 47 }, // U+01CB
    { 0x01CC, 47 }, // U+01CC
    { 0x01CD, 17 }, // U+01CD
    { 0x01CE, 38 }, // U+01CE
    { 0x01CF, 23 }, // U+01CF
    { 0x01D0, 46 }, // U+01D0
    { 0x01D1, 20 }, // U+01D1
    { 0x01D2, 39 }, // U+01D2
    { 0x01D3, 32 }, // U+01D3
    { 0x01D4, 46 }, // U+01D4
    { 0x01D5, 32 }, // U+01D5
    { 0x01D6, 46 }, // U+01D6
    { 0x01D7, 32 }, // U+01D7
    { 0x01D8, 46 }, // U+01D8
    { 0x01D9, 32 }, // U+01D9
    { 0x01DA, 46 }, // U+01DA
    { 0x01DB, 32 }, // U+01DB
    { 0x01DC, 46 }, // U+01DC
    { 0x01DD, 39 }, // U+01DD
    { 0x01DE, 17 }, // U+01DE
    { 0x01DF, 38 }, // U+01DF
    { 0x01E0, 17 }, // U+01E0
    { 0x01E1, 38 }, // U+01E1
    { 0x01E3, 42 }, // U+01E3
    { 0x01E4, 22 }, // U+01E4
    { 0x01E5, 44 }, // U+01E5
    { 0x01E6, 22 }, // U+01E6
    { 0x01E7, 44 }, // U+01E7
    { 0x01E8, 25 }, // U+01E8
    { 0x01E9, 48 }, // U+01E9
    { 0x01EA, 20 }, // U+01EA
    { 0x01EB, 39 }, // U+01EB
    { 0x01EC, 20 }, // U+01EC
    { 0x01ED, 39 }, // U+01ED
    { 0x01EF, 69 }, // U+01EF
    { 0x01F0, 47 }, // U+01F0
    { 0x01F1, 36 }, // U+01F1
    { 0x01F2, 57 }, // U+01F2
    { 0x01F4, 22 }, // U+01F4
    { 0x01F5, 44 }, // U+01F5
    { 0x01F9, 49 }, // U+01F9
    { 0x01FA, 17 }, // U+01FA
    { 0x01FB, 38 }, // U+01FB
    { 0x01FD, 42 }, // U+01FD
    { 0x01FE, 20 }, // U+01FE
    { 0x01FF, 39 }, // U+01FF
    { 0x0200, 17 }, // U+0200
    { 0x0201, 38 }, // U+0201
    { 0x0202, 17 }, // U+0202
    { 0x0203, 38 }, // U+0203
    { 0x0205, 42 }, // U+0205
    { 0x0207, 42 }, // U+0207
    { 0x0208, 23 }, // U+0208
    { 0x0209, 46 }, // U+0209
    { 0x020A, 23 }, // U+020A
    { 0x020B, 46 }, // U+020B
    { 0x020C, 20 }, // U+020C
    { 0x020D, 39 }, // U+020D
    { 0x020E, 20 }, // U+020E
    { 0x020F, 39 }, // U+020F
    { 0x0210, 29 }, // U+0210
    { 0x0211, 51 }, // U+0211
    { 0x0212, 29 }, // U+0212
    { 0x0213, 51 }, // U+0213
    { 0x0214, 32 }, // U+0214
    { 0x0215, 46 }, // U+0215
    { 0x0216, 32 }, // U+0216
    { 0x0217, 46 }, // U+0217
    { 0x0218, 30 }, // U+0218
    { 0x0219, 52 }, // U+0219
    { 0x021A, 31 }, // U+021A
    { 0x021B, 53 }, // U+021B
    { 0x021E, 23 }, // U+021E
    { 0x021F, 49 }, // U+021F
    { 0x0402, 70 }, // U+0402
    { 0x0403, 71 }, // U+0403
    { 0x0404, 19 }, // U+0404
    { 0x0405, 30 }, // U+0405
    { 0x0406, 23 }, // U+0406
    { 0x0407, 23 }, // U+0407
    { 0x0408, 24 }, // U+0408
    { 0x0409, 72 }, // U+0409
    { 0x040A, 72 }, // U+040A
    { 0x040B, 73 }, // U+040B
    { 0x040C, 74 }, // U+040C
    { 0x040D, 23 }, // U+040D
    { 0x040E, 33 }, // U+040E
    { 0x040F, 23 }, // U+040F
    { 0x0410, 17 }, // U+0410
    { 0x0411, 75 }, // U+0411
    { 0x0412, 18 }, // U+0412
    { 0x0413, 71 }, // U+0413
    { 0x0414, 23 }, // U+0414
    { 0x0416, 74 }, // U+0416
    { 0x0417, 18 }, // U+0417
    { 0x0418, 23 }, // U+0418
    { 0x0419, 23 }, // U+0419
    { 0x041A, 74 }, // U+041A
    { 0x041B, 23 }, // U+041B
    { 0x041C, 27 }, // U+041C
    { 0x041D, 23 }, // U+041D
    { 0x041E, 20 }, // U+041E
    { 0x041F, 23 }, // U+041F
    { 0x0420, 28 }, // U+0420
    { 0x0421, 19 }, // U+0421
    { 0x0422, 31 }, // U+0422
    { 0x0423, 33 }, // U+0423
    { 0x0424, 76 }, // U+0424
    { 0x0425, 34 }, // U+0425
    { 0x0426, 23 }, // U+0426
    { 0x0427, 23 }, // U+0427
    { 0x0428, 23 }, // U+0428
    { 0x0429, 23 }, // U+0429
    { 0x042A, 72 }, // U+042A
    { 0x042B, 23 }, // U+042B
    { 0x042C, 72 }, // U+042C
    { 0x042D, 20 }, // U+042D
    { 0x042E, 20 }, // U+042E
    { 0x042F, 23 }, // U+042F
    { 0x0430, 38 }, // U+0430
    { 0x0431, 77 }, // U+0431
    { 0x0432, 78 }, // U+0432
    { 0x0433, 79 }, // U+0433
    { 0x0434, 80 }, // U+0434
    { 0x0435, 42 }, // U+0435
    { 0x0436, 40 }, // U+0436
    { 0x0437, 78 }, // U+0437
    { 0x0438, 46 }, // U+0438
    { 0x0439, 46 }, // U+0439
    { 0x043A, 81 }, // U+043A
    { 0x043B, 46 }, // U+043B
    { 0x043C, 46 }, // U+043C
    { 0x043D, 46 }, // U+043D
    { 0x043E, 39 }, // U+043E
    { 0x043F, 49 }, // U+043F
    { 0x0440, 39 }, // U+0440
    { 0x0441, 40 }, // U+0441
    { 0x0442, 49 }, // U+0442
    { 0x0443, 56 }, // U+0443
    { 0x0444, 39 }, // U+0444
    { 0x0445, 55 }, // U+0445
    { 0x0446, 46 }, // U+0446
    { 0x0447, 46 }, // U+0447
    { 0x0448, 46 }, // U+0448
    { 0x0449, 46 }, // U+0449
    { 0x044A, 82 }, // U+044A
    { 0x044B, 46 }, // U+044B
    { 0x044C, 82 }, // U+044C
    { 0x044D, 39 }, // U+044D
    { 0x044E, 39 }, // U+044E
    { 0x044F, 46 }, // U+044F
    { 0x0450, 42 }, // U+0450
    { 0x0451, 42 }, // U+0451
    { 0x0452, 45 }, // U+0452
    { 0x0453, 79 }, // U+0453
    { 0x0454, 40 }, // U+0454
    { 0x0455, 52 }, // U+0455
    { 0x0456, 46 }, // U+0456
    { 0x0457, 46 }, // U+0457
    { 0x0458, 47 }, // U+0458
    { 0x0459, 82 }, // U+0459
    { 0x045A, 82 }, // U+045A
    { 0x045B, 49 }, // U+045B
    { 0x045C, 81 }, // U+045C
    { 0x045D, 46 }, // U+045D
    { 0x045E, 56 }, // U+045E
    { 0x045F, 46 }, // U+045F
    { 0x0462, 83 }, // U+0462
    { 0x0463, 82 }, // U+0463
    { 0x046A, 84 }, // U+046A
    { 0x046B, 85 }, // U+046B
    { 0x0470, 86 }, // U+0470
    { 0x0472, 20 }, // U+0472
    { 0x0473, 39 }, // U+0473
    { 0x0474, 33 }, // U+0474
    { 0x0475, 87 }, // U+0475
    { 0x0476, 33 }, // U+0476
    { 0x0477, 87 }, // U+0477
    { 0x048A, 23 }, // U+048A
    { 0x048B, 46 }, // U+048B
    { 0x048C, 83 }, // U+048C
    { 0x048D, 82 }, // U+048D
    { 0x048E, 28 }, // U+048E
    { 0x048F, 39 }, // U+048F
    { 0x0490, 88 }, // U+0490
    { 0x0491, 89 }, // U+0491
    { 0x0492, 71 }, // U+0492
    { 0x0493, 79 }, // U+0493
    { 0x0494, 90 }, // U+0494
    { 0x0495, 91 }, // U+0495
    { 0x0496, 74 }, // U+0496
    { 0x0497, 40 }, // U+0497
    { 0x0498, 18 }, // U+0498
    { 0x0499, 78 }, // U+0499
    { 0x049A, 74 }, // U+049A
    { 0x049B, 81 }, // U+049B
    { 0x049C, 74 }, // U+049C
    { 0x049D, 81 }, // U+049D
    { 0x049E, 74 }, // U+049E
    { 0x049F, 81 }, // U+049F
    { 0x04A0, 74 }, // U+04A0
    { 0x04A1, 81 }, // U+04A1
    { 0x04A2, 23 }, // U+04A2
    { 0x04A3, 46 }, // U+04A3
    { 0x04A4, 31 }, // U+04A4
    { 0x04A5, 92 }, // U+04A5
    { 0x04A6, 93 }, // U+04A6
    { 0x04A7, 94 }, // U+04A7
    { 0x04A8, 95 }, // U+04A8
    { 0x04A9, 96 }, // U+04A9
    { 0x04AA, 19 }, // U+04AA
    { 0x04AB, 40 }, // U+04AB
    { 0x04AC, 31 }, // U+04AC
    { 0x04AD, 49 }, // U+04AD
    { 0x04AE, 35 }, // U+04AE
    { 0x04AF, 97 }, // U+04AF
    { 0x04B0, 35 }, // U+04B0
    { 0x04B1, 97 }, // U+04B1
    { 0x04B2, 34 }, // U+04B2
    { 0x04B3, 55 }, // U+04B3
    { 0x04B4, 23 }, // U+04B4
    { 0x04B5, 46 }, // U+04B5
    { 0x04B6, 23 }, // U+04B6
    { 0x04B7, 46 }, // U+04B7
    { 0x04B8, 23 }, // U+04B8
    { 0x04B9, 46 }, // U+04B9
    { 0x04BA, 98 }, // U+04BA
    { 0x04BB, 45 }, // U+04BB
    { 0x04BC, 99 }, // U+04BC
    { 0x04BD, 42 }, // U+04BD
    { 0x04BE, 99 }, // U+04BE
    { 0x04BF, 42 }, // U+04BF
    { 0x04C0, 23 }, // U+04C0
    { 0x04C1, 74 }, // U+04C1
    { 0x04C2, 40 }, // U+04C2
    { 0x04C3, 100 }, // U+04C3
    { 0x04C4, 101 }, // U+04C4
    { 0x04C5, 23 }, // U+04C5
    { 0x04C6, 46 }, // U+04C6
    { 0x04C7, 24 }, // U+04C7
    { 0x04C8, 47 }, // U+04C8
    { 0x04C9, 23 }, // U+04C9
    { 0x04CA, 46 }, // U+04CA
    { 0x04CB, 23 }, // U+04CB
    { 0x04CC, 46 }, // U+04CC
    { 0x04CD, 27 }, // U+04CD
    { 0x04CE, 46 }, // U+04CE
    { 0x04D0, 17 }, // U+04D0
    { 0x04D1, 38 }, // U+04D1
    { 0x04D2, 17 }, // U+04D2
    { 0x04D3, 38 }, // U+04D3
    { 0x04D5, 42 }, // U+04D5
    { 0x04D7, 42 }, // U+04D7
    { 0x04D8, 20 }, // U+04D8
    { 0x04D9, 39 }, // U+04D9
    { 0x04DA, 20 }, // U+04DA
    { 0x04DB, 39 }, // U+04DB
    { 0x04DC, 74 }, // U+04DC
    { 0x04DD, 40 }, // U+04DD
    { 0x04DE, 18 }, // U+04DE
    { 0x04DF, 78 }, // U+04DF
    { 0x04E0, 102 }, // U+04E0
    { 0x04E1, 69 }, // U+04E1
    { 0x04E2, 23 }, // U+04E2
    { 0x04E3, 46 }, // U+04E3
    { 0x04E4, 23 }, // U+04E4
    { 0x04E5, 46 }, // U+04E5
    { 0x04E6, 20 }, // U+04E6
    { 0x04E7, 39 }, // U+04E7
    { 0x04E8, 20 }, // U+04E8
    { 0x04E9, 39 }, // U+04E9
    { 0x04EA, 20 }, // U+04EA
    { 0x04EB, 39 }, // U+04EB
    { 0x04EC, 20 }, // U+04EC
    { 0x04ED, 39 }, // U+04ED
    { 0x04EE, 33 }, // U+04EE
    { 0x04EF, 56 }, // U+04EF
    { 0x04F0, 33 }, // U+04F0
    { 0x04F1, 56 }, // U+04F1
    { 0x04F2, 33 }, // U+04F2
    { 0x04F3, 56 }, // U+04F3
    { 0x04F4, 23 }, // U+04F4
    { 0x04F5, 46 }, // U+04F5
    { 0x04F6, 71 }, // U+04F6
    { 0x04F7, 79 }, // U+04F7
    { 0x04F8, 23 }, // U+04F8
    { 0x04F9, 46 }, // U+04F9
    { 0x04FA, 71 }, // U+04FA
    { 0x04FB, 79 }, // U+04FB
    { 0x04FC, 103 }, // U+04FC
    { 0x04FD, 104 }, // U+04FD
    { 0x04FE, 34 }, // U+04FE
    { 0x04FF, 55 }, // U+04FF
    { 0x1EA0, 17 }, // U+1EA0
    { 0x1EA1, 38 }, // U+1EA1
    { 0x1EA2, 17 }, // U+1EA2
    { 0x1EA3, 38 }, // U+1EA3
    { 0x1EA4, 17 }, // U+1EA4
    { 0x1EA5, 38 }, // U+1EA5
    { 0x1EA6, 17 }, // U+1EA6
    { 0x1EA7, 38 }, // U+1EA7
    { 0x1EA8, 17 }, // U+1EA8
    { 0x1EA9, 38 }, // U+1EA9
    { 0x1EAA, 17 }, // U+1EAA
    { 0x1EAB, 38 }, // U+1EAB
    { 0x1EAC, 17 }, // U+1EAC
    { 0x1EAD, 38 }, // U+1EAD
    { 0x1EAE, 17 }, // U+1EAE
    { 0x1EAF, 38 }, // U+1EAF
    { 0x1EB0, 17 }, // U+1EB0
    { 0x1EB1, 38 }, // U+1EB1
    { 0x1EB2, 17 }, // U+1EB2
    { 0x1EB3, 38 }, // U+1EB3
    { 0x1EB4, 17 }, // U+1EB4
    { 0x1EB5, 38 }, // U+1EB5
    { 0x1EB6, 17 }, // U+1EB6
    { 0x1EB7, 38 }, // U+1EB7
    { 0x1EB9, 42 }, // U+1EB9
    { 0x1EBB, 42 }, // U+1EBB
    { 0x1EBD, 42 }, // U+1EBD
    { 0x1EBF, 42 }, // U+1EBF
    { 0x1EC1, 42 }, // U+1EC1
    { 0x1EC3, 42 }, // U+1EC3
    { 0x1EC5, 42 }, // U+1EC5
    { 0x1EC7, 42 }, // U+1EC7
    { 0x1EC8, 23 }, // U+1EC8
    { 0x1EC9, 46 }, // U+1EC9
    { 0x1ECA, 23 }, // U+1ECA
    { 0x1ECB, 46 }, // U+1ECB
    { 0x1ECC, 20 }, // U+1ECC
    { 0x1ECD, 39 }, // U+1ECD
    { 0x1ECE, 20 }, // U+1ECE
    { 0x1ECF, 39 }, // U+1ECF
    { 0x1ED0, 20 }, // U+1ED0
    { 0x1ED1, 39 }, // U+1ED1
    { 0x1ED2, 20 }, // U+1ED2
    { 0x1ED3, 39 }, // U+1ED3
    { 0x1ED4, 20 }, // U+1ED4
    { 0x1ED5, 39 }, // U+1ED5
    { 0x1ED6, 20 }, // U+1ED6
    { 0x1ED7, 39 }, // U+1ED7
    { 0x1ED8, 20 }, // U+1ED8
    { 0x1ED9, 39 }, // U+1ED9
    { 0x1EDA, 20 }, // U+1EDA
    { 0x1EDC, 20 }, // U+1EDC
    { 0x1EDE, 20 }, // U+1EDE
    { 0x1EE0, 20 }, // U+1EE0
    { 0x1EE2, 20 }, // U+1EE2
    { 0x1EE4, 32 }, // U+1EE4
    { 0x1EE5, 46 }, // U+1EE5
    { 0x1EE6, 32 }, // U+1EE6
    { 0x1EE7, 46 }, // U+1EE7
    { 0x1EE8, 32 }, // U+1EE8
    { 0x1EEA, 32 }, // U+1EEA
    { 0x1EEC, 32 }, // U+1EEC
    { 0x1EEE, 32 }, // U+1EEE
    { 0x1EF0, 32 }, // U+1EF0
    { 0x1EF2, 35 }, // U+1EF2
    { 0x1EF3, 56 }, // U+1EF3
    { 0x1EF4, 35 }, // U+1EF4
    { 0x1EF5, 54 }, // U+1EF5
    { 0x1EF6, 35 }, // U+1EF6
    { 0x1EF7, 54 }, // U+1EF7
    { 0x1EF8, 35 }, // U+1EF8
    { 0x1EF9, 54 }, // U+1EF9
    { 0x2018, 105 }, // U+2018
    { 0x2019, 106 }, // U+2019
    { 0x201A, 4 }, // U+201A
    { 0x201C, 105 }, // U+201C
    { 0x201D, 106 }, // U+201D
    { 0x201E, 4 }, // U+201E
    { 0x2020, 107 }, // U+2020
    { 0x2022, 108 }, // U+2022
    { 0x2039, 109 }, // U+2039
    { 0x203A, 110 }, // U+203A
    { 0xFB00, 43 }, // U+FB00
    { 0xFB01, 46 }, // U+FB01
    { 0xFB02, 41 }, // U+FB02
    { 0xFB03, 46 }, // U+FB03
    { 0xFB04, 41 }, // U+FB04
    { 0xFB05, 53 }, // U+FB05
    { 0xFB06, 53 }, // U+FB06
};

static const EpdKernClassEntry ebgaramond_16_bolditalicKernRightClasses[] = {
    { 0x0026, 1 }, // &
    { 0x002A, 2 }, // *
    { 0x002C, 3 }, // ,
    { 0x002D, 4 }, // -
    { 0x002E, 3 }, // .
    { 0x002F, 5 }, // /
    { 0x0030, 6 }, // 0
    { 0x0031, 7 }, // 1
    { 0x0032, 8 }, // 2
    { 0x0033, 9 }, // 3
    { 0x0034, 10 }, // 4
    { 0x0035, 11 }, // 5
    { 0x0036, 12 }, // 6
    { 0x0037, 13 }, // 7
    { 0x0038, 14 }, // 8
    { 0x0039, 15 }, // 9
    { 0x003A, 16 }, // :
    { 0x003B, 16 }, // ;
    { 0x003C, 17 }, // <
    { 0x003F, 18 }, // ?
    { 0x0040, 19 }, // @
    { 0x0041, 20 }, // A
    { 0x0042, 21 }, // B
    { 0x0043, 22 }, // C
    { 0x0044, 21 }, // D
    { 0x0045, 21 }, // E
    { 0x0046, 21 }, // F
    { 0x0047, 22 }, // G
    { 0x0048, 21 }, // H
    { 0x0049, 21 }, // I
    { 0x004A, 23 }, // J
    { 0x004B, 21 }, // K
    { 0x004C, 21 }, // L
    { 0x004D, 24 }, // M
    { 0x004E, 21 }, // N
    { 0x004F, 22 }, // O
    { 0x0050, 21 }, // P
    { 0x0051, 22 }, // Q
    { 0x0052, 21 }, // R
    { 0x0053, 25 }, // S
    { 0x0054, 26 }, // T
    { 0x0055, 27 }, // U
    { 0x0056, 28 }, // V
    { 0x0057, 28 }, // W
    { 0x0058, 29 }, // X
    { 0x0059, 30 }, // Y
    { 0x005A, 31 }, // Z
    { 0x005C, 32 }, // <backslash>
    { 0x0061, 33 }, // a
    { 0x0062, 34 }, // b
    { 0x0063, 35 }, // c
    { 0x0064, 35 }, // d
    { 0x0065, 35 }, // e
    { 0x0066, 36 }, // f
    { 0x0067, 37 }, // g
    { 0x0068, 34 }, // h
    { 0x0069, 38 }, // i
    { 0x006A, 39 }, // j
    { 0x006B, 34 }, // k
    { 0x006C, 34 }, // l
    { 0x006D, 40 }, // m
    { 0x006E, 40 }, // n
    { 0x006F, 35 }, // o
    { 0x0070, 41 }, // p
    { 0x0071, 35 }, // q
    { 0x0072, 40 }, // r
    { 0x0073, 42 }, // s
    { 0x0074, 43 }, // t
    { 0x0075, 44 }, // u
    { 0x0076, 45 }, // v
    { 0x0077, 45 }, // w
    { 0x0078, 46 }, // x
    { 0x0079, 47 }, // y
    { 0x007A, 48 }, // z
    { 0x00A2, 49 }, // U+00A2
    { 0x00A3, 50 }, // U+00A3
    { 0x00A5, 51 }, // U+00A5
    { 0x00AB, 52 }, // U+00AB
    { 0x00B7, 53 }, // U+00B7
    { 0x00BB, 54 }, // U+00BB
    { 0x00C0, 20 }, // U+00C0
    { 0x00C1, 20 }, // U+00C1
    { 0x00C2, 20 }, // U+00C2
    { 0x00C3, 20 }, // U+00C3
    { 0x00C4, 20 }, // U+00C4
    { 0x00C5, 20 }, // U+00C5
    { 0x00C6, 55 }, // U+00C6
    { 0x00C7, 22 }, // U+00C7
    { 0x00C8, 21 }, // U+00C8
    { 0x00C9, 21 }, // U+00C9
    { 0x00CA, 21 }, // U+00CA
    { 0x00CB, 21 }, // U+00CB
    { 0x00CC, 21 }, // U+00CC
    { 0x00CD, 21 }, // U+00CD
    { 0x00CE, 21 }, // U+00CE
    { 0x00CF, 21 }, // U+00CF
    { 0x00D0, 21 }, // U+00D0
    { 0x00D1, 21 }, // U+00D1
    { 0x00D2, 22 }, // U+00D2
    { 0x00D3, 22 }, // U+00D3
    { 0x00D4, 22 }, // U+00D4
    { 0x00D5, 22 }, // U+00D5
    { 0x00D6, 22 }, // U+00D6
    { 0x00D8, 22 }, // U+00D8
    { 0x00D9, 27 }, // U+00D9
    { 0x00DA, 27 }, // U+00DA
    { 0x00DB, 27 }, // U+00DB
    { 0x00DC, 27 }, // U+00DC
    { 0x00DD, 30 }, // U+00DD
    { 0x00DE, 21 }, // U+00DE
    { 0x00DF, 36 }, // U+00DF
    { 0x00E0, 33 }, // U+00E0
    { 0x00E1, 33 }, // U+00E1
    { 0x00E2, 33 }, // U+00E2
    { 0x00E3, 33 }, // U+00E3
    { 0x00E4, 33 }, // U+00E4
    { 0x00E5, 33 }, // U+00E5
    { 0x00E6, 33 }, // U+00E6
    { 0x00E7, 35 }, // U+00E7
    { 0x00E8, 35 }, // U+00E8
    { 0x00E9, 35 }, // U+00E9
    { 0x00EA, 35 }, // U+00EA
    { 0x00EB, 35 }, // U+00EB
    { 0x00EC, 38 }, // U+00EC
    { 0x00ED, 38 }, // U+00ED
    { 0x00EE, 38 }, // U+00EE
    { 0x00EF, 38 }, // U+00EF
    { 0x00F0, 56 }, // U+00F0
    { 0x00F1, 40 }, // U+00F1
    { 0x00F2, 35 }, // U+00F2
    { 0x00F3, 35 }, // U+00F3
    { 0x00F4, 35 }, // U+00F4
    { 0x00F5, 35 }, // U+00F5
    { 0x00F6, 35 }, // U+00F6
    { 0x00F8, 35 }, // U+00F8
    { 0x00F9, 44 }, // U+00F9
    { 0x00FA, 44 }, // U+00FA
    { 0x00FB, 44 }, // U+00FB
    { 0x00FC, 44 }, // U+00FC
    { 0x00FD, 47 }, // U+00FD
    { 0x00FE, 34 }, // U+00FE
    { 0x00FF, 47 }, // U+00FF
    { 0x0100, 20 }, // U+0100
    { 0x0101, 33 }, // U+0101
    { 0x0102, 20 }, // U+0102
    { 0x0103, 33 }, // U+0103
    { 0x0104, 20 }, // U+0104
    { 0x0105, 33 }, // U+0105
    { 0x0106, 22 }, // U+0106
    { 0x0107, 35 }, // U+0107
    { 0x0108, 22 }, // U+0108
    { 0x0109, 35 }, // U+0109
    { 0x010A, 22 }, // U+010A
    { 0x010B, 35 }, // U+010B
    { 0x010C, 22 }, // U+010C
    { 0x010D, 35 }, // U+010D
    { 0x010E, 21 }, // U+010E
    { 0x010F, 35 }, // U+010F
    { 0x0110, 21 }, // U+0110
    { 0x0111, 35 }, // U+0111
    { 0x0112, 21 }, // U+0112
    { 0x0113, 35 }, // U+0113
    { 0x0114, 21 }, // U+0114
    { 0x0115, 35 }, // U+0115
    { 0x0116, 21 }, // U+0116
    { 0x0117, 35 }, // U+0117
    { 0x0118, 21 }, // U+0118
    { 0x0119, 35 }, // U+0119
    { 0x011A, 21 }, // U+011A
    { 0x011B, 35 }, // U+011B
    { 0x011C, 22 }, // U+011C
    { 0x011D, 37 }, // U+011D
    { 0x011E, 22 }, // U+011E
    { 0x011F, 37 }, // U+011F
    { 0x0120, 22 }, // U+0120
    { 0x0121, 37 }, // U+0121
    { 0x0122, 22 }, // U+0122
    { 0x0123, 37 }, // U+0123
    { 0x0124, 21 }, // U+0124
    { 0x0125, 34 }, // U+0125
    { 0x0126, 21 }, // U+0126
    { 0x0127, 34 }, // U+0127
    { 0x0128, 21 }, // U+0128
    { 0x0129, 38 }, // U+0129
    { 0x012A, 21 }, // U+012A
    { 0x012B, 38 }, // U+012B
    { 0x012C, 21 }, // U+012C
    { 0x012D, 38 }, // U+012D
    { 0x012E, 21 }, // U+012E
    { 0x012F, 38 }, // U+012F
    { 0x0130, 21 }, // U+0130
    { 0x0131, 40 }, // U+0131
    { 0x0132, 21 }, // U+0132
    { 0x0133, 38 }, // U+0133
    { 0x0134, 23 }, // U+0134
    { 0x0135, 39 }, // U+0135
    { 0x0136, 21 }, // U+0136
    { 0x0137, 34 }, // U+0137
    { 0x0138, 40 }, // U+0138
    { 0x0139, 21 }, // U+0139
    { 0x013A, 34 }, // U+013A
    { 0x013B, 21 }, // U+013B
    { 0x013C, 34 }, // U+013C
    { 0x013D, 21 }, // U+013D
    { 0x013E, 34 }, // U+013E
    { 0x013F, 21 }, // U+013F
    { 0x0140, 34 }, // U+0140
    { 0x0141, 21 }, // U+0141
    { 0x0142, 34 }, // U+0142
    { 0x0143, 21 }, // U+0143
    { 0x0144, 40 }, // U+0144
    { 0x0145, 21 }, // U+0145
    { 0x0146, 40 }, // U+0146
    { 0x0147, 21 }, // U+0147
    { 0x0148, 40 }, // U+0148
    { 0x0149, 40 }, // U+0149
    { 0x014A, 21 }, // U+014A
    { 0x014B, 40 }, // U+014B
    { 0x014C, 22 }, // U+014C
    { 0x014D, 35 }, // U+014D
    { 0x014E, 22 }, // U+014E
    { 0x014F, 35 }, // U+014F
    { 0x0150, 22 }, // U+0150
    { 0x0151, 35 }, // U+0151
    { 0x0152, 22 }, // U+0152
    { 0x0153, 35 }, // U+0153
    { 0x0154, 21 }, // U+0154
    { 0x0155, 40 }, // U+0155
    { 0x0156, 21 }, // U+0156
    { 0x0157, 40 }, // U+0157
    { 0x0158, 21 }, // U+0158
    { 0x0159, 40 }, // U+0159
    { 0x015A, 25 }, // U+015A
    { 0x015B, 42 }, // U+015B
    { 0x015C, 25 }, // U+015C
    { 0x015D, 42 }, // U+015D
    { 0x015E, 25 }, // U+015E
    { 0x015F, 42 }, // U+015F
    { 0x0160, 25 }, // U+0160
    { 0x0161, 42 }, // U+0161
    { 0x0162, 26 }, // U+0162
    { 0x0163, 43 }, // U+0163
    { 0x0164, 26 }, // U+0164
    { 0x0165, 43 }, // U+0165
    { 0x0166, 26 }, // U+0166
    { 0x0167, 43 }, // U+0167
    { 0x0168, 27 }, // U+0168
    { 0x0169, 44 }, // U+0169
    { 0x016A, 27 }, // U+016A
    { 0x016B, 44 }, // U+016B
    { 0x016C, 27 }, // U+016C
    { 0x016D, 44 }, // U+016D
    { 0x016E, 27 }, // U+016E
    { 0x016F, 44 }, // U+016F
    { 0x0170, 27 }, // U+0170
    { 0x0171, 44 }, // U+0171
    { 0x0172, 27 }, // U+0172
    { 0x0173, 44 }, // U+0173
    { 0x0174, 28 }, // U+0174
    { 0x0175, 45 }, // U+0175
    { 0x0176, 30 }, // U+0176
    { 0x0177, 47 }, // U+0177
    { 0x0178, 30 }, // U+0178
    { 0x0179, 31 }, // U+0179
    { 0x017A, 48 }, // U+017A
    { 0x017B, 31 }, // U+017B
    { 0x017C, 48 }, // U+017C
    { 0x017D, 31 }, // U+017D
    { 0x017E, 48 }, // U+017E
    { 0x017F, 36 }, // U+017F
    { 0x01A0, 22 }, // U+01A0
    { 0x01A1, 35 }, // U+01A1
    { 0x01AF, 27 }, // U+01AF
    { 0x01B0, 44 }, // U+01B0
    { 0x01C4, 21 }, // U+01C4
    { 0x01C5, 21 }, // U+01C5
    { 0x01C6, 35 }, // U+01C6
    { 0x01C7, 21 }, // U+01C7
    { 0x01C8, 21 }, // U+01C8
    { 0x01C9, 34 }, // U+01C9
    { 0x01CA, 21 }, // U+01CA
    { 0x01CB, 21 }, // U+01CB
    { 0x01CC, 40 }, // U+01CC
    { 0x01CD, 20 }, // U+01CD
    { 0x01CE, 33 }, // U+01CE
    { 0x01CF, 21 }, // U+01CF
    { 0x01D0, 38 }, // U+01D0
    { 0x01D1, 22 }, // U+01D1
    { 0x01D2, 35 }, // U+01D2
    { 0x01D3, 27 }, // U+01D3
    { 0x01D4, 44 }, // U+01D4
    { 0x01D5, 27 }, // U+01D5
    { 0x01D6, 44 }, // U+01D6
    { 0x01D7, 27 }, // U+01D7
    { 0x01D8, 44 }, // U+01D8
    { 0x01D9, 27 }, // U+01D9
    { 0x01DA, 44 }, // U+01DA
    { 0x01DB, 27 }, // U+01DB
    { 0x01DC, 44 }, // U+01DC
    { 0x01DD, 57 }, // U+01DD
    { 0x01DE, 20 }, // U+01DE
    { 0x01DF, 33 }, // U+01DF
    { 0x01E0, 20 }, // U+01E0
    { 0x01E1, 33 }, // U+01E1
    { 0x01E2, 55 }, // U+01E2
    { 0x01E3, 33 }, // U+01E3
    { 0x01E4, 22 }, // U+01E4
    { 0x01E5, 37 }, // U+01E5
    { 0x01E6, 22 }, // U+01E6
    { 0x01E7, 37 }, // U+01E7
    { 0x01E8, 21 }, // U+01E8
    { 0x01E9, 34 }, // U+01E9
    { 0x01EA, 22 }, // U+01EA
    { 0x01EB, 35 }, // U+01EB
    { 0x01EC, 22 }, // U+01EC
    { 0x01ED, 35 }, // U+01ED
    { 0x01EF, 48 }, // U+01EF
    { 0x01F0, 39 }, // U+01F0
    { 0x01F1, 21 }, // U+01F1
    { 0x01F2, 21 }, // U+01F2
    { 0x01F3, 35 }, // U+01F3
    { 0x01F4, 22 }, // U+01F4
    { 0x01F5, 37 }, // U+01F5
    { 0x01F6, 21 }, // U+01F6
    { 0x01F8, 21 }, // U+01F8
    { 0x01F9, 40 }, // U+01F9
    { 0x01FA, 20 }, // U+01FA
    { 0x01FB, 33 }, // U+01FB
    { 0x01FC, 55 }, // U+01FC
    { 0x01FD, 33 }, // U+01FD
    { 0x01FE, 22 }, // U+01FE
    { 0x01FF, 35 }, // U+01FF
    { 0x0200, 20 }, // U+0200
    { 0x0201, 33 }, // U+0201
    { 0x0202, 20 }, // U+0202
    { 0x0203, 33 }, // U+0203
    { 0x0204, 21 }, // U+0204
    { 0x0205, 35 }, // U+0205
    { 0x0206, 21 }, // U+0206
    { 0x0207, 35 }, // U+0207
    { 0x0208, 21 }, // U+0208
    { 0x0209, 38 }, // U+0209
    { 0x020A, 21 }, // U+020A
    { 0x020B, 40 }, // U+020B
    { 0x020C, 22 }, // U+020C
    { 0x020D, 35 }, // U+020D
    { 0x020E, 22 }, // U+020E
    { 0x020F, 35 }, // U+020F
    { 0x0210, 21 }, // U+0210
    { 0x0211, 40 }, // U+0211
    { 0x0212, 21 }, // U+0212
    { 0x0213, 40 }, // U+0213
    { 0x0214, 27 }, // U+0214
    { 0x0215, 44 }, // U+0215
    { 0x0216, 27 }, // U+0216
    { 0x0217, 44 }, // U+0217
    { 0x0218, 25 }, // U+0218
    { 0x0219, 42 }, // U+0219
    { 0x021A, 26 }, // U+021A
    { 0x021B, 43 }, // U+021B
    { 0x021E, 21 }, // U+021E
    { 0x021F, 34 }, // U+021F
    { 0x0400, 21 }, // U+0400
    { 0x0401, 21 }, // U+0401
    { 0x0402, 58 }, // U+0402
    { 0x0403, 21 }, // U+0403
    { 0x0404, 22 }, // U+0404
    { 0x0405, 25 }, // U+0405
    { 0x0406, 21 }, // U+0406
    { 0x0407, 21 }, // U+0407
    { 0x0408, 23 }, // U+0408
    { 0x0409, 59 }, // U+0409
    { 0x040A, 21 }, // U+040A
    { 0x040B, 58 }, // U+040B
    { 0x040C, 21 }, // U+040C
    { 0x040D, 21 }, // U+040D
    { 0x040E, 60 }, // U+040E
    { 0x040F, 21 }, // U+040F
    { 0x0410, 20 }, // U+0410
    { 0x0411, 21 }, // U+0411
    { 0x0412, 21 }, // U+0412
    { 0x0413, 21 }, // U+0413
    { 0x0414, 59 }, // U+0414
    { 0x0415, 21 }, // U+0415
    { 0x0416, 61 }, // U+0416
    { 0x0417, 62 }, // U+0417
    { 0x0418, 21 }, // U+0418
    { 0x0419, 21 }, // U+0419
    { 0x041A, 21 }, // U+041A
    { 0x041B, 59 }, // U+041B
    { 0x041C, 24 }, // U+041C
    { 0x041D, 21 }, // U+041D
    { 0x041E, 22 }, // U+041E
    { 0x041F, 21 }, // U+041F
    { 0x0420, 21 }, // U+0420
    { 0x0421, 22 }, // U+0421
    { 0x0422, 26 }, // U+0422
    { 0x0423, 60 }, // U+0423
    { 0x0424, 63 }, // U+0424
    { 0x0425, 29 }, // U+0425
    { 0x0426, 21 }, // U+0426
    { 0x0427, 64 }, // U+0427
    { 0x0428, 21 }, // U+0428
    { 0x0429, 21 }, // U+0429
    { 0x042A, 58 }, // U+042A
    { 0x042B, 21 }, // U+042B
    { 0x042C, 21 }, // U+042C
    { 0x042D, 62 }, // U+042D
    { 0x042E, 21 }, // U+042E
    { 0x042F, 65 }, // U+042F
    { 0x0430, 33 }, // U+0430
    { 0x0431, 66 }, // U+0431
    { 0x0432, 67 }, // U+0432
    { 0x0433, 68 }, // U+0433
    { 0x0434, 69 }, // U+0434
    { 0x0435, 35 }, // U+0435
    { 0x0436, 70 }, // U+0436
    { 0x0437, 71 }, // U+0437
    { 0x0438, 44 }, // U+0438
    { 0x0439, 44 }, // U+0439
    { 0x043A, 40 }, // U+043A
    { 0x043B, 72 }, // U+043B
    { 0x043C, 73 }, // U+043C
    { 0x043D, 40 }, // U+043D
    { 0x043E, 35 }, // U+043E
    { 0x043F, 40 }, // U+043F
    { 0x0440, 41 }, // U+0440
    { 0x0441, 35 }, // U+0441
    { 0x0442, 40 }, // U+0442
    { 0x0443, 47 }, // U+0443
    { 0x0444, 35 }, // U+0444
    { 0x0445, 46 }, // U+0445
    { 0x0446, 44 }, // U+0446
    { 0x0447, 74 }, // U+0447
    { 0x0448, 44 }, // U+0448
    { 0x0449, 44 }, // U+0449
    { 0x044A, 75 }, // U+044A
    { 0x044B, 40 }, // U+044B
    { 0x044C, 40 }, // U+044C
    { 0x044D, 71 }, // U+044D
    { 0x044E, 40 }, // U+044E
    { 0x044F, 76 }, // U+044F
    { 0x0450, 35 }, // U+0450
    { 0x0451, 35 }, // U+0451
    { 0x0452, 34 }, // U+0452
    { 0x0453, 68 }, // U+0453
    { 0x0454, 35 }, // U+0454
    { 0x0455, 42 }, // U+0455
    { 0x0456, 38 }, // U+0456
    { 0x0457, 38 }, // U+0457
    { 0x0458, 39 }, // U+0458
    { 0x0459, 72 }, // U+0459
    { 0x045A, 40 }, // U+045A
    { 0x045B, 34 }, // U+045B
    { 0x045C, 40 }, // U+045C
    { 0x045D, 44 }, // U+045D
    { 0x045E, 47 }, // U+045E
    { 0x045F, 44 }, // U+045F
    { 0x0462, 77 }, // U+0462
    { 0x0463, 40 }, // U+0463
    { 0x046A, 78 }, // U+046A
    { 0x046B, 79 }, // U+046B
    { 0x0470, 80 }, // U+0470
    { 0x0472, 22 }, // U+0472
    { 0x0473, 35 }, // U+0473
    { 0x0474, 28 }, // U+0474
    { 0x0475, 40 }, // U+0475
    { 0x0476, 28 }, // U+0476
    { 0x0477, 40 }, // U+0477
    { 0x048A, 21 }, // U+048A
    { 0x048B, 44 }, // U+048B
    { 0x048D, 81 }, // U+048D
    { 0x048E, 21 }, // U+048E
    { 0x048F, 41 }, // U+048F
    { 0x0490, 21 }, // U+0490
    { 0x0491, 82 }, // U+0491
    { 0x0492, 21 }, // U+0492
    { 0x0493, 68 }, // U+0493
    { 0x0494, 21 }, // U+0494
    { 0x0495, 82 }, // U+0495
    { 0x0496, 61 }, // U+0496
    { 0x0497, 70 }, // U+0497
    { 0x0498, 62 }, // U+0498
    { 0x0499, 71 }, // U+0499
    { 0x049A, 21 }, // U+049A
    { 0x049B, 40 }, // U+049B
    { 0x049C, 21 }, // U+049C
    { 0x049D, 40 }, // U+049D
    { 0x049F, 81 }, // U+049F
    { 0x04A0, 58 }, // U+04A0
    { 0x04A1, 75 }, // U+04A1
    { 0x04A2, 21 }, // U+04A2
    { 0x04A3, 40 }, // U+04A3
    { 0x04A4, 21 }, // U+04A4
    { 0x04A5, 40 }, // U+04A5
    { 0x04A6, 21 }, // U+04A6
    { 0x04A7, 40 }, // U+04A7
    { 0x04A8, 22 }, // U+04A8
    { 0x04A9, 35 }, // U+04A9
    { 0x04AA, 22 }, // U+04AA
    { 0x04AB, 35 }, // U+04AB
    { 0x04AC, 26 }, // U+04AC
    { 0x04AD, 40 }, // U+04AD
    { 0x04AE, 30 }, // U+04AE
    { 0x04AF, 83 }, // U+04AF
    { 0x04B0, 30 }, // U+04B0
    { 0x04B1, 83 }, // U+04B1
    { 0x04B2, 29 }, // U+04B2
    { 0x04B3, 46 }, // U+04B3
    { 0x04B4, 58 }, // U+04B4
    { 0x04B5, 44 }, // U+04B5
    { 0x04B6, 64 }, // U+04B6
    { 0x04B7, 74 }, // U+04B7
    { 0x04B8, 64 }, // U+04B8
    { 0x04B9, 74 }, // U+04B9
    { 0x04BA, 21 }, // U+04BA
    { 0x04BB, 34 }, // U+04BB
    { 0x04BC, 84 }, // U+04BC
    { 0x04BD, 85 }, // U+04BD
    { 0x04BE, 84 }, // U+04BE
    { 0x04BF, 85 }, // U+04BF
    { 0x04C0, 21 }, // U+04C0
    { 0x04C1, 61 }, // U+04C1
    { 0x04C2, 70 }, // U+04C2
    { 0x04C3, 21 }, // U+04C3
    { 0x04C4, 40 }, // U+04C4
    { 0x04C5, 59 }, // U+04C5
    { 0x04C6, 72 }, // U+04C6
    { 0x04C7, 21 }, // U+04C7
    { 0x04C8, 40 }, // U+04C8
    { 0x04C9, 21 }, // U+04C9
    { 0x04CA, 40 }, // U+04CA
    { 0x04CB, 64 }, // U+04CB
    { 0x04CC, 74 }, // U+04CC
    { 0x04CD, 24 }, // U+04CD
    { 0x04CE, 73 }, // U+04CE
    { 0x04D0, 20 }, // U+04D0
    { 0x04D1, 33 }, // U+04D1
    { 0x04D2, 20 }, // U+04D2
    { 0x04D3, 33 }, // U+04D3
    { 0x04D4, 55 }, // U+04D4
    { 0x04D5, 33 }, // U+04D5
    { 0x04D6, 21 }, // U+04D6
    { 0x04D7, 35 }, // U+04D7
    { 0x04D8, 86 }, // U+04D8
    { 0x04D9, 57 }, // U+04D9
    { 0x04DA, 86 }, // U+04DA
    { 0x04DB, 57 }, // U+04DB
    { 0x04DC, 61 }, // U+04DC
    { 0x04DD, 70 }, // U+04DD
    { 0x04DE, 62 }, // U+04DE
    { 0x04DF, 71 }, // U+04DF
    { 0x04E0, 62 }, // U+04E0
    { 0x04E1, 48 }, // U+04E1
    { 0x04E2, 21 }, // U+04E2
    { 0x04E3, 44 }, // U+04E3
    { 0x04E4, 21 }, // U+04E4
    { 0x04E5, 44 }, // U+04E5
    { 0x04E6, 22 }, // U+04E6
    { 0x04E7, 35 }, // U+04E7
    { 0x04E8, 22 }, // U+04E8
    { 0x04E9, 35 }, // U+04E9
    { 0x04EA, 22 }, // U+04EA
    { 0x04EB, 35 }, // U+04EB
    { 0x04EC, 62 }, // U+04EC
    { 0x04ED, 71 }, // U+04ED
    { 0x04EE, 60 }, // U+04EE
    { 0x04EF, 47 }, // U+04EF
    { 0x04F0, 60 }, // U+04F0
    { 0x04F1, 47 }, // U+04F1
    { 0x04F2, 60 }, // U+04F2
    { 0x04F3, 47 }, // U+04F3
    { 0x04F4, 64 }, // U+04F4
    { 0x04F5, 74 }, // U+04F5
    { 0x04F6, 21 }, // U+04F6
    { 0x04F7, 68 }, // U+04F7
    { 0x04F8, 21 }, // U+04F8
    { 0x04F9, 40 }, // U+04F9
    { 0x04FA, 23 }, // U+04FA
    { 0x04FB, 68 }, // U+04FB
    { 0x04FC, 29 }, // U+04FC
    { 0x04FD, 46 }, // U+04FD
    { 0x04FE, 29 }, // U+04FE
    { 0x04FF, 46 }, // U+04FF
    { 0x1EA0, 20 }, // U+1EA0
    { 0x1EA1, 33 }, // U+1EA1
    { 0x1EA2, 20 }, // U+1EA2
    { 0x1EA3, 33 }, // U+1EA3
    { 0x1EA4, 20 }, // U+1EA4
    { 0x1EA5, 33 }, // U+1EA5
    { 0x1EA6, 20 }, // U+1EA6
    { 0x1EA7, 33 }, // U+1EA7
    { 0x1EA8, 20 }, // U+1EA8
    { 0x1EA9, 33 }, // U+1EA9
    { 0x1EAA, 20 }, // U+1EAA
    { 0x1EAB, 33 }, // U+1EAB
    { 0x1EAC, 20 }, // U+1EAC
    { 0x1EAD, 33 }, // U+1EAD
    { 0x1EAE, 20 }, // U+1EAE
    { 0x1EAF, 33 }, // U+1EAF
    { 0x1EB0, 20 }, // U+1EB0
    { 0x1EB1, 33 }, // U+1EB1
    { 0x1EB2, 20 }, // U+1EB2
    { 0x1EB3, 33 }, // U+1EB3
    { 0x1EB4, 20 }, // U+1EB4
    { 0x1EB5, 33 }, // U+1EB5
    { 0x1EB6, 20 }, // U+1EB6
    { 0x1EB7, 33 }, // U+1EB7
    { 0x1EB8, 21 }, // U+1EB8
    { 0x1EB9, 35 }, // U+1EB9
    { 0x1EBA, 21 }, // U+1EBA
    { 0x1EBB, 35 }, // U+1EBB
    { 0x1EBC, 21 }, // U+1EBC
    { 0x1EBD, 35 }, // U+1EBD
    { 0x1EBE, 21 }, // U+1EBE
    { 0x1EBF, 35 }, // U+1EBF
    { 0x1EC0, 21 }, // U+1EC0
    { 0x1EC1, 35 }, // U+1EC1
    { 0x1EC2, 21 }, // U+1EC2
    { 0x1EC3, 35 }, // U+1EC3
    { 0x1EC4, 21 }, // U+1EC4
    { 0x1EC5, 35 }, // U+1EC5
    { 0x1EC6, 21 }, // U+1EC6
    { 0x1EC7, 35 }, // U+1EC7
    { 0x1EC8, 21 }, // U+1EC8
    { 0x1EC9, 38 }, // U+1EC9
    { 0x1ECA, 21 }, // U+1ECA
    { 0x1ECB, 38 }, // U+1ECB
    { 0x1ECC, 22 }, // U+1ECC
    { 0x1ECD, 35 }, // U+1ECD
    { 0x1ECE, 22 }, // U+1ECE
    { 0x1ECF, 35 }, // U+1ECF
    { 0x1ED0, 22 }, // U+1ED0
    { 0x1ED1, 35 }, // U+1ED1
    { 0x1ED2, 22 }, // U+1ED2
    { 0x1ED3, 35 }, // U+1ED3
    { 0x1ED4, 22 }, // U+1ED4
    { 0x1ED5, 35 }, // U+1ED5
    { 0x1ED6, 22 }, // U+1ED6
    { 0x1ED7, 35 }, // U+1ED7
    { 0x1ED8, 22 }, // U+1ED8
    { 0x1ED9, 35 }, // U+1ED9
    { 0x1EDA, 22 }, // U+1EDA
    { 0x1EDB, 35 }, // U+1EDB
    { 0x1EDC, 22 }, // U+1EDC
    { 0x1EDD, 35 }, // U+1EDD
    { 0x1EDE, 22 }, // U+1EDE
    { 0x1EDF, 35 }, // U+1EDF
    { 0x1EE0, 22 }, // U+1EE0
    { 0x1EE1, 35 }, // U+1EE1
    { 0x1EE2, 22 }, // U+1EE2
    { 0x1EE3, 35 }, // U+1EE3
    { 0x1EE4, 27 }, // U+1EE4
    { 0x1EE5, 44 }, // U+1EE5
    { 0x1EE6, 27 }, // U+1EE6
    { 0x1EE7, 44 }, // U+1EE7
    { 0x1EE8, 27 }, // U+1EE8
    { 0x1EE9, 44 }, // U+1EE9
    { 0x1EEA, 27 }, // U+1EEA
    { 0x1EEB, 44 }, // U+1EEB
    { 0x1EEC, 27 }, // U+1EEC
    { 0x1EED, 44 }, // U+1EED
    { 0x1EEE, 27 }, // U+1EEE
    { 0x1EEF, 44 }, // U+1EEF
    { 0x1EF0, 27 }, // U+1EF0
    { 0x1EF1, 44 }, // U+1EF1
    { 0x1EF2, 30 }, // U+1EF2
    { 0x1EF3, 47 }, // U+1EF3
    { 0x1EF4, 30 }, // U+1EF4
    { 0x1EF5, 47 }, // U+1EF5
    { 0x1EF6, 30 }, // U+1EF6
    { 0x1EF7, 47 }, // U+1EF7
    { 0x1EF8, 30 }, // U+1EF8
    { 0x1EF9, 47 }, // U+1EF9
    { 0x2018, 87 }, // U+2018
    { 0x2019, 88 }, // U+2019
    { 0x201A, 3 }, // U+201A
    { 0x201C, 87 }, // U+201C
    { 0x201D, 89 }, // U+201D
    { 0x201E, 3 }, // U+201E
    { 0x2020, 90 }, // U+2020
    { 0x2022, 91 }, // U+2022
    { 0x2039, 92 }, // U+2039
    { 0x203A, 93 }, // U+203A
    { 0x203D, 18 }, // U+203D
    { 0x2047, 18 }, // U+2047
    { 0x2048, 18 }, // U+2048
    { 0x20AC, 94 }, // U+20AC
    { 0xFB00, 36 }, // U+FB00
    { 0xFB01, 36 }, // U+FB01
    { 0xFB02, 36 }, // U+FB02
    { 0xFB03, 36 }, // U+FB03
    { 0xFB04, 36 }, // U+FB04
    { 0xFB05, 36 }, // U+FB05
    { 0xFB06, 42 }, // U+FB06
};

static const int8_t ebgaramond_16_bolditalicKernMatrix[] = {
       0,    0,    0,    0,    0,    0,    0,    0,    0,    0,    0,    0,    0,    0,    0,    0,    0,    0,    0,  -14,    0,    0,    0,    0,    0,    0,    0,    0,    0,    0,    0,    0,    0,    0,    0,    0,    0,    0,    0,    0,    0,    0,    0,    0,    0,    0,    0,    0,    0,    0,    0,    0,    0,    0,    0,    0,    0,    0,  -15,    0,    0,    0,    0,    0,    0,    0,    0,    0,    0,    0,    0,    0,  -15,    0,    0,    0,    0,   -9,    0,    0,    0,    0,    0,    0,    0,    0,    0,    0,    0,    0,    0,    0,    0,    0,
       0,    0,    0,    0,    0,    0,    0,    0,    0,    0,    0,    0,    0,    0,    0,    0,    0,    0,    0,    0,    0,    0,   35,    0,    0,    0,    0,    0,    0,    0,    0,    0,    0,    0,    0,   24,    0,    0,    0,    0,    0,    0,    0,    0,    0,    0,    0,    0,    0,    0,    0,    0,    0,    0,    0,    0,    0,    0,    0,    0,    0,    0,    0,    0,    0,    0,    0,    0,    0,    0,    0,    0,    0,    0,    0,    0,    0,    0,    0,    0,    0,    0,    0,    0,    0,    0,    0,    0,    0,    0,    0,    0,    0,    0,
       0,    0,  -44,    0,    0,    0,    0,    0,    0,    0,    0,    0,    0,    0,    0,    0,    0,    0,    0,  -69,    0,    0,    0,    0,    0,    0,    0,    0,    0,    0,    0,    0,  -11,    0,    0,   35,    0,    0,    0,    0,    0,    0,    0,    0,    0,    0,    0,    0,    0,    0,    0,    0,    0,    0,    0,    0,    0,    0,  -37,    0,    0,    0,    0,    0,    0,    0,    0,    0,    0,    0,    0,  -35,    0,    0,    0,    0,    0,    0,    0,    0,    0,    0,    0,    0,    0,    0,    0,    0,    0,    0,    0,    0,    0,    0,
       0,    0,    0,    0,    0,  -13,    0,    0,    0,  -24,    0,    0,    0,    0,    0,    0,    0,    0,    0,    0,    0,  -34,   37,    0,    0,  -46,    0,  -45,    0,  -39,    0,    0,    0,  -13,    0,    0,    0,    0,    0,  -22,  -17,    0,    0,  -20,    0,    0,  -29,  -13,    0,    0,    0,    0,    0,    0,    0,    0,    0,  -45,    0,   -3,    0,    0,  -43, -103,    0,    0,    0,    0,    0,    0,    0,    0,    0,    0,  -36,    0,    0,    0,    0,    0,    0,    0,  -45,  -84,  -46,  -11,  -35,  -35,  -35,    0,    0,    0,    0,    0,
       0,    0,    0,    0,    0,    0,    0,    0,    0,    0,    0,    0,    0,    0,    0,    0,    0,    0,    0,    0,    0,    0,    0,    0,    0,  -28,    0,   -3,    0,  -36,    0,    0,    0,    0,    0,    0,    0,    0,    0,    0,    0,    0,    0,    0,    0,    0,    0,    0,    0,    0,    0,    0,    0,    0,    0,    0,    0,   -6,    0,  -20,    0,    0,    0,  -38,    0,    0,    0,    0,    0,    0,    0,    0,    0,    0,    0,    0,    0,    0,  -27,    0,    0,    0,    0,    0,    0,    0,    0,    0,    0,    0,    0,    0,    0,    0,
       0,    0,    0,    0,    0,    0,    0,    0,    0,    0,    0,    0,    0,    0,    0,    0,    0,    0,    0,  -35,    0,    0,    0,    0,    0,    0,    0,    0,    0,    0,    0,    0,    0,    0,  -15,    0,    0,    0,    0,   -1,    0,    0,    0,    0,    0,    0,    0,    0,    0,    0,    0,    0,    0,    0,    0,    0,    0,    0,    0,    0,    0,    0,    0,    0,    0,    0,   -2,    0,  -15,    0,    0,   -7,    0,    0,    0,  -11,    0,    0,    0,    0,    0,    0,    0,    0,    0,    0,    0,    0,    0,    0,    0,    0,    0,    0,
       0,    0,  -13,    0,    0,    0,    0,    0,    0,    0,    0,    0,    0,   -9,    0,    0,    0,    0,    0,    0,    0,    0,    0,    0,    0,    0,    0,    0,    0,    0,    0,    0,    0,    0,    0,    0,    0,    0,    0,    0,    0,    0,    0,    0,    0,    0,    0,    0,    0,    0,    0,    0,    0,    0,    0,    0,    0,    0,    0,    0,    0,    0,    0,    0,    0,    0,    0,    0,    0,    0,    0,    0,    0,    0,    0,    0,    0,    0,    0,    0,    0,    0,    0,    0,    0,    0,    0,    0,    0,    0,    0,    0,    0,    0,
       0,    0,    0,    0,    0,    0,    0,    0,    0,    0,    0,    0,  -13,    0,    0,    0,    0,    0,    0,    0,    0,    0,    0,    0,    0,    0,    0,    0,    0,    0,    0,    0,    0,    0,    0,    0,    0,    0,    0,    0,    0,    0,    0,    0,    0,    0,    0,    0,    0,    0,    0,    0,    0,    0,    0,    0,    0,    0,    0,    0,    0,    0,    0,    0,    0,    0,    0,    0,    0,    0,    0,    0,    0,    0,    0,    0,    0,    0,    0,    0,    0,    0,    0,    0,    0,    0,    0,    0,    0,    0,    0,    0,    0,    0,
       0,    0,   -4,    0,    0,    0,    0,    0,    0,    0,    0,    0,    0,    0,    0,    0,    0,    0,    0,    0,    0,    0,    0,    0,    0,    0,    0,    0,    0,    0,    0,    0,    0,    0,    0,    0,    0,    0,    0,    0,    0,    0,    0,    0,    0,    0,    0,    0,    0,    0,  -15,    0,    0,    0,    0,    0,    0,    0,    0,    0,    0,    0,    0,    0,    0,    0,    0,    0,    0,    0,    0,    0,    0,    0,    0,    0,    0,    0,    0,    0,    0,    0,    0,    0,    0,    0,    0,    0,    0,    0,    0,    0,    0,    0,
       0,    0,    0,    0,    0,    0,    0,    0,   -6,    0,    0,    0,    0,    0,    0,    0,    0,    0,    0,    0,    0,    0,    0,    0,    0,    0,    0,    0,    0,    0,    0,    0,    0,    0,    0,    0,    0,    0,    0,    0,    0,    0,    0,    0,    0,    0,    0,    0,    0,    0,  -20,    0,    0,    0,    0,    0,    0,    0,    0,    0,    0,    0,    0,    0,    0,    0,    0,    0,    0,    0,    0,    0,    0,    0,    0,    0,    0,    0,    0,    0,    0,    0,    0,    0,    0,    0,    0,    0,    0,    0,    0,    0,    0,    0,
       0,    0,   -6,    0,    0,    0,    0,    0,    0,    0,    0,    0,    0,    0,    0,    0,    0,    0,    0,    0,    0,    0,    0,    0,    0,    0,    0,    0,    0,    0,    0,    0,    0,    0,    0,    0,    0,    0,    0,    0,    0,    0,    0,    0,    0,    0,    0,    0,    0,    0,    0,    0,    0,    0,    0,    0,    0,    0,    0,    0,    0,    0,    0,    0,    0,    0,    0,    0,    0,    0,    0,    0,    0,    0,    0,    0,    0,    0,    0,    0,    0,    0,    0,    0,    0,    0,    0,    0,    0,    0,    0,    0,    0,    0,
       0,    0,  -35,    0,  -20,  -20,    0,  -11,    0,  -42,  -11,    0,    0,   -6,   -6,    0,  -15,    0,    0,    0,    0,    0,    0,    0,    0,    0,    0,    0,    0,    0,    0,    0,    0,    0,    0,    0,    0,    0,    0,    0,    0,    0,    0,    0,    0,    0,    0,    0,  -20,  -28,    0,    0,    0,    0,    0,    0,    0,    0,    0,    0,    0,    0,    0,    0,    0,    0,    0,    0,    0,    0,    0,    0,    0,    0,    0,    0,    0,    0,    0,    0,    0,    0,    0,    0,    0,    0,    0,    0,    0,    0,    0,    0,    0,    0,
       0,    0,    0,    0,    0,  -15,    0,  -11,    0,  -11,    0,    0,  -15,    0,    0,    0,    0,    0,    0,    0,    0,    0,    0,    0,    0,    0,    0,    0,    0,    0,    0,    0,    0,    0,    0,    0,    0,    0,    0,    0,    0,    0,    0,    0,    0,    0,    0,    0,    0,    0,    0,    0,    0,    0,    0,    0,    0,    0,    0,    0,    0,    0,    0,    0,    0,    0,    0,    0,    0,    0,    0,    0,    0,    0,    0,    0,    0,    0,    0,    0,    0,    0,    0,    0,    0,    0,    0,    0,    0,    0,    0,    0,    0,    0,
       0,    0,  -11,    0,    0,    0,    0,    0,    0,    0,    0,    0,    0,    0,    0,    0,    0,    0,    0,    0,    0,    0,    0,    0,    0,    0,    0,    0,    0,    0,    0,    0,    0,    0,    0,    0,    0,    0,    0,    0,    0,    0,    0,    0,    0,    0,    0,    0,   13,    0,    0,    0,    0,    0,    0,    0,    0,    0,    0,    0,    0,    0,    0,    0,    0,    0,    0,    0,    0,    0,    0,    0,    0,    0,    0,    0,    0,    0,    0,    0,    0,    0,    0,    0,    0,    0,    0,    0,    0,    0,    0,    0,    0,    9,
       0,    0,    0,    0,    0,    0,    0,    0,    0,    0,    0,    0,    0,    0,    0,    0,    0,    0,    0,    0,    0,    0,    0,    0,    0,  -42,    0,  -24,    0,  -39,    0,    0,    0,    0,    0,    0,    0,    0,    0,    0,    0,    0,    0,    0,    0,    0,    0,    0,    0,    0,    0,    0,    0,    0,    0,    0,    0,  -28,    0,   -2,    0,    0,    0,  -35,    0,    0,    0,    0,    0,    0,    0,    0,    0,    0,    0,    0,    0,    0,    0,    0,    0,    0,    0,    0,    0,    0,    0,    0,    0,    0,    0,    0,    0,    0,
       0,    0,    0,    0,    0,    0,    0,    0,    0,    0,    0,    0,    0,    0,    0,    0,    0,    0,    0,    0,    0,    0,    0,    0,    0,  -28,    0,  -24,    0,  -35,    0,    0,    0,    0,    0,    0,    0,    0,    0,    0,    0,    0,    0,    0,    0,    0,    0,    0,    0,    0,    0,    0,    0,    0,    0,    0,    0,    0,    0,    0,    0,    0,    0,    0,    0,    0,    0,    0,    0,    0,    0,    0,    0,    0,    0,    0,    0,    0,    0,    0,    0,    0,    0,    0,    0,    0,    0,    0,    0,    0,    0,    0,    0,    0,
      -5,  -26,    0,    0,    0,    0,    0,    0,    0,    0,    0,    0,    0,    0,    0,    0,    0,    0,    0,    0,    0,   -9,    0,    0,    0,  -21,  -11,  -29,    0,  -13,    0,  -37,   -2,  -13,  -14,    0,    0,   -9,    0,  -17,   -8,   -6,   -6,   -9,  -11,    0,  -41,  -20,    0,    0,    0,  -27,    0,   -7,    0,    0,   -2,  -27,    0,  -22,    0,   -2,   -9,  -35,    0,  -24,    0,    0,  -14,    0,   -2,    0,    0,  -23,  -23,    0,   -2,    0,    0,  -44,  -27,   -9,  -32,  -35,  -29,    0,  -38,  -23,  -23,    0,    0,    0,    0,    0,
       0,    0,    0,    0,    0,    0,    0,    0,    0,    0,    0,    0,    0,    0,    0,    0,    0,    0,    0,   -4,    0,    0,    0,    0,    0,  -18,    0,  -20,  -13,  -24,    0,   -3,    0,    0,    0,    0,    0,    0,    0,    0,    0,    0,    0,    0,    0,    0,    0,    0,    0,    0,    0,    0,    0,    0,    0,    0,    0,    0,   -2,  -18,    0,    0,    0,  -35,    0,    0,    0,    0,    0,    0,    0,    0,    0,    0,    0,    0,    0,    0,    0,    0,    0,    0,    0,   -3,    0,    0,    0,    0,    0,    0,    0,    0,    0,    0,
       0,    0,    0,    0,    0,    0,    0,    0,    0,    0,    0,    0,    0,    0,    0,    0,    0,    0,    0,    0,    0,   -9,    0,    0,    0,    0,    0,  -13,  -11,   -2,    0,    0,    0,    0,    0,    0,    0,    0,    0,    0,    0,    0,    0,    0,    0,    0,  -12,    0,    0,    0,    0,    0,    0,    0,    0,    0,    0,    0,    0,    0,    0,    0,   -9,    0,    0,    0,    0,    0,    0,    0,    0,    0,    0,    0,   -4,    0,    0,    0,    0,    0,    0,    0,    0,    0,  -20,    0,    0,    0,    0,    0,    0,   -6,    0,    0,
       0,    0,    0,    0,    0,    0,    0,    0,    0,    0,    0,    0,    0,    0,    0,    0,    0,    0,    0,  -14,    0,    9,    0,    0,    0,  -18,    0,  -15,  -21,  -29,    0,  -15,    0,    0,    0,    0,    0,    0,    0,    0,    0,    0,    0,    0,    0,    0,    0,    0,    0,    0,    0,    0,    0,    0,  -11,    0,    0,  -12,  -17,  -20,  -19,    0,    0,  -26,    0,    0,    0,    0,    0,    0,    0,   -2,    0,    3,   12,    0,    0,  -11,    0,   -3,   15,    0,    0,  -12,    0,    0,   -4,   -3,   -3,    0,    0,    0,    0,    0,
       0,    0,  -20,    0,   -9,    0,    0,    0,    0,    0,    0,    0,    0,    0,    0,    0,    0,    0,    0,  -33,    0,    0,    0,    0,    0,    0,    0,    0,    0,    0,    0,    0,  -23,    0,   -6,    0,    0,    0,    0,    0,    0,    0,    0,    0,    0,    0,    0,    0,    0,    0,    0,    0,    0,    0,    0,    0,    0,    0,    0,    0,    0,    0,    0,    0,    0,    0,    0,    0,   -6,    0,    0,    0,    0,    0,    0,    0,    0,    0,    0,    0,    0,    0,    0,    0,    0,    0,   18,    0,    0,    0,    0,    0,    0,    0,
       0,    0,    0,    0,    0,    0,    0,    0,    0,    0,    0,    0,    0,    0,    0,    0,    0,    0,    0,  -11,    0,    0,   -9,    0,    0,  -18,    0,  -20,    0,  -20,    0,    0,    0,    0,    0,    0,    0,    0,    0,    0,    0,    0,    0,    0,    0,    0,    0,    0,    0,    0,    0,    0,    0,    0,    0,    0,    0,    0,    0,    0,    0,    0,    0,    0,    0,    0,    0,    0,    0,    0,    0,    0,    0,    0,    0,    0,    0,    0,    0,    0,    0,    0,    0,    0,    0,    0,    0,    0,    0,    0,    0,    0,    0,    0,
       0,    0,    0,    0,    0,    0,    0,    0,    0,    0,    0,    0,    0,    0,    0,    0,    0,    0,    0,    0,    0,    0,    0,    0,    0,    0,    0,    0,    0,    0,    0,    0,    0,    0,    0,    0,    0,    0,    0,    0,    0,    0,    0,    0,    0,    0,    0,    0,    0,    0,    0,    0,    0,    0,    0,    0,    0,    0,    0,    0,    0,    0,    0,    0,    0,    0,    0,    0,    0,    0,    0,    0,    0,    0,    0,    0,    0,    0,    0,    0,    0,    0,    0,    0,   -2,    0,    0,    0,    0,    0,    0,    0,    0,    0,
       0,    0,    0,    0,    0,    0,    0,    0,    0,    0,    0,    0,    0,    0,    0,    0,    0,    0,    0,   -6,    0,    0,    0,    0,    2,    0,    0,    0,    0,    0,    0,    0,    0,    0,    0,    0,    0,    0,    0,    0,    0,   -6,    0,    0,    0,   -6,    0,    0,    0,    0,    0,    0,    0,    0,    0,    0,    0,    0,    0,    0,    0,    0,    0,    0,    0,    0,    0,    0,    0,    0,    0,    0,    0,    0,    0,    0,    0,    0,    0,    0,    0,    0,    0,    0,    0,    0,    0,    0,    0,    0,    0,    0,    0,    0,
       0,    0,    0,    0,    0,    0,    0,    0,    0,    0,    0,    0,    0,    0,    0,    0,    0,    0,    0,    0,    0,  -28,    0,    0,    0,    0,    0,    0,    0,    0,    0,    0,    0,    0,  -11,    0,    0,   -9,    0,    0,   -9,    0,   -9,  -11,  -15,    0,  -26,    0,    0,    0,    0,    0,    0,    0,    0,   -6,    0,    0,    0,    0,    0,    0,    0,    0,    0,    0,    0,    0,  -11,    0,    0,    0,    0,    0,    0,    0,    0,    0,    0,    0,    0,    0,    0,    0,    0,    0,    0,    0,    0,    0,    0,  -30,    0,    0,
       0,  -52,    0,    0,    0,    0,    0,    0,    0,    0,    0,    0,    0,    0,    0,    0,    0,    0,    0,    0,    0,   -9,    0,    0,    0,  -42,    0,  -28,    0,  -39,    0,    0,    0,    0,    0,    0,    0,    0,    0,    0,    0,    0,    0,    0,    0,    0,  -26,    0,    0,    0,    0,    0,    0,    0,    0,    0,    0,    0,    0,    0,    0,    0,    0,    0,    0,    0,    0,    0,    0,    0,    0,    0,    0,    0,    0,    0,    0,    0,    0,    0,    0,    0,    0,    0,    0,    0,  -39,  -20,  -20,    0,    0,    0,    0,    0,
       0,    0,    0,    0,    0,    0,    0,    0,    0,    0,    0,    0,    0,    0,    0,    0,    0,    0,    0,    0,    0,   -6,    0,    0,    0,  -15,    0,  -11,    0,    0,    0,    0,    0,    0,  -15,    0,    0,    0,    0,  -13,   -9,    0,    0,   -6,  -13,    0,  -20,  -11,    0,    0,    0,    0,    0,    0,    0,    0,    0,    0,    0,    0,    0,  -13,   -9,  -18,    0,    0,   -6,    0,  -15,    0,    0,    0,    0,    0,  -15,    0,    0,    0,    0,    0,   -2,    0,    0,    0,  -18,    0,    0,    0,    0,    0,    0,    0,    0,    0,
       0,    0,  -47,    0,   -9,    0,    0,    0,    0,    0,    0,    0,    0,    0,    0,    0,    0,    0,    0,  -41,    0,    0,   -9,   -6,    0,    0,    0,  -11,  -15,  -23,    0,    0,  -24,    0,   -9,    0,    0,    0,    0,    0,    0,    0,    0,    0,    0,    0,    0,    0,    0,    0,    0,  -15,    0,    0,  -35,    0,    0,    2,  -35,  -15,  -20,    0,    0,    0,  -24,    0,    0,    0,   -9,    0,    3,  -38,  -22,    0,    0,  -26,    0,   -2,    0,    0,   13,    0,    0,    0,    0,    0,    0,    0,    0,    0,    0,   -9,    0,    0,
       0,  -57,    0,    0,    0,    0,    0,    0,    0,    0,    0,    0,    0,    0,    0,    0,    0,    0,    0,    0,    0,  -30,  -11,    0,    0,  -57,  -30,  -44,    0,  -55,    0,    0,    0,    0,   -6,    0,    0,   -9,    0,  -11,   -9,    0,   -9,  -11,    0,    0,  -26,    0,    0,    0,    0,    0,    0,    0,    0,  -13,    0,    0,    0,    0,    0,    0,    0,    0,    0,    0,    0,    0,   -6,    0,    0,    0,    0,    0,    0,    0,    0,    0,    0,    0,    0,    0,    0,    0,    0,    0,    0,  -30,  -30,    0,    0,  -26,    0,    0,
       0,    0,    0,    0,    0,    0,    0,    0,    0,    0,    0,    0,    0,    0,    0,    0,    0,    0,    0,   -9,    0,   -1,    0,    0,    0,    0,    0,  -14,    0,   -2,    0,    0,    0,    0,    0,    0,    0,    0,    0,    0,    0,    0,    0,    0,    0,    0,   -6,    0,    0,    0,    0,    0,    0,    0,   -6,    0,    0,    0,    0,    0,    0,    0,    0,   -2,    0,    0,    0,    0,    0,    0,    0,    0,    0,    0,    0,    0,    0,    0,    0,    0,    0,    0,    0,    0,    0,    0,    0,    0,    0,    0,    0,    0,    0,    0,
       0,    0,  -43,  -28,  -13,    0,    0,    0,    0,    0,    0,    0,    0,    0,    0,  -20,    0,    0,  -18,  -47,    0,    0,    0,   -2,    0,    0,    0,    0,    0,    0,    0,    0,  -47,    0,  -31,    0,  -26,  -11,   -6,  -40,  -12,  -28,    0,  -25,  -28,  -42,  -36,  -35,    0,    0,    0,  -43,  -32,  -23,  -39,    0,  -31,    2,  -29,    0,    0,    0,  -14,    0,  -36,   -4,  -46,  -27,  -37,  -32,  -25,  -49,  -46,  -40,  -36,  -45,    4,    0,  -43,    0,    0,  -23,  -41,    0,  -43,    0,   18,    0,    0,    0,  -15,  -35,  -30,    0,
       0,    0,    0,    0,    0,    0,    0,    0,    0,    0,    0,    0,    0,    0,    0,    0,    0,    0,    0,  -11,    0,    0,    0,    0,    0,    0,    0,    0,    0,    0,    0,    0,   -8,    0,    0,    0,    0,    0,    0,    0,    0,    0,    0,    0,    0,    0,    0,    0,    0,    0,    0,    0,    0,    0,    0,    0,    0,    0,    0,    0,    0,    0,    0,    0,    0,    0,    0,    0,    0,    0,    0,    0,    0,    0,    0,    0,    0,    0,    0,    0,    0,    0,    0,    0,    0,    0,    0,    0,    0,    0,    0,    0,    0,    0,
       0,    0,  -95,  -34,  -41,    0,    0,    0,    0,    0,    0,    0,    0,    0,    0,  -35,    0,    0,  -37,  -99,    0,  -18,   -6,   -9,   -9,    0,    0,    0,    0,    0,    0,    0,  -79,    0,  -61,    0,  -33,  -11,  -23,  -57,  -35,  -55,  -28,  -49,  -35,  -55,  -50,  -56,    0,    0,    0,  -42,  -51,  -37,  -67,  -20,  -47,    0,  -41,    0,    0,    0,  -27,    0,  -46,  -35,  -62,  -55,  -96,  -50,  -40,  -79,  -59,  -43,  -41,  -81,    0,    0,  -32,    0,   -2,  -27,  -51,    0,  -36,  -15,    0,    0,    0,    0,   -3,  -35,  -35,    0,
       0,    0,    0,    0,    0,    0,    0,    0,    0,    0,    0,    0,    0,    0,    0,    0,    0,    0,    0,    0,    0,  -28,    0,    0,    0,    0,    0,    0,    0,    0,    0,    0,    0,    0,  -13,    0,    0,  -11,    0,  -26,    0,    0,  -11,  -24,  -30,    0,  -42,  -11,    0,    0,    0,  -33,  -37,    0,    0,  -11,  -20,  -20,    0,    0,    0,   -9,  -35,    0,    0,  -31,    0,    0,  -13,    0,    0,    0,    0,  -46,  -44,    0,    0,    0,    0,    0,  -20,    0,  -45,    0,  -45,  -15,    0,    0,    0,    0,  -37,  -22,    0,    0,
       0,    0,  -30,  -31,  -32,    0,    0,    0,    0,    0,    0,    0,    0,    0,    0,  -18,    0,    2,  -35,  -39,    0,  -11,    0,    0,   -6,    0,    0,    0,    0,    0,    0,    0,  -42,    0,  -41,    0,  -33,   -9,  -20,  -32,  -25,  -35,  -11,  -33,  -35,  -40,  -38,  -39,    0,    0,    0,  -38,  -33,  -37,  -44,  -15,  -43,    0,  -22,    0,    0,    0,  -22,    0,  -26,  -31,  -45,  -35,  -50,  -43,  -37,  -55,  -48,  -33,  -31,  -55,    0,    0,  -44,    0,    0,  -41,  -44,    0,  -33,    0,    0,    0,    0,    0,    0,  -35,  -30,    0,
       0,    0,    0,    0,    0,    0,    0,    0,    0,    0,    0,    0,    0,    0,    0,    0,    0,    0,    0,    0,    0,    0,    0,    0,    0,    0,    0,    0,    0,    0,    0,    0,    0,    0,    0,    0,    0,    0,    0,    0,    0,    0,    0,    0,    0,    0,  -30,    0,    0,    0,    0,    0,    0,    0,    0,    0,    0,    0,    0,    0,    0,    0,    0,    0,    0,    0,    0,    0,    0,    0,    0,    0,    0,    0,    0,    0,    0,    0,    0,    0,    0,    0,    0,    0,    0,    0,    0,    0,    0,    0,    0,   -9,    0,    0,
       0,    0,    0,    0,    0,    0,    0,    0,    0,    0,    0,    0,    0,    0,    0,    0,    0,    0,    0,    0,    0,  -28,    0,    0,    0,  -47,    0,  -39,    0,  -53,    0,    0,    0,    0,    0,    0,    0,    0,    0,   -4,    0,    0,    0,    0,    0,    0,    0,  -15,    0,    0,    0,    0,    0,    0,    0,    0,    0,  -31,    0,    0,    0,    0,   -4,  -15,    0,   -3,    0,    0,    0,    0,    0,    0,    0,  -24,    0,    0,    0,    0,    0,  -70,    0,    0,  -30,  -52,  -34,    0,    0,    0,    0,    0,    0,    0,    0,    0,
       0,  -42,    0,    0,    0,    0,    0,    0,    0,    0,    0,    0,    0,    0,    0,    0,    0,    0,    0,    0,    0,    0,    0,    0,    0,    0,    0,    0,    0,    0,    0,  -51,    0,  -11,    0,    0,    0,   -2,  -13,  -11,  -14,    0,   -6,   -2,   -6,    0,  -15,  -13,    0,    0,    0,    0,    0,    0,    0,    0,    0,    0,    0,    0,    0,    0,    0,    0,    0,   -6,    0,    0,    0,   -9,    0,    0,    0,   -2,  -10,    0,    0,    0,    0,    0,  -21,    0,  -22,    0,  -19,    0,  -20,  -27,  -27,  -15,    0,    0,    0,    0,
       0,  -29,    0,    0,    0,    0,    0,    0,    0,    0,    0,    0,    0,    0,    0,    0,    0,    0,    0,    0,    0,    0,    0,    0,    0,    0,    0,    0,    0,    0,    0,  -39,    0,  -11,    6,    0,    0,    0,    0,    0,    0,    0,    0,    0,    0,    0,    0,    0,    0,    0,    0,    0,    0,    0,    0,    0,    0,    0,    0,    0,    0,    0,    0,    0,    0,    0,    0,    0,    6,    0,   -1,  -11,   -9,    0,    6,    0,    0,    0,  -14,    0,   -4,    0,  -20,    0,    0,    0,  -15,  -28,  -20,    0,    0,    0,    0,    0,
       0,    0,    0,    0,    0,    0,    0,    0,    0,    0,    0,    0,    0,    0,    0,    0,    0,    0,    0,    0,    0,    0,    0,    0,    0,    0,    0,    0,    0,    0,    0,  -39,    0,  -13,   -2,    0,    0,    0,    0,    0,    0,    0,    0,    0,    0,    0,   -9,    0,    0,    0,    0,    0,    0,    0,    0,    0,    0,    0,    0,    0,    0,    0,    0,    0,    0,    0,    0,    0,   -2,    0,    0,   -2,    0,    0,    0,    0,    0,    0,    0,    0,   -3,    0,  -15,    0,    0,    0,    0,    0,    0,    0,    0,    0,    0,    0,
       0,    0,    0,    0,    0,    0,    0,    0,    0,    0,    0,    0,    0,    0,    0,    0,    0,    0,    0,    0,    0,    0,    0,    0,    0,    0,    0,    0,    0,    0,    0,  -11,    0,   -8,    0,    0,    0,    0,    0,   -4,    0,    0,    0,    0,   -4,    0,  -13,    0,    0,    0,    0,    0,    0,    0,    0,    0,    0,    0,    0,    0,    0,    0,    0,    0,    0,    0,    0,    0,    0,    0,    0,    0,    0,    0,    0,    0,    0,    0,    0,    0,    0,    0,    0,    0,    0,    0,    0,    0,    0,    0,    0,    0,    0,    0,
       0,    0,    0,    0,    0,    0,    0,    0,    0,    0,    0,    0,    0,    0,    0,    0,    0,    0,    0,    0,    0,    0,    0,    0,    0,    0,    0,    0,    0,    0,    0,  -37,    0,  -13,    0,    0,    0,    0,    0,    0,    0,    0,    0,    0,    0,    0,    0,    0,    0,    0,    0,    0,    0,    0,    0,    0,    0,    0,    0,    0,    0,    0,    0,    0,    0,    0,    0,    0,    0,    0,    0,    0,    0,    0,    0,    0,    0,    0,   -2,    0,   -3,    0,   -9,    0,    0,    0,    0,   -3,   -3,    0,    0,    0,    0,    0,
      30,   35,  -11,    0,    0,    0,   18,    0,   15,    0,   15,   18,   28,   22,   20,    0,    0,    0,    0,    0,    0,    0,    0,    0,    0,    0,    0,    0,    0,    0,    0,   18,  -22,   13,   -4,    0,    0,    0,    0,    0,    0,    0,    0,    0,    0,    0,    0,    0,    0,    0,    0,   -6,    0,    0,    0,    0,    0,    0,    0,    0,    0,    0,    0,    0,    0,    0,    0,    0,   -4,    0,    0,    0,    0,    0,    0,    0,    0,    0,    0,    0,    0,    0,    0,    0,    0,    0,   33,   22,   22,    0,    0,    0,    0,    0,
       0,    0,   15,    0,    0,    0,    0,    0,    0,    0,    0,    0,    0,    0,    0,    0,    0,    0,    0,    0,    0,    0,    0,    0,    0,    0,    0,    0,    0,    0,    0,  -26,   -4,   -9,   -4,    0,    0,    0,    0,    0,    0,    0,    0,    0,    0,    0,    0,    0,    0,    0,    0,    0,    0,    0,    0,    0,    0,    0,    0,    0,    0,    0,    0,    0,    0,    0,    0,    0,   -4,    0,    0,    0,    0,    0,    0,    0,    0,    0,    0,    0,    0,    0,    0,    0,    0,    0,    0,    0,    0,    0,    0,    0,    0,    0,
       0,  -30,    0,    0,    0,    0,    0,    0,    0,    0,    0,    0,    0,    0,    0,    0,    0,    0,    0,    0,    0,    0,    0,    0,    0,    0,    0,    0,    0,    0,    0,  -42,    0,  -10,    0,    0,    0,    0,    0,    0,    0,    0,    0,    0,    0,    0,    0,    0,    0,    0,    0,    0,    0,    0,    0,    0,    0,    0,    0,    0,    0,    0,    0,    0,    0,    0,    0,    0,    0,    0,    0,    0,    0,    0,    0,    0,    0,    0,    0,    0,    0,    0,   -9,    0,    0,    0,    0,  -20,  -20,    0,    0,    0,    0,    0,
       0,  -28,    0,    0,    0,    0,    0,    0,    0,    0,    0,    0,    0,    0,    0,    0,    0,    0,    0,    0,    0,    0,    0,    0,    0,    0,    0,    0,    0,    0,    0,  -49,    0,  -18,   -2,    0,    0,    0,  -11,   -8,   -2,    0,    0,    0,    0,    0,  -18,  -17,    0,    0,    0,    0,    0,    0,    0,    0,    0,    0,    0,    0,    0,    0,    0,    0,    0,    0,    0,    0,   -2,    0,    0,    0,    0,   -7,  -10,    0,    0,    0,    0,    0,  -15,    0,  -23,    0,  -19,    0,  -20,  -22,  -22,    0,    0,    0,    0,    0,
       0,    0,    0,    0,    0,    0,    0,    0,    0,    0,    0,    0,    0,    0,    0,    0,    0,    0,    0,    0,    0,    0,    0,    0,    0,    0,    0,    0,    0,    0,    0,    0,    0,   -9,    0,    0,    0,    0,    0,    0,    0,    0,    0,    0,    0,    0,    0,    0,    0,    0,    0,    0,    0,    0,    0,    0,    0,    0,    0,    0,    0,    0,    0,    0,    0,    0,    0,    0,    0,    0,    0,    0,    0,    0,    0,    0,    0,    0,    0,    0,    0,    0,    0,    0,    0,    0,    0,    0,    0,    0,    0,    0,    0,    0,
       0,    0,    0,    0,    0,    0,    0,    0,    0,    0,    0,    0,    0,    0,    0,    0,    0,    0,    0,    0,    0,    0,    0,    0,    0,    0,    0,    0,    0,    0,    0,  -39,    0,  -20,    0,    0,    0,    0,    0,    0,    0,    0,    0,    0,    0,    0,  -11,   -6,    0,    0,    0,    0,    0,    0,    0,    0,    0,    0,    0,    0,    0,    0,    0,    0,    0,    0,    0,    0,    0,    0,    0,    0,    0,    0,    0,    0,    0,    0,    0,    0,    0,    0,    0,    0,    0,    0,  -20,    0,    0,    0,    0,    0,    0,    0,
       0,  -28,    0,    0,    0,    0,    0,    0,    0,    0,    0,    0,    0,    0,    0,    0,    0,    0,    0,    0,    0,    0,    0,    0,    0,    0,    0,    0,    0,    0,    0,  -44,    0,   -9,    0,    0,    0,    0,   -2,   -2,    0,    0,    0,    0,    0,    0,   -9,    0,    0,    0,    0,    0,    0,    0,    0,    0,    0,    0,    0,    0,    0,    0,    0,    0,    0,    0,    0,    0,    0,    0,    0,    0,    0,    0,    0,    0,    0,    0,    0,    0,   -9,    0,  -17,    0,  -19,    0,  -11,    0,    0,    0,    0,    0,    0,    0,
       0,    0,    0,    0,    0,    0,    0,    0,    0,    0,    0,    0,    0,    0,    0,    0,    0,    0,    0,    0,    0,    0,    0,    0,    0,    0,    0,    0,    0,    0,    0,  -49,    0,  -17,   -6,    0,    0,    0,    0,  -11,    0,   -9,   -9,   -9,   -9,   -4,   -6,   -9,    0,    0,    0,    0,    0,    0,    0,    0,   -9,    0,    0,    0,    0,    0,    0,    0,    0,    0,  -20,  -11,   -6,  -15,   -6,  -15,  -13,  -15,   -9,  -11,    0,    0,    0,    0,   -3,    0,  -11,    0,  -11,    0,  -20,    0,    0,    0,    0,    0,    0,    0,
       0,    0,  -20,    0,    0,    0,    0,    0,    0,    0,    0,    0,    0,    0,    0,    0,    0,    0,    0,    0,    0,    0,    0,    0,    0,    0,    0,    0,    0,    0,    0,  -15,  -19,    0,   -6,    0,    0,    0,    0,    0,    0,    0,    0,    0,    0,    0,    0,    0,    0,    0,    0,    0,    0,    0,    0,    0,    0,    0,    0,    0,    0,    0,    0,    0,    0,    0,    0,    0,   -6,    0,    0,    0,    0,    0,    0,    0,    0,    0,    0,    0,    0,    0,    0,    0,    0,    0,    0,    0,    0,    0,    0,    0,    0,    0,
       0,    0,    0,    0,    0,    0,    0,    0,    0,    0,    0,    0,    0,    0,    0,    0,    0,    0,    0,    0,    0,    0,    0,    0,    0,    0,    0,    0,    0,    0,    0,  -35,    0,   -2,    0,    0,    0,    0,    0,    0,    0,    0,    0,    0,    0,    0,    0,    0,    0,    0,    0,    0,    0,    0,    0,    0,    0,    0,    0,    0,    0,    0,    0,    0,    0,    0,    0,    0,    0,    0,    0,    0,    0,    0,    0,    0,    0,    0,    0,    0,    0,    0,    0,    0,    0,    0,    0,    0,    0,    0,    0,    0,    0,    0,
       0,    0,    0,    0,    0,    0,    0,    0,    0,    0,    0,    0,    0,    0,    0,    0,    0,    0,    0,    0,    0,    0,    0,    0,    0,    0,    0,    0,    0,    0,    0,  -20,    0,  -13,    0,    0,    0,    0,    0,    0,    0,    0,    0,    0,    0,    0,    0,    0,    0,    0,    0,    0,    0,    0,    0,    0,    0,    0,    0,    0,    0,    0,    0,    0,    0,    0,    0,    0,    0,    0,    0,    0,    0,    0,    0,    0,    0,    0,    0,    0,    0,    0,    0,    0,    0,    0,    0,    0,    0,    0,    0,    0,    0,    0,
       0,    0,    0,    0,    0,    0,    0,    0,    0,    0,    0,    0,    0,    0,    0,    0,    0,    0,    0,    0,    0,    0,    0,    0,    0,    0,    0,    0,    0,    0,    0,  -42,    0,  -15,    0,    0,    0,    0,    0,    0,    0,    0,    0,    0,    0,    0,    0,    0,    0,    0,    0,    0,    0,    0,    0,    0,    0,    0,    0,    0,    0,    0,    0,    0,    0,    0,    0,    0,    0,    0,    0,  -15,   -6,    0,    0,    0,    0,    0,   -6,    0,    0,    0,    0,    0,    0,    0,    0,    0,    0,    0,    0,    0,    0,    0,
       0,    0,    0,    0,    0,    0,    0,    0,    0,    0,    0,    0,    0,    0,    0,    0,    0,    0,    0,    0,    0,    0,    0,    0,    0,    0,    0,    0,    0,    0,    0,  -33,    0,   -6,    0,    0,    0,    0,    0,    0,    0,    0,    0,    0,    0,    0,    0,    0,    0,    0,    0,    0,    0,    0,    0,    0,    0,    0,    0,    0,    0,    0,    0,    0,    0,    0,    0,    0,    0,    0,    0,    0,    0,    0,    0,    0,    0,    0,    0,    0,    0,    0,    0,    0,    0,    0,    0,    0,    0,    0,    0,    0,    0,    0,
       0,  -24,    0,    0,    0,    0,    0,    0,    0,    0,    0,    0,    0,    0,    0,    0,    0,    0,    0,    0,    0,    0,    0,    0,    0,    0,    0,    0,    0,    0,    0,  -37,    0,   -9,    0,    0,    0,    0,    0,    0,    0,    0,    0,    0,    0,    0,    0,    0,    0,    0,    0,    0,    0,    0,    0,    0,    0,    0,    0,    0,    0,    0,    0,    0,    0,    0,    0,    0,    0,    0,    0,   -9,   -6,    0,    0,    0,    0,    0,    0,    0,    0,    0,   -9,    0,    0,    0,    0,    0,    0,    0,    0,    0,    0,    0,
       0,    0,    0,    0,    0,    0,    0,    0,    0,    0,    0,    0,    0,    0,    0,    0,    0,    0,    0,    0,    0,    0,    0,    0,    0,    0,    0,    0,    0,    0,    0,  -33,    0,  -15,    0,    0,    0,    0,    0,    0,    0,    0,    0,    0,   -2,    0,   -9,    0,    0,    0,    0,    0,    0,    0,    0,    0,    0,    0,    0,    0,    0,    0,    0,    0,    0,    0,    0,    0,    0,    0,    0,    0,    0,    0,    0,    0,    0,    0,    0,    0,    0,    0,    0,    0,    0,    0,    0,    0,    0,    0,    0,    0,    0,    0,
       0,    0,    0,    0,    0,    0,    0,    0,    0,    0,    0,    0,    0,    0,    0,    0,    0,    0,    0,    0,    0,    0,   26,    0,    0,    0,    0,  -28,    0,   -5,    0,    0,    0,    0,    0,    0,    0,    0,    0,    0,    0,    0,    0,    0,    0,    0,    0,    0,    0,    0,    0,    0,    0,    0,    0,    0,    0,  -15,    0,  -22,    0,    0,    0,  -15,    0,    0,    0,    0,    0,    0,    0,    0,    0,    0,    0,    0,    0,    0,    0,    0,    0,    0,    0,  -15,    0,    0,    0,    0,    0,    0,    0,    0,    0,    0,
       0,    0,    0,    0,    0,    0,    0,    0,   -6,  -26,    0,   -6,    0,    0,    0,    0,    0,    0,    0,    0,    0,    0,    0,    0,    0,    0,    0,    0,    0,    0,    0,    0,    0,    0,    0,    0,    0,    0,    0,    0,    0,    0,    0,    0,    0,    0,    0,    0,    0,    0,    0,    0,    0,    0,    0,    0,    0,    0,    0,    0,    0,    0,    0,    0,    0,    0,    0,    0,    0,    0,    0,    0,    0,    0,    0,    0,    0,    0,    0,    0,    0,    0,    0,    0,    0,    0,    0,    0,    0,    0,    0,    0,    0,    0,
       0,    0,    0,    0,    0,    0,    0,    0,    0,    0,    0,    0,    0,    0,    0,    0,    0,    0,    0,    0,    0,    0,    0,    0,    0,  -38,    0,  -26,    0,  -42,    0,    0,    0,    0,    0,    0,    0,    0,    0,    0,    0,    0,    0,    0,    0,    0,    0,    0,    0,    0,    0,    0,    0,    0,    0,    0,    0,  -35,    0,    0,    0,    0,    0,  -36,    0,    0,    0,    0,    0,    0,    0,    0,    0,    0,    0,    0,    0,    0,    0,    0,    0,    0,    0,  -19,    0,    0,    0,    0,    0,    0,    0,    0,    0,    0,
       0,    0,    0,    0,    0,    0,    0,    0,    0,    0,    0,    0,    0,    0,    0,    0,    0,    0,    0,  -33,    0,    0,    0,    0,    0,    0,    0,    0,    0,    0,    0,    0,  -12,    0,  -33,    0,    0,    0,    0,  -28,    0,    0,    0,  -20,    0,  -20,    0,    0,    0,    0,    0,    0,    0,    0,    0,    0,    0,    0,  -20,    0,    0,    0,  -20,    0,    0,    0,    0,    0,  -33,    0,    0,    0,  -26,    0,    0,    0,    0,    0,    0,    0,    0,    0,    0,    0,    0,    0,    0,    0,    0,    0,    0,    0,    0,    0,
       0,    0,    0,    0,    0,    0,    0,    0,    0,    0,    0,    0,    0,    0,    0,    0,    0,    0,    0,   -9,    0,    0,    0,    0,    0,  -44,    0,  -26,  -30,  -50,    0,    0,    0,    0,    0,    0,    0,    0,    0,    0,    0,    0,    0,    0,    0,    0,    0,    0,    0,    0,    0,    0,    0,    0,    0,    0,    0,  -38,    0,  -26,   -3,    0,    0,  -44,    0,    0,    0,    0,    0,    0,    0,  -22,    0,    0,    0,    0,    0,  -20,  -24,    0,    0,    0,    0,  -51,    0,    0,    0,    0,    0,    0,    0,    0,    0,    0,
       0,    0,    0,    0,    0,    0,    0,    0,    0,    0,    0,    0,    0,    0,    0,    0,    0,    0,    0,  -33,   -3,    0,    0,    0,    0,  -63,    0,  -28,  -20,  -51,    0,    0,    0,    0,    0,    0,    0,    0,    0,    0,    0,    0,    0,    0,    0,    0,    0,    0,    0,    0,    0,    0,    0,    0,    0,    0,    0,  -47,  -15,  -30,  -15,    0,    0,  -61,  -15,    0,    0,    0,    0,    0,    0,  -15,    0,    0,    0,  -11,    0,  -17,    0,    0,    0,    0,   -4,  -48,    0,    0,    0,    0,    0,    0,    0,    0,    0,    0,
       0,    0,    0,    0,    0,    0,    0,    0,    0,    0,    0,    0,    0,    0,    0,    0,    0,    0,    0,    0,    0,    0,   37,    0,    0,  -35,    0,  -29,    0,  -47,    0,    0,    0,    0,    0,    0,    0,    0,    0,    0,    0,    0,    0,    0,    0,    0,    0,    0,    0,    0,    0,    0,    0,    0,    0,    0,    0,  -20,    0,  -15,    0,    0,    0,  -53,    0,    0,    0,    0,    0,    0,    0,    0,    0,    0,    0,    0,    0,    0,    0,    0,    0,    0,    0,  -23,    0,    0,    0,    0,    0,    0,    0,    0,    0,    0,
       0,    0,    0,    0,    0,    0,    0,    0,    0,    0,    0,    0,    0,    0,    0,    0,    0,    0,    0,  -33,    0,    0,   -6,   -6,    0,  -20,    0,  -18,  -24,  -33,   -6,    0,    0,    0,    0,    0,    0,    0,    0,    0,    0,    0,    0,    0,    0,    0,    0,    0,    0,    0,    0,    0,    0,    0,    0,    0,    0,    0,    0,    0,    0,    0,    0,    0,    0,    0,    0,    0,    0,    0,    0,    0,    0,    0,    0,    0,    0,    0,    0,    0,    0,    0,    0,    0,    0,    0,    0,    0,    0,    0,    0,    0,    0,    0,
       0,    0,    0,    0,    0,    0,    0,    0,    0,    0,    0,    0,    0,    0,    0,    0,    0,    0,    0,    0,    0,    0,    0,    0,    0,    0,    0,    0,    0,    0,    0,    0,    0,    0,    0,    0,    0,   -9,    0,   -9,    0,    0,    0,    0,   -6,    0,  -11,    0,    0,    0,    0,    0,    0,    0,    0,    0,    0,    0,    0,    0,    0,    0,    0,    0,    0,    0,    0,    0,    0,    0,    0,    0,    0,    0,    0,    0,    0,    0,    0,    0,    0,    0,    0,    0,    0,    0,    0,    0,    0,    0,    0,    0,    0,    0,
       0,    0,    0,    0,    0,    0,    0,    0,    0,    0,    0,    0,    0,    0,    0,    0,    0,    0,    0,    0,    0,    0,    0,    0,    0,    0,    0,    0,    0,    0,    0,    0,    0,   26,    0,    0,    0,    0,    0,    0,    0,    0,    0,    0,    0,    0,    0,    0,    0,    0,    0,    0,    0,    0,    0,    0,    0,    0,    0,    0,    0,    0,    0,    0,    0,    0,    0,    0,    0,    0,    0,    0,    0,    0,    0,    0,    0,    0,    0,    0,    0,    0,    0,    0,    0,    0,    0,    0,    0,    0,    0,    0,    0,    0,
       0,    0,    0,    0,    0,    0,    0,    0,    0,    0,    0,    0,    0,    0,    0,    0,    0,    0,    0,    0,    0,    0,    0,    0,    0,    0,    0,    0,    0,    0,    0,    0,    0,    0,  -28,    0,  -28,    0,    0,  -28,    0,  -24,    0,  -20,  -22,  -22,  -22,  -20,    0,    0,    0,    0,    0,    0,    0,    0,    0,    0,    0,    0,    0,    0,    0,    0,    0,    0,    0,    0,  -28,    0,    0,    0,    0,    0,    0,    0,    0,    0,    0,    0,    0,    0,    0,    0,    0,    0,    0,    0,    0,    0,    0,    0,    0,    0,
       0,    0,    0,    0,    0,    0,    0,    0,    0,    0,    0,    0,    0,    0,    0,    0,    0,    0,    0,    0,    0,    0,    0,    0,    0,    0,    0,    0,    0,    0,    0,  -49,    0,  -23,   -9,    0,    0,    0,    0,  -13,    0,    0,    0,    0,    0,    0,  -11,  -11,    0,    0,    0,    0,    0,    0,    0,    0,    0,    0,    0,    0,    0,    0,    0,    0,    0,    0,  -15,    0,   -9,    0,   -6,    0,    0,  -11,    0,    0,    0,    0,    0,    0,    0,    0,   -2,    0,  -12,    0,    0,    0,    0,    0,    0,    0,    0,    0,
       0,    0,    0,    0,    0,    0,    0,    0,    0,    0,    0,    0,    0,    0,    0,    0,    0,    0,    0,    0,    0,    0,    0,    0,    0,  -24,    0,    0,    0,  -30,    0,    0,    0,    0,    0,    0,    0,    0,    0,    0,    0,    0,    0,    0,    0,    0,  -15,    0,    0,    0,    0,    0,    0,    0,    0,    0,    0,    0,    0,  -15,    0,    0,    0,    0,    0,    0,    0,    0,    0,    0,    0,    0,    0,    0,    0,    0,    0,    0,    0,    0,    0,    0,  -25,    0,  -15,    0,    0,    0,    0,    0,    0,    0,    0,    0,
       0,    0,  -35,  -25,   -3,    0,    0,    0,    0,    0,    0,    0,    0,    0,    0,  -14,    0,    0,    0,  -49,    0,   -2,    0,    0,    0,    0,    0,    0,    0,    0,    0,    0,  -48,    0,  -50,    0,    0,    0,  -27,  -43,  -13,  -30,    0,  -41,    0,  -45,  -41,  -51,    0,    0,    0,  -42,  -35,   -7,  -39,    0,  -42,    0,  -23,    0,    0,    0,   -2,    0,  -28,   -2,  -46,  -23,  -61,  -31,  -29,  -47,  -48,  -33,  -30,  -51,    3,    0,  -39,    0,   13,  -20,  -43,    0,  -59,    0,   18,   24,   24,    0,    0,    0,    0,    0,
      -9,  -62,    0,    0,    0,    0,    0,    0,    0,    0,    0,    0,    0,    0,    0,    0,    0,    0,    0,    0,    0,   -2,    0,    0,    0,  -48,    0,  -41,   -6,  -57,    0,  -48,    6,    0,    0,    0,    0,    0,    0,    0,    0,    0,    0,    0,    0,    0,   -9,    0,    0,    0,    0,    0,    0,    0,    0,    0,    0,  -43,   -6,  -30,    0,    0,    0,  -70,    0,    0,    0,    0,    0,    0,    0,    0,    0,    0,    0,    0,  -39,    0,    0,  -78,  -19,    0,  -26,  -61,  -11,    0,  -39,  -33,  -33,    0,   -2,    0,    0,    0,
       0,    0,    0,    0,    0,    0,    0,    0,    0,    0,    0,    0,    0,    0,    0,    0,    0,    0,    0,    0,    0,  -17,    0,    0,    0,    0,    0,  -36,    0,  -54,    0,    0,    0,  -20,    0,    0,    0,   -9,    0,    0,    0,    0,    0,    0,    0,    0,  -22,    0,    0,    0,    0,    0,    0,    0,    0,    0,    0,  -37,    0,  -15,    0,    0,   -3,  -39,    0,  -13,    0,    0,    0,    0,    0,    0,    0,    0,    0,    0,    0,    0,    0,  -48,    0,    0,  -30,  -44,  -15,    0,    0,    0,    0,    0,    0,    0,    0,    0,
       0,    0,    0,    0,    0,    0,    0,    0,    0,    0,    0,    0,    0,    0,    0,    0,    0,    0,    0,    0,    0,  -21,    0,    0,    0,  -13,    0,  -10,    0,  -20,    0,    0,    0,    0,   -2,    0,    0,    0,    0,  -22,   -9,    0,    0,   -9,    0,    0,  -43,  -23,    0,    0,    0,  -27,  -25,    0,    0,    0,   -6,   -6,    0,    0,    0,    0,  -25,  -23,    0,  -20,    0,    0,   -2,    0,    0,    0,    0,  -43,  -29,    0,    0,    0,    0,    0,    0,    0,  -33,  -15,  -39,   -3,    0,    0,    0,    0,  -24,    0,    0,    0,
       0,    0,    0,    0,    0,    0,    0,    0,    0,    0,    0,    0,    0,    0,    0,    0,    0,    0,    0,    0,    0,    0,    0,    0,    0,  -18,    0,    0,   -9,   -9,    0,   -3,    0,    0,    0,    0,    0,    0,    0,    0,    0,    0,    0,    0,    0,    0,    0,    0,    0,    0,    0,    0,    0,    0,    0,    0,    0,   -9,    0,    0,    0,  -13,    0,  -24,    0,    0,    0,    0,    0,    0,    0,    0,    0,    0,    0,    0,    0,    0,    0,    0,    0,    0,  -20,  -15,    0,    0,   -2,    0,    0,    0,    0,    0,    0,    0,
       0,    0,   -2,    0,    0,    0,    0,    0,    0,    0,    0,    0,    0,    0,    0,    0,    0,    0,    0,  -17,    0,    0,    0,    0,    0,  -30,    0,   -5,  -30,  -32,    0,    0,    0,    0,    0,    0,    0,    0,    0,    0,    0,    0,    0,    0,    0,    0,    0,    0,    0,    0,    0,    0,    0,    0,    0,    0,    0,  -19,  -32,  -24,  -22,    0,    0,  -12,  -23,    9,    0,    9,    0,    0,    0,    0,    0,    0,    9,    0,    0,  -22,    0,  -24,    0,    0,    0,  -20,    0,    0,    0,    0,    0,    0,    0,    0,    0,    0,
       0,  -34,    0,    0,    0,    0,    0,    0,    0,    0,    0,    0,    0,    0,    0,    0,    0,    0,    0,    0,    0,    0,    0,    0,    0,    0,    0,    0,    0,    0,    0,  -39,    0,  -11,    6,    0,    0,    0,    0,    0,    0,    0,    0,    0,    0,    0,    0,    0,    0,    0,    0,    0,    0,    0,    0,    0,    0,    0,    0,    0,    0,    0,    0,    0,    0,    0,    0,    0,    6,    0,   -1,  -11,   -9,    0,    6,    0,    0,    0,  -14,    0,   -4,    0,  -20,    0,    0,    0,  -15,  -28,  -20,    0,    0,    0,    0,    0,
       0,  -26,    0,    0,    0,    0,    0,    0,    0,    0,    0,    0,    0,    0,    0,    0,    0,    0,    0,    0,    0,    0,    0,    0,    0,    0,    0,    0,    0,    0,    0,  -55,    0,  -13,    0,    0,    0,    0,    0,    0,    0,    0,    0,    0,    0,    0,   -6,    0,    0,    0,    0,    0,    0,    0,    0,    0,    0,    0,    0,    0,    0,    0,    0,    0,    0,    0,    0,    0,    0,    0,    0,    0,    0,    0,    0,    0,    0,    0,    0,    0,   -3,    0,  -17,    0,    0,    0,  -28,   -7,   -7,    0,    0,    0,    0,    0,
       0,  -20,    0,    0,    0,    0,    0,    0,    0,    0,    0,    0,    0,    0,    0,    0,    0,    0,    0,    0,    0,    0,    0,    0,    0,    0,    0,    0,    0,    0,    0,  -39,    0,  -15,    0,    0,    0,    0,   -2,    0,    0,    0,    0,    0,    0,    0,    0,    0,    0,    0,    0,    0,    0,    0,    0,    0,    0,    0,    0,    0,    0,    0,    0,    0,    0,    0,  -11,    0,    0,    0,    0,    0,    0,    0,    0,    0,    0,    0,    0,    0,   -2,    0,  -11,    0,    0,    0,    0,   -6,   -6,    0,    0,    0,    0,    0,
       0,    0,    0,    0,    0,    0,    0,    0,    0,    0,    0,    0,    0,    0,    0,    0,    0,    0,    0,    0,    0,    0,    0,    0,    0,    0,    0,    0,    0,    0,    0,   -7,    0,   -9,    0,    0,    0,    0,    0,    0,    0,    0,    0,    0,    0,    0,    0,    0,    0,    0,    0,    0,    0,    0,    0,    0,    0,    0,    0,    0,    0,    0,    0,    0,    0,    0,    0,    0,    0,    0,    0,   -3,    0,    0,    9,    0,    0,    0,    0,    0,    0,    0,    0,    0,    0,    0,    0,    0,    0,    0,    0,    0,    0,    0,
       0,    0,    0,    0,    0,    0,    0,    0,    0,    0,    0,    0,    0,    0,    0,    0,    0,    0,    0,    0,    0,    0,    0,    0,    0,    0,    0,    0,    0,    0,    0,  -26,    0,  -20,    0,    0,    0,    0,    0,    0,    0,    0,    0,    0,    0,    0,    0,    0,    0,    0,    0,    0,    0,    0,    0,    0,    0,    0,    0,    0,    0,    0,    0,    0,    0,    0,    0,    0,    0,    0,    0,    0,    0,    0,    0,    0,    0,    0,    0,    0,    0,    0,   -6,    0,    0,    0,    0,   -3,   -3,    0,    0,    0,    0,    0,
       0,  -48,    0,    0,    0,    0,    0,    0,    0,    0,    0,    0,    0,    0,    0,    0,    0,    0,    0,    0,    0,    0,    0,    0,    0,    0,    0,    0,    0,    0,    0,  -51,    0,  -15,    0,    0,    0,   -2,   -2,  -11,  -11,    0,    0,    0,    0,  -11,  -18,    0,    0,    0,    0,    0,    0,    0,    0,    0,    0,    0,    0,    0,    0,    0,    0,    0,    0,    0,    0,    0,    0,    0,    0,    0,   -6,   -2,   -2,    0,    0,    0,   -1,    0,  -26,    0,  -35,    0,  -14,    0,  -30,  -39,  -39,    0,    0,    0,    0,    0,
       0,    0,    0,    0,    0,    0,    0,    0,    0,    0,    0,    0,    0,    0,    0,    0,    0,    0,    0,   -4,    0,   -2,    0,    0,    0,  -34,    0,  -35,    0,  -36,    0,    0,    0,    0,    0,    0,    0,    0,    0,    0,    0,    0,    0,    0,    0,    0,    0,    0,    0,    0,    0,    0,    0,    0,    0,    0,    0,  -20,   -2,  -20,    0,    0,    0,  -42,    0,    0,    0,    0,    0,    0,    0,    0,    0,    0,    0,    0,   -4,    0,    0,  -26,    0,    0,  -22,  -52,    0,    0,    0,    0,    0,    0,    0,    0,    0,    0,
     -22,    0,    0,    0,    0,    0,    0,    0,    0,    0,    0,    0,    0,    0,    0,    0,    0,    0,    0,    0,    0,  -36,    0,    0,    0,  -33,    0,  -22,    0,    0,    0,  -26,    0,    0,   -9,    0,    0,   -9,    0,  -20,    0,    0,    0,    0,    0,    0,  -39,  -27,    0,    0,    0,  -28,  -20,    0,    0,    0,    0,  -32,    0,    0,    0,   -9,  -53,  -22,    0,  -19,    0,    0,   -9,    0,    0,    0,    0,  -49,  -45,    0,  -46,    0,    0,  -44,  -20,    0,  -39,  -24,  -51,  -18,    0,    0,    0,    0,  -43,    0,    0,    0,
       0,    0,    0,   -6,    0,    0,    0,    0,    0,    0,    0,    0,    0,    0,    0,    0,    0,    0,    0,    0,    0,    0,    0,    0,    0,    0,    0,    0,    0,    0,    0,  -39,    0,  -12,   -3,    0,    0,   -9,    0,  -10,  -13,    0,    0,  -15,    0,  -11,  -15,  -20,    0,    0,    0,    0,   -3,    0,    0,    0,  -11,    0,    0,    0,    0,    0,    0,    0,    0,    0,    0,    0,   -3,    0,   -9,    0,    0,  -20,  -11,    0,    0,    0,    0,    0,    0,    0,    0,    0,  -13,    0,    0,    0,    0,    0,    0,    0,    0,    0,
       0,    0,    0,    0,  -31,    0,    0,    0,    0,    0,    0,    0,    0,    0,    0,    0,    0,    0,    0,  -83,    0,    0,    0,    0,    0,    0,    0,    0,  -18,    0,    0,    0,  -71,    0,  -56,    0,    0,  -20,  -40,  -50,  -24,  -43,    0,  -44,    0,  -39,  -39,  -39,    0,    0,    0,    0,    0,    0,   -9,    0,  -44,    0,  -39,    0,    0,    0,    0,    0,  -39,    0,  -63,  -39,   -9,  -45,  -45,  -91,  -50,  -35,  -43,  -74,    0,  -13,  -32,    0,    0,  -26,  -25,    0,  -26,    0,    0,    0,    0,    0,    0,    0,    0,    0,
       0,    0,  -30,    0,    0,    0,    0,    0,    0,    0,    0,    0,    0,    0,    0,    0,    0,    0,    0,    0,    0,    0,    0,    0,    0,    0,    0,    0,    0,    0,    0,   -4,  -13,   -9,  -11,    0,    0,    0,    0,    0,    0,    0,    0,    0,    0,    0,    0,    0,    0,    0,    0,    0,    0,    0,    0,    0,    0,    0,    0,    0,    0,    0,    0,    0,    0,    0,    0,    0,  -11,    0,    0,  -47,  -28,    0,    0,  -24,    0,    0,    0,    0,    0,    0,    0,    0,    0,    0,    0,    0,    0,    0,    0,    0,    0,    0,
       0,    0,  -35,  -25,   -3,    0,    0,    0,    0,    0,    0,    0,    0,    0,    0,  -14,    0,    0,    0,  -49,    0,  -27,    0,    0,    0,    0,    0,    0,    0,    0,    0,    0,  -48,    0,  -50,    0,    0,    0,  -27,  -43,  -13,  -30,    0,  -41,    0,  -45,  -41,  -51,    0,    0,    0,  -42,  -35,   -7,  -39,    0,  -42,    0,  -23,    0,    0,    0,  -24,    0,  -28,   -2,  -46,  -23,  -61,  -31,  -29,  -47,  -48,  -33,  -30,  -51,    3,    0,  -39,    0,   13,  -20,  -43,    0,  -59,    0,   18,   24,   24,    0,    0,    0,    0,    0,
       0,    0,    0,    0,    0,    0,    0,    0,    0,    0,    0,    0,    0,    0,    0,    0,    0,    0,    0,    0,    0,    0,    0,    0,    0,    0,    0,    0,    0,    0,    0,   -5,   -4,    0,  -13,    0,    0,    0,    0,   -2,    0,   -3,    0,    0,    0,    0,    0,    0,    0,    0,    0,    0,    0,    0,    0,    0,    0,    0,    0,    0,    0,    0,    0,    0,    0,    0,    0,    0,  -13,    0,    0,  -47,  -22,    0,    0,  -28,    0,    0,    0,    0,    0,    0,    0,    0,    0,    0,    0,    0,    0,    0,    0,    0,    0,    0,
       0,    0,    0,    0,    0,    0,    0,    0,    0,    0,    0,    0,    0,    0,    0,    0,    0,    0,    0,    0,    0,    0,    0,    0,    0,  -33,    0,  -39,    0,    0,    0,    0,    0,    0,    0,    0,    0,    0,    0,    0,    0,    0,    0,    0,    0,    0,    0,    0,    0,    0,    0,    0,    0,    0,    0,    0,    0,  -44,    0,  -20,    0,    0,    0,  -44,    0,    0,    0,    0,    0,    0,    0,    0,    0,    0,    0,    0,    0,    0,    0,  -39,    0,    0,    0,  -35,    0,    0,    0,    0,    0,    0,    0,    0,    0,    0,
       0,    0,    0,    0,    0,    0,    0,    0,    0,    0,    0,    0,    0,    0,    0,    0,    0,    0,    0,    0,    0,    0,    0,    0,    0,    0,    0,    0,    0,    0,    0,    0,    0,  -25,    0,    0,    0,    0,    0,  -11,    0,    0,    0,    0,    0,    0,   -9,    0,    0,    0,    0,    0,    0,    0,    0,    0,    0,    0,    0,    0,    0,    0,    0,    0,    0,    0,    0,    0,    0,    0,    0,    0,    0,    0,    0,    0,    0,    0,    0,    0,    0,    0,   -2,    0,  -13,    0,    0,    0,    0,    0,    0,    0,    0,    0,
       0,    0,    0,    0,    0,    0,    0,    0,    0,    0,    0,    0,    0,    0,    0,    0,    0,    0,    0,    0,    0,    0,    0,    0,    0,    0,    0,    0,    0,    0,    0,    0,    0,    0,   -2,    0,    0,    0,    0,    0,    0,    0,    0,    0,    0,    0,    0,    0,    0,    0,    0,    0,    0,    0,    0,    0,    0,    0,    0,    0,    0,    0,    0,    0,    0,    0,    0,    0,   -2,    0,    0,  -19,   -3,    0,    0,  -18,    0,    0,    0,    0,    0,    0,    0,    0,    0,    0,    0,    0,    0,    0,    0,    0,    0,    0,
       0,  -36,    4,    0,    0,    0,    0,    0,    0,    0,    0,    0,    0,    0,    0,    0,    0,    0,    0,    0,    0,    0,    0,    0,    2,  -42,    0,  -30,    0,  -46,    0,   -6,   16,    0,   17,    0,    0,    0,    0,    0,    3,   12,    0,    2,    0,    0,    0,    0,    0,    0,    0,    0,    0,    0,    0,    0,    0,  -33,    2,    0,    3,    0,    0,  -55,    0,    9,   12,   20,   17,   13,    0,    0,    3,    2,    3,    0,    0,    0,    3,   -6,   -2,   13,  -13,  -58,    0,    2,  -27,  -17,  -17,    0,    0,    0,    0,    0,
       0,  -50,    0,    0,    0,    0,    0,    0,    0,    0,    0,    0,    0,    0,    0,    0,    0,    0,    0,    0,    0,    0,    0,    0,    0,    0,    0,    0,    0,    0,    0,  -65,    0,   -9,    0,    0,    0,    0,    0,   -2,    0,    0,    0,    0,    0,    0,    0,    0,    0,    0,    0,    0,    0,    0,    0,    0,    0,    0,    0,    0,    0,    0,    0,    0,    0,    0,    0,    0,    0,    0,    0,    0,    0,    0,    0,    0,    0,    0,    0,    0,  -21,    0,  -27,    0,  -10,    0,    0,   -7,   -7,    0,    0,    0,    0,    0,
       0,    0,    0,    0,    0,    0,    0,    0,    0,    0,    0,    0,    0,    0,    0,    0,    0,    0,    0,    0,    0,    0,    0,    0,    0,  -28,    0,  -33,    0,  -39,    0,    0,    0,    0,    0,    0,    0,    0,    0,    0,    0,    0,    0,    0,    0,    0,    0,    0,    0,    0,    0,    0,    0,    0,    0,    0,    0,  -13,    0,    0,    0,    0,    0,  -28,    0,    0,    0,   15,    0,    0,    0,    2,    2,    0,    0,    0,    0,    0,    0,    0,    0,    0,  -20,  -30,    0,    0,    0,    0,    0,    0,    0,    0,    0,    0,
       0,  -42,    0,    0,    0,    0,    0,    0,    0,    0,    0,    0,    0,    0,    0,    0,    0,    0,    0,    0,    0,    0,    0,    0,    0,    0,    0,    0,    0,    0,    0,  -53,    9,   -2,    7,    0,    0,    0,    0,   -2,   -2,    0,    0,    0,    0,    0,  -18,   -2,    0,    0,    0,    0,    0,    0,    0,    0,    0,    0,    0,    0,    0,    0,    0,    0,    0,    0,    0,    0,    7,    0,    0,    0,    0,  -10,    0,    0,    0,    0,    0,    0,  -13,    0,   -4,    0,  -17,    0,    0,  -11,  -11,    0,    0,    0,    0,    0,
       0,    0,  -35,    0,    0,    0,    0,    0,    0,    0,    0,    0,    0,    0,    0,    0,    0,    0,    0,    0,    0,    0,    0,    0,    0,    0,    0,    0,    0,    0,    0,  -21,  -26,  -14,   -6,    0,    0,    0,    0,    0,    0,    0,    0,    0,    0,    0,    0,    0,    0,    0,    0,    0,    0,    0,    0,    0,    0,    0,    0,    0,    0,    0,    0,    0,    0,    0,  -13,    0,   -6,    0,    0,  -38,  -22,    0,    0,  -20,    0,    0,    0,    0,    0,    0,    0,    0,    0,    0,    0,    0,    0,    0,    0,    0,    0,    0,
     -28,  -69,    0,    0,    0,    0,    0,    0,    0,    0,    0,    0,    0,    0,    0,    0,    0,    0,    0,    0,    0,  -25,    0,    0,    0,  -63,    0,  -50,    0,  -61,    0,  -66,    0,  -20,    0,    0,    0,    0,    0,    0,    0,    0,    0,    0,    0,    0,  -30,    0,    0,    0,    0,    0,    0,    0,    0,    0,    0,  -57,    0,  -26,    0,   -4,  -26,  -92,    0,   -5,    0,    0,    0,    0,    0,    0,    0,  -22,  -18,    0,  -60,    0,    0,  -94,    0,    0,  -35,  -99,  -28,    0,  -61,  -51,  -51,    0,  -27,    0,    0,    0,
       0,    0,    0,    0,    0,    0,    0,    0,    0,    0,    0,    0,    0,    0,    0,    0,    0,    0,    0,    0,    0,    0,    0,    0,    0,    0,    0,    0,    0,    0,    0,    0,    0,    0,    0,    0,    0,    0,    0,    0,    0,    0,    0,    0,    0,    0,    0,    0,    0,    0,    0,    0,    0,    0,    0,    0,    0,    0,    0,    0,    0,    0,    0,    0,    0,    0,    0,    0,    0,    0,    0,    0,    0,    0,    0,    0,    0,    0,    0,    0,   15,    0,    0,    0,    0,    0,    0,    0,    0,    0,    0,    0,    0,    0,
       0,    0,    0,    0,    0,    0,    0,    0,    0,    0,    0,    0,    0,    0,    0,    0,    0,    0,    0,    0,    0,   -2,    0,    0,    0,    0,    0,    0,    0,    0,    0,    0,    0,    0,    0,    0,    0,    0,    0,    0,    0,    0,    0,    0,    0,    0,    0,    0,    0,    0,    0,    0,    0,    0,    0,    0,    0,    0,    0,    0,    0,    0,   -3,    0,    0,    0,    0,    0,    0,    0,    0,    0,    0,    0,    0,    0,    0,    0,    0,    0,    0,    0,    0,    0,    0,    0,    0,    0,    0,    0,    0,    0,    0,    0,
       0,    0,    0,    0,    0,    0,    0,    0,    0,    0,    0,    0,    0,    0,    0,    0,    0,    0,    0,    0,    0,    0,    0,    0,    0,    0,    0,    0,    0,    0,    0,    0,    0,  -11,    0,    0,    0,    0,    0,    0,    0,    0,    0,    0,    0,    0,    0,    0,    0,    0,    0,    0,    0,    0,    0,    0,    0,    0,    0,    0,    0,    0,    0,    0,    0,    0,    0,    0,    0,    0,    0,    0,    0,    0,    0,    0,    0,    0,    0,    0,    0,    0,  -11,    0,    0,    0,    0,    0,    0,    0,    0,    0,    0,    0,
       0,    0,    0,    0,    0,    0,    0,    0,    0,    0,    0,    0,    0,    0,    0,    0,    0,    0,    0,   -9,    0,   -8,    0,    0,    0,    0,    0,  -18,    0,   -9,    0,    0,    0,    0,    0,    0,    0,    0,    0,    0,    0,    0,    0,    0,    0,    0,    0,    0,    0,    0,    0,    0,    0,    0,    0,    0,    0,    0,    0,    0,    0,    0,    0,    0,    0,    0,    0,    0,    0,    0,    0,    0,    0,    0,    0,    0,    0,    0,    0,    0,   -2,    0,  -15,    0,  -11,    0,    0,    0,    0,    0,    0,    0,    0,    0,
       0,    0,    0,    0,    0,    0,    0,    0,    0,    0,    0,    0,    0,    0,    0,    0,    0,    0,    0,   -2,    0,  -11,    0,    0,    0,    0,    0,    0,    0,    0,    0,    0,   -4,    0,  -32,    0,    0,  -22,    0,  -33,  -14,  -19,    0,  -32,    0,  -28,  -25,  -26,    0,    0,    0,    0,    0,    0,    0,    0,  -28,    0,    0,    0,    0,    0,  -12,    0,    0,  -34,  -21,   -5,  -11,  -20,  -19,    0,  -11,  -34,   -6,   -3,    0,    0,  -22,    0,   -2,  -27,  -32,    0,  -36,    0,    0,    0,    0,    0,    0,    0,    0,    0,
       0,    0,    0,    0,    0,    0,    0,    0,    0,    0,    0,    0,    0,    0,    0,    0,    0,    0,    0,    0,    0,    0,    0,    0,    0,    0,    0,    0,    0,    0,    0,    0,    0,   -9,  -10,    0,    0,    0,    0,    0,    0,    0,    0,    0,    0,    0,    0,    0,    0,    0,    0,    0,    0,    0,    0,    0,    0,    0,    0,    0,    0,    0,    0,    0,    0,    0,    0,    0,  -10,    0,    0,  -11,    0,    0,    0,  -11,    0,    0,   -9,    0,    0,    0,    0,    0,    0,    0,    0,    0,    0,    0,    0,    0,    0,    0,
       0,    0,  -35,    0,    0,    0,    0,    0,    0,    0,    0,    0,    0,    0,    0,    0,    0,    0,    0,  -61,    0,    0,    0,    0,    0,    0,    0,    0,    0,    0,    0,    0,    0,   15,   -2,    0,    0,    0,    0,    0,    0,    0,    0,    0,    0,    0,    0,    0,    0,    0,    0,    0,    0,    0,    0,    0,    0,    0,  -22,    0,    0,    0,    0,    0,  -20,    0,    0,    0,   -2,    0,    0,  -35,    0,    0,    0,    0,    0,    0,    0,    0,    0,    0,    0,    0,    0,    0,    0,    0,    0,    0,    0,    0,    0,    0,
       0,    0,  -35,    0,    0,    0,    0,    0,    0,    0,    0,    0,    0,    0,    0,    0,    0,    0,    0,  -58,    0,    0,    0,    0,    0,    0,    0,    0,    0,    0,    0,    0,  -35,    0,  -15,    0,    0,    0,    0,    0,    0,    0,    0,    0,    0,    0,    0,    0,    0,    0,    0,    0,    0,    0,    0,    0,    0,    0,  -24,    0,    0,    0,    0,    0,  -26,    0,    0,    0,  -15,    0,    0,  -35,    0,    0,    0,    0,    0,    0,    0,    0,    0,    0,    0,    0,    0,    0,    0,    0,    0,    0,    0,    0,    0,    0,
       0,    0,    0,    0,    0,    0,    0,    0,    0,    0,    0,    0,    0,    0,    0,    0,    0,    0,    0,  -26,    0,    0,    0,    0,    0,    0,    0,    0,    0,    0,    0,    0,    0,    0,    0,    0,    0,    0,    0,    0,    0,    0,    0,    0,    0,    0,    0,    0,    0,    0,    0,    0,    0,    0,    0,    0,    0,    0,    0,    0,    0,    0,    0,    0,    0,    0,    0,    0,    0,    0,    0,    0,    0,    0,    0,    0,    0,    0,    0,    0,    0,    0,    0,    0,    0,    0,    0,    0,    0,    0,    0,    0,    0,    0,
       0,    0,    0,    0,    0,    0,    0,    0,    0,    0,    0,    0,    0,    0,    0,    0,    0,    0,    0,    0,    0,    0,    0,    0,    0,  -26,    0,   -4,  -31,  -13,    0,    0,    0,    0,    0,    0,    0,    0,    0,    0,    0,    0,    0,    0,    0,    0,    0,    0,    0,    0,    0,    0,    0,    0,    0,    0,    0,   -6,    0,  -22,  -24,    0,    0,    0,  -35,    0,    0,    0,    0,    0,    0,  -32,    0,    0,    0,    0,    0,  -26,    0,    0,    0,    0,    0,    0,    0,    0,    0,    0,    0,    0,    0,    0,    0,    0,
       0,    0,    0,    0,    0,    0,    0,    0,    0,    0,    0,    0,    0,    0,    0,    0,    0,    0,    0,    0,    0,    0,    0,    0,    0,  -39,    0,  -26,    0,  -35,    0,    0,    0,    0,    0,    0,    0,    0,    0,    0,    0,    0,    0,    0,    0,    0,    0,    0,    0,    0,    0,    0,    0,    0,    0,    0,    0,    0,    0,    0,    0,    0,    0,    0,    0,    0,    0,    0,    0,    0,    0,    0,    0,    0,    0,    0,    0,    0,    0,    0,    0,    0,    0,    0,    0,    0,    0,    0,    0,    0,    0,    0,    0,    0,
       0,    0,    0,    0,    0,    0,    0,    0,    0,    0,    0,    0,    0,    0,    0,    0,    0,    0,    0,  -15,    0,    0,    0,    0,    0,  -57,    0,  -11,  -18,  -35,    0,    0,    0,    0,    0,    0,    0,    0,    0,    0,    0,    0,    0,    0,    0,    0,    0,    0,    0,    0,    0,    0,    0,    0,    0,    0,    0,    0,    0,    0,    0,    0,    0,    0,    0,    0,    0,    0,    0,    0,    0,    0,    0,    0,    0,    0,    0,    0,    0,    0,    0,    0,    0,    0,    0,    0,    0,    0,    0,    0,    0,    0,    0,    0,
};

static const EpdLigaturePair ebgaramond_16_bolditalicLigaturePairs[] = {
    { 0x00660066, 0xFB00 }, // f f -> U+FB00
    { 0x00660069, 0xFB01 }, // f i -> U+FB01
    { 0x0066006C, 0xFB02 }, // f l -> U+FB02
    { 0xFB000069, 0xFB03 }, // U+FB00 i -> U+FB03
    { 0xFB00006C, 0xFB04 }, // U+FB00 l -> U+FB04
};

static constexpr EpdFontData ebgaramond_16_bolditalic = {
    ebgaramond_16_bolditalicBitmaps,
    ebgaramond_16_bolditalicGlyphs,
    ebgaramond_16_bolditalicIntervals,
    73,
    44,
    34,
    -10,
    true,
    ebgaramond_16_bolditalicGroups,
    14,
    nullptr,
    ebgaramond_16_bolditalicKernLeftClasses,
    ebgaramond_16_bolditalicKernRightClasses,
    ebgaramond_16_bolditalicKernMatrix,
    635,
    695,
    110,
    94,
    ebgaramond_16_bolditalicLigaturePairs,
    5,
};
