/**
 * generated by fontconvert.py
 * name: ebgaramond_18_bolditalic
 * size: 18
 * mode: 2-bit  compressed: true
 * Command used: fontconvert.py ebgaramond_18_bolditalic 18 ../builtinFonts/source/EBGaramond/EBGaramond-BoldItalic.ttf --2bit --compress --pnum --darken-aa
 */
#pragma once
#include "EpdFontData.h"

static const uint8_t ebgaramond_18_bolditalicBitmaps[51259] = {
    0xAD, 0x5B, 0x3D, 0xAC, 0xDD, 0xE6, 0x79, 0xFE, 0x48, 0x4A, 0x3A, 0x8E, 0xD8, 0x94, 0x1A, 0x1C,
    0xA0, 0x96, 0x10, 0xB3, 0x43, 0x86, 0xD6, 0xB0, 0xC5, 0x25, 0x83, 0x86, 0xAB, 0x4B, 0xC6, 0x01,
    0xDA, 0xC1, 0x83, 0x5D, 0xC0, 0x0A, 0x50, 0x67, 0x70, 0x87, 0x04, 0x68, 0x9D, 0x06, 0xEE, 0x90,
    0x21, 0x28, 0x64, 0x1D, 0xA6, 0xEE, 0xE6, 0x21, 0x77, 0x68, 0xDA, 0xA1, 0x8B, 0x06, 0x17, 0x88,
    0xAF, 0x81, 0x28, 0x83, 0x50, 0x38, 0xA9, 0x2C, 0xD2, 0xD6, 0xA0, 0x21, 0x83, 0xD9, 0x04, 0x9D,
    0x3A, 0x84, 0x69, 0x12, 0xA4, 0x49, 0x50, 0x98, 0x49, 0x4E, 0xEA, 0x13, 0x89, 0x87, 0x5F, 0x9F,
    0xE7, 0x79, 0x3F, 0x9E, 0x7B, 0xAE, 0x24, 0x3B, 0x49, 0x91, 0x2B, 0xF3, 0xE3, 0xB9, 0xE7, 0x92,
    0xDF, 0xCF, 0xFB, 0xF3, 0xBC, 0xCF, 0xFB, 0x7E, 0x9F, 0x9D, 0x3B, 0xE1, 0x9C, 0x5B, 0xE2, 0xF2,
    0xB5, 0x8B, 0x71, 0x25, 0xBE, 0x72, 0x0B, 0xEF, 0x5C, 0x3A, 0xE1, 0x1A, 0x9D, 0xCB, 0x78, 0xAD,
    0x9C, 0xCB, 0x07, 0xE7, 0x8A, 0xCE, 0xB9, 0xB2, 0xC5, 0x55, 0xE1, 0xC2, 0x2B, 0x2F, 0xE1, 0xBA,
    0x81, 0xEB, 0x3A, 0xAE, 0x33, 0x4E, 0x3F, 0x8B, 0x1E, 0x8F, 0xE1, 0xF1, 0x72, 0x8D, 0x8B, 0x77,
    0xFC, 0x7E, 0x1A, 0x8F, 0xBB, 0xCF, 0xC4, 0x75, 0x32, 0x96, 0x6D, 0xB6, 0xF2, 0x55, 0x36, 0x78,
    0x97, 0xFF, 0xFB, 0xC6, 0x15, 0x6F, 0x8F, 0xAE, 0x4C, 0x06, 0xB7, 0x9F, 0xF4, 0xEE, 0x46, 0xDA,
    0xBA, 0x21, 0x73, 0xAE, 0x7E, 0xC8, 0x1D, 0xFD, 0x1C, 0xE0, 0x0B, 0x97, 0x74, 0xE7, 0xD9, 0x6F,
    0xBB, 0x87, 0x36, 0xAB, 0xDE, 0x40, 0x9B, 0x3B, 0xCC, 0xC5, 0x5D, 0x8C, 0xD1, 0xB5, 0x7B, 0xF3,
    0xD3, 0x77, 0x30, 0x7D, 0xEF, 0x31, 0x63, 0x34, 0x93, 0x8B, 0xD0, 0x62, 0xE8, 0x4F, 0x87, 0xC7,
    0x2F, 0xB3, 0xD5, 0xE3, 0x4F, 0x44, 0x68, 0x4F, 0x37, 0xDE, 0xB7, 0xAE, 0xC4, 0x33, 0x95, 0x6B,
    0xF4, 0x52, 0x73, 0xA7, 0x79, 0x16, 0x63, 0xB4, 0x17, 0xF9, 0x60, 0x6D, 0x8F, 0x63, 0xDA, 0x6E,
    0x9F, 0x8F, 0xBB, 0xBD, 0x04, 0x2B, 0x76, 0xEB, 0x04, 0x6B, 0x76, 0x57, 0xDD, 0x3D, 0x3F, 0x17,
    0xED, 0xC6, 0x77, 0x5C, 0xD4, 0x6C, 0x78, 0xCB, 0xEF, 0x78, 0x88, 0xD0, 0x35, 0x6F, 0xDF, 0x45,
    0xD7, 0xB1, 0x4F, 0xBE, 0x0D, 0x21, 0x26, 0xD3, 0xA2, 0x1D, 0x29, 0xCF, 0xAC, 0xC6, 0xC4, 0xB2,
    0x49, 0xB3, 0xCF, 0xFC, 0x79, 0xF7, 0x75, 0xDE, 0x46, 0x0A, 0x2E, 0xC5, 0x8D, 0x2B, 0x9D, 0x6F,
    0x9E, 0x02, 0xC3, 0x7A, 0x38, 0x38, 0x66, 0xCB, 0x99, 0xE0, 0xD1, 0xB5, 0xDD, 0xF4, 0x4C, 0xE1,
    0x31, 0x5E, 0xEA, 0xF6, 0xCB, 0x0D, 0x27, 0x7C, 0x39, 0xD7, 0x6D, 0x4D, 0x5D, 0xE5, 0xD5, 0x90,
    0xE1, 0xC9, 0xE2, 0xED, 0x81, 0x1A, 0x2B, 0xBF, 0xD3, 0x95, 0xE8, 0xA5, 0xF1, 0x6F, 0xB1, 0xCF,
    0x6F, 0x78, 0xEB, 0x24, 0x3F, 0xD4, 0x00, 0xFB, 0xB6, 0x80, 0x3D, 0xBB, 0xFD, 0xD1, 0xBD, 0xEB,
    0x73, 0xD1, 0x6A, 0x56, 0x69, 0x8A, 0xFE, 0xF3, 0xD6, 0x2D, 0x97, 0xD4, 0x7B, 0x34, 0x16, 0xB5,
    0x1B, 0x5D, 0xB2, 0x2E, 0x6B, 0x28, 0x2F, 0x1D, 0xCA, 0x3A, 0x6B, 0x5D, 0x86, 0x1B, 0x4C, 0x22,
    0xEF, 0x96, 0x15, 0x26, 0x51, 0xB4, 0x3E, 0xA1, 0xBD, 0xB4, 0x13, 0xFE, 0x44, 0x3D, 0xD3, 0x62,
    0x8A, 0x97, 0x57, 0x6F, 0xE6, 0x6B, 0x97, 0xBD, 0xF3, 0xED, 0xD5, 0x74, 0x13, 0xAB, 0x4C, 0xBF,
    0xB3, 0xA6, 0x11, 0x15, 0x4F, 0x0D, 0xBC, 0xDD, 0xCC, 0x7A, 0xF4, 0x1E, 0xAD, 0x8B, 0xB6, 0xE1,
    0x90, 0x65, 0x0B, 0x09, 0xE6, 0x75, 0x59, 0x43, 0x82, 0x57, 0x5C, 0xF9, 0xE4, 0x88, 0x61, 0x61,
    0x2C, 0x6B, 0x87, 0x7E, 0xCB, 0x74, 0x70, 0xE8, 0xB7, 0x78, 0xBE, 0xA5, 0x15, 0xD2, 0x50, 0x2F,
    0x84, 0x19, 0xD3, 0x80, 0x5D, 0xDE, 0x43, 0x3C, 0x18, 0xFD, 0xCA, 0x0D, 0xA7, 0xF5, 0x6E, 0x3E,
    0x1C, 0xAF, 0x13, 0x4C, 0xCA, 0xFF, 0x7E, 0xD2, 0xEB, 0xFE, 0x74, 0xDA, 0xC6, 0x58, 0xDA, 0x95,
    0x82, 0x93, 0xD3, 0xD0, 0xB8, 0xC7, 0x8D, 0x1F, 0xD3, 0xEF, 0x6E, 0x68, 0x1C, 0xEB, 0x74, 0xBA,
    0x56, 0xC1, 0x3A, 0x86, 0x45, 0xB7, 0xB8, 0x35, 0x41, 0x1B, 0x59, 0x9F, 0xDC, 0xEE, 0x60, 0xA0,
    0xC5, 0x2A, 0x7D, 0xA5, 0x82, 0xB1, 0x5E, 0x5C, 0xFA, 0xD4, 0x1D, 0x0C, 0xEE, 0x72, 0xBA, 0x4E,
    0x5F, 0x1E, 0x06, 0xFA, 0x40, 0xE2, 0x57, 0x83, 0x83, 0x94, 0x22, 0x8F, 0xDF, 0x27, 0x2E, 0xEB,
    0xAD, 0xC1, 0x79, 0xA9, 0x73, 0x70, 0x0D, 0x66, 0xE5, 0xD2, 0xDE, 0x2D, 0x69, 0xB1, 0x05, 0x66,
    0x4D, 0x1D, 0xC2, 0x10, 0x73, 0xFF, 0x03, 0xF7, 0x22, 0x7D, 0x0D, 0x83, 0x51, 0xA1, 0x31, 0xEF,
    0x14, 0x3A, 0x0D, 0x9A, 0xEF, 0x2C, 0x82, 0xC2, 0xDC, 0xD9, 0xD7, 0x74, 0xFB, 0x4C, 0x32, 0x66,
    0xAB, 0x6C, 0xC8, 0xBB, 0xA2, 0x2D, 0xA1, 0xBE, 0x1B, 0x30, 0x25, 0x3E, 0xE6, 0xFE, 0x00, 0x17,
    0xFA, 0x5C, 0x48, 0xE6, 0x50, 0x37, 0xBA, 0xA2, 0xC9, 0x0D, 0x54, 0x08, 0x54, 0x86, 0x67, 0x30,
    0x4A, 0x84, 0x11, 0xB8, 0xFE, 0x05, 0x46, 0xC8, 0x68, 0x83, 0xBD, 0x3D, 0x3D, 0x7B, 0x34, 0x41,
    0xA0, 0x71, 0x7A, 0x54, 0x2B, 0xD8, 0x84, 0x6B, 0xBC, 0xE7, 0xE2, 0x77, 0x37, 0x1D, 0xD5, 0x62,
    0x28, 0xC0, 0x2B, 0xC7, 0xFB, 0x69, 0xB5, 0xB5, 0x1C, 0x4E, 0x4A, 0x0E, 0xE4, 0x34, 0x7D, 0x99,
    0xEC, 0x9B, 0x2E, 0xBC, 0xA7, 0x81, 0xF4, 0xD6, 0x03, 0x9B, 0xE5, 0xB6, 0x69, 0x5C, 0x98, 0x8D,
    0xA6, 0xA3, 0x86, 0xCB, 0xD2, 0x22, 0x60, 0x7E, 0xCE, 0x56, 0xA8, 0xB5, 0x08, 0x9A, 0xB4, 0x12,
    0x7B, 0x6B, 0x9A, 0x1F, 0xD3, 0x13, 0xB9, 0xFE, 0x58, 0x85, 0xB9, 0x27, 0xFA, 0xAA, 0x3D, 0xF2,
    0x60, 0xD9, 0x7A, 0xE5, 0x4E, 0x2E, 0x60, 0xC6, 0x4F, 0xE3, 0x7A, 0x97, 0x28, 0x78, 0x48, 0x6D,
    0x54, 0x4B, 0x40, 0x0A, 0xFD, 0xF0, 0xAF, 0x68, 0x50, 0xD0, 0x45, 0xB4, 0x82, 0x21, 0x0E, 0x0F,
    0x03, 0x9A, 0x8E, 0x5E, 0xCD, 0xD4, 0x16, 0xBF, 0x61, 0xFB, 0xD8, 0x61, 0x73, 0x78, 0x58, 0x51,
    0xC1, 0xBE, 0x56, 0xFB, 0x5B, 0xBC, 0x3B, 0xB7, 0x84, 0x6C, 0xF7, 0x08, 0x21, 0x3B, 0xF6, 0x6D,
    0xE2, 0xBB, 0x08, 0x33, 0xC4, 0xDA, 0xA1, 0xE7, 0x92, 0xC2, 0x86, 0x03, 0xDC, 0xC4, 0x62, 0x9F,
    0x9B, 0x80, 0x12, 0xA5, 0x5F, 0x5F, 0xF9, 0x07, 0x89, 0xA0, 0x1C, 0xFC, 0xCA, 0x0F, 0xBE, 0x2F,
    0x6B, 0x5B, 0x30, 0xA5, 0x90, 0xD0, 0x20, 0xD3, 0x56, 0xD8, 0x37, 0xCB, 0xFF, 0xA5, 0x59, 0x63,
    0xF1, 0xEF, 0xFE, 0x09, 0x9A, 0xC9, 0xCE, 0x13, 0x21, 0x66, 0x44, 0x5F, 0xAB, 0x04, 0x69, 0x7C,
    0xD6, 0x33, 0xE6, 0x2C, 0xC6, 0x04, 0x0A, 0xCC, 0x57, 0x89, 0x67, 0x00, 0x61, 0xCB, 0x65, 0x56,
    0xF0, 0x6E, 0xB4, 0xF8, 0x6F, 0xE1, 0xAB, 0xD4, 0xC3, 0x6B, 0x80, 0xA6, 0x00, 0x44, 0x57, 0x8C,
    0x6C, 0xE1, 0x54, 0xD9, 0x86, 0x71, 0x07, 0xBF, 0x2E, 0x57, 0xFC, 0xD0, 0x00, 0x2A, 0x06, 0xB6,
    0x4D, 0xCF, 0x16, 0x0E, 0xD7, 0x0C, 0x31, 0x91, 0xBF, 0x67, 0xF7, 0x65, 0xCF, 0xA1, 0xCA, 0x01,
    0xD2, 0x42, 0x80, 0xA3, 0x8B, 0x2E, 0xCC, 0xD9, 0x5E, 0x08, 0x76, 0x1C, 0x73, 0xC6, 0xCB, 0x16,
    0xD8, 0x8E, 0x77, 0x12, 0x2A, 0x2A, 0x92, 0xB6, 0x88, 0xB9, 0xE6, 0xC2, 0x6A, 0x96, 0x7C, 0xA9,
    0xD1, 0xDC, 0x07, 0x3E, 0xD2, 0xD3, 0x8F, 0x3B, 0x22, 0x42, 0xCB, 0xA6, 0xA6, 0x7B, 0x57, 0x04,
    0x6E, 0x17, 0x9A, 0xE2, 0xF8, 0xFB, 0xCD, 0x28, 0x00, 0xA8, 0xE8, 0xF4, 0xED, 0xD6, 0xA8, 0x5E,
    0xEC, 0xCD, 0xFD, 0x25, 0x18, 0x7E, 0xDF, 0xD0, 0x0C, 0x23, 0x88, 0xA4, 0x47, 0xB4, 0x72, 0x6C,
    0x31, 0xA0, 0x02, 0x84, 0xBD, 0x25, 0xBC, 0x88, 0x0D, 0x71, 0xE4, 0x6F, 0xB2, 0x7C, 0x39, 0x78,
    0x70, 0xA7, 0x48, 0xAB, 0x4B, 0xBB, 0x23, 0x3B, 0x5A, 0xB3, 0x13, 0x84, 0xB8, 0x8C, 0x31, 0x95,
    0x81, 0xAC, 0x21, 0xDE, 0x10, 0x85, 0x00, 0xB0, 0x9E, 0x03, 0x32, 0x54, 0x1E, 0x4D, 0x2A, 0x3A,
    0xD4, 0x74, 0x7A, 0x27, 0x60, 0x4D, 0x7A, 0x8A, 0xBC, 0xCE, 0xD1, 0x90, 0x25, 0x9C, 0x80, 0xC2,
    0x9C, 0x05, 0x7C, 0xC7, 0x05, 0xCB, 0x41, 0x11, 0x29, 0xD0, 0x1F, 0xE3, 0x1E, 0x97, 0x72, 0xFE,
    0x79, 0x93, 0xC9, 0x83, 0x1A, 0x4E, 0x8D, 0x82, 0x21, 0xD7, 0xA0, 0x37, 0x8F, 0x74, 0x64, 0xFF,
    0xEE, 0x8A, 0x93, 0x42, 0x6F, 0xA7, 0x0E, 0x8E, 0x85, 0xA6, 0x37, 0xA4, 0xA0, 0xDE, 0xCD, 0x86,
    0x15, 0x16, 0x74, 0x79, 0x6B, 0xD9, 0x20, 0x0C, 0x8A, 0x74, 0x16, 0xE1, 0x0A, 0x7E, 0xB5, 0xA2,
    0x92, 0x92, 0x8E, 0xD3, 0xCF, 0x3E, 0xC1, 0x41, 0xF7, 0x63, 0xB6, 0x6B, 0xEA, 0x28, 0xEE, 0xC9,
    0x7B, 0x84, 0xC3, 0x94, 0x37, 0xBC, 0x9E, 0xF4, 0x60, 0x74, 0x1F, 0xA1, 0x35, 0xCD, 0x9A, 0x12,
    0xA9, 0xC1, 0x7C, 0x38, 0xC3, 0xD4, 0x4F, 0x8A, 0xCD, 0xBE, 0xDE, 0x99, 0xD5, 0x59, 0x31, 0x01,
    0xD3, 0xB6, 0x2C, 0x45, 0x0F, 0x35, 0x32, 0xAB, 0xE9, 0xF0, 0x19, 0xF2, 0x8C, 0xA3, 0xA9, 0x65,
    0xC6, 0x18, 0xA4, 0xC3, 0x42, 0x8F, 0xE4, 0x7A, 0x3C, 0xB6, 0xF0, 0x5F, 0x48, 0xEE, 0xA9, 0xDA,
    0x38, 0xA8, 0xB8, 0xBD, 0x47, 0xDD, 0x91, 0xD4, 0x2D, 0x4C, 0x14, 0xF6, 0xFF, 0x85, 0xD4, 0x3D,
    0x3D, 0xB7, 0x51, 0x08, 0xE1, 0x13, 0x67, 0x9F, 0x99, 0xE7, 0x76, 0xEA, 0xEB, 0x9A, 0x3B, 0x45,
    0x96, 0x6B, 0x64, 0x0D, 0x9C, 0x4E, 0x47, 0xEB, 0xD2, 0x17, 0x0B, 0x0D, 0x6E, 0x73, 0x0B, 0x5F,
    0xF7, 0xDB, 0x19, 0x24, 0xFE, 0xC9, 0x89, 0x6B, 0xE3, 0xDC, 0xB2, 0xB1, 0xC1, 0x5F, 0x8A, 0xB1,
    0x82, 0xAD, 0x80, 0xE8, 0x2D, 0xE5, 0x6B, 0x50, 0x3E, 0xDB, 0x4E, 0x6D, 0x2B, 0xEF, 0xAB, 0xD9,
    0x32, 0x96, 0xAF, 0x15, 0x92, 0x36, 0x34, 0xCB, 0xB0, 0xC4, 0xB3, 0xD2, 0xE9, 0xC9, 0xCA, 0x08,
    0x0D, 0xC5, 0x5D, 0xCA, 0xF4, 0x96, 0x32, 0x3A, 0xEA, 0xA2, 0x8A, 0xA6, 0x4B, 0x97, 0x36, 0x04,
    0x90, 0x18, 0xF6, 0x56, 0x89, 0x5D, 0x3A, 0x67, 0x61, 0x5B, 0x30, 0x62, 0xA1, 0x45, 0x88, 0x3E,
    0x1B, 0x42, 0xB5, 0x85, 0x17, 0x33, 0xF8, 0xE4, 0xC1, 0xEF, 0xC4, 0xBB, 0x56, 0x52, 0x1D, 0xF1,
    0xB9, 0x2F, 0x1E, 0xA7, 0x40, 0x64, 0x4A, 0x44, 0xA6, 0x68, 0x03, 0xAF, 0x5A, 0xAC, 0x63, 0x00,
    0xCE, 0x00, 0xB1, 0x17, 0x00, 0x12, 0x2C, 0x2C, 0x01, 0xE0, 0xAC, 0x12, 0x42, 0x4E, 0x46, 0x8F,
    0x81, 0xB5, 0x0B, 0x43, 0x62, 0x43, 0x82, 0xB5, 0xA9, 0x34, 0x9A, 0xE0, 0xF6, 0x29, 0xCC, 0xAC,
    0xCD, 0xF1, 0x56, 0x5B, 0xF6, 0x11, 0x9A, 0xCE, 0x6D, 0x1B, 0x76, 0xD7, 0xA3, 0xA7, 0x6C, 0x05,
    0xC6, 0x66, 0xA2, 0x31, 0xC9, 0xD8, 0x2D, 0x16, 0xE3, 0x2B, 0x9E, 0xF4, 0x22, 0xDB, 0x64, 0xE8,
    0x2B, 0xA2, 0x12, 0xE4, 0x88, 0x16, 0x31, 0x7C, 0xD9, 0x51, 0xEC, 0xD6, 0x36, 0x92, 0x39, 0x29,
    0xEE, 0x78, 0x06, 0x4F, 0x96, 0xFE, 0xE7, 0x94, 0xBC, 0xBF, 0x05, 0xAD, 0x2D, 0x36, 0xA9, 0xD6,
    0x2D, 0x27, 0x35, 0x2F, 0x75, 0xC1, 0xB8, 0x24, 0xBC, 0x71, 0xFB, 0x75, 0x64, 0x26, 0x30, 0xCA,
    0x98, 0x15, 0x39, 0x7F, 0xB5, 0x0B, 0x8B, 0xE2, 0x13, 0xBE, 0x8D, 0x3D, 0x5C, 0xA6, 0xA3, 0x5D,
    0xF8, 0x63, 0x12, 0xCB, 0xA5, 0x7C, 0xB0, 0x18, 0xC8, 0x00, 0x06, 0x52, 0xEE, 0xF8, 0xC7, 0x64,
    0x7E, 0x9E, 0x62, 0x66, 0x99, 0xBC, 0x6D, 0x86, 0xAA, 0xE3, 0x3F, 0x8F, 0xCC, 0xC9, 0x48, 0x8B,
    0xC7, 0x81, 0x79, 0x7E, 0xCE, 0x3A, 0x6A, 0x53, 0xE0, 0x28, 0x8A, 0xA7, 0x10, 0x37, 0xF3, 0x56,
    0xB9, 0x00, 0xD3, 0x0E, 0x11, 0x40, 0x22, 0xB2, 0xEC, 0x18, 0x61, 0xC0, 0x2C, 0x5C, 0xEB, 0x12,
    0x0B, 0x2B, 0xD6, 0x5B, 0x6B, 0x16, 0x0E, 0x0B, 0xAF, 0x5D, 0x3E, 0x6D, 0x9D, 0xC3, 0x04, 0x71,
    0xD9, 0x16, 0x4A, 0x1B, 0x1C, 0xD4, 0xF6, 0xEE, 0x03, 0x7F, 0x76, 0x9F, 0xBC, 0xBA, 0x65, 0x2C,
    0x4C, 0x80, 0x82, 0x47, 0x2D, 0xD7, 0x33, 0x3D, 0xB5, 0x29, 0x44, 0xFA, 0x98, 0x8B, 0xC4, 0xAC,
    0x82, 0x97, 0xE5, 0x9B, 0x10, 0x3A, 0x8A, 0x75, 0x78, 0x56, 0x1E, 0xD8, 0x54, 0x21, 0xC5, 0x12,
    0x87, 0x54, 0xF8, 0x21, 0xC6, 0x34, 0x7F, 0xDA, 0xBA, 0x87, 0x1D, 0xF5, 0xC3, 0xB9, 0x0D, 0xE6,
    0x05, 0x45, 0x2F, 0xC8, 0x68, 0xC8, 0x0C, 0x26, 0x0C, 0xDD, 0x33, 0x44, 0xBA, 0xAC, 0x33, 0x07,
    0xA0, 0x87, 0x08, 0x82, 0x82, 0xE8, 0x18, 0x0B, 0x08, 0x8D, 0xE5, 0x7C, 0xE1, 0xF7, 0xD3, 0xC7,
    0x17, 0x76, 0x4E, 0x98, 0xA4, 0x98, 0x20, 0xF2, 0x3A, 0x55, 0xF9, 0x18, 0xE0, 0x87, 0x46, 0xB5,
    0x36, 0x62, 0x55, 0xB4, 0xD1, 0x67, 0x4F, 0x83, 0x52, 0x35, 0xF4, 0xDD, 0xAC, 0x8D, 0xC6, 0x64,
    0x93, 0x8F, 0x69, 0x97, 0x80, 0xA9, 0x26, 0xEB, 0xB4, 0x4B, 0x91, 0x15, 0x2C, 0x86, 0xB4, 0xCD,
    0x5A, 0xB8, 0x4F, 0x9F, 0xB5, 0x05, 0xF4, 0x95, 0xE3, 0xB7, 0x12, 0xEA, 0x2F, 0xEB, 0xA2, 0xDA,
    0x47, 0x3F, 0x4B, 0xE8, 0xF6, 0x0A, 0x44, 0x31, 0x41, 0xBF, 0x6F, 0xA6, 0x00, 0x0B, 0x98, 0xF9,
    0x9B, 0xE9, 0x08, 0x2A, 0xDE, 0xB9, 0x9B, 0x89, 0x9F, 0x1A, 0x26, 0x6B, 0x10, 0x53, 0xF9, 0x83,
    0xD9, 0x8D, 0x03, 0xDF, 0x7B, 0xC8, 0x72, 0x53, 0x92, 0x70, 0xA5, 0x29, 0x72, 0xBD, 0x3B, 0xAF,
    0x07, 0x10, 0x15, 0x9D, 0x86, 0x1D, 0xFF, 0xF8, 0x7E, 0x9D, 0x99, 0xEF, 0x83, 0xF8, 0xDB, 0x3D,
    0x0D, 0x81, 0x2E, 0x0B, 0x90, 0x5E, 0x5A, 0x16, 0xE6, 0xDE, 0x33, 0xFB, 0x4E, 0xBE, 0x65, 0xF7,
    0xF4, 0x69, 0xBB, 0x3F, 0x9A, 0x4D, 0x16, 0x72, 0x0C, 0x2B, 0xDD, 0x90, 0x1B, 0x14, 0xB5, 0x16,
    0x30, 0xB2, 0xCA, 0x42, 0xC6, 0xFE, 0x1C, 0x34, 0x6C, 0x26, 0x16, 0x5B, 0x31, 0x76, 0x27, 0xB6,
    0x40, 0xE4, 0xD1, 0x7D, 0x3F, 0xE0, 0xEC, 0x68, 0xE6, 0x9E, 0x0C, 0x66, 0xA3, 0x70, 0x6F, 0x85,
    0x47, 0x78, 0x77, 0x8A, 0xEF, 0xCF, 0x01, 0x52, 0x96, 0xB8, 0xD0, 0x59, 0x62, 0xCC, 0x71, 0xFE,
    0x79, 0xED, 0xD2, 0xE1, 0x81, 0x52, 0xC6, 0x9F, 0x4E, 0x0A, 0x24, 0x72, 0x6D, 0xC0, 0x0E, 0x33,
    0x0E, 0x4C, 0x94, 0xCA, 0x85, 0xB9, 0x4B, 0xC7, 0x23, 0xB1, 0x5A, 0xF4, 0x88, 0x89, 0xE1, 0x4A,
    0x86, 0xE8, 0x07, 0x32, 0x22, 0xDC, 0xE8, 0x58, 0x91, 0x72, 0x11, 0x0C, 0x7C, 0x97, 0x7F, 0xC2,
    0xF8, 0x7C, 0x6D, 0xE1, 0x19, 0xE8, 0x03, 0xE7, 0x62, 0xCF, 0xA4, 0x32, 0xB9, 0xE8, 0x17, 0x7B,
    0xCE, 0xBD, 0x7A, 0x2E, 0x27, 0xF5, 0xBC, 0xDC, 0x28, 0x4A, 0x12, 0x00, 0xBD, 0x18, 0x0B, 0x12,
    0xDC, 0x22, 0xA4, 0xDC, 0x3F, 0xD8, 0x55, 0xC1, 0x8B, 0x92, 0x71, 0xEE, 0xAF, 0xE1, 0x19, 0x78,
    0x22, 0xD7, 0x4C, 0x54, 0xC0, 0xB7, 0x94, 0x5E, 0x69, 0x94, 0x6A, 0x1F, 0xB2, 0xE8, 0x99, 0xA6,
    0x2E, 0xB8, 0xA8, 0x3D, 0x61, 0x07, 0x2C, 0xBF, 0xB0, 0xF5, 0x97, 0xA6, 0x06, 0x93, 0xB6, 0xC8,
    0x14, 0x6F, 0x96, 0x35, 0x99, 0xF2, 0xB7, 0xB7, 0xC1, 0xFE, 0x66, 0x37, 0x0A, 0x21, 0x16, 0x5C,
    0xBA, 0x45, 0x2D, 0xEC, 0xC8, 0x0D, 0xF4, 0x96, 0x4C, 0xD9, 0x5D, 0x2C, 0x79, 0x68, 0xCD, 0x18,
    0x69, 0x5A, 0x5B, 0x2C, 0x38, 0xA3, 0xDB, 0xE1, 0xE1, 0x41, 0x50, 0x65, 0x30, 0xB2, 0x6A, 0xA9,
    0x3C, 0x64, 0x32, 0xD0, 0x84, 0x1B, 0x8B, 0xCE, 0x60, 0x4A, 0xA2, 0x7F, 0xB8, 0x4B, 0x99, 0x80,
    0x00, 0xA1, 0x0D, 0x27, 0xE0, 0x8F, 0x2E, 0x7D, 0xE7, 0x07, 0x79, 0x3E, 0xB2, 0x47, 0x29, 0xDC,
    0xEE, 0xB5, 0x16, 0x9E, 0x8A, 0x7D, 0x76, 0x92, 0x34, 0xFF, 0x96, 0x05, 0x08, 0x2D, 0x4C, 0x0F,
    0x5A, 0x39, 0xA1, 0x8C, 0x77, 0xA2, 0x0C, 0x2F, 0x75, 0xB9, 0x12, 0xF4, 0x30, 0x0C, 0xD1, 0x24,
    0xE1, 0xC8, 0x7F, 0x42, 0xD3, 0xE2, 0xAC, 0x7F, 0x65, 0xB1, 0xED, 0x59, 0x53, 0xC2, 0x0B, 0x5F,
    0xF9, 0xD4, 0xE1, 0x20, 0x0B, 0xA5, 0xA0, 0x32, 0xDF, 0x11, 0x48, 0x30, 0x42, 0x34, 0xD8, 0x00,
    0xBD, 0xDD, 0x3A, 0x83, 0x49, 0xC6, 0xC3, 0x71, 0x57, 0xE4, 0xD0, 0xF7, 0x05, 0x63, 0x45, 0x64,
    0x18, 0xFE, 0x57, 0x9F, 0x12, 0x15, 0xF6, 0xC6, 0x83, 0x7F, 0xF8, 0x69, 0x63, 0x78, 0x49, 0xB8,
    0x89, 0x65, 0xD7, 0xF1, 0xCC, 0x87, 0xB7, 0x37, 0xF6, 0xFC, 0x61, 0x5B, 0xC7, 0x9E, 0xF5, 0x7C,
    0x43, 0xCA, 0x8C, 0xB9, 0x08, 0xFF, 0x95, 0x17, 0x07, 0x43, 0xD8, 0xEE, 0xC8, 0x74, 0xA0, 0x85,
    0xC3, 0x95, 0x2D, 0x87, 0x69, 0xAE, 0xAF, 0x53, 0x9B, 0x6E, 0x6C, 0xD3, 0x8D, 0x3A, 0xEB, 0xAD,
    0xB5, 0xDE, 0xEA, 0xED, 0x74, 0x97, 0xEB, 0xD9, 0x0A, 0xFE, 0xC6, 0x6C, 0x42, 0x16, 0xBF, 0x3A,
    0xD7, 0x9A, 0x46, 0x35, 0xCF, 0x1F, 0x3E, 0x2F, 0xC3, 0xAF, 0x17, 0x95, 0x2C, 0x7E, 0x71, 0x34,
    0xCF, 0xE0, 0xF4, 0xC5, 0xE6, 0x98, 0x04, 0x8E, 0xF5, 0x6C, 0x49, 0x04, 0xC4, 0x5D, 0x99, 0xDB,
    0xF7, 0xF7, 0xE0, 0x69, 0x7F, 0x82, 0x23, 0x1D, 0x32, 0xAA, 0xC3, 0xEA, 0x4A, 0x1A, 0x00, 0xCB,
    0x27, 0x32, 0x7C, 0x56, 0x35, 0x46, 0xE1, 0x34, 0x8D, 0x24, 0xAD, 0x65, 0x1B, 0xA9, 0x61, 0x40,
    0x44, 0xC9, 0xED, 0x88, 0x6C, 0x96, 0x9C, 0x4D, 0x05, 0xAF, 0x9D, 0x7A, 0x36, 0x7A, 0x86, 0x8C,
    0x9C, 0x81, 0x68, 0xAD, 0x18, 0xC1, 0x1B, 0x2C, 0x98, 0xB7, 0xC2, 0xAC, 0x00, 0xC3, 0xD1, 0x46,
    0x11, 0x0F, 0x09, 0x5B, 0x80, 0x15, 0x25, 0x57, 0x74, 0xBE, 0x9A, 0x36, 0x87, 0x88, 0xB9, 0xB0,
    0x8C, 0xC5, 0xFC, 0xF4, 0xEC, 0xAB, 0x41, 0xD6, 0xAF, 0xE9, 0x82, 0xB4, 0x37, 0x11, 0x79, 0x1A,
    0xE4, 0x8D, 0x99, 0xF2, 0x49, 0xCE, 0x42, 0x33, 0xA1, 0x06, 0x15, 0x46, 0xE5, 0xB9, 0xE3, 0xEE,
    0x87, 0xD9, 0x2A, 0xB5, 0xA8, 0x6D, 0xA6, 0xB4, 0xCD, 0x96, 0x82, 0xA5, 0x5C, 0xFA, 0x94, 0x65,
    0x4D, 0x7E, 0xD6, 0xC2, 0x4F, 0x0E, 0xAF, 0xF1, 0x43, 0x2A, 0xAA, 0x50, 0xED, 0x0C, 0xB5, 0xFD,
    0x40, 0x35, 0xFC, 0xBA, 0x31, 0xFD, 0xCE, 0x98, 0x5A, 0x22, 0x23, 0xDA, 0x39, 0xAF, 0x20, 0xEA,
    0xEB, 0xE3, 0x28, 0x2A, 0xAB, 0x92, 0xF5, 0x4E, 0x5B, 0x6A, 0x6E, 0x62, 0xB6, 0xD6, 0x64, 0x5D,
    0xEE, 0x64, 0x04, 0xA6, 0x73, 0x83, 0x14, 0xE1, 0x4B, 0x14, 0xE8, 0x72, 0xE7, 0x42, 0x66, 0x63,
    0x18, 0x60, 0x2B, 0x38, 0xD6, 0x59, 0xF1, 0x3E, 0x9D, 0xC9, 0x7E, 0xCE, 0x85, 0xCC, 0x61, 0x27,
    0xF9, 0x02, 0x85, 0x3F, 0x3C, 0x7C, 0x55, 0x5D, 0x19, 0x92, 0x35, 0xD3, 0x31, 0x83, 0x3E, 0x06,
    0x72, 0x66, 0x75, 0x36, 0x8D, 0x30, 0x8F, 0xF9, 0x66, 0x33, 0x79, 0x80, 0xFF, 0xBD, 0x9F, 0x41,
    0xFF, 0x7F, 0x7B, 0xB6, 0x2E, 0xF3, 0xD0, 0xA5, 0x4A, 0xB6, 0x62, 0x18, 0x20, 0x34, 0xA2, 0x34,
    0xCD, 0xF7, 0x6C, 0xED, 0xD6, 0xD5, 0xA9, 0xD7, 0x8E, 0x54, 0x80, 0x85, 0x5E, 0x95, 0x16, 0x32,
    0xB9, 0x0F, 0x15, 0xA1, 0x61, 0xD9, 0xF3, 0x14, 0x86, 0x48, 0x56, 0x41, 0x88, 0x81, 0xD9, 0x8F,
    0x81, 0x15, 0xE0, 0xC3, 0x3A, 0xCC, 0xDE, 0x98, 0x3F, 0xA3, 0x5A, 0x1D, 0x3E, 0xBC, 0x64, 0xC0,
    0xE7, 0xDF, 0x5B, 0x87, 0x72, 0xA1, 0x55, 0x53, 0xB1, 0x80, 0x77, 0x36, 0xE1, 0xC3, 0x2B, 0x21,
    0xCC, 0xFB, 0x4F, 0xCE, 0xDE, 0x16, 0xB2, 0x2F, 0x8C, 0x69, 0x6B, 0xC7, 0x98, 0x26, 0x12, 0x8E,
    0x39, 0xAB, 0xCF, 0xA2, 0x11, 0x24, 0x66, 0xF4, 0xC1, 0xF3, 0x03, 0x7D, 0xD7, 0x6F, 0x2C, 0xAD,
    0xA3, 0x2A, 0x65, 0xD8, 0x0F, 0xDF, 0x6F, 0x6C, 0x66, 0xD3, 0xF7, 0x19, 0xDB, 0x14, 0xFC, 0xFA,
    0x5E, 0x63, 0x5B, 0x1D, 0x69, 0x43, 0xED, 0x71, 0x63, 0x6B, 0x45, 0x39, 0xEB, 0x63, 0x9D, 0x9D,
    0x50, 0x67, 0x8F, 0xAB, 0xB3, 0x3D, 0x75, 0x86, 0x18, 0x3D, 0x32, 0x05, 0xC2, 0xFA, 0xB3, 0x01,
    0xB9, 0xEC, 0xA1, 0x6F, 0xAD, 0x24, 0x35, 0xCF, 0xAD, 0xF8, 0x09, 0x4D, 0xED, 0xEC, 0xEB, 0x44,
    0x7D, 0x09, 0xA9, 0x51, 0xCF, 0x8A, 0xAF, 0x7E, 0x5E, 0xFD, 0xAC, 0xF8, 0x72, 0xDC, 0xD2, 0x27,
    0x15, 0xA4, 0xCD, 0x0E, 0x58, 0x12, 0x2F, 0x4D, 0x9A, 0x74, 0x37, 0xF3, 0xB4, 0x18, 0x82, 0x8E,
    0x8D, 0x53, 0x26, 0xF8, 0x98, 0x98, 0xDC, 0xD3, 0xA7, 0x10, 0x3B, 0xCD, 0x52, 0x32, 0x10, 0xF6,
    0x8B, 0xB6, 0xEA, 0x27, 0xF0, 0xF1, 0x0D, 0xA3, 0x4F, 0x7B, 0xE9, 0x14, 0xF5, 0xA2, 0xD3, 0xEE,
    0x7A, 0x3A, 0x2D, 0x5A, 0x05, 0x5C, 0x37, 0x2C, 0xA6, 0xCC, 0x9C, 0x2F, 0xEE, 0x17, 0x7E, 0xCF,
    0xC4, 0x91, 0xB4, 0x0B, 0x4B, 0x3D, 0x88, 0xA3, 0x0B, 0x2B, 0x8E, 0xB1, 0x36, 0xA5, 0xD2, 0x91,
    0x78, 0x3F, 0xE3, 0xBB, 0x7D, 0x2C, 0x99, 0x80, 0x88, 0x56, 0x20, 0x8B, 0x49, 0x98, 0xC2, 0x09,
    0x70, 0xDA, 0xA4, 0x43, 0x1A, 0xAF, 0xD2, 0xC3, 0x90, 0xD4, 0x0B, 0xE3, 0x43, 0x18, 0x64, 0xCB,
    0x1C, 0xEF, 0x7C, 0xD5, 0xB9, 0xCF, 0x5E, 0xBA, 0x6A, 0x05, 0x1A, 0xB9, 0xA3, 0x12, 0x9A, 0x8D,
    0x64, 0xDF, 0x5A, 0xE9, 0x03, 0x43, 0x5B, 0x92, 0x99, 0x32, 0xB8, 0xCB, 0x7C, 0x31, 0x55, 0x6D,
    0x28, 0x3C, 0x8A, 0x45, 0x89, 0x87, 0x3F, 0x8E, 0x85, 0x2E, 0x28, 0xF3, 0x3D, 0x78, 0x8B, 0xEA,
    0xA7, 0x5F, 0x20, 0xB5, 0xB2, 0xB5, 0xF9, 0x5A, 0x1F, 0x90, 0x66, 0xB5, 0x1F, 0xE5, 0xE8, 0x48,
    0xB6, 0xBA, 0xC7, 0xB5, 0x40, 0x2C, 0x94, 0x45, 0x7B, 0xBC, 0xD9, 0x0C, 0x1F, 0x77, 0xAA, 0xBC,
    0x2E, 0xC7, 0xAF, 0x5B, 0x29, 0xB2, 0x1C, 0x07, 0xAB, 0x7B, 0xE4, 0x12, 0xC1, 0xBE, 0xB3, 0x45,
    0x31, 0xAC, 0x9A, 0x8A, 0x6E, 0x04, 0xB5, 0x45, 0xD2, 0x5F, 0x6F, 0x64, 0x22, 0xE2, 0x6A, 0x97,
    0x82, 0xE5, 0x39, 0x23, 0xFB, 0x88, 0xF9, 0x8A, 0x51, 0xA9, 0xE2, 0x4E, 0xA3, 0x4A, 0x4E, 0xAD,
    0xC2, 0xF1, 0x06, 0xE9, 0xAC, 0x02, 0x7F, 0xB2, 0x91, 0x0D, 0x22, 0x88, 0x24, 0xCA, 0xD6, 0x64,
    0x79, 0x10, 0xB4, 0x71, 0x95, 0xBA, 0x50, 0xC6, 0x57, 0x9B, 0xA5, 0xD4, 0xCB, 0x51, 0x96, 0x49,
    0xFB, 0x05, 0x52, 0x98, 0xD0, 0xDC, 0x7C, 0xEB, 0xE5, 0x57, 0xBC, 0xE1, 0x69, 0x2F, 0x66, 0x2A,
    0x82, 0xCA, 0x72, 0x80, 0x91, 0x60, 0xC4, 0x2C, 0xF2, 0x19, 0xF0, 0x7B, 0xC2, 0x70, 0xBA, 0x32,
    0x06, 0xB7, 0xB1, 0x9C, 0x6A, 0x69, 0x51, 0x77, 0x06, 0x91, 0xC3, 0xC3, 0xAF, 0x19, 0x1D, 0x96,
    0xA5, 0x41, 0x00, 0xA6, 0xD7, 0xBA, 0xB4, 0xD1, 0x0A, 0x15, 0xA4, 0x04, 0x4D, 0xB9, 0x91, 0x36,
    0xC6, 0x4D, 0xBB, 0xE5, 0x46, 0xA3, 0x68, 0x81, 0x8D, 0x2A, 0x1B, 0x9A, 0x82, 0xD1, 0x34, 0xF4,
    0x02, 0x1D, 0x24, 0x5A, 0xDC, 0x5B, 0x14, 0x4C, 0xE2, 0xBF, 0x6C, 0xE1, 0xF2, 0x13, 0xD5, 0x7D,
    0x90, 0x5A, 0x3C, 0x08, 0x52, 0x8D, 0x9F, 0xA6, 0x46, 0x1C, 0x97, 0x01, 0xC8, 0x8F, 0xE8, 0xF0,
    0x14, 0xFE, 0xAA, 0x74, 0x75, 0x58, 0x98, 0xDC, 0x48, 0x45, 0x09, 0xA6, 0x81, 0x15, 0x33, 0xE3,
    0xA6, 0x9E, 0x5A, 0x0B, 0x9E, 0x9D, 0x94, 0xE9, 0xFB, 0x54, 0x3C, 0xBE, 0xD7, 0xE0, 0xB8, 0x89,
    0xBE, 0xF6, 0x85, 0x76, 0x24, 0x3A, 0xBE, 0xC6, 0xCA, 0x83, 0x79, 0x6C, 0xA9, 0x89, 0x8B, 0x1C,
    0x80, 0x73, 0x70, 0x85, 0x58, 0xBA, 0xF6, 0xEC, 0x56, 0x4A, 0x48, 0x21, 0x6F, 0xCA, 0x02, 0xFD,
    0x61, 0x02, 0xCC, 0x0B, 0x58, 0xF4, 0x58, 0x29, 0x81, 0x5E, 0xAA, 0x88, 0x1B, 0xDC, 0xA1, 0xB1,
    0x48, 0x10, 0xA2, 0xD0, 0x9D, 0x30, 0xF5, 0x79, 0xFB, 0x02, 0x0B, 0x5C, 0x9D, 0xE2, 0xAF, 0xBF,
    0xAF, 0x34, 0x8C, 0x3B, 0x71, 0x71, 0xD8, 0xDD, 0x28, 0x8C, 0xC8, 0xC5, 0x21, 0xF6, 0x9E, 0x23,
    0xD5, 0x38, 0xBC, 0x74, 0xED, 0x55, 0xDB, 0xF4, 0x32, 0xD9, 0xC0, 0x56, 0x43, 0x3D, 0xAA, 0x5E,
    0x9A, 0x13, 0x69, 0xC2, 0x2A, 0xF4, 0xAE, 0x0D, 0x1D, 0x75, 0x2F, 0x36, 0x76, 0x0F, 0x69, 0x8D,
    0xAC, 0x47, 0xD2, 0xB3, 0xC4, 0x06, 0xA2, 0x5A, 0x58, 0xB5, 0xEB, 0x97, 0xCD, 0x4C, 0xDA, 0x0D,
    0xE7, 0x6F, 0xE9, 0xCF, 0x89, 0x7F, 0x3B, 0x20, 0xE6, 0x97, 0x66, 0x00, 0x96, 0x4E, 0x70, 0x17,
    0xCE, 0x62, 0x98, 0xE5, 0x68, 0x30, 0x3C, 0x97, 0x7D, 0x85, 0xF4, 0xCD, 0x28, 0xB7, 0x82, 0xFF,
    0x57, 0xC4, 0x80, 0x92, 0x2A, 0x6B, 0x76, 0xA9, 0x84, 0x8A, 0x9E, 0x70, 0x1B, 0x1A, 0xA0, 0xD2,
    0x08, 0x08, 0x12, 0x59, 0x2E, 0x25, 0x2A, 0x0A, 0x16, 0x5B, 0xDB, 0x51, 0xB3, 0x71, 0x2B, 0xF8,
    0xA8, 0x42, 0x10, 0x48, 0xF5, 0x6A, 0x62, 0x20, 0xE9, 0x83, 0x79, 0x77, 0x12, 0xBC, 0xF0, 0xCD,
    0xE0, 0x17, 0x0F, 0xA5, 0x16, 0x70, 0xE4, 0x89, 0x99, 0xD8, 0x24, 0xD2, 0x49, 0x98, 0x78, 0x51,
    0xAB, 0x10, 0xD7, 0xB1, 0xE2, 0xD1, 0xAC, 0x17, 0xE8, 0xE7, 0x9B, 0x26, 0xF8, 0x6D, 0x8C, 0xA5,
    0x63, 0x4B, 0x7B, 0x17, 0x92, 0xE9, 0x2B, 0x97, 0x2E, 0x7D, 0x0E, 0xAC, 0x4F, 0x44, 0x3A, 0x5B,
    0x61, 0x55, 0x45, 0x5B, 0xD0, 0x81, 0xB3, 0x96, 0xA9, 0x16, 0x48, 0xA8, 0x1C, 0x2E, 0xC5, 0xF4,
    0x20, 0x84, 0xC8, 0x3D, 0x80, 0x48, 0xFF, 0x5A, 0x76, 0x50, 0xBF, 0x3F, 0xEF, 0xF8, 0x4D, 0x88,
    0x74, 0xB0, 0x8B, 0x1D, 0x2A, 0x14, 0x83, 0x20, 0x20, 0x0F, 0xA3, 0xEC, 0x07, 0x15, 0xE5, 0xFD,
    0x64, 0x45, 0x1E, 0xFA, 0x17, 0xB7, 0x76, 0x94, 0x13, 0x54, 0xE1, 0x1E, 0x58, 0xD9, 0xF9, 0x50,
    0xF8, 0xD9, 0x0B, 0x33, 0xDB, 0x0B, 0x81, 0xF2, 0x82, 0xFC, 0xC0, 0xD9, 0x7E, 0xAC, 0x95, 0x52,
    0xE4, 0x3E, 0x06, 0x49, 0xD4, 0x91, 0xC5, 0xBA, 0xD6, 0xEA, 0x31, 0xCC, 0x61, 0x54, 0x58, 0xAA,
    0x6C, 0xF1, 0x59, 0x10, 0xC2, 0xF9, 0x70, 0xBF, 0x6C, 0x2B, 0xD0, 0xE6, 0x29, 0x6C, 0x26, 0x55,
    0xD9, 0xC4, 0xFF, 0x87, 0xED, 0x01, 0x1A, 0x20, 0x31, 0xC5, 0x36, 0x79, 0x05, 0x8D, 0x3C, 0x76,
    0x78, 0x58, 0x3F, 0x76, 0xF8, 0x06, 0x77, 0x00, 0x4A, 0xBF, 0x5E, 0x40, 0x59, 0xA9, 0x17, 0x38,
    0x73, 0xC3, 0x13, 0xC2, 0x4C, 0x0D, 0x02, 0xB3, 0xDA, 0x90, 0xD0, 0x16, 0x70, 0x43, 0xF3, 0x8F,
    0x2C, 0x39, 0x5F, 0x18, 0x53, 0xCE, 0x8C, 0x27, 0x5F, 0x34, 0x09, 0x9B, 0xC3, 0x58, 0xEC, 0x99,
    0x14, 0x67, 0xF2, 0x4D, 0x6E, 0xAC, 0x62, 0xCF, 0xE4, 0x3D, 0x18, 0x03, 0x6B, 0x77, 0x0A, 0x1E,
    0xCB, 0xCD, 0x6E, 0x0A, 0x6D, 0x4E, 0x6E, 0xB5, 0xB3, 0xB0, 0x7D, 0xE7, 0xDC, 0xC7, 0xDC, 0x3C,
    0xEB, 0x2F, 0x81, 0xC3, 0x40, 0x19, 0xDC, 0xC9, 0x7A, 0xCB, 0xAB, 0x2A, 0x51, 0xD3, 0x3E, 0xC9,
    0xD8, 0xE0, 0x3F, 0xB1, 0xF6, 0x11, 0x6A, 0x16, 0x2A, 0x99, 0xC9, 0xD2, 0xC8, 0x1B, 0xA7, 0x05,
    0xB1, 0x5E, 0x10, 0xF8, 0x43, 0xA9, 0xC8, 0xAB, 0x8F, 0xD0, 0x64, 0x1A, 0x12, 0xC5, 0x77, 0x27,
    0xE9, 0x0F, 0x2B, 0x4B, 0xBF, 0x3C, 0x69, 0x3D, 0x00, 0xFF, 0x1C, 0xE6, 0xA2, 0x8A, 0x99, 0x77,
    0x7B, 0xC5, 0x18, 0x07, 0x4A, 0x38, 0x94, 0xA3, 0x4A, 0x39, 0x99, 0x4F, 0x80, 0x74, 0x99, 0x71,
    0xCF, 0xB4, 0x2E, 0xD7, 0x7B, 0xF6, 0xF1, 0x3C, 0xD4, 0xB5, 0x32, 0x63, 0xBB, 0xEC, 0x9A, 0x9F,
    0xDB, 0xFE, 0xC7, 0x06, 0x14, 0xE1, 0xBD, 0xDA, 0x85, 0x42, 0xBB, 0x9F, 0xB6, 0x25, 0x9F, 0x10,
    0xFF, 0xCA, 0xC9, 0xB2, 0x05, 0xB3, 0xCA, 0x28, 0x18, 0x5F, 0xC9, 0x34, 0xDD, 0xCA, 0x42, 0x70,
    0xAF, 0x78, 0x13, 0xCA, 0x50, 0x15, 0xCB, 0xD3, 0xDB, 0xDA, 0xE5, 0xC1, 0xB6, 0x76, 0x7C, 0xE9,
    0xB5, 0xF8, 0xF0, 0x6B, 0xC4, 0x9C, 0x69, 0xC1, 0x11, 0x18, 0x91, 0x91, 0x72, 0x89, 0x22, 0x5C,
    0x09, 0xFE, 0x61, 0xAE, 0xDE, 0xC5, 0x21, 0x77, 0xB0, 0x9A, 0x94, 0x1F, 0xB2, 0x50, 0xB8, 0xD8,
    0x0B, 0xBA, 0xB8, 0x1E, 0x26, 0xD5, 0x85, 0x79, 0xCE, 0x25, 0x2A, 0x1B, 0x29, 0x00, 0x69, 0xFC,
    0x4E, 0xE0, 0xAE, 0x4F, 0xD9, 0xDF, 0x1F, 0x0D, 0x0E, 0x78, 0x39, 0xDC, 0x87, 0xC0, 0x14, 0x3B,
    0x5B, 0x59, 0x66, 0x81, 0x44, 0x65, 0x96, 0x95, 0xED, 0xB4, 0x7A, 0x11, 0xB9, 0x6E, 0x41, 0xD4,
    0x41, 0x48, 0x2D, 0x69, 0xA6, 0x33, 0x61, 0x3D, 0xFD, 0x2F, 0xCF, 0x5D, 0x3D, 0xFB, 0x8F, 0x5F,
    0x25, 0x25, 0x2F, 0xFC, 0x3A, 0xF2, 0xA3, 0x72, 0x47, 0x6A, 0xD9, 0x42, 0x07, 0x99, 0x0D, 0x81,
    0xC8, 0x0A, 0x04, 0xE7, 0x8D, 0xFA, 0xBF, 0xA1, 0xCD, 0x84, 0xC8, 0xCA, 0x23, 0x89, 0x21, 0x6D,
    0x66, 0xA0, 0xF0, 0xB8, 0x3B, 0x02, 0xB3, 0xC4, 0x70, 0xE3, 0x78, 0x3A, 0xB1, 0x78, 0x20, 0x6E,
    0x3C, 0x28, 0x01, 0xB7, 0xA8, 0xBA, 0xD8, 0x46, 0xD5, 0xFE, 0x68, 0x6F, 0x71, 0xA7, 0x44, 0xFB,
    0xE3, 0x4B, 0xCF, 0x1D, 0x86, 0xE0, 0xA4, 0x20, 0x79, 0x10, 0x79, 0xDB, 0xD2, 0x4E, 0x28, 0x86,
    0xB8, 0x37, 0xA2, 0x94, 0xB4, 0xE6, 0x08, 0xB1, 0xB1, 0x56, 0x4D, 0x67, 0x1D, 0x52, 0x02, 0xF3,
    0x85, 0x22, 0x48, 0x7F, 0xE9, 0x43, 0x36, 0x31, 0xE7, 0x10, 0x43, 0x40, 0xB6, 0xF6, 0x58, 0xFD,
    0x30, 0xD8, 0x56, 0xBC, 0xED, 0xC5, 0x1E, 0x63, 0x06, 0xCD, 0xB2, 0x04, 0x7B, 0xE1, 0x4E, 0xA3,
    0x44, 0x5F, 0x9B, 0x40, 0x0A, 0xCB, 0x07, 0x62, 0x11, 0xE8, 0x9F, 0xBC, 0xCE, 0x3F, 0x2D, 0x43,
    0xA1, 0xE3, 0x68, 0x59, 0xD1, 0xA5, 0x67, 0xF9, 0x18, 0xF9, 0xF6, 0x74, 0x60, 0x75, 0x5C, 0x2B,
    0x88, 0xDA, 0x2E, 0x78, 0x3D, 0xEF, 0x9D, 0xB3, 0x89, 0xB6, 0xFB, 0xE1, 0x6A, 0x16, 0xDB, 0xB2,
    0xB3, 0xF6, 0xCE, 0xB3, 0xFE, 0xD8, 0x06, 0xBA, 0xBD, 0x5F, 0xFD, 0xE6, 0xEF, 0xE7, 0x0F, 0x7A,
    0xFF, 0x87, 0xF3, 0x09, 0x96, 0x17, 0x0E, 0x6B, 0xAB, 0xA8, 0x5F, 0x86, 0x1B, 0xEF, 0xB3, 0x20,
    0x8A, 0x7F, 0x05, 0xFE, 0xE5, 0xB0, 0x95, 0xAC, 0xC6, 0xBF, 0x36, 0x6B, 0x53, 0xFC, 0x5B, 0x74,
    0x49, 0x97, 0xF4, 0xF8, 0x37, 0xC4, 0xF8, 0x17, 0x0D, 0x40, 0xD0, 0x95, 0x7B, 0x86, 0x0B, 0xBD,
    0x14, 0xB6, 0x42, 0xA3, 0x6B, 0x1F, 0xBC, 0x8E, 0xE1, 0xFE, 0x79, 0x2C, 0xEF, 0x97, 0x43, 0xFC,
    0x5B, 0xC9, 0xE1, 0x83, 0xE4, 0x48, 0x16, 0x7C, 0xF2, 0xC5, 0x55, 0x38, 0xA3, 0xF3, 0x98, 0x2D,
    0xF4, 0x0F, 0xD9, 0xB0, 0xCF, 0x48, 0xCF, 0x89, 0x80, 0x7E, 0x17, 0xD2, 0xCC, 0x99, 0xA8, 0xF2,
    0xA8, 0x93, 0xBB, 0x01, 0x7F, 0x88, 0x78, 0x6A, 0x04, 0xBF, 0xEC, 0x13, 0xF1, 0x72, 0xC6, 0xA8,
    0xB4, 0xDD, 0xE7, 0x66, 0x15, 0xB1, 0xF5, 0xE0, 0xE4, 0x25, 0xFC, 0x3C, 0xA3, 0x92, 0xD7, 0x7A,
    0xD6, 0xBC, 0xFD, 0xEC, 0x03, 0x41, 0x9B, 0xBA, 0x6C, 0x33, 0x88, 0x09, 0xA3, 0xEC, 0xD9, 0x59,
    0x00, 0x64, 0xCB, 0x8B, 0x9F, 0x8F, 0x81, 0x9A, 0xDD, 0xF4, 0xA4, 0x17, 0xE0, 0xB8, 0x69, 0x9D,
    0xAF, 0xDC, 0xA3, 0x04, 0xAD, 0x3D, 0x92, 0xBA, 0x15, 0x77, 0xD1, 0x07, 0x38, 0x57, 0x0A, 0x96,
    0x58, 0xE5, 0x5D, 0xE9, 0xE3, 0xB2, 0x7B, 0xCF, 0x3F, 0xDA, 0xDC, 0xFD, 0x96, 0x1F, 0xBD, 0xCF,
    0xFC, 0xE0, 0x47, 0x18, 0x6F, 0xD3, 0x83, 0xDF, 0x3F, 0xE2, 0xA2, 0x83, 0x00, 0x67, 0xE7, 0xA6,
    0xD9, 0xC6, 0x9B, 0x79, 0x97, 0x25, 0x18, 0x5B, 0x6F, 0x30, 0xE8, 0x9C, 0x2A, 0xE8, 0x46, 0xB7,
    0x30, 0x9F, 0x18, 0x1C, 0xAA, 0x4E, 0x26, 0xB8, 0x4B, 0x32, 0x16, 0xE0, 0x5F, 0xE3, 0xF5, 0x72,
    0xC8, 0xEE, 0xB4, 0x65, 0x9F, 0xDD, 0xAD, 0x96, 0x3D, 0x18, 0x95, 0x67, 0x8D, 0x9C, 0x64, 0x3C,
    0x66, 0x81, 0x1A, 0x12, 0x6A, 0xDA, 0x94, 0x5F, 0x80, 0xDA, 0x83, 0xE5, 0xB5, 0x58, 0x1F, 0x64,
    0xBD, 0xBC, 0xB5, 0x0E, 0xAE, 0x16, 0xBD, 0x3A, 0x1F, 0x7A, 0x20, 0x70, 0x16, 0xD7, 0x06, 0x37,
    0x2D, 0x86, 0x64, 0x8C, 0x3B, 0x55, 0xFC, 0x6C, 0xD3, 0x43, 0xF3, 0xA0, 0xC2, 0x1A, 0x5D, 0x09,
    0xE2, 0x16, 0x32, 0xC3, 0x09, 0x24, 0xD1, 0x8F, 0xDA, 0xBF, 0x13, 0x3D, 0xFE, 0x6A, 0x10, 0xE2,
    0x9F, 0x5B, 0xED, 0x59, 0xCE, 0xBB, 0x53, 0x85, 0xC9, 0xEC, 0x68, 0xD5, 0x6A, 0x5B, 0xAF, 0x08,
    0xED, 0x72, 0xBB, 0xCD, 0x1E, 0xA9, 0x5D, 0xFE, 0x0C, 0xAE, 0x6D, 0x4C, 0x32, 0x1D, 0x55, 0x00,
    0x1F, 0x54, 0x4D, 0x6B, 0x45, 0x9B, 0xAB, 0x4C, 0xC8, 0x88, 0x6E, 0x40, 0xF6, 0xAC, 0xDE, 0x86,
    0xF1, 0xF3, 0x15, 0xC1, 0xB7, 0x40, 0x56, 0xF7, 0x16, 0x16, 0xFE, 0x51, 0xFF, 0x4A, 0x5D, 0xFE,
    0xF2, 0x5F, 0xC5, 0x1C, 0xBF, 0xA3, 0x7D, 0xCF, 0x4F, 0x02, 0x5C, 0xF2, 0x91, 0x9B, 0xD0, 0xF1,
    0x81, 0xFB, 0x4C, 0x58, 0x2F, 0x83, 0x66, 0xF1, 0xCA, 0xCA, 0xDD, 0x5C, 0xAC, 0xE3, 0x31, 0x5D,
    0x2D, 0x56, 0xD9, 0x90, 0x0D, 0xCB, 0xB6, 0xB8, 0x0B, 0xD2, 0x3B, 0x55, 0x9A, 0x17, 0xD7, 0x8B,
    0x39, 0x55, 0x08, 0x1D, 0x95, 0x5F, 0x17, 0x20, 0xA1, 0xA3, 0xAC, 0x91, 0x28, 0x14, 0xCD, 0xEB,
    0x8D, 0x43, 0x48, 0x5A, 0x1A, 0x14, 0x25, 0xEB, 0x00, 0xA9, 0xE1, 0x2C, 0x48, 0xD9, 0xDA, 0xA6,
    0x69, 0x53, 0x87, 0xB0, 0x53, 0x05, 0xC4, 0x72, 0x01, 0xD8, 0x42, 0xD6, 0x3B, 0x85, 0xF3, 0x2E,
    0x21, 0x1B, 0x6E, 0x7C, 0x28, 0x30, 0x18, 0xC2, 0x9D, 0x5A, 0x6E, 0xAC, 0xA0, 0x6C, 0x02, 0x9C,
    0x85, 0x77, 0x74, 0x0F, 0x54, 0xC2, 0xCD, 0x55, 0xDC, 0x80, 0x93, 0x73, 0x6C, 0x9D, 0x03, 0x6B,
    0xF2, 0xC1, 0xC3, 0x06, 0x2D, 0x6D, 0x0B, 0x4B, 0xB6, 0x9D, 0xF6, 0x80, 0xE1, 0x96, 0x61, 0x38,
    0xDB, 0xDE, 0xB9, 0x18, 0x56, 0xD5, 0x44, 0x81, 0xDE, 0xDC, 0x5A, 0xB9, 0x1D, 0xEE, 0x63, 0xB9,
    0xBB, 0xFD, 0x3C, 0x6C, 0x30, 0xDD, 0x41, 0x0B, 0xE5, 0xF7, 0x69, 0xF8, 0xFE, 0xEF, 0x14, 0xEC,
    0x6C, 0xFF, 0x3A, 0xD1, 0x99, 0x48, 0xB5, 0x2B, 0xEE, 0x15, 0xE6, 0x83, 0x9D, 0x8E, 0x2C, 0x64,
    0x8C, 0x4C, 0x90, 0x16, 0x34, 0x8F, 0x39, 0x2C, 0x7C, 0xB3, 0x0A, 0x7B, 0xF3, 0x61, 0xB3, 0x2F,
    0x14, 0x8A, 0x2C, 0x39, 0x5F, 0xC8, 0xFA, 0x52, 0x46, 0xDB, 0x68, 0x22, 0xBB, 0xCF, 0x7B, 0x52,
    0x26, 0x74, 0x82, 0x78, 0xCA, 0x5D, 0x52, 0xED, 0xE5, 0x02, 0x37, 0xB0, 0x96, 0x92, 0x92, 0x7E,
    0x9D, 0x5D, 0x5C, 0x53, 0x65, 0xD9, 0x9D, 0xE2, 0xA9, 0x08, 0x1F, 0x22, 0x88, 0x75, 0xAB, 0xBD,
    0x4E, 0x6D, 0x60, 0x4A, 0x48, 0x99, 0x12, 0xA5, 0x61, 0xC7, 0x5F, 0x69, 0x33, 0x90, 0x5B, 0xD3,
    0x36, 0xC8, 0xB5, 0x5F, 0x06, 0xC7, 0xF2, 0x4F, 0x3F, 0x35, 0xC5, 0xFE, 0x89, 0x74, 0x4A, 0xA6,
    0xCB, 0x68, 0x36, 0x43, 0xBA, 0x81, 0xDF, 0x66, 0xC4, 0x81, 0x6C, 0xCD, 0x14, 0x79, 0x80, 0xBF,
    0x16, 0x3D, 0xD3, 0x9F, 0x16, 0x73, 0x2A, 0xAB, 0x72, 0xB8, 0x7E, 0x13, 0x13, 0xF4, 0xFC, 0x8C,
    0xC1, 0x3F, 0xA4, 0xA3, 0x67, 0xEE, 0xA4, 0x3B, 0xF2, 0x3E, 0x1F, 0xAE, 0xE5, 0x3D, 0xBB, 0x6D,
    0x2B, 0x53, 0x15, 0xD6, 0xC7, 0xFA, 0x4C, 0x8E, 0xE4, 0xFE, 0x61, 0x3D, 0x5E, 0xEB, 0x18, 0x83,
    0x92, 0x6A, 0xE6, 0xF5, 0xE3, 0xEF, 0x61, 0xDE, 0x5F, 0x74, 0xF9, 0xDD, 0x41, 0xBA, 0x21, 0xC5,
    0x61, 0x8A, 0x7A, 0xBA, 0xDA, 0x9E, 0xD3, 0x9A, 0x91, 0xFA, 0x98, 0x8F, 0xDA, 0x86, 0x76, 0x51,
    0x3F, 0x78, 0x7B, 0x56, 0xF6, 0x6D, 0x1B, 0xB1, 0xE2, 0x4C, 0x56, 0x81, 0x4A, 0xAF, 0x8D, 0x47,
    0x86, 0x74, 0xBF, 0xDB, 0x37, 0xDD, 0x3D, 0x87, 0x2E, 0xCC, 0x42, 0x13, 0x7F, 0x64, 0x9D, 0x66,
    0x35, 0xD9, 0xFB, 0xA1, 0x47, 0x3F, 0xDB, 0xDF, 0x09, 0x45, 0x8F, 0x52, 0x11, 0x61, 0x79, 0xBB,
    0x17, 0x79, 0xD0, 0xCE, 0x57, 0xD8, 0x0D, 0x8B, 0xEB, 0xB0, 0xD7, 0x9E, 0x87, 0x42, 0x85, 0x32,
    0xF4, 0x30, 0x8A, 0x1C, 0xC0, 0xCE, 0xC6, 0x6C, 0xB5, 0x0A, 0x85, 0x32, 0xD5, 0x83, 0x40, 0xCB,
    0x1E, 0x86, 0xD6, 0xDC, 0x7E, 0x17, 0x28, 0xF3, 0x5D, 0xC4, 0x33, 0xFF, 0x46, 0x0A, 0x58, 0x1D,
    0xF2, 0x16, 0x38, 0x7F, 0x05, 0xEF, 0xDF, 0x26, 0xF4, 0xD1, 0x88, 0x36, 0x0D, 0xCF, 0x6C, 0x94,
    0xFD, 0x43, 0xC5, 0xBA, 0x1C, 0x2E, 0xE0, 0xD5, 0xCD, 0x00, 0x58, 0xF6, 0x7D, 0xD9, 0x81, 0xA1,
    0x97, 0x2D, 0xB2, 0xE4, 0x13, 0x86, 0xF9, 0x51, 0xAD, 0xA9, 0xE4, 0xDA, 0x8B, 0x6B, 0x35, 0x8F,
    0x24, 0x28, 0x88, 0x93, 0xD0, 0x19, 0xD3, 0x75, 0x38, 0xE4, 0x3B, 0x98, 0x9B, 0xA9, 0x50, 0xD3,
    0x6A, 0x4F, 0x3B, 0x0E, 0x8F, 0x2E, 0x76, 0x8E, 0x0F, 0xE7, 0xEB, 0x8F, 0x63, 0xC2, 0xD0, 0xE7,
    0xDD, 0x4E, 0xEB, 0x6E, 0xC6, 0x70, 0x2E, 0xD8, 0x60, 0x2E, 0x12, 0xAB, 0xE1, 0xC1, 0x08, 0x4C,
    0x02, 0x10, 0xEF, 0x07, 0x18, 0x73, 0xEE, 0x6F, 0xBD, 0xB3, 0xFA, 0x5B, 0xEF, 0x2E, 0x94, 0xEF,
    0x64, 0xBF, 0xFC, 0xB6, 0x77, 0x67, 0x9A, 0xBF, 0x2E, 0x7E, 0xF1, 0x32, 0x93, 0xE9, 0x2F, 0x94,
    0xEF, 0x62, 0x1E, 0xD1, 0xD4, 0x2F, 0xFF, 0x87, 0x48, 0x3B, 0xB5, 0x7E, 0x44, 0x98, 0x43, 0x92,
    0xE9, 0xB1, 0x20, 0x4C, 0x19, 0xA0, 0xC9, 0x0A, 0xC6, 0x26, 0x61, 0xD5, 0xA7, 0xCD, 0x47, 0xA8,
    0xDD, 0xDF, 0x06, 0xE6, 0x66, 0x13, 0x0B, 0x0E, 0xB8, 0x8F, 0x3C, 0x67, 0x0B, 0x14, 0x5D, 0x91,
    0xD0, 0x95, 0x55, 0xDE, 0x93, 0x61, 0x7E, 0xC8, 0x9D, 0x72, 0x11, 0x77, 0xEE, 0x23, 0x6D, 0x71,
    0xF9, 0x36, 0x67, 0x0E, 0xD6, 0x63, 0xAA, 0xB9, 0xFF, 0xDE, 0x4F, 0x47, 0xCC, 0xE3, 0xD6, 0xB7,
    0x46, 0x77, 0x66, 0xF9, 0x8E, 0x30, 0xFE, 0xF3, 0x54, 0x82, 0xBF, 0x00, 0x2D, 0xC4, 0xD3, 0x50,
    0x32, 0x39, 0xEB, 0x1A, 0x56, 0x03, 0x6A, 0xED, 0xCF, 0xC5, 0xFE, 0x93, 0x1A, 0x3F, 0x03, 0x11,
    0x4E, 0xFD, 0x0D, 0xD8, 0x6F, 0x46, 0x7F, 0xE9, 0xB5, 0x69, 0xD2, 0x32, 0xE5, 0x3D, 0x15, 0xCE,
    0x33, 0x9D, 0x9C, 0x89, 0x61, 0xFE, 0xBF, 0xAC, 0x11, 0xB7, 0x3C, 0xE3, 0x06, 0xB7, 0x5A, 0x70,
    0xFF, 0x16, 0xB4, 0x99, 0x81, 0x92, 0x75, 0x1B, 0x1E, 0x51, 0x5A, 0x22, 0x72, 0x23, 0xBF, 0x44,
    0xEA, 0xA3, 0x00, 0xDD, 0xF4, 0xF4, 0xE3, 0x4E, 0xA7, 0x6D, 0x30, 0x74, 0xF1, 0x3D, 0xED, 0x0A,
    0xD2, 0xF8, 0x5E, 0x38, 0x66, 0xF9, 0xE1, 0x88, 0x6B, 0xD9, 0xEE, 0xA6, 0x71, 0xFE, 0xEF, 0x43,
    0xF5, 0x3B, 0x54, 0x63, 0x74, 0xEE, 0x60, 0xE2, 0xA9, 0xEF, 0xC5, 0x3F, 0x59, 0x41, 0x2D, 0x1D,
    0x55, 0x3E, 0xC9, 0xD6, 0x76, 0xB3, 0x62, 0x4A, 0xA1, 0xD3, 0x73, 0xE1, 0x44, 0x1E, 0xC6, 0x15,
    0xB7, 0x51, 0xEC, 0xA6, 0xC0, 0x54, 0x22, 0x82, 0x29, 0x69, 0x37, 0xA7, 0x6E, 0x64, 0xC2, 0x6F,
    0x8B, 0x2F, 0x4D, 0xA2, 0x2F, 0xE9, 0xFA, 0x8F, 0xDD, 0x7C, 0xBE, 0x2B, 0x10, 0xAE, 0x00, 0x4C,
    0xB3, 0xA7, 0x6C, 0x67, 0xD9, 0xEE, 0xC4, 0x87, 0x10, 0x1E, 0x72, 0xA3, 0xCF, 0xFB, 0x87, 0x73,
    0x4C, 0x63, 0x7C, 0x3C, 0x75, 0x70, 0x91, 0xB9, 0xF6, 0x06, 0x43, 0x2C, 0x47, 0x4C, 0x96, 0x7B,
    0x5D, 0x3D, 0x54, 0xC3, 0x93, 0x36, 0x09, 0x75, 0x0D, 0x40, 0x5C, 0xF6, 0x0C, 0xC0, 0x6D, 0xB1,
    0xA6, 0x20, 0x59, 0x54, 0x6D, 0x06, 0x16, 0x79, 0xBA, 0x7D, 0x36, 0xBF, 0x00, 0x02, 0xFE, 0xE8,
    0x36, 0x04, 0xE9, 0x33, 0xD6, 0xF2, 0xF1, 0xEA, 0xE9, 0x5A, 0x80, 0x59, 0x6E, 0x09, 0x8E, 0x71,
    0x9B, 0x99, 0xE0, 0x28, 0x26, 0xDA, 0x61, 0x35, 0x95, 0x81, 0xB8, 0xA9, 0x74, 0xE7, 0xB5, 0x67,
    0x38, 0x9B, 0x93, 0xB4, 0x7F, 0x70, 0x00, 0xFF, 0x36, 0x13, 0xA4, 0xDB, 0xBE, 0xBF, 0xD0, 0x7C,
    0x19, 0x64, 0xD2, 0xEF, 0xE5, 0x6D, 0xE4, 0xAF, 0x67, 0x98, 0x63, 0x1F, 0x52, 0x9B, 0x74, 0xDE,
    0x38, 0xB3, 0x98, 0xA6, 0x62, 0xB7, 0x06, 0x5C, 0x6E, 0x07, 0x14, 0xFD, 0x7E, 0xC4, 0x16, 0x7A,
    0xC6, 0x8E, 0xE4, 0x70, 0x3F, 0x61, 0x1F, 0x4F, 0xDC, 0x80, 0x4A, 0xA7, 0x58, 0x60, 0x24, 0xD9,
    0x68, 0x83, 0x6B, 0x15, 0xF6, 0x81, 0x61, 0xA2, 0x58, 0xC9, 0x0D, 0x02, 0x01, 0xF8, 0xA1, 0x7F,
    0xB7, 0x56, 0x3A, 0x7F, 0xFA, 0x60, 0x3E, 0x6D, 0xB9, 0xB6, 0x73, 0x79, 0xF3, 0x11, 0x60, 0x16,
    0x53, 0xBD, 0x3F, 0x60, 0xF9, 0x4A, 0x65, 0x72, 0x39, 0xF1, 0xFD, 0xFE, 0x9E, 0xAD, 0x1F, 0x82,
    0xA6, 0xF6, 0x30, 0xC9, 0x15, 0x1C, 0xB8, 0x77, 0x4C, 0xB4, 0x68, 0x34, 0x9C, 0xEF, 0xD9, 0x2D,
    0x2A, 0x17, 0x7D, 0x0C, 0x3B, 0x01, 0xDF, 0x03, 0xBE, 0x67, 0x23, 0x22, 0x5C, 0xB1, 0xDE, 0x6B,
    0x20, 0xF3, 0xAB, 0x70, 0x44, 0x74, 0xFF, 0x24, 0x4B, 0x95, 0x70, 0xEF, 0x64, 0x93, 0x35, 0x75,
    0x3A, 0x5E, 0xF4, 0x30, 0x85, 0x6F, 0xF8, 0x45, 0xF1, 0xB3, 0xEF, 0x6F, 0xCE, 0x97, 0x77, 0x6F,
    0x6F, 0x90, 0x6D, 0x12, 0x8E, 0x10, 0x7A, 0xAA, 0x62, 0x48, 0x56, 0x8A, 0x6F, 0x72, 0x47, 0x72,
    0x72, 0xA4, 0xD8, 0xBE, 0xA7, 0x63, 0x74, 0xD0, 0xAD, 0x6F, 0x97, 0xF5, 0x45, 0x58, 0x5A, 0x7D,
    0x15, 0x8F, 0xC2, 0x63, 0x58, 0xD1, 0x67, 0xCD, 0x03, 0xF0, 0xB1, 0x47, 0xD0, 0x21, 0xE7, 0x8A,
    0x40, 0xA7, 0xD6, 0x49, 0x8D, 0x90, 0x93, 0x33, 0x6F, 0x1E, 0xC3, 0xB9, 0x45, 0x6D, 0x4D, 0x18,
    0xA1, 0x8C, 0xEC, 0x2A, 0xBA, 0xA8, 0x52, 0xEF, 0x59, 0xEF, 0xB9, 0x5D, 0x50, 0x0E, 0x30, 0x16,
    0x8C, 0xD0, 0x2F, 0xDB, 0x97, 0x60, 0x2C, 0x5D, 0x59, 0xFF, 0x19, 0xBD, 0xB1, 0xE4, 0x38, 0x60,
    0xA7, 0x24, 0xF4, 0x1E, 0x2C, 0x7C, 0x31, 0xC6, 0x1C, 0x4D, 0x4C, 0xE0, 0x3A, 0xA9, 0xC0, 0x1A,
    0xC3, 0x82, 0x07, 0xF2, 0xFF, 0x15, 0x28, 0x07, 0x95, 0x21, 0xCA, 0xC9, 0xFB, 0x37, 0x39, 0xEE,
    0x6D, 0xED, 0xAB, 0x4F, 0xD2, 0x7D, 0x7C, 0xD5, 0xFD, 0xA5, 0xB4, 0x5A, 0xD1, 0x80, 0x21, 0xFF,
    0x86, 0xD5, 0x24, 0x96, 0xC8, 0x3C, 0xB0, 0xA2, 0x8E, 0x7F, 0x34, 0x3E, 0x8A, 0xD5, 0xBC, 0xBC,
    0xB9, 0x70, 0x22, 0x1C, 0x23, 0x9B, 0x1D, 0xC0, 0x92, 0xCE, 0xD0, 0x1E, 0x1D, 0x0A, 0x4C, 0xCB,
    0xAE, 0x73, 0x8F, 0x3F, 0x51, 0xFE, 0x17, 0x48, 0xC2, 0x9A, 0x74, 0xB9, 0x19, 0x58, 0x5B, 0x31,
    0xAF, 0x0C, 0x2C, 0x1E, 0x90, 0x1E, 0xF1, 0x5C, 0xFC, 0xC0, 0x3A, 0xCB, 0x72, 0xA4, 0x01, 0x78,
    0xCE, 0x3B, 0xF9, 0xCF, 0x89, 0xF5, 0xA5, 0x97, 0x27, 0x48, 0x3B, 0x89, 0x3D, 0x58, 0x4A, 0xA4,
    0x16, 0x43, 0xEA, 0x94, 0xA8, 0x17, 0x78, 0xF8, 0xA7, 0x95, 0x0A, 0x3E, 0xAF, 0x81, 0x3F, 0xAF,
    0xF6, 0x8B, 0x3B, 0xDB, 0x9D, 0xDD, 0xF6, 0x30, 0xD3, 0xEE, 0xE1, 0x53, 0xDB, 0x9D, 0xB3, 0xB3,
    0xA6, 0x3C, 0x16, 0x7C, 0x42, 0x05, 0x81, 0xB2, 0x66, 0x3D, 0x60, 0x79, 0x57, 0x66, 0x6E, 0xC9,
    0xBA, 0x45, 0xE0, 0x83, 0xAD, 0xA5, 0x13, 0xC8, 0x2F, 0x13, 0x93, 0x06, 0xF7, 0x6F, 0x88, 0x5B,
    0x71, 0x07, 0xCC, 0xD6, 0x99, 0x9A, 0x05, 0x8F, 0x25, 0x24, 0x3D, 0x3A, 0x8B, 0xF4, 0x3F, 0x2E,
    0xE8, 0x70, 0x5F, 0xDA, 0x53, 0x83, 0x35, 0xF4, 0x8C, 0x64, 0x03, 0x21, 0x6F, 0x5C, 0xC0, 0xFF,
    0xFC, 0x53, 0xD5, 0x45, 0xEE, 0xB9, 0x5D, 0x60, 0x2E, 0xFD, 0x31, 0xF3, 0xA7, 0x13, 0x56, 0xC2,
    0x18, 0xC3, 0xB1, 0x3C, 0x81, 0x90, 0xA5, 0x2E, 0xF5, 0x4C, 0x78, 0xB7, 0x49, 0x9E, 0xF9, 0xB8,
    0x90, 0x4B, 0x1B, 0x3A, 0x73, 0xA6, 0x67, 0x98, 0x45, 0x86, 0xA7, 0x60, 0xAC, 0xAC, 0xD7, 0x56,
    0xEB, 0x8F, 0x35, 0xD1, 0x16, 0x23, 0xF4, 0x7E, 0xBA, 0x0D, 0xDA, 0xD9, 0x70, 0x7F, 0xEA, 0xA4,
    0x5F, 0x17, 0x92, 0xE2, 0xE7, 0x3A, 0x06, 0x84, 0x25, 0xFA, 0xF8, 0x5D, 0xFC, 0xE3, 0x19, 0x8F,
    0xEC, 0xBF, 0x5D, 0x40, 0x1B, 0x1B, 0x67, 0x27, 0x4B, 0xDE, 0xCE, 0x62, 0x79, 0x94, 0xBB, 0x55,
    0xF7, 0xAD, 0x5D, 0xCB, 0x33, 0xC6, 0x2C, 0x44, 0xB2, 0xE3, 0x41, 0x75, 0x48, 0x9A, 0x95, 0x2A,
    0xEF, 0xBC, 0x3F, 0xAF, 0x5D, 0x5B, 0x02, 0xF1, 0xFD, 0xA9, 0xF2, 0x91, 0x00, 0x95, 0x88, 0xDC,
    0x3C, 0xFA, 0xFF, 0x05, 0x9A, 0x03, 0x77, 0x3D, 0xF1, 0xD3, 0x3F, 0xAF, 0x78, 0xEA, 0xB8, 0x67,
    0xDE, 0x5B, 0x5F, 0xE4, 0x6E, 0xC8, 0x19, 0x1A, 0xF0, 0xFF, 0x01, 0xE5, 0x5B, 0x3F, 0xAC, 0xDD,
    0xD6, 0x79, 0x3F, 0x24, 0x9F, 0xC5, 0x54, 0xAC, 0xC3, 0x37, 0xA8, 0x80, 0x2D, 0x25, 0xA2, 0x87,
    0x0C, 0x8D, 0xA1, 0x3C, 0x66, 0xE8, 0xA0, 0xE1, 0xBD, 0x47, 0x3A, 0x02, 0xDA, 0xA1, 0x83, 0x3D,
    0xD4, 0x19, 0xEC, 0xC1, 0x4B, 0x0B, 0xB4, 0x01, 0x52, 0x65, 0xD0, 0x20, 0xA0, 0x2F, 0x22, 0x8D,
    0x0C, 0x01, 0xAA, 0x45, 0x4B, 0x32, 0x16, 0x02, 0xEA, 0x00, 0xCE, 0xCB, 0xF0, 0x34, 0x64, 0x50,
    0x80, 0x27, 0x91, 0x8D, 0x86, 0x0C, 0x1A, 0xC2, 0xB8, 0x2D, 0x3A, 0x78, 0x28, 0xD5, 0xD8, 0x2D,
    0xE0, 0x0C, 0x66, 0x02, 0xB6, 0xA6, 0xF4, 0x78, 0xEF, 0xC9, 0xF7, 0xFB, 0x7D, 0x87, 0xBC, 0xF7,
    0x3D, 0x3B, 0x6D, 0x0C, 0x44, 0x45, 0x64, 0x3F, 0xE9, 0x92, 0xF7, 0x5E, 0x92, 0xE7, 0xFC, 0xBE,
    0xEF, 0x7C, 0xFF, 0xCF, 0x77, 0x8D, 0xF9, 0x6B, 0x63, 0x7C, 0x6B, 0x4C, 0x28, 0xAF, 0x08, 0xE7,
    0xA5, 0x7C, 0xEE, 0x0D, 0xFF, 0x3C, 0x79, 0x85, 0xA5, 0x31, 0xB1, 0xBC, 0x92, 0xDC, 0x98, 0x4C,
    0x3E, 0x17, 0xF2, 0x92, 0xDB, 0x3C, 0xB9, 0x2D, 0x58, 0xC8, 0x6B, 0x94, 0xCB, 0xEE, 0x95, 0x0E,
    0x72, 0x8B, 0x3C, 0x5A, 0x74, 0xC6, 0x54, 0xF2, 0x2A, 0x6A, 0xF9, 0x2C, 0x8F, 0x6D, 0x98, 0xD5,
    0xDF, 0x2D, 0x1C, 0xE4, 0x9A, 0xF1, 0x5B, 0x19, 0xC4, 0xCA, 0x28, 0x89, 0xB5, 0xB5, 0x29, 0xAE,
    0x17, 0x8D, 0xBF, 0x88, 0xD3, 0x3A, 0x1C, 0x3E, 0xFF, 0x07, 0x26, 0xEE, 0xB6, 0x65, 0xB4, 0xF6,
    0xA2, 0x3C, 0xDE, 0xDC, 0xC2, 0x38, 0x18, 0xF0, 0xAD, 0x46, 0x0E, 0x3F, 0xAF, 0x3F, 0x67, 0x8A,
    0xA3, 0xD7, 0x07, 0x93, 0x59, 0xDB, 0xE1, 0x50, 0xE3, 0x79, 0xA0, 0x97, 0xB9, 0xCD, 0xDD, 0xDC,
    0x0D, 0x6E, 0xDA, 0xB5, 0x29, 0x8D, 0xBF, 0xCF, 0x53, 0x61, 0x71, 0x29, 0xB0, 0x97, 0x70, 0x6B,
    0x3C, 0x7A, 0x82, 0xD8, 0x64, 0x03, 0x4F, 0x55, 0x47, 0x92, 0x6D, 0x1B, 0x34, 0xB8, 0xA3, 0x36,
    0x66, 0x3E, 0x45, 0xB6, 0xC4, 0x29, 0xB6, 0xFB, 0x60, 0x84, 0xB5, 0xF8, 0x28, 0xF3, 0x7E, 0x0F,
    0x5F, 0x66, 0xA3, 0x0E, 0xAC, 0xEC, 0xAA, 0x74, 0x52, 0x79, 0x6C, 0x53, 0x59, 0x2A, 0x57, 0x83,
    0xDE, 0x60, 0x82, 0xCA, 0xE6, 0xF2, 0x29, 0xB2, 0xB6, 0x95, 0x53, 0x7A, 0x64, 0x47, 0xAF, 0x13,
    0xAA, 0x2A, 0x7B, 0xD0, 0x0A, 0x3F, 0x13, 0x8C, 0xF9, 0x8C, 0x3C, 0xA1, 0xA3, 0x3D, 0x9B, 0xCF,
    0xC0, 0x2F, 0x9C, 0x5A, 0x06, 0xB5, 0xC9, 0x0A, 0x6B, 0x1B, 0x93, 0x2C, 0x0F, 0x64, 0x90, 0xB8,
    0xC1, 0x70, 0xB2, 0x0E, 0x87, 0xFC, 0xBF, 0x63, 0x4C, 0x8F, 0xA3, 0x2F, 0x94, 0x6D, 0x9B, 0xA0,
    0xC5, 0x97, 0x20, 0x61, 0xC0, 0x7B, 0xF9, 0x32, 0xE8, 0x4C, 0xD4, 0x98, 0x40, 0xD8, 0x55, 0xCA,
    0x34, 0x3F, 0x90, 0x79, 0x8A, 0x0A, 0x3C, 0xDB, 0x8E, 0x30, 0xB0, 0xFE, 0x9D, 0xFE, 0xDE, 0x2B,
    0x37, 0x9E, 0xFF, 0xEE, 0x1B, 0x42, 0x5A, 0x93, 0xD9, 0xDE, 0x13, 0x14, 0x81, 0xAC, 0x8A, 0xF0,
    0x2A, 0xD0, 0xA5, 0x94, 0x01, 0xB0, 0xAA, 0x09, 0xE8, 0x1E, 0xCC, 0xAE, 0x3C, 0x91, 0x8E, 0x46,
    0x59, 0x18, 0x74, 0x3C, 0x45, 0x18, 0x2A, 0x5A, 0xA4, 0x18, 0x2D, 0x5C, 0xEE, 0x29, 0xF3, 0x7A,
    0x1E, 0xB1, 0x4A, 0xB2, 0x38, 0x20, 0x60, 0xE2, 0xA8, 0xE3, 0x61, 0xAA, 0x27, 0xF9, 0x48, 0x14,
    0xC9, 0xD2, 0xAC, 0x71, 0xD4, 0x9D, 0x2A, 0x9E, 0xE4, 0xF1, 0x9C, 0xCB, 0x67, 0xC1, 0xE0, 0x4D,
    0x45, 0xFD, 0x94, 0x30, 0xCE, 0xFE, 0xAF, 0xFF, 0x5E, 0xE2, 0x7D, 0xE9, 0xFF, 0x71, 0x97, 0x35,
    0x77, 0xB8, 0xCA, 0x4B, 0x95, 0x10, 0x41, 0xE4, 0xFF, 0x27, 0xA6, 0x8B, 0xCA, 0x1D, 0x80, 0x53,
    0x34, 0xD4, 0x05, 0x82, 0x08, 0x95, 0x84, 0x03, 0x20, 0xC9, 0x62, 0x90, 0x9F, 0x45, 0x00, 0x59,
    0x80, 0x67, 0xA6, 0xF0, 0x40, 0x4C, 0x91, 0x57, 0x10, 0xFC, 0x3A, 0xAB, 0x21, 0xC4, 0xA9, 0x1C,
    0xE3, 0x3E, 0x91, 0x63, 0x38, 0xC6, 0x72, 0x0C, 0x96, 0x38, 0x1A, 0x9B, 0x90, 0xA6, 0x62, 0x45,
    0x2D, 0xB4, 0x47, 0xF8, 0x40, 0xF1, 0xC5, 0xED, 0x3E, 0xE7, 0x8D, 0x9B, 0x43, 0xDC, 0x41, 0xFE,
    0x65, 0x04, 0x79, 0xFA, 0x06, 0x01, 0xD7, 0x49, 0x9E, 0x75, 0x55, 0x5D, 0x75, 0xB6, 0xB6, 0x0F,
    0x6C, 0x5D, 0xD5, 0x36, 0xFF, 0x22, 0x74, 0xD9, 0x5C, 0x5E, 0x52, 0x6A, 0xC1, 0xAC, 0xEC, 0xDD,
    0x57, 0x45, 0x45, 0x97, 0x80, 0x84, 0xA5, 0x8A, 0x9B, 0xB8, 0x4E, 0xED, 0xB7, 0xBA, 0xC4, 0x93,
    0xAB, 0xC3, 0x6E, 0x34, 0x06, 0xED, 0xDE, 0xB6, 0x4C, 0xD8, 0xEE, 0xEC, 0x65, 0x9D, 0xB9, 0xB9,
    0x75, 0x3B, 0x93, 0x67, 0xD2, 0xDB, 0x85, 0xCC, 0x95, 0xF0, 0x98, 0x1E, 0xE2, 0x9B, 0x2D, 0x5E,
    0xDD, 0xDD, 0x89, 0x7B, 0xD3, 0x6D, 0xA7, 0xE1, 0x22, 0x6C, 0x0F, 0xE3, 0xD7, 0xAD, 0xFD, 0x59,
    0x1F, 0x36, 0xE7, 0x1E, 0x06, 0x2D, 0x34, 0x47, 0xF0, 0x56, 0xB9, 0xA9, 0xE4, 0xCD, 0xA3, 0x83,
    0x01, 0xC2, 0xCF, 0xA5, 0x7D, 0xEA, 0x25, 0x27, 0x62, 0x9E, 0x70, 0x0D, 0x3C, 0xDB, 0x95, 0xC9,
    0x6E, 0xA7, 0xAD, 0xF1, 0x84, 0x41, 0xA9, 0xAD, 0xFD, 0xB1, 0xCA, 0xC3, 0xDE, 0x02, 0xEC, 0xCD,
    0x60, 0x29, 0xDF, 0xBD, 0xF4, 0xCC, 0x2C, 0xFA, 0xA9, 0x85, 0x8E, 0x8F, 0xD3, 0xC7, 0x2F, 0x98,
    0xE7, 0xA0, 0xDA, 0xA2, 0x36, 0x42, 0x39, 0xE4, 0xAD, 0x80, 0x21, 0xF2, 0x47, 0x7F, 0x24, 0x8F,
    0x65, 0x48, 0xFB, 0x15, 0x0B, 0x1E, 0xD2, 0x06, 0x75, 0x19, 0xEE, 0x1B, 0xB1, 0x32, 0xDE, 0x12,
    0x96, 0x4A, 0xCC, 0x10, 0x0C, 0x51, 0x54, 0x83, 0xF7, 0x7E, 0x0B, 0x45, 0x11, 0x4B, 0xD4, 0x51,
    0x9C, 0x36, 0xCD, 0xF3, 0xFB, 0xFB, 0xFB, 0xDF, 0x17, 0xBD, 0x70, 0x7F, 0xF3, 0x92, 0x7F, 0xAC,
    0xC3, 0x19, 0x11, 0xD7, 0x87, 0x2A, 0xDE, 0x30, 0x54, 0xEF, 0xBE, 0x3A, 0x1A, 0x80, 0xAB, 0x4C,
    0xD4, 0x82, 0x3F, 0xF1, 0xDF, 0xBF, 0x72, 0x23, 0x68, 0xB3, 0xD0, 0x2E, 0xFD, 0x6E, 0x2F, 0xE8,
    0xB3, 0x7C, 0x38, 0x94, 0x63, 0xB9, 0xD7, 0xE3, 0xFD, 0x76, 0x17, 0x3C, 0x5C, 0x9A, 0x9D, 0x0E,
    0x5A, 0x23, 0xC7, 0xA3, 0xC1, 0xEC, 0xF4, 0xC1, 0x30, 0x9A, 0xED, 0x21, 0x18, 0x2A, 0xB3, 0x77,
    0x18, 0x0C, 0x59, 0x7D, 0xB8, 0x13, 0x2D, 0xE3, 0xA1, 0x4F, 0xCF, 0xEE, 0x7B, 0xFF, 0xD8, 0x81,
    0x8C, 0xA8, 0xC6, 0x9A, 0xA6, 0xB9, 0xAC, 0xAF, 0x27, 0xAB, 0x9C, 0x3E, 0x82, 0xC9, 0xF5, 0x55,
    0x57, 0xC0, 0x79, 0x98, 0x15, 0x31, 0x54, 0x65, 0xA1, 0x14, 0xD1, 0x10, 0xDA, 0x3A, 0xB6, 0x7D,
    0xF6, 0xD6, 0x98, 0x99, 0x6B, 0xDF, 0x34, 0xD9, 0x9E, 0xC9, 0x76, 0xCC, 0x6E, 0x66, 0xEE, 0x24,
    0xBF, 0x18, 0x42, 0x91, 0x17, 0x98, 0xCF, 0xCF, 0xF0, 0xC6, 0x9D, 0xDF, 0xF2, 0xF8, 0xFC, 0x7E,
    0xB5, 0xBF, 0x6F, 0xC8, 0x3A, 0x1E, 0x97, 0x1F, 0xE3, 0xD9, 0xE9, 0xB8, 0xC9, 0x71, 0xF6, 0x3F,
    0x34, 0x8E, 0xD7, 0x05, 0x63, 0x38, 0xC4, 0x5D, 0x52, 0x67, 0x62, 0xDB, 0x7E, 0x68, 0x40, 0x57,
    0x0E, 0x5F, 0xA2, 0xE6, 0x4C, 0xFC, 0x54, 0xD1, 0x42, 0x6F, 0x05, 0xB8, 0x38, 0x1F, 0x48, 0xD8,
    0xE0, 0x8B, 0xD8, 0xA5, 0xC2, 0x45, 0x59, 0x92, 0x16, 0x8E, 0x29, 0xAB, 0xA3, 0x01, 0xC2, 0x0F,
    0x45, 0xBD, 0x6B, 0xA0, 0x8F, 0xA3, 0xA9, 0x44, 0x32, 0x47, 0x61, 0xC4, 0x15, 0x6F, 0x11, 0x1F,
    0xD9, 0x3E, 0xF8, 0xA9, 0xFD, 0x2F, 0xDB, 0x05, 0x7F, 0x66, 0x7F, 0x62, 0xEB, 0xC8, 0xB7, 0x81,
    0xCD, 0x63, 0xF3, 0x97, 0xE6, 0x0D, 0xA7, 0xF9, 0xE9, 0x4A, 0xFF, 0xE9, 0xC9, 0x0C, 0x07, 0x31,
    0x98, 0xD9, 0xA8, 0x9F, 0x9B, 0x8E, 0xFA, 0xFD, 0xF9, 0x59, 0x7E, 0x9F, 0x7A, 0x59, 0x6E, 0xF7,
    0x2A, 0x8A, 0x53, 0xAA, 0x14, 0x59, 0xFB, 0x4F, 0x1D, 0x6D, 0x22, 0xC4, 0x2F, 0xB6, 0x0B, 0x58,
    0xE0, 0xD4, 0x8E, 0x21, 0x8C, 0x85, 0xED, 0xA3, 0x92, 0x1E, 0x2A, 0xCE, 0x71, 0x63, 0x9B, 0xC0,
    0x44, 0xD8, 0x66, 0x8B, 0xA7, 0x7A, 0x07, 0x2A, 0x64, 0xCB, 0x3D, 0x9E, 0xF2, 0x43, 0x9E, 0x0C,
    0x1D, 0x96, 0xA5, 0x10, 0x5B, 0x0B, 0x07, 0x20, 0x8F, 0x53, 0xB0, 0x33, 0x1B, 0xA8, 0x9D, 0xBD,
    0x5E, 0x1B, 0x7D, 0x10, 0x80, 0xCE, 0x59, 0xF5, 0x2B, 0x4A, 0xD8, 0x84, 0x54, 0x97, 0x40, 0xF8,
    0x0B, 0xEF, 0x69, 0xF6, 0x68, 0x39, 0xEA, 0x81, 0xFA, 0x57, 0xD3, 0xBA, 0x11, 0xB3, 0xB9, 0x5A,
    0xC1, 0xAB, 0x98, 0x1F, 0x6E, 0xD0, 0xD4, 0x5F, 0x35, 0x80, 0x67, 0x76, 0x21, 0x76, 0x90, 0x33,
    0xBA, 0x3F, 0x7F, 0xE9, 0xFC, 0x56, 0xD4, 0xA5, 0x43, 0x36, 0x16, 0x63, 0xD6, 0xA7, 0x78, 0xC6,
    0x2B, 0x4D, 0xC4, 0x79, 0x46, 0xF8, 0x44, 0xB8, 0x00, 0xDB, 0x6C, 0x16, 0xCD, 0x61, 0x52, 0xDA,
    0x03, 0x38, 0x94, 0x53, 0x40, 0xF7, 0x37, 0x80, 0x2B, 0xBE, 0xF0, 0xBA, 0xF8, 0x9F, 0x70, 0x0C,
    0x16, 0xD0, 0xDD, 0x68, 0x8C, 0x87, 0xB8, 0x8F, 0x87, 0xA4, 0x8B, 0x86, 0xAC, 0x09, 0x16, 0x62,
    0x60, 0xE8, 0xE4, 0x57, 0x7F, 0x85, 0x7C, 0xB6, 0xD3, 0x77, 0xCF, 0xD1, 0x42, 0x6C, 0x1B, 0x09,
    0x1A, 0xCC, 0x16, 0xDD, 0x54, 0x5C, 0x23, 0x6E, 0x09, 0xBB, 0x08, 0x7A, 0xB1, 0x40, 0xB0, 0x22,
    0x52, 0x42, 0xF7, 0x0D, 0xFB, 0xE0, 0xD9, 0xD7, 0xE5, 0x7D, 0x34, 0xC4, 0x30, 0x18, 0x75, 0x51,
    0x8A, 0x12, 0xC1, 0xB5, 0x86, 0x2D, 0xF5, 0x95, 0x2B, 0x7F, 0x55, 0xFE, 0x41, 0xE6, 0x72, 0x73,
    0xFC, 0xCF, 0x53, 0x7F, 0x1F, 0x76, 0xE6, 0xF9, 0x81, 0xB6, 0x0F, 0x4E, 0x4E, 0x84, 0x24, 0xED,
    0xE8, 0xF3, 0x85, 0x6C, 0x68, 0xA6, 0x48, 0x44, 0x4C, 0x3F, 0xA0, 0x61, 0x53, 0x89, 0x4B, 0xE2,
    0x6E, 0xE8, 0x33, 0x2D, 0x2F, 0x89, 0x65, 0xCA, 0x72, 0x4F, 0xB0, 0x89, 0x0F, 0xFA, 0xAC, 0x88,
    0xB2, 0x58, 0xD2, 0x43, 0x51, 0x85, 0xA8, 0x81, 0xEC, 0x8A, 0x66, 0x27, 0x8C, 0x69, 0xCC, 0xDF,
    0xC9, 0x13, 0xDE, 0xE0, 0xFF, 0x1B, 0x3C, 0x69, 0x1B, 0x13, 0x5E, 0xB9, 0xF3, 0xDA, 0x3B, 0xC6,
    0x5C, 0x13, 0xEA, 0xE5, 0xCE, 0xD1, 0xDB, 0xAF, 0xDC, 0x94, 0xB9, 0x4E, 0xA9, 0x22, 0x7B, 0xDB,
    0x90, 0x19, 0x27, 0xC1, 0x77, 0x0A, 0xBE, 0x55, 0xF0, 0x25, 0xC1, 0x17, 0x04, 0xEF, 0x7D, 0x5C,
    0xF0, 0x58, 0xF6, 0x05, 0x2F, 0x49, 0x3C, 0xD1, 0x27, 0x23, 0xC1, 0x57, 0x30, 0x37, 0xE9, 0x57,
    0xDE, 0xC2, 0xE9, 0x4E, 0x80, 0x58, 0x51, 0xE8, 0x82, 0xA8, 0x08, 0x72, 0x84, 0x14, 0x32, 0x65,
    0xDC, 0x00, 0x3C, 0x9E, 0xF7, 0x04, 0xC3, 0x10, 0x01, 0x4D, 0x58, 0x5F, 0x00, 0x2B, 0x21, 0x4D,
    0x19, 0x02, 0xA6, 0x0E, 0xE0, 0xF7, 0xF7, 0x6F, 0x1C, 0x03, 0xEF, 0x2B, 0x78, 0x19, 0x29, 0x95,
    0x91, 0xD2, 0xD2, 0x1C, 0x8D, 0x18, 0xC9, 0x7F, 0x61, 0xE4, 0x48, 0xFE, 0x80, 0x91, 0x30, 0x3C,
    0x1C, 0xA8, 0x25, 0xF8, 0xE0, 0xA0, 0x23, 0xC2, 0xB8, 0x23, 0xF8, 0x88, 0xB6, 0xD3, 0xC4, 0x6D,
    0x26, 0xA6, 0xE4, 0xB9, 0xB4, 0x1C, 0xCD, 0x05, 0x73, 0x77, 0x11, 0xE0, 0x9E, 0xAD, 0x32, 0xAE,
    0xC3, 0x9E, 0xFA, 0x8E, 0x95, 0x34, 0x0B, 0x73, 0x04, 0xC9, 0x11, 0x13, 0x21, 0x63, 0x46, 0xCD,
    0x79, 0x3C, 0x98, 0xE6, 0x77, 0x2E, 0xFF, 0x8B, 0x2C, 0x8A, 0x0F, 0xB9, 0x93, 0x45, 0xD9, 0xAF,
    0x6E, 0x70, 0xCA, 0x82, 0x74, 0xC9, 0x62, 0x81, 0x2E, 0x44, 0x47, 0x57, 0x27, 0xC8, 0xA7, 0x11,
    0x37, 0x37, 0x88, 0x2D, 0xE5, 0x05, 0xCF, 0x50, 0x43, 0x3E, 0xF5, 0x4F, 0x7C, 0x86, 0xF9, 0x12,
    0x54, 0xC8, 0x68, 0x7C, 0x5D, 0x68, 0x08, 0x5E, 0x2D, 0x25, 0xCE, 0x18, 0x85, 0x15, 0x2D, 0x5D,
    0xBE, 0x70, 0xDF, 0x7C, 0x53, 0xEE, 0xB8, 0x22, 0xAF, 0x6F, 0xC8, 0xEB, 0xA2, 0xA8, 0xD4, 0xD6,
    0x6B, 0x9D, 0x68, 0x8C, 0xC4, 0x68, 0x18, 0xF2, 0x6F, 0x4F, 0x2C, 0x71, 0xE4, 0x42, 0xBB, 0xAC,
    0x73, 0xBE, 0xD4, 0xA9, 0x88, 0xBF, 0x9C, 0x9C, 0x6B, 0xE9, 0xBE, 0xA8, 0x8F, 0x3F, 0x18, 0xEA,
    0x67, 0xBF, 0xD2, 0x73, 0xA4, 0x11, 0xB0, 0x4C, 0xA4, 0xF7, 0x67, 0xCE, 0x84, 0x7C, 0xA0, 0x0E,
    0x25, 0xB8, 0xAF, 0xE7, 0xE8, 0x45, 0x3D, 0x9F, 0x8F, 0x75, 0xFC, 0xBD, 0x98, 0x76, 0xC1, 0x74,
    0x09, 0xDD, 0x77, 0x50, 0xA7, 0x3C, 0xC7, 0xB9, 0xC6, 0x39, 0xBB, 0xD0, 0x7A, 0x04, 0x77, 0x96,
    0x86, 0xC3, 0xD7, 0x18, 0xD1, 0x84, 0x0D, 0x25, 0x11, 0x7C, 0xE0, 0x79, 0x57, 0x59, 0x26, 0xEB,
    0xE2, 0x81, 0x46, 0x59, 0x21, 0x1F, 0x70, 0xE2, 0x56, 0xC3, 0x48, 0x09, 0x4F, 0x22, 0xF9, 0xFE,
    0x9C, 0x2C, 0x03, 0xCC, 0x80, 0x0C, 0x16, 0xD8, 0x95, 0xA3, 0x9B, 0xFE, 0xE6, 0xCC, 0x23, 0x9B,
    0x28, 0x75, 0x24, 0xAD, 0x78, 0x11, 0xBA, 0x5C, 0x87, 0x42, 0xCD, 0xBF, 0x69, 0x75, 0xA6, 0x50,
    0x73, 0xE6, 0xCB, 0xCC, 0x98, 0x99, 0x33, 0x33, 0x6B, 0x66, 0xDE, 0x4C, 0xCC, 0x99, 0xB9, 0x33,
    0xB3, 0x67, 0xE6, 0xCF, 0xCC, 0xA0, 0x89, 0x43, 0x33, 0x8B, 0x66, 0x1E, 0xCD, 0x4C, 0x9A, 0xB8,
    0x34, 0xB3, 0x69, 0xE6, 0xD3, 0xCC, 0xA8, 0x99, 0x53, 0x13, 0xAB, 0x66, 0x5E, 0xCD, 0xCC, 0x9A,
    0xB8, 0x35, 0xB3, 0xEB, 0x37, 0xF1, 0xCB, 0x98, 0x9B, 0x13, 0xC9, 0x93, 0xA9, 0x4D, 0x97, 0x53,
    0x0C, 0xE7, 0x28, 0x94, 0x40, 0xBF, 0x76, 0x52, 0xE4, 0xB7, 0xE6, 0x23, 0x05, 0xE8, 0xD3, 0xC0,
    0x28, 0xBA, 0x1B, 0xEA, 0x70, 0x37, 0xF1, 0xA7, 0x51, 0x8C, 0xCE, 0xE1, 0x9A, 0xE8, 0xC0, 0x3D,
    0xF6, 0xF4, 0x87, 0x1F, 0xFE, 0x34, 0x31, 0x6A, 0x12, 0xA8, 0x48, 0x19, 0x15, 0x8F, 0xCE, 0x1E,
    0x25, 0xA3, 0x83, 0x26, 0x6F, 0x54, 0x09, 0x25, 0xD8, 0x6B, 0x3E, 0xB5, 0x8C, 0xF2, 0x6E, 0x9C,
    0xD0, 0x38, 0x33, 0xA6, 0x93, 0xCB, 0x4E, 0xA6, 0x37, 0xEE, 0x1B, 0xB3, 0xB8, 0x33, 0xDD, 0xDC,
    0x7E, 0x6A, 0x45, 0x6B, 0x7F, 0xFF, 0xE5, 0x57, 0xEE, 0x38, 0xD5, 0xB3, 0x76, 0xE1, 0x48, 0xEC,
    0xBC, 0xD1, 0x25, 0x90, 0xB5, 0x86, 0xB5, 0x32, 0x86, 0x7B, 0xE7, 0x7D, 0x20, 0x0C, 0xB8, 0x38,
    0xD3, 0x4B, 0xF3, 0x1E, 0xC7, 0xD3, 0xB8, 0x3B, 0x13, 0xC5, 0x66, 0x48, 0x17, 0xE6, 0x73, 0xBC,
    0xAD, 0x15, 0x0A, 0x2F, 0xAA, 0x4B, 0xCD, 0x46, 0x8D, 0x9C, 0x52, 0x14, 0x22, 0x34, 0xF0, 0xB7,
    0xF6, 0xD1, 0x0F, 0x5A, 0x37, 0x7F, 0xE7, 0x37, 0x8C, 0xAA, 0x7C, 0xDB, 0xD2, 0xAB, 0xC6, 0xA5,
    0x50, 0xE5, 0x95, 0x8C, 0x26, 0x5C, 0x25, 0x49, 0x48, 0x0E, 0x74, 0x05, 0x24, 0x0C, 0x8A, 0x64,
    0x09, 0x9E, 0x66, 0x24, 0x03, 0x00, 0x17, 0x64, 0xDC, 0x9A, 0xEF, 0x24, 0x68, 0x43, 0x12, 0x63,
    0x11, 0xEA, 0x44, 0xF6, 0x1D, 0x19, 0xFA, 0xBD, 0x4A, 0x02, 0x63, 0x3B, 0xA2, 0x6C, 0x62, 0x4F,
    0xF8, 0xEB, 0xCB, 0x5C, 0xC7, 0xC4, 0x1E, 0x58, 0x24, 0xC0, 0x2D, 0xF8, 0x88, 0xF8, 0x41, 0xBE,
    0xCD, 0xB4, 0x4A, 0x04, 0xA0, 0xBB, 0xC2, 0xDF, 0x16, 0x91, 0x31, 0x6B, 0x17, 0xDB, 0x32, 0x4B,
    0x0E, 0xAB, 0x95, 0x2A, 0xDD, 0xD9, 0xF2, 0xC3, 0x05, 0x17, 0x53, 0xE9, 0x72, 0xEA, 0x62, 0xCE,
    0x27, 0x55, 0xDF, 0x4A, 0x4F, 0xC8, 0x7A, 0x84, 0x50, 0x84, 0x18, 0x61, 0xC9, 0x68, 0x2C, 0xD1,
    0x22, 0x60, 0x81, 0x12, 0x87, 0xBA, 0x57, 0x5B, 0x52, 0x64, 0x52, 0xBB, 0xC4, 0x78, 0xDE, 0xDD,
    0x9C, 0x1C, 0x3F, 0x54, 0xE9, 0xD4, 0x29, 0x02, 0x5D, 0xB6, 0xD0, 0x45, 0x14, 0x8E, 0x40, 0x72,
    0xC9, 0x1B, 0x5C, 0xDD, 0x65, 0x6F, 0x7D, 0xDE, 0xB3, 0x27, 0x82, 0xF1, 0xF4, 0x98, 0x5B, 0x77,
    0x25, 0xB8, 0xC8, 0x39, 0xAF, 0xBB, 0x4E, 0xA8, 0xD7, 0xEE, 0xFF, 0xDA, 0x77, 0xBE, 0xBA, 0xDF,
    0x51, 0xA4, 0x40, 0x56, 0x6C, 0x1B, 0x44, 0x85, 0x91, 0x2D, 0xB1, 0xB8, 0xE0, 0x7F, 0xAB, 0xA7,
    0x46, 0x2B, 0x52, 0x39, 0x8B, 0x5D, 0xEB, 0x85, 0xA9, 0x81, 0xF2, 0x50, 0xF5, 0x2C, 0x64, 0xDA,
    0x87, 0x5F, 0xD5, 0xF4, 0x0B, 0x0C, 0xF6, 0xED, 0xBB, 0xAF, 0xD6, 0xA4, 0x21, 0x70, 0x27, 0x64,
    0x1F, 0xB6, 0xF4, 0xF3, 0xB9, 0xC8, 0xB5, 0x56, 0xEB, 0x92, 0xB5, 0x17, 0x29, 0x83, 0x5C, 0x62,
    0xE4, 0x43, 0xB2, 0x5E, 0xE2, 0xE4, 0xD0, 0xDA, 0xEF, 0x5C, 0x66, 0x61, 0x73, 0x72, 0x27, 0x27,
    0x82, 0x91, 0x89, 0x51, 0xEB, 0x74, 0x3A, 0xA3, 0xA9, 0x69, 0x2A, 0x24, 0xC8, 0x30, 0x6D, 0x79,
    0x82, 0xA9, 0xF5, 0xD5, 0x50, 0x25, 0xAE, 0xA2, 0x3A, 0xA8, 0x8C, 0x50, 0x56, 0xD2, 0xDE, 0xEA,
    0xD2, 0x46, 0xE5, 0x93, 0xBF, 0xA8, 0x8E, 0x4A, 0x06, 0x54, 0x59, 0x47, 0xE9, 0x2D, 0x3A, 0x2A,
    0x9A, 0x9C, 0x58, 0xF2, 0xAB, 0x8B, 0xFC, 0x13, 0x41, 0x66, 0xBA, 0xA6, 0xA6, 0x5A, 0x31, 0x71,
    0xC2, 0xAB, 0x3A, 0x1A, 0xE5, 0x6B, 0x66, 0x7D, 0x9F, 0xB8, 0x96, 0x34, 0x6D, 0xCD, 0x3C, 0xB5,
    0x1E, 0x93, 0xC5, 0x8A, 0x22, 0x3D, 0x16, 0xC3, 0xCA, 0x3C, 0x90, 0x75, 0x1E, 0x1D, 0x8C, 0xBF,
    0x56, 0x72, 0x56, 0xB3, 0x1B, 0xD1, 0x5A, 0xAE, 0x0F, 0x96, 0xFE, 0x86, 0xC1, 0x28, 0x70, 0xE7,
    0x88, 0xA0, 0x3A, 0x61, 0x74, 0x37, 0x57, 0x5A, 0xA8, 0x4A, 0xA8, 0x64, 0xC4, 0xCD, 0x4A, 0x03,
    0x6F, 0x9B, 0x27, 0x83, 0x16, 0x55, 0x32, 0x2D, 0x38, 0xD3, 0xE2, 0x07, 0xD4, 0xB0, 0xB4, 0xAF,
    0xF2, 0xE3, 0xFA, 0xF5, 0xFB, 0xBD, 0x22, 0x1A, 0x38, 0xA6, 0xDC, 0xA5, 0xE0, 0xAE, 0x53, 0xCF,
    0x8A, 0x46, 0x87, 0x39, 0x53, 0x14, 0x76, 0x7E, 0xFF, 0xA9, 0xF0, 0xF6, 0xB5, 0xD0, 0x81, 0xB8,
    0x89, 0x83, 0xA5, 0x36, 0xA7, 0x92, 0x48, 0x48, 0x02, 0x9F, 0x0A, 0x74, 0x94, 0xB6, 0xCC, 0x85,
    0x10, 0xD9, 0xA8, 0x41, 0x93, 0x0C, 0x4B, 0x54, 0x40, 0x69, 0x57, 0x2F, 0x7E, 0x27, 0x67, 0x6C,
    0x1C, 0x79, 0x72, 0xB6, 0xEE, 0x7C, 0x60, 0xDF, 0x63, 0x30, 0x00, 0xC4, 0xA8, 0x1C, 0x00, 0x2D,
    0x28, 0x89, 0xAD, 0xEE, 0x73, 0x21, 0xF2, 0xC4, 0x7B, 0x60, 0x06, 0x0D, 0x38, 0x03, 0x39, 0x5E,
    0x1C, 0x12, 0x4A, 0x9E, 0xCB, 0xF0, 0x03, 0x4D, 0x8B, 0x50, 0xF2, 0xA7, 0xE0, 0x06, 0x50, 0x3F,
    0x54, 0x42, 0xFE, 0x62, 0xB5, 0x26, 0x4F, 0xB9, 0x53, 0x7E, 0x7E, 0xAA, 0xE8, 0x8F, 0x53, 0xD9,
    0xCE, 0xA5, 0xDC, 0x47, 0x1A, 0x09, 0x1A, 0xEF, 0x64, 0x19, 0xE2, 0xD1, 0x9B, 0xC6, 0xFC, 0xD5,
    0xCB, 0x37, 0x61, 0x51, 0x30, 0x3A, 0xCD, 0x5B, 0x2E, 0x89, 0xA7, 0xDB, 0x80, 0x09, 0x06, 0xBE,
    0x69, 0xB4, 0x1C, 0x14, 0xC9, 0x75, 0x26, 0xA2, 0xB1, 0x70, 0x81, 0x65, 0xCA, 0xF3, 0x62, 0xE9,
    0x58, 0x02, 0xBD, 0x20, 0x28, 0xB1, 0x7F, 0x69, 0xB6, 0x85, 0x91, 0x34, 0x31, 0x57, 0x84, 0x3C,
    0x56, 0x40, 0x3B, 0xB1, 0x6E, 0x7C, 0xD3, 0x0A, 0x03, 0x3E, 0x0F, 0xDE, 0x37, 0xB2, 0xB2, 0x17,
    0x18, 0xDF, 0x0A, 0xEB, 0xB6, 0x75, 0xE7, 0xB3, 0xEA, 0xFE, 0x44, 0x8D, 0x53, 0x31, 0xDE, 0xD2,
    0xDA, 0x69, 0x36, 0x76, 0x5A, 0xB0, 0x49, 0x08, 0x7E, 0x17, 0xD0, 0x6A, 0xAD, 0xA0, 0x6A, 0x9C,
    0x7D, 0xE8, 0x84, 0x03, 0x61, 0x68, 0x80, 0x7B, 0xC0, 0x58, 0x0F, 0x24, 0x73, 0xFF, 0x71, 0xDE,
    0xD2, 0xF8, 0xA3, 0x8F, 0xA8, 0x28, 0x46, 0x8B, 0x75, 0xEF, 0x3E, 0x15, 0x2D, 0x42, 0x57, 0xC6,
    0xD9, 0x5B, 0x7F, 0x40, 0x43, 0xB4, 0xF4, 0x11, 0xCA, 0xD9, 0xBE, 0x90, 0x02, 0x1E, 0x2D, 0x68,
    0x8C, 0x40, 0xFC, 0x42, 0x37, 0xF0, 0xB4, 0xDE, 0x2A, 0x27, 0x21, 0xD6, 0xA0, 0xB4, 0xCD, 0xF5,
    0x2E, 0xB1, 0xCC, 0x72, 0xCA, 0x88, 0xB0, 0x2C, 0x46, 0x9A, 0x7A, 0x71, 0x0B, 0x90, 0x0B, 0x65,
    0xB6, 0x99, 0x4E, 0x2D, 0x05, 0x81, 0x7B, 0x49, 0xA3, 0x96, 0xAF, 0x7A, 0x53, 0x35, 0x2A, 0x5C,
    0x1A, 0xAF, 0x67, 0x2D, 0x65, 0x42, 0xCC, 0x08, 0x54, 0x28, 0xEA, 0x35, 0x32, 0x5C, 0xF8, 0x54,
    0x8D, 0x42, 0x5D, 0xF7, 0xA9, 0xEF, 0xCF, 0xB8, 0xF3, 0x63, 0x81, 0x4B, 0xBF, 0x4E, 0xA7, 0x52,
    0xED, 0xF6, 0x9E, 0xDD, 0xF6, 0xA4, 0xF7, 0x44, 0x53, 0xFB, 0xEC, 0x7A, 0xCC, 0xA6, 0x5B, 0x87,
    0xA2, 0x06, 0x6A, 0x51, 0xBE, 0x4D, 0x8B, 0xFB, 0xCE, 0xFA, 0xAA, 0x3E, 0xA9, 0x64, 0xAA, 0xAA,
    0x3B, 0x45, 0x77, 0x6A, 0x5E, 0x29, 0x99, 0x47, 0xB4, 0x96, 0xC7, 0x15, 0xFC, 0x89, 0x25, 0x53,
    0x53, 0x8C, 0x17, 0x96, 0xB4, 0xD4, 0xF7, 0x2C, 0x35, 0xF5, 0x3E, 0xEC, 0x75, 0x60, 0xFF, 0x1C,
    0x9F, 0xBC, 0x65, 0x30, 0x3E, 0xD9, 0x64, 0x8A, 0x91, 0xBB, 0x25, 0xAE, 0xA5, 0xAB, 0xB0, 0x8B,
    0x53, 0xA7, 0x75, 0x24, 0xEF, 0xFC, 0xE5, 0xA8, 0x0E, 0x06, 0x6A, 0x5A, 0x75, 0xEC, 0x53, 0xC0,
    0xF7, 0xB8, 0x8E, 0xFB, 0x10, 0xFB, 0xDD, 0x72, 0x8D, 0x1D, 0x18, 0x48, 0x90, 0xE0, 0x7D, 0xF5,
    0xDE, 0x12, 0xD5, 0xFE, 0x68, 0x69, 0xB2, 0x7F, 0xEF, 0xD8, 0x41, 0x80, 0x8C, 0x9C, 0xBB, 0x75,
    0x93, 0xD7, 0x19, 0xD5, 0xDB, 0x80, 0x3A, 0x09, 0x2B, 0x3D, 0xAB, 0x1E, 0x27, 0x82, 0x7F, 0x14,
    0xDE, 0xA5, 0xEF, 0x6B, 0x1B, 0x82, 0x7D, 0x11, 0xD7, 0xBA, 0x60, 0x21, 0xF7, 0x88, 0x89, 0x16,
    0x57, 0x0F, 0x67, 0x58, 0x17, 0x35, 0x9D, 0xE1, 0x8F, 0xAD, 0x3A, 0xC5, 0xEB, 0x03, 0xE8, 0x0E,
    0xAC, 0xC4, 0xD0, 0x64, 0xAB, 0xC4, 0xAE, 0x70, 0x10, 0x96, 0xF7, 0xD2, 0xFE, 0xD2, 0x35, 0xA3,
    0x5F, 0x64, 0xA1, 0xD3, 0xA3, 0x6B, 0x23, 0x81, 0x5F, 0xC4, 0x3E, 0xC7, 0xDB, 0x3D, 0x3B, 0x00,
    0x32, 0x4F, 0x9B, 0x0C, 0x9E, 0x31, 0x67, 0xDF, 0x38, 0x11, 0x62, 0xB8, 0x94, 0x32, 0x58, 0x4E,
    0x5B, 0xA9, 0xE5, 0xF1, 0x02, 0x8C, 0x3F, 0x15, 0x4C, 0x2F, 0x1C, 0xEB, 0x3C, 0xD9, 0xBF, 0x29,
    0xCE, 0x3D, 0x17, 0x47, 0xD6, 0x79, 0x74, 0x66, 0x4B, 0xEC, 0x4D, 0x6A, 0xA2, 0xCD, 0x3D, 0x8A,
    0x4E, 0x2B, 0xFF, 0x3C, 0xBB, 0x10, 0x63, 0xCB, 0xA8, 0x73, 0xDF, 0x76, 0x9E, 0x64, 0x9B, 0x8B,
    0xCF, 0xCD, 0x1C, 0x64, 0xF7, 0xE0, 0x2E, 0x69, 0xE9, 0x18, 0x1F, 0x30, 0xEC, 0x87, 0xB3, 0x46,
    0x01, 0x82, 0xF2, 0x52, 0x53, 0xC0, 0x0C, 0x42, 0x78, 0xD0, 0x08, 0xBF, 0x87, 0xE5, 0x8B, 0x5D,
    0x34, 0xB3, 0xE5, 0xCE, 0x7B, 0x1A, 0x96, 0xD0, 0xF5, 0x64, 0x0B, 0x6E, 0x53, 0xCB, 0x12, 0xFD,
    0x6B, 0xA5, 0x21, 0x0D, 0x83, 0x14, 0x54, 0x36, 0xD4, 0xF9, 0xAC, 0x6B, 0x81, 0x0B, 0xD5, 0x43,
    0x27, 0xEB, 0xB1, 0x23, 0x3C, 0x73, 0x8C, 0x98, 0x12, 0x16, 0x77, 0xD9, 0x6F, 0x56, 0xBD, 0x44,
    0x9F, 0x48, 0x7E, 0x9C, 0x9E, 0x76, 0x23, 0x4B, 0xE7, 0xBC, 0x95, 0x60, 0xB7, 0x2D, 0x6A, 0xAA,
    0x7F, 0x1E, 0x9D, 0x78, 0xEC, 0x7E, 0xC2, 0xE5, 0x62, 0x62, 0x43, 0xA5, 0x4E, 0xEF, 0xC7, 0xD4,
    0x10, 0x18, 0xCA, 0xE9, 0x4C, 0xC1, 0xB0, 0xFE, 0xE2, 0x93, 0xCD, 0x07, 0x17, 0xF7, 0x66, 0x2A,
    0x06, 0x5A, 0x84, 0xF5, 0x5C, 0xD9, 0x46, 0x55, 0x25, 0x6A, 0xD6, 0x77, 0xE2, 0x37, 0xB4, 0x07,
    0xEB, 0xE6, 0xD9, 0xEF, 0xBE, 0x19, 0x8B, 0xF5, 0x49, 0xED, 0xC0, 0x1E, 0x2C, 0x4B, 0x43, 0x8E,
    0x68, 0x48, 0x4C, 0x27, 0xC2, 0x5A, 0xC1, 0x1C, 0x6B, 0x4E, 0xBF, 0xC5, 0x9A, 0x39, 0xF3, 0xCC,
    0x78, 0xE1, 0x69, 0x9E, 0xC0, 0x78, 0x29, 0xB4, 0xB1, 0x8A, 0xE0, 0x85, 0x55, 0x0F, 0x96, 0x06,
    0xA1, 0x27, 0xBB, 0xDA, 0x42, 0x35, 0x5F, 0x9A, 0xBA, 0xCC, 0x29, 0xBE, 0xDA, 0x36, 0xCD, 0x5E,
    0x7E, 0x8B, 0x1E, 0xAC, 0x29, 0xA7, 0x72, 0x49, 0x95, 0xCB, 0xAA, 0x56, 0x05, 0x83, 0xA5, 0x56,
    0x27, 0xAD, 0x72, 0x50, 0x0D, 0xEC, 0xE8, 0x63, 0x20, 0xE1, 0xAB, 0x55, 0x6F, 0x62, 0xD5, 0x53,
    0x69, 0x01, 0x13, 0x27, 0x98, 0x6D, 0xF9, 0xCF, 0x46, 0x01, 0x38, 0xC6, 0x52, 0xAB, 0x9A, 0x39,
    0x18, 0x82, 0xE0, 0x7D, 0xC1, 0x13, 0x36, 0x0C, 0xD2, 0xC5, 0x59, 0xDA, 0xEE, 0x91, 0x8E, 0x36,
    0x1B, 0x37, 0x56, 0x89, 0x96, 0x2B, 0x19, 0x69, 0xAA, 0xF5, 0x91, 0x19, 0xE3, 0x64, 0xDF, 0xA3,
    0x69, 0x5B, 0xCB, 0xE6, 0xBA, 0x54, 0xE2, 0x9F, 0x75, 0xE9, 0x24, 0xA3, 0xD4, 0x37, 0xB2, 0xE2,
    0x45, 0xED, 0x16, 0xD1, 0x3A, 0x1F, 0xE0, 0x93, 0x2B, 0xD1, 0x88, 0xAA, 0xB5, 0xDA, 0x40, 0xCD,
    0xFD, 0xD3, 0xDE, 0x39, 0x8A, 0xAC, 0x0B, 0x1B, 0x57, 0x28, 0x8D, 0x4B, 0x57, 0x9B, 0xCC, 0xA6,
    0x5A, 0x65, 0xE5, 0xA6, 0xAC, 0x75, 0x15, 0xC4, 0x05, 0x29, 0x40, 0x71, 0x2A, 0xD3, 0x62, 0x69,
    0xFE, 0x07, 0x31, 0xC8, 0x5C, 0xF5, 0xCB, 0x68, 0xFD, 0x5D, 0xD8, 0xA8, 0x15, 0x79, 0x39, 0x6A,
    0xF5, 0x34, 0x1E, 0x77, 0x34, 0xEE, 0x88, 0xC7, 0xE2, 0x92, 0xD6, 0xA8, 0x87, 0xE2, 0x6D, 0x2D,
    0x48, 0xF4, 0x99, 0x2B, 0xF3, 0x76, 0xA7, 0x6E, 0x1E, 0xDB, 0x13, 0x76, 0x2D, 0x2C, 0xB3, 0x84,
    0x4E, 0x55, 0xD7, 0x55, 0xBC, 0x6A, 0xF6, 0x3C, 0xE7, 0xEB, 0xEC, 0x14, 0xD6, 0xD8, 0x6F, 0xBB,
    0xA7, 0xAB, 0xE9, 0xDE, 0xE4, 0x78, 0x47, 0x86, 0xF6, 0x93, 0xF0, 0x79, 0xD2, 0xC8, 0xC8, 0x9E,
    0x1B, 0xAB, 0xDC, 0x7C, 0xD7, 0x0A, 0xFA, 0xD5, 0x63, 0xBB, 0x8D, 0xE1, 0xAF, 0xA0, 0xEA, 0xF0,
    0xFD, 0x77, 0x2D, 0x42, 0x8F, 0x74, 0x30, 0x51, 0x29, 0x89, 0xC1, 0x79, 0x40, 0xDD, 0x06, 0xCC,
    0x5E, 0x18, 0x15, 0x74, 0x22, 0x10, 0x51, 0x2B, 0x69, 0x60, 0xD2, 0x64, 0xD6, 0xCF, 0x9A, 0x0F,
    0xEC, 0xF9, 0xEA, 0xE8, 0xBE, 0x1D, 0xAD, 0x8D, 0x6D, 0x87, 0xEA, 0x78, 0x5D, 0xB5, 0xC2, 0x91,
    0x67, 0x57, 0xDB, 0x28, 0x86, 0xBD, 0x91, 0xBA, 0x52, 0x24, 0x80, 0xFB, 0x4F, 0x2C, 0xD4, 0xA4,
    0xB9, 0xA6, 0x6E, 0x0E, 0xCB, 0xE6, 0xE3, 0xC5, 0xC2, 0x3A, 0x0B, 0xF7, 0xE4, 0xD9, 0x10, 0x53,
    0xB0, 0xF1, 0x15, 0x9D, 0x40, 0x0F, 0x60, 0x75, 0xF2, 0x1E, 0x3D, 0x00, 0x57, 0x66, 0x1C, 0x8F,
    0x8F, 0x25, 0x3E, 0x0E, 0x2F, 0xC5, 0x73, 0xA1, 0x27, 0xA6, 0x92, 0x64, 0xB4, 0x60, 0x57, 0x98,
    0x98, 0x6D, 0xAE, 0x6D, 0x02, 0x13, 0x84, 0xA2, 0x20, 0x0C, 0xC5, 0xA1, 0x40, 0x14, 0x89, 0x42,
    0x21, 0x16, 0x43, 0x30, 0x86, 0x68, 0x0C, 0xE1, 0x18, 0xE2, 0x31, 0x04, 0x64, 0x88, 0xC8, 0x10,
    0x92, 0x21, 0xA6, 0x19, 0x54, 0x54, 0x63, 0x2D, 0xB2, 0x16, 0x42, 0x68, 0x7F, 0xC9, 0x00, 0xF1,
    0x3F, 0x68, 0x19, 0x6A, 0xA8, 0xA5, 0x36, 0x34, 0x9A, 0xFF, 0x77, 0x54, 0x9A, 0xA6, 0xC2, 0xC6,
    0x78, 0x03, 0x3C, 0x46, 0xBB, 0x87, 0x6D, 0xB5, 0x43, 0x1C, 0xE4, 0xBB, 0xE0, 0xA8, 0x9D, 0xDA,
    0x41, 0x1F, 0xB7, 0x14, 0x6F, 0xA8, 0x15, 0x6B, 0x30, 0xDF, 0x7D, 0xB8, 0x40, 0x8B, 0x62, 0xC0,
    0x8F, 0x16, 0x22, 0xCA, 0xE1, 0xBD, 0x51, 0x6C, 0x4F, 0x12, 0x0D, 0x62, 0x9B, 0x0E, 0x63, 0x99,
    0xD9, 0xEB, 0x93, 0x47, 0xA5, 0x09, 0x3B, 0xF4, 0xAE, 0xC4, 0x2D, 0x38, 0x91, 0x36, 0x62, 0x44,
    0xF2, 0xEC, 0x67, 0xB6, 0x0F, 0xF2, 0xEA, 0xC8, 0x2E, 0x12, 0x21, 0x19, 0xE9, 0x19, 0x26, 0x92,
    0x1C, 0xA1, 0x45, 0xA8, 0x72, 0x96, 0xCD, 0x57, 0x1A, 0xD5, 0x49, 0x20, 0xEE, 0x3F, 0x12, 0x13,
    0xDB, 0x16, 0xA2, 0xB8, 0x5F, 0x42, 0x3B, 0x27, 0xBB, 0x77, 0xD6, 0x3A, 0xBD, 0x23, 0x7D, 0x7D,
    0x59, 0x8C, 0x50, 0x17, 0xD9, 0xF7, 0x65, 0x04, 0x5B, 0xFB, 0xF0, 0xDB, 0x30, 0xC1, 0xB0, 0x73,
    0xBB, 0x1A, 0xF8, 0xA1, 0xFB, 0xD9, 0x77, 0xE1, 0xFE, 0xA6, 0x58, 0xD1, 0x3B, 0x68, 0x10, 0x3D,
    0x50, 0xBF, 0x7B, 0x6A, 0x32, 0x33, 0x28, 0x30, 0xA2, 0xF2, 0x8D, 0x0A, 0x24, 0x7B, 0xB4, 0x06,
    0x17, 0x35, 0xEE, 0x3A, 0xE7, 0xE8, 0x29, 0x07, 0x50, 0xB1, 0x4A, 0xAF, 0xF7, 0xE6, 0x6E, 0x38,
    0xF8, 0x63, 0xD4, 0x87, 0x7D, 0xDC, 0xC5, 0x5D, 0x51, 0xA7, 0x47, 0x0B, 0x93, 0x89, 0x8B, 0x29,
    0x5C, 0x53, 0x8D, 0x4C, 0x97, 0xDB, 0x36, 0xCC, 0xED, 0x90, 0x8A, 0x7D, 0x1A, 0x29, 0xD8, 0x58,
    0x5A, 0xEF, 0xCD, 0x95, 0x08, 0x6D, 0xCD, 0x81, 0x1A, 0x97, 0x6F, 0x39, 0xC5, 0xED, 0xDA, 0x1A,
    0x54, 0x4F, 0x4E, 0x79, 0x63, 0x3A, 0x70, 0xE7, 0x0C, 0x73, 0x63, 0x72, 0x83, 0xD9, 0x0D, 0xA6,
    0x37, 0x98, 0xDF, 0x00, 0x00, 0x11, 0x10, 0x82, 0xDA, 0x51, 0x80, 0x30, 0x40, 0x61, 0x00, 0x83,
    0x38, 0x54, 0xC3, 0x58, 0x25, 0x9A, 0xA0, 0x7C, 0x43, 0x2B, 0x3E, 0x53, 0xEF, 0x7C, 0x76, 0x47,
    0xE8, 0xDE, 0x85, 0xD4, 0x48, 0x50, 0x12, 0x6B, 0xA4, 0xFC, 0x3B, 0xA2, 0xDB, 0xEF, 0x03, 0xB4,
    0x47, 0x8A, 0x99, 0x4E, 0xC6, 0x0C, 0x55, 0x3B, 0x74, 0x72, 0x77, 0x12, 0x61, 0x9D, 0x2A, 0x4F,
    0xAF, 0x37, 0xC9, 0x3C, 0x26, 0x42, 0xE1, 0x0F, 0x2C, 0x7D, 0x01, 0x1A, 0xCA, 0xB4, 0xB5, 0xAC,
    0xA7, 0xD5, 0xDD, 0x70, 0xBD, 0x37, 0xA2, 0x28, 0xB6, 0x0B, 0x6D, 0x97, 0x54, 0xCD, 0x19, 0x19,
    0xD8, 0x96, 0x9E, 0x65, 0x52, 0x2C, 0x01, 0xD7, 0xF8, 0x87, 0xF1, 0x70, 0x35, 0x39, 0xEA, 0x32,
    0x5B, 0x67, 0xF4, 0xF8, 0xA7, 0xF3, 0x35, 0xC3, 0xEE, 0x3B, 0x91, 0x44, 0xFF, 0x0E, 0x8C, 0x7A,
    0xE2, 0xA4, 0xEF, 0xE2, 0xCA, 0x8E, 0xE1, 0x12, 0xAC, 0x83, 0xC0, 0x92, 0x19, 0x8C, 0x4C, 0x61,
    0xCE, 0x90, 0x63, 0x25, 0x7D, 0x39, 0x22, 0x0A, 0x08, 0xB6, 0x4C, 0x24, 0x0E, 0xFC, 0xAA, 0x91,
    0xA9, 0x84, 0x04, 0x49, 0x97, 0xAD, 0xEA, 0xBE, 0x4E, 0x07, 0xEB, 0x0D, 0xC9, 0xC0, 0x5E, 0x54,
    0xA1, 0xE5, 0xD5, 0xA0, 0x15, 0xC6, 0x94, 0x83, 0x98, 0xED, 0xD5, 0x64, 0xBF, 0x8B, 0xB9, 0xA2,
    0x5A, 0x88, 0x40, 0x53, 0xB7, 0x04, 0x46, 0x88, 0x82, 0x1E, 0xC0, 0x30, 0xC1, 0x10, 0x1E, 0xB7,
    0x83, 0xDA, 0xB2, 0xC4, 0x26, 0x0A, 0xED, 0xAE, 0x87, 0x61, 0x40, 0xC6, 0x7F, 0x46, 0x57, 0xA6,
    0x74, 0xF1, 0x26, 0xCB, 0x88, 0x0C, 0x11, 0x30, 0x2B, 0xA7, 0xE5, 0xBC, 0x9C, 0x98, 0x33, 0x73,
    0xEA, 0x89, 0xAD, 0x6A, 0x06, 0x6C, 0xEB, 0xF3, 0x81, 0x54, 0xCB, 0xD1, 0xF3, 0xFE, 0xAF, 0x16,
    0x37, 0xB1, 0x95, 0x2E, 0x06, 0x01, 0x06, 0x36, 0x68, 0x35, 0xE1, 0xE3, 0x71, 0xA3, 0xE0, 0x26,
    0x12, 0x84, 0x28, 0xF9, 0x6F, 0x16, 0xA4, 0x1B, 0x21, 0xC0, 0x93, 0x70, 0x86, 0xB5, 0x0D, 0x24,
    0xFB, 0x0B, 0xF9, 0x24, 0x42, 0xE8, 0x93, 0x60, 0x64, 0xD1, 0x12, 0x21, 0xA1, 0xBC, 0xDC, 0x22,
    0x7F, 0xAC, 0x1A, 0x54, 0x47, 0xAA, 0x3A, 0xA3, 0x4C, 0x43, 0x41, 0x8B, 0x9A, 0xE1, 0xE2, 0x3D,
    0xFE, 0xD0, 0x80, 0x73, 0xAF, 0xF4, 0xF8, 0x33, 0xB4, 0xD0, 0x17, 0x4E, 0xB8, 0xB0, 0x8A, 0x82,
    0xD7, 0x7A, 0x73, 0x8A, 0xEA, 0xF1, 0x6C, 0xEB, 0x04, 0xBB, 0xED, 0x6D, 0x85, 0x86, 0xBA, 0x07,
    0xBF, 0x18, 0xCD, 0xC5, 0xEC, 0xDE, 0xFD, 0xD1, 0x6C, 0x16, 0x3F, 0x85, 0xEA, 0xD9, 0xAF, 0x63,
    0x7A, 0x7B, 0x51, 0x8C, 0xA6, 0xBF, 0x84, 0x5E, 0x88, 0x4D, 0x14, 0x2E, 0x86, 0x44, 0x1E, 0x5B,
    0xDF, 0x5E, 0x12, 0xE4, 0x81, 0x84, 0xD5, 0xE9, 0x18, 0xD9, 0x43, 0x41, 0x0E, 0xCB, 0x99, 0xB5,
    0x89, 0x5C, 0x4D, 0x6B, 0x54, 0x12, 0x4E, 0x99, 0x53, 0x37, 0x8E, 0xB5, 0x56, 0x72, 0x71, 0x18,
    0x6F, 0x68, 0x7B, 0x2C, 0x3B, 0xFC, 0xD3, 0x7C, 0xB2, 0x2F, 0x5A, 0xD7, 0xCC, 0x5D, 0x9E, 0xE0,
    0x03, 0x7F, 0xF2, 0x3F, 0x4B, 0x75, 0x78, 0x12, 0x1A, 0xDB, 0x32, 0x04, 0xBB, 0xC0, 0xAD, 0x3A,
    0x45, 0x9B, 0x72, 0x36, 0xA0, 0xFE, 0x83, 0x9E, 0xE6, 0x4A, 0x2C, 0xAE, 0xFA, 0xA9, 0xAA, 0x95,
    0x50, 0xB0, 0x6A, 0xC4, 0xC4, 0x67, 0x00, 0x9B, 0x3E, 0x60, 0xF9, 0x1E, 0xF3, 0x7E, 0xED, 0x64,
    0x1F, 0x08, 0x7F, 0xA2, 0xC0, 0x12, 0x05, 0x43, 0xB1, 0x62, 0x4A, 0xCC, 0x09, 0x95, 0x58, 0x3C,
    0xF3, 0x78, 0xB1, 0x3C, 0x6D, 0xA6, 0x58, 0x6B, 0x96, 0xC9, 0xE8, 0x7D, 0x58, 0x7E, 0x84, 0x85,
    0x7B, 0x80, 0xD0, 0xE1, 0xC0, 0x2E, 0xDB, 0xC7, 0xC9, 0x92, 0xE7, 0x30, 0xFC, 0x2D, 0x08, 0x4B,
    0xCB, 0x9E, 0x6A, 0x95, 0xEE, 0xA0, 0xDC, 0x98, 0x8A, 0xCC, 0x8F, 0x6F, 0xF2, 0x6B, 0xE6, 0x50,
    0x46, 0xBE, 0x64, 0xB5, 0x4E, 0x28, 0x49, 0xDA, 0xD2, 0xA0, 0xC5, 0x59, 0x02, 0x07, 0xFF, 0xC6,
    0x5A, 0xD2, 0xF8, 0x78, 0x26, 0x3F, 0x33, 0xB1, 0x9E, 0x85, 0x2E, 0x6D, 0xB5, 0x61, 0xF4, 0x7E,
    0x6D, 0xEE, 0xA2, 0x96, 0xF4, 0x8D, 0x3F, 0x7C, 0x40, 0x13, 0xFE, 0xA4, 0x64, 0x5F, 0x34, 0xCE,
    0x49, 0xF2, 0x31, 0x4F, 0x1F, 0xCB, 0xA7, 0x0B, 0xFC, 0x71, 0x4D, 0x6A, 0xFF, 0x41, 0x2E, 0x5C,
    0x86, 0xA5, 0x16, 0x25, 0x4A, 0x7B, 0x71, 0x32, 0x45, 0x27, 0x31, 0x84, 0x7D, 0xCB, 0x0A, 0x58,
    0x89, 0x6A, 0x02, 0x7B, 0x50, 0x0D, 0xA1, 0x5D, 0x66, 0x02, 0xB6, 0x07, 0x62, 0x31, 0x0A, 0x91,
    0x7D, 0x41, 0x42, 0x20, 0x51, 0x29, 0xD1, 0x2B, 0x61, 0x41, 0xB6, 0x14, 0xEF, 0x7F, 0x0D, 0x3F,
    0x8F, 0xFA, 0xC2, 0xA9, 0x9B, 0xC7, 0xDD, 0x74, 0x35, 0xFB, 0x6A, 0x6E, 0x8F, 0x33, 0xFF, 0xA6,
    0x9F, 0xD6, 0x0C, 0x6B, 0xDB, 0xB9, 0x2E, 0x86, 0x6A, 0x69, 0xEB, 0xF7, 0x12, 0x53, 0x87, 0xA3,
    0x18, 0x43, 0xF1, 0x76, 0x92, 0x45, 0x0F, 0xDB, 0x62, 0x4D, 0xBA, 0x9B, 0x92, 0x59, 0xB5, 0xF8,
    0x69, 0x48, 0x13, 0xD8, 0x50, 0xE2, 0xAF, 0x45, 0x5C, 0x95, 0xD1, 0xB8, 0x23, 0x93, 0xF7, 0x3F,
    0xB2, 0x61, 0xFA, 0xCB, 0x9F, 0x2F, 0xB6, 0xB2, 0xA3, 0x9F, 0x2C, 0x86, 0x4C, 0xE2, 0xAF, 0x36,
    0x93, 0xB0, 0x28, 0x4F, 0xBB, 0xA0, 0x37, 0xA7, 0x8E, 0x35, 0x99, 0xDC, 0x36, 0xFA, 0x73, 0x37,
    0xB5, 0xA5, 0xCC, 0xE1, 0x09, 0x86, 0x79, 0x4D, 0x3A, 0x63, 0xD9, 0x7C, 0xBC, 0x58, 0x58, 0x43,
    0x67, 0x4E, 0xC9, 0x94, 0x93, 0x79, 0xDC, 0x12, 0x59, 0x44, 0x87, 0xF8, 0x17, 0xC1, 0xE9, 0x67,
    0x81, 0x63, 0xC3, 0x3C, 0x56, 0x18, 0x51, 0xC3, 0xDF, 0x81, 0x75, 0x08, 0x04, 0x74, 0x8B, 0x95,
    0xAE, 0x4A, 0xCC, 0x35, 0x64, 0xEA, 0xAC, 0xF9, 0xE3, 0xE3, 0x1B, 0x3D, 0x00, 0x61, 0x88, 0xC2,
    0x10, 0x86, 0x21, 0x0E, 0x43, 0x20, 0x86, 0x48, 0xF8, 0xC3, 0x1D, 0xA4, 0xFB, 0xDC, 0xD8, 0x03,
    0x18, 0x43, 0x34, 0x0A, 0xC7, 0x10, 0x8F, 0x21, 0x20, 0x43, 0x44, 0x86, 0x90, 0x0C, 0x31, 0x9D,
    0x58, 0xA7, 0xA9, 0xF5, 0x2D, 0xEE, 0x56, 0xBD, 0x23, 0xEE, 0xE7, 0x1A, 0x6B, 0x05, 0xC9, 0x6E,
    0x55, 0x94, 0xA4, 0xDE, 0x7B, 0x25, 0xBA, 0xB4, 0x12, 0x76, 0x87, 0x17, 0x23, 0x56, 0x57, 0x04,
    0x77, 0x34, 0xC1, 0xDB, 0x4B, 0x79, 0x1F, 0x7C, 0x0B, 0x45, 0xEC, 0xC0, 0x47, 0xD8, 0xED, 0xF1,
    0x28, 0x78, 0x59, 0xBE, 0xB1, 0xFA, 0x2B, 0xAE, 0x17, 0x81, 0xC0, 0xBE, 0x46, 0x65, 0xF9, 0x3A,
    0x8F, 0x57, 0xD7, 0xF6, 0x8B, 0xB9, 0xF7, 0xE1, 0xCA, 0x5F, 0x66, 0x72, 0x0B, 0x6C, 0x82, 0x9F,
    0x8A, 0x40, 0x88, 0x99, 0x37, 0x28, 0xEF, 0x59, 0x09, 0x39, 0x2B, 0x90, 0x5B, 0xF0, 0xE7, 0x82,
    0x5A, 0x17, 0x17, 0x64, 0xB3, 0x7B, 0xD1, 0x1F, 0x47, 0x9D, 0x5B, 0x68, 0xC9, 0xE0, 0x58, 0xC3,
    0x96, 0xEB, 0xA8, 0x4C, 0xBB, 0xF5, 0x1C, 0xFF, 0x58, 0x05, 0x6A, 0xEA, 0x90, 0xB2, 0x39, 0x25,
    0xC4, 0x52, 0xA3, 0x83, 0x65, 0x84, 0x25, 0x0C, 0x16, 0xF4, 0xA0, 0xE1, 0xB8, 0x64, 0x1D, 0xEC,
    0x51, 0x8B, 0x38, 0x27, 0x3E, 0x2A, 0xD1, 0x8F, 0x92, 0x58, 0x96, 0x68, 0x32, 0xFE, 0xC2, 0x46,
    0xFC, 0x1F, 0xEB, 0xDE, 0x45, 0x4B, 0x3B, 0x5E, 0xD5, 0xDC, 0xB0, 0xB4, 0x25, 0x7C, 0xA8, 0x24,
    0x44, 0x59, 0xAB, 0x25, 0x0C, 0xEE, 0x88, 0xDC, 0x1B, 0xB5, 0x6C, 0xD4, 0xB0, 0x66, 0xC1, 0x6A,
    0x4B, 0x3C, 0x75, 0x79, 0x1E, 0x03, 0xDB, 0xAE, 0xEF, 0x01, 0x56, 0x6B, 0x0D, 0x60, 0xCE, 0xEA,
    0x08, 0x04, 0x52, 0xB7, 0x3B, 0xDB, 0x26, 0xD8, 0x53, 0xB9, 0x78, 0x89, 0x71, 0xD5, 0x75, 0x1E,
    0x51, 0xBA, 0x12, 0x6A, 0x30, 0xE7, 0xCA, 0xA8, 0x3E, 0x21, 0x6B, 0xFB, 0x6B, 0xE5, 0x5D, 0x3F,
    0xAC, 0xDD, 0xD6, 0x79, 0x3F, 0x24, 0x9F, 0xC5, 0xC4, 0x4C, 0xCC, 0x37, 0xA8, 0x40, 0x6C, 0x27,
    0x66, 0x86, 0x0C, 0x41, 0x21, 0x8B, 0x19, 0x32, 0x68, 0x78, 0x12, 0x89, 0x18, 0x68, 0x07, 0x0F,
    0x76, 0x8B, 0x28, 0x68, 0x93, 0xA1, 0x1D, 0x5A, 0xA0, 0x75, 0x1B, 0x38, 0x83, 0x07, 0x0F, 0xB2,
    0xC8, 0x38, 0x40, 0x3B, 0x78, 0x88, 0x96, 0x74, 0x2B, 0xA0, 0xC1, 0x01, 0xEC, 0x17, 0xA0, 0xF2,
    0x60, 0x14, 0x6A, 0x2A, 0x8B, 0xB4, 0x35, 0x78, 0xF0, 0xE0, 0xDB, 0x06, 0x9D, 0x82, 0x22, 0x74,
    0x9D, 0x20, 0x48, 0x0C, 0x54, 0xB4, 0x73, 0x13, 0x5F, 0x5B, 0xBC, 0x3C, 0xFD, 0x7E, 0xBF, 0xEF,
    0x1C, 0x5E, 0xDE, 0x27, 0xC9, 0x49, 0x5A, 0x4B, 0xF5, 0x53, 0x04, 0xDC, 0x7B, 0xE8, 0x77, 0xEF,
    0xE5, 0x39, 0xE7, 0xF7, 0x7D, 0xE7, 0xFB, 0xFF, 0xD1, 0xC6, 0xC8, 0xBF, 0xD8, 0xDA, 0x1E, 0xA3,
    0x49, 0x67, 0x17, 0x9D, 0xB9, 0xC9, 0xBF, 0xB8, 0xD5, 0x31, 0x6C, 0xDC, 0x45, 0x62, 0xDD, 0x45,
    0x6A, 0x6B, 0xBD, 0x28, 0x6C, 0xA9, 0x17, 0xEF, 0x5A, 0x1D, 0xA3, 0xD7, 0xDC, 0x45, 0xF2, 0x88,
    0xBB, 0x78, 0x20, 0x1D, 0xF5, 0xE2, 0x4C, 0xBA, 0xD6, 0x8B, 0x3E, 0x1B, 0xF4, 0xBB, 0x6D, 0xAE,
    0x17, 0x69, 0x59, 0xE8, 0xC5, 0x29, 0x53, 0xAC, 0x78, 0xD1, 0x58, 0xBB, 0xE4, 0xD4, 0xD6, 0x2D,
    0x34, 0x5E, 0x18, 0xBD, 0xC8, 0x4A, 0x77, 0x71, 0xCA, 0x18, 0x5D, 0xFA, 0x60, 0x02, 0xBB, 0xC0,
    0xED, 0x7A, 0xF9, 0x3A, 0x16, 0x98, 0x76, 0x26, 0xE2, 0x45, 0xB5, 0x90, 0x25, 0xCB, 0x47, 0xF7,
    0xDB, 0x95, 0xA9, 0xE4, 0x85, 0xDB, 0x46, 0x72, 0xC7, 0xAD, 0x5D, 0xE6, 0xFC, 0xEF, 0x86, 0xEF,
    0xD6, 0xAE, 0xAF, 0x43, 0xE1, 0x3C, 0x66, 0x7F, 0x07, 0xEB, 0xCB, 0xF8, 0xE9, 0x65, 0x2B, 0xD7,
    0x61, 0x9F, 0xCB, 0xED, 0x92, 0x3A, 0x93, 0x55, 0x3E, 0x60, 0x0A, 0x59, 0xD0, 0x9E, 0xA9, 0x64,
    0x35, 0x4B, 0x23, 0x13, 0x47, 0x3D, 0xA6, 0x4F, 0xBA, 0x54, 0xC0, 0xC9, 0x16, 0x85, 0x0D, 0x4D,
    0xB1, 0x78, 0xD7, 0x3E, 0x60, 0x9A, 0x6B, 0xAF, 0xC9, 0x6F, 0xAD, 0x4D, 0x65, 0x03, 0x76, 0x48,
    0xE5, 0x3B, 0x4D, 0x07, 0x4C, 0xEE, 0x35, 0xC1, 0xB9, 0xCD, 0x7C, 0xBB, 0x0E, 0x1B, 0xA3, 0x04,
    0x8A, 0xFA, 0x58, 0x2F, 0x04, 0x8A, 0x85, 0x7E, 0xC3, 0x4E, 0xE8, 0x4F, 0xAB, 0x2D, 0x7F, 0xA7,
    0x48, 0x76, 0xC4, 0x7C, 0x5C, 0x7E, 0x22, 0xC0, 0xCB, 0x32, 0x5E, 0xC2, 0xD6, 0x56, 0x78, 0x93,
    0x29, 0x22, 0xBF, 0x49, 0xA5, 0x1B, 0xC9, 0x46, 0xAA, 0x81, 0x68, 0xA4, 0x19, 0x49, 0x46, 0x8A,
    0x91, 0x60, 0xA0, 0x17, 0xC9, 0x45, 0x6A, 0x91, 0x58, 0xA4, 0x15, 0x49, 0x45, 0x4A, 0x91, 0x50,
    0xA4, 0xD3, 0x36, 0x99, 0xE6, 0x70, 0x7B, 0xB4, 0x3D, 0xD8, 0x1E, 0x6B, 0x0F, 0xB5, 0x43, 0xDA,
    0x03, 0xED, 0x71, 0xF6, 0x30, 0x7B, 0x94, 0x1D, 0xC8, 0x1E, 0x63, 0x0F, 0xB1, 0x47, 0xD8, 0x01,
    0xEC, 0xF1, 0xF5, 0xF0, 0x7A, 0x74, 0x3D, 0xB8, 0x0E, 0x5B, 0x0F, 0xAD, 0x47, 0xD6, 0x01, 0xEB,
    0x71, 0xDD, 0x82, 0x35, 0x73, 0xDB, 0xB9, 0xE4, 0x18, 0x62, 0xE9, 0x58, 0xA6, 0x77, 0x27, 0xC4,
    0xF1, 0x5D, 0xE1, 0x58, 0xA9, 0x79, 0x59, 0x2F, 0x9A, 0xB7, 0x6A, 0x47, 0x79, 0xF7, 0xF9, 0xE0,
    0xF8, 0x68, 0x71, 0xCB, 0x28, 0x10, 0x62, 0x49, 0x09, 0xA6, 0x2F, 0x00, 0x2D, 0x26, 0x0E, 0x01,
    0x5E, 0x84, 0xA9, 0x93, 0xE1, 0xD3, 0xF2, 0x36, 0x5E, 0x04, 0x21, 0xC8, 0x0C, 0xF8, 0xDE, 0x4B,
    0x6E, 0x6F, 0x8F, 0x2A, 0xA5, 0x14, 0xF1, 0x58, 0x01, 0x4F, 0x97, 0xF3, 0x7D, 0x9D, 0x75, 0xAC,
    0x3E, 0x3F, 0x51, 0x8F, 0x93, 0x82, 0x99, 0xBD, 0x20, 0xD0, 0x06, 0xB6, 0x03, 0xA2, 0x89, 0x4C,
    0x2A, 0x7F, 0xC5, 0x66, 0x0B, 0x43, 0xE8, 0x4F, 0x09, 0xD2, 0x1D, 0x24, 0x40, 0x8C, 0x19, 0xF7,
    0x0C, 0xCE, 0xBD, 0x39, 0x2A, 0x82, 0x45, 0xEF, 0x3E, 0xCE, 0xC1, 0x69, 0xDC, 0xA0, 0x67, 0x46,
    0x4F, 0xCC, 0x34, 0xE8, 0xD4, 0x8D, 0x0E, 0x95, 0x0C, 0x61, 0x4B, 0xD9, 0x12, 0xD7, 0x26, 0x5F,
    0x92, 0x4C, 0xA9, 0xFC, 0xBC, 0x92, 0xAD, 0x8D, 0xBA, 0x13, 0x5B, 0x93, 0x65, 0x72, 0x3B, 0xE2,
    0x7E, 0xC1, 0x7E, 0xB9, 0x3B, 0xB1, 0xE6, 0x19, 0x85, 0x27, 0x18, 0x15, 0x1C, 0x08, 0x91, 0x14,
    0xEC, 0x20, 0x7F, 0x7E, 0xD0, 0x49, 0x99, 0x1D, 0xC3, 0x15, 0xE7, 0x17, 0x7A, 0x33, 0xC6, 0x7D,
    0x34, 0x84, 0x8B, 0xA4, 0x57, 0xAA, 0xE7, 0xB2, 0x9D, 0x62, 0xA1, 0xC8, 0x34, 0x7C, 0x45, 0x90,
    0x55, 0xA6, 0x19, 0x47, 0x61, 0xEA, 0x41, 0x26, 0xEC, 0x05, 0x07, 0xA1, 0xFE, 0x73, 0xEE, 0x40,
    0x96, 0x73, 0x46, 0xD1, 0x7D, 0x24, 0x96, 0x5B, 0x2D, 0xDE, 0x20, 0x0C, 0xEF, 0x4D, 0x4C, 0x76,
    0x78, 0x61, 0xD5, 0x53, 0x45, 0x80, 0x0A, 0xF9, 0xDD, 0xE5, 0x95, 0x09, 0x97, 0x97, 0x44, 0x06,
    0xC8, 0xD2, 0xCC, 0x31, 0x41, 0x73, 0xE7, 0xC3, 0x84, 0x34, 0xA9, 0xA7, 0xE5, 0x4E, 0x7B, 0x08,
    0xDC, 0x56, 0x9C, 0xCA, 0xAE, 0xCA, 0xC3, 0x0E, 0x69, 0x20, 0xD3, 0x67, 0x00, 0xA5, 0xD7, 0xBB,
    0x00, 0xA0, 0x7C, 0xB6, 0xAB, 0x0F, 0x0D, 0xCE, 0x07, 0x4C, 0x08, 0xCC, 0xB2, 0x45, 0xB3, 0xA0,
    0x19, 0x34, 0xAA, 0xA6, 0x72, 0xBB, 0xD1, 0xF3, 0x7F, 0xD2, 0x1C, 0x76, 0x38, 0xDB, 0xA0, 0x36,
    0x41, 0x0F, 0xCE, 0x59, 0x16, 0xD0, 0x04, 0x83, 0xBF, 0x69, 0x35, 0x49, 0xCC, 0x93, 0x73, 0x6C,
    0x75, 0xDD, 0x40, 0x17, 0xF0, 0x1A, 0xE0, 0x6B, 0x00, 0xB0, 0x4A, 0x7E, 0x40, 0x4C, 0x8C, 0x55,
    0x40, 0x36, 0xFA, 0x16, 0x19, 0xE2, 0x4C, 0xA0, 0x89, 0x34, 0xA1, 0x56, 0xAC, 0x3D, 0xEF, 0x46,
    0xB5, 0xF9, 0x5B, 0x8E, 0xAB, 0xCC, 0x6D, 0xD7, 0x99, 0x2E, 0x95, 0xB3, 0x2B, 0xB2, 0xE5, 0x16,
    0x93, 0xEB, 0xBF, 0x60, 0x7F, 0x7F, 0xFF, 0x9C, 0x53, 0x70, 0x44, 0x3F, 0xB7, 0x25, 0xD9, 0x5F,
    0xD4, 0x64, 0x4A, 0xFB, 0x6B, 0x2D, 0x32, 0x5D, 0x11, 0xA5, 0xA2, 0x97, 0x91, 0x2A, 0xAE, 0x5A,
    0x81, 0x44, 0xBA, 0x55, 0xBB, 0x79, 0xF1, 0x6F, 0x16, 0x6A, 0x70, 0xC1, 0x93, 0x03, 0x7D, 0xA0,
    0x63, 0x4D, 0xBA, 0x25, 0x32, 0x49, 0x24, 0x9F, 0xA5, 0x56, 0x75, 0x05, 0x46, 0x6C, 0x23, 0x1F,
    0x0D, 0xAF, 0x41, 0xB8, 0x7C, 0xAD, 0xA3, 0x4C, 0xC1, 0x17, 0x6F, 0xB9, 0x14, 0xDC, 0x4A, 0xB9,
    0xD5, 0xCA, 0x40, 0x51, 0xDF, 0x6F, 0xC7, 0x3F, 0xC0, 0xF6, 0xB0, 0xEA, 0xF7, 0x74, 0x23, 0x5F,
    0x9E, 0xF6, 0xF4, 0xA7, 0xE6, 0x09, 0xE5, 0xA6, 0x90, 0x74, 0xB2, 0xEB, 0x64, 0xA9, 0x3C, 0xA1,
    0xBA, 0x35, 0x1D, 0x52, 0x02, 0x93, 0x2F, 0x33, 0xF2, 0x60, 0xD1, 0xE7, 0xCA, 0x33, 0xFD, 0x9E,
    0xE2, 0xB5, 0x78, 0xD1, 0x71, 0x28, 0x80, 0x0A, 0x1C, 0xA7, 0x56, 0x6F, 0x13, 0x9E, 0xD0, 0xE9,
    0xEF, 0x64, 0x48, 0x39, 0xE6, 0xBD, 0xDA, 0x11, 0x55, 0x4B, 0xB4, 0x84, 0x57, 0x39, 0x0A, 0x64,
    0xE0, 0x21, 0x13, 0x0F, 0x64, 0x29, 0x40, 0xA9, 0x76, 0xC3, 0x32, 0x24, 0x55, 0xF2, 0x3E, 0xB6,
    0x2F, 0x03, 0xCD, 0xFE, 0x33, 0xF6, 0x19, 0x8C, 0xBF, 0xFC, 0x67, 0xDE, 0xB7, 0xB0, 0x3F, 0xA0,
    0x04, 0x2F, 0xEC, 0x43, 0x94, 0x37, 0xD9, 0x10, 0xE9, 0xB4, 0xE7, 0xCC, 0x5F, 0xDC, 0x52, 0x7A,
    0x55, 0xC2, 0x2D, 0xA0, 0x93, 0x75, 0xE3, 0x05, 0xFB, 0xF3, 0xDB, 0x46, 0xAF, 0xBF, 0xD2, 0xC3,
    0x3F, 0xA8, 0xB4, 0xD5, 0x23, 0xEB, 0xEC, 0x5B, 0xA5, 0xD8, 0xEF, 0x3D, 0xFE, 0xCB, 0x52, 0x6D,
    0xB1, 0x7A, 0xF2, 0x1A, 0xDC, 0xF9, 0xC2, 0xA9, 0xD4, 0x81, 0x60, 0x3C, 0x6D, 0x79, 0x8F, 0x5F,
    0x80, 0xE5, 0x93, 0xB1, 0x01, 0x69, 0xB2, 0x9E, 0x96, 0x9D, 0x10, 0x68, 0xA5, 0x67, 0x78, 0xA9,
    0xE4, 0xE9, 0x69, 0x91, 0x14, 0x9D, 0x12, 0x47, 0xD6, 0x96, 0xAD, 0x08, 0x54, 0xBE, 0x8C, 0xED,
    0xD3, 0xA0, 0xCC, 0x83, 0xF6, 0x11, 0x10, 0xE6, 0x57, 0xF6, 0x25, 0xA5, 0xCB, 0x4A, 0xC9, 0xB2,
    0x50, 0xAA, 0x28, 0x51, 0x9E, 0x75, 0x47, 0xCB, 0x92, 0x49, 0x8A, 0x69, 0xA8, 0x0F, 0x3A, 0x34,
    0x8F, 0x7D, 0xE7, 0x2B, 0xFB, 0x3D, 0xD7, 0x0E, 0xF1, 0x93, 0xDA, 0x45, 0xA4, 0xE7, 0x37, 0xE8,
    0x15, 0xC7, 0x4E, 0x07, 0xDC, 0x7C, 0xA4, 0x1D, 0xE4, 0x4C, 0xFE, 0x62, 0x82, 0xE3, 0x04, 0xB6,
    0xBE, 0x34, 0x2F, 0x60, 0x13, 0xEF, 0x7D, 0xA5, 0xE7, 0x01, 0x07, 0xD2, 0xA1, 0xFD, 0xC9, 0xD7,
    0x5A, 0x12, 0x27, 0x72, 0x43, 0x0D, 0x19, 0x53, 0x87, 0xA5, 0xDE, 0xD2, 0x4C, 0x03, 0xEE, 0xFC,
    0x49, 0x25, 0xD7, 0x9E, 0xDE, 0xF9, 0x12, 0x45, 0x64, 0x08, 0x5A, 0xD9, 0xEF, 0x3C, 0xDE, 0x63,
    0xE5, 0x93, 0xC3, 0xA3, 0x9E, 0x6B, 0xA7, 0xCE, 0x6A, 0x6E, 0xBD, 0x4B, 0xB3, 0x91, 0x63, 0x14,
    0xC3, 0xF9, 0x33, 0x50, 0xCA, 0xB1, 0x68, 0xE5, 0x41, 0x4E, 0x59, 0xBC, 0x14, 0x82, 0xA5, 0xBD,
    0x50, 0x26, 0xBF, 0x06, 0xA6, 0x18, 0x4B, 0xDA, 0xC0, 0x4E, 0x8E, 0xC9, 0x2D, 0xC4, 0x6C, 0xEE,
    0x62, 0x79, 0x5B, 0xE5, 0xC0, 0x02, 0x42, 0xDD, 0x12, 0x00, 0xF9, 0x38, 0x78, 0xCE, 0xCC, 0x1D,
    0xAB, 0x14, 0xDE, 0x18, 0xCC, 0x27, 0x1E, 0xD2, 0x44, 0x99, 0x3D, 0x52, 0x1D, 0xE2, 0x45, 0xF8,
    0xE1, 0x45, 0xD6, 0xD4, 0xA2, 0x35, 0xC2, 0x45, 0x04, 0xBF, 0x35, 0xAB, 0xE5, 0xDE, 0x96, 0x82,
    0x6A, 0xA3, 0x8F, 0x6E, 0x31, 0xC6, 0xCE, 0x5B, 0x28, 0x9C, 0x69, 0xB3, 0xBA, 0x81, 0x62, 0x2C,
    0xEA, 0xC3, 0x8E, 0x31, 0x16, 0x02, 0xCD, 0x0A, 0x7D, 0x08, 0x69, 0x9C, 0x3B, 0x73, 0x7C, 0x06,
    0x30, 0xF0, 0x05, 0xBC, 0x82, 0x2E, 0xC0, 0x05, 0xB6, 0x80, 0x16, 0xC8, 0x02, 0x58, 0xE0, 0x0A,
    0x58, 0x81, 0x2A, 0x40, 0x05, 0xA6, 0x80, 0x14, 0x88, 0x02, 0x50, 0xC5, 0xF3, 0xD0, 0xA1, 0x73,
    0x51, 0x0D, 0x06, 0x35, 0x68, 0x55, 0x09, 0xC2, 0xCE, 0x31, 0xCE, 0xB9, 0x9B, 0x3C, 0xB6, 0x68,
    0x7D, 0x0F, 0x07, 0x7B, 0x49, 0x87, 0xA5, 0x4A, 0xE8, 0xC5, 0xCC, 0x73, 0xFB, 0x10, 0x30, 0x6C,
    0xD4, 0x09, 0xA6, 0x95, 0xDF, 0xA9, 0xDD, 0x53, 0xB5, 0x25, 0x1D, 0x5E, 0x2B, 0xCE, 0x2E, 0x1C,
    0x5D, 0x68, 0x83, 0x44, 0xE3, 0x00, 0xF7, 0x98, 0xE0, 0x05, 0xC6, 0x2E, 0x10, 0xF9, 0xC1, 0xC1,
    0x29, 0xB9, 0x26, 0x17, 0x0E, 0xD1, 0xA5, 0x1D, 0x3F, 0xEC, 0x82, 0xD7, 0xFC, 0xB9, 0x91, 0xDD,
    0x5E, 0xC4, 0x7D, 0xCF, 0xA4, 0x72, 0xD7, 0x53, 0x67, 0xFD, 0x8A, 0xF2, 0xDE, 0x93, 0x2C, 0xF5,
    0x32, 0xE2, 0x96, 0x0A, 0x8A, 0x50, 0xA5, 0x40, 0xD6, 0xCF, 0x0C, 0xE9, 0x48, 0x03, 0x76, 0xF9,
    0x12, 0x94, 0x33, 0x97, 0xB7, 0x0C, 0xCA, 0xFB, 0x6D, 0x47, 0x96, 0xD8, 0xA7, 0x91, 0xBA, 0x84,
    0x84, 0x09, 0x60, 0x36, 0xF4, 0xB4, 0xE4, 0xE5, 0xF4, 0x01, 0xDE, 0xA4, 0xA5, 0x98, 0x4B, 0x6A,
    0x5A, 0x1F, 0x89, 0x06, 0x0D, 0x02, 0x60, 0x37, 0x03, 0xCD, 0x63, 0xA7, 0x51, 0x03, 0xF9, 0xD9,
    0x91, 0x2F, 0x07, 0x8F, 0x0A, 0x06, 0x88, 0xA2, 0x16, 0x8C, 0x51, 0x95, 0x18, 0xC4, 0x24, 0xC7,
    0x90, 0xAB, 0x9D, 0x21, 0xD3, 0xC1, 0x0A, 0x12, 0xAD, 0x0E, 0xB3, 0x4C, 0x76, 0x0B, 0x45, 0x4D,
    0x6F, 0xA2, 0xA6, 0x1F, 0x57, 0x2D, 0x39, 0x89, 0xA8, 0x93, 0x1F, 0xE3, 0xAE, 0xF7, 0x39, 0xFD,
    0x6D, 0x3E, 0xBF, 0x09, 0xC5, 0x30, 0xB4, 0x61, 0x62, 0x9E, 0x80, 0x8C, 0x3B, 0x3C, 0x45, 0x2F,
    0x7A, 0x99, 0x0A, 0x7E, 0xE1, 0x22, 0xA6, 0xA7, 0x14, 0xE0, 0xED, 0xA8, 0x7A, 0xDC, 0x0B, 0xB1,
    0xCC, 0x8A, 0x37, 0xB1, 0x5F, 0xFB, 0xB4, 0x85, 0xD5, 0x15, 0x62, 0x8B, 0x6B, 0x04, 0x00, 0xD2,
    0x81, 0xEF, 0xCB, 0x04, 0x01, 0x99, 0x1E, 0x91, 0x0F, 0xB1, 0x46, 0xE8, 0x4C, 0xC1, 0x78, 0x89,
    0x69, 0x52, 0x3A, 0x8B, 0xE7, 0xFB, 0xB8, 0xAF, 0x46, 0x1D, 0xD5, 0x7E, 0x57, 0x87, 0x26, 0xA3,
    0x19, 0x18, 0x13, 0xF1, 0x04, 0x76, 0x45, 0x30, 0x66, 0xB2, 0x91, 0x4C, 0x9C, 0xA3, 0x1E, 0x16,
    0x90, 0xF8, 0xC4, 0xF2, 0x47, 0x81, 0x17, 0x20, 0xB7, 0x88, 0xED, 0x14, 0x80, 0xEE, 0x7B, 0xB8,
    0xC5, 0x85, 0xB1, 0xDC, 0xD6, 0xA8, 0xE1, 0x62, 0x4B, 0xA3, 0xD6, 0x33, 0x8D, 0xDA, 0xCC, 0x34,
    0xEA, 0x21, 0x25, 0x22, 0xCF, 0x8C, 0xE9, 0x03, 0x00, 0xB6, 0x64, 0xB8, 0x4A, 0xB7, 0xA8, 0xE6,
    0xA2, 0x33, 0x28, 0xCD, 0xA1, 0x22, 0x9C, 0x57, 0xD3, 0xCB, 0x2D, 0x37, 0x76, 0x75, 0x33, 0x35,
    0x7D, 0x58, 0x4F, 0xDF, 0xA3, 0xEA, 0xB7, 0xAA, 0x73, 0x36, 0x7B, 0xE7, 0x5F, 0xE2, 0xEB, 0x52,
    0x25, 0x87, 0x85, 0x7C, 0x87, 0x94, 0x1A, 0xCA, 0x6B, 0xEA, 0xA4, 0xA9, 0xD5, 0xEF, 0x06, 0xE3,
    0x22, 0xEE, 0xB9, 0xB2, 0x9C, 0x7A, 0xCD, 0x2E, 0xD6, 0x9B, 0x28, 0x37, 0x6E, 0xE2, 0x48, 0x41,
    0x39, 0x45, 0x79, 0x83, 0x95, 0xCB, 0x4C, 0x18, 0x6F, 0x7F, 0xE5, 0xED, 0xE6, 0x48, 0xE6, 0x33,
    0x5A, 0x87, 0xE7, 0x0E, 0x97, 0x5C, 0x0D, 0xFD, 0x45, 0xEE, 0x99, 0xD4, 0x7B, 0x26, 0xB1, 0xF3,
    0x63, 0x4D, 0xFE, 0x86, 0x0B, 0xD4, 0xAF, 0x91, 0x34, 0x98, 0xFD, 0xDB, 0xDF, 0x7F, 0x9E, 0x2F,
    0xE4, 0xBF, 0x02, 0x6B, 0x19, 0xB2, 0x17, 0x96, 0x00, 0x49, 0x40, 0x6E, 0x92, 0x1C, 0x86, 0x03,
    0x5E, 0x1A, 0xFF, 0x1A, 0xE6, 0x17, 0xDE, 0xD9, 0x26, 0xF7, 0xD0, 0x69, 0xF0, 0x5E, 0xBD, 0xBA,
    0xF4, 0x6A, 0xA0, 0x9C, 0xFE, 0x0A, 0xD3, 0x12, 0xB0, 0x2E, 0x2C, 0x8D, 0x94, 0x9F, 0xEF, 0x5F,
    0xC0, 0x05, 0xDC, 0x7A, 0xBC, 0x36, 0x53, 0x4D, 0x17, 0xB0, 0x52, 0x7E, 0xDD, 0x9C, 0x76, 0x36,
    0x27, 0x79, 0x49, 0xFC, 0x7B, 0x79, 0xAD, 0xD5, 0x47, 0x3F, 0x98, 0x39, 0x32, 0xD3, 0x31, 0x86,
    0x15, 0x4E, 0xBA, 0x24, 0xEF, 0x09, 0x83, 0x1D, 0x2F, 0x53, 0x8F, 0x08, 0x62, 0xD9, 0x47, 0xB0,
    0xF5, 0xCA, 0x7A, 0x12, 0x25, 0xF4, 0xE1, 0x07, 0x2F, 0x0D, 0xC8, 0x20, 0x34, 0x43, 0x68, 0x02,
    0x09, 0x57, 0xC3, 0xB4, 0x14, 0x8E, 0x6F, 0x5A, 0x71, 0xF3, 0xED, 0xB7, 0xAE, 0x8E, 0xC6, 0x3E,
    0xF2, 0xF0, 0x18, 0xDA, 0x07, 0x93, 0x31, 0x1A, 0xCF, 0xC8, 0xDB, 0xBA, 0x4F, 0xD6, 0x89, 0xED,
    0x52, 0x64, 0x32, 0xD2, 0x95, 0xEC, 0x2D, 0xEB, 0x65, 0x5F, 0x79, 0x27, 0x0C, 0x57, 0xB4, 0x42,
    0xDF, 0xA2, 0x2C, 0xFA, 0x17, 0x2F, 0x0B, 0xB1, 0x2D, 0xAE, 0x65, 0xF2, 0x8F, 0x9B, 0x4F, 0xFD,
    0xAF, 0x09, 0x93, 0x10, 0x62, 0x9A, 0xB4, 0xD6, 0xD9, 0x72, 0x60, 0x05, 0xB2, 0xC3, 0x47, 0x96,
    0x30, 0x1F, 0x84, 0x7A, 0x80, 0xB4, 0x6C, 0x84, 0xED, 0x07, 0xCD, 0xFB, 0xE7, 0x6F, 0x3D, 0xEA,
    0xF0, 0x89, 0xE5, 0xF5, 0x65, 0xB5, 0xA5, 0x15, 0x01, 0xAC, 0xE5, 0x38, 0x63, 0xB8, 0x5F, 0xDC,
    0x3A, 0x38, 0xFB, 0xD4, 0xEA, 0x23, 0x8F, 0xF1, 0x62, 0x12, 0x8F, 0xFA, 0xAE, 0x32, 0x52, 0xAD,
    0x77, 0x7D, 0xAF, 0x56, 0x9B, 0x38, 0x2F, 0x95, 0x26, 0xE9, 0x60, 0x34, 0x10, 0xA7, 0xF9, 0x2A,
    0x4D, 0x61, 0x12, 0xF7, 0xAD, 0x9B, 0xE5, 0x37, 0xB9, 0x19, 0x55, 0xF0, 0xFD, 0x5C, 0x41, 0xB3,
    0x1D, 0x19, 0x09, 0xA1, 0xCE, 0x52, 0x67, 0x23, 0xA7, 0x93, 0x51, 0xFD, 0x04, 0x2C, 0xB0, 0x4D,
    0x9E, 0x28, 0x06, 0x5B, 0xE4, 0x9E, 0x60, 0x31, 0xDE, 0x32, 0xF8, 0x2E, 0x47, 0xD5, 0x34, 0xAF,
    0xB1, 0x46, 0x8D, 0x22, 0xC2, 0x09, 0x23, 0x45, 0x3E, 0x81, 0x23, 0xF0, 0xA4, 0x7C, 0xEF, 0x1A,
    0x42, 0xF6, 0x98, 0xB3, 0xB0, 0xDE, 0x34, 0xB8, 0xBB, 0xF4, 0x65, 0x05, 0xAD, 0x0F, 0x42, 0x15,
    0x07, 0x02, 0x36, 0x1F, 0x69, 0xD8, 0x72, 0xD0, 0x9B, 0x61, 0x3D, 0xEB, 0xCC, 0xD1, 0x2D, 0xC9,
    0x71, 0x4B, 0xC0, 0x0A, 0x34, 0x3C, 0x40, 0x9B, 0x58, 0x4D, 0x62, 0xB5, 0x88, 0x9D, 0x41, 0x3C,
    0xB3, 0x87, 0x3F, 0xC2, 0xC0, 0x85, 0xE6, 0x2E, 0xA6, 0xE4, 0xD3, 0xFA, 0x29, 0x32, 0x5B, 0xC2,
    0xC8, 0x7B, 0xBD, 0x05, 0x1D, 0x90, 0x93, 0x3F, 0x03, 0x37, 0xC0, 0x46, 0xD4, 0xA0, 0xEF, 0xAC,
    0x42, 0x06, 0xC4, 0x00, 0x18, 0xF0, 0x02, 0x5C, 0x40, 0x0B, 0x60, 0x01, 0x2B, 0x85, 0xEA, 0x23,
    0xB9, 0x7F, 0xD5, 0x1C, 0x4F, 0x11, 0x84, 0xD5, 0xC6, 0x00, 0xC9, 0xBA, 0x4D, 0x6E, 0xB9, 0x68,
    0x31, 0x61, 0x75, 0x4D, 0x43, 0xB2, 0x1B, 0x53, 0x23, 0xE9, 0xE6, 0x76, 0x24, 0x03, 0xB9, 0x1B,
    0xFE, 0x61, 0xFC, 0x78, 0xB8, 0x5E, 0x7D, 0x65, 0x74, 0x9C, 0x3B, 0xB7, 0x01, 0x28, 0x04, 0x73,
    0x16, 0xCB, 0xFF, 0x63, 0xFE, 0x6A, 0xD4, 0x50, 0xBF, 0x57, 0x55, 0x64, 0xD8, 0xFE, 0x0B, 0xC8,
    0xC3, 0xCA, 0x2F, 0xAA, 0xAB, 0xAD, 0x73, 0x42, 0x68, 0x13, 0x10, 0x86, 0xC2, 0xBB, 0x9B, 0x51,
    0xAF, 0x85, 0x18, 0x6E, 0xD1, 0x08, 0x7C, 0x68, 0xAA, 0x1F, 0xA1, 0x0F, 0x4D, 0xF2, 0xD3, 0x4C,
    0x72, 0xD1, 0x0F, 0xE7, 0x11, 0xA8, 0x43, 0xD0, 0x6C, 0xB0, 0x71, 0x70, 0xCF, 0x9C, 0x81, 0x8F,
    0xB4, 0x94, 0x04, 0x63, 0x0A, 0x5F, 0xDA, 0x5E, 0xB8, 0x52, 0x98, 0x12, 0x3C, 0x09, 0xA3, 0x14,
    0xF0, 0x0B, 0x3F, 0x0A, 0x3B, 0x0A, 0x37, 0x0A, 0x33, 0x0A, 0x2F, 0x0A, 0xE1, 0x64, 0xB3, 0x64,
    0x44, 0xD9, 0x51, 0xB8, 0xBF, 0xFF, 0x2C, 0x37, 0x15, 0x33, 0x9A, 0x83, 0x7D, 0x35, 0x5E, 0x47,
    0x72, 0x66, 0x5C, 0x70, 0x72, 0x6C, 0x90, 0xDB, 0xC0, 0x9F, 0xFD, 0x85, 0x6E, 0x49, 0x3E, 0xD7,
    0xFA, 0x97, 0xA6, 0x77, 0x1B, 0xE3, 0xF1, 0xA8, 0x75, 0xCB, 0xDC, 0x5E, 0xE8, 0x32, 0x1E, 0x9A,
    0xF2, 0x18, 0xDD, 0xDE, 0xF3, 0xB5, 0xDB, 0xFE, 0x34, 0xD5, 0x74, 0x41, 0x71, 0x91, 0xFF, 0x06,
    0x73, 0x0A, 0x26, 0x9C, 0x13, 0xB0, 0x70, 0x4E, 0x20, 0x93, 0x78, 0xB5, 0xEC, 0x4B, 0x80, 0x9C,
    0x03, 0xE4, 0x2C, 0x26, 0x2D, 0x47, 0x71, 0xC9, 0xBC, 0xDA, 0x25, 0xA0, 0xAB, 0x7E, 0xED, 0x4B,
    0x8B, 0x1C, 0x3F, 0x87, 0xCF, 0xBB, 0xDF, 0xDC, 0xA5, 0x21, 0x21, 0x61, 0xA8, 0x46, 0x8D, 0x76,
    0xCC, 0x63, 0xDB, 0x50, 0x07, 0x0A, 0xCB, 0x0A, 0xF6, 0xE8, 0x4D, 0x0A, 0xD0, 0x96, 0x3C, 0x00,
    0xCE, 0x89, 0xB0, 0x3D, 0x62, 0x6B, 0x42, 0xA6, 0x54, 0xE5, 0xC7, 0x29, 0x19, 0x40, 0x2E, 0x08,
    0x60, 0xB9, 0x1F, 0xB3, 0x7B, 0x0C, 0x26, 0x09, 0xE9, 0x42, 0xE4, 0x8A, 0x34, 0xFD, 0x24, 0x24,
    0xC4, 0x20, 0x64, 0x84, 0x41, 0x21, 0xA4, 0xA4, 0x27, 0x62, 0x5B, 0x1D, 0x28, 0x93, 0x0A, 0x3A,
    0x44, 0x20, 0xAD, 0x8B, 0x42, 0x37, 0xDD, 0x3C, 0x31, 0xEC, 0x3D, 0x0F, 0x17, 0x88, 0x64, 0x91,
    0x96, 0xBA, 0x88, 0x03, 0x8F, 0x4B, 0x34, 0xE6, 0x9A, 0x8F, 0x73, 0x91, 0xBF, 0x0D, 0xE7, 0xDF,
    0x3B, 0x8F, 0x64, 0xC6, 0x7A, 0x9F, 0x5C, 0xBD, 0x65, 0xFB, 0xF7, 0xF8, 0x76, 0xF4, 0x63, 0x16,
    0x6A, 0x78, 0x23, 0x88, 0x3C, 0x05, 0xE9, 0xCF, 0xAF, 0x34, 0x4A, 0x82, 0x6A, 0x35, 0x0F, 0x8B,
    0x6C, 0x95, 0x00, 0xE8, 0x91, 0x70, 0xAC, 0xE3, 0x07, 0x3D, 0x15, 0x37, 0x88, 0xFB, 0xCD, 0x42,
    0x89, 0xC3, 0x87, 0x71, 0x67, 0xBD, 0xA5, 0xAB, 0x0C, 0x23, 0x72, 0x27, 0x95, 0x37, 0x9A, 0xB2,
    0x61, 0x92, 0xEC, 0x0D, 0x3D, 0x87, 0x7A, 0xAB, 0x23, 0xCF, 0x6F, 0x36, 0x7A, 0xCE, 0x78, 0x79,
    0xE3, 0xD2, 0x6A, 0xCA, 0x5B, 0x97, 0xF1, 0xFD, 0x60, 0x49, 0x61, 0xB4, 0xD8, 0x63, 0x9C, 0xE8,
    0x18, 0x83, 0x8A, 0x3B, 0xB3, 0x72, 0x3D, 0x3A, 0x51, 0x5C, 0x48, 0xA1, 0x02, 0x93, 0x66, 0xE2,
    0x85, 0x61, 0xB3, 0x16, 0xBD, 0x99, 0x92, 0x52, 0xDF, 0x35, 0x18, 0xAB, 0x9B, 0xE0, 0x7B, 0xE8,
    0x72, 0x38, 0x66, 0x7A, 0x4F, 0xD6, 0x07, 0x7D, 0xFE, 0xAD, 0xDB, 0x74, 0xDE, 0xE9, 0xDC, 0x21,
    0x35, 0x0B, 0x0A, 0xE6, 0xEA, 0x55, 0x1E, 0x28, 0x2D, 0x15, 0xF8, 0xF1, 0x24, 0xEC, 0x84, 0x8C,
    0xE7, 0x29, 0x1A, 0xB4, 0xB8, 0x12, 0xA2, 0x81, 0xA0, 0x02, 0xB7, 0xD1, 0x01, 0xA8, 0x35, 0x56,
    0x72, 0x4C, 0xD5, 0x0B, 0x15, 0x82, 0x14, 0x9E, 0x32, 0x2B, 0x47, 0x1B, 0x17, 0x14, 0xB7, 0xC8,
    0xCA, 0xE8, 0xC5, 0x53, 0xCE, 0x13, 0x7E, 0x77, 0xE5, 0x2B, 0x02, 0x5D, 0x55, 0x9E, 0x7D, 0x7D,
    0xED, 0x2E, 0x9E, 0x71, 0x25, 0x66, 0xF6, 0x21, 0xEF, 0xB5, 0xEB, 0x61, 0xC7, 0x9C, 0x4A, 0x59,
    0x99, 0xB3, 0x59, 0xFA, 0x39, 0xBD, 0xA0, 0x54, 0x4F, 0x54, 0xF8, 0x41, 0x4B, 0xD7, 0x2C, 0x2E,
    0x10, 0x03, 0x10, 0xD3, 0x31, 0x03, 0xC0, 0x10, 0x0D, 0x74, 0x0F, 0x8E, 0xDE, 0xE0, 0x98, 0x86,
    0xFE, 0xFC, 0x46, 0xF6, 0xE0, 0x45, 0x38, 0x59, 0xF9, 0x95, 0xBF, 0xF0, 0x05, 0x59, 0x81, 0x37,
    0x6B, 0x7C, 0x79, 0x99, 0xB9, 0x6C, 0x66, 0x91, 0xDE, 0x00, 0x34, 0xCB, 0xD4, 0x0F, 0xA1, 0x2D,
    0x54, 0xBA, 0xDB, 0x32, 0x1C, 0x4A, 0x6A, 0x6D, 0x9C, 0x31, 0xF1, 0x08, 0x70, 0x76, 0xE5, 0x2C,
    0x17, 0x9D, 0x60, 0xD2, 0xBC, 0x7A, 0x75, 0x30, 0xF6, 0x47, 0xB1, 0x88, 0xF5, 0x8B, 0x49, 0x2F,
    0x6E, 0x74, 0xD6, 0x0A, 0x07, 0x9F, 0x95, 0xDF, 0xBF, 0x8A, 0x80, 0x07, 0x04, 0xE9, 0x5A, 0x68,
    0x99, 0x0E, 0x45, 0xF7, 0xB1, 0x7C, 0x55, 0xF4, 0x27, 0xE4, 0xA7, 0xEB, 0xBE, 0x10, 0xC1, 0xD2,
    0x15, 0x0B, 0x41, 0xA0, 0x68, 0xE3, 0xB5, 0x10, 0x7A, 0x2A, 0xF7, 0xAB, 0x6A, 0xCF, 0x37, 0x64,
    0xE5, 0x6A, 0xE1, 0xA3, 0x07, 0x08, 0x88, 0xA3, 0xF0, 0xCE, 0xC4, 0x14, 0xF4, 0xB5, 0x0B, 0x81,
    0x97, 0x81, 0x6D, 0xE3, 0x55, 0x62, 0x17, 0xC5, 0x20, 0x3B, 0xB0, 0xC3, 0x89, 0xE2, 0xCA, 0x7B,
    0x7F, 0xB2, 0x5B, 0x7D, 0x1B, 0x42, 0x0F, 0x05, 0x18, 0x28, 0x51, 0x0B, 0xC6, 0xC1, 0x59, 0x78,
    0xB1, 0xA5, 0x78, 0xB2, 0xE5, 0x17, 0xD2, 0xDE, 0xB6, 0x7D, 0xDE, 0x37, 0x3F, 0x6D, 0x8B, 0xAE,
    0xB0, 0xA5, 0x38, 0x29, 0x6B, 0x93, 0xB7, 0xE2, 0x69, 0x1E, 0xF1, 0x15, 0x56, 0x3B, 0xB3, 0x74,
    0xB3, 0x06, 0x4D, 0xD7, 0x1B, 0x8B, 0x83, 0xAB, 0x71, 0x15, 0x1E, 0xBB, 0x73, 0xC5, 0xAB, 0x7A,
    0xE9, 0x3A, 0xC5, 0x3B, 0x6E, 0x0C, 0x91, 0x2D, 0xC5, 0xBB, 0xDC, 0x48, 0x03, 0xBE, 0x6F, 0x2B,
    0xDE, 0x96, 0xE7, 0xAF, 0xDE, 0xBA, 0xD9, 0x0E, 0x6F, 0x76, 0x8C, 0x37, 0xDB, 0xE3, 0xCD, 0x56,
    0xA6, 0x42, 0xBD, 0x1F, 0xEC, 0x8C, 0xB4, 0x4F, 0xEC, 0xB8, 0x6F, 0xDB, 0x0A, 0x0E, 0xE6, 0x81,
    0x6C, 0x34, 0x97, 0x8C, 0x63, 0x15, 0x63, 0x0E, 0x64, 0xF2, 0xCD, 0xD9, 0x4D, 0xDC, 0xE6, 0x00,
    0x1B, 0xB4, 0x73, 0x36, 0xE0, 0xDB, 0x86, 0x0D, 0x18, 0x50, 0xE1, 0x89, 0xE5, 0x81, 0x65, 0x46,
    0x86, 0xA7, 0x9E, 0x31, 0x2C, 0x4C, 0xBB, 0xB1, 0xAC, 0xE2, 0x6D, 0x77, 0x3E, 0x5B, 0x7D, 0x11,
    0x1C, 0x04, 0xF3, 0xFC, 0xDA, 0xC2, 0x1D, 0x67, 0x7A, 0x7A, 0x3C, 0xF4, 0x77, 0x6F, 0xDB, 0x30,
    0x1F, 0x5D, 0x28, 0xF5, 0x18, 0xCD, 0xA5, 0x9E, 0x66, 0x4A, 0xE2, 0x7E, 0x13, 0xF2, 0x22, 0x87,
    0xBA, 0xAC, 0x42, 0xE7, 0x6B, 0x69, 0xE1, 0x78, 0x97, 0x73, 0xC7, 0x3B, 0xDD, 0x1C, 0xAE, 0xE1,
    0xD7, 0xA3, 0x5A, 0xDE, 0x0C, 0xD5, 0x29, 0x3E, 0xA2, 0x3F, 0x45, 0xEE, 0xED, 0x0A, 0xAC, 0xC9,
    0xAB, 0xA5, 0xE6, 0x97, 0x43, 0x22, 0xC2, 0x6D, 0x7C, 0xDE, 0x6F, 0x42, 0xEB, 0x38, 0x79, 0xA7,
    0x89, 0x5C, 0x6A, 0x1E, 0x0C, 0x5E, 0x63, 0x3C, 0xDE, 0xB2, 0x9C, 0x70, 0xFA, 0xF7, 0x79, 0x35,
    0xC7, 0x06, 0x52, 0x27, 0x66, 0x25, 0xF0, 0x22, 0xD5, 0x8C, 0x5A, 0xAA, 0x19, 0x35, 0x1C, 0x55,
    0x38, 0xFE, 0x9A, 0x51, 0x3B, 0xA9, 0x34, 0x3A, 0xA1, 0x44, 0x7A, 0xF4, 0x7A, 0xFD, 0xD7, 0xDF,
    0x54, 0xFF, 0x5D, 0x1F, 0x09, 0xDD, 0x31, 0x8E, 0x5C, 0x8E, 0x5E, 0x8E, 0x60, 0x8E, 0x62, 0x4A,
    0x32, 0xA3, 0x34, 0x33, 0x07, 0x89, 0x16, 0xD4, 0x77, 0x83, 0xBD, 0x1B, 0x61, 0xEF, 0x57, 0x46,
    0xF9, 0xD2, 0x15, 0x04, 0x16, 0x1F, 0x82, 0x51, 0x16, 0xC1, 0x1A, 0x14, 0xF3, 0x3A, 0x59, 0x8B,
    0x6F, 0x91, 0x0E, 0xF7, 0x00, 0xCD, 0xA3, 0xB7, 0x81, 0xBD, 0x1D, 0x7F, 0x3B, 0x06, 0xBF, 0xB1,
    0x05, 0x91, 0x1F, 0xB4, 0x20, 0x02, 0x45, 0x10, 0x71, 0x54, 0xC4, 0x2B, 0x17, 0x1C, 0x64, 0x6D,
    0x40, 0xB0, 0x69, 0x09, 0x5D, 0x71, 0xCB, 0x10, 0xFC, 0xAD, 0x05, 0x44, 0x0E, 0x04, 0x71, 0xAB,
    0x37, 0x50, 0x7E, 0xFF, 0xEF, 0xF2, 0x66, 0x5F, 0x86, 0xBD, 0x5F, 0xBF, 0xF4, 0xFF, 0x24, 0x20,
    0x3E, 0x8D, 0x5F, 0x21, 0x29, 0x2A, 0xBF, 0x5D, 0xD1, 0x9C, 0xE1, 0x59, 0x24, 0x6D, 0x89, 0xD9,
    0x5B, 0xFF, 0x77, 0x01, 0x81, 0x02, 0x8F, 0x06, 0x71, 0xC3, 0x96, 0xCA, 0x34, 0x72, 0xFE, 0x36,
    0xC0, 0x49, 0x07, 0x7D, 0x81, 0xB7, 0x8A, 0x77, 0x6A, 0xFA, 0xDC, 0x8D, 0xD5, 0x44, 0xBA, 0xAD,
    0x59, 0xC1, 0x8E, 0xAF, 0x02, 0x91, 0xC4, 0x7D, 0x95, 0x35, 0x0C, 0xFD, 0x37, 0x4C, 0xF1, 0x76,
    0x4F, 0x97, 0x16, 0x6E, 0x0F, 0x0C, 0x11, 0x10, 0xE2, 0x5E, 0x73, 0x5D, 0x47, 0x82, 0x77, 0x1F,
    0x52, 0x9F, 0xF5, 0x2A, 0x16, 0x5B, 0x81, 0x7D, 0x63, 0x8C, 0xFF, 0x24, 0xF2, 0x9F, 0x04, 0xFA,
    0xD3, 0xF7, 0x9F, 0x33, 0xE6, 0x2F, 0x4F, 0x9F, 0x57, 0x0D, 0x69, 0x35, 0x23, 0x5C, 0x2A, 0x4D,
    0x61, 0x4C, 0xD3, 0x06, 0x87, 0xE2, 0xD0, 0xAA, 0x70, 0x04, 0x1C, 0x68, 0x66, 0xC1, 0x99, 0xC2,
    0x9D, 0x1E, 0x10, 0x77, 0x95, 0x95, 0x3B, 0xC7, 0x04, 0xAB, 0x18, 0x68, 0xEC, 0x89, 0xCD, 0x9A,
    0x60, 0x65, 0x4F, 0x40, 0x2C, 0xB0, 0xDA, 0x5B, 0x38, 0x92, 0x17, 0x9D, 0x70, 0xE8, 0x67, 0x70,
    0xF0, 0x17, 0xC2, 0xB8, 0xC7, 0xB4, 0x03, 0xC3, 0xB2, 0x0C, 0x4F, 0x7E, 0xD9, 0xF4, 0x88, 0xFA,
    0xC9, 0x2F, 0xAB, 0xE1, 0x05, 0xCD, 0x77, 0x17, 0x43, 0xAF, 0x85, 0xF3, 0x1A, 0xBD, 0x3F, 0xE5,
    0x92, 0xD5, 0x60, 0x60, 0xED, 0x02, 0xB8, 0xE4, 0x78, 0x3E, 0xA0, 0x9A, 0xEF, 0xD4, 0x8C, 0x09,
    0xE0, 0x2A, 0x56, 0xB6, 0x77, 0xFE, 0x37, 0x0B, 0xCA, 0xB6, 0x2C, 0xA9, 0x7E, 0x93, 0x7E, 0x4A,
    0x34, 0x09, 0xD5, 0xCD, 0x92, 0x14, 0x53, 0x61, 0xB7, 0xAF, 0x52, 0x2F, 0xA7, 0xE8, 0x91, 0x6D,
    0xB3, 0xA5, 0x4C, 0xD1, 0x09, 0x5F, 0x66, 0xF6, 0x8D, 0xB7, 0x44, 0xBE, 0x15, 0x57, 0x5E, 0x1B,
    0xCC, 0x6E, 0xF5, 0x3A, 0x48, 0x66, 0xBF, 0x0E, 0xF4, 0xED, 0x09, 0x91, 0xC7, 0xE1, 0xD8, 0x17,
    0x68, 0x09, 0x58, 0x08, 0x43, 0xC8, 0xDE, 0x59, 0x47, 0x17, 0xDA, 0x87, 0x44, 0xE8, 0x47, 0x36,
    0x15, 0xA6, 0x4A, 0xEC, 0x25, 0xF1, 0x87, 0x52, 0x84, 0x44, 0x3B, 0x06, 0x9B, 0x5B, 0xF8, 0xAF,
    0x62, 0x80, 0x9C, 0xFB, 0x9D, 0xA4, 0xC8, 0xBC, 0xCC, 0x7A, 0x8A, 0x1B, 0x4C, 0xE5, 0x11, 0x95,
    0xFF, 0xCB, 0x54, 0xCB, 0x33, 0x25, 0x56, 0xCE, 0xFA, 0xF2, 0x26, 0x6F, 0xE6, 0x3A, 0x2B, 0xFE,
    0xB6, 0xD2, 0xCB, 0xCC, 0xF2, 0xB2, 0xBA, 0x68, 0xF5, 0x01, 0xD4, 0x9D, 0x49, 0x67, 0x69, 0x30,
    0xF2, 0xD6, 0x11, 0x65, 0xB9, 0xE9, 0x97, 0x4F, 0xFA, 0x06, 0x97, 0xE2, 0x9B, 0xAE, 0x93, 0x25,
    0xF3, 0x28, 0x25, 0x93, 0xAB, 0x3F, 0x59, 0xF8, 0x17, 0xB7, 0x7D, 0xF7, 0xDF, 0x1D, 0x56, 0x89,
    0xA9, 0x03, 0xE2, 0xFA, 0x24, 0x3B, 0x82, 0xE8, 0xD6, 0xBF, 0xD9, 0x4F, 0x56, 0x83, 0x03, 0x48,
    0x7F, 0xB2, 0x09, 0xE5, 0xDE, 0x4E, 0x36, 0x70, 0x52, 0xB9, 0x71, 0x71, 0x8C, 0x6E, 0xAB, 0x97,
    0xA0, 0x9F, 0x3B, 0x61, 0xAE, 0x02, 0xAB, 0x28, 0x67, 0xAE, 0xDA, 0xFD, 0xAE, 0x4B, 0xA6, 0xD4,
    0x25, 0x8B, 0x9C, 0xC7, 0xAA, 0x62, 0xDB, 0x57, 0xCC, 0x47, 0xBD, 0xF1, 0xAE, 0x4C, 0x74, 0xB2,
    0xF8, 0xC1, 0xAB, 0x32, 0x7C, 0xB6, 0x78, 0x9D, 0x6A, 0xB3, 0xF9, 0x47, 0xAD, 0x70, 0xDD, 0xCB,
    0x99, 0x6B, 0x7A, 0xA1, 0x60, 0x3B, 0xCE, 0xA2, 0x62, 0x9E, 0xA9, 0x55, 0x65, 0x1D, 0xA0, 0xB4,
    0x35, 0x1D, 0xB1, 0x7C, 0xF1, 0xDB, 0x63, 0x96, 0xB6, 0x72, 0x03, 0x06, 0x8E, 0x18, 0x4C, 0xB6,
    0x96, 0x11, 0x86, 0x50, 0x53, 0xB1, 0xE4, 0xA7, 0xBF, 0x3E, 0xFD, 0xAC, 0xE7, 0xA7, 0x15, 0xEB,
    0x8D, 0xE5, 0xBF, 0x7C, 0xDF, 0xD5, 0xE0, 0xF8, 0x89, 0x18, 0xB3, 0x01, 0x88, 0xF1, 0x4C, 0xB9,
    0x21, 0xEA, 0xAB, 0xCC, 0x3D, 0xD0, 0x91, 0xD8, 0xE4, 0x31, 0x71, 0xAA, 0xC8, 0x58, 0x7B, 0x99,
    0xD5, 0x8B, 0x27, 0x85, 0x31, 0xC9, 0x58, 0xC2, 0x4F, 0xAD, 0x32, 0x96, 0x2C, 0x36, 0x25, 0x3F,
    0x09, 0x4C, 0x0F, 0x38, 0x7E, 0x5A, 0x3A, 0xC6, 0xAA, 0x86, 0x3D, 0xE5, 0xA7, 0x62, 0x7D, 0x42,
    0xF9, 0x29, 0xB3, 0x2F, 0x28, 0x3F, 0xA5, 0xBE, 0x13, 0x2B, 0x26, 0xC8, 0x7B, 0x9E, 0x07, 0x2E,
    0xB9, 0xC4, 0x35, 0xA3, 0x06, 0x9A, 0xE9, 0xAE, 0xD5, 0x25, 0x6E, 0xF0, 0x8B, 0xC2, 0x33, 0xC5,
    0x54, 0x2D, 0xB6, 0xE7, 0x2F, 0x4E, 0xF8, 0x0B, 0x5F, 0x8B, 0x19, 0xF9, 0x90, 0x71, 0xDE, 0xCE,
    0x3B, 0x15, 0x70, 0x5F, 0x1F, 0xB1, 0x6B, 0x26, 0x4D, 0xDB, 0x6D, 0xE9, 0x53, 0x24, 0xC2, 0x77,
    0x01, 0xAF, 0x68, 0xF3, 0xD0, 0xAE, 0xC4, 0xD6, 0x8F, 0xED, 0xEA, 0xFB, 0xD6, 0xDC, 0x93, 0xBE,
    0xFD, 0x5F, 0xD6, 0xEC, 0x64, 0x6F, 0x5E, 0x41, 0x1C, 0xF1, 0x75, 0x34, 0x47, 0x15, 0xFF, 0x09,
    0xFE, 0x6B, 0xCE, 0x90, 0xFF, 0x90, 0xCF, 0x16, 0xAE, 0x29, 0x18, 0xA3, 0x64, 0xF2, 0xBE, 0x6C,
    0xD8, 0x0E, 0x81, 0xB4, 0xF4, 0x10, 0xD2, 0x7B, 0xA5, 0x3D, 0x81, 0x1B, 0x8B, 0xB1, 0x91, 0xCC,
    0xD2, 0xE8, 0xF3, 0x20, 0x4A, 0xB5, 0xF0, 0x6E, 0xEB, 0x0E, 0xE3, 0x20, 0x05, 0xC3, 0xE5, 0xCD,
    0x6B, 0x8B, 0xA9, 0x87, 0x6C, 0x93, 0xBB, 0xE6, 0x66, 0x82, 0x69, 0xB8, 0x3E, 0x0C, 0x1E, 0xE8,
    0x2E, 0xF3, 0xF7, 0x1B, 0x1A, 0xBF, 0x35, 0x4D, 0xFE, 0x35, 0xB5, 0x26, 0x24, 0x87, 0xC6, 0x3F,
    0x11, 0xC4, 0xD5, 0x80, 0x60, 0x4C, 0xBB, 0xA7, 0xD4, 0xDA, 0xF1, 0x1A, 0x8E, 0xA6, 0x0C, 0x05,
    0x8F, 0x77, 0x0D, 0x3E, 0x96, 0xCF, 0xE1, 0x06, 0x24, 0xB6, 0x54, 0x49, 0x65, 0xFC, 0xD0, 0x31,
    0x62, 0x82, 0xA1, 0xD0, 0xDA, 0x6C, 0xF9, 0x5A, 0xA3, 0x46, 0x6E, 0xA5, 0xAD, 0x75, 0x82, 0x32,
    0xE2, 0x51, 0xE2, 0x6D, 0xE1, 0xC8, 0x89, 0xBC, 0x67, 0x03, 0xC7, 0x5A, 0x93, 0x1F, 0x95, 0x06,
    0x05, 0x5D, 0xF0, 0x8B, 0x3B, 0x89, 0x2C, 0xC3, 0x98, 0xB6, 0x9F, 0x6F, 0xE7, 0x2E, 0x1F, 0x40,
    0xCC, 0x7E, 0x85, 0x70, 0x4B, 0x6B, 0x4B, 0xF1, 0xAC, 0x6C, 0x2D, 0xEC, 0x2D, 0x2C, 0xB9, 0x16,
    0xE6, 0xC9, 0x05, 0xE8, 0xB6, 0x58, 0x61, 0xB9, 0xC2, 0x9D, 0x22, 0xD4, 0x04, 0x7F, 0x36, 0xC5,
    0x35, 0x1D, 0x72, 0xA0, 0x0B, 0x81, 0xB8, 0x80, 0x70, 0x60, 0x92, 0x3F, 0x61, 0xB2, 0xF7, 0xB1,
    0x79, 0x43, 0xA9, 0x08, 0xF3, 0x4C, 0xF5, 0xD2, 0x65, 0x0D, 0xCA, 0x69, 0xC0, 0xCC, 0xB5, 0x6A,
    0x6E, 0x59, 0xD5, 0x87, 0x11, 0x59, 0xF3, 0x39, 0xF3, 0x59, 0xEC, 0x51, 0xBE, 0x70, 0x29, 0x62,
    0x91, 0xE5, 0xC2, 0xF5, 0x5F, 0x66, 0xC3, 0x6D, 0xC0, 0xD8, 0xEC, 0xEA, 0x11, 0xB3, 0xA9, 0x0A,
    0x7E, 0x32, 0x7C, 0xB2, 0x62, 0x28, 0x38, 0xFB, 0x37, 0x4D, 0x4A, 0x68, 0xBC, 0xF3, 0xA2, 0x96,
    0x28, 0x96, 0x3B, 0x87, 0x17, 0xEA, 0x60, 0xF1, 0x29, 0x5A, 0xA9, 0x15, 0xF7, 0x48, 0x87, 0xE7,
    0x6D, 0xE6, 0x76, 0xAE, 0xE0, 0x6B, 0xC5, 0x1F, 0x32, 0x12, 0x4C, 0xB3, 0xE2, 0x22, 0x59, 0xEE,
    0xFC, 0xA7, 0x3C, 0xFA, 0x2E, 0x46, 0x4E, 0xFC, 0x49, 0x00, 0x43, 0x0A, 0x18, 0x92, 0xC0, 0x90,
    0x06, 0x86, 0x44, 0x30, 0xA4, 0x82, 0x21, 0x19, 0x94, 0x0E, 0xAE, 0x57, 0x9A, 0x94, 0x50, 0x52,
    0x28, 0x2D, 0x5C, 0x55, 0x8B, 0x52, 0xC3, 0x93, 0x23, 0x68, 0xC6, 0xE7, 0x4F, 0x3F, 0xF6, 0x4F,
    0x88, 0x28, 0xB1, 0xAC, 0x01, 0x19, 0x0F, 0x74, 0x09, 0x5F, 0x46, 0xD0, 0x3A, 0x92, 0x5D, 0x9F,
    0x04, 0xBE, 0x70, 0x72, 0x8E, 0xF9, 0x0E, 0xA1, 0x63, 0x8A, 0x71, 0x6B, 0x76, 0x14, 0xE5, 0x56,
    0xBD, 0x2D, 0x9E, 0x0C, 0xD7, 0x61, 0x12, 0xD3, 0xDB, 0xA2, 0xF1, 0xA1, 0xAA, 0xEF, 0xF4, 0x4B,
    0x8C, 0x1D, 0xE4, 0x38, 0xD5, 0x94, 0xE3, 0xEB, 0xD3, 0x2B, 0x5E, 0x88, 0x73, 0xF7, 0x04, 0xE1,
    0x96, 0x8F, 0xBF, 0x61, 0x5C, 0x5F, 0xCB, 0x67, 0x89, 0x3C, 0x0F, 0x9C, 0x73, 0x8F, 0x8D, 0x47,
    0x3F, 0x6C, 0x0B, 0xBD, 0x88, 0xEB, 0xAC, 0x67, 0x0C, 0x36, 0x2D, 0x85, 0x09, 0x0A, 0x78, 0x60,
    0xA2, 0xFA, 0x43, 0x6B, 0x7F, 0xF2, 0x35, 0x14, 0x4E, 0x71, 0x33, 0x68, 0x3F, 0x7F, 0xBE, 0xDC,
    0x14, 0x8E, 0x97, 0x34, 0xA8, 0xD8, 0xF9, 0xF2, 0xD3, 0xB7, 0x57, 0x0D, 0x6B, 0x94, 0x16, 0x4D,
    0x19, 0x89, 0x7D, 0x50, 0x8B, 0x62, 0x13, 0x1A, 0x8A, 0x88, 0x4E, 0x87, 0x68, 0x14, 0x91, 0x9E,
    0x2F, 0x23, 0x14, 0x84, 0x40, 0x05, 0x3C, 0x0B, 0xB1, 0xAC, 0xDA, 0xBA, 0xA3, 0x9B, 0xDB, 0xB4,
    0x02, 0xED, 0x51, 0x19, 0x8A, 0x51, 0x56, 0xDF, 0x88, 0x0F, 0xF9, 0x77, 0xA8, 0x3F, 0x62, 0xD8,
    0xB7, 0xB8, 0xB2, 0x46, 0x62, 0x3C, 0xB5, 0x1D, 0x76, 0x1E, 0x3C, 0x6F, 0x8E, 0xD4, 0xB3, 0xD6,
    0x80, 0xB9, 0x29, 0xEC, 0x24, 0x49, 0x34, 0xCE, 0x32, 0xE6, 0x33, 0x03, 0xF9, 0xC1, 0xAD, 0x2E,
    0xF7, 0xFD, 0xD3, 0x17, 0x9E, 0x75, 0x71, 0x07, 0x6A, 0x31, 0x51, 0xE4, 0x56, 0x1B, 0xF4, 0xEA,
    0x4A, 0xCD, 0x42, 0x16, 0x93, 0x01, 0x73, 0x8E, 0xE2, 0xF9, 0x72, 0x94, 0xCD, 0x72, 0x14, 0x7A,
    0x54, 0x2E, 0xB9, 0x45, 0x85, 0xDB, 0x2C, 0x03, 0x8D, 0x5F, 0xF7, 0xDA, 0xE1, 0x6B, 0x7F, 0xD9,
    0x9C, 0x9B, 0x75, 0x4A, 0x45, 0xF6, 0x8A, 0xAB, 0x34, 0x7D, 0xC5, 0xC5, 0xDE, 0xBE, 0xE9, 0x3D,
    0x75, 0xAB, 0xC6, 0x82, 0xC6, 0x82, 0x64, 0x9A, 0x6A, 0x50, 0x7F, 0x9D, 0x2D, 0xF6, 0x3E, 0x40,
    0xDE, 0x0C, 0x34, 0x14, 0x45, 0x76, 0x97, 0xB0, 0x42, 0x0A, 0x84, 0xF7, 0x9B, 0xEB, 0x0B, 0x8C,
    0xB2, 0x29, 0xF1, 0xCB, 0xF3, 0x3F, 0xE5, 0x71, 0x29, 0x00, 0x68, 0x51, 0xD3, 0xDA, 0xD8, 0xE1,
    0xEB, 0x2E, 0x84, 0x6F, 0x2A, 0xE1, 0xCE, 0x57, 0x6C, 0x97, 0xDB, 0x57, 0x6D, 0x77, 0xA2, 0xF9,
    0xB6, 0x18, 0x63, 0x76, 0x2F, 0x6B, 0x03, 0xFB, 0x62, 0x2A, 0x40, 0xFA, 0x4C, 0x6F, 0xE2, 0xCB,
    0x7E, 0x34, 0x40, 0xC7, 0x60, 0xC2, 0x2C, 0x1A, 0xC4, 0xF9, 0xCA, 0x8D, 0xB5, 0x77, 0x67, 0x62,
    0x3B, 0x65, 0xD3, 0xA6, 0xE2, 0x82, 0xD0, 0xBB, 0x65, 0xFE, 0x91, 0x07, 0xCE, 0x78, 0x9D, 0xAC,
    0x2A, 0xD7, 0xD5, 0xEE, 0xCA, 0x02, 0xA7, 0x8F, 0x4B, 0xF3, 0xA8, 0xC9, 0x56, 0xB1, 0xEC, 0x6E,
    0xC8, 0xE5, 0x84, 0x0D, 0xD5, 0x18, 0x3D, 0xB3, 0x7A, 0x67, 0x6D, 0xD2, 0x5F, 0xBC, 0x2C, 0xC6,
    0xF8, 0xB5, 0x52, 0x64, 0xFD, 0x7F, 0xFB, 0x68, 0x4D, 0xE3, 0x4B, 0x3E, 0x78, 0x84, 0x43, 0x0D,
    0x34, 0x6D, 0x05, 0x8A, 0xE8, 0xE6, 0x6D, 0x9E, 0x0F, 0x10, 0x8C, 0x9B, 0x34, 0x3E, 0xB3, 0xB9,
    0xA5, 0x5F, 0xD0, 0x29, 0x1F, 0xF0, 0xC8, 0x3A, 0xFF, 0x5F, 0x37, 0xEE, 0x98, 0x6C, 0xB7, 0x3A,
    0x26, 0xF3, 0xFE, 0x06, 0x1D, 0x93, 0x77, 0x1C, 0x8D, 0xBF, 0x60, 0xFE, 0xDC, 0x98, 0x33, 0x70,
    0x04, 0xF7, 0x20, 0x30, 0x8A, 0xC2, 0xF3, 0x39, 0x43, 0xD9, 0xF4, 0x57, 0xD3, 0x8D, 0xE4, 0xBB,
    0x65, 0x47, 0xC7, 0x1B, 0xCC, 0xE9, 0x3C, 0x85, 0x58, 0x4F, 0xA1, 0x68, 0x55, 0xE4, 0x33, 0x4A,
    0xA8, 0x56, 0xCB, 0xDF, 0x87, 0xB5, 0xCA, 0xCE, 0x5C, 0x91, 0x7E, 0xF1, 0x0A, 0xA1, 0xAF, 0x88,
    0x85, 0xAF, 0xA1, 0xBE, 0x2F, 0xA0, 0x7D, 0xC2, 0x96, 0x7E, 0x70, 0xE9, 0x82, 0x84, 0x09, 0x7F,
    0xEA, 0x2A, 0x7D, 0xAC, 0xD3, 0xB6, 0x8B, 0xC9, 0x32, 0x73, 0x8D, 0x2E, 0xF2, 0xA5, 0x44, 0xD3,
    0x73, 0x34, 0x0C, 0x52, 0xDA, 0xD5, 0x19, 0xD3, 0xD5, 0x79, 0x0D, 0xDD, 0x5D, 0x2C, 0xB0, 0xC0,
    0x66, 0x05, 0x86, 0xFC, 0xBE, 0x3E, 0x27, 0x62, 0x9E, 0x6F, 0xF5, 0x0F, 0x03, 0xB0, 0x1A, 0x61,
    0x67, 0xDF, 0x49, 0xAB, 0x58, 0x3E, 0xE8, 0x24, 0xD1, 0xAE, 0x72, 0x29, 0xD2, 0x7E, 0xA7, 0x04,
    0x95, 0x4B, 0x82, 0xFF, 0x18, 0x32, 0xBC, 0x4F, 0xCF, 0x85, 0xD5, 0x7C, 0x4B, 0xD7, 0x64, 0x29,
    0x0E, 0xAA, 0xEC, 0xE7, 0x12, 0xF2, 0x6B, 0x72, 0x2B, 0x7B, 0x55, 0x14, 0xB5, 0x00, 0x73, 0xF7,
    0xB9, 0x59, 0x03, 0x83, 0x66, 0xCB, 0xB5, 0x2B, 0xB8, 0xD0, 0x43, 0xF3, 0xF0, 0x92, 0x05, 0x2F,
    0x17, 0x0F, 0x05, 0x6A, 0xE7, 0x36, 0xBD, 0xFE, 0x70, 0x61, 0x2E, 0x0F, 0xCC, 0x4B, 0x23, 0x2B,
    0x3D, 0xF5, 0xFA, 0x7F, 0x58, 0x88, 0x7D, 0x24, 0x71, 0x88, 0x7F, 0xB6, 0xC9, 0x28, 0x16, 0x33,
    0xF1, 0xEA, 0x8A, 0x7B, 0x30, 0xED, 0x8E, 0x16, 0x17, 0xD1, 0xDC, 0xCB, 0xDF, 0x6A, 0xA7, 0x8A,
    0x80, 0xE0, 0xFC, 0x2C, 0x04, 0x4C, 0x39, 0x02, 0x3B, 0xC6, 0xBC, 0x87, 0xB6, 0xEB, 0x1E, 0xA9,
    0x80, 0xD5, 0xC7, 0x8C, 0x8F, 0x03, 0xF9, 0x28, 0x89, 0x5A, 0x43, 0x6A, 0x1B, 0xC9, 0x5B, 0x29,
    0x4B, 0x0B, 0x7B, 0x91, 0x90, 0xD1, 0x90, 0xC2, 0x2A, 0xBB, 0x6C, 0x34, 0xFA, 0xA2, 0x4E, 0x6F,
    0x36, 0xE5, 0x93, 0x55, 0x58, 0x75, 0x7E, 0x5D, 0x10, 0x92, 0x05, 0xA4, 0x44, 0xF1, 0xA3, 0xDA,
    0x15, 0x16, 0x85, 0x8E, 0x29, 0x3B, 0x73, 0x3F, 0x86, 0xF1, 0xC8, 0xA8, 0xDE, 0xCF, 0x52, 0xC3,
    0xE9, 0xED, 0xEC, 0x69, 0x20, 0xC1, 0xBC, 0xBA, 0xDF, 0x15, 0x73, 0x28, 0x55, 0x5C, 0xBB, 0xBD,
    0xD2, 0xC5, 0x11, 0xC6, 0x51, 0xC6, 0x91, 0xC6, 0xD1, 0xC6, 0x11, 0xC7, 0x27, 0x50, 0x94, 0x3C,
    0x9B, 0x56, 0x51, 0xD5, 0x58, 0x4A, 0x21, 0xEF, 0x7A, 0x45, 0xBE, 0xD5, 0x11, 0x7D, 0x65, 0x9A,
    0x16, 0x50, 0x32, 0x39, 0x3A, 0x39, 0x42, 0x39, 0x4A, 0x39, 0x52, 0x39, 0x5A, 0x79, 0x62, 0x4D,
    0x5C, 0xBB, 0x40, 0x46, 0x44, 0x1F, 0x00, 0x90, 0x6F, 0x3D, 0x00, 0x40, 0xDB, 0xF8, 0x4B, 0x1F,
    0x62, 0xD8, 0xF1, 0x26, 0x58, 0xA0, 0xD5, 0xAD, 0x72, 0x63, 0xB0, 0x30, 0x79, 0x18, 0x4C, 0xAC,
    0x69, 0xBD, 0xC0, 0x57, 0x24, 0xB9, 0x14, 0x59, 0xE1, 0x64, 0x3A, 0x79, 0x99, 0xCC, 0x4C, 0x6E,
    0x26, 0x3B, 0x93, 0x9F, 0x27, 0x11, 0xE0, 0x1C, 0x4E, 0xF6, 0xC8, 0xD9, 0xEF, 0x9E, 0x3E, 0xFD,
    0x55, 0x54, 0x2F, 0xC3, 0x74, 0x8D, 0xD6, 0x62, 0x7D, 0x27, 0x7D, 0xB2, 0x40, 0x8F, 0x5A, 0x9F,
    0x82, 0xF8, 0x61, 0x87, 0xE7, 0x27, 0x94, 0x61, 0xBB, 0xCB, 0x9C, 0x5F, 0xF9, 0xC1, 0x09, 0xA7,
    0xE2, 0xB7, 0x2C, 0x59, 0x89, 0x3F, 0xA8, 0x18, 0x86, 0xC3, 0x11, 0xEB, 0x84, 0x94, 0x73, 0x85,
    0xB7, 0x3A, 0x0A, 0x5C, 0x49, 0x82, 0xDE, 0xC4, 0xF7, 0x1E, 0xF8, 0x76, 0x17, 0xCE, 0x7A, 0x56,
    0x2D, 0xDB, 0xEA, 0x47, 0xF3, 0xC5, 0x6E, 0x82, 0xAF, 0xBB, 0x5E, 0xDD, 0x6B, 0xBC, 0x73, 0xE9,
    0xB5, 0x0A, 0x14, 0x5A, 0x66, 0xED, 0x39, 0x55, 0x82, 0xDA, 0xC8, 0xA8, 0xB9, 0xBC, 0x9B, 0xE4,
    0xAF, 0x52, 0x9C, 0x9A, 0x1C, 0x31, 0xCD, 0xA2, 0x67, 0x1C, 0x12, 0x4E, 0x05, 0xBE, 0xCC, 0xBE,
    0x01, 0xEA, 0xB1, 0x6C, 0x4A, 0x0F, 0x0C, 0xDE, 0x02, 0x77, 0xD6, 0x87, 0xDC, 0x78, 0x17, 0xE7,
    0x77, 0x40, 0xBF, 0x84, 0x45, 0x68, 0xBA, 0x9A, 0xD5, 0x9F, 0x8A, 0x35, 0xFA, 0x22, 0x0D, 0xA4,
    0x5C, 0x53, 0xD4, 0xCA, 0xA6, 0xBE, 0xFB, 0x5D, 0x4F, 0x45, 0x3A, 0x1D, 0x90, 0x13, 0xD1, 0xF8,
    0x9D, 0xD3, 0xA7, 0xFF, 0x66, 0x19, 0x6B, 0x95, 0x79, 0xBA, 0x94, 0x53, 0x94, 0xB7, 0x79, 0xC9,
    0x44, 0x2B, 0x9E, 0x81, 0x21, 0x9A, 0x91, 0x5E, 0x64, 0x22, 0xB4, 0x14, 0x3C, 0x82, 0xEB, 0xEB,
    0x8D, 0xFA, 0x5F, 0x4F, 0xBC, 0xFA, 0xE6, 0x95, 0x4C, 0xEB, 0x9B, 0x57, 0x32, 0xE9, 0x79, 0xBB,
    0xDF, 0xCB, 0xC3, 0x83, 0x75, 0xC7, 0xDA, 0x30, 0xE7, 0xC2, 0xE1, 0xE5, 0xC6, 0x96, 0xE4, 0x1D,
    0x91, 0x41, 0x36, 0xBB, 0xD4, 0xED, 0x2B, 0x56, 0x7E, 0xAF, 0x60, 0xA5, 0xC7, 0xCB, 0x8F, 0x4D,
    0x86, 0x00, 0x8D, 0x10, 0x12, 0x4D, 0xA9, 0xE6, 0xFB, 0x4F, 0x39, 0x4D, 0xF0, 0xC1, 0x15, 0x45,
    0xA0, 0x9E, 0x92, 0x4F, 0xE9, 0xA7, 0x04, 0x54, 0x0A, 0x2A, 0x09, 0x95, 0x86, 0xE6, 0xBE, 0xAD,
    0x20, 0xD7, 0x87, 0x8A, 0xF8, 0x63, 0x16, 0xD5, 0xF3, 0xEE, 0xF9, 0x51, 0xA1, 0xF5, 0x5D, 0x77,
    0xB7, 0x0E, 0xF1, 0x5D, 0xE5, 0x7D, 0xB0, 0x3E, 0x38, 0x1F, 0x28, 0x22, 0xC0, 0x20, 0x08, 0x02,
    0x3F, 0xA2, 0xC7, 0xAA, 0x3D, 0x84, 0x71, 0x1F, 0x65, 0xDF, 0x27, 0x42, 0x63, 0x4C, 0x49, 0x0A,
    0x5E, 0x40, 0x0B, 0x58, 0x01, 0x29, 0xE0, 0x04, 0x94, 0x80, 0xD1, 0x7D, 0xF3, 0x02, 0x77, 0x04,
    0x35, 0xD3, 0xAD, 0xD4, 0x44, 0xE1, 0xCA, 0xF0, 0xDE, 0x77, 0xFC, 0xB5, 0xB5, 0xA2, 0x70, 0x7F,
    0xFF, 0x7C, 0xB0, 0xBF, 0x0F, 0xF3, 0xB3, 0x0F, 0x18, 0x48, 0x1E, 0x95, 0xC5, 0x91, 0xCF, 0xCD,
    0x9C, 0xD6, 0x46, 0x0E, 0x87, 0xA3, 0x0B, 0x96, 0x1F, 0x77, 0x26, 0xBF, 0x0F, 0xE7, 0xEE, 0xB9,
    0xB0, 0xC0, 0x09, 0x57, 0xA5, 0xF0, 0x82, 0x43, 0xAA, 0x77, 0x1A, 0x50, 0xA3, 0x2D, 0x54, 0x0B,
    0x0C, 0xCE, 0xB4, 0x2A, 0xB6, 0xD0, 0x93, 0x8B, 0x63, 0x07, 0xB6, 0x02, 0x41, 0x52, 0x47, 0x98,
    0xE3, 0x6E, 0x3C, 0xE3, 0xF2, 0xE9, 0x14, 0xB5, 0x6B, 0xAD, 0x0D, 0xCE, 0xED, 0x7F, 0x34, 0x5A,
    0xE9, 0xAA, 0x08, 0x07, 0x3E, 0x6C, 0x38, 0xB3, 0xEE, 0x08, 0x03, 0x0A, 0xFD, 0x5D, 0x37, 0x2C,
    0x1F, 0x87, 0xA6, 0xB5, 0xFE, 0xE6, 0x45, 0xF6, 0x3E, 0xED, 0x6E, 0xBA, 0xA0, 0xF2, 0x2E, 0x5C,
    0x22, 0xF6, 0x2F, 0x4A, 0x0C, 0x95, 0x94, 0x48, 0x3B, 0x74, 0xF9, 0xCA, 0xEC, 0x89, 0xD7, 0xDF,
    0x9B, 0xF3, 0xE2, 0x3E, 0x40, 0x18, 0x7D, 0xC9, 0x22, 0xC8, 0xCB, 0x2C, 0xCD, 0x3A, 0x95, 0xF9,
    0x93, 0xE1, 0x24, 0x82, 0xBC, 0xCB, 0x7F, 0xB1, 0xB1, 0xC9, 0xDF, 0x7E, 0x73, 0x7D, 0xDC, 0x14,
    0xD7, 0x5E, 0x5D, 0x23, 0x3E, 0x01, 0xD5, 0x51, 0x0C, 0xD0, 0x7A, 0x79, 0x8F, 0x92, 0xB6, 0x23,
    0xDE, 0x3A, 0xAF, 0x5C, 0x7F, 0x87, 0x9D, 0xC6, 0xF1, 0x06, 0x85, 0x63, 0x77, 0x1C, 0x35, 0x72,
    0xAB, 0x3D, 0x2C, 0x2C, 0x11, 0x38, 0xB8, 0xE5, 0xDB, 0x4B, 0x01, 0xEF, 0xC4, 0xEC, 0x69, 0xAE,
    0x4C, 0xAC, 0xB8, 0xCA, 0x2D, 0xD1, 0x3D, 0xFC, 0xCC, 0x9D, 0x93, 0x68, 0x7E, 0x66, 0xEF, 0x3C,
    0x8A, 0x84, 0xA8, 0x70, 0x4A, 0x70, 0xB3, 0xB4, 0x3E, 0xEB, 0xFA, 0x60, 0x62, 0x15, 0x80, 0xF5,
    0x8C, 0x2C, 0xA0, 0x0A, 0x89, 0x42, 0x9A, 0x90, 0x24, 0xA4, 0x08, 0x09, 0x42, 0x7A, 0x90, 0x1C,
    0xA4, 0x06, 0x89, 0x41, 0x5A, 0x90, 0x14, 0xA4, 0x04, 0x09, 0x41, 0x3A, 0x90, 0x0C, 0x13, 0x15,
    0xEE, 0xF5, 0x05, 0x91, 0x9A, 0x5F, 0x4B, 0x5F, 0xD1, 0xE5, 0x65, 0x81, 0x4B, 0xBB, 0x85, 0xEE,
    0x31, 0x9C, 0x3F, 0x6C, 0xE7, 0x4F, 0x3B, 0xB8, 0x63, 0x85, 0x95, 0x62, 0x0D, 0xC6, 0x1B, 0x5E,
    0x42, 0xB9, 0xC3, 0x49, 0x24, 0xB4, 0xB0, 0xD4, 0x0E, 0x73, 0x5E, 0xEB, 0xBD, 0x23, 0x7E, 0xAB,
    0xC9, 0x72, 0x54, 0xCF, 0xA2, 0xB1, 0x8F, 0xB8, 0x67, 0x56, 0x3E, 0xBE, 0xD4, 0x62, 0x15, 0xED,
    0xD7, 0x48, 0x3B, 0x67, 0x7B, 0x7E, 0x49, 0xED, 0xCC, 0xBD, 0xA8, 0xDD, 0x44, 0xF9, 0xEF, 0x40,
    0xB2, 0x1C, 0x63, 0xF7, 0x68, 0xC5, 0xAF, 0xDB, 0x47, 0xF0, 0xE9, 0x88, 0x84, 0x70, 0x38, 0xC0,
    0x65, 0x88, 0xFA, 0xCB, 0x53, 0x62, 0x3B, 0xFD, 0x12, 0xBE, 0xF2, 0x49, 0x16, 0xE8, 0xDE, 0x3E,
    0x69, 0x76, 0xE7, 0x20, 0x7E, 0xA1, 0xDD, 0x8E, 0x4D, 0xBA, 0xDC, 0x54, 0xE4, 0x32, 0xB6, 0xFE,
    0x89, 0x9B, 0x59, 0xBF, 0xEB, 0x7A, 0x79, 0x5F, 0xD0, 0xAF, 0x5F, 0xEB, 0x9C, 0xEC, 0xAE, 0xB7,
    0x9A, 0x33, 0xC2, 0xEE, 0x56, 0x9D, 0x95, 0x95, 0x40, 0xCF, 0x3A, 0x0C, 0x16, 0xB4, 0x5C, 0xF6,
    0xF6, 0x31, 0xEB, 0x9C, 0x53, 0x7D, 0x44, 0xDC, 0x17, 0xE1, 0x48, 0xF9, 0xA7, 0x74, 0x10, 0xD2,
    0x70, 0x35, 0xEB, 0xE6, 0x3C, 0x58, 0xDD, 0x3D, 0x19, 0xFC, 0x66, 0x7A, 0x36, 0x24, 0xB7, 0xF6,
    0xC6, 0x14, 0x00, 0x3C, 0xD8, 0x96, 0x6C, 0xCC, 0xEF, 0xEF, 0xEF, 0x7F, 0x53, 0x7B, 0x6D, 0x6A,
    0xD1, 0xA9, 0x2F, 0x5B, 0x3E, 0xB4, 0xB4, 0x86, 0xCB, 0xCC, 0x7E, 0x9B, 0x25, 0x6B, 0x48, 0x91,
    0x2E, 0xA9, 0x5A, 0x66, 0x73, 0xC0, 0x38, 0x8D, 0x4A, 0xDB, 0xCC, 0x12, 0xDD, 0x48, 0x7B, 0xC8,
    0x22, 0xF7, 0x3C, 0x50, 0x61, 0x9E, 0xC4, 0x3D, 0x21, 0xE5, 0xEA, 0xC8, 0xE9, 0x84, 0x27, 0x92,
    0x6F, 0x8F, 0xAC, 0x0A, 0x15, 0x5F, 0x31, 0x13, 0x5B, 0x77, 0xA5, 0xD5, 0xA7, 0x7B, 0xF9, 0x10,
    0xBA, 0xAA, 0xFD, 0xBE, 0x18, 0x18, 0xB6, 0x4F, 0x6D, 0xB4, 0x10, 0x80, 0x94, 0x02, 0x49, 0x5D,
    0xAC, 0xF6, 0xF4, 0xF2, 0xB8, 0x70, 0xC8, 0x52, 0x2D, 0xE5, 0x33, 0xA6, 0x79, 0x47, 0x1F, 0xE9,
    0xB6, 0xEE, 0x8D, 0x7D, 0xB7, 0x56, 0xAA, 0xB5, 0x3E, 0x39, 0x8F, 0x8C, 0xA4, 0xB7, 0x53, 0xC7,
    0xA9, 0x06, 0x83, 0xBD, 0x39, 0xAD, 0x6F, 0xA3, 0x08, 0x5D, 0x42, 0x5F, 0x7C, 0x76, 0x5F, 0x59,
    0x2F, 0xC7, 0xD0, 0x63, 0x7B, 0xAF, 0x6F, 0x9F, 0xD0, 0x7F, 0x9F, 0x30, 0xC6, 0x6C, 0xE2, 0xC8,
    0x76, 0x5E, 0x7D, 0x9F, 0x5C, 0xD5, 0xD9, 0xD5, 0x41, 0x3D, 0xA3, 0xA5, 0x3C, 0xBD, 0x4A, 0x32,
    0x46, 0x29, 0x02, 0xB5, 0x11, 0xF2, 0x45, 0x50, 0x16, 0x78, 0x00, 0x4B, 0xDA, 0xD9, 0x36, 0xB6,
    0x0B, 0xD4, 0x47, 0xCA, 0x92, 0xAB, 0xAE, 0x6A, 0x9F, 0xB2, 0x75, 0xB3, 0x28, 0xEA, 0x3F, 0x42,
    0x7A, 0xAE, 0x28, 0x43, 0x19, 0xCA, 0x02, 0x8E, 0xA5, 0x95, 0x09, 0xE3, 0x41, 0x56, 0xB7, 0xA7,
    0xFD, 0xEF, 0x2F, 0xA2, 0x01, 0x7E, 0x25, 0x47, 0x29, 0xEF, 0x53, 0x38, 0x4F, 0x45, 0x4F, 0x98,
    0x8A, 0xD1, 0xA2, 0xAC, 0x03, 0xB1, 0xD9, 0xA5, 0xD6, 0x7A, 0x20, 0xD4, 0x73, 0xDE, 0x3D, 0x65,
    0x4D, 0x1F, 0xAD, 0xEC, 0x6A, 0x7E, 0x0D, 0x09, 0x36, 0x05, 0x49, 0xE2, 0x91, 0xA5, 0x00, 0x69,
    0x1D, 0x4E, 0x3C, 0x73, 0xF7, 0x77, 0xBF, 0x7A, 0xFE, 0xBE, 0x7F, 0x78, 0x0E, 0x3D, 0x15, 0xB9,
    0x5D, 0x05, 0x4C, 0xA4, 0x33, 0x10, 0x10, 0x2E, 0xD9, 0xC1, 0x03, 0x6E, 0x45, 0x74, 0x4B, 0xAB,
    0x7C, 0x8F, 0x6B, 0x37, 0xC8, 0x45, 0x86, 0x7C, 0x03, 0x7D, 0x2A, 0x5D, 0xA4, 0x31, 0xEB, 0x54,
    0x31, 0x3A, 0x36, 0x8B, 0xBE, 0x44, 0xEA, 0x84, 0xDE, 0xB0, 0xDA, 0xF7, 0x86, 0x4D, 0x2F, 0xF9,
    0x96, 0x4B, 0xA4, 0xCF, 0x76, 0x8C, 0xD5, 0x99, 0xAB, 0xF4, 0x89, 0xDA, 0x9B, 0x0E, 0x5B, 0x3C,
    0x6F, 0x67, 0x3A, 0xF2, 0xCE, 0x3F, 0x2C, 0x27, 0xFA, 0x64, 0x0F, 0x63, 0xB2, 0x33, 0x5C, 0x5B,
    0x8F, 0x10, 0x92, 0xA3, 0x0D, 0x9E, 0xCA, 0x25, 0x72, 0x00, 0x8C, 0x5B, 0x0D, 0x90, 0x0F, 0x16,
    0x40, 0x47, 0x3F, 0x1C, 0xE5, 0x3A, 0xFA, 0xD6, 0x28, 0xC2, 0x31, 0x0A, 0x6D, 0xDC, 0x9B, 0x80,
    0xEF, 0xC2, 0x3F, 0x6C, 0xC7, 0xB3, 0x24, 0xB6, 0x7D, 0x84, 0x5E, 0xE5, 0x9F, 0x71, 0xC2, 0xAF,
    0xF3, 0xFD, 0xC9, 0x59, 0x33, 0xDD, 0xC2, 0xB8, 0x9A, 0x61, 0x57, 0x9B, 0xA4, 0x04, 0xD0, 0x8E,
    0x14, 0x6D, 0xEA, 0x4B, 0x59, 0xA3, 0x71, 0x9C, 0xCE, 0xF2, 0x45, 0x76, 0x2E, 0x32, 0xC6, 0xA6,
    0xFB, 0xD3, 0xC2, 0x81, 0xED, 0x47, 0x21, 0x47, 0x03, 0x25, 0x43, 0x32, 0x32, 0xDB, 0x9E, 0x8E,
    0x8C, 0x83, 0xA4, 0xEB, 0x5C, 0x53, 0x23, 0x69, 0x77, 0xF8, 0x89, 0x78, 0xD3, 0x44, 0xE7, 0x7A,
    0x3B, 0xBD, 0x94, 0x3A, 0xAB, 0xF2, 0xE4, 0x56, 0xA2, 0xB3, 0xF8, 0xD9, 0xE9, 0xAF, 0xEE, 0x1B,
    0x97, 0xC1, 0xC5, 0x8F, 0xCF, 0xE9, 0x33, 0x21, 0x06, 0x66, 0xA3, 0x21, 0xC7, 0x29, 0x45, 0x71,
    0x74, 0xD8, 0xF4, 0xE7, 0x63, 0x02, 0xF2, 0xF1, 0x6A, 0xAB, 0xDE, 0xCE, 0x6B, 0x80, 0xCA, 0xBA,
    0x82, 0x12, 0xDF, 0x01, 0xE4, 0x1F, 0xE7, 0xDE, 0x4E, 0x72, 0x66, 0x56, 0x13, 0x14, 0x4E, 0x77,
    0x71, 0xE6, 0x27, 0xBE, 0xE6, 0x9A, 0xED, 0xC1, 0x73, 0x7C, 0x0E, 0x42, 0xAD, 0x40, 0xE6, 0x1A,
    0xBE, 0x84, 0xE8, 0x29, 0xEC, 0xCF, 0xBF, 0x87, 0x8F, 0x2A, 0x7D, 0x9E, 0xC0, 0x16, 0x1C, 0x53,
    0xBD, 0xEE, 0xEC, 0x81, 0xA1, 0xAD, 0x0F, 0x32, 0x3E, 0xE5, 0xA3, 0x5E, 0x1A, 0xC0, 0xF0, 0x3E,
    0x68, 0x64, 0xEB, 0x33, 0x70, 0x91, 0x7A, 0xF3, 0xAF, 0xD6, 0xB6, 0xE1, 0xC2, 0x5A, 0x7D, 0xD8,
    0x75, 0x8C, 0x27, 0x61, 0x45, 0x9D, 0x40, 0x17, 0x50, 0x92, 0xF1, 0x29, 0x1D, 0x49, 0x07, 0xD9,
    0x54, 0x8B, 0xFE, 0xB5, 0x5D, 0xD4, 0x46, 0x56, 0x44, 0xB0, 0xB0, 0xCD, 0xC3, 0xE5, 0x49, 0x34,
    0x24, 0x9D, 0xC0, 0x52, 0x3F, 0xA7, 0x31, 0xE9, 0x9D, 0x6D, 0x5D, 0xE8, 0xEB, 0x3D, 0xFC, 0xC3,
    0xD1, 0xA7, 0xD1, 0xFD, 0x3D, 0xDB, 0x7A, 0x88, 0xCB, 0x1D, 0x47, 0x18, 0x36, 0x68, 0x8D, 0xDB,
    0x9D, 0xC4, 0xE3, 0xF4, 0xE4, 0x93, 0xAD, 0xD0, 0xCC, 0xAD, 0x24, 0x47, 0x5C, 0x6B, 0x24, 0x32,
    0x5A, 0x65, 0xEE, 0x51, 0x6D, 0xBF, 0x51, 0x42, 0xF3, 0x4E, 0x23, 0xC7, 0xC7, 0xA1, 0xA0, 0x53,
    0x40, 0x91, 0x3E, 0x8D, 0xA4, 0xDB, 0x6B, 0xAD, 0x0B, 0x49, 0x6B, 0x74, 0xF6, 0x36, 0x1F, 0x11,
    0x13, 0x3C, 0xEB, 0xA3, 0x33, 0xB5, 0x6E, 0x57, 0x1B, 0x23, 0xE3, 0x5E, 0x25, 0x74, 0xB6, 0x48,
    0x5C, 0xD3, 0xBA, 0x5A, 0x09, 0xDE, 0x15, 0xB3, 0xDB, 0xA5, 0xBE, 0x53, 0x6D, 0xC7, 0xB0, 0xDD,
    0x21, 0xEC, 0x2B, 0xFC, 0xFD, 0xD3, 0x7D, 0x8B, 0x7E, 0x7B, 0x74, 0xCF, 0xB2, 0xF6, 0xDD, 0xB5,
    0x53, 0x3D, 0xB5, 0x1B, 0xBD, 0x09, 0xE4, 0x1D, 0x73, 0xDF, 0x44, 0xE8, 0xC7, 0xD8, 0xFF, 0x6F,
    0x0A, 0xC6, 0x03, 0xD3, 0xFA, 0x83, 0xBD, 0xDA, 0xEA, 0x53, 0xDE, 0x4C, 0xBF, 0x98, 0xD7, 0x07,
    0x9C, 0x74, 0xBB, 0x69, 0x02, 0x65, 0x9C, 0xE6, 0x8A, 0x2B, 0x6F, 0x75, 0x1E, 0xBA, 0xBF, 0xFB,
    0xFF, 0x00, 0xED, 0x5C, 0x3F, 0xAC, 0x1D, 0x65, 0x76, 0xFF, 0x66, 0xC6, 0xBC, 0x0B, 0x1E, 0x60,
    0x5C, 0xB0, 0x12, 0x8B, 0x77, 0x3D, 0x29, 0xB6, 0x48, 0x56, 0xC6, 0x93, 0x82, 0xC2, 0xC5, 0xB3,
    0x67, 0x76, 0x91, 0x92, 0x22, 0x05, 0x5B, 0xAC, 0x89, 0x42, 0x8A, 0x6D, 0x36, 0x52, 0x42, 0x12,
    0x39, 0x45, 0x0A, 0x4B, 0x31, 0xBE, 0x97, 0xA5, 0x48, 0x41, 0xB1, 0x2E, 0x42, 0x15, 0x29, 0x72,
    0x41, 0x24, 0xF3, 0x28, 0x4C, 0x81, 0x56, 0xEC, 0xEA, 0xC1, 0x0C, 0xB8, 0x70, 0x41, 0xC1, 0x5D,
    0x50, 0x92, 0x22, 0x52, 0x18, 0xD6, 0xAC, 0x56, 0x62, 0x0B, 0x06, 0x34, 0x84, 0xC1, 0x9E, 0x99,
    0x2F, 0xE7, 0x77, 0xCE, 0xF9, 0xBE, 0x99, 0xFB, 0xDE, 0x63, 0x93, 0x06, 0x07, 0x63, 0xAE, 0xEC,
    0x99, 0xB9, 0xF7, 0xCD, 0x7C, 0x7F, 0xCE, 0x39, 0xDF, 0xF9, 0xF3, 0x3B, 0xE7, 0x1B, 0x63, 0xF0,
    0x09, 0x57, 0x7C, 0x32, 0x59, 0x2D, 0xE7, 0x65, 0x63, 0x4C, 0x50, 0x76, 0x26, 0xA7, 0x73, 0x36,
    0xDA, 0x2A, 0xA9, 0x4D, 0x68, 0xAB, 0xB4, 0x4B, 0x2A, 0x93, 0x8C, 0x26, 0xB6, 0xD6, 0x98, 0xBC,
    0x33, 0x91, 0x7D, 0xDF, 0x18, 0xDB, 0xD0, 0xD9, 0xD0, 0xFF, 0x8A, 0xCF, 0x0B, 0xBB, 0xA2, 0x5B,
    0x57, 0x26, 0xE1, 0xDF, 0x56, 0xF4, 0xB4, 0xFC, 0x2D, 0xEF, 0xE5, 0xBC, 0xEC, 0xE5, 0xF7, 0xB2,
    0x95, 0x7B, 0xE9, 0x71, 0xBE, 0xD7, 0x9F, 0x6B, 0xC3, 0xCF, 0xE0, 0x8C, 0x67, 0xEC, 0x9A, 0x46,
    0xD3, 0x19, 0x53, 0xAE, 0xE5, 0x9E, 0x25, 0x8F, 0x84, 0xFE, 0x56, 0xD3, 0xE3, 0x85, 0x31, 0x69,
    0x63, 0x92, 0x81, 0x46, 0x1C, 0x77, 0x66, 0xD9, 0x62, 0x26, 0x23, 0x7A, 0xC7, 0x14, 0x6C, 0x27,
    0x53, 0x7B, 0xC1, 0xB8, 0x4F, 0x58, 0xF0, 0x1C, 0x2B, 0xFE, 0x73, 0xE5, 0xAE, 0x0F, 0x99, 0x64,
    0x45, 0x6D, 0xD5, 0x19, 0x7D, 0xFD, 0x8D, 0x45, 0x97, 0x3F, 0xA1, 0xCE, 0x23, 0x1B, 0xD2, 0x68,
    0xE2, 0x01, 0xC7, 0xA4, 0xC7, 0xCC, 0xB2, 0x16, 0xC7, 0xBC, 0x59, 0x8C, 0x18, 0x45, 0x3C, 0x60,
    0x4C, 0x09, 0xDD, 0x5E, 0x12, 0x5D, 0x70, 0x04, 0xAD, 0xCA, 0x6A, 0x89, 0xF1, 0x56, 0x18, 0x59,
    0x76, 0x95, 0xC7, 0x65, 0x99, 0xA4, 0xD3, 0x20, 0x8C, 0xF9, 0x81, 0x9C, 0xA2, 0x5E, 0xCE, 0x3C,
    0x7C, 0xDC, 0x39, 0xCA, 0x39, 0xE8, 0xC3, 0x9D, 0x9D, 0x4B, 0x66, 0xE7, 0xC5, 0x76, 0x61, 0x69,
    0xC6, 0x96, 0xDA, 0xB2, 0xF4, 0xA7, 0x0C, 0xCD, 0xD3, 0x23, 0xC4, 0x02, 0x21, 0x56, 0x21, 0xE7,
    0x94, 0x9E, 0x40, 0x1F, 0x27, 0x8C, 0x10, 0xE6, 0x94, 0xD0, 0xD9, 0x6C, 0x0B, 0x7D, 0xCD, 0x39,
    0x8C, 0x81, 0xEE, 0x6D, 0x85, 0xBE, 0x46, 0xE9, 0x1C, 0x80, 0xCE, 0xD4, 0x73, 0xB8, 0x16, 0x3A,
    0x47, 0x95, 0x9C, 0x17, 0x2B, 0xA1, 0x37, 0x9A, 0x07, 0x8F, 0xA8, 0x79, 0x3E, 0x9F, 0xC6, 0x99,
    0x7E, 0xDF, 0x05, 0xED, 0x7A, 0x13, 0x82, 0xD6, 0xB9, 0x2D, 0x52, 0xCC, 0x2E, 0xB3, 0x96, 0x69,
    0x4E, 0x72, 0xC1, 0x73, 0x08, 0x30, 0x6E, 0x7C, 0xB6, 0x66, 0xD3, 0x8E, 0xAB, 0xB9, 0x84, 0xE5,
    0xD4, 0x6D, 0xC1, 0x93, 0xC9, 0x9A, 0x60, 0xFC, 0xD1, 0x2A, 0xB0, 0x44, 0xDD, 0x91, 0x46, 0xDC,
    0x80, 0x60, 0x99, 0xAD, 0x53, 0xEA, 0xE0, 0xFC, 0x92, 0x89, 0x7A, 0xC9, 0xAE, 0xCA, 0x1A, 0xAD,
    0x06, 0x10, 0x86, 0xC8, 0xF2, 0xF4, 0xA2, 0x21, 0x41, 0x9F, 0x71, 0xBF, 0x8D, 0x49, 0x25, 0xED,
    0xCF, 0xEC, 0x3D, 0xD4, 0xF8, 0xC7, 0xD7, 0x87, 0x6D, 0x8C, 0xEB, 0x1F, 0xC7, 0x16, 0xA7, 0x04,
    0x0F, 0xE4, 0x1D, 0xCF, 0x3B, 0xAF, 0x23, 0x8C, 0xF9, 0x9B, 0x66, 0xCF, 0x27, 0x2E, 0xCC, 0xCB,
    0xB3, 0x6F, 0x4D, 0xD6, 0x4C, 0xDF, 0x22, 0x99, 0x97, 0xFB, 0xD8, 0x7E, 0xFE, 0x60, 0x5E, 0xCF,
    0xBF, 0x25, 0x7B, 0xDB, 0x35, 0xC1, 0xCE, 0xCE, 0xCE, 0x45, 0x50, 0xEB, 0x5F, 0xCF, 0x3C, 0x79,
    0x99, 0x78, 0x63, 0xC1, 0x49, 0x83, 0xD3, 0x00, 0x92, 0x15, 0x58, 0x63, 0xF6, 0x62, 0x04, 0x31,
    0xA5, 0x35, 0x95, 0x30, 0x4D, 0x59, 0x5A, 0xD2, 0x01, 0x2B, 0x89, 0x18, 0x92, 0xA1, 0x77, 0x62,
    0x0A, 0xAD, 0x17, 0x1A, 0x65, 0xC9, 0xB3, 0xE8, 0xC1, 0xE5, 0x7B, 0x88, 0x18, 0x18, 0x0B, 0x31,
    0x8A, 0x79, 0xBF, 0x60, 0x7A, 0x97, 0x8D, 0x5B, 0x46, 0x20, 0xB5, 0xD5, 0x6F, 0xB9, 0x35, 0x2A,
    0x21, 0xFC, 0x0B, 0x84, 0x2D, 0x24, 0xB2, 0x04, 0xBC, 0x6E, 0x5B, 0x23, 0xD2, 0x82, 0x6F, 0x22,
    0xA9, 0x11, 0xAF, 0xDF, 0x5A, 0xFA, 0x66, 0xC9, 0x89, 0xE8, 0xEE, 0xA5, 0xE5, 0x39, 0xCA, 0x3A,
    0x97, 0xBE, 0xF9, 0x5B, 0x6C, 0x57, 0x91, 0xF0, 0x1A, 0x6B, 0x96, 0x7E, 0x91, 0xBE, 0x59, 0x92,
    0x48, 0xBA, 0x48, 0x40, 0x4C, 0x50, 0xF0, 0x37, 0x1A, 0x2A, 0xFA, 0x8E, 0x0A, 0x96, 0x2E, 0x5B,
    0x87, 0x3C, 0x6F, 0xBA, 0x6A, 0xB1, 0x8E, 0xB9, 0xEF, 0xA7, 0x68, 0x18, 0x9D, 0xC9, 0x7A, 0x93,
    0x52, 0x23, 0x8B, 0xDE, 0x1C, 0xB5, 0xE3, 0x1F, 0x71, 0xDF, 0x1F, 0x5C, 0xA1, 0xBB, 0x40, 0xB8,
    0xCF, 0x84, 0x7E, 0x3C, 0xD0, 0xE0, 0x87, 0x66, 0xFF, 0x27, 0x32, 0x87, 0x3D, 0xDD, 0x17, 0xAB,
    0x53, 0x9E, 0xEA, 0x8B, 0xAA, 0xF3, 0x34, 0x8F, 0xAE, 0x37, 0x8E, 0xE2, 0xB2, 0x52, 0x84, 0xDE,
    0x26, 0x54, 0xFA, 0x82, 0x02, 0xA6, 0xF7, 0xB4, 0xE6, 0x95, 0xE3, 0x29, 0x6D, 0x26, 0x3A, 0x1F,
    0x21, 0xCD, 0xA1, 0x54, 0x0E, 0xED, 0xC5, 0x6D, 0x47, 0xE3, 0xC4, 0xD2, 0x24, 0x94, 0xC2, 0xFF,
    0x60, 0x59, 0x93, 0x30, 0x7D, 0x9B, 0x25, 0xD3, 0x12, 0xD4, 0xFD, 0x55, 0x8D, 0x35, 0x2F, 0xB4,
    0x7D, 0xA7, 0x09, 0x5B, 0x47, 0xD9, 0xAB, 0x4D, 0xBC, 0xF6, 0x74, 0x2D, 0xB2, 0x89, 0xAA, 0x6E,
    0x38, 0xA0, 0x69, 0xD4, 0xE8, 0x35, 0x0D, 0x29, 0xA9, 0xC2, 0x4A, 0xE9, 0x49, 0xDA, 0x2F, 0xAC,
    0x95, 0x9A, 0x81, 0x1D, 0xA2, 0xB5, 0xD2, 0x92, 0xD6, 0xE4, 0x33, 0x95, 0x52, 0xF2, 0x18, 0x8D,
    0xCD, 0xD1, 0xF1, 0x78, 0xC8, 0x5C, 0x64, 0x2A, 0xDE, 0xBD, 0x21, 0xCB, 0x81, 0x9E, 0xFF, 0xCC,
    0xFF, 0x72, 0xD6, 0x92, 0x81, 0x88, 0x64, 0x65, 0xD3, 0x00, 0xAA, 0xD4, 0x28, 0x8F, 0xC3, 0xE6,
    0xBC, 0x08, 0x7F, 0x6F, 0x82, 0x8F, 0x5B, 0x59, 0xDF, 0xAD, 0xE8, 0x6E, 0xDC, 0x00, 0xDA, 0xAC,
    0xFC, 0x65, 0xA9, 0xA6, 0x85, 0xA6, 0x78, 0x5E, 0xD7, 0x13, 0x11, 0xF7, 0x88, 0x74, 0x49, 0x97,
    0x87, 0xE4, 0xCF, 0x1F, 0x11, 0x59, 0xCA, 0x3A, 0x35, 0xCC, 0x3B, 0x9A, 0x0D, 0x86, 0x19, 0xF7,
    0x44, 0x84, 0x13, 0xAC, 0x55, 0xB2, 0x86, 0x68, 0xF7, 0x72, 0x8E, 0x47, 0x97, 0x15, 0xF5, 0xDB,
    0xC6, 0x60, 0x9B, 0x2D, 0xE8, 0xB2, 0x33, 0xCC, 0x51, 0x0C, 0xA1, 0x03, 0x95, 0x48, 0x84, 0xA8,
    0xDF, 0x02, 0x0A, 0x93, 0xFE, 0x8A, 0x87, 0x2F, 0xD0, 0xAD, 0x69, 0xCB, 0xCC, 0xE9, 0x48, 0xFD,
    0x64, 0xCD, 0xC2, 0xBE, 0xBE, 0x8A, 0x6B, 0xD2, 0x89, 0x79, 0xF3, 0x6D, 0xFB, 0xEC, 0x2A, 0xEB,
    0x70, 0xF9, 0xC9, 0xCF, 0x98, 0x4C, 0xB8, 0xB4, 0xEF, 0x58, 0xD2, 0xFD, 0xF6, 0xED, 0x35, 0x5D,
    0x3E, 0x6A, 0xEB, 0xE4, 0x8F, 0xA1, 0x10, 0x52, 0xFA, 0xA9, 0x48, 0x58, 0x29, 0x87, 0x17, 0xCD,
    0x8F, 0xCD, 0x3D, 0x3C, 0xE9, 0x8D, 0x0F, 0x89, 0xA0, 0x31, 0x87, 0xA1, 0xC6, 0x41, 0x6F, 0xF0,
    0x50, 0x16, 0xE6, 0xDA, 0xE8, 0x12, 0x64, 0x95, 0xC4, 0x8A, 0x55, 0x2F, 0x79, 0x15, 0xA5, 0xAC,
    0x3E, 0x99, 0x7C, 0x59, 0xAF, 0x0B, 0x55, 0x98, 0x2D, 0x92, 0xCA, 0xBC, 0xD6, 0x4B, 0x7E, 0x96,
    0x35, 0xBC, 0x3C, 0x3B, 0x6B, 0x86, 0x2F, 0xE5, 0x59, 0x6E, 0x51, 0x1E, 0xC8, 0xA6, 0x66, 0xB8,
    0x45, 0x79, 0x96, 0x5B, 0xDC, 0x33, 0x9A, 0x43, 0xD3, 0x68, 0x8E, 0x4F, 0xA3, 0xD9, 0x9E, 0x46,
    0xD3, 0xE9, 0x68, 0x20, 0x01, 0x72, 0x49, 0x5C, 0x4A, 0x1A, 0xB6, 0x33, 0xB1, 0x1D, 0x77, 0xC8,
    0x61, 0xB0, 0x6C, 0x82, 0x61, 0x18, 0x92, 0xD1, 0x93, 0x25, 0x9D, 0x14, 0x68, 0xD6, 0x4D, 0x8A,
    0xD4, 0x69, 0xDC, 0xF3, 0x6A, 0x95, 0xD1, 0x9E, 0xB1, 0x5E, 0xEB, 0xBE, 0xED, 0x6F, 0x5D, 0xF2,
    0x08, 0xC4, 0xB4, 0x3C, 0x3F, 0x27, 0x35, 0x0B, 0x0F, 0x53, 0xDA, 0x2C, 0x8D, 0x27, 0xF4, 0x4A,
    0x67, 0x16, 0xCC, 0xAE, 0x3C, 0x95, 0x07, 0x47, 0x12, 0x27, 0xCC, 0xAE, 0x0F, 0xDF, 0x1B, 0xD3,
    0x23, 0xE8, 0x3D, 0x73, 0xDC, 0x15, 0x56, 0x96, 0x90, 0x37, 0xC1, 0x57, 0x26, 0xC0, 0x69, 0x7F,
    0xC5, 0x9E, 0x8A, 0xF2, 0xA5, 0xF2, 0x6C, 0xD1, 0xAB, 0x43, 0xEC, 0x9C, 0x30, 0x61, 0xA1, 0x72,
    0x84, 0xAE, 0x91, 0x75, 0x64, 0x65, 0x17, 0x80, 0xA9, 0x9A, 0xF4, 0x8E, 0xA8, 0xB8, 0x12, 0x9A,
    0x82, 0x64, 0x42, 0x52, 0x4F, 0xB1, 0x89, 0x76, 0x70, 0x8C, 0xCC, 0xB4, 0xAC, 0xF6, 0x5C, 0x05,
    0x9E, 0x9A, 0x91, 0xE3, 0xC6, 0x91, 0xC8, 0x4D, 0xB4, 0x4F, 0x6A, 0xF7, 0xB7, 0xAC, 0x50, 0x4F,
    0xC9, 0x4E, 0x54, 0x50, 0x0B, 0x18, 0xF0, 0x39, 0x28, 0x99, 0x03, 0xA9, 0xAC, 0xD7, 0x18, 0x0E,
    0x1D, 0xB4, 0x58, 0x01, 0x62, 0xD3, 0x3C, 0x02, 0x77, 0x82, 0xEB, 0xC4, 0x34, 0x4E, 0x84, 0xB0,
    0x69, 0xE7, 0xB5, 0x83, 0x8C, 0x1A, 0x74, 0xA5, 0x21, 0x83, 0xA8, 0x25, 0xEB, 0x2A, 0x03, 0xA1,
    0x69, 0xD0, 0x02, 0x68, 0x09, 0x65, 0x5C, 0xD6, 0xAC, 0x97, 0x61, 0x0C, 0x46, 0x3E, 0xC5, 0xBD,
    0xB8, 0x96, 0x3D, 0xFF, 0x9E, 0x76, 0x8F, 0xB0, 0x5B, 0xD6, 0x34, 0x20, 0x5B, 0x7E, 0x93, 0x9D,
    0xB1, 0x25, 0x6B, 0x02, 0x38, 0x4A, 0xE8, 0x91, 0xD4, 0x1A, 0x08, 0x74, 0xD8, 0xD3, 0x49, 0x89,
    0xA4, 0x74, 0x91, 0x93, 0xD2, 0x46, 0x08, 0xA3, 0x54, 0x11, 0x92, 0x84, 0x42, 0x0F, 0x47, 0x0C,
    0xA5, 0xC4, 0xE2, 0xC6, 0x65, 0x63, 0xFE, 0xE2, 0xCC, 0xA5, 0xEF, 0xEE, 0xEC, 0x14, 0xD0, 0x4F,
    0x10, 0x3C, 0x52, 0xEE, 0x90, 0xFD, 0x84, 0x0E, 0x34, 0x6F, 0x31, 0xC7, 0x0B, 0x78, 0xC4, 0x9D,
    0x0A, 0xC5, 0x82, 0xC4, 0x25, 0x6C, 0x54, 0x2E, 0x62, 0x4C, 0xB0, 0x36, 0xB1, 0x18, 0x55, 0x32,
    0x27, 0xD1, 0x5A, 0xE5, 0xE4, 0x18, 0xBC, 0x6A, 0xF6, 0xB1, 0xE9, 0x73, 0x9C, 0xA4, 0x83, 0xDC,
    0xB1, 0x8C, 0xFD, 0xC3, 0x6D, 0xF8, 0xDD, 0x85, 0xCA, 0xE9, 0xDF, 0xC3, 0xD2, 0x3A, 0xA1, 0x25,
    0x25, 0xB6, 0x4A, 0x54, 0x5A, 0x4D, 0x4D, 0xDD, 0x7D, 0x5B, 0x05, 0x36, 0x5C, 0x93, 0x90, 0x1E,
    0xD7, 0x2F, 0xD4, 0xAA, 0x6D, 0xD4, 0x48, 0xA1, 0xD5, 0xB2, 0x79, 0x44, 0x87, 0x46, 0xAD, 0x2E,
    0xFB, 0x97, 0xF4, 0x0B, 0xB7, 0xEA, 0xC6, 0x99, 0x82, 0xD1, 0x6E, 0x9C, 0xA7, 0xC5, 0xB1, 0x90,
    0x71, 0x6E, 0x0B, 0xEF, 0x65, 0x25, 0xED, 0x8A, 0xE4, 0xF3, 0x38, 0x03, 0x56, 0xC1, 0xB5, 0x0C,
    0x8D, 0xAC, 0x18, 0x75, 0xD8, 0x22, 0x54, 0x00, 0x67, 0x1A, 0x96, 0xE8, 0xD2, 0x4B, 0xEC, 0x37,
    0x74, 0x68, 0xFB, 0xE5, 0x16, 0x34, 0x2F, 0xBC, 0xC4, 0xD6, 0xD1, 0xA4, 0x41, 0xA2, 0x6E, 0xD1,
    0xCD, 0xDC, 0xB3, 0x64, 0x3D, 0x7B, 0x62, 0x9C, 0xB5, 0xF5, 0xD0, 0x45, 0xB3, 0xC1, 0x2C, 0x72,
    0xBA, 0x1D, 0xAB, 0xE0, 0x77, 0x2B, 0xA3, 0xE2, 0xDE, 0xB3, 0x29, 0xE9, 0x3D, 0x93, 0x64, 0xC5,
    0x31, 0x8B, 0x60, 0x46, 0x94, 0x41, 0x33, 0xF6, 0xCC, 0x98, 0x33, 0x63, 0x0D, 0xD9, 0x11, 0xC7,
    0x18, 0xB8, 0xAB, 0xC2, 0x16, 0x50, 0x49, 0x99, 0xB2, 0xA4, 0x4B, 0x65, 0xC9, 0x4D, 0x98, 0x7E,
    0x61, 0x08, 0xC7, 0x4C, 0xC2, 0x0E, 0x48, 0xB9, 0x32, 0x03, 0x8B, 0x47, 0x59, 0x81, 0xD1, 0x28,
    0x23, 0x20, 0xD2, 0xCA, 0x06, 0x2C, 0x24, 0x65, 0x02, 0x44, 0x5B, 0x59, 0xA0, 0xEB, 0x0A, 0x0C,
    0xA0, 0x75, 0xEA, 0xC8, 0x8F, 0x45, 0xAA, 0xC4, 0x77, 0x24, 0xFE, 0xC6, 0x06, 0x81, 0xAD, 0x39,
    0xE0, 0x32, 0x1E, 0x26, 0xDF, 0x76, 0x52, 0xDB, 0x49, 0xE3, 0xBD, 0x84, 0xCC, 0xB1, 0x2B, 0x5E,
    0xE7, 0xFE, 0xCF, 0xAD, 0xBF, 0x35, 0x99, 0x74, 0x75, 0x34, 0xCC, 0xDD, 0xE2, 0x62, 0x6F, 0x53,
    0xDE, 0xE3, 0xCE, 0xF7, 0x5D, 0xA4, 0xD5, 0x01, 0x4E, 0x5E, 0xC0, 0xA1, 0x03, 0x0B, 0x0C, 0xA2,
    0x84, 0x6C, 0x45, 0xDE, 0x63, 0xC9, 0xAA, 0x21, 0xB5, 0xEF, 0xFD, 0xB6, 0x27, 0x3F, 0xCF, 0x9C,
    0xCC, 0xAF, 0xBE, 0xD9, 0x53, 0x18, 0x62, 0x8E, 0x2C, 0xDF, 0xA2, 0xE8, 0xED, 0x43, 0x1A, 0x80,
    0xFD, 0xDB, 0x44, 0xB8, 0x6C, 0x4F, 0x52, 0x87, 0xA4, 0x77, 0xC2, 0xB1, 0x21, 0xFD, 0x40, 0x84,
    0x24, 0x07, 0xB7, 0x64, 0xDA, 0x11, 0xC7, 0x84, 0x88, 0x09, 0x05, 0x7F, 0x8F, 0x82, 0x84, 0xC9,
    0x40, 0x32, 0x06, 0xAA, 0x65, 0x7D, 0x6C, 0x77, 0x71, 0x91, 0xB7, 0x89, 0x6D, 0x41, 0xBC, 0xBC,
    0x26, 0x25, 0xC8, 0x0A, 0xA8, 0x52, 0x07, 0x72, 0xCB, 0x6C, 0x5D, 0x9C, 0xC8, 0xE6, 0x89, 0xE6,
    0x2F, 0xBC, 0x97, 0x30, 0xCD, 0x53, 0xA6, 0x77, 0xC8, 0xF9, 0x46, 0x59, 0xA1, 0xF7, 0xE6, 0xEF,
    0xE8, 0x2D, 0xB9, 0x63, 0x53, 0x32, 0x13, 0xFB, 0x95, 0xF9, 0x1B, 0x5D, 0x0C, 0xAA, 0x56, 0x49,
    0xAC, 0x95, 0xD8, 0xCB, 0x71, 0x6F, 0x67, 0xF1, 0x6A, 0x2F, 0xFD, 0x16, 0x4A, 0xD4, 0xB0, 0xD4,
    0x8B, 0xD8, 0x89, 0x45, 0xE2, 0xC2, 0x1D, 0xDF, 0xED, 0xA7, 0x2A, 0x10, 0xD1, 0x9B, 0x7A, 0x11,
    0x3F, 0xA6, 0x17, 0xC7, 0x9C, 0x5D, 0x3F, 0xEF, 0x02, 0xD8, 0x46, 0xCD, 0x7B, 0x54, 0xA9, 0x5D,
    0x4D, 0x0A, 0x35, 0xAB, 0xA7, 0x45, 0x05, 0xD0, 0xC2, 0xB0, 0x1C, 0x72, 0xB0, 0x6F, 0xC7, 0x33,
    0x5C, 0xAC, 0x55, 0x07, 0xA4, 0x85, 0x5E, 0x9C, 0x76, 0xFE, 0x23, 0xF9, 0x94, 0x3C, 0xAB, 0xA8,
    0x11, 0x37, 0xDC, 0x24, 0xB5, 0xF3, 0x82, 0x20, 0xDB, 0xF4, 0xA7, 0xA3, 0xA4, 0x98, 0x39, 0xCC,
    0xA7, 0x66, 0x23, 0xB1, 0xFE, 0x33, 0x0D, 0x52, 0x44, 0x3C, 0x96, 0x94, 0x55, 0x08, 0xC2, 0xD6,
    0x90, 0x5D, 0x54, 0x69, 0x54, 0x1D, 0x53, 0x99, 0xC2, 0x39, 0x31, 0x88, 0xF2, 0xDC, 0x25, 0x8C,
    0xEA, 0xE3, 0x9E, 0x8D, 0x1C, 0x26, 0xF6, 0x1A, 0x1C, 0xD0, 0xB0, 0x81, 0xF1, 0x8D, 0x57, 0x90,
    0xB7, 0x63, 0xCC, 0xBF, 0x6D, 0xB6, 0x25, 0xBC, 0xB8, 0x22, 0xF6, 0x81, 0xE2, 0x1A, 0x4A, 0x25,
    0x5D, 0xE7, 0x36, 0xA4, 0xE8, 0xF6, 0x53, 0x7B, 0xCC, 0x94, 0x37, 0xDF, 0xC4, 0x92, 0xB3, 0x30,
    0x6B, 0xB6, 0xC7, 0xAA, 0x2D, 0xD9, 0xF1, 0xFF, 0xA6, 0x09, 0x58, 0x3B, 0xDD, 0x6F, 0x82, 0x97,
    0x30, 0xAB, 0xB3, 0x35, 0x47, 0x9A, 0x85, 0x8F, 0x30, 0x97, 0x3C, 0xC2, 0x63, 0x7B, 0xDC, 0x49,
    0x23, 0xD1, 0x75, 0xCA, 0xE3, 0x4F, 0x7C, 0x40, 0xC6, 0xF1, 0x8B, 0xF7, 0x60, 0xE4, 0x28, 0x3E,
    0x8C, 0x68, 0x5A, 0xA6, 0xAA, 0xA8, 0x7D, 0x71, 0xE0, 0x84, 0x86, 0x91, 0x8F, 0xEF, 0x36, 0x1B,
    0xCB, 0x3E, 0xA7, 0x31, 0xB6, 0x81, 0x47, 0x79, 0x04, 0x44, 0xED, 0x69, 0x59, 0x72, 0x60, 0xC0,
    0x54, 0xE6, 0x60, 0x40, 0xC2, 0x00, 0xEE, 0x8D, 0x3B, 0x28, 0xC5, 0xAF, 0x9B, 0xC8, 0x4B, 0xC4,
    0x6D, 0x9D, 0xFB, 0x87, 0xA1, 0xB1, 0xAD, 0x4C, 0xE1, 0x55, 0x3C, 0xC0, 0xE2, 0x88, 0xA7, 0xD8,
    0x22, 0xB3, 0x2A, 0x62, 0xCD, 0x11, 0xF7, 0xF7, 0x42, 0xFE, 0x89, 0x4B, 0xE9, 0x4D, 0x0E, 0x68,
    0x2B, 0x8D, 0x6A, 0x73, 0xB4, 0x74, 0x58, 0x25, 0xF5, 0x65, 0x91, 0xF4, 0xE5, 0xF7, 0x79, 0x4A,
    0x99, 0xD8, 0x6C, 0x55, 0x42, 0xCE, 0x80, 0xCC, 0xDD, 0x74, 0xC0, 0x5B, 0xB8, 0xF1, 0x06, 0xCC,
    0x3A, 0xE9, 0x0E, 0xA8, 0x23, 0xE2, 0x4E, 0xDC, 0x09, 0xB4, 0x35, 0x38, 0x64, 0x4B, 0x81, 0xAD,
    0x05, 0x7B, 0x36, 0x85, 0xC2, 0x5A, 0x82, 0x6A, 0xAD, 0x04, 0xD4, 0x5A, 0x2D, 0xD9, 0x76, 0xAC,
    0x60, 0x81, 0x89, 0xA0, 0x8A, 0x64, 0xB9, 0x93, 0xE0, 0x2C, 0x0A, 0x67, 0x61, 0x38, 0x74, 0x9B,
    0x82, 0x59, 0x4B, 0x11, 0x68, 0x85, 0xB2, 0xD2, 0x86, 0x39, 0x19, 0xB7, 0x8C, 0xBE, 0x85, 0x83,
    0xE0, 0x58, 0x0A, 0x63, 0x39, 0x24, 0xE5, 0x5E, 0xF3, 0x20, 0xCC, 0xC1, 0x2B, 0xD4, 0x76, 0x44,
    0x4D, 0x26, 0x6F, 0x55, 0x46, 0xEC, 0xF3, 0x82, 0xBD, 0x7B, 0x8E, 0xE7, 0xBD, 0xDE, 0xBD, 0xCB,
    0x39, 0x2F, 0xE9, 0x7F, 0x8F, 0xC0, 0xA6, 0x6C, 0x41, 0x8A, 0xCB, 0xAE, 0x16, 0x16, 0xBE, 0xD6,
    0x10, 0x90, 0x47, 0xD9, 0xD3, 0xCA, 0xCA, 0x3B, 0x4C, 0x81, 0x64, 0x98, 0x04, 0x86, 0x9A, 0x62,
    0x19, 0xA5, 0x00, 0x8C, 0x2C, 0xF5, 0x9A, 0x04, 0x3D, 0x87, 0x6E, 0xCC, 0xDE, 0xE3, 0x98, 0x14,
    0xAD, 0x3F, 0x29, 0x4D, 0x9F, 0x34, 0x5B, 0x12, 0xE8, 0x3F, 0x2D, 0x0B, 0x29, 0x51, 0x6C, 0x64,
    0xA1, 0xB1, 0x5F, 0xE8, 0x16, 0xE3, 0x2B, 0xF3, 0x25, 0x49, 0x01, 0x11, 0x45, 0xE7, 0x05, 0x70,
    0xAD, 0x80, 0xAD, 0xF1, 0x28, 0x30, 0x0A, 0x70, 0xAD, 0x54, 0x71, 0xAD, 0xF4, 0x73, 0x70, 0xAD,
    0xED, 0x3D, 0xB8, 0xD6, 0x49, 0x9D, 0xF8, 0x4B, 0x33, 0x5C, 0x0B, 0x6C, 0x3E, 0x08, 0xD7, 0xEA,
    0x58, 0x69, 0x32, 0x40, 0x18, 0x17, 0xB2, 0x30, 0x12, 0x5D, 0x20, 0x27, 0xF4, 0x7C, 0x5E, 0x83,
    0x7C, 0xC6, 0xB5, 0x06, 0x36, 0xE6, 0x24, 0x44, 0xFF, 0x56, 0xFE, 0x6E, 0x5C, 0x2B, 0x58, 0x01,
    0x53, 0x0C, 0xD7, 0x68, 0x2D, 0x6C, 0x4E, 0xE1, 0xA7, 0xCF, 0x3A, 0x1F, 0xC3, 0x19, 0x51, 0xB0,
    0x4B, 0xA3, 0x2E, 0x93, 0xAE, 0x02, 0xB1, 0x80, 0x59, 0x4D, 0x81, 0x7F, 0x60, 0x1B, 0x62, 0x1C,
    0xAD, 0x81, 0x04, 0xA8, 0x47, 0x4D, 0xAB, 0x62, 0x9B, 0x81, 0xC4, 0x4B, 0xB6, 0xA2, 0x16, 0x02,
    0xFB, 0x7D, 0x12, 0x98, 0xC8, 0xB2, 0x8B, 0x32, 0x24, 0x34, 0x96, 0xB8, 0x3F, 0x85, 0x68, 0xB2,
    0xFD, 0xB9, 0x5D, 0x98, 0xEC, 0xA3, 0xEB, 0xC3, 0x09, 0xF2, 0x7B, 0xAF, 0x0D, 0x1D, 0x43, 0x5D,
    0x70, 0xBA, 0xA0, 0x82, 0xB2, 0x06, 0x62, 0xB0, 0xE5, 0xCD, 0xAC, 0xDA, 0x86, 0x4C, 0x60, 0x13,
    0x9C, 0x2B, 0x11, 0x0E, 0x0D, 0xB8, 0x57, 0x62, 0x7C, 0xEC, 0x1B, 0xCC, 0xC9, 0xD0, 0x5E, 0xF5,
    0x67, 0x6E, 0xC2, 0x86, 0xC3, 0x57, 0x9A, 0x83, 0x80, 0x6B, 0xA0, 0x7E, 0x3B, 0xBE, 0xAB, 0xD9,
    0x03, 0x0E, 0xAE, 0x53, 0x40, 0x70, 0x0D, 0xA3, 0xBA, 0x0D, 0x26, 0x53, 0x36, 0x56, 0x10, 0x5E,
    0xFA, 0xFD, 0x21, 0xF3, 0xFB, 0x9B, 0x5E, 0xCD, 0xAD, 0xE2, 0xE9, 0xF4, 0xC9, 0xDC, 0x2C, 0x56,
    0x6A, 0xC9, 0xE5, 0xBC, 0xFC, 0x4C, 0x7E, 0x1F, 0x37, 0xEF, 0xBE, 0xC3, 0x79, 0x4D, 0x36, 0x46,
    0xBC, 0x1B, 0xF1, 0x45, 0x0A, 0x4F, 0xA1, 0xB0, 0x93, 0x40, 0xC3, 0x48, 0x6C, 0x44, 0x6D, 0xFC,
    0xFB, 0x97, 0x92, 0xEF, 0xC7, 0x10, 0x93, 0x60, 0x4D, 0xAF, 0x25, 0x0C, 0x5F, 0xA8, 0xCF, 0x13,
    0xDA, 0x76, 0x33, 0x84, 0x3A, 0xF5, 0x35, 0xBF, 0xA7, 0x4F, 0x1D, 0xE0, 0xF7, 0x16, 0xD8, 0xAA,
    0x39, 0x9F, 0x17, 0xD2, 0x04, 0x23, 0x81, 0x42, 0x4B, 0xA6, 0xE4, 0x6D, 0xB0, 0xDA, 0x77, 0x5D,
    0x9C, 0xAC, 0x4E, 0xBA, 0x63, 0x7A, 0xE6, 0x56, 0xF9, 0xD9, 0xD5, 0xD7, 0xAB, 0x7D, 0xC6, 0xFD,
    0x07, 0xF9, 0xF8, 0x14, 0x1F, 0x5F, 0xE5, 0xE3, 0x05, 0x8D, 0x46, 0xF0, 0x39, 0x61, 0xC4, 0x07,
    0x47, 0x1B, 0xFF, 0xF5, 0x65, 0xE4, 0xFB, 0x03, 0x42, 0xCC, 0x8C, 0xE6, 0x55, 0xDA, 0x2E, 0xB8,
    0x61, 0x7B, 0x04, 0x56, 0x21, 0xC7, 0x93, 0xFC, 0x9F, 0x28, 0x42, 0xBE, 0xE4, 0x12, 0x03, 0xC9,
    0xD6, 0x69, 0x9D, 0x57, 0x79, 0xB5, 0x24, 0xA6, 0x0F, 0x26, 0x7F, 0xA6, 0xE1, 0xFC, 0x4D, 0xF8,
    0xFC, 0x64, 0xE4, 0x7A, 0x97, 0xD0, 0xF2, 0x17, 0x9D, 0xCB, 0x46, 0x4A, 0x7F, 0x8B, 0x2E, 0x6E,
    0x34, 0x5E, 0x55, 0x6C, 0x36, 0xED, 0x35, 0x7C, 0xA3, 0x8B, 0x56, 0x43, 0xF6, 0x74, 0x7D, 0x67,
    0x06, 0x93, 0xDC, 0xD5, 0x82, 0x8F, 0xB1, 0xB5, 0xF5, 0x1E, 0x2F, 0xA1, 0x02, 0x4E, 0x98, 0xD7,
    0x20, 0x81, 0xFD, 0x08, 0xAD, 0xDA, 0x5F, 0xE1, 0x58, 0x72, 0x1E, 0xF8, 0x0F, 0xCC, 0x5F, 0xCE,
    0xEE, 0xBD, 0x75, 0xE1, 0xA5, 0x92, 0xC8, 0x01, 0x04, 0xFE, 0x62, 0xD8, 0xC3, 0xC1, 0xB0, 0xDD,
    0x0B, 0x54, 0xE4, 0x4E, 0xA1, 0xE4, 0xC3, 0x5E, 0x78, 0x3C, 0xA9, 0xEF, 0x4C, 0x34, 0x61, 0xEE,
    0x26, 0x2E, 0xE6, 0x6E, 0xE2, 0x5D, 0x33, 0x20, 0x47, 0x28, 0x20, 0xD3, 0x97, 0xB9, 0x5F, 0xD8,
    0x8F, 0x5E, 0xDD, 0x5A, 0x01, 0x98, 0x5C, 0xDA, 0x64, 0x7E, 0x55, 0x9B, 0xCF, 0xFB, 0xEC, 0xEC,
    0x9C, 0x79, 0xE2, 0x55, 0x9D, 0xB1, 0x93, 0x15, 0xEA, 0x20, 0x10, 0xD2, 0x67, 0xD4, 0xC9, 0xB6,
    0xA6, 0x62, 0xF4, 0x2A, 0xF8, 0x94, 0xA6, 0x7A, 0xD2, 0x73, 0x95, 0xC3, 0xFC, 0x24, 0x71, 0xD4,
    0x3B, 0xE5, 0xB3, 0x3F, 0x1D, 0x69, 0xFE, 0x6F, 0x89, 0x9B, 0x45, 0x7C, 0x3C, 0x29, 0xEB, 0x26,
    0xEF, 0x03, 0xC9, 0x1E, 0x23, 0xB1, 0xD1, 0x48, 0xBB, 0xF6, 0xC6, 0x8B, 0xB5, 0xF6, 0xDF, 0xC0,
    0x52, 0x98, 0x45, 0x1D, 0xDA, 0x3A, 0x64, 0x9E, 0xAD, 0x88, 0x77, 0x9C, 0x88, 0xC8, 0x95, 0x79,
    0x60, 0xAC, 0x40, 0x19, 0x08, 0x7E, 0x01, 0x67, 0xDC, 0x67, 0x60, 0x20, 0x30, 0x80, 0xE3, 0x5C,
    0xDF, 0x81, 0xAB, 0x57, 0x98, 0x1F, 0x99, 0x05, 0xBA, 0x1B, 0xDB, 0xF7, 0xA9, 0xE9, 0x0F, 0xCA,
    0x9A, 0xBA, 0x22, 0xA2, 0xD9, 0x39, 0x98, 0xA1, 0x9A, 0xB1, 0x99, 0x12, 0x76, 0x76, 0x1F, 0x00,
    0xC9, 0x51, 0xD3, 0x51, 0x08, 0x4C, 0x60, 0xDF, 0x84, 0x2D, 0xB4, 0x0B, 0x3A, 0xFE, 0x7C, 0x20,
    0xED, 0xB9, 0xB8, 0x8A, 0xBC, 0x41, 0x1A, 0x77, 0xCB, 0xCA, 0xEC, 0x26, 0x44, 0xBC, 0xA0, 0x4D,
    0x6F, 0xAC, 0xCC, 0x82, 0x6B, 0x0A, 0x92, 0x9A, 0x8B, 0x69, 0xD6, 0x14, 0xDC, 0x17, 0xF9, 0x2F,
    0x6D, 0x1B, 0x15, 0xE5, 0x4D, 0x3B, 0xA4, 0xC4, 0xBF, 0x0C, 0x5C, 0xA4, 0xA1, 0xB4, 0xC4, 0x3F,
    0x24, 0xDB, 0x1F, 0x32, 0xE6, 0xAF, 0x8C, 0xF4, 0x52, 0x1F, 0x82, 0x74, 0xEF, 0x40, 0x44, 0xB2,
    0x96, 0xE1, 0x5D, 0x40, 0xF0, 0x0D, 0x5B, 0x57, 0xD4, 0x4E, 0xF4, 0x5C, 0x57, 0x01, 0x1B, 0x19,
    0xAF, 0xD8, 0x22, 0xC7, 0x42, 0x97, 0x40, 0x11, 0x7C, 0x05, 0x75, 0xDC, 0x49, 0x90, 0x22, 0x3C,
    0xB6, 0xF5, 0xC3, 0xE0, 0x07, 0xC4, 0x06, 0x4C, 0x33, 0x67, 0x91, 0x2F, 0x70, 0xA2, 0x25, 0x87,
    0x53, 0x86, 0xCC, 0x31, 0xE8, 0xBF, 0x4E, 0xF8, 0x54, 0x25, 0x5C, 0xEC, 0x22, 0xD9, 0x18, 0x18,
    0xB7, 0x55, 0xC0, 0xA5, 0x38, 0x2D, 0x77, 0x42, 0x22, 0xF6, 0x3E, 0x43, 0xEE, 0xCF, 0x6F, 0x00,
    0xBC, 0xE5, 0x00, 0x43, 0x16, 0x8D, 0x0C, 0xD7, 0x24, 0x5D, 0xC6, 0xA8, 0x4D, 0x93, 0x49, 0x86,
    0x8C, 0xD7, 0x8B, 0xAD, 0xE4, 0x54, 0x60, 0xDD, 0x04, 0xD6, 0x40, 0x4B, 0x04, 0x56, 0x90, 0x03,
    0xBB, 0x10, 0xEC, 0x49, 0x7C, 0xB4, 0x54, 0xD8, 0x10, 0x4B, 0x0F, 0xCB, 0x79, 0xC8, 0x13, 0x8A,
    0xD8, 0x04, 0x8A, 0xFE, 0x6B, 0x86, 0xB0, 0x64, 0xEB, 0x96, 0xBE, 0x87, 0x55, 0xFC, 0x5D, 0xBB,
    0x53, 0xDA, 0x4B, 0xA4, 0x84, 0x58, 0x4B, 0xA4, 0xE3, 0xCE, 0x0E, 0x75, 0x04, 0x5D, 0x07, 0xD4,
    0x66, 0x94, 0x7C, 0xBA, 0x65, 0x14, 0xC8, 0x1C, 0x96, 0x99, 0x38, 0x68, 0x4E, 0xB1, 0x39, 0x07,
    0xCE, 0x19, 0x35, 0x99, 0x4B, 0x4D, 0x06, 0xCC, 0xA5, 0xE2, 0xFF, 0x95, 0x55, 0x8C, 0x28, 0x63,
    0x46, 0xE4, 0xAF, 0x81, 0x55, 0xCB, 0xFF, 0x2B, 0xAB, 0xBE, 0x63, 0xFE, 0x10, 0xC8, 0x04, 0xAF,
    0xC1, 0xD3, 0x5C, 0xA0, 0x93, 0x65, 0x53, 0xE7, 0x49, 0x3B, 0x69, 0x7C, 0x41, 0x91, 0x83, 0x29,
    0x88, 0x22, 0x95, 0xF9, 0x63, 0xEA, 0xF0, 0xBA, 0x16, 0x4C, 0x61, 0x15, 0x86, 0x98, 0xE2, 0xC0,
    0xE9, 0x95, 0x9E, 0x8F, 0x2D, 0xF2, 0x2B, 0x69, 0x83, 0x76, 0x52, 0x59, 0x03, 0x0D, 0x12, 0xBC,
    0x8B, 0x8F, 0x84, 0xD3, 0xCC, 0xE1, 0x5F, 0x80, 0xB2, 0x8B, 0x66, 0xCA, 0x11, 0x66, 0x82, 0x69,
    0x4A, 0x9E, 0xCA, 0x4A, 0x09, 0x15, 0x12, 0x19, 0x63, 0x0A, 0xEE, 0xD5, 0xE0, 0xF7, 0x12, 0x30,
    0x3C, 0x56, 0x34, 0x91, 0x17, 0x44, 0xAE, 0xA0, 0x2B, 0x73, 0x90, 0xEE, 0x45, 0x34, 0x71, 0x65,
    0x2C, 0x5C, 0x14, 0xB4, 0x25, 0xAC, 0xCA, 0x5E, 0x57, 0xE3, 0x94, 0x38, 0xEB, 0x17, 0x39, 0x65,
    0x18, 0xF8, 0x3C, 0xC8, 0xB9, 0x7D, 0x29, 0xFC, 0x2D, 0x4D, 0xE0, 0x8F, 0xA2, 0x31, 0x81, 0xBC,
    0xF2, 0xB0, 0xC0, 0xA2, 0x51, 0x79, 0xC5, 0x90, 0x1B, 0xBC, 0xDA, 0xC4, 0x15, 0xBE, 0xE4, 0xCE,
    0x62, 0xAA, 0xB4, 0x74, 0x91, 0x26, 0x1D, 0x9B, 0x74, 0xA5, 0x17, 0x4F, 0x69, 0xD7, 0x9F, 0x76,
    0xCE, 0xBB, 0x70, 0x5E, 0xD9, 0x5B, 0x83, 0x5E, 0x3C, 0x6B, 0x55, 0x7F, 0x3F, 0xEA, 0xA4, 0x43,
    0xCC, 0x96, 0xC3, 0x14, 0xB9, 0x4F, 0xC9, 0xF9, 0xA1, 0x4F, 0x87, 0xD7, 0x0A, 0xF5, 0x50, 0x1A,
    0x22, 0x19, 0x68, 0x5C, 0x40, 0xD6, 0x68, 0xDE, 0x29, 0x96, 0x08, 0xB0, 0x5B, 0x56, 0x79, 0x0F,
    0xEC, 0x57, 0xFD, 0x27, 0x4C, 0x86, 0x67, 0x92, 0x9B, 0x83, 0xC4, 0x96, 0xCD, 0x94, 0x88, 0x0B,
    0x57, 0xBB, 0x9B, 0xC9, 0xDF, 0x09, 0x6B, 0x88, 0x84, 0x80, 0x9A, 0x39, 0x5A, 0x8C, 0xF3, 0xE4,
    0x91, 0x7A, 0x14, 0x9A, 0xBB, 0x20, 0x09, 0xE0, 0xE0, 0x8B, 0x6D, 0x1D, 0xC9, 0x2A, 0x4F, 0xBA,
    0xBC, 0xF6, 0x21, 0xA7, 0xBA, 0xDF, 0xE5, 0xBC, 0x9E, 0x7D, 0x05, 0x4E, 0x28, 0xF1, 0x18, 0x11,
    0x07, 0x2D, 0x8F, 0x0B, 0xDC, 0xF2, 0xB5, 0x46, 0xA4, 0x80, 0x4D, 0xC0, 0xC0, 0xAC, 0x4C, 0xFA,
    0xBC, 0xBE, 0x1B, 0xE2, 0x9F, 0x37, 0x27, 0xB9, 0xC9, 0x01, 0xC8, 0x70, 0xC3, 0x93, 0xCD, 0xD7,
    0x3C, 0xF9, 0xBC, 0x5A, 0x0C, 0xAC, 0xAF, 0xD5, 0x1A, 0x3A, 0xC0, 0x97, 0x6B, 0xBA, 0x42, 0xBB,
    0xCE, 0x04, 0xA0, 0x85, 0x8C, 0xA2, 0xEA, 0x67, 0x0F, 0xE0, 0x5B, 0x68, 0x21, 0xE3, 0x06, 0xE0,
    0x5B, 0xCD, 0x00, 0xDF, 0xE8, 0x77, 0x01, 0xBE, 0xE3, 0x1C, 0xF0, 0x25, 0x6E, 0x4C, 0x80, 0x6F,
    0x68, 0x35, 0xD5, 0x34, 0x01, 0xBE, 0x92, 0x13, 0x0D, 0xED, 0x3F, 0x8B, 0x3B, 0x22, 0x9A, 0x2C,
    0xDC, 0x11, 0xB7, 0x6C, 0x21, 0xC2, 0x93, 0x89, 0xE8, 0x48, 0x40, 0x17, 0x8C, 0xF3, 0xB4, 0x5A,
    0xD4, 0xDF, 0x27, 0x0C, 0xD8, 0x9D, 0x09, 0xB6, 0x0A, 0x8B, 0x79, 0xED, 0x8B, 0x41, 0x82, 0x41,
    0xC9, 0xB3, 0x95, 0xC3, 0x9F, 0x06, 0x57, 0xCD, 0x18, 0xB7, 0x2E, 0xAF, 0x97, 0x36, 0x7F, 0x07,
    0x6C, 0xBD, 0x51, 0x69, 0x91, 0x8A, 0x94, 0xD6, 0x55, 0x71, 0xD8, 0x99, 0x4B, 0x6A, 0xED, 0xB8,
    0x3F, 0xC3, 0x77, 0xE7, 0xB2, 0x8A, 0x43, 0x35, 0xF6, 0x33, 0x17, 0x7B, 0xD0, 0xC8, 0x2F, 0x15,
    0x0F, 0x6B, 0x73, 0x94, 0xD1, 0x33, 0x59, 0xEF, 0xB9, 0x7A, 0xDD, 0xA2, 0x11, 0x62, 0x59, 0xF5,
    0x02, 0x55, 0x15, 0x4A, 0x86, 0x9D, 0x9D, 0x17, 0xD8, 0x90, 0x82, 0x64, 0x44, 0x0D, 0x86, 0x5B,
    0x6B, 0x24, 0xAA, 0xC9, 0xAF, 0xE7, 0xE5, 0x7A, 0x42, 0xA2, 0x8D, 0x43, 0x0A, 0x6B, 0x44, 0x62,
    0xC8, 0x13, 0xD1, 0x2E, 0xEA, 0xF9, 0x4B, 0x37, 0xE2, 0xA1, 0x99, 0xF0, 0x03, 0xD5, 0x9A, 0x1A,
    0xAE, 0xA4, 0x1B, 0xF6, 0x13, 0x0F, 0x7E, 0x4B, 0xBE, 0x6D, 0xFB, 0x13, 0x44, 0xE3, 0x94, 0x56,
    0xCF, 0x09, 0xB4, 0xB0, 0x2C, 0x38, 0x29, 0x96, 0xD7, 0x0C, 0xA2, 0x38, 0xCF, 0xF8, 0x09, 0x17,
    0x38, 0xAF, 0xD9, 0xD9, 0x6C, 0xD8, 0xFA, 0xB5, 0x4C, 0xA7, 0xBE, 0x9F, 0x52, 0x6B, 0x39, 0x0F,
    0x91, 0x11, 0x25, 0x85, 0x13, 0x0E, 0xE9, 0x73, 0x05, 0x20, 0x58, 0x8A, 0x8C, 0xB8, 0x86, 0xCD,
    0xC4, 0x25, 0x46, 0x7A, 0x0C, 0x35, 0x05, 0x34, 0x0A, 0xE8, 0xAF, 0xA7, 0xD8, 0x4A, 0x9C, 0xE2,
    0xBA, 0x3E, 0xC5, 0x1D, 0xD3, 0x29, 0x60, 0x08, 0xC7, 0xCB, 0xA2, 0xF0, 0x0A, 0x07, 0xDF, 0x07,
    0x3A, 0xF5, 0x65, 0x33, 0xE5, 0x8F, 0xF5, 0x58, 0xCF, 0xE2, 0x8F, 0x29, 0xA7, 0x09, 0x5B, 0x7C,
    0x84, 0xED, 0xEA, 0x2E, 0xB7, 0x6C, 0x9F, 0x1E, 0xD8, 0x2D, 0xAA, 0x27, 0xD7, 0x82, 0xA7, 0xC7,
    0xCF, 0xC9, 0xFC, 0x74, 0x82, 0x3A, 0x43, 0x57, 0xA7, 0x21, 0x73, 0xD4, 0x49, 0xEA, 0x2C, 0xFD,
    0x34, 0x5D, 0xD6, 0x5A, 0xEC, 0x85, 0x70, 0xCA, 0xCE, 0x8A, 0x31, 0xE2, 0x2B, 0xFD, 0xBC, 0xEE,
    0x6B, 0xAA, 0xFE, 0x99, 0x9D, 0xC4, 0xA6, 0x6C, 0x96, 0xE4, 0x84, 0x1B, 0x36, 0x45, 0x4F, 0x7B,
    0x6C, 0xCA, 0x81, 0x4D, 0xCA, 0x0A, 0x64, 0x0B, 0x71, 0x48, 0x2A, 0xC8, 0x72, 0x89, 0x5C, 0x96,
    0xD7, 0x6A, 0x51, 0x3D, 0xDC, 0x70, 0xFA, 0xFE, 0x41, 0xA1, 0xCF, 0xD7, 0x05, 0xBB, 0xB7, 0xAE,
    0x60, 0xD7, 0xD1, 0xDA, 0x85, 0xEF, 0xDE, 0x0B, 0x53, 0x3A, 0x0B, 0x8F, 0xC7, 0x09, 0x93, 0xD0,
    0x1A, 0x0B, 0xE7, 0x5B, 0x45, 0x1E, 0x5B, 0xE8, 0xBD, 0x02, 0xBD, 0xA3, 0x8B, 0x74, 0xCF, 0x5A,
    0x8F, 0x54, 0x0C, 0xFB, 0x8B, 0x1A, 0xA7, 0x0A, 0x9E, 0xA9, 0x54, 0xF5, 0xC0, 0x22, 0xC2, 0xF5,
    0xDE, 0x62, 0xAC, 0xA9, 0x34, 0xD7, 0x57, 0xE6, 0x4E, 0x85, 0xB9, 0x53, 0x5D, 0xEE, 0x54, 0x96,
    0x3B, 0x55, 0xE5, 0xFA, 0xA2, 0xDC, 0xA9, 0x26, 0x77, 0x2A, 0xC9, 0x9D, 0x2A, 0x72, 0xA7, 0x82,
    0xDC, 0xA9, 0x1E, 0x77, 0x2A, 0xC7, 0x9D, 0xAA, 0x71, 0xA7, 0x62, 0xDC, 0xA9, 0x16, 0x77, 0x2A,
    0xC5, 0xFD, 0xBC, 0x4A, 0x5C, 0x57, 0x77, 0xB0, 0xA9, 0x4A, 0x14, 0xE0, 0x5C, 0xCF, 0xD2, 0x41,
    0x2E, 0x53, 0x5D, 0xDC, 0xC6, 0xF1, 0x9C, 0xE3, 0xF6, 0x6C, 0x9F, 0x8B, 0x5A, 0x06, 0xE3, 0x6C,
    0xBC, 0x5A, 0x70, 0x29, 0x12, 0x58, 0xDC, 0x7E, 0x51, 0x1D, 0xF9, 0x11, 0xA4, 0x3B, 0x2E, 0x0B,
    0x92, 0x19, 0x0A, 0x8A, 0x0D, 0xF5, 0x93, 0xFB, 0x4A, 0x16, 0x49, 0x87, 0xA0, 0x34, 0x71, 0xAA,
    0x62, 0x99, 0xAE, 0xA4, 0x9A, 0x85, 0x97, 0x63, 0x83, 0xC0, 0x40, 0xF4, 0x44, 0xC2, 0xDF, 0xA1,
    0x1D, 0xF2, 0x9E, 0x75, 0x04, 0xE9, 0x14, 0x2E, 0x29, 0xFB, 0xF5, 0x99, 0x3F, 0x65, 0x57, 0x32,
    0x62, 0x35, 0xB6, 0xCA, 0x70, 0xF5, 0xC1, 0xCE, 0x15, 0x16, 0x6D, 0xE8, 0x06, 0x68, 0xD0, 0x9E,
    0xBB, 0xC5, 0x55, 0x27, 0x03, 0x18, 0x10, 0x3A, 0x83, 0xE1, 0x60, 0x73, 0xE3, 0x06, 0x90, 0xD4,
    0x6E, 0x00, 0x99, 0xE8, 0x83, 0x65, 0x0B, 0xB3, 0xCA, 0x5E, 0x48, 0x6B, 0x06, 0x55, 0xFE, 0x7D,
    0xD4, 0x49, 0x99, 0x4D, 0x66, 0xC9, 0x32, 0x96, 0x20, 0xD2, 0x62, 0xF2, 0x90, 0x9F, 0x64, 0x9D,
    0x79, 0x78, 0xE7, 0x72, 0x28, 0x25, 0xCD, 0x7D, 0x26, 0x05, 0xC9, 0x9F, 0x08, 0x12, 0x6A, 0x3F,
    0x15, 0x82, 0x60, 0xC5, 0xF4, 0xE2, 0x2D, 0x96, 0xBD, 0x38, 0x9A, 0x65, 0x27, 0x86, 0x43, 0x1C,
    0xE1, 0xD9, 0xBE, 0x2B, 0x51, 0x66, 0xAC, 0x43, 0x89, 0x66, 0xAE, 0x16, 0x99, 0x51, 0x58, 0xC4,
    0x93, 0xBA, 0xF9, 0x81, 0xAD, 0x74, 0xD9, 0x2A, 0x38, 0xD3, 0xC4, 0x5A, 0xE4, 0xC0, 0xDE, 0x41,
    0x68, 0x7F, 0x39, 0xCA, 0xE2, 0x7A, 0xB7, 0x96, 0xB3, 0x06, 0x81, 0xAA, 0x8B, 0x1D, 0x0E, 0xEC,
    0x40, 0xC1, 0x74, 0xDC, 0x54, 0x4F, 0xEE, 0xEC, 0x2A, 0xAF, 0x35, 0xAF, 0xE5, 0xCA, 0x6E, 0xCF,
    0xAA, 0x71, 0x28, 0x3F, 0xB0, 0xFB, 0x4A, 0xD9, 0x02, 0x57, 0x15, 0xB7, 0x18, 0xF7, 0x15, 0x8E,
    0x66, 0x4E, 0x97, 0x45, 0x5E, 0x27, 0x6C, 0x6F, 0x22, 0xD7, 0xAE, 0x36, 0xD4, 0x55, 0x86, 0xFA,
    0xBA, 0x50, 0x5F, 0x15, 0xEA, 0x6B, 0x42, 0x7D, 0x45, 0xE8, 0xAC, 0x1E, 0xD4, 0x57, 0x83, 0xFA,
    0x5A, 0x50, 0xAD, 0x04, 0xF5, 0x75, 0xA0, 0xBE, 0x38, 0xD7, 0x17, 0xE6, 0xFA, 0xA2, 0x5C, 0x57,
    0xFF, 0xE9, 0xAB, 0x3F, 0x7D, 0xED, 0xA7, 0xAF, 0xFC, 0xF4, 0x75, 0x9F, 0xBE, 0xEA, 0xD3, 0xD7,
    0x7C, 0xFA, 0x8A, 0x4F, 0x5F, 0xEF, 0xE9, 0xAB, 0x3D, 0x7D, 0xAD, 0xA7, 0x2F, 0xB2, 0xDD, 0x4C,
    0x20, 0x06, 0xC3, 0x4C, 0x1F, 0x2E, 0x67, 0x9A, 0x42, 0x36, 0x68, 0x29, 0x58, 0xD1, 0x4C, 0xD5,
    0x2A, 0xAC, 0x12, 0xB9, 0xD4, 0x52, 0xEA, 0x2C, 0xA5, 0xC8, 0x92, 0x2B, 0x2C, 0xA5, 0xBC, 0x52,
    0x6B, 0x2B, 0xA5, 0xB0, 0x52, 0xAA, 0x2A, 0xA5, 0xA4, 0x52, 0xEA, 0x29, 0xA5, 0x98, 0x52, 0x2A,
    0x29, 0xA5, 0x8C, 0x92, 0x6B, 0x28, 0xA5, 0x80, 0x52, 0xAA, 0x27, 0xA5, 0x74, 0xF2, 0x80, 0x4F,
    0x5C, 0xED, 0xB3, 0x4C, 0x91, 0x07, 0xAF, 0x53, 0x87, 0xF3, 0x98, 0xDC, 0x09, 0xC6, 0x04, 0x7C,
    0xFB, 0xA4, 0xA8, 0xE9, 0x33, 0xF7, 0xC7, 0x26, 0xF5, 0x57, 0xEE, 0x37, 0x33, 0xBC, 0xEA, 0x9F,
    0x38, 0x00, 0x14, 0x77, 0xC9, 0x8D, 0x29, 0xBB, 0x31, 0xA5, 0x37, 0xA6, 0xFC, 0xC6, 0x94, 0xE0,
    0xF0, 0x19, 0x8E, 0x29, 0xC5, 0x31, 0xE5, 0x38, 0xA6, 0x24, 0xC7, 0x94, 0xE5, 0xF0, 0x69, 0x8E,
    0x29, 0xCF, 0x31, 0x25, 0x3A, 0xA6, 0x4C, 0x87, 0x4F, 0x75, 0x4C, 0xB9, 0x8E, 0x29, 0xD9, 0x31,
    0x65, 0x3B, 0xA6, 0x74, 0x87, 0xCF, 0x77, 0x4C, 0x09, 0x8F, 0x29, 0xE3, 0xE1, 0x53, 0x1E, 0x53,
    0xCE, 0xE3, 0xC0, 0xA4, 0xC7, 0x5E, 0x3E, 0x2C, 0xD7, 0x9E, 0xFE, 0xB2, 0x86, 0x85, 0xEE, 0x02,
    0xF8, 0x72, 0x8A, 0x30, 0xE8, 0xB8, 0x0C, 0xAD, 0x3E, 0xCF, 0xB4, 0xDB, 0xE5, 0x23, 0xBB, 0xAC,
    0x37, 0xEB, 0x0D, 0xAC, 0xED, 0xD6, 0x27, 0x42, 0xE6, 0x41, 0xCB, 0x72, 0xDA, 0x20, 0xB1, 0xDA,
    0x57, 0xA2, 0x1C, 0x7B, 0x67, 0x28, 0xF1, 0xEA, 0xE6, 0xD4, 0x5E, 0x6F, 0xE2, 0xEB, 0x34, 0x89,
    0xDF, 0xD2, 0x33, 0xCB, 0x7F, 0x2D, 0x57, 0x5E, 0xB3, 0x08, 0x21, 0xA2, 0x66, 0x5A, 0x44, 0xAC,
    0x17, 0x1D, 0x13, 0x6E, 0x61, 0x12, 0x65, 0xF2, 0x95, 0x5D, 0xC1, 0xB9, 0x73, 0x77, 0x95, 0xF9,
    0x81, 0x83, 0x84, 0x1B, 0xBF, 0x21, 0x74, 0x2E, 0x2F, 0x5B, 0x24, 0xEF, 0x2F, 0xB1, 0xF9, 0x19,
    0x61, 0x48, 0xE2, 0xD1, 0xE4, 0xEF, 0x36, 0x2C, 0xEE, 0x9C, 0xD2, 0xB0, 0xB5, 0x8B, 0xB2, 0x24,
    0x29, 0x6F, 0x79, 0x03, 0x0F, 0xD6, 0x07, 0x3B, 0xE2, 0x39, 0xDC, 0x84, 0x91, 0xB7, 0xCE, 0x66,
    0x1F, 0x8E, 0x6C, 0xE3, 0xED, 0x63, 0xF8, 0x5B, 0x13, 0x0D, 0x74, 0x0F, 0xD9, 0x82, 0xA4, 0x41,
    0xBC, 0x60, 0xAB, 0xA5, 0xB8, 0x19, 0x6F, 0x58, 0x09, 0x6F, 0x9E, 0xED, 0x60, 0xAA, 0x23, 0x4B,
    0x0C, 0xE0, 0xC0, 0xCF, 0xAE, 0xE0, 0x25, 0x87, 0x76, 0xD0, 0x50, 0xA5, 0x15, 0x73, 0x8A, 0x4D,
    0x18, 0x83, 0xEE, 0xAC, 0x6E, 0x19, 0xA2, 0x0E, 0x38, 0xD1, 0xF2, 0x9F, 0x2D, 0xEF, 0x25, 0xCA,
    0x03, 0x89, 0xBD, 0x1E, 0xDC, 0xEB, 0x22, 0xF2, 0x56, 0x69, 0x8F, 0xF9, 0x70, 0x49, 0x2E, 0x17,
    0xC2, 0x30, 0x0A, 0x71, 0xDA, 0xDB, 0xCA, 0x23, 0x6E, 0xBF, 0x72, 0x66, 0xFF, 0x85, 0x3A, 0x3D,
    0x8B, 0x2D, 0x13, 0xA4, 0xEA, 0xB3, 0x96, 0xBC, 0xBA, 0x65, 0x43, 0x13, 0xB5, 0x6F, 0xDB, 0x3E,
    0xB4, 0x6F, 0xC2, 0x31, 0xBF, 0x52, 0x76, 0xE4, 0xA9, 0xE4, 0x4D, 0x6C, 0x5B, 0x40, 0x4F, 0x6B,
    0xBB, 0x8E, 0xED, 0xF7, 0x6C, 0x45, 0xBE, 0x23, 0xD9, 0xC2, 0x81, 0x9C, 0xC6, 0x7C, 0x4C, 0x1B,
    0x73, 0x81, 0xFC, 0x5D, 0xF3, 0x9D, 0xAD, 0x4B, 0x2E, 0x57, 0x24, 0x54, 0x4E, 0x1B, 0xF5, 0x92,
    0x3B, 0x11, 0xB3, 0xA8, 0x57, 0x6D, 0x5C, 0x2E, 0x54, 0xC5, 0xAD, 0x5C, 0x36, 0xF8, 0xC4, 0xDC,
    0x4D, 0xF7, 0x1A, 0xDA, 0xE9, 0x67, 0xA7, 0x9D, 0x9D, 0x6E, 0x76, 0x9A, 0x59, 0xF5, 0xB2, 0xD3,
    0xCA, 0x4E, 0x27, 0x3B, 0x8D, 0xEC, 0xF4, 0xB1, 0x6A, 0x63, 0xA7, 0x8B, 0x9D, 0x26, 0x76, 0x7A,
    0x58, 0xB5, 0xB0, 0xD3, 0xC1, 0x4E, 0x03, 0x3B, 0xFD, 0xEB, 0xB4, 0xAF, 0xEA, 0x5E, 0xA7, 0x79,
    0x9D, 0xDE, 0x55, 0xAD, 0xEB, 0x74, 0xEE, 0x7E, 0x8D, 0x7B, 0x0E, 0x34, 0xEF, 0xA1, 0x56, 0x7A,
    0x80, 0x81, 0x3D, 0xC0, 0xA0, 0x5D, 0x30, 0x63, 0x1B, 0xE6, 0xEA, 0x61, 0xF8, 0x11, 0xF7, 0xC5,
    0x90, 0xCC, 0xC0, 0x29, 0x50, 0xD6, 0x9F, 0xAC, 0x3E, 0xA1, 0x3D, 0x59, 0x79, 0xB2, 0xEE, 0x64,
    0xD5, 0xC9, 0x9A, 0x13, 0x8A, 0x93, 0xF5, 0x26, 0xAB, 0x4D, 0xD6, 0x9A, 0xAC, 0x34, 0x59, 0x67,
    0xB2, 0xCA, 0x64, 0x8D, 0xC9, 0x0A, 0x73, 0xA6, 0x2F, 0x1D, 0x83, 0x4C, 0x39, 0xFA, 0x20, 0x5D,
    0xB7, 0x3F, 0x8D, 0x2E, 0x97, 0xB2, 0x52, 0xDA, 0xDF, 0x6F, 0xC2, 0xEA, 0x8E, 0x2C, 0x0A, 0x30,
    0x77, 0x15, 0xBA, 0x4D, 0x30, 0xE2, 0x5D, 0xAA, 0xE0, 0x43, 0x52, 0x9C, 0x82, 0xE5, 0x3A, 0x0E,
    0xFD, 0xF1, 0xC0, 0xDC, 0xD6, 0x7D, 0x21, 0xAC, 0xBA, 0x4B, 0x56, 0xE8, 0xF2, 0xAA, 0x80, 0x5C,
    0xD7, 0x05, 0xF5, 0x69, 0x18, 0x08, 0x0C, 0x7B, 0xD9, 0x3D, 0x73, 0x41, 0x14, 0x5B, 0x22, 0x01,
    0xAE, 0x88, 0xCE, 0x93, 0xCF, 0x3D, 0xBE, 0xD3, 0xF0, 0xA4, 0x2C, 0x03, 0x1B, 0x6B, 0xDC, 0x43,
    0x1E, 0x64, 0xA0, 0x51, 0x41, 0x2D, 0xA7, 0xB5, 0x18, 0xFA, 0xC2, 0xEF, 0x94, 0x54, 0x62, 0x13,
    0xA9, 0x4F, 0xCA, 0xCC, 0xA1, 0x19, 0xED, 0x67, 0x8F, 0x37, 0x82, 0xE7, 0xD7, 0x20, 0xFB, 0xAF,
    0xFF, 0x5C, 0x72, 0x37, 0x91, 0x9E, 0x56, 0x5C, 0xC7, 0x14, 0x16, 0xFB, 0x22, 0x62, 0x6A, 0xF9,
    0x3E, 0x29, 0x08, 0xDB, 0x96, 0x96, 0x77, 0xB9, 0xDA, 0x2C, 0x04, 0x3C, 0x62, 0x9F, 0x3B, 0xDB,
    0x48, 0xCA, 0x76, 0x2A, 0x38, 0x4A, 0xB0, 0xFF, 0xED, 0x31, 0x0A, 0xF5, 0x7E, 0x44, 0x6E, 0x23,
    0x9D, 0x93, 0x67, 0xC9, 0x19, 0x78, 0x86, 0xDC, 0x02, 0xFC, 0x7F, 0x9D, 0x7A, 0x2B, 0x0A, 0xD6,
    0xDA, 0x8C, 0x86, 0x3D, 0xDB, 0x9A, 0xD7, 0x16, 0x5D, 0xD8, 0xC7, 0xED, 0xA2, 0x4D, 0x1A, 0x84,
    0xA8, 0xD9, 0xCD, 0x81, 0x54, 0x50, 0xC1, 0x5E, 0x0C, 0x57, 0xEA, 0x54, 0xA6, 0xB0, 0xF5, 0xA2,
    0xB0, 0x5D, 0x66, 0x00, 0xD0, 0x02, 0xC4, 0x86, 0xEF, 0x10, 0x5C, 0xD6, 0x2D, 0x64, 0xAB, 0x59,
    0x14, 0x12, 0x4B, 0x4C, 0x93, 0xDE, 0xD0, 0xBD, 0x70, 0xA9, 0x14, 0xC1, 0xC7, 0x93, 0x2C, 0xDC,
    0x96, 0x24, 0x15, 0xE5, 0xCE, 0xCE, 0xDC, 0x12, 0x0B, 0x13, 0x56, 0x3E, 0x6C, 0xC8, 0xDB, 0x8B,
    0x2A, 0x0A, 0x4B, 0x02, 0x6F, 0x3A, 0xD9, 0x18, 0x86, 0x9C, 0x2F, 0x21, 0xC2, 0x82, 0xB2, 0x06,
    0xA4, 0x35, 0xA0, 0xAD, 0xC4, 0xFF, 0xA0, 0x2E, 0x93, 0x57, 0xBC, 0x44, 0xD9, 0xCB, 0x41, 0x14,
    0x36, 0x20, 0xB1, 0x01, 0x8D, 0x99, 0xC8, 0x92, 0x2A, 0xE0, 0x58, 0x46, 0xE8, 0x2C, 0x12, 0x2C,
    0x02, 0x9C, 0x5F, 0x97, 0x77, 0x39, 0xF0, 0x8E, 0x8C, 0x9E, 0xD1, 0x19, 0x11, 0x5E, 0x91, 0xDD,
    0x80, 0x47, 0xF1, 0x25, 0xDE, 0x0B, 0x43, 0xFA, 0x9B, 0x14, 0x37, 0xFE, 0x5D, 0x30, 0xE7, 0x73,
    0x73, 0x2A, 0x83, 0xCE, 0xBE, 0x3F, 0x56, 0x7D, 0x4D, 0x46, 0x96, 0xD6, 0xBC, 0xA5, 0x88, 0xB0,
    0x49, 0xCB, 0x35, 0x76, 0xBB, 0x00, 0xCC, 0x61, 0xE4, 0x18, 0x66, 0xF5, 0xDE, 0xA4, 0x3B, 0x97,
    0xDE, 0x6C, 0x72, 0x5B, 0xE5, 0x16, 0xDE, 0x85, 0xEC, 0x6B, 0xE1, 0x7D, 0x8C, 0x02, 0xAA, 0x88,
    0x08, 0x8A, 0x04, 0xE6, 0x8C, 0xF1, 0x6C, 0x4B, 0xD9, 0xEA, 0x97, 0x7D, 0x8B, 0x10, 0xAB, 0x49,
    0xF2, 0x4E, 0x00, 0x66, 0x02, 0xCB, 0x48, 0x56, 0xA7, 0xC9, 0x66, 0x3C, 0x4C, 0xDC, 0x9C, 0x5C,
    0x72, 0x78, 0x20, 0x99, 0x80, 0x30, 0xC0, 0xC6, 0xB1, 0x21, 0x88, 0xF7, 0x03, 0x71, 0x50, 0x2B,
    0xB8, 0x5D, 0x34, 0xC8, 0x56, 0x20, 0xEC, 0x04, 0xC2, 0x46, 0xA0, 0x9C, 0x51, 0x1F, 0x09, 0x3C,
    0x84, 0x58, 0x47, 0x38, 0x12, 0x89, 0x86, 0x4C, 0x66, 0x22, 0xB5, 0x23, 0xA5, 0xE8, 0xC6, 0xA4,
    0x96, 0xC4, 0x44, 0x23, 0xD9, 0x8A, 0x73, 0xB2, 0x8D, 0xF3, 0x10, 0xFB, 0x11, 0xB7, 0xE5, 0x56,
    0xA0, 0xF0, 0x75, 0x04, 0xFD, 0x78, 0x97, 0x05, 0x1F, 0x16, 0x38, 0x44, 0x1F, 0x01, 0x0D, 0x6A,
    0x30, 0xEF, 0x06, 0x2F, 0x35, 0x79, 0xE9, 0xA4, 0xF3, 0xE1, 0xBE, 0xC0, 0xAD, 0x40, 0xFA, 0x6E,
    0x1B, 0xDD, 0x6A, 0xA5, 0xA9, 0x40, 0xC1, 0xEC, 0x82, 0x56, 0x16, 0x6E, 0x65, 0x1E, 0xB9, 0xDD,
    0x37, 0x5E, 0xB1, 0x31, 0x8F, 0x24, 0x0F, 0x5A, 0xEB, 0x34, 0x77, 0xA1, 0xDB, 0x1B, 0x60, 0x25,
    0x85, 0xF7, 0x47, 0xBF, 0x38, 0x42, 0x3B, 0x5F, 0x39, 0xAB, 0x55, 0xD9, 0xB7, 0xCE, 0x57, 0xD6,
    0xC4, 0x80, 0x8D, 0x1D, 0x1C, 0xE0, 0x9C, 0xA4, 0x87, 0xE7, 0xBE, 0xF2, 0xCE, 0x99, 0x2B, 0xCF,
    0x6B, 0xDE, 0x9D, 0x97, 0x34, 0xB9, 0x64, 0xCC, 0xB2, 0x05, 0x46, 0x22, 0x0B, 0x3D, 0xD7, 0x97,
    0x41, 0xF0, 0x99, 0xAC, 0x02, 0x9F, 0x91, 0x16, 0xEA, 0x64, 0xA9, 0x2F, 0x35, 0xAD, 0xC1, 0xAA,
    0xA2, 0x6C, 0x03, 0x7D, 0xFB, 0x04, 0xD7, 0x59, 0x18, 0xFB, 0x49, 0x79, 0x51, 0xFD, 0x2E, 0xC1,
    0x69, 0xA4, 0xDC, 0x1C, 0x21, 0x8D, 0xEC, 0x80, 0x7F, 0xDA, 0xA9, 0x25, 0xF7, 0x92, 0x0A, 0x2E,
    0x5F, 0xA1, 0x6E, 0xC0, 0x46, 0x98, 0xC3, 0x7C, 0x98, 0x15, 0xB1, 0x94, 0x3D, 0x9B, 0x09, 0xB2,
    0x5B, 0xA8, 0x49, 0x87, 0xE1, 0xAA, 0x25, 0xA3, 0xE6, 0xE2, 0x74, 0x20, 0x6E, 0xE9, 0x4F, 0xA9,
    0xE9, 0x0C, 0x07, 0xDE, 0x09, 0x97, 0x5C, 0xC3, 0xBB, 0x17, 0xAE, 0xC2, 0xF7, 0x7E, 0x83, 0x0E,
    0x61, 0x55, 0xEB, 0xEC, 0x0F, 0x11, 0x5F, 0x68, 0xB4, 0xCB, 0x2A, 0xA1, 0xD1, 0xD4, 0x99, 0xBD,
    0x66, 0xEB, 0x93, 0xE5, 0x4F, 0x33, 0xF2, 0x0C, 0xB7, 0xD3, 0x2A, 0xB0, 0x2F, 0x27, 0x26, 0x1A,
    0x6B, 0xE5, 0x6F, 0xEC, 0xDF, 0x16, 0x91, 0xF8, 0x77, 0x44, 0x70, 0xC8, 0xC8, 0x2F, 0x0F, 0x60,
    0xC3, 0xC6, 0x5B, 0x47, 0xFC, 0x9B, 0x84, 0x9C, 0xAF, 0xAC, 0xAE, 0xB2, 0xAB, 0x16, 0x8B, 0xD5,
    0x51, 0x76, 0x7E, 0xF2, 0x1E, 0x37, 0xF9, 0x2B, 0xC6, 0x0E, 0xF1, 0x24, 0xE4, 0x4D, 0x4B, 0x93,
    0x27, 0xB1, 0x80, 0x27, 0x41, 0xAA, 0x36, 0x28, 0x02, 0xEF, 0x48, 0x7C, 0x61, 0x9C, 0x78, 0x40,
    0x04, 0x3D, 0x1C, 0x13, 0x2D, 0x09, 0x7C, 0x4C, 0x5D, 0xAB, 0x37, 0x14, 0x8F, 0x6E, 0xB4, 0x72,
    0xB0, 0x93, 0x5A, 0x2D, 0xB3, 0x1D, 0xAE, 0xA7, 0x48, 0xFF, 0xAB, 0xB7, 0x01, 0x62, 0x1B, 0xCB,
    0xBF, 0xC7, 0x9C, 0x07, 0x1C, 0x5E, 0x45, 0x9E, 0xEB, 0x34, 0x22, 0xC9, 0xD3, 0x09, 0x07, 0x57,
    0xA0, 0x2B, 0x1C, 0x88, 0x20, 0x50, 0x0C, 0x0F, 0x1B, 0x1B, 0x78, 0x5F, 0x03, 0x6F, 0x6B, 0xE0,
    0x5D, 0x0D, 0xBC, 0xA9, 0x81, 0xF7, 0x34, 0xF0, 0x96, 0x06, 0xDE, 0xD1, 0xC0, 0x1B, 0x1A, 0x78,
    0x3F, 0x03, 0x6F, 0x67, 0xE0, 0xDD, 0x0C, 0xBC, 0x99, 0x81, 0xF7, 0x32, 0xF0, 0x56, 0x06, 0xDE,
    0xC9, 0xE0, 0x37, 0xB0, 0x3C, 0x69, 0x36, 0xF2, 0x01, 0xB9, 0x42, 0x99, 0xE5, 0x6F, 0x85, 0x3F,
    0x9D, 0xBE, 0x0F, 0xA8, 0x46, 0xD4, 0xF4, 0x15, 0xDE, 0x8F, 0xC2, 0x34, 0x86, 0xAB, 0xC4, 0xC8,
    0x50, 0xC4, 0xEF, 0x05, 0x5A, 0x65, 0x68, 0xFE, 0x98, 0x99, 0x9C, 0xA1, 0x2F, 0x90, 0x13, 0x12,
    0xCB, 0x64, 0x37, 0x30, 0x42, 0xE4, 0x4E, 0xB1, 0x2F, 0x9A, 0x3C, 0xF9, 0x45, 0x8F, 0x00, 0x18,
    0xF5, 0x0C, 0x72, 0x5C, 0x83, 0x38, 0x61, 0xC5, 0xC9, 0x90, 0x42, 0xED, 0xBA, 0x94, 0x0B, 0x69,
    0x66, 0xC7, 0xAA, 0x81, 0x64, 0xC0, 0x48, 0xDE, 0x2E, 0x22, 0x2C, 0xA5, 0x9B, 0x62, 0xC9, 0x79,
    0x33, 0x21, 0x13, 0x4E, 0x9D, 0x12, 0x93, 0x68, 0xD1, 0x66, 0x2B, 0x7E, 0x1B, 0xCB, 0x1A, 0x45,
    0x2A, 0x65, 0x87, 0x74, 0xCD, 0x2F, 0x24, 0x50, 0x9F, 0xEF, 0xD6, 0x12, 0x3C, 0x59, 0x37, 0xE8,
    0xD7, 0x53, 0x45, 0x47, 0x52, 0x4D, 0x78, 0x2C, 0x67, 0x6B, 0xB7, 0xBA, 0x39, 0x40, 0x1B, 0xE8,
    0x66, 0x2E, 0x1A, 0x5D, 0xF4, 0x9B, 0xD1, 0xC4, 0x15, 0x92, 0x6D, 0xBF, 0xC7, 0xB9, 0xAB, 0xB4,
    0x77, 0xB9, 0xFA, 0x82, 0x45, 0x02, 0xC0, 0x28, 0x59, 0xE2, 0xB8, 0x5A, 0x92, 0xDF, 0x41, 0x5E,
    0xF4, 0xD8, 0x71, 0x86, 0xC7, 0xBD, 0x9F, 0x2F, 0x18, 0xD5, 0xD7, 0x44, 0x1D, 0x04, 0xD4, 0x72,
    0xAE, 0x35, 0x39, 0x30, 0xE8, 0xF5, 0x46, 0x3D, 0x7F, 0xC0, 0x23, 0x3B, 0x19, 0x8D, 0xCF, 0x9D,
    0x39, 0xF3, 0xD7, 0x78, 0x55, 0x1F, 0xF0, 0x86, 0xA4, 0x25, 0x25, 0x99, 0x55, 0x19, 0xDC, 0x95,
    0xA4, 0xDA, 0xE6, 0xA2, 0xB5, 0x15, 0xBB, 0x17, 0x31, 0xDE, 0x37, 0xD5, 0xF3, 0x50, 0x35, 0xE2,
    0xD3, 0x74, 0x97, 0xD6, 0xD9, 0xA8, 0xB4, 0xC8, 0xAC, 0x43, 0x85, 0xEE, 0xD5, 0xC0, 0x6B, 0x59,
    0x95, 0x98, 0x95, 0x03, 0xD3, 0xCA, 0xF9, 0x46, 0x2C, 0xA9, 0x2D, 0x8B, 0x03, 0x73, 0xD4, 0xF1,
    0xEC, 0x00, 0x00, 0xD7, 0x55, 0xA7, 0xB9, 0xE4, 0xF8, 0x6A, 0x5E, 0x11, 0x9B, 0x9B, 0xD9, 0x6E,
    0x29, 0x2D, 0x66, 0x4D, 0xEB, 0xF9, 0x6F, 0x6A, 0x5C, 0x39, 0x65, 0xC4, 0x65, 0xC2, 0x1C, 0xB2,
    0x31, 0x16, 0x0C, 0x88, 0x7D, 0x69, 0x29, 0x1C, 0xB4, 0x92, 0xC1, 0x2C, 0xB4, 0x17, 0xB6, 0x4D,
    0x5C, 0x8D, 0xC0, 0x07, 0x4E, 0x2F, 0xB2, 0x4A, 0xCF, 0x89, 0x61, 0xA4, 0xD2, 0x91, 0xBA, 0xBA,
    0x8A, 0xB2, 0x0C, 0xF6, 0xFA, 0x06, 0x95, 0x2C, 0xB1, 0x6C, 0xD3, 0x36, 0x9A, 0xD1, 0x8D, 0x56,
    0x86, 0xCC, 0x07, 0xD9, 0xD8, 0x27, 0xA8, 0x0E, 0xCD, 0x9A, 0xB3, 0x66, 0x85, 0xF3, 0x38, 0x47,
    0x45, 0x86, 0xE0, 0x14, 0x8C, 0xDF, 0xE3, 0x77, 0x35, 0x35, 0xBC, 0xD4, 0x17, 0xF2, 0x66, 0xCA,
    0x44, 0x6A, 0x5E, 0xF4, 0x9D, 0x3A, 0x77, 0x1B, 0x0F, 0x26, 0x35, 0xB3, 0x62, 0x08, 0x25, 0x53,
    0x22, 0xC5, 0x43, 0xA5, 0x32, 0xA5, 0x53, 0x10, 0x5E, 0xB6, 0x63, 0xB2, 0xD9, 0x2A, 0x12, 0xF7,
    0x40, 0x7D, 0xD0, 0x69, 0x93, 0xB7, 0xD5, 0xAC, 0x78, 0xCA, 0x31, 0xB5, 0x9F, 0xE3, 0xD4, 0xEE,
    0x0E, 0x2E, 0xB4, 0x82, 0x5A, 0xCA, 0x6F, 0x5C, 0xC1, 0x8C, 0x33, 0x4D, 0xFE, 0x3F, 0xF1, 0x4F,
    0x1B, 0xAE, 0x27, 0xB0, 0xE9, 0x0F, 0x49, 0xD0, 0x00, 0xBB, 0x46, 0x1D, 0x05, 0x4F, 0x61, 0xCD,
    0xEF, 0x53, 0x10, 0xB4, 0xB7, 0x73, 0x5C, 0x7A, 0xCD, 0x21, 0xDE, 0x19, 0x27, 0x8A, 0x91, 0xF7,
    0xFC, 0x0F, 0xEA, 0xE9, 0x1E, 0x75, 0x26, 0x1A, 0x7F, 0xA8, 0xDD, 0x8A, 0x94, 0x22, 0xA5, 0x8D,
    0x96, 0x88, 0xE9, 0x0F, 0x82, 0xF0, 0xF9, 0x4F, 0x7A, 0xD5, 0x07, 0xE9, 0x67, 0x7E, 0xAB, 0x6A,
    0xA0, 0xDB, 0xC9, 0x6A, 0x4D, 0xDD, 0xB9, 0xCD, 0xAA, 0xB3, 0x97, 0x4B, 0xF9, 0xA4, 0xDA, 0x89,
    0xBD, 0xB5, 0xD7, 0x2F, 0xF0, 0x7F, 0xE4, 0xF8, 0x65, 0xEF, 0x1A, 0xA7, 0x0A, 0x9D, 0x3B, 0x90,
    0xB8, 0xB7, 0x78, 0x31, 0x70, 0xE1, 0xF3, 0xFB, 0xFE, 0x82, 0x93, 0xEB, 0x9D, 0xCE, 0x80, 0x67,
    0xE1, 0x6A, 0xAB, 0xA4, 0xFC, 0x47, 0x30, 0x95, 0x33, 0x8F, 0xCB, 0xEB, 0x24, 0x35, 0xB7, 0x21,
    0x79, 0xFD, 0x4A, 0xD6, 0x59, 0x6C, 0x8B, 0x59, 0x57, 0xFE, 0x02, 0xC6, 0xE2, 0x7F, 0xEB, 0xD3,
    0xCE, 0xFA, 0xE4, 0x5A, 0x0D, 0x2C, 0xC0, 0xA3, 0x10, 0x65, 0x24, 0xF3, 0x0F, 0x4E, 0xB1, 0x2D,
    0xD6, 0x80, 0xB9, 0xA3, 0x51, 0xA4, 0x79, 0x98, 0x14, 0x5F, 0x3A, 0x25, 0xCC, 0x58, 0x87, 0x6F,
    0xA9, 0xE6, 0x9D, 0x4A, 0x2A, 0xE4, 0xAD, 0xA1, 0x52, 0x72, 0x29, 0x55, 0x3E, 0x52, 0x6D, 0x9D,
    0x36, 0x5A, 0x72, 0x2D, 0x6D, 0x31, 0x2E, 0xC3, 0x2F, 0xDB, 0xAA, 0x4A, 0x44, 0x58, 0xCF, 0x70,
    0x32, 0xE2, 0xB1, 0x3F, 0x41, 0x0A, 0xE2, 0x61, 0x6A, 0x23, 0x1A, 0xCF, 0xE3, 0x38, 0x34, 0x78,
    0x2B, 0x92, 0xAD, 0xB9, 0xA6, 0xA1, 0x92, 0x7A, 0x06, 0x84, 0x47, 0x23, 0xB2, 0xA3, 0x70, 0x09,
    0xB9, 0x46, 0x03, 0x1C, 0x6F, 0x5E, 0x7E, 0x8D, 0x37, 0x48, 0x42, 0x1E, 0x0B, 0x8C, 0xEA, 0x1E,
    0xDE, 0x6F, 0xF9, 0x3F, 0x95, 0x55, 0x31, 0x8F, 0x1C, 0x35, 0x14, 0xFE, 0x66, 0x26, 0x97, 0x01,
    0x8D, 0x14, 0x5F, 0x91, 0x93, 0x50, 0x22, 0xC5, 0x29, 0x52, 0x24, 0x88, 0x64, 0x28, 0x52, 0x5C,
    0xB1, 0xBB, 0xF6, 0x3F, 0xE0, 0x0A, 0x52, 0x43, 0x91, 0x82, 0x2E, 0x29, 0x28, 0x28, 0x36, 0x19,
    0x17, 0x48, 0x14, 0x14, 0xB9, 0x9E, 0x02, 0xEA, 0x4D, 0x91, 0x2B, 0x52, 0xA4, 0xD8, 0xBB, 0xB1,
    0x94, 0x3F, 0x30, 0x12, 0x48, 0x14, 0x34, 0x03, 0x82, 0x82, 0x34, 0xB8, 0x18, 0xA1, 0x11, 0x99,
    0x5D, 0xF3, 0xBD, 0xD9, 0xDD, 0x83, 0x48, 0x11, 0x12, 0xDE, 0xB5, 0xB5, 0x6B, 0x3F, 0x3F, 0x3F,
    0x7F, 0xDF, 0xF7, 0x9E, 0x01, 0x0D, 0xE3, 0x8C, 0x57, 0x6D, 0x1E, 0x92, 0x1E, 0x73, 0xDC, 0xC6,
    0x05, 0x00, 0x7D, 0xB2, 0xCA, 0x86, 0xBC, 0x53, 0xAD, 0x76, 0x33, 0x4C, 0xB0, 0x0F, 0x64, 0x80,
    0x72, 0x30, 0x1E, 0xD1, 0x67, 0xAF, 0x9B, 0xE2, 0x65, 0x5B, 0x26, 0x61, 0x82, 0xB0, 0x2F, 0x6B,
    0x7B, 0x89, 0xBD, 0x56, 0xC4, 0x41, 0xC7, 0xCE, 0xC4, 0x36, 0x24, 0xD6, 0xD2, 0x36, 0x46, 0x6F,
    0x36, 0x1D, 0xBB, 0x56, 0xC5, 0xF3, 0x36, 0xDC, 0xC0, 0xF5, 0x43, 0x3C, 0x9F, 0xA7, 0xA1, 0x8A,
    0x8D, 0x89, 0x4E, 0xAD, 0xC4, 0x20, 0x41, 0xE9, 0x4D, 0x5B, 0xB7, 0x95, 0x37, 0x74, 0x51, 0x34,
    0xCA, 0x95, 0xA1, 0x6A, 0xAB, 0x10, 0xDB, 0x3A, 0xD0, 0xAC, 0x89, 0xEE, 0x0A, 0x6E, 0x21, 0x5D,
    0x43, 0x47, 0x67, 0x2A, 0x7F, 0x58, 0xB9, 0x74, 0x85, 0xBC, 0x41, 0xEE, 0xB9, 0x15, 0x38, 0x42,
    0x11, 0x61, 0xB4, 0x5D, 0x2A, 0xD7, 0x2B, 0xDB, 0x1B, 0x9C, 0x0D, 0x28, 0x5B, 0xA4, 0xFE, 0x46,
    0x1E, 0xCE, 0x54, 0x88, 0xEA, 0x97, 0x55, 0xF9, 0xB2, 0x33, 0x45, 0x3B, 0x57, 0xAE, 0xBB, 0x83,
    0xE6, 0x26, 0x3E, 0xC4, 0xA7, 0x93, 0xB4, 0x9D, 0x2A, 0x6F, 0x0C, 0xCA, 0x01, 0x3A, 0x40, 0x35,
    0x50, 0x56, 0xBC, 0xE5, 0x56, 0x59, 0x42, 0x83, 0x29, 0x31, 0x79, 0x41, 0xE7, 0xE9, 0x57, 0x50,
    0xDF, 0x42, 0x3D, 0x80, 0x9E, 0xC1, 0xCC, 0x31, 0x5D, 0x62, 0xDE, 0x63, 0xDF, 0x62, 0x72, 0x1B,
    0xC3, 0x63, 0xAC, 0x2A, 0x9C, 0xD2, 0xD6, 0x60, 0xA6, 0x71, 0x4D, 0xE1, 0x52, 0x2E, 0x97, 0xC1,
    0x7B, 0xDC, 0x57, 0xB3, 0xC7, 0x4D, 0x9F, 0x0E, 0xF8, 0xAE, 0xB6, 0x79, 0x53, 0xFF, 0x56, 0x3B,
    0x13, 0x57, 0xC4, 0xA8, 0x05, 0xEE, 0x71, 0xED, 0x32, 0xB2, 0xE8, 0xF9, 0xCF, 0xC4, 0xB0, 0x4C,
    0x42, 0x40, 0xB0, 0xB0, 0xD8, 0xE3, 0x5E, 0x9B, 0x75, 0x50, 0x1E, 0xA5, 0x15, 0xE0, 0x4D, 0x80,
    0xE9, 0x50, 0x06, 0x5C, 0x74, 0x48, 0x7B, 0xB5, 0x52, 0xEB, 0x62, 0x9D, 0x0C, 0x49, 0x5F, 0x84,
    0xCA, 0xDD, 0xA7, 0x93, 0x6C, 0xAD, 0xD6, 0x65, 0x6F, 0xBC, 0x61, 0xD4, 0xC6, 0x15, 0x0D, 0xDE,
    0x66, 0xB5, 0xA5, 0x5B, 0x93, 0xEE, 0xB4, 0xC3, 0x12, 0x1F, 0x8C, 0x74, 0x77, 0xE9, 0x90, 0x0D,
    0x45, 0xA7, 0x1A, 0x6D, 0x67, 0x38, 0x14, 0x4A, 0xE5, 0xC6, 0x0D, 0x32, 0x8F, 0xC2, 0x97, 0x04,
    0x3B, 0x5A, 0x94, 0xC0, 0x0C, 0xD4, 0x02, 0x5B, 0x61, 0xA1, 0x20, 0x13, 0x46, 0x96, 0x70, 0xFA,
    0x31, 0x06, 0x20, 0x8C, 0x9B, 0xB4, 0x50, 0xEE, 0x0E, 0x3E, 0xB1, 0x3C, 0x08, 0x77, 0xC6, 0x29,
    0x86, 0xCB, 0xA0, 0x19, 0x3D, 0x47, 0xD5, 0xE2, 0x81, 0x37, 0x6B, 0xDC, 0x39, 0x16, 0x37, 0xC1,
    0xD8, 0x25, 0x3A, 0xF4, 0x38, 0x63, 0xC8, 0x9B, 0x36, 0xA7, 0xF6, 0x90, 0x04, 0xA4, 0x81, 0x72,
    0x41, 0x3D, 0xCA, 0x82, 0x47, 0xD4, 0x11, 0x57, 0x7F, 0x60, 0x2C, 0x42, 0x0E, 0x1D, 0x4B, 0xCC,
    0x8C, 0x84, 0xBC, 0x74, 0x5C, 0xF5, 0x55, 0xB4, 0x59, 0x2B, 0xC1, 0xE6, 0x6E, 0xEB, 0x66, 0x9C,
    0xDC, 0xFC, 0x4C, 0x19, 0x3B, 0xF1, 0xC5, 0x76, 0x28, 0xC4, 0xA5, 0x1A, 0x76, 0x43, 0xD9, 0x89,
    0xB5, 0xC4, 0x4E, 0x84, 0x2F, 0x10, 0x71, 0x82, 0xCD, 0x79, 0xF3, 0x7D, 0x18, 0x6F, 0x47, 0xAB,
    0x5E, 0x4C, 0x7B, 0xDD, 0x97, 0xC1, 0x04, 0x43, 0x69, 0x52, 0x9C, 0xE3, 0xA7, 0xF4, 0xAA, 0xC9,
    0xFB, 0xA4, 0x4F, 0xAC, 0x6E, 0x4C, 0xA8, 0x42, 0xD5, 0x94, 0x22, 0x5A, 0xAF, 0xAD, 0x09, 0xB5,
    0xA7, 0x60, 0x7D, 0xFC, 0x39, 0xFA, 0xDA, 0x47, 0x7B, 0x0B, 0x9F, 0x6D, 0x38, 0xB6, 0xFA, 0x89,
    0x9F, 0xE5, 0x7E, 0x5E, 0xF8, 0xB9, 0xB2, 0xE6, 0x0C, 0x5A, 0x0E, 0x4F, 0x87, 0x3C, 0xE6, 0x31,
    0x8D, 0x04, 0x61, 0x99, 0x76, 0xA5, 0x3F, 0xA5, 0x74, 0x9C, 0x40, 0x4C, 0xB4, 0x07, 0x46, 0xCF,
    0x2F, 0x93, 0xAE, 0xDD, 0x37, 0xCD, 0xA9, 0xF6, 0xF5, 0x33, 0x98, 0x5E, 0x10, 0x05, 0x1A, 0x14,
    0x0E, 0x8F, 0x91, 0x0C, 0xC8, 0x89, 0x6B, 0x10, 0xA5, 0x9B, 0xA6, 0x35, 0xAF, 0x89, 0xBF, 0xD5,
    0x4C, 0x0B, 0x0A, 0xDF, 0x29, 0x2F, 0x22, 0x2E, 0xB1, 0xC9, 0xE1, 0x8B, 0x8B, 0x05, 0xD3, 0xB2,
    0x8C, 0xEB, 0x19, 0xA6, 0x94, 0xF5, 0x21, 0x1E, 0xDE, 0xCC, 0xE1, 0x27, 0x2A, 0xF3, 0x8F, 0xEA,
    0x8F, 0x1C, 0xB3, 0x13, 0xE6, 0xA7, 0x01, 0xD7, 0xD2, 0x16, 0x0F, 0x71, 0xFC, 0x22, 0x6B, 0x98,
    0x26, 0x33, 0x8A, 0x7D, 0x10, 0xE2, 0xB4, 0x17, 0xCA, 0x05, 0x77, 0x4A, 0x5B, 0x53, 0x8F, 0x6E,
    0x2C, 0x04, 0x5E, 0xB1, 0x10, 0xA4, 0xE1, 0x50, 0x0A, 0x01, 0x98, 0xD3, 0x5F, 0xE0, 0x64, 0xB9,
    0xCB, 0x69, 0x3D, 0x92, 0x47, 0x48, 0xF3, 0xD8, 0xEA, 0x18, 0xCC, 0xD3, 0x30, 0x47, 0x38, 0xD9,
    0xEA, 0xE4, 0x52, 0xF6, 0xEA, 0x54, 0xC5, 0x9E, 0x8A, 0x7F, 0x48, 0xAD, 0x6F, 0x5A, 0x1D, 0xA3,
    0x8D, 0x63, 0x5F, 0xEF, 0x58, 0x8C, 0x42, 0xFD, 0x66, 0xD8, 0x78, 0x93, 0xC2, 0x12, 0x29, 0xC9,
    0xED, 0x60, 0xCF, 0x0B, 0x0B, 0xE2, 0x9B, 0x76, 0x20, 0x79, 0x27, 0x79, 0x5C, 0x7F, 0x13, 0x34,
    0x17, 0x1A, 0x71, 0xE5, 0x1E, 0xA1, 0x5A, 0x11, 0x87, 0xE4, 0x18, 0x57, 0x16, 0x0B, 0xBB, 0x2D,
    0x4F, 0x5E, 0x8C, 0xDF, 0x5F, 0x2C, 0x16, 0xC7, 0xE2, 0x21, 0xC8, 0xD0, 0x9E, 0x97, 0xAC, 0xBD,
    0x31, 0x0C, 0x19, 0x44, 0x2C, 0x99, 0xF0, 0x55, 0xC8, 0xAA, 0xF2, 0xBB, 0x79, 0x39, 0x2E, 0x15,
    0x8D, 0xE4, 0xE1, 0x8D, 0xF9, 0x33, 0xA9, 0x67, 0xE3, 0xA6, 0xF3, 0x79, 0xD1, 0x07, 0x19, 0xDB,
    0x39, 0x93, 0x79, 0xC9, 0x52, 0x68, 0xB7, 0xDB, 0x74, 0x79, 0x7B, 0x6C, 0x2A, 0x67, 0xE4, 0xCD,
    0x6E, 0xA3, 0xB6, 0x3B, 0x83, 0xA5, 0x0C, 0xFD, 0x6E, 0xF7, 0xBF, 0x2C, 0x64, 0x7E, 0xF6, 0x5F,
    0x16, 0xE5, 0xFF, 0xB5, 0x18, 0x8B, 0x40, 0xE1, 0x54, 0x48, 0x43, 0xC2, 0x9E, 0x37, 0x95, 0xBD,
    0x3F, 0x12, 0x00, 0x4D, 0x41, 0x51, 0x51, 0x26, 0x0E, 0x55, 0xEC, 0x0F, 0xEE, 0x1D, 0x61, 0xB1,
    0x40, 0x4E, 0x2E, 0xD4, 0xAB, 0x9A, 0x9E, 0x0C, 0xEF, 0xF3, 0x88, 0xCE, 0x96, 0xA4, 0x6F, 0x20,
    0x35, 0x1D, 0x0E, 0xEE, 0x6D, 0x68, 0x4A, 0x86, 0xD2, 0xE5, 0xEB, 0xDA, 0x93, 0x90, 0x66, 0xAA,
    0x5E, 0x36, 0x87, 0x54, 0xDE, 0xF5, 0x77, 0x12, 0x59, 0x54, 0xCA, 0xA9, 0x68, 0xF3, 0x41, 0x52,
    0xA2, 0x1E, 0xF0, 0x62, 0x22, 0x58, 0x74, 0x59, 0xA3, 0xBC, 0xF6, 0x14, 0xB1, 0xD7, 0x2C, 0x0C,
    0xED, 0x79, 0xF5, 0x7A, 0xE3, 0xB1, 0x3A, 0x49, 0x86, 0xAC, 0xCF, 0x83, 0xD8, 0x4C, 0x71, 0x97,
    0x8F, 0x00, 0xE1, 0xE3, 0x5B, 0xA0, 0x98, 0x6F, 0x52, 0x62, 0x7B, 0x86, 0x11, 0xF0, 0x39, 0x4F,
    0xD9, 0xC7, 0xDB, 0x2B, 0xE2, 0xEE, 0xDA, 0xBB, 0x4A, 0x3D, 0x6C, 0x08, 0x15, 0x74, 0xA4, 0xA4,
    0xFC, 0xF8, 0xB5, 0x2B, 0xFF, 0xFC, 0xE7, 0x15, 0xAA, 0xB6, 0xAF, 0x50, 0x02, 0xA6, 0xBD, 0xA4,
    0xF7, 0x97, 0x71, 0x88, 0x7D, 0xDD, 0x30, 0x35, 0x9E, 0x17, 0x6D, 0x39, 0xBE, 0x17, 0x33, 0xBE,
    0x63, 0x17, 0xC7, 0x6B, 0x3D, 0xF1, 0x45, 0x74, 0xD9, 0x4A, 0xAA, 0x08, 0xA5, 0x37, 0x9F, 0x20,
    0x6B, 0xA8, 0x93, 0x9E, 0x9F, 0x2E, 0x0B, 0xC6, 0xDD, 0xDC, 0xA0, 0xBC, 0x87, 0x51, 0xF0, 0x15,
    0xAA, 0xBF, 0x8E, 0x0E, 0x9E, 0xAD, 0x46, 0x8D, 0x8B, 0x08, 0x1F, 0xC4, 0x28, 0x3C, 0xE1, 0xE0,
    0x68, 0x84, 0xEF, 0xE9, 0xEF, 0xF4, 0x99, 0x70, 0x69, 0xCD, 0x2A, 0x25, 0x26, 0xC4, 0xEA, 0x57,
    0xE0, 0x6A, 0x1C, 0x1F, 0xA8, 0x0D, 0x7F, 0xD8, 0xC8, 0x28, 0xFF, 0x03, 0x9A, 0x25, 0x86, 0xB5,
    0x99, 0x4A, 0x7C, 0x57, 0x20, 0x65, 0x8D, 0xE3, 0x8B, 0xF4, 0x37, 0xED, 0x7D, 0x4D, 0xAC, 0xDE,
    0xE6, 0x95, 0xDE, 0xFB, 0x91, 0xF2, 0xFD, 0xE2, 0x4B, 0x4F, 0x28, 0xA0, 0x6A, 0x1B, 0xCB, 0x19,
    0x31, 0x8B, 0x59, 0x24, 0xAE, 0x2D, 0x66, 0x91, 0x85, 0x16, 0x57, 0x22, 0x1D, 0xA3, 0x99, 0x85,
    0x81, 0xDA, 0x05, 0x22, 0x4F, 0x9B, 0x2C, 0x9C, 0xC5, 0x0C, 0x30, 0xF1, 0xCC, 0x54, 0x59, 0x78,
    0x11, 0x14, 0x1A, 0x93, 0x89, 0x0B, 0x78, 0x91, 0x85, 0xB5, 0x68, 0x66, 0x16, 0xB3, 0x88, 0x50,
    0xB8, 0x80, 0x7D, 0x0D, 0x44, 0xC6, 0xD4, 0x40, 0x35, 0x03, 0x59, 0xA4, 0xA3, 0x85, 0x51, 0x78,
    0x61, 0x26, 0x41, 0xEA, 0x45, 0x16, 0xA6, 0xFF, 0x26, 0xAD, 0x8D, 0xC2, 0xB4, 0x43, 0xC7, 0x94,
    0x44, 0xF2, 0xED, 0x79, 0xCE, 0x39, 0x2F, 0x3F, 0x7E, 0xF7, 0x5E, 0xF9, 0x57, 0x8A, 0x7F, 0xC6,
    0x4A, 0xFC, 0x91, 0xD2, 0xFD, 0xEE, 0xFB, 0x73, 0xCE, 0x79, 0xCF, 0xFF, 0x39, 0xAF, 0x31, 0xEE,
    0x4F, 0x2C, 0x0F, 0x5B, 0xF2, 0xA3, 0xA8, 0xF9, 0x11, 0x74, 0xF2, 0xAF, 0xE7, 0xE5, 0x11, 0x98,
    0xD5, 0x9F, 0x7B, 0x7F, 0x7C, 0xF7, 0x76, 0x43, 0x5F, 0xB4, 0xD6, 0xB6, 0xC6, 0x84, 0xB6, 0xF2,
    0xE9, 0x6F, 0x81, 0xCD, 0x17, 0x0D, 0xFE, 0x66, 0x4C, 0x2D, 0x8F, 0xCA, 0x98, 0x68, 0x34, 0x26,
    0xA5, 0x09, 0x7A, 0xFE, 0xBD, 0x44, 0x1F, 0x9D, 0x39, 0x82, 0x79, 0x5A, 0xF3, 0x38, 0x66, 0xBD,
    0x78, 0x77, 0x83, 0x87, 0xB5, 0xF4, 0x6B, 0x9E, 0x7D, 0xE5, 0xDB, 0xB4, 0x0A, 0xDF, 0x96, 0xBE,
    0x3E, 0x72, 0x63, 0x96, 0x36, 0xF7, 0x52, 0x19, 0xD2, 0x4C, 0x0F, 0x8C, 0xFC, 0x07, 0x34, 0xF2,
    0x60, 0xCC, 0x96, 0x8C, 0x7C, 0x8E, 0x86, 0xEC, 0x8D, 0xD7, 0xD2, 0xF7, 0xED, 0x8F, 0x4F, 0x34,
    0x26, 0xA1, 0x21, 0x6D, 0x65, 0x76, 0xFD, 0x89, 0xEA, 0x18, 0x1B, 0x4D, 0x1A, 0xDE, 0x68, 0xD6,
    0xD8, 0x46, 0x1E, 0xF8, 0x6A, 0x52, 0x66, 0xE9, 0xA7, 0x63, 0x9B, 0x98, 0xD3, 0xD0, 0xE8, 0xE3,
    0x8F, 0x8F, 0x1F, 0x3F, 0x7E, 0x26, 0xF7, 0x2C, 0xFF, 0x31, 0xFE, 0xC5, 0x7B, 0xEC, 0x2B, 0x77,
    0x8F, 0x26, 0x2C, 0x03, 0x9B, 0xD2, 0x58, 0x11, 0x4F, 0xB4, 0x45, 0xFF, 0x0B, 0x69, 0xA6, 0x23,
    0x66, 0x3F, 0x4F, 0xF5, 0xA5, 0xD5, 0x2E, 0xA6, 0x67, 0xD1, 0x5E, 0xC7, 0xA0, 0xB1, 0x97, 0xEC,
    0x60, 0x64, 0x27, 0x34, 0x82, 0x59, 0xD8, 0x66, 0x69, 0x65, 0x13, 0x1E, 0x96, 0x41, 0xCF, 0x05,
    0xB6, 0x48, 0xBB, 0x59, 0x58, 0x86, 0x17, 0xED, 0x56, 0x00, 0x26, 0xCF, 0x91, 0xBE, 0x52, 0xF3,
    0x8E, 0x7C, 0x7C, 0x9F, 0x86, 0xE7, 0xDF, 0xA7, 0x67, 0x68, 0x09, 0x0A, 0xB6, 0xE3, 0x15, 0x05,
    0x76, 0x34, 0xF1, 0xC8, 0xC0, 0x2F, 0xA7, 0x15, 0x34, 0xFC, 0x58, 0xE8, 0x6E, 0x7D, 0x2B, 0xA8,
    0x0A, 0x07, 0x5D, 0x68, 0xAB, 0x3F, 0x2E, 0x27, 0xC8, 0xCD, 0xC8, 0x79, 0xFE, 0x67, 0xBF, 0xD2,
    0xBB, 0x0E, 0x33, 0x27, 0xF7, 0x48, 0xC6, 0x4E, 0xE4, 0x1B, 0x67, 0xE5, 0xC1, 0xF3, 0x6C, 0xD3,
    0x9F, 0x87, 0x65, 0xDB, 0xF4, 0xD5, 0xC8, 0x96, 0x4B, 0xDD, 0x95, 0x3C, 0x16, 0x35, 0x4F, 0xB9,
    0xA8, 0x98, 0x0C, 0x16, 0xE5, 0x04, 0xB8, 0xAC, 0x53, 0xF0, 0xC9, 0x9C, 0xB2, 0x07, 0xCB, 0x8B,
    0xF2, 0x64, 0x27, 0xBE, 0xAC, 0x58, 0x1F, 0x01, 0xA0, 0xB0, 0x17, 0x19, 0x98, 0x9D, 0x04, 0xA6,
    0x23, 0x5B, 0x7E, 0xDC, 0x64, 0xF9, 0x2B, 0x80, 0xD7, 0xDA, 0x5E, 0x4F, 0x30, 0x94, 0x22, 0x7B,
    0x86, 0xA6, 0x24, 0xC4, 0x78, 0xF4, 0x63, 0x42, 0x89, 0xA1, 0x7F, 0xC5, 0x28, 0x89, 0xAC, 0xE8,
    0x18, 0x2D, 0xA5, 0x06, 0x19, 0x30, 0x2A, 0x88, 0x16, 0xF0, 0x4B, 0x07, 0x4C, 0x2C, 0x93, 0x27,
    0x63, 0x91, 0x7F, 0xCE, 0x80, 0xD0, 0xC6, 0x73, 0xD3, 0x71, 0x28, 0xFA, 0x00, 0xAB, 0xA7, 0xD7,
    0x7B, 0x0D, 0x3F, 0x66, 0xBB, 0x53, 0x44, 0x65, 0xF4, 0xF0, 0x4A, 0x3A, 0x68, 0x44, 0x0D, 0xB9,
    0x89, 0xE9, 0x2B, 0x11, 0x6D, 0x88, 0x66, 0xCD, 0x68, 0xB3, 0xA3, 0xF1, 0xB0, 0x60, 0x9B, 0x47,
    0xD8, 0x4C, 0x6C, 0x47, 0xEC, 0x62, 0xB1, 0x9D, 0xEE, 0x17, 0xC0, 0xE0, 0x6F, 0xF1, 0x25, 0xEC,
    0x89, 0xBF, 0x41, 0x5F, 0x5F, 0x76, 0x66, 0x49, 0x2F, 0x0D, 0x46, 0xF0, 0xE4, 0xB3, 0x02, 0x35,
    0xD1, 0x0C, 0x58, 0x6E, 0x8A, 0x03, 0xCA, 0xE0, 0xEB, 0x18, 0x96, 0xA3, 0xD0, 0x28, 0x60, 0x99,
    0xF1, 0x0F, 0x22, 0x5E, 0x9C, 0x2F, 0x2B, 0xA5, 0x2F, 0x05, 0x0C, 0xC0, 0x90, 0xCF, 0x29, 0x7D,
    0xD2, 0xF2, 0xA2, 0x14, 0x6B, 0x8D, 0x73, 0x93, 0xD4, 0x26, 0xA9, 0x4C, 0x91, 0x9B, 0xA2, 0x5B,
    0xD2, 0x38, 0xFF, 0xC8, 0x1B, 0x36, 0x1B, 0x8F, 0x1A, 0xA5, 0x03, 0x1E, 0x79, 0xE4, 0x31, 0xAB,
    0x09, 0x47, 0xF2, 0x19, 0x0D, 0x2B, 0x04, 0xC9, 0xA7, 0x60, 0x49, 0x40, 0xC2, 0x4B, 0xE0, 0xE3,
    0xA1, 0xB8, 0x17, 0x9C, 0xFB, 0xBC, 0xCC, 0x80, 0x31, 0x35, 0x1F, 0x2C, 0xBE, 0xC2, 0x60, 0xBC,
    0x45, 0x41, 0xF8, 0x2E, 0x7C, 0xE3, 0x97, 0x9B, 0x18, 0x07, 0xAB, 0xC5, 0x9C, 0x59, 0x8B, 0x39,
    0x89, 0xBB, 0xE1, 0xC8, 0x95, 0x59, 0xEE, 0xBE, 0xF3, 0xB1, 0xDE, 0xC5, 0x06, 0x9F, 0x34, 0x1A,
    0x4A, 0xE8, 0xA9, 0x18, 0x3F, 0xE0, 0x41, 0x4A, 0xAF, 0x78, 0x90, 0x92, 0xBD, 0x0E, 0xD2, 0x07,
    0x1D, 0x59, 0x86, 0x8C, 0x74, 0x48, 0xFC, 0xF6, 0x51, 0xD0, 0x0F, 0x0D, 0x98, 0x16, 0xF8, 0x62,
    0xF1, 0x82, 0xEC, 0x5D, 0x86, 0x52, 0x32, 0x82, 0x7C, 0x01, 0x4B, 0xC9, 0x1D, 0x2F, 0x95, 0xA1,
    0x97, 0xC3, 0x9F, 0xC8, 0x79, 0x26, 0x1A, 0xF7, 0x1D, 0xA3, 0xAB, 0x75, 0x5E, 0xE3, 0x57, 0xEE,
    0x6D, 0x59, 0xEA, 0x22, 0x4C, 0x90, 0xEB, 0x3A, 0x4C, 0x98, 0xBA, 0xB7, 0x68, 0xE2, 0x7E, 0xC7,
    0x4C, 0xA2, 0xEC, 0x71, 0x8B, 0x16, 0x50, 0x9C, 0xC2, 0xDB, 0x39, 0x93, 0x8D, 0x05, 0xFF, 0x6B,
    0x4B, 0x7B, 0xE6, 0x71, 0x48, 0xA4, 0xD9, 0x86, 0xC7, 0xF6, 0x2B, 0x23, 0x5C, 0x82, 0xA6, 0xA0,
    0xCD, 0xF3, 0xFE, 0xC3, 0x89, 0xBB, 0x1F, 0x66, 0x61, 0x85, 0x9F, 0x9E, 0x04, 0x14, 0xE8, 0xED,
    0x10, 0xFD, 0x2A, 0x4D, 0x4B, 0x47, 0x30, 0x79, 0xAD, 0xC2, 0x1B, 0xCD, 0x5C, 0x10, 0x25, 0x10,
    0xEF, 0x28, 0x3A, 0xA0, 0x6E, 0x61, 0xED, 0x6B, 0xF4, 0xAB, 0x59, 0x4B, 0x3F, 0xB4, 0xF6, 0xA2,
    0x31, 0x9B, 0x2B, 0x09, 0x4B, 0x64, 0xF8, 0xA8, 0x27, 0xC8, 0xB6, 0x76, 0x58, 0xCA, 0x39, 0x23,
    0xD6, 0x4A, 0x23, 0x38, 0x00, 0x0B, 0x8A, 0xB0, 0x1D, 0xC1, 0x12, 0xFE, 0x2E, 0x64, 0x88, 0x37,
    0xC1, 0x15, 0x7E, 0x22, 0xE8, 0xA2, 0x9F, 0x28, 0xC6, 0xE8, 0x27, 0x0A, 0x2B, 0xFA, 0x89, 0xBC,
    0x91, 0xD4, 0x3D, 0xFE, 0x6D, 0xFB, 0xBF, 0x4F, 0x01, 0x8F, 0xF2, 0x27, 0xA5, 0xB7, 0x57, 0xB7,
    0xCF, 0xD8, 0x6F, 0xD3, 0x77, 0x00, 0x07, 0x9A, 0xC6, 0xB6, 0x3C, 0x2D, 0x71, 0xDA, 0xAC, 0x73,
    0x0B, 0xA0, 0xFF, 0xE3, 0x44, 0xD0, 0x3F, 0xC8, 0x5F, 0x30, 0x8D, 0xFC, 0x05, 0xD3, 0x10, 0xD9,
    0xE8, 0x02, 0xF0, 0x17, 0x5E, 0x00, 0xE6, 0xE3, 0x05, 0x54, 0x04, 0x97, 0x80, 0xE4, 0xE5, 0x09,
    0x7B, 0x09, 0xD0, 0xB0, 0xF6, 0x87, 0x98, 0x36, 0x77, 0x12, 0x68, 0xF6, 0xE7, 0xFB, 0xF8, 0xB8,
    0x95, 0xC5, 0xF5, 0xB7, 0x7A, 0x21, 0x88, 0xD6, 0xBF, 0x48, 0x3C, 0x2D, 0x6A, 0x18, 0xD7, 0x7E,
    0x15, 0x62, 0x39, 0x7E, 0x79, 0x0B, 0x56, 0x09, 0xB5, 0x81, 0xCE, 0xD5, 0x62, 0x17, 0x29, 0x17,
    0xED, 0xBF, 0x04, 0x78, 0xED, 0x65, 0x16, 0xD2, 0x32, 0xD9, 0x42, 0x50, 0x0B, 0xA4, 0x2A, 0x2C,
    0x68, 0x6D, 0x24, 0x9F, 0x8D, 0xEC, 0x1A, 0x27, 0x19, 0x23, 0xDB, 0xD2, 0x3D, 0x68, 0x64, 0xFC,
    0x98, 0x86, 0x0C, 0xAC, 0x4A, 0x66, 0x56, 0x3A, 0x08, 0xA7, 0x24, 0x97, 0x09, 0xA1, 0x15, 0xED,
    0xE4, 0x59, 0xAB, 0x4C, 0xDF, 0xFD, 0xB9, 0xCE, 0x69, 0x93, 0x2A, 0x70, 0xB3, 0x6A, 0x2E, 0x66,
    0x8D, 0xAF, 0x52, 0x7C, 0xA9, 0x3F, 0x0E, 0xF5, 0xEB, 0xFB, 0x1C, 0x3B, 0x8A, 0x6A, 0x61, 0x48,
    0x38, 0x86, 0x11, 0x28, 0xAF, 0x63, 0x0A, 0x58, 0x8A, 0xF2, 0x65, 0xC2, 0x6F, 0x88, 0x84, 0x3D,
    0xAA, 0xBB, 0x3D, 0xA9, 0x4F, 0xA5, 0x00, 0x5F, 0xF1, 0x1F, 0x08, 0xCE, 0x9B, 0x58, 0x74, 0x81,
    0x4B, 0xBD, 0x9C, 0x62, 0x6B, 0xE5, 0xFC, 0xFE, 0x9A, 0x99, 0x94, 0x6F, 0x1F, 0x60, 0x8A, 0x08,
    0xEC, 0xD7, 0x95, 0xF7, 0xB1, 0xAE, 0x82, 0x69, 0xF8, 0x19, 0x8F, 0x22, 0xD1, 0x68, 0xF8, 0xA2,
    0x97, 0x67, 0xD6, 0x0B, 0xA1, 0x25, 0xA3, 0xB0, 0xAE, 0x88, 0x06, 0x82, 0x92, 0x12, 0xDA, 0x9E,
    0xD9, 0x97, 0x47, 0xCF, 0x03, 0x98, 0xE3, 0xE6, 0x7C, 0x07, 0x66, 0xE3, 0xE9, 0x6D, 0xC5, 0xE4,
    0xB2, 0xC6, 0xBD, 0x39, 0x35, 0x7B, 0xA5, 0x69, 0xE3, 0x1F, 0xD3, 0x1D, 0x63, 0x00, 0x3E, 0x2B,
    0x96, 0xBD, 0x62, 0xDB, 0xE1, 0xC4, 0xBA, 0x43, 0xE1, 0xBB, 0xE3, 0x9C, 0xEB, 0xC6, 0xE3, 0x74,
    0x4E, 0x1C, 0x0F, 0xF6, 0x6D, 0xAF, 0xAC, 0x2E, 0x12, 0x3E, 0x43, 0xFB, 0xCD, 0x84, 0xF1, 0xD9,
    0xC6, 0xEB, 0x1C, 0x6B, 0x0F, 0x2B, 0x95, 0x96, 0x65, 0xF2, 0x75, 0x65, 0xF1, 0x4F, 0xF5, 0x72,
    0x8A, 0x96, 0xF6, 0x41, 0xE5, 0x47, 0x81, 0x3D, 0x91, 0x2F, 0x19, 0x9E, 0x21, 0x8D, 0x1F, 0xE8,
    0x91, 0x6D, 0xDC, 0x02, 0xE8, 0x3B, 0xC2, 0x85, 0x00, 0x32, 0x15, 0x02, 0x9D, 0x23, 0x54, 0x4C,
    0x99, 0xC8, 0x02, 0xDA, 0x99, 0x28, 0x08, 0x9C, 0x38, 0xC8, 0xB3, 0xDD, 0x82, 0x6D, 0xA1, 0xF4,
    0x46, 0x6A, 0xC0, 0x11, 0x9E, 0xAB, 0x33, 0xF7, 0xF1, 0xB3, 0x15, 0x22, 0x08, 0xBA, 0x40, 0xB9,
    0xB4, 0x35, 0x73, 0x86, 0x2E, 0x7F, 0x6E, 0x26, 0x5E, 0x7B, 0xEF, 0xB7, 0x4E, 0x43, 0x8D, 0x29,
    0x2D, 0x1F, 0x00, 0xD2, 0x01, 0x46, 0xC3, 0x5A, 0xE9, 0xB2, 0x11, 0x48, 0x84, 0x95, 0x3C, 0xE3,
    0x5C, 0x16, 0xC6, 0x6A, 0x20, 0x1D, 0x5C, 0x95, 0x5D, 0x5E, 0x2B, 0x4F, 0xA1, 0xB5, 0x64, 0x08,
    0x79, 0xBA, 0x78, 0x8C, 0x55, 0xC2, 0x6C, 0xE9, 0xB3, 0x33, 0x0E, 0x14, 0x22, 0x2D, 0xCA, 0xB9,
    0xA2, 0x09, 0x5D, 0x46, 0x9E, 0x8A, 0x79, 0x5F, 0x69, 0xC1, 0xE7, 0xAF, 0x7D, 0x19, 0x6A, 0x08,
    0x46, 0x7F, 0x55, 0x25, 0x95, 0x8E, 0x96, 0x08, 0x83, 0x73, 0xD2, 0xC6, 0x78, 0xA7, 0x66, 0xB4,
    0x41, 0x3C, 0xF4, 0x11, 0x26, 0x0D, 0x61, 0xA1, 0xA0, 0x0C, 0xE6, 0xA0, 0x13, 0x03, 0x05, 0x22,
    0x18, 0xDC, 0xC0, 0x43, 0xD1, 0xCE, 0xB9, 0x27, 0xFE, 0x99, 0x5F, 0xE8, 0x9F, 0x85, 0x77, 0x4E,
    0xAC, 0xD3, 0xBD, 0x40, 0xE3, 0x66, 0x44, 0x2B, 0x8F, 0x98, 0xBD, 0xE0, 0x9F, 0x19, 0xCB, 0x81,
    0x55, 0xF5, 0x74, 0x6D, 0x4E, 0xE6, 0xD9, 0xF8, 0xE7, 0x3D, 0xE6, 0xAC, 0x77, 0xCD, 0x59, 0x81,
    0x08, 0xAC, 0xE8, 0x97, 0x19, 0xBF, 0x0C, 0x72, 0x7A, 0x1D, 0x01, 0xA8, 0x28, 0x33, 0x5E, 0xEF,
    0x5E, 0xDC, 0xE9, 0x71, 0x40, 0x34, 0xBE, 0x53, 0xF7, 0x7D, 0x47, 0x3E, 0x7E, 0x6E, 0xDE, 0xE1,
    0xCF, 0x52, 0xBE, 0xE6, 0x15, 0xE5, 0x1A, 0xB2, 0x42, 0xD1, 0xC2, 0x09, 0xEC, 0x72, 0x14, 0xDF,
    0x56, 0x63, 0xE1, 0x19, 0xB5, 0x16, 0xEE, 0x94, 0xE7, 0x21, 0x45, 0xC7, 0x49, 0x35, 0x42, 0x1A,
    0xD1, 0x02, 0xFC, 0x52, 0x34, 0xF5, 0x30, 0x15, 0x6A, 0x3F, 0xA6, 0xB4, 0x5E, 0x08, 0xCF, 0x04,
    0x3B, 0xC2, 0x7A, 0x97, 0x95, 0x80, 0x83, 0x30, 0xCE, 0xCF, 0x63, 0x0A, 0x95, 0x5E, 0x6C, 0x1C,
    0xBF, 0x61, 0x9E, 0x6D, 0x42, 0x15, 0x60, 0xC4, 0x50, 0xA1, 0x73, 0xDF, 0x44, 0x14, 0x91, 0x59,
    0x96, 0x26, 0xBE, 0x75, 0xA4, 0xEE, 0x28, 0x41, 0xE8, 0xC0, 0xE2, 0x94, 0xD3, 0x16, 0x3C, 0x61,
    0xA1, 0xA6, 0x99, 0x1E, 0x90, 0x63, 0xB5, 0xA0, 0x24, 0x7D, 0x17, 0xFD, 0xE7, 0xD2, 0xC8, 0x4B,
    0xBD, 0x8C, 0xBF, 0xFB, 0x62, 0x85, 0xD1, 0x03, 0x1B, 0x5E, 0xDA, 0x54, 0x58, 0x8E, 0x99, 0x3D,
    0xA2, 0xD1, 0x09, 0x4E, 0xB0, 0x1D, 0x15, 0x94, 0x34, 0x72, 0x01, 0x5C, 0x77, 0x1E, 0xCB, 0x9A,
    0xF1, 0x1E, 0x02, 0x27, 0x30, 0xFB, 0xF2, 0x6C, 0xD5, 0x8F, 0x1E, 0xDF, 0x3E, 0xC5, 0x8C, 0xED,
    0x35, 0xE1, 0x6A, 0xCC, 0x26, 0x69, 0xA8, 0xAC, 0x66, 0x6A, 0x87, 0x42, 0x45, 0x54, 0x8B, 0x07,
    0xD8, 0x70, 0xC3, 0xD4, 0x53, 0x54, 0x58, 0xEE, 0x82, 0x0D, 0xC6, 0x86, 0x0F, 0x94, 0x6D, 0x20,
    0x3F, 0x16, 0x42, 0x32, 0x3E, 0xAD, 0x5A, 0xC8, 0x95, 0x8D, 0x0F, 0x31, 0x32, 0x88, 0x42, 0x95,
    0x3D, 0xCE, 0x97, 0x3B, 0x60, 0x46, 0x5E, 0xAE, 0x1C, 0x91, 0x4C, 0x0E, 0x08, 0x4E, 0x1D, 0x09,
    0x60, 0x5E, 0x75, 0x1F, 0xD3, 0xAA, 0x8B, 0x1D, 0xAB, 0xFE, 0x84, 0x9A, 0x83, 0x37, 0x63, 0xDD,
    0xA7, 0x8D, 0x9E, 0xAF, 0x5A, 0xCE, 0x92, 0x1C, 0x33, 0xD2, 0x06, 0x75, 0x39, 0x8D, 0xBE, 0x78,
    0xB5, 0x27, 0x2B, 0x9B, 0xF4, 0x4E, 0xBF, 0x74, 0xCB, 0x52, 0xCE, 0x4F, 0x24, 0x1E, 0xE8, 0xD2,
    0xDC, 0xE2, 0x0E, 0xBB, 0xE5, 0x6D, 0x29, 0xD7, 0x27, 0x33, 0x5A, 0x97, 0xD8, 0xE8, 0x8B, 0xD7,
    0x28, 0x00, 0xFC, 0x52, 0xA7, 0x0A, 0xDC, 0x4B, 0xA8, 0x96, 0x05, 0xDB, 0xA4, 0xA5, 0xA8, 0xAB,
    0xAA, 0xBE, 0xB5, 0x46, 0xA5, 0x4D, 0x2D, 0x50, 0xD9, 0x60, 0x26, 0x04, 0xFD, 0xD4, 0x4E, 0x24,
    0xAF, 0xF8, 0x08, 0x59, 0x9A, 0x83, 0xDE, 0x59, 0x50, 0xE1, 0x25, 0x97, 0x59, 0x44, 0x1C, 0x83,
    0x73, 0x27, 0xB2, 0x7C, 0x23, 0x1A, 0x45, 0xC4, 0x0B, 0xC6, 0x91, 0x76, 0x0E, 0x82, 0x7D, 0x9F,
    0x02, 0x5F, 0x97, 0x32, 0xCB, 0x4D, 0xC2, 0x39, 0x73, 0x51, 0xA2, 0xF5, 0x88, 0x26, 0x67, 0x65,
    0x21, 0x81, 0xEA, 0x37, 0x08, 0x87, 0x4B, 0xA0, 0x0D, 0x12, 0xDA, 0xF1, 0x9D, 0x43, 0x3F, 0x81,
    0x07, 0xC7, 0xBB, 0xF8, 0xA8, 0x20, 0x88, 0xA8, 0x52, 0x79, 0x24, 0x23, 0x3F, 0x34, 0xD3, 0x7B,
    0x7E, 0x54, 0x27, 0xA8, 0x48, 0x8B, 0x54, 0x57, 0xC9, 0x82, 0xC6, 0x5E, 0x38, 0x5E, 0xDC, 0x84,
    0x76, 0xE9, 0xC8, 0x6F, 0x3C, 0x63, 0x0B, 0x65, 0xC4, 0xC1, 0x64, 0xED, 0x40, 0x37, 0x48, 0x06,
    0xEB, 0xFC, 0x3A, 0x6D, 0xD6, 0xA9, 0x62, 0xB4, 0xB4, 0x75, 0xD1, 0x24, 0xEA, 0x92, 0x21, 0x79,
    0xDD, 0x38, 0x1A, 0x27, 0x45, 0xAD, 0x16, 0xEB, 0x94, 0xA8, 0x96, 0x96, 0x26, 0xFC, 0xD7, 0xB7,
    0x1D, 0x96, 0x26, 0xB6, 0x2B, 0xB4, 0xDD, 0x3C, 0x50, 0xCB, 0xBF, 0x14, 0x2B, 0x45, 0x94, 0x02,
    0xDA, 0xB6, 0x27, 0xB2, 0xA5, 0x5F, 0x14, 0x04, 0x2E, 0x6C, 0x37, 0xB3, 0xB4, 0x7A, 0x22, 0x99,
    0x84, 0xDE, 0x37, 0x2F, 0x9A, 0x05, 0xD8, 0xFD, 0x06, 0x1F, 0xF4, 0x0D, 0x41, 0x12, 0x0E, 0x52,
    0xD0, 0xC2, 0xB8, 0x25, 0xA2, 0x81, 0x4E, 0x43, 0x33, 0x57, 0xA4, 0xA9, 0x83, 0x07, 0x6D, 0xB1,
    0x4E, 0xF7, 0x25, 0xD5, 0xEC, 0x44, 0x4E, 0x2D, 0xB1, 0xD2, 0x7F, 0x3C, 0x51, 0x3B, 0x3D, 0xC4,
    0x1B, 0x85, 0x9E, 0x63, 0xDE, 0x4D, 0xD8, 0xAF, 0x84, 0x38, 0x7D, 0x1E, 0xE0, 0xCF, 0x2D, 0x46,
    0xF1, 0x16, 0xD3, 0xCE, 0x16, 0xD3, 0xCC, 0x31, 0x51, 0xCC, 0x78, 0xE9, 0xC9, 0x2B, 0x27, 0x98,
    0x6D, 0xF1, 0x30, 0xF7, 0x3E, 0xFC, 0x99, 0x3E, 0x38, 0xFD, 0x21, 0x59, 0xBF, 0xDF, 0xB9, 0x3C,
    0xC4, 0xE1, 0x49, 0x50, 0x68, 0x4C, 0xED, 0xEC, 0x10, 0xA7, 0x02, 0x84, 0x4D, 0x94, 0x3A, 0xD2,
    0x73, 0x2A, 0x84, 0x72, 0x99, 0xCF, 0x74, 0xEC, 0x5D, 0x30, 0xF8, 0x54, 0xD9, 0x61, 0xEC, 0x63,
    0x39, 0x25, 0xFB, 0x15, 0x0E, 0xB9, 0x1C, 0x7C, 0xC1, 0xCA, 0xA2, 0x59, 0xAC, 0xC4, 0x5C, 0xB5,
    0x4B, 0xCC, 0xF1, 0xAF, 0x2F, 0x73, 0xE7, 0xEB, 0x71, 0xBE, 0x95, 0xB9, 0x98, 0x1B, 0x9C, 0x63,
    0x45, 0x98, 0xD3, 0x49, 0xF7, 0xD2, 0x3A, 0x59, 0xDC, 0xA8, 0xAB, 0xC2, 0x57, 0x45, 0x8F, 0xB4,
    0x4D, 0xA5, 0xBB, 0x30, 0xD5, 0x39, 0x0F, 0x3B, 0x41, 0x7F, 0x52, 0x1C, 0x68, 0x87, 0xC8, 0xCA,
    0xE1, 0x39, 0x93, 0xD7, 0x6A, 0x99, 0x0A, 0xDE, 0x94, 0xC8, 0x8A, 0x1F, 0x6C, 0xC1, 0x7B, 0x10,
    0x5F, 0x4A, 0xBB, 0xE6, 0x4A, 0x89, 0x5F, 0x05, 0x67, 0x38, 0xF8, 0x18, 0x04, 0x11, 0xD3, 0x5F,
    0xC1, 0xC3, 0x32, 0xD8, 0x6C, 0xEB, 0x68, 0x54, 0xE7, 0x4A, 0xFA, 0x49, 0xD3, 0x85, 0x7B, 0x48,
    0xE8, 0xDA, 0xC0, 0x27, 0x94, 0x58, 0xE5, 0xAD, 0x46, 0x84, 0x81, 0xF1, 0x9E, 0x1D, 0x08, 0x6D,
    0xC2, 0x65, 0xE9, 0x15, 0xFF, 0x01, 0x61, 0x77, 0x10, 0xC4, 0x45, 0xD7, 0x0D, 0xC9, 0x88, 0x3A,
    0x2A, 0x42, 0xEF, 0x56, 0x7A, 0x3D, 0x2B, 0x14, 0xB7, 0x15, 0x8C, 0x8B, 0x5A, 0x3C, 0xF2, 0x4F,
    0x04, 0xE3, 0xB2, 0x14, 0xBE, 0xDE, 0x2C, 0xC7, 0x50, 0x40, 0xE2, 0xD5, 0x4B, 0x32, 0x97, 0xE4,
    0x00, 0x94, 0x4B, 0x88, 0x9E, 0x9A, 0xE5, 0xF3, 0xD2, 0x56, 0xE2, 0xDF, 0x0F, 0x73, 0x5F, 0x39,
    0x37, 0x49, 0x6C, 0x7F, 0xD4, 0x95, 0x27, 0x70, 0x23, 0x2C, 0xC5, 0x38, 0x61, 0x5F, 0x30, 0x5E,
    0x69, 0x27, 0x7E, 0x45, 0x0C, 0x1D, 0x5E, 0x69, 0x62, 0xFE, 0x74, 0x5E, 0xF4, 0x94, 0x7B, 0x73,
    0x3F, 0x13, 0xFF, 0x07, 0x37, 0xD3, 0x82, 0x55, 0x05, 0x78, 0x99, 0x62, 0x00, 0x5C, 0x55, 0x58,
    0x91, 0xB2, 0x7C, 0x98, 0xD8, 0x31, 0xDE, 0xCF, 0x5F, 0x80, 0x4E, 0x46, 0x29, 0xD6, 0x5E, 0xA8,
    0xB1, 0xC8, 0xFF, 0x31, 0x3A, 0x55, 0x9A, 0x1F, 0xBF, 0x5B, 0x02, 0x20, 0x2A, 0xDE, 0xC4, 0xB5,
    0x54, 0x8A, 0xBB, 0x90, 0x51, 0x3A, 0x4D, 0x35, 0xBD, 0xE0, 0xC8, 0xBE, 0xDB, 0x9C, 0x76, 0x36,
    0x27, 0x53, 0x2C, 0x0E, 0xF1, 0x4D, 0xD8, 0x22, 0xCE, 0xF0, 0xBA, 0x05, 0x40, 0x0B, 0x2A, 0x18,
    0xFE, 0xF1, 0x25, 0x48, 0x5B, 0xCF, 0xE6, 0x50, 0x82, 0xC8, 0x38, 0x81, 0x9B, 0x81, 0x30, 0xE3,
    0x0F, 0x6A, 0x6A, 0x31, 0x3C, 0x7D, 0xCB, 0x1A, 0x95, 0x2F, 0xEA, 0x3C, 0x91, 0x1F, 0x98, 0x19,
    0x3D, 0x84, 0x52, 0x72, 0x1C, 0x35, 0xFA, 0x39, 0xF8, 0x00, 0x2D, 0x5F, 0x83, 0x38, 0xEE, 0x21,
    0x21, 0x1C, 0x3C, 0xE8, 0xDB, 0x96, 0xD5, 0x71, 0xD6, 0xCA, 0xC1, 0xEB, 0xC4, 0x5E, 0x49, 0x6A,
    0x18, 0x0A, 0x60, 0xC8, 0x38, 0x28, 0x41, 0x2B, 0xF1, 0x00, 0x12, 0xDA, 0x22, 0x99, 0xBB, 0xB9,
    0x33, 0x74, 0x7B, 0x7B, 0xA6, 0x4F, 0xAB, 0x0D, 0x7B, 0x6A, 0x91, 0xD9, 0xBD, 0xED, 0xC9, 0x41,
    0x01, 0xF2, 0x6E, 0xF6, 0xE4, 0x64, 0xC3, 0xE6, 0x62, 0xC3, 0x32, 0x12, 0xAE, 0x60, 0xC3, 0x0E,
    0x6A, 0xC3, 0x26, 0xEF, 0x60, 0xC3, 0xEE, 0x9C, 0x73, 0xB1, 0x63, 0xCE, 0x56, 0xE6, 0x04, 0x7E,
    0x4E, 0x08, 0x35, 0x12, 0x7F, 0x9B, 0x24, 0x8E, 0xDB, 0xE9, 0x4F, 0xC5, 0xDA, 0xE1, 0x33, 0x45,
    0xF4, 0x2B, 0x14, 0x92, 0x27, 0x02, 0xD7, 0x58, 0x98, 0x2D, 0x8E, 0x16, 0x2C, 0x14, 0x21, 0x06,
    0x7D, 0x44, 0x62, 0x50, 0xE9, 0x52, 0x70, 0xB8, 0x00, 0xEC, 0x86, 0x97, 0xC1, 0xFE, 0xBD, 0xCA,
    0x67, 0x34, 0x3E, 0x05, 0x12, 0xF0, 0xED, 0x43, 0xD8, 0x76, 0x60, 0x6F, 0x4B, 0x77, 0x99, 0x0F,
    0xF1, 0x5E, 0x4E, 0x70, 0xE6, 0x14, 0xD0, 0xCD, 0x52, 0xB1, 0x0E, 0x9A, 0xAB, 0x1F, 0x46, 0xDA,
    0x3D, 0x9D, 0x29, 0xD4, 0x68, 0x69, 0xD7, 0x1E, 0x57, 0x29, 0x8C, 0xA4, 0x1A, 0x29, 0x3E, 0x8F,
    0xF8, 0xF0, 0xAC, 0xFE, 0x45, 0xBB, 0x64, 0xFA, 0x6A, 0xC2, 0x96, 0x20, 0x1F, 0x97, 0x31, 0x08,
    0x3F, 0x2C, 0xB1, 0x52, 0xB2, 0x68, 0x98, 0x50, 0x03, 0xD2, 0xE1, 0x61, 0xB1, 0xED, 0x8E, 0x0E,
    0x34, 0xEF, 0x6E, 0xB1, 0xE5, 0x57, 0x8E, 0x3B, 0x0C, 0x57, 0x8E, 0x3B, 0xAC, 0x59, 0x6C, 0x76,
    0x5D, 0x26, 0x7F, 0x6A, 0xBD, 0x56, 0xE6, 0xB8, 0xF9, 0xA6, 0xF8, 0xEA, 0x06, 0x33, 0xC5, 0xE8,
    0x44, 0xCE, 0x11, 0xB5, 0x8D, 0xA9, 0x88, 0x6C, 0xA8, 0x5A, 0x63, 0x76, 0x09, 0x11, 0x81, 0x3A,
    0x6B, 0x32, 0x68, 0xF6, 0xB0, 0x0B, 0x08, 0x02, 0xB6, 0x8E, 0xFB, 0xA8, 0x5F, 0xD8, 0x32, 0xEA,
    0x93, 0xD6, 0xC3, 0xA3, 0xC0, 0x4F, 0xE3, 0xDE, 0x92, 0xE6, 0x94, 0x26, 0x3D, 0xD4, 0x7A, 0x3A,
    0xA3, 0x6C, 0x21, 0x14, 0x0D, 0x3D, 0xC0, 0xAC, 0x8A, 0x3A, 0xEA, 0xC1, 0xDF, 0xC8, 0x9C, 0xA0,
    0x21, 0xE2, 0x21, 0x69, 0x93, 0x56, 0xCC, 0x91, 0x9C, 0xA7, 0x7B, 0x79, 0x85, 0x61, 0x4F, 0x1E,
    0xF1, 0x14, 0xEC, 0x9E, 0xF3, 0xD8, 0xED, 0xE3, 0x8F, 0x7A, 0xDB, 0x3F, 0x65, 0xE3, 0x60, 0x89,
    0x35, 0x46, 0xB4, 0x4D, 0xB8, 0xBB, 0x41, 0xF7, 0xF7, 0x2B, 0x41, 0x48, 0x18, 0xB2, 0xF2, 0x54,
    0xDB, 0x5B, 0xAA, 0x3E, 0x14, 0x2A, 0xA1, 0x6F, 0x29, 0xF9, 0x3F, 0xA1, 0x67, 0x43, 0xE3, 0xCE,
    0x93, 0xDB, 0x49, 0x3D, 0xC6, 0xF2, 0xF4, 0x9E, 0x55, 0xB7, 0xD3, 0x1D, 0xF2, 0xF3, 0x43, 0x4E,
    0x67, 0xD0, 0x67, 0xA3, 0x71, 0xB8, 0x4A, 0xD5, 0x27, 0x35, 0xA6, 0x13, 0x3D, 0x51, 0x38, 0xA8,
    0x2C, 0xF1, 0xAB, 0x25, 0x76, 0x4A, 0xBC, 0x37, 0x01, 0x2D, 0x1D, 0x98, 0xAB, 0x7D, 0x9B, 0xEC,
    0x16, 0xA0, 0x0D, 0x85, 0x7C, 0xF4, 0xA1, 0xF8, 0xF2, 0xD6, 0xD9, 0xF5, 0xDF, 0x29, 0x0A, 0x45,
    0x29, 0x1B, 0x1C, 0x07, 0xEC, 0x95, 0x03, 0x42, 0xB0, 0x88, 0xB6, 0xD1, 0xAE, 0xB8, 0xAE, 0x68,
    0xAD, 0xF4, 0xC2, 0x4A, 0xAB, 0x06, 0x19, 0x94, 0xEB, 0x8E, 0xFA, 0xC2, 0x1A, 0xAB, 0x86, 0x1A,
    0xE4, 0xE0, 0xB0, 0xF6, 0x80, 0x2F, 0x66, 0xAD, 0xB2, 0xDF, 0x3D, 0xE6, 0xAC, 0xE4, 0xC5, 0xDB,
    0x63, 0xCE, 0xD2, 0xB9, 0x10, 0x3B, 0xE7, 0x42, 0x1C, 0x9D, 0xB1, 0xE0, 0xF8, 0xB0, 0x0B, 0x44,
    0x18, 0xDF, 0xB9, 0x87, 0x97, 0x8E, 0xD7, 0x2D, 0x9D, 0x09, 0x1D, 0xB8, 0x33, 0x18, 0x3A, 0xE7,
    0x61, 0xB0, 0xC3, 0x8B, 0xF2, 0x0D, 0x82, 0x17, 0x4D, 0x70, 0x87, 0x45, 0xFE, 0x03, 0xA9, 0x2F,
    0xA2, 0xA1, 0x10, 0xA4, 0x96, 0x62, 0x4A, 0x33, 0x77, 0x64, 0x3D, 0x1D, 0x5B, 0xA7, 0x8D, 0x78,
    0xB2, 0x5F, 0xDE, 0x76, 0xCF, 0xDF, 0x8A, 0x07, 0x09, 0x3A, 0x59, 0xE6, 0x90, 0xA1, 0xAC, 0x95,
    0x0E, 0xC4, 0x19, 0xAC, 0xF4, 0xC4, 0xCB, 0x3B, 0x78, 0xC5, 0xBA, 0xC3, 0xA8, 0x99, 0xD9, 0x30,
    0xDE, 0x0E, 0x87, 0x51, 0x29, 0x07, 0xAA, 0x95, 0xE3, 0xD5, 0xAF, 0x09, 0x9F, 0x47, 0x6E, 0x66,
    0x54, 0xC3, 0x6F, 0x66, 0xFB, 0xC4, 0x8E, 0x11, 0x93, 0x7E, 0x04, 0x83, 0xB9, 0x92, 0xD8, 0x38,
    0xAB, 0xFA, 0xB9, 0x10, 0x54, 0x38, 0x9A, 0x60, 0xD2, 0xC2, 0x06, 0x09, 0x0F, 0xE5, 0xB2, 0x26,
    0xF9, 0x91, 0x20, 0x5F, 0x7E, 0x24, 0xB8, 0xD0, 0x68, 0x11, 0x2F, 0x51, 0xE3, 0x66, 0x22, 0xA7,
    0x24, 0x5E, 0xC6, 0xD8, 0xB3, 0xEA, 0x07, 0xD2, 0x50, 0x54, 0x26, 0x47, 0x85, 0x55, 0x63, 0xE6,
    0xB2, 0x3C, 0xBF, 0xD2, 0x70, 0x20, 0xAA, 0x0A, 0xEF, 0x74, 0xBE, 0xB4, 0xE8, 0xBD, 0x2C, 0xAD,
    0x7F, 0xC7, 0xA5, 0x8D, 0xC6, 0x11, 0x8B, 0x30, 0x80, 0xCC, 0xBD, 0x37, 0x66, 0x97, 0x69, 0x48,
    0x70, 0x7B, 0x94, 0x40, 0x97, 0x32, 0xDC, 0x32, 0x80, 0x4E, 0xDC, 0x29, 0x79, 0x08, 0x17, 0x83,
    0x2E, 0x6E, 0x5A, 0x50, 0x38, 0xEA, 0x5F, 0x75, 0x71, 0xA3, 0x4E, 0x3C, 0x5F, 0x50, 0xD2, 0x4D,
    0x8B, 0xD0, 0xC5, 0x09, 0xA6, 0x11, 0x44, 0xEC, 0x56, 0xEF, 0x0E, 0x3E, 0x0A, 0xB7, 0xA2, 0x59,
    0xC1, 0xCA, 0x99, 0x8F, 0x9E, 0x83, 0x0F, 0x01, 0xC7, 0x05, 0x6A, 0x01, 0x37, 0xF9, 0xEB, 0x6C,
    0x69, 0xB9, 0x71, 0x7E, 0xCF, 0x77, 0x59, 0x5A, 0xBF, 0x42, 0x9D, 0x2C, 0x2D, 0xEE, 0x67, 0x68,
    0x1C, 0xE6, 0x70, 0x3B, 0xB5, 0x37, 0xDC, 0x92, 0x99, 0x75, 0x9D, 0xCC, 0x04, 0x5A, 0x32, 0x73,
    0xC6, 0x27, 0x66, 0xEF, 0xF7, 0xBF, 0x9E, 0xBD, 0x9F, 0x9C, 0xBD, 0xDF, 0xB7, 0xD3, 0xFC, 0x87,
    0xCE, 0x08, 0x0F, 0x18, 0xCC, 0xBF, 0x0A, 0x66, 0xBA, 0x18, 0x67, 0xB7, 0x6A, 0x2E, 0x13, 0x98,
    0xC6, 0xFE, 0xBD, 0x12, 0x0F, 0xE6, 0x59, 0x0C, 0x76, 0x14, 0x27, 0x77, 0xAD, 0x3E, 0x6E, 0x38,
    0x8B, 0x99, 0x7E, 0xC4, 0x4F, 0x1C, 0x5A, 0x05, 0x91, 0x00, 0x27, 0x61, 0xEF, 0xB6, 0xC0, 0x87,
    0x06, 0xB3, 0x70, 0x14, 0xFB, 0x10, 0x35, 0xE3, 0x09, 0xCB, 0x26, 0x26, 0xB6, 0xBD, 0x48, 0xA7,
    0x0C, 0x8B, 0x29, 0x30, 0xE3, 0x8E, 0xA2, 0xE4, 0x5A, 0x24, 0xCE, 0xF0, 0x50, 0xA3, 0x7D, 0x02,
    0xBB, 0x73, 0xED, 0x26, 0xDD, 0xE4, 0xDE, 0x9D, 0x22, 0x27, 0x33, 0x5D, 0x77, 0x15, 0xB1, 0x71,
    0x4C, 0xC0, 0xD1, 0x82, 0x78, 0x2F, 0x52, 0x79, 0x15, 0xE7, 0xBD, 0x8B, 0xDC, 0x68, 0x38, 0x57,
    0x9D, 0xF8, 0x4E, 0xF3, 0x95, 0x88, 0xBD, 0x73, 0x8B, 0xBB, 0xD5, 0xC8, 0x56, 0x1D, 0xB5, 0xB8,
    0xD5, 0x44, 0xE3, 0xB4, 0x1A, 0x28, 0xFD, 0x8D, 0x40, 0xB4, 0x50, 0xBF, 0x31, 0x9C, 0xFC, 0x95,
    0x27, 0x39, 0x5F, 0xE3, 0x19, 0x30, 0xB5, 0x8B, 0x42, 0x1B, 0xB5, 0x91, 0x54, 0xB1, 0x9D, 0x8E,
    0x86, 0x29, 0x01, 0x45, 0xA1, 0xF2, 0x5E, 0x9C, 0xDC, 0xC9, 0x9E, 0xEE, 0x73, 0xEC, 0xF8, 0x4A,
    0xA1, 0x8A, 0xFC, 0x9D, 0x42, 0x15, 0xD1, 0x7A, 0xA8, 0xA2, 0xD5, 0x5D, 0xE8, 0x0E, 0x74, 0xF5,
    0xAB, 0x3F, 0x07, 0x35, 0xB9, 0x88, 0x75, 0x34, 0xD2, 0x20, 0xC0, 0x94, 0xE1, 0x8D, 0x1E, 0x38,
    0x86, 0x03, 0x55, 0xE9, 0x28, 0x10, 0x92, 0xB3, 0x27, 0x59, 0x3C, 0x83, 0x2E, 0xE8, 0xAB, 0xE3,
    0xE0, 0x11, 0x9C, 0xE6, 0x47, 0xC1, 0x69, 0x07, 0xBE, 0xF8, 0x25, 0xC2, 0xD7, 0x78, 0xD0, 0x2F,
    0x9A, 0xE8, 0xA5, 0x9D, 0x39, 0x26, 0xFB, 0x44, 0x7D, 0xDC, 0x12, 0x20, 0x6C, 0x89, 0x2A, 0x7A,
    0x54, 0x94, 0xCF, 0x4C, 0xBE, 0x58, 0x94, 0xB2, 0x85, 0xF1, 0x2F, 0x2C, 0xDB, 0xFF, 0xA2, 0xB4,
    0x1C, 0x7C, 0x34, 0x9D, 0x60, 0xBD, 0x21, 0x54, 0x02, 0xB7, 0xCE, 0xE5, 0x41, 0x20, 0xBE, 0x24,
    0x2B, 0x2E, 0x77, 0x46, 0x47, 0xC2, 0x6E, 0x74, 0x8C, 0x1C, 0x73, 0x94, 0x08, 0x3C, 0x25, 0x62,
    0x4F, 0x12, 0x5B, 0x47, 0x6C, 0x80, 0x30, 0xE8, 0x18, 0x52, 0x30, 0x20, 0x22, 0x36, 0x43, 0x30,
    0x6D, 0xCC, 0x26, 0x11, 0xCE, 0x16, 0x14, 0x67, 0xFB, 0x16, 0xC4, 0x08, 0x8B, 0x67, 0xE6, 0x08,
    0xEC, 0x10, 0x7B, 0x95, 0xB3, 0x90, 0xF0, 0x96, 0xF3, 0xD6, 0xA1, 0x75, 0xDD, 0x66, 0x2B, 0x27,
    0x22, 0xE9, 0x4D, 0x15, 0x04, 0xB6, 0x4A, 0x59, 0x50, 0xD2, 0xA7, 0x6A, 0x06, 0x6A, 0xA7, 0xE1,
    0xC8, 0x55, 0x3C, 0x19, 0x98, 0x50, 0xCD, 0x76, 0x01, 0xB2, 0x05, 0x1B, 0x64, 0xFC, 0x41, 0x7B,
    0xF6, 0x87, 0x9B, 0x06, 0x0D, 0x79, 0x14, 0x93, 0x33, 0xFC, 0xBA, 0xFF, 0x3A, 0x29, 0x6D, 0x12,
    0xF8, 0xE0, 0x63, 0x5A, 0x09, 0xF1, 0x8B, 0x70, 0x8C, 0x7B, 0x97, 0x47, 0xD2, 0xA8, 0x44, 0xD5,
    0x0C, 0x18, 0x20, 0xCF, 0x25, 0x91, 0x94, 0x1A, 0xEF, 0xB0, 0x2E, 0xF1, 0x06, 0xB9, 0x1D, 0x9A,
    0xF1, 0xA3, 0x94, 0x1A, 0x68, 0x56, 0x0D, 0x58, 0x92, 0x23, 0x5A, 0x21, 0xDB, 0x85, 0x80, 0x87,
    0x15, 0x44, 0x99, 0x2A, 0x12, 0x83, 0x1A, 0x38, 0x73, 0x73, 0xF6, 0x2E, 0x8D, 0xAA, 0x71, 0x5C,
    0x5B, 0xE7, 0x4C, 0x94, 0x5F, 0xC3, 0xB5, 0x25, 0x5E, 0x03, 0xDB, 0xB0, 0xFF, 0x1A, 0x7C, 0x24,
    0x64, 0x55, 0x67, 0xE3, 0xFF, 0x4C, 0x79, 0x8A, 0xC6, 0xD0, 0x2E, 0x97, 0x6F, 0x32, 0xAF, 0xA1,
    0xE5, 0x9C, 0xB7, 0x48, 0x97, 0x23, 0x0C, 0x07, 0x79, 0xD4, 0x9A, 0x43, 0x30, 0xA3, 0xB6, 0x60,
    0xA1, 0xB7, 0xD8, 0x1B, 0x66, 0x0A, 0x10, 0x0D, 0x88, 0xAA, 0xC4, 0x7A, 0x49, 0xF5, 0xB6, 0x3D,
    0x54, 0x5C, 0x7E, 0xC6, 0xF6, 0xD6, 0x92, 0x19, 0x60, 0x09, 0xE1, 0x65, 0x51, 0x93, 0xE2, 0x7C,
    0xA3, 0x59, 0x88, 0xDE, 0xBE, 0x60, 0x10, 0x48, 0x4C, 0x45, 0x02, 0xC3, 0x56, 0x3D, 0x93, 0x38,
    0x2B, 0x1C, 0x7F, 0xBB, 0x88, 0x5D, 0x8A, 0x7B, 0xBB, 0x5A, 0x31, 0xF6, 0x93, 0xCC, 0x13, 0x3B,
    0xD8, 0xAC, 0xDE, 0x9B, 0xBF, 0xC3, 0xF1, 0xBC, 0x5C, 0x5A, 0x0E, 0x24, 0xCA, 0xA9, 0xB4, 0x6C,
    0xD1, 0xF1, 0x99, 0x84, 0x17, 0x3D, 0x69, 0x61, 0x6E, 0x24, 0x0D, 0x74, 0xB6, 0xA4, 0x0E, 0x40,
    0x7D, 0x55, 0x08, 0xAA, 0x2A, 0x23, 0x50, 0x54, 0x09, 0x89, 0x92, 0x94, 0xEC, 0x52, 0xF9, 0x85,
    0xA8, 0x90, 0x0C, 0xC2, 0xEF, 0x2A, 0xA6, 0x19, 0xE2, 0x30, 0xA4, 0xDF, 0xC6, 0x28, 0x4F, 0x41,
    0x13, 0xBB, 0x0D, 0xE9, 0xA7, 0x34, 0xB4, 0x3F, 0x92, 0xFA, 0x17, 0xF4, 0x74, 0x68, 0xC3, 0xE1,
    0x3C, 0x38, 0x41, 0x41, 0x24, 0xD5, 0x12, 0xCD, 0x27, 0x08, 0xDD, 0x26, 0x64, 0x1F, 0x10, 0x91,
    0xE1, 0x3C, 0x20, 0x72, 0x18, 0x57, 0xC2, 0x0A, 0xE0, 0x47, 0x64, 0x00, 0x1C, 0x60, 0x25, 0x9A,
    0x75, 0xAB, 0xE1, 0x44, 0x6F, 0x1A, 0x58, 0xA1, 0x61, 0xC7, 0x4E, 0x67, 0x93, 0xE5, 0x66, 0x39,
    0x70, 0x90, 0x16, 0x11, 0x00, 0x9C, 0x22, 0x58, 0x04, 0x45, 0xE5, 0xE7, 0xC5, 0xC5, 0x13, 0x84,
    0xA9, 0x81, 0xAD, 0x84, 0x05, 0x3B, 0x3C, 0xBE, 0x29, 0xBA, 0x03, 0x59, 0xCC, 0xA2, 0xAF, 0xF7,
    0x4E, 0x3F, 0xF5, 0x44, 0x57, 0x66, 0x7A, 0xC8, 0xA7, 0x0F, 0xDA, 0xED, 0x7E, 0x36, 0xB8, 0xE1,
    0x55, 0xF9, 0x0D, 0xF4, 0xCB, 0x1F, 0x42, 0xB4, 0x7B, 0x36, 0x0D, 0xE8, 0xA0, 0xD2, 0xAF, 0xFB,
    0x38, 0xC3, 0xFE, 0x28, 0x10, 0x4B, 0x1A, 0x02, 0x18, 0xE1, 0x0D, 0x51, 0xD2, 0x90, 0x34, 0x86,
    0x32, 0xAE, 0xE8, 0x83, 0x40, 0x96, 0x00, 0xE4, 0xF1, 0x2F, 0xD8, 0x12, 0x00, 0xBC, 0x1E, 0x75,
    0xF9, 0x37, 0xB0, 0xDA, 0xE3, 0x1F, 0xB5, 0xE6, 0xFC, 0xB2, 0xF3, 0xFA, 0xA0, 0x5D, 0xB6, 0x61,
    0x13, 0x36, 0x59, 0x19, 0x13, 0xA7, 0x48, 0x88, 0xB3, 0xF2, 0x3E, 0x4A, 0x5E, 0x47, 0x4A, 0x86,
    0x4C, 0x6A, 0xBB, 0x98, 0x0E, 0x11, 0x41, 0xCB, 0x8A, 0x03, 0x6E, 0xF1, 0xC8, 0x94, 0x54, 0x0B,
    0x00, 0xD1, 0x46, 0x4B, 0x38, 0x7E, 0x88, 0x6C, 0x69, 0x0C, 0xFA, 0x45, 0x78, 0xA9, 0xF2, 0x3E,
    0x24, 0xC5, 0xC4, 0xFE, 0xC0, 0xFA, 0xCD, 0x32, 0xF5, 0x73, 0xFB, 0x80, 0x25, 0x14, 0x98, 0x0D,
    0x53, 0x3C, 0x34, 0x8A, 0x7A, 0x50, 0x9C, 0x18, 0xE4, 0xA4, 0x15, 0x85, 0xD5, 0x93, 0xF6, 0xBC,
    0x46, 0x8C, 0xEC, 0x3D, 0x03, 0xE7, 0xD1, 0x2D, 0xC6, 0xB8, 0xB3, 0xF9, 0x7E, 0xD8, 0xA0, 0x49,
    0x63, 0xCB, 0xEF, 0x99, 0xAF, 0x2D, 0xEB, 0xA4, 0xB2, 0xFF, 0xD4, 0x98, 0x73, 0x61, 0x5E, 0x94,
    0x80, 0x8E, 0xBD, 0x9F, 0x40, 0x56, 0x80, 0x23, 0x12, 0x7D, 0x33, 0x4F, 0x3C, 0x98, 0x9A, 0xB3,
    0x66, 0x63, 0x85, 0xBD, 0xDA, 0x24, 0x74, 0x14, 0xCF, 0x12, 0xC8, 0x1F, 0x9F, 0x30, 0x97, 0x9A,
    0x65, 0x2B, 0xA1, 0xFE, 0x3F, 0x63, 0x4F, 0x56, 0x23, 0x4E, 0x87, 0xAC, 0xFE, 0x23, 0xDA, 0xF7,
    0x51, 0x0C, 0x74, 0x1B, 0x92, 0x9F, 0x14, 0x7B, 0x4C, 0xCA, 0x71, 0xED, 0xB5, 0x48, 0x7D, 0x26,
    0xF6, 0x48, 0x54, 0x40, 0x98, 0x8D, 0xBB, 0x2D, 0x02, 0x72, 0x73, 0x9A, 0x0E, 0x78, 0xBD, 0x80,
    0x3B, 0xDB, 0xB7, 0x74, 0xD8, 0xFD, 0x21, 0x2C, 0xF2, 0xA0, 0x3F, 0x4A, 0x48, 0x6A, 0xFF, 0xC1,
    0x2E, 0xE3, 0x37, 0x5E, 0x1A, 0x0E, 0x27, 0x97, 0x9F, 0x1E, 0xC8, 0x00, 0x0B, 0x6D, 0x0D, 0x96,
    0x9A, 0xC6, 0x0D, 0xD9, 0x21, 0x1B, 0x72, 0x74, 0x79, 0xE8, 0xB0, 0xF2, 0x71, 0xC6, 0x42, 0x7C,
    0xDC, 0x4A, 0x7F, 0xBD, 0xD4, 0x39, 0x02, 0xDF, 0xBE, 0x96, 0x93, 0x13, 0x1D, 0xA4, 0xC4, 0x49,
    0x97, 0x1D, 0x51, 0x78, 0xD2, 0x23, 0xE8, 0xD6, 0x1F, 0x49, 0x2E, 0x5C, 0xFC, 0x0F, 0xFB, 0xB3,
    0x87, 0x60, 0x2D, 0xC0, 0xDD, 0x3F, 0x9E, 0x05, 0x12, 0x7A, 0x4D, 0xAF, 0x5D, 0xE2, 0xF0, 0x87,
    0x9D, 0x4D, 0xBF, 0x1A, 0x12, 0x36, 0x9A, 0xB8, 0x29, 0x7E, 0x53, 0x26, 0x35, 0x41, 0x91, 0xCE,
    0xCE, 0x60, 0x62, 0x1C, 0xD5, 0x0D, 0xB7, 0x31, 0x26, 0x8E, 0xA0, 0x5F, 0xB9, 0x81, 0x98, 0x65,
    0x78, 0xBF, 0x66, 0xC2, 0x7F, 0x88, 0x5D, 0x6E, 0xC0, 0x86, 0x39, 0x84, 0x73, 0x63, 0xB6, 0x38,
    0x89, 0xF2, 0x09, 0xD6, 0x21, 0x1B, 0x38, 0x15, 0xFD, 0xD2, 0x3E, 0x45, 0xC7, 0xEB, 0x07, 0xF6,
    0x99, 0x7C, 0x7F, 0x48, 0x64, 0x64, 0x8A, 0x1E, 0x41, 0x96, 0x82, 0x03, 0xF4, 0x59, 0x0D, 0xC1,
    0x7B, 0x90, 0xF9, 0xDE, 0xC4, 0x04, 0x91, 0x3B, 0xD1, 0x72, 0x5C, 0x88, 0xB8, 0x1E, 0x4E, 0x23,
    0x27, 0x0E, 0x34, 0x6C, 0x3B, 0x66, 0xC2, 0x60, 0x8B, 0x96, 0xBD, 0xC7, 0xAF, 0xB7, 0xB7, 0x12,
    0xE2, 0x17, 0xCF, 0x77, 0xFF, 0xD3, 0xC2, 0xD0, 0xBE, 0xF8, 0x12, 0x7C, 0x68, 0x0F, 0xD9, 0xA7,
    0x69, 0x81, 0xCB, 0x3B, 0x6D, 0xD8, 0x7F, 0xC1, 0x84, 0xC1, 0x10, 0xF6, 0x67, 0xCD, 0x93, 0x41,
    0x17, 0x23, 0x10, 0x19, 0x34, 0x09, 0x5C, 0x08, 0x01, 0x76, 0x99, 0x54, 0xCB, 0x94, 0x96, 0xB9,
    0x49, 0x3C, 0x67, 0x73, 0xF2, 0xC4, 0x57, 0x0B, 0x62, 0x62, 0x74, 0x08, 0x09, 0xC8, 0x61, 0x77,
    0x84, 0xD8, 0x49, 0xB3, 0x9F, 0x13, 0x11, 0x6C, 0x9E, 0x91, 0x7E, 0x94, 0x42, 0xA6, 0x10, 0x89,
    0x2F, 0xED, 0x63, 0xA4, 0x64, 0xE2, 0xE8, 0x86, 0xDD, 0x72, 0xBC, 0x21, 0x26, 0x4C, 0x9E, 0x4C,
    0x1A, 0xE2, 0xBB, 0xF4, 0x0B, 0xC4, 0x77, 0x4B, 0x82, 0x53, 0x92, 0xC7, 0x2D, 0x8D, 0xCB, 0x5E,
    0xFE, 0xEB, 0x5C, 0x5A, 0x74, 0xF4, 0x3B, 0xA4, 0xC5, 0x97, 0x08, 0x65, 0xA6, 0x18, 0x85, 0x8E,
    0x65, 0x38, 0x10, 0xE2, 0xC0, 0x39, 0xCB, 0xA4, 0x83, 0xDF, 0x96, 0xF6, 0x87, 0x08, 0x8C, 0x35,
    0xCC, 0xBD, 0xE1, 0xF4, 0x20, 0x56, 0x40, 0x0B, 0x48, 0x2A, 0x3A, 0x8D, 0xF1, 0x0B, 0x9C, 0x5E,
    0x0F, 0x05, 0xEA, 0x5E, 0xE5, 0x96, 0xB0, 0x6A, 0xCA, 0x08, 0x32, 0xB9, 0x2E, 0x48, 0x27, 0xB2,
    0x2F, 0xBC, 0xD6, 0x1B, 0xC2, 0xFD, 0x33, 0xBD, 0xD9, 0x9F, 0x3D, 0x0B, 0xE6, 0x64, 0xFF, 0x0A,
    0xD8, 0xB1, 0x47, 0x08, 0x8E, 0xDE, 0xD8, 0x24, 0xD0, 0x5A, 0x30, 0x14, 0x24, 0x28, 0x64, 0xB3,
    0x67, 0x6F, 0x27, 0x76, 0xEA, 0xDB, 0x90, 0xD8, 0x77, 0x60, 0xCF, 0x11, 0xFB, 0x0E, 0xE1, 0x86,
    0xAA, 0xD9, 0xC7, 0x5E, 0xC2, 0x8E, 0xD8, 0xD0, 0x23, 0x38, 0xA5, 0x28, 0x97, 0x73, 0xCB, 0x40,
    0x03, 0xC3, 0xF6, 0xBF, 0x68, 0x8C, 0xA8, 0x65, 0x19, 0x07, 0x12, 0xF1, 0xE0, 0x60, 0x21, 0x44,
    0xFC, 0xAD, 0xB8, 0x8D, 0x83, 0x9E, 0x53, 0x3E, 0xC2, 0x4E, 0x1E, 0x92, 0x00, 0x12, 0x37, 0x1E,
    0xC7, 0x4B, 0x98, 0x0C, 0x68, 0x8F, 0xEC, 0xA9, 0x2A, 0x4A, 0xA6, 0x36, 0x82, 0x0D, 0x3B, 0x40,
    0xF2, 0x84, 0x5D, 0xF4, 0x79, 0xC1, 0xAA, 0xF0, 0xCF, 0xD8, 0xFF, 0x30, 0x8A, 0x7D, 0xD9, 0x7D,
    0x45, 0x73, 0xC8, 0x34, 0x8E, 0xC8, 0x28, 0x6C, 0xE6, 0x46, 0x8C, 0x5B, 0x65, 0x39, 0x4B, 0xE2,
    0xD3, 0x2A, 0x03, 0x0D, 0xF0, 0x1D, 0xDB, 0x7E, 0x64, 0x4A, 0x66, 0x84, 0x0F, 0x22, 0x3E, 0xD3,
    0x98, 0x71, 0xD9, 0xF8, 0xBD, 0x57, 0x21, 0xF7, 0x00, 0xA3, 0x22, 0x2B, 0x12, 0x4A, 0x16, 0x06,
    0x2B, 0xF8, 0x3F, 0x1F, 0xE8, 0x31, 0xC5, 0x48, 0x78, 0xB6, 0x60, 0x2F, 0x8D, 0x64, 0x35, 0x3C,
    0xC2, 0xC3, 0x2C, 0xF8, 0xCC, 0x10, 0x42, 0xEB, 0xE5, 0x20, 0x5A, 0x43, 0x8C, 0xD0, 0xFD, 0x85,
    0x67, 0xDB, 0xFF, 0x6C, 0x09, 0x37, 0xCF, 0x86, 0x6F, 0xFD, 0xC2, 0x9A, 0xFD, 0xC5, 0x5F, 0xC6,
    0xBF, 0x7D, 0x00, 0x3E, 0x92, 0xFB, 0x92, 0xD7, 0x89, 0xEF, 0x2E, 0xC6, 0x3A, 0xFB, 0x7F, 0x21,
    0xB2, 0xE5, 0xE9, 0xF0, 0x46, 0x2D, 0x6B, 0x5B, 0x4D, 0x82, 0x71, 0x89, 0xC3, 0x67, 0x35, 0xE3,
    0xA8, 0xB4, 0x65, 0x19, 0xF5, 0x10, 0xBC, 0x4F, 0x13, 0x11, 0x87, 0x23, 0x4E, 0x13, 0x3D, 0xF9,
    0x3C, 0x11, 0xBB, 0x6E, 0x99, 0x43, 0xA6, 0x51, 0x0D, 0x8D, 0xE3, 0x7A, 0xC2, 0xDB, 0xE2, 0xB4,
    0x08, 0x7E, 0x88, 0xFE, 0xA8, 0xF1, 0x59, 0x8D, 0x83, 0x0F, 0x90, 0xD4, 0x15, 0x9A, 0xE8, 0xD7,
    0x23, 0xBD, 0xFB, 0x0F, 0x8C, 0xC4, 0x45, 0x7C, 0xCF, 0x2E, 0x1B, 0xB3, 0xE0, 0x4F, 0x02, 0x4F,
    0xC0, 0x4E, 0x49, 0xC6, 0xB3, 0xBD, 0x93, 0x53, 0x52, 0xEF, 0x61, 0xE8, 0xFD, 0x15, 0x7F, 0x7E,
    0x7F, 0x66, 0x81, 0x55, 0x46, 0x74, 0x66, 0x17, 0x40, 0x17, 0xFF, 0x8C, 0x38, 0x67, 0x82, 0xCA,
    0x39, 0x61, 0xF6, 0x99, 0xC3, 0x6C, 0x3E, 0x22, 0xCF, 0x20, 0xBB, 0xCC, 0x7E, 0x77, 0xF1, 0x54,
    0x4B, 0x7E, 0xF0, 0x8A, 0xBA, 0x5C, 0x42, 0x65, 0xA1, 0x19, 0x5B, 0x75, 0xA6, 0x14, 0x77, 0x68,
    0xCD, 0xD0, 0x54, 0x07, 0x9B, 0x37, 0xAE, 0x3B, 0x85, 0xFE, 0xB8, 0xDF, 0x6F, 0x34, 0x3B, 0x86,
    0x69, 0xA4, 0xB0, 0x40, 0x56, 0xD8, 0x26, 0x1D, 0x6B, 0x1E, 0x35, 0x81, 0x0A, 0xE1, 0x18, 0xC2,
    0x0B, 0x9E, 0x38, 0xD1, 0x11, 0xB2, 0xB4, 0x20, 0x65, 0x39, 0xAC, 0xC2, 0x07, 0x9D, 0xF4, 0x1F,
    0xA6, 0x38, 0x90, 0x2B, 0x01, 0x95, 0x9E, 0x1E, 0xEB, 0xDA, 0x41, 0x4F, 0xB4, 0x89, 0xD3, 0xD7,
    0x2F, 0x07, 0x50, 0xA9, 0xDF, 0x87, 0x03, 0x94, 0x05, 0x6F, 0xCC, 0xEC, 0x89, 0x5A, 0x55, 0x53,
    0x6C, 0x6A, 0xF3, 0x27, 0x6F, 0x3D, 0xEC, 0xA2, 0xD9, 0x73, 0x82, 0x9C, 0xCC, 0x6A, 0x67, 0x52,
    0x4B, 0xB5, 0xD2, 0x17, 0x34, 0x75, 0x34, 0x33, 0xEA, 0x54, 0xBF, 0xA0, 0x9E, 0x73, 0xF5, 0x26,
    0xAE, 0x72, 0x4C, 0x53, 0x50, 0x28, 0x0D, 0x5A, 0xC0, 0xA1, 0x04, 0x87, 0x80, 0xA5, 0x03, 0x9B,
    0x7B, 0xBF, 0xE9, 0x0F, 0xC5, 0x84, 0xC6, 0xE1, 0xC8, 0x3E, 0xE7, 0xF8, 0x54, 0xFA, 0x56, 0x49,
    0x9C, 0x4F, 0x84, 0x2F, 0x7A, 0x71, 0x90, 0x54, 0x95, 0xB9, 0xE5, 0xD6, 0xE4, 0xC5, 0x12, 0xC6,
    0x00, 0xFD, 0xB8, 0x68, 0xE0, 0xB9, 0x95, 0x43, 0xA7, 0xDA, 0xE2, 0x55, 0x93, 0x54, 0x0D, 0x24,
    0x15, 0x81, 0x97, 0x54, 0x46, 0x92, 0x26, 0xEC, 0x90, 0x4B, 0xD8, 0x3D, 0xEC, 0x54, 0x25, 0x3E,
    0xF0, 0xAC, 0x3E, 0xF1, 0x99, 0xE7, 0x33, 0x8C, 0x4A, 0x07, 0x76, 0x7C, 0xF3, 0x41, 0x4A, 0xCA,
    0x80, 0x7D, 0xC4, 0xE0, 0xF8, 0x09, 0xB1, 0xEF, 0xB4, 0xA8, 0xFF, 0xDE, 0xD2, 0x16, 0x89, 0x70,
    0x49, 0xE2, 0xF5, 0x70, 0xE3, 0x0C, 0xE7, 0x61, 0x1B, 0xFE, 0x16, 0x87, 0xEC, 0x69, 0x98, 0xFA,
    0xC4, 0xF8, 0x97, 0x2F, 0x87, 0xDD, 0x59, 0xD6, 0xB6, 0xD5, 0x62, 0x47, 0x6E, 0x98, 0xA0, 0x60,
    0x73, 0x62, 0x9C, 0x38, 0xD5, 0x34, 0xD1, 0x93, 0x5C, 0x08, 0xD5, 0x2F, 0xE0, 0x3A, 0x68, 0xC2,
    0x8E, 0x56, 0x43, 0xBF, 0x16, 0x43, 0x13, 0x3B, 0x99, 0x81, 0x58, 0x3A, 0x83, 0x2D, 0x83, 0x38,
    0xB0, 0xEB, 0xB2, 0x00, 0xB1, 0x2C, 0x49, 0x2B, 0x25, 0x56, 0x3A, 0x7C, 0xDE, 0xFA, 0x05, 0x88,
    0xE4, 0xD8, 0x18, 0x12, 0xB1, 0x84, 0xED, 0xFF, 0xE8, 0xB7, 0xEC, 0x03, 0x26, 0x7E, 0xF3, 0xB9,
    0xFE, 0x2D, 0x1B, 0xD1, 0xCC, 0x0F, 0xD9, 0x97, 0xC0, 0x54, 0xC7, 0x90, 0xB4, 0x26, 0x62, 0xE2,
    0x5D, 0x38, 0xB2, 0x61, 0x54, 0x85, 0x1D, 0xF2, 0xFB, 0x6E, 0x34, 0x1B, 0xB9, 0x31, 0x1F, 0xD5,
    0x7A, 0x5A, 0x5D, 0x4F, 0x23, 0xEB, 0xB9, 0x58, 0xCB, 0x7A, 0x9C, 0x23, 0x35, 0x2A, 0xD7, 0xE9,
    0x55, 0x79, 0xA8, 0x51, 0x77, 0xC0, 0x62, 0x47, 0x70, 0x61, 0xD9, 0xBB, 0x12, 0x3D, 0x79, 0x5E,
    0x74, 0xEA, 0x3C, 0xCD, 0xF6, 0x97, 0xB0, 0x36, 0xE0, 0xCD, 0x80, 0xC8, 0xB9, 0x8D, 0x14, 0xC2,
    0xA3, 0xE6, 0xD8, 0x46, 0x7A, 0xCC, 0xF4, 0x59, 0x9D, 0xDC, 0xFE, 0xB6, 0x6D, 0x93, 0x87, 0xC6,
    0xA8, 0xBB, 0x3E, 0x6E, 0x69, 0x6B, 0x59, 0x1D, 0xC1, 0xBC, 0x89, 0x21, 0x72, 0x93, 0x8A, 0x26,
    0xA1, 0x6F, 0x5B, 0x03, 0x3E, 0xE9, 0xB7, 0x8A, 0xCA, 0x8D, 0x87, 0x55, 0x57, 0x90, 0xF3, 0x00,
    0xBF, 0x14, 0xC7, 0x59, 0x2B, 0x56, 0x8D, 0x09, 0x30, 0xD0, 0x6B, 0x6D, 0x7E, 0x9F, 0xCD, 0xEF,
    0xF2, 0xE0, 0xC2, 0x45, 0xDC, 0x00, 0xA2, 0x69, 0x08, 0xE0, 0xC2, 0x7D, 0x70, 0x24, 0x2E, 0xBB,
    0x1C, 0x7D, 0x9A, 0x91, 0xB4, 0xEF, 0xE5, 0x40, 0x60, 0x0C, 0x09, 0xB6, 0x49, 0x5D, 0xC6, 0x75,
    0xD8, 0x16, 0x17, 0x48, 0xDB, 0x8E, 0x6A, 0xFB, 0x3A, 0x34, 0xA1, 0x1F, 0x20, 0xC5, 0xAA, 0x1C,
    0x70, 0xAA, 0x22, 0x90, 0x7C, 0xCE, 0x4A, 0xE4, 0x9F, 0xEB, 0xEC, 0x51, 0xA3, 0x2E, 0x72, 0x62,
    0xBA, 0x34, 0x23, 0xA6, 0xC3, 0x5C, 0x98, 0x08, 0xB3, 0x60, 0x0A, 0x8C, 0x8F, 0xC1, 0x31, 0x32,
    0x86, 0xA5, 0x31, 0x73, 0x1A, 0x70, 0x66, 0x4D, 0xEC, 0x17, 0x27, 0x40, 0x06, 0xEF, 0x0B, 0x21,
    0xFD, 0x32, 0x21, 0x3C, 0x4D, 0xDA, 0x1B, 0x24, 0x54, 0xD6, 0x42, 0x59, 0x86, 0x4F, 0xFF, 0x2B,
    0x6C, 0xA0, 0x01, 0x11, 0x59, 0xFE, 0x25, 0x02, 0xC7, 0x39, 0x24, 0xFE, 0x05, 0x35, 0xB3, 0xD1,
    0x83, 0xA7, 0x05, 0xCE, 0x00, 0x35, 0xC9, 0x89, 0x02, 0xFE, 0xFC, 0x26, 0xE8, 0xCE, 0x23, 0x1A,
    0x14, 0x37, 0x59, 0x7A, 0x34, 0xAB, 0x0B, 0x52, 0x49, 0xBE, 0x44, 0x6A, 0x47, 0x0E, 0x85, 0xFE,
    0x02, 0x18, 0xDD, 0xC2, 0xDE, 0x6E, 0xD9, 0x40, 0x46, 0x48, 0x1D, 0x41, 0x77, 0x5A, 0x36, 0x29,
    0x34, 0xA2, 0xD2, 0xF4, 0x50, 0x6A, 0x68, 0x05, 0x74, 0xE4, 0x7A, 0xC8, 0x97, 0x86, 0x30, 0x92,
    0x11, 0xCF, 0xA4, 0xD3, 0x53, 0x94, 0xCB, 0x16, 0xE6, 0x01, 0x0D, 0xD0, 0x43, 0x33, 0x30, 0x37,
    0xA7, 0x13, 0x77, 0x12, 0x1B, 0xC7, 0x14, 0x3F, 0x80, 0x1F, 0x60, 0x84, 0x5C, 0x5F, 0x62, 0x38,
    0x70, 0x4C, 0x68, 0x9C, 0x43, 0xC8, 0xCA, 0xE7, 0x99, 0x9E, 0x4D, 0x4F, 0x8E, 0x10, 0x70, 0x62,
    0xC1, 0xAD, 0xC8, 0x15, 0x35, 0x1D, 0x29, 0x89, 0x77, 0x2D, 0x1B, 0x52, 0x12, 0xC7, 0xE2, 0x67,
    0xC4, 0xBF, 0x2D, 0x2D, 0x90, 0xF6, 0x38, 0x42, 0x49, 0x44, 0x8C, 0x88, 0x94, 0xA8, 0xD4, 0xFC,
    0xA9, 0x13, 0x13, 0xD0, 0x1C, 0x4A, 0xC1, 0x00, 0x64, 0x34, 0x67, 0x12, 0xF7, 0x92, 0x84, 0xCB,
    0xB5, 0x09, 0x8B, 0xAB, 0x67, 0x1B, 0x79, 0xAD, 0x4F, 0xC2, 0xB7, 0x27, 0x62, 0x89, 0x7A, 0xB8,
    0xCB, 0x7B, 0xB2, 0x83, 0x23, 0x80, 0x62, 0x23, 0x9F, 0xB4, 0xC6, 0x7D, 0x46, 0xE6, 0xE2, 0xC9,
    0x30, 0x9B, 0xC1, 0x74, 0x06, 0xF3, 0x19, 0x4C, 0x68, 0x30, 0x23, 0x4F, 0x29, 0x85, 0x15, 0x7C,
    0x92, 0x30, 0xAB, 0xC1, 0xB4, 0x06, 0xF3, 0xF2, 0xC4, 0x3C, 0xB3, 0xE4, 0x45, 0x88, 0x5D, 0x06,
    0x08, 0x9B, 0x0D, 0x1C, 0xB8, 0x4C, 0x7C, 0x07, 0x9C, 0x03, 0xA3, 0xCC, 0x92, 0xF3, 0x65, 0xD9,
    0x33, 0xB9, 0x28, 0x2E, 0x9D, 0xD6, 0xEA, 0x25, 0x3A, 0x32, 0xA9, 0x08, 0x34, 0xF6, 0x90, 0x00,
    0x8A, 0x9E, 0x0D, 0x09, 0xAF, 0xE3, 0x16, 0x7D, 0x0C, 0x4F, 0x84, 0x7D, 0x30, 0x10, 0x07, 0x09,
    0x2F, 0x93, 0x8A, 0xCF, 0x36, 0x04, 0xF1, 0x7E, 0x92, 0x8C, 0x3D, 0x8C, 0x66, 0x3A, 0x7C, 0xC8,
    0xF5, 0x00, 0x87, 0x35, 0x90, 0x7D, 0x0B, 0x02, 0x53, 0x4A, 0xC2, 0xF5, 0x7A, 0x09, 0x18, 0xB2,
    0x3C, 0x0F, 0x25, 0xA9, 0xC3, 0x78, 0xE9, 0x49, 0x5A, 0xCA, 0x5B, 0x8D, 0x46, 0x4E, 0x17, 0xDD,
    0x4C, 0x41, 0xE4, 0xEC, 0xA2, 0xC2, 0x09, 0x6A, 0xCE, 0xF7, 0x9E, 0x0D, 0x90, 0x6A, 0x9E, 0xA6,
    0xE4, 0x68, 0x1E, 0x30, 0x62, 0x96, 0x4B, 0xCC, 0x03, 0x86, 0xB9, 0x58, 0xE6, 0x6C, 0x9A, 0x8B,
    0x08, 0x85, 0x38, 0xE0, 0x4D, 0x73, 0x94, 0xAE, 0x77, 0x12, 0x55, 0x20, 0x49, 0x26, 0xBA, 0x81,
    0x8D, 0xCE, 0x46, 0x3A, 0x9F, 0x2B, 0x3D, 0x58, 0x50, 0xBA, 0x71, 0x70, 0xE3, 0x07, 0x3B, 0x73,
    0xDE, 0x23, 0xFC, 0x9B, 0x06, 0x86, 0x62, 0xF8, 0x46, 0x0A, 0xE7, 0x66, 0x8D, 0x98, 0x6C, 0x56,
    0xDD, 0x2F, 0xEA, 0x5C, 0x65, 0xD2, 0xA2, 0xF1, 0xCB, 0x62, 0x38, 0x91, 0x26, 0xA8, 0x5D, 0x45,
    0x9C, 0x16, 0x6B, 0xFA, 0xAE, 0x9E, 0xD0, 0x85, 0x45, 0x85, 0x62, 0x6D, 0x8E, 0x11, 0xA9, 0x9E,
    0x23, 0x08, 0x8C, 0x9E, 0x01, 0x79, 0xB3, 0x9C, 0x65, 0xCE, 0x23, 0x4E, 0x33, 0x38, 0xA3, 0xF6,
    0xD3, 0xE2, 0xCF, 0x11, 0x01, 0x90, 0xAD, 0x6C, 0xEC, 0xEB, 0x39, 0x8B, 0x9D, 0xCD, 0x53, 0xAE,
    0xC4, 0xC6, 0x29, 0x90, 0x56, 0xFF, 0xCB, 0x76, 0xE4, 0xB3, 0xB7, 0x92, 0x6A, 0xC8, 0xAC, 0x92,
    0x78, 0x0E, 0x2D, 0xEC, 0x00, 0x7F, 0x3D, 0x67, 0x6E, 0xCB, 0x19, 0x02, 0x48, 0xC7, 0xE8, 0x6F,
    0x20, 0xF0, 0x7C, 0xDF, 0x44, 0x97, 0x1B, 0xE6, 0x3C, 0x89, 0x95, 0x02, 0x5A, 0xB6, 0x35, 0x82,
    0x32, 0xCA, 0x51, 0x1F, 0x5D, 0x72, 0xE4, 0xD4, 0xD8, 0x17, 0xE0, 0x51, 0x83, 0xBB, 0xE5, 0x2B,
    0xC2, 0xB8, 0xE6, 0x73, 0x49, 0x5E, 0xA3, 0xE5, 0x34, 0x6B, 0x78, 0x0E, 0x61, 0xAE, 0x1D, 0x10,
    0xE2, 0xCC, 0x9D, 0x7C, 0xB6, 0x2B, 0xF9, 0x7C, 0x83, 0xE1, 0x69, 0x79, 0x5E, 0x9E, 0x58, 0x42,
    0x9D, 0x9C, 0x29, 0x34, 0x65, 0x33, 0x89, 0x03, 0x3D, 0xAC, 0xA7, 0x7A, 0x3A, 0xF7, 0x29, 0x89,
    0x94, 0x57, 0xC8, 0xE7, 0x8F, 0x53, 0xF6, 0x04, 0xA5, 0x2E, 0x7C, 0x2A, 0x59, 0x4B, 0xC1, 0x99,
    0x7E, 0x55, 0x9D, 0x17, 0xB7, 0x3B, 0x87, 0x2C, 0xAA, 0x95, 0x4E, 0xAF, 0x0A, 0x4E, 0x3A, 0x45,
    0xBD, 0xE5, 0x33, 0x18, 0x66, 0x89, 0x9B, 0xBB, 0x87, 0xA9, 0x9D, 0x5C, 0xDB, 0xC7, 0xA4, 0x9A,
    0x2C, 0x38, 0x79, 0xE7, 0x69, 0xAE, 0x2D, 0x97, 0xA4, 0x89, 0x97, 0xD7, 0xEB, 0x8E, 0x03, 0xF5,
    0x0D, 0x6A, 0x16, 0xAB, 0x68, 0xBB, 0xCF, 0x4A, 0xF6, 0xC5, 0x9D, 0x1D, 0x50, 0x1C, 0xC6, 0x6F,
    0x62, 0x2D, 0xB7, 0x24, 0xEC, 0xA8, 0x3C, 0x92, 0x74, 0x60, 0x6F, 0x4D, 0x51, 0xD3, 0x5C, 0x8B,
    0x1A, 0x3A, 0x27, 0x0C, 0x62, 0xCC, 0x19, 0x7C, 0x7D, 0x84, 0x28, 0x3D, 0x4C, 0x86, 0xC6, 0x08,
    0x9B, 0x18, 0x9A, 0xB9, 0x6D, 0x49, 0xAD, 0xAC, 0x68, 0x63, 0x0B, 0xEC, 0x9F, 0xCC, 0xE2, 0x9B,
    0x4F, 0x39, 0x35, 0x08, 0xCC, 0xDD, 0xE3, 0xDC, 0x90, 0x86, 0x7D, 0x1F, 0x96, 0x95, 0xD9, 0x23,
    0x49, 0xCD, 0x87, 0x81, 0xF4, 0xB2, 0xEA, 0x9B, 0xAC, 0xD3, 0x3E, 0x83, 0x68, 0x25, 0xC7, 0xBC,
    0x61, 0xA9, 0xBE, 0x28, 0xB6, 0xEA, 0x6D, 0x6C, 0xAD, 0x12, 0x4F, 0x36, 0x51, 0xC7, 0x4C, 0x99,
    0xB8, 0x3A, 0x4D, 0x45, 0xD6, 0x34, 0x49, 0xA7, 0x96, 0x7D, 0x4D, 0x11, 0x1C, 0x4D, 0xC4, 0xAC,
    0x20, 0x4E, 0xB9, 0x0E, 0x77, 0x93, 0x7D, 0x16, 0xE0, 0x3F, 0x29, 0x78, 0x50, 0x3E, 0xE7, 0x41,
    0xC1, 0x78, 0x05, 0x1E, 0xC4, 0x8B, 0xA1, 0xAD, 0x82, 0xB9, 0xC2, 0x72, 0xA5, 0x33, 0x65, 0xEC,
    0x03, 0xAF, 0xD3, 0x4E, 0xEF, 0xBC, 0x83, 0xA6, 0xBF, 0x35, 0x20, 0xA1, 0x78, 0x92, 0x3E, 0x86,
    0x26, 0x18, 0x48, 0x70, 0x86, 0xD0, 0x0E, 0x89, 0x1B, 0xD1, 0xBA, 0xE0, 0x88, 0x8D, 0xEB, 0x98,
    0x19, 0x11, 0x29, 0x26, 0x69, 0xD2, 0x3C, 0x71, 0x9E, 0x78, 0x10, 0x94, 0x14, 0x32, 0x95, 0x89,
    0x07, 0x7D, 0x61, 0x45, 0x2D, 0x41, 0xEE, 0xF4, 0x0C, 0x2E, 0xD5, 0xE4, 0xB8, 0x14, 0x6B, 0xD1,
    0xBD, 0xE4, 0xA7, 0x6B, 0x66, 0xC3, 0xE2, 0x5A, 0x7B, 0x46, 0x38, 0x05, 0xD0, 0xF1, 0x3A, 0xAE,
    0xCF, 0xE5, 0xEE, 0x04, 0x41, 0x3D, 0xE5, 0x58, 0x48, 0x3E, 0x9D, 0x72, 0xBB, 0x6B, 0xE8, 0x7C,
    0x52, 0xE8, 0x9C, 0x37, 0x7F, 0x84, 0x0D, 0x99, 0xEF, 0xD1, 0xE7, 0xC0, 0xC9, 0x33, 0xF6, 0x4C,
    0x39, 0xA5, 0x24, 0xB0, 0xDE, 0xF4, 0x49, 0xB1, 0x06, 0xEF, 0x52, 0xE3, 0xE7, 0x49, 0xFC, 0x60,
    0x01, 0x35, 0xAE, 0xE7, 0x94, 0x37, 0xE4, 0x8F, 0x84, 0x70, 0xB8, 0x98, 0x2F, 0x27, 0x9C, 0x65,
    0x9E, 0x55, 0x1C, 0xFA, 0x79, 0x8A, 0xB3, 0xFA, 0x6E, 0x7F, 0xBD, 0xA6, 0xB9, 0xA1, 0xFA, 0xFA,
    0xC3, 0xE1, 0xEC, 0x29, 0xB2, 0x69, 0xBE, 0x6F, 0xEF, 0xC8, 0xC3, 0xF1, 0x0D, 0x7B, 0x3F, 0x71,
    0xF0, 0x0B, 0xDC, 0xA0, 0x00, 0xB5, 0x4A, 0x24, 0x04, 0xE9, 0x08, 0x2F, 0xFE, 0xB6, 0x5A, 0x39,
    0x34, 0xE2, 0x72, 0xA5, 0xEC, 0xAA, 0xD1, 0x94, 0xAE, 0x76, 0x32, 0xAC, 0x3C, 0x0C, 0xF7, 0xAF,
    0xB3, 0x2E, 0x4D, 0xC4, 0x8D, 0x24, 0x6E, 0x23, 0x75, 0xBF, 0x12, 0x4A, 0xF6, 0x1A, 0x34, 0x52,
    0xA8, 0x35, 0xA9, 0x50, 0xB2, 0x97, 0xF2, 0x10, 0x49, 0x2D, 0x09, 0x69, 0x29, 0x31, 0x51, 0x93,
    0xB9, 0x15, 0x72, 0xE3, 0x0F, 0xCD, 0x97, 0xF1, 0xB8, 0x61, 0x96, 0x52, 0x35, 0x7C, 0xD7, 0x4C,
    0xB5, 0x06, 0x08, 0x40, 0xF4, 0x1C, 0x32, 0x92, 0x4C, 0x3F, 0x0E, 0x62, 0x2C, 0x2D, 0xA7, 0x16,
    0xD3, 0x2B, 0x1E, 0x1A, 0x15, 0xD6, 0x10, 0x19, 0xEA, 0x62, 0x66, 0xB1, 0xB1, 0x5E, 0xE4, 0x89,
    0x3D, 0x03, 0xC3, 0xC3, 0xAE, 0x55, 0x7E, 0xEE, 0x13, 0x05, 0x1D, 0xAE, 0x8A, 0x29, 0xBE, 0xC1,
    0x8E, 0x0A, 0xC3, 0x7E, 0x0A, 0x7A, 0xC0, 0x4D, 0xD1, 0x1C, 0x60, 0x2F, 0xC5, 0x4B, 0x36, 0x85,
    0x93, 0xE2, 0x75, 0x22, 0xCE, 0x91, 0xBE, 0x09, 0xED, 0x31, 0x85, 0x1D, 0x02, 0x0F, 0x05, 0x3B,
    0xB2, 0x60, 0x20, 0xA7, 0x51, 0xBF, 0x84, 0xC5, 0x9C, 0xC0, 0x70, 0x61, 0xED, 0xB1, 0x23, 0x0D,
    0x2D, 0xA3, 0x43, 0x8E, 0xDA, 0x7C, 0x82, 0x0B, 0x41, 0xE9, 0x7A, 0x63, 0xEE, 0x65, 0xB2, 0x3D,
    0xB8, 0xBD, 0x8D, 0x0E, 0x17, 0x77, 0x3F, 0x62, 0xA4, 0x08, 0x42, 0x52, 0x3F, 0xE8, 0x18, 0x22,
    0x38, 0xCC, 0xD0, 0x67, 0x0E, 0x2B, 0x85, 0x62, 0xEC, 0x7B, 0x0C, 0x35, 0xD3, 0x28, 0x77, 0xB2,
    0x13, 0x72, 0x5A, 0x0B, 0xC9, 0x20, 0xED, 0x03, 0x57, 0xB7, 0xDA, 0x4F, 0xCE, 0x82, 0x64, 0x9C,
    0x94, 0x93, 0xC8, 0xFE, 0xC8, 0x85, 0x96, 0x42, 0x8E, 0x7E, 0x6B, 0xC0, 0xC7, 0x45, 0x38, 0x93,
    0x31, 0x1B, 0x24, 0xF8, 0x34, 0xAB, 0x67, 0x98, 0x95, 0x33, 0xCC, 0xAA, 0x19, 0x66, 0xC5, 0x0C,
    0xAB, 0x5A, 0x86, 0x59, 0x29, 0xC3, 0xAC, 0x92, 0x61, 0x55, 0xC8, 0x30, 0xAB, 0x63, 0x98, 0x95,
    0x31, 0xCC, 0xAA, 0x18, 0xE6, 0x45, 0x0C, 0x91, 0x76, 0xFD, 0xD0, 0x97, 0x11, 0x8B, 0x1A, 0x8E,
    0x1F, 0x97, 0x54, 0xDA, 0xD1, 0x51, 0x24, 0x5B, 0x4A, 0xB2, 0x79, 0x8D, 0x52, 0x66, 0xF6, 0x72,
    0xA9, 0x2F, 0x77, 0xCA, 0xCB, 0xDB, 0xA3, 0xD0, 0xB6, 0xFF, 0x4C, 0x2F, 0xE4, 0x4D, 0xFA, 0x60,
    0x52, 0x42, 0xFD, 0x3A, 0x1A, 0x76, 0x59, 0x79, 0xC4, 0xDC, 0xBA, 0x68, 0xC9, 0x52, 0x78, 0x8B,
    0x58, 0xED, 0x1D, 0x15, 0x4C, 0x6C, 0xA8, 0x15, 0x29, 0x98, 0x1E, 0x87, 0x26, 0x33, 0x0E, 0xC6,
    0x6E, 0xE6, 0xA4, 0xD7, 0x89, 0x43, 0xC9, 0x05, 0x80, 0x39, 0x26, 0x49, 0x8A, 0x6A, 0x04, 0x9B,
    0x1B, 0xD5, 0xD2, 0x09, 0x47, 0xDE, 0xE9, 0xD7, 0xFE, 0x35, 0x43, 0xC1, 0x22, 0xE7, 0xB9, 0x8C,
    0x46, 0x56, 0x8D, 0x6D, 0x15, 0xF7, 0xAC, 0x2A, 0x92, 0x28, 0xEC, 0x59, 0x7E, 0x90, 0xED, 0xD7,
    0xB1, 0x4C, 0x4E, 0xEA, 0xA2, 0x15, 0xE5, 0xB5, 0x86, 0x07, 0x95, 0x99, 0xA4, 0xAD, 0x25, 0x5F,
    0xFF, 0x4D, 0xFB, 0xCB, 0x29, 0xFB, 0x5C, 0x70, 0x77, 0x93, 0x2B, 0xE5, 0x72, 0x45, 0xF4, 0x2E,
    0xE6, 0x3C, 0x7B, 0x71, 0x15, 0xF4, 0x53, 0x03, 0x94, 0xD5, 0x4B, 0xE6, 0x88, 0x41, 0xB3, 0xDC,
    0x34, 0x46, 0xB4, 0x3A, 0xC8, 0x57, 0x3F, 0x21, 0xF7, 0x3C, 0xD2, 0x37, 0x68, 0xF4, 0xF6, 0x26,
    0xC4, 0x37, 0x98, 0xDC, 0xB8, 0x60, 0x9E, 0x13, 0x72, 0xE3, 0x9F, 0x5C, 0xF5, 0x84, 0xDC, 0xF7,
    0xE8, 0x6E, 0x1E, 0xA5, 0x8A, 0xC0, 0x72, 0x1F, 0x81, 0xF7, 0xE2, 0x6E, 0x46, 0x3E, 0x23, 0x4D,
    0xCD, 0x70, 0x42, 0x6C, 0xB9, 0x95, 0xC0, 0x27, 0x16, 0xD8, 0x83, 0xEF, 0x85, 0xF5, 0x9F, 0xF3,
    0x52, 0x25, 0x99, 0xE1, 0x9C, 0xE4, 0xBA, 0x48, 0x0D, 0x1F, 0xE4, 0x31, 0xC2, 0xF9, 0x6C, 0x25,
    0xA6, 0x87, 0x05, 0x57, 0x27, 0xE5, 0x21, 0x45, 0x03, 0xBE, 0xE4, 0xDE, 0x70, 0xF5, 0x74, 0x34,
    0x1C, 0x92, 0xD8, 0xEE, 0x11, 0x41, 0x9D, 0x28, 0x6B, 0x9A, 0xF3, 0x2E, 0x58, 0xCF, 0x86, 0x79,
    0x0A, 0xAA, 0xF6, 0x89, 0x51, 0x0F, 0x85, 0xD6, 0x62, 0x7F, 0x79, 0xDE, 0x34, 0x26, 0x2A, 0x97,
    0x08, 0x46, 0xC3, 0x7B, 0x5A, 0x26, 0x7D, 0x6C, 0xCB, 0xD6, 0xDC, 0x6F, 0x7F, 0x58, 0x99, 0x7F,
    0x61, 0x97, 0x84, 0xB3, 0x31, 0x84, 0x3A, 0x83, 0x80, 0x4D, 0x8F, 0x7A, 0x9E, 0xF6, 0x71, 0x9A,
    0xE7, 0x0D, 0x60, 0xE3, 0x25, 0x28, 0xEC, 0xCF, 0xE4, 0x9A, 0xCC, 0x27, 0xB9, 0xF9, 0x98, 0xEB,
    0xA0, 0x7A, 0x6D, 0x38, 0x0D, 0x2F, 0xF9, 0x05, 0x53, 0x50, 0xFC, 0x06, 0x2F, 0x6D, 0xA9, 0x87,
    0x6C, 0x0C, 0x24, 0x09, 0x51, 0xB8, 0xCF, 0xB2, 0x94, 0xA4, 0xC1, 0x74, 0xDF, 0x27, 0x16, 0x8E,
    0xFE, 0xCF, 0x88, 0x22, 0x83, 0x5F, 0xE2, 0x08, 0x3C, 0x07, 0xC3, 0xFB, 0x25, 0x18, 0x7F, 0x2F,
    0x82, 0x0C, 0x6B, 0x0C, 0xDC, 0xF0, 0x07, 0xF2, 0x7C, 0xF6, 0xEF, 0xBF, 0x96, 0x40, 0xFF, 0xAC,
    0x76, 0x68, 0x57, 0xED, 0x50, 0xFF, 0xC1, 0x6B, 0x87, 0x16, 0x53, 0x6E, 0xEC, 0x54, 0xA0, 0xBD,
    0xCA, 0xAD, 0x14, 0x4D, 0x76, 0x1E, 0xF4, 0x59, 0xCB, 0xF6, 0xDA, 0x9A, 0xDE, 0xBE, 0x66, 0x7E,
    0x8F, 0x21, 0xD0, 0x7E, 0x72, 0x2C, 0x57, 0xCE, 0xB1, 0xCC, 0xE6, 0xE3, 0x64, 0xA9, 0x8A, 0x50,
    0x69, 0xC4, 0x1F, 0x26, 0xA6, 0x21, 0x3B, 0x29, 0x11, 0x4D, 0x34, 0xE3, 0x1C, 0xF5, 0x92, 0x3B,
    0x28, 0xD9, 0x4E, 0x46, 0x6B, 0x53, 0xD4, 0x0C, 0x9D, 0x32, 0x99, 0x24, 0xBD, 0x4B, 0x54, 0xB1,
    0x98, 0xA8, 0x23, 0x7F, 0xB7, 0x84, 0xA6, 0xB7, 0xFE, 0x54, 0xE5, 0x15, 0x97, 0x11, 0x22, 0x2A,
    0x07, 0x5C, 0x47, 0xEF, 0x96, 0xD0, 0xB4, 0xA6, 0xB4, 0xA1, 0x68, 0x6A, 0x5E, 0x7B, 0x7D, 0x42,
    0x6B, 0xAF, 0xD7, 0x68, 0xF7, 0x3B, 0x48, 0x35, 0x6D, 0xD5, 0x78, 0x17, 0xD7, 0xBF, 0xD4, 0x32,
    0xA8, 0x7B, 0xC9, 0x7F, 0xCD, 0xBE, 0x9A, 0x07, 0xAC, 0x74, 0xFE, 0x9D, 0x3D, 0x6E, 0x0E, 0xC3,
    0x18, 0x3E, 0x02, 0xE0, 0x7C, 0x4F, 0x9C, 0x2B, 0xAD, 0x03, 0x53, 0x52, 0x13, 0x1F, 0xCB, 0x7E,
    0x46, 0x73, 0xD8, 0xE7, 0x11, 0x88, 0x6F, 0xE1, 0x20, 0x2C, 0x8B, 0x52, 0x02, 0x9E, 0x08, 0x88,
    0x2C, 0xA1, 0x82, 0x07, 0x30, 0x14, 0x58, 0x9F, 0x0B, 0xFA, 0x18, 0x02, 0x0F, 0xC0, 0xBE, 0x37,
    0xBD, 0x2A, 0x95, 0x11, 0xB5, 0x54, 0x46, 0x34, 0x52, 0x19, 0x71, 0x56, 0x2A, 0x23, 0xB6, 0xA4,
    0x32, 0x22, 0x61, 0x79, 0xFA, 0x8A, 0x54, 0x46, 0x58, 0xA9, 0x8C, 0xF8, 0xB7, 0xF7, 0x48, 0xFA,
    0xD3, 0x52, 0xEA, 0xCD, 0xB9, 0xA7, 0xCA, 0x38, 0xAF, 0xD5, 0x7E, 0x4F, 0x95, 0x11, 0xD7, 0x3E,
    0xA2, 0xF9, 0x0B, 0x89, 0x68, 0x3E, 0x73, 0x07, 0x47, 0x34, 0x9F, 0x7E, 0x88, 0x23, 0x9A, 0x0F,
    0x48, 0xD1, 0xD1, 0x03, 0x92, 0xDC, 0x77, 0x61, 0x2D, 0xA2, 0x79, 0x73, 0xB3, 0xEA, 0x8A, 0x41,
    0xDC, 0xAD, 0x11, 0x77, 0xD7, 0xF7, 0x3E, 0x50, 0x44, 0x13, 0x7F, 0x3E, 0x27, 0x8F, 0x5B, 0x66,
    0x9D, 0x6A, 0xB8, 0x99, 0x00, 0x71, 0xBC, 0x33, 0x8D, 0xD4, 0xEC, 0xD4, 0x52, 0x51, 0xF5, 0xBE,
    0x2A, 0xD5, 0xAF, 0x4A, 0x27, 0xA7, 0x0F, 0x50, 0x03, 0xCF, 0x59, 0x4C, 0xDC, 0x15, 0x82, 0x1D,
    0x89, 0x99, 0xF1, 0xB6, 0x99, 0x3F, 0xDA, 0xA9, 0x13, 0x46, 0x3D, 0x3B, 0x01, 0xE2, 0x11, 0x62,
    0x4C, 0x2C, 0xC7, 0x29, 0xC6, 0xD4, 0xEF, 0x20, 0xFE, 0xC9, 0x23, 0x9B, 0xAE, 0xA4, 0xDD, 0x35,
    0x68, 0x11, 0x90, 0x49, 0x66, 0x99, 0x8C, 0x68, 0xBE, 0x6D, 0x7F, 0x75, 0xD7, 0x55, 0x6F, 0x11,
    0xB0, 0x4F, 0x58, 0x2D, 0x62, 0xD2, 0xE7, 0xEF, 0xE9, 0xCD, 0xE3, 0xD8, 0x2F, 0xFE, 0xE3, 0xFC,
    0xAB, 0x6A, 0x63, 0xDB, 0x3E, 0x4C, 0x76, 0x4F, 0x8F, 0xFA, 0xC3, 0xB0, 0x91, 0xED, 0x27, 0x8D,
    0x57, 0x26, 0x17, 0x4F, 0xE4, 0x09, 0x97, 0x61, 0xB6, 0xEA, 0x3C, 0xFD, 0xD0, 0xBB, 0xE7, 0x76,
    0x83, 0xF6, 0x92, 0xDB, 0xB0, 0x65, 0xFE, 0xB4, 0x94, 0x04, 0x41, 0xA8, 0x38, 0x9C, 0xEA, 0xCC,
    0xAD, 0x00, 0x3C, 0x11, 0x6A, 0xD3, 0x83, 0xF3, 0xED, 0xA1, 0x0C, 0xC5, 0xBD, 0x28, 0xBE, 0x52,
    0x33, 0xC8, 0x0D, 0x9D, 0x72, 0xED, 0x30, 0x88, 0xDD, 0x13, 0xBF, 0x9C, 0xF5, 0x17, 0x74, 0x39,
    0xF5, 0x4A, 0x79, 0x42, 0x72, 0x5A, 0xB6, 0xD3, 0xCE, 0x4F, 0x88, 0xAA, 0x3B, 0xBB, 0xCA, 0xED,
    0x37, 0xB7, 0xCF, 0x8C, 0x72, 0xCA, 0x69, 0xD2, 0x73, 0xD0, 0xF5, 0x8F, 0x80, 0x6E, 0xBE, 0x8A,
    0x8F, 0xFD, 0xE2, 0x46, 0x0C, 0xFB, 0x98, 0x16, 0x87, 0x9E, 0x6C, 0xF1, 0x6F, 0xE1, 0x96, 0x1A,
    0x63, 0xD4, 0x8A, 0xD2, 0x87, 0xAD, 0x91, 0x20, 0x42, 0x02, 0x0C, 0xB1, 0xE4, 0xDA, 0xE7, 0xA4,
    0xC7, 0x53, 0xEC, 0x43, 0xF0, 0xA6, 0x10, 0xE7, 0x2A, 0xBA, 0x19, 0x57, 0x84, 0xA6, 0x84, 0x8C,
    0x61, 0x88, 0xA2, 0xE2, 0xB9, 0x56, 0x43, 0xBD, 0x51, 0xF7, 0x59, 0xF1, 0xBF, 0x98, 0xCC, 0xE9,
    0x9E, 0xC5, 0xFF, 0xDC, 0x78, 0x72, 0xB2, 0x9A, 0x87, 0xBD, 0x8B, 0xFF, 0x17, 0xF3, 0x4A, 0x9F,
    0x99, 0xA4, 0x5F, 0xCC, 0x0A, 0x29, 0xBC, 0x19, 0xA0, 0xBD, 0x99, 0x38, 0xF0, 0xE7, 0xEF, 0x33,
    0xFA, 0xF0, 0x77, 0x95, 0xAE, 0xFF, 0xDE, 0xB3, 0xE5, 0xEE, 0xDB, 0x95, 0x2D, 0x57, 0xBB, 0x6C,
    0xB9, 0x4A, 0xB3, 0xE5, 0x68, 0x44, 0xC9, 0x96, 0x3B, 0xE3, 0x3C, 0xEC, 0x53, 0x6C, 0xC1, 0xC1,
    0x64, 0x6A, 0xC5, 0xE3, 0x22, 0xB6, 0x53, 0xC8, 0x56, 0x82, 0x2D, 0xB3, 0x1C, 0x1A, 0xF5, 0x66,
    0xE2, 0xBB, 0x2F, 0xCF, 0x0C, 0x61, 0x5E, 0xAF, 0xC7, 0x86, 0xAA, 0x8F, 0xAC, 0x4B, 0x48, 0x5F,
    0x14, 0x61, 0xA5, 0xF0, 0xAA, 0x87, 0xCC, 0x50, 0x3E, 0x37, 0x39, 0xE7, 0x4B, 0x87, 0x8F, 0xC3,
    0x7F, 0xC7, 0x51, 0x06, 0x29, 0xF8, 0x11, 0x43, 0x23, 0x18, 0xCD, 0xCC, 0x51, 0x2F, 0xD5, 0xE4,
    0xF9, 0x75, 0xFC, 0x19, 0x8A, 0x9A, 0x24, 0x2D, 0x5F, 0xA4, 0x1A, 0x83, 0x13, 0x89, 0x23, 0x2E,
    0xA1, 0x08, 0x2F, 0x7E, 0x9B, 0x6D, 0x6C, 0x51, 0x6A, 0xFF, 0xAF, 0x6B, 0xFE, 0xE1, 0x76, 0xAB,
    0xE0, 0xAC, 0x57, 0x35, 0x7F, 0xE2, 0x90, 0x66, 0xB7, 0x51, 0xF2, 0x7C, 0x3E, 0x71, 0x00, 0x57,
    0xCB, 0x76, 0x9D, 0x58, 0xCA, 0xE1, 0xF3, 0xA3, 0x39, 0x4C, 0xCB, 0xB9, 0x05, 0xA0, 0x01, 0x54,
    0x68, 0xB6, 0x05, 0x17, 0x57, 0x57, 0xE6, 0x46, 0x24, 0x8A, 0x83, 0x15, 0xB3, 0xF6, 0xD2, 0x5D,
    0x4F, 0x43, 0x86, 0x69, 0x52, 0x86, 0x55, 0x26, 0xFD, 0x2A, 0x4F, 0xA4, 0x52, 0xE9, 0xD0, 0x0B,
    0x60, 0xB1, 0x1D, 0x4E, 0xB4, 0x20, 0x00, 0xF4, 0x49, 0x0A, 0x3C, 0x71, 0xAA, 0xF9, 0x66, 0xFA,
    0x31, 0xAD, 0xD1, 0xEF, 0xDE, 0xB9, 0x46, 0x3F, 0xD6, 0x86, 0xAE, 0x88, 0x7F, 0xAD, 0xD5, 0xE8,
    0x3B, 0x9A, 0x09, 0x9A, 0xF5, 0xA7, 0xB3, 0x14, 0xA6, 0x67, 0xEA, 0xFA, 0x1A, 0xCA, 0x9F, 0x3F,
    0x5C, 0x97, 0x57, 0x1F, 0xDA, 0x3B, 0x5F, 0xB3, 0xA3, 0x2A, 0x41, 0xD4, 0x3F, 0x2E, 0x23, 0x9B,
    0x6E, 0x98, 0x8D, 0x6C, 0x8A, 0x3D, 0x8E, 0xCE, 0x0B, 0x1D, 0x4C, 0x31, 0xC5, 0xB0, 0x71, 0x71,
    0x03, 0x3B, 0x75, 0xB4, 0x03, 0x5A, 0x16, 0xA3, 0x5A, 0x80, 0xCC, 0x81, 0x60, 0x00, 0x4E, 0x25,
    0xE6, 0x99, 0x14, 0x80, 0xEF, 0x33, 0xED, 0x7F, 0x62, 0xE9, 0x7C, 0xD4, 0x93, 0xF0, 0x56, 0xBF,
    0xB5, 0xD4, 0x92, 0xFC, 0x93, 0xB2, 0xCB, 0xAC, 0xEB, 0x62, 0x2D, 0x38, 0x6D, 0xCF, 0x09, 0x45,
    0xBE, 0xF1, 0xA6, 0x8A, 0xA6, 0xCB, 0x72, 0xE8, 0x5D, 0xFF, 0x28, 0xDA, 0xCF, 0x73, 0x22, 0xCB,
    0x7D, 0xFB, 0x23, 0xAB, 0x5A, 0xEA, 0x9D, 0x27, 0x24, 0xFB, 0xDA, 0x86, 0x91, 0x5A, 0x7C, 0xB1,
    0x1A, 0x7C, 0xE3, 0xB1, 0x50, 0x4B, 0xA4, 0x6E, 0x91, 0x22, 0xB1, 0xA4, 0x57, 0x0D, 0x2B, 0xE3,
    0x80, 0xBF, 0x20, 0x8B, 0x33, 0xA7, 0xD9, 0xCE, 0x2B, 0x38, 0x91, 0x9E, 0xEB, 0xE4, 0x4B, 0xC1,
    0x97, 0xF7, 0x88, 0x46, 0x21, 0x58, 0x16, 0xC6, 0x75, 0xC0, 0x45, 0x49, 0x91, 0xFD, 0x5F, 0xF4,
    0xDB, 0x47, 0x92, 0xE7, 0xC3, 0x57, 0xBE, 0xB3, 0xBF, 0xF8, 0x29, 0x02, 0xE8, 0xF6, 0x28, 0xDB,
    0x49, 0xC7, 0x2A, 0xD8, 0x84, 0x05, 0x47, 0x78, 0x6D, 0xEB, 0x12, 0xE3, 0xC3, 0x4B, 0x6F, 0x0F,
    0xA6, 0x0C, 0x7F, 0xFB, 0x4B, 0xEB, 0x97, 0xF1, 0x6F, 0x7F, 0x66, 0xCF, 0x90, 0xFE, 0xC4, 0xC2,
    0x08, 0x66, 0x03, 0x7C, 0xE8, 0x59, 0x89, 0xA0, 0xF5, 0x8D, 0xEC, 0x28, 0xDF, 0x3E, 0x93, 0xAA,
    0x96, 0xC2, 0x44, 0x8F, 0x4C, 0x89, 0xA2, 0xD5, 0x12, 0xB1, 0x19, 0xD1, 0x47, 0x20, 0x7A, 0xE9,
    0x83, 0x73, 0x58, 0x74, 0xED, 0xCE, 0x11, 0xBD, 0x04, 0xEB, 0x3A, 0xE1, 0xCD, 0x45, 0xBB, 0x46,
    0xF4, 0xE6, 0x8A, 0x44, 0x7F, 0x41, 0x8D, 0xE9, 0x1F, 0x6A, 0x71, 0xD7, 0x3A, 0xD1, 0x47, 0x4A,
    0xF4, 0xF1, 0x8A, 0xE8, 0x5D, 0xD1, 0x3E, 0xC7, 0x49, 0x66, 0x8D, 0x29, 0x02, 0x24, 0xD6, 0xED,
    0x6E, 0x4C, 0xF1, 0x1D, 0xA3, 0x96, 0x97, 0x98, 0x5E, 0xAE, 0xDE, 0xD4, 0xEE, 0x88, 0x47, 0xB2,
    0xFD, 0xC5, 0x42, 0x33, 0x37, 0x6C, 0x81, 0x89, 0x09, 0x06, 0x1B, 0x8C, 0x18, 0x23, 0x19, 0x61,
    0x5C, 0x41, 0xD8, 0x82, 0xCC, 0x92, 0x66, 0xBC, 0x9B, 0x56, 0xF2, 0x22, 0x47, 0x1E, 0x7F, 0x8D,
    0x49, 0x8A, 0xE7, 0xC5, 0x40, 0x4D, 0x39, 0xC8, 0xC6, 0xAA, 0xAC, 0x48, 0xC3, 0xA4, 0xBE, 0x9E,
    0x94, 0xD9, 0xB8, 0xB9, 0x85, 0x68, 0x3A, 0x1A, 0x90, 0xC3, 0x82, 0xA3, 0x19, 0xB6, 0xD0, 0x24,
    0x97, 0x9C, 0x75, 0x4F, 0xCA, 0xC7, 0x69, 0x57, 0x61, 0x15, 0x57, 0x52, 0x63, 0x45, 0x96, 0x36,
    0xAA, 0xAC, 0x08, 0xD7, 0x91, 0x44, 0x0B, 0x9A, 0x5B, 0x01, 0x88, 0xE8, 0x1B, 0xF5, 0x11, 0xED,
    0x5C, 0xC3, 0xD5, 0x56, 0x67, 0x05, 0xDE, 0x0B, 0x85, 0xB7, 0xAF, 0xED, 0x38, 0xE5, 0x2C, 0x93,
    0x9E, 0x23, 0xF0, 0x16, 0xB8, 0xFB, 0x5A, 0x00, 0xE4, 0x93, 0xF8, 0x92, 0xF0, 0xED, 0xED, 0x5A,
    0xFB, 0xE0, 0x6A, 0x20, 0xA4, 0x03, 0x55, 0x34, 0x0A, 0xFC, 0x5D, 0xA9, 0x06, 0x5C, 0x9C, 0x9D,
    0x96, 0x1F, 0xF5, 0x5A, 0xA5, 0x36, 0x88, 0xB3, 0x02, 0xCD, 0xBA, 0xD0, 0x1D, 0x01, 0x05, 0xCD,
    0x00, 0x1B, 0xBA, 0x7D, 0x30, 0xDC, 0x61, 0x65, 0x2E, 0x58, 0xF4, 0x26, 0xE3, 0x59, 0xAF, 0x47,
    0x36, 0x51, 0x84, 0x86, 0x79, 0x4D, 0x66, 0xC3, 0xDB, 0x8A, 0x9F, 0x0F, 0xFF, 0xF1, 0xA8, 0x49,
    0x9E, 0x2E, 0xD1, 0xAB, 0xED, 0x27, 0xC8, 0x30, 0x2B, 0x4E, 0x22, 0xC0, 0x84, 0xE5, 0x5D, 0x2F,
    0x65, 0x0E, 0x1E, 0x4B, 0x5A, 0xBF, 0x2F, 0xCA, 0x2F, 0x10, 0xD8, 0xB2, 0xEA, 0x3E, 0xA4, 0x05,
    0xFE, 0xAE, 0x31, 0x51, 0x13, 0xF3, 0x61, 0xC0, 0x71, 0x23, 0x00, 0x75, 0x48, 0x6C, 0xF0, 0xF2,
    0x8F, 0x71, 0xD3, 0x89, 0x68, 0x78, 0x7F, 0x73, 0xBE, 0x53, 0xD3, 0x89, 0xDD, 0xBD, 0xF9, 0x16,
    0x1F, 0xB2, 0x37, 0xDF, 0xD5, 0x48, 0x9F, 0xAE, 0x0A, 0xB0, 0xF2, 0x24, 0x8F, 0x2F, 0xE7, 0x9B,
    0x66, 0xF3, 0x9E, 0xD4, 0x09, 0xF7, 0x15, 0x3F, 0x1F, 0xD6, 0xF8, 0xF9, 0x94, 0x23, 0xE2, 0xBF,
    0x7C, 0x85, 0x36, 0x81, 0x5B, 0x0E, 0x9D, 0xDB, 0x8F, 0xB5, 0x0E, 0xA1, 0x5A, 0x28, 0xCD, 0x28,
    0x3D, 0x51, 0x4E, 0x00, 0x06, 0xA1, 0x2B, 0x5A, 0x83, 0x74, 0x82, 0x6D, 0x30, 0x07, 0xF3, 0x0C,
    0xD0, 0x0A, 0xEA, 0x95, 0xAD, 0x37, 0x2B, 0xED, 0x75, 0x26, 0xB1, 0x22, 0x79, 0x86, 0xE6, 0x19,
    0xA2, 0x67, 0xA8, 0x9E, 0xE1, 0x78, 0xED, 0x75, 0x42, 0xF8, 0xDA, 0x12, 0xDE, 0x61, 0x35, 0x53,
    0x91, 0xB1, 0x76, 0xC8, 0x99, 0x90, 0xBF, 0x77, 0xCF, 0x91, 0x39, 0xF2, 0x3C, 0x66, 0x75, 0xC8,
    0x38, 0x2B, 0x19, 0x81, 0x61, 0xCE, 0x28, 0x0C, 0x0D, 0x23, 0x31, 0x94, 0x9C, 0xD9, 0xEB, 0x0D,
    0x23, 0x72, 0xF2, 0xC5, 0x00, 0x99, 0x6C, 0x1D, 0xB1, 0x3A, 0xC7, 0x08, 0x85, 0xDA, 0x45, 0x28,
    0x85, 0x2A, 0xC8, 0x2D, 0x09, 0x38, 0x2B, 0x9E, 0x93, 0x14, 0x98, 0x72, 0x73, 0xCE, 0xC1, 0xD8,
    0x74, 0x39, 0x23, 0xD2, 0x3F, 0xE4, 0xB4, 0x71, 0x0D, 0x44, 0xA4, 0xE1, 0xF7, 0xA9, 0xEB, 0xEC,
    0xE0, 0x40, 0xA1, 0x65, 0x57, 0xAE, 0xA0, 0x9C, 0xBB, 0xE7, 0x0A, 0x50, 0x27, 0x29, 0xB8, 0xAA,
    0x63, 0x07, 0x3E, 0xD4, 0x85, 0x27, 0x36, 0xE5, 0x37, 0xDD, 0xDB, 0x09, 0xCE, 0x0B, 0xAC, 0x38,
    0xA0, 0x26, 0x2D, 0x46, 0x88, 0xDF, 0x14, 0x93, 0x99, 0x29, 0x05, 0xA4, 0xDC, 0xA5, 0x43, 0x3C,
    0xAE, 0x34, 0x90, 0x96, 0xD5, 0x22, 0x22, 0x26, 0xFE, 0x39, 0x58, 0xD7, 0x5C, 0x52, 0x0B, 0x67,
    0x87, 0xFC, 0x92, 0x2F, 0xE6, 0xA9, 0x2E, 0x00, 0x91, 0x1B, 0xE9, 0x02, 0x04, 0xB3, 0x0C, 0xCD,
    0x7E, 0xD0, 0xA4, 0x97, 0x90, 0x00, 0xC3, 0x85, 0x14, 0x43, 0xC2, 0xC1, 0x83, 0x16, 0x56, 0x8F,
    0x3B, 0x3D, 0xCB, 0x09, 0x1F, 0xC1, 0xE4, 0x81, 0x75, 0xBA, 0xD5, 0xE7, 0xA6, 0x24, 0xE2, 0x64,
    0x95, 0x36, 0x9C, 0x17, 0x4E, 0x47, 0xBF, 0xEC, 0x4E, 0x69, 0x6C, 0xD7, 0xCF, 0xA2, 0x8B, 0xEB,
    0xE6, 0xEB, 0x71, 0xDD, 0xE7, 0x1B, 0x89, 0xEB, 0x36, 0x1A, 0xD7, 0x3D, 0x48, 0x5F, 0xF9, 0x5E,
    0x52, 0xDB, 0x72, 0x31, 0xD4, 0xC5, 0xD3, 0x24, 0x1D, 0xC6, 0xD2, 0x3E, 0x5F, 0x90, 0x90, 0xB8,
    0xCD, 0x76, 0x19, 0x59, 0x57, 0x5C, 0x29, 0x80, 0xC4, 0xF3, 0x1C, 0x31, 0xA3, 0x80, 0x33, 0xA3,
    0x1B, 0x08, 0xAF, 0x34, 0xAB, 0x23, 0x2E, 0x54, 0x28, 0xE3, 0x1A, 0xA5, 0x4B, 0x69, 0x84, 0xEC,
    0x61, 0xA4, 0x9C, 0xEB, 0xCA, 0xA3, 0x3D, 0x93, 0xF0, 0x65, 0x71, 0xBC, 0xCB, 0xBB, 0xB8, 0x17,
    0x85, 0xD7, 0x4A, 0xAE, 0xC4, 0x18, 0x4B, 0xE2, 0x4E, 0x3F, 0xD3, 0xE2, 0x8D, 0xF9, 0x37, 0x1C,
    0xE9, 0x0B, 0xEC, 0xEB, 0x4C, 0x3C, 0x35, 0x54, 0x0B, 0x20, 0x36, 0x94, 0xDE, 0x03, 0x01, 0x6B,
    0x1C, 0x66, 0x99, 0xB3, 0x94, 0xF1, 0x9C, 0xF7, 0x16, 0x16, 0xF2, 0xBF, 0x42, 0x8E, 0x17, 0xB7,
    0xDB, 0x20, 0x82, 0x8B, 0xFF, 0x89, 0x8B, 0x7E, 0x69, 0xB1, 0x9C, 0x65, 0x03, 0xF8, 0x75, 0x41,
    0x47, 0x0F, 0x76, 0x82, 0x90, 0x31, 0x85, 0xE6, 0x93, 0x9C, 0x6C, 0x5F, 0x21, 0xF5, 0xAD, 0xE1,
    0xA4, 0xD3, 0xAC, 0x49, 0x4A, 0x94, 0x63, 0xB5, 0x49, 0x45, 0x1B, 0x8B, 0x3B, 0x92, 0x10, 0x68,
    0x5B, 0x1F, 0x35, 0xD9, 0x53, 0x64, 0x89, 0x86, 0x76, 0x8C, 0x52, 0x53, 0x5C, 0xB6, 0xD2, 0x99,
    0x41, 0x23, 0x93, 0x92, 0x96, 0xBA, 0xE0, 0x62, 0x3F, 0x8B, 0x15, 0x40, 0xC1, 0x22, 0xC5, 0x94,
    0xE0, 0xB4, 0xE9, 0xF8, 0xD5, 0x02, 0xA9, 0x79, 0xC1, 0xE5, 0x26, 0x69, 0x92, 0x1F, 0x76, 0x49,
    0x5D, 0x78, 0x04, 0xE7, 0xD1, 0xEB, 0x92, 0x9F, 0xF7, 0x7E, 0x9B, 0xBC, 0xD8, 0x2F, 0x9B, 0xF8,
    0x4D, 0x32, 0x1F, 0xC3, 0xA1, 0xCF, 0x0E, 0x91, 0x74, 0x1B, 0x59, 0x0A, 0x56, 0xE6, 0xBA, 0x7F,
    0xFF, 0xF0, 0x27, 0xAF, 0x8F, 0xCB, 0x79, 0xE9, 0xE3, 0x72, 0x6E, 0x2E, 0x4F, 0xFC, 0x61, 0x4E,
    0xF2, 0xAE, 0x1F, 0x3A, 0xE3, 0x7B, 0xD1, 0x25, 0xC2, 0x3B, 0x4F, 0xCE, 0xE7, 0x3D, 0x38, 0x4B,
    0x2F, 0x25, 0xCB, 0xC4, 0xBB, 0x44, 0x2C, 0xBA, 0xCE, 0x88, 0xA0, 0x6E, 0x65, 0x6A, 0xB2, 0x22,
    0x12, 0x30, 0xAC, 0xAF, 0xAE, 0x2E, 0xFA, 0xEF, 0xAB, 0x44, 0xA9, 0x0D, 0x91, 0x0D, 0x32, 0x2F,
    0x60, 0x8A, 0xCB, 0x0E, 0x91, 0x7A, 0x72, 0x4C, 0xEC, 0x34, 0xCF, 0x6A, 0x32, 0x3C, 0x41, 0x6A,
    0x3F, 0xA1, 0xFD, 0xC9, 0x88, 0xCE, 0xED, 0x19, 0xF1, 0xE7, 0x6F, 0xE4, 0x1F, 0xA6, 0xFB, 0x4C,
    0x72, 0x0D, 0xBA, 0xCF, 0x8C, 0xEF, 0xA1, 0xFB, 0x4C, 0x3A, 0x77, 0x06, 0x66, 0xE5, 0xDC, 0x84,
    0x57, 0x3F, 0x80, 0x06, 0xF3, 0x04, 0x1D, 0xA6, 0x9B, 0xFC, 0xC0, 0xF8, 0x53, 0xEF, 0xE2, 0x1D,
    0x1F, 0x55, 0xFD, 0x4A, 0xAF, 0xF5, 0x2B, 0x4F, 0x48, 0xFD, 0xCA, 0x7F, 0xDB, 0x61, 0x5B, 0xBA,
    0xDC, 0x72, 0x57, 0x4A, 0x91, 0xED, 0x9D, 0x9A, 0xEE, 0x0A, 0x43, 0x02, 0x0D, 0x64, 0x1D, 0xA3,
    0x7F, 0xDE, 0xFC, 0xEF, 0xDF, 0x3A, 0x7D, 0xF0, 0x6F, 0x1E, 0x41, 0x2B, 0xC6, 0xD8, 0x76, 0x48,
    0x5F, 0xF6, 0x85, 0xC5, 0xA3, 0xD2, 0x20, 0x69, 0xD9, 0xE5, 0x83, 0xDB, 0x24, 0x52, 0x56, 0x54,
    0x0F, 0x4B, 0xDA, 0xE1, 0x59, 0x76, 0x23, 0xB2, 0x36, 0x1C, 0x8E, 0xBE, 0x18, 0x15, 0xA1, 0x20,
    0xEC, 0x16, 0x79, 0x48, 0x27, 0x54, 0xED, 0xB4, 0xBA, 0xE6, 0xF8, 0x5E, 0xEE, 0x89, 0x53, 0xF5,
    0xEC, 0x0E, 0xBB, 0x8F, 0xE1, 0x72, 0x8A, 0x51, 0xD4, 0x53, 0xBA, 0xA1, 0xB8, 0x9B, 0x32, 0x5B,
    0xFB, 0x3D, 0x72, 0x2B, 0x06, 0xA4, 0x0E, 0x21, 0x8F, 0xFA, 0xEC, 0x3E, 0xE2, 0xC2, 0xA8, 0x51,
    0xA1, 0x35, 0x2D, 0x87, 0x65, 0x4A, 0x27, 0x20, 0xC4, 0x41, 0xBC, 0x05, 0x1F, 0x47, 0xD4, 0x20,
    0x11, 0xBE, 0xB8, 0xEE, 0x05, 0xE7, 0x8F, 0x60, 0x0A, 0x92, 0x89, 0x2B, 0xBC, 0x9B, 0xFC, 0x24,
    0x3B, 0xFC, 0xE1, 0xA5, 0x0B, 0xBF, 0xDE, 0xFC, 0xA4, 0xB9, 0xB6, 0x10, 0x14, 0x7D, 0xCC, 0xD7,
    0x08, 0xD7, 0x9F, 0xD8, 0x5F, 0x5D, 0x55, 0x08, 0x2E, 0x0C, 0x3A, 0xFD, 0x80, 0x13, 0xB7, 0x30,
    0xD2, 0xD0, 0x65, 0x08, 0xAC, 0x39, 0xC8, 0x49, 0x48, 0x73, 0x69, 0x51, 0xC1, 0xD1, 0x79, 0x98,
    0x05, 0x70, 0x0D, 0x30, 0x14, 0x5E, 0x64, 0x23, 0xFB, 0xA5, 0xDC, 0xA5, 0x3C, 0x6A, 0xC0, 0x37,
    0x5E, 0x25, 0x91, 0xDE, 0xCC, 0x19, 0x8F, 0x05, 0xAF, 0xBC, 0xB0, 0xAB, 0xC8, 0x9B, 0x7C, 0xAE,
    0xE5, 0xC1, 0xD9, 0x95, 0xDB, 0x2D, 0x98, 0xE5, 0xA2, 0x86, 0x92, 0xB5, 0xFA, 0x58, 0xF5, 0x51,
    0x37, 0x26, 0x4A, 0x3F, 0x6C, 0x63, 0xA2, 0x6A, 0xBD, 0x31, 0x91, 0xD3, 0x5A, 0xC2, 0x7A, 0xBD,
    0x94, 0xC4, 0xA5, 0xFF, 0xC6, 0x3B, 0x62, 0xC9, 0x47, 0x77, 0x45, 0x94, 0xAF, 0x59, 0xBD, 0x53,
    0xC9, 0xF5, 0x4E, 0xC8, 0x91, 0x87, 0xEC, 0xBC, 0x51, 0xDC, 0x3E, 0x92, 0x39, 0xAA, 0xF9, 0x8A,
    0x8A, 0xA1, 0x6E, 0xB5, 0x11, 0x49, 0xB1, 0x62, 0x2D, 0x46, 0xBE, 0x1E, 0xAC, 0x15, 0x44, 0x32,
    0x91, 0x33, 0x35, 0x5B, 0x32, 0x31, 0xBA, 0xED, 0xED, 0x47, 0xD8, 0xC0, 0x78, 0x83, 0xD4, 0x03,
    0xBF, 0x0B, 0x6D, 0x80, 0xEC, 0xD1, 0xA0, 0x44, 0x6A, 0x06, 0xD1, 0x50, 0x44, 0xA4, 0xEB, 0x97,
    0xDC, 0x0C, 0x22, 0xE9, 0x7D, 0xB4, 0xEB, 0x83, 0xE1, 0xBD, 0x10, 0x8E, 0x9E, 0x4D, 0x51, 0x2C,
    0x67, 0x4C, 0x58, 0x69, 0x11, 0xC7, 0x1F, 0x7A, 0x96, 0x2B, 0xA3, 0x7E, 0xF1, 0x52, 0xE4, 0x86,
    0xE6, 0x01, 0x1A, 0x97, 0x02, 0xA8, 0xE6, 0x83, 0x36, 0x06, 0x11, 0x87, 0x27, 0x8E, 0xCB, 0xBA,
    0xB5, 0xC8, 0xA9, 0x81, 0xAD, 0x4A, 0xFF, 0x1D, 0x16, 0xEA, 0x64, 0x36, 0x6A, 0xE2, 0x59, 0x31,
    0xB5, 0xD9, 0x99, 0x73, 0xD9, 0x95, 0x67, 0xD9, 0xEC, 0xB2, 0x1F, 0x5D, 0xBB, 0xFF, 0x95, 0x87,
    0x7D, 0xB2, 0x1F, 0xBD, 0x9D, 0xFE, 0x74, 0xEE, 0xF4, 0x78, 0x57, 0x90, 0xBA, 0x9B, 0x7F, 0x42,
    0x2B, 0x6A, 0x04, 0x86, 0x38, 0xC2, 0x65, 0x51, 0xFB, 0x57, 0x89, 0xE5, 0xC8, 0x1D, 0x90, 0xF2,
    0x28, 0xC3, 0xD9, 0x03, 0x86, 0xD3, 0x07, 0x0C, 0xE7, 0x0F, 0x70, 0x59, 0x54, 0xCD, 0x45, 0x51,
    0x15, 0x97, 0x44, 0x21, 0x0B, 0x34, 0x2C, 0x50, 0xBB, 0x77, 0x14, 0x10, 0x41, 0x16, 0x81, 0xE1,
    0x34, 0x02, 0xC3, 0xA9, 0xB4, 0x86, 0x13, 0x09, 0xB8, 0x39, 0x06, 0xA9, 0x94, 0x48, 0x25, 0x30,
    0xAE, 0x48, 0x4D, 0xAA, 0xD4, 0x44, 0x63, 0x5D, 0xCC, 0x4E, 0xAF, 0x28, 0x30, 0x4A, 0x21, 0xCD,
    0x24, 0x65, 0xB9, 0x5A, 0xED, 0xA3, 0x68, 0x2C, 0xD5, 0xBD, 0xDF, 0xC6, 0x52, 0xDD, 0xBC, 0xB1,
    0x94, 0x66, 0xB3, 0x2F, 0xDB, 0xB9, 0x90, 0xD5, 0x9C, 0x0F, 0x75, 0xDF, 0x6A, 0x0F, 0x2D, 0x0D,
    0x1E, 0x7D, 0x7E, 0x1E, 0x89, 0xBD, 0x5A, 0xC5, 0x79, 0x5C, 0xFC, 0x81, 0x18, 0xE2, 0x6F, 0x68,
    0xAE, 0xCD, 0xC8, 0xCC, 0x0D, 0x7E, 0x7F, 0x2F, 0x83, 0x9F, 0x05, 0x54, 0x2A, 0x06, 0x3F, 0x01,
    0xFD, 0x36, 0x32, 0xEE, 0x09, 0xE8, 0x5F, 0x47, 0x81, 0x17, 0x82, 0x73, 0xD2, 0x39, 0x29, 0xE2,
    0x74, 0xBC, 0x94, 0xC1, 0xB9, 0x68, 0xB8, 0x7D, 0x94, 0x57, 0x93, 0x78, 0x8A, 0x46, 0xBF, 0x62,
    0xC3, 0xCE, 0x87, 0x55, 0x44, 0x56, 0x0D, 0x3F, 0x86, 0xF0, 0xEB, 0xDC, 0xC3, 0x24, 0xBC, 0x49,
    0x7A, 0x35, 0x58, 0xCE, 0x3C, 0xB0, 0xBF, 0xE1, 0x88, 0xFE, 0x20, 0xE9, 0x37, 0x27, 0x45, 0x02,
    0x75, 0x22, 0x81, 0x1A, 0x96, 0x40, 0x0B, 0x89, 0x6F, 0x2D, 0xAA, 0xBD, 0x52, 0x41, 0x26, 0x03,
    0xDC, 0xB5, 0xA1, 0x4B, 0xE7, 0xC0, 0x13, 0x8E, 0x82, 0xDC, 0xBC, 0x12, 0x7D, 0x20, 0xE0, 0x1A,
    0x21, 0x60, 0xFC, 0x3B, 0x1A, 0xFD, 0xEF, 0xED, 0x61, 0x22, 0x86, 0x07, 0xC6, 0xA3, 0xA4, 0xF1,
    0x2E, 0xFB, 0x63, 0x88, 0x4F, 0xF4, 0x19, 0x1D, 0xD1, 0x70, 0x1C, 0x13, 0x54, 0xA2, 0xB5, 0x05,
    0x92, 0x93, 0x1A, 0xFB, 0x54, 0xBE, 0xBC, 0xFC, 0xA2, 0xFD, 0x11, 0x49, 0xFF, 0x0B, 0x9C, 0x1E,
    0xFA, 0x20, 0x63, 0x37, 0x90, 0x06, 0x29, 0xBC, 0x48, 0xC9, 0xD7, 0x5C, 0xEF, 0xD7, 0x13, 0xBE,
    0x53, 0xBF, 0x9E, 0xBD, 0x3A, 0x1D, 0xEE, 0xBE, 0x96, 0x26, 0x75, 0xD7, 0xD2, 0xF8, 0x57, 0xB8,
    0x96, 0xC6, 0xE3, 0xF4, 0x29, 0xD7, 0x2F, 0x6E, 0xFD, 0x5A, 0x9A, 0x70, 0x76, 0x2D, 0x4D, 0xF7,
    0x0E, 0xD7, 0xD2, 0xBC, 0x53, 0xD9, 0x81, 0xD9, 0x51, 0x22, 0xF4, 0xFB, 0x29, 0x3B, 0xC0, 0x91,
    0x38, 0xC1, 0xD5, 0x9B, 0x30, 0xC2, 0x50, 0x2D, 0x65, 0x90, 0xAF, 0x44, 0x5C, 0x82, 0x4B, 0xF8,
    0x4A, 0x69, 0xEF, 0x09, 0xFD, 0xA1, 0xE0, 0xBE, 0x05, 0x8F, 0x4B, 0x4D, 0x58, 0xB3, 0xC5, 0x87,
    0x30, 0x6E, 0xE2, 0x9F, 0xF0, 0x76, 0x6A, 0xB1, 0x24, 0xE0, 0x35, 0xD0, 0x0C, 0x5F, 0x77, 0xCD,
    0x53, 0xE6, 0x2E, 0xCB, 0x73, 0x4F, 0x57, 0x0E, 0xDD, 0xEE, 0x78, 0x36, 0xCC, 0x1A, 0x25, 0xB4,
    0x2D, 0x97, 0x2A, 0x30, 0x7F, 0xC5, 0xF4, 0x58, 0x24, 0x1B, 0x66, 0x2C, 0x22, 0x54, 0x01, 0xB1,
    0x97, 0xA4, 0xBB, 0x4D, 0xAC, 0xB9, 0xAE, 0x8B, 0x6D, 0x25, 0xC5, 0x03, 0x74, 0xC0, 0x97, 0xB6,
    0x4A, 0xF2, 0xF8, 0xA1, 0x26, 0x31, 0x43, 0x40, 0x6B, 0xED, 0xC2, 0x66, 0x2B, 0x20, 0x9B, 0x78,
    0x2B, 0xAA, 0x8B, 0x3C, 0xCC, 0x5E, 0xEB, 0x90, 0xF6, 0x92, 0xAE, 0xA9, 0x84, 0xE5, 0x02, 0xCE,
    0xEE, 0x00, 0x8A, 0xC0, 0xFD, 0xDC, 0x54, 0x6D, 0xAA, 0x5C, 0x43, 0xD9, 0xD0, 0xC3, 0xEB, 0xEC,
    0xDD, 0x2E, 0xD4, 0x4B, 0xFC, 0xA0, 0x75, 0xD1, 0x0E, 0x79, 0x4A, 0x10, 0xD0, 0x1B, 0xFC, 0xEE,
    0x5D, 0x21, 0x7C, 0xFE, 0xDD, 0x20, 0x2C, 0xD7, 0x10, 0x36, 0xD1, 0x9E, 0x10, 0x1E, 0xAF, 0x29,
    0x84, 0xFD, 0xBD, 0x21, 0x7C, 0x3E, 0x5D, 0x6F, 0x82, 0xE6, 0x36, 0xA9, 0xF2, 0x70, 0x0A, 0xB5,
    0xA7, 0xCE, 0xCF, 0x0A, 0xBE, 0x1B, 0xF6, 0x72, 0x55, 0x46, 0xC6, 0x19, 0x7C, 0x30, 0xBA, 0x63,
    0xB8, 0x25, 0xE8, 0x2C, 0x5C, 0xBF, 0x02, 0x28, 0xFA, 0xCE, 0x03, 0x69, 0x86, 0xB1, 0x66, 0x18,
    0x6D, 0x86, 0xF1, 0x66, 0x18, 0x71, 0x86, 0x31, 0x67, 0x18, 0x75, 0x8A, 0x3B, 0x35, 0x90, 0x9C,
    0x7A, 0xBA, 0x30, 0x8A, 0x3F, 0x41, 0xA0, 0x60, 0x50, 0x50, 0xA8, 0x97, 0xA7, 0x88, 0x2F, 0x55,
    0xD4, 0xCB, 0x20, 0x5F, 0x49, 0x80, 0x68, 0xAA, 0x77, 0x34, 0x1F, 0xFF, 0xDB, 0xF4, 0x66, 0xBD,
    0xE8, 0x88, 0x86, 0x26, 0xD9, 0x45, 0xD6, 0xE1, 0x14, 0x83, 0xF4, 0x87, 0x95, 0xCE, 0xB9, 0x18,
    0x67, 0xE9, 0x00, 0xF3, 0xC1, 0xE2, 0xC1, 0x7C, 0x96, 0x9B, 0x71, 0x95, 0x2E, 0x66, 0xD0, 0xE0,
    0x99, 0xB8, 0x84, 0x14, 0x02, 0xAD, 0xAA, 0x84, 0x74, 0x06, 0x72, 0x4D, 0x50, 0x28, 0x76, 0x24,
    0xE9, 0x9B, 0x83, 0xF9, 0x47, 0x93, 0x7A, 0xF1, 0xBE, 0x1B, 0x15, 0x5D, 0xBB, 0x08, 0xFF, 0x98,
    0x6A, 0xB0, 0x53, 0x74, 0xB8, 0x5F, 0x65, 0x62, 0xD0, 0x0B, 0x56, 0x1C, 0x46, 0x38, 0x87, 0xCA,
    0x3D, 0x2B, 0xB6, 0x5A, 0x3D, 0xBD, 0xAA, 0xD5, 0xD7, 0xAB, 0x5A, 0xE5, 0x3E, 0x22, 0x75, 0x97,
    0xDB, 0x4E, 0xED, 0x87, 0x51, 0x5C, 0xDE, 0x56, 0x30, 0x7E, 0x60, 0x95, 0x2B, 0xB5, 0xBA, 0x4C,
    0xB6, 0x91, 0x43, 0x25, 0xBC, 0xA4, 0x48, 0xB5, 0xDB, 0xFC, 0x73, 0x9D, 0x12, 0x91, 0x20, 0x71,
    0xE3, 0x91, 0x77, 0x8E, 0xEC, 0x17, 0xAB, 0xC8, 0xFE, 0xE3, 0x80, 0xF6, 0x45, 0xA6, 0xA2, 0x46,
    0xC2, 0xCB, 0x21, 0xBA, 0xD3, 0x85, 0x0D, 0x32, 0x46, 0xD1, 0x02, 0x27, 0xE1, 0x3E, 0xC0, 0x30,
    0xD4, 0xE2, 0x32, 0x1C, 0xE0, 0x5D, 0x9E, 0xFC, 0x15, 0xC9, 0x2A, 0x8A, 0x5F, 0xBA, 0x52, 0xD5,
    0xC1, 0xF5, 0x82, 0x01, 0xB2, 0xD9, 0x07, 0xB4, 0x54, 0x9A, 0xFB, 0xF4, 0xDD, 0x24, 0x70, 0x6A,
    0xE7, 0x4D, 0x02, 0x89, 0xE3, 0x0F, 0x53, 0xC7, 0xCE, 0x29, 0x01, 0x68, 0x0A, 0xEA, 0xB5, 0x3B,
    0x6D, 0xB1, 0x29, 0xAB, 0x7B, 0x73, 0x2D, 0xB7, 0xE9, 0x9A, 0x34, 0x7B, 0xEA, 0xB8, 0xD9, 0x53,
    0x83, 0x2C, 0xFE, 0x33, 0xD5, 0xAC, 0xD4, 0x6E, 0x55, 0xB2, 0x2B, 0x09, 0x7B, 0x92, 0x08, 0x27,
    0xDB, 0x91, 0x38, 0xBE, 0xF0, 0xFE, 0x5C, 0x65, 0xCE, 0x47, 0x15, 0x97, 0xCD, 0xDF, 0x35, 0x2E,
    0x1B, 0xBF, 0xDF, 0x39, 0x6F, 0xE2, 0x0A, 0xA9, 0x5A, 0x02, 0x73, 0x9E, 0xE3, 0xDE, 0x53, 0x68,
    0xC8, 0xB5, 0xEF, 0x76, 0x81, 0xA1, 0x30, 0xD7, 0x4E, 0x47, 0x51, 0xAD, 0x57, 0x1D, 0x47, 0xBD,
    0xD8, 0xA9, 0x53, 0x07, 0x70, 0x97, 0x8F, 0xED, 0x30, 0x0E, 0x36, 0xC9, 0xD7, 0x79, 0x96, 0x30,
    0x46, 0xC9, 0x32, 0x7A, 0x10, 0x4D, 0xE7, 0x16, 0x12, 0xAC, 0x0B, 0x3B, 0x80, 0x36, 0x6E, 0x39,
    0x11, 0x5B, 0xBA, 0x2E, 0x5F, 0xE2, 0x5A, 0x4A, 0xBE, 0x79, 0xCB, 0xE6, 0x59, 0x2D, 0xDD, 0x71,
    0xA4, 0x37, 0x0E, 0xE1, 0x61, 0x21, 0x7D, 0x70, 0x90, 0x8E, 0xDD, 0xF1, 0xE2, 0x4E, 0xAF, 0xD5,
    0x57, 0x77, 0x33, 0x5F, 0x49, 0xED, 0x30, 0xBC, 0x8F, 0x8D, 0xE8, 0x38, 0x65, 0x90, 0x3C, 0xD7,
    0x4C, 0x95, 0x27, 0xBA, 0x95, 0x4F, 0x4D, 0xA0, 0xDD, 0xAC, 0x02, 0xED, 0xE3, 0xCE, 0x48, 0xEB,
    0x94, 0x70, 0x37, 0xB5, 0xAF, 0x76, 0x0E, 0xED, 0xD5, 0x09, 0x8C, 0x77, 0x69, 0x2D, 0x93, 0x5A,
    0x7C, 0xFA, 0xDA, 0xC4, 0xD7, 0x11, 0x96, 0xDA, 0x3C, 0xEF, 0x3A, 0x34, 0x04, 0x93, 0x17, 0x78,
    0xCA, 0xA0, 0x16, 0x67, 0x71, 0xAF, 0xE8, 0xF4, 0x2E, 0x9A, 0x8F, 0x77, 0xF3, 0xEC, 0x48, 0x35,
    0x48, 0x2B, 0x89, 0x39, 0xAC, 0xD3, 0x0A, 0xEF, 0x70, 0xE0, 0x96, 0xEA, 0xD1, 0x9D, 0xAE, 0x8D,
    0x74, 0x9E, 0x9E, 0x76, 0xC3, 0xDC, 0xBB, 0xC1, 0xEE, 0x0D, 0xC3, 0xFE, 0x0D, 0xC3, 0x0E, 0x0E,
    0xC3, 0x1E, 0x0E, 0xC3, 0x2E, 0x0E, 0xC3, 0x3E, 0x0E, 0xC3, 0x4E, 0x0E, 0xC3, 0x5E, 0x0E, 0x71,
    0x73, 0x88, 0x9F, 0x43, 0x1C, 0x1D, 0x46, 0x3D, 0x1D, 0x0B, 0x76, 0x75, 0x5C, 0xCF, 0x8E, 0xD8,
    0x2D, 0x2E, 0xB9, 0xEA, 0x18, 0xA4, 0xCD, 0xE6, 0xB4, 0xB8, 0x70, 0x76, 0x6E, 0x24, 0xAC, 0x51,
    0xAC, 0xF8, 0xA3, 0x04, 0x34, 0x24, 0x9C, 0x71, 0x2C, 0x5D, 0x0B, 0xDA, 0x7F, 0x22, 0xAF, 0x8E,
    0xE1, 0xA0, 0xAF, 0x5C, 0x1D, 0xC3, 0xFD, 0xAE, 0xE5, 0xEA, 0x18, 0x4E, 0x1A, 0xFA, 0x50, 0x57,
    0xC7, 0xF4, 0x93, 0x43, 0x31, 0x9C, 0x19, 0x95, 0x2B, 0xAD, 0x3E, 0x5E, 0x29, 0xF5, 0xB3, 0xA6,
    0xD5, 0xAB, 0xE4, 0xE0, 0xC5, 0xCA, 0xFD, 0xE0, 0xAF, 0x82, 0x62, 0x5E, 0x3E, 0x37, 0xD5, 0xAE,
    0x71, 0x77, 0xC2, 0x92, 0xBB, 0x13, 0xDA, 0x94, 0xBB, 0x13, 0x5A, 0xE9, 0x4E, 0x38, 0xCC, 0x99,
    0x87, 0x32, 0x4E, 0x95, 0xF7, 0x2E, 0xA9, 0x30, 0x9F, 0x09, 0x0C, 0xDD, 0xBB, 0xDC, 0xE1, 0xAB,
    0xD6, 0xF5, 0x22, 0x37, 0x8B, 0xA2, 0xE2, 0x33, 0x12, 0xB0, 0xE3, 0x46, 0x5A, 0x1E, 0x73, 0x7F,
    0x9E, 0x41, 0x38, 0x38, 0x04, 0x2F, 0x02, 0x1B, 0x49, 0x23, 0x85, 0x53, 0x5C, 0x80, 0xCA, 0x9D,
    0x94, 0xD8, 0x8B, 0x80, 0xAF, 0xC2, 0xAB, 0xC4, 0xF5, 0x04, 0xFC, 0xF5, 0xAF, 0xD1, 0xEE, 0xE9,
    0x48, 0x5C, 0xAE, 0x38, 0x41, 0x12, 0x24, 0x07, 0xF2, 0xDD, 0xDC, 0x05, 0x4C, 0x5F, 0xEF, 0x7C,
    0xC5, 0xAF, 0x7E, 0xCD, 0x05, 0xE6, 0xD4, 0x24, 0xD1, 0x6B, 0x5F, 0x8D, 0x37, 0x31, 0xCB, 0x6C,
    0x57, 0x22, 0xBC, 0x33, 0x77, 0xDC, 0x3D, 0x9F, 0xD3, 0xFD, 0x16, 0xD3, 0x4D, 0x9F, 0xD3, 0x55,
    0x9F, 0xEE, 0xAE, 0xCF, 0xE9, 0xB2, 0xCF, 0xE9, 0xB6, 0xCF, 0xE9, 0xBA, 0xCF, 0xE9, 0xBE, 0x4F,
    0x77, 0xE1, 0xE7, 0x74, 0xE3, 0xE7, 0x74, 0xE5, 0xE7, 0x74, 0xE7, 0xA7, 0xBB, 0xF4, 0x73, 0x95,
    0xB5, 0xE9, 0xAE, 0xFD, 0x9C, 0xEE, 0xFD, 0x9C, 0x2E, 0xFE, 0x74, 0x37, 0x7F, 0x4E, 0x57, 0x7F,
    0x4E, 0x77, 0x7F, 0xBA, 0xCB, 0x3F, 0xA7, 0xDB, 0x3F, 0xF7, 0xB8, 0xFE, 0x13, 0x89, 0x67, 0xCC,
    0x9A, 0x36, 0x40, 0xA5, 0x9F, 0x07, 0xEB, 0x41, 0x51, 0xE4, 0xAB, 0x8D, 0xDB, 0xED, 0xA3, 0x4E,
    0x14, 0x5C, 0xA3, 0xF6, 0xC0, 0x33, 0x70, 0x77, 0x8E, 0x5D, 0xF6, 0x71, 0xE7, 0xD4, 0x8C, 0xDE,
    0xBD, 0xB8, 0x5E, 0x8B, 0x51, 0xF5, 0xCF, 0x12, 0x4B, 0x41, 0x19, 0x73, 0x75, 0x17, 0xB7, 0xE5,
    0x79, 0x83, 0x2D, 0xA8, 0x17, 0x25, 0xB7, 0x09, 0x7B, 0x5B, 0xEF, 0xB1, 0x03, 0xB9, 0xCD, 0xD8,
    0xD2, 0xE6, 0x10, 0xC0, 0x97, 0x20, 0x4C, 0x30, 0x26, 0x28, 0x13, 0x9C, 0x31, 0xD2, 0x0C, 0x63,
    0xCD, 0x30, 0xDA, 0x0C, 0xE3, 0xCD, 0x30, 0xE2, 0x0C, 0x63, 0xCE, 0x30, 0xEA, 0x0C, 0xE3, 0x4E,
    0xCA, 0xB5, 0xE7, 0xD8, 0xDB, 0xDE, 0x3E, 0xFE, 0xAD, 0x27, 0x45, 0x36, 0xBA, 0xBB, 0x77, 0xE1,
    0x24, 0xD6, 0x88, 0x0C, 0xE2, 0x5E, 0x5B, 0x93, 0x9D, 0xC6, 0x6F, 0x8B, 0xB7, 0x09, 0x2D, 0x47,
    0x26, 0x2C, 0xEC, 0x97, 0xC6, 0x00, 0x6E, 0xB7, 0x47, 0x1D, 0x1E, 0x4C, 0x47, 0xD2, 0xFA, 0x8B,
    0xC2, 0x11, 0x13, 0x3D, 0xC8, 0xC4, 0xA0, 0x7A, 0xF1, 0x47, 0xC4, 0x53, 0x4D, 0x1D, 0x3D, 0x2F,
    0x3D, 0x56, 0xEB, 0xFC, 0x8D, 0xC7, 0x36, 0x16, 0xAE, 0x20, 0xF5, 0x84, 0xAB, 0x13, 0xAC, 0xB9,
    0x74, 0x2B, 0x99, 0xB2, 0x3E, 0x7A, 0xA7, 0xE8, 0xFA, 0x62, 0xEA, 0xFC, 0x01, 0x87, 0x1E, 0xB0,
    0x80, 0x5B, 0x98, 0x51, 0xE3, 0xED, 0x2C, 0xC7, 0xF3, 0x62, 0x2E, 0x3C, 0x0A, 0xEC, 0xCB, 0x34,
    0xF4, 0xAB, 0xC8, 0x03, 0xE2, 0x12, 0xA6, 0xDD, 0xD5, 0xFA, 0xFB, 0xC4, 0xDB, 0x8E, 0xBC, 0x65,
    0xFB, 0x0C, 0x67, 0x3C, 0xA1, 0x6C, 0xE9, 0x1F, 0xE0, 0x1E, 0x5B, 0x5E, 0x40, 0xDB, 0xE8, 0x28,
    0xE8, 0x48, 0xB4, 0x9E, 0x43, 0x45, 0xED, 0xA2, 0x8D, 0x2E, 0x21, 0x5F, 0x16, 0x1A, 0x4F, 0x58,
    0xF3, 0x3D, 0xB5, 0x15, 0x31, 0xF2, 0x34, 0xF9, 0xB9, 0x6D, 0xFD, 0xB4, 0xB8, 0x6C, 0x87, 0x88,
    0xE0, 0x1D, 0x03, 0xEA, 0x3D, 0xEA, 0xA2, 0x0A, 0x8E, 0x19, 0x1F, 0x74, 0x7D, 0xAA, 0xB5, 0x47,
    0x5E, 0x28, 0x45, 0xC7, 0x34, 0x08, 0x77, 0x2D, 0xA8, 0x38, 0xC0, 0x1D, 0xD5, 0xB1, 0x90, 0x7F,
    0xBF, 0xAB, 0xDE, 0xF8, 0x93, 0x79, 0x21, 0xE9, 0x77, 0x04, 0x49, 0x20, 0x4F, 0xC2, 0xE6, 0xB2,
    0x09, 0x48, 0x76, 0x8C, 0xE7, 0xB5, 0x4F, 0xB7, 0xA4, 0x44, 0x5F, 0xBB, 0x0E, 0x68, 0x7A, 0x9F,
    0x50, 0xC4, 0x10, 0xF3, 0xED, 0x29, 0x2C, 0x1F, 0x69, 0x26, 0x7C, 0x42, 0x38, 0xF4, 0x0B, 0x13,
    0x88, 0xA6, 0x3E, 0x2A, 0x0A, 0xF9, 0x13, 0xF2, 0x38, 0xB5, 0x72, 0xE6, 0xAE, 0x3F, 0x76, 0xE9,
    0x91, 0xC7, 0x8F, 0x1F, 0xFF, 0x13, 0x74, 0xAF, 0x60, 0x8A, 0x4A, 0xEC, 0xF6, 0xA3, 0xF7, 0x90,
    0xF0, 0x15, 0x7C, 0x64, 0xE2, 0x38, 0x81, 0x3A, 0x46, 0x5A, 0x68, 0x22, 0xD9, 0x83, 0xB1, 0x74,
    0x62, 0x08, 0xC5, 0x17, 0xBD, 0xB4, 0x7F, 0xC3, 0xA0, 0x2A, 0xE4, 0xC8, 0x6D, 0xA8, 0x63, 0xFD,
    0x80, 0x84, 0x65, 0xA1, 0xF6, 0x15, 0xB6, 0x5B, 0x5C, 0xB2, 0x3D, 0xD8, 0x97, 0xC7, 0x82, 0x53,
    0x1B, 0x8F, 0x2F, 0x0A, 0x74, 0x01, 0x69, 0x96, 0x7D, 0x5C, 0x71, 0x63, 0xC0, 0x32, 0x33, 0x59,
    0x3E, 0x98, 0xE4, 0x01, 0x0E, 0x61, 0x19, 0x6F, 0xCD, 0x8D, 0x5E, 0x2C, 0xE4, 0x42, 0xE7, 0x0B,
    0xE2, 0xF3, 0x79, 0x46, 0x1E, 0x77, 0x70, 0xC7, 0xF1, 0xD1, 0x9F, 0x5F, 0x13, 0xF3, 0x49, 0x04,
    0xD7, 0xA2, 0xC3, 0xF9, 0x46, 0x62, 0x4B, 0x38, 0xE0, 0x62, 0x07, 0x34, 0xDA, 0x0B, 0xD1, 0xD8,
    0xDD, 0xCB, 0xA7, 0xBE, 0x62, 0x07, 0x5C, 0x42, 0x48, 0x2C, 0xF9, 0x16, 0x04, 0x40, 0x94, 0x17,
    0xB2, 0x54, 0xF0, 0x66, 0xD9, 0x2C, 0x50, 0x7E, 0x00, 0x5A, 0xC0, 0xD6, 0x00, 0xB8, 0x06, 0xD0,
    0x35, 0x00, 0x2F, 0xC3, 0x97, 0x01, 0x2C, 0xF6, 0xA5, 0xF7, 0xF0, 0x5E, 0x69, 0xB0, 0x73, 0x78,
    0xBA, 0x20, 0x85, 0x9C, 0xE7, 0x70, 0xFE, 0xBE, 0xAA, 0x96, 0xEF, 0x83, 0xF6, 0x33, 0xF7, 0xF0,
    0xD5, 0x72, 0x0F, 0x33, 0x29, 0x88, 0xAE, 0xA8, 0x6A, 0x6C, 0x38, 0xAC, 0x94, 0x0F, 0xFD, 0x97,
    0x56, 0xF3, 0xBF, 0x36, 0xF2, 0xCD, 0xF4, 0xA3, 0xAD, 0xCC, 0x7B, 0xDF, 0xEE, 0x61, 0xA7, 0x62,
    0x71, 0x27, 0x19, 0xDE, 0x50, 0xEC, 0x3E, 0xB9, 0xD9, 0x74, 0x3C, 0xF1, 0xDD, 0x8F, 0xF1, 0x15,
    0xC6, 0x5E, 0xBB, 0xE4, 0x9E, 0x98, 0xAD, 0x2C, 0x9E, 0xD7, 0x2E, 0x3D, 0x31, 0xD3, 0xCD, 0x59,
    0x94, 0x4A, 0xAE, 0x2A, 0x40, 0xCB, 0x7E, 0xEE, 0xD9, 0x2F, 0x4D, 0xFB, 0x35, 0x5F, 0x3F, 0xD5,
    0xB4, 0x03, 0x3E, 0x09, 0x7F, 0x26, 0x3C, 0xA1, 0xD1, 0x44, 0x53, 0xE8, 0x43, 0xE8, 0xDE, 0x6F,
    0xD0, 0xBE, 0x9F, 0xFB, 0xF7, 0x73, 0x03, 0x7F, 0xD7, 0xD8, 0x51, 0x58, 0xC6, 0x08, 0xA7, 0x91,
    0xCF, 0xAE, 0x03, 0x7F, 0x80, 0x1B, 0x3B, 0xA8, 0x91, 0x86, 0x07, 0x0F, 0x6D, 0x6E, 0x0E, 0xB3,
    0x7D, 0xBB, 0xCF, 0xE8, 0x3D, 0x5A, 0x95, 0x71, 0xC6, 0xEE, 0xEC, 0x2E, 0x1E, 0xF6, 0x3A, 0x1B,
    0xEF, 0x55, 0x3B, 0x73, 0x76, 0x46, 0xB3, 0x90, 0x13, 0xFD, 0xC2, 0x17, 0xF9, 0x7D, 0xCB, 0x7D,
    0xC6, 0xEC, 0xB2, 0x07, 0x87, 0xE3, 0xC5, 0x66, 0xEC, 0xBC, 0x4D, 0xEA, 0x78, 0x05, 0x9E, 0x6F,
    0x3D, 0x6C, 0x66, 0xF9, 0xAA, 0x17, 0x97, 0xA5, 0x16, 0x27, 0x05, 0x2C, 0xDB, 0x0E, 0x21, 0x3D,
    0x81, 0x06, 0x82, 0xF0, 0xFB, 0x6B, 0x36, 0x40, 0x8F, 0x6A, 0xDE, 0x11, 0x63, 0x88, 0x6F, 0x39,
    0x97, 0xEE, 0x62, 0xDE, 0xF8, 0xC8, 0xD4, 0xB5, 0x20, 0x64, 0x59, 0xBC, 0x98, 0xAE, 0x39, 0x59,
    0x19, 0x7F, 0xC9, 0x0E, 0x57, 0x9B, 0x6B, 0x5D, 0x30, 0x2A, 0x07, 0xA2, 0xE3, 0x00, 0x05, 0xE8,
    0x1C, 0x8F, 0x6C, 0x7F, 0x30, 0x30, 0xDF, 0xAD, 0x67, 0x9E, 0x7D, 0x1E, 0xDC, 0x31, 0x85, 0x49,
    0xE4, 0x27, 0x7B, 0xDC, 0xD6, 0xFC, 0xE9, 0xE9, 0x95, 0xF2, 0xE1, 0xEF, 0x59, 0x8E, 0xDD, 0x85,
    0x63, 0x08, 0x8A, 0xDB, 0x71, 0x87, 0xF4, 0xB8, 0x36, 0x59, 0x4A, 0x35, 0x67, 0x29, 0xA5, 0x86,
    0x7B, 0xFE, 0xCD, 0xDA, 0x0F, 0xCE, 0x92, 0x13, 0x26, 0xD6, 0x91, 0xB4, 0x9A, 0x70, 0x4C, 0x52,
    0xD8, 0xF5, 0xBB, 0xC8, 0x5C, 0x77, 0x30, 0xD2, 0xAC, 0xB3, 0xFC, 0x33, 0x9C, 0xEE, 0xC4, 0x69,
    0x50, 0xE1, 0x8C, 0x24, 0xDC, 0x7D, 0x4C, 0x60, 0xC5, 0xDD, 0x53, 0x91, 0x09, 0x92, 0xA3, 0xF1,
    0xD0, 0x97, 0x3F, 0x52, 0xFC, 0x16, 0xB7, 0xED, 0xD0, 0xFE, 0xD2, 0x2B, 0x68, 0x7F, 0x9F, 0xCC,
    0x0B, 0x84, 0xEF, 0x37, 0x68, 0xB8, 0x70, 0xBB, 0x95, 0x3D, 0x2D, 0xA1, 0x67, 0xF9, 0x03, 0xDC,
    0x4C, 0xA7, 0xA7, 0x2B, 0x47, 0xAF, 0xD9, 0x0D, 0x1A, 0x57, 0x15, 0x64, 0x24, 0x93, 0xCE, 0xAC,
    0x5A, 0xBC, 0x5D, 0xC2, 0xDF, 0xAE, 0x11, 0xC8, 0xDE, 0x23, 0x3C, 0xEC, 0xD4, 0xE2, 0xED, 0x3D,
    0xC3, 0xE3, 0x23, 0xA5, 0xB9, 0xDF, 0x1F, 0x00, 0xCF, 0x2D, 0x10, 0x00, 0x0F, 0x7A, 0x51, 0xE5,
    0xC3, 0x31, 0xE2, 0x9B, 0xA5, 0x5A, 0xE3, 0x9D, 0x9A, 0x0A, 0x40, 0xAE, 0x39, 0x8C, 0xBD, 0x41,
    0x4A, 0xD3, 0xC5, 0x98, 0x08, 0x2D, 0x8B, 0x65, 0x5E, 0x8A, 0xD3, 0x10, 0xDD, 0x9F, 0x4F, 0xE4,
    0xDD, 0x75, 0xCB, 0x3A, 0x20, 0xE3, 0xAB, 0x03, 0x14, 0x3A, 0xBE, 0xF3, 0x1A, 0x1F, 0x70, 0x9C,
    0x6D, 0x4A, 0x79, 0xB8, 0x53, 0xD8, 0x03, 0xE9, 0x6F, 0x5E, 0x41, 0x57, 0x22, 0x93, 0x0D, 0x17,
    0x01, 0xA2, 0x07, 0xBE, 0x91, 0x26, 0xF8, 0xF0, 0xB2, 0x43, 0xD7, 0x36, 0x7C, 0xB7, 0xAD, 0x34,
    0xC2, 0x17, 0x6D, 0x87, 0xE4, 0x18, 0x7A, 0xE1, 0x73, 0x33, 0x7C, 0xEE, 0x86, 0x2F, 0x7D, 0x64,
    0x0F, 0x9E, 0x9E, 0x2C, 0x9E, 0x46, 0x55, 0x1C, 0xF7, 0xAC, 0x77, 0x8B, 0xCD, 0x4F, 0xEF, 0x1D,
    0xCD, 0x1C, 0x0D, 0xF1, 0xDD, 0xE7, 0x8E, 0xBE, 0x57, 0x9F, 0xA0, 0x3B, 0x61, 0xE6, 0x16, 0x93,
    0xB3, 0x99, 0x9C, 0xD5, 0xE4, 0xEC, 0x26, 0x9C, 0x86, 0xB8, 0xFA, 0xE7, 0x80, 0x55, 0xC8, 0x4A,
    0xC3, 0xB7, 0x37, 0x68, 0x26, 0xA5, 0xCF, 0x6E, 0x09, 0x7F, 0xE4, 0x38, 0xED, 0x4A, 0x60, 0x7E,
    0x82, 0x30, 0xBC, 0x48, 0x0F, 0xA8, 0x59, 0x2F, 0xAC, 0x27, 0x7E, 0x53, 0x80, 0x97, 0x3D, 0x2D,
    0x52, 0x66, 0x94, 0x2A, 0x12, 0xBF, 0x8D, 0x85, 0xAD, 0xE4, 0x5B, 0x1A, 0xA1, 0xDD, 0xFF, 0xA9,
    0xC6, 0xF4, 0xA2, 0xFA, 0x82, 0x8C, 0x97, 0x08, 0xFD, 0x8B, 0x0E, 0xFE, 0x86, 0x98, 0xEE, 0x17,
    0xA4, 0x0C, 0xE9, 0x8F, 0x25, 0xB6, 0x21, 0x2B, 0x3E, 0x2B, 0x6E, 0xA2, 0xD3, 0x5F, 0x5C, 0xA1,
    0x5F, 0xF1, 0xAF, 0x04, 0x20, 0x14, 0xA0, 0x24, 0xA0, 0x34, 0xA0, 0x44, 0xE0, 0xA8, 0xC0, 0x91,
    0x81, 0xD2, 0x81, 0x12, 0x82, 0x52, 0x82, 0x92, 0x82, 0xD2, 0xC2, 0xE4, 0x13, 0xD4, 0x86, 0xC9,
    0xF9, 0xAC, 0xA5, 0x80, 0xEA, 0x07, 0xDA, 0x48, 0x52, 0x9B, 0x32, 0x87, 0xE2, 0x28, 0x3E, 0x6C,
    0x26, 0xAA, 0x50, 0xB2, 0x50, 0xBA, 0x70, 0xC9, 0xB9, 0x3B, 0xCF, 0x7E, 0x5C, 0x09, 0xBB, 0x6F,
    0xA4, 0xC4, 0xEA, 0x0D, 0x79, 0xBC, 0x20, 0x31, 0x9B, 0xDC, 0xCE, 0x0F, 0xFD, 0x27, 0xF2, 0x62,
    0xEF, 0x63, 0x7C, 0xE1, 0xCF, 0x03, 0x56, 0x0E, 0x34, 0xEB, 0x58, 0xFE, 0x08, 0x37, 0xCE, 0xC3,
    0x2E, 0xB8, 0x73, 0xED, 0xEE, 0x41, 0xBA, 0xCA, 0x7D, 0xEE, 0x9A, 0xBD, 0x4A, 0x5B, 0x15, 0x00,
    0xF9, 0x7B, 0xAC, 0x3A, 0xB8, 0x42, 0x69, 0x6B, 0x35, 0x2F, 0xF8, 0x4C, 0xD6, 0x4A, 0x5B, 0xEF,
    0x5F, 0x2B, 0x6D, 0x55, 0xD0, 0xB6, 0x6B, 0xE9, 0xD6, 0x2B, 0xA7, 0xD4, 0x07, 0xBB, 0x03, 0x34,
    0xC5, 0x9D, 0xE1, 0x11, 0xD2, 0xB5, 0x1E, 0x3D, 0x29, 0x65, 0x4E, 0xBE, 0xFE, 0x2A, 0xDF, 0x0F,
    0xD7, 0x48, 0x2E, 0x62, 0xC1, 0xDD, 0xB1, 0x4C, 0x78, 0x6A, 0xB7, 0x9E, 0x91, 0x94, 0xC5, 0x54,
    0x35, 0xF5, 0xF3, 0xC9, 0xFA, 0xB4, 0x2F, 0xAD, 0x5E, 0x2F, 0x4C, 0xF5, 0x55, 0xA2, 0x7A, 0xEF,
    0xB2, 0xD1, 0x3F, 0xBB, 0x90, 0xFA, 0x4A, 0x17, 0x52, 0x93, 0x0A, 0xC8, 0xE7, 0x6A, 0x94, 0x08,
    0x80, 0x65, 0x0D, 0x3A, 0x1C, 0x63, 0x89, 0x07, 0xB0, 0xC3, 0x71, 0xA6, 0xD7, 0x9B, 0x8F, 0xFA,
    0xEE, 0x28, 0xB3, 0x81, 0x53, 0x97, 0xAF, 0x79, 0xE5, 0xF1, 0xED, 0x5C, 0xC9, 0x5F, 0x32, 0x92,
    0x8A, 0x56, 0x73, 0xEE, 0xC1, 0xB0, 0x9C, 0x0E, 0xFF, 0xF9, 0xD9, 0x01, 0x5B, 0x15, 0xD0, 0xAF,
    0x5E, 0x76, 0xF5, 0x44, 0x9F, 0xFA, 0xA6, 0x2F, 0xDD, 0x4C, 0x8B, 0x6C, 0x3C, 0xBE, 0x9E, 0xD8,
    0xBB, 0x4A, 0xB9, 0x70, 0xE5, 0x0F, 0xEE, 0x40, 0xAF, 0xA2, 0x97, 0xEF, 0x67, 0x4E, 0x33, 0x05,
    0x47, 0xE2, 0xA9, 0xFD, 0x7A, 0xA3, 0x75, 0x9E, 0x89, 0x0C, 0x53, 0xA4, 0x7A, 0x1C, 0x8A, 0x17,
    0x5C, 0x76, 0xB1, 0x9B, 0xC0, 0x59, 0x68, 0xCE, 0x3C, 0xE0, 0x66, 0xFF, 0x10, 0xED, 0xDE, 0x45,
    0xB2, 0xE7, 0x3C, 0xE9, 0x77, 0x1F, 0xAF, 0xD2, 0x7F, 0x53, 0x73, 0xF0, 0xB1, 0xF1, 0x94, 0xE1,
    0xE2, 0x53, 0x76, 0x62, 0x26, 0xB3, 0x42, 0x15, 0xD4, 0xA8, 0xBC, 0x52, 0xE8, 0xA1, 0x49, 0xF8,
    0xCE, 0xAA, 0x33, 0x3B, 0x72, 0x88, 0xA7, 0xBB, 0x84, 0x68, 0x9E, 0x7D, 0xF0, 0x9D, 0x26, 0x68,
    0x56, 0x50, 0x3C, 0x53, 0xE9, 0x35, 0x84, 0x71, 0xFD, 0x51, 0x57, 0xE7, 0xE6, 0x57, 0xA8, 0xCE,
    0xAD, 0xAF, 0x50, 0x9D, 0xDB, 0x48, 0xF1, 0x9C, 0xB8, 0x6E, 0x2A, 0x16, 0x52, 0xB0, 0x7E, 0xF1,
    0x3C, 0x30, 0xB9, 0x90, 0x57, 0x4F, 0x07, 0xF8, 0x1D, 0x0A, 0x8D, 0xEB, 0x46, 0xA2, 0x19, 0x1F,
    0x2E, 0x3D, 0x55, 0x3A, 0x94, 0xB9, 0x92, 0x77, 0xE3, 0x5F, 0xBC, 0xEA, 0xD5, 0xBA, 0x06, 0xD5,
    0xBA, 0x35, 0x5F, 0x55, 0xCE, 0xF9, 0x95, 0x72, 0x69, 0x23, 0x3E, 0x6F, 0xD4, 0x5C, 0x2E, 0xFD,
    0xAC, 0x57, 0x39, 0x7D, 0xE2, 0xFE, 0xCE, 0x56, 0xC5, 0xA8, 0x52, 0xD3, 0xC8, 0xFF, 0x2C, 0x21,
    0xBC, 0x58, 0x99, 0xF2, 0xF6, 0xF1, 0x6D, 0xE0, 0x91, 0xD3, 0x14, 0x5C, 0xBD, 0x69, 0x23, 0x02,
    0x11, 0x81, 0x02, 0xED, 0x70, 0x55, 0x8B, 0x34, 0x01, 0x6C, 0x9D, 0x68, 0xD3, 0x9E, 0x90, 0xB6,
    0xD5, 0x84, 0xC1, 0xA2, 0x3B, 0xEC, 0x8E, 0xD1, 0xF7, 0x5D, 0x5C, 0xAD, 0x99, 0x42, 0x6D, 0xEA,
    0xB9, 0x77, 0xE9, 0x23, 0x85, 0xBB, 0x34, 0xEF, 0x35, 0xC5, 0xB6, 0x7F, 0x41, 0xE1, 0x19, 0xBA,
    0x73, 0x74, 0xD4, 0x53, 0x90, 0x76, 0x2E, 0x21, 0xBD, 0xD1, 0x63, 0xA8, 0x9D, 0x4E, 0x38, 0x42,
    0x20, 0x85, 0x4B, 0x74, 0x78, 0x0A, 0xB9, 0x3B, 0xBB, 0xDA, 0xE0, 0x5C, 0x70, 0x22, 0xED, 0x88,
    0x25, 0xF8, 0x75, 0x1F, 0xA0, 0x7E, 0xDA, 0x93, 0x94, 0x09, 0x69, 0x8A, 0x63, 0xA7, 0xDE, 0xB9,
    0xEF, 0xFD, 0xBE, 0xC8, 0xFF, 0x0F, 0xED, 0x9C, 0x3D, 0x8C, 0xDD, 0xC6, 0x11, 0x80, 0x87, 0xE4,
    0xF9, 0x08, 0xEB, 0x59, 0xE6, 0x15, 0x32, 0x60, 0xC5, 0x8E, 0xE8, 0x22, 0x85, 0x0A, 0xEB, 0xE8,
    0xC2, 0x85, 0x8B, 0xD3, 0x91, 0x48, 0x02, 0xA4, 0xF4, 0x15, 0x81, 0x8B, 0xA4, 0xB0, 0xDB, 0x18,
    0x08, 0x9C, 0x22, 0x85, 0x8A, 0xB3, 0xDF, 0x83, 0x52, 0xA8, 0x70, 0x61, 0x37, 0x4E, 0x9B, 0x43,
    0x82, 0x00, 0xD6, 0xB9, 0x88, 0x0B, 0x23, 0x50, 0x00, 0x49, 0x64, 0xA2, 0xC2, 0x85, 0x9B, 0x07,
    0x24, 0xAE, 0x52, 0x84, 0xFE, 0x49, 0x02, 0xC4, 0x85, 0x28, 0x83, 0x88, 0x68, 0x1F, 0x1F, 0x37,
    0xF3, 0xB3, 0xB3, 0xE4, 0x7B, 0x3A, 0x25, 0x8E, 0xE1, 0x3B, 0xDD, 0xDF, 0x01, 0xC7, 0x7D, 0xBA,
    0xC7, 0x9F, 0xDD, 0xF9, 0x66, 0x67, 0x67, 0x66, 0x87, 0x02, 0x18, 0xFE, 0x84, 0x05, 0x37, 0x7E,
    0x2E, 0xED, 0xC8, 0x48, 0x1B, 0x99, 0x09, 0xB7, 0xA9, 0xC9, 0xB8, 0xBD, 0x6B, 0xB8, 0x09, 0x3E,
    0x90, 0x76, 0xF4, 0xBC, 0xB4, 0xE7, 0xA2, 0x8E, 0xDB, 0xCD, 0x68, 0xC6, 0x6D, 0x15, 0xB7, 0x7C,
    0x5A, 0x91, 0x70, 0x1B, 0x65, 0x29, 0xB7, 0xEB, 0x90, 0x36, 0xD4, 0xE6, 0xC6, 0xD4, 0xF4, 0x30,
    0x63, 0x4C, 0x45, 0xCF, 0x9E, 0x02, 0xB7, 0x71, 0x26, 0xED, 0x3A, 0x80, 0x29, 0xB1, 0x6D, 0xC1,
    0x33, 0x53, 0xBC, 0x4B, 0x85, 0x67, 0x62, 0x77, 0xA2, 0x12, 0x02, 0x6A, 0xC7, 0x53, 0xEC, 0xDE,
    0x14, 0x9E, 0x30, 0x0D, 0x8C, 0xF1, 0x17, 0x6F, 0x16, 0xE0, 0x8D, 0xE0, 0xDE, 0x9F, 0x91, 0xF4,
    0x1D, 0xC6, 0x95, 0xB4, 0xFC, 0x50, 0x6A, 0xF5, 0xDF, 0xA5, 0xFD, 0x7E, 0xB2, 0x78, 0xE5, 0x16,
    0x76, 0xEA, 0x73, 0xEC, 0x72, 0x6C, 0x70, 0x3C, 0x37, 0x4D, 0x0B, 0x7E, 0x95, 0x34, 0x78, 0xBF,
    0xB8, 0x86, 0x73, 0x90, 0x56, 0xB0, 0x06, 0xE3, 0x12, 0x6A, 0x30, 0x45, 0x50, 0x61, 0x97, 0x46,
    0x65, 0x64, 0xB2, 0x78, 0x9A, 0x1A, 0x3F, 0x9D, 0xDE, 0x35, 0xE7, 0xF2, 0x9D, 0x0F, 0x4C, 0x6B,
    0x4C, 0x64, 0x2A, 0xD3, 0x46, 0xA6, 0xC8, 0x4B, 0x14, 0xCA, 0x59, 0xF0, 0xDE, 0xB4, 0xF7, 0x7E,
    0x88, 0xE5, 0x49, 0xE2, 0xCD, 0xA7, 0xD4, 0x09, 0x3E, 0xD0, 0x3F, 0xD3, 0x85, 0xDE, 0xCF, 0xEC,
    0x87, 0x5C, 0xC7, 0xD6, 0xE6, 0xF6, 0xC3, 0xAF, 0xF5, 0xAB, 0xD1, 0xD4, 0x7E, 0x88, 0x74, 0x08,
    0xDE, 0x02, 0x50, 0x47, 0xD4, 0x21, 0x75, 0x4C, 0x1D, 0x54, 0xA5, 0xEA, 0xB0, 0x3A, 0xAE, 0x0E,
    0xAC, 0x23, 0xAB, 0x68, 0x1D, 0x5B, 0x07, 0xD7, 0xD1, 0x55, 0xBC, 0x8E, 0xAF, 0x03, 0xEC, 0x08,
    0x3B, 0xC4, 0xCA, 0xD8, 0x41, 0x76, 0x94, 0x15, 0xB3, 0xE3, 0xBC, 0x3B, 0xE8, 0xA4, 0xA4, 0xE7,
    0xE0, 0xB7, 0xE1, 0x5D, 0xEC, 0x45, 0x70, 0x85, 0x1E, 0x9C, 0xD0, 0x0D, 0x5F, 0xE5, 0x5E, 0xD3,
    0x61, 0x65, 0x7F, 0xB8, 0xE2, 0x4F, 0xA6, 0x1F, 0xFC, 0x5A, 0x3F, 0xA9, 0xD8, 0x60, 0xCB, 0x0A,
    0x07, 0xC2, 0x26, 0xB7, 0xF2, 0x4F, 0xBA, 0x0D, 0x0B, 0xCD, 0x28, 0x89, 0xD1, 0x2C, 0xB1, 0x94,
    0x92, 0x89, 0x5F, 0xDE, 0xA3, 0xD1, 0x0A, 0xB5, 0xA7, 0xDA, 0x63, 0xED, 0xB9, 0xF6, 0x60, 0x1D,
    0xD9, 0x1E, 0x6D, 0xCF, 0xB6, 0x87, 0xDB, 0xD3, 0x75, 0x78, 0x7B, 0xBE, 0x3D, 0xE0, 0x9E, 0xB0,
    0x43, 0xDC, 0x33, 0xEE, 0x21, 0xF7, 0x94, 0x7B, 0xCC, 0x8E, 0x73, 0x0F, 0xBA, 0x27, 0xED, 0x50,
    0xF7, 0xAC, 0xEF, 0x3F, 0xAB, 0x79, 0x64, 0x3E, 0x77, 0x23, 0xE0, 0x6E, 0x85, 0xDC, 0x91, 0x68,
    0x2A, 0x5D, 0xA5, 0x87, 0x5E, 0xE0, 0xC9, 0xFD, 0x1D, 0x3A, 0x83, 0x45, 0x12, 0xDD, 0xE6, 0xE9,
    0xF5, 0x3D, 0x3A, 0xA5, 0xF1, 0xA8, 0x3F, 0x53, 0xD2, 0x04, 0xD1, 0x07, 0x51, 0x08, 0xD1, 0x08,
    0x56, 0x09, 0xD1, 0x09, 0x51, 0x0A, 0xD1, 0x0A, 0x51, 0x0B, 0xD6, 0x0B, 0x60, 0xC5, 0x00, 0xD6,
    0x0C, 0x60, 0xD5, 0x00, 0xD6, 0x0D, 0x60, 0xE5, 0x00, 0xD6, 0x0E, 0x60, 0xF5, 0x00, 0xD6, 0x8F,
    0x81, 0x82, 0xB8, 0x99, 0x19, 0x2B, 0x26, 0xB5, 0x4B, 0x80, 0x92, 0xDE, 0xB2, 0xD2, 0x0C, 0xAD,
    0x80, 0x1F, 0x4A, 0xBA, 0x05, 0xDD, 0x70, 0xAA, 0xB1, 0x8B, 0x66, 0x1C, 0x8F, 0xC9, 0x4E, 0x44,
    0x81, 0x9E, 0xEA, 0xB5, 0x72, 0x37, 0xFC, 0xB9, 0xEE, 0xA6, 0xF9, 0x5A, 0x8C, 0x87, 0x27, 0xC9,
    0x96, 0x7B, 0x74, 0xCB, 0x70, 0x07, 0x1F, 0x19, 0x5F, 0xC6, 0x0E, 0x5C, 0x04, 0x3C, 0xBC, 0x04,
    0xCF, 0xEC, 0xBD, 0x01, 0x78, 0x45, 0xB9, 0x04, 0xA6, 0x51, 0x32, 0x7F, 0xD6, 0x4F, 0xBF, 0x79,
    0xBE, 0x52, 0x03, 0xB0, 0xAE, 0xDC, 0xBB, 0xB5, 0x13, 0x03, 0xF0, 0x7F, 0x1A, 0x80, 0x11, 0x3F,
    0x36, 0xA7, 0x8E, 0x7B, 0x5F, 0xF0, 0xF1, 0x23, 0xEA, 0xFA, 0xE6, 0x08, 0x1F, 0xE8, 0xCF, 0x12,
    0x16, 0xC8, 0x2A, 0x89, 0xEF, 0xF6, 0xF7, 0x69, 0x42, 0x8F, 0xF0, 0xFE, 0x5E, 0x1D, 0xE0, 0xD1,
    0x9F, 0x40, 0xB1, 0xEF, 0x93, 0xDE, 0x2D, 0xF8, 0xD8, 0x64, 0xE7, 0x2C, 0x58, 0x63, 0xA5, 0x39,
    0x56, 0x47, 0x64, 0xC7, 0xCA, 0xC8, 0x2B, 0xB6, 0x94, 0x73, 0xE3, 0x54, 0xE4, 0xC4, 0x0C, 0xDC,
    0xAB, 0x05, 0x24, 0xA6, 0x74, 0x9B, 0x3D, 0x27, 0x1A, 0x58, 0xC0, 0x67, 0x84, 0xD9, 0x52, 0x7F,
    0x46, 0xDC, 0x7B, 0x76, 0x6C, 0x0E, 0xC4, 0x1E, 0x88, 0x41, 0x10, 0x8B, 0xA0, 0x26, 0x61, 0xBF,
    0xF5, 0xE1, 0x04, 0xF1, 0x57, 0x42, 0x3C, 0xEF, 0xC2, 0xF7, 0x6B, 0xA5, 0x3A, 0xF1, 0xCE, 0x8B,
    0x77, 0x6E, 0xFC, 0x2E, 0x7E, 0x3C, 0x4D, 0x7A, 0xBC, 0x49, 0xA1, 0x4E, 0x21, 0x11, 0xF4, 0xE8,
    0xC2, 0xE0, 0xA3, 0x8A, 0x86, 0x88, 0xF7, 0xBA, 0x00, 0x3F, 0x77, 0x4E, 0xE2, 0x41, 0x70, 0xFB,
    0x07, 0x2A, 0xAC, 0xC3, 0xC9, 0xED, 0x00, 0x7D, 0x45, 0x1D, 0x36, 0xE2, 0xD3, 0x06, 0x7F, 0x04,
    0x11, 0x42, 0x50, 0x85, 0x95, 0x5A, 0x63, 0x1B, 0x12, 0x18, 0xA7, 0x0E, 0xB3, 0x45, 0xF7, 0xF4,
    0xB8, 0xE8, 0xD0, 0x86, 0xBA, 0x0A, 0xEC, 0x28, 0xB2, 0x9F, 0xC8, 0x6E, 0x22, 0x07, 0x4B, 0xB4,
    0x46, 0x3C, 0x72, 0xE6, 0x3C, 0x29, 0x00, 0xBA, 0x0F, 0xC9, 0x67, 0x0D, 0x61, 0xAF, 0x54, 0x16,
    0x57, 0xF7, 0x3C, 0x5C, 0x70, 0x51, 0x89, 0xE2, 0xF1, 0x55, 0xF6, 0x9E, 0x53, 0xE8, 0x51, 0x6D,
    0x39, 0x17, 0x2B, 0x27, 0x9C, 0xEF, 0xCB, 0xF9, 0x25, 0x92, 0x19, 0xDD, 0x32, 0xA8, 0x5D, 0xE8,
    0xD5, 0x1F, 0x2E, 0x11, 0xE7, 0x67, 0x1F, 0x1C, 0x67, 0x5F, 0x7B, 0x9B, 0xA8, 0xF0, 0x53, 0xF5,
    0xF0, 0xCE, 0xE7, 0x99, 0x86, 0x8B, 0x96, 0xF3, 0xAD, 0xA9, 0x72, 0xFE, 0xC1, 0x09, 0xE7, 0x45,
    0xCE, 0xEC, 0xF9, 0x91, 0xE3, 0xC7, 0x7E, 0x9F, 0xB8, 0x7D, 0xE4, 0xF5, 0x41, 0x82, 0x63, 0x3B,
    0xBD, 0xFA, 0x24, 0x3E, 0x73, 0x09, 0xFD, 0xE9, 0xF8, 0xB3, 0x96, 0x06, 0x8E, 0x27, 0x87, 0xFC,
    0xB8, 0x9F, 0xEC, 0x43, 0xE4, 0xAF, 0xB1, 0x9D, 0xB7, 0x31, 0xCA, 0x54, 0xF2, 0x3D, 0x77, 0xEB,
    0xEE, 0xC1, 0xBA, 0x5B, 0xBB, 0xDE, 0x1D, 0x0C, 0x6B, 0x45, 0xDD, 0x6D, 0x6B, 0xCB, 0xFB, 0x49,
    0x3E, 0xA0, 0xDF, 0xE3, 0x1F, 0xF0, 0xEF, 0xF3, 0x0D, 0x27, 0x61, 0x81, 0x47, 0x17, 0xDC, 0x7C,
    0xA7, 0xE0, 0x27, 0xF3, 0xF0, 0xA9, 0xE7, 0x8F, 0x0E, 0x92, 0x3F, 0x4F, 0xC2, 0x79, 0x8A, 0x12,
    0xE1, 0x1A, 0x09, 0xE2, 0x1D, 0xCE, 0x13, 0x71, 0x6F, 0xAC, 0xA0, 0xDE, 0x86, 0x07, 0x12, 0x1C,
    0xAC, 0xCC, 0xC3, 0x3F, 0x31, 0xF0, 0x7B, 0xE7, 0x0C, 0x2E, 0xC3, 0xC3, 0xF8, 0x68, 0x04, 0x88,
    0xC3, 0xB9, 0x41, 0x22, 0x6A, 0xE8, 0x50, 0x69, 0x96, 0xE8, 0x60, 0x64, 0x7E, 0x5F, 0x7E, 0xEB,
    0x85, 0xED, 0x8A, 0xE5, 0x40, 0x63, 0x8B, 0xCC, 0x34, 0xE0, 0xB5, 0x6A, 0x42, 0x0B, 0x5C, 0x84,
    0x72, 0x29, 0xA5, 0xC1, 0x4B, 0xE3, 0x8E, 0x15, 0xC1, 0x12, 0xB2, 0x7C, 0x90, 0xCE, 0x73, 0x74,
    0xFF, 0x9A, 0x4D, 0x8C, 0xF9, 0xE2, 0x85, 0x8A, 0x35, 0xC8, 0x70, 0x96, 0xF4, 0xEF, 0x3F, 0x2E,
    0x68, 0xB0, 0x45, 0x60, 0x9B, 0x09, 0x99, 0xC8, 0x89, 0x9F, 0xC9, 0x2D, 0xC1, 0x35, 0x74, 0xE7,
    0xD3, 0x78, 0xE7, 0x19, 0xE9, 0x39, 0xDF, 0xF9, 0x3A, 0xDE, 0xB2, 0xA5, 0xA5, 0x35, 0x34, 0xE6,
    0xAD, 0x57, 0x2A, 0xD4, 0x2A, 0xD3, 0x9B, 0xA6, 0x01, 0x20, 0xF9, 0x53, 0x2A, 0x30, 0x72, 0xD1,
    0x14, 0x9B, 0x0A, 0xB1, 0x84, 0xD2, 0x39, 0x2C, 0x4B, 0xD4, 0xAD, 0x12, 0x92, 0xD7, 0x6B, 0xB8,
    0x19, 0x36, 0x7E, 0x3B, 0xAA, 0xC3, 0x3A, 0xAA, 0xA2, 0x6A, 0x5C, 0x24, 0x3B, 0x33, 0x48, 0xBB,
    0x8C, 0x34, 0x04, 0x48, 0xBB, 0x51, 0x4E, 0x99, 0x29, 0xC3, 0xCC, 0x34, 0x09, 0x0A, 0xA7, 0xC5,
    0x1E, 0x54, 0x40, 0x73, 0xCA, 0x7B, 0xBB, 0x9F, 0x13, 0xB4, 0x18, 0xC4, 0xF8, 0x34, 0x9A, 0xAC,
    0x49, 0xA5, 0x39, 0x41, 0x6B, 0x85, 0xAD, 0xB6, 0xCA, 0xBE, 0x04, 0x4F, 0x70, 0xF0, 0x5F, 0x17,
    0xF5, 0x49, 0x32, 0x35, 0x4A, 0xB6, 0x4F, 0x87, 0x15, 0xC3, 0x72, 0xC3, 0x33, 0x9E, 0x9C, 0x4A,
    0xDA, 0x2A, 0xA8, 0x8C, 0x86, 0x99, 0xEC, 0xF1, 0x46, 0xF3, 0xB0, 0x96, 0x40, 0x84, 0xCF, 0xD2,
    0x27, 0xF1, 0x03, 0xC9, 0x1F, 0x08, 0x00, 0x10, 0x01, 0x20, 0x04, 0xCC, 0x80, 0x21, 0x30, 0x05,
    0xC6, 0x00, 0xC4, 0x01, 0x08, 0x04, 0x93, 0x60, 0x14, 0xCC, 0xA2, 0x87, 0x01, 0xC0, 0x98, 0x37,
    0x02, 0x8E, 0xBC, 0x25, 0xAE, 0x8D, 0x0C, 0x9B, 0x99, 0xD5, 0x9C, 0x45, 0xF4, 0xEC, 0xB0, 0x2B,
    0x87, 0x55, 0xE9, 0xF1, 0x5E, 0x67, 0xE8, 0xBE, 0x34, 0xC0, 0x80, 0x86, 0x17, 0x91, 0x3C, 0xBE,
    0x4D, 0x81, 0xC7, 0xD2, 0x3E, 0xC8, 0x58, 0xD7, 0x81, 0xC0, 0x5A, 0xC1, 0x48, 0xB4, 0x7A, 0x22,
    0x26, 0x3A, 0x2E, 0xC5, 0xF4, 0x9B, 0x86, 0x77, 0x19, 0x42, 0x33, 0xB3, 0x13, 0x41, 0xC6, 0x7B,
    0xB3, 0x37, 0xA7, 0x03, 0x04, 0xCA, 0x40, 0x21, 0x28, 0x05, 0xC5, 0xA0, 0x1C, 0x14, 0x84, 0x92,
    0x50, 0x14, 0xCA, 0x42, 0x61, 0x28, 0x0D, 0x8B, 0x43, 0x79, 0x28, 0x10, 0x25, 0xA2, 0x48, 0x14,
    0x86, 0x6B, 0x2D, 0x15, 0xC5, 0xA2, 0x5C, 0x2C, 0x18, 0x25, 0xB3, 0xAB, 0x3D, 0x3A, 0x23, 0xCB,
    0x80, 0x18, 0x1F, 0x3E, 0x76, 0x83, 0xAD, 0x03, 0xEA, 0xCC, 0xE8, 0x7D, 0x7A, 0x74, 0xF2, 0x21,
    0xF7, 0x97, 0x7A, 0xE9, 0x77, 0x3C, 0xE4, 0x92, 0x4E, 0x49, 0xF8, 0x79, 0xE7, 0xE1, 0x11, 0x67,
    0x13, 0x18, 0xA4, 0x90, 0x64, 0x94, 0xC2, 0x52, 0x60, 0x0A, 0x4D, 0xC1, 0x29, 0x3C, 0x05, 0xA8,
    0x10, 0x15, 0xA4, 0xC2, 0x54, 0xA0, 0x0A, 0x55, 0xC1, 0x2A, 0x5C, 0xE7, 0xC0, 0xF6, 0x46, 0x29,
    0x2F, 0x39, 0x85, 0x91, 0x36, 0x31, 0x8B, 0xAF, 0x13, 0x6B, 0x2A, 0xDE, 0x8D, 0xB2, 0x9C, 0x43,
    0x79, 0x28, 0xE7, 0xD2, 0xC3, 0x76, 0x11, 0xD4, 0xDF, 0xC4, 0x9A, 0xAB, 0x11, 0x3E, 0x29, 0xA0,
    0x91, 0xE3, 0x8A, 0xEF, 0x75, 0x0D, 0x84, 0xE5, 0x75, 0x5C, 0xBC, 0x2F, 0xC0, 0xE3, 0x84, 0xE5,
    0x1B, 0x5C, 0x3C, 0x64, 0x41, 0x26, 0x39, 0xB1, 0xB2, 0xFA, 0x6F, 0x7C, 0x20, 0xAE, 0xCC, 0x3F,
    0x58, 0xEA, 0x88, 0xEC, 0xA6, 0x9D, 0x42, 0xD7, 0xAC, 0xD8, 0x57, 0x8E, 0xC5, 0x14, 0xCA, 0xE5,
    0xBE, 0xDC, 0xF9, 0xBF, 0xD1, 0xF1, 0x51, 0xF4, 0xDC, 0x20, 0x98, 0x52, 0xDC, 0x1A, 0xDD, 0xA1,
    0x31, 0xA6, 0x77, 0xE8, 0xCF, 0x5D, 0x9B, 0x91, 0x77, 0xB7, 0xC9, 0x2B, 0x0D, 0x27, 0x56, 0x98,
    0xE8, 0xBE, 0x4F, 0x1B, 0x9E, 0xF2, 0x8F, 0x71, 0xC8, 0x8F, 0x67, 0x56, 0x92, 0x53, 0x65, 0x19,
    0xDD, 0x66, 0x17, 0x2F, 0xF4, 0x85, 0x97, 0x50, 0xB5, 0x9E, 0x49, 0x78, 0xC4, 0xE6, 0x12, 0xFE,
    0x3C, 0x83, 0x97, 0x49, 0xC7, 0x0B, 0x92, 0xC0, 0x04, 0x82, 0x62, 0xDE, 0x89, 0x66, 0x27, 0x94,
    0xFA, 0x11, 0xEC, 0xB0, 0x9F, 0x54, 0xD3, 0xB4, 0xDB, 0xA4, 0x55, 0xF9, 0xF1, 0x3D, 0x5E, 0xB5,
    0x8E, 0x09, 0x81, 0xAF, 0xE7, 0x0E, 0xC3, 0xCF, 0x68, 0xB3, 0x4A, 0xF2, 0x95, 0xB4, 0x98, 0xA7,
    0x18, 0xA6, 0xB4, 0xEB, 0x14, 0x82, 0x40, 0x30, 0x89, 0x24, 0xCB, 0xB0, 0x6F, 0x2E, 0x33, 0x7B,
    0xCC, 0x1E, 0xCF, 0xB7, 0xE0, 0x0E, 0x1D, 0xBD, 0x2B, 0x8D, 0x6C, 0x4A, 0x80, 0x4D, 0x9F, 0xDA,
    0x09, 0xBE, 0xBD, 0xBD, 0xCD, 0x52, 0xED, 0x38, 0x68, 0x9E, 0x3A, 0xC1, 0xC9, 0x31, 0x9E, 0xF5,
    0x3C, 0xE4, 0x38, 0x6E, 0xDC, 0x82, 0x0B, 0x76, 0x92, 0x8A, 0x5D, 0x9B, 0x8A, 0x35, 0x73, 0xFB,
    0xF6, 0x23, 0x93, 0x2D, 0xDC, 0x2C, 0xB9, 0xCF, 0xCD, 0x58, 0xA8, 0x4F, 0x70, 0x0F, 0x72, 0x63,
    0x8A, 0x41, 0x0E, 0xBD, 0xE4, 0x21, 0x04, 0x77, 0xF1, 0xF7, 0x56, 0x23, 0xBB, 0x00, 0xAF, 0xDA,
    0x1D, 0xE3, 0x41, 0x5D, 0x08, 0xE5, 0x86, 0x49, 0x04, 0xD8, 0x1D, 0x32, 0x77, 0x31, 0x2E, 0x07,
    0x67, 0x58, 0x84, 0x13, 0xBC, 0x9C, 0xBA, 0x83, 0xBF, 0xF8, 0xE8, 0x51, 0xFB, 0x08, 0x44, 0xCD,
    0x25, 0x88, 0x77, 0x88, 0x79, 0xC1, 0xAE, 0x76, 0x8A, 0x97, 0x9E, 0xCA, 0x0E, 0xBA, 0x1C, 0xF8,
    0xE7, 0x9A, 0x4C, 0x36, 0xB9, 0xCD, 0xE0, 0x96, 0xDD, 0xDC, 0x76, 0x94, 0x0B, 0x55, 0xC9, 0x48,
    0x58, 0x3D, 0xE2, 0xDF, 0xF1, 0xC2, 0x4E, 0xD4, 0x37, 0x21, 0x33, 0xFB, 0xA4, 0x49, 0xFF, 0x14,
    0x1A, 0xF1, 0x6B, 0x7D, 0x5A, 0x47, 0x66, 0x4D, 0xF2, 0x25, 0x2D, 0x45, 0xBE, 0x99, 0xF0, 0x9A,
    0x31, 0x83, 0x51, 0xC3, 0x73, 0x9B, 0xEE, 0x8F, 0x8F, 0xC6, 0x47, 0x91, 0xB8, 0xB0, 0x09, 0xC9,
    0xD6, 0x99, 0x2C, 0xE2, 0xE7, 0x4F, 0x68, 0x63, 0x0D, 0x1B, 0x12, 0x10, 0x36, 0xE3, 0x96, 0xE7,
    0x37, 0xDA, 0x02, 0x12, 0xA8, 0x58, 0x26, 0xD0, 0xA6, 0x64, 0x99, 0x52, 0x83, 0x67, 0x13, 0x00,
    0x3C, 0x8D, 0x7C, 0x02, 0xFC, 0x7E, 0x2C, 0xC9, 0x8A, 0xB4, 0xC4, 0xAB, 0x33, 0x88, 0x2B, 0x26,
    0x89, 0xE6, 0x70, 0xCC, 0x1B, 0xCE, 0x92, 0xB5, 0x97, 0xDC, 0x14, 0x2C, 0x5F, 0xBD, 0xFF, 0xF4,
    0xD7, 0x79, 0x5F, 0xFF, 0x97, 0xE9, 0xFF, 0x10, 0xD8, 0x62, 0xA6, 0xF8, 0xDF, 0x1D, 0xC9, 0xDE,
    0x64, 0x3E, 0xF6, 0x74, 0x82, 0xC8, 0x4C, 0x11, 0xCD, 0x3C, 0x53, 0x24, 0xAD, 0x6F, 0x8A, 0xB4,
    0xA1, 0xD1, 0x54, 0x38, 0xDC, 0xBC, 0x1A, 0x19, 0xC9, 0x2A, 0xE5, 0x65, 0xDC, 0x62, 0x87, 0xF1,
    0x59, 0xE9, 0x14, 0x21, 0x24, 0x1F, 0x19, 0x1A, 0x25, 0x3D, 0xEB, 0xE5, 0xB9, 0x54, 0x93, 0xCF,
    0x3B, 0x21, 0x33, 0x2D, 0x2F, 0x1B, 0xB5, 0x92, 0x96, 0x19, 0xE4, 0xD1, 0xA4, 0x38, 0x29, 0x92,
    0x3C, 0x4A, 0xFC, 0x06, 0x37, 0xA7, 0x53, 0x51, 0xA5, 0x2F, 0x6C, 0x7A, 0x68, 0xEE, 0xFC, 0x43,
    0x09, 0x88, 0x3D, 0x18, 0x52, 0xB7, 0xE4, 0x77, 0x78, 0x93, 0x0B, 0x9C, 0x91, 0xEF, 0x54, 0x16,
    0xC1, 0x74, 0x2E, 0xB9, 0xBA, 0xB7, 0x54, 0xF4, 0xE7, 0xB5, 0xB9, 0x5D, 0xA0, 0xB3, 0x23, 0x59,
    0x7B, 0x8C, 0x2C, 0x94, 0xA1, 0xF9, 0x8B, 0xCD, 0x25, 0x5B, 0x65, 0x12, 0x53, 0x1C, 0x7C, 0x2A,
    0xA5, 0x2F, 0x0B, 0x30, 0x2C, 0x0D, 0xC5, 0xA1, 0x3C, 0x14, 0x88, 0x25, 0xA2, 0x48, 0x94, 0x09,
    0x58, 0x28, 0x60, 0xA9, 0x80, 0xC5, 0x02, 0x96, 0x0B, 0x58, 0x30, 0x8A, 0xA4, 0x6F, 0x85, 0x8D,
    0xC2, 0x51, 0x3A, 0x8A, 0x47, 0xF9, 0x28, 0x20, 0x25, 0xA4, 0x88, 0x1C, 0x23, 0x85, 0x34, 0x9C,
    0x46, 0x52, 0x3B, 0x11, 0x17, 0x2E, 0x73, 0x06, 0xE3, 0xAC, 0xDF, 0x34, 0xA3, 0xD3, 0xFD, 0x8F,
    0xD9, 0xA7, 0xBE, 0x93, 0xC9, 0x00, 0xD9, 0x1B, 0xE5, 0x98, 0x78, 0x9D, 0x77, 0x7E, 0x29, 0x8A,
    0x38, 0x0D, 0xCB, 0xEE, 0x5E, 0x0C, 0x52, 0x48, 0x32, 0x4A, 0x60, 0x96, 0xC0, 0x30, 0x81, 0x69,
    0x02, 0xE3, 0x04, 0xE6, 0x09, 0x0C, 0x54, 0x88, 0xDA, 0xF4, 0x2D, 0x33, 0x15, 0xA8, 0x42, 0x55,
    0xB0, 0x5A, 0xAE, 0x0A, 0x56, 0x94, 0x27, 0x14, 0x2F, 0x07, 0x2F, 0x38, 0xCB, 0x67, 0x48, 0x1C,
    0x9A, 0x5F, 0x11, 0xC7, 0xF5, 0x15, 0x81, 0x29, 0x2C, 0xE7, 0x51, 0x1E, 0xCA, 0x59, 0xB5, 0xEC,
    0xEA, 0x2E, 0x38, 0x76, 0xE5, 0x03, 0x27, 0x9E, 0xD8, 0x9F, 0x0B, 0x2F, 0x93, 0xBB, 0xF9, 0x46,
    0xA5, 0x98, 0x88, 0x52, 0x50, 0x5F, 0xC4, 0x53, 0x8A, 0x58, 0x11, 0xED, 0xE9, 0x4C, 0x0B, 0x3B,
    0xCD, 0x88, 0x8B, 0xD1, 0xBD, 0x21, 0xC6, 0xF7, 0xEC, 0x53, 0xF2, 0x77, 0x13, 0xDA, 0x99, 0xF6,
    0x7E, 0x21, 0x33, 0xED, 0xCE, 0xF1, 0x9A, 0x69, 0xB9, 0x78, 0x1A, 0x5C, 0x24, 0xC3, 0xB1, 0xDE,
    0xB9, 0x98, 0x6A, 0xAF, 0x0B, 0xB2, 0x94, 0xF1, 0xC7, 0x24, 0xC9, 0xF1, 0xE7, 0x54, 0x3D, 0xD1,
    0x35, 0x19, 0x70, 0x1C, 0x0E, 0x1C, 0x89, 0x83, 0xC4, 0xE2, 0xFB, 0x3B, 0xBB, 0x5C, 0x82, 0xF1,
    0x87, 0xBE, 0xF8, 0x4A, 0x52, 0xE6, 0x29, 0xFB, 0x06, 0xB1, 0x24, 0x18, 0xCF, 0xDB, 0xF3, 0xCE,
    0xC2, 0x20, 0x03, 0x14, 0x9A, 0x62, 0x60, 0x46, 0x8F, 0xCC, 0xCC, 0xE3, 0x88, 0x1B, 0xC2, 0x7F,
    0x5D, 0x27, 0xC7, 0xB3, 0xA6, 0x6F, 0xCB, 0xE1, 0x2A, 0xCD, 0x45, 0x44, 0xD1, 0xC2, 0xCC, 0x5B,
    0xB7, 0xD6, 0x71, 0xEF, 0x67, 0xDE, 0x31, 0x21, 0xF0, 0xF5, 0x5C, 0x3E, 0x4E, 0xCD, 0xC8, 0xD6,
    0x83, 0x01, 0xF1, 0x9A, 0x61, 0x74, 0x1B, 0xCF, 0x49, 0x22, 0x14, 0xD4, 0x26, 0xC5, 0xA6, 0x15,
    0x1D, 0x32, 0x5A, 0x52, 0x0E, 0x80, 0x7F, 0xD8, 0x27, 0x9D, 0xDB, 0x61, 0xD2, 0x99, 0x6D, 0x0E,
    0xF4, 0xEB, 0x33, 0x6D, 0xFA, 0x71, 0xA8, 0x8F, 0x13, 0x94, 0x4A, 0xF4, 0x29, 0x76, 0x25, 0xE9,
    0x11, 0x5C, 0x92, 0x4E, 0xD2, 0x61, 0x8F, 0x4B, 0xDA, 0x0E, 0x8C, 0x1B, 0x1C, 0x28, 0x86, 0x20,
    0x23, 0x9A, 0xBD, 0x04, 0xD8, 0x7C, 0xBA, 0xAB, 0xDD, 0x24, 0xA9, 0xCF, 0xDB, 0xCD, 0xC2, 0xDA,
    0xCD, 0x82, 0xED, 0x66, 0x60, 0xED, 0x26, 0x9D, 0xBB, 0xAB, 0xDD, 0xEC, 0xE6, 0xED, 0x26, 0x05,
    0x4C, 0x03, 0xBB, 0xE9, 0x2F, 0xD8, 0x4D, 0xDE, 0x0A, 0x45, 0x9D, 0x1B, 0x73, 0x4D, 0x49, 0xB7,
    0x60, 0x37, 0xFD, 0xAB, 0xF3, 0x10, 0xB9, 0xEE, 0x5C, 0x4A, 0xCC, 0xEE, 0x75, 0x53, 0xBC, 0x86,
    0x72, 0x0A, 0x41, 0x49, 0x4E, 0x66, 0x50, 0x50, 0xBE, 0xCB, 0x03, 0xFA, 0xBC, 0x44, 0xAB, 0x63,
    0x68, 0xCA, 0x04, 0xAF, 0xFC, 0x27, 0xC5, 0xD9, 0xE6, 0xB2, 0x21, 0xC5, 0xA3, 0x8A, 0x91, 0xD1,
    0x8C, 0x8E, 0x51, 0x4B, 0xA3, 0x4F, 0x6A, 0x3A, 0xA6, 0x15, 0x2D, 0x60, 0xE3, 0x92, 0xB8, 0xE4,
    0x53, 0x92, 0x7A, 0x5E, 0x50, 0xE4, 0x9E, 0x17, 0x24, 0xCF, 0xBC, 0xA0, 0xA8, 0x7F, 0x4C, 0x26,
    0x17, 0x92, 0x5B, 0x33, 0x67, 0xCA, 0x61, 0xA1, 0xA3, 0x52, 0x2F, 0x6D, 0xF5, 0x6C, 0x58, 0x74,
    0x94, 0x68, 0x8D, 0x59, 0x63, 0x53, 0x34, 0x4F, 0xBB, 0x3F, 0x1D, 0x59, 0x6E, 0xE2, 0xE7, 0xB3,
    0x61, 0x94, 0x65, 0x5B, 0x95, 0x5A, 0xBC, 0xCB, 0x14, 0x38, 0x17, 0x94, 0xF5, 0xDC, 0x20, 0xDB,
    0x7F, 0x6E, 0xEE, 0x85, 0x2C, 0x99, 0x85, 0x91, 0x64, 0xA6, 0xE1, 0x54, 0x62, 0x33, 0x35, 0x37,
    0x2C, 0xAF, 0xDA, 0xF2, 0x5A, 0x39, 0x92, 0xBC, 0x3C, 0x76, 0xD2, 0x62, 0xD9, 0x2D, 0x67, 0x14,
    0x6B, 0x6C, 0x48, 0xBD, 0x99, 0xD4, 0x1E, 0x10, 0xA9, 0xB0, 0x48, 0x78, 0x6E, 0x8D, 0x65, 0x85,
    0xD9, 0xFF, 0x19, 0xE6, 0x4B, 0x57, 0x33, 0xD9, 0x68, 0x8D, 0x6D, 0xDD, 0x4F, 0x6A, 0xC7, 0xF2,
    0xA5, 0xA9, 0x98, 0x54, 0x01, 0x47, 0x7C, 0x66, 0x3D, 0xC5, 0xFE, 0xC4, 0xBB, 0x3C, 0xF4, 0x92,
    0x33, 0x62, 0x7F, 0x22, 0x47, 0xD0, 0x20, 0x91, 0x30, 0x5B, 0x42, 0x3A, 0xDE, 0x03, 0xA1, 0xA3,
    0xA9, 0xE7, 0xA3, 0x6F, 0xD7, 0xFA, 0xF7, 0x02, 0xAD, 0x23, 0xA2, 0xB9, 0x67, 0xF5, 0x48, 0x5C,
    0xB9, 0x4C, 0xBA, 0x4B, 0xC5, 0x74, 0xA6, 0xB3, 0x07, 0x1E, 0xDC, 0x4C, 0x92, 0xDA, 0x5D, 0x08,
    0x9A, 0xDE, 0xC3, 0xB0, 0x47, 0xD9, 0xFE, 0x1C, 0x54, 0xC5, 0xFB, 0xDB, 0xDB, 0x5B, 0xDE, 0xF6,
    0x76, 0x16, 0x1A, 0x53, 0x79, 0xC4, 0x8C, 0xB2, 0x9F, 0xE4, 0x8C, 0x50, 0x18, 0x40, 0x89, 0x03,
    0x1A, 0x6B, 0x9C, 0xD9, 0xD6, 0x26, 0x59, 0x57, 0x6D, 0x31, 0xF5, 0x9A, 0x4D, 0xB4, 0xAE, 0x09,
    0x27, 0xDA, 0x2C, 0xE0, 0xC4, 0xCB, 0xBB, 0x36, 0x37, 0x5A, 0xD9, 0xEC, 0xA8, 0x8D, 0xBB, 0x28,
    0xDA, 0x60, 0xC6, 0x85, 0xB8, 0xD2, 0xB4, 0x65, 0x40, 0x40, 0xA8, 0xE8, 0x8F, 0xF2, 0xB8, 0x91,
    0xCD, 0xE7, 0xAE, 0xDA, 0x76, 0x53, 0x12, 0xB3, 0x5E, 0x2D, 0xD5, 0x5B, 0xDC, 0xED, 0xC4, 0x7C,
    0x68, 0x43, 0x2D, 0xA9, 0x87, 0xF0, 0xB4, 0x4E, 0x6E, 0xF9, 0xEA, 0x37, 0xF3, 0xF6, 0xAA, 0xC7,
    0xC1, 0x77, 0xE9, 0xD7, 0x9E, 0xA9, 0xC2, 0x36, 0x34, 0x55, 0xD4, 0xC6, 0x08, 0xAE, 0x59, 0x23,
    0xE9, 0x6F, 0x99, 0xC2, 0x94, 0x9E, 0xF9, 0xAE, 0x99, 0x06, 0x06, 0x5D, 0xF1, 0x60, 0x16, 0xE5,
    0x93, 0x51, 0x7B, 0xD1, 0x40, 0x54, 0xFF, 0xC1, 0x84, 0xC9, 0x9D, 0x4F, 0x66, 0xAB, 0xE9, 0xCE,
    0xFB, 0xB3, 0x26, 0x35, 0x91, 0x29, 0xD3, 0x36, 0x32, 0x59, 0x52, 0x05, 0x35, 0x2C, 0x67, 0xF3,
    0x19, 0x19, 0xF6, 0x6E, 0x78, 0x5F, 0x87, 0x2D, 0x32, 0x27, 0x93, 0x6F, 0xCC, 0xED, 0x1C, 0xFE,
    0x8F, 0x55, 0x4B, 0x4B, 0xD9, 0xEA, 0xA1, 0xEF, 0x79, 0xF4, 0x48, 0x3E, 0x51, 0xDA, 0x2D, 0x94,
    0x80, 0xDF, 0x4E, 0xBD, 0xD5, 0xEA, 0xD6, 0x17, 0x3B, 0xFC, 0x6B, 0xC3, 0x3A, 0xF0, 0xBD, 0xC5,
    0x66, 0x3F, 0x84, 0xEA, 0xB4, 0x37, 0xCE, 0x69, 0xDF, 0x10, 0x9E, 0x81, 0x7D, 0xA5, 0x8E, 0xED,
    0x0C, 0x4A, 0x67, 0xD4, 0x89, 0xD3, 0xEE, 0xB5, 0x84, 0x05, 0xB6, 0xDF, 0xA9, 0x09, 0x0B, 0x57,
    0xBA, 0xD0, 0x68, 0x69, 0xAF, 0x88, 0xB0, 0x44, 0x16, 0x4B, 0x74, 0x1F, 0x2C, 0x17, 0x17, 0xB0,
    0x5C, 0xB2, 0xBB, 0x19, 0xF5, 0x00, 0x0B, 0xB6, 0xDE, 0x6E, 0x58, 0x28, 0x78, 0x9B, 0x88, 0x61,
    0xA4, 0xDB, 0x93, 0x31, 0x8D, 0x65, 0x33, 0x8F, 0xC5, 0x47, 0x36, 0x8D, 0xBC, 0xD9, 0xB1, 0xEC,
    0x63, 0x53, 0xA5, 0x63, 0x2C, 0x58, 0x8C, 0xF9, 0x4A, 0x13, 0x4C, 0xF2, 0x87, 0xEA, 0x43, 0xA8,
    0xEF, 0x27, 0xAF, 0x93, 0x52, 0x89, 0x22, 0x80, 0x7B, 0xAF, 0x3A, 0x95, 0x77, 0x48, 0xD6, 0x64,
    0xED, 0x58, 0xC1, 0x20, 0x8A, 0x45, 0x8A, 0xA3, 0x4F, 0x2A, 0xAF, 0x7B, 0x71, 0xE2, 0x99, 0x9A,
    0xEA, 0x7F, 0x90, 0x1A, 0x99, 0xB2, 0xC4, 0x94, 0x54, 0x29, 0xBA, 0x39, 0x66, 0x73, 0xB7, 0x85,
    0x01, 0x28, 0xAB, 0x81, 0xBC, 0xCC, 0x6E, 0x58, 0x1E, 0x48, 0x90, 0x3A, 0x39, 0x6A, 0xD7, 0x48,
    0x0A, 0x51, 0xFD, 0x7B, 0xF3, 0x30, 0xF6, 0xFC, 0xF3, 0x4F, 0x66, 0xB4, 0xC3, 0x68, 0xAE, 0x74,
    0xB4, 0x21, 0x8B, 0x2C, 0x49, 0x1C, 0x0D, 0x0B, 0x2A, 0x2D, 0xB9, 0xCA, 0xE7, 0x2C, 0xEC, 0x3E,
    0x06, 0x08, 0xBA, 0x81, 0x43, 0xBF, 0x21, 0xAB, 0x1C, 0x8F, 0x08, 0x1D, 0x7A, 0x29, 0xEB, 0x7C,
    0x5A, 0x98, 0xC2, 0x91, 0x66, 0x6A, 0x6B, 0xF8, 0xF2, 0x39, 0xD3, 0x68, 0xEB, 0xED, 0x2D, 0x52,
    0x0D, 0x67, 0xEB, 0x39, 0xA6, 0x4B, 0x07, 0x82, 0xE9, 0x2E, 0x66, 0x73, 0x43, 0xCC, 0xA6, 0x68,
    0xE7, 0xCC, 0xB2, 0xAC, 0x2D, 0xCB, 0x95, 0xA3, 0xC9, 0x52, 0x36, 0x3D, 0x3C, 0x5B, 0xAC, 0x79,
    0x57, 0x9A, 0x5B, 0xCD, 0xB0, 0x72, 0xC0, 0x82, 0x5E, 0x13, 0x88, 0x2B, 0xEA, 0xD4, 0x1D, 0x88,
    0x89, 0x79, 0x6F, 0x1C, 0xB0, 0x21, 0x71, 0x00, 0x43, 0xC4, 0x38, 0x80, 0x21, 0xE2, 0xC3, 0x8E,
    0xF6, 0x84, 0x14, 0x31, 0x6C, 0x8C, 0x24, 0xDF, 0xD0, 0xC9, 0xB6, 0x62, 0x6B, 0xB3, 0x7F, 0x84,
    0xED, 0x39, 0x8C, 0xA7, 0x4B, 0x5E, 0x01, 0x0F, 0x88, 0x3D, 0xDD, 0x58, 0x48, 0x6D, 0x59, 0x2F,
    0xE5, 0x18, 0xD8, 0xCD, 0xAF, 0xFF, 0x5F, 0xA5, 0xD8, 0xD7, 0x2B, 0xE1, 0x40, 0xCD, 0x40, 0x2D,
    0x4D, 0x71, 0xE9, 0x48, 0x09, 0x97, 0x3C, 0x6D, 0xE6, 0x9D, 0xD0, 0x5D, 0x87, 0x63, 0x43, 0x27,
    0x9B, 0xDE, 0xD4, 0x4B, 0x64, 0x27, 0x12, 0x06, 0xAF, 0xE5, 0x9E, 0xFA, 0xED, 0x8F, 0xB6, 0xBE,
    0xF5, 0xCB, 0xB7, 0x23, 0x83, 0xCE, 0x9A, 0x69, 0xB8, 0xD8, 0xC4, 0x30, 0x18, 0x02, 0x91, 0xD6,
    0x9C, 0x64, 0x42, 0x0F, 0x33, 0x92, 0xDA, 0xA4, 0x55, 0xD9, 0x0E, 0xBC, 0xC6, 0xDA, 0x25, 0x55,
    0x81, 0x9D, 0x2D, 0x92, 0x8E, 0x64, 0x9E, 0x3C, 0x2D, 0x4D, 0x2D, 0x4D, 0x09, 0xAE, 0x16, 0x44,
    0x9B, 0x50, 0x06, 0x21, 0x45, 0x21, 0xAE, 0x54, 0x49, 0x54, 0x34, 0x99, 0x0D, 0xAB, 0x9F, 0x64,
    0x23, 0xC4, 0x96, 0x5F, 0x8F, 0xA5, 0x7A, 0x70, 0x65, 0x21, 0x58, 0xA8, 0xFA, 0x38, 0x4B, 0xD4,
    0x5E, 0x32, 0x2D, 0xB6, 0xD8, 0x23, 0xCE, 0x7A, 0x89, 0xF8, 0x85, 0xF3, 0x24, 0xBD, 0x89, 0x37,
    0xA1, 0xA8, 0x94, 0x96, 0xD2, 0x71, 0x4B, 0x57, 0x9B, 0x16, 0xAF, 0x0E, 0xFE, 0xDA, 0xE1, 0xE7,
    0xE0, 0x17, 0x1D, 0xF2, 0x08, 0x7C, 0x13, 0x56, 0xE0, 0xF1, 0x11, 0xA5, 0xC7, 0x01, 0xA9, 0x89,
    0x38, 0x58, 0x78, 0x9E, 0x83, 0x87, 0x17, 0x19, 0xCB, 0x4F, 0xF9, 0x78, 0x69, 0x50, 0x02, 0x33,
    0x75, 0x9C, 0xE4, 0xCD, 0x39, 0xE9, 0x95, 0x94, 0x38, 0x4B, 0x58, 0x4B, 0x3E, 0xD9, 0x12, 0x4B,
    0x32, 0x9D, 0x90, 0x20, 0xC7, 0xFC, 0x66, 0x77, 0x2E, 0xA3, 0xE4, 0xB3, 0xE3, 0x37, 0x0F, 0x3F,
    0x99, 0x55, 0xAB, 0x77, 0xF6, 0x01, 0xD3, 0xB9, 0xA6, 0x18, 0x90, 0xEA, 0x59, 0x3E, 0x60, 0x2A,
    0x1B, 0x44, 0x05, 0xBF, 0x40, 0x2A, 0x18, 0xF8, 0x23, 0x15, 0x9C, 0x3B, 0x48, 0x05, 0x8F, 0x48,
    0x05, 0x3B, 0x15, 0xBF, 0x39, 0xBF, 0x13, 0x6B, 0x37, 0x62, 0xED, 0x3E, 0xEC, 0x33, 0xDD, 0x70,
    0xCB, 0xDC, 0xBE, 0xD9, 0xE4, 0x1D, 0x6A, 0x8C, 0xB9, 0xD4, 0x58, 0x91, 0x78, 0x92, 0x5F, 0xD1,
    0x77, 0x52, 0x67, 0x22, 0x3B, 0x61, 0xE2, 0x86, 0x4A, 0x0A, 0xBA, 0xAF, 0x35, 0x39, 0x24, 0x53,
    0xCB, 0xE5, 0xF9, 0xE0, 0x31, 0x78, 0x4F, 0x6A, 0x93, 0xA5, 0x74, 0x4D, 0xFE, 0xAB, 0x85, 0xDB,
    0x7C, 0xC1, 0xA9, 0x81, 0x6E, 0x1E, 0xE2, 0xB9, 0x28, 0xE9, 0xCC, 0xF7, 0x5C, 0x3A, 0x93, 0x8A,
    0x6A, 0x69, 0xA4, 0xB4, 0xA7, 0x33, 0x59, 0x72, 0x2F, 0x7F, 0x1E, 0x0E, 0x70, 0xFF, 0x01, 0xBD,
    0x56, 0x31, 0x8F, 0xDD, 0x44, 0x10, 0x1E, 0xDB, 0x17, 0x59, 0x3A, 0x4B, 0xEC, 0x15, 0x14, 0x20,
    0xA1, 0x33, 0x05, 0x45, 0x40, 0x01, 0x37, 0x14, 0x14, 0xB9, 0xAC, 0x49, 0x93, 0x22, 0xCD, 0x15,
    0x49, 0x43, 0x01, 0x14, 0x14, 0x08, 0x09, 0xA5, 0xA5, 0xB8, 0xC4, 0x4E, 0xAE, 0xA0, 0xA5, 0xE0,
    0x07, 0x50, 0x50, 0x51, 0xA5, 0x78, 0x45, 0x8A, 0xBB, 0x67, 0xE7, 0x52, 0x50, 0xA4, 0xC0, 0xCA,
    0x75, 0x54, 0x4E, 0x48, 0x97, 0x82, 0x8D, 0xF4, 0x0A, 0x13, 0xFC, 0xDE, 0xF2, 0x7D, 0xB3, 0x7E,
    0x77, 0x87, 0x94, 0x44, 0x54, 0xF8, 0xEC, 0xB1, 0xEF, 0xED, 0xEC, 0xCC, 0xB7, 0xB3, 0xF3, 0xCD,
    0xAC, 0x7C, 0xB6, 0x2A, 0xFC, 0xD2, 0xFA, 0xE1, 0xD6, 0x8F, 0x22, 0x67, 0xBF, 0xC3, 0x65, 0x3D,
    0x2F, 0x51, 0xB9, 0x92, 0x6F, 0x7E, 0xC1, 0xF5, 0xF3, 0xD9, 0xA1, 0x56, 0x47, 0x6A, 0xF9, 0xF7,
    0x55, 0xF8, 0x70, 0x8D, 0x76, 0xFA, 0x58, 0xC8, 0x6B, 0xAF, 0xB5, 0xFE, 0xD9, 0xCB, 0xD9, 0x97,
    0xFC, 0xD8, 0xBD, 0x74, 0xFA, 0x39, 0x79, 0xB7, 0x4A, 0x46, 0x9F, 0x8E, 0x3E, 0xFB, 0x3F, 0xEE,
    0xBF, 0x92, 0x3E, 0xBA, 0x8E, 0xEB, 0x9A, 0xD1, 0xA8, 0xE4, 0xBA, 0xD2, 0x09, 0x09, 0x7F, 0xDF,
    0xAD, 0x74, 0xC9, 0x61, 0x15, 0xEB, 0x15, 0xB6, 0xD1, 0x4A, 0xB2, 0x5E, 0x8A, 0x5A, 0xAC, 0x48,
    0x23, 0xE2, 0x7B, 0xC1, 0x20, 0xEE, 0xAA, 0x97, 0xCD, 0x52, 0xE4, 0xBC, 0x44, 0x5E, 0x12, 0xDF,
    0xE2, 0x8E, 0x7D, 0x2B, 0x56, 0xF5, 0xE6, 0x12, 0x0F, 0x52, 0xF4, 0xB2, 0x82, 0x85, 0xB7, 0x31,
    0xA7, 0x8E, 0xA9, 0xD0, 0x45, 0x88, 0x83, 0x5D, 0xEB, 0x8C, 0x92, 0xF7, 0x32, 0x2F, 0xE9, 0xE2,
    0x46, 0x19, 0xAD, 0x92, 0x25, 0xDC, 0x98, 0x16, 0x8E, 0x30, 0x66, 0x61, 0x01, 0xCE, 0x3C, 0xA6,
    0x3E, 0xC6, 0x1C, 0xFF, 0x5C, 0x5D, 0xC2, 0x75, 0xD5, 0x35, 0xAD, 0x6C, 0xD2, 0x26, 0x1C, 0x7F,
    0x05, 0xD7, 0x09, 0x9D, 0x3F, 0xF4, 0x25, 0x05, 0xBC, 0x3C, 0xC0, 0x96, 0xDA, 0xBA, 0xA1, 0x85,
    0x86, 0x30, 0x46, 0x00, 0x49, 0x16, 0x80, 0x72, 0xA3, 0x05, 0x98, 0xA5, 0xC2, 0x79, 0x0F, 0x56,
    0xEF, 0x78, 0xA1, 0x32, 0x40, 0x1D, 0xFB, 0x36, 0xF2, 0x8F, 0x88, 0xBC, 0xAD, 0x38, 0x77, 0xED,
    0x7D, 0xC4, 0x0A, 0xF2, 0xBE, 0xE8, 0x00, 0x91, 0xAB, 0x90, 0xAC, 0x64, 0xEA, 0xB4, 0x10, 0x15,
    0xB3, 0xA6, 0xE1, 0x6F, 0x73, 0x8A, 0x03, 0x8A, 0x19, 0x96, 0xD1, 0xB9, 0xAA, 0x64, 0x04, 0xEB,
    0x06, 0xA2, 0xBC, 0x94, 0xB4, 0x18, 0xCE, 0x38, 0xC1, 0x32, 0x98, 0x08, 0x17, 0x66, 0xB5, 0x6B,
    0xE1, 0x65, 0x2D, 0x08, 0x2A, 0xE2, 0x36, 0xC4, 0x4C, 0xB6, 0x98, 0xBA, 0x09, 0x75, 0x13, 0xAA,
    0xA5, 0x14, 0x19, 0x1D, 0x1A, 0x59, 0x8B, 0x6D, 0x8A, 0x77, 0xA6, 0xFD, 0x51, 0x58, 0x01, 0x57,
    0x00, 0x16, 0x90, 0x05, 0x68, 0xB2, 0x87, 0x67, 0xB3, 0x9C, 0x6D, 0x42, 0xE3, 0xC5, 0x0B, 0xAC,
    0x91, 0xF0, 0x20, 0x8F, 0x9F, 0x78, 0x75, 0xB0, 0x01, 0x99, 0xEB, 0x4E, 0x5B, 0x77, 0x6A, 0xA6,
    0x08, 0x26, 0xD5, 0xC0, 0x25, 0x39, 0xC1, 0x99, 0x04, 0x49, 0xB8, 0x1B, 0xE2, 0x30, 0xD5, 0x3E,
    0x79, 0xEE, 0x4B, 0xD1, 0xC5, 0x8A, 0x7F, 0xF6, 0x0C, 0xC3, 0xE7, 0x93, 0xFA, 0xEB, 0x35, 0x5E,
    0xC9, 0x55, 0x5A, 0x95, 0x55, 0x79, 0x8A, 0xEC, 0x3B, 0x95, 0x4D, 0x9D, 0x7A, 0x97, 0x93, 0x68,
    0x63, 0xE3, 0x97, 0x9E, 0xF7, 0xA8, 0x37, 0xE8, 0xD3, 0x19, 0x44, 0x7C, 0x97, 0x26, 0x3A, 0xEB,
    0x90, 0x8F, 0xD8, 0x78, 0x3B, 0x31, 0x35, 0xEF, 0x92, 0xC1, 0x3A, 0xB3, 0xF4, 0x8B, 0x62, 0xE5,
    0x1D, 0x9E, 0xBE, 0x18, 0x6D, 0x6D, 0xDC, 0x19, 0x52, 0x51, 0x05, 0xAE, 0xA8, 0x15, 0xFB, 0x9A,
    0x8A, 0x48, 0x4D, 0xEA, 0xA6, 0x78, 0x41, 0x3D, 0xF1, 0x25, 0x67, 0xC4, 0xCB, 0x57, 0x70, 0x3A,
    0x3A, 0xE1, 0x7C, 0xDA, 0x6B, 0x84, 0xA1, 0x98, 0x87, 0xF8, 0x56, 0x53, 0x58, 0xA2, 0x11, 0x74,
    0x50, 0xE6, 0x00, 0x4D, 0x9D, 0xA8, 0xF7, 0xCC, 0xC1, 0xAA, 0xAA, 0x19, 0xA7, 0x59, 0xA4, 0x50,
    0xAA, 0x72, 0x9C, 0x68, 0xE4, 0x83, 0x1A, 0xBE, 0x56, 0x41, 0x4D, 0x8A, 0xA3, 0xD1, 0x96, 0xE1,
    0x6B, 0x7F, 0x71, 0x98, 0x83, 0x30, 0x83, 0x98, 0xDF, 0x1E, 0x2D, 0x56, 0x73, 0x59, 0x1E, 0x22,
    0xDC, 0xD9, 0xF1, 0x60, 0x93, 0xA1, 0xE2, 0xF8, 0x55, 0x67, 0x8D, 0xE3, 0xD7, 0xDC, 0xF4, 0x55,
    0xDE, 0x23, 0x90, 0xD1, 0x50, 0xB4, 0x8D, 0x6D, 0x3D, 0x51, 0xE2, 0xA5, 0x5F, 0x79, 0x6D, 0xEB,
    0x95, 0xBD, 0x0D, 0xBC, 0xB7, 0xC4, 0x5E, 0x1E, 0x51, 0x5A, 0x98, 0x58, 0xB4, 0x01, 0x0A, 0xC0,
    0xBD, 0xCD, 0x68, 0x46, 0x48, 0xB2, 0x2F, 0x5A, 0x1B, 0x18, 0x9D, 0xAD, 0x74, 0x81, 0x9F, 0x9C,
    0xAE, 0xBF, 0x4C, 0x3B, 0xD3, 0xE6, 0x6D, 0x51, 0x5A, 0xD9, 0x41, 0x02, 0xCD, 0xE4, 0xAE, 0xFE,
    0xBA, 0x95, 0x76, 0x83, 0x79, 0xB0, 0xC8, 0x1F, 0xB8, 0xE2, 0x4A, 0x6F, 0xB3, 0x76, 0xC7, 0xD4,
    0x7B, 0x46, 0x66, 0xDB, 0x72, 0xF7, 0x42, 0x98, 0xB6, 0x75, 0x0E, 0x1A, 0x16, 0x2A, 0x73, 0xE8,
    0x8C, 0x50, 0x1A, 0x6C, 0x76, 0xDF, 0xED, 0x98, 0x3B, 0x6E, 0xCF, 0x24, 0xDD, 0x6C, 0x3B, 0x69,
    0xEF, 0x5E, 0x48, 0x27, 0x1F, 0x73, 0xA4, 0x54, 0x25, 0xB6, 0x34, 0x75, 0xD6, 0x26, 0xF8, 0x8B,
    0x18, 0x91, 0x48, 0xE6, 0x79, 0xEB, 0x8B, 0xB6, 0x32, 0x9D, 0xBD, 0xDA, 0x9B, 0x7D, 0x87, 0xE9,
    0x49, 0x8B, 0x7B, 0x16, 0xB5, 0x1F, 0x6B, 0xD8, 0xA5, 0x9C, 0x17, 0xDF, 0x3B, 0x6F, 0x1F, 0xBA,
    0xCA, 0x1C, 0x2F, 0xEC, 0xD5, 0xC7, 0x03, 0xB4, 0xC6, 0xEC, 0xC8, 0xED, 0x41, 0x6F, 0x07, 0x8A,
    0xDB, 0xD0, 0x7C, 0x63, 0xF2, 0x01, 0x9A, 0x8B, 0x0B, 0x0C, 0x44, 0xE4, 0x62, 0xEC, 0x03, 0x0A,
    0x52, 0x84, 0x5C, 0x45, 0x98, 0x35, 0xDF, 0x33, 0xFC, 0x14, 0x91, 0xDB, 0xDC, 0x05, 0xAA, 0xC5,
    0xDC, 0x6F, 0xAE, 0x76, 0x2B, 0xA4, 0x1F, 0x33, 0x75, 0x67, 0xCA, 0x64, 0x94, 0x40, 0x49, 0xB8,
    0x97, 0xEC, 0x19, 0xE0, 0x32, 0x52, 0x4B, 0xCC, 0xA0, 0x9C, 0xA3, 0xE9, 0x0C, 0x05, 0xFE, 0xA3,
    0x50, 0x07, 0x24, 0xEC, 0xE9, 0x06, 0xAA, 0x3B, 0x3D, 0x33, 0x73, 0x51, 0x12, 0x5A, 0xCE, 0x00,
    0xF7, 0x12, 0x7F, 0x19, 0x32, 0x45, 0xDD, 0xAA, 0x11, 0x7B, 0x72, 0x2A, 0x1B, 0x29, 0xCD, 0x98,
    0x62, 0x1B, 0xCC, 0x82, 0xA0, 0x72, 0x67, 0x16, 0xAC, 0x27, 0x4C, 0x6B, 0xDB, 0x9A, 0x8E, 0x08,
    0x99, 0x81, 0x56, 0xA9, 0x79, 0x53, 0x73, 0xF0, 0x40, 0x91, 0xCD, 0xE4, 0xA2, 0xC2, 0xDD, 0x3A,
    0x4D, 0x59, 0x56, 0x91, 0x62, 0x61, 0x60, 0xC6, 0x0E, 0x39, 0xE5, 0xA2, 0xA0, 0xEC, 0x69, 0x72,
    0xB3, 0x8C, 0xC9, 0xA3, 0xE2, 0x29, 0xE2, 0xC0, 0xBA, 0xC9, 0xFA, 0xC7, 0xA2, 0xBA, 0x44, 0x6E,
    0x0C, 0x78, 0x1C, 0x9E, 0x3F, 0x9C, 0x34, 0x7F, 0xE2, 0x61, 0x9D, 0x67, 0x69, 0xA4, 0xDE, 0x42,
    0xD2, 0x15, 0x33, 0x3C, 0x84, 0x89, 0x85, 0x29, 0xEE, 0x4E, 0x16, 0x2A, 0xA6, 0xA6, 0x7D, 0x50,
    0x1A, 0xE3, 0x0D, 0xDE, 0x55, 0xAB, 0x45, 0x5F, 0x7B, 0xCA, 0x35, 0x36, 0xC3, 0x25, 0xCB, 0xCE,
    0xF0, 0x2A, 0xA2, 0x4D, 0xBC, 0x98, 0x48, 0x11, 0x88, 0x13, 0xC8, 0xF5, 0xDA, 0xA1, 0x30, 0x39,
    0x0B, 0x8D, 0x35, 0x94, 0x2C, 0x39, 0x54, 0x19, 0x4F, 0x43, 0xBD, 0x9C, 0x96, 0x21, 0x30, 0x42,
    0x5D, 0x0E, 0x67, 0x88, 0x3D, 0xB1, 0xFA, 0x3F, 0xB8, 0x5C, 0xB3, 0x23, 0xF4, 0x41, 0xB1, 0x4B,
    0xE1, 0x72, 0x1A, 0xFF, 0x29, 0x8E, 0x16, 0xD2, 0x5C, 0xB9, 0xBF, 0xCA, 0x45, 0xDE, 0x94, 0x6E,
    0x37, 0xA1, 0xAF, 0x3E, 0x54, 0x6E, 0xA7, 0xAF, 0x44, 0xE9, 0xC6, 0xCC, 0x43, 0x06, 0x64, 0xBE,
    0xCD, 0xB5, 0x62, 0xDE, 0xC6, 0xBC, 0xD8, 0xAF, 0x32, 0x58, 0x49, 0x7D, 0x6F, 0xD0, 0xE1, 0x50,
    0xF1, 0x98, 0x96, 0xD8, 0x6B, 0xE6, 0x0B, 0xA6, 0xD0, 0x33, 0x82, 0x5D, 0x84, 0x46, 0xA0, 0x75,
    0xBF, 0x04, 0x01, 0x4E, 0x2E, 0x2C, 0x3C, 0x67, 0xEF, 0x74, 0x1A, 0x6E, 0xA4, 0x33, 0x8F, 0x18,
    0x7C, 0xF1, 0xBF, 0x4E, 0xB3, 0x14, 0x55, 0xFF, 0xFD, 0x09, 0x75, 0x54, 0x12, 0xB4, 0x01, 0x0A,
    0x5F, 0x62, 0x4A, 0x73, 0xA5, 0x85, 0x2A, 0x10, 0x57, 0x5C, 0x6D, 0xCF, 0x4D, 0x13, 0xE7, 0x15,
    0x2E, 0x65, 0xF1, 0x18, 0x28, 0x33, 0x7F, 0xE4, 0xB9, 0xC6, 0xFD, 0x25, 0xA1, 0x22, 0xF5, 0x81,
    0x14, 0x41, 0x07, 0xD0, 0xD4, 0x11, 0x27, 0xAC, 0x02, 0x26, 0x6E, 0xA0, 0x44, 0x06, 0x4C, 0x20,
    0x4B, 0xD9, 0x38, 0x83, 0xF0, 0x90, 0x00, 0x99, 0xDD, 0xD6, 0xA5, 0x2A, 0x33, 0xCA, 0x8E, 0x3D,
    0x04, 0xE0, 0x7E, 0x0A, 0x34, 0x69, 0xB8, 0x77, 0x55, 0xA2, 0x27, 0x0E, 0xBF, 0xCF, 0x03, 0x49,
    0xEC, 0xF7, 0x87, 0x6F, 0xD9, 0x70, 0xCA, 0x12, 0x36, 0x39, 0x33, 0xD3, 0x42, 0x45, 0x0F, 0xE4,
    0x47, 0x41, 0xBA, 0xF0, 0xD8, 0x01, 0xBE, 0x48, 0xB5, 0x22, 0x61, 0x12, 0xCE, 0x2B, 0xBA, 0xDC,
    0x2B, 0x65, 0x2C, 0xF0, 0x83, 0x33, 0xDA, 0x72, 0x6D, 0x68, 0x3B, 0x37, 0x43, 0x9F, 0x3E, 0x50,
    0xC2, 0x80, 0x37, 0x1F, 0x8A, 0x12, 0x67, 0xE3, 0x34, 0xA2, 0x48, 0x0A, 0x76, 0xBB, 0x62, 0x21,
    0x3A, 0x7B, 0x20, 0xC3, 0xC1, 0x9E, 0x44, 0xFF, 0xEB, 0x63, 0xAF, 0xAD, 0x14, 0x67, 0x0E, 0x64,
    0xD1, 0xF5, 0x5D, 0x6D, 0x61, 0x38, 0x43, 0x61, 0x6C, 0x9D, 0xDC, 0xD9, 0x7D, 0x36, 0x42, 0x04,
    0xA2, 0xE1, 0x56, 0x24, 0x9D, 0xE5, 0xE1, 0x31, 0xEE, 0x73, 0x22, 0x8B, 0x9C, 0xF1, 0xEC, 0x37,
    0x8B, 0xCC, 0xD3, 0xCE, 0xBD, 0x54, 0x5F, 0x7B, 0x89, 0xCE, 0xD8, 0x89, 0xF5, 0x20, 0x7A, 0x29,
    0x62, 0x6F, 0x96, 0x5C, 0xF4, 0x65, 0xCA, 0xF0, 0xC2, 0x61, 0x82, 0xD5, 0x07, 0x46, 0x25, 0xD8,
    0xD6, 0xE3, 0x41, 0xA3, 0xE7, 0x05, 0x17, 0x4E, 0x69, 0xD3, 0x31, 0xD6, 0x3F, 0xD5, 0x65, 0xDC,
    0x93, 0x93, 0xCE, 0x8F, 0xEB, 0x62, 0x78, 0xED, 0x4C, 0xAD, 0x31, 0x04, 0xDB, 0x44, 0x3A, 0xD1,
    0x5C, 0xD6, 0xD3, 0x5F, 0x7A, 0xA4, 0xD0, 0x92, 0xD6, 0x7F, 0xCE, 0xB5, 0xB9, 0x90, 0x6C, 0x38,
    0x9D, 0x85, 0xF6, 0x7D, 0x53, 0xF7, 0x72, 0xA2, 0x6F, 0xF3, 0x83, 0x08, 0x0A, 0x1E, 0xCE, 0x27,
    0xE6, 0xD7, 0x4E, 0xD2, 0xBF, 0x59, 0xCF, 0x7E, 0x2F, 0x89, 0x18, 0x27, 0xE1, 0x92, 0x35, 0xE3,
    0x83, 0x06, 0xAB, 0x9E, 0xC3, 0xEE, 0x88, 0x89, 0xC3, 0x5B, 0x22, 0x5F, 0x86, 0xDE, 0xC0, 0xB6,
    0x82, 0x86, 0xD0, 0xB2, 0x3F, 0x14, 0x35, 0x3B, 0x84, 0x2D, 0xB5, 0x47, 0x88, 0x76, 0x09, 0x61,
    0x9F, 0x38, 0x10, 0x76, 0x8A, 0x41, 0xD8, 0x2B, 0x9C, 0xB0, 0x5B, 0xAC, 0x8F, 0xCD, 0xFF, 0x00,
    0xD5, 0x55, 0x3D, 0x8F, 0xDE, 0x44, 0x10, 0x1E, 0xDB, 0xE1, 0x8C, 0xB2, 0x12, 0x4B, 0x89, 0x68,
    0xDC, 0x50, 0x44, 0x91, 0xC2, 0xD2, 0x73, 0xB9, 0xB5, 0xC8, 0x1F, 0x78, 0x91, 0x80, 0x3A, 0x75,
    0x24, 0x38, 0x0A, 0x0A, 0x1A, 0xCE, 0x86, 0x96, 0x82, 0xEB, 0x28, 0xB9, 0x82, 0x02, 0x1D, 0x45,
    0x28, 0x53, 0x5C, 0x6E, 0xAD, 0x50, 0x52, 0xE0, 0x1C, 0x42, 0x14, 0x14, 0xAC, 0xF8, 0x03, 0xB1,
    0x88, 0x01, 0x03, 0x6B, 0x2F, 0xCF, 0xCC, 0xFA, 0xBD, 0x3B, 0x22, 0x84, 0xA0, 0xC4, 0xE7, 0x1D,
    0xBD, 0xB7, 0x9E, 0xD9, 0x79, 0x9E, 0xF9, 0x5A, 0xA2, 0x0D, 0x15, 0x81, 0xB4, 0xBC, 0x6A, 0x20,
    0x7E, 0x8E, 0x68, 0xDF, 0x67, 0xB1, 0x23, 0xD7, 0x52, 0xAC, 0x29, 0x52, 0xB6, 0x50, 0x31, 0xB3,
    0x96, 0x0A, 0x64, 0x23, 0x6D, 0x1F, 0x2D, 0xD2, 0xFC, 0x4B, 0x79, 0xFD, 0xD8, 0x1D, 0x1F, 0xD7,
    0x4D, 0xC4, 0xD3, 0x8A, 0xFC, 0x0F, 0xB6, 0x5B, 0x79, 0x85, 0x7F, 0x5D, 0x9C, 0xD0, 0x89, 0xAC,
    0x2D, 0xCB, 0x41, 0xA4, 0xA7, 0x7F, 0x7C, 0x9E, 0xD0, 0x7C, 0x0E, 0x2B, 0x10, 0x95, 0x60, 0x6D,
    0x3A, 0x22, 0x47, 0x94, 0xE3, 0x5F, 0x0E, 0x42, 0xD5, 0x43, 0xB9, 0x25, 0x70, 0xA7, 0x6C, 0x26,
    0xA6, 0x4E, 0xE5, 0x08, 0xC6, 0xF8, 0xA4, 0x7D, 0xD2, 0xB6, 0xBC, 0x6A, 0xA2, 0x86, 0xC4, 0x92,
    0x55, 0x69, 0xC1, 0x9A, 0xD7, 0x15, 0x9E, 0x58, 0xBC, 0x77, 0x8A, 0x75, 0xC0, 0x38, 0xD6, 0x55,
    0xC1, 0x5E, 0xD5, 0xE7, 0xF0, 0xE0, 0x90, 0x32, 0x49, 0xC1, 0x44, 0xAB, 0x15, 0xDD, 0xA7, 0xD5,
    0x4E, 0x1C, 0x89, 0xD5, 0xDF, 0x8A, 0xE6, 0x5C, 0x30, 0x18, 0x41, 0x23, 0x70, 0x44, 0x30, 0x2D,
    0x21, 0x41, 0x05, 0x9F, 0x2C, 0x69, 0x66, 0x2E, 0x64, 0x7A, 0x4A, 0x4C, 0x92, 0xD5, 0xB2, 0x55,
    0x13, 0x8D, 0x4A, 0x3E, 0xD6, 0x2B, 0xF6, 0x42, 0xB6, 0x58, 0xF5, 0xE6, 0xA5, 0x88, 0x1E, 0x6E,
    0xC8, 0xFD, 0x10, 0x28, 0xC6, 0x85, 0xDC, 0x97, 0x0B, 0x45, 0xD4, 0x49, 0x2C, 0x42, 0xBE, 0x94,
    0xA1, 0x08, 0x7A, 0xC4, 0x1A, 0x54, 0x30, 0x83, 0x5D, 0xA2, 0x90, 0x31, 0x63, 0x36, 0x87, 0x72,
    0x38, 0xD5, 0xDE, 0x99, 0x2E, 0xDA, 0x6E, 0x69, 0xDE, 0x5F, 0x5C, 0x1E, 0x5C, 0x11, 0x5C, 0x39,
    0x34, 0xDA, 0x5B, 0xDB, 0xEA, 0xB0, 0x3D, 0xFA, 0x73, 0x9F, 0xA3, 0x06, 0x1B, 0xBC, 0x2D, 0xD3,
    0x91, 0x32, 0xCC, 0xA5, 0x0C, 0x41, 0x42, 0x8D, 0x64, 0x26, 0xBA, 0xF3, 0x59, 0x52, 0x2D, 0x22,
    0xD7, 0x45, 0x47, 0xEF, 0x42, 0xBB, 0x93, 0xC4, 0xB4, 0x42, 0x26, 0x07, 0x5B, 0x0D, 0x16, 0x7B,
    0x59, 0x47, 0xA3, 0xAA, 0x4B, 0xA0, 0xAC, 0x80, 0xE4, 0xFA, 0xF1, 0xA7, 0x62, 0x56, 0x8D, 0xF4,
    0x47, 0xC8, 0xDB, 0xC0, 0x7A, 0xAA, 0xA7, 0xD8, 0x17, 0x77, 0x07, 0xD2, 0x23, 0xB3, 0xD7, 0xFE,
    0x05, 0xD3, 0x9E, 0xCE, 0xF4, 0x22, 0xE7, 0x84, 0x10, 0x83, 0xA2, 0x4B, 0xE9, 0x72, 0xC9, 0x5B,
    0x85, 0x90, 0xDC, 0x83, 0xE1, 0x19, 0xFA, 0xE6, 0xE3, 0xDF, 0xB8, 0xB0, 0xEA, 0x3B, 0x77, 0x7F,
    0x46, 0xE0, 0x7C, 0xF2, 0x58, 0x5D, 0x64, 0x95, 0x76, 0xA0, 0x6F, 0x81, 0xA6, 0x01, 0x1A, 0x04,
    0x31, 0x47, 0x4F, 0xE5, 0x5C, 0x7F, 0x20, 0x40, 0x65, 0x48, 0x39, 0xE1, 0xE8, 0xC2, 0xEE, 0x06,
    0x32, 0x68, 0xA5, 0x88, 0x77, 0x88, 0xF9, 0x4A, 0x0E, 0xEE, 0xA7, 0xCF, 0xEA, 0xE1, 0x11, 0x99,
    0x4F, 0x26, 0xB2, 0x2F, 0x07, 0x3A, 0x05, 0xE2, 0x90, 0x8F, 0x14, 0xF0, 0xE1, 0x44, 0x75, 0x64,
    0xF7, 0x93, 0xEB, 0x14, 0x8C, 0xD8, 0x2A, 0xB4, 0x97, 0x06, 0xD3, 0x9B, 0x70, 0xF8, 0x12, 0x43,
    0xE7, 0x2A, 0xBB, 0x81, 0x8F, 0xEF, 0xE0, 0x58, 0xE8, 0x15, 0xA0, 0xF5, 0x0C, 0xFE, 0xDD, 0xC5,
    0x7A, 0x9B, 0x8D, 0xB2, 0x8D, 0x60, 0xCC, 0x82, 0xA9, 0x8B, 0xC9, 0xB4, 0xC5, 0x64, 0xEB, 0x7C,
    0x81, 0xE3, 0xC8, 0xC1, 0x1C, 0x28, 0x7F, 0x34, 0x91, 0xB9, 0x15, 0xA8, 0x41, 0xF4, 0x1D, 0xF0,
    0x5A, 0x38, 0xD3, 0x0B, 0xCE, 0xCC, 0x0E, 0xC1, 0x03, 0xB1, 0x98, 0x2C, 0x15, 0xDE, 0xD4, 0xAA,
    0xB3, 0xB5, 0xEE, 0x2C, 0xE9, 0xDF, 0x0F, 0x30, 0x4F, 0x02, 0x95, 0x3F, 0x4E, 0x09, 0x98, 0x49,
    0x09, 0xA9, 0xC0, 0x63, 0xA9, 0xFF, 0xDA, 0x94, 0xFF, 0xF7, 0x31, 0x82, 0xF9, 0xE9, 0xA9, 0x6A,
    0xE9, 0x3D, 0x6E, 0x5B, 0xE4, 0x03, 0xE9, 0xD0, 0x2D, 0x7B, 0x42, 0x5F, 0x62, 0xEF, 0x44, 0x1A,
    0x39, 0x48, 0x4F, 0xA7, 0x37, 0xC8, 0xE6, 0x6E, 0x4A, 0xC8, 0x9A, 0xB3, 0x9E, 0xF2, 0x41, 0x7A,
    0x1F, 0xEF, 0xB8, 0x2A, 0x66, 0x78, 0x47, 0xDE, 0xC7, 0xA1, 0x70, 0x71, 0x7E, 0xEE, 0xD6, 0x91,
    0xEE, 0x68, 0x8F, 0xE8, 0x59, 0xCE, 0x1E, 0x2A, 0x23, 0xE4, 0x3F, 0x2D, 0xEA, 0x6C, 0xB9, 0x8A,
    0x0C, 0xED, 0x07, 0xF5, 0x68, 0xB2, 0x1F, 0x0D, 0xAE, 0x1A, 0x5C, 0x9C, 0xED, 0x57, 0x23, 0xBB,
    0x78, 0xBE, 0xCD, 0xE3, 0xA4, 0x7D, 0xB0, 0xDF, 0xCE, 0x4D, 0x0C, 0x32, 0xD7, 0x31, 0xDD, 0xBF,
    0x88, 0xB1, 0x77, 0xB1, 0x35, 0xA9, 0xEB, 0x32, 0xF4, 0x45, 0x13, 0xEB, 0x62, 0xB6, 0x9D, 0x9E,
    0xAC, 0xAF, 0x06, 0xEB, 0xE5, 0xAF, 0xB7, 0x9D, 0xED, 0x1D, 0x56, 0xA4, 0xEA, 0x57, 0x64, 0x35,
    0xF6, 0x09, 0xF6, 0xE6, 0xD5, 0xD7, 0x28, 0x3E, 0x5E, 0xC8, 0x3E, 0x18, 0xC8, 0x7E, 0xDF, 0xA1,
    0xB9, 0x88, 0xAF, 0x11, 0xB2, 0x58, 0xBF, 0xA0, 0x55, 0x3B, 0xE8, 0x7F, 0x10, 0x5B, 0xF7, 0x35,
    0x0C, 0x76, 0x50, 0x29, 0x0D, 0x3A, 0x06, 0x19, 0x53, 0xDF, 0x45, 0xD4, 0x77, 0x94, 0x31, 0xF5,
    0xD4, 0x1B, 0x11, 0xF1, 0x9C, 0xC9, 0x72, 0x55, 0x61, 0xB6, 0xEA, 0x78, 0xB9, 0x3C, 0x0E, 0xD2,
    0x79, 0x8A, 0xD7, 0x3A, 0x7F, 0xB9, 0x84, 0x8C, 0xBF, 0x0D, 0x7F, 0x33, 0x27, 0x82, 0xDC, 0x37,
    0x18, 0x3B, 0xB7, 0x64, 0xEC, 0x64, 0xB1, 0x0C, 0xF9, 0xAC, 0xA6, 0x34, 0x76, 0x80, 0x7E, 0x71,
    0x30, 0x7C, 0x8B, 0xD2, 0x21, 0x49, 0xA8, 0x69, 0x3B, 0xFB, 0xD2, 0x00, 0xF4, 0xAF, 0x6F, 0x00,
    0x1F, 0xF8, 0xEC, 0x03, 0x7C, 0x71, 0x1F, 0xA2, 0xDE, 0x23, 0x8F, 0x68, 0x40, 0x42, 0x03, 0x02,
    0x63, 0x31, 0x63, 0xFE, 0x14, 0xC1, 0xF6, 0x40, 0x61, 0x46, 0x34, 0x49, 0xC3, 0xD3, 0xF0, 0xCD,
    0xED, 0x8D, 0x39, 0xF1, 0x39, 0x78, 0x8D, 0xE7, 0x39, 0x6A, 0xD3, 0xB4, 0x92, 0x4B, 0x33, 0xAE,
    0xD3, 0x6A, 0xBD, 0x34, 0xB3, 0xFE, 0x68, 0xA7, 0xE6, 0x61, 0xD9, 0x78, 0x92, 0xFA, 0xE1, 0x81,
    0x09, 0x32, 0xC0, 0x5D, 0x61, 0xA7, 0x9C, 0x4C, 0x9F, 0x2D, 0x6A, 0xB4, 0x1D, 0xA3, 0x17, 0xE9,
    0x5D, 0xAD, 0x26, 0xE3, 0x51, 0x99, 0xC1, 0x3D, 0xE6, 0x46, 0x3C, 0xBC, 0x4D, 0x0E, 0xAC, 0xA3,
    0xB0, 0x8E, 0x14, 0x5F, 0x59, 0x12, 0xEB, 0x62, 0xCB, 0x7A, 0xBC, 0x60, 0xFD, 0x34, 0xA7, 0xF3,
    0xC4, 0xF5, 0x5C, 0xE8, 0x00, 0x88, 0x7D, 0x4C, 0x36, 0x81, 0x8A, 0x5F, 0x95, 0x37, 0x48, 0x58,
    0x0F, 0x4E, 0xB6, 0xC3, 0x25, 0xDF, 0x9C, 0x81, 0x92, 0xE3, 0x5A, 0x8E, 0x57, 0xD6, 0xBB, 0x23,
    0x3F, 0xBF, 0x0A, 0x44, 0x5C, 0xBA, 0xF5, 0x91, 0x47, 0x87, 0xD1, 0xB3, 0x5B, 0x4C, 0xD7, 0x30,
    0x08, 0x79, 0x44, 0x3B, 0x7F, 0x4D, 0xFB, 0x5D, 0xED, 0xF7, 0xF6, 0x3B, 0x2B, 0x57, 0x0E, 0x5D,
    0xE5, 0xCC, 0x95, 0xF3, 0xC6, 0xC4, 0xA0, 0xE6, 0x4D, 0x8A, 0x51, 0x95, 0x62, 0x04, 0x97, 0x0F,
    0xF9, 0xB8, 0x4A, 0xAE, 0xB8, 0x3F, 0x01, 0x9D, 0x57, 0x31, 0x8F, 0xDD, 0xC6, 0x11, 0x1E, 0x92,
    0xC2, 0xD1, 0x10, 0x0B, 0xBA, 0xD0, 0x01, 0x8E, 0x04, 0x98, 0x29, 0x52, 0x24, 0x42, 0x22, 0xB6,
    0x0E, 0x70, 0x3E, 0xD2, 0xB8, 0x1F, 0x10, 0x15, 0xBE, 0x14, 0x51, 0xA1, 0x26, 0x01, 0x02, 0xB8,
    0xB8, 0xC6, 0x85, 0x8B, 0x73, 0x48, 0x28, 0x65, 0x8A, 0x5C, 0x23, 0xD7, 0x57, 0xC8, 0x80, 0x4C,
    0xC1, 0x7E, 0x2E, 0x5C, 0x18, 0xC1, 0x59, 0xA4, 0xAC, 0x22, 0x85, 0x8B, 0x3C, 0xC0, 0x48, 0x1B,
    0x3C, 0x20, 0xA9, 0xAE, 0x31, 0x63, 0x53, 0x0E, 0x73, 0xDA, 0xC7, 0xC9, 0x37, 0x33, 0xCB, 0xBB,
    0x77, 0x42, 0x8C, 0xC0, 0x79, 0xC0, 0xED, 0xEC, 0xBD, 0xB7, 0xBB, 0x33, 0x3B, 0xF3, 0xCD, 0x37,
    0xB3, 0x44, 0x44, 0xEF, 0xA4, 0x24, 0x9F, 0xB1, 0x90, 0x31, 0xEC, 0x77, 0x45, 0x1C, 0xB0, 0xC3,
    0x98, 0xF1, 0x57, 0xBC, 0xA2, 0x80, 0xBF, 0x7A, 0xCA, 0x1D, 0x25, 0x9C, 0x45, 0x5C, 0x52, 0xE1,
    0x8A, 0x84, 0x89, 0xB8, 0x7F, 0x37, 0x7D, 0x4C, 0x21, 0xAF, 0x5C, 0xB6, 0x43, 0x31, 0x3F, 0x19,
    0x8A, 0x1D, 0x4A, 0x79, 0xAF, 0x3F, 0xBC, 0x46, 0x39, 0x47, 0x4B, 0xEC, 0x2E, 0xA6, 0xE4, 0xC9,
    0x00, 0xE1, 0xD2, 0xDF, 0xF7, 0x44, 0xAD, 0xCB, 0xE3, 0x25, 0xC4, 0xB8, 0x9B, 0x76, 0xD8, 0x3D,
    0x9C, 0xA4, 0xA5, 0x88, 0x31, 0x87, 0x1A, 0xFE, 0x5A, 0x95, 0xB6, 0xDF, 0xAC, 0x4E, 0x20, 0xAA,
    0xE7, 0xDD, 0x18, 0x76, 0x54, 0xF0, 0xE7, 0x7D, 0x5C, 0xE3, 0xB0, 0xBD, 0x55, 0x46, 0x38, 0x3A,
    0xE9, 0x2A, 0xA2, 0x68, 0x4A, 0xEF, 0x4D, 0xB2, 0x63, 0x71, 0x57, 0xEC, 0x63, 0x9E, 0x46, 0x7C,
    0xF9, 0xCF, 0xC7, 0xE5, 0xCB, 0x10, 0xA2, 0x94, 0x48, 0x95, 0x42, 0xBC, 0xB1, 0xD2, 0x5B, 0x51,
    0xD3, 0x34, 0x8F, 0x7A, 0xDC, 0x01, 0x1F, 0x98, 0x91, 0x73, 0x99, 0xE2, 0x87, 0x6C, 0xA2, 0x08,
    0x66, 0xE4, 0x6B, 0x15, 0x85, 0xA3, 0xD0, 0x44, 0x00, 0xA3, 0x5A, 0xDD, 0x4F, 0xB2, 0xDA, 0xC4,
    0x31, 0x61, 0xFB, 0x4A, 0x56, 0xE0, 0xBA, 0x19, 0x44, 0x84, 0xB3, 0x6A, 0xC2, 0xAD, 0xFF, 0x7A,
    0x20, 0x9A, 0x98, 0xC4, 0x81, 0x29, 0xD3, 0x55, 0x11, 0x93, 0x6E, 0xC3, 0xC9, 0xFA, 0x1D, 0xB3,
    0xA8, 0x31, 0x81, 0xCB, 0x6F, 0x9C, 0x1C, 0x98, 0xB8, 0xC1, 0x53, 0xA9, 0x37, 0xD1, 0x15, 0x1B,
    0x9F, 0xB0, 0x51, 0x51, 0xE9, 0xB2, 0x88, 0xF7, 0x64, 0x6F, 0xEA, 0x02, 0xB9, 0x63, 0x31, 0xAA,
    0x68, 0xFB, 0x50, 0x4C, 0xE5, 0x55, 0xB4, 0x94, 0x15, 0xBA, 0xDF, 0x8B, 0x84, 0x11, 0x37, 0x19,
    0xE5, 0xDF, 0xA4, 0x65, 0x6F, 0xD3, 0x36, 0xC6, 0xAB, 0xAD, 0x1A, 0x5F, 0xF0, 0xF4, 0xBE, 0x1A,
    0x63, 0x6E, 0xC2, 0xBA, 0x97, 0xE5, 0x7E, 0x44, 0x38, 0x39, 0x1A, 0x48, 0x14, 0xB4, 0x88, 0xB6,
    0xB3, 0xA3, 0x1C, 0xE5, 0xCF, 0xD9, 0x05, 0x3D, 0x55, 0x5D, 0xCB, 0x8B, 0x15, 0x55, 0x80, 0x06,
    0x4E, 0x79, 0x05, 0x3B, 0xD4, 0xE9, 0xF4, 0x83, 0x52, 0xC5, 0x8F, 0x75, 0x3C, 0xC4, 0xDF, 0x4B,
    0x74, 0x78, 0x85, 0x82, 0x93, 0x6A, 0x6C, 0xEB, 0x6C, 0xE2, 0xE7, 0xBC, 0xCC, 0x34, 0x02, 0xC9,
    0x94, 0xB9, 0xA2, 0x4F, 0x5C, 0x3A, 0x66, 0x7D, 0x8C, 0x31, 0xFD, 0x1E, 0x63, 0xA2, 0x63, 0xBA,
    0x4E, 0x5D, 0x3E, 0x16, 0x5C, 0xB0, 0x5C, 0x2B, 0x57, 0x85, 0xB7, 0x74, 0x7C, 0x5D, 0xC7, 0x57,
    0x64, 0x88, 0xCF, 0x1E, 0x12, 0xFD, 0x66, 0xFF, 0x18, 0x31, 0x12, 0xAC, 0x8A, 0x0F, 0x53, 0xD8,
    0x9B, 0x48, 0x54, 0x62, 0xDC, 0x35, 0x1A, 0x75, 0xB2, 0x04, 0xDC, 0xD5, 0x5B, 0x3D, 0x85, 0xE2,
    0x87, 0xB4, 0xED, 0x49, 0x9C, 0x49, 0xAF, 0x02, 0x0B, 0x82, 0x0C, 0xFA, 0x69, 0x8E, 0x09, 0xDC,
    0x45, 0x3B, 0x08, 0x6C, 0x22, 0x97, 0x7C, 0x3B, 0xD5, 0x78, 0x07, 0xCD, 0xD9, 0x82, 0x4F, 0x17,
    0x1F, 0xA8, 0x93, 0xF1, 0x99, 0x68, 0xEB, 0xD1, 0xE9, 0x23, 0x3E, 0x7B, 0xFC, 0x80, 0x64, 0x27,
    0xF7, 0x3B, 0x12, 0x8D, 0x1A, 0x68, 0x7A, 0x4D, 0x34, 0x48, 0xDE, 0x7C, 0x2C, 0x1A, 0x04, 0x66,
    0xA2, 0x33, 0x93, 0xEC, 0x12, 0x9D, 0xBB, 0x62, 0x5A, 0x67, 0xE6, 0x27, 0x3A, 0x39, 0x99, 0xC3,
    0x28, 0xA1, 0xB0, 0x38, 0xD6, 0x80, 0xCB, 0xE0, 0xC1, 0xE0, 0x3D, 0x4E, 0xB4, 0xED, 0xF1, 0xFD,
    0xD1, 0x11, 0x19, 0x82, 0x26, 0xC3, 0x5C, 0xA7, 0x9B, 0x13, 0x2E, 0x8B, 0xDE, 0x70, 0x99, 0x8F,
    0x26, 0x33, 0x67, 0xC8, 0x14, 0x99, 0xAB, 0xD5, 0x4B, 0xE0, 0x80, 0x0D, 0xCD, 0xD5, 0x68, 0xEB,
    0xA0, 0xA2, 0x18, 0x4C, 0xC2, 0x1B, 0x82, 0x7C, 0x01, 0x07, 0x02, 0xDD, 0xC5, 0xAC, 0x00, 0x7B,
    0xD2, 0x9A, 0xF3, 0xFE, 0x28, 0xBB, 0xA0, 0xE6, 0x8D, 0xD2, 0xD4, 0x9A, 0x51, 0xB3, 0xB4, 0x04,
    0xD0, 0xA4, 0xBA, 0x24, 0x5B, 0x93, 0xF0, 0x5A, 0x69, 0xF0, 0xF6, 0x79, 0x76, 0xFE, 0x69, 0x7E,
    0xB9, 0x38, 0xB6, 0x99, 0x18, 0x36, 0x1F, 0xFA, 0x84, 0x97, 0x7E, 0x5F, 0xD9, 0xF6, 0xB3, 0xA2,
    0x62, 0x38, 0x9F, 0x59, 0x66, 0x65, 0xEB, 0x79, 0x06, 0x75, 0x17, 0x33, 0xEC, 0xB8, 0x4D, 0x7A,
    0x43, 0x5E, 0x55, 0xA2, 0x17, 0x99, 0xC3, 0x4F, 0xA7, 0x56, 0x18, 0xA8, 0x4F, 0x27, 0x60, 0xAA,
    0x54, 0x6D, 0xAB, 0x6C, 0x95, 0xCA, 0x4D, 0xA1, 0xB6, 0xE8, 0xB7, 0xE4, 0xAE, 0x4F, 0xB9, 0xD6,
    0x63, 0x22, 0xFE, 0x9C, 0xBB, 0x9C, 0xED, 0xBE, 0xBC, 0xD2, 0x80, 0x41, 0x2D, 0xF7, 0xB1, 0x41,
    0x0B, 0xA9, 0xAD, 0x01, 0x02, 0xAF, 0x54, 0x4E, 0xED, 0x12, 0x03, 0x26, 0xCA, 0x6D, 0x86, 0x9D,
    0xB9, 0x72, 0xA0, 0x44, 0xA7, 0x58, 0x0A, 0x2A, 0xCB, 0x98, 0xCF, 0x84, 0x4D, 0x25, 0xBB, 0x98,
    0x47, 0x7F, 0xF9, 0xAD, 0xA6, 0x34, 0xCA, 0xDA, 0x6A, 0x9A, 0x87, 0x57, 0x9B, 0x46, 0x79, 0x0B,
    0xAB, 0x5D, 0x2A, 0xC1, 0x4D, 0xE1, 0x04, 0xD8, 0x1F, 0x8A, 0x2F, 0x04, 0x2A, 0x50, 0x10, 0x98,
    0x4D, 0x35, 0x15, 0x6B, 0x0A, 0x9D, 0x3A, 0xA3, 0x14, 0x13, 0x22, 0x1F, 0x7A, 0x41, 0x8B, 0x10,
    0xAE, 0xCC, 0x23, 0xCC, 0x73, 0xEF, 0xB0, 0x14, 0x41, 0x7C, 0x57, 0x5D, 0x36, 0xD1, 0x2D, 0x5C,
    0x71, 0xF0, 0xEE, 0x3B, 0xAC, 0x86, 0x68, 0xA5, 0x2C, 0x31, 0x35, 0x67, 0x7C, 0xB6, 0x38, 0x3D,
    0x22, 0x0F, 0x11, 0x45, 0x0B, 0xDD, 0x6C, 0xA7, 0x45, 0x03, 0x94, 0xAB, 0x9D, 0xC5, 0x78, 0x0B,
    0x1E, 0xB5, 0x70, 0x14, 0xE3, 0xA7, 0x01, 0x7F, 0x69, 0x41, 0xAA, 0x9E, 0xC1, 0xBF, 0x5F, 0x18,
    0x23, 0xB4, 0xFF, 0xEA, 0x22, 0xFE, 0x9B, 0x8F, 0xBD, 0xD8, 0xE0, 0xAF, 0xCA, 0xA0, 0xDE, 0x39,
    0xF4, 0xF8, 0x2E, 0x9E, 0xE9, 0x0F, 0xDF, 0xC5, 0x3E, 0xEA, 0x82, 0xBB, 0x64, 0x3D, 0xCF, 0x4B,
    0x4A, 0x06, 0x3F, 0xC7, 0x77, 0x89, 0x67, 0x77, 0xFA, 0x35, 0x02, 0x56, 0x6E, 0xC0, 0xE7, 0xB7,
    0x3A, 0x1E, 0x38, 0xA3, 0x58, 0xE7, 0x6D, 0x33, 0x9C, 0xA8, 0xBA, 0xED, 0x83, 0x67, 0xA5, 0xDA,
    0xA2, 0xF0, 0x6D, 0x3D, 0xC4, 0x2A, 0x53, 0xAF, 0xDF, 0xA9, 0x32, 0x20, 0xF8, 0x1E, 0xEB, 0x19,
    0xDF, 0x48, 0x5A, 0x25, 0x53, 0x2B, 0x96, 0x64, 0x7D, 0xEE, 0x74, 0x75, 0xAA, 0xA9, 0x52, 0x67,
    0x83, 0x60, 0x43, 0x83, 0x1B, 0x03, 0x7B, 0x2B, 0xA1, 0x68, 0x12, 0x3F, 0x65, 0x63, 0xA8, 0xCC,
    0x3F, 0xC4, 0x7C, 0x0F, 0x06, 0xF4, 0x3F, 0xE3, 0x5F, 0x40, 0x3C, 0xFB, 0x96, 0x3F, 0x13, 0x7F,
    0x7E, 0x29, 0x5E, 0x28, 0x78, 0x4F, 0x57, 0xBA, 0x48, 0xF4, 0x84, 0x47, 0xF4, 0x60, 0xE3, 0x1A,
    0x37, 0x11, 0x7F, 0x4B, 0x0F, 0x67, 0x56, 0x8A, 0xBE, 0xED, 0xFD, 0xFD, 0xDB, 0xF6, 0xF3, 0x42,
    0x8B, 0x06, 0x82, 0xB7, 0x10, 0x7E, 0x08, 0x78, 0xA9, 0x84, 0xA1, 0x75, 0xB9, 0xB4, 0x5C, 0xAB,
    0x7C, 0xA1, 0xD9, 0x15, 0x03, 0xA1, 0x66, 0xC7, 0xB3, 0xCB, 0x8E, 0x41, 0x84, 0x7E, 0x24, 0x14,
    0xE0, 0x53, 0x73, 0xFA, 0x55, 0xF3, 0xA1, 0x64, 0xB4, 0x51, 0x48, 0xC2, 0x53, 0xD3, 0x1C, 0x4B,
    0x65, 0xB2, 0x92, 0x59, 0xF8, 0xD0, 0x6F, 0x9F, 0x87, 0xEB, 0x05, 0x29, 0x09, 0xA9, 0x65, 0x14,
    0x32, 0xA9, 0x49, 0x41, 0x9F, 0x69, 0xB5, 0x32, 0x33, 0xE0, 0x99, 0x70, 0xAD, 0xAE, 0xAC, 0x95,
    0x81, 0xA0, 0x78, 0xD2, 0x50, 0x06, 0x8D, 0xD4, 0xED, 0x19, 0xEF, 0xC7, 0x5A, 0xCF, 0x53, 0xAD,
    0x5C, 0x19, 0x14, 0x2A, 0x3B, 0x0A, 0x84, 0x8D, 0xD6, 0x26, 0x29, 0x4B, 0x46, 0x2C, 0x0A, 0x68,
    0xCD, 0xB0, 0x39, 0xC3, 0x2D, 0xC0, 0xD5, 0x18, 0xF9, 0x6A, 0xD6, 0x67, 0x3E, 0x90, 0xFD, 0xEF,
    0x0C, 0x08, 0xFA, 0x19, 0x34, 0xB7, 0x59, 0x35, 0x44, 0xFC, 0x17, 0x83, 0x56, 0xCC, 0x7F, 0x60,
    0x4F, 0x2D, 0x7B, 0xEC, 0xA9, 0x2C, 0x34, 0x34, 0x42, 0xA7, 0x95, 0x47, 0xE8, 0x34, 0xD6, 0x11,
    0x9D, 0xCE, 0x4F, 0x72, 0xB5, 0x0B, 0x79, 0x94, 0x2A, 0x6A, 0x58, 0x26, 0x4A, 0xD6, 0x6B, 0xB9,
    0xA0, 0x06, 0xAD, 0xD3, 0x02, 0x7C, 0xED, 0x32, 0xC1, 0x51, 0xA0, 0x67, 0xBE, 0x16, 0x4D, 0xF7,
    0xF7, 0xF7, 0xDF, 0x1A, 0xD4, 0xED, 0xA0, 0xA1, 0x01, 0xD4, 0x90, 0x77, 0x79, 0x29, 0xC9, 0xD9,
    0x49, 0x2F, 0x05, 0x5F, 0xF6, 0x92, 0x92, 0x09, 0x95, 0x04, 0xD4, 0x05, 0x17, 0x24, 0x5A, 0x8D,
    0x07, 0x74, 0x81, 0x5D, 0xBD, 0x0E, 0x54, 0x0E, 0xDA, 0x4D, 0xF0, 0xF2, 0x3A, 0xD6, 0xFD, 0x9D,
    0xBF, 0xC0, 0x6F, 0xD7, 0x22, 0xD6, 0x6F, 0x13, 0x36, 0xC6, 0xD6, 0xE5, 0x85, 0x89, 0x9F, 0x67,
    0xEB, 0x4D, 0x5E, 0x3E, 0x3F, 0x79, 0x4E, 0x48, 0x6B, 0x4D, 0xE8, 0xBF, 0xB4, 0x26, 0xDF, 0x5D,
    0x70, 0xEA, 0x17, 0x0B, 0x4E, 0xBE, 0x2E, 0xB5, 0x07, 0x12, 0x1C, 0x65, 0x33, 0x85, 0x88, 0xEB,
    0xD6, 0xA5, 0x67, 0x95, 0xFE, 0xA2, 0x00, 0x61, 0x5E, 0x5D, 0x2A, 0x38, 0xCB, 0x68, 0xB3, 0xE0,
    0x44, 0xFF, 0xAB, 0xE0, 0x4C, 0xFF, 0x67, 0xC1, 0xD1, 0x76, 0xC5, 0xAA, 0xAD, 0x77, 0xE7, 0x15,
    0xD1, 0xDE, 0x48, 0xE6, 0xC1, 0xEF, 0x45, 0xAF, 0x3C, 0x02, 0xF2, 0x48, 0x8C, 0x4B, 0x73, 0x87,
    0xA6, 0xA8, 0x03, 0x20, 0x20, 0x6A, 0x58, 0x0B, 0x21, 0xF5, 0x5A, 0x22, 0x14, 0x73, 0x6D, 0x1C,
    0x4C, 0x1B, 0x02, 0x8E, 0xD6, 0xBA, 0xEB, 0x68, 0x7A, 0x33, 0xB8, 0x0D, 0xB3, 0xE4, 0xDA, 0xA0,
    0x24, 0x87, 0xFE, 0x4A, 0x44, 0xA6, 0xA5, 0x0A, 0x3D, 0x8D, 0x2C, 0x41, 0x73, 0x24, 0x79, 0xE3,
    0x40, 0x25, 0x29, 0xF6, 0x55, 0x4B, 0xA1, 0x17, 0xA7, 0x4D, 0x78, 0xBD, 0x16, 0xCB, 0xAB, 0x41,
    0x9D, 0x85, 0xEB, 0xFC, 0x43, 0xAC, 0xBD, 0xEE, 0x2E, 0x19, 0xEF, 0x85, 0x45, 0xF1, 0x06, 0x1F,
    0x29, 0xF4, 0xA5, 0x8D, 0x18, 0xA5, 0xB5, 0x4B, 0x96, 0x42, 0x0F, 0x28, 0x76, 0x38, 0xE1, 0x55,
    0x39, 0x91, 0xAE, 0xE0, 0xF8, 0xDA, 0x57, 0x0D, 0xE5, 0xE7, 0x60, 0xFF, 0x0E, 0xF3, 0xB1, 0xF6,
    0x34, 0xFD, 0xD5, 0x05, 0xF3, 0x59, 0x29, 0x9D, 0x82, 0x96, 0xC7, 0xF5, 0xBE, 0x38, 0x0F, 0xFF,
    0xB4, 0x20, 0x88, 0x0F, 0x34, 0x45, 0x85, 0x3B, 0x3C, 0xC1, 0x06, 0x4B, 0xF1, 0x14, 0x68, 0x00,
    0x96, 0x27, 0x3A, 0xE6, 0xCA, 0x08, 0x9F, 0x49, 0x1A, 0xDD, 0x51, 0x9A, 0x54, 0x4D, 0xD7, 0x1F,
    0x5C, 0x76, 0x7E, 0xBA, 0x29, 0x0E, 0xD4, 0x8C, 0x0C, 0x9D, 0x9D, 0x5C, 0x78, 0xF5, 0x27, 0x7D,
    0x75, 0x50, 0xAF, 0xAF, 0x8E, 0xA0, 0x2F, 0x04, 0x23, 0xD1, 0x72, 0x57, 0xDA, 0xF0, 0xA8, 0x93,
    0x57, 0x47, 0x97, 0xD4, 0x92, 0x29, 0x65, 0x4A, 0xF2, 0xEA, 0xC0, 0x9D, 0xD4, 0xA0, 0x1D, 0x8B,
    0xFE, 0xA1, 0x05, 0xFF, 0x13, 0x4B, 0x52, 0x09, 0x3A, 0x0F, 0xDA, 0xE5, 0xF1, 0xA0, 0xAD, 0x1D,
    0xCB, 0xF3, 0x42, 0xD8, 0x4B, 0xAA, 0x3F, 0xA0, 0x97, 0xCA, 0x23, 0x00, 0x4C, 0x4D, 0xF2, 0xEA,
    0x18, 0x76, 0x84, 0xC2, 0x52, 0xF7, 0x29, 0xE9, 0xAB, 0xA3, 0x0F, 0x27, 0xA3, 0x15, 0x67, 0xF4,
    0xA5, 0x80, 0x3C, 0x55, 0xF6, 0x4A, 0xEA, 0xCD, 0x7B, 0x5C, 0x31, 0x71, 0x1D, 0x94, 0xD6, 0x1C,
    0x91, 0x27, 0x1B, 0x15, 0xE7, 0x39, 0x24, 0x96, 0x04, 0x5D, 0x20, 0xE9, 0x77, 0x50, 0x47, 0xFA,
    0x1B, 0xC5, 0xFF, 0xBE, 0xCB, 0xEF, 0x4D, 0x40, 0x17, 0x30, 0x73, 0x02, 0xCF, 0x81, 0x70, 0x0E,
    0xE9, 0x1D, 0xB9, 0xC5, 0xDB, 0xE8, 0xCB, 0x21, 0x7E, 0x78, 0x91, 0x9C, 0x6D, 0x7F, 0xE9, 0x15,
    0xA1, 0x64, 0x12, 0x5A, 0x7B, 0xF4, 0xE2, 0x23, 0x60, 0x33, 0x51, 0xBC, 0x30, 0xD2, 0x0F, 0x35,
    0x13, 0x25, 0x27, 0x87, 0x8B, 0x50, 0x88, 0xD1, 0x0F, 0x25, 0x1D, 0xC7, 0xED, 0xBB, 0x8C, 0x4A,
    0x13, 0xF9, 0xBE, 0x6F, 0xD6, 0x82, 0x41, 0x7E, 0x75, 0x85, 0xA7, 0x52, 0x7D, 0x09, 0xA1, 0xF5,
    0x97, 0x62, 0x5B, 0xC8, 0x8A, 0xD4, 0x36, 0xC8, 0x5A, 0x7D, 0x44, 0x15, 0xF6, 0x86, 0xF4, 0x1D,
    0x8A, 0xF5, 0xB2, 0xA4, 0x1A, 0xAB, 0xB5, 0x9A, 0xB2, 0x94, 0x3D, 0x4E, 0xF6, 0xC8, 0xD5, 0xF2,
    0x95, 0x96, 0x02, 0xA3, 0x16, 0xB2, 0x76, 0x67, 0x86, 0xA6, 0x59, 0x8F, 0x66, 0xA5, 0x94, 0x4C,
    0x6F, 0x3B, 0x7D, 0xC0, 0xA0, 0x5F, 0xD2, 0xD7, 0x53, 0xC1, 0xC3, 0x8D, 0x9A, 0x7E, 0x62, 0xBB,
    0x98, 0x8F, 0xBC, 0x39, 0xC0, 0x73, 0x07, 0x37, 0xCA, 0x35, 0xD6, 0x92, 0x9A, 0x81, 0xD3, 0x63,
    0x6C, 0x1C, 0xE4, 0x30, 0xC0, 0x01, 0x9E, 0x8E, 0x3B, 0xE5, 0x24, 0x58, 0xE5, 0xB6, 0x46, 0x55,
    0xBE, 0x94, 0xFC, 0x5A, 0xCB, 0x01, 0x53, 0x79, 0x89, 0xB9, 0x25, 0xA8, 0xEA, 0x60, 0x1F, 0xCE,
    0x73, 0xB2, 0xF1, 0x9C, 0x52, 0xCD, 0xA5, 0x51, 0xA3, 0x12, 0xB4, 0x16, 0x96, 0xD9, 0xCD, 0xAC,
    0x87, 0x62, 0xF7, 0x73, 0x7F, 0xBF, 0x3F, 0x73, 0xAE, 0x7E, 0x48, 0xA6, 0x54, 0x3A, 0x70, 0x87,
    0xB7, 0x8D, 0x10, 0xE1, 0x90, 0xBA, 0x54, 0x3A, 0x7E, 0x34, 0x1B, 0xC0, 0x26, 0x62, 0x5B, 0x0C,
    0xA9, 0x46, 0xB5, 0xE8, 0x33, 0xE1, 0xF1, 0xBA, 0xEA, 0x6F, 0x69, 0x78, 0x79, 0xF5, 0xBA, 0x1C,
    0x73, 0x83, 0x47, 0x2D, 0xEB, 0x05, 0xAF, 0x4F, 0x7C, 0xE7, 0x3D, 0x7A, 0xDB, 0x7A, 0x93, 0xA1,
    0x7F, 0x37, 0xC4, 0xBD, 0xBD, 0xD8, 0xD0, 0xB7, 0x20, 0xAD, 0x6B, 0xC0, 0x80, 0x6E, 0xDE, 0x6F,
    0xCA, 0x50, 0xBD, 0xDE, 0x34, 0xDA, 0x79, 0xF3, 0xEC, 0xFD, 0xCE, 0xFA, 0x4C, 0x65, 0x75, 0xA4,
    0x61, 0x36, 0x5A, 0xE7, 0xE8, 0x34, 0x0E, 0x22, 0xA4, 0x14, 0x3B, 0x55, 0xA0, 0x62, 0xD4, 0x87,
    0x05, 0x22, 0x2F, 0xFD, 0x96, 0x67, 0x73, 0x08, 0x9C, 0x82, 0x06, 0x25, 0x46, 0x18, 0xDF, 0xE2,
    0x53, 0x28, 0x0F, 0x3D, 0xDF, 0xDF, 0xE1, 0xFB, 0xE5, 0x26, 0x3C, 0xF7, 0xDF, 0xB4, 0x17, 0x2B,
    0xDB, 0xBB, 0x79, 0xBC, 0x70, 0xAF, 0x51, 0x78, 0x6C, 0x04, 0x52, 0x5C, 0x22, 0xF0, 0xFF, 0x00,
    0xCD, 0x57, 0xBD, 0x6F, 0x1C, 0x45, 0x14, 0x9F, 0xBD, 0x31, 0xD9, 0xC0, 0x5A, 0x1A, 0x17, 0x50,
    0xA0, 0x7C, 0xAC, 0x0B, 0x2A, 0x14, 0x79, 0x1B, 0x0A, 0x17, 0x77, 0xBB, 0x6B, 0xF1, 0x0F, 0xA4,
    0x20, 0xA2, 0xA0, 0x71, 0x4D, 0x03, 0x05, 0x85, 0x91, 0x82, 0x6E, 0x49, 0xCA, 0x34, 0x34, 0xE9,
    0xA9, 0x69, 0x48, 0x91, 0x22, 0x85, 0x93, 0x5D, 0xCB, 0x85, 0x0B, 0x17, 0x59, 0xA5, 0x49, 0xC9,
    0x82, 0x8B, 0x54, 0xC8, 0x8B, 0x6E, 0x45, 0x16, 0xD8, 0xBB, 0x61, 0xDE, 0xBC, 0xF7, 0xE6, 0xEE,
    0xD6, 0x76, 0xC0, 0xD2, 0x21, 0xB1, 0xD1, 0x64, 0x46, 0x9E, 0x99, 0x37, 0xEF, 0xFD, 0xDE, 0xD7,
    0xEF, 0x84, 0x70, 0xDF, 0x2D, 0x5E, 0x3C, 0xA6, 0x59, 0xD6, 0xB4, 0x08, 0x0B, 0x5A, 0xE4, 0x29,
    0xCE, 0xC1, 0x8C, 0xFE, 0x30, 0xD6, 0xF8, 0xCD, 0x78, 0x31, 0x75, 0x5B, 0x42, 0xD3, 0x61, 0x11,
    0xF1, 0x75, 0xBF, 0xA2, 0x85, 0xC7, 0x92, 0xC5, 0x90, 0x17, 0xEB, 0xFC, 0x28, 0x88, 0x37, 0x17,
    0x54, 0x69, 0x2E, 0x9A, 0x63, 0x49, 0x6B, 0x24, 0x4D, 0xC5, 0x40, 0x6B, 0xE1, 0xFF, 0x75, 0x5A,
    0x84, 0x0F, 0x8E, 0xEA, 0x51, 0x50, 0x74, 0xDF, 0x07, 0xC5, 0x0D, 0x7B, 0x6E, 0xE5, 0x23, 0x33,
    0xEA, 0xB1, 0x52, 0x9B, 0x67, 0xD4, 0x0C, 0x79, 0xA1, 0x8A, 0x3E, 0x4A, 0x03, 0x67, 0x79, 0x5E,
    0xE6, 0x0C, 0x87, 0xE6, 0x05, 0x83, 0x52, 0xF5, 0x0E, 0xFB, 0x4D, 0x5F, 0xE0, 0x16, 0x8B, 0xD9,
    0xE6, 0xC5, 0x06, 0x3C, 0x53, 0xFC, 0x27, 0x63, 0x53, 0x16, 0xDE, 0x48, 0x16, 0x5B, 0xEA, 0xFE,
    0x41, 0xEB, 0x4F, 0x9E, 0xD7, 0x06, 0xE7, 0x42, 0x18, 0xAC, 0x45, 0x62, 0x34, 0x0E, 0x3B, 0xA3,
    0x56, 0x8D, 0x7E, 0x93, 0xAC, 0xDE, 0x55, 0xC6, 0x65, 0x48, 0xC3, 0x6B, 0x08, 0x17, 0xEB, 0x5E,
    0xEB, 0x37, 0x38, 0x2B, 0x5B, 0xE1, 0xD9, 0x10, 0x30, 0xFF, 0x53, 0x50, 0xE4, 0x95, 0x0B, 0x93,
    0x7E, 0xBC, 0x18, 0x5C, 0xF0, 0xF0, 0x8C, 0xC2, 0x4D, 0x36, 0x04, 0xAD, 0xC5, 0x05, 0x9E, 0x88,
    0xF8, 0x51, 0x8B, 0xCB, 0x1A, 0xE1, 0x02, 0xBE, 0xF2, 0x17, 0xE3, 0xC5, 0x1C, 0xD5, 0x1D, 0xC5,
    0x8B, 0xCE, 0xC2, 0x97, 0xC7, 0x65, 0xEC, 0x1F, 0x34, 0x8D, 0x5F, 0xDC, 0xB2, 0xE7, 0x2E, 0x31,
    0xCC, 0x9D, 0x21, 0xDC, 0x05, 0x19, 0x20, 0x0B, 0x64, 0x82, 0x6C, 0xFB, 0x06, 0xBC, 0x05, 0x6F,
    0x02, 0x2E, 0x46, 0x87, 0xAF, 0x29, 0x1F, 0x66, 0x0F, 0xC1, 0x8A, 0x44, 0xEB, 0xD2, 0x4E, 0x7F,
    0xD8, 0xF8, 0x6F, 0x31, 0x74, 0xD0, 0x52, 0x75, 0x9A, 0xD9, 0xE9, 0x81, 0x8D, 0x04, 0x75, 0xCF,
    0x6E, 0xAA, 0xF4, 0x99, 0xCD, 0x2B, 0x11, 0x65, 0x76, 0x0A, 0x2A, 0x6B, 0xDA, 0x00, 0x6F, 0x8A,
    0x67, 0x94, 0x48, 0x19, 0x4A, 0xC0, 0x18, 0x92, 0xB4, 0x49, 0x91, 0x94, 0x2C, 0x6F, 0x52, 0x58,
    0x51, 0xDC, 0x25, 0x98, 0x8B, 0xA0, 0xF0, 0xD9, 0xCD, 0x11, 0x4E, 0x6B, 0x8B, 0x13, 0xC6, 0xE7,
    0xE7, 0x60, 0xAD, 0x90, 0xDA, 0x4E, 0xE2, 0x1A, 0x4E, 0x36, 0x25, 0xC1, 0x65, 0x56, 0x8A, 0xFC,
    0xDD, 0xC6, 0xBF, 0x7A, 0x61, 0xA7, 0x64, 0xA7, 0x46, 0xC1, 0x35, 0x3E, 0x53, 0xE3, 0xA3, 0x8F,
    0x50, 0x85, 0x5D, 0xF7, 0x26, 0x69, 0x40, 0xFA, 0x90, 0x76, 0xDD, 0x62, 0x3E, 0x51, 0x3A, 0x24,
    0xE2, 0xDF, 0x6D, 0x71, 0xAA, 0x7E, 0xB0, 0x64, 0xD2, 0x1B, 0xCD, 0x5E, 0xC5, 0xE6, 0xEE, 0xDC,
    0x4C, 0x32, 0xDA, 0x6C, 0x22, 0x20, 0x07, 0x76, 0x92, 0xBF, 0xD5, 0x0B, 0x60, 0x11, 0x74, 0xDE,
    0x17, 0xA0, 0xB4, 0x97, 0x5B, 0x3C, 0x7D, 0x2E, 0x0E, 0x9F, 0x91, 0x23, 0xDF, 0x17, 0x4B, 0xDF,
    0x4D, 0x2E, 0xB5, 0x54, 0x3A, 0xC9, 0x5E, 0xBF, 0x5E, 0xAE, 0xCD, 0x2B, 0xD8, 0x7E, 0x47, 0x0C,
    0x3A, 0x8C, 0xC2, 0x00, 0x4D, 0xA0, 0xCA, 0xAD, 0xD2, 0x1C, 0xED, 0xBD, 0x87, 0xB7, 0xD5, 0x31,
    0xF9, 0xE1, 0x14, 0x6F, 0x2B, 0x4D, 0xC2, 0x08, 0x9E, 0x48, 0xCF, 0x2C, 0x40, 0x94, 0x05, 0x22,
    0xF9, 0x13, 0xF1, 0x8A, 0x97, 0xEC, 0x52, 0xAE, 0x3D, 0xF0, 0x5F, 0xDC, 0x7E, 0xC7, 0x6D, 0xA2,
    0xE9, 0xD7, 0x58, 0xBF, 0xA4, 0x4E, 0xA5, 0x32, 0xEA, 0x54, 0x11, 0xEF, 0xC7, 0x6C, 0x4F, 0x47,
    0x9D, 0xCA, 0xDE, 0x86, 0xF2, 0x62, 0x6F, 0x9F, 0xDF, 0xA9, 0xD0, 0x93, 0xA6, 0xF2, 0xC4, 0xDC,
    0xA9, 0x3A, 0xEA, 0x54, 0xF4, 0xB6, 0x57, 0xF3, 0xDB, 0xC3, 0x80, 0xB0, 0x5A, 0xC7, 0xB7, 0x17,
    0x35, 0x1F, 0xFD, 0xB3, 0xE6, 0x22, 0x9D, 0x9B, 0xEE, 0x6A, 0xA9, 0xAB, 0xF9, 0x61, 0xDA, 0xC7,
    0x60, 0x9F, 0x17, 0xAD, 0x93, 0xB4, 0xC9, 0x18, 0x0C, 0xF9, 0x76, 0xC8, 0x7A, 0x90, 0xA0, 0x98,
    0xDF, 0xDB, 0xA7, 0x04, 0xF6, 0xDA, 0x0B, 0xBB, 0x11, 0x5C, 0xB1, 0xDD, 0x28, 0xE2, 0x6C, 0x8F,
    0xB9, 0x1B, 0xED, 0xB3, 0x66, 0x2D, 0x75, 0x23, 0x90, 0xBA, 0xCD, 0xF8, 0x6F, 0x2C, 0x69, 0x7E,
    0xD6, 0x7B, 0x4E, 0xF3, 0xE6, 0x1C, 0xD3, 0x1D, 0xD7, 0xB8, 0xC1, 0x5C, 0xE3, 0x2E, 0x59, 0x37,
    0xA8, 0x29, 0x22, 0xA9, 0x82, 0xE5, 0xE9, 0xB8, 0x40, 0xAE, 0xE1, 0xEB, 0x65, 0xAE, 0xE1, 0xCC,
    0x51, 0xB3, 0x00, 0xB7, 0x06, 0x5A, 0x68, 0x74, 0x4A, 0x52, 0x44, 0x98, 0xB2, 0x41, 0x45, 0x50,
    0x18, 0xAE, 0x41, 0x10, 0xDE, 0xE5, 0x36, 0xBE, 0x2E, 0xDE, 0x76, 0x8A, 0x81, 0x2F, 0xA0, 0x71,
    0x29, 0xA8, 0xE9, 0x50, 0xDB, 0x0D, 0x14, 0x5A, 0xA7, 0xD0, 0x07, 0x83, 0x93, 0x97, 0x75, 0xF8,
    0x71, 0xD9, 0x6D, 0xCB, 0xEA, 0xA6, 0xED, 0x83, 0x61, 0x8B, 0x7D, 0x31, 0xD7, 0xA6, 0xA9, 0xE9,
    0x42, 0xBE, 0xFE, 0xA9, 0x52, 0x87, 0x2F, 0xDA, 0x91, 0x2C, 0xE3, 0x4D, 0x59, 0x5E, 0x11, 0x12,
    0xFA, 0xC1, 0x65, 0x46, 0xE1, 0xB8, 0xC6, 0x6D, 0x2E, 0x60, 0x7B, 0xAC, 0x64, 0xCC, 0x5C, 0x43,
    0x15, 0x54, 0x85, 0x82, 0x9A, 0x4A, 0xBE, 0x9C, 0x0D, 0x28, 0xE5, 0x74, 0x99, 0x57, 0xE7, 0x73,
    0x0D, 0x4F, 0x97, 0xC8, 0x35, 0xE4, 0x94, 0xB8, 0x46, 0x50, 0x11, 0xD7, 0x08, 0x53, 0xF2, 0xDE,
    0x88, 0xB9, 0xC6, 0xA3, 0x39, 0xD7, 0x70, 0xB8, 0x54, 0x97, 0x1E, 0xBB, 0xB2, 0xBA, 0x12, 0xCB,
    0x6A, 0xA4, 0x0E, 0x7F, 0x69, 0xFC, 0xD7, 0xA7, 0x15, 0x60, 0x04, 0x58, 0x59, 0xCC, 0x54, 0x0B,
    0x06, 0x88, 0x3D, 0x83, 0x65, 0x74, 0xBF, 0xEA, 0x82, 0xC9, 0xAB, 0x5A, 0x22, 0xD7, 0x48, 0x2D,
    0xE6, 0x80, 0xBD, 0xA2, 0x9E, 0x3F, 0x28, 0xFB, 0x41, 0xF3, 0xFF, 0xE0, 0xA6, 0xF6, 0xAB, 0xCF,
    0xAF, 0x49, 0x6F, 0xC8, 0x09, 0xC3, 0x98, 0xF6, 0x99, 0x31, 0xB5, 0xC4, 0x98, 0x64, 0x4D, 0x8C,
    0xC9, 0x2F, 0x89, 0x31, 0xA9, 0x82, 0x18, 0x53, 0xC4, 0x8C, 0x29, 0xBE, 0x90, 0x31, 0xC1, 0xDB,
    0x96, 0x31, 0x99, 0xB7, 0x91, 0x31, 0x99, 0x9A, 0x84, 0x8C, 0x29, 0x62, 0xC6, 0x14, 0x33, 0x63,
    0xEA, 0x28, 0x77, 0xDF, 0x6A, 0x28, 0x77, 0xE7, 0x9A, 0xBB, 0x3A, 0x94, 0x5D, 0x98, 0xCD, 0xEF,
    0x9E, 0x93, 0xBB, 0x17, 0xFA, 0x02, 0x35, 0xAC, 0x04, 0x85, 0x64, 0x1D, 0xE8, 0x1F, 0xEC, 0x97,
    0x8D, 0xB9, 0x30, 0xE6, 0x5C, 0xCE, 0xC2, 0x19, 0x6E, 0x7D, 0x37, 0x20, 0xBB, 0x6A, 0xE8, 0x17,
    0xF0, 0x95, 0xC8, 0x7E, 0x6C, 0x5E, 0x3B, 0x5F, 0xEC, 0xF1, 0xE2, 0x3A, 0xBB, 0x29, 0xC3, 0x1C,
    0x82, 0x56, 0x05, 0xB1, 0x15, 0x4D, 0xC1, 0xE3, 0x06, 0x96, 0x71, 0x21, 0xBB, 0xA8, 0x0A, 0xDA,
    0x08, 0xFE, 0x7D, 0xF3, 0xD1, 0x93, 0x28, 0x10, 0x4F, 0x8C, 0x59, 0x2B, 0x1F, 0x26, 0x75, 0x36,
    0xD6, 0xE6, 0xBF, 0x59, 0x96, 0x0B, 0xBB, 0xAB, 0xFF, 0xE2, 0xA9, 0x61, 0x51, 0xD6, 0x50, 0x53,
    0xA0, 0xC8, 0xD2, 0x46, 0xA0, 0xE9, 0x3F, 0x72, 0x38, 0x4A, 0x5D, 0xBA, 0xC5, 0x87, 0xBC, 0xA5,
    0x19, 0x4C, 0x5A, 0xF4, 0x5B, 0xCC, 0x80, 0x41, 0x92, 0xD9, 0xA2, 0x77, 0x40, 0xA7, 0x66, 0x0B,
    0xFD, 0xBF, 0xE2, 0x51, 0x35, 0xF1, 0xF5, 0xA7, 0x4D, 0xDC, 0x46, 0x4D, 0x52, 0xA9, 0x26, 0x29,
    0xE4, 0x94, 0xF8, 0xF0, 0x18, 0xEA, 0x22, 0xF1, 0x61, 0xE8, 0x92, 0x32, 0x5D, 0x4C, 0x9A, 0x61,
    0x3F, 0xB1, 0x02, 0x2E, 0x53, 0xE4, 0xF0, 0xCE, 0xD3, 0x77, 0xEC, 0xF7, 0x89, 0x9A, 0xE1, 0xE2,
    0xF6, 0x99, 0xA8, 0xEF, 0xE6, 0xB9, 0x9B, 0x3F, 0xC4, 0xC3, 0x1C, 0x6E, 0x53, 0x20, 0xA8, 0xF6,
    0xCC, 0x3C, 0x24, 0xE7, 0x41, 0xBA, 0x58, 0xD3, 0x00, 0x32, 0x08, 0xD6, 0xA0, 0xC5, 0xDF, 0x36,
    0x89, 0x76, 0xB5, 0xDE, 0x9F, 0x9C, 0xD4, 0xE1, 0xE4, 0xA4, 0x8B, 0x27, 0x27, 0x33, 0x6F, 0x72,
    0xF2, 0xB3, 0x19, 0xD5, 0xAA, 0x87, 0xF8, 0x76, 0xA7, 0xDF, 0x09, 0xBF, 0x5A, 0x60, 0x10, 0x84,
    0x46, 0xE6, 0xB2, 0x47, 0xBC, 0x67, 0x0D, 0xFD, 0x74, 0xEA, 0xAA, 0x56, 0x99, 0x30, 0x1C, 0xAE,
    0xE8, 0xE3, 0x99, 0x3B, 0x9A, 0xC0, 0x1D, 0xE8, 0x94, 0x20, 0x6B, 0x59, 0x4E, 0xD9, 0xFF, 0xE9,
    0xEA, 0xEA, 0xDA, 0x97, 0xC6, 0x29, 0x3B, 0x3B, 0xA9, 0x3C, 0x3C, 0x2E, 0xFC, 0xA3, 0xD5, 0x8F,
    0xF1, 0xD1, 0xF1, 0xAF, 0xD1, 0xD1, 0x71, 0xAB, 0x5E, 0x3D, 0xE7, 0x5A, 0x6F, 0x62, 0x65, 0x8A,
    0x2C, 0x18, 0xFA, 0x69, 0x30, 0xEF, 0x81, 0x7F, 0x03, 0xBD, 0x57, 0x4F, 0x8B, 0xDD, 0x54, 0x14,
    0x3F, 0x49, 0xAA, 0x51, 0xB2, 0x48, 0x17, 0x15, 0xC4, 0x11, 0xE3, 0xC2, 0x85, 0x0A, 0x9A, 0x2F,
    0x30, 0x9D, 0x1B, 0x70, 0xE9, 0x66, 0x16, 0x9D, 0x8D, 0x1B, 0x5D, 0x6A, 0x37, 0xF3, 0x05, 0xA6,
    0x24, 0xD0, 0x85, 0x4B, 0x67, 0xA1, 0x2B, 0x17, 0x76, 0xA1, 0x50, 0x07, 0x64, 0x36, 0x15, 0x2A,
    0xBC, 0x4E, 0x02, 0xFD, 0x00, 0x06, 0xFC, 0x02, 0xA1, 0x88, 0x88, 0x9B, 0xA6, 0x36, 0x62, 0xC6,
    0xE6, 0xE5, 0xFA, 0x3B, 0xE7, 0xDC, 0xBC, 0x97, 0x37, 0xCE, 0x14, 0x0A, 0xC5, 0x9B, 0xE1, 0x9C,
    0xCC, 0xBB, 0xF7, 0x9E, 0xFF, 0xFF, 0x42, 0xF4, 0x19, 0x61, 0xD9, 0x06, 0x20, 0x1A, 0x00, 0x7C,
    0x2B, 0xFF, 0x17, 0x0C, 0x2A, 0x80, 0xB2, 0x06, 0xC8, 0x79, 0xDB, 0x4C, 0xE0, 0x12, 0xFE, 0xF5,
    0x2D, 0xAE, 0x24, 0x7F, 0x01, 0x94, 0xB5, 0xAD, 0x3D, 0x5B, 0xD8, 0x2A, 0xB0, 0xB8, 0x11, 0x2F,
    0xF1, 0x9E, 0x0C, 0xA0, 0x62, 0xBA, 0x60, 0x24, 0xD3, 0x86, 0x03, 0x6E, 0xC7, 0x3D, 0x8E, 0xC5,
    0x2D, 0x95, 0x95, 0xA9, 0x01, 0xF2, 0x82, 0xF2, 0x6A, 0x04, 0xB1, 0xFB, 0x3D, 0x51, 0xCC, 0x6C,
    0xBC, 0xDB, 0xA4, 0xEB, 0xAA, 0xC0, 0x7B, 0xCC, 0xD8, 0x62, 0x33, 0xB2, 0xB6, 0x03, 0x7B, 0x6B,
    0x47, 0x02, 0x5D, 0x1C, 0x0D, 0x06, 0x4A, 0xF6, 0x1B, 0x90, 0x32, 0x51, 0x9B, 0x56, 0xB4, 0x08,
    0x06, 0x93, 0x51, 0x4F, 0x43, 0x4E, 0x7E, 0x4B, 0xCB, 0x13, 0x0A, 0x1A, 0x3A, 0xB9, 0x47, 0x71,
    0x45, 0x27, 0x4B, 0x4A, 0x32, 0x86, 0x86, 0x18, 0x2E, 0x88, 0x77, 0x41, 0x71, 0xC8, 0x71, 0xD0,
    0x1F, 0xCC, 0xE7, 0x35, 0x05, 0x5D, 0xF2, 0xB0, 0xA2, 0xB8, 0x8D, 0xA1, 0x72, 0x0E, 0xF1, 0x0F,
    0xB7, 0xF0, 0x62, 0xAD, 0x1D, 0x04, 0x62, 0xBF, 0x3D, 0xFE, 0x9D, 0x28, 0x64, 0x03, 0x30, 0x45,
    0x2C, 0x8F, 0xD6, 0xEB, 0x4D, 0x81, 0x5E, 0x2B, 0xE8, 0x58, 0x90, 0x6F, 0x05, 0x05, 0x8A, 0x62,
    0x31, 0x2A, 0xBD, 0x67, 0x85, 0xC0, 0x8F, 0x62, 0x4D, 0xFF, 0x81, 0xA0, 0xE8, 0xA6, 0xA0, 0x24,
    0x10, 0x3B, 0x1F, 0x04, 0x36, 0x63, 0x4A, 0x21, 0x9B, 0x3E, 0xA8, 0x22, 0x46, 0x71, 0xC6, 0x52,
    0xC1, 0x1C, 0x31, 0xEC, 0x04, 0xB9, 0x19, 0x41, 0xB7, 0x64, 0x29, 0xA2, 0xA4, 0x10, 0x11, 0x7A,
    0x19, 0xA0, 0x85, 0x20, 0xE8, 0x44, 0xA6, 0xA7, 0x08, 0xAC, 0xF2, 0x8E, 0xD2, 0x7F, 0xBE, 0xBA,
    0x0E, 0xBB, 0xC1, 0x6C, 0x16, 0xA2, 0x08, 0x6A, 0x68, 0xBE, 0x5E, 0xD8, 0x25, 0x33, 0xDB, 0x84,
    0x63, 0x4E, 0xF7, 0xF6, 0xF2, 0x8A, 0x4A, 0x90, 0x49, 0x33, 0x62, 0xF9, 0xE1, 0x02, 0x20, 0xAF,
    0x93, 0xD8, 0x08, 0x1B, 0x98, 0xBF, 0xA6, 0xB8, 0x80, 0x8A, 0x15, 0xED, 0x90, 0xA0, 0x9E, 0x35,
    0xAD, 0x82, 0x96, 0x51, 0x11, 0x55, 0x8C, 0xB2, 0x14, 0xC4, 0xA1, 0xC6, 0x01, 0xEB, 0x68, 0xC5,
    0x36, 0xB1, 0x0D, 0x58, 0xD5, 0x78, 0x8C, 0x33, 0x46, 0x4B, 0x71, 0x70, 0x32, 0x74, 0x8C, 0xD2,
    0x51, 0x4C, 0x63, 0xC4, 0x0A, 0x40, 0x22, 0x1B, 0x2B, 0xC5, 0x21, 0xF7, 0xA5, 0xA0, 0x03, 0x15,
    0xF8, 0xF2, 0x24, 0xF9, 0x91, 0xAC, 0x6F, 0xC5, 0x43, 0x56, 0x82, 0x23, 0xB1, 0x87, 0x5E, 0x2E,
    0x26, 0xB3, 0xEE, 0x72, 0x02, 0x5B, 0xE5, 0x3D, 0xD3, 0x87, 0xB5, 0x58, 0x25, 0xF9, 0x59, 0x9C,
    0x02, 0x1B, 0x69, 0xAC, 0x97, 0x1D, 0x74, 0x60, 0xEE, 0xF8, 0x39, 0x10, 0x67, 0xC8, 0x0B, 0x04,
    0x61, 0x45, 0x23, 0x76, 0x08, 0xFF, 0x2C, 0x4E, 0x58, 0xBD, 0x84, 0xD8, 0x67, 0x0F, 0x50, 0x34,
    0xB1, 0x3A, 0x87, 0xE7, 0x70, 0x0E, 0x4F, 0xEF, 0x0C, 0xCF, 0x4E, 0x79, 0x6E, 0x21, 0xAC, 0xF7,
    0x59, 0x87, 0xD2, 0xDA, 0x9B, 0xD6, 0x2E, 0x67, 0x1E, 0x7A, 0x67, 0xEF, 0xA3, 0xEC, 0xBB, 0xBD,
    0x4F, 0xD9, 0x2A, 0xB6, 0xE2, 0xF0, 0xC7, 0xD5, 0x25, 0xF8, 0x32, 0xC1, 0xB2, 0xC7, 0x3F, 0xCD,
    0xC4, 0xA2, 0x99, 0xF3, 0x12, 0x8D, 0x3B, 0xB1, 0xB7, 0x93, 0x67, 0x25, 0x21, 0xEB, 0xC4, 0xC2,
    0xA9, 0x16, 0xE3, 0x5C, 0x2F, 0x7F, 0x7A, 0x61, 0x39, 0x43, 0xCD, 0xFD, 0x0D, 0xB3, 0xF0, 0x4B,
    0xDE, 0x3B, 0xE9, 0x9F, 0xC6, 0xD5, 0xAA, 0x89, 0xD7, 0x5C, 0x63, 0xE6, 0xCA, 0x8A, 0xA5, 0xF6,
    0x8F, 0xA3, 0xD2, 0x1E, 0x4E, 0x8E, 0xC3, 0xDE, 0x15, 0x51, 0xF4, 0x1A, 0xD1, 0xBB, 0xF0, 0xE8,
    0x0F, 0x62, 0x04, 0xD6, 0xD3, 0x2C, 0xC9, 0x5B, 0x2A, 0xCD, 0x6D, 0x25, 0xB4, 0xCD, 0xC2, 0x17,
    0x8C, 0x58, 0x92, 0x2B, 0xE4, 0xB4, 0x77, 0xCC, 0xC5, 0x1E, 0xB3, 0xC0, 0x49, 0x47, 0x22, 0x27,
    0x81, 0x06, 0xA3, 0xA4, 0xA4, 0x1E, 0x49, 0x6A, 0x8D, 0xAD, 0x4C, 0xB2, 0x55, 0xCF, 0xC7, 0x4A,
    0xC4, 0x14, 0xF4, 0x3A, 0x0C, 0x30, 0x2A, 0xBB, 0x4E, 0x22, 0x1F, 0xC5, 0x6E, 0xAB, 0x51, 0x89,
    0x2B, 0x50, 0xC2, 0xCA, 0x10, 0x6E, 0x58, 0x52, 0x92, 0x58, 0x07, 0x46, 0xFD, 0xCA, 0x69, 0x29,
    0xEF, 0x15, 0x92, 0x52, 0x95, 0xC0, 0x4C, 0xB2, 0xAC, 0x12, 0x58, 0xBC, 0xB2, 0x87, 0xC5, 0xC9,
    0xA7, 0xA2, 0x3C, 0x13, 0x54, 0xCA, 0x4A, 0xE7, 0xB5, 0xA3, 0xE3, 0xA3, 0xEF, 0x9F, 0x89, 0xC2,
    0x4B, 0xB4, 0xAE, 0x55, 0x81, 0x54, 0x7A, 0x49, 0x49, 0xF6, 0xB3, 0xE1, 0x8D, 0x1B, 0x0C, 0xA4,
    0xF8, 0x3F, 0xFF, 0x13, 0x49, 0xB6, 0x71, 0xC2, 0x25, 0xF2, 0x01, 0x9E, 0xAB, 0x28, 0x24, 0x3B,
    0xD8, 0x32, 0x94, 0xE2, 0x49, 0xB8, 0xE4, 0x15, 0x78, 0xAA, 0xB8, 0x8A, 0xF0, 0x84, 0x75, 0x50,
    0x07, 0x0D, 0x9E, 0xD6, 0xC7, 0xE3, 0xB5, 0xF0, 0x47, 0x47, 0xBB, 0x20, 0xDA, 0xA6, 0xBD, 0x19,
    0xF2, 0xC1, 0x74, 0xA9, 0x3A, 0x13, 0x8E, 0x69, 0xD4, 0xE1, 0x95, 0xFA, 0xA0, 0xD2, 0x62, 0x22,
    0x3E, 0x2E, 0xD5, 0xFD, 0xA7, 0xD7, 0x68, 0x92, 0x8C, 0x2B, 0xAC, 0xA0, 0xA8, 0x90, 0x90, 0x89,
    0x35, 0x72, 0xDE, 0xD7, 0x44, 0xDD, 0x56, 0xD4, 0x0B, 0xF2, 0x34, 0x7B, 0x45, 0x17, 0xD3, 0x87,
    0x7C, 0xCD, 0x74, 0x52, 0xC6, 0xD2, 0x4E, 0x0C, 0x9B, 0x76, 0x52, 0xCD, 0xD2, 0xF6, 0x40, 0x91,
    0xD0, 0x4F, 0xFE, 0x14, 0x71, 0x92, 0xC7, 0xC2, 0x26, 0x79, 0x52, 0xCC, 0xA2, 0x31, 0x76, 0xB1,
    0xE9, 0x22, 0xAF, 0x53, 0xA4, 0x7A, 0x44, 0x99, 0xAA, 0x23, 0x79, 0x56, 0x20, 0xD4, 0x2D, 0x5A,
    0x40, 0x87, 0x9B, 0xB6, 0x31, 0x08, 0x35, 0x44, 0x40, 0x57, 0x3E, 0xB4, 0xB0, 0x98, 0x5D, 0xF6,
    0x94, 0xD3, 0x5D, 0xFC, 0xC2, 0x15, 0xB9, 0x15, 0xC5, 0xC3, 0x82, 0xD3, 0x14, 0x2D, 0xAB, 0x42,
    0xCD, 0xE6, 0x94, 0xC5, 0xFF, 0x84, 0x5B, 0x61, 0x36, 0x30, 0x25, 0x68, 0x99, 0x17, 0xE9, 0x17,
    0xB6, 0x3E, 0xE1, 0x7A, 0x12, 0x72, 0xE8, 0xC6, 0x76, 0xF0, 0xAC, 0x24, 0x37, 0x7A, 0x29, 0xDB,
    0xEC, 0x7A, 0x46, 0xFE, 0x6D, 0x8E, 0xCE, 0x9C, 0xEC, 0x73, 0x79, 0x4E, 0x49, 0x73, 0xDC, 0x63,
    0x6D, 0x83, 0x39, 0x40, 0xF9, 0x1B, 0xE0, 0x8C, 0x60, 0x80, 0x69, 0x83, 0x01, 0xFD, 0x2C, 0x18,
    0x10, 0x26, 0x68, 0xE5, 0xBC, 0xBB, 0x60, 0xD0, 0xBB, 0x2E, 0x1A, 0xB0, 0x6F, 0xA5, 0xFE, 0x04,
    0x5A, 0x92, 0x99, 0xC0, 0xF2, 0x2C, 0x3D, 0x67, 0xD1, 0x64, 0x98, 0xAA, 0x40, 0xC9, 0xE0, 0x09,
    0x80, 0xFF, 0x18, 0x20, 0xFC, 0x05, 0x20, 0xBE, 0x3F, 0x70, 0xC3, 0x05, 0xD8, 0x61, 0x70, 0x29,
    0x18, 0xFE, 0x4B, 0x65, 0x06, 0x7E, 0x65, 0x4B, 0xEC, 0xE6, 0x61, 0x67, 0xE3, 0xFF, 0xE7, 0xAF,
    0x3D, 0x8D, 0x50, 0x1C, 0x77, 0xB9, 0x38, 0x84, 0x2D, 0x17, 0xA8, 0xB8, 0xB5, 0xE7, 0xC0, 0x5D,
    0x86, 0x1F, 0xB4, 0x0C, 0x3F, 0xAC, 0x19, 0x7E, 0x5C, 0x30, 0x2C, 0x65, 0x77, 0x10, 0xD8, 0x0A,
    0xAC, 0x05, 0x16, 0xAB, 0xBB, 0x8F, 0x04, 0xFE, 0x2D, 0xD0, 0xCE, 0xE0, 0x52, 0x60, 0x7F, 0x96,
    0x97, 0x11, 0x68, 0x19, 0xFA, 0x02, 0xC3, 0x87, 0x0C, 0x93, 0x9F, 0x19, 0x1A, 0x39, 0xB3, 0x7D,
    0xBE, 0x84, 0x17, 0x40, 0x76, 0xD2, 0xE1, 0x4F, 0x53, 0xA5, 0xCC, 0x6B, 0x97, 0xBA, 0xAE, 0x74,
    0xDF, 0xD7, 0x8C, 0xB0, 0x5A, 0xA7, 0x03, 0xAB, 0xA9, 0x1A, 0x2D, 0xA9, 0x98, 0xE5, 0x0B, 0xA5,
    0xAE, 0xD4, 0x1A, 0x4D, 0x64, 0xED, 0xB3, 0x7C, 0x4D, 0xA9, 0x79, 0x9A, 0xFA, 0xDA, 0xC6, 0xC9,
    0x45, 0x8B, 0xEB, 0xD6, 0xB3, 0xEC, 0xD3, 0x38, 0x99, 0x93, 0xEB, 0xCE, 0x90, 0x73, 0xC3, 0x92,
    0x23, 0xE7, 0xAF, 0xC8, 0x65, 0xF3, 0x96, 0xB2, 0x22, 0xB7, 0x92, 0x4E, 0xA7, 0xBE, 0xCC, 0xE8,
    0x50, 0x53, 0x95, 0x72, 0xDC, 0x3C, 0x70, 0x6D, 0xC9, 0x09, 0xF9, 0xE2, 0xAC, 0xCB, 0xA3, 0xE7,
    0xD8, 0x0A, 0xCD, 0x0C, 0x99, 0xCB, 0x2D, 0xD8, 0x6E, 0xCC, 0x68, 0xE8, 0x55, 0xD0, 0x13, 0x15,
    0x00, 0x0E, 0x85, 0x44, 0xA6, 0x58, 0x6F, 0x95, 0x87, 0x74, 0x27, 0xB0, 0xE3, 0xD7, 0x5D, 0x6C,
    0xA5, 0x3A, 0xA0, 0x29, 0x5C, 0xA5, 0xFD, 0x11, 0xC5, 0xD5, 0x3B, 0x94, 0x03, 0x77, 0x49, 0x86,
    0x46, 0xC8, 0xCC, 0x32, 0xC9, 0x04, 0x2B, 0x03, 0x2C, 0x8F, 0x67, 0x3C, 0xBE, 0xC9, 0xD8, 0x28,
    0x2D, 0x6E, 0x7D, 0xA2, 0xFC, 0xA6, 0x02, 0x51, 0xBB, 0x41, 0xD4, 0x43, 0x43, 0xBE, 0x1C, 0x3C,
    0x02, 0xD1, 0x70, 0x55, 0xED, 0xD7, 0x34, 0x86, 0x0D, 0x1A, 0xD1, 0xE6, 0x89, 0x4B, 0x6B, 0x71,
    0xD3, 0x8E, 0xDE, 0x40, 0x13, 0xFD, 0x6D, 0x0C, 0xB8, 0x69, 0x46, 0x3C, 0x70, 0xC6, 0xC5, 0x96,
    0x2D, 0x70, 0xE4, 0x55, 0x72, 0x26, 0xCE, 0xBC, 0x26, 0xB6, 0xE3, 0xBE, 0xF0, 0xAD, 0x78, 0x12,
    0xA0, 0xDE, 0x43, 0x5F, 0xCF, 0xC8, 0x13, 0xBD, 0x7D, 0x81, 0xC2, 0x42, 0x79, 0x28, 0x13, 0xF7,
    0xB9, 0x30, 0x90, 0x1B, 0x67, 0x8D, 0x1B, 0x75, 0xA3, 0xFA, 0xC2, 0x83, 0x9B, 0x27, 0x9F, 0x42,
    0x71, 0x35, 0xDB, 0x67, 0x1B, 0x6E, 0xE1, 0x46, 0x11, 0x2E, 0x75, 0x9A, 0xC3, 0x00, 0x97, 0xE9,
    0x6C, 0xC7, 0xD3, 0x8A, 0x0C, 0x4E, 0x89, 0xB4, 0x0E, 0x66, 0x1F, 0x49, 0x78, 0xC8, 0x58, 0xA4,
    0x23, 0x95, 0x84, 0x9B, 0x8E, 0x50, 0x12, 0x81, 0x9E, 0x1C, 0x78, 0x99, 0xC7, 0x82, 0x6B, 0x32,
    0xFB, 0xB0, 0x48, 0xF3, 0x19, 0xF0, 0x86, 0x06, 0x89, 0xB6, 0x13, 0x0D, 0x36, 0x21, 0x27, 0xD3,
    0x10, 0x27, 0xD1, 0x29, 0xAD, 0x28, 0x2A, 0x63, 0x0A, 0x87, 0xD5, 0x29, 0xE1, 0xAF, 0x83, 0xA7,
    0x0C, 0x60, 0x2A, 0x84, 0x4C, 0x67, 0x6E, 0x00, 0x7A, 0x4B, 0x48, 0x0A, 0x7F, 0xFD, 0x0E, 0x50,
    0xDB, 0xCC, 0x24, 0x78, 0x9B, 0xE8, 0x13, 0x9D, 0x94, 0xA2, 0x56, 0x1D, 0xC9, 0x9F, 0x83, 0x48,
    0x08, 0x21, 0x8E, 0x4E, 0x55, 0x36, 0x4C, 0x38, 0x93, 0xA1, 0x38, 0xEF, 0x78, 0x74, 0x66, 0xBE,
    0xA2, 0x29, 0xE4, 0x16, 0x8E, 0x65, 0xA1, 0x8A, 0xA6, 0x7A, 0x9A, 0x87, 0x4D, 0x19, 0xAF, 0x59,
    0xAA, 0xBC, 0x53, 0x19, 0x55, 0xB6, 0xC4, 0xDD, 0xC4, 0x39, 0x5F, 0x3F, 0x93, 0x06, 0x97, 0x54,
    0x07, 0x93, 0x2F, 0xB0, 0x6E, 0xB9, 0x90, 0x18, 0xC9, 0x57, 0x5D, 0x1C, 0x1F, 0xE6, 0xBB, 0x54,
    0xED, 0x45, 0x8E, 0x95, 0x5C, 0xCC, 0xC5, 0x71, 0x56, 0xB9, 0x99, 0x68, 0x29, 0xF4, 0x7B, 0x4A,
    0x1A, 0xC7, 0xAF, 0x90, 0x84, 0x66, 0xFE, 0x93, 0x3C, 0x4E, 0x3E, 0xD8, 0x57, 0xE4, 0x9D, 0xE4,
    0x2F, 0x0B, 0x5F, 0x88, 0x60, 0x98, 0xDF, 0xFC, 0xA8, 0xC2, 0x6A, 0x2F, 0x4A, 0x39, 0x18, 0x92,
    0x4E, 0x06, 0x1D, 0xFD, 0xB5, 0x3E, 0xF1, 0x70, 0x1E, 0xB2, 0x96, 0xFC, 0xED, 0x12, 0x8D, 0x3B,
    0x6C, 0xB0, 0x05, 0x53, 0xC7, 0xEF, 0xE9, 0x93, 0x76, 0x1A, 0x72, 0xDD, 0xEC, 0x8C, 0xD7, 0x1D,
    0x0E, 0x81, 0x05, 0xCB, 0xD0, 0xC1, 0x30, 0xCC, 0xE5, 0x40, 0xB9, 0x6C, 0x26, 0xE5, 0x95, 0x8B,
    0x64, 0xB9, 0xC5, 0xA7, 0x46, 0x3E, 0x85, 0x7A, 0xB7, 0x60, 0xEB, 0x80, 0x53, 0xAE, 0x9C, 0xEA,
    0x29, 0x3C, 0x53, 0x16, 0x6D, 0x87, 0x63, 0x69, 0x81, 0x19, 0x98, 0x7A, 0x30, 0x0E, 0xAC, 0xC4,
    0x76, 0xAD, 0x27, 0xC4, 0x50, 0x66, 0x9C, 0x7A, 0xEC, 0x9D, 0x6E, 0x93, 0xCB, 0xB9, 0xB2, 0xC4,
    0x8D, 0xC1, 0xC8, 0x86, 0xA7, 0x8F, 0xD7, 0x16, 0x43, 0x40, 0x8D, 0x94, 0x54, 0x69, 0x8F, 0x2A,
    0x9D, 0xB7, 0x06, 0x65, 0xA1, 0xB0, 0x6D, 0x3E, 0xE0, 0x7B, 0x01, 0xC9, 0xD9, 0xA1, 0x64, 0xDB,
    0x26, 0xAD, 0xD1, 0x8B, 0xF3, 0xA9, 0xEE, 0xFD, 0x0B, 0x8D, 0x55, 0xBD, 0x8E, 0x95, 0x40, 0x14,
    0x1E, 0x20, 0x59, 0x12, 0x49, 0xC4, 0x72, 0xA3, 0x05, 0xAD, 0x95, 0x3C, 0x81, 0x82, 0x31, 0xBE,
    0x81, 0xD6, 0x5B, 0x1B, 0x8B, 0x6D, 0xEC, 0xE1, 0x11, 0xB6, 0xDF, 0xD6, 0xDE, 0xC6, 0xC2, 0xE2,
    0x26, 0xA0, 0xBE, 0xC0, 0x55, 0x5F, 0x80, 0xC4, 0xD2, 0x42, 0x0A, 0x92, 0xBD, 0x9B, 0x05, 0x8E,
    0xE7, 0x77, 0x98, 0xAB, 0xAB, 0x91, 0x4C, 0x32, 0xDF, 0xBD, 0x30, 0x33, 0xE7, 0x7C, 0xDF, 0x77,
    0xCE, 0x38, 0x27, 0xCF, 0xC9, 0x85, 0xCC, 0x0F, 0x56, 0xD7, 0xAD, 0x02, 0x01, 0xBE, 0x4D, 0x50,
    0x13, 0x4A, 0x0F, 0x05, 0x0C, 0x15, 0xC3, 0x62, 0x48, 0xA0, 0xAF, 0xF8, 0x7D, 0xD5, 0xC7, 0xD0,
    0xDE, 0x95, 0x4F, 0xDB, 0x48, 0xBE, 0x74, 0x11, 0xB8, 0x04, 0x64, 0x3D, 0xCE, 0x89, 0x6E, 0x95,
    0xAE, 0x2E, 0x5B, 0x04, 0xE6, 0x8B, 0xCB, 0x67, 0x46, 0x71, 0x07, 0xF8, 0xF0, 0x17, 0x39, 0x78,
    0x78, 0xD2, 0x2C, 0x2F, 0x9B, 0xE5, 0x05, 0x7F, 0x51, 0x4E, 0xAE, 0x9A, 0x64, 0x59, 0x35, 0xD2,
    0x30, 0xD8, 0x28, 0xEC, 0x06, 0x1A, 0x12, 0xC2, 0xDE, 0x41, 0xAF, 0xB0, 0x37, 0x18, 0x01, 0xC5,
    0x28, 0xA7, 0x41, 0x9D, 0x68, 0x8C, 0xC9, 0x51, 0x8C, 0x29, 0x6C, 0x31, 0xAE, 0xBF, 0xC7, 0x48,
    0xB3, 0xC1, 0x62, 0x76, 0xC5, 0xC1, 0x59, 0x60, 0xE5, 0xAD, 0x81, 0x19, 0x6C, 0x06, 0xD7, 0xEC,
    0x35, 0x46, 0x8B, 0xE6, 0x31, 0xC7, 0x28, 0xFF, 0x45, 0x30, 0x26, 0x42, 0x48, 0xF7, 0xF9, 0x66,
    0x29, 0x64, 0xAF, 0x0A, 0x3E, 0x81, 0x06, 0x8E, 0x6C, 0x95, 0x7A, 0x96, 0x3C, 0xAF, 0xF4, 0x60,
    0xE0, 0x5D, 0xA3, 0xB5, 0xE0, 0x83, 0xB2, 0x29, 0xE5, 0xA5, 0xE5, 0x90, 0xF0, 0xEF, 0xA6, 0x8F,
    0x06, 0xD1, 0x43, 0x73, 0xF6, 0x59, 0x5A, 0x8A, 0x96, 0x9F, 0x17, 0x60, 0x54, 0xF6, 0x27, 0xA5,
    0x7E, 0x54, 0xDE, 0x07, 0x49, 0xA8, 0xEB, 0x65, 0xE6, 0xB8, 0xBA, 0x41, 0x64, 0x86, 0xBD, 0xEC,
    0x08, 0x3D, 0x0B, 0x1C, 0x41, 0x9B, 0xCD, 0x42, 0x71, 0x7E, 0x78, 0xC8, 0xC7, 0x15, 0xD3, 0x7B,
    0x9E, 0xAB, 0xAB, 0x81, 0x8F, 0xAD, 0x68, 0x3D, 0x1E, 0xDB, 0xAC, 0xC2, 0x29, 0xCB, 0x8A, 0x84,
    0xDE, 0xA9, 0xE5, 0x38, 0xE3, 0xEF, 0x68, 0x6E, 0x06, 0xCF, 0xA0, 0xD0, 0x57, 0x0B, 0x77, 0x46,
    0x9C, 0xB1, 0xE6, 0x29, 0xDB, 0x9E, 0xE8, 0xAD, 0x3B, 0xD5, 0xB7, 0x97, 0xB3, 0x50, 0xD1, 0x01,
    0x83, 0x7C, 0x4A, 0x80, 0x99, 0xAD, 0x50, 0x8C, 0xD1, 0x04, 0x62, 0x80, 0xFB, 0xB3, 0x9B, 0x88,
    0x36, 0xDE, 0x34, 0x31, 0x80, 0x19, 0x88, 0x8F, 0x30, 0x05, 0x4E, 0x5D, 0xBC, 0x6B, 0xCE, 0x5D,
    0xD4, 0xB7, 0x67, 0xB3, 0x9A, 0x43, 0x2C, 0x83, 0x79, 0x48, 0x6A, 0xDE, 0x18, 0xB8, 0x7D, 0x35,
    0xA8, 0x5B, 0xBB, 0x7D, 0xE8, 0xD5, 0x88, 0x40, 0x2B, 0x24, 0xC6, 0xF0, 0xCC, 0x5C, 0x5A, 0x18,
    0xD8, 0xA9, 0x43, 0x39, 0x52, 0xF2, 0x27, 0xAF, 0xC2, 0x73, 0x44, 0x53, 0xA4, 0x32, 0xBA, 0x70,
    0x01, 0x97, 0x9E, 0xC4, 0x0D, 0x18, 0x9D, 0xCA, 0xA7, 0x27, 0xD4, 0x33, 0xEA, 0x29, 0xF5, 0x9C,
    0x1E, 0x93, 0x1A, 0x1A, 0xB1, 0x58, 0xBD, 0x17, 0x01, 0xBE, 0x98, 0x1D, 0x0F, 0xF9, 0xCD, 0x94,
    0x1E, 0xD4, 0x91, 0x30, 0x24, 0x93, 0x98, 0x92, 0x52, 0x1C, 0xD5, 0x97, 0x9B, 0x35, 0x03, 0x77,
    0x06, 0x06, 0x0D, 0x3C, 0xAA, 0xE5, 0x28, 0x5C, 0x6F, 0x4E, 0xDD, 0xCC, 0x7A, 0xBE, 0xF9, 0x15,
    0xAB, 0xC5, 0x2C, 0x4B, 0xFD, 0xA1, 0xF7, 0x50, 0x8D, 0x4B, 0x43, 0xBD, 0x8B, 0x23, 0x06, 0xCF,
    0xBD, 0x3A, 0xB8, 0xC7, 0x91, 0xCE, 0xC6, 0x7F, 0x9B, 0xCF, 0xA7, 0x16, 0x58, 0x3E, 0x7D, 0x30,
    0x58, 0x5E, 0x8D, 0x16, 0xA3, 0x19, 0x3A, 0xDB, 0x3C, 0x1D, 0xD8, 0x3A, 0xDF, 0x9C, 0x6D, 0x65,
    0xFC, 0x3F, 0x7D, 0xA2, 0x0B, 0xFA, 0x44, 0xFD, 0xAF, 0x3E, 0xF1, 0x31, 0xEC, 0x13, 0xD7, 0xC7,
    0x02, 0x79, 0xEB, 0xA3, 0x44, 0x0D, 0x5C, 0x2E, 0xAA, 0xD1, 0x57, 0x78, 0x27, 0x05, 0x80, 0x22,
    0x81, 0xD5, 0x00, 0xAB, 0xE4, 0x20, 0x90, 0x09, 0x02, 0x9D, 0xAC, 0x18, 0x88, 0x2D, 0x76, 0xAB,
    0x2A, 0x65, 0x25, 0x81, 0x23, 0xB2, 0xAA, 0xC0, 0x40, 0x62, 0x08, 0xC4, 0xF2, 0xB5, 0xA1, 0x7D,
    0x5D, 0xE5, 0xF2, 0x15, 0x82, 0xB4, 0xF8, 0x22, 0xC1, 0x21, 0x8D, 0x55, 0xB0, 0x2F, 0x15, 0xAA,
    0x96, 0xD1, 0x7A, 0xFB, 0x5E, 0xFD, 0x2B, 0x05, 0x63, 0x35, 0x13, 0x19, 0x16, 0xD9, 0xA2, 0xAD,
    0x72, 0x70, 0xE4, 0x01, 0xDE, 0xF9, 0x90, 0x53, 0x4E, 0x57, 0x42, 0xCE, 0xAC, 0x8A, 0xC2, 0x42,
    0xCA, 0x83, 0x5A, 0xF2, 0x4D, 0x38, 0xD0, 0xEC, 0x08, 0x07, 0x02, 0x6E, 0x0A, 0x86, 0x12, 0x86,
    0x1A, 0x86, 0x22, 0x86, 0x2A, 0xDE, 0x22, 0xE3, 0xFD, 0x5A, 0xDF, 0x80, 0x2E, 0x6D, 0x7E, 0x48,
    0xE5, 0xC4, 0x8B, 0x5E, 0x27, 0x19, 0x46, 0xD1, 0xCB, 0x95, 0xEC, 0x9A, 0x56, 0x2E, 0x64, 0x3D,
    0x93, 0xE4, 0xD3, 0xCB, 0x38, 0x5E, 0xAD, 0xC4, 0x78, 0x9F, 0x14, 0xFB, 0x97, 0xB4, 0xC1, 0x39,
    0x01, 0xF6, 0x40, 0x3E, 0x67, 0xC0, 0xC6, 0xC0, 0x54, 0xCF, 0x4D, 0x85, 0x72, 0x3C, 0xCA, 0x13,
    0x8B, 0x4C, 0x92, 0xA4, 0x22, 0xEA, 0x8F, 0xAE, 0x58, 0xBA, 0x60, 0x6B, 0xD1, 0x22, 0x81, 0x88,
    0x85, 0x68, 0x93, 0x35, 0x93, 0x33, 0xB3, 0xE5, 0x91, 0x80, 0x9C, 0x4F, 0xC0, 0x9B, 0xB6, 0x60,
    0x7F, 0x61, 0x61, 0x17, 0x62, 0x9C, 0x59, 0xEF, 0x22, 0x04, 0x31, 0x73, 0x6E, 0x37, 0xEC, 0x6D,
    0x8D, 0x6C, 0xFF, 0x47, 0xFF, 0x72, 0x7F, 0xED, 0x5F, 0xFA, 0xAD, 0xDD, 0xE8, 0xFA, 0xEC, 0x88,
    0xD0, 0x96, 0x6E, 0xFC, 0x0A, 0xD6, 0x33, 0x7C, 0x47, 0x6E, 0xC5, 0xD0, 0xD6, 0xE7, 0xAF, 0x29,
    0xB0, 0x03, 0x73, 0x48, 0xAD, 0xAA, 0x93, 0x89, 0x52, 0xA3, 0x09, 0x97, 0xBE, 0x61, 0x7F, 0x47,
    0xF0, 0x14, 0xE0, 0x1A, 0xF3, 0xF9, 0x4E, 0xB6, 0x7E, 0xD2, 0x0C, 0x67, 0x78, 0xF4, 0x2E, 0xEF,
    0x73, 0x5C, 0xBA, 0xC6, 0x14, 0x34, 0xD1, 0x81, 0x21, 0x93, 0x31, 0xA9, 0x21, 0x81, 0x5C, 0xA1,
    0xDD, 0xC4, 0x7C, 0x55, 0x33, 0x16, 0x4C, 0xED, 0x4A, 0x24, 0x3F, 0x69, 0xEF, 0x91, 0x06, 0x85,
    0xDB, 0xA5, 0x07, 0x12, 0x19, 0x92, 0x11, 0xEB, 0xD2, 0xC1, 0xCF, 0x96, 0x5A, 0x7B, 0xB3, 0xB0,
    0x1F, 0xEF, 0x5C, 0xB0, 0x15, 0x7F, 0x01, 0x4D, 0x8F, 0xB1, 0x0D, 0xC2, 0x30, 0x10, 0x45, 0xBF,
    0xED, 0x22, 0x05, 0x12, 0x69, 0xD8, 0xC3, 0x1B, 0xE0, 0x41, 0x28, 0x18, 0x81, 0x11, 0x92, 0x0D,
    0x18, 0x29, 0x1E, 0x81, 0x0D, 0xC8, 0x06, 0xB8, 0xA0, 0x48, 0xE1, 0xF8, 0xE7, 0x7C, 0x47, 0xC1,
    0xC9, 0xD2, 0xB3, 0x9E, 0xFE, 0xC9, 0xDF, 0x00, 0xE0, 0x60, 0x73, 0x9A, 0x8D, 0xE9, 0xA5, 0x70,
    0x2C, 0xA6, 0xB9, 0x29, 0xAF, 0xB7, 0x5D, 0xF5, 0xD7, 0x51, 0x75, 0xB9, 0x2C, 0xB9, 0xA7, 0x1B,
    0xD3, 0x2A, 0x24, 0xF9, 0x90, 0x85, 0x41, 0x18, 0x2B, 0x10, 0xC9, 0x1A, 0x9B, 0xEA, 0x39, 0xB1,
    0xEB, 0x0D, 0x0B, 0xB3, 0xE8, 0xEC, 0xC9, 0x75, 0x12, 0x2D, 0xF7, 0x92, 0x48, 0xDF, 0x23, 0x23,
    0x29, 0x67, 0xEF, 0xB9, 0xA7, 0x68, 0x04, 0xF2, 0x2D, 0x5A, 0xF7, 0xD9, 0xDF, 0x9D, 0xF8, 0xD1,
    0x3E, 0xB1, 0x85, 0xAE, 0x31, 0x56, 0xAF, 0x75, 0x86, 0x1A, 0xB4, 0xA6, 0xE7, 0xDD, 0xEA, 0xB3,
    0xFD, 0x7E, 0x61, 0xED, 0x11, 0xB3, 0xF1, 0x8C, 0xFF, 0x39, 0x00,
};

static const EpdGlyph ebgaramond_18_bolditalicGlyphs[] = {
    { 0, 0, 0, 0, 0, 0, 0 }, // U+0000
    { 0, 0, 0, 0, 0, 0, 0 }, // U+0001
    { 0, 0, 0, 0, 0, 0, 0 }, // U+0002
    { 0, 0, 0, 0, 0, 0, 0 }, // U+0003
    { 0, 0, 0, 0, 0, 0, 0 }, // U+0004
    { 0, 0, 0, 0, 0, 0, 0 }, // U+0005
    { 0, 0, 0, 0, 0, 0, 0 }, // U+0006
    { 0, 0, 0, 0, 0, 0, 0 }, // U+0007
    { 0, 0, 0, 0, 0, 0, 0 }, // U+0008
    { 0, 0, 0, 0, 0, 0, 0 }, // U+0009
    { 0, 0, 0, 0, 0, 0, 0 }, // U+000A
    { 0, 0, 0, 0, 0, 0, 0 }, // U+000B
    { 0, 0, 0, 0, 0, 0, 0 }, // U+000C
    { 0, 0, 0, 0, 0, 0, 0 }, // U+000D
    { 0, 0, 0, 0, 0, 0, 0 }, // U+000E
    { 0, 0, 0, 0, 0, 0, 0 }, // U+000F
    { 0, 0, 0, 0, 0, 0, 0 }, // U+0010
    { 0, 0, 0, 0, 0, 0, 0 }, // U+0011
    { 0, 0, 0, 0, 0, 0, 0 }, // U+0012
    { 0, 0, 0, 0, 0, 0, 0 }, // U+0013
    { 0, 0, 0, 0, 0, 0, 0 }, // U+0014
    { 0, 0, 0, 0, 0, 0, 0 }, // U+0015
    { 0, 0, 0, 0, 0, 0, 0 }, // U+0016
    { 0, 0, 0, 0, 0, 0, 0 }, // U+0017
    { 0, 0, 0, 0, 0, 0, 0 }, // U+0018
    { 0, 0, 0, 0, 0, 0, 0 }, // U+0019
    { 0, 0, 0, 0, 0, 0, 0 }, // U+001A
    { 0, 0, 0, 0, 0, 0, 0 }, // U+001B
    { 0, 0, 0, 0, 0, 0, 0 }, // U+001C
    { 0, 0, 0, 0, 0, 0, 0 }, // U+001D
    { 0, 0, 0, 0, 0, 0, 0 }, // U+001E
    { 0, 0, 0, 0, 0, 0, 0 }, // U+001F
    { 0, 0, 142, 0, 0, 0, 0 }, // U+0020
    { 13, 26, 181, 0, 25, 85, 0 }, // !
    { 13, 11, 239, 5, 26, 36, 85 }, // "
    { 21, 26, 287, -1, 22, 137, 121 }, // #
    { 25, 32, 329, -1, 28, 200, 258 }, // $
    { 27, 27, 439, 2, 26, 183, 458 }, // %
    { 32, 28, 511, 3, 27, 224, 641 }, // &
    { 7, 11, 142, 5, 26, 20, 865 }, // '
    { 16, 36, 180, 1, 27, 144, 885 }, // (
    { 17, 36, 180, -5, 27, 153, 1029 }, // )
    { 13, 13, 216, 4, 26, 43, 1182 }, // *
    { 21, 21, 358, 1, 20, 111, 1225 }, // +
    { 10, 11, 161, -3, 5, 28, 1336 }, // ,
    { 12, 4, 193, 0, 10, 12, 1364 }, // -
    { 7, 8, 161, 0, 6, 14, 1376 }, // .
    { 19, 28, 166, -3, 25, 133, 1390 }, // /
    { 21, 25, 358, 2, 24, 132, 1523 }, // 0
    { 18, 25, 231, -2, 24, 113, 1655 }, // 1
    { 22, 25, 316, -2, 24, 138, 1768 }, // 2
    { 19, 26, 279, -1, 24, 124, 1906 }, // 3
    { 21, 26, 331, 0, 25, 137, 2030 }, // 4
    { 21, 26, 269, -2, 24, 137, 2167 }, // 5
    { 23, 26, 310, 0, 25, 150, 2304 }, // 6
    { 23, 26, 320, 1, 24, 150, 2454 }, // 7
    { 20, 25, 311, 0, 24, 125, 2604 }, // 8
    { 22, 25, 301, -1, 24, 138, 2729 }, // 9
    { 10, 18, 161, 0, 16, 45, 2867 }, // :
    { 13, 22, 161, -3, 16, 72, 2912 }, // ;
    { 19, 19, 359, 1, 18, 91, 2984 }, // <
    { 22, 9, 380, 1, 14, 50, 3075 }, // =
    { 19, 18, 359, 2, 18, 86, 3125 }, // >
    { 14, 26, 233, 2, 25, 91, 3211 }, // ?
    { 30, 27, 476, 0, 21, 203, 3302 }, // @
    { 29, 27, 448, -3, 26, 196, 3505 }, // A
    { 26, 26, 376, -2, 25, 169, 3701 }, // B
    { 26, 26, 399, 2, 25, 169, 3870 }, // C
    { 30, 26, 440, -2, 25, 195, 4039 }, // D
    { 27, 26, 344, -3, 25, 176, 4234 }, // E
    { 27, 26, 321, -2, 25, 176, 4410 }, // F
    { 27, 26, 436, 1, 25, 176, 4586 }, // G
    { 36, 26, 468, -2, 25, 234, 4762 }, // H
    { 21, 26, 227, -2, 25, 137, 4996 }, // I
    { 27, 33, 227, -8, 25, 223, 5133 }, // J
    { 35, 26, 457, -2, 25, 228, 5356 }, // K
    { 23, 26, 347, -2, 25, 150, 5584 }, // L
    { 42, 26, 593, -2, 25, 273, 5734 }, // M
    { 35, 26, 469, -1, 25, 228, 6007 }, // N
    { 25, 26, 415, 2, 25, 163, 6235 }, // O
    { 28, 26, 374, -2, 25, 182, 6398 }, // P
    { 28, 36, 421, 1, 25, 252, 6580 }, // Q
    { 29, 26, 455, -2, 25, 189, 6832 }, // R
    { 24, 26, 316, -1, 25, 156, 7021 }, // S
    { 27, 28, 406, 4, 27, 189, 7177 }, // T
    { 29, 26, 427, 3, 25, 189, 7366 }, // U
    { 27, 26, 436, 5, 25, 176, 7555 }, // V
    { 42, 26, 667, 5, 25, 273, 7731 }, // W
    { 32, 26, 428, -2, 25, 208, 8004 }, // X
    { 27, 26, 391, 3, 25, 176, 8212 }, // Y
    { 29, 27, 385, -2, 26, 196, 8388 }, // Z
    { 20, 35, 224, -1, 27, 175, 8584 }, // [
    { 7, 29, 239, 5, 26, 51, 8759 }, // <backslash>
    { 20, 35, 225, -4, 27, 175, 8810 }, // ]
    { 18, 14, 309, 1, 23, 63, 8985 }, // ^
    { 23, 4, 350, -5, -4, 23, 9048 }, // _
    { 7, 10, 142, 5, 27, 18, 9071 }, // `
    { 20, 18, 325, -1, 17, 90, 9089 }, // a
    { 18, 28, 316, 2, 27, 126, 9179 }, // b
    { 14, 18, 220, 0, 17, 63, 9305 }, // c
    { 24, 28, 338, -1, 27, 168, 9368 }, // d
    { 15, 18, 228, 0, 17, 68, 9536 }, // e
    { 29, 38, 230, -8, 27, 276, 9604 }, // f
    { 23, 28, 281, -4, 17, 161, 9880 }, // g
    { 20, 28, 338, 1, 27, 140, 10041 }, // h
    { 14, 26, 199, 0, 25, 91, 10181 }, // i
    { 22, 36, 187, -9, 25, 198, 10272 }, // j
    { 20, 28, 321, 0, 27, 140, 10470 }, // k
    { 14, 28, 188, 0, 27, 98, 10610 }, // l
    { 29, 18, 499, 1, 17, 131, 10708 }, // m
    { 21, 18, 359, 1, 17, 95, 10839 }, // n
    { 17, 18, 275, 0, 17, 77, 10934 }, // o
    { 25, 32, 317, -5, 21, 200, 11011 }, // p
    { 20, 29, 326, 0, 18, 145, 11211 }, // q
    { 18, 18, 274, 1, 17, 81, 11356 }, // r
    { 14, 18, 190, -1, 17, 63, 11437 }, // s
    { 14, 23, 218, 1, 22, 81, 11500 }, // t
    { 20, 18, 358, 1, 17, 90, 11581 }, // u
    { 17, 18, 286, 1, 17, 77, 11671 }, // v
    { 25, 18, 416, 1, 17, 113, 11748 }, // w
    { 21, 18, 298, -1, 17, 95, 11861 }, // x
    { 23, 28, 289, -5, 17, 161, 11956 }, // y
    { 19, 19, 283, -1, 17, 91, 12117 }, // z
    { 20, 33, 233, 0, 27, 165, 12208 }, // {
    { 5, 38, 166, 3, 27, 48, 12373 }, // |
    { 19, 33, 233, -3, 27, 157, 12421 }, // }
    { 19, 7, 327, 2, 16, 34, 12578 }, // ~
    { 0, 0, 0, 0, 0, 0, 12612 }, // U+007F
    { 0, 0, 0, 0, 0, 0, 0 }, // U+0080
    { 0, 0, 0, 0, 0, 0, 0 }, // U+0081
    { 0, 0, 0, 0, 0, 0, 0 }, // U+0082
    { 0, 0, 0, 0, 0, 0, 0 }, // U+0083
    { 0, 0, 0, 0, 0, 0, 0 }, // U+0084
    { 0, 0, 0, 0, 0, 0, 0 }, // U+0085
    { 0, 0, 0, 0, 0, 0, 0 }, // U+0086
    { 0, 0, 0, 0, 0, 0, 0 }, // U+0087
    { 0, 0, 0, 0, 0, 0, 0 }, // U+0088
    { 0, 0, 0, 0, 0, 0, 0 }, // U+0089
    { 0, 0, 0, 0, 0, 0, 0 }, // U+008A
    { 0, 0, 0, 0, 0, 0, 0 }, // U+008B
    { 0, 0, 0, 0, 0, 0, 0 }, // U+008C
    { 0, 0, 0, 0, 0, 0, 0 }, // U+008D
    { 0, 0, 0, 0, 0, 0, 0 }, // U+008E
    { 0, 0, 0, 0, 0, 0, 0 }, // U+008F
    { 0, 0, 0, 0, 0, 0, 0 }, // U+0090
    { 0, 0, 0, 0, 0, 0, 0 }, // U+0091
    { 0, 0, 0, 0, 0, 0, 0 }, // U+0092
    { 0, 0, 0, 0, 0, 0, 0 }, // U+0093
    { 0, 0, 0, 0, 0, 0, 0 }, // U+0094
    { 0, 0, 0, 0, 0, 0, 0 }, // U+0095
    { 0, 0, 0, 0, 0, 0, 0 }, // U+0096
    { 0, 0, 0, 0, 0, 0, 0 }, // U+0097
    { 0, 0, 0, 0, 0, 0, 0 }, // U+0098
    { 0, 0, 0, 0, 0, 0, 0 }, // U+0099
    { 0, 0, 0, 0, 0, 0, 0 }, // U+009A
    { 0, 0, 0, 0, 0, 0, 0 }, // U+009B
    { 0, 0, 0, 0, 0, 0, 0 }, // U+009C
    { 0, 0, 0, 0, 0, 0, 0 }, // U+009D
    { 0, 0, 0, 0, 0, 0, 0 }, // U+009E
    { 0, 0, 0, 0, 0, 0, 0 }, // U+009F
    { 0, 0, 142, 0, 0, 0, 0 }, // U+00A0
    { 13, 26, 182, -1, 19, 85, 0 }, // U+00A1
    { 18, 24, 259, 0, 20, 108, 85 }, // U+00A2
    { 27, 26, 373, -2, 24, 176, 193 }, // U+00A3
    { 22, 18, 299, -1, 19, 99, 369 }, // U+00A4
    { 27, 26, 388, 3, 25, 176, 468 }, // U+00A5
    { 5, 38, 166, 3, 27, 48, 644 }, // U+00A6
    { 21, 30, 264, -2, 24, 158, 692 }, // U+00A7
    { 14, 6, 274, 6, 24, 21, 850 }, // U+00A8
    { 24, 24, 409, 2, 24, 144, 871 }, // U+00A9
    { 14, 17, 209, 0, 22, 60, 1015 }, // U+00AA
    { 23, 16, 373, 1, 16, 92, 1075 }, // U+00AB
    { 20, 14, 360, 1, 15, 70, 1167 }, // U+00AC
    { 0, 0, 0, 0, 0, 0, 1237 }, // U+00AD
    { 24, 24, 425, 3, 24, 144, 1237 }, // U+00AE
    { 13, 4, 213, 4, 22, 13, 1381 }, // U+00AF
    { 12, 12, 208, 4, 26, 36, 1394 }, // U+00B0
    { 21, 23, 359, 1, 24, 121, 1430 }, // U+00B1
    { 7, 10, 142, 5, 27, 18, 1551 }, // U+00B4
    { 23, 28, 343, -2, 17, 161, 1569 }, // U+00B5
    { 28, 36, 365, -1, 25, 252, 1730 }, // U+00B6
    { 7, 8, 153, 1, 12, 14, 1982 }, // U+00B7
    { 10, 12, 142, -5, 1, 30, 1996 }, // U+00B8
    { 16, 17, 229, 1, 22, 68, 2026 }, // U+00BA
    { 22, 16, 382, 0, 16, 88, 2094 }, // U+00BB
    { 27, 27, 410, 1, 26, 183, 2182 }, // U+00BC
    { 27, 27, 432, 1, 26, 183, 2365 }, // U+00BD
    { 27, 27, 419, 2, 26, 183, 2548 }, // U+00BE
    { 14, 26, 233, -1, 19, 91, 2731 }, // U+00BF
    { 30, 34, 448, -3, 33, 255, 2822 }, // U+00C0
    { 34, 34, 448, -3, 33, 289, 3077 }, // U+00C1
    { 34, 33, 448, -3, 32, 281, 3366 }, // U+00C2
    { 35, 33, 448, -3, 32, 289, 3647 }, // U+00C3
    { 35, 33, 448, -3, 32, 289, 3936 }, // U+00C4
    { 33, 34, 448, -3, 33, 281, 4225 }, // U+00C5
    { 40, 26, 536, -3, 25, 260, 4506 }, // U+00C6
    { 26, 36, 399, 2, 25, 234, 4766 }, // U+00C7
    { 27, 34, 344, -3, 33, 230, 5000 }, // U+00C8
    { 27, 34, 344, -3, 33, 230, 5230 }, // U+00C9
    { 27, 33, 344, -3, 32, 223, 5460 }, // U+00CA
    { 27, 33, 344, -3, 32, 223, 5683 }, // U+00CB
    { 21, 34, 227, -2, 33, 179, 5906 }, // U+00CC
    { 21, 34, 227, -2, 33, 179, 6085 }, // U+00CD
    { 21, 33, 227, -2, 32, 174, 6264 }, // U+00CE
    { 22, 33, 227, -2, 32, 182, 6438 }, // U+00CF
    { 30, 26, 440, -2, 25, 195, 6620 }, // U+00D0
    { 35, 33, 469, -1, 32, 289, 6815 }, // U+00D1
    { 25, 34, 415, 2, 33, 213, 7104 }, // U+00D2
    { 25, 34, 415, 2, 33, 213, 7317 }, // U+00D3
    { 25, 33, 415, 2, 32, 207, 7530 }, // U+00D4
    { 25, 33, 415, 2, 32, 207, 7737 }, // U+00D5
    { 25, 33, 415, 2, 32, 207, 7944 }, // U+00D6
    { 15, 16, 344, 4, 17, 60, 8151 }, // U+00D7
    { 31, 26, 418, -1, 25, 202, 8211 }, // U+00D8
    { 29, 34, 427, 3, 33, 247, 8413 }, // U+00D9
    { 29, 34, 427, 3, 33, 247, 8660 }, // U+00DA
    { 29, 33, 427, 3, 32, 240, 8907 }, // U+00DB
    { 29, 33, 427, 3, 32, 240, 9147 }, // U+00DC
    { 27, 34, 391, 3, 33, 230, 9387 }, // U+00DD
    { 26, 26, 369, -2, 25, 169, 9617 }, // U+00DE
    { 34, 38, 342, -8, 27, 323, 9786 }, // U+00DF
    { 20, 28, 325, -1, 27, 140, 10109 }, // U+00E0
    { 20, 28, 325, -1, 27, 140, 10249 }, // U+00E1
    { 20, 27, 325, -1, 26, 135, 10389 }, // U+00E2
    { 21, 25, 325, -1, 24, 132, 10524 }, // U+00E3
    { 22, 25, 325, -1, 24, 138, 10656 }, // U+00E4
    { 20, 27, 325, -1, 26, 135, 10794 }, // U+00E5
    { 23, 18, 339, -1, 17, 104, 10929 }, // U+00E6
    { 16, 28, 220, -2, 17, 112, 11033 }, // U+00E7
    { 15, 28, 228, 0, 27, 105, 11145 }, // U+00E8
    { 17, 28, 228, 0, 27, 119, 11250 }, // U+00E9
    { 16, 27, 228, 0, 26, 108, 11369 }, // U+00EA
    { 19, 25, 228, 0, 24, 119, 11477 }, // U+00EB
    { 11, 28, 199, 0, 27, 77, 11596 }, // U+00EC
    { 16, 28, 199, 0, 27, 112, 11673 }, // U+00ED
    { 15, 27, 199, 0, 26, 102, 11785 }, // U+00EE
    { 18, 25, 199, 0, 24, 113, 11887 }, // U+00EF
    { 21, 28, 269, 0, 27, 147, 12000 }, // U+00F0
    { 21, 25, 359, 1, 24, 132, 12147 }, // U+00F1
    { 17, 28, 275, 0, 27, 119, 12279 }, // U+00F2
    { 18, 28, 275, 0, 27, 126, 12398 }, // U+00F3
    { 18, 27, 275, 0, 26, 122, 12524 }, // U+00F4
    { 19, 25, 275, 0, 24, 119, 12646 }, // U+00F5
    { 20, 25, 275, 0, 24, 125, 12765 }, // U+00F6
    { 20, 17, 357, 2, 19, 85, 12890 }, // U+00F7
    { 20, 18, 260, -2, 17, 90, 12975 }, // U+00F8
    { 20, 28, 358, 1, 27, 140, 13065 }, // U+00F9
    { 20, 28, 358, 1, 27, 140, 13205 }, // U+00FA
    { 20, 27, 358, 1, 26, 135, 13345 }, // U+00FB
    { 22, 25, 358, 1, 24, 138, 13480 }, // U+00FC
    { 23, 38, 289, -5, 27, 219, 13618 }, // U+00FD
    { 26, 38, 319, -6, 27, 247, 13837 }, // U+00FE
    { 24, 35, 289, -5, 24, 210, 14084 }, // U+00FF
    { 35, 31, 448, -3, 30, 272, 0 }, // U+0100
    { 21, 23, 325, -1, 22, 121, 272 }, // U+0101
    { 35, 33, 448, -3, 32, 289, 393 }, // U+0102
    { 20, 25, 325, -1, 24, 125, 682 }, // U+0103
    { 29, 37, 469, -3, 26, 269, 807 }, // U+0104
    { 20, 28, 311, -1, 17, 140, 1076 }, // U+0105
    { 26, 34, 399, 2, 33, 221, 1216 }, // U+0106
    { 16, 28, 220, 0, 27, 112, 1437 }, // U+0107
    { 26, 33, 399, 2, 32, 215, 1549 }, // U+0108
    { 16, 27, 220, 0, 26, 108, 1764 }, // U+0109
    { 26, 33, 399, 2, 32, 215, 1872 }, // U+010A
    { 14, 26, 220, 0, 25, 91, 2087 }, // U+010B
    { 26, 33, 399, 2, 32, 215, 2178 }, // U+010C
    { 17, 27, 220, 0, 26, 115, 2393 }, // U+010D
    { 30, 33, 440, -2, 32, 248, 2508 }, // U+010E
    { 31, 28, 376, -1, 27, 217, 2756 }, // U+010F
    { 30, 26, 440, -2, 25, 195, 2973 }, // U+0110
    { 25, 28, 332, -1, 27, 175, 3168 }, // U+0111
    { 27, 31, 344, -3, 30, 210, 3343 }, // U+0112
    { 18, 23, 228, 0, 22, 104, 3553 }, // U+0113
    { 27, 33, 344, -3, 32, 223, 3657 }, // U+0114
    { 17, 25, 228, 0, 24, 107, 3880 }, // U+0115
    { 27, 33, 344, -3, 32, 223, 3987 }, // U+0116
    { 15, 26, 228, 0, 25, 98, 4210 }, // U+0117
    { 27, 36, 358, -3, 25, 243, 4308 }, // U+0118
    { 15, 28, 230, 0, 17, 105, 4551 }, // U+0119
    { 27, 33, 344, -3, 32, 223, 4656 }, // U+011A
    { 18, 27, 228, 0, 26, 122, 4879 }, // U+011B
    { 27, 33, 436, 1, 32, 223, 5001 }, // U+011C
    { 23, 37, 281, -4, 26, 213, 5224 }, // U+011D
    { 27, 33, 436, 1, 32, 223, 5437 }, // U+011E
    { 23, 35, 281, -4, 24, 202, 5660 }, // U+011F
    { 27, 33, 436, 1, 32, 223, 5862 }, // U+0120
    { 23, 36, 281, -4, 25, 207, 6085 }, // U+0121
    { 27, 36, 436, 1, 25, 243, 6292 }, // U+0122
    { 23, 38, 281, -4, 27, 219, 6535 }, // U+0123
    { 36, 33, 468, -2, 32, 297, 6754 }, // U+0124
    { 20, 35, 320, 1, 34, 175, 7051 }, // U+0125
    { 36, 26, 475, -2, 25, 234, 7226 }, // U+0126
    { 20, 28, 338, 1, 27, 140, 7460 }, // U+0127
    { 22, 33, 227, -2, 32, 182, 7600 }, // U+0128
    { 17, 25, 199, 0, 24, 107, 7782 }, // U+0129
    { 22, 31, 227, -2, 30, 171, 7889 }, // U+012A
    { 17, 23, 199, 0, 22, 98, 8060 }, // U+012B
    { 22, 33, 227, -2, 32, 182, 8158 }, // U+012C
    { 16, 25, 199, 0, 24, 100, 8340 }, // U+012D
    { 21, 36, 221, -2, 25, 189, 8440 }, // U+012E
    { 17, 36, 193, -3, 25, 153, 8629 }, // U+012F
    { 21, 33, 227, -2, 32, 174, 8782 }, // U+0130
    { 11, 18, 199, 0, 17, 50, 8956 }, // U+0131
    { 35, 33, 454, -2, 25, 289, 9006 }, // U+0132
    { 25, 36, 374, 0, 25, 225, 9295 }, // U+0133
    { 28, 40, 227, -8, 32, 280, 9520 }, // U+0134
    { 24, 37, 187, -9, 26, 222, 9800 }, // U+0135
    { 35, 36, 457, -2, 25, 315, 10022 }, // U+0136
    { 20, 38, 321, 0, 27, 190, 10337 }, // U+0137
    { 20, 18, 329, 1, 17, 90, 10527 }, // U+0138
    { 23, 34, 347, -2, 33, 196, 10617 }, // U+0139
    { 18, 35, 184, 0, 34, 158, 10813 }, // U+013A
    { 23, 36, 347, -2, 25, 207, 10971 }, // U+013B
    { 17, 38, 188, -3, 27, 162, 11178 }, // U+013C
    { 27, 27, 355, -2, 26, 183, 11340 }, // U+013D
    { 20, 28, 219, 0, 27, 140, 11523 }, // U+013E
    { 26, 26, 347, -2, 25, 169, 11663 }, // U+013F
    { 18, 28, 226, 0, 27, 126, 11832 }, // U+0140
    { 23, 26, 347, -2, 25, 150, 11958 }, // U+0141
    { 14, 28, 205, 1, 27, 98, 12108 }, // U+0142
    { 35, 34, 469, -1, 33, 298, 12206 }, // U+0143
    { 21, 28, 359, 1, 27, 147, 12504 }, // U+0144
    { 35, 36, 469, -1, 25, 315, 12651 }, // U+0145
    { 21, 28, 359, 1, 17, 147, 12966 }, // U+0146
    { 35, 33, 469, -1, 32, 289, 13113 }, // U+0147
    { 21, 27, 359, 1, 26, 142, 13402 }, // U+0148
    { 25, 28, 410, 0, 27, 175, 13544 }, // U+0149
    { 35, 36, 467, -1, 25, 315, 13719 }, // U+014A
    { 21, 28, 326, 0, 17, 147, 14034 }, // U+014B
    { 25, 31, 415, 2, 30, 194, 14181 }, // U+014C
    { 19, 23, 275, 0, 22, 110, 14375 }, // U+014D
    { 25, 33, 415, 2, 32, 207, 14485 }, // U+014E
    { 19, 25, 275, 0, 24, 119, 14692 }, // U+014F
    { 27, 34, 415, 2, 33, 230, 14811 }, // U+0150
    { 21, 27, 275, 0, 26, 142, 15041 }, // U+0151
    { 36, 26, 575, 2, 25, 234, 15183 }, // U+0152
    { 25, 18, 388, 0, 17, 113, 15417 }, // U+0153
    { 29, 34, 455, -2, 33, 247, 15530 }, // U+0154
    { 18, 28, 274, 1, 27, 126, 15777 }, // U+0155
    { 29, 36, 455, -2, 25, 261, 15903 }, // U+0156
    { 20, 28, 274, -1, 17, 140, 16164 }, // U+0157
    { 29, 33, 455, -2, 32, 240, 16304 }, // U+0158
    { 18, 27, 274, 1, 26, 122, 16544 }, // U+0159
    { 24, 34, 316, -1, 33, 204, 16666 }, // U+015A
    { 16, 28, 190, -1, 27, 112, 16870 }, // U+015B
    { 24, 33, 316, -1, 32, 198, 16982 }, // U+015C
    { 16, 27, 190, -1, 26, 108, 17180 }, // U+015D
    { 24, 36, 296, -1, 25, 216, 17288 }, // U+015E
    { 17, 28, 190, -4, 17, 119, 17504 }, // U+015F
    { 25, 33, 316, -1, 32, 207, 17623 }, // U+0160
    { 17, 27, 190, -1, 26, 115, 17830 }, // U+0161
    { 28, 38, 407, 3, 27, 266, 17945 }, // U+0162
    { 18, 33, 221, -3, 22, 149, 18211 }, // U+0163
    { 27, 33, 406, 4, 32, 223, 18360 }, // U+0164
    { 21, 29, 245, 1, 28, 153, 18583 }, // U+0165
    { 27, 28, 413, 4, 27, 189, 18736 }, // U+0166
    { 14, 23, 218, 1, 22, 81, 18925 }, // U+0167
    { 29, 33, 427, 3, 32, 240, 19006 }, // U+0168
    { 21, 25, 358, 1, 24, 132, 19246 }, // U+0169
    { 29, 31, 427, 3, 30, 225, 19378 }, // U+016A
    { 21, 23, 358, 1, 22, 121, 19603 }, // U+016B
    { 29, 33, 427, 3, 32, 240, 19724 }, // U+016C
    { 20, 25, 358, 1, 24, 125, 19964 }, // U+016D
    { 29, 34, 427, 3, 33, 247, 20089 }, // U+016E
    { 20, 27, 358, 1, 26, 135, 20336 }, // U+016F
    { 29, 34, 427, 3, 33, 247, 20471 }, // U+0170
    { 22, 27, 358, 1, 26, 149, 20718 }, // U+0171
    { 29, 36, 431, 3, 25, 261, 20867 }, // U+0172
    { 20, 28, 349, 1, 17, 140, 21128 }, // U+0173
    { 42, 33, 667, 5, 32, 347, 21268 }, // U+0174
    { 25, 27, 416, 1, 26, 169, 21615 }, // U+0175
    { 27, 33, 391, 3, 32, 223, 21784 }, // U+0176
    { 23, 37, 289, -5, 26, 213, 22007 }, // U+0177
    { 27, 33, 391, 3, 32, 223, 22220 }, // U+0178
    { 29, 34, 385, -2, 33, 247, 22443 }, // U+0179
    { 19, 29, 283, -1, 27, 138, 22690 }, // U+017A
    { 29, 33, 385, -2, 32, 240, 22828 }, // U+017B
    { 19, 27, 283, -1, 25, 129, 23068 }, // U+017C
    { 29, 33, 385, -2, 32, 240, 23197 }, // U+017D
    { 20, 28, 283, -1, 26, 140, 23437 }, // U+017E
    { 30, 38, 248, -8, 27, 285, 23577 }, // U+017F
    { 30, 29, 418, 2, 28, 218, 0 }, // U+01A0
    { 22, 22, 296, 0, 21, 121, 218 }, // U+01A1
    { 32, 31, 427, 3, 30, 248, 339 }, // U+01AF
    { 26, 21, 349, 1, 20, 137, 587 }, // U+01B0
    { 56, 33, 824, -2, 32, 462, 724 }, // U+01C4
    { 48, 28, 722, -2, 26, 336, 1186 }, // U+01C5
    { 41, 29, 620, -1, 27, 298, 1522 }, // U+01C6
    { 43, 33, 574, -2, 25, 355, 1820 }, // U+01C7
    { 37, 36, 534, -2, 25, 333, 2175 }, // U+01C8
    { 25, 38, 375, 0, 27, 238, 2508 }, // U+01C9
    { 49, 33, 695, -1, 25, 405, 2746 }, // U+01CA
    { 44, 36, 655, -1, 25, 396, 3151 }, // U+01CB
    { 35, 36, 544, 1, 25, 315, 3547 }, // U+01CC
    { 36, 33, 448, -3, 32, 297, 3862 }, // U+01CD
    { 21, 27, 325, -1, 26, 142, 4159 }, // U+01CE
    { 23, 33, 227, -2, 32, 190, 4301 }, // U+01CF
    { 17, 27, 199, 0, 26, 115, 4491 }, // U+01D0
    { 25, 33, 415, 2, 32, 207, 4606 }, // U+01D1
    { 19, 27, 275, 0, 26, 129, 4813 }, // U+01D2
    { 29, 33, 427, 3, 32, 240, 4942 }, // U+01D3
    { 21, 27, 358, 1, 26, 142, 5182 }, // U+01D4
    { 29, 36, 427, 3, 35, 261, 5324 }, // U+01D5
    { 23, 30, 353, 1, 29, 173, 5585 }, // U+01D6
    { 29, 39, 435, 3, 38, 283, 5758 }, // U+01D7
    { 22, 32, 349, 1, 31, 176, 6041 }, // U+01D8
    { 29, 38, 427, 3, 37, 276, 6217 }, // U+01D9
    { 22, 33, 349, 1, 32, 182, 6493 }, // U+01DA
    { 29, 39, 371, 3, 38, 283, 6675 }, // U+01DB
    { 22, 32, 349, 1, 31, 176, 6958 }, // U+01DC
    { 16, 18, 228, -1, 17, 72, 7134 }, // U+01DD
    { 36, 36, 448, -3, 35, 324, 7206 }, // U+01DE
    { 23, 30, 325, -1, 29, 173, 7530 }, // U+01DF
    { 36, 37, 448, -3, 36, 333, 7703 }, // U+01E0
    { 23, 30, 325, -1, 29, 173, 8036 }, // U+01E1
    { 40, 31, 536, -3, 30, 310, 8209 }, // U+01E2
    { 23, 23, 339, -1, 22, 133, 8519 }, // U+01E3
    { 27, 26, 441, 1, 25, 176, 8652 }, // U+01E4
    { 25, 28, 281, -6, 17, 175, 8828 }, // U+01E5
    { 27, 33, 436, 1, 32, 223, 9003 }, // U+01E6
    { 23, 37, 281, -4, 26, 213, 9226 }, // U+01E7
    { 35, 33, 457, -2, 32, 289, 9439 }, // U+01E8
    { 25, 33, 321, 0, 32, 207, 9728 }, // U+01E9
    { 25, 36, 418, 2, 25, 225, 9935 }, // U+01EA
    { 17, 28, 260, 0, 17, 119, 10160 }, // U+01EB
    { 25, 41, 418, 2, 30, 257, 10279 }, // U+01EC
    { 19, 33, 260, 0, 22, 157, 10536 }, // U+01ED
    { 25, 33, 347, 0, 32, 207, 10693 }, // U+01EE
    { 21, 37, 284, -3, 26, 195, 10900 }, // U+01EF
    { 25, 37, 187, -9, 26, 232, 11095 }, // U+01F0
    { 56, 27, 824, -2, 26, 378, 11327 }, // U+01F1
    { 48, 27, 722, -2, 25, 324, 11705 }, // U+01F2
    { 40, 29, 620, -1, 27, 290, 12029 }, // U+01F3
    { 27, 34, 436, 1, 33, 230, 12319 }, // U+01F4
    { 23, 38, 281, -4, 27, 219, 12549 }, // U+01F5
    { 40, 26, 583, -2, 25, 260, 12768 }, // U+01F6
    { 31, 32, 376, -4, 25, 248, 13028 }, // U+01F7
    { 35, 34, 469, -1, 33, 298, 13276 }, // U+01F8
    { 21, 28, 359, 1, 27, 147, 13574 }, // U+01F9
    { 38, 40, 366, -3, 39, 380, 13721 }, // U+01FA
    { 22, 33, 311, -1, 32, 182, 14101 }, // U+01FB
    { 40, 34, 536, -3, 33, 340, 14283 }, // U+01FC
    { 23, 28, 339, -1, 27, 161, 14623 }, // U+01FD
    { 31, 34, 418, -1, 33, 264, 14784 }, // U+01FE
    { 20, 28, 260, -2, 27, 140, 15048 }, // U+01FF
    { 32, 34, 448, -3, 33, 272, 15188 }, // U+0200
    { 20, 27, 325, -1, 26, 135, 15460 }, // U+0201
    { 34, 33, 448, -3, 32, 281, 15595 }, // U+0202
    { 20, 26, 325, -1, 25, 130, 15876 }, // U+0203
    { 27, 34, 344, -3, 33, 230, 16006 }, // U+0204
    { 15, 27, 228, 0, 26, 102, 16236 }, // U+0205
    { 27, 33, 344, -3, 32, 223, 16338 }, // U+0206
    { 17, 26, 228, 0, 25, 111, 16561 }, // U+0207
    { 21, 34, 227, -2, 33, 179, 16672 }, // U+0208
    { 12, 27, 199, 0, 26, 81, 16851 }, // U+0209
    { 21, 33, 227, -2, 32, 174, 16932 }, // U+020A
    { 16, 26, 199, 0, 25, 104, 17106 }, // U+020B
    { 25, 34, 415, 2, 33, 213, 17210 }, // U+020C
    { 17, 27, 275, 0, 26, 115, 17423 }, // U+020D
    { 25, 33, 415, 2, 32, 207, 17538 }, // U+020E
    { 19, 26, 275, 0, 25, 124, 17745 }, // U+020F
    { 29, 34, 455, -2, 33, 247, 17869 }, // U+0210
    { 18, 27, 274, 1, 26, 122, 18116 }, // U+0211
    { 29, 33, 455, -2, 32, 240, 18238 }, // U+0212
    { 18, 26, 274, 1, 25, 117, 18478 }, // U+0213
    { 29, 34, 427, 3, 33, 247, 18595 }, // U+0214
    { 20, 27, 358, 1, 26, 135, 18842 }, // U+0215
    { 29, 33, 427, 3, 32, 240, 18977 }, // U+0216
    { 20, 26, 358, 1, 25, 130, 19217 }, // U+0217
    { 24, 36, 316, -1, 25, 216, 19347 }, // U+0218
    { 16, 28, 190, -3, 17, 112, 19563 }, // U+0219
    { 27, 38, 406, 4, 27, 257, 19675 }, // U+021A
    { 17, 33, 218, -2, 22, 141, 19932 }, // U+021B
    { 27, 33, 337, -6, 25, 223, 20073 }, // U+021C
    { 20, 28, 259, -5, 17, 140, 20296 }, // U+021D
    { 36, 33, 468, -2, 32, 297, 20436 }, // U+021E
    { 22, 35, 320, 1, 34, 193, 20733 }, // U+021F
    { 8, 10, 0, 0, 27, 20, 0 }, // U+0300
    { 8, 10, 0, 0, 27, 20, 20 }, // U+0301
    { 10, 9, 0, -3, 25, 23, 40 }, // U+0302
    { 12, 7, 0, -2, 24, 21, 63 }, // U+0303
    { 13, 4, 0, -3, 22, 13, 84 }, // U+0304
    { 16, 4, 0, -4, 23, 16, 97 }, // U+0305
    { 11, 7, 0, -1, 24, 20, 113 }, // U+0306
    { 6, 7, 0, -1, 25, 11, 133 }, // U+0307
    { 14, 6, 0, -3, 24, 21, 144 }, // U+0308
    { 9, 8, 0, 0, 26, 18, 165 }, // U+0309
    { 9, 8, 0, 0, 26, 18, 183 }, // U+030A
    { 12, 9, 0, -2, 26, 27, 201 }, // U+030B
    { 10, 9, 0, 0, 26, 23, 228 }, // U+030C
    { 5, 8, 0, 2, 26, 10, 251 }, // U+030D
    { 9, 8, 0, 0, 26, 18, 261 }, // U+030E
    { 9, 9, 0, 0, 26, 21, 279 }, // U+030F
    { 14, 10, 0, -3, 26, 35, 300 }, // U+0310
    { 11, 7, 0, -1, 25, 20, 335 }, // U+0311
    { 9, 10, 0, 0, 27, 23, 355 }, // U+0312
    { 8, 9, 0, 0, 26, 18, 378 }, // U+0313
    { 8, 10, 0, 0, 25, 20, 396 }, // U+0314
    { 8, 9, 0, 0, 26, 18, 416 }, // U+0315
    { 8, 10, 0, -8, 1, 20, 434 }, // U+0316
    { 8, 10, 0, -8, 1, 20, 454 }, // U+0317
    { 10, 10, 0, -9, -1, 25, 474 }, // U+0318
    { 9, 9, 0, -9, -2, 21, 499 }, // U+0319
    { 9, 6, 0, 0, 25, 14, 520 }, // U+031A
    { 11, 8, 0, -3, 21, 22, 534 }, // U+031B
    { 6, 9, 0, -7, -2, 14, 556 }, // U+031C
    { 9, 8, 0, -9, -2, 18, 570 }, // U+031D
    { 9, 7, 0, -8, -3, 16, 588 }, // U+031E
    { 9, 9, 0, -9, -2, 21, 604 }, // U+031F
    { 9, 4, 0, -9, -4, 9, 625 }, // U+0320
    { 17, 14, 0, -12, 3, 60, 634 }, // U+0321
    { 7, 14, 0, -8, 3, 25, 694 }, // U+0322
    { 6, 7, 0, -7, -2, 11, 719 }, // U+0323
    { 14, 6, 0, -9, -2, 21, 730 }, // U+0324
    { 9, 8, 0, -9, -1, 18, 751 }, // U+0325
    { 8, 10, 0, -9, -1, 20, 769 }, // U+0326
    { 10, 12, 0, -8, 1, 30, 789 }, // U+0327
    { 10, 12, 0, -5, 1, 30, 819 }, // U+0328
    { 5, 8, 0, -7, -2, 10, 849 }, // U+0329
    { 12, 6, 0, -11, -4, 18, 859 }, // U+032A
    { 14, 6, 0, -11, -4, 21, 877 }, // U+032B
    { 10, 9, 0, -8, -1, 23, 898 }, // U+032C
    { 10, 9, 0, -11, -2, 23, 921 }, // U+032D
    { 11, 7, 0, -9, -2, 20, 944 }, // U+032E
    { 11, 7, 0, -10, -2, 20, 964 }, // U+032F
    { 12, 6, 0, -10, -2, 18, 984 }, // U+0330
    { 13, 4, 0, -10, -2, 13, 1002 }, // U+0331
    { 17, 4, 0, -12, -2, 17, 1015 }, // U+0332
    { 18, 8, 0, -13, -2, 36, 1032 }, // U+0333
    { 19, 7, 0, -8, 16, 34, 1068 }, // U+0334
    { 14, 4, 0, -5, 16, 14, 1102 }, // U+0335
    { 18, 4, 0, -7, 16, 18, 1116 }, // U+0336
    { 20, 24, 0, -10, 21, 120, 1134 }, // U+0337
    { 18, 28, 0, -8, 25, 126, 1254 }, // U+0338
    { 7, 8, 0, -8, -2, 14, 1380 }, // U+0339
    { 12, 7, 0, -11, -4, 21, 1394 }, // U+033A
    { 13, 9, 0, -11, -2, 30, 1415 }, // U+033B
    { 14, 7, 0, -12, -3, 25, 1445 }, // U+033C
    { 9, 7, 0, 0, 26, 16, 1470 }, // U+033D
    { 7, 10, 0, 1, 27, 18, 1486 }, // U+033E
    { 8, 10, 0, 0, 27, 20, 1504 }, // U+0340
    { 7, 9, 0, 0, 25, 16, 1524 }, // U+0341
    { 13, 7, 0, -2, 23, 23, 1540 }, // U+0342
    { 8, 9, 0, 0, 26, 18, 1563 }, // U+0343
    { 14, 14, 0, -3, 32, 49, 1581 }, // U+0344
    { 8, 9, 0, -8, -1, 18, 1630 }, // U+0345
    { 0, 0, 0, 0, 0, 0, 1648 }, // U+034F
    { 7, 8, 0, 1, 25, 14, 1648 }, // U+0351
    { 9, 7, 0, -9, -2, 16, 1662 }, // U+0353
    { 7, 8, 0, 0, 25, 14, 1678 }, // U+0357
    { 25, 6, 0, -5, 32, 38, 1692 }, // U+035D
    { 25, 6, 0, -5, 31, 38, 1730 }, // U+0361
    { 9, 9, 0, 2, 27, 21, 1768 }, // U+0364
    { 27, 34, 344, -3, 33, 230, 0 }, // U+0400
    { 27, 33, 344, -3, 32, 223, 230 }, // U+0401
    { 30, 36, 491, 3, 27, 270, 453 }, // U+0402
    { 27, 34, 319, -2, 33, 230, 723 }, // U+0403
    { 26, 26, 399, 2, 25, 169, 953 }, // U+0404
    { 24, 26, 316, -1, 25, 156, 1122 }, // U+0405
    { 21, 26, 227, -2, 25, 137, 1278 }, // U+0406
    { 22, 33, 227, -2, 32, 182, 1415 }, // U+0407
    { 27, 33, 227, -8, 25, 223, 1597 }, // U+0408
    { 38, 26, 584, -2, 25, 247, 1820 }, // U+0409
    { 39, 26, 608, -2, 25, 254, 2067 }, // U+040A
    { 28, 28, 514, 3, 27, 196, 2321 }, // U+040B
    { 31, 34, 428, -2, 33, 264, 2517 }, // U+040C
    { 37, 34, 477, -2, 33, 315, 2781 }, // U+040D
    { 31, 35, 403, 0, 33, 272, 3096 }, // U+040E
    { 35, 34, 456, -2, 25, 298, 3368 }, // U+040F
    { 29, 27, 448, -3, 26, 196, 3666 }, // U+0410
    { 28, 26, 380, -2, 25, 182, 3862 }, // U+0411
    { 26, 26, 376, -2, 25, 169, 4044 }, // U+0412
    { 27, 26, 319, -2, 25, 176, 4213 }, // U+0413
    { 35, 34, 416, -4, 25, 298, 4389 }, // U+0414
    { 27, 26, 344, -3, 25, 176, 4687 }, // U+0415
    { 45, 27, 624, -3, 26, 304, 4863 }, // U+0416
    { 22, 26, 333, 0, 25, 143, 5167 }, // U+0417
    { 37, 26, 477, -2, 25, 241, 5310 }, // U+0418
    { 37, 34, 477, -2, 33, 315, 5551 }, // U+0419
    { 31, 26, 428, -2, 25, 202, 5866 }, // U+041A
    { 34, 26, 437, -2, 25, 221, 6068 }, // U+041B
    { 42, 26, 593, -2, 25, 273, 6289 }, // U+041C
    { 36, 26, 468, -2, 25, 234, 6562 }, // U+041D
    { 25, 26, 415, 2, 25, 163, 6796 }, // U+041E
    { 35, 26, 455, -2, 25, 228, 6959 }, // U+041F
    { 28, 26, 374, -2, 25, 182, 7187 }, // U+0420
    { 26, 26, 399, 2, 25, 169, 7369 }, // U+0421
    { 27, 28, 406, 4, 27, 189, 7538 }, // U+0422
    { 31, 27, 403, 0, 25, 210, 7727 }, // U+0423
    { 28, 27, 453, 2, 26, 189, 7937 }, // U+0424
    { 32, 26, 428, -2, 25, 208, 8126 }, // U+0425
    { 35, 34, 457, -2, 25, 298, 8334 }, // U+0426
    { 27, 26, 436, 5, 25, 176, 8632 }, // U+0427
    { 46, 26, 622, -2, 25, 299, 8808 }, // U+0428
    { 45, 34, 622, -2, 25, 383, 9107 }, // U+0429
    { 24, 26, 450, 3, 25, 156, 9490 }, // U+042A
    { 44, 26, 599, -2, 25, 286, 9646 }, // U+042B
    { 25, 26, 372, -2, 25, 163, 9932 }, // U+042C
    { 26, 26, 400, 0, 25, 169, 10095 }, // U+042D
    { 40, 26, 586, -2, 25, 260, 10264 }, // U+042E
    { 34, 26, 426, -3, 25, 221, 10524 }, // U+042F
    { 20, 18, 325, -1, 17, 90, 10745 }, // U+0430
    { 21, 28, 263, 0, 27, 147, 10835 }, // U+0431
    { 17, 18, 271, 0, 17, 77, 10982 }, // U+0432
    { 15, 18, 222, -1, 17, 68, 11059 }, // U+0433
    { 17, 28, 262, 0, 27, 119, 11127 }, // U+0434
    { 15, 18, 228, 0, 17, 68, 11246 }, // U+0435
    { 33, 18, 495, -1, 17, 149, 11314 }, // U+0436
    { 15, 18, 214, -2, 17, 68, 11463 }, // U+0437
    { 20, 18, 358, 1, 17, 90, 11531 }, // U+0438
    { 20, 25, 358, 1, 24, 125, 11621 }, // U+0439
    { 20, 18, 329, 1, 17, 90, 11746 }, // U+043A
    { 21, 18, 325, -2, 17, 95, 11836 }, // U+043B
    { 27, 18, 420, -2, 17, 122, 11931 }, // U+043C
    { 20, 18, 347, 1, 17, 90, 12053 }, // U+043D
    { 17, 18, 275, 0, 17, 77, 12143 }, // U+043E
    { 21, 18, 359, 1, 17, 95, 12220 }, // U+043F
    { 25, 32, 317, -5, 21, 200, 12315 }, // U+0440
    { 14, 18, 220, 0, 17, 63, 12515 }, // U+0441
    { 29, 18, 499, 1, 17, 131, 12578 }, // U+0442
    { 23, 28, 289, -5, 17, 161, 12709 }, // U+0443
    { 29, 36, 391, -2, 25, 261, 12870 }, // U+0444
    { 21, 18, 298, -1, 17, 95, 13131 }, // U+0445
    { 20, 27, 358, 1, 17, 135, 13226 }, // U+0446
    { 19, 18, 340, 1, 17, 86, 13361 }, // U+0447
    { 29, 18, 490, 1, 17, 131, 13447 }, // U+0448
    { 29, 27, 490, 1, 17, 196, 13578 }, // U+0449
    { 19, 18, 316, 0, 17, 86, 13774 }, // U+044A
    { 26, 18, 444, 1, 17, 117, 13860 }, // U+044B
    { 16, 18, 286, 1, 17, 72, 13977 }, // U+044C
    { 15, 18, 237, 0, 17, 68, 14049 }, // U+044D
    { 25, 18, 419, 1, 17, 113, 14117 }, // U+044E
    { 21, 18, 339, -1, 17, 95, 14230 }, // U+044F
    { 15, 28, 228, 0, 27, 105, 14325 }, // U+0450
    { 19, 25, 228, 0, 24, 119, 14430 }, // U+0451
    { 19, 35, 326, 1, 27, 167, 14549 }, // U+0452
    { 17, 28, 222, -1, 27, 119, 14716 }, // U+0453
    { 15, 18, 237, 0, 17, 68, 14835 }, // U+0454
    { 14, 18, 190, -1, 17, 63, 14903 }, // U+0455
    { 14, 26, 199, 0, 25, 91, 14966 }, // U+0456
    { 18, 25, 199, 0, 24, 113, 15057 }, // U+0457
    { 22, 36, 187, -9, 25, 198, 15170 }, // U+0458
    { 26, 18, 397, -2, 17, 117, 15368 }, // U+0459
    { 25, 18, 427, 1, 17, 113, 15485 }, // U+045A
    { 20, 28, 338, 1, 27, 140, 15598 }, // U+045B
    { 20, 28, 329, 1, 27, 140, 15738 }, // U+045C
    { 20, 28, 358, 1, 27, 140, 15878 }, // U+045D
    { 23, 35, 289, -5, 24, 202, 16018 }, // U+045E
    { 21, 27, 346, 0, 17, 142, 16220 }, // U+045F
    { 26, 28, 443, 2, 27, 182, 16362 }, // U+0462
    { 26, 18, 436, 1, 17, 117, 16544 }, // U+0463
    { 44, 26, 624, -3, 25, 286, 16661 }, // U+046A
    { 33, 17, 489, -2, 16, 141, 16947 }, // U+046B
    { 33, 26, 518, 3, 25, 215, 17088 }, // U+0470
    { 25, 26, 415, 2, 25, 163, 17303 }, // U+0472
    { 17, 18, 275, 0, 17, 77, 17466 }, // U+0473
    { 28, 26, 442, 5, 25, 182, 17543 }, // U+0474
    { 20, 18, 294, 1, 17, 90, 17725 }, // U+0475
    { 28, 34, 442, 5, 33, 238, 17815 }, // U+0476
    { 20, 27, 294, 1, 26, 135, 18053 }, // U+0477
    { 37, 41, 477, -2, 33, 380, 18188 }, // U+048A
    { 20, 34, 358, 1, 24, 170, 18568 }, // U+048B
    { 25, 28, 389, -1, 27, 175, 18738 }, // U+048C
    { 18, 28, 311, 1, 27, 126, 18913 }, // U+048D
    { 28, 26, 374, -2, 25, 182, 19039 }, // U+048E
    { 25, 32, 317, -5, 21, 200, 19221 }, // U+048F
    { 28, 30, 307, -2, 29, 210, 19421 }, // U+0490
    { 17, 21, 229, 0, 20, 90, 19631 }, // U+0491
    { 27, 26, 319, -2, 25, 176, 19721 }, // U+0492
    { 16, 18, 245, -1, 17, 72, 19897 }, // U+0493
    { 27, 34, 410, -2, 25, 230, 19969 }, // U+0494
    { 20, 28, 284, -3, 17, 140, 20199 }, // U+0495
    { 45, 35, 624, -3, 26, 394, 20339 }, // U+0496
    { 33, 27, 500, -1, 17, 223, 20733 }, // U+0497
    { 23, 36, 333, -1, 25, 207, 20956 }, // U+0498
    { 16, 28, 214, -3, 17, 112, 21163 }, // U+0499
    { 31, 34, 428, -2, 25, 264, 21275 }, // U+049A
    { 20, 27, 331, 1, 17, 135, 21539 }, // U+049B
    { 33, 26, 461, -2, 25, 215, 21674 }, // U+049C
    { 23, 18, 377, 1, 17, 104, 21889 }, // U+049D
    { 31, 27, 445, -1, 26, 210, 21993 }, // U+049E
    { 21, 28, 350, 1, 27, 147, 22203 }, // U+049F
    { 31, 26, 504, 3, 25, 202, 22350 }, // U+04A0
    { 24, 18, 386, 0, 17, 108, 22552 }, // U+04A1
    { 36, 34, 468, -2, 25, 306, 22660 }, // U+04A2
    { 20, 27, 347, 1, 17, 135, 22966 }, // U+04A3
    { 43, 28, 567, -2, 27, 301, 23101 }, // U+04A4
    { 26, 18, 388, 1, 17, 117, 23402 }, // U+04A5
    { 40, 34, 601, -2, 25, 340, 23519 }, // U+04A6
    { 26, 28, 446, 1, 17, 182, 23859 }, // U+04A7
    { 26, 26, 454, 2, 25, 169, 24041 }, // U+04A8
    { 20, 18, 332, 0, 17, 90, 24210 }, // U+04A9
    { 26, 36, 399, 2, 25, 234, 24300 }, // U+04AA
    { 16, 28, 220, -2, 17, 112, 24534 }, // U+04AB
    { 27, 36, 406, 4, 27, 243, 24646 }, // U+04AC
    { 29, 27, 499, 1, 17, 196, 24889 }, // U+04AD
    { 27, 26, 391, 3, 25, 176, 25085 }, // U+04AE
    { 20, 28, 316, 2, 17, 140, 25261 }, // U+04AF
    { 27, 26, 391, 3, 25, 176, 25401 }, // U+04B0
    { 22, 28, 316, 0, 17, 154, 25577 }, // U+04B1
    { 32, 34, 428, -2, 25, 272, 25731 }, // U+04B2
    { 21, 27, 298, -1, 17, 142, 26003 }, // U+04B3
    { 36, 36, 553, 3, 27, 324, 26145 }, // U+04B4
    { 21, 34, 358, 1, 24, 179, 26469 }, // U+04B5
    { 27, 34, 436, 5, 25, 230, 26648 }, // U+04B6
    { 19, 27, 340, 1, 17, 129, 26878 }, // U+04B7
    { 28, 26, 454, 5, 25, 182, 27007 }, // U+04B8
    { 21, 18, 371, 1, 17, 95, 27189 }, // U+04B9
    { 27, 26, 439, -2, 25, 176, 27284 }, // U+04BA
    { 20, 28, 338, 1, 27, 140, 27460 }, // U+04BB
    { 30, 27, 512, 4, 26, 203, 27600 }, // U+04BC
    { 19, 18, 304, 1, 17, 86, 27803 }, // U+04BD
    { 30, 38, 512, 4, 32, 285, 27889 }, // U+04BE
    { 23, 30, 304, 1, 24, 173, 28174 }, // U+04BF
    { 21, 26, 227, -2, 25, 137, 28347 }, // U+04C0
    { 45, 34, 624, -3, 33, 383, 28484 }, // U+04C1
    { 33, 25, 495, -1, 24, 207, 28867 }, // U+04C2
    { 31, 33, 403, -2, 25, 256, 29074 }, // U+04C3
    { 20, 28, 314, 1, 17, 140, 29330 }, // U+04C4
    { 34, 33, 437, -2, 25, 281, 29470 }, // U+04C5
    { 21, 27, 325, -2, 17, 142, 29751 }, // U+04C6
    { 36, 33, 467, -2, 25, 297, 29893 }, // U+04C7
    { 22, 28, 327, -1, 17, 154, 30190 }, // U+04C8
    { 36, 33, 468, -2, 25, 297, 30344 }, // U+04C9
    { 20, 27, 347, 1, 17, 135, 30641 }, // U+04CA
    { 27, 33, 436, 5, 25, 223, 30776 }, // U+04CB
    { 23, 28, 340, -3, 17, 161, 30999 }, // U+04CC
    { 42, 33, 591, -2, 25, 347, 31160 }, // U+04CD
    { 27, 27, 420, -2, 17, 183, 31507 }, // U+04CE
    { 14, 28, 188, 0, 27, 98, 31690 }, // U+04CF
    { 35, 34, 448, -3, 33, 298, 31788 }, // U+04D0
    { 20, 25, 325, -1, 24, 125, 32086 }, // U+04D1
    { 35, 33, 448, -3, 32, 289, 32211 }, // U+04D2
    { 22, 25, 325, -1, 24, 138, 32500 }, // U+04D3
    { 40, 26, 536, -3, 25, 260, 32638 }, // U+04D4
    { 23, 18, 339, -1, 17, 104, 32898 }, // U+04D5
    { 27, 34, 344, -3, 33, 230, 33002 }, // U+04D6
    { 17, 25, 228, 0, 24, 107, 33232 }, // U+04D7
    { 27, 26, 409, 0, 25, 176, 33339 }, // U+04D8
    { 16, 18, 228, -1, 17, 72, 33515 }, // U+04D9
    { 27, 33, 409, 0, 32, 223, 33587 }, // U+04DA
    { 19, 25, 228, -1, 24, 119, 33810 }, // U+04DB
    { 45, 33, 624, -3, 32, 372, 33929 }, // U+04DC
    { 33, 25, 495, -1, 24, 207, 34301 }, // U+04DD
    { 23, 33, 333, 0, 32, 190, 34508 }, // U+04DE
    { 19, 25, 214, -2, 24, 119, 34698 }, // U+04DF
    { 24, 27, 347, 0, 26, 162, 34817 }, // U+04E0
    { 21, 28, 284, -3, 17, 147, 34979 }, // U+04E1
    { 37, 31, 477, -2, 30, 287, 35126 }, // U+04E2
    { 21, 23, 358, 1, 22, 121, 35413 }, // U+04E3
    { 37, 33, 477, -2, 32, 306, 35534 }, // U+04E4
    { 22, 25, 358, 1, 24, 138, 35840 }, // U+04E5
    { 25, 33, 415, 2, 32, 207, 35978 }, // U+04E6
    { 20, 25, 275, 0, 24, 125, 36185 }, // U+04E7
    { 25, 26, 415, 2, 25, 163, 36310 }, // U+04E8
    { 17, 18, 275, 0, 17, 77, 36473 }, // U+04E9
    { 25, 33, 415, 2, 32, 207, 36550 }, // U+04EA
    { 20, 25, 275, 0, 24, 125, 36757 }, // U+04EB
    { 26, 33, 400, 0, 32, 215, 36882 }, // U+04EC
    { 18, 25, 237, 0, 24, 113, 37097 }, // U+04ED
    { 31, 32, 403, 0, 30, 248, 37210 }, // U+04EE
    { 23, 33, 289, -5, 22, 190, 37458 }, // U+04EF
    { 31, 34, 403, 0, 32, 264, 37648 }, // U+04F0
    { 24, 35, 289, -5, 24, 210, 37912 }, // U+04F1
    { 31, 35, 403, 0, 33, 272, 38122 }, // U+04F2
    { 25, 37, 289, -5, 26, 232, 38394 }, // U+04F3
    { 27, 33, 436, 5, 32, 223, 38626 }, // U+04F4
    { 20, 25, 340, 1, 24, 125, 38849 }, // U+04F5
    { 27, 34, 319, -2, 25, 230, 38974 }, // U+04F6
    { 15, 27, 222, -1, 17, 102, 39204 }, // U+04F7
    { 44, 33, 599, -2, 32, 363, 39306 }, // U+04F8
    { 26, 25, 444, 1, 24, 163, 39669 }, // U+04F9
    { 34, 33, 326, -8, 25, 281, 39832 }, // U+04FA
    { 19, 28, 245, -4, 17, 133, 40113 }, // U+04FB
    { 32, 36, 401, -2, 25, 288, 40246 }, // U+04FC
    { 21, 28, 297, -1, 17, 147, 40534 }, // U+04FD
    { 33, 26, 440, -2, 25, 215, 40681 }, // U+04FE
    { 21, 18, 298, -1, 17, 95, 40896 }, // U+04FF
    { 29, 35, 448, -3, 26, 254, 0 }, // U+1EA0
    { 20, 26, 325, -1, 17, 130, 254 }, // U+1EA1
    { 33, 33, 448, -3, 32, 273, 384 }, // U+1EA2
    { 20, 27, 325, -1, 26, 135, 657 }, // U+1EA3
    { 40, 36, 467, -3, 35, 360, 792 }, // U+1EA4
    { 24, 31, 310, -1, 30, 186, 1152 }, // U+1EA5
    { 34, 36, 467, -3, 35, 306, 1338 }, // U+1EA6
    { 20, 31, 310, -1, 30, 155, 1644 }, // U+1EA7
    { 39, 36, 448, -3, 35, 351, 1799 }, // U+1EA8
    { 24, 29, 305, -1, 28, 174, 2150 }, // U+1EA9
    { 36, 38, 448, -3, 37, 342, 2324 }, // U+1EAA
    { 22, 31, 310, -1, 30, 171, 2666 }, // U+1EAB
    { 34, 41, 448, -3, 32, 349, 2837 }, // U+1EAC
    { 20, 35, 325, -1, 26, 175, 3186 }, // U+1EAD
    { 35, 37, 467, -3, 36, 324, 3361 }, // U+1EAE
    { 20, 31, 310, -1, 30, 155, 3685 }, // U+1EAF
    { 35, 37, 467, -3, 36, 324, 3840 }, // U+1EB0
    { 20, 31, 307, -1, 30, 155, 4164 }, // U+1EB1
    { 35, 37, 448, -3, 36, 324, 4319 }, // U+1EB2
    { 20, 30, 305, -1, 29, 150, 4643 }, // U+1EB3
    { 37, 39, 448, -3, 38, 361, 4793 }, // U+1EB4
    { 22, 30, 307, -1, 29, 165, 5154 }, // U+1EB5
    { 35, 41, 448, -3, 32, 359, 5319 }, // U+1EB6
    { 20, 33, 325, -1, 24, 165, 5678 }, // U+1EB7
    { 27, 34, 344, -3, 25, 230, 5843 }, // U+1EB8
    { 15, 26, 228, 0, 17, 98, 6073 }, // U+1EB9
    { 27, 33, 344, -3, 32, 223, 6171 }, // U+1EBA
    { 17, 27, 228, 0, 26, 115, 6394 }, // U+1EBB
    { 27, 33, 344, -3, 32, 223, 6509 }, // U+1EBC
    { 18, 25, 228, 0, 24, 113, 6732 }, // U+1EBD
    { 32, 36, 357, -3, 35, 288, 6845 }, // U+1EBE
    { 21, 31, 230, 0, 30, 163, 7133 }, // U+1EBF
    { 27, 35, 357, -3, 34, 237, 7296 }, // U+1EC0
    { 16, 31, 230, 0, 30, 124, 7533 }, // U+1EC1
    { 31, 35, 344, -3, 34, 272, 7657 }, // U+1EC2
    { 22, 29, 230, 0, 28, 160, 7929 }, // U+1EC3
    { 27, 38, 344, -3, 37, 257, 8089 }, // U+1EC4
    { 19, 31, 230, 0, 30, 148, 8346 }, // U+1EC5
    { 27, 41, 344, -3, 32, 277, 8494 }, // U+1EC6
    { 16, 35, 228, 0, 26, 140, 8771 }, // U+1EC7
    { 21, 33, 227, -2, 32, 174, 8911 }, // U+1EC8
    { 15, 27, 199, 0, 26, 102, 9085 }, // U+1EC9
    { 21, 34, 227, -2, 25, 179, 9187 }, // U+1ECA
    { 14, 34, 199, 0, 25, 119, 9366 }, // U+1ECB
    { 25, 34, 415, 2, 25, 213, 9485 }, // U+1ECC
    { 17, 26, 275, 0, 17, 111, 9698 }, // U+1ECD
    { 25, 33, 415, 2, 32, 207, 9809 }, // U+1ECE
    { 18, 27, 275, 0, 26, 122, 10016 }, // U+1ECF
    { 29, 36, 418, 2, 35, 261, 10138 }, // U+1ED0
    { 22, 31, 260, 0, 30, 171, 10399 }, // U+1ED1
    { 25, 35, 418, 2, 34, 219, 10570 }, // U+1ED2
    { 17, 31, 260, 0, 30, 132, 10789 }, // U+1ED3
    { 29, 36, 418, 2, 35, 261, 10921 }, // U+1ED4
    { 22, 29, 260, 0, 28, 160, 11182 }, // U+1ED5
    { 26, 39, 418, 2, 38, 254, 11342 }, // U+1ED6
    { 20, 31, 260, 0, 30, 155, 11596 }, // U+1ED7
    { 25, 41, 415, 2, 32, 257, 11751 }, // U+1ED8
    { 18, 35, 275, 0, 26, 158, 12008 }, // U+1ED9
    { 30, 34, 418, 2, 33, 255, 12166 }, // U+1EDA
    { 22, 28, 296, 0, 27, 154, 12421 }, // U+1EDB
    { 30, 34, 418, 2, 33, 255, 12575 }, // U+1EDC
    { 22, 28, 296, 0, 27, 154, 12830 }, // U+1EDD
    { 30, 33, 418, 2, 32, 248, 12984 }, // U+1EDE
    { 22, 27, 296, 0, 26, 149, 13232 }, // U+1EDF
    { 30, 33, 418, 2, 32, 248, 13381 }, // U+1EE0
    { 22, 25, 296, 0, 24, 138, 13629 }, // U+1EE1
    { 30, 37, 418, 2, 28, 278, 13767 }, // U+1EE2
    { 22, 30, 296, 0, 21, 165, 14045 }, // U+1EE3
    { 29, 34, 427, 3, 25, 247, 14210 }, // U+1EE4
    { 20, 26, 358, 1, 17, 130, 14457 }, // U+1EE5
    { 29, 33, 427, 3, 32, 240, 14587 }, // U+1EE6
    { 20, 27, 358, 1, 26, 135, 14827 }, // U+1EE7
    { 32, 34, 427, 3, 33, 272, 14962 }, // U+1EE8
    { 26, 28, 349, 1, 27, 182, 15234 }, // U+1EE9
    { 32, 34, 427, 3, 33, 272, 15416 }, // U+1EEA
    { 26, 28, 349, 1, 27, 182, 15688 }, // U+1EEB
    { 32, 33, 427, 3, 32, 264, 15870 }, // U+1EEC
    { 26, 27, 349, 1, 26, 176, 16134 }, // U+1EED
    { 32, 33, 427, 3, 32, 264, 16310 }, // U+1EEE
    { 26, 25, 349, 1, 24, 163, 16574 }, // U+1EEF
    { 32, 39, 427, 3, 30, 312, 16737 }, // U+1EF0
    { 26, 29, 349, 1, 20, 189, 17049 }, // U+1EF1
    { 27, 34, 391, 3, 33, 230, 17238 }, // U+1EF2
    { 23, 38, 289, -5, 27, 219, 17468 }, // U+1EF3
    { 27, 34, 391, 3, 25, 230, 17687 }, // U+1EF4
    { 23, 28, 281, -5, 17, 161, 17917 }, // U+1EF5
    { 27, 33, 391, 3, 32, 223, 18078 }, // U+1EF6
    { 23, 37, 289, -5, 26, 213, 18301 }, // U+1EF7
    { 27, 33, 391, 3, 32, 223, 18514 }, // U+1EF8
    { 23, 35, 289, -5, 24, 202, 18737 }, // U+1EF9
    { 0, 0, 344, 0, 0, 0, 0 }, // U+2000
    { 0, 0, 394, 0, 0, 0, 0 }, // U+2001
    { 0, 0, 344, 0, 0, 0, 0 }, // U+2002
    { 0, 0, 394, 0, 0, 0, 0 }, // U+2003
    { 0, 0, 328, 0, 0, 0, 0 }, // U+2004
    { 0, 0, 320, 0, 0, 0, 0 }, // U+2005
    { 0, 0, 311, 0, 0, 0, 0 }, // U+2006
    { 0, 0, 347, 0, 0, 0, 0 }, // U+2007
    { 0, 0, 317, 0, 0, 0, 0 }, // U+2008
    { 0, 0, 305, 0, 0, 0, 0 }, // U+2009
    { 0, 0, 296, 0, 0, 0, 0 }, // U+200A
    { 0, 0, 0, 0, 0, 0, 0 }, // U+200B
    { 0, 0, 0, 0, 0, 0, 0 }, // U+200C
    { 0, 0, 0, 0, 0, 0, 0 }, // U+200D
    { 0, 0, 0, 0, 0, 0, 0 }, // U+200E
    { 0, 0, 0, 0, 0, 0, 0 }, // U+200F
    { 12, 4, 193, 0, 10, 12, 0 }, // U+2010
    { 12, 4, 193, 0, 10, 12, 12 }, // U+2011
    { 25, 4, 391, 0, 10, 25, 24 }, // U+2012
    { 22, 4, 376, 1, 10, 22, 49 }, // U+2013
    { 35, 4, 569, 0, 10, 35, 71 }, // U+2014
    { 82, 4, 1323, 0, 10, 82, 106 }, // U+2015
    { 11, 38, 271, 3, 27, 105, 188 }, // U+2016
    { 24, 8, 350, -6, -4, 48, 293 }, // U+2017
    { 9, 11, 161, 5, 26, 25, 341 }, // U+2018
    { 9, 11, 161, 4, 26, 25, 366 }, // U+2019
    { 10, 11, 161, -3, 5, 28, 391 }, // U+201A
    { 17, 11, 282, 5, 26, 47, 419 }, // U+201C
    { 17, 11, 282, 4, 26, 47, 466 }, // U+201D
    { 17, 11, 282, -3, 5, 47, 513 }, // U+201E
    { 17, 30, 289, 3, 25, 128, 560 }, // U+2020
    { 21, 31, 289, -1, 25, 163, 688 }, // U+2021
    { 12, 12, 224, 3, 19, 36, 851 }, // U+2022
    { 7, 8, 161, 0, 6, 14, 887 }, // U+2024
    { 16, 8, 310, 0, 6, 32, 901 }, // U+2025
    { 25, 8, 458, 0, 6, 50, 933 }, // U+2026
    { 0, 0, 0, 0, 0, 0, 983 }, // U+202A
    { 0, 0, 0, 0, 0, 0, 983 }, // U+202B
    { 0, 0, 0, 0, 0, 0, 983 }, // U+202C
    { 0, 0, 0, 0, 0, 0, 983 }, // U+202D
    { 0, 0, 0, 0, 0, 0, 983 }, // U+202E
    { 37, 27, 628, 2, 26, 250, 983 }, // U+2030
    { 6, 11, 86, 4, 26, 17, 1233 }, // U+2032
    { 11, 11, 168, 4, 26, 31, 1250 }, // U+2033
    { 16, 11, 251, 4, 26, 44, 1281 }, // U+2034
    { 6, 11, 155, 6, 26, 17, 1325 }, // U+2035
    { 11, 11, 239, 6, 26, 31, 1342 }, // U+2036
    { 16, 11, 320, 6, 26, 44, 1373 }, // U+2037
    { 15, 16, 247, 1, 16, 60, 1417 }, // U+2039
    { 14, 16, 247, 0, 16, 56, 1477 }, // U+203A
    { 22, 26, 318, 0, 25, 143, 1533 }, // U+203C
    { 15, 26, 254, 3, 25, 98, 1676 }, // U+203D
    { 20, 4, 338, 5, 24, 20, 1774 }, // U+203E
    { 27, 27, 35, -11, 26, 183, 1794 }, // U+2044
    { 25, 26, 412, 2, 25, 163, 1977 }, // U+2047
    { 23, 26, 367, 2, 25, 150, 2140 }, // U+2048
    { 25, 26, 367, 0, 25, 163, 2290 }, // U+2049
    { 28, 36, 614, 5, 25, 252, 2453 }, // U+204B
    { 13, 13, 215, -1, 11, 43, 2705 }, // U+204E
    { 22, 11, 334, 4, 26, 61, 2748 }, // U+2057
    { 0, 0, 0, 0, 0, 0, 2809 }, // U+2060
    { 0, 0, 0, 0, 0, 0, 2809 }, // U+2061
    { 0, 0, 0, 0, 0, 0, 2809 }, // U+2062
    { 0, 0, 0, 0, 0, 0, 2809 }, // U+2063
    { 0, 0, 0, 0, 0, 0, 2809 }, // U+2064
    { 0, 0, 0, 0, 0, 0, 2809 }, // U+2066
    { 0, 0, 0, 0, 0, 0, 2809 }, // U+2067
    { 0, 0, 0, 0, 0, 0, 2809 }, // U+2068
    { 0, 0, 0, 0, 0, 0, 2809 }, // U+2069
    { 0, 0, 0, 0, 0, 0, 2809 }, // U+206A
    { 0, 0, 0, 0, 0, 0, 2809 }, // U+206B
    { 0, 0, 0, 0, 0, 0, 2809 }, // U+206C
    { 0, 0, 0, 0, 0, 0, 2809 }, // U+206D
    { 0, 0, 0, 0, 0, 0, 2809 }, // U+206E
    { 0, 0, 0, 0, 0, 0, 2809 }, // U+206F
    { 11, 17, 144, 1, 28, 47, 0 }, // U+2071
    { 21, 21, 358, 1, 20, 111, 47 }, // U+207A
    { 22, 3, 359, 1, 11, 17, 158 }, // U+207B
    { 22, 9, 380, 1, 14, 50, 175 }, // U+207C
    { 16, 36, 178, 1, 27, 144, 225 }, // U+207D
    { 17, 36, 180, -5, 27, 153, 369 }, // U+207E
    { 16, 11, 249, 1, 22, 44, 522 }, // U+207F
    { 12, 15, 203, -2, 8, 45, 566 }, // U+2080
    { 10, 14, 152, -3, 8, 35, 611 }, // U+2081
    { 14, 14, 203, -4, 8, 49, 646 }, // U+2082
    { 12, 14, 181, -3, 8, 42, 695 }, // U+2083
    { 13, 15, 202, -3, 8, 49, 737 }, // U+2084
    { 13, 14, 169, -4, 8, 46, 786 }, // U+2085
    { 13, 14, 188, -2, 8, 46, 832 }, // U+2086
    { 13, 14, 182, -2, 8, 46, 878 }, // U+2087
    { 13, 14, 187, -3, 8, 46, 924 }, // U+2088
    { 13, 15, 188, -3, 8, 49, 970 }, // U+2089
    { 21, 21, 358, 1, 20, 111, 1019 }, // U+208A
    { 22, 3, 359, 1, 11, 17, 1130 }, // U+208B
    { 22, 9, 380, 1, 14, 50, 1147 }, // U+208C
    { 10, 22, 116, -2, 11, 55, 1197 }, // U+208D
    { 11, 22, 116, -6, 11, 61, 1252 }, // U+208E
    { 12, 12, 210, -3, 5, 36, 1313 }, // U+2090
    { 12, 12, 199, -2, 5, 36, 1349 }, // U+2091
    { 14, 12, 228, -3, 5, 42, 1385 }, // U+2092
    { 16, 11, 219, -4, 6, 44, 1427 }, // U+2093
    { 13, 12, 199, -3, 3, 39, 1471 }, // U+2094
    { 16, 18, 248, -4, 13, 72, 1510 }, // U+2095
    { 18, 17, 252, -4, 12, 77, 1582 }, // U+2096
    { 12, 17, 139, -4, 12, 51, 1659 }, // U+2097
    { 23, 11, 348, -4, 6, 64, 1710 }, // U+2098
    { 16, 11, 249, -4, 6, 44, 1774 }, // U+2099
    { 19, 18, 248, -6, 6, 86, 1818 }, // U+209A
    { 12, 12, 170, -3, 7, 36, 1904 }, // U+209B
    { 11, 14, 172, -2, 8, 39, 1940 }, // U+209C
    { 26, 32, 399, 2, 28, 208, 0 }, // U+20A1
    { 27, 26, 331, -1, 25, 176, 208 }, // U+20A3
    { 27, 26, 373, -2, 24, 176, 384 }, // U+20A4
    { 24, 23, 441, 1, 19, 138, 560 }, // U+20A5
    { 35, 26, 468, -1, 25, 228, 698 }, // U+20A6
    { 30, 26, 400, -2, 25, 195, 926 }, // U+20A7
    { 37, 26, 548, -2, 25, 241, 1121 }, // U+20A8
    { 45, 26, 667, 2, 25, 293, 1362 }, // U+20A9
    { 25, 33, 353, -1, 27, 207, 1655 }, // U+20AB
    { 30, 26, 430, 0, 25, 195, 1862 }, // U+20AC
    { 35, 26, 473, -1, 25, 228, 2057 }, // U+20AD
    { 27, 28, 406, 4, 27, 189, 2285 }, // U+20AE
    { 31, 26, 392, -2, 25, 202, 2474 }, // U+20B1
    { 27, 31, 436, 1, 27, 210, 2676 }, // U+20B2
    { 23, 26, 343, 1, 25, 150, 2886 }, // U+20B4
    { 26, 32, 399, 2, 28, 208, 3036 }, // U+20B5
    { 26, 26, 371, 2, 25, 169, 3244 }, // U+20B8
    { 19, 26, 317, 0, 25, 124, 3413 }, // U+20B9
    { 24, 26, 332, -2, 25, 156, 3537 }, // U+20BA
    { 30, 28, 447, -3, 27, 210, 3693 }, // U+20BC
    { 28, 26, 377, -2, 25, 182, 3903 }, // U+20BD
    { 36, 16, 606, 2, 19, 144, 0 }, // U+2190
    { 16, 34, 268, 1, 26, 136, 144 }, // U+2191
    { 36, 16, 607, 2, 19, 144, 280 }, // U+2192
    { 16, 34, 268, -1, 26, 136, 424 }, // U+2193
    { 36, 16, 608, 2, 19, 144, 560 }, // U+2194
    { 16, 34, 263, 1, 26, 136, 704 }, // U+2195
    { 28, 28, 682, 7, 20, 196, 840 }, // U+2196
    { 28, 28, 468, 0, 22, 196, 1036 }, // U+2197
    { 28, 28, 481, 1, 23, 196, 1232 }, // U+2198
    { 29, 28, 468, 1, 22, 203, 1428 }, // U+2199
    { 36, 28, 606, 2, 25, 252, 1631 }, // U+219A
    { 36, 28, 607, 2, 25, 252, 1883 }, // U+219B
    { 36, 16, 606, 2, 19, 144, 2135 }, // U+219E
    { 16, 34, 268, 1, 26, 136, 2279 }, // U+219F
    { 36, 16, 607, 2, 19, 144, 2415 }, // U+21A0
    { 16, 34, 268, 0, 26, 136, 2559 }, // U+21A1
    { 36, 16, 606, 2, 19, 144, 2695 }, // U+21A2
    { 36, 28, 608, 2, 25, 252, 2839 }, // U+21AE
    { 34, 16, 591, 2, 19, 136, 3091 }, // U+21D0
    { 16, 34, 268, 1, 26, 136, 3227 }, // U+21D1
    { 34, 16, 591, 3, 19, 136, 3363 }, // U+21D2
    { 15, 34, 268, 0, 26, 128, 3499 }, // U+21D3
    { 36, 16, 622, 2, 19, 144, 3627 }, // U+21DA
    { 16, 34, 263, 0, 26, 136, 3771 }, // U+21DB
    { 36, 16, 622, 3, 19, 144, 3907 }, // U+21DC
    { 16, 34, 268, 1, 26, 136, 4051 }, // U+21DD
    { 18, 28, 269, 0, 27, 126, 0 }, // U+2202
    { 24, 28, 419, 2, 24, 168, 126 }, // U+2205
    { 27, 27, 379, -2, 26, 183, 294 }, // U+2206
    { 27, 27, 413, 1, 25, 183, 477 }, // U+2207
    { 35, 26, 455, -2, 25, 228, 660 }, // U+220F
    { 35, 26, 689, 5, 25, 228, 888 }, // U+2210
    { 28, 29, 325, -4, 25, 203, 1116 }, // U+2211
    { 22, 3, 364, 1, 11, 17, 1319 }, // U+2212
    { 21, 23, 359, 3, 23, 121, 1336 }, // U+2213
    { 19, 28, 166, -3, 25, 133, 1457 }, // U+2215
    { 7, 29, 239, 5, 26, 51, 1590 }, // U+2216
    { 7, 8, 153, 1, 12, 14, 1641 }, // U+2219
    { 26, 30, 261, 1, 26, 195, 1655 }, // U+221A
    { 29, 16, 491, 1, 16, 116, 1850 }, // U+221E
    { 5, 38, 166, 3, 27, 48, 1966 }, // U+2223
    { 19, 38, 166, -4, 27, 181, 2014 }, // U+2224
    { 11, 38, 262, 3, 27, 105, 2195 }, // U+2225
    { 23, 38, 262, -3, 27, 219, 2300 }, // U+2226
    { 31, 33, 224, -10, 25, 256, 2519 }, // U+222B
    { 10, 18, 161, 0, 16, 45, 2775 }, // U+2236
    { 19, 7, 327, 2, 16, 34, 2820 }, // U+223C
    { 19, 28, 349, 2, 26, 133, 2854 }, // U+2241
    { 20, 14, 327, 1, 17, 70, 2987 }, // U+2248
    { 22, 22, 359, 1, 20, 121, 3057 }, // U+2260
    { 20, 22, 298, -1, 21, 110, 3178 }, // U+2264
    { 21, 22, 359, 1, 21, 116, 3288 }, // U+2265
    { 30, 19, 537, 1, 18, 143, 3404 }, // U+226A
    { 30, 19, 542, 3, 18, 143, 3547 }, // U+226B
    { 19, 28, 359, 1, 23, 133, 3690 }, // U+226E
    { 19, 28, 359, 2, 22, 133, 3823 }, // U+226F
    { 7, 8, 153, 1, 12, 14, 3956 }, // U+22C5
    { 26, 8, 459, 1, 12, 52, 3970 }, // U+22EF
    { 41, 38, 420, -8, 27, 390, 0 }, // U+FB00
    { 31, 38, 386, -8, 27, 295, 390 }, // U+FB01
    { 36, 38, 409, -8, 27, 342, 685 }, // U+FB02
    { 43, 38, 580, -8, 27, 409, 1027 }, // U+FB03
    { 48, 38, 602, -8, 27, 456, 1436 }, // U+FB04
    { 36, 38, 416, -8, 27, 342, 1892 }, // U+FB05
    { 28, 27, 409, -1, 26, 189, 2234 }, // U+FB06
    { 31, 31, 481, 1, 27, 241, 0 }, // U+FFFD
};

static const EpdUnicodeInterval ebgaramond_18_bolditalicIntervals[] = {
    { 0x0, 0xB1, 0x0 },
    { 0xB4, 0xB8, 0xB2 },
    { 0xBA, 0x17F, 0xB7 },
    { 0x1A0, 0x1A1, 0x17D },
    { 0x1AF, 0x1B0, 0x17F },
    { 0x1C4, 0x21F, 0x181 },
    { 0x300, 0x33E, 0x1DD },
    { 0x340, 0x345, 0x21C },
    { 0x34F, 0x34F, 0x222 },
    { 0x351, 0x351, 0x223 },
    { 0x353, 0x353, 0x224 },
    { 0x357, 0x357, 0x225 },
    { 0x35D, 0x35D, 0x226 },
    { 0x361, 0x361, 0x227 },
    { 0x364, 0x364, 0x228 },
    { 0x400, 0x45F, 0x229 },
    { 0x462, 0x463, 0x289 },
    { 0x46A, 0x46B, 0x28B },
    { 0x470, 0x470, 0x28D },
    { 0x472, 0x477, 0x28E },
    { 0x48A, 0x4FF, 0x294 },
    { 0x1EA0, 0x1EF9, 0x30A },
    { 0x2000, 0x201A, 0x364 },
    { 0x201C, 0x201E, 0x37F },
    { 0x2020, 0x2022, 0x382 },
    { 0x2024, 0x2026, 0x385 },
    { 0x202A, 0x202E, 0x388 },
    { 0x2030, 0x2030, 0x38D },
    { 0x2032, 0x2037, 0x38E },
    { 0x2039, 0x203A, 0x394 },
    { 0x203C, 0x203E, 0x396 },
    { 0x2044, 0x2044, 0x399 },
    { 0x2047, 0x2049, 0x39A },
    { 0x204B, 0x204B, 0x39D },
    { 0x204E, 0x204E, 0x39E },
    { 0x2057, 0x2057, 0x39F },
    { 0x2060, 0x2064, 0x3A0 },
    { 0x2066, 0x206F, 0x3A5 },
    { 0x2071, 0x2071, 0x3AF },
    { 0x207A, 0x208E, 0x3B0 },
    { 0x2090, 0x209C, 0x3C5 },
    { 0x20A1, 0x20A1, 0x3D2 },
    { 0x20A3, 0x20A9, 0x3D3 },
    { 0x20AB, 0x20AE, 0x3DA },
    { 0x20B1, 0x20B2, 0x3DE },
    { 0x20B4, 0x20B5, 0x3E0 },
    { 0x20B8, 0x20BA, 0x3E2 },
    { 0x20BC, 0x20BD, 0x3E5 },
    { 0x2190, 0x219B, 0x3E7 },
    { 0x219E, 0x21A2, 0x3F3 },
    { 0x21AE, 0x21AE, 0x3F8 },
    { 0x21D0, 0x21D3, 0x3F9 },
    { 0x21DA, 0x21DD, 0x3FD },
    { 0x2202, 0x2202, 0x401 },
    { 0x2205, 0x2207, 0x402 },
    { 0x220F, 0x2213, 0x405 },
    { 0x2215, 0x2216, 0x40A },
    { 0x2219, 0x221A, 0x40C },
    { 0x221E, 0x221E, 0x40E },
    { 0x2223, 0x2226, 0x40F },
    { 0x222B, 0x222B, 0x413 },
    { 0x2236, 0x2236, 0x414 },
    { 0x223C, 0x223C, 0x415 },
    { 0x2241, 0x2241, 0x416 },
    { 0x2248, 0x2248, 0x417 },
    { 0x2260, 0x2260, 0x418 },
    { 0x2264, 0x2265, 0x419 },
    { 0x226A, 0x226B, 0x41B },
    { 0x226E, 0x226F, 0x41D },
    { 0x22C5, 0x22C5, 0x41F },
    { 0x22EF, 0x22EF, 0x420 },
    { 0xFB00, 0xFB06, 0x421 },
    { 0xFFFD, 0xFFFD, 0x428 },
};

static const EpdFontGroup ebgaramond_18_bolditalicGroups[] = {
    { 0, 6091, 13475, 128, 0 },
    { 6091, 4994, 15235, 125, 128 },
    { 11085, 6981, 25392, 128, 253 },
    { 18066, 6626, 22095, 96, 381 },
    { 24692, 1175, 2031, 76, 477 },
    { 25867, 13067, 43150, 225, 553 },
    { 38934, 3657, 19957, 90, 778 },
    { 42591, 1505, 3053, 75, 868 },
    { 44096, 1047, 2174, 35, 943 },
    { 45143, 2057, 4288, 21, 978 },
    { 47200, 1289, 4232, 26, 999 },
    { 48489, 1728, 4266, 32, 1025 },
    { 50217, 894, 2469, 7, 1057 },
    { 51111, 148, 248, 1, 1064 },
};

static const EpdKernClassEntry ebgaramond_18_bolditalicKernLeftClasses[] = {
    { 0x0026, 1 }, // &
    { 0x0028, 2 }, // (
    { 0x002A, 3 }, // *
    { 0x002C, 4 }, // ,
    { 0x002D, 5 }, // -
    { 0x002E, 4 }, // .
    { 0x002F, 6 }, // /
    { 0x0030, 7 }, // 0
    { 0x0032, 8 }, // 2
    { 0x0033, 9 }, // 3
    { 0x0034, 10 }, // 4
    { 0x0035, 11 }, // 5
    { 0x0037, 12 }, // 7
    { 0x0038, 13 }, // 8
    { 0x0039, 14 }, // 9
    { 0x003A, 15 }, // :
    { 0x0040, 16 }, // @
    { 0x0041, 17 }, // A
    { 0x0042, 18 }, // B
    { 0x0043, 19 }, // C
    { 0x0044, 20 }, // D
    { 0x0046, 21 }, // F
    { 0x0047, 22 }, // G
    { 0x0048, 23 }, // H
    { 0x0049, 23 }, // I
    { 0x004A, 24 }, // J
    { 0x004B, 25 }, // K
    { 0x004C, 26 }, // L
    { 0x004D, 27 }, // M
    { 0x004F, 20 }, // O
    { 0x0050, 28 }, // P
    { 0x0051, 20 }, // Q
    { 0x0052, 29 }, // R
    { 0x0053, 30 }, // S
    { 0x0054, 31 }, // T
    { 0x0055, 32 }, // U
    { 0x0056, 33 }, // V
    { 0x0057, 33 }, // W
    { 0x0058, 34 }, // X
    { 0x0059, 35 }, // Y
    { 0x005A, 36 }, // Z
    { 0x005C, 37 }, // <backslash>
    { 0x0061, 38 }, // a
    { 0x0062, 39 }, // b
    { 0x0063, 40 }, // c
    { 0x0064, 41 }, // d
    { 0x0065, 42 }, // e
    { 0x0066, 43 }, // f
    { 0x0067, 44 }, // g
    { 0x0068, 45 }, // h
    { 0x0069, 46 }, // i
    { 0x006A, 47 }, // j
    { 0x006B, 48 }, // k
    { 0x006C, 41 }, // l
    { 0x006D, 49 }, // m
    { 0x006E, 49 }, // n
    { 0x006F, 39 }, // o
    { 0x0070, 39 }, // p
    { 0x0071, 50 }, // q
    { 0x0072, 51 }, // r
    { 0x0073, 52 }, // s
    { 0x0074, 53 }, // t
    { 0x0075, 46 }, // u
    { 0x0076, 54 }, // v
    { 0x0077, 54 }, // w
    { 0x0078, 55 }, // x
    { 0x0079, 56 }, // y
    { 0x007A, 57 }, // z
    { 0x00A1, 58 }, // U+00A1
    { 0x00A5, 59 }, // U+00A5
    { 0x00AB, 60 }, // U+00AB
    { 0x00B6, 61 }, // U+00B6
    { 0x00B7, 62 }, // U+00B7
    { 0x00BB, 63 }, // U+00BB
    { 0x00BF, 64 }, // U+00BF
    { 0x00C0, 17 }, // U+00C0
    { 0x00C1, 17 }, // U+00C1
    { 0x00C2, 17 }, // U+00C2
    { 0x00C3, 17 }, // U+00C3
    { 0x00C4, 17 }, // U+00C4
    { 0x00C5, 17 }, // U+00C5
    { 0x00C7, 19 }, // U+00C7
    { 0x00CC, 23 }, // U+00CC
    { 0x00CD, 23 }, // U+00CD
    { 0x00CE, 23 }, // U+00CE
    { 0x00CF, 23 }, // U+00CF
    { 0x00D0, 20 }, // U+00D0
    { 0x00D2, 20 }, // U+00D2
    { 0x00D3, 20 }, // U+00D3
    { 0x00D4, 20 }, // U+00D4
    { 0x00D5, 20 }, // U+00D5
    { 0x00D6, 20 }, // U+00D6
    { 0x00D8, 20 }, // U+00D8
    { 0x00D9, 32 }, // U+00D9
    { 0x00DA, 32 }, // U+00DA
    { 0x00DB, 32 }, // U+00DB
    { 0x00DC, 32 }, // U+00DC
    { 0x00DD, 35 }, // U+00DD
    { 0x00DE, 65 }, // U+00DE
    { 0x00DF, 66 }, // U+00DF
    { 0x00E0, 38 }, // U+00E0
    { 0x00E1, 38 }, // U+00E1
    { 0x00E2, 38 }, // U+00E2
    { 0x00E3, 38 }, // U+00E3
    { 0x00E4, 38 }, // U+00E4
    { 0x00E5, 38 }, // U+00E5
    { 0x00E6, 42 }, // U+00E6
    { 0x00E7, 40 }, // U+00E7
    { 0x00E8, 42 }, // U+00E8
    { 0x00E9, 42 }, // U+00E9
    { 0x00EA, 42 }, // U+00EA
    { 0x00EB, 42 }, // U+00EB
    { 0x00EC, 46 }, // U+00EC
    { 0x00ED, 46 }, // U+00ED
    { 0x00EE, 46 }, // U+00EE
    { 0x00EF, 46 }, // U+00EF
    { 0x00F1, 49 }, // U+00F1
    { 0x00F2, 39 }, // U+00F2
    { 0x00F3, 39 }, // U+00F3
    { 0x00F4, 39 }, // U+00F4
    { 0x00F5, 39 }, // U+00F5
    { 0x00F6, 39 }, // U+00F6
    { 0x00F8, 39 }, // U+00F8
    { 0x00F9, 46 }, // U+00F9
    { 0x00FA, 46 }, // U+00FA
    { 0x00FB, 46 }, // U+00FB
    { 0x00FC, 46 }, // U+00FC
    { 0x00FD, 56 }, // U+00FD
    { 0x00FE, 39 }, // U+00FE
    { 0x00FF, 56 }, // U+00FF
    { 0x0100, 17 }, // U+0100
    { 0x0101, 38 }, // U+0101
    { 0x0102, 17 }, // U+0102
    { 0x0103, 38 }, // U+0103
    { 0x0104, 17 }, // U+0104
    { 0x0105, 38 }, // U+0105
    { 0x0106, 19 }, // U+0106
    { 0x0107, 40 }, // U+0107
    { 0x0108, 19 }, // U+0108
    { 0x0109, 40 }, // U+0109
    { 0x010A, 19 }, // U+010A
    { 0x010B, 40 }, // U+010B
    { 0x010C, 19 }, // U+010C
    { 0x010D, 40 }, // U+010D
    { 0x010E, 20 }, // U+010E
    { 0x010F, 67 }, // U+010F
    { 0x0110, 20 }, // U+0110
    { 0x0111, 41 }, // U+0111
    { 0x0113, 42 }, // U+0113
    { 0x0115, 42 }, // U+0115
    { 0x0117, 42 }, // U+0117
    { 0x0119, 42 }, // U+0119
    { 0x011B, 42 }, // U+011B
    { 0x011C, 22 }, // U+011C
    { 0x011D, 44 }, // U+011D
    { 0x011E, 22 }, // U+011E
    { 0x011F, 44 }, // U+011F
    { 0x0120, 22 }, // U+0120
    { 0x0121, 44 }, // U+0121
    { 0x0122, 22 }, // U+0122
    { 0x0123, 44 }, // U+0123
    { 0x0124, 23 }, // U+0124
    { 0x0125, 49 }, // U+0125
    { 0x0126, 23 }, // U+0126
    { 0x0127, 49 }, // U+0127
    { 0x0128, 23 }, // U+0128
    { 0x012A, 23 }, // U+012A
    { 0x012C, 23 }, // U+012C
    { 0x012D, 46 }, // U+012D
    { 0x012E, 23 }, // U+012E
    { 0x0130, 23 }, // U+0130
    { 0x0131, 46 }, // U+0131
    { 0x0132, 24 }, // U+0132
    { 0x0133, 47 }, // U+0133
    { 0x0134, 24 }, // U+0134
    { 0x0135, 47 }, // U+0135
    { 0x0136, 25 }, // U+0136
    { 0x0137, 48 }, // U+0137
    { 0x0138, 48 }, // U+0138
    { 0x0139, 26 }, // U+0139
    { 0x013A, 41 }, // U+013A
    { 0x013B, 26 }, // U+013B
    { 0x013C, 41 }, // U+013C
    { 0x013D, 26 }, // U+013D
    { 0x013E, 67 }, // U+013E
    { 0x013F, 26 }, // U+013F
    { 0x0141, 26 }, // U+0141
    { 0x0142, 41 }, // U+0142
    { 0x0144, 49 }, // U+0144
    { 0x0146, 49 }, // U+0146
    { 0x0148, 49 }, // U+0148
    { 0x0149, 49 }, // U+0149
    { 0x014B, 47 }, // U+014B
    { 0x014C, 20 }, // U+014C
    { 0x014D, 39 }, // U+014D
    { 0x014E, 20 }, // U+014E
    { 0x014F, 39 }, // U+014F
    { 0x0150, 20 }, // U+0150
    { 0x0151, 39 }, // U+0151
    { 0x0153, 42 }, // U+0153
    { 0x0154, 29 }, // U+0154
    { 0x0155, 51 }, // U+0155
    { 0x0156, 29 }, // U+0156
    { 0x0157, 51 }, // U+0157
    { 0x0158, 29 }, // U+0158
    { 0x0159, 51 }, // U+0159
    { 0x015A, 30 }, // U+015A
    { 0x015B, 52 }, // U+015B
    { 0x015C, 30 }, // U+015C
    { 0x015D, 52 }, // U+015D
    { 0x015E, 30 }, // U+015E
    { 0x015F, 52 }, // U+015F
    { 0x0160, 30 }, // U+0160
    { 0x0161, 52 }, // U+0161
    { 0x0162, 31 }, // U+0162
    { 0x0163, 53 }, // U+0163
    { 0x0164, 31 }, // U+0164
    { 0x0165, 67 }, // U+0165
    { 0x0166, 31 }, // U+0166
    { 0x0167, 53 }, // U+0167
    { 0x0168, 32 }, // U+0168
    { 0x0169, 46 }, // U+0169
    { 0x016A, 32 }, // U+016A
    { 0x016B, 46 }, // U+016B
    { 0x016C, 32 }, // U+016C
    { 0x016D, 46 }, // U+016D
    { 0x016E, 32 }, // U+016E
    { 0x016F, 46 }, // U+016F
    { 0x0170, 32 }, // U+0170
    { 0x0171, 46 }, // U+0171
    { 0x0172, 32 }, // U+0172
    { 0x0173, 46 }, // U+0173
    { 0x0174, 33 }, // U+0174
    { 0x0175, 54 }, // U+0175
    { 0x0176, 35 }, // U+0176
    { 0x0177, 56 }, // U+0177
    { 0x0178, 35 }, // U+0178
    { 0x0179, 36 }, // U+0179
    { 0x017A, 57 }, // U+017A
    { 0x017B, 36 }, // U+017B
    { 0x017C, 57 }, // U+017C
    { 0x017D, 36 }, // U+017D
    { 0x017E, 57 }, // U+017E
    { 0x017F, 68 }, // U+017F
    { 0x01A0, 20 }, // U+01A0
    { 0x01AF, 32 }, // U+01AF
    { 0x01C4, 36 }, // U+01C4
    { 0x01C5, 57 }, // U+01C5
    { 0x01C6, 57 }, // U+01C6
    { 0x01C7, 24 }, // U+01C7
    { 0x01C8, 47 }, // U+01C8
    { 0x01C9, 47 }, // U+01C9
    { 0x01CA, 24 }, // U+01CA
    { 0x01CB, 47 }, // U+01CB
    { 0x01CC, 47 }, // U+01CC
    { 0x01CD, 17 }, // U+01CD
    { 0x01CE, 38 }, // U+01CE
    { 0x01CF, 23 }, // U+01CF
    { 0x01D0, 46 }, // U+01D0
    { 0x01D1, 20 }, // U+01D1
    { 0x01D2, 39 }, // U+01D2
    { 0x01D3, 32 }, // U+01D3
    { 0x01D4, 46 }, // U+01D4
    { 0x01D5, 32 }, // U+01D5
    { 0x01D6, 46 }, // U+01D6
    { 0x01D7, 32 }, // U+01D7
    { 0x01D8, 46 }, // U+01D8
    { 0x01D9, 32 }, // U+01D9
    { 0x01DA, 46 }, // U+01DA
    { 0x01DB, 32 }, // U+01DB
    { 0x01DC, 46 }, // U+01DC
    { 0x01DD, 39 }, // U+01DD
    { 0x01DE, 17 }, // U+01DE
    { 0x01DF, 38 }, // U+01DF
    { 0x01E0, 17 }, // U+01E0
    { 0x01E1, 38 }, // U+01E1
    { 0x01E3, 42 }, // U+01E3
    { 0x01E4, 22 }, // U+01E4
    { 0x01E5, 44 }, // U+01E5
    { 0x01E6, 22 }, // U+01E6
    { 0x01E7, 44 }, // U+01E7
    { 0x01E8, 25 }, // U+01E8
    { 0x01E9, 48 }, // U+01E9
    { 0x01EA, 20 }, // U+01EA
    { 0x01EB, 39 }, // U+01EB
    { 0x01EC, 20 }, // U+01EC
    { 0x01ED, 39 }, // U+01ED
    { 0x01EF, 69 }, // U+01EF
    { 0x01F0, 47 }, // U+01F0
    { 0x01F1, 36 }, // U+01F1
    { 0x01F2, 57 }, // U+01F2
    { 0x01F4, 22 }, // U+01F4
    { 0x01F5, 44 }, // U+01F5
    { 0x01F9, 49 }, // U+01F9
    { 0x01FA, 17 }, // U+01FA
    { 0x01FB, 38 }, // U+01FB
    { 0x01FD, 42 }, // U+01FD
    { 0x01FE, 20 }, // U+01FE
    { 0x01FF, 39 }, // U+01FF
    { 0x0200, 17 }, // U+0200
    { 0x0201, 38 }, // U+0201
    { 0x0202, 17 }, // U+0202
    { 0x0203, 38 }, // U+0203
    { 0x0205, 42 }, // U+0205
    { 0x0207, 42 }, // U+0207
    { 0x0208, 23 }, // U+0208
    { 0x0209, 46 }, // U+0209
    { 0x020A, 23 }, // U+020A
    { 0x020B, 46 }, // U+020B
    { 0x020C, 20 }, // U+020C
    { 0x020D, 39 }, // U+020D
    { 0x020E, 20 }, // U+020E
    { 0x020F, 39 }, // U+020F
    { 0x0210, 29 }, // U+0210
    { 0x0211, 51 }, // U+0211
    { 0x0212, 29 }, // U+0212
    { 0x0213, 51 }, // U+0213
    { 0x0214, 32 }, // U+0214
    { 0x0215, 46 }, // U+0215
    { 0x0216, 32 }, // U+0216
    { 0x0217, 46 }, // U+0217
    { 0x0218, 30 }, // U+0218
    { 0x0219, 52 }, // U+0219
    { 0x021A, 31 }, // U+021A
    { 0x021B, 53 }, // U+021B
    { 0x021E, 23 }, // U+021E
    { 0x021F, 49 }, // U+021F
    { 0x0402, 70 }, // U+0402
    { 0x0403, 71 }, // U+0403
    { 0x0404, 19 }, // U+0404
    { 0x0405, 30 }, // U+0405
    { 0x0406, 23 }, // U+0406
    { 0x0407, 23 }, // U+0407
    { 0x0408, 24 }, // U+0408
    { 0x0409, 72 }, // U+0409
    { 0x040A, 72 }, // U+040A
    { 0x040B, 73 }, // U+040B
    { 0x040C, 74 }, // U+040C
    { 0x040D, 23 }, // U+040D
    { 0x040E, 33 }, // U+040E
    { 0x040F, 23 }, // U+040F
    { 0x0410, 17 }, // U+0410
    { 0x0411, 75 }, // U+0411
    { 0x0412, 18 }, // U+0412
    { 0x0413, 71 }, // U+0413
    { 0x0414, 23 }, // U+0414
    { 0x0416, 74 }, // U+0416
    { 0x0417, 18 }, // U+0417
    { 0x0418, 23 }, // U+0418
    { 0x0419, 23 }, // U+0419
    { 0x041A, 74 }, // U+041A
    { 0x041B, 23 }, // U+041B
    { 0x041C, 27 }, // U+041C
    { 0x041D, 23 }, // U+041D
    { 0x041E, 20 }, // U+041E
    { 0x041F, 23 }, // U+041F
    { 0x0420, 28 }, // U+0420
    { 0x0421, 19 }, // U+0421
    { 0x0422, 31 }, // U+0422
    { 0x0423, 33 }, // U+0423
    { 0x0424, 76 }, // U+0424
    { 0x0425, 34 }, // U+0425
    { 0x0426, 23 }, // U+0426
    { 0x0427, 23 }, // U+0427
    { 0x0428, 23 }, // U+0428
    { 0x0429, 23 }, // U+0429
    { 0x042A, 72 }, // U+042A
    { 0x042B, 23 }, // U+042B
    { 0x042C, 72 }, // U+042C
    { 0x042D, 20 }, // U+042D
    { 0x042E, 20 }, // U+042E
    { 0x042F, 23 }, // U+042F
    { 0x0430, 38 }, // U+0430
    { 0x0431, 77 }, // U+0431
    { 0x0432, 78 }, // U+0432
    { 0x0433, 79 }, // U+0433
    { 0x0434, 80 }, // U+0434
    { 0x0435, 42 }, // U+0435
    { 0x0436, 40 }, // U+0436
    { 0x0437, 78 }, // U+0437
    { 0x0438, 46 }, // U+0438
    { 0x0439, 46 }, // U+0439
    { 0x043A, 81 }, // U+043A
    { 0x043B, 46 }, // U+043B
    { 0x043C, 46 }, // U+043C
    { 0x043D, 46 }, // U+043D
    { 0x043E, 39 }, // U+043E
    { 0x043F, 49 }, // U+043F
    { 0x0440, 39 }, // U+0440
    { 0x0441, 40 }, // U+0441
    { 0x0442, 49 }, // U+0442
    { 0x0443, 56 }, // U+0443
    { 0x0444, 39 }, // U+0444
    { 0x0445, 55 }, // U+0445
    { 0x0446, 46 }, // U+0446
    { 0x0447, 46 }, // U+0447
    { 0x0448, 46 }, // U+0448
    { 0x0449, 46 }, // U+0449
    { 0x044A, 82 }, // U+044A
    { 0x044B, 46 }, // U+044B
    { 0x044C, 82 }, // U+044C
    { 0x044D, 39 }, // U+044D
    { 0x044E, 39 }, // U+044E
    { 0x044F, 46 }, // U+044F
    { 0x0450, 42 }, // U+0450
    { 0x0451, 42 }, // U+0451
    { 0x0452, 45 }, // U+0452
    { 0x0453, 79 }, // U+0453
    { 0x0454, 40 }, // U+0454
    { 0x0455, 52 }, // U+0455
    { 0x0456, 46 }, // U+0456
    { 0x0457, 46 }, // U+0457
    { 0x0458, 47 }, // U+0458
    { 0x0459, 82 }, // U+0459
    { 0x045A, 82 }, // U+045A
    { 0x045B, 49 }, // U+045B
    { 0x045C, 81 }, // U+045C
    { 0x045D, 46 }, // U+045D
    { 0x045E, 56 }, // U+045E
    { 0x045F, 46 }, // U+045F
    { 0x0462, 83 }, // U+0462
    { 0x0463, 82 }, // U+0463
    { 0x046A, 84 }, // U+046A
    { 0x046B, 85 }, // U+046B
    { 0x0470, 86 }, // U+0470
    { 0x0472, 20 }, // U+0472
    { 0x0473, 39 }, // U+0473
    { 0x0474, 33 }, // U+0474
    { 0x0475, 87 }, // U+0475
    { 0x0476, 33 }, // U+0476
    { 0x0477, 87 }, // U+0477
    { 0x048A, 23 }, // U+048A
    { 0x048B, 46 }, // U+048B
    { 0x048C, 83 }, // U+048C
    { 0x048D, 82 }, // U+048D
    { 0x048E, 28 }, // U+048E
    { 0x048F, 39 }, // U+048F
    { 0x0490, 88 }, // U+0490
    { 0x0491, 89 }, // U+0491
    { 0x0492, 71 }, // U+0492
    { 0x0493, 79 }, // U+0493
    { 0x0494, 90 }, // U+0494
    { 0x0495, 91 }, // U+0495
    { 0x0496, 74 }, // U+0496
    { 0x0497, 40 }, // U+0497
    { 0x0498, 18 }, // U+0498
    { 0x0499, 78 }, // U+0499
    { 0x049A, 74 }, // U+049A
    { 0x049B, 81 }, // U+049B
    { 0x049C, 74 }, // U+049C
    { 0x049D, 81 }, // U+049D
    { 0x049E, 74 }, // U+049E
    { 0x049F, 81 }, // U+049F
    { 0x04A0, 74 }, // U+04A0
    { 0x04A1, 81 }, // U+04A1
    { 0x04A2, 23 }, // U+04A2
    { 0x04A3, 46 }, // U+04A3
    { 0x04A4, 31 }, // U+04A4
    { 0x04A5, 92 }, // U+04A5
    { 0x04A6, 93 }, // U+04A6
    { 0x04A7, 94 }, // U+04A7
    { 0x04A8, 95 }, // U+04A8
    { 0x04A9, 96 }, // U+04A9
    { 0x04AA, 19 }, // U+04AA
    { 0x04AB, 40 }, // U+04AB
    { 0x04AC, 31 }, // U+04AC
    { 0x04AD, 49 }, // U+04AD
    { 0x04AE, 35 }, // U+04AE
    { 0x04AF, 97 }, // U+04AF
    { 0x04B0, 35 }, // U+04B0
    { 0x04B1, 97 }, // U+04B1
    { 0x04B2, 34 }, // U+04B2
    { 0x04B3, 55 }, // U+04B3
    { 0x04B4, 23 }, // U+04B4
    { 0x04B5, 46 }, // U+04B5
    { 0x04B6, 23 }, // U+04B6
    { 0x04B7, 46 }, // U+04B7
    { 0x04B8, 23 }, // U+04B8
    { 0x04B9, 46 }, // U+04B9
    { 0x04BA, 98 }, // U+04BA
    { 0x04BB, 45 }, // U+04BB
    { 0x04BC, 99 }, // U+04BC
    { 0x04BD, 42 }, // U+04BD
    { 0x04BE, 99 }, // U+04BE
    { 0x04BF, 42 }, // U+04BF
    { 0x04C0, 23 }, // U+04C0
    { 0x04C1, 74 }, // U+04C1
    { 0x04C2, 40 }, // U+04C2
    { 0x04C3, 100 }, // U+04C3
    { 0x04C4, 101 }, // U+04C4
    { 0x04C5, 23 }, // U+04C5
    { 0x04C6, 46 }, // U+04C6
    { 0x04C7, 24 }, // U+04C7
    { 0x04C8, 47 }, // U+04C8
    { 0x04C9, 23 }, // U+04C9
    { 0x04CA, 46 }, // U+04CA
    { 0x04CB, 23 }, // U+04CB
    { 0x04CC, 46 }, // U+04CC
    { 0x04CD, 27 }, // U+04CD
    { 0x04CE, 46 }, // U+04CE
    { 0x04D0, 17 }, // U+04D0
    { 0x04D1, 38 }, // U+04D1
    { 0x04D2, 17 }, // U+04D2
    { 0x04D3, 38 }, // U+04D3
    { 0x04D5, 42 }, // U+04D5
    { 0x04D7, 42 }, // U+04D7
    { 0x04D8, 20 }, // U+04D8
    { 0x04D9, 39 }, // U+04D9
    { 0x04DA, 20 }, // U+04DA
    { 0x04DB, 39 }, // U+04DB
    { 0x04DC, 74 }, // U+04DC
    { 0x04DD, 40 }, // U+04DD
    { 0x04DE, 18 }, // U+04DE
    { 0x04DF, 78 }, // U+04DF
    { 0x04E0, 102 }, // U+04E0
    { 0x04E1, 69 }, // U+04E1
    { 0x04E2, 23 }, // U+04E2
    { 0x04E3, 46 }, // U+04E3
    { 0x04E4, 23 }, // U+04E4
    { 0x04E5, 46 }, // U+04E5
    { 0x04E6, 20 }, // U+04E6
    { 0x04E7, 39 }, // U+04E7
    { 0x04E8, 20 }, // U+04E8
    { 0x04E9, 39 }, // U+04E9
    { 0x04EA, 20 }, // U+04EA
    { 0x04EB, 39 }, // U+04EB
    { 0x04EC, 20 }, // U+04EC
    { 0x04ED, 39 }, // U+04ED
    { 0x04EE, 33 }, // U+04EE
    { 0x04EF, 56 }, // U+04EF
    { 0x04F0, 33 }, // U+04F0
    { 0x04F1, 56 }, // U+04F1
    { 0x04F2, 33 }, // U+04F2
    { 0x04F3, 56 }, // U+04F3
    { 0x04F4, 23 }, // U+04F4
    { 0x04F5, 46 }, // U+04F5
    { 0x04F6, 71 }, // U+04F6
    { 0x04F7, 79 }, // U+04F7
    { 0x04F8, 23 }, // U+04F8
    { 0x04F9, 46 }, // U+04F9
    { 0x04FA, 71 }, // U+04FA
    { 0x04FB, 79 }, // U+04FB
    { 0x04FC, 103 }, // U+04FC
    { 0x04FD, 104 }, // U+04FD
    { 0x04FE, 34 }, // U+04FE
    { 0x04FF, 55 }, // U+04FF
    { 0x1EA0, 17 }, // U+1EA0
    { 0x1EA1, 38 }, // U+1EA1
    { 0x1EA2, 17 }, // U+1EA2
    { 0x1EA3, 38 }, // U+1EA3
    { 0x1EA4, 17 }, // U+1EA4
    { 0x1EA5, 38 }, // U+1EA5
    { 0x1EA6, 17 }, // U+1EA6
    { 0x1EA7, 38 }, // U+1EA7
    { 0x1EA8, 17 }, // U+1EA8
    { 0x1EA9, 38 }, // U+1EA9
    { 0x1EAA, 17 }, // U+1EAA
    { 0x1EAB, 38 }, // U+1EAB
    { 0x1EAC, 17 }, // U+1EAC
    { 0x1EAD, 38 }, // U+1EAD
    { 0x1EAE, 17 }, // U+1EAE
    { 0x1EAF, 38 }, // U+1EAF
    { 0x1EB0, 17 }, // U+1EB0
    { 0x1EB1, 38 }, // U+1EB1
    { 0x1EB2, 17 }, // U+1EB2
    { 0x1EB3, 38 }, // U+1EB3
    { 0x1EB4, 17 }, // U+1EB4
    { 0x1EB5, 38 }, // U+1EB5
    { 0x1EB6, 17 }, // U+1EB6
    { 0x1EB7, 38 }, // U+1EB7
    { 0x1EB9, 42 }, // U+1EB9
    { 0x1EBB, 42 }, // U+1EBB
    { 0x1EBD, 42 }, // U+1EBD
    { 0x1EBF, 42 }, // U+1EBF
    { 0x1EC1, 42 }, // U+1EC1
    { 0x1EC3, 42 }, // U+1EC3
    { 0x1EC5, 42 }, // U+1EC5
    { 0x1EC7, 42 }, // U+1EC7
    { 0x1EC8, 23 }, // U+1EC8
    { 0x1EC9, 46 }, // U+1EC9
    { 0x1ECA, 23 }, // U+1ECA
    { 0x1ECB, 46 }, // U+1ECB
    { 0x1ECC, 20 }, // U+1ECC
    { 0x1ECD, 39 }, // U+1ECD
    { 0x1ECE, 20 }, // U+1ECE
    { 0x1ECF, 39 }, // U+1ECF
    { 0x1ED0, 20 }, // U+1ED0
    { 0x1ED1, 39 }, // U+1ED1
    { 0x1ED2, 20 }, // U+1ED2
    { 0x1ED3, 39 }, // U+1ED3
    { 0x1ED4, 20 }, // U+1ED4
    { 0x1ED5, 39 }, // U+1ED5
    { 0x1ED6, 20 }, // U+1ED6
    { 0x1ED7, 39 }, // U+1ED7
    { 0x1ED8, 20 }, // U+1ED8
    { 0x1ED9, 39 }, // U+1ED9
    { 0x1EDA, 20 }, // U+1EDA
    { 0x1EDC, 20 }, // U+1EDC
    { 0x1EDE, 20 }, // U+1EDE
    { 0x1EE0, 20 }, // U+1EE0
    { 0x1EE2, 20 }, // U+1EE2
    { 0x1EE4, 32 }, // U+1EE4
    { 0x1EE5, 46 }, // U+1EE5
    { 0x1EE6, 32 }, // U+1EE6
    { 0x1EE7, 46 }, // U+1EE7
    { 0x1EE8, 32 }, // U+1EE8
    { 0x1EEA, 32 }, // U+1EEA
    { 0x1EEC, 32 }, // U+1EEC
    { 0x1EEE, 32 }, // U+1EEE
    { 0x1EF0, 32 }, // U+1EF0
    { 0x1EF2, 35 }, // U+1EF2
    { 0x1EF3, 56 }, // U+1EF3
    { 0x1EF4, 35 }, // U+1EF4
    { 0x1EF5, 54 }, // U+1EF5
    { 0x1EF6, 35 }, // U+1EF6
    { 0x1EF7, 54 }, // U+1EF7
    { 0x1EF8, 35 }, // U+1EF8
    { 0x1EF9, 54 }, // U+1EF9
    { 0x2018, 105 }, // U+2018
    { 0x2019, 106 }, // U+2019
    { 0x201A, 4 }, // U+201A
    { 0x201C, 105 }, // U+201C
    { 0x201D, 106 }, // U+201D
    { 0x201E, 4 }, // U+201E
    { 0x2020, 107 }, // U+2020
    { 0x2022, 108 }, // U+2022
    { 0x2039, 109 }, // U+2039
    { 0x203A, 110 }, // U+203A
    { 0xFB00, 43 }, // U+FB00
    { 0xFB01, 46 }, // U+FB01
    { 0xFB02, 41 }, // U+FB02
    { 0xFB03, 46 }, // U+FB03
    { 0xFB04, 41 }, // U+FB04
    { 0xFB05, 53 }, // U+FB05
    { 0xFB06, 53 }, // U+FB06
};

static const EpdKernClassEntry ebgaramond_18_bolditalicKernRightClasses[] = {
    { 0x0026, 1 }, // &
    { 0x002A, 2 }, // *
    { 0x002C, 3 }, // ,
    { 0x002D, 4 }, // -
    { 0x002E, 3 }, // .
    { 0x002F, 5 }, // /
    { 0x0030, 6 }, // 0
    { 0x0031, 7 }, // 1
    { 0x0032, 8 }, // 2
    { 0x0033, 9 }, // 3
    { 0x0034, 10 }, // 4
    { 0x0035, 11 }, // 5
    { 0x0036, 12 }, // 6
    { 0x0037, 13 }, // 7
    { 0x0038, 14 }, // 8
    { 0x0039, 15 }, // 9
    { 0x003A, 16 }, // :
    { 0x003B, 16 }, // ;
    { 0x003C, 17 }, // <
    { 0x003F, 18 }, // ?
    { 0x0040, 19 }, // @
    { 0x0041, 20 }, // A
    { 0x0042, 21 }, // B
    { 0x0043, 22 }, // C
    { 0x0044, 21 }, // D
    { 0x0045, 21 }, // E
    { 0x0046, 21 }, // F
    { 0x0047, 22 }, // G
    { 0x0048, 21 }, // H
    { 0x0049, 21 }, // I
    { 0x004A, 23 }, // J
    { 0x004B, 21 }, // K
    { 0x004C, 21 }, // L
    { 0x004D, 24 }, // M
    { 0x004E, 21 }, // N
    { 0x004F, 22 }, // O
    { 0x0050, 21 }, // P
    { 0x0051, 22 }, // Q
    { 0x0052, 21 }, // R
    { 0x0053, 25 }, // S
    { 0x0054, 26 }, // T
    { 0x0055, 27 }, // U
    { 0x0056, 28 }, // V
    { 0x0057, 28 }, // W
    { 0x0058, 29 }, // X
    { 0x0059, 30 }, // Y
    { 0x005A, 31 }, // Z
    { 0x005C, 32 }, // <backslash>
    { 0x0061, 33 }, // a
    { 0x0062, 34 }, // b
    { 0x0063, 35 }, // c
    { 0x0064, 35 }, // d
    { 0x0065, 35 }, // e
    { 0x0066, 36 }, // f
    { 0x0067, 37 }, // g
    { 0x0068, 34 }, // h
    { 0x0069, 38 }, // i
    { 0x006A, 39 }, // j
    { 0x006B, 34 }, // k
    { 0x006C, 34 }, // l
    { 0x006D, 40 }, // m
    { 0x006E, 40 }, // n
    { 0x006F, 35 }, // o
    { 0x0070, 41 }, // p
    { 0x0071, 35 }, // q
    { 0x0072, 40 }, // r
    { 0x0073, 42 }, // s
    { 0x0074, 43 }, // t
    { 0x0075, 44 }, // u
    { 0x0076, 45 }, // v
    { 0x0077, 45 }, // w
    { 0x0078, 46 }, // x
    { 0x0079, 47 }, // y
    { 0x007A, 48 }, // z
    { 0x00A2, 49 }, // U+00A2
    { 0x00A3, 50 }, // U+00A3
    { 0x00A5, 51 }, // U+00A5
    { 0x00AB, 52 }, // U+00AB
    { 0x00B7, 53 }, // U+00B7
    { 0x00BB, 54 }, // U+00BB
    { 0x00C0, 20 }, // U+00C0
    { 0x00C1, 20 }, // U+00C1
    { 0x00C2, 20 }, // U+00C2
    { 0x00C3, 20 }, // U+00C3
    { 0x00C4, 20 }, // U+00C4
    { 0x00C5, 20 }, // U+00C5
    { 0x00C6, 55 }, // U+00C6
    { 0x00C7, 22 }, // U+00C7
    { 0x00C8, 21 }, // U+00C8
    { 0x00C9, 21 }, // U+00C9
    { 0x00CA, 21 }, // U+00CA
    { 0x00CB, 21 }, // U+00CB
    { 0x00CC, 21 }, // U+00CC
    { 0x00CD, 21 }, // U+00CD
    { 0x00CE, 21 }, // U+00CE
    { 0x00CF, 21 }, // U+00CF
    { 0x00D0, 21 }, // U+00D0
    { 0x00D1, 21 }, // U+00D1
    { 0x00D2, 22 }, // U+00D2
    { 0x00D3, 22 }, // U+00D3
    { 0x00D4, 22 }, // U+00D4
    { 0x00D5, 22 }, // U+00D5
    { 0x00D6, 22 }, // U+00D6
    { 0x00D8, 22 }, // U+00D8
    { 0x00D9, 27 }, // U+00D9
    { 0x00DA, 27 }, // U+00DA
    { 0x00DB, 27 }, // U+00DB
    { 0x00DC, 27 }, // U+00DC
    { 0x00DD, 30 }, // U+00DD
    { 0x00DE, 21 }, // U+00DE
    { 0x00DF, 36 }, // U+00DF
    { 0x00E0, 33 }, // U+00E0
    { 0x00E1, 33 }, // U+00E1
    { 0x00E2, 33 }, // U+00E2
    { 0x00E3, 33 }, // U+00E3
    { 0x00E4, 33 }, // U+00E4
    { 0x00E5, 33 }, // U+00E5
    { 0x00E6, 33 }, // U+00E6
    { 0x00E7, 35 }, // U+00E7
    { 0x00E8, 35 }, // U+00E8
    { 0x00E9, 35 }, // U+00E9
    { 0x00EA, 35 }, // U+00EA
    { 0x00EB, 35 }, // U+00EB
    { 0x00EC, 38 }, // U+00EC
    { 0x00ED, 38 }, // U+00ED
    { 0x00EE, 38 }, // U+00EE
    { 0x00EF, 38 }, // U+00EF
    { 0x00F0, 56 }, // U+00F0
    { 0x00F1, 40 }, // U+00F1
    { 0x00F2, 35 }, // U+00F2
    { 0x00F3, 35 }, // U+00F3
    { 0x00F4, 35 }, // U+00F4
    { 0x00F5, 35 }, // U+00F5
    { 0x00F6, 35 }, // U+00F6
    { 0x00F8, 35 }, // U+00F8
    { 0x00F9, 44 }, // U+00F9
    { 0x00FA, 44 }, // U+00FA
    { 0x00FB, 44 }, // U+00FB
    { 0x00FC, 44 }, // U+00FC
    { 0x00FD, 47 }, // U+00FD
    { 0x00FE, 34 }, // U+00FE
    { 0x00FF, 47 }, // U+00FF
    { 0x0100, 20 }, // U+0100
    { 0x0101, 33 }, // U+0101
    { 0x0102, 20 }, // U+0102
    { 0x0103, 33 }, // U+0103
    { 0x0104, 20 }, // U+0104
    { 0x0105, 33 }, // U+0105
    { 0x0106, 22 }, // U+0106
    { 0x0107, 35 }, // U+0107
    { 0x0108, 22 }, // U+0108
    { 0x0109, 35 }, // U+0109
    { 0x010A, 22 }, // U+010A
    { 0x010B, 35 }, // U+010B
    { 0x010C, 22 }, // U+010C
    { 0x010D, 35 }, // U+010D
    { 0x010E, 21 }, // U+010E
    { 0x010F, 35 }, // U+010F
    { 0x0110, 21 }, // U+0110
    { 0x0111, 35 }, // U+0111
    { 0x0112, 21 }, // U+0112
    { 0x0113, 35 }, // U+0113
    { 0x0114, 21 }, // U+0114
    { 0x0115, 35 }, // U+0115
    { 0x0116, 21 }, // U+0116
    { 0x0117, 35 }, // U+0117
    { 0x0118, 21 }, // U+0118
    { 0x0119, 35 }, // U+0119
    { 0x011A, 21 }, // U+011A
    { 0x011B, 35 }, // U+011B
    { 0x011C, 22 }, // U+011C
    { 0x011D, 37 }, // U+011D
    { 0x011E, 22 }, // U+011E
    { 0x011F, 37 }, // U+011F
    { 0x0120, 22 }, // U+0120
    { 0x0121, 37 }, // U+0121
    { 0x0122, 22 }, // U+0122
    { 0x0123, 37 }, // U+0123
    { 0x0124, 21 }, // U+0124
    { 0x0125, 34 }, // U+0125
    { 0x0126, 21 }, // U+0126
    { 0x0127, 34 }, // U+0127
    { 0x0128, 21 }, // U+0128
    { 0x0129, 38 }, // U+0129
    { 0x012A, 21 }, // U+012A
    { 0x012B, 38 }, // U+012B
    { 0x012C, 21 }, // U+012C
    { 0x012D, 38 }, // U+012D
    { 0x012E, 21 }, // U+012E
    { 0x012F, 38 }, // U+012F
    { 0x0130, 21 }, // U+0130
    { 0x0131, 40 }, // U+0131
    { 0x0132, 21 }, // U+0132
    { 0x0133, 38 }, // U+0133
    { 0x0134, 23 }, // U+0134
    { 0x0135, 39 }, // U+0135
    { 0x0136, 21 }, // U+0136
    { 0x0137, 34 }, // U+0137
    { 0x0138, 40 }, // U+0138
    { 0x0139, 21 }, // U+0139
    { 0x013A, 34 }, // U+013A
    { 0x013B, 21 }, // U+013B
    { 0x013C, 34 }, // U+013C
    { 0x013D, 21 }, // U+013D
    { 0x013E, 34 }, // U+013E
    { 0x013F, 21 }, // U+013F
    { 0x0140, 34 }, // U+0140
    { 0x0141, 21 }, // U+0141
    { 0x0142, 34 }, // U+0142
    { 0x0143, 21 }, // U+0143
    { 0x0144, 40 }, // U+0144
    { 0x0145, 21 }, // U+0145
    { 0x0146, 40 }, // U+0146
    { 0x0147, 21 }, // U+0147
    { 0x0148, 40 }, // U+0148
    { 0x0149, 40 }, // U+0149
    { 0x014A, 21 }, // U+014A
    { 0x014B, 40 }, // U+014B
    { 0x014C, 22 }, // U+014C
    { 0x014D, 35 }, // U+014D
    { 0x014E, 22 }, // U+014E
    { 0x014F, 35 }, // U+014F
    { 0x0150, 22 }, // U+0150
    { 0x0151, 35 }, // U+0151
    { 0x0152, 22 }, // U+0152
    { 0x0153, 35 }, // U+0153
    { 0x0154, 21 }, // U+0154
    { 0x0155, 40 }, // U+0155
    { 0x0156, 21 }, // U+0156
    { 0x0157, 40 }, // U+0157
    { 0x0158, 21 }, // U+0158
    { 0x0159, 40 }, // U+0159
    { 0x015A, 25 }, // U+015A
    { 0x015B, 42 }, // U+015B
    { 0x015C, 25 }, // U+015C
    { 0x015D, 42 }, // U+015D
    { 0x015E, 25 }, // U+015E
    { 0x015F, 42 }, // U+015F
    { 0x0160, 25 }, // U+0160
    { 0x0161, 42 }, // U+0161
    { 0x0162, 26 }, // U+0162
    { 0x0163, 43 }, // U+0163
    { 0x0164, 26 }, // U+0164
    { 0x0165, 43 }, // U+0165
    { 0x0166, 26 }, // U+0166
    { 0x0167, 43 }, // U+0167
    { 0x0168, 27 }, // U+0168
    { 0x0169, 44 }, // U+0169
    { 0x016A, 27 }, // U+016A
    { 0x016B, 44 }, // U+016B
    { 0x016C, 27 }, // U+016C
    { 0x016D, 44 }, // U+016D
    { 0x016E, 27 }, // U+016E
    { 0x016F, 44 }, // U+016F
    { 0x0170, 27 }, // U+0170
    { 0x0171, 44 }, // U+0171
    { 0x0172, 27 }, // U+0172
    { 0x0173, 44 }, // U+0173
    { 0x0174, 28 }, // U+0174
    { 0x0175, 45 }, // U+0175
    { 0x0176, 30 }, // U+0176
    { 0x0177, 47 }, // U+0177
    { 0x0178, 30 }, // U+0178
    { 0x0179, 31 }, // U+0179
    { 0x017A, 48 }, // U+017A
    { 0x017B, 31 }, // U+017B
    { 0x017C, 48 }, // U+017C
    { 0x017D, 31 }, // U+017D
    { 0x017E, 48 }, // U+017E
    { 0x017F, 36 }, // U+017F
    { 0x01A0, 22 }, // U+01A0
    { 0x01A1, 35 }, // U+01A1
    { 0x01AF, 27 }, // U+01AF
    { 0x01B0, 44 }, // U+01B0
    { 0x01C4, 21 }, // U+01C4
    { 0x01C5, 21 }, // U+01C5
    { 0x01C6, 35 }, // U+01C6
    { 0x01C7, 21 }, // U+01C7
    { 0x01C8, 21 }, // U+01C8
    { 0x01C9, 34 }, // U+01C9
    { 0x01CA, 21 }, // U+01CA
    { 0x01CB, 21 }, // U+01CB
    { 0x01CC, 40 }, // U+01CC
    { 0x01CD, 20 }, // U+01CD
    { 0x01CE, 33 }, // U+01CE
    { 0x01CF, 21 }, // U+01CF
    { 0x01D0, 38 }, // U+01D0
    { 0x01D1, 22 }, // U+01D1
    { 0x01D2, 35 }, // U+01D2
    { 0x01D3, 27 }, // U+01D3
    { 0x01D4, 44 }, // U+01D4
    { 0x01D5, 27 }, // U+01D5
    { 0x01D6, 44 }, // U+01D6
    { 0x01D7, 27 }, // U+01D7
    { 0x01D8, 44 }, // U+01D8
    { 0x01D9, 27 }, // U+01D9
    { 0x01DA, 44 }, // U+01DA
    { 0x01DB, 27 }, // U+01DB
    { 0x01DC, 44 }, // U+01DC
    { 0x01DD, 57 }, // U+01DD
    { 0x01DE, 20 }, // U+01DE
    { 0x01DF, 33 }, // U+01DF
    { 0x01E0, 20 }, // U+01E0
    { 0x01E1, 33 }, // U+01E1
    { 0x01E2, 55 }, // U+01E2
    { 0x01E3, 33 }, // U+01E3
    { 0x01E4, 22 }, // U+01E4
    { 0x01E5, 37 }, // U+01E5
    { 0x01E6, 22 }, // U+01E6
    { 0x01E7, 37 }, // U+01E7
    { 0x01E8, 21 }, // U+01E8
    { 0x01E9, 34 }, // U+01E9
    { 0x01EA, 22 }, // U+01EA
    { 0x01EB, 35 }, // U+01EB
    { 0x01EC, 22 }, // U+01EC
    { 0x01ED, 35 }, // U+01ED
    { 0x01EF, 48 }, // U+01EF
    { 0x01F0, 39 }, // U+01F0
    { 0x01F1, 21 }, // U+01F1
    { 0x01F2, 21 }, // U+01F2
    { 0x01F3, 35 }, // U+01F3
    { 0x01F4, 22 }, // U+01F4
    { 0x01F5, 37 }, // U+01F5
    { 0x01F6, 21 }, // U+01F6
    { 0x01F8, 21 }, // U+01F8
    { 0x01F9, 40 }, // U+01F9
    { 0x01FA, 20 }, // U+01FA
    { 0x01FB, 33 }, // U+01FB
    { 0x01FC, 55 }, // U+01FC
    { 0x01FD, 33 }, // U+01FD
    { 0x01FE, 22 }, // U+01FE
    { 0x01FF, 35 }, // U+01FF
    { 0x0200, 20 }, // U+0200
    { 0x0201, 33 }, // U+0201
    { 0x0202, 20 }, // U+0202
    { 0x0203, 33 }, // U+0203
    { 0x0204, 21 }, // U+0204
    { 0x0205, 35 }, // U+0205
    { 0x0206, 21 }, // U+0206
    { 0x0207, 35 }, // U+0207
    { 0x0208, 21 }, // U+0208
    { 0x0209, 38 }, // U+0209
    { 0x020A, 21 }, // U+020A
    { 0x020B, 40 }, // U+020B
    { 0x020C, 22 }, // U+020C
    { 0x020D, 35 }, // U+020D
    { 0x020E, 22 }, // U+020E
    { 0x020F, 35 }, // U+020F
    { 0x0210, 21 }, // U+0210
    { 0x0211, 40 }, // U+0211
    { 0x0212, 21 }, // U+0212
    { 0x0213, 40 }, // U+0213
    { 0x0214, 27 }, // U+0214
    { 0x0215, 44 }, // U+0215
    { 0x0216, 27 }, // U+0216
    { 0x0217, 44 }, // U+0217
    { 0x0218, 25 }, // U+0218
    { 0x0219, 42 }, // U+0219
    { 0x021A, 26 }, // U+021A
    { 0x021B, 43 }, // U+021B
    { 0x021E, 21 }, // U+021E
    { 0x021F, 34 }, // U+021F
    { 0x0400, 21 }, // U+0400
    { 0x0401, 21 }, // U+0401
    { 0x0402, 58 }, // U+0402
    { 0x0403, 21 }, // U+0403
    { 0x0404, 22 }, // U+0404
    { 0x0405, 25 }, // U+0405
    { 0x0406, 21 }, // U+0406
    { 0x0407, 21 }, // U+0407
    { 0x0408, 23 }, // U+0408
    { 0x0409, 59 }, // U+0409
    { 0x040A, 21 }, // U+040A
    { 0x040B, 58 }, // U+040B
    { 0x040C, 21 }, // U+040C
    { 0x040D, 21 }, // U+040D
    { 0x040E, 60 }, // U+040E
    { 0x040F, 21 }, // U+040F
    { 0x0410, 20 }, // U+0410
    { 0x0411, 21 }, // U+0411
    { 0x0412, 21 }, // U+0412
    { 0x0413, 21 }, // U+0413
    { 0x0414, 59 }, // U+0414
    { 0x0415, 21 }, // U+0415
    { 0x0416, 61 }, // U+0416
    { 0x0417, 62 }, // U+0417
    { 0x0418, 21 }, // U+0418
    { 0x0419, 21 }, // U+0419
    { 0x041A, 21 }, // U+041A
    { 0x041B, 59 }, // U+041B
    { 0x041C, 24 }, // U+041C
    { 0x041D, 21 }, // U+041D
    { 0x041E, 22 }, // U+041E
    { 0x041F, 21 }, // U+041F
    { 0x0420, 21 }, // U+0420
    { 0x0421, 22 }, // U+0421
    { 0x0422, 26 }, // U+0422
    { 0x0423, 60 }, // U+0423
    { 0x0424, 63 }, // U+0424
    { 0x0425, 29 }, // U+0425
    { 0x0426, 21 }, // U+0426
    { 0x0427, 64 }, // U+0427
    { 0x0428, 21 }, // U+0428
    { 0x0429, 21 }, // U+0429
    { 0x042A, 58 }, // U+042A
    { 0x042B, 21 }, // U+042B
    { 0x042C, 21 }, // U+042C
    { 0x042D, 62 }, // U+042D
    { 0x042E, 21 }, // U+042E
    { 0x042F, 65 }, // U+042F
    { 0x0430, 33 }, // U+0430
    { 0x0431, 66 }, // U+0431
    { 0x0432, 67 }, // U+0432
    { 0x0433, 68 }, // U+0433
    { 0x0434, 69 }, // U+0434
    { 0x0435, 35 }, // U+0435
    { 0x0436, 70 }, // U+0436
    { 0x0437, 71 }, // U+0437
    { 0x0438, 44 }, // U+0438
    { 0x0439, 44 }, // U+0439
    { 0x043A, 40 }, // U+043A
    { 0x043B, 72 }, // U+043B
    { 0x043C, 73 }, // U+043C
    { 0x043D, 40 }, // U+043D
    { 0x043E, 35 }, // U+043E
    { 0x043F, 40 }, // U+043F
    { 0x0440, 41 }, // U+0440
    { 0x0441, 35 }, // U+0441
    { 0x0442, 40 }, // U+0442
    { 0x0443, 47 }, // U+0443
    { 0x0444, 35 }, // U+0444
    { 0x0445, 46 }, // U+0445
    { 0x0446, 44 }, // U+0446
    { 0x0447, 74 }, // U+0447
    { 0x0448, 44 }, // U+0448
    { 0x0449, 44 }, // U+0449
    { 0x044A, 75 }, // U+044A
    { 0x044B, 40 }, // U+044B
    { 0x044C, 40 }, // U+044C
    { 0x044D, 71 }, // U+044D
    { 0x044E, 40 }, // U+044E
    { 0x044F, 76 }, // U+044F
    { 0x0450, 35 }, // U+0450
    { 0x0451, 35 }, // U+0451
    { 0x0452, 34 }, // U+0452
    { 0x0453, 68 }, // U+0453
    { 0x0454, 35 }, // U+0454
    { 0x0455, 42 }, // U+0455
    { 0x0456, 38 }, // U+0456
    { 0x0457, 38 }, // U+0457
    { 0x0458, 39 }, // U+0458
    { 0x0459, 72 }, // U+0459
    { 0x045A, 40 }, // U+045A
    { 0x045B, 34 }, // U+045B
    { 0x045C, 40 }, // U+045C
    { 0x045D, 44 }, // U+045D
    { 0x045E, 47 }, // U+045E
    { 0x045F, 44 }, // U+045F
    { 0x0462, 77 }, // U+0462
    { 0x0463, 40 }, // U+0463
    { 0x046A, 78 }, // U+046A
    { 0x046B, 79 }, // U+046B
    { 0x0470, 80 }, // U+0470
    { 0x0472, 22 }, // U+0472
    { 0x0473, 35 }, // U+0473
    { 0x0474, 28 }, // U+0474
    { 0x0475, 40 }, // U+0475
    { 0x0476, 28 }, // U+0476
    { 0x0477, 40 }, // U+0477
    { 0x048A, 21 }, // U+048A
    { 0x048B, 44 }, // U+048B
    { 0x048D, 81 }, // U+048D
    { 0x048E, 21 }, // U+048E
    { 0x048F, 41 }, // U+048F
    { 0x0490, 21 }, // U+0490
    { 0x0491, 82 }, // U+0491
    { 0x0492, 21 }, // U+0492
    { 0x0493, 68 }, // U+0493
    { 0x0494, 21 }, // U+0494
    { 0x0495, 82 }, // U+0495
    { 0x0496, 61 }, // U+0496
    { 0x0497, 70 }, // U+0497
    { 0x0498, 62 }, // U+0498
    { 0x0499, 71 }, // U+0499
    { 0x049A, 21 }, // U+049A
    { 0x049B, 40 }, // U+049B
    { 0x049C, 21 }, // U+049C
    { 0x049D, 40 }, // U+049D
    { 0x049F, 81 }, // U+049F
    { 0x04A0, 58 }, // U+04A0
    { 0x04A1, 75 }, // U+04A1
    { 0x04A2, 21 }, // U+04A2
    { 0x04A3, 40 }, // U+04A3
    { 0x04A4, 21 }, // U+04A4
    { 0x04A5, 40 }, // U+04A5
    { 0x04A6, 21 }, // U+04A6
    { 0x04A7, 40 }, // U+04A7
    { 0x04A8, 22 }, // U+04A8
    { 0x04A9, 35 }, // U+04A9
    { 0x04AA, 22 }, // U+04AA
    { 0x04AB, 35 }, // U+04AB
    { 0x04AC, 26 }, // U+04AC
    { 0x04AD, 40 }, // U+04AD
    { 0x04AE, 30 }, // U+04AE
    { 0x04AF, 83 }, // U+04AF
    { 0x04B0, 30 }, // U+04B0
    { 0x04B1, 83 }, // U+04B1
    { 0x04B2, 29 }, // U+04B2
    { 0x04B3, 46 }, // U+04B3
    { 0x04B4, 58 }, // U+04B4
    { 0x04B5, 44 }, // U+04B5
    { 0x04B6, 64 }, // U+04B6
    { 0x04B7, 74 }, // U+04B7
    { 0x04B8, 64 }, // U+04B8
    { 0x04B9, 74 }, // U+04B9
    { 0x04BA, 21 }, // U+04BA
    { 0x04BB, 34 }, // U+04BB
    { 0x04BC, 84 }, // U+04BC
    { 0x04BD, 85 }, // U+04BD
    { 0x04BE, 84 }, // U+04BE
    { 0x04BF, 85 }, // U+04BF
    { 0x04C0, 21 }, // U+04C0
    { 0x04C1, 61 }, // U+04C1
    { 0x04C2, 70 }, // U+04C2
    { 0x04C3, 21 }, // U+04C3
    { 0x04C4, 40 }, // U+04C4
    { 0x04C5, 59 }, // U+04C5
    { 0x04C6, 72 }, // U+04C6
    { 0x04C7, 21 }, // U+04C7
    { 0x04C8, 40 }, // U+04C8
    { 0x04C9, 21 }, // U+04C9
    { 0x04CA, 40 }, // U+04CA
    { 0x04CB, 64 }, // U+04CB
    { 0x04CC, 74 }, // U+04CC
    { 0x04CD, 24 }, // U+04CD
    { 0x04CE, 73 }, // U+04CE
    { 0x04D0, 20 }, // U+04D0
    { 0x04D1, 33 }, // U+04D1
    { 0x04D2, 20 }, // U+04D2
    { 0x04D3, 33 }, // U+04D3
    { 0x04D4, 55 }, // U+04D4
    { 0x04D5, 33 }, // U+04D5
    { 0x04D6, 21 }, // U+04D6
    { 0x04D7, 35 }, // U+04D7
    { 0x04D8, 86 }, // U+04D8
    { 0x04D9, 57 }, // U+04D9
    { 0x04DA, 86 }, // U+04DA
    { 0x04DB, 57 }, // U+04DB
    { 0x04DC, 61 }, // U+04DC
    { 0x04DD, 70 }, // U+04DD
    { 0x04DE, 62 }, // U+04DE
    { 0x04DF, 71 }, // U+04DF
    { 0x04E0, 62 }, // U+04E0
    { 0x04E1, 48 }, // U+04E1
    { 0x04E2, 21 }, // U+04E2
    { 0x04E3, 44 }, // U+04E3
    { 0x04E4, 21 }, // U+04E4
    { 0x04E5, 44 }, // U+04E5
    { 0x04E6, 22 }, // U+04E6
    { 0x04E7, 35 }, // U+04E7
    { 0x04E8, 22 }, // U+04E8
    { 0x04E9, 35 }, // U+04E9
    { 0x04EA, 22 }, // U+04EA
    { 0x04EB, 35 }, // U+04EB
    { 0x04EC, 62 }, // U+04EC
    { 0x04ED, 71 }, // U+04ED
    { 0x04EE, 60 }, // U+04EE
    { 0x04EF, 47 }, // U+04EF
    { 0x04F0, 60 }, // U+04F0
    { 0x04F1, 47 }, // U+04F1
    { 0x04F2, 60 }, // U+04F2
    { 0x04F3, 47 }, // U+04F3
    { 0x04F4, 64 }, // U+04F4
    { 0x04F5, 74 }, // U+04F5
    { 0x04F6, 21 }, // U+04F6
    { 0x04F7, 68 }, // U+04F7
    { 0x04F8, 21 }, // U+04F8
    { 0x04F9, 40 }, // U+04F9
    { 0x04FA, 23 }, // U+04FA
    { 0x04FB, 68 }, // U+04FB
    { 0x04FC, 29 }, // U+04FC
    { 0x04FD, 46 }, // U+04FD
    { 0x04FE, 29 }, // U+04FE
    { 0x04FF, 46 }, // U+04FF
    { 0x1EA0, 20 }, // U+1EA0
    { 0x1EA1, 33 }, // U+1EA1
    { 0x1EA2, 20 }, // U+1EA2
    { 0x1EA3, 33 }, // U+1EA3
    { 0x1EA4, 20 }, // U+1EA4
    { 0x1EA5, 33 }, // U+1EA5
    { 0x1EA6, 20 }, // U+1EA6
    { 0x1EA7, 33 }, // U+1EA7
    { 0x1EA8, 20 }, // U+1EA8
    { 0x1EA9, 33 }, // U+1EA9
    { 0x1EAA, 20 }, // U+1EAA
    { 0x1EAB, 33 }, // U+1EAB
    { 0x1EAC, 20 }, // U+1EAC
    { 0x1EAD, 33 }, // U+1EAD
    { 0x1EAE, 20 }, // U+1EAE
    { 0x1EAF, 33 }, // U+1EAF
    { 0x1EB0, 20 }, // U+1EB0
    { 0x1EB1, 33 }, // U+1EB1
    { 0x1EB2, 20 }, // U+1EB2
    { 0x1EB3, 33 }, // U+1EB3
    { 0x1EB4, 20 }, // U+1EB4
    { 0x1EB5, 33 }, // U+1EB5
    { 0x1EB6, 20 }, // U+1EB6
    { 0x1EB7, 33 }, // U+1EB7
    { 0x1EB8, 21 }, // U+1EB8
    { 0x1EB9, 35 }, // U+1EB9
    { 0x1EBA, 21 }, // U+1EBA
    { 0x1EBB, 35 }, // U+1EBB
    { 0x1EBC, 21 }, // U+1EBC
    { 0x1EBD, 35 }, // U+1EBD
    { 0x1EBE, 21 }, // U+1EBE
    { 0x1EBF, 35 }, // U+1EBF
    { 0x1EC0, 21 }, // U+1EC0
    { 0x1EC1, 35 }, // U+1EC1
    { 0x1EC2, 21 }, // U+1EC2
    { 0x1EC3, 35 }, // U+1EC3
    { 0x1EC4, 21 }, // U+1EC4
    { 0x1EC5, 35 }, // U+1EC5
    { 0x1EC6, 21 }, // U+1EC6
    { 0x1EC7, 35 }, // U+1EC7
    { 0x1EC8, 21 }, // U+1EC8
    { 0x1EC9, 38 }, // U+1EC9
    { 0x1ECA, 21 }, // U+1ECA
    { 0x1ECB, 38 }, // U+1ECB
    { 0x1ECC, 22 }, // U+1ECC
    { 0x1ECD, 35 }, // U+1ECD
    { 0x1ECE, 22 }, // U+1ECE
    { 0x1ECF, 35 }, // U+1ECF
    { 0x1ED0, 22 }, // U+1ED0
    { 0x1ED1, 35 }, // U+1ED1
    { 0x1ED2, 22 }, // U+1ED2
    { 0x1ED3, 35 }, // U+1ED3
    { 0x1ED4, 22 }, // U+1ED4
    { 0x1ED5, 35 }, // U+1ED5
    { 0x1ED6, 22 }, // U+1ED6
    { 0x1ED7, 35 }, // U+1ED7
    { 0x1ED8, 22 }, // U+1ED8
    { 0x1ED9, 35 }, // U+1ED9
    { 0x1EDA, 22 }, // U+1EDA
    { 0x1EDB, 35 }, // U+1EDB
    { 0x1EDC, 22 }, // U+1EDC
    { 0x1EDD, 35 }, // U+1EDD
    { 0x1EDE, 22 }, // U+1EDE
    { 0x1EDF, 35 }, // U+1EDF
    { 0x1EE0, 22 }, // U+1EE0
    { 0x1EE1, 35 }, // U+1EE1
    { 0x1EE2, 22 }, // U+1EE2
    { 0x1EE3, 35 }, // U+1EE3
    { 0x1EE4, 27 }, // U+1EE4
    { 0x1EE5, 44 }, // U+1EE5
    { 0x1EE6, 27 }, // U+1EE6
    { 0x1EE7, 44 }, // U+1EE7
    { 0x1EE8, 27 }, // U+1EE8
    { 0x1EE9, 44 }, // U+1EE9
    { 0x1EEA, 27 }, // U+1EEA
    { 0x1EEB, 44 }, // U+1EEB
    { 0x1EEC, 27 }, // U+1EEC
    { 0x1EED, 44 }, // U+1EED
    { 0x1EEE, 27 }, // U+1EEE
    { 0x1EEF, 44 }, // U+1EEF
    { 0x1EF0, 27 }, // U+1EF0
    { 0x1EF1, 44 }, // U+1EF1
    { 0x1EF2, 30 }, // U+1EF2
    { 0x1EF3, 47 }, // U+1EF3
    { 0x1EF4, 30 }, // U+1EF4
    { 0x1EF5, 47 }, // U+1EF5
    { 0x1EF6, 30 }, // U+1EF6
    { 0x1EF7, 47 }, // U+1EF7
    { 0x1EF8, 30 }, // U+1EF8
    { 0x1EF9, 47 }, // U+1EF9
    { 0x2018, 87 }, // U+2018
    { 0x2019, 88 }, // U+2019
    { 0x201A, 3 }, // U+201A
    { 0x201C, 87 }, // U+201C
    { 0x201D, 89 }, // U+201D
    { 0x201E, 3 }, // U+201E
    { 0x2020, 90 }, // U+2020
    { 0x2022, 91 }, // U+2022
    { 0x2039, 92 }, // U+2039
    { 0x203A, 93 }, // U+203A
    { 0x203D, 18 }, // U+203D
    { 0x2047, 18 }, // U+2047
    { 0x2048, 18 }, // U+2048
    { 0x20AC, 94 }, // U+20AC
    { 0xFB00, 36 }, // U+FB00
    { 0xFB01, 36 }, // U+FB01
    { 0xFB02, 36 }, // U+FB02
    { 0xFB03, 36 }, // U+FB03
    { 0xFB04, 36 }, // U+FB04
    { 0xFB05, 36 }, // U+FB05
    { 0xFB06, 42 }, // U+FB06
};

static const int8_t ebgaramond_18_bolditalicKernMatrix[] = {
       0,    0,    0,    0,    0,    0,    0,    0,    0,    0,    0,    0,    0,    0,    0,    0,    0,    0,    0,  -16,    0,    0,    0,    0,    0,    0,    0,    0,    0,    0,    0,    0,    0,    0,    0,    0,    0,    0,    0,    0,    0,    0,    0,    0,    0,    0,    0,    0,    0,    0,    0,    0,    0,    0,    0,    0,    0,    0,  -17,    0,    0,    0,    0,    0,    0,    0,    0,    0,    0,    0,    0,    0,  -17,    0,    0,    0,    0,  -10,    0,    0,    0,    0,    0,    0,    0,    0,    0,    0,    0,    0,    0,    0,    0,    0,
       0,    0,    0,    0,    0,    0,    0,    0,    0,    0,    0,    0,    0,    0,    0,    0,    0,    0,    0,    0,    0,    0,   40,    0,    0,    0,    0,    0,    0,    0,    0,    0,    0,    0,    0,   27,    0,    0,    0,    0,    0,    0,    0,    0,    0,    0,    0,    0,    0,    0,    0,    0,    0,    0,    0,    0,    0,    0,    0,    0,    0,    0,    0,    0,    0,    0,    0,    0,    0,    0,    0,    0,    0,    0,    0,    0,    0,    0,    0,    0,    0,    0,    0,    0,    0,    0,    0,    0,    0,    0,    0,    0,    0,    0,
       0,    0,  -49,    0,    0,    0,    0,    0,    0,    0,    0,    0,    0,    0,    0,    0,    0,    0,    0,  -77,    0,    0,    0,    0,    0,    0,    0,    0,    0,    0,    0,    0,  -13,    0,    0,   40,    0,    0,    0,    0,    0,    0,    0,    0,    0,    0,    0,    0,    0,    0,    0,    0,    0,    0,    0,    0,    0,    0,  -42,    0,    0,    0,    0,    0,    0,    0,    0,    0,    0,    0,    0,  -40,    0,    0,    0,    0,    0,    0,    0,    0,    0,    0,    0,    0,    0,    0,    0,    0,    0,    0,    0,    0,    0,    0,
       0,    0,    0,    0,    0,  -15,    0,    0,    0,  -27,    0,    0,    0,    0,    0,    0,    0,    0,    0,    0,    0,  -38,   42,    0,    0,  -52,    0,  -50,    0,  -44,    0,    0,    0,  -15,    0,    0,    0,    0,    0,  -25,  -19,    0,    0,  -22,    0,    0,  -32,  -14,    0,    0,    0,    0,    0,    0,    0,    0,    0,  -51,    0,   -4,    0,    0,  -48, -116,    0,    0,    0,    0,    0,    0,    0,    0,    0,    0,  -40,    0,    0,    0,    0,    0,    0,    0,  -51,  -95,  -52,  -13,  -40,  -40,  -40,    0,    0,    0,    0,    0,
       0,    0,    0,    0,    0,    0,    0,    0,    0,    0,    0,    0,    0,    0,    0,    0,    0,    0,    0,    0,    0,    0,    0,    0,    0,  -32,    0,   -4,    0,  -41,    0,    0,    0,    0,    0,    0,    0,    0,    0,    0,    0,    0,    0,    0,    0,    0,    0,    0,    0,    0,    0,    0,    0,    0,    0,    0,    0,   -7,    0,  -22,    0,    0,    0,  -43,    0,    0,    0,    0,    0,    0,    0,    0,    0,    0,    0,    0,    0,    0,  -31,    0,    0,    0,    0,    0,    0,    0,    0,    0,    0,    0,    0,    0,    0,    0,
       0,    0,    0,    0,    0,    0,    0,    0,    0,    0,    0,    0,    0,    0,    0,    0,    0,    0,    0,  -40,    0,    0,    0,    0,    0,    0,    0,    0,    0,    0,    0,    0,    0,    0,  -17,    0,    0,    0,    0,   -1,    0,    0,    0,    0,    0,    0,    0,    0,    0,    0,    0,    0,    0,    0,    0,    0,    0,    0,    0,    0,    0,    0,    0,    0,    0,    0,   -2,    0,  -17,    0,    0,   -8,    0,    0,    0,  -13,    0,    0,    0,    0,    0,    0,    0,    0,    0,    0,    0,    0,    0,    0,    0,    0,    0,    0,
       0,    0,  -15,    0,    0,    0,    0,    0,    0,    0,    0,    0,    0,  -10,    0,    0,    0,    0,    0,    0,    0,    0,    0,    0,    0,    0,    0,    0,    0,    0,    0,    0,    0,    0,    0,    0,    0,    0,    0,    0,    0,    0,    0,    0,    0,    0,    0,    0,    0,    0,    0,    0,    0,    0,    0,    0,    0,    0,    0,    0,    0,    0,    0,    0,    0,    0,    0,    0,    0,    0,    0,    0,    0,    0,    0,    0,    0,    0,    0,    0,    0,    0,    0,    0,    0,    0,    0,    0,    0,    0,    0,    0,    0,    0,
       0,    0,    0,    0,    0,    0,    0,    0,    0,    0,    0,    0,  -15,    0,    0,    0,    0,    0,    0,    0,    0,    0,    0,    0,    0,    0,    0,    0,    0,    0,    0,    0,    0,    0,    0,    0,    0,    0,    0,    0,    0,    0,    0,    0,    0,    0,    0,    0,    0,    0,    0,    0,    0,    0,    0,    0,    0,    0,    0,    0,    0,    0,    0,    0,    0,    0,    0,    0,    0,    0,    0,    0,    0,    0,    0,    0,    0,    0,    0,    0,    0,    0,    0,    0,    0,    0,    0,    0,    0,    0,    0,    0,    0,    0,
       0,    0,   -5,    0,    0,    0,    0,    0,    0,    0,    0,    0,    0,    0,    0,    0,    0,    0,    0,    0,    0,    0,    0,    0,    0,    0,    0,    0,    0,    0,    0,    0,    0,    0,    0,    0,    0,    0,    0,    0,    0,    0,    0,    0,    0,    0,    0,    0,    0,    0,  -17,    0,    0,    0,    0,    0,    0,    0,    0,    0,    0,    0,    0,    0,    0,    0,    0,    0,    0,    0,    0,    0,    0,    0,    0,    0,    0,    0,    0,    0,    0,    0,    0,    0,    0,    0,    0,    0,    0,    0,    0,    0,    0,    0,
       0,    0,    0,    0,    0,    0,    0,    0,   -7,    0,    0,    0,    0,    0,    0,    0,    0,    0,    0,    0,    0,    0,    0,    0,    0,    0,    0,    0,    0,    0,    0,    0,    0,    0,    0,    0,    0,    0,    0,    0,    0,    0,    0,    0,    0,    0,    0,    0,    0,    0,  -22,    0,    0,    0,    0,    0,    0,    0,    0,    0,    0,    0,    0,    0,    0,    0,    0,    0,    0,    0,    0,    0,    0,    0,    0,    0,    0,    0,    0,    0,    0,    0,    0,    0,    0,    0,    0,    0,    0,    0,    0,    0,    0,    0,
       0,    0,   -7,    0,    0,    0,    0,    0,    0,    0,    0,    0,    0,    0,    0,    0,    0,    0,    0,    0,    0,    0,    0,    0,    0,    0,    0,    0,    0,    0,    0,    0,    0,    0,    0,    0,    0,    0,    0,    0,    0,    0,    0,    0,    0,    0,    0,    0,    0,    0,    0,    0,    0,    0,    0,    0,    0,    0,    0,    0,    0,    0,    0,    0,    0,    0,    0,    0,    0,    0,    0,    0,    0,    0,    0,    0,    0,    0,    0,    0,    0,    0,    0,    0,    0,    0,    0,    0,    0,    0,    0,    0,    0,    0,
       0,    0,  -40,    0,  -22,  -22,    0,  -13,    0,  -47,  -13,    0,    0,   -7,   -7,    0,  -17,    0,    0,    0,    0,    0,    0,    0,    0,    0,    0,    0,    0,    0,    0,    0,    0,    0,    0,    0,    0,    0,    0,    0,    0,    0,    0,    0,    0,    0,    0,    0,  -22,  -32,    0,    0,    0,    0,    0,    0,    0,    0,    0,    0,    0,    0,    0,    0,    0,    0,    0,    0,    0,    0,    0,    0,    0,    0,    0,    0,    0,    0,    0,    0,    0,    0,    0,    0,    0,    0,    0,    0,    0,    0,    0,    0,    0,    0,
       0,    0,    0,    0,    0,  -17,    0,  -13,    0,  -13,    0,    0,  -17,    0,    0,    0,    0,    0,    0,    0,    0,    0,    0,    0,    0,    0,    0,    0,    0,    0,    0,    0,    0,    0,    0,    0,    0,    0,    0,    0,    0,    0,    0,    0,    0,    0,    0,    0,    0,    0,    0,    0,    0,    0,    0,    0,    0,    0,    0,    0,    0,    0,    0,    0,    0,    0,    0,    0,    0,    0,    0,    0,    0,    0,    0,    0,    0,    0,    0,    0,    0,    0,    0,    0,    0,    0,    0,    0,    0,    0,    0,    0,    0,    0,
       0,    0,  -13,    0,    0,    0,    0,    0,    0,    0,    0,    0,    0,    0,    0,    0,    0,    0,    0,    0,    0,    0,    0,    0,    0,    0,    0,    0,    0,    0,    0,    0,    0,    0,    0,    0,    0,    0,    0,    0,    0,    0,    0,    0,    0,    0,    0,    0,   15,    0,    0,    0,    0,    0,    0,    0,    0,    0,    0,    0,    0,    0,    0,    0,    0,    0,    0,    0,    0,    0,    0,    0,    0,    0,    0,    0,    0,    0,    0,    0,    0,    0,    0,    0,    0,    0,    0,    0,    0,    0,    0,    0,    0,   10,
       0,    0,    0,    0,    0,    0,    0,    0,    0,    0,    0,    0,    0,    0,    0,    0,    0,    0,    0,    0,    0,    0,    0,    0,    0,  -47,    0,  -27,    0,  -44,    0,    0,    0,    0,    0,    0,    0,    0,    0,    0,    0,    0,    0,    0,    0,    0,    0,    0,    0,    0,    0,    0,    0,    0,    0,    0,    0,  -32,    0,   -2,    0,    0,    0,  -40,    0,    0,    0,    0,    0,    0,    0,    0,    0,    0,    0,    0,    0,    0,    0,    0,    0,    0,    0,    0,    0,    0,    0,    0,    0,    0,    0,    0,    0,    0,
       0,    0,    0,    0,    0,    0,    0,    0,    0,    0,    0,    0,    0,    0,    0,    0,    0,    0,    0,    0,    0,    0,    0,    0,    0,  -32,    0,  -27,    0,  -40,    0,    0,    0,    0,    0,    0,    0,    0,    0,    0,    0,    0,    0,    0,    0,    0,    0,    0,    0,    0,    0,    0,    0,    0,    0,    0,    0,    0,    0,    0,    0,    0,    0,    0,    0,    0,    0,    0,    0,    0,    0,    0,    0,    0,    0,    0,    0,    0,    0,    0,    0,    0,    0,    0,    0,    0,    0,    0,    0,    0,    0,    0,    0,    0,
      -5,  -29,    0,    0,    0,    0,    0,    0,    0,    0,    0,    0,    0,    0,    0,    0,    0,    0,    0,    0,    0,  -10,    0,    0,    0,  -23,  -13,  -32,    0,  -14,    0,  -41,   -2,  -15,  -16,    0,    0,  -10,    0,  -19,   -9,   -7,   -7,  -10,  -13,    0,  -46,  -22,    0,    0,    0,  -31,    0,   -8,    0,    0,   -2,  -31,    0,  -25,    0,   -2,  -10,  -40,    0,  -27,    0,    0,  -16,    0,   -2,    0,    0,  -26,  -26,    0,   -2,    0,    0,  -50,  -31,  -10,  -36,  -40,  -32,    0,  -43,  -26,  -26,    0,    0,    0,    0,    0,
       0,    0,    0,    0,    0,    0,    0,    0,    0,    0,    0,    0,    0,    0,    0,    0,    0,    0,    0,   -5,    0,    0,    0,    0,    0,  -20,    0,  -23,  -15,  -27,    0,   -4,    0,    0,    0,    0,    0,    0,    0,    0,    0,    0,    0,    0,    0,    0,    0,    0,    0,    0,    0,    0,    0,    0,    0,    0,    0,    0,   -2,  -20,    0,    0,    0,  -40,    0,    0,    0,    0,    0,    0,    0,    0,    0,    0,    0,    0,    0,    0,    0,    0,    0,    0,    0,   -4,    0,    0,    0,    0,    0,    0,    0,    0,    0,    0,
       0,    0,    0,    0,    0,    0,    0,    0,    0,    0,    0,    0,    0,    0,    0,    0,    0,    0,    0,    0,    0,  -10,    0,    0,    0,    0,    0,  -14,  -13,   -2,    0,    0,    0,    0,    0,    0,    0,    0,    0,    0,    0,    0,    0,    0,    0,    0,  -13,    0,    0,    0,    0,    0,    0,    0,    0,    0,    0,    0,    0,    0,    0,    0,  -10,    0,    0,    0,    0,    0,    0,    0,    0,    0,    0,    0,   -5,    0,    0,    0,    0,    0,    0,    0,    0,    0,  -22,    0,    0,    0,    0,    0,    0,   -7,    0,    0,
       0,    0,    0,    0,    0,    0,    0,    0,    0,    0,    0,    0,    0,    0,    0,    0,    0,    0,    0,  -16,    0,   10,    0,    0,    0,  -20,    0,  -17,  -23,  -32,    0,  -17,    0,    0,    0,    0,    0,    0,    0,    0,    0,    0,    0,    0,    0,    0,    0,    0,    0,    0,    0,    0,    0,    0,  -13,    0,    0,  -14,  -19,  -23,  -21,    0,    0,  -29,    0,    0,    0,    0,    0,    0,    0,   -2,    0,    3,   13,    0,    0,  -13,    0,   -4,   17,    0,    0,  -13,    0,    0,   -4,   -4,   -4,    0,    0,    0,    0,    0,
       0,    0,  -22,    0,  -10,    0,    0,    0,    0,    0,    0,    0,    0,    0,    0,    0,    0,    0,    0,  -37,    0,    0,    0,    0,    0,    0,    0,    0,    0,    0,    0,    0,  -26,    0,   -7,    0,    0,    0,    0,    0,    0,    0,    0,    0,    0,    0,    0,    0,    0,    0,    0,    0,    0,    0,    0,    0,    0,    0,    0,    0,    0,    0,    0,    0,    0,    0,    0,    0,   -7,    0,    0,    0,    0,    0,    0,    0,    0,    0,    0,    0,    0,    0,    0,    0,    0,    0,   20,    0,    0,    0,    0,    0,    0,    0,
       0,    0,    0,    0,    0,    0,    0,    0,    0,    0,    0,    0,    0,    0,    0,    0,    0,    0,    0,  -13,    0,    0,  -10,    0,    0,  -20,    0,  -22,    0,  -22,    0,    0,    0,    0,    0,    0,    0,    0,    0,    0,    0,    0,    0,    0,    0,    0,    0,    0,    0,    0,    0,    0,    0,    0,    0,    0,    0,    0,    0,    0,    0,    0,    0,    0,    0,    0,    0,    0,    0,    0,    0,    0,    0,    0,    0,    0,    0,    0,    0,    0,    0,    0,    0,    0,    0,    0,    0,    0,    0,    0,    0,    0,    0,    0,
       0,    0,    0,    0,    0,    0,    0,    0,    0,    0,    0,    0,    0,    0,    0,    0,    0,    0,    0,    0,    0,    0,    0,    0,    0,    0,    0,    0,    0,    0,    0,    0,    0,    0,    0,    0,    0,    0,    0,    0,    0,    0,    0,    0,    0,    0,    0,    0,    0,    0,    0,    0,    0,    0,    0,    0,    0,    0,    0,    0,    0,    0,    0,    0,    0,    0,    0,    0,    0,    0,    0,    0,    0,    0,    0,    0,    0,    0,    0,    0,    0,    0,    0,    0,   -2,    0,    0,    0,    0,    0,    0,    0,    0,    0,
       0,    0,    0,    0,    0,    0,    0,    0,    0,    0,    0,    0,    0,    0,    0,    0,    0,    0,    0,   -7,    0,    0,    0,    0,    2,    0,    0,    0,    0,    0,    0,    0,    0,    0,    0,    0,    0,    0,    0,    0,    0,   -7,    0,    0,    0,   -7,    0,    0,    0,    0,    0,    0,    0,    0,    0,    0,    0,    0,    0,    0,    0,    0,    0,    0,    0,    0,    0,    0,    0,    0,    0,    0,    0,    0,    0,    0,    0,    0,    0,    0,    0,    0,    0,    0,    0,    0,    0,    0,    0,    0,    0,    0,    0,    0,
       0,    0,    0,    0,    0,    0,    0,    0,    0,    0,    0,    0,    0,    0,    0,    0,    0,    0,    0,    0,    0,  -32,    0,    0,    0,    0,    0,    0,    0,    0,    0,    0,    0,    0,  -13,    0,    0,  -10,    0,    0,  -10,    0,  -10,  -13,  -17,    0,  -29,    0,    0,    0,    0,    0,    0,    0,    0,   -7,    0,    0,    0,    0,    0,    0,    0,    0,    0,    0,    0,    0,  -13,    0,    0,    0,    0,    0,    0,    0,    0,    0,    0,    0,    0,    0,    0,    0,    0,    0,    0,    0,    0,    0,    0,  -34,    0,    0,
       0,  -59,    0,    0,    0,    0,    0,    0,    0,    0,    0,    0,    0,    0,    0,    0,    0,    0,    0,    0,    0,  -10,    0,    0,    0,  -47,    0,  -32,    0,  -44,    0,    0,    0,    0,    0,    0,    0,    0,    0,    0,    0,    0,    0,    0,    0,    0,  -29,    0,    0,    0,    0,    0,    0,    0,    0,    0,    0,    0,    0,    0,    0,    0,    0,    0,    0,    0,    0,    0,    0,    0,    0,    0,    0,    0,    0,    0,    0,    0,    0,    0,    0,    0,    0,    0,    0,    0,  -44,  -22,  -22,    0,    0,    0,    0,    0,
       0,    0,    0,    0,    0,    0,    0,    0,    0,    0,    0,    0,    0,    0,    0,    0,    0,    0,    0,    0,    0,   -7,    0,    0,    0,  -17,    0,  -13,    0,    0,    0,    0,    0,    0,  -17,    0,    0,    0,    0,  -15,  -10,    0,    0,   -7,  -15,    0,  -22,  -13,    0,    0,    0,    0,    0,    0,    0,    0,    0,    0,    0,    0,    0,  -15,  -10,  -20,    0,    0,   -7,    0,  -17,    0,    0,    0,    0,    0,  -17,    0,    0,    0,    0,    0,   -2,    0,    0,    0,  -20,    0,    0,    0,    0,    0,    0,    0,    0,    0,
       0,    0,  -53,    0,  -10,    0,    0,    0,    0,    0,    0,    0,    0,    0,    0,    0,    0,    0,    0,  -46,    0,    0,  -10,   -7,    0,    0,    0,  -13,  -17,  -26,    0,    0,  -27,    0,  -10,    0,    0,    0,    0,    0,    0,    0,    0,    0,    0,    0,    0,    0,    0,    0,    0,  -17,    0,    0,  -40,    0,    0,    2,  -40,  -17,  -22,    0,    0,    0,  -27,    0,    0,    0,  -10,    0,    3,  -43,  -25,    0,    0,  -29,    0,   -2,    0,    0,   15,    0,    0,    0,    0,    0,    0,    0,    0,    0,    0,  -10,    0,    0,
       0,  -64,    0,    0,    0,    0,    0,    0,    0,    0,    0,    0,    0,    0,    0,    0,    0,    0,    0,    0,    0,  -34,  -13,    0,    0,  -64,  -34,  -49,    0,  -62,    0,    0,    0,    0,   -7,    0,    0,  -10,    0,  -13,  -10,    0,  -10,  -13,    0,    0,  -29,    0,    0,    0,    0,    0,    0,    0,    0,  -15,    0,    0,    0,    0,    0,    0,    0,    0,    0,    0,    0,    0,   -7,    0,    0,    0,    0,    0,    0,    0,    0,    0,    0,    0,    0,    0,    0,    0,    0,    0,    0,  -34,  -34,    0,    0,  -29,    0,    0,
       0,    0,    0,    0,    0,    0,    0,    0,    0,    0,    0,    0,    0,    0,    0,    0,    0,    0,    0,  -10,    0,   -1,    0,    0,    0,    0,    0,  -16,    0,   -2,    0,    0,    0,    0,    0,    0,    0,    0,    0,    0,    0,    0,    0,    0,    0,    0,   -7,    0,    0,    0,    0,    0,    0,    0,   -7,    0,    0,    0,    0,    0,    0,    0,    0,   -2,    0,    0,    0,    0,    0,    0,    0,    0,    0,    0,    0,    0,    0,    0,    0,    0,    0,    0,    0,    0,    0,    0,    0,    0,    0,    0,    0,    0,    0,    0,
       0,    0,  -49,  -32,  -15,    0,    0,    0,    0,    0,    0,    0,    0,    0,    0,  -23,    0,    0,  -20,  -53,    0,    0,    0,   -2,    0,    0,    0,    0,    0,    0,    0,    0,  -53,    0,  -35,    0,  -29,  -13,   -7,  -45,  -14,  -31,    0,  -28,  -32,  -47,  -41,  -40,    0,    0,    0,  -49,  -36,  -26,  -44,    0,  -35,    2,  -32,    0,    0,    0,  -16,    0,  -41,   -5,  -52,  -31,  -42,  -36,  -28,  -55,  -52,  -45,  -41,  -51,    4,    0,  -48,    0,    0,  -26,  -46,    0,  -48,    0,   20,    0,    0,    0,  -17,  -40,  -34,    0,
       0,    0,    0,    0,    0,    0,    0,    0,    0,    0,    0,    0,    0,    0,    0,    0,    0,    0,    0,  -13,    0,    0,    0,    0,    0,    0,    0,    0,    0,    0,    0,    0,   -9,    0,    0,    0,    0,    0,    0,    0,    0,    0,    0,    0,    0,    0,    0,    0,    0,    0,    0,    0,    0,    0,    0,    0,    0,    0,    0,    0,    0,    0,    0,    0,    0,    0,    0,    0,    0,    0,    0,    0,    0,    0,    0,    0,    0,    0,    0,    0,    0,    0,    0,    0,    0,    0,    0,    0,    0,    0,    0,    0,    0,    0,
       0,    0, -107,  -38,  -46,    0,    0,    0,    0,    0,    0,    0,    0,    0,    0,  -39,    0,    0,  -42, -112,    0,  -20,   -7,  -10,  -10,    0,    0,    0,    0,    0,    0,    0,  -89,    0,  -68,    0,  -37,  -13,  -26,  -64,  -39,  -62,  -32,  -55,  -40,  -62,  -56,  -63,    0,    0,    0,  -47,  -57,  -41,  -75,  -22,  -53,    0,  -46,    0,    0,    0,  -31,    0,  -52,  -40,  -70,  -62, -108,  -56,  -45,  -89,  -66,  -49,  -46,  -91,    0,    0,  -36,    0,   -2,  -31,  -58,    0,  -41,  -17,    0,    0,    0,    0,   -4,  -40,  -40,    0,
       0,    0,    0,    0,    0,    0,    0,    0,    0,    0,    0,    0,    0,    0,    0,    0,    0,    0,    0,    0,    0,  -32,    0,    0,    0,    0,    0,    0,    0,    0,    0,    0,    0,    0,  -14,    0,    0,  -13,    0,  -29,    0,    0,  -13,  -27,  -34,    0,  -47,  -13,    0,    0,    0,  -37,  -42,    0,    0,  -13,  -22,  -22,    0,    0,    0,  -10,  -39,    0,    0,  -35,    0,    0,  -14,    0,    0,    0,    0,  -52,  -50,    0,    0,    0,    0,    0,  -22,    0,  -50,    0,  -51,  -17,    0,    0,    0,    0,  -42,  -25,    0,    0,
       0,    0,  -34,  -35,  -36,    0,    0,    0,    0,    0,    0,    0,    0,    0,    0,  -20,    0,    2,  -40,  -44,    0,  -12,    0,    0,   -7,    0,    0,    0,    0,    0,    0,    0,  -47,    0,  -46,    0,  -37,  -10,  -23,  -36,  -28,  -40,  -13,  -37,  -40,  -45,  -43,  -44,    0,    0,    0,  -43,  -37,  -41,  -50,  -17,  -49,    0,  -25,    0,    0,    0,  -25,    0,  -29,  -35,  -51,  -40,  -56,  -48,  -41,  -62,  -54,  -37,  -35,  -62,    0,    0,  -50,    0,    0,  -46,  -49,    0,  -37,    0,    0,    0,    0,    0,    0,  -40,  -34,    0,
       0,    0,    0,    0,    0,    0,    0,    0,    0,    0,    0,    0,    0,    0,    0,    0,    0,    0,    0,    0,    0,    0,    0,    0,    0,    0,    0,    0,    0,    0,    0,    0,    0,    0,    0,    0,    0,    0,    0,    0,    0,    0,    0,    0,    0,    0,  -34,    0,    0,    0,    0,    0,    0,    0,    0,    0,    0,    0,    0,    0,    0,    0,    0,    0,    0,    0,    0,    0,    0,    0,    0,    0,    0,    0,    0,    0,    0,    0,    0,    0,    0,    0,    0,    0,    0,    0,    0,    0,    0,    0,    0,  -10,    0,    0,
       0,    0,    0,    0,    0,    0,    0,    0,    0,    0,    0,    0,    0,    0,    0,    0,    0,    0,    0,    0,    0,  -32,    0,    0,    0,  -53,    0,  -44,    0,  -60,    0,    0,    0,    0,    0,    0,    0,    0,    0,   -5,    0,    0,    0,    0,    0,    0,    0,  -17,    0,    0,    0,    0,    0,    0,    0,    0,    0,  -35,    0,    0,    0,    0,   -5,  -17,    0,   -3,    0,    0,    0,    0,    0,    0,    0,  -27,    0,    0,    0,    0,    0,  -79,    0,    0,  -34,  -59,  -38,    0,    0,    0,    0,    0,    0,    0,    0,    0,
       0,  -47,    0,    0,    0,    0,    0,    0,    0,    0,    0,    0,    0,    0,    0,    0,    0,    0,    0,    0,    0,    0,    0,    0,    0,    0,    0,    0,    0,    0,    0,  -57,    0,  -12,    0,    0,    0,   -2,  -14,  -12,  -16,    0,   -7,   -2,   -7,    0,  -17,  -14,    0,    0,    0,    0,    0,    0,    0,    0,    0,    0,    0,    0,    0,    0,    0,    0,    0,   -7,    0,    0,    0,  -10,    0,    0,    0,   -2,  -11,    0,    0,    0,    0,    0,  -23,    0,  -25,    0,  -21,    0,  -22,  -31,  -31,  -17,    0,    0,    0,    0,
       0,  -32,    0,    0,    0,    0,    0,    0,    0,    0,    0,    0,    0,    0,    0,    0,    0,    0,    0,    0,    0,    0,    0,    0,    0,    0,    0,    0,    0,    0,    0,  -44,    0,  -12,    7,    0,    0,    0,    0,    0,    0,    0,    0,    0,    0,    0,    0,    0,    0,    0,    0,    0,    0,    0,    0,    0,    0,    0,    0,    0,    0,    0,    0,    0,    0,    0,    0,    0,    7,    0,   -1,  -12,  -10,    0,    7,    0,    0,    0,  -16,    0,   -4,    0,  -22,    0,    0,    0,  -17,  -32,  -22,    0,    0,    0,    0,    0,
       0,    0,    0,    0,    0,    0,    0,    0,    0,    0,    0,    0,    0,    0,    0,    0,    0,    0,    0,    0,    0,    0,    0,    0,    0,    0,    0,    0,    0,    0,    0,  -44,    0,  -14,   -2,    0,    0,    0,    0,    0,    0,    0,    0,    0,    0,    0,  -10,    0,    0,    0,    0,    0,    0,    0,    0,    0,    0,    0,    0,    0,    0,    0,    0,    0,    0,    0,    0,    0,   -2,    0,    0,   -2,    0,    0,    0,    0,    0,    0,    0,    0,   -4,    0,  -17,    0,    0,    0,    0,    0,    0,    0,    0,    0,    0,    0,
       0,    0,    0,    0,    0,    0,    0,    0,    0,    0,    0,    0,    0,    0,    0,    0,    0,    0,    0,    0,    0,    0,    0,    0,    0,    0,    0,    0,    0,    0,    0,  -13,    0,   -9,    0,    0,    0,    0,    0,   -5,    0,    0,    0,    0,   -5,    0,  -15,    0,    0,    0,    0,    0,    0,    0,    0,    0,    0,    0,    0,    0,    0,    0,    0,    0,    0,    0,    0,    0,    0,    0,    0,    0,    0,    0,    0,    0,    0,    0,    0,    0,    0,    0,    0,    0,    0,    0,    0,    0,    0,    0,    0,    0,    0,    0,
       0,    0,    0,    0,    0,    0,    0,    0,    0,    0,    0,    0,    0,    0,    0,    0,    0,    0,    0,    0,    0,    0,    0,    0,    0,    0,    0,    0,    0,    0,    0,  -41,    0,  -15,    0,    0,    0,    0,    0,    0,    0,    0,    0,    0,    0,    0,    0,    0,    0,    0,    0,    0,    0,    0,    0,    0,    0,    0,    0,    0,    0,    0,    0,    0,    0,    0,    0,    0,    0,    0,    0,    0,    0,    0,    0,    0,    0,    0,   -2,    0,   -4,    0,  -10,    0,    0,    0,    0,   -4,   -4,    0,    0,    0,    0,    0,
      34,   40,  -13,    0,    0,    0,   20,    0,   17,    0,   17,   20,   32,   25,   22,    0,    0,    0,    0,    0,    0,    0,    0,    0,    0,    0,    0,    0,    0,    0,    0,   20,  -25,   15,   -5,    0,    0,    0,    0,    0,    0,    0,    0,    0,    0,    0,    0,    0,    0,    0,    0,   -7,    0,    0,    0,    0,    0,    0,    0,    0,    0,    0,    0,    0,    0,    0,    0,    0,   -5,    0,    0,    0,    0,    0,    0,    0,    0,    0,    0,    0,    0,    0,    0,    0,    0,    0,   37,   25,   25,    0,    0,    0,    0,    0,
       0,    0,   17,    0,    0,    0,    0,    0,    0,    0,    0,    0,    0,    0,    0,    0,    0,    0,    0,    0,    0,    0,    0,    0,    0,    0,    0,    0,    0,    0,    0,  -29,   -5,  -10,   -5,    0,    0,    0,    0,    0,    0,    0,    0,    0,    0,    0,    0,    0,    0,    0,    0,    0,    0,    0,    0,    0,    0,    0,    0,    0,    0,    0,    0,    0,    0,    0,    0,    0,   -5,    0,    0,    0,    0,    0,    0,    0,    0,    0,    0,    0,    0,    0,    0,    0,    0,    0,    0,    0,    0,    0,    0,    0,    0,    0,
       0,  -34,    0,    0,    0,    0,    0,    0,    0,    0,    0,    0,    0,    0,    0,    0,    0,    0,    0,    0,    0,    0,    0,    0,    0,    0,    0,    0,    0,    0,    0,  -47,    0,  -11,    0,    0,    0,    0,    0,    0,    0,    0,    0,    0,    0,    0,    0,    0,    0,    0,    0,    0,    0,    0,    0,    0,    0,    0,    0,    0,    0,    0,    0,    0,    0,    0,    0,    0,    0,    0,    0,    0,    0,    0,    0,    0,    0,    0,    0,    0,    0,    0,  -10,    0,    0,    0,    0,  -22,  -22,    0,    0,    0,    0,    0,
       0,  -32,    0,    0,    0,    0,    0,    0,    0,    0,    0,    0,    0,    0,    0,    0,    0,    0,    0,    0,    0,    0,    0,    0,    0,    0,    0,    0,    0,    0,    0,  -55,    0,  -20,   -2,    0,    0,    0,  -12,   -9,   -2,    0,    0,    0,    0,    0,  -20,  -19,    0,    0,    0,    0,    0,    0,    0,    0,    0,    0,    0,    0,    0,    0,    0,    0,    0,    0,    0,    0,   -2,    0,    0,    0,    0,   -8,  -11,    0,    0,    0,    0,    0,  -17,    0,  -26,    0,  -21,    0,  -22,  -25,  -25,    0,    0,    0,    0,    0,
       0,    0,    0,    0,    0,    0,    0,    0,    0,    0,    0,    0,    0,    0,    0,    0,    0,    0,    0,    0,    0,    0,    0,    0,    0,    0,    0,    0,    0,    0,    0,    0,    0,  -10,    0,    0,    0,    0,    0,    0,    0,    0,    0,    0,    0,    0,    0,    0,    0,    0,    0,    0,    0,    0,    0,    0,    0,    0,    0,    0,    0,    0,    0,    0,    0,    0,    0,    0,    0,    0,    0,    0,    0,    0,    0,    0,    0,    0,    0,    0,    0,    0,    0,    0,    0,    0,    0,    0,    0,    0,    0,    0,    0,    0,
       0,    0,    0,    0,    0,    0,    0,    0,    0,    0,    0,    0,    0,    0,    0,    0,    0,    0,    0,    0,    0,    0,    0,    0,    0,    0,    0,    0,    0,    0,    0,  -44,    0,  -22,    0,    0,    0,    0,    0,    0,    0,    0,    0,    0,    0,    0,  -13,   -7,    0,    0,    0,    0,    0,    0,    0,    0,    0,    0,    0,    0,    0,    0,    0,    0,    0,    0,    0,    0,    0,    0,    0,    0,    0,    0,    0,    0,    0,    0,    0,    0,    0,    0,    0,    0,    0,    0,  -22,    0,    0,    0,    0,    0,    0,    0,
       0,  -32,    0,    0,    0,    0,    0,    0,    0,    0,    0,    0,    0,    0,    0,    0,    0,    0,    0,    0,    0,    0,    0,    0,    0,    0,    0,    0,    0,    0,    0,  -49,    0,  -10,    0,    0,    0,    0,   -2,   -2,    0,    0,    0,    0,    0,    0,  -10,    0,    0,    0,    0,    0,    0,    0,    0,    0,    0,    0,    0,    0,    0,    0,    0,    0,    0,    0,    0,    0,    0,    0,    0,    0,    0,    0,    0,    0,    0,    0,    0,    0,  -10,    0,  -19,    0,  -21,    0,  -13,    0,    0,    0,    0,    0,    0,    0,
       0,    0,    0,    0,    0,    0,    0,    0,    0,    0,    0,    0,    0,    0,    0,    0,    0,    0,    0,    0,    0,    0,    0,    0,    0,    0,    0,    0,    0,    0,    0,  -55,    0,  -19,   -7,    0,    0,    0,    0,  -12,    0,  -10,  -10,  -10,  -10,   -5,   -7,  -10,    0,    0,    0,    0,    0,    0,    0,    0,  -10,    0,    0,    0,    0,    0,    0,    0,    0,    0,  -22,  -12,   -7,  -17,   -7,  -17,  -15,  -17,  -10,  -13,    0,    0,    0,    0,   -4,    0,  -13,    0,  -13,    0,  -22,    0,    0,    0,    0,    0,    0,    0,
       0,    0,  -22,    0,    0,    0,    0,    0,    0,    0,    0,    0,    0,    0,    0,    0,    0,    0,    0,    0,    0,    0,    0,    0,    0,    0,    0,    0,    0,    0,    0,  -17,  -22,    0,   -7,    0,    0,    0,    0,    0,    0,    0,    0,    0,    0,    0,    0,    0,    0,    0,    0,    0,    0,    0,    0,    0,    0,    0,    0,    0,    0,    0,    0,    0,    0,    0,    0,    0,   -7,    0,    0,    0,    0,    0,    0,    0,    0,    0,    0,    0,    0,    0,    0,    0,    0,    0,    0,    0,    0,    0,    0,    0,    0,    0,
       0,    0,    0,    0,    0,    0,    0,    0,    0,    0,    0,    0,    0,    0,    0,    0,    0,    0,    0,    0,    0,    0,    0,    0,    0,    0,    0,    0,    0,    0,    0,  -39,    0,   -2,    0,    0,    0,    0,    0,    0,    0,    0,    0,    0,    0,    0,    0,    0,    0,    0,    0,    0,    0,    0,    0,    0,    0,    0,    0,    0,    0,    0,    0,    0,    0,    0,    0,    0,    0,    0,    0,    0,    0,    0,    0,    0,    0,    0,    0,    0,    0,    0,    0,    0,    0,    0,    0,    0,    0,    0,    0,    0,    0,    0,
       0,    0,    0,    0,    0,    0,    0,    0,    0,    0,    0,    0,    0,    0,    0,    0,    0,    0,    0,    0,    0,    0,    0,    0,    0,    0,    0,    0,    0,    0,    0,  -22,    0,  -14,    0,    0,    0,    0,    0,    0,    0,    0,    0,    0,    0,    0,    0,    0,    0,    0,    0,    0,    0,    0,    0,    0,    0,    0,    0,    0,    0,    0,    0,    0,    0,    0,    0,    0,    0,    0,    0,    0,    0,    0,    0,    0,    0,    0,    0,    0,    0,    0,    0,    0,    0,    0,    0,    0,    0,    0,    0,    0,    0,    0,
       0,    0,    0,    0,    0,    0,    0,    0,    0,    0,    0,    0,    0,    0,    0,    0,    0,    0,    0,    0,    0,    0,    0,    0,    0,    0,    0,    0,    0,    0,    0,  -47,    0,  -17,    0,    0,    0,    0,    0,    0,    0,    0,    0,    0,    0,    0,    0,    0,    0,    0,    0,    0,    0,    0,    0,    0,    0,    0,    0,    0,    0,    0,    0,    0,    0,    0,    0,    0,    0,    0,    0,  -17,   -7,    0,    0,    0,    0,    0,   -7,    0,    0,    0,    0,    0,    0,    0,    0,    0,    0,    0,    0,    0,    0,    0,
       0,    0,    0,    0,    0,    0,    0,    0,    0,    0,    0,    0,    0,    0,    0,    0,    0,    0,    0,    0,    0,    0,    0,    0,    0,    0,    0,    0,    0,    0,    0,  -37,    0,   -7,    0,    0,    0,    0,    0,    0,    0,    0,    0,    0,    0,    0,    0,    0,    0,    0,    0,    0,    0,    0,    0,    0,    0,    0,    0,    0,    0,    0,    0,    0,    0,    0,    0,    0,    0,    0,    0,    0,    0,    0,    0,    0,    0,    0,    0,    0,    0,    0,    0,    0,    0,    0,    0,    0,    0,    0,    0,    0,    0,    0,
       0,  -27,    0,    0,    0,    0,    0,    0,    0,    0,    0,    0,    0,    0,    0,    0,    0,    0,    0,    0,    0,    0,    0,    0,    0,    0,    0,    0,    0,    0,    0,  -42,    0,  -10,    0,    0,    0,    0,    0,    0,    0,    0,    0,    0,    0,    0,    0,    0,    0,    0,    0,    0,    0,    0,    0,    0,    0,    0,    0,    0,    0,    0,    0,    0,    0,    0,    0,    0,    0,    0,    0,  -10,   -7,    0,    0,    0,    0,    0,    0,    0,    0,    0,  -10,    0,    0,    0,    0,    0,    0,    0,    0,    0,    0,    0,
       0,    0,    0,    0,    0,    0,    0,    0,    0,    0,    0,    0,    0,    0,    0,    0,    0,    0,    0,    0,    0,    0,    0,    0,    0,    0,    0,    0,    0,    0,    0,  -37,    0,  -17,    0,    0,    0,    0,    0,    0,    0,    0,    0,    0,   -2,    0,  -10,    0,    0,    0,    0,    0,    0,    0,    0,    0,    0,    0,    0,    0,    0,    0,    0,    0,    0,    0,    0,    0,    0,    0,    0,    0,    0,    0,    0,    0,    0,    0,    0,    0,    0,    0,    0,    0,    0,    0,    0,    0,    0,    0,    0,    0,    0,    0,
       0,    0,    0,    0,    0,    0,    0,    0,    0,    0,    0,    0,    0,    0,    0,    0,    0,    0,    0,    0,    0,    0,   29,    0,    0,    0,    0,  -32,    0,   -6,    0,    0,    0,    0,    0,    0,    0,    0,    0,    0,    0,    0,    0,    0,    0,    0,    0,    0,    0,    0,    0,    0,    0,    0,    0,    0,    0,  -17,    0,  -25,    0,    0,    0,  -17,    0,    0,    0,    0,    0,    0,    0,    0,    0,    0,    0,    0,    0,    0,    0,    0,    0,    0,    0,  -17,    0,    0,    0,    0,    0,    0,    0,    0,    0,    0,
       0,    0,    0,    0,    0,    0,    0,    0,   -7,  -29,    0,   -7,    0,    0,    0,    0,    0,    0,    0,    0,    0,    0,    0,    0,    0,    0,    0,    0,    0,    0,    0,    0,    0,    0,    0,    0,    0,    0,    0,    0,    0,    0,    0,    0,    0,    0,    0,    0,    0,    0,    0,    0,    0,    0,    0,    0,    0,    0,    0,    0,    0,    0,    0,    0,    0,    0,    0,    0,    0,    0,    0,    0,    0,    0,    0,    0,    0,    0,    0,    0,    0,    0,    0,    0,    0,    0,    0,    0,    0,    0,    0,    0,    0,    0,
       0,    0,    0,    0,    0,    0,    0,    0,    0,    0,    0,    0,    0,    0,    0,    0,    0,    0,    0,    0,    0,    0,    0,    0,    0,  -43,    0,  -29,    0,  -47,    0,    0,    0,    0,    0,    0,    0,    0,    0,    0,    0,    0,    0,    0,    0,    0,    0,    0,    0,    0,    0,    0,    0,    0,    0,    0,    0,  -40,    0,    0,    0,    0,    0,  -41,    0,    0,    0,    0,    0,    0,    0,    0,    0,    0,    0,    0,    0,    0,    0,    0,    0,    0,    0,  -21,    0,    0,    0,    0,    0,    0,    0,    0,    0,    0,
       0,    0,    0,    0,    0,    0,    0,    0,    0,    0,    0,    0,    0,    0,    0,    0,    0,    0,    0,  -37,    0,    0,    0,    0,    0,    0,    0,    0,    0,    0,    0,    0,  -14,    0,  -37,    0,    0,    0,    0,  -32,    0,    0,    0,  -22,    0,  -22,    0,    0,    0,    0,    0,    0,    0,    0,    0,    0,    0,    0,  -22,    0,    0,    0,  -22,    0,    0,    0,    0,    0,  -37,    0,    0,    0,  -29,    0,    0,    0,    0,    0,    0,    0,    0,    0,    0,    0,    0,    0,    0,    0,    0,    0,    0,    0,    0,    0,
       0,    0,    0,    0,    0,    0,    0,    0,    0,    0,    0,    0,    0,    0,    0,    0,    0,    0,    0,  -10,    0,    0,    0,    0,    0,  -49,    0,  -29,  -34,  -56,    0,    0,    0,    0,    0,    0,    0,    0,    0,    0,    0,    0,    0,    0,    0,    0,    0,    0,    0,    0,    0,    0,    0,    0,    0,    0,    0,  -43,    0,  -29,   -4,    0,    0,  -49,    0,    0,    0,    0,    0,    0,    0,  -25,    0,    0,    0,    0,    0,  -22,  -27,    0,    0,    0,    0,  -58,    0,    0,    0,    0,    0,    0,    0,    0,    0,    0,
       0,    0,    0,    0,    0,    0,    0,    0,    0,    0,    0,    0,    0,    0,    0,    0,    0,    0,    0,  -37,   -3,    0,    0,    0,    0,  -71,    0,  -32,  -22,  -58,    0,    0,    0,    0,    0,    0,    0,    0,    0,    0,    0,    0,    0,    0,    0,    0,    0,    0,    0,    0,    0,    0,    0,    0,    0,    0,    0,  -53,  -17,  -34,  -17,    0,    0,  -69,  -17,    0,    0,    0,    0,    0,    0,  -17,    0,    0,    0,  -13,    0,  -19,    0,    0,    0,    0,   -5,  -54,    0,    0,    0,    0,    0,    0,    0,    0,    0,    0,
       0,    0,    0,    0,    0,    0,    0,    0,    0,    0,    0,    0,    0,    0,    0,    0,    0,    0,    0,    0,    0,    0,   42,    0,    0,  -39,    0,  -33,    0,  -53,    0,    0,    0,    0,    0,    0,    0,    0,    0,    0,    0,    0,    0,    0,    0,    0,    0,    0,    0,    0,    0,    0,    0,    0,    0,    0,    0,  -22,    0,  -17,    0,    0,    0,  -60,    0,    0,    0,    0,    0,    0,    0,    0,    0,    0,    0,    0,    0,    0,    0,    0,    0,    0,    0,  -26,    0,    0,    0,    0,    0,    0,    0,    0,    0,    0,
       0,    0,    0,    0,    0,    0,    0,    0,    0,    0,    0,    0,    0,    0,    0,    0,    0,    0,    0,  -37,    0,    0,   -7,   -7,    0,  -22,    0,  -20,  -27,  -37,   -7,    0,    0,    0,    0,    0,    0,    0,    0,    0,    0,    0,    0,    0,    0,    0,    0,    0,    0,    0,    0,    0,    0,    0,    0,    0,    0,    0,    0,    0,    0,    0,    0,    0,    0,    0,    0,    0,    0,    0,    0,    0,    0,    0,    0,    0,    0,    0,    0,    0,    0,    0,    0,    0,    0,    0,    0,    0,    0,    0,    0,    0,    0,    0,
       0,    0,    0,    0,    0,    0,    0,    0,    0,    0,    0,    0,    0,    0,    0,    0,    0,    0,    0,    0,    0,    0,    0,    0,    0,    0,    0,    0,    0,    0,    0,    0,    0,    0,    0,    0,    0,  -10,    0,  -10,    0,    0,    0,    0,   -7,    0,  -13,    0,    0,    0,    0,    0,    0,    0,    0,    0,    0,    0,    0,    0,    0,    0,    0,    0,    0,    0,    0,    0,    0,    0,    0,    0,    0,    0,    0,    0,    0,    0,    0,    0,    0,    0,    0,    0,    0,    0,    0,    0,    0,    0,    0,    0,    0,    0,
       0,    0,    0,    0,    0,    0,    0,    0,    0,    0,    0,    0,    0,    0,    0,    0,    0,    0,    0,    0,    0,    0,    0,    0,    0,    0,    0,    0,    0,    0,    0,    0,    0,   29,    0,    0,    0,    0,    0,    0,    0,    0,    0,    0,    0,    0,    0,    0,    0,    0,    0,    0,    0,    0,    0,    0,    0,    0,    0,    0,    0,    0,    0,    0,    0,    0,    0,    0,    0,    0,    0,    0,    0,    0,    0,    0,    0,    0,    0,    0,    0,    0,    0,    0,    0,    0,    0,    0,    0,    0,    0,    0,    0,    0,
       0,    0,    0,    0,    0,    0,    0,    0,    0,    0,    0,    0,    0,    0,    0,    0,    0,    0,    0,    0,    0,    0,    0,    0,    0,    0,    0,    0,    0,    0,    0,    0,    0,    0,  -32,    0,  -32,    0,    0,  -32,    0,  -27,    0,  -22,  -25,  -25,  -25,  -22,    0,    0,    0,    0,    0,    0,    0,    0,    0,    0,    0,    0,    0,    0,    0,    0,    0,    0,    0,    0,  -32,    0,    0,    0,    0,    0,    0,    0,    0,    0,    0,    0,    0,    0,    0,    0,    0,    0,    0,    0,    0,    0,    0,    0,    0,    0,
       0,    0,    0,    0,    0,    0,    0,    0,    0,    0,    0,    0,    0,    0,    0,    0,    0,    0,    0,    0,    0,    0,    0,    0,    0,    0,    0,    0,    0,    0,    0,  -55,    0,  -26,  -10,    0,    0,    0,    0,  -14,    0,    0,    0,    0,    0,    0,  -13,  -13,    0,    0,    0,    0,    0,    0,    0,    0,    0,    0,    0,    0,    0,    0,    0,    0,    0,    0,  -17,    0,  -10,    0,   -7,    0,    0,  -13,    0,    0,    0,    0,    0,    0,    0,    0,   -2,    0,  -13,    0,    0,    0,    0,    0,    0,    0,    0,    0,
       0,    0,    0,    0,    0,    0,    0,    0,    0,    0,    0,    0,    0,    0,    0,    0,    0,    0,    0,    0,    0,    0,    0,    0,    0,  -27,    0,    0,    0,  -34,    0,    0,    0,    0,    0,    0,    0,    0,    0,    0,    0,    0,    0,    0,    0,    0,  -17,    0,    0,    0,    0,    0,    0,    0,    0,    0,    0,    0,    0,  -17,    0,    0,    0,    0,    0,    0,    0,    0,    0,    0,    0,    0,    0,    0,    0,    0,    0,    0,    0,    0,    0,    0,  -28,    0,  -17,    0,    0,    0,    0,    0,    0,    0,    0,    0,
       0,    0,  -39,  -28,   -4,    0,    0,    0,    0,    0,    0,    0,    0,    0,    0,  -16,    0,    0,    0,  -55,    0,   -2,    0,    0,    0,    0,    0,    0,    0,    0,    0,    0,  -54,    0,  -56,    0,    0,    0,  -30,  -49,  -15,  -34,    0,  -46,    0,  -51,  -46,  -57,    0,    0,    0,  -47,  -40,   -8,  -44,    0,  -47,    0,  -26,    0,    0,    0,   -2,    0,  -32,   -2,  -52,  -26,  -69,  -35,  -33,  -53,  -54,  -37,  -34,  -57,    4,    0,  -44,    0,   15,  -22,  -48,    0,  -67,    0,   20,   27,   27,    0,    0,    0,    0,    0,
     -10,  -70,    0,    0,    0,    0,    0,    0,    0,    0,    0,    0,    0,    0,    0,    0,    0,    0,    0,    0,    0,   -2,    0,    0,    0,  -54,    0,  -46,   -7,  -64,    0,  -54,    7,    0,    0,    0,    0,    0,    0,    0,    0,    0,    0,    0,    0,    0,  -10,    0,    0,    0,    0,    0,    0,    0,    0,    0,    0,  -49,   -7,  -34,    0,    0,    0,  -79,    0,    0,    0,    0,    0,    0,    0,    0,    0,    0,    0,    0,  -44,    0,    0,  -88,  -21,    0,  -29,  -69,  -12,    0,  -44,  -37,  -37,    0,   -2,    0,    0,    0,
       0,    0,    0,    0,    0,    0,    0,    0,    0,    0,    0,    0,    0,    0,    0,    0,    0,    0,    0,    0,    0,  -19,    0,    0,    0,    0,    0,  -41,    0,  -61,    0,    0,    0,  -22,    0,    0,    0,  -10,    0,    0,    0,    0,    0,    0,    0,    0,  -25,    0,    0,    0,    0,    0,    0,    0,    0,    0,    0,  -42,    0,  -17,    0,    0,   -4,  -44,    0,  -14,    0,    0,    0,    0,    0,    0,    0,    0,    0,    0,    0,    0,    0,  -54,    0,    0,  -34,  -49,  -17,    0,    0,    0,    0,    0,    0,    0,    0,    0,
       0,    0,    0,    0,    0,    0,    0,    0,    0,    0,    0,    0,    0,    0,    0,    0,    0,    0,    0,    0,    0,  -23,    0,    0,    0,  -14,    0,  -11,    0,  -22,    0,    0,    0,    0,   -2,    0,    0,    0,    0,  -25,  -10,    0,    0,  -10,    0,    0,  -49,  -26,    0,    0,    0,  -31,  -28,    0,    0,    0,   -7,   -7,    0,    0,    0,    0,  -28,  -26,    0,  -22,    0,    0,   -2,    0,    0,    0,    0,  -48,  -32,    0,    0,    0,    0,    0,    0,    0,  -37,  -17,  -44,   -3,    0,    0,    0,    0,  -27,    0,    0,    0,
       0,    0,    0,    0,    0,    0,    0,    0,    0,    0,    0,    0,    0,    0,    0,    0,    0,    0,    0,    0,    0,    0,    0,    0,    0,  -20,    0,    0,  -10,  -10,    0,   -4,    0,    0,    0,    0,    0,    0,    0,    0,    0,    0,    0,    0,    0,    0,    0,    0,    0,    0,    0,    0,    0,    0,    0,    0,    0,  -10,    0,    0,    0,  -15,    0,  -27,    0,    0,    0,    0,    0,    0,    0,    0,    0,    0,    0,    0,    0,    0,    0,    0,    0,    0,  -22,  -17,    0,    0,   -2,    0,    0,    0,    0,    0,    0,    0,
       0,    0,   -2,    0,    0,    0,    0,    0,    0,    0,    0,    0,    0,    0,    0,    0,    0,    0,    0,  -19,    0,    0,    0,    0,    0,  -34,    0,   -5,  -34,  -36,    0,    0,    0,    0,    0,    0,    0,    0,    0,    0,    0,    0,    0,    0,    0,    0,    0,    0,    0,    0,    0,    0,    0,    0,    0,    0,    0,  -21,  -36,  -27,  -25,    0,    0,  -14,  -26,   10,    0,   10,    0,    0,    0,    0,    0,    0,   10,    0,    0,  -25,    0,  -27,    0,    0,    0,  -22,    0,    0,    0,    0,    0,    0,    0,    0,    0,    0,
       0,  -38,    0,    0,    0,    0,    0,    0,    0,    0,    0,    0,    0,    0,    0,    0,    0,    0,    0,    0,    0,    0,    0,    0,    0,    0,    0,    0,    0,    0,    0,  -44,    0,  -12,    7,    0,    0,    0,    0,    0,    0,    0,    0,    0,    0,    0,    0,    0,    0,    0,    0,    0,    0,    0,    0,    0,    0,    0,    0,    0,    0,    0,    0,    0,    0,    0,    0,    0,    7,    0,   -1,  -12,  -10,    0,    7,    0,    0,    0,  -16,    0,   -4,    0,  -22,    0,    0,    0,  -17,  -32,  -22,    0,    0,    0,    0,    0,
       0,  -29,    0,    0,    0,    0,    0,    0,    0,    0,    0,    0,    0,    0,    0,    0,    0,    0,    0,    0,    0,    0,    0,    0,    0,    0,    0,    0,    0,    0,    0,  -62,    0,  -15,    0,    0,    0,    0,    0,    0,    0,    0,    0,    0,    0,    0,   -7,    0,    0,    0,    0,    0,    0,    0,    0,    0,    0,    0,    0,    0,    0,    0,    0,    0,    0,    0,    0,    0,    0,    0,    0,    0,    0,    0,    0,    0,    0,    0,    0,    0,   -4,    0,  -19,    0,    0,    0,  -32,   -8,   -8,    0,    0,    0,    0,    0,
       0,  -22,    0,    0,    0,    0,    0,    0,    0,    0,    0,    0,    0,    0,    0,    0,    0,    0,    0,    0,    0,    0,    0,    0,    0,    0,    0,    0,    0,    0,    0,  -44,    0,  -17,    0,    0,    0,    0,   -2,    0,    0,    0,    0,    0,    0,    0,    0,    0,    0,    0,    0,    0,    0,    0,    0,    0,    0,    0,    0,    0,    0,    0,    0,    0,    0,    0,  -13,    0,    0,    0,    0,    0,    0,    0,    0,    0,    0,    0,    0,    0,   -2,    0,  -13,    0,    0,    0,    0,   -7,   -7,    0,    0,    0,    0,    0,
       0,    0,    0,    0,    0,    0,    0,    0,    0,    0,    0,    0,    0,    0,    0,    0,    0,    0,    0,    0,    0,    0,    0,    0,    0,    0,    0,    0,    0,    0,    0,   -8,    0,  -10,    0,    0,    0,    0,    0,    0,    0,    0,    0,    0,    0,    0,    0,    0,    0,    0,    0,    0,    0,    0,    0,    0,    0,    0,    0,    0,    0,    0,    0,    0,    0,    0,    0,    0,    0,    0,    0,   -4,    0,    0,   10,    0,    0,    0,    0,    0,    0,    0,    0,    0,    0,    0,    0,    0,    0,    0,    0,    0,    0,    0,
       0,    0,    0,    0,    0,    0,    0,    0,    0,    0,    0,    0,    0,    0,    0,    0,    0,    0,    0,    0,    0,    0,    0,    0,    0,    0,    0,    0,    0,    0,    0,  -29,    0,  -22,    0,    0,    0,    0,    0,    0,    0,    0,    0,    0,    0,    0,    0,    0,    0,    0,    0,    0,    0,    0,    0,    0,    0,    0,    0,    0,    0,    0,    0,    0,    0,    0,    0,    0,    0,    0,    0,    0,    0,    0,    0,    0,    0,    0,    0,    0,    0,    0,   -7,    0,    0,    0,    0,   -3,   -3,    0,    0,    0,    0,    0,
       0,  -54,    0,    0,    0,    0,    0,    0,    0,    0,    0,    0,    0,    0,    0,    0,    0,    0,    0,    0,    0,    0,    0,    0,    0,    0,    0,    0,    0,    0,    0,  -58,    0,  -17,    0,    0,    0,   -2,   -2,  -13,  -12,    0,    0,    0,    0,  -13,  -20,    0,    0,    0,    0,    0,    0,    0,    0,    0,    0,    0,    0,    0,    0,    0,    0,    0,    0,    0,    0,    0,    0,    0,    0,    0,   -7,   -2,   -2,    0,    0,    0,   -1,    0,  -29,    0,  -40,    0,  -16,    0,  -34,  -44,  -44,    0,    0,    0,    0,    0,
       0,    0,    0,    0,    0,    0,    0,    0,    0,    0,    0,    0,    0,    0,    0,    0,    0,    0,    0,   -4,    0,   -2,    0,    0,    0,  -38,    0,  -40,    0,  -41,    0,    0,    0,    0,    0,    0,    0,    0,    0,    0,    0,    0,    0,    0,    0,    0,    0,    0,    0,    0,    0,    0,    0,    0,    0,    0,    0,  -22,   -2,  -22,    0,    0,    0,  -47,    0,    0,    0,    0,    0,    0,    0,    0,    0,    0,    0,    0,   -4,    0,    0,  -29,    0,    0,  -25,  -59,    0,    0,    0,    0,    0,    0,    0,    0,    0,    0,
     -25,    0,    0,    0,    0,    0,    0,    0,    0,    0,    0,    0,    0,    0,    0,    0,    0,    0,    0,    0,    0,  -40,    0,    0,    0,  -37,    0,  -25,    0,    0,    0,  -29,    0,    0,  -10,    0,    0,  -10,    0,  -22,    0,    0,    0,    0,    0,    0,  -44,  -31,    0,    0,    0,  -31,  -22,    0,    0,    0,    0,  -36,    0,    0,    0,  -10,  -59,  -25,    0,  -22,    0,    0,  -10,    0,    0,    0,    0,  -55,  -50,    0,  -52,    0,    0,  -49,  -22,    0,  -44,  -27,  -58,  -20,    0,    0,    0,    0,  -48,    0,    0,    0,
       0,    0,    0,   -7,    0,    0,    0,    0,    0,    0,    0,    0,    0,    0,    0,    0,    0,    0,    0,    0,    0,    0,    0,    0,    0,    0,    0,    0,    0,    0,    0,  -44,    0,  -13,   -4,    0,    0,  -10,    0,  -11,  -15,    0,    0,  -17,    0,  -13,  -17,  -22,    0,    0,    0,    0,   -3,    0,    0,    0,  -13,    0,    0,    0,    0,    0,    0,    0,    0,    0,    0,    0,   -4,    0,  -10,    0,    0,  -22,  -13,    0,    0,    0,    0,    0,    0,    0,    0,    0,  -15,    0,    0,    0,    0,    0,    0,    0,    0,    0,
       0,    0,    0,    0,  -35,    0,    0,    0,    0,    0,    0,    0,    0,    0,    0,    0,    0,    0,    0,  -94,    0,    0,    0,    0,    0,    0,    0,    0,  -20,    0,    0,    0,  -80,    0,  -63,    0,    0,  -22,  -45,  -56,  -27,  -49,    0,  -49,    0,  -44,  -44,  -44,    0,    0,    0,    0,    0,    0,  -10,    0,  -49,    0,  -44,    0,    0,    0,    0,    0,  -44,    0,  -71,  -44,  -10,  -50,  -51, -103,  -56,  -40,  -48,  -83,    0,  -15,  -36,    0,    0,  -29,  -28,    0,  -29,    0,    0,    0,    0,    0,    0,    0,    0,    0,
       0,    0,  -34,    0,    0,    0,    0,    0,    0,    0,    0,    0,    0,    0,    0,    0,    0,    0,    0,    0,    0,    0,    0,    0,    0,    0,    0,    0,    0,    0,    0,   -5,  -15,  -10,  -12,    0,    0,    0,    0,    0,    0,    0,    0,    0,    0,    0,    0,    0,    0,    0,    0,    0,    0,    0,    0,    0,    0,    0,    0,    0,    0,    0,    0,    0,    0,    0,    0,    0,  -12,    0,    0,  -53,  -32,    0,    0,  -27,    0,    0,    0,    0,    0,    0,    0,    0,    0,    0,    0,    0,    0,    0,    0,    0,    0,    0,
       0,    0,  -39,  -28,   -4,    0,    0,    0,    0,    0,    0,    0,    0,    0,    0,  -16,    0,    0,    0,  -55,    0,  -31,    0,    0,    0,    0,    0,    0,    0,    0,    0,    0,  -54,    0,  -56,    0,    0,    0,  -30,  -49,  -15,  -34,    0,  -46,    0,  -51,  -46,  -57,    0,    0,    0,  -47,  -40,   -8,  -44,    0,  -47,    0,  -26,    0,    0,    0,  -27,    0,  -32,   -2,  -52,  -26,  -69,  -35,  -33,  -53,  -54,  -37,  -34,  -57,    4,    0,  -44,    0,   15,  -22,  -48,    0,  -67,    0,   20,   27,   27,    0,    0,    0,    0,    0,
       0,    0,    0,    0,    0,    0,    0,    0,    0,    0,    0,    0,    0,    0,    0,    0,    0,    0,    0,    0,    0,    0,    0,    0,    0,    0,    0,    0,    0,    0,    0,   -5,   -4,    0,  -14,    0,    0,    0,    0,   -2,    0,   -4,    0,    0,    0,    0,    0,    0,    0,    0,    0,    0,    0,    0,    0,    0,    0,    0,    0,    0,    0,    0,    0,    0,    0,    0,    0,    0,  -14,    0,    0,  -53,  -25,    0,    0,  -32,    0,    0,    0,    0,    0,    0,    0,    0,    0,    0,    0,    0,    0,    0,    0,    0,    0,    0,
       0,    0,    0,    0,    0,    0,    0,    0,    0,    0,    0,    0,    0,    0,    0,    0,    0,    0,    0,    0,    0,    0,    0,    0,    0,  -37,    0,  -44,    0,    0,    0,    0,    0,    0,    0,    0,    0,    0,    0,    0,    0,    0,    0,    0,    0,    0,    0,    0,    0,    0,    0,    0,    0,    0,    0,    0,    0,  -49,    0,  -22,    0,    0,    0,  -49,    0,    0,    0,    0,    0,    0,    0,    0,    0,    0,    0,    0,    0,    0,    0,  -44,    0,    0,    0,  -40,    0,    0,    0,    0,    0,    0,    0,    0,    0,    0,
       0,    0,    0,    0,    0,    0,    0,    0,    0,    0,    0,    0,    0,    0,    0,    0,    0,    0,    0,    0,    0,    0,    0,    0,    0,    0,    0,    0,    0,    0,    0,    0,    0,  -28,    0,    0,    0,    0,    0,  -12,    0,    0,    0,    0,    0,    0,  -10,    0,    0,    0,    0,    0,    0,    0,    0,    0,    0,    0,    0,    0,    0,    0,    0,    0,    0,    0,    0,    0,    0,    0,    0,    0,    0,    0,    0,    0,    0,    0,    0,    0,    0,    0,   -2,    0,  -15,    0,    0,    0,    0,    0,    0,    0,    0,    0,
       0,    0,    0,    0,    0,    0,    0,    0,    0,    0,    0,    0,    0,    0,    0,    0,    0,    0,    0,    0,    0,    0,    0,    0,    0,    0,    0,    0,    0,    0,    0,    0,    0,    0,   -2,    0,    0,    0,    0,    0,    0,    0,    0,    0,    0,    0,    0,    0,    0,    0,    0,    0,    0,    0,    0,    0,    0,    0,    0,    0,    0,    0,    0,    0,    0,    0,    0,    0,   -2,    0,    0,  -21,   -4,    0,    0,  -20,    0,    0,    0,    0,    0,    0,    0,    0,    0,    0,    0,    0,    0,    0,    0,    0,    0,    0,
       0,  -41,    4,    0,    0,    0,    0,    0,    0,    0,    0,    0,    0,    0,    0,    0,    0,    0,    0,    0,    0,    0,    0,    0,    2,  -47,    0,  -34,    0,  -52,    0,   -7,   18,    0,   19,    0,    0,    0,    0,    0,    3,   13,    0,    2,    0,    0,    0,    0,    0,    0,    0,    0,    0,    0,    0,    0,    0,  -37,    2,    0,    3,    0,    0,  -62,    0,   10,   13,   23,   19,   14,    0,    0,    4,    2,    4,    0,    0,    0,    3,   -7,   -2,   15,  -15,  -65,    0,    2,  -30,  -19,  -19,    0,    0,    0,    0,    0,
       0,  -56,    0,    0,    0,    0,    0,    0,    0,    0,    0,    0,    0,    0,    0,    0,    0,    0,    0,    0,    0,    0,    0,    0,    0,    0,    0,    0,    0,    0,    0,  -73,    0,  -10,    0,    0,    0,    0,    0,   -2,    0,    0,    0,    0,    0,    0,    0,    0,    0,    0,    0,    0,    0,    0,    0,    0,    0,    0,    0,    0,    0,    0,    0,    0,    0,    0,    0,    0,    0,    0,    0,    0,    0,    0,    0,    0,    0,    0,    0,    0,  -23,    0,  -30,    0,  -11,    0,    0,   -8,   -8,    0,    0,    0,    0,    0,
       0,    0,    0,    0,    0,    0,    0,    0,    0,    0,    0,    0,    0,    0,    0,    0,    0,    0,    0,    0,    0,    0,    0,    0,    0,  -32,    0,  -37,    0,  -44,    0,    0,    0,    0,    0,    0,    0,    0,    0,    0,    0,    0,    0,    0,    0,    0,    0,    0,    0,    0,    0,    0,    0,    0,    0,    0,    0,  -15,    0,    0,    0,    0,    0,  -31,    0,    0,    0,   17,    0,    0,    0,    2,    2,    0,    0,    0,    0,    0,    0,    0,    0,    0,  -22,  -34,    0,    0,    0,    0,    0,    0,    0,    0,    0,    0,
       0,  -47,    0,    0,    0,    0,    0,    0,    0,    0,    0,    0,    0,    0,    0,    0,    0,    0,    0,    0,    0,    0,    0,    0,    0,    0,    0,    0,    0,    0,    0,  -59,   10,   -2,    8,    0,    0,    0,    0,   -2,   -2,    0,    0,    0,    0,    0,  -20,   -2,    0,    0,    0,    0,    0,    0,    0,    0,    0,    0,    0,    0,    0,    0,    0,    0,    0,    0,    0,    0,    8,    0,    0,    0,    0,  -11,    0,    0,    0,    0,    0,    0,  -15,    0,   -4,    0,  -19,    0,    0,  -12,  -12,    0,    0,    0,    0,    0,
       0,    0,  -40,    0,    0,    0,    0,    0,    0,    0,    0,    0,    0,    0,    0,    0,    0,    0,    0,    0,    0,    0,    0,    0,    0,    0,    0,    0,    0,    0,    0,  -23,  -29,  -16,   -7,    0,    0,    0,    0,    0,    0,    0,    0,    0,    0,    0,    0,    0,    0,    0,    0,    0,    0,    0,    0,    0,    0,    0,    0,    0,    0,    0,    0,    0,    0,    0,  -15,    0,   -7,    0,    0,  -43,  -25,    0,    0,  -22,    0,    0,    0,    0,    0,    0,    0,    0,    0,    0,    0,    0,    0,    0,    0,    0,    0,    0,
     -32,  -77,    0,    0,    0,    0,    0,    0,    0,    0,    0,    0,    0,    0,    0,    0,    0,    0,    0,    0,    0,  -28,    0,    0,    0,  -71,    0,  -56,    0,  -68,    0,  -74,    0,  -22,    0,    0,    0,    0,    0,    0,    0,    0,    0,    0,    0,    0,  -34,    0,    0,    0,    0,    0,    0,    0,    0,    0,    0,  -64,    0,  -29,    0,   -5,  -29, -103,    0,   -5,    0,    0,    0,    0,    0,    0,    0,  -25,  -20,    0,  -68,    0,    0, -106,    0,    0,  -40, -111,  -32,    0,  -69,  -57,  -57,    0,  -31,    0,    0,    0,
       0,    0,    0,    0,    0,    0,    0,    0,    0,    0,    0,    0,    0,    0,    0,    0,    0,    0,    0,    0,    0,    0,    0,    0,    0,    0,    0,    0,    0,    0,    0,    0,    0,    0,    0,    0,    0,    0,    0,    0,    0,    0,    0,    0,    0,    0,    0,    0,    0,    0,    0,    0,    0,    0,    0,    0,    0,    0,    0,    0,    0,    0,    0,    0,    0,    0,    0,    0,    0,    0,    0,    0,    0,    0,    0,    0,    0,    0,    0,    0,   17,    0,    0,    0,    0,    0,    0,    0,    0,    0,    0,    0,    0,    0,
       0,    0,    0,    0,    0,    0,    0,    0,    0,    0,    0,    0,    0,    0,    0,    0,    0,    0,    0,    0,    0,   -2,    0,    0,    0,    0,    0,    0,    0,    0,    0,    0,    0,    0,    0,    0,    0,    0,    0,    0,    0,    0,    0,    0,    0,    0,    0,    0,    0,    0,    0,    0,    0,    0,    0,    0,    0,    0,    0,    0,    0,    0,   -3,    0,    0,    0,    0,    0,    0,    0,    0,    0,    0,    0,    0,    0,    0,    0,    0,    0,    0,    0,    0,    0,    0,    0,    0,    0,    0,    0,    0,    0,    0,    0,
       0,    0,    0,    0,    0,    0,    0,    0,    0,    0,    0,    0,    0,    0,    0,    0,    0,    0,    0,    0,    0,    0,    0,    0,    0,    0,    0,    0,    0,    0,    0,    0,    0,  -13,    0,    0,    0,    0,    0,    0,    0,    0,    0,    0,    0,    0,    0,    0,    0,    0,    0,    0,    0,    0,    0,    0,    0,    0,    0,    0,    0,    0,    0,    0,    0,    0,    0,    0,    0,    0,    0,    0,    0,    0,    0,    0,    0,    0,    0,    0,    0,    0,  -13,    0,    0,    0,    0,    0,    0,    0,    0,    0,    0,    0,
       0,    0,    0,    0,    0,    0,    0,    0,    0,    0,    0,    0,    0,    0,    0,    0,    0,    0,    0,  -10,    0,   -9,    0,    0,    0,    0,    0,  -20,    0,  -10,    0,    0,    0,    0,    0,    0,    0,    0,    0,    0,    0,    0,    0,    0,    0,    0,    0,    0,    0,    0,    0,    0,    0,    0,    0,    0,    0,    0,    0,    0,    0,    0,    0,    0,    0,    0,    0,    0,    0,    0,    0,    0,    0,    0,    0,    0,    0,    0,    0,    0,   -2,    0,  -17,    0,  -13,    0,    0,    0,    0,    0,    0,    0,    0,    0,
       0,    0,    0,    0,    0,    0,    0,    0,    0,    0,    0,    0,    0,    0,    0,    0,    0,    0,    0,   -2,    0,  -13,    0,    0,    0,    0,    0,    0,    0,    0,    0,    0,   -5,    0,  -36,    0,    0,  -25,    0,  -37,  -16,  -21,    0,  -36,    0,  -32,  -28,  -29,    0,    0,    0,    0,    0,    0,    0,    0,  -31,    0,    0,    0,    0,    0,  -14,    0,    0,  -38,  -23,   -6,  -12,  -22,  -22,    0,  -12,  -38,   -7,   -4,    0,    0,  -25,    0,   -2,  -31,  -36,    0,  -40,    0,    0,    0,    0,    0,    0,    0,    0,    0,
       0,    0,    0,    0,    0,    0,    0,    0,    0,    0,    0,    0,    0,    0,    0,    0,    0,    0,    0,    0,    0,    0,    0,    0,    0,    0,    0,    0,    0,    0,    0,    0,    0,  -10,  -11,    0,    0,    0,    0,    0,    0,    0,    0,    0,    0,    0,    0,    0,    0,    0,    0,    0,    0,    0,    0,    0,    0,    0,    0,    0,    0,    0,    0,    0,    0,    0,    0,    0,  -11,    0,    0,  -12,    0,    0,    0,  -13,    0,    0,  -10,    0,    0,    0,    0,    0,    0,    0,    0,    0,    0,    0,    0,    0,    0,    0,
       0,    0,  -40,    0,    0,    0,    0,    0,    0,    0,    0,    0,    0,    0,    0,    0,    0,    0,    0,  -69,    0,    0,    0,    0,    0,    0,    0,    0,    0,    0,    0,    0,    0,   17,   -2,    0,    0,    0,    0,    0,    0,    0,    0,    0,    0,    0,    0,    0,    0,    0,    0,    0,    0,    0,    0,    0,    0,    0,  -25,    0,    0,    0,    0,    0,  -22,    0,    0,    0,   -2,    0,    0,  -40,    0,    0,    0,    0,    0,    0,    0,    0,    0,    0,    0,    0,    0,    0,    0,    0,    0,    0,    0,    0,    0,    0,
       0,    0,  -40,    0,    0,    0,    0,    0,    0,    0,    0,    0,    0,    0,    0,    0,    0,    0,    0,  -65,    0,    0,    0,    0,    0,    0,    0,    0,    0,    0,    0,    0,  -40,    0,  -17,    0,    0,    0,    0,    0,    0,    0,    0,    0,    0,    0,    0,    0,    0,    0,    0,    0,    0,    0,    0,    0,    0,    0,  -27,    0,    0,    0,    0,    0,  -29,    0,    0,    0,  -17,    0,    0,  -39,    0,    0,    0,    0,    0,    0,    0,    0,    0,    0,    0,    0,    0,    0,    0,    0,    0,    0,    0,    0,    0,    0,
       0,    0,    0,    0,    0,    0,    0,    0,    0,    0,    0,    0,    0,    0,    0,    0,    0,    0,    0,  -29,    0,    0,    0,    0,    0,    0,    0,    0,    0,    0,    0,    0,    0,    0,    0,    0,    0,    0,    0,    0,    0,    0,    0,    0,    0,    0,    0,    0,    0,    0,    0,    0,    0,    0,    0,    0,    0,    0,    0,    0,    0,    0,    0,    0,    0,    0,    0,    0,    0,    0,    0,    0,    0,    0,    0,    0,    0,    0,    0,    0,    0,    0,    0,    0,    0,    0,    0,    0,    0,    0,    0,    0,    0,    0,
       0,    0,    0,    0,    0,    0,    0,    0,    0,    0,    0,    0,    0,    0,    0,    0,    0,    0,    0,    0,    0,    0,    0,    0,    0,  -29,    0,   -5,  -35,  -15,    0,    0,    0,    0,    0,    0,    0,    0,    0,    0,    0,    0,    0,    0,    0,    0,    0,    0,    0,    0,    0,    0,    0,    0,    0,    0,    0,   -7,    0,  -25,  -27,    0,    0,    0,  -40,    0,    0,    0,    0,    0,    0,  -36,    0,    0,    0,    0,    0,  -29,    0,    0,    0,    0,    0,    0,    0,    0,    0,    0,    0,    0,    0,    0,    0,    0,
       0,    0,    0,    0,    0,    0,    0,    0,    0,    0,    0,    0,    0,    0,    0,    0,    0,    0,    0,    0,    0,    0,    0,    0,    0,  -44,    0,  -29,    0,  -40,    0,    0,    0,    0,    0,    0,    0,    0,    0,    0,    0,    0,    0,    0,    0,    0,    0,    0,    0,    0,    0,    0,    0,    0,    0,    0,    0,    0,    0,    0,    0,    0,    0,    0,    0,    0,    0,    0,    0,    0,    0,    0,    0,    0,    0,    0,    0,    0,    0,    0,    0,    0,    0,    0,    0,    0,    0,    0,    0,    0,    0,    0,    0,    0,
       0,    0,    0,    0,    0,    0,    0,    0,    0,    0,    0,    0,    0,    0,    0,    0,    0,    0,    0,  -17,    0,    0,    0,    0,    0,  -64,    0,  -13,  -20,  -40,    0,    0,    0,    0,    0,    0,    0,    0,    0,    0,    0,    0,    0,    0,    0,    0,    0,    0,    0,    0,    0,    0,    0,    0,    0,    0,    0,    0,    0,    0,    0,    0,    0,    0,    0,    0,    0,    0,    0,    0,    0,    0,    0,    0,    0,    0,    0,    0,    0,    0,    0,    0,    0,    0,    0,    0,    0,    0,    0,    0,    0,    0,    0,    0,
};

static const EpdLigaturePair ebgaramond_18_bolditalicLigaturePairs[] = {
    { 0x00660066, 0xFB00 }, // f f -> U+FB00
    { 0x00660069, 0xFB01 }, // f i -> U+FB01
    { 0x0066006C, 0xFB02 }, // f l -> U+FB02
    { 0xFB000069, 0xFB03 }, // U+FB00 i -> U+FB03
    { 0xFB00006C, 0xFB04 }, // U+FB00 l -> U+FB04
};

static constexpr EpdFontData ebgaramond_18_bolditalic = {
    ebgaramond_18_bolditalicBitmaps,
    ebgaramond_18_bolditalicGlyphs,
    ebgaramond_18_bolditalicIntervals,
    73,
    49,
    38,
    -12,
    true,
    ebgaramond_18_bolditalicGroups,
    14,
    nullptr,
    ebgaramond_18_bolditalicKernLeftClasses,
    ebgaramond_18_bolditalicKernRightClasses,
    ebgaramond_18_bolditalicKernMatrix,
    635,
    695,
    110,
    94,
    ebgaramond_18_bolditalicLigaturePairs,
    5,
};
