/**
 * generated by fontconvert.py
 * name: ebgaramond_10_bold
 * size: 10
 * mode: 2-bit  compressed: true
 * Command used: fontconvert.py ebgaramond_10_bold 10 ../builtinFonts/source/EBGaramond/EBGaramond-Bold.ttf --2bit --compress --pnum --darken-aa
 */
#pragma once
#include "EpdFontData.h"

static const uint8_t ebgaramond_10_boldBitmaps[20290] = {
    0x85, 0x57, 0x3F, 0x8C, 0x15, 0xC7, 0x19, 0xFF, 0xED, 0x2E, 0xDC, 0x22, 0x96, 0xBB, 0x41, 0x0A,
    0x45, 0x0C, 0x07, 0x4B, 0x91, 0x02, 0xA1, 0x83, 0xBD, 0xE2, 0x8A, 0x2B, 0xEE, 0xDE, 0x2C, 0x42,
    0x8A, 0x0B, 0x94, 0x04, 0x45, 0xA6, 0x72, 0x01, 0x45, 0xA4, 0x24, 0xB8, 0xF0, 0x15, 0x96, 0x42,
    0xD0, 0x71, 0xBB, 0xE2, 0x0A, 0x17, 0x96, 0x12, 0xBA, 0x14, 0x29, 0x72, 0x8E, 0x52, 0xE0, 0x23,
    0x0A, 0x97, 0x22, 0xCA, 0x49, 0x39, 0xDE, 0x8E, 0x8D, 0x64, 0x8A, 0x28, 0xF2, 0x4A, 0x91, 0x95,
    0x02, 0x45, 0x19, 0x19, 0x2B, 0x4E, 0xEC, 0x82, 0x71, 0xB4, 0x36, 0x0F, 0xD8, 0xF7, 0x36, 0xBF,
    0x6F, 0xDF, 0x7B, 0xF8, 0x0E, 0x30, 0xDE, 0x99, 0xF9, 0xDE, 0xDB, 0xDD, 0x99, 0xF9, 0xBE, 0xF9,
    0xFE, 0xFC, 0xBE, 0x6F, 0xBF, 0xBD, 0xD2, 0xED, 0x5E, 0xB9, 0xB2, 0xB0, 0xB0, 0x70, 0x0C, 0xF3,
    0xDD, 0x2B, 0xFB, 0x81, 0x4B, 0xEE, 0xA1, 0xFB, 0xC2, 0xFE, 0xB1, 0x7C, 0xDB, 0xA4, 0x40, 0x9A,
    0xE3, 0xBD, 0x1C, 0xB7, 0x53, 0xFF, 0x36, 0x92, 0xC6, 0xE9, 0xA6, 0x0C, 0x26, 0x11, 0xED, 0x43,
    0xD6, 0x98, 0xA6, 0xC9, 0xA7, 0xE7, 0x30, 0x3D, 0x8B, 0x63, 0x4B, 0x98, 0x3D, 0x0B, 0xCC, 0x02,
    0x4B, 0x88, 0x1A, 0x24, 0x3F, 0xCB, 0x3B, 0xBF, 0xCD, 0xB5, 0x05, 0x7B, 0x52, 0xCB, 0x13, 0xAF,
    0xC9, 0xD3, 0xFB, 0xE6, 0xED, 0x0F, 0xCC, 0x9F, 0x3E, 0xC8, 0xF5, 0x7D, 0x44, 0x15, 0x82, 0x14,
    0x3E, 0x78, 0x05, 0x69, 0x64, 0x22, 0x2C, 0xB8, 0x49, 0x2C, 0x6F, 0x2E, 0x60, 0x6B, 0x73, 0x89,
    0xC3, 0x62, 0xE1, 0xCF, 0x06, 0x27, 0x1E, 0xC4, 0xF9, 0xC4, 0xF7, 0x7F, 0x6E, 0x31, 0x53, 0x39,
    0xBC, 0xE1, 0x1C, 0xAC, 0x73, 0xBE, 0xA9, 0x5C, 0x90, 0x76, 0xCA, 0xDD, 0xD8, 0x0B, 0x1C, 0xE7,
    0x72, 0xFF, 0x41, 0xC9, 0x3D, 0x3E, 0x72, 0x24, 0xFF, 0x13, 0xF2, 0xF8, 0xDD, 0xEF, 0xA6, 0x18,
    0xF8, 0x7D, 0x04, 0xCD, 0x29, 0x87, 0x38, 0xFE, 0xBB, 0x41, 0x27, 0x1A, 0x00, 0x2B, 0x7E, 0x0D,
    0x64, 0x68, 0x00, 0xDD, 0x64, 0x9F, 0x21, 0xEE, 0xAB, 0x3E, 0xBC, 0x14, 0x14, 0xFA, 0x52, 0xAF,
    0xDA, 0x58, 0x4B, 0xB1, 0xE6, 0xDB, 0xC0, 0xA8, 0x5C, 0x21, 0x41, 0x07, 0x8B, 0xB8, 0xC2, 0xB6,
    0xC8, 0xD6, 0xE1, 0x7D, 0x0C, 0x95, 0x86, 0x79, 0x60, 0x3C, 0x87, 0xB3, 0x17, 0xB0, 0x8C, 0x93,
    0x50, 0x50, 0x79, 0x68, 0x02, 0x13, 0xD8, 0x51, 0x2B, 0x03, 0x13, 0x9A, 0x88, 0xAB, 0x63, 0x2C,
    0x60, 0x13, 0x47, 0x29, 0x59, 0x88, 0x1F, 0x6F, 0x66, 0x4E, 0x55, 0xBA, 0xFE, 0x96, 0xF1, 0x72,
    0xEC, 0x01, 0xA6, 0xBF, 0xEA, 0xBA, 0x69, 0x8E, 0x77, 0xDF, 0xD9, 0xFE, 0x84, 0xD7, 0x4B, 0xD0,
    0xA9, 0xCE, 0xA3, 0x3C, 0xC2, 0x09, 0x0A, 0xE6, 0xAD, 0x65, 0xEE, 0xA7, 0x38, 0x02, 0xCD, 0xF6,
    0x92, 0x6C, 0x47, 0xAE, 0x98, 0x04, 0x66, 0x80, 0x39, 0x60, 0x03, 0xB0, 0xF0, 0x0C, 0x82, 0xFC,
    0x39, 0x6F, 0x86, 0x57, 0x38, 0x40, 0xAC, 0xF2, 0x4E, 0x64, 0x6E, 0x85, 0xB6, 0x0E, 0xDC, 0x93,
    0xDE, 0x0F, 0xDC, 0xAD, 0xC0, 0xEA, 0xD0, 0x24, 0x2A, 0x17, 0xD5, 0x50, 0x07, 0xF0, 0x1C, 0x45,
    0x75, 0xD1, 0x33, 0x2D, 0xEB, 0xB7, 0x5B, 0xF9, 0x03, 0xA8, 0x26, 0x9F, 0x51, 0x66, 0xBF, 0x32,
    0x90, 0x9E, 0xF2, 0xA0, 0x3C, 0x29, 0x99, 0xF9, 0xE6, 0x40, 0x88, 0xA5, 0x58, 0x1C, 0xC3, 0x0E,
    0xF9, 0x46, 0x35, 0x4E, 0x16, 0x98, 0xD5, 0x54, 0xB5, 0xCC, 0xF1, 0x2A, 0x71, 0x80, 0x5D, 0xDA,
    0x20, 0x1E, 0xAE, 0x35, 0x47, 0x63, 0x2C, 0x2F, 0x23, 0xB9, 0x46, 0xB6, 0x63, 0xB9, 0x67, 0xDB,
    0xE3, 0xBC, 0x9F, 0x07, 0xCA, 0xEC, 0x55, 0x66, 0x5A, 0x19, 0xDD, 0xD4, 0x59, 0x53, 0xCB, 0x7C,
    0xAE, 0x6A, 0x7A, 0xC3, 0x9D, 0x27, 0x78, 0xA2, 0x3E, 0x92, 0x9E, 0x4C, 0xD7, 0x39, 0x74, 0x0F,
    0x87, 0x28, 0x7F, 0x01, 0x24, 0x94, 0xA7, 0x15, 0x69, 0x11, 0x7E, 0x85, 0x0E, 0x9D, 0x16, 0x29,
    0xA2, 0x5C, 0xB8, 0x3B, 0x84, 0xA5, 0x6C, 0xC3, 0x29, 0x3A, 0x31, 0xFA, 0xA6, 0x5D, 0x09, 0xDD,
    0x4A, 0xE0, 0x74, 0x60, 0x93, 0x97, 0x0D, 0x05, 0x6B, 0x8F, 0x4F, 0x7B, 0xF4, 0x74, 0x53, 0xE9,
    0xC6, 0x2D, 0xC1, 0xA4, 0x43, 0x9D, 0x4E, 0xB6, 0x56, 0x19, 0x2A, 0xD4, 0xC0, 0xCF, 0x11, 0xB4,
    0xF2, 0xCA, 0x01, 0x07, 0xE8, 0xA8, 0xFC, 0x8A, 0x32, 0x19, 0xE5, 0xFC, 0x65, 0x1A, 0xD7, 0xA2,
    0x6A, 0xEA, 0x67, 0x39, 0x31, 0xB5, 0x2A, 0xEB, 0xC8, 0xAC, 0xA8, 0x3C, 0x1E, 0x88, 0x08, 0xA2,
    0xD9, 0x26, 0x8D, 0xDE, 0x2A, 0x63, 0x72, 0xF4, 0x7A, 0xFA, 0x54, 0x2F, 0xF9, 0xB0, 0xA7, 0x1E,
    0x56, 0xDE, 0xAA, 0x43, 0x60, 0x5B, 0xB1, 0x80, 0x2D, 0xF8, 0x96, 0x7E, 0x26, 0xD7, 0xA5, 0x41,
    0xFF, 0xD8, 0x90, 0x9E, 0xA0, 0xB3, 0x66, 0x62, 0xF7, 0x67, 0xFC, 0x02, 0xF8, 0x0E, 0x7C, 0xC7,
    0xF3, 0xF0, 0xA4, 0x3C, 0x14, 0x17, 0x46, 0x54, 0xFC, 0x0A, 0xED, 0xCD, 0x9F, 0x4B, 0xED, 0x59,
    0x1A, 0x1C, 0x5F, 0x7F, 0x67, 0xEC, 0x06, 0xED, 0xFD, 0xEE, 0x73, 0xAF, 0x88, 0x53, 0xD2, 0x20,
    0x61, 0xC5, 0x38, 0x48, 0x11, 0x38, 0x31, 0x4C, 0x9C, 0x7B, 0x3D, 0x12, 0xCC, 0x0F, 0xB9, 0xA3,
    0x49, 0x8B, 0x92, 0xE7, 0xDD, 0xF0, 0xAB, 0xD8, 0xE9, 0x72, 0xB1, 0x7D, 0x7E, 0x0C, 0x5D, 0xC6,
    0xC2, 0xE8, 0x4A, 0x1A, 0xB2, 0x0D, 0x2D, 0xED, 0xBF, 0x79, 0x38, 0x6A, 0x88, 0x18, 0xC9, 0xE1,
    0xB9, 0xEA, 0xC8, 0xD4, 0x92, 0x3B, 0xC1, 0xB1, 0x30, 0x39, 0x57, 0xF1, 0xD1, 0xA0, 0x71, 0x27,
    0x0F, 0x4E, 0xA4, 0x2A, 0xC7, 0x52, 0x50, 0x51, 0xF9, 0xD9, 0x00, 0xDB, 0xAE, 0x37, 0x24, 0xE6,
    0xC5, 0x9E, 0x01, 0x03, 0x12, 0x7B, 0xC5, 0xBF, 0x26, 0xBB, 0x24, 0xD3, 0x19, 0xC9, 0x3C, 0x05,
    0xC4, 0x5C, 0x92, 0xD3, 0xA8, 0x8D, 0xA1, 0x4B, 0xD0, 0xF6, 0x5E, 0xA9, 0x2C, 0x02, 0x13, 0xD1,
    0x8E, 0x86, 0xB0, 0xA1, 0x69, 0xA4, 0xE1, 0x46, 0x97, 0x8B, 0x6B, 0x88, 0xBF, 0xA4, 0x8B, 0x94,
    0xDD, 0x6D, 0x83, 0xF7, 0xF4, 0x43, 0xF5, 0x65, 0x9F, 0xFF, 0x0B, 0x0E, 0x9D, 0x0F, 0x47, 0x06,
    0xF5, 0xF9, 0x80, 0x98, 0x55, 0x0D, 0x17, 0x1F, 0x1A, 0x10, 0x25, 0x5E, 0x2D, 0x43, 0x82, 0x0A,
    0x8D, 0xB0, 0x46, 0x67, 0xA2, 0x8E, 0x05, 0x20, 0x5A, 0x77, 0x12, 0x05, 0xA1, 0x7D, 0x66, 0x70,
    0x94, 0xEC, 0x6D, 0xD0, 0xF3, 0x4B, 0x8A, 0x94, 0xC3, 0x3B, 0x8B, 0x8B, 0x37, 0x3F, 0x46, 0xFC,
    0xA8, 0xC8, 0x95, 0x95, 0x16, 0xF4, 0x94, 0xF5, 0x6B, 0x65, 0xBD, 0x3E, 0xE7, 0x0D, 0x46, 0x83,
    0xFF, 0x3D, 0x3E, 0xF3, 0xF9, 0x2E, 0x60, 0x58, 0xC5, 0x26, 0x6B, 0x86, 0x3A, 0xB8, 0xBC, 0xBE,
    0x19, 0x7F, 0xB1, 0xAC, 0xEC, 0x3E, 0x65, 0xF7, 0x70, 0x9E, 0xB2, 0x47, 0xD5, 0x23, 0x2B, 0xDD,
    0x5E, 0x68, 0x6F, 0xD9, 0x27, 0x94, 0x9D, 0x12, 0xCF, 0x97, 0xC9, 0x5B, 0xF1, 0xA3, 0xAD, 0x9D,
    0x93, 0x9D, 0x74, 0x3B, 0x3B, 0x9E, 0x2C, 0x7D, 0x14, 0xA2, 0x87, 0x1E, 0xC1, 0x1B, 0x9C, 0x37,
    0xA1, 0xF3, 0x4B, 0x6A, 0xAD, 0xDC, 0x79, 0xA2, 0x73, 0x67, 0x33, 0x14, 0x4E, 0xA7, 0xF4, 0x57,
    0xA3, 0x8C, 0x2A, 0x95, 0x09, 0x2B, 0xCE, 0x2A, 0x28, 0x15, 0x41, 0xF0, 0xF2, 0xF5, 0x83, 0x37,
    0x90, 0xB8, 0x50, 0x74, 0x46, 0xD3, 0xA8, 0xD2, 0xDF, 0x41, 0x3E, 0xBD, 0x41, 0xD2, 0x34, 0xCF,
    0xBE, 0x68, 0x89, 0xA5, 0x1D, 0xB3, 0x3A, 0x1E, 0x1B, 0xE5, 0x7A, 0x5C, 0x0D, 0x15, 0xF3, 0x74,
    0x2B, 0x78, 0xA4, 0x60, 0xFD, 0x1A, 0xC3, 0x41, 0x34, 0xFC, 0xE2, 0xDE, 0x95, 0xA0, 0x20, 0x8C,
    0x6E, 0x3A, 0x14, 0x66, 0xB8, 0xED, 0xF1, 0x75, 0xC4, 0x4E, 0x7D, 0x4C, 0x7E, 0xC4, 0x3A, 0x65,
    0xE7, 0x85, 0xD0, 0xDF, 0xD5, 0x3D, 0x9E, 0x53, 0xDD, 0x17, 0xD2, 0x30, 0x11, 0xA8, 0xCF, 0x2A,
    0x79, 0x56, 0xCB, 0xDB, 0x46, 0x08, 0x0D, 0xA8, 0x6C, 0xEC, 0x28, 0x61, 0xF6, 0x44, 0x42, 0x20,
    0x96, 0x59, 0xF6, 0x9B, 0x86, 0xCF, 0x11, 0x72, 0x1C, 0xC1, 0xD8, 0x7C, 0x7A, 0x0D, 0xC7, 0x09,
    0x8A, 0x74, 0x0B, 0xAA, 0x29, 0x13, 0x0F, 0x2E, 0x10, 0xF4, 0x99, 0x54, 0x82, 0xC2, 0x2F, 0xD2,
    0x40, 0x9F, 0xD6, 0x69, 0x98, 0xDC, 0x21, 0x51, 0x7F, 0x63, 0xBC, 0xAA, 0x9A, 0x24, 0xEC, 0xD1,
    0xFB, 0x18, 0xFC, 0xB9, 0xF2, 0x28, 0x4C, 0x66, 0xDF, 0x1D, 0x79, 0x60, 0x37, 0xF7, 0x6E, 0xA4,
    0x89, 0x63, 0x64, 0x11, 0x2E, 0x67, 0x10, 0x36, 0x2D, 0x31, 0x33, 0x98, 0xD0, 0x76, 0x06, 0x7B,
    0x55, 0x8F, 0x24, 0x20, 0x18, 0x44, 0x68, 0x7E, 0x42, 0x92, 0x51, 0xD3, 0x88, 0x85, 0x84, 0x42,
    0x98, 0xCC, 0x98, 0x5A, 0xB7, 0x64, 0xA3, 0x5D, 0x10, 0x40, 0xF4, 0xAB, 0x2C, 0x8F, 0x0C, 0x8F,
    0x9A, 0x07, 0x95, 0x4E, 0x83, 0x5A, 0x73, 0x4A, 0x06, 0xAF, 0x5F, 0x70, 0x64, 0xA9, 0x47, 0x49,
    0x38, 0x0C, 0x1D, 0xB2, 0x0C, 0x5C, 0x58, 0xA9, 0xAF, 0x4C, 0x3F, 0x0E, 0x22, 0x5B, 0x88, 0xB6,
    0xB6, 0x0D, 0x06, 0x8C, 0xDD, 0xA2, 0x6A, 0xDD, 0x33, 0x9A, 0x29, 0xFA, 0x63, 0x30, 0x60, 0x18,
    0xFB, 0x0F, 0xB3, 0x1C, 0xC2, 0x19, 0xC2, 0x1A, 0xC2, 0x1B, 0xC2, 0x1C, 0xC2, 0x1D, 0xC2, 0x1E,
    0xC2, 0x1F, 0x22, 0x00, 0x44, 0x02, 0xF1, 0x31, 0xC6, 0xB2, 0xC8, 0xD0, 0x0A, 0x81, 0x48, 0xB6,
    0xF3, 0x1B, 0x01, 0xCB, 0x4C, 0x32, 0x88, 0x1A, 0x5C, 0x10, 0xD4, 0x74, 0x3B, 0x83, 0xDC, 0x0E,
    0x46, 0x32, 0x32, 0xC8, 0x2D, 0xEF, 0x99, 0xF1, 0xC5, 0xE2, 0xEA, 0x1E, 0x7F, 0x3F, 0xEA, 0x8D,
    0xDE, 0x67, 0xA9, 0xB2, 0xC9, 0xC7, 0x45, 0x5F, 0x60, 0x1D, 0x3F, 0xF2, 0x07, 0xA9, 0xFA, 0x95,
    0xD1, 0x9E, 0xD1, 0x6D, 0x38, 0x68, 0xC2, 0xDD, 0x80, 0x3A, 0xCE, 0x41, 0x8C, 0x8B, 0xED, 0x5A,
    0x68, 0x37, 0xC2, 0x72, 0x39, 0x32, 0x49, 0x23, 0x51, 0xCD, 0xA2, 0x67, 0x57, 0x67, 0x7D, 0x7D,
    0xB3, 0xF3, 0xFA, 0xBF, 0xAB, 0x8D, 0xD8, 0xCC, 0x32, 0x54, 0x8E, 0x0A, 0x3E, 0xBF, 0x70, 0x30,
    0x84, 0xD0, 0x86, 0x2A, 0xB0, 0x7E, 0x7D, 0xE2, 0xF7, 0xDA, 0xF9, 0x72, 0x2C, 0xFB, 0x35, 0xA3,
    0x54, 0x25, 0x87, 0xF5, 0x08, 0x63, 0x41, 0x1E, 0x34, 0xE2, 0xEA, 0x54, 0xE0, 0xEE, 0x94, 0x6B,
    0x0F, 0x6E, 0x6A, 0x17, 0x0A, 0x9A, 0x10, 0xE7, 0x82, 0x34, 0xA8, 0x22, 0xFA, 0xD6, 0x14, 0xBC,
    0x7A, 0x1F, 0x30, 0x60, 0x42, 0x28, 0x24, 0xDF, 0x31, 0x0D, 0x25, 0xE5, 0x90, 0x27, 0xA1, 0x95,
    0x3E, 0xD1, 0xA6, 0xA3, 0xF5, 0x3F, 0xAC, 0xBF, 0x76, 0xD1, 0xE8, 0x7B, 0x83, 0x13, 0x4A, 0x94,
    0x70, 0x8C, 0xA5, 0x99, 0x2B, 0x66, 0xA7, 0x09, 0xB1, 0xDA, 0xCE, 0xD1, 0x0E, 0x89, 0xE1, 0xDA,
    0xBE, 0x2A, 0xD7, 0x28, 0xA9, 0x72, 0x5C, 0x9B, 0xA9, 0xCF, 0x49, 0xF5, 0x5F, 0x1E, 0x53, 0xE1,
    0xB1, 0x13, 0x45, 0x29, 0x2B, 0x16, 0x08, 0xCD, 0x72, 0x5B, 0x8D, 0xCD, 0x8F, 0x81, 0xFA, 0xE0,
    0xFA, 0xD5, 0x1B, 0x92, 0xEA, 0x6A, 0xC9, 0xFE, 0xB4, 0x46, 0xE3, 0xCB, 0xBA, 0x3B, 0x7C, 0x13,
    0xF7, 0x87, 0x59, 0x9E, 0x8B, 0x84, 0x4C, 0xC9, 0x26, 0x33, 0x74, 0x03, 0x2C, 0x89, 0x80, 0xA5,
    0x72, 0x82, 0xD7, 0x75, 0x0B, 0xD5, 0xE9, 0x48, 0x39, 0xC7, 0x37, 0x34, 0x55, 0xA0, 0x6C, 0x84,
    0xD0, 0xED, 0xE3, 0xE1, 0x78, 0xA8, 0x3E, 0x05, 0xCB, 0xCA, 0x16, 0x63, 0x91, 0x3C, 0x35, 0xF8,
    0xCC, 0x1B, 0x43, 0x35, 0x2F, 0x1A, 0x86, 0xA3, 0xC1, 0x1C, 0x9D, 0x6B, 0x8D, 0x01, 0x00, 0xB2,
    0x68, 0x95, 0x21, 0x4C, 0x9B, 0xB6, 0x3C, 0x69, 0xD3, 0x89, 0xAA, 0x3C, 0x5A, 0x36, 0xE0, 0xF2,
    0x98, 0x68, 0x3D, 0x8C, 0xD9, 0x8B, 0x79, 0x1F, 0xBD, 0x6F, 0x68, 0x8D, 0x39, 0x80, 0x35, 0xA9,
    0x5D, 0x25, 0xE1, 0xB1, 0x1A, 0x99, 0x6A, 0xD5, 0x2B, 0x15, 0x2A, 0x65, 0x21, 0x1B, 0x37, 0x7E,
    0x37, 0x3D, 0x7E, 0xE7, 0x61, 0x3D, 0x3F, 0x24, 0x05, 0xE0, 0x0B, 0x5B, 0x66, 0x68, 0xA1, 0xFD,
    0x6D, 0x05, 0x51, 0x23, 0xF8, 0x05, 0xA2, 0x10, 0x93, 0xBE, 0x99, 0x87, 0x9D, 0xC5, 0xEC, 0xB9,
    0x73, 0xE7, 0xD0, 0x30, 0x33, 0xCF, 0xB3, 0x48, 0x99, 0x62, 0xBD, 0xE1, 0x49, 0xD0, 0x1C, 0xEE,
    0x62, 0xA1, 0x83, 0xFD, 0xCC, 0xE9, 0xAC, 0x74, 0xBA, 0x58, 0x5C, 0xC1, 0x4A, 0x01, 0x7D, 0xD3,
    0xEC, 0xDA, 0x2D, 0xC5, 0x72, 0xD1, 0x26, 0xF0, 0xE4, 0x49, 0xCF, 0x4C, 0xF2, 0x6B, 0x97, 0xF8,
    0xBD, 0xC4, 0xAB, 0x13, 0xB4, 0xDD, 0xAB, 0x92, 0x55, 0x16, 0x62, 0x39, 0x0E, 0x08, 0x2E, 0x1D,
    0x49, 0xB0, 0xE0, 0xB1, 0x5E, 0x15, 0xA0, 0x60, 0xCF, 0x7C, 0x96, 0x02, 0x50, 0xBD, 0x61, 0x61,
    0x72, 0x81, 0x8E, 0x22, 0x55, 0xC0, 0xB8, 0xFB, 0x8D, 0x8B, 0xCF, 0xB0, 0x2C, 0x92, 0xE2, 0xA8,
    0xDB, 0xF6, 0x8C, 0xB0, 0xF5, 0x56, 0xA5, 0x1E, 0xF7, 0x70, 0x4A, 0x0C, 0x7D, 0x44, 0x61, 0xF1,
    0x3C, 0xA1, 0x70, 0xE7, 0x6E, 0x75, 0xBB, 0x5B, 0x92, 0x7B, 0x9F, 0xB8, 0xC0, 0x58, 0x3A, 0x26,
    0x3B, 0x0B, 0x0A, 0x26, 0xA5, 0xEC, 0x3F, 0xF2, 0xE7, 0xA9, 0x9E, 0xB9, 0x27, 0xC5, 0xE9, 0xEF,
    0x92, 0xB8, 0x5A, 0x94, 0x32, 0x2A, 0xEF, 0xA8, 0x34, 0x89, 0x45, 0xB0, 0x05, 0x29, 0x56, 0x72,
    0x7E, 0x64, 0x9C, 0xB8, 0xE9, 0x36, 0x7C, 0xC7, 0x1D, 0x6F, 0x45, 0x69, 0xD2, 0x16, 0x7F, 0x7E,
    0x2A, 0x49, 0x99, 0x19, 0x2D, 0x79, 0xD2, 0xCF, 0x33, 0x74, 0x1D, 0xCF, 0x9B, 0x9C, 0xDE, 0xD6,
    0x57, 0x5D, 0x76, 0xB7, 0x2D, 0x2C, 0x28, 0x53, 0xC2, 0x0F, 0x0B, 0xF0, 0xF3, 0x22, 0xCB, 0xE3,
    0x6D, 0x4D, 0x40, 0xC6, 0x4F, 0x99, 0x03, 0x4B, 0xD6, 0x79, 0x98, 0xB0, 0x49, 0x19, 0xED, 0x6C,
    0x92, 0x21, 0x8D, 0x4A, 0x4F, 0x32, 0x01, 0x3D, 0x87, 0xEB, 0xCB, 0x75, 0x72, 0xDA, 0x24, 0xDF,
    0x43, 0x72, 0x09, 0x09, 0x6B, 0xD1, 0x0C, 0xC9, 0x0F, 0x4C, 0x72, 0xC6, 0x16, 0xFF, 0x6A, 0x61,
    0x2C, 0xCD, 0x52, 0x9D, 0x26, 0xCF, 0x6D, 0x44, 0x9D, 0x51, 0xED, 0xF1, 0x9B, 0xDB, 0x95, 0x14,
    0x65, 0x35, 0xE2, 0x55, 0xD7, 0x17, 0x72, 0xEB, 0xB9, 0x24, 0xBB, 0xFB, 0x70, 0x14, 0x3F, 0xED,
    0xA2, 0x92, 0xD5, 0x29, 0x9F, 0xC7, 0x57, 0xAB, 0xED, 0x3D, 0xBB, 0x3B, 0x42, 0xE3, 0x80, 0x00,
    0xA8, 0x4C, 0x27, 0xB4, 0xDB, 0xEC, 0x27, 0x45, 0xFE, 0x93, 0x12, 0x37, 0x3A, 0x5F, 0x66, 0xD4,
    0xD7, 0xD5, 0x3A, 0x49, 0xC7, 0x3D, 0xEF, 0x25, 0xEF, 0xB9, 0xA4, 0x31, 0xC9, 0x2B, 0x5F, 0x1D,
    0x50, 0x97, 0xB8, 0xB8, 0xD6, 0x6E, 0xD8, 0x6C, 0x3C, 0xC7, 0x21, 0xDE, 0x74, 0xEA, 0xB1, 0xC3,
    0xE9, 0x1D, 0xAE, 0xD3, 0x7A, 0x01, 0x25, 0x4C, 0x69, 0xBC, 0xF8, 0xFD, 0xAF, 0x33, 0x79, 0x54,
    0x2D, 0xCC, 0x2C, 0xEE, 0x61, 0x68, 0x56, 0x61, 0xBD, 0xB6, 0xF5, 0xC6, 0xB2, 0x76, 0xBB, 0x53,
    0x8F, 0x55, 0x6D, 0x36, 0x48, 0xFE, 0x3B, 0xB6, 0x0D, 0xBF, 0xBF, 0x3E, 0x24, 0x72, 0xC8, 0xA9,
    0x5F, 0x7F, 0xD5, 0xE9, 0x33, 0x3B, 0x6D, 0x7B, 0xDA, 0xC5, 0xF7, 0x7B, 0xEA, 0x41, 0xCF, 0x3B,
    0x85, 0xE2, 0xAE, 0xD3, 0xAB, 0x26, 0xBE, 0x9D, 0xAB, 0xDB, 0x08, 0x3F, 0x15, 0x67, 0x97, 0xEF,
    0xBB, 0xAA, 0x0D, 0xB5, 0xFD, 0x28, 0xFE, 0x5A, 0xF7, 0xF5, 0xAA, 0x9B, 0x8F, 0x57, 0xAB, 0x25,
    0x75, 0xA7, 0x5E, 0x8B, 0xFE, 0x59, 0x9B, 0xA0, 0xCE, 0x98, 0x7D, 0x74, 0xEA, 0x39, 0x86, 0x8E,
    0x63, 0x14, 0xA7, 0xBB, 0x90, 0x7D, 0xE6, 0xE2, 0xDB, 0x26, 0xFA, 0xC7, 0x68, 0x7D, 0xD0, 0xC5,
    0x94, 0x4E, 0x67, 0x62, 0xD3, 0xD5, 0x82, 0x3D, 0x4F, 0xF3, 0xA8, 0xC7, 0x3C, 0x9C, 0x7C, 0xAC,
    0xC8, 0x37, 0x81, 0xC1, 0x6B, 0xA9, 0xE0, 0xCF, 0xF2, 0xA8, 0xCE, 0xCE, 0x17, 0x0B, 0x2C, 0x0D,
    0xF0, 0x43, 0x6E, 0x55, 0x11, 0x56, 0xD3, 0xF8, 0x3D, 0xA3, 0xDF, 0xCC, 0x8B, 0x61, 0xE5, 0x71,
    0x85, 0x99, 0xB7, 0x64, 0x63, 0x49, 0xC8, 0x56, 0xC6, 0x74, 0x30, 0x62, 0x84, 0xFC, 0xB7, 0xA1,
    0x0D, 0xCB, 0x80, 0x25, 0x24, 0x8B, 0xED, 0xE5, 0xE7, 0x5C, 0xB8, 0xC5, 0xA8, 0xE2, 0x57, 0xF2,
    0xD0, 0x31, 0xF9, 0xCB, 0xCA, 0x7F, 0x33, 0x1C, 0xDD, 0xA9, 0xF6, 0x79, 0x36, 0x0C, 0x91, 0xB8,
    0x77, 0xA9, 0xD3, 0xB8, 0xA3, 0x51, 0xFE, 0x7F, 0xAD, 0x57, 0x4F, 0x6C, 0x1C, 0x57, 0x19, 0xFF,
    0xCD, 0x3C, 0xDB, 0x13, 0x3C, 0x89, 0xDF, 0x1E, 0x52, 0x91, 0x86, 0xAC, 0xC7, 0xA8, 0x3D, 0xAC,
    0x8C, 0x93, 0x31, 0x92, 0x0F, 0x16, 0xDD, 0xF5, 0x0C, 0xEA, 0x81, 0x43, 0x0E, 0xCD, 0xA1, 0x11,
    0x48, 0x3D, 0x34, 0xBD, 0x15, 0x7A, 0x88, 0x01, 0x43, 0xAD, 0xE0, 0xEC, 0x3C, 0x92, 0x43, 0x8E,
    0xB1, 0x84, 0xC4, 0x85, 0x03, 0x2B, 0xC1, 0x21, 0x31, 0x08, 0xEF, 0xC1, 0x12, 0x39, 0x6C, 0x76,
    0x87, 0xE6, 0xC0, 0x01, 0xA1, 0x8E, 0x08, 0xB7, 0x1C, 0xF2, 0x5A, 0x88, 0x90, 0xDA, 0x4A, 0x79,
    0x55, 0xB6, 0x74, 0x49, 0x76, 0x77, 0xF8, 0xBD, 0x59, 0x3B, 0x71, 0xA4, 0x34, 0x4E, 0xE4, 0xCC,
    0xBC, 0xEF, 0xCD, 0xBF, 0xEF, 0xFB, 0xDE, 0x37, 0xDF, 0xFF, 0x87, 0xF3, 0xED, 0x45, 0x54, 0xAA,
    0xD5, 0xEA, 0xF9, 0xF3, 0xED, 0x76, 0xFD, 0x08, 0x78, 0xCC, 0x03, 0x2B, 0xF0, 0x73, 0x1C, 0xFF,
    0x85, 0xAA, 0xBE, 0x83, 0x56, 0x03, 0xAD, 0x75, 0xB4, 0x33, 0x15, 0x7D, 0x1A, 0x87, 0x39, 0xBC,
    0x1E, 0x90, 0x02, 0x0A, 0xC5, 0xE1, 0x0D, 0x80, 0x50, 0x02, 0x11, 0xA1, 0x3D, 0x06, 0xF0, 0x11,
    0xC3, 0x06, 0xE4, 0x70, 0x1D, 0xE8, 0x03, 0x4E, 0xD7, 0x81, 0x63, 0x84, 0xF2, 0x07, 0x42, 0x45,
    0xF9, 0x7F, 0x50, 0x0D, 0x07, 0x98, 0xF1, 0xB4, 0xA5, 0xFC, 0xF9, 0xA0, 0x19, 0xFE, 0x26, 0x9B,
    0x73, 0xB2, 0x45, 0xE8, 0x05, 0x34, 0x39, 0xF3, 0x3E, 0xDA, 0xCC, 0x7E, 0x3C, 0x68, 0xF2, 0xEB,
    0xC6, 0x95, 0xD9, 0x66, 0xA4, 0x83, 0x54, 0x6A, 0x09, 0xCF, 0x94, 0x21, 0x7A, 0x8B, 0x64, 0xC8,
    0x2F, 0x49, 0x06, 0x91, 0xF7, 0xE1, 0x24, 0xFF, 0xE4, 0xD5, 0x2E, 0x9E, 0x11, 0x28, 0x4F, 0x94,
    0xC2, 0xC9, 0xBB, 0x85, 0x4C, 0x95, 0xB5, 0xED, 0x63, 0x01, 0x73, 0x3B, 0xB7, 0x6B, 0xC0, 0x61,
    0xB8, 0x94, 0x7E, 0x0A, 0x94, 0x34, 0x54, 0x78, 0x4D, 0xE3, 0x67, 0x3D, 0xAC, 0xD6, 0x51, 0x0D,
    0x10, 0xFA, 0xCA, 0xBF, 0xA1, 0xDC, 0x7B, 0x0A, 0x9D, 0x18, 0x11, 0x70, 0x02, 0x27, 0x56, 0x0B,
    0xC6, 0xF6, 0x68, 0xB5, 0xFA, 0xFD, 0xD5, 0x55, 0x8C, 0xF3, 0x96, 0xFC, 0x3D, 0x75, 0x02, 0x87,
    0x26, 0x7F, 0xA5, 0x16, 0xDB, 0x9F, 0xA7, 0xDF, 0x36, 0xF3, 0xD9, 0x4F, 0x0C, 0x1A, 0x3F, 0x25,
    0xF0, 0xAA, 0x17, 0xBA, 0x0B, 0xE9, 0x5C, 0x74, 0x2F, 0x95, 0x5C, 0xC2, 0xBD, 0xDF, 0x02, 0x66,
    0x15, 0xBC, 0xEC, 0x3B, 0xE6, 0x9B, 0x26, 0x30, 0x35, 0x13, 0x51, 0x1D, 0x2F, 0x9D, 0x4A, 0x0C,
    0x66, 0x66, 0x90, 0x35, 0xBD, 0x8B, 0xE9, 0x52, 0x88, 0xFE, 0x75, 0x24, 0x21, 0x78, 0xCF, 0x37,
    0x98, 0x29, 0x71, 0x89, 0x28, 0x1F, 0xCE, 0x6E, 0xFC, 0x09, 0x98, 0x7A, 0x7C, 0xE0, 0xE1, 0xFA,
    0xE9, 0x09, 0x4C, 0x9D, 0x16, 0xAA, 0xDA, 0xFE, 0x28, 0x9D, 0x5F, 0x35, 0x7A, 0xB9, 0x9E, 0x35,
    0x96, 0x93, 0xB4, 0x39, 0x7F, 0x2E, 0xD3, 0x8B, 0xAD, 0x5E, 0x76, 0xEC, 0xEA, 0xD7, 0x53, 0x1F,
    0xFE, 0x68, 0xFD, 0x6F, 0xAD, 0x23, 0xE9, 0x27, 0xBD, 0x20, 0xAB, 0x6D, 0x35, 0xAB, 0xCD, 0xEA,
    0xE2, 0x56, 0xA0, 0x47, 0xFF, 0x74, 0xEC, 0xD1, 0x98, 0x6D, 0x6F, 0xCC, 0xB6, 0xAF, 0xEE, 0x7E,
    0x83, 0x31, 0x4A, 0x91, 0xBF, 0x74, 0xFA, 0x4D, 0x99, 0xBE, 0x66, 0x68, 0xBC, 0xD4, 0x8B, 0xCB,
    0xEF, 0x46, 0x06, 0x08, 0xE2, 0x57, 0x52, 0xA1, 0xC2, 0x54, 0x68, 0x37, 0x7B, 0x5F, 0x1D, 0xE6,
    0x2A, 0x12, 0x55, 0x2C, 0xA0, 0x84, 0x56, 0x10, 0x5F, 0x0F, 0x54, 0x2B, 0x8C, 0x5B, 0x21, 0xAE,
    0x2D, 0x61, 0xAB, 0x86, 0x6B, 0xF9, 0x0F, 0x3A, 0x5F, 0x76, 0x7F, 0x77, 0xD3, 0x34, 0x10, 0x37,
    0x00, 0x1A, 0x8E, 0xF2, 0xD4, 0x41, 0x7C, 0x60, 0x62, 0x83, 0x96, 0xC8, 0x53, 0x99, 0x6B, 0x2E,
    0xA4, 0xD1, 0xD9, 0x86, 0x7C, 0xFB, 0x9A, 0x6C, 0xBF, 0xB7, 0xDF, 0x5D, 0x02, 0x8E, 0x5A, 0xA9,
    0x1B, 0x23, 0xA8, 0x34, 0x0A, 0xFF, 0x72, 0xFF, 0x4E, 0x48, 0x69, 0xA1, 0x4F, 0x69, 0xFA, 0x97,
    0x81, 0x69, 0x44, 0x71, 0x14, 0xF3, 0xE6, 0xC8, 0x5A, 0x3E, 0xF5, 0x59, 0xE3, 0x28, 0xAD, 0x18,
    0x6C, 0x9F, 0x21, 0xE5, 0xF3, 0x75, 0xAD, 0xB5, 0x56, 0x6B, 0xD5, 0x6A, 0x6B, 0x81, 0xB1, 0x56,
    0xE8, 0x74, 0x69, 0x84, 0xB9, 0x43, 0x90, 0x9E, 0x12, 0x1F, 0x1B, 0xF4, 0xFB, 0xE2, 0xE3, 0xAE,
    0xF4, 0x55, 0xE5, 0xA0, 0x35, 0x0E, 0x20, 0x70, 0x94, 0xBF, 0x16, 0x61, 0x8E, 0xE4, 0x0B, 0x04,
    0x83, 0xC0, 0x49, 0x11, 0x08, 0x45, 0x4F, 0x11, 0x28, 0x95, 0xE9, 0x41, 0x8B, 0x74, 0x93, 0xE6,
    0x6D, 0xE0, 0x1F, 0x77, 0x95, 0xF8, 0x60, 0x33, 0xF6, 0x88, 0x3F, 0x4E, 0xC5, 0x3D, 0x9D, 0x36,
    0x50, 0xA5, 0x32, 0xFD, 0x6E, 0xD1, 0xD5, 0x68, 0x0A, 0xDA, 0xDC, 0x87, 0x48, 0xCB, 0x2B, 0x1E,
    0x12, 0x33, 0x5E, 0x98, 0x45, 0xC4, 0x41, 0xEC, 0xE3, 0x95, 0xF4, 0x10, 0x84, 0x5A, 0xA4, 0x57,
    0x37, 0x21, 0x74, 0x06, 0xF7, 0x66, 0x8A, 0xF7, 0x2F, 0xB9, 0x38, 0x3C, 0xE5, 0x03, 0x73, 0x21,
    0xB0, 0xFC, 0x1E, 0xF0, 0xD1, 0xDD, 0x75, 0xF7, 0x83, 0x4D, 0x25, 0x88, 0x3F, 0x6E, 0x7D, 0x23,
    0x16, 0xDA, 0x33, 0x6E, 0x8A, 0xD8, 0x49, 0xBD, 0x2C, 0xCA, 0x72, 0xD5, 0xE7, 0xCA, 0x4D, 0x30,
    0x84, 0x0C, 0x57, 0x2B, 0x5B, 0xEE, 0x61, 0x11, 0xAF, 0xA9, 0x9D, 0xCF, 0xD8, 0x69, 0xC5, 0xAE,
    0xD8, 0xB3, 0x13, 0x3D, 0x13, 0x93, 0x36, 0x72, 0x0F, 0xB5, 0xAD, 0x73, 0x24, 0x18, 0xFD, 0x1F,
    0x16, 0x18, 0x27, 0x34, 0x09, 0x49, 0x18, 0x89, 0x70, 0x32, 0xA9, 0x29, 0xB0, 0x6F, 0xC8, 0xC4,
    0xEF, 0x22, 0xEA, 0x46, 0x39, 0xB6, 0x8F, 0x49, 0x3B, 0x59, 0x0A, 0x5C, 0x23, 0x38, 0xEA, 0x05,
    0xB3, 0x5F, 0xDF, 0x61, 0x25, 0x2D, 0x83, 0x23, 0xEE, 0x0B, 0x66, 0xEF, 0x58, 0xBD, 0xD8, 0x27,
    0x69, 0xB9, 0x94, 0xF0, 0x62, 0xD9, 0x8F, 0x59, 0xAF, 0x08, 0xC3, 0x98, 0x0A, 0x3A, 0x4B, 0x8A,
    0xC9, 0xC9, 0x17, 0xCB, 0xDE, 0xB5, 0x39, 0xCF, 0x3B, 0xB6, 0x33, 0x39, 0xFA, 0x05, 0x2B, 0x67,
    0x63, 0xE3, 0xF7, 0x94, 0xFC, 0x8B, 0x35, 0x9B, 0x79, 0x0F, 0x02, 0xB7, 0xB3, 0x03, 0x70, 0x3E,
    0x64, 0xE0, 0x89, 0x37, 0xB2, 0x19, 0xF8, 0xF2, 0x0E, 0xE3, 0x74, 0x93, 0x41, 0xBA, 0xB4, 0x99,
    0x9D, 0xC1, 0xB2, 0xCC, 0x4A, 0xD0, 0x32, 0x73, 0xDC, 0x4C, 0x66, 0x13, 0x1E, 0x93, 0x77, 0x39,
    0xEA, 0x25, 0x79, 0x7F, 0xC4, 0xE9, 0x1B, 0xC3, 0x18, 0xC3, 0xB7, 0x32, 0x8F, 0x99, 0x52, 0xA6,
    0x68, 0x44, 0x14, 0x20, 0xA2, 0x56, 0xAC, 0x48, 0x1D, 0x42, 0x62, 0x35, 0xA4, 0x8A, 0x44, 0x3E,
    0x43, 0x69, 0xB4, 0xE8, 0xB9, 0x19, 0x25, 0x54, 0xE0, 0xA5, 0x70, 0x5B, 0xC9, 0xD0, 0xA5, 0x53,
    0x63, 0x2A, 0x2B, 0x52, 0xA2, 0xCB, 0xE4, 0xCA, 0x9F, 0xDD, 0x02, 0x0E, 0xE0, 0xDC, 0xC6, 0xB5,
    0xE0, 0x8B, 0x35, 0xA9, 0x0F, 0x4A, 0x7D, 0x80, 0xB4, 0x52, 0xCF, 0xC8, 0xFB, 0xDA, 0x0E, 0x7D,
    0xA6, 0x78, 0xE4, 0x98, 0x90, 0x7A, 0x6A, 0x5B, 0x14, 0x52, 0xFA, 0x19, 0x53, 0x06, 0x5E, 0x7D,
    0x4E, 0xC2, 0x23, 0x56, 0x5A, 0xF7, 0x41, 0xEA, 0x62, 0xFD, 0xF9, 0x08, 0xE3, 0x58, 0xFC, 0x4B,
    0x7B, 0xF7, 0x8C, 0x7B, 0x21, 0x7D, 0x2E, 0xC2, 0x15, 0x66, 0xCD, 0x80, 0xF1, 0x74, 0xEE, 0x4A,
    0xD0, 0x65, 0x25, 0x7C, 0xC2, 0xD9, 0xB1, 0x68, 0x8B, 0xE8, 0x0B, 0x3D, 0x81, 0xA7, 0x63, 0xB9,
    0xB1, 0xD4, 0x4B, 0xBD, 0x33, 0x07, 0x9E, 0x8E, 0x55, 0x2A, 0xB5, 0xAE, 0x0F, 0xDA, 0x95, 0xCA,
    0xD3, 0xB1, 0x7E, 0xB4, 0xF9, 0x6F, 0x04, 0xF7, 0x3B, 0x6A, 0xF4, 0x46, 0xF4, 0xA4, 0x76, 0xFB,
    0x52, 0x3B, 0x83, 0xF0, 0x3E, 0x86, 0xE1, 0x10, 0x43, 0xFE, 0xC6, 0x80, 0xCF, 0x7C, 0xE7, 0xF2,
    0x9B, 0x30, 0xD2, 0x04, 0x69, 0x92, 0x0F, 0xBF, 0x32, 0xDE, 0xDA, 0xCA, 0xF9, 0x43, 0x1C, 0x1A,
    0x9C, 0x87, 0xDF, 0x67, 0xE6, 0xE4, 0x47, 0x3B, 0xA5, 0x73, 0x98, 0x88, 0xF4, 0x1C, 0x26, 0x65,
    0x8F, 0x93, 0x18, 0x54, 0x58, 0x71, 0xF2, 0x77, 0x39, 0x25, 0x3D, 0xA6, 0xD8, 0xC0, 0x4E, 0x9E,
    0x9D, 0xDC, 0x3E, 0xF3, 0x9C, 0xAD, 0x2F, 0xB6, 0x74, 0xA1, 0x82, 0xA2, 0xD0, 0xC0, 0x8F, 0x47,
    0x99, 0x28, 0xEC, 0x31, 0x46, 0x12, 0xE5, 0xD3, 0x1B, 0x03, 0x25, 0xBA, 0x51, 0x2C, 0xFA, 0x11,
    0x49, 0x12, 0x38, 0x83, 0x0E, 0x21, 0x89, 0x9D, 0x7E, 0xA4, 0x08, 0x29, 0x45, 0xCD, 0x84, 0xF1,
    0xBA, 0x74, 0xCE, 0x0E, 0x45, 0x75, 0x62, 0x8C, 0x98, 0x5D, 0x1F, 0x45, 0x95, 0xC0, 0xFE, 0x78,
    0x59, 0x59, 0x18, 0x60, 0x08, 0x29, 0xE8, 0xCC, 0xD7, 0xF6, 0x29, 0x97, 0x33, 0x52, 0x5E, 0xD4,
    0x1B, 0xE9, 0x6F, 0x3F, 0xBC, 0x6C, 0x7E, 0xAA, 0x2F, 0x11, 0x18, 0x88, 0x95, 0xCA, 0xBE, 0x78,
    0x51, 0x94, 0x15, 0x4F, 0x1D, 0x0F, 0xE0, 0xB7, 0x20, 0x0C, 0x44, 0x17, 0xF2, 0x38, 0xAA, 0x7E,
    0x3C, 0xCF, 0x88, 0x0B, 0x7B, 0x07, 0xC9, 0xB6, 0x45, 0xB6, 0xDD, 0x40, 0x79, 0x64, 0x1B, 0x90,
    0x2D, 0xBB, 0x13, 0xE7, 0xF3, 0x41, 0xC7, 0xFB, 0xCB, 0x20, 0x39, 0x4B, 0x96, 0x7D, 0x82, 0x19,
    0xB1, 0x8D, 0xC8, 0x76, 0x95, 0x6C, 0x4B, 0x56, 0xC4, 0xCA, 0x76, 0x75, 0xF1, 0x6D, 0x61, 0x51,
    0xEC, 0x0D, 0x27, 0xFE, 0x48, 0x3C, 0xBB, 0xB0, 0xFE, 0x0A, 0x60, 0xFE, 0x21, 0x68, 0x87, 0xD9,
    0x4C, 0x28, 0x91, 0x33, 0xBF, 0x74, 0xA8, 0xAA, 0x71, 0xAB, 0xBA, 0x97, 0xB7, 0xFD, 0xC3, 0xD8,
    0x90, 0xD8, 0x27, 0x2F, 0xCA, 0xE3, 0xD9, 0xC6, 0x88, 0x2E, 0xF2, 0xEA, 0xC4, 0xFE, 0x78, 0x59,
    0x33, 0x44, 0xD1, 0x08, 0xCA, 0xE5, 0x7D, 0xCA, 0xC5, 0x5E, 0xD9, 0x76, 0xDF, 0x82, 0x99, 0x72,
    0x62, 0xA7, 0x97, 0x96, 0x34, 0xA8, 0x4F, 0x71, 0x0F, 0xB2, 0x28, 0x50, 0xA1, 0x83, 0xF9, 0xA2,
    0x97, 0xB6, 0xE9, 0xB6, 0xE8, 0x9F, 0x77, 0xC3, 0xAE, 0x5E, 0xFA, 0xDC, 0x15, 0x04, 0x34, 0xE3,
    0x27, 0x4A, 0x3E, 0x60, 0x24, 0x33, 0xA8, 0x3B, 0x3B, 0xA3, 0x2D, 0x75, 0x5F, 0x3E, 0xD0, 0xF2,
    0x8E, 0x4D, 0x5A, 0x9D, 0x51, 0x8E, 0x0F, 0x95, 0x73, 0x87, 0x0D, 0xE3, 0x96, 0x54, 0xCB, 0x52,
    0x35, 0x03, 0x95, 0x26, 0x97, 0x54, 0x72, 0x59, 0x05, 0x97, 0xB3, 0xE0, 0x52, 0x37, 0xF8, 0xE5,
    0x20, 0x50, 0xF5, 0x40, 0x4D, 0x07, 0x97, 0x8F, 0x25, 0x77, 0xBB, 0x74, 0x18, 0xBF, 0x30, 0x29,
    0x3B, 0x21, 0x64, 0xD6, 0x8F, 0x19, 0xC7, 0xE5, 0x36, 0xAA, 0x4B, 0x28, 0xD1, 0x1D, 0x87, 0x08,
    0xDA, 0xA8, 0xD5, 0x51, 0xEF, 0x20, 0xDA, 0x4C, 0xC7, 0xD8, 0xE2, 0x94, 0x8B, 0xEE, 0x71, 0xAB,
    0x40, 0x8E, 0xF7, 0x42, 0x4E, 0xE1, 0xD2, 0x01, 0xB7, 0x30, 0x75, 0xCC, 0x6A, 0x76, 0x0F, 0x64,
    0x3A, 0xEF, 0xF7, 0xE1, 0x0F, 0x30, 0x7D, 0xA5, 0x28, 0x0F, 0x7B, 0x21, 0x47, 0xA1, 0xB5, 0xD2,
    0xF4, 0xF4, 0x33, 0x21, 0x33, 0x08, 0xFC, 0x39, 0x3B, 0x84, 0x79, 0x26, 0x7C, 0x76, 0xEE, 0x03,
    0x94, 0x3B, 0x32, 0xAE, 0x2E, 0x49, 0x55, 0x8A, 0xFE, 0x07, 0xBB, 0x27, 0x09, 0x18, 0x5F, 0xB5,
    0xC4, 0x8D, 0xEB, 0x9D, 0x1C, 0xD1, 0xED, 0x3E, 0xC6, 0x19, 0x15, 0x82, 0xF2, 0x86, 0xA8, 0x3A,
    0x58, 0x2B, 0x7A, 0x6B, 0x8E, 0xC4, 0x65, 0xDF, 0x0C, 0xD9, 0x03, 0x1B, 0x4E, 0xA1, 0x8B, 0x64,
    0xB3, 0x8C, 0x49, 0x0D, 0x2F, 0xB6, 0xC9, 0x90, 0x25, 0x94, 0xFD, 0xA1, 0xED, 0xA1, 0x4B, 0xF0,
    0xFA, 0x98, 0x96, 0xA8, 0xBD, 0xCD, 0x5E, 0xFB, 0x71, 0xDA, 0xBE, 0x55, 0xAD, 0x2D, 0x8D, 0xB5,
    0xC2, 0x89, 0x1A, 0xF6, 0x71, 0x0F, 0xE4, 0x06, 0x37, 0x78, 0xB6, 0xCF, 0xF0, 0x0F, 0x61, 0xCC,
    0xD9, 0x0B, 0x99, 0x2E, 0x12, 0xB0, 0x0F, 0x8A, 0xA7, 0x8A, 0x3D, 0xCD, 0xD3, 0x91, 0x57, 0xF8,
    0x67, 0x65, 0xBB, 0x95, 0x89, 0xFD, 0x34, 0x51, 0xC1, 0xAE, 0x33, 0xB1, 0x4D, 0x8E, 0x76, 0x35,
    0x3B, 0x16, 0x8C, 0x3D, 0xF1, 0xEB, 0x24, 0x64, 0x1C, 0xA5, 0xCB, 0x59, 0x7C, 0xEA, 0x89, 0xB4,
    0xB0, 0x7B, 0xDD, 0x6A, 0x15, 0x25, 0xD7, 0x04, 0xDA, 0xDB, 0x75, 0xB2, 0xA8, 0x60, 0x9A, 0xBF,
    0xFC, 0x5F, 0xBA, 0x34, 0x63, 0x20, 0xF6, 0xDF, 0x48, 0x21, 0x33, 0xEE, 0x42, 0x82, 0x93, 0x26,
    0x12, 0xA6, 0x2E, 0xCC, 0x75, 0x61, 0xDA, 0xC2, 0x24, 0x42, 0x47, 0xDF, 0x4B, 0x7D, 0x9A, 0xE5,
    0x54, 0x61, 0xB4, 0xD3, 0x99, 0x93, 0x2B, 0xB1, 0x51, 0xB4, 0x39, 0xBF, 0xCD, 0xA2, 0xDC, 0x04,
    0x17, 0x4D, 0x70, 0xA1, 0xBB, 0x7B, 0x24, 0xB7, 0x6C, 0xB5, 0xE3, 0x3E, 0xC0, 0x46, 0xA5, 0x29,
    0x36, 0xD9, 0x25, 0x88, 0x21, 0xA4, 0x4C, 0x97, 0x3C, 0x5D, 0x2F, 0xD8, 0x6E, 0x73, 0x66, 0x13,
    0x96, 0x17, 0x9C, 0x19, 0x20, 0x41, 0xE1, 0xF5, 0xF3, 0x56, 0x21, 0x7B, 0x20, 0x13, 0x87, 0xA6,
    0xFF, 0x0C, 0xE2, 0x24, 0x1C, 0x67, 0x2F, 0x64, 0x1E, 0xBF, 0x66, 0xD2, 0xC0, 0x54, 0xE1, 0xF2,
    0x7B, 0x22, 0xCB, 0xCB, 0x4A, 0x7E, 0x98, 0xFA, 0x27, 0xE3, 0x67, 0x41, 0xC6, 0x52, 0x91, 0xAE,
    0x8F, 0x63, 0x76, 0xE3, 0x6A, 0xC4, 0x3D, 0xFA, 0xD8, 0xCE, 0x9B, 0x23, 0xA3, 0xB5, 0x96, 0x25,
    0x3B, 0x11, 0x5F, 0xD7, 0x03, 0xD3, 0xFE, 0xB3, 0xE9, 0xDC, 0x34, 0xC9, 0xEB, 0x96, 0xBC, 0x53,
    0x90, 0xB3, 0xD9, 0xA3, 0x3B, 0xD9, 0xFD, 0x62, 0xC5, 0x56, 0xF3, 0xB3, 0x6F, 0x99, 0xE8, 0xA4,
    0x09, 0x5F, 0x7F, 0x6C, 0x04, 0x77, 0x7B, 0xF2, 0xCB, 0x9E, 0xF3, 0x5D, 0x3A, 0x90, 0xA2, 0x9D,
    0xAD, 0xBB, 0x2E, 0x5A, 0x65, 0xEE, 0x81, 0x4C, 0x86, 0x6B, 0x36, 0xE6, 0xDC, 0x1B, 0xB6, 0x7C,
    0xEE, 0x81, 0x4C, 0xDD, 0xFF, 0x35, 0x95, 0xB7, 0x32, 0x71, 0xD1, 0xD6, 0x9C, 0xBD, 0xC4, 0x88,
    0x1F, 0x89, 0x31, 0x83, 0xCE, 0x2D, 0x13, 0x5D, 0x4C, 0x83, 0x1B, 0x4A, 0xDE, 0x80, 0xF7, 0x89,
    0x0D, 0x0D, 0x06, 0x3D, 0xBA, 0x85, 0xD1, 0x75, 0x91, 0x99, 0x52, 0xBC, 0x17, 0x23, 0x2F, 0xC4,
    0x61, 0x09, 0x62, 0xE3, 0xCB, 0x3E, 0x38, 0x7C, 0x38, 0xDE, 0xCE, 0xC2, 0xDC, 0x84, 0x17, 0xFA,
    0x61, 0xFC, 0x70, 0xF4, 0xC2, 0x0B, 0x26, 0xCC, 0xD3, 0xF0, 0xCD, 0x47, 0x68, 0xCC, 0xD1, 0x3F,
    0x5C, 0x2F, 0xE4, 0xFC, 0x5B, 0x2A, 0x6F, 0x67, 0xDE, 0x25, 0x2B, 0xE7, 0x73, 0x2D, 0xFD, 0x7F,
    0xAD, 0x59, 0x4D, 0x6C, 0x15, 0xD7, 0x15, 0x3E, 0x33, 0xF3, 0xF0, 0x80, 0x07, 0xFB, 0x7A, 0xE9,
    0x96, 0x9F, 0xF1, 0x82, 0x05, 0x8A, 0x9C, 0x0C, 0x0B, 0x2F, 0xAC, 0xC6, 0xF6, 0x1D, 0x4A, 0xA5,
    0x4A, 0x45, 0x6D, 0xAD, 0x4A, 0x51, 0x55, 0xA5, 0x55, 0xA8, 0xD4, 0x05, 0x4A, 0xD2, 0xC0, 0x82,
    0x05, 0x42, 0xC6, 0x33, 0x94, 0x45, 0xA4, 0xA4, 0xAA, 0x2C, 0x75, 0xD1, 0x45, 0x17, 0x78, 0xD1,
    0x05, 0x7A, 0xA0, 0xE0, 0x05, 0x0B, 0xD4, 0x80, 0xE7, 0xA6, 0x48, 0xCD, 0xA2, 0x52, 0x35, 0x89,
    0x54, 0x65, 0x81, 0xAA, 0xDE, 0x02, 0x6A, 0x15, 0xB2, 0xE0, 0xB6, 0x9D, 0x36, 0xC6, 0xCC, 0x7B,
    0xD3, 0xEF, 0xDC, 0x79, 0xFE, 0x03, 0xFC, 0x1E, 0xCE, 0xC3, 0xEF, 0xDE, 0xA3, 0xF1, 0xBC, 0x37,
    0xE7, 0x9C, 0x7B, 0xEE, 0x39, 0xDF, 0x39, 0xE7, 0x0E, 0x05, 0x15, 0x11, 0x45, 0x4C, 0xEA, 0xBF,
    0x33, 0x98, 0xDE, 0x0A, 0x93, 0x12, 0x64, 0xB0, 0x05, 0x32, 0xB4, 0x0C, 0xB2, 0x3F, 0x01, 0x99,
    0x94, 0x20, 0x13, 0x51, 0x4A, 0x94, 0x55, 0x8A, 0x48, 0x87, 0x8A, 0x9C, 0x5C, 0x68, 0xF2, 0x54,
    0x60, 0xC8, 0x57, 0x41, 0x41, 0xB2, 0x90, 0x1D, 0x5E, 0xE0, 0x19, 0xB5, 0xF9, 0xC2, 0x2D, 0xE9,
    0xC0, 0x32, 0x4D, 0xCD, 0xD0, 0xC8, 0x0C, 0x51, 0x9B, 0xC2, 0x65, 0x9A, 0x9E, 0xA7, 0xF9, 0x8C,
    0xE4, 0x35, 0xD5, 0xD8, 0x45, 0xD4, 0x70, 0x58, 0x44, 0x00, 0x22, 0x58, 0x98, 0x5B, 0xBC, 0x50,
    0x2D, 0xF6, 0x0E, 0x91, 0xB8, 0x4A, 0x3E, 0x58, 0xC5, 0xBD, 0x14, 0x79, 0xA1, 0xEB, 0x5F, 0x62,
    0x0E, 0xF8, 0x09, 0x05, 0x29, 0xAF, 0xEC, 0xA3, 0xB5, 0xE5, 0x81, 0x75, 0x37, 0x35, 0x04, 0xD1,
    0x38, 0xD1, 0x14, 0xD1, 0x1C, 0x91, 0xCC, 0x89, 0x25, 0x7D, 0x0D, 0x4F, 0xCD, 0x63, 0x1A, 0xD8,
    0x26, 0x26, 0xDA, 0xD7, 0x8E, 0xA9, 0xFD, 0x7A, 0xEE, 0x1B, 0xD2, 0x42, 0xD1, 0xA2, 0xC4, 0x2F,
    0x24, 0x6E, 0xB3, 0x76, 0x19, 0x66, 0x82, 0x6B, 0x7B, 0x4F, 0xD1, 0x18, 0x14, 0xD3, 0xDE, 0x8A,
    0x9B, 0x43, 0xD9, 0x94, 0x9C, 0x59, 0xA2, 0x03, 0x44, 0xD3, 0x44, 0x67, 0xA1, 0x38, 0x9B, 0xC3,
    0x6B, 0xD1, 0xC1, 0x88, 0xA6, 0x1C, 0x96, 0x75, 0xD3, 0x8E, 0xC4, 0x25, 0x68, 0x2F, 0xAC, 0xB1,
    0x88, 0xC0, 0x05, 0x52, 0x28, 0xBC, 0x45, 0x74, 0x68, 0xA0, 0x3F, 0xC1, 0x39, 0x39, 0x86, 0x97,
    0x1E, 0xEC, 0xA5, 0x46, 0xA3, 0x97, 0x60, 0x67, 0xA1, 0x16, 0xCC, 0x93, 0xAF, 0xFB, 0x11, 0xBC,
    0x48, 0x5E, 0x61, 0xB7, 0x53, 0xF3, 0xA6, 0xF4, 0x10, 0x7C, 0x68, 0x10, 0xAB, 0xC5, 0xAE, 0x7B,
    0xA6, 0x5E, 0x7D, 0x1F, 0x82, 0xF7, 0xEC, 0x21, 0xFF, 0x6D, 0x96, 0xCD, 0xDB, 0xD6, 0xD3, 0xD4,
    0x27, 0x46, 0xC1, 0x05, 0x97, 0x41, 0x8E, 0x15, 0xC7, 0xF4, 0xE6, 0xB5, 0xFB, 0x14, 0xAE, 0x66,
    0xA9, 0xD0, 0xFC, 0xF1, 0x56, 0x84, 0x76, 0x4B, 0xA1, 0x9D, 0x16, 0x84, 0xB4, 0x3B, 0x13, 0xD7,
    0x0E, 0xEE, 0xB9, 0xF8, 0xCE, 0x33, 0xC2, 0x84, 0x2A, 0xA9, 0xDA, 0x1D, 0x07, 0xFE, 0xA9, 0xA2,
    0xE0, 0x3F, 0x8A, 0x3C, 0x3B, 0x53, 0x4C, 0xBB, 0x20, 0xB7, 0x32, 0x14, 0x1E, 0x37, 0x24, 0x71,
    0x3D, 0x8F, 0xB9, 0xDC, 0x99, 0x09, 0xA6, 0x7C, 0xBF, 0x20, 0xF1, 0x18, 0xF2, 0x8F, 0xD2, 0xB6,
    0xB2, 0xA3, 0x55, 0x6A, 0x23, 0x9C, 0x7B, 0xC8, 0x3E, 0x41, 0x88, 0x03, 0x70, 0xFC, 0x61, 0x41,
    0x55, 0x89, 0x0B, 0xE7, 0x43, 0x23, 0x2E, 0x19, 0xC8, 0x84, 0xC8, 0x65, 0x3B, 0x20, 0x0F, 0xE2,
    0x58, 0xDA, 0x51, 0xE8, 0x94, 0x7B, 0x15, 0x6F, 0xCC, 0xB9, 0xE6, 0x8D, 0xF0, 0xBF, 0x73, 0x42,
    0xEF, 0x15, 0x7A, 0x37, 0x04, 0x08, 0x3D, 0x26, 0x56, 0x35, 0x0F, 0x7D, 0xC2, 0xFE, 0x8B, 0x31,
    0x20, 0xF4, 0x70, 0x52, 0x71, 0x48, 0x8A, 0x8A, 0x42, 0x2B, 0xCF, 0x2F, 0xE9, 0xA0, 0xA0, 0xE9,
    0x37, 0x28, 0xA9, 0xB6, 0x1A, 0xB5, 0x64, 0xA3, 0x02, 0x55, 0xBC, 0x0B, 0xCA, 0x41, 0x98, 0xCE,
    0xEF, 0x8C, 0xFF, 0x9E, 0x01, 0x0A, 0x3E, 0xB0, 0xD1, 0x1F, 0xF7, 0x10, 0x41, 0x87, 0xAD, 0x23,
    0x64, 0x7C, 0xB1, 0x23, 0x11, 0x70, 0x4B, 0x77, 0x65, 0xC3, 0x2D, 0xBB, 0x4B, 0xD9, 0x01, 0x67,
    0x27, 0x27, 0x3F, 0x25, 0x60, 0x48, 0xF8, 0x2D, 0x7E, 0x98, 0x03, 0xA8, 0xC3, 0x7C, 0x06, 0xCC,
    0xDB, 0x6B, 0xCC, 0x7F, 0x4B, 0xB2, 0x6D, 0x99, 0x5F, 0x67, 0x05, 0xE0, 0xB4, 0xDE, 0x27, 0xE4,
    0x01, 0xB5, 0x4A, 0x00, 0xCC, 0x02, 0x5B, 0x0C, 0x1E, 0xDE, 0xD8, 0xD9, 0x8A, 0x06, 0xF7, 0x90,
    0xF7, 0x36, 0x2F, 0xAA, 0xF6, 0xF7, 0x1E, 0x76, 0xE3, 0xE0, 0xE2, 0xD8, 0x10, 0x6B, 0xD0, 0xB2,
    0x4A, 0x4E, 0xFB, 0x0D, 0xE5, 0x1B, 0x37, 0x07, 0xA2, 0xE6, 0x5B, 0x03, 0xED, 0xB5, 0xD9, 0x84,
    0x32, 0x23, 0x63, 0xA1, 0xA4, 0x12, 0x4A, 0xE4, 0x42, 0xF9, 0x05, 0x7E, 0x95, 0xB5, 0x6D, 0xAC,
    0xC0, 0x94, 0x54, 0xF0, 0x6E, 0xF9, 0x43, 0x9C, 0x49, 0xFC, 0xF6, 0xEF, 0xA2, 0xB0, 0x98, 0x16,
    0xE9, 0x79, 0x91, 0xCE, 0x88, 0x38, 0x0A, 0x39, 0xC4, 0x00, 0xA7, 0xB2, 0x4A, 0xA3, 0xCA, 0xBC,
    0x7C, 0xCD, 0x2C, 0xB9, 0xC6, 0x78, 0xEA, 0x56, 0x10, 0x47, 0x2B, 0xB5, 0xCB, 0xC2, 0x4F, 0x0E,
    0x0C, 0x93, 0xD5, 0xCC, 0xD5, 0x7D, 0xA9, 0xB2, 0xE1, 0x38, 0xB3, 0x3B, 0xD7, 0x83, 0x81, 0x8E,
    0x4D, 0xC2, 0xD3, 0x82, 0x5E, 0x5F, 0x26, 0xC1, 0x46, 0xF0, 0x5E, 0x2C, 0x59, 0xEF, 0xDA, 0xA9,
    0x2A, 0xFD, 0x88, 0xF6, 0xF3, 0x1A, 0xB7, 0xD9, 0x0D, 0xD8, 0xB9, 0xBD, 0xB4, 0xB6, 0xF2, 0x21,
    0x72, 0x38, 0x4B, 0x5A, 0x24, 0x2A, 0xBE, 0x92, 0x81, 0xD8, 0x67, 0x6A, 0xD6, 0xE1, 0x4D, 0xAA,
    0xDD, 0xE6, 0xDC, 0xE5, 0xAF, 0x5F, 0xA1, 0xC8, 0xF8, 0x2D, 0x12, 0x39, 0x82, 0x49, 0xE4, 0xEE,
    0x16, 0xF2, 0xE0, 0x0A, 0x48, 0x55, 0x3D, 0xFD, 0x85, 0x25, 0x1A, 0x1B, 0x95, 0x94, 0xE1, 0x46,
    0xE1, 0x83, 0xFC, 0x8D, 0xA2, 0x05, 0x02, 0xCE, 0x9E, 0xC4, 0x3F, 0xD8, 0x82, 0x10, 0x6B, 0x11,
    0x79, 0x8D, 0xCA, 0xEB, 0xF3, 0x33, 0x43, 0x01, 0x3C, 0x3E, 0xD0, 0x98, 0xF9, 0x13, 0x13, 0xF7,
    0xC2, 0xFF, 0xD5, 0x0C, 0x9F, 0x50, 0xED, 0xD4, 0xEA, 0x95, 0x36, 0x62, 0x01, 0x38, 0xB9, 0x73,
    0xD5, 0x90, 0xF4, 0x93, 0x94, 0x2B, 0x81, 0xE4, 0x01, 0x9B, 0x39, 0x4C, 0x29, 0x7C, 0x2F, 0x0D,
    0x33, 0x13, 0x7E, 0x66, 0xC2, 0x8B, 0x26, 0xFC, 0xC5, 0xFA, 0x28, 0x92, 0x3B, 0x16, 0x5C, 0x1A,
    0x61, 0x29, 0x0B, 0xE0, 0xC6, 0xE5, 0xB0, 0xA8, 0x51, 0xFC, 0xC9, 0x4F, 0x66, 0x7F, 0xE6, 0xFC,
    0x48, 0x94, 0xDF, 0x58, 0xA4, 0x11, 0xD7, 0x84, 0xDA, 0xDF, 0xF4, 0x09, 0x61, 0xEF, 0xA8, 0xE4,
    0xDF, 0x74, 0xE7, 0x20, 0x5B, 0xB2, 0x7C, 0xF6, 0xD3, 0x23, 0x8D, 0x89, 0x71, 0x59, 0x04, 0x79,
    0xF7, 0xE7, 0x17, 0x4E, 0xFC, 0x5E, 0x4B, 0xE5, 0xC4, 0x81, 0x4A, 0xD2, 0x70, 0xD3, 0x27, 0xD1,
    0xDD, 0x25, 0x3B, 0x79, 0x10, 0x0B, 0x8A, 0xB0, 0xCA, 0x40, 0x0F, 0xC2, 0x2E, 0x91, 0x42, 0xED,
    0xF8, 0x0C, 0x2E, 0x3E, 0xCA, 0x9D, 0x29, 0x9A, 0x1A, 0x91, 0x3A, 0x4C, 0x5D, 0x9B, 0xCF, 0xDC,
    0xB4, 0x87, 0x4D, 0xB6, 0xD1, 0xA5, 0x89, 0xA7, 0x22, 0x83, 0x5F, 0xE5, 0xCF, 0x3B, 0xB3, 0x12,
    0x05, 0x03, 0xD9, 0x89, 0x71, 0x90, 0x6C, 0xA2, 0x67, 0x98, 0xA4, 0x85, 0xE8, 0xA2, 0x89, 0x6E,
    0x17, 0x01, 0xC2, 0x21, 0xA6, 0xE0, 0xA3, 0x22, 0x79, 0xDF, 0xEE, 0xE2, 0xD6, 0x91, 0xDC, 0xB3,
    0x59, 0x94, 0x87, 0x8D, 0x1A, 0xD4, 0x90, 0xA8, 0xDB, 0x46, 0x39, 0xFE, 0xDC, 0xC7, 0xCA, 0xA5,
    0x05, 0xAF, 0x09, 0x9C, 0x8E, 0x3B, 0xC9, 0xA7, 0xCB, 0x58, 0xB6, 0xD8, 0x7B, 0x83, 0x6E, 0x18,
    0xCA, 0x94, 0xAD, 0x80, 0x62, 0x5F, 0x09, 0x3D, 0x7E, 0x7A, 0x64, 0x64, 0x40, 0x47, 0x79, 0xB0,
    0xF5, 0xC3, 0x01, 0xAD, 0x44, 0xFC, 0x0A, 0x1E, 0x38, 0x77, 0xF9, 0xA5, 0x26, 0x85, 0x46, 0xDC,
    0x87, 0x37, 0xF2, 0x12, 0xF4, 0x24, 0x13, 0x58, 0x43, 0xDC, 0x43, 0x1C, 0x8A, 0x87, 0x4C, 0x2A,
    0x8E, 0x8F, 0x2F, 0x18, 0xC6, 0xEF, 0x95, 0xFC, 0x6D, 0xC5, 0x04, 0xC5, 0x90, 0xD0, 0x21, 0xEA,
    0x8A, 0x32, 0x59, 0x0B, 0xAD, 0x80, 0x25, 0x73, 0x20, 0x31, 0x06, 0x80, 0xF0, 0xBF, 0x7E, 0x4C,
    0x1B, 0xDE, 0x1D, 0x33, 0xBE, 0x44, 0xEB, 0xE3, 0xDB, 0x65, 0x74, 0x4C, 0x45, 0xDF, 0xA5, 0xE8,
    0x2C, 0x45, 0x2D, 0x8A, 0x12, 0x8A, 0xBE, 0xAF, 0xA2, 0xE3, 0x3A, 0xFB, 0x1B, 0xD7, 0xCF, 0xBC,
    0x1E, 0xAC, 0x0A, 0x26, 0xDD, 0x5F, 0xD7, 0xEA, 0x16, 0xB1, 0xDE, 0x2D, 0x93, 0x8B, 0x79, 0xF4,
    0x2B, 0x8A, 0x6E, 0xDA, 0x47, 0xB2, 0xFA, 0x11, 0x93, 0xD4, 0x8F, 0x20, 0x4D, 0x53, 0x07, 0xDE,
    0x5D, 0x1B, 0x9B, 0x88, 0x6D, 0x56, 0x5B, 0xF7, 0x9A, 0x2E, 0xA6, 0x8F, 0x79, 0x90, 0x36, 0x4A,
    0x1C, 0x17, 0x8E, 0x70, 0x18, 0x6A, 0x27, 0xB1, 0x8C, 0xA3, 0x67, 0x7E, 0xB2, 0xBC, 0x4F, 0x19,
    0xD3, 0x54, 0xA3, 0x2D, 0x0C, 0x4F, 0xC3, 0xDC, 0x75, 0xAC, 0x99, 0xAA, 0xBB, 0xCC, 0x90, 0x42,
    0xE5, 0x29, 0x2F, 0x1D, 0xB6, 0x6B, 0x9C, 0x84, 0xFC, 0x1B, 0xE0, 0xBB, 0xD4, 0x99, 0x0B, 0xCF,
    0x2D, 0xDF, 0xFD, 0x5E, 0xF2, 0x8E, 0xFC, 0x49, 0xF4, 0xE3, 0xE8, 0xE4, 0x4E, 0xD6, 0xB6, 0x48,
    0xE2, 0xEF, 0x25, 0x89, 0xBB, 0x65, 0x47, 0xDE, 0x36, 0xBC, 0x9F, 0xDE, 0xEE, 0xE3, 0x71, 0x74,
    0x4A, 0xF1, 0xF8, 0xCE, 0xA6, 0x9B, 0xF0, 0xED, 0x9C, 0xB6, 0xDB, 0xAB, 0xBB, 0xB6, 0x08, 0xB4,
    0x58, 0x9D, 0x74, 0x5B, 0x47, 0x2A, 0xD3, 0xA8, 0x0E, 0xE4, 0x85, 0xD0, 0x44, 0x69, 0xF6, 0x44,
    0x60, 0xD7, 0xC6, 0x25, 0x6E, 0xE9, 0x88, 0xC3, 0xD3, 0x81, 0x53, 0x2F, 0xA7, 0xCE, 0x95, 0x18,
    0x8C, 0xCF, 0x53, 0x50, 0xA2, 0x13, 0xF3, 0x2B, 0x4B, 0xD4, 0x38, 0x0D, 0x48, 0x3D, 0x4E, 0x83,
    0x62, 0x05, 0xC4, 0x6B, 0x1D, 0xA6, 0x80, 0xAA, 0x93, 0x20, 0x09, 0xD0, 0x9A, 0x42, 0x26, 0x3E,
    0x13, 0x74, 0x76, 0x52, 0xB3, 0x87, 0x72, 0xFD, 0xC4, 0xB9, 0x2F, 0xB0, 0xD5, 0x18, 0x3A, 0xBA,
    0x11, 0xDA, 0x77, 0x29, 0x97, 0x55, 0x8D, 0xD8, 0xC5, 0xE6, 0x91, 0xDC, 0x61, 0x1F, 0x7D, 0xA1,
    0x72, 0xD9, 0x72, 0xB6, 0x87, 0xA1, 0x75, 0xE2, 0xAA, 0x8D, 0x3C, 0xD7, 0x5D, 0x13, 0x6E, 0x51,
    0x12, 0xEB, 0x7B, 0xC3, 0x6B, 0x9E, 0x37, 0x3A, 0xC0, 0xCE, 0xD8, 0x5E, 0x6F, 0xCE, 0x67, 0x5F,
    0xA8, 0xBE, 0xCE, 0x85, 0x94, 0xFE, 0x19, 0x73, 0x8B, 0x3B, 0xC5, 0xFF, 0x76, 0xD7, 0x6E, 0x0F,
    0xD5, 0x3D, 0x57, 0x84, 0xF5, 0xF8, 0x69, 0x8D, 0x23, 0xAF, 0xE0, 0xDE, 0xD8, 0x29, 0xB8, 0x55,
    0xC5, 0xA5, 0x2B, 0x80, 0x66, 0x3E, 0x78, 0x6A, 0x3A, 0xD5, 0x25, 0xAB, 0x7A, 0xB6, 0xE0, 0x72,
    0x5E, 0x86, 0x6C, 0xE8, 0x3D, 0x89, 0x54, 0x6E, 0x49, 0x0A, 0x22, 0x73, 0x10, 0x51, 0x80, 0xF8,
    0xE5, 0x04, 0x05, 0x4E, 0x05, 0x42, 0x19, 0x1A, 0x23, 0x8A, 0x98, 0x08, 0x26, 0x28, 0xCE, 0xA4,
    0xA1, 0xF5, 0x03, 0x0A, 0x3A, 0xB2, 0xD6, 0xE9, 0x47, 0xEC, 0x4E, 0xAC, 0x13, 0x10, 0x7E, 0x93,
    0x89, 0x6F, 0x3F, 0xB5, 0x88, 0x4F, 0x0B, 0x00, 0x88, 0x1D, 0x16, 0xD8, 0x5F, 0x8D, 0x39, 0xD8,
    0x01, 0x59, 0xC8, 0xA6, 0x9D, 0x53, 0x13, 0x54, 0x6E, 0x45, 0x92, 0x02, 0x8B, 0x91, 0xB6, 0xBC,
    0x42, 0xC6, 0x5E, 0x29, 0x61, 0xAF, 0x84, 0x9C, 0x56, 0x86, 0x99, 0xC4, 0x4E, 0x29, 0x53, 0x4C,
    0x85, 0xF6, 0x2B, 0xF7, 0x8C, 0x5F, 0x88, 0xF5, 0xE2, 0x4B, 0x54, 0x69, 0x50, 0x31, 0xAE, 0x7A,
    0x28, 0x33, 0x84, 0x9A, 0xF1, 0xF5, 0xA6, 0xAE, 0x4B, 0x4B, 0x5F, 0xF1, 0x51, 0xCF, 0x2C, 0xFB,
    0x22, 0x36, 0x76, 0x7F, 0xDD, 0xEA, 0xFA, 0xBA, 0x2F, 0x91, 0x9E, 0x47, 0xDE, 0x43, 0x72, 0x5B,
    0xCC, 0xB4, 0x87, 0x54, 0xE7, 0xD7, 0x68, 0x0B, 0x1E, 0x22, 0x3B, 0x60, 0xC1, 0x87, 0x4E, 0xF4,
    0x25, 0x95, 0xCE, 0x1A, 0xFA, 0x52, 0xD3, 0xBD, 0xD4, 0x7D, 0x8F, 0x9C, 0x46, 0x2F, 0xC1, 0xD1,
    0x6A, 0xF3, 0x2A, 0xB9, 0x8F, 0xB2, 0x47, 0x3F, 0x47, 0x95, 0x26, 0xCC, 0x20, 0x50, 0x12, 0xA5,
    0x2D, 0x30, 0x88, 0x8B, 0x49, 0x89, 0x92, 0x72, 0x0C, 0xFE, 0xEE, 0xAF, 0x2E, 0x21, 0x5F, 0x32,
    0x4D, 0x70, 0xFF, 0xC8, 0xDA, 0xB7, 0x8A, 0xA9, 0xC8, 0x7D, 0xE3, 0x11, 0x14, 0x30, 0x01, 0x9F,
    0xFB, 0x54, 0x60, 0xCB, 0x47, 0x0B, 0xF6, 0xCF, 0x6B, 0x0B, 0x23, 0x44, 0x39, 0x35, 0xE3, 0x3F,
    0x3A, 0x3F, 0xEF, 0x55, 0x65, 0xDD, 0x56, 0x17, 0x68, 0xAB, 0xCB, 0x3D, 0xD2, 0xAF, 0xCA, 0xA0,
    0x82, 0xC3, 0xCC, 0x42, 0x67, 0xB4, 0x66, 0x9C, 0xCC, 0x49, 0xD4, 0x6D, 0xE3, 0xB9, 0x6C, 0x01,
    0xB5, 0x22, 0x63, 0x25, 0x94, 0xD7, 0x19, 0xE6, 0x32, 0x26, 0xE3, 0xA7, 0xB1, 0x89, 0x55, 0xA0,
    0x02, 0x10, 0x77, 0x57, 0x3A, 0xDF, 0x27, 0xB1, 0xD0, 0xD1, 0xFD, 0xAC, 0x65, 0xCF, 0xEA, 0x7E,
    0x06, 0xBF, 0x04, 0xD6, 0x73, 0xB4, 0x1C, 0xE1, 0x6E, 0x6A, 0xDF, 0xA5, 0x18, 0x45, 0x73, 0xF8,
    0x47, 0x5B, 0x19, 0x6E, 0x1A, 0x89, 0x0D, 0xFE, 0xFE, 0x04, 0xA9, 0x3A, 0x71, 0x73, 0xE6, 0xE4,
    0xB4, 0xBD, 0x9E, 0xB5, 0x7B, 0x08, 0xC5, 0x22, 0xB1, 0x5B, 0xF0, 0x6F, 0xC0, 0x4E, 0xD0, 0xC1,
    0x62, 0x6C, 0x39, 0x17, 0x0C, 0x8C, 0xB6, 0xBB, 0xFB, 0x53, 0x8B, 0x9D, 0xEE, 0xCF, 0x36, 0xA3,
    0x5F, 0xAF, 0x81, 0xB5, 0x9B, 0x2A, 0xA8, 0x78, 0x58, 0x97, 0x69, 0x3E, 0x9B, 0x70, 0xDB, 0xB1,
    0xF8, 0x8D, 0x92, 0x8E, 0x92, 0xB6, 0xAB, 0x91, 0x05, 0x1F, 0x24, 0xF8, 0x55, 0xCA, 0xB9, 0x26,
    0xD4, 0x8B, 0xBE, 0x5E, 0xF2, 0xF3, 0xB9, 0x40, 0x45, 0x95, 0xDD, 0xDF, 0x49, 0x94, 0x41, 0xC6,
    0x55, 0x0E, 0x05, 0xC5, 0xD4, 0xF8, 0xF4, 0x6E, 0xA9, 0xC2, 0xC2, 0x2F, 0x17, 0x6F, 0x9E, 0x99,
    0x93, 0x66, 0x57, 0x8C, 0x86, 0x86, 0x5A, 0xF0, 0xFD, 0x74, 0x97, 0x93, 0xEE, 0x88, 0xAD, 0xAB,
    0xBC, 0x3C, 0x30, 0x7B, 0x27, 0x47, 0x1A, 0xCF, 0x62, 0xBB, 0x03, 0x56, 0xC6, 0x1E, 0xA9, 0x95,
    0xEC, 0x07, 0xFE, 0xF5, 0xBA, 0xCF, 0x7A, 0x9A, 0xA3, 0x9F, 0x72, 0xB9, 0x47, 0x7A, 0x58, 0x0D,
    0xD3, 0xA0, 0x93, 0x7A, 0x80, 0x07, 0xC4, 0xEA, 0xD8, 0xCE, 0x2C, 0x31, 0x3A, 0x3A, 0x7C, 0xC6,
    0xD7, 0xD8, 0xCD, 0xF8, 0x59, 0x2A, 0x03, 0x4D, 0x1A, 0x33, 0xCD, 0xE6, 0x8D, 0x99, 0x53, 0xFF,
    0x28, 0x96, 0x42, 0x75, 0x04, 0x9D, 0xE1, 0x18, 0xAD, 0x57, 0xBF, 0xDB, 0x4C, 0x74, 0x8C, 0x7C,
    0x40, 0x44, 0x5E, 0xED, 0x2C, 0x16, 0x3A, 0x39, 0x45, 0xBD, 0x9A, 0xDA, 0xEA, 0xC7, 0x49, 0x83,
    0x34, 0x69, 0x47, 0x9F, 0xAF, 0x65, 0x6B, 0x91, 0x8A, 0xBF, 0x04, 0xA5, 0x03, 0xD3, 0x09, 0x43,
    0x4B, 0x83, 0x68, 0x00, 0x68, 0x01, 0x41, 0xC4, 0x3B, 0x0C, 0x6E, 0x23, 0x6E, 0x1F, 0x1A, 0xD8,
    0x02, 0x15, 0xD0, 0x3E, 0x4C, 0x43, 0xCE, 0x2F, 0x9F, 0x25, 0x95, 0xB6, 0x5F, 0x21, 0x78, 0xB8,
    0x55, 0xAB, 0xD3, 0x28, 0x6E, 0xCF, 0x9F, 0x57, 0x23, 0xC1, 0x57, 0xA8, 0xE8, 0x73, 0xD9, 0xB2,
    0x35, 0xF6, 0x27, 0x41, 0xCB, 0x62, 0x22, 0x64, 0xB7, 0xB9, 0xDB, 0xB2, 0xA0, 0xDC, 0xBC, 0x3C,
    0x70, 0x55, 0x1A, 0x97, 0x81, 0x4E, 0x6F, 0x33, 0x73, 0x44, 0x23, 0x1A, 0x0C, 0x47, 0x05, 0x85,
    0x87, 0xDD, 0xE4, 0x22, 0x1F, 0x95, 0xCB, 0xAE, 0x3A, 0x2C, 0x5F, 0x53, 0x6E, 0x15, 0x7B, 0x4D,
    0xBE, 0x3C, 0xF5, 0xBA, 0x91, 0xC7, 0x4D, 0x74, 0x6C, 0xCB, 0x08, 0x1F, 0xAE, 0x88, 0x2F, 0x57,
    0x9C, 0xA3, 0x64, 0xCF, 0xCF, 0x3A, 0x07, 0xE4, 0xFD, 0x08, 0xF5, 0x2A, 0xC5, 0x3E, 0xD3, 0x53,
    0x1C, 0x27, 0x9C, 0xF1, 0x83, 0xEB, 0x67, 0x2C, 0x7D, 0x89, 0xFC, 0x66, 0xEA, 0x7E, 0x81, 0x4C,
    0xCF, 0x4C, 0x7B, 0x48, 0x45, 0x92, 0xA5, 0x61, 0x80, 0xA4, 0x98, 0xEC, 0x5B, 0x2A, 0xFF, 0x2D,
    0x93, 0xF3, 0x31, 0x0F, 0xBA, 0xF5, 0x1C, 0x06, 0xA6, 0x4F, 0x53, 0x80, 0x03, 0x92, 0xDD, 0x3B,
    0xA8, 0x9E, 0xC6, 0xFA, 0x93, 0x3D, 0x75, 0x9D, 0xE6, 0x0C, 0xFD, 0x5B, 0xD1, 0xED, 0xB8, 0xA7,
    0xE0, 0xAF, 0x26, 0x08, 0xDB, 0xB2, 0x4B, 0xD7, 0xAF, 0x2B, 0xF8, 0x6D, 0x85, 0xB8, 0x50, 0xBF,
    0xAB, 0xF0, 0x8A, 0x5E, 0x2B, 0x3D, 0x66, 0xE1, 0x5D, 0xD8, 0x74, 0x84, 0x9E, 0xCF, 0x1E, 0x5F,
    0xDB, 0x03, 0x9F, 0xC0, 0x62, 0x6F, 0x64, 0xFD, 0x7F, 0x0C, 0x35, 0x5B, 0xF3, 0x83, 0xE6, 0x5B,
    0x6F, 0x2A, 0x79, 0xAF, 0xFD, 0xB2, 0x60, 0x48, 0x3F, 0x3C, 0x84, 0x5F, 0x64, 0x47, 0xF6, 0x93,
    0xB7, 0x22, 0xF5, 0x04, 0xB2, 0x7E, 0xA4, 0x90, 0xCA, 0x5A, 0x22, 0x5F, 0x44, 0xD0, 0x08, 0x03,
    0x3D, 0x12, 0xF1, 0x2F, 0x50, 0xF9, 0xE1, 0xE3, 0x98, 0x39, 0xB3, 0xAB, 0x0A, 0xDD, 0xB2, 0x67,
    0x34, 0x73, 0x16, 0xD3, 0x27, 0x37, 0xCA, 0x59, 0x55, 0x27, 0x56, 0x1F, 0x75, 0xD8, 0x10, 0x2A,
    0xED, 0x46, 0x83, 0xB2, 0x3F, 0x95, 0x2D, 0x79, 0xD1, 0x4C, 0x86, 0x17, 0x8B, 0xD3, 0xE2, 0xE3,
    0x72, 0x31, 0xF8, 0x6B, 0xA9, 0xBC, 0x32, 0x41, 0x25, 0x21, 0x63, 0xC7, 0x44, 0xA8, 0x88, 0x51,
    0xDA, 0xC6, 0x8D, 0xFA, 0x7D, 0x0A, 0xE7, 0xB7, 0x19, 0x98, 0x7A, 0x76, 0x14, 0xD6, 0x7B, 0x69,
    0x49, 0xC2, 0x46, 0x42, 0x07, 0x28, 0x0B, 0xF6, 0x02, 0x5D, 0x01, 0x32, 0x2D, 0x68, 0x96, 0xE4,
    0xF6, 0x94, 0xDF, 0xC2, 0xD4, 0xE6, 0x89, 0x7B, 0x4E, 0x55, 0xD4, 0x6A, 0x4C, 0xD8, 0xCA, 0xB9,
    0x4D, 0x2E, 0xBC, 0xC4, 0xA1, 0xEC, 0x8E, 0x91, 0x17, 0x55, 0x78, 0x3B, 0x15, 0xB7, 0xC9, 0x7F,
    0xC0, 0x38, 0x8D, 0x9A, 0x97, 0xEA, 0xD7, 0x01, 0x9A, 0x75, 0x06, 0xDA, 0xBD, 0x65, 0xFD, 0x98,
    0xD7, 0x33, 0x82, 0x08, 0xB9, 0x89, 0x72, 0xB8, 0xC4, 0x12, 0x27, 0x0F, 0xF7, 0xA7, 0x87, 0x3D,
    0x75, 0x33, 0x35, 0xAC, 0x8E, 0x62, 0x69, 0xCD, 0x26, 0x66, 0x45, 0x13, 0x50, 0x61, 0x91, 0x5F,
    0x83, 0x01, 0x41, 0x29, 0x02, 0x9F, 0x04, 0x1B, 0x05, 0xF1, 0x6E, 0xBB, 0x7E, 0xD3, 0x25, 0x0A,
    0x07, 0xC8, 0xEF, 0x81, 0x55, 0x88, 0x1A, 0xA7, 0xD3, 0x88, 0x1E, 0xB4, 0x68, 0x3C, 0x69, 0x0F,
    0x59, 0x63, 0x3E, 0x9A, 0x9B, 0xCE, 0xE8, 0x74, 0x9B, 0x7E, 0x50, 0xB2, 0x6F, 0x08, 0x1D, 0x87,
    0x7F, 0x50, 0xF2, 0xDD, 0x34, 0xAB, 0x3A, 0x67, 0x1B, 0x9D, 0xD7, 0x21, 0xA9, 0xBD, 0xEE, 0x4B,
    0xF0, 0xD6, 0xF3, 0xF1, 0xEE, 0x82, 0x9D, 0xF5, 0xD2, 0x22, 0xB6, 0xA5, 0x45, 0x3F, 0x82, 0x9F,
    0x38, 0xC6, 0xEE, 0xB1, 0xE2, 0x28, 0x75, 0x1E, 0x23, 0x2F, 0x2E, 0x0A, 0x74, 0x79, 0x75, 0xC9,
    0x61, 0x47, 0xF8, 0xD4, 0xA8, 0xBB, 0xCD, 0xFF, 0x03, 0xC5, 0x59, 0x31, 0x6C, 0xDD, 0xD6, 0x15,
    0xBD, 0x24, 0x25, 0x51, 0x16, 0xED, 0x3C, 0x0D, 0x19, 0xDC, 0xDA, 0x12, 0x35, 0x64, 0x10, 0x0A,
    0x5B, 0xCC, 0xE0, 0xC1, 0x05, 0xBE, 0x3E, 0x69, 0xAB, 0x40, 0x80, 0x1A, 0x6D, 0xBC, 0x74, 0x4A,
    0x0B, 0x7B, 0xC8, 0x50, 0xA4, 0x29, 0xA4, 0xC1, 0x83, 0x60, 0xC8, 0x22, 0x11, 0x15, 0xF0, 0x90,
    0xC5, 0x08, 0x0A, 0x74, 0x29, 0x10, 0x0D, 0x19, 0x5C, 0xA5, 0x85, 0x34, 0x38, 0xA8, 0x52, 0xC8,
    0x22, 0x93, 0x02, 0xCD, 0x50, 0xA0, 0x61, 0x5B, 0x14, 0x1D, 0x3C, 0x84, 0x49, 0x5C, 0x03, 0xAD,
    0x87, 0xBC, 0x14, 0x4C, 0xF3, 0xE3, 0xF0, 0x7F, 0xF6, 0x9C, 0xC7, 0x2F, 0x55, 0xB2, 0x13, 0xC9,
    0x86, 0x04, 0x54, 0xFF, 0xBD, 0xFB, 0xFF, 0xE7, 0x27, 0xDF, 0xBD, 0xEF, 0xBE, 0xFB, 0xCE, 0xBD,
    0xE7, 0x49, 0x44, 0x2C, 0xC1, 0x9F, 0x8A, 0x24, 0xE8, 0xF8, 0x89, 0xFD, 0x45, 0xFC, 0x6A, 0xE4,
    0x65, 0xAA, 0x27, 0x7E, 0xE2, 0x68, 0x09, 0x23, 0xA7, 0x92, 0x50, 0xEC, 0x4A, 0x62, 0xB1, 0xBA,
    0x92, 0x52, 0xC4, 0x91, 0x85, 0x6B, 0x09, 0x45, 0x66, 0x77, 0x44, 0xE5, 0xB8, 0xCF, 0x2D, 0x55,
    0x26, 0x92, 0xF6, 0x30, 0x90, 0x15, 0x71, 0xB8, 0xA7, 0x45, 0x16, 0x44, 0x4E, 0x3B, 0xBD, 0x1F,
    0x2A, 0xA5, 0xDB, 0x6E, 0xB1, 0xE8, 0xE8, 0x4D, 0xD3, 0x62, 0xA7, 0x08, 0x2F, 0x64, 0x5E, 0x2D,
    0x72, 0x91, 0xF7, 0xB9, 0xBC, 0x9B, 0xCF, 0x8A, 0x9B, 0xAD, 0xDC, 0x1C, 0x59, 0x95, 0x50, 0xDB,
    0x25, 0x2F, 0x14, 0xFB, 0x89, 0x5C, 0x72, 0x51, 0x85, 0x9D, 0x89, 0x57, 0x3A, 0x99, 0x38, 0x75,
    0x8A, 0x31, 0xD2, 0x0E, 0xC4, 0xA0, 0x31, 0x80, 0x7F, 0x1E, 0x3E, 0xA9, 0x44, 0xC4, 0x89, 0x66,
    0x5F, 0xE8, 0x49, 0x78, 0x41, 0x4B, 0x30, 0xF3, 0x68, 0xF7, 0x3F, 0xC1, 0x24, 0xBE, 0xEC, 0x88,
    0x75, 0xAE, 0x79, 0xCA, 0x4E, 0x2E, 0x37, 0x1F, 0xEA, 0xBC, 0x79, 0x0F, 0xFB, 0x03, 0x0E, 0x8B,
    0xBC, 0xB4, 0x7A, 0x57, 0xDA, 0x2B, 0x2B, 0xE2, 0x3F, 0x48, 0x93, 0xF6, 0x4A, 0x0D, 0x03, 0x54,
    0x31, 0x07, 0x17, 0xA9, 0xC2, 0xE9, 0x2C, 0xBB, 0x1D, 0x1A, 0x84, 0x2F, 0x1A, 0xEF, 0x70, 0x54,
    0x40, 0x03, 0xA5, 0x27, 0x71, 0xD2, 0xBC, 0x63, 0xCE, 0x78, 0xEF, 0xDA, 0x5D, 0xBE, 0x5B, 0x15,
    0x1E, 0xE3, 0xFD, 0x1D, 0x55, 0xDA, 0x7C, 0x5E, 0xFB, 0x85, 0x83, 0x47, 0xFD, 0x2C, 0xCC, 0x7C,
    0x89, 0xEB, 0x9E, 0xA4, 0x75, 0x6F, 0x6B, 0x22, 0x46, 0xEF, 0x91, 0x23, 0x46, 0xAD, 0xFB, 0xB2,
    0xD1, 0x4A, 0x2F, 0x41, 0xA9, 0xE8, 0x46, 0x67, 0x64, 0x54, 0x86, 0x75, 0x42, 0x4D, 0xD3, 0xA9,
    0x51, 0x38, 0xD7, 0x33, 0xFA, 0xCE, 0x57, 0x8D, 0x3A, 0xDD, 0x68, 0x2B, 0x22, 0xA3, 0xEC, 0xDD,
    0xC4, 0xE8, 0x7A, 0x2E, 0x69, 0x54, 0x6D, 0x6B, 0x12, 0x33, 0x79, 0x4F, 0x1F, 0x3D, 0x0A, 0xBF,
    0x69, 0x75, 0x96, 0x12, 0x8F, 0x42, 0xDA, 0x39, 0x25, 0x34, 0xD9, 0xB5, 0x8E, 0x6B, 0xF1, 0x2F,
    0xE8, 0xB7, 0x6B, 0x09, 0x1D, 0xFD, 0x61, 0x25, 0x58, 0xDD, 0x99, 0x52, 0xB0, 0xBA, 0x9E, 0xA6,
    0xC4, 0x02, 0xC5, 0x8E, 0x0E, 0x97, 0x24, 0x7C, 0xB5, 0x4C, 0x3D, 0x3A, 0xB7, 0x86, 0x02, 0xE3,
    0xDE, 0xAB, 0x37, 0xD1, 0xFC, 0x52, 0xFC, 0x12, 0xA6, 0x71, 0x1E, 0x8F, 0x21, 0x6C, 0x0A, 0x97,
    0x62, 0x5C, 0x15, 0x30, 0x57, 0xE5, 0x5B, 0x31, 0xA3, 0xB8, 0xC0, 0xDF, 0xE7, 0x87, 0x4E, 0x63,
    0x3C, 0x86, 0x87, 0x97, 0x4A, 0x2C, 0x19, 0x9E, 0x35, 0xE2, 0x29, 0xFA, 0xC0, 0x38, 0xFE, 0x04,
    0x7D, 0x93, 0xF2, 0x5A, 0xB0, 0x4B, 0xD8, 0x14, 0x2E, 0xC5, 0x78, 0x10, 0x61, 0xF8, 0x80, 0xCB,
    0x1D, 0xC8, 0x96, 0x08, 0x29, 0xA6, 0x29, 0xD6, 0x19, 0x1C, 0x85, 0xD8, 0x11, 0xB6, 0xC0, 0x8D,
    0x70, 0xA6, 0x0C, 0xD0, 0xCE, 0x15, 0xB8, 0x3D, 0x38, 0x77, 0x2B, 0xB8, 0x80, 0xAF, 0x3A, 0x38,
    0xBF, 0xAB, 0xA5, 0x7F, 0xD1, 0xF4, 0x18, 0x5B, 0x21, 0x4E, 0x2E, 0x5E, 0x22, 0x53, 0xB2, 0x99,
    0x58, 0x6F, 0xBE, 0xB4, 0x12, 0x68, 0xB9, 0xA6, 0x3A, 0x5E, 0x25, 0xA7, 0x5C, 0xED, 0xD6, 0x8D,
    0xCC, 0x20, 0x87, 0xC2, 0x02, 0x72, 0x44, 0x75, 0x28, 0x9D, 0xEE, 0xA4, 0xAB, 0x3D, 0xA9, 0x7F,
    0x4C, 0x19, 0x77, 0x5C, 0xAD, 0xC4, 0x37, 0xD2, 0x35, 0xD2, 0xAE, 0x5C, 0x1D, 0x16, 0xB2, 0xE1,
    0x62, 0x79, 0x64, 0xC0, 0x35, 0xD1, 0xEA, 0x9A, 0xAD, 0xF4, 0x47, 0xF3, 0xB1, 0xEA, 0xAF, 0x28,
    0x35, 0x7E, 0x57, 0xA8, 0x31, 0x48, 0xA8, 0x31, 0xC8, 0xA8, 0xD1, 0x13, 0x6A, 0x94, 0x88, 0x1A,
    0xBD, 0x8C, 0x1A, 0xE3, 0x84, 0x1A, 0xFD, 0x84, 0x1A, 0x29, 0x63, 0xE0, 0x01, 0x35, 0x52, 0xBA,
    0x46, 0xDA, 0x95, 0x9F, 0x50, 0xA3, 0x9F, 0x50, 0xA3, 0x91, 0xE2, 0x47, 0xDB, 0xAE, 0x92, 0xB6,
    0x91, 0x0B, 0x14, 0x16, 0x8D, 0x92, 0xE3, 0xE8, 0x71, 0xBF, 0x9F, 0xE6, 0xD5, 0x13, 0xAF, 0xE7,
    0x41, 0x58, 0xEB, 0xDA, 0x5F, 0xD2, 0xA1, 0xFF, 0x4A, 0xF9, 0x48, 0x8F, 0xEF, 0x74, 0xC3, 0xFE,
    0x40, 0xEC, 0xD7, 0xD0, 0x37, 0xD0, 0x19, 0x80, 0x99, 0x1C, 0x1F, 0xE2, 0x4A, 0x72, 0x57, 0x20,
    0xFA, 0xA5, 0x8F, 0x20, 0x57, 0xD0, 0x1D, 0x2E, 0x3F, 0xF7, 0x93, 0x8C, 0x60, 0x73, 0xC9, 0xB1,
    0x4D, 0x88, 0x93, 0xD4, 0x79, 0x96, 0x83, 0x9D, 0x09, 0x60, 0x68, 0x5A, 0xC3, 0x33, 0x85, 0x9F,
    0x89, 0x95, 0x63, 0xDD, 0x9D, 0x0C, 0x91, 0xEA, 0x66, 0x1E, 0x22, 0xA5, 0x0C, 0xFB, 0xC1, 0x8F,
    0x88, 0xF7, 0x5A, 0x5C, 0x2C, 0x0B, 0x01, 0x13, 0x11, 0xF3, 0xC6, 0x36, 0xA5, 0xD5, 0x96, 0x51,
    0x18, 0x02, 0x38, 0xDC, 0x94, 0xE9, 0x45, 0x59, 0x4C, 0x25, 0x5C, 0xCD, 0x06, 0x06, 0xE5, 0xF2,
    0xF1, 0xB0, 0xE3, 0xE5, 0x56, 0xC4, 0x60, 0x66, 0x64, 0x3E, 0xFA, 0x4A, 0x61, 0xCE, 0xF2, 0xF2,
    0xB7, 0xB3, 0x00, 0x7E, 0xB3, 0x00, 0xA9, 0x71, 0xE2, 0xEF, 0x78, 0xC5, 0x0C, 0xCA, 0x67, 0x8E,
    0xC0, 0x71, 0xB8, 0xCD, 0x2D, 0x1A, 0xD8, 0x0C, 0x3A, 0x98, 0x58, 0x9C, 0x00, 0x7E, 0x0B, 0xA0,
    0x6F, 0x49, 0xF0, 0x25, 0xF6, 0x12, 0x7A, 0x89, 0xBC, 0x04, 0x5E, 0xE2, 0x2E, 0x61, 0x97, 0xA8,
    0x6B, 0x40, 0x97, 0x98, 0x8B, 0x67, 0x1D, 0x47, 0x9C, 0x3F, 0x89, 0x60, 0xB0, 0x5B, 0x22, 0xA3,
    0xE2, 0x60, 0xEB, 0xAB, 0xEC, 0x61, 0xDC, 0x75, 0xB7, 0x70, 0xF7, 0x99, 0x11, 0xAC, 0x5B, 0x65,
    0xB6, 0xB3, 0x48, 0x22, 0x2B, 0x37, 0x87, 0x7E, 0x4D, 0xDC, 0x25, 0xB0, 0x7E, 0x4D, 0xCF, 0x89,
    0xB7, 0x80, 0x11, 0xB8, 0xCC, 0x49, 0x0C, 0xD8, 0x12, 0x6B, 0x01, 0xB5, 0xF6, 0xF9, 0x48, 0xEE,
    0x88, 0xDC, 0x16, 0x69, 0x51, 0xF1, 0xEC, 0x0B, 0x1A, 0x38, 0xCB, 0xAD, 0xB0, 0xA3, 0x01, 0x61,
    0xD5, 0xE7, 0x1D, 0xE2, 0xAB, 0x0F, 0x6B, 0xE9, 0xEF, 0x81, 0x01, 0xBC, 0x87, 0x4D, 0x1F, 0x1B,
    0x3B, 0x90, 0x01, 0x88, 0x62, 0xB7, 0x66, 0x24, 0x7A, 0xEF, 0x65, 0xEA, 0x4E, 0xEE, 0x2C, 0xF1,
    0xF3, 0x3E, 0x66, 0xC8, 0x40, 0x13, 0x5F, 0x84, 0x62, 0xEF, 0x3B, 0x87, 0x66, 0x8A, 0x0C, 0x22,
    0x3C, 0x45, 0xC6, 0x45, 0x4E, 0xD1, 0x17, 0xEA, 0xFD, 0x0C, 0xCD, 0xBD, 0xFE, 0x18, 0x06, 0xED,
    0x5C, 0x90, 0x81, 0x9F, 0x1D, 0x9A, 0x41, 0xC8, 0xEC, 0xCE, 0x75, 0xB1, 0x7A, 0x06, 0xBB, 0x9E,
    0xC8, 0xA0, 0xD1, 0xFE, 0xE6, 0x0B, 0xB0, 0x6B, 0x06, 0x7F, 0x7E, 0x78, 0x06, 0x25, 0xC4, 0x41,
    0xA4, 0x6F, 0x99, 0x7B, 0x42, 0x83, 0xB0, 0x50, 0xD8, 0xAC, 0x5D, 0xB9, 0x12, 0x4B, 0x04, 0xC8,
    0x55, 0x11, 0xC2, 0x68, 0x23, 0x90, 0x85, 0x96, 0x04, 0xA5, 0xD9, 0x3C, 0x0C, 0x6D, 0x09, 0x28,
    0x06, 0x07, 0xF9, 0x89, 0x30, 0x1E, 0xCE, 0x62, 0xE4, 0x91, 0x91, 0x43, 0x85, 0x09, 0xBF, 0x36,
    0x51, 0x8C, 0xC1, 0x03, 0x7A, 0x64, 0x7C, 0xDC, 0xD4, 0x0C, 0x7B, 0x82, 0x85, 0x78, 0xBD, 0x2D,
    0xDB, 0x64, 0x79, 0xDB, 0x8E, 0xCE, 0xD6, 0xD7, 0x43, 0xB7, 0xED, 0x86, 0x49, 0x39, 0xA5, 0x01,
    0xB2, 0x7D, 0x6D, 0xDB, 0xE1, 0x38, 0xF3, 0xB7, 0xB2, 0xF2, 0x06, 0xE6, 0xF6, 0x19, 0x40, 0x3C,
    0xCE, 0x51, 0x03, 0x7C, 0x90, 0x0F, 0x8B, 0xF5, 0x3E, 0x53, 0xFF, 0xF3, 0xF9, 0x84, 0x78, 0xEA,
    0x1F, 0xC8, 0xC9, 0xAB, 0x75, 0x21, 0xED, 0xD5, 0xFC, 0xB2, 0xCC, 0xA9, 0x7C, 0x14, 0x0B, 0x9E,
    0x5B, 0x36, 0x56, 0x7C, 0xC8, 0x05, 0x6E, 0x8D, 0x85, 0x9D, 0xB8, 0xEE, 0x27, 0x9E, 0x1A, 0x20,
    0x5D, 0x17, 0x4D, 0x4D, 0xF5, 0xA0, 0x2B, 0x63, 0xA9, 0x8A, 0x5A, 0x6D, 0x95, 0x8C, 0x86, 0x5F,
    0x60, 0x2E, 0x91, 0xB1, 0x74, 0x3A, 0xB6, 0xA3, 0x45, 0x54, 0x1F, 0xE1, 0x07, 0x95, 0x0C, 0x72,
    0x15, 0x4F, 0x3C, 0x40, 0xB8, 0x5E, 0xCA, 0x5C, 0x54, 0x1B, 0x98, 0x68, 0x1E, 0x26, 0x4D, 0xF9,
    0x45, 0x47, 0xA4, 0xF2, 0x83, 0x8B, 0xB1, 0xA4, 0x1A, 0x69, 0x3D, 0x0B, 0x7F, 0x5F, 0x03, 0x02,
    0x2F, 0xE5, 0x6E, 0xE9, 0x6F, 0x43, 0x20, 0xD3, 0x4B, 0xFD, 0x2B, 0xEF, 0xBD, 0xAE, 0x9A, 0x29,
    0xFC, 0x99, 0x42, 0x2D, 0xE5, 0x40, 0x04, 0x02, 0x21, 0x36, 0x65, 0x5D, 0x78, 0x75, 0xE5, 0xFD,
    0xA4, 0x0A, 0x57, 0xD0, 0x3A, 0xC1, 0xF9, 0xDC, 0x6B, 0x6A, 0xAB, 0x49, 0x64, 0x14, 0x05, 0x7F,
    0x3B, 0xA5, 0x01, 0xC2, 0xC7, 0x56, 0x9F, 0xA9, 0x4C, 0xE5, 0x2A, 0xDB, 0xA9, 0x1E, 0x61, 0xE6,
    0xFC, 0x52, 0x50, 0x10, 0x33, 0x59, 0x8D, 0x8A, 0xDB, 0x7B, 0x23, 0xF0, 0xCB, 0x69, 0x95, 0x5C,
    0x53, 0x49, 0x5B, 0x45, 0x81, 0xCF, 0x1A, 0xA5, 0x45, 0xF4, 0x4B, 0x82, 0x5A, 0x9F, 0x5E, 0xD5,
    0x6B, 0xB6, 0xD6, 0x4E, 0x76, 0xDB, 0x8B, 0x82, 0xA6, 0x76, 0x61, 0x32, 0x30, 0xD9, 0xC0, 0xA4,
    0x03, 0x33, 0xA1, 0xAB, 0x37, 0xBF, 0x85, 0x52, 0x53, 0xAB, 0xBB, 0x2C, 0x83, 0x58, 0xC3, 0x9C,
    0xA5, 0xC0, 0xAF, 0xEA, 0x63, 0x18, 0xA6, 0x3E, 0xA1, 0x60, 0x91, 0xAA, 0xEE, 0x97, 0xBC, 0x66,
    0xEA, 0x49, 0x53, 0x64, 0x86, 0x19, 0x84, 0xAF, 0x25, 0xAE, 0xE2, 0xFE, 0xBA, 0x5A, 0xF7, 0x0A,
    0xD4, 0xA1, 0xF6, 0x8F, 0x50, 0xBA, 0x70, 0x46, 0xC1, 0x76, 0x7B, 0xAE, 0x0A, 0x66, 0xB2, 0xE0,
    0x7B, 0x12, 0xCC, 0x4B, 0x80, 0x92, 0x35, 0x96, 0xE0, 0xF9, 0x2C, 0xB8, 0x50, 0xA4, 0x1F, 0x74,
    0x4D, 0x5A, 0x47, 0x46, 0xFA, 0x22, 0x4D, 0x3C, 0x04, 0x9C, 0x9F, 0x7D, 0x4D, 0x46, 0x8A, 0x6C,
    0x64, 0x24, 0xE7, 0xA1, 0x8C, 0xB4, 0xDE, 0x4F, 0xDA, 0x0C, 0x9C, 0x3F, 0xA3, 0xC3, 0x0C, 0xCB,
    0x8C, 0xB8, 0x57, 0x66, 0x7A, 0xD9, 0x6C, 0x05, 0x3C, 0xA6, 0x23, 0x01, 0xA4, 0x2F, 0x36, 0xFE,
    0x48, 0xFB, 0xE1, 0x74, 0xC8, 0xB6, 0x28, 0xD4, 0xCA, 0xF5, 0x13, 0x5B, 0x34, 0x64, 0x01, 0xCF,
    0x12, 0xA6, 0xBB, 0xA7, 0x65, 0x6A, 0xE5, 0x8D, 0xF6, 0x0B, 0xFA, 0xAC, 0xCA, 0x27, 0x10, 0x27,
    0x30, 0xA1, 0x12, 0xFE, 0x04, 0xB7, 0x3B, 0x9D, 0x51, 0xA7, 0x9A, 0x73, 0x3A, 0x67, 0x9C, 0x72,
    0xDA, 0xD3, 0x3E, 0x2E, 0x5E, 0x34, 0xD5, 0xC5, 0xD9, 0xAD, 0xEA, 0x22, 0x61, 0x18, 0xA0, 0x4A,
    0x47, 0x85, 0x7E, 0xAE, 0xE2, 0xD6, 0xC7, 0x56, 0x46, 0x18, 0x0E, 0x92, 0x29, 0x64, 0x6C, 0x1E,
    0x25, 0xD6, 0xBC, 0x33, 0x2D, 0xA8, 0xB7, 0xCE, 0x9C, 0x39, 0xB9, 0x86, 0x29, 0x65, 0x96, 0x0C,
    0x15, 0x41, 0xEE, 0xED, 0x7E, 0x31, 0x14, 0x33, 0x15, 0x4D, 0x99, 0xF2, 0xF4, 0x7F, 0x6C, 0xE1,
    0xFF, 0xC5, 0x52, 0x88, 0x42, 0x50, 0x6B, 0x4A, 0xEE, 0x7E, 0xE5, 0x6D, 0xA0, 0xCD, 0xE8, 0x94,
    0xC3, 0x66, 0x29, 0x66, 0xFD, 0xBE, 0x5A, 0x1E, 0x84, 0xA5, 0x20, 0xCF, 0xF5, 0x0B, 0xD0, 0x92,
    0x7C, 0xF0, 0x40, 0xB8, 0x00, 0x06, 0x82, 0xAA, 0x5F, 0xB0, 0x75, 0xD7, 0x58, 0x56, 0x3E, 0x29,
    0x2E, 0x00, 0x03, 0x7E, 0x83, 0xDA, 0x1D, 0x9C, 0x46, 0xE5, 0x8C, 0x92, 0x2D, 0x71, 0x05, 0xE2,
    0xD3, 0x4A, 0x3D, 0x58, 0xD5, 0x3D, 0x55, 0xD7, 0x7A, 0x91, 0xD7, 0x42, 0x8A, 0x29, 0x8A, 0xD3,
    0x14, 0x2D, 0xB8, 0xB0, 0xBC, 0x15, 0x57, 0x96, 0x21, 0xB2, 0x4F, 0xCB, 0x4B, 0xAF, 0x55, 0x20,
    0xBB, 0x08, 0x87, 0x2A, 0x85, 0x5B, 0x61, 0x6B, 0x61, 0x3A, 0x16, 0x23, 0x84, 0xD3, 0xDB, 0xE8,
    0x1B, 0xA2, 0x3E, 0xC4, 0xF0, 0xF7, 0x11, 0x0A, 0x5C, 0x76, 0x6D, 0x42, 0x61, 0xBB, 0x23, 0xB2,
    0x9B, 0xCD, 0x38, 0xB6, 0x5D, 0xF1, 0x1B, 0xBA, 0xC1, 0xC5, 0x20, 0xC7, 0x88, 0x48, 0x31, 0x84,
    0x0C, 0x43, 0x48, 0x30, 0x1A, 0x7E, 0x41, 0x7A, 0x21, 0x64, 0x17, 0x42, 0x72, 0x21, 0xE4, 0x16,
    0x42, 0x6A, 0x21, 0x64, 0x16, 0x42, 0x62, 0x21, 0xE4, 0x15, 0x0C, 0x73, 0x16, 0xFA, 0xA8, 0xCC,
    0xAC, 0xDC, 0x90, 0x87, 0x79, 0x53, 0x45, 0x0D, 0x08, 0x18, 0x03, 0x08, 0x03, 0xF8, 0x02, 0xE8,
    0xC1, 0xCE, 0x06, 0xA6, 0x20, 0xD2, 0x2F, 0xE5, 0xCC, 0x52, 0x31, 0x62, 0x49, 0xCE, 0xFA, 0xEC,
    0xC0, 0x3D, 0xB9, 0x25, 0x9A, 0x34, 0x78, 0x68, 0x49, 0x96, 0x1A, 0xAF, 0x11, 0xE8, 0xDD, 0x92,
    0x84, 0xC1, 0x3B, 0xD5, 0x8F, 0xBA, 0xFD, 0xF2, 0xAC, 0x8C, 0x6C, 0xD3, 0x49, 0xB3, 0x55, 0x93,
    0x43, 0x4D, 0xB6, 0xAC, 0xA9, 0x40, 0x4E, 0xC5, 0xC1, 0xB0, 0x5E, 0x63, 0xE4, 0x63, 0x27, 0x5D,
    0x99, 0x14, 0x53, 0xC1, 0xD3, 0x51, 0x8E, 0x41, 0xDA, 0xA3, 0xE0, 0x21, 0x1B, 0x80, 0x96, 0xD2,
    0x4F, 0x5C, 0x20, 0xAD, 0x0F, 0xA4, 0x45, 0x2E, 0xB1, 0x3E, 0xED, 0xA6, 0xEE, 0x3B, 0xDD, 0x78,
    0x16, 0x48, 0x5B, 0xA1, 0xEB, 0x86, 0x87, 0x84, 0x40, 0xDA, 0x79, 0x44, 0xFB, 0xA8, 0x29, 0xC3,
    0x10, 0x27, 0x86, 0x0B, 0x3C, 0xCB, 0x68, 0x77, 0x7A, 0x73, 0x0A, 0xA1, 0xE5, 0x15, 0x8B, 0xBE,
    0xDE, 0xFC, 0xAD, 0x4E, 0xFF, 0xAA, 0xE3, 0x19, 0x62, 0x6B, 0x6A, 0x78, 0x88, 0xF5, 0x1A, 0x8C,
    0xB5, 0x3F, 0xA7, 0xF7, 0x5A, 0x74, 0xC9, 0xD0, 0xF0, 0xA1, 0x2E, 0xD4, 0xBF, 0x73, 0x79, 0x5B,
    0x4B, 0x6B, 0x4D, 0x8E, 0x4D, 0xD2, 0x1F, 0xFB, 0xAD, 0xCF, 0x0D, 0x22, 0x8A, 0xC1, 0xA8, 0x59,
    0x1E, 0xF6, 0xD8, 0x87, 0x6A, 0x0B, 0x0A, 0x0C, 0x8C, 0x7D, 0xEC, 0x28, 0x99, 0xCF, 0xDE, 0x86,
    0x4C, 0x5E, 0x91, 0xF6, 0x86, 0x78, 0xAF, 0x8B, 0xBC, 0x93, 0x5C, 0x5D, 0x59, 0xF7, 0x3F, 0x5B,
    0x50, 0xC5, 0x51, 0x55, 0x0C, 0x9B, 0xC3, 0x90, 0x09, 0xF5, 0xA0, 0x60, 0x2B, 0x2E, 0x9B, 0xAF,
    0x68, 0x43, 0xAA, 0x78, 0xAA, 0x09, 0x82, 0xB7, 0x0A, 0x59, 0xD0, 0x72, 0x6A, 0x5E, 0x46, 0x4E,
    0x89, 0x35, 0x40, 0xFA, 0x3F, 0xAE, 0x64, 0xFA, 0x12, 0x50, 0x9A, 0x3B, 0x0B, 0x2D, 0xB6, 0xC9,
    0xBD, 0xB8, 0xB3, 0x23, 0xC3, 0xCC, 0xEB, 0xC4, 0xB9, 0x97, 0xD9, 0xF2, 0x64, 0x5A, 0xB0, 0xB7,
    0x30, 0xF2, 0xC8, 0xB1, 0xFE, 0x09, 0xC3, 0x1E, 0x2A, 0x5E, 0x5C, 0x96, 0xDB, 0x00, 0xF5, 0x29,
    0xB1, 0x5E, 0x11, 0x77, 0x25, 0xB1, 0xEA, 0x08, 0x93, 0xDD, 0xBB, 0x79, 0xF4, 0xA3, 0xAC, 0xEB,
    0x56, 0x39, 0x76, 0xD6, 0x3B, 0x69, 0x0D, 0xCB, 0x86, 0xDB, 0xB1, 0x76, 0xBC, 0xDC, 0x1E, 0x77,
    0x78, 0xA0, 0xA7, 0x37, 0x26, 0x86, 0xF7, 0x66, 0xDE, 0x41, 0x12, 0xE6, 0x6B, 0xCB, 0xF2, 0x95,
    0xBC, 0xDB, 0xBE, 0x0E, 0x18, 0xBE, 0x0F, 0x4D, 0x6F, 0x21, 0xF2, 0x8E, 0x4E, 0x1E, 0x88, 0x77,
    0xB7, 0xB4, 0x4C, 0xAF, 0x8B, 0x6A, 0x89, 0x7B, 0xCC, 0xB0, 0xAD, 0xBD, 0x79, 0xB7, 0x95, 0x34,
    0x47, 0x55, 0x6D, 0xD4, 0x15, 0x13, 0xC3, 0x07, 0x52, 0xCC, 0x6A, 0xA3, 0x27, 0x8E, 0x2B, 0x96,
    0xB5, 0x8F, 0xD6, 0x93, 0x98, 0x61, 0xB8, 0xC8, 0x53, 0x21, 0x2C, 0xFB, 0x8D, 0x44, 0xAE, 0xA6,
    0x37, 0xC4, 0xFF, 0x0F, 0xD3, 0x2D, 0x33, 0x2F, 0x93, 0xF0, 0x26, 0x3A, 0xBE, 0x7F, 0xA4, 0x4D,
    0x39, 0xA9, 0x3E, 0xC6, 0xFB, 0x47, 0x9D, 0xFE, 0xEF, 0x31, 0x12, 0x71, 0x70, 0x37, 0xED, 0x1A,
    0x96, 0xF0, 0xE2, 0x43, 0xD3, 0x3D, 0xF1, 0x3A, 0x68, 0x58, 0xE2, 0xFF, 0x41, 0xFC, 0x64, 0x57,
    0x8B, 0x0D, 0x20, 0xCA, 0x37, 0x48, 0x02, 0x32, 0x53, 0x7B, 0x5A, 0xD1, 0xC4, 0x81, 0x14, 0xEF,
    0x9C, 0xEE, 0xDE, 0x5A, 0xED, 0x77, 0xC1, 0x31, 0xBF, 0x04, 0x86, 0x2E, 0x20, 0x0B, 0x1C, 0x39,
    0x7E, 0x20, 0xBA, 0x7A, 0x7A, 0x5E, 0x7C, 0x20, 0xFC, 0xB8, 0xD8, 0xAF, 0xB2, 0x32, 0xD8, 0x87,
    0xA2, 0x5A, 0x40, 0x10, 0x86, 0xFE, 0xD4, 0x4F, 0x41, 0x00, 0x06, 0x0F, 0x76, 0x92, 0x70, 0x1B,
    0x5C, 0x46, 0xEC, 0xA5, 0x68, 0x5F, 0x62, 0x6C, 0xF7, 0x22, 0xF5, 0x8B, 0x2C, 0xB4, 0xB2, 0xD0,
    0x94, 0x25, 0x61, 0x49, 0x88, 0xE7, 0x81, 0x48, 0x9A, 0x8B, 0x5F, 0x2C, 0xBB, 0xC5, 0x9A, 0x9B,
    0x2F, 0x78, 0x19, 0xF8, 0x9D, 0x75, 0x91, 0x79, 0x95, 0x04, 0x05, 0xE8, 0x7C, 0xC6, 0x24, 0x8C,
    0x86, 0x56, 0xB7, 0x4E, 0x4D, 0x0F, 0xA3, 0x9C, 0x2B, 0xDD, 0x6A, 0x79, 0xE3, 0xCA, 0x42, 0xA8,
    0x07, 0xB1, 0x6B, 0xBC, 0x02, 0xC9, 0x20, 0x77, 0x22, 0x73, 0x12, 0x30, 0x80, 0x62, 0x72, 0xBD,
    0x3D, 0x7B, 0xAF, 0x5C, 0xF3, 0xB3, 0x67, 0x51, 0xE6, 0x4C, 0x98, 0xD3, 0xD7, 0xBD, 0x3A, 0xA0,
    0x50, 0xB6, 0x32, 0x13, 0x4F, 0xE0, 0x79, 0xCD, 0x41, 0xB7, 0xB3, 0x26, 0x3B, 0x31, 0x2B, 0x27,
    0x5E, 0x12, 0xF7, 0x82, 0x7F, 0x6E, 0xED, 0x4C, 0x95, 0xA8, 0xBF, 0x01, 0x22, 0x23, 0x1B, 0x45,
    0x8B, 0xDC, 0x92, 0x39, 0x94, 0x01, 0x32, 0x04, 0xCC, 0x08, 0x2E, 0x01, 0xD4, 0x80, 0xC1, 0x93,
    0xAC, 0x1F, 0x69, 0x3D, 0xB3, 0xAD, 0x97, 0x33, 0x63, 0xA2, 0xC6, 0xAB, 0x10, 0x86, 0xB5, 0xA9,
    0xC2, 0x9A, 0x8A, 0x2C, 0xEC, 0x1F, 0x36, 0x76, 0xCD, 0xBD, 0xF3, 0xB8, 0x2F, 0xED, 0xD7, 0xA7,
    0x5E, 0x47, 0xDA, 0x3D, 0x99, 0x0B, 0x4D, 0xB1, 0xB0, 0x21, 0xB6, 0xE6, 0x49, 0xE2, 0x00, 0xB9,
    0x50, 0x06, 0xB4, 0x30, 0x5C, 0x88, 0x9E, 0xF9, 0x9D, 0x96, 0xA9, 0xA8, 0x39, 0x90, 0x31, 0x27,
    0x32, 0x62, 0x4E, 0x57, 0x99, 0xAC, 0xAF, 0xDE, 0xFC, 0xE6, 0x9B, 0xA8, 0xC4, 0xDC, 0x2E, 0xFF,
    0xE5, 0xC1, 0xFF, 0x7B, 0xD8, 0xBB, 0xC4, 0xBF, 0xDE, 0x84, 0xA8, 0xEB, 0x47, 0x7F, 0x30, 0xA2,
    0x40, 0x02, 0x89, 0x2B, 0x7F, 0x2B, 0x1B, 0xFC, 0x3D, 0xA3, 0xD5, 0x93, 0xCD, 0x59, 0xF2, 0x6E,
    0x42, 0x76, 0x09, 0x6B, 0xA5, 0x83, 0xA5, 0xDD, 0x0B, 0xBE, 0xA4, 0xE3, 0x3B, 0x34, 0xE6, 0xBF,
    0x45, 0x52, 0x31, 0x8F, 0x12, 0x41, 0x14, 0xFE, 0x80, 0xE5, 0xC0, 0xDD, 0x63, 0x59, 0x63, 0x28,
    0x3C, 0x2F, 0x42, 0x89, 0x97, 0x3D, 0x97, 0x44, 0x2E, 0xD9, 0xE8, 0x1E, 0x33, 0x16, 0x36, 0x56,
    0x98, 0x78, 0x85, 0x39, 0x4D, 0xA8, 0x6D, 0xA4, 0xD3, 0x9C, 0xB0, 0xBB, 0x3F, 0x81, 0xC6, 0x9E,
    0xC6, 0x44, 0x49, 0x8C, 0x5B, 0x68, 0xA2, 0x86, 0xDD, 0x9B, 0x9F, 0xB0, 0x7F, 0xC0, 0x64, 0x9A,
    0xEB, 0xA7, 0xB8, 0x82, 0x10, 0x60, 0x1C, 0x16, 0x39, 0xE6, 0x65, 0x92, 0xF7, 0xBE, 0x97, 0x79,
    0xEF, 0x7D, 0xDF, 0xBC, 0x68, 0x6A, 0x9B, 0x39, 0xB3, 0xE3, 0x46, 0x54, 0x47, 0x15, 0x4E, 0x78,
    0xC2, 0xBA, 0x5D, 0xA0, 0xF8, 0xA6, 0x3E, 0x7B, 0x3C, 0x06, 0xC8, 0x92, 0xCC, 0x8A, 0x67, 0x34,
    0x90, 0x69, 0xED, 0x8C, 0x8E, 0x7A, 0x7F, 0x38, 0x61, 0x45, 0x34, 0x93, 0xA4, 0x09, 0x0C, 0x87,
    0x49, 0xE2, 0x79, 0x45, 0x10, 0xF6, 0x88, 0x19, 0x34, 0x0F, 0xA8, 0xC7, 0x2D, 0xD6, 0x62, 0x4E,
    0x58, 0x3D, 0xAE, 0x0F, 0x3C, 0xD1, 0x62, 0xC0, 0x78, 0x7C, 0xB2, 0x8E, 0x91, 0x03, 0x84, 0x10,
    0x5D, 0x24, 0x49, 0xF2, 0xCA, 0x13, 0xA7, 0xBF, 0x4C, 0xAF, 0xB4, 0xAF, 0x30, 0x5A, 0xE0, 0x05,
    0xFE, 0xFB, 0x79, 0xB0, 0x30, 0xB8, 0x13, 0x06, 0x69, 0xC4, 0x01, 0xFD, 0x83, 0x58, 0xFA, 0x9A,
    0x15, 0xFB, 0xA6, 0x67, 0x69, 0x7E, 0x1C, 0x79, 0x5A, 0x63, 0x15, 0x54, 0x8F, 0xBB, 0xD1, 0xCD,
    0x98, 0x85, 0x73, 0x59, 0xCA, 0xB3, 0x2B, 0x99, 0x86, 0x84, 0x1D, 0x30, 0xA8, 0x2E, 0x39, 0x5A,
    0x65, 0x05, 0x76, 0x2F, 0x7C, 0x00, 0xD8, 0xFD, 0xB6, 0x9D, 0x83, 0xA1, 0x98, 0x10, 0x95, 0xA8,
    0x51, 0xC2, 0x4C, 0xE8, 0x6A, 0xB4, 0x3D, 0xD4, 0x95, 0x6F, 0xA0, 0x98, 0x61, 0xE8, 0x80, 0xA8,
    0xBB, 0xB6, 0x61, 0x63, 0x9A, 0xCC, 0x48, 0x0A, 0xC4, 0x99, 0xF9, 0xB7, 0x3A, 0x1D, 0x32, 0xA8,
    0x8A, 0x66, 0x70, 0x69, 0x6F, 0x29, 0xEE, 0x88, 0x4D, 0x93, 0xFB, 0x95, 0x36, 0x70, 0x78, 0x2A,
    0x8D, 0x6F, 0xE3, 0x75, 0x1B, 0x1B, 0x1E, 0x06, 0x08, 0x52, 0x87, 0xF6, 0x84, 0xE0, 0xAA, 0xB6,
    0x14, 0x3C, 0xA2, 0xD6, 0x8B, 0x67, 0xEF, 0xFF, 0x92, 0x85, 0x66, 0xED, 0xE8, 0xEF, 0xB4, 0xDD,
    0x8A, 0xA8, 0xAB, 0x09, 0x7F, 0x72, 0x6A, 0x29, 0xAD, 0x5F, 0x3B, 0xE2, 0x62, 0x04, 0x1C, 0x7C,
    0x09, 0x96, 0xB5, 0x97, 0x37, 0x6A, 0x6F, 0x9C, 0xA3, 0x49, 0xB8, 0x09, 0x75, 0x58, 0xE4, 0x4A,
    0xCC, 0x15, 0x6D, 0x87, 0x1E, 0x7D, 0x0D, 0x16, 0x93, 0xC9, 0x58, 0x4A, 0x0E, 0x0D, 0x87, 0x6A,
    0x86, 0x36, 0x22, 0xA4, 0x79, 0x56, 0x08, 0x4B, 0x30, 0xFF, 0x03, 0xAA, 0xB0, 0x91, 0x05, 0x2E,
    0xFA, 0x10, 0x59, 0x96, 0xAE, 0x01, 0x3B, 0x03, 0x38, 0x28, 0xE0, 0x56, 0xF6, 0x5D, 0x80, 0x47,
    0x52, 0xBC, 0x1D, 0xBD, 0xE3, 0x73, 0xF5, 0x43, 0x73, 0x71, 0x99, 0x3E, 0x1C, 0x04, 0xCB, 0x3B,
    0xA1, 0xD2, 0x4C, 0x0E, 0x57, 0x4F, 0xCB, 0xAE, 0xE7, 0xB9, 0x56, 0x26, 0xBE, 0xED, 0xB9, 0xAD,
    0x06, 0xCA, 0x9B, 0xBD, 0xC0, 0xA0, 0x53, 0xB1, 0x2D, 0xF4, 0x54, 0x65, 0x0E, 0x36, 0x8C, 0x63,
    0xDF, 0xB5, 0x71, 0x7D, 0x2D, 0x63, 0x68, 0x6E, 0xDF, 0x2D, 0x03, 0x4F, 0x58, 0x1D, 0x24, 0xBC,
    0x4D, 0xB3, 0x26, 0x6A, 0xA1, 0xBA, 0xFE, 0xA7, 0xF3, 0xD4, 0x90, 0x2B, 0x6C, 0xCF, 0x9E, 0x5C,
    0x82, 0x7C, 0xFE, 0x9E, 0xF6, 0x54, 0x4E, 0xC7, 0xC7, 0xF0, 0x07, 0x02, 0x7A, 0x17, 0xFF, 0x00,
    0xB5, 0x5A, 0x4D, 0x70, 0x15, 0x57, 0x76, 0x3E, 0xAF, 0xDB, 0xB8, 0x19, 0xB5, 0xAC, 0xAB, 0xD4,
    0xD8, 0x95, 0x94, 0x2D, 0xB8, 0x2C, 0xBC, 0x60, 0x1C, 0xD9, 0xCD, 0x82, 0x05, 0x49, 0xA4, 0x77,
    0xDB, 0xC3, 0xC2, 0x49, 0x3C, 0x55, 0xD6, 0xC2, 0x53, 0x53, 0x15, 0x2F, 0x60, 0x93, 0x85, 0x3D,
    0x0B, 0xB4, 0x60, 0xE1, 0xA1, 0x40, 0xDD, 0x40, 0x25, 0x54, 0x85, 0x05, 0x2C, 0xA6, 0x6A, 0x52,
    0xA9, 0xD4, 0xA0, 0x72, 0xB9, 0x52, 0xCA, 0x23, 0x04, 0x55, 0x0D, 0x35, 0x56, 0x4D, 0x84, 0xFA,
    0x1A, 0x2D, 0x58, 0x38, 0x29, 0x37, 0x45, 0x12, 0x2D, 0x58, 0xD0, 0x40, 0x79, 0x3C, 0x63, 0x32,
    0x43, 0x03, 0x0D, 0x6E, 0xA0, 0xDF, 0xEB, 0x7C, 0xE7, 0x76, 0x3F, 0x21, 0x21, 0xA1, 0x1F, 0xC4,
    0x48, 0xF7, 0x1C, 0xFD, 0xBC, 0xEE, 0xFB, 0x73, 0xEE, 0x39, 0xDF, 0xF9, 0xB9, 0xD7, 0x0A, 0xC9,
    0x49, 0x88, 0xCE, 0x11, 0x6D, 0xA6, 0x03, 0xAD, 0x29, 0x79, 0xEF, 0xA0, 0x48, 0x7A, 0x45, 0xB2,
    0x59, 0x24, 0x24, 0x92, 0x6D, 0xE2, 0x61, 0xC2, 0x2D, 0xD9, 0x6B, 0xFE, 0x44, 0x7B, 0x51, 0x24,
    0x7D, 0x41, 0x59, 0x10, 0xBE, 0x7C, 0xDF, 0xBE, 0x91, 0x38, 0x77, 0x53, 0xEB, 0x88, 0x5E, 0xD7,
    0x8B, 0x2F, 0x63, 0xA8, 0x66, 0xAB, 0x35, 0xAD, 0xCA, 0x6F, 0xF2, 0xFD, 0x2A, 0xDC, 0x79, 0x52,
    0x85, 0xAF, 0x93, 0x0A, 0x89, 0xD4, 0x3F, 0xF9, 0xA4, 0xCA, 0x8C, 0xD4, 0xE1, 0x02, 0x7F, 0x77,
    0x40, 0xD1, 0x42, 0xB2, 0xCA, 0xB4, 0x83, 0xD7, 0xD1, 0x45, 0x23, 0x27, 0xB2, 0x53, 0x22, 0x89,
    0x97, 0xBE, 0x47, 0x64, 0x85, 0x24, 0x34, 0xBD, 0x45, 0xB4, 0x0D, 0x2B, 0x98, 0x90, 0xF7, 0xA6,
    0xCD, 0x44, 0x7A, 0xBB, 0x23, 0x2F, 0xD3, 0x22, 0xB3, 0x00, 0xF2, 0x1E, 0x50, 0xA3, 0xBD, 0xCF,
    0x77, 0x13, 0x3B, 0x94, 0xDA, 0x0A, 0xCD, 0x1C, 0xFE, 0x8A, 0x28, 0x88, 0x7E, 0x47, 0xD1, 0xCD,
    0x9C, 0x02, 0x3C, 0xA2, 0x7C, 0x90, 0x6E, 0x84, 0x22, 0xB6, 0x43, 0x27, 0x73, 0x43, 0x8A, 0x4A,
    0x8C, 0xEF, 0x93, 0xD5, 0xF1, 0xC5, 0xCF, 0xB4, 0x6A, 0x68, 0x45, 0x31, 0xDE, 0x53, 0x19, 0xC9,
    0x0E, 0x39, 0x25, 0x3E, 0x8F, 0x49, 0x26, 0xE3, 0x4E, 0x32, 0xE9, 0xC4, 0x07, 0x5D, 0xED, 0x95,
    0xD4, 0x18, 0xA1, 0x03, 0x13, 0x32, 0x13, 0xC9, 0x72, 0xDF, 0x3C, 0x91, 0xFE, 0xFE, 0xE9, 0xF3,
    0xED, 0x99, 0xED, 0xDB, 0x57, 0x7E, 0xCA, 0x6E, 0x9D, 0x6C, 0x94, 0x3E, 0x45, 0xB4, 0x4A, 0x9B,
    0x21, 0x9A, 0x26, 0x9A, 0xA2, 0xA9, 0x94, 0x22, 0xCD, 0x8B, 0xB4, 0x5A, 0xAD, 0x09, 0xFC, 0x98,
    0x89, 0x20, 0x30, 0x1A, 0x12, 0x31, 0xF8, 0xA0, 0xE1, 0xBB, 0x16, 0x71, 0xC8, 0x9D, 0x76, 0x8A,
    0xEB, 0x90, 0xF0, 0x0E, 0x11, 0xA3, 0x9F, 0x51, 0x11, 0x63, 0xFD, 0x93, 0xCC, 0xB7, 0xC5, 0xFC,
    0x9F, 0x52, 0x8B, 0x6B, 0x6D, 0x8C, 0x10, 0x95, 0x09, 0x6F, 0x21, 0xBE, 0x0E, 0x4C, 0xBC, 0x71,
    0x06, 0x42, 0x4C, 0x05, 0x5E, 0x15, 0xB1, 0x93, 0x2E, 0xCB, 0xCB, 0xB2, 0xCC, 0x49, 0x7C, 0xF5,
    0x41, 0x5A, 0x9A, 0xFF, 0xA8, 0xD0, 0x70, 0xBD, 0x80, 0x87, 0x22, 0x71, 0xF1, 0x69, 0x50, 0x28,
    0x3C, 0x59, 0x7D, 0xBD, 0xCE, 0x7B, 0x09, 0x1D, 0x49, 0xA1, 0x0F, 0x18, 0x6E, 0x54, 0x85, 0x09,
    0x41, 0x4D, 0x46, 0xC8, 0xE8, 0x09, 0xA9, 0xBF, 0x63, 0x56, 0xA2, 0x7B, 0x75, 0xA4, 0xE0, 0xFF,
    0x19, 0xD6, 0x7E, 0x92, 0x59, 0xE5, 0xD7, 0x90, 0x58, 0xF5, 0xB5, 0xBD, 0xD2, 0x1C, 0x0B, 0xAA,
    0x6E, 0xF1, 0xCC, 0x5D, 0x2D, 0x53, 0x09, 0xD1, 0xAA, 0x58, 0x24, 0xA3, 0x50, 0x09, 0xA8, 0xC5,
    0x35, 0x4D, 0xE2, 0x11, 0x54, 0x09, 0xFD, 0x8A, 0x1B, 0x19, 0x89, 0xEB, 0x05, 0xFE, 0xDF, 0x01,
    0x45, 0x20, 0xA5, 0x83, 0x42, 0xB2, 0xEA, 0x8D, 0xD0, 0x00, 0xF7, 0xA7, 0x98, 0x39, 0x46, 0xC0,
    0x27, 0xB9, 0xBF, 0x9E, 0x56, 0x28, 0x33, 0x8B, 0x9F, 0x26, 0x7E, 0xCD, 0x62, 0xE6, 0x32, 0x7B,
    0x93, 0xD9, 0x7E, 0xB0, 0x6B, 0x31, 0xD8, 0xD7, 0x3E, 0xD8, 0xEF, 0xF9, 0x91, 0x9C, 0x59, 0x6A,
    0x1E, 0xA6, 0x36, 0x16, 0xEF, 0x96, 0x61, 0x35, 0xD3, 0x17, 0x58, 0x31, 0x31, 0xC7, 0xE6, 0x8B,
    0x50, 0xF0, 0x7F, 0xC3, 0x74, 0xC7, 0xE9, 0x8D, 0x56, 0xCF, 0x84, 0x28, 0x9C, 0xD4, 0x2E, 0x2C,
    0x6D, 0x15, 0x76, 0x48, 0xA5, 0x83, 0xBD, 0xFE, 0x6B, 0xCC, 0xE2, 0x3F, 0xF1, 0xEC, 0xFF, 0x41,
    0xCA, 0xD8, 0x01, 0x96, 0xB6, 0x8D, 0xBD, 0xB4, 0x34, 0xD9, 0xB7, 0x7C, 0xB2, 0xD9, 0x56, 0xA6,
    0xCC, 0x26, 0xB5, 0xBC, 0xD4, 0x2D, 0xA0, 0xC0, 0xD9, 0x9A, 0x28, 0xB1, 0xB3, 0x08, 0x9B, 0x46,
    0x36, 0x44, 0x65, 0x6B, 0xD3, 0x1F, 0x35, 0x78, 0xA1, 0x5D, 0x51, 0xD2, 0x7E, 0x90, 0xCD, 0x5B,
    0x65, 0xB3, 0x19, 0xF5, 0x40, 0xDA, 0xF4, 0x12, 0xD4, 0x8E, 0x06, 0xD8, 0x60, 0x76, 0xB1, 0x64,
    0x76, 0x7A, 0x58, 0x4C, 0x54, 0xE2, 0xAD, 0x44, 0x6A, 0x6A, 0x40, 0xC6, 0xE8, 0xCA, 0x4D, 0x21,
    0x30, 0x17, 0xE6, 0x9D, 0xA9, 0xB2, 0xEA, 0x08, 0xD6, 0x4A, 0xC0, 0x0D, 0x88, 0xE0, 0x25, 0xD0,
    0x66, 0x16, 0x45, 0x45, 0x50, 0x46, 0x71, 0x6D, 0x5E, 0xF4, 0x7E, 0x45, 0xF8, 0xFD, 0x4E, 0x87,
    0x02, 0x56, 0x54, 0x7E, 0x37, 0x3A, 0x49, 0xF2, 0x3E, 0xC4, 0x17, 0xCF, 0x2C, 0x20, 0xFC, 0x0D,
    0x7D, 0x11, 0xF7, 0xDB, 0xC4, 0x2A, 0x2B, 0x62, 0x56, 0x37, 0xA6, 0x80, 0xC4, 0xED, 0x05, 0xEF,
    0xAE, 0x07, 0x25, 0xEC, 0x56, 0xEB, 0xD3, 0xC6, 0x03, 0x98, 0xF5, 0x0E, 0xE8, 0xDE, 0x42, 0x1A,
    0xAD, 0x69, 0x1C, 0xC4, 0x18, 0xA0, 0x55, 0x68, 0x03, 0x43, 0x04, 0xA9, 0x98, 0x95, 0x1E, 0x56,
    0x98, 0x4D, 0x42, 0x58, 0xA3, 0xB0, 0xA8, 0x1D, 0xA0, 0x6A, 0xE0, 0x75, 0xE0, 0xA4, 0xAB, 0x0F,
    0x4C, 0x38, 0xB1, 0x48, 0x65, 0x26, 0x53, 0x31, 0x05, 0x19, 0x24, 0xD4, 0xCB, 0xCA, 0x4A, 0x7D,
    0xAC, 0xAE, 0xE4, 0xB0, 0xC2, 0x62, 0xAB, 0x1F, 0x69, 0x63, 0x65, 0x6C, 0x0C, 0x27, 0x6E, 0x60,
    0x57, 0x02, 0x56, 0x5C, 0xEA, 0x88, 0xA4, 0x24, 0xAB, 0x80, 0xD4, 0x42, 0x37, 0x13, 0xA9, 0x8A,
    0x55, 0x12, 0x14, 0xA2, 0xD8, 0x44, 0xAC, 0xC2, 0xD0, 0xD3, 0xAD, 0x6E, 0x32, 0x68, 0xA7, 0xDB,
    0x81, 0xA2, 0x68, 0x4E, 0x6C, 0x43, 0xFB, 0xDE, 0x49, 0xF1, 0x02, 0x35, 0x8A, 0x1D, 0x8D, 0x62,
    0x97, 0x55, 0x0C, 0x3B, 0xA9, 0xC4, 0x3F, 0xDF, 0x7F, 0xEE, 0xBA, 0x6D, 0x94, 0x9B, 0x3C, 0x68,
    0xB0, 0x51, 0x6F, 0xD6, 0xEF, 0xE7, 0x39, 0xC6, 0x46, 0x4C, 0xDB, 0x40, 0x25, 0x03, 0xE5, 0x2E,
    0xF8, 0x93, 0x27, 0x69, 0x27, 0x68, 0x07, 0x68, 0x14, 0x34, 0x0E, 0x8A, 0x85, 0x06, 0x24, 0x42,
    0xCB, 0xA2, 0x82, 0xE1, 0x50, 0xC1, 0x4C, 0x53, 0xA8, 0xB8, 0xD2, 0x36, 0x7B, 0x0E, 0x98, 0x46,
    0x44, 0x76, 0x9B, 0x60, 0x47, 0x91, 0x15, 0xF9, 0xB6, 0xDA, 0xAD, 0x7C, 0xC7, 0xBB, 0x08, 0x26,
    0xFE, 0x4B, 0x85, 0xAE, 0x28, 0xC0, 0x9C, 0x1C, 0xDA, 0x62, 0x33, 0x00, 0x36, 0x78, 0x12, 0xC9,
    0xE7, 0x5D, 0xF5, 0x9C, 0x78, 0xF5, 0x34, 0x60, 0xD5, 0x61, 0x25, 0x46, 0x67, 0x22, 0xB6, 0x16,
    0xB1, 0x6F, 0x4E, 0xE7, 0xBC, 0xE1, 0x4B, 0x3F, 0x30, 0x2C, 0xC1, 0xC8, 0x58, 0x4F, 0x6D, 0x61,
    0xE4, 0xE5, 0x64, 0x65, 0x41, 0xE8, 0x6A, 0x91, 0xC8, 0xD0, 0xCE, 0x94, 0x6F, 0x17, 0x0A, 0xDB,
    0x1C, 0xC0, 0xF1, 0x45, 0xA0, 0xC0, 0x6F, 0x60, 0x26, 0x20, 0x6D, 0xE5, 0x18, 0x2C, 0x75, 0x32,
    0xAC, 0x2C, 0xEA, 0x18, 0x17, 0x77, 0xA0, 0xD5, 0x6A, 0x91, 0x7C, 0x78, 0x9A, 0x6D, 0xCC, 0xCE,
    0xD6, 0xC9, 0x12, 0x96, 0x42, 0xE1, 0x75, 0x0D, 0xBD, 0x6B, 0xAC, 0x95, 0xC0, 0x17, 0x10, 0x0C,
    0x33, 0x99, 0x26, 0x71, 0x2B, 0x7D, 0x6C, 0xFC, 0x35, 0x45, 0xED, 0x7A, 0x09, 0xAF, 0x75, 0x7C,
    0xEA, 0x7C, 0xC0, 0xDE, 0x24, 0x61, 0xD1, 0x1B, 0x2F, 0x0D, 0x2C, 0x62, 0xB0, 0x81, 0x9F, 0xA2,
    0xC0, 0xAF, 0xBC, 0x82, 0xD2, 0xB4, 0x0D, 0xEF, 0x61, 0x60, 0x2B, 0x06, 0xF6, 0x84, 0x0C, 0xD5,
    0xFD, 0x50, 0x39, 0xB8, 0x91, 0xA9, 0xE6, 0xBE, 0x5F, 0x67, 0x93, 0x52, 0xEF, 0xF0, 0x85, 0xDE,
    0xC6, 0xB1, 0xC2, 0x8A, 0x04, 0xC4, 0xA2, 0x2A, 0xC2, 0xD9, 0x10, 0xF0, 0xE2, 0x65, 0x30, 0xC1,
    0x38, 0xE9, 0xDE, 0xC3, 0xA7, 0xEC, 0xC8, 0xC4, 0xC5, 0xDB, 0x08, 0x6D, 0x9C, 0x74, 0x86, 0x02,
    0x27, 0x0D, 0x28, 0x82, 0xF7, 0xF3, 0x99, 0xF1, 0x6F, 0x41, 0xF5, 0x81, 0xBC, 0x98, 0x16, 0x08,
    0x24, 0x1E, 0x41, 0x02, 0xFB, 0x1E, 0xB0, 0x8D, 0xE4, 0x75, 0x57, 0xAF, 0xB6, 0x8E, 0x9C, 0x26,
    0xB7, 0x03, 0x8D, 0x87, 0x99, 0x60, 0xC8, 0x92, 0x81, 0x59, 0x5D, 0xE4, 0x47, 0x58, 0x52, 0x2E,
    0xCF, 0xD8, 0x61, 0xD6, 0xC7, 0x42, 0x1F, 0x0C, 0x20, 0x92, 0x51, 0x0F, 0xD3, 0x02, 0x82, 0x30,
    0xF8, 0x16, 0x06, 0x77, 0x2B, 0x0C, 0xFF, 0x88, 0x7D, 0x42, 0x26, 0x72, 0x76, 0xBF, 0x6B, 0xA2,
    0xC4, 0xC9, 0x8D, 0x4F, 0xC0, 0xA2, 0x79, 0x80, 0x9A, 0x5E, 0xE2, 0xBE, 0x5A, 0x13, 0xAD, 0x09,
    0x2F, 0x55, 0x89, 0x88, 0xA5, 0x5E, 0x44, 0xA9, 0xA7, 0xED, 0xF2, 0x96, 0xA6, 0x0F, 0x65, 0x2D,
    0xD3, 0x85, 0x54, 0x79, 0xFA, 0x03, 0x13, 0xAD, 0x4F, 0x5A, 0xB1, 0x97, 0x06, 0xBA, 0xF4, 0x19,
    0xA7, 0x2B, 0xC4, 0x7E, 0x06, 0x9E, 0x30, 0xE7, 0x19, 0x96, 0x71, 0xAD, 0x70, 0xFF, 0xDA, 0xFA,
    0x97, 0x96, 0x46, 0xCF, 0x9F, 0x97, 0xE6, 0x99, 0xCE, 0xB3, 0x72, 0xF4, 0x5C, 0x56, 0x3D, 0x27,
    0xC6, 0x19, 0x98, 0xFE, 0x2D, 0xFD, 0x24, 0x87, 0x4C, 0x5B, 0xE3, 0xF4, 0x2B, 0x68, 0x1D, 0xB4,
    0x9A, 0x42, 0x55, 0x47, 0x08, 0x86, 0xE0, 0x06, 0xD5, 0xBB, 0x70, 0x7B, 0x30, 0x4C, 0x65, 0xD5,
    0xC4, 0xBF, 0xBF, 0x93, 0x42, 0x27, 0xC2, 0x6A, 0x3F, 0x20, 0x46, 0x99, 0x71, 0x28, 0x05, 0x1D,
    0xD1, 0x4F, 0xB2, 0x12, 0x46, 0x09, 0x77, 0xC8, 0x7F, 0x46, 0xCC, 0x82, 0xF7, 0xBA, 0xCC, 0xFC,
    0xD9, 0x86, 0x7B, 0x2B, 0xD3, 0x3A, 0xA4, 0x45, 0x57, 0x24, 0x33, 0x5A, 0x62, 0x4D, 0x8B, 0x5D,
    0x6A, 0xE0, 0x57, 0xC4, 0xBF, 0x03, 0x3C, 0xD9, 0x79, 0x18, 0x43, 0x43, 0x98, 0xB8, 0x27, 0xA1,
    0x49, 0xD8, 0x6E, 0x0C, 0x50, 0x85, 0xBA, 0x1B, 0x1B, 0xB3, 0x1F, 0x96, 0x0C, 0x38, 0x44, 0xDF,
    0x61, 0x7B, 0x2B, 0x49, 0xE3, 0xB3, 0x04, 0x58, 0x93, 0xBB, 0x09, 0xB1, 0x4A, 0xC1, 0xD0, 0xB0,
    0x95, 0x0D, 0xAC, 0x05, 0x01, 0xEC, 0x95, 0xCC, 0x58, 0x76, 0xBB, 0xEA, 0x19, 0x63, 0x72, 0x2C,
    0xCF, 0x80, 0x8B, 0x68, 0xEF, 0xDB, 0x82, 0x3C, 0x2C, 0xC7, 0xF0, 0x1B, 0x86, 0x5F, 0x37, 0x9F,
    0xE2, 0x49, 0x65, 0x66, 0x36, 0x06, 0xEE, 0x85, 0x0C, 0x60, 0x4E, 0x25, 0x6F, 0x46, 0xD6, 0x17,
    0x3B, 0x67, 0x48, 0x9D, 0xCA, 0xA8, 0x03, 0x74, 0x6D, 0xD7, 0x34, 0xC3, 0x48, 0x7B, 0x0A, 0x9E,
    0x0B, 0x53, 0x97, 0x5F, 0xE0, 0xF7, 0x77, 0x53, 0x2A, 0xDD, 0xD4, 0x2A, 0xDC, 0xD4, 0xC9, 0xE1,
    0xEE, 0x12, 0xD5, 0x66, 0x57, 0x07, 0x51, 0x6F, 0x99, 0xA1, 0xA1, 0x26, 0xF5, 0x37, 0xE1, 0x12,
    0x49, 0xCE, 0xD0, 0xF0, 0x18, 0x8D, 0x21, 0x9B, 0x38, 0xAB, 0x5F, 0xE0, 0xCF, 0xB7, 0x91, 0x97,
    0x58, 0xA5, 0x86, 0x55, 0xF5, 0xF9, 0x34, 0x88, 0xF0, 0x18, 0x49, 0xC7, 0x7B, 0x5A, 0xB9, 0x89,
    0x02, 0x2C, 0x9B, 0xE6, 0xD9, 0x89, 0x38, 0xAE, 0x1D, 0x2C, 0x7E, 0x84, 0x82, 0x0E, 0x79, 0x27,
    0xB4, 0x3C, 0xAE, 0xE5, 0x89, 0x50, 0x96, 0xBE, 0x3C, 0x11, 0xCB, 0x63, 0x89, 0x3C, 0x0E, 0xE9,
    0xB3, 0x59, 0x05, 0x25, 0xC9, 0x2B, 0x24, 0x66, 0x19, 0x43, 0x16, 0xB6, 0xC0, 0x08, 0x57, 0x96,
    0xA9, 0xBD, 0x47, 0xDB, 0x82, 0x9B, 0x63, 0x5A, 0x8F, 0xD0, 0xBD, 0x70, 0x21, 0x65, 0x9E, 0xD2,
    0xB9, 0x49, 0xDA, 0xB1, 0xD7, 0x44, 0x08, 0x30, 0xE0, 0xAD, 0x82, 0x86, 0xF7, 0x70, 0x6F, 0xD3,
    0x26, 0x92, 0x0F, 0x2C, 0xC8, 0x98, 0x44, 0x31, 0x1F, 0x7F, 0x35, 0xE1, 0x3B, 0xA0, 0x40, 0x69,
    0x44, 0xD6, 0x6C, 0x0A, 0xE5, 0xBB, 0x71, 0x17, 0x3A, 0x54, 0x42, 0xC9, 0xEC, 0xBB, 0x77, 0x53,
    0x72, 0x2F, 0xDF, 0x41, 0x2A, 0x32, 0x0B, 0x0C, 0x29, 0x45, 0x11, 0x84, 0xFD, 0x66, 0xEC, 0x82,
    0x76, 0x05, 0x08, 0x59, 0x88, 0xE5, 0xCB, 0x11, 0x02, 0xED, 0x55, 0xFE, 0x28, 0xF0, 0xA6, 0xCD,
    0x30, 0x1F, 0x5C, 0xEE, 0x78, 0x87, 0x0B, 0x79, 0x34, 0x97, 0x27, 0x72, 0x79, 0x26, 0x97, 0x69,
    0x2E, 0x75, 0x2E, 0xC3, 0x1C, 0xFF, 0xAF, 0x06, 0xB4, 0xB4, 0x6F, 0x5D, 0xD2, 0x8D, 0x92, 0x77,
    0x63, 0xD5, 0x87, 0x83, 0xA4, 0x90, 0x47, 0xF0, 0x00, 0xC9, 0x53, 0x58, 0x33, 0x78, 0x28, 0x21,
    0xB2, 0x63, 0x69, 0x70, 0x1D, 0x20, 0xF5, 0xB2, 0x5B, 0x16, 0x8D, 0xB9, 0x94, 0x66, 0xD3, 0x06,
    0xDA, 0xD1, 0xD4, 0x3A, 0x9A, 0x7E, 0x77, 0x77, 0x5A, 0xDA, 0xE9, 0x79, 0x51, 0xF4, 0x33, 0x8A,
    0x03, 0x36, 0x74, 0xE5, 0x15, 0xFA, 0x90, 0x11, 0xF4, 0xE6, 0xB7, 0xA8, 0x37, 0xDA, 0x47, 0x03,
    0xCA, 0xF3, 0x07, 0x9A, 0x9E, 0x1F, 0x0C, 0x44, 0xC6, 0xFC, 0x82, 0xB9, 0xB6, 0x77, 0x24, 0x97,
    0x87, 0x73, 0x09, 0x5E, 0x1A, 0x7E, 0x98, 0x1B, 0xFE, 0x5F, 0x4D, 0x02, 0x10, 0x2C, 0x84, 0x6E,
    0x3A, 0xC9, 0x98, 0x9D, 0xCE, 0x98, 0x16, 0xD8, 0x89, 0x42, 0xF0, 0x59, 0x6D, 0x63, 0x59, 0x78,
    0x73, 0x99, 0x3C, 0x92, 0x3E, 0xD1, 0x82, 0x2B, 0x95, 0x09, 0x91, 0xBB, 0x87, 0x0D, 0xCA, 0x3B,
    0x52, 0x78, 0x7E, 0xB7, 0x85, 0xB9, 0x77, 0x21, 0xF5, 0x4A, 0xED, 0xBD, 0x4F, 0x9E, 0x5F, 0x37,
    0x15, 0xD3, 0x47, 0xE3, 0xEC, 0xE3, 0xB7, 0x7A, 0x34, 0xD4, 0xA0, 0x83, 0xB4, 0x78, 0xC7, 0xF2,
    0x7A, 0xC7, 0x10, 0x06, 0x7F, 0x76, 0x4F, 0x5F, 0x4E, 0xF5, 0xEE, 0xD4, 0xAF, 0xC2, 0xAD, 0xAA,
    0x09, 0x33, 0xD9, 0xE8, 0x4A, 0xAA, 0x8E, 0x6A, 0x39, 0x1B, 0x42, 0x71, 0x9C, 0x6F, 0x38, 0x6C,
    0x80, 0xCE, 0x12, 0x0C, 0x18, 0x5A, 0x03, 0x0B, 0xD0, 0x8C, 0x2F, 0x3F, 0xF6, 0xD9, 0x10, 0xD1,
    0x3F, 0xB1, 0xCE, 0x72, 0xA4, 0x3D, 0xC6, 0x7A, 0x50, 0x91, 0x05, 0xC8, 0x13, 0x63, 0x05, 0x35,
    0x9B, 0x4D, 0x3A, 0xD8, 0xF4, 0x68, 0xBA, 0xA6, 0x43, 0x4D, 0x45, 0x5E, 0xF3, 0x20, 0xB9, 0x6C,
    0x48, 0x4D, 0x5A, 0x4C, 0x8C, 0x4B, 0x2D, 0x6C, 0xFD, 0xCD, 0x54, 0xCE, 0x6A, 0x77, 0x8E, 0x17,
    0x81, 0x61, 0xED, 0x19, 0xEA, 0x53, 0xFE, 0xA0, 0xD4, 0x33, 0x8A, 0x03, 0x11, 0xC8, 0xC3, 0x3B,
    0x9A, 0xCA, 0x25, 0x2D, 0x60, 0x28, 0x10, 0xC6, 0x05, 0xF4, 0xF0, 0x0A, 0xAE, 0x16, 0xDE, 0xEE,
    0xB4, 0x6A, 0x72, 0x2E, 0x75, 0x1F, 0xCD, 0x2F, 0x90, 0xC5, 0x19, 0x5C, 0xED, 0x94, 0x3E, 0xBA,
    0x39, 0x4F, 0x72, 0x45, 0x86, 0x4E, 0x6B, 0xE7, 0x14, 0x5C, 0x05, 0xDC, 0xE0, 0x8D, 0x82, 0x3F,
    0x58, 0x81, 0xF1, 0x1B, 0x8C, 0xBD, 0x0E, 0x43, 0xA8, 0xED, 0x77, 0x99, 0xF9, 0x02, 0x18, 0x7E,
    0x96, 0xD1, 0x85, 0x8C, 0xAC, 0x7B, 0xBE, 0x55, 0x66, 0x56, 0x56, 0x54, 0xCD, 0x31, 0x48, 0x17,
    0xC4, 0x5E, 0xE6, 0x21, 0x29, 0x90, 0x08, 0x8B, 0xE4, 0x4F, 0x41, 0x25, 0x9B, 0xF4, 0x17, 0xF3,
    0x14, 0x94, 0x9E, 0x09, 0xC4, 0x82, 0x98, 0x90, 0xC7, 0x48, 0xB4, 0x9F, 0x42, 0x97, 0x8D, 0x22,
    0x9B, 0x16, 0x98, 0xA8, 0x06, 0xCF, 0xFC, 0xE4, 0x3C, 0x8D, 0xC3, 0x21, 0x4A, 0x5F, 0x45, 0xFE,
    0x1F, 0x9D, 0xF5, 0x7D, 0x8F, 0x26, 0x87, 0xB9, 0x14, 0xD0, 0xA8, 0x57, 0x82, 0xE0, 0x5B, 0xCE,
    0x5E, 0x4E, 0xE4, 0x89, 0x0B, 0x99, 0x3C, 0xF1, 0x39, 0x74, 0xF5, 0xF3, 0x42, 0x9E, 0xC2, 0x4F,
    0xFE, 0xFB, 0xF8, 0x65, 0xD8, 0x04, 0xC3, 0x3F, 0x20, 0x2E, 0x68, 0xDB, 0xB7, 0xF3, 0xAA, 0x51,
    0x94, 0x53, 0x3B, 0xB7, 0xEF, 0xE5, 0xEE, 0xB5, 0x5C, 0x5D, 0x6C, 0x23, 0x60, 0x76, 0x7D, 0xCE,
    0x33, 0xD9, 0xCD, 0x20, 0x50, 0xEE, 0x5F, 0x1D, 0x21, 0x3C, 0x49, 0x6A, 0x9F, 0xDF, 0xD7, 0x47,
    0xAB, 0xC2, 0x89, 0xE5, 0x73, 0xF0, 0x84, 0x58, 0x2A, 0xF8, 0x86, 0xA3, 0x2D, 0xD6, 0xEA, 0xBF,
    0xF1, 0xBD, 0x32, 0xF6, 0x8E, 0xA5, 0xF3, 0x3B, 0x5A, 0xB5, 0xE8, 0x32, 0x27, 0x70, 0xE4, 0x86,
    0xBC, 0xEF, 0x07, 0xD9, 0x88, 0x0C, 0x5A, 0x12, 0x21, 0xC1, 0x89, 0xB9, 0xAB, 0x95, 0xC1, 0x8F,
    0x67, 0x02, 0x33, 0x91, 0x34, 0xF4, 0x22, 0x8D, 0x9D, 0xE4, 0xB1, 0xCE, 0x63, 0x26, 0xEF, 0x90,
    0xEA, 0xCC, 0x4F, 0xDB, 0xCD, 0x86, 0x06, 0x87, 0x37, 0x2B, 0x2D, 0x33, 0xA7, 0x18, 0x9F, 0xDE,
    0x7F, 0x50, 0xA5, 0x9B, 0xFC, 0x1E, 0x88, 0xDF, 0xD3, 0x2E, 0x1E, 0x70, 0x75, 0x10, 0xCA, 0x05,
    0xDF, 0x81, 0x71, 0x0E, 0x87, 0x0E, 0xCD, 0xCC, 0x0C, 0x0D, 0x51, 0xBF, 0x85, 0x70, 0xDF, 0x59,
    0xF0, 0xCD, 0x21, 0x93, 0x85, 0x80, 0x82, 0x6B, 0x36, 0x70, 0x1F, 0x89, 0x17, 0xBB, 0x8B, 0xBF,
    0x81, 0x32, 0xF8, 0xF6, 0xDF, 0x42, 0x98, 0xE6, 0x22, 0x12, 0x69, 0x5C, 0x49, 0xA9, 0x31, 0x9B,
    0x80, 0xBE, 0x02, 0x95, 0x89, 0x75, 0xF4, 0x46, 0xF6, 0xDD, 0xDD, 0xD7, 0xB3, 0xD2, 0xBE, 0x01,
    0x64, 0x2A, 0xE3, 0xFE, 0xCA, 0x18, 0x58, 0x29, 0x59, 0xF5, 0x40, 0xB7, 0xA1, 0x0F, 0x25, 0x6C,
    0xE1, 0x76, 0xC1, 0xAA, 0x28, 0x8F, 0xDE, 0xC9, 0x83, 0x2B, 0x95, 0xC3, 0x62, 0x99, 0x86, 0xAC,
    0x36, 0x2C, 0xD3, 0x8E, 0x51, 0x9E, 0x7F, 0x08, 0x65, 0xC4, 0x96, 0xC1, 0xD6, 0xF3, 0x18, 0x6E,
    0xB2, 0x1A, 0x6E, 0xAC, 0x90, 0xB7, 0x17, 0x62, 0x1D, 0xE0, 0xDD, 0x5D, 0x19, 0x3E, 0x1B, 0xB1,
    0xC1, 0x85, 0x8F, 0xCD, 0xC3, 0x2F, 0xAC, 0x0E, 0xC6, 0xB6, 0xF6, 0xED, 0x0B, 0x30, 0x00, 0x56,
    0xB2, 0x75, 0x01, 0x8D, 0x31, 0xFD, 0x25, 0x10, 0xC9, 0xA6, 0x5F, 0xF0, 0xC7, 0xBB, 0x4C, 0x43,
    0x92, 0xF0, 0xB6, 0x6F, 0xF0, 0x87, 0x63, 0xF1, 0x66, 0xD9, 0xD2, 0x63, 0xE5, 0x69, 0x3D, 0x19,
    0x90, 0xF6, 0x03, 0x56, 0x89, 0x8F, 0x40, 0x67, 0x53, 0x0A, 0x38, 0x13, 0xE0, 0xA4, 0xC4, 0x10,
    0x14, 0xDC, 0x4D, 0xED, 0x3A, 0xEE, 0xA1, 0xBD, 0xE4, 0x76, 0xD1, 0x02, 0x30, 0xF9, 0x8B, 0x3B,
    0x7A, 0x36, 0x0D, 0x6B, 0x80, 0xBC, 0xE7, 0xDB, 0x8F, 0x52, 0xFB, 0x8E, 0x31, 0x8B, 0x3B, 0x99,
    0x6B, 0x02, 0xBB, 0x1E, 0x64, 0x24, 0xAD, 0xD0, 0x2A, 0x5B, 0x2D, 0x80, 0x20, 0xC4, 0x8C, 0x7D,
    0x96, 0x09, 0x87, 0x64, 0xF0, 0xF9, 0xAC, 0x44, 0xE5, 0x30, 0x4F, 0x2A, 0xE2, 0xB0, 0x59, 0xDC,
    0xBA, 0x15, 0x73, 0x46, 0x3C, 0x87, 0x15, 0x46, 0xE2, 0x32, 0x96, 0xDA, 0x16, 0x97, 0x3A, 0x58,
    0xB6, 0x88, 0x4B, 0x28, 0x1B, 0x67, 0x7D, 0x2A, 0x89, 0x0A, 0x99, 0x99, 0x8C, 0xD8, 0x57, 0x65,
    0xD9, 0x41, 0x70, 0xDD, 0xC2, 0xD3, 0x1D, 0xAE, 0xEA, 0xA8, 0xDF, 0x53, 0xD7, 0xA9, 0x7E, 0x9B,
    0xC0, 0xA9, 0xDE, 0xED, 0x3A, 0x55, 0xD9, 0x75, 0xAA, 0xB4, 0x95, 0x01, 0xD4, 0x41, 0xF0, 0x55,
    0xCE, 0xE6, 0x2A, 0xF5, 0xC0, 0x7C, 0xF7, 0x46, 0x3E, 0x83, 0x37, 0x72, 0x64, 0xD1, 0x77, 0xE1,
    0xD6, 0x61, 0x15, 0x71, 0x5D, 0x24, 0xA9, 0xCA, 0x25, 0xF9, 0xA2, 0xC2, 0x89, 0x9C, 0x2F, 0x4E,
    0x2D, 0x97, 0xA4, 0xBD, 0x80, 0x24, 0xAD, 0xBC, 0xD9, 0x46, 0xE8, 0x89, 0x24, 0xED, 0x6F, 0x9F,
    0x9A, 0xA4, 0xB1, 0x06, 0x55, 0xDE, 0xCE, 0x4E, 0xC7, 0x60, 0xA8, 0x65, 0x36, 0xF3, 0xA7, 0xF0,
    0x76, 0xA9, 0xDA, 0x1D, 0xBB, 0xE8, 0x7F, 0x04, 0x81, 0x25, 0x4D, 0xA9, 0x94, 0x2B, 0x01, 0xF6,
    0x7F, 0xBB, 0xA9, 0x4B, 0x76, 0xD6, 0x87, 0xE1, 0x7B, 0x91, 0xE7, 0xC3, 0x82, 0x3B, 0x3B, 0x21,
    0x1D, 0xC4, 0x1D, 0x0A, 0x76, 0x0C, 0x77, 0x66, 0x42, 0x73, 0x81, 0xAD, 0x71, 0x59, 0x28, 0xDC,
    0x77, 0x7F, 0x14, 0x17, 0x0A, 0x0A, 0x09, 0xC3, 0xBE, 0x48, 0xEE, 0xEF, 0xBA, 0x6A, 0x93, 0x9B,
    0x82, 0x71, 0x3F, 0x59, 0x7F, 0x8F, 0x7C, 0xE7, 0x11, 0x5E, 0x9C, 0xC2, 0x6A, 0x37, 0xFF, 0xC9,
    0x86, 0x06, 0x7B, 0xF3, 0x63, 0x92, 0x43, 0xE4, 0x6E, 0x25, 0xFB, 0x38, 0xD1, 0xDB, 0xAB, 0x0C,
    0xBC, 0xA0, 0x92, 0xD0, 0x5C, 0xB9, 0x92, 0x60, 0x2F, 0xAE, 0x24, 0x4C, 0xAE, 0x58, 0x49, 0x68,
    0x14, 0xF3, 0x95, 0x04, 0x61, 0x18, 0x75, 0xD3, 0x9C, 0xC1, 0xAE, 0x6B, 0xA9, 0xC2, 0xA1, 0xB0,
    0x0E, 0x87, 0xE6, 0x60, 0x81, 0xF9, 0x63, 0x0B, 0xBC, 0x9D, 0xCB, 0xCF, 0xAB, 0x48, 0x04, 0xBB,
    0xF3, 0x96, 0x41, 0x48, 0x2C, 0xBA, 0xFF, 0x95, 0x57, 0x30, 0xD7, 0x4E, 0x95, 0x29, 0xFE, 0xF1,
    0x3D, 0x1F, 0xBA, 0x1E, 0x9B, 0xFA, 0xB5, 0xA1, 0xFB, 0x9F, 0x9A, 0x00, 0x9B, 0xEB, 0x00, 0x20,
    0x6D, 0x73, 0xDE, 0x84, 0x9F, 0x9C, 0x10, 0x7A, 0xDD, 0x82, 0xE8, 0x22, 0x3B, 0x09, 0x7F, 0xC1,
    0x11, 0x14, 0xAD, 0x60, 0x27, 0xCB, 0xA6, 0xDB, 0xBF, 0x05, 0x7D, 0x1D, 0x54, 0xB5, 0x0F, 0xAE,
    0x83, 0x98, 0xDA, 0xC8, 0xE0, 0xD2, 0x74, 0x7B, 0x69, 0xFC, 0x33, 0x52, 0x78, 0xFF, 0x9C, 0x7B,
    0x5F, 0x98, 0xF8, 0xE7, 0x87, 0xDA, 0xF3, 0xC7, 0x17, 0xC6, 0x3F, 0x7C, 0x6E, 0x40, 0xDB, 0x0F,
    0xB4, 0x72, 0x79, 0x6F, 0x64, 0x85, 0x5A, 0xDA, 0xA2, 0xBA, 0x3B, 0xB6, 0xCD, 0x36, 0x2E, 0xE3,
    0x7F, 0x9E, 0xF4, 0x17, 0xF3, 0x2E, 0xC3, 0x94, 0xE8, 0x0E, 0x3E, 0x51, 0xA2, 0x8B, 0x90, 0x26,
    0x2E, 0xD7, 0x21, 0x92, 0x10, 0x31, 0xE7, 0x57, 0xDE, 0x07, 0x41, 0xFA, 0xBE, 0xDF, 0xD6, 0x5D,
    0x29, 0xD3, 0xD5, 0x9F, 0xD7, 0x55, 0x46, 0x37, 0x7D, 0x89, 0xDC, 0xE4, 0x3B, 0x20, 0x2C, 0xF1,
    0xFA, 0x38, 0xA0, 0x1F, 0x26, 0x8F, 0x04, 0xDC, 0x4D, 0xE0, 0x64, 0x12, 0x39, 0x4F, 0x22, 0x95,
    0x3A, 0x68, 0x7B, 0xBA, 0x2E, 0xFE, 0x57, 0x85, 0x63, 0xDE, 0xBA, 0x17, 0xD9, 0xCF, 0xF9, 0x72,
    0xCE, 0x97, 0x47, 0x7C, 0x79, 0x18, 0xF6, 0x1B, 0xCB, 0x2B, 0x15, 0xAA, 0x67, 0xC1, 0xF5, 0x94,
    0x2C, 0xD3, 0xEC, 0xA4, 0xB1, 0x5B, 0xDB, 0xB7, 0xA8, 0xF1, 0xE9, 0x86, 0x0B, 0x78, 0x9D, 0xAA,
    0x80, 0xE7, 0x2F, 0x29, 0xE0, 0x4D, 0x1B, 0x29, 0x0E, 0x19, 0xBE, 0x6B, 0x01, 0x7F, 0xB6, 0x04,
    0xC1, 0x7D, 0x1C, 0x40, 0x19, 0x50, 0xA7, 0x75, 0x94, 0x07, 0xF7, 0xB3, 0x49, 0xC2, 0x6A, 0xE0,
    0x90, 0x1A, 0x53, 0x04, 0xFF, 0xB4, 0x52, 0xAE, 0xA1, 0xB9, 0xA6, 0x0C, 0x45, 0xA6, 0x51, 0xEA,
    0x49, 0xC8, 0xF1, 0xB9, 0x56, 0x17, 0x1B, 0xE1, 0x3C, 0xB5, 0x56, 0x97, 0x2F, 0xAC, 0xD5, 0x71,
    0x1D, 0x38, 0x66, 0x21, 0xD4, 0x22, 0xD8, 0x55, 0xD3, 0x4E, 0x5A, 0x9C, 0x7B, 0xF8, 0xB5, 0xF3,
    0x3C, 0x6B, 0x9C, 0xE7, 0xF1, 0xCA, 0x79, 0x0E, 0x1B, 0xA7, 0xD9, 0x0B, 0xE4, 0x38, 0x30, 0x81,
    0x39, 0xCB, 0xB4, 0x02, 0x86, 0x69, 0x12, 0x37, 0x61, 0xE0, 0xE2, 0xE6, 0x00, 0xB3, 0x9D, 0x64,
    0xC6, 0x25, 0xCE, 0x51, 0xF1, 0x27, 0xC7, 0xB9, 0x37, 0xA1, 0x04, 0x60, 0x98, 0x54, 0x62, 0x54,
    0xCE, 0xCD, 0x00, 0x11, 0xB6, 0x89, 0x00, 0xDF, 0xAF, 0x47, 0xF5, 0x48, 0x8E, 0x07, 0x24, 0xCF,
    0x61, 0xF5, 0xBF, 0xD2, 0x18, 0x19, 0xF4, 0x1F, 0x88, 0x12, 0x7E, 0x09, 0x39, 0x9F, 0x04, 0xA0,
    0x24, 0x5C, 0xA1, 0xDA, 0x44, 0xAF, 0xF0, 0xD6, 0x79, 0x9D, 0x46, 0x46, 0x5C, 0x4F, 0x02, 0x0E,
    0xB8, 0x53, 0x50, 0xE8, 0x1F, 0x30, 0x0A, 0x0C, 0x32, 0xC3, 0xD8, 0xF6, 0x43, 0x06, 0x84, 0x47,
    0x7C, 0xDA, 0x83, 0xF4, 0x07, 0x0C, 0x6F, 0x32, 0x16, 0x80, 0xC9, 0x98, 0x00, 0xFB, 0x29, 0x3A,
    0x98, 0x1F, 0x7B, 0x2F, 0x19, 0x61, 0x76, 0x81, 0x04, 0xC6, 0x41, 0x40, 0x06, 0x40, 0x83, 0xC7,
    0x2F, 0x21, 0xD7, 0x40, 0x72, 0x72, 0x07, 0xEF, 0x32, 0xD8, 0x60, 0xE3, 0x81, 0x11, 0xF8, 0x3F,
    0xF2, 0xF2, 0x9C, 0x4B, 0x43, 0x9B, 0xB8, 0x60, 0xE1, 0x71, 0xC5, 0xA2, 0xF4, 0x81, 0x0E, 0xB7,
    0x28, 0x54, 0x16, 0x17, 0xD1, 0x58, 0x05, 0x14, 0x23, 0xB2, 0x62, 0x09, 0x23, 0xAE, 0x05, 0x33,
    0xA6, 0xC0, 0x18, 0xA1, 0xD8, 0x0A, 0xB8, 0x76, 0x41, 0xC1, 0xDB, 0x50, 0xCE, 0x32, 0x89, 0x92,
    0x3A, 0x29, 0xC1, 0xF0, 0x1D, 0x11, 0xFE, 0x32, 0x57, 0xFA, 0x42, 0x36, 0x4A, 0xD6, 0x83, 0x04,
    0x9F, 0x42, 0x5F, 0xEE, 0x23, 0x02, 0xCF, 0x80, 0xDC, 0x59, 0x44, 0x6E, 0x1B, 0xEB, 0xC0, 0xB3,
    0x1B, 0x2C, 0x6E, 0xB6, 0x4D, 0x71, 0xD3, 0x60, 0xB3, 0x09, 0x1B, 0xA9, 0xCB, 0x9C, 0x5A, 0x07,
    0x9E, 0x9A, 0x1B, 0x02, 0x7F, 0xB7, 0x1A, 0x30, 0xEF, 0xAD, 0xD5, 0xA5, 0x81, 0xA9, 0xB4, 0xCE,
    0xF2, 0x54, 0xF6, 0xF1, 0x54, 0x7A, 0x78, 0x88, 0xC6, 0x33, 0xD6, 0x59, 0x83, 0x39, 0x06, 0xCC,
    0x07, 0x29, 0x46, 0xDA, 0x81, 0x31, 0xA1, 0x04, 0x20, 0xFE, 0x79, 0xB8, 0xA2, 0x6E, 0x6A, 0x7A,
    0xA0, 0xD5, 0x3A, 0x03, 0x6F, 0xF5, 0xF0, 0xAC, 0x39, 0x32, 0x73, 0x97, 0x1E, 0x99, 0xDD, 0x1E,
    0x67, 0x5E, 0x2E, 0x3C, 0x2C, 0x93, 0xBA, 0xAA, 0xC3, 0xF1, 0xF3, 0x50, 0x42, 0xE6, 0x31, 0x1F,
    0x99, 0x09, 0x1D, 0x14, 0xAA, 0x2D, 0x4C, 0xFD, 0x49, 0x9A, 0x78, 0xCA, 0x33, 0x50, 0x60, 0x70,
    0xA1, 0x39, 0xC9, 0xFC, 0xD5, 0x90, 0xB3, 0x5D, 0xF2, 0xE6, 0x4C, 0xE0, 0x3A, 0x22, 0x8F, 0x42,
    0x22, 0x47, 0xEF, 0xB5, 0xF1, 0xFB, 0x0C, 0x68, 0x0C, 0xD4, 0x0C, 0xAE, 0x16, 0x9C, 0x11, 0x72,
    0xE4, 0xC4, 0x19, 0x26, 0x76, 0x7D, 0x1B, 0x66, 0xD2, 0x81, 0x1B, 0x79, 0xA3, 0xAA, 0x08, 0x75,
    0x3E, 0x80, 0x2F, 0x6A, 0x20, 0x60, 0x86, 0x8A, 0x18, 0x3C, 0x2C, 0xC3, 0xC0, 0x9E, 0x4D, 0x22,
    0xF7, 0x70, 0x1A, 0x08, 0x3F, 0x55, 0x4C, 0x27, 0x0E, 0xA7, 0xE2, 0xCB, 0xD9, 0xD8, 0xFE, 0xF6,
    0xD1, 0x3F, 0x42, 0x0F, 0x53, 0xDE, 0x67, 0x44, 0x9D, 0x72, 0x4F, 0xD8, 0x6C, 0xD0, 0x21, 0x19,
    0x9F, 0xDF, 0x35, 0x39, 0x73, 0x6E, 0xBF, 0x9A, 0x9A, 0xF4, 0x3A, 0xBF, 0x31, 0x01, 0xB7, 0xFF,
    0xCC, 0x45, 0x5D, 0x2B, 0xAE, 0x8E, 0xDD, 0x04, 0x43, 0x3B, 0xA8, 0x2F, 0x36, 0x89, 0xE8, 0x0A,
    0x59, 0xF8, 0x52, 0xD8, 0x79, 0xB6, 0xAA, 0x70, 0x52, 0x57, 0x85, 0x97, 0x43, 0x9E, 0xA7, 0x27,
    0xF9, 0xF3, 0xA9, 0x72, 0x5F, 0x55, 0x2C, 0x7D, 0x63, 0x52, 0x25, 0x5C, 0xB4, 0x73, 0x81, 0x02,
    0xBD, 0x88, 0x6A, 0xB6, 0x23, 0x30, 0xDD, 0x61, 0x52, 0x4D, 0x5E, 0x2B, 0x79, 0x4F, 0x10, 0xFE,
    0xD7, 0xA8, 0x4F, 0x05, 0xCA, 0xB9, 0x05, 0x01, 0xFC, 0xCD, 0x3A, 0x65, 0xA7, 0xE5, 0x9A, 0x53,
    0xAE, 0x38, 0x90, 0x15, 0xFD, 0xC6, 0xD0, 0xBA, 0x06, 0x02, 0xC6, 0x33, 0xB0, 0x2D, 0x19, 0x68,
    0x83, 0x55, 0xE9, 0xB6, 0xA9, 0x4A, 0x2F, 0x36, 0x67, 0x67, 0xA1, 0x39, 0xAF, 0x54, 0xA1, 0xC8,
    0x4C, 0xFE, 0x39, 0xCA, 0x27, 0xE8, 0x1C, 0x40, 0x36, 0x5B, 0xFF, 0xDE, 0x9A, 0x68, 0x46, 0x67,
    0x54, 0x32, 0xA9, 0x7E, 0x20, 0xB5, 0xAF, 0xFE, 0x12, 0x11, 0xA6, 0xF2, 0xD7, 0xCC, 0x12, 0xAB,
    0x2C, 0xAB, 0xBA, 0xFF, 0xF4, 0xBC, 0x4B, 0x35, 0x6C, 0x7E, 0x97, 0xB1, 0xCD, 0x41, 0xF2, 0xD9,
    0xA3, 0x3D, 0xE1, 0x85, 0xFB, 0x7B, 0xC2, 0xEF, 0x67, 0x32, 0xB4, 0x16, 0x91, 0x17, 0xBA, 0xA5,
    0x91, 0x21, 0xEB, 0x26, 0xDB, 0xDF, 0xE8, 0x33, 0x16, 0xC8, 0x9F, 0xAA, 0x6A, 0x2B, 0xD6, 0x5A,
    0x86, 0x4C, 0x94, 0x3A, 0x60, 0x86, 0x3C, 0x80, 0x21, 0x65, 0xC6, 0x38, 0x21, 0x2E, 0x9F, 0x78,
    0x4C, 0x77, 0x4F, 0x25, 0x36, 0x57, 0xB2, 0x7F, 0x7C, 0x02, 0xF9, 0x7C, 0x4D, 0xF3, 0x11, 0x60,
    0x60, 0xD6, 0x1E, 0x21, 0xA4, 0x7D, 0x3B, 0xF7, 0x3E, 0xE4, 0x06, 0x14, 0x73, 0x3A, 0x39, 0x7D,
    0x2F, 0xA7, 0x57, 0x72, 0x72, 0x3A, 0xA6, 0xAE, 0x5E, 0x95, 0x97, 0xD9, 0x9C, 0x4C, 0x1C, 0xC5,
    0x74, 0x6D, 0x64, 0x85, 0x58, 0xCA, 0x03, 0x4A, 0x55, 0x61, 0xEC, 0x7C, 0xB9, 0x61, 0xBE, 0x82,
    0xE6, 0xED, 0xD1, 0x1E, 0x70, 0xF3, 0xE8, 0xE2, 0x72, 0xC3, 0xD1, 0xBA, 0x12, 0x37, 0x49, 0x51,
    0x48, 0x99, 0xFB, 0xEB, 0x8C, 0x12, 0xE5, 0x0F, 0xD3, 0xC9, 0x19, 0x60, 0xCF, 0x9F, 0x15, 0x60,
    0xAE, 0x39, 0x9E, 0x2E, 0xBA, 0x79, 0x94, 0x61, 0x96, 0x99, 0x7C, 0x9B, 0xF5, 0x26, 0x62, 0x5B,
    0xF3, 0x34, 0x90, 0xC0, 0x31, 0xBB, 0xF1, 0x8A, 0xD9, 0x8C, 0x34, 0x08, 0x3F, 0xB9, 0x94, 0xFC,
    0xC5, 0xFF, 0xA6, 0xA2, 0x4C, 0xAA, 0xE8, 0xD0, 0x4D, 0xB6, 0xD9, 0x65, 0xC2, 0x65, 0xEB, 0x97,
    0xCD, 0x6D, 0x16, 0xF4, 0x74, 0x87, 0x7D, 0x29, 0x7C, 0x25, 0x22, 0x99, 0xE4, 0xB9, 0x8D, 0xBF,
    0x85, 0x3F, 0xE9, 0xED, 0x32, 0xDF, 0xC7, 0x00, 0x68, 0x8D, 0x4B, 0xC9, 0x2A, 0xB3, 0x1A, 0xA8,
    0x23, 0x96, 0x95, 0xEF, 0x85, 0x98, 0x6C, 0x88, 0x75, 0x65, 0xB3, 0xE1, 0xE6, 0x72, 0x42, 0xF3,
    0x1C, 0xF3, 0x9E, 0xF0, 0x0F, 0x79, 0x86, 0x5C, 0x19, 0xC4, 0x16, 0xCE, 0xC3, 0xDE, 0xE2, 0x75,
    0xF1, 0x49, 0x98, 0x49, 0x48, 0xD7, 0x5F, 0x9F, 0x7E, 0x7A, 0x18, 0x78, 0x12, 0xD4, 0xAE, 0xAF,
    0x00, 0x40, 0x99, 0x12, 0xA3, 0xD0, 0xE6, 0x1B, 0x13, 0x61, 0xB5, 0x8D, 0x0D, 0x38, 0xBB, 0x27,
    0x7C, 0xC4, 0x17, 0x34, 0x1F, 0x06, 0x9A, 0x8C, 0xEC, 0x18, 0xC9, 0x9F, 0x9B, 0x18, 0xFD, 0x18,
    0x62, 0xF4, 0x0C, 0xCE, 0x38, 0xB8, 0x96, 0xF3, 0xCD, 0x21, 0x04, 0x60, 0x56, 0x15, 0xD6, 0x6A,
    0x04, 0x04, 0x0B, 0x8E, 0x7C, 0xE3, 0x25, 0xB4, 0x13, 0xB4, 0x03, 0x34, 0x0A, 0x1A, 0x07, 0xC1,
    0x05, 0x2F, 0x38, 0xF2, 0x9D, 0xAE, 0x2D, 0x9D, 0x63, 0x20, 0xE3, 0x84, 0x9F, 0x5E, 0xDD, 0xCE,
    0xFB, 0xD9, 0x31, 0x4D, 0x9A, 0xE7, 0xFD, 0x8D, 0x45, 0x40, 0x16, 0x9F, 0xAB, 0x5A, 0x6C, 0x50,
    0x16, 0x4B, 0x9C, 0x23, 0x3F, 0xDA, 0xCD, 0x65, 0x86, 0x1B, 0xA1, 0x29, 0x05, 0x98, 0x9C, 0x74,
    0xD9, 0x08, 0xE8, 0x12, 0x57, 0x19, 0xE6, 0xB3, 0x94, 0x6A, 0xF9, 0xCF, 0xED, 0xA8, 0x59, 0x32,
    0x7B, 0x6B, 0x3E, 0x2D, 0xD9, 0xB9, 0x5A, 0x34, 0x56, 0x45, 0xE4, 0x43, 0xE6, 0x5E, 0x44, 0xFF,
    0xFA, 0x21, 0xD2, 0xAB, 0xCF, 0x10, 0xBB, 0x68, 0xDB, 0x45, 0xDC, 0x15, 0x20, 0xD2, 0x2B, 0x78,
    0x7E, 0x03, 0xB5, 0x29, 0xAE, 0xE7, 0xB8, 0xDE, 0x7F, 0xDA, 0x71, 0xBD, 0x81, 0x35, 0xE3, 0x34,
    0x79, 0x7C, 0xAE, 0xCE, 0x75, 0x8F, 0x03, 0x55, 0xE8, 0xD5, 0x47, 0x19, 0x51, 0x75, 0x94, 0xF1,
    0x20, 0xA2, 0xDE, 0x48, 0xD1, 0x80, 0x02, 0x0D, 0x2B, 0x0A, 0x06, 0x38, 0x74, 0xEE, 0x5E, 0xB1,
    0xE1, 0xE4, 0x0B, 0x69, 0x97, 0x1F, 0xF8, 0xCA, 0xF7, 0x96, 0xFD, 0x36, 0x07, 0x1F, 0xA6, 0xE6,
    0x21, 0xCD, 0xED, 0x09, 0x0E, 0xD3, 0xC5, 0x99, 0xBA, 0xE6, 0xF1, 0x1C, 0x6F, 0xE4, 0xB0, 0xA3,
    0x6E, 0x90, 0xE8, 0x35, 0x81, 0x93, 0xBF, 0xDA, 0xF9, 0xD9, 0x0B, 0xE6, 0xAE, 0x92, 0xC7, 0xB1,
    0xDA, 0x3E, 0x74, 0xDF, 0xD3, 0xF3, 0xBC, 0xE7, 0xA2, 0x3C, 0x82, 0xC0, 0xB6, 0x6E, 0xA5, 0x35,
    0x9C, 0xE5, 0xB5, 0x5A, 0x9F, 0xE2, 0x85, 0x7B, 0x5C, 0xBD, 0x8C, 0xB1, 0xC5, 0x57, 0xE3, 0xCD,
    0xD4, 0xF8, 0x92, 0x0D, 0xE3, 0xBD, 0x78, 0x1B, 0xB9, 0xE2, 0x2B, 0x60, 0xCA, 0x59, 0xB8, 0xBE,
    0xE6, 0xD9, 0x78, 0x2F, 0x1B, 0x74, 0x3F, 0x02, 0xCF, 0xB8, 0x61, 0xC1, 0xA4, 0x5F, 0x74, 0x80,
    0x2C, 0x5B, 0x54, 0x5E, 0x5F, 0x6B, 0xAC, 0x2A, 0x14, 0x0F, 0xDB, 0xB4, 0x25, 0x12, 0xFE, 0x50,
    0x53, 0x84, 0xFD, 0xEA, 0x01, 0xA6, 0xEB, 0xF3, 0x05, 0x3F, 0x1A, 0x0E, 0x2C, 0x7F, 0x2C, 0x2A,
    0x49, 0x5D, 0x2D, 0x68, 0x53, 0x55, 0x7E, 0xB3, 0xF5, 0x88, 0xAD, 0xB5, 0x8D, 0x94, 0xF5, 0xC3,
    0x75, 0x5E, 0xA0, 0x04, 0x62, 0x40, 0xD6, 0x3D, 0x26, 0x3E, 0x1A, 0x59, 0xA5, 0x56, 0xDF, 0x80,
    0x2F, 0x12, 0x73, 0x39, 0xBD, 0x09, 0x3D, 0xDD, 0x05, 0xF5, 0xDA, 0x61, 0x4C, 0xC0, 0xE0, 0x1F,
    0x53, 0xA2, 0xCA, 0x32, 0x8E, 0x7E, 0xB8, 0x4F, 0x1F, 0x42, 0x2A, 0xD0, 0x84, 0x8F, 0x92, 0xE1,
    0x34, 0x32, 0xBF, 0x84, 0xEA, 0xAB, 0x7A, 0x6E, 0xCE, 0xC5, 0xF6, 0x9F, 0x20, 0xB4, 0xC6, 0x6E,
    0x09, 0xDF, 0xC3, 0x10, 0x1E, 0x1D, 0x1C, 0xE6, 0x43, 0x0C, 0x5E, 0x05, 0x9C, 0x9F, 0x49, 0x11,
    0x41, 0x8D, 0x4B, 0xF1, 0x46, 0x07, 0xC3, 0x96, 0xA1, 0xBD, 0xF9, 0xE6, 0x1A, 0x06, 0xE6, 0xD0,
    0x8D, 0xDD, 0xD6, 0x79, 0xE3, 0x3D, 0x0D, 0xDF, 0xBE, 0xFD, 0x0F, 0xEF, 0xB6, 0x9A, 0x9C, 0xF2,
    0x04, 0xAC, 0x8B, 0xD5, 0x2C, 0x9F, 0xE9, 0x58, 0xB5, 0x81, 0xCD, 0xFB, 0x52, 0xA3, 0x39, 0xEF,
    0xF8, 0xEB, 0xBA, 0x51, 0xF5, 0x58, 0x44, 0x5B, 0x57, 0x3F, 0x9E, 0x65, 0x58, 0x6D, 0x7D, 0xDA,
    0xFC, 0x20, 0x85, 0x43, 0xDA, 0x86, 0x94, 0x28, 0xE2, 0x50, 0x9C, 0x3B, 0x97, 0x18, 0x28, 0xEF,
    0xB7, 0x8B, 0x51, 0x3B, 0xDF, 0x69, 0x67, 0xC3, 0xAE, 0xE9, 0x7C, 0xA4, 0x2A, 0x87, 0x85, 0xC3,
    0x11, 0x8D, 0x76, 0xE8, 0xED, 0x82, 0x2D, 0xD1, 0x35, 0x67, 0x8D, 0x9B, 0x82, 0xB0, 0xAE, 0x8A,
    0xB9, 0xCC, 0x13, 0x41, 0xF9, 0x30, 0x29, 0x0E, 0xDF, 0x38, 0xAE, 0xEB, 0x5E, 0xD4, 0x79, 0x9E,
    0x37, 0xB1, 0xEC, 0x12, 0x42, 0x60, 0x38, 0x5C, 0xE5, 0x9C, 0xA2, 0x46, 0x11, 0x23, 0x15, 0xAC,
    0xB7, 0xAF, 0xE7, 0xF9, 0xDE, 0xA7, 0x84, 0xBA, 0x5C, 0x4E, 0xDC, 0xAF, 0x13, 0xFB, 0xC2, 0x1A,
    0xE7, 0x32, 0x06, 0xE5, 0x18, 0x0B, 0x2A, 0x45, 0xDC, 0xC0, 0xF5, 0x29, 0x46, 0xE8, 0x13, 0x21,
    0xD4, 0xC3, 0x7D, 0xD7, 0x5F, 0xF5, 0x4C, 0xFA, 0xA9, 0x03, 0xB5, 0x4E, 0xB7, 0xA3, 0x6F, 0x4E,
    0xAF, 0x36, 0xD0, 0xC2, 0xCE, 0x91, 0x7F, 0xCF, 0xFC, 0x68, 0x71, 0xE7, 0x6B, 0x5D, 0xD5, 0xDA,
    0x06, 0x7B, 0xDA, 0xAA, 0x96, 0x0E, 0xBC, 0x09, 0x59, 0x99, 0xDC, 0x13, 0x92, 0x77, 0x2A, 0x34,
    0xCE, 0x61, 0x23, 0x17, 0x4C, 0xB8, 0x46, 0xD1, 0xA4, 0xB1, 0x31, 0x1A, 0x1A, 0x5C, 0xC3, 0xE9,
    0x2B, 0x63, 0x75, 0xED, 0x47, 0x36, 0x72, 0x87, 0xCB, 0x29, 0xB5, 0x63, 0xF4, 0x68, 0x7D, 0xC7,
    0xF4, 0x2C, 0x6F, 0xB8, 0x2E, 0xA3, 0xCF, 0x5B, 0x7A, 0x36, 0x76, 0x8B, 0x0C, 0x06, 0xFA, 0x85,
    0x16, 0x57, 0x63, 0xE7, 0xD8, 0xFA, 0xE7, 0x41, 0x9F, 0x84, 0xE6, 0x78, 0xC6, 0xFD, 0x39, 0xD1,
    0xE6, 0xD7, 0x37, 0x36, 0x8F, 0xA1, 0x73, 0x74, 0x28, 0xA5, 0xBB, 0x9A, 0x66, 0xD7, 0x7F, 0x6D,
    0x81, 0x41, 0xBE, 0x28, 0x2A, 0xDA, 0xBF, 0x7F, 0x43, 0x57, 0xC6, 0x6A, 0x79, 0x00, 0x74, 0x2B,
    0x79, 0xAC, 0x78, 0xF9, 0x60, 0x4D, 0xF7, 0x7C, 0x53, 0x73, 0xF4, 0x51, 0x25, 0xCF, 0x83, 0xF5,
    0x41, 0xCF, 0x53, 0x8F, 0xB3, 0xAB, 0xF3, 0xA7, 0xD1, 0x3A, 0xB5, 0x67, 0x17, 0x00, 0xA9, 0x7D,
    0xC1, 0x6E, 0x88, 0x43, 0x0D, 0xE7, 0xFB, 0xE1, 0xF3, 0xBC, 0xCB, 0x65, 0xBE, 0x8A, 0xE9, 0x4A,
    0x6E, 0x1F, 0x7F, 0x5C, 0x45, 0xD4, 0x6B, 0xBC, 0xBB, 0x60, 0xB7, 0x5A, 0xD8, 0xDF, 0x9F, 0xC5,
    0xB0, 0x2E, 0xA6, 0x11, 0x53, 0x55, 0x8B, 0xF8, 0x74, 0xF4, 0x7D, 0xCE, 0x53, 0xA8, 0xFB, 0xF7,
    0x22, 0x9A, 0xA9, 0x6B, 0x0E, 0x53, 0xD5, 0x81, 0x5E, 0x54, 0x5F, 0x6D, 0x93, 0xB0, 0x82, 0xFB,
    0xDA, 0x4E, 0xD0, 0xE8, 0xB5, 0x87, 0x7C, 0x92, 0x85, 0x5F, 0xAA, 0xE6, 0xA0, 0xC5, 0xEC, 0x51,
    0x5C, 0x5D, 0x5F, 0x0D, 0x58, 0xBE, 0x20, 0x34, 0xBB, 0xC6, 0x82, 0x90, 0xCD, 0x01, 0xA0, 0xC9,
    0x6E, 0xC8, 0xC8, 0x60, 0x3E, 0xC2, 0x36, 0x79, 0x0E, 0xAB, 0x01, 0xDF, 0x7D, 0x59, 0xAE, 0x2A,
    0x44, 0x83, 0x42, 0xCF, 0xB8, 0x31, 0x4F, 0xAA, 0x4E, 0x71, 0x62, 0x3E, 0xD9, 0x38, 0x44, 0x1F,
    0xB5, 0x7A, 0xCE, 0xC8, 0xC2, 0xCE, 0x9C, 0x1C, 0x5A, 0xDF, 0x86, 0xC6, 0x97, 0x2F, 0x61, 0x42,
    0x26, 0xAF, 0xC9, 0x7A, 0xCE, 0x76, 0xC6, 0x39, 0x31, 0xA0, 0x51, 0x4C, 0x26, 0x8E, 0xF8, 0xFE,
    0xB6, 0x16, 0xBE, 0x4C, 0xA3, 0x24, 0x32, 0xEE, 0x40, 0x7D, 0x9D, 0x8A, 0x59, 0xED, 0xDC, 0xA0,
    0xD7, 0xCA, 0x71, 0xAF, 0x4C, 0xEC, 0x88, 0x5C, 0x2F, 0xDC, 0x22, 0x74, 0x60, 0x2E, 0xC8, 0xFC,
    0x3F, 0xB5, 0x98, 0x3D, 0x6C, 0xDB, 0x46, 0x18, 0x86, 0x5F, 0x92, 0xB2, 0x69, 0x9B, 0xB6, 0x4E,
    0x45, 0x34, 0xB8, 0x40, 0x62, 0x6A, 0x08, 0xD0, 0xA0, 0x40, 0xA2, 0x02, 0xE9, 0xE0, 0xC1, 0x36,
    0x99, 0x76, 0xE8, 0xE0, 0x25, 0x4B, 0xD1, 0x21, 0x05, 0xE2, 0x3D, 0x68, 0x92, 0xA1, 0x43, 0x11,
    0x18, 0x26, 0x8B, 0x8E, 0x19, 0xAA, 0xA9, 0x4B, 0x0B, 0x34, 0xA3, 0x61, 0x04, 0x8D, 0x87, 0x0C,
    0x1E, 0x12, 0x9B, 0x40, 0x8A, 0xAE, 0x65, 0x81, 0x6E, 0x5D, 0x18, 0xB4, 0x43, 0xD1, 0x16, 0x35,
    0x07, 0x06, 0x51, 0x12, 0x59, 0xEC, 0xFB, 0x9D, 0x24, 0x3B, 0xBF, 0xA6, 0x54, 0x49, 0xD4, 0xDD,
    0x41, 0x12, 0xC9, 0xFB, 0x1E, 0x7E, 0xBF, 0x77, 0x04, 0xF4, 0xF1, 0x39, 0xBB, 0xD5, 0x94, 0xA1,
    0xC5, 0x61, 0xE6, 0x80, 0xC3, 0xDC, 0x2E, 0x87, 0x93, 0x01, 0x87, 0x45, 0x8F, 0xC3, 0xFB, 0xF5,
    0x10, 0xD8, 0xCB, 0x23, 0x20, 0x71, 0x23, 0x18, 0xB1, 0x4A, 0x60, 0x45, 0x4E, 0x0A, 0x3B, 0x72,
    0x32, 0x78, 0x99, 0x97, 0x77, 0x26, 0x82, 0xC9, 0xCB, 0xC0, 0x93, 0xDD, 0x41, 0x7E, 0x9A, 0x2D,
    0x9C, 0xDA, 0xC5, 0xD2, 0x0A, 0x2A, 0x2B, 0x40, 0x1B, 0xEE, 0x2E, 0x96, 0x37, 0xB0, 0xB1, 0x07,
    0xEF, 0x4E, 0x54, 0x9A, 0x80, 0x11, 0xC2, 0x4E, 0xA5, 0x99, 0x31, 0x2F, 0xFD, 0x83, 0xF7, 0x38,
    0xF7, 0x64, 0xA2, 0xBB, 0x32, 0x34, 0x46, 0x0B, 0x77, 0x11, 0x4E, 0x13, 0x33, 0x5F, 0xF0, 0x32,
    0x20, 0xD4, 0xB4, 0xC7, 0xA2, 0xF1, 0x28, 0x09, 0xC4, 0x7D, 0x8A, 0x7E, 0x4A, 0x00, 0x25, 0xF3,
    0xCC, 0x9B, 0xA3, 0x65, 0xE2, 0xF3, 0x5B, 0x31, 0x4F, 0xC1, 0x06, 0x32, 0x99, 0xCE, 0x29, 0xA3,
    0x64, 0x14, 0x29, 0x4D, 0xEE, 0x74, 0x62, 0xAA, 0xC7, 0x7C, 0x26, 0x14, 0xAA, 0x3D, 0x7A, 0xB2,
    0x1A, 0xB0, 0x03, 0x2C, 0xF1, 0x4E, 0x1F, 0x13, 0xA9, 0xCC, 0xA9, 0xE6, 0x8A, 0xC9, 0x48, 0x24,
    0x76, 0xFF, 0xFE, 0x9E, 0x50, 0xA4, 0x42, 0x16, 0x8E, 0x41, 0x67, 0x80, 0x17, 0xE1, 0x7C, 0x8C,
    0x8F, 0x60, 0x3E, 0x84, 0x9D, 0xA1, 0x7C, 0x12, 0xA5, 0x52, 0xB1, 0x35, 0x7D, 0xCA, 0xCE, 0x7B,
    0xEA, 0x2A, 0x35, 0x7A, 0x3C, 0x6A, 0x77, 0x0C, 0x76, 0x35, 0x61, 0x1F, 0xA0, 0xFC, 0x27, 0x8C,
    0x04, 0x76, 0x53, 0x03, 0x16, 0xBB, 0xDB, 0x98, 0x89, 0x5E, 0x0D, 0x4D, 0x44, 0x30, 0x69, 0xDA,
    0xBB, 0x7D, 0x29, 0xF0, 0x85, 0x48, 0x85, 0x56, 0x68, 0x5D, 0xF4, 0x28, 0x34, 0x73, 0xAB, 0x32,
    0xAD, 0xC0, 0x99, 0xD9, 0x68, 0xA9, 0x3B, 0x6E, 0x98, 0xA2, 0xF4, 0x2B, 0xE6, 0xBE, 0x83, 0x6A,
    0xC2, 0x6C, 0x14, 0xE9, 0xB1, 0xD4, 0x43, 0x83, 0xFA, 0x45, 0x04, 0x3B, 0x63, 0x62, 0xA3, 0x7D,
    0x9C, 0x50, 0x42, 0x77, 0xE2, 0x47, 0x61, 0x73, 0x5A, 0x30, 0x6E, 0x15, 0xB1, 0xE9, 0xE8, 0xD0,
    0x19, 0xAE, 0xF4, 0x48, 0x04, 0x7F, 0x3B, 0x2E, 0xBD, 0xF9, 0xE0, 0xEF, 0xE9, 0x9D, 0xAE, 0xDE,
    0xFA, 0x62, 0xD3, 0x87, 0x9D, 0xF7, 0x88, 0xA6, 0x8C, 0x71, 0x2A, 0xAF, 0x1B, 0x20, 0x9B, 0xE2,
    0x77, 0x73, 0x27, 0xB5, 0x61, 0x0B, 0x01, 0x4B, 0x63, 0x26, 0x7A, 0x35, 0x40, 0x66, 0xE7, 0xA0,
    0x6E, 0x4B, 0x00, 0x53, 0x9F, 0xFD, 0x47, 0xC7, 0x8D, 0xAD, 0x1D, 0xF7, 0xD1, 0xBA, 0x4A, 0x66,
    0x55, 0x32, 0xC5, 0xA9, 0x54, 0x52, 0x53, 0x4F, 0x13, 0x69, 0xC9, 0x9A, 0xFE, 0xC9, 0x36, 0xA9,
    0x92, 0x72, 0x90, 0x0B, 0x31, 0xCE, 0x10, 0x4E, 0xB7, 0x33, 0xB0, 0x5B, 0x58, 0x50, 0x58, 0xBE,
    0x8C, 0x20, 0x07, 0x7D, 0x84, 0x2D, 0x30, 0x41, 0x3E, 0xD5, 0xD2, 0xC9, 0xAB, 0x01, 0x2B, 0x93,
    0x26, 0xF5, 0xEB, 0x2A, 0xB0, 0xEF, 0x63, 0x81, 0x66, 0x1A, 0x50, 0xDC, 0x45, 0x91, 0x62, 0x2D,
    0x49, 0x4C, 0xF1, 0xBB, 0x58, 0xFC, 0x78, 0xA1, 0xA8, 0x20, 0x8F, 0xAD, 0x3C, 0xA4, 0xEE, 0x07,
    0x13, 0xC4, 0x3C, 0xFD, 0x49, 0xD7, 0xC6, 0x7D, 0x48, 0x61, 0xD0, 0xD6, 0x68, 0xAC, 0x83, 0x27,
    0xB0, 0xF6, 0x43, 0x4C, 0x53, 0x9D, 0x94, 0x06, 0x8A, 0xE3, 0xA4, 0xB3, 0xEC, 0x53, 0xDA, 0x28,
    0x14, 0x09, 0x0A, 0xEC, 0xF4, 0x64, 0xAD, 0xFB, 0x9F, 0xF4, 0x49, 0xF6, 0x32, 0x8E, 0x44, 0xFB,
    0xBA, 0xA6, 0x86, 0x58, 0x85, 0x91, 0x89, 0x7F, 0x94, 0x4F, 0x89, 0x88, 0xE3, 0x29, 0x2A, 0xBC,
    0xF1, 0xFE, 0x34, 0x73, 0x47, 0x40, 0xD3, 0x3F, 0x4B, 0x68, 0xD3, 0x1A, 0x16, 0xB6, 0x7E, 0xE0,
    0x43, 0x5C, 0xE6, 0x14, 0x16, 0xBB, 0xA9, 0x5D, 0xCD, 0x6A, 0x4E, 0xC1, 0x6A, 0xEF, 0x74, 0x7A,
    0x73, 0xBE, 0xFB, 0x9F, 0x74, 0x23, 0xE4, 0x75, 0xA1, 0x9B, 0xE7, 0x6F, 0x28, 0xA1, 0xFD, 0x50,
    0xC0, 0xD8, 0xC1, 0x3B, 0xFF, 0xA2, 0xBD, 0x68, 0xED, 0x6F, 0x4F, 0x22, 0x1C, 0x4C, 0xE9, 0x52,
    0x1A, 0x63, 0x5D, 0x1A, 0x7D, 0xE3, 0xE1, 0x51, 0xE5, 0xE9, 0xC3, 0xC6, 0x91, 0xD8, 0xF8, 0xB4,
    0x78, 0x36, 0xBF, 0x0C, 0x2C, 0x97, 0xD1, 0xDC, 0x96, 0x72, 0xC7, 0xFC, 0x76, 0x58, 0x8F, 0x0B,
    0x84, 0xCE, 0xF3, 0x37, 0xD7, 0x2F, 0x91, 0x89, 0xC6, 0xFF, 0x0E, 0x18, 0xDC, 0x82, 0x91, 0xEA,
    0x55, 0x93, 0x5E, 0x9B, 0xF4, 0x1F, 0x3F, 0x4E, 0xE3, 0x5C, 0x6A, 0xC6, 0xA6, 0x7F, 0x63, 0xD3,
    0xCD, 0x54, 0xF2, 0xBA, 0xCF, 0x5E, 0x4B, 0x8A, 0x9C, 0x17, 0x9D, 0x8F, 0x1C, 0xC9, 0xF4, 0xBE,
    0x13, 0x05, 0xA1, 0xFB, 0xDC, 0x27, 0xA0, 0xDB, 0x1D, 0x7F, 0xB7, 0x19, 0xCA, 0x37, 0x33, 0x9C,
    0x41, 0x3D, 0xAC, 0x73, 0x96, 0xD7, 0xCF, 0x71, 0x78, 0xB6, 0xCE, 0x14, 0x98, 0x05, 0xA1, 0x13,
    0xA9, 0xC4, 0x0D, 0xAD, 0xCC, 0xF3, 0xAD, 0x96, 0xC7, 0xA4, 0x13, 0xC0, 0x38, 0xD8, 0x63, 0x0F,
    0x7C, 0xA3, 0xE5, 0x85, 0xEC, 0x91, 0xD9, 0x54, 0xB1, 0x95, 0xDA, 0x99, 0x8A, 0xB0, 0xD7, 0xD6,
    0xAE, 0xAE, 0x73, 0x55, 0x2F, 0x16, 0x74, 0x1A, 0xA3, 0x6F, 0x42, 0xA9, 0x68, 0xC5, 0x4E, 0x36,
    0xAC, 0x74, 0x57, 0xB7, 0xC0, 0x4A, 0x3C, 0xA6, 0xBC, 0x5C, 0x87, 0xFD, 0x1A, 0x8C, 0x96, 0x34,
    0x59, 0x67, 0xDB, 0xBC, 0xA9, 0x4C, 0xAD, 0x70, 0xA9, 0x22, 0x69, 0x6C, 0x28, 0x90, 0x0A, 0xAC,
    0x03, 0x58, 0x9F, 0xE9, 0xB4, 0x5C, 0xEB, 0x83, 0x43, 0x06, 0xF3, 0x83, 0x14, 0xEA, 0xEF, 0x18,
    0x1E, 0x71, 0xD6, 0xA6, 0x86, 0x93, 0xCF, 0x75, 0xBD, 0x29, 0xE9, 0x1D, 0x27, 0x80, 0x47, 0xE2,
    0x18, 0xB6, 0x5E, 0x4E, 0x1F, 0x4F, 0x21, 0x65, 0x45, 0x7D, 0xC9, 0x04, 0xFE, 0x98, 0x39, 0xB1,
    0x4E, 0xAF, 0x39, 0x3D, 0x3D, 0x14, 0x45, 0x55, 0x07, 0xFD, 0x59, 0x6A, 0xB5, 0x22, 0xD9, 0x87,
    0x85, 0xC3, 0x56, 0xC5, 0x14, 0x5C, 0x17, 0x34, 0x60, 0x5C, 0x4D, 0xE1, 0xFC, 0x4E, 0x5D, 0xB4,
    0xFD, 0xA1, 0x75, 0xC1, 0xC7, 0x72, 0x53, 0xCC, 0xA7, 0x38, 0x11, 0x51, 0x17, 0x7D, 0x53, 0x18,
    0x9D, 0xF2, 0xEA, 0x31, 0xA1, 0xBD, 0x45, 0x6F, 0x70, 0xE8, 0x15, 0x75, 0x5A, 0xA6, 0x36, 0x3D,
    0x24, 0x8D, 0xCF, 0xB5, 0xF7, 0x8C, 0x5E, 0xCB, 0x1D, 0xEE, 0x72, 0x0A, 0x50, 0xC4, 0x19, 0x9D,
    0xAE, 0x49, 0x86, 0x15, 0xFF, 0x72, 0x84, 0xBC, 0x07, 0x34, 0x61, 0xFC, 0x03, 0x8B, 0x05, 0xC2,
    0x18, 0x24, 0x5A, 0x24, 0xEB, 0x00, 0x2D, 0xBD, 0xD3, 0x31, 0x24, 0xF1, 0x29, 0x9F, 0x60, 0x6E,
    0x68, 0x3E, 0x09, 0x6E, 0x32, 0xC0, 0xB9, 0xB7, 0x20, 0x5B, 0x0A, 0x81, 0x83, 0xD0, 0x41, 0xF0,
    0x20, 0x7C, 0x10, 0x40, 0x08, 0x21, 0x04, 0x11, 0xC2, 0x08, 0x0D, 0xA9, 0x29, 0x3B, 0xFE, 0x3B,
    0xA3, 0x97, 0xAE, 0x4B, 0x55, 0x5C, 0x5F, 0x87, 0x7F, 0xD6, 0x6A, 0x7F, 0xAA, 0x54, 0xFA, 0x32,
    0xD7, 0x6A, 0x8F, 0x4B, 0xD6, 0x3E, 0xD0, 0xDB, 0x65, 0x57, 0xCC, 0x66, 0x84, 0x23, 0x65, 0xB1,
    0xF5, 0xE2, 0xD6, 0x48, 0x34, 0x4B, 0xA5, 0x88, 0xC5, 0x91, 0x5D, 0xC1, 0x42, 0x2A, 0x7A, 0x89,
    0x45, 0x2F, 0xFE, 0x68, 0xF5, 0x72, 0x51, 0xBC, 0xC6, 0x5A, 0xE6, 0x33, 0x57, 0x51, 0x5B, 0x67,
    0x74, 0x15, 0xE0, 0xE8, 0x5D, 0x80, 0x2B, 0x66, 0xF2, 0x32, 0xBD, 0x5D, 0x1E, 0x2D, 0x0E, 0x8F,
    0x6F, 0x42, 0x2B, 0xAF, 0x96, 0x37, 0xFB, 0x61, 0xC1, 0x18, 0x08, 0x5E, 0xB7, 0x9D, 0x93, 0xCC,
    0xD3, 0x07, 0xCF, 0x73, 0xEE, 0xBC, 0xB5, 0x39, 0x79, 0xDB, 0x4B, 0x4D, 0x99, 0x3B, 0x79, 0x43,
    0x8F, 0x55, 0xCC, 0x9E, 0x18, 0x5C, 0x2D, 0x5B, 0x7C, 0x64, 0x29, 0xBD, 0x4C, 0x0D, 0x13, 0xBD,
    0x98, 0x4A, 0x9F, 0xAF, 0x3A, 0xD7, 0x2E, 0xA5, 0xDE, 0x6A, 0x5A, 0xFF, 0xF0, 0x85, 0xE6, 0xEE,
    0x37, 0xD5, 0xE3, 0xA6, 0x71, 0x81, 0x79, 0x95, 0x0B, 0x3C, 0xDD, 0x16, 0x3B, 0x3B, 0x21, 0xC5,
    0x74, 0x20, 0xEB, 0x50, 0xEE, 0x43, 0x87, 0x02, 0xA9, 0xC2, 0xC8, 0x61, 0xFC, 0xAC, 0xD3, 0x6E,
    0xB5, 0x0F, 0x0E, 0xBC, 0x2D, 0x17, 0x6D, 0xD8, 0xBC, 0x35, 0xE5, 0xC4, 0xA6, 0x6F, 0x47, 0x5B,
    0x9B, 0x33, 0x77, 0x20, 0x00, 0x10, 0x69, 0x45, 0x03, 0x41, 0xF8, 0xD4, 0x66, 0xC4, 0x4D, 0x16,
    0x43, 0x44, 0xB3, 0x68, 0x18, 0x4D, 0x23, 0x81, 0x23, 0xC6, 0xC6, 0x82, 0xE3, 0x63, 0x51, 0x85,
    0xA8, 0x58, 0xFE, 0xB5, 0x4B, 0x6D, 0x90, 0x08, 0xC4, 0x78, 0xA5, 0x93, 0x0B, 0xEA, 0x19, 0xB3,
    0xD1, 0x85, 0x5E, 0x76, 0xF1, 0x40, 0x34, 0x27, 0x14, 0x83, 0x87, 0x23, 0x45, 0x93, 0xAD, 0xBB,
    0x21, 0x0A, 0xDF, 0x26, 0xDA, 0x19, 0xA2, 0x95, 0x06, 0x40, 0xD3, 0x7B, 0x57, 0xB5, 0xD3, 0xD3,
    0x1A, 0xA2, 0xD1, 0x6A, 0x8D, 0x86, 0xA3, 0x15, 0xB5, 0x19, 0xB1, 0x44, 0xBC, 0x2A, 0xF1, 0x30,
    0x00, 0x9E, 0x0E, 0x32, 0xA7, 0x4D, 0xBC, 0x7A, 0x8B, 0xF2, 0x2A, 0x18, 0x2D, 0x9E, 0x1C, 0x1F,
    0x33, 0x1D, 0xE6, 0x37, 0x7D, 0x6B, 0x6B, 0x50, 0x34, 0xB1, 0x27, 0x44, 0x0C, 0x46, 0x4C, 0xD5,
    0xC9, 0x02, 0xE9, 0x8B, 0x59, 0x40, 0xBF, 0x1D, 0xE4, 0xD9, 0x01, 0x29, 0x19, 0x9D, 0x12, 0x9B,
    0xBA, 0x33, 0x40, 0x71, 0xBD, 0x5B, 0xE7, 0x5C, 0x99, 0xD8, 0x67, 0x84, 0xBE, 0xBB, 0xED, 0x31,
    0x0E, 0x55, 0xE2, 0x70, 0x9F, 0x3B, 0xCB, 0x7C, 0x4C, 0x5F, 0x3D, 0x60, 0x1D, 0x0D, 0x62, 0xFD,
    0x3E, 0x0E, 0xF5, 0x97, 0xBA, 0x27, 0xDA, 0xCA, 0x3A, 0x5B, 0x6B, 0xFD, 0xA2, 0x09, 0xDB, 0x7A,
    0xE2, 0x12, 0xF6, 0x7E, 0x4B, 0xBD, 0xAF, 0x22, 0xF7, 0x41, 0xA8, 0x1E, 0xC0, 0xFE, 0x4B, 0x32,
    0x3B, 0xD3, 0x1F, 0x32, 0x9D, 0x0B, 0x12, 0xFD, 0x56, 0x2A, 0xC2, 0x15, 0x1F, 0xB9, 0xCE, 0x66,
    0xC3, 0xC8, 0x95, 0x72, 0x7A, 0xF8, 0x3F, 0xBF, 0x17, 0x0B, 0xFE, 0x09, 0x57, 0x2E, 0x47, 0xB9,
    0x1B, 0xAD, 0x53, 0x81, 0x5C, 0x8F, 0xE1, 0x1C, 0xCF, 0x58, 0xF1, 0xD0, 0x0A, 0xE8, 0xA6, 0xA8,
    0xAF, 0x8F, 0x52, 0xD4, 0x40, 0x3A, 0xD0, 0xE5, 0x4C, 0xAA, 0x99, 0x97, 0xEA, 0x9D, 0xCC, 0x50,
    0x28, 0xDA, 0x91, 0xCD, 0xDC, 0xB7, 0xB7, 0x06, 0xE6, 0xF8, 0x0F, 0x8D, 0x52, 0xCD, 0x6B, 0x13,
    0x41, 0x14, 0xFF, 0xED, 0x6E, 0xED, 0x52, 0x43, 0x9B, 0x80, 0x16, 0x5A, 0xC9, 0x47, 0x8F, 0x41,
    0x12, 0xD2, 0x43, 0x02, 0x2B, 0x4C, 0x33, 0x43, 0xAF, 0x82, 0x78, 0x30, 0x77, 0x0F, 0x82, 0x78,
    0x93, 0xD2, 0x43, 0x0B, 0x4D, 0x76, 0x6E, 0x42, 0x4F, 0xFE, 0x03, 0x85, 0x1C, 0xC4, 0x6B, 0x43,
    0x05, 0x0D, 0x5A, 0x93, 0xB9, 0x79, 0xE8, 0xA1, 0x6B, 0x73, 0xF4, 0xE0, 0x42, 0x4F, 0xE2, 0x65,
    0x30, 0xC1, 0x06, 0xDC, 0xBA, 0xBE, 0x99, 0x56, 0x2C, 0xE2, 0xC1, 0x99, 0xF7, 0xDE, 0xEE, 0xFB,
    0xBD, 0xF7, 0x66, 0xE6, 0x7D, 0x38, 0xDD, 0x50, 0x3F, 0x81, 0x63, 0xA5, 0x59, 0x69, 0x9A, 0x46,
    0xAD, 0x56, 0x4B, 0x98, 0x7F, 0x9E, 0xA6, 0x62, 0xB1, 0xD5, 0xB2, 0x38, 0x42, 0xB2, 0x9C, 0x93,
    0xD6, 0x7A, 0x80, 0x2B, 0xCB, 0xA0, 0x97, 0x2B, 0x32, 0xC6, 0xCB, 0x25, 0xCA, 0xE5, 0x9D, 0xC3,
    0xFF, 0xDA, 0x7D, 0x60, 0x56, 0x54, 0xB1, 0x89, 0x3E, 0x86, 0x08, 0x31, 0x83, 0x39, 0x70, 0xC1,
    0x65, 0x46, 0xFA, 0xA8, 0x62, 0xE5, 0x2F, 0xCD, 0x5D, 0x97, 0x85, 0x22, 0x82, 0x00, 0x87, 0x3B,
    0x18, 0x86, 0xE0, 0x1C, 0x33, 0x14, 0x40, 0x3E, 0xA1, 0xE4, 0xFB, 0x2A, 0xF3, 0x4C, 0xF9, 0xBE,
    0xA8, 0x16, 0xB1, 0xB2, 0xF2, 0x6F, 0x10, 0x5D, 0x40, 0x5B, 0xEA, 0xA1, 0xF3, 0x2E, 0xEA, 0xFC,
    0x88, 0xE9, 0xDF, 0x99, 0x02, 0x93, 0xDF, 0xB8, 0x35, 0x19, 0xEA, 0x5A, 0xBA, 0xFF, 0x27, 0x24,
    0xD7, 0x15, 0x61, 0x1A, 0xDF, 0x79, 0x1D, 0x5D, 0x75, 0x76, 0x26, 0xB8, 0xD9, 0xB3, 0xF8, 0xCB,
    0xC8, 0x44, 0x5D, 0xE0, 0x80, 0x2B, 0x6B, 0x13, 0x9E, 0x84, 0x09, 0x4F, 0x6A, 0x93, 0x4C, 0x54,
    0x04, 0xA7, 0xBD, 0x8C, 0xA2, 0xA7, 0x78, 0x46, 0x13, 0x2D, 0xBB, 0xB2, 0xE8, 0x4B, 0xCD, 0xB3,
    0xA3, 0x29, 0xCF, 0x9E, 0x4C, 0x49, 0xED, 0xF6, 0xA6, 0x0F, 0x01, 0x8F, 0xAA, 0x9E, 0x51, 0x19,
    0x3A, 0x80, 0xE9, 0x79, 0x92, 0x3B, 0x7D, 0x46, 0xF2, 0xB0, 0xFF, 0xD4, 0xCA, 0xD8, 0xE0, 0x6F,
    0x14, 0xC9, 0xEA, 0x59, 0x49, 0xBE, 0xC7, 0xEC, 0xBD, 0xED, 0xD3, 0x63, 0xA0, 0x32, 0x19, 0x1F,
    0x49, 0x6C, 0xEA, 0xB3, 0x0F, 0x0A, 0xB1, 0x91, 0xAE, 0x32, 0x88, 0x27, 0x9A, 0x27, 0x9F, 0x71,
    0x0D, 0xD7, 0xF1, 0x08, 0x28, 0x30, 0x56, 0x37, 0x87, 0x14, 0x7A, 0x4C, 0xB3, 0xB8, 0xA1, 0x36,
    0xA4, 0x6D, 0x5E, 0xE1, 0x40, 0xB1, 0xB1, 0x62, 0xA7, 0xB2, 0x71, 0x84, 0x8D, 0x5D, 0x0B, 0xD5,
    0xB7, 0x58, 0xDE, 0x5C, 0xDD, 0x88, 0xB6, 0x63, 0xA6, 0xF3, 0xBD, 0xF9, 0x55, 0x0B, 0x37, 0x3E,
    0x61, 0xFB, 0xAB, 0x60, 0x63, 0x99, 0x3F, 0x50, 0xF3, 0xAB, 0xE6, 0x0D, 0xD4, 0x8D, 0xC8, 0x97,
    0x4D, 0x24, 0xD4, 0x34, 0x5F, 0x22, 0x32, 0xF5, 0xAD, 0x20, 0x0B, 0x2F, 0x46, 0xE2, 0xC5, 0x59,
    0x94, 0xC9, 0x61, 0x69, 0x0E, 0x9D, 0x1A, 0x06, 0x5C, 0x10, 0xB5, 0x6B, 0x20, 0x62, 0x25, 0xB0,
    0x05, 0x43, 0x65, 0x73, 0x09, 0x82, 0x22, 0x59, 0x0D, 0x9E, 0x9B, 0x31, 0x29, 0x22, 0x15, 0xA1,
    0x6A, 0xF7, 0x58, 0xAF, 0xA9, 0xB9, 0xE6, 0x6A, 0x0D, 0x81, 0xF1, 0xC1, 0x00, 0x6D, 0xE4, 0x68,
    0x18, 0x93, 0xC5, 0x16, 0x35, 0xA4, 0x6E, 0xFB, 0x13, 0xC1, 0x53, 0xF0, 0x81, 0x05, 0xAA, 0x09,
    0x40, 0xB9, 0xC5, 0x70, 0x95, 0x29, 0x20, 0x01, 0x15, 0xEB, 0x94, 0x03, 0xB6, 0xFC, 0x08, 0xE9,
    0xDD, 0x29, 0x86, 0xA3, 0x9F, 0x14, 0xE4, 0x1B, 0x16, 0xEE, 0xA4, 0x26, 0x4B, 0x3A, 0x15, 0x7C,
    0x74, 0x8E, 0x35, 0x7A, 0x6C, 0xE0, 0x9A, 0x6C, 0x04, 0xCA, 0xF4, 0x1D, 0xF8, 0x1A, 0x6D, 0x2F,
    0xB6, 0xFA, 0x16, 0x9E, 0xA7, 0xEB, 0x7A, 0x38, 0x9A, 0xE0, 0x95, 0x26, 0x72, 0xBF, 0xEB, 0xD2,
    0x37, 0xCD, 0x3F, 0xC6, 0x6B, 0x88, 0x03, 0xBA, 0x1D, 0x28, 0x3B, 0xF1, 0xC0, 0xD3, 0x6D, 0x8F,
    0x1A, 0x2E, 0x96, 0x9A, 0xE8, 0x84, 0x6A, 0xC0, 0xF5, 0x00, 0xF5, 0x36, 0x82, 0xB6, 0x93, 0xB0,
    0xEC, 0x94, 0xD5, 0x62, 0x56, 0x43, 0x39, 0x0F, 0x1A, 0xEA, 0xA0, 0x60, 0x13, 0xE5, 0x26, 0xD1,
    0xDB, 0x2F, 0x80, 0x61, 0x4A, 0xEF, 0x4D, 0xCF, 0x89, 0x53, 0xC3, 0x92, 0x58, 0x5D, 0x61, 0x79,
    0x81, 0x27, 0xC4, 0xE4, 0xF7, 0xC5, 0x0C, 0xD4, 0x25, 0xEF, 0x0A, 0xB8, 0xFB, 0x11, 0xDC, 0xBD,
    0x2E, 0x1C, 0x45, 0xB3, 0xF9, 0x96, 0x5E, 0x7F, 0xCB, 0x94, 0xD2, 0xC7, 0xE3, 0x7E, 0xA8, 0xB3,
    0x34, 0x76, 0x37, 0x94, 0x23, 0x6D, 0x73, 0x8F, 0xD9, 0xF8, 0x98, 0x9D, 0xEE, 0x35, 0x8E, 0x2A,
    0x1B, 0xBB, 0x54, 0x10, 0xFC, 0x02, 0xCD, 0x52, 0x4B, 0x4A, 0x03, 0x41, 0x10, 0x7D, 0xC9, 0x18,
    0x03, 0x0E, 0x26, 0x8A, 0x1F, 0x44, 0x8D, 0xBD, 0xD0, 0x55, 0x88, 0xCE, 0x26, 0x88, 0xE0, 0x4C,
    0x77, 0x1F, 0xC1, 0x43, 0xB8, 0x10, 0xDD, 0x04, 0x11, 0x8C, 0x30, 0xA4, 0xE7, 0x08, 0x39, 0x42,
    0x96, 0x59, 0x66, 0x11, 0x24, 0x42, 0x30, 0x7D, 0x84, 0x5E, 0x78, 0x80, 0x39, 0x42, 0x2D, 0xB2,
    0xC8, 0xC2, 0x44, 0x6B, 0xF2, 0x01, 0x05, 0x0F, 0x20, 0xAF, 0xE8, 0xCF, 0xEB, 0x2E, 0x5E, 0xD5,
    0xEB, 0xF6, 0x6D, 0x48, 0xF1, 0x60, 0xC8, 0x08, 0xFB, 0xE7, 0xB4, 0xAE, 0x81, 0x0B, 0x28, 0xAC,
    0x21, 0xE0, 0x31, 0x98, 0xC3, 0x30, 0x87, 0x76, 0xDE, 0x15, 0xDD, 0x89, 0xBB, 0x1E, 0x3F, 0xA4,
    0x79, 0x07, 0x2D, 0xAC, 0xD2, 0x2F, 0x30, 0xD6, 0x73, 0x79, 0x7B, 0xA4, 0xCF, 0x90, 0x73, 0xBE,
    0xBE, 0xD0, 0x92, 0x9A, 0x0C, 0x99, 0x16, 0x60, 0x68, 0x44, 0x89, 0xCD, 0x27, 0x45, 0x6C, 0xE2,
    0x80, 0xD3, 0x85, 0x6D, 0x52, 0x94, 0x72, 0x16, 0xF5, 0xF9, 0xC6, 0x86, 0xF6, 0x59, 0x75, 0xD0,
    0x37, 0xE3, 0x02, 0x79, 0x56, 0xE0, 0x16, 0x48, 0x72, 0x36, 0x67, 0xD5, 0xD7, 0xFE, 0x47, 0x36,
    0x43, 0x9B, 0xD9, 0x7D, 0x57, 0xCD, 0x00, 0x35, 0xAD, 0x76, 0xD7, 0x51, 0x42, 0x0D, 0x57, 0x78,
    0x42, 0x8F, 0xF1, 0xC4, 0xAB, 0x1A, 0x33, 0x45, 0xB4, 0x1B, 0xE1, 0x71, 0xA9, 0x54, 0xDA, 0x3C,
    0x0E, 0x1B, 0x1D, 0x96, 0x08, 0x86, 0x50, 0xEF, 0x90, 0xC1, 0x32, 0x8C, 0x99, 0x8B, 0xFC, 0x6C,
    0xED, 0x90, 0x5B, 0x12, 0x4B, 0x04, 0xD8, 0x42, 0xD9, 0x5E, 0x53, 0x8E, 0x0B, 0x28, 0xEA, 0xCA,
    0x9D, 0x22, 0x2E, 0x52, 0x9F, 0x5A, 0x2F, 0x09, 0xAC, 0xC7, 0x2D, 0x3E, 0x27, 0xBB, 0xF8, 0xFF,
    0x6D, 0xFB, 0xF6, 0x92, 0x76, 0x28, 0xA0, 0x16, 0xC9, 0xB1, 0xEF, 0xC2, 0x5E, 0xAB, 0xC3, 0x26,
    0x90, 0x70, 0x3E, 0x85, 0xC3, 0x38, 0x1A, 0x46, 0x51, 0x2C, 0x52, 0x13, 0x07, 0xF5, 0x72, 0x5A,
    0x4E, 0xEB, 0x93, 0xB7, 0xE9, 0x86, 0x56, 0x6E, 0x9B, 0xAA, 0xF4, 0xEA, 0x54, 0x52, 0x00, 0xE4,
    0x2A, 0xD4, 0xC2, 0x3B, 0xB9, 0x0C, 0x63, 0xF0, 0xF3, 0x34, 0x23, 0xEB, 0x50, 0x29, 0xD4, 0x18,
    0x32, 0xCE, 0x9C, 0x2D, 0x30, 0xFD, 0x1B, 0x06, 0xF3, 0x27, 0x98, 0xA8, 0xD1, 0xA7, 0x94, 0xD1,
    0x22, 0x4C, 0xAB, 0xF5, 0xE7, 0xBB, 0x9C, 0x0C, 0x32, 0x85, 0x6C, 0x2B, 0x20, 0xF9, 0xB7, 0x4D,
    0x56, 0x55, 0x00, 0x7B, 0x99, 0x67, 0x21, 0xBB, 0x2C, 0xEC, 0xA3, 0x55, 0x09, 0x50, 0xC1, 0xC8,
    0x2D, 0x14, 0xD4, 0x8D, 0xB0, 0xDF, 0x85, 0x53, 0x3D, 0x68, 0x1C, 0x47, 0x14, 0xFE, 0x76, 0x57,
    0xF1, 0x3A, 0xD9, 0x88, 0xA7, 0xC2, 0x01, 0x63, 0x09, 0xF6, 0x8A, 0x40, 0x82, 0x2C, 0xB3, 0x2A,
    0x54, 0x1C, 0x46, 0xD6, 0x2C, 0x4E, 0xEA, 0x70, 0x85, 0x5D, 0xA5, 0x70, 0x9B, 0x9F, 0x42, 0x09,
    0xA4, 0x12, 0x56, 0x76, 0x1C, 0x97, 0x81, 0xA0, 0x22, 0xB8, 0x56, 0x29, 0xCE, 0x90, 0x53, 0x29,
    0xB0, 0xAC, 0x1D, 0x4B, 0x45, 0x0A, 0x17, 0x5A, 0x12, 0xD2, 0xC4, 0x85, 0x07, 0x9F, 0x51, 0xC0,
    0x2A, 0x32, 0x51, 0x4E, 0x62, 0x73, 0xDA, 0xDB, 0xC9, 0x9B, 0xD5, 0xC9, 0x90, 0x10, 0xC8, 0xB0,
    0xDF, 0x9B, 0xD9, 0xD9, 0x9D, 0xF7, 0xDE, 0x7C, 0xDF, 0x7B, 0xC0, 0x54, 0x0A, 0x7C, 0xA9, 0x30,
    0x6D, 0x15, 0xEA, 0xC3, 0x22, 0x3C, 0x7A, 0xAA, 0x69, 0xEF, 0xBB, 0x75, 0xF1, 0xED, 0x1C, 0xC4,
    0x47, 0x6D, 0x64, 0x33, 0x5F, 0x20, 0x5F, 0x34, 0xC8, 0xBE, 0x2A, 0x20, 0x8E, 0x14, 0x44, 0x3F,
    0x6D, 0xD1, 0x21, 0x74, 0x50, 0xFB, 0x45, 0x98, 0x5B, 0x49, 0x37, 0x3A, 0x98, 0x9C, 0x47, 0x33,
    0xAE, 0x77, 0xB7, 0x69, 0xF8, 0x38, 0x32, 0x93, 0x91, 0x79, 0x23, 0x32, 0x88, 0x4C, 0x2B, 0x1A,
    0x6E, 0xBA, 0x87, 0x17, 0x06, 0xD6, 0xAA, 0x3B, 0xC7, 0xBC, 0x09, 0x51, 0xE3, 0x7C, 0x84, 0x23,
    0x20, 0x21, 0x40, 0x30, 0x76, 0x26, 0x80, 0x7A, 0x0A, 0x64, 0x35, 0x50, 0x75, 0x9A, 0xD9, 0x1B,
    0x78, 0xF0, 0x4C, 0x20, 0xA3, 0x51, 0x20, 0x85, 0xFD, 0x0D, 0x8B, 0xC9, 0x08, 0xAD, 0x90, 0xBF,
    0xFB, 0x9C, 0x73, 0xE0, 0x00, 0xC4, 0xD9, 0x2A, 0x84, 0xB5, 0x10, 0x49, 0x8C, 0x84, 0x7D, 0xFD,
    0x1B, 0x59, 0x96, 0x2B, 0xB4, 0x39, 0xD6, 0xC2, 0x18, 0x2D, 0x20, 0x97, 0xDE, 0xC3, 0x34, 0x31,
    0x58, 0x45, 0x54, 0x61, 0x0E, 0xA1, 0x6D, 0x8C, 0x9A, 0xC3, 0x05, 0xA1, 0xE7, 0xB0, 0xDC, 0x1B,
    0xEE, 0xC8, 0xDE, 0x43, 0xBB, 0x23, 0x23, 0xD8, 0x4F, 0x10, 0x41, 0x94, 0x6C, 0xE2, 0x12, 0x84,
    0xD0, 0x19, 0xAF, 0x82, 0xD0, 0xD8, 0x76, 0xF9, 0x4F, 0x60, 0x25, 0x5F, 0x43, 0x7C, 0x52, 0x81,
    0x74, 0xCE, 0x10, 0xC8, 0xAD, 0xD5, 0x6E, 0x26, 0x9D, 0x31, 0xB6, 0x41, 0xBF, 0x1B, 0x9E, 0xF1,
    0x0F, 0xE4, 0xA3, 0xB3, 0xDB, 0xBB, 0xB3, 0xCD, 0x61, 0xDE, 0xAD, 0xD1, 0xB8, 0x60, 0xB3, 0xE3,
    0x4C, 0x15, 0x1B, 0x7A, 0x61, 0x16, 0x17, 0xC8, 0x16, 0x77, 0x2F, 0x51, 0xDF, 0x64, 0x92, 0x5E,
    0x94, 0x89, 0xE1, 0xFF, 0xA2, 0x92, 0x5D, 0xA7, 0x15, 0xE9, 0x44, 0x6F, 0xE5, 0xA3, 0xC8, 0x1A,
    0x76, 0xF4, 0x29, 0xBA, 0x3F, 0x74, 0x3F, 0xFF, 0x4C, 0x89, 0x7E, 0x7D, 0x8D, 0x9C, 0xB3, 0xF7,
    0x27, 0x99, 0xE8, 0x7C, 0x7E, 0x06, 0x41, 0x29, 0xF4, 0x02, 0xFC, 0x2A, 0x51, 0xF3, 0xB8, 0x52,
    0xF7, 0x5E, 0x0D, 0x31, 0x6B, 0x7B, 0xC3, 0x57, 0x40, 0x46, 0x7F, 0x28, 0xE6, 0xFD, 0xD1, 0x29,
    0xB3, 0x18, 0x1B, 0x0B, 0x17, 0xD4, 0xA5, 0x15, 0xAA, 0xBB, 0x70, 0xDC, 0xB6, 0x5F, 0x6B, 0xE4,
    0x2B, 0xC4, 0x0A, 0xA4, 0x3C, 0x0E, 0x45, 0xCA, 0xEF, 0xA9, 0xB8, 0xA7, 0x96, 0x48, 0xAD, 0x92,
    0x7A, 0x4C, 0xEA, 0x6B, 0x52, 0x82, 0x54, 0x6C, 0x8D, 0xF7, 0x21, 0x62, 0xAB, 0x45, 0x93, 0x0E,
    0x7C, 0xBB, 0x86, 0xE4, 0x41, 0x89, 0x11, 0xDA, 0x7E, 0x89, 0x99, 0xC0, 0x60, 0x22, 0x3E, 0xE9,
    0xA6, 0x99, 0xED, 0x82, 0x8E, 0x6F, 0x73, 0x25, 0xD4, 0xAE, 0x0E, 0x10, 0x0C, 0x70, 0xD1, 0x77,
    0x02, 0xE4, 0xD8, 0xE2, 0xD3, 0xBC, 0x73, 0x0B, 0x2B, 0x1B, 0xB3, 0x5D, 0x4E, 0x88, 0x5E, 0x72,
    0x3E, 0xE4, 0x92, 0x6A, 0x3B, 0xE3, 0x88, 0xEB, 0x4B, 0xCE, 0xDA, 0xDA, 0x91, 0x8B, 0xC3, 0xAF,
    0x87, 0x03, 0xB7, 0xD7, 0x70, 0x67, 0x9D, 0x11, 0x9C, 0xA3, 0x8E, 0xB9, 0x50, 0xAB, 0xCC, 0x9E,
    0x25, 0x3E, 0xC5, 0xFA, 0x2C, 0x75, 0xBB, 0x5B, 0x4B, 0xCB, 0x07, 0x83, 0xCD, 0x58, 0xCD, 0xA7,
    0xA4, 0x5A, 0xA0, 0xA7, 0x12, 0xE4, 0xAA, 0x6E, 0x57, 0x86, 0x5C, 0x35, 0x6F, 0xC6, 0x5C, 0x65,
    0x5C, 0xF9, 0xD1, 0x1D, 0x66, 0x83, 0x18, 0x7C, 0x55, 0xD8, 0xEA, 0xB5, 0x3C, 0xE7, 0xD2, 0x9E,
    0xCB, 0xBA, 0x3C, 0xCC, 0xD7, 0x19, 0xF2, 0xFF, 0xA4, 0x6D, 0x86, 0xC7, 0x19, 0x4F, 0x0F, 0xD9,
    0xFF, 0x73, 0x15, 0x1E, 0xED, 0x16, 0xF1, 0xAE, 0x2A, 0xC4, 0x37, 0xDC, 0x42, 0x37, 0x15, 0x32,
    0x66, 0x35, 0xF7, 0x7F, 0xE9, 0x64, 0xBE, 0x35, 0xE2, 0xE6, 0xBE, 0x12, 0xBB, 0xFB, 0x8A, 0x7E,
    0xDA, 0x57, 0xE1, 0xC9, 0x73, 0xFE, 0x50, 0x37, 0xAC, 0xC3, 0x97, 0x8D, 0x9B, 0x0B, 0x35, 0xE8,
    0x63, 0xC5, 0x2C, 0x5E, 0x0E, 0x5C, 0x53, 0xCD, 0xE6, 0xD5, 0x55, 0xFB, 0x72, 0xDA, 0x7E, 0x9F,
    0xDB, 0x32, 0x51, 0x48, 0xD2, 0x77, 0x13, 0x2C, 0x90, 0xDA, 0x0C, 0xF8, 0x1A, 0xEF, 0x8C, 0x23,
    0x17, 0x1C, 0xB8, 0x4E, 0x51, 0x3F, 0x2B, 0x42, 0xA3, 0x34, 0x3D, 0x51, 0xEB, 0xE2, 0x9E, 0x0B,
    0x2C, 0x39, 0xB0, 0x44, 0x1E, 0xF0, 0xFC, 0x41, 0x0A, 0x71, 0x9F, 0x2B, 0x60, 0x0F, 0x2D, 0xEA,
    0x73, 0x3F, 0x5B, 0xBF, 0xE0, 0x5B, 0x4A, 0x44, 0x1D, 0xE0, 0x2D, 0x60, 0xB6, 0xEB, 0xF4, 0xB2,
    0x29, 0x77, 0x0B, 0xB7, 0x9E, 0x95, 0x37, 0xB2, 0x67, 0x72, 0x53, 0xDC, 0x4F, 0x53, 0x71, 0x8F,
    0x0F, 0xC9, 0xFF, 0x84, 0x6F, 0x07, 0x4D, 0xF4, 0xCC, 0x0E, 0xAE, 0xD6, 0x6B, 0xAC, 0x3E, 0x6A,
    0xB7, 0x46, 0x85, 0xF7, 0x34, 0x58, 0x9F, 0x48, 0x3B, 0xC9, 0xB9, 0x7D, 0x58, 0x70, 0x88, 0x02,
    0x54, 0xC2, 0x5B, 0x5B, 0xD9, 0x40, 0x3C, 0x70, 0xDC, 0xD1, 0x81, 0xA4, 0xBF, 0x90, 0x1F, 0x28,
    0xB6, 0x42, 0x5F, 0x26, 0x7D, 0x8D, 0xF4, 0x24, 0xE9, 0xB7, 0x49, 0xBB, 0x2E, 0xC8, 0xCE, 0x88,
    0x75, 0xD2, 0xB1, 0x0F, 0x30, 0x13, 0xE0, 0x06, 0xF6, 0xB9, 0x1C, 0xC2, 0xD3, 0xD3, 0x94, 0xFE,
    0x3C, 0x52, 0xF4, 0xB3, 0x51, 0xB4, 0x67, 0x8A, 0xD8, 0xE1, 0xC7, 0x41, 0x11, 0xFF, 0xBA, 0xA1,
    0x59, 0xCD, 0x06, 0xD9, 0x20, 0x2C, 0x6F, 0x77, 0xBC, 0x5B, 0xD7, 0x9D, 0xA4, 0xC7, 0xD5, 0xB8,
    0x3B, 0x5D, 0x97, 0x8A, 0x74, 0x3C, 0x37, 0xF5, 0x9F, 0xB9, 0x1A, 0x77, 0xAE, 0x87, 0xEB, 0xC8,
    0x18, 0x6E, 0x3D, 0x8E, 0x8C, 0xBF, 0x01, 0x8D, 0x54, 0x3D, 0x6F, 0x13, 0x41, 0x10, 0x1D, 0xDF,
    0x01, 0x87, 0x73, 0x49, 0x8E, 0x22, 0x48, 0x08, 0x99, 0x8F, 0xD2, 0x42, 0xB6, 0x68, 0x28, 0xB6,
    0x70, 0xB8, 0x95, 0xF8, 0x03, 0x29, 0x30, 0x14, 0x34, 0xA6, 0xA7, 0x48, 0xE1, 0x82, 0x8E, 0xFB,
    0x09, 0x34, 0xFC, 0x08, 0x1C, 0x89, 0xA4, 0x48, 0x4B, 0x72, 0x0A, 0x45, 0x0A, 0x1A, 0x1B, 0x4A,
    0x8A, 0x18, 0x09, 0x09, 0x29, 0x14, 0x5C, 0x91, 0xC2, 0x82, 0xB3, 0xCD, 0x9B, 0x77, 0x3E, 0xDF,
    0x99, 0x44, 0x98, 0xD5, 0xEE, 0x48, 0x3B, 0x77, 0xBB, 0x6F, 0x66, 0xF6, 0xBD, 0x11, 0xE1, 0xA8,
    0xD3, 0xEE, 0xA9, 0xF1, 0x62, 0xB5, 0xE1, 0x14, 0x43, 0xEE, 0x9F, 0xF6, 0x7A, 0x3D, 0xF1, 0xFA,
    0xFC, 0x9A, 0x94, 0xFE, 0x9C, 0x8F, 0xBE, 0xB8, 0x89, 0x78, 0x23, 0x09, 0xC6, 0x62, 0x3E, 0xDA,
    0xAD, 0x38, 0x12, 0x1C, 0x5F, 0x3A, 0x4B, 0xC3, 0xA3, 0x75, 0x33, 0xE7, 0x68, 0x86, 0x7B, 0x0F,
    0xB0, 0x13, 0x75, 0x54, 0x08, 0xEA, 0x46, 0x6A, 0xAB, 0x58, 0x56, 0xFE, 0xE7, 0xFE, 0xCE, 0x51,
    0xD4, 0x3C, 0x91, 0x20, 0x15, 0xF7, 0x4C, 0x9C, 0xA4, 0x84, 0xF8, 0x40, 0x7C, 0x26, 0x02, 0x38,
    0x1F, 0xCE, 0xB3, 0x52, 0x9A, 0x13, 0x71, 0xFB, 0x84, 0xDB, 0x23, 0xDC, 0x0D, 0xC2, 0x31, 0x41,
    0x27, 0x4B, 0x30, 0x95, 0xD6, 0x17, 0xD9, 0x1A, 0x44, 0xF0, 0xFC, 0x35, 0xE1, 0xC4, 0x27, 0x85,
    0x1B, 0x11, 0x8E, 0xE5, 0xEA, 0x60, 0xBD, 0x42, 0x0E, 0xE1, 0x37, 0x2C, 0x5C, 0xD8, 0x1C, 0x8A,
    0x34, 0x5E, 0xE2, 0xE2, 0xDB, 0x9A, 0x34, 0x1C, 0x15, 0x38, 0x04, 0x0E, 0x59, 0x70, 0x74, 0xB1,
    0x6E, 0x61, 0x5D, 0xC2, 0xBA, 0x89, 0x93, 0xB8, 0xE1, 0xCA, 0x58, 0xC4, 0x49, 0x45, 0xFC, 0x17,
    0xB8, 0xA5, 0x26, 0xB2, 0xBF, 0x2A, 0x0E, 0x20, 0x7C, 0xD4, 0xA2, 0x89, 0xBF, 0xF6, 0x65, 0x61,
    0xDB, 0x2D, 0xD5, 0x56, 0xDF, 0xB3, 0x85, 0x15, 0xE4, 0x15, 0x4E, 0xCE, 0x39, 0x36, 0xE0, 0xC0,
    0x93, 0x06, 0x46, 0x34, 0x7A, 0xA9, 0x00, 0xE7, 0x10, 0xEB, 0xF2, 0xFB, 0xD9, 0x15, 0x5A, 0x85,
    0x0B, 0x50, 0xB2, 0xED, 0x5D, 0x6C, 0xEB, 0xD8, 0x36, 0xB0, 0x7D, 0x88, 0xAF, 0x21, 0xBE, 0x86,
    0x88, 0xF6, 0xE0, 0xF5, 0x3C, 0x04, 0x87, 0x4F, 0xE7, 0x5A, 0xB5, 0x3E, 0x3D, 0xEB, 0x24, 0x51,
    0x83, 0xE1, 0x19, 0xD2, 0x6D, 0xBB, 0xA0, 0xDB, 0xCE, 0xA9, 0xD2, 0x2D, 0x0B, 0x8D, 0x87, 0xEA,
    0xD9, 0xA1, 0x35, 0xDA, 0x06, 0xAD, 0xA1, 0xBD, 0x26, 0xE7, 0x5C, 0xDB, 0xB4, 0x43, 0xF2, 0xE6,
    0x98, 0xB0, 0x1F, 0x62, 0x82, 0x17, 0xB4, 0x7A, 0x47, 0x5A, 0x35, 0x48, 0x2B, 0x43, 0x5A, 0xED,
    0x55, 0x8B, 0x43, 0x71, 0x41, 0xB6, 0x4A, 0xA9, 0x8C, 0xF5, 0x55, 0x16, 0x53, 0x41, 0xBC, 0xA3,
    0xA4, 0x10, 0xC7, 0xCF, 0x5F, 0x2A, 0x8E, 0x4F, 0xA4, 0x68, 0x62, 0x8A, 0x3F, 0xE7, 0x23, 0x56,
    0x3A, 0x80, 0x83, 0x10, 0x47, 0xEB, 0x44, 0x9E, 0x0F, 0xA2, 0x99, 0x56, 0x26, 0x62, 0x8E, 0xAD,
    0x8D, 0xED, 0x32, 0x71, 0xAC, 0x51, 0x1C, 0xDE, 0x23, 0x66, 0x91, 0x14, 0x59, 0xEC, 0x4C, 0x34,
    0x0B, 0x77, 0xA0, 0xC8, 0x3E, 0xE3, 0xBD, 0x3A, 0x67, 0xAB, 0xA6, 0xB2, 0x38, 0xED, 0xD0, 0x9A,
    0xEF, 0x16, 0xA0, 0x5E, 0xAA, 0x62, 0xED, 0x7C, 0x8D, 0x36, 0x7F, 0x68, 0x48, 0x65, 0xB6, 0xCE,
    0xBB, 0x80, 0x51, 0xD2, 0x24, 0x78, 0x14, 0x37, 0x0E, 0x67, 0xD2, 0xD8, 0xD5, 0x06, 0x80, 0x27,
    0x49, 0x94, 0x3F, 0xF5, 0xBC, 0xD8, 0xB3, 0x97, 0x14, 0xA9, 0x95, 0x5E, 0xA0, 0x4B, 0x8D, 0xFD,
    0x26, 0xD3, 0x3E, 0xAB, 0xC6, 0x9C, 0xB8, 0xD0, 0xD8, 0x2E, 0x35, 0xB6, 0x4E, 0x8D, 0xD5, 0xA8,
    0x31, 0x53, 0x2D, 0x9E, 0x2D, 0xC9, 0xE3, 0xCF, 0x54, 0x2E, 0xA5, 0xBE, 0xA4, 0x34, 0xF6, 0x70,
    0xC7, 0x58, 0x75, 0x24, 0xE1, 0x9B, 0x76, 0xFB, 0xB1, 0x6E, 0xD3, 0xEC, 0x4C, 0xFD, 0xC2, 0x76,
    0xB4, 0x29, 0x61, 0x68, 0x9F, 0x99, 0xC8, 0x37, 0xF2, 0xEF, 0xB9, 0x62, 0xCA, 0xE7, 0x99, 0x4C,
    0x60, 0x35, 0x64, 0xA5, 0x44, 0x25, 0xBD, 0xDE, 0x6E, 0x3F, 0x19, 0xE9, 0x36, 0xCE, 0x13, 0xDE,
    0x20, 0x49, 0x6A, 0xE2, 0x2D, 0x9B, 0x4F, 0x6B, 0x51, 0x78, 0xC7, 0x06, 0x4D, 0x8D, 0x47, 0x0B,
    0x4D, 0x8E, 0x51, 0xD8, 0x5A, 0x24, 0x1D, 0x2C, 0x8C, 0x8F, 0xE6, 0xF3, 0x76, 0xA1, 0xDF, 0xBA,
    0xB4, 0x72, 0x38, 0x9D, 0x4E, 0xB4, 0x11, 0x95, 0x47, 0x35, 0x23, 0x5F, 0xC4, 0x0E, 0x99, 0xD0,
    0xE6, 0xDD, 0x52, 0x6D, 0x56, 0x6C, 0x72, 0x68, 0x25, 0x3F, 0xF2, 0x07, 0x9D, 0x54, 0xBF, 0x6F,
    0x14, 0x47, 0x14, 0xFE, 0x76, 0x06, 0xB3, 0x09, 0x2B, 0xBC, 0x34, 0x14, 0x8E, 0x1C, 0xAF, 0x13,
    0x05, 0xC9, 0x3A, 0x39, 0x6C, 0x43, 0xE1, 0x24, 0xF6, 0xCD, 0x28, 0x4D, 0x0A, 0x24, 0x44, 0x81,
    0xDB, 0xD0, 0xA4, 0x4A, 0x11, 0x2E, 0x12, 0x12, 0x17, 0x64, 0xB1, 0x83, 0x90, 0x68, 0x52, 0xE4,
    0x4F, 0xC0, 0x45, 0x8A, 0xF8, 0xA2, 0xFC, 0x28, 0x28, 0x52, 0x04, 0x6E, 0x23, 0x8A, 0x94, 0x77,
    0x14, 0x14, 0x88, 0x82, 0x55, 0x24, 0x57, 0x91, 0xD0, 0x44, 0x5E, 0x29, 0xAB, 0xB0, 0x77, 0xC3,
    0x37, 0x73, 0xBE, 0x40, 0xE1, 0x22, 0x64, 0x76, 0xDE, 0x6A, 0xE6, 0xCD, 0xBC, 0x37, 0x6F, 0xBE,
    0xF7, 0xBD, 0x59, 0xD1, 0x88, 0x6B, 0xE0, 0x1E, 0xA0, 0x34, 0xB2, 0x12, 0xE9, 0x58, 0x38, 0x9B,
    0x9D, 0xB7, 0x4A, 0xDA, 0x1B, 0xD2, 0xDE, 0x93, 0xF6, 0xBE, 0xB4, 0x85, 0xAC, 0xD4, 0x27, 0x65,
    0x32, 0x05, 0x2E, 0x02, 0x38, 0x06, 0x2C, 0xAC, 0x03, 0xAE, 0x45, 0xBC, 0xEF, 0x90, 0xE2, 0x4F,
    0xB3, 0x19, 0x3D, 0x28, 0x37, 0xE4, 0x6F, 0xD5, 0x55, 0xA9, 0xAB, 0xBB, 0x09, 0xAA, 0xFE, 0x49,
    0x31, 0xDE, 0x5C, 0x97, 0xE5, 0xD9, 0x8D, 0xC4, 0xA4, 0xB6, 0x80, 0x70, 0x0D, 0xA2, 0xC7, 0x1A,
    0xC2, 0xD0, 0x5C, 0x6A, 0x20, 0xE7, 0x40, 0x95, 0xC0, 0x70, 0x0C, 0x3C, 0xA9, 0x10, 0x3D, 0xB0,
    0x90, 0xB7, 0x6A, 0x48, 0xD1, 0x22, 0x41, 0x8B, 0x45, 0x4C, 0xB1, 0x8E, 0x21, 0x36, 0xA0, 0xF0,
    0xD5, 0x76, 0x61, 0x86, 0xCE, 0x99, 0xCE, 0x60, 0xA0, 0x0B, 0xE7, 0x4A, 0xA5, 0xA5, 0xC9, 0xCB,
    0x84, 0xA1, 0x2E, 0x32, 0xD6, 0x65, 0x24, 0xD5, 0x3A, 0x62, 0x7B, 0x0E, 0xB2, 0xEE, 0x41, 0x34,
    0x15, 0xD0, 0xD2, 0xAF, 0xA3, 0xFF, 0x21, 0xCF, 0xD9, 0xE2, 0x79, 0xA7, 0x80, 0xEB, 0x83, 0xC1,
    0x00, 0xD9, 0x3F, 0xDF, 0xB7, 0xB4, 0x90, 0xF5, 0x6B, 0xFE, 0x2A, 0xD9, 0xA0, 0x68, 0x73, 0x87,
    0xD0, 0x3E, 0xFF, 0xAE, 0x33, 0x40, 0x5E, 0x27, 0x13, 0xBF, 0xF0, 0xBF, 0x5C, 0x39, 0x37, 0x9D,
    0xB9, 0xEA, 0x0C, 0x7E, 0x80, 0xDA, 0xFF, 0x02, 0xA9, 0x8D, 0x21, 0x1B, 0x81, 0x68, 0x42, 0xE5,
    0x10, 0x33, 0x64, 0x52, 0x22, 0x93, 0xF0, 0x16, 0x2B, 0x9C, 0xF7, 0x23, 0xC0, 0x4A, 0xC8, 0x47,
    0x97, 0x91, 0xD2, 0x58, 0xB9, 0x09, 0x72, 0xA2, 0xAF, 0x9C, 0xA3, 0x8F, 0x3D, 0xCA, 0x40, 0x51,
    0xFD, 0x06, 0xB0, 0xFC, 0xB2, 0x53, 0xD3, 0xF9, 0x71, 0xEF, 0x55, 0x0D, 0x62, 0x7A, 0x05, 0x4E,
    0x82, 0xD0, 0xE2, 0x1C, 0xF0, 0x33, 0x40, 0xE4, 0x4B, 0x48, 0x73, 0xC4, 0x0A, 0xDB, 0x2E, 0xD0,
    0x03, 0x53, 0xE0, 0x95, 0x8B, 0x0C, 0x26, 0x64, 0x4E, 0x30, 0x34, 0x46, 0x66, 0xE7, 0x6B, 0xCB,
    0xF3, 0xB5, 0x08, 0xEF, 0xA3, 0xE0, 0xB7, 0x44, 0xCB, 0xB7, 0x0E, 0xB3, 0xEB, 0xE5, 0x43, 0xE3,
    0xFD, 0x75, 0xF4, 0x2E, 0x67, 0x63, 0xE4, 0x25, 0x09, 0xF6, 0x90, 0xF2, 0x07, 0x0F, 0x3D, 0xD0,
    0x90, 0x07, 0x80, 0x78, 0x4E, 0x13, 0x8F, 0xAE, 0x87, 0xE5, 0x57, 0x04, 0xB7, 0xBE, 0x11, 0x92,
    0x06, 0x99, 0x4B, 0xA7, 0xD8, 0x2A, 0x26, 0x19, 0x7A, 0xA9, 0x95, 0x66, 0x57, 0xD6, 0xC2, 0xF4,
    0x64, 0x2B, 0xF5, 0xD6, 0xA7, 0xEE, 0x0E, 0xF2, 0x56, 0x4D, 0x10, 0x57, 0x71, 0x85, 0xB5, 0x9D,
    0x23, 0x9A, 0xBF, 0x43, 0x64, 0x43, 0xFF, 0x4B, 0x47, 0x07, 0x26, 0xFA, 0x1B, 0x91, 0xF3, 0x30,
    0x47, 0x2D, 0xA2, 0xDA, 0xEB, 0x05, 0x79, 0x67, 0x91, 0x58, 0xE6, 0x00, 0x6F, 0x5B, 0x7C, 0x60,
    0xF1, 0x8E, 0x9D, 0x9B, 0x58, 0x1F, 0xC4, 0xDA, 0x67, 0x3B, 0xCD, 0x7F, 0xFA, 0x58, 0x42, 0xE2,
    0xB6, 0x8E, 0x47, 0x66, 0xDE, 0x7F, 0x89, 0x47, 0x36, 0x1E, 0x8D, 0xFD, 0xF8, 0xA9, 0x89, 0x5D,
    0xE8, 0x4F, 0x4D, 0x32, 0x32, 0xD9, 0xC8, 0xA8, 0x91, 0xB9, 0xF6, 0x72, 0xE7, 0xAC, 0xEB, 0x70,
    0x69, 0x96, 0xA1, 0x1C, 0x31, 0x1B, 0x5F, 0x03, 0x99, 0xAF, 0x93, 0x43, 0x51, 0x38, 0x5A, 0xBA,
    0x94, 0x1B, 0x33, 0x39, 0x45, 0xE8, 0xEE, 0x32, 0x8A, 0x82, 0xE9, 0x59, 0xF0, 0xA4, 0x99, 0x4E,
    0xD6, 0x66, 0x7F, 0xC1, 0xBA, 0x6E, 0xFA, 0x5D, 0x67, 0x57, 0x3D, 0xA1, 0x34, 0xA2, 0x31, 0x64,
    0xC9, 0x9C, 0x8B, 0x0B, 0xC8, 0x26, 0x41, 0xFF, 0xDC, 0x78, 0x5D, 0xE0, 0xC1, 0x62, 0x08, 0xE3,
    0x5F, 0x93, 0x77, 0xCF, 0x9B, 0x57, 0x6C, 0x99, 0x73, 0x72, 0xC6, 0x93, 0x20, 0x70, 0xEF, 0xA7,
    0xBD, 0x40, 0x1A, 0x6C, 0x22, 0xCC, 0x17, 0xF6, 0x2F, 0x05, 0x7E, 0xD0, 0x11, 0x8E, 0xE3, 0xB0,
    0x9D, 0x45, 0xDC, 0xB0, 0x14, 0x93, 0x0A, 0x39, 0x79, 0x42, 0xE3, 0x82, 0x24, 0x6A, 0xA8, 0x3F,
    0xBD, 0xBD, 0xAD, 0xE6, 0x95, 0xC0, 0x32, 0x4D, 0xB9, 0x74, 0x1F, 0xE1, 0x29, 0xDA, 0x61, 0x4A,
    0x39, 0xCE, 0xC6, 0x5E, 0x7F, 0x66, 0xFB, 0xD2, 0x7C, 0xDB, 0x7B, 0x7C, 0x3E, 0x84, 0x25, 0x1C,
    0xF9, 0xC7, 0x0D, 0x44, 0x1D, 0x06, 0xDC, 0xDE, 0x95, 0x95, 0xF7, 0x1C, 0x60, 0xA0, 0x21, 0x8D,
    0x0B, 0x7F, 0xFD, 0xD8, 0x04, 0xA3, 0x55, 0xE1, 0xE1, 0x13, 0xB5, 0x77, 0xED, 0x91, 0x2C, 0xBC,
    0x89, 0xF4, 0x5E, 0xA2, 0x9A, 0x08, 0x67, 0x37, 0xF9, 0x32, 0x35, 0x99, 0x09, 0x03, 0x6C, 0x48,
    0x33, 0x8F, 0x1B, 0x81, 0xEB, 0xF2, 0x5B, 0x4F, 0x8E, 0x5C, 0xF3, 0x5D, 0xCA, 0xFB, 0xE8, 0xF6,
    0xFC, 0x8C, 0x3C, 0x15, 0xBF, 0x57, 0xD2, 0xF4, 0xC9, 0xFA, 0x37, 0xE7, 0x3B, 0x57, 0xA5, 0xEE,
    0x26, 0x88, 0x9F, 0xF1, 0x00, 0x1E, 0x67, 0xF1, 0x65, 0x0D, 0x57, 0x46, 0x8D, 0x7F, 0x50, 0x3F,
    0x32, 0x98, 0xED, 0x5C, 0xE1, 0x0B, 0xAB, 0xF4, 0x12, 0x56, 0xD2, 0x44, 0xAB, 0x2B, 0x77, 0x4A,
    0x75, 0xE5, 0x9B, 0x72, 0xE9, 0xC4, 0x71, 0xFD, 0x02, 0x7D, 0x90, 0x41, 0x4E, 0xC3, 0x30, 0x10,
    0x45, 0xBF, 0x13, 0xAA, 0x22, 0x79, 0x91, 0xEE, 0x59, 0xE4, 0x06, 0xE4, 0x02, 0xC4, 0xCE, 0x82,
    0x83, 0x70, 0x03, 0x38, 0x00, 0x92, 0x23, 0xB8, 0x80, 0x97, 0x1C, 0x80, 0x7D, 0xD7, 0x95, 0x2A,
    0x92, 0x23, 0xF8, 0x08, 0x51, 0x2B, 0x84, 0x04, 0x0B, 0xB2, 0xF0, 0x22, 0xA2, 0x6E, 0xCD, 0xB8,
    0x6E, 0x51, 0x91, 0x08, 0x96, 0xE6, 0x6B, 0x46, 0x9E, 0xFF, 0xE4, 0x6F, 0x80, 0x2D, 0x00, 0xF5,
    0x79, 0x8B, 0x64, 0xE5, 0x38, 0x78, 0xBB, 0x04, 0xB2, 0xDA, 0x01, 0x79, 0x10, 0xE5, 0x7D, 0x07,
    0xF5, 0xB1, 0xD3, 0x71, 0x1C, 0x15, 0xB5, 0xF6, 0x15, 0xE2, 0xB9, 0xD0, 0xC0, 0xC6, 0x22, 0x6D,
    0x2D, 0x71, 0x66, 0x54, 0x61, 0xE5, 0x8C, 0x48, 0x8E, 0x40, 0x6E, 0xBF, 0xFE, 0x57, 0xA9, 0x37,
    0x1F, 0xFD, 0xC5, 0x13, 0xD8, 0x97, 0x23, 0xBF, 0xDB, 0xBF, 0x23, 0x3B, 0xDE, 0x07, 0xFF, 0xFB,
    0x3F, 0xFE, 0xF5, 0xC1, 0x0F, 0xF6, 0x12, 0xF2, 0x34, 0x75, 0xB2, 0xDA, 0xF2, 0x9A, 0xF2, 0x24,
    0xBF, 0xF3, 0x78, 0x43, 0x79, 0xE6, 0x2D, 0x8D, 0xD9, 0xB8, 0x10, 0x4D, 0xDA, 0x23, 0x6F, 0xA1,
    0x89, 0x37, 0x37, 0x81, 0x67, 0x88, 0xC7, 0x0D, 0xF1, 0xB8, 0xC9, 0x83, 0xFC, 0xF0, 0xE2, 0x38,
    0x2A, 0xC4, 0x2B, 0x0E, 0xBC, 0x42, 0x83, 0x6D, 0x7A, 0x4C, 0xDB, 0xE1, 0x24, 0xDF, 0x00, 0xF5,
    0xE8, 0x3B, 0xF5, 0xB0, 0xD3, 0xA1, 0x8F, 0x75, 0x9A, 0x6F, 0x3B, 0x53, 0x5D, 0x63, 0x80, 0x09,
    0xF9, 0x3B, 0xB0, 0x57, 0xFA, 0x9F, 0xBA, 0x44, 0x8A, 0x4B, 0xA4, 0x95, 0x00, 0xB7, 0x7E, 0x28,
    0xAF, 0x9A, 0xE7, 0xF2, 0x5C, 0x40, 0xD6, 0x02, 0x79, 0x2F, 0x30, 0x75, 0x02, 0x37, 0x4B, 0x89,
    0xBB, 0x7B, 0x79, 0x2D, 0xFB, 0xC2, 0x4E, 0x2A, 0x56, 0x7D, 0x03, 0x63, 0x60, 0x68, 0x60, 0x60,
    0x60, 0x60, 0x7E, 0x00, 0x24, 0xF8, 0x7F, 0x00, 0x09, 0x1B, 0x3D, 0x20, 0xF1, 0x87, 0xBB, 0x81,
    0x81, 0xF9, 0xFF, 0xF7, 0x07, 0x0C, 0xFC, 0xFF, 0x3F, 0xFD, 0x60, 0xB0, 0xFF, 0xDF, 0xF4, 0x8F,
    0x61, 0xFF, 0x3F, 0xE6, 0xFF, 0x0E, 0xF6, 0x7F, 0xF5, 0xFF, 0x31, 0xF0, 0xFF, 0xDB, 0xFF, 0x03,
    0x28, 0xFB, 0x1F, 0xA8, 0xE5, 0x8F, 0x3D, 0x50, 0xB3, 0x8D, 0x1D, 0x4C, 0x2F, 0xD8, 0x14, 0x90,
    0x79, 0x00,
};

static const EpdGlyph ebgaramond_10_boldGlyphs[] = {
    { 0, 0, 0, 0, 0, 0, 0 }, // U+0000
    { 0, 0, 0, 0, 0, 0, 0 }, // U+0001
    { 0, 0, 0, 0, 0, 0, 0 }, // U+0002
    { 0, 0, 0, 0, 0, 0, 0 }, // U+0003
    { 0, 0, 0, 0, 0, 0, 0 }, // U+0004
    { 0, 0, 0, 0, 0, 0, 0 }, // U+0005
    { 0, 0, 0, 0, 0, 0, 0 }, // U+0006
    { 0, 0, 0, 0, 0, 0, 0 }, // U+0007
    { 0, 0, 0, 0, 0, 0, 0 }, // U+0008
    { 0, 0, 0, 0, 0, 0, 0 }, // U+0009
    { 0, 0, 0, 0, 0, 0, 0 }, // U+000A
    { 0, 0, 0, 0, 0, 0, 0 }, // U+000B
    { 0, 0, 0, 0, 0, 0, 0 }, // U+000C
    { 0, 0, 0, 0, 0, 0, 0 }, // U+000D
    { 0, 0, 0, 0, 0, 0, 0 }, // U+000E
    { 0, 0, 0, 0, 0, 0, 0 }, // U+000F
    { 0, 0, 0, 0, 0, 0, 0 }, // U+0010
    { 0, 0, 0, 0, 0, 0, 0 }, // U+0011
    { 0, 0, 0, 0, 0, 0, 0 }, // U+0012
    { 0, 0, 0, 0, 0, 0, 0 }, // U+0013
    { 0, 0, 0, 0, 0, 0, 0 }, // U+0014
    { 0, 0, 0, 0, 0, 0, 0 }, // U+0015
    { 0, 0, 0, 0, 0, 0, 0 }, // U+0016
    { 0, 0, 0, 0, 0, 0, 0 }, // U+0017
    { 0, 0, 0, 0, 0, 0, 0 }, // U+0018
    { 0, 0, 0, 0, 0, 0, 0 }, // U+0019
    { 0, 0, 0, 0, 0, 0, 0 }, // U+001A
    { 0, 0, 0, 0, 0, 0, 0 }, // U+001B
    { 0, 0, 0, 0, 0, 0, 0 }, // U+001C
    { 0, 0, 0, 0, 0, 0, 0 }, // U+001D
    { 0, 0, 0, 0, 0, 0, 0 }, // U+001E
    { 0, 0, 0, 0, 0, 0, 0 }, // U+001F
    { 0, 0, 79, 0, 0, 0, 0 }, // U+0020
    { 4, 15, 97, 1, 14, 15, 0 }, // !
    { 6, 7, 133, 1, 15, 11, 15 }, // "
    { 10, 14, 161, 0, 12, 35, 26 }, // #
    { 9, 17, 154, 0, 15, 39, 61 }, // $
    { 15, 15, 234, 0, 14, 57, 100 }, // %
    { 17, 14, 266, 0, 13, 60, 157 }, // &
    { 3, 7, 79, 1, 15, 6, 217 }, // '
    { 6, 20, 101, 0, 15, 30, 223 }, // (
    { 6, 20, 101, 0, 15, 30, 253 }, // )
    { 7, 8, 119, 0, 15, 14, 283 }, // *
    { 12, 12, 200, 0, 11, 36, 297 }, // +
    { 5, 7, 82, 0, 3, 9, 333 }, // ,
    { 7, 3, 105, 0, 6, 6, 342 }, // -
    { 5, 4, 82, 0, 3, 5, 348 }, // .
    { 9, 16, 135, 0, 14, 36, 353 }, // /
    { 11, 15, 194, 1, 14, 42, 389 }, // 0
    { 8, 15, 132, 0, 14, 30, 431 }, // 1
    { 11, 15, 176, 0, 14, 42, 461 }, // 2
    { 10, 15, 156, 0, 14, 38, 503 }, // 3
    { 12, 15, 188, 0, 14, 45, 541 }, // 4
    { 9, 15, 150, 0, 14, 34, 586 }, // 5
    { 10, 15, 174, 0, 14, 38, 620 }, // 6
    { 11, 15, 182, 0, 14, 42, 658 }, // 7
    { 10, 15, 183, 1, 14, 38, 700 }, // 8
    { 11, 16, 181, 0, 14, 44, 738 }, // 9
    { 4, 10, 94, 1, 9, 10, 782 }, // :
    { 5, 13, 82, 0, 9, 17, 792 }, // ;
    { 11, 11, 180, 0, 10, 31, 809 }, // <
    { 13, 6, 210, 0, 8, 20, 840 }, // =
    { 11, 11, 180, 0, 10, 31, 860 }, // >
    { 7, 15, 132, 1, 14, 27, 891 }, // ?
    { 16, 16, 260, 0, 12, 64, 918 }, // @
    { 17, 16, 240, -1, 15, 68, 982 }, // A
    { 13, 15, 209, 0, 14, 49, 1050 }, // B
    { 14, 15, 236, 0, 14, 53, 1099 }, // C
    { 16, 15, 255, 0, 14, 60, 1152 }, // D
    { 12, 15, 192, 0, 14, 45, 1212 }, // E
    { 11, 15, 182, 0, 14, 42, 1257 }, // F
    { 15, 15, 240, 0, 14, 57, 1299 }, // G
    { 17, 15, 267, 0, 14, 64, 1356 }, // H
    { 8, 15, 121, 0, 14, 30, 1420 }, // I
    { 10, 19, 123, -2, 14, 48, 1450 }, // J
    { 17, 15, 254, 0, 14, 64, 1498 }, // K
    { 13, 15, 195, 0, 14, 49, 1562 }, // L
    { 19, 15, 306, 0, 14, 72, 1611 }, // M
    { 17, 15, 270, 0, 14, 64, 1683 }, // N
    { 16, 15, 253, 0, 14, 60, 1747 }, // O
    { 13, 15, 202, 0, 14, 49, 1807 }, // P
    { 19, 20, 253, 0, 14, 95, 1856 }, // Q
    { 16, 15, 253, 0, 14, 60, 1951 }, // R
    { 10, 15, 165, 0, 14, 38, 2011 }, // S
    { 15, 16, 232, 0, 15, 60, 2049 }, // T
    { 16, 15, 248, 0, 14, 60, 2109 }, // U
    { 15, 15, 235, 0, 14, 57, 2169 }, // V
    { 22, 15, 340, 0, 14, 83, 2226 }, // W
    { 17, 15, 250, -1, 14, 64, 2309 }, // X
    { 15, 15, 218, 0, 14, 57, 2373 }, // Y
    { 13, 16, 199, 0, 15, 52, 2430 }, // Z
    { 6, 20, 119, 2, 15, 30, 2482 }, // [
    { 9, 16, 135, 0, 14, 36, 2512 }, // <backslash>
    { 6, 20, 119, 0, 15, 30, 2548 }, // ]
    { 11, 8, 171, 0, 13, 22, 2578 }, // ^
    { 13, 2, 197, 0, -2, 7, 2600 }, // _
    { 5, 5, 79, 0, 14, 7, 2607 }, // `
    { 10, 10, 146, 0, 9, 25, 2614 }, // a
    { 11, 16, 181, 0, 15, 44, 2639 }, // b
    { 9, 10, 137, 0, 9, 23, 2683 }, // c
    { 12, 16, 184, 0, 15, 48, 2706 }, // d
    { 9, 10, 139, 0, 9, 23, 2754 }, // e
    { 10, 16, 120, 0, 15, 40, 2777 }, // f
    { 11, 17, 167, 0, 10, 47, 2817 }, // g
    { 12, 16, 186, 0, 15, 48, 2864 }, // h
    { 6, 15, 98, 0, 14, 23, 2912 }, // i
    { 6, 20, 89, -1, 14, 30, 2935 }, // j
    { 12, 16, 182, 0, 15, 48, 2965 }, // k
    { 6, 16, 95, 0, 15, 24, 3013 }, // l
    { 17, 11, 269, 0, 10, 47, 3037 }, // m
    { 12, 11, 189, 0, 10, 33, 3084 }, // n
    { 10, 11, 168, 0, 10, 28, 3117 }, // o
    { 11, 16, 184, 0, 10, 44, 3145 }, // p
    { 12, 16, 179, 0, 10, 48, 3189 }, // q
    { 9, 11, 138, 0, 10, 25, 3237 }, // r
    { 7, 11, 120, 0, 10, 20, 3262 }, // s
    { 8, 12, 125, 0, 11, 24, 3282 }, // t
    { 12, 11, 184, 0, 10, 33, 3306 }, // u
    { 11, 10, 161, 0, 9, 28, 3339 }, // v
    { 16, 10, 251, 0, 9, 40, 3367 }, // w
    { 11, 10, 168, 0, 9, 28, 3407 }, // x
    { 11, 15, 160, 0, 9, 42, 3435 }, // y
    { 9, 11, 146, 0, 10, 25, 3477 }, // z
    { 8, 19, 124, 0, 15, 38, 3502 }, // {
    { 3, 22, 92, 1, 15, 17, 3540 }, // |
    { 7, 19, 124, 0, 15, 34, 3557 }, // }
    { 11, 4, 182, 0, 9, 11, 3591 }, // ~
    { 0, 0, 0, 0, 0, 0, 3602 }, // U+007F
    { 0, 0, 0, 0, 0, 0, 0 }, // U+0080
    { 0, 0, 0, 0, 0, 0, 0 }, // U+0081
    { 0, 0, 0, 0, 0, 0, 0 }, // U+0082
    { 0, 0, 0, 0, 0, 0, 0 }, // U+0083
    { 0, 0, 0, 0, 0, 0, 0 }, // U+0084
    { 0, 0, 0, 0, 0, 0, 0 }, // U+0085
    { 0, 0, 0, 0, 0, 0, 0 }, // U+0086
    { 0, 0, 0, 0, 0, 0, 0 }, // U+0087
    { 0, 0, 0, 0, 0, 0, 0 }, // U+0088
    { 0, 0, 0, 0, 0, 0, 0 }, // U+0089
    { 0, 0, 0, 0, 0, 0, 0 }, // U+008A
    { 0, 0, 0, 0, 0, 0, 0 }, // U+008B
    { 0, 0, 0, 0, 0, 0, 0 }, // U+008C
    { 0, 0, 0, 0, 0, 0, 0 }, // U+008D
    { 0, 0, 0, 0, 0, 0, 0 }, // U+008E
    { 0, 0, 0, 0, 0, 0, 0 }, // U+008F
    { 0, 0, 0, 0, 0, 0, 0 }, // U+0090
    { 0, 0, 0, 0, 0, 0, 0 }, // U+0091
    { 0, 0, 0, 0, 0, 0, 0 }, // U+0092
    { 0, 0, 0, 0, 0, 0, 0 }, // U+0093
    { 0, 0, 0, 0, 0, 0, 0 }, // U+0094
    { 0, 0, 0, 0, 0, 0, 0 }, // U+0095
    { 0, 0, 0, 0, 0, 0, 0 }, // U+0096
    { 0, 0, 0, 0, 0, 0, 0 }, // U+0097
    { 0, 0, 0, 0, 0, 0, 0 }, // U+0098
    { 0, 0, 0, 0, 0, 0, 0 }, // U+0099
    { 0, 0, 0, 0, 0, 0, 0 }, // U+009A
    { 0, 0, 0, 0, 0, 0, 0 }, // U+009B
    { 0, 0, 0, 0, 0, 0, 0 }, // U+009C
    { 0, 0, 0, 0, 0, 0, 0 }, // U+009D
    { 0, 0, 0, 0, 0, 0, 0 }, // U+009E
    { 0, 0, 0, 0, 0, 0, 0 }, // U+009F
    { 0, 0, 79, 0, 0, 0, 0 }, // U+00A0
    { 4, 15, 97, 1, 11, 15, 0 }, // U+00A1
    { 9, 14, 145, 0, 12, 32, 15 }, // U+00A2
    { 13, 15, 189, -1, 14, 49, 47 }, // U+00A3
    { 11, 11, 170, 0, 11, 31, 96 }, // U+00A4
    { 15, 15, 218, 0, 14, 57, 127 }, // U+00A5
    { 4, 22, 92, 1, 15, 22, 184 }, // U+00A6
    { 9, 18, 148, 0, 14, 41, 206 }, // U+00A7
    { 8, 4, 118, 0, 14, 8, 247 }, // U+00A8
    { 14, 14, 227, 0, 14, 49, 255 }, // U+00A9
    { 7, 9, 117, 0, 12, 16, 304 }, // U+00AA
    { 11, 9, 194, 1, 9, 25, 320 }, // U+00AB
    { 12, 9, 207, 0, 9, 27, 345 }, // U+00AC
    { 0, 0, 0, 0, 0, 0, 372 }, // U+00AD
    { 14, 14, 229, 0, 14, 49, 372 }, // U+00AE
    { 7, 2, 118, 0, 12, 4, 421 }, // U+00AF
    { 7, 7, 116, 0, 14, 13, 425 }, // U+00B0
    { 12, 14, 200, 0, 14, 42, 438 }, // U+00B1
    { 7, 8, 114, 0, 16, 14, 480 }, // U+00B2
    { 6, 8, 98, 0, 16, 12, 494 }, // U+00B3
    { 5, 5, 79, 0, 14, 7, 506 }, // U+00B4
    { 11, 15, 186, 1, 9, 42, 513 }, // U+00B5
    { 13, 21, 209, 0, 14, 69, 555 }, // U+00B6
    { 5, 4, 85, 0, 6, 5, 624 }, // U+00B7
    { 4, 7, 91, 1, 1, 7, 629 }, // U+00B8
    { 5, 8, 83, 0, 16, 10, 636 }, // U+00B9
    { 8, 9, 109, 0, 12, 18, 646 }, // U+00BA
    { 12, 9, 194, 0, 9, 27, 664 }, // U+00BB
    { 14, 15, 215, 0, 14, 53, 691 }, // U+00BC
    { 15, 15, 240, 0, 14, 57, 744 }, // U+00BD
    { 14, 15, 220, 0, 14, 53, 801 }, // U+00BE
    { 7, 15, 132, 1, 11, 27, 854 }, // U+00BF
    { 17, 19, 240, -1, 18, 81, 881 }, // U+00C0
    { 17, 19, 240, -1, 18, 81, 962 }, // U+00C1
    { 17, 19, 240, -1, 18, 81, 1043 }, // U+00C2
    { 17, 19, 240, -1, 18, 81, 1124 }, // U+00C3
    { 17, 19, 240, -1, 18, 81, 1205 }, // U+00C4
    { 17, 19, 240, -1, 18, 81, 1286 }, // U+00C5
    { 20, 15, 303, -1, 14, 75, 1367 }, // U+00C6
    { 14, 20, 236, 0, 14, 70, 1442 }, // U+00C7
    { 12, 19, 192, 0, 18, 57, 1512 }, // U+00C8
    { 12, 19, 192, 0, 18, 57, 1569 }, // U+00C9
    { 12, 19, 192, 0, 18, 57, 1626 }, // U+00CA
    { 12, 19, 192, 0, 18, 57, 1683 }, // U+00CB
    { 8, 19, 121, 0, 18, 38, 1740 }, // U+00CC
    { 8, 19, 121, 0, 18, 38, 1778 }, // U+00CD
    { 8, 19, 121, 0, 18, 38, 1816 }, // U+00CE
    { 8, 19, 121, 0, 18, 38, 1854 }, // U+00CF
    { 16, 15, 255, 0, 14, 60, 1892 }, // U+00D0
    { 17, 19, 270, 0, 18, 81, 1952 }, // U+00D1
    { 16, 19, 253, 0, 18, 76, 2033 }, // U+00D2
    { 16, 19, 253, 0, 18, 76, 2109 }, // U+00D3
    { 16, 19, 253, 0, 18, 76, 2185 }, // U+00D4
    { 16, 19, 253, 0, 18, 76, 2261 }, // U+00D5
    { 16, 19, 253, 0, 18, 76, 2337 }, // U+00D6
    { 9, 9, 180, 1, 10, 21, 2413 }, // U+00D7
    { 16, 15, 254, 0, 14, 60, 2434 }, // U+00D8
    { 16, 19, 248, 0, 18, 76, 2494 }, // U+00D9
    { 16, 19, 248, 0, 18, 76, 2570 }, // U+00DA
    { 16, 19, 248, 0, 18, 76, 2646 }, // U+00DB
    { 16, 19, 248, 0, 18, 76, 2722 }, // U+00DC
    { 15, 19, 218, 0, 18, 72, 2798 }, // U+00DD
    { 12, 15, 197, 0, 14, 45, 2870 }, // U+00DE
    { 12, 16, 193, 0, 15, 48, 2915 }, // U+00DF
    { 10, 15, 146, 0, 14, 38, 2963 }, // U+00E0
    { 10, 15, 146, 0, 14, 38, 3001 }, // U+00E1
    { 10, 15, 146, 0, 14, 38, 3039 }, // U+00E2
    { 10, 15, 146, 0, 14, 38, 3077 }, // U+00E3
    { 10, 15, 146, 0, 14, 38, 3115 }, // U+00E4
    { 10, 16, 146, 0, 15, 40, 3153 }, // U+00E5
    { 13, 11, 208, 0, 10, 36, 3193 }, // U+00E6
    { 9, 15, 137, 0, 9, 34, 3229 }, // U+00E7
    { 9, 15, 139, 0, 14, 34, 3263 }, // U+00E8
    { 9, 15, 139, 0, 14, 34, 3297 }, // U+00E9
    { 9, 15, 139, 0, 14, 34, 3331 }, // U+00EA
    { 9, 15, 139, 0, 14, 34, 3365 }, // U+00EB
    { 6, 15, 98, 0, 14, 23, 3399 }, // U+00EC
    { 6, 15, 98, 0, 14, 23, 3422 }, // U+00ED
    { 6, 15, 98, 0, 14, 23, 3445 }, // U+00EE
    { 8, 15, 98, -1, 14, 30, 3468 }, // U+00EF
    { 11, 16, 171, 0, 15, 44, 3498 }, // U+00F0
    { 12, 15, 189, 0, 14, 45, 3542 }, // U+00F1
    { 10, 15, 168, 0, 14, 38, 3587 }, // U+00F2
    { 10, 15, 168, 0, 14, 38, 3625 }, // U+00F3
    { 10, 15, 168, 0, 14, 38, 3663 }, // U+00F4
    { 10, 15, 168, 0, 14, 38, 3701 }, // U+00F5
    { 10, 15, 168, 0, 14, 38, 3739 }, // U+00F6
    { 12, 10, 200, 0, 11, 30, 3777 }, // U+00F7
    { 10, 11, 167, 0, 10, 28, 3807 }, // U+00F8
    { 12, 15, 184, 0, 14, 45, 3835 }, // U+00F9
    { 12, 15, 184, 0, 14, 45, 3880 }, // U+00FA
    { 12, 15, 184, 0, 14, 45, 3925 }, // U+00FB
    { 12, 15, 184, 0, 14, 45, 3970 }, // U+00FC
    { 11, 20, 160, 0, 14, 55, 4015 }, // U+00FD
    { 11, 21, 183, 0, 15, 58, 4070 }, // U+00FE
    { 11, 20, 160, 0, 14, 55, 4128 }, // U+00FF
    { 17, 18, 240, -1, 17, 77, 0 }, // U+0100
    { 10, 13, 146, 0, 12, 33, 77 }, // U+0101
    { 17, 19, 240, -1, 18, 81, 110 }, // U+0102
    { 10, 14, 146, 0, 13, 35, 191 }, // U+0103
    { 17, 21, 240, -1, 15, 90, 226 }, // U+0104
    { 10, 15, 146, 0, 9, 38, 316 }, // U+0105
    { 14, 19, 236, 0, 18, 67, 354 }, // U+0106
    { 9, 15, 137, 0, 14, 34, 421 }, // U+0107
    { 14, 19, 236, 0, 18, 67, 455 }, // U+0108
    { 9, 15, 137, 0, 14, 34, 522 }, // U+0109
    { 14, 19, 236, 0, 18, 67, 556 }, // U+010A
    { 9, 15, 137, 0, 14, 34, 623 }, // U+010B
    { 14, 19, 236, 0, 18, 67, 657 }, // U+010C
    { 9, 15, 137, 0, 14, 34, 724 }, // U+010D
    { 16, 19, 255, 0, 18, 76, 758 }, // U+010E
    { 14, 16, 193, 0, 15, 56, 834 }, // U+010F
    { 16, 15, 255, 0, 14, 60, 890 }, // U+0110
    { 12, 16, 184, 0, 15, 48, 950 }, // U+0111
    { 12, 18, 192, 0, 17, 54, 998 }, // U+0112
    { 9, 13, 139, 0, 12, 30, 1052 }, // U+0113
    { 12, 19, 192, 0, 18, 57, 1082 }, // U+0114
    { 9, 14, 139, 0, 13, 32, 1139 }, // U+0115
    { 12, 19, 192, 0, 18, 57, 1171 }, // U+0116
    { 9, 15, 139, 0, 14, 34, 1228 }, // U+0117
    { 12, 20, 188, 0, 14, 60, 1262 }, // U+0118
    { 9, 16, 139, 0, 10, 36, 1322 }, // U+0119
    { 12, 19, 192, 0, 18, 57, 1358 }, // U+011A
    { 9, 15, 139, 0, 14, 34, 1415 }, // U+011B
    { 15, 19, 240, 0, 18, 72, 1449 }, // U+011C
    { 11, 21, 167, 0, 14, 58, 1521 }, // U+011D
    { 15, 19, 240, 0, 18, 72, 1579 }, // U+011E
    { 11, 20, 167, 0, 13, 55, 1651 }, // U+011F
    { 15, 19, 240, 0, 18, 72, 1706 }, // U+0120
    { 11, 21, 167, 0, 14, 58, 1778 }, // U+0121
    { 15, 21, 240, 0, 14, 79, 1836 }, // U+0122
    { 11, 22, 167, 0, 15, 61, 1915 }, // U+0123
    { 17, 19, 267, 0, 18, 81, 1976 }, // U+0124
    { 13, 20, 186, -1, 19, 65, 2057 }, // U+0125
    { 17, 15, 267, 0, 14, 64, 2122 }, // U+0126
    { 12, 16, 187, 0, 15, 48, 2186 }, // U+0127
    { 8, 19, 121, 0, 18, 38, 2234 }, // U+0128
    { 8, 15, 98, -1, 14, 30, 2272 }, // U+0129
    { 8, 18, 121, 0, 17, 36, 2302 }, // U+012A
    { 8, 13, 98, -1, 12, 26, 2338 }, // U+012B
    { 8, 19, 121, 0, 18, 38, 2364 }, // U+012C
    { 6, 14, 98, 0, 13, 21, 2402 }, // U+012D
    { 8, 20, 121, 0, 14, 40, 2423 }, // U+012E
    { 6, 20, 98, 0, 14, 30, 2463 }, // U+012F
    { 8, 19, 121, 0, 18, 38, 2493 }, // U+0130
    { 6, 11, 98, 0, 10, 17, 2531 }, // U+0131
    { 16, 19, 244, 0, 14, 76, 2548 }, // U+0132
    { 11, 20, 183, 0, 14, 55, 2624 }, // U+0133
    { 10, 23, 123, -2, 18, 58, 2679 }, // U+0134
    { 7, 20, 89, -1, 14, 35, 2737 }, // U+0135
    { 17, 21, 254, 0, 14, 90, 2772 }, // U+0136
    { 12, 22, 182, 0, 15, 66, 2862 }, // U+0137
    { 12, 11, 192, 0, 10, 33, 2928 }, // U+0138
    { 13, 19, 195, 0, 18, 62, 2961 }, // U+0139
    { 7, 20, 95, 0, 19, 35, 3023 }, // U+013A
    { 13, 21, 195, 0, 14, 69, 3058 }, // U+013B
    { 6, 22, 95, 0, 15, 33, 3127 }, // U+013C
    { 13, 15, 195, 0, 14, 49, 3160 }, // U+013D
    { 8, 16, 103, 0, 15, 32, 3209 }, // U+013E
    { 13, 15, 195, 0, 14, 49, 3241 }, // U+013F
    { 9, 16, 135, 0, 15, 36, 3290 }, // U+0140
    { 13, 15, 195, 0, 14, 49, 3326 }, // U+0141
    { 7, 16, 97, 0, 15, 28, 3375 }, // U+0142
    { 17, 19, 270, 0, 18, 81, 3403 }, // U+0143
    { 12, 15, 189, 0, 14, 45, 3484 }, // U+0144
    { 17, 21, 264, 0, 14, 90, 3529 }, // U+0145
    { 12, 17, 189, 0, 10, 51, 3619 }, // U+0146
    { 17, 19, 270, 0, 18, 81, 3670 }, // U+0147
    { 12, 15, 189, 0, 14, 45, 3751 }, // U+0148
    { 15, 16, 222, -1, 15, 60, 3796 }, // U+0149
    { 17, 20, 264, 0, 14, 85, 3856 }, // U+014A
    { 11, 16, 184, 0, 10, 44, 3941 }, // U+014B
    { 16, 18, 253, 0, 17, 72, 3985 }, // U+014C
    { 10, 13, 168, 0, 12, 33, 4057 }, // U+014D
    { 16, 19, 253, 0, 18, 76, 4090 }, // U+014E
    { 10, 14, 168, 0, 13, 35, 4166 }, // U+014F
    { 16, 19, 253, 0, 18, 76, 4201 }, // U+0150
    { 10, 15, 168, 0, 14, 38, 4277 }, // U+0151
    { 21, 15, 329, 0, 14, 79, 4315 }, // U+0152
    { 16, 11, 254, 0, 10, 44, 4394 }, // U+0153
    { 16, 19, 253, 0, 18, 76, 4438 }, // U+0154
    { 9, 15, 138, 0, 14, 34, 4514 }, // U+0155
    { 16, 21, 253, 0, 14, 84, 4548 }, // U+0156
    { 9, 17, 138, 0, 10, 39, 4632 }, // U+0157
    { 16, 19, 253, 0, 18, 76, 4671 }, // U+0158
    { 9, 15, 138, 0, 14, 34, 4747 }, // U+0159
    { 10, 19, 165, 0, 18, 48, 4781 }, // U+015A
    { 7, 15, 120, 0, 14, 27, 4829 }, // U+015B
    { 10, 19, 165, 0, 18, 48, 4856 }, // U+015C
    { 7, 15, 120, 0, 14, 27, 4904 }, // U+015D
    { 10, 20, 162, 0, 14, 50, 4931 }, // U+015E
    { 7, 16, 120, 0, 10, 28, 4981 }, // U+015F
    { 10, 19, 165, 0, 18, 48, 5009 }, // U+0160
    { 7, 15, 120, 0, 14, 27, 5057 }, // U+0161
    { 15, 21, 232, 0, 15, 79, 5084 }, // U+0162
    { 8, 17, 125, 0, 11, 34, 5163 }, // U+0163
    { 15, 19, 232, 0, 18, 72, 5197 }, // U+0164
    { 8, 16, 125, 0, 15, 32, 5269 }, // U+0165
    { 15, 16, 232, 0, 15, 60, 5301 }, // U+0166
    { 8, 12, 130, 0, 11, 24, 5361 }, // U+0167
    { 16, 19, 248, 0, 18, 76, 5385 }, // U+0168
    { 12, 15, 184, 0, 14, 45, 5461 }, // U+0169
    { 16, 18, 248, 0, 17, 72, 5506 }, // U+016A
    { 12, 13, 184, 0, 12, 39, 5578 }, // U+016B
    { 16, 19, 248, 0, 18, 76, 5617 }, // U+016C
    { 12, 14, 184, 0, 13, 42, 5693 }, // U+016D
    { 16, 19, 248, 0, 18, 76, 5735 }, // U+016E
    { 12, 16, 184, 0, 15, 48, 5811 }, // U+016F
    { 16, 19, 248, 0, 18, 76, 5859 }, // U+0170
    { 12, 15, 184, 0, 14, 45, 5935 }, // U+0171
    { 16, 20, 248, 0, 14, 80, 5980 }, // U+0172
    { 12, 16, 184, 0, 10, 48, 6060 }, // U+0173
    { 22, 19, 340, 0, 18, 105, 6108 }, // U+0174
    { 16, 15, 251, 0, 14, 60, 6213 }, // U+0175
    { 15, 19, 218, 0, 18, 72, 6273 }, // U+0176
    { 11, 20, 160, 0, 14, 55, 6345 }, // U+0177
    { 15, 19, 218, 0, 18, 72, 6400 }, // U+0178
    { 13, 19, 199, 0, 18, 62, 6472 }, // U+0179
    { 9, 15, 146, 0, 14, 34, 6534 }, // U+017A
    { 13, 19, 199, 0, 18, 62, 6568 }, // U+017B
    { 9, 15, 146, 0, 14, 34, 6630 }, // U+017C
    { 13, 19, 199, 0, 18, 62, 6664 }, // U+017D
    { 9, 15, 146, 0, 14, 34, 6726 }, // U+017E
    { 10, 16, 100, 0, 15, 40, 6760 }, // U+017F
    { 17, 17, 253, 0, 16, 73, 0 }, // U+01A0
    { 12, 13, 181, 0, 12, 39, 73 }, // U+01A1
    { 17, 18, 248, 0, 17, 77, 112 }, // U+01AF
    { 13, 14, 200, 0, 13, 46, 189 }, // U+01B0
    { 29, 19, 454, 0, 18, 138, 235 }, // U+01C4
    { 25, 15, 401, 0, 14, 94, 373 }, // U+01C5
    { 21, 16, 330, 0, 15, 84, 467 }, // U+01C6
    { 20, 19, 312, 0, 14, 95, 551 }, // U+01C7
    { 17, 20, 281, 0, 14, 85, 646 }, // U+01C8
    { 11, 21, 184, 0, 15, 58, 731 }, // U+01C9
    { 24, 19, 383, 0, 14, 114, 789 }, // U+01CA
    { 21, 20, 350, 0, 14, 105, 903 }, // U+01CB
    { 16, 20, 273, 0, 14, 80, 1008 }, // U+01CC
    { 17, 19, 240, -1, 18, 81, 1088 }, // U+01CD
    { 10, 15, 146, 0, 14, 38, 1169 }, // U+01CE
    { 8, 19, 121, 0, 18, 38, 1207 }, // U+01CF
    { 6, 15, 98, 0, 14, 23, 1245 }, // U+01D0
    { 16, 19, 253, 0, 18, 76, 1268 }, // U+01D1
    { 10, 15, 168, 0, 14, 38, 1344 }, // U+01D2
    { 16, 19, 248, 0, 18, 76, 1382 }, // U+01D3
    { 12, 15, 184, 0, 14, 45, 1458 }, // U+01D4
    { 16, 21, 248, 0, 20, 84, 1503 }, // U+01D5
    { 12, 17, 184, 0, 16, 51, 1587 }, // U+01D6
    { 16, 22, 248, 0, 21, 88, 1638 }, // U+01D7
    { 12, 19, 184, 0, 18, 57, 1726 }, // U+01D8
    { 16, 22, 248, 0, 21, 88, 1783 }, // U+01D9
    { 12, 19, 184, 0, 18, 57, 1871 }, // U+01DA
    { 16, 22, 248, 0, 21, 88, 1928 }, // U+01DB
    { 12, 19, 184, 0, 18, 57, 2016 }, // U+01DC
    { 9, 11, 140, 0, 10, 25, 2073 }, // U+01DD
    { 17, 21, 240, -1, 20, 90, 2098 }, // U+01DE
    { 10, 17, 146, 0, 16, 43, 2188 }, // U+01DF
    { 17, 21, 240, -1, 20, 90, 2231 }, // U+01E0
    { 10, 17, 146, 0, 16, 43, 2321 }, // U+01E1
    { 20, 18, 303, -1, 17, 90, 2364 }, // U+01E2
    { 13, 13, 208, 0, 12, 43, 2454 }, // U+01E3
    { 15, 15, 245, 0, 14, 57, 2497 }, // U+01E4
    { 12, 17, 167, -1, 10, 51, 2554 }, // U+01E5
    { 15, 19, 240, 0, 18, 72, 2605 }, // U+01E6
    { 11, 21, 167, 0, 14, 58, 2677 }, // U+01E7
    { 17, 19, 254, 0, 18, 81, 2735 }, // U+01E8
    { 12, 18, 182, 0, 17, 54, 2816 }, // U+01E9
    { 16, 20, 253, 0, 14, 80, 2870 }, // U+01EA
    { 10, 16, 168, 0, 10, 40, 2950 }, // U+01EB
    { 16, 23, 253, 0, 17, 92, 2990 }, // U+01EC
    { 10, 18, 168, 0, 12, 45, 3082 }, // U+01ED
    { 11, 19, 183, 0, 18, 53, 3127 }, // U+01EE
    { 10, 20, 152, 0, 14, 50, 3180 }, // U+01EF
    { 7, 20, 89, -1, 14, 35, 3230 }, // U+01F0
    { 29, 16, 454, 0, 15, 116, 3265 }, // U+01F1
    { 25, 15, 401, 0, 14, 94, 3381 }, // U+01F2
    { 21, 16, 330, 0, 15, 84, 3475 }, // U+01F3
    { 15, 19, 240, 0, 18, 72, 3559 }, // U+01F4
    { 11, 21, 167, 0, 14, 58, 3631 }, // U+01F5
    { 20, 15, 318, 0, 14, 75, 3689 }, // U+01F6
    { 13, 18, 206, 0, 14, 59, 3764 }, // U+01F7
    { 17, 19, 270, 0, 18, 81, 3823 }, // U+01F8
    { 12, 15, 189, 0, 14, 45, 3904 }, // U+01F9
    { 17, 23, 240, -1, 22, 98, 3949 }, // U+01FA
    { 10, 18, 146, 0, 17, 45, 4047 }, // U+01FB
    { 20, 19, 303, -1, 18, 95, 4092 }, // U+01FC
    { 13, 15, 208, 0, 14, 49, 4187 }, // U+01FD
    { 16, 19, 254, 0, 18, 76, 4236 }, // U+01FE
    { 10, 15, 167, 0, 14, 38, 4312 }, // U+01FF
    { 17, 19, 240, -1, 18, 81, 4350 }, // U+0200
    { 10, 15, 146, 0, 14, 38, 4431 }, // U+0201
    { 17, 19, 240, -1, 18, 81, 4469 }, // U+0202
    { 10, 14, 146, 0, 13, 35, 4550 }, // U+0203
    { 12, 19, 192, 0, 18, 57, 4585 }, // U+0204
    { 9, 15, 139, 0, 14, 34, 4642 }, // U+0205
    { 12, 19, 192, 0, 18, 57, 4676 }, // U+0206
    { 9, 14, 139, 0, 13, 32, 4733 }, // U+0207
    { 10, 19, 121, -2, 18, 48, 4765 }, // U+0208
    { 8, 15, 98, -2, 14, 30, 4813 }, // U+0209
    { 8, 19, 121, 0, 18, 38, 4843 }, // U+020A
    { 6, 14, 98, 0, 13, 21, 4881 }, // U+020B
    { 16, 19, 253, 0, 18, 76, 4902 }, // U+020C
    { 10, 15, 168, 0, 14, 38, 4978 }, // U+020D
    { 16, 19, 253, 0, 18, 76, 5016 }, // U+020E
    { 10, 14, 168, 0, 13, 35, 5092 }, // U+020F
    { 16, 19, 253, 0, 18, 76, 5127 }, // U+0210
    { 9, 15, 138, 0, 14, 34, 5203 }, // U+0211
    { 16, 19, 253, 0, 18, 76, 5237 }, // U+0212
    { 9, 14, 138, 0, 13, 32, 5313 }, // U+0213
    { 16, 19, 248, 0, 18, 76, 5345 }, // U+0214
    { 12, 15, 184, 0, 14, 45, 5421 }, // U+0215
    { 16, 19, 248, 0, 18, 76, 5466 }, // U+0216
    { 12, 14, 184, 0, 13, 42, 5542 }, // U+0217
    { 10, 21, 162, 0, 14, 53, 5584 }, // U+0218
    { 7, 17, 120, 0, 10, 30, 5637 }, // U+0219
    { 15, 22, 232, 0, 15, 83, 5667 }, // U+021A
    { 8, 18, 125, 0, 11, 36, 5750 }, // U+021B
    { 13, 19, 185, -1, 14, 62, 5786 }, // U+021C
    { 9, 15, 145, 0, 9, 34, 5848 }, // U+021D
    { 17, 19, 267, 0, 18, 81, 5882 }, // U+021E
    { 12, 19, 186, 0, 18, 57, 5963 }, // U+021F
    { 4, 5, 0, -2, 14, 5, 0 }, // U+0300
    { 4, 5, 0, -2, 14, 5, 5 }, // U+0301
    { 6, 5, 0, -3, 14, 8, 10 }, // U+0302
    { 8, 5, 0, -4, 14, 10, 18 }, // U+0303
    { 8, 2, 0, -4, 12, 4, 28 }, // U+0304
    { 10, 3, 0, -5, 13, 8, 32 }, // U+0305
    { 6, 4, 0, -3, 13, 6, 40 }, // U+0306
    { 4, 4, 0, -2, 14, 4, 46 }, // U+0307
    { 8, 4, 0, -4, 14, 8, 50 }, // U+0308
    { 6, 5, 0, -3, 15, 8, 58 }, // U+0309
    { 6, 5, 0, -3, 15, 8, 66 }, // U+030A
    { 8, 5, 0, -4, 14, 10, 74 }, // U+030B
    { 6, 5, 0, -3, 14, 8, 84 }, // U+030C
    { 2, 5, 0, -1, 15, 3, 92 }, // U+030D
    { 4, 5, 0, -2, 15, 5, 95 }, // U+030E
    { 8, 5, 0, -4, 14, 10, 100 }, // U+030F
    { 8, 6, 0, -4, 15, 12, 110 }, // U+0310
    { 6, 4, 0, -3, 13, 6, 122 }, // U+0311
    { 4, 6, 0, -2, 15, 6, 128 }, // U+0312
    { 4, 6, 0, -2, 15, 6, 134 }, // U+0313
    { 4, 6, 0, -2, 15, 6, 140 }, // U+0314
    { 4, 6, 0, -2, 15, 6, 146 }, // U+0315
    { 4, 5, 0, -2, -1, 5, 152 }, // U+0316
    { 4, 5, 0, -2, -1, 5, 157 }, // U+0317
    { 4, 5, 0, -2, -1, 5, 162 }, // U+0318
    { 4, 5, 0, -2, -1, 5, 167 }, // U+0319
    { 6, 4, 0, -3, 14, 6, 172 }, // U+031A
    { 6, 5, 0, -3, 12, 8, 178 }, // U+031B
    { 4, 5, 0, -2, -1, 5, 186 }, // U+031C
    { 6, 5, 0, -3, -1, 8, 191 }, // U+031D
    { 6, 5, 0, -3, -1, 8, 199 }, // U+031E
    { 6, 5, 0, -3, -1, 8, 207 }, // U+031F
    { 6, 2, 0, -3, -2, 3, 215 }, // U+0320
    { 8, 9, 0, -3, 3, 18, 218 }, // U+0321
    { 8, 8, 0, 0, 2, 16, 236 }, // U+0322
    { 4, 4, 0, -2, -1, 4, 252 }, // U+0323
    { 8, 4, 0, -4, 0, 8, 256 }, // U+0324
    { 6, 5, 0, -3, 0, 8, 264 }, // U+0325
    { 4, 6, 0, -2, -1, 6, 272 }, // U+0326
    { 4, 7, 0, -2, 1, 7, 278 }, // U+0327
    { 6, 7, 0, -3, 1, 11, 285 }, // U+0328
    { 2, 5, 0, -1, -1, 3, 296 }, // U+0329
    { 6, 4, 0, -3, -2, 6, 299 }, // U+032A
    { 8, 4, 0, -4, -2, 8, 305 }, // U+032B
    { 6, 5, 0, -3, -1, 8, 313 }, // U+032C
    { 6, 5, 0, -3, -1, 8, 321 }, // U+032D
    { 6, 4, 0, -3, -1, 6, 329 }, // U+032E
    { 6, 4, 0, -3, -1, 6, 335 }, // U+032F
    { 7, 5, 0, -4, 0, 9, 341 }, // U+0330
    { 8, 3, 0, -4, -1, 6, 350 }, // U+0331
    { 10, 3, 0, -5, -1, 8, 356 }, // U+0332
    { 10, 5, 0, -5, -1, 13, 364 }, // U+0333
    { 10, 4, 0, -5, 9, 10, 377 }, // U+0334
    { 8, 2, 0, -4, 9, 4, 387 }, // U+0335
    { 10, 2, 0, -5, 9, 5, 391 }, // U+0336
    { 8, 14, 0, -4, 12, 28, 396 }, // U+0337
    { 8, 16, 0, -4, 14, 32, 424 }, // U+0338
    { 4, 5, 0, -2, 0, 5, 456 }, // U+0339
    { 6, 4, 0, -3, -2, 6, 461 }, // U+033A
    { 6, 5, 0, -3, -1, 8, 467 }, // U+033B
    { 8, 4, 0, -4, -2, 8, 475 }, // U+033C
    { 4, 5, 0, -2, 15, 5, 483 }, // U+033D
    { 4, 6, 0, -2, 15, 6, 488 }, // U+033E
    { 4, 5, 0, -2, 14, 5, 494 }, // U+0340
    { 4, 5, 0, -2, 14, 5, 499 }, // U+0341
    { 8, 4, 0, -4, 13, 8, 504 }, // U+0342
    { 4, 6, 0, -2, 15, 6, 512 }, // U+0343
    { 8, 7, 0, -4, 17, 14, 518 }, // U+0344
    { 4, 6, 0, -2, 0, 6, 532 }, // U+0345
    { 0, 0, 0, 0, 0, 0, 538 }, // U+034F
    { 4, 5, 0, -2, 14, 5, 538 }, // U+0351
    { 5, 5, 0, -3, -1, 7, 543 }, // U+0353
    { 4, 5, 0, -2, 15, 5, 550 }, // U+0357
    { 14, 4, 0, -7, 18, 14, 555 }, // U+035D
    { 14, 4, 0, -7, 18, 14, 569 }, // U+0361
    { 5, 5, 0, 0, 15, 7, 583 }, // U+0364
    { 12, 19, 192, 0, 18, 57, 0 }, // U+0400
    { 12, 19, 192, 0, 18, 57, 57 }, // U+0401
    { 16, 20, 273, 0, 15, 80, 114 }, // U+0402
    { 12, 19, 176, 0, 18, 57, 194 }, // U+0403
    { 13, 15, 220, 0, 14, 49, 251 }, // U+0404
    { 10, 15, 165, 0, 14, 38, 300 }, // U+0405
    { 8, 15, 121, 0, 14, 30, 338 }, // U+0406
    { 8, 19, 121, 0, 18, 38, 368 }, // U+0407
    { 10, 19, 123, -2, 14, 48, 406 }, // U+0408
    { 21, 15, 332, 0, 14, 79, 454 }, // U+0409
    { 21, 15, 341, 0, 14, 79, 533 }, // U+040A
    { 17, 16, 270, 0, 15, 68, 612 }, // U+040B
    { 15, 19, 235, 0, 18, 72, 680 }, // U+040C
    { 17, 19, 276, 0, 18, 81, 752 }, // U+040D
    { 16, 20, 224, -1, 19, 80, 833 }, // U+040E
    { 16, 19, 261, 0, 14, 76, 913 }, // U+040F
    { 17, 16, 240, -1, 15, 68, 989 }, // U+0410
    { 13, 15, 210, 0, 14, 49, 1057 }, // U+0411
    { 13, 15, 209, 0, 14, 49, 1106 }, // U+0412
    { 12, 15, 176, 0, 14, 45, 1155 }, // U+0413
    { 15, 19, 239, 0, 14, 72, 1200 }, // U+0414
    { 12, 15, 192, 0, 14, 45, 1272 }, // U+0415
    { 23, 15, 348, -1, 14, 87, 1317 }, // U+0416
    { 11, 15, 186, 0, 14, 42, 1404 }, // U+0417
    { 17, 15, 276, 0, 14, 64, 1446 }, // U+0418
    { 17, 20, 276, 0, 19, 85, 1510 }, // U+0419
    { 15, 15, 235, 0, 14, 57, 1595 }, // U+041A
    { 16, 15, 247, 0, 14, 60, 1652 }, // U+041B
    { 19, 15, 306, 0, 14, 72, 1712 }, // U+041C
    { 17, 15, 267, 0, 14, 64, 1784 }, // U+041D
    { 16, 15, 253, 0, 14, 60, 1848 }, // U+041E
    { 17, 15, 263, 0, 14, 64, 1908 }, // U+041F
    { 13, 15, 202, 0, 14, 49, 1972 }, // U+0420
    { 14, 15, 236, 0, 14, 53, 2021 }, // U+0421
    { 15, 16, 232, 0, 15, 60, 2074 }, // U+0422
    { 16, 15, 224, -1, 14, 60, 2134 }, // U+0423
    { 17, 16, 266, 0, 15, 68, 2194 }, // U+0424
    { 17, 15, 250, -1, 14, 64, 2262 }, // U+0425
    { 16, 19, 261, 0, 14, 76, 2326 }, // U+0426
    { 15, 15, 243, 0, 14, 57, 2402 }, // U+0427
    { 22, 15, 350, 0, 14, 83, 2459 }, // U+0428
    { 22, 19, 350, 0, 14, 105, 2542 }, // U+0429
    { 15, 15, 247, 0, 14, 57, 2647 }, // U+042A
    { 20, 15, 309, 0, 14, 75, 2704 }, // U+042B
    { 13, 15, 205, 0, 14, 49, 2779 }, // U+042C
    { 13, 15, 221, 1, 14, 49, 2828 }, // U+042D
    { 21, 15, 345, 0, 14, 79, 2877 }, // U+042E
    { 16, 15, 238, -1, 14, 60, 2956 }, // U+042F
    { 10, 10, 146, 0, 9, 25, 3016 }, // U+0430
    { 10, 16, 167, 0, 15, 40, 3041 }, // U+0431
    { 10, 10, 161, 0, 9, 25, 3081 }, // U+0432
    { 9, 10, 132, 0, 9, 23, 3106 }, // U+0433
    { 11, 13, 176, 0, 9, 36, 3129 }, // U+0434
    { 9, 10, 139, 0, 9, 23, 3165 }, // U+0435
    { 17, 11, 268, 0, 10, 47, 3188 }, // U+0436
    { 9, 10, 140, 0, 9, 23, 3235 }, // U+0437
    { 12, 10, 196, 0, 9, 30, 3258 }, // U+0438
    { 12, 15, 196, 0, 14, 45, 3288 }, // U+0439
    { 12, 11, 184, 0, 10, 33, 3333 }, // U+043A
    { 12, 10, 184, 0, 9, 30, 3366 }, // U+043B
    { 14, 10, 225, 0, 9, 35, 3396 }, // U+043C
    { 12, 10, 193, 0, 9, 30, 3431 }, // U+043D
    { 10, 11, 168, 0, 10, 28, 3461 }, // U+043E
    { 12, 10, 188, 0, 9, 30, 3489 }, // U+043F
    { 11, 16, 184, 0, 10, 44, 3519 }, // U+0440
    { 9, 10, 137, 0, 9, 23, 3563 }, // U+0441
    { 10, 11, 150, 0, 10, 28, 3586 }, // U+0442
    { 11, 15, 160, 0, 9, 42, 3614 }, // U+0443
    { 13, 20, 202, 0, 14, 65, 3656 }, // U+0444
    { 11, 10, 168, 0, 9, 28, 3721 }, // U+0445
    { 12, 13, 195, 0, 9, 39, 3749 }, // U+0446
    { 12, 10, 188, 0, 9, 30, 3788 }, // U+0447
    { 17, 10, 270, 0, 9, 43, 3818 }, // U+0448
    { 17, 13, 275, 0, 9, 56, 3861 }, // U+0449
    { 12, 11, 185, 0, 10, 33, 3917 }, // U+044A
    { 15, 10, 240, 0, 9, 38, 3950 }, // U+044B
    { 10, 10, 156, 0, 9, 25, 3988 }, // U+044C
    { 9, 10, 141, 0, 9, 23, 4013 }, // U+044D
    { 15, 11, 242, 0, 10, 42, 4036 }, // U+044E
    { 12, 10, 178, -1, 9, 30, 4078 }, // U+044F
    { 9, 15, 139, 0, 14, 34, 4108 }, // U+0450
    { 9, 15, 139, 0, 14, 34, 4142 }, // U+0451
    { 11, 20, 177, 0, 15, 55, 4176 }, // U+0452
    { 9, 15, 132, 0, 14, 34, 4231 }, // U+0453
    { 9, 11, 139, 0, 10, 25, 4265 }, // U+0454
    { 7, 11, 120, 0, 10, 20, 4290 }, // U+0455
    { 6, 15, 98, 0, 14, 23, 4310 }, // U+0456
    { 8, 15, 98, -1, 14, 30, 4333 }, // U+0457
    { 6, 20, 89, -1, 14, 30, 4363 }, // U+0458
    { 15, 10, 239, 0, 9, 38, 4393 }, // U+0459
    { 15, 10, 245, 0, 9, 38, 4431 }, // U+045A
    { 12, 16, 187, 0, 15, 48, 4469 }, // U+045B
    { 12, 15, 184, 0, 14, 45, 4517 }, // U+045C
    { 12, 15, 196, 0, 14, 45, 4562 }, // U+045D
    { 11, 20, 160, 0, 14, 55, 4607 }, // U+045E
    { 12, 13, 188, 0, 9, 39, 4662 }, // U+045F
    { 15, 16, 245, 0, 15, 60, 4701 }, // U+0462
    { 11, 16, 180, 0, 15, 44, 4761 }, // U+0463
    { 23, 15, 341, -1, 14, 87, 4805 }, // U+046A
    { 17, 10, 266, 0, 9, 43, 4892 }, // U+046B
    { 18, 15, 287, 0, 14, 68, 4935 }, // U+0470
    { 16, 15, 253, 0, 14, 60, 5003 }, // U+0472
    { 11, 11, 172, 0, 10, 31, 5063 }, // U+0473
    { 15, 15, 235, 0, 14, 57, 5094 }, // U+0474
    { 11, 11, 168, 0, 10, 31, 5151 }, // U+0475
    { 15, 19, 235, 0, 18, 72, 5182 }, // U+0476
    { 11, 15, 168, 0, 14, 42, 5254 }, // U+0477
    { 17, 24, 276, 0, 19, 102, 5296 }, // U+048A
    { 12, 18, 196, 0, 14, 54, 5398 }, // U+048B
    { 13, 16, 216, 0, 15, 52, 5452 }, // U+048C
    { 11, 16, 180, 0, 15, 44, 5504 }, // U+048D
    { 13, 15, 202, 0, 14, 49, 5548 }, // U+048E
    { 11, 16, 184, 0, 10, 44, 5597 }, // U+048F
    { 11, 17, 177, 0, 16, 47, 5641 }, // U+0490
    { 9, 12, 131, 0, 11, 27, 5688 }, // U+0491
    { 12, 15, 177, 0, 14, 45, 5715 }, // U+0492
    { 9, 10, 137, 0, 9, 23, 5760 }, // U+0493
    { 14, 19, 228, 0, 14, 67, 5783 }, // U+0494
    { 11, 15, 171, 0, 9, 42, 5850 }, // U+0495
    { 23, 19, 348, -1, 14, 110, 5892 }, // U+0496
    { 17, 14, 268, 0, 10, 60, 6002 }, // U+0497
    { 11, 20, 186, 0, 14, 55, 6062 }, // U+0498
    { 9, 15, 140, 0, 9, 34, 6117 }, // U+0499
    { 15, 19, 235, 0, 14, 72, 6151 }, // U+049A
    { 12, 14, 184, 0, 10, 42, 6223 }, // U+049B
    { 17, 15, 258, 0, 14, 64, 6265 }, // U+049C
    { 13, 11, 203, 0, 10, 36, 6329 }, // U+049D
    { 17, 16, 255, 0, 15, 68, 6365 }, // U+049E
    { 13, 16, 206, 0, 15, 52, 6433 }, // U+049F
    { 18, 15, 278, 0, 14, 68, 6485 }, // U+04A0
    { 14, 11, 212, 0, 10, 39, 6553 }, // U+04A1
    { 17, 19, 270, 0, 14, 81, 6592 }, // U+04A2
    { 12, 13, 193, 0, 9, 39, 6673 }, // U+04A3
    { 20, 16, 319, 0, 15, 80, 6712 }, // U+04A4
    { 14, 10, 224, 0, 9, 35, 6792 }, // U+04A5
    { 22, 19, 351, 0, 14, 105, 6827 }, // U+04A6
    { 16, 15, 257, 0, 9, 60, 6932 }, // U+04A7
    { 15, 15, 242, 0, 14, 57, 6992 }, // U+04A8
    { 12, 10, 178, 0, 9, 30, 7049 }, // U+04A9
    { 14, 20, 236, 0, 14, 70, 7079 }, // U+04AA
    { 9, 15, 137, 0, 9, 34, 7149 }, // U+04AB
    { 15, 20, 232, 0, 15, 75, 7183 }, // U+04AC
    { 10, 14, 150, 0, 10, 35, 7258 }, // U+04AD
    { 15, 15, 218, 0, 14, 57, 7293 }, // U+04AE
    { 11, 15, 161, 0, 9, 42, 7350 }, // U+04AF
    { 15, 15, 218, 0, 14, 57, 7392 }, // U+04B0
    { 11, 15, 161, 0, 9, 42, 7449 }, // U+04B1
    { 17, 19, 250, -1, 14, 81, 7491 }, // U+04B2
    { 11, 13, 168, 0, 9, 36, 7572 }, // U+04B3
    { 19, 20, 308, 0, 15, 95, 7608 }, // U+04B4
    { 15, 14, 233, 0, 10, 53, 7703 }, // U+04B5
    { 15, 19, 244, 0, 14, 72, 7756 }, // U+04B6
    { 12, 13, 188, 0, 9, 39, 7828 }, // U+04B7
    { 16, 15, 250, 0, 14, 60, 7867 }, // U+04B8
    { 12, 10, 197, 0, 9, 30, 7927 }, // U+04B9
    { 15, 15, 242, 0, 14, 57, 7957 }, // U+04BA
    { 12, 16, 186, 0, 15, 48, 8014 }, // U+04BB
    { 17, 15, 268, 0, 14, 64, 8062 }, // U+04BC
    { 10, 11, 168, 0, 10, 28, 8126 }, // U+04BD
    { 17, 21, 268, 0, 18, 90, 8154 }, // U+04BE
    { 11, 17, 167, 0, 14, 47, 8244 }, // U+04BF
    { 8, 15, 121, 0, 14, 30, 8291 }, // U+04C0
    { 23, 20, 348, -1, 19, 115, 8321 }, // U+04C1
    { 17, 15, 268, 0, 14, 64, 8436 }, // U+04C2
    { 14, 19, 229, 0, 14, 67, 8500 }, // U+04C3
    { 11, 16, 177, 0, 10, 44, 8567 }, // U+04C4
    { 16, 19, 247, 0, 14, 76, 8611 }, // U+04C5
    { 12, 13, 184, 0, 9, 39, 8687 }, // U+04C6
    { 17, 19, 263, 0, 14, 81, 8726 }, // U+04C7
    { 12, 15, 190, 0, 9, 45, 8807 }, // U+04C8
    { 17, 19, 267, 0, 14, 81, 8852 }, // U+04C9
    { 12, 13, 193, 0, 9, 39, 8933 }, // U+04CA
    { 15, 19, 243, 0, 14, 72, 8972 }, // U+04CB
    { 12, 13, 188, 0, 9, 39, 9044 }, // U+04CC
    { 19, 19, 306, 0, 14, 91, 9083 }, // U+04CD
    { 14, 13, 225, 0, 9, 46, 9174 }, // U+04CE
    { 6, 16, 95, 0, 15, 24, 9220 }, // U+04CF
    { 17, 20, 240, -1, 19, 85, 9244 }, // U+04D0
    { 10, 15, 146, 0, 14, 38, 9329 }, // U+04D1
    { 17, 19, 240, -1, 18, 81, 9367 }, // U+04D2
    { 10, 15, 146, 0, 14, 38, 9448 }, // U+04D3
    { 20, 15, 303, -1, 14, 75, 9486 }, // U+04D4
    { 13, 11, 208, 0, 10, 36, 9561 }, // U+04D5
    { 12, 20, 192, 0, 19, 60, 9597 }, // U+04D6
    { 9, 15, 139, 0, 14, 34, 9657 }, // U+04D7
    { 14, 15, 224, 0, 14, 53, 9691 }, // U+04D8
    { 9, 11, 140, 0, 10, 25, 9744 }, // U+04D9
    { 14, 19, 224, 0, 18, 67, 9769 }, // U+04DA
    { 9, 15, 140, 0, 14, 34, 9836 }, // U+04DB
    { 23, 19, 348, -1, 18, 110, 9870 }, // U+04DC
    { 17, 15, 268, 0, 14, 64, 9980 }, // U+04DD
    { 11, 19, 186, 0, 18, 53, 10044 }, // U+04DE
    { 9, 15, 140, 0, 14, 34, 10097 }, // U+04DF
    { 11, 16, 183, 0, 15, 44, 10131 }, // U+04E0
    { 10, 16, 152, 0, 10, 40, 10175 }, // U+04E1
    { 17, 18, 276, 0, 17, 77, 10215 }, // U+04E2
    { 12, 13, 196, 0, 12, 39, 10292 }, // U+04E3
    { 17, 19, 276, 0, 18, 81, 10331 }, // U+04E4
    { 12, 15, 196, 0, 14, 45, 10412 }, // U+04E5
    { 16, 19, 253, 0, 18, 76, 10457 }, // U+04E6
    { 10, 15, 168, 0, 14, 38, 10533 }, // U+04E7
    { 16, 15, 253, 0, 14, 60, 10571 }, // U+04E8
    { 10, 11, 168, 0, 10, 28, 10631 }, // U+04E9
    { 16, 19, 253, 0, 18, 76, 10659 }, // U+04EA
    { 10, 15, 168, 0, 14, 38, 10735 }, // U+04EB
    { 13, 19, 221, 1, 18, 62, 10773 }, // U+04EC
    { 9, 15, 141, 0, 14, 34, 10835 }, // U+04ED
    { 16, 18, 224, -1, 17, 72, 10869 }, // U+04EE
    { 11, 18, 160, 0, 12, 50, 10941 }, // U+04EF
    { 16, 19, 224, -1, 18, 76, 10991 }, // U+04F0
    { 11, 20, 160, 0, 14, 55, 11067 }, // U+04F1
    { 16, 19, 224, -1, 18, 76, 11122 }, // U+04F2
    { 11, 20, 160, 0, 14, 55, 11198 }, // U+04F3
    { 15, 19, 243, 0, 18, 72, 11253 }, // U+04F4
    { 12, 15, 188, 0, 14, 45, 11325 }, // U+04F5
    { 12, 19, 176, 0, 14, 57, 11370 }, // U+04F6
    { 9, 13, 132, 0, 9, 30, 11427 }, // U+04F7
    { 20, 19, 309, 0, 18, 95, 11457 }, // U+04F8
    { 15, 15, 240, 0, 14, 57, 11552 }, // U+04F9
    { 14, 19, 182, -2, 14, 67, 11609 }, // U+04FA
    { 10, 15, 133, -1, 9, 38, 11676 }, // U+04FB
    { 17, 20, 250, -1, 14, 85, 11714 }, // U+04FC
    { 10, 15, 158, 0, 9, 38, 11799 }, // U+04FD
    { 16, 15, 257, 0, 14, 60, 11837 }, // U+04FE
    { 11, 10, 175, 0, 9, 28, 11897 }, // U+04FF
    { 17, 20, 240, -1, 15, 85, 0 }, // U+1EA0
    { 10, 14, 146, 0, 9, 35, 85 }, // U+1EA1
    { 17, 19, 240, -1, 18, 81, 120 }, // U+1EA2
    { 10, 16, 146, 0, 15, 40, 201 }, // U+1EA3
    { 17, 20, 240, -1, 19, 85, 241 }, // U+1EA4
    { 10, 18, 146, 0, 17, 45, 326 }, // U+1EA5
    { 17, 20, 240, -1, 19, 85, 371 }, // U+1EA6
    { 10, 18, 146, 0, 17, 45, 456 }, // U+1EA7
    { 17, 20, 240, -1, 19, 85, 501 }, // U+1EA8
    { 10, 18, 146, 0, 17, 45, 586 }, // U+1EA9
    { 17, 22, 240, -1, 21, 94, 631 }, // U+1EAA
    { 10, 17, 146, 0, 16, 43, 725 }, // U+1EAB
    { 17, 23, 240, -1, 18, 98, 768 }, // U+1EAC
    { 10, 19, 146, 0, 14, 48, 866 }, // U+1EAD
    { 17, 21, 240, -1, 20, 90, 914 }, // U+1EAE
    { 10, 17, 146, 0, 16, 43, 1004 }, // U+1EAF
    { 17, 21, 240, -1, 20, 90, 1047 }, // U+1EB0
    { 10, 17, 146, 0, 16, 43, 1137 }, // U+1EB1
    { 17, 21, 240, -1, 20, 90, 1180 }, // U+1EB2
    { 10, 17, 146, 0, 16, 43, 1270 }, // U+1EB3
    { 17, 22, 240, -1, 21, 94, 1313 }, // U+1EB4
    { 10, 17, 146, 0, 16, 43, 1407 }, // U+1EB5
    { 17, 23, 240, -1, 18, 98, 1450 }, // U+1EB6
    { 10, 18, 146, 0, 13, 45, 1548 }, // U+1EB7
    { 12, 19, 192, 0, 14, 57, 1593 }, // U+1EB8
    { 9, 14, 139, 0, 9, 32, 1650 }, // U+1EB9
    { 12, 19, 192, 0, 18, 57, 1682 }, // U+1EBA
    { 9, 16, 139, 0, 15, 36, 1739 }, // U+1EBB
    { 12, 19, 192, 0, 18, 57, 1775 }, // U+1EBC
    { 9, 15, 139, 0, 14, 34, 1832 }, // U+1EBD
    { 13, 20, 188, 0, 19, 65, 1866 }, // U+1EBE
    { 10, 18, 139, 0, 17, 45, 1931 }, // U+1EBF
    { 13, 20, 188, -1, 19, 65, 1976 }, // U+1EC0
    { 9, 18, 139, 0, 17, 41, 2041 }, // U+1EC1
    { 12, 20, 188, 0, 19, 60, 2082 }, // U+1EC2
    { 10, 18, 139, 0, 17, 45, 2142 }, // U+1EC3
    { 12, 22, 188, 0, 21, 66, 2187 }, // U+1EC4
    { 9, 17, 139, 0, 16, 39, 2253 }, // U+1EC5
    { 12, 23, 192, 0, 18, 69, 2292 }, // U+1EC6
    { 9, 19, 139, 0, 14, 43, 2361 }, // U+1EC7
    { 8, 19, 121, 0, 18, 38, 2404 }, // U+1EC8
    { 6, 16, 98, 0, 15, 24, 2442 }, // U+1EC9
    { 8, 19, 121, 0, 14, 38, 2466 }, // U+1ECA
    { 6, 19, 98, 0, 14, 29, 2504 }, // U+1ECB
    { 16, 19, 253, 0, 14, 76, 2533 }, // U+1ECC
    { 10, 15, 168, 0, 10, 38, 2609 }, // U+1ECD
    { 16, 19, 253, 0, 18, 76, 2647 }, // U+1ECE
    { 10, 16, 168, 0, 15, 40, 2723 }, // U+1ECF
    { 16, 20, 253, 0, 19, 80, 2763 }, // U+1ED0
    { 10, 18, 168, 0, 17, 45, 2843 }, // U+1ED1
    { 16, 20, 253, 0, 19, 80, 2888 }, // U+1ED2
    { 10, 18, 168, 0, 17, 45, 2968 }, // U+1ED3
    { 16, 20, 253, 0, 19, 80, 3013 }, // U+1ED4
    { 10, 18, 168, 0, 17, 45, 3093 }, // U+1ED5
    { 16, 22, 253, 0, 21, 88, 3138 }, // U+1ED6
    { 10, 17, 168, 0, 16, 43, 3226 }, // U+1ED7
    { 16, 23, 253, 0, 18, 92, 3269 }, // U+1ED8
    { 10, 19, 168, 0, 14, 48, 3361 }, // U+1ED9
    { 17, 19, 253, 0, 18, 81, 3409 }, // U+1EDA
    { 12, 15, 181, 0, 14, 45, 3490 }, // U+1EDB
    { 17, 19, 253, 0, 18, 81, 3535 }, // U+1EDC
    { 12, 15, 181, 0, 14, 45, 3616 }, // U+1EDD
    { 17, 19, 253, 0, 18, 81, 3661 }, // U+1EDE
    { 12, 16, 181, 0, 15, 48, 3742 }, // U+1EDF
    { 17, 19, 253, 0, 18, 81, 3790 }, // U+1EE0
    { 12, 15, 181, 0, 14, 45, 3871 }, // U+1EE1
    { 17, 21, 253, 0, 16, 90, 3916 }, // U+1EE2
    { 12, 17, 181, 0, 12, 51, 4006 }, // U+1EE3
    { 16, 19, 248, 0, 14, 76, 4057 }, // U+1EE4
    { 12, 15, 184, 0, 10, 45, 4133 }, // U+1EE5
    { 16, 19, 248, 0, 18, 76, 4178 }, // U+1EE6
    { 12, 16, 184, 0, 15, 48, 4254 }, // U+1EE7
    { 17, 19, 248, 0, 18, 81, 4302 }, // U+1EE8
    { 13, 15, 200, 0, 14, 49, 4383 }, // U+1EE9
    { 17, 19, 248, 0, 18, 81, 4432 }, // U+1EEA
    { 13, 15, 200, 0, 14, 49, 4513 }, // U+1EEB
    { 17, 19, 248, 0, 18, 81, 4562 }, // U+1EEC
    { 13, 16, 200, 0, 15, 52, 4643 }, // U+1EED
    { 17, 19, 248, 0, 18, 81, 4695 }, // U+1EEE
    { 13, 15, 200, 0, 14, 49, 4776 }, // U+1EEF
    { 17, 22, 248, 0, 17, 94, 4825 }, // U+1EF0
    { 13, 18, 200, 0, 13, 59, 4919 }, // U+1EF1
    { 15, 19, 218, 0, 18, 72, 4978 }, // U+1EF2
    { 11, 20, 160, 0, 14, 55, 5050 }, // U+1EF3
    { 15, 19, 218, 0, 14, 72, 5105 }, // U+1EF4
    { 11, 15, 160, 0, 9, 42, 5177 }, // U+1EF5
    { 15, 19, 218, 0, 18, 72, 5219 }, // U+1EF6
    { 11, 21, 160, 0, 15, 58, 5291 }, // U+1EF7
    { 15, 19, 218, 0, 18, 72, 5349 }, // U+1EF8
    { 11, 20, 160, 0, 14, 55, 5421 }, // U+1EF9
    { 0, 0, 194, 0, 0, 0, 0 }, // U+2000
    { 0, 0, 224, 0, 0, 0, 0 }, // U+2001
    { 0, 0, 194, 0, 0, 0, 0 }, // U+2002
    { 0, 0, 224, 0, 0, 0, 0 }, // U+2003
    { 0, 0, 184, 0, 0, 0, 0 }, // U+2004
    { 0, 0, 179, 0, 0, 0, 0 }, // U+2005
    { 0, 0, 174, 0, 0, 0, 0 }, // U+2006
    { 0, 0, 196, 0, 0, 0, 0 }, // U+2007
    { 0, 0, 178, 0, 0, 0, 0 }, // U+2008
    { 0, 0, 170, 0, 0, 0, 0 }, // U+2009
    { 0, 0, 165, 0, 0, 0, 0 }, // U+200A
    { 0, 0, 0, 0, 0, 0, 0 }, // U+200B
    { 0, 0, 0, 0, 0, 0, 0 }, // U+200C
    { 0, 0, 0, 0, 0, 0, 0 }, // U+200D
    { 0, 0, 0, 0, 0, 0, 0 }, // U+200E
    { 0, 0, 0, 0, 0, 0, 0 }, // U+200F
    { 7, 3, 105, 0, 6, 6, 0 }, // U+2010
    { 7, 3, 105, 0, 6, 6, 6 }, // U+2011
    { 14, 3, 219, 0, 6, 11, 12 }, // U+2012
    { 13, 3, 211, 0, 6, 10, 23 }, // U+2013
    { 20, 3, 320, 0, 6, 15, 33 }, // U+2014
    { 46, 3, 735, 0, 6, 35, 48 }, // U+2015
    { 7, 22, 151, 1, 15, 39, 83 }, // U+2016
    { 5, 7, 80, 0, 15, 9, 122 }, // U+2018
    { 5, 7, 80, 0, 15, 9, 131 }, // U+2019
    { 5, 7, 80, 0, 3, 9, 140 }, // U+201A
    { 9, 7, 146, 0, 15, 16, 149 }, // U+201C
    { 9, 7, 146, 0, 15, 16, 165 }, // U+201D
    { 9, 7, 146, 0, 3, 16, 181 }, // U+201E
    { 10, 17, 162, 0, 14, 43, 197 }, // U+2020
    { 10, 18, 162, 0, 14, 45, 240 }, // U+2021
    { 8, 7, 124, 0, 11, 14, 285 }, // U+2022
    { 5, 4, 82, 0, 3, 5, 299 }, // U+2024
    { 10, 4, 170, 0, 3, 10, 304 }, // U+2025
    { 15, 4, 249, 0, 3, 15, 314 }, // U+2026
    { 3, 3, 66, 1, 9, 3, 329 }, // U+2027
    { 0, 0, 0, 0, 0, 0, 332 }, // U+202A
    { 0, 0, 0, 0, 0, 0, 332 }, // U+202B
    { 0, 0, 0, 0, 0, 0, 332 }, // U+202C
    { 0, 0, 0, 0, 0, 0, 332 }, // U+202D
    { 0, 0, 0, 0, 0, 0, 332 }, // U+202E
    { 21, 15, 340, 0, 14, 79, 332 }, // U+2030
    { 4, 7, 63, 0, 15, 7, 411 }, // U+2032
    { 7, 7, 109, 0, 15, 13, 418 }, // U+2033
    { 10, 7, 155, 0, 15, 18, 431 }, // U+2034
    { 4, 7, 63, 0, 15, 7, 449 }, // U+2035
    { 7, 7, 109, 0, 15, 13, 456 }, // U+2036
    { 9, 7, 155, 0, 15, 16, 469 }, // U+2037
    { 6, 9, 124, 1, 9, 14, 485 }, // U+2039
    { 7, 9, 124, 0, 9, 16, 499 }, // U+203A
    { 9, 15, 173, 1, 14, 34, 515 }, // U+203C
    { 7, 16, 131, 1, 15, 28, 549 }, // U+203D
    { 12, 2, 190, 0, 13, 6, 577 }, // U+203E
    { 11, 15, 17, -5, 14, 42, 583 }, // U+2044
    { 13, 15, 231, 1, 14, 49, 625 }, // U+2047
    { 11, 15, 204, 1, 14, 42, 674 }, // U+2048
    { 11, 15, 203, 1, 14, 42, 716 }, // U+2049
    { 13, 21, 209, 0, 14, 69, 758 }, // U+204B
    { 7, 8, 119, 0, 7, 14, 827 }, // U+204E
    { 12, 7, 201, 0, 15, 21, 841 }, // U+2057
    { 0, 0, 0, 0, 0, 0, 862 }, // U+2060
    { 0, 0, 0, 0, 0, 0, 862 }, // U+2061
    { 0, 0, 0, 0, 0, 0, 862 }, // U+2062
    { 0, 0, 0, 0, 0, 0, 862 }, // U+2063
    { 0, 0, 0, 0, 0, 0, 862 }, // U+2064
    { 0, 0, 0, 0, 0, 0, 862 }, // U+2066
    { 0, 0, 0, 0, 0, 0, 862 }, // U+2067
    { 0, 0, 0, 0, 0, 0, 862 }, // U+2068
    { 0, 0, 0, 0, 0, 0, 862 }, // U+2069
    { 0, 0, 0, 0, 0, 0, 862 }, // U+206A
    { 0, 0, 0, 0, 0, 0, 862 }, // U+206B
    { 0, 0, 0, 0, 0, 0, 862 }, // U+206C
    { 0, 0, 0, 0, 0, 0, 862 }, // U+206D
    { 0, 0, 0, 0, 0, 0, 862 }, // U+206E
    { 0, 0, 0, 0, 0, 0, 862 }, // U+206F
    { 7, 8, 114, 0, 16, 14, 0 }, // U+2070
    { 5, 10, 80, 0, 16, 13, 14 }, // U+2071
    { 7, 9, 111, 0, 17, 16, 27 }, // U+2074
    { 6, 8, 96, 0, 16, 12, 43 }, // U+2075
    { 7, 8, 105, 0, 16, 14, 55 }, // U+2076
    { 7, 8, 102, 0, 16, 14, 69 }, // U+2077
    { 7, 8, 105, 0, 16, 14, 83 }, // U+2078
    { 7, 8, 112, 0, 16, 14, 97 }, // U+2079
    { 8, 8, 139, 0, 16, 16, 111 }, // U+207A
    { 8, 2, 129, 0, 13, 4, 127 }, // U+207B
    { 8, 4, 133, 0, 14, 8, 131 }, // U+207C
    { 5, 12, 66, 0, 18, 15, 139 }, // U+207D
    { 4, 12, 66, 0, 18, 12, 154 }, // U+207E
    { 9, 7, 141, 0, 13, 16, 166 }, // U+207F
    { 7, 8, 114, 0, 4, 14, 182 }, // U+2080
    { 5, 8, 83, 0, 4, 10, 196 }, // U+2081
    { 7, 8, 114, 0, 4, 14, 206 }, // U+2082
    { 6, 8, 98, 0, 4, 12, 220 }, // U+2083
    { 7, 9, 111, 0, 5, 16, 232 }, // U+2084
    { 6, 8, 96, 0, 4, 12, 248 }, // U+2085
    { 7, 8, 105, 0, 4, 14, 260 }, // U+2086
    { 7, 8, 102, 0, 4, 14, 274 }, // U+2087
    { 7, 8, 105, 0, 4, 14, 288 }, // U+2088
    { 7, 8, 112, 0, 4, 14, 302 }, // U+2089
    { 8, 8, 139, 0, 4, 16, 316 }, // U+208A
    { 8, 2, 129, 0, 1, 4, 332 }, // U+208B
    { 8, 4, 133, 0, 2, 8, 336 }, // U+208C
    { 5, 12, 66, 0, 6, 15, 344 }, // U+208D
    { 4, 12, 66, 0, 6, 12, 359 }, // U+208E
    { 7, 6, 113, 0, 3, 11, 371 }, // U+2090
    { 7, 6, 108, 0, 3, 11, 382 }, // U+2091
    { 8, 6, 127, 0, 3, 12, 393 }, // U+2092
    { 8, 6, 124, 0, 3, 12, 405 }, // U+2093
    { 6, 6, 101, 0, 2, 9, 417 }, // U+2094
    { 9, 10, 138, 0, 7, 23, 426 }, // U+2095
    { 9, 10, 141, 0, 7, 23, 449 }, // U+2096
    { 5, 10, 77, 0, 7, 13, 472 }, // U+2097
    { 12, 7, 197, 0, 4, 21, 485 }, // U+2098
    { 9, 7, 141, 0, 4, 16, 506 }, // U+2099
    { 9, 10, 137, 0, 3, 23, 522 }, // U+209A
    { 6, 6, 94, 0, 4, 9, 545 }, // U+209B
    { 6, 8, 96, 0, 5, 12, 554 }, // U+209C
    { 14, 19, 236, 0, 16, 67, 0 }, // U+20A1
    { 12, 15, 188, 0, 14, 45, 67 }, // U+20A3
    { 13, 15, 189, -1, 14, 49, 112 }, // U+20A4
    { 14, 16, 215, 0, 12, 56, 161 }, // U+20A5
    { 18, 15, 276, 0, 14, 68, 217 }, // U+20A6
    { 14, 15, 223, 0, 14, 53, 285 }, // U+20A7
    { 19, 15, 307, 0, 14, 72, 338 }, // U+20A8
    { 22, 15, 340, 0, 14, 83, 410 }, // U+20A9
    { 11, 17, 167, 0, 14, 47, 493 }, // U+20AB
    { 15, 15, 246, 0, 14, 57, 540 }, // U+20AC
    { 17, 15, 254, 0, 14, 64, 597 }, // U+20AD
    { 15, 16, 232, 0, 15, 60, 661 }, // U+20AE
    { 14, 15, 213, 0, 14, 53, 721 }, // U+20B1
    { 15, 19, 240, 0, 16, 72, 774 }, // U+20B2
    { 12, 15, 184, 0, 14, 45, 846 }, // U+20B4
    { 14, 18, 236, 0, 16, 63, 891 }, // U+20B5
    { 13, 15, 203, 0, 14, 49, 954 }, // U+20B8
    { 11, 15, 176, 0, 14, 42, 1003 }, // U+20B9
    { 12, 15, 183, 0, 14, 45, 1045 }, // U+20BA
    { 16, 16, 248, 0, 15, 64, 1090 }, // U+20BC
    { 13, 15, 205, 0, 14, 49, 1154 }, // U+20BD
    { 21, 10, 337, 0, 11, 53, 0 }, // U+2190
    { 9, 20, 149, 0, 15, 45, 53 }, // U+2191
    { 21, 9, 337, 0, 11, 48, 98 }, // U+2192
    { 9, 19, 149, 0, 15, 43, 146 }, // U+2193
    { 21, 9, 336, 0, 11, 48, 189 }, // U+2194
    { 9, 20, 146, 0, 15, 45, 237 }, // U+2195
    { 16, 16, 256, 0, 12, 64, 282 }, // U+2196
    { 16, 16, 260, 0, 12, 64, 346 }, // U+2197
    { 16, 17, 256, 0, 13, 68, 410 }, // U+2198
    { 16, 16, 260, 0, 12, 64, 478 }, // U+2199
    { 21, 16, 337, 0, 14, 84, 542 }, // U+219A
    { 21, 16, 337, 0, 14, 84, 626 }, // U+219B
    { 21, 10, 337, 0, 11, 53, 710 }, // U+219E
    { 9, 20, 149, 0, 15, 45, 763 }, // U+219F
    { 21, 9, 337, 0, 11, 48, 808 }, // U+21A0
    { 9, 20, 149, 0, 15, 45, 856 }, // U+21A1
    { 19, 10, 310, 0, 11, 48, 901 }, // U+21A2
    { 21, 16, 336, 0, 14, 84, 949 }, // U+21AE
    { 20, 10, 322, 0, 11, 50, 1033 }, // U+21D0
    { 9, 20, 149, 0, 15, 45, 1083 }, // U+21D1
    { 20, 9, 322, 0, 11, 45, 1128 }, // U+21D2
    { 9, 20, 149, 0, 15, 45, 1173 }, // U+21D3
    { 21, 9, 335, 0, 11, 48, 1218 }, // U+21DA
    { 21, 10, 335, 0, 11, 53, 1266 }, // U+21DB
    { 11, 16, 171, 0, 15, 44, 0 }, // U+2202
    { 14, 16, 226, 0, 14, 56, 44 }, // U+2205
    { 13, 14, 217, 0, 14, 46, 100 }, // U+2206
    { 13, 15, 229, 1, 14, 49, 146 }, // U+2207
    { 17, 15, 263, 0, 14, 64, 195 }, // U+220F
    { 17, 15, 263, 0, 14, 64, 259 }, // U+2210
    { 13, 16, 185, -1, 14, 52, 323 }, // U+2211
    { 13, 2, 204, 0, 6, 7, 375 }, // U+2212
    { 12, 13, 200, 0, 13, 39, 382 }, // U+2213
    { 9, 16, 135, 0, 14, 36, 421 }, // U+2215
    { 9, 16, 135, 0, 14, 36, 457 }, // U+2216
    { 5, 4, 80, 0, 6, 5, 493 }, // U+2219
    { 14, 18, 145, -1, 15, 63, 498 }, // U+221A
    { 17, 9, 273, 0, 9, 39, 561 }, // U+221E
    { 3, 22, 92, 1, 15, 17, 600 }, // U+2223
    { 9, 22, 92, -2, 15, 50, 617 }, // U+2224
    { 7, 22, 146, 1, 15, 39, 667 }, // U+2225
    { 11, 22, 146, -1, 15, 61, 706 }, // U+2226
    { 13, 19, 124, -3, 14, 62, 767 }, // U+222B
    { 4, 10, 94, 1, 9, 10, 829 }, // U+2236
    { 11, 4, 182, 0, 9, 11, 839 }, // U+223C
    { 11, 13, 182, 0, 13, 36, 850 }, // U+2241
    { 11, 7, 182, 0, 9, 20, 886 }, // U+2248
    { 13, 12, 210, 0, 11, 39, 906 }, // U+2260
    { 12, 13, 199, 0, 12, 39, 945 }, // U+2264
    { 12, 13, 199, 0, 12, 39, 984 }, // U+2265
    { 17, 11, 279, 0, 10, 47, 1023 }, // U+226A
    { 17, 11, 279, 0, 10, 47, 1070 }, // U+226B
    { 11, 14, 180, 0, 12, 39, 1117 }, // U+226E
    { 11, 14, 180, 0, 12, 39, 1156 }, // U+226F
    { 5, 4, 85, 0, 6, 5, 1195 }, // U+22C5
    { 14, 4, 225, 0, 6, 14, 1200 }, // U+22EF
    { 17, 16, 221, 0, 15, 68, 0 }, // U+FB00
    { 13, 16, 197, 0, 15, 52, 68 }, // U+FB01
    { 13, 16, 201, 0, 15, 52, 120 }, // U+FB02
    { 19, 16, 298, 0, 15, 76, 172 }, // U+FB03
    { 19, 16, 302, 0, 15, 76, 248 }, // U+FB04
    { 14, 16, 223, 0, 15, 56, 324 }, // U+FB05
    { 15, 15, 238, 0, 14, 57, 380 }, // U+FB06
    { 17, 17, 267, 0, 15, 73, 0 }, // U+FFFD
};

static const EpdUnicodeInterval ebgaramond_10_boldIntervals[] = {
    { 0x0, 0x17F, 0x0 },
    { 0x1A0, 0x1A1, 0x180 },
    { 0x1AF, 0x1B0, 0x182 },
    { 0x1C4, 0x21F, 0x184 },
    { 0x300, 0x33E, 0x1E0 },
    { 0x340, 0x345, 0x21F },
    { 0x34F, 0x34F, 0x225 },
    { 0x351, 0x351, 0x226 },
    { 0x353, 0x353, 0x227 },
    { 0x357, 0x357, 0x228 },
    { 0x35D, 0x35D, 0x229 },
    { 0x361, 0x361, 0x22A },
    { 0x364, 0x364, 0x22B },
    { 0x400, 0x45F, 0x22C },
    { 0x462, 0x463, 0x28C },
    { 0x46A, 0x46B, 0x28E },
    { 0x470, 0x470, 0x290 },
    { 0x472, 0x477, 0x291 },
    { 0x48A, 0x4FF, 0x297 },
    { 0x1EA0, 0x1EF9, 0x30D },
    { 0x2000, 0x2016, 0x367 },
    { 0x2018, 0x201A, 0x37E },
    { 0x201C, 0x201E, 0x381 },
    { 0x2020, 0x2022, 0x384 },
    { 0x2024, 0x2027, 0x387 },
    { 0x202A, 0x202E, 0x38B },
    { 0x2030, 0x2030, 0x390 },
    { 0x2032, 0x2037, 0x391 },
    { 0x2039, 0x203A, 0x397 },
    { 0x203C, 0x203E, 0x399 },
    { 0x2044, 0x2044, 0x39C },
    { 0x2047, 0x2049, 0x39D },
    { 0x204B, 0x204B, 0x3A0 },
    { 0x204E, 0x204E, 0x3A1 },
    { 0x2057, 0x2057, 0x3A2 },
    { 0x2060, 0x2064, 0x3A3 },
    { 0x2066, 0x2071, 0x3A8 },
    { 0x2074, 0x208E, 0x3B4 },
    { 0x2090, 0x209C, 0x3CF },
    { 0x20A1, 0x20A1, 0x3DC },
    { 0x20A3, 0x20A9, 0x3DD },
    { 0x20AB, 0x20AE, 0x3E4 },
    { 0x20B1, 0x20B2, 0x3E8 },
    { 0x20B4, 0x20B5, 0x3EA },
    { 0x20B8, 0x20BA, 0x3EC },
    { 0x20BC, 0x20BD, 0x3EF },
    { 0x2190, 0x219B, 0x3F1 },
    { 0x219E, 0x21A2, 0x3FD },
    { 0x21AE, 0x21AE, 0x402 },
    { 0x21D0, 0x21D3, 0x403 },
    { 0x21DA, 0x21DB, 0x407 },
    { 0x2202, 0x2202, 0x409 },
    { 0x2205, 0x2207, 0x40A },
    { 0x220F, 0x2213, 0x40D },
    { 0x2215, 0x2216, 0x412 },
    { 0x2219, 0x221A, 0x414 },
    { 0x221E, 0x221E, 0x416 },
    { 0x2223, 0x2226, 0x417 },
    { 0x222B, 0x222B, 0x41B },
    { 0x2236, 0x2236, 0x41C },
    { 0x223C, 0x223C, 0x41D },
    { 0x2241, 0x2241, 0x41E },
    { 0x2248, 0x2248, 0x41F },
    { 0x2260, 0x2260, 0x420 },
    { 0x2264, 0x2265, 0x421 },
    { 0x226A, 0x226B, 0x423 },
    { 0x226E, 0x226F, 0x425 },
    { 0x22C5, 0x22C5, 0x427 },
    { 0x22EF, 0x22EF, 0x428 },
    { 0xFB00, 0xFB06, 0x429 },
    { 0xFFFD, 0xFFFD, 0x430 },
};

static const EpdFontGroup ebgaramond_10_boldGroups[] = {
    { 0, 2280, 4050, 128, 0 },
    { 2280, 2008, 4601, 128, 128 },
    { 4288, 2633, 7531, 128, 256 },
    { 6921, 2583, 6574, 96, 384 },
    { 9504, 496, 654, 76, 480 },
    { 10000, 5073, 13115, 225, 556 },
    { 15073, 1530, 6192, 90, 781 },
    { 16603, 651, 1003, 75, 871 },
    { 17254, 368, 685, 42, 946 },
    { 17622, 881, 1322, 21, 988 },
    { 18503, 645, 1506, 24, 1009 },
    { 19148, 813, 1410, 32, 1033 },
    { 19961, 258, 492, 7, 1065 },
    { 20219, 71, 85, 1, 1072 },
};

static const EpdKernClassEntry ebgaramond_10_boldKernLeftClasses[] = {
    { 0x0026, 1 }, // &
    { 0x0028, 2 }, // (
    { 0x002A, 3 }, // *
    { 0x002C, 4 }, // ,
    { 0x002D, 5 }, // -
    { 0x002E, 4 }, // .
    { 0x002F, 6 }, // /
    { 0x003A, 7 }, // :
    { 0x0040, 8 }, // @
    { 0x0041, 9 }, // A
    { 0x0042, 10 }, // B
    { 0x0043, 11 }, // C
    { 0x0044, 12 }, // D
    { 0x0045, 13 }, // E
    { 0x0046, 14 }, // F
    { 0x0047, 15 }, // G
    { 0x0048, 16 }, // H
    { 0x0049, 16 }, // I
    { 0x004A, 17 }, // J
    { 0x004B, 18 }, // K
    { 0x004C, 19 }, // L
    { 0x004D, 20 }, // M
    { 0x004E, 21 }, // N
    { 0x004F, 12 }, // O
    { 0x0050, 22 }, // P
    { 0x0051, 12 }, // Q
    { 0x0052, 23 }, // R
    { 0x0053, 24 }, // S
    { 0x0054, 25 }, // T
    { 0x0055, 26 }, // U
    { 0x0056, 27 }, // V
    { 0x0057, 27 }, // W
    { 0x0058, 28 }, // X
    { 0x0059, 29 }, // Y
    { 0x005A, 30 }, // Z
    { 0x005B, 31 }, // [
    { 0x005C, 32 }, // <backslash>
    { 0x0061, 33 }, // a
    { 0x0062, 34 }, // b
    { 0x0063, 35 }, // c
    { 0x0064, 36 }, // d
    { 0x0065, 37 }, // e
    { 0x0066, 38 }, // f
    { 0x0067, 39 }, // g
    { 0x0068, 40 }, // h
    { 0x0069, 41 }, // i
    { 0x006B, 42 }, // k
    { 0x006C, 36 }, // l
    { 0x006D, 40 }, // m
    { 0x006E, 40 }, // n
    { 0x006F, 34 }, // o
    { 0x0070, 34 }, // p
    { 0x0071, 43 }, // q
    { 0x0072, 44 }, // r
    { 0x0073, 45 }, // s
    { 0x0074, 46 }, // t
    { 0x0075, 41 }, // u
    { 0x0076, 47 }, // v
    { 0x0077, 47 }, // w
    { 0x0078, 48 }, // x
    { 0x0079, 47 }, // y
    { 0x00A1, 49 }, // U+00A1
    { 0x00A7, 50 }, // U+00A7
    { 0x00AB, 51 }, // U+00AB
    { 0x00AE, 52 }, // U+00AE
    { 0x00B6, 53 }, // U+00B6
    { 0x00B7, 54 }, // U+00B7
    { 0x00BB, 55 }, // U+00BB
    { 0x00BF, 56 }, // U+00BF
    { 0x00C0, 9 }, // U+00C0
    { 0x00C1, 9 }, // U+00C1
    { 0x00C2, 9 }, // U+00C2
    { 0x00C3, 9 }, // U+00C3
    { 0x00C4, 9 }, // U+00C4
    { 0x00C5, 9 }, // U+00C5
    { 0x00C6, 13 }, // U+00C6
    { 0x00C7, 11 }, // U+00C7
    { 0x00C8, 13 }, // U+00C8
    { 0x00C9, 13 }, // U+00C9
    { 0x00CA, 13 }, // U+00CA
    { 0x00CB, 13 }, // U+00CB
    { 0x00CC, 16 }, // U+00CC
    { 0x00CD, 16 }, // U+00CD
    { 0x00CE, 16 }, // U+00CE
    { 0x00CF, 16 }, // U+00CF
    { 0x00D0, 12 }, // U+00D0
    { 0x00D1, 21 }, // U+00D1
    { 0x00D2, 12 }, // U+00D2
    { 0x00D3, 12 }, // U+00D3
    { 0x00D4, 12 }, // U+00D4
    { 0x00D5, 12 }, // U+00D5
    { 0x00D6, 12 }, // U+00D6
    { 0x00D8, 12 }, // U+00D8
    { 0x00D9, 26 }, // U+00D9
    { 0x00DA, 26 }, // U+00DA
    { 0x00DB, 26 }, // U+00DB
    { 0x00DC, 26 }, // U+00DC
    { 0x00DD, 29 }, // U+00DD
    { 0x00DE, 57 }, // U+00DE
    { 0x00DF, 58 }, // U+00DF
    { 0x00E0, 33 }, // U+00E0
    { 0x00E1, 33 }, // U+00E1
    { 0x00E2, 33 }, // U+00E2
    { 0x00E3, 33 }, // U+00E3
    { 0x00E4, 33 }, // U+00E4
    { 0x00E5, 33 }, // U+00E5
    { 0x00E6, 37 }, // U+00E6
    { 0x00E7, 35 }, // U+00E7
    { 0x00E8, 37 }, // U+00E8
    { 0x00E9, 37 }, // U+00E9
    { 0x00EA, 37 }, // U+00EA
    { 0x00EB, 37 }, // U+00EB
    { 0x00EC, 41 }, // U+00EC
    { 0x00ED, 41 }, // U+00ED
    { 0x00EE, 41 }, // U+00EE
    { 0x00EF, 41 }, // U+00EF
    { 0x00F1, 40 }, // U+00F1
    { 0x00F2, 34 }, // U+00F2
    { 0x00F3, 34 }, // U+00F3
    { 0x00F4, 34 }, // U+00F4
    { 0x00F5, 34 }, // U+00F5
    { 0x00F6, 34 }, // U+00F6
    { 0x00F8, 34 }, // U+00F8
    { 0x00F9, 41 }, // U+00F9
    { 0x00FA, 41 }, // U+00FA
    { 0x00FB, 41 }, // U+00FB
    { 0x00FC, 41 }, // U+00FC
    { 0x00FD, 47 }, // U+00FD
    { 0x00FE, 34 }, // U+00FE
    { 0x00FF, 47 }, // U+00FF
    { 0x0100, 9 }, // U+0100
    { 0x0101, 33 }, // U+0101
    { 0x0102, 9 }, // U+0102
    { 0x0103, 33 }, // U+0103
    { 0x0104, 9 }, // U+0104
    { 0x0105, 33 }, // U+0105
    { 0x0106, 11 }, // U+0106
    { 0x0107, 35 }, // U+0107
    { 0x0108, 11 }, // U+0108
    { 0x0109, 35 }, // U+0109
    { 0x010A, 11 }, // U+010A
    { 0x010B, 35 }, // U+010B
    { 0x010C, 11 }, // U+010C
    { 0x010D, 35 }, // U+010D
    { 0x010E, 12 }, // U+010E
    { 0x010F, 59 }, // U+010F
    { 0x0110, 12 }, // U+0110
    { 0x0111, 36 }, // U+0111
    { 0x0112, 13 }, // U+0112
    { 0x0113, 37 }, // U+0113
    { 0x0114, 13 }, // U+0114
    { 0x0115, 37 }, // U+0115
    { 0x0116, 13 }, // U+0116
    { 0x0117, 37 }, // U+0117
    { 0x0118, 13 }, // U+0118
    { 0x0119, 37 }, // U+0119
    { 0x011A, 13 }, // U+011A
    { 0x011B, 37 }, // U+011B
    { 0x011C, 15 }, // U+011C
    { 0x011D, 39 }, // U+011D
    { 0x011E, 15 }, // U+011E
    { 0x011F, 39 }, // U+011F
    { 0x0120, 15 }, // U+0120
    { 0x0121, 39 }, // U+0121
    { 0x0122, 15 }, // U+0122
    { 0x0123, 39 }, // U+0123
    { 0x0124, 16 }, // U+0124
    { 0x0125, 40 }, // U+0125
    { 0x0126, 16 }, // U+0126
    { 0x0127, 40 }, // U+0127
    { 0x0128, 16 }, // U+0128
    { 0x012A, 16 }, // U+012A
    { 0x012C, 16 }, // U+012C
    { 0x012D, 41 }, // U+012D
    { 0x012E, 16 }, // U+012E
    { 0x0130, 16 }, // U+0130
    { 0x0131, 41 }, // U+0131
    { 0x0132, 17 }, // U+0132
    { 0x0134, 17 }, // U+0134
    { 0x0136, 18 }, // U+0136
    { 0x0137, 42 }, // U+0137
    { 0x0138, 42 }, // U+0138
    { 0x0139, 19 }, // U+0139
    { 0x013A, 36 }, // U+013A
    { 0x013B, 19 }, // U+013B
    { 0x013C, 36 }, // U+013C
    { 0x013D, 19 }, // U+013D
    { 0x013E, 59 }, // U+013E
    { 0x013F, 19 }, // U+013F
    { 0x0141, 19 }, // U+0141
    { 0x0142, 36 }, // U+0142
    { 0x0143, 21 }, // U+0143
    { 0x0144, 40 }, // U+0144
    { 0x0145, 21 }, // U+0145
    { 0x0146, 40 }, // U+0146
    { 0x0147, 21 }, // U+0147
    { 0x0148, 40 }, // U+0148
    { 0x0149, 40 }, // U+0149
    { 0x014A, 21 }, // U+014A
    { 0x014C, 12 }, // U+014C
    { 0x014D, 34 }, // U+014D
    { 0x014E, 12 }, // U+014E
    { 0x014F, 34 }, // U+014F
    { 0x0150, 12 }, // U+0150
    { 0x0151, 34 }, // U+0151
    { 0x0152, 13 }, // U+0152
    { 0x0153, 37 }, // U+0153
    { 0x0154, 23 }, // U+0154
    { 0x0155, 44 }, // U+0155
    { 0x0156, 23 }, // U+0156
    { 0x0157, 44 }, // U+0157
    { 0x0158, 23 }, // U+0158
    { 0x0159, 44 }, // U+0159
    { 0x015A, 24 }, // U+015A
    { 0x015B, 45 }, // U+015B
    { 0x015C, 24 }, // U+015C
    { 0x015D, 45 }, // U+015D
    { 0x015E, 24 }, // U+015E
    { 0x015F, 45 }, // U+015F
    { 0x0160, 24 }, // U+0160
    { 0x0161, 45 }, // U+0161
    { 0x0162, 25 }, // U+0162
    { 0x0163, 46 }, // U+0163
    { 0x0164, 25 }, // U+0164
    { 0x0166, 25 }, // U+0166
    { 0x0167, 46 }, // U+0167
    { 0x0168, 26 }, // U+0168
    { 0x0169, 41 }, // U+0169
    { 0x016A, 26 }, // U+016A
    { 0x016B, 41 }, // U+016B
    { 0x016C, 26 }, // U+016C
    { 0x016D, 41 }, // U+016D
    { 0x016E, 26 }, // U+016E
    { 0x016F, 41 }, // U+016F
    { 0x0170, 26 }, // U+0170
    { 0x0171, 41 }, // U+0171
    { 0x0172, 26 }, // U+0172
    { 0x0173, 41 }, // U+0173
    { 0x0174, 27 }, // U+0174
    { 0x0175, 47 }, // U+0175
    { 0x0176, 29 }, // U+0176
    { 0x0177, 47 }, // U+0177
    { 0x0178, 29 }, // U+0178
    { 0x0179, 30 }, // U+0179
    { 0x017B, 30 }, // U+017B
    { 0x017D, 30 }, // U+017D
    { 0x017F, 60 }, // U+017F
    { 0x01A0, 12 }, // U+01A0
    { 0x01AF, 26 }, // U+01AF
    { 0x01C4, 30 }, // U+01C4
    { 0x01C7, 17 }, // U+01C7
    { 0x01CA, 17 }, // U+01CA
    { 0x01CD, 9 }, // U+01CD
    { 0x01CE, 33 }, // U+01CE
    { 0x01CF, 16 }, // U+01CF
    { 0x01D0, 41 }, // U+01D0
    { 0x01D1, 12 }, // U+01D1
    { 0x01D2, 34 }, // U+01D2
    { 0x01D3, 26 }, // U+01D3
    { 0x01D4, 41 }, // U+01D4
    { 0x01D5, 26 }, // U+01D5
    { 0x01D6, 41 }, // U+01D6
    { 0x01D7, 26 }, // U+01D7
    { 0x01D8, 41 }, // U+01D8
    { 0x01D9, 26 }, // U+01D9
    { 0x01DA, 41 }, // U+01DA
    { 0x01DB, 26 }, // U+01DB
    { 0x01DC, 41 }, // U+01DC
    { 0x01DD, 34 }, // U+01DD
    { 0x01DE, 9 }, // U+01DE
    { 0x01DF, 33 }, // U+01DF
    { 0x01E0, 9 }, // U+01E0
    { 0x01E1, 33 }, // U+01E1
    { 0x01E2, 13 }, // U+01E2
    { 0x01E3, 37 }, // U+01E3
    { 0x01E4, 15 }, // U+01E4
    { 0x01E5, 39 }, // U+01E5
    { 0x01E6, 15 }, // U+01E6
    { 0x01E7, 39 }, // U+01E7
    { 0x01E8, 18 }, // U+01E8
    { 0x01E9, 42 }, // U+01E9
    { 0x01EA, 12 }, // U+01EA
    { 0x01EB, 34 }, // U+01EB
    { 0x01EC, 12 }, // U+01EC
    { 0x01ED, 34 }, // U+01ED
    { 0x01EE, 61 }, // U+01EE
    { 0x01EF, 62 }, // U+01EF
    { 0x01F1, 30 }, // U+01F1
    { 0x01F4, 15 }, // U+01F4
    { 0x01F5, 39 }, // U+01F5
    { 0x01F6, 63 }, // U+01F6
    { 0x01F7, 64 }, // U+01F7
    { 0x01F8, 21 }, // U+01F8
    { 0x01F9, 40 }, // U+01F9
    { 0x01FA, 9 }, // U+01FA
    { 0x01FB, 33 }, // U+01FB
    { 0x01FC, 13 }, // U+01FC
    { 0x01FD, 37 }, // U+01FD
    { 0x01FE, 12 }, // U+01FE
    { 0x01FF, 34 }, // U+01FF
    { 0x0200, 9 }, // U+0200
    { 0x0201, 33 }, // U+0201
    { 0x0202, 9 }, // U+0202
    { 0x0203, 33 }, // U+0203
    { 0x0204, 13 }, // U+0204
    { 0x0205, 37 }, // U+0205
    { 0x0206, 13 }, // U+0206
    { 0x0207, 37 }, // U+0207
    { 0x0208, 16 }, // U+0208
    { 0x0209, 41 }, // U+0209
    { 0x020A, 16 }, // U+020A
    { 0x020B, 41 }, // U+020B
    { 0x020C, 12 }, // U+020C
    { 0x020D, 34 }, // U+020D
    { 0x020E, 12 }, // U+020E
    { 0x020F, 34 }, // U+020F
    { 0x0210, 23 }, // U+0210
    { 0x0211, 44 }, // U+0211
    { 0x0212, 23 }, // U+0212
    { 0x0213, 44 }, // U+0213
    { 0x0214, 26 }, // U+0214
    { 0x0215, 41 }, // U+0215
    { 0x0216, 26 }, // U+0216
    { 0x0217, 41 }, // U+0217
    { 0x0218, 24 }, // U+0218
    { 0x0219, 45 }, // U+0219
    { 0x021A, 25 }, // U+021A
    { 0x021B, 46 }, // U+021B
    { 0x021E, 16 }, // U+021E
    { 0x021F, 40 }, // U+021F
    { 0x0400, 13 }, // U+0400
    { 0x0401, 13 }, // U+0401
    { 0x0402, 65 }, // U+0402
    { 0x0403, 66 }, // U+0403
    { 0x0404, 11 }, // U+0404
    { 0x0405, 24 }, // U+0405
    { 0x0406, 16 }, // U+0406
    { 0x0407, 16 }, // U+0407
    { 0x0408, 17 }, // U+0408
    { 0x0409, 67 }, // U+0409
    { 0x040A, 67 }, // U+040A
    { 0x040B, 68 }, // U+040B
    { 0x040C, 69 }, // U+040C
    { 0x040D, 16 }, // U+040D
    { 0x040E, 27 }, // U+040E
    { 0x040F, 16 }, // U+040F
    { 0x0410, 9 }, // U+0410
    { 0x0411, 70 }, // U+0411
    { 0x0412, 10 }, // U+0412
    { 0x0413, 66 }, // U+0413
    { 0x0414, 16 }, // U+0414
    { 0x0415, 13 }, // U+0415
    { 0x0416, 69 }, // U+0416
    { 0x0417, 10 }, // U+0417
    { 0x0418, 16 }, // U+0418
    { 0x0419, 16 }, // U+0419
    { 0x041A, 69 }, // U+041A
    { 0x041B, 16 }, // U+041B
    { 0x041C, 20 }, // U+041C
    { 0x041D, 16 }, // U+041D
    { 0x041E, 12 }, // U+041E
    { 0x041F, 16 }, // U+041F
    { 0x0420, 22 }, // U+0420
    { 0x0421, 11 }, // U+0421
    { 0x0422, 25 }, // U+0422
    { 0x0423, 27 }, // U+0423
    { 0x0424, 71 }, // U+0424
    { 0x0425, 28 }, // U+0425
    { 0x0426, 16 }, // U+0426
    { 0x0427, 16 }, // U+0427
    { 0x0428, 16 }, // U+0428
    { 0x0429, 16 }, // U+0429
    { 0x042A, 67 }, // U+042A
    { 0x042B, 16 }, // U+042B
    { 0x042C, 67 }, // U+042C
    { 0x042D, 12 }, // U+042D
    { 0x042E, 12 }, // U+042E
    { 0x042F, 16 }, // U+042F
    { 0x0430, 33 }, // U+0430
    { 0x0431, 34 }, // U+0431
    { 0x0432, 72 }, // U+0432
    { 0x0433, 73 }, // U+0433
    { 0x0434, 74 }, // U+0434
    { 0x0435, 37 }, // U+0435
    { 0x0436, 75 }, // U+0436
    { 0x0437, 72 }, // U+0437
    { 0x0438, 74 }, // U+0438
    { 0x0439, 74 }, // U+0439
    { 0x043A, 75 }, // U+043A
    { 0x043B, 74 }, // U+043B
    { 0x043C, 76 }, // U+043C
    { 0x043D, 74 }, // U+043D
    { 0x043E, 34 }, // U+043E
    { 0x043F, 74 }, // U+043F
    { 0x0440, 34 }, // U+0440
    { 0x0441, 35 }, // U+0441
    { 0x0442, 77 }, // U+0442
    { 0x0443, 47 }, // U+0443
    { 0x0444, 34 }, // U+0444
    { 0x0445, 48 }, // U+0445
    { 0x0446, 74 }, // U+0446
    { 0x0447, 74 }, // U+0447
    { 0x0448, 74 }, // U+0448
    { 0x0449, 74 }, // U+0449
    { 0x044A, 78 }, // U+044A
    { 0x044B, 74 }, // U+044B
    { 0x044C, 78 }, // U+044C
    { 0x044D, 34 }, // U+044D
    { 0x044E, 34 }, // U+044E
    { 0x044F, 74 }, // U+044F
    { 0x0450, 37 }, // U+0450
    { 0x0451, 37 }, // U+0451
    { 0x0452, 79 }, // U+0452
    { 0x0453, 73 }, // U+0453
    { 0x0454, 35 }, // U+0454
    { 0x0455, 45 }, // U+0455
    { 0x0456, 41 }, // U+0456
    { 0x0457, 41 }, // U+0457
    { 0x0459, 78 }, // U+0459
    { 0x045A, 78 }, // U+045A
    { 0x045B, 40 }, // U+045B
    { 0x045C, 75 }, // U+045C
    { 0x045D, 74 }, // U+045D
    { 0x045E, 47 }, // U+045E
    { 0x045F, 74 }, // U+045F
    { 0x0462, 80 }, // U+0462
    { 0x0463, 81 }, // U+0463
    { 0x046A, 82 }, // U+046A
    { 0x046B, 83 }, // U+046B
    { 0x0470, 84 }, // U+0470
    { 0x0472, 12 }, // U+0472
    { 0x0473, 34 }, // U+0473
    { 0x0474, 27 }, // U+0474
    { 0x0475, 85 }, // U+0475
    { 0x0476, 27 }, // U+0476
    { 0x0477, 85 }, // U+0477
    { 0x048A, 16 }, // U+048A
    { 0x048B, 74 }, // U+048B
    { 0x048C, 80 }, // U+048C
    { 0x048D, 81 }, // U+048D
    { 0x048E, 22 }, // U+048E
    { 0x048F, 34 }, // U+048F
    { 0x0490, 66 }, // U+0490
    { 0x0491, 86 }, // U+0491
    { 0x0492, 66 }, // U+0492
    { 0x0493, 73 }, // U+0493
    { 0x0494, 87 }, // U+0494
    { 0x0495, 88 }, // U+0495
    { 0x0496, 69 }, // U+0496
    { 0x0497, 75 }, // U+0497
    { 0x0498, 10 }, // U+0498
    { 0x0499, 72 }, // U+0499
    { 0x049A, 69 }, // U+049A
    { 0x049B, 75 }, // U+049B
    { 0x049C, 69 }, // U+049C
    { 0x049D, 75 }, // U+049D
    { 0x049E, 69 }, // U+049E
    { 0x049F, 75 }, // U+049F
    { 0x04A0, 69 }, // U+04A0
    { 0x04A1, 75 }, // U+04A1
    { 0x04A2, 16 }, // U+04A2
    { 0x04A3, 74 }, // U+04A3
    { 0x04A4, 25 }, // U+04A4
    { 0x04A5, 77 }, // U+04A5
    { 0x04A6, 89 }, // U+04A6
    { 0x04A7, 79 }, // U+04A7
    { 0x04A8, 90 }, // U+04A8
    { 0x04A9, 91 }, // U+04A9
    { 0x04AA, 11 }, // U+04AA
    { 0x04AB, 35 }, // U+04AB
    { 0x04AC, 25 }, // U+04AC
    { 0x04AD, 77 }, // U+04AD
    { 0x04AE, 29 }, // U+04AE
    { 0x04AF, 47 }, // U+04AF
    { 0x04B0, 29 }, // U+04B0
    { 0x04B1, 47 }, // U+04B1
    { 0x04B2, 28 }, // U+04B2
    { 0x04B3, 48 }, // U+04B3
    { 0x04B4, 16 }, // U+04B4
    { 0x04B5, 74 }, // U+04B5
    { 0x04B6, 16 }, // U+04B6
    { 0x04B7, 74 }, // U+04B7
    { 0x04B8, 16 }, // U+04B8
    { 0x04B9, 74 }, // U+04B9
    { 0x04BA, 92 }, // U+04BA
    { 0x04BB, 40 }, // U+04BB
    { 0x04BC, 93 }, // U+04BC
    { 0x04BD, 37 }, // U+04BD
    { 0x04BE, 93 }, // U+04BE
    { 0x04BF, 37 }, // U+04BF
    { 0x04C0, 16 }, // U+04C0
    { 0x04C1, 69 }, // U+04C1
    { 0x04C2, 75 }, // U+04C2
    { 0x04C3, 94 }, // U+04C3
    { 0x04C4, 95 }, // U+04C4
    { 0x04C5, 16 }, // U+04C5
    { 0x04C6, 74 }, // U+04C6
    { 0x04C7, 17 }, // U+04C7
    { 0x04C8, 96 }, // U+04C8
    { 0x04C9, 16 }, // U+04C9
    { 0x04CA, 74 }, // U+04CA
    { 0x04CB, 16 }, // U+04CB
    { 0x04CC, 74 }, // U+04CC
    { 0x04CD, 20 }, // U+04CD
    { 0x04CE, 76 }, // U+04CE
    { 0x04D0, 9 }, // U+04D0
    { 0x04D1, 33 }, // U+04D1
    { 0x04D2, 9 }, // U+04D2
    { 0x04D3, 33 }, // U+04D3
    { 0x04D4, 13 }, // U+04D4
    { 0x04D5, 37 }, // U+04D5
    { 0x04D6, 13 }, // U+04D6
    { 0x04D7, 37 }, // U+04D7
    { 0x04D8, 12 }, // U+04D8
    { 0x04D9, 34 }, // U+04D9
    { 0x04DA, 12 }, // U+04DA
    { 0x04DB, 34 }, // U+04DB
    { 0x04DC, 69 }, // U+04DC
    { 0x04DD, 75 }, // U+04DD
    { 0x04DE, 10 }, // U+04DE
    { 0x04DF, 72 }, // U+04DF
    { 0x04E0, 61 }, // U+04E0
    { 0x04E1, 62 }, // U+04E1
    { 0x04E2, 16 }, // U+04E2
    { 0x04E3, 74 }, // U+04E3
    { 0x04E4, 16 }, // U+04E4
    { 0x04E5, 74 }, // U+04E5
    { 0x04E6, 12 }, // U+04E6
    { 0x04E7, 34 }, // U+04E7
    { 0x04E8, 12 }, // U+04E8
    { 0x04E9, 34 }, // U+04E9
    { 0x04EA, 12 }, // U+04EA
    { 0x04EB, 34 }, // U+04EB
    { 0x04EC, 12 }, // U+04EC
    { 0x04ED, 34 }, // U+04ED
    { 0x04EE, 27 }, // U+04EE
    { 0x04EF, 47 }, // U+04EF
    { 0x04F0, 27 }, // U+04F0
    { 0x04F1, 47 }, // U+04F1
    { 0x04F2, 27 }, // U+04F2
    { 0x04F3, 47 }, // U+04F3
    { 0x04F4, 16 }, // U+04F4
    { 0x04F5, 74 }, // U+04F5
    { 0x04F6, 66 }, // U+04F6
    { 0x04F7, 73 }, // U+04F7
    { 0x04F8, 16 }, // U+04F8
    { 0x04F9, 74 }, // U+04F9
    { 0x04FA, 66 }, // U+04FA
    { 0x04FB, 73 }, // U+04FB
    { 0x04FC, 97 }, // U+04FC
    { 0x04FD, 98 }, // U+04FD
    { 0x04FE, 28 }, // U+04FE
    { 0x04FF, 48 }, // U+04FF
    { 0x1EA0, 9 }, // U+1EA0
    { 0x1EA1, 33 }, // U+1EA1
    { 0x1EA2, 9 }, // U+1EA2
    { 0x1EA3, 33 }, // U+1EA3
    { 0x1EA4, 9 }, // U+1EA4
    { 0x1EA5, 33 }, // U+1EA5
    { 0x1EA6, 9 }, // U+1EA6
    { 0x1EA7, 33 }, // U+1EA7
    { 0x1EA8, 9 }, // U+1EA8
    { 0x1EA9, 33 }, // U+1EA9
    { 0x1EAA, 9 }, // U+1EAA
    { 0x1EAB, 33 }, // U+1EAB
    { 0x1EAC, 9 }, // U+1EAC
    { 0x1EAD, 33 }, // U+1EAD
    { 0x1EAE, 9 }, // U+1EAE
    { 0x1EAF, 33 }, // U+1EAF
    { 0x1EB0, 9 }, // U+1EB0
    { 0x1EB1, 33 }, // U+1EB1
    { 0x1EB2, 9 }, // U+1EB2
    { 0x1EB3, 33 }, // U+1EB3
    { 0x1EB4, 9 }, // U+1EB4
    { 0x1EB5, 33 }, // U+1EB5
    { 0x1EB6, 9 }, // U+1EB6
    { 0x1EB7, 33 }, // U+1EB7
    { 0x1EB8, 13 }, // U+1EB8
    { 0x1EB9, 37 }, // U+1EB9
    { 0x1EBA, 13 }, // U+1EBA
    { 0x1EBB, 37 }, // U+1EBB
    { 0x1EBC, 13 }, // U+1EBC
    { 0x1EBD, 37 }, // U+1EBD
    { 0x1EBE, 13 }, // U+1EBE
    { 0x1EBF, 37 }, // U+1EBF
    { 0x1EC0, 13 }, // U+1EC0
    { 0x1EC1, 37 }, // U+1EC1
    { 0x1EC2, 13 }, // U+1EC2
    { 0x1EC3, 37 }, // U+1EC3
    { 0x1EC4, 13 }, // U+1EC4
    { 0x1EC5, 37 }, // U+1EC5
    { 0x1EC6, 13 }, // U+1EC6
    { 0x1EC7, 37 }, // U+1EC7
    { 0x1EC8, 16 }, // U+1EC8
    { 0x1EC9, 41 }, // U+1EC9
    { 0x1ECA, 16 }, // U+1ECA
    { 0x1ECB, 41 }, // U+1ECB
    { 0x1ECC, 12 }, // U+1ECC
    { 0x1ECD, 34 }, // U+1ECD
    { 0x1ECE, 12 }, // U+1ECE
    { 0x1ECF, 34 }, // U+1ECF
    { 0x1ED0, 12 }, // U+1ED0
    { 0x1ED1, 34 }, // U+1ED1
    { 0x1ED2, 12 }, // U+1ED2
    { 0x1ED3, 34 }, // U+1ED3
    { 0x1ED4, 12 }, // U+1ED4
    { 0x1ED5, 34 }, // U+1ED5
    { 0x1ED6, 12 }, // U+1ED6
    { 0x1ED7, 34 }, // U+1ED7
    { 0x1ED8, 12 }, // U+1ED8
    { 0x1ED9, 34 }, // U+1ED9
    { 0x1EDA, 12 }, // U+1EDA
    { 0x1EDC, 12 }, // U+1EDC
    { 0x1EDE, 12 }, // U+1EDE
    { 0x1EE0, 12 }, // U+1EE0
    { 0x1EE2, 12 }, // U+1EE2
    { 0x1EE4, 26 }, // U+1EE4
    { 0x1EE5, 41 }, // U+1EE5
    { 0x1EE6, 26 }, // U+1EE6
    { 0x1EE7, 41 }, // U+1EE7
    { 0x1EE8, 26 }, // U+1EE8
    { 0x1EEA, 26 }, // U+1EEA
    { 0x1EEC, 26 }, // U+1EEC
    { 0x1EEE, 26 }, // U+1EEE
    { 0x1EF0, 26 }, // U+1EF0
    { 0x1EF2, 29 }, // U+1EF2
    { 0x1EF3, 47 }, // U+1EF3
    { 0x1EF4, 29 }, // U+1EF4
    { 0x1EF5, 47 }, // U+1EF5
    { 0x1EF6, 29 }, // U+1EF6
    { 0x1EF7, 47 }, // U+1EF7
    { 0x1EF8, 29 }, // U+1EF8
    { 0x1EF9, 47 }, // U+1EF9
    { 0x2018, 99 }, // U+2018
    { 0x2019, 100 }, // U+2019
    { 0x201A, 4 }, // U+201A
    { 0x201C, 99 }, // U+201C
    { 0x201D, 100 }, // U+201D
    { 0x201E, 4 }, // U+201E
    { 0x2020, 101 }, // U+2020
    { 0x2022, 102 }, // U+2022
    { 0x203A, 103 }, // U+203A
};

static const EpdKernClassEntry ebgaramond_10_boldKernRightClasses[] = {
    { 0x0021, 1 }, // !
    { 0x0026, 2 }, // &
    { 0x0029, 3 }, // )
    { 0x002A, 4 }, // *
    { 0x002C, 5 }, // ,
    { 0x002D, 6 }, // -
    { 0x002E, 5 }, // .
    { 0x002F, 7 }, // /
    { 0x003A, 8 }, // :
    { 0x003B, 8 }, // ;
    { 0x003F, 9 }, // ?
    { 0x0040, 10 }, // @
    { 0x0041, 11 }, // A
    { 0x0042, 12 }, // B
    { 0x0043, 13 }, // C
    { 0x0044, 12 }, // D
    { 0x0045, 12 }, // E
    { 0x0046, 12 }, // F
    { 0x0047, 13 }, // G
    { 0x0048, 12 }, // H
    { 0x0049, 12 }, // I
    { 0x004A, 14 }, // J
    { 0x004B, 12 }, // K
    { 0x004C, 12 }, // L
    { 0x004D, 15 }, // M
    { 0x004E, 12 }, // N
    { 0x004F, 13 }, // O
    { 0x0050, 12 }, // P
    { 0x0051, 13 }, // Q
    { 0x0052, 12 }, // R
    { 0x0053, 16 }, // S
    { 0x0054, 17 }, // T
    { 0x0055, 18 }, // U
    { 0x0056, 19 }, // V
    { 0x0057, 19 }, // W
    { 0x0058, 20 }, // X
    { 0x0059, 21 }, // Y
    { 0x005C, 22 }, // <backslash>
    { 0x005D, 3 }, // ]
    { 0x0061, 23 }, // a
    { 0x0062, 24 }, // b
    { 0x0063, 25 }, // c
    { 0x0064, 25 }, // d
    { 0x0065, 25 }, // e
    { 0x0066, 26 }, // f
    { 0x0067, 27 }, // g
    { 0x0068, 28 }, // h
    { 0x0069, 29 }, // i
    { 0x006A, 30 }, // j
    { 0x006B, 28 }, // k
    { 0x006C, 28 }, // l
    { 0x006D, 31 }, // m
    { 0x006E, 31 }, // n
    { 0x006F, 25 }, // o
    { 0x0070, 31 }, // p
    { 0x0071, 25 }, // q
    { 0x0072, 31 }, // r
    { 0x0073, 32 }, // s
    { 0x0074, 33 }, // t
    { 0x0075, 34 }, // u
    { 0x0076, 35 }, // v
    { 0x0077, 35 }, // w
    { 0x0078, 36 }, // x
    { 0x0079, 37 }, // y
    { 0x007A, 38 }, // z
    { 0x007D, 3 }, // }
    { 0x00A7, 39 }, // U+00A7
    { 0x00AB, 40 }, // U+00AB
    { 0x00AE, 41 }, // U+00AE
    { 0x00B6, 42 }, // U+00B6
    { 0x00B7, 43 }, // U+00B7
    { 0x00BB, 44 }, // U+00BB
    { 0x00C0, 11 }, // U+00C0
    { 0x00C1, 11 }, // U+00C1
    { 0x00C2, 11 }, // U+00C2
    { 0x00C3, 11 }, // U+00C3
    { 0x00C4, 11 }, // U+00C4
    { 0x00C5, 11 }, // U+00C5
    { 0x00C6, 45 }, // U+00C6
    { 0x00C7, 13 }, // U+00C7
    { 0x00C8, 12 }, // U+00C8
    { 0x00C9, 12 }, // U+00C9
    { 0x00CA, 12 }, // U+00CA
    { 0x00CB, 12 }, // U+00CB
    { 0x00CC, 12 }, // U+00CC
    { 0x00CD, 12 }, // U+00CD
    { 0x00CE, 12 }, // U+00CE
    { 0x00CF, 12 }, // U+00CF
    { 0x00D0, 12 }, // U+00D0
    { 0x00D1, 12 }, // U+00D1
    { 0x00D2, 13 }, // U+00D2
    { 0x00D3, 13 }, // U+00D3
    { 0x00D4, 13 }, // U+00D4
    { 0x00D5, 13 }, // U+00D5
    { 0x00D6, 13 }, // U+00D6
    { 0x00D8, 13 }, // U+00D8
    { 0x00D9, 18 }, // U+00D9
    { 0x00DA, 18 }, // U+00DA
    { 0x00DB, 18 }, // U+00DB
    { 0x00DC, 18 }, // U+00DC
    { 0x00DD, 21 }, // U+00DD
    { 0x00DE, 12 }, // U+00DE
    { 0x00DF, 26 }, // U+00DF
    { 0x00E0, 23 }, // U+00E0
    { 0x00E1, 23 }, // U+00E1
    { 0x00E2, 23 }, // U+00E2
    { 0x00E3, 23 }, // U+00E3
    { 0x00E4, 23 }, // U+00E4
    { 0x00E5, 23 }, // U+00E5
    { 0x00E6, 23 }, // U+00E6
    { 0x00E7, 25 }, // U+00E7
    { 0x00E8, 25 }, // U+00E8
    { 0x00E9, 25 }, // U+00E9
    { 0x00EA, 25 }, // U+00EA
    { 0x00EB, 25 }, // U+00EB
    { 0x00EC, 29 }, // U+00EC
    { 0x00ED, 29 }, // U+00ED
    { 0x00EE, 29 }, // U+00EE
    { 0x00EF, 29 }, // U+00EF
    { 0x00F0, 46 }, // U+00F0
    { 0x00F1, 31 }, // U+00F1
    { 0x00F2, 25 }, // U+00F2
    { 0x00F3, 25 }, // U+00F3
    { 0x00F4, 25 }, // U+00F4
    { 0x00F5, 25 }, // U+00F5
    { 0x00F6, 25 }, // U+00F6
    { 0x00F8, 25 }, // U+00F8
    { 0x00F9, 34 }, // U+00F9
    { 0x00FA, 34 }, // U+00FA
    { 0x00FB, 34 }, // U+00FB
    { 0x00FC, 34 }, // U+00FC
    { 0x00FD, 37 }, // U+00FD
    { 0x00FE, 28 }, // U+00FE
    { 0x00FF, 37 }, // U+00FF
    { 0x0100, 11 }, // U+0100
    { 0x0101, 23 }, // U+0101
    { 0x0102, 11 }, // U+0102
    { 0x0103, 23 }, // U+0103
    { 0x0104, 11 }, // U+0104
    { 0x0105, 23 }, // U+0105
    { 0x0106, 13 }, // U+0106
    { 0x0107, 25 }, // U+0107
    { 0x0108, 13 }, // U+0108
    { 0x0109, 25 }, // U+0109
    { 0x010A, 13 }, // U+010A
    { 0x010B, 25 }, // U+010B
    { 0x010C, 13 }, // U+010C
    { 0x010D, 25 }, // U+010D
    { 0x010E, 12 }, // U+010E
    { 0x010F, 25 }, // U+010F
    { 0x0110, 12 }, // U+0110
    { 0x0111, 25 }, // U+0111
    { 0x0112, 12 }, // U+0112
    { 0x0113, 25 }, // U+0113
    { 0x0114, 12 }, // U+0114
    { 0x0115, 25 }, // U+0115
    { 0x0116, 12 }, // U+0116
    { 0x0117, 25 }, // U+0117
    { 0x0118, 12 }, // U+0118
    { 0x0119, 25 }, // U+0119
    { 0x011A, 12 }, // U+011A
    { 0x011B, 25 }, // U+011B
    { 0x011C, 13 }, // U+011C
    { 0x011D, 27 }, // U+011D
    { 0x011E, 13 }, // U+011E
    { 0x011F, 27 }, // U+011F
    { 0x0120, 13 }, // U+0120
    { 0x0121, 27 }, // U+0121
    { 0x0122, 13 }, // U+0122
    { 0x0123, 27 }, // U+0123
    { 0x0124, 12 }, // U+0124
    { 0x0125, 28 }, // U+0125
    { 0x0126, 12 }, // U+0126
    { 0x0127, 28 }, // U+0127
    { 0x0128, 12 }, // U+0128
    { 0x0129, 29 }, // U+0129
    { 0x012A, 12 }, // U+012A
    { 0x012B, 29 }, // U+012B
    { 0x012C, 12 }, // U+012C
    { 0x012D, 29 }, // U+012D
    { 0x012E, 12 }, // U+012E
    { 0x012F, 29 }, // U+012F
    { 0x0130, 12 }, // U+0130
    { 0x0131, 31 }, // U+0131
    { 0x0132, 12 }, // U+0132
    { 0x0133, 29 }, // U+0133
    { 0x0134, 14 }, // U+0134
    { 0x0135, 47 }, // U+0135
    { 0x0136, 12 }, // U+0136
    { 0x0137, 28 }, // U+0137
    { 0x0138, 31 }, // U+0138
    { 0x0139, 12 }, // U+0139
    { 0x013A, 28 }, // U+013A
    { 0x013B, 12 }, // U+013B
    { 0x013C, 28 }, // U+013C
    { 0x013D, 12 }, // U+013D
    { 0x013E, 28 }, // U+013E
    { 0x013F, 12 }, // U+013F
    { 0x0140, 28 }, // U+0140
    { 0x0141, 12 }, // U+0141
    { 0x0142, 28 }, // U+0142
    { 0x0143, 12 }, // U+0143
    { 0x0144, 31 }, // U+0144
    { 0x0145, 12 }, // U+0145
    { 0x0146, 31 }, // U+0146
    { 0x0147, 12 }, // U+0147
    { 0x0148, 31 }, // U+0148
    { 0x0149, 31 }, // U+0149
    { 0x014A, 12 }, // U+014A
    { 0x014B, 31 }, // U+014B
    { 0x014C, 13 }, // U+014C
    { 0x014D, 25 }, // U+014D
    { 0x014E, 13 }, // U+014E
    { 0x014F, 25 }, // U+014F
    { 0x0150, 13 }, // U+0150
    { 0x0151, 25 }, // U+0151
    { 0x0152, 13 }, // U+0152
    { 0x0153, 25 }, // U+0153
    { 0x0154, 12 }, // U+0154
    { 0x0155, 31 }, // U+0155
    { 0x0156, 12 }, // U+0156
    { 0x0157, 31 }, // U+0157
    { 0x0158, 12 }, // U+0158
    { 0x0159, 31 }, // U+0159
    { 0x015A, 16 }, // U+015A
    { 0x015B, 32 }, // U+015B
    { 0x015C, 16 }, // U+015C
    { 0x015D, 32 }, // U+015D
    { 0x015E, 16 }, // U+015E
    { 0x015F, 32 }, // U+015F
    { 0x0160, 16 }, // U+0160
    { 0x0161, 32 }, // U+0161
    { 0x0162, 17 }, // U+0162
    { 0x0163, 33 }, // U+0163
    { 0x0164, 17 }, // U+0164
    { 0x0165, 33 }, // U+0165
    { 0x0166, 17 }, // U+0166
    { 0x0167, 33 }, // U+0167
    { 0x0168, 18 }, // U+0168
    { 0x0169, 34 }, // U+0169
    { 0x016A, 18 }, // U+016A
    { 0x016B, 34 }, // U+016B
    { 0x016C, 18 }, // U+016C
    { 0x016D, 34 }, // U+016D
    { 0x016E, 18 }, // U+016E
    { 0x016F, 34 }, // U+016F
    { 0x0170, 18 }, // U+0170
    { 0x0171, 34 }, // U+0171
    { 0x0172, 18 }, // U+0172
    { 0x0173, 34 }, // U+0173
    { 0x0174, 19 }, // U+0174
    { 0x0175, 35 }, // U+0175
    { 0x0176, 21 }, // U+0176
    { 0x0177, 37 }, // U+0177
    { 0x0178, 21 }, // U+0178
    { 0x017A, 38 }, // U+017A
    { 0x017C, 38 }, // U+017C
    { 0x017E, 38 }, // U+017E
    { 0x017F, 26 }, // U+017F
    { 0x01A0, 13 }, // U+01A0
    { 0x01A1, 25 }, // U+01A1
    { 0x01AF, 18 }, // U+01AF
    { 0x01B0, 34 }, // U+01B0
    { 0x01C4, 12 }, // U+01C4
    { 0x01C5, 12 }, // U+01C5
    { 0x01C6, 25 }, // U+01C6
    { 0x01C7, 12 }, // U+01C7
    { 0x01C8, 12 }, // U+01C8
    { 0x01C9, 28 }, // U+01C9
    { 0x01CA, 12 }, // U+01CA
    { 0x01CB, 12 }, // U+01CB
    { 0x01CC, 31 }, // U+01CC
    { 0x01CD, 11 }, // U+01CD
    { 0x01CE, 23 }, // U+01CE
    { 0x01CF, 12 }, // U+01CF
    { 0x01D0, 29 }, // U+01D0
    { 0x01D1, 13 }, // U+01D1
    { 0x01D2, 25 }, // U+01D2
    { 0x01D3, 18 }, // U+01D3
    { 0x01D4, 34 }, // U+01D4
    { 0x01D5, 18 }, // U+01D5
    { 0x01D6, 34 }, // U+01D6
    { 0x01D7, 18 }, // U+01D7
    { 0x01D8, 34 }, // U+01D8
    { 0x01D9, 18 }, // U+01D9
    { 0x01DA, 34 }, // U+01DA
    { 0x01DB, 18 }, // U+01DB
    { 0x01DC, 34 }, // U+01DC
    { 0x01DD, 48 }, // U+01DD
    { 0x01DE, 11 }, // U+01DE
    { 0x01DF, 23 }, // U+01DF
    { 0x01E0, 11 }, // U+01E0
    { 0x01E1, 23 }, // U+01E1
    { 0x01E2, 45 }, // U+01E2
    { 0x01E3, 23 }, // U+01E3
    { 0x01E4, 13 }, // U+01E4
    { 0x01E5, 27 }, // U+01E5
    { 0x01E6, 13 }, // U+01E6
    { 0x01E7, 27 }, // U+01E7
    { 0x01E8, 12 }, // U+01E8
    { 0x01E9, 28 }, // U+01E9
    { 0x01EA, 13 }, // U+01EA
    { 0x01EB, 25 }, // U+01EB
    { 0x01EC, 13 }, // U+01EC
    { 0x01ED, 25 }, // U+01ED
    { 0x01EE, 49 }, // U+01EE
    { 0x01EF, 38 }, // U+01EF
    { 0x01F0, 47 }, // U+01F0
    { 0x01F1, 12 }, // U+01F1
    { 0x01F2, 12 }, // U+01F2
    { 0x01F3, 25 }, // U+01F3
    { 0x01F4, 13 }, // U+01F4
    { 0x01F5, 27 }, // U+01F5
    { 0x01F6, 12 }, // U+01F6
    { 0x01F8, 12 }, // U+01F8
    { 0x01F9, 31 }, // U+01F9
    { 0x01FA, 11 }, // U+01FA
    { 0x01FB, 23 }, // U+01FB
    { 0x01FC, 45 }, // U+01FC
    { 0x01FD, 23 }, // U+01FD
    { 0x01FE, 13 }, // U+01FE
    { 0x01FF, 25 }, // U+01FF
    { 0x0200, 11 }, // U+0200
    { 0x0201, 23 }, // U+0201
    { 0x0202, 11 }, // U+0202
    { 0x0203, 23 }, // U+0203
    { 0x0204, 12 }, // U+0204
    { 0x0205, 25 }, // U+0205
    { 0x0206, 12 }, // U+0206
    { 0x0207, 25 }, // U+0207
    { 0x0208, 12 }, // U+0208
    { 0x0209, 29 }, // U+0209
    { 0x020A, 12 }, // U+020A
    { 0x020B, 31 }, // U+020B
    { 0x020C, 13 }, // U+020C
    { 0x020D, 25 }, // U+020D
    { 0x020E, 13 }, // U+020E
    { 0x020F, 25 }, // U+020F
    { 0x0210, 12 }, // U+0210
    { 0x0211, 31 }, // U+0211
    { 0x0212, 12 }, // U+0212
    { 0x0213, 31 }, // U+0213
    { 0x0214, 18 }, // U+0214
    { 0x0215, 34 }, // U+0215
    { 0x0216, 18 }, // U+0216
    { 0x0217, 34 }, // U+0217
    { 0x0218, 16 }, // U+0218
    { 0x0219, 32 }, // U+0219
    { 0x021A, 17 }, // U+021A
    { 0x021B, 33 }, // U+021B
    { 0x021E, 12 }, // U+021E
    { 0x021F, 28 }, // U+021F
    { 0x0400, 12 }, // U+0400
    { 0x0401, 12 }, // U+0401
    { 0x0402, 50 }, // U+0402
    { 0x0403, 12 }, // U+0403
    { 0x0404, 13 }, // U+0404
    { 0x0405, 16 }, // U+0405
    { 0x0406, 12 }, // U+0406
    { 0x0407, 12 }, // U+0407
    { 0x0408, 14 }, // U+0408
    { 0x0409, 51 }, // U+0409
    { 0x040A, 12 }, // U+040A
    { 0x040B, 50 }, // U+040B
    { 0x040C, 12 }, // U+040C
    { 0x040D, 12 }, // U+040D
    { 0x040E, 52 }, // U+040E
    { 0x040F, 12 }, // U+040F
    { 0x0410, 11 }, // U+0410
    { 0x0411, 12 }, // U+0411
    { 0x0412, 12 }, // U+0412
    { 0x0413, 12 }, // U+0413
    { 0x0414, 51 }, // U+0414
    { 0x0415, 12 }, // U+0415
    { 0x0416, 53 }, // U+0416
    { 0x0417, 49 }, // U+0417
    { 0x0418, 12 }, // U+0418
    { 0x0419, 12 }, // U+0419
    { 0x041A, 12 }, // U+041A
    { 0x041B, 51 }, // U+041B
    { 0x041C, 15 }, // U+041C
    { 0x041D, 12 }, // U+041D
    { 0x041E, 13 }, // U+041E
    { 0x041F, 12 }, // U+041F
    { 0x0420, 12 }, // U+0420
    { 0x0421, 13 }, // U+0421
    { 0x0422, 17 }, // U+0422
    { 0x0423, 52 }, // U+0423
    { 0x0424, 54 }, // U+0424
    { 0x0425, 20 }, // U+0425
    { 0x0426, 12 }, // U+0426
    { 0x0427, 55 }, // U+0427
    { 0x0428, 12 }, // U+0428
    { 0x0429, 12 }, // U+0429
    { 0x042A, 50 }, // U+042A
    { 0x042B, 12 }, // U+042B
    { 0x042C, 12 }, // U+042C
    { 0x042D, 49 }, // U+042D
    { 0x042E, 12 }, // U+042E
    { 0x042F, 56 }, // U+042F
    { 0x0430, 23 }, // U+0430
    { 0x0431, 57 }, // U+0431
    { 0x0432, 31 }, // U+0432
    { 0x0433, 31 }, // U+0433
    { 0x0434, 58 }, // U+0434
    { 0x0435, 25 }, // U+0435
    { 0x0436, 59 }, // U+0436
    { 0x0437, 60 }, // U+0437
    { 0x0438, 31 }, // U+0438
    { 0x0439, 31 }, // U+0439
    { 0x043A, 31 }, // U+043A
    { 0x043B, 58 }, // U+043B
    { 0x043C, 61 }, // U+043C
    { 0x043D, 31 }, // U+043D
    { 0x043E, 25 }, // U+043E
    { 0x043F, 31 }, // U+043F
    { 0x0440, 31 }, // U+0440
    { 0x0441, 25 }, // U+0441
    { 0x0442, 62 }, // U+0442
    { 0x0443, 37 }, // U+0443
    { 0x0444, 25 }, // U+0444
    { 0x0445, 36 }, // U+0445
    { 0x0446, 31 }, // U+0446
    { 0x0447, 63 }, // U+0447
    { 0x0448, 31 }, // U+0448
    { 0x0449, 31 }, // U+0449
    { 0x044A, 62 }, // U+044A
    { 0x044B, 31 }, // U+044B
    { 0x044C, 31 }, // U+044C
    { 0x044D, 60 }, // U+044D
    { 0x044E, 31 }, // U+044E
    { 0x044F, 64 }, // U+044F
    { 0x0450, 25 }, // U+0450
    { 0x0451, 25 }, // U+0451
    { 0x0452, 28 }, // U+0452
    { 0x0453, 31 }, // U+0453
    { 0x0454, 25 }, // U+0454
    { 0x0455, 32 }, // U+0455
    { 0x0456, 29 }, // U+0456
    { 0x0457, 29 }, // U+0457
    { 0x0458, 65 }, // U+0458
    { 0x0459, 58 }, // U+0459
    { 0x045A, 31 }, // U+045A
    { 0x045B, 28 }, // U+045B
    { 0x045C, 31 }, // U+045C
    { 0x045D, 31 }, // U+045D
    { 0x045E, 37 }, // U+045E
    { 0x045F, 31 }, // U+045F
    { 0x0462, 66 }, // U+0462
    { 0x0463, 67 }, // U+0463
    { 0x046A, 68 }, // U+046A
    { 0x046B, 69 }, // U+046B
    { 0x0470, 70 }, // U+0470
    { 0x0472, 13 }, // U+0472
    { 0x0473, 25 }, // U+0473
    { 0x0474, 19 }, // U+0474
    { 0x0475, 35 }, // U+0475
    { 0x0476, 19 }, // U+0476
    { 0x0477, 35 }, // U+0477
    { 0x048A, 12 }, // U+048A
    { 0x048B, 31 }, // U+048B
    { 0x048C, 71 }, // U+048C
    { 0x048D, 67 }, // U+048D
    { 0x048E, 12 }, // U+048E
    { 0x048F, 31 }, // U+048F
    { 0x0490, 12 }, // U+0490
    { 0x0491, 31 }, // U+0491
    { 0x0492, 12 }, // U+0492
    { 0x0493, 31 }, // U+0493
    { 0x0494, 12 }, // U+0494
    { 0x0495, 31 }, // U+0495
    { 0x0496, 53 }, // U+0496
    { 0x0497, 59 }, // U+0497
    { 0x0498, 49 }, // U+0498
    { 0x0499, 60 }, // U+0499
    { 0x049A, 12 }, // U+049A
    { 0x049B, 31 }, // U+049B
    { 0x049C, 12 }, // U+049C
    { 0x049D, 31 }, // U+049D
    { 0x049E, 71 }, // U+049E
    { 0x049F, 67 }, // U+049F
    { 0x04A0, 50 }, // U+04A0
    { 0x04A1, 62 }, // U+04A1
    { 0x04A2, 12 }, // U+04A2
    { 0x04A3, 31 }, // U+04A3
    { 0x04A4, 12 }, // U+04A4
    { 0x04A5, 31 }, // U+04A5
    { 0x04A6, 12 }, // U+04A6
    { 0x04A7, 31 }, // U+04A7
    { 0x04A8, 13 }, // U+04A8
    { 0x04A9, 25 }, // U+04A9
    { 0x04AA, 13 }, // U+04AA
    { 0x04AB, 25 }, // U+04AB
    { 0x04AC, 17 }, // U+04AC
    { 0x04AD, 62 }, // U+04AD
    { 0x04AE, 21 }, // U+04AE
    { 0x04AF, 35 }, // U+04AF
    { 0x04B0, 21 }, // U+04B0
    { 0x04B1, 35 }, // U+04B1
    { 0x04B2, 20 }, // U+04B2
    { 0x04B3, 36 }, // U+04B3
    { 0x04B4, 50 }, // U+04B4
    { 0x04B5, 62 }, // U+04B5
    { 0x04B6, 55 }, // U+04B6
    { 0x04B7, 63 }, // U+04B7
    { 0x04B8, 55 }, // U+04B8
    { 0x04B9, 63 }, // U+04B9
    { 0x04BA, 12 }, // U+04BA
    { 0x04BB, 28 }, // U+04BB
    { 0x04BC, 72 }, // U+04BC
    { 0x04BD, 73 }, // U+04BD
    { 0x04BE, 72 }, // U+04BE
    { 0x04BF, 73 }, // U+04BF
    { 0x04C0, 12 }, // U+04C0
    { 0x04C1, 53 }, // U+04C1
    { 0x04C2, 59 }, // U+04C2
    { 0x04C3, 12 }, // U+04C3
    { 0x04C4, 31 }, // U+04C4
    { 0x04C5, 51 }, // U+04C5
    { 0x04C6, 58 }, // U+04C6
    { 0x04C7, 12 }, // U+04C7
    { 0x04C8, 31 }, // U+04C8
    { 0x04C9, 12 }, // U+04C9
    { 0x04CA, 31 }, // U+04CA
    { 0x04CB, 55 }, // U+04CB
    { 0x04CC, 63 }, // U+04CC
    { 0x04CD, 15 }, // U+04CD
    { 0x04CE, 61 }, // U+04CE
    { 0x04D0, 11 }, // U+04D0
    { 0x04D1, 23 }, // U+04D1
    { 0x04D2, 11 }, // U+04D2
    { 0x04D3, 23 }, // U+04D3
    { 0x04D4, 45 }, // U+04D4
    { 0x04D5, 23 }, // U+04D5
    { 0x04D6, 12 }, // U+04D6
    { 0x04D7, 25 }, // U+04D7
    { 0x04D8, 74 }, // U+04D8
    { 0x04D9, 48 }, // U+04D9
    { 0x04DA, 74 }, // U+04DA
    { 0x04DB, 48 }, // U+04DB
    { 0x04DC, 53 }, // U+04DC
    { 0x04DD, 59 }, // U+04DD
    { 0x04DE, 49 }, // U+04DE
    { 0x04DF, 60 }, // U+04DF
    { 0x04E0, 49 }, // U+04E0
    { 0x04E1, 38 }, // U+04E1
    { 0x04E2, 12 }, // U+04E2
    { 0x04E3, 31 }, // U+04E3
    { 0x04E4, 12 }, // U+04E4
    { 0x04E5, 31 }, // U+04E5
    { 0x04E6, 13 }, // U+04E6
    { 0x04E7, 25 }, // U+04E7
    { 0x04E8, 13 }, // U+04E8
    { 0x04E9, 25 }, // U+04E9
    { 0x04EA, 13 }, // U+04EA
    { 0x04EB, 25 }, // U+04EB
    { 0x04EC, 49 }, // U+04EC
    { 0x04ED, 60 }, // U+04ED
    { 0x04EE, 52 }, // U+04EE
    { 0x04EF, 37 }, // U+04EF
    { 0x04F0, 52 }, // U+04F0
    { 0x04F1, 37 }, // U+04F1
    { 0x04F2, 52 }, // U+04F2
    { 0x04F3, 37 }, // U+04F3
    { 0x04F4, 55 }, // U+04F4
    { 0x04F5, 63 }, // U+04F5
    { 0x04F6, 12 }, // U+04F6
    { 0x04F7, 31 }, // U+04F7
    { 0x04F8, 12 }, // U+04F8
    { 0x04F9, 31 }, // U+04F9
    { 0x04FA, 14 }, // U+04FA
    { 0x04FB, 75 }, // U+04FB
    { 0x04FC, 20 }, // U+04FC
    { 0x04FD, 36 }, // U+04FD
    { 0x04FE, 20 }, // U+04FE
    { 0x04FF, 36 }, // U+04FF
    { 0x1EA0, 11 }, // U+1EA0
    { 0x1EA1, 23 }, // U+1EA1
    { 0x1EA2, 11 }, // U+1EA2
    { 0x1EA3, 23 }, // U+1EA3
    { 0x1EA4, 11 }, // U+1EA4
    { 0x1EA5, 23 }, // U+1EA5
    { 0x1EA6, 11 }, // U+1EA6
    { 0x1EA7, 23 }, // U+1EA7
    { 0x1EA8, 11 }, // U+1EA8
    { 0x1EA9, 23 }, // U+1EA9
    { 0x1EAA, 11 }, // U+1EAA
    { 0x1EAB, 23 }, // U+1EAB
    { 0x1EAC, 11 }, // U+1EAC
    { 0x1EAD, 23 }, // U+1EAD
    { 0x1EAE, 11 }, // U+1EAE
    { 0x1EAF, 23 }, // U+1EAF
    { 0x1EB0, 11 }, // U+1EB0
    { 0x1EB1, 23 }, // U+1EB1
    { 0x1EB2, 11 }, // U+1EB2
    { 0x1EB3, 23 }, // U+1EB3
    { 0x1EB4, 11 }, // U+1EB4
    { 0x1EB5, 23 }, // U+1EB5
    { 0x1EB6, 11 }, // U+1EB6
    { 0x1EB7, 23 }, // U+1EB7
    { 0x1EB8, 12 }, // U+1EB8
    { 0x1EB9, 25 }, // U+1EB9
    { 0x1EBA, 12 }, // U+1EBA
    { 0x1EBB, 25 }, // U+1EBB
    { 0x1EBC, 12 }, // U+1EBC
    { 0x1EBD, 25 }, // U+1EBD
    { 0x1EBE, 12 }, // U+1EBE
    { 0x1EBF, 25 }, // U+1EBF
    { 0x1EC0, 12 }, // U+1EC0
    { 0x1EC1, 25 }, // U+1EC1
    { 0x1EC2, 12 }, // U+1EC2
    { 0x1EC3, 25 }, // U+1EC3
    { 0x1EC4, 12 }, // U+1EC4
    { 0x1EC5, 25 }, // U+1EC5
    { 0x1EC6, 12 }, // U+1EC6
    { 0x1EC7, 25 }, // U+1EC7
    { 0x1EC8, 12 }, // U+1EC8
    { 0x1EC9, 29 }, // U+1EC9
    { 0x1ECA, 12 }, // U+1ECA
    { 0x1ECB, 29 }, // U+1ECB
    { 0x1ECC, 13 }, // U+1ECC
    { 0x1ECD, 25 }, // U+1ECD
    { 0x1ECE, 13 }, // U+1ECE
    { 0x1ECF, 25 }, // U+1ECF
    { 0x1ED0, 13 }, // U+1ED0
    { 0x1ED1, 25 }, // U+1ED1
    { 0x1ED2, 13 }, // U+1ED2
    { 0x1ED3, 25 }, // U+1ED3
    { 0x1ED4, 13 }, // U+1ED4
    { 0x1ED5, 25 }, // U+1ED5
    { 0x1ED6, 13 }, // U+1ED6
    { 0x1ED7, 25 }, // U+1ED7
    { 0x1ED8, 13 }, // U+1ED8
    { 0x1ED9, 25 }, // U+1ED9
    { 0x1EDA, 13 }, // U+1EDA
    { 0x1EDB, 25 }, // U+1EDB
    { 0x1EDC, 13 }, // U+1EDC
    { 0x1EDD, 25 }, // U+1EDD
    { 0x1EDE, 13 }, // U+1EDE
    { 0x1EDF, 25 }, // U+1EDF
    { 0x1EE0, 13 }, // U+1EE0
    { 0x1EE1, 25 }, // U+1EE1
    { 0x1EE2, 13 }, // U+1EE2
    { 0x1EE3, 25 }, // U+1EE3
    { 0x1EE4, 18 }, // U+1EE4
    { 0x1EE5, 34 }, // U+1EE5
    { 0x1EE6, 18 }, // U+1EE6
    { 0x1EE7, 34 }, // U+1EE7
    { 0x1EE8, 18 }, // U+1EE8
    { 0x1EE9, 34 }, // U+1EE9
    { 0x1EEA, 18 }, // U+1EEA
    { 0x1EEB, 34 }, // U+1EEB
    { 0x1EEC, 18 }, // U+1EEC
    { 0x1EED, 34 }, // U+1EED
    { 0x1EEE, 18 }, // U+1EEE
    { 0x1EEF, 34 }, // U+1EEF
    { 0x1EF0, 18 }, // U+1EF0
    { 0x1EF1, 34 }, // U+1EF1
    { 0x1EF2, 21 }, // U+1EF2
    { 0x1EF3, 37 }, // U+1EF3
    { 0x1EF4, 21 }, // U+1EF4
    { 0x1EF5, 37 }, // U+1EF5
    { 0x1EF6, 21 }, // U+1EF6
    { 0x1EF7, 37 }, // U+1EF7
    { 0x1EF8, 21 }, // U+1EF8
    { 0x1EF9, 37 }, // U+1EF9
    { 0x2018, 76 }, // U+2018
    { 0x2019, 77 }, // U+2019
    { 0x201A, 5 }, // U+201A
    { 0x201C, 76 }, // U+201C
    { 0x201D, 77 }, // U+201D
    { 0x201E, 5 }, // U+201E
    { 0x2020, 78 }, // U+2020
    { 0x2022, 79 }, // U+2022
    { 0x2039, 80 }, // U+2039
    { 0x203C, 1 }, // U+203C
    { 0x203D, 9 }, // U+203D
    { 0x2047, 9 }, // U+2047
    { 0x2048, 9 }, // U+2048
    { 0x2049, 1 }, // U+2049
};

static const int8_t ebgaramond_10_boldKernMatrix[] = {
       0,    0,    0,    0,    0,    0,    0,    0,    0,    0,    0,    0,    0,    0,    0,    0,  -22,    0,  -20,    0,  -23,    0,    0,    0,   -5,    0,    0,    0,    0,    0,    0,    0,    0,    0,    0,    0,    0,    0,    0,    0,    0,    0,    0,    0,    0,    0,    0,    0,    0,   -1,    0,  -12,    0,    0,   -1,    0,    0,    0,    0,   -1,    0,    0,    0,    0,    0,    0,    0,    0,    0,    0,    0,    0,    0,    0,    0,    0,    0,    0,    0,    0,
       0,    0,    0,    0,    0,    0,    0,    0,    0,    0,    0,    0,   -5,   25,    0,    0,    0,    0,    0,    0,    0,    0,    0,    0,    0,    0,    0,    0,    0,    0,    0,    0,    0,    0,    0,    0,    0,    0,    0,    0,    0,    0,    0,    0,    0,    0,    0,    0,    0,    0,    0,    0,    0,    0,    0,    0,    0,    0,    0,    0,    0,    0,    0,    0,    0,    0,    0,    0,    0,    0,    0,    0,    0,    0,    0,    0,    0,    0,    0,    0,
       0,    0,    0,    0,    0,    0,    0,    0,    0,    0,  -31,    0,    0,    0,    0,    0,    0,    0,    0,    0,    0,    0,   -6,    0,   -2,    0,    0,    0,    0,    0,    0,    0,    0,    0,    0,    0,    0,    0,    0,    0,    0,    0,    0,    0,    0,    0,    0,    0,    0,    0,  -24,    0,    0,    0,    0,   -5,    0,  -16,    0,   -2,    0,    0,    0,  -20,    0,    0,    0,   -1,    0,    0,    0,    0,    0,    0,    0,    0,    0,    0,    0,    0,
       0,    0,    0,    0,    0,    0,    0,    0,    0,    0,    0,    0,   -9,    0,    0,    0,  -40,    0,  -47,    0,  -31,    0,   -4,    0,   -4,    0,    0,    0,    0,    0,    0,    0,    0,    0,  -28,    0,  -25,    0,    0,    0,    0,    0,    0,    0,    0,    0,    0,    0,    0,  -28,    0,   -1,    0,    0,  -44,    0,   -1,    0,    0,    0,    0,  -12,  -22,    0,    0,    0,    0,    0,    0,    0,    0,  -31,  -16,    0,    0,    0,    0,    0,    0,    0,
       0,    0,    0,    0,    0,    0,    0,    0,    0,    0,    0,    0,    0,    0,    0,    0,  -21,    0,  -19,  -15,  -23,    0,    0,    0,    0,    0,    0,    0,    0,    0,    0,    0,    0,    0,    0,    0,    0,    0,    0,    0,    0,    0,    0,    0,    0,    0,    0,    0,    0,    0,    0,   -2,   -9,    0,   -3,    0,    0,    0,    0,    0,    0,    0,    0,    0,    0,    0,    0,   -9,    0,    0,    0,   -7,    0,    0,    0,    0,    0,    0,    0,    0,
       0,    0,    0,    0,    0,    0,    0,    0,    0,    0,  -37,    0,    0,    0,    0,    0,    0,    0,    0,    0,    0,    0,  -21,    0,  -27,    0,  -16,    0,    0,    0,  -21,  -15,  -10,   -7,   -2,   -3,  -12,  -12,    0,    0,    0,    0,    0,    0,    0,    0,    0,  -20,    0,    0,  -30,    0,    0,    0,    0,  -24,   -2,  -33,  -10,  -22,    0,   -2,  -12,  -27,    0,    0,    0,    0,  -12,    0,    0,    0,   -9,    0,    0,    0,    0,    0,    0,    0,
       0,    0,    0,    0,    0,    0,    0,    0,    0,    0,    0,    0,    0,    0,    0,    0,  -25,    0,  -33,    0,  -27,    0,    0,    0,    0,    0,    0,    0,    0,    0,    0,    0,    0,    0,    0,    0,    0,    0,    0,    0,    0,    0,    0,    0,    0,    0,    0,    0,    0,  -16,    0,  -11,    0,    0,   -1,    0,    0,    0,    0,    0,    0,    0,    0,    0,    0,    0,    0,    0,    0,    0,    0,  -10,    0,    0,    0,    0,    0,    0,    0,    0,
       0,    0,    0,    0,    0,    0,    0,    0,    0,    0,   -5,    0,    0,    0,    0,    0,  -16,    0,  -22,   -7,  -27,    0,    0,    0,    0,    0,    0,    0,    0,    0,    0,    0,    0,    0,    0,    0,    0,    0,    0,    0,    0,    0,    0,    0,    0,    0,    0,    0,    0,    0,    0,    0,    0,    0,    0,    0,    0,    0,    0,    0,    0,    0,    0,    0,    0,    0,    0,    0,    0,    0,    0,    0,    0,    0,    0,    0,    0,    0,    0,    0,
       0,    0,    0,  -31,    0,    0,    0,    0,    0,    0,    0,   -4,   -7,    0,    0,    0,  -32,  -14,  -41,    0,  -25,  -25,    0,    0,   -5,    0,    0,    0,    0,    0,    0,    0,    0,   -4,  -26,    0,  -23,   -1,   -7,  -14,  -12,    0,  -12,    0,    0,    0,    0,    0,   -3,  -24,    0,  -21,    0,   -9,  -31,    0,  -14,    0,    0,    0,    0,  -12,  -20,    0,    0,  -23,  -15,    0,    0,  -37,    0,  -29,  -23,   -7,    0,  -19,  -34,  -14,  -20,  -12,
       0,    0,    0,    0,    0,    0,    0,    0,    0,    0,   -5,    0,    0,   -7,    0,    0,   -1,    0,   -9,   -6,   -9,    0,    0,    0,    0,    0,    0,    0,    0,    0,    0,    0,    0,    0,    0,    0,    0,    0,    0,    0,    0,    0,    0,    0,   -5,    0,    0,    0,    0,    0,   -8,   -6,   -4,    0,   -3,    0,    0,    0,    0,    0,    0,    0,    0,   -5,    0,    0,    0,   -3,    0,    0,    0,    0,    0,    0,    0,    0,    0,    0,    0,    0,
       0,    0,    0,    0,    0,    0,    0,    0,    0,    0,   -3,    0,    0,    0,    0,    0,    0,    0,    0,   -4,   -7,    0,   -4,    0,    0,    0,    0,    0,    0,    0,    0,    0,   -5,   -4,   -7,    0,  -10,    0,    0,    0,    0,    0,    0,    0,    0,    0,    0,    0,   -7,    0,   -5,    0,    0,   -2,    0,    0,    0,    0,    0,    0,    0,    0,    0,    0,    0,    0,    0,    0,    0,    0,    0,    0,   -5,    0,    0,    0,    0,    0,    0,    0,
       0,    0,   -5,    0,   -9,    0,   -9,    0,    0,    0,  -14,    0,    7,   -4,    0,    0,   -7,    0,  -14,  -14,  -11,    0,    0,    0,    0,    0,    0,    0,    0,    0,    0,    0,    0,    0,    0,    0,    0,    0,    0,    0,    0,    0,    0,    0,  -16,    0,    0,    0,    0,   -1,  -21,  -11,  -12,    0,    0,  -18,    0,   -8,    0,    5,    0,    0,    0,    0,    0,    0,    0,  -13,    0,   -1,    0,    0,    0,    0,    0,    0,    0,    0,    0,    0,
       0,    0,    0,    0,    0,    0,    0,    0,    0,    0,    0,    0,    0,    0,    0,    0,    0,    0,    0,    0,    0,    0,   -1,    0,   -1,    0,    0,    0,    0,    0,    0,    0,   -7,    0,  -10,    0,  -10,    0,    0,    0,    0,    0,    0,    0,    0,   -8,    0,    0,    0,    0,    0,    0,    0,    0,    0,    0,    0,    0,    0,    0,    0,    0,    0,    0,    0,    0,    0,    0,    0,    0,    0,    0,    0,    0,    0,    0,    0,    0,    0,    0,
       0,    0,    0,    0,  -27,    0,  -12,    0,    0,    0,  -26,    0,    0,    0,    0,    0,    0,    0,    0,    0,    0,    0,   -7,    0,  -10,    0,  -10,    0,    0,    0,   -4,  -11,   -7,   -5,  -10,   -5,  -10,    0,    0,    0,    0,    0,    0,    0,    0,  -10,    0,   -5,    0,    0,    0,    0,    0,    0,    0,    0,    0,    0,    0,    0,    0,    0,    0,    0,    0,    0,    0,    0,    0,    0,    0,    0,    0,    0,    0,    0,    0,    0,    0,   -8,
       0,    0,    0,    0,    0,    0,    0,    0,    0,    0,    0,    0,    0,   -7,    0,    0,   -7,    0,  -10,   -5,   -5,    0,    0,    0,    0,    0,    0,    0,    0,    0,   -4,    0,    0,    0,    0,    0,    0,    0,    0,    0,    0,    0,    0,    0,   -8,    0,    0,    0,    0,    0,    0,    0,    0,    0,    0,    0,    0,    0,    0,    0,    0,    0,    0,    0,    0,    0,    0,    0,    0,    0,    0,    0,    0,    0,    0,    0,    0,    0,    0,    0,
       0,    0,    0,    0,    0,    0,    0,    0,    0,    0,    0,    0,    0,    0,    0,    0,    0,    0,    0,    0,    0,    0,    0,    0,    0,    0,    0,    0,    0,    0,    0,    0,    0,   -5,    0,    0,    0,    0,    0,    0,    0,    0,    0,    0,    0,    0,    0,    0,    0,    0,    0,    0,    0,    0,    0,    0,   -1,    0,    0,    0,    0,    0,    0,    0,    0,    0,   -5,    0,    0,    0,    0,    0,   -1,    0,    0,    0,    0,    0,    0,    0,
       0,    0,    0,    0,    0,    0,    0,    0,    0,    0,    0,    0,    0,    0,    0,    0,    0,    0,    0,    0,    0,    0,   -5,    0,   -4,    0,   -5,   -2,   -4,    0,   -3,  -10,    0,   -8,   -5,   -7,    0,    0,    0,    0,    0,    0,    0,    0,   -2,    0,    0,    0,    0,    0,    0,    0,    0,    0,    0,    0,    0,    0,    0,    0,    0,    0,    0,    0,    0,    0,    0,    0,    0,    0,    0,    0,    0,    0,    0,    0,    0,    0,    0,    0,
       0,    0,    0,    0,    0,    0,    0,    0,    0,    0,    0,    0,  -16,    0,    0,    0,   -7,    0,    0,    0,    0,    0,    0,    0,   -7,    0,    0,    0,    0,    0,    0,    0,   -4,   -8,  -25,    0,  -19,    0,    0,    0,  -23,    0,  -19,    0,    0,   -8,    0,    0,    0,    0,    0,    0,    0,    0,    0,    0,    0,    0,    0,    0,    0,    0,    0,    0,    0,    0,    0,    0,    0,    0,    0,    0,    0,   -5,    0,    0,    0,    0,  -25,  -22,
       0,    0,    0,  -25,    0,    0,    0,    0,    0,    0,    0,    0,    0,    0,    0,    0,  -37,    0,  -25,    0,  -25,  -18,    0,    0,    5,    0,    0,    0,    0,    0,    0,    0,    0,    0,  -17,    0,  -17,    0,    0,    0,    0,    0,    0,    0,    0,    0,    0,    0,    0,    0,    0,    0,    0,    0,    0,    0,    0,    0,    0,    0,    0,    0,    0,    0,    0,    0,    0,    0,    0,    0,    0,    0,    0,    0,    0,    0,  -18,    0,  -12,    0,
       0,    0,    0,    0,    0,    0,    0,    0,    0,    0,    0,    0,    0,    0,    0,    0,    0,    0,    0,    0,    0,    0,   -7,    0,   -7,    0,    0,    0,    0,    0,    0,    0,  -13,   -8,  -13,    0,  -13,    0,    0,    0,   -7,    0,    0,    0,    0,   -7,    0,    0,    0,    0,    0,    0,    0,   -6,    0,    0,    0,    0,    0,    0,    0,    0,    0,    0,    0,    0,    0,    0,    0,   -1,    0,    0,    0,    0,    0,    0,    0,    0,    0,    0,
       0,    0,    0,    0,   -8,    0,    0,    0,    0,    0,   -4,    0,    0,    0,    0,    0,    0,    0,    0,    0,    0,    0,   -5,    0,   -8,    0,    0,   -2,   -7,   -5,   -4,  -10,    0,    0,    0,  -11,    0,    0,    0,    0,    0,    0,    0,    0,    0,   -5,   -5,    0,   -5,    0,    0,    0,    0,    0,    0,    0,    0,    0,    0,    0,    0,    0,    0,    0,   -5,    0,    0,    0,    0,    0,    0,    0,    0,    0,   -5,    0,    0,    0,    0,    0,
       0,   -1,    0,    0,  -32,    0,  -19,    0,    0,    0,  -27,    0,    0,    0,    0,    0,    0,    0,    0,   -5,    0,    0,   -8,    0,  -10,    0,   -7,    0,    0,    0,    0,   -8,    0,    0,    0,    0,    0,    0,    0,  -14,    0,    0,    0,    0,  -39,   -8,    0,    0,    0,    0,  -28,    0,    0,    0,    0,  -25,    0,   -1,    0,    0,    0,    0,    0,  -14,    0,    0,    0,  -13,    0,    0,    0,    0,    0,    0,    0,    0,    0,    0,    0,    0,
       0,    0,  -10,    0,    0,    0,    0,    0,    0,    0,    2,    0,  -10,    0,    0,    0,  -33,   -5,  -38,    0,  -27,  -25,    0,    0,    0,    0,    0,    0,    0,    0,    0,    0,   -4,   -5,  -19,    0,  -19,    0,    0,    0,    0,    0,  -12,    0,    0,    0,    0,    0,    0,    0,    0,    0,    0,    0,    0,    0,    0,    0,    0,    0,    0,    0,    0,    0,    0,    0,    0,    0,    0,    0,    0,    0,    0,    0,    0,  -19,    0,    0,  -22,  -19,
       0,    0,    0,    0,    0,    0,    0,    0,    0,    0,    0,    0,    0,    0,    0,    0,    0,    0,    0,    0,    0,    0,    0,    0,    4,   -5,    0,    0,    0,    0,    0,    0,    0,    0,    0,    0,    0,    0,    0,    0,    0,    0,    0,    0,   -1,    0,    0,    0,    0,    0,    0,    0,    0,    0,    0,    0,    0,    0,    0,    0,    0,    0,    0,    0,    0,    0,    0,   -1,    0,    0,    0,    0,    0,    0,    0,    0,    0,    0,    0,    0,
       0,  -12,    0,    0,  -40,  -21,  -18,  -25,    0,  -16,  -28,    0,   -7,    0,    0,    0,    0,    0,   13,    0,    4,    0,  -35,    0,  -32,   -4,  -23,    0,   -7,   -6,  -20,  -28,  -33,  -23,  -33,  -30,  -33,  -31,    0,  -25,    0,    0,  -27,  -14,  -33,   -2,   -6,  -34,    0,    0,  -21,    0,    0,   -8,    0,  -28,  -12,  -30,  -31,  -30,  -25,  -21,  -27,  -36,   -6,    0,    0,    0,  -38,    0,    0,    0,  -42,   -4,  -24,    0,    0,    0,  -16,  -22,
       0,    0,    0,    0,    0,    0,    0,    0,    0,    0,  -21,    0,    0,   -5,    0,    0,    0,    0,    0,    0,    0,    0,   -8,    0,   -8,   -7,  -10,  -10,   -7,   -5,   -4,  -11,    0,    0,    0,    0,  -11,  -10,    0,    0,    0,    0,    0,    0,    0,    0,   -5,    0,    0,    0,    0,    0,    0,    0,    0,    0,    0,    0,    0,    0,    0,    0,    0,    0,   -5,    0,    0,    0,    0,    0,    0,    0,    0,    0,   -5,    0,    0,    0,    0,    0,
       0,  -26,    0,    0,  -47,  -19,  -38,  -33,    0,  -25,  -46,    0,  -14,    0,    0,   -9,    0,    0,    0,    0,    0,    0,  -36,    0,  -39,  -16,  -27,  -11,   -9,   -9,  -30,  -39,  -27,  -25,  -33,  -31,  -33,  -31,  -12,  -38,  -12,    0,  -29,  -21,  -51,   -8,   -9,  -35,   -5,    0,  -32,    0,    0,  -10,    0,  -29,  -28,  -50,  -33,  -36,  -35,  -24,  -23,  -46,   -9,   -8,  -11,    0,  -33,    0,    0,    0,  -26,  -10,  -34,    0,    0,  -10,  -16,  -22,
       0,    0,    0,    0,    0,  -15,    0,    0,    0,   -7,    0,    0,  -14,    0,    0,    0,    0,    0,    0,    0,    0,    0,    0,    0,   -7,    0,    0,    0,    0,    0,    0,    0,    0,   -7,  -18,    0,  -26,    0,    0,  -22,  -12,    0,  -15,    0,    0,    0,    0,    0,   -5,   -7,    0,    0,    0,  -18,    0,    0,  -16,    0,    0,    0,    0,  -15,  -25,    0,    0,    0,  -11,    0,    0,    0,    0,    0,  -34,  -14,    0,    0,    0,   -7,  -23,  -16,
       0,  -15,    0,    0,  -29,  -23,  -22,  -27,    0,  -25,  -28,    0,  -11,    0,    0,   -4,    2,    0,    0,    0,    0,    0,  -29,    0,  -33,  -12,  -25,  -10,   -5,  -14,  -22,  -30,  -34,  -19,  -27,  -25,  -27,  -25,    0,  -31,   -8,    0,  -29,  -26,  -31,   -9,  -14,  -29,   -4,    0,  -17,    0,    0,  -17,    0,  -20,  -21,  -29,  -34,  -29,  -26,  -23,  -26,  -37,  -14,    0,   -5,    0,  -30,    0,    0,    0,  -20,   -7,  -14,    0,    0,  -10,  -12,  -22,
       0,    0,    0,    0,    0,    0,    0,    0,    0,    0,    0,    0,    0,    0,    0,    0,    0,    0,    0,    0,    0,    0,    0,    0,    0,    0,    0,    0,    0,    0,    0,    0,    0,    0,    0,    0,  -14,    0,    0,    0,    0,    0,    0,    0,    0,    0,    0,    0,    0,    0,    0,    0,    0,    0,    0,    0,    0,    0,    0,    0,    0,    0,    0,    0,    0,    0,    0,    0,    0,    0,    0,    0,    0,    0,    0,    0,    0,    0,    0,    0,
       0,    0,    0,    0,    0,    0,    0,    0,    0,    0,    0,    0,    0,    0,    0,    0,    0,    0,    0,    0,    0,    0,    0,    0,    0,    0,    0,    0,    0,    0,    0,    0,    0,    0,   -5,    0,   -5,    0,    0,    0,    0,    0,    0,    0,    0,    0,    0,    0,    0,    0,    0,    0,    0,    0,    0,    0,    0,    0,    0,    0,    0,    0,    0,    0,    0,    0,    0,    0,    0,    0,    0,    0,    0,    0,    0,    0,    0,    0,    0,    0,
       0,    0,    0,    0,    0,    0,    0,    0,    0,    0,    0,    0,   -4,    0,    0,    0,  -25,  -16,  -36,    0,  -34,    0,    0,    0,    0,    0,    0,    0,    0,    0,    0,    0,  -10,    0,  -21,    0,   -8,    0,    0,    0,    0,    0,    0,    0,    0,    0,    0,    0,    0,   -4,    0,   -2,    0,    0,   -8,    0,    0,    0,    0,    0,    0,    0,  -20,    0,    0,   -2,    0,    0,    0,   -7,    0,   -5,  -13,    0,    0,    0,    0,    0,    0,    0,
       0,    0,    0,  -15,    0,    0,    0,    0,    0,    0,    0,    0,    0,    0,    0,    0,  -40,    0,  -25,    0,  -25,  -14,    0,    0,    0,    0,    0,    0,    0,   -1,    0,    0,    0,    0,   -8,    0,   -9,   -7,    0,    0,    0,    0,    0,    0,    0,    0,   -1,    0,    0,    0,    0,    0,    0,    0,    0,    0,   -1,    0,   -1,   -1,    0,   -3,   -9,    0,   -1,    0,   -8,    0,   -1,    0,    0,    0,  -10,    0,   -1,  -12,   -1,    0,    0,    0,
       0,    0,    0,   -3,   -4,    0,    0,    0,    0,    0,   -5,    0,    0,  -11,   -7,    0,  -29,    0,  -33,    0,  -27,  -21,   -1,   -8,    0,    0,    0,   -5,    0,    0,    0,    0,   -3,    0,   -5,   -9,   -6,   -1,    0,    0,    0,    0,    0,   -1,    0,    0,    0,    0,    0,    0,    0,    0,    0,    0,    0,    0,    0,  -10,   -6,   -1,   -1,    0,    0,   -9,    0,    0,   -2,    0,   -9,    0,    0,    0,    0,    0,    0,  -20,  -10,    0,    0,    0,
       0,    0,    0,   -1,    0,    0,    0,    0,    0,    0,    0,    0,    0,    0,   -5,    0,  -29,    0,  -25,    0,  -27,  -16,   -5,    0,   -1,    0,    0,   -3,    0,   -1,   -1,    0,    0,    0,   -1,   -7,   -1,   -1,    0,    0,    0,    0,    0,    0,    0,    0,   -1,    0,    0,    0,    0,    0,    0,    0,    0,    0,    0,   -8,   -1,   -1,    0,    0,   -1,   -6,   -1,    0,   -1,    0,   -8,    0,    0,    0,    0,    0,   -1,    0,    0,    0,    0,    0,
       0,    0,    0,    0,    0,    0,    0,    0,    0,    0,    0,    0,    0,    0,    0,    0,    0,    0,    0,    0,    0,    0,    0,    0,   -5,    0,    0,    0,    0,    0,    0,    0,   -5,   -3,   -5,    0,   -4,    0,    0,    0,    0,    0,    0,    0,    0,    0,    0,    0,    0,    0,    0,    0,    0,    0,    0,    0,    0,    0,    0,    0,    0,    0,    0,    0,    0,    0,    0,    0,    0,    0,    0,    0,    0,    0,    0,    0,   -5,    0,    0,    0,
       0,    0,    0,    0,    0,    0,    0,    0,    0,    0,    0,    0,    0,    0,   -4,    0,  -29,    0,  -30,    0,  -33,  -19,    0,   -4,   -1,    0,    0,    0,    0,    0,    0,    0,    0,    0,   -4,   -5,    0,    0,    0,    0,    0,    0,    0,    0,    0,    0,    0,    0,    0,    0,    0,    0,    0,    0,    0,    0,    0,   -8,   -1,    0,    0,    0,    0,   -4,    0,    0,   -2,    0,   -9,    0,    0,    0,    0,    0,    0,  -10,    0,    0,    0,    0,
      30,    5,   38,   46,   -5,    0,    0,    0,   33,    0,    0,   19,   11,    0,    0,    0,   33,    0,    0,    0,    0,   41,   -6,   23,   -8,    0,   -4,   18,   23,   19,    0,    0,    0,    0,    0,    0,    0,    0,    0,    0,    0,    0,    0,    0,    0,   23,   19,   -4,    0,    0,    0,    0,    0,    0,    0,    0,    0,    0,    0,    0,    0,    0,    0,    0,   19,    0,    0,    0,    0,    0,    0,    0,    0,    0,   19,   22,   36,   25,    0,    0,
       0,    0,    0,    0,    0,    0,    0,    0,    0,    0,    0,    0,    0,    0,    0,    0,    0,    0,  -16,    0,  -25,  -10,    0,    0,   -3,    0,    0,    0,    0,   15,    0,    0,    0,    0,    0,    0,    0,    0,    0,    0,    0,    0,    0,    0,    0,    0,    7,    0,    0,    0,    0,    0,    0,    0,    0,    0,    0,    0,    0,    0,    0,    0,    0,    0,    7,    0,    0,    0,    0,    0,    0,    0,    0,    0,    7,    0,    0,    0,    0,    0,
       0,    0,    0,  -12,    0,    0,    0,    0,    0,    0,    0,    0,    0,    0,    0,    0,  -30,    0,  -30,    0,  -33,  -22,    0,   -4,    0,    0,    0,    0,    0,    0,    0,    0,   -5,    0,   -8,    0,   -9,    0,    0,    0,    0,    0,    0,    0,    0,    0,    0,    0,    0,    0,    0,    0,    0,    0,    0,    0,    0,    0,    0,    0,    0,    0,   -9,    0,    0,    0,   -4,    0,    0,    0,    0,    0,  -10,    0,    0,    0,    0,    0,    0,    0,
       0,    0,    0,    0,    0,    0,    0,    0,    0,    0,    0,    0,    0,    0,    0,    0,  -12,    0,  -14,    0,    0,  -12,    0,    0,    0,    0,    0,    0,    0,    0,    0,    0,    0,    0,    0,    0,    0,    0,    0,    0,    0,    0,    0,    0,    0,    0,    0,    0,    0,    0,    0,    0,    0,    0,    0,    0,    0,    0,    0,    0,    0,    0,    0,    0,    0,    0,    0,    0,    0,    0,    0,    0,    0,    0,    0,    0,    0,    0,    0,    0,
       0,    0,    0,    0,    0,    0,    0,    0,    0,    0,    0,    0,    0,    0,    0,    0,    0,    0,  -15,    0,    0,    0,    0,    0,   -7,    0,    0,    0,    0,    0,    0,    0,    0,    0,    0,    0,    0,    0,    0,  -10,    0,    0,   -8,    0,    0,   -7,    0,   -4,    0,    0,    0,    0,    0,    0,    0,    0,    0,    0,    0,    0,    0,    0,    0,    0,    0,    0,    0,    0,    0,    0,    0,    0,    0,    0,    0,    0,    0,    0,    0,    0,
       0,    0,    0,    0,    0,    0,    0,    0,    0,    0,    0,    0,    0,    0,    0,    0,    0,    0,    0,    0,    0,  -14,   -4,   -4,    0,    0,    0,    0,    0,    0,    0,    0,    0,    0,    0,    0,    0,   -4,    0,    0,    0,    0,    0,    0,    0,    0,    0,    0,    0,    0,    0,    0,    0,    0,    0,    0,    0,    0,    0,    0,    0,    0,    0,    0,    0,    0,    0,    0,    0,    0,    0,    0,    0,    0,    0,    0,    0,    0,    0,    0,
       0,    0,    0,    0,  -19,    0,  -12,    0,    0,    0,    0,    0,    0,    0,    0,    0,    0,    0,  -15,    0,    0,    0,    0,    0,   -4,    0,    0,    0,    0,    0,    0,    0,    0,    0,    0,    0,    0,    0,    0,  -10,    0,    0,    0,    0,    0,    0,    0,    0,    0,    0,    0,    0,    0,    0,    0,    0,    0,    0,    0,    0,    0,    0,    0,    0,    0,    0,    0,    0,    0,    0,    0,    0,    0,    0,    0,    0,    0,    0,    0,    0,
       0,    0,    0,    0,    0,    0,    0,    0,    0,    0,    0,    0,    0,    0,    0,    0,  -23,    0,  -26,    0,    0,  -12,    0,    0,    0,    0,    0,    0,    0,    0,    0,    0,    0,    0,    0,    0,   -2,    0,    0,    0,    0,    0,    0,    0,    0,    0,    0,    0,    0,    0,    0,    0,    0,    0,    0,    0,    0,    0,    0,    0,    0,    0,    0,    0,    0,    0,    0,    0,    0,    0,    0,    0,    0,    0,    0,    0,   -5,    0,    0,    0,
       0,    0,    0,    0,    0,    0,    0,    0,    0,    0,    0,    0,    0,    0,    0,    0,    0,    0,    0,    0,    0,   -5,    0,    0,    0,    0,    0,    0,    0,    0,    0,    0,    0,    0,    0,    0,    0,    0,    0,    0,    0,    0,    0,    0,    0,    0,    0,    0,    0,    0,    0,    0,    0,    0,    0,    0,    0,    0,    0,    0,    0,    0,    0,    0,    0,    0,    0,    0,    0,    0,    0,    0,    0,    0,    0,    0,    0,    0,    0,    0,
       0,    0,   -5,    0,  -23,    0,  -16,    0,    0,   -3,  -26,    0,    0,    0,    0,    0,    0,    0,    0,    0,    0,    0,   -8,    0,   -6,    0,   -8,   -5,    0,    0,    0,   -3,    0,    0,    0,    0,    0,    0,    0,  -12,    0,    0,   -7,    0,    0,   -3,    0,   -4,    0,    0,    0,    0,    0,    0,    0,    0,    0,  -15,    0,   -1,    0,    0,    0,  -19,    0,    0,    0,    0,    0,    0,    0,    0,    0,    0,    0,    0,    0,    0,    0,    0,
       0,    0,    0,    0,    0,    0,    0,    0,    0,    0,    0,    0,    0,    0,    0,    0,    0,    0,    0,    0,    0,  -17,   -1,    0,   -8,    0,   -4,    0,    0,    0,    0,    0,    0,    0,    0,    0,    0,    0,    0,  -12,    0,    0,  -10,    0,    0,   -3,    0,   -4,    0,    0,    0,    0,    0,    0,    0,    0,    0,    0,    0,   -1,    0,    0,    0,    0,    0,    0,    0,    0,    0,    0,    0,    0,    0,    0,    0,    0,    0,    0,    0,    0,
       0,    0,    0,    0,    0,    0,    0,    0,    0,    0,    0,    0,    0,   16,    0,    0,   -9,    0,  -23,    0,  -27,    0,    0,    0,    0,    0,    0,    0,    0,    0,    0,    0,    0,    0,    0,    0,    0,    0,    0,    0,    0,    0,    0,    0,    0,    0,    0,    0,    0,    0,    0,  -10,    0,    0,    0,    0,    0,    0,    0,    0,    0,    0,    0,    0,    0,    0,    0,    0,    0,    0,    0,   -7,    0,    0,    0,    0,    0,    0,    0,    0,
       0,    0,    0,    0,    0,    0,    0,    0,    0,    0,    0,    0,    0,    0,    0,    0,    0,    0,   -5,    0,    0,    0,    0,    0,    0,    0,    0,    0,    0,    0,    0,    0,    0,    0,    0,    0,    0,    0,    0,    0,    0,    0,    0,    0,    0,    0,    0,    0,    0,    0,    0,    0,    0,    0,    0,    0,    0,    0,    0,    0,    0,    0,    0,    0,    0,    0,    0,    0,    0,    0,    0,    0,    0,    0,    0,    0,    0,    0,    0,    0,
       0,    0,    0,    0,    0,    0,    0,    0,    0,    0,    0,    0,    0,    0,    0,    0,  -14,    0,  -21,    0,  -26,    0,    0,    0,   -1,    0,    0,    0,    0,    0,    0,    0,    0,    0,    0,    0,    0,    0,    0,    0,    0,    0,    0,    0,    0,    0,    0,    0,    0,  -12,    0,  -10,    0,    0,   -3,    0,    0,    0,    0,    0,    0,    0,    0,    0,    0,    0,    0,    0,    0,    0,    0,    0,    0,    0,    0,    0,    0,    0,    0,    0,
       0,    0,    0,    0,    0,    0,    0,    0,    0,    0,  -16,    0,    0,   -8,    0,    0,    0,    0,  -12,  -15,  -12,    0,    0,    0,    0,    0,    0,    0,    0,    0,    0,    0,    0,    0,    0,    0,    0,    0,    0,    0,    0,    0,    0,    0,    0,    0,    0,    0,    0,    0,    0,    0,    0,    0,    0,    0,    0,    0,    0,    0,    0,    0,    0,    0,    0,    0,    0,    0,    0,    0,    0,    0,    0,    0,    0,    0,    0,    0,    0,    0,
       0,    0,    0,    0,    0,    0,    0,    0,    0,    0,  -24,    0,  -11,    0,    0,    0,    0,    0,    0,    0,    0,    0,  -15,    0,  -19,    0,    0,    0,    0,    0,  -20,  -15,    0,    0,  -15,  -17,  -14,  -15,    0,    0,    0,    0,    0,    0,    0,    0,    0,  -15,    0,    0,  -14,    0,    0,  -10,    0,  -19,    0,  -25,  -15,  -17,  -10,  -12,  -15,   -2,    0,    0,    0,    0,  -17,    0,    0,    0,   -8,    0,    0,    0,    0,    0,    0,    0,
       0,    0,    0,    0,    0,    0,    0,    0,    0,    0,  -12,    0,    0,    0,    0,    0,  -27,    0,  -29,  -15,  -29,    0,    0,    0,    0,    0,    0,    0,    0,    0,    0,    0,    0,    0,   -7,  -10,    0,    0,    0,    0,    0,    0,    0,    0,    0,    0,    0,    0,    0,  -25,  -10,  -14,  -12,    0,  -15,  -14,    0,  -10,  -11,    0,    0,    0,    0,    0,    0,    0,    0,  -12,  -11,    0,    0,   -3,    0,    0,    0,    0,    0,    0,    0,    0,
       0,    0,    0,    0,    0,    0,    0,    0,    0,    0,  -14,    0,    0,    0,    0,    0,  -30,    0,  -37,  -22,  -31,    0,    0,    0,    0,    0,    0,    0,    0,    0,    0,    0,    0,    0,  -12,  -12,   -9,    0,    0,    0,    0,    0,    0,    0,    0,    0,    0,    0,    0,  -25,   -1,  -20,  -14,    0,  -26,  -21,    0,   -9,  -12,    0,    0,    0,    0,  -10,    0,    0,    0,  -15,  -10,    0,    0,  -12,    0,    0,    0,    0,    0,    0,    0,    0,
       0,    0,    0,    0,    0,    0,    0,    0,    0,    0,    0,    0,    0,   16,    0,    0,    0,    0,  -19,    0,  -25,    0,    0,    0,    0,    0,    0,    0,    0,    0,    0,    0,    0,    0,    0,    0,    0,    0,    0,    0,    0,    0,    0,    0,    0,    0,    0,    0,    0,    0,    0,  -10,    0,    0,    0,    0,    0,    0,    0,    0,    0,    0,    0,    0,    0,    0,    0,    0,    0,    0,    0,    0,    0,    0,    0,    0,    0,    0,    0,    0,
       0,    0,    0,    0,    0,    0,    0,    0,    0,    0,  -12,    0,    0,    0,    0,    0,    0,    0,  -12,  -18,  -18,    0,    0,    0,    0,    0,    0,    0,    0,    0,    0,    0,    0,    0,    0,    0,    0,    0,    0,    0,    0,    0,    0,    0,    0,    0,    0,    0,    0,    0,    0,    0,    0,    0,    0,    0,    0,    0,    0,    0,    0,    0,    0,    0,    0,    0,    0,    0,    0,    0,    0,    0,    0,    0,    0,    0,    0,    0,    0,    0,
       0,    0,    0,    0,    0,    0,    0,    0,    0,    0,    0,    0,    0,    0,    0,    0,    0,    0,    0,    0,    0,    0,    0,    0,    0,    0,    0,    0,    0,    0,   -5,    0,  -10,   -5,  -12,   -5,  -10,    0,    0,    0,    0,    0,    0,    0,    0,    0,    0,    0,    0,    0,    0,    0,    0,    0,    0,    0,    0,    0,    0,    0,    0,    0,    0,    0,    0,    0,    0,    0,    0,    0,    0,    0,    0,    0,    0,    0,    0,    0,    0,    0,
       0,    0,    0,    0,    0,    0,    0,    0,    0,    0,    0,    0,    0,    0,    0,    0,    0,    0,    0,    0,    0,    0,    0,   16,    0,    0,    0,   16,    0,   10,    0,    0,    0,    0,    0,    0,    0,    0,    0,    0,    0,    0,    0,    0,    0,    0,   10,    0,    0,    0,    0,    0,    0,    0,    0,    0,    0,    0,    0,    0,    0,    0,    0,    0,   10,    0,    0,    0,    0,    0,    0,    0,    0,    0,   10,    0,    0,    0,    0,    0,
      45,    0,   65,   55,    0,    0,    0,    0,   47,    0,    0,    0,    0,    0,    0,    0,    0,    0,    0,    0,    0,    0,    0,    0,    0,    0,    0,    0,    0,    0,    0,    0,    0,    0,    0,    0,    0,    0,    0,    0,    0,    0,    0,    0,    0,    0,    0,    0,    0,    0,    0,    0,    0,    0,    0,    0,    0,    0,    0,    0,    0,    0,    0,    0,    0,    0,    0,    0,    0,    0,    0,    0,    0,    0,    0,   53,   55,    0,    0,    0,
       0,    0,    0,    0,    0,    0,    0,    0,    0,    0,   -6,    0,    0,   -5,    0,    0,    0,    0,    0,    0,    0,    0,   -4,    0,    0,    0,    0,    0,    0,    0,   -4,    0,   -7,    0,  -12,   -8,  -10,    0,    0,    0,    0,    0,    0,    0,   -8,    0,    0,    0,   -5,    0,   -5,    0,    0,    0,    0,   -7,    0,    0,    0,    0,    0,    0,    0,   -1,    0,    0,    0,    0,    0,    0,    0,    0,    0,    0,    0,    0,    0,    0,    0,    0,
       0,    0,    0,    0,    0,    0,    0,    0,    0,    0,    0,    0,    0,    0,    0,    0,    0,    0,    0,    0,    0,  -16,   -1,   -1,   -4,    0,    0,    0,    0,    0,    0,    0,    0,    0,    0,    0,    0,   -4,    0,    0,    0,    0,    0,    0,    0,    0,    0,   -1,    0,    0,    0,    0,    0,    0,    0,    0,    0,    0,    0,   -2,    0,    0,   -1,    0,    0,    0,    0,    0,    0,    0,    0,    0,    0,    0,    0,    0,    0,    0,    0,    0,
       0,    0,    0,    0,    0,    0,    0,    0,    0,    0,  -12,    0,    0,   -5,    0,    0,  -12,    0,  -19,   -5,  -25,    0,    0,    0,    0,    0,    0,    0,    0,    0,    0,    0,    0,    0,    0,    0,    0,    0,    0,    0,    0,    0,    0,    0,    0,    0,    0,    0,    0,    0,    0,    0,    0,    0,    0,    0,    0,    0,    0,    0,    0,    0,    0,    0,    0,    0,    0,    0,    0,    0,    0,    0,    0,    0,    0,    0,    0,    0,    0,    0,
       0,    0,    0,    0,    0,    0,    0,    0,    0,    0,  -25,    0,    0,    0,   -4,    0,    0,    0,    0,   -3,    0,    0,   -5,    0,   -7,    0,   -4,    0,    0,    0,    0,   -5,    0,    0,    0,    0,    0,   -5,    0,    0,    0,    0,    0,    0,    0,    0,    0,    0,    0,    0,    0,    0,    0,    0,    0,    0,    0,    0,    0,    0,    0,    0,    0,    0,    0,    0,    0,    0,    0,    0,    0,    0,    0,    0,    0,    0,    0,    0,    0,    0,
       0,    0,    0,    0,    0,    0,    0,    0,    0,    0,    0,    0,    0,    0,    0,    0,  -34,    0,  -39,    0,  -12,   -2,    0,    0,    0,    0,    0,    0,    0,    0,    0,    0,    0,    0,  -11,    0,   -8,    0,    0,    0,    0,    0,    0,    0,    0,    0,    0,    0,   -5,  -35,    0,  -29,    0,    0,  -30,    0,    0,    0,    0,    0,    0,   -1,    0,    0,    0,    0,  -11,    0,    0,  -18,    0,  -23,  -11,    0,    0,    0,    0,    0,    0,    0,
       0,  -12,    0,    8,  -28,  -17,  -24,  -21,    0,    0,  -28,    0,   -7,    0,    0,    0,    0,    0,    0,    0,    0,    0,  -31,    0,  -30,    0,    0,    0,    0,  -25,  -28,  -31,    0,    0,  -32,  -30,  -26,  -33,    0,  -29,    0,    0,  -27,  -18,  -30,    0,  -25,  -31,    0,    0,  -23,    0,    0,   -8,    0,  -19,   -4,  -47,  -35,  -43,  -17,  -43,  -38,  -33,  -32,    0,  -14,    0,  -37,    0,    0,    8,  -38,    0,  -25,    0,   11,    0,   -2,    0,
       0,    0,    0,  -19,    0,    0,    0,    0,    0,    0,   -4,   -1,    0,    0,    0,    0,  -21,    0,  -25,  -11,  -29,   -4,    0,    0,    0,    0,    0,    0,    0,    0,    0,    0,    0,    0,   -8,    0,   -5,    0,    0,    0,    0,    8,    0,    0,   -1,    0,    0,    0,    0,  -33,   -5,  -16,    0,    5,  -18,    0,    0,   -5,    0,    0,    0,    0,    0,    0,    0,  -20,   -6,    0,    0,  -32,  -11,  -13,    0,    0,    0,    0,  -16,    0,    0,    0,
       0,    0,    0,    0,    0,    0,    0,    0,    0,    0,    0,    0,   -1,    0,    0,    0,    0,    0,  -28,    0,  -24,    0,    0,    0,   -1,    0,    0,    0,    0,    0,   -1,    0,    0,    0,  -15,    0,  -18,    0,    0,    0,    0,    0,    0,    0,    0,    0,    0,    0,    0,  -22,    0,  -16,    0,    0,  -22,    0,  -11,    0,    0,    0,    0,    0,    0,    0,    0,    0,   -2,    0,    0,   -3,    0,  -22,  -13,    0,    0,    0,    0,    0,    0,    0,
       0,    0,    0,    0,    0,   -9,    0,    0,    0,    0,    0,    0,  -12,    0,    0,    0,    0,    0,    0,    0,    0,    0,    0,    0,   -7,    0,    0,    0,    0,    0,    0,    0,    0,    0,  -20,    0,  -20,   -1,    0,  -14,    0,    0,  -12,    0,    0,    0,    0,    0,    0,   -1,    0,    0,    0,  -12,    0,    0,   -2,    0,    0,    0,    0,  -12,  -22,    0,    0,   -2,  -12,    0,    0,    0,    0,    0,  -25,   -7,    0,    0,    0,    0,  -16,    0,
       0,    0,    0,    0,    0,    0,    0,    0,    0,    0,   -7,    0,    3,    0,    0,    0,   -9,    0,   -5,   -5,   -5,    0,    0,    0,    0,    0,    0,    0,    0,    0,    0,    0,    0,    0,   -5,    0,  -11,    0,    0,    0,    0,    0,    0,    0,   -8,    0,    0,    0,   -5,   -8,   -9,   -5,   -6,    0,   -8,   -5,    0,    0,   -4,    0,    0,    0,    0,    0,    0,    0,   -7,   -5,    0,    0,    0,    0,    0,    0,    0,    0,    0,    0,    0,    0,
       0,    0,    0,    0,    0,    0,    0,    0,    0,    0,   -9,    0,    0,    0,   -6,    0,   -7,    0,  -11,  -18,  -17,    0,    0,    0,    0,    0,    0,    0,    0,    0,    0,    0,    0,    0,    0,    0,    0,    0,    0,    0,    0,    0,    0,    0,  -21,    0,    0,    0,    0,   -8,  -14,    0,  -11,    0,    0,  -16,    0,    0,    0,    8,    0,    0,    0,   -5,    0,    0,    0,  -19,    0,   -1,    0,    0,    0,    0,    0,    0,    0,    0,    0,    0,
       0,    0,    0,    0,    0,    0,    0,    0,    0,    0,    0,    0,    0,    0,    0,    0,    0,    0,    0,    0,    0,  -27,    0,    0,    0,    0,    0,    0,    0,   -1,    0,    0,    0,    0,   -7,   -1,   -6,    0,    0,    0,    0,    0,    0,    0,    0,    0,   -1,    0,    0,    0,    0,    0,    0,    0,    0,    0,    0,   -1,   -1,    0,    0,    0,   -5,   -3,   -1,    0,   -1,    0,   -7,    0,    0,    0,    0,    0,   -1,    0,    0,    0,    0,    0,
       0,    0,    0,    0,   -3,    0,   -1,    0,    0,    0,    0,    0,    0,    0,    0,    0,    0,    0,    0,    0,    0,  -14,    0,    0,    0,    0,    0,    0,    0,    0,    0,    0,    0,    0,    0,    0,    0,    0,    0,   -1,    0,    8,    0,    0,    0,    0,    0,    0,    0,    0,    0,    0,    0,    0,    0,    0,    0,   -9,    0,   -1,    0,    0,    0,   -7,    0,    0,    0,    0,    0,    0,    0,    0,    0,    0,    0,    0,    0,    0,    0,    0,
       0,    0,    0,    0,    0,    0,    0,    0,    0,    0,    0,    0,    0,    0,    0,    0,    0,    0,    0,    0,    0,  -15,    0,    0,    0,    0,    0,    0,    0,    0,    0,    0,    0,    0,    0,    0,    0,    0,    0,    0,    0,    0,    0,    0,    0,    0,    0,    0,    0,    0,    0,    0,    0,    0,    0,    0,    0,    0,    0,    0,    0,    0,   -4,    0,    0,    0,    0,    0,    0,    0,    0,    0,    0,    0,    0,    0,    0,    0,    0,    0,
       0,   -1,    0,    0,    0,    0,    0,    0,    0,    0,    0,    0,    0,    0,    0,    0,    0,    0,    0,    0,    0,  -16,   -5,    0,   -5,    0,    0,    0,    0,    0,    0,    0,    0,    0,    0,    0,    0,    0,    0,  -12,    0,    0,  -11,    0,    0,    0,    0,    0,    0,    0,    0,    0,    0,    0,    0,    0,    0,    0,    0,   -1,    0,    0,    0,    0,    0,    0,    0,    0,    0,    0,    0,    0,    0,    0,    0,    0,    0,    0,    0,    0,
       0,    0,    0,    0,    0,    0,    0,    0,    0,    0,    0,    0,    0,    0,    0,    0,    0,    0,    0,    0,    0,   -4,    0,    0,    0,    0,    0,    0,    0,    0,    0,    0,    0,    0,    0,    0,    0,    0,    0,    0,    0,    0,    0,    0,    0,    0,    0,    0,    0,    0,    0,    0,    0,    0,    0,    0,    0,    0,    0,    0,    0,    0,    0,    0,    0,    0,    0,    0,    0,    0,    0,    0,    0,    0,    0,    0,    0,    0,    0,    0,
       0,    0,    0,    0,  -12,    0,   -1,    0,    0,    0,    0,    0,    0,    0,    0,    0,    0,    0,    0,    0,    0,    0,    0,    0,    0,    0,    0,    0,    0,    0,    0,    0,    0,    0,    0,    0,    0,    0,    0,    0,    0,    0,    0,    0,    0,    0,    0,    0,    0,    0,    0,    0,    0,    0,    0,    0,    0,  -11,    0,    0,    0,    0,    0,   -6,    0,    0,    0,    0,    0,    0,    0,    0,    0,    0,    0,    0,    0,    0,    0,    0,
       0,    0,    0,  -18,    0,    0,    0,    0,    0,    0,    0,    0,    0,    0,    0,    0,    0,    0,    0,    0,    0,  -33,   -1,    0,    0,    0,    0,    0,    0,   -1,   -4,    0,    0,    0,  -22,   -6,  -17,   -8,    0,    0,    0,    0,    0,    0,    0,    0,   -1,    0,    0,    0,    0,    0,    0,    0,    0,    0,   -7,   -4,   -4,   -1,    0,  -11,  -11,    0,   -1,    0,  -19,    0,   -9,    0,    0,    0,  -16,    0,   -1,  -16,  -15,    0,    0,    0,
       0,    0,    0,  -15,    0,    0,    0,    0,    0,    0,    0,    0,    0,    0,    0,    0,    0,    0,    0,    0,    0,  -30,    0,    0,    0,    0,    0,    0,    0,    0,    0,    0,    0,    0,  -15,   -1,   -9,    0,    0,    0,    0,    0,    0,    0,    0,    0,    0,    0,    0,    0,    0,    0,    0,    0,    0,    0,    0,   -1,   -1,    0,    0,   -1,   -9,    0,    0,    0,  -17,    0,   -1,    0,    0,    0,  -12,    0,    0,    0,  -10,    0,    0,    0,
       0,    0,    0,    0,    0,    0,    0,    0,    0,    0,    0,    0,    0,    0,    0,    0,   -3,    0,  -19,   -2,  -19,    0,    0,    0,    0,    0,    0,    0,    0,    0,    0,    0,    0,    0,   -7,    0,    0,    0,    0,    0,    0,    0,    0,    0,    0,    0,    0,    0,    0,  -11,    0,   -7,    0,    0,    0,    0,    0,    0,    0,    0,    0,    0,    0,    0,    0,    0,   -7,    0,    0,    0,    0,    0,    0,    0,    0,    0,    0,    0,    0,    0,
       0,    0,    0,    0,    0,    0,    0,    0,    0,    0,    0,    0,    0,    0,    0,    0,    0,    0,    0,    0,    0,    0,    0,    0,    0,    0,    0,    0,    0,    0,    0,    0,    0,    0,  -16,    0,    0,    0,    0,    0,    0,    0,    0,    0,    0,    0,    0,    0,    0,    0,    0,    0,    0,    0,    0,    0,    0,   -7,    0,    0,    0,  -12,    0,    0,    0,    0,    0,    0,   -8,    0,    0,    0,  -12,    0,    0,    0,    0,    0,    0,    0,
       0,    0,    0,   -1,    0,   -9,    0,    0,    0,    0,    0,    0,  -13,    0,    0,   -1,   -8,    0,    0,    0,    0,    0,    0,    0,   -1,    0,    0,    0,    0,    0,    0,    0,    0,    0,  -27,    0,  -23,   -1,   -7,  -15,    0,    0,  -12,    0,    0,    0,    0,    0,   -7,  -19,    0,    0,    0,  -19,  -14,    0,  -11,    0,    0,    0,    0,  -15,  -22,    0,    0,  -22,  -14,    0,    0,  -14,    0,  -10,  -23,   -8,    0,    0,    0,  -12,  -18,    0,
       0,    0,    0,    0,    0,    0,    0,    0,    0,    0,    0,    0,    0,    0,    0,    0,    0,    0,    0,    0,    0,   -5,   -6,    0,   -9,    0,    0,    0,    0,   -1,    0,    0,    0,    0,    0,    0,    0,    0,    0,  -10,    0,    0,  -11,    0,    0,    0,   -1,    0,    0,    0,    0,    0,    0,    0,    0,    0,   -5,    0,    0,   -1,    0,    0,    0,    0,   -1,    0,    0,    0,    0,    0,    0,    0,    0,    0,   -1,    0,    0,    0,    0,    0,
       0,    0,    0,    0,    0,    0,  -31,    0,    0,    0,  -37,    0,   -1,    0,    0,    0,    0,    0,    0,    0,    0,    0,  -39,    0,  -34,    0,    0,    0,    0,  -19,  -28,  -34,    0,    0,  -22,  -25,  -19,  -31,    0,    0,    0,    0,    0,    0,    0,    0,  -19,  -34,    0,    0,  -28,    0,    0,   -1,    0,  -23,   -8,  -32,  -27,  -37,  -11,  -16,  -20,  -48,   -8,    0,   -1,  -14,  -28,    0,    0,    0,  -11,    0,  -19,    0,    0,    0,    0,    0,
       0,    0,    0,    0,  -28,    0,   -2,    0,    0,    0,    0,    0,    0,    0,    0,    0,    0,    0,    0,    0,    0,    0,   -4,    0,   -1,    0,    0,    0,    0,    0,    0,    0,    0,    0,    0,    0,    0,    0,    0,   -3,    0,    0,   -4,    0,    0,    0,    0,    0,    0,    0,    0,    0,    0,    0,    0,    0,    0,  -14,    0,    0,    0,    7,    0,   -8,    0,    0,    0,    0,    0,    0,    0,    0,    0,    0,    0,    0,    0,    0,    0,    0,
       0,    0,    0,    0,    0,    0,   -1,    0,    0,    0,    0,    0,    0,    0,    0,    0,    0,    0,    0,    0,    0,    0,    0,    0,   -6,    0,    0,    0,    0,    0,    0,    0,    0,    0,    0,    0,    0,    0,    0,    0,    0,    0,    0,    0,    0,    0,    0,    0,    0,    0,    0,    0,    0,    0,    0,    0,    0,   -9,    0,    0,    0,    0,    0,  -10,    0,    0,    0,    0,    0,    0,    0,    0,    0,    0,    0,    0,    0,    0,    0,    0,
       0,    0,    0,    0,    0,    0,    0,    0,    0,    0,    0,    0,    0,    0,    0,    0,  -18,    0,  -27,    0,  -12,   -2,    0,    0,    0,    0,    0,    0,    0,    0,    0,    0,    0,    0,  -11,    0,   -8,    0,    0,    0,    0,    0,    0,    0,    0,    0,    0,    0,   -5,  -21,    0,  -19,    0,    0,  -19,    0,    0,    0,    0,    0,    0,   -1,    0,    0,    0,    0,  -11,    0,    0,  -18,    0,  -15,  -11,    0,    0,    0,    0,    0,    0,    0,
       0,    0,    0,    0,    0,    0,    0,    0,    0,    0,    0,    0,    0,    0,    0,    0,    0,    0,    0,    0,    0,    0,    0,    0,    0,    0,    0,    0,    0,    0,    0,    0,    0,    0,  -14,    0,   -8,    0,    0,    0,    0,    0,    0,    0,    0,    0,    0,    0,    0,    0,    0,    0,    0,    0,    0,    0,    0,    0,    0,    0,    0,    0,  -14,    0,    0,    0,    0,    0,    0,    0,    0,    0,    0,    0,    0,    0,    0,    0,    0,    0,
       0,    0,    0,  -12,    0,    0,    0,    0,    0,    0,    0,    0,    0,    0,    0,    0,  -27,    0,  -30,    0,  -25,   -5,    0,    0,    0,    0,    0,    0,    0,    0,    0,    0,    0,    0,   -6,    0,    0,    0,    0,    0,    0,    0,    0,    0,    0,    0,    0,    0,    0,  -18,    0,  -16,    0,    0,  -18,    0,    0,    0,    0,    0,    0,    0,    0,    0,    0,  -20,    0,    0,    0,  -23,   -1,   -1,    0,    0,    0,    0,   -2,    0,    0,    0,
       0,    0,    0,    0,    0,    0,    0,    0,    0,    0,    0,    0,    0,    0,    0,    0,   -1,    0,   -6,    0,    0,    0,    0,    0,    0,    0,    0,    0,    0,    0,    0,    0,    0,    0,    0,    0,    0,    0,    0,    0,    0,    0,    0,    0,    0,    0,    0,    0,    0,   -4,    0,    0,    0,    0,    0,    0,    0,    0,    0,    0,    0,    0,    0,    0,    0,    0,    0,    0,    0,    0,    0,    0,    0,    0,    0,    0,    0,    0,    0,    0,
       0,    0,    0,    0,    0,    0,    0,    0,    0,    0,    0,    0,    0,    0,    0,    0,    0,    0,    0,    0,    0,  -27,    0,    0,    0,    0,    0,    0,    0,    0,    0,    0,    0,    0,  -14,    0,   -8,    0,    0,    0,    0,    0,    0,    0,    0,    0,    0,    0,    0,    0,    0,    0,    0,    0,    0,    0,    0,    0,    0,    0,    0,   -5,   -8,    0,    0,    0,  -14,    0,    0,    0,    0,    0,   -5,    0,    0,   -2,    0,    0,    0,    0,
       0,    0,    0,  -26,    0,    0,    0,    0,    0,    0,    0,    0,   -6,    0,    0,    0,  -48,    0,  -38,    0,  -34,   -6,    0,    0,    0,    0,    0,    0,    0,    0,    0,    0,    0,    0,  -21,    0,   -1,    0,    0,    0,    0,    0,    0,    0,    0,    0,    0,    0,    0,  -35,    0,  -24,    0,   -1,  -34,    0,    0,    0,    0,    0,    0,   -2,    0,    0,    0,  -29,  -12,    0,    0,  -35,    0,  -36,  -16,    0,    0,    0,  -22,  -12,    0,    0,
       0,    0,    0,    0,    0,    0,    0,    0,    0,    0,    0,    0,    0,    0,    0,    0,    0,    0,    0,    0,    0,    0,    0,    0,    0,    0,    0,    0,    0,    0,    0,    0,    0,    0,    0,    0,    0,    0,    0,    0,    0,    0,    0,    0,    0,    0,    0,    0,    0,    0,    0,    0,    0,    0,    0,    0,    0,    0,    0,    0,    0,    0,    0,    0,    0,    0,    0,   -9,    0,    0,    0,    0,    0,    0,    0,    0,    0,    0,    0,    0,
       0,    0,    0,    0,    0,    0,    0,    0,    0,    0,    0,    0,   -5,    0,    0,    0,    0,    0,    0,    0,    0,    0,    0,    0,    0,    0,    0,    0,    0,    0,    0,    0,    0,    0,    0,    0,    0,    0,    0,    0,    0,    0,    0,    0,    0,    0,    0,    0,    0,    0,    0,    0,    0,    0,    0,    0,    0,    0,    0,    0,    0,    0,    0,    0,    0,    0,    0,    0,    0,    0,    0,    0,    0,    0,    0,    0,    0,    0,    0,    0,
       0,    0,    0,    0,    0,    0,    0,    0,    0,    0,    0,    0,    0,    0,    0,    0,    0,    0,    0,    0,    0,    0,    0,    0,   -1,    0,    0,    0,    0,    0,    0,    0,    0,    0,    0,    0,    0,    0,    0,    0,    0,    0,    0,    0,    0,    0,    0,    0,    0,    0,    0,    0,    0,    0,    0,    0,    0,    5,    0,    0,    0,    0,    0,    0,    0,    0,    0,    0,    0,    0,    0,    0,    0,    0,    0,    0,    0,    0,    0,    0,
       0,    0,    0,    0,    0,    0,    0,    0,    0,    0,    0,    0,    0,    0,    0,    0,    0,    0,    0,    0,    0,    0,    0,    0,    0,    0,    0,    0,    0,    0,    0,    0,    0,    0,    0,   -3,    0,    0,    0,    0,    0,    0,    0,    0,    0,    0,    0,    0,    0,    0,    0,    0,    0,    0,    0,    0,    0,   -4,    0,   -1,    0,    0,    0,    0,    0,    0,    0,    0,    0,    0,    0,    0,    0,    0,    0,    0,    0,    0,    0,    0,
       0,    0,    0,    0,    0,    0,    0,    0,    0,    0,  -12,    0,  -25,    0,    0,    0,    0,    0,    0,    0,    0,    0,  -16,    0,  -22,    0,    0,    0,  -10,   -8,   -1,  -16,    0,    0,  -28,  -17,  -33,  -27,    0,    0,    0,    0,    0,    0,    0,    0,   -8,  -25,  -10,    0,  -12,    0,    0,  -15,    0,    0,  -25,   -5,  -15,  -15,  -21,  -20,  -27,   -7,   -8,    0,  -14,    0,  -14,    0,    0,    0,  -35,    0,   -8,    0,    0,    0,    0,    0,
       0,    0,    0,    0,    0,    0,    0,    0,    0,    0,    0,    0,    0,    0,    0,    0,    0,    0,    0,    0,    0,    0,    0,    0,   -4,    0,    0,    0,    0,    0,    0,    0,    0,    0,    0,    0,    0,    0,    0,    0,    0,    0,    0,    0,    0,    0,    0,    0,    0,    0,    0,    0,    0,    0,    0,    0,    0,    0,    0,   -1,    0,    0,    0,    0,    0,    0,    0,    0,    0,    0,    0,    0,    0,    0,    0,    0,    0,    0,    0,    0,
       0,    0,    0,    0,    0,    0,    0,    0,    0,    0,  -38,    0,    0,    0,    0,    0,    0,    0,    0,    0,    0,    0,    0,    0,  -13,    0,    0,    0,    0,    0,    0,  -14,    0,    0,    0,    0,    0,    0,    0,    0,    0,    0,    0,    0,    0,    0,    0,    0,    0,    0,  -21,    0,    0,    0,    0,  -22,    0,  -18,    0,    0,    0,    0,    0,    0,    0,    0,    0,    0,    0,    0,    0,    0,    0,    0,    0,    0,    0,    0,    0,    0,
       0,    0,    0,    0,    0,    0,    0,    0,    0,    0,  -43,    0,    0,    0,    0,    0,    0,    0,    0,    0,    0,    0,  -30,    0,  -30,    0,  -12,    0,    0,    0,  -10,  -11,    0,    0,    0,    0,    0,    0,    0,    0,    0,    0,    0,    0,    0,    0,    0,  -14,    0,    0,  -30,    0,    0,    0,    0,  -26,    0,  -12,    0,    0,    0,    0,    0,    0,    0,    0,    0,    0,    0,    0,    0,    0,    0,    0,    0,    0,    0,    0,    0,    0,
       0,    0,    0,    0,    0,    0,    0,    0,    0,    0,  -14,    0,    0,    0,    0,    0,    0,    0,  -10,   -7,  -10,    0,    0,    0,   -1,    0,    0,    0,    0,    0,    0,    0,    0,    0,    0,    0,    0,    0,    0,    0,    0,    0,    0,    0,    0,    0,    0,    0,    0,    0,  -18,    0,    0,    0,    0,    0,    0,   -7,    0,    0,    0,    0,    0,   -5,    0,    0,    0,  -12,    0,    0,    0,    0,    0,    0,    0,    0,    0,    0,    0,    0,
       0,    0,    0,    0,    0,    0,    0,    0,    0,    0,  -20,    0,    0,    0,    0,    0,  -16,    0,  -15,  -23,  -12,    0,    0,    0,    0,    0,    0,    0,    0,    0,    0,    0,    0,    0,    0,    0,    0,    0,    0,    0,    0,    0,    0,    0,    0,    0,    0,    0,    0,    0,  -20,  -12,  -16,    0,    0,  -15,    0,  -14,    0,    0,    0,    0,    0,  -14,    0,    0,    0,  -18,    0,    0,    0,    0,    0,    0,    0,    0,    0,    0,    0,    0,
       0,    0,    0,    0,    0,    0,    0,    0,    0,    0,  -12,    0,    0,    0,    0,    0,  -22,    0,  -22,  -16,  -22,    0,    0,    0,    0,    0,    0,    0,    0,    0,    0,    0,    0,    0,    0,    0,    0,    0,    0,    0,    0,    0,    0,    0,    0,    0,    0,    0,    0,    0,    0,    0,    0,    0,    0,    0,    0,    0,    0,    0,    0,    0,    0,    0,    0,    0,    0,    0,    0,    0,    0,    0,    0,    0,    0,    0,    0,    0,    0,    0,
};

static const EpdLigaturePair ebgaramond_10_boldLigaturePairs[] = {
    { 0x005E0030, 0x2070 }, // ^ 0 -> U+2070
    { 0x005E0031, 0x00B9 }, // ^ 1 -> U+00B9
    { 0x005E0032, 0x00B2 }, // ^ 2 -> U+00B2
    { 0x005E0033, 0x00B3 }, // ^ 3 -> U+00B3
    { 0x005E0034, 0x2074 }, // ^ 4 -> U+2074
    { 0x005E0035, 0x2075 }, // ^ 5 -> U+2075
    { 0x005E0036, 0x2076 }, // ^ 6 -> U+2076
    { 0x005E0037, 0x2077 }, // ^ 7 -> U+2077
    { 0x005E0038, 0x2078 }, // ^ 8 -> U+2078
    { 0x005E0039, 0x2079 }, // ^ 9 -> U+2079
    { 0x00660066, 0xFB00 }, // f f -> U+FB00
    { 0x00660069, 0xFB01 }, // f i -> U+FB01
    { 0x0066006C, 0xFB02 }, // f l -> U+FB02
    { 0xFB000069, 0xFB03 }, // U+FB00 i -> U+FB03
    { 0xFB00006C, 0xFB04 }, // U+FB00 l -> U+FB04
};

static constexpr EpdFontData ebgaramond_10_bold = {
    ebgaramond_10_boldBitmaps,
    ebgaramond_10_boldGlyphs,
    ebgaramond_10_boldIntervals,
    71,
    27,
    21,
    -7,
    true,
    ebgaramond_10_boldGroups,
    14,
    nullptr,
    ebgaramond_10_boldKernLeftClasses,
    ebgaramond_10_boldKernRightClasses,
    ebgaramond_10_boldKernMatrix,
    642,
    680,
    103,
    80,
    ebgaramond_10_boldLigaturePairs,
    15,
};
