/**
 * generated by fontconvert.py
 * name: ebgaramond_14_italic
 * size: 14
 * mode: 2-bit  compressed: true
 * Command used: fontconvert.py ebgaramond_14_italic 14 ../builtinFonts/source/EBGaramond/EBGaramond-Italic.ttf --2bit --compress --pnum --darken-aa
 */
#pragma once
#include "EpdFontData.h"

static const uint8_t ebgaramond_14_italicBitmaps[32501] = {
    0x85, 0x59, 0x4B, 0x6C, 0x23, 0xD9, 0x75, 0xBD, 0x55, 0x35, 0xD3, 0xD5, 0xA3, 0x92, 0x54, 0xBD,
    0x90, 0x81, 0xF9, 0xA8, 0x45, 0x2D, 0x26, 0x40, 0x67, 0x40, 0x91, 0x0A, 0xA2, 0x05, 0x01, 0x17,
    0xC9, 0x02, 0x1A, 0x59, 0x19, 0x88, 0x1B, 0x48, 0x9C, 0x45, 0x12, 0x38, 0xB3, 0xC8, 0xC2, 0x93,
    0xCD, 0x70, 0x21, 0x20, 0x82, 0x4D, 0xB5, 0x6A, 0x3C, 0x0B, 0x03, 0x31, 0x62, 0x37, 0x82, 0x04,
    0x59, 0xD8, 0x40, 0x14, 0x64, 0x16, 0x36, 0x06, 0x8E, 0x08, 0x43, 0x0B, 0x02, 0xC3, 0x6E, 0x3E,
    0x8F, 0x16, 0x59, 0xE4, 0x57, 0x18, 0x27, 0xF1, 0x2E, 0x53, 0x4E, 0x02, 0xC4, 0xE8, 0x41, 0xD0,
    0x15, 0x9B, 0x81, 0x39, 0xED, 0x92, 0x2A, 0xE7, 0xDC, 0x57, 0x25, 0x52, 0x9A, 0x8F, 0xD5, 0x62,
    0x91, 0xCD, 0xAA, 0xF7, 0xEE, 0xEF, 0xDC, 0x73, 0xEF, 0xBB, 0x92, 0x50, 0xA4, 0x2D, 0xD2, 0x17,
    0xE9, 0x89, 0x0C, 0x45, 0x26, 0x22, 0x33, 0x91, 0x5C, 0x9C, 0x4C, 0x5C, 0x23, 0x1E, 0x7E, 0x63,
    0xF1, 0x64, 0xF1, 0x73, 0x28, 0x72, 0x21, 0x72, 0x2E, 0xB2, 0x2D, 0xE2, 0xDE, 0x08, 0x1B, 0xAD,
    0x6E, 0x14, 0xED, 0x0D, 0x06, 0xC7, 0x49, 0xA2, 0xB7, 0x9F, 0x11, 0xD9, 0xEB, 0x88, 0x8C, 0x76,
    0x45, 0xD2, 0x1C, 0x3B, 0xA4, 0xE2, 0xDD, 0x35, 0x72, 0x52, 0xCE, 0x9C, 0xB2, 0xCC, 0x64, 0xB8,
    0x86, 0xDB, 0x4D, 0xDC, 0xDE, 0xC3, 0xED, 0x91, 0xB4, 0xCB, 0x0B, 0xE9, 0x97, 0x73, 0x09, 0x20,
    0x63, 0x2D, 0x10, 0x69, 0xF2, 0xF6, 0x26, 0x6E, 0x63, 0x87, 0x07, 0xB7, 0x16, 0x32, 0xB1, 0x99,
    0x3C, 0x3B, 0xC2, 0xE5, 0xE9, 0x85, 0x11, 0xFF, 0x07, 0xEF, 0x27, 0x12, 0x7A, 0x5F, 0x17, 0x69,
    0x78, 0xBE, 0x48, 0x2B, 0x80, 0x76, 0x6D, 0x2C, 0x94, 0xF6, 0xEF, 0xE3, 0x12, 0x42, 0x79, 0xF1,
    0x79, 0x71, 0xCF, 0xB9, 0xB4, 0xE4, 0xA7, 0xF7, 0x8D, 0x88, 0xF7, 0xF9, 0x54, 0x6E, 0xFA, 0x7E,
    0x26, 0xAB, 0xEB, 0x5E, 0x2A, 0xCD, 0x55, 0xDF, 0x48, 0x74, 0x27, 0x4C, 0xA4, 0xBF, 0x0B, 0xEB,
    0xBF, 0xF2, 0x74, 0x8E, 0xE7, 0x1E, 0xC7, 0x22, 0x8E, 0xE1, 0x82, 0xB8, 0x12, 0xEC, 0xEA, 0x15,
    0x1E, 0x0A, 0x53, 0x89, 0x44, 0x06, 0x03, 0x81, 0x16, 0xE9, 0x9E, 0x3A, 0x66, 0x1F, 0x0A, 0x7B,
    0xC9, 0x08, 0xEA, 0x06, 0x92, 0xEF, 0xF3, 0xFA, 0xE3, 0x14, 0x0F, 0xBA, 0x67, 0x70, 0x44, 0xE0,
    0xFD, 0x66, 0x00, 0xCB, 0xBF, 0xD7, 0xD9, 0x1F, 0x88, 0xDC, 0xCB, 0x33, 0x98, 0xEB, 0x9D, 0x19,
    0x3E, 0x84, 0x15, 0xB0, 0x33, 0x88, 0x73, 0x58, 0x19, 0x48, 0x06, 0x79, 0x01, 0x76, 0xF3, 0x63,
    0x75, 0x01, 0x56, 0xC0, 0x01, 0x58, 0x41, 0x6B, 0x32, 0x91, 0x87, 0xD0, 0x7F, 0x2E, 0xEE, 0x0F,
    0xC5, 0xCB, 0x26, 0xE2, 0xFE, 0x2C, 0xF1, 0x13, 0x6C, 0xF1, 0x37, 0x49, 0x48, 0xA5, 0x7C, 0xBE,
    0x39, 0xBF, 0x33, 0x95, 0xF0, 0x15, 0x69, 0x94, 0x85, 0x04, 0x1F, 0x98, 0x7E, 0xF9, 0x40, 0xC2,
    0x38, 0xCB, 0xE1, 0x8C, 0x86, 0xC9, 0x52, 0xE8, 0xD7, 0x29, 0xCD, 0x7F, 0xFE, 0x10, 0x5B, 0xBE,
    0x20, 0x47, 0x67, 0x22, 0x94, 0x7F, 0x57, 0xDF, 0x04, 0x8E, 0x3B, 0x10, 0xEA, 0x4C, 0xB3, 0x64,
    0x5D, 0x83, 0xCF, 0x8F, 0x0D, 0x98, 0x0F, 0x57, 0x04, 0x1F, 0x4A, 0x03, 0xF2, 0xDD, 0xB2, 0x2C,
    0x19, 0xD6, 0x76, 0x49, 0xF7, 0x88, 0xF3, 0x5A, 0xAC, 0x3E, 0x09, 0xA5, 0x85, 0x67, 0xF7, 0x64,
    0x20, 0x49, 0xED, 0xA5, 0xDB, 0xDC, 0x0F, 0x90, 0x81, 0x57, 0xA1, 0x56, 0x57, 0x64, 0x4C, 0x0C,
    0x79, 0x19, 0x01, 0x14, 0x24, 0xFC, 0xAE, 0x81, 0x50, 0xE9, 0x9D, 0xE8, 0xE3, 0x7E, 0x9B, 0xBA,
    0xC5, 0xBA, 0x6A, 0xE4, 0x70, 0x4F, 0xA0, 0xAB, 0xA3, 0x5F, 0xE3, 0x77, 0xCB, 0x86, 0xE0, 0xEA,
    0xEF, 0xF2, 0x7E, 0x43, 0x62, 0xD6, 0x81, 0xBC, 0x74, 0x59, 0x01, 0x7E, 0xA1, 0xFF, 0xEB, 0xD4,
    0x38, 0xDA, 0xD8, 0x95, 0xB5, 0x81, 0xF8, 0x3F, 0x96, 0xA0, 0x8C, 0xA7, 0xB8, 0x3B, 0x11, 0x6F,
    0xED, 0x12, 0xDC, 0x1E, 0x8C, 0xF1, 0xCC, 0x47, 0x5E, 0x47, 0x65, 0x59, 0xFC, 0xD1, 0xDB, 0x8F,
    0xDF, 0xFA, 0xB8, 0x7B, 0xBA, 0xC6, 0x21, 0x5E, 0xC2, 0xCC, 0xCF, 0x25, 0x73, 0x52, 0xCF, 0x84,
    0x0C, 0xE0, 0x46, 0xBB, 0xE8, 0x1F, 0x43, 0xAF, 0xF3, 0x02, 0x76, 0x68, 0x38, 0x53, 0xBB, 0xC0,
    0xB7, 0xDE, 0xA6, 0x55, 0x7C, 0x8E, 0x70, 0x72, 0x3E, 0xE1, 0x56, 0x6E, 0xC1, 0x48, 0x11, 0xC1,
    0xB5, 0x5B, 0xC7, 0xD6, 0x1A, 0xDC, 0x7C, 0x12, 0xCB, 0x3A, 0x16, 0x47, 0xB0, 0x3C, 0xF7, 0x32,
    0x37, 0xF3, 0x32, 0xCF, 0x78, 0x69, 0x80, 0x57, 0x18, 0x7B, 0xA6, 0x21, 0x81, 0x69, 0x4B, 0x98,
    0xF4, 0xE0, 0x85, 0x2E, 0xB2, 0x3C, 0xC2, 0xBF, 0x21, 0x3C, 0x33, 0xC4, 0xE6, 0x5C, 0x12, 0x05,
    0xB1, 0x84, 0x48, 0x78, 0x27, 0xA9, 0x52, 0x77, 0x22, 0x8D, 0x82, 0xD9, 0x03, 0xD7, 0xB9, 0x75,
    0xF8, 0xE8, 0xD1, 0xAB, 0x11, 0xAC, 0x59, 0xC2, 0x9B, 0xCB, 0xB4, 0xB4, 0x10, 0x78, 0x16, 0xC8,
    0xA0, 0x47, 0x3F, 0x28, 0xA0, 0x68, 0x21, 0x77, 0xF0, 0xC0, 0x2D, 0x3E, 0x44, 0x30, 0xD1, 0x12,
    0x08, 0x23, 0x0E, 0x18, 0x64, 0xE2, 0x8F, 0x86, 0xD1, 0xA8, 0x8E, 0x7A, 0xE6, 0x81, 0x0F, 0xA2,
    0x68, 0x94, 0x25, 0x7C, 0x7D, 0x51, 0x05, 0xE3, 0x33, 0x04, 0x9F, 0x91, 0xC6, 0x49, 0x26, 0xFB,
    0x5E, 0x2E, 0xAF, 0x42, 0x15, 0x75, 0x52, 0x68, 0xBD, 0x00, 0xFD, 0xA4, 0x81, 0xFC, 0x7E, 0x79,
    0x8A, 0xFF, 0xF7, 0x21, 0xBB, 0x1D, 0x2B, 0x8B, 0x91, 0xC6, 0x14, 0xD1, 0x20, 0x00, 0x37, 0x95,
    0x19, 0x54, 0x2E, 0xFF, 0xEB, 0x92, 0x46, 0xB6, 0xAB, 0x38, 0xC4, 0xD6, 0x9B, 0x77, 0xF0, 0xFA,
    0x6B, 0x3C, 0xF7, 0x4D, 0x91, 0x15, 0x3C, 0xD8, 0x44, 0x0A, 0x8C, 0xBA, 0x50, 0x6D, 0x88, 0x50,
    0xC0, 0x11, 0x65, 0x99, 0x42, 0x9F, 0x84, 0x8E, 0x90, 0x5A, 0x7C, 0x60, 0xA0, 0x56, 0x51, 0xEF,
    0x07, 0x87, 0xBD, 0x5E, 0xE0, 0x8B, 0x5C, 0xFC, 0xEF, 0xC6, 0xB2, 0x8A, 0x6F, 0x5E, 0xAE, 0x6C,
    0x3A, 0x82, 0xA9, 0x7D, 0xE8, 0xE0, 0x93, 0x83, 0xA8, 0x23, 0xF5, 0x0B, 0xEB, 0x97, 0x28, 0xA4,
    0xF5, 0xC1, 0x4C, 0x0E, 0x5E, 0x8A, 0xA5, 0xBF, 0xD0, 0xF1, 0x06, 0x5E, 0xA7, 0xD6, 0x57, 0x70,
    0xB3, 0x0B, 0xB9, 0x70, 0xBE, 0x66, 0x27, 0xC4, 0x52, 0x15, 0xDF, 0xDC, 0x93, 0xF0, 0xCD, 0x0B,
    0x69, 0xAC, 0x4C, 0xF1, 0x75, 0x3B, 0xEE, 0x22, 0x2E, 0x43, 0xBC, 0x26, 0xB2, 0x03, 0xBE, 0xE8,
    0xC0, 0x03, 0x19, 0x74, 0x8F, 0xC5, 0x79, 0x50, 0x6F, 0x09, 0x04, 0xC7, 0x52, 0xD2, 0xB5, 0xE0,
    0x3D, 0x71, 0x62, 0xE4, 0x2D, 0x7E, 0xC8, 0x73, 0xF4, 0x84, 0x90, 0x3A, 0x6D, 0x8A, 0x10, 0x56,
    0xCA, 0x7F, 0x84, 0xA2, 0xDA, 0xA3, 0x68, 0xC3, 0x86, 0x10, 0x9D, 0x58, 0xBA, 0x10, 0xD9, 0xAC,
    0x19, 0x59, 0x2A, 0x09, 0xBF, 0x8D, 0x05, 0xDF, 0x4A, 0xA4, 0x89, 0x18, 0xEF, 0x43, 0x61, 0xE0,
    0x10, 0x2F, 0x23, 0x73, 0x80, 0x6B, 0x82, 0x87, 0x99, 0x08, 0x21, 0x76, 0x7D, 0x07, 0xEC, 0xF0,
    0xEE, 0x0C, 0x51, 0x2A, 0xA0, 0xEF, 0x21, 0x50, 0xD8, 0x05, 0x38, 0x22, 0xBC, 0x4F, 0x64, 0x88,
    0x78, 0xB6, 0x4F, 0x12, 0x71, 0xFE, 0x5C, 0x69, 0x26, 0x56, 0xE7, 0x39, 0x66, 0x02, 0x81, 0x3D,
    0xB8, 0xAA, 0x87, 0x47, 0xFB, 0x58, 0xD4, 0x93, 0xFB, 0xFC, 0xF4, 0xBD, 0x89, 0xB4, 0xF3, 0xB9,
    0x38, 0x4E, 0x85, 0x2B, 0x3A, 0x88, 0xB1, 0x1F, 0x5A, 0x5C, 0xF8, 0xF8, 0xEF, 0x8E, 0x90, 0x8C,
    0xF0, 0x38, 0x5D, 0xE8, 0xE7, 0x7E, 0xE6, 0xD4, 0x8C, 0x8E, 0xA7, 0xCE, 0xA1, 0xC1, 0x36, 0xB1,
    0x7C, 0x84, 0x07, 0x36, 0x2A, 0xA2, 0xBF, 0x9E, 0xC1, 0x22, 0xCF, 0xE3, 0x5B, 0xA0, 0xB7, 0x9D,
    0xEA, 0x1B, 0x22, 0xEA, 0xE3, 0xAD, 0x9F, 0xD8, 0x5D, 0xC9, 0x8E, 0xF2, 0x88, 0x2E, 0x61, 0xA9,
    0x99, 0xC6, 0xD5, 0x07, 0x72, 0x2A, 0xD8, 0xB2, 0x2C, 0xFA, 0xE5, 0x02, 0x26, 0xCB, 0xDF, 0xBD,
    0x2A, 0x9F, 0xB4, 0x9E, 0x35, 0xCB, 0x99, 0xEB, 0x1D, 0x56, 0x2E, 0x8A, 0xE5, 0x5B, 0x52, 0x6D,
    0x2A, 0xCA, 0x23, 0xDE, 0x39, 0x52, 0x5E, 0x83, 0x81, 0x38, 0x39, 0x5A, 0x9E, 0x81, 0xA8, 0x29,
    0x55, 0x6B, 0x24, 0x04, 0x7E, 0x47, 0x61, 0x7D, 0xB3, 0x5E, 0x01, 0x3F, 0x1C, 0xA9, 0x40, 0x35,
    0x33, 0xB8, 0x60, 0x81, 0xBB, 0xF8, 0xDD, 0x99, 0xFA, 0xAC, 0xA5, 0x99, 0x82, 0x20, 0xE5, 0xF2,
    0x87, 0xBF, 0x65, 0x3C, 0xD3, 0x3E, 0xF9, 0x81, 0xF1, 0x25, 0x0F, 0x92, 0x14, 0x8C, 0x12, 0x3A,
    0x66, 0x33, 0x90, 0x2D, 0xD7, 0x44, 0x21, 0x98, 0x22, 0xE9, 0x34, 0xE4, 0xC0, 0x17, 0x5C, 0xF3,
    0xDB, 0xD2, 0x09, 0x1F, 0xFF, 0xDF, 0xA9, 0x44, 0xEE, 0x5B, 0x47, 0x2A, 0xB1, 0x02, 0x73, 0x42,
    0xC8, 0xC2, 0xF5, 0xEE, 0x87, 0xBF, 0x31, 0x51, 0x7B, 0x93, 0xA5, 0x0A, 0xCA, 0x6C, 0x53, 0x6B,
    0x1D, 0xE6, 0x83, 0xC7, 0x55, 0x6B, 0x43, 0x66, 0x20, 0xAA, 0x84, 0x0C, 0x48, 0x11, 0x66, 0x46,
    0x34, 0x22, 0x7A, 0x2B, 0x0C, 0x61, 0xEB, 0x6D, 0xB8, 0xE7, 0xCB, 0xBC, 0x64, 0x08, 0xB0, 0x67,
    0x94, 0xD4, 0x91, 0x7B, 0x11, 0xF5, 0x1E, 0xE3, 0x02, 0x67, 0x1D, 0x99, 0xE9, 0x85, 0x5F, 0xCE,
    0x96, 0x7C, 0x1C, 0x28, 0x7B, 0x14, 0xC4, 0xDA, 0x9C, 0x09, 0x9B, 0x23, 0x5D, 0x9C, 0x1C, 0xEC,
    0xE1, 0xEA, 0x2E, 0x29, 0xD6, 0x7A, 0xE6, 0x21, 0x9F, 0x23, 0x91, 0xBC, 0x41, 0x2F, 0x90, 0xCD,
    0x1A, 0x04, 0x4F, 0x8F, 0xEC, 0xC6, 0x54, 0x02, 0x3E, 0xDA, 0x2C, 0x1E, 0x7D, 0x52, 0x17, 0x8A,
    0x6E, 0x81, 0xF5, 0x9A, 0x40, 0xD5, 0xCF, 0xB3, 0x0F, 0xE8, 0xC2, 0xE9, 0x77, 0x50, 0x29, 0x81,
    0x97, 0x87, 0xD8, 0xDB, 0x25, 0x54, 0x7D, 0x56, 0x72, 0x4A, 0x56, 0x24, 0x2A, 0x0D, 0x69, 0x9C,
    0x95, 0x03, 0xA5, 0xB8, 0x7A, 0x99, 0x58, 0x1C, 0x82, 0x3F, 0x7A, 0x8C, 0x58, 0xC8, 0x32, 0xE0,
    0xA7, 0xCC, 0xF5, 0x47, 0x27, 0xD8, 0xE2, 0xC6, 0xA5, 0x30, 0x09, 0xD9, 0x34, 0xD1, 0x75, 0xF7,
    0x95, 0xD7, 0xE0, 0x02, 0xAC, 0xA3, 0x6D, 0x73, 0x85, 0x7A, 0x5E, 0x7F, 0x28, 0x94, 0x29, 0x0A,
    0xE5, 0xA8, 0x82, 0x8C, 0x8D, 0xEF, 0x11, 0x0F, 0xE0, 0x09, 0xF0, 0x80, 0x1B, 0x60, 0x17, 0xEC,
    0x68, 0x29, 0x81, 0xD1, 0xE4, 0x84, 0xE2, 0x7B, 0xD4, 0x84, 0x90, 0x03, 0x99, 0xA4, 0xE8, 0xC3,
    0xCA, 0x0F, 0x2B, 0x52, 0xAB, 0xC8, 0x2D, 0x54, 0x0C, 0x17, 0x0C, 0xF2, 0x9C, 0xA8, 0x9A, 0x81,
    0xDE, 0x28, 0x4C, 0x15, 0xD0, 0xCC, 0x83, 0x24, 0x54, 0xCF, 0xE0, 0x5F, 0xBF, 0x08, 0x4D, 0x9F,
    0x14, 0xF4, 0xE7, 0x26, 0x1D, 0x70, 0xD3, 0x12, 0x96, 0x45, 0x87, 0x1A, 0x3B, 0x27, 0x40, 0x50,
    0x30, 0x12, 0x6F, 0x86, 0x87, 0xA6, 0xE5, 0x25, 0xCF, 0xAB, 0xA0, 0x60, 0x21, 0xA8, 0xB0, 0x82,
    0x36, 0xAC, 0x20, 0x37, 0xAF, 0x05, 0x79, 0x56, 0xD0, 0x1F, 0x40, 0xC6, 0x07, 0xE7, 0x14, 0xB4,
    0xBA, 0x2C, 0xA8, 0x5B, 0x39, 0x74, 0x21, 0x4D, 0x73, 0x16, 0x36, 0x25, 0x97, 0x62, 0x1C, 0x54,
    0x61, 0xE7, 0x11, 0x02, 0x17, 0x1A, 0x28, 0x71, 0x08, 0x01, 0x08, 0x9C, 0xA4, 0x08, 0x9C, 0x68,
    0xE0, 0x62, 0x52, 0xF4, 0x52, 0xE0, 0x1E, 0xDA, 0xED, 0xDC, 0xBF, 0x38, 0x26, 0xC5, 0xA3, 0xFF,
    0x82, 0xA8, 0x09, 0x6D, 0xD2, 0x96, 0xA3, 0xCF, 0xB4, 0x54, 0x30, 0x7A, 0x39, 0x5D, 0x38, 0x7D,
    0x1B, 0x5A, 0x3A, 0x6F, 0x2D, 0x83, 0x31, 0xF5, 0xCB, 0x54, 0x03, 0x7E, 0x6E, 0x4B, 0xE0, 0xC4,
    0xDA, 0x33, 0x53, 0xFF, 0x29, 0x77, 0x99, 0x8A, 0xD0, 0xD5, 0xA1, 0x8A, 0x4E, 0x2D, 0x10, 0x8C,
    0x72, 0xC3, 0x76, 0x5E, 0x6D, 0x5B, 0x2D, 0x7A, 0x5A, 0x7C, 0xE9, 0x9F, 0x96, 0xB5, 0xB1, 0x6B,
    0xAD, 0x1C, 0xDA, 0x4A, 0x37, 0x5E, 0xEC, 0x0C, 0xB0, 0xCF, 0xC8, 0xF8, 0xD2, 0xBF, 0x90, 0x2B,
    0x3F, 0x01, 0xAA, 0x14, 0x1B, 0x77, 0xF5, 0xD0, 0xCC, 0x6A, 0xE4, 0x56, 0x04, 0x5A, 0x55, 0x36,
    0x25, 0x52, 0x8A, 0xA3, 0xAC, 0x56, 0xE5, 0x56, 0x8A, 0x18, 0x57, 0x05, 0x95, 0x34, 0xB8, 0xC8,
    0x04, 0x6D, 0x42, 0xCB, 0x9A, 0xC7, 0x16, 0x9E, 0xD7, 0xDD, 0x6D, 0xF8, 0x96, 0x70, 0x22, 0x56,
    0x84, 0xCA, 0x50, 0x21, 0x36, 0x51, 0x16, 0x38, 0xD1, 0xF0, 0x51, 0x12, 0x35, 0x5B, 0x5E, 0xAF,
    0x05, 0x09, 0x52, 0xF7, 0xC9, 0x22, 0xF7, 0x49, 0x86, 0xED, 0xF4, 0x8A, 0x61, 0x69, 0xBF, 0xD4,
    0xCC, 0x0A, 0x1F, 0xA8, 0x06, 0xBA, 0x5B, 0xCE, 0xAE, 0x0A, 0x06, 0x6A, 0x25, 0xF3, 0xB2, 0xA6,
    0xBE, 0xA5, 0x23, 0xD5, 0xF9, 0x4C, 0x41, 0x11, 0xFC, 0xBB, 0xCD, 0x30, 0xEB, 0xA7, 0x46, 0xDB,
    0xD2, 0xB4, 0xA6, 0xB0, 0xF4, 0x7C, 0x95, 0x10, 0x79, 0xB9, 0xB5, 0xAC, 0xB0, 0xB6, 0x3D, 0xB2,
    0xD6, 0xB1, 0xDF, 0x40, 0xEB, 0xC3, 0x06, 0x1D, 0x8E, 0x2E, 0xCB, 0xAB, 0x8E, 0x16, 0x4F, 0x99,
    0xFF, 0xFE, 0x55, 0x48, 0xCE, 0x6A, 0xC3, 0xDC, 0x45, 0x02, 0x5D, 0xF3, 0x49, 0x5C, 0x79, 0xFE,
    0xD2, 0x31, 0x4C, 0x52, 0x70, 0x3C, 0x9A, 0xD4, 0xC4, 0x2D, 0xA4, 0x11, 0x83, 0x86, 0xAE, 0xCB,
    0x02, 0xF0, 0xD8, 0x16, 0x30, 0x28, 0x5E, 0x51, 0xED, 0xEB, 0x16, 0xB6, 0xDE, 0xEA, 0x37, 0x6D,
    0xF5, 0x1E, 0x5C, 0x32, 0xA5, 0x8C, 0xF5, 0x48, 0x9C, 0x7F, 0xD6, 0x1A, 0x1E, 0x89, 0xFF, 0x79,
    0xAD, 0xFB, 0x91, 0xAC, 0xA9, 0xBC, 0x41, 0x24, 0x1D, 0x0D, 0x46, 0x16, 0xF1, 0x97, 0x8D, 0x40,
    0xE4, 0x9A, 0xA1, 0xF6, 0xC5, 0xDD, 0x40, 0x8D, 0x08, 0xA4, 0xBB, 0xA9, 0x11, 0x06, 0x6D, 0x0E,
    0xD4, 0xA2, 0x1D, 0xE9, 0xA5, 0x6A, 0x10, 0x12, 0x22, 0x51, 0x67, 0x91, 0x38, 0xF9, 0x01, 0x28,
    0x8C, 0xF4, 0x2C, 0x06, 0x1C, 0xEE, 0xC9, 0xC7, 0xE8, 0x2D, 0xEC, 0x34, 0xD5, 0x55, 0x0F, 0x6D,
    0x77, 0x34, 0xB5, 0xB0, 0x38, 0x89, 0xB5, 0x21, 0xF9, 0x3B, 0xA3, 0x6D, 0xDE, 0x59, 0xCA, 0x8A,
    0xE6, 0xBE, 0x91, 0xB3, 0x24, 0x7B, 0x90, 0x39, 0x60, 0x73, 0x32, 0x64, 0xA7, 0xB2, 0x02, 0x01,
    0x29, 0xBB, 0x97, 0x36, 0x5B, 0x96, 0x55, 0x1C, 0xBC, 0x12, 0xB6, 0x86, 0xC1, 0x9B, 0x31, 0x39,
    0xD5, 0x3B, 0xD3, 0x26, 0xC5, 0x7B, 0xAC, 0x3D, 0xB6, 0x53, 0xA5, 0x60, 0xD5, 0x42, 0xDD, 0x27,
    0x33, 0xD8, 0x5A, 0x7E, 0x49, 0xEB, 0x58, 0xE5, 0x3E, 0x55, 0x55, 0x10, 0x08, 0x12, 0xA9, 0xF6,
    0xBF, 0xC0, 0x81, 0x9B, 0xC3, 0x99, 0x4E, 0x0E, 0x15, 0x9D, 0x19, 0xB2, 0xDE, 0x99, 0xDD, 0xE7,
    0x26, 0x0F, 0x99, 0x6B, 0x45, 0x75, 0xF1, 0x33, 0x75, 0xF9, 0x84, 0x91, 0x9C, 0x90, 0x43, 0x22,
    0x5A, 0xD5, 0xA2, 0x13, 0xC2, 0x18, 0xAB, 0xDD, 0xA7, 0x04, 0xD9, 0x8B, 0xF1, 0xA2, 0x19, 0x38,
    0x67, 0xAD, 0x67, 0xD8, 0xD9, 0x2C, 0xB9, 0xAC, 0x51, 0x68, 0xDE, 0x73, 0x2B, 0xD5, 0xE7, 0x25,
    0x48, 0x70, 0x23, 0x8C, 0x01, 0x0F, 0x2D, 0x4F, 0xAD, 0x1B, 0xF0, 0x7B, 0xF7, 0x95, 0xF8, 0x1A,
    0xA7, 0x2E, 0x41, 0xCA, 0xE7, 0x65, 0xBA, 0xE4, 0x67, 0xF2, 0x1D, 0xEA, 0x09, 0xE8, 0x24, 0xC5,
    0x56, 0x7D, 0x42, 0x10, 0x5A, 0x4E, 0x48, 0x0F, 0x43, 0x46, 0xA8, 0x8B, 0x03, 0xAA, 0x74, 0x09,
    0x94, 0x1E, 0xCA, 0x81, 0x1C, 0x32, 0x06, 0x13, 0x42, 0xA1, 0x20, 0x07, 0xCE, 0xFB, 0xDC, 0xB7,
    0x4D, 0x48, 0x35, 0x88, 0x52, 0x38, 0x85, 0x87, 0x09, 0xF0, 0x26, 0xF8, 0x0E, 0xAB, 0x1F, 0xFD,
    0x1E, 0xD6, 0xDC, 0x20, 0xD0, 0x5F, 0xC2, 0x36, 0xEE, 0x85, 0x5A, 0x85, 0xEF, 0x8F, 0x83, 0x0B,
    0x1E, 0x88, 0xA6, 0xD9, 0x1A, 0x33, 0x53, 0x7B, 0x9B, 0x64, 0xC9, 0x68, 0x99, 0x53, 0x60, 0x0E,
    0x4E, 0x70, 0xAC, 0xD1, 0xBC, 0x50, 0x3F, 0x14, 0x92, 0x94, 0x62, 0x12, 0x3D, 0xAD, 0x48, 0xF8,
    0x6F, 0x40, 0x72, 0xFB, 0x75, 0x76, 0xBE, 0xCC, 0x10, 0x9E, 0x55, 0x64, 0x42, 0xAD, 0xE7, 0x8E,
    0x0E, 0x27, 0x0A, 0x12, 0x04, 0x75, 0x81, 0x61, 0xD3, 0x0B, 0x7B, 0xE8, 0xAF, 0xC3, 0xE8, 0x3C,
    0x45, 0x3A, 0x04, 0x89, 0x52, 0xE7, 0x3A, 0x31, 0xBA, 0x46, 0x26, 0x7B, 0xAE, 0xE2, 0x1A, 0x05,
    0xBB, 0xA6, 0x87, 0x5F, 0x27, 0x4B, 0x45, 0x60, 0xCA, 0xFF, 0xB8, 0xF3, 0x0C, 0xED, 0x5C, 0x25,
    0x65, 0x35, 0xAB, 0x9E, 0x03, 0x0D, 0x3A, 0xF9, 0xF0, 0x2B, 0x8F, 0x29, 0xE6, 0xB5, 0xAA, 0x46,
    0x3E, 0x83, 0xF2, 0x58, 0xCE, 0x5B, 0x71, 0xE1, 0xE4, 0x1D, 0xC4, 0x62, 0x74, 0x0C, 0x07, 0xBF,
    0xFA, 0xD1, 0xB2, 0xF5, 0x69, 0x39, 0xDE, 0xFD, 0x48, 0x91, 0xB4, 0xFA, 0xB4, 0x97, 0xCA, 0x96,
    0x65, 0x14, 0xC3, 0x43, 0xC6, 0xB9, 0x96, 0xA7, 0x42, 0xBB, 0xBA, 0x19, 0x17, 0x52, 0x58, 0x47,
    0xA5, 0x0D, 0x54, 0xDC, 0x48, 0xE5, 0xD1, 0x8F, 0xE4, 0x0D, 0x48, 0x74, 0xF5, 0xF8, 0xEB, 0xC5,
    0x5A, 0xFF, 0x95, 0xD3, 0x57, 0xD4, 0x0D, 0xAB, 0x2A, 0xBB, 0xA9, 0x9F, 0x77, 0x55, 0x19, 0xB6,
    0xD1, 0x69, 0x10, 0xD7, 0xEC, 0x25, 0x2F, 0x5C, 0x82, 0xB5, 0x5F, 0xC6, 0xFD, 0x73, 0x38, 0x3A,
    0x64, 0x98, 0x42, 0xCA, 0x69, 0x52, 0xCC, 0x80, 0x0E, 0xE2, 0x71, 0xDB, 0x63, 0xC1, 0xE2, 0xC1,
    0x3D, 0x69, 0xD2, 0x40, 0x24, 0x68, 0xC8, 0x84, 0x0C, 0x79, 0xB6, 0x68, 0x90, 0xB2, 0xDB, 0x3C,
    0x67, 0xB5, 0x48, 0xBD, 0x7D, 0x53, 0x57, 0xD8, 0xEE, 0xE5, 0x99, 0xE3, 0xD6, 0xB2, 0xA1, 0xFD,
    0xF2, 0x8D, 0xB2, 0x74, 0xCB, 0x39, 0x13, 0x07, 0x1D, 0x49, 0x0C, 0x03, 0x35, 0x02, 0x78, 0x87,
    0x35, 0x23, 0x16, 0x04, 0x7C, 0x99, 0xF2, 0xFD, 0x84, 0x07, 0x63, 0x2F, 0x05, 0x9D, 0xAD, 0xD3,
    0xCD, 0x7E, 0x48, 0x47, 0x7A, 0x66, 0xB5, 0xC1, 0x23, 0xB5, 0x6F, 0xF6, 0x5A, 0x7A, 0xC4, 0x4C,
    0xB2, 0x1E, 0xF5, 0x08, 0xBE, 0x9A, 0x74, 0xA9, 0x4A, 0xF8, 0x39, 0x89, 0xE8, 0xEF, 0x70, 0x53,
    0x22, 0x2A, 0x14, 0x0E, 0xE4, 0x90, 0x3A, 0xA1, 0xFD, 0x61, 0x0B, 0xCE, 0x6E, 0xFB, 0xBC, 0x8A,
    0x8E, 0x66, 0x57, 0xD3, 0x26, 0x18, 0x7F, 0x96, 0xCB, 0x5E, 0x58, 0x66, 0x47, 0x85, 0xB6, 0x4D,
    0xCC, 0x1E, 0x2D, 0x95, 0x2D, 0x9D, 0xAA, 0x34, 0xE8, 0x47, 0x6B, 0xBA, 0x84, 0xDF, 0xD0, 0x2A,
    0xF3, 0x13, 0x0D, 0x60, 0x2E, 0x35, 0x22, 0x24, 0xD0, 0xCF, 0x4D, 0xBD, 0x0E, 0xB4, 0xD4, 0x99,
    0xB1, 0x56, 0xB8, 0xA1, 0x76, 0xD2, 0x91, 0x96, 0x8D, 0xAE, 0x56, 0xDB, 0x23, 0xB4, 0xF6, 0x17,
    0x9E, 0x9D, 0xBD, 0x2C, 0x64, 0x1B, 0xC8, 0x2E, 0xE8, 0x9F, 0x09, 0x4D, 0x3F, 0xA4, 0x1B, 0x7B,
    0x54, 0xB3, 0x8F, 0x68, 0x4B, 0x9B, 0x05, 0x2F, 0xD4, 0x41, 0x18, 0xF7, 0x66, 0x8E, 0x57, 0xF8,
    0x8B, 0x3F, 0xA1, 0xEE, 0x12, 0x7A, 0x8E, 0x45, 0x9D, 0xB9, 0xDE, 0x32, 0xB0, 0x07, 0x09, 0xFF,
    0x85, 0x47, 0x88, 0x1D, 0x7D, 0x66, 0x4F, 0x69, 0x66, 0x5B, 0xED, 0xD6, 0x93, 0x45, 0xDD, 0xD1,
    0x5A, 0x03, 0x6D, 0xF1, 0xEC, 0xFF, 0x92, 0xAF, 0x6F, 0x0A, 0xFA, 0x2F, 0xB6, 0xBD, 0x29, 0xBD,
    0x8B, 0x02, 0x05, 0x06, 0x41, 0x47, 0xB8, 0x24, 0xFD, 0x15, 0xF4, 0x51, 0x8F, 0xEE, 0x5D, 0xCE,
    0x0E, 0x9C, 0xA5, 0x03, 0xB8, 0x6F, 0xEC, 0xD9, 0x98, 0xE6, 0x2C, 0xB7, 0x29, 0xD1, 0xA2, 0x4D,
    0xF9, 0xC4, 0x25, 0x4B, 0x9D, 0x0D, 0xCD, 0xEF, 0xCF, 0x69, 0x4A, 0x07, 0xFF, 0x22, 0x04, 0xBA,
    0x89, 0xD6, 0xF5, 0x36, 0xA8, 0x62, 0x1D, 0xFF, 0x70, 0xD6, 0xC0, 0x3F, 0x1F, 0x89, 0x83, 0x86,
    0x35, 0x41, 0xEB, 0x69, 0x5C, 0xA3, 0xE7, 0x62, 0xD5, 0xEC, 0xC5, 0xD9, 0xA7, 0xAB, 0x15, 0x5E,
    0x53, 0x6B, 0xF2, 0x4B, 0xD4, 0xBA, 0x66, 0xC9, 0xC4, 0x6A, 0xA6, 0x1C, 0xD3, 0xAC, 0x1A, 0x89,
    0x9F, 0xA3, 0x89, 0x3F, 0xE3, 0x94, 0x30, 0x83, 0x76, 0xFB, 0xAA, 0xED, 0x3E, 0x3E, 0x3D, 0xA8,
    0x66, 0x57, 0x68, 0xDD, 0x67, 0x9F, 0xF9, 0xC2, 0x17, 0xEE, 0xDD, 0x82, 0x8C, 0x31, 0xEE, 0xAD,
    0xD7, 0x33, 0x2D, 0x6C, 0xDD, 0x42, 0xAF, 0x89, 0x3E, 0xD4, 0xBF, 0x0B, 0x3A, 0x43, 0xC6, 0x8C,
    0x42, 0xE0, 0xAD, 0x8D, 0xDC, 0xB9, 0x0F, 0x3D, 0x0B, 0xB9, 0xED, 0x0D, 0x25, 0xBA, 0x7D, 0x7A,
    0xDC, 0x3F, 0xFD, 0x85, 0xE9, 0x9B, 0x0B, 0xC4, 0x06, 0xF9, 0xF8, 0x22, 0x0E, 0x38, 0xF5, 0x64,
    0xED, 0x40, 0xA7, 0x11, 0x8B, 0x69, 0xF0, 0xB9, 0xFF, 0xB5, 0x46, 0xF0, 0x7C, 0x18, 0x0E, 0x1A,
    0x0D, 0xD3, 0x6A, 0x4B, 0xD4, 0x93, 0x71, 0x24, 0xF9, 0xD8, 0x4B, 0x4F, 0xC3, 0x78, 0x8C, 0xB3,
    0x79, 0x66, 0xA7, 0x77, 0x3A, 0xBE, 0xCC, 0x32, 0x3B, 0x7E, 0x6B, 0x2C, 0x8D, 0xE9, 0x10, 0xA3,
    0xF1, 0x73, 0x72, 0x38, 0xE4, 0x93, 0x37, 0xF4, 0xC1, 0x2F, 0x55, 0xA4, 0x37, 0xBC, 0x16, 0xC1,
    0x4C, 0x27, 0x38, 0x02, 0xBD, 0xC3, 0x9F, 0x1B, 0x19, 0x86, 0x89, 0x93, 0x83, 0x7D, 0x70, 0x38,
    0x0F, 0xE3, 0x2D, 0x6C, 0xD9, 0xC5, 0x86, 0x13, 0x2C, 0x2A, 0xE4, 0xD4, 0x1B, 0x6F, 0xE7, 0x6B,
    0xA7, 0xC7, 0xB3, 0xFD, 0x32, 0x99, 0xC2, 0x86, 0x8D, 0x8A, 0x53, 0xDA, 0xB9, 0xE4, 0x23, 0xCF,
    0xE4, 0x81, 0x9B, 0x86, 0x2D, 0x16, 0xFB, 0x85, 0x06, 0xBE, 0x1C, 0x36, 0x79, 0xBF, 0x3A, 0x69,
    0xBD, 0x66, 0x49, 0x96, 0xFF, 0x59, 0xD5, 0x64, 0xE9, 0x68, 0x06, 0x6B, 0xB7, 0x68, 0x09, 0x80,
    0xDA, 0x54, 0x6C, 0x5E, 0x5D, 0x4F, 0xF4, 0xF1, 0x93, 0xC7, 0x52, 0xA7, 0x55, 0x75, 0xDD, 0x92,
    0x8A, 0x38, 0xEA, 0xFC, 0xAA, 0xA6, 0x8F, 0xA7, 0x8B, 0xCD, 0x96, 0xB7, 0x74, 0x97, 0xB6, 0xF4,
    0x6D, 0x5F, 0x1A, 0x2F, 0x36, 0xD3, 0xD1, 0xCC, 0xA9, 0x6E, 0x30, 0x55, 0xF2, 0x78, 0x61, 0x29,
    0x3D, 0xCB, 0xBF, 0x45, 0x97, 0xF3, 0x04, 0x6C, 0x63, 0xA4, 0xC5, 0x11, 0x20, 0x00, 0x35, 0xC4,
    0xE2, 0x03, 0x2C, 0xDD, 0x87, 0xBF, 0x3B, 0xA7, 0xB6, 0xE8, 0x34, 0x2B, 0xDF, 0xF6, 0x2C, 0xCF,
    0x39, 0xEF, 0x14, 0xD0, 0xF1, 0x48, 0x4F, 0xD1, 0x33, 0x00, 0xF0, 0x10, 0xA2, 0x1A, 0x8F, 0x4F,
    0xAD, 0x13, 0x5E, 0xA8, 0x4E, 0xE8, 0xC3, 0x4A, 0xF9, 0x83, 0xCA, 0x0B, 0x97, 0xF1, 0x78, 0x06,
    0xAA, 0x1E, 0x25, 0xDE, 0xBB, 0x5F, 0x37, 0xFE, 0x9F, 0x20, 0x16, 0x77, 0xF0, 0x1A, 0xF8, 0xC9,
    0x96, 0x09, 0xD8, 0x37, 0x21, 0xC5, 0x6F, 0xEB, 0x88, 0x71, 0x8C, 0xA2, 0x92, 0x6F, 0xA7, 0x92,
    0x81, 0xC0, 0xE2, 0x0D, 0x6B, 0xA5, 0x9D, 0x25, 0xCA, 0x62, 0x0A, 0x83, 0xEE, 0x74, 0x7D, 0x26,
    0xB7, 0x72, 0x46, 0x99, 0x7F, 0x65, 0x48, 0x38, 0x5D, 0x0A, 0x6F, 0xCA, 0x4E, 0x87, 0xD8, 0x40,
    0x8F, 0x6D, 0x27, 0x33, 0x07, 0x15, 0x97, 0x9C, 0x5E, 0xE5, 0x26, 0x66, 0x0F, 0xCB, 0x09, 0x07,
    0x5D, 0x75, 0x62, 0xD7, 0x09, 0x37, 0xBC, 0x9A, 0x70, 0x6E, 0xBA, 0x94, 0x70, 0x4B, 0xE3, 0x37,
    0x3C, 0x3A, 0x42, 0xB5, 0x22, 0xEF, 0xA8, 0x5B, 0x09, 0x86, 0xA3, 0x6A, 0x8C, 0xB8, 0x65, 0x67,
    0x27, 0xBA, 0x5D, 0x54, 0x49, 0x67, 0xD4, 0xF2, 0xA3, 0xC4, 0x79, 0xEF, 0x5B, 0xC6, 0xFB, 0x47,
    0x3F, 0xF1, 0x7E, 0xB2, 0x8E, 0x16, 0x02, 0x34, 0xF6, 0x6E, 0x2A, 0x21, 0x9C, 0xB6, 0xC5, 0x41,
    0x36, 0xD6, 0x45, 0xA1, 0x8B, 0x18, 0x7C, 0x5B, 0x46, 0x3E, 0xAC, 0xE3, 0x60, 0xF5, 0xC5, 0x84,
    0x9A, 0x22, 0xCD, 0x6D, 0x2A, 0xEC, 0xD4, 0x79, 0x55, 0xFF, 0x95, 0x45, 0x27, 0x1C, 0xD5, 0x90,
    0x1C, 0xBF, 0xAD, 0x9B, 0x12, 0xA1, 0x3C, 0xED, 0xCB, 0xA3, 0x94, 0x3D, 0xF1, 0xC6, 0x25, 0x1B,
    0xE7, 0xFD, 0xF8, 0x91, 0xB4, 0xFF, 0xF7, 0x47, 0x6F, 0xFE, 0x95, 0xEC, 0xFE, 0xC8, 0xFF, 0x53,
    0x24, 0xF2, 0x3F, 0x04, 0x7B, 0x5B, 0xE2, 0x8D, 0xC3, 0x51, 0x24, 0xDE, 0x68, 0xCB, 0x70, 0x3E,
    0xD0, 0x8F, 0x4F, 0x11, 0xD8, 0xBE, 0xF0, 0xC8, 0x3F, 0x71, 0xB2, 0xA4, 0x2B, 0x73, 0xEF, 0x2C,
    0x46, 0x8A, 0x7A, 0xFF, 0x23, 0x03, 0x37, 0xA5, 0x4E, 0x12, 0x57, 0xC3, 0xB0, 0x20, 0x3D, 0x92,
    0xF6, 0x7B, 0xEF, 0xC7, 0xBF, 0xF6, 0xF7, 0x81, 0x78, 0xDF, 0x46, 0x72, 0x0D, 0xB6, 0x24, 0x40,
    0xEF, 0x1F, 0x9A, 0x0E, 0xC2, 0x39, 0x62, 0x55, 0x89, 0x87, 0xEE, 0x7B, 0xE6, 0xD4, 0x7B, 0x22,
    0xB9, 0x3F, 0xBF, 0x5C, 0x87, 0xE3, 0x17, 0x13, 0xEB, 0x00, 0x19, 0xDF, 0x10, 0x24, 0xFD, 0x2C,
    0x72, 0xF2, 0xA1, 0x9B, 0x8D, 0x3D, 0x03, 0x12, 0x38, 0x68, 0x49, 0x6B, 0x66, 0x13, 0x6B, 0xE5,
    0x72, 0xF4, 0x43, 0x57, 0x3A, 0xD3, 0x73, 0xF6, 0xFC, 0xF0, 0xEE, 0xF6, 0x98, 0xB8, 0x9C, 0xE1,
    0x82, 0x94, 0x46, 0x93, 0x92, 0xC1, 0x37, 0x9C, 0x55, 0x23, 0x42, 0x6C, 0xFD, 0x92, 0x21, 0x49,
    0x91, 0x03, 0xDE, 0xBB, 0x0C, 0xF2, 0x13, 0x86, 0xE0, 0xDE, 0xF2, 0xD9, 0x50, 0xAE, 0x9D, 0x0D,
    0x75, 0xEA, 0x32, 0x97, 0x4B, 0x5F, 0x21, 0xFD, 0xFD, 0x22, 0x95, 0x1E, 0xEA, 0xCE, 0x0C, 0x87,
    0xFD, 0x8C, 0x6D, 0x74, 0x5B, 0x08, 0xCF, 0x2E, 0xDA, 0x72, 0x52, 0xC6, 0xD8, 0x9B, 0x48, 0xBE,
    0x7E, 0x2A, 0xF9, 0x41, 0x2E, 0x65, 0x9A, 0xCB, 0xF3, 0xCB, 0x18, 0xA9, 0x39, 0xBC, 0x6D, 0x93,
    0x86, 0x63, 0xE8, 0x8A, 0xD3, 0x42, 0x53, 0xB4, 0xCF, 0x0A, 0xEF, 0x9F, 0x22, 0xEF, 0x4B, 0x1B,
    0xC1, 0x40, 0xD6, 0x53, 0x26, 0x58, 0xBB, 0x1E, 0x89, 0x6B, 0x3C, 0xEB, 0x3E, 0x01, 0xB2, 0xFF,
    0xD8, 0xF0, 0xCF, 0x3B, 0xF6, 0xA8, 0x3F, 0x13, 0x3B, 0x3B, 0xB0, 0xBF, 0xB3, 0x7D, 0x48, 0x55,
    0x6D, 0x57, 0x2B, 0x30, 0xAC, 0x94, 0x0F, 0x82, 0xA7, 0x89, 0xA3, 0x39, 0xB2, 0x0C, 0x86, 0x1D,
    0x80, 0xA1, 0x23, 0x47, 0x29, 0x6B, 0x6D, 0x8D, 0x84, 0x89, 0xA4, 0xDE, 0xDC, 0x33, 0xEB, 0x79,
    0x90, 0xFC, 0x0A, 0x9A, 0x73, 0xCF, 0xF4, 0xC9, 0xCB, 0x12, 0xDC, 0x9D, 0x48, 0xB8, 0xD2, 0x91,
    0xAD, 0xE6, 0x28, 0x8E, 0x46, 0xFF, 0x61, 0xFA, 0xEF, 0x3E, 0x91, 0x1E, 0x8E, 0xA9, 0x1B, 0x56,
    0x25, 0x2F, 0x9D, 0x35, 0xCC, 0xFC, 0xB3, 0xE6, 0xE0, 0x2F, 0xE3, 0x4E, 0x28, 0x7B, 0xA1, 0xEC,
    0xEE, 0xC8, 0x71, 0x24, 0x26, 0xF2, 0xE2, 0xF1, 0x8A, 0x1C, 0xE2, 0xDC, 0x96, 0xB2, 0x47, 0xB6,
    0x33, 0xBB, 0xEC, 0x39, 0xDF, 0x84, 0x29, 0x0E, 0x07, 0x9F, 0x35, 0x43, 0xCF, 0xDC, 0x4D, 0x26,
    0x9E, 0x09, 0xE2, 0xB9, 0x97, 0x84, 0xC0, 0x11, 0x22, 0x9A, 0x07, 0xB2, 0xE3, 0x66, 0xAB, 0xA0,
    0x9C, 0xF4, 0x0E, 0x30, 0x8F, 0x63, 0x75, 0xF7, 0xFB, 0xFF, 0x6D, 0x40, 0xB1, 0x17, 0x2C, 0x5B,
    0xF7, 0xEA, 0x14, 0x77, 0x73, 0xE7, 0x3C, 0x98, 0x7B, 0x5F, 0xDC, 0xDC, 0x75, 0xC2, 0x5D, 0x4B,
    0x46, 0x2C, 0x78, 0xA4, 0x39, 0xB2, 0xEC, 0xAF, 0x9B, 0xE4, 0xD6, 0x9F, 0xBD, 0x97, 0x1C, 0x25,
    0xBF, 0x40, 0xFF, 0x7D, 0x0E, 0x3D, 0xB7, 0x6D, 0xF0, 0x1A, 0x09, 0x18, 0x00, 0x10, 0xFC, 0x7E,
    0xDA, 0x11, 0x93, 0x21, 0x43, 0x73, 0x50, 0x50, 0xCE, 0x79, 0x1E, 0x16, 0xFD, 0x14, 0xAF, 0x9F,
    0xF1, 0x0F, 0x81, 0x15, 0x2D, 0x54, 0x2D, 0x02, 0x69, 0x94, 0x9C, 0xBD, 0x52, 0xCD, 0xAD, 0x21,
    0xEE, 0xA9, 0xB1, 0xF3, 0x8E, 0x97, 0xAB, 0xE3, 0x50, 0xF9, 0x39, 0xFF, 0xF5, 0x62, 0xD3, 0xCD,
    0x9B, 0x8E, 0xD9, 0xF4, 0x75, 0x8A, 0x3D, 0xE2, 0xB2, 0x40, 0xF6, 0xDA, 0x49, 0xE7, 0x9D, 0x7C,
    0xD7, 0x5C, 0xA4, 0x31, 0x43, 0x1E, 0x64, 0x76, 0xA0, 0x92, 0x5D, 0x9B, 0x8B, 0x5C, 0x45, 0x45,
    0x3D, 0x6C, 0x6E, 0xC4, 0xD6, 0x28, 0x1D, 0xA3, 0x64, 0x57, 0xFE, 0x50, 0x70, 0x59, 0xD9, 0x7B,
    0x15, 0x37, 0xF1, 0xC5, 0x19, 0x85, 0x83, 0xD3, 0xEB, 0xF3, 0xD1, 0xA7, 0xFC, 0x6C, 0xDB, 0xAA,
    0x4F, 0x30, 0xBA, 0xF5, 0x9E, 0x69, 0x05, 0xCE, 0xE4, 0xAA, 0x1A, 0xBD, 0x8A, 0xFB, 0x78, 0xAF,
    0x21, 0x97, 0xA3, 0xA0, 0xFA, 0xF1, 0xA0, 0x6E, 0x32, 0x96, 0x96, 0x41, 0xF3, 0x97, 0xB0, 0xE3,
    0xAF, 0xD6, 0x4C, 0x3A, 0xF3, 0xF5, 0xEF, 0xB0, 0x07, 0x4C, 0x21, 0xF0, 0xD5, 0xFF, 0x03, 0xCD,
    0x59, 0x4F, 0x68, 0x1C, 0xD7, 0x19, 0xFF, 0x66, 0x9E, 0xEC, 0x91, 0x3D, 0xD2, 0x3E, 0x1D, 0x14,
    0x70, 0x83, 0xA4, 0xF5, 0xC1, 0x01, 0x51, 0xA4, 0x5D, 0x17, 0x04, 0x5D, 0xCA, 0xAC, 0x66, 0x12,
    0x1F, 0x73, 0xF1, 0xC1, 0xA6, 0x97, 0xB6, 0xC9, 0x21, 0x85, 0x92, 0x1C, 0xA2, 0x83, 0x29, 0x6A,
    0x59, 0x49, 0xD3, 0xE6, 0x18, 0x28, 0xBA, 0xB4, 0xA7, 0x16, 0x74, 0xC8, 0xC1, 0x75, 0xA0, 0x5E,
    0x5A, 0x51, 0xB6, 0x65, 0xE5, 0x7D, 0x76, 0x0E, 0x39, 0x84, 0xC2, 0x34, 0x21, 0xE4, 0xD0, 0x42,
    0x26, 0x2D, 0xBD, 0x24, 0x01, 0x4F, 0xD3, 0x6D, 0xBB, 0x76, 0xD7, 0x9A, 0xFE, 0xBE, 0xEF, 0xBD,
    0x5D, 0xAD, 0x8A, 0x03, 0x8D, 0x8D, 0x1D, 0x2F, 0xDA, 0xB7, 0xAB, 0x9D, 0x37, 0xDF, 0xFB, 0x7D,
    0xDF, 0xFB, 0xFE, 0xFC, 0xBE, 0x37, 0x34, 0x4D, 0x14, 0x13, 0xF5, 0x88, 0xD6, 0xE9, 0xE8, 0x65,
    0xF8, 0xCF, 0x37, 0xA4, 0x52, 0x0A, 0x12, 0xD2, 0x44, 0x55, 0xA2, 0x9A, 0x4C, 0x69, 0x11, 0x0D,
    0x89, 0x06, 0x44, 0x05, 0xCF, 0x5B, 0xC6, 0xFB, 0x3C, 0xAE, 0x96, 0x44, 0xFB, 0x1F, 0xA6, 0xEA,
    0xE6, 0x2D, 0xD2, 0x7E, 0x4A, 0x4B, 0x8A, 0xA8, 0x19, 0x12, 0x45, 0xB3, 0x98, 0xBF, 0x80, 0x77,
    0x03, 0xB7, 0x9E, 0x3F, 0x4B, 0xF1, 0xBF, 0x72, 0xD2, 0x65, 0x42, 0x7E, 0x46, 0xA4, 0x12, 0x22,
    0xCF, 0x2E, 0x76, 0x02, 0x5F, 0xE9, 0xF7, 0x90, 0xA7, 0xCC, 0x26, 0x91, 0x4E, 0x37, 0x19, 0xD1,
    0x1E, 0xD1, 0x36, 0x5F, 0xC4, 0x62, 0xE4, 0xF1, 0xE0, 0xF7, 0x31, 0xF4, 0xCA, 0x9C, 0xE8, 0x15,
    0xDC, 0x4E, 0x21, 0x20, 0x92, 0xE6, 0x3B, 0x6B, 0x3C, 0x2D, 0x22, 0xE8, 0xD1, 0xA6, 0x59, 0x0A,
    0xEF, 0xD0, 0x0C, 0x6D, 0xF7, 0xCC, 0x0A, 0x0D, 0xAA, 0x65, 0x41, 0x73, 0x7E, 0x99, 0xDA, 0x55,
    0xBC, 0xF4, 0xA5, 0x05, 0xAF, 0x2C, 0xBB, 0x74, 0x27, 0x2C, 0xFC, 0xCC, 0xCF, 0xA0, 0x57, 0x0E,
    0xC5, 0xF2, 0x0A, 0x51, 0x56, 0x81, 0xAE, 0x9A, 0x82, 0x54, 0xA7, 0x35, 0xDA, 0x29, 0x4B, 0x2A,
    0x7A, 0xAF, 0x1F, 0xD9, 0x42, 0x97, 0xE9, 0xCE, 0x00, 0x10, 0x74, 0x0A, 0x30, 0x4B, 0x44, 0x5D,
    0x82, 0x3A, 0x4D, 0x02, 0x90, 0x75, 0xE8, 0x4A, 0x75, 0x28, 0x4A, 0xD5, 0x05, 0x9E, 0xC8, 0x26,
    0x79, 0xE1, 0x7D, 0xA2, 0xA0, 0x84, 0x92, 0x02, 0x4E, 0x97, 0x87, 0xD0, 0x6F, 0xE7, 0x12, 0xF1,
    0x1D, 0x24, 0xD6, 0x63, 0x01, 0xD0, 0x86, 0x55, 0xAA, 0x8F, 0xB0, 0xD1, 0x7C, 0x74, 0xF4, 0x6A,
    0xB0, 0x3A, 0x93, 0xAF, 0xB3, 0x90, 0xB8, 0x0B, 0x9B, 0x40, 0xBC, 0x91, 0x2D, 0xA1, 0x90, 0xD7,
    0x85, 0x01, 0xBE, 0x8E, 0xF7, 0x5F, 0xF1, 0xF3, 0xAD, 0x01, 0x14, 0x18, 0xC2, 0x7E, 0x2D, 0x52,
    0x79, 0x93, 0xFC, 0x62, 0x05, 0x5B, 0x04, 0x48, 0x5D, 0x7C, 0xAE, 0xAF, 0x61, 0x2E, 0xF6, 0x48,
    0x67, 0x6C, 0x5B, 0xE2, 0xCD, 0x24, 0x5C, 0x6A, 0xC2, 0xC0, 0x3D, 0xFC, 0x3B, 0x8F, 0x7F, 0xA7,
    0x3C, 0x6A, 0xEA, 0x04, 0x7F, 0xCB, 0xA7, 0x61, 0x27, 0x06, 0xBB, 0x03, 0x64, 0x7E, 0xEE, 0xF5,
    0x79, 0xF6, 0x22, 0xAD, 0xD0, 0x77, 0x03, 0x5A, 0x0B, 0x3F, 0xB9, 0x65, 0xDA, 0xAB, 0x9E, 0x31,
    0x39, 0xB4, 0xC8, 0x33, 0x6C, 0x47, 0xDB, 0x0E, 0x1D, 0xA2, 0x3D, 0xF9, 0xAD, 0xDD, 0xA4, 0xD4,
    0x60, 0xDE, 0x8F, 0x61, 0xFD, 0x5F, 0x06, 0x14, 0xF2, 0xBD, 0x7E, 0x4E, 0x98, 0x14, 0xB3, 0xA6,
    0xDE, 0x45, 0x59, 0xEB, 0x57, 0x41, 0xE5, 0xC4, 0xAC, 0xD7, 0x5D, 0x6C, 0x44, 0x9B, 0xF5, 0x03,
    0x56, 0xBE, 0xD7, 0xBF, 0x7C, 0xD1, 0xD9, 0x61, 0x0D, 0xDA, 0xF9, 0xD9, 0x2A, 0x10, 0x7B, 0x05,
    0xF9, 0x83, 0xAA, 0xA1, 0xEA, 0x1F, 0xEF, 0xE1, 0x76, 0x05, 0x19, 0xDA, 0xC0, 0x70, 0x7E, 0x51,
    0x65, 0x33, 0x2A, 0x28, 0x3E, 0xCB, 0x5B, 0xE0, 0xD1, 0x9C, 0xDC, 0xD8, 0x2B, 0xCB, 0xE1, 0xCB,
    0xD7, 0xAE, 0x75, 0xC5, 0x15, 0x3E, 0xFF, 0xBD, 0x7C, 0x5F, 0xF5, 0x9E, 0x79, 0x03, 0xEA, 0xD5,
    0xAF, 0xFB, 0xA6, 0xAD, 0xC3, 0xD4, 0xE4, 0x3A, 0x4C, 0xF2, 0x4C, 0xD7, 0xA1, 0x99, 0x1E, 0xF2,
    0x10, 0x41, 0x3D, 0xAD, 0xA1, 0x9E, 0x0E, 0x8C, 0x59, 0xDB, 0xB9, 0xF9, 0x19, 0xD4, 0xA3, 0xFB,
    0xAB, 0xD7, 0x1B, 0xBE, 0xFC, 0x46, 0x90, 0xD7, 0xBA, 0x6B, 0x95, 0x8D, 0x70, 0xA3, 0x12, 0xAD,
    0xE8, 0x3E, 0x25, 0xE2, 0xEA, 0xF7, 0x79, 0xC3, 0xD1, 0x06, 0x78, 0xF7, 0x3F, 0xEF, 0x3A, 0xF9,
    0x44, 0x5F, 0xBD, 0x76, 0xED, 0x2A, 0x54, 0x1B, 0xF0, 0xB6, 0x55, 0xA1, 0xC1, 0x06, 0x65, 0x23,
    0xB7, 0x5C, 0x47, 0x04, 0xC6, 0x50, 0x61, 0x4B, 0x15, 0x34, 0x54, 0x19, 0xF5, 0x43, 0xE3, 0xE5,
    0x3A, 0xF1, 0xCD, 0x12, 0x5C, 0x24, 0x82, 0x80, 0x01, 0x05, 0xCF, 0x7D, 0xBA, 0x32, 0x73, 0xFB,
    0x7A, 0x31, 0x73, 0xA3, 0x9A, 0x2D, 0xCF, 0x9F, 0xA0, 0x35, 0x1B, 0xAD, 0x88, 0x13, 0x1B, 0xBE,
    0xEC, 0x83, 0xB0, 0x2E, 0x47, 0xB3, 0x33, 0xA3, 0xD7, 0x2B, 0xC5, 0x98, 0x3F, 0x85, 0x8F, 0x95,
    0xCF, 0xE3, 0x6B, 0x7C, 0xC8, 0xFE, 0x52, 0x0E, 0x11, 0x25, 0x5E, 0x39, 0xC4, 0xC6, 0xF8, 0x65,
    0x1F, 0x86, 0x54, 0x65, 0xD1, 0x90, 0x71, 0x9F, 0xC7, 0x9C, 0x63, 0xB7, 0xCC, 0x64, 0xBC, 0xC9,
    0x9B, 0x52, 0xBE, 0xC5, 0xD1, 0xD9, 0x93, 0xB1, 0x2A, 0x4E, 0xEE, 0x5D, 0x17, 0xF9, 0xA1, 0x8C,
    0x15, 0x19, 0x67, 0x65, 0x84, 0x29, 0xE9, 0x74, 0xCA, 0x7B, 0x13, 0xE7, 0x8C, 0xAF, 0x97, 0x33,
    0xBA, 0x77, 0x53, 0xC6, 0x97, 0xFB, 0x2C, 0x60, 0x9F, 0xBD, 0x9D, 0xE2, 0x7B, 0x82, 0x6F, 0x97,
    0xC7, 0xE6, 0x8D, 0x83, 0x79, 0x00, 0xDE, 0xF3, 0x4D, 0x90, 0x86, 0x06, 0xFA, 0x17, 0xFB, 0xF9,
    0x0E, 0xA7, 0x82, 0x79, 0xF2, 0x3E, 0x49, 0xC2, 0x0B, 0xA6, 0xE2, 0x9B, 0x05, 0x65, 0x56, 0x54,
    0xBA, 0xA0, 0x49, 0x77, 0x9C, 0xC1, 0x7A, 0x03, 0x1A, 0xF9, 0x19, 0x2E, 0xB3, 0x09, 0x18, 0x4D,
    0x53, 0x49, 0x5C, 0xC0, 0x04, 0x41, 0x81, 0x3C, 0x18, 0x16, 0xBD, 0x84, 0xE2, 0x0B, 0x7D, 0xF2,
    0xFA, 0xD5, 0x84, 0xC2, 0x04, 0x37, 0x37, 0x94, 0x28, 0xE0, 0xA4, 0x9C, 0x10, 0xD0, 0x1E, 0x1C,
    0xED, 0x0A, 0x72, 0x82, 0x97, 0xD1, 0x15, 0xDE, 0xAB, 0x36, 0xEB, 0x54, 0x70, 0x62, 0xC8, 0xE0,
    0x95, 0x9E, 0x81, 0x7F, 0x2A, 0x64, 0x14, 0x0A, 0xCC, 0x8A, 0x9F, 0xC4, 0x45, 0x1B, 0x2B, 0x79,
    0xA6, 0x8E, 0xFF, 0x93, 0x5F, 0xC0, 0x6B, 0x7C, 0xAC, 0xBE, 0x36, 0x0D, 0x9D, 0xF3, 0xB8, 0xC4,
    0x66, 0x3D, 0xB5, 0xCF, 0x77, 0xB7, 0xD9, 0x41, 0x73, 0xEC, 0xB0, 0x7B, 0x9D, 0x1A, 0x2F, 0xD4,
    0x1E, 0x2D, 0x14, 0x24, 0x92, 0xE2, 0x8E, 0x2D, 0x94, 0x8E, 0x16, 0x8A, 0x38, 0x43, 0xB4, 0x63,
    0x64, 0xD7, 0x9B, 0xB7, 0x0D, 0x05, 0x3E, 0x20, 0x2C, 0x32, 0xB4, 0x2B, 0x2C, 0x3C, 0x83, 0xE7,
    0x63, 0xEA, 0x1E, 0xBE, 0xFB, 0xCF, 0xE1, 0x6E, 0x7D, 0x88, 0xEF, 0xF1, 0xD0, 0x1A, 0xC3, 0x66,
    0x39, 0xC4, 0x5C, 0xC2, 0x10, 0x3E, 0x31, 0x58, 0xC4, 0x53, 0x86, 0x6D, 0x1F, 0xCA, 0x86, 0xB5,
    0x38, 0x5F, 0x78, 0xAF, 0x42, 0x12, 0xA6, 0x79, 0xEC, 0x80, 0xB3, 0x6C, 0x92, 0x33, 0x8D, 0x0A,
    0xA5, 0x48, 0x43, 0x8D, 0x80, 0xED, 0x23, 0x71, 0xA9, 0xCC, 0x2B, 0xBC, 0xC9, 0xDE, 0x4F, 0x18,
    0xFA, 0xA9, 0x45, 0x76, 0x35, 0xCE, 0x71, 0x9E, 0x79, 0xAA, 0xC5, 0xBA, 0xB3, 0x03, 0x2E, 0x8A,
    0xFB, 0xAD, 0x8D, 0x75, 0xC4, 0xA2, 0xB1, 0xFC, 0x6A, 0x5F, 0xC8, 0xE2, 0xA7, 0xC5, 0x4D, 0xAA,
    0xEC, 0x9A, 0x08, 0x9F, 0x38, 0xE5, 0x7C, 0x59, 0xB0, 0x0A, 0x5C, 0x95, 0xF6, 0x24, 0x0F, 0xEA,
    0x7C, 0x34, 0x7F, 0x9F, 0x46, 0x45, 0xC2, 0x15, 0x02, 0x04, 0xA6, 0xBC, 0x92, 0x23, 0xD5, 0xAC,
    0xBB, 0xDD, 0x10, 0xFF, 0x11, 0x2F, 0x52, 0x91, 0xF8, 0x9F, 0x24, 0xE3, 0x65, 0x71, 0x8F, 0x8D,
    0x81, 0x54, 0x3D, 0x2E, 0x31, 0x2A, 0x61, 0xD7, 0x3B, 0xED, 0xF1, 0x58, 0x7B, 0x93, 0x17, 0xFA,
    0xA1, 0x8C, 0x39, 0x3B, 0x8A, 0x32, 0x81, 0x61, 0x5B, 0x71, 0xF5, 0x89, 0x24, 0x9D, 0x76, 0x78,
    0x0C, 0xFA, 0xB4, 0x63, 0xA8, 0x77, 0x18, 0x94, 0xFD, 0x89, 0x22, 0x4A, 0x9B, 0x47, 0xE0, 0x7C,
    0x41, 0xAC, 0x04, 0xD5, 0x14, 0x7D, 0xF9, 0xD8, 0x2C, 0x9E, 0xAA, 0xFC, 0x74, 0xD0, 0x94, 0xF2,
    0x78, 0xF2, 0x09, 0xB0, 0x98, 0x7B, 0x29, 0x19, 0x6D, 0xC8, 0x53, 0x39, 0xB0, 0xE5, 0x9B, 0x26,
    0xCC, 0xE6, 0x10, 0x5A, 0x88, 0x0E, 0xA3, 0x03, 0xE9, 0x50, 0x3A, 0x98, 0x0E, 0xA7, 0x05, 0xEA,
    0x90, 0x3A, 0xA8, 0x0E, 0xAB, 0x03, 0x6B, 0xD1, 0x3A, 0xB8, 0x0E, 0xAF, 0x03, 0x6C, 0x11, 0x3B,
    0xC8, 0xF7, 0xC1, 0x3C, 0x67, 0x73, 0x43, 0xBF, 0x2A, 0x58, 0xFA, 0x75, 0xF9, 0x6F, 0xF7, 0xD4,
    0x93, 0x0A, 0xD7, 0xDF, 0x13, 0x44, 0x4C, 0x33, 0x68, 0x66, 0x59, 0x20, 0x48, 0x38, 0xFA, 0xE9,
    0x93, 0xE0, 0x00, 0x27, 0xA4, 0x64, 0x94, 0xA5, 0xEC, 0x7C, 0xCA, 0xC5, 0xC7, 0xBB, 0xCD, 0x29,
    0x81, 0xD4, 0x3A, 0x27, 0x07, 0x9A, 0xB5, 0x56, 0x6B, 0x74, 0xE5, 0xA3, 0x3D, 0xB0, 0xE9, 0xBC,
    0xCF, 0x5B, 0x10, 0x3C, 0x5B, 0xF0, 0x44, 0xFD, 0xE6, 0x5D, 0xBE, 0xB8, 0x6E, 0x3F, 0x8A, 0xC0,
    0x2C, 0x33, 0x88, 0xD0, 0xCC, 0x73, 0x5E, 0x11, 0x03, 0x2D, 0x0A, 0x09, 0x42, 0x78, 0x56, 0xC9,
    0x4F, 0x80, 0x3A, 0xE6, 0x6A, 0x5E, 0xD0, 0x0E, 0x32, 0x48, 0xEF, 0x30, 0x04, 0x93, 0x98, 0x80,
    0x83, 0x82, 0xE3, 0x1D, 0xF6, 0xAE, 0x52, 0xD5, 0x04, 0x05, 0x1D, 0x20, 0x6E, 0xC0, 0x43, 0x3D,
    0x13, 0x70, 0xEE, 0xD5, 0x6C, 0x73, 0xD9, 0xED, 0x98, 0x87, 0xED, 0x11, 0xB7, 0xB3, 0x11, 0x7F,
    0x34, 0x74, 0x1D, 0xF3, 0x9B, 0x62, 0xFE, 0xDC, 0xE0, 0xB5, 0xDB, 0x14, 0x64, 0x1C, 0x81, 0x37,
    0xAE, 0x1B, 0x4B, 0xE6, 0xAC, 0xC1, 0x57, 0xC6, 0xB2, 0xAA, 0xA9, 0xA3, 0xB8, 0xEA, 0xED, 0xC4,
    0x91, 0x45, 0xF7, 0x0A, 0x39, 0x85, 0xC8, 0xCA, 0x36, 0x84, 0x37, 0x8E, 0x32, 0xCA, 0x14, 0xE8,
    0x26, 0x63, 0x1F, 0x72, 0x1A, 0x1F, 0x30, 0x37, 0xEF, 0xD3, 0x39, 0x92, 0x5D, 0x51, 0x3C, 0x57,
    0x3C, 0x26, 0x30, 0x08, 0xAE, 0xF0, 0xFD, 0xEF, 0x40, 0xC8, 0xED, 0x21, 0xEF, 0xCB, 0x02, 0xEB,
    0x30, 0xED, 0xE8, 0x7F, 0x34, 0xC6, 0x0B, 0xC3, 0xA6, 0xB8, 0x5F, 0xA5, 0x8A, 0x59, 0x12, 0x38,
    0xC8, 0xE1, 0x18, 0x82, 0xE4, 0x7B, 0x81, 0x20, 0x19, 0x77, 0x6D, 0x9C, 0x6E, 0x1F, 0x1B, 0x02,
    0x5E, 0xD7, 0x63, 0x8E, 0x1D, 0xBE, 0x07, 0x89, 0x67, 0xE8, 0xC5, 0xC7, 0xB8, 0xB8, 0x47, 0x20,
    0x11, 0xFA, 0x59, 0x88, 0xAD, 0xFB, 0x05, 0x97, 0xB0, 0xDD, 0xC7, 0xB7, 0x38, 0x37, 0x4E, 0xBC,
    0xA8, 0x4C, 0x9B, 0x3D, 0x4A, 0x2F, 0x21, 0x3A, 0x1D, 0x3A, 0x74, 0xBF, 0xF7, 0x2D, 0xBB, 0xE3,
    0x79, 0x36, 0xFE, 0xAC, 0x27, 0x8D, 0xB8, 0x7F, 0xD5, 0xD9, 0xAF, 0xE9, 0xDA, 0x91, 0x8E, 0xBD,
    0xC5, 0x1F, 0x30, 0x2D, 0x4E, 0x46, 0x5A, 0xF2, 0xCD, 0x05, 0x23, 0xB6, 0xAE, 0x39, 0xFF, 0x88,
    0xD6, 0x61, 0xDF, 0x8F, 0x73, 0xF4, 0x76, 0x1D, 0x3A, 0x99, 0x2C, 0x3C, 0x9A, 0x35, 0x92, 0x29,
    0x69, 0x8A, 0x54, 0xBE, 0x85, 0x14, 0x77, 0xEE, 0x11, 0xD9, 0xCB, 0x36, 0x8A, 0xDC, 0x9D, 0x22,
    0x6B, 0x6E, 0xCB, 0x6E, 0xB2, 0x90, 0x96, 0xEC, 0xFE, 0x40, 0x1C, 0xA1, 0x18, 0x7D, 0x19, 0x4A,
    0xE8, 0x0E, 0xE9, 0x9B, 0x7F, 0xBB, 0x88, 0x91, 0x3B, 0x80, 0x01, 0x1B, 0xC2, 0x1B, 0x70, 0xCB,
    0x08, 0x18, 0x55, 0xB1, 0x7D, 0x4D, 0x60, 0x34, 0x25, 0x17, 0xB4, 0xC4, 0x45, 0xBA, 0x3C, 0x05,
    0xB0, 0xAB, 0x19, 0x1A, 0x8E, 0xF2, 0xCE, 0x51, 0xE0, 0x1F, 0xEB, 0xDB, 0xA5, 0x61, 0x95, 0x44,
    0x62, 0xBD, 0xE6, 0xEC, 0xC4, 0xE5, 0x2A, 0x7A, 0x44, 0xF6, 0xD2, 0x03, 0xE1, 0x5D, 0xDC, 0xF4,
    0xB3, 0x86, 0xD7, 0x13, 0xF1, 0xA5, 0xB7, 0x0D, 0x27, 0x20, 0xEF, 0xAD, 0x8C, 0xD9, 0xA5, 0xFF,
    0xA3, 0x82, 0x03, 0x5B, 0x41, 0xD5, 0x0D, 0xE6, 0x54, 0x2D, 0x66, 0x5E, 0xA7, 0xA1, 0x55, 0xC6,
    0x8E, 0x57, 0xF7, 0xB0, 0xD0, 0x8C, 0xF4, 0xFA, 0xB8, 0x27, 0x7C, 0x2D, 0xE1, 0xBC, 0xA6, 0xDE,
    0x92, 0xF6, 0x42, 0x7D, 0x2C, 0x1D, 0x86, 0x94, 0x0D, 0x51, 0x56, 0x2C, 0xBB, 0xCD, 0x4D, 0x12,
    0x31, 0x9B, 0x1B, 0xBF, 0xA2, 0x71, 0xB6, 0x93, 0x36, 0x5E, 0xB8, 0x3E, 0xC7, 0x96, 0x9C, 0x07,
    0xF8, 0x77, 0x05, 0x23, 0xAE, 0x70, 0x5B, 0x0B, 0x09, 0x2A, 0x0F, 0x32, 0x48, 0x42, 0xDA, 0xF1,
    0x0A, 0x60, 0xF7, 0xFA, 0x31, 0xD7, 0xDA, 0x6D, 0x96, 0x7E, 0xC0, 0xF6, 0x1A, 0xBA, 0x21, 0xC8,
    0x87, 0xAE, 0x55, 0xD4, 0x69, 0x97, 0xE5, 0x47, 0xAC, 0x6E, 0x8D, 0x8F, 0x0F, 0x74, 0x82, 0xBB,
    0xFD, 0xBB, 0x6C, 0x96, 0xA7, 0xED, 0xC6, 0x2D, 0xD9, 0x46, 0xCA, 0xB5, 0x40, 0x42, 0x6D, 0x7D,
    0x7A, 0xAC, 0x08, 0xD8, 0xF9, 0x02, 0x36, 0x55, 0xFC, 0x02, 0x86, 0x3D, 0x36, 0xE8, 0xE3, 0x5B,
    0xDC, 0xE6, 0x33, 0xF6, 0xF5, 0x72, 0x44, 0xB7, 0x2E, 0x3E, 0x56, 0xF5, 0xE7, 0xB9, 0x6C, 0xB7,
    0x38, 0x50, 0xBA, 0x5C, 0x4F, 0xCE, 0xF9, 0x8F, 0xD5, 0xF6, 0xE7, 0x69, 0xA1, 0x45, 0xAD, 0x18,
    0x62, 0xDF, 0x31, 0xAA, 0xE4, 0x7E, 0xC3, 0x2F, 0x29, 0xFC, 0x93, 0xA9, 0x3F, 0x57, 0x6C, 0xD1,
    0x70, 0x9F, 0x63, 0x6F, 0x8A, 0xF1, 0x4C, 0x31, 0x9E, 0x15, 0xC6, 0x33, 0x60, 0x3C, 0x39, 0xF0,
    0x84, 0x8C, 0xA7, 0xCA, 0x78, 0x7E, 0x00, 0x3C, 0xDE, 0xDF, 0x81, 0x47, 0xDD, 0x04, 0x1E, 0xCD,
    0x78, 0x22, 0x86, 0x52, 0x60, 0x00, 0xF5, 0xC9, 0x87, 0x9A, 0xF1, 0x30, 0xF1, 0xE9, 0xA2, 0x99,
    0xA1, 0x38, 0x03, 0x9E, 0x7A, 0x02, 0x3C, 0x31, 0xE3, 0xF9, 0xED, 0x04, 0x1E, 0xDB, 0xBE, 0x58,
    0xF6, 0x28, 0xAC, 0x8E, 0xDB, 0xC1, 0x63, 0x11, 0xAC, 0x4A, 0xE3, 0x23, 0x73, 0xDD, 0x93, 0xB0,
    0x81, 0xA2, 0xAB, 0xE2, 0x3F, 0x91, 0x24, 0x95, 0x86, 0x84, 0xD9, 0x86, 0xA4, 0xB0, 0xB6, 0x24,
    0xB1, 0x8C, 0xF3, 0x07, 0x76, 0x17, 0x89, 0x0C, 0xB1, 0xA5, 0xA5, 0xFB, 0xA8, 0x0A, 0xB7, 0xAE,
    0x49, 0x93, 0xB5, 0xCE, 0x21, 0xCC, 0x4A, 0xAE, 0xC8, 0xF7, 0xF3, 0xB2, 0x36, 0x37, 0xC3, 0x19,
    0x73, 0x0C, 0x65, 0x59, 0xD0, 0x57, 0x9C, 0xA7, 0x48, 0x88, 0x3A, 0x70, 0xAD, 0x23, 0x6C, 0x5E,
    0xF2, 0x04, 0x60, 0x13, 0x3C, 0x4A, 0xB2, 0x5D, 0xFD, 0x75, 0x4E, 0x30, 0x2F, 0x51, 0xFA, 0xA5,
    0xA3, 0x9A, 0x12, 0x4A, 0xB4, 0x2E, 0x75, 0x7F, 0x3D, 0xE0, 0x71, 0xD9, 0x4F, 0xBE, 0x7C, 0x5B,
    0x71, 0xBE, 0x11, 0x06, 0x21, 0x1E, 0x56, 0x99, 0xAC, 0x21, 0xBA, 0x34, 0x3B, 0x43, 0xC0, 0xD1,
    0x19, 0x2A, 0x0D, 0xAE, 0x6C, 0x71, 0x1D, 0xE0, 0x53, 0x26, 0x8A, 0x39, 0x37, 0xD7, 0xB9, 0xB1,
    0xD6, 0xDF, 0x1A, 0x9D, 0x73, 0x86, 0xC7, 0x0F, 0x61, 0xF5, 0xD8, 0x3D, 0x8E, 0x73, 0x19, 0xCF,
    0x9E, 0x73, 0x9A, 0x63, 0x55, 0x4A, 0xCA, 0xAF, 0xD4, 0x5F, 0xCB, 0x77, 0xEE, 0xB2, 0x84, 0xBB,
    0x52, 0x29, 0x10, 0xDC, 0x2A, 0x0B, 0xF9, 0xF4, 0x24, 0x60, 0xBD, 0x51, 0x3D, 0x75, 0xCA, 0x03,
    0x71, 0xBC, 0x31, 0xE9, 0xAC, 0x71, 0xE5, 0x6A, 0x72, 0x05, 0x6B, 0xBD, 0x0A, 0x17, 0xEC, 0x5C,
    0x1A, 0x29, 0x35, 0xA0, 0xFF, 0x2D, 0xC8, 0x27, 0xDF, 0x90, 0x8F, 0xDF, 0xF5, 0x6C, 0x44, 0x39,
    0x9C, 0xDA, 0xE2, 0x5B, 0xB2, 0xA7, 0x07, 0x0D, 0xEB, 0xCA, 0xAE, 0x97, 0x4A, 0xE4, 0x63, 0xC5,
    0xF2, 0xEC, 0xB6, 0x18, 0xC5, 0x13, 0xE8, 0x4B, 0x4A, 0x3E, 0x56, 0xED, 0x47, 0x24, 0x94, 0x8E,
    0x22, 0xDB, 0x97, 0x6D, 0xCA, 0xFA, 0x90, 0xD5, 0xB5, 0xC4, 0x29, 0xB2, 0x1F, 0x2C, 0xD9, 0xCB,
    0x8B, 0x42, 0x68, 0x9B, 0x54, 0x64, 0x65, 0x84, 0x7D, 0x58, 0x19, 0xA3, 0x8F, 0x20, 0x99, 0x38,
    0x18, 0x73, 0x7D, 0x57, 0xD3, 0x32, 0xA1, 0xB8, 0xB0, 0x6A, 0x8C, 0x89, 0x8C, 0x25, 0x80, 0x72,
    0x74, 0x77, 0x65, 0x74, 0x74, 0x46, 0x47, 0x17, 0x6B, 0x68, 0x4A, 0xCA, 0x8C, 0x82, 0x0B, 0x28,
    0xE4, 0x2A, 0xA5, 0xB6, 0x96, 0x33, 0x27, 0x95, 0x22, 0x2D, 0x61, 0x5B, 0x17, 0x55, 0x8B, 0xA2,
    0xC5, 0xFD, 0xBD, 0x78, 0xFF, 0x3F, 0x26, 0x36, 0x87, 0xA0, 0x9D, 0x73, 0x93, 0x95, 0xB8, 0xE3,
    0x58, 0x90, 0x19, 0x75, 0xDF, 0x0F, 0x21, 0x73, 0xD7, 0x36, 0x27, 0x68, 0x98, 0xA8, 0x02, 0xF6,
    0xD0, 0x80, 0x4B, 0xEE, 0x9D, 0x7D, 0x38, 0x8C, 0x4F, 0x7F, 0x1B, 0xBB, 0x0B, 0x3B, 0x7F, 0xBC,
    0xF7, 0x70, 0xD8, 0xE6, 0xE0, 0xED, 0x5D, 0xF8, 0xE9, 0x00, 0x6E, 0xFA, 0xE2, 0x99, 0x09, 0x67,
    0x79, 0x08, 0x6C, 0x0A, 0xB6, 0x9B, 0xC5, 0x66, 0xCC, 0x60, 0xCB, 0x67, 0xDB, 0xC7, 0x37, 0xEC,
    0x41, 0x65, 0x86, 0x88, 0x8E, 0x1E, 0xBC, 0xBE, 0x85, 0x26, 0xA1, 0x1D, 0x51, 0xFB, 0xB3, 0xDC,
    0xBB, 0x75, 0x87, 0xD4, 0x6B, 0x19, 0x69, 0x38, 0xCE, 0x12, 0x33, 0xC3, 0xAA, 0x39, 0x1F, 0xFF,
    0xE6, 0xA3, 0x2C, 0x36, 0x65, 0x32, 0xED, 0x08, 0xBA, 0x7F, 0x48, 0x95, 0x0A, 0x6F, 0x67, 0xC1,
    0xB9, 0x04, 0x29, 0x04, 0x73, 0x11, 0xE8, 0x20, 0x97, 0x61, 0xBA, 0x1B, 0x7C, 0x60, 0x38, 0x49,
    0x16, 0xA3, 0xE7, 0x3A, 0x46, 0x18, 0x7E, 0x9F, 0x3A, 0xF9, 0x88, 0x96, 0xCD, 0xC9, 0x79, 0x5A,
    0x24, 0xBC, 0x28, 0x1C, 0x1D, 0x08, 0x70, 0xFC, 0x16, 0x54, 0xB4, 0x95, 0x29, 0x42, 0x3F, 0xD3,
    0x35, 0x9E, 0x1C, 0x49, 0xD2, 0x85, 0xDA, 0x9D, 0x80, 0xB6, 0x56, 0xF8, 0xFA, 0x58, 0x67, 0xED,
    0x2A, 0x59, 0xE4, 0xCE, 0x99, 0x27, 0x22, 0xBF, 0xCE, 0x24, 0x98, 0x73, 0x1A, 0xEA, 0x27, 0x1C,
    0x19, 0xA2, 0x64, 0xE1, 0x68, 0x82, 0x58, 0x43, 0x1E, 0x0B, 0x94, 0xA9, 0x56, 0xE4, 0x39, 0xBE,
    0x80, 0x2C, 0xA2, 0x7E, 0x4E, 0x95, 0x19, 0x5A, 0x9E, 0xFE, 0x02, 0x78, 0xA6, 0x3C, 0x7E, 0x3A,
    0x63, 0x68, 0x1D, 0x99, 0xF3, 0xCC, 0xC9, 0xE3, 0x44, 0xF9, 0x41, 0xB0, 0x24, 0xA0, 0x22, 0xB9,
    0x44, 0xF6, 0x8C, 0xAD, 0x3B, 0x6A, 0x58, 0xE9, 0xCF, 0x15, 0x7E, 0xA6, 0x8C, 0x4A, 0x43, 0xD2,
    0xD3, 0xAB, 0x8D, 0x38, 0x8F, 0x93, 0x79, 0x6B, 0xC9, 0x4D, 0xB6, 0xAD, 0x97, 0x8B, 0xA9, 0x47,
    0xAB, 0xA2, 0x1D, 0x18, 0x52, 0xA5, 0x4F, 0x73, 0x05, 0x47, 0xB2, 0x92, 0x7D, 0x80, 0xA1, 0xF5,
    0x34, 0xAD, 0x36, 0xB8, 0x0F, 0x8A, 0x13, 0xBB, 0x91, 0x29, 0xEF, 0x9D, 0xCE, 0x69, 0x35, 0xA7,
    0x8D, 0x0D, 0x32, 0xE7, 0xBF, 0xC0, 0xBD, 0x70, 0xF0, 0x7E, 0xD3, 0xEB, 0x6F, 0xD1, 0xEE, 0xB9,
    0x23, 0x6D, 0xFF, 0xCF, 0x7B, 0xBF, 0x27, 0x27, 0x0F, 0xE8, 0x41, 0xFE, 0x9D, 0x49, 0x7A, 0x0E,
    0x90, 0x92, 0xB7, 0xF9, 0x54, 0x7A, 0xD5, 0x6D, 0x2A, 0xDE, 0x75, 0xFC, 0xDE, 0x3F, 0x00, 0x3E,
    0x34, 0x38, 0x29, 0x68, 0x0D, 0x64, 0xD7, 0x60, 0xAE, 0x08, 0x76, 0x69, 0xC1, 0x3A, 0x9B, 0x10,
    0xBE, 0x09, 0x7F, 0x8B, 0xE0, 0x42, 0x35, 0xA4, 0x64, 0x57, 0xF3, 0x20, 0xF3, 0x67, 0x46, 0x68,
    0xE6, 0x37, 0xAE, 0x1E, 0x95, 0x81, 0x6C, 0x87, 0xEA, 0xEF, 0x7E, 0x98, 0x7C, 0xED, 0x9D, 0x10,
    0xDB, 0xAB, 0x49, 0x6D, 0x2C, 0x81, 0x58, 0x41, 0xA6, 0x69, 0x20, 0xC9, 0xB7, 0xB9, 0xF6, 0x24,
    0x2D, 0xFF, 0x5D, 0xB3, 0xAF, 0x6E, 0x53, 0x11, 0x0C, 0x28, 0x61, 0xB6, 0x31, 0x27, 0x9B, 0xD4,
    0x24, 0x57, 0x08, 0xBD, 0x91, 0x7F, 0xD5, 0x33, 0xF1, 0x89, 0x4D, 0x9D, 0x74, 0xAA, 0xD4, 0x69,
    0x52, 0x1F, 0xD9, 0x19, 0x80, 0x3A, 0xCA, 0xEC, 0xEB, 0x64, 0xB3, 0x46, 0xB5, 0xBE, 0xDD, 0x44,
    0xCF, 0x9D, 0xA1, 0x68, 0x97, 0x40, 0xD7, 0x6C, 0xBE, 0xA2, 0x23, 0x31, 0xD6, 0x2F, 0x36, 0x51,
    0xD7, 0x3A, 0x28, 0x39, 0x1D, 0xAC, 0xD5, 0x97, 0x54, 0xCF, 0xEA, 0x41, 0x1C, 0x41, 0x1E, 0x41,
    0x20, 0x4B, 0x74, 0x3E, 0x7A, 0xC6, 0x3D, 0x16, 0x55, 0x7F, 0xA0, 0xB0, 0x42, 0x33, 0x27, 0xBF,
    0x08, 0x9E, 0x09, 0xD3, 0xD4, 0xAE, 0x3E, 0x24, 0x0E, 0xDE, 0x3E, 0x84, 0x35, 0xFB, 0xFC, 0x29,
    0x3F, 0x39, 0xEE, 0xEF, 0x0F, 0x28, 0x8F, 0xAB, 0x14, 0xB3, 0x17, 0x97, 0x0B, 0x4E, 0x5C, 0xBE,
    0x7C, 0x09, 0xBD, 0xE7, 0xF0, 0xA9, 0xCB, 0xEE, 0x51, 0x0A, 0xFF, 0x1E, 0xE4, 0xE3, 0x6A, 0x66,
    0xF7, 0xF5, 0x9F, 0x86, 0x22, 0x54, 0xE9, 0xA2, 0x06, 0x37, 0xB9, 0x41, 0xC1, 0xAD, 0x43, 0xD2,
    0xCF, 0x6F, 0x91, 0x5E, 0x6D, 0x51, 0xF5, 0x4A, 0x07, 0x50, 0x0A, 0xAA, 0x5F, 0xC8, 0xA8, 0x06,
    0x37, 0xE9, 0x1D, 0xB8, 0x67, 0x3A, 0x9E, 0x4B, 0x1D, 0x4C, 0x4B, 0xA4, 0xC8, 0xB5, 0x69, 0xFC,
    0x94, 0xC0, 0xF2, 0x84, 0x4C, 0x0D, 0x94, 0xA9, 0x14, 0x61, 0xFA, 0x4C, 0x5E, 0xC5, 0x72, 0x20,
    0xDC, 0xE6, 0x1E, 0x85, 0x17, 0xBA, 0xA4, 0x4F, 0x37, 0x68, 0x69, 0xA5, 0x9D, 0x44, 0xED, 0xBF,
    0x98, 0xF8, 0xD6, 0x6D, 0x70, 0xAE, 0x01, 0xBC, 0x39, 0x19, 0x9D, 0x4A, 0x15, 0xB6, 0x18, 0xC9,
    0x63, 0x53, 0x22, 0x17, 0xBA, 0x0F, 0x2E, 0x93, 0x5B, 0x14, 0x3E, 0x1A, 0xA8, 0xE3, 0xFD, 0x7D,
    0x66, 0x67, 0x68, 0x2A, 0x12, 0xF3, 0xE0, 0xF2, 0x92, 0x39, 0x74, 0x14, 0x03, 0x79, 0xFB, 0xE9,
    0xDE, 0xB1, 0x3D, 0x7B, 0x30, 0x9D, 0xE7, 0xAC, 0xCE, 0x5E, 0xE1, 0x36, 0x6F, 0xFC, 0xA4, 0x4D,
    0xAE, 0x55, 0x53, 0x04, 0x3C, 0xE2, 0xEB, 0xD7, 0x59, 0x83, 0x4C, 0xBE, 0x21, 0x4E, 0x41, 0x05,
    0xEC, 0x53, 0x60, 0xEE, 0x67, 0x78, 0xFF, 0x83, 0xA9, 0x98, 0x3B, 0xB9, 0x1C, 0x4C, 0x70, 0x82,
    0xC4, 0x72, 0x8D, 0x19, 0xFB, 0x08, 0xF1, 0xAE, 0xB1, 0xFC, 0xCD, 0xE6, 0x98, 0x93, 0xEC, 0x1C,
    0x3B, 0xC7, 0xB9, 0xA0, 0x1C, 0x86, 0xAF, 0x8E, 0xB9, 0x60, 0x63, 0xFC, 0xB0, 0xA6, 0x40, 0xB2,
    0xA1, 0x8F, 0xDE, 0x83, 0xD9, 0x3E, 0xE0, 0x44, 0xF4, 0x67, 0x1E, 0xA0, 0x21, 0xBC, 0x4C, 0xB3,
    0x65, 0x6B, 0x7C, 0xBF, 0x94, 0xA0, 0x3E, 0xF3, 0x2D, 0xB8, 0xC2, 0x3A, 0x0B, 0xDD, 0x61, 0x2C,
    0x1D, 0xB7, 0x9F, 0x76, 0xF0, 0xC7, 0xE7, 0x6A, 0xE2, 0x7C, 0xC2, 0x45, 0x5F, 0xE5, 0x69, 0x97,
    0x5C, 0xF5, 0x9D, 0x03, 0x9F, 0xEC, 0xDA, 0xBE, 0x30, 0x7D, 0x71, 0xF2, 0xBC, 0xFE, 0x51, 0x58,
    0xE1, 0xBF, 0xCD, 0x5B, 0x4F, 0x6C, 0x1C, 0xE7, 0x75, 0x7F, 0x33, 0x43, 0x6B, 0x68, 0xCD, 0x92,
    0xC3, 0x83, 0x80, 0xC8, 0x34, 0xC5, 0xE5, 0x41, 0x05, 0x54, 0x97, 0xE4, 0x32, 0x80, 0x0E, 0x0B,
    0x78, 0xC8, 0x9D, 0x42, 0x40, 0x7D, 0xF0, 0x21, 0xBA, 0xB4, 0xBD, 0x14, 0xAD, 0x0F, 0x39, 0x24,
    0x46, 0x0A, 0xF3, 0x40, 0xA4, 0x42, 0xB3, 0x14, 0xC7, 0xED, 0xA1, 0x40, 0x0B, 0x34, 0xBC, 0xF8,
    0xD4, 0x1C, 0x78, 0xC8, 0x21, 0x61, 0x8A, 0x7A, 0x6B, 0x10, 0x08, 0xD1, 0xAC, 0xBC, 0x53, 0xE9,
    0xD0, 0x83, 0xD1, 0x64, 0xE0, 0xB4, 0xCD, 0x21, 0x68, 0x3B, 0x09, 0x50, 0xA4, 0x50, 0x02, 0x68,
    0x5A, 0x6F, 0x9B, 0xB5, 0xBC, 0xE2, 0xE4, 0xF7, 0x7B, 0xDF, 0xCC, 0xEC, 0x50, 0x36, 0x1C, 0xFD,
    0x5D, 0x79, 0xA0, 0x9D, 0x4F, 0xDA, 0x9D, 0xF9, 0xBE, 0xF7, 0x7B, 0xDF, 0xFB, 0xDE, 0xFB, 0xBD,
    0xF7, 0x7D, 0x12, 0x11, 0x39, 0x3C, 0x14, 0x5E, 0x79, 0x2E, 0xB5, 0xCB, 0x36, 0xCD, 0xBC, 0x69,
    0xDE, 0xD5, 0xBB, 0x75, 0x4F, 0x1B, 0x27, 0xD0, 0x66, 0xAE, 0xAB, 0xCD, 0xA5, 0x63, 0x6D, 0xB6,
    0x47, 0xDA, 0xC4, 0x43, 0x7D, 0x22, 0xCC, 0xD8, 0x9C, 0xB5, 0xB4, 0x59, 0xFF, 0x4E, 0xCA, 0xE6,
    0x4F, 0x4D, 0x93, 0x3A, 0x09, 0x9F, 0x88, 0xDD, 0x18, 0x8D, 0x2F, 0x1E, 0x9B, 0x40, 0xFC, 0x08,
    0xCD, 0xB1, 0x36, 0xEE, 0x50, 0xF6, 0xF0, 0xE5, 0xE0, 0xC4, 0xCD, 0x87, 0x35, 0x81, 0x06, 0x63,
    0x91, 0xD7, 0xBF, 0x59, 0xFB, 0x22, 0x44, 0xCF, 0xA9, 0x58, 0x79, 0x22, 0xEE, 0x95, 0x58, 0x56,
    0x9D, 0x48, 0x7A, 0xBE, 0x58, 0x71, 0x4B, 0x9C, 0xE8, 0x3A, 0x3A, 0x1E, 0xCB, 0x05, 0xA7, 0x2B,
    0xC1, 0x85, 0xA3, 0x83, 0xCE, 0xD1, 0x47, 0x71, 0x27, 0x3E, 0x91, 0x59, 0x59, 0xD0, 0x17, 0x57,
    0x1C, 0xDE, 0xAF, 0x35, 0x79, 0xEF, 0x8C, 0x79, 0x3F, 0xB3, 0x3F, 0x81, 0x3C, 0x3F, 0x01, 0x6C,
    0xF0, 0x1A, 0xB8, 0x06, 0xAD, 0x01, 0x6B, 0xB0, 0x2A, 0x54, 0x83, 0xD4, 0x00, 0x35, 0x38, 0x0D,
    0x4C, 0x45, 0x69, 0x40, 0x1A, 0x8C, 0x06, 0xA2, 0x22, 0x34, 0x00, 0x4F, 0xE3, 0x5B, 0x99, 0x15,
    0xD9, 0x58, 0x82, 0x3C, 0xE8, 0xBA, 0x99, 0x3C, 0x2E, 0x42, 0xBB, 0x02, 0xF2, 0x6E, 0x09, 0x43,
    0x51, 0x28, 0x08, 0xC5, 0xA0, 0x10, 0x88, 0x40, 0x01, 0xA8, 0xFC, 0x2A, 0xBE, 0x4A, 0x4F, 0xE1,
    0x55, 0x76, 0x15, 0x5D, 0x25, 0xA7, 0xE0, 0x2A, 0x77, 0x29, 0xB6, 0x0B, 0xE1, 0x64, 0x95, 0x43,
    0xF4, 0x38, 0x04, 0x31, 0x9B, 0x89, 0x4D, 0x00, 0xD6, 0xF9, 0x08, 0xBF, 0x3A, 0xAA, 0xDA, 0xAB,
    0x8F, 0x08, 0x64, 0x07, 0x9D, 0x26, 0x66, 0x18, 0x9F, 0xBA, 0xC5, 0x67, 0xAB, 0x01, 0xFD, 0x40,
    0xF8, 0x16, 0xBE, 0x7F, 0x4E, 0x71, 0x2E, 0xF3, 0xB6, 0xC5, 0x1B, 0xE1, 0x58, 0x71, 0x09, 0xFD,
    0x39, 0xCC, 0xA7, 0x75, 0x32, 0xF8, 0x96, 0x34, 0x63, 0x37, 0x93, 0x1B, 0x62, 0xA7, 0xF6, 0x10,
    0x3F, 0xBB, 0x90, 0x21, 0xF6, 0xF9, 0x54, 0x4B, 0xE7, 0x9E, 0xB7, 0xEB, 0xBC, 0xF5, 0x79, 0x1B,
    0x9F, 0xBE, 0xE9, 0x77, 0xD0, 0xD7, 0x0C, 0x07, 0x68, 0x53, 0x88, 0x9E, 0xB8, 0x89, 0x0D, 0xA0,
    0xEF, 0xBE, 0x8D, 0x2E, 0xCE, 0x84, 0xC5, 0x24, 0x05, 0x9C, 0x55, 0xC9, 0xC4, 0x8E, 0xC5, 0x29,
    0x67, 0xB3, 0x95, 0x4A, 0x9A, 0x3A, 0xD4, 0x9F, 0xC0, 0xCA, 0x36, 0xF5, 0xA1, 0xAE, 0x3E, 0x77,
    0xFC, 0xBC, 0xEC, 0x76, 0xA5, 0x93, 0xCA, 0x19, 0x7D, 0x50, 0x35, 0xC9, 0xE9, 0xD9, 0xA2, 0x35,
    0x1E, 0xD8, 0xD1, 0x14, 0x65, 0xDF, 0x47, 0xD7, 0x82, 0x21, 0xE6, 0x7B, 0xD2, 0xDE, 0x90, 0x83,
    0x95, 0x87, 0x12, 0xFC, 0x35, 0xEA, 0x9B, 0x4A, 0xB7, 0x87, 0xA6, 0xAF, 0xE9, 0x09, 0x0E, 0x5B,
    0x73, 0x32, 0x63, 0x6C, 0x0F, 0xAB, 0x6E, 0x5E, 0x6D, 0x1B, 0x6F, 0xFA, 0x6F, 0xA0, 0x27, 0x57,
    0x8D, 0x26, 0x99, 0xAE, 0xBD, 0x34, 0xCE, 0x4A, 0x63, 0x95, 0x3A, 0xF7, 0x13, 0xF1, 0x42, 0xB1,
    0x1E, 0x1E, 0x00, 0x44, 0x7E, 0x91, 0xCD, 0x3F, 0xA8, 0x17, 0x6A, 0xA9, 0x1E, 0xCE, 0x56, 0x3F,
    0xFA, 0x79, 0x9E, 0xEA, 0xBA, 0xBF, 0xAE, 0xB6, 0x49, 0xD7, 0xD3, 0x15, 0x27, 0xE5, 0x0A, 0xE1,
    0x22, 0xCF, 0xCA, 0xBF, 0x8C, 0x39, 0xFB, 0xB8, 0x63, 0x54, 0xDC, 0xE9, 0xA7, 0x46, 0xE2, 0x45,
    0x9C, 0x53, 0x3F, 0x14, 0x3B, 0xA3, 0x1C, 0xD0, 0x32, 0x96, 0x1D, 0x7A, 0x80, 0x40, 0xCD, 0x88,
    0x02, 0x6D, 0x11, 0x26, 0xA7, 0xFD, 0x84, 0x4E, 0xAA, 0x93, 0xE7, 0x1F, 0x72, 0xC8, 0x19, 0x33,
    0xF2, 0x97, 0x68, 0x0D, 0x63, 0x2E, 0xC9, 0x2E, 0x7D, 0xCD, 0x31, 0x6F, 0xC3, 0x0D, 0xDC, 0xB2,
    0xFD, 0xC2, 0x41, 0x50, 0xF3, 0x72, 0x85, 0x2E, 0xF1, 0x97, 0x14, 0x0B, 0x6E, 0xC5, 0xCA, 0x7C,
    0xBA, 0x49, 0xDC, 0xFC, 0x70, 0x99, 0xE0, 0x15, 0x7B, 0x9F, 0x32, 0x43, 0xA9, 0x47, 0xCE, 0xF1,
    0x8A, 0x64, 0x73, 0x47, 0x07, 0x32, 0xDC, 0xC9, 0x23, 0x19, 0xC0, 0x31, 0xC8, 0xB9, 0xC2, 0xC5,
    0x3D, 0x0A, 0xD6, 0xDF, 0xFF, 0xAF, 0xAB, 0xB8, 0xE7, 0xF0, 0x5F, 0x4F, 0x06, 0x6B, 0x31, 0xE3,
    0x88, 0x25, 0xB4, 0x8E, 0x1C, 0x33, 0xFC, 0xD2, 0x87, 0x52, 0xC7, 0x4A, 0xE5, 0x7A, 0x3F, 0xC2,
    0x6D, 0xAB, 0x83, 0x95, 0x3D, 0xE4, 0x38, 0x09, 0x6E, 0x7E, 0xB4, 0xFE, 0x49, 0x58, 0x17, 0x88,
    0xF5, 0x35, 0x62, 0x45, 0x74, 0x48, 0x10, 0x8D, 0x5F, 0x00, 0x5A, 0x4E, 0xEE, 0xE1, 0x01, 0xB1,
    0x66, 0x15, 0xEE, 0x19, 0x22, 0x1F, 0x13, 0x51, 0x40, 0x88, 0x97, 0xE8, 0x47, 0x2E, 0x2A, 0x52,
    0x45, 0x6F, 0xD6, 0x86, 0x1B, 0xC3, 0x1D, 0x79, 0xFF, 0xFA, 0x87, 0x78, 0xF5, 0xCE, 0x98, 0x4E,
    0x74, 0x89, 0x66, 0x3C, 0x5B, 0xF8, 0xCB, 0xA0, 0x32, 0x59, 0x20, 0x8C, 0xF0, 0xBE, 0x13, 0x39,
    0x43, 0x3C, 0x34, 0xC8, 0xF3, 0x93, 0x72, 0x55, 0x01, 0xD0, 0xE2, 0xB7, 0xE5, 0xD4, 0xD5, 0xA2,
    0x5A, 0x7B, 0xC0, 0x95, 0x89, 0x07, 0x84, 0x3E, 0x70, 0x10, 0x59, 0x50, 0x28, 0x82, 0x91, 0xE5,
    0xD8, 0x15, 0xD9, 0x5D, 0x35, 0x8F, 0x1A, 0xA3, 0xB7, 0x05, 0x56, 0xE0, 0xBE, 0x89, 0x7F, 0x3B,
    0x39, 0x17, 0xD3, 0x97, 0xA7, 0x08, 0x62, 0x16, 0xF1, 0xA0, 0x01, 0x89, 0xFC, 0x13, 0x25, 0x16,
    0x8F, 0x07, 0x44, 0xCE, 0x57, 0xF1, 0x46, 0xDD, 0xC0, 0xA5, 0x29, 0x02, 0xA1, 0x8D, 0xD1, 0x4C,
    0x4E, 0x41, 0xC8, 0x7A, 0x00, 0x00, 0xF9, 0x21, 0x3E, 0xA4, 0x9F, 0x38, 0x0D, 0x97, 0x82, 0xE3,
    0xF7, 0x42, 0xEC, 0xA7, 0x2F, 0xA1, 0x5A, 0xBB, 0x27, 0x25, 0x25, 0xE0, 0x7A, 0xE0, 0xF2, 0x13,
    0x6B, 0xB8, 0x4D, 0xCF, 0xCA, 0x59, 0x57, 0x76, 0x59, 0xAC, 0x5D, 0x0F, 0x92, 0xAC, 0x4A, 0x16,
    0xD8, 0xF1, 0x91, 0xF3, 0x5E, 0xE4, 0xA7, 0x85, 0xE3, 0xC3, 0x24, 0xAC, 0x5B, 0x71, 0xF3, 0x55,
    0xFE, 0x4E, 0x2F, 0x1F, 0xF1, 0x7B, 0x83, 0xAA, 0x7F, 0x49, 0x06, 0x19, 0x41, 0xCE, 0x54, 0xF8,
    0x3D, 0x0E, 0xE3, 0xFC, 0x38, 0x29, 0xFB, 0xBE, 0x3C, 0xCD, 0xD9, 0x60, 0x4F, 0x88, 0xD6, 0x0E,
    0x30, 0x3B, 0x7F, 0x8B, 0x0F, 0x4C, 0x8B, 0x3E, 0x46, 0xC2, 0xC7, 0x31, 0x2F, 0xFE, 0x6C, 0x13,
    0x4B, 0xF3, 0x2F, 0xA0, 0xB1, 0x8B, 0x8C, 0xAA, 0x16, 0xF8, 0x93, 0xF5, 0x2E, 0x22, 0x93, 0x1F,
    0x63, 0x8C, 0x5D, 0x00, 0x61, 0xC0, 0x4D, 0x10, 0x99, 0x44, 0x23, 0x53, 0xD8, 0x0A, 0x4F, 0x45,
    0xA6, 0x1B, 0x46, 0x76, 0xFB, 0xAD, 0x03, 0x38, 0xBD, 0x3C, 0xED, 0x13, 0x52, 0x9F, 0x3D, 0xAB,
    0xB3, 0xE9, 0x70, 0x6A, 0x94, 0xCD, 0x39, 0x19, 0x5D, 0xDB, 0xE0, 0x3B, 0xD0, 0x86, 0x65, 0x48,
    0x35, 0x06, 0x82, 0x2B, 0x24, 0x21, 0x90, 0x79, 0x4C, 0x1A, 0x28, 0x81, 0xBC, 0xB6, 0x62, 0xD0,
    0xE4, 0x7F, 0x27, 0xCE, 0xAD, 0x3B, 0xE2, 0xC3, 0x9D, 0xAD, 0xE3, 0x13, 0x20, 0x5A, 0x74, 0x11,
    0xBB, 0xAE, 0x61, 0x76, 0x76, 0xD0, 0x6F, 0xFB, 0x48, 0x94, 0xDC, 0xAE, 0x16, 0xE8, 0xA8, 0x44,
    0xB8, 0x4C, 0xEB, 0x7B, 0x63, 0x10, 0xB4, 0x3D, 0xA5, 0x8E, 0x43, 0xF8, 0xDB, 0x5D, 0xA8, 0xB0,
    0x79, 0xFB, 0xA8, 0x58, 0xFF, 0xCF, 0x0B, 0x9D, 0xDA, 0xEF, 0x90, 0xE2, 0xE5, 0xE4, 0xFE, 0x5F,
    0x94, 0x29, 0x82, 0x5D, 0x01, 0x7D, 0xDC, 0x68, 0x14, 0x6C, 0x3B, 0x9D, 0x4C, 0xE9, 0xD3, 0x00,
    0x6A, 0xBC, 0xC4, 0x84, 0x31, 0x5C, 0x9C, 0x26, 0x50, 0x49, 0x35, 0xB4, 0x99, 0xF5, 0x29, 0x4F,
    0x17, 0xE8, 0xF4, 0x40, 0x55, 0x6B, 0x39, 0x2B, 0xFD, 0x8C, 0xDE, 0xEC, 0xB8, 0x48, 0x14, 0x8A,
    0xAB, 0x5B, 0x04, 0x60, 0x32, 0x05, 0xA6, 0x11, 0xB4, 0xB5, 0xF8, 0x29, 0x4F, 0xB6, 0xC9, 0x78,
    0xE9, 0xC0, 0x14, 0xA7, 0xF2, 0x46, 0x49, 0xEC, 0xC9, 0xA8, 0x5E, 0x9E, 0xB8, 0xC8, 0x83, 0x68,
    0x0B, 0xF7, 0x8C, 0xDC, 0x7D, 0xB3, 0xF0, 0x86, 0x0A, 0x8A, 0xEF, 0x43, 0x18, 0x5D, 0x89, 0xB1,
    0xA2, 0x84, 0x0C, 0x44, 0x01, 0x04, 0xE4, 0x37, 0xCD, 0x3C, 0xE7, 0x72, 0x69, 0x99, 0xAC, 0x68,
    0x4B, 0xDD, 0x26, 0xFD, 0xC6, 0xBA, 0xB1, 0xB1, 0x4D, 0xE3, 0xB4, 0xBA, 0x26, 0xB5, 0x38, 0x9E,
    0xF4, 0x9C, 0x29, 0x51, 0xDF, 0xCB, 0xA5, 0x53, 0x73, 0x61, 0x24, 0x9F, 0xEC, 0xF4, 0x7A, 0x02,
    0x03, 0xD9, 0x36, 0x5C, 0xF4, 0x85, 0x22, 0x5F, 0xEC, 0x16, 0xFE, 0xE8, 0x5A, 0x91, 0xE1, 0x65,
    0x86, 0xD7, 0xD8, 0xC9, 0x0C, 0xC4, 0xD9, 0x8B, 0x9C, 0x9B, 0x7F, 0x15, 0xBB, 0x7F, 0x09, 0xE6,
    0x76, 0x09, 0x9F, 0x6D, 0x37, 0x5A, 0x8E, 0x3D, 0x69, 0x85, 0x3E, 0xA6, 0xED, 0x02, 0x5E, 0x0B,
    0x30, 0xF4, 0x86, 0x64, 0x2B, 0x89, 0xA4, 0x7B, 0xA1, 0x84, 0xE7, 0x1E, 0x0C, 0xFE, 0xE7, 0xFE,
    0xEF, 0x77, 0x7F, 0xEF, 0xC3, 0x10, 0x42, 0xE2, 0x0A, 0xA7, 0x00, 0xFF, 0x13, 0xA0, 0x7A, 0x79,
    0xF6, 0xA4, 0xA0, 0xCE, 0xC1, 0xC2, 0x46, 0x30, 0xEC, 0xAC, 0x2C, 0xA5, 0x98, 0xCE, 0x4F, 0x0A,
    0x67, 0x30, 0x34, 0xE8, 0x29, 0xA0, 0x29, 0x15, 0x98, 0xA9, 0xA0, 0xC5, 0x11, 0x5A, 0xB3, 0x30,
    0xE5, 0xCD, 0x5A, 0xC4, 0x60, 0x8C, 0x19, 0x11, 0x45, 0x58, 0xF1, 0xC0, 0x97, 0xBE, 0x22, 0x79,
    0x66, 0xDF, 0xDE, 0xAF, 0x2C, 0x1E, 0x49, 0xF7, 0xFC, 0x50, 0x16, 0x32, 0xAE, 0x78, 0xF4, 0x89,
    0x10, 0x0A, 0xF3, 0xF7, 0x67, 0x65, 0xAD, 0xCD, 0x24, 0xA2, 0x13, 0x2A, 0xA3, 0xB4, 0x0E, 0xBF,
    0x0D, 0x2A, 0x76, 0xAF, 0x36, 0x29, 0x4F, 0x56, 0x30, 0xC4, 0x5F, 0x52, 0x56, 0x79, 0x38, 0xA9,
    0x24, 0x86, 0x47, 0x4E, 0xD1, 0xE7, 0x60, 0x12, 0x11, 0x9F, 0xB4, 0x64, 0x0B, 0xB3, 0xD2, 0x5B,
    0x95, 0x3D, 0x30, 0x89, 0xF8, 0x21, 0x85, 0x7B, 0xC2, 0xC2, 0x40, 0x3D, 0x18, 0x48, 0x6B, 0x34,
    0x25, 0x29, 0xE8, 0x23, 0x32, 0x70, 0x84, 0xBD, 0xA8, 0x4C, 0x33, 0xD4, 0x73, 0x15, 0x1D, 0xD6,
    0x2E, 0xFA, 0x08, 0x1F, 0x9F, 0x97, 0x13, 0x93, 0x4D, 0x79, 0x45, 0x8D, 0x64, 0xBE, 0xA0, 0x5F,
    0x01, 0xC2, 0xF6, 0x11, 0x0C, 0x98, 0x2B, 0xA5, 0x58, 0x64, 0x4E, 0xD1, 0xCB, 0x5A, 0x39, 0xDE,
    0x79, 0xA3, 0x66, 0xAA, 0xC1, 0x8C, 0x65, 0xB3, 0x93, 0xD8, 0x7C, 0xCE, 0x3C, 0x25, 0x7B, 0x95,
    0xAE, 0x33, 0x9E, 0x1F, 0x2E, 0x64, 0x76, 0xE2, 0xC4, 0x4E, 0xE4, 0x41, 0xC9, 0x6B, 0xED, 0x4E,
    0xDA, 0x99, 0x2C, 0x1A, 0x8C, 0x38, 0xB8, 0xC7, 0x31, 0x29, 0x45, 0x5F, 0x3B, 0x1F, 0x6A, 0xF7,
    0x19, 0x97, 0x3C, 0xC6, 0xDE, 0xD2, 0xD1, 0x03, 0x1D, 0xBF, 0xAB, 0x12, 0x8C, 0x54, 0x86, 0x21,
    0xA5, 0xA0, 0x5E, 0x9A, 0x2A, 0xE1, 0xBA, 0xCA, 0xB8, 0xA9, 0x52, 0x76, 0x55, 0xCE, 0xE3, 0x49,
    0x67, 0x90, 0xA9, 0xA9, 0x52, 0x6D, 0x55, 0xA4, 0xAB, 0x60, 0xAC, 0x1A, 0x45, 0x7C, 0x2D, 0x23,
    0xF9, 0x3F, 0xD7, 0x28, 0xA3, 0x29, 0xB6, 0x1D, 0xBB, 0x70, 0x42, 0x29, 0x64, 0x72, 0x62, 0x2F,
    0x94, 0xFB, 0xAE, 0xAE, 0x9A, 0x90, 0x1A, 0x91, 0x4F, 0x33, 0x52, 0x43, 0x82, 0x28, 0x80, 0x98,
    0x90, 0x39, 0xC6, 0x98, 0x46, 0x96, 0xD2, 0x66, 0xE1, 0xC2, 0xD6, 0xDA, 0x18, 0xBF, 0x93, 0x62,
    0xF8, 0x4E, 0xB8, 0xC6, 0x5C, 0x36, 0xA8, 0x52, 0xC8, 0xA3, 0x8A, 0x32, 0xA7, 0x65, 0xE2, 0xE8,
    0x52, 0x0E, 0x06, 0x12, 0xAB, 0x58, 0xDF, 0x1E, 0x89, 0x52, 0x87, 0xAE, 0x69, 0x78, 0xCC, 0x59,
    0x3A, 0x5F, 0x88, 0xE0, 0x16, 0x69, 0x70, 0x8D, 0xB6, 0x9A, 0x09, 0xD3, 0x68, 0x64, 0xD7, 0x68,
    0x6F, 0xE1, 0xF0, 0x4D, 0xB9, 0x55, 0xCD, 0xAA, 0x55, 0xA5, 0x34, 0x13, 0x59, 0x8E, 0x2B, 0x59,
    0x26, 0xEF, 0xC7, 0x45, 0xCD, 0x6F, 0x87, 0x56, 0x76, 0xFD, 0x5A, 0x55, 0x79, 0x10, 0x5D, 0x1E,
    0x18, 0xD6, 0x82, 0xA4, 0xCE, 0x37, 0x60, 0x85, 0x58, 0xC5, 0xE7, 0x67, 0x0B, 0xC1, 0x62, 0x63,
    0x62, 0xB0, 0x00, 0xAB, 0xB4, 0x92, 0xCD, 0x9A, 0xC9, 0x17, 0x46, 0x65, 0x15, 0x0C, 0x85, 0x83,
    0xB8, 0x35, 0x83, 0x5E, 0x36, 0x8F, 0xF6, 0x40, 0x47, 0x99, 0x38, 0xBE, 0x20, 0xA7, 0xE2, 0x48,
    0x27, 0x57, 0x4A, 0xE5, 0xEF, 0x2B, 0x62, 0x95, 0x3E, 0xD3, 0x6A, 0x8E, 0x9D, 0xB9, 0x86, 0x22,
    0x68, 0x2E, 0xE2, 0x24, 0x3D, 0x15, 0xE5, 0x56, 0xA4, 0xEF, 0xFD, 0x87, 0xA9, 0x1C, 0x98, 0x30,
    0xD0, 0x34, 0xF1, 0xB9, 0xA5, 0x35, 0x1E, 0xD9, 0x72, 0x15, 0x51, 0x60, 0x68, 0x45, 0xDF, 0xD0,
    0xB5, 0x91, 0xD1, 0xEB, 0x90, 0x8E, 0x80, 0xF6, 0xD0, 0x4A, 0x35, 0x8E, 0x9C, 0x2E, 0x96, 0x9B,
    0xAB, 0x6F, 0x9A, 0xC2, 0xAF, 0xAE, 0x99, 0x66, 0xD5, 0x34, 0x47, 0x93, 0x09, 0x34, 0xCE, 0x0D,
    0xC1, 0x42, 0x75, 0xBF, 0x5C, 0x5B, 0x95, 0x41, 0xF1, 0x20, 0xC7, 0xCF, 0xF6, 0x22, 0xEB, 0xFD,
    0xBF, 0x89, 0x9D, 0x7F, 0x76, 0x23, 0xE7, 0xBF, 0xE7, 0xC5, 0x4D, 0xDB, 0xE2, 0xDF, 0x44, 0x26,
    0x81, 0xDE, 0x97, 0xF1, 0x5C, 0x80, 0xF7, 0x02, 0xDF, 0x06, 0x5B, 0xF9, 0x86, 0xF4, 0x90, 0xD8,
    0x2E, 0x58, 0xA6, 0x6B, 0x5D, 0xC2, 0x89, 0x99, 0x6F, 0xBB, 0x20, 0x3F, 0xC7, 0xA5, 0xCE, 0xD2,
    0x66, 0xDC, 0x4A, 0x07, 0xF1, 0xE7, 0xDF, 0x07, 0xC1, 0xF8, 0x3E, 0x9E, 0xF9, 0x96, 0xA1, 0xFB,
    0x24, 0x2B, 0x3E, 0xA6, 0xE5, 0x42, 0xD3, 0x92, 0x55, 0xDF, 0x95, 0xC0, 0xFB, 0x85, 0x5C, 0x86,
    0x12, 0x16, 0xAC, 0xB0, 0x5A, 0x1A, 0xA3, 0x92, 0x73, 0x69, 0xDD, 0x77, 0xB6, 0xA2, 0x61, 0x4C,
    0xB5, 0x0C, 0x9D, 0xEB, 0x56, 0x2A, 0x18, 0x56, 0x84, 0x6C, 0x92, 0x75, 0xDD, 0x67, 0x79, 0x61,
    0x61, 0x0C, 0x95, 0xF9, 0xB1, 0xE4, 0x82, 0x85, 0xD7, 0xC7, 0x8A, 0xB1, 0xC7, 0xD2, 0x0C, 0x49,
    0x02, 0xEA, 0xBA, 0x6D, 0xE2, 0x8D, 0x81, 0x96, 0xCE, 0xB5, 0xF4, 0xBB, 0x18, 0x19, 0xC3, 0xF2,
    0xC3, 0x89, 0xFB, 0x59, 0xAB, 0x31, 0x96, 0xE1, 0x84, 0xB1, 0x54, 0xDE, 0xAA, 0xF0, 0x54, 0x5A,
    0x4D, 0x06, 0x80, 0x00, 0x39, 0x5F, 0xB0, 0x83, 0x65, 0x83, 0xDF, 0x07, 0x85, 0x19, 0x4F, 0x19,
    0x94, 0xA5, 0x6B, 0x74, 0x52, 0x46, 0x6A, 0x17, 0x8C, 0xDD, 0x74, 0x25, 0xAF, 0x6B, 0x62, 0x5B,
    0x55, 0x03, 0x8F, 0x38, 0x3E, 0xD3, 0x62, 0x0D, 0x53, 0x70, 0x49, 0x78, 0xCA, 0x57, 0xAF, 0x1B,
    0x98, 0x2A, 0xF4, 0x8A, 0x64, 0xDB, 0xF2, 0x3F, 0x89, 0xFD, 0x51, 0xC8, 0xD2, 0xD4, 0xD5, 0x82,
    0x26, 0xBB, 0x86, 0xD1, 0xA4, 0x7C, 0x69, 0xB3, 0xE4, 0x0D, 0x80, 0xB8, 0x46, 0x88, 0xDA, 0x73,
    0x9B, 0x10, 0x7B, 0x84, 0x18, 0x3D, 0x49, 0x88, 0x8B, 0x51, 0x28, 0x9D, 0x5B, 0xF0, 0x7C, 0x88,
    0x51, 0x3E, 0xCC, 0xA6, 0x79, 0x16, 0x73, 0xD4, 0x98, 0xEA, 0x1C, 0xAD, 0xB1, 0xD7, 0xAD, 0x6A,
    0x13, 0xE3, 0xA1, 0x01, 0xD0, 0xC6, 0x8C, 0x96, 0x9B, 0x6A, 0x5F, 0x81, 0x4A, 0x8E, 0x61, 0xB2,
    0xAE, 0x95, 0xDE, 0x70, 0x92, 0x6B, 0xF4, 0xEE, 0x5A, 0xA5, 0xF0, 0x55, 0x60, 0xC8, 0x0B, 0x71,
    0x21, 0xED, 0xA0, 0x26, 0xEB, 0x03, 0x89, 0x8A, 0x2F, 0x9D, 0x3B, 0xD0, 0x44, 0x13, 0x0B, 0xCD,
    0x62, 0xE0, 0xB6, 0xBF, 0xF0, 0x30, 0xA2, 0x9E, 0x89, 0xA5, 0x15, 0x13, 0xA7, 0x91, 0xA6, 0x92,
    0xB6, 0xBB, 0x4F, 0x16, 0x30, 0xC6, 0xD2, 0x17, 0x4F, 0xCD, 0xC6, 0x33, 0x66, 0x63, 0xC9, 0x7A,
    0x43, 0x82, 0xB6, 0x6C, 0xD5, 0x09, 0x4E, 0x41, 0x33, 0x3A, 0xA7, 0xBC, 0x99, 0xC9, 0x8E, 0xAD,
    0x5A, 0xD8, 0x6B, 0x8E, 0x0D, 0x24, 0xE4, 0x6F, 0xCC, 0xE8, 0x06, 0xE6, 0xC5, 0xB7, 0x43, 0x32,
    0x5E, 0xF9, 0xA7, 0x98, 0x1E, 0xCF, 0xBA, 0x95, 0xD0, 0xAA, 0xEC, 0x37, 0x33, 0x56, 0x65, 0x1C,
    0xA0, 0x85, 0x0B, 0x77, 0x21, 0xFE, 0x01, 0x4B, 0xD5, 0x81, 0x24, 0xA4, 0xC7, 0x2D, 0x06, 0xDA,
    0x86, 0xF8, 0xB6, 0x26, 0x59, 0xDE, 0x9F, 0x87, 0x5C, 0x00, 0xCE, 0x2D, 0x74, 0xB2, 0x21, 0xCE,
    0x6D, 0x4D, 0x3B, 0xAC, 0x82, 0xBE, 0x8C, 0x8D, 0x9E, 0xAE, 0xB3, 0xCA, 0x6A, 0x2A, 0x29, 0xF5,
    0xAB, 0x74, 0x00, 0x34, 0xAC, 0x6D, 0xA6, 0x5B, 0x93, 0x28, 0x91, 0xEC, 0x49, 0xEB, 0xFD, 0xFF,
    0x0C, 0x3F, 0xFF, 0x9E, 0x87, 0xD8, 0xE4, 0x8B, 0xB3, 0xBD, 0x0C, 0x55, 0xC0, 0x16, 0xE2, 0x36,
    0x64, 0xEF, 0x41, 0xA9, 0x59, 0xD8, 0xB5, 0xDF, 0x8F, 0x8F, 0x9C, 0x3B, 0x92, 0xB9, 0x23, 0x09,
    0x6B, 0x38, 0x3F, 0x73, 0x30, 0xCB, 0x45, 0x68, 0x9C, 0x7C, 0xB9, 0x38, 0xAB, 0xA6, 0x98, 0xBD,
    0xE3, 0xC7, 0xC5, 0x5E, 0x8F, 0x20, 0xCE, 0x7D, 0x11, 0xA4, 0x08, 0x69, 0x4A, 0x51, 0xC4, 0x7F,
    0x5B, 0xA5, 0x31, 0xDB, 0x7C, 0x66, 0x0B, 0xE8, 0x33, 0xAA, 0x3A, 0xAD, 0xD4, 0xBD, 0x8A, 0xF6,
    0x17, 0x66, 0xBF, 0xCA, 0x9A, 0x54, 0xEA, 0x1E, 0x45, 0x4B, 0x76, 0x51, 0x4C, 0xC0, 0xA2, 0xD2,
    0xAE, 0x48, 0x3A, 0x4A, 0x82, 0xBD, 0x53, 0x8E, 0x79, 0xDD, 0xC9, 0xAC, 0x93, 0x0B, 0xC7, 0x76,
    0x63, 0xFB, 0x58, 0x56, 0xE3, 0x4C, 0x5E, 0x8E, 0x52, 0xF9, 0x1A, 0x48, 0xCE, 0x18, 0x3A, 0x1D,
    0xB9, 0xA1, 0x9D, 0x61, 0xAC, 0x78, 0x79, 0xC9, 0x8B, 0x3A, 0xF8, 0x5B, 0x27, 0xB2, 0x6A, 0xBE,
    0x0D, 0xE9, 0x89, 0x95, 0x9F, 0x28, 0x77, 0x6E, 0xEA, 0xEE, 0x8C, 0x06, 0xDD, 0xDC, 0x4C, 0x05,
    0xA8, 0x14, 0x18, 0x98, 0xFD, 0x83, 0x98, 0xCA, 0x74, 0xAE, 0xA4, 0x54, 0xA6, 0x0B, 0xE8, 0x6D,
    0xFE, 0x3C, 0xA2, 0x32, 0xE7, 0x64, 0x97, 0xCA, 0x5C, 0xC2, 0x42, 0x3E, 0xD0, 0x7D, 0xE7, 0x30,
    0xA1, 0xDE, 0xBC, 0x7F, 0x8C, 0xA9, 0x30, 0xE7, 0xA7, 0xEA, 0xE4, 0xAD, 0x5F, 0x86, 0x2A, 0x7B,
    0x6E, 0x68, 0x02, 0xF4, 0xE6, 0x2A, 0x63, 0x16, 0xF2, 0xEF, 0xA0, 0xD8, 0x29, 0x33, 0xCD, 0x86,
    0x69, 0x4C, 0x42, 0x67, 0x19, 0x63, 0x7B, 0x51, 0xB5, 0xE7, 0x19, 0x16, 0xE5, 0x1A, 0x0B, 0xA8,
    0x6A, 0x4C, 0xF6, 0xB0, 0x19, 0x7B, 0xC3, 0xEF, 0xC6, 0x8D, 0x77, 0x6E, 0xC6, 0xF2, 0x33, 0xE0,
    0xFD, 0x77, 0x37, 0xB2, 0x47, 0xC0, 0x0B, 0xA4, 0x6E, 0xB2, 0x06, 0xDD, 0x42, 0x28, 0x38, 0xD2,
    0x75, 0x88, 0x13, 0x40, 0x96, 0x73, 0x15, 0xF7, 0x8B, 0x26, 0xDC, 0x0F, 0xB0, 0x76, 0x00, 0x66,
    0x50, 0xF1, 0xBE, 0x97, 0x0E, 0x19, 0xF3, 0xF3, 0x32, 0x6F, 0x7B, 0x0E, 0xCF, 0xD9, 0x77, 0xD5,
    0xC2, 0xE0, 0xD0, 0xB8, 0x8F, 0x05, 0x25, 0x38, 0x29, 0x50, 0x40, 0xB5, 0x31, 0x28, 0x25, 0x2C,
    0xCF, 0x1A, 0x76, 0x18, 0x64, 0xAF, 0xD3, 0x36, 0x6E, 0xB0, 0x0A, 0x30, 0x2E, 0x6E, 0x6E, 0x4A,
    0xCA, 0x13, 0xF7, 0xB9, 0xA2, 0xFA, 0xF4, 0x78, 0x01, 0x8D, 0x75, 0x9D, 0xC6, 0xE1, 0x87, 0x78,
    0xDB, 0xBE, 0x4B, 0x64, 0x8B, 0xEA, 0x81, 0xE1, 0x3F, 0x17, 0x0F, 0xEF, 0xDB, 0x05, 0x49, 0x8A,
    0xEA, 0xEE, 0x35, 0x3C, 0x7E, 0x0C, 0xDF, 0x73, 0x0C, 0xCD, 0x0D, 0x25, 0x00, 0x8F, 0xED, 0x82,
    0x2D, 0x1F, 0x03, 0xCB, 0x11, 0x84, 0xBA, 0xC6, 0x7A, 0xF6, 0xB0, 0xCC, 0x65, 0xCF, 0x53, 0x75,
    0x6B, 0x1A, 0xE1, 0x4E, 0x4A, 0x4E, 0x3F, 0x2D, 0x10, 0xB3, 0x88, 0x1D, 0x73, 0x0E, 0xFC, 0x7E,
    0x5E, 0xE6, 0x34, 0x8F, 0x01, 0xC4, 0xFE, 0x21, 0x0B, 0x69, 0x3F, 0xA6, 0x9B, 0x50, 0xAF, 0x4B,
    0x33, 0x59, 0x59, 0x98, 0x22, 0x1A, 0x73, 0xDE, 0x04, 0x42, 0x7C, 0x80, 0x9E, 0x7F, 0x84, 0xA5,
    0xFD, 0x75, 0x98, 0x0D, 0x98, 0xC2, 0xCC, 0xC2, 0x63, 0xA0, 0x7A, 0x4E, 0xF9, 0x92, 0x7D, 0x32,
    0xE0, 0xEE, 0x41, 0x33, 0xC2, 0x52, 0x6F, 0xD3, 0x7F, 0x0D, 0x65, 0x83, 0x5B, 0xC1, 0x99, 0x6C,
    0xB8, 0xA9, 0xA9, 0x47, 0xC5, 0xEA, 0x19, 0x5B, 0xA1, 0x49, 0x6E, 0xC8, 0x8E, 0x5C, 0x2E, 0x1F,
    0xFF, 0xAD, 0x3F, 0xE6, 0xF3, 0xDC, 0x4F, 0x18, 0x33, 0x64, 0x5F, 0x62, 0xB3, 0x25, 0x17, 0xD9,
    0x04, 0x26, 0x9C, 0xF6, 0x0D, 0x03, 0x18, 0x99, 0x24, 0x08, 0xBD, 0x86, 0x2D, 0xF6, 0xEC, 0x00,
    0xB1, 0xC7, 0x4D, 0x48, 0xFB, 0x2E, 0x02, 0x3A, 0x96, 0xDF, 0xE2, 0xD5, 0xFA, 0x0C, 0x61, 0x05,
    0x64, 0xDF, 0xBD, 0x19, 0x3B, 0xF1, 0x9E, 0x13, 0xFB, 0x61, 0xD7, 0x0B, 0x9B, 0x72, 0xA3, 0x8F,
    0x0E, 0x4E, 0x42, 0x5D, 0x3C, 0x0A, 0x09, 0x98, 0x78, 0xF3, 0xD3, 0x25, 0x69, 0xAF, 0x0F, 0x7B,
    0x80, 0x85, 0xB7, 0xCE, 0x84, 0x66, 0xE1, 0xAC, 0x57, 0x19, 0xDE, 0xB0, 0x2C, 0x92, 0x56, 0xF5,
    0xC8, 0x96, 0x56, 0x81, 0x46, 0xF4, 0xF9, 0x19, 0x60, 0x59, 0x19, 0x77, 0xD6, 0x53, 0xDD, 0x5E,
    0x27, 0x75, 0x64, 0x0A, 0xEB, 0xC5, 0x88, 0x3A, 0x7E, 0x84, 0x0E, 0xFC, 0x7F, 0xC3, 0x20, 0xAD,
    0x37, 0x60, 0xC1, 0x5B, 0x7A, 0xA2, 0x85, 0x7A, 0xE8, 0x33, 0x59, 0x1A, 0x91, 0xC8, 0x66, 0x40,
    0x0A, 0x34, 0xBB, 0x2C, 0xB6, 0x75, 0x64, 0x80, 0x1C, 0xBE, 0xDC, 0x6E, 0x5B, 0x28, 0x0F, 0x49,
    0xA4, 0xF5, 0x43, 0x12, 0x7E, 0x3C, 0x6E, 0xDD, 0x1A, 0x3B, 0xDF, 0x0F, 0x9C, 0x2F, 0x9D, 0xF3,
    0xB6, 0x65, 0x3E, 0x61, 0x74, 0x6B, 0xA9, 0x6A, 0xBA, 0x86, 0x63, 0x55, 0xBB, 0x29, 0x53, 0x92,
    0xF3, 0x01, 0x28, 0x39, 0xE9, 0x11, 0xDE, 0x1B, 0xF8, 0x99, 0xF8, 0xED, 0x4C, 0xE6, 0x0E, 0xAE,
    0xCA, 0x1A, 0x86, 0x78, 0x39, 0x34, 0x1A, 0x2E, 0x0A, 0x25, 0x56, 0xAD, 0x48, 0x62, 0xD5, 0x0A,
    0xD6, 0x9A, 0x58, 0x16, 0x1F, 0xFE, 0x56, 0xAB, 0x55, 0xEB, 0xA9, 0x84, 0xE6, 0x9E, 0x94, 0xA7,
    0x12, 0xA2, 0xE9, 0x02, 0x3F, 0x3F, 0x27, 0x8D, 0xB6, 0xCC, 0x65, 0x34, 0xEF, 0xF2, 0x54, 0xC2,
    0x83, 0x4F, 0xD0, 0x66, 0x59, 0xCE, 0x37, 0xDB, 0x6C, 0x51, 0x51, 0x5A, 0x56, 0x87, 0x60, 0xDD,
    0x45, 0xC4, 0xF2, 0x22, 0xAD, 0xD8, 0xCE, 0x93, 0x96, 0xCE, 0xF1, 0xF9, 0xE7, 0x0B, 0x8B, 0x6C,
    0x55, 0x74, 0xC6, 0x4D, 0xAB, 0x2D, 0x75, 0x4D, 0xB8, 0x75, 0xB3, 0x00, 0xBF, 0xCC, 0x90, 0xD5,
    0x36, 0xB8, 0xD8, 0x56, 0x0B, 0x1E, 0x8F, 0xAC, 0x82, 0x9A, 0xFB, 0xDA, 0xED, 0x61, 0x6D, 0x2F,
    0x99, 0x31, 0x63, 0x53, 0xD9, 0x79, 0x5A, 0xC6, 0x28, 0x7D, 0xFD, 0x4F, 0x62, 0x7E, 0x61, 0xEA,
    0xEA, 0x43, 0x31, 0xFB, 0x0B, 0xE6, 0xCF, 0x70, 0x47, 0xF2, 0xC4, 0x44, 0x5D, 0x15, 0x5B, 0x2B,
    0x2D, 0xD7, 0x39, 0x25, 0xFB, 0xF6, 0x34, 0x65, 0x5F, 0xA1, 0x60, 0x88, 0xF5, 0x6E, 0x57, 0xE6,
    0x96, 0xE4, 0x62, 0xE3, 0x61, 0x04, 0x9F, 0x82, 0x90, 0xBB, 0xA7, 0x8E, 0x78, 0x69, 0xB6, 0x62,
    0x0A, 0x23, 0x74, 0x6A, 0x6B, 0x6D, 0xA9, 0x1D, 0x57, 0x33, 0xD7, 0x98, 0x48, 0xE6, 0xB5, 0xB0,
    0xD1, 0x2C, 0xEB, 0xF6, 0x4E, 0xF1, 0xC7, 0x7F, 0x25, 0xF4, 0xEF, 0xB1, 0xA0, 0xE4, 0xA8, 0x99,
    0xF1, 0x97, 0x8C, 0x08, 0x87, 0x89, 0xD6, 0x43, 0xAA, 0x6B, 0xE7, 0x0C, 0x57, 0x07, 0xC5, 0xF4,
    0xD4, 0x67, 0x45, 0xD3, 0x9C, 0x10, 0xA6, 0x53, 0x70, 0x52, 0x2E, 0x06, 0x70, 0xBA, 0x66, 0xD1,
    0xD6, 0x17, 0x32, 0x07, 0xC0, 0xE4, 0x48, 0x49, 0xFE, 0xB2, 0xC2, 0xB1, 0xF6, 0x6B, 0x45, 0x1C,
    0x7C, 0x30, 0x4B, 0x9C, 0x26, 0x53, 0x6F, 0xE7, 0xC7, 0x81, 0x73, 0x3F, 0xF1, 0xF6, 0x3B, 0xD2,
    0x9D, 0x87, 0xB8, 0xAB, 0x97, 0x20, 0xF8, 0xF9, 0x5F, 0x57, 0x60, 0xB8, 0xAF, 0x68, 0x17, 0x7E,
    0xBC, 0x68, 0x37, 0xD0, 0x5A, 0x58, 0x5A, 0x64, 0x3E, 0x56, 0x79, 0xE8, 0xC4, 0xBC, 0x6F, 0xCE,
    0x66, 0xD1, 0x9F, 0x04, 0x9C, 0xC1, 0x4E, 0x6D, 0xF3, 0x6B, 0x63, 0x92, 0x7C, 0xFF, 0x16, 0x22,
    0x49, 0xEB, 0xB6, 0x61, 0x5F, 0x55, 0xF2, 0x5D, 0xAF, 0x48, 0xC1, 0x42, 0x33, 0x9E, 0xDE, 0x0B,
    0x8D, 0x63, 0xCC, 0x4C, 0x10, 0x51, 0xC2, 0x96, 0x14, 0x4E, 0x8D, 0xBB, 0x2D, 0xD9, 0xFD, 0xBC,
    0xDB, 0x89, 0x58, 0x92, 0xF9, 0x7F, 0x0A, 0xC1, 0x9A, 0xB6, 0x5C, 0x30, 0xB5, 0xE6, 0x19, 0x1F,
    0x9A, 0x18, 0xAD, 0x87, 0x63, 0x2B, 0x6B, 0x43, 0xB8, 0xDE, 0x01, 0xDE, 0x7E, 0xAD, 0x28, 0x35,
    0x66, 0xD5, 0x31, 0xC2, 0x4F, 0x2D, 0x3C, 0x6C, 0x7E, 0x6C, 0x9B, 0xDE, 0xCC, 0x76, 0x2B, 0x3F,
    0x25, 0xC0, 0x05, 0x7D, 0xA8, 0x4D, 0xDD, 0x34, 0x22, 0x93, 0xBC, 0x9F, 0xCD, 0xF7, 0xBD, 0xBB,
    0x91, 0x95, 0x16, 0x26, 0x59, 0x25, 0xEF, 0x6B, 0xB3, 0x24, 0x32, 0x7B, 0xB0, 0x43, 0x9D, 0xB2,
    0x87, 0x92, 0xD3, 0xE1, 0x9E, 0x94, 0xF5, 0x47, 0x6F, 0x3D, 0x92, 0x9C, 0x0D, 0xF9, 0xB8, 0x60,
    0x98, 0xF2, 0xCE, 0xE8, 0x93, 0x05, 0x9B, 0x5C, 0x89, 0x1E, 0x80, 0x8A, 0xB4, 0xB7, 0xC2, 0x8F,
    0x54, 0x05, 0x87, 0x98, 0xDB, 0x4E, 0xF7, 0x94, 0x9E, 0x8C, 0xB5, 0x14, 0x30, 0xE4, 0x28, 0x14,
    0xBD, 0xAD, 0xB2, 0x6F, 0xAB, 0xF0, 0x3D, 0x95, 0x9E, 0x01, 0x84, 0x2E, 0x13, 0x7A, 0xB6, 0xF5,
    0x04, 0x1A, 0x78, 0x22, 0x0F, 0x2A, 0xA9, 0x11, 0x9C, 0x55, 0x33, 0x6B, 0x28, 0x92, 0x55, 0xFD,
    0xFB, 0x86, 0x42, 0xE3, 0x11, 0xBA, 0x84, 0x54, 0xDD, 0x14, 0x37, 0xE4, 0x85, 0xB0, 0xAC, 0x2C,
    0xC9, 0x97, 0x77, 0x60, 0x2A, 0x80, 0x71, 0x18, 0xD5, 0x0A, 0xA3, 0x89, 0x33, 0x72, 0xE2, 0xF9,
    0xCC, 0x8B, 0x7E, 0x23, 0x6D, 0x62, 0xD4, 0x0E, 0x3E, 0xF7, 0xC4, 0xBB, 0xD2, 0x17, 0xFF, 0x6C,
    0x5B, 0x96, 0x57, 0x7B, 0x61, 0xD0, 0xFB, 0x69, 0xDC, 0xB9, 0x79, 0x47, 0xB6, 0x40, 0x4F, 0xCF,
    0x69, 0x58, 0x59, 0x3C, 0xDC, 0xD7, 0x53, 0x55, 0xA7, 0xBD, 0xCB, 0x33, 0xC3, 0xE6, 0x70, 0x23,
    0xEF, 0x70, 0xFF, 0xBE, 0x82, 0xEF, 0x23, 0xE0, 0x6A, 0x08, 0xAD, 0x7A, 0xFE, 0x15, 0x35, 0x70,
    0xB3, 0x35, 0xF2, 0xC5, 0x67, 0x3F, 0x73, 0xD1, 0x0A, 0x7A, 0xDA, 0xD6, 0x23, 0xBA, 0x32, 0x08,
    0x1F, 0x0F, 0xA1, 0x9E, 0x8E, 0x13, 0xFB, 0x3D, 0x45, 0xF4, 0x8A, 0xDE, 0xFF, 0x5A, 0x7B, 0xFB,
    0xE6, 0xB3, 0xC7, 0x49, 0x57, 0x0C, 0x26, 0x23, 0x1B, 0xA9, 0x49, 0x21, 0xBE, 0x0A, 0x2B, 0xFD,
    0xCD, 0xC7, 0x9C, 0x51, 0xEB, 0x27, 0xEA, 0xAC, 0x3F, 0xE0, 0xDD, 0xFB, 0x3A, 0xBF, 0xB9, 0xA0,
    0x55, 0xFF, 0x95, 0x95, 0xCF, 0xC0, 0x8A, 0x24, 0x5E, 0x3C, 0xB7, 0x4E, 0xEA, 0x80, 0x71, 0xFE,
    0x1E, 0xCF, 0xFD, 0x10, 0x98, 0x7F, 0xFB, 0x71, 0xE6, 0xF7, 0xD9, 0x20, 0x5A, 0x4C, 0xA5, 0x64,
    0x97, 0x45, 0xB1, 0x2B, 0x90, 0x8A, 0xA7, 0xF3, 0x80, 0x98, 0x98, 0x3D, 0xCD, 0x32, 0x0C, 0xCD,
    0x3C, 0xDA, 0xAC, 0x8E, 0xE5, 0x9C, 0x96, 0xA4, 0xC3, 0xC9, 0xEE, 0x2C, 0x9D, 0xF7, 0xF8, 0xA2,
    0xC8, 0x49, 0x5A, 0xDF, 0x9D, 0x2D, 0xCF, 0xE2, 0xB9, 0xC5, 0x86, 0x4F, 0xEB, 0x0B, 0x46, 0x39,
    0x07, 0x56, 0x2D, 0x08, 0x75, 0xF2, 0x37, 0xF3, 0xDC, 0xCE, 0x47, 0x4C, 0x63, 0x13, 0xE9, 0x84,
    0xD0, 0x8F, 0x12, 0x0F, 0xB4, 0x50, 0x46, 0x8F, 0x5C, 0x08, 0x5F, 0x26, 0x6C, 0xDF, 0x26, 0x36,
    0x27, 0xB1, 0x7E, 0xC0, 0x71, 0x9D, 0xD8, 0xF5, 0xCD, 0x3E, 0x67, 0xA3, 0x49, 0xFA, 0xE5, 0xC6,
    0x97, 0xD7, 0x2D, 0xAD, 0x90, 0xA7, 0x5B, 0x14, 0xCD, 0xFB, 0xB3, 0x68, 0x93, 0xE2, 0xF9, 0xAF,
    0x4A, 0x40, 0x11, 0xFD, 0x25, 0x13, 0xE3, 0xFD, 0x6D, 0xD9, 0x8D, 0x0D, 0x29, 0xD3, 0x65, 0xDC,
    0x8A, 0xCC, 0x7E, 0x54, 0xAB, 0xD8, 0x15, 0x5C, 0x2D, 0xCE, 0xCB, 0x4C, 0x8E, 0xAA, 0xB1, 0xE8,
    0x6F, 0xC2, 0x2D, 0x6B, 0x5A, 0xB2, 0xAA, 0x5C, 0x82, 0xC5, 0x9E, 0xB8, 0x30, 0x5F, 0x3B, 0x7D,
    0xDE, 0x8D, 0xFD, 0x64, 0xD3, 0x8F, 0x5F, 0x8E, 0xBB, 0x4E, 0x7C, 0x25, 0xEA, 0x73, 0x1B, 0x74,
    0xE4, 0x44, 0x3E, 0x52, 0x12, 0xC8, 0x9A, 0x79, 0xB2, 0x66, 0xA7, 0x0D, 0x09, 0xDC, 0xE4, 0x92,
    0x04, 0xCB, 0x49, 0x4F, 0x36, 0xDF, 0xF9, 0x19, 0x22, 0x58, 0x74, 0x42, 0x4D, 0x5D, 0x2D, 0xF7,
    0x01, 0xA5, 0x43, 0xBE, 0x31, 0xE2, 0xA1, 0x8C, 0x70, 0xB6, 0x3C, 0xBF, 0x1B, 0xEF, 0x31, 0x5D,
    0xC6, 0xC0, 0x7D, 0x82, 0xDE, 0x65, 0xAC, 0xDE, 0xA2, 0x80, 0x1D, 0x32, 0x8C, 0x96, 0x6E, 0x80,
    0xFE, 0x81, 0x98, 0xDD, 0x6E, 0x16, 0xB0, 0x3F, 0x85, 0x08, 0x55, 0x51, 0xD6, 0x32, 0x01, 0x76,
    0xC2, 0x75, 0x58, 0xD7, 0x74, 0x8B, 0x9D, 0xED, 0x4D, 0xE6, 0x51, 0x48, 0xA3, 0xA2, 0xAB, 0x9A,
    0x97, 0x36, 0xA3, 0x36, 0x58, 0x51, 0x5B, 0xDE, 0x49, 0xDA, 0x12, 0xA7, 0xDB, 0x5A, 0x36, 0x20,
    0xD7, 0x91, 0x0C, 0xCF, 0xFD, 0x2F, 0x3E, 0x1F, 0xE0, 0xB1, 0xBB, 0x05, 0xE3, 0x1D, 0xD5, 0xB8,
    0x4F, 0x68, 0x8E, 0x5C, 0x37, 0x0C, 0x93, 0xBA, 0x1B, 0x9B, 0x7D, 0xF2, 0x8B, 0x46, 0xAF, 0x33,
    0xA4, 0x5F, 0xDC, 0xA9, 0x4E, 0x77, 0xC9, 0x5D, 0x2F, 0x4D, 0x13, 0xAC, 0xB2, 0xB8, 0xB2, 0x42,
    0x6C, 0xF2, 0xCB, 0x9D, 0x6A, 0x96, 0xCB, 0xAD, 0x53, 0xF2, 0x15, 0xFF, 0x5F, 0xC8, 0x28, 0xD6,
    0xB4, 0x87, 0xCB, 0xBA, 0x49, 0xB4, 0xA2, 0xD5, 0x46, 0xE1, 0xD7, 0x25, 0xC7, 0x37, 0x3B, 0xA1,
    0xA6, 0xB3, 0xCE, 0xAF, 0xF9, 0x7A, 0x56, 0x0F, 0x41, 0xB6, 0xD5, 0x8A, 0x32, 0xEE, 0x46, 0xBC,
    0x98, 0xF0, 0xC4, 0x64, 0x4D, 0xB6, 0x4F, 0xCE, 0xD2, 0xAC, 0xFC, 0x55, 0xF7, 0x8D, 0xF1, 0x92,
    0x9D, 0xAD, 0x5A, 0xF1, 0x92, 0xCB, 0xBA, 0x25, 0x97, 0x05, 0x77, 0xCD, 0x2F, 0xB7, 0xA2, 0xF6,
    0xF7, 0xB2, 0x8D, 0xF8, 0x24, 0x09, 0x5B, 0xD5, 0xE9, 0x5B, 0xA3, 0x00, 0x93, 0x96, 0x14, 0x0A,
    0x7F, 0xA6, 0xA0, 0x8E, 0xD4, 0x30, 0x26, 0x67, 0xB3, 0x1F, 0x1C, 0x4E, 0xF1, 0xBF, 0x8D, 0x58,
    0x5B, 0x37, 0xA7, 0x58, 0xC5, 0x94, 0x53, 0x2F, 0x3F, 0x7B, 0x50, 0x9F, 0x9E, 0x02, 0x01, 0xA2,
    0x00, 0xA3, 0x00, 0xA4, 0x00, 0xA5, 0x10, 0x26, 0x71, 0xD2, 0x4F, 0x99, 0x3D, 0xE7, 0xCB, 0xF0,
    0x3B, 0x6D, 0x01, 0x58, 0x01, 0x5A, 0x29, 0xE1, 0xBE, 0xAE, 0x12, 0xDD, 0x51, 0xFA, 0xA3, 0xF9,
    0x49, 0xA0, 0x36, 0xB0, 0x53, 0x1D, 0xBD, 0x28, 0x76, 0x9B, 0xB4, 0x44, 0x55, 0x6C, 0x6B, 0x18,
    0x73, 0x36, 0xA7, 0x2E, 0xFC, 0xDA, 0x3E, 0xC7, 0x72, 0x6D, 0x8F, 0x3D, 0xA8, 0xDD, 0x8F, 0xAB,
    0xFF, 0x56, 0x53, 0x76, 0x99, 0x4D, 0x6A, 0xD3, 0x4E, 0xBD, 0xE3, 0x5A, 0x97, 0x73, 0x3A, 0x91,
    0x5A, 0xEA, 0x19, 0xA8, 0x04, 0x8B, 0xFA, 0xF5, 0xAF, 0x00, 0xE5, 0x5A, 0x4D, 0x6C, 0x1C, 0xE7,
    0x79, 0x7E, 0x67, 0x66, 0xC5, 0x91, 0x39, 0x24, 0x47, 0x08, 0x74, 0xB0, 0x5D, 0x91, 0xAB, 0x43,
    0x0A, 0xA8, 0x06, 0xB9, 0xCB, 0x00, 0x02, 0x4A, 0x14, 0xBB, 0xDC, 0x31, 0x7C, 0xF0, 0xC1, 0x87,
    0xEA, 0xD4, 0x63, 0xA0, 0x1E, 0x0A, 0x38, 0x45, 0x1B, 0xF3, 0xA0, 0x03, 0xDB, 0xAC, 0xC8, 0x49,
    0x73, 0x30, 0x90, 0x00, 0x85, 0x51, 0xA0, 0xA7, 0xE4, 0xC0, 0x43, 0x0F, 0x86, 0x9C, 0xD6, 0x0B,
    0x94, 0x28, 0xD6, 0x08, 0x29, 0x4E, 0xA4, 0x43, 0x0E, 0x46, 0xDB, 0x81, 0x8B, 0xA6, 0x07, 0xA1,
    0xCD, 0xD4, 0x4E, 0xD0, 0xC2, 0x39, 0x68, 0x1C, 0x6C, 0x50, 0x4A, 0x5E, 0x72, 0xFB, 0x3C, 0xEF,
    0xFB, 0xCD, 0xFE, 0xC8, 0x0E, 0x2A, 0xD8, 0xB2, 0x4C, 0xA0, 0x0B, 0xCE, 0xB7, 0xCB, 0xDD, 0x99,
    0x6F, 0xDE, 0xE7, 0xFD, 0xDE, 0xDF, 0xE7, 0x1B, 0x11, 0x11, 0x2F, 0xC1, 0x20, 0x51, 0x2E, 0x72,
    0xEE, 0x5A, 0x98, 0x8B, 0x7F, 0x7A, 0xDB, 0xCB, 0xA4, 0x9E, 0x46, 0x1F, 0xA7, 0x72, 0x28, 0xC1,
    0x89, 0xF8, 0x03, 0x91, 0x52, 0xC2, 0x42, 0xE4, 0x58, 0xE2, 0x4C, 0x64, 0x28, 0xCD, 0x84, 0x63,
    0x47, 0x38, 0xEE, 0xE8, 0x78, 0x28, 0xFC, 0x75, 0x28, 0x3C, 0x19, 0x63, 0x50, 0xEA, 0x58, 0xC8,
    0x81, 0xF0, 0x92, 0xAE, 0x60, 0x3E, 0x69, 0x8B, 0x6C, 0x8A, 0x34, 0x79, 0xBA, 0xC4, 0x69, 0x84,
    0xF9, 0xFC, 0x87, 0xA7, 0xBC, 0xF5, 0xF3, 0x2A, 0x80, 0xC8, 0x1B, 0x7A, 0x21, 0x6F, 0xD6, 0xFC,
    0x45, 0x2E, 0xE5, 0x51, 0x12, 0x64, 0xDB, 0x12, 0x27, 0xDB, 0x52, 0x97, 0x3E, 0xAE, 0x1E, 0x48,
    0x0B, 0x3F, 0x75, 0xFD, 0x42, 0xFA, 0x41, 0x26, 0xFD, 0x38, 0x91, 0x8D, 0x86, 0x48, 0x03, 0xD2,
    0xCD, 0xB9, 0x09, 0xDC, 0xEB, 0xA6, 0x8E, 0x3B, 0x3A, 0xAE, 0x05, 0xA3, 0x4C, 0x46, 0x03, 0x39,
    0x11, 0x4A, 0x7D, 0x8C, 0x2F, 0x04, 0x13, 0x61, 0x26, 0x0F, 0x77, 0xDA, 0x10, 0x1F, 0xE3, 0x96,
    0x04, 0xC0, 0xDE, 0x13, 0x4C, 0x2A, 0x85, 0x44, 0x18, 0x33, 0xC8, 0x27, 0x3E, 0x46, 0x08, 0x94,
    0xE0, 0xEE, 0x12, 0xE0, 0x3E, 0x22, 0xF3, 0x0A, 0x60, 0x41, 0x88, 0x64, 0x55, 0x3F, 0xAF, 0x2B,
    0x1E, 0x5C, 0x1D, 0xE7, 0x11, 0x64, 0x08, 0x46, 0x43, 0xDE, 0xF3, 0xB9, 0x69, 0x71, 0xA0, 0x04,
    0x37, 0xE0, 0xBC, 0x03, 0x19, 0xA5, 0xC1, 0x71, 0xF0, 0x73, 0x59, 0x2A, 0xA3, 0x54, 0x7E, 0xBB,
    0xE0, 0xD4, 0x59, 0x87, 0x03, 0xE4, 0x8B, 0x5E, 0xA2, 0xB6, 0xE6, 0x37, 0x44, 0x96, 0x57, 0x7B,
    0x89, 0xB4, 0x7A, 0xEF, 0x67, 0xD2, 0xB9, 0x73, 0x1F, 0x48, 0x02, 0xC8, 0x7D, 0x41, 0x66, 0x41,
    0x56, 0xAF, 0x22, 0x1A, 0x7F, 0xDF, 0x3E, 0x1C, 0x7F, 0x5B, 0x2F, 0xC6, 0x1F, 0xC3, 0xD9, 0xEB,
    0xE2, 0xD1, 0x08, 0xBF, 0x1D, 0x8D, 0x46, 0x98, 0xF3, 0x36, 0x95, 0xF4, 0x20, 0x09, 0x4B, 0x2A,
    0x24, 0xCA, 0xFC, 0x5C, 0xEA, 0x40, 0xDF, 0x85, 0xB8, 0x80, 0xBD, 0xAB, 0x4B, 0xEA, 0x95, 0xBE,
    0x78, 0x43, 0x5D, 0x14, 0x6A, 0x8F, 0xA7, 0x52, 0x73, 0xF8, 0x86, 0xA7, 0x62, 0x2D, 0xF8, 0x91,
    0x96, 0x10, 0xA8, 0x65, 0xF0, 0x4F, 0xC2, 0x8C, 0xE7, 0xEA, 0x52, 0x02, 0xA5, 0x67, 0x56, 0x83,
    0x85, 0xA4, 0xB6, 0x3B, 0x2A, 0x5D, 0x65, 0x21, 0xAA, 0xD6, 0x28, 0xD3, 0x53, 0xA9, 0xD5, 0x7A,
    0xCA, 0x53, 0x53, 0x1A, 0xCC, 0x26, 0x4F, 0x85, 0x18, 0x07, 0x9C, 0x00, 0xDA, 0xC1, 0x5A, 0x9C,
    0x4A, 0x3D, 0x87, 0x2A, 0xBC, 0x43, 0xE9, 0x8C, 0x46, 0x0F, 0x24, 0x1A, 0x29, 0x08, 0xA9, 0x7D,
    0x52, 0x29, 0x06, 0xF2, 0xAB, 0x0B, 0x0E, 0xE2, 0xA5, 0x0D, 0x03, 0x28, 0x8B, 0xA5, 0xC1, 0x53,
    0x89, 0x08, 0x8E, 0xD3, 0x1A, 0xB4, 0xDA, 0x18, 0x98, 0x83, 0x15, 0x3E, 0x58, 0x35, 0x50, 0x6B,
    0x47, 0xA5, 0x41, 0xDA, 0xC2, 0x0C, 0x0A, 0xA8, 0x17, 0x3A, 0x38, 0xD7, 0x57, 0x2B, 0x30, 0x3D,
    0x07, 0x05, 0x56, 0x63, 0x40, 0x22, 0x11, 0x83, 0xB1, 0xAA, 0xEB, 0x0E, 0x10, 0xB7, 0x61, 0x5D,
    0x84, 0xE0, 0xDF, 0xFF, 0x71, 0xA6, 0x00, 0x82, 0xE0, 0xE3, 0x44, 0xC5, 0xF7, 0xEC, 0xB6, 0xAF,
    0xAA, 0xEC, 0xFE, 0xD0, 0x30, 0x74, 0xE5, 0xD9, 0x45, 0xBC, 0xF5, 0x55, 0x7A, 0xD8, 0xEC, 0xA2,
    0xB9, 0x06, 0x25, 0xF7, 0x0A, 0xDE, 0x5E, 0xB0, 0x5E, 0xE7, 0xF0, 0xDD, 0x4B, 0x99, 0x42, 0xFE,
    0x9F, 0x2C, 0x3C, 0x59, 0x95, 0x6E, 0x9C, 0x2E, 0x1F, 0x95, 0x5E, 0x19, 0xCB, 0x7A, 0x98, 0x05,
    0x59, 0x2C, 0xFB, 0x21, 0xCE, 0x5D, 0x91, 0xAD, 0x4B, 0x10, 0xB4, 0x4D, 0x63, 0x6F, 0x51, 0x1A,
    0xFA, 0xE4, 0x50, 0x00, 0x63, 0x3F, 0xE8, 0x5F, 0x86, 0x84, 0xE5, 0xE2, 0xFE, 0x1E, 0xE4, 0x1B,
    0xDC, 0x18, 0xFD, 0xC5, 0xFD, 0x2C, 0x3B, 0xCA, 0x4E, 0x29, 0xDB, 0x45, 0xB9, 0xE0, 0xC9, 0xE1,
    0x94, 0x29, 0xC3, 0xBC, 0x43, 0x2A, 0x96, 0xAE, 0x75, 0xDB, 0xF0, 0xD1, 0xC3, 0xF5, 0x38, 0x56,
    0x21, 0xED, 0x70, 0x46, 0x42, 0xE7, 0xA2, 0x2A, 0x69, 0xFD, 0x74, 0x31, 0x6A, 0x93, 0x8A, 0x8C,
    0xDC, 0x01, 0x27, 0xB3, 0x23, 0xD1, 0xE5, 0xA5, 0x26, 0xE9, 0x4E, 0x7A, 0x6C, 0xDA, 0x91, 0xB6,
    0xF4, 0x36, 0x5E, 0x66, 0xB7, 0x0A, 0xD2, 0xBE, 0x2A, 0xA8, 0x9E, 0x60, 0xEA, 0x5D, 0xAC, 0xBF,
    0x57, 0x9A, 0x68, 0xBE, 0xB3, 0xF7, 0x20, 0x9B, 0x31, 0xFA, 0x1B, 0x4B, 0xF6, 0xEF, 0xCE, 0xB6,
    0xBD, 0x37, 0x73, 0x99, 0x85, 0x53, 0x05, 0x8A, 0x6D, 0x03, 0x33, 0x34, 0x2C, 0xFB, 0x06, 0xC3,
    0x90, 0x88, 0x01, 0x71, 0x5E, 0x0C, 0xF9, 0x79, 0x8F, 0x4E, 0xA6, 0x08, 0x46, 0x09, 0x01, 0x78,
    0xB1, 0x61, 0xA8, 0x1B, 0x84, 0xB6, 0x21, 0x68, 0x19, 0x80, 0xAE, 0xC9, 0x3F, 0x30, 0xF1, 0x4B,
    0x95, 0xFE, 0xC5, 0x52, 0x85, 0xF7, 0xF3, 0x69, 0x99, 0x43, 0x7B, 0x73, 0xEE, 0x1C, 0xDB, 0xFD,
    0x57, 0xEC, 0xAD, 0xA5, 0x63, 0x6F, 0x4B, 0xDF, 0x46, 0x76, 0xE2, 0x73, 0x1A, 0x3A, 0xA1, 0x3E,
    0x0A, 0x63, 0x02, 0xE0, 0x2A, 0x4C, 0x56, 0xE7, 0x54, 0x6B, 0x1C, 0xF4, 0x32, 0x85, 0x3E, 0x30,
    0x30, 0x6B, 0x30, 0x1D, 0x08, 0x10, 0xE4, 0x11, 0x86, 0xAC, 0x36, 0xA0, 0x39, 0xD3, 0x07, 0xD4,
    0x11, 0xB0, 0x44, 0x8D, 0xF3, 0xB8, 0xBE, 0x75, 0x89, 0x97, 0xDE, 0x80, 0x20, 0xB7, 0x73, 0x88,
    0x71, 0x44, 0x50, 0x17, 0x19, 0x37, 0x9D, 0x1C, 0x54, 0x14, 0xCC, 0xD2, 0x69, 0xC7, 0xE3, 0xC2,
    0x7E, 0x07, 0x62, 0x84, 0x27, 0xFC, 0xEF, 0x8D, 0x19, 0x3F, 0xAC, 0x0F, 0xA9, 0xE5, 0x23, 0xFC,
    0x72, 0xC8, 0xF8, 0x4B, 0xDB, 0x3D, 0xA2, 0x94, 0x14, 0xF6, 0xED, 0x44, 0x16, 0x55, 0x5F, 0x3F,
    0xC9, 0xE0, 0x23, 0xD0, 0x98, 0x77, 0x37, 0x47, 0x44, 0x86, 0xCE, 0xFC, 0x6F, 0x97, 0x72, 0x95,
    0xF7, 0x0A, 0x20, 0xF7, 0x16, 0x57, 0x24, 0xC4, 0x4D, 0xF7, 0x68, 0x62, 0xF3, 0xF8, 0x3A, 0xE7,
    0x7D, 0x17, 0xA5, 0xE9, 0x65, 0x5C, 0xFD, 0x05, 0x89, 0xFD, 0x94, 0xCB, 0xBF, 0x2A, 0xD1, 0x77,
    0x12, 0x9A, 0xD9, 0x86, 0x04, 0x77, 0x55, 0x9B, 0xEB, 0x12, 0x7C, 0xA8, 0xCB, 0xD4, 0x13, 0xEF,
    0x44, 0xEF, 0xA9, 0x0E, 0x1E, 0xDB, 0x82, 0xEE, 0xF0, 0x9E, 0x9D, 0x11, 0x8E, 0xB4, 0x5D, 0xC9,
    0xDB, 0xAA, 0x3E, 0xF4, 0xAB, 0x0F, 0xCE, 0xBE, 0x96, 0x3C, 0x67, 0x58, 0xF1, 0xBD, 0xCA, 0x7A,
    0x8E, 0x3F, 0x05, 0x29, 0x3F, 0x29, 0x52, 0x7A, 0xBF, 0x22, 0xAD, 0x57, 0x48, 0xE3, 0x0A, 0xA9,
    0x54, 0x48, 0xA5, 0x42, 0x2A, 0x15, 0xD2, 0xBE, 0x43, 0xCA, 0x28, 0xAB, 0x48, 0x9B, 0x15, 0xD2,
    0xAF, 0x14, 0x0E, 0x29, 0x8D, 0xC5, 0x90, 0x66, 0x0E, 0x29, 0x96, 0xD0, 0x90, 0xF2, 0x0E, 0x86,
    0x54, 0x1C, 0xD2, 0x46, 0x85, 0xB4, 0x55, 0x21, 0xFD, 0x8D, 0x00, 0x27, 0x1F, 0x2A, 0x57, 0x1A,
    0xFB, 0x12, 0xCC, 0xD6, 0x29, 0x61, 0xA9, 0x02, 0x3B, 0xA8, 0xCE, 0x1D, 0xE7, 0x96, 0x1B, 0x3A,
    0x9A, 0x4E, 0x06, 0x9F, 0x0C, 0xC8, 0x51, 0xBE, 0x8B, 0x25, 0x69, 0xBE, 0xF7, 0xB3, 0xA4, 0x93,
    0x7E, 0xED, 0xDD, 0xC8, 0x1B, 0x49, 0xF0, 0x83, 0xD8, 0xAB, 0x4B, 0xB0, 0xB5, 0x02, 0x29, 0xA3,
    0xA2, 0x05, 0x11, 0xE3, 0x6C, 0x03, 0x63, 0x33, 0xE9, 0x41, 0xB8, 0x4D, 0x29, 0x13, 0xE6, 0xFA,
    0xF7, 0xB2, 0x12, 0x21, 0xEA, 0x3E, 0x64, 0x2A, 0xC3, 0x63, 0x08, 0x94, 0x78, 0x89, 0x89, 0x15,
    0xA5, 0x13, 0x2F, 0xB1, 0xB1, 0x31, 0x59, 0xC1, 0xB2, 0xA7, 0x7E, 0xA2, 0xA7, 0x3C, 0x3B, 0x2B,
    0x48, 0x2F, 0x4C, 0xA7, 0x52, 0x65, 0x5C, 0x4E, 0xC3, 0xF0, 0x1D, 0x4C, 0x7B, 0xBB, 0xAD, 0xA3,
    0x77, 0x62, 0x2A, 0x30, 0xC5, 0x2D, 0xAA, 0xED, 0xCB, 0x15, 0xD3, 0xDE, 0x96, 0xC1, 0xCD, 0x14,
    0x6F, 0x90, 0xE8, 0x5C, 0xF3, 0x16, 0x91, 0x1A, 0x6F, 0xA9, 0x16, 0xFF, 0xDC, 0xDE, 0x0A, 0x9A,
    0x25, 0xF4, 0xA9, 0x2E, 0x1E, 0xAB, 0x49, 0x12, 0x6F, 0xAA, 0xEB, 0xC0, 0xB7, 0x70, 0x20, 0xBB,
    0xF4, 0x8D, 0xD3, 0x70, 0xF4, 0xA8, 0xF2, 0x16, 0x50, 0x75, 0x2C, 0xC0, 0x6A, 0x96, 0x7A, 0xAC,
    0x32, 0x0C, 0xB8, 0xC7, 0x1F, 0x20, 0x73, 0xA3, 0x10, 0x6F, 0x94, 0x4B, 0x88, 0x0C, 0xB0, 0x8A,
    0x45, 0xEA, 0xC1, 0x91, 0xB3, 0x26, 0x96, 0x6B, 0x07, 0x37, 0x19, 0xCA, 0x72, 0xD0, 0x95, 0xD6,
    0xF2, 0xFE, 0x5E, 0x67, 0xFF, 0xE3, 0xAC, 0x93, 0x9D, 0xCA, 0x79, 0xD4, 0x10, 0x86, 0x33, 0x83,
    0xDB, 0x3D, 0x3C, 0xB6, 0xC0, 0x31, 0xEF, 0x16, 0x68, 0x54, 0x32, 0xC1, 0x5A, 0xFC, 0x73, 0x31,
    0x9C, 0xB6, 0x53, 0xC5, 0xED, 0x71, 0xBC, 0x76, 0x71, 0xBA, 0x61, 0x81, 0x4E, 0x83, 0x41, 0xDF,
    0x2E, 0xF1, 0x8F, 0x19, 0x93, 0x27, 0xD5, 0x06, 0xD2, 0x2F, 0x52, 0xD7, 0xB2, 0xA6, 0xAC, 0xB8,
    0x4A, 0xD3, 0xC8, 0xBE, 0x43, 0x59, 0x1A, 0xC8, 0x85, 0x92, 0xE9, 0x0B, 0x33, 0x43, 0x6E, 0x38,
    0x4B, 0x7C, 0x5E, 0xD6, 0x36, 0xA4, 0x53, 0x48, 0x27, 0x41, 0xAC, 0xA9, 0x5E, 0x1B, 0x8C, 0x90,
    0xF1, 0x6B, 0x98, 0x32, 0x3C, 0x76, 0xA1, 0x46, 0xCE, 0x31, 0xF1, 0x3D, 0xB4, 0x70, 0x92, 0x08,
    0xC3, 0x18, 0xC4, 0x0C, 0x0A, 0x16, 0xAE, 0x25, 0x6E, 0xE4, 0x95, 0x28, 0xF3, 0xBC, 0x01, 0x6A,
    0x07, 0x6F, 0xB0, 0x43, 0x08, 0x87, 0x4C, 0xCF, 0x43, 0x37, 0x84, 0x05, 0x6B, 0xCF, 0x8C, 0x75,
    0x56, 0x7A, 0xC0, 0xBA, 0xA5, 0x45, 0x7F, 0x6D, 0xB0, 0x6A, 0x8D, 0x19, 0x9D, 0xAC, 0x20, 0xAD,
    0xEA, 0x51, 0x09, 0xE0, 0xF5, 0xC1, 0xEB, 0x98, 0xE5, 0xDF, 0x85, 0x09, 0xDC, 0x7C, 0x24, 0x9D,
    0xA4, 0x92, 0x92, 0x45, 0x23, 0x4B, 0xD4, 0xFE, 0xA4, 0x44, 0xF5, 0x26, 0x25, 0xEA, 0x3E, 0x04,
    0xDC, 0xFE, 0x94, 0x12, 0x75, 0x59, 0x6D, 0x24, 0x7A, 0x9B, 0x33, 0x05, 0x96, 0x83, 0xF6, 0x26,
    0x49, 0x29, 0xF3, 0xB1, 0x14, 0x27, 0x5A, 0x54, 0x0D, 0xFF, 0xAF, 0x72, 0x35, 0xE7, 0xBA, 0x78,
    0x4F, 0xAE, 0x5C, 0xBD, 0x8E, 0x60, 0xB4, 0x0E, 0x93, 0xFD, 0xDD, 0xCC, 0x8A, 0xBA, 0xF6, 0xA4,
    0xBC, 0x3A, 0x10, 0xD4, 0x5E, 0x41, 0xC6, 0xC2, 0x95, 0x75, 0x2B, 0xCB, 0x56, 0x56, 0xAD, 0x2C,
    0x5A, 0x59, 0xB3, 0xAE, 0xA0, 0x64, 0x65, 0xC5, 0xCA, 0x82, 0x75, 0x13, 0xB1, 0xF1, 0xA2, 0x96,
    0xAB, 0x73, 0xB7, 0xF6, 0xB4, 0x1A, 0x1B, 0x07, 0x19, 0xCC, 0xC6, 0xEF, 0x37, 0xD5, 0x21, 0x36,
    0x43, 0x8E, 0x57, 0xC6, 0x41, 0xE4, 0xCB, 0xC3, 0xBE, 0x8B, 0x65, 0xFF, 0xE3, 0x37, 0xE1, 0x53,
    0x17, 0x60, 0x4A, 0xC7, 0x7A, 0xF8, 0xE9, 0xDE, 0x8C, 0x1F, 0x7E, 0x26, 0xFC, 0xEE, 0xE5, 0xA9,
    0x53, 0xC7, 0x3A, 0xEE, 0xF2, 0xFB, 0xDA, 0xB5, 0xB3, 0xA8, 0x85, 0x2A, 0x0D, 0x68, 0xCD, 0x06,
    0xE3, 0x7C, 0x05, 0xDA, 0xF8, 0xF9, 0x13, 0xD7, 0xC6, 0x12, 0xCB, 0x2B, 0x09, 0x7E, 0xC6, 0x20,
    0xE8, 0x69, 0xFF, 0x57, 0xDB, 0x3A, 0x8B, 0xDA, 0xB8, 0xFC, 0x0C, 0x4E, 0x43, 0x7C, 0x60, 0xDD,
    0xFD, 0xFB, 0x08, 0x55, 0x1F, 0x3E, 0x71, 0x4D, 0x6C, 0xEA, 0xD8, 0xD1, 0x2A, 0x70, 0x4E, 0x73,
    0x49, 0xED, 0xD9, 0xB3, 0xA8, 0x89, 0x0B, 0x2E, 0xBF, 0xB3, 0x92, 0x64, 0xD9, 0xF2, 0xEA, 0x13,
    0xB7, 0x0B, 0x04, 0xD3, 0x87, 0xA5, 0x9F, 0x1E, 0x7B, 0xCC, 0x25, 0xFB, 0x34, 0x42, 0xAF, 0xF4,
    0x7E, 0x94, 0xC7, 0x2F, 0x65, 0xAD, 0x58, 0xB6, 0x5B, 0xB2, 0x59, 0x6A, 0xA7, 0x83, 0xD7, 0x0B,
    0xB7, 0x34, 0xFE, 0x76, 0xAC, 0x08, 0xBE, 0xE0, 0x59, 0xC1, 0x51, 0x37, 0x2F, 0x6B, 0x1A, 0x8D,
    0xF0, 0xCC, 0xD9, 0xCC, 0xE6, 0x31, 0x65, 0x9E, 0xBF, 0x45, 0xB1, 0x19, 0x53, 0x0F, 0x28, 0xED,
    0x31, 0x6D, 0xE0, 0xFA, 0x23, 0x35, 0x0A, 0x75, 0x82, 0xD4, 0xAE, 0xB9, 0x5D, 0x93, 0xBB, 0x66,
    0x77, 0xA6, 0x77, 0xCD, 0xEF, 0x9A, 0xE0, 0x35, 0xC3, 0x6B, 0x8A, 0xD7, 0x1C, 0x2F, 0x4C, 0xF2,
    0xC2, 0x2C, 0x3F, 0x49, 0xF3, 0xCF, 0xDF, 0xD2, 0x62, 0xBC, 0x39, 0x9A, 0x6E, 0x7A, 0xBC, 0x74,
    0xC2, 0x4A, 0x88, 0x92, 0x3A, 0x54, 0x55, 0x7A, 0x36, 0x35, 0x16, 0x51, 0x63, 0x73, 0xB7, 0x66,
    0x08, 0x0C, 0x4F, 0xF9, 0x14, 0xDE, 0xC4, 0xCF, 0xBF, 0x10, 0xB5, 0x59, 0xCE, 0x9A, 0x49, 0x5A,
    0x7C, 0xD1, 0xFE, 0xEA, 0x68, 0xDA, 0xAC, 0xB2, 0x64, 0x19, 0xE4, 0xDD, 0xD7, 0xE2, 0x29, 0xD8,
    0xC4, 0xB5, 0x50, 0x8D, 0x69, 0x68, 0xE3, 0xC0, 0xCA, 0xCC, 0x63, 0x2B, 0xB4, 0x06, 0x34, 0xD0,
    0xF0, 0xC5, 0x92, 0x27, 0xC6, 0x6F, 0x3D, 0xE4, 0x8F, 0x9B, 0xF6, 0x56, 0x86, 0xD9, 0x15, 0xEA,
    0x24, 0xCA, 0x50, 0xEF, 0x44, 0xA6, 0x8C, 0x65, 0x2B, 0x65, 0x49, 0x78, 0xF9, 0x89, 0x47, 0xB2,
    0x24, 0x94, 0x08, 0xBD, 0x22, 0x7C, 0xF6, 0xE8, 0x34, 0x1A, 0xB9, 0x7E, 0xD5, 0xA2, 0x06, 0x04,
    0x79, 0xE1, 0xCD, 0x47, 0x8A, 0x6C, 0xC0, 0x38, 0x8A, 0x25, 0xEC, 0xC6, 0x72, 0xA9, 0xD7, 0x92,
    0xDE, 0xAF, 0x0A, 0xEF, 0xCE, 0x03, 0x34, 0x67, 0xB9, 0xC4, 0x08, 0x09, 0x2B, 0x50, 0x7B, 0xBB,
    0x9E, 0xAD, 0x77, 0xFE, 0xFE, 0x3F, 0xF3, 0x4E, 0x36, 0x4A, 0xCE, 0x6B, 0xA1, 0xE5, 0x5D, 0xC3,
    0x71, 0xFB, 0xE8, 0x4D, 0x54, 0x45, 0xC1, 0x40, 0x6E, 0x92, 0xEF, 0xC1, 0x0A, 0xE4, 0x34, 0x8C,
    0x8C, 0xED, 0x5A, 0x42, 0xAE, 0xCF, 0x58, 0x9B, 0x1D, 0xD7, 0xDD, 0xD0, 0xCB, 0xFD, 0xBF, 0xDE,
    0x1B, 0x8A, 0x3F, 0x2A, 0x0E, 0x18, 0x3D, 0x0E, 0xB8, 0x9A, 0x6D, 0x6F, 0x34, 0x22, 0x95, 0xA5,
    0x0B, 0xDA, 0xC7, 0x0A, 0xB1, 0x60, 0x3A, 0x7A, 0x0B, 0x4B, 0xE1, 0xFD, 0xCD, 0x44, 0xEA, 0x5F,
    0x02, 0x66, 0xF9, 0x31, 0x7B, 0xE8, 0x92, 0xA5, 0x2C, 0x86, 0x98, 0x06, 0x53, 0xE7, 0x5A, 0xAE,
    0x30, 0x6E, 0x2D, 0xB3, 0x4D, 0x5B, 0x5A, 0xAB, 0x4C, 0x34, 0x72, 0x74, 0x91, 0x15, 0x9F, 0xB4,
    0x13, 0x91, 0x6F, 0x02, 0x7A, 0x98, 0x23, 0x64, 0xEC, 0x92, 0xFF, 0x69, 0x33, 0x5D, 0xD5, 0xD9,
    0x15, 0x84, 0x0F, 0xFF, 0x76, 0xBA, 0x78, 0xA3, 0x21, 0xA3, 0x66, 0x0E, 0x99, 0x68, 0x7C, 0xCD,
    0x33, 0xD7, 0x9F, 0x28, 0x5E, 0x0E, 0x1D, 0x2E, 0xD6, 0x6F, 0xC6, 0x3B, 0x5D, 0xBB, 0x47, 0xD3,
    0xB5, 0x3B, 0x6D, 0xE8, 0xEF, 0xD0, 0xBC, 0xDD, 0xD7, 0x95, 0x69, 0xB0, 0xE9, 0x86, 0x6F, 0x74,
    0x11, 0x7A, 0xB7, 0x61, 0x01, 0x37, 0x30, 0xF7, 0xC6, 0xBE, 0x41, 0x5E, 0x75, 0x35, 0x36, 0xE3,
    0x44, 0x3D, 0x17, 0xEF, 0x47, 0x43, 0x59, 0x81, 0x41, 0x50, 0xCB, 0xEC, 0xDE, 0x6F, 0xB2, 0xC5,
    0xFC, 0x10, 0xE7, 0x7E, 0x63, 0xDA, 0x10, 0x72, 0x55, 0x9B, 0xBC, 0x33, 0x9C, 0x26, 0x3D, 0xE6,
    0x67, 0x1C, 0x2B, 0xA7, 0x01, 0xB1, 0x19, 0x7E, 0x43, 0xDB, 0x36, 0x6B, 0x9B, 0xB4, 0xC0, 0xF6,
    0xCB, 0xD0, 0x22, 0x84, 0xB6, 0xAA, 0x41, 0xAE, 0xBD, 0x54, 0x78, 0x57, 0x43, 0x44, 0xF4, 0x1F,
    0x16, 0xC9, 0x4E, 0xAD, 0x0D, 0xB4, 0x78, 0xDB, 0x54, 0x7A, 0xCF, 0xE5, 0x2B, 0x69, 0x19, 0x99,
    0x77, 0x60, 0x94, 0xD6, 0xB1, 0x85, 0x91, 0x01, 0xEB, 0x7A, 0xB6, 0xCC, 0xCD, 0x82, 0x3D, 0x82,
    0x98, 0x1B, 0xB9, 0x97, 0x32, 0x9B, 0x97, 0xB8, 0xC8, 0x31, 0x54, 0x38, 0xF7, 0x32, 0xA6, 0xD9,
    0x7D, 0xD1, 0xD1, 0x40, 0x46, 0x80, 0x4C, 0xB8, 0x07, 0x1D, 0xF6, 0xC7, 0xED, 0x6A, 0xB9, 0x9B,
    0x8A, 0xF7, 0xDE, 0xF7, 0x61, 0x4F, 0xFF, 0x88, 0xBE, 0x2E, 0xF8, 0xEF, 0x25, 0x86, 0x34, 0xA4,
    0xA8, 0xF8, 0x0E, 0x53, 0x19, 0x43, 0xD7, 0x0A, 0xAF, 0x68, 0x71, 0x96, 0x56, 0x8C, 0xF8, 0xB6,
    0x1D, 0xFF, 0x80, 0x3D, 0xE0, 0x80, 0xA9, 0x43, 0x11, 0x9D, 0x83, 0x3D, 0xF8, 0xA3, 0x53, 0x65,
    0xEC, 0x32, 0xF2, 0xDD, 0x85, 0xD2, 0xDD, 0xCA, 0x76, 0x2B, 0xD9, 0xAD, 0x5C, 0xB7, 0x52, 0xDD,
    0xCA, 0x74, 0x2B, 0xD1, 0xAD, 0x3C, 0x77, 0xD5, 0x53, 0x04, 0x85, 0x92, 0xDC, 0xCA, 0x71, 0xB7,
    0x69, 0x3A, 0xCA, 0x70, 0x2B, 0xC1, 0xED, 0x2B, 0xCE, 0xE7, 0xFF, 0x44, 0x23, 0x82, 0xC6, 0x83,
    0x8A, 0x9A, 0x52, 0x3F, 0x8F, 0xE7, 0x38, 0x50, 0x4F, 0x31, 0x6D, 0xBD, 0xB2, 0x8C, 0x08, 0x5D,
    0xC4, 0xAA, 0x94, 0x2B, 0x41, 0xDE, 0x08, 0xB3, 0x46, 0x9C, 0xB4, 0x63, 0xE9, 0xA2, 0xBD, 0x68,
    0x48, 0xB9, 0x16, 0xE4, 0x2B, 0x51, 0x1A, 0x1D, 0x32, 0xE7, 0x63, 0xAE, 0x48, 0x93, 0x39, 0x00,
    0x76, 0x9F, 0x95, 0xDD, 0x1E, 0xBB, 0xB9, 0x9A, 0xC5, 0xFD, 0x74, 0x9C, 0x20, 0xCF, 0x20, 0x42,
    0x32, 0x88, 0x73, 0xB7, 0xD2, 0xD9, 0xC8, 0xC5, 0x4A, 0x06, 0xF6, 0x56, 0xAE, 0xC0, 0xE0, 0x1A,
    0x02, 0xD8, 0x68, 0xAA, 0xDA, 0x98, 0xA3, 0xAB, 0x8D, 0x55, 0x83, 0xD4, 0x15, 0x72, 0x08, 0xC0,
    0x0B, 0xD0, 0x1B, 0xB9, 0x98, 0x59, 0x74, 0x68, 0x38, 0xAB, 0x80, 0x0E, 0xA8, 0x04, 0xED, 0x69,
    0x6B, 0x8F, 0xF4, 0xFB, 0xDA, 0xED, 0x6B, 0xAF, 0xCF, 0x6A, 0xEA, 0xA2, 0xC5, 0xCF, 0x11, 0x39,
    0x50, 0x60, 0xEF, 0xD1, 0x9F, 0x33, 0xA5, 0xF8, 0x34, 0xC6, 0x6C, 0x56, 0x14, 0x86, 0xDA, 0x73,
    0xCC, 0x86, 0xB6, 0x16, 0xE7, 0x55, 0xD2, 0xB1, 0x52, 0x7E, 0x20, 0x97, 0xF9, 0xA9, 0xC7, 0xB2,
    0x8B, 0xDD, 0xA7, 0xF1, 0xB2, 0xBA, 0x25, 0xD2, 0x7C, 0x8B, 0x67, 0xFC, 0xD1, 0x58, 0x80, 0xF5,
    0x4B, 0xC8, 0x97, 0xA8, 0x9E, 0xD6, 0x0A, 0xDD, 0x04, 0x51, 0xBD, 0x50, 0xBE, 0x6B, 0x9C, 0xFB,
    0x87, 0x72, 0xF5, 0x35, 0x4C, 0x03, 0xBF, 0x2B, 0x51, 0x9F, 0x5D, 0x23, 0xDF, 0x7B, 0x55, 0x37,
    0x0A, 0x58, 0xAE, 0xA9, 0x01, 0xAF, 0x1C, 0x25, 0xBA, 0x85, 0xA2, 0x49, 0x33, 0xAC, 0x08, 0x54,
    0x47, 0x98, 0xAE, 0xC2, 0x77, 0x7A, 0x72, 0x13, 0xE1, 0xA3, 0x73, 0x32, 0xD3, 0x62, 0x06, 0xCC,
    0xE8, 0x01, 0xD5, 0x13, 0xFC, 0x50, 0x74, 0x53, 0xA6, 0xE2, 0x75, 0xC6, 0xE7, 0x68, 0x2E, 0x56,
    0xE6, 0x90, 0x08, 0xBD, 0x78, 0x1C, 0x68, 0xDB, 0xB3, 0x44, 0xDF, 0x60, 0x4C, 0xF4, 0x8D, 0x73,
    0xAE, 0x32, 0x30, 0x7A, 0x7D, 0x34, 0x5E, 0xE9, 0x95, 0xEA, 0x2A, 0x25, 0x29, 0xD5, 0xF8, 0x9E,
    0xFB, 0x74, 0x56, 0xFE, 0xFF, 0xC5, 0xD6, 0x83, 0x15, 0x50, 0x3B, 0x15, 0xAB, 0x18, 0x65, 0x15,
    0xF9, 0x51, 0x38, 0x9E, 0xCC, 0x11, 0xD7, 0xA5, 0xE3, 0xCC, 0xCE, 0xDA, 0xD6, 0xC3, 0x34, 0x47,
    0x38, 0x43, 0x85, 0x7B, 0xAE, 0x62, 0xB4, 0x9C, 0xF2, 0x14, 0xB6, 0x1E, 0x94, 0xE8, 0x23, 0x8B,
    0x6A, 0x86, 0xA9, 0xD9, 0x28, 0x7D, 0xDA, 0x89, 0xDC, 0x22, 0x8C, 0xDB, 0xD9, 0xC8, 0xB4, 0x8D,
    0x1A, 0xBF, 0xBE, 0xC0, 0x44, 0x8E, 0x34, 0x1D, 0x69, 0xF5, 0xEE, 0xAC, 0xBB, 0x32, 0x17, 0x06,
    0xAB, 0xD2, 0x4A, 0x24, 0x8D, 0x5B, 0xA4, 0xD1, 0x0A, 0xB3, 0x7E, 0xAD, 0xB4, 0xA1, 0xB3, 0x30,
    0xB3, 0x4D, 0x89, 0x38, 0xED, 0xA4, 0x5A, 0xB7, 0x26, 0x08, 0x3E, 0x4D, 0x9A, 0x0C, 0x84, 0xD1,
    0x6D, 0x58, 0xFC, 0xD8, 0xA2, 0x52, 0x63, 0x31, 0x3D, 0xC4, 0x3A, 0x77, 0x57, 0x2E, 0xE9, 0xDC,
    0x07, 0xAE, 0xA7, 0xEC, 0x32, 0xBE, 0x41, 0xB1, 0x6D, 0xDC, 0x03, 0x89, 0x5B, 0xEA, 0xA7, 0xAE,
    0x0C, 0x7F, 0x63, 0x52, 0x16, 0x77, 0x3E, 0x62, 0xAD, 0x1C, 0xDD, 0x7B, 0x19, 0xD7, 0x47, 0xBA,
    0x0B, 0x8C, 0x68, 0xAF, 0x44, 0x9B, 0x3A, 0xAB, 0xC6, 0xCC, 0x8E, 0xCE, 0xD6, 0x56, 0xF9, 0xBA,
    0xAA, 0x90, 0x03, 0x0D, 0xDD, 0xC7, 0xB4, 0x32, 0xAF, 0xA4, 0xF8, 0x7E, 0xC9, 0x65, 0x66, 0x57,
    0x89, 0xF1, 0x9E, 0x86, 0x17, 0x05, 0x6D, 0xE5, 0x85, 0xEE, 0x6F, 0x58, 0x84, 0xB2, 0x55, 0x35,
    0x7B, 0x70, 0xB6, 0x7A, 0x32, 0xE9, 0x74, 0x2E, 0x7A, 0x2E, 0xC6, 0xAD, 0x39, 0xA2, 0xCE, 0xE9,
    0xD2, 0x5C, 0xD0, 0x73, 0x4D, 0xC3, 0xE5, 0x4F, 0x52, 0xF7, 0xCA, 0x29, 0x3A, 0xDA, 0xDE, 0x91,
    0xF6, 0x15, 0x65, 0xEF, 0x08, 0x7B, 0x47, 0xD7, 0x1B, 0x59, 0xEF, 0x36, 0x25, 0xDC, 0x96, 0x84,
    0xD1, 0xF4, 0x8E, 0xA4, 0x77, 0x14, 0xBD, 0x23, 0xE8, 0x1D, 0x3D, 0xEF, 0xC8, 0x79, 0x47, 0xCD,
    0x3B, 0x62, 0xDE, 0xD1, 0xF2, 0x53, 0xB5, 0x90, 0xB5, 0xD9, 0x2D, 0x17, 0x52, 0xC3, 0x49, 0x77,
    0x56, 0xD1, 0xE8, 0x24, 0xD1, 0xBF, 0xF6, 0x6E, 0x44, 0x02, 0x5D, 0xE9, 0x73, 0x92, 0xE7, 0xA4,
    0xCE, 0x49, 0x9C, 0x93, 0x36, 0x27, 0x69, 0xBE, 0x1F, 0xDC, 0x27, 0x61, 0x4E, 0xBA, 0x5C, 0x1E,
    0xE9, 0xCF, 0x65, 0x42, 0x3A, 0x36, 0x75, 0x0D, 0x7D, 0xF3, 0xEF, 0xA5, 0x0D, 0x2B, 0x59, 0xAF,
    0x58, 0xA3, 0x77, 0xF5, 0x4C, 0x37, 0x86, 0x53, 0x4B, 0xCA, 0x9F, 0xFD, 0x07, 0x15, 0x89, 0x1F,
    0x50, 0x80, 0x45, 0xFA, 0xDA, 0x02, 0xF1, 0x2C, 0x32, 0x5C, 0x4C, 0xE5, 0xC5, 0x27, 0xD4, 0x22,
    0x56, 0x5B, 0x23, 0x66, 0x99, 0x6E, 0xE7, 0xC1, 0x76, 0x74, 0x26, 0x19, 0xF6, 0x8C, 0x35, 0x8C,
    0x9A, 0xAB, 0x56, 0x9C, 0xDB, 0xD0, 0xC4, 0x0A, 0x0B, 0x65, 0x9F, 0xA7, 0x79, 0xB4, 0xBB, 0x77,
    0xC6, 0x86, 0x55, 0x54, 0x4F, 0x93, 0x9C, 0x4B, 0x6A, 0x24, 0xE9, 0x57, 0x49, 0xD2, 0x33, 0x20,
    0xA0, 0xE6, 0x2C, 0x61, 0xA8, 0xA8, 0xA8, 0xEA, 0x24, 0xE9, 0xFF, 0xAC, 0x6C, 0x26, 0xDE, 0x47,
    0x83, 0x8E, 0x04, 0x3F, 0x1E, 0xEC, 0xC0, 0x61, 0xCA, 0x43, 0xB6, 0x0D, 0x43, 0x14, 0x41, 0xE5,
    0x10, 0xC6, 0x50, 0x0C, 0x63, 0x92, 0xF4, 0x34, 0x84, 0x03, 0x74, 0x0E, 0x64, 0xC8, 0x0E, 0x31,
    0x93, 0xCF, 0x2E, 0x02, 0x57, 0xFF, 0xC3, 0x34, 0x49, 0x6F, 0xDB, 0xE0, 0xB6, 0x45, 0x41, 0xA5,
    0x72, 0xDF, 0x61, 0x0A, 0xD4, 0xAF, 0x11, 0x90, 0xE1, 0xD4, 0x65, 0x03, 0x81, 0xE7, 0xB6, 0x84,
    0x77, 0x4E, 0x25, 0x7E, 0x05, 0xA1, 0x76, 0x0D, 0x75, 0xE5, 0x8D, 0x3E, 0x3A, 0xA3, 0x52, 0x9A,
    0x2F, 0xE5, 0xD2, 0x40, 0xC0, 0x3C, 0x3A, 0x1C, 0x07, 0xB5, 0x86, 0x2E, 0x68, 0x53, 0x93, 0x4E,
    0xF8, 0x13, 0xD5, 0x51, 0xA1, 0xE6, 0x7A, 0xF9, 0xF2, 0xC4, 0x1B, 0x96, 0x26, 0xBE, 0x60, 0xAE,
    0x60, 0x9E, 0x60, 0x8E, 0x60, 0x7E, 0x60, 0x6E, 0xA0, 0x5E, 0x60, 0x4E, 0x60, 0x3E, 0x60, 0x2E,
    0x60, 0x1E, 0x50, 0xD8, 0xFE, 0x0A, 0xED, 0xDF, 0xCC, 0xDF, 0xAC, 0x5F, 0x8D, 0xDF, 0x6C, 0x7F,
    0xD6, 0xF4, 0xD1, 0x17, 0xF9, 0xFF, 0x95, 0xE2, 0xC0, 0xA9, 0x1F, 0xE0, 0xF8, 0x15, 0x8E, 0xAD,
    0x6C, 0x62, 0xDD, 0x9F, 0x6D, 0x47, 0x28, 0x52, 0x41, 0x3B, 0x1A, 0xDA, 0x7B, 0xDA, 0x3B, 0x26,
    0xDE, 0x97, 0x8D, 0x74, 0x8E, 0x4D, 0x0C, 0x26, 0x19, 0xC0, 0x85, 0xB3, 0xF5, 0x59, 0x9A, 0xE7,
    0x33, 0xA0, 0xF4, 0xDF, 0x67, 0x86, 0xF9, 0x88, 0xF3, 0x77, 0xBB, 0xD5, 0x5E, 0xA6, 0xEF, 0x3B,
    0xCF, 0x88, 0xD5, 0x55, 0x86, 0x0C, 0xBB, 0xC7, 0x72, 0x85, 0x25, 0xCF, 0x57, 0xAD, 0x42, 0xB3,
    0xA7, 0x77, 0x72, 0xCD, 0xAD, 0x48, 0xFA, 0xD1, 0xBF, 0x7E, 0x1D, 0xE2, 0xDF, 0x67, 0x6E, 0x63,
    0x9E, 0x6C, 0xD2, 0x91, 0x37, 0xC7, 0xF5, 0xF2, 0x81, 0xDB, 0x02, 0x4D, 0x71, 0x7D, 0x90, 0x22,
    0x6B, 0xC6, 0x2C, 0x76, 0x4F, 0xAB, 0xD0, 0x9E, 0xC8, 0x3B, 0x85, 0xBC, 0x53, 0xCA, 0x46, 0x29,
    0xAB, 0x3D, 0xB9, 0x54, 0x61, 0x6A, 0xA2, 0x85, 0xE8, 0x05, 0x59, 0x19, 0xF9, 0x79, 0xDC, 0x60,
    0x2E, 0x68, 0x69, 0x52, 0x83, 0x5E, 0xFB, 0xA1, 0xDC, 0x5C, 0xE5, 0xEF, 0x16, 0xC1, 0x8E, 0x58,
    0xD3, 0xB3, 0xB8, 0x8C, 0x58, 0x05, 0xD5, 0xE4, 0x29, 0xCA, 0xEE, 0xED, 0xB1, 0x8B, 0x6B, 0x2F,
    0xCB, 0xFA, 0xC2, 0x64, 0x21, 0x1E, 0x53, 0xF0, 0x6D, 0x7C, 0x77, 0x93, 0x61, 0x15, 0x19, 0x3C,
    0xB8, 0xC3, 0x1A, 0x3B, 0xF9, 0x42, 0x76, 0x1C, 0x5F, 0x94, 0xE0, 0x9F, 0xF1, 0x97, 0xF8, 0xFF,
    0x96, 0xC8, 0xBF, 0xA4, 0xF2, 0x57, 0x55, 0xD6, 0x7C, 0xDC, 0x1D, 0x47, 0x52, 0x13, 0xD0, 0xA4,
    0x97, 0x41, 0x39, 0x49, 0xED, 0x0B, 0x11, 0x71, 0x1E, 0xAD, 0x4D, 0x21, 0xBF, 0x28, 0xFD, 0x74,
    0xCA, 0xA0, 0x1F, 0x53, 0xBE, 0xE8, 0x15, 0xDC, 0x28, 0x7A, 0x97, 0xD9, 0xEE, 0x23, 0xAE, 0xEE,
    0x0D, 0xA6, 0x9B, 0xF3, 0xE7, 0x9F, 0xE2, 0x8E, 0xE8, 0xC5, 0x0B, 0xD2, 0x2A, 0xF5, 0x4F, 0xAD,
    0x77, 0x61, 0x6C, 0xC0, 0xB9, 0xDA, 0xC1, 0x76, 0x9C, 0xF4, 0xD1, 0xAC, 0xB7, 0x65, 0xD0, 0xF2,
    0xCA, 0xAE, 0x5F, 0xF4, 0x83, 0x6C, 0x3F, 0x4E, 0xB6, 0x1B, 0xDC, 0xFE, 0x54, 0x03, 0xF6, 0x4F,
    0xAA, 0x7E, 0x5A, 0x93, 0xAE, 0x86, 0x9E, 0xA7, 0x25, 0x3B, 0x4A, 0xF9, 0xE8, 0x44, 0x56, 0xBE,
    0x2E, 0xEB, 0x53, 0x34, 0xD8, 0x63, 0x0A, 0x1E, 0x69, 0xBB, 0xAD, 0x9A, 0x7F, 0x9F, 0x9A, 0xDF,
    0xE2, 0x5E, 0x48, 0xED, 0x7C, 0x35, 0xC9, 0x88, 0xB0, 0x94, 0x49, 0x29, 0x61, 0x17, 0x28, 0x65,
    0x09, 0x80, 0x43, 0x0E, 0x07, 0x84, 0xE7, 0x71, 0x27, 0x06, 0x46, 0x12, 0xA7, 0x70, 0xB6, 0xF8,
    0xA7, 0x30, 0xB2, 0xE6, 0x6B, 0x40, 0xBF, 0xA9, 0x21, 0x90, 0x86, 0x74, 0xC0, 0x16, 0xF4, 0xD8,
    0xD3, 0x87, 0x2C, 0x87, 0xF4, 0xDC, 0x9B, 0x6C, 0xEA, 0x3A, 0x08, 0x87, 0x6E, 0xC7, 0x50, 0xE4,
    0xDB, 0xE2, 0xDF, 0x4B, 0xFC, 0x7B, 0xA9, 0xF7, 0x41, 0x2A, 0xF8, 0xFB, 0xC3, 0xEA, 0x59, 0x94,
    0x6C, 0xD8, 0xBC, 0x3B, 0x0C, 0xFE, 0xA9, 0x15, 0xBC, 0x7A, 0x31, 0xDA, 0x92, 0xA5, 0x9C, 0xC6,
    0xD8, 0x54, 0x13, 0xEC, 0xAA, 0xF1, 0x95, 0xAE, 0x1A, 0x09, 0x4E, 0xB4, 0x16, 0x61, 0xB5, 0x41,
    0x5E, 0xE1, 0x82, 0xF7, 0x14, 0x65, 0x9F, 0x4F, 0x19, 0xC6, 0x7F, 0xDD, 0xF3, 0xA6, 0x82, 0xF8,
    0xE3, 0x0A, 0x1E, 0xBE, 0xAE, 0x4C, 0xC3, 0x07, 0x9A, 0x7C, 0x4B, 0x9D, 0xB0, 0xA5, 0xAC, 0xE4,
    0xF9, 0xDA, 0x97, 0xBE, 0x5F, 0xEE, 0x41, 0x84, 0xE8, 0x4F, 0x71, 0x7C, 0x13, 0x12, 0xFE, 0x25,
    0x7E, 0xC4, 0xE1, 0xBF, 0xFE, 0x39, 0x77, 0xC2, 0x8C, 0xA7, 0xD6, 0x8D, 0x22, 0x59, 0xD0, 0xEA,
    0xAC, 0x26, 0x5F, 0xFE, 0xFE, 0xDF, 0x0B, 0xC6, 0xE8, 0x04, 0x3F, 0xCD, 0x50, 0x5E, 0x66, 0x9F,
    0x7F, 0xBF, 0x8F, 0x4E, 0xEF, 0x3D, 0x44, 0x20, 0x88, 0xD2, 0x26, 0x83, 0xE7, 0x12, 0xC1, 0x2C,
    0x52, 0x9A, 0x67, 0x5C, 0x4A, 0x6A, 0x8E, 0xAB, 0x6B, 0xDD, 0xA1, 0x32, 0x5E, 0x42, 0x2B, 0x10,
    0xED, 0xEA, 0x63, 0x32, 0x9D, 0xC0, 0xB7, 0xC0, 0x8E, 0x77, 0x95, 0x9F, 0x5A, 0xEC, 0x0F, 0x3B,
    0xC4, 0xF6, 0xAD, 0x0F, 0x69, 0x27, 0xDF, 0x98, 0x7D, 0xFC, 0xB6, 0x9C, 0x30, 0xC6, 0x55, 0xF5,
    0x3E, 0x7E, 0xE6, 0x8B, 0x64, 0x44, 0x97, 0x32, 0xAC, 0x68, 0x10, 0xC7, 0x3C, 0x91, 0x3E, 0xE3,
    0xA7, 0x7F, 0xF1, 0xCB, 0x49, 0x7C, 0xE2, 0x9E, 0x90, 0xA6, 0x4B, 0x58, 0xE3, 0x5D, 0xF0, 0xC7,
    0xB6, 0xE5, 0xE0, 0x5A, 0x4C, 0x2E, 0xA8, 0x91, 0x0C, 0xBD, 0x72, 0x03, 0x09, 0xB4, 0xB7, 0x87,
    0x55, 0xB9, 0xEE, 0xC8, 0xB2, 0xB2, 0x4A, 0xC0, 0x7A, 0x47, 0x6D, 0x57, 0xB4, 0x6C, 0xD7, 0x5E,
    0xB6, 0x3E, 0x06, 0xDA, 0xFE, 0x44, 0x16, 0x36, 0xC4, 0xCD, 0xD1, 0x0C, 0x4B, 0xFA, 0x69, 0x50,
    0x94, 0x6F, 0x75, 0xFD, 0x87, 0x8A, 0x1C, 0xA6, 0xF2, 0xF6, 0x03, 0x39, 0x7A, 0x93, 0x68, 0x5A,
    0xFA, 0xD7, 0xD7, 0x33, 0x99, 0x5C, 0xD2, 0xE0, 0x6E, 0x1A, 0x9E, 0x10, 0x84, 0x01, 0xE2, 0x73,
    0x39, 0x39, 0x05, 0x0C, 0x94, 0x4B, 0xB6, 0xDE, 0x8D, 0x8B, 0x33, 0xF7, 0x4B, 0x76, 0xFC, 0x34,
    0xB2, 0x7D, 0x3E, 0x4C, 0x5D, 0x70, 0x51, 0x32, 0x13, 0x73, 0x2C, 0xA1, 0x4A, 0xA3, 0x40, 0x98,
    0xED, 0x7E, 0x8B, 0xA2, 0x9E, 0xBE, 0x8D, 0xEF, 0x94, 0xD2, 0x53, 0xCA, 0x60, 0x7A, 0x28, 0xAB,
    0x81, 0xDB, 0x20, 0xCA, 0x83, 0x6A, 0xDB, 0xA0, 0x0F, 0xD5, 0xE0, 0xAB, 0x9D, 0x3F, 0x38, 0xE1,
    0x43, 0x18, 0x95, 0xA9, 0x7B, 0x98, 0xAD, 0xFE, 0xFD, 0x42, 0x56, 0xFD, 0xA9, 0x84, 0x4B, 0x22,
    0xB7, 0x61, 0xB0, 0xF9, 0xEC, 0xF8, 0xEF, 0x41, 0x3A, 0x86, 0x25, 0x9D, 0xA7, 0xE3, 0x88, 0x95,
    0x96, 0x4B, 0xBC, 0xA5, 0xA9, 0x1C, 0x3A, 0x38, 0xC5, 0xED, 0x7F, 0x67, 0xC6, 0x64, 0xAF, 0xAA,
    0xCE, 0xA4, 0xB1, 0x3B, 0x66, 0x9E, 0x67, 0x7B, 0x6C, 0xB2, 0x2E, 0x21, 0xFB, 0xC3, 0xA1, 0xD1,
    0x0A, 0x4A, 0x86, 0xA8, 0x14, 0x03, 0x45, 0xED, 0xD9, 0xE4, 0xFC, 0x22, 0x34, 0xDE, 0x05, 0x6B,
    0xCA, 0xBB, 0x99, 0xE5, 0x68, 0xCF, 0x97, 0xEA, 0xCA, 0xC6, 0x26, 0x55, 0xDD, 0x04, 0x6B, 0x98,
    0xF6, 0xDA, 0xE2, 0x78, 0x16, 0x9D, 0xAF, 0x3F, 0x99, 0xB9, 0xD4, 0x4E, 0x7C, 0x77, 0xE4, 0xEA,
    0xF0, 0x4A, 0x15, 0x10, 0x78, 0x4D, 0x6B, 0x2D, 0x55, 0x76, 0xCD, 0x78, 0x55, 0xAD, 0xC3, 0xBB,
    0x0E, 0xF0, 0xB6, 0xA3, 0xC5, 0x4A, 0x63, 0xE7, 0xFC, 0xBC, 0x06, 0x71, 0x76, 0xD3, 0xE0, 0xCE,
    0xF7, 0xB2, 0xF0, 0xBB, 0x30, 0xE1, 0x2B, 0x38, 0xB6, 0xC2, 0x74, 0x25, 0x8B, 0x98, 0x65, 0xA1,
    0xAB, 0x65, 0xE1, 0xE3, 0x76, 0x7D, 0x38, 0x7D, 0x79, 0x39, 0x97, 0x62, 0x37, 0x91, 0x04, 0x15,
    0xC6, 0xFF, 0x02, 0x6D, 0x53, 0x3F, 0x4F, 0xDB, 0x40, 0x14, 0xFF, 0x39, 0x06, 0x12, 0x72, 0x04,
    0x67, 0x28, 0x2D, 0x82, 0x10, 0x67, 0xC8, 0x10, 0xA1, 0x40, 0x3C, 0x18, 0xC9, 0xA1, 0x81, 0xBB,
    0x4F, 0x50, 0x21, 0xB5, 0x65, 0x28, 0x0B, 0x9F, 0xA0, 0x78, 0x6C, 0x25, 0xAA, 0xDC, 0x47, 0xC8,
    0x47, 0xC8, 0x88, 0x58, 0x9A, 0x81, 0x52, 0x5A, 0x41, 0x7D, 0x1F, 0xC1, 0x9D, 0xBB, 0xB8, 0x2D,
    0x5D, 0xBA, 0xD4, 0x83, 0xA5, 0x66, 0x88, 0x72, 0x7D, 0xE7, 0xB0, 0x14, 0x61, 0xFB, 0xE4, 0x7B,
    0xEF, 0xDD, 0xFB, 0xF3, 0x7B, 0xEF, 0x77, 0x55, 0xA4, 0xB8, 0x42, 0x1B, 0x0E, 0x6C, 0x00, 0x16,
    0xFD, 0x5D, 0xF4, 0x10, 0x22, 0x26, 0x09, 0xD2, 0x8E, 0x59, 0xB2, 0x31, 0xF2, 0xBD, 0x81, 0x07,
    0xAB, 0xFC, 0x8A, 0x4F, 0x7E, 0x0F, 0x01, 0x3E, 0xDD, 0x3C, 0xE3, 0x5A, 0xF7, 0xF5, 0x44, 0x94,
    0x92, 0x40, 0xA7, 0x5C, 0x02, 0xC1, 0xF5, 0x15, 0xAA, 0x73, 0xD7, 0x9D, 0x09, 0x3F, 0x5E, 0x5D,
    0x97, 0x97, 0xF1, 0x73, 0x55, 0x47, 0x60, 0x22, 0x88, 0x72, 0xD2, 0x0A, 0xBD, 0xE1, 0xAE, 0x5A,
    0x23, 0xA1, 0xF8, 0xCC, 0x79, 0x5D, 0xEF, 0xF5, 0x46, 0xA1, 0x12, 0x24, 0xA9, 0xF0, 0xAB, 0xFA,
    0x28, 0xBE, 0x50, 0xB6, 0x06, 0x4A, 0x81, 0x1F, 0x0E, 0xC5, 0x7C, 0xA3, 0x12, 0xD6, 0x92, 0x96,
    0xDA, 0x51, 0x55, 0x54, 0xC5, 0x87, 0xE4, 0x53, 0x12, 0xA4, 0xBD, 0x51, 0xCD, 0xA3, 0xC3, 0x23,
    0x64, 0xC7, 0xDF, 0xC7, 0x6E, 0x7F, 0x5C, 0x96, 0x0B, 0x83, 0x4E, 0xF6, 0xF6, 0x8D, 0x6A, 0x99,
    0xF0, 0xC5, 0xB8, 0x4D, 0xB5, 0x66, 0x98, 0xE2, 0x5D, 0x2E, 0x39, 0x89, 0x9D, 0x14, 0x54, 0x51,
    0xF4, 0xC0, 0x24, 0x97, 0x37, 0x84, 0x2D, 0xC1, 0x05, 0x5A, 0xF7, 0x6C, 0xA0, 0x9C, 0x7B, 0x06,
    0xB1, 0xB0, 0x94, 0x89, 0x62, 0x2B, 0x26, 0x1D, 0xEA, 0x81, 0x49, 0x44, 0x4F, 0x88, 0x24, 0x52,
    0x8F, 0x95, 0x4D, 0xB8, 0x2A, 0xA8, 0xA1, 0x93, 0x76, 0x45, 0x48, 0xEA, 0xB5, 0x41, 0x94, 0x40,
    0x59, 0xCA, 0x02, 0x06, 0x76, 0x6A, 0xA5, 0x0B, 0x2A, 0x32, 0x1D, 0x93, 0xCB, 0x22, 0x20, 0xCF,
    0x1E, 0xE6, 0x08, 0x6D, 0x81, 0xBC, 0x9E, 0x0C, 0x78, 0xBC, 0x46, 0x6B, 0x19, 0x4B, 0x58, 0x35,
    0xF1, 0x54, 0x41, 0xF1, 0xF1, 0xFA, 0x01, 0xA3, 0x2D, 0x1F, 0xAF, 0x1C, 0x00, 0x55, 0x50, 0x61,
    0xF4, 0x15, 0x12, 0x4A, 0x6D, 0x3E, 0x26, 0xA9, 0x1A, 0x6C, 0x20, 0x08, 0xD0, 0x8F, 0xB1, 0x68,
    0x9C, 0xCC, 0x1C, 0xB6, 0x29, 0xAA, 0x79, 0x03, 0x7A, 0xCD, 0x84, 0x2C, 0x6C, 0xEC, 0x9B, 0xEA,
    0x71, 0xEA, 0xE2, 0xBA, 0x83, 0xE6, 0x22, 0x69, 0x5C, 0xE5, 0xC5, 0x43, 0xEA, 0xA3, 0xC1, 0x68,
    0xC7, 0xC5, 0xD4, 0x40, 0xB6, 0xE5, 0x1E, 0x50, 0x32, 0x43, 0xB4, 0x15, 0x61, 0xCE, 0x70, 0xD5,
    0x1B, 0x71, 0x83, 0x94, 0x74, 0x05, 0xC5, 0x50, 0x27, 0xF4, 0x7B, 0x4B, 0xFC, 0x82, 0xAB, 0x79,
    0x94, 0x6A, 0x81, 0x17, 0xA2, 0xA3, 0xC5, 0xCE, 0x11, 0x42, 0x86, 0xBB, 0x0E, 0xC4, 0xEA, 0xF2,
    0xAF, 0xEC, 0x47, 0x68, 0x36, 0x49, 0x6A, 0xF8, 0x5E, 0xFA, 0x54, 0x71, 0x6C, 0x19, 0x88, 0x0D,
    0xA4, 0x76, 0xE6, 0xF8, 0xED, 0x96, 0x57, 0x6A, 0xCC, 0x7B, 0x4B, 0x7C, 0xEC, 0x26, 0x40, 0x61,
    0xE0, 0x66, 0xDD, 0xD3, 0x41, 0x8E, 0x56, 0x14, 0x0E, 0xA5, 0xA3, 0xD1, 0x3D, 0x33, 0x30, 0x57,
    0x5E, 0x46, 0x9A, 0x50, 0xE7, 0x6C, 0x71, 0xB4, 0x56, 0xAE, 0xD6, 0x79, 0x02, 0xD2, 0x80, 0x54,
    0x66, 0xCB, 0x32, 0xC6, 0xF5, 0xE4, 0xE2, 0x24, 0x13, 0x96, 0x88, 0xB4, 0x3C, 0x3F, 0x97, 0x11,
    0x1D, 0x3C, 0xA7, 0xBF, 0x49, 0x8D, 0xBC, 0x55, 0xD4, 0x22, 0x30, 0xE2, 0x4C, 0x3D, 0x1F, 0x5D,
    0xAE, 0x2A, 0x10, 0x41, 0xCD, 0x84, 0xA8, 0x6F, 0xD4, 0x1B, 0xE0, 0xCD, 0xC3, 0x27, 0x47, 0x33,
    0x40, 0x86, 0x6F, 0xF1, 0xCC, 0x5A, 0xA4, 0xED, 0xF2, 0x9D, 0x93, 0x3F, 0x73, 0xB2, 0xEE, 0x62,
    0xB1, 0x07, 0x4C, 0xEA, 0x61, 0xD3, 0x30, 0x97, 0x6D, 0x61, 0x0B, 0x96, 0xA7, 0x6E, 0xDA, 0xC2,
    0x2B, 0x12, 0x24, 0xAC, 0xBC, 0x80, 0x93, 0xB5, 0x43, 0x3F, 0xDC, 0x4D, 0x36, 0xA5, 0x25, 0x04,
    0xFB, 0x16, 0x6F, 0x4F, 0x13, 0x2F, 0xCC, 0xEF, 0x13, 0x2A, 0x29, 0x53, 0x1D, 0xE5, 0x9B, 0xA0,
    0xA2, 0x42, 0xC1, 0xB6, 0x68, 0x99, 0x12, 0xAB, 0xFF, 0xDD, 0x42, 0x93, 0xCE, 0xA1, 0xF2, 0x7D,
    0x62, 0xAF, 0x30, 0x97, 0xB2, 0x7C, 0x04, 0x3E, 0x81, 0xB9, 0x7C, 0xB8, 0x4F, 0xE5, 0x26, 0x4E,
    0x91, 0x56, 0x6F, 0x6F, 0xFE, 0xE8, 0xFE, 0xF1, 0xAA, 0xC1, 0x6D, 0x08, 0xC3, 0xC5, 0x23, 0xEA,
    0x42, 0x40, 0x0C, 0x08, 0xF3, 0x2E, 0x00, 0xBB, 0xB1, 0x2B, 0xFA, 0xF8, 0x29, 0x18, 0x51, 0xD4,
    0x52, 0x39, 0x41, 0x66, 0x0F, 0x99, 0xAD, 0xD4, 0xFD, 0x75, 0x18, 0x49, 0x2B, 0xD2, 0xB7, 0x24,
    0x10, 0x3F, 0x71, 0x32, 0x95, 0x60, 0xFA, 0xFD, 0x14, 0xFB, 0x94, 0x2D, 0x31, 0x43, 0x68, 0x2C,
    0x08, 0x5F, 0x7D, 0x96, 0x31, 0x7E, 0xA0, 0x8B, 0x7F, 0xD5, 0x7C, 0x6F, 0x6C, 0x1C, 0xE9, 0x79,
    0xDF, 0x33, 0x33, 0x92, 0x46, 0xD2, 0x48, 0x1C, 0xA6, 0x90, 0xD3, 0xF3, 0x99, 0xE2, 0x0A, 0x88,
    0x02, 0x28, 0x86, 0xB8, 0x4B, 0xD7, 0x04, 0xCC, 0x36, 0xB3, 0xBB, 0x73, 0xD6, 0x87, 0x7E, 0x48,
    0xDB, 0xA8, 0x40, 0xAF, 0x05, 0x1A, 0xE3, 0x4E, 0x1F, 0x12, 0x14, 0x01, 0x9A, 0x9A, 0x08, 0x04,
    0x94, 0x48, 0x97, 0xE2, 0xD8, 0x02, 0x6A, 0x20, 0x6E, 0x1D, 0x35, 0x40, 0xBF, 0x15, 0xAD, 0xDA,
    0x04, 0xA8, 0xA3, 0x2B, 0xAA, 0x45, 0xCB, 0x14, 0x74, 0xB3, 0x12, 0xC7, 0x32, 0x90, 0x14, 0xB8,
    0xA6, 0x1E, 0x9C, 0x6B, 0x1F, 0xD0, 0x16, 0xCE, 0xF8, 0x9A, 0x3A, 0xED, 0x5D, 0x63, 0x8D, 0xCF,
    0x7B, 0xC5, 0x9E, 0xB4, 0xDC, 0xED, 0xEF, 0xF7, 0xBC, 0xEF, 0xCC, 0x0E, 0x29, 0x9D, 0x23, 0x51,
    0x96, 0x4E, 0x26, 0xB4, 0xC3, 0xD5, 0x72, 0xE7, 0x9D, 0xE7, 0x7D, 0xFE, 0xFE, 0x9E, 0x3F, 0x33,
    0x22, 0x41, 0x2C, 0x22, 0x61, 0x8A, 0x83, 0x9B, 0xE3, 0x20, 0x6B, 0x3C, 0x1C, 0x12, 0x73, 0x0C,
    0xA7, 0xD3, 0xB1, 0xC8, 0x58, 0x22, 0x91, 0x91, 0x9C, 0x13, 0x19, 0xCA, 0x59, 0x71, 0x0A, 0xFC,
    0xC9, 0xE3, 0x77, 0xBD, 0x0C, 0x07, 0x3F, 0xF5, 0x44, 0x82, 0x6F, 0xBE, 0x82, 0x45, 0xEE, 0xE2,
    0xBB, 0xA1, 0x2C, 0x88, 0xB4, 0xE4, 0xA8, 0x48, 0x87, 0x4B, 0x44, 0x3C, 0x0C, 0x78, 0x18, 0x89,
    0x24, 0x38, 0xDF, 0x4B, 0xBC, 0x21, 0xBE, 0xB4, 0x33, 0x9D, 0x4E, 0xC4, 0xFE, 0x38, 0x72, 0x11,
    0xE7, 0xBD, 0x84, 0x65, 0x5B, 0x2E, 0x0E, 0xC7, 0xE4, 0xDA, 0x33, 0xBB, 0x38, 0xF7, 0xE9, 0x34,
    0xA6, 0xF8, 0xE9, 0xFC, 0xCD, 0xF7, 0x5F, 0xDE, 0x58, 0xC6, 0xF2, 0x0B, 0xD7, 0x41, 0xC4, 0x02,
    0xAF, 0x71, 0x48, 0xBC, 0x54, 0xAF, 0x41, 0x06, 0xFD, 0xFE, 0x6F, 0xE3, 0x70, 0x6F, 0x2A, 0xD2,
    0x90, 0x30, 0xC1, 0x35, 0x82, 0x14, 0xD7, 0xC0, 0x21, 0xE2, 0xA1, 0xC7, 0xC3, 0x88, 0x5C, 0xC4,
    0xF2, 0x09, 0x16, 0x09, 0x63, 0xAF, 0xC0, 0x97, 0x76, 0xA6, 0xD2, 0xB6, 0x97, 0x17, 0x6E, 0xCD,
    0xAC, 0xD5, 0xE0, 0x47, 0xDB, 0x78, 0x05, 0xDC, 0xC2, 0x29, 0x43, 0x89, 0x9B, 0x95, 0x1F, 0x84,
    0x15, 0xE9, 0x67, 0x2C, 0x8D, 0xBE, 0xD2, 0x7B, 0x9B, 0x1F, 0xF6, 0xB8, 0xC3, 0x81, 0xBC, 0x60,
    0xD6, 0xC4, 0xE5, 0xEC, 0xC2, 0x5E, 0x31, 0x63, 0x49, 0x29, 0x4F, 0xD0, 0x89, 0x8B, 0x51, 0xBC,
    0x2D, 0x7E, 0xB7, 0xCB, 0xC3, 0x46, 0xC9, 0x12, 0x77, 0x17, 0x87, 0xCD, 0x69, 0x56, 0x0A, 0x41,
    0x0E, 0x83, 0xEB, 0xCE, 0x64, 0xE7, 0xCB, 0xD2, 0x48, 0xFD, 0x42, 0x6E, 0x41, 0x1B, 0xDC, 0xA1,
    0x38, 0xA9, 0x9F, 0xE3, 0xA0, 0xCB, 0xCD, 0x16, 0xB9, 0x32, 0x8D, 0xE7, 0xC9, 0xC4, 0x54, 0xC6,
    0xCE, 0x84, 0x12, 0x12, 0x7B, 0x50, 0x5E, 0xF7, 0x48, 0x32, 0xF8, 0xBF, 0xCA, 0x9D, 0xF4, 0xC5,
    0xCF, 0xA8, 0x57, 0xB7, 0x6F, 0x62, 0x89, 0x23, 0xB1, 0x5E, 0x08, 0x47, 0xE7, 0xDE, 0x34, 0x96,
    0x20, 0x69, 0x71, 0xB7, 0x73, 0x22, 0x4B, 0x72, 0x52, 0xC0, 0xA9, 0x63, 0x56, 0x6E, 0x7A, 0x25,
    0xBD, 0xA6, 0x4F, 0x49, 0xBB, 0xBA, 0xF6, 0x6D, 0xFD, 0x8B, 0x55, 0xD6, 0x43, 0x64, 0xF8, 0x09,
    0xEE, 0xF5, 0xBC, 0x11, 0x42, 0x18, 0x83, 0xB4, 0xA6, 0xC8, 0x3F, 0x78, 0x9B, 0x2C, 0xF9, 0xE5,
    0x72, 0x53, 0xC1, 0x14, 0x7C, 0x99, 0x58, 0xCA, 0xF8, 0x97, 0xC2, 0xF0, 0x8B, 0x9C, 0xA2, 0x70,
    0x71, 0xAE, 0xB2, 0x29, 0xB4, 0x62, 0xC1, 0x0A, 0x2A, 0xB1, 0x9E, 0x95, 0x10, 0x4E, 0x71, 0x47,
    0xE4, 0x53, 0x6C, 0x17, 0x8C, 0xA1, 0x14, 0x79, 0x1B, 0xAF, 0x0D, 0x71, 0x93, 0xB3, 0x4F, 0xE7,
    0x1A, 0xFA, 0xE3, 0x4F, 0xF3, 0x72, 0xD3, 0xA5, 0x06, 0x9B, 0xD5, 0xD5, 0x02, 0xDC, 0x7C, 0x8F,
    0xB8, 0x83, 0x4A, 0xDC, 0x61, 0xC5, 0xBF, 0x99, 0x05, 0xF4, 0x4A, 0x7D, 0x23, 0x65, 0xF5, 0xF3,
    0x95, 0xC3, 0xB8, 0xEA, 0xE5, 0x39, 0x0A, 0x75, 0x9D, 0x67, 0x66, 0x75, 0x1A, 0xBA, 0xC6, 0x4E,
    0x9C, 0xF7, 0x5E, 0xD5, 0x8F, 0x73, 0xBD, 0x82, 0x64, 0x7A, 0x0D, 0x27, 0x55, 0x35, 0x76, 0x53,
    0x6E, 0x47, 0xBC, 0x58, 0xF5, 0x3C, 0x30, 0x17, 0x9C, 0x93, 0x1D, 0x9E, 0xB7, 0x20, 0xE3, 0x46,
    0x46, 0x3D, 0x28, 0xA8, 0x9D, 0x6B, 0x4E, 0xE1, 0x80, 0xFE, 0x1C, 0x86, 0x35, 0xC2, 0xD9, 0x1E,
    0x0D, 0xC6, 0x4B, 0x7C, 0x35, 0x19, 0xA8, 0x82, 0x5B, 0xB4, 0x21, 0xC5, 0xC4, 0xCF, 0xBA, 0x43,
    0xE9, 0xA6, 0xAD, 0xB8, 0x9B, 0x05, 0xD3, 0xE9, 0x90, 0x2A, 0x51, 0xFF, 0x09, 0xA6, 0x59, 0x6B,
    0x9A, 0x50, 0xDB, 0x3C, 0xC3, 0x69, 0xBA, 0x02, 0x30, 0x9B, 0x5B, 0xC1, 0x5B, 0x32, 0x03, 0x6F,
    0x83, 0x44, 0xF9, 0x42, 0x3A, 0xF1, 0x96, 0xBF, 0xA0, 0x1E, 0x64, 0x8A, 0x5A, 0x7A, 0xC6, 0xB7,
    0x6D, 0x9C, 0xDF, 0x21, 0x6B, 0xAC, 0x7B, 0xD9, 0x20, 0x97, 0x0B, 0x7C, 0x34, 0x22, 0x83, 0xDA,
    0x78, 0x0B, 0x16, 0x0D, 0x5C, 0xBD, 0xC0, 0x90, 0x4E, 0xA3, 0x08, 0xB2, 0xCD, 0xA9, 0xBB, 0xC7,
    0x6B, 0xE1, 0xE5, 0x73, 0xC1, 0x30, 0xBE, 0x25, 0x4B, 0x27, 0xB0, 0xC0, 0x89, 0x73, 0x38, 0xFD,
    0x44, 0x5D, 0x4C, 0x6A, 0x95, 0xDF, 0xF9, 0x1D, 0x1C, 0x68, 0x2D, 0x41, 0x06, 0x7D, 0x0E, 0xB1,
    0x55, 0xD0, 0x83, 0x43, 0x83, 0x8B, 0xB7, 0x28, 0xC6, 0x0E, 0xC9, 0x8D, 0x48, 0xEC, 0x00, 0x7F,
    0x72, 0xC6, 0xD2, 0x4A, 0x5A, 0xD3, 0xCF, 0x4F, 0x87, 0xD5, 0xBE, 0xC3, 0xB8, 0x92, 0xAB, 0x11,
    0xA7, 0xA8, 0xAF, 0x76, 0xAC, 0xCA, 0x5C, 0xA3, 0x12, 0x06, 0xAA, 0x86, 0x8D, 0x21, 0x15, 0x66,
    0x65, 0x9E, 0x54, 0xF0, 0xEA, 0x85, 0x93, 0x92, 0x0E, 0x2F, 0xA6, 0xBE, 0xCC, 0xA9, 0xD4, 0x2F,
    0x93, 0x2F, 0xEF, 0xA8, 0xCA, 0xDC, 0xE5, 0x32, 0xA1, 0x3A, 0x8F, 0x86, 0xAA, 0x58, 0x53, 0xB5,
    0xAD, 0xAD, 0x7E, 0xA2, 0xA7, 0x3A, 0xB4, 0xAD, 0x97, 0xA5, 0x5F, 0xA3, 0x9A, 0xC2, 0x43, 0x41,
    0x51, 0xBD, 0x5D, 0xBD, 0xEC, 0x2F, 0xF2, 0xB0, 0x64, 0x75, 0xC5, 0x0A, 0x28, 0x35, 0xCC, 0xB1,
    0x7A, 0x74, 0x66, 0x8F, 0xE8, 0x54, 0xA7, 0xC7, 0x46, 0xAB, 0x0B, 0xD5, 0x6B, 0x70, 0xC1, 0x19,
    0xA9, 0xE8, 0x82, 0xA1, 0x8A, 0xAE, 0x53, 0xA8, 0xE8, 0xDE, 0xCD, 0x29, 0x3A, 0xFF, 0x6A, 0xC6,
    0xAD, 0x2F, 0x51, 0xAC, 0x0D, 0x29, 0xB8, 0x76, 0xCB, 0x4F, 0xC9, 0x8B, 0x76, 0x53, 0xC5, 0x1A,
    0x6D, 0x29, 0x71, 0x3B, 0xA9, 0x52, 0x3A, 0x31, 0xFA, 0x3E, 0x54, 0x16, 0x91, 0xF5, 0x23, 0xF5,
    0x8B, 0xC6, 0xB8, 0xA4, 0x35, 0x95, 0xFD, 0x3F, 0x7E, 0x7A, 0x48, 0xDD, 0xC9, 0x0B, 0xCA, 0xE1,
    0x35, 0x65, 0x0B, 0x09, 0x77, 0x2A, 0x21, 0x0B, 0x22, 0x10, 0xC4, 0x00, 0x8F, 0xD3, 0x15, 0xE3,
    0x6D, 0x28, 0xAE, 0x65, 0xA5, 0x58, 0x35, 0x8F, 0xDC, 0x75, 0x0A, 0x4F, 0x8D, 0x6B, 0x4E, 0x4D,
    0x74, 0x41, 0xAD, 0x75, 0x59, 0x0D, 0xF7, 0xBA, 0xBA, 0xDC, 0x74, 0xC6, 0x1F, 0x35, 0x4A, 0x63,
    0x24, 0xA2, 0x5F, 0x11, 0x5E, 0xAF, 0x73, 0x93, 0x86, 0xD5, 0x55, 0xA6, 0x36, 0xF2, 0xBD, 0xFA,
    0x5E, 0xF8, 0xD3, 0x91, 0x6E, 0x6D, 0x33, 0x56, 0x8E, 0x45, 0xC6, 0x17, 0xF4, 0x0C, 0x0B, 0x47,
    0x66, 0xA3, 0x43, 0x25, 0x88, 0x2A, 0x07, 0x16, 0xD2, 0xB6, 0x41, 0x2A, 0xBD, 0x03, 0x14, 0x8A,
    0x96, 0x01, 0x8E, 0x05, 0xCA, 0x42, 0xD5, 0xA3, 0x96, 0xF1, 0x12, 0x6D, 0xA3, 0x4F, 0x91, 0x21,
    0x6A, 0xCF, 0xCA, 0x70, 0xFC, 0x14, 0x53, 0x97, 0xCA, 0x4D, 0xCA, 0x5A, 0x6A, 0xF7, 0x26, 0x6E,
    0x19, 0xFF, 0x85, 0x9F, 0xF3, 0x52, 0xDB, 0x8B, 0xAC, 0xEC, 0x63, 0xAD, 0x6B, 0xFC, 0x80, 0x75,
    0x61, 0x0E, 0xB7, 0xE6, 0xF1, 0xAB, 0x27, 0x49, 0xF8, 0x39, 0x3A, 0xA3, 0x35, 0xAA, 0x5B, 0x4A,
    0xCA, 0x63, 0xD0, 0x7D, 0x9C, 0xC4, 0x37, 0x5F, 0x03, 0xE9, 0xBF, 0xC6, 0x43, 0x0E, 0xEA, 0xBD,
    0x54, 0x6D, 0xD8, 0xB8, 0xF7, 0x04, 0x7A, 0x08, 0xEF, 0x30, 0x94, 0xCD, 0x74, 0x67, 0xE2, 0xD7,
    0x2C, 0xE3, 0x14, 0xA3, 0xE3, 0x98, 0x1B, 0x58, 0x25, 0xED, 0x2B, 0x54, 0xD8, 0x79, 0xE3, 0xE9,
    0x64, 0x66, 0x82, 0xEA, 0xEE, 0xA6, 0xAA, 0x5B, 0x1B, 0xF4, 0x94, 0x88, 0x8A, 0x21, 0xA5, 0xDA,
    0xE0, 0xA1, 0xC9, 0x43, 0x9B, 0x87, 0x1E, 0xC3, 0xE5, 0x00, 0x0C, 0x71, 0xC7, 0x50, 0xCB, 0x4D,
    0xB3, 0xFB, 0x9A, 0x30, 0xA8, 0x17, 0x63, 0x06, 0xA6, 0x11, 0x57, 0x2C, 0xA8, 0xBD, 0xF4, 0x6D,
    0xAE, 0x92, 0x9B, 0x85, 0xE4, 0xF6, 0x2D, 0x7E, 0x8F, 0x3C, 0xFF, 0xDC, 0x90, 0x7C, 0x6E, 0x93,
    0x6D, 0x2D, 0xF2, 0xB8, 0x41, 0x96, 0x37, 0x48, 0x63, 0x8B, 0x34, 0x76, 0xC9, 0xEC, 0x01, 0x2E,
    0x84, 0xF3, 0x71, 0xA1, 0x9A, 0xEF, 0x7F, 0x46, 0xF1, 0xDE, 0xFC, 0x20, 0x8A, 0xEF, 0x72, 0x21,
    0x2E, 0xE0, 0xAA, 0x4B, 0xF7, 0x92, 0x66, 0xE5, 0xD0, 0x7D, 0xD5, 0xB3, 0x39, 0x5D, 0x60, 0x41,
    0x2F, 0xBE, 0xAA, 0x4C, 0x5D, 0x56, 0x1A, 0x0A, 0x32, 0x41, 0x3D, 0xB9, 0x71, 0xE4, 0xF8, 0x3A,
    0x49, 0x98, 0x53, 0x2D, 0x8B, 0x54, 0x5D, 0xFA, 0x24, 0x05, 0x64, 0x76, 0x79, 0xED, 0xE9, 0x94,
    0xB8, 0x82, 0xF4, 0x6F, 0x2B, 0xDE, 0xE9, 0xF3, 0x92, 0x6A, 0x46, 0x29, 0xCD, 0xC0, 0x4D, 0x24,
    0xB5, 0x8A, 0xF3, 0xCC, 0xA0, 0xE7, 0x39, 0xE3, 0xC6, 0x60, 0xF0, 0xD3, 0x5D, 0x6F, 0x2C, 0x0E,
    0xDC, 0x44, 0x1A, 0x8C, 0x19, 0x15, 0x1B, 0x72, 0x5A, 0xD9, 0xD0, 0xA2, 0x5E, 0xE1, 0xD4, 0x36,
    0xC9, 0xC5, 0xEF, 0x48, 0x5D, 0x9B, 0x9B, 0x0E, 0x3C, 0xD5, 0x8D, 0x74, 0xB4, 0xA8, 0xFE, 0xEE,
    0xDE, 0x3D, 0x55, 0xC9, 0xE0, 0x4F, 0xEE, 0xAB, 0x9C, 0x1A, 0x9F, 0xCE, 0xF5, 0xCA, 0x6D, 0x2F,
    0x53, 0x5A, 0x46, 0x7E, 0xDA, 0x52, 0xA9, 0x05, 0xA9, 0x46, 0x25, 0x38, 0x31, 0xB2, 0xAA, 0x11,
    0xAB, 0x7E, 0x83, 0x5E, 0x0D, 0x03, 0x70, 0xFC, 0x9B, 0x34, 0xBE, 0x6E, 0x4E, 0x4C, 0x31, 0x8D,
    0x8F, 0x2B, 0x8D, 0x3F, 0x63, 0x48, 0xFD, 0x18, 0x9C, 0x67, 0x1B, 0x5B, 0xB9, 0x0C, 0x99, 0xF0,
    0x5D, 0xAA, 0x1B, 0x1C, 0xA8, 0x9A, 0x1F, 0xC2, 0x22, 0xAD, 0xB1, 0x95, 0x7E, 0x60, 0x62, 0x21,
    0x2E, 0x76, 0x06, 0xAF, 0x65, 0xBC, 0x5F, 0xC1, 0x67, 0x40, 0x63, 0x10, 0x29, 0xD4, 0xF0, 0x9D,
    0xDC, 0x3A, 0xEE, 0xE7, 0xD6, 0x2D, 0x73, 0xD5, 0x79, 0xA3, 0xC1, 0x97, 0x94, 0x89, 0x8E, 0x7A,
    0xD0, 0xD6, 0x4D, 0x35, 0x92, 0x60, 0xF4, 0xFC, 0x12, 0xFF, 0x61, 0xC6, 0xE1, 0x0A, 0xB2, 0x4D,
    0x15, 0x7D, 0x28, 0x72, 0x96, 0xDC, 0xC4, 0xE3, 0x54, 0x5D, 0x83, 0xA3, 0xDB, 0x84, 0x9D, 0xA9,
    0x23, 0xF7, 0x8C, 0x23, 0x0F, 0x4C, 0x86, 0x32, 0x67, 0x60, 0xC5, 0x82, 0x31, 0x98, 0x55, 0xB5,
    0x75, 0xA4, 0x82, 0xEA, 0x46, 0x73, 0xB5, 0x76, 0x18, 0xBA, 0x1A, 0x5E, 0xA2, 0xB0, 0x31, 0x54,
    0xBF, 0xA3, 0x90, 0x0D, 0x17, 0x1D, 0xC2, 0x6C, 0xF0, 0x2B, 0xF5, 0x18, 0xAB, 0x8E, 0x3D, 0x20,
    0xCE, 0x1D, 0xC8, 0xC7, 0xA5, 0x8B, 0x83, 0x89, 0x19, 0xF3, 0x25, 0xA4, 0x57, 0x9F, 0xC5, 0x4F,
    0x5A, 0x8A, 0x43, 0xC1, 0xE6, 0x1D, 0x52, 0x39, 0x17, 0x89, 0xF3, 0x75, 0xA5, 0x25, 0x12, 0xFF,
    0xE7, 0x95, 0x9A, 0x48, 0x4E, 0xAA, 0x47, 0x5B, 0x8B, 0x64, 0x55, 0xCD, 0x29, 0x8F, 0xF8, 0x8F,
    0x34, 0x45, 0x6E, 0xDA, 0x33, 0xF6, 0x19, 0x28, 0xE9, 0xD8, 0xCE, 0x82, 0x32, 0x10, 0xAE, 0x77,
    0x4D, 0x77, 0xB1, 0x24, 0x9D, 0x4C, 0x37, 0x10, 0x49, 0x37, 0x51, 0x0E, 0xD3, 0xF9, 0xF2, 0x0D,
    0x2C, 0x0D, 0xF4, 0xE3, 0x3B, 0xDD, 0x09, 0xE2, 0xC6, 0xF4, 0x61, 0x8A, 0xA8, 0x0A, 0x96, 0xA9,
    0x82, 0xED, 0xD6, 0x15, 0x6C, 0x5F, 0xC4, 0x35, 0x0A, 0xC6, 0x9D, 0x85, 0x7B, 0x23, 0xAE, 0x09,
    0xA0, 0x36, 0xE2, 0x76, 0x4C, 0x08, 0x8D, 0x4C, 0x08, 0x1D, 0x98, 0x2C, 0xC0, 0xC6, 0xF2, 0xA1,
    0x22, 0xF4, 0x72, 0xE5, 0x42, 0x43, 0x30, 0x14, 0xAC, 0x3B, 0xA9, 0x11, 0xC3, 0xC4, 0xC9, 0xBD,
    0x77, 0x8B, 0x59, 0x10, 0xD6, 0x07, 0x04, 0x4E, 0x15, 0x9F, 0xFA, 0x19, 0xCE, 0x03, 0x33, 0x9D,
    0x02, 0xD9, 0x91, 0x33, 0x84, 0xAB, 0x75, 0x86, 0x57, 0xB8, 0xD6, 0x2D, 0xAE, 0x34, 0xB6, 0x07,
    0x3F, 0x57, 0x96, 0x0F, 0x48, 0xE2, 0x80, 0xA6, 0x05, 0x32, 0x6E, 0x81, 0x10, 0x5C, 0x08, 0xBE,
    0x08, 0x7B, 0xB8, 0xC7, 0x4B, 0xBD, 0x18, 0xD7, 0xF7, 0x8E, 0x9F, 0x91, 0x6E, 0xBC, 0x6B, 0xB0,
    0x47, 0xC7, 0x10, 0x1A, 0x19, 0x4E, 0x58, 0x83, 0xD8, 0x36, 0x22, 0x35, 0xA6, 0x46, 0x86, 0x04,
    0x06, 0x82, 0x90, 0x13, 0x99, 0x6E, 0xDC, 0x33, 0xD8, 0x83, 0x0C, 0x69, 0x9A, 0x28, 0xD5, 0x36,
    0x0C, 0xE9, 0x99, 0x48, 0xB5, 0x5D, 0xAD, 0xDC, 0x36, 0xA9, 0xD0, 0xAE, 0x66, 0x43, 0x8D, 0xFD,
    0xC1, 0xAA, 0xC5, 0x50, 0xE5, 0x8C, 0xB8, 0x00, 0x43, 0x8F, 0xCB, 0xD0, 0xEB, 0xE5, 0x8A, 0xFE,
    0x71, 0xF0, 0x79, 0x08, 0x12, 0xFC, 0x21, 0x8C, 0x83, 0xD4, 0x44, 0xDD, 0xE6, 0x11, 0xAC, 0xD6,
    0xFE, 0x78, 0xBC, 0x2F, 0x18, 0xD4, 0x90, 0x81, 0x5F, 0x68, 0x10, 0x94, 0x03, 0xA5, 0xC1, 0xD5,
    0x9A, 0xE3, 0xBD, 0x87, 0x47, 0x48, 0x83, 0x09, 0x3C, 0x0F, 0x85, 0x64, 0x70, 0x33, 0x1E, 0x3B,
    0xC5, 0x2A, 0xC8, 0xEA, 0x5F, 0x07, 0x0B, 0x2E, 0xD5, 0x13, 0x87, 0xAC, 0x4C, 0xD2, 0x6A, 0xF9,
    0x5D, 0x5C, 0x02, 0x31, 0xA5, 0xA3, 0xFD, 0x40, 0xA0, 0x33, 0xD9, 0x72, 0x6B, 0x2F, 0x72, 0xF9,
    0x10, 0x71, 0x6C, 0xEB, 0x35, 0x7E, 0x16, 0xE8, 0x67, 0x6A, 0x7D, 0xAE, 0x9A, 0x44, 0xC7, 0xFB,
    0xEA, 0x10, 0x97, 0x0D, 0xD2, 0xB6, 0x06, 0xC3, 0x16, 0x91, 0x18, 0xB6, 0x44, 0x98, 0xD4, 0x40,
    0x3A, 0xC5, 0x80, 0xC8, 0xD0, 0xDF, 0xC5, 0xB1, 0x07, 0x46, 0x8F, 0xA1, 0x24, 0x63, 0xEC, 0x71,
    0x08, 0xC6, 0x74, 0x1C, 0x7A, 0x6D, 0x44, 0xD8, 0x4D, 0x5D, 0x8C, 0xD7, 0x09, 0xFE, 0x6B, 0x55,
    0x31, 0x70, 0xA7, 0xE3, 0xFD, 0x46, 0x1C, 0x4E, 0xF3, 0xCD, 0xB1, 0xFA, 0x64, 0x0D, 0xB5, 0x4D,
    0x75, 0xAF, 0x97, 0x95, 0x8F, 0x5A, 0x6F, 0xF1, 0xB4, 0xA8, 0xF0, 0x25, 0xD5, 0xF9, 0xFF, 0x5D,
    0xD1, 0x69, 0xD8, 0x2F, 0x81, 0xBE, 0x3F, 0xAF, 0xC7, 0x35, 0xE3, 0x07, 0xB7, 0x35, 0x6D, 0xA6,
    0xD5, 0x2E, 0x2A, 0x0B, 0x7A, 0x56, 0x6F, 0x81, 0xD0, 0x77, 0x26, 0xEA, 0x02, 0xF7, 0xF9, 0x90,
    0x61, 0x40, 0xC0, 0x3A, 0xA9, 0xAA, 0x04, 0x03, 0x23, 0xAA, 0x91, 0x51, 0x44, 0x53, 0x2E, 0x50,
    0x57, 0x92, 0x9B, 0xC0, 0x9D, 0xAA, 0xD4, 0x21, 0x26, 0xFA, 0x58, 0x60, 0x78, 0xE6, 0xB3, 0x10,
    0x3C, 0x65, 0xDF, 0x30, 0x96, 0xD3, 0x32, 0xF2, 0x6F, 0x1B, 0x0D, 0x88, 0xA4, 0xC4, 0x02, 0xB3,
    0x95, 0x41, 0x0F, 0x51, 0xB7, 0x62, 0x78, 0x93, 0x93, 0x35, 0x8C, 0x4A, 0x84, 0x86, 0xAA, 0xC5,
    0x3D, 0x28, 0x7E, 0x55, 0x6A, 0xA2, 0x84, 0xB6, 0xEC, 0x82, 0x67, 0x60, 0xE7, 0x2E, 0x2F, 0x4D,
    0x07, 0x01, 0x22, 0x43, 0x52, 0xD9, 0xB2, 0x29, 0x6B, 0x6A, 0x2A, 0x60, 0x61, 0x86, 0x45, 0xBD,
    0xE9, 0xDD, 0x2A, 0x3B, 0x68, 0x56, 0x4A, 0xD9, 0xAB, 0x94, 0x72, 0x58, 0x1A, 0x9C, 0xA6, 0xEC,
    0x3B, 0xD3, 0x87, 0x38, 0xD9, 0xE1, 0xCE, 0x34, 0x34, 0x55, 0x94, 0x30, 0x57, 0x47, 0x3B, 0xA0,
    0x30, 0x47, 0xBA, 0x19, 0xBD, 0x38, 0x17, 0x68, 0x28, 0x8F, 0x94, 0x08, 0x9A, 0x92, 0x47, 0x10,
    0x64, 0x6B, 0x2C, 0x91, 0x72, 0x0A, 0xAF, 0x81, 0x9A, 0x0A, 0x88, 0xD6, 0xF3, 0x4A, 0xC2, 0xC5,
    0x9C, 0xDB, 0x52, 0xC6, 0xE1, 0xDC, 0x8E, 0x12, 0x89, 0x73, 0x23, 0x65, 0x9E, 0x9F, 0x2A, 0xB5,
    0x03, 0x53, 0xC4, 0xB3, 0xD7, 0x1C, 0x6A, 0x7C, 0x68, 0x31, 0x4F, 0x37, 0x4C, 0x9C, 0x4E, 0x44,
    0x1E, 0x1A, 0x21, 0x1E, 0x46, 0x7C, 0xF2, 0x81, 0xC4, 0x37, 0x9F, 0x88, 0x78, 0xEF, 0x87, 0x10,
    0x9F, 0x68, 0x8D, 0xA7, 0x22, 0x7E, 0x44, 0xE2, 0x4B, 0x0D, 0x98, 0x65, 0x32, 0xDD, 0xCA, 0x9B,
    0x96, 0x6F, 0xA2, 0x07, 0xDE, 0x54, 0xC9, 0xDC, 0xB2, 0x29, 0x73, 0x30, 0x21, 0xA1, 0x5B, 0xC5,
    0x6A, 0x27, 0xB8, 0xF6, 0xD9, 0xFD, 0x85, 0xA4, 0x99, 0xA3, 0x9A, 0xAA, 0xE7, 0xBF, 0x45, 0x35,
    0xEB, 0x8A, 0x1A, 0x33, 0x08, 0x06, 0x3B, 0x14, 0x28, 0x68, 0x7A, 0xA5, 0x38, 0x66, 0xC4, 0x2D,
    0x8C, 0x9D, 0x21, 0xC1, 0x78, 0xB2, 0x3F, 0x2B, 0x07, 0x33, 0x9D, 0xA9, 0x85, 0x74, 0xDD, 0xC4,
    0xA8, 0x92, 0x8D, 0x13, 0xBA, 0xFB, 0x42, 0xAA, 0x18, 0xA4, 0xE1, 0x38, 0x37, 0x4A, 0xAF, 0x54,
    0xD0, 0x8A, 0x60, 0x6C, 0xA4, 0xCD, 0xCF, 0x6E, 0xDB, 0x40, 0xD4, 0x8A, 0x4D, 0x24, 0x0A, 0x53,
    0x83, 0xFA, 0xC2, 0xD4, 0xC4, 0xA2, 0xD0, 0xE0, 0x3E, 0xFE, 0x56, 0x8D, 0xA5, 0x1F, 0x12, 0xCD,
    0xFF, 0x3A, 0x4C, 0x98, 0x80, 0x22, 0x6F, 0x6B, 0xDE, 0x92, 0x34, 0xA6, 0xF9, 0x43, 0x88, 0xB4,
    0xE5, 0xB9, 0xBD, 0xE5, 0x35, 0xD9, 0xC7, 0x15, 0x5A, 0x3E, 0x29, 0x51, 0x32, 0x3E, 0x20, 0xE9,
    0x0C, 0x6D, 0xD2, 0xB9, 0xBB, 0x2F, 0xE9, 0x64, 0xC0, 0xFF, 0x18, 0x83, 0x5E, 0xD7, 0x24, 0xC0,
    0xC6, 0x59, 0x0F, 0x99, 0x26, 0xCD, 0xE2, 0x8C, 0x3D, 0x78, 0xD3, 0x78, 0x2C, 0xE1, 0x0E, 0xF8,
    0x36, 0x2F, 0xBF, 0xA3, 0x71, 0x60, 0x28, 0x26, 0x07, 0xC0, 0xE5, 0x97, 0xE9, 0x1C, 0x2F, 0x73,
    0x1D, 0xF5, 0x11, 0x9B, 0x31, 0x42, 0xDB, 0xC7, 0x34, 0xE9, 0xFC, 0xC9, 0x8B, 0xF6, 0x5A, 0x2F,
    0x9B, 0x6A, 0x43, 0x78, 0xBF, 0x50, 0xD4, 0x7B, 0xCB, 0x68, 0x95, 0x67, 0x14, 0x6F, 0x08, 0x32,
    0xC9, 0x2A, 0x22, 0x0C, 0xE2, 0xCF, 0xA2, 0xAB, 0x31, 0xC9, 0xCB, 0x6E, 0x99, 0xDF, 0xA9, 0x81,
    0x73, 0xC1, 0xDB, 0x23, 0xFD, 0x1D, 0x72, 0xD3, 0xF8, 0x5E, 0x48, 0xE3, 0x81, 0xC8, 0x1B, 0x74,
    0xA8, 0x38, 0xA5, 0xC9, 0xDF, 0x60, 0x6D, 0xDB, 0x35, 0x40, 0xAA, 0xE7, 0x18, 0xA8, 0xBE, 0xCD,
    0xE4, 0x4C, 0x77, 0xD6, 0xB3, 0xF0, 0xB6, 0x85, 0x18, 0x40, 0x0C, 0xE0, 0x3F, 0x90, 0xB0, 0x8A,
    0xA6, 0xB1, 0x8A, 0x23, 0x1B, 0x0A, 0xB4, 0x1A, 0xAA, 0x1D, 0x4D, 0xD5, 0x8D, 0xB6, 0x1E, 0x7B,
    0xAA, 0xE6, 0xDB, 0xEA, 0xF2, 0xC8, 0x04, 0xFF, 0x1E, 0xF7, 0x14, 0xE8, 0xCE, 0xBA, 0x17, 0x28,
    0x9A, 0xB1, 0xE6, 0xAC, 0x05, 0xB5, 0x21, 0x54, 0x6C, 0xAC, 0x88, 0x0A, 0x71, 0x06, 0x8B, 0x21,
    0x09, 0xEB, 0x2A, 0x2E, 0xD8, 0x61, 0x12, 0x00, 0x3F, 0xC8, 0xE4, 0xDB, 0x16, 0x7F, 0xB1, 0x05,
    0xE0, 0x00, 0xD0, 0xE4, 0x5F, 0x40, 0x0C, 0x45, 0x06, 0xD8, 0x0F, 0x11, 0x0F, 0x60, 0x96, 0xC9,
    0x15, 0x88, 0x76, 0x2C, 0xA7, 0xBD, 0x9E, 0x44, 0xA7, 0xB7, 0xAE, 0x77, 0xB7, 0xEE, 0xA7, 0xDD,
    0x74, 0x82, 0x54, 0x74, 0xBE, 0xEC, 0x32, 0x80, 0xA8, 0x06, 0x08, 0x80, 0x2F, 0xF6, 0x47, 0xC6,
    0xFB, 0xAE, 0x98, 0x2A, 0x1E, 0x23, 0xAF, 0xF7, 0x45, 0xE0, 0x97, 0xCB, 0x40, 0x0A, 0x19, 0xEC,
    0x24, 0x8D, 0xB0, 0x9F, 0x48, 0x77, 0xD0, 0x06, 0x4B, 0x22, 0x30, 0x29, 0xA2, 0xB9, 0xFB, 0xB0,
    0x22, 0x9C, 0xB7, 0x48, 0x9C, 0x68, 0x61, 0x5A, 0x37, 0x77, 0xF2, 0xA1, 0x97, 0x6C, 0x87, 0x52,
    0x84, 0x5E, 0xD6, 0xFC, 0x15, 0xE9, 0xDE, 0x8C, 0x23, 0x2F, 0xED, 0x79, 0xD9, 0xB6, 0x97, 0x6E,
    0x07, 0x49, 0x67, 0x43, 0x8E, 0x5C, 0x33, 0xDF, 0xCC, 0x9C, 0xB7, 0x0A, 0x27, 0xD1, 0x70, 0x83,
    0xC5, 0xE0, 0x52, 0xD4, 0xAD, 0xB7, 0x69, 0x49, 0x71, 0xF7, 0x17, 0x62, 0x64, 0x8F, 0x5C, 0xF4,
    0x14, 0x76, 0x67, 0x50, 0xDC, 0xBA, 0xDA, 0xD8, 0x92, 0x92, 0xAA, 0xFF, 0x1A, 0x13, 0x19, 0x6E,
    0x78, 0x59, 0x14, 0x24, 0x51, 0x28, 0xBD, 0xA6, 0x6C, 0x47, 0x52, 0xF4, 0x9C, 0xBC, 0xE7, 0xA5,
    0xEB, 0xF8, 0x68, 0x51, 0x9A, 0xA3, 0x92, 0xAC, 0x56, 0x21, 0x45, 0xDF, 0x4B, 0x8B, 0xC0, 0xCD,
    0xC2, 0x26, 0x2D, 0x58, 0xEB, 0x18, 0x14, 0xC8, 0xB6, 0x2F, 0x1B, 0xE7, 0xF9, 0x77, 0xD3, 0x09,
    0xB8, 0xA4, 0x20, 0x2A, 0x6F, 0x64, 0xCE, 0xD4, 0xCD, 0xFE, 0x43, 0xE6, 0xFD, 0xFC, 0x85, 0x3B,
    0x29, 0xB4, 0x28, 0xF8, 0x02, 0x24, 0x12, 0x34, 0x5E, 0x65, 0xB0, 0xEA, 0x52, 0xFD, 0xE6, 0xBE,
    0xFE, 0x6D, 0x0A, 0xB3, 0xC5, 0x52, 0x63, 0xD4, 0xC1, 0x6A, 0xF3, 0x6B, 0x51, 0xFB, 0x90, 0xFC,
    0xC7, 0x74, 0xBB, 0xF5, 0x77, 0x21, 0xA6, 0x02, 0x58, 0xE3, 0xAC, 0x5C, 0x3B, 0x6C, 0x93, 0x8D,
    0xC4, 0xBB, 0x9A, 0xB9, 0x2E, 0xEB, 0x47, 0xA0, 0x1A, 0x1E, 0xD0, 0x69, 0xC4, 0x36, 0x88, 0x86,
    0x92, 0x9F, 0x96, 0xC9, 0x50, 0x3E, 0x6A, 0xE5, 0x39, 0x90, 0xCC, 0x1B, 0x79, 0xE9, 0x5C, 0x11,
    0x24, 0x3F, 0x9D, 0x37, 0x70, 0x02, 0xF2, 0x82, 0x14, 0x31, 0xEF, 0x02, 0x3C, 0xF8, 0xF1, 0x55,
    0x59, 0x3C, 0xDF, 0x8F, 0xA3, 0xFE, 0x5B, 0x69, 0xF7, 0xCE, 0x5D, 0xE0, 0x95, 0x11, 0x98, 0x63,
    0xD9, 0xEE, 0xA5, 0x67, 0xE0, 0x77, 0xD7, 0xC4, 0xFF, 0x16, 0xA0, 0x6E, 0x2D, 0x9E, 0x1D, 0x70,
    0xBD, 0x00, 0x9A, 0xDC, 0xCA, 0x77, 0xD2, 0x4F, 0xBC, 0x81, 0xE5, 0xFE, 0x0B, 0x96, 0xFF, 0xB2,
    0xC1, 0xA5, 0x2C, 0x44, 0x84, 0x90, 0xD0, 0xE9, 0x86, 0x23, 0xE7, 0x43, 0x5F, 0xA2, 0xE0, 0xFF,
    0xCA, 0x0A, 0x4C, 0x68, 0xBE, 0x2C, 0xFB, 0x2A, 0x4C, 0x0C, 0xF1, 0xFA, 0x38, 0xF4, 0xE8, 0x93,
    0xD0, 0xA3, 0x6F, 0x40, 0x76, 0xAF, 0xC7, 0xE2, 0xC1, 0x9D, 0x1D, 0x87, 0x2A, 0x2F, 0x2C, 0x1D,
    0x92, 0xE5, 0x68, 0xA5, 0x9B, 0x5F, 0xC9, 0xBA, 0xC9, 0x26, 0x12, 0xB3, 0x53, 0x65, 0xED, 0x3A,
    0xA5, 0x37, 0x61, 0x5A, 0xE4, 0xB1, 0x24, 0x1D, 0xE4, 0x73, 0xA9, 0xCC, 0xE5, 0x9F, 0x4A, 0xE5,
    0x44, 0xF1, 0x5B, 0x89, 0x2C, 0x7C, 0x1F, 0x6B, 0xAC, 0xFC, 0x00, 0xB9, 0xD7, 0xF2, 0x64, 0xEE,
    0x90, 0xE4, 0xE3, 0xA5, 0x73, 0xDD, 0xB4, 0xE8, 0xE6, 0xDD, 0xF8, 0x7A, 0x37, 0x3E, 0x54, 0x76,
    0xAC, 0x00, 0xBF, 0xD3, 0x46, 0xE1, 0x27, 0x67, 0x72, 0x20, 0x83, 0x74, 0x0E, 0x3B, 0x5D, 0x12,
    0xFF, 0x2E, 0x7C, 0xD0, 0x8D, 0x6D, 0x64, 0x93, 0x05, 0x90, 0x45, 0x1E, 0x47, 0xEE, 0x1B, 0xF1,
    0x65, 0xEF, 0x7B, 0xD2, 0x47, 0xE8, 0x2F, 0xA9, 0x6E, 0x65, 0xAA, 0x1D, 0xEB, 0x61, 0xBC, 0xDD,
    0x90, 0x6D, 0x68, 0x38, 0x14, 0xBC, 0xE7, 0xE6, 0x50, 0xD8, 0xAD, 0x30, 0x5E, 0x6F, 0x4A, 0x73,
    0x68, 0xB5, 0x03, 0x39, 0xEE, 0xA6, 0xB4, 0xDE, 0xF8, 0xA3, 0xF8, 0x13, 0xAF, 0x07, 0xE2, 0xFD,
    0xB3, 0x50, 0xBC, 0xB5, 0x45, 0x90, 0x4A, 0x0B, 0x59, 0x85, 0xC1, 0xF6, 0x61, 0xE9, 0x45, 0xDC,
    0x73, 0xDF, 0x48, 0xB7, 0xBC, 0xBB, 0x52, 0xC0, 0xAA, 0x62, 0xBD, 0xC2, 0xF1, 0xAA, 0xF2, 0x48,
    0x75, 0x71, 0x76, 0xE0, 0x3E, 0x1B, 0x63, 0x68, 0xD1, 0x99, 0x6D, 0x1A, 0xFA, 0x10, 0x07, 0xA7,
    0xA0, 0x93, 0xC9, 0xA1, 0xFE, 0x1E, 0x2B, 0x5E, 0x7E, 0xDA, 0xA1, 0xB7, 0xEA, 0xD1, 0x99, 0xD0,
    0x5F, 0x5D, 0x60, 0x2A, 0x4B, 0x48, 0x13, 0x5D, 0xFC, 0x00, 0xC7, 0x5E, 0x75, 0x05, 0x5B, 0xA3,
    0x59, 0x03, 0x0F, 0xFF, 0x83, 0x7B, 0xCE, 0x3D, 0xED, 0x3B, 0x68, 0xB1, 0xAF, 0xA6, 0xF7, 0xC7,
    0x64, 0xA3, 0x07, 0x6B, 0x95, 0x23, 0x15, 0x6C, 0x28, 0xBA, 0xF1, 0x6D, 0x69, 0x7D, 0xFF, 0xCD,
    0xAB, 0xFF, 0x42, 0x96, 0xDF, 0xF4, 0xFF, 0x31, 0xFC, 0xC8, 0x7F, 0x0E, 0x56, 0x16, 0xC5, 0xDB,
    0x0E, 0xFB, 0x91, 0x78, 0xFD, 0xC5, 0x94, 0x8D, 0xC5, 0x6E, 0xBC, 0x05, 0xCA, 0xBA, 0x8A, 0x1F,
    0x06, 0x4E, 0x9E, 0xB4, 0x65, 0xE4, 0x7D, 0x2D, 0x86, 0xE1, 0x79, 0x7F, 0x2A, 0x6B, 0x6E, 0xE6,
    0x83, 0xAB, 0x76, 0xD7, 0x78, 0xD3, 0x48, 0x56, 0x91, 0x82, 0xAF, 0xCA, 0xBF, 0xCB, 0x56, 0x25,
    0xCD, 0xD7, 0x40, 0x70, 0x1F, 0x2F, 0xD6, 0x29, 0x41, 0xEA, 0xBB, 0x78, 0xFD, 0x00, 0x5F, 0xBB,
    0x67, 0x73, 0x14, 0x8B, 0x3D, 0x5D, 0x3A, 0x9F, 0xD8, 0x30, 0xED, 0x84, 0x09, 0xF8, 0xF7, 0x52,
    0x83, 0x53, 0xCF, 0x5A, 0x4A, 0x5F, 0x54, 0x85, 0xD1, 0xA0, 0x14, 0xB8, 0xA6, 0x46, 0x30, 0x03,
    0x0B, 0xA6, 0x0E, 0xAB, 0xEC, 0x71, 0xF2, 0xAA, 0x8D, 0xA9, 0xCD, 0x0E, 0x69, 0x84, 0x19, 0x3E,
    0x8A, 0x42, 0x3A, 0x9D, 0x21, 0x3C, 0x14, 0xF9, 0xAE, 0xDE, 0xA7, 0xC9, 0x23, 0x32, 0x77, 0xF6,
    0x6B, 0x22, 0x6D, 0xD7, 0xAC, 0xFB, 0xB4, 0xCF, 0x21, 0x73, 0xC5, 0xCF, 0x0F, 0x01, 0x49, 0xDD,
    0xBB, 0x13, 0xAE, 0xF9, 0x4B, 0xDF, 0x8D, 0xCB, 0x25, 0x0D, 0xD3, 0xED, 0x31, 0xD0, 0x0D, 0xAB,
    0x8C, 0xDB, 0xE7, 0x8C, 0x1F, 0xE4, 0xF1, 0xC8, 0xCC, 0x12, 0x7B, 0xC8, 0x68, 0x76, 0x83, 0x91,
    0xF7, 0xCA, 0xC2, 0xB2, 0x13, 0x2E, 0x9B, 0xDC, 0x49, 0xBB, 0x42, 0x89, 0x49, 0xA6, 0x3E, 0x99,
    0x26, 0xF3, 0xBF, 0xF9, 0x46, 0xB2, 0x99, 0xDC, 0x47, 0x0C, 0xDF, 0x85, 0x08, 0xCF, 0x1C, 0xC0,
    0x82, 0xA7, 0x38, 0xEF, 0xAF, 0xE1, 0xA4, 0xD3, 0x96, 0x1D, 0x16, 0x93, 0x50, 0x33, 0x0E, 0x59,
    0x3B, 0x1B, 0xF9, 0x71, 0x80, 0x5D, 0x37, 0xF3, 0x45, 0xF9, 0x29, 0x48, 0xD4, 0x4F, 0x60, 0x1F,
    0x57, 0xE1, 0x79, 0x77, 0xC1, 0x81, 0x7F, 0x42, 0xF8, 0xF7, 0x55, 0x7C, 0xFF, 0x8B, 0xA0, 0x8F,
    0x79, 0x79, 0x6E, 0xD1, 0x96, 0xE2, 0x09, 0x37, 0x5D, 0x00, 0x25, 0x49, 0x34, 0x87, 0xD3, 0xB7,
    0x7E, 0x3A, 0x6F, 0x21, 0x39, 0x4B, 0x37, 0x3C, 0xA8, 0xD7, 0x18, 0xE8, 0xE5, 0xC2, 0xFA, 0xA7,
    0x92, 0xF0, 0x64, 0xFF, 0x5F, 0xCB, 0xE9, 0x95, 0xB7, 0x7E, 0xE3, 0x68, 0xF4, 0xD6, 0x7F, 0x3B,
    0x7D, 0xAE, 0x7B, 0x75, 0xDC, 0xC9, 0xAF, 0x78, 0x79, 0x37, 0x99, 0x77, 0x2A, 0x95, 0x3C, 0xD0,
    0x2A, 0x05, 0x57, 0xC9, 0xB9, 0x8A, 0xA9, 0x74, 0x56, 0x1A, 0x5F, 0xF5, 0x17, 0xB7, 0x6D, 0x30,
    0xC4, 0x1F, 0x26, 0x69, 0xB8, 0x13, 0x9F, 0x3D, 0x29, 0x2B, 0xE7, 0x24, 0xFA, 0xD5, 0xE1, 0xB9,
    0x3F, 0x8D, 0xBC, 0x22, 0x82, 0x54, 0x61, 0xC9, 0x90, 0x75, 0xC3, 0x4B, 0xC3, 0x57, 0xC4, 0xB9,
    0x56, 0xFA, 0xAA, 0x10, 0xBE, 0xAA, 0xF9, 0xB3, 0xB9, 0x44, 0x30, 0xB1, 0x75, 0xFF, 0xF5, 0xB4,
    0x08, 0x7F, 0xB7, 0x80, 0x2D, 0xBE, 0x9B, 0xB5, 0xE4, 0x07, 0xD0, 0x87, 0xFF, 0xFE, 0x52, 0xCF,
    0xFB, 0xFA, 0xDC, 0x7A, 0xD8, 0xE8, 0xB5, 0xB7, 0x1A, 0xF9, 0x91, 0xF8, 0x70, 0x79, 0x5A, 0x21,
    0x38, 0x09, 0xE7, 0xE0, 0x14, 0x9C, 0x01, 0x85, 0x6A, 0x49, 0x11, 0xB9, 0x19, 0x43, 0x4F, 0x28,
    0xED, 0xAD, 0xD2, 0x5F, 0xC0, 0xFE, 0xBE, 0x3B, 0xF4, 0x48, 0xDD, 0x80, 0x34, 0x7E, 0x65, 0xE4,
    0xDE, 0xD4, 0x78, 0xA7, 0xB1, 0x60, 0x25, 0x94, 0xCE, 0xB6, 0x1C, 0x8F, 0x2D, 0x2D, 0xFE, 0x28,
    0x2C, 0x9A, 0x73, 0x7F, 0xA9, 0x58, 0x0F, 0xFF, 0x5C, 0x86, 0xD8, 0x79, 0x27, 0x0F, 0xFD, 0x77,
    0xD2, 0x66, 0x78, 0x33, 0x6D, 0x87, 0x88, 0x66, 0x4B, 0x61, 0x3C, 0x8C, 0x42, 0xF8, 0xA5, 0xE0,
    0x02, 0xBC, 0xCB, 0xF7, 0x60, 0x5C, 0x16, 0x26, 0x39, 0xC8, 0xEE, 0xA8, 0xD0, 0x4D, 0x68, 0xFB,
    0x12, 0xB8, 0xD2, 0xA4, 0xB9, 0xDF, 0x8D, 0xC5, 0x81, 0xBF, 0xF0, 0x5E, 0x11, 0x39, 0x09, 0x1D,
    0x58, 0x5F, 0x5D, 0xEB, 0xE6, 0xBF, 0x97, 0x76, 0x93, 0xDB, 0x50, 0x83, 0x79, 0x5A, 0xA6, 0x6C,
    0xA9, 0x72, 0x2C, 0xAA, 0xE6, 0xBA, 0x25, 0xBC, 0x7B, 0xC4, 0x30, 0x79, 0x08, 0x3A, 0xD1, 0xE2,
    0xB4, 0x01, 0x74, 0xF8, 0x85, 0x23, 0xFB, 0x2A, 0x22, 0x85, 0x5A, 0x39, 0x16, 0x81, 0x6D, 0x66,
    0x82, 0x65, 0x14, 0x30, 0x47, 0xB5, 0xEE, 0x32, 0xD6, 0xE2, 0x62, 0xFA, 0x55, 0xE5, 0xD3, 0x31,
    0x53, 0xD5, 0xAC, 0x34, 0x76, 0xD5, 0x76, 0xB0, 0x4D, 0x9E, 0x02, 0x33, 0x3E, 0x0C, 0x99, 0x77,
    0x13, 0xEF, 0xAB, 0x6F, 0xA6, 0xDE, 0x17, 0xBC, 0x34, 0xF8, 0x0C, 0x84, 0xB8, 0x8C, 0x57, 0xE6,
    0x27, 0x8D, 0x34, 0x00, 0x34, 0x61, 0x53, 0xE3, 0x24, 0xD6, 0x3F, 0x8F, 0x6D, 0xB1, 0x1D, 0xD0,
    0x87, 0x2A, 0x64, 0xD6, 0x95, 0x18, 0x37, 0xF2, 0x33, 0x6B, 0x55, 0xCF, 0xC8, 0xA0, 0x9F, 0x50,
    0xDD, 0xE1, 0xAA, 0x5E, 0x20, 0x2D, 0x13, 0x91, 0x47, 0x43, 0x24, 0xBA, 0x4B, 0x27, 0x47, 0xA0,
    0xE1, 0x2A, 0x60, 0x61, 0xF7, 0x4F, 0xA4, 0xA3, 0xE8, 0x94, 0xFF, 0x5C, 0x69, 0x1F, 0xA7, 0x17,
    0xB6, 0x1A, 0x00, 0xEC, 0xF9, 0xF7, 0xD9, 0x51, 0x70, 0x4C, 0x69, 0x6E, 0x58, 0xF6, 0xB5, 0xF4,
    0xDF, 0xF0, 0xB2, 0x00, 0xB9, 0x9D, 0x32, 0x3A, 0xCD, 0x54, 0x3B, 0xAD, 0xF9, 0x0B, 0x16, 0x22,
    0xE7, 0xE0, 0x4E, 0xAD, 0xB6, 0x00, 0xD1, 0x51, 0x56, 0xE1, 0x51, 0x59, 0x5A, 0xA5, 0x77, 0xE9,
    0xC6, 0x7A, 0xE2, 0xFC, 0x21, 0x19, 0xB6, 0x9D, 0xE1, 0x86, 0x5C, 0x3B, 0xFB, 0xD8, 0xE7, 0x2A,
    0xA4, 0x52, 0xDF, 0xBB, 0xB5, 0xBF, 0x0B, 0xC9, 0xD2, 0x29, 0xA0, 0x21, 0xD4, 0xA8, 0x9C, 0x11,
    0xB0, 0x59, 0x7D, 0x59, 0x1A, 0x54, 0xC1, 0x14, 0xC6, 0x15, 0xDA, 0xD2, 0x80, 0xCE, 0xED, 0x84,
    0x36, 0x91, 0xC7, 0x57, 0xFB, 0x6B, 0x0A, 0x2E, 0x2B, 0x6C, 0x53, 0x16, 0x91, 0xE8, 0x55, 0xE4,
    0x53, 0xDC, 0xEA, 0x6F, 0xF1, 0xF0, 0xFA, 0xAB, 0xC0, 0x18, 0xBF, 0xF1, 0xAF, 0xB0, 0xFB, 0xC6,
    0x4B, 0xB9, 0x9C, 0xEC, 0xC0, 0x09, 0x2F, 0xD0, 0x07, 0xAF, 0x01, 0x2D, 0x76, 0xF3, 0xE1, 0x22,
    0xF4, 0xE7, 0xD6, 0x16, 0x74, 0xA4, 0x5A, 0x06, 0x61, 0x47, 0x7C, 0xE2, 0xE5, 0xA3, 0xAB, 0xBC,
    0x72, 0x9F, 0x97, 0xCD, 0x43, 0xA4, 0x96, 0xEF, 0x4C, 0xBE, 0x91, 0x7A, 0x6F, 0x6F, 0x42, 0x43,
    0x08, 0x39, 0x43, 0x19, 0xFA, 0xC9, 0x69, 0xC0, 0x50, 0xD0, 0x52, 0x44, 0x10, 0xF5, 0x7B, 0x39,
    0x14, 0x9F, 0xAB, 0x7C, 0xD4, 0xB6, 0xFF, 0x7A, 0x76, 0x4B, 0xEB, 0x33, 0x7D, 0x63, 0xC8, 0x70,
    0x33, 0x8E, 0xD9, 0x6C, 0x26, 0xDE, 0x9D, 0x2F, 0xA6, 0xFE, 0xAF, 0x63, 0xA1, 0x73, 0x78, 0xAD,
    0xF9, 0xC9, 0x22, 0x75, 0x2D, 0x66, 0x16, 0x79, 0x1A, 0xA7, 0x45, 0xD0, 0xE5, 0x65, 0x29, 0xCE,
    0x64, 0x92, 0x6F, 0xC6, 0x12, 0x9F, 0x2A, 0x51, 0xF5, 0x92, 0x5D, 0xB4, 0x6F, 0x2A, 0x50, 0xEE,
    0xAC, 0x7C, 0x79, 0x20, 0x50, 0xE5, 0x58, 0x0F, 0x47, 0xFE, 0x6A, 0xD8, 0xE9, 0xEF, 0x6D, 0x6D,
    0x1E, 0x14, 0x30, 0xBA, 0xD9, 0x29, 0x7C, 0x71, 0x59, 0xBC, 0xFF, 0xC5, 0xF4, 0xA1, 0x24, 0xF2,
    0xA9, 0x85, 0xEC, 0xC7, 0xA2, 0xF3, 0x93, 0xA0, 0xB3, 0x1F, 0x57, 0xF2, 0xF0, 0x4C, 0x09, 0x42,
    0x39, 0x7B, 0xD1, 0xCC, 0x18, 0x5C, 0x64, 0x44, 0xCF, 0xCB, 0x82, 0x67, 0x99, 0xEE, 0x7A, 0x6F,
    0x4F, 0x6E, 0x14, 0xC1, 0x37, 0xDF, 0xFB, 0x5B, 0xF9, 0x1C, 0xCB, 0x87, 0x0B, 0xB0, 0xA8, 0x74,
    0x1E, 0x86, 0x9C, 0x00, 0x16, 0x53, 0x35, 0xD9, 0x08, 0x0B, 0x81, 0x3A, 0x59, 0x89, 0xE5, 0xF4,
    0x05, 0xDC, 0x57, 0x87, 0x06, 0xAA, 0x95, 0x80, 0x01, 0xB5, 0x7C, 0x84, 0x0F, 0x3C, 0x36, 0x5A,
    0xF7, 0x15, 0x01, 0x88, 0x8D, 0x08, 0x8D, 0x12, 0x22, 0x23, 0xC0, 0xB5, 0x3F, 0x84, 0x35, 0x01,
    0x17, 0x21, 0x8B, 0xEF, 0x37, 0xBF, 0x81, 0xD4, 0xBD, 0x0B, 0x0D, 0x49, 0x22, 0x62, 0xB7, 0x6D,
    0x3F, 0x6D, 0x57, 0x3A, 0xB7, 0x36, 0xD3, 0xB9, 0x3D, 0xFD, 0x4D, 0xD3, 0x11, 0x09, 0x8B, 0x97,
    0x5F, 0xFE, 0x85, 0xDC, 0x16, 0xF7, 0x4C, 0xF1, 0x6B, 0x54, 0x9A, 0xE2, 0xA0, 0xF4, 0x05, 0xDD,
    0xB2, 0x3A, 0x16, 0x26, 0xEB, 0xD6, 0x38, 0xEF, 0x64, 0x65, 0xFB, 0xCD, 0x90, 0xE8, 0xDD, 0xD7,
    0x3C, 0x12, 0x5F, 0xF9, 0xBC, 0x69, 0xF1, 0x41, 0xD2, 0x59, 0x5B, 0x6A, 0x4D, 0xBE, 0xAA, 0xCB,
    0x57, 0xB5, 0xF9, 0xAA, 0x3E, 0x5F, 0xD9, 0xE8, 0xAB, 0x3A, 0x7D, 0x55, 0xAB, 0x4F, 0x66, 0xBD,
    0x3E, 0x53, 0xAD, 0xE9, 0xDE, 0xB8, 0xB1, 0x4B, 0x49, 0x10, 0x71, 0xBA, 0xB9, 0x19, 0x19, 0xD3,
    0xEB, 0x6D, 0xD2, 0xAB, 0x3B, 0xDF, 0xA6, 0x56, 0xFA, 0xE7, 0x2F, 0x6B, 0x9F, 0xA4, 0xCF, 0x8C,
    0x68, 0x7D, 0x6B, 0x1E, 0x19, 0xD1, 0xD6, 0xAD, 0x3E, 0x54, 0xA1, 0x40, 0x14, 0x38, 0x2B, 0xC9,
    0xA1, 0x5A, 0xFD, 0x77, 0xC2, 0xD0, 0x10, 0x66, 0x8D, 0xF4, 0xCF, 0x83, 0xA8, 0xCD, 0xD4, 0xCB,
    0x1A, 0xC0, 0x3D, 0x5E, 0xDE, 0x04, 0x32, 0x77, 0xF3, 0xB6, 0xCF, 0x72, 0x7A, 0xA4, 0x4D, 0x84,
    0x01, 0x2B, 0x44, 0xC5, 0x88, 0xD7, 0xDA, 0xF8, 0x7F, 0x64, 0x98, 0xFF, 0xBE, 0x94, 0x5D, 0x57,
    0xCB, 0x27, 0xC5, 0xBE, 0xA6, 0x1E, 0x6D, 0x27, 0x53, 0x1A, 0xB3, 0xDA, 0x92, 0x1A, 0xF7, 0xE3,
    0xF6, 0x2C, 0x0E, 0xE3, 0xB0, 0x39, 0xCD, 0xDD, 0x62, 0xE7, 0xC6, 0x74, 0x5A, 0x8C, 0xA5, 0x71,
    0xFF, 0xF1, 0x7B, 0x16, 0x7B, 0x13, 0x8B, 0xEE, 0xCD, 0x61, 0xF7, 0xED, 0x0F, 0x48, 0x2C, 0x4E,
    0x75, 0xC1, 0xF0, 0x09, 0x14, 0xC1, 0x9F, 0x60, 0x5B, 0x73, 0x94, 0xC8, 0x2A, 0xB7, 0xA6, 0x4D,
    0x04, 0x56, 0x5D, 0x7D, 0xCA, 0xEE, 0x24, 0xD9, 0xBF, 0xCA, 0x1D, 0x82, 0xBF, 0x21, 0xD3, 0xF4,
    0x90, 0xF1, 0xAD, 0x71, 0x92, 0xD7, 0x62, 0xC1, 0xB4, 0x49, 0xEF, 0x40, 0xCF, 0x6D, 0x36, 0xDE,
    0xAE, 0x0A, 0xA9, 0xF3, 0xD5, 0x8C, 0x10, 0xC0, 0x4A, 0x08, 0x48, 0xF6, 0xB3, 0xD9, 0x75, 0xAC,
    0x0F, 0xA4, 0x7B, 0x35, 0x16, 0xF8, 0x1C, 0x5D, 0x63, 0x09, 0x41, 0x39, 0x82, 0xF1, 0xAE, 0x43,
    0x1D, 0xA8, 0x5B, 0x13, 0x9B, 0x10, 0xCB, 0x36, 0x05, 0x3C, 0x60, 0xE3, 0xAF, 0xA1, 0xFD, 0xF8,
    0xAB, 0xE4, 0x73, 0x92, 0x3C, 0x43, 0xCA, 0xE7, 0xC1, 0xA6, 0xDF, 0x85, 0xBC, 0xBF, 0x82, 0xD7,
    0x2A, 0xA4, 0xB9, 0x8A, 0xAF, 0x2F, 0x2C, 0xCB, 0x13, 0xED, 0x6A, 0x86, 0x59, 0x9E, 0xFB, 0xDE,
    0xEE, 0x78, 0x4F, 0x6F, 0xF7, 0x4A, 0xE9, 0x52, 0x67, 0xA9, 0x4E, 0xE9, 0x2E, 0x7C, 0xA3, 0x4E,
    0x73, 0xFB, 0xCA, 0x53, 0xF4, 0xF4, 0x4F, 0x56, 0x1E, 0x88, 0x67, 0xC9, 0x45, 0x64, 0xBC, 0xAD,
    0x63, 0x13, 0x8B, 0x2B, 0xD6, 0x2D, 0xD7, 0xBC, 0xF2, 0x6C, 0xD8, 0x81, 0x8A, 0xF3, 0x91, 0xF7,
    0xFF, 0x06, 0x5D, 0xC8, 0x78, 0xCF, 0xE4, 0x8B, 0x0E, 0x4B, 0xD0, 0x2B, 0x07, 0x35, 0xAF, 0xDC,
    0xF8, 0x60, 0xAF, 0xEC, 0xEE, 0xF3, 0xCA, 0xC0, 0xAC, 0xF0, 0x28, 0x3A, 0x34, 0x63, 0xC6, 0x35,
    0x5B, 0xD3, 0x62, 0xA5, 0x27, 0xD7, 0xB7, 0x84, 0x19, 0x73, 0x5E, 0xE2, 0x9E, 0x2F, 0xE4, 0xC1,
    0xF6, 0x30, 0xA4, 0xB9, 0x0D, 0x0D, 0x42, 0x8F, 0x82, 0xB8, 0xB3, 0x5E, 0x5A, 0xDD, 0xBE, 0x06,
    0x5E, 0xF6, 0x40, 0x03, 0xEF, 0x3F, 0xB1, 0x81, 0xF7, 0xEB, 0x6C, 0xE0, 0x5D, 0x60, 0x83, 0xC7,
    0xBB, 0xC9, 0xEE, 0x11, 0xE8, 0xED, 0xDC, 0xC8, 0xB8, 0xC1, 0xEB, 0xE4, 0xE0, 0x32, 0x09, 0x5C,
    0xF9, 0x61, 0x0D, 0xBC, 0xC7, 0xCF, 0xFF, 0xFF, 0x80, 0xF9, 0xFF, 0x55, 0xE6, 0xFF, 0x17, 0x66,
    0xF9, 0x3F, 0x61, 0xF4, 0x5F, 0xC7, 0x61, 0x9B, 0x0A, 0x5A, 0x48, 0xFA, 0x08, 0xF9, 0xBF, 0xB5,
    0x8E, 0xC4, 0x0C, 0x44, 0x5A, 0xB7, 0x68, 0x66, 0x79, 0x4C, 0xA5, 0xD8, 0x8E, 0xEE, 0x0D, 0xA4,
    0xEA, 0x43, 0x1A, 0x7D, 0x72, 0x8B, 0x9A, 0x87, 0xCD, 0x6A, 0x1E, 0x36, 0xDD, 0xEF, 0x61, 0x5B,
    0xB5, 0xEE, 0x5B, 0x6D, 0x31, 0x33, 0x21, 0xBB, 0x39, 0x4D, 0xEB, 0x74, 0x88, 0xC1, 0xE3, 0x73,
    0xE2, 0xDC, 0x1C, 0x03, 0x82, 0x5D, 0x34, 0xFA, 0x61, 0x61, 0x7E, 0x85, 0x24, 0xED, 0x60, 0xEA,
    0x5C, 0x0D, 0x4C, 0x9D, 0x39, 0xD8, 0x20, 0x12, 0xC7, 0x35, 0xE5, 0xD5, 0x6F, 0x5E, 0x7C, 0xFC,
    0x41, 0xA4, 0x9D, 0xC4, 0x7B, 0x33, 0x73, 0x75, 0xE4, 0x0B, 0x56, 0xFC, 0xF1, 0x9D, 0x64, 0x73,
    0xCA, 0x21, 0x24, 0x90, 0x3B, 0x74, 0x65, 0xF7, 0xEF, 0xC9, 0x66, 0xE5, 0xB9, 0x1F, 0x8D, 0xA4,
    0xEF, 0x73, 0xE0, 0x72, 0xB2, 0x43, 0x7F, 0x08, 0xF2, 0x42, 0x2A, 0x97, 0x4E, 0x5D, 0x36, 0x6C,
    0xF7, 0x88, 0x73, 0x9E, 0x38, 0x6C, 0x90, 0xF8, 0x01, 0xEB, 0x60, 0x30, 0xC2, 0x14, 0x24, 0x29,
    0xA7, 0x3B, 0x25, 0x6F, 0x9D, 0x6A, 0x60, 0xBB, 0x59, 0x96, 0xD3, 0x35, 0x3D, 0x7F, 0x71, 0x67,
    0x28, 0x8D, 0x6F, 0xB2, 0xD7, 0xBC, 0x06, 0xD6, 0x5D, 0x52, 0xD6, 0x9D, 0x47, 0x18, 0xEB, 0xBC,
    0x99, 0xCA, 0x0E, 0x76, 0x00, 0xB0, 0xEC, 0x20, 0x5D, 0xF1, 0xB2, 0x50, 0x88, 0x8B, 0x9D, 0x8A,
    0xAF, 0x97, 0x4D, 0xC1, 0xD7, 0x26, 0x4A, 0x5B, 0x20, 0x7E, 0x27, 0x2F, 0x01, 0xFB, 0x73, 0x38,
    0x88, 0xE4, 0xED, 0x1F, 0x44, 0x6A, 0x59, 0x3B, 0xB6, 0x18, 0x49, 0xE9, 0xAA, 0xF5, 0x10, 0xCB,
    0x26, 0xA2, 0xB9, 0x83, 0xA0, 0xFC, 0xF9, 0x91, 0xD5, 0x78, 0x47, 0x5A, 0xE3, 0x5D, 0xAB, 0x79,
    0xE1, 0x42, 0xF6, 0x55, 0x87, 0xCC, 0x64, 0x62, 0xD9, 0xD1, 0xF8, 0x51, 0x0E, 0x4C, 0x6D, 0x99,
    0x91, 0x56, 0x3B, 0x66, 0x6C, 0x94, 0x61, 0x64, 0x02, 0x63, 0xB7, 0x06, 0x5D, 0x11, 0xBF, 0x56,
    0xDB, 0x72, 0x66, 0x89, 0xF2, 0x06, 0x98, 0x06, 0x22, 0xF9, 0x09, 0x33, 0xD8, 0xB1, 0xCD, 0xB6,
    0xBA, 0x93, 0x85, 0x77, 0x63, 0xB6, 0x3C, 0xB4, 0xBF, 0xAB, 0x0E, 0x90, 0x5A, 0xBB, 0xDE, 0xAF,
    0xAF, 0xF1, 0xB4, 0x46, 0x88, 0xBA, 0xB5, 0x11, 0xA2, 0x86, 0xF6, 0x58, 0x42, 0x1D, 0x21, 0xF2,
    0x77, 0x6B, 0x3E, 0xC9, 0xB8, 0x94, 0xAD, 0x1A, 0x8F, 0x73, 0x5B, 0x2E, 0x96, 0x03, 0x26, 0x56,
    0x63, 0x24, 0x56, 0xEB, 0x56, 0xF7, 0x6B, 0x19, 0x46, 0xA3, 0x86, 0x92, 0x4E, 0x71, 0xC7, 0x4C,
    0x11, 0x27, 0x42, 0x62, 0x06, 0x32, 0x77, 0x14, 0x44, 0xC6, 0xD4, 0xAA, 0x22, 0x5B, 0xE1, 0x8E,
    0x53, 0x9E, 0xF5, 0xC6, 0xD7, 0xC0, 0x24, 0xEF, 0x6B, 0xAF, 0xE8, 0x8E, 0x87, 0xBA, 0x63, 0x9D,
    0xF3, 0x99, 0x23, 0xE9, 0x8D, 0x13, 0xD4, 0xEE, 0xE6, 0x82, 0x36, 0xC5, 0xCF, 0xD1, 0x8E, 0x7B,
    0xF3, 0xF4, 0x9E, 0xDB, 0x6A, 0xC0, 0x43, 0x3B, 0xB2, 0xC5, 0x1E, 0x3D, 0xF0, 0x93, 0x09, 0x6B,
    0x1F, 0xB5, 0xBB, 0x71, 0xC6, 0xAD, 0x3C, 0x18, 0x7F, 0xE2, 0xDB, 0x4B, 0xE2, 0xFD, 0x61, 0x5F,
    0xBC, 0x7F, 0x0E, 0xAF, 0x01, 0x30, 0xC2, 0x19, 0xCE, 0xF0, 0x57, 0x33, 0x39, 0xDD, 0x2F, 0xE6,
    0xCF, 0xE7, 0xC5, 0x5A, 0x24, 0xB7, 0xD3, 0x15, 0x30, 0x71, 0x9E, 0x69, 0x27, 0x9B, 0x7A, 0xD0,
    0xB2, 0x1D, 0x05, 0x21, 0x3D, 0x2B, 0xA7, 0xD5, 0x33, 0x88, 0xBD, 0x17, 0xFB, 0xEA, 0x07, 0x33,
    0x95, 0x13, 0xE9, 0xCD, 0x55, 0x4E, 0x19, 0x59, 0xE0, 0xEB, 0x6C, 0x71, 0x60, 0xE4, 0x74, 0x61,
    0x26, 0xA7, 0x96, 0x95, 0x93, 0xC9, 0xF9, 0xBB, 0x2A, 0x8C, 0x86, 0xE9, 0xE4, 0xA6, 0xF4, 0xEC,
    0x41, 0x0E, 0xAA, 0x13, 0x6F, 0x52, 0x8E, 0x7A, 0xB1, 0x80, 0xD4, 0x4D, 0x8C, 0xEA, 0xD6, 0x5C,
    0x37, 0x42, 0xB2, 0x20, 0x26, 0x33, 0x28, 0x23, 0x2A, 0x37, 0x52, 0x81, 0x8C, 0x5C, 0xC8, 0xC8,
    0xFB, 0xBA, 0x91, 0x11, 0x75, 0x2A, 0xB4, 0x32, 0x5A, 0x84, 0x8C, 0xA2, 0xFD, 0xC9, 0x2F, 0xB9,
    0x72, 0xD1, 0x01, 0xF5, 0x00, 0x29, 0x19, 0x32, 0xA1, 0x91, 0xC7, 0xC4, 0x7B, 0xFE, 0x38, 0xC8,
    0x59, 0x53, 0xB5, 0xC9, 0x75, 0xE6, 0x53, 0x07, 0x45, 0x02, 0x8D, 0x57, 0x91, 0xE6, 0x43, 0x9A,
    0x23, 0xDC, 0xD5, 0x16, 0xDB, 0xE7, 0x54, 0x22, 0xB1, 0x1A, 0x96, 0xEA, 0x5D, 0xCB, 0xB6, 0xAB,
    0xCD, 0xA4, 0x31, 0x3D, 0x8D, 0x76, 0xF6, 0xE1, 0x5F, 0xA0, 0x32, 0xAD, 0x69, 0x6A, 0xE1, 0x91,
    0x4D, 0x5C, 0xBD, 0x09, 0x20, 0x51, 0xB8, 0x73, 0x67, 0x2A, 0x67, 0xFD, 0x9F, 0x8B, 0x65, 0x25,
    0x20, 0x98, 0x0C, 0xC1, 0xD2, 0x73, 0x61, 0x66, 0xAB, 0x5D, 0x84, 0x70, 0x9C, 0x08, 0x83, 0x14,
    0xFA, 0xD1, 0x02, 0x3B, 0x92, 0x7D, 0xD6, 0x23, 0x40, 0x54, 0x7C, 0xF8, 0x09, 0xC6, 0xB6, 0x82,
    0x03, 0x8E, 0x6D, 0x15, 0x7B, 0xC6, 0xB6, 0x86, 0xE5, 0x5C, 0x60, 0x77, 0xBA, 0xA7, 0xD9, 0xDE,
    0x7E, 0xD8, 0xA8, 0x74, 0x5F, 0x66, 0x06, 0x56, 0x2B, 0xD9, 0x3C, 0x52, 0x53, 0x25, 0xB9, 0xEC,
    0xDD, 0x95, 0x3E, 0x54, 0x62, 0xDE, 0xF9, 0xAB, 0xD6, 0x01, 0x5B, 0x9C, 0x48, 0x8A, 0x98, 0xBE,
    0xCF, 0x40, 0x49, 0x60, 0xB8, 0x41, 0xE8, 0xA5, 0xEC, 0x88, 0x2C, 0x3F, 0xCE, 0x59, 0xB2, 0xE7,
    0x4B, 0x8E, 0x94, 0x2C, 0x29, 0x79, 0x52, 0x32, 0xA5, 0xE4, 0x4A, 0xC9, 0x96, 0x92, 0x2F, 0x25,
    0x63, 0x4A, 0xCE, 0x94, 0xAC, 0x29, 0x79, 0x63, 0x99, 0x53, 0x72, 0x47, 0xD9, 0x33, 0x94, 0x07,
    0xC7, 0xDA, 0xEC, 0xC6, 0xDD, 0x69, 0xDE, 0x28, 0x82, 0x6F, 0xE5, 0xDC, 0x7A, 0xCA, 0xBD, 0x27,
    0xDC, 0xBC, 0xEE, 0x5E, 0xB7, 0xAF, 0xFB, 0x57, 0x06, 0x08, 0xDB, 0x4A, 0xC2, 0xBE, 0x92, 0x36,
    0x96, 0x6A, 0xFD, 0xB0, 0x6A, 0x6C, 0x8D, 0xDB, 0xD8, 0x65, 0xB2, 0x68, 0xC8, 0x2A, 0xF1, 0x81,
    0xED, 0xE3, 0x94, 0x23, 0x56, 0x06, 0xCD, 0xE5, 0xD5, 0xFC, 0x82, 0x7F, 0xE7, 0xB7, 0x35, 0x1A,
    0x04, 0xF7, 0x6E, 0x6A, 0x9F, 0x3B, 0x4C, 0xCC, 0x5D, 0x24, 0x21, 0xBF, 0xD4, 0xD0, 0xF9, 0x0B,
    0x0E, 0x70, 0xB0, 0x6C, 0x91, 0x9B, 0x42, 0x25, 0x7E, 0x6B, 0x25, 0x12, 0xF9, 0xEC, 0x36, 0x2F,
    0x13, 0xF0, 0x76, 0x16, 0x1D, 0xD2, 0x84, 0x26, 0x78, 0x23, 0x9C, 0x04, 0x87, 0x83, 0x7F, 0xE5,
    0xB0, 0x45, 0xBB, 0xAA, 0x19, 0x4A, 0xAD, 0x7F, 0x72, 0xC6, 0xF4, 0x4E, 0xA4, 0xED, 0x9B, 0x38,
    0x60, 0x26, 0xA8, 0x4C, 0xF2, 0x5C, 0x75, 0xC2, 0xB4, 0x15, 0x26, 0xEC, 0x85, 0xB1, 0x19, 0x16,
    0xC4, 0xDE, 0xE5, 0xC5, 0x9D, 0x34, 0xC8, 0x3B, 0x77, 0xB2, 0x30, 0xED, 0x7A, 0x59, 0x2B, 0x1E,
    0x78, 0x69, 0x47, 0x0A, 0x3F, 0x45, 0xCE, 0x1B, 0xC4, 0x5B, 0x84, 0x1E, 0x08, 0x15, 0x8B, 0x12,
    0x3B, 0x46, 0xF1, 0x56, 0x2B, 0xA5, 0xD3, 0xDD, 0x26, 0xB6, 0x8F, 0xD2, 0x27, 0xF2, 0x50, 0x34,
    0x66, 0xE7, 0x8C, 0x5F, 0xE6, 0x45, 0x3F, 0xFB, 0x0E, 0x24, 0xE4, 0x0F, 0xA9, 0xC0, 0x5D, 0x45,
    0xFD, 0x63, 0xF2, 0x9F, 0xC1, 0xE5, 0xA8, 0x45, 0xA5, 0xAD, 0x44, 0x3E, 0x8B, 0xAC, 0x00, 0x5E,
    0xAD, 0x40, 0x7C, 0x07, 0xDC, 0x07, 0x9F, 0x7B, 0x08, 0x1D, 0x63, 0xBC, 0x1B, 0xC9, 0x18, 0xAC,
    0x1D, 0xCA, 0x00, 0x8C, 0xC5, 0xE7, 0x40, 0xF7, 0x60, 0x97, 0xC7, 0x41, 0x71, 0x96, 0x6E, 0xE8,
    0xFD, 0xB2, 0xF3, 0x08, 0xB5, 0xDF, 0x79, 0xEF, 0xAD, 0x9C, 0xD8, 0x7D, 0xB2, 0x67, 0xAF, 0x0D,
    0x6C, 0x7E, 0xAB, 0x63, 0xCD, 0xF1, 0x9C, 0x34, 0xDC, 0xBB, 0x71, 0x3B, 0xF4, 0xD2, 0x68, 0x09,
    0xAF, 0x08, 0xB0, 0x27, 0x0A, 0x24, 0x8A, 0xE6, 0xE6, 0x1B, 0xD1, 0xAF, 0xA5, 0x3E, 0x2B, 0x3B,
    0x3F, 0x71, 0xED, 0xD9, 0x4C, 0xED, 0x05, 0x49, 0x99, 0x57, 0x9C, 0xAF, 0xD6, 0xD2, 0x91, 0x2A,
    0x85, 0x0F, 0x7F, 0x10, 0x97, 0x28, 0xBC, 0xD2, 0xE8, 0x89, 0xCC, 0xCD, 0x19, 0x6B, 0x73, 0xB4,
    0xC2, 0xED, 0xE9, 0x3C, 0x97, 0x76, 0xA2, 0xAF, 0xF9, 0x6F, 0xA6, 0x74, 0xE8, 0x85, 0x96, 0xA2,
    0x13, 0xB5, 0x38, 0xB5, 0x92, 0xED, 0xDC, 0x62, 0x81, 0xA7, 0x38, 0x1F, 0xA8, 0x31, 0x47, 0x53,
    0x85, 0x46, 0xD5, 0xD1, 0x99, 0xED, 0x2B, 0x7A, 0xC8, 0xDD, 0x1C, 0x4F, 0xDA, 0xAC, 0xBC, 0xAB,
    0xCD, 0xCA, 0x5D, 0x6D, 0x56, 0xFE, 0x95, 0x9A, 0x2B, 0x5C, 0x9D, 0xC1, 0x0D, 0x63, 0x01, 0xCA,
    0xE3, 0xCA, 0x77, 0x85, 0xD3, 0x74, 0x73, 0x0C, 0xD9, 0xC0, 0xF9, 0x0F, 0x48, 0xE1, 0x06, 0x4F,
    0xE8, 0xD0, 0x88, 0xBB, 0xAE, 0xA6, 0xF6, 0xFC, 0xCE, 0x67, 0xC4, 0xB4, 0xC0, 0xCD, 0xBD, 0x93,
    0x41, 0x5A, 0xF2, 0xE0, 0x61, 0x37, 0xC2, 0x91, 0x07, 0xCE, 0xB8, 0xDA, 0x7E, 0x35, 0x33, 0x5D,
    0x78, 0x88, 0x20, 0x61, 0x4E, 0x75, 0x0B, 0xE2, 0x65, 0xBC, 0x32, 0x09, 0x5E, 0x62, 0x5D, 0x03,
    0x36, 0xF0, 0x0F, 0xF1, 0xFA, 0x47, 0xA2, 0x43, 0x1B, 0x9E, 0xCD, 0xC1, 0x7D, 0x1B, 0x78, 0x6B,
    0xD5, 0xF7, 0xB2, 0xB2, 0xCD, 0xA1, 0x11, 0x39, 0x2C, 0x07, 0xDE, 0x40, 0xA0, 0x9D, 0xD3, 0xC7,
    0xDD, 0x80, 0x37, 0xC5, 0x77, 0xC6, 0xC0, 0x4F, 0x43, 0x60, 0x83, 0x2D, 0xE6, 0x16, 0x27, 0x4D,
    0x7E, 0xB1, 0xCD, 0x4A, 0x0C, 0x10, 0xF8, 0x3A, 0xBE, 0xBD, 0x99, 0x18, 0xA5, 0xB5, 0x8D, 0xA1,
    0x4D, 0xF8, 0xC8, 0x8F, 0xBC, 0x17, 0x57, 0x88, 0xAC, 0x4C, 0x06, 0x75, 0xDE, 0xF1, 0xE2, 0xB3,
    0x9F, 0x9D, 0x4C, 0x74, 0x76, 0x72, 0x6C, 0xBA, 0xA6, 0xFB, 0x41, 0xBE, 0xB9, 0x9D, 0xCC, 0x4D,
    0x67, 0x99, 0xF5, 0xA3, 0x37, 0x7A, 0xD3, 0x59, 0xA3, 0x97, 0x35, 0x95, 0x66, 0x2D, 0xD1, 0x5D,
    0x9F, 0xC5, 0x4B, 0xDA, 0x5B, 0x62, 0x52, 0x5F, 0x86, 0x8F, 0xE9, 0xC4, 0xCD, 0x37, 0x1C, 0x20,
    0x5D, 0x2F, 0x1E, 0x08, 0xF2, 0xC2, 0xE3, 0x30, 0x1D, 0xBD, 0x3B, 0xA6, 0xD0, 0x58, 0x47, 0x1B,
    0x6C, 0x9B, 0x6A, 0x40, 0x64, 0x36, 0x3B, 0x10, 0x8B, 0x34, 0xF5, 0xAA, 0x85, 0xCA, 0x50, 0xA7,
    0x33, 0x4C, 0xC2, 0xD0, 0x32, 0x0C, 0xEE, 0x98, 0x6F, 0x45, 0xE6, 0x9A, 0x3D, 0x23, 0xE9, 0x91,
    0x1A, 0x2C, 0xCD, 0xB2, 0x7B, 0xCD, 0x4C, 0xEB, 0x99, 0xA8, 0xE0, 0xD9, 0x5A, 0x53, 0x5E, 0x2F,
    0x39, 0x99, 0x64, 0x4F, 0xFC, 0x5A, 0xAD, 0x83, 0x3F, 0xBF, 0xDC, 0x17, 0x97, 0x63, 0x49, 0x37,
    0xE2, 0x83, 0xF5, 0x2A, 0xFE, 0xEC, 0x56, 0xF6, 0xD3, 0x9A, 0x09, 0xDD, 0xD5, 0xF2, 0x4D, 0x52,
    0x7A, 0xD4, 0x99, 0xAE, 0xCF, 0x1C, 0xD1, 0xDA, 0xE3, 0x36, 0xD3, 0x6F, 0x19, 0xA4, 0xEB, 0xAC,
    0xCE, 0x12, 0x0F, 0x29, 0x1E, 0x4C, 0x3C, 0x00, 0x89, 0xB0, 0xA9, 0x14, 0xAA, 0xAD, 0xB3, 0x41,
    0x61, 0x9C, 0xB0, 0xB9, 0x89, 0x20, 0xDA, 0x72, 0x38, 0x83, 0xE5, 0x25, 0x3D, 0xAC, 0xCF, 0xA0,
    0x7E, 0xDF, 0x41, 0x30, 0x51, 0x50, 0x71, 0xF2, 0xD3, 0x90, 0xC6, 0x02, 0x05, 0x7E, 0x8E, 0xAB,
    0xAD, 0x50, 0xD8, 0xF3, 0xFB, 0x6E, 0xBC, 0xDD, 0xDC, 0x5F, 0x04, 0x77, 0x46, 0x6E, 0x16, 0x00,
    0xD8, 0x35, 0xDF, 0x0A, 0x92, 0x9F, 0x7A, 0x3D, 0x14, 0xFF, 0x4B, 0x1D, 0x09, 0xBE, 0x04, 0x60,
    0x3F, 0x8D, 0x10, 0x33, 0xE0, 0xFE, 0x56, 0x8A, 0x58, 0xFE, 0xC2, 0x5B, 0xE0, 0x1A, 0xBB, 0xC8,
    0xA3, 0xD9, 0x6D, 0x9D, 0x66, 0x9C, 0x52, 0x21, 0xEC, 0xBE, 0xB1, 0xF5, 0x5A, 0x59, 0xEF, 0xF7,
    0x89, 0xED, 0x27, 0x48, 0x6B, 0x74, 0xAA, 0x31, 0x8C, 0xB5, 0x97, 0xAA, 0xF7, 0x94, 0x7A, 0x1C,
    0x30, 0xD4, 0xBB, 0xD3, 0x43, 0x73, 0x63, 0xA9, 0x10, 0x90, 0x40, 0xD1, 0xBA, 0xB0, 0xFE, 0xBF,
    0x5C, 0x52, 0xF8, 0x90, 0xFE, 0x9C, 0xC2, 0x84, 0x27, 0xEC, 0xCF, 0x1D, 0x13, 0xF9, 0x08, 0xEF,
    0xC9, 0x0E, 0xA6, 0xBC, 0xB9, 0xF6, 0x36, 0xB2, 0x95, 0x3E, 0xCB, 0xD6, 0xE9, 0xF5, 0x90, 0xE8,
    0xF2, 0x12, 0x0D, 0x22, 0x5F, 0xD9, 0x60, 0x8D, 0x7F, 0x6E, 0xF7, 0xE5, 0x97, 0x3F, 0x9B, 0xBA,
    0x93, 0x1B, 0x37, 0x6E, 0x94, 0x95, 0xB0, 0xFA, 0x31, 0xAF, 0x1D, 0xAB, 0xCF, 0x57, 0xD4, 0x04,
    0xB5, 0x64, 0xCB, 0x3F, 0x75, 0xD4, 0x3D, 0x99, 0xB4, 0x50, 0x27, 0x19, 0xB5, 0xA4, 0xE2, 0x4C,
    0xA5, 0x07, 0xA0, 0xD4, 0x8F, 0x42, 0x24, 0x45, 0x4B, 0xB2, 0xF2, 0x6E, 0xAE, 0x05, 0xE6, 0xAA,
    0x81, 0xAA, 0xAE, 0x62, 0x4D, 0xFC, 0x37, 0x6C, 0x99, 0xF6, 0x17, 0xCB, 0x3B, 0xBC, 0xC5, 0x4C,
    0x38, 0xE2, 0x4A, 0x5D, 0x2D, 0xE8, 0xBD, 0xC0, 0xDD, 0xFC, 0x6D, 0xB3, 0x9B, 0xF1, 0x43, 0x76,
    0xB3, 0x56, 0xDB, 0x4D, 0x88, 0x7D, 0xDC, 0x7C, 0x8C, 0xDD, 0xB8, 0xF5, 0xDD, 0x8C, 0xED, 0x6E,
    0x78, 0x47, 0x4C, 0x70, 0x7F, 0x38, 0x43, 0x8C, 0x2B, 0xB5, 0x94, 0xA1, 0x96, 0x31, 0x38, 0xF9,
    0xBA, 0xDE, 0xDD, 0xE1, 0x65, 0xC3, 0xBA, 0x53, 0x7C, 0xEC, 0x9D, 0xFF, 0xB1, 0x68, 0x5F, 0x5E,
    0x47, 0x11, 0x93, 0xBD, 0xB7, 0x9F, 0x3E, 0x85, 0x5B, 0xDB, 0x2D, 0x02, 0x88, 0xAD, 0x9B, 0x32,
    0x8E, 0x6D, 0x6C, 0x2F, 0x7C, 0xE5, 0xDF, 0xDA, 0xEA, 0x4D, 0xFE, 0x63, 0x76, 0x7F, 0x9E, 0xC2,
    0x97, 0x4B, 0x0A, 0x3F, 0x34, 0x32, 0x7E, 0x41, 0x07, 0x67, 0x26, 0x4F, 0xA3, 0x14, 0x56, 0x1F,
    0x77, 0x3C, 0x50, 0xC1, 0x48, 0x4B, 0x10, 0xEF, 0x68, 0x5B, 0x54, 0xE1, 0x7C, 0x43, 0xA5, 0xD9,
    0x54, 0xED, 0x6B, 0x6B, 0x58, 0xEB, 0xE9, 0xFB, 0x6D, 0x3B, 0x96, 0xCB, 0xCC, 0x70, 0x44, 0xD5,
    0x81, 0x24, 0x6D, 0xDB, 0xAF, 0x76, 0x2B, 0x70, 0xA4, 0x65, 0x38, 0x65, 0xFF, 0x3D, 0x15, 0xE6,
    0x6E, 0x95, 0xB6, 0xD8, 0x52, 0xD1, 0x37, 0x60, 0x25, 0x65, 0xA9, 0xE8, 0x7D, 0x73, 0x83, 0x6C,
    0x88, 0x95, 0x4F, 0x6B, 0x46, 0x5B, 0xB0, 0x7D, 0x0B, 0x0D, 0x2F, 0xE0, 0x98, 0xF3, 0x59, 0x65,
    0x3A, 0xB0, 0xE1, 0x68, 0xDD, 0xF8, 0xA1, 0x30, 0x9E, 0x85, 0xA2, 0x0F, 0xF7, 0x4E, 0xB7, 0x3F,
    0x66, 0xEB, 0xCC, 0x27, 0x54, 0x39, 0x66, 0x2B, 0x81, 0x25, 0xDE, 0xB1, 0xF8, 0xB5, 0x6C, 0x08,
    0x45, 0x0F, 0x29, 0x87, 0x3E, 0xD2, 0xD4, 0xE6, 0x51, 0x59, 0x8E, 0x56, 0xBB, 0xF9, 0x95, 0xA2,
    0x9B, 0x6C, 0x66, 0xC7, 0xE4, 0x27, 0x6B, 0x98, 0xB3, 0x6D, 0xAC, 0x8A, 0x58, 0xF1, 0xD4, 0x87,
    0x53, 0xEF, 0x18, 0xD4, 0xEB, 0x1D, 0xFC, 0x00, 0xF9, 0xBC, 0x9B, 0xD7, 0xB9, 0x60, 0xA1, 0x4A,
    0x60, 0x7C, 0xD6, 0x49, 0xFD, 0x75, 0xFB, 0xB2, 0x88, 0xD4, 0xA7, 0x82, 0x5A, 0x12, 0xC1, 0x9A,
    0xD7, 0x5D, 0x5B, 0xD5, 0x40, 0x4E, 0x9F, 0xC9, 0x15, 0xE8, 0xC5, 0xBD, 0xD7, 0x12, 0xA9, 0x17,
    0x3F, 0x90, 0x40, 0x04, 0xD0, 0x01, 0x47, 0x05, 0x54, 0x53, 0x0F, 0x32, 0x04, 0x7C, 0x8E, 0xCE,
    0x9B, 0xE9, 0xBF, 0xE3, 0xF2, 0x3C, 0x54, 0x7F, 0x76, 0xF7, 0x74, 0x0E, 0x6F, 0x49, 0xAD, 0xD1,
    0xE3, 0xE4, 0x0F, 0xF2, 0x46, 0x4E, 0xCA, 0x13, 0x54, 0x7F, 0xEE, 0xC9, 0xBC, 0xF3, 0x19, 0x9B,
    0x45, 0x15, 0x06, 0x8C, 0x52, 0xFF, 0x6E, 0xD5, 0xF0, 0xC3, 0x8F, 0x00, 0xB3, 0x45, 0x0F, 0x62,
    0xB6, 0x8F, 0x0D, 0x15, 0x25, 0xD7, 0x41, 0x89, 0xB3, 0x77, 0x54, 0x70, 0x86, 0xD1, 0x1B, 0xC9,
    0x65, 0xBA, 0x2C, 0xF7, 0x7B, 0x4E, 0xEE, 0x72, 0xCE, 0x68, 0x9D, 0xF7, 0xF5, 0x74, 0x63, 0x99,
    0xFE, 0x91, 0xC8, 0x5F, 0x54, 0xB4, 0x09, 0x6F, 0xB5, 0xDE, 0x97, 0xA3, 0xF7, 0x53, 0x39, 0x07,
    0x67, 0xB9, 0x3C, 0x5F, 0xA1, 0x8F, 0x52, 0xD2, 0x8D, 0x07, 0x5A, 0xC8, 0xCF, 0xF7, 0x0D, 0xA5,
    0xEF, 0x3F, 0x70, 0x43, 0xE9, 0xAD, 0xF2, 0xCD, 0xA8, 0x8A, 0xDB, 0x55, 0xAB, 0xB8, 0xAA, 0xD2,
    0xC9, 0x43, 0x55, 0xE2, 0x20, 0xD3, 0xDA, 0xE7, 0x39, 0xAD, 0x5D, 0x70, 0x5A, 0xFB, 0x3A, 0x3C,
    0xE6, 0x47, 0xD2, 0x32, 0x6D, 0x08, 0x2B, 0xC9, 0xEA, 0xC3, 0x87, 0x72, 0x9B, 0xAA, 0xBE, 0x98,
    0x70, 0x14, 0x20, 0x8C, 0xED, 0xDC, 0xB2, 0x36, 0x2F, 0xE8, 0x75, 0xD5, 0xBA, 0x9D, 0x5C, 0xCA,
    0xBE, 0x9C, 0xA9, 0x84, 0x49, 0xF3, 0xA8, 0x44, 0x0B, 0x12, 0x5D, 0x96, 0xDB, 0x19, 0xB3, 0xDD,
    0xBD, 0xDD, 0xCF, 0x81, 0x89, 0xEA, 0x23, 0xD3, 0x04, 0x1D, 0x9A, 0x34, 0x65, 0x32, 0x28, 0xC7,
    0x33, 0xAB, 0x27, 0x43, 0x54, 0x3E, 0xD2, 0xF4, 0x45, 0x1D, 0x13, 0x31, 0x3C, 0xE3, 0x31, 0x4F,
    0x9A, 0xEA, 0x98, 0x3E, 0x25, 0xC2, 0x3E, 0x27, 0xC2, 0x3C, 0x29, 0xC2, 0x3E, 0x2B, 0xC2, 0x3E,
    0x2D, 0xC2, 0x3E, 0x2F, 0xC2, 0x3E, 0x31, 0xC2, 0x3C, 0x33, 0x42, 0xCC, 0x53, 0x23, 0x44, 0xEC,
    0xBC, 0x8D, 0xF1, 0xDA, 0xFA, 0xEC, 0x08, 0xAD, 0x67, 0x6D, 0xE2, 0xC3, 0xBD, 0xCF, 0x8F, 0xB0,
    0x6D, 0xFD, 0xA3, 0x70, 0x0B, 0x48, 0x98, 0xDF, 0x03, 0x1A, 0xDF, 0xCC, 0x9E, 0xF0, 0x76, 0x0F,
    0xD8, 0xA5, 0x29, 0xEE, 0xA9, 0x29, 0x39, 0x43, 0x53, 0xFC, 0xBB, 0x76, 0xEC, 0xF9, 0xDC, 0xFE,
    0x3C, 0x74, 0x64, 0xC0, 0x5B, 0xB2, 0x60, 0x08, 0x97, 0x5E, 0xA8, 0xFD, 0xE1, 0xC0, 0xDB, 0x37,
    0x6A, 0xD5, 0x30, 0xF1, 0x59, 0xA6, 0x09, 0xF5, 0xCE, 0xB9, 0xAB, 0x2E, 0xDA, 0xEB, 0xF0, 0xF1,
    0x0C, 0x3A, 0x26, 0x4B, 0x3B, 0x34, 0x8A, 0xD1, 0x1F, 0x99, 0xEC, 0x7E, 0x48, 0xB6, 0xF9, 0x2F,
    0x15, 0xFC, 0x62, 0xF8, 0xDA, 0x3D, 0xFE, 0xB1, 0x63, 0x7E, 0x15, 0x7E, 0x7A, 0x8E, 0x7B, 0x0B,
    0xD2, 0x53, 0x34, 0x15, 0xDD, 0xD4, 0x69, 0xA3, 0xCF, 0xEB, 0x4C, 0x69, 0xD8, 0x55, 0xEB, 0x22,
    0x29, 0x06, 0x0C, 0xDA, 0x84, 0x86, 0xEF, 0x4C, 0x82, 0xE9, 0xFE, 0xDB, 0x40, 0x03, 0x38, 0x97,
    0x1D, 0xC4, 0xF2, 0x5E, 0x28, 0x0B, 0xFD, 0x48, 0xFA, 0xEF, 0xE6, 0xCE, 0x9D, 0xF7, 0xC5, 0xBB,
    0x9A, 0x01, 0x89, 0xA4, 0xB2, 0x08, 0x76, 0xB5, 0x1B, 0xE9, 0x72, 0xF7, 0xDF, 0x7F, 0x27, 0xEB,
    0xA6, 0xD3, 0xF8, 0xE8, 0x4C, 0xAF, 0x03, 0x3E, 0x24, 0x26, 0x44, 0x0E, 0x60, 0x1E, 0x11, 0x13,
    0xB2, 0xDB, 0xE6, 0x4E, 0x9E, 0xE5, 0x43, 0x2A, 0xF8, 0x35, 0xA8, 0x4D, 0x84, 0x75, 0xDA, 0xBF,
    0x22, 0x8A, 0xF2, 0x9E, 0x64, 0x00, 0x58, 0x0E, 0x5F, 0x24, 0x20, 0xDE, 0xE1, 0x57, 0x7D, 0x56,
    0xA6, 0x40, 0xB0, 0x66, 0x52, 0x69, 0xFD, 0x8E, 0xB2, 0xDE, 0xDE, 0x84, 0xDD, 0x14, 0x4C, 0x8F,
    0x23, 0xAB, 0x19, 0x76, 0x6F, 0xDC, 0x78, 0xAD, 0xB8, 0xC2, 0xDD, 0x71, 0x30, 0x2B, 0xD5, 0x9B,
    0xB8, 0xDB, 0xDA, 0xD8, 0x89, 0x39, 0x46, 0xA6, 0xB7, 0x95, 0xBD, 0x78, 0xB1, 0x9A, 0xC9, 0xBA,
    0x57, 0xB8, 0xC9, 0xC8, 0x21, 0x29, 0x5B, 0xA6, 0x16, 0xEA, 0xFC, 0x5E, 0x16, 0x5E, 0x48, 0x91,
    0x9A, 0xAC, 0x47, 0x1C, 0xDF, 0x39, 0x5C, 0x59, 0xCC, 0x80, 0x72, 0x1D, 0xF3, 0x70, 0xE9, 0xC8,
    0x33, 0x24, 0xB3, 0x1C, 0xB0, 0xEE, 0x22, 0x7E, 0x3C, 0x30, 0x60, 0x0D, 0x09, 0xDE, 0x2B, 0x00,
    0x24, 0x47, 0xA2, 0x5B, 0xD0, 0x62, 0xA5, 0x19, 0xC6, 0xC5, 0x36, 0x04, 0xFB, 0x10, 0x6C, 0x84,
    0x3B, 0xD1, 0x49, 0xA4, 0x12, 0x93, 0x5B, 0x07, 0x60, 0x36, 0x53, 0xFB, 0x7D, 0xE9, 0xF8, 0x8F,
    0x55, 0x52, 0xA3, 0xDA, 0xE2, 0x7F, 0x55, 0x8B, 0x93, 0x77, 0xB4, 0xF6, 0x10, 0x5F, 0xDB, 0x1F,
    0x9C, 0x9E, 0x42, 0x52, 0xC3, 0x67, 0xAC, 0x65, 0xEC, 0xA9, 0x0C, 0x70, 0xC1, 0xB3, 0x4F, 0xE5,
    0xE1, 0x27, 0x70, 0x7A, 0xF0, 0x77, 0xF8, 0x57, 0xF7, 0x78, 0x8F, 0x78, 0xE7, 0xD8, 0x29, 0x9B,
    0x7D, 0xB0, 0xB0, 0xD2, 0x8A, 0x21, 0x21, 0x90, 0x91, 0x9A, 0x59, 0xEB, 0xA4, 0xAC, 0x60, 0xE9,
    0x6D, 0x87, 0x9A, 0x06, 0x52, 0xCD, 0x0E, 0x69, 0xFB, 0x52, 0xA1, 0x82, 0x33, 0x34, 0x7F, 0x3E,
    0xC3, 0x77, 0x7D, 0x42, 0x31, 0x7D, 0xC4, 0x18, 0xA7, 0x54, 0x44, 0x6F, 0x3C, 0x6C, 0xBD, 0xC6,
    0x6F, 0xFC, 0x52, 0x39, 0xC9, 0x10, 0x4E, 0xFF, 0x8D, 0xAC, 0x7C, 0x16, 0x5F, 0x85, 0x06, 0x30,
    0x91, 0xBB, 0x78, 0xD2, 0x56, 0x03, 0x32, 0x83, 0xB2, 0x42, 0x84, 0x8E, 0xC5, 0x9D, 0xD8, 0x80,
    0x9F, 0xC0, 0xE6, 0xF7, 0xF5, 0xF1, 0xF0, 0xF3, 0x70, 0xCA, 0x7D, 0xD9, 0x60, 0xEF, 0x65, 0xB7,
    0x74, 0x00, 0xF2, 0xE2, 0x8D, 0xC4, 0x6C, 0x22, 0x7D, 0xE8, 0x03, 0x2F, 0x9E, 0x93, 0x27, 0xAA,
    0xF0, 0x81, 0x4D, 0xEE, 0x8D, 0x6B, 0xFB, 0x00, 0xC6, 0x41, 0x26, 0xB0, 0x0F, 0x99, 0x5F, 0x6D,
    0x93, 0xA0, 0x6C, 0x98, 0x54, 0xF1, 0x6C, 0x7D, 0x5A, 0xFC, 0x79, 0x7A, 0x90, 0x4C, 0xCC, 0x96,
    0xEC, 0x48, 0x5F, 0x6E, 0x72, 0xFD, 0xC9, 0xB7, 0x7F, 0x8A, 0xDE, 0xA8, 0x47, 0x02, 0x07, 0xD4,
    0x92, 0xB3, 0xEE, 0x33, 0x7E, 0x96, 0x48, 0x03, 0x2C, 0xA2, 0x83, 0x3D, 0xE6, 0xC6, 0x0F, 0x38,
    0x57, 0x0D, 0x5E, 0xEB, 0x38, 0x6D, 0x1B, 0x4C, 0x9C, 0xDD, 0xF0, 0xDA, 0x43, 0x36, 0xB3, 0x0D,
    0x8E, 0x6F, 0x81, 0xB8, 0x75, 0x04, 0xB5, 0xE6, 0xB0, 0xFE, 0xF4, 0xC8, 0x47, 0x24, 0x7C, 0x93,
    0x11, 0x80, 0x03, 0xE0, 0x07, 0x24, 0x7C, 0xDF, 0x40, 0xF1, 0x74, 0xD8, 0xB9, 0xF1, 0xD0, 0x81,
    0xE2, 0x27, 0xE4, 0xEF, 0x93, 0x92, 0xF9, 0x38, 0xFC, 0xC5, 0x26, 0x04, 0xBB, 0xF8, 0x21, 0xFC,
    0x55, 0x53, 0xE9, 0xD0, 0x50, 0x36, 0xE8, 0xC0, 0xCE, 0x71, 0xCD, 0x67, 0x75, 0x1F, 0xFA, 0x0F,
    0x8D, 0xC4, 0xB8, 0xE2, 0x77, 0x01, 0x8F, 0x34, 0x0A, 0x0F, 0x0C, 0xB6, 0xF9, 0x0A, 0x0C, 0xE4,
    0xE6, 0xDE, 0x81, 0xC6, 0x15, 0x58, 0x5E, 0x07, 0x7F, 0x32, 0x37, 0x7A, 0x1D, 0xB9, 0x71, 0x5D,
    0x7D, 0xF0, 0xF0, 0xF9, 0x78, 0x18, 0x8A, 0xC3, 0x27, 0x13, 0xDC, 0xA8, 0x5B, 0xF4, 0x53, 0xBA,
    0x05, 0xC4, 0x51, 0x24, 0x1E, 0xEA, 0xDD, 0xEF, 0x8D, 0x4F, 0x17, 0xDA, 0x29, 0xBA, 0xF6, 0xA1,
    0x3F, 0x0A, 0x06, 0x7E, 0xCD, 0x2D, 0x06, 0x46, 0xC5, 0x93, 0x4B, 0x4F, 0x9F, 0x0B, 0xB2, 0xAE,
    0x29, 0xD4, 0xFB, 0xFC, 0xBE, 0xF7, 0x3F, 0x15, 0x8B, 0x6B, 0x9A, 0x7D, 0xF4, 0xE8, 0x87, 0xFF,
    0x58, 0x1C, 0x0D, 0x3A, 0xA7, 0xCD, 0x34, 0xD6, 0x12, 0x92, 0xED, 0x15, 0x7C, 0xFE, 0x2F, 0xB1,
    0xD2, 0x4B, 0x4F, 0x8F, 0x1F, 0x6A, 0xD9, 0x2D, 0x7D, 0x14, 0x03, 0x11, 0xD2, 0x0B, 0x4E, 0xF2,
    0x0C, 0x1F, 0xF6, 0xE2, 0xE0, 0xE2, 0xE1, 0xD5, 0x5C, 0x5F, 0x47, 0xAA, 0x5B, 0x20, 0x0F, 0x7C,
    0x83, 0xEC, 0x53, 0x7A, 0x46, 0xE2, 0xB8, 0x1A, 0x4D, 0x0E, 0xAA, 0x3B, 0x5E, 0x83, 0xAA, 0xDC,
    0x7D, 0xB2, 0x3E, 0xEC, 0xFA, 0x28, 0xF7, 0x30, 0x26, 0x08, 0xEB, 0xEE, 0xCF, 0xD9, 0x91, 0x79,
    0x52, 0xBA, 0x45, 0x50, 0x68, 0xAB, 0xD8, 0xF1, 0x21, 0xDB, 0xDE, 0x35, 0x1D, 0x1E, 0x3F, 0xDB,
    0xB0, 0xA3, 0xF6, 0x67, 0x7F, 0x9C, 0x9E, 0x85, 0x52, 0xC3, 0x2A, 0xCE, 0x1E, 0x9B, 0x3E, 0xE8,
    0xFD, 0xBE, 0x5A, 0xE5, 0xB7, 0xE9, 0xFB, 0xAE, 0x45, 0xF9, 0xAB, 0xBA, 0xA9, 0xB3, 0x7F, 0xC6,
    0xB8, 0xBC, 0xE9, 0xD0, 0xCA, 0xAB, 0xFF, 0x34, 0x7E, 0xE8, 0xB8, 0xFC, 0x46, 0x6D, 0xCE, 0x75,
    0x3C, 0x1B, 0xBE, 0xDA, 0xB3, 0x98, 0xB9, 0xBB, 0x9C, 0xE7, 0xEB, 0x23, 0x91, 0xCD, 0x33, 0x91,
    0x6B, 0x0F, 0x45, 0x0E, 0x46, 0xD2, 0xDE, 0x90, 0x33, 0xE6, 0xD6, 0xFE, 0x6D, 0xF7, 0xB5, 0x91,
    0x3F, 0x1D, 0x81, 0xAD, 0x4C, 0x10, 0xE2, 0x33, 0xE1, 0xB7, 0x0A, 0x62, 0xC8, 0xBF, 0x93, 0x96,
    0xE5, 0x32, 0xAD, 0xA8, 0x9D, 0x97, 0xCB, 0x2B, 0xC4, 0x80, 0x1F, 0x7D, 0x82, 0x91, 0x8A, 0x5A,
    0xD3, 0x70, 0xCF, 0x48, 0x85, 0x8E, 0xA4, 0x6B, 0xB9, 0x92, 0x65, 0xF2, 0xD9, 0x48, 0xC5, 0x92,
    0xB6, 0xDD, 0x4E, 0xB3, 0xD6, 0x63, 0x87, 0xB4, 0xCF, 0xD7, 0x1C, 0x53, 0xAD, 0x8B, 0x68, 0x36,
    0x6C, 0x78, 0xA5, 0xBE, 0xB2, 0x91, 0x49, 0xFD, 0x3E, 0xC2, 0x47, 0x18, 0xAF, 0x90, 0xF9, 0xDF,
    0xCC, 0x64, 0xF3, 0x73, 0x39, 0xD4, 0xA3, 0x00, 0x12, 0xCA, 0x1F, 0xBC, 0xB5, 0x20, 0x32, 0xF3,
    0x12, 0x9C, 0x1E, 0xDF, 0xF3, 0xDC, 0xC9, 0x82, 0x1E, 0x71, 0x87, 0xC3, 0x31, 0xF6, 0xBE, 0xBB,
    0x86, 0x0A, 0x3A, 0x54, 0xD2, 0xC2, 0xCF, 0xEB, 0x5C, 0xD3, 0xEB, 0x4A, 0xE5, 0xFF, 0x60, 0x28,
    0x7F, 0xED, 0xDE, 0x97, 0xE1, 0xDB, 0xF4, 0x68, 0x6E, 0xFA, 0x90, 0x13, 0x2A, 0xC0, 0x15, 0x25,
    0x3C, 0x37, 0x45, 0xDB, 0x48, 0xEC, 0x43, 0x57, 0x85, 0x0F, 0x51, 0xA1, 0x41, 0xC3, 0x68, 0x36,
    0xA7, 0xDE, 0xDE, 0x6A, 0xD0, 0x43, 0x76, 0xE5, 0x4D, 0x61, 0xAA, 0x37, 0xFF, 0xCF, 0x07, 0x3E,
    0x1D, 0xE0, 0xFF, 0x03, 0xD5, 0x9A, 0xC1, 0x6F, 0x23, 0x57, 0x1D, 0xC7, 0x7F, 0x33, 0xB3, 0x9B,
    0x31, 0x99, 0xE0, 0x59, 0xA9, 0x39, 0x2C, 0xD0, 0xC4, 0x01, 0x2D, 0xD2, 0x22, 0x25, 0x71, 0x0E,
    0x7B, 0xB0, 0x90, 0x13, 0x8F, 0xB4, 0x7F, 0xC0, 0xF6, 0x0E, 0xA2, 0xB9, 0xAE, 0x04, 0xD5, 0x1E,
    0x7A, 0x88, 0xAA, 0x6C, 0x32, 0x67, 0x38, 0xB0, 0x17, 0x04, 0x52, 0x91, 0x1A, 0xF5, 0x84, 0x8A,
    0x84, 0x22, 0xC8, 0xC1, 0x12, 0x49, 0x33, 0xED, 0x85, 0x13, 0xD2, 0xA8, 0x08, 0x84, 0xC4, 0x81,
    0x51, 0x69, 0x29, 0xB7, 0x0E, 0x30, 0x45, 0x51, 0xEA, 0xC4, 0x7C, 0xBF, 0xBF, 0xF7, 0x66, 0x6C,
    0xB7, 0x51, 0x69, 0xE3, 0x24, 0x36, 0xD6, 0xCE, 0xCB, 0x7A, 0xEC, 0x79, 0xF3, 0x3E, 0xDF, 0xDF,
    0xEF, 0xFD, 0x7E, 0xBF, 0xF7, 0xC6, 0x22, 0x22, 0x2E, 0x0E, 0xA9, 0xB3, 0x79, 0x13, 0x87, 0x73,
    0x86, 0xC6, 0x6B, 0xA3, 0xF9, 0xF2, 0x36, 0x9A, 0xFB, 0x5D, 0x34, 0x4F, 0x4E, 0xD0, 0x24, 0x05,
    0xCE, 0x47, 0xB9, 0xC8, 0xAC, 0x83, 0x66, 0xF5, 0x97, 0x99, 0xC8, 0x2B, 0x6C, 0x32, 0x2F, 0x15,
    0x2F, 0xF1, 0x13, 0x09, 0x25, 0x48, 0xA4, 0x2D, 0x61, 0x2C, 0x5D, 0x34, 0x7E, 0x21, 0xBB, 0xC9,
    0xF1, 0xB9, 0xDF, 0x2F, 0x64, 0xE8, 0xF5, 0x8C, 0x9D, 0xE7, 0x65, 0xE3, 0xC4, 0x7A, 0x32, 0x42,
    0x77, 0x99, 0x38, 0xFD, 0x54, 0xFC, 0x87, 0x89, 0x2C, 0x7B, 0xB1, 0xEC, 0x87, 0xE2, 0x24, 0x4D,
    0xF1, 0xE2, 0x1D, 0xF4, 0xDA, 0x93, 0x05, 0x6F, 0x5B, 0xDA, 0x0B, 0x07, 0x7B, 0x9D, 0x83, 0x8F,
    0x93, 0x4E, 0x72, 0x2E, 0x35, 0xB9, 0x33, 0xE8, 0xF2, 0x65, 0x1C, 0x1C, 0x5F, 0x3E, 0x38, 0xE5,
    0x66, 0x6C, 0x17, 0xB7, 0xD8, 0xCE, 0xEB, 0xFD, 0x3D, 0xBD, 0x93, 0x2B, 0x83, 0x56, 0x81, 0x95,
    0xD8, 0x20, 0x1B, 0x66, 0x03, 0x6D, 0xA8, 0x0D, 0xB6, 0x72, 0x1B, 0x70, 0x43, 0x6E, 0xD0, 0x0D,
    0xBB, 0xC2, 0x1B, 0x7A, 0x83, 0x6F, 0xF8, 0x55, 0x00, 0x51, 0x05, 0x64, 0x54, 0x02, 0x17, 0x1D,
    0x2C, 0xE2, 0x16, 0xB5, 0x03, 0x5C, 0x86, 0x4B, 0xFD, 0x61, 0x71, 0xC6, 0xD0, 0xE1, 0x9E, 0xF9,
    0xD3, 0xD3, 0x7B, 0xFC, 0x4D, 0xF1, 0x1B, 0x3A, 0x7A, 0x39, 0x5A, 0x57, 0xC4, 0x78, 0x66, 0x88,
    0xDD, 0xC2, 0x1B, 0x7A, 0x8B, 0x6F, 0xF9, 0xAD, 0x00, 0x56, 0x01, 0x2B, 0x81, 0xD1, 0xC0, 0x8A,
    0x60, 0x55, 0xB0, 0x32, 0x58, 0x1D, 0x8C, 0x10, 0x56, 0x09, 0x2B, 0x85, 0xD5, 0xC2, 0x88, 0x61,
    0xD5, 0x90, 0x4F, 0x79, 0x84, 0xA3, 0x3D, 0xEB, 0x55, 0x11, 0x6F, 0x8F, 0x63, 0xA6, 0x85, 0xA6,
    0x49, 0xB4, 0xDF, 0xE2, 0x94, 0xFB, 0x0E, 0xAE, 0xF6, 0x24, 0xB6, 0x0A, 0x51, 0x22, 0xD5, 0x48,
    0x45, 0x52, 0x95, 0x28, 0x93, 0xEA, 0xA4, 0x42, 0xA9, 0x52, 0x2A, 0x95, 0x6A, 0x25, 0x14, 0x4B,
    0xA8, 0x56, 0x25, 0x57, 0x4D, 0xDB, 0x0E, 0x3B, 0x13, 0xFF, 0x1D, 0x1D, 0x7E, 0xB3, 0xA8, 0xB4,
    0xB2, 0x52, 0x4D, 0xD2, 0x4B, 0x22, 0xA3, 0x08, 0x0F, 0x87, 0xCA, 0xBC, 0x8D, 0xE3, 0x11, 0x2E,
    0xD8, 0xC0, 0x9B, 0x2C, 0x11, 0x37, 0x7A, 0x36, 0x96, 0xB7, 0x38, 0xC6, 0xB6, 0xC1, 0x0F, 0x94,
    0xF3, 0x1F, 0xCA, 0xD2, 0xF8, 0x4F, 0xAA, 0x0A, 0x6C, 0x44, 0x53, 0xED, 0x2D, 0x4D, 0x36, 0x1F,
    0xF0, 0xEB, 0x3F, 0xC2, 0xB7, 0x66, 0x68, 0xAF, 0xE6, 0x93, 0x6B, 0x73, 0x94, 0xC1, 0x6B, 0x4F,
    0x05, 0xEB, 0x27, 0x2A, 0x55, 0x5F, 0x4F, 0x2D, 0x0D, 0xC7, 0x1A, 0x69, 0x14, 0xFF, 0x37, 0xB3,
    0x6D, 0xF6, 0x3B, 0xF4, 0x7E, 0x86, 0x8A, 0xBF, 0xEF, 0x59, 0xA9, 0xE0, 0x52, 0xEC, 0x88, 0xD7,
    0xD3, 0xC7, 0x24, 0x47, 0xE3, 0xC6, 0x2F, 0x5C, 0xA1, 0x92, 0x46, 0xA6, 0xC6, 0x54, 0x4D, 0xB3,
    0x41, 0x4A, 0x32, 0xE9, 0xC8, 0xB6, 0x36, 0x2B, 0xF1, 0x03, 0x8E, 0xDA, 0xC7, 0xC9, 0x3A, 0x7C,
    0xAC, 0xB5, 0x06, 0x37, 0x58, 0xBA, 0x8E, 0x74, 0x65, 0x03, 0xD2, 0xAE, 0xDE, 0x5C, 0x87, 0xB7,
    0xE4, 0xB1, 0xDD, 0x6A, 0x48, 0x69, 0x29, 0x99, 0x79, 0x36, 0x71, 0xB5, 0x08, 0x71, 0x60, 0x46,
    0xEE, 0x32, 0x3A, 0x41, 0x87, 0xB7, 0x90, 0x77, 0xDE, 0xDF, 0x87, 0x9F, 0xA1, 0xAB, 0x5B, 0x63,
    0xA5, 0xB0, 0x91, 0x98, 0x9C, 0x4E, 0xAB, 0x06, 0x64, 0x5C, 0x60, 0x69, 0x61, 0x47, 0x30, 0x8B,
    0xE3, 0xAD, 0x07, 0xD0, 0x00, 0x1D, 0x1F, 0x27, 0xE3, 0x6A, 0xE0, 0x50, 0x5D, 0x09, 0x15, 0xA4,
    0x76, 0xA8, 0xAC, 0xAA, 0xC4, 0xD7, 0x1F, 0x4E, 0x9F, 0x12, 0x33, 0xB8, 0x68, 0x05, 0xE3, 0x9D,
    0x47, 0x47, 0xBC, 0xE8, 0x87, 0xF7, 0x45, 0x3E, 0x82, 0x27, 0xEC, 0xA2, 0x9B, 0xDB, 0xE3, 0x17,
    0x75, 0x3A, 0x6A, 0xF5, 0x05, 0x13, 0x73, 0xC3, 0x7E, 0x34, 0x54, 0xE6, 0x18, 0xD7, 0xB0, 0x8A,
    0x58, 0x49, 0xAC, 0x26, 0xD3, 0x19, 0x73, 0xBF, 0xF4, 0x3D, 0x0C, 0xF3, 0xC4, 0x06, 0x5C, 0x46,
    0xDB, 0x4D, 0xF1, 0xFE, 0x94, 0x42, 0x1D, 0x5C, 0x36, 0x3F, 0x96, 0x5A, 0x53, 0x19, 0x29, 0x3E,
    0x33, 0xAE, 0x2E, 0x61, 0xAA, 0xAF, 0x3D, 0x6F, 0xF4, 0x68, 0xA4, 0xE3, 0x97, 0xBE, 0x17, 0xC7,
    0xD4, 0x5B, 0x70, 0x99, 0x7E, 0x8F, 0x15, 0x71, 0x9B, 0x9F, 0xC1, 0x3B, 0x0B, 0x78, 0x8F, 0xA2,
    0x79, 0x64, 0x52, 0x63, 0xFA, 0x09, 0xD4, 0x0B, 0xFE, 0x08, 0xE3, 0x84, 0x1F, 0xF6, 0x08, 0xF7,
    0x3C, 0x2B, 0x0C, 0x8C, 0x6F, 0x43, 0xD4, 0xB8, 0x78, 0xE9, 0x34, 0x44, 0xDF, 0x31, 0xAE, 0xF7,
    0x62, 0xAF, 0xC0, 0x97, 0x8E, 0xFB, 0xFD, 0xF3, 0x11, 0xD2, 0xB8, 0x5A, 0xD4, 0x64, 0x43, 0xE9,
    0xA3, 0x99, 0x4B, 0xBE, 0xEF, 0x25, 0x79, 0xE0, 0xA6, 0xE1, 0xAA, 0x74, 0x62, 0xF6, 0xB7, 0x4D,
    0xD5, 0xA4, 0xEB, 0xCB, 0xD3, 0x65, 0x7E, 0x3E, 0x13, 0xD9, 0x1E, 0x16, 0xF4, 0x96, 0xEB, 0x65,
    0x87, 0xAB, 0xEC, 0xE6, 0x03, 0xF4, 0xE3, 0x3C, 0xE2, 0x37, 0x5A, 0x83, 0x72, 0xE3, 0x86, 0xB0,
    0x0E, 0xC5, 0x7B, 0x4D, 0xDC, 0x55, 0xF6, 0xAE, 0x05, 0xA8, 0x7C, 0x71, 0x24, 0xBC, 0x90, 0x30,
    0x3D, 0x56, 0x0D, 0x21, 0xDD, 0xFC, 0xEE, 0xCD, 0xDA, 0x25, 0x12, 0xF7, 0xA7, 0x31, 0xEE, 0x25,
    0xF2, 0xED, 0x5F, 0x8C, 0x00, 0x80, 0x00, 0xBE, 0x9C, 0x0B, 0x18, 0x04, 0x10, 0xA4, 0xD0, 0x1E,
    0xB7, 0x75, 0x1E, 0x2B, 0x09, 0x51, 0xF4, 0xAB, 0x15, 0x8C, 0x9A, 0xD4, 0xD7, 0x79, 0xD1, 0x88,
    0x58, 0x0B, 0xF1, 0x83, 0xE0, 0x0F, 0x1C, 0xEB, 0x5D, 0xD9, 0x2C, 0x53, 0x83, 0x21, 0x33, 0x68,
    0x86, 0x4D, 0xE1, 0x0C, 0x9D, 0xC1, 0x33, 0x7C, 0x06, 0xD0, 0x10, 0x1A, 0x44, 0xC3, 0x68, 0x20,
    0x0D, 0xA5, 0xC1, 0x34, 0x9C, 0x06, 0x54, 0x49, 0x45, 0x51, 0x3F, 0xED, 0x83, 0x26, 0x2D, 0xA7,
    0x66, 0xA5, 0xFB, 0x2A, 0xFE, 0xBC, 0x87, 0x3E, 0x11, 0x8F, 0xDB, 0xAC, 0x5A, 0xE6, 0x2F, 0x4F,
    0xAF, 0xDE, 0xAC, 0xE4, 0x72, 0x48, 0xB7, 0xBC, 0x4D, 0x74, 0x25, 0xB7, 0xE0, 0x37, 0x36, 0xD1,
    0xDA, 0xFA, 0x0F, 0x63, 0x9B, 0xDB, 0x93, 0x99, 0x9C, 0x70, 0xED, 0x96, 0x6C, 0xD6, 0xBE, 0x98,
    0x5F, 0x06, 0x2A, 0x7F, 0x5B, 0x2D, 0xF9, 0x0D, 0xAD, 0x6A, 0x1F, 0xA9, 0x25, 0xFF, 0x3C, 0x25,
    0x96, 0xE4, 0xD2, 0x2C, 0xF8, 0x15, 0x64, 0xC6, 0x35, 0x4B, 0xB8, 0xD9, 0x29, 0xBE, 0x86, 0x4E,
    0xEB, 0x73, 0xC8, 0x7D, 0xB5, 0xF1, 0x7C, 0x58, 0x6C, 0xBD, 0x72, 0x8C, 0xFE, 0xDC, 0x7E, 0x5E,
    0xA6, 0x08, 0x8D, 0x35, 0x13, 0x33, 0xAA, 0x38, 0x3F, 0x41, 0xC8, 0x47, 0x7C, 0xA8, 0x3F, 0xC6,
    0x9B, 0x4D, 0xB3, 0x41, 0x12, 0xA0, 0xAE, 0x58, 0xC1, 0x3D, 0xD7, 0xC6, 0x22, 0x9E, 0x30, 0xD8,
    0xC5, 0x69, 0xE1, 0x1E, 0x87, 0xEB, 0xF4, 0xC4, 0xFB, 0x39, 0x6D, 0x7A, 0xBF, 0x36, 0x5E, 0xA2,
    0xA0, 0x37, 0xB7, 0x70, 0x07, 0x7A, 0x72, 0xBD, 0x2A, 0xA2, 0xB1, 0x4E, 0xC5, 0xB9, 0x73, 0x3B,
    0xCA, 0xC2, 0x86, 0x86, 0xDC, 0xC0, 0x71, 0x4F, 0x81, 0x29, 0x9C, 0x09, 0x3C, 0xE4, 0x8A, 0xCC,
    0x2A, 0xB5, 0x3E, 0x24, 0x26, 0x2E, 0x71, 0xC1, 0xB6, 0xDB, 0x8F, 0xAA, 0x5A, 0x0F, 0xA5, 0x1E,
    0x2A, 0x3D, 0x3F, 0x56, 0x0F, 0x2A, 0x5F, 0xDB, 0xF4, 0xCD, 0x7A, 0x21, 0x77, 0x72, 0x46, 0x1E,
    0xF4, 0x0C, 0xA7, 0x0E, 0xD0, 0x6D, 0x4D, 0x56, 0x5A, 0xD2, 0xC9, 0x58, 0xCD, 0xCF, 0xCB, 0xF5,
    0x0C, 0xC9, 0x2E, 0x59, 0xC3, 0xC4, 0x1C, 0x66, 0x29, 0x99, 0x50, 0x69, 0x2F, 0xB9, 0xD4, 0x00,
    0x19, 0x58, 0x9E, 0x96, 0x53, 0x15, 0xF3, 0x8F, 0xFB, 0x09, 0xA7, 0x47, 0x30, 0x4E, 0x14, 0x46,
    0xF0, 0x16, 0x2F, 0xC1, 0x68, 0xBD, 0x0C, 0x2B, 0x13, 0x37, 0xC7, 0x0D, 0x9D, 0xBC, 0x19, 0x61,
    0xA9, 0xD6, 0xE1, 0x7A, 0x6D, 0x87, 0x24, 0x47, 0x34, 0x75, 0xCF, 0x36, 0x7E, 0x46, 0xAF, 0x49,
    0x0E, 0x89, 0x84, 0xA6, 0xC3, 0x5E, 0x8F, 0x80, 0xE4, 0xC2, 0x4D, 0x22, 0x5C, 0xED, 0x9E, 0x52,
    0x89, 0xAF, 0x56, 0x28, 0xF7, 0x2A, 0x8F, 0xD2, 0x02, 0x6E, 0xB3, 0x4C, 0x56, 0xA9, 0xFA, 0xC5,
    0x56, 0x18, 0x75, 0x1B, 0xD2, 0x5D, 0x97, 0xA2, 0xED, 0xE4, 0xDB, 0x6E, 0xD6, 0xF5, 0x92, 0x83,
    0x30, 0xDA, 0x5A, 0x95, 0xD5, 0x62, 0xE0, 0x17, 0x8B, 0xBC, 0x4D, 0xE5, 0x17, 0xBA, 0xC1, 0x13,
    0xBC, 0x44, 0x0E, 0x0A, 0xE8, 0xA4, 0xA5, 0x3B, 0xDE, 0x18, 0x16, 0x2F, 0xFC, 0x2B, 0x7A, 0x68,
    0x58, 0xFB, 0x25, 0xA3, 0xB9, 0x0A, 0x68, 0x66, 0x46, 0x6F, 0xE1, 0xD2, 0x2E, 0x2C, 0xDE, 0xC5,
    0xD8, 0x0B, 0x01, 0xA0, 0x80, 0x50, 0x80, 0x28, 0x60, 0x14, 0x40, 0x92, 0xB2, 0xC2, 0xD4, 0x88,
    0x55, 0x34, 0xD0, 0x99, 0x7F, 0xB6, 0xC3, 0x82, 0xF7, 0x45, 0x7E, 0xB0, 0xE7, 0x96, 0x68, 0x86,
    0xCD, 0xC0, 0x29, 0x9D, 0x28, 0x9E, 0x28, 0x9F, 0x28, 0xA0, 0x28, 0xA1, 0x28, 0xA2, 0x28, 0xA3,
    0x8E, 0x35, 0x97, 0x5E, 0xD9, 0xFA, 0x99, 0x28, 0xA7, 0x28, 0xA8, 0x28, 0xA9, 0x41, 0x35, 0xAC,
    0x06, 0xD6, 0xD2, 0x56, 0x56, 0xBC, 0x63, 0x23, 0x03, 0x7D, 0x1B, 0xB3, 0xF1, 0xF5, 0x58, 0xDC,
    0x7F, 0xDA, 0x0C, 0x8C, 0xF2, 0x6D, 0xB3, 0x76, 0x79, 0x6E, 0x2D, 0x9C, 0x3A, 0xEC, 0x38, 0xF8,
    0x1D, 0x6B, 0xF8, 0xDD, 0x17, 0x4B, 0xE6, 0x1B, 0x74, 0xD2, 0x41, 0xF2, 0xDD, 0x64, 0xF2, 0x45,
    0x84, 0x5E, 0xAE, 0x92, 0xEF, 0xE7, 0x76, 0xD3, 0x97, 0xD4, 0x86, 0x7F, 0xE1, 0x9B, 0x8F, 0xE8,
    0x18, 0xFE, 0xD9, 0xCB, 0x6A, 0xC4, 0xCD, 0x29, 0x31, 0xA2, 0x9E, 0xC7, 0x84, 0xF9, 0x19, 0xE2,
    0xC6, 0xBB, 0x99, 0x84, 0xBF, 0xF9, 0x44, 0xF9, 0x74, 0x39, 0xA7, 0x35, 0x8B, 0x4D, 0x9B, 0x73,
    0x75, 0x0B, 0xD1, 0x38, 0x43, 0xA1, 0x0A, 0xA8, 0x00, 0x13, 0x30, 0x28, 0x12, 0x6F, 0x82, 0xD1,
    0x44, 0xB2, 0xF0, 0x78, 0xB0, 0x5E, 0x63, 0xB6, 0x52, 0x97, 0x7D, 0x30, 0x9E, 0xCB, 0x4E, 0x1C,
    0xEE, 0xE2, 0x90, 0x7A, 0x57, 0xF3, 0x09, 0xEE, 0xFC, 0x7B, 0x09, 0xEA, 0x32, 0x37, 0x33, 0x5E,
    0x90, 0xD5, 0x5C, 0xA5, 0x67, 0xAA, 0xE2, 0x2E, 0x73, 0xB8, 0x38, 0x88, 0x98, 0x96, 0x6F, 0xBF,
    0x40, 0xB0, 0xF3, 0x37, 0xB1, 0x7C, 0x6A, 0xC4, 0xC1, 0xC7, 0x31, 0x46, 0xEB, 0x9D, 0xA9, 0x87,
    0xE5, 0x74, 0x4E, 0xD4, 0x0E, 0xF4, 0xBF, 0x1E, 0x3D, 0x19, 0x6D, 0x47, 0x07, 0xBA, 0xA3, 0xED,
    0x91, 0x56, 0x16, 0x3D, 0x75, 0xC7, 0xCA, 0x9F, 0xE1, 0xFF, 0x87, 0xEA, 0xCF, 0x00, 0x68, 0xC4,
    0x1C, 0xC3, 0x86, 0x6E, 0x86, 0x53, 0x95, 0x38, 0xC8, 0x3E, 0xE9, 0xC9, 0xDC, 0xE6, 0x0D, 0x22,
    0x33, 0x44, 0x4C, 0x5A, 0x79, 0x40, 0xFB, 0x5A, 0x03, 0x63, 0x00, 0xCD, 0xF7, 0x41, 0x7D, 0x1C,
    0x19, 0x9B, 0x6E, 0x0D, 0x6C, 0x2A, 0x03, 0x9B, 0x76, 0x61, 0xA3, 0xD6, 0x88, 0x4D, 0x57, 0x86,
    0x70, 0x75, 0xF3, 0x03, 0x79, 0x85, 0xBC, 0xB2, 0x34, 0x71, 0xDE, 0x32, 0xF8, 0xAE, 0x5B, 0xAB,
    0x70, 0x6B, 0xD2, 0x49, 0xC6, 0xE4, 0xD5, 0xBC, 0xC5, 0x75, 0x30, 0x23, 0xC3, 0xFA, 0xC0, 0xBE,
    0x12, 0x4F, 0xDE, 0xBE, 0x17, 0xA6, 0xD7, 0x71, 0x79, 0xED, 0x4B, 0xB7, 0xB7, 0xB8, 0x62, 0x97,
    0xCE, 0x39, 0x79, 0x97, 0x64, 0xF2, 0xBC, 0x23, 0xCB, 0xF9, 0xB1, 0x39, 0xD5, 0x8A, 0xD3, 0x40,
    0x25, 0x65, 0x7A, 0x67, 0xE9, 0x69, 0xCC, 0x3A, 0xD8, 0xE4, 0xBC, 0x1A, 0x7B, 0x2E, 0xDA, 0x39,
    0xBB, 0x3E, 0x52, 0x7F, 0x79, 0xFD, 0x84, 0xE9, 0xE8, 0x4C, 0x3F, 0xEB, 0xE9, 0xDC, 0x2E, 0x38,
    0x85, 0xB8, 0x10, 0x6A, 0x69, 0x61, 0xFE, 0x44, 0x4B, 0xF3, 0x7D, 0x2D, 0xA7, 0x53, 0xCE, 0x77,
    0x48, 0x84, 0x44, 0xEA, 0xF2, 0x31, 0x3F, 0xE7, 0x57, 0x83, 0x8F, 0xDA, 0x58, 0xA6, 0xCF, 0x2A,
    0xE4, 0x9C, 0xDE, 0x61, 0x59, 0xFF, 0xBF, 0xA6, 0xCC, 0xDC, 0xF7, 0x49, 0x19, 0x83, 0x3C, 0x5D,
    0x4A, 0xCB, 0x57, 0x3E, 0x17, 0x33, 0x23, 0x69, 0xEA, 0x9D, 0x78, 0x49, 0x3D, 0x0F, 0xE2, 0x6F,
    0x66, 0x0D, 0xDC, 0xBF, 0x83, 0xE3, 0x4C, 0x82, 0x87, 0x87, 0x12, 0xCE, 0xB6, 0x64, 0x71, 0x79,
    0x3F, 0x6A, 0xEF, 0xBF, 0x9B, 0x74, 0xDE, 0xFE, 0x50, 0x36, 0xBC, 0x13, 0xD4, 0xEF, 0x83, 0x7E,
    0x59, 0xE7, 0x72, 0xAD, 0x35, 0xB4, 0x04, 0xD0, 0xDE, 0xBD, 0x1F, 0xEB, 0x1C, 0x5E, 0x2D, 0xB7,
    0x49, 0xCA, 0x0D, 0x9D, 0xC9, 0x2A, 0xF1, 0x35, 0x8C, 0xE1, 0x15, 0x8C, 0xF6, 0xB9, 0xD4, 0x04,
    0xAD, 0xFB, 0xA3, 0x25, 0xF2, 0xE5, 0x74, 0xD0, 0x67, 0xE8, 0xE6, 0x29, 0xA9, 0x98, 0x6D, 0xEE,
    0x8C, 0x3A, 0xC3, 0xE3, 0x77, 0xF4, 0xDD, 0x0A, 0x78, 0xA5, 0x5F, 0x90, 0x17, 0x3E, 0x7D, 0xF2,
    0xBF, 0x78, 0x33, 0x8D, 0xF4, 0x57, 0x64, 0xF9, 0xA8, 0x94, 0x5F, 0x9F, 0x05, 0xEA, 0x2F, 0x32,
    0x02, 0x9E, 0x9A, 0x33, 0x2B, 0x6F, 0xDD, 0x54, 0x49, 0xC1, 0xDD, 0x8F, 0x01, 0xFE, 0x9E, 0x90,
    0x5C, 0x88, 0xAE, 0xEC, 0x0A, 0xAF, 0xF4, 0x8A, 0x2F, 0x0B, 0xE0, 0x17, 0x0A, 0x20, 0x54, 0x40,
    0x76, 0x20, 0x01, 0xD2, 0x40, 0x54, 0x2E, 0xFC, 0x4B, 0x0D, 0xFC, 0x64, 0x20, 0x02, 0x22, 0xD9,
    0xA4, 0x45, 0x70, 0xAA, 0xBA, 0x41, 0x07, 0x66, 0x1E, 0xEF, 0xEC, 0xB3, 0x79, 0x70, 0xC5, 0x22,
    0x5C, 0xE8, 0xF9, 0x4F, 0xD5, 0xF3, 0x27, 0xEE, 0x09, 0xF4, 0x7C, 0x75, 0x7D, 0xF5, 0x7D, 0xA3,
    0x87, 0xF1, 0xFE, 0xAB, 0x16, 0xC1, 0xBE, 0xD2, 0x2A, 0xA5, 0x35, 0xFB, 0x14, 0x61, 0x49, 0xA6,
    0x60, 0x3A, 0xF0, 0xF5, 0x78, 0x9F, 0xEB, 0x02, 0x3E, 0x58, 0x7F, 0xE3, 0xE1, 0xF5, 0xA0, 0xDB,
    0x28, 0x3B, 0x1D, 0xB8, 0x9F, 0x15, 0xF7, 0xAF, 0xCF, 0xFA, 0xBA, 0xFD, 0x61, 0xFA, 0x4E, 0x46,
    0x7F, 0x22, 0xE6, 0x16, 0x55, 0x9C, 0xAC, 0x0F, 0x3D, 0x3B, 0x84, 0xAF, 0x24, 0xBB, 0x3D, 0x64,
    0x83, 0x90, 0xC3, 0xA8, 0x73, 0xC4, 0x2D, 0x12, 0x42, 0x9E, 0x0E, 0x9F, 0x7C, 0x37, 0xF9, 0xAB,
    0xAD, 0xF0, 0xBB, 0x6C, 0xF2, 0x72, 0x4F, 0x39, 0xA8, 0x7E, 0xC1, 0x14, 0x56, 0xD1, 0x67, 0x74,
    0xBB, 0xD0, 0xE9, 0xA9, 0xFF, 0x25, 0xC3, 0x3F, 0xC5, 0xF0, 0x63, 0x3B, 0xA8, 0xCC, 0x3E, 0xEF,
    0xBC, 0x3B, 0x78, 0xD8, 0xDE, 0x88, 0x5B, 0xD2, 0x49, 0x5A, 0xF2, 0xEB, 0xB4, 0x25, 0x49, 0xF6,
    0x44, 0x57, 0x61, 0x92, 0x67, 0xE6, 0xC7, 0x19, 0xFF, 0xC2, 0xF1, 0x6F, 0x7C, 0xED, 0xD4, 0xAE,
    0x70, 0x4E, 0x46, 0x9F, 0xCB, 0x73, 0x97, 0x6E, 0xCE, 0x3C, 0x81, 0x39, 0x4D, 0xCC, 0xC6, 0x5B,
    0xA5, 0xF4, 0x8D, 0xC0, 0xA9, 0x9A, 0xF1, 0xC8, 0xF5, 0x6E, 0x74, 0x65, 0x64, 0x18, 0xF0, 0x5A,
    0x0F, 0x64, 0xDD, 0x21, 0x32, 0xBD, 0x91, 0x6E, 0xEC, 0x73, 0x37, 0xD4, 0x0C, 0xB4, 0x76, 0xA3,
    0xC8, 0xBC, 0x6E, 0xDD, 0xEE, 0xC6, 0x72, 0x02, 0xCC, 0x0D, 0x8B, 0x71, 0x7D, 0xF6, 0xB4, 0x3F,
    0x9A, 0x3B, 0x3E, 0x19, 0xD9, 0xD6, 0xBF, 0x39, 0x43, 0xDF, 0x12, 0xF9, 0xD6, 0xF7, 0x45, 0x70,
    0x6B, 0xEF, 0x8D, 0xF8, 0x3A, 0x69, 0xFF, 0x0B, 0x9D, 0x54, 0xBF, 0x6F, 0xDB, 0x46, 0x14, 0xFE,
    0x78, 0x17, 0xE3, 0x02, 0xD3, 0x0A, 0x33, 0xA8, 0x40, 0x86, 0x3A, 0xD2, 0x52, 0x20, 0x03, 0x0D,
    0x79, 0xD0, 0xC0, 0x41, 0x90, 0x08, 0x7B, 0x2F, 0x34, 0xD4, 0x7B, 0xE7, 0x02, 0x05, 0x34, 0x68,
    0x2A, 0x64, 0x8B, 0xED, 0xD2, 0xD5, 0x7F, 0x82, 0x51, 0x74, 0x68, 0x0D, 0x04, 0x10, 0x32, 0x05,
    0xA8, 0x51, 0x5D, 0xEA, 0x7F, 0x80, 0x7B, 0x17, 0xB6, 0x59, 0x0B, 0x84, 0x6E, 0x39, 0x10, 0x2D,
    0xA9, 0xEB, 0xF7, 0x8E, 0xB5, 0x91, 0xAC, 0x3D, 0xF2, 0xEE, 0x78, 0xEF, 0xBD, 0x7B, 0xBF, 0xBE,
    0xF7, 0x88, 0xFE, 0xA8, 0x99, 0x5D, 0x01, 0xB8, 0xDF, 0x39, 0xD6, 0xCE, 0x95, 0x5B, 0xE7, 0x72,
    0xEE, 0xF6, 0x8B, 0xEB, 0x6B, 0x39, 0x3B, 0xB7, 0xE3, 0xD7, 0xF5, 0xF5, 0x0F, 0xFE, 0xFB, 0x61,
    0xC0, 0x13, 0xEF, 0xC7, 0x8F, 0x78, 0xF6, 0x6C, 0xF2, 0x3F, 0xC7, 0xB0, 0x2F, 0x96, 0x23, 0xE7,
    0xDA, 0xBD, 0xB3, 0xB3, 0xCF, 0xE4, 0x7B, 0xE6, 0x5C, 0xF5, 0xD1, 0xD9, 0xD9, 0x1C, 0x30, 0x59,
    0x8C, 0x05, 0x4A, 0x54, 0xD8, 0xE1, 0x9C, 0x1C, 0x95, 0x45, 0x85, 0x29, 0x49, 0xC8, 0x95, 0x0D,
    0x91, 0x40, 0xA5, 0xFE, 0x5C, 0x04, 0xB9, 0xB6, 0x11, 0xC6, 0x40, 0x0A, 0xF3, 0x75, 0x11, 0x1B,
    0x2C, 0x7A, 0x28, 0x63, 0x54, 0x53, 0xEC, 0x66, 0xD9, 0xF9, 0x20, 0xF3, 0x57, 0xAF, 0xA2, 0xDF,
    0x1B, 0x73, 0xD7, 0xA0, 0x9C, 0xA0, 0x48, 0x94, 0xDD, 0x84, 0xCA, 0x26, 0xFB, 0x54, 0x71, 0x19,
    0xBD, 0xAD, 0x85, 0x5E, 0x24, 0x41, 0x3E, 0xD6, 0xB6, 0x8C, 0xB4, 0x1D, 0x3F, 0xE1, 0x05, 0xEA,
    0xCA, 0x10, 0xA6, 0x88, 0x80, 0x1E, 0x70, 0x40, 0xB7, 0x9A, 0xE9, 0x57, 0x0D, 0x8E, 0x41, 0x77,
    0x82, 0x12, 0x41, 0x01, 0x65, 0xA1, 0xF9, 0x52, 0x10, 0xD8, 0xFF, 0x4F, 0x0A, 0x31, 0xC4, 0x11,
    0x4A, 0x3D, 0x95, 0x58, 0x1E, 0x71, 0x3E, 0xE7, 0x3C, 0x82, 0xE7, 0x08, 0x7D, 0xFB, 0x53, 0x85,
    0x9F, 0xFF, 0x2E, 0x81, 0x82, 0x46, 0xB8, 0x51, 0x05, 0x34, 0x5D, 0xD4, 0x64, 0x1B, 0x49, 0x05,
    0xE7, 0x88, 0xF3, 0x63, 0x6E, 0x5F, 0xBE, 0xA6, 0xD9, 0xDA, 0x5F, 0xC3, 0x86, 0x93, 0xE2, 0x8A,
    0xD7, 0x90, 0x79, 0xB8, 0x4C, 0x83, 0x81, 0xA3, 0xC0, 0xFD, 0xDB, 0x62, 0x40, 0xD7, 0x52, 0xAC,
    0xDA, 0x66, 0xB8, 0x52, 0x45, 0xAB, 0xCB, 0x46, 0x97, 0xC3, 0x20, 0xE5, 0x77, 0x94, 0xF2, 0x34,
    0xCA, 0x78, 0x1E, 0xA5, 0xA4, 0xEC, 0xF9, 0xFB, 0xAA, 0x43, 0x5D, 0x0C, 0x46, 0x39, 0x26, 0xDC,
    0x16, 0x0B, 0x6F, 0x26, 0x1F, 0x2B, 0x71, 0xCA, 0x2E, 0x43, 0x88, 0x6F, 0x1B, 0xBA, 0x82, 0x10,
    0xE5, 0xD2, 0x6F, 0xBF, 0xE5, 0x22, 0xAF, 0x6E, 0xC5, 0x87, 0x50, 0x7F, 0x1A, 0xE6, 0xA6, 0xD4,
    0x2F, 0x93, 0xE5, 0x22, 0x4E, 0x30, 0x2F, 0x8B, 0xF1, 0x26, 0x86, 0xBE, 0xB5, 0xCB, 0x62, 0x42,
    0x66, 0xF6, 0xCA, 0x4E, 0x10, 0x87, 0xE9, 0x5F, 0x36, 0xC1, 0x26, 0xC4, 0xDB, 0x6C, 0x13, 0xD8,
    0x50, 0xDD, 0xA6, 0x85, 0x49, 0x43, 0x7D, 0x7A, 0x62, 0x7B, 0xD0, 0x2F, 0x83, 0x5F, 0x25, 0x5F,
    0x73, 0xA6, 0x8B, 0x68, 0xD2, 0x97, 0x23, 0xE2, 0x7A, 0xCC, 0x33, 0xDD, 0x3B, 0x49, 0x23, 0x52,
    0x48, 0x22, 0x8D, 0x44, 0x52, 0xE7, 0xDE, 0xED, 0x13, 0x61, 0x08, 0x47, 0x58, 0x87, 0x48, 0x26,
    0x13, 0x32, 0x85, 0xEB, 0xD9, 0xE8, 0x33, 0x94, 0x29, 0x9E, 0x50, 0x97, 0x61, 0x52, 0xFB, 0x3C,
    0xF2, 0x4C, 0x02, 0x6F, 0x84, 0x30, 0x1A, 0x5A, 0x88, 0x42, 0x15, 0xB2, 0xD0, 0x85, 0x21, 0x1C,
    0x61, 0xE9, 0x2E, 0x27, 0x63, 0xA8, 0x9C, 0x28, 0xA8, 0x1A, 0x83, 0x1C, 0x33, 0xC6, 0x6B, 0x3D,
    0x56, 0x2B, 0x8F, 0x72, 0xE0, 0xBD, 0xC8, 0x3C, 0x1C, 0xA4, 0x0C, 0x58, 0x00, 0x25, 0xA2, 0x02,
    0x6B, 0xA8, 0x0A, 0x51, 0xCA, 0x00, 0x58, 0x88, 0x92, 0xD7, 0x02, 0x23, 0x5D, 0x62, 0xA6, 0x0B,
    0x4C, 0x8D, 0xC5, 0x2A, 0xB4, 0xB8, 0x89, 0x32, 0x54, 0x4C, 0x78, 0xF9, 0x9C, 0x05, 0x14, 0xB3,
    0x82, 0x26, 0x4C, 0xF3, 0x98, 0x35, 0xB4, 0xA0, 0xAB, 0x9F, 0xE3, 0xFD, 0x71, 0x4E, 0xF1, 0x1D,
    0xAD, 0xB7, 0xB4, 0x3D, 0xDC, 0xF3, 0x71, 0xC1, 0xA5, 0x70, 0x16, 0xD3, 0x0D, 0xCE, 0x8F, 0x71,
    0x73, 0x8C, 0x7A, 0x83, 0x3F, 0x8B, 0xC0, 0x59, 0xE5, 0x40, 0x3B, 0xAC, 0xD5, 0xD0, 0x97, 0x90,
    0xBA, 0x57, 0xC1, 0xCA, 0x9B, 0xF9, 0xF7, 0x91, 0xEF, 0xAA, 0x99, 0x6B, 0x85, 0xFA, 0x58, 0x16,
    0x41, 0xDB, 0x63, 0x2D, 0x48, 0xCB, 0x3D, 0xE0, 0x50, 0x16, 0xC1, 0x18, 0x39, 0xBA, 0x92, 0x64,
    0x12, 0x39, 0x12, 0x74, 0x95, 0xE7, 0x2B, 0xB5, 0x13, 0x95, 0x52, 0x66, 0x67, 0x32, 0x15, 0x22,
    0x6A, 0x24, 0xDA, 0xDE, 0x83, 0x68, 0xF7, 0x33, 0x99, 0xF3, 0xD1, 0xAD, 0x6A, 0xA1, 0xDF, 0xE9,
    0x77, 0x92, 0x2E, 0x26, 0x2C, 0xB0, 0xB0, 0x5C, 0x02, 0xE9, 0x1B, 0x2A, 0x8B, 0x52, 0x66, 0x63,
    0xCB, 0xC7, 0xD4, 0x86, 0x89, 0xCE, 0xD8, 0xA8, 0x13, 0x71, 0x2C, 0x11, 0x3D, 0x2F, 0xF8, 0xD0,
    0xD5, 0xC7, 0xEF, 0xA7, 0xE4, 0x48, 0xFA, 0x68, 0x2D, 0x01, 0x5D, 0x10, 0x61, 0x26, 0xA4, 0xEF,
    0x0D, 0xD1, 0x0E, 0x62, 0x1A, 0x59, 0xD1, 0x4A, 0x43, 0xFD, 0x35, 0x82, 0x37, 0x25, 0xF4, 0x2F,
    0x04, 0xE5, 0x34, 0xC7, 0x56, 0x5B, 0x53, 0x6B, 0x2A, 0x0F, 0xA9, 0x3B, 0xA2, 0xEA, 0x1E, 0x35,
    0x1F, 0x7C, 0xA0, 0xF8, 0x28, 0xA8, 0xB0, 0xD6, 0x35, 0x2E, 0x74, 0x45, 0x95, 0xBE, 0xB9, 0x9E,
    0x0A, 0x7E, 0x8E, 0x2D, 0x18, 0xFC, 0x63, 0xC5, 0xA0, 0x15, 0x83, 0x97, 0x02, 0xF7, 0x15, 0x6E,
    0x24, 0x43, 0x15, 0x08, 0x69, 0x89, 0x75, 0x16, 0x14, 0x0C, 0x92, 0xFF, 0xA3, 0x02, 0xF2, 0x13,
    0x22, 0x94, 0x07, 0xD2, 0xCB, 0x07, 0xA2, 0x64, 0xEF, 0x03, 0x3C, 0x25, 0x75, 0x3B, 0x8C, 0x32,
    0xB4, 0xD2, 0xDF, 0x43, 0x0F, 0xCA, 0xEE, 0x92, 0x9C, 0x4F, 0x9C, 0x13, 0x9B, 0xCB, 0x6D, 0x2D,
    0xC0, 0xB0, 0x93, 0xB9, 0x0E, 0x84, 0x74, 0x18, 0x11, 0x6D, 0x16, 0xA7, 0x63, 0xCF, 0x47, 0xDA,
    0x11, 0x83, 0xF0, 0x54, 0x56, 0xFD, 0x8D, 0x5F, 0xDF, 0xC8, 0xAA, 0x72, 0xE1, 0x06, 0x85, 0x13,
    0x24, 0xEE, 0xBC, 0xA2, 0x0E, 0xE6, 0x8B, 0xF4, 0x01, 0x91, 0x0E, 0xED, 0x0E, 0xB5, 0x0E, 0x28,
    0x06, 0xF7, 0xBD, 0xEF, 0x5F, 0x31, 0xA6, 0x4F, 0xE5, 0x9A, 0xB6, 0xDF, 0x59, 0x01, 0xD4, 0x17,
    0xC4, 0x6B, 0x23, 0x8A, 0x46, 0x3B, 0x11, 0x0D, 0x2E, 0x7D, 0xD5, 0xBC, 0xC0, 0x3E, 0x0B, 0xF5,
    0x2E, 0x35, 0x2E, 0x9B, 0x31, 0xC3, 0x7F, 0x40, 0x7D, 0x2B, 0x95, 0xC6, 0x6E, 0xF4, 0xED, 0xE8,
    0xFB, 0xD1, 0x37, 0xA4, 0xEF, 0x48, 0xDF, 0x92, 0xBE, 0x27, 0xBB, 0xA6, 0xC4, 0xBF, 0xBD, 0x53,
    0x31, 0x6F, 0xD4, 0x30, 0x18, 0x7D, 0xB6, 0x29, 0x41, 0x97, 0x36, 0xE9, 0x00, 0x52, 0x85, 0xEE,
    0xB8, 0x0E, 0x0C, 0x15, 0x0A, 0x4D, 0x87, 0x1B, 0x82, 0x48, 0xB9, 0x20, 0x06, 0x06, 0x96, 0x56,
    0x6A, 0x57, 0x74, 0x48, 0x4C, 0xB0, 0x64, 0xE8, 0xD0, 0x4A, 0x87, 0xCE, 0x7F, 0x00, 0xD4, 0x81,
    0x1F, 0x70, 0x43, 0x07, 0xD4, 0x0E, 0x78, 0xB8, 0x01, 0xA1, 0xA3, 0xF5, 0xCC, 0xE4, 0xD2, 0x89,
    0x2D, 0x08, 0xA6, 0x2E, 0x0D, 0xE8, 0x86, 0x13, 0x9C, 0x7A, 0x7C, 0x76, 0x2B, 0x5A, 0x41, 0x67,
    0x1C, 0x47, 0x89, 0xED, 0xCF, 0xCF, 0xEF, 0x7B, 0xDF, 0x33, 0xA6, 0xF1, 0x0E, 0x2D, 0x00, 0x9B,
    0x42, 0x73, 0x2D, 0xA4, 0x80, 0x8F, 0x00, 0xCD, 0x0C, 0xB6, 0x09, 0x49, 0xAF, 0xFE, 0xE7, 0xED,
    0x8C, 0xC7, 0xA3, 0x67, 0x3B, 0x87, 0x5B, 0x17, 0xAD, 0xB9, 0x3D, 0x0C, 0x98, 0x58, 0x5D, 0x5D,
    0x69, 0x8E, 0xC7, 0xC7, 0xB7, 0xB6, 0xB7, 0xDF, 0xC4, 0x14, 0x4F, 0xFF, 0x23, 0x9C, 0x6B, 0x67,
    0x73, 0x1C, 0xA8, 0x01, 0xEB, 0x60, 0x05, 0x3C, 0x8D, 0x10, 0x58, 0x04, 0x51, 0x42, 0x09, 0x51,
    0x58, 0x40, 0x5F, 0xDA, 0xB9, 0x3A, 0x30, 0xEF, 0x56, 0xD2, 0x8B, 0x7A, 0xE4, 0x20, 0x02, 0x10,
    0x77, 0x7B, 0x36, 0x30, 0x0B, 0x24, 0x6E, 0x9A, 0xFA, 0x0D, 0x58, 0x80, 0xBF, 0xFA, 0x79, 0xBC,
    0x36, 0x30, 0x00, 0xA3, 0xF3, 0xCC, 0x79, 0x02, 0x76, 0xC2, 0x8D, 0x92, 0x13, 0xC2, 0xCB, 0x52,
    0x1C, 0x95, 0x5C, 0xE7, 0x42, 0xE6, 0x22, 0x2B, 0x7D, 0x98, 0x80, 0xE9, 0xA6, 0x5F, 0x60, 0x17,
    0xE2, 0x01, 0x02, 0x21, 0x23, 0x21, 0x53, 0x2F, 0x5B, 0x0B, 0xA1, 0x02, 0xA8, 0x08, 0x79, 0x03,
    0x77, 0x0C, 0x26, 0xDC, 0xD6, 0x3E, 0x1B, 0x11, 0x4A, 0x0E, 0x85, 0x82, 0x19, 0x12, 0x59, 0x37,
    0x4B, 0x74, 0xC0, 0x8F, 0x24, 0xF3, 0xA4, 0xA5, 0x3C, 0x05, 0x34, 0xA8, 0x00, 0xE0, 0x1C, 0xF5,
    0x11, 0x3A, 0x43, 0xB7, 0x89, 0x70, 0xDF, 0x3A, 0xAA, 0x55, 0xB0, 0x1E, 0x78, 0xDF, 0x51, 0x4D,
    0xD0, 0xEA, 0x62, 0xCF, 0x16, 0x47, 0x82, 0xF6, 0x52, 0x16, 0xCF, 0xC1, 0x5E, 0xA1, 0x32, 0x45,
    0x7A, 0xCA, 0x6B, 0x6D, 0x87, 0xA3, 0x4E, 0xF4, 0xCD, 0x70, 0x6C, 0xA5, 0x25, 0x11, 0xE9, 0x74,
    0x9B, 0x52, 0xCD, 0xA9, 0xA1, 0xD0, 0x94, 0x98, 0x3E, 0x49, 0x89, 0x10, 0xD6, 0xC1, 0x8D, 0xA5,
    0x70, 0x7B, 0x17, 0x8B, 0x21, 0x7A, 0x44, 0xBD, 0x0A, 0xD5, 0xC0, 0x3D, 0xE9, 0xD6, 0xC7, 0x26,
    0xD8, 0x91, 0x33, 0x1E, 0x30, 0x09, 0x2C, 0x00, 0x06, 0x5C, 0xA2, 0x62, 0x19, 0xD9, 0xD1, 0x69,
    0xDB, 0xA1, 0xFC, 0x33, 0xDF, 0x83, 0xF7, 0x12, 0xA2, 0xC4, 0xE5, 0x01, 0xA2, 0x14, 0xBD, 0x14,
    0x2A, 0xC1, 0x46, 0x81, 0x4B, 0xA7, 0xC5, 0xD6, 0xD8, 0x2F, 0x84, 0x2C, 0x3D, 0x59, 0x88, 0x43,
    0xCD, 0xBE, 0xBA, 0x92, 0xA6, 0x56, 0xE2, 0x7A, 0x86, 0x9B, 0xA7, 0x40, 0xFF, 0xC3, 0x6C, 0x57,
    0x48, 0x20, 0x23, 0xB2, 0x0A, 0x25, 0x34, 0x47, 0x39, 0xE4, 0xE8, 0xA2, 0xA0, 0xB4, 0xBA, 0xF4,
    0xB4, 0x68, 0x4C, 0xBA, 0x4C, 0xD3, 0x67, 0x0E, 0x33, 0x94, 0xA3, 0x7D, 0x22, 0x52, 0xDC, 0x86,
    0x19, 0x4E, 0x17, 0x63, 0x92, 0x7E, 0x49, 0xFA, 0x56, 0xA5, 0x1F, 0x51, 0x35, 0xAF, 0x97, 0xAA,
    0xF8, 0xF1, 0xED, 0x45, 0x89, 0xAE, 0x5F, 0x8D, 0xAA, 0xCD, 0xA1, 0x22, 0x69, 0x37, 0x54, 0x2C,
    0xB1, 0xE5, 0x3F, 0x8E, 0xC2, 0xC4, 0x57, 0xA1, 0xAA, 0xAD, 0x25, 0xF3, 0x86, 0x2D, 0x2F, 0x89,
    0x83, 0x4D, 0x7C, 0xB6, 0x26, 0xB3, 0xA6, 0x5E, 0xC7, 0x64, 0x84, 0x76, 0x07, 0x58, 0xF2, 0x87,
    0x57, 0x23, 0x7B, 0x46, 0x67, 0xA8, 0xD4, 0x5D, 0x4A, 0x86, 0xD8, 0x59, 0x2F, 0x26, 0xAE, 0x8A,
    0x39, 0xF0, 0x5D, 0x62, 0x5C, 0x32, 0x93, 0x73, 0xAD, 0x04, 0x09, 0x07, 0xE3, 0x73, 0x1D, 0x3F,
    0x2A, 0xCE, 0xC2, 0x16, 0x5C, 0xB1, 0xBF, 0xAC, 0xE0, 0xA0, 0x60, 0x1F, 0x21, 0x06, 0x10, 0x3D,
    0x78, 0x55, 0x84, 0x3E, 0xE2, 0xBA, 0xA6, 0xB0, 0x36, 0x05, 0x35, 0x08, 0xA9, 0x84, 0x61, 0x7F,
    0x2E, 0x37, 0x31, 0x7C, 0xB2, 0xD9, 0x12, 0x3F, 0x7F, 0xF5, 0xB9, 0xEE, 0x91, 0x69, 0xCB, 0x54,
    0x64, 0xA6, 0xE1, 0x31, 0x9D, 0x87, 0x42, 0x97, 0xB1, 0xFF, 0x69, 0x40, 0xEB, 0x7C, 0x3C, 0x60,
    0x26, 0xE1, 0xBA, 0x21, 0xA4, 0x12, 0x28, 0xC8, 0xED, 0xF1, 0xC3, 0x12, 0x33, 0x4F, 0x71, 0xFC,
    0xC1, 0x99, 0x24, 0x40, 0x51, 0x83, 0x4E, 0xB9, 0x29, 0xC5, 0xFB, 0x4C, 0x64, 0xD6, 0x41, 0x74,
    0xFB, 0x9A, 0x54, 0x8C, 0xA5, 0xA0, 0x57, 0x9D, 0x0D, 0xE9, 0x22, 0xDD, 0x37, 0xFB, 0x7A, 0x2F,
    0x63, 0xD2, 0x7F, 0x1D, 0x6E, 0x05, 0x64, 0xF1, 0x88, 0x0A, 0x9E, 0xCA, 0x38, 0xFB, 0x0D, 0x8D,
    0x56, 0x3F, 0x6C, 0xDC, 0x54, 0x1C, 0xFE, 0xEC, 0x47, 0xB9, 0xAA, 0x6E, 0xF3, 0x32, 0x50, 0xA1,
    0x42, 0xC0, 0x8C, 0x28, 0x44, 0x71, 0x87, 0x0E, 0x91, 0xB8, 0x3F, 0x6E, 0x2B, 0xC1, 0x48, 0x07,
    0xAE, 0x95, 0xCA, 0xD0, 0x0E, 0x20, 0xC1, 0x94, 0x4A, 0xCD, 0x90, 0x21, 0xED, 0x99, 0x89, 0xA1,
    0x03, 0x1D, 0x60, 0x62, 0xE8, 0x0D, 0x95, 0x68, 0x53, 0x89, 0xDC, 0xE0, 0x56, 0x11, 0xBA, 0xD4,
    0x26, 0x19, 0x3A, 0x62, 0x15, 0xB5, 0x48, 0xA8, 0x48, 0x16, 0xEA, 0x80, 0xD2, 0x01, 0x83, 0x1C,
    0xC9, 0x09, 0xD7, 0x33, 0xDF, 0xEF, 0xF9, 0x72, 0x09, 0x1D, 0x10, 0x96, 0xEE, 0xF7, 0xEE, 0xDE,
    0x7B, 0xBF, 0xFF, 0xDF, 0xF7, 0xF3, 0x01, 0x50, 0xEF, 0x83, 0x8F, 0xA3, 0x45, 0xCE, 0xCF, 0x50,
    0xB8, 0xE5, 0x30, 0x80, 0x35, 0x58, 0x28, 0xB9, 0x9B, 0xFC, 0x39, 0x04, 0xBC, 0x53, 0x1B, 0x4F,
    0x80, 0xAB, 0xEA, 0xDA, 0x14, 0x30, 0xD0, 0x13, 0x80, 0x9D, 0xBD, 0x51, 0xA7, 0x62, 0x56, 0x5F,
    0x04, 0x6A, 0x69, 0x2F, 0xE3, 0xC5, 0xF8, 0xB7, 0x04, 0xD0, 0xEB, 0x1B, 0x31, 0xE5, 0x83, 0x6B,
    0xB4, 0xA2, 0x7F, 0x9C, 0x10, 0xB3, 0xBF, 0xF2, 0x22, 0x6A, 0x83, 0x05, 0xF8, 0xBC, 0x9F, 0x29,
    0x1A, 0xFE, 0x2B, 0x76, 0xA8, 0x5B, 0x06, 0xB3, 0xDC, 0xFF, 0x60, 0x73, 0xC0, 0x9B, 0x6F, 0x7E,
    0xCC, 0x3B, 0x33, 0x72, 0x11, 0x73, 0x0B, 0x18, 0x3D, 0x2F, 0xC1, 0x29, 0x4B, 0x9E, 0x0E, 0x50,
    0x17, 0xF1, 0x36, 0x90, 0xE3, 0x15, 0x58, 0xF4, 0x45, 0xF7, 0x14, 0x2A, 0x11, 0x11, 0x2B, 0xFA,
    0x78, 0x74, 0x81, 0x46, 0x9E, 0x3D, 0xA7, 0xC0, 0x61, 0x46, 0x8B, 0x83, 0x40, 0x93, 0x87, 0x87,
    0xA2, 0xE5, 0x00, 0xBA, 0x2C, 0x03, 0xA0, 0x2F, 0x16, 0x0B, 0x51, 0x15, 0xD1, 0x92, 0xAD, 0xDD,
    0xE7, 0x80, 0x4F, 0xF1, 0x7D, 0x26, 0xB6, 0x98, 0x8D, 0x0E, 0x28, 0x5A, 0xE8, 0x32, 0x5D, 0x39,
    0xA4, 0x7F, 0x56, 0x82, 0xE2, 0xD5, 0x92, 0x37, 0xA2, 0x2D, 0xDE, 0xAD, 0x89, 0xDF, 0xF9, 0x32,
    0x86, 0xB5, 0xF2, 0x15, 0xBF, 0xCD, 0xCA, 0xB5, 0xBA, 0xB8, 0xEC, 0xE1, 0x08, 0x9C, 0x6D, 0x46,
    0x70, 0x35, 0x8A, 0x67, 0x50, 0xB8, 0xD4, 0x98, 0xB4, 0xF7, 0x3C, 0x75, 0x45, 0xA4, 0xCC, 0x33,
    0x7A, 0x96, 0x21, 0xBA, 0xB1, 0x5D, 0xA0, 0xA1, 0x92, 0x3A, 0xEA, 0x2A, 0xFE, 0x5F, 0xA2, 0xD4,
    0x99, 0xF4, 0xC3, 0xB4, 0x0A, 0x2F, 0x3C, 0x7A, 0xC0, 0x7A, 0x32, 0xCA, 0xFB, 0x4C, 0x9E, 0xFE,
    0x3A, 0x52, 0x08, 0x46, 0x1B, 0x40, 0x3A, 0xC0, 0x8E, 0xB0, 0x6D, 0x58, 0x4F, 0xC1, 0xDE, 0xDA,
    0x41, 0x86, 0x39, 0xA6, 0xEA, 0xE7, 0x38, 0xCE, 0x54, 0xDA, 0x6B, 0xE7, 0x77, 0x6E, 0xB2, 0x42,
    0x7C, 0x72, 0x5E, 0x76, 0xC1, 0xEE, 0x1D, 0x86, 0x3E, 0xC9, 0x65, 0x0A, 0xCE, 0x06, 0xB3, 0x9D,
    0x83, 0xFA, 0x89, 0xDA, 0x27, 0x60, 0xFF, 0xCD, 0xE5, 0x12, 0xC0, 0x2A, 0x23, 0x33, 0x8B, 0x74,
    0x81, 0xAE, 0xBC, 0xD2, 0x47, 0x2B, 0x7E, 0x31, 0xA2, 0xB2, 0x94, 0xA5, 0x6F, 0x8A, 0xD5, 0x37,
    0xFD, 0x2A, 0x4C, 0xFD, 0x33, 0xD1, 0x14, 0x7F, 0xC0, 0xB9, 0x54, 0xCA, 0xAB, 0x12, 0x2B, 0x67,
    0x24, 0xB1, 0x32, 0x20, 0xD2, 0x02, 0x9F, 0xF7, 0xC4, 0x87, 0x3E, 0x74, 0x1D, 0xD2, 0x4B, 0x79,
    0x9A, 0xA8, 0x8A, 0x2C, 0xCF, 0x12, 0x76, 0x5B, 0x09, 0x5B, 0x1A, 0xF3, 0xEF, 0x66, 0x8E, 0x1E,
    0xAF, 0x1C, 0xCA, 0x62, 0x15, 0xDA, 0x04, 0x96, 0xAB, 0x54, 0x7E, 0x65, 0xAA, 0x02, 0x8F, 0x59,
    0x54, 0x5A, 0x2D, 0xB1, 0xC1, 0x11, 0x3D, 0x07, 0x6C, 0xA9, 0x8E, 0x9B, 0xB5, 0x53, 0x5C, 0x1E,
    0xA7, 0x9A, 0xA5, 0xF0, 0x56, 0x02, 0x57, 0xBC, 0x3B, 0xB1, 0x4B, 0x17, 0x75, 0x95, 0x6A, 0x6A,
    0x2C, 0x51, 0x9F, 0x7E, 0x57, 0x89, 0xC6, 0x35, 0x81, 0xE4, 0x80, 0xD1, 0x11, 0x94, 0x57, 0xD0,
    0x20, 0xBE, 0x89, 0x9C, 0x25, 0x44, 0x43, 0x82, 0x31, 0x35, 0x71, 0x7C, 0xB6, 0xBF, 0x22, 0x69,
    0xA7, 0x8C, 0x79, 0xB6, 0x06, 0x95, 0x43, 0x27, 0xBC, 0xC8, 0xB2, 0x68, 0x49, 0x48, 0x99, 0xD6,
    0xAC, 0xCA, 0xE6, 0x82, 0xAC, 0xEF, 0xC4, 0x82, 0x93, 0x1C, 0x97, 0x63, 0xD2, 0x05, 0x99, 0xB5,
    0x11, 0xF3, 0x9A, 0xB5, 0x75, 0xEE, 0x9B, 0x5F, 0xBE, 0xBB, 0x89, 0x68, 0xD4, 0x2D, 0x3B, 0x9D,
    0xD3, 0x01, 0x43, 0xB7, 0xD3, 0xAE, 0x3E, 0xCD, 0x6B, 0xEA, 0x61, 0xAC, 0xA5, 0xEB, 0xEA, 0x01,
    0xB4, 0x90, 0x58, 0x3D, 0x81, 0x7B, 0x49, 0xA8, 0x97, 0xC3, 0x33, 0x19, 0xA6, 0x68, 0xF9, 0x26,
    0xD3, 0xAA, 0x9C, 0xCE, 0x6E, 0x41, 0x81, 0xC9, 0xD1, 0xFA, 0xE9, 0xB8, 0xA6, 0xA6, 0xC8, 0x8B,
    0xA6, 0xB8, 0xD4, 0x99, 0xDE, 0x96, 0xEA, 0x49, 0x46, 0x76, 0xC5, 0x39, 0x6A, 0xFF, 0x4C, 0xD1,
    0x6C, 0xD1, 0x6F, 0xEE, 0x4A, 0x0F, 0x5D, 0x61, 0x0E, 0xA9, 0xE0, 0xB2, 0x0C, 0xB4, 0xDB, 0x17,
    0x13, 0xB4, 0x14, 0xAA, 0xD5, 0x49, 0x64, 0x47, 0xC2, 0x8B, 0xC8, 0x17, 0x58, 0xDE, 0x28, 0x61,
    0xDB, 0x8F, 0x91, 0xC5, 0xD5, 0xA3, 0x4A, 0xEE, 0x51, 0x48, 0x58, 0x78, 0xCD, 0x04, 0xB7, 0x33,
    0xBC, 0x2E, 0xCC, 0xF3, 0x62, 0xD8, 0x39, 0x1C, 0x5F, 0xA2, 0x65, 0xA0, 0x9E, 0x8F, 0x43, 0xBB,
    0x28, 0x30, 0x4C, 0xB6, 0x87, 0x2B, 0x54, 0x75, 0x86, 0xCB, 0x24, 0xB8, 0x01, 0x17, 0x5E, 0xDF,
    0xB9, 0x33, 0x94, 0x70, 0x37, 0x6F, 0xCB, 0x5C, 0x32, 0xD6, 0x8D, 0x94, 0xD3, 0x49, 0x83, 0x97,
    0x44, 0x62, 0xB2, 0x19, 0xB6, 0xEB, 0x3B, 0x52, 0xAF, 0x9D, 0x48, 0xCE, 0x8F, 0xED, 0x43, 0x8D,
    0x53, 0x26, 0xAD, 0xD2, 0x90, 0x5E, 0x5F, 0x37, 0x18, 0x33, 0x05, 0xCA, 0xAC, 0xC4, 0xD8, 0xA9,
    0x19, 0xA3, 0xE9, 0x8C, 0x59, 0x92, 0x9E, 0x2C, 0xB5, 0x0D, 0x03, 0xBD, 0x0B, 0x7F, 0x2C, 0xAF,
    0xA4, 0xB0, 0xD8, 0x96, 0x4D, 0xEA, 0xB9, 0x15, 0x66, 0xBD, 0x0A, 0x7A, 0x4D, 0xC3, 0x00, 0x82,
    0x27, 0xAB, 0x82, 0x1F, 0x54, 0xE8, 0xBD, 0x6F, 0x60, 0x69, 0x3A, 0xA2, 0x0A, 0x78, 0xAC, 0x6D,
    0xA7, 0x44, 0xC5, 0x99, 0xD1, 0xF0, 0xE3, 0x47, 0x88, 0x59, 0xCC, 0xFA, 0x03, 0x2B, 0x9B, 0xA3,
    0x4A, 0xAF, 0x4B, 0x85, 0x8B, 0xFB, 0x07, 0xE0, 0xC3, 0xCC, 0xCC, 0x51, 0x58, 0x11, 0x7D, 0x78,
    0x37, 0x3E, 0xEF, 0xE1, 0x2D, 0x2D, 0x5F, 0x3B, 0x4F, 0x85, 0x01, 0xBC, 0xB1, 0xD0, 0x18, 0xF3,
    0x66, 0x6F, 0x00, 0x0E, 0x0C, 0x3F, 0x82, 0x17, 0x09, 0xF3, 0xBC, 0xE2, 0x8B, 0xEC, 0x67, 0x42,
    0x97, 0xB3, 0x3B, 0x77, 0x4A, 0xD8, 0x8C, 0xE0, 0xB9, 0x74, 0x5C, 0x1C, 0x3A, 0x8F, 0x3E, 0x2A,
    0x64, 0x26, 0x97, 0x34, 0xA3, 0x7D, 0x47, 0x2A, 0x69, 0xF8, 0x39, 0xFB, 0xB2, 0xD8, 0x6D, 0x4C,
    0xFB, 0x63, 0x8E, 0xF6, 0xF7, 0x38, 0x8A, 0x71, 0x17, 0x58, 0x2E, 0x23, 0xA3, 0x72, 0xBF, 0x63,
    0x33, 0xEE, 0xEF, 0x9E, 0xA1, 0xEF, 0x61, 0x74, 0x0B, 0x3A, 0x27, 0x37, 0xAE, 0x84, 0x56, 0x66,
    0xE7, 0x21, 0x92, 0x5A, 0x1A, 0x82, 0x13, 0x21, 0x84, 0xEF, 0xF9, 0xA1, 0x4C, 0xE5, 0x50, 0xB0,
    0x41, 0xB1, 0x26, 0xA2, 0x8F, 0x7B, 0x5F, 0x77, 0x07, 0xB8, 0x57, 0xA6, 0x7D, 0x84, 0x4D, 0xFE,
    0x0C, 0xEB, 0x04, 0x1F, 0x05, 0xEF, 0x2D, 0x12, 0x8D, 0xE1, 0x2A, 0x21, 0x70, 0xB7, 0x10, 0x87,
    0x89, 0xA4, 0x26, 0x8E, 0x42, 0x54, 0x43, 0x0C, 0x68, 0x9B, 0x76, 0x33, 0xFE, 0x9C, 0x23, 0x6E,
    0x91, 0xB3, 0xBB, 0x5F, 0x45, 0x4C, 0xD8, 0x09, 0x55, 0x8E, 0x76, 0x7E, 0xF7, 0xE4, 0xED, 0xC3,
    0xCE, 0xD8, 0xC3, 0xF6, 0x19, 0x26, 0x9D, 0xC9, 0x64, 0x6D, 0x49, 0xA2, 0x50, 0x04, 0xD2, 0x04,
    0x53, 0x9D, 0x21, 0x24, 0x43, 0x12, 0x9B, 0xE6, 0x6F, 0x8F, 0xBB, 0x66, 0x86, 0xED, 0x81, 0x55,
    0x49, 0xA8, 0xBC, 0x05, 0x37, 0xFE, 0x36, 0x63, 0xB8, 0xEB, 0xA9, 0x9D, 0xDB, 0x3F, 0xC4, 0xB5,
    0x54, 0x9D, 0x64, 0x42, 0x35, 0x99, 0x6B, 0x13, 0x62, 0x6D, 0x4A, 0x12, 0x9A, 0x93, 0x5C, 0x8E,
    0x0B, 0xEC, 0x7A, 0x22, 0x68, 0x6D, 0x20, 0x30, 0xED, 0x2B, 0x16, 0x74, 0xA9, 0x46, 0xA3, 0xCD,
    0x09, 0xDE, 0xD1, 0x53, 0x3C, 0xAE, 0x15, 0x36, 0x5B, 0x33, 0x5C, 0xE1, 0xF1, 0x3D, 0x29, 0xB7,
    0xC1, 0x96, 0x21, 0x8E, 0x44, 0x68, 0xB5, 0xDB, 0xED, 0x33, 0x26, 0x90, 0x83, 0xB2, 0xED, 0x72,
    0x2F, 0x6E, 0xD8, 0x99, 0x13, 0x9C, 0xE0, 0xB0, 0xF3, 0xBB, 0x2A, 0x51, 0x32, 0x68, 0xAB, 0x19,
    0x20, 0x2D, 0x44, 0xF5, 0x9E, 0xA8, 0x86, 0x6C, 0x73, 0x0C, 0x95, 0xA5, 0xFF, 0x80, 0x4A, 0x87,
    0x26, 0x8F, 0x76, 0xDA, 0x42, 0x22, 0x2A, 0xC7, 0xE6, 0x23, 0x7B, 0xD3, 0x2B, 0xCB, 0xBE, 0xB1,
    0xC3, 0x32, 0xBE, 0x9B, 0x56, 0xAF, 0x21, 0x71, 0xA5, 0xB2, 0x91, 0xAD, 0x2B, 0x23, 0x3F, 0xA2,
    0xC3, 0x1E, 0xF3, 0x1D, 0x10, 0x8F, 0x38, 0xCF, 0x8B, 0x82, 0xA8, 0x68, 0xE4, 0x79, 0xD4, 0x07,
    0x6B, 0xAB, 0x07, 0xC5, 0xBF, 0x21, 0x11, 0x8D, 0x9D, 0x7E, 0x9C, 0x92, 0xEB, 0x24, 0x58, 0x20,
    0x51, 0x6B, 0xDA, 0xD1, 0xAC, 0xDD, 0x04, 0x3B, 0x31, 0x45, 0x95, 0x13, 0x2C, 0x57, 0x42, 0xA0,
    0x32, 0x8E, 0x74, 0xFC, 0x4E, 0x6F, 0xFB, 0xE6, 0x7F, 0x4C, 0x30, 0x9E, 0x03, 0xE6, 0x0D, 0x80,
    0xF9, 0xA7, 0xA6, 0x56, 0xF2, 0x72, 0x68, 0x7D, 0xF9, 0x45, 0x20, 0xFF, 0x66, 0x58, 0x6A, 0x95,
    0xB9, 0x1C, 0xB8, 0x4E, 0x3C, 0x4B, 0xA9, 0x83, 0x06, 0xA5, 0x4B, 0xBB, 0x02, 0x8E, 0x55, 0x4B,
    0xA6, 0x65, 0xCE, 0x89, 0xB7, 0x64, 0x17, 0x1C, 0xC6, 0xFD, 0x4E, 0xC9, 0x3F, 0x4B, 0xC5, 0xA4,
    0xA5, 0x85, 0xBD, 0x0C, 0x43, 0x80, 0x3D, 0x6B, 0x5C, 0x34, 0xE0, 0x15, 0xE4, 0x4B, 0xF0, 0xC9,
    0x87, 0xB0, 0xCE, 0xFA, 0xFB, 0x58, 0x55, 0x91, 0x4A, 0x38, 0x65, 0xDE, 0x3C, 0x2A, 0xA5, 0x8E,
    0x21, 0x54, 0x4D, 0x84, 0x13, 0xF0, 0xC0, 0xB0, 0x49, 0xC8, 0x64, 0x75, 0x96, 0x85, 0x62, 0x9B,
    0xFE, 0xA8, 0x15, 0x6B, 0xE7, 0xBB, 0x34, 0x22, 0x00, 0x1B, 0xB3, 0xDE, 0x90, 0x68, 0x8F, 0x43,
    0xFF, 0x00, 0xAD, 0x56, 0x31, 0x6F, 0xD3, 0x40, 0x14, 0x7E, 0xF6, 0x81, 0xDC, 0xC8, 0x6A, 0xDC,
    0x05, 0x94, 0xA1, 0xC8, 0x12, 0x62, 0x42, 0xA1, 0xE9, 0x90, 0xC1, 0x83, 0x9B, 0x78, 0x67, 0x61,
    0xE9, 0x5C, 0x06, 0x66, 0x94, 0x01, 0x09, 0x90, 0x1C, 0x1A, 0x66, 0x96, 0x6E, 0xFC, 0x07, 0x16,
    0x3A, 0x46, 0xB4, 0x28, 0xA1, 0x9D, 0xD8, 0x2C, 0x24, 0x98, 0xFD, 0x0B, 0xA8, 0x25, 0x3C, 0x04,
    0x29, 0x8D, 0xB9, 0xFB, 0xDE, 0x39, 0x39, 0xA3, 0x2A, 0xD4, 0x15, 0xA7, 0xD3, 0x3B, 0xFB, 0xBD,
    0x77, 0xCF, 0xCF, 0xDF, 0x7B, 0xF7, 0xD9, 0xD4, 0x20, 0x8C, 0x90, 0x97, 0x1C, 0x52, 0xA4, 0x58,
    0xFC, 0xEF, 0xFB, 0x72, 0x3C, 0x99, 0x14, 0x6A, 0xCC, 0xFC, 0x84, 0x6D, 0x99, 0xE9, 0x59, 0xEE,
    0xDB, 0xA0, 0x72, 0xB4, 0x89, 0x7A, 0x44, 0x45, 0x24, 0x8A, 0xA9, 0xFB, 0x33, 0xDB, 0x69, 0xC7,
    0xBB, 0xED, 0x86, 0x52, 0xD6, 0x9D, 0x3C, 0xAC, 0x11, 0xAF, 0x9C, 0x10, 0x8D, 0x79, 0xE9, 0xD3,
    0x1D, 0x95, 0xD9, 0x41, 0x82, 0xCC, 0x0A, 0x4E, 0x45, 0xE7, 0xD7, 0xAB, 0x78, 0xA6, 0x66, 0x94,
    0x41, 0xED, 0x79, 0x34, 0x68, 0xC5, 0x83, 0xDC, 0x3F, 0x49, 0xDC, 0x22, 0xB2, 0x17, 0x44, 0x73,
    0xE8, 0xE5, 0x68, 0x70, 0xD0, 0x90, 0x1F, 0xA1, 0x12, 0x38, 0x65, 0xD4, 0xFA, 0x8C, 0xDA, 0x41,
    0xC2, 0xA8, 0xE5, 0xC8, 0xCA, 0x4F, 0xB4, 0x0D, 0x9E, 0xE3, 0xE5, 0xBE, 0xC6, 0x32, 0xB5, 0x12,
    0x35, 0xBB, 0x44, 0xAD, 0xFB, 0x2F, 0xD4, 0xA4, 0x83, 0x74, 0x93, 0xCE, 0x72, 0x0B, 0x15, 0xD8,
    0x0E, 0xD4, 0x9E, 0x31, 0x42, 0x52, 0x29, 0xE5, 0x02, 0xD7, 0xEA, 0x92, 0x1E, 0xA1, 0x6E, 0x6D,
    0xD4, 0xAB, 0xED, 0x41, 0x0A, 0x65, 0x78, 0x40, 0x99, 0x51, 0x48, 0x8F, 0x6B, 0x8C, 0x1D, 0x37,
    0x30, 0x4C, 0xA9, 0x3A, 0x1E, 0x7E, 0x54, 0xEF, 0xDD, 0x29, 0x50, 0x9A, 0x0E, 0xAC, 0x87, 0x4A,
    0x5A, 0xBF, 0x94, 0x74, 0xCE, 0x95, 0xF4, 0x6D, 0x25, 0x63, 0x4B, 0x4A, 0x0B, 0x81, 0x1D, 0xF8,
    0xF9, 0x08, 0x10, 0xA3, 0x7C, 0xD7, 0x55, 0x73, 0x46, 0x5B, 0x46, 0x02, 0xA9, 0xD1, 0x0C, 0x3B,
    0x90, 0x2E, 0x00, 0xB7, 0x6F, 0x60, 0xB0, 0x61, 0x10, 0x30, 0xB8, 0x30, 0xBC, 0x83, 0xE1, 0x02,
    0x5E, 0x93, 0x48, 0x69, 0x0A, 0x25, 0x27, 0x05, 0x76, 0xDC, 0x35, 0xD0, 0x60, 0x7C, 0x3C, 0x23,
    0xCB, 0xAC, 0xB6, 0x7A, 0x17, 0xEA, 0x2E, 0xD4, 0x01, 0xD4, 0x61, 0xB6, 0xAA, 0xEF, 0x61, 0x84,
    0x2C, 0x90, 0x40, 0xF1, 0x41, 0xC9, 0x68, 0xF9, 0x74, 0x8B, 0x8C, 0x52, 0xD1, 0x3D, 0x5E, 0x02,
    0x5E, 0x8E, 0x57, 0x40, 0x35, 0x08, 0xA5, 0x08, 0x49, 0x44, 0x38, 0xE0, 0x1E, 0x53, 0xC1, 0x36,
    0x53, 0xC1, 0xD0, 0xA4, 0x02, 0x2B, 0x05, 0x15, 0xC0, 0x9F, 0x72, 0xF8, 0x53, 0xC8, 0xF1, 0x37,
    0xB6, 0xAF, 0x8A, 0x9F, 0x98, 0x6D, 0x22, 0xFE, 0xCE, 0xCC, 0xE5, 0x65, 0xB3, 0xC2, 0x29, 0x03,
    0xB3, 0x84, 0xF6, 0x17, 0x60, 0x2A, 0x46, 0x29, 0xFB, 0x8F, 0xD9, 0x1F, 0x4C, 0x30, 0xAC, 0x30,
    0x41, 0x0A, 0x26, 0x90, 0x99, 0x29, 0x26, 0x90, 0x99, 0x8D, 0x39, 0x7E, 0x8A, 0x37, 0xC7, 0x71,
    0xBB, 0x32, 0xBE, 0xCE, 0x2C, 0xD2, 0xC7, 0x1B, 0xB7, 0x21, 0xE7, 0x9B, 0x7B, 0x4C, 0x8A, 0x6F,
    0xD0, 0x69, 0x3F, 0x2E, 0x4D, 0x52, 0xFC, 0x36, 0x37, 0x6C, 0xD2, 0x33, 0x32, 0xF6, 0x35, 0x48,
    0xB3, 0x17, 0x75, 0x15, 0x75, 0x58, 0x0B, 0x72, 0x8A, 0x91, 0x7F, 0x92, 0xC6, 0xDD, 0xFC, 0xE8,
    0x45, 0x4B, 0x6A, 0xEC, 0x42, 0x76, 0xCC, 0xC8, 0x7F, 0x99, 0xBE, 0xEA, 0x8E, 0xA3, 0xEE, 0x2D,
    0xE5, 0xB6, 0x66, 0xEE, 0xEA, 0x60, 0x2D, 0xE6, 0x0C, 0x8F, 0x33, 0x77, 0xA6, 0x80, 0xC2, 0xCE,
    0xFA, 0x74, 0x5B, 0x26, 0xB6, 0x30, 0xA1, 0xB0, 0x2E, 0x41, 0x3F, 0x22, 0xEB, 0x19, 0x9E, 0x4D,
    0xDE, 0xA7, 0xA3, 0xA8, 0x32, 0xAD, 0x9D, 0x5B, 0xC1, 0xC6, 0x5E, 0x10, 0x7B, 0x9F, 0x32, 0x49,
    0xE8, 0x96, 0xE4, 0x99, 0xCF, 0xF4, 0x34, 0x94, 0x9A, 0x53, 0x6F, 0xA2, 0x34, 0x8A, 0x79, 0xE2,
    0xB2, 0xD6, 0xFF, 0xFB, 0x53, 0xA2, 0x9B, 0xA3, 0xB9, 0xFC, 0xB0, 0x68, 0x28, 0x57, 0x14, 0xA4,
    0x48, 0x43, 0x3E, 0x56, 0xBC, 0x05, 0x17, 0xBB, 0xCC, 0xC5, 0x9B, 0xCC, 0xC5, 0x6D, 0xE6, 0xE2,
    0xD7, 0x26, 0x17, 0xDB, 0x09, 0xB8, 0x58, 0x8C, 0xC0, 0xC5, 0x2E, 0x73, 0xF1, 0x26, 0x73, 0x71,
    0xC8, 0xCD, 0x71, 0x65, 0x57, 0x30, 0x54, 0x4E, 0x25, 0x41, 0x9D, 0xEE, 0x6F, 0xBC, 0x98, 0xD0,
    0x2F, 0xC6, 0xFE, 0x13, 0x36, 0xE9, 0x3B, 0x6D, 0x63, 0xCF, 0x68, 0xED, 0x17, 0xD3, 0x3B, 0xCF,
    0xFA, 0x67, 0xF3, 0xFB, 0x67, 0x5F, 0xED, 0xB3, 0x69, 0xDD, 0x59, 0x86, 0x1B, 0x95, 0xDD, 0xAD,
    0xDA, 0x61, 0x7F, 0x28, 0x3F, 0x05, 0x6A, 0x70, 0x5F, 0xBB, 0x0C, 0x9B, 0x98, 0xF3, 0x5D, 0xAA,
    0x6D, 0xF0, 0x8C, 0x2B, 0xE7, 0x15, 0x51, 0x1C, 0x41, 0x8E, 0x53, 0x6F, 0xBE, 0x77, 0x5A, 0x13,
    0x27, 0xEF, 0x3C, 0x4E, 0xDC, 0x8B, 0x48, 0x5C, 0x12, 0xCD, 0x4A, 0x44, 0xF5, 0xFB, 0xEE, 0x01,
    0x2E, 0x62, 0x48, 0xD6, 0x36, 0x87, 0xFE, 0xE4, 0x6B, 0xF0, 0xF4, 0xBE, 0x0A, 0x6A, 0x43, 0x69,
    0x25, 0x85, 0xDA, 0x22, 0xEB, 0x87, 0xF3, 0x4E, 0x38, 0xF6, 0xC2, 0xE3, 0x5A, 0xB3, 0x19, 0x1C,
    0xAF, 0xFE, 0x33, 0xF0, 0x4B, 0x91, 0x96, 0xCF, 0xBB, 0xC6, 0x7F, 0x86, 0xF6, 0xD4, 0xFB, 0x56,
    0xFF, 0x19, 0xCD, 0x20, 0xAB, 0x3B, 0x9F, 0x07, 0xB3, 0x5E, 0x30, 0xE3, 0x23, 0xA5, 0x0E, 0xD9,
    0xA9, 0x3E, 0x52, 0x7F, 0x00, 0x9D, 0x56, 0xBF, 0x6F, 0xDB, 0x46, 0x14, 0xFE, 0x48, 0xA6, 0x61,
    0x0B, 0x56, 0x66, 0x86, 0x14, 0x30, 0x50, 0xDB, 0xD4, 0xD0, 0xC1, 0x08, 0x1C, 0x33, 0x83, 0x81,
    0x7A, 0xA0, 0x4C, 0x16, 0xF9, 0x03, 0xEA, 0xA1, 0xE9, 0x9C, 0xB1, 0xA3, 0x0B, 0x78, 0x70, 0x51,
    0xC1, 0x22, 0x3A, 0x74, 0xEE, 0x98, 0xAD, 0x1D, 0x5D, 0x67, 0xA8, 0x07, 0x15, 0x75, 0x51, 0x59,
    0xE2, 0xD6, 0x31, 0xFC, 0x13, 0x08, 0x64, 0xCB, 0x12, 0x0E, 0x1C, 0x94, 0x82, 0xD2, 0xF5, 0x7B,
    0x77, 0x27, 0x4B, 0x36, 0xDC, 0x02, 0x2D, 0xA9, 0xF7, 0x40, 0xDD, 0xDD, 0x7B, 0xEF, 0x7B, 0x3F,
    0x49, 0x7C, 0x05, 0xC4, 0x39, 0xDC, 0x1A, 0x18, 0x02, 0x89, 0xFE, 0x3D, 0x06, 0x76, 0xE5, 0x17,
    0xCF, 0xD1, 0x5C, 0x79, 0x65, 0x12, 0xE4, 0x49, 0x88, 0xFE, 0x2E, 0x2E, 0x13, 0xD4, 0x7D, 0xB7,
    0x3A, 0xF1, 0x8A, 0x13, 0x2E, 0x6D, 0x61, 0x77, 0x0A, 0x37, 0x03, 0xAF, 0x7B, 0xC2, 0x76, 0x80,
    0x40, 0x51, 0xC7, 0xE4, 0x65, 0x03, 0xAF, 0x76, 0xE6, 0x08, 0x0A, 0xEF, 0xC7, 0x2C, 0x42, 0xE0,
    0x17, 0x3D, 0xAC, 0x79, 0x65, 0x1F, 0x3B, 0x6E, 0x75, 0x89, 0x3D, 0xA7, 0x9E, 0xA2, 0x26, 0x73,
    0x0A, 0x32, 0x2F, 0x77, 0xAB, 0x51, 0x00, 0x1A, 0xE9, 0xC0, 0x2F, 0xD2, 0x1D, 0x84, 0x59, 0xD8,
    0x20, 0x85, 0xD7, 0xB8, 0x54, 0xAE, 0x54, 0x09, 0xEF, 0xFB, 0x33, 0x2A, 0x16, 0x03, 0x1D, 0xD8,
    0xAB, 0x2B, 0xEC, 0x82, 0xE4, 0x13, 0x35, 0xC2, 0x8A, 0xEC, 0xD3, 0x92, 0xEC, 0x75, 0x01, 0xB8,
    0x7F, 0x92, 0xF9, 0x01, 0xD9, 0x46, 0x98, 0x03, 0x7B, 0x21, 0x01, 0x56, 0x21, 0xE0, 0x15, 0x91,
    0xA8, 0x89, 0x05, 0xE7, 0x01, 0x70, 0x8C, 0x1E, 0xD7, 0xE9, 0xAC, 0x57, 0xA0, 0x0F, 0xEE, 0x8F,
    0x90, 0xBE, 0x39, 0x9F, 0x62, 0xA0, 0x54, 0x63, 0xAD, 0xF0, 0xB1, 0x86, 0x52, 0xAA, 0x42, 0x23,
    0xA7, 0x6A, 0x9E, 0x72, 0x6A, 0x4A, 0x33, 0x54, 0xC7, 0xF0, 0x2A, 0x87, 0xD0, 0x4A, 0x2F, 0xE7,
    0x16, 0xA5, 0xFD, 0x42, 0xBC, 0x2F, 0x8E, 0x88, 0x26, 0xA7, 0xE9, 0xF0, 0x29, 0xAD, 0x86, 0x6B,
    0x54, 0x12, 0x6D, 0x93, 0xED, 0x72, 0x1D, 0x07, 0x5C, 0xA7, 0x63, 0xBC, 0xBE, 0x11, 0xF6, 0x1C,
    0x2B, 0x57, 0x40, 0x33, 0x6A, 0x0A, 0xCC, 0x78, 0x22, 0x13, 0x2C, 0x02, 0x91, 0x66, 0x25, 0x19,
    0x34, 0x4C, 0x84, 0x3A, 0x41, 0x97, 0x74, 0xA3, 0xD2, 0xEB, 0xC4, 0x43, 0x2C, 0xB4, 0x08, 0xB7,
    0x12, 0x9B, 0x84, 0x02, 0x68, 0x2F, 0x69, 0x52, 0xAF, 0x4B, 0x06, 0x25, 0x00, 0x3D, 0xBD, 0x2E,
    0x1A, 0xE8, 0xBA, 0x68, 0xB0, 0x9A, 0xB9, 0xEE, 0x1A, 0x8B, 0x03, 0x95, 0x45, 0xAA, 0xC4, 0xCD,
    0x6B, 0xA2, 0xB2, 0x58, 0x15, 0xF0, 0x1B, 0x38, 0xB3, 0x6B, 0x0C, 0x0B, 0x44, 0x16, 0x5F, 0x5F,
    0xDB, 0x5A, 0x58, 0xB0, 0xF6, 0xAC, 0x75, 0x86, 0x5D, 0xB0, 0x58, 0x64, 0xBE, 0xC1, 0x69, 0x51,
    0x5B, 0x1F, 0xAC, 0x47, 0xB7, 0x74, 0xB7, 0x3A, 0x48, 0x3A, 0x20, 0xCD, 0x0D, 0x44, 0x9E, 0x52,
    0x73, 0xB8, 0x0D, 0x36, 0xE5, 0xCC, 0x87, 0xC2, 0xDE, 0x37, 0x30, 0x4C, 0x50, 0xC5, 0x36, 0x42,
    0x89, 0xB1, 0x2F, 0xF5, 0xE0, 0x49, 0x65, 0x88, 0x4D, 0x04, 0xB9, 0xC1, 0xA8, 0x0D, 0x69, 0x50,
    0x1A, 0x35, 0x4D, 0x77, 0xE0, 0x96, 0xCC, 0x67, 0x98, 0x3B, 0xAC, 0x38, 0xC9, 0xF3, 0x44, 0xD1,
    0xE5, 0x8F, 0xBE, 0x3C, 0xCF, 0xF0, 0xDE, 0xB3, 0x67, 0x5F, 0x70, 0x69, 0xFE, 0xE8, 0xFC, 0xFC,
    0x2C, 0x66, 0x6A, 0x06, 0x3A, 0x3D, 0x22, 0x9F, 0xDF, 0x49, 0x8F, 0x5E, 0xBE, 0x39, 0xE3, 0x99,
    0xF6, 0xEE, 0xFD, 0x6C, 0xE1, 0xC3, 0x21, 0xA9, 0x34, 0x20, 0x7C, 0x3E, 0xAE, 0x99, 0xAE, 0xC1,
    0x9E, 0x29, 0x67, 0xE7, 0x1F, 0xB6, 0x88, 0xDB, 0x29, 0x8C, 0xAA, 0xE0, 0xD6, 0xD6, 0x4F, 0xBA,
    0x1B, 0xF6, 0x79, 0x27, 0x5C, 0xDB, 0xC1, 0x06, 0xC3, 0xD3, 0xE1, 0x89, 0x35, 0xA6, 0x24, 0xE0,
    0xED, 0xD3, 0xB8, 0x97, 0xF3, 0x2E, 0xBC, 0xC2, 0x2D, 0x44, 0x4B, 0x6F, 0x7C, 0xF5, 0x70, 0x01,
    0x47, 0x51, 0xA3, 0xAB, 0xC4, 0xAB, 0x9F, 0xB1, 0xDA, 0x63, 0xA2, 0x1D, 0x4F, 0x84, 0x55, 0x92,
    0x6C, 0x4A, 0x8D, 0xC4, 0xF8, 0xC8, 0x93, 0xDC, 0x8B, 0xF9, 0xD1, 0x86, 0xB0, 0x7D, 0x61, 0x52,
    0xDA, 0x23, 0xA9, 0x9E, 0xDF, 0x25, 0xB2, 0x7F, 0x88, 0xAB, 0x13, 0x98, 0x1A, 0xB1, 0xEC, 0x62,
    0x59, 0xEE, 0x87, 0x70, 0x10, 0xCC, 0x91, 0x56, 0xB1, 0xCA, 0x55, 0x7B, 0x1C, 0xBE, 0xCE, 0x7B,
    0xA5, 0xF7, 0x97, 0xA4, 0xAD, 0x15, 0xCF, 0x0F, 0xA4, 0x58, 0xD2, 0xEC, 0xFE, 0xD0, 0x79, 0x55,
    0x76, 0xD2, 0x5F, 0x9E, 0xBE, 0x1B, 0x45, 0x33, 0x47, 0xD5, 0x4C, 0xE3, 0x6E, 0xB6, 0x9E, 0xFC,
    0xCB, 0xD5, 0xC5, 0x7D, 0x98, 0x2A, 0x34, 0xF4, 0x80, 0x54, 0x21, 0xA4, 0xBF, 0x21, 0x81, 0x87,
    0xF4, 0x2C, 0xA4, 0x63, 0x21, 0xEB, 0x2B, 0x3C, 0x32, 0x03, 0x23, 0x34, 0xC5, 0xA9, 0xCF, 0x47,
    0xB6, 0x86, 0x06, 0xA4, 0xB7, 0x8C, 0xC8, 0x2B, 0x06, 0xE4, 0x73, 0xC6, 0x83, 0x7B, 0x9B, 0x24,
    0xCE, 0x3E, 0x3C, 0x09, 0x6F, 0xE8, 0x37, 0xC4, 0xFA, 0x5B, 0xEF, 0x26, 0xC3, 0xFF, 0x77, 0x77,
    0x0F, 0x29, 0x4C, 0xE5, 0xC3, 0x05, 0x75, 0x49, 0x35, 0x92, 0x5F, 0x0B, 0x24, 0xBF, 0xE5, 0x48,
    0x18, 0xC4, 0xE4, 0x8A, 0x34, 0xB2, 0xFB, 0xD2, 0xB2, 0xA4, 0x54, 0x88, 0xFF, 0x7B, 0x56, 0xAE,
    0x4F, 0x6A, 0x87, 0x70, 0x49, 0xDE, 0x68, 0x88, 0x80, 0x6B, 0x1D, 0x52, 0x42, 0xEA, 0x2E, 0x75,
    0x2F, 0xA9, 0x7B, 0xA8, 0x13, 0xE1, 0xE8, 0x92, 0x8C, 0x75, 0x87, 0x5D, 0x48, 0x65, 0xBB, 0xC5,
    0x50, 0x5A, 0x27, 0x87, 0xF5, 0x0D, 0xD8, 0xD2, 0x3C, 0x59, 0xE1, 0x43, 0x2C, 0xBA, 0x08, 0x4E,
    0x85, 0x45, 0x33, 0x59, 0x1E, 0x64, 0xFF, 0x5D, 0x74, 0x5D, 0x97, 0xDC, 0xC1, 0xB6, 0x6E, 0xE2,
    0x95, 0x09, 0xE4, 0x56, 0x7E, 0xED, 0x57, 0xCE, 0x75, 0xDB, 0xF4, 0x39, 0xA6, 0x5A, 0x33, 0xF5,
    0x39, 0x91, 0x7C, 0xC4, 0x9C, 0x04, 0x27, 0x31, 0x61, 0x3B, 0x1A, 0x6F, 0x26, 0xF0, 0x97, 0xFD,
    0xD1, 0xB1, 0x56, 0x8F, 0x4C, 0xFD, 0xDA, 0x2D, 0x5F, 0x59, 0xB9, 0x94, 0x72, 0x5F, 0xE7, 0xCB,
    0xAD, 0xCC, 0xA0, 0xE6, 0x58, 0xC1, 0xBE, 0x95, 0x5A, 0x40, 0xE1, 0x3B, 0xAC, 0xF4, 0x39, 0x13,
    0xD6, 0x58, 0xB3, 0xF7, 0xF0, 0x89, 0x19, 0xD5, 0xDA, 0xFE, 0x0C, 0x43, 0x06, 0x2F, 0xD3, 0xF6,
    0x5D, 0xDB, 0x3B, 0x9B, 0xDA, 0x2E, 0xA7, 0x45, 0x9B, 0xCA, 0x24, 0x58, 0x81, 0x74, 0xBD, 0x76,
    0x7C, 0xB3, 0x9B, 0xDD, 0xA5, 0xCB, 0x6C, 0x39, 0x9F, 0xC0, 0x26, 0x39, 0x3E, 0x6E, 0xE0, 0xCE,
    0x59, 0x94, 0xA5, 0x79, 0x17, 0x04, 0x92, 0x9D, 0x81, 0x1C, 0x96, 0x39, 0x1C, 0x13, 0xB5, 0xD3,
    0x4A, 0xED, 0x51, 0xDF, 0x74, 0x22, 0x3A, 0xED, 0x75, 0x22, 0x31, 0xBC, 0x71, 0x4C, 0x89, 0xB4,
    0x58, 0xA3, 0x86, 0xB8, 0x84, 0xFF, 0x4E, 0xAB, 0x8F, 0x98, 0xF3, 0x53, 0xDB, 0x90, 0xA2, 0x23,
    0x5D, 0xEA, 0x58, 0xC7, 0x07, 0xFA, 0xA5, 0x30, 0x92, 0xF3, 0x51, 0xC5, 0x47, 0x06, 0x80, 0xB6,
    0xF9, 0xE8, 0x4F, 0x45, 0x6F, 0x9A, 0x0B, 0xAA, 0x53, 0x8D, 0x2B, 0xAA, 0x7C, 0xA9, 0x9E, 0xB1,
    0xC6, 0xC6, 0xA0, 0x08, 0xCC, 0x49, 0x16, 0xEB, 0x3F, 0x6E, 0xAB, 0x01, 0x3D, 0x36, 0x6A, 0x7F,
    0xD0, 0x99, 0xBB, 0xB2, 0x52, 0x41, 0xA3, 0xE3, 0x3A, 0x11, 0x70, 0x95, 0x95, 0xD2, 0x2A, 0x6A,
    0xCF, 0xBC, 0x13, 0x5A, 0xF9, 0x1E, 0xD1, 0x26, 0xE5, 0xCD, 0x33, 0xC8, 0x05, 0xBA, 0xB6, 0x3E,
    0xC8, 0xE2, 0x42, 0x5E, 0x13, 0xFB, 0xAB, 0x6F, 0x85, 0x07, 0xB7, 0x12, 0xFD, 0xC2, 0x44, 0x8C,
    0x42, 0x02, 0x62, 0x50, 0x53, 0xB6, 0x42, 0xFA, 0x5D, 0x81, 0x53, 0x26, 0x3A, 0x7A, 0x6B, 0xA7,
    0x93, 0x74, 0xD1, 0x05, 0x21, 0x10, 0x0D, 0xA5, 0x4E, 0x16, 0x35, 0x20, 0x53, 0x6D, 0xFB, 0x0E,
    0xBD, 0xCF, 0x59, 0x25, 0xA7, 0x3C, 0x11, 0x55, 0xCC, 0xF1, 0x78, 0x5F, 0x5C, 0x94, 0xE9, 0x99,
    0xF1, 0x63, 0x83, 0x9F, 0x06, 0x9F, 0x4D, 0x11, 0x12, 0xEF, 0xD6, 0x4C, 0x17, 0xB1, 0x20, 0x95,
    0xF0, 0x7F, 0xBB, 0x52, 0x5B, 0x0B, 0xBD, 0xDB, 0xE3, 0xF1, 0x76, 0xCF, 0x2B, 0xFA, 0xE3, 0xB0,
    0x9A, 0x5D, 0x05, 0x45, 0xFB, 0xD0, 0x41, 0xF7, 0x6F, 0x95, 0x54, 0xBD, 0x6E, 0xD3, 0x50, 0x14,
    0x3E, 0xBE, 0x57, 0xC8, 0x43, 0x14, 0xCC, 0xC0, 0xD2, 0x0A, 0x92, 0x15, 0x21, 0xC8, 0xC4, 0x90,
    0xC1, 0x15, 0x57, 0xBC, 0x06, 0x2F, 0xC0, 0xC8, 0x50, 0x09, 0x0F, 0x1D, 0xA2, 0x3E, 0x49, 0x87,
    0x4E, 0x45, 0xC8, 0x19, 0x32, 0x64, 0xA8, 0x94, 0x4B, 0x19, 0x58, 0x2D, 0x78, 0x00, 0x2C, 0x26,
    0x54, 0x21, 0xD5, 0x83, 0x87, 0x48, 0x29, 0xB9, 0x3D, 0xE7, 0x3B, 0xD7, 0x6E, 0xA8, 0x04, 0x08,
    0x0F, 0xE7, 0xC4, 0xB2, 0xEF, 0xF7, 0x73, 0xBE, 0xE3, 0x10, 0xC9, 0xF5, 0x14, 0x75, 0xF5, 0xE5,
    0xCA, 0x73, 0x4B, 0x8F, 0x83, 0xAD, 0xB8, 0x3F, 0xA2, 0x23, 0x23, 0xF7, 0x2F, 0x28, 0xC7, 0xE3,
    0x86, 0x16, 0xE8, 0x35, 0xFF, 0xE2, 0x8B, 0x9F, 0xA1, 0x5B, 0x6F, 0x6A, 0xE9, 0x65, 0x08, 0x41,
    0x5E, 0x2F, 0x2F, 0xDF, 0x5F, 0x3A, 0xEE, 0x19, 0xA5, 0x33, 0x42, 0x1F, 0xC8, 0x2D, 0x8D, 0xF8,
    0x97, 0x5C, 0xCF, 0x63, 0xCF, 0x69, 0x82, 0x3E, 0x8D, 0xF0, 0x8B, 0x9E, 0xA6, 0xD8, 0xA5, 0x4B,
    0x3A, 0xBA, 0xAA, 0xA3, 0x4B, 0x40, 0x97, 0x7A, 0x2B, 0x6C, 0x0C, 0xAE, 0x9D, 0x69, 0x48, 0xFB,
    0x10, 0x68, 0x2F, 0x3D, 0x60, 0x56, 0x5F, 0x83, 0x78, 0xA1, 0x3D, 0x7A, 0x43, 0xDD, 0xB5, 0x2F,
    0xBA, 0x92, 0x8D, 0xC0, 0x65, 0x6E, 0xCD, 0xF5, 0x19, 0xBD, 0xE5, 0x7A, 0x18, 0x69, 0x95, 0x14,
    0x54, 0xB7, 0x95, 0xDD, 0xCD, 0xC4, 0x5B, 0xE9, 0x84, 0x22, 0x03, 0xD1, 0x04, 0xAE, 0x72, 0x00,
    0x1C, 0xC1, 0x51, 0x0B, 0x3F, 0x02, 0xB1, 0x30, 0x15, 0xBF, 0xDF, 0xD8, 0x4F, 0x02, 0x99, 0xFE,
    0x14, 0xC8, 0x41, 0x23, 0x43, 0x4B, 0x5C, 0x07, 0xA9, 0xE3, 0xD1, 0xE1, 0xE8, 0x48, 0x54, 0xF9,
    0x14, 0xBA, 0xA3, 0xEA, 0x5E, 0xF3, 0x99, 0xC8, 0x0A, 0x5B, 0x39, 0x47, 0xE7, 0x9A, 0x0E, 0xB2,
    0x59, 0x42, 0x73, 0xD3, 0xE5, 0x62, 0x2A, 0x49, 0xC3, 0x62, 0x38, 0x25, 0x02, 0xF9, 0x5D, 0xF3,
    0x18, 0x9A, 0x0F, 0x90, 0x43, 0x0E, 0xCD, 0x05, 0x34, 0xB7, 0x0F, 0x24, 0x81, 0xE6, 0x84, 0xC1,
    0xCC, 0x77, 0x2F, 0xCA, 0x83, 0x68, 0xB6, 0x6B, 0x4C, 0xFE, 0x56, 0xB3, 0xFF, 0x0F, 0xCD, 0xAC,
    0xDA, 0xE9, 0x5E, 0x61, 0xD6, 0xBC, 0x57, 0x18, 0x90, 0x28, 0x9F, 0x43, 0xFB, 0x3C, 0x4E, 0xBC,
    0xD6, 0xBD, 0x32, 0x95, 0xEE, 0x55, 0x37, 0xF7, 0x7E, 0xF2, 0x21, 0x38, 0xF8, 0x38, 0x2B, 0x49,
    0x9D, 0x8C, 0xD1, 0xD5, 0xC7, 0x28, 0x3A, 0x91, 0xBA, 0x84, 0x23, 0x4D, 0x60, 0x4A, 0x0B, 0xC4,
    0xC8, 0xAE, 0xEC, 0xC7, 0x19, 0x86, 0x64, 0x3F, 0x0B, 0x1D, 0x27, 0x71, 0x2D, 0xDE, 0x8C, 0xCF,
    0x6A, 0x71, 0xC7, 0x0B, 0xBC, 0x43, 0x97, 0x7A, 0x75, 0x37, 0x70, 0x59, 0xDC, 0xA7, 0xC7, 0xE8,
    0xF7, 0x69, 0xAA, 0x7B, 0xA5, 0x6A, 0x57, 0xDF, 0x02, 0x5E, 0xDB, 0x4B, 0x4E, 0x77, 0xFD, 0x7E,
    0x50, 0xBF, 0xE1, 0x17, 0xFC, 0x6E, 0xE9, 0x3A, 0xFA, 0x2D, 0xA2, 0xDF, 0x36, 0xFA, 0x6D, 0x20,
    0xA0, 0x12, 0x81, 0xE2, 0x57, 0xBE, 0x37, 0x11, 0x10, 0x53, 0xEB, 0x76, 0xAD, 0xF7, 0x9B, 0x45,
    0xBF, 0x93, 0x3B, 0x7E, 0x35, 0x41, 0xF5, 0x3D, 0x15, 0xA7, 0x9A, 0x62, 0xD2, 0xD4, 0xF0, 0xAB,
    0x49, 0x72, 0x8A, 0x57, 0x4A, 0xA7, 0x69, 0x32, 0x89, 0xFB, 0x9B, 0xDF, 0x61, 0xCC, 0xF5, 0x9F,
    0x7E, 0x91, 0xAE, 0xD9, 0xAC, 0x71, 0xBA, 0x80, 0xA4, 0x39, 0x04, 0x35, 0x3A, 0x66, 0xA9, 0x42,
    0x62, 0x6A, 0xA9, 0x16, 0x44, 0xA9, 0x2F, 0x7F, 0xF0, 0xEB, 0xB3, 0xD5, 0xA9, 0x50, 0x1D, 0x80,
    0x30, 0x87, 0x2B, 0x05, 0x68, 0x7A, 0x80, 0x1C, 0x7F, 0x2B, 0x4B, 0xEB, 0xF9, 0x54, 0xAB, 0xC9,
    0x49, 0x6E, 0x5C, 0xB1, 0xE6, 0xC9, 0x9D, 0x0F, 0x34, 0xFD, 0xC3, 0x4E, 0x42, 0xFD, 0x7E, 0xAF,
    0xF9, 0x89, 0x14, 0x86, 0x09, 0x9B, 0x96, 0x41, 0x5E, 0x7B, 0xB2, 0x8E, 0x4F, 0x5A, 0x39, 0x88,
    0x62, 0xDC, 0x88, 0x51, 0x2E, 0x58, 0xDE, 0xBB, 0x8B, 0xED, 0x09, 0x7B, 0x2F, 0xF4, 0x1F, 0x28,
    0xC1, 0x37, 0xD6, 0x8A, 0xA6, 0x73, 0x21, 0xCC, 0x51, 0x06, 0xAF, 0xB8, 0x64, 0x43, 0x6A, 0x0F,
    0xC7, 0x2D, 0x85, 0x6A, 0xEC, 0xE9, 0x21, 0xDD, 0x23, 0xBA, 0x01, 0x1D, 0xCD, 0xB1, 0x0D, 0x83,
    0x40, 0x0C, 0x46, 0xE1, 0x3F, 0xA1, 0x89, 0x44, 0xC1, 0x08, 0x8C, 0x70, 0x0B, 0x20, 0xB8, 0x9E,
    0xA1, 0xC2, 0x68, 0x48, 0x19, 0x82, 0x92, 0x53, 0x28, 0x53, 0x84, 0x02, 0x09, 0x24, 0x08, 0x2F,
    0x36, 0x2E, 0xBE, 0xE2, 0xC9, 0x96, 0x25, 0x3D, 0xE4, 0x53, 0x3B, 0x37, 0xDC, 0x9C, 0xDE, 0xAC,
    0xCA, 0x64, 0xE1, 0xFC, 0x2C, 0x1E, 0xD6, 0x43, 0x6A, 0x58, 0x4F, 0x09, 0x26, 0x62, 0x0E, 0x2D,
    0x7D, 0x60, 0x0B, 0xA4, 0x27, 0x6F, 0x48, 0x81, 0x11, 0x62, 0xC1, 0x97, 0x43, 0x19, 0x16, 0x74,
    0x37, 0xA3, 0xED, 0xEF, 0x76, 0xAA, 0xE6, 0x35, 0x9B, 0xE5, 0xD0, 0x99, 0xC5, 0xCF, 0x9F, 0x64,
    0xF3, 0xF5, 0xD0, 0xC3, 0x1F,
};

static const EpdGlyph ebgaramond_14_italicGlyphs[] = {
    { 0, 0, 0, 0, 0, 0, 0 }, // U+0000
    { 0, 0, 0, 0, 0, 0, 0 }, // U+0001
    { 0, 0, 0, 0, 0, 0, 0 }, // U+0002
    { 0, 0, 0, 0, 0, 0, 0 }, // U+0003
    { 0, 0, 0, 0, 0, 0, 0 }, // U+0004
    { 0, 0, 0, 0, 0, 0, 0 }, // U+0005
    { 0, 0, 0, 0, 0, 0, 0 }, // U+0006
    { 0, 0, 0, 0, 0, 0, 0 }, // U+0007
    { 0, 0, 0, 0, 0, 0, 0 }, // U+0008
    { 0, 0, 0, 0, 0, 0, 0 }, // U+0009
    { 0, 0, 0, 0, 0, 0, 0 }, // U+000A
    { 0, 0, 0, 0, 0, 0, 0 }, // U+000B
    { 0, 0, 0, 0, 0, 0, 0 }, // U+000C
    { 0, 0, 0, 0, 0, 0, 0 }, // U+000D
    { 0, 0, 0, 0, 0, 0, 0 }, // U+000E
    { 0, 0, 0, 0, 0, 0, 0 }, // U+000F
    { 0, 0, 0, 0, 0, 0, 0 }, // U+0010
    { 0, 0, 0, 0, 0, 0, 0 }, // U+0011
    { 0, 0, 0, 0, 0, 0, 0 }, // U+0012
    { 0, 0, 0, 0, 0, 0, 0 }, // U+0013
    { 0, 0, 0, 0, 0, 0, 0 }, // U+0014
    { 0, 0, 0, 0, 0, 0, 0 }, // U+0015
    { 0, 0, 0, 0, 0, 0, 0 }, // U+0016
    { 0, 0, 0, 0, 0, 0, 0 }, // U+0017
    { 0, 0, 0, 0, 0, 0, 0 }, // U+0018
    { 0, 0, 0, 0, 0, 0, 0 }, // U+0019
    { 0, 0, 0, 0, 0, 0, 0 }, // U+001A
    { 0, 0, 0, 0, 0, 0, 0 }, // U+001B
    { 0, 0, 0, 0, 0, 0, 0 }, // U+001C
    { 0, 0, 0, 0, 0, 0, 0 }, // U+001D
    { 0, 0, 0, 0, 0, 0, 0 }, // U+001E
    { 0, 0, 0, 0, 0, 0, 0 }, // U+001F
    { 0, 0, 93, 0, 0, 0, 0 }, // U+0020
    { 9, 20, 134, 1, 19, 45, 0 }, // !
    { 8, 8, 154, 4, 20, 16, 45 }, // "
    { 15, 20, 210, -1, 17, 75, 61 }, // #
    { 17, 25, 225, -1, 22, 107, 136 }, // $
    { 21, 21, 301, 0, 20, 111, 243 }, // %
    { 25, 22, 384, 2, 21, 138, 354 }, // &
    { 5, 8, 93, 4, 20, 10, 492 }, // '
    { 12, 28, 144, 0, 21, 84, 502 }, // (
    { 12, 28, 144, -3, 21, 84, 586 }, // )
    { 9, 9, 158, 3, 20, 21, 670 }, // *
    { 16, 16, 275, 1, 15, 64, 691 }, // +
    { 6, 8, 100, -2, 4, 12, 755 }, // ,
    { 8, 4, 125, 0, 8, 8, 767 }, // -
    { 4, 4, 100, 0, 3, 4, 775 }, // .
    { 14, 22, 129, -2, 20, 77, 779 }, // /
    { 14, 20, 227, 1, 19, 70, 856 }, // 0
    { 12, 20, 173, -1, 19, 60, 926 }, // 1
    { 16, 20, 226, -1, 19, 80, 986 }, // 2
    { 14, 21, 220, 0, 19, 74, 1066 }, // 3
    { 15, 20, 223, 0, 19, 75, 1140 }, // 4
    { 15, 21, 217, -1, 19, 79, 1215 }, // 5
    { 16, 20, 219, 0, 19, 80, 1294 }, // 6
    { 17, 20, 214, 0, 19, 85, 1374 }, // 7
    { 14, 20, 236, 1, 19, 70, 1459 }, // 8
    { 16, 20, 218, -1, 19, 80, 1529 }, // 9
    { 6, 12, 101, 0, 11, 18, 1609 }, // :
    { 8, 15, 100, -2, 11, 30, 1627 }, // ;
    { 15, 15, 275, 1, 14, 57, 1657 }, // <
    { 16, 7, 275, 1, 11, 28, 1714 }, // =
    { 15, 15, 275, 1, 14, 57, 1742 }, // >
    { 9, 21, 147, 2, 20, 48, 1799 }, // ?
    { 22, 19, 355, 0, 15, 105, 1847 }, // @
    { 20, 21, 307, -2, 20, 105, 1952 }, // A
    { 18, 21, 267, -1, 20, 95, 2057 }, // B
    { 19, 21, 295, 2, 20, 100, 2152 }, // C
    { 23, 21, 351, -1, 20, 121, 2252 }, // D
    { 20, 21, 269, -1, 20, 105, 2373 }, // E
    { 20, 21, 238, -1, 20, 105, 2478 }, // F
    { 19, 21, 321, 2, 20, 100, 2583 }, // G
    { 26, 21, 351, -1, 20, 137, 2683 }, // H
    { 15, 21, 169, -1, 20, 79, 2820 }, // I
    { 18, 26, 137, -6, 20, 117, 2899 }, // J
    { 25, 21, 326, -1, 20, 132, 3016 }, // K
    { 18, 21, 272, -1, 20, 95, 3148 }, // L
    { 33, 21, 463, -2, 20, 174, 3243 }, // M
    { 28, 21, 360, -1, 20, 147, 3417 }, // N
    { 19, 21, 324, 2, 20, 100, 3564 }, // O
    { 19, 21, 264, 0, 20, 100, 3664 }, // P
    { 20, 28, 324, 1, 20, 140, 3764 }, // Q
    { 19, 21, 321, 0, 20, 100, 3904 }, // R
    { 17, 21, 218, -1, 20, 90, 4004 }, // S
    { 19, 21, 290, 3, 20, 100, 4094 }, // T
    { 23, 21, 327, 2, 20, 121, 4194 }, // U
    { 20, 21, 319, 4, 20, 105, 4315 }, // V
    { 31, 21, 498, 4, 20, 163, 4420 }, // W
    { 24, 21, 295, -2, 20, 126, 4583 }, // X
    { 20, 21, 268, 2, 20, 105, 4709 }, // Y
    { 21, 21, 296, -1, 20, 111, 4814 }, // Z
    { 15, 27, 168, -1, 21, 102, 4925 }, // [
    { 6, 23, 191, 4, 20, 35, 5027 }, // <backslash>
    { 15, 27, 168, -3, 21, 102, 5062 }, // ]
    { 13, 10, 234, 2, 18, 33, 5164 }, // ^
    { 15, 3, 217, -4, -3, 12, 5197 }, // _
    { 5, 7, 93, 4, 20, 9, 5209 }, // `
    { 14, 14, 229, -1, 13, 49, 5218 }, // a
    { 12, 22, 210, 1, 21, 66, 5267 }, // b
    { 10, 14, 146, 0, 13, 35, 5333 }, // c
    { 16, 22, 241, 0, 21, 88, 5368 }, // d
    { 11, 14, 159, 0, 13, 39, 5456 }, // e
    { 21, 30, 150, -6, 21, 158, 5495 }, // f
    { 16, 22, 194, -3, 13, 88, 5653 }, // g
    { 13, 22, 228, 1, 21, 72, 5741 }, // h
    { 10, 19, 137, 0, 18, 48, 5813 }, // i
    { 15, 27, 121, -6, 18, 102, 5861 }, // j
    { 13, 22, 212, 0, 21, 72, 5963 }, // k
    { 9, 22, 133, 0, 21, 50, 6035 }, // l
    { 21, 14, 368, 1, 13, 74, 6085 }, // m
    { 14, 14, 246, 1, 13, 49, 6159 }, // n
    { 11, 14, 177, 0, 13, 39, 6208 }, // o
    { 17, 24, 205, -4, 15, 102, 6247 }, // p
    { 14, 22, 221, 0, 13, 77, 6349 }, // q
    { 12, 14, 177, 1, 13, 42, 6426 }, // r
    { 10, 14, 129, -1, 13, 35, 6468 }, // s
    { 10, 16, 136, 0, 15, 40, 6503 }, // t
    { 14, 14, 238, 0, 13, 49, 6543 }, // u
    { 11, 14, 191, 1, 13, 39, 6592 }, // v
    { 17, 14, 291, 1, 13, 60, 6631 }, // w
    { 15, 14, 204, -1, 13, 53, 6691 }, // x
    { 15, 22, 189, -3, 13, 83, 6744 }, // y
    { 12, 14, 190, 0, 13, 42, 6827 }, // z
    { 14, 26, 164, 0, 21, 91, 6869 }, // {
    { 3, 30, 121, 2, 21, 23, 6960 }, // |
    { 14, 26, 164, -3, 21, 91, 6983 }, // }
    { 13, 5, 233, 2, 12, 17, 7074 }, // ~
    { 0, 0, 0, 0, 0, 0, 7091 }, // U+007F
    { 0, 0, 0, 0, 0, 0, 0 }, // U+0080
    { 0, 0, 0, 0, 0, 0, 0 }, // U+0081
    { 0, 0, 0, 0, 0, 0, 0 }, // U+0082
    { 0, 0, 0, 0, 0, 0, 0 }, // U+0083
    { 0, 0, 0, 0, 0, 0, 0 }, // U+0084
    { 0, 0, 0, 0, 0, 0, 0 }, // U+0085
    { 0, 0, 0, 0, 0, 0, 0 }, // U+0086
    { 0, 0, 0, 0, 0, 0, 0 }, // U+0087
    { 0, 0, 0, 0, 0, 0, 0 }, // U+0088
    { 0, 0, 0, 0, 0, 0, 0 }, // U+0089
    { 0, 0, 0, 0, 0, 0, 0 }, // U+008A
    { 0, 0, 0, 0, 0, 0, 0 }, // U+008B
    { 0, 0, 0, 0, 0, 0, 0 }, // U+008C
    { 0, 0, 0, 0, 0, 0, 0 }, // U+008D
    { 0, 0, 0, 0, 0, 0, 0 }, // U+008E
    { 0, 0, 0, 0, 0, 0, 0 }, // U+008F
    { 0, 0, 0, 0, 0, 0, 0 }, // U+0090
    { 0, 0, 0, 0, 0, 0, 0 }, // U+0091
    { 0, 0, 0, 0, 0, 0, 0 }, // U+0092
    { 0, 0, 0, 0, 0, 0, 0 }, // U+0093
    { 0, 0, 0, 0, 0, 0, 0 }, // U+0094
    { 0, 0, 0, 0, 0, 0, 0 }, // U+0095
    { 0, 0, 0, 0, 0, 0, 0 }, // U+0096
    { 0, 0, 0, 0, 0, 0, 0 }, // U+0097
    { 0, 0, 0, 0, 0, 0, 0 }, // U+0098
    { 0, 0, 0, 0, 0, 0, 0 }, // U+0099
    { 0, 0, 0, 0, 0, 0, 0 }, // U+009A
    { 0, 0, 0, 0, 0, 0, 0 }, // U+009B
    { 0, 0, 0, 0, 0, 0, 0 }, // U+009C
    { 0, 0, 0, 0, 0, 0, 0 }, // U+009D
    { 0, 0, 0, 0, 0, 0, 0 }, // U+009E
    { 0, 0, 0, 0, 0, 0, 0 }, // U+009F
    { 0, 0, 93, 0, 0, 0, 0 }, // U+00A0
    { 9, 20, 134, 0, 15, 45, 0 }, // U+00A1
    { 13, 17, 184, 0, 14, 56, 45 }, // U+00A2
    { 19, 21, 233, -2, 19, 100, 101 }, // U+00A3
    { 16, 13, 228, 0, 14, 52, 201 }, // U+00A4
    { 19, 21, 261, 2, 20, 100, 253 }, // U+00A5
    { 3, 30, 121, 2, 21, 23, 353 }, // U+00A6
    { 14, 24, 177, -1, 19, 84, 376 }, // U+00A7
    { 9, 4, 140, 3, 19, 9, 460 }, // U+00A8
    { 18, 19, 310, 2, 19, 86, 469 }, // U+00A9
    { 8, 12, 137, 1, 16, 24, 555 }, // U+00AA
    { 17, 12, 289, 1, 12, 51, 579 }, // U+00AB
    { 16, 11, 280, 1, 12, 44, 630 }, // U+00AC
    { 0, 0, 0, 0, 0, 0, 674 }, // U+00AD
    { 18, 19, 310, 2, 19, 86, 674 }, // U+00AE
    { 8, 2, 140, 4, 17, 4, 760 }, // U+00AF
    { 8, 8, 135, 3, 19, 16, 764 }, // U+00B0
    { 15, 17, 275, 1, 18, 64, 780 }, // U+00B1
    { 5, 7, 93, 4, 20, 9, 844 }, // U+00B4
    { 15, 22, 234, -1, 13, 83, 853 }, // U+00B5
    { 21, 28, 275, 0, 19, 147, 936 }, // U+00B6
    { 4, 4, 94, 1, 8, 4, 1083 }, // U+00B7
    { 7, 10, 93, -4, 1, 18, 1087 }, // U+00B8
    { 9, 12, 143, 1, 16, 27, 1105 }, // U+00BA
    { 17, 12, 327, 1, 12, 51, 1132 }, // U+00BB
    { 20, 21, 293, 1, 20, 105, 1183 }, // U+00BC
    { 20, 21, 308, 1, 20, 105, 1288 }, // U+00BD
    { 21, 21, 300, 1, 20, 111, 1393 }, // U+00BE
    { 9, 21, 147, -1, 15, 48, 1504 }, // U+00BF
    { 21, 26, 307, -2, 25, 137, 1552 }, // U+00C0
    { 24, 26, 307, -2, 25, 156, 1689 }, // U+00C1
    { 24, 25, 307, -2, 24, 150, 1845 }, // U+00C2
    { 25, 26, 307, -2, 25, 163, 1995 }, // U+00C3
    { 25, 25, 307, -2, 24, 157, 2158 }, // U+00C4
    { 23, 26, 307, -2, 25, 150, 2315 }, // U+00C5
    { 28, 21, 373, -2, 20, 147, 2465 }, // U+00C6
    { 19, 29, 295, 2, 20, 138, 2612 }, // U+00C7
    { 20, 26, 269, -1, 25, 130, 2750 }, // U+00C8
    { 20, 26, 269, -1, 25, 130, 2880 }, // U+00C9
    { 20, 25, 269, -1, 24, 125, 3010 }, // U+00CA
    { 20, 25, 269, -1, 24, 125, 3135 }, // U+00CB
    { 15, 26, 169, -1, 25, 98, 3260 }, // U+00CC
    { 15, 26, 169, -1, 25, 98, 3358 }, // U+00CD
    { 16, 25, 169, -1, 24, 100, 3456 }, // U+00CE
    { 16, 25, 169, -1, 24, 100, 3556 }, // U+00CF
    { 23, 21, 351, -1, 20, 121, 3656 }, // U+00D0
    { 28, 26, 360, -1, 25, 182, 3777 }, // U+00D1
    { 19, 26, 324, 2, 25, 124, 3959 }, // U+00D2
    { 19, 26, 324, 2, 25, 124, 4083 }, // U+00D3
    { 19, 25, 324, 2, 24, 119, 4207 }, // U+00D4
    { 19, 26, 324, 2, 25, 124, 4326 }, // U+00D5
    { 19, 25, 324, 2, 24, 119, 4450 }, // U+00D6
    { 12, 13, 280, 3, 14, 39, 4569 }, // U+00D7
    { 20, 21, 333, 2, 20, 105, 4608 }, // U+00D8
    { 23, 26, 327, 2, 25, 150, 4713 }, // U+00D9
    { 23, 26, 327, 2, 25, 150, 4863 }, // U+00DA
    { 23, 25, 327, 2, 24, 144, 5013 }, // U+00DB
    { 23, 25, 327, 2, 24, 144, 5157 }, // U+00DC
    { 20, 26, 268, 2, 25, 130, 5301 }, // U+00DD
    { 18, 21, 257, -1, 20, 95, 5431 }, // U+00DE
    { 25, 30, 244, -6, 21, 188, 5526 }, // U+00DF
    { 14, 21, 229, -1, 20, 74, 5714 }, // U+00E0
    { 16, 21, 229, -1, 20, 84, 5788 }, // U+00E1
    { 15, 20, 229, -1, 19, 75, 5872 }, // U+00E2
    { 16, 19, 229, -1, 18, 76, 5947 }, // U+00E3
    { 16, 20, 229, -1, 19, 80, 6023 }, // U+00E4
    { 15, 21, 229, -1, 20, 79, 6103 }, // U+00E5
    { 16, 14, 243, -1, 13, 56, 6182 }, // U+00E6
    { 12, 22, 146, -2, 13, 66, 6238 }, // U+00E7
    { 11, 21, 159, 0, 20, 58, 6304 }, // U+00E8
    { 13, 21, 159, 0, 20, 69, 6362 }, // U+00E9
    { 12, 20, 159, 0, 19, 60, 6431 }, // U+00EA
    { 13, 20, 159, 0, 19, 65, 6491 }, // U+00EB
    { 8, 21, 137, 0, 20, 42, 6556 }, // U+00EC
    { 11, 21, 137, 0, 20, 58, 6598 }, // U+00ED
    { 10, 20, 137, 0, 19, 50, 6656 }, // U+00EE
    { 12, 20, 137, 0, 19, 60, 6706 }, // U+00EF
    { 14, 22, 194, 1, 21, 77, 6766 }, // U+00F0
    { 14, 19, 246, 1, 18, 67, 6843 }, // U+00F1
    { 11, 21, 177, 0, 20, 58, 6910 }, // U+00F2
    { 13, 21, 177, 0, 20, 69, 6968 }, // U+00F3
    { 12, 20, 177, 0, 19, 60, 7037 }, // U+00F4
    { 14, 19, 177, 0, 18, 67, 7097 }, // U+00F5
    { 14, 20, 177, 0, 19, 70, 7164 }, // U+00F6
    { 16, 13, 274, 1, 14, 52, 7234 }, // U+00F7
    { 13, 14, 177, -1, 13, 46, 7286 }, // U+00F8
    { 14, 21, 238, 0, 20, 74, 7332 }, // U+00F9
    { 14, 21, 238, 0, 20, 74, 7406 }, // U+00FA
    { 14, 20, 238, 0, 19, 70, 7480 }, // U+00FB
    { 15, 20, 238, 0, 19, 75, 7550 }, // U+00FC
    { 15, 29, 189, -3, 20, 109, 7625 }, // U+00FD
    { 17, 30, 211, -4, 21, 128, 7734 }, // U+00FE
    { 15, 28, 189, -3, 19, 105, 7862 }, // U+00FF
    { 25, 24, 307, -2, 23, 150, 0 }, // U+0100
    { 16, 18, 229, -1, 17, 72, 150 }, // U+0101
    { 24, 25, 307, -2, 24, 150, 222 }, // U+0102
    { 16, 19, 229, -1, 18, 76, 372 }, // U+0103
    { 20, 29, 307, -2, 20, 145, 448 }, // U+0104
    { 14, 22, 211, -1, 13, 77, 593 }, // U+0105
    { 19, 26, 295, 2, 25, 124, 670 }, // U+0106
    { 12, 21, 146, 0, 20, 63, 794 }, // U+0107
    { 19, 25, 295, 2, 24, 119, 857 }, // U+0108
    { 11, 20, 146, 0, 19, 55, 976 }, // U+0109
    { 19, 25, 295, 2, 24, 119, 1031 }, // U+010A
    { 10, 19, 146, 0, 18, 48, 1150 }, // U+010B
    { 19, 26, 295, 2, 25, 124, 1198 }, // U+010C
    { 12, 21, 146, 0, 20, 63, 1322 }, // U+010D
    { 23, 26, 351, -1, 25, 150, 1385 }, // U+010E
    { 20, 22, 239, 0, 21, 110, 1535 }, // U+010F
    { 23, 21, 351, -1, 20, 121, 1645 }, // U+0110
    { 17, 22, 244, 0, 21, 94, 1766 }, // U+0111
    { 20, 24, 269, -1, 23, 120, 1860 }, // U+0112
    { 13, 18, 159, 0, 17, 59, 1980 }, // U+0113
    { 20, 25, 269, -1, 24, 125, 2039 }, // U+0114
    { 13, 19, 159, 0, 18, 62, 2164 }, // U+0115
    { 20, 25, 269, -1, 24, 125, 2226 }, // U+0116
    { 11, 19, 159, 0, 18, 53, 2351 }, // U+0117
    { 20, 29, 269, -1, 20, 145, 2404 }, // U+0118
    { 12, 22, 156, -1, 13, 66, 2549 }, // U+0119
    { 20, 26, 269, -1, 25, 130, 2615 }, // U+011A
    { 13, 21, 159, 0, 20, 69, 2745 }, // U+011B
    { 19, 25, 321, 2, 24, 119, 2814 }, // U+011C
    { 16, 28, 194, -3, 19, 112, 2933 }, // U+011D
    { 19, 25, 321, 2, 24, 119, 3045 }, // U+011E
    { 16, 27, 194, -3, 18, 108, 3164 }, // U+011F
    { 19, 25, 321, 2, 24, 119, 3272 }, // U+0120
    { 16, 27, 194, -3, 18, 108, 3391 }, // U+0121
    { 19, 28, 321, 2, 20, 133, 3499 }, // U+0122
    { 16, 30, 194, -3, 21, 120, 3632 }, // U+0123
    { 26, 25, 351, -1, 24, 163, 3752 }, // U+0124
    { 13, 27, 228, 1, 26, 88, 3915 }, // U+0125
    { 26, 21, 351, -1, 20, 137, 4003 }, // U+0126
    { 13, 22, 228, 1, 21, 72, 4140 }, // U+0127
    { 16, 26, 169, -1, 25, 104, 4212 }, // U+0128
    { 12, 19, 137, 0, 18, 57, 4316 }, // U+0129
    { 16, 24, 169, -1, 23, 96, 4373 }, // U+012A
    { 11, 18, 137, 0, 17, 50, 4469 }, // U+012B
    { 16, 25, 169, -1, 24, 100, 4519 }, // U+012C
    { 11, 19, 137, 0, 18, 53, 4619 }, // U+012D
    { 15, 29, 169, -1, 20, 109, 4672 }, // U+012E
    { 13, 27, 128, -3, 18, 88, 4781 }, // U+012F
    { 15, 25, 169, -1, 24, 94, 4869 }, // U+0130
    { 8, 14, 137, 0, 13, 28, 4963 }, // U+0131
    { 24, 26, 306, -1, 20, 156, 4991 }, // U+0132
    { 17, 27, 249, 0, 18, 115, 5147 }, // U+0133
    { 20, 30, 137, -6, 24, 150, 5262 }, // U+0134
    { 16, 28, 121, -6, 19, 112, 5412 }, // U+0135
    { 25, 28, 326, -1, 20, 175, 5524 }, // U+0136
    { 13, 29, 212, 0, 21, 95, 5699 }, // U+0137
    { 14, 14, 222, 1, 13, 49, 5794 }, // U+0138
    { 18, 26, 272, -1, 25, 117, 5843 }, // U+0139
    { 13, 27, 118, 0, 26, 88, 5960 }, // U+013A
    { 18, 28, 272, -1, 20, 126, 6048 }, // U+013B
    { 12, 29, 133, -3, 21, 87, 6174 }, // U+013C
    { 20, 21, 272, -1, 20, 105, 6261 }, // U+013D
    { 14, 22, 136, 0, 21, 77, 6366 }, // U+013E
    { 20, 21, 272, -1, 20, 105, 6443 }, // U+013F
    { 12, 22, 143, 0, 21, 66, 6548 }, // U+0140
    { 18, 21, 272, -1, 20, 95, 6614 }, // U+0141
    { 10, 22, 144, 0, 21, 55, 6709 }, // U+0142
    { 28, 26, 360, -1, 25, 182, 6764 }, // U+0143
    { 14, 21, 246, 1, 20, 74, 6946 }, // U+0144
    { 28, 28, 360, -1, 20, 196, 7020 }, // U+0145
    { 14, 21, 246, 1, 13, 74, 7216 }, // U+0146
    { 28, 26, 360, -1, 25, 182, 7290 }, // U+0147
    { 14, 21, 246, 1, 20, 74, 7472 }, // U+0148
    { 16, 22, 281, 1, 21, 88, 7546 }, // U+0149
    { 28, 28, 387, 0, 20, 196, 7634 }, // U+014A
    { 14, 22, 222, 0, 13, 77, 7830 }, // U+014B
    { 19, 24, 324, 2, 23, 114, 7907 }, // U+014C
    { 13, 18, 177, 0, 17, 59, 8021 }, // U+014D
    { 19, 25, 324, 2, 24, 119, 8080 }, // U+014E
    { 13, 19, 177, 0, 18, 62, 8199 }, // U+014F
    { 19, 26, 324, 2, 25, 124, 8261 }, // U+0150
    { 14, 21, 177, 0, 20, 74, 8385 }, // U+0151
    { 27, 21, 440, 2, 20, 142, 8459 }, // U+0152
    { 18, 14, 273, 0, 13, 63, 8601 }, // U+0153
    { 19, 26, 321, 0, 25, 124, 8664 }, // U+0154
    { 12, 21, 177, 1, 20, 63, 8788 }, // U+0155
    { 19, 28, 321, 0, 20, 133, 8851 }, // U+0156
    { 15, 21, 177, -2, 13, 79, 8984 }, // U+0157
    { 19, 26, 321, 0, 25, 124, 9063 }, // U+0158
    { 12, 21, 177, 1, 20, 63, 9187 }, // U+0159
    { 17, 26, 218, -1, 25, 111, 9250 }, // U+015A
    { 12, 21, 129, -1, 20, 63, 9361 }, // U+015B
    { 17, 25, 218, -1, 24, 107, 9424 }, // U+015C
    { 11, 20, 129, -1, 19, 55, 9531 }, // U+015D
    { 17, 29, 217, -1, 20, 124, 9586 }, // U+015E
    { 12, 22, 129, -3, 13, 66, 9710 }, // U+015F
    { 18, 26, 218, -1, 25, 117, 9776 }, // U+0160
    { 13, 21, 129, -1, 20, 69, 9893 }, // U+0161
    { 20, 29, 295, 2, 20, 145, 9962 }, // U+0162
    { 13, 24, 136, -3, 15, 78, 10107 }, // U+0163
    { 19, 26, 290, 3, 25, 124, 10185 }, // U+0164
    { 12, 21, 124, 0, 20, 63, 10309 }, // U+0165
    { 19, 21, 296, 3, 20, 100, 10372 }, // U+0166
    { 10, 16, 133, 0, 15, 40, 10472 }, // U+0167
    { 23, 26, 327, 2, 25, 150, 10512 }, // U+0168
    { 15, 19, 238, 0, 18, 72, 10662 }, // U+0169
    { 23, 24, 327, 2, 23, 138, 10734 }, // U+016A
    { 15, 18, 238, 0, 17, 68, 10872 }, // U+016B
    { 23, 25, 327, 2, 24, 144, 10940 }, // U+016C
    { 15, 19, 238, 0, 18, 72, 11084 }, // U+016D
    { 23, 26, 327, 2, 25, 150, 11156 }, // U+016E
    { 14, 21, 238, 0, 20, 74, 11306 }, // U+016F
    { 23, 26, 327, 2, 25, 150, 11380 }, // U+0170
    { 16, 21, 238, 0, 20, 84, 11530 }, // U+0171
    { 23, 29, 344, 2, 20, 167, 11614 }, // U+0172
    { 14, 22, 232, 0, 13, 77, 11781 }, // U+0173
    { 31, 25, 498, 4, 24, 194, 11858 }, // U+0174
    { 17, 20, 291, 1, 19, 85, 12052 }, // U+0175
    { 20, 25, 268, 2, 24, 125, 12137 }, // U+0176
    { 15, 28, 189, -3, 19, 105, 12262 }, // U+0177
    { 20, 25, 268, 2, 24, 125, 12367 }, // U+0178
    { 21, 26, 296, -1, 25, 137, 12492 }, // U+0179
    { 12, 21, 190, 0, 20, 63, 12629 }, // U+017A
    { 21, 25, 296, -1, 24, 132, 12692 }, // U+017B
    { 12, 19, 190, 0, 18, 57, 12824 }, // U+017C
    { 21, 26, 296, -1, 25, 137, 12881 }, // U+017D
    { 13, 21, 190, 0, 20, 69, 13018 }, // U+017E
    { 22, 30, 162, -6, 21, 165, 13087 }, // U+017F
    { 22, 23, 333, 2, 22, 127, 0 }, // U+01A0
    { 14, 16, 209, 0, 15, 56, 127 }, // U+01A1
    { 24, 24, 327, 2, 23, 144, 183 }, // U+01AF
    { 18, 17, 242, 0, 16, 77, 327 }, // U+01B0
    { 43, 26, 647, -1, 25, 280, 404 }, // U+01C4
    { 36, 21, 541, -1, 20, 189, 684 }, // U+01C5
    { 28, 22, 431, 0, 21, 154, 873 }, // U+01C6
    { 30, 26, 409, -1, 20, 195, 1027 }, // U+01C7
    { 27, 29, 393, -1, 20, 196, 1222 }, // U+01C8
    { 18, 30, 254, 0, 21, 135, 1418 }, // U+01C9
    { 36, 26, 497, -1, 20, 234, 1553 }, // U+01CA
    { 33, 29, 481, -1, 20, 240, 1787 }, // U+01CB
    { 23, 27, 358, 1, 18, 156, 2027 }, // U+01CC
    { 25, 26, 307, -2, 25, 163, 2183 }, // U+01CD
    { 16, 21, 229, -1, 20, 84, 2346 }, // U+01CE
    { 16, 26, 169, -1, 25, 104, 2430 }, // U+01CF
    { 12, 21, 137, 0, 20, 63, 2534 }, // U+01D0
    { 19, 26, 324, 2, 25, 124, 2597 }, // U+01D1
    { 13, 21, 177, 0, 20, 69, 2721 }, // U+01D2
    { 23, 26, 327, 2, 25, 150, 2790 }, // U+01D3
    { 15, 21, 238, 0, 20, 79, 2940 }, // U+01D4
    { 23, 28, 327, 2, 27, 161, 3019 }, // U+01D5
    { 16, 22, 238, 0, 21, 88, 3180 }, // U+01D6
    { 23, 29, 344, 2, 28, 167, 3268 }, // U+01D7
    { 15, 24, 232, 0, 23, 90, 3435 }, // U+01D8
    { 23, 29, 327, 2, 28, 167, 3525 }, // U+01D9
    { 16, 23, 232, 0, 22, 92, 3692 }, // U+01DA
    { 23, 29, 327, 2, 28, 167, 3784 }, // U+01DB
    { 15, 24, 232, 0, 23, 90, 3951 }, // U+01DC
    { 11, 14, 159, -1, 13, 39, 4041 }, // U+01DD
    { 26, 27, 307, -2, 26, 176, 4080 }, // U+01DE
    { 17, 22, 229, -1, 21, 94, 4256 }, // U+01DF
    { 26, 28, 307, -2, 27, 182, 4350 }, // U+01E0
    { 18, 23, 229, -1, 22, 104, 4532 }, // U+01E1
    { 28, 24, 373, -2, 23, 168, 4636 }, // U+01E2
    { 16, 18, 243, -1, 17, 72, 4804 }, // U+01E3
    { 19, 21, 340, 2, 20, 100, 4876 }, // U+01E4
    { 17, 22, 194, -4, 13, 94, 4976 }, // U+01E5
    { 19, 26, 321, 2, 25, 124, 5070 }, // U+01E6
    { 16, 29, 194, -3, 20, 116, 5194 }, // U+01E7
    { 25, 26, 326, -1, 25, 163, 5310 }, // U+01E8
    { 17, 25, 219, 0, 24, 107, 5473 }, // U+01E9
    { 19, 29, 333, 2, 20, 138, 5580 }, // U+01EA
    { 12, 22, 177, -1, 13, 66, 5718 }, // U+01EB
    { 19, 32, 333, 2, 23, 152, 5784 }, // U+01EC
    { 14, 26, 177, -1, 17, 91, 5936 }, // U+01ED
    { 18, 26, 254, 0, 25, 117, 6027 }, // U+01EE
    { 16, 29, 198, -3, 20, 116, 6144 }, // U+01EF
    { 17, 29, 121, -6, 20, 124, 6260 }, // U+01F0
    { 43, 21, 647, -1, 20, 226, 6384 }, // U+01F1
    { 35, 21, 541, -1, 20, 184, 6610 }, // U+01F2
    { 27, 22, 431, 0, 21, 149, 6794 }, // U+01F3
    { 19, 26, 321, 2, 25, 124, 6943 }, // U+01F4
    { 16, 29, 194, -3, 20, 116, 7067 }, // U+01F5
    { 29, 21, 435, -1, 20, 153, 7183 }, // U+01F6
    { 23, 26, 280, -3, 20, 150, 7336 }, // U+01F7
    { 28, 26, 360, -1, 25, 182, 7486 }, // U+01F8
    { 14, 21, 246, 1, 20, 74, 7668 }, // U+01F9
    { 28, 30, 307, -2, 29, 210, 7742 }, // U+01FA
    { 18, 25, 211, -1, 24, 113, 7952 }, // U+01FB
    { 28, 26, 373, -2, 25, 182, 8065 }, // U+01FC
    { 16, 21, 243, -1, 20, 84, 8247 }, // U+01FD
    { 20, 26, 333, 2, 25, 130, 8331 }, // U+01FE
    { 14, 21, 177, -1, 20, 74, 8461 }, // U+01FF
    { 23, 26, 307, -2, 25, 150, 8535 }, // U+0200
    { 14, 21, 229, -1, 20, 74, 8685 }, // U+0201
    { 24, 25, 307, -2, 24, 150, 8759 }, // U+0202
    { 15, 20, 229, -1, 19, 75, 8909 }, // U+0203
    { 20, 26, 269, -1, 25, 130, 8984 }, // U+0204
    { 11, 21, 159, 0, 20, 58, 9114 }, // U+0205
    { 20, 25, 269, -1, 24, 125, 9172 }, // U+0206
    { 12, 20, 159, 0, 19, 60, 9297 }, // U+0207
    { 15, 26, 169, -1, 25, 98, 9357 }, // U+0208
    { 9, 21, 137, 0, 20, 48, 9455 }, // U+0209
    { 15, 25, 169, -1, 24, 94, 9503 }, // U+020A
    { 10, 20, 137, 0, 19, 50, 9597 }, // U+020B
    { 19, 26, 324, 2, 25, 124, 9647 }, // U+020C
    { 11, 21, 177, 0, 20, 58, 9771 }, // U+020D
    { 19, 25, 324, 2, 24, 119, 9829 }, // U+020E
    { 12, 20, 177, 0, 19, 60, 9948 }, // U+020F
    { 19, 26, 321, 0, 25, 124, 10008 }, // U+0210
    { 12, 21, 177, 1, 20, 63, 10132 }, // U+0211
    { 19, 25, 321, 0, 24, 119, 10195 }, // U+0212
    { 12, 20, 177, 1, 19, 60, 10314 }, // U+0213
    { 23, 26, 327, 2, 25, 150, 10374 }, // U+0214
    { 14, 21, 238, 0, 20, 74, 10524 }, // U+0215
    { 23, 25, 327, 2, 24, 144, 10598 }, // U+0216
    { 14, 20, 238, 0, 19, 70, 10742 }, // U+0217
    { 17, 28, 218, -1, 20, 119, 10812 }, // U+0218
    { 12, 21, 129, -3, 13, 63, 10931 }, // U+0219
    { 19, 28, 290, 3, 20, 133, 10994 }, // U+021A
    { 12, 23, 136, -2, 15, 69, 11127 }, // U+021B
    { 20, 26, 252, -4, 20, 130, 11196 }, // U+021C
    { 14, 22, 182, -3, 13, 77, 11326 }, // U+021D
    { 26, 26, 351, -1, 25, 169, 11403 }, // U+021E
    { 13, 27, 228, 1, 26, 88, 11572 }, // U+021F
    { 5, 7, 0, 1, 20, 9, 0 }, // U+0300
    { 5, 7, 0, 1, 20, 9, 9 }, // U+0301
    { 6, 6, 0, 0, 20, 9, 18 }, // U+0302
    { 8, 5, 0, -1, 18, 10, 27 }, // U+0303
    { 8, 2, 0, -1, 17, 4, 37 }, // U+0304
    { 12, 2, 0, -3, 17, 6, 41 }, // U+0305
    { 7, 5, 0, 0, 18, 9, 47 }, // U+0306
    { 3, 4, 0, 2, 18, 3, 56 }, // U+0307
    { 8, 4, 0, -1, 18, 8, 59 }, // U+0308
    { 6, 6, 0, 1, 20, 9, 67 }, // U+0309
    { 6, 6, 0, 0, 20, 9, 76 }, // U+030A
    { 8, 7, 0, -1, 20, 14, 85 }, // U+030B
    { 6, 7, 0, 1, 20, 11, 99 }, // U+030C
    { 3, 6, 0, 2, 20, 5, 110 }, // U+030D
    { 7, 6, 0, 0, 20, 11, 115 }, // U+030E
    { 6, 7, 0, 0, 20, 11, 126 }, // U+030F
    { 8, 6, 0, -1, 19, 12, 137 }, // U+0310
    { 7, 5, 0, -1, 19, 9, 149 }, // U+0311
    { 6, 7, 0, 1, 21, 11, 158 }, // U+0312
    { 6, 7, 0, 0, 21, 11, 169 }, // U+0313
    { 5, 7, 0, 1, 19, 9, 180 }, // U+0314
    { 6, 7, 0, 0, 21, 11, 189 }, // U+0315
    { 5, 7, 0, -6, 0, 9, 200 }, // U+0316
    { 5, 7, 0, -6, 0, 9, 209 }, // U+0317
    { 6, 7, 0, -6, -1, 11, 218 }, // U+0318
    { 7, 6, 0, -7, -2, 11, 229 }, // U+0319
    { 6, 5, 0, 1, 20, 8, 240 }, // U+031A
    { 6, 6, 0, -1, 16, 9, 248 }, // U+031B
    { 5, 6, 0, -6, -2, 8, 257 }, // U+031C
    { 6, 5, 0, -7, -2, 8, 265 }, // U+031D
    { 6, 5, 0, -6, -2, 8, 273 }, // U+031E
    { 7, 7, 0, -7, -1, 13, 281 }, // U+031F
    { 7, 2, 0, -7, -4, 4, 294 }, // U+0320
    { 11, 12, 0, -8, 3, 33, 298 }, // U+0321
    { 5, 12, 0, -6, 3, 15, 331 }, // U+0322
    { 4, 4, 0, -5, -3, 4, 346 }, // U+0323
    { 9, 4, 0, -7, -2, 9, 350 }, // U+0324
    { 6, 6, 0, -6, -1, 9, 359 }, // U+0325
    { 6, 7, 0, -7, -1, 11, 368 }, // U+0326
    { 8, 10, 0, -10, 1, 20, 379 }, // U+0327
    { 8, 10, 0, -3, 1, 20, 399 }, // U+0328
    { 4, 6, 0, -5, -2, 6, 419 }, // U+0329
    { 9, 4, 0, -8, -4, 9, 425 }, // U+032A
    { 9, 5, 0, -8, -3, 12, 434 }, // U+032B
    { 7, 7, 0, -6, -1, 13, 446 }, // U+032C
    { 7, 6, 0, -7, -1, 11, 459 }, // U+032D
    { 8, 5, 0, -7, -2, 10, 470 }, // U+032E
    { 7, 5, 0, -7, -2, 9, 480 }, // U+032F
    { 9, 5, 0, -8, -1, 12, 489 }, // U+0330
    { 8, 3, 0, -7, -2, 6, 501 }, // U+0331
    { 12, 2, 0, -9, -2, 6, 507 }, // U+0332
    { 13, 5, 0, -10, -2, 17, 513 }, // U+0333
    { 12, 5, 0, -5, 12, 15, 530 }, // U+0334
    { 9, 2, 0, -3, 12, 5, 545 }, // U+0335
    { 14, 2, 0, -5, 12, 7, 550 }, // U+0336
    { 15, 18, 0, -7, 16, 68, 557 }, // U+0337
    { 14, 22, 0, -6, 20, 77, 625 }, // U+0338
    { 5, 6, 0, -6, -2, 8, 702 }, // U+0339
    { 9, 4, 0, -8, -4, 9, 710 }, // U+033A
    { 7, 5, 0, -7, -3, 9, 719 }, // U+033B
    { 10, 5, 0, -9, -3, 13, 728 }, // U+033C
    { 7, 5, 0, 0, 20, 9, 741 }, // U+033D
    { 5, 8, 0, 1, 21, 10, 750 }, // U+033E
    { 5, 7, 0, 1, 20, 9, 760 }, // U+0340
    { 5, 7, 0, 1, 20, 9, 769 }, // U+0341
    { 9, 5, 0, -1, 18, 12, 778 }, // U+0342
    { 6, 7, 0, 0, 21, 11, 790 }, // U+0343
    { 8, 7, 0, -1, 21, 14, 801 }, // U+0344
    { 5, 6, 0, -6, -1, 8, 815 }, // U+0345
    { 0, 0, 0, 0, 0, 0, 823 }, // U+034F
    { 5, 6, 0, 1, 19, 8, 823 }, // U+0351
    { 6, 5, 0, -6, -2, 8, 831 }, // U+0353
    { 5, 6, 0, 0, 19, 8, 839 }, // U+0357
    { 19, 5, 0, -4, 25, 24, 847 }, // U+035D
    { 19, 4, 0, -4, 24, 19, 871 }, // U+0361
    { 6, 6, 0, 2, 20, 9, 890 }, // U+0364
    { 20, 26, 269, -1, 25, 130, 0 }, // U+0400
    { 20, 25, 269, -1, 24, 125, 130 }, // U+0401
    { 20, 27, 348, 3, 20, 135, 255 }, // U+0402
    { 20, 26, 242, -1, 25, 130, 390 }, // U+0403
    { 19, 21, 295, 2, 20, 100, 520 }, // U+0404
    { 17, 21, 218, -1, 20, 90, 620 }, // U+0405
    { 15, 21, 169, -1, 20, 79, 710 }, // U+0406
    { 16, 25, 169, -1, 24, 100, 789 }, // U+0407
    { 18, 26, 137, -6, 20, 117, 889 }, // U+0408
    { 27, 21, 412, -2, 20, 142, 1006 }, // U+0409
    { 28, 21, 444, -1, 20, 147, 1148 }, // U+040A
    { 20, 21, 367, 2, 20, 105, 1295 }, // U+040B
    { 23, 26, 317, -1, 25, 150, 1400 }, // U+040C
    { 26, 26, 354, -1, 25, 169, 1550 }, // U+040D
    { 23, 27, 297, 0, 26, 156, 1719 }, // U+040E
    { 27, 27, 368, -1, 20, 183, 1875 }, // U+040F
    { 20, 21, 307, -2, 20, 105, 2058 }, // U+0410
    { 19, 21, 274, -1, 20, 100, 2163 }, // U+0411
    { 18, 21, 267, -1, 20, 95, 2263 }, // U+0412
    { 20, 21, 242, -1, 20, 105, 2358 }, // U+0413
    { 24, 26, 302, -2, 20, 156, 2463 }, // U+0414
    { 20, 21, 269, -1, 20, 105, 2619 }, // U+0415
    { 32, 21, 430, -3, 20, 168, 2724 }, // U+0416
    { 16, 21, 241, 0, 20, 84, 2892 }, // U+0417
    { 26, 21, 354, -1, 20, 137, 2976 }, // U+0418
    { 26, 27, 354, -1, 26, 176, 3113 }, // U+0419
    { 23, 21, 317, -1, 20, 121, 3289 }, // U+041A
    { 25, 21, 316, -2, 20, 132, 3410 }, // U+041B
    { 33, 21, 463, -2, 20, 174, 3542 }, // U+041C
    { 26, 21, 351, -1, 20, 137, 3716 }, // U+041D
    { 19, 21, 324, 2, 20, 100, 3853 }, // U+041E
    { 27, 21, 374, -1, 20, 142, 3953 }, // U+041F
    { 19, 21, 264, 0, 20, 100, 4095 }, // U+0420
    { 19, 21, 295, 2, 20, 100, 4195 }, // U+0421
    { 19, 21, 290, 3, 20, 100, 4295 }, // U+0422
    { 23, 21, 297, 0, 20, 121, 4395 }, // U+0423
    { 21, 21, 350, 2, 20, 111, 4516 }, // U+0424
    { 24, 21, 295, -2, 20, 126, 4627 }, // U+0425
    { 27, 26, 362, -1, 20, 176, 4753 }, // U+0426
    { 18, 21, 309, 4, 20, 95, 4929 }, // U+0427
    { 35, 21, 486, -1, 20, 184, 5024 }, // U+0428
    { 35, 26, 486, -1, 20, 228, 5208 }, // U+0429
    { 17, 21, 316, 2, 20, 90, 5436 }, // U+042A
    { 32, 21, 442, -1, 20, 168, 5526 }, // U+042B
    { 17, 21, 274, -1, 20, 90, 5694 }, // U+042C
    { 20, 21, 305, 0, 20, 105, 5784 }, // U+042D
    { 29, 21, 446, -1, 20, 153, 5889 }, // U+042E
    { 24, 21, 301, -2, 20, 126, 6042 }, // U+042F
    { 14, 14, 229, -1, 13, 49, 6168 }, // U+0430
    { 15, 22, 185, 0, 21, 83, 6217 }, // U+0431
    { 11, 14, 179, 0, 13, 39, 6300 }, // U+0432
    { 11, 14, 150, -1, 13, 39, 6339 }, // U+0433
    { 12, 22, 187, 0, 21, 66, 6378 }, // U+0434
    { 11, 14, 159, 0, 13, 39, 6444 }, // U+0435
    { 22, 14, 323, -1, 13, 77, 6483 }, // U+0436
    { 10, 14, 145, -1, 13, 35, 6560 }, // U+0437
    { 14, 14, 238, 0, 13, 49, 6595 }, // U+0438
    { 15, 20, 238, 0, 19, 75, 6644 }, // U+0439
    { 14, 14, 222, 1, 13, 49, 6719 }, // U+043A
    { 15, 14, 228, -2, 13, 53, 6768 }, // U+043B
    { 19, 14, 296, -2, 13, 67, 6821 }, // U+043C
    { 13, 14, 248, 1, 13, 46, 6888 }, // U+043D
    { 11, 14, 177, 0, 13, 39, 6934 }, // U+043E
    { 14, 14, 246, 1, 13, 49, 6973 }, // U+043F
    { 17, 24, 205, -4, 15, 102, 7022 }, // U+0440
    { 10, 14, 146, 0, 13, 35, 7124 }, // U+0441
    { 21, 14, 368, 1, 13, 74, 7159 }, // U+0442
    { 15, 22, 189, -3, 13, 83, 7233 }, // U+0443
    { 21, 30, 265, -2, 21, 158, 7316 }, // U+0444
    { 15, 14, 204, -1, 13, 53, 7474 }, // U+0445
    { 14, 20, 238, 0, 13, 70, 7527 }, // U+0446
    { 13, 14, 220, 0, 13, 46, 7597 }, // U+0447
    { 20, 14, 330, 0, 13, 70, 7643 }, // U+0448
    { 20, 20, 330, 0, 13, 100, 7713 }, // U+0449
    { 12, 14, 196, 0, 13, 42, 7813 }, // U+044A
    { 16, 14, 293, 1, 13, 56, 7855 }, // U+044B
    { 10, 14, 193, 1, 13, 35, 7911 }, // U+044C
    { 11, 14, 165, -1, 13, 39, 7946 }, // U+044D
    { 16, 14, 278, 1, 13, 56, 7985 }, // U+044E
    { 15, 14, 224, -2, 13, 53, 8041 }, // U+044F
    { 11, 21, 159, 0, 20, 58, 8094 }, // U+0450
    { 13, 20, 159, 0, 19, 65, 8152 }, // U+0451
    { 14, 28, 233, 1, 21, 98, 8217 }, // U+0452
    { 12, 21, 150, -1, 20, 63, 8315 }, // U+0453
    { 10, 14, 164, 0, 13, 35, 8378 }, // U+0454
    { 10, 14, 129, -1, 13, 35, 8413 }, // U+0455
    { 10, 19, 137, 0, 18, 48, 8448 }, // U+0456
    { 12, 20, 137, 0, 19, 60, 8496 }, // U+0457
    { 15, 27, 121, -6, 18, 102, 8556 }, // U+0458
    { 18, 14, 268, -2, 13, 63, 8658 }, // U+0459
    { 18, 14, 291, 0, 13, 63, 8721 }, // U+045A
    { 13, 22, 228, 1, 21, 72, 8784 }, // U+045B
    { 14, 21, 222, 1, 20, 74, 8856 }, // U+045C
    { 14, 21, 238, 0, 20, 74, 8930 }, // U+045D
    { 15, 28, 189, -3, 19, 105, 9004 }, // U+045E
    { 14, 20, 235, 0, 13, 70, 9109 }, // U+045F
    { 18, 22, 303, 1, 21, 99, 9179 }, // U+0462
    { 18, 14, 310, 1, 13, 63, 9278 }, // U+0463
    { 33, 21, 430, -3, 20, 174, 9341 }, // U+046A
    { 21, 13, 309, -1, 12, 69, 9515 }, // U+046B
    { 22, 21, 326, 2, 20, 116, 9584 }, // U+0470
    { 19, 21, 324, 2, 20, 100, 9700 }, // U+0472
    { 11, 14, 177, 0, 13, 39, 9800 }, // U+0473
    { 20, 21, 319, 4, 20, 105, 9839 }, // U+0474
    { 13, 14, 196, 1, 13, 46, 9944 }, // U+0475
    { 20, 26, 319, 4, 25, 130, 9990 }, // U+0476
    { 13, 21, 196, 1, 20, 69, 10120 }, // U+0477
    { 26, 33, 354, -1, 26, 215, 10189 }, // U+048A
    { 15, 26, 238, 0, 19, 98, 10404 }, // U+048B
    { 17, 22, 272, -1, 21, 94, 10502 }, // U+048C
    { 11, 22, 217, 2, 21, 61, 10596 }, // U+048D
    { 19, 21, 264, 0, 20, 100, 10657 }, // U+048E
    { 17, 24, 205, -4, 15, 102, 10757 }, // U+048F
    { 21, 24, 241, -1, 23, 126, 10859 }, // U+0490
    { 13, 16, 149, -1, 15, 52, 10985 }, // U+0491
    { 20, 21, 242, -1, 20, 105, 11037 }, // U+0492
    { 10, 14, 160, 0, 13, 35, 11142 }, // U+0493
    { 20, 27, 301, -1, 20, 135, 11177 }, // U+0494
    { 15, 21, 192, -3, 12, 79, 11312 }, // U+0495
    { 32, 27, 430, -3, 20, 216, 11391 }, // U+0496
    { 22, 20, 323, -1, 13, 110, 11607 }, // U+0497
    { 16, 29, 241, 0, 20, 116, 11717 }, // U+0498
    { 12, 22, 145, -3, 13, 66, 11833 }, // U+0499
    { 23, 27, 317, -1, 20, 156, 11899 }, // U+049A
    { 14, 20, 222, 1, 13, 70, 12055 }, // U+049B
    { 24, 21, 335, -1, 20, 126, 12125 }, // U+049C
    { 16, 14, 256, 1, 13, 56, 12251 }, // U+049D
    { 23, 21, 319, -1, 20, 121, 12307 }, // U+049E
    { 14, 22, 239, 2, 21, 77, 12428 }, // U+049F
    { 23, 21, 355, 1, 20, 121, 12505 }, // U+04A0
    { 17, 14, 256, 0, 13, 60, 12626 }, // U+04A1
    { 26, 27, 351, -1, 20, 176, 12686 }, // U+04A2
    { 13, 20, 248, 1, 13, 65, 12862 }, // U+04A3
    { 32, 21, 434, -1, 20, 168, 12927 }, // U+04A4
    { 18, 14, 283, 1, 13, 63, 13095 }, // U+04A5
    { 30, 27, 465, -1, 20, 203, 13158 }, // U+04A6
    { 18, 22, 318, 1, 13, 99, 13361 }, // U+04A7
    { 21, 21, 348, 2, 20, 111, 13460 }, // U+04A8
    { 14, 14, 237, 0, 13, 49, 13571 }, // U+04A9
    { 19, 29, 295, 2, 20, 138, 13620 }, // U+04AA
    { 12, 22, 146, -2, 13, 66, 13758 }, // U+04AB
    { 19, 27, 290, 3, 20, 129, 13824 }, // U+04AC
    { 21, 20, 368, 1, 13, 105, 13953 }, // U+04AD
    { 20, 21, 268, 2, 20, 105, 14058 }, // U+04AE
    { 14, 22, 211, 1, 13, 77, 14163 }, // U+04AF
    { 20, 21, 268, 2, 20, 105, 14240 }, // U+04B0
    { 16, 22, 211, -1, 13, 88, 14345 }, // U+04B1
    { 24, 27, 295, -2, 20, 162, 14433 }, // U+04B2
    { 15, 20, 205, -1, 13, 75, 14595 }, // U+04B3
    { 28, 26, 417, 1, 20, 182, 14670 }, // U+04B4
    { 15, 25, 238, 0, 18, 94, 14852 }, // U+04B5
    { 18, 26, 309, 4, 20, 117, 14946 }, // U+04B6
    { 13, 20, 220, 0, 13, 65, 15063 }, // U+04B7
    { 20, 21, 337, 4, 20, 105, 15128 }, // U+04B8
    { 14, 14, 234, 0, 13, 49, 15233 }, // U+04B9
    { 19, 21, 313, -1, 20, 100, 15282 }, // U+04BA
    { 13, 22, 228, 1, 21, 72, 15382 }, // U+04BB
    { 22, 21, 374, 3, 20, 116, 15454 }, // U+04BC
    { 13, 14, 208, 1, 13, 46, 15570 }, // U+04BD
    { 22, 29, 374, 3, 24, 160, 15616 }, // U+04BE
    { 15, 23, 208, 1, 18, 87, 15776 }, // U+04BF
    { 15, 21, 169, -1, 20, 79, 15863 }, // U+04C0
    { 32, 27, 430, -3, 26, 216, 15942 }, // U+04C1
    { 22, 20, 323, -1, 19, 110, 16158 }, // U+04C2
    { 23, 26, 317, -1, 20, 150, 16268 }, // U+04C3
    { 14, 22, 218, 1, 13, 77, 16418 }, // U+04C4
    { 25, 27, 316, -2, 20, 169, 16495 }, // U+04C5
    { 15, 20, 228, -2, 13, 75, 16664 }, // U+04C6
    { 26, 26, 340, -1, 20, 169, 16739 }, // U+04C7
    { 15, 22, 225, -1, 13, 83, 16908 }, // U+04C8
    { 26, 27, 351, -1, 20, 176, 16991 }, // U+04C9
    { 13, 20, 248, 1, 13, 65, 17167 }, // U+04CA
    { 18, 26, 309, 4, 20, 117, 17232 }, // U+04CB
    { 15, 20, 220, -2, 13, 75, 17349 }, // U+04CC
    { 33, 27, 463, -2, 20, 223, 17424 }, // U+04CD
    { 19, 20, 296, -2, 13, 95, 17647 }, // U+04CE
    { 9, 22, 133, 0, 21, 50, 17742 }, // U+04CF
    { 25, 27, 307, -2, 26, 169, 17792 }, // U+04D0
    { 16, 20, 229, -1, 19, 80, 17961 }, // U+04D1
    { 25, 25, 307, -2, 24, 157, 18041 }, // U+04D2
    { 16, 20, 229, -1, 19, 80, 18198 }, // U+04D3
    { 28, 21, 373, -2, 20, 147, 18278 }, // U+04D4
    { 16, 14, 243, -1, 13, 56, 18425 }, // U+04D5
    { 20, 27, 269, -1, 26, 135, 18481 }, // U+04D6
    { 13, 20, 159, 0, 19, 65, 18616 }, // U+04D7
    { 20, 21, 306, 0, 20, 105, 18681 }, // U+04D8
    { 11, 14, 159, -1, 13, 39, 18786 }, // U+04D9
    { 20, 25, 306, 0, 24, 125, 18825 }, // U+04DA
    { 13, 20, 159, -1, 19, 65, 18950 }, // U+04DB
    { 32, 25, 430, -3, 24, 200, 19015 }, // U+04DC
    { 22, 20, 323, -1, 19, 110, 19215 }, // U+04DD
    { 16, 25, 241, 0, 24, 100, 19325 }, // U+04DE
    { 12, 20, 145, -1, 19, 60, 19425 }, // U+04DF
    { 18, 21, 254, 0, 20, 95, 19485 }, // U+04E0
    { 16, 22, 198, -3, 13, 88, 19580 }, // U+04E1
    { 26, 24, 354, -1, 23, 156, 19668 }, // U+04E2
    { 15, 18, 238, 0, 17, 68, 19824 }, // U+04E3
    { 26, 25, 354, -1, 24, 163, 19892 }, // U+04E4
    { 15, 20, 238, 0, 19, 75, 20055 }, // U+04E5
    { 19, 25, 324, 2, 24, 119, 20130 }, // U+04E6
    { 14, 20, 177, 0, 19, 70, 20249 }, // U+04E7
    { 19, 21, 324, 2, 20, 100, 20319 }, // U+04E8
    { 11, 14, 177, 0, 13, 39, 20419 }, // U+04E9
    { 19, 25, 324, 2, 24, 119, 20458 }, // U+04EA
    { 14, 20, 177, 0, 19, 70, 20577 }, // U+04EB
    { 20, 25, 305, 0, 24, 125, 20647 }, // U+04EC
    { 13, 20, 165, -1, 19, 65, 20772 }, // U+04ED
    { 23, 24, 297, 0, 23, 138, 20837 }, // U+04EE
    { 15, 26, 189, -3, 17, 98, 20975 }, // U+04EF
    { 23, 25, 297, 0, 24, 144, 21073 }, // U+04F0
    { 15, 28, 189, -3, 19, 105, 21217 }, // U+04F1
    { 23, 26, 297, 0, 25, 150, 21322 }, // U+04F2
    { 16, 29, 189, -3, 20, 116, 21472 }, // U+04F3
    { 18, 25, 309, 4, 24, 113, 21588 }, // U+04F4
    { 14, 19, 220, 0, 18, 67, 21701 }, // U+04F5
    { 20, 27, 242, -1, 20, 135, 21768 }, // U+04F6
    { 11, 20, 150, -1, 13, 55, 21903 }, // U+04F7
    { 32, 25, 442, -1, 24, 200, 21958 }, // U+04F8
    { 16, 20, 293, 1, 19, 80, 22158 }, // U+04F9
    { 24, 26, 221, -6, 20, 156, 22238 }, // U+04FA
    { 12, 22, 160, -2, 13, 66, 22394 }, // U+04FB
    { 24, 29, 280, -2, 20, 174, 22460 }, // U+04FC
    { 15, 22, 200, -1, 13, 83, 22634 }, // U+04FD
    { 24, 21, 305, -2, 20, 126, 22717 }, // U+04FE
    { 15, 14, 204, -1, 13, 53, 22843 }, // U+04FF
    { 20, 26, 307, -2, 20, 130, 0 }, // U+1EA0
    { 14, 20, 229, -1, 13, 70, 130 }, // U+1EA1
    { 23, 26, 307, -2, 25, 150, 200 }, // U+1EA2
    { 15, 21, 229, -1, 20, 79, 350 }, // U+1EA3
    { 28, 27, 307, -2, 26, 189, 429 }, // U+1EA4
    { 17, 23, 226, -1, 22, 98, 618 }, // U+1EA5
    { 24, 27, 307, -2, 26, 162, 716 }, // U+1EA6
    { 14, 23, 226, -1, 22, 81, 878 }, // U+1EA7
    { 28, 27, 307, -2, 26, 189, 959 }, // U+1EA8
    { 17, 22, 226, -1, 21, 94, 1148 }, // U+1EA9
    { 26, 30, 307, -2, 29, 195, 1242 }, // U+1EAA
    { 17, 24, 226, -1, 23, 102, 1437 }, // U+1EAB
    { 24, 30, 307, -2, 24, 180, 1539 }, // U+1EAC
    { 15, 26, 229, -1, 19, 98, 1719 }, // U+1EAD
    { 24, 28, 307, -2, 27, 168, 1817 }, // U+1EAE
    { 15, 23, 226, -1, 22, 87, 1985 }, // U+1EAF
    { 24, 28, 307, -2, 27, 168, 2072 }, // U+1EB0
    { 15, 23, 211, -1, 22, 87, 2240 }, // U+1EB1
    { 24, 29, 307, -2, 28, 174, 2327 }, // U+1EB2
    { 15, 22, 226, -1, 21, 83, 2501 }, // U+1EB3
    { 26, 30, 307, -2, 29, 195, 2584 }, // U+1EB4
    { 16, 23, 211, -1, 22, 92, 2779 }, // U+1EB5
    { 24, 30, 307, -2, 24, 180, 2871 }, // U+1EB6
    { 16, 25, 229, -1, 18, 100, 3051 }, // U+1EB7
    { 20, 26, 269, -1, 20, 130, 3151 }, // U+1EB8
    { 11, 20, 159, 0, 13, 55, 3281 }, // U+1EB9
    { 20, 26, 269, -1, 25, 130, 3336 }, // U+1EBA
    { 12, 21, 159, 0, 20, 63, 3466 }, // U+1EBB
    { 20, 26, 269, -1, 25, 130, 3529 }, // U+1EBC
    { 13, 19, 159, 0, 18, 62, 3659 }, // U+1EBD
    { 22, 27, 269, -1, 26, 149, 3721 }, // U+1EBE
    { 14, 23, 157, 0, 22, 81, 3870 }, // U+1EBF
    { 20, 27, 269, -1, 26, 135, 3951 }, // U+1EC0
    { 11, 23, 157, 0, 22, 64, 4086 }, // U+1EC1
    { 22, 27, 269, -1, 26, 149, 4150 }, // U+1EC2
    { 16, 22, 157, 0, 21, 88, 4299 }, // U+1EC3
    { 20, 30, 269, -1, 29, 150, 4387 }, // U+1EC4
    { 14, 23, 157, 0, 22, 81, 4537 }, // U+1EC5
    { 20, 30, 269, -1, 24, 150, 4618 }, // U+1EC6
    { 12, 26, 159, 0, 19, 78, 4768 }, // U+1EC7
    { 15, 26, 169, -1, 25, 98, 4846 }, // U+1EC8
    { 11, 21, 137, 0, 20, 58, 4944 }, // U+1EC9
    { 15, 26, 169, -1, 20, 98, 5002 }, // U+1ECA
    { 10, 25, 137, 0, 18, 63, 5100 }, // U+1ECB
    { 19, 26, 324, 2, 20, 124, 5163 }, // U+1ECC
    { 11, 20, 177, 0, 13, 55, 5287 }, // U+1ECD
    { 19, 26, 324, 2, 25, 124, 5342 }, // U+1ECE
    { 13, 21, 177, 0, 20, 69, 5466 }, // U+1ECF
    { 22, 26, 333, 2, 25, 143, 5535 }, // U+1ED0
    { 15, 23, 177, 0, 22, 87, 5678 }, // U+1ED1
    { 19, 26, 333, 2, 25, 124, 5765 }, // U+1ED2
    { 11, 23, 177, 0, 22, 64, 5889 }, // U+1ED3
    { 21, 27, 333, 2, 26, 142, 5953 }, // U+1ED4
    { 15, 21, 177, 0, 20, 79, 6095 }, // U+1ED5
    { 19, 30, 333, 2, 29, 143, 6174 }, // U+1ED6
    { 14, 24, 177, 0, 23, 84, 6317 }, // U+1ED7
    { 19, 30, 324, 2, 24, 143, 6401 }, // U+1ED8
    { 12, 26, 177, 0, 19, 78, 6544 }, // U+1ED9
    { 22, 26, 333, 2, 25, 143, 6622 }, // U+1EDA
    { 14, 21, 209, 0, 20, 74, 6765 }, // U+1EDB
    { 22, 26, 333, 2, 25, 143, 6839 }, // U+1EDC
    { 14, 21, 209, 0, 20, 74, 6982 }, // U+1EDD
    { 22, 26, 333, 2, 25, 143, 7056 }, // U+1EDE
    { 14, 21, 209, 0, 20, 74, 7199 }, // U+1EDF
    { 22, 26, 333, 2, 25, 143, 7273 }, // U+1EE0
    { 14, 19, 209, 0, 18, 67, 7416 }, // U+1EE1
    { 22, 28, 333, 2, 22, 154, 7483 }, // U+1EE2
    { 14, 22, 209, 0, 15, 77, 7637 }, // U+1EE3
    { 23, 26, 327, 2, 20, 150, 7714 }, // U+1EE4
    { 14, 20, 238, 0, 13, 70, 7864 }, // U+1EE5
    { 23, 26, 327, 2, 25, 150, 7934 }, // U+1EE6
    { 14, 21, 238, 0, 20, 74, 8084 }, // U+1EE7
    { 24, 26, 327, 2, 25, 156, 8158 }, // U+1EE8
    { 18, 21, 242, 0, 20, 95, 8314 }, // U+1EE9
    { 24, 26, 327, 2, 25, 156, 8409 }, // U+1EEA
    { 18, 21, 242, 0, 20, 95, 8565 }, // U+1EEB
    { 24, 26, 327, 2, 25, 156, 8660 }, // U+1EEC
    { 18, 21, 242, 0, 20, 95, 8816 }, // U+1EED
    { 24, 26, 327, 2, 25, 156, 8911 }, // U+1EEE
    { 18, 19, 242, 0, 18, 86, 9067 }, // U+1EEF
    { 24, 29, 327, 2, 23, 174, 9153 }, // U+1EF0
    { 18, 23, 242, 0, 16, 104, 9327 }, // U+1EF1
    { 20, 26, 268, 2, 25, 130, 9431 }, // U+1EF2
    { 15, 29, 189, -3, 20, 109, 9561 }, // U+1EF3
    { 20, 26, 268, 2, 20, 130, 9670 }, // U+1EF4
    { 15, 22, 196, -3, 13, 83, 9800 }, // U+1EF5
    { 20, 26, 268, 2, 25, 130, 9883 }, // U+1EF6
    { 15, 29, 189, -3, 20, 109, 10013 }, // U+1EF7
    { 20, 26, 268, 2, 25, 130, 10122 }, // U+1EF8
    { 16, 27, 189, -3, 18, 108, 10252 }, // U+1EF9
    { 0, 0, 212, 0, 0, 0, 0 }, // U+2000
    { 0, 0, 425, 0, 0, 0, 0 }, // U+2001
    { 0, 0, 212, 0, 0, 0, 0 }, // U+2002
    { 0, 0, 425, 0, 0, 0, 0 }, // U+2003
    { 0, 0, 141, 0, 0, 0, 0 }, // U+2004
    { 0, 0, 106, 0, 0, 0, 0 }, // U+2005
    { 0, 0, 70, 0, 0, 0, 0 }, // U+2006
    { 0, 0, 224, 0, 0, 0, 0 }, // U+2007
    { 0, 0, 97, 0, 0, 0, 0 }, // U+2008
    { 0, 0, 42, 0, 0, 0, 0 }, // U+2009
    { 0, 0, 4, 0, 0, 0, 0 }, // U+200A
    { 0, 0, 0, 0, 0, 0, 0 }, // U+200B
    { 0, 0, 0, 0, 0, 0, 0 }, // U+200C
    { 0, 0, 0, 0, 0, 0, 0 }, // U+200D
    { 0, 0, 0, 0, 0, 0, 0 }, // U+200E
    { 0, 0, 0, 0, 0, 0, 0 }, // U+200F
    { 8, 4, 125, 0, 8, 8, 0 }, // U+2010
    { 8, 4, 125, 0, 8, 8, 8 }, // U+2011
    { 15, 3, 230, 0, 8, 12, 16 }, // U+2012
    { 13, 2, 242, 1, 7, 7, 28 }, // U+2013
    { 24, 2, 416, 1, 7, 12, 35 }, // U+2014
    { 57, 2, 934, 1, 7, 29, 47 }, // U+2015
    { 7, 30, 189, 2, 21, 53, 76 }, // U+2016
    { 16, 6, 217, -5, -3, 24, 129 }, // U+2017
    { 6, 9, 100, 4, 21, 14, 153 }, // U+2018
    { 6, 8, 100, 3, 21, 12, 167 }, // U+2019
    { 6, 8, 100, -2, 4, 12, 179 }, // U+201A
    { 11, 9, 182, 4, 21, 25, 191 }, // U+201C
    { 11, 8, 182, 3, 21, 22, 216 }, // U+201D
    { 11, 8, 182, -2, 4, 22, 238 }, // U+201E
    { 12, 23, 193, 2, 19, 69, 260 }, // U+2020
    { 15, 23, 194, -1, 19, 87, 329 }, // U+2021
    { 9, 9, 159, 2, 15, 21, 416 }, // U+2022
    { 4, 4, 100, 0, 3, 4, 437 }, // U+2024
    { 10, 4, 207, 0, 3, 10, 441 }, // U+2025
    { 17, 4, 313, 0, 3, 17, 451 }, // U+2026
    { 0, 0, 0, 0, 0, 0, 468 }, // U+202A
    { 0, 0, 0, 0, 0, 0, 468 }, // U+202B
    { 0, 0, 0, 0, 0, 0, 468 }, // U+202C
    { 0, 0, 0, 0, 0, 0, 468 }, // U+202D
    { 0, 0, 0, 0, 0, 0, 468 }, // U+202E
    { 27, 21, 438, 0, 20, 142, 468 }, // U+2030
    { 5, 8, 65, 3, 20, 10, 610 }, // U+2032
    { 9, 8, 129, 3, 20, 18, 620 }, // U+2033
    { 13, 8, 194, 3, 20, 26, 638 }, // U+2034
    { 5, 7, 110, 4, 20, 9, 664 }, // U+2035
    { 9, 7, 175, 4, 20, 16, 673 }, // U+2036
    { 13, 7, 239, 4, 20, 23, 689 }, // U+2037
    { 11, 12, 191, 1, 12, 33, 712 }, // U+2039
    { 11, 12, 191, 0, 12, 33, 745 }, // U+203A
    { 14, 20, 225, 1, 19, 70, 778 }, // U+203C
    { 10, 21, 151, 1, 20, 53, 848 }, // U+203D
    { 12, 2, 221, 4, 18, 6, 901 }, // U+203E
    { 20, 21, 11, -8, 20, 105, 907 }, // U+2044
    { 17, 21, 277, 2, 20, 90, 1012 }, // U+2047
    { 16, 21, 263, 2, 20, 84, 1102 }, // U+2048
    { 18, 21, 271, 1, 20, 95, 1186 }, // U+2049
    { 21, 28, 474, 4, 19, 147, 1281 }, // U+204B
    { 10, 9, 158, -1, 9, 23, 1428 }, // U+204E
    { 17, 8, 259, 3, 20, 34, 1451 }, // U+2057
    { 0, 0, 0, 0, 0, 0, 1485 }, // U+2060
    { 0, 0, 0, 0, 0, 0, 1485 }, // U+2061
    { 0, 0, 0, 0, 0, 0, 1485 }, // U+2062
    { 0, 0, 0, 0, 0, 0, 1485 }, // U+2063
    { 0, 0, 0, 0, 0, 0, 1485 }, // U+2064
    { 0, 0, 0, 0, 0, 0, 1485 }, // U+2066
    { 0, 0, 0, 0, 0, 0, 1485 }, // U+2067
    { 0, 0, 0, 0, 0, 0, 1485 }, // U+2068
    { 0, 0, 0, 0, 0, 0, 1485 }, // U+2069
    { 0, 0, 0, 0, 0, 0, 1485 }, // U+206A
    { 0, 0, 0, 0, 0, 0, 1485 }, // U+206B
    { 0, 0, 0, 0, 0, 0, 1485 }, // U+206C
    { 0, 0, 0, 0, 0, 0, 1485 }, // U+206D
    { 0, 0, 0, 0, 0, 0, 1485 }, // U+206E
    { 0, 0, 0, 0, 0, 0, 1485 }, // U+206F
    { 7, 12, 90, 1, 20, 21, 0 }, // U+2071
    { 16, 16, 275, 1, 15, 64, 21 }, // U+207A
    { 16, 3, 278, 1, 9, 12, 85 }, // U+207B
    { 16, 7, 275, 1, 11, 28, 97 }, // U+207C
    { 12, 28, 136, 0, 21, 84, 125 }, // U+207D
    { 12, 28, 144, -3, 21, 84, 209 }, // U+207E
    { 11, 8, 175, 1, 16, 22, 293 }, // U+207F
    { 9, 11, 131, -2, 6, 25, 315 }, // U+2080
    { 8, 11, 114, -3, 7, 22, 340 }, // U+2081
    { 9, 10, 130, -3, 6, 23, 362 }, // U+2082
    { 9, 11, 133, -2, 7, 25, 385 }, // U+2083
    { 9, 11, 130, -3, 6, 25, 410 }, // U+2084
    { 9, 11, 116, -3, 6, 25, 435 }, // U+2085
    { 9, 12, 133, -2, 7, 27, 460 }, // U+2086
    { 10, 11, 130, -2, 6, 28, 487 }, // U+2087
    { 9, 12, 132, -2, 7, 27, 515 }, // U+2088
    { 10, 12, 132, -3, 7, 30, 542 }, // U+2089
    { 16, 16, 275, 1, 15, 64, 572 }, // U+208A
    { 16, 3, 278, 1, 9, 12, 636 }, // U+208B
    { 16, 7, 275, 1, 11, 28, 648 }, // U+208C
    { 8, 17, 91, -1, 9, 34, 676 }, // U+208D
    { 7, 17, 91, -4, 9, 30, 710 }, // U+208E
    { 7, 8, 137, -2, 3, 14, 740 }, // U+2090
    { 8, 8, 124, -2, 3, 16, 754 }, // U+2091
    { 8, 8, 142, -2, 3, 16, 770 }, // U+2092
    { 10, 8, 135, -3, 4, 20, 786 }, // U+2093
    { 8, 9, 124, -2, 3, 18, 806 }, // U+2094
    { 11, 13, 171, -3, 9, 36, 824 }, // U+2095
    { 11, 13, 158, -3, 9, 36, 860 }, // U+2096
    { 8, 13, 90, -3, 9, 26, 896 }, // U+2097
    { 16, 8, 246, -3, 4, 32, 922 }, // U+2098
    { 11, 8, 175, -3, 4, 22, 954 }, // U+2099
    { 12, 12, 164, -4, 4, 36, 976 }, // U+209A
    { 7, 8, 101, -2, 4, 14, 1012 }, // U+209B
    { 7, 9, 105, -2, 5, 16, 1026 }, // U+209C
    { 21, 25, 295, 0, 22, 132, 0 }, // U+20A1
    { 20, 21, 238, -1, 20, 105, 132 }, // U+20A3
    { 19, 21, 233, -2, 19, 100, 237 }, // U+20A4
    { 17, 17, 325, 2, 14, 73, 337 }, // U+20A5
    { 28, 21, 386, -1, 20, 147, 410 }, // U+20A6
    { 21, 21, 282, -1, 20, 111, 557 }, // U+20A7
    { 26, 21, 406, 0, 20, 137, 668 }, // U+20A8
    { 32, 21, 498, 3, 20, 168, 805 }, // U+20A9
    { 17, 25, 255, 0, 21, 107, 973 }, // U+20AB
    { 22, 21, 293, -1, 20, 116, 1080 }, // U+20AC
    { 25, 21, 326, -1, 20, 132, 1196 }, // U+20AD
    { 19, 21, 290, 3, 20, 100, 1328 }, // U+20AE
    { 21, 21, 280, 0, 20, 111, 1428 }, // U+20B1
    { 19, 24, 321, 2, 21, 114, 1539 }, // U+20B2
    { 16, 21, 245, 1, 20, 84, 1653 }, // U+20B4
    { 19, 25, 295, 2, 22, 119, 1737 }, // U+20B5
    { 19, 20, 270, 2, 19, 95, 1856 }, // U+20B8
    { 14, 21, 222, 0, 20, 74, 1951 }, // U+20B9
    { 16, 21, 240, -1, 20, 84, 2025 }, // U+20BA
    { 22, 22, 345, -2, 21, 121, 2109 }, // U+20BC
    { 19, 21, 264, 0, 20, 100, 2230 }, // U+20BD
    { 27, 11, 466, 2, 14, 75, 0 }, // U+2190
    { 12, 26, 205, 2, 20, 78, 75 }, // U+2191
    { 27, 11, 467, 2, 14, 75, 153 }, // U+2192
    { 11, 26, 204, 0, 20, 72, 228 }, // U+2193
    { 27, 11, 468, 2, 14, 75, 300 }, // U+2194
    { 12, 26, 187, 0, 20, 78, 375 }, // U+2195
    { 22, 22, 545, 6, 16, 121, 453 }, // U+2196
    { 22, 22, 378, 0, 17, 121, 574 }, // U+2197
    { 21, 22, 461, 4, 18, 116, 695 }, // U+2198
    { 22, 22, 378, 2, 17, 121, 811 }, // U+2199
    { 27, 22, 466, 2, 20, 149, 932 }, // U+219A
    { 27, 22, 467, 2, 20, 149, 1081 }, // U+219B
    { 27, 11, 466, 2, 14, 75, 1230 }, // U+219E
    { 11, 26, 204, 2, 20, 72, 1305 }, // U+219F
    { 27, 11, 467, 2, 14, 75, 1377 }, // U+21A0
    { 12, 26, 204, 0, 20, 78, 1452 }, // U+21A1
    { 27, 11, 466, 2, 14, 75, 1530 }, // U+21A2
    { 27, 22, 468, 2, 20, 149, 1605 }, // U+21AE
    { 27, 11, 476, 2, 14, 75, 1754 }, // U+21D0
    { 12, 26, 204, 1, 20, 78, 1829 }, // U+21D1
    { 28, 11, 476, 2, 14, 77, 1907 }, // U+21D2
    { 11, 26, 204, 1, 20, 72, 1984 }, // U+21D3
    { 27, 11, 482, 2, 14, 75, 2056 }, // U+21DA
    { 12, 26, 187, 0, 20, 78, 2131 }, // U+21DB
    { 27, 11, 482, 3, 14, 75, 2209 }, // U+21DC
    { 12, 26, 204, 1, 20, 78, 2284 }, // U+21DD
    { 12, 22, 194, 1, 21, 66, 0 }, // U+2202
    { 18, 22, 331, 2, 19, 99, 66 }, // U+2205
    { 19, 21, 268, -1, 20, 100, 165 }, // U+2206
    { 19, 20, 316, 2, 19, 95, 265 }, // U+2207
    { 27, 21, 374, -1, 20, 142, 360 }, // U+220F
    { 27, 21, 554, 5, 20, 142, 502 }, // U+2210
    { 20, 23, 219, -3, 20, 115, 644 }, // U+2211
    { 16, 3, 278, 1, 9, 12, 759 }, // U+2212
    { 15, 18, 275, 3, 18, 68, 771 }, // U+2213
    { 14, 22, 129, -2, 20, 77, 839 }, // U+2215
    { 6, 23, 191, 4, 20, 35, 916 }, // U+2216
    { 4, 4, 94, 1, 8, 4, 951 }, // U+2219
    { 17, 24, 168, 2, 21, 102, 955 }, // U+221A
    { 20, 12, 350, 1, 12, 60, 1057 }, // U+221E
    { 3, 30, 121, 2, 21, 23, 1117 }, // U+2223
    { 14, 30, 121, -3, 21, 105, 1140 }, // U+2224
    { 7, 30, 177, 2, 21, 53, 1245 }, // U+2225
    { 15, 30, 177, -2, 21, 113, 1298 }, // U+2226
    { 23, 27, 146, -8, 20, 156, 1411 }, // U+222B
    { 6, 12, 101, 0, 11, 18, 1567 }, // U+2236
    { 13, 5, 233, 2, 12, 17, 1585 }, // U+223C
    { 14, 22, 233, 2, 21, 77, 1602 }, // U+2241
    { 14, 10, 233, 1, 13, 35, 1679 }, // U+2248
    { 16, 16, 275, 1, 15, 64, 1714 }, // U+2260
    { 16, 17, 226, -1, 16, 68, 1778 }, // U+2264
    { 16, 17, 275, 1, 16, 68, 1846 }, // U+2265
    { 24, 15, 414, 1, 14, 90, 1914 }, // U+226A
    { 23, 15, 417, 2, 14, 87, 2004 }, // U+226B
    { 15, 22, 275, 1, 18, 83, 2091 }, // U+226E
    { 15, 22, 275, 1, 18, 83, 2174 }, // U+226F
    { 4, 4, 94, 1, 8, 4, 2257 }, // U+22C5
    { 16, 4, 281, 1, 8, 16, 2261 }, // U+22EF
    { 30, 30, 287, -6, 21, 225, 0 }, // U+FB00
    { 23, 30, 260, -6, 21, 173, 225 }, // U+FB01
    { 24, 30, 274, -6, 21, 180, 398 }, // U+FB02
    { 31, 30, 385, -6, 21, 233, 578 }, // U+FB03
    { 32, 30, 399, -6, 21, 240, 811 }, // U+FB04
    { 24, 30, 260, -6, 21, 180, 1051 }, // U+FB05
    { 20, 21, 264, -1, 20, 105, 1231 }, // U+FB06
    { 23, 22, 353, 1, 21, 127, 0 }, // U+FFFD
};

static const EpdUnicodeInterval ebgaramond_14_italicIntervals[] = {
    { 0x0, 0xB1, 0x0 },
    { 0xB4, 0xB8, 0xB2 },
    { 0xBA, 0x17F, 0xB7 },
    { 0x1A0, 0x1A1, 0x17D },
    { 0x1AF, 0x1B0, 0x17F },
    { 0x1C4, 0x21F, 0x181 },
    { 0x300, 0x33E, 0x1DD },
    { 0x340, 0x345, 0x21C },
    { 0x34F, 0x34F, 0x222 },
    { 0x351, 0x351, 0x223 },
    { 0x353, 0x353, 0x224 },
    { 0x357, 0x357, 0x225 },
    { 0x35D, 0x35D, 0x226 },
    { 0x361, 0x361, 0x227 },
    { 0x364, 0x364, 0x228 },
    { 0x400, 0x45F, 0x229 },
    { 0x462, 0x463, 0x289 },
    { 0x46A, 0x46B, 0x28B },
    { 0x470, 0x470, 0x28D },
    { 0x472, 0x477, 0x28E },
    { 0x48A, 0x4FF, 0x294 },
    { 0x1EA0, 0x1EF9, 0x30A },
    { 0x2000, 0x201A, 0x364 },
    { 0x201C, 0x201E, 0x37F },
    { 0x2020, 0x2022, 0x382 },
    { 0x2024, 0x2026, 0x385 },
    { 0x202A, 0x202E, 0x388 },
    { 0x2030, 0x2030, 0x38D },
    { 0x2032, 0x2037, 0x38E },
    { 0x2039, 0x203A, 0x394 },
    { 0x203C, 0x203E, 0x396 },
    { 0x2044, 0x2044, 0x399 },
    { 0x2047, 0x2049, 0x39A },
    { 0x204B, 0x204B, 0x39D },
    { 0x204E, 0x204E, 0x39E },
    { 0x2057, 0x2057, 0x39F },
    { 0x2060, 0x2064, 0x3A0 },
    { 0x2066, 0x206F, 0x3A5 },
    { 0x2071, 0x2071, 0x3AF },
    { 0x207A, 0x208E, 0x3B0 },
    { 0x2090, 0x209C, 0x3C5 },
    { 0x20A1, 0x20A1, 0x3D2 },
    { 0x20A3, 0x20A9, 0x3D3 },
    { 0x20AB, 0x20AE, 0x3DA },
    { 0x20B1, 0x20B2, 0x3DE },
    { 0x20B4, 0x20B5, 0x3E0 },
    { 0x20B8, 0x20BA, 0x3E2 },
    { 0x20BC, 0x20BD, 0x3E5 },
    { 0x2190, 0x219B, 0x3E7 },
    { 0x219E, 0x21A2, 0x3F3 },
    { 0x21AE, 0x21AE, 0x3F8 },
    { 0x21D0, 0x21D3, 0x3F9 },
    { 0x21DA, 0x21DD, 0x3FD },
    { 0x2202, 0x2202, 0x401 },
    { 0x2205, 0x2207, 0x402 },
    { 0x220F, 0x2213, 0x405 },
    { 0x2215, 0x2216, 0x40A },
    { 0x2219, 0x221A, 0x40C },
    { 0x221E, 0x221E, 0x40E },
    { 0x2223, 0x2226, 0x40F },
    { 0x222B, 0x222B, 0x413 },
    { 0x2236, 0x2236, 0x414 },
    { 0x223C, 0x223C, 0x415 },
    { 0x2241, 0x2241, 0x416 },
    { 0x2248, 0x2248, 0x417 },
    { 0x2260, 0x2260, 0x418 },
    { 0x2264, 0x2265, 0x419 },
    { 0x226A, 0x226B, 0x41B },
    { 0x226E, 0x226F, 0x41D },
    { 0x22C5, 0x22C5, 0x41F },
    { 0x22EF, 0x22EF, 0x420 },
    { 0xFB00, 0xFB06, 0x421 },
    { 0xFFFD, 0xFFFD, 0x428 },
};

static const EpdFontGroup ebgaramond_14_italicGroups[] = {
    { 0, 3903, 7696, 128, 0 },
    { 3903, 3123, 8520, 125, 128 },
    { 7026, 4344, 14108, 128, 253 },
    { 11370, 4185, 12299, 96, 381 },
    { 15555, 710, 1076, 76, 477 },
    { 16265, 8315, 24360, 225, 553 },
    { 24580, 2228, 10924, 90, 778 },
    { 26808, 950, 1648, 75, 868 },
    { 27758, 673, 1137, 35, 943 },
    { 28431, 1411, 2496, 21, 978 },
    { 29842, 787, 2462, 26, 999 },
    { 30629, 1172, 2432, 32, 1025 },
    { 31801, 594, 1365, 7, 1057 },
    { 32395, 106, 132, 1, 1064 },
};

static const EpdKernClassEntry ebgaramond_14_italicKernLeftClasses[] = {
    { 0x0026, 1 }, // &
    { 0x002A, 2 }, // *
    { 0x002C, 3 }, // ,
    { 0x002D, 4 }, // -
    { 0x002E, 3 }, // .
    { 0x002F, 5 }, // /
    { 0x003A, 6 }, // :
    { 0x0041, 7 }, // A
    { 0x0042, 8 }, // B
    { 0x0043, 9 }, // C
    { 0x0044, 10 }, // D
    { 0x0046, 11 }, // F
    { 0x0048, 12 }, // H
    { 0x0049, 12 }, // I
    { 0x004A, 13 }, // J
    { 0x004D, 14 }, // M
    { 0x004F, 10 }, // O
    { 0x0050, 15 }, // P
    { 0x0051, 10 }, // Q
    { 0x0053, 16 }, // S
    { 0x0054, 17 }, // T
    { 0x0055, 18 }, // U
    { 0x0056, 19 }, // V
    { 0x0057, 19 }, // W
    { 0x0058, 20 }, // X
    { 0x0059, 21 }, // Y
    { 0x005C, 22 }, // <backslash>
    { 0x0061, 23 }, // a
    { 0x0062, 24 }, // b
    { 0x0063, 25 }, // c
    { 0x0064, 26 }, // d
    { 0x0065, 27 }, // e
    { 0x0066, 28 }, // f
    { 0x0067, 29 }, // g
    { 0x0068, 30 }, // h
    { 0x0069, 31 }, // i
    { 0x006C, 26 }, // l
    { 0x006D, 32 }, // m
    { 0x006E, 32 }, // n
    { 0x006F, 24 }, // o
    { 0x0070, 24 }, // p
    { 0x0071, 33 }, // q
    { 0x0072, 34 }, // r
    { 0x0073, 35 }, // s
    { 0x0074, 36 }, // t
    { 0x0075, 31 }, // u
    { 0x0076, 37 }, // v
    { 0x0077, 37 }, // w
    { 0x0078, 37 }, // x
    { 0x0079, 37 }, // y
    { 0x00A1, 38 }, // U+00A1
    { 0x00AB, 39 }, // U+00AB
    { 0x00B6, 40 }, // U+00B6
    { 0x00B7, 41 }, // U+00B7
    { 0x00BB, 42 }, // U+00BB
    { 0x00BF, 43 }, // U+00BF
    { 0x00C0, 7 }, // U+00C0
    { 0x00C1, 7 }, // U+00C1
    { 0x00C2, 7 }, // U+00C2
    { 0x00C3, 7 }, // U+00C3
    { 0x00C4, 7 }, // U+00C4
    { 0x00C5, 7 }, // U+00C5
    { 0x00C7, 9 }, // U+00C7
    { 0x00CC, 12 }, // U+00CC
    { 0x00CD, 12 }, // U+00CD
    { 0x00CE, 12 }, // U+00CE
    { 0x00CF, 12 }, // U+00CF
    { 0x00D0, 10 }, // U+00D0
    { 0x00D2, 10 }, // U+00D2
    { 0x00D3, 10 }, // U+00D3
    { 0x00D4, 10 }, // U+00D4
    { 0x00D5, 10 }, // U+00D5
    { 0x00D6, 10 }, // U+00D6
    { 0x00D8, 10 }, // U+00D8
    { 0x00D9, 18 }, // U+00D9
    { 0x00DA, 18 }, // U+00DA
    { 0x00DB, 18 }, // U+00DB
    { 0x00DC, 18 }, // U+00DC
    { 0x00DD, 21 }, // U+00DD
    { 0x00E0, 23 }, // U+00E0
    { 0x00E1, 23 }, // U+00E1
    { 0x00E2, 23 }, // U+00E2
    { 0x00E3, 23 }, // U+00E3
    { 0x00E4, 23 }, // U+00E4
    { 0x00E5, 23 }, // U+00E5
    { 0x00E6, 27 }, // U+00E6
    { 0x00E7, 25 }, // U+00E7
    { 0x00E8, 27 }, // U+00E8
    { 0x00E9, 27 }, // U+00E9
    { 0x00EA, 27 }, // U+00EA
    { 0x00EB, 27 }, // U+00EB
    { 0x00EC, 31 }, // U+00EC
    { 0x00ED, 31 }, // U+00ED
    { 0x00EE, 31 }, // U+00EE
    { 0x00EF, 31 }, // U+00EF
    { 0x00F1, 32 }, // U+00F1
    { 0x00F2, 24 }, // U+00F2
    { 0x00F3, 24 }, // U+00F3
    { 0x00F4, 24 }, // U+00F4
    { 0x00F5, 24 }, // U+00F5
    { 0x00F6, 24 }, // U+00F6
    { 0x00F8, 24 }, // U+00F8
    { 0x00F9, 31 }, // U+00F9
    { 0x00FA, 31 }, // U+00FA
    { 0x00FB, 31 }, // U+00FB
    { 0x00FC, 31 }, // U+00FC
    { 0x00FD, 37 }, // U+00FD
    { 0x00FE, 24 }, // U+00FE
    { 0x00FF, 37 }, // U+00FF
    { 0x0100, 7 }, // U+0100
    { 0x0101, 23 }, // U+0101
    { 0x0102, 7 }, // U+0102
    { 0x0103, 23 }, // U+0103
    { 0x0104, 7 }, // U+0104
    { 0x0105, 23 }, // U+0105
    { 0x0106, 9 }, // U+0106
    { 0x0107, 25 }, // U+0107
    { 0x0108, 9 }, // U+0108
    { 0x0109, 25 }, // U+0109
    { 0x010A, 9 }, // U+010A
    { 0x010B, 25 }, // U+010B
    { 0x010C, 9 }, // U+010C
    { 0x010D, 25 }, // U+010D
    { 0x010E, 10 }, // U+010E
    { 0x0110, 10 }, // U+0110
    { 0x0111, 26 }, // U+0111
    { 0x0113, 27 }, // U+0113
    { 0x0115, 27 }, // U+0115
    { 0x0117, 27 }, // U+0117
    { 0x0119, 27 }, // U+0119
    { 0x011B, 27 }, // U+011B
    { 0x011D, 29 }, // U+011D
    { 0x011F, 29 }, // U+011F
    { 0x0121, 29 }, // U+0121
    { 0x0123, 29 }, // U+0123
    { 0x0124, 12 }, // U+0124
    { 0x0125, 32 }, // U+0125
    { 0x0126, 12 }, // U+0126
    { 0x0127, 32 }, // U+0127
    { 0x0128, 12 }, // U+0128
    { 0x012A, 12 }, // U+012A
    { 0x012C, 12 }, // U+012C
    { 0x012D, 31 }, // U+012D
    { 0x012E, 12 }, // U+012E
    { 0x0130, 12 }, // U+0130
    { 0x0131, 31 }, // U+0131
    { 0x0132, 13 }, // U+0132
    { 0x0134, 13 }, // U+0134
    { 0x013A, 26 }, // U+013A
    { 0x013C, 26 }, // U+013C
    { 0x0142, 26 }, // U+0142
    { 0x0144, 32 }, // U+0144
    { 0x0146, 32 }, // U+0146
    { 0x0148, 32 }, // U+0148
    { 0x0149, 32 }, // U+0149
    { 0x014C, 10 }, // U+014C
    { 0x014D, 24 }, // U+014D
    { 0x014E, 10 }, // U+014E
    { 0x014F, 24 }, // U+014F
    { 0x0150, 10 }, // U+0150
    { 0x0151, 24 }, // U+0151
    { 0x0153, 27 }, // U+0153
    { 0x0155, 34 }, // U+0155
    { 0x0157, 34 }, // U+0157
    { 0x0159, 34 }, // U+0159
    { 0x015A, 16 }, // U+015A
    { 0x015B, 35 }, // U+015B
    { 0x015C, 16 }, // U+015C
    { 0x015D, 35 }, // U+015D
    { 0x015E, 16 }, // U+015E
    { 0x015F, 35 }, // U+015F
    { 0x0160, 16 }, // U+0160
    { 0x0161, 35 }, // U+0161
    { 0x0162, 17 }, // U+0162
    { 0x0163, 36 }, // U+0163
    { 0x0164, 17 }, // U+0164
    { 0x0166, 17 }, // U+0166
    { 0x0167, 36 }, // U+0167
    { 0x0168, 18 }, // U+0168
    { 0x0169, 31 }, // U+0169
    { 0x016A, 18 }, // U+016A
    { 0x016B, 31 }, // U+016B
    { 0x016C, 18 }, // U+016C
    { 0x016D, 31 }, // U+016D
    { 0x016E, 18 }, // U+016E
    { 0x016F, 31 }, // U+016F
    { 0x0170, 18 }, // U+0170
    { 0x0171, 31 }, // U+0171
    { 0x0172, 18 }, // U+0172
    { 0x0173, 31 }, // U+0173
    { 0x0174, 19 }, // U+0174
    { 0x0175, 37 }, // U+0175
    { 0x0176, 21 }, // U+0176
    { 0x0177, 37 }, // U+0177
    { 0x0178, 21 }, // U+0178
    { 0x01A0, 10 }, // U+01A0
    { 0x01AF, 18 }, // U+01AF
    { 0x01C7, 13 }, // U+01C7
    { 0x01CA, 13 }, // U+01CA
    { 0x01CD, 7 }, // U+01CD
    { 0x01CE, 23 }, // U+01CE
    { 0x01CF, 12 }, // U+01CF
    { 0x01D0, 31 }, // U+01D0
    { 0x01D1, 10 }, // U+01D1
    { 0x01D2, 24 }, // U+01D2
    { 0x01D3, 18 }, // U+01D3
    { 0x01D4, 31 }, // U+01D4
    { 0x01D5, 18 }, // U+01D5
    { 0x01D6, 31 }, // U+01D6
    { 0x01D7, 18 }, // U+01D7
    { 0x01D8, 31 }, // U+01D8
    { 0x01D9, 18 }, // U+01D9
    { 0x01DA, 31 }, // U+01DA
    { 0x01DB, 18 }, // U+01DB
    { 0x01DC, 31 }, // U+01DC
    { 0x01DD, 24 }, // U+01DD
    { 0x01DE, 7 }, // U+01DE
    { 0x01DF, 23 }, // U+01DF
    { 0x01E0, 7 }, // U+01E0
    { 0x01E1, 23 }, // U+01E1
    { 0x01E3, 27 }, // U+01E3
    { 0x01E5, 29 }, // U+01E5
    { 0x01E7, 29 }, // U+01E7
    { 0x01EA, 10 }, // U+01EA
    { 0x01EB, 24 }, // U+01EB
    { 0x01EC, 10 }, // U+01EC
    { 0x01ED, 24 }, // U+01ED
    { 0x01EF, 44 }, // U+01EF
    { 0x01F5, 29 }, // U+01F5
    { 0x01F9, 32 }, // U+01F9
    { 0x01FA, 7 }, // U+01FA
    { 0x01FB, 23 }, // U+01FB
    { 0x01FD, 27 }, // U+01FD
    { 0x01FE, 10 }, // U+01FE
    { 0x01FF, 24 }, // U+01FF
    { 0x0200, 7 }, // U+0200
    { 0x0201, 23 }, // U+0201
    { 0x0202, 7 }, // U+0202
    { 0x0203, 23 }, // U+0203
    { 0x0205, 27 }, // U+0205
    { 0x0207, 27 }, // U+0207
    { 0x0208, 12 }, // U+0208
    { 0x0209, 31 }, // U+0209
    { 0x020A, 12 }, // U+020A
    { 0x020B, 31 }, // U+020B
    { 0x020C, 10 }, // U+020C
    { 0x020D, 24 }, // U+020D
    { 0x020E, 10 }, // U+020E
    { 0x020F, 24 }, // U+020F
    { 0x0211, 34 }, // U+0211
    { 0x0213, 34 }, // U+0213
    { 0x0214, 18 }, // U+0214
    { 0x0215, 31 }, // U+0215
    { 0x0216, 18 }, // U+0216
    { 0x0217, 31 }, // U+0217
    { 0x0218, 16 }, // U+0218
    { 0x0219, 35 }, // U+0219
    { 0x021A, 17 }, // U+021A
    { 0x021B, 36 }, // U+021B
    { 0x021E, 12 }, // U+021E
    { 0x021F, 32 }, // U+021F
    { 0x0402, 45 }, // U+0402
    { 0x0403, 46 }, // U+0403
    { 0x0404, 9 }, // U+0404
    { 0x0405, 16 }, // U+0405
    { 0x0406, 12 }, // U+0406
    { 0x0407, 12 }, // U+0407
    { 0x0408, 13 }, // U+0408
    { 0x0409, 47 }, // U+0409
    { 0x040A, 47 }, // U+040A
    { 0x040B, 48 }, // U+040B
    { 0x040C, 49 }, // U+040C
    { 0x040D, 12 }, // U+040D
    { 0x040E, 19 }, // U+040E
    { 0x040F, 12 }, // U+040F
    { 0x0410, 7 }, // U+0410
    { 0x0411, 50 }, // U+0411
    { 0x0412, 8 }, // U+0412
    { 0x0413, 46 }, // U+0413
    { 0x0414, 12 }, // U+0414
    { 0x0416, 49 }, // U+0416
    { 0x0417, 8 }, // U+0417
    { 0x0418, 12 }, // U+0418
    { 0x0419, 12 }, // U+0419
    { 0x041A, 49 }, // U+041A
    { 0x041B, 12 }, // U+041B
    { 0x041C, 14 }, // U+041C
    { 0x041D, 12 }, // U+041D
    { 0x041E, 10 }, // U+041E
    { 0x041F, 12 }, // U+041F
    { 0x0420, 15 }, // U+0420
    { 0x0421, 9 }, // U+0421
    { 0x0422, 17 }, // U+0422
    { 0x0423, 19 }, // U+0423
    { 0x0424, 51 }, // U+0424
    { 0x0425, 20 }, // U+0425
    { 0x0426, 12 }, // U+0426
    { 0x0427, 12 }, // U+0427
    { 0x0428, 12 }, // U+0428
    { 0x0429, 12 }, // U+0429
    { 0x042A, 47 }, // U+042A
    { 0x042B, 12 }, // U+042B
    { 0x042C, 47 }, // U+042C
    { 0x042D, 10 }, // U+042D
    { 0x042E, 10 }, // U+042E
    { 0x042F, 12 }, // U+042F
    { 0x0430, 23 }, // U+0430
    { 0x0431, 52 }, // U+0431
    { 0x0432, 53 }, // U+0432
    { 0x0433, 54 }, // U+0433
    { 0x0434, 55 }, // U+0434
    { 0x0435, 27 }, // U+0435
    { 0x0436, 25 }, // U+0436
    { 0x0437, 53 }, // U+0437
    { 0x0438, 31 }, // U+0438
    { 0x0439, 31 }, // U+0439
    { 0x043A, 56 }, // U+043A
    { 0x043B, 31 }, // U+043B
    { 0x043C, 31 }, // U+043C
    { 0x043D, 31 }, // U+043D
    { 0x043E, 24 }, // U+043E
    { 0x043F, 32 }, // U+043F
    { 0x0440, 24 }, // U+0440
    { 0x0441, 25 }, // U+0441
    { 0x0442, 32 }, // U+0442
    { 0x0443, 37 }, // U+0443
    { 0x0444, 24 }, // U+0444
    { 0x0445, 37 }, // U+0445
    { 0x0446, 31 }, // U+0446
    { 0x0447, 31 }, // U+0447
    { 0x0448, 31 }, // U+0448
    { 0x0449, 31 }, // U+0449
    { 0x044A, 57 }, // U+044A
    { 0x044B, 31 }, // U+044B
    { 0x044C, 57 }, // U+044C
    { 0x044D, 24 }, // U+044D
    { 0x044E, 24 }, // U+044E
    { 0x044F, 31 }, // U+044F
    { 0x0450, 27 }, // U+0450
    { 0x0451, 27 }, // U+0451
    { 0x0452, 30 }, // U+0452
    { 0x0453, 54 }, // U+0453
    { 0x0454, 25 }, // U+0454
    { 0x0455, 35 }, // U+0455
    { 0x0456, 31 }, // U+0456
    { 0x0457, 31 }, // U+0457
    { 0x0459, 57 }, // U+0459
    { 0x045A, 57 }, // U+045A
    { 0x045B, 32 }, // U+045B
    { 0x045C, 56 }, // U+045C
    { 0x045D, 31 }, // U+045D
    { 0x045E, 37 }, // U+045E
    { 0x045F, 31 }, // U+045F
    { 0x0462, 58 }, // U+0462
    { 0x0463, 57 }, // U+0463
    { 0x046A, 59 }, // U+046A
    { 0x046B, 60 }, // U+046B
    { 0x0470, 61 }, // U+0470
    { 0x0472, 10 }, // U+0472
    { 0x0473, 24 }, // U+0473
    { 0x0474, 19 }, // U+0474
    { 0x0475, 62 }, // U+0475
    { 0x0476, 19 }, // U+0476
    { 0x0477, 62 }, // U+0477
    { 0x048A, 12 }, // U+048A
    { 0x048B, 31 }, // U+048B
    { 0x048C, 58 }, // U+048C
    { 0x048D, 57 }, // U+048D
    { 0x048E, 15 }, // U+048E
    { 0x048F, 24 }, // U+048F
    { 0x0490, 63 }, // U+0490
    { 0x0491, 64 }, // U+0491
    { 0x0492, 46 }, // U+0492
    { 0x0493, 54 }, // U+0493
    { 0x0495, 65 }, // U+0495
    { 0x0496, 49 }, // U+0496
    { 0x0497, 25 }, // U+0497
    { 0x0498, 8 }, // U+0498
    { 0x0499, 53 }, // U+0499
    { 0x049A, 49 }, // U+049A
    { 0x049B, 56 }, // U+049B
    { 0x049C, 49 }, // U+049C
    { 0x049D, 56 }, // U+049D
    { 0x049E, 49 }, // U+049E
    { 0x049F, 56 }, // U+049F
    { 0x04A0, 49 }, // U+04A0
    { 0x04A1, 56 }, // U+04A1
    { 0x04A2, 12 }, // U+04A2
    { 0x04A3, 31 }, // U+04A3
    { 0x04A4, 17 }, // U+04A4
    { 0x04A5, 66 }, // U+04A5
    { 0x04A6, 67 }, // U+04A6
    { 0x04A7, 68 }, // U+04A7
    { 0x04A8, 69 }, // U+04A8
    { 0x04A9, 70 }, // U+04A9
    { 0x04AA, 9 }, // U+04AA
    { 0x04AB, 25 }, // U+04AB
    { 0x04AC, 17 }, // U+04AC
    { 0x04AD, 32 }, // U+04AD
    { 0x04AE, 21 }, // U+04AE
    { 0x04AF, 71 }, // U+04AF
    { 0x04B0, 21 }, // U+04B0
    { 0x04B1, 71 }, // U+04B1
    { 0x04B2, 20 }, // U+04B2
    { 0x04B3, 37 }, // U+04B3
    { 0x04B4, 12 }, // U+04B4
    { 0x04B5, 31 }, // U+04B5
    { 0x04B6, 12 }, // U+04B6
    { 0x04B7, 31 }, // U+04B7
    { 0x04B8, 12 }, // U+04B8
    { 0x04B9, 31 }, // U+04B9
    { 0x04BA, 72 }, // U+04BA
    { 0x04BB, 30 }, // U+04BB
    { 0x04BD, 27 }, // U+04BD
    { 0x04BF, 27 }, // U+04BF
    { 0x04C0, 12 }, // U+04C0
    { 0x04C1, 49 }, // U+04C1
    { 0x04C2, 25 }, // U+04C2
    { 0x04C3, 73 }, // U+04C3
    { 0x04C5, 12 }, // U+04C5
    { 0x04C6, 31 }, // U+04C6
    { 0x04C7, 13 }, // U+04C7
    { 0x04C9, 12 }, // U+04C9
    { 0x04CA, 31 }, // U+04CA
    { 0x04CB, 12 }, // U+04CB
    { 0x04CC, 31 }, // U+04CC
    { 0x04CD, 14 }, // U+04CD
    { 0x04CE, 31 }, // U+04CE
    { 0x04D0, 7 }, // U+04D0
    { 0x04D1, 23 }, // U+04D1
    { 0x04D2, 7 }, // U+04D2
    { 0x04D3, 23 }, // U+04D3
    { 0x04D5, 27 }, // U+04D5
    { 0x04D7, 27 }, // U+04D7
    { 0x04D8, 10 }, // U+04D8
    { 0x04D9, 24 }, // U+04D9
    { 0x04DA, 10 }, // U+04DA
    { 0x04DB, 24 }, // U+04DB
    { 0x04DC, 49 }, // U+04DC
    { 0x04DD, 25 }, // U+04DD
    { 0x04DE, 8 }, // U+04DE
    { 0x04DF, 53 }, // U+04DF
    { 0x04E0, 74 }, // U+04E0
    { 0x04E1, 44 }, // U+04E1
    { 0x04E2, 12 }, // U+04E2
    { 0x04E3, 31 }, // U+04E3
    { 0x04E4, 12 }, // U+04E4
    { 0x04E5, 31 }, // U+04E5
    { 0x04E6, 10 }, // U+04E6
    { 0x04E7, 24 }, // U+04E7
    { 0x04E8, 10 }, // U+04E8
    { 0x04E9, 24 }, // U+04E9
    { 0x04EA, 10 }, // U+04EA
    { 0x04EB, 24 }, // U+04EB
    { 0x04EC, 10 }, // U+04EC
    { 0x04ED, 24 }, // U+04ED
    { 0x04EE, 19 }, // U+04EE
    { 0x04EF, 37 }, // U+04EF
    { 0x04F0, 19 }, // U+04F0
    { 0x04F1, 37 }, // U+04F1
    { 0x04F2, 19 }, // U+04F2
    { 0x04F3, 37 }, // U+04F3
    { 0x04F4, 12 }, // U+04F4
    { 0x04F5, 31 }, // U+04F5
    { 0x04F6, 46 }, // U+04F6
    { 0x04F7, 54 }, // U+04F7
    { 0x04F8, 12 }, // U+04F8
    { 0x04F9, 31 }, // U+04F9
    { 0x04FA, 46 }, // U+04FA
    { 0x04FB, 54 }, // U+04FB
    { 0x04FC, 75 }, // U+04FC
    { 0x04FD, 76 }, // U+04FD
    { 0x04FE, 20 }, // U+04FE
    { 0x04FF, 37 }, // U+04FF
    { 0x1EA0, 7 }, // U+1EA0
    { 0x1EA1, 23 }, // U+1EA1
    { 0x1EA2, 7 }, // U+1EA2
    { 0x1EA3, 23 }, // U+1EA3
    { 0x1EA4, 7 }, // U+1EA4
    { 0x1EA5, 23 }, // U+1EA5
    { 0x1EA6, 7 }, // U+1EA6
    { 0x1EA7, 23 }, // U+1EA7
    { 0x1EA8, 7 }, // U+1EA8
    { 0x1EA9, 23 }, // U+1EA9
    { 0x1EAA, 7 }, // U+1EAA
    { 0x1EAB, 23 }, // U+1EAB
    { 0x1EAC, 7 }, // U+1EAC
    { 0x1EAD, 23 }, // U+1EAD
    { 0x1EAE, 7 }, // U+1EAE
    { 0x1EAF, 23 }, // U+1EAF
    { 0x1EB0, 7 }, // U+1EB0
    { 0x1EB1, 23 }, // U+1EB1
    { 0x1EB2, 7 }, // U+1EB2
    { 0x1EB3, 23 }, // U+1EB3
    { 0x1EB4, 7 }, // U+1EB4
    { 0x1EB5, 23 }, // U+1EB5
    { 0x1EB6, 7 }, // U+1EB6
    { 0x1EB7, 23 }, // U+1EB7
    { 0x1EB9, 27 }, // U+1EB9
    { 0x1EBB, 27 }, // U+1EBB
    { 0x1EBD, 27 }, // U+1EBD
    { 0x1EBF, 27 }, // U+1EBF
    { 0x1EC1, 27 }, // U+1EC1
    { 0x1EC3, 27 }, // U+1EC3
    { 0x1EC5, 27 }, // U+1EC5
    { 0x1EC7, 27 }, // U+1EC7
    { 0x1EC8, 12 }, // U+1EC8
    { 0x1EC9, 31 }, // U+1EC9
    { 0x1ECA, 12 }, // U+1ECA
    { 0x1ECB, 31 }, // U+1ECB
    { 0x1ECC, 10 }, // U+1ECC
    { 0x1ECD, 24 }, // U+1ECD
    { 0x1ECE, 10 }, // U+1ECE
    { 0x1ECF, 24 }, // U+1ECF
    { 0x1ED0, 10 }, // U+1ED0
    { 0x1ED1, 24 }, // U+1ED1
    { 0x1ED2, 10 }, // U+1ED2
    { 0x1ED3, 24 }, // U+1ED3
    { 0x1ED4, 10 }, // U+1ED4
    { 0x1ED5, 24 }, // U+1ED5
    { 0x1ED6, 10 }, // U+1ED6
    { 0x1ED7, 24 }, // U+1ED7
    { 0x1ED8, 10 }, // U+1ED8
    { 0x1ED9, 24 }, // U+1ED9
    { 0x1EDA, 10 }, // U+1EDA
    { 0x1EDC, 10 }, // U+1EDC
    { 0x1EDE, 10 }, // U+1EDE
    { 0x1EE0, 10 }, // U+1EE0
    { 0x1EE2, 10 }, // U+1EE2
    { 0x1EE4, 18 }, // U+1EE4
    { 0x1EE5, 31 }, // U+1EE5
    { 0x1EE6, 18 }, // U+1EE6
    { 0x1EE7, 31 }, // U+1EE7
    { 0x1EE8, 18 }, // U+1EE8
    { 0x1EEA, 18 }, // U+1EEA
    { 0x1EEC, 18 }, // U+1EEC
    { 0x1EEE, 18 }, // U+1EEE
    { 0x1EF0, 18 }, // U+1EF0
    { 0x1EF2, 21 }, // U+1EF2
    { 0x1EF3, 37 }, // U+1EF3
    { 0x1EF4, 21 }, // U+1EF4
    { 0x1EF5, 37 }, // U+1EF5
    { 0x1EF6, 21 }, // U+1EF6
    { 0x1EF7, 37 }, // U+1EF7
    { 0x1EF8, 21 }, // U+1EF8
    { 0x1EF9, 37 }, // U+1EF9
    { 0x2018, 77 }, // U+2018
    { 0x2019, 78 }, // U+2019
    { 0x201A, 3 }, // U+201A
    { 0x201C, 77 }, // U+201C
    { 0x201D, 78 }, // U+201D
    { 0x201E, 3 }, // U+201E
    { 0x2022, 79 }, // U+2022
    { 0xFB00, 28 }, // U+FB00
    { 0xFB01, 31 }, // U+FB01
    { 0xFB02, 26 }, // U+FB02
    { 0xFB03, 31 }, // U+FB03
    { 0xFB04, 26 }, // U+FB04
    { 0xFB05, 36 }, // U+FB05
    { 0xFB06, 36 }, // U+FB06
};

static const EpdKernClassEntry ebgaramond_14_italicKernRightClasses[] = {
    { 0x0026, 1 }, // &
    { 0x002A, 2 }, // *
    { 0x002C, 3 }, // ,
    { 0x002D, 4 }, // -
    { 0x002E, 3 }, // .
    { 0x002F, 5 }, // /
    { 0x003A, 6 }, // :
    { 0x003B, 6 }, // ;
    { 0x003F, 7 }, // ?
    { 0x0041, 8 }, // A
    { 0x0042, 9 }, // B
    { 0x0043, 10 }, // C
    { 0x0044, 9 }, // D
    { 0x0045, 9 }, // E
    { 0x0046, 9 }, // F
    { 0x0047, 10 }, // G
    { 0x0048, 9 }, // H
    { 0x0049, 9 }, // I
    { 0x004A, 11 }, // J
    { 0x004B, 9 }, // K
    { 0x004C, 9 }, // L
    { 0x004D, 12 }, // M
    { 0x004E, 9 }, // N
    { 0x004F, 10 }, // O
    { 0x0050, 9 }, // P
    { 0x0051, 10 }, // Q
    { 0x0052, 9 }, // R
    { 0x0053, 13 }, // S
    { 0x0054, 14 }, // T
    { 0x0056, 15 }, // V
    { 0x0057, 15 }, // W
    { 0x0058, 16 }, // X
    { 0x0059, 17 }, // Y
    { 0x005C, 18 }, // <backslash>
    { 0x0061, 19 }, // a
    { 0x0062, 20 }, // b
    { 0x0063, 21 }, // c
    { 0x0064, 21 }, // d
    { 0x0065, 21 }, // e
    { 0x0068, 20 }, // h
    { 0x0069, 22 }, // i
    { 0x006A, 23 }, // j
    { 0x006B, 20 }, // k
    { 0x006C, 20 }, // l
    { 0x006D, 24 }, // m
    { 0x006E, 24 }, // n
    { 0x006F, 21 }, // o
    { 0x0070, 25 }, // p
    { 0x0071, 21 }, // q
    { 0x0072, 24 }, // r
    { 0x0073, 26 }, // s
    { 0x0075, 27 }, // u
    { 0x0078, 28 }, // x
    { 0x0079, 29 }, // y
    { 0x007A, 30 }, // z
    { 0x00AB, 31 }, // U+00AB
    { 0x00B7, 32 }, // U+00B7
    { 0x00BB, 33 }, // U+00BB
    { 0x00C0, 8 }, // U+00C0
    { 0x00C1, 8 }, // U+00C1
    { 0x00C2, 8 }, // U+00C2
    { 0x00C3, 8 }, // U+00C3
    { 0x00C4, 8 }, // U+00C4
    { 0x00C5, 8 }, // U+00C5
    { 0x00C6, 34 }, // U+00C6
    { 0x00C7, 10 }, // U+00C7
    { 0x00C8, 9 }, // U+00C8
    { 0x00C9, 9 }, // U+00C9
    { 0x00CA, 9 }, // U+00CA
    { 0x00CB, 9 }, // U+00CB
    { 0x00CC, 9 }, // U+00CC
    { 0x00CD, 9 }, // U+00CD
    { 0x00CE, 9 }, // U+00CE
    { 0x00CF, 9 }, // U+00CF
    { 0x00D0, 9 }, // U+00D0
    { 0x00D1, 9 }, // U+00D1
    { 0x00D2, 10 }, // U+00D2
    { 0x00D3, 10 }, // U+00D3
    { 0x00D4, 10 }, // U+00D4
    { 0x00D5, 10 }, // U+00D5
    { 0x00D6, 10 }, // U+00D6
    { 0x00D8, 10 }, // U+00D8
    { 0x00DD, 17 }, // U+00DD
    { 0x00DE, 9 }, // U+00DE
    { 0x00E0, 19 }, // U+00E0
    { 0x00E1, 19 }, // U+00E1
    { 0x00E2, 19 }, // U+00E2
    { 0x00E3, 19 }, // U+00E3
    { 0x00E4, 19 }, // U+00E4
    { 0x00E5, 19 }, // U+00E5
    { 0x00E6, 19 }, // U+00E6
    { 0x00E7, 21 }, // U+00E7
    { 0x00E8, 21 }, // U+00E8
    { 0x00E9, 21 }, // U+00E9
    { 0x00EA, 21 }, // U+00EA
    { 0x00EB, 21 }, // U+00EB
    { 0x00EC, 22 }, // U+00EC
    { 0x00ED, 22 }, // U+00ED
    { 0x00EE, 22 }, // U+00EE
    { 0x00EF, 22 }, // U+00EF
    { 0x00F1, 24 }, // U+00F1
    { 0x00F2, 21 }, // U+00F2
    { 0x00F3, 21 }, // U+00F3
    { 0x00F4, 21 }, // U+00F4
    { 0x00F5, 21 }, // U+00F5
    { 0x00F6, 21 }, // U+00F6
    { 0x00F8, 21 }, // U+00F8
    { 0x00F9, 27 }, // U+00F9
    { 0x00FA, 27 }, // U+00FA
    { 0x00FB, 27 }, // U+00FB
    { 0x00FC, 27 }, // U+00FC
    { 0x00FD, 29 }, // U+00FD
    { 0x00FE, 20 }, // U+00FE
    { 0x00FF, 29 }, // U+00FF
    { 0x0100, 8 }, // U+0100
    { 0x0101, 19 }, // U+0101
    { 0x0102, 8 }, // U+0102
    { 0x0103, 19 }, // U+0103
    { 0x0104, 8 }, // U+0104
    { 0x0105, 19 }, // U+0105
    { 0x0106, 10 }, // U+0106
    { 0x0107, 21 }, // U+0107
    { 0x0108, 10 }, // U+0108
    { 0x0109, 21 }, // U+0109
    { 0x010A, 10 }, // U+010A
    { 0x010B, 21 }, // U+010B
    { 0x010C, 10 }, // U+010C
    { 0x010D, 21 }, // U+010D
    { 0x010E, 9 }, // U+010E
    { 0x010F, 21 }, // U+010F
    { 0x0110, 9 }, // U+0110
    { 0x0111, 21 }, // U+0111
    { 0x0112, 9 }, // U+0112
    { 0x0113, 21 }, // U+0113
    { 0x0114, 9 }, // U+0114
    { 0x0115, 21 }, // U+0115
    { 0x0116, 9 }, // U+0116
    { 0x0117, 21 }, // U+0117
    { 0x0118, 9 }, // U+0118
    { 0x0119, 21 }, // U+0119
    { 0x011A, 9 }, // U+011A
    { 0x011B, 21 }, // U+011B
    { 0x011C, 10 }, // U+011C
    { 0x011E, 10 }, // U+011E
    { 0x0120, 10 }, // U+0120
    { 0x0122, 10 }, // U+0122
    { 0x0124, 9 }, // U+0124
    { 0x0125, 20 }, // U+0125
    { 0x0126, 9 }, // U+0126
    { 0x0127, 20 }, // U+0127
    { 0x0128, 9 }, // U+0128
    { 0x0129, 22 }, // U+0129
    { 0x012A, 9 }, // U+012A
    { 0x012B, 22 }, // U+012B
    { 0x012C, 9 }, // U+012C
    { 0x012D, 22 }, // U+012D
    { 0x012E, 9 }, // U+012E
    { 0x012F, 22 }, // U+012F
    { 0x0130, 9 }, // U+0130
    { 0x0131, 24 }, // U+0131
    { 0x0132, 9 }, // U+0132
    { 0x0133, 22 }, // U+0133
    { 0x0134, 11 }, // U+0134
    { 0x0135, 23 }, // U+0135
    { 0x0136, 9 }, // U+0136
    { 0x0137, 20 }, // U+0137
    { 0x0138, 24 }, // U+0138
    { 0x0139, 9 }, // U+0139
    { 0x013A, 20 }, // U+013A
    { 0x013B, 9 }, // U+013B
    { 0x013C, 20 }, // U+013C
    { 0x013D, 9 }, // U+013D
    { 0x013E, 20 }, // U+013E
    { 0x013F, 9 }, // U+013F
    { 0x0140, 20 }, // U+0140
    { 0x0141, 9 }, // U+0141
    { 0x0142, 20 }, // U+0142
    { 0x0143, 9 }, // U+0143
    { 0x0144, 24 }, // U+0144
    { 0x0145, 9 }, // U+0145
    { 0x0146, 24 }, // U+0146
    { 0x0147, 9 }, // U+0147
    { 0x0148, 24 }, // U+0148
    { 0x0149, 24 }, // U+0149
    { 0x014A, 9 }, // U+014A
    { 0x014B, 24 }, // U+014B
    { 0x014C, 10 }, // U+014C
    { 0x014D, 21 }, // U+014D
    { 0x014E, 10 }, // U+014E
    { 0x014F, 21 }, // U+014F
    { 0x0150, 10 }, // U+0150
    { 0x0151, 21 }, // U+0151
    { 0x0152, 10 }, // U+0152
    { 0x0153, 21 }, // U+0153
    { 0x0154, 9 }, // U+0154
    { 0x0155, 24 }, // U+0155
    { 0x0156, 9 }, // U+0156
    { 0x0157, 24 }, // U+0157
    { 0x0158, 9 }, // U+0158
    { 0x0159, 24 }, // U+0159
    { 0x015A, 13 }, // U+015A
    { 0x015B, 26 }, // U+015B
    { 0x015C, 13 }, // U+015C
    { 0x015D, 26 }, // U+015D
    { 0x015E, 13 }, // U+015E
    { 0x015F, 26 }, // U+015F
    { 0x0160, 13 }, // U+0160
    { 0x0161, 26 }, // U+0161
    { 0x0162, 14 }, // U+0162
    { 0x0164, 14 }, // U+0164
    { 0x0166, 14 }, // U+0166
    { 0x0169, 27 }, // U+0169
    { 0x016B, 27 }, // U+016B
    { 0x016D, 27 }, // U+016D
    { 0x016F, 27 }, // U+016F
    { 0x0171, 27 }, // U+0171
    { 0x0173, 27 }, // U+0173
    { 0x0174, 15 }, // U+0174
    { 0x0176, 17 }, // U+0176
    { 0x0177, 29 }, // U+0177
    { 0x0178, 17 }, // U+0178
    { 0x017A, 30 }, // U+017A
    { 0x017C, 30 }, // U+017C
    { 0x017E, 30 }, // U+017E
    { 0x01A0, 10 }, // U+01A0
    { 0x01A1, 21 }, // U+01A1
    { 0x01B0, 27 }, // U+01B0
    { 0x01C4, 9 }, // U+01C4
    { 0x01C5, 9 }, // U+01C5
    { 0x01C6, 21 }, // U+01C6
    { 0x01C7, 9 }, // U+01C7
    { 0x01C8, 9 }, // U+01C8
    { 0x01C9, 20 }, // U+01C9
    { 0x01CA, 9 }, // U+01CA
    { 0x01CB, 9 }, // U+01CB
    { 0x01CC, 24 }, // U+01CC
    { 0x01CD, 8 }, // U+01CD
    { 0x01CE, 19 }, // U+01CE
    { 0x01CF, 9 }, // U+01CF
    { 0x01D0, 22 }, // U+01D0
    { 0x01D1, 10 }, // U+01D1
    { 0x01D2, 21 }, // U+01D2
    { 0x01D4, 27 }, // U+01D4
    { 0x01D6, 27 }, // U+01D6
    { 0x01D8, 27 }, // U+01D8
    { 0x01DA, 27 }, // U+01DA
    { 0x01DC, 27 }, // U+01DC
    { 0x01DD, 35 }, // U+01DD
    { 0x01DE, 8 }, // U+01DE
    { 0x01DF, 19 }, // U+01DF
    { 0x01E0, 8 }, // U+01E0
    { 0x01E1, 19 }, // U+01E1
    { 0x01E2, 34 }, // U+01E2
    { 0x01E3, 19 }, // U+01E3
    { 0x01E4, 10 }, // U+01E4
    { 0x01E6, 10 }, // U+01E6
    { 0x01E8, 9 }, // U+01E8
    { 0x01E9, 20 }, // U+01E9
    { 0x01EA, 10 }, // U+01EA
    { 0x01EB, 21 }, // U+01EB
    { 0x01EC, 10 }, // U+01EC
    { 0x01ED, 21 }, // U+01ED
    { 0x01EF, 30 }, // U+01EF
    { 0x01F0, 23 }, // U+01F0
    { 0x01F1, 9 }, // U+01F1
    { 0x01F2, 9 }, // U+01F2
    { 0x01F3, 21 }, // U+01F3
    { 0x01F4, 10 }, // U+01F4
    { 0x01F6, 9 }, // U+01F6
    { 0x01F8, 9 }, // U+01F8
    { 0x01F9, 24 }, // U+01F9
    { 0x01FA, 8 }, // U+01FA
    { 0x01FB, 19 }, // U+01FB
    { 0x01FC, 34 }, // U+01FC
    { 0x01FD, 19 }, // U+01FD
    { 0x01FE, 10 }, // U+01FE
    { 0x01FF, 21 }, // U+01FF
    { 0x0200, 8 }, // U+0200
    { 0x0201, 19 }, // U+0201
    { 0x0202, 8 }, // U+0202
    { 0x0203, 19 }, // U+0203
    { 0x0204, 9 }, // U+0204
    { 0x0205, 21 }, // U+0205
    { 0x0206, 9 }, // U+0206
    { 0x0207, 21 }, // U+0207
    { 0x0208, 9 }, // U+0208
    { 0x0209, 22 }, // U+0209
    { 0x020A, 9 }, // U+020A
    { 0x020B, 24 }, // U+020B
    { 0x020C, 10 }, // U+020C
    { 0x020D, 21 }, // U+020D
    { 0x020E, 10 }, // U+020E
    { 0x020F, 21 }, // U+020F
    { 0x0210, 9 }, // U+0210
    { 0x0211, 24 }, // U+0211
    { 0x0212, 9 }, // U+0212
    { 0x0213, 24 }, // U+0213
    { 0x0215, 27 }, // U+0215
    { 0x0217, 27 }, // U+0217
    { 0x0218, 13 }, // U+0218
    { 0x0219, 26 }, // U+0219
    { 0x021A, 14 }, // U+021A
    { 0x021E, 9 }, // U+021E
    { 0x021F, 20 }, // U+021F
    { 0x0400, 9 }, // U+0400
    { 0x0401, 9 }, // U+0401
    { 0x0402, 36 }, // U+0402
    { 0x0403, 9 }, // U+0403
    { 0x0404, 10 }, // U+0404
    { 0x0405, 13 }, // U+0405
    { 0x0406, 9 }, // U+0406
    { 0x0407, 9 }, // U+0407
    { 0x0408, 11 }, // U+0408
    { 0x0409, 37 }, // U+0409
    { 0x040A, 9 }, // U+040A
    { 0x040B, 36 }, // U+040B
    { 0x040C, 9 }, // U+040C
    { 0x040D, 9 }, // U+040D
    { 0x040E, 38 }, // U+040E
    { 0x040F, 9 }, // U+040F
    { 0x0410, 8 }, // U+0410
    { 0x0411, 9 }, // U+0411
    { 0x0412, 9 }, // U+0412
    { 0x0413, 9 }, // U+0413
    { 0x0414, 37 }, // U+0414
    { 0x0415, 9 }, // U+0415
    { 0x0416, 39 }, // U+0416
    { 0x0417, 40 }, // U+0417
    { 0x0418, 9 }, // U+0418
    { 0x0419, 9 }, // U+0419
    { 0x041A, 9 }, // U+041A
    { 0x041B, 37 }, // U+041B
    { 0x041C, 12 }, // U+041C
    { 0x041D, 9 }, // U+041D
    { 0x041E, 10 }, // U+041E
    { 0x041F, 9 }, // U+041F
    { 0x0420, 9 }, // U+0420
    { 0x0421, 10 }, // U+0421
    { 0x0422, 14 }, // U+0422
    { 0x0423, 38 }, // U+0423
    { 0x0424, 41 }, // U+0424
    { 0x0425, 16 }, // U+0425
    { 0x0426, 9 }, // U+0426
    { 0x0427, 42 }, // U+0427
    { 0x0428, 9 }, // U+0428
    { 0x0429, 9 }, // U+0429
    { 0x042A, 36 }, // U+042A
    { 0x042B, 9 }, // U+042B
    { 0x042C, 9 }, // U+042C
    { 0x042D, 40 }, // U+042D
    { 0x042E, 9 }, // U+042E
    { 0x042F, 43 }, // U+042F
    { 0x0430, 19 }, // U+0430
    { 0x0431, 44 }, // U+0431
    { 0x0432, 45 }, // U+0432
    { 0x0433, 46 }, // U+0433
    { 0x0434, 47 }, // U+0434
    { 0x0435, 21 }, // U+0435
    { 0x0436, 48 }, // U+0436
    { 0x0437, 49 }, // U+0437
    { 0x0438, 27 }, // U+0438
    { 0x0439, 27 }, // U+0439
    { 0x043A, 24 }, // U+043A
    { 0x043B, 50 }, // U+043B
    { 0x043C, 51 }, // U+043C
    { 0x043D, 24 }, // U+043D
    { 0x043E, 21 }, // U+043E
    { 0x043F, 24 }, // U+043F
    { 0x0440, 25 }, // U+0440
    { 0x0441, 21 }, // U+0441
    { 0x0442, 24 }, // U+0442
    { 0x0443, 29 }, // U+0443
    { 0x0444, 21 }, // U+0444
    { 0x0445, 28 }, // U+0445
    { 0x0446, 27 }, // U+0446
    { 0x0447, 52 }, // U+0447
    { 0x0448, 27 }, // U+0448
    { 0x0449, 27 }, // U+0449
    { 0x044A, 53 }, // U+044A
    { 0x044B, 24 }, // U+044B
    { 0x044C, 24 }, // U+044C
    { 0x044D, 49 }, // U+044D
    { 0x044E, 24 }, // U+044E
    { 0x044F, 54 }, // U+044F
    { 0x0450, 21 }, // U+0450
    { 0x0451, 21 }, // U+0451
    { 0x0452, 20 }, // U+0452
    { 0x0453, 46 }, // U+0453
    { 0x0454, 21 }, // U+0454
    { 0x0455, 26 }, // U+0455
    { 0x0456, 22 }, // U+0456
    { 0x0457, 22 }, // U+0457
    { 0x0458, 23 }, // U+0458
    { 0x0459, 50 }, // U+0459
    { 0x045A, 24 }, // U+045A
    { 0x045B, 20 }, // U+045B
    { 0x045C, 24 }, // U+045C
    { 0x045D, 27 }, // U+045D
    { 0x045E, 29 }, // U+045E
    { 0x045F, 27 }, // U+045F
    { 0x0462, 55 }, // U+0462
    { 0x0463, 24 }, // U+0463
    { 0x046A, 56 }, // U+046A
    { 0x046B, 57 }, // U+046B
    { 0x0470, 58 }, // U+0470
    { 0x0472, 10 }, // U+0472
    { 0x0473, 21 }, // U+0473
    { 0x0474, 15 }, // U+0474
    { 0x0475, 24 }, // U+0475
    { 0x0476, 15 }, // U+0476
    { 0x0477, 24 }, // U+0477
    { 0x048A, 9 }, // U+048A
    { 0x048B, 27 }, // U+048B
    { 0x048D, 59 }, // U+048D
    { 0x048E, 9 }, // U+048E
    { 0x048F, 25 }, // U+048F
    { 0x0490, 9 }, // U+0490
    { 0x0491, 60 }, // U+0491
    { 0x0492, 9 }, // U+0492
    { 0x0493, 46 }, // U+0493
    { 0x0494, 9 }, // U+0494
    { 0x0495, 60 }, // U+0495
    { 0x0496, 39 }, // U+0496
    { 0x0497, 48 }, // U+0497
    { 0x0498, 40 }, // U+0498
    { 0x0499, 49 }, // U+0499
    { 0x049A, 9 }, // U+049A
    { 0x049B, 24 }, // U+049B
    { 0x049C, 9 }, // U+049C
    { 0x049D, 24 }, // U+049D
    { 0x049F, 59 }, // U+049F
    { 0x04A0, 36 }, // U+04A0
    { 0x04A1, 53 }, // U+04A1
    { 0x04A2, 9 }, // U+04A2
    { 0x04A3, 24 }, // U+04A3
    { 0x04A4, 9 }, // U+04A4
    { 0x04A5, 24 }, // U+04A5
    { 0x04A6, 9 }, // U+04A6
    { 0x04A7, 24 }, // U+04A7
    { 0x04A8, 10 }, // U+04A8
    { 0x04A9, 21 }, // U+04A9
    { 0x04AA, 10 }, // U+04AA
    { 0x04AB, 21 }, // U+04AB
    { 0x04AC, 14 }, // U+04AC
    { 0x04AD, 24 }, // U+04AD
    { 0x04AE, 17 }, // U+04AE
    { 0x04AF, 61 }, // U+04AF
    { 0x04B0, 17 }, // U+04B0
    { 0x04B1, 61 }, // U+04B1
    { 0x04B2, 16 }, // U+04B2
    { 0x04B3, 28 }, // U+04B3
    { 0x04B4, 36 }, // U+04B4
    { 0x04B5, 27 }, // U+04B5
    { 0x04B6, 42 }, // U+04B6
    { 0x04B7, 52 }, // U+04B7
    { 0x04B8, 42 }, // U+04B8
    { 0x04B9, 52 }, // U+04B9
    { 0x04BA, 9 }, // U+04BA
    { 0x04BB, 20 }, // U+04BB
    { 0x04BC, 62 }, // U+04BC
    { 0x04BD, 63 }, // U+04BD
    { 0x04BE, 62 }, // U+04BE
    { 0x04BF, 63 }, // U+04BF
    { 0x04C0, 9 }, // U+04C0
    { 0x04C1, 39 }, // U+04C1
    { 0x04C2, 48 }, // U+04C2
    { 0x04C3, 9 }, // U+04C3
    { 0x04C4, 24 }, // U+04C4
    { 0x04C5, 37 }, // U+04C5
    { 0x04C6, 50 }, // U+04C6
    { 0x04C7, 9 }, // U+04C7
    { 0x04C8, 24 }, // U+04C8
    { 0x04C9, 9 }, // U+04C9
    { 0x04CA, 24 }, // U+04CA
    { 0x04CB, 42 }, // U+04CB
    { 0x04CC, 52 }, // U+04CC
    { 0x04CD, 12 }, // U+04CD
    { 0x04CE, 51 }, // U+04CE
    { 0x04D0, 8 }, // U+04D0
    { 0x04D1, 19 }, // U+04D1
    { 0x04D2, 8 }, // U+04D2
    { 0x04D3, 19 }, // U+04D3
    { 0x04D4, 34 }, // U+04D4
    { 0x04D5, 19 }, // U+04D5
    { 0x04D6, 9 }, // U+04D6
    { 0x04D7, 21 }, // U+04D7
    { 0x04D8, 64 }, // U+04D8
    { 0x04D9, 35 }, // U+04D9
    { 0x04DA, 64 }, // U+04DA
    { 0x04DB, 35 }, // U+04DB
    { 0x04DC, 39 }, // U+04DC
    { 0x04DD, 48 }, // U+04DD
    { 0x04DE, 40 }, // U+04DE
    { 0x04DF, 49 }, // U+04DF
    { 0x04E0, 40 }, // U+04E0
    { 0x04E1, 30 }, // U+04E1
    { 0x04E2, 9 }, // U+04E2
    { 0x04E3, 27 }, // U+04E3
    { 0x04E4, 9 }, // U+04E4
    { 0x04E5, 27 }, // U+04E5
    { 0x04E6, 10 }, // U+04E6
    { 0x04E7, 21 }, // U+04E7
    { 0x04E8, 10 }, // U+04E8
    { 0x04E9, 21 }, // U+04E9
    { 0x04EA, 10 }, // U+04EA
    { 0x04EB, 21 }, // U+04EB
    { 0x04EC, 40 }, // U+04EC
    { 0x04ED, 49 }, // U+04ED
    { 0x04EE, 38 }, // U+04EE
    { 0x04EF, 29 }, // U+04EF
    { 0x04F0, 38 }, // U+04F0
    { 0x04F1, 29 }, // U+04F1
    { 0x04F2, 38 }, // U+04F2
    { 0x04F3, 29 }, // U+04F3
    { 0x04F4, 42 }, // U+04F4
    { 0x04F5, 52 }, // U+04F5
    { 0x04F6, 9 }, // U+04F6
    { 0x04F7, 46 }, // U+04F7
    { 0x04F8, 9 }, // U+04F8
    { 0x04F9, 24 }, // U+04F9
    { 0x04FA, 11 }, // U+04FA
    { 0x04FB, 46 }, // U+04FB
    { 0x04FC, 16 }, // U+04FC
    { 0x04FD, 28 }, // U+04FD
    { 0x04FE, 16 }, // U+04FE
    { 0x04FF, 28 }, // U+04FF
    { 0x1EA0, 8 }, // U+1EA0
    { 0x1EA1, 19 }, // U+1EA1
    { 0x1EA2, 8 }, // U+1EA2
    { 0x1EA3, 19 }, // U+1EA3
    { 0x1EA4, 8 }, // U+1EA4
    { 0x1EA5, 19 }, // U+1EA5
    { 0x1EA6, 8 }, // U+1EA6
    { 0x1EA7, 19 }, // U+1EA7
    { 0x1EA8, 8 }, // U+1EA8
    { 0x1EA9, 19 }, // U+1EA9
    { 0x1EAA, 8 }, // U+1EAA
    { 0x1EAB, 19 }, // U+1EAB
    { 0x1EAC, 8 }, // U+1EAC
    { 0x1EAD, 19 }, // U+1EAD
    { 0x1EAE, 8 }, // U+1EAE
    { 0x1EAF, 19 }, // U+1EAF
    { 0x1EB0, 8 }, // U+1EB0
    { 0x1EB1, 19 }, // U+1EB1
    { 0x1EB2, 8 }, // U+1EB2
    { 0x1EB3, 19 }, // U+1EB3
    { 0x1EB4, 8 }, // U+1EB4
    { 0x1EB5, 19 }, // U+1EB5
    { 0x1EB6, 8 }, // U+1EB6
    { 0x1EB7, 19 }, // U+1EB7
    { 0x1EB8, 9 }, // U+1EB8
    { 0x1EB9, 21 }, // U+1EB9
    { 0x1EBA, 9 }, // U+1EBA
    { 0x1EBB, 21 }, // U+1EBB
    { 0x1EBC, 9 }, // U+1EBC
    { 0x1EBD, 21 }, // U+1EBD
    { 0x1EBE, 9 }, // U+1EBE
    { 0x1EBF, 21 }, // U+1EBF
    { 0x1EC0, 9 }, // U+1EC0
    { 0x1EC1, 21 }, // U+1EC1
    { 0x1EC2, 9 }, // U+1EC2
    { 0x1EC3, 21 }, // U+1EC3
    { 0x1EC4, 9 }, // U+1EC4
    { 0x1EC5, 21 }, // U+1EC5
    { 0x1EC6, 9 }, // U+1EC6
    { 0x1EC7, 21 }, // U+1EC7
    { 0x1EC8, 9 }, // U+1EC8
    { 0x1EC9, 22 }, // U+1EC9
    { 0x1ECA, 9 }, // U+1ECA
    { 0x1ECB, 22 }, // U+1ECB
    { 0x1ECC, 10 }, // U+1ECC
    { 0x1ECD, 21 }, // U+1ECD
    { 0x1ECE, 10 }, // U+1ECE
    { 0x1ECF, 21 }, // U+1ECF
    { 0x1ED0, 10 }, // U+1ED0
    { 0x1ED1, 21 }, // U+1ED1
    { 0x1ED2, 10 }, // U+1ED2
    { 0x1ED3, 21 }, // U+1ED3
    { 0x1ED4, 10 }, // U+1ED4
    { 0x1ED5, 21 }, // U+1ED5
    { 0x1ED6, 10 }, // U+1ED6
    { 0x1ED7, 21 }, // U+1ED7
    { 0x1ED8, 10 }, // U+1ED8
    { 0x1ED9, 21 }, // U+1ED9
    { 0x1EDA, 10 }, // U+1EDA
    { 0x1EDB, 21 }, // U+1EDB
    { 0x1EDC, 10 }, // U+1EDC
    { 0x1EDD, 21 }, // U+1EDD
    { 0x1EDE, 10 }, // U+1EDE
    { 0x1EDF, 21 }, // U+1EDF
    { 0x1EE0, 10 }, // U+1EE0
    { 0x1EE1, 21 }, // U+1EE1
    { 0x1EE2, 10 }, // U+1EE2
    { 0x1EE3, 21 }, // U+1EE3
    { 0x1EE5, 27 }, // U+1EE5
    { 0x1EE7, 27 }, // U+1EE7
    { 0x1EE9, 27 }, // U+1EE9
    { 0x1EEB, 27 }, // U+1EEB
    { 0x1EED, 27 }, // U+1EED
    { 0x1EEF, 27 }, // U+1EEF
    { 0x1EF1, 27 }, // U+1EF1
    { 0x1EF2, 17 }, // U+1EF2
    { 0x1EF3, 29 }, // U+1EF3
    { 0x1EF4, 17 }, // U+1EF4
    { 0x1EF5, 29 }, // U+1EF5
    { 0x1EF6, 17 }, // U+1EF6
    { 0x1EF7, 29 }, // U+1EF7
    { 0x1EF8, 17 }, // U+1EF8
    { 0x1EF9, 29 }, // U+1EF9
    { 0x2018, 65 }, // U+2018
    { 0x2019, 66 }, // U+2019
    { 0x201A, 3 }, // U+201A
    { 0x201C, 65 }, // U+201C
    { 0x201D, 67 }, // U+201D
    { 0x201E, 3 }, // U+201E
    { 0x2022, 68 }, // U+2022
    { 0x203D, 7 }, // U+203D
    { 0x2047, 7 }, // U+2047
    { 0x2048, 7 }, // U+2048
    { 0xFB06, 26 }, // U+FB06
};

static const int8_t ebgaramond_14_italicKernMatrix[] = {
       0,    0,    0,    0,    0,    0,    0,  -16,    0,    0,    0,    0,    0,    0,    0,    0,    0,    0,    0,    0,    0,    0,    0,    0,    0,    0,    0,    0,    0,    0,    0,    0,    0,    0,    0,    0,    0,    0,    0,    0,    0,    0,    0,    0,    0,    0,    0,    0,    0,    0,    0,    0,    0,    0,    0,    0,    0,    0,    0,    0,    0,    0,    0,    0,    0,    0,    0,    0,
       0,    0,    0,    0,    0,    0,    0,  -37,    0,    0,    0,    0,    0,    0,    0,    0,    0,    0,    0,    0,    0,    0,    0,    0,    0,    0,    0,    0,    0,    0,    0,    0,    0,    0,    0,    0,  -33,    0,    0,    0,    0,    0,    0,    0,    0,    0,    0,    0,    0,  -33,    0,    0,    0,    0,    0,    0,    0,    0,    0,    0,    0,    0,    0,    0,    0,    0,    0,    0,
       0,    0,    0,    0,    0,    0,    0,    0,    0,  -26,    0,    0,    0,  -42,  -47,    0,  -42,    0,    0,    0,    0,    0,    0,  -12,   -9,    0,    0,    0,  -33,   -9,    0,    0,    0,    0,    0,  -28,    0,  -16,    0,    0,  -37,  -75,    0,    0,    0,    0,    0,    0,    0,    0,    0,    0,  -14,    0,    0,    0,    0,    0,    0,    0,  -28,  -70,  -33,    0,    0,    0,    0,    0,
       0,    0,    0,    0,    0,    0,    0,    0,    0,    0,    0,    0,    0,    0,  -16,    0,  -37,    0,    0,    0,    0,    0,    0,    0,    0,    0,    0,    0,    0,    0,    0,    0,    0,    0,    0,  -30,    0,    0,    0,    0,    0,  -37,    0,    0,    0,    0,    0,    0,    0,    0,    0,    0,    0,    0,    0,    0,  -37,    0,    0,    0,    0,    0,    0,    0,    0,    0,    0,    0,
       0,    0,    0,    0,    0,    0,    0,  -33,    0,    0,    0,    0,    0,    0,    0,    0,    0,    0,    0,    0,  -12,    0,    0,   -5,    0,    0,    0,    0,    0,    0,    0,    0,    0,    0,    0,    0,    0,    0,    0,    0,    0,    0,    0,    0,  -12,    0,  -12,    0,    0,  -33,    0,    0,    0,    0,    0,    0,    0,    0,    0,    0,    0,    0,    0,    0,    0,    0,    0,    0,
       0,    0,    0,    0,    0,    0,    0,    0,    0,    0,    0,    0,    0,  -33,  -21,    0,  -19,    0,    0,    0,    0,    0,    0,    0,    0,    0,    0,    0,    0,    0,    0,    0,    0,    0,    0,    0,    0,   -9,    0,    0,    0,    0,    0,    0,    0,    0,    0,    0,    0,    0,    0,    0,    0,    0,    0,    0,    0,    0,    0,    0,    0,    0,    0,    0,    0,    0,    0,    0,
     -23,    0,    0,    0,    0,    0,    0,    0,    0,  -12,    0,    0,    0,   -5,  -23,    0,  -21,  -42,   -7,    0,  -16,    0,    0,   -9,   -7,    0,    0,    0,  -26,  -12,  -14,    0,  -33,    0,   -9,  -16,    0,  -14,    0,  -12,   -9,  -21,    0,  -21,    0,    0,  -16,    0,   -9,    0,    0,  -16,  -16,    0,   -9,    0,    0,  -23,  -26,    0,  -28,  -21,  -23,    0,  -37,  -16,  -16,    0,
       0,    0,    0,    0,    0,    0,    0,    0,    0,    0,    0,    0,    0,  -12,  -23,    0,    0,  -16,    0,    0,    0,    0,    0,    0,    0,    0,    0,    0,    0,    0,    0,    0,    0,    0,    0,    0,   -7,  -12,    0,    0,    0,  -21,    0,    0,    0,    0,    0,    0,    0,    0,    0,    0,    0,    0,    0,    0,    0,    0,    0,    0,    0,  -16,    0,    0,    0,    0,    0,    0,
       0,    0,    0,    0,    0,    0,    0,    0,    0,    0,    0,    0,    0,    0,  -21,    0,   -7,    0,    0,    0,    0,    0,    0,    0,    0,    0,    0,    0,  -14,    0,    0,    0,    0,    0,    0,    0,    0,    0,    0,    0,    0,    0,    0,    0,    0,    0,    0,    0,    0,    0,    0,    0,  -21,    0,    0,    0,    0,    0,    0,    0,    0,    0,  -21,    0,    0,    0,    0,    0,
       0,    0,    0,    0,    0,    0,    0,  -14,    0,    0,    0,    0,    0,  -14,  -21,  -16,  -33,  -21,    0,    0,    0,    0,    0,    0,    0,    0,    0,    0,    0,    0,    0,    0,    0,    0,    0,   -7,   -7,  -23,  -16,    0,    0,  -21,    0,    0,    0,    0,    0,    0,    0,   -9,    0,   14,   14,    0,    0,  -12,    0,  -16,    0,    0,    0,  -14,    0,    0,  -19,  -16,  -16,    0,
       0,    0,    0,    0,    0,    0,    0,    0,    0,    0,    0,    0,    0,    0,    0,    0,    0,    0,  -16,    0,    0,    0,    0,    0,    0,    0,    0,    0,    0,    0,    0,    0,    0,    0,    0,    0,    0,    0,    0,    0,    0,    0,    0,    0,    0,    0,    0,    0,    0,    0,    0,    0,    0,    0,    0,    0,    0,    0,    0,    0,    0,    0,    0,    0,    0,    0,    0,    0,
       0,    0,    0,    0,    0,    0,    0,    0,    0,    0,    0,    0,    0,    0,    0,    0,    0,    0,    0,    0,    0,    0,    0,    0,    0,    0,    0,    0,    0,    0,    0,    0,    0,    0,    0,    0,    0,    0,    0,    0,    0,    0,    0,    0,    0,    0,    0,    0,    0,    0,    0,    0,    0,    0,    0,    0,    0,    0,    0,    0,    0,    0,   -9,    0,    0,    0,    0,    0,
       0,    0,    0,    0,    0,    0,    0,    0,    0,    0,    0,    0,    7,    0,    0,    0,    0,    0,    0,    0,    0,    0,    0,    0,    0,    0,    0,    0,    0,    0,    0,    0,    0,    0,    0,    0,    0,    0,    0,    0,    0,    0,    0,    0,    0,    0,    0,    0,    0,    0,    0,    0,    0,    0,    0,    0,    0,    0,    0,    0,    0,    0,    0,    0,    0,    0,    0,    0,
       0,    0,    0,    0,    0,    0,    0,    0,    0,    0,    0,    0,    0,    0,    0,    0,    0,    0,    0,    0,    0,    0,    0,    0,    0,    0,    0,    0,    0,    0,    0,    0,    0,    0,    0,    0,    0,    0,    0,    0,    0,  -14,    0,    0,    0,    0,    0,    0,    0,    0,    0,    0,    0,    0,    0,    0,    0,    0,  -12,    0,    0,    0,  -12,    0,    0,    0,    0,    0,
       0,    0,  -19,    0,    0,    0,    0,  -19,    0,    0,    0,    0,    0,    0,  -12,    0,  -16,    0,  -21,    0,    0,    0,    0,    0,    0,    0,    0,    0,    0,    0,    0,    0,    0,    0,    0,   12,  -21,    0,    0,    0,    0,    0,  -21,    0,    0,    0,    0,    0,   14,  -28,   -9,    0,    0,    0,    0,   -7,    0,    0,    0,    0,    0,    0,    0,    0,    0,    0,    0,    0,
       0,    0,    0,    0,    0,    0,    0,    0,    0,   -2,    0,    0,    0,    0,  -16,    0,   -9,    0,    0,    0,    0,    0,    0,    0,    0,    0,    0,    0,    0,    0,    0,    0,    0,    0,    0,    0,    0,    0,    0,    0,    0,  -12,    0,    0,    0,    0,    0,    0,    0,    0,    0,    0,    0,    0,    0,    0,    0,    0,    0,    0,    0,    0,    0,    0,    0,    0,    0,    0,
       0,    0,  -28,    0,    0,  -14,    0,  -28,    0,    0,    0,   -7,    0,    0,    0,    0,    0,    0,  -37,    0,  -33,    0,  -28,  -35,  -16,  -19,  -23,  -33,  -28,  -21,  -19,  -28,  -37,    0,  -23,    9,  -12,    0,    0,    0,  -16,    0,  -28,    0,  -33,  -16,  -33,  -28,  -16,  -47,  -33,  -23,  -28,  -28,   19,    0,  -37,    0,    0,  -16,  -30,    0,  -37,    0,    0,    0,    0,    0,
       0,    0,    0,    0,    0,    0,    0,    0,    0,    0,    0,    0,    0,    0,    0,    0,    0,    0,   -7,    0,    0,    0,    0,    0,    0,    0,    0,    0,    0,    0,    0,    0,    0,    0,    0,    0,    0,    0,    0,    0,    0,    0,    0,    0,    0,    0,    0,    0,    0,    0,    0,    0,    0,    0,    0,    0,    0,    0,    0,    0,    0,    0,    0,    0,    0,    0,    0,    0,
       0,    0,  -47,  -26,  -16,  -19,    0,  -68,    0,  -12,    0,    0,    0,    0,    0,    0,    0,    0,  -65,    0,  -51,  -12,  -28,  -42,  -30,  -33,  -44,  -33,  -28,  -37,  -33,  -33,  -42,  -47,  -37,    0,  -16,    0,    0,    0,  -16,    0,  -30,  -23,  -47,  -33,  -51,  -42,  -47,  -56,  -51,  -30,  -28,  -51,    0,    0,  -28,    0,   -7,  -26,  -37,    0,  -37,    0,    0,    0,    0,  -16,
       0,    0,    0,    0,    0,    0,    0,    0,    0,  -21,    0,    0,    0,    0,    0,    0,    0,    0,    0,    0,   -9,    0,    0,   -9,    0,    0,    0,    0,  -33,    0,    0,  -33,    0,    0,    0,    0,    0,    0,    0,    0,  -19,    0,    0,  -23,    0,    0,   -9,    0,    0,    0,    0,  -30,  -23,    0,    0,    0,    0,    0,    0,    0,  -26,    0,  -28,    0,    0,    0,    0,  -33,
       0,    0,  -19,  -33,  -16,    0,    9,  -30,    0,   -9,    0,    0,    0,    0,    0,    0,    0,    0,  -35,    0,  -30,    0,  -23,  -28,  -16,  -21,  -23,  -23,  -16,  -21,  -16,    0,  -42,  -23,  -19,    0,    0,    0,    0,    0,   -9,    0,   -9,  -14,  -28,  -21,  -30,  -16,  -19,  -33,  -21,  -19,  -23,  -33,    0,    0,  -23,    0,    0,  -16,  -21,    0,  -23,    0,    0,    0,    0,    0,
       0,    0,    0,    0,    0,    0,    0,    0,    0,  -21,    0,    0,    0,  -51,  -51,    0,  -47,    0,    0,    0,    0,    0,    0,  -21,    0,    0,    0,    0,    0,    0,    0,    0,    0,    0,    0,  -47,    0,    0,    0,    0,  -21,  -75,    0,  -14,    0,    0,    0,    0,    0,    0,    0,  -21,    0,    0,    0,    0,    0,  -42,    0,    0,  -21,  -42,  -16,    0,    0,    0,    0,    0,
       0,  -33,    0,    0,    0,    0,    0,    0,    0,    0,    0,    0,    0,    0,    0,    0,    0,  -56,    0,   -9,    0,   -9,   -9,   -9,   -5,    0,   -7,    0,   -9,   -9,    0,    0,    0,    0,    0,    0,    0,    0,    0,    0,    0,    0,    0,   -7,    0,    0,    0,    0,    0,    0,    0,   -9,   -7,    0,    0,    0,    0,    0,  -28,    0,  -14,    0,  -16,    0,    0,  -37,  -37,    0,
       0,  -23,    0,    0,    0,    0,    0,    0,    0,    0,    0,    0,    0,    0,    0,    0,    0,  -42,    0,   -9,    0,    0,    0,    0,    0,    0,    0,    0,    0,    0,    0,    0,    0,    0,    0,    0,    0,    0,    0,    0,    0,    0,    0,    0,    0,    0,    0,    0,   -5,   -9,    0,    0,    7,    0,    0,    0,  -14,    0,  -19,    0,  -12,    0,    0,    0,    0,  -42,  -21,    0,
       0,    0,    0,    0,    0,    0,    0,    0,    0,    0,    0,    0,    0,    0,    0,    0,    0,  -42,    0,   -9,   -7,    0,    0,    0,    0,    0,    0,    0,    0,    0,    0,    0,    0,    0,    0,    0,    0,    0,    0,    0,    0,    0,    0,    0,    0,    0,   -7,    0,    0,   -9,    0,    0,    0,    0,    0,    0,    0,    0,  -16,    0,    0,    0,    0,    0,    0,    0,    0,    0,
       0,    0,    0,    0,    0,    0,    0,    0,    0,    0,    0,    0,    0,    0,    0,    0,    0,    0,    0,   -7,    0,    0,    0,    0,    0,    0,    0,    0,    0,    0,    0,    0,    0,    0,    0,    0,    0,    0,    0,    0,    0,    0,    0,    0,    0,    0,    0,    0,    0,    0,    0,    0,    0,    0,    0,    0,    0,    0,    0,    0,    0,    0,    0,    0,    0,    0,    0,    0,
       0,    0,    0,    0,    0,    0,    0,    0,    0,    0,    0,    0,    0,    0,    0,    0,    0,  -42,    0,  -12,    0,    0,    0,    0,    0,    0,    0,    0,    0,    0,    0,    0,    0,    0,    0,    0,    0,    0,    0,    0,    0,    0,    0,    0,    0,    0,    0,    0,    0,    0,    0,    0,    0,    0,    0,    0,   -9,    0,  -16,    0,    0,    0,    0,    0,    0,  -16,  -16,    0,
       0,    0,    0,    0,    0,    0,    0,    0,    0,    0,    0,    0,    0,    0,    0,    0,    0,    0,  -21,    0,    0,    0,    0,    0,    0,    0,    0,    0,    0,    0,    0,    0,    0,    0,    0,    0,    0,    0,    0,    0,    0,    0,    0,    0,    0,    0,    0,    0,    0,    0,    0,    0,    0,    0,    0,    0,    0,    0,    0,    0,    0,    0,    0,    0,    0,    0,    0,    0,
       0,    0,    0,    0,    0,    0,    0,    0,    0,    0,    0,    0,    0,    0,    0,    0,    0,    0,   -9,  -12,    0,    0,    0,    0,    0,    0,    0,    0,    0,    0,    0,    0,    0,    0,    0,    0,    0,    0,    0,    0,    0,    0,    0,    0,    0,    0,    0,    0,    0,    0,    0,    0,    0,    0,    0,    0,    0,    0,    0,    0,    0,    0,    0,    0,    0,    0,    0,    0,
       0,    0,    0,    0,    0,    0,    0,    0,    0,    0,    0,    0,    0,    0,    0,    0,    0,  -33,    0,   -7,    0,    0,    0,    0,    0,    0,    0,    0,    0,    0,    0,    0,    0,    0,    0,    0,    0,    0,    0,    0,    0,    0,    0,    0,    0,    0,    0,    0,    0,    0,    0,    0,    0,    0,    0,    0,    0,    0,    0,    0,    0,    0,    0,    0,    0,    0,    0,    0,
       0,    0,    0,    0,    0,    0,    0,    0,    0,    0,    0,    0,    0,    0,    0,    0,    0,  -47,    0,  -12,   -9,    0,   -9,   -7,   -7,    0,    0,    0,  -12,   -7,    0,    0,    0,    0,    0,    0,    0,    0,    0,    0,    0,    0,    0,    0,    0,    0,   -9,    0,    0,    0,    0,   -5,   -7,    0,    0,    0,    0,    0,  -23,    0,  -16,    0,  -16,    0,    0,  -33,  -33,    0,
       0,  -42,    0,    0,    0,    0,    0,    0,    0,    0,    0,    0,    0,    0,    0,    0,    0,  -42,    0,   -9,    0,    0,   -9,   -9,    0,    0,    0,    0,   -9,    0,    0,    0,    0,    0,    0,    0,    0,    0,    0,    0,    0,    0,    0,    0,    0,    0,    0,    0,    0,    0,    0,    0,    0,    0,    0,    0,    0,    0,    0,    0,   -9,    0,  -16,    0,    0,    0,    0,    0,
       0,    0,    0,    0,    0,    0,    0,    0,    0,    0,    0,    0,    0,    0,    0,    0,    0,  -47,    0,   -7,    0,    0,    0,   -9,    0,    0,    0,    0,    0,    0,    0,    0,    0,    0,    0,    0,    0,    0,    0,    0,    0,    0,    0,    0,    0,   -9,    0,    0,    0,    0,    0,    0,    0,    0,    0,    0,    0,    0,  -16,    0,    0,    0,    0,    0,    0,    0,    0,    0,
       0,    0,    0,    0,    0,    0,    0,    0,    0,    0,    0,    0,    0,    0,    0,    0,    0,    0,  -19,    0,    0,    0,    0,    0,    0,    0,    0,    0,    0,    0,    0,    0,    0,    0,    0,    0,    0,    0,    0,    0,    0,    0,    0,    0,    0,    0,    0,    0,    0,    0,    0,    0,    0,    0,    0,    0,    0,    0,    0,    0,    0,    0,    0,    0,    0,    0,    0,    0,
       0,    0,    0,    0,    0,    0,    0,    0,    0,    0,    0,    0,    0,    0,    0,    0,    0,  -42,    0,   -7,    0,    0,    0,    0,    0,    0,    0,    0,    0,    0,    0,    0,    0,    0,    0,    0,    0,    0,    0,    0,    0,    0,    0,    0,    0,    0,    0,    0,    0,    0,    0,    0,    0,    0,    0,    0,    0,    0,    0,    0,    0,    0,    0,    0,    0,    0,    0,    0,
       0,    0,    0,    0,    0,    0,    0,    0,    0,    0,    0,    0,    0,    0,    0,    0,    0,    0,    0,   -9,    0,    0,    0,    0,    0,    0,    0,    0,    0,    0,    0,    0,    0,    0,    0,    0,    0,    0,    0,    0,    0,    0,    0,    0,    0,    0,    0,    0,    0,    0,    0,    0,    0,    0,    0,    0,    0,    0,    0,    0,    0,    0,    0,    0,    0,    0,    0,    0,
       0,    0,    0,    0,    0,    0,    0,    0,    0,    0,    0,    0,    0,    0,    0,    0,    0,  -33,    0,    0,    0,    0,    0,    0,    0,    0,    0,    0,    0,    0,    0,    0,    0,    0,    0,    0,    0,    0,    0,    0,    0,    0,    0,    0,    0,    0,    0,    0,    0,    0,    0,    0,    0,    0,    0,    0,    0,    0,    0,    0,    0,    0,    0,    0,    0,    0,    0,    0,
       0,    0,    0,    0,    0,    0,    0,    0,    0,    0,   19,    0,    0,    0,  -21,    0,  -26,    0,    0,    0,    0,    0,    0,    0,    0,    0,    0,    0,    0,    0,    0,    0,    0,    0,    0,    0,    0,  -12,    0,    0,    0,    0,    0,    0,    0,    0,    0,    0,    0,    0,    0,    0,    0,    0,    0,    0,    0,    0,    0,    0,    0,    0,    0,    0,    0,    0,    0,    0,
       0,    0,    0,    0,    0,    0,    0,    0,    0,    0,    0,    0,    0,  -28,  -28,    0,  -42,    0,    0,    0,    0,    0,    0,    0,    0,    0,    0,    0,    0,    0,    0,    0,    0,    0,    0,  -33,    0,    0,    0,    0,    0,  -37,    0,    0,    0,    0,    0,    0,    0,    0,    0,    0,    0,    0,    0,    0,    0,    0,    0,    0,    0,  -16,    0,    0,    0,    0,    0,    0,
       0,    0,    0,    0,    0,    0,    0,    0,    0,    0,    0,    0,    0,    0,    0,    0,    0,    0,  -16,    0,   -9,    0,    0,    0,    0,    0,    0,    0,    0,    0,    0,    0,    0,    0,    0,    0,    0,    0,    0,    0,    0,    0,    0,    0,    0,    0,   -9,    0,    0,    0,    0,    0,    0,    0,    0,    0,    0,    0,    0,    0,    0,    0,    0,    0,    0,    0,    0,    0,
       0,    0,    0,    0,    0,    0,    0,    0,    0,    0,    0,    0,    0,  -33,  -28,  -21,  -42,    0,    0,    0,    0,    0,    0,    0,    0,    0,    0,    0,    0,    0,    0,    0,    0,    0,    0,  -37,    0,  -28,  -16,    0,    0,  -42,    0,    0,    0,    0,    0,    0,    0,  -14,    0,    0,    0,    0,    0,    0,  -21,    0,    0,    0,    0,  -37,    0,    0,    0,    0,    0,    0,
       0,    0,    0,    0,    0,    0,    0,  -21,  -14,    0,    0,    0,    0,  -51,  -42,    0,  -47,    0,    0,    0,    0,    0,    0,    0,    0,    0,    0,    0,    0,    0,    0,    0,    0,    0,    0,  -51,    0,  -21,    0,    0,    0,  -65,    0,    0,    0,    0,    0,    0,    0,    0,    0,    0,    0,    0,    0,   -9,    0,    0,    0,    0,  -21,  -42,    0,    0,    0,    0,    0,    0,
       0,    0,    0,    0,    0,    0,    0,    0,    0,    0,   33,    0,    0,  -30,  -26,    0,  -37,    0,    0,    0,    0,    0,    0,    0,    0,    0,    0,    0,    0,    0,    0,    0,    0,    0,    0,    0,    0,    0,    0,    0,    0,  -47,    0,    0,    0,    0,    0,    0,    0,    0,    0,    0,    0,    0,    0,    0,    0,    0,    0,    0,    0,  -16,    0,    0,    0,    0,    0,    0,
       0,    0,    0,    0,    0,    0,    0,    0,    0,    0,    0,    0,    0,    0,    0,    0,    0,  -44,    0,  -16,  -12,    0,    0,   -9,    0,    0,    0,    0,    0,    0,    0,    0,    0,    0,    0,    0,    0,    0,    0,    0,    0,    0,    0,    0,    0,    0,  -12,    0,    0,    0,    0,    0,    0,    0,    0,    0,    0,    0,    0,    0,   -9,    0,  -14,    0,    0,    0,    0,    0,
       0,    0,    0,    0,    0,    0,    0,    0,    0,    0,    0,    0,    0,    0,    0,    0,    0,    0,    0,    0,    0,    0,    0,    0,    0,    0,    0,    0,    0,    0,    0,    0,    0,    0,    0,    0,    0,    0,    0,    0,    0,    0,    0,    0,    0,    0,    0,    0,    0,    0,    0,    0,    0,    0,    0,    0,    0,    0,    0,    0,  -12,    0,    0,    0,    0,    0,    0,    0,
       0,    0,  -19,  -26,  -16,  -14,    0,  -44,    0,   -7,    0,    0,    0,    0,    0,    0,    0,    0,  -42,    0,  -42,    0,  -23,  -40,  -23,  -19,  -30,  -28,  -26,  -33,  -42,  -23,  -33,    0,  -42,    0,  -16,    0,    0,    0,  -12,    0,  -21,   -9,  -33,  -28,  -42,  -33,  -26,  -47,  -42,  -33,  -30,  -33,   16,    0,  -42,    0,    0,  -21,  -37,    0,  -33,    0,    0,    0,    0,    0,
       0,  -47,    0,    0,    0,    0,    0,    0,    0,  -12,    0,    0,    0,  -42,  -37,    0,  -42,  -42,    0,    0,    0,    0,    0,    0,    0,    0,    0,    0,   -9,    0,    0,    0,    0,    0,    0,  -30,    0,  -21,    0,    0,    0,  -63,    0,    0,    0,    0,    0,    0,    0,    0,    0,    0,    0,    0,    0,    0,    0,  -42,  -16,    0,  -21,  -42,   -9,    0,  -42,  -51,  -51,   -9,
       0,    0,    0,    0,    0,    0,    0,    0,    0,   -9,    0,    0,    0,    0,  -28,    0,  -28,    0,    0,    0,    0,    0,    0,    0,    0,    0,    0,    0,  -21,    0,    0,    0,    0,    0,    0,  -21,    0,    0,    0,    0,  -16,    0,    0,  -19,    0,    0,    0,    0,    0,    0,    0,    0,    0,    0,    0,    0,    0,    0,    0,    0,  -21,  -21,    0,    0,    0,    0,    0,    0,
       0,    0,    0,    0,    0,    0,    0,    0,    0,  -26,    0,    0,    0,   -9,  -16,    0,    0,    0,    0,    0,   -7,    0,    0,   -9,    0,    0,    0,    0,  -30,   -7,  -16,  -26,    0,    0,    0,    0,    0,    0,    0,    0,  -23,  -16,    0,  -21,    0,    0,   -7,    0,    0,    0,    0,  -37,  -23,    0,    0,    0,    0,    0,    0,    0,  -23,    0,    0,  -14,    0,    0,    0,    0,
       0,    0,    0,    0,    0,    0,    0,    0,    0,    0,    0,    0,    0,    0,    0,    0,    0,  -16,    0,    0,    0,    0,    0,    0,    0,    0,    0,    0,    0,    0,    0,    0,    0,    0,    0,    0,    0,    0,    0,    0,    0,    0,    0,    0,    0,    0,    0,    0,    0,    0,    0,    0,    0,    0,    0,    0,    0,    0,    0,    0,    0,    0,    0,    0,   -9,    0,    0,    0,
       0,    0,   -9,    0,    0,    0,    0,   -9,    0,    0,    0,    0,    0,  -30,  -23,  -16,  -28,    0,    0,    0,    0,    0,    0,    0,    0,    0,    0,    0,    0,    0,    0,    0,    0,    0,    0,  -16,  -16,    0,  -14,    0,    0,  -16,  -16,    0,    0,    0,    0,    0,    0,    0,    0,    0,    0,    0,    0,  -14,    0,    0,    0,    0,    0,  -12,    0,    0,    0,    0,    0,    0,
       0,  -47,    0,    0,    0,    0,    0,    0,    0,    0,    0,    0,    0,    0,    0,    0,    0,  -42,    0,   -9,    0,    0,    0,    0,    0,    0,    0,    0,    0,    0,    0,    0,    0,    0,    0,    0,    0,    0,    0,    0,    0,    0,    0,    0,    0,    0,    0,    0,   -5,   -9,    0,    0,    7,    0,    0,    0,  -14,    0,  -19,    0,  -12,    0,    0,    0,    0,  -42,  -21,    0,
       0,    0,    0,    0,    0,    0,    0,    0,    0,    0,    0,    0,    0,    0,    0,    0,    0,  -56,    0,  -12,    0,    0,    0,    0,    0,    0,    0,    0,    0,    0,    0,    0,    0,    0,    0,    0,    0,    0,    0,    0,    0,    0,    0,    0,    0,    0,    0,    0,    0,    0,    0,    0,    0,    0,    0,    0,    0,    0,  -16,    0,   -7,    0,    0,    0,    0,  -33,  -33,    0,
       0,    0,    0,    0,    0,    0,    0,    0,    0,    0,    0,    0,    0,    0,    0,    0,    0,  -42,    0,   -9,    0,    0,   -9,    0,    0,    0,    0,    0,    0,    0,    0,    0,    0,    0,    0,    0,    0,    0,    0,    0,    0,    0,    0,    0,    0,    0,    0,    0,    0,    0,    0,    0,    0,    0,    0,    0,    0,    0,   -9,    0,    0,    0,    0,    0,    0,  -28,  -28,    0,
       0,    0,    0,    0,    0,    0,    0,    0,    0,    0,    0,    0,    0,    0,    0,    0,    0,  -33,    0,    0,    0,    0,    0,    0,    0,    0,    0,    0,    0,    0,    0,    0,    0,    0,    0,    0,    0,    0,    0,    0,    0,    0,    0,    0,    0,    0,    0,    0,    0,  -16,    0,    0,    0,    0,    0,    0,    0,    0,    0,    0,    0,    0,    0,    0,    0,    0,    0,    0,
       0,    0,    0,    0,    0,    0,    0,    0,    0,    0,    0,    0,    0,    0,    0,    0,    0,  -33,    0,    0,    0,    0,    0,    0,    0,    0,    0,    0,    0,    0,    0,    0,    0,    0,    0,    0,    0,    0,    0,    0,    0,    0,    0,    0,    0,    0,    0,    0,    0,    0,    0,    0,    0,    0,    0,    0,    0,    0,    0,    0,    0,    0,    0,    0,    0,  -14,  -14,    0,
       0,    0,    0,    0,    0,    0,    0,    0,    0,    0,    0,    0,    0,    0,    0,    0,    0,  -47,    0,   -9,    0,   -7,   -7,  -12,   -9,    0,    0,    0,  -14,    0,    0,    0,    0,    0,    0,    0,    0,    0,    0,    0,    0,    0,    0,    0,    0,    0,    0,    0,    0,    0,    0,   -7,   -7,    0,    0,    0,   -5,    0,  -33,    0,  -23,    0,  -14,    0,    0,  -42,  -42,    0,
       0,    0,    0,    0,    0,    0,    0,  -19,    0,  -12,    0,    0,    0,  -37,  -33,    0,  -37,    0,    0,    0,    0,    0,    0,    0,    0,    0,    0,    0,    0,    0,    0,    0,    0,    0,    0,    0,   -9,  -21,    0,    0,    0,  -33,    0,    0,    0,    0,    0,    0,    0,    0,    0,    0,    0,    0,  -19,    0,    0,    0,    0,    0,    0,    0,    0,    0,    0,    0,    0,    0,
       0,    0,    0,    0,    0,    0,    0,    0,    0,  -26,    0,    0,    0,    0,  -12,    0,    0,    0,    0,    0,  -12,    0,    0,    0,    0,    0,    0,    0,  -30,  -26,  -19,    0,    0,    0,    0,  -16,    0,    0,    0,    0,  -23,    0,    0,  -19,    0,    0,  -12,    0,    0,    0,    0,  -35,  -26,    0,  -21,    0,    0,    0,    0,    0,  -21,    0,  -37,  -12,    0,    0,    0,  -37,
       0,    0,    0,  -28,    0,    0,    0,    0,    0,    0,    0,    0,    0,    0,    0,    0,    0,  -42,    0,  -14,  -16,    0,    0,   -7,    0,    0,    0,    0,    0,    0,    0,  -14,    0,    0,  -12,    0,    0,    0,    0,    0,    0,    0,    0,    0,    0,    0,  -16,    0,    0,    0,    0,    0,    0,    0,    0,    0,    0,    0,    0,    0,    0,    0,    0,    0,    0,    0,    0,    0,
       0,    0,    0,    0,  -12,    0,    0,  -42,    0,    0,    0,    0,    0,    0,    0,    0,    0,    0,  -47,    0,  -37,    0,  -23,  -28,   -9,  -19,  -21,  -21,  -12,    0,    0,    0,    0,  -42,  -21,    0,  -21,    0,    0,    0,    0,    0,    0,    0,  -33,  -21,    0,  -26,  -28,  -61,  -28,  -23,  -16,  -42,    0,    0,  -28,    0,    0,   -7,  -16,    0,   -9,    0,    0,    0,    0,    0,
       0,    0,  -16,    0,    0,    0,    0,    0,    0,    0,    0,    0,    0,    0,    0,    0,    0,  -21,    0,    0,   -9,    0,    0,    0,    0,    0,    0,    0,    0,    0,    0,    0,    0,    0,    0,    0,    0,    0,    0,    0,    0,    0,    0,    0,    0,    0,   -9,    0,    0,  -16,    0,    0,    0,    0,    0,    0,    0,    0,    0,    0,    0,    0,    0,    0,    0,    0,    0,    0,
       0,    0,  -19,  -26,  -16,  -14,    0,  -44,    0,  -14,    0,    0,    0,    0,    0,    0,    0,    0,  -42,    0,  -42,    0,  -23,  -40,  -23,  -19,  -30,  -28,  -26,  -33,  -42,  -23,  -33,    0,  -42,    0,  -16,    0,    0,    0,  -23,    0,  -21,   -9,  -33,  -28,  -42,  -33,  -26,  -47,  -42,  -33,  -30,  -33,   16,    0,  -42,    0,    0,  -21,  -37,    0,  -33,    0,    0,    0,    0,    0,
       0,    0,    0,    0,    0,    0,    0,    0,    0,    0,    0,    0,    0,    0,    0,    0,    0,  -23,  -19,    0,  -21,    0,    0,   -7,    0,  -16,    0,    0,    0,    0,    0,    0,    0,    0,    0,    0,    0,    0,    0,    0,    0,    0,    0,    0,    0,    0,  -21,    0,    0,  -37,    0,    0,    0,   -9,    0,    0,    0,    0,    0,    0,    0,    0,    0,    0,    0,    0,    0,    0,
       0,    0,    0,    0,    0,    0,    0,    0,    0,    0,    0,    0,    0,    0,    0,    0,    0,    0,    0,  -14,    0,    0,    0,   -9,    0,    0,    0,    0,    0,    0,    0,    0,    0,    0,    0,    0,    0,    0,    0,    0,    0,    0,    0,    0,    0,    0,    0,    0,    0,    0,    0,    0,    0,    0,    0,    0,    0,    0,    0,    0,   -9,    0,    0,    0,    0,    0,    0,    0,
       0,    0,    0,    0,    0,    0,    0,    0,    0,    0,    0,    0,    0,    0,    0,    0,    0,    0,    0,    0,  -12,    0,    0,    0,    0,    0,    0,    0,    0,    0,    0,    0,    0,    0,    0,    0,    0,    0,    0,    0,    0,    0,    0,    0,    0,    0,  -12,    0,    0,  -16,  -16,    0,    0,  -12,    0,    0,    0,    0,    0,    0,    0,    0,    0,    0,    0,    0,    0,    0,
       0,  -28,   19,    0,    0,    0,    0,    0,    0,    0,    0,    0,    9,  -33,  -21,    0,  -33,  -28,   14,    0,   16,    0,    0,    0,   14,   14,   12,    0,    0,    0,    0,    0,    0,    0,    0,  -19,   12,    0,   14,    0,    0,  -35,    0,    0,   14,   14,   16,    9,    0,    0,   16,    9,   16,    0,    0,    0,   14,  -28,  -12,    0,    0,  -28,    0,   12,  -23,  -30,  -30,    0,
       0,  -51,    0,    0,    0,    0,    0,    0,    0,    0,    0,    0,    0,    0,    0,    0,    0,  -61,    0,  -12,    0,    0,    0,  -12,    0,    0,    0,    0,    0,    0,    0,    0,    0,    0,    0,    0,    0,    0,    0,    0,    0,    0,    0,    0,    0,    0,    0,    0,    0,    0,    0,    0,    0,    0,    0,    0,    0,    0,  -28,    0,  -23,    0,  -16,    0,    0,  -33,  -33,    0,
       0,    0,    0,    0,    0,    0,    0,    0,    0,    0,    0,    0,    0,    0,  -21,    0,  -21,    0,    0,    0,    0,    0,    0,    0,    0,    0,    0,    0,    0,    0,    0,    0,    0,    0,    0,    0,    0,    0,    0,    0,    0,  -19,    0,    0,    0,    0,    0,    0,    0,    9,    9,    0,    0,    0,    0,    0,    0,    0,    0,    0,    0,    0,    0,    0,    0,    0,    0,    0,
       0,  -33,    0,    0,    0,    0,    0,    0,    0,    0,    0,    0,    0,    0,    0,    0,    0,  -56,    0,   -9,   -7,    0,    0,   -9,   -9,    0,    0,    0,  -12,  -12,    0,    0,    0,    0,    0,    0,    0,    0,    0,    0,    0,    0,    0,    0,    0,    0,   -7,    0,    0,    0,    0,   -7,    0,    0,    0,    0,    0,    0,  -23,    0,  -19,    0,  -16,    0,    0,  -51,  -51,    0,
       0,    0,  -21,    0,    0,    0,    0,    0,    0,    0,    0,    0,    0,    0,    0,    0,    0,  -28,    0,   -7,   -9,    0,    0,    0,    0,    0,    0,    0,    0,    0,    0,    0,    0,    0,    0,    0,    0,    0,    0,    0,    0,    0,    0,    0,    0,    0,   -9,    0,    0,  -26,  -14,    0,    0,    0,    0,    0,    0,    0,    0,    0,    0,    0,    0,    0,    0,    0,    0,    0,
       0,  -79,    0,    0,    0,    0,    0,    0,    0,  -23,    0,    0,    0,  -51,  -51,    0,  -63,  -65,    0,    0,    0,    0,    0,    0,    0,    0,    0,    0,  -16,    0,    0,    0,    0,    0,    0,  -42,    0,  -28,    0,  -21,  -21,  -84,    0,  -23,    0,    0,    0,    0,    0,    0,    0,    0,    0,    0,  -37,    0,    0,  -56,    0,    0,  -21,  -75,    0,    0,    0,  -56,  -56,  -37,
       0,    0,    0,    0,    0,    0,    0,    0,    0,  -12,    0,    0,    0,    0,    0,    0,    0,    0,    0,    0,    0,    0,    0,    0,    0,    0,    0,    0,    0,    0,    0,    0,    0,    0,    0,    0,    0,    0,    0,    0,  -14,    0,    0,    0,    0,    0,    0,    0,    0,    0,    0,    0,    0,    0,    0,    0,    0,    0,    0,    0,    0,    0,    0,    0,    0,    0,    0,    0,
       0,    0,    0,    0,    0,    0,    0,    0,    0,   -7,    0,    0,    0,    0,  -12,    0,    0,    0,    0,    0,    0,    0,    0,    0,    0,    0,    0,    0,    0,    0,    0,    0,    0,    0,    0,    0,    0,    0,    0,    0,    0,    0,    0,    0,    0,    0,    0,    0,    0,    0,    0,    0,    0,    0,    0,    0,    0,    0,  -12,    0,    0,    0,    0,    0,    0,    0,    0,    0,
       0,    0,    0,    0,    0,    0,    0,   -9,    0,  -12,    0,    0,    0,    0,    0,    0,    0,    0,  -21,    0,  -28,    0,    0,  -21,  -16,  -16,  -28,  -21,  -23,  -21,    0,    0,    0,    0,  -19,    0,    0,    0,    0,    0,  -16,    0,    0,  -26,  -16,  -26,   -9,    0,  -19,    0,   -9,  -37,  -28,  -16,    0,    0,  -21,    0,  -12,  -16,  -28,    0,  -26,    0,    0,    0,    0,    0,
       0,    0,    0,    0,    0,    0,    0,    0,    0,    0,    0,    0,    0,    0,    0,    0,    0,    0,    0,    0,   -7,    0,    0,    0,    0,    0,    0,    0,    0,    0,    0,    0,    0,    0,    0,    0,    0,    0,    0,    0,    0,    0,    0,    0,    0,    0,   -7,    0,    0,   -9,    0,    0,    0,    0,    0,    0,    0,    0,    0,    0,    0,    0,    0,    0,    0,    0,    0,    0,
       0,    0,    0,    0,    0,    0,    0,  -42,    0,    0,    0,    0,    0,    0,    0,    0,    0,    0,    0,    0,  -12,    0,    0,    0,    0,    0,    0,    0,    0,    0,    0,    0,    0,    0,    0,    0,  -12,    0,    0,    0,    0,    0,  -21,    0,    0,    0,  -12,    0,    0,  -23,    0,    0,    0,    0,    0,    0,    0,    0,    0,    0,    0,    0,    0,    0,    0,    0,    0,    0,
       0,    0,    0,    0,    0,    0,    0,  -47,    0,    0,    0,    0,    0,    0,    0,    0,    0,    0,  -21,    0,    0,    0,    0,    0,    0,    0,    0,    0,    0,    0,    0,    0,    0,    0,    0,    0,  -21,    0,    0,    0,    0,    0,  -30,    0,    0,    0,    0,    0,    0,  -42,    0,    0,    0,    0,    0,    0,    0,    0,    0,    0,    0,    0,    0,    0,    0,    0,    0,    0,
       0,    0,    0,    0,    0,    0,    0,    0,    0,    0,    0,    0,    0,  -33,  -21,  -33,    0,    0,    0,    0,    0,    0,    0,    0,    0,    0,    0,    0,    0,    0,    0,    0,    0,    0,    0,  -28,    0,  -33,    0,    0,    0,    0,  -23,    0,    0,    0,    0,    0,    0,  -28,    0,    0,    0,    0,    0,  -28,    0,    0,    0,    0,    0,    0,    0,    0,    0,    0,    0,    0,
};

static const EpdLigaturePair ebgaramond_14_italicLigaturePairs[] = {
    { 0x00660066, 0xFB00 }, // f f -> U+FB00
    { 0x00660069, 0xFB01 }, // f i -> U+FB01
    { 0x0066006C, 0xFB02 }, // f l -> U+FB02
    { 0xFB000069, 0xFB03 }, // U+FB00 i -> U+FB03
    { 0xFB00006C, 0xFB04 }, // U+FB00 l -> U+FB04
};

static constexpr EpdFontData ebgaramond_14_italic = {
    ebgaramond_14_italicBitmaps,
    ebgaramond_14_italicGlyphs,
    ebgaramond_14_italicIntervals,
    73,
    38,
    30,
    -9,
    true,
    ebgaramond_14_italicGroups,
    14,
    nullptr,
    ebgaramond_14_italicKernLeftClasses,
    ebgaramond_14_italicKernRightClasses,
    ebgaramond_14_italicKernMatrix,
    560,
    620,
    79,
    68,
    ebgaramond_14_italicLigaturePairs,
    5,
};
