/**
 * generated by fontconvert.py
 * name: ebgaramond_8_regular
 * size: 8
 * mode: 2-bit  compressed: true
 * Command used: fontconvert.py ebgaramond_8_regular 8 ../builtinFonts/source/EBGaramond/EBGaramond-Regular.ttf --2bit --compress --pnum --darken-aa
 */
#pragma once
#include "EpdFontData.h"

static const uint8_t ebgaramond_8_regularBitmaps[13625] = {
    0x75, 0x56, 0xDF, 0x8B, 0x24, 0x47, 0x1D, 0xFF, 0x74, 0xF7, 0xDC, 0xF6, 0xEC, 0x74, 0x4F, 0xF5,
    0x3E, 0xE4, 0x60, 0x4C, 0xFA, 0x6E, 0x46, 0x32, 0xC1, 0xDE, 0x4B, 0xEF, 0x4C, 0xE7, 0x6C, 0xA1,
    0x5D, 0xFA, 0x76, 0x8B, 0xE8, 0x1F, 0xB0, 0x2F, 0xF7, 0x3E, 0xA8, 0x0F, 0xF7, 0x62, 0xAE, 0xD1,
    0x45, 0x07, 0xC9, 0xDE, 0x94, 0x2E, 0x08, 0x41, 0x90, 0x55, 0x10, 0xF2, 0x38, 0xCF, 0xB9, 0x48,
    0xFA, 0xE1, 0x1E, 0x96, 0xB8, 0xDE, 0xB5, 0xF7, 0x20, 0x06, 0x4E, 0xE8, 0xBC, 0xF8, 0xA4, 0x32,
    0x82, 0x42, 0x48, 0xC0, 0x0C, 0xB2, 0xC2, 0x24, 0x39, 0x6F, 0xFD, 0x54, 0xCD, 0xEE, 0xED, 0x9E,
    0x89, 0xF5, 0xFD, 0x56, 0x77, 0x55, 0xF5, 0xB7, 0xBE, 0xF5, 0xFD, 0x5D, 0x3D, 0x9D, 0x97, 0xE5,
    0x74, 0x3A, 0x02, 0xA6, 0x73, 0xE0, 0xAF, 0x7F, 0x7C, 0xF4, 0x4D, 0x34, 0x9C, 0x8E, 0xDD, 0x6B,
    0x8D, 0xB7, 0x17, 0xFE, 0xA8, 0x79, 0xF0, 0x60, 0xDE, 0xAB, 0x5E, 0x51, 0xD7, 0xC1, 0xA6, 0x56,
    0xEA, 0x8D, 0xE3, 0xAF, 0xBD, 0xB9, 0x29, 0x87, 0xD2, 0xAB, 0x9D, 0x63, 0x27, 0xFB, 0x76, 0xF6,
    0x83, 0xA4, 0xAB, 0x2E, 0xC1, 0xB4, 0x06, 0xAA, 0xAF, 0xD8, 0xEA, 0x17, 0xFB, 0x78, 0xFF, 0x11,
    0xDE, 0x7F, 0x13, 0xDF, 0x2A, 0xE4, 0x97, 0x7E, 0x59, 0x58, 0x8F, 0x22, 0xC7, 0x8F, 0x5A, 0x7E,
    0xE4, 0xB7, 0x7A, 0x89, 0x2D, 0x49, 0x66, 0x97, 0x40, 0x2B, 0x04, 0x3C, 0x76, 0x67, 0x3A, 0xC0,
    0x4A, 0xDD, 0x47, 0x27, 0xDD, 0x41, 0xD2, 0x96, 0x28, 0x3C, 0x60, 0xFC, 0x82, 0xC2, 0x70, 0xF6,
    0x04, 0x16, 0xD6, 0x80, 0xBA, 0xAA, 0xA4, 0x2D, 0x5D, 0xF8, 0x08, 0x91, 0x21, 0x45, 0x61, 0x20,
    0xE5, 0x38, 0xE6, 0xDA, 0x2A, 0x1C, 0x92, 0xF5, 0x10, 0x71, 0xEC, 0x71, 0xEC, 0x48, 0x47, 0x19,
    0x90, 0x0E, 0xE7, 0x6D, 0xAE, 0xA6, 0xFC, 0x0A, 0x34, 0x71, 0x5B, 0x75, 0xE5, 0xBA, 0xB4, 0x8C,
    0x9C, 0xD3, 0x53, 0xBC, 0xF6, 0xA9, 0xBA, 0xFC, 0x6F, 0xF9, 0x74, 0xCA, 0x96, 0xC5, 0x7E, 0x9F,
    0x44, 0x13, 0x0E, 0x0F, 0xE6, 0x7A, 0x21, 0xC1, 0x08, 0x35, 0x2A, 0x9B, 0xFC, 0x5A, 0xE4, 0xD6,
    0x21, 0xBF, 0x04, 0x07, 0xFC, 0x60, 0x1D, 0xF8, 0x69, 0x14, 0xA6, 0xED, 0x54, 0xA4, 0x01, 0xBB,
    0xC8, 0xFC, 0x38, 0x6C, 0x15, 0x90, 0x36, 0x86, 0x08, 0x78, 0xF6, 0x45, 0x18, 0x72, 0x83, 0x7D,
    0x70, 0xF5, 0x38, 0xC9, 0x29, 0x74, 0x4E, 0x06, 0x53, 0x4B, 0xAD, 0xA0, 0x63, 0x4F, 0x9E, 0x70,
    0x5D, 0x0D, 0xE6, 0x3D, 0xC3, 0xD4, 0x9D, 0x43, 0x7F, 0x0F, 0x11, 0xA5, 0xE5, 0x40, 0x6A, 0xDD,
    0x29, 0xB9, 0x82, 0x0D, 0xAC, 0x14, 0x68, 0x16, 0xE8, 0x15, 0x98, 0x9C, 0x80, 0xCA, 0x13, 0xAD,
    0xC7, 0x46, 0x91, 0x51, 0x30, 0xEF, 0x93, 0x6A, 0x4B, 0x7A, 0x33, 0x1C, 0x72, 0x77, 0x86, 0xC4,
    0xAA, 0xD7, 0xB5, 0xBA, 0x53, 0x47, 0x0A, 0x32, 0xCB, 0xF0, 0xBD, 0xC7, 0xE5, 0x95, 0xB2, 0x9D,
    0xF9, 0x57, 0x4B, 0x4B, 0x5E, 0xBE, 0xF9, 0xE0, 0x89, 0x6A, 0x52, 0x09, 0xAD, 0x82, 0xB2, 0xC9,
    0x5A, 0x4F, 0xD6, 0x28, 0x5B, 0x98, 0x65, 0x71, 0x1E, 0x77, 0x7B, 0x6E, 0xBD, 0x7A, 0x9C, 0xE5,
    0x69, 0x98, 0x85, 0x57, 0x0B, 0x0B, 0x96, 0xF2, 0x77, 0xD3, 0x38, 0x15, 0xB9, 0xE8, 0xFE, 0x9C,
    0xCA, 0xC7, 0x3C, 0xB8, 0x76, 0xF1, 0x1C, 0x46, 0xDA, 0x34, 0x7C, 0xF4, 0xB3, 0x33, 0x93, 0x81,
    0x8E, 0x1D, 0xC0, 0x9E, 0xF1, 0x41, 0x31, 0xE0, 0xD6, 0xC0, 0x1E, 0x5F, 0x72, 0x19, 0x17, 0xDB,
    0x27, 0x7A, 0x70, 0xF9, 0x26, 0xAE, 0xBD, 0x25, 0x13, 0xA0, 0x4B, 0xEB, 0xCD, 0xCD, 0x8B, 0xCE,
    0x3E, 0x84, 0xA7, 0x90, 0x2D, 0xE9, 0x70, 0x8C, 0xEF, 0x52, 0x28, 0xED, 0xBA, 0x2D, 0x9E, 0xA5,
    0x1D, 0xB7, 0x4B, 0x02, 0x5A, 0xE2, 0x79, 0xD8, 0xBF, 0x9A, 0x33, 0x04, 0xFA, 0x2F, 0xBF, 0x97,
    0xFC, 0xEE, 0xF7, 0xD7, 0x1F, 0xFE, 0xE4, 0xFA, 0xC3, 0x37, 0x5E, 0xF9, 0xE8, 0x83, 0x68, 0x8D,
    0x5A, 0xF6, 0xED, 0x0F, 0xD5, 0xE9, 0x7E, 0xFA, 0x08, 0xB4, 0x3E, 0xF0, 0x02, 0x0F, 0xFC, 0x2A,
    0x57, 0xBF, 0x5C, 0xD1, 0x91, 0x14, 0xE6, 0xC3, 0x19, 0x95, 0x29, 0x18, 0x1E, 0x29, 0x5C, 0x0A,
    0x38, 0xAC, 0x1E, 0x18, 0xD1, 0x26, 0xBF, 0x86, 0x70, 0xA5, 0x70, 0x94, 0x70, 0x64, 0xF0, 0x1A,
    0x82, 0xDB, 0x10, 0x4E, 0x25, 0x6C, 0x83, 0xAE, 0xD2, 0xEE, 0x59, 0xB6, 0xB7, 0x8E, 0x5D, 0x19,
    0x5E, 0x81, 0x4F, 0xD5, 0x28, 0xEA, 0xD8, 0x3C, 0x39, 0x1E, 0xA0, 0xE1, 0xC9, 0xD0, 0xFA, 0xC7,
    0x3D, 0x5C, 0xC2, 0xE4, 0xAE, 0x12, 0x38, 0x14, 0xD8, 0x10, 0x08, 0x0C, 0x7A, 0xE6, 0x29, 0xE8,
    0x05, 0x81, 0xDD, 0xE1, 0x47, 0x5A, 0xC4, 0xE1, 0x5D, 0x19, 0x58, 0xCA, 0x33, 0x7A, 0x7B, 0x4D,
    0x78, 0x6F, 0xC3, 0x6B, 0x60, 0x39, 0x0D, 0x50, 0x2D, 0x69, 0xB6, 0xDF, 0x81, 0xB0, 0x21, 0x60,
    0xB0, 0x89, 0xE0, 0x6D, 0x88, 0xC6, 0xD9, 0x94, 0x1C, 0x9E, 0x6A, 0xFA, 0x1B, 0x8A, 0x14, 0x5D,
    0x41, 0xF3, 0xA9, 0x48, 0x63, 0xEB, 0x3F, 0x0C, 0x00, 0xBA, 0x3C, 0x40, 0x66, 0x53, 0xDF, 0x06,
    0x89, 0x27, 0x34, 0xCF, 0xB3, 0x10, 0x9C, 0x3C, 0xC1, 0xFF, 0xAE, 0x69, 0x3A, 0x63, 0x0D, 0x25,
    0x3E, 0xF7, 0x6D, 0xC2, 0x03, 0x9D, 0x05, 0x66, 0x5F, 0x00, 0x4C, 0x8B, 0x2D, 0x9E, 0xB2, 0xBD,
    0xBF, 0x10, 0xB6, 0x12, 0xAB, 0x10, 0x7D, 0x88, 0x03, 0x04, 0x33, 0x88, 0x7B, 0x10, 0x1B, 0x10,
    0x81, 0x0C, 0x9C, 0x7A, 0xB8, 0xBF, 0xD0, 0x8A, 0xD7, 0xE7, 0x2A, 0x3C, 0x8B, 0x6B, 0x02, 0x07,
    0x93, 0xBB, 0x95, 0xA6, 0x81, 0x33, 0xF3, 0x94, 0x2B, 0xBD, 0x2A, 0x90, 0xAD, 0xCA, 0x93, 0xCD,
    0xD9, 0x8B, 0xB2, 0x59, 0xBE, 0xA8, 0xFC, 0x74, 0x5F, 0xF9, 0x39, 0x7B, 0xD7, 0x51, 0x7E, 0xE0,
    0x54, 0x77, 0x7C, 0x06, 0x3B, 0xDB, 0x7D, 0xCA, 0x1D, 0x30, 0x8D, 0x82, 0x7A, 0x05, 0xFE, 0x9C,
    0x3D, 0x67, 0xEF, 0xB2, 0x7B, 0x3F, 0x85, 0x6F, 0xFF, 0x89, 0xF1, 0xFA, 0x29, 0xFB, 0x16, 0xB6,
    0x69, 0x83, 0xD3, 0x66, 0x9D, 0x54, 0x1E, 0xEE, 0x85, 0x88, 0x33, 0x04, 0x29, 0x82, 0x5D, 0x04,
    0x63, 0x04, 0x39, 0x04, 0x2B, 0x89, 0x31, 0x5A, 0xAD, 0xD5, 0x61, 0x48, 0x30, 0x77, 0x18, 0x06,
    0x1A, 0x95, 0x70, 0x21, 0x6E, 0x9D, 0x0B, 0x7C, 0x5B, 0x5D, 0xE0, 0xC5, 0x68, 0xBB, 0xC7, 0x74,
    0xD5, 0x59, 0x16, 0xB0, 0x2E, 0x04, 0x0C, 0xD6, 0x80, 0x9E, 0x08, 0x18, 0x1A, 0xC2, 0x54, 0x27,
    0x32, 0x85, 0xE6, 0x4A, 0xDD, 0x96, 0x39, 0x01, 0x6D, 0x8C, 0xEE, 0xB1, 0xDE, 0x3F, 0xE4, 0x39,
    0xDE, 0xF2, 0x28, 0xC9, 0x41, 0x70, 0xA4, 0xC5, 0x60, 0xB4, 0xE8, 0x78, 0xB4, 0xEB, 0xDB, 0xEA,
    0x5D, 0x26, 0x0C, 0xE3, 0xF9, 0x30, 0x0B, 0xD3, 0x06, 0x03, 0x56, 0xBA, 0x33, 0x6E, 0xCE, 0x77,
    0xE2, 0x22, 0xBE, 0x51, 0x9A, 0xC2, 0xB8, 0x79, 0xFF, 0xE8, 0x20, 0xD5, 0xF5, 0xED, 0x0B, 0xD1,
    0x32, 0xB1, 0x3B, 0xA1, 0xFE, 0xE1, 0x53, 0xF0, 0x2F, 0xF4, 0x26, 0x7B, 0x87, 0x62, 0xF6, 0xE1,
    0xC9, 0x02, 0xF6, 0x67, 0xD4, 0xEB, 0x39, 0xE0, 0xC1, 0xAB, 0x8B, 0x18, 0x33, 0x81, 0x8A, 0x61,
    0xEA, 0xB2, 0x9A, 0xEE, 0xC3, 0x7E, 0x0F, 0xD6, 0x9F, 0x8D, 0xDC, 0xA5, 0x2E, 0x86, 0xDA, 0xEE,
    0x93, 0x1B, 0xBF, 0x8D, 0x83, 0x24, 0x11, 0xEE, 0xCE, 0xC8, 0x73, 0xAA, 0xCA, 0x79, 0x95, 0xFD,
    0xE1, 0xDF, 0x94, 0xF5, 0xF0, 0x5F, 0xC0, 0xDF, 0xBF, 0xCF, 0x8C, 0xDE, 0xD2, 0x45, 0x81, 0xD4,
    0xBE, 0x31, 0x54, 0x77, 0x36, 0x91, 0x4E, 0xC5, 0xF9, 0x9C, 0xDB, 0xC7, 0xF4, 0xF4, 0x50, 0x2E,
    0x73, 0xB4, 0xCB, 0x33, 0xAF, 0xD3, 0x28, 0xD5, 0x9C, 0x79, 0x39, 0x66, 0x4E, 0x9A, 0x2A, 0x81,
    0xFB, 0xEE, 0x6C, 0xC3, 0x56, 0x81, 0x03, 0xF7, 0x0D, 0x38, 0x7F, 0xE0, 0x36, 0x83, 0xA5, 0xC1,
    0x39, 0xEC, 0x4F, 0x4E, 0xED, 0xBF, 0x75, 0xB7, 0xEE, 0x39, 0x95, 0x24, 0xA3, 0x0D, 0x93, 0x01,
    0xFC, 0x54, 0xC1, 0x55, 0xE4, 0xDC, 0xCB, 0x31, 0x9A, 0xBC, 0xA3, 0xAD, 0xBD, 0x49, 0x89, 0xFF,
    0x1F, 0x7C, 0x5D, 0x9B, 0x97, 0x45, 0x3F, 0xA1, 0x09, 0x7C, 0xC2, 0x0A, 0xCB, 0x8E, 0xAD, 0x50,
    0xB1, 0x32, 0xEA, 0xCF, 0x78, 0xCD, 0xBB, 0xD8, 0xBA, 0x37, 0xE9, 0x71, 0xE5, 0xD4, 0xAB, 0x49,
    0xD8, 0x49, 0x56, 0x81, 0x13, 0x23, 0xEB, 0x34, 0x0D, 0xE1, 0x55, 0x49, 0xB5, 0x56, 0x59, 0xD5,
    0x7A, 0x55, 0x54, 0x5B, 0xF4, 0x6C, 0x9F, 0x11, 0x90, 0x19, 0xD8, 0x5C, 0x64, 0x22, 0xF3, 0x32,
    0x97, 0x20, 0xB6, 0x6E, 0x41, 0xB6, 0x66, 0xFD, 0x5E, 0x42, 0x2D, 0x4A, 0x64, 0x6B, 0xDD, 0x19,
    0x6F, 0xA2, 0x0E, 0x18, 0x25, 0x3C, 0x7A, 0x89, 0xAD, 0xC7, 0xE8, 0xC7, 0xDA, 0x68, 0xA5, 0x8F,
    0xC2, 0x47, 0x16, 0xA2, 0xFB, 0x4F, 0xDE, 0x6D, 0x68, 0xD5, 0x49, 0xF2, 0xA3, 0x72, 0x6A, 0xB6,
    0x0D, 0xB9, 0xCD, 0x3A, 0x5C, 0x0D, 0x7D, 0x13, 0x76, 0x13, 0x5A, 0xF5, 0x0C, 0xEE, 0x50, 0x9C,
    0xE7, 0x3F, 0x48, 0x76, 0x8B, 0x24, 0x29, 0x06, 0xD5, 0x4B, 0xB8, 0x23, 0x07, 0x8B, 0xC2, 0x9F,
    0xF9, 0xF3, 0xDE, 0x50, 0x75, 0x8C, 0x81, 0xA2, 0x33, 0x5C, 0x3F, 0x46, 0x1C, 0x23, 0xF2, 0xCF,
    0x71, 0x6F, 0x60, 0x4C, 0x9A, 0x37, 0xC0, 0x4B, 0x80, 0x8D, 0xA5, 0x3B, 0x60, 0x61, 0x0A, 0x8C,
    0xEA, 0x2D, 0xE1, 0x87, 0xBD, 0x0E, 0x39, 0x44, 0x4B, 0xC8, 0xA2, 0xD1, 0xBA, 0x1C, 0xE2, 0x5A,
    0x15, 0x95, 0x7B, 0x3C, 0xB5, 0x93, 0x45, 0x67, 0x6D, 0xCF, 0x70, 0xD9, 0x58, 0x1C, 0x21, 0x1F,
    0xB4, 0x11, 0xFB, 0xE2, 0x99, 0xBE, 0x37, 0xE8, 0x9E, 0x5E, 0x07, 0x24, 0x41, 0x4E, 0x05, 0xDA,
    0xE7, 0xB8, 0xA7, 0x33, 0x04, 0x2B, 0x65, 0x14, 0x27, 0xA2, 0x0C, 0x0A, 0xDE, 0xA6, 0x57, 0xBF,
    0x63, 0xEE, 0xEA, 0x3D, 0x92, 0x72, 0xBF, 0x87, 0xC8, 0xD5, 0x48, 0xD2, 0xE1, 0x2D, 0x44, 0xF2,
    0x5C, 0x9B, 0x3B, 0x86, 0xE3, 0xCA, 0x7D, 0x44, 0x02, 0x89, 0x40, 0x69, 0x30, 0x13, 0xC6, 0x78,
    0x17, 0x4B, 0x8D, 0x3E, 0x7C, 0x50, 0xDF, 0x50, 0x67, 0x06, 0x63, 0x90, 0xE2, 0x65, 0x99, 0xA8,
    0x54, 0x17, 0x9E, 0xEA, 0xC7, 0xD5, 0x0F, 0x65, 0x83, 0x49, 0xB1, 0x5D, 0xE5, 0xA7, 0x7A, 0xC6,
    0x26, 0x3E, 0xC7, 0x37, 0x90, 0xB5, 0x11, 0x9D, 0x21, 0x8F, 0xEF, 0x7E, 0xAC, 0x7F, 0x22, 0x8E,
    0xB2, 0x2C, 0x09, 0x7B, 0xED, 0x9D, 0x96, 0xFE, 0xD7, 0x20, 0xA7, 0xA3, 0xBD, 0x3C, 0xCF, 0xA3,
    0x30, 0x4F, 0xDA, 0x1B, 0x3D, 0xEF, 0x67, 0xCA, 0xD9, 0xAF, 0x9C, 0x6F, 0x68, 0x6D, 0x5F, 0x1F,
    0x87, 0x3B, 0x01, 0x69, 0x5A, 0x55, 0x67, 0x3E, 0x5E, 0x98, 0x7D, 0x69, 0x9C, 0xB4, 0x77, 0x58,
    0xE8, 0xB8, 0xCF, 0xE6, 0xBD, 0xE1, 0xF3, 0x82, 0x9B, 0x62, 0x73, 0x36, 0xAA, 0x1D, 0xA5, 0xFF,
    0x58, 0xB2, 0xDE, 0xBB, 0x0C, 0x77, 0x7B, 0x7A, 0xFE, 0xF7, 0xC0, 0x35, 0x2A, 0x70, 0x36, 0xE3,
    0x9D, 0xBA, 0xD3, 0x2B, 0x9E, 0x6D, 0xA3, 0x5B, 0xA7, 0xBF, 0x1C, 0x01, 0xC1, 0x91, 0x16, 0x2F,
    0xE9, 0xE0, 0x74, 0x45, 0xF0, 0xFF, 0xE5, 0x12, 0xB6, 0xFF, 0xB2, 0xB6, 0xFB, 0x5F, 0x9D, 0x56,
    0x4D, 0x6C, 0xDC, 0x44, 0x14, 0xFE, 0x6C, 0x6F, 0xEC, 0xEC, 0xFA, 0x6F, 0x25, 0x12, 0xB1, 0x4D,
    0x4D, 0x12, 0x50, 0x90, 0x36, 0x95, 0x93, 0x75, 0x61, 0xA1, 0x56, 0x6B, 0x9A, 0x29, 0x48, 0x5C,
    0x38, 0xD0, 0x43, 0x5B, 0xF5, 0xB8, 0x52, 0x73, 0x40, 0xBD, 0x60, 0xA2, 0x48, 0x44, 0xA0, 0x74,
    0x87, 0x03, 0x48, 0xDC, 0x82, 0x90, 0x50, 0x6F, 0x2C, 0x05, 0x24, 0x68, 0x91, 0x70, 0x51, 0x84,
    0x7A, 0xA8, 0xC8, 0x50, 0x0E, 0x70, 0x41, 0x58, 0x3D, 0x20, 0x04, 0x07, 0x2C, 0x21, 0x44, 0x95,
    0x16, 0xB1, 0x88, 0x82, 0x4A, 0x48, 0x1B, 0xDE, 0x78, 0x93, 0xB6, 0xEA, 0x26, 0xB0, 0xC9, 0xF8,
    0x3D, 0x7B, 0xFC, 0xE6, 0xBD, 0x37, 0x6F, 0xDE, 0x7B, 0xF3, 0x66, 0xD0, 0x6E, 0x01, 0x8D, 0x56,
    0x2B, 0x49, 0xA8, 0xC3, 0x14, 0x51, 0x5C, 0xDC, 0xCB, 0x5E, 0x60, 0x9F, 0x60, 0x06, 0xB5, 0x69,
    0x33, 0x55, 0x41, 0x6D, 0x17, 0xF0, 0x2E, 0xC7, 0xE7, 0x4C, 0x15, 0xD0, 0x04, 0x76, 0x5F, 0x81,
    0xC6, 0xA1, 0x31, 0x68, 0xE0, 0x2E, 0x13, 0x8F, 0xDF, 0xE2, 0xE5, 0x71, 0x62, 0xDA, 0xB7, 0x3C,
    0xE1, 0x07, 0x76, 0x50, 0x0A, 0xEC, 0x09, 0x7F, 0xDF, 0x32, 0xB0, 0x64, 0x64, 0x13, 0x2A, 0x77,
    0x35, 0x18, 0xAF, 0x43, 0xFD, 0x0E, 0x7D, 0x7F, 0x4A, 0x28, 0xAD, 0x00, 0x09, 0xD0, 0x86, 0x7A,
    0x53, 0x2A, 0x1E, 0x8D, 0xF3, 0x46, 0xF3, 0x77, 0x3A, 0x0D, 0x95, 0xF7, 0xF3, 0x2A, 0x22, 0xBC,
    0x8D, 0x37, 0x45, 0x92, 0x45, 0xB1, 0x13, 0x68, 0x2D, 0x25, 0x85, 0xD8, 0x8F, 0x0A, 0xCE, 0xF0,
    0x33, 0x1C, 0xCF, 0xC1, 0x78, 0x92, 0x57, 0x0A, 0x41, 0xF0, 0xCB, 0xC0, 0x43, 0xDC, 0x3A, 0xC1,
    0xAC, 0x13, 0xDC, 0x0A, 0x2E, 0x57, 0x2A, 0xD5, 0xA0, 0xA4, 0x08, 0x7C, 0x88, 0x21, 0xDC, 0x87,
    0xFB, 0xB1, 0x0F, 0x0F, 0xB3, 0x41, 0x0C, 0x02, 0x87, 0x0C, 0xDB, 0x9F, 0xFD, 0x3D, 0x8B, 0x66,
    0x0D, 0x5B, 0x51, 0x87, 0xCE, 0xF2, 0xA9, 0x35, 0x01, 0xDC, 0x0D, 0x4C, 0x6A, 0x7C, 0x5A, 0x54,
    0x8E, 0x04, 0xC1, 0x0F, 0x03, 0xA3, 0x5F, 0x5A, 0x8D, 0x6B, 0x56, 0xE3, 0x6B, 0x6B, 0xEF, 0x4F,
    0xC7, 0x2B, 0x58, 0xD7, 0x08, 0x34, 0xD9, 0x24, 0xCE, 0xB0, 0x37, 0xF8, 0x01, 0x14, 0xA4, 0xD1,
    0x58, 0x58, 0x07, 0xA9, 0xAC, 0x75, 0xE7, 0x77, 0xCF, 0x59, 0x3E, 0x78, 0x94, 0x15, 0xD0, 0x24,
    0xC7, 0xE8, 0xE8, 0xC7, 0x01, 0x76, 0x14, 0x85, 0x93, 0xFA, 0xA4, 0x76, 0x6C, 0xCC, 0xAB, 0x37,
    0x90, 0xC4, 0xF2, 0x69, 0x25, 0xAD, 0xEC, 0xFC, 0x5F, 0x1F, 0x4F, 0xF2, 0x02, 0x07, 0x27, 0xE9,
    0x00, 0xCA, 0x52, 0xEA, 0xAE, 0x62, 0x2A, 0x87, 0xE6, 0x46, 0x67, 0x64, 0x15, 0xEA, 0x2A, 0x48,
    0x49, 0x07, 0xD4, 0x2B, 0xD0, 0x4F, 0x43, 0xB7, 0xA0, 0xB6, 0x30, 0x1A, 0x92, 0xDF, 0xE6, 0xAC,
    0xE3, 0x87, 0x11, 0x79, 0x9E, 0xE7, 0x0F, 0x0E, 0x61, 0x86, 0xBF, 0x23, 0x66, 0xD8, 0x2E, 0x0C,
    0xD2, 0x9A, 0x0F, 0xA1, 0x91, 0xFA, 0xA1, 0xF9, 0xEC, 0x44, 0x18, 0xA7, 0xAF, 0xE4, 0xD6, 0x22,
    0x88, 0xB0, 0xE0, 0x29, 0xC2, 0xD3, 0xE0, 0x95, 0xE0, 0x5B, 0x18, 0xAC, 0xC7, 0x68, 0x24, 0xB8,
    0x14, 0xAB, 0xCF, 0xDC, 0x30, 0x10, 0x5B, 0x28, 0x03, 0x9B, 0x72, 0x96, 0x07, 0x1F, 0x5B, 0x45,
    0xC3, 0x82, 0x18, 0x50, 0xD9, 0xA8, 0x81, 0x5F, 0x2D, 0xE5, 0x48, 0x87, 0xAF, 0x80, 0xC6, 0x49,
    0x08, 0x5D, 0x65, 0x93, 0x06, 0x34, 0x0B, 0xC7, 0xAA, 0x18, 0x0B, 0x52, 0x5C, 0x4A, 0x95, 0x57,
    0x17, 0x34, 0xA7, 0x5D, 0xC4, 0x42, 0x85, 0xFC, 0x2A, 0x9B, 0x0B, 0x87, 0xDE, 0x7D, 0x28, 0x61,
    0x9E, 0x62, 0x2E, 0x68, 0xC5, 0xFB, 0x89, 0x46, 0x8D, 0xD6, 0x00, 0x8B, 0x50, 0x21, 0x2C, 0xE5,
    0x8C, 0xC0, 0x6E, 0x92, 0x79, 0x94, 0x03, 0x0F, 0x52, 0x58, 0x16, 0x52, 0x60, 0x39, 0x83, 0xC2,
    0x63, 0x4A, 0xB4, 0x3A, 0x0C, 0x4A, 0x89, 0x9A, 0x58, 0xEA, 0x28, 0xA5, 0x2C, 0x24, 0x0F, 0x23,
    0x0F, 0xC6, 0x76, 0x65, 0x25, 0x7F, 0x4D, 0xE0, 0x76, 0x7F, 0x3B, 0xB2, 0x18, 0xED, 0xC8, 0x96,
    0x77, 0x20, 0x2B, 0x65, 0x66, 0x33, 0xFA, 0xB2, 0x1D, 0xCC, 0x4B, 0x6D, 0x88, 0xBA, 0x7B, 0x98,
    0x74, 0xE5, 0xF6, 0xE5, 0xCD, 0x95, 0x45, 0xA8, 0x6D, 0x4A, 0x22, 0xDA, 0x78, 0xFD, 0x84, 0x15,
    0xC2, 0xFD, 0x2B, 0x29, 0xDE, 0x4F, 0x16, 0x20, 0x12, 0xA8, 0x2C, 0x21, 0xFE, 0xA4, 0xBF, 0x76,
    0xE9, 0xD6, 0xC5, 0x8D, 0xE9, 0xCE, 0x5E, 0x37, 0x98, 0xF7, 0x00, 0xAC, 0x28, 0x8F, 0xD4, 0x5C,
    0xFE, 0xA6, 0xFE, 0x24, 0x0A, 0x26, 0xF3, 0x94, 0x9F, 0x17, 0x61, 0x03, 0x13, 0xA4, 0x99, 0x8C,
    0x02, 0xC6, 0x64, 0x39, 0x40, 0xEE, 0x98, 0xDA, 0x39, 0xE6, 0x2A, 0xDC, 0xCC, 0x47, 0xCC, 0x7E,
    0x98, 0x1F, 0xC1, 0x2C, 0xA0, 0xF3, 0xEB, 0x42, 0xD4, 0xAE, 0x72, 0xA9, 0xDC, 0xA7, 0x44, 0x93,
    0x1B, 0xAF, 0x27, 0xE6, 0x16, 0xB4, 0x55, 0xF9, 0xED, 0x89, 0x99, 0x7E, 0x6D, 0x28, 0x85, 0x9E,
    0x98, 0xEB, 0xF0, 0x28, 0xFB, 0x9A, 0xDC, 0xC1, 0xBD, 0x4F, 0x93, 0xCB, 0x1C, 0x33, 0x28, 0xBF,
    0xB6, 0x1A, 0x2D, 0xE2, 0x00, 0x67, 0x6C, 0xAB, 0x51, 0xB0, 0xF3, 0x69, 0x79, 0xCB, 0xD1, 0xE6,
    0x39, 0x1A, 0xB8, 0xE0, 0x60, 0xC2, 0x81, 0x4B, 0x50, 0x7B, 0xCF, 0xCC, 0x3B, 0x8E, 0x03, 0xDF,
    0xC1, 0xEC, 0xFA, 0x42, 0x0A, 0x87, 0x81, 0xA9, 0x4E, 0x9A, 0x7E, 0x86, 0x1A, 0x77, 0xB9, 0x0E,
    0x37, 0xD5, 0x61, 0xB5, 0x09, 0x23, 0xC2, 0x11, 0x42, 0xF3, 0x35, 0x58, 0xEA, 0xB7, 0xB4, 0x8B,
    0x56, 0x08, 0x0F, 0x62, 0x8A, 0x39, 0x1D, 0x17, 0x50, 0x74, 0xAB, 0x72, 0x73, 0x28, 0x6B, 0xC2,
    0xC4, 0xA2, 0x07, 0x3F, 0x84, 0x5B, 0x87, 0x3B, 0x0B, 0x77, 0x0E, 0x6E, 0x04, 0xC7, 0x87, 0xE5,
    0x22, 0x54, 0x97, 0x53, 0xB9, 0x81, 0x28, 0x72, 0xA5, 0x9E, 0x99, 0x69, 0xC3, 0xBE, 0xCC, 0xC0,
    0x58, 0x4F, 0xCC, 0x14, 0x60, 0x5A, 0x2E, 0xEB, 0x4D, 0x33, 0xB5, 0x3F, 0x44, 0x8F, 0x9A, 0xCB,
    0x85, 0xD0, 0x77, 0x12, 0x4D, 0x98, 0x99, 0x1F, 0x06, 0x79, 0x0D, 0x59, 0xFB, 0xC2, 0xC4, 0x45,
    0x0F, 0x51, 0x88, 0x1F, 0xEB, 0x9A, 0x3B, 0x6B, 0xB9, 0x73, 0x81, 0x1B, 0x09, 0xA7, 0x46, 0x7E,
    0x42, 0xF8, 0x48, 0x67, 0x06, 0xF2, 0x8A, 0x74, 0x8B, 0xEC, 0x36, 0xC9, 0x5B, 0xDE, 0xED, 0xC7,
    0xBA, 0x0B, 0xFB, 0x09, 0x2B, 0x14, 0xA7, 0x31, 0x98, 0x2C, 0x86, 0xFA, 0x0F, 0xC5, 0x62, 0x00,
    0xB9, 0x93, 0xF2, 0x4D, 0xB7, 0x13, 0x59, 0x69, 0x20, 0x39, 0x8D, 0xD6, 0xB6, 0x7D, 0xD9, 0x75,
    0xB7, 0xEC, 0x48, 0xD6, 0x96, 0x19, 0x2E, 0xD3, 0xE7, 0xAE, 0x53, 0x58, 0xFB, 0x4A, 0x9E, 0xBC,
    0x12, 0x92, 0x8D, 0x53, 0xF8, 0xEF, 0x7C, 0x6F, 0x71, 0x59, 0x4F, 0xDC, 0x0F, 0xE0, 0x9A, 0x70,
    0x34, 0xEE, 0x68, 0x42, 0xBE, 0x4D, 0x49, 0xA1, 0x9C, 0x7A, 0x3E, 0xCF, 0x48, 0xE5, 0x42, 0x9F,
    0x6D, 0x95, 0x3C, 0xDB, 0xAF, 0x44, 0x2D, 0xBF, 0xED, 0xCF, 0xF9, 0xC3, 0xBE, 0xE1, 0x3F, 0x35,
    0xBF, 0x8A, 0x72, 0x95, 0xCC, 0xD0, 0xE5, 0xD6, 0x13, 0x81, 0x28, 0x0B, 0x45, 0x8C, 0x8B, 0x58,
    0x1C, 0xBC, 0x4E, 0x84, 0x54, 0x15, 0xDA, 0x26, 0x74, 0x95, 0x0C, 0xED, 0x17, 0x9B, 0xF0, 0x43,
    0x6F, 0xD4, 0x36, 0xA1, 0x57, 0xB3, 0x30, 0xEB, 0xA6, 0xEA, 0xCC, 0x12, 0x25, 0xD6, 0x4D, 0x37,
    0xAF, 0xB2, 0xE0, 0xB2, 0x28, 0x7F, 0xCF, 0x94, 0x0C, 0xE3, 0x29, 0xE2, 0x94, 0x1D, 0x5C, 0x93,
    0x91, 0x2B, 0x65, 0x63, 0xA3, 0x01, 0x2D, 0x3A, 0x41, 0x58, 0x1E, 0xC9, 0x34, 0xB2, 0x41, 0x11,
    0x3A, 0x2B, 0x92, 0xF3, 0x9C, 0xFC, 0x30, 0x29, 0xA5, 0x41, 0xF0, 0x52, 0xD2, 0xCA, 0xC7, 0x6B,
    0x99, 0x22, 0x0B, 0x8F, 0x50, 0x59, 0x37, 0x5D, 0x85, 0x21, 0xAC, 0x85, 0x6E, 0xBA, 0x17, 0x7B,
    0x49, 0x37, 0xB5, 0x4E, 0xC5, 0xAE, 0x48, 0x65, 0x86, 0x7C, 0x49, 0xD8, 0x79, 0x46, 0x98, 0x3C,
    0xBE, 0x1C, 0x9A, 0x59, 0x96, 0xC2, 0x88, 0xB0, 0xF3, 0xCC, 0xD3, 0xFF, 0x40, 0xF4, 0xD6, 0x21,
    0x3F, 0xF2, 0xA9, 0xCD, 0xA3, 0x2E, 0xEA, 0xD2, 0x1B, 0xF7, 0x48, 0x8E, 0x43, 0xBB, 0xA6, 0xB4,
    0x9D, 0x10, 0x7E, 0xE9, 0x66, 0x38, 0x1C, 0x3B, 0x89, 0x93, 0xD8, 0x73, 0xDE, 0x70, 0xAC, 0xE4,
    0x41, 0x3A, 0x0D, 0xB3, 0x2D, 0xD3, 0x74, 0xE2, 0x06, 0x5D, 0x0E, 0xE0, 0xDB, 0x77, 0x60, 0xBE,
    0x26, 0x19, 0x8A, 0x54, 0xE9, 0x55, 0x8A, 0xA7, 0x9E, 0x54, 0xFD, 0xC0, 0x49, 0xDC, 0xD8, 0x09,
    0xAD, 0xE1, 0x69, 0x45, 0x16, 0xE4, 0x44, 0x56, 0xF0, 0x2E, 0x3A, 0xD7, 0x84, 0x1E, 0x6C, 0x42,
    0x87, 0x3A, 0xED, 0x66, 0xDD, 0x74, 0xBB, 0x6E, 0xD7, 0xBB, 0xA9, 0x4A, 0xBE, 0x83, 0x96, 0x6E,
    0x91, 0x14, 0xD3, 0xB8, 0xFE, 0x29, 0x8D, 0x9E, 0x3A, 0xFF, 0xCD, 0x8B, 0x4E, 0x64, 0x9D, 0xA2,
    0xD1, 0x22, 0xC8, 0xA8, 0xDC, 0x2A, 0x3A, 0x69, 0x9E, 0x40, 0x68, 0xA3, 0xBA, 0x01, 0x64, 0xF7,
    0xC8, 0x6F, 0x4C, 0x4E, 0x17, 0xE4, 0x09, 0x2B, 0xFE, 0x93, 0x87, 0xCB, 0xCB, 0xA9, 0x3E, 0x2A,
    0xCF, 0xA1, 0xAD, 0x78, 0xC8, 0x3A, 0xBB, 0xFE, 0x3F, 0x13, 0x65, 0x74, 0xEB, 0xC3, 0xC5, 0x30,
    0xAC, 0xD3, 0x6D, 0xF6, 0xB0, 0xC9, 0x0D, 0xAE, 0x51, 0xD0, 0xFB, 0x28, 0xC9, 0x2F, 0x50, 0x4E,
    0x54, 0xF2, 0xA3, 0xB0, 0xBA, 0x01, 0xE3, 0x37, 0x64, 0xD5, 0xAE, 0x9A, 0xA8, 0x1A, 0xF2, 0x4D,
    0x6A, 0x26, 0xA7, 0x51, 0x65, 0x77, 0x18, 0x28, 0xA8, 0x16, 0x5D, 0x8A, 0xB7, 0x56, 0xF8, 0x2F,
    0x9D, 0x57, 0xCF, 0x6F, 0x1B, 0xC7, 0x15, 0xFE, 0x76, 0x97, 0x3F, 0xB5, 0xCB, 0x5D, 0x16, 0x68,
    0x03, 0x35, 0xA1, 0x45, 0x16, 0x50, 0x00, 0x3A, 0x5D, 0x9A, 0x0B, 0x44, 0x87, 0xAD, 0xBD, 0x92,
    0x07, 0xE9, 0xB1, 0x17, 0x5D, 0x0A, 0xF4, 0x54, 0xF0, 0xE0, 0x5E, 0x5B, 0x02, 0x15, 0x10, 0x21,
    0x30, 0xCD, 0x49, 0x0C, 0x34, 0x08, 0x72, 0x28, 0xFF, 0x04, 0x1D, 0x72, 0x08, 0x22, 0x27, 0xE1,
    0x41, 0x05, 0x04, 0x47, 0x75, 0x06, 0x39, 0xB5, 0x40, 0x0E, 0x8B, 0x1E, 0x0A, 0x14, 0xBD, 0x30,
    0x40, 0x0A, 0x14, 0x69, 0xD1, 0x0A, 0x85, 0x0F, 0x4A, 0xDA, 0xC8, 0xFD, 0x66, 0x56, 0x92, 0x6D,
    0x6A, 0x29, 0xAF, 0xBC, 0x33, 0xB3, 0x5C, 0x92, 0xF3, 0xBE, 0x79, 0xF3, 0xE6, 0xBD, 0xEF, 0xBD,
    0xC5, 0x78, 0x06, 0x73, 0x2D, 0x71, 0x04, 0x1C, 0x2F, 0x09, 0xE0, 0x55, 0x09, 0xFC, 0x40, 0x01,
    0x93, 0x14, 0xF8, 0x6A, 0x06, 0x4B, 0x0E, 0xE1, 0x88, 0x35, 0x54, 0x91, 0xA0, 0xAF, 0x3E, 0x15,
    0x99, 0x40, 0x9F, 0x7F, 0xBA, 0x2A, 0x52, 0x4D, 0x65, 0xA9, 0xAB, 0x6A, 0xA8, 0x36, 0x1E, 0xF2,
    0xC7, 0x66, 0x13, 0xB8, 0xAE, 0x32, 0xB4, 0x4B, 0x23, 0xAE, 0xCA, 0x40, 0xE6, 0x60, 0x5E, 0x5A,
    0xBB, 0x0E, 0x27, 0xF2, 0x3F, 0x8B, 0x73, 0xAC, 0x6F, 0xF8, 0xBC, 0x3F, 0x8F, 0x39, 0x80, 0xB2,
    0x95, 0xFD, 0x25, 0x0E, 0xE1, 0x48, 0x0D, 0x5D, 0x02, 0x3E, 0x78, 0x58, 0x15, 0xAD, 0x2B, 0xF0,
    0x12, 0x20, 0x06, 0xB6, 0xCD, 0x9D, 0xCF, 0xD7, 0x50, 0x72, 0x45, 0xCB, 0xFA, 0xDB, 0x1E, 0xCA,
    0xC0, 0x10, 0x33, 0x8B, 0x6B, 0x2F, 0xCD, 0x56, 0x3B, 0x11, 0xA6, 0x6C, 0x71, 0xB3, 0x3D, 0xB3,
    0x80, 0x3A, 0x70, 0x43, 0x42, 0x88, 0x22, 0x20, 0x96, 0x70, 0x54, 0x7D, 0x50, 0x6A, 0x9E, 0x03,
    0xA1, 0x0E, 0x7E, 0x61, 0x4D, 0xE0, 0x28, 0x0B, 0x39, 0x9A, 0x6C, 0x4A, 0xF4, 0x8B, 0x82, 0xD4,
    0x3A, 0x95, 0x89, 0xA3, 0x72, 0x40, 0xDE, 0x12, 0xB8, 0xA3, 0x6D, 0x3E, 0xDE, 0x95, 0x3E, 0xF6,
    0x7D, 0xF4, 0x7C, 0x04, 0xA6, 0xBB, 0xE6, 0xEE, 0xFB, 0x08, 0x7D, 0x6C, 0xF5, 0xFF, 0x21, 0xF5,
    0xA4, 0x65, 0x89, 0x50, 0xC1, 0x63, 0x07, 0xFB, 0xD2, 0xFF, 0xB0, 0x1A, 0x22, 0xF2, 0x30, 0xF5,
    0x30, 0xF4, 0x10, 0xB7, 0xD0, 0xFE, 0x17, 0xAC, 0x73, 0x50, 0xFD, 0xF7, 0x72, 0xA1, 0x80, 0x10,
    0xD6, 0x47, 0xE2, 0x0C, 0xAA, 0x3B, 0x07, 0xF5, 0x91, 0x86, 0xAA, 0x1E, 0x1B, 0xE7, 0xDB, 0x15,
    0x81, 0x25, 0x5D, 0x7A, 0x0B, 0x7B, 0x0D, 0xEE, 0x3D, 0xB8, 0x25, 0x64, 0x5F, 0x03, 0xA8, 0x13,
    0x40, 0xB4, 0xE9, 0xDB, 0x4B, 0x69, 0x14, 0xBD, 0x31, 0xDD, 0x31, 0xDB, 0xEB, 0x67, 0x86, 0x76,
    0xEE, 0x01, 0x3B, 0x05, 0x21, 0x6A, 0x03, 0x57, 0xE5, 0x80, 0x6C, 0x82, 0xCE, 0xC3, 0x7B, 0x11,
    0x10, 0x8B, 0x5E, 0x66, 0x4E, 0x6B, 0x0E, 0xE4, 0xD9, 0xB2, 0x35, 0x20, 0x02, 0xE7, 0xE3, 0xBE,
    0xE0, 0xD1, 0x19, 0xF9, 0x9D, 0x13, 0xF9, 0xD4, 0x16, 0x0E, 0x5D, 0xD7, 0xDD, 0x74, 0x54, 0xA5,
    0x06, 0xEB, 0x61, 0x51, 0xA3, 0xD4, 0x9A, 0x75, 0xA5, 0xD5, 0x39, 0xB7, 0xA3, 0x25, 0xE3, 0xC4,
    0x10, 0xF8, 0x84, 0xAE, 0xD3, 0xBD, 0x82, 0xDA, 0x99, 0xEB, 0x6C, 0x5B, 0xDF, 0x26, 0x88, 0x43,
    0xC4, 0x01, 0x62, 0x9B, 0x01, 0x57, 0x82, 0x8D, 0xAA, 0xE4, 0x91, 0xE3, 0xC5, 0xBF, 0x47, 0x5B,
    0xC3, 0x28, 0x1A, 0x5E, 0x53, 0x2F, 0xE3, 0x8E, 0xB8, 0x76, 0x34, 0xF4, 0x66, 0xDE, 0x61, 0xA7,
    0x6F, 0x62, 0xE1, 0x86, 0xD2, 0x90, 0x05, 0xC0, 0xA8, 0xD3, 0x66, 0x70, 0x11, 0x58, 0xD9, 0x84,
    0x7E, 0xB9, 0x10, 0x98, 0x45, 0xCD, 0xB4, 0xAD, 0x17, 0x82, 0xA1, 0x98, 0x4E, 0x57, 0x8C, 0xD5,
    0x2A, 0x26, 0x96, 0x44, 0x85, 0x3B, 0xA9, 0xCA, 0x0B, 0x40, 0x49, 0x00, 0x99, 0xF1, 0x04, 0xFA,
    0x72, 0x2C, 0xE8, 0xD8, 0x4F, 0xB5, 0xE0, 0xD1, 0x31, 0xE6, 0x7F, 0xD3, 0xF3, 0x8C, 0x7F, 0x01,
    0x37, 0x85, 0x36, 0x7B, 0xC5, 0xC4, 0xFF, 0xD2, 0x59, 0x1F, 0xC1, 0x75, 0xB1, 0xE4, 0x3C, 0xEE,
    0xED, 0x9F, 0x68, 0xED, 0x4F, 0xF1, 0x57, 0x7E, 0xFA, 0x73, 0xF4, 0x3F, 0xF8, 0x58, 0x3C, 0x0B,
    0x7F, 0xD9, 0xC4, 0x7D, 0x08, 0xDC, 0x91, 0xFA, 0x1E, 0xBE, 0x87, 0xDE, 0x6D, 0x84, 0x1E, 0xC2,
    0xC6, 0x49, 0x1F, 0xF5, 0xF5, 0xB4, 0xD2, 0xE6, 0x4D, 0x1E, 0xC1, 0x58, 0xFA, 0xE7, 0x80, 0xC6,
    0xC6, 0x66, 0xF5, 0x89, 0xB6, 0x9D, 0xCB, 0x83, 0x70, 0x4F, 0x5A, 0x9B, 0xF0, 0x9F, 0xA6, 0x17,
    0xC9, 0x3C, 0x82, 0x5E, 0x38, 0xE1, 0xC8, 0xDA, 0x08, 0xDA, 0x42, 0x37, 0x54, 0x7D, 0xB1, 0xCC,
    0x5B, 0x23, 0x84, 0x49, 0xC8, 0x6B, 0xB4, 0x60, 0x4E, 0x05, 0x2D, 0x22, 0x6E, 0xA8, 0x40, 0x20,
    0x29, 0x9D, 0xCE, 0x5D, 0x8E, 0x76, 0x7E, 0xC7, 0x6F, 0x01, 0x0F, 0x6B, 0x21, 0xF2, 0x19, 0xEC,
    0xDB, 0x0F, 0x7D, 0x2B, 0xF5, 0xA1, 0x72, 0xFB, 0x58, 0xD2, 0x0A, 0x8A, 0x29, 0x05, 0xF7, 0x81,
    0xEF, 0x52, 0x2C, 0x49, 0x4A, 0xCC, 0x68, 0x61, 0x98, 0x24, 0x61, 0x37, 0x6B, 0xA3, 0x2E, 0xBA,
    0xF4, 0x9B, 0x88, 0x49, 0x44, 0x62, 0xE2, 0xEC, 0x97, 0x4A, 0xCE, 0x11, 0x66, 0x39, 0x2D, 0x85,
    0xDA, 0xA0, 0x46, 0x65, 0xEA, 0xF5, 0xB2, 0x6C, 0x8A, 0x27, 0x6D, 0xC7, 0x83, 0xA5, 0x5E, 0x1E,
    0xF7, 0xD2, 0xC1, 0xCD, 0xBB, 0x47, 0xBE, 0x2D, 0xFD, 0x3A, 0xFC, 0x55, 0xF8, 0x13, 0x04, 0x33,
    0xF8, 0x7B, 0xF0, 0x7B, 0xF0, 0x03, 0x11, 0x38, 0x69, 0xFF, 0xEE, 0x91, 0x36, 0x25, 0xFD, 0xB4,
    0xA5, 0x49, 0x91, 0xF3, 0x97, 0xF9, 0xA5, 0x9B, 0xB5, 0xB8, 0x3B, 0xB8, 0x2A, 0xFA, 0x78, 0x45,
    0x75, 0xA7, 0x23, 0x32, 0x36, 0xC3, 0x5A, 0x31, 0xB1, 0xE9, 0xF9, 0xE1, 0x8F, 0x90, 0x0C, 0xD0,
    0xA3, 0x3B, 0x0A, 0xF4, 0x14, 0xC2, 0x29, 0x46, 0x86, 0xD2, 0x39, 0xC1, 0x11, 0xDA, 0xA7, 0x99,
    0xBC, 0x7D, 0xE4, 0xF6, 0xA6, 0x8F, 0xC9, 0x78, 0x57, 0xE9, 0xC9, 0xFD, 0xC1, 0x72, 0xDC, 0x3D,
    0xBD, 0x46, 0x85, 0x64, 0x34, 0x2B, 0x6E, 0x19, 0xD6, 0x12, 0x78, 0x4A, 0x38, 0x69, 0x79, 0xCD,
    0xFE, 0x9F, 0xE0, 0x57, 0xE1, 0xDB, 0x17, 0x01, 0x2C, 0xCB, 0xEB, 0xF2, 0xAA, 0xE8, 0xE2, 0xE9,
    0x36, 0xC2, 0x9C, 0xCA, 0x8E, 0xF2, 0xAD, 0x3C, 0xE9, 0xC7, 0xC6, 0x99, 0x74, 0x67, 0x0B, 0xA5,
    0x6F, 0x81, 0x85, 0xC6, 0x2F, 0x73, 0xA4, 0x13, 0x9A, 0x59, 0xB7, 0x15, 0xDC, 0x3E, 0x79, 0x6A,
    0x61, 0x03, 0x26, 0xDF, 0x32, 0xF3, 0xC0, 0xD0, 0xC1, 0x03, 0xC6, 0x56, 0x40, 0x47, 0x0C, 0xD2,
    0x0A, 0xBC, 0x43, 0x8E, 0x84, 0xA3, 0xCD, 0xE1, 0xFE, 0x06, 0x9E, 0xFD, 0x67, 0x9E, 0xD2, 0x37,
    0x1C, 0x1B, 0x0C, 0x6B, 0x3F, 0xAB, 0x5D, 0xBA, 0xBA, 0x72, 0x80, 0xB1, 0x4E, 0xEF, 0x88, 0x86,
    0x78, 0x1C, 0x7B, 0x67, 0xE1, 0x77, 0x69, 0xCC, 0x15, 0x18, 0x82, 0x82, 0x9D, 0x51, 0xC8, 0x05,
    0xD0, 0x36, 0x17, 0x66, 0x1A, 0x9C, 0xE8, 0x13, 0xD1, 0xF5, 0x81, 0x2E, 0x10, 0x9E, 0x67, 0x1B,
    0x56, 0x13, 0xCE, 0x10, 0x56, 0xAA, 0x71, 0x16, 0xAD, 0x95, 0x18, 0xE2, 0xAC, 0x1B, 0xD6, 0x61,
    0xD8, 0x58, 0x7F, 0x55, 0x76, 0x3A, 0x83, 0x9A, 0x9E, 0x75, 0xFB, 0x0B, 0x9D, 0xA8, 0xC6, 0x66,
    0xE9, 0x3A, 0xDC, 0xB4, 0x8E, 0xFA, 0x61, 0x9D, 0x4C, 0xCC, 0xD1, 0xAE, 0x73, 0xE9, 0x77, 0xE0,
    0x39, 0x7F, 0xE1, 0xB2, 0xDF, 0x72, 0xAC, 0x73, 0x69, 0xA2, 0xA1, 0x01, 0xE3, 0xF9, 0x38, 0xE0,
    0x38, 0x2D, 0x07, 0x7B, 0x47, 0xEB, 0xAD, 0xB0, 0x91, 0xB5, 0x51, 0x83, 0x53, 0x3C, 0xB6, 0x9F,
    0x31, 0xA9, 0x3F, 0x32, 0x8E, 0xFB, 0x48, 0xB9, 0xD8, 0xA3, 0x82, 0x31, 0x82, 0x35, 0x04, 0x5B,
    0x08, 0xB6, 0x11, 0x24, 0xF0, 0x43, 0x78, 0x86, 0xE1, 0x53, 0x93, 0x75, 0x5C, 0xBA, 0x6A, 0x65,
    0xDA, 0x0D, 0x23, 0x7F, 0x1A, 0x0C, 0xFD, 0xD8, 0x5B, 0xB9, 0x65, 0x19, 0x06, 0xFF, 0x44, 0xE2,
    0xFB, 0x05, 0x21, 0x6A, 0x1D, 0x67, 0x96, 0x03, 0xD2, 0x98, 0xE1, 0xBA, 0xC4, 0x77, 0x8A, 0x81,
    0x7C, 0x6E, 0xDF, 0x73, 0xA2, 0x1C, 0x10, 0xB3, 0x8F, 0xE3, 0x7D, 0x17, 0xD3, 0x5A, 0x8B, 0xFE,
    0x13, 0x67, 0xA3, 0xB3, 0x8D, 0x3B, 0xB3, 0x6D, 0x7E, 0x26, 0xFC, 0x1E, 0x72, 0x04, 0x18, 0xD6,
    0xED, 0xAF, 0x8E, 0x0F, 0x34, 0x54, 0x65, 0xFA, 0x21, 0xBA, 0x7D, 0x07, 0x51, 0xB0, 0x8B, 0x29,
    0x53, 0xE6, 0x90, 0x23, 0x0E, 0xDE, 0xC4, 0xCA, 0x2F, 0x8E, 0x99, 0x18, 0x9B, 0x86, 0x46, 0xA6,
    0xFA, 0xFC, 0xFA, 0x1F, 0xC2, 0x77, 0x19, 0x44, 0x42, 0x77, 0x12, 0xD3, 0x81, 0xD6, 0x89, 0xC5,
    0x98, 0x5F, 0x15, 0xBE, 0x9D, 0xFE, 0x4A, 0x92, 0xFC, 0xBE, 0xA7, 0x4B, 0x64, 0x87, 0x4A, 0x5C,
    0x4B, 0xD7, 0xE5, 0x29, 0x83, 0xEB, 0x50, 0x28, 0x24, 0x9B, 0x39, 0x82, 0x97, 0x71, 0xE8, 0x3C,
    0x42, 0xC2, 0xFF, 0x3C, 0xAA, 0x53, 0xAE, 0xC1, 0x3E, 0x2C, 0xAA, 0x4E, 0x53, 0xFA, 0xBA, 0xB2,
    0x39, 0x07, 0xC6, 0x3D, 0xED, 0x40, 0x2C, 0xED, 0xC7, 0xAD, 0xB5, 0x12, 0xEB, 0x7F, 0x51, 0x9D,
    0x81, 0xCE, 0xB9, 0x19, 0x0E, 0xC3, 0xF5, 0xA9, 0x45, 0xBE, 0x73, 0xE8, 0xE2, 0xC0, 0x0F, 0x45,
    0x24, 0xD7, 0xE8, 0xF9, 0x8E, 0x7A, 0x53, 0xBD, 0x2E, 0x68, 0x2A, 0x55, 0xDD, 0x2B, 0x95, 0x16,
    0x49, 0x9D, 0x52, 0xF6, 0x39, 0x29, 0xE4, 0x4B, 0xB0, 0x14, 0x23, 0xF5, 0x96, 0x55, 0x65, 0x6E,
    0x1D, 0x8F, 0x61, 0xEA, 0xE0, 0x05, 0x1A, 0xA1, 0xBE, 0xEC, 0x1C, 0x2E, 0xD6, 0xB2, 0x23, 0x5F,
    0x12, 0x41, 0x8E, 0x96, 0xFA, 0x5D, 0xEA, 0xC1, 0xC1, 0x64, 0xCD, 0xC3, 0x1A, 0x72, 0xBB, 0x75,
    0x6C, 0x5E, 0x76, 0xF6, 0x4C, 0x82, 0x7F, 0x5F, 0x07, 0x79, 0x0D, 0x37, 0x55, 0x72, 0x42, 0x7B,
    0x21, 0xDA, 0x0C, 0xB2, 0x80, 0x2A, 0x54, 0xF8, 0xBB, 0xF5, 0x9A, 0x0E, 0x21, 0xBE, 0x9F, 0x3D,
    0x1B, 0x92, 0x17, 0xF7, 0x63, 0xC9, 0x79, 0x30, 0x9C, 0xD3, 0x68, 0x0B, 0x36, 0x4B, 0xD3, 0x73,
    0xE2, 0x5A, 0xD0, 0x1C, 0x90, 0xD0, 0xF7, 0xC0, 0xBC, 0xAB, 0x08, 0x98, 0x44, 0xAC, 0x3F, 0x78,
    0x70, 0xAD, 0xB3, 0xE6, 0x3D, 0x31, 0x6A, 0x1C, 0xCB, 0xA4, 0xE4, 0x55, 0xB8, 0x62, 0x08, 0xFB,
    0xBF, 0x32, 0x73, 0x20, 0x92, 0xD8, 0x2D, 0x9D, 0x18, 0x79, 0x6D, 0xAF, 0x23, 0x6E, 0xA0, 0x7B,
    0xDA, 0xC9, 0x3C, 0xED, 0x7F, 0x0B, 0x0D, 0x6F, 0x02, 0xFF, 0xB9, 0xB0, 0x35, 0x0F, 0x5C, 0x00,
    0x4C, 0x46, 0xD0, 0x94, 0x40, 0x4E, 0x78, 0x1E, 0xF0, 0x5A, 0x07, 0xCE, 0xC5, 0x8A, 0xEB, 0xEB,
    0x15, 0x8E, 0x57, 0x33, 0x5A, 0xBE, 0xEC, 0x1A, 0xB6, 0x84, 0xCD, 0x35, 0x26, 0x17, 0xAE, 0x41,
    0x42, 0xD2, 0x8C, 0x64, 0xDE, 0xC4, 0x2E, 0xBB, 0x87, 0xCF, 0x61, 0xDF, 0x83, 0x66, 0xA8, 0xC5,
    0xF8, 0x97, 0xC2, 0x7C, 0x11, 0xA6, 0x96, 0xD1, 0x5C, 0xC4, 0x3A, 0xCE, 0x94, 0xF6, 0xF9, 0xB8,
    0x75, 0x33, 0x8F, 0xD3, 0xD6, 0x85, 0x4E, 0xD4, 0x3A, 0x81, 0x56, 0xE9, 0xE9, 0xA5, 0x12, 0x1E,
    0x8C, 0xD7, 0x7F, 0x1F, 0x06, 0x51, 0xE4, 0x57, 0x37, 0x07, 0xAE, 0xA3, 0x94, 0xF3, 0x1A, 0xC7,
    0x67, 0x5F, 0x48, 0xEB, 0xB3, 0xFF, 0x00, 0x5F, 0xFE, 0x9A, 0x2F, 0xFC, 0x64, 0x06, 0xD6, 0xF3,
    0xFA, 0xED, 0xD1, 0x5C, 0x8C, 0x91, 0xDB, 0xC0, 0x1F, 0xF5, 0xE3, 0xC1, 0x28, 0x49, 0x92, 0x6E,
    0x2B, 0x89, 0x1A, 0xBD, 0x8E, 0xFB, 0xAE, 0x74, 0xEE, 0x2A, 0xE7, 0xC7, 0xA6, 0x50, 0x1E, 0xC0,
    0xFE, 0x27, 0x2C, 0x0B, 0x0F, 0xAA, 0xB3, 0x9E, 0x2D, 0x03, 0x07, 0xD5, 0x77, 0xE0, 0xFC, 0xC1,
    0x14, 0x34, 0x87, 0x86, 0x36, 0xA7, 0xFA, 0xC1, 0xFE, 0xDA, 0x10, 0xB3, 0x79, 0x89, 0x27, 0x58,
    0x1C, 0xAF, 0x85, 0x51, 0x63, 0xD3, 0x95, 0x55, 0xE9, 0x30, 0x17, 0x97, 0xB9, 0xE9, 0x7D, 0xF2,
    0x91, 0x2E, 0x18, 0x7E, 0x0B, 0xAB, 0x5C, 0x08, 0x4C, 0xEF, 0x72, 0x4D, 0x7F, 0x6E, 0xEC, 0xA6,
    0x1D, 0x47, 0x69, 0x26, 0xE8, 0x99, 0x7D, 0x1F, 0xEA, 0xDC, 0xCD, 0xF7, 0x8E, 0x00, 0x64, 0xFB,
    0xC1, 0xF8, 0xE3, 0x54, 0x4F, 0x4A, 0x33, 0x56, 0xBE, 0x3E, 0x1B, 0xA4, 0x0E, 0x09, 0xB1, 0x81,
    0xB8, 0x73, 0x5F, 0x3B, 0x70, 0xD3, 0x60, 0x36, 0x0B, 0x81, 0x58, 0x2C, 0x1D, 0xAC, 0x1C, 0x10,
    0x9B, 0xEF, 0x58, 0x47, 0x45, 0x41, 0x9A, 0xB2, 0x21, 0xAB, 0x84, 0x99, 0x07, 0xB1, 0xF6, 0xCB,
    0x2D, 0x7D, 0xF4, 0x4F, 0x56, 0xFE, 0x59, 0xED, 0xFF, 0x7F, 0xAD, 0x57, 0xDF, 0x6F, 0xE4, 0x56,
    0x15, 0xFE, 0x3C, 0x9E, 0xC6, 0x93, 0xB1, 0xC7, 0x9E, 0xAA, 0x8B, 0x94, 0xB6, 0xEE, 0xCE, 0x20,
    0x65, 0xA5, 0xC9, 0xE2, 0xC4, 0x23, 0x18, 0xAA, 0xE9, 0x6A, 0x36, 0xB9, 0xE2, 0x2F, 0xC8, 0x9F,
    0x90, 0x87, 0x3E, 0x22, 0x61, 0xD4, 0x11, 0x4D, 0x57, 0x4D, 0xE6, 0xEE, 0x56, 0xE2, 0xA5, 0x2F,
    0x83, 0x90, 0x78, 0xE2, 0x21, 0x0F, 0xFC, 0x78, 0x48, 0x51, 0x8D, 0x88, 0xAA, 0x50, 0xD2, 0xE5,
    0x8A, 0xFE, 0x01, 0x58, 0x08, 0xF1, 0x00, 0x12, 0x98, 0x37, 0xD4, 0x4A, 0x30, 0x52, 0xF7, 0x61,
    0xD9, 0x2E, 0x1B, 0xBE, 0x63, 0x3B, 0x01, 0xF2, 0x63, 0x37, 0x49, 0x19, 0xDF, 0x73, 0x6D, 0xCB,
    0xF7, 0x7E, 0xF7, 0x9E, 0x73, 0xCF, 0xF9, 0xCE, 0x19, 0x40, 0x7E, 0x35, 0x63, 0x7D, 0xFE, 0x57,
    0xE3, 0x62, 0xA2, 0x22, 0x44, 0x18, 0x21, 0xC0, 0x90, 0xB2, 0x59, 0xDD, 0xE5, 0x7D, 0x19, 0xAD,
    0xE2, 0xAD, 0xF6, 0x49, 0x06, 0xD4, 0x39, 0xC5, 0x02, 0x6C, 0x35, 0xF7, 0x81, 0xEA, 0x2D, 0xA3,
    0xEF, 0x23, 0x0D, 0x90, 0xF8, 0x18, 0x7A, 0xB8, 0xFE, 0xBA, 0x7C, 0xE1, 0x67, 0xC3, 0xCE, 0x4C,
    0xB0, 0xA6, 0x42, 0x1C, 0x5D, 0x5E, 0x25, 0x8D, 0x42, 0x5A, 0x58, 0x20, 0xE2, 0x22, 0x1C, 0x9D,
    0xC0, 0xFA, 0x5C, 0x97, 0xA8, 0xE0, 0xB4, 0x6C, 0x73, 0x45, 0x0D, 0x5B, 0xE8, 0x1D, 0xB5, 0xA8,
    0x85, 0xCE, 0x3F, 0x54, 0x81, 0x0A, 0xEB, 0x5E, 0x71, 0xFB, 0x08, 0xE5, 0x6F, 0xB2, 0xAB, 0x3B,
    0xBB, 0x33, 0x1F, 0xFB, 0x8B, 0xB5, 0xCC, 0xC7, 0x72, 0xDB, 0xD6, 0x3E, 0x31, 0x03, 0x48, 0x1F,
    0xB1, 0x77, 0x31, 0x2E, 0x9E, 0x67, 0xEC, 0x7D, 0xDB, 0xB0, 0x8F, 0x5C, 0x55, 0xF7, 0x31, 0x0E,
    0xD0, 0x8F, 0x3F, 0xD5, 0x6B, 0xEF, 0xCF, 0x8E, 0x71, 0x1A, 0x5D, 0xC2, 0xCC, 0x09, 0x8A, 0x6D,
    0x64, 0x8A, 0xCC, 0x5B, 0xD9, 0x23, 0x44, 0x37, 0x95, 0x57, 0x23, 0x00, 0x5A, 0xE6, 0xF3, 0xC3,
    0x38, 0x6C, 0x70, 0xF6, 0xEA, 0x7E, 0x39, 0x79, 0x81, 0x12, 0x35, 0xDA, 0xF0, 0x9A, 0x06, 0x9E,
    0xAD, 0xE1, 0x59, 0x68, 0x3E, 0xBE, 0x99, 0x2E, 0x46, 0xFD, 0x59, 0xDF, 0xB3, 0x4C, 0xEA, 0xD9,
    0x2A, 0xF1, 0x5C, 0x0C, 0xC3, 0xB0, 0xD1, 0xF9, 0xFB, 0xF6, 0x9E, 0x28, 0x12, 0x67, 0xCE, 0x03,
    0x9F, 0x9A, 0x9E, 0x2F, 0x6D, 0xCA, 0x34, 0x9B, 0xEC, 0x9A, 0xAC, 0x34, 0x8A, 0x45, 0x03, 0xDD,
    0xE1, 0xE3, 0x35, 0xCE, 0xB5, 0xB8, 0x05, 0x47, 0xF9, 0x90, 0x3B, 0xAA, 0x67, 0x11, 0xBB, 0x92,
    0x17, 0x28, 0xDF, 0x57, 0x93, 0xDD, 0x8F, 0x15, 0xCF, 0x08, 0xA5, 0x38, 0x94, 0x79, 0xCA, 0x22,
    0xB7, 0x3B, 0x44, 0x6F, 0xD4, 0x6B, 0xF7, 0xD0, 0x8B, 0x78, 0x8F, 0xCA, 0x6B, 0x2B, 0x42, 0x8F,
    0x1F, 0xFA, 0x48, 0xA0, 0xEF, 0x23, 0x7E, 0x37, 0x0F, 0xF4, 0x9C, 0x6D, 0x82, 0x8C, 0x9D, 0x37,
    0x93, 0x6E, 0x24, 0x5D, 0x47, 0x3A, 0xF7, 0xBB, 0xEC, 0x6A, 0x7F, 0x60, 0x87, 0x47, 0xD2, 0xAD,
    0xDA, 0x66, 0x4D, 0x89, 0x75, 0xB9, 0x92, 0xAE, 0x96, 0xC3, 0x3F, 0xA5, 0x6B, 0x83, 0x50, 0x9A,
    0x48, 0x01, 0x81, 0x2C, 0xE2, 0x80, 0x30, 0x2E, 0x51, 0x5C, 0x82, 0x38, 0xC4, 0x70, 0x08, 0x41,
    0x59, 0x75, 0x08, 0xE0, 0x54, 0xBB, 0x74, 0xAB, 0x9D, 0x7A, 0x94, 0x6E, 0xE1, 0x15, 0x51, 0xE9,
    0x1B, 0xCB, 0x0F, 0xA3, 0x51, 0x18, 0x45, 0x2D, 0xEF, 0xB8, 0x6D, 0xC5, 0x1C, 0x14, 0x16, 0xAD,
    0x07, 0xEE, 0x1D, 0x53, 0x74, 0xA7, 0x40, 0x47, 0x15, 0xEE, 0x89, 0x26, 0x85, 0x07, 0x89, 0x97,
    0xF9, 0xFE, 0x35, 0xEE, 0xEC, 0xCB, 0xDC, 0xE2, 0x94, 0xF6, 0xFC, 0x24, 0xA7, 0x39, 0x13, 0x9A,
    0x6A, 0xC0, 0x05, 0x47, 0x88, 0xCD, 0xAF, 0x55, 0xB1, 0x5B, 0xDD, 0xD2, 0x0E, 0x27, 0xBA, 0xA6,
    0x6F, 0xDA, 0xC6, 0x32, 0x4B, 0x26, 0x31, 0xAB, 0x0F, 0x80, 0x0D, 0x1D, 0xF3, 0xFB, 0x84, 0x87,
    0x7F, 0xF2, 0x9A, 0x10, 0xF4, 0xDE, 0x5B, 0xA3, 0x7A, 0x34, 0x8A, 0xF8, 0xDB, 0x02, 0xBE, 0xA7,
    0xB1, 0x26, 0x9B, 0xB5, 0x0E, 0x19, 0x4C, 0x7B, 0x21, 0x22, 0x86, 0xCF, 0x00, 0xC1, 0x18, 0x01,
    0x63, 0x69, 0x04, 0x3F, 0x82, 0xC7, 0x20, 0x92, 0x18, 0xAA, 0xA3, 0xDE, 0xB5, 0x37, 0x6A, 0x06,
    0x6A, 0x2E, 0xED, 0x45, 0x7D, 0x3F, 0x0D, 0x12, 0x7F, 0xE8, 0x5D, 0x7F, 0xDD, 0x2A, 0x40, 0x04,
    0x45, 0x74, 0x9E, 0x60, 0x15, 0xA7, 0xE3, 0xE7, 0x28, 0x86, 0x16, 0xB8, 0x85, 0x45, 0xB8, 0x2A,
    0x41, 0x4D, 0xE2, 0xE7, 0x1A, 0xA7, 0x74, 0x61, 0xEF, 0x30, 0x9A, 0x45, 0x9D, 0xCD, 0xDB, 0x38,
    0x3B, 0x8A, 0x0E, 0x4D, 0xE9, 0xB7, 0x9F, 0xF1, 0xAE, 0xD4, 0xA5, 0xD7, 0x90, 0x23, 0x2A, 0xC2,
    0xA6, 0x35, 0x90, 0xF6, 0xB4, 0x95, 0x44, 0x02, 0x2D, 0x4E, 0x77, 0xF5, 0xD5, 0xDA, 0xC0, 0x8E,
    0x44, 0x40, 0x6B, 0xFC, 0xAC, 0xD5, 0xFE, 0xCB, 0x6E, 0x5F, 0x40, 0xB7, 0x79, 0x9A, 0x90, 0x44,
    0xF1, 0xCC, 0xD5, 0xC4, 0xC7, 0x66, 0x55, 0xF4, 0x5F, 0x71, 0x35, 0xAB, 0x70, 0xF8, 0x9A, 0x7A,
    0xB6, 0x6E, 0x1D, 0xBD, 0x3E, 0x63, 0x64, 0xF6, 0xEF, 0xA4, 0xE9, 0xC6, 0x6B, 0x46, 0x1C, 0x23,
    0x2F, 0x2C, 0x83, 0xB1, 0xDC, 0xD5, 0xA5, 0x5D, 0x5D, 0x18, 0x88, 0x31, 0x93, 0x0F, 0x39, 0xFD,
    0xA4, 0xBB, 0x63, 0xC2, 0x4F, 0xCF, 0x55, 0x78, 0xCF, 0xE1, 0x4A, 0xD8, 0x0C, 0xA2, 0xE2, 0xF0,
    0x4F, 0x61, 0x5B, 0x87, 0xBA, 0xF4, 0xA0, 0x47, 0x7B, 0xA8, 0xCD, 0x1A, 0xA8, 0xA5, 0x40, 0x83,
    0xB2, 0x40, 0xB9, 0xF5, 0x28, 0xC3, 0x8F, 0xD3, 0x29, 0x4C, 0x4A, 0x9B, 0xA4, 0xC4, 0x4C, 0x1B,
    0xF1, 0x6F, 0x9E, 0x1C, 0x54, 0x54, 0x6F, 0x3F, 0x2E, 0xE6, 0x7D, 0xAA, 0xFA, 0xBF, 0x33, 0xED,
    0x3F, 0x2A, 0x2B, 0xC7, 0x52, 0x86, 0x24, 0x53, 0xAB, 0x87, 0x55, 0xE6, 0xC0, 0xAF, 0x1E, 0x38,
    0xAA, 0xF7, 0x0A, 0x1A, 0x23, 0x90, 0xC8, 0x98, 0xBC, 0xB0, 0x69, 0xFD, 0x6B, 0x84, 0x61, 0xD4,
    0xFC, 0xA8, 0x88, 0xB9, 0x9C, 0xC3, 0xE6, 0x3E, 0x84, 0xF7, 0x0A, 0x42, 0x0F, 0x5E, 0x08, 0x37,
    0xC5, 0xBC, 0x42, 0x67, 0x0A, 0xF7, 0x3E, 0x42, 0x1B, 0xAB, 0xEF, 0xAB, 0x51, 0x03, 0x6E, 0x2E,
    0xF1, 0x0E, 0x06, 0x7C, 0xFD, 0x7C, 0x40, 0x0C, 0x8F, 0x01, 0xEB, 0xEB, 0x2D, 0x63, 0xF3, 0x84,
    0x5E, 0xFA, 0x5B, 0x7F, 0x9C, 0xF4, 0xFB, 0xC9, 0x8A, 0xB9, 0x81, 0x6D, 0xB5, 0xF2, 0x30, 0xF1,
    0x72, 0x6F, 0xD6, 0x8D, 0xB5, 0xF5, 0x0D, 0xE0, 0x40, 0x8E, 0x6A, 0xED, 0x9D, 0x87, 0x7E, 0x4D,
    0xFB, 0xF3, 0xF0, 0x17, 0xE1, 0x4F, 0x11, 0xE4, 0xF0, 0xF7, 0xE0, 0x2F, 0xC3, 0x0F, 0x54, 0x60,
    0x67, 0xF1, 0x3B, 0x0F, 0x0B, 0xC7, 0xB5, 0xD3, 0x05, 0x4D, 0x76, 0x2E, 0xAF, 0x61, 0x6F, 0x63,
    0x49, 0xC5, 0xB8, 0x69, 0x7A, 0xE9, 0xD6, 0x76, 0x99, 0xFD, 0x84, 0x56, 0xC6, 0x25, 0xAD, 0x0C,
    0x0B, 0x4E, 0x39, 0x49, 0x2B, 0xF4, 0xA7, 0x56, 0xC1, 0x87, 0x9D, 0x1D, 0xB8, 0xFA, 0x7F, 0xA8,
    0x65, 0x6C, 0x4D, 0x2D, 0x6D, 0x2B, 0xFB, 0xF7, 0x34, 0x5D, 0x41, 0x01, 0x97, 0x45, 0xA3, 0x17,
    0xD0, 0xE1, 0xCF, 0xC3, 0x6C, 0x5C, 0xB3, 0x73, 0xA8, 0xB5, 0x27, 0xDD, 0x90, 0x44, 0x9C, 0xD5,
    0x32, 0xBC, 0x2D, 0x19, 0x74, 0x3D, 0x48, 0x5A, 0xB7, 0x99, 0xF2, 0xDA, 0xDA, 0xD7, 0xE2, 0x12,
    0x77, 0x66, 0xD3, 0xBC, 0x66, 0x1C, 0x15, 0xA0, 0x99, 0xD3, 0xA1, 0x07, 0x1C, 0x9B, 0xDE, 0x35,
    0x77, 0xD0, 0xD5, 0x2F, 0xAB, 0xA0, 0x20, 0xFF, 0x80, 0x72, 0x74, 0x35, 0x09, 0x21, 0xE1, 0xD3,
    0xFD, 0xFF, 0xA7, 0x7B, 0xC9, 0x9B, 0xFB, 0xD2, 0x2D, 0x17, 0x99, 0xFE, 0xB2, 0xE9, 0xBE, 0xCA,
    0x4F, 0x95, 0x3C, 0x2B, 0xDD, 0x0B, 0x23, 0x3B, 0xB8, 0xA0, 0x4B, 0x91, 0xEE, 0xE8, 0x52, 0x38,
    0xD7, 0xA5, 0xE2, 0x7B, 0x8F, 0xB9, 0xA7, 0x94, 0x92, 0x1C, 0x49, 0x3F, 0x38, 0x9C, 0x0D, 0x79,
    0x8F, 0x28, 0x21, 0xA5, 0xE7, 0x63, 0xD0, 0x8F, 0xF5, 0x4A, 0x56, 0x52, 0x30, 0xE2, 0x35, 0x13,
    0xDC, 0xCD, 0x5D, 0xCC, 0x5C, 0xB0, 0xCF, 0xDC, 0x9A, 0x76, 0x1D, 0xB8, 0x0C, 0x81, 0x1D, 0xC9,
    0xB6, 0x65, 0x0B, 0x4A, 0x4E, 0x10, 0x1A, 0x0A, 0x4B, 0x45, 0xAB, 0xDC, 0x0D, 0xE6, 0x6E, 0x54,
    0xB9, 0x1B, 0xCC, 0xDD, 0x60, 0xEE, 0x06, 0x73, 0x37, 0x15, 0x7F, 0x44, 0x59, 0x65, 0x89, 0xE7,
    0x17, 0xE3, 0xE7, 0xA4, 0x22, 0x2C, 0x8A, 0x15, 0xC9, 0xD5, 0x18, 0x85, 0xC2, 0x5F, 0xC7, 0x6D,
    0x2B, 0x2E, 0x51, 0x39, 0xC2, 0xE1, 0x90, 0x17, 0xF9, 0xF8, 0x12, 0x9F, 0x6F, 0xAA, 0xAB, 0x91,
    0x8C, 0x72, 0x4C, 0x07, 0x2F, 0x6A, 0xFF, 0x2C, 0x92, 0x29, 0x4A, 0x08, 0xAF, 0xCC, 0x1D, 0x97,
    0x25, 0x1A, 0xAF, 0x38, 0x98, 0xE4, 0xA9, 0x5C, 0xC3, 0x2A, 0xA7, 0x59, 0x66, 0xF9, 0x8F, 0x5D,
    0x1C, 0x84, 0x18, 0x0D, 0xF1, 0x97, 0x81, 0x1D, 0x8C, 0xBD, 0x60, 0xB3, 0x1F, 0x8C, 0x8C, 0x1F,
    0xD3, 0x4C, 0x18, 0x7E, 0xB5, 0xC8, 0xF2, 0xE2, 0xE0, 0x62, 0x92, 0xB9, 0x0F, 0x18, 0x36, 0xDB,
    0x3F, 0xFF, 0xED, 0x9B, 0xFE, 0xC8, 0xDB, 0x66, 0x96, 0xB7, 0xFE, 0xCC, 0x15, 0xDE, 0x50, 0xA5,
    0x41, 0x2E, 0xA9, 0xFC, 0x4F, 0x39, 0xF1, 0x86, 0x39, 0x43, 0xF1, 0x26, 0x3F, 0xDF, 0xAA, 0xB2,
    0xFB, 0xA5, 0x59, 0x3B, 0x30, 0x8B, 0xFA, 0x34, 0x66, 0x98, 0xC3, 0xED, 0x8B, 0xB2, 0xF1, 0xAE,
    0x0A, 0x2C, 0x5D, 0xB9, 0x0B, 0x89, 0xF2, 0x3D, 0xB8, 0xF5, 0x63, 0xD7, 0x31, 0x8C, 0x8F, 0x42,
    0x9F, 0x57, 0x8D, 0xC7, 0x75, 0x9A, 0x59, 0x9F, 0xA9, 0x6A, 0x87, 0x9A, 0x0F, 0xDB, 0x71, 0x4E,
    0x65, 0x7F, 0x04, 0xFB, 0xBD, 0xC2, 0x11, 0x2F, 0x00, 0x22, 0x3B, 0x69, 0x74, 0x4F, 0x83, 0xFC,
    0x42, 0x2D, 0x99, 0x7A, 0xBB, 0x93, 0xDB, 0xFA, 0xE4, 0xD5, 0x21, 0x69, 0xBF, 0xAA, 0x23, 0xE3,
    0xED, 0x48, 0xA4, 0xD9, 0xA6, 0x56, 0x5D, 0x0E, 0xD5, 0xBD, 0x8E, 0xEF, 0x98, 0xF3, 0x8B, 0x37,
    0x6C, 0xDF, 0xC3, 0x51, 0xF1, 0x66, 0xFF, 0x10, 0xF8, 0x13, 0xF0, 0xFC, 0x85, 0x8A, 0xB7, 0x1B,
    0x3A, 0x34, 0xF3, 0x1B, 0x27, 0xD8, 0x50, 0x8A, 0xB7, 0x15, 0xE0, 0x27, 0x9A, 0xC5, 0xC0, 0x45,
    0x40, 0x18, 0x09, 0xB9, 0x68, 0x7A, 0x12, 0x64, 0x39, 0x43, 0x33, 0x91, 0xC8, 0x8D, 0x7F, 0x06,
    0x9F, 0x04, 0xC4, 0x9A, 0x9E, 0x8D, 0xD4, 0x78, 0x20, 0xF3, 0x7D, 0x6E, 0x9E, 0xD5, 0x7E, 0x2D,
    0xFB, 0x96, 0xFE, 0x10, 0xF8, 0xD2, 0x0F, 0xF0, 0x06, 0xBE, 0x4E, 0x55, 0x56, 0xB2, 0xDB, 0x5A,
    0xFE, 0xBC, 0xC9, 0xB5, 0x2A, 0xEC, 0x9E, 0xC3, 0xF9, 0x26, 0xEA, 0xF5, 0x0B, 0x81, 0x48, 0x85,
    0xD1, 0x3D, 0x03, 0x44, 0x6C, 0x22, 0x46, 0xA1, 0x55, 0x2E, 0x5D, 0xDD, 0xDC, 0xD0, 0x08, 0x59,
    0xB6, 0x6D, 0x3C, 0xB5, 0x8A, 0xA2, 0xB9, 0xC4, 0x5E, 0x57, 0xAC, 0xD5, 0x9C, 0x1C, 0x8D, 0xEE,
    0x53, 0xF1, 0xD1, 0xDC, 0x1F, 0x86, 0x83, 0x3A, 0xFD, 0x5C, 0x71, 0x30, 0x49, 0x69, 0x3D, 0x4A,
    0xA2, 0xDB, 0xA9, 0xC5, 0x7F, 0x9D, 0xE4, 0x64, 0x5D, 0xC3, 0x57, 0x54, 0x5F, 0x0F, 0x10, 0xB3,
    0xE6, 0xBB, 0x6B, 0xDE, 0x54, 0x75, 0xFA, 0x8B, 0x8B, 0x1A, 0x57, 0x24, 0x75, 0xDC, 0xBA, 0x7F,
    0x30, 0x1D, 0x78, 0xC2, 0x88, 0x67, 0x35, 0xEB, 0x49, 0xB1, 0x85, 0xBD, 0x22, 0x19, 0x2C, 0x08,
    0xD7, 0x34, 0xB0, 0x66, 0x46, 0x55, 0xF2, 0x8E, 0x68, 0x50, 0xF1, 0x69, 0x47, 0xD9, 0x65, 0x75,
    0xD2, 0x3C, 0x40, 0x18, 0xE0, 0x5A, 0xE9, 0xEB, 0x64, 0xAD, 0x11, 0x6A, 0x2C, 0x85, 0x98, 0xA3,
    0x78, 0x4E, 0xC8, 0xE4, 0xEF, 0x32, 0x59, 0xC5, 0xC5, 0x6B, 0xFB, 0xE5, 0x61, 0x7C, 0x3B, 0x47,
    0xCE, 0x34, 0x80, 0x4E, 0x06, 0x29, 0xFC, 0x12, 0x30, 0xCF, 0xFE, 0x12, 0x58, 0x27, 0x68, 0x5C,
    0x96, 0xB8, 0xB1, 0x9E, 0xA8, 0x93, 0x2E, 0x1D, 0x1C, 0x3E, 0x39, 0xE5, 0xE6, 0x32, 0x0E, 0xE5,
    0x14, 0x5A, 0x80, 0x6C, 0xB3, 0x50, 0x30, 0x5C, 0xEF, 0xA8, 0x2D, 0x3D, 0x40, 0xC4, 0xFF, 0x7E,
    0xDE, 0x7F, 0xDA, 0x96, 0x1C, 0x0A, 0xFE, 0x0D, 0x35, 0x50, 0x3D, 0x4B, 0x03, 0x31, 0x18, 0x7E,
    0x6C, 0xEF, 0x5A, 0x2A, 0x39, 0xB8, 0xE1, 0x2A, 0x37, 0x74, 0x70, 0xE8, 0x10, 0x4A, 0xD1, 0x17,
    0xDA, 0xA1, 0x94, 0xE8, 0xD5, 0xC1, 0x3D, 0x83, 0x3A, 0x77, 0xED, 0xA0, 0x08, 0x8A, 0x20, 0x78,
    0x18, 0xEE, 0x17, 0x1C, 0xF8, 0x07, 0x32, 0x89, 0x38, 0xEB, 0xD0, 0xC5, 0x06, 0xFC, 0x03, 0xFD,
    0x01, 0x0E, 0xEE, 0x2E, 0x5D, 0x5D, 0xAC, 0x6F, 0x8E, 0x36, 0x21, 0x19, 0xF2, 0x3C, 0xEF, 0xF3,
    0x11, 0x1A, 0x09, 0x88, 0x3E, 0x21, 0x51, 0xCF, 0x27, 0x40, 0xAB, 0xCC, 0x26, 0x00, 0xD6, 0xBD,
    0x97, 0xF6, 0x19, 0x8A, 0x1C, 0xD6, 0x92, 0x23, 0x17, 0x5C, 0x76, 0x20, 0xCF, 0x47, 0xC2, 0x1D,
    0xB8, 0x01, 0xA3, 0xC5, 0x4C, 0x81, 0x11, 0x0D, 0xA5, 0xD2, 0xC1, 0x64, 0xEC, 0x84, 0x03, 0x9A,
    0xD8, 0xC3, 0xB1, 0x0B, 0x81, 0x8F, 0x02, 0x01, 0x11, 0x13, 0x56, 0x64, 0xF9, 0x72, 0x16, 0x5D,
    0x25, 0x52, 0xD0, 0xC6, 0x26, 0x3C, 0x0A, 0xA1, 0x1F, 0x34, 0x70, 0xD5, 0x40, 0x14, 0x0D, 0x63,
    0x53, 0x82, 0xAD, 0xA5, 0x4C, 0x92, 0x3C, 0x41, 0xCE, 0xE2, 0x35, 0xC7, 0xDB, 0xD4, 0xCC, 0x13,
    0xEE, 0x61, 0x37, 0xFB, 0x06, 0x63, 0x96, 0xD2, 0x3E, 0x0A, 0xC7, 0x80, 0xEA, 0x88, 0x98, 0x87,
    0xA2, 0x74, 0x1F, 0x29, 0xD9, 0x77, 0xA5, 0xB5, 0xC6, 0xE2, 0x13, 0xA7, 0x71, 0xE6, 0xE2, 0x2A,
    0x5C, 0xD5, 0x85, 0xD3, 0xCB, 0x57, 0x5F, 0xC9, 0x64, 0x2C, 0xDB, 0x33, 0xED, 0x89, 0x2F, 0xB5,
    0x3D, 0x01, 0xB2, 0x2F, 0xBC, 0x3D, 0x2E, 0x81, 0xC5, 0x1F, 0xC3, 0x25, 0xDC, 0x8E, 0xA9, 0xA3,
    0x8E, 0x16, 0x04, 0x24, 0x08, 0x53, 0x54, 0x8B, 0xB6, 0x48, 0x13, 0x11, 0x23, 0xDD, 0x0A, 0xE1,
    0xBA, 0xD0, 0x34, 0x45, 0xF1, 0x03, 0xCC, 0x66, 0xC9, 0xD8, 0xED, 0xF2, 0x83, 0x52, 0x88, 0x4B,
    0x5B, 0x56, 0x45, 0x71, 0x6D, 0x9D, 0xF7, 0xF5, 0x5F, 0xB9, 0x62, 0x62, 0x8D, 0x85, 0xEF, 0x96,
    0xB7, 0x4B, 0x1A, 0x4A, 0x6D, 0x2C, 0x53, 0x03, 0x3F, 0x5E, 0x62, 0x7A, 0xB8, 0x36, 0x4C, 0x69,
    0xFC, 0x62, 0x7E, 0xF1, 0xED, 0xED, 0xFA, 0x56, 0xFE, 0x03, 0xA5, 0x59, 0x5D, 0x6C, 0x23, 0xD7,
    0x75, 0xFE, 0x66, 0x46, 0x12, 0x29, 0x0E, 0x39, 0xA3, 0x00, 0x1B, 0x44, 0x4D, 0x46, 0x16, 0x0B,
    0xAF, 0x5B, 0xDA, 0x19, 0x73, 0x98, 0x84, 0x41, 0xC6, 0x1B, 0x4A, 0x7B, 0xED, 0x3E, 0xC4, 0x40,
    0x90, 0x54, 0x2F, 0x01, 0x12, 0xA0, 0x3F, 0x42, 0x6B, 0xA0, 0x69, 0x1F, 0xB2, 0x7C, 0x50, 0x10,
    0x62, 0x2B, 0x8A, 0x77, 0xBD, 0x40, 0xB6, 0xB1, 0x1F, 0x4C, 0xA0, 0x2F, 0x41, 0xD1, 0x16, 0x42,
    0xEB, 0x16, 0x86, 0xE5, 0xF5, 0x8E, 0x1D, 0x05, 0x60, 0xEC, 0xF5, 0xEA, 0xDA, 0x41, 0x61, 0x17,
    0x48, 0x80, 0x49, 0x5F, 0x5A, 0x14, 0x7D, 0x98, 0xC4, 0xAD, 0x5B, 0xEC, 0x16, 0xE9, 0x04, 0xD5,
    0x83, 0xB2, 0x91, 0xC4, 0x9C, 0x73, 0x87, 0x5C, 0xFD, 0x50, 0xDA, 0xA5, 0x12, 0xF2, 0xDC, 0x11,
    0x39, 0x9C, 0x39, 0x73, 0xEF, 0xF9, 0xF9, 0xCE, 0x77, 0xAE, 0x2C, 0x09, 0x28, 0x60, 0x06, 0xC1,
    0x86, 0x70, 0x0D, 0x69, 0x03, 0x2C, 0x79, 0xD8, 0xAF, 0xC0, 0x9E, 0x40, 0xF6, 0xD5, 0x85, 0x0A,
    0xEE, 0xD0, 0x75, 0xFC, 0xB2, 0x4B, 0x30, 0x26, 0xC6, 0xBA, 0x78, 0x06, 0x58, 0xBC, 0xBB, 0xD3,
    0x4D, 0xCF, 0x23, 0x01, 0xCB, 0xDD, 0x2E, 0xD2, 0x10, 0x89, 0x8F, 0x64, 0x0E, 0x89, 0x83, 0x74,
    0xCE, 0xDC, 0xF1, 0x00, 0x1F, 0xA8, 0x01, 0x31, 0xA6, 0x80, 0x06, 0xD0, 0x04, 0x04, 0x3A, 0x1B,
    0xD2, 0x01, 0x89, 0x70, 0x80, 0x51, 0xE9, 0x0C, 0x26, 0x02, 0xE3, 0x4E, 0x6C, 0xA3, 0xE9, 0xA1,
    0x1C, 0x02, 0x17, 0xBA, 0x58, 0xDB, 0x42, 0xA8, 0x75, 0xF8, 0x28, 0xBB, 0xA8, 0x99, 0x1F, 0xC4,
    0x38, 0x47, 0x57, 0x15, 0x7A, 0xA1, 0x57, 0x9F, 0x68, 0x20, 0x10, 0xB9, 0x04, 0x3B, 0x68, 0x2C,
    0xF9, 0x4D, 0x7F, 0x21, 0x32, 0x48, 0x8D, 0x83, 0xE3, 0x6F, 0xAD, 0x5A, 0xBC, 0x16, 0xCF, 0x88,
    0xD3, 0x7E, 0xB5, 0x76, 0x68, 0x25, 0xA3, 0xEF, 0x18, 0x6A, 0x11, 0x13, 0xC8, 0xF5, 0x77, 0xC8,
    0x98, 0xD1, 0xA1, 0xF1, 0x9A, 0x80, 0x7A, 0x63, 0xDB, 0x90, 0x51, 0xC3, 0x14, 0xD1, 0x9C, 0x85,
    0xC8, 0xFB, 0x2B, 0x44, 0x8D, 0x5D, 0x73, 0x3F, 0xE1, 0x15, 0x04, 0xCF, 0xEE, 0x91, 0xDE, 0xE6,
    0xA1, 0xF1, 0x75, 0xE1, 0xBE, 0xFC, 0xBD, 0x1E, 0x7D, 0x9E, 0xA3, 0xE1, 0x64, 0x63, 0xC5, 0x0F,
    0xAE, 0xEC, 0xA7, 0xC8, 0x2C, 0x8A, 0x4E, 0x7F, 0x1B, 0xDD, 0xA4, 0xA6, 0x2D, 0xAA, 0xC7, 0x6D,
    0x9A, 0x56, 0xB2, 0x42, 0x83, 0x96, 0x4E, 0xC6, 0x1D, 0x8E, 0xDC, 0xF6, 0xAD, 0xCC, 0x4C, 0x39,
    0xA0, 0xC8, 0xB7, 0x5E, 0xBC, 0x92, 0x3A, 0xD6, 0xB2, 0x33, 0x05, 0x27, 0x0F, 0xA7, 0x02, 0xB7,
    0x07, 0xC7, 0x83, 0xE3, 0xC2, 0xC9, 0x09, 0xC7, 0x52, 0xC1, 0x95, 0x1D, 0xBE, 0xA8, 0x0E, 0x7D,
    0x35, 0x0C, 0x9A, 0x9C, 0xBC, 0x48, 0x46, 0xA0, 0xDF, 0x11, 0xD0, 0xB8, 0x01, 0xC7, 0x7C, 0x01,
    0x4E, 0x81, 0xBE, 0x57, 0x68, 0xAC, 0xBB, 0x70, 0x25, 0xFF, 0xE6, 0xD2, 0x75, 0x41, 0xE6, 0x11,
    0x41, 0xCF, 0x95, 0xF8, 0x40, 0xA0, 0x42, 0xE7, 0xF6, 0x6C, 0xD4, 0x2C, 0xB9, 0x6C, 0x2A, 0xC9,
    0x27, 0x5F, 0x17, 0xB8, 0x00, 0x2C, 0x00, 0xE4, 0xF0, 0xF3, 0xC8, 0xA5, 0x30, 0x25, 0x99, 0x73,
    0x8B, 0x1C, 0x4C, 0x53, 0x78, 0xC0, 0xE8, 0xF4, 0xFB, 0x02, 0xA5, 0xC1, 0xBC, 0x78, 0x4C, 0x0C,
    0xFC, 0x5F, 0x00, 0x07, 0x1B, 0xF0, 0x31, 0x7A, 0xF0, 0xA7, 0x68, 0x0A, 0xBF, 0x49, 0x61, 0xDC,
    0x8D, 0xC9, 0x20, 0x09, 0x0C, 0xD9, 0x84, 0x25, 0xEA, 0xB4, 0x76, 0x72, 0xBC, 0xDA, 0x12, 0xDA,
    0xD8, 0x1B, 0xB0, 0x4D, 0x31, 0x08, 0xD9, 0x73, 0xB0, 0xFF, 0x50, 0xD8, 0x96, 0xB2, 0x0D, 0x65,
    0x9B, 0x8A, 0x3E, 0x04, 0xFB, 0x7C, 0x4D, 0xE7, 0x7A, 0x66, 0x0E, 0xE9, 0x58, 0xC2, 0xFD, 0x1A,
    0xDC, 0x4B, 0x20, 0xD3, 0x38, 0xA6, 0x96, 0x9C, 0xEC, 0x64, 0xD7, 0x8C, 0x11, 0x9D, 0xF6, 0x9D,
    0x1D, 0xE3, 0x8A, 0x62, 0x79, 0x92, 0xC5, 0x34, 0x94, 0xA5, 0x65, 0xCA, 0x50, 0x45, 0x43, 0xED,
    0x6F, 0xEC, 0xA6, 0xF0, 0x63, 0x14, 0x25, 0x8A, 0x02, 0x13, 0x63, 0x26, 0x1E, 0x7D, 0x7B, 0x6A,
    0xCF, 0x95, 0xD3, 0x2A, 0x7A, 0x4C, 0x60, 0x29, 0xA2, 0x08, 0xA8, 0x45, 0x5D, 0xA0, 0xF2, 0x1A,
    0x2D, 0x7B, 0xFE, 0x17, 0x74, 0x68, 0x45, 0x14, 0x0E, 0x69, 0xB4, 0x09, 0x53, 0x45, 0x0D, 0xE4,
    0x64, 0x44, 0x9E, 0x33, 0xF7, 0x6C, 0x45, 0xF6, 0x32, 0xC8, 0x02, 0x1F, 0x4D, 0x6B, 0x8D, 0xB2,
    0x0F, 0xDF, 0x58, 0x99, 0xEA, 0xB1, 0xE3, 0x84, 0xDB, 0x9C, 0x5B, 0xD8, 0x34, 0xCE, 0xEE, 0x67,
    0x8E, 0xC2, 0x88, 0x0E, 0x5F, 0x97, 0xDA, 0x07, 0x67, 0xBE, 0x1F, 0x63, 0x85, 0x22, 0xE5, 0x92,
    0x21, 0x13, 0xC8, 0xD8, 0x18, 0x8A, 0x29, 0x62, 0x13, 0xB1, 0x85, 0xF8, 0x2B, 0x88, 0x77, 0x73,
    0x3B, 0xEC, 0x52, 0x58, 0x89, 0x2D, 0x73, 0xC2, 0x56, 0xAE, 0x28, 0x28, 0x5B, 0xE4, 0x93, 0x87,
    0x45, 0x3E, 0x7A, 0x58, 0x16, 0xEB, 0x57, 0x65, 0xB1, 0x41, 0x63, 0xDE, 0x92, 0x45, 0xD7, 0x52,
    0x6B, 0x45, 0x3B, 0xCB, 0x37, 0xD9, 0x11, 0xC7, 0xB3, 0xDA, 0xED, 0xEF, 0x8F, 0x64, 0x3A, 0x5F,
    0x37, 0x04, 0x99, 0xBE, 0xB2, 0xB1, 0xE9, 0xC1, 0x0F, 0xE1, 0xD6, 0xE1, 0xAE, 0xC0, 0x6D, 0xC1,
    0x6D, 0xC0, 0xF1, 0x51, 0x74, 0x11, 0x9A, 0xB7, 0x63, 0x0A, 0xC7, 0xE0, 0x4E, 0x9F, 0xDC, 0x57,
    0xC2, 0x83, 0x46, 0x10, 0x67, 0xD1, 0x71, 0x91, 0xA2, 0xCC, 0xE2, 0x95, 0x6A, 0x91, 0x4E, 0x0E,
    0xCE, 0x57, 0x0F, 0x22, 0xE8, 0xD2, 0x3D, 0x7F, 0xBF, 0xBC, 0x9D, 0x13, 0xDE, 0x1C, 0x8A, 0x94,
    0xD8, 0x84, 0x6C, 0x2D, 0x0C, 0xF0, 0xAD, 0x8A, 0x09, 0x5B, 0x78, 0xC6, 0x7F, 0x6D, 0x62, 0x92,
    0x7D, 0x71, 0xE1, 0xD6, 0xCD, 0x6E, 0xBD, 0xC8, 0x99, 0x7B, 0x92, 0x18, 0xFB, 0xD9, 0xC2, 0x1F,
    0x9C, 0x8F, 0xE0, 0x34, 0x21, 0xEC, 0xC8, 0xDD, 0x4A, 0xE0, 0x79, 0x3E, 0x42, 0xCF, 0xC5, 0x8A,
    0x67, 0xEB, 0xC1, 0x9F, 0x1B, 0x5E, 0x09, 0xAE, 0x17, 0xC2, 0xB8, 0x45, 0xD7, 0x3E, 0x4E, 0x4A,
    0xFF, 0x51, 0x60, 0x3E, 0xE9, 0x08, 0x4B, 0xD1, 0x4D, 0x29, 0x85, 0x63, 0x8B, 0x62, 0x30, 0x10,
    0x59, 0x4E, 0xCE, 0xD3, 0x35, 0x9F, 0xA4, 0x5C, 0x54, 0x29, 0xE5, 0x61, 0x8B, 0x72, 0xB0, 0xAF,
    0x0D, 0x9A, 0xE5, 0xBC, 0x8F, 0xFB, 0x8F, 0x46, 0x96, 0xF3, 0xB0, 0x18, 0x70, 0xF9, 0xAF, 0x06,
    0xA4, 0xCE, 0xE7, 0xB7, 0x3D, 0x23, 0xF6, 0xA0, 0x48, 0x4A, 0x94, 0xB6, 0x1B, 0x0A, 0x4B, 0x4A,
    0xD7, 0x2E, 0x05, 0x23, 0x26, 0xBC, 0x63, 0xCB, 0x5E, 0xDB, 0xE1, 0x07, 0xC4, 0x8C, 0x1C, 0xE3,
    0x1D, 0x2E, 0xF5, 0xFB, 0xD9, 0xD4, 0x7E, 0xC5, 0x7B, 0xE9, 0xF1, 0x94, 0x6F, 0x3C, 0x41, 0x7D,
    0xC8, 0x7C, 0xF7, 0xE6, 0x36, 0xDE, 0x51, 0x7C, 0x86, 0xE5, 0x9F, 0x60, 0x7C, 0x90, 0x18, 0x2A,
    0x32, 0xD4, 0x8A, 0xA1, 0xEA, 0x94, 0x9B, 0xF6, 0x5D, 0xA9, 0x4D, 0x31, 0x4F, 0x45, 0x90, 0xBC,
    0x3F, 0x1C, 0x4B, 0x96, 0x74, 0x2F, 0x31, 0xF2, 0x7C, 0xFF, 0xD0, 0xB8, 0x2A, 0x3B, 0xD7, 0xE7,
    0x93, 0xCC, 0x74, 0x87, 0x70, 0x66, 0x69, 0x08, 0x4D, 0xC3, 0x18, 0x22, 0xE0, 0xCA, 0x5E, 0xF3,
    0xD7, 0x51, 0xB7, 0x64, 0x99, 0x2A, 0x12, 0x52, 0x88, 0xC8, 0xA2, 0xC2, 0x31, 0x4D, 0x85, 0x28,
    0x9D, 0x41, 0x4C, 0xFE, 0xAF, 0xFE, 0x01, 0xB0, 0x94, 0x5D, 0x48, 0xC1, 0x98, 0x10, 0x20, 0xAA,
    0x06, 0x6C, 0xCA, 0x3A, 0xD8, 0x2E, 0x85, 0xA8, 0xED, 0x80, 0x92, 0xE9, 0xA7, 0x84, 0x1D, 0xF4,
    0x95, 0x3E, 0xE9, 0x73, 0xFA, 0x57, 0x93, 0x9C, 0x1C, 0x74, 0xDF, 0x48, 0xB2, 0xD2, 0x80, 0xCB,
    0x7B, 0x46, 0x1C, 0xD1, 0x52, 0x2C, 0x5A, 0x56, 0x1C, 0x61, 0x2D, 0x45, 0x23, 0x22, 0xE8, 0xA1,
    0x33, 0x04, 0x3B, 0x55, 0x73, 0x8F, 0xC2, 0xD2, 0x56, 0x35, 0x35, 0xA3, 0x0C, 0xF5, 0xA8, 0x6A,
    0xAA, 0x45, 0xF6, 0x4D, 0xDE, 0xDC, 0x75, 0xBB, 0xE7, 0xA9, 0xD8, 0x5F, 0x48, 0x56, 0x1A, 0x4D,
    0xAF, 0x59, 0xAA, 0x15, 0x43, 0xCF, 0x69, 0x1A, 0x62, 0xB1, 0xEB, 0xD7, 0xFD, 0x5A, 0x35, 0xF1,
    0x43, 0x3F, 0x24, 0x4D, 0x58, 0x5B, 0xF7, 0x19, 0xA7, 0xF4, 0xBB, 0x4D, 0x37, 0x56, 0x7B, 0xC5,
    0x1A, 0xBF, 0xF3, 0xB5, 0x73, 0xB5, 0x37, 0xF6, 0xE2, 0xA2, 0xA4, 0x22, 0x50, 0x88, 0x6B, 0xB5,
    0xCB, 0xD1, 0x3A, 0x22, 0x84, 0x33, 0x41, 0x62, 0xA0, 0xB5, 0xDA, 0x98, 0x0D, 0xBF, 0x6D, 0x86,
    0xD2, 0xDA, 0x92, 0x76, 0xA8, 0x8A, 0xE1, 0x7A, 0x6B, 0x95, 0xB2, 0x05, 0x1F, 0x95, 0xB5, 0x64,
    0x26, 0xB1, 0x15, 0xA2, 0xE5, 0xE8, 0x02, 0xD9, 0xA4, 0x5D, 0x85, 0x5F, 0x82, 0xBF, 0x00, 0xFF,
    0x87, 0x08, 0x4A, 0xFC, 0xB9, 0x1D, 0x0C, 0xCB, 0x09, 0xD5, 0x6F, 0x6D, 0xE9, 0xD3, 0xAE, 0x59,
    0x98, 0xF3, 0xCF, 0xFB, 0x32, 0x50, 0x7E, 0xEC, 0x37, 0xDB, 0x94, 0x00, 0x0F, 0xBD, 0x35, 0xE5,
    0x4F, 0x56, 0xA6, 0x2B, 0xF9, 0xCA, 0xD3, 0x95, 0x6D, 0x9A, 0xA8, 0x6F, 0x24, 0xE4, 0x8C, 0x8F,
    0x99, 0xEA, 0x23, 0x7F, 0xA1, 0x1E, 0x79, 0x4F, 0x95, 0x53, 0xD5, 0x7A, 0x3D, 0x39, 0xD0, 0x57,
    0x44, 0xF5, 0x15, 0x3E, 0x92, 0x64, 0xFA, 0xA6, 0xA2, 0x8A, 0x5F, 0x73, 0x22, 0xB7, 0xE9, 0x84,
    0xC5, 0x87, 0x9E, 0x31, 0xB0, 0xF6, 0x6A, 0xE8, 0x55, 0x06, 0xEF, 0xF6, 0xA2, 0x9E, 0x53, 0x9B,
    0x08, 0x0B, 0xE5, 0x84, 0x8D, 0x4A, 0x8E, 0x85, 0xD4, 0x04, 0x5F, 0x45, 0x85, 0x2B, 0xEC, 0x40,
    0xD6, 0x68, 0xDE, 0xC9, 0xF9, 0x72, 0x8D, 0x0C, 0xC1, 0xA6, 0x98, 0x27, 0x53, 0x6C, 0xBC, 0x74,
    0x2D, 0x9F, 0x43, 0xF6, 0x76, 0x29, 0xD2, 0x6E, 0x86, 0x21, 0x99, 0xB7, 0xB4, 0x44, 0x40, 0x29,
    0x2D, 0x98, 0x04, 0x1A, 0x45, 0xF4, 0xB0, 0x0E, 0x96, 0x64, 0x20, 0x85, 0x3D, 0xF8, 0xEF, 0xCB,
    0xDA, 0x4F, 0x54, 0xF4, 0x63, 0xD5, 0xFC, 0xB1, 0x0A, 0xDF, 0x97, 0xCE, 0xED, 0x83, 0x5F, 0x49,
    0x8C, 0x17, 0xB1, 0xDA, 0xF2, 0x96, 0x5C, 0x69, 0xC9, 0x82, 0x9A, 0x4D, 0x5B, 0x84, 0xBE, 0x0B,
    0xD5, 0xC1, 0x6A, 0xEE, 0xC9, 0x45, 0xCA, 0x24, 0xCA, 0x57, 0x93, 0x67, 0xDE, 0xEB, 0xD5, 0x9A,
    0xB5, 0xE6, 0x13, 0xD1, 0x64, 0x93, 0x78, 0x0D, 0x5D, 0xDD, 0xEE, 0xF5, 0x2A, 0x61, 0xED, 0xB0,
    0x74, 0x98, 0x2C, 0x9D, 0x78, 0x7E, 0x57, 0xD7, 0x79, 0x2E, 0xF5, 0x1B, 0xF2, 0x1A, 0xAF, 0xA3,
    0x97, 0x73, 0x72, 0x25, 0xF7, 0x26, 0xC1, 0x8E, 0x15, 0xFB, 0x14, 0x8A, 0xA6, 0xAA, 0xFE, 0x44,
    0xF9, 0x9F, 0x64, 0x59, 0xFB, 0x6F, 0xF2, 0x2A, 0xC1, 0x11, 0x07, 0x0B, 0x85, 0x50, 0xCD, 0xAF,
    0xAD, 0x25, 0x8C, 0x77, 0xCB, 0x29, 0x6A, 0xC1, 0x26, 0x6A, 0xA2, 0xF9, 0x04, 0x15, 0xC0, 0xF6,
    0x63, 0xD2, 0x5F, 0x8F, 0xFC, 0xB8, 0x1E, 0xA8, 0x90, 0x8E, 0x7E, 0xD2, 0x6C, 0x3F, 0x11, 0x93,
    0x25, 0xCC, 0x57, 0x61, 0x7B, 0x2C, 0xD6, 0x4D, 0x58, 0x7F, 0xCD, 0x1F, 0x7C, 0x6D, 0x78, 0x4E,
    0x70, 0x46, 0x9D, 0xE3, 0x61, 0xE6, 0x35, 0xBD, 0x68, 0xF4, 0xEC, 0x2C, 0x61, 0x73, 0x88, 0x35,
    0x59, 0xC1, 0x63, 0x89, 0xEF, 0x57, 0x8A, 0x95, 0x12, 0x8D, 0x62, 0xDB, 0x03, 0x47, 0xBB, 0x22,
    0x73, 0x28, 0x4B, 0x12, 0xBD, 0x1D, 0x09, 0xEC, 0xCC, 0x73, 0x5B, 0x94, 0x40, 0x21, 0x58, 0xCF,
    0xC7, 0x45, 0x4D, 0xD6, 0xB9, 0xA8, 0xA9, 0x2B, 0xEA, 0x1B, 0x82, 0xCA, 0x76, 0x63, 0x02, 0x7E,
    0xC3, 0xA7, 0x57, 0x1B, 0x75, 0x55, 0x57, 0x4C, 0x09, 0x74, 0x4A, 0xEA, 0xF7, 0x3C, 0xC3, 0x96,
    0x4B, 0x4C, 0xC1, 0xB5, 0xF9, 0x55, 0x70, 0x8A, 0x5E, 0xB9, 0x7A, 0x13, 0xC5, 0x3A, 0x4B, 0xFE,
    0x82, 0xCA, 0xD7, 0xA3, 0x2F, 0xD7, 0xA3, 0xF4, 0x16, 0xDB, 0x87, 0xC2, 0xD5, 0xF7, 0x59, 0xAA,
    0xB7, 0x62, 0x9F, 0x8C, 0xE4, 0xD7, 0xDA, 0x8B, 0x1C, 0x9A, 0xB3, 0x03, 0xC2, 0x4C, 0x93, 0xE7,
    0xA3, 0xFF, 0x22, 0x1E, 0x5F, 0xD5, 0xCE, 0x2C, 0x0D, 0x64, 0x90, 0x1D, 0x1C, 0x5F, 0x6A, 0x34,
    0x03, 0x0A, 0x1A, 0x9B, 0x33, 0xD0, 0x3B, 0x2D, 0x6B, 0x26, 0x50, 0x2A, 0x73, 0xF5, 0x3D, 0x2D,
    0x0C, 0xDB, 0xD5, 0xCA, 0xBD, 0xA8, 0xEF, 0xEC, 0x9B, 0x8A, 0xB4, 0x89, 0xA9, 0x67, 0x60, 0x26,
    0x0C, 0x9E, 0x6F, 0xDE, 0x8E, 0xAF, 0xA8, 0x32, 0xA3, 0xE8, 0x9D, 0x58, 0x43, 0x68, 0xA8, 0xA5,
    0x69, 0xDF, 0xE5, 0x55, 0x4D, 0x69, 0x6B, 0xDC, 0x78, 0xF1, 0xF9, 0xF3, 0x03, 0x9B, 0xF4, 0xEC,
    0x92, 0x5D, 0x9A, 0xEF, 0x91, 0x9D, 0xFA, 0xFD, 0x3D, 0x18, 0x29, 0xCD, 0x1A, 0x0D, 0x46, 0x67,
    0x97, 0xB8, 0x14, 0xAC, 0xFF, 0xA5, 0xC3, 0x43, 0xBF, 0xA0, 0xD9, 0xD6, 0x7F, 0xC6, 0xF0, 0x98,
    0x52, 0xD9, 0x53, 0xD4, 0x91, 0xE4, 0x64, 0xFA, 0x38, 0x31, 0xA5, 0x1D, 0x57, 0x32, 0x53, 0x42,
    0xD0, 0xDF, 0x26, 0x56, 0x68, 0xFC, 0x2B, 0xAC, 0x2D, 0x51, 0xF8, 0xB4, 0x2A, 0xD6, 0x93, 0xD6,
    0x4D, 0x86, 0x92, 0x99, 0xAD, 0x27, 0xD1, 0xF3, 0x5D, 0x41, 0xEE, 0xA0, 0xF2, 0x4F, 0xDC, 0xD2,
    0x8F, 0x60, 0xEE, 0x2B, 0x6D, 0xBE, 0x23, 0x63, 0x6B, 0xC8, 0x1D, 0x8E, 0x92, 0x87, 0xAE, 0xDB,
    0xD9, 0xEA, 0xB7, 0x8C, 0xDF, 0x3D, 0x46, 0x1E, 0x32, 0x14, 0xD8, 0xEA, 0x0F, 0x51, 0x40, 0x2B,
    0x58, 0xA5, 0x26, 0xC9, 0x31, 0xA4, 0x6B, 0x22, 0x67, 0xC1, 0xFA, 0x26, 0xCC, 0xF7, 0x60, 0xFC,
    0x07, 0x38, 0x8F, 0x22, 0xDD, 0x2E, 0xE9, 0x0C, 0x73, 0xC3, 0x4F, 0xFB, 0xE5, 0xA2, 0x2C, 0xB0,
    0x41, 0xB9, 0x4A, 0xAE, 0xC2, 0xF8, 0x21, 0xF0, 0xA1, 0xB1, 0x6E, 0x7F, 0x44, 0x7A, 0xAA, 0xB4,
    0x3C, 0xAA, 0x24, 0x23, 0x77, 0x22, 0x23, 0x77, 0xBF, 0xA1, 0x19, 0xD3, 0xA0, 0x13, 0x5A, 0xA4,
    0xF1, 0xB7, 0x44, 0xEE, 0xBE, 0x08, 0x67, 0x9A, 0xBE, 0x9F, 0xA7, 0xD1, 0x25, 0xF6, 0x24, 0xEF,
    0x31, 0x26, 0xB2, 0x84, 0xA5, 0xB2, 0x62, 0x9D, 0x1B, 0x1A, 0xA0, 0x70, 0xEE, 0x28, 0xA6, 0x52,
    0x0C, 0xFE, 0x00, 0xC1, 0x3D, 0x0C, 0xB4, 0xD8, 0x87, 0x64, 0x83, 0x47, 0x24, 0xD1, 0x51, 0xE6,
    0xBB, 0x37, 0x5E, 0x1C, 0x10, 0x5F, 0xFB, 0x06, 0x98, 0x9D, 0x9B, 0x2C, 0x44, 0xE0, 0x82, 0x57,
    0x71, 0xE0, 0xEF, 0xEE, 0xF3, 0x38, 0xEE, 0xEF, 0x8B, 0xAF, 0x0C, 0xB8, 0x23, 0xCB, 0x5F, 0x4A,
    0xE7, 0x33, 0x70, 0xE9, 0x0C, 0xF1, 0x4B, 0xF3, 0x08, 0xA3, 0x3A, 0x02, 0xA7, 0xD7, 0xE0, 0xFF,
    0x0D, 0x82, 0x16, 0x2A, 0x4F, 0xA3, 0x32, 0x71, 0x00, 0xA7, 0x5C, 0xDF, 0x2C, 0x5C, 0xBC, 0x81,
    0x13, 0xE9, 0xFD, 0x11, 0x8A, 0x36, 0x83, 0xDA, 0x5A, 0x3A, 0x4C, 0xE8, 0x2C, 0xA5, 0x8F, 0x35,
    0x07, 0x97, 0xD6, 0x4F, 0x68, 0x0E, 0x32, 0x18, 0xD8, 0x92, 0xC3, 0x7B, 0x82, 0x0D, 0x8A, 0x12,
    0x12, 0xDD, 0x9B, 0xFC, 0x29, 0xAD, 0x5B, 0xDA, 0x06, 0x75, 0xB6, 0x49, 0x26, 0x41, 0x1C, 0x33,
    0xC1, 0x20, 0xE7, 0x90, 0x82, 0x67, 0xB0, 0x16, 0x31, 0x89, 0xAF, 0x6E, 0x52, 0x14, 0x7A, 0x84,
    0x30, 0x1E, 0xCD, 0xBA, 0x36, 0xD7, 0x2D, 0x9C, 0xA5, 0x41, 0x88, 0xEE, 0x35, 0x08, 0x73, 0xBA,
    0x41, 0xD0, 0x61, 0xCF, 0xF9, 0xC4, 0x29, 0x3E, 0x38, 0x88, 0x93, 0x0A, 0xEA, 0xC2, 0x3D, 0x5C,
    0x3E, 0xAD, 0x9B, 0xB0, 0x48, 0x2B, 0xD4, 0xA4, 0x9C, 0x3C, 0x56, 0x78, 0x27, 0xC9, 0x73, 0x96,
    0x98, 0x42, 0x3E, 0x23, 0xA3, 0xA9, 0x6B, 0x2D, 0x53, 0x70, 0xBA, 0x79, 0xB8, 0xB3, 0x20, 0x5C,
    0x77, 0xE7, 0xE0, 0x52, 0xA3, 0x90, 0x13, 0xEC, 0x6A, 0xB9, 0xA3, 0xD3, 0x28, 0x7B, 0xD2, 0xC4,
    0x11, 0xC8, 0xA9, 0x12, 0xE2, 0x4C, 0x0F, 0x5A, 0x08, 0xB9, 0x4A, 0x8F, 0xFD, 0x37, 0x38, 0x1F,
    0x22, 0x5E, 0xF4, 0x47, 0x64, 0xDD, 0x3F, 0xA3, 0xE5, 0x13, 0xD7, 0x75, 0xFE, 0x84, 0xC6, 0x1F,
    0x2B, 0x38, 0xB4, 0x22, 0x87, 0x28, 0x50, 0x20, 0xD7, 0x34, 0x08, 0x2D, 0xD8, 0xA8, 0x7E, 0x18,
    0xD5, 0x65, 0x02, 0x5A, 0x54, 0x9B, 0xA8, 0x92, 0xE9, 0x5D, 0xF6, 0xB5, 0x0E, 0xBD, 0x9B, 0x36,
    0xFE, 0xF3, 0xC6, 0xDF, 0x11, 0xCB, 0x81, 0x5D, 0x84, 0xFD, 0x16, 0x6C, 0x8A, 0x2D, 0x2B, 0x6B,
    0x0F, 0x93, 0x40, 0x7E, 0x0F, 0x38, 0x37, 0xA5, 0x69, 0x2D, 0x47, 0x68, 0x17, 0xCF, 0xD3, 0x07,
    0x62, 0x48, 0xD3, 0xB0, 0xCB, 0xB0, 0x53, 0xD8, 0x21, 0xD7, 0x8D, 0xF9, 0xCF, 0x0F, 0xB3, 0xFE,
    0xCD, 0xED, 0x45, 0x62, 0x7F, 0x2F, 0x91, 0x91, 0x15, 0xCC, 0xB7, 0x25, 0xCC, 0x77, 0x89, 0x21,
    0xFE, 0x1F, 0x8D, 0xEF, 0xD3, 0xE7, 0xB7, 0xE9, 0x9C, 0x4A, 0x68, 0x6C, 0xC2, 0xDE, 0xE6, 0x52,
    0x33, 0x89, 0x8D, 0xAB, 0xEA, 0xEA, 0xB4, 0xB0, 0x66, 0x61, 0x45, 0xB0, 0x7C, 0x58, 0xC4, 0xB6,
    0xAE, 0x52, 0x9C, 0x88, 0x33, 0x34, 0x2B, 0x32, 0xE3, 0xA0, 0x0C, 0xC4, 0x47, 0xC0, 0xF8, 0x18,
    0xE5, 0xB0, 0xB2, 0xEC, 0xD4, 0xC8, 0xC4, 0xB7, 0x71, 0x8C, 0xEB, 0x0C, 0xD1, 0xD1, 0x39, 0x3C,
    0xF0, 0x33, 0x8E, 0x9F, 0xD3, 0x87, 0x83, 0xAE, 0xA8, 0x5D, 0x8D, 0xFC, 0x52, 0x79, 0x94, 0xD1,
    0x04, 0x7C, 0xAB, 0xCD, 0x25, 0xC5, 0xE6, 0x5E, 0x65, 0x70, 0x58, 0xE4, 0xA4, 0xA6, 0xBC, 0xA3,
    0xAF, 0xC4, 0x29, 0x11, 0x52, 0x7C, 0xDF, 0x3B, 0x04, 0x3F, 0xBA, 0xA5, 0x61, 0x27, 0x37, 0x6C,
    0xE8, 0x9D, 0x59, 0x4E, 0xF4, 0x2E, 0x91, 0x21, 0x6A, 0x3A, 0x50, 0x99, 0xDB, 0xA9, 0xCC, 0x95,
    0x2A, 0x9E, 0x53, 0xF1, 0x0A, 0xED, 0x45, 0xFA, 0xBD, 0x34, 0x08, 0x0C, 0x7B, 0x59, 0xB7, 0x2C,
    0xD4, 0x23, 0xA5, 0x39, 0x51, 0x99, 0x43, 0xBE, 0x01, 0x11, 0x16, 0x36, 0x5B, 0x9E, 0x17, 0xD6,
    0x4B, 0x8D, 0x7A, 0xA9, 0x1A, 0x16, 0xED, 0xDF, 0x7B, 0xC4, 0xE8, 0xFF, 0x9C, 0xF8, 0x6E, 0x21,
    0x45, 0x85, 0x52, 0xF5, 0x15, 0xBC, 0xFE, 0x1C, 0xBE, 0xF3, 0x39, 0x7C, 0xF6, 0x39, 0x31, 0xDF,
    0x87, 0xDE, 0x1B, 0x1A, 0xA3, 0xC5, 0x2A, 0xE9, 0x5E, 0x87, 0x1C, 0xFF, 0x18, 0x77, 0x4A, 0x47,
    0xB9, 0x96, 0x05, 0x5B, 0x50, 0x4F, 0x2F, 0xA6, 0xC7, 0x68, 0xC3, 0xFA, 0x5A, 0x49, 0xE6, 0x81,
    0x63, 0x1C, 0x2D, 0xA6, 0x94, 0x23, 0xEF, 0xDD, 0xCA, 0x25, 0x8F, 0x9B, 0xD2, 0xA5, 0x14, 0xFA,
    0x16, 0xAC, 0xF7, 0x98, 0xBE, 0xB3, 0x44, 0x5A, 0xA8, 0x52, 0xFD, 0x9C, 0xA7, 0x5B, 0x75, 0x85,
    0x33, 0xCD, 0x41, 0xCA, 0xE1, 0xB2, 0xCE, 0x45, 0x92, 0x89, 0xFE, 0x21, 0xA1, 0x33, 0xC7, 0xF4,
    0x18, 0xDB, 0x98, 0xBA, 0xFB, 0x60, 0x3D, 0xEE, 0xDE, 0x71, 0x3D, 0xE3, 0xF5, 0x76, 0xAB, 0x83,
    0xDE, 0x8E, 0x7B, 0x35, 0xF6, 0x88, 0x29, 0x78, 0x7D, 0x47, 0xB8, 0xE2, 0x2E, 0xF9, 0xAB, 0x98,
    0x55, 0x96, 0x3F, 0xBF, 0xF3, 0x42, 0xF2, 0xEC, 0xDB, 0x57, 0xA9, 0x2D, 0xB0, 0xE4, 0xE1, 0x61,
    0x1E, 0x1B, 0x54, 0xBF, 0xB9, 0x65, 0xA8, 0x23, 0x2B, 0x57, 0x35, 0x5D, 0x7E, 0xEF, 0xC8, 0x6B,
    0x0F, 0x8B, 0x9C, 0x75, 0x20, 0x76, 0x3F, 0xD1, 0x2C, 0x76, 0x99, 0x81, 0xF7, 0xC1, 0xDD, 0x61,
    0xC8, 0x1E, 0x64, 0x99, 0x39, 0x42, 0x4E, 0x07, 0xD3, 0xEB, 0x7C, 0x6E, 0xDB, 0xA3, 0xA6, 0xAE,
    0xCC, 0x52, 0x2A, 0xC7, 0xF6, 0x1B, 0x31, 0x9A, 0x31, 0xCA, 0x31, 0x66, 0xB4, 0x41, 0x74, 0x7B,
    0xD9, 0x6B, 0x7F, 0x22, 0xFC, 0x54, 0xF8, 0xD9, 0x5E, 0x2E, 0x34, 0x43, 0x86, 0xEE, 0x20, 0x1E,
    0x96, 0xAB, 0x03, 0xE4, 0x26, 0x20, 0x8F, 0x33, 0x09, 0xAE, 0x6D, 0x67, 0x14, 0x2B, 0xC4, 0x01,
    0x61, 0x7F, 0x74, 0x9B, 0xAB, 0x60, 0xA5, 0x78, 0x20, 0x94, 0xAB, 0x83, 0x57, 0xF2, 0x50, 0x0F,
    0xD4, 0x1E, 0xE2, 0x59, 0x65, 0x89, 0xDF, 0x66, 0x2B, 0xDC, 0x7E, 0x59, 0xD8, 0x64, 0xCF, 0x9C,
    0x1C, 0xF4, 0xC2, 0x8A, 0x6A, 0x53, 0x4A, 0xA9, 0xB2, 0x78, 0x3D, 0xDB, 0xD2, 0xC1, 0x8F, 0x5E,
    0x7A, 0xAE, 0x54, 0xBD, 0x5E, 0xA4, 0x28, 0x75, 0x0D, 0x6B, 0x17, 0x59, 0x7A, 0xCE, 0xD1, 0xF3,
    0x26, 0x66, 0xCE, 0xA6, 0x6D, 0xE8, 0x3A, 0xFD, 0xB2, 0x7E, 0xDF, 0xCC, 0x8F, 0xE8, 0x5E, 0xE7,
    0xC6, 0xF1, 0xD4, 0x4D, 0x53, 0xCD, 0x5B, 0xAC, 0xA7, 0xF8, 0xF0, 0x6D, 0xFE, 0xB8, 0xFE, 0x6B,
    0xEE, 0x56, 0x09, 0x18, 0xEF, 0x00, 0x7B, 0xAC, 0xEA, 0xB4, 0xD6, 0xEE, 0x84, 0x4A, 0xB2, 0x05,
    0x97, 0xE8, 0x02, 0x12, 0x17, 0x11, 0x49, 0x20, 0x9B, 0x7A, 0x43, 0xB9, 0x8B, 0xAA, 0x24, 0x9C,
    0xCD, 0x2A, 0x89, 0x6E, 0x33, 0x8B, 0xED, 0x12, 0x2D, 0xAB, 0x48, 0xD5, 0xB3, 0x8E, 0xEE, 0x70,
    0xA3, 0x29, 0x31, 0x86, 0x62, 0x8A, 0xC4, 0x04, 0x65, 0x77, 0xF2, 0x15, 0x24, 0xBB, 0xB9, 0x5D,
    0x8D, 0x08, 0xF5, 0x2C, 0x0A, 0xA9, 0xE7, 0x0B, 0x27, 0xC3, 0xE9, 0x30, 0x1F, 0x3E, 0x1D, 0x52,
    0xCF, 0xC7, 0x4A, 0xCE, 0xB0, 0xAB, 0x44, 0x20, 0x3A, 0xDC, 0xC9, 0x34, 0x29, 0x2E, 0xAC, 0x64,
    0x08, 0xD4, 0x25, 0x54, 0xAF, 0x0F, 0x19, 0xF7, 0x10, 0xE2, 0xB2, 0xBD, 0x19, 0xB2, 0xFA, 0xD9,
    0x0A, 0x81, 0x76, 0xED, 0x00, 0x4C, 0x27, 0x4E, 0x2A, 0x04, 0x55, 0xFD, 0xFB, 0x24, 0xFF, 0x7A,
    0xBF, 0xA4, 0xA1, 0x98, 0xB7, 0xB7, 0x19, 0xF6, 0x69, 0x3E, 0xD3, 0xC7, 0x3B, 0x3A, 0x93, 0x4C,
    0xC6, 0x95, 0xE6, 0x94, 0x0D, 0x38, 0x71, 0xC2, 0x06, 0x1C, 0xE7, 0x42, 0x34, 0xD8, 0xB2, 0x66,
    0x8A, 0x21, 0x06, 0xED, 0xF2, 0x94, 0xFA, 0xC8, 0xB7, 0xD4, 0x6F, 0xFD, 0xB3, 0x2A, 0xFF, 0x4C,
    0xB5, 0xFE, 0x3E, 0xD1, 0x56, 0xA6, 0x38, 0x11, 0xB3, 0x61, 0x65, 0xF8, 0x6A, 0x67, 0xD8, 0xB1,
    0x42, 0x87, 0x27, 0x54, 0xB6, 0xB0, 0x33, 0x6E, 0xFD, 0x52, 0x0A, 0x2E, 0x31, 0x6A, 0x8D, 0xEC,
    0x49, 0x68, 0xBD, 0xF4, 0xD0, 0x19, 0x71, 0x66, 0x9D, 0x95, 0x24, 0x4C, 0x4E, 0xD0, 0x68, 0xDF,
    0xA5, 0x88, 0x4E, 0xF3, 0x30, 0x69, 0xAD, 0x79, 0x1A, 0xB3, 0x34, 0x2E, 0x50, 0xB7, 0xF2, 0x0F,
    0x14, 0xFD, 0x8A, 0x98, 0x97, 0x88, 0x48, 0x4B, 0x94, 0x0F, 0xDE, 0xD9, 0xBF, 0x99, 0x6D, 0x14,
    0x8B, 0xDA, 0xBF, 0xA8, 0x99, 0x7F, 0x17, 0x46, 0x82, 0x47, 0x19, 0x71, 0xC4, 0x62, 0x9F, 0x3D,
    0x43, 0xF9, 0x94, 0x33, 0x90, 0xFB, 0x32, 0x67, 0xD2, 0x38, 0xFB, 0xC3, 0x13, 0xF0, 0xCA, 0xAE,
    0x1A, 0x6D, 0x4D, 0xF9, 0x11, 0xFB, 0x54, 0x68, 0x55, 0x99, 0x0D, 0x4F, 0xF5, 0x64, 0x93, 0x16,
    0xFC, 0xE1, 0x2F, 0x6D, 0x7E, 0xF7, 0x4B, 0x51, 0x13, 0x49, 0x48, 0xD9, 0xF2, 0x2A, 0x87, 0xD8,
    0xBC, 0x5C, 0x4A, 0x29, 0x55, 0xEA, 0x97, 0xA3, 0x68, 0x99, 0xFB, 0x65, 0x7E, 0xFC, 0x17, 0xF9,
    0xFF, 0x3C, 0xE3, 0xDC, 0x1C, 0xC6, 0x61, 0x8C, 0x11, 0x15, 0x19, 0x24, 0x90, 0x16, 0xB0, 0x9E,
    0x5F, 0x0B, 0x0D, 0x8C, 0x77, 0x41, 0x72, 0x3F, 0x28, 0x98, 0xF1, 0x57, 0x26, 0x66, 0x4E, 0xDB,
    0xE0, 0xAE, 0xC7, 0xF5, 0x78, 0x74, 0x27, 0x88, 0x28, 0xE4, 0x7E, 0xD9, 0xA3, 0x70, 0x8B, 0xCD,
    0x18, 0xCC, 0x25, 0xDD, 0x25, 0xB7, 0x59, 0xE2, 0xEB, 0x2F, 0xA7, 0xDD, 0xC4, 0x54, 0x44, 0x46,
    0xA9, 0xDC, 0xF3, 0x8A, 0xB8, 0xFB, 0xBD, 0xA2, 0x2E, 0x13, 0xFA, 0xC5, 0x03, 0xD4, 0x39, 0xF3,
    0x86, 0xB7, 0x8E, 0xFE, 0xFB, 0x6D, 0x3E, 0x51, 0x6E, 0xC4, 0x3A, 0x0C, 0xCF, 0xAA, 0xBC, 0x50,
    0x41, 0x21, 0x7C, 0x90, 0xF2, 0xFF, 0x57, 0x10, 0x62, 0x9C, 0x9D, 0xEC, 0x52, 0xBD, 0x54, 0x1F,
    0xDD, 0x98, 0x1A, 0xDD, 0x06, 0xEF, 0xF4, 0xFB, 0xA3, 0x37, 0x9F, 0xD0, 0xC9, 0x9E, 0xF8, 0xE4,
    0x13, 0x6F, 0x3E, 0xFC, 0xE4, 0x23, 0x2A, 0xEC, 0x39, 0x8E, 0x9F, 0x71, 0xB6, 0x35, 0x33, 0x3F,
    0x1F, 0xDF, 0xFA, 0x81, 0xDE, 0xA2, 0x1D, 0x6B, 0x03, 0x1C, 0x6E, 0x7A, 0x9F, 0xED, 0x32, 0x7A,
    0xBD, 0xAF, 0xF0, 0xE4, 0x58, 0xAA, 0x8A, 0xB5, 0x52, 0xED, 0x3E, 0xAA, 0xE6, 0x62, 0x7C, 0x46,
    0x42, 0x8C, 0xA5, 0xCA, 0xF8, 0x81, 0xD5, 0x9B, 0x5A, 0xBE, 0xEF, 0xBC, 0xAC, 0x17, 0x60, 0x8C,
    0xB7, 0x3F, 0x5E, 0x59, 0xAF, 0xAC, 0x8F, 0xEE, 0xCD, 0x3D, 0xE0, 0x3F, 0x5A, 0x7A, 0x1B, 0x7B,
    0x50, 0x14, 0xC4, 0x91, 0x4D, 0xAC, 0x0E, 0x55, 0x92, 0x61, 0x47, 0x81, 0x30, 0xD5, 0x01, 0x7C,
    0xD6, 0x7D, 0x6D, 0xEB, 0x0B, 0x2C, 0x38, 0x7D, 0x6F, 0x2F, 0x77, 0xB7, 0x87, 0x24, 0x8F, 0x64,
    0x22, 0xDB, 0x89, 0x64, 0x32, 0x9B, 0x1C, 0x15, 0xE6, 0xA2, 0x58, 0xD4, 0xFF, 0x18, 0x74, 0x5F,
    0xB2, 0x8B, 0x39, 0x04, 0x69, 0x46, 0xAD, 0x6D, 0x02, 0x75, 0x2E, 0xD1, 0xE5, 0xFB, 0x90, 0x59,
    0xFA, 0xFC, 0x09, 0xD2, 0x41, 0x0D, 0x99, 0x25, 0x18, 0xDD, 0xE7, 0xA0, 0x57, 0xAD, 0xEB, 0xB4,
    0x97, 0x71, 0x50, 0xEA, 0xAD, 0x0E, 0x11, 0xDA, 0xA8, 0x55, 0x27, 0x22, 0xA7, 0x1B, 0x6F, 0x43,
    0x76, 0xD4, 0x9E, 0x2D, 0x9A, 0x16, 0xB5, 0x7A, 0xEF, 0x0B, 0xBC, 0x85, 0xC2, 0xD6, 0x3A, 0x2E,
    0x02, 0xEF, 0x0A, 0xF3, 0x29, 0x55, 0x40, 0xBA, 0xF5, 0x3B, 0xCC, 0x60, 0x16, 0x5A, 0xDE, 0xB2,
    0xAD, 0x3E, 0xFE, 0x3F, 0x53, 0x71, 0x31, 0x5A, 0x25, 0xD4, 0xFF, 0x25, 0xA5, 0x97, 0xBF, 0x6F,
    0xD3, 0x40, 0x14, 0xC7, 0xBF, 0x77, 0x76, 0xE3, 0x10, 0x27, 0xB6, 0x07, 0x24, 0x90, 0x88, 0x5A,
    0x90, 0x2A, 0x11, 0x44, 0x4A, 0x2C, 0xD1, 0xC1, 0x82, 0x40, 0x8F, 0x81, 0x3D, 0x03, 0x03, 0x03,
    0x43, 0x87, 0x0E, 0x8C, 0x19, 0x18, 0x22, 0x10, 0xCA, 0x31, 0x22, 0x84, 0x94, 0x3F, 0x80, 0x21,
    0x3B, 0x20, 0x65, 0xA8, 0x50, 0x07, 0x04, 0xC7, 0x86, 0x98, 0xB2, 0xB1, 0x86, 0x0D, 0x01, 0x12,
    0x1D, 0x58, 0x50, 0x41, 0xF0, 0xEE, 0x9C, 0xA6, 0xA5, 0xB1, 0x83, 0xED, 0x3A, 0x39, 0xFF, 0x68,
    0xCE, 0x9F, 0xF7, 0xEE, 0xBD, 0xEF, 0xBB, 0xBB, 0x02, 0x74, 0x54, 0xA8, 0xF9, 0xD4, 0xCE, 0x08,
    0xE0, 0xB2, 0x04, 0xCE, 0x29, 0x60, 0x30, 0x06, 0xBE, 0x4C, 0xC0, 0x64, 0x17, 0x96, 0x58, 0x87,
    0x83, 0x36, 0x5A, 0xEA, 0xAD, 0xD0, 0xDD, 0x61, 0x53, 0x5B, 0x8E, 0xAF, 0xAE, 0x0A, 0x55, 0xA0,
    0x98, 0xBA, 0xA0, 0xBA, 0xEA, 0xFA, 0x0F, 0xFD, 0xA3, 0x0B, 0x66, 0x3A, 0x61, 0x85, 0x3A, 0x3B,
    0x74, 0x65, 0xF9, 0x2D, 0x30, 0x54, 0xA4, 0x65, 0x5E, 0x9C, 0xE7, 0x97, 0x89, 0x16, 0x81, 0xBA,
    0xC6, 0x56, 0xF2, 0xFA, 0x0E, 0xAC, 0x23, 0x74, 0xB1, 0x2C, 0x03, 0x71, 0x94, 0xCD, 0xE9, 0x47,
    0xFE, 0x81, 0x4E, 0x1B, 0xC5, 0xD8, 0x02, 0x13, 0x84, 0x48, 0x66, 0xC7, 0xC7, 0x0B, 0x62, 0x36,
    0x88, 0x3F, 0x2E, 0xE6, 0x7B, 0x87, 0x77, 0x31, 0x48, 0xE1, 0xDB, 0x41, 0xEC, 0xB7, 0x66, 0x16,
    0x8C, 0xCD, 0xD2, 0x66, 0x4B, 0xBA, 0xF0, 0x92, 0xE8, 0xC7, 0xA0, 0x1E, 0x56, 0x0B, 0x87, 0x2B,
    0xCA, 0x2A, 0x5D, 0x35, 0x44, 0xB3, 0xA8, 0x05, 0x34, 0x96, 0x2B, 0xD3, 0xB1, 0xE4, 0xB5, 0x26,
    0x38, 0x29, 0xE7, 0xAC, 0x58, 0x51, 0x6C, 0xDE, 0x0A, 0x61, 0xD1, 0xC4, 0xB1, 0xF8, 0x36, 0xAA,
    0x58, 0x22, 0x7E, 0x2B, 0x89, 0x8F, 0x29, 0xE7, 0x54, 0xE7, 0x20, 0x17, 0x79, 0x73, 0x80, 0x33,
    0xF2, 0x7C, 0xB2, 0xF7, 0xFB, 0x19, 0xEE, 0x14, 0xF7, 0x7E, 0xA9, 0xD3, 0x92, 0x69, 0xB1, 0x39,
    0x46, 0xCC, 0x0F, 0x65, 0x18, 0x58, 0x95, 0xBE, 0x4C, 0xCB, 0x70, 0xEB, 0xB9, 0xF0, 0x19, 0x69,
    0x0C, 0xFA, 0x5B, 0x86, 0xFB, 0x02, 0xAE, 0x8D, 0xF8, 0xD1, 0x87, 0x6A, 0x7D, 0x95, 0x71, 0x19,
    0x61, 0x57, 0x9F, 0x2B, 0xE3, 0x30, 0xBC, 0x3F, 0x1A, 0x62, 0x84, 0x28, 0x68, 0x4D, 0x18, 0xBD,
    0xEE, 0x08, 0x33, 0xB5, 0xB0, 0x6D, 0xA0, 0xAB, 0x6F, 0xB2, 0xE0, 0x18, 0x6A, 0x8A, 0x4B, 0x33,
    0x07, 0x1D, 0xE1, 0xE1, 0x06, 0xAC, 0x5F, 0x59, 0x31, 0x40, 0x69, 0x73, 0x45, 0x25, 0x40, 0xC8,
    0xAF, 0x27, 0xC2, 0xDD, 0x86, 0x6D, 0x67, 0xE3, 0xD8, 0xA4, 0xC0, 0xD0, 0x22, 0xA7, 0xE6, 0x59,
    0x94, 0x81, 0xDE, 0x00, 0xCE, 0x4E, 0x66, 0x16, 0x45, 0x21, 0xA4, 0x4C, 0x24, 0xB1, 0xA6, 0x52,
    0xFC, 0x98, 0x07, 0xD7, 0x61, 0x3B, 0xD6, 0x28, 0x11, 0x76, 0xD3, 0x44, 0x6A, 0x00, 0x2B, 0x33,
    0x8C, 0x51, 0xB4, 0x2C, 0x41, 0xB0, 0x60, 0x0E, 0x36, 0xCC, 0x13, 0xF6, 0x7D, 0x31, 0x70, 0x38,
    0xAA, 0x3A, 0x40, 0xAA, 0x28, 0x2E, 0xA2, 0x44, 0xE7, 0xBE, 0xF4, 0x70, 0xF4, 0xD3, 0xD7, 0x13,
    0xCA, 0xCB, 0x3A, 0x55, 0x7E, 0xBB, 0x49, 0xC7, 0xC3, 0xD4, 0x4E, 0x36, 0x99, 0x25, 0x05, 0xB7,
    0xED, 0x59, 0x4F, 0xB4, 0xF5, 0x8C, 0xC1, 0xFE, 0x28, 0x17, 0xDB, 0x75, 0x34, 0x23, 0xF8, 0xEB,
    0xF0, 0xEF, 0xC1, 0xEF, 0xC1, 0x6F, 0xC3, 0x6B, 0xA2, 0xEA, 0x23, 0xE2, 0x5F, 0xC6, 0xFA, 0x2D,
    0xFD, 0xA2, 0x3E, 0x97, 0x46, 0x8D, 0x66, 0xE8, 0x8D, 0xFC, 0xAE, 0x17, 0x55, 0x97, 0xB7, 0xB4,
    0x67, 0x96, 0x82, 0xA9, 0x92, 0xAB, 0xA6, 0xAE, 0xEC, 0x6C, 0x38, 0x51, 0x9A, 0xC0, 0xBC, 0x37,
    0xCF, 0x0B, 0x50, 0xDF, 0xC6, 0x03, 0x01, 0x21, 0x32, 0x3A, 0x56, 0xC5, 0x2A, 0x57, 0xCE, 0xD0,
    0x0E, 0x8E, 0xB2, 0x88, 0xE6, 0x3C, 0x45, 0x76, 0x56, 0x80, 0x88, 0x60, 0x96, 0xAC, 0x0C, 0xE6,
    0x59, 0xD3, 0xBA, 0xAC, 0x77, 0x73, 0xB8, 0x76, 0x12, 0xCF, 0xF8, 0xE7, 0x24, 0xC7, 0xF4, 0x42,
    0xF0, 0x16, 0xB8, 0x93, 0xC3, 0x37, 0x76, 0xCB, 0x9D, 0x24, 0x8F, 0x92, 0x5C, 0xCE, 0x15, 0xAE,
    0x38, 0x8F, 0x90, 0x96, 0x2A, 0x85, 0x48, 0xCB, 0xA7, 0x45, 0xA9, 0xF1, 0x74, 0x35, 0x73, 0xC5,
    0xF6, 0x3E, 0x11, 0xB7, 0x2F, 0x9A, 0x54, 0xD8, 0x6D, 0x92, 0x10, 0xD1, 0xD1, 0x9B, 0x5E, 0xF5,
    0xF3, 0x1A, 0x6A, 0xE6, 0x49, 0x1B, 0x30, 0x33, 0x64, 0xA8, 0x4B, 0x00, 0xEF, 0x88, 0x24, 0x4A,
    0xAF, 0x44, 0x63, 0x0D, 0xA1, 0x87, 0x91, 0x8F, 0xAE, 0x87, 0xA8, 0x8A, 0xE5, 0x2D, 0xB3, 0x10,
    0x8E, 0xA8, 0x35, 0x8A, 0xF1, 0x6B, 0x66, 0xD7, 0xC5, 0x1F, 0x2D, 0xE4, 0x4F, 0x05, 0xA9, 0x3B,
    0x17, 0xB1, 0xC1, 0xF4, 0xEC, 0x0C, 0xA6, 0xCC, 0xE6, 0x6E, 0x91, 0x19, 0x2A, 0xAB, 0xBE, 0xD0,
    0x8B, 0x72, 0xFE, 0x30, 0xD1, 0x18, 0xEE, 0xC2, 0xFD, 0xF4, 0xDF, 0x61, 0xA0, 0x00, 0x5B, 0xB7,
    0xF6, 0xF4, 0xFA, 0x9F, 0x11, 0xE8, 0x7C, 0x53, 0xC2, 0xFB, 0xB8, 0x8E, 0xFA, 0xEC, 0x53, 0x3D,
    0xD4, 0xCA, 0xD4, 0x4E, 0x93, 0x18, 0x56, 0x69, 0x6F, 0xD3, 0x05, 0xDF, 0x93, 0x5A, 0xD8, 0xFF,
    0x98, 0xE8, 0x5D, 0x43, 0x54, 0x43, 0x63, 0xFF, 0xDB, 0xAC, 0x61, 0xE5, 0xBB, 0x99, 0xB4, 0x68,
    0x5A, 0x33, 0xF0, 0x59, 0x3A, 0xBC, 0xF8, 0x36, 0xB7, 0x31, 0x81, 0x12, 0x8D, 0x6C, 0xBA, 0x3F,
    0x4B, 0xB7, 0xA7, 0xF7, 0x56, 0x15, 0xCA, 0x9A, 0x0D, 0xD5, 0xC7, 0x86, 0x98, 0x37, 0x51, 0x36,
    0xAD, 0x46, 0x26, 0x7C, 0x32, 0xE1, 0xD0, 0x5A, 0xCF, 0xF6, 0xE4, 0x4C, 0xB5, 0x24, 0x4A, 0x45,
    0x36, 0xC6, 0xBD, 0x4B, 0x22, 0x99, 0x6F, 0x54, 0x5B, 0x8C, 0x7F, 0x22, 0x56, 0xAD, 0x5C, 0xC8,
    0x9F, 0x85, 0x49, 0x2B, 0xAF, 0xC0, 0x18, 0x0E, 0xC2, 0xB4, 0xD8, 0x0C, 0x65, 0xA4, 0xFF, 0x48,
    0x97, 0x79, 0x7E, 0x13, 0xA4, 0xA7, 0xDB, 0x70, 0x27, 0x8B, 0xF9, 0x05, 0xDD, 0x3F, 0xAC, 0xDA,
    0xC5, 0x23, 0xD8, 0x17, 0x96, 0x3E, 0x0F, 0xF5, 0x92, 0xF1, 0xC6, 0x99, 0xAC, 0x71, 0xE9, 0x5B,
    0x70, 0x1E, 0xC3, 0x7A, 0x6F, 0xD6, 0xD4, 0x5D, 0x93, 0xAF, 0x91, 0xBE, 0xE1, 0x3F, 0x61, 0xE6,
    0x02, 0x17, 0x9C, 0x86, 0xFE, 0x3A, 0x8A, 0xD6, 0x9B, 0x61, 0xAD, 0xE3, 0x4A, 0x87, 0xB6, 0xD2,
    0x9C, 0xB6, 0xA4, 0x55, 0xEC, 0x10, 0x26, 0x0B, 0x03, 0x1D, 0xF3, 0xC7, 0x20, 0x09, 0x22, 0x76,
    0x26, 0x43, 0xA3, 0xF5, 0x6F, 0xFA, 0x7F, 0x30, 0x3A, 0xB2, 0x00, 0x19, 0x4E, 0x8C, 0x4D, 0xB8,
    0x52, 0xDD, 0xA2, 0x5B, 0xF6, 0x5B, 0xD7, 0x6A, 0x26, 0xFF, 0xC0, 0x37, 0xFD, 0x71, 0x3A, 0xEC,
    0x2F, 0x7D, 0x50, 0xB1, 0x6A, 0x1B, 0x41, 0x10, 0x7D, 0x77, 0xAB, 0xC4, 0x92, 0xA5, 0xE2, 0x02,
    0x4E, 0x61, 0xB0, 0xE3, 0x53, 0x30, 0x48, 0x91, 0x6C, 0x24, 0x73, 0x26, 0x08, 0xBC, 0x48, 0x53,
    0x04, 0xFC, 0x03, 0x2E, 0x5C, 0x1E, 0x91, 0x0B, 0x81, 0x11, 0x39, 0x88, 0x31, 0x76, 0xA5, 0x05,
    0x17, 0xC6, 0xE0, 0xE2, 0x9C, 0xCA, 0x85, 0x8B, 0x53, 0xE7, 0x52, 0x26, 0x29, 0xAE, 0x88, 0x61,
    0x3F, 0x40, 0x85, 0xF2, 0x07, 0x0E, 0xE4, 0x03, 0x96, 0x90, 0xC2, 0x45, 0xE0, 0x32, 0x7B, 0xD8,
    0x98, 0x34, 0x9E, 0x99, 0x9D, 0x7D, 0x33, 0xB3, 0xBB, 0xF3, 0x76, 0x1C, 0x8C, 0x00, 0x38, 0xB9,
    0x67, 0xC9, 0x32, 0xD5, 0xCB, 0xA8, 0x97, 0x65, 0x7F, 0x79, 0xE5, 0x42, 0x6F, 0xF1, 0xF9, 0x59,
    0xED, 0xA3, 0xE0, 0x87, 0x47, 0x52, 0x2E, 0x97, 0x8A, 0x5E, 0xEE, 0x0A, 0x9E, 0xAF, 0xAA, 0xEA,
    0xF8, 0x4E, 0x1A, 0x69, 0x96, 0xBF, 0x95, 0xFC, 0x62, 0xE8, 0xD1, 0x13, 0x72, 0x21, 0x48, 0xA0,
    0xB6, 0xB7, 0x3F, 0xE0, 0x9D, 0xD1, 0xA3, 0xBA, 0xB0, 0x15, 0x17, 0xA3, 0x54, 0xE0, 0x21, 0x4F,
    0xCD, 0x41, 0x6D, 0xCF, 0x22, 0xA0, 0xA5, 0x7A, 0xBA, 0xA7, 0x5B, 0x0A, 0x88, 0x0D, 0xE2, 0xD8,
    0xDC, 0x31, 0x88, 0x95, 0xF9, 0x39, 0xE3, 0x9A, 0xEF, 0x5B, 0xE6, 0x05, 0x68, 0xD4, 0x5C, 0x85,
    0x8B, 0x13, 0xE0, 0xC7, 0x94, 0xD7, 0x25, 0xF0, 0x31, 0x22, 0x6F, 0xF1, 0x4B, 0x74, 0xE5, 0x4C,
    0x1B, 0xA7, 0xA2, 0xD2, 0xDC, 0x9E, 0xAF, 0x34, 0xB6, 0x2B, 0xF3, 0xD5, 0xB3, 0xB6, 0x4B, 0x3B,
    0xF9, 0x77, 0x37, 0xDB, 0x21, 0xFB, 0xF7, 0x3A, 0xA0, 0x3E, 0xCF, 0x80, 0xD1, 0x34, 0xD8, 0xED,
    0xFB, 0x8E, 0x87, 0x49, 0xBB, 0xCD, 0xE1, 0x57, 0x04, 0xB4, 0xA1, 0x40, 0x8C, 0x36, 0x83, 0xC1,
    0xC6, 0x39, 0x3E, 0x80, 0xE6, 0xB0, 0x06, 0x03, 0x89, 0x39, 0xBE, 0x40, 0x08, 0x39, 0x2A, 0xD3,
    0x3A, 0x22, 0x28, 0x8C, 0xF5, 0x6F, 0x7D, 0xC3, 0x3A, 0xD6, 0x89, 0x0E, 0xB5, 0xBD, 0xC5, 0x19,
    0x26, 0xE8, 0xE3, 0x1E, 0xB7, 0x38, 0x44, 0x80, 0x2D, 0xEA, 0xF2, 0x49, 0x4B, 0xF7, 0x00, 0x29,
    0x3C, 0xBC, 0xDE, 0x69, 0x5C, 0x5B, 0x1A, 0x2E, 0xF1, 0x73, 0xA8, 0x00, 0x75, 0x80, 0xFB, 0x6A,
    0x38, 0xCA, 0xFE, 0xBA, 0x04, 0x2C, 0xE5, 0x89, 0x18, 0x0F, 0xF2, 0x47, 0x62, 0xD8, 0xE4, 0x41,
    0x29, 0x01, 0x5D, 0x16, 0xBA, 0xBB, 0x42, 0x51, 0x1D, 0xFE, 0x82, 0x2D, 0x1D, 0x2C, 0x21, 0x95,
    0xFC, 0xA6, 0x3D, 0x55, 0x1F, 0x4A, 0xB7, 0x23, 0x3A, 0xE5, 0x4E, 0x77, 0x35, 0x5A, 0xCD, 0xDB,
    0xD5, 0x53, 0x69, 0x4B, 0x63, 0x63, 0xAE, 0x27, 0x2F, 0x26, 0x2F, 0x93, 0x37, 0xC9, 0xF7, 0x70,
    0xC6, 0x9C, 0x91, 0x24, 0xC6, 0x00, 0xA3, 0x5F, 0x10, 0x19, 0x9B, 0xFE, 0xDF, 0x20, 0xEE, 0xB9,
    0xD9, 0xA3, 0xA5, 0x70, 0x87, 0x10, 0x45, 0xC0, 0x72, 0x2E, 0xE2, 0x93, 0x5A, 0xA1, 0x77, 0x64,
    0xA7, 0xC6, 0x63, 0x9B, 0x05, 0xBB, 0xBA, 0x5F, 0x55, 0xCE, 0x2B, 0xFC, 0x03, 0xC5, 0x90, 0xCD,
    0x4A, 0xC3, 0x40, 0x14, 0x85, 0x3F, 0x9B, 0xB1, 0x26, 0xA8, 0xA0, 0x90, 0x40, 0x84, 0xA8, 0x01,
    0x03, 0x95, 0x5A, 0xCB, 0x60, 0x23, 0x58, 0x22, 0x76, 0x1E, 0xA1, 0x2E, 0xAA, 0xFB, 0xBA, 0xD2,
    0x85, 0x48, 0x95, 0x6E, 0x82, 0x38, 0xDB, 0xEE, 0xF4, 0x0D, 0xD4, 0x6D, 0xC1, 0x17, 0x70, 0x61,
    0xC0, 0x17, 0x68, 0xDF, 0xA4, 0x8F, 0xE0, 0x8D, 0x3F, 0x88, 0x4F, 0xE0, 0x9C, 0xE1, 0xC2, 0x9D,
    0x7B, 0xCF, 0xE1, 0xCC, 0x51, 0xD4, 0x78, 0xB0, 0xD3, 0x62, 0x6A, 0xFB, 0x66, 0x0D, 0x34, 0x5A,
    0xEB, 0xD4, 0x87, 0x05, 0x16, 0xD9, 0xE2, 0xCD, 0x3A, 0xCC, 0x09, 0x9A, 0x1C, 0xB0, 0x89, 0x23,
    0xAF, 0x09, 0xE0, 0x91, 0xF2, 0x6A, 0x9E, 0xED, 0xB5, 0x30, 0x02, 0xC6, 0xB6, 0xC2, 0x3C, 0x4B,
    0xC4, 0xAC, 0xA0, 0x68, 0x09, 0x36, 0x38, 0x33, 0x03, 0x99, 0x29, 0x6A, 0xB2, 0x95, 0x89, 0x86,
    0x27, 0xD3, 0x8A, 0xF0, 0x3B, 0x33, 0x47, 0x2A, 0xD4, 0xEF, 0x03, 0xD3, 0x99, 0x21, 0xBD, 0x72,
    0x75, 0x79, 0x12, 0x17, 0x13, 0xC7, 0x61, 0x18, 0x26, 0xBA, 0x6B, 0xB2, 0x22, 0x2D, 0x74, 0x91,
    0x4E, 0xFC, 0xAE, 0xFA, 0xEB, 0xEE, 0x30, 0x8A, 0xA2, 0x46, 0xA0, 0xB8, 0x13, 0x91, 0x2A, 0x2E,
    0x99, 0xE9, 0xA1, 0x2E, 0xAA, 0x4D, 0xE7, 0x24, 0xF9, 0x5F, 0xC7, 0xEB, 0x9C, 0xB2, 0x43, 0xCE,
    0x2A, 0xF5, 0xFC, 0x71, 0xA8, 0xEA, 0xF4, 0xED, 0x53, 0x31, 0x30, 0x1E, 0x43, 0xB3, 0xCB, 0xB2,
    0xD8, 0x3A, 0x36, 0xFE, 0xA5, 0x33, 0x3E, 0x8F, 0xCB, 0x80, 0xC9, 0xEC, 0xCF, 0xFF, 0xBE, 0xFA,
    0x3D, 0xDB, 0xE6, 0x88, 0x96, 0x0D, 0x4C, 0xFC, 0x29, 0x5D, 0xE6, 0x4F, 0xF6, 0x82, 0x7E, 0xFF,
    0xBE, 0x41, 0x8F, 0xDF, 0x4C, 0x72, 0xAB, 0x27, 0x7A, 0xD2, 0x2E, 0xF6, 0x85, 0x79, 0xC3, 0xF6,
    0x55, 0x63, 0x94, 0xC4, 0xB7, 0x42, 0x52, 0x1F, 0x6D, 0x52, 0xCF, 0x6B, 0x13, 0x51, 0x10, 0xFE,
    0x76, 0x5F, 0xDA, 0x4D, 0xDC, 0x75, 0x36, 0x07, 0x0B, 0xB5, 0x26, 0xD6, 0x43, 0x91, 0x08, 0xCF,
    0x6E, 0xC0, 0xAD, 0x2C, 0x9A, 0x34, 0x8B, 0x07, 0x4F, 0x1E, 0x14, 0xFA, 0x07, 0xF4, 0xE0, 0x41,
    0x10, 0xDB, 0x80, 0x97, 0x5C, 0x42, 0x1E, 0xF4, 0x1F, 0xF0, 0x4F, 0x08, 0xF8, 0x83, 0x52, 0xAD,
    0xCD, 0x21, 0x82, 0x85, 0xFE, 0x78, 0x7A, 0xEE, 0x61, 0x2F, 0xDE, 0x23, 0xF4, 0xE0, 0x41, 0x34,
    0x96, 0x08, 0xA9, 0xDA, 0xC6, 0x79, 0x6B, 0xA5, 0x20, 0x0E, 0xDF, 0x0C, 0x6F, 0x76, 0x67, 0xE7,
    0xCD, 0xF7, 0xED, 0xC0, 0xCA, 0x43, 0x94, 0xB1, 0x31, 0x70, 0xEE, 0x7C, 0x2E, 0x16, 0xF6, 0x2A,
    0x97, 0xE3, 0xE8, 0x1A, 0x1A, 0x2F, 0x10, 0xED, 0xA1, 0xBA, 0x87, 0xE0, 0x7E, 0xC6, 0xAD, 0x17,
    0xDC, 0xEF, 0x5D, 0xEF, 0x03, 0xB2, 0x0A, 0xB5, 0x0D, 0x90, 0x0D, 0x42, 0x8A, 0x2C, 0xFC, 0x57,
    0xA0, 0x8C, 0x39, 0x6F, 0x3C, 0x33, 0x31, 0x50, 0x30, 0x76, 0x1E, 0x78, 0xAA, 0xF0, 0x2E, 0xB6,
    0x35, 0x84, 0xC6, 0x85, 0x7D, 0x38, 0x9F, 0xE0, 0xC4, 0x10, 0x50, 0x7E, 0xAC, 0xAF, 0x1F, 0xAB,
    0xFC, 0x95, 0xB4, 0xAC, 0x6C, 0x70, 0xF3, 0xA7, 0x0A, 0xBF, 0xE9, 0x72, 0xFB, 0x14, 0x8D, 0x83,
    0x04, 0x1A, 0x06, 0x0A, 0xD3, 0xDA, 0xE9, 0x89, 0x9E, 0xA5, 0xEC, 0x01, 0x7B, 0x93, 0xDD, 0xB7,
    0x54, 0x30, 0x1A, 0x0D, 0x85, 0xF5, 0x51, 0x09, 0x6C, 0xB2, 0xCF, 0xB3, 0xFB, 0xCA, 0x4D, 0x44,
    0x7A, 0x75, 0x6D, 0x1D, 0x24, 0x62, 0x12, 0xBA, 0x36, 0xEA, 0x91, 0x50, 0xE4, 0x80, 0x1E, 0xFC,
    0x9D, 0x16, 0x58, 0x4E, 0x6B, 0x82, 0x75, 0x4E, 0x5C, 0x98, 0xC2, 0x3F, 0xEE, 0x8E, 0xB7, 0xFD,
    0x2D, 0xEF, 0x12, 0x55, 0x08, 0x44, 0x8E, 0x26, 0x27, 0xEE, 0x93, 0x9D, 0xD4, 0x97, 0xD5, 0x66,
    0x1B, 0x18, 0xC3, 0x4E, 0xAB, 0xBA, 0x2D, 0xFD, 0x72, 0x99, 0x9C, 0xBB, 0x8B, 0xAE, 0xD0, 0x5A,
    0xDC, 0xD2, 0xDC, 0x7E, 0xF4, 0xCB, 0x7A, 0x7F, 0x00, 0xEC, 0x3F, 0x06, 0xDE, 0xCE, 0x03, 0x91,
    0x64, 0x32, 0x1E, 0x4E, 0xAC, 0x81, 0xC8, 0xDA, 0x44, 0xE8, 0x0E, 0xC2, 0xB0, 0x1E, 0x76, 0xD8,
    0x67, 0xB7, 0xC7, 0xF3, 0x53, 0xAB, 0x63, 0x0B, 0xE9, 0xDB, 0xA9, 0xD7, 0x40, 0x47, 0xC0, 0xD6,
    0x36, 0xCC, 0xD4, 0xC1, 0xD7, 0x3E, 0xDC, 0x18, 0x68, 0x8D, 0x7A, 0x69, 0x2E, 0xB4, 0x05, 0xF4,
    0x05, 0x50, 0x5D, 0x02, 0xAC, 0x18, 0xB5, 0x95, 0x21, 0xD9, 0x8A, 0x72, 0xA0, 0x19, 0xD0, 0xF3,
    0x85, 0xE0, 0xC7, 0x2A, 0x75, 0x41, 0x57, 0x41, 0x7E, 0xEC, 0x8B, 0x24, 0x58, 0x19, 0x72, 0xCB,
    0x3C, 0x70, 0x63, 0x67, 0xEB, 0x49, 0xE8, 0x21, 0x04, 0xE6, 0x12, 0xCC, 0x63, 0xFC, 0x4D, 0x92,
    0x69, 0xE2, 0x4C, 0x17, 0x19, 0x7E, 0x12, 0xC2, 0x3A, 0x3E, 0x95, 0x27, 0xD5, 0x26, 0x55, 0xE8,
    0x7F, 0xF2, 0x18, 0x63, 0x22, 0xBB, 0xBC, 0x0E, 0xA5, 0xA2, 0x97, 0xAD, 0x78, 0x88, 0x3C, 0x34,
    0x18, 0x67, 0x8F, 0x2A, 0x5E, 0x24, 0xBD, 0xC8, 0xF7, 0x22, 0xFB, 0x4B, 0xCF, 0xD4, 0x64, 0x4D,
    0xED, 0xC5, 0x0E, 0x4A, 0x05, 0xE4, 0x39, 0x95, 0x78, 0x38, 0x82, 0x93, 0x30, 0x11, 0x54, 0x58,
    0x11, 0x1B, 0x32, 0x07, 0x7F, 0x0B, 0x88, 0xD3, 0x9E, 0x4C, 0xE8, 0xE5, 0xC0, 0xB9, 0x5D, 0x28,
    0xE6, 0xBC, 0x4A, 0xF6, 0xA4, 0x27, 0x47, 0x3E, 0xCF, 0x4E, 0x66, 0xDC, 0x85, 0x82, 0x75, 0xD8,
    0xC5, 0x9C, 0x61, 0xC2, 0x3A, 0x18, 0x3A, 0x6B, 0xBD, 0xC5, 0x7E, 0x1B, 0x1D, 0xFC, 0x03, 0xFB,
    0xD0, 0x34, 0xDB, 0x3D, 0x12, 0xDA, 0xD6, 0x1C, 0xD5, 0x23, 0xBE, 0x8B, 0x78, 0xBB, 0x78, 0xD7,
    0x86, 0x38, 0xD7, 0x52, 0xFC, 0x0F, 0xE1, 0xB7, 0x97, 0x30, 0xDD, 0x9E, 0xB5, 0x49, 0x90, 0x4D,
    0xB9, 0x56, 0x8F, 0x3F, 0x58, 0x83, 0x99, 0x69, 0x1B, 0xCE, 0xB1, 0x26, 0x59, 0x97, 0xB2, 0x2C,
    0xE5, 0x8C, 0x94, 0x93, 0xB2, 0x59, 0x92, 0xF7, 0x4A, 0x12, 0xA5, 0x26, 0xAA, 0x13, 0x98, 0xA8,
    0xF1, 0x3A, 0x3B, 0x66, 0x7D, 0x52, 0x98, 0xF5, 0x09, 0x56, 0x8D, 0x32, 0xB5, 0xC3, 0x53, 0x7D,
    0x7E, 0x03, 0x6D, 0x53, 0xC1, 0x4A, 0xC3, 0x40, 0x10, 0x9D, 0x18, 0x34, 0xD8, 0xA6, 0xA6, 0x07,
    0x05, 0x2F, 0x35, 0x82, 0x1E, 0x42, 0x29, 0x36, 0x50, 0xA1, 0x05, 0x29, 0xE9, 0x17, 0x88, 0x07,
    0xE3, 0xD9, 0x2F, 0x90, 0x80, 0xED, 0xAD, 0x85, 0xB5, 0xFE, 0x40, 0x3F, 0x41, 0xE8, 0x45, 0xD7,
    0x83, 0x3D, 0x7A, 0xAA, 0x8B, 0x5F, 0x90, 0x8B, 0xF7, 0xE0, 0xD1, 0x53, 0xCE, 0x3D, 0x18, 0xDF,
    0x36, 0xDB, 0xB4, 0x21, 0xEE, 0x32, 0x64, 0x77, 0xB2, 0x33, 0x6F, 0x66, 0xDF, 0x5B, 0x62, 0x44,
    0x7A, 0x8F, 0xC8, 0xF6, 0x7D, 0xDF, 0xE3, 0xFC, 0xC5, 0x20, 0x22, 0x0D, 0xBE, 0x74, 0xE8, 0x54,
    0x16, 0x76, 0xDC, 0x72, 0x74, 0x2A, 0xCE, 0xE5, 0x90, 0x27, 0x67, 0x07, 0xBE, 0x3F, 0xAC, 0x73,
    0x3E, 0xC7, 0x3A, 0x80, 0x89, 0x55, 0x6C, 0x71, 0xB6, 0x1C, 0x3B, 0x2E, 0x0B, 0x3D, 0x8D, 0x64,
    0xC0, 0x9D, 0x01, 0x77, 0x08, 0xDC, 0x39, 0x70, 0x03, 0xE0, 0x66, 0xB1, 0x16, 0x6B, 0x86, 0xD3,
    0xE3, 0xCD, 0xD8, 0xA9, 0xDB, 0x0C, 0x2D, 0xA6, 0x53, 0x15, 0xFF, 0xBD, 0x90, 0xA8, 0x8B, 0x6F,
    0x1B, 0x95, 0xBB, 0x58, 0x57, 0xCF, 0xB1, 0xA9, 0x50, 0xDA, 0x0A, 0xC1, 0x41, 0x39, 0x47, 0x2F,
    0xCD, 0x9A, 0xA0, 0x5A, 0x0B, 0xEB, 0x0B, 0xD8, 0x77, 0x8F, 0x74, 0x6C, 0xF7, 0xE0, 0xEE, 0xC0,
    0x22, 0xCA, 0x6D, 0xAB, 0xAA, 0x7F, 0x17, 0x66, 0x2E, 0xEB, 0x51, 0x7D, 0xE5, 0x1C, 0x9F, 0xB0,
    0x16, 0xCC, 0x82, 0x7D, 0x20, 0xE7, 0xB6, 0xC2, 0x91, 0x98, 0x15, 0x55, 0x43, 0x98, 0x6D, 0x65,
    0x8D, 0xB2, 0x56, 0x59, 0x73, 0x57, 0xF5, 0xB0, 0xC2, 0x49, 0x13, 0xEE, 0xA4, 0x35, 0x33, 0x13,
    0x21, 0xA7, 0x60, 0x64, 0x00, 0x46, 0x16, 0x60, 0x44, 0x90, 0xF6, 0xA0, 0x68, 0x92, 0xC7, 0x76,
    0x69, 0x63, 0x48, 0x87, 0xA1, 0x7A, 0x35, 0x71, 0xC8, 0x01, 0x1B, 0x03, 0xB0, 0xB1, 0x00, 0x1B,
    0x22, 0x20, 0x4D, 0x08, 0xDA, 0x52, 0x71, 0x25, 0x15, 0x32, 0xC6, 0xF6, 0x12, 0x8C, 0x8F, 0xC0,
    0xF8, 0x1C, 0x8C, 0x23, 0x54, 0x7B, 0xCC, 0x31, 0x1E, 0xDD, 0x3B, 0x06, 0xB3, 0xC2, 0x76, 0xBF,
    0xC8, 0xF8, 0x15, 0x30, 0x3A, 0xC0, 0xB8, 0x1B, 0xD5, 0xF9, 0x1B, 0x30, 0x3A, 0x60, 0xFC, 0xF6,
    0x5F, 0xC6, 0xDB, 0x7D, 0x2B, 0x34, 0xD8, 0x89, 0x63, 0x47, 0x19, 0xE3, 0xFB, 0x68, 0x21, 0xB0,
    0xFD, 0x1B, 0xE1, 0xF1, 0x57, 0x86, 0xAA, 0x9F, 0xC0, 0xB8, 0x93, 0xEF, 0xA5, 0x94, 0x5E, 0x30,
    0x3B, 0x84, 0x3A, 0x5C, 0xA8, 0x63, 0x00, 0x75, 0xFC, 0x40, 0x1D, 0x22, 0xD0, 0xC6, 0x4C, 0x64,
    0xD7, 0x64, 0x52, 0xA6, 0x3F, 0x1D, 0xAA, 0x3D, 0x82, 0x7A, 0xE5, 0x9D, 0x1A, 0x49, 0xF2, 0x9B,
    0x57, 0x6F, 0x2D, 0x6A, 0x3C, 0x9B, 0x93, 0xC2, 0x4C, 0xCF, 0x30, 0xA8, 0x36, 0x96, 0xEA, 0xC5,
    0xFA, 0xCC, 0x4B, 0x92, 0x78, 0xAD, 0xDE, 0x7F, 0x62, 0x26, 0x8D, 0xF7, 0xDA, 0xBA, 0x17, 0xD2,
    0x81, 0x95, 0xBD, 0x1A, 0xCE, 0xB9, 0xF6, 0xE5, 0x5F, 0xAF, 0xAA, 0x92, 0xB9, 0x90, 0x77, 0x24,
    0x5F, 0x05, 0x4C, 0xBE, 0x90, 0x65, 0xDE, 0x3F, 0x85, 0x92, 0xBF, 0x6B, 0x14, 0x41, 0x14, 0xC7,
    0x3F, 0x37, 0x9B, 0xDC, 0x26, 0xD9, 0xBD, 0x9C, 0x20, 0x07, 0x11, 0xEE, 0x17, 0x92, 0xE2, 0xD0,
    0xF3, 0x6E, 0x8B, 0x80, 0x4B, 0xB8, 0xE4, 0x26, 0xB5, 0x4D, 0x9A, 0x94, 0xC2, 0x56, 0x0A, 0x56,
    0x5B, 0x04, 0x4C, 0x13, 0x32, 0xE8, 0x3F, 0x70, 0x85, 0xAD, 0x90, 0xDE, 0xE6, 0x0A, 0x8B, 0x58,
    0x39, 0x9D, 0x85, 0x20, 0x6B, 0x21, 0x56, 0x81, 0x43, 0xAC, 0x14, 0xC9, 0x16, 0x27, 0x08, 0x12,
    0xD6, 0x37, 0x7B, 0xB1, 0x48, 0x95, 0x37, 0x6F, 0x67, 0xE6, 0xFD, 0x98, 0xB7, 0xDF, 0xF7, 0x9D,
    0x19, 0xE0, 0x59, 0xA6, 0xC4, 0xF4, 0xD7, 0x2E, 0xE3, 0x76, 0xBA, 0x3E, 0x5D, 0x9F, 0xD6, 0x8E,
    0x9A, 0xED, 0xB4, 0x02, 0x68, 0xDE, 0x1B, 0xFF, 0x65, 0xD6, 0xF4, 0xD3, 0xB8, 0x16, 0x47, 0x61,
    0x3F, 0xDD, 0xEC, 0x47, 0x51, 0x2F, 0x4E, 0xB6, 0x5A, 0x76, 0xE6, 0x5F, 0x18, 0xEF, 0x15, 0x8A,
    0x52, 0x7A, 0x30, 0x82, 0xD7, 0xF0, 0x09, 0xF5, 0x08, 0xCF, 0xD3, 0xAB, 0x9E, 0x0D, 0x95, 0xED,
    0x31, 0x8B, 0xC8, 0x4F, 0x8A, 0xBC, 0x28, 0x66, 0xBF, 0x0F, 0xB2, 0x43, 0x6C, 0xAC, 0x4C, 0xDF,
    0xA3, 0x56, 0xA5, 0x1E, 0x12, 0x6C, 0xE0, 0xA5, 0x78, 0x33, 0x2A, 0xD6, 0xD5, 0x18, 0xFE, 0x2C,
    0x4C, 0x40, 0x8D, 0x9B, 0xBE, 0x61, 0x76, 0x62, 0xCA, 0x7C, 0x59, 0x03, 0xD6, 0x6F, 0xCE, 0xFF,
    0x5B, 0x94, 0xF9, 0xE3, 0x37, 0xBA, 0x8E, 0xF1, 0x0D, 0x2A, 0x83, 0xBC, 0x04, 0x2C, 0xB0, 0x4F,
    0xDD, 0xDF, 0x7D, 0x4C, 0x53, 0x99, 0x71, 0xA1, 0x1B, 0xCF, 0x18, 0x17, 0xB6, 0x71, 0xA0, 0x65,
    0x96, 0xEE, 0x99, 0x5C, 0xA9, 0x33, 0x4F, 0xFF, 0x9B, 0xDA, 0x55, 0x8B, 0x48, 0xC8, 0xB0, 0x4A,
    0x7B, 0xAC, 0x11, 0xB2, 0xC1, 0x96, 0xB8, 0x26, 0x25, 0x19, 0xA7, 0xB2, 0xDB, 0x14, 0x5F, 0x48,
    0x15, 0x0F, 0x65, 0xB0, 0x12, 0x88, 0x64, 0xD0, 0x8D, 0x91, 0x6C, 0x86, 0xEE, 0x78, 0x69, 0x33,
    0xDD, 0x27, 0x35, 0xC4, 0x86, 0xBE, 0xA1, 0x65, 0xA8, 0xE3, 0xD4, 0x07, 0x61, 0xBF, 0xAA, 0x93,
    0xE1, 0xB7, 0xCB, 0xEE, 0x3B, 0xDF, 0x8C, 0xD4, 0x7E, 0x47, 0x6D, 0x7F, 0x3D, 0xAF, 0xEF, 0xCD,
    0xBB, 0xE9, 0x75, 0x49, 0x94, 0x64, 0xFB, 0x5D, 0x3F, 0xF1, 0xAD, 0x0C, 0xED, 0xCB, 0xF1, 0xBA,
    0xD4, 0x7F, 0xC8, 0x53, 0x3E, 0xB8, 0x88, 0x40, 0xB8, 0xFB, 0xFC, 0xBA, 0x3C, 0x59, 0x31, 0x2D,
    0xDB, 0xCA, 0x5A, 0x79, 0x2B, 0x6B, 0xDB, 0x8E, 0x8C, 0xB6, 0x7D, 0x60, 0x77, 0xEC, 0xB1, 0xFD,
    0x65, 0x1F, 0x5B, 0x89, 0xD8, 0x3B, 0x25, 0x5D, 0x81, 0xA5, 0x37, 0xB9, 0xC2, 0x29, 0x9A, 0x96,
    0x3A, 0x75, 0xDD, 0x39, 0x9D, 0x21, 0xDD, 0x4B, 0x63, 0xDB, 0x5A, 0x5A, 0x27, 0x11, 0x3A, 0xDD,
    0xB4, 0xCC, 0xF8, 0xFC, 0xD6, 0x21, 0x2B, 0xD2, 0x7E, 0xB4, 0x3C, 0x19, 0x9F, 0xDF, 0x7E, 0x5B,
    0x15, 0x16, 0x84, 0xE5, 0x32, 0xD2, 0x38, 0x2C, 0xA3, 0x22, 0xAB, 0xD0, 0x14, 0x4E, 0xB5, 0x70,
    0xD8, 0xF8, 0xC2, 0xFD, 0x1F, 0x42, 0xA2, 0xF3, 0x2D, 0xB9, 0x98, 0xA1, 0xA3, 0xD5, 0x9C, 0x01,
    0x4E, 0xD5, 0x77, 0xC4, 0x14, 0xA7, 0xBB, 0x00, 0xC7, 0x17, 0x03, 0x4D, 0x65, 0x2E, 0xE8, 0x8C,
    0xA8, 0x6C, 0x86, 0xDA, 0x39, 0x17, 0x51, 0x94, 0x9E, 0x30, 0x08, 0x8C, 0x9A, 0x9D, 0xB9, 0x85,
    0x91, 0xA3, 0xF2, 0xB3, 0x40, 0x3B, 0xEE, 0xC8, 0x66, 0x2F, 0x2B, 0xAF, 0x6D, 0x45, 0x0A, 0xCA,
    0x1B, 0xA8, 0xE4, 0x47, 0x8B, 0x4D, 0xA0, 0x2C, 0x67, 0x03, 0x82, 0x17, 0x19, 0x71, 0x6D, 0xF1,
    0x98, 0x05, 0x32, 0xF7, 0x34, 0xBB, 0xA8, 0x9C, 0x81, 0x65, 0x47, 0xDE, 0x47, 0x86, 0x77, 0xCC,
    0x9A, 0xAF, 0xC3, 0x05, 0xC8, 0x90, 0xA8, 0x47, 0x27, 0x92, 0x2A, 0x70, 0x01, 0x1F, 0x51, 0x7F,
    0x1C, 0xA2, 0xDD, 0xF2, 0xE8, 0x52, 0x79, 0xCF, 0xDD, 0xC4, 0xC4, 0xB9, 0xB0, 0xC4, 0x3F, 0x55,
    0x8E, 0x3F, 0x0E, 0x01, 0x41, 0x14, 0xC6, 0x7F, 0x96, 0x2C, 0xB1, 0xB3, 0x34, 0xCA, 0x11, 0x17,
    0x78, 0xD9, 0x55, 0x28, 0x65, 0x23, 0x1A, 0xA5, 0xE3, 0xA8, 0x26, 0x7B, 0x80, 0x6D, 0x1C, 0xC1,
    0x01, 0x50, 0x29, 0x14, 0xEC, 0x05, 0x34, 0x8E, 0xE0, 0x08, 0x0E, 0x40, 0x78, 0xB3, 0x24, 0xCB,
    0xE4, 0xFB, 0x92, 0x97, 0xCC, 0xF7, 0x0F, 0x8E, 0x41, 0x69, 0x8C, 0xC1, 0x1A, 0xC4, 0x90, 0xBF,
    0xAE, 0x22, 0x88, 0xAD, 0xE1, 0x32, 0xFC, 0x3B, 0x13, 0xF6, 0x31, 0x60, 0x41, 0x20, 0xDF, 0x21,
    0x43, 0x24, 0xAE, 0xE1, 0xD2, 0x4A, 0x76, 0x22, 0xB4, 0xD4, 0x69, 0x8F, 0x2A, 0xC4, 0xD4, 0x70,
    0x49, 0x25, 0xA3, 0x24, 0x28, 0x35, 0x2F, 0xC6, 0x2B, 0xFD, 0x87, 0x36, 0xEF, 0x11, 0xE9, 0xA9,
    0xE1, 0x9F, 0x2E, 0x1B, 0xCD, 0xF8, 0x4E, 0x08, 0xCA, 0x58, 0x3D, 0xB1, 0x7A, 0xB4, 0x53, 0x99,
    0xBF, 0x9E, 0xEA, 0xD1, 0xDB, 0xFE, 0xD3, 0x65, 0x9F, 0x35, 0x8D, 0x03, 0xA1, 0xF1, 0x2D, 0xB6,
    0xDA, 0x38, 0x1D, 0xDD, 0x7E, 0x27, 0xFB, 0xD5, 0xD1, 0xFA, 0x93, 0x1D, 0x6C, 0xE9, 0x74, 0x19,
    0x34, 0xE9, 0xB4, 0x49, 0x97, 0xF7, 0x71, 0xC1, 0x24, 0x22, 0x89, 0x68, 0x17, 0xCC, 0x2F, 0xAC,
    0x16, 0x9B, 0x16, 0xB3, 0x37, 0x63, 0xE0, 0x60, 0x60, 0x60, 0xB0, 0x03, 0xE2, 0xE7, 0x0D, 0x0C,
    0xCC, 0xFF, 0x1E, 0x30, 0xF0, 0xFF, 0xFF, 0xC1, 0x60, 0xFF, 0xF7, 0x1F, 0xC3, 0xFE, 0x4F, 0xFF,
    0x1D, 0xEC, 0x7F, 0xFF, 0x05, 0xF2, 0xBF, 0x30, 0x30, 0x7F, 0xBF, 0xC0, 0xC0, 0xF0, 0xDD, 0x81,
    0x81, 0xC1, 0x16, 0xA8, 0x8E, 0x85, 0x81, 0x01, 0x00,
};

static const EpdGlyph ebgaramond_8_regularGlyphs[] = {
    { 0, 0, 0, 0, 0, 0, 0 }, // U+0000
    { 0, 0, 0, 0, 0, 0, 0 }, // U+0001
    { 0, 0, 0, 0, 0, 0, 0 }, // U+0002
    { 0, 0, 0, 0, 0, 0, 0 }, // U+0003
    { 0, 0, 0, 0, 0, 0, 0 }, // U+0004
    { 0, 0, 0, 0, 0, 0, 0 }, // U+0005
    { 0, 0, 0, 0, 0, 0, 0 }, // U+0006
    { 0, 0, 0, 0, 0, 0, 0 }, // U+0007
    { 0, 0, 0, 0, 0, 0, 0 }, // U+0008
    { 0, 0, 0, 0, 0, 0, 0 }, // U+0009
    { 0, 0, 0, 0, 0, 0, 0 }, // U+000A
    { 0, 0, 0, 0, 0, 0, 0 }, // U+000B
    { 0, 0, 0, 0, 0, 0, 0 }, // U+000C
    { 0, 0, 0, 0, 0, 0, 0 }, // U+000D
    { 0, 0, 0, 0, 0, 0, 0 }, // U+000E
    { 0, 0, 0, 0, 0, 0, 0 }, // U+000F
    { 0, 0, 0, 0, 0, 0, 0 }, // U+0010
    { 0, 0, 0, 0, 0, 0, 0 }, // U+0011
    { 0, 0, 0, 0, 0, 0, 0 }, // U+0012
    { 0, 0, 0, 0, 0, 0, 0 }, // U+0013
    { 0, 0, 0, 0, 0, 0, 0 }, // U+0014
    { 0, 0, 0, 0, 0, 0, 0 }, // U+0015
    { 0, 0, 0, 0, 0, 0, 0 }, // U+0016
    { 0, 0, 0, 0, 0, 0, 0 }, // U+0017
    { 0, 0, 0, 0, 0, 0, 0 }, // U+0018
    { 0, 0, 0, 0, 0, 0, 0 }, // U+0019
    { 0, 0, 0, 0, 0, 0, 0 }, // U+001A
    { 0, 0, 0, 0, 0, 0, 0 }, // U+001B
    { 0, 0, 0, 0, 0, 0, 0 }, // U+001C
    { 0, 0, 0, 0, 0, 0, 0 }, // U+001D
    { 0, 0, 0, 0, 0, 0, 0 }, // U+001E
    { 0, 0, 0, 0, 0, 0, 0 }, // U+001F
    { 0, 0, 53, 0, 0, 0, 0 }, // U+0020
    { 3, 12, 67, 1, 11, 9, 0 }, // !
    { 4, 5, 88, 1, 12, 5, 9 }, // "
    { 8, 12, 125, 0, 10, 24, 14 }, // #
    { 7, 14, 118, 0, 12, 25, 38 }, // $
    { 11, 14, 173, 0, 12, 39, 63 }, // %
    { 13, 11, 202, 0, 10, 36, 102 }, // &
    { 2, 5, 53, 1, 12, 3, 138 }, // '
    { 5, 16, 84, 0, 12, 20, 141 }, // (
    { 5, 16, 84, 0, 12, 20, 161 }, // )
    { 6, 6, 91, 0, 12, 9, 181 }, // *
    { 10, 10, 157, 0, 9, 25, 190 }, // +
    { 4, 5, 61, 0, 2, 5, 215 }, // ,
    { 5, 3, 73, 0, 5, 4, 220 }, // -
    { 2, 3, 61, 1, 2, 2, 224 }, // .
    { 7, 14, 106, 0, 12, 25, 226 }, // /
    { 8, 12, 135, 0, 11, 24, 251 }, // 0
    { 6, 12, 102, 0, 11, 18, 275 }, // 1
    { 8, 12, 135, 0, 11, 24, 293 }, // 2
    { 8, 12, 128, 0, 11, 24, 317 }, // 3
    { 9, 12, 133, 0, 11, 27, 341 }, // 4
    { 7, 12, 128, 0, 11, 21, 368 }, // 5
    { 8, 12, 129, 0, 11, 24, 389 }, // 6
    { 8, 12, 129, 0, 11, 24, 413 }, // 7
    { 8, 12, 126, 0, 11, 24, 437 }, // 8
    { 8, 12, 129, 0, 11, 24, 461 }, // 9
    { 2, 8, 66, 1, 7, 4, 485 }, // :
    { 4, 10, 61, 0, 7, 10, 489 }, // ;
    { 9, 9, 149, 0, 8, 21, 499 }, // <
    { 9, 5, 151, 0, 7, 12, 520 }, // =
    { 9, 9, 149, 0, 8, 21, 532 }, // >
    { 5, 13, 100, 1, 12, 17, 553 }, // ?
    { 12, 12, 200, 0, 9, 36, 570 }, // @
    { 13, 13, 185, -1, 12, 43, 606 }, // A
    { 10, 12, 157, 0, 11, 30, 649 }, // B
    { 11, 13, 189, 0, 12, 36, 679 }, // C
    { 12, 12, 201, 0, 11, 36, 715 }, // D
    { 9, 12, 150, 0, 11, 27, 751 }, // E
    { 9, 12, 137, 0, 11, 27, 778 }, // F
    { 12, 13, 194, 0, 12, 39, 805 }, // G
    { 13, 12, 216, 0, 11, 39, 844 }, // H
    { 6, 12, 91, 0, 11, 18, 883 }, // I
    { 7, 15, 91, -2, 11, 27, 901 }, // J
    { 12, 12, 182, 0, 11, 36, 928 }, // K
    { 10, 12, 156, 0, 11, 30, 964 }, // L
    { 15, 12, 240, 0, 11, 45, 994 }, // M
    { 14, 12, 211, 0, 11, 42, 1039 }, // N
    { 12, 13, 204, 0, 12, 39, 1081 }, // O
    { 9, 12, 147, 0, 11, 27, 1120 }, // P
    { 15, 17, 204, 0, 12, 64, 1147 }, // Q
    { 12, 12, 190, 0, 11, 36, 1211 }, // R
    { 8, 13, 124, 0, 12, 26, 1247 }, // S
    { 12, 13, 179, 0, 12, 39, 1273 }, // T
    { 13, 12, 197, 0, 11, 39, 1312 }, // U
    { 12, 12, 179, 0, 11, 36, 1351 }, // V
    { 16, 12, 244, 0, 11, 48, 1387 }, // W
    { 13, 12, 189, -1, 11, 39, 1435 }, // X
    { 11, 12, 154, 0, 11, 33, 1474 }, // Y
    { 10, 13, 161, 0, 12, 33, 1507 }, // Z
    { 5, 16, 88, 1, 12, 20, 1540 }, // [
    { 7, 14, 106, 0, 12, 25, 1560 }, // <backslash>
    { 4, 16, 88, 0, 12, 16, 1585 }, // ]
    { 8, 7, 133, 0, 11, 14, 1601 }, // ^
    { 9, 2, 133, 0, -2, 5, 1615 }, // _
    { 3, 4, 53, 0, 11, 3, 1620 }, // `
    { 7, 8, 106, 0, 7, 14, 1623 }, // a
    { 8, 13, 137, 0, 12, 26, 1637 }, // b
    { 7, 8, 109, 0, 7, 14, 1663 }, // c
    { 9, 13, 135, 0, 12, 30, 1677 }, // d
    { 7, 8, 104, 0, 7, 14, 1707 }, // e
    { 7, 13, 85, 0, 12, 23, 1721 }, // f
    { 8, 12, 116, 0, 7, 24, 1744 }, // g
    { 9, 13, 137, 0, 12, 30, 1768 }, // h
    { 4, 12, 65, 0, 11, 12, 1798 }, // i
    { 4, 16, 60, -1, 11, 16, 1810 }, // j
    { 8, 13, 125, 0, 12, 26, 1826 }, // k
    { 4, 13, 64, 0, 12, 13, 1852 }, // l
    { 13, 9, 208, 0, 8, 30, 1865 }, // m
    { 9, 9, 141, 0, 8, 21, 1895 }, // n
    { 8, 8, 132, 0, 7, 16, 1916 }, // o
    { 9, 13, 138, 0, 8, 30, 1932 }, // p
    { 9, 13, 139, 0, 8, 30, 1962 }, // q
    { 6, 9, 89, 0, 8, 14, 1992 }, // r
    { 5, 8, 86, 0, 7, 10, 2006 }, // s
    { 6, 9, 84, 0, 8, 14, 2016 }, // t
    { 9, 8, 141, 0, 7, 18, 2030 }, // u
    { 8, 8, 117, 0, 7, 16, 2048 }, // v
    { 12, 8, 183, 0, 7, 24, 2064 }, // w
    { 8, 8, 115, 0, 7, 16, 2088 }, // x
    { 8, 12, 117, 0, 7, 24, 2104 }, // y
    { 7, 8, 101, 0, 7, 14, 2128 }, // z
    { 6, 15, 100, 0, 12, 23, 2142 }, // {
    { 2, 17, 69, 1, 12, 9, 2165 }, // |
    { 6, 15, 100, 0, 12, 23, 2174 }, // }
    { 8, 3, 133, 0, 7, 6, 2197 }, // ~
    { 0, 0, 0, 0, 0, 0, 2203 }, // U+007F
    { 0, 0, 0, 0, 0, 0, 0 }, // U+0080
    { 0, 0, 0, 0, 0, 0, 0 }, // U+0081
    { 0, 0, 0, 0, 0, 0, 0 }, // U+0082
    { 0, 0, 0, 0, 0, 0, 0 }, // U+0083
    { 0, 0, 0, 0, 0, 0, 0 }, // U+0084
    { 0, 0, 0, 0, 0, 0, 0 }, // U+0085
    { 0, 0, 0, 0, 0, 0, 0 }, // U+0086
    { 0, 0, 0, 0, 0, 0, 0 }, // U+0087
    { 0, 0, 0, 0, 0, 0, 0 }, // U+0088
    { 0, 0, 0, 0, 0, 0, 0 }, // U+0089
    { 0, 0, 0, 0, 0, 0, 0 }, // U+008A
    { 0, 0, 0, 0, 0, 0, 0 }, // U+008B
    { 0, 0, 0, 0, 0, 0, 0 }, // U+008C
    { 0, 0, 0, 0, 0, 0, 0 }, // U+008D
    { 0, 0, 0, 0, 0, 0, 0 }, // U+008E
    { 0, 0, 0, 0, 0, 0, 0 }, // U+008F
    { 0, 0, 0, 0, 0, 0, 0 }, // U+0090
    { 0, 0, 0, 0, 0, 0, 0 }, // U+0091
    { 0, 0, 0, 0, 0, 0, 0 }, // U+0092
    { 0, 0, 0, 0, 0, 0, 0 }, // U+0093
    { 0, 0, 0, 0, 0, 0, 0 }, // U+0094
    { 0, 0, 0, 0, 0, 0, 0 }, // U+0095
    { 0, 0, 0, 0, 0, 0, 0 }, // U+0096
    { 0, 0, 0, 0, 0, 0, 0 }, // U+0097
    { 0, 0, 0, 0, 0, 0, 0 }, // U+0098
    { 0, 0, 0, 0, 0, 0, 0 }, // U+0099
    { 0, 0, 0, 0, 0, 0, 0 }, // U+009A
    { 0, 0, 0, 0, 0, 0, 0 }, // U+009B
    { 0, 0, 0, 0, 0, 0, 0 }, // U+009C
    { 0, 0, 0, 0, 0, 0, 0 }, // U+009D
    { 0, 0, 0, 0, 0, 0, 0 }, // U+009E
    { 0, 0, 0, 0, 0, 0, 0 }, // U+009F
    { 0, 0, 53, 0, 0, 0, 0 }, // U+00A0
    { 3, 12, 67, 1, 9, 9, 0 }, // U+00A1
    { 7, 11, 113, 0, 10, 20, 9 }, // U+00A2
    { 9, 12, 131, -1, 11, 27, 29 }, // U+00A3
    { 8, 9, 135, 0, 9, 18, 56 }, // U+00A4
    { 11, 12, 152, 0, 11, 33, 74 }, // U+00A5
    { 2, 17, 69, 1, 12, 9, 107 }, // U+00A6
    { 6, 14, 107, 0, 11, 21, 116 }, // U+00A7
    { 5, 2, 80, 0, 10, 3, 137 }, // U+00A8
    { 11, 11, 177, 0, 11, 31, 140 }, // U+00A9
    { 5, 7, 83, 0, 9, 9, 171 }, // U+00AA
    { 8, 7, 159, 1, 7, 14, 180 }, // U+00AB
    { 10, 7, 160, 0, 7, 18, 194 }, // U+00AC
    { 0, 0, 0, 0, 0, 0, 212 }, // U+00AD
    { 11, 11, 177, 0, 11, 31, 212 }, // U+00AE
    { 5, 2, 80, 0, 10, 3, 243 }, // U+00AF
    { 5, 5, 77, 0, 11, 7, 246 }, // U+00B0
    { 10, 11, 157, 0, 11, 28, 253 }, // U+00B1
    { 5, 7, 80, 0, 14, 9, 281 }, // U+00B2
    { 4, 7, 76, 0, 14, 7, 290 }, // U+00B3
    { 3, 4, 53, 0, 11, 3, 297 }, // U+00B4
    { 8, 12, 143, 1, 7, 24, 300 }, // U+00B5
    { 10, 16, 159, 0, 11, 40, 324 }, // U+00B6
    { 3, 3, 53, 0, 5, 3, 364 }, // U+00B7
    { 3, 6, 53, 0, 1, 5, 367 }, // U+00B8
    { 4, 7, 69, 0, 14, 7, 372 }, // U+00B9
    { 5, 7, 82, 0, 9, 9, 379 }, // U+00BA
    { 8, 7, 159, 1, 7, 14, 388 }, // U+00BB
    { 11, 14, 175, 0, 12, 39, 402 }, // U+00BC
    { 12, 14, 191, 0, 12, 42, 441 }, // U+00BD
    { 11, 14, 169, 0, 12, 39, 483 }, // U+00BE
    { 5, 13, 100, 1, 9, 17, 522 }, // U+00BF
    { 13, 15, 185, -1, 14, 49, 539 }, // U+00C0
    { 13, 15, 185, -1, 14, 49, 588 }, // U+00C1
    { 13, 15, 185, -1, 14, 49, 637 }, // U+00C2
    { 13, 15, 185, -1, 14, 49, 686 }, // U+00C3
    { 13, 15, 185, -1, 14, 49, 735 }, // U+00C4
    { 13, 16, 185, -1, 15, 52, 784 }, // U+00C5
    { 16, 12, 233, -1, 11, 48, 836 }, // U+00C6
    { 11, 17, 189, 0, 12, 47, 884 }, // U+00C7
    { 9, 15, 150, 0, 14, 34, 931 }, // U+00C8
    { 9, 15, 150, 0, 14, 34, 965 }, // U+00C9
    { 9, 15, 150, 0, 14, 34, 999 }, // U+00CA
    { 9, 15, 150, 0, 14, 34, 1033 }, // U+00CB
    { 6, 15, 91, 0, 14, 23, 1067 }, // U+00CC
    { 6, 15, 91, 0, 14, 23, 1090 }, // U+00CD
    { 6, 15, 91, 0, 14, 23, 1113 }, // U+00CE
    { 6, 15, 91, 0, 14, 23, 1136 }, // U+00CF
    { 12, 12, 201, 0, 11, 36, 1159 }, // U+00D0
    { 14, 15, 211, 0, 14, 53, 1195 }, // U+00D1
    { 12, 15, 204, 0, 14, 45, 1248 }, // U+00D2
    { 12, 15, 204, 0, 14, 45, 1293 }, // U+00D3
    { 12, 15, 204, 0, 14, 45, 1338 }, // U+00D4
    { 12, 15, 204, 0, 14, 45, 1383 }, // U+00D5
    { 12, 15, 204, 0, 14, 45, 1428 }, // U+00D6
    { 8, 7, 160, 1, 8, 14, 1473 }, // U+00D7
    { 12, 13, 206, 0, 12, 39, 1487 }, // U+00D8
    { 13, 15, 197, 0, 14, 49, 1526 }, // U+00D9
    { 13, 15, 197, 0, 14, 49, 1575 }, // U+00DA
    { 13, 15, 197, 0, 14, 49, 1624 }, // U+00DB
    { 13, 15, 197, 0, 14, 49, 1673 }, // U+00DC
    { 11, 15, 154, 0, 14, 42, 1722 }, // U+00DD
    { 9, 12, 149, 0, 11, 27, 1764 }, // U+00DE
    { 8, 13, 134, 0, 12, 26, 1791 }, // U+00DF
    { 7, 12, 106, 0, 11, 21, 1817 }, // U+00E0
    { 7, 12, 106, 0, 11, 21, 1838 }, // U+00E1
    { 7, 12, 106, 0, 11, 21, 1859 }, // U+00E2
    { 7, 12, 106, 0, 11, 21, 1880 }, // U+00E3
    { 7, 11, 106, 0, 10, 20, 1901 }, // U+00E4
    { 7, 12, 106, 0, 11, 21, 1921 }, // U+00E5
    { 9, 8, 149, 0, 7, 18, 1942 }, // U+00E6
    { 7, 12, 109, 0, 7, 21, 1960 }, // U+00E7
    { 7, 12, 104, 0, 11, 21, 1981 }, // U+00E8
    { 7, 12, 104, 0, 11, 21, 2002 }, // U+00E9
    { 7, 12, 104, 0, 11, 21, 2023 }, // U+00EA
    { 7, 11, 104, 0, 10, 20, 2044 }, // U+00EB
    { 5, 12, 65, -1, 11, 15, 2064 }, // U+00EC
    { 5, 12, 65, 0, 11, 15, 2079 }, // U+00ED
    { 4, 12, 65, 0, 11, 12, 2094 }, // U+00EE
    { 6, 11, 65, -1, 10, 17, 2106 }, // U+00EF
    { 8, 13, 130, 0, 12, 26, 2123 }, // U+00F0
    { 9, 12, 141, 0, 11, 27, 2149 }, // U+00F1
    { 8, 12, 132, 0, 11, 24, 2176 }, // U+00F2
    { 8, 12, 132, 0, 11, 24, 2200 }, // U+00F3
    { 8, 12, 132, 0, 11, 24, 2224 }, // U+00F4
    { 8, 12, 132, 0, 11, 24, 2248 }, // U+00F5
    { 8, 11, 132, 0, 10, 22, 2272 }, // U+00F6
    { 8, 7, 157, 1, 8, 14, 2294 }, // U+00F7
    { 8, 8, 129, 0, 7, 16, 2308 }, // U+00F8
    { 9, 12, 141, 0, 11, 27, 2324 }, // U+00F9
    { 9, 12, 141, 0, 11, 27, 2351 }, // U+00FA
    { 9, 12, 141, 0, 11, 27, 2378 }, // U+00FB
    { 9, 11, 141, 0, 10, 25, 2405 }, // U+00FC
    { 8, 16, 117, 0, 11, 32, 2430 }, // U+00FD
    { 9, 17, 135, 0, 12, 39, 2462 }, // U+00FE
    { 8, 15, 117, 0, 10, 30, 2501 }, // U+00FF
    { 13, 14, 185, -1, 13, 46, 0 }, // U+0100
    { 7, 11, 106, 0, 10, 20, 46 }, // U+0101
    { 13, 15, 185, -1, 14, 49, 66 }, // U+0102
    { 7, 12, 106, 0, 11, 21, 115 }, // U+0103
    { 13, 17, 185, -1, 12, 56, 136 }, // U+0104
    { 7, 12, 106, 0, 7, 21, 192 }, // U+0105
    { 11, 15, 189, 0, 14, 42, 213 }, // U+0106
    { 7, 12, 109, 0, 11, 21, 255 }, // U+0107
    { 11, 15, 189, 0, 14, 42, 276 }, // U+0108
    { 7, 12, 109, 0, 11, 21, 318 }, // U+0109
    { 11, 15, 189, 0, 14, 42, 339 }, // U+010A
    { 7, 12, 109, 0, 11, 21, 381 }, // U+010B
    { 11, 15, 189, 0, 14, 42, 402 }, // U+010C
    { 7, 12, 109, 0, 11, 21, 444 }, // U+010D
    { 12, 15, 201, 0, 14, 45, 465 }, // U+010E
    { 10, 13, 138, 0, 12, 33, 510 }, // U+010F
    { 12, 12, 201, 0, 11, 36, 543 }, // U+0110
    { 9, 13, 135, 0, 12, 30, 579 }, // U+0111
    { 9, 14, 150, 0, 13, 32, 609 }, // U+0112
    { 7, 11, 104, 0, 10, 20, 641 }, // U+0113
    { 9, 15, 150, 0, 14, 34, 661 }, // U+0114
    { 7, 12, 104, 0, 11, 21, 695 }, // U+0115
    { 9, 15, 150, 0, 14, 34, 716 }, // U+0116
    { 7, 12, 104, 0, 11, 21, 750 }, // U+0117
    { 9, 16, 143, 0, 11, 36, 771 }, // U+0118
    { 6, 12, 102, 0, 7, 18, 807 }, // U+0119
    { 9, 15, 150, 0, 14, 34, 825 }, // U+011A
    { 7, 12, 104, 0, 11, 21, 859 }, // U+011B
    { 12, 15, 194, 0, 14, 45, 880 }, // U+011C
    { 8, 16, 116, 0, 11, 32, 925 }, // U+011D
    { 12, 15, 194, 0, 14, 45, 957 }, // U+011E
    { 8, 16, 116, 0, 11, 32, 1002 }, // U+011F
    { 12, 15, 194, 0, 14, 45, 1034 }, // U+0120
    { 8, 16, 116, 0, 11, 32, 1079 }, // U+0121
    { 12, 17, 194, 0, 12, 51, 1111 }, // U+0122
    { 8, 17, 116, 0, 12, 34, 1162 }, // U+0123
    { 13, 15, 216, 0, 14, 49, 1196 }, // U+0124
    { 10, 16, 137, -1, 15, 40, 1245 }, // U+0125
    { 13, 12, 216, 0, 11, 39, 1285 }, // U+0126
    { 9, 13, 138, 0, 12, 30, 1324 }, // U+0127
    { 6, 15, 91, 0, 14, 23, 1354 }, // U+0128
    { 6, 12, 65, -1, 11, 18, 1377 }, // U+0129
    { 6, 14, 91, 0, 13, 21, 1395 }, // U+012A
    { 5, 11, 65, 0, 10, 14, 1416 }, // U+012B
    { 6, 15, 91, 0, 14, 23, 1430 }, // U+012C
    { 4, 12, 65, 0, 11, 12, 1453 }, // U+012D
    { 6, 16, 91, 0, 11, 24, 1465 }, // U+012E
    { 4, 16, 65, 0, 11, 16, 1489 }, // U+012F
    { 6, 15, 91, 0, 14, 23, 1505 }, // U+0130
    { 4, 9, 65, 0, 8, 9, 1528 }, // U+0131
    { 11, 15, 181, 0, 11, 42, 1537 }, // U+0132
    { 7, 16, 124, 0, 11, 28, 1579 }, // U+0133
    { 8, 18, 91, -2, 14, 36, 1607 }, // U+0134
    { 5, 16, 60, -1, 11, 20, 1643 }, // U+0135
    { 12, 16, 182, 0, 11, 48, 1663 }, // U+0136
    { 8, 17, 125, 0, 12, 34, 1711 }, // U+0137
    { 9, 9, 126, 0, 8, 21, 1745 }, // U+0138
    { 10, 15, 156, 0, 14, 38, 1766 }, // U+0139
    { 4, 16, 64, 0, 15, 16, 1804 }, // U+013A
    { 10, 16, 156, 0, 11, 40, 1820 }, // U+013B
    { 4, 17, 64, 0, 12, 17, 1860 }, // U+013C
    { 10, 12, 156, 0, 11, 30, 1877 }, // U+013D
    { 5, 13, 68, 0, 12, 17, 1907 }, // U+013E
    { 10, 12, 156, 0, 11, 30, 1924 }, // U+013F
    { 6, 13, 89, 0, 12, 20, 1954 }, // U+0140
    { 10, 12, 156, 0, 11, 30, 1974 }, // U+0141
    { 5, 13, 75, 0, 12, 17, 2004 }, // U+0142
    { 14, 15, 211, 0, 14, 53, 2021 }, // U+0143
    { 9, 12, 141, 0, 11, 27, 2074 }, // U+0144
    { 14, 16, 205, 0, 11, 56, 2101 }, // U+0145
    { 9, 13, 141, 0, 8, 30, 2157 }, // U+0146
    { 14, 15, 211, 0, 14, 53, 2187 }, // U+0147
    { 9, 12, 141, 0, 11, 27, 2240 }, // U+0148
    { 11, 13, 162, -1, 12, 36, 2267 }, // U+0149
    { 13, 16, 205, 0, 11, 52, 2303 }, // U+014A
    { 8, 13, 137, 0, 8, 26, 2355 }, // U+014B
    { 12, 14, 204, 0, 13, 42, 2381 }, // U+014C
    { 8, 11, 132, 0, 10, 22, 2423 }, // U+014D
    { 12, 15, 204, 0, 14, 45, 2445 }, // U+014E
    { 8, 12, 132, 0, 11, 24, 2490 }, // U+014F
    { 12, 15, 204, 0, 14, 45, 2514 }, // U+0150
    { 8, 12, 132, 0, 11, 24, 2559 }, // U+0151
    { 16, 13, 253, 0, 12, 52, 2583 }, // U+0152
    { 13, 8, 202, 0, 7, 26, 2635 }, // U+0153
    { 12, 15, 190, 0, 14, 45, 2661 }, // U+0154
    { 6, 12, 89, 0, 11, 18, 2706 }, // U+0155
    { 12, 16, 190, 0, 11, 48, 2724 }, // U+0156
    { 6, 13, 89, 0, 8, 20, 2772 }, // U+0157
    { 12, 15, 190, 0, 14, 45, 2792 }, // U+0158
    { 6, 12, 89, 0, 11, 18, 2837 }, // U+0159
    { 8, 15, 124, 0, 14, 30, 2855 }, // U+015A
    { 6, 12, 86, 0, 11, 18, 2885 }, // U+015B
    { 8, 15, 124, 0, 14, 30, 2903 }, // U+015C
    { 5, 12, 86, 0, 11, 15, 2933 }, // U+015D
    { 8, 17, 124, 0, 12, 34, 2948 }, // U+015E
    { 5, 12, 86, 0, 7, 15, 2982 }, // U+015F
    { 8, 15, 124, 0, 14, 30, 2997 }, // U+0160
    { 5, 12, 86, 0, 11, 15, 3027 }, // U+0161
    { 12, 17, 179, 0, 12, 51, 3042 }, // U+0162
    { 6, 13, 84, 0, 8, 20, 3093 }, // U+0163
    { 12, 15, 179, 0, 14, 45, 3113 }, // U+0164
    { 6, 12, 84, 0, 11, 18, 3158 }, // U+0165
    { 12, 13, 179, 0, 12, 39, 3176 }, // U+0166
    { 6, 9, 94, 0, 8, 14, 3215 }, // U+0167
    { 13, 15, 197, 0, 14, 49, 3229 }, // U+0168
    { 9, 12, 141, 0, 11, 27, 3278 }, // U+0169
    { 13, 14, 197, 0, 13, 46, 3305 }, // U+016A
    { 9, 11, 141, 0, 10, 25, 3351 }, // U+016B
    { 13, 15, 197, 0, 14, 49, 3376 }, // U+016C
    { 9, 12, 141, 0, 11, 27, 3425 }, // U+016D
    { 13, 16, 197, 0, 15, 52, 3452 }, // U+016E
    { 9, 12, 141, 0, 11, 27, 3504 }, // U+016F
    { 13, 15, 197, 0, 14, 49, 3531 }, // U+0170
    { 9, 12, 141, 0, 11, 27, 3580 }, // U+0171
    { 13, 16, 197, 0, 11, 52, 3607 }, // U+0172
    { 9, 12, 141, 0, 7, 27, 3659 }, // U+0173
    { 16, 15, 244, 0, 14, 60, 3686 }, // U+0174
    { 12, 12, 183, 0, 11, 36, 3746 }, // U+0175
    { 11, 15, 154, 0, 14, 42, 3782 }, // U+0176
    { 8, 16, 117, 0, 11, 32, 3824 }, // U+0177
    { 11, 15, 154, 0, 14, 42, 3856 }, // U+0178
    { 10, 15, 161, 0, 14, 38, 3898 }, // U+0179
    { 7, 12, 101, 0, 11, 21, 3936 }, // U+017A
    { 10, 15, 161, 0, 14, 38, 3957 }, // U+017B
    { 7, 12, 101, 0, 11, 21, 3995 }, // U+017C
    { 10, 15, 161, 0, 14, 38, 4016 }, // U+017D
    { 7, 12, 101, 0, 11, 21, 4054 }, // U+017E
    { 7, 13, 70, 0, 12, 23, 4075 }, // U+017F
    { 13, 14, 204, 0, 13, 46, 0 }, // U+01A0
    { 9, 10, 135, 0, 9, 23, 46 }, // U+01A1
    { 14, 14, 197, 0, 13, 49, 69 }, // U+01AF
    { 10, 10, 150, 0, 9, 25, 118 }, // U+01B0
    { 23, 15, 362, 0, 14, 87, 143 }, // U+01C4
    { 19, 12, 302, 0, 11, 57, 230 }, // U+01C5
    { 15, 13, 236, 0, 12, 49, 287 }, // U+01C6
    { 15, 15, 246, 0, 11, 57, 336 }, // U+01C7
    { 13, 16, 213, 0, 11, 52, 393 }, // U+01C8
    { 7, 17, 124, 0, 12, 30, 445 }, // U+01C9
    { 19, 15, 302, 0, 11, 72, 475 }, // U+01CA
    { 16, 16, 272, 0, 11, 64, 547 }, // U+01CB
    { 12, 16, 194, 0, 11, 48, 611 }, // U+01CC
    { 13, 15, 185, -1, 14, 49, 659 }, // U+01CD
    { 7, 12, 106, 0, 11, 21, 708 }, // U+01CE
    { 6, 15, 91, 0, 14, 23, 729 }, // U+01CF
    { 4, 12, 65, 0, 11, 12, 752 }, // U+01D0
    { 12, 15, 204, 0, 14, 45, 764 }, // U+01D1
    { 8, 12, 132, 0, 11, 24, 809 }, // U+01D2
    { 13, 15, 197, 0, 14, 49, 833 }, // U+01D3
    { 9, 12, 141, 0, 11, 27, 882 }, // U+01D4
    { 13, 16, 197, 0, 15, 52, 909 }, // U+01D5
    { 9, 14, 141, 0, 13, 32, 961 }, // U+01D6
    { 13, 17, 197, 0, 16, 56, 993 }, // U+01D7
    { 9, 14, 141, 0, 13, 32, 1049 }, // U+01D8
    { 13, 17, 197, 0, 16, 56, 1081 }, // U+01D9
    { 9, 14, 141, 0, 13, 32, 1137 }, // U+01DA
    { 13, 17, 197, 0, 16, 56, 1169 }, // U+01DB
    { 9, 14, 141, 0, 13, 32, 1225 }, // U+01DC
    { 7, 8, 109, 0, 7, 14, 1257 }, // U+01DD
    { 13, 16, 185, -1, 15, 52, 1271 }, // U+01DE
    { 7, 14, 106, 0, 13, 25, 1323 }, // U+01DF
    { 13, 16, 185, -1, 15, 52, 1348 }, // U+01E0
    { 7, 14, 106, 0, 13, 25, 1400 }, // U+01E1
    { 16, 14, 233, -1, 13, 56, 1425 }, // U+01E2
    { 9, 11, 149, 0, 10, 25, 1481 }, // U+01E3
    { 12, 13, 194, 0, 12, 39, 1506 }, // U+01E4
    { 9, 12, 116, -1, 7, 27, 1545 }, // U+01E5
    { 12, 15, 194, 0, 14, 45, 1572 }, // U+01E6
    { 8, 16, 116, 0, 11, 32, 1617 }, // U+01E7
    { 12, 15, 182, 0, 14, 45, 1649 }, // U+01E8
    { 8, 15, 125, 0, 14, 30, 1694 }, // U+01E9
    { 12, 17, 204, 0, 12, 51, 1724 }, // U+01EA
    { 8, 12, 132, 0, 7, 24, 1775 }, // U+01EB
    { 12, 18, 204, 0, 13, 54, 1799 }, // U+01EC
    { 8, 15, 132, 0, 10, 30, 1853 }, // U+01ED
    { 8, 15, 137, 0, 14, 30, 1883 }, // U+01EE
    { 7, 16, 112, 0, 11, 28, 1913 }, // U+01EF
    { 5, 16, 60, -1, 11, 20, 1941 }, // U+01F0
    { 23, 13, 362, 0, 12, 75, 1961 }, // U+01F1
    { 19, 12, 302, 0, 11, 57, 2036 }, // U+01F2
    { 15, 13, 236, 0, 12, 49, 2093 }, // U+01F3
    { 12, 15, 194, 0, 14, 45, 2142 }, // U+01F4
    { 8, 16, 116, 0, 11, 32, 2187 }, // U+01F5
    { 15, 12, 240, 0, 11, 45, 2219 }, // U+01F6
    { 10, 15, 156, 0, 12, 38, 2264 }, // U+01F7
    { 14, 15, 211, 0, 14, 53, 2302 }, // U+01F8
    { 9, 12, 141, 0, 11, 27, 2355 }, // U+01F9
    { 13, 18, 185, -1, 17, 59, 2382 }, // U+01FA
    { 7, 14, 106, 0, 13, 25, 2441 }, // U+01FB
    { 16, 15, 233, -1, 14, 60, 2466 }, // U+01FC
    { 9, 12, 149, 0, 11, 27, 2526 }, // U+01FD
    { 12, 15, 206, 0, 14, 45, 2553 }, // U+01FE
    { 8, 12, 129, 0, 11, 24, 2598 }, // U+01FF
    { 13, 15, 185, -1, 14, 49, 2622 }, // U+0200
    { 7, 12, 106, 0, 11, 21, 2671 }, // U+0201
    { 13, 15, 185, -1, 14, 49, 2692 }, // U+0202
    { 7, 12, 106, 0, 11, 21, 2741 }, // U+0203
    { 9, 15, 150, 0, 14, 34, 2762 }, // U+0204
    { 7, 12, 104, 0, 11, 21, 2796 }, // U+0205
    { 9, 15, 150, 0, 14, 34, 2817 }, // U+0206
    { 7, 12, 104, 0, 11, 21, 2851 }, // U+0207
    { 7, 15, 91, -1, 14, 27, 2872 }, // U+0208
    { 6, 12, 65, -2, 11, 18, 2899 }, // U+0209
    { 6, 15, 91, 0, 14, 23, 2917 }, // U+020A
    { 4, 12, 65, 0, 11, 12, 2940 }, // U+020B
    { 12, 15, 204, 0, 14, 45, 2952 }, // U+020C
    { 8, 12, 132, 0, 11, 24, 2997 }, // U+020D
    { 12, 15, 204, 0, 14, 45, 3021 }, // U+020E
    { 8, 12, 132, 0, 11, 24, 3066 }, // U+020F
    { 12, 15, 190, 0, 14, 45, 3090 }, // U+0210
    { 6, 12, 89, 0, 11, 18, 3135 }, // U+0211
    { 12, 15, 190, 0, 14, 45, 3153 }, // U+0212
    { 6, 12, 89, 0, 11, 18, 3198 }, // U+0213
    { 13, 15, 197, 0, 14, 49, 3216 }, // U+0214
    { 9, 12, 141, 0, 11, 27, 3265 }, // U+0215
    { 13, 15, 197, 0, 14, 49, 3292 }, // U+0216
    { 9, 12, 141, 0, 11, 27, 3341 }, // U+0217
    { 8, 17, 124, 0, 12, 34, 3368 }, // U+0218
    { 5, 12, 86, 0, 7, 15, 3402 }, // U+0219
    { 12, 17, 179, 0, 12, 51, 3417 }, // U+021A
    { 6, 13, 84, 0, 8, 20, 3468 }, // U+021B
    { 10, 16, 140, -1, 12, 40, 3488 }, // U+021C
    { 7, 12, 112, 0, 7, 21, 3528 }, // U+021D
    { 13, 15, 216, 0, 14, 49, 3549 }, // U+021E
    { 9, 16, 137, 0, 15, 36, 3598 }, // U+021F
    { 4, 4, 0, -2, 11, 4, 0 }, // U+0300
    { 4, 4, 0, -2, 11, 4, 4 }, // U+0301
    { 4, 4, 0, -2, 11, 4, 8 }, // U+0302
    { 6, 4, 0, -3, 11, 6, 12 }, // U+0303
    { 4, 2, 0, -2, 10, 2, 18 }, // U+0304
    { 8, 2, 0, -4, 10, 4, 20 }, // U+0305
    { 4, 4, 0, -2, 11, 4, 24 }, // U+0306
    { 2, 2, 0, -1, 10, 1, 28 }, // U+0307
    { 6, 2, 0, -3, 10, 3, 29 }, // U+0308
    { 4, 4, 0, -2, 12, 4, 32 }, // U+0309
    { 4, 3, 0, -2, 11, 3, 36 }, // U+030A
    { 6, 4, 0, -3, 11, 6, 39 }, // U+030B
    { 4, 4, 0, -2, 11, 4, 45 }, // U+030C
    { 2, 4, 0, -1, 12, 2, 49 }, // U+030D
    { 4, 4, 0, -2, 12, 4, 51 }, // U+030E
    { 6, 4, 0, -3, 11, 6, 55 }, // U+030F
    { 6, 4, 0, -3, 11, 6, 61 }, // U+0310
    { 4, 4, 0, -2, 11, 4, 67 }, // U+0311
    { 4, 5, 0, -2, 12, 5, 71 }, // U+0312
    { 2, 5, 0, -1, 12, 3, 76 }, // U+0313
    { 2, 5, 0, -1, 12, 3, 79 }, // U+0314
    { 4, 5, 0, -2, 12, 5, 82 }, // U+0315
    { 4, 4, 0, -2, -1, 4, 87 }, // U+0316
    { 4, 4, 0, -2, -1, 4, 91 }, // U+0317
    { 4, 4, 0, -2, -1, 4, 95 }, // U+0318
    { 4, 4, 0, -2, -1, 4, 99 }, // U+0319
    { 4, 4, 0, -2, 12, 4, 103 }, // U+031A
    { 4, 3, 0, -2, 9, 3, 107 }, // U+031B
    { 2, 4, 0, -1, -1, 2, 110 }, // U+031C
    { 4, 3, 0, -2, -1, 3, 112 }, // U+031D
    { 4, 3, 0, -2, -1, 3, 115 }, // U+031E
    { 4, 4, 0, -2, -1, 4, 118 }, // U+031F
    { 4, 2, 0, -2, -2, 2, 122 }, // U+0320
    { 5, 7, 0, -2, 2, 9, 124 }, // U+0321
    { 5, 6, 0, 0, 1, 8, 133 }, // U+0322
    { 2, 3, 0, -1, -1, 2, 141 }, // U+0323
    { 6, 2, 0, -3, -1, 3, 143 }, // U+0324
    { 4, 3, 0, -2, -1, 3, 146 }, // U+0325
    { 4, 5, 0, -2, 0, 5, 149 }, // U+0326
    { 4, 6, 0, -2, 1, 6, 154 }, // U+0327
    { 4, 6, 0, -2, 1, 6, 160 }, // U+0328
    { 2, 4, 0, -1, -1, 2, 166 }, // U+0329
    { 4, 3, 0, -2, -2, 3, 168 }, // U+032A
    { 6, 3, 0, -3, -2, 5, 171 }, // U+032B
    { 4, 4, 0, -2, -1, 4, 176 }, // U+032C
    { 4, 4, 0, -2, -1, 4, 180 }, // U+032D
    { 4, 4, 0, -2, -1, 4, 184 }, // U+032E
    { 4, 3, 0, -2, -1, 3, 188 }, // U+032F
    { 6, 4, 0, -3, 0, 6, 191 }, // U+0330
    { 6, 2, 0, -3, -1, 3, 197 }, // U+0331
    { 8, 2, 0, -4, -1, 4, 200 }, // U+0332
    { 8, 4, 0, -4, -1, 8, 204 }, // U+0333
    { 8, 3, 0, -4, 7, 6, 212 }, // U+0334
    { 6, 2, 0, -3, 7, 3, 218 }, // U+0335
    { 8, 2, 0, -4, 7, 4, 221 }, // U+0336
    { 6, 11, 0, -3, 9, 17, 225 }, // U+0337
    { 6, 14, 0, -3, 12, 21, 242 }, // U+0338
    { 2, 4, 0, -1, -1, 2, 263 }, // U+0339
    { 4, 3, 0, -2, -2, 3, 265 }, // U+033A
    { 4, 4, 0, -2, -1, 4, 268 }, // U+033B
    { 6, 3, 0, -3, -2, 5, 272 }, // U+033C
    { 4, 3, 0, -2, 11, 3, 277 }, // U+033D
    { 2, 5, 0, -1, 12, 3, 280 }, // U+033E
    { 4, 4, 0, -2, 11, 4, 283 }, // U+0340
    { 2, 5, 0, -1, 12, 3, 287 }, // U+0341
    { 6, 3, 0, -3, 10, 5, 290 }, // U+0342
    { 2, 5, 0, -1, 12, 3, 295 }, // U+0343
    { 6, 4, 0, -3, 13, 6, 298 }, // U+0344
    { 4, 3, 0, -2, -1, 3, 304 }, // U+0345
    { 0, 0, 0, 0, 0, 0, 307 }, // U+034F
    { 2, 4, 0, -1, 11, 2, 307 }, // U+0351
    { 4, 3, 0, -2, -1, 3, 309 }, // U+0353
    { 2, 4, 0, -1, 11, 2, 312 }, // U+0357
    { 10, 3, 0, -5, 14, 8, 314 }, // U+035D
    { 10, 3, 0, -5, 14, 8, 322 }, // U+0361
    { 4, 4, 0, 0, 12, 4, 330 }, // U+0364
    { 9, 15, 150, 0, 14, 34, 0 }, // U+0400
    { 9, 15, 150, 0, 14, 34, 34 }, // U+0401
    { 12, 16, 200, 0, 12, 48, 68 }, // U+0402
    { 9, 15, 138, 0, 14, 34, 116 }, // U+0403
    { 10, 13, 174, 0, 12, 33, 150 }, // U+0404
    { 8, 13, 124, 0, 12, 26, 183 }, // U+0405
    { 6, 12, 91, 0, 11, 18, 209 }, // U+0406
    { 6, 15, 91, 0, 14, 23, 227 }, // U+0407
    { 7, 15, 91, -2, 11, 27, 250 }, // U+0408
    { 16, 12, 254, 0, 11, 48, 277 }, // U+0409
    { 16, 12, 258, 0, 11, 48, 325 }, // U+040A
    { 13, 13, 204, 0, 12, 43, 373 }, // U+040B
    { 12, 15, 176, 0, 14, 45, 416 }, // U+040C
    { 14, 15, 214, 0, 14, 53, 461 }, // U+040D
    { 12, 16, 170, -1, 15, 48, 514 }, // U+040E
    { 13, 15, 212, 0, 11, 49, 562 }, // U+040F
    { 13, 13, 185, -1, 12, 43, 611 }, // U+0410
    { 10, 12, 157, 0, 11, 30, 654 }, // U+0411
    { 10, 12, 157, 0, 11, 30, 684 }, // U+0412
    { 9, 12, 138, 0, 11, 27, 714 }, // U+0413
    { 12, 15, 188, 0, 11, 45, 741 }, // U+0414
    { 9, 12, 150, 0, 11, 27, 786 }, // U+0415
    { 18, 13, 262, -1, 12, 59, 813 }, // U+0416
    { 8, 13, 136, 0, 12, 26, 872 }, // U+0417
    { 14, 12, 214, 0, 11, 42, 898 }, // U+0418
    { 14, 16, 214, 0, 15, 56, 940 }, // U+0419
    { 12, 13, 176, 0, 12, 39, 996 }, // U+041A
    { 12, 12, 190, 0, 11, 36, 1035 }, // U+041B
    { 15, 12, 240, 0, 11, 45, 1071 }, // U+041C
    { 13, 12, 216, 0, 11, 39, 1116 }, // U+041D
    { 12, 13, 204, 0, 12, 39, 1155 }, // U+041E
    { 14, 12, 221, 0, 11, 42, 1194 }, // U+041F
    { 9, 12, 147, 0, 11, 27, 1236 }, // U+0420
    { 11, 13, 189, 0, 12, 36, 1263 }, // U+0421
    { 12, 13, 179, 0, 12, 39, 1299 }, // U+0422
    { 12, 12, 170, -1, 11, 36, 1338 }, // U+0423
    { 13, 13, 204, 0, 12, 43, 1374 }, // U+0424
    { 13, 12, 189, -1, 11, 39, 1417 }, // U+0425
    { 13, 15, 207, 0, 11, 49, 1456 }, // U+0426
    { 11, 12, 181, 0, 11, 33, 1505 }, // U+0427
    { 17, 12, 276, 0, 11, 51, 1538 }, // U+0428
    { 18, 15, 276, 0, 11, 68, 1589 }, // U+0429
    { 11, 12, 175, 0, 11, 33, 1657 }, // U+042A
    { 15, 12, 233, 0, 11, 45, 1690 }, // U+042B
    { 9, 12, 152, 0, 11, 27, 1735 }, // U+042C
    { 11, 13, 174, 0, 12, 36, 1762 }, // U+042D
    { 17, 13, 274, 0, 12, 56, 1798 }, // U+042E
    { 12, 12, 179, -1, 11, 36, 1854 }, // U+042F
    { 7, 8, 106, 0, 7, 14, 1890 }, // U+0430
    { 8, 13, 126, 0, 12, 26, 1904 }, // U+0431
    { 7, 8, 113, 0, 7, 14, 1930 }, // U+0432
    { 6, 8, 94, 0, 7, 12, 1944 }, // U+0433
    { 8, 10, 121, 0, 7, 20, 1956 }, // U+0434
    { 7, 8, 104, 0, 7, 14, 1976 }, // U+0435
    { 12, 8, 187, 0, 7, 24, 1990 }, // U+0436
    { 6, 8, 102, 0, 7, 12, 2014 }, // U+0437
    { 9, 8, 141, 0, 7, 18, 2026 }, // U+0438
    { 9, 12, 141, 0, 11, 27, 2044 }, // U+0439
    { 8, 8, 128, 0, 7, 16, 2071 }, // U+043A
    { 8, 8, 128, 0, 7, 16, 2087 }, // U+043B
    { 11, 8, 167, 0, 7, 22, 2103 }, // U+043C
    { 9, 8, 139, 0, 7, 18, 2125 }, // U+043D
    { 8, 8, 132, 0, 7, 16, 2143 }, // U+043E
    { 8, 8, 134, 0, 7, 16, 2159 }, // U+043F
    { 9, 13, 138, 0, 8, 30, 2175 }, // U+0440
    { 7, 8, 109, 0, 7, 14, 2205 }, // U+0441
    { 7, 8, 109, 0, 7, 14, 2219 }, // U+0442
    { 8, 12, 117, 0, 7, 24, 2233 }, // U+0443
    { 10, 16, 156, 0, 11, 40, 2257 }, // U+0444
    { 8, 8, 115, 0, 7, 16, 2297 }, // U+0445
    { 9, 10, 137, 0, 7, 23, 2313 }, // U+0446
    { 8, 8, 120, 0, 7, 16, 2336 }, // U+0447
    { 12, 8, 185, 0, 7, 24, 2352 }, // U+0448
    { 12, 10, 185, 0, 7, 30, 2376 }, // U+0449
    { 8, 8, 127, 0, 7, 16, 2406 }, // U+044A
    { 10, 8, 163, 0, 7, 20, 2422 }, // U+044B
    { 7, 8, 108, 0, 7, 14, 2442 }, // U+044C
    { 7, 8, 109, 0, 7, 14, 2456 }, // U+044D
    { 11, 8, 176, 0, 7, 22, 2470 }, // U+044E
    { 9, 8, 119, -1, 7, 18, 2492 }, // U+044F
    { 7, 12, 104, 0, 11, 21, 2510 }, // U+0450
    { 7, 11, 104, 0, 10, 20, 2531 }, // U+0451
    { 8, 16, 130, 0, 12, 32, 2551 }, // U+0452
    { 6, 12, 94, 0, 11, 18, 2583 }, // U+0453
    { 7, 8, 110, 0, 7, 14, 2601 }, // U+0454
    { 5, 8, 86, 0, 7, 10, 2615 }, // U+0455
    { 4, 12, 65, 0, 11, 12, 2625 }, // U+0456
    { 6, 11, 65, -1, 10, 17, 2637 }, // U+0457
    { 4, 16, 60, -1, 11, 16, 2654 }, // U+0458
    { 10, 8, 165, 0, 7, 20, 2670 }, // U+0459
    { 11, 8, 172, 0, 7, 22, 2690 }, // U+045A
    { 9, 13, 138, 0, 12, 30, 2712 }, // U+045B
    { 8, 12, 128, 0, 11, 24, 2742 }, // U+045C
    { 9, 12, 141, 0, 11, 27, 2766 }, // U+045D
    { 8, 16, 117, 0, 11, 32, 2793 }, // U+045E
    { 8, 10, 133, 0, 7, 20, 2825 }, // U+045F
    { 11, 13, 178, 0, 12, 36, 2845 }, // U+0462
    { 8, 13, 125, 0, 12, 26, 2881 }, // U+0463
    { 18, 12, 257, -1, 11, 54, 2907 }, // U+046A
    { 12, 8, 182, 0, 7, 24, 2961 }, // U+046B
    { 13, 12, 199, 0, 11, 39, 2985 }, // U+0470
    { 12, 13, 204, 0, 12, 39, 3024 }, // U+0472
    { 8, 8, 132, 0, 7, 16, 3063 }, // U+0473
    { 11, 13, 172, 0, 12, 36, 3079 }, // U+0474
    { 8, 9, 122, 0, 8, 18, 3115 }, // U+0475
    { 11, 15, 172, 0, 14, 42, 3133 }, // U+0476
    { 8, 12, 122, 0, 11, 24, 3175 }, // U+0477
    { 14, 19, 214, 0, 15, 67, 3199 }, // U+048A
    { 9, 14, 141, 0, 11, 32, 3266 }, // U+048B
    { 10, 13, 157, 0, 12, 33, 3298 }, // U+048C
    { 8, 13, 125, 0, 12, 26, 3331 }, // U+048D
    { 9, 12, 147, 0, 11, 27, 3357 }, // U+048E
    { 9, 13, 138, 0, 8, 30, 3384 }, // U+048F
    { 9, 14, 134, 0, 13, 32, 3414 }, // U+0490
    { 6, 10, 93, 0, 9, 15, 3446 }, // U+0491
    { 9, 12, 138, 0, 11, 27, 3461 }, // U+0492
    { 6, 8, 94, 0, 7, 12, 3488 }, // U+0493
    { 10, 15, 171, 0, 11, 38, 3500 }, // U+0494
    { 7, 12, 120, 0, 7, 21, 3538 }, // U+0495
    { 18, 16, 261, -1, 12, 72, 3559 }, // U+0496
    { 12, 10, 187, 0, 7, 30, 3631 }, // U+0497
    { 8, 17, 136, 0, 12, 34, 3661 }, // U+0498
    { 6, 12, 102, 0, 7, 18, 3695 }, // U+0499
    { 12, 16, 176, 0, 12, 48, 3713 }, // U+049A
    { 8, 10, 128, 0, 7, 20, 3761 }, // U+049B
    { 13, 13, 192, 0, 12, 43, 3781 }, // U+049C
    { 9, 8, 138, 0, 7, 18, 3824 }, // U+049D
    { 12, 13, 187, 0, 12, 39, 3842 }, // U+049E
    { 9, 13, 145, 0, 12, 30, 3881 }, // U+049F
    { 13, 13, 199, 0, 12, 43, 3911 }, // U+04A0
    { 10, 8, 150, 0, 7, 20, 3954 }, // U+04A1
    { 13, 15, 216, 0, 11, 49, 3974 }, // U+04A2
    { 9, 10, 139, 0, 7, 23, 4023 }, // U+04A3
    { 17, 13, 258, 0, 12, 56, 4046 }, // U+04A4
    { 11, 8, 166, 0, 7, 22, 4102 }, // U+04A5
    { 17, 15, 275, 0, 11, 64, 4124 }, // U+04A6
    { 12, 12, 195, 0, 7, 36, 4188 }, // U+04A7
    { 12, 13, 196, 0, 12, 39, 4224 }, // U+04A8
    { 9, 8, 138, 0, 7, 18, 4263 }, // U+04A9
    { 11, 17, 189, 0, 12, 47, 4281 }, // U+04AA
    { 7, 12, 109, 0, 7, 21, 4328 }, // U+04AB
    { 12, 16, 179, 0, 12, 48, 4349 }, // U+04AC
    { 7, 10, 109, 0, 7, 18, 4397 }, // U+04AD
    { 11, 12, 154, 0, 11, 33, 4415 }, // U+04AE
    { 9, 12, 117, -1, 7, 27, 4448 }, // U+04AF
    { 11, 12, 154, 0, 11, 33, 4475 }, // U+04B0
    { 9, 12, 117, -1, 7, 27, 4508 }, // U+04B1
    { 13, 15, 189, -1, 11, 49, 4535 }, // U+04B2
    { 8, 10, 115, 0, 7, 20, 4584 }, // U+04B3
    { 15, 16, 236, 0, 12, 60, 4604 }, // U+04B4
    { 10, 10, 158, 0, 7, 25, 4664 }, // U+04B5
    { 11, 15, 181, 0, 11, 42, 4689 }, // U+04B6
    { 8, 10, 120, 0, 7, 20, 4731 }, // U+04B7
    { 11, 12, 182, 0, 11, 33, 4751 }, // U+04B8
    { 8, 8, 127, 0, 7, 16, 4784 }, // U+04B9
    { 11, 12, 176, 0, 11, 33, 4800 }, // U+04BA
    { 9, 13, 137, 0, 12, 30, 4833 }, // U+04BB
    { 13, 13, 213, 0, 12, 43, 4863 }, // U+04BC
    { 8, 9, 127, 0, 8, 18, 4906 }, // U+04BD
    { 13, 17, 213, 0, 14, 56, 4924 }, // U+04BE
    { 8, 14, 126, 0, 11, 28, 4980 }, // U+04BF
    { 6, 12, 91, 0, 11, 18, 5008 }, // U+04C0
    { 18, 16, 262, -1, 15, 72, 5026 }, // U+04C1
    { 12, 12, 187, 0, 11, 36, 5098 }, // U+04C2
    { 11, 16, 173, 0, 12, 44, 5134 }, // U+04C3
    { 8, 12, 125, 0, 7, 24, 5178 }, // U+04C4
    { 12, 15, 190, 0, 11, 45, 5202 }, // U+04C5
    { 8, 10, 128, 0, 7, 20, 5247 }, // U+04C6
    { 13, 15, 216, 0, 11, 49, 5267 }, // U+04C7
    { 9, 12, 138, 0, 7, 27, 5316 }, // U+04C8
    { 13, 15, 216, 0, 11, 49, 5343 }, // U+04C9
    { 9, 10, 139, 0, 7, 23, 5392 }, // U+04CA
    { 11, 15, 181, 0, 11, 42, 5415 }, // U+04CB
    { 8, 10, 120, 0, 7, 20, 5457 }, // U+04CC
    { 15, 15, 240, 0, 11, 57, 5477 }, // U+04CD
    { 11, 10, 167, 0, 7, 28, 5534 }, // U+04CE
    { 4, 13, 64, 0, 12, 13, 5562 }, // U+04CF
    { 13, 16, 185, -1, 15, 52, 5575 }, // U+04D0
    { 7, 12, 106, 0, 11, 21, 5627 }, // U+04D1
    { 13, 15, 185, -1, 14, 49, 5648 }, // U+04D2
    { 7, 11, 106, 0, 10, 20, 5697 }, // U+04D3
    { 16, 12, 233, -1, 11, 48, 5717 }, // U+04D4
    { 9, 8, 149, 0, 7, 18, 5765 }, // U+04D5
    { 9, 16, 150, 0, 15, 36, 5783 }, // U+04D6
    { 7, 12, 104, 0, 11, 21, 5819 }, // U+04D7
    { 11, 13, 177, 0, 12, 36, 5840 }, // U+04D8
    { 7, 8, 107, 0, 7, 14, 5876 }, // U+04D9
    { 11, 15, 177, 0, 14, 42, 5890 }, // U+04DA
    { 7, 11, 107, 0, 10, 20, 5932 }, // U+04DB
    { 18, 15, 262, -1, 14, 68, 5952 }, // U+04DC
    { 12, 11, 187, 0, 10, 33, 6020 }, // U+04DD
    { 8, 15, 136, 0, 14, 30, 6053 }, // U+04DE
    { 6, 11, 102, 0, 10, 17, 6083 }, // U+04DF
    { 8, 13, 137, 0, 12, 26, 6100 }, // U+04E0
    { 7, 12, 112, 0, 7, 21, 6126 }, // U+04E1
    { 14, 14, 214, 0, 13, 49, 6147 }, // U+04E2
    { 9, 11, 141, 0, 10, 25, 6196 }, // U+04E3
    { 14, 15, 214, 0, 14, 53, 6221 }, // U+04E4
    { 9, 11, 141, 0, 10, 25, 6274 }, // U+04E5
    { 12, 15, 204, 0, 14, 45, 6299 }, // U+04E6
    { 8, 11, 132, 0, 10, 22, 6344 }, // U+04E7
    { 12, 13, 204, 0, 12, 39, 6366 }, // U+04E8
    { 8, 8, 132, 0, 7, 16, 6405 }, // U+04E9
    { 12, 15, 204, 0, 14, 45, 6421 }, // U+04EA
    { 8, 11, 132, 0, 10, 22, 6466 }, // U+04EB
    { 11, 15, 174, 0, 14, 42, 6488 }, // U+04EC
    { 7, 11, 109, 0, 10, 20, 6530 }, // U+04ED
    { 12, 14, 170, -1, 13, 42, 6550 }, // U+04EE
    { 8, 15, 117, 0, 10, 30, 6592 }, // U+04EF
    { 12, 15, 170, -1, 14, 45, 6622 }, // U+04F0
    { 8, 15, 117, 0, 10, 30, 6667 }, // U+04F1
    { 12, 15, 170, -1, 14, 45, 6697 }, // U+04F2
    { 8, 16, 117, 0, 11, 32, 6742 }, // U+04F3
    { 11, 15, 181, 0, 14, 42, 6774 }, // U+04F4
    { 8, 11, 120, 0, 10, 22, 6816 }, // U+04F5
    { 9, 15, 138, 0, 11, 34, 6838 }, // U+04F6
    { 6, 10, 94, 0, 7, 15, 6872 }, // U+04F7
    { 15, 15, 233, 0, 14, 57, 6887 }, // U+04F8
    { 10, 11, 163, 0, 10, 28, 6944 }, // U+04F9
    { 11, 15, 138, -2, 11, 42, 6972 }, // U+04FA
    { 7, 12, 97, -1, 7, 21, 7014 }, // U+04FB
    { 13, 16, 189, -1, 11, 52, 7035 }, // U+04FC
    { 7, 12, 113, 0, 7, 21, 7087 }, // U+04FD
    { 12, 12, 194, 0, 11, 36, 7108 }, // U+04FE
    { 8, 8, 120, 0, 7, 16, 7144 }, // U+04FF
    { 13, 16, 185, -1, 12, 52, 0 }, // U+1EA0
    { 7, 11, 106, 0, 7, 20, 52 }, // U+1EA1
    { 13, 16, 185, -1, 15, 52, 72 }, // U+1EA2
    { 7, 13, 106, 0, 12, 23, 124 }, // U+1EA3
    { 13, 16, 185, -1, 15, 52, 147 }, // U+1EA4
    { 7, 14, 106, 0, 13, 25, 199 }, // U+1EA5
    { 13, 16, 185, -1, 15, 52, 224 }, // U+1EA6
    { 7, 14, 106, 0, 13, 25, 276 }, // U+1EA7
    { 13, 17, 185, -1, 16, 56, 301 }, // U+1EA8
    { 7, 14, 106, 0, 13, 25, 357 }, // U+1EA9
    { 13, 17, 185, -1, 16, 56, 382 }, // U+1EAA
    { 7, 13, 106, 0, 12, 23, 438 }, // U+1EAB
    { 13, 18, 185, -1, 14, 59, 461 }, // U+1EAC
    { 7, 15, 106, 0, 11, 27, 520 }, // U+1EAD
    { 13, 17, 185, -1, 16, 56, 547 }, // U+1EAE
    { 7, 14, 106, 0, 13, 25, 603 }, // U+1EAF
    { 13, 17, 185, -1, 16, 56, 628 }, // U+1EB0
    { 7, 14, 106, 0, 13, 25, 684 }, // U+1EB1
    { 13, 17, 185, -1, 16, 56, 709 }, // U+1EB2
    { 7, 13, 106, 0, 12, 23, 765 }, // U+1EB3
    { 13, 17, 185, -1, 16, 56, 788 }, // U+1EB4
    { 7, 13, 106, 0, 12, 23, 844 }, // U+1EB5
    { 13, 18, 185, -1, 14, 59, 867 }, // U+1EB6
    { 7, 15, 106, 0, 11, 27, 926 }, // U+1EB7
    { 9, 15, 150, 0, 11, 34, 953 }, // U+1EB8
    { 7, 11, 104, 0, 7, 20, 987 }, // U+1EB9
    { 9, 16, 150, 0, 15, 36, 1007 }, // U+1EBA
    { 7, 13, 104, 0, 12, 23, 1043 }, // U+1EBB
    { 9, 15, 150, 0, 14, 34, 1066 }, // U+1EBC
    { 7, 12, 104, 0, 11, 21, 1100 }, // U+1EBD
    { 9, 16, 143, 0, 15, 36, 1121 }, // U+1EBE
    { 7, 14, 104, 0, 13, 25, 1157 }, // U+1EBF
    { 9, 16, 143, 0, 15, 36, 1182 }, // U+1EC0
    { 7, 14, 104, 0, 13, 25, 1218 }, // U+1EC1
    { 9, 17, 143, 0, 16, 39, 1243 }, // U+1EC2
    { 7, 13, 104, 0, 12, 23, 1282 }, // U+1EC3
    { 9, 17, 143, 0, 16, 39, 1305 }, // U+1EC4
    { 7, 13, 104, 0, 12, 23, 1344 }, // U+1EC5
    { 9, 18, 150, 0, 14, 41, 1367 }, // U+1EC6
    { 7, 15, 104, 0, 11, 27, 1408 }, // U+1EC7
    { 6, 16, 91, 0, 15, 24, 1435 }, // U+1EC8
    { 4, 13, 65, 0, 12, 13, 1459 }, // U+1EC9
    { 6, 15, 91, 0, 11, 23, 1472 }, // U+1ECA
    { 4, 15, 65, 0, 11, 15, 1495 }, // U+1ECB
    { 12, 16, 204, 0, 12, 48, 1510 }, // U+1ECC
    { 8, 11, 132, 0, 7, 22, 1558 }, // U+1ECD
    { 12, 16, 204, 0, 15, 48, 1580 }, // U+1ECE
    { 8, 13, 132, 0, 12, 26, 1628 }, // U+1ECF
    { 12, 16, 204, 0, 15, 48, 1654 }, // U+1ED0
    { 8, 14, 132, 0, 13, 28, 1702 }, // U+1ED1
    { 12, 16, 204, 0, 15, 48, 1730 }, // U+1ED2
    { 8, 14, 132, 0, 13, 28, 1778 }, // U+1ED3
    { 12, 17, 204, 0, 16, 51, 1806 }, // U+1ED4
    { 8, 13, 132, 0, 12, 26, 1857 }, // U+1ED5
    { 12, 17, 204, 0, 16, 51, 1883 }, // U+1ED6
    { 8, 13, 132, 0, 12, 26, 1934 }, // U+1ED7
    { 12, 18, 204, 0, 14, 54, 1960 }, // U+1ED8
    { 8, 15, 132, 0, 11, 30, 2014 }, // U+1ED9
    { 13, 15, 204, 0, 14, 49, 2044 }, // U+1EDA
    { 9, 12, 135, 0, 11, 27, 2093 }, // U+1EDB
    { 13, 15, 204, 0, 14, 49, 2120 }, // U+1EDC
    { 9, 12, 135, 0, 11, 27, 2169 }, // U+1EDD
    { 13, 16, 204, 0, 15, 52, 2196 }, // U+1EDE
    { 9, 13, 135, 0, 12, 30, 2248 }, // U+1EDF
    { 13, 15, 204, 0, 14, 49, 2278 }, // U+1EE0
    { 9, 12, 135, 0, 11, 27, 2327 }, // U+1EE1
    { 13, 17, 204, 0, 13, 56, 2354 }, // U+1EE2
    { 9, 13, 135, 0, 9, 30, 2410 }, // U+1EE3
    { 13, 15, 197, 0, 11, 49, 2440 }, // U+1EE4
    { 9, 11, 141, 0, 7, 25, 2489 }, // U+1EE5
    { 13, 16, 197, 0, 15, 52, 2514 }, // U+1EE6
    { 9, 13, 141, 0, 12, 30, 2566 }, // U+1EE7
    { 14, 15, 197, 0, 14, 53, 2596 }, // U+1EE8
    { 10, 12, 150, 0, 11, 30, 2649 }, // U+1EE9
    { 14, 15, 197, 0, 14, 53, 2679 }, // U+1EEA
    { 10, 12, 150, 0, 11, 30, 2732 }, // U+1EEB
    { 14, 16, 197, 0, 15, 56, 2762 }, // U+1EEC
    { 10, 13, 150, 0, 12, 33, 2818 }, // U+1EED
    { 14, 15, 197, 0, 14, 53, 2851 }, // U+1EEE
    { 10, 12, 150, 0, 11, 30, 2904 }, // U+1EEF
    { 14, 17, 197, 0, 13, 60, 2934 }, // U+1EF0
    { 10, 13, 150, 0, 9, 33, 2994 }, // U+1EF1
    { 11, 15, 154, 0, 14, 42, 3027 }, // U+1EF2
    { 8, 16, 117, 0, 11, 32, 3069 }, // U+1EF3
    { 11, 15, 154, 0, 11, 42, 3101 }, // U+1EF4
    { 8, 12, 117, 0, 7, 24, 3143 }, // U+1EF5
    { 11, 16, 154, 0, 15, 44, 3167 }, // U+1EF6
    { 8, 17, 117, 0, 12, 34, 3211 }, // U+1EF7
    { 11, 15, 154, 0, 14, 42, 3245 }, // U+1EF8
    { 8, 16, 117, 0, 11, 32, 3287 }, // U+1EF9
    { 0, 0, 133, 0, 0, 0, 0 }, // U+2000
    { 0, 0, 267, 0, 0, 0, 0 }, // U+2001
    { 0, 0, 133, 0, 0, 0, 0 }, // U+2002
    { 0, 0, 267, 0, 0, 0, 0 }, // U+2003
    { 0, 0, 89, 0, 0, 0, 0 }, // U+2004
    { 0, 0, 67, 0, 0, 0, 0 }, // U+2005
    { 0, 0, 44, 0, 0, 0, 0 }, // U+2006
    { 0, 0, 141, 0, 0, 0, 0 }, // U+2007
    { 0, 0, 61, 0, 0, 0, 0 }, // U+2008
    { 0, 0, 27, 0, 0, 0, 0 }, // U+2009
    { 0, 0, 3, 0, 0, 0, 0 }, // U+200A
    { 0, 0, 0, 0, 0, 0, 0 }, // U+200B
    { 0, 0, 0, 0, 0, 0, 0 }, // U+200C
    { 0, 0, 0, 0, 0, 0, 0 }, // U+200D
    { 0, 0, 0, 0, 0, 0, 0 }, // U+200E
    { 0, 0, 0, 0, 0, 0, 0 }, // U+200F
    { 5, 3, 73, 0, 5, 4, 0 }, // U+2010
    { 5, 3, 73, 0, 5, 4, 4 }, // U+2011
    { 9, 2, 141, 0, 5, 5, 8 }, // U+2012
    { 9, 1, 147, 0, 4, 3, 13 }, // U+2013
    { 15, 1, 253, 0, 4, 4, 16 }, // U+2014
    { 33, 1, 534, 0, 4, 9, 20 }, // U+2015
    { 5, 17, 108, 1, 12, 22, 29 }, // U+2016
    { 4, 5, 65, 0, 12, 5, 51 }, // U+2018
    { 4, 5, 65, 0, 12, 5, 56 }, // U+2019
    { 4, 5, 65, 0, 2, 5, 61 }, // U+201A
    { 7, 5, 112, 0, 12, 9, 66 }, // U+201C
    { 7, 5, 112, 0, 12, 9, 75 }, // U+201D
    { 7, 5, 112, 0, 2, 9, 84 }, // U+201E
    { 7, 13, 117, 0, 11, 23, 93 }, // U+2020
    { 7, 13, 117, 0, 11, 23, 116 }, // U+2021
    { 6, 6, 93, 0, 9, 9, 139 }, // U+2022
    { 2, 3, 61, 1, 2, 2, 148 }, // U+2024
    { 6, 3, 122, 1, 2, 5, 150 }, // U+2025
    { 10, 3, 183, 1, 2, 8, 155 }, // U+2026
    { 3, 2, 47, 0, 7, 2, 163 }, // U+2027
    { 0, 0, 0, 0, 0, 0, 165 }, // U+202A
    { 0, 0, 0, 0, 0, 0, 165 }, // U+202B
    { 0, 0, 0, 0, 0, 0, 165 }, // U+202C
    { 0, 0, 0, 0, 0, 0, 165 }, // U+202D
    { 0, 0, 0, 0, 0, 0, 165 }, // U+202E
    { 16, 14, 257, 0, 12, 56, 165 }, // U+2030
    { 3, 5, 47, 0, 12, 4, 221 }, // U+2032
    { 5, 5, 84, 0, 12, 7, 225 }, // U+2033
    { 8, 5, 121, 0, 12, 10, 232 }, // U+2034
    { 3, 5, 47, 0, 12, 4, 242 }, // U+2035
    { 5, 5, 84, 0, 12, 7, 246 }, // U+2036
    { 7, 5, 121, 0, 12, 9, 253 }, // U+2037
    { 5, 7, 102, 1, 7, 9, 262 }, // U+2039
    { 5, 7, 102, 1, 7, 9, 271 }, // U+203A
    { 6, 12, 119, 1, 11, 18, 280 }, // U+203C
    { 5, 13, 101, 1, 12, 17, 298 }, // U+203D
    { 8, 2, 133, 0, 11, 4, 315 }, // U+203E
    { 9, 14, 13, -4, 12, 32, 319 }, // U+2044
    { 9, 13, 176, 1, 12, 30, 351 }, // U+2047
    { 7, 13, 144, 1, 12, 23, 381 }, // U+2048
    { 8, 13, 156, 1, 12, 26, 404 }, // U+2049
    { 10, 16, 159, 0, 11, 40, 430 }, // U+204B
    { 6, 6, 91, 0, 5, 9, 470 }, // U+204E
    { 10, 5, 158, 0, 12, 13, 479 }, // U+2057
    { 0, 0, 0, 0, 0, 0, 492 }, // U+2060
    { 0, 0, 0, 0, 0, 0, 492 }, // U+2061
    { 0, 0, 0, 0, 0, 0, 492 }, // U+2062
    { 0, 0, 0, 0, 0, 0, 492 }, // U+2063
    { 0, 0, 0, 0, 0, 0, 492 }, // U+2064
    { 0, 0, 0, 0, 0, 0, 492 }, // U+2066
    { 0, 0, 0, 0, 0, 0, 492 }, // U+2067
    { 0, 0, 0, 0, 0, 0, 492 }, // U+2068
    { 0, 0, 0, 0, 0, 0, 492 }, // U+2069
    { 0, 0, 0, 0, 0, 0, 492 }, // U+206A
    { 0, 0, 0, 0, 0, 0, 492 }, // U+206B
    { 0, 0, 0, 0, 0, 0, 492 }, // U+206C
    { 0, 0, 0, 0, 0, 0, 492 }, // U+206D
    { 0, 0, 0, 0, 0, 0, 492 }, // U+206E
    { 0, 0, 0, 0, 0, 0, 492 }, // U+206F
    { 5, 7, 80, 0, 14, 9, 0 }, // U+2070
    { 3, 8, 54, 0, 12, 6, 9 }, // U+2071
    { 5, 7, 80, 0, 14, 9, 15 }, // U+2074
    { 5, 7, 80, 0, 14, 9, 24 }, // U+2075
    { 5, 7, 80, 0, 14, 9, 33 }, // U+2076
    { 5, 7, 80, 0, 14, 9, 42 }, // U+2077
    { 5, 7, 80, 0, 14, 9, 51 }, // U+2078
    { 5, 7, 80, 0, 14, 9, 60 }, // U+2079
    { 6, 6, 107, 0, 13, 9, 69 }, // U+207A
    { 6, 2, 101, 0, 11, 3, 78 }, // U+207B
    { 6, 3, 107, 0, 12, 5, 81 }, // U+207C
    { 4, 10, 55, 0, 15, 10, 86 }, // U+207D
    { 3, 10, 55, 0, 15, 8, 96 }, // U+207E
    { 6, 5, 101, 0, 9, 8, 104 }, // U+207F
    { 5, 7, 80, 0, 4, 9, 112 }, // U+2080
    { 4, 7, 69, 0, 4, 7, 121 }, // U+2081
    { 5, 7, 80, 0, 4, 9, 128 }, // U+2082
    { 4, 7, 76, 0, 4, 7, 137 }, // U+2083
    { 5, 7, 80, 0, 4, 9, 144 }, // U+2084
    { 5, 7, 80, 0, 4, 9, 153 }, // U+2085
    { 5, 7, 80, 0, 4, 9, 162 }, // U+2086
    { 5, 7, 80, 0, 4, 9, 171 }, // U+2087
    { 5, 7, 80, 0, 4, 9, 180 }, // U+2088
    { 5, 7, 80, 0, 4, 9, 189 }, // U+2089
    { 6, 6, 107, 0, 3, 9, 198 }, // U+208A
    { 6, 2, 100, 0, 1, 3, 207 }, // U+208B
    { 6, 3, 107, 0, 2, 5, 210 }, // U+208C
    { 4, 10, 55, 0, 5, 10, 215 }, // U+208D
    { 3, 10, 55, 0, 5, 8, 225 }, // U+208E
    { 5, 5, 80, 0, 1, 7, 233 }, // U+2090
    { 4, 5, 69, 0, 1, 5, 240 }, // U+2091
    { 5, 5, 82, 0, 1, 7, 245 }, // U+2092
    { 5, 5, 80, 0, 2, 7, 252 }, // U+2093
    { 4, 5, 70, 0, 2, 5, 259 }, // U+2094
    { 6, 8, 101, 0, 5, 12, 264 }, // U+2095
    { 6, 8, 94, 0, 5, 12, 276 }, // U+2096
    { 3, 8, 54, 0, 5, 6, 288 }, // U+2097
    { 9, 6, 143, 0, 3, 14, 294 }, // U+2098
    { 6, 5, 101, 0, 2, 8, 308 }, // U+2099
    { 6, 7, 93, 0, 2, 11, 316 }, // U+209A
    { 4, 5, 61, 0, 2, 5, 327 }, // U+209B
    { 4, 6, 61, 0, 3, 6, 332 }, // U+209C
    { 11, 15, 189, 0, 13, 42, 0 }, // U+20A1
    { 9, 12, 137, 0, 11, 27, 42 }, // U+20A3
    { 9, 12, 131, -1, 11, 27, 69 }, // U+20A4
    { 10, 13, 160, 0, 10, 33, 96 }, // U+20A5
    { 15, 12, 220, -1, 11, 45, 129 }, // U+20A6
    { 10, 12, 166, 0, 11, 30, 174 }, // U+20A7
    { 14, 12, 232, 0, 11, 42, 204 }, // U+20A8
    { 16, 12, 244, 0, 11, 48, 246 }, // U+20A9
    { 8, 14, 125, 0, 12, 28, 294 }, // U+20AB
    { 13, 13, 189, -1, 12, 43, 322 }, // U+20AC
    { 12, 12, 182, 0, 11, 36, 365 }, // U+20AD
    { 12, 13, 179, 0, 12, 39, 401 }, // U+20AE
    { 10, 12, 160, 0, 11, 30, 440 }, // U+20B1
    { 12, 15, 194, 0, 13, 45, 470 }, // U+20B2
    { 9, 13, 136, 0, 12, 30, 515 }, // U+20B4
    { 11, 15, 189, 0, 13, 42, 545 }, // U+20B5
    { 10, 12, 155, 0, 11, 30, 587 }, // U+20B8
    { 8, 12, 127, 0, 11, 24, 617 }, // U+20B9
    { 8, 12, 132, 0, 11, 24, 641 }, // U+20BA
    { 12, 13, 197, 0, 12, 39, 665 }, // U+20BC
    { 9, 12, 147, 0, 11, 27, 704 }, // U+20BD
    { 16, 7, 267, 0, 8, 28, 0 }, // U+2190
    { 7, 16, 117, 0, 12, 28, 28 }, // U+2191
    { 16, 7, 267, 0, 8, 28, 56 }, // U+2192
    { 7, 16, 117, 0, 12, 28, 84 }, // U+2193
    { 16, 7, 267, 0, 8, 28, 112 }, // U+2194
    { 7, 15, 107, 0, 12, 27, 140 }, // U+2195
    { 13, 13, 213, 0, 10, 43, 167 }, // U+2196
    { 13, 13, 216, 0, 10, 43, 210 }, // U+2197
    { 13, 13, 213, 0, 10, 43, 253 }, // U+2198
    { 13, 13, 216, 0, 10, 43, 296 }, // U+2199
    { 16, 14, 267, 0, 12, 56, 339 }, // U+219A
    { 16, 14, 267, 0, 12, 56, 395 }, // U+219B
    { 16, 7, 267, 0, 8, 28, 451 }, // U+219E
    { 7, 16, 117, 0, 12, 28, 479 }, // U+219F
    { 16, 7, 267, 0, 8, 28, 507 }, // U+21A0
    { 7, 16, 117, 0, 12, 28, 535 }, // U+21A1
    { 15, 7, 246, 0, 8, 27, 563 }, // U+21A2
    { 16, 14, 267, 0, 12, 56, 590 }, // U+21AE
    { 16, 7, 267, 0, 8, 28, 646 }, // U+21D0
    { 7, 16, 117, 0, 12, 28, 674 }, // U+21D1
    { 16, 7, 267, 0, 8, 28, 702 }, // U+21D2
    { 7, 16, 117, 0, 12, 28, 730 }, // U+21D3
    { 16, 7, 267, 0, 8, 28, 758 }, // U+21DA
    { 16, 7, 267, 0, 8, 28, 786 }, // U+21DB
    { 8, 13, 130, 0, 12, 26, 0 }, // U+2202
    { 11, 13, 184, 0, 11, 36, 26 }, // U+2205
    { 11, 12, 180, 0, 12, 33, 62 }, // U+2206
    { 10, 12, 180, 1, 11, 30, 95 }, // U+2207
    { 14, 12, 221, 0, 11, 42, 125 }, // U+220F
    { 14, 12, 221, 0, 11, 42, 167 }, // U+2210
    { 9, 13, 131, -1, 11, 30, 209 }, // U+2211
    { 10, 2, 160, 0, 5, 5, 239 }, // U+2212
    { 9, 10, 157, 0, 10, 23, 244 }, // U+2213
    { 7, 14, 106, 0, 12, 25, 267 }, // U+2215
    { 7, 14, 106, 0, 12, 25, 292 }, // U+2216
    { 3, 3, 53, 0, 5, 3, 317 }, // U+2219
    { 9, 14, 96, 0, 12, 32, 320 }, // U+221A
    { 12, 7, 200, 0, 7, 21, 352 }, // U+221E
    { 2, 17, 69, 1, 12, 9, 373 }, // U+2223
    { 6, 17, 69, -1, 12, 26, 382 }, // U+2224
    { 4, 17, 101, 1, 12, 17, 408 }, // U+2225
    { 6, 17, 101, 0, 12, 26, 425 }, // U+2226
    { 10, 16, 83, -3, 12, 40, 451 }, // U+222B
    { 2, 8, 66, 1, 7, 4, 491 }, // U+2236
    { 8, 3, 133, 0, 7, 6, 495 }, // U+223C
    { 8, 10, 133, 0, 10, 20, 501 }, // U+2241
    { 8, 5, 133, 0, 7, 10, 521 }, // U+2248
    { 9, 10, 151, 0, 9, 23, 531 }, // U+2260
    { 9, 10, 157, 0, 9, 23, 554 }, // U+2264
    { 10, 10, 157, 0, 9, 25, 577 }, // U+2265
    { 14, 9, 229, 0, 8, 32, 602 }, // U+226A
    { 14, 9, 229, 0, 8, 32, 634 }, // U+226B
    { 9, 11, 149, 0, 9, 25, 666 }, // U+226E
    { 9, 11, 149, 0, 9, 25, 691 }, // U+226F
    { 3, 3, 53, 0, 5, 3, 716 }, // U+22C5
    { 10, 3, 165, 0, 5, 8, 719 }, // U+22EF
    { 12, 13, 153, 0, 12, 39, 0 }, // U+FB00
    { 9, 13, 138, 0, 12, 30, 39 }, // U+FB01
    { 9, 13, 135, 0, 12, 30, 69 }, // U+FB02
    { 13, 13, 207, 0, 12, 43, 99 }, // U+FB03
    { 13, 13, 203, 0, 12, 43, 142 }, // U+FB04
    { 10, 13, 159, 0, 12, 33, 185 }, // U+FB05
    { 11, 13, 165, 0, 12, 36, 218 }, // U+FB06
    { 13, 13, 202, 0, 12, 43, 0 }, // U+FFFD
};

static const EpdUnicodeInterval ebgaramond_8_regularIntervals[] = {
    { 0x0, 0x17F, 0x0 },
    { 0x1A0, 0x1A1, 0x180 },
    { 0x1AF, 0x1B0, 0x182 },
    { 0x1C4, 0x21F, 0x184 },
    { 0x300, 0x33E, 0x1E0 },
    { 0x340, 0x345, 0x21F },
    { 0x34F, 0x34F, 0x225 },
    { 0x351, 0x351, 0x226 },
    { 0x353, 0x353, 0x227 },
    { 0x357, 0x357, 0x228 },
    { 0x35D, 0x35D, 0x229 },
    { 0x361, 0x361, 0x22A },
    { 0x364, 0x364, 0x22B },
    { 0x400, 0x45F, 0x22C },
    { 0x462, 0x463, 0x28C },
    { 0x46A, 0x46B, 0x28E },
    { 0x470, 0x470, 0x290 },
    { 0x472, 0x477, 0x291 },
    { 0x48A, 0x4FF, 0x297 },
    { 0x1EA0, 0x1EF9, 0x30D },
    { 0x2000, 0x2016, 0x367 },
    { 0x2018, 0x201A, 0x37E },
    { 0x201C, 0x201E, 0x381 },
    { 0x2020, 0x2022, 0x384 },
    { 0x2024, 0x2027, 0x387 },
    { 0x202A, 0x202E, 0x38B },
    { 0x2030, 0x2030, 0x390 },
    { 0x2032, 0x2037, 0x391 },
    { 0x2039, 0x203A, 0x397 },
    { 0x203C, 0x203E, 0x399 },
    { 0x2044, 0x2044, 0x39C },
    { 0x2047, 0x2049, 0x39D },
    { 0x204B, 0x204B, 0x3A0 },
    { 0x204E, 0x204E, 0x3A1 },
    { 0x2057, 0x2057, 0x3A2 },
    { 0x2060, 0x2064, 0x3A3 },
    { 0x2066, 0x2071, 0x3A8 },
    { 0x2074, 0x208E, 0x3B4 },
    { 0x2090, 0x209C, 0x3CF },
    { 0x20A1, 0x20A1, 0x3DC },
    { 0x20A3, 0x20A9, 0x3DD },
    { 0x20AB, 0x20AE, 0x3E4 },
    { 0x20B1, 0x20B2, 0x3E8 },
    { 0x20B4, 0x20B5, 0x3EA },
    { 0x20B8, 0x20BA, 0x3EC },
    { 0x20BC, 0x20BD, 0x3EF },
    { 0x2190, 0x219B, 0x3F1 },
    { 0x219E, 0x21A2, 0x3FD },
    { 0x21AE, 0x21AE, 0x402 },
    { 0x21D0, 0x21D3, 0x403 },
    { 0x21DA, 0x21DB, 0x407 },
    { 0x2202, 0x2202, 0x409 },
    { 0x2205, 0x2207, 0x40A },
    { 0x220F, 0x2213, 0x40D },
    { 0x2215, 0x2216, 0x412 },
    { 0x2219, 0x221A, 0x414 },
    { 0x221E, 0x221E, 0x416 },
    { 0x2223, 0x2226, 0x417 },
    { 0x222B, 0x222B, 0x41B },
    { 0x2236, 0x2236, 0x41C },
    { 0x223C, 0x223C, 0x41D },
    { 0x2241, 0x2241, 0x41E },
    { 0x2248, 0x2248, 0x41F },
    { 0x2260, 0x2260, 0x420 },
    { 0x2264, 0x2265, 0x421 },
    { 0x226A, 0x226B, 0x423 },
    { 0x226E, 0x226F, 0x425 },
    { 0x22C5, 0x22C5, 0x427 },
    { 0x22EF, 0x22EF, 0x428 },
    { 0xFB00, 0xFB06, 0x429 },
    { 0xFFFD, 0xFFFD, 0x430 },
};

static const EpdFontGroup ebgaramond_8_regularGroups[] = {
    { 0, 1566, 2533, 128, 0 },
    { 1566, 1346, 2942, 128, 128 },
    { 2912, 1754, 4715, 128, 256 },
    { 4666, 1694, 4121, 96, 384 },
    { 6360, 306, 400, 76, 480 },
    { 6666, 3506, 8050, 225, 556 },
    { 10172, 949, 3855, 90, 781 },
    { 11121, 428, 593, 75, 871 },
    { 11549, 267, 459, 42, 946 },
    { 11816, 586, 815, 21, 988 },
    { 12402, 438, 878, 24, 1009 },
    { 12840, 551, 864, 32, 1033 },
    { 13391, 182, 299, 7, 1065 },
    { 13573, 52, 52, 1, 1072 },
};

static const EpdKernClassEntry ebgaramond_8_regularKernLeftClasses[] = {
    { 0x0026, 1 }, // &
    { 0x002A, 2 }, // *
    { 0x002C, 3 }, // ,
    { 0x002D, 4 }, // -
    { 0x002E, 3 }, // .
    { 0x002F, 5 }, // /
    { 0x003A, 6 }, // :
    { 0x0041, 7 }, // A
    { 0x0042, 8 }, // B
    { 0x0043, 9 }, // C
    { 0x0044, 10 }, // D
    { 0x0045, 11 }, // E
    { 0x0046, 12 }, // F
    { 0x0048, 13 }, // H
    { 0x0049, 13 }, // I
    { 0x004A, 14 }, // J
    { 0x004C, 15 }, // L
    { 0x004D, 16 }, // M
    { 0x004F, 10 }, // O
    { 0x0050, 17 }, // P
    { 0x0051, 10 }, // Q
    { 0x0052, 18 }, // R
    { 0x0053, 19 }, // S
    { 0x0054, 20 }, // T
    { 0x0056, 21 }, // V
    { 0x0057, 21 }, // W
    { 0x0058, 22 }, // X
    { 0x0059, 23 }, // Y
    { 0x005C, 24 }, // <backslash>
    { 0x0061, 25 }, // a
    { 0x0062, 26 }, // b
    { 0x0063, 27 }, // c
    { 0x0064, 28 }, // d
    { 0x0065, 29 }, // e
    { 0x0066, 30 }, // f
    { 0x0067, 31 }, // g
    { 0x0068, 32 }, // h
    { 0x006C, 28 }, // l
    { 0x006D, 32 }, // m
    { 0x006E, 32 }, // n
    { 0x006F, 26 }, // o
    { 0x0070, 26 }, // p
    { 0x0071, 33 }, // q
    { 0x0073, 34 }, // s
    { 0x0076, 35 }, // v
    { 0x0077, 35 }, // w
    { 0x0078, 36 }, // x
    { 0x0079, 35 }, // y
    { 0x00A1, 37 }, // U+00A1
    { 0x00AB, 38 }, // U+00AB
    { 0x00B6, 39 }, // U+00B6
    { 0x00B7, 40 }, // U+00B7
    { 0x00BB, 41 }, // U+00BB
    { 0x00C0, 7 }, // U+00C0
    { 0x00C1, 7 }, // U+00C1
    { 0x00C2, 7 }, // U+00C2
    { 0x00C3, 7 }, // U+00C3
    { 0x00C4, 7 }, // U+00C4
    { 0x00C5, 7 }, // U+00C5
    { 0x00C6, 11 }, // U+00C6
    { 0x00C7, 9 }, // U+00C7
    { 0x00C8, 11 }, // U+00C8
    { 0x00C9, 11 }, // U+00C9
    { 0x00CA, 11 }, // U+00CA
    { 0x00CB, 11 }, // U+00CB
    { 0x00CC, 13 }, // U+00CC
    { 0x00CD, 13 }, // U+00CD
    { 0x00CE, 13 }, // U+00CE
    { 0x00CF, 13 }, // U+00CF
    { 0x00D0, 10 }, // U+00D0
    { 0x00D2, 10 }, // U+00D2
    { 0x00D3, 10 }, // U+00D3
    { 0x00D4, 10 }, // U+00D4
    { 0x00D5, 10 }, // U+00D5
    { 0x00D6, 10 }, // U+00D6
    { 0x00D8, 10 }, // U+00D8
    { 0x00DD, 23 }, // U+00DD
    { 0x00E0, 25 }, // U+00E0
    { 0x00E1, 25 }, // U+00E1
    { 0x00E2, 25 }, // U+00E2
    { 0x00E3, 25 }, // U+00E3
    { 0x00E4, 25 }, // U+00E4
    { 0x00E5, 25 }, // U+00E5
    { 0x00E6, 29 }, // U+00E6
    { 0x00E7, 27 }, // U+00E7
    { 0x00E8, 29 }, // U+00E8
    { 0x00E9, 29 }, // U+00E9
    { 0x00EA, 29 }, // U+00EA
    { 0x00EB, 29 }, // U+00EB
    { 0x00F1, 32 }, // U+00F1
    { 0x00F2, 26 }, // U+00F2
    { 0x00F3, 26 }, // U+00F3
    { 0x00F4, 26 }, // U+00F4
    { 0x00F5, 26 }, // U+00F5
    { 0x00F6, 26 }, // U+00F6
    { 0x00F8, 26 }, // U+00F8
    { 0x00FD, 35 }, // U+00FD
    { 0x00FE, 26 }, // U+00FE
    { 0x00FF, 35 }, // U+00FF
    { 0x0100, 7 }, // U+0100
    { 0x0101, 25 }, // U+0101
    { 0x0102, 7 }, // U+0102
    { 0x0103, 25 }, // U+0103
    { 0x0104, 7 }, // U+0104
    { 0x0105, 25 }, // U+0105
    { 0x0106, 9 }, // U+0106
    { 0x0107, 27 }, // U+0107
    { 0x0108, 9 }, // U+0108
    { 0x0109, 27 }, // U+0109
    { 0x010A, 9 }, // U+010A
    { 0x010B, 27 }, // U+010B
    { 0x010C, 9 }, // U+010C
    { 0x010D, 27 }, // U+010D
    { 0x010E, 10 }, // U+010E
    { 0x0110, 10 }, // U+0110
    { 0x0111, 28 }, // U+0111
    { 0x0112, 11 }, // U+0112
    { 0x0113, 29 }, // U+0113
    { 0x0114, 11 }, // U+0114
    { 0x0115, 29 }, // U+0115
    { 0x0116, 11 }, // U+0116
    { 0x0117, 29 }, // U+0117
    { 0x0118, 11 }, // U+0118
    { 0x0119, 29 }, // U+0119
    { 0x011A, 11 }, // U+011A
    { 0x011B, 29 }, // U+011B
    { 0x011D, 31 }, // U+011D
    { 0x011F, 31 }, // U+011F
    { 0x0121, 31 }, // U+0121
    { 0x0123, 31 }, // U+0123
    { 0x0124, 13 }, // U+0124
    { 0x0125, 32 }, // U+0125
    { 0x0126, 13 }, // U+0126
    { 0x0127, 32 }, // U+0127
    { 0x0128, 13 }, // U+0128
    { 0x012A, 13 }, // U+012A
    { 0x012C, 13 }, // U+012C
    { 0x012E, 13 }, // U+012E
    { 0x0130, 13 }, // U+0130
    { 0x0132, 14 }, // U+0132
    { 0x0134, 14 }, // U+0134
    { 0x0139, 15 }, // U+0139
    { 0x013A, 28 }, // U+013A
    { 0x013B, 15 }, // U+013B
    { 0x013C, 28 }, // U+013C
    { 0x013D, 15 }, // U+013D
    { 0x013F, 15 }, // U+013F
    { 0x0141, 15 }, // U+0141
    { 0x0142, 28 }, // U+0142
    { 0x0144, 32 }, // U+0144
    { 0x0146, 32 }, // U+0146
    { 0x0148, 32 }, // U+0148
    { 0x0149, 32 }, // U+0149
    { 0x014C, 10 }, // U+014C
    { 0x014D, 26 }, // U+014D
    { 0x014E, 10 }, // U+014E
    { 0x014F, 26 }, // U+014F
    { 0x0150, 10 }, // U+0150
    { 0x0151, 26 }, // U+0151
    { 0x0152, 11 }, // U+0152
    { 0x0153, 29 }, // U+0153
    { 0x0154, 18 }, // U+0154
    { 0x0156, 18 }, // U+0156
    { 0x0158, 18 }, // U+0158
    { 0x015A, 19 }, // U+015A
    { 0x015B, 34 }, // U+015B
    { 0x015C, 19 }, // U+015C
    { 0x015D, 34 }, // U+015D
    { 0x015E, 19 }, // U+015E
    { 0x015F, 34 }, // U+015F
    { 0x0160, 19 }, // U+0160
    { 0x0161, 34 }, // U+0161
    { 0x0162, 20 }, // U+0162
    { 0x0164, 20 }, // U+0164
    { 0x0166, 20 }, // U+0166
    { 0x0174, 21 }, // U+0174
    { 0x0175, 35 }, // U+0175
    { 0x0176, 23 }, // U+0176
    { 0x0177, 35 }, // U+0177
    { 0x0178, 23 }, // U+0178
    { 0x017F, 42 }, // U+017F
    { 0x01A0, 10 }, // U+01A0
    { 0x01C7, 14 }, // U+01C7
    { 0x01CA, 14 }, // U+01CA
    { 0x01CD, 7 }, // U+01CD
    { 0x01CE, 25 }, // U+01CE
    { 0x01CF, 13 }, // U+01CF
    { 0x01D1, 10 }, // U+01D1
    { 0x01D2, 26 }, // U+01D2
    { 0x01DD, 26 }, // U+01DD
    { 0x01DE, 7 }, // U+01DE
    { 0x01DF, 25 }, // U+01DF
    { 0x01E0, 7 }, // U+01E0
    { 0x01E1, 25 }, // U+01E1
    { 0x01E2, 11 }, // U+01E2
    { 0x01E3, 29 }, // U+01E3
    { 0x01E5, 31 }, // U+01E5
    { 0x01E7, 31 }, // U+01E7
    { 0x01EA, 10 }, // U+01EA
    { 0x01EB, 26 }, // U+01EB
    { 0x01EC, 10 }, // U+01EC
    { 0x01ED, 26 }, // U+01ED
    { 0x01EE, 43 }, // U+01EE
    { 0x01EF, 44 }, // U+01EF
    { 0x01F5, 31 }, // U+01F5
    { 0x01F9, 32 }, // U+01F9
    { 0x01FA, 7 }, // U+01FA
    { 0x01FB, 25 }, // U+01FB
    { 0x01FC, 11 }, // U+01FC
    { 0x01FD, 29 }, // U+01FD
    { 0x01FE, 10 }, // U+01FE
    { 0x01FF, 26 }, // U+01FF
    { 0x0200, 7 }, // U+0200
    { 0x0201, 25 }, // U+0201
    { 0x0202, 7 }, // U+0202
    { 0x0203, 25 }, // U+0203
    { 0x0204, 11 }, // U+0204
    { 0x0205, 29 }, // U+0205
    { 0x0206, 11 }, // U+0206
    { 0x0207, 29 }, // U+0207
    { 0x0208, 13 }, // U+0208
    { 0x020A, 13 }, // U+020A
    { 0x020C, 10 }, // U+020C
    { 0x020D, 26 }, // U+020D
    { 0x020E, 10 }, // U+020E
    { 0x020F, 26 }, // U+020F
    { 0x0210, 18 }, // U+0210
    { 0x0212, 18 }, // U+0212
    { 0x0218, 19 }, // U+0218
    { 0x0219, 34 }, // U+0219
    { 0x021A, 20 }, // U+021A
    { 0x021E, 13 }, // U+021E
    { 0x021F, 32 }, // U+021F
    { 0x0400, 11 }, // U+0400
    { 0x0401, 11 }, // U+0401
    { 0x0402, 45 }, // U+0402
    { 0x0403, 46 }, // U+0403
    { 0x0404, 9 }, // U+0404
    { 0x0405, 19 }, // U+0405
    { 0x0406, 13 }, // U+0406
    { 0x0407, 13 }, // U+0407
    { 0x0408, 14 }, // U+0408
    { 0x0409, 47 }, // U+0409
    { 0x040A, 47 }, // U+040A
    { 0x040B, 48 }, // U+040B
    { 0x040C, 49 }, // U+040C
    { 0x040D, 13 }, // U+040D
    { 0x040E, 21 }, // U+040E
    { 0x040F, 13 }, // U+040F
    { 0x0410, 7 }, // U+0410
    { 0x0411, 50 }, // U+0411
    { 0x0412, 8 }, // U+0412
    { 0x0413, 46 }, // U+0413
    { 0x0414, 13 }, // U+0414
    { 0x0415, 11 }, // U+0415
    { 0x0416, 49 }, // U+0416
    { 0x0417, 8 }, // U+0417
    { 0x0418, 13 }, // U+0418
    { 0x0419, 13 }, // U+0419
    { 0x041A, 49 }, // U+041A
    { 0x041B, 13 }, // U+041B
    { 0x041C, 16 }, // U+041C
    { 0x041D, 13 }, // U+041D
    { 0x041E, 10 }, // U+041E
    { 0x041F, 13 }, // U+041F
    { 0x0420, 17 }, // U+0420
    { 0x0421, 9 }, // U+0421
    { 0x0422, 20 }, // U+0422
    { 0x0423, 21 }, // U+0423
    { 0x0424, 51 }, // U+0424
    { 0x0425, 22 }, // U+0425
    { 0x0426, 13 }, // U+0426
    { 0x0427, 13 }, // U+0427
    { 0x0428, 13 }, // U+0428
    { 0x0429, 13 }, // U+0429
    { 0x042A, 47 }, // U+042A
    { 0x042B, 13 }, // U+042B
    { 0x042C, 47 }, // U+042C
    { 0x042D, 10 }, // U+042D
    { 0x042E, 10 }, // U+042E
    { 0x042F, 13 }, // U+042F
    { 0x0430, 25 }, // U+0430
    { 0x0431, 26 }, // U+0431
    { 0x0432, 52 }, // U+0432
    { 0x0433, 53 }, // U+0433
    { 0x0434, 54 }, // U+0434
    { 0x0435, 29 }, // U+0435
    { 0x0436, 55 }, // U+0436
    { 0x0437, 52 }, // U+0437
    { 0x0438, 54 }, // U+0438
    { 0x0439, 54 }, // U+0439
    { 0x043A, 55 }, // U+043A
    { 0x043B, 54 }, // U+043B
    { 0x043C, 54 }, // U+043C
    { 0x043D, 54 }, // U+043D
    { 0x043E, 26 }, // U+043E
    { 0x043F, 54 }, // U+043F
    { 0x0440, 26 }, // U+0440
    { 0x0441, 27 }, // U+0441
    { 0x0442, 56 }, // U+0442
    { 0x0443, 35 }, // U+0443
    { 0x0444, 26 }, // U+0444
    { 0x0445, 36 }, // U+0445
    { 0x0446, 54 }, // U+0446
    { 0x0447, 54 }, // U+0447
    { 0x0448, 54 }, // U+0448
    { 0x0449, 54 }, // U+0449
    { 0x044A, 57 }, // U+044A
    { 0x044B, 54 }, // U+044B
    { 0x044C, 57 }, // U+044C
    { 0x044D, 26 }, // U+044D
    { 0x044E, 26 }, // U+044E
    { 0x044F, 54 }, // U+044F
    { 0x0450, 29 }, // U+0450
    { 0x0451, 29 }, // U+0451
    { 0x0452, 58 }, // U+0452
    { 0x0453, 53 }, // U+0453
    { 0x0454, 27 }, // U+0454
    { 0x0455, 34 }, // U+0455
    { 0x0459, 57 }, // U+0459
    { 0x045A, 57 }, // U+045A
    { 0x045B, 32 }, // U+045B
    { 0x045C, 55 }, // U+045C
    { 0x045D, 54 }, // U+045D
    { 0x045E, 35 }, // U+045E
    { 0x045F, 54 }, // U+045F
    { 0x0462, 59 }, // U+0462
    { 0x0463, 60 }, // U+0463
    { 0x046A, 61 }, // U+046A
    { 0x046B, 62 }, // U+046B
    { 0x0470, 63 }, // U+0470
    { 0x0472, 10 }, // U+0472
    { 0x0473, 26 }, // U+0473
    { 0x0474, 21 }, // U+0474
    { 0x0475, 64 }, // U+0475
    { 0x0476, 21 }, // U+0476
    { 0x0477, 64 }, // U+0477
    { 0x048A, 13 }, // U+048A
    { 0x048B, 54 }, // U+048B
    { 0x048C, 59 }, // U+048C
    { 0x048D, 60 }, // U+048D
    { 0x048E, 17 }, // U+048E
    { 0x048F, 26 }, // U+048F
    { 0x0490, 46 }, // U+0490
    { 0x0491, 65 }, // U+0491
    { 0x0492, 46 }, // U+0492
    { 0x0493, 53 }, // U+0493
    { 0x0494, 66 }, // U+0494
    { 0x0495, 67 }, // U+0495
    { 0x0496, 49 }, // U+0496
    { 0x0497, 55 }, // U+0497
    { 0x0498, 8 }, // U+0498
    { 0x0499, 52 }, // U+0499
    { 0x049A, 49 }, // U+049A
    { 0x049B, 55 }, // U+049B
    { 0x049C, 49 }, // U+049C
    { 0x049D, 55 }, // U+049D
    { 0x049E, 49 }, // U+049E
    { 0x049F, 55 }, // U+049F
    { 0x04A0, 49 }, // U+04A0
    { 0x04A1, 55 }, // U+04A1
    { 0x04A2, 13 }, // U+04A2
    { 0x04A3, 54 }, // U+04A3
    { 0x04A4, 20 }, // U+04A4
    { 0x04A5, 56 }, // U+04A5
    { 0x04A6, 68 }, // U+04A6
    { 0x04A7, 58 }, // U+04A7
    { 0x04A8, 69 }, // U+04A8
    { 0x04A9, 70 }, // U+04A9
    { 0x04AA, 9 }, // U+04AA
    { 0x04AB, 27 }, // U+04AB
    { 0x04AC, 20 }, // U+04AC
    { 0x04AD, 56 }, // U+04AD
    { 0x04AE, 23 }, // U+04AE
    { 0x04AF, 35 }, // U+04AF
    { 0x04B0, 23 }, // U+04B0
    { 0x04B1, 35 }, // U+04B1
    { 0x04B2, 22 }, // U+04B2
    { 0x04B3, 36 }, // U+04B3
    { 0x04B4, 13 }, // U+04B4
    { 0x04B5, 54 }, // U+04B5
    { 0x04B6, 13 }, // U+04B6
    { 0x04B7, 54 }, // U+04B7
    { 0x04B8, 13 }, // U+04B8
    { 0x04B9, 54 }, // U+04B9
    { 0x04BA, 71 }, // U+04BA
    { 0x04BB, 32 }, // U+04BB
    { 0x04BC, 72 }, // U+04BC
    { 0x04BD, 29 }, // U+04BD
    { 0x04BE, 72 }, // U+04BE
    { 0x04BF, 29 }, // U+04BF
    { 0x04C0, 13 }, // U+04C0
    { 0x04C1, 49 }, // U+04C1
    { 0x04C2, 55 }, // U+04C2
    { 0x04C3, 73 }, // U+04C3
    { 0x04C4, 74 }, // U+04C4
    { 0x04C5, 13 }, // U+04C5
    { 0x04C6, 54 }, // U+04C6
    { 0x04C7, 14 }, // U+04C7
    { 0x04C8, 75 }, // U+04C8
    { 0x04C9, 13 }, // U+04C9
    { 0x04CA, 54 }, // U+04CA
    { 0x04CB, 13 }, // U+04CB
    { 0x04CC, 54 }, // U+04CC
    { 0x04CD, 16 }, // U+04CD
    { 0x04CE, 54 }, // U+04CE
    { 0x04D0, 7 }, // U+04D0
    { 0x04D1, 25 }, // U+04D1
    { 0x04D2, 7 }, // U+04D2
    { 0x04D3, 25 }, // U+04D3
    { 0x04D4, 11 }, // U+04D4
    { 0x04D5, 29 }, // U+04D5
    { 0x04D6, 11 }, // U+04D6
    { 0x04D7, 29 }, // U+04D7
    { 0x04D8, 10 }, // U+04D8
    { 0x04D9, 26 }, // U+04D9
    { 0x04DA, 10 }, // U+04DA
    { 0x04DB, 26 }, // U+04DB
    { 0x04DC, 49 }, // U+04DC
    { 0x04DD, 55 }, // U+04DD
    { 0x04DE, 8 }, // U+04DE
    { 0x04DF, 52 }, // U+04DF
    { 0x04E0, 43 }, // U+04E0
    { 0x04E1, 44 }, // U+04E1
    { 0x04E2, 13 }, // U+04E2
    { 0x04E3, 54 }, // U+04E3
    { 0x04E4, 13 }, // U+04E4
    { 0x04E5, 54 }, // U+04E5
    { 0x04E6, 10 }, // U+04E6
    { 0x04E7, 26 }, // U+04E7
    { 0x04E8, 10 }, // U+04E8
    { 0x04E9, 26 }, // U+04E9
    { 0x04EA, 10 }, // U+04EA
    { 0x04EB, 26 }, // U+04EB
    { 0x04EC, 10 }, // U+04EC
    { 0x04ED, 26 }, // U+04ED
    { 0x04EE, 21 }, // U+04EE
    { 0x04EF, 35 }, // U+04EF
    { 0x04F0, 21 }, // U+04F0
    { 0x04F1, 35 }, // U+04F1
    { 0x04F2, 21 }, // U+04F2
    { 0x04F3, 35 }, // U+04F3
    { 0x04F4, 13 }, // U+04F4
    { 0x04F5, 54 }, // U+04F5
    { 0x04F6, 46 }, // U+04F6
    { 0x04F7, 53 }, // U+04F7
    { 0x04F8, 13 }, // U+04F8
    { 0x04F9, 54 }, // U+04F9
    { 0x04FA, 46 }, // U+04FA
    { 0x04FB, 53 }, // U+04FB
    { 0x04FC, 76 }, // U+04FC
    { 0x04FD, 77 }, // U+04FD
    { 0x04FE, 22 }, // U+04FE
    { 0x04FF, 36 }, // U+04FF
    { 0x1EA0, 7 }, // U+1EA0
    { 0x1EA1, 25 }, // U+1EA1
    { 0x1EA2, 7 }, // U+1EA2
    { 0x1EA3, 25 }, // U+1EA3
    { 0x1EA4, 7 }, // U+1EA4
    { 0x1EA5, 25 }, // U+1EA5
    { 0x1EA6, 7 }, // U+1EA6
    { 0x1EA7, 25 }, // U+1EA7
    { 0x1EA8, 7 }, // U+1EA8
    { 0x1EA9, 25 }, // U+1EA9
    { 0x1EAA, 7 }, // U+1EAA
    { 0x1EAB, 25 }, // U+1EAB
    { 0x1EAC, 7 }, // U+1EAC
    { 0x1EAD, 25 }, // U+1EAD
    { 0x1EAE, 7 }, // U+1EAE
    { 0x1EAF, 25 }, // U+1EAF
    { 0x1EB0, 7 }, // U+1EB0
    { 0x1EB1, 25 }, // U+1EB1
    { 0x1EB2, 7 }, // U+1EB2
    { 0x1EB3, 25 }, // U+1EB3
    { 0x1EB4, 7 }, // U+1EB4
    { 0x1EB5, 25 }, // U+1EB5
    { 0x1EB6, 7 }, // U+1EB6
    { 0x1EB7, 25 }, // U+1EB7
    { 0x1EB8, 11 }, // U+1EB8
    { 0x1EB9, 29 }, // U+1EB9
    { 0x1EBA, 11 }, // U+1EBA
    { 0x1EBB, 29 }, // U+1EBB
    { 0x1EBC, 11 }, // U+1EBC
    { 0x1EBD, 29 }, // U+1EBD
    { 0x1EBE, 11 }, // U+1EBE
    { 0x1EBF, 29 }, // U+1EBF
    { 0x1EC0, 11 }, // U+1EC0
    { 0x1EC1, 29 }, // U+1EC1
    { 0x1EC2, 11 }, // U+1EC2
    { 0x1EC3, 29 }, // U+1EC3
    { 0x1EC4, 11 }, // U+1EC4
    { 0x1EC5, 29 }, // U+1EC5
    { 0x1EC6, 11 }, // U+1EC6
    { 0x1EC7, 29 }, // U+1EC7
    { 0x1EC8, 13 }, // U+1EC8
    { 0x1ECA, 13 }, // U+1ECA
    { 0x1ECC, 10 }, // U+1ECC
    { 0x1ECD, 26 }, // U+1ECD
    { 0x1ECE, 10 }, // U+1ECE
    { 0x1ECF, 26 }, // U+1ECF
    { 0x1ED0, 10 }, // U+1ED0
    { 0x1ED1, 26 }, // U+1ED1
    { 0x1ED2, 10 }, // U+1ED2
    { 0x1ED3, 26 }, // U+1ED3
    { 0x1ED4, 10 }, // U+1ED4
    { 0x1ED5, 26 }, // U+1ED5
    { 0x1ED6, 10 }, // U+1ED6
    { 0x1ED7, 26 }, // U+1ED7
    { 0x1ED8, 10 }, // U+1ED8
    { 0x1ED9, 26 }, // U+1ED9
    { 0x1EDA, 10 }, // U+1EDA
    { 0x1EDC, 10 }, // U+1EDC
    { 0x1EDE, 10 }, // U+1EDE
    { 0x1EE0, 10 }, // U+1EE0
    { 0x1EE2, 10 }, // U+1EE2
    { 0x1EF2, 23 }, // U+1EF2
    { 0x1EF3, 35 }, // U+1EF3
    { 0x1EF4, 23 }, // U+1EF4
    { 0x1EF5, 35 }, // U+1EF5
    { 0x1EF6, 23 }, // U+1EF6
    { 0x1EF7, 35 }, // U+1EF7
    { 0x1EF8, 23 }, // U+1EF8
    { 0x1EF9, 35 }, // U+1EF9
    { 0x2018, 78 }, // U+2018
    { 0x2019, 79 }, // U+2019
    { 0x201A, 3 }, // U+201A
    { 0x201C, 78 }, // U+201C
    { 0x201D, 79 }, // U+201D
    { 0x201E, 3 }, // U+201E
    { 0x2020, 80 }, // U+2020
    { 0x2022, 81 }, // U+2022
};

static const EpdKernClassEntry ebgaramond_8_regularKernRightClasses[] = {
    { 0x0021, 1 }, // !
    { 0x0026, 2 }, // &
    { 0x0029, 3 }, // )
    { 0x002A, 4 }, // *
    { 0x002C, 5 }, // ,
    { 0x002D, 6 }, // -
    { 0x002E, 5 }, // .
    { 0x002F, 7 }, // /
    { 0x003A, 8 }, // :
    { 0x003B, 8 }, // ;
    { 0x003F, 9 }, // ?
    { 0x0041, 10 }, // A
    { 0x0042, 11 }, // B
    { 0x0043, 12 }, // C
    { 0x0044, 11 }, // D
    { 0x0045, 11 }, // E
    { 0x0046, 11 }, // F
    { 0x0047, 12 }, // G
    { 0x0048, 11 }, // H
    { 0x0049, 11 }, // I
    { 0x004B, 11 }, // K
    { 0x004C, 11 }, // L
    { 0x004D, 13 }, // M
    { 0x004E, 11 }, // N
    { 0x004F, 12 }, // O
    { 0x0050, 11 }, // P
    { 0x0051, 12 }, // Q
    { 0x0052, 11 }, // R
    { 0x0053, 14 }, // S
    { 0x0054, 15 }, // T
    { 0x0056, 16 }, // V
    { 0x0057, 16 }, // W
    { 0x0058, 17 }, // X
    { 0x0059, 18 }, // Y
    { 0x005C, 19 }, // <backslash>
    { 0x005D, 3 }, // ]
    { 0x0061, 20 }, // a
    { 0x0062, 21 }, // b
    { 0x0063, 22 }, // c
    { 0x0064, 22 }, // d
    { 0x0065, 22 }, // e
    { 0x0068, 23 }, // h
    { 0x0069, 24 }, // i
    { 0x006A, 25 }, // j
    { 0x006B, 23 }, // k
    { 0x006C, 23 }, // l
    { 0x006D, 26 }, // m
    { 0x006E, 26 }, // n
    { 0x006F, 22 }, // o
    { 0x0070, 26 }, // p
    { 0x0071, 22 }, // q
    { 0x0072, 26 }, // r
    { 0x0073, 27 }, // s
    { 0x0074, 28 }, // t
    { 0x0076, 29 }, // v
    { 0x0077, 29 }, // w
    { 0x0078, 30 }, // x
    { 0x0079, 31 }, // y
    { 0x007A, 32 }, // z
    { 0x007D, 3 }, // }
    { 0x00AB, 33 }, // U+00AB
    { 0x00B7, 34 }, // U+00B7
    { 0x00BB, 35 }, // U+00BB
    { 0x00C0, 10 }, // U+00C0
    { 0x00C1, 10 }, // U+00C1
    { 0x00C2, 10 }, // U+00C2
    { 0x00C3, 10 }, // U+00C3
    { 0x00C4, 10 }, // U+00C4
    { 0x00C5, 10 }, // U+00C5
    { 0x00C6, 36 }, // U+00C6
    { 0x00C7, 12 }, // U+00C7
    { 0x00C8, 11 }, // U+00C8
    { 0x00C9, 11 }, // U+00C9
    { 0x00CA, 11 }, // U+00CA
    { 0x00CB, 11 }, // U+00CB
    { 0x00CC, 11 }, // U+00CC
    { 0x00CD, 11 }, // U+00CD
    { 0x00CE, 11 }, // U+00CE
    { 0x00CF, 11 }, // U+00CF
    { 0x00D0, 11 }, // U+00D0
    { 0x00D1, 11 }, // U+00D1
    { 0x00D2, 12 }, // U+00D2
    { 0x00D3, 12 }, // U+00D3
    { 0x00D4, 12 }, // U+00D4
    { 0x00D5, 12 }, // U+00D5
    { 0x00D6, 12 }, // U+00D6
    { 0x00D8, 12 }, // U+00D8
    { 0x00DD, 18 }, // U+00DD
    { 0x00DE, 11 }, // U+00DE
    { 0x00E0, 20 }, // U+00E0
    { 0x00E1, 20 }, // U+00E1
    { 0x00E2, 20 }, // U+00E2
    { 0x00E3, 20 }, // U+00E3
    { 0x00E4, 20 }, // U+00E4
    { 0x00E5, 20 }, // U+00E5
    { 0x00E6, 20 }, // U+00E6
    { 0x00E7, 22 }, // U+00E7
    { 0x00E8, 22 }, // U+00E8
    { 0x00E9, 22 }, // U+00E9
    { 0x00EA, 22 }, // U+00EA
    { 0x00EB, 22 }, // U+00EB
    { 0x00EC, 24 }, // U+00EC
    { 0x00ED, 24 }, // U+00ED
    { 0x00EE, 24 }, // U+00EE
    { 0x00EF, 24 }, // U+00EF
    { 0x00F0, 37 }, // U+00F0
    { 0x00F1, 26 }, // U+00F1
    { 0x00F2, 22 }, // U+00F2
    { 0x00F3, 22 }, // U+00F3
    { 0x00F4, 22 }, // U+00F4
    { 0x00F5, 22 }, // U+00F5
    { 0x00F6, 22 }, // U+00F6
    { 0x00F8, 22 }, // U+00F8
    { 0x00FD, 31 }, // U+00FD
    { 0x00FE, 23 }, // U+00FE
    { 0x00FF, 31 }, // U+00FF
    { 0x0100, 10 }, // U+0100
    { 0x0101, 20 }, // U+0101
    { 0x0102, 10 }, // U+0102
    { 0x0103, 20 }, // U+0103
    { 0x0104, 10 }, // U+0104
    { 0x0105, 20 }, // U+0105
    { 0x0106, 12 }, // U+0106
    { 0x0107, 22 }, // U+0107
    { 0x0108, 12 }, // U+0108
    { 0x0109, 22 }, // U+0109
    { 0x010A, 12 }, // U+010A
    { 0x010B, 22 }, // U+010B
    { 0x010C, 12 }, // U+010C
    { 0x010D, 22 }, // U+010D
    { 0x010E, 11 }, // U+010E
    { 0x010F, 22 }, // U+010F
    { 0x0110, 11 }, // U+0110
    { 0x0111, 22 }, // U+0111
    { 0x0112, 11 }, // U+0112
    { 0x0113, 22 }, // U+0113
    { 0x0114, 11 }, // U+0114
    { 0x0115, 22 }, // U+0115
    { 0x0116, 11 }, // U+0116
    { 0x0117, 22 }, // U+0117
    { 0x0118, 11 }, // U+0118
    { 0x0119, 22 }, // U+0119
    { 0x011A, 11 }, // U+011A
    { 0x011B, 22 }, // U+011B
    { 0x011C, 12 }, // U+011C
    { 0x011E, 12 }, // U+011E
    { 0x0120, 12 }, // U+0120
    { 0x0122, 12 }, // U+0122
    { 0x0124, 11 }, // U+0124
    { 0x0125, 23 }, // U+0125
    { 0x0126, 11 }, // U+0126
    { 0x0127, 23 }, // U+0127
    { 0x0128, 11 }, // U+0128
    { 0x0129, 24 }, // U+0129
    { 0x012A, 11 }, // U+012A
    { 0x012B, 24 }, // U+012B
    { 0x012C, 11 }, // U+012C
    { 0x012D, 24 }, // U+012D
    { 0x012E, 11 }, // U+012E
    { 0x012F, 24 }, // U+012F
    { 0x0130, 11 }, // U+0130
    { 0x0131, 26 }, // U+0131
    { 0x0132, 11 }, // U+0132
    { 0x0133, 24 }, // U+0133
    { 0x0135, 38 }, // U+0135
    { 0x0136, 11 }, // U+0136
    { 0x0137, 23 }, // U+0137
    { 0x0138, 26 }, // U+0138
    { 0x0139, 11 }, // U+0139
    { 0x013A, 23 }, // U+013A
    { 0x013B, 11 }, // U+013B
    { 0x013C, 23 }, // U+013C
    { 0x013D, 11 }, // U+013D
    { 0x013E, 23 }, // U+013E
    { 0x013F, 11 }, // U+013F
    { 0x0140, 23 }, // U+0140
    { 0x0141, 11 }, // U+0141
    { 0x0142, 23 }, // U+0142
    { 0x0143, 11 }, // U+0143
    { 0x0144, 26 }, // U+0144
    { 0x0145, 11 }, // U+0145
    { 0x0146, 26 }, // U+0146
    { 0x0147, 11 }, // U+0147
    { 0x0148, 26 }, // U+0148
    { 0x0149, 26 }, // U+0149
    { 0x014A, 11 }, // U+014A
    { 0x014B, 26 }, // U+014B
    { 0x014C, 12 }, // U+014C
    { 0x014D, 22 }, // U+014D
    { 0x014E, 12 }, // U+014E
    { 0x014F, 22 }, // U+014F
    { 0x0150, 12 }, // U+0150
    { 0x0151, 22 }, // U+0151
    { 0x0152, 12 }, // U+0152
    { 0x0153, 22 }, // U+0153
    { 0x0154, 11 }, // U+0154
    { 0x0155, 26 }, // U+0155
    { 0x0156, 11 }, // U+0156
    { 0x0157, 26 }, // U+0157
    { 0x0158, 11 }, // U+0158
    { 0x0159, 26 }, // U+0159
    { 0x015A, 14 }, // U+015A
    { 0x015B, 27 }, // U+015B
    { 0x015C, 14 }, // U+015C
    { 0x015D, 27 }, // U+015D
    { 0x015E, 14 }, // U+015E
    { 0x015F, 27 }, // U+015F
    { 0x0160, 14 }, // U+0160
    { 0x0161, 27 }, // U+0161
    { 0x0162, 15 }, // U+0162
    { 0x0163, 28 }, // U+0163
    { 0x0164, 15 }, // U+0164
    { 0x0165, 28 }, // U+0165
    { 0x0166, 15 }, // U+0166
    { 0x0167, 28 }, // U+0167
    { 0x0174, 16 }, // U+0174
    { 0x0175, 29 }, // U+0175
    { 0x0176, 18 }, // U+0176
    { 0x0177, 31 }, // U+0177
    { 0x0178, 18 }, // U+0178
    { 0x017A, 32 }, // U+017A
    { 0x017C, 32 }, // U+017C
    { 0x017E, 32 }, // U+017E
    { 0x01A0, 12 }, // U+01A0
    { 0x01A1, 22 }, // U+01A1
    { 0x01C4, 11 }, // U+01C4
    { 0x01C5, 11 }, // U+01C5
    { 0x01C6, 22 }, // U+01C6
    { 0x01C7, 11 }, // U+01C7
    { 0x01C8, 11 }, // U+01C8
    { 0x01C9, 23 }, // U+01C9
    { 0x01CA, 11 }, // U+01CA
    { 0x01CB, 11 }, // U+01CB
    { 0x01CC, 26 }, // U+01CC
    { 0x01CD, 10 }, // U+01CD
    { 0x01CE, 20 }, // U+01CE
    { 0x01CF, 11 }, // U+01CF
    { 0x01D0, 24 }, // U+01D0
    { 0x01D1, 12 }, // U+01D1
    { 0x01D2, 22 }, // U+01D2
    { 0x01DD, 39 }, // U+01DD
    { 0x01DE, 10 }, // U+01DE
    { 0x01DF, 20 }, // U+01DF
    { 0x01E0, 10 }, // U+01E0
    { 0x01E1, 20 }, // U+01E1
    { 0x01E2, 36 }, // U+01E2
    { 0x01E3, 20 }, // U+01E3
    { 0x01E4, 12 }, // U+01E4
    { 0x01E6, 12 }, // U+01E6
    { 0x01E8, 11 }, // U+01E8
    { 0x01E9, 23 }, // U+01E9
    { 0x01EA, 12 }, // U+01EA
    { 0x01EB, 22 }, // U+01EB
    { 0x01EC, 12 }, // U+01EC
    { 0x01ED, 22 }, // U+01ED
    { 0x01EE, 40 }, // U+01EE
    { 0x01EF, 32 }, // U+01EF
    { 0x01F0, 38 }, // U+01F0
    { 0x01F1, 11 }, // U+01F1
    { 0x01F2, 11 }, // U+01F2
    { 0x01F3, 22 }, // U+01F3
    { 0x01F4, 12 }, // U+01F4
    { 0x01F6, 11 }, // U+01F6
    { 0x01F8, 11 }, // U+01F8
    { 0x01F9, 26 }, // U+01F9
    { 0x01FA, 10 }, // U+01FA
    { 0x01FB, 20 }, // U+01FB
    { 0x01FC, 36 }, // U+01FC
    { 0x01FD, 20 }, // U+01FD
    { 0x01FE, 12 }, // U+01FE
    { 0x01FF, 22 }, // U+01FF
    { 0x0200, 10 }, // U+0200
    { 0x0201, 20 }, // U+0201
    { 0x0202, 10 }, // U+0202
    { 0x0203, 20 }, // U+0203
    { 0x0204, 11 }, // U+0204
    { 0x0205, 22 }, // U+0205
    { 0x0206, 11 }, // U+0206
    { 0x0207, 22 }, // U+0207
    { 0x0208, 11 }, // U+0208
    { 0x0209, 24 }, // U+0209
    { 0x020A, 11 }, // U+020A
    { 0x020B, 26 }, // U+020B
    { 0x020C, 12 }, // U+020C
    { 0x020D, 22 }, // U+020D
    { 0x020E, 12 }, // U+020E
    { 0x020F, 22 }, // U+020F
    { 0x0210, 11 }, // U+0210
    { 0x0211, 26 }, // U+0211
    { 0x0212, 11 }, // U+0212
    { 0x0213, 26 }, // U+0213
    { 0x0218, 14 }, // U+0218
    { 0x0219, 27 }, // U+0219
    { 0x021A, 15 }, // U+021A
    { 0x021B, 28 }, // U+021B
    { 0x021E, 11 }, // U+021E
    { 0x021F, 23 }, // U+021F
    { 0x0400, 11 }, // U+0400
    { 0x0401, 11 }, // U+0401
    { 0x0402, 41 }, // U+0402
    { 0x0403, 11 }, // U+0403
    { 0x0404, 12 }, // U+0404
    { 0x0405, 14 }, // U+0405
    { 0x0406, 11 }, // U+0406
    { 0x0407, 11 }, // U+0407
    { 0x0409, 42 }, // U+0409
    { 0x040A, 11 }, // U+040A
    { 0x040B, 41 }, // U+040B
    { 0x040C, 11 }, // U+040C
    { 0x040D, 11 }, // U+040D
    { 0x040E, 43 }, // U+040E
    { 0x040F, 11 }, // U+040F
    { 0x0410, 10 }, // U+0410
    { 0x0411, 11 }, // U+0411
    { 0x0412, 11 }, // U+0412
    { 0x0413, 11 }, // U+0413
    { 0x0414, 42 }, // U+0414
    { 0x0415, 11 }, // U+0415
    { 0x0416, 44 }, // U+0416
    { 0x0417, 40 }, // U+0417
    { 0x0418, 11 }, // U+0418
    { 0x0419, 11 }, // U+0419
    { 0x041A, 11 }, // U+041A
    { 0x041B, 42 }, // U+041B
    { 0x041C, 13 }, // U+041C
    { 0x041D, 11 }, // U+041D
    { 0x041E, 12 }, // U+041E
    { 0x041F, 11 }, // U+041F
    { 0x0420, 11 }, // U+0420
    { 0x0421, 12 }, // U+0421
    { 0x0422, 15 }, // U+0422
    { 0x0423, 43 }, // U+0423
    { 0x0424, 45 }, // U+0424
    { 0x0425, 17 }, // U+0425
    { 0x0426, 11 }, // U+0426
    { 0x0427, 46 }, // U+0427
    { 0x0428, 11 }, // U+0428
    { 0x0429, 11 }, // U+0429
    { 0x042A, 41 }, // U+042A
    { 0x042B, 11 }, // U+042B
    { 0x042C, 11 }, // U+042C
    { 0x042D, 40 }, // U+042D
    { 0x042E, 11 }, // U+042E
    { 0x042F, 47 }, // U+042F
    { 0x0430, 20 }, // U+0430
    { 0x0431, 48 }, // U+0431
    { 0x0432, 26 }, // U+0432
    { 0x0433, 26 }, // U+0433
    { 0x0434, 49 }, // U+0434
    { 0x0435, 22 }, // U+0435
    { 0x0436, 50 }, // U+0436
    { 0x0437, 51 }, // U+0437
    { 0x0438, 26 }, // U+0438
    { 0x0439, 26 }, // U+0439
    { 0x043A, 26 }, // U+043A
    { 0x043B, 49 }, // U+043B
    { 0x043C, 52 }, // U+043C
    { 0x043D, 26 }, // U+043D
    { 0x043E, 22 }, // U+043E
    { 0x043F, 26 }, // U+043F
    { 0x0440, 26 }, // U+0440
    { 0x0441, 22 }, // U+0441
    { 0x0442, 53 }, // U+0442
    { 0x0443, 31 }, // U+0443
    { 0x0444, 22 }, // U+0444
    { 0x0445, 30 }, // U+0445
    { 0x0446, 26 }, // U+0446
    { 0x0447, 54 }, // U+0447
    { 0x0448, 26 }, // U+0448
    { 0x0449, 26 }, // U+0449
    { 0x044A, 53 }, // U+044A
    { 0x044B, 26 }, // U+044B
    { 0x044C, 26 }, // U+044C
    { 0x044D, 51 }, // U+044D
    { 0x044E, 26 }, // U+044E
    { 0x044F, 55 }, // U+044F
    { 0x0450, 22 }, // U+0450
    { 0x0451, 22 }, // U+0451
    { 0x0452, 23 }, // U+0452
    { 0x0453, 26 }, // U+0453
    { 0x0454, 22 }, // U+0454
    { 0x0455, 27 }, // U+0455
    { 0x0456, 24 }, // U+0456
    { 0x0457, 24 }, // U+0457
    { 0x0458, 56 }, // U+0458
    { 0x0459, 49 }, // U+0459
    { 0x045A, 26 }, // U+045A
    { 0x045B, 23 }, // U+045B
    { 0x045C, 26 }, // U+045C
    { 0x045D, 26 }, // U+045D
    { 0x045E, 31 }, // U+045E
    { 0x045F, 26 }, // U+045F
    { 0x0462, 57 }, // U+0462
    { 0x0463, 58 }, // U+0463
    { 0x046A, 59 }, // U+046A
    { 0x046B, 60 }, // U+046B
    { 0x0470, 61 }, // U+0470
    { 0x0472, 12 }, // U+0472
    { 0x0473, 22 }, // U+0473
    { 0x0474, 16 }, // U+0474
    { 0x0475, 29 }, // U+0475
    { 0x0476, 16 }, // U+0476
    { 0x0477, 29 }, // U+0477
    { 0x048A, 11 }, // U+048A
    { 0x048B, 26 }, // U+048B
    { 0x048C, 62 }, // U+048C
    { 0x048D, 58 }, // U+048D
    { 0x048E, 11 }, // U+048E
    { 0x048F, 26 }, // U+048F
    { 0x0490, 11 }, // U+0490
    { 0x0491, 26 }, // U+0491
    { 0x0492, 11 }, // U+0492
    { 0x0493, 26 }, // U+0493
    { 0x0494, 11 }, // U+0494
    { 0x0495, 26 }, // U+0495
    { 0x0496, 44 }, // U+0496
    { 0x0497, 50 }, // U+0497
    { 0x0498, 40 }, // U+0498
    { 0x0499, 51 }, // U+0499
    { 0x049A, 11 }, // U+049A
    { 0x049B, 26 }, // U+049B
    { 0x049C, 11 }, // U+049C
    { 0x049D, 26 }, // U+049D
    { 0x049E, 62 }, // U+049E
    { 0x049F, 58 }, // U+049F
    { 0x04A0, 41 }, // U+04A0
    { 0x04A1, 53 }, // U+04A1
    { 0x04A2, 11 }, // U+04A2
    { 0x04A3, 26 }, // U+04A3
    { 0x04A4, 11 }, // U+04A4
    { 0x04A5, 26 }, // U+04A5
    { 0x04A6, 11 }, // U+04A6
    { 0x04A7, 26 }, // U+04A7
    { 0x04A8, 12 }, // U+04A8
    { 0x04A9, 22 }, // U+04A9
    { 0x04AA, 12 }, // U+04AA
    { 0x04AB, 22 }, // U+04AB
    { 0x04AC, 15 }, // U+04AC
    { 0x04AD, 53 }, // U+04AD
    { 0x04AE, 18 }, // U+04AE
    { 0x04AF, 29 }, // U+04AF
    { 0x04B0, 18 }, // U+04B0
    { 0x04B1, 29 }, // U+04B1
    { 0x04B2, 17 }, // U+04B2
    { 0x04B3, 30 }, // U+04B3
    { 0x04B4, 41 }, // U+04B4
    { 0x04B5, 53 }, // U+04B5
    { 0x04B6, 46 }, // U+04B6
    { 0x04B7, 54 }, // U+04B7
    { 0x04B8, 46 }, // U+04B8
    { 0x04B9, 54 }, // U+04B9
    { 0x04BA, 11 }, // U+04BA
    { 0x04BB, 23 }, // U+04BB
    { 0x04BC, 63 }, // U+04BC
    { 0x04BD, 64 }, // U+04BD
    { 0x04BE, 63 }, // U+04BE
    { 0x04BF, 64 }, // U+04BF
    { 0x04C0, 11 }, // U+04C0
    { 0x04C1, 44 }, // U+04C1
    { 0x04C2, 50 }, // U+04C2
    { 0x04C3, 11 }, // U+04C3
    { 0x04C4, 26 }, // U+04C4
    { 0x04C5, 42 }, // U+04C5
    { 0x04C6, 49 }, // U+04C6
    { 0x04C7, 11 }, // U+04C7
    { 0x04C8, 26 }, // U+04C8
    { 0x04C9, 11 }, // U+04C9
    { 0x04CA, 26 }, // U+04CA
    { 0x04CB, 46 }, // U+04CB
    { 0x04CC, 54 }, // U+04CC
    { 0x04CD, 13 }, // U+04CD
    { 0x04CE, 52 }, // U+04CE
    { 0x04D0, 10 }, // U+04D0
    { 0x04D1, 20 }, // U+04D1
    { 0x04D2, 10 }, // U+04D2
    { 0x04D3, 20 }, // U+04D3
    { 0x04D4, 36 }, // U+04D4
    { 0x04D5, 20 }, // U+04D5
    { 0x04D6, 11 }, // U+04D6
    { 0x04D7, 22 }, // U+04D7
    { 0x04D8, 65 }, // U+04D8
    { 0x04D9, 39 }, // U+04D9
    { 0x04DA, 65 }, // U+04DA
    { 0x04DB, 39 }, // U+04DB
    { 0x04DC, 44 }, // U+04DC
    { 0x04DD, 50 }, // U+04DD
    { 0x04DE, 40 }, // U+04DE
    { 0x04DF, 51 }, // U+04DF
    { 0x04E0, 40 }, // U+04E0
    { 0x04E1, 32 }, // U+04E1
    { 0x04E2, 11 }, // U+04E2
    { 0x04E3, 26 }, // U+04E3
    { 0x04E4, 11 }, // U+04E4
    { 0x04E5, 26 }, // U+04E5
    { 0x04E6, 12 }, // U+04E6
    { 0x04E7, 22 }, // U+04E7
    { 0x04E8, 12 }, // U+04E8
    { 0x04E9, 22 }, // U+04E9
    { 0x04EA, 12 }, // U+04EA
    { 0x04EB, 22 }, // U+04EB
    { 0x04EC, 40 }, // U+04EC
    { 0x04ED, 51 }, // U+04ED
    { 0x04EE, 43 }, // U+04EE
    { 0x04EF, 31 }, // U+04EF
    { 0x04F0, 43 }, // U+04F0
    { 0x04F1, 31 }, // U+04F1
    { 0x04F2, 43 }, // U+04F2
    { 0x04F3, 31 }, // U+04F3
    { 0x04F4, 46 }, // U+04F4
    { 0x04F5, 54 }, // U+04F5
    { 0x04F6, 11 }, // U+04F6
    { 0x04F7, 26 }, // U+04F7
    { 0x04F8, 11 }, // U+04F8
    { 0x04F9, 26 }, // U+04F9
    { 0x04FB, 66 }, // U+04FB
    { 0x04FC, 17 }, // U+04FC
    { 0x04FD, 30 }, // U+04FD
    { 0x04FE, 17 }, // U+04FE
    { 0x04FF, 30 }, // U+04FF
    { 0x1EA0, 10 }, // U+1EA0
    { 0x1EA1, 20 }, // U+1EA1
    { 0x1EA2, 10 }, // U+1EA2
    { 0x1EA3, 20 }, // U+1EA3
    { 0x1EA4, 10 }, // U+1EA4
    { 0x1EA5, 20 }, // U+1EA5
    { 0x1EA6, 10 }, // U+1EA6
    { 0x1EA7, 20 }, // U+1EA7
    { 0x1EA8, 10 }, // U+1EA8
    { 0x1EA9, 20 }, // U+1EA9
    { 0x1EAA, 10 }, // U+1EAA
    { 0x1EAB, 20 }, // U+1EAB
    { 0x1EAC, 10 }, // U+1EAC
    { 0x1EAD, 20 }, // U+1EAD
    { 0x1EAE, 10 }, // U+1EAE
    { 0x1EAF, 20 }, // U+1EAF
    { 0x1EB0, 10 }, // U+1EB0
    { 0x1EB1, 20 }, // U+1EB1
    { 0x1EB2, 10 }, // U+1EB2
    { 0x1EB3, 20 }, // U+1EB3
    { 0x1EB4, 10 }, // U+1EB4
    { 0x1EB5, 20 }, // U+1EB5
    { 0x1EB6, 10 }, // U+1EB6
    { 0x1EB7, 20 }, // U+1EB7
    { 0x1EB8, 11 }, // U+1EB8
    { 0x1EB9, 22 }, // U+1EB9
    { 0x1EBA, 11 }, // U+1EBA
    { 0x1EBB, 22 }, // U+1EBB
    { 0x1EBC, 11 }, // U+1EBC
    { 0x1EBD, 22 }, // U+1EBD
    { 0x1EBE, 11 }, // U+1EBE
    { 0x1EBF, 22 }, // U+1EBF
    { 0x1EC0, 11 }, // U+1EC0
    { 0x1EC1, 22 }, // U+1EC1
    { 0x1EC2, 11 }, // U+1EC2
    { 0x1EC3, 22 }, // U+1EC3
    { 0x1EC4, 11 }, // U+1EC4
    { 0x1EC5, 22 }, // U+1EC5
    { 0x1EC6, 11 }, // U+1EC6
    { 0x1EC7, 22 }, // U+1EC7
    { 0x1EC8, 11 }, // U+1EC8
    { 0x1EC9, 24 }, // U+1EC9
    { 0x1ECA, 11 }, // U+1ECA
    { 0x1ECB, 24 }, // U+1ECB
    { 0x1ECC, 12 }, // U+1ECC
    { 0x1ECD, 22 }, // U+1ECD
    { 0x1ECE, 12 }, // U+1ECE
    { 0x1ECF, 22 }, // U+1ECF
    { 0x1ED0, 12 }, // U+1ED0
    { 0x1ED1, 22 }, // U+1ED1
    { 0x1ED2, 12 }, // U+1ED2
    { 0x1ED3, 22 }, // U+1ED3
    { 0x1ED4, 12 }, // U+1ED4
    { 0x1ED5, 22 }, // U+1ED5
    { 0x1ED6, 12 }, // U+1ED6
    { 0x1ED7, 22 }, // U+1ED7
    { 0x1ED8, 12 }, // U+1ED8
    { 0x1ED9, 22 }, // U+1ED9
    { 0x1EDA, 12 }, // U+1EDA
    { 0x1EDB, 22 }, // U+1EDB
    { 0x1EDC, 12 }, // U+1EDC
    { 0x1EDD, 22 }, // U+1EDD
    { 0x1EDE, 12 }, // U+1EDE
    { 0x1EDF, 22 }, // U+1EDF
    { 0x1EE0, 12 }, // U+1EE0
    { 0x1EE1, 22 }, // U+1EE1
    { 0x1EE2, 12 }, // U+1EE2
    { 0x1EE3, 22 }, // U+1EE3
    { 0x1EF2, 18 }, // U+1EF2
    { 0x1EF3, 31 }, // U+1EF3
    { 0x1EF4, 18 }, // U+1EF4
    { 0x1EF5, 31 }, // U+1EF5
    { 0x1EF6, 18 }, // U+1EF6
    { 0x1EF7, 31 }, // U+1EF7
    { 0x1EF8, 18 }, // U+1EF8
    { 0x1EF9, 31 }, // U+1EF9
    { 0x2018, 67 }, // U+2018
    { 0x2019, 68 }, // U+2019
    { 0x201A, 5 }, // U+201A
    { 0x201C, 67 }, // U+201C
    { 0x201D, 68 }, // U+201D
    { 0x201E, 5 }, // U+201E
    { 0x2020, 69 }, // U+2020
    { 0x2022, 70 }, // U+2022
    { 0x203C, 1 }, // U+203C
    { 0x203D, 9 }, // U+203D
    { 0x2047, 9 }, // U+2047
    { 0x2048, 9 }, // U+2048
    { 0x2049, 1 }, // U+2049
};

static const int8_t ebgaramond_8_regularKernMatrix[] = {
       0,    0,    0,    0,    0,    0,    0,    0,    0,    0,    0,    0,    0,    0,  -19,  -21,    0,  -21,    0,    0,    0,   -5,    0,    0,    0,    0,    0,    0,    0,    0,    0,    0,    0,    0,    0,    0,    0,    0,    0,    0,   -7,    0,   -7,    0,    0,   -7,    0,    0,    0,    0,   -7,    0,    0,    0,    0,    0,    0,    0,    0,    0,    0,    0,    0,    0,    0,    0,    0,    0,    0,    0,
       0,    0,    0,    0,    0,    0,    0,    0,    0,  -29,    0,    0,    0,    0,    0,    0,    0,    0,    0,   -9,    0,   -9,    0,    0,    0,    0,    0,    0,    0,    0,    0,    0,    0,    0,    0,    0,    0,    0,    0,    0,    0,  -21,    0,    0,    0,    0,  -21,    0,  -16,    0,   -9,    0,    0,    0,  -15,    0,    0,    0,   -7,    0,    0,    0,    0,    0,    0,    0,    0,    0,    0,    0,
       0,    0,    0,    0,    0,    0,    0,    0,    0,    0,    0,   -8,    0,    0,  -20,  -27,    0,  -27,    0,   -4,    0,   -7,    0,    0,    0,    0,    0,    0,  -16,    0,  -13,    0,    0,    0,    0,    0,    0,    0,    0,    0,  -16,    0,   -7,    0,    0,  -37,    0,   -7,    0,    0,    0,    0,  -12,  -12,    0,    0,    0,    0,    0,    0,    0,    0,  -29,  -12,    0,    0,    0,    0,    0,    0,
       0,    0,    0,    0,    0,    0,    0,    0,    0,    0,    0,    0,    0,    0,  -16,  -19,  -12,  -16,    0,    0,    0,    0,    0,    0,    0,    0,    0,    0,    0,    0,    0,    0,    0,    0,    0,    0,    0,    0,    0,    0,    0,    0,   -9,   -9,    0,  -12,    0,    0,    0,    0,    0,    0,    0,    0,    0,    0,    0,    0,   -9,    0,    0,    0,    0,    0,    0,    0,    0,    0,    0,    0,
       0,    0,    0,    0,    0,    0,    0,    0,    0,  -29,    0,    0,    0,    0,    0,    0,    0,    0,    0,  -16,    0,  -24,    0,    0,    0,  -19,  -13,    0,  -11,  -12,   -9,  -12,    0,    0,    0,    0,    0,    0,  -16,    0,    0,  -24,    0,    0,    0,    0,  -21,   -8,  -24,    0,  -12,    0,   -9,   -9,  -19,    0,    0,    0,    0,  -12,    0,    0,    0,   -9,    0,    0,    0,    0,    0,    0,
       0,    0,    0,    0,    0,    0,    0,    0,    0,    0,    0,    0,    0,    0,  -20,  -27,    0,  -21,    0,    0,    0,    0,    0,    0,    0,    0,    0,    0,    0,    0,    0,    0,    0,    0,    0,    0,    0,    0,    0,    0,   -9,    0,    0,    0,    0,   -7,    0,    0,    0,    0,    0,    0,    0,    0,    0,    0,    0,    0,    0,    0,    0,    0,    0,    0,    0,    0,    0,    0,    0,    0,
       0,    0,    0,  -29,    0,    0,    0,    0,    0,    0,    0,   -8,    0,    0,  -25,  -37,    0,  -20,  -27,    0,    0,    0,    0,    0,    0,    0,    0,    0,  -19,    0,  -19,   -5,   -9,   -9,    0,    0,    0,    0,    0,    0,  -21,    0,  -19,    0,  -11,  -27,    0,   -7,    0,    0,    0,    0,   -9,  -12,    0,    0,  -16,   -8,    0,    0,  -29,    0,  -21,  -17,   -5,    0,    0,  -29,   -9,  -15,
       0,    0,    0,    0,    0,    0,    0,    0,    0,    0,    0,    0,    0,    0,   -5,   -8,   -3,   -5,    0,    0,    0,    0,    0,    0,    0,    0,    0,    0,    0,    0,    0,    0,    0,    0,    0,   -9,    0,    0,    0,    0,    0,   -4,   -4,    0,    0,    0,    0,    0,    0,    0,    0,    0,    0,    0,    0,    0,    0,    0,  -12,    0,    0,    0,    0,    0,    0,    0,    0,    0,    0,    0,
       0,    0,    0,    0,    0,    0,    0,    0,    0,    0,    0,    0,    0,    0,    0,    0,    0,    0,    0,    0,    0,    0,    0,    0,    0,    0,    0,    0,    0,    0,    0,    0,    0,    0,    0,    0,    0,    0,    0,    0,    0,    0,    0,    0,   -8,    0,    0,    0,    0,    0,    0,    0,    0,    0,    0,    0,    0,    0,    0,    0,    0,    0,    0,    0,    0,    0,    0,    0,    0,    0,
       0,    0,    0,    0,   -8,    0,   -9,    0,    0,   -8,    0,    0,    0,    0,   -5,   -9,   -9,   -5,    0,    0,    0,    0,    0,    0,    0,    0,    0,    0,    0,    0,    0,    0,    0,    0,    0,  -17,    0,    0,    0,    0,   -7,   -7,   -7,   -9,    0,    0,   -8,    0,   -7,    0,    0,    0,    0,    0,    0,    0,    0,    0,  -13,    0,   -7,    0,    0,    0,    0,    0,    0,    0,    0,    0,
       0,    0,    0,    0,    0,    0,    0,    0,    0,    0,    0,    0,    0,    0,    0,    0,    0,    0,    0,   -7,    0,   -7,    0,    0,    0,    0,    0,   -5,   -8,    0,   -8,    0,    0,    0,    0,    0,   -7,    0,    0,    0,    0,    0,    0,    0,    0,    0,    0,    0,    0,    0,    0,    0,    0,    0,    0,    0,    0,    0,    0,    0,    0,    0,    0,    0,    0,    0,    0,    0,    0,    0,
       0,    0,    0,    0,    0,    0,    0,    0,    0,  -20,    0,    0,    0,    0,    0,    0,    0,    0,    0,   -8,    0,   -8,    0,    0,    0,    0,    0,   -5,   -8,    0,   -8,    0,    0,    0,    0,    0,   -8,    0,    0,    0,    0,    0,    0,    0,    0,    0,    0,    0,    0,    0,    0,    0,    0,    0,    0,    0,    0,    0,    0,    0,    0,    0,    0,    0,    0,    0,    0,    0,    0,    0,
       0,    0,    0,    0,    0,    0,    0,    0,    0,    0,    0,    0,    0,    0,    0,    0,    0,    0,    0,    0,    0,    0,    0,    0,    0,    0,    0,    0,    0,    0,    0,    0,    0,    0,    0,    0,    0,    0,    0,    0,    0,    0,    0,    0,    0,    0,    0,   -4,    0,    0,    0,    0,    0,    0,    0,    0,    0,   -4,    0,    0,    0,    0,    0,   -7,    0,    0,    0,    0,    0,    0,
       0,    0,    0,    0,    0,    0,    0,    0,    0,    0,    0,    0,    0,    0,    0,    0,    0,    0,    0,    0,    0,    0,    0,    0,    0,    0,    0,    0,    0,    0,    0,    0,    0,    0,    0,   -9,    0,    0,    0,    0,    0,    0,    0,    0,    0,    0,    0,    0,    0,    0,    0,    0,    0,    0,    0,    0,    0,    0,    0,    0,    0,    0,    0,    0,    0,    0,    0,    0,    0,    0,
       0,    0,    0,    0,    0,    0,    0,    0,    0,    0,    0,    0,    0,    0,  -32,    0,    0,    0,    0,    0,    0,    0,    0,    0,    0,    0,    0,    0,  -13,    0,  -13,    0,    0,    0,    0,    0,    0,    0,    0,    0,    0,    0,    0,    0,    0,    0,    0,    0,    0,    0,    0,    0,    0,    0,    0,    0,    0,    0,    0,    0,    0,    0,    0,    0,    0,    0,    0,  -15,    0,    0,
       0,    0,    0,    0,    0,    0,    0,    0,    0,    0,    0,    0,    0,    0,    0,    0,    0,    0,    0,   -5,    0,   -5,    0,    0,    0,    0,    0,  -11,  -11,    0,  -11,    0,    0,    0,    0,    0,   -5,    0,    0,    0,    0,    0,    0,    0,   -7,    0,    0,    0,    0,    0,    0,    0,    0,    0,    0,    0,    0,    0,    0,    0,   -4,    0,    0,    0,    0,    0,    0,    0,    0,    0,
       0,   -7,    0,    0,  -20,    0,    0,    0,    0,  -24,    0,    0,    0,    0,    0,    0,    0,    0,    0,  -13,    0,  -13,    0,    0,    0,    0,    0,    0,    0,    0,    0,    0,   -9,    0,    0,  -25,  -13,    0,    0,    0,    0,  -16,    0,    0,    0,    0,  -16,    0,   -7,    0,    0,    0,    0,    0,   -7,    0,    0,    0,  -11,    0,    0,    0,    0,    0,    0,    0,    0,    0,    0,    0,
       0,    0,    0,    0,    0,    0,    0,    0,    0,   11,    0,    0,    0,    0,  -27,  -31,    0,  -21,    0,    0,    0,    0,    0,    0,    0,    0,    0,    0,    0,    0,    0,    0,    0,    0,    0,    0,    0,    0,    0,    0,    0,    0,    0,    0,    0,    0,    0,    0,    0,    0,    0,    0,    0,    0,    0,    0,    0,    0,    0,    0,    0,    0,    0,    0,    0,    0,    0,    0,    0,    0,
       0,    0,    0,    0,    0,    0,    0,    0,    0,    0,    0,    0,    0,    0,    0,    0,    0,    0,    0,    0,    0,    0,    0,    0,    0,    0,    0,    0,    0,    0,    0,    0,    0,    0,    0,   -4,    0,    0,    0,    0,    0,    0,    0,    0,    0,    0,    0,    0,    0,    0,    0,    0,    0,    0,    0,    0,    0,    0,   -3,    0,    0,    0,    0,    0,    0,    0,    0,    0,    0,    0,
       0,  -11,    0,    0,  -20,  -16,  -24,  -20,    0,  -23,    0,   -5,    0,    0,    0,   11,    0,    0,    0,  -28,    0,  -28,    0,    0,  -16,  -27,  -27,  -27,  -27,  -24,  -27,  -27,  -24,  -24,  -21,  -27,   -1,  -16,  -29,    0,    0,   -8,    0,    0,   -5,    0,  -16,   -9,  -25,  -29,  -24,  -24,  -25,  -21,  -27,  -16,    0,    0,    0,  -35,    0,    0,    0,  -29,    0,  -32,    0,    0,    0,  -15,
       0,  -24,    0,    0,  -27,  -19,  -31,  -27,    0,  -35,    0,   -9,    0,   -8,    0,    0,    0,    0,    0,  -27,    0,  -27,    0,   -5,   -8,  -24,  -29,  -21,  -27,  -29,  -27,  -24,  -35,  -24,  -21,  -43,   -7,   -8,  -24,   -5,    0,  -19,    0,    0,   -7,    0,  -21,  -15,  -27,  -27,  -27,  -24,  -16,  -19,  -33,   -8,    0,   -5,    0,  -27,    0,    0,    0,  -19,   -7,  -24,    0,    0,    0,  -15,
       0,    0,    0,    0,    0,  -12,    0,    0,    0,    0,    0,   -9,    0,    0,    0,    0,    0,    0,    0,    0,    0,    0,    0,    0,    0,    0,    0,    0,    0,    0,   -5,    0,  -13,  -16,    0,    0,    0,    0,    0,    0,   -7,    0,    0,    0,  -13,    0,    0,  -11,    0,    0,    0,    0,  -12,  -19,    0,    0,    0,   -5,    0,    0,    0,    0,    0,  -16,   -9,    0,    0,    0,    0,  -24,
       0,    0,    0,    0,  -21,  -16,  -13,  -21,    0,  -13,    0,   -5,    0,    0,   11,    0,    0,    0,    0,  -27,    0,  -27,    0,    0,    0,  -11,  -19,  -21,  -21,  -21,  -21,  -16,  -27,  -21,  -19,  -21,   -1,    0,  -19,    0,    0,   -9,    0,    0,  -13,    0,   -8,   -9,  -19,  -19,  -19,  -12,   -9,  -17,  -19,    0,    0,   -5,    0,  -24,    0,    0,    0,  -16,    0,    0,    0,    0,    0,  -12,
       0,    0,    0,    0,    0,    0,    0,    0,    0,    0,    0,    0,    0,    0,  -24,  -37,    0,  -29,    0,    0,    0,    0,    0,    0,    0,    0,    0,    0,  -19,    0,    0,    0,    0,    0,    0,    0,    0,    0,    0,    0,  -16,    0,   -8,    0,    0,  -35,    0,    0,    0,    0,    0,    0,    0,  -16,    0,    0,  -11,    0,    0,    0,  -32,    0,  -24,  -11,    0,    0,    0,    0,    0,    0,
       0,    0,    0,  -12,    0,    0,    0,    0,    0,    0,    0,    0,    0,    0,  -32,    0,    0,    0,  -21,    0,    0,    0,    0,    0,   -3,    0,    0,    0,   -5,    0,   -3,   -5,    0,    0,    0,    0,    0,   -3,    0,    0,    0,    0,    0,    0,    0,    0,    0,   -4,    0,   -4,   -3,    0,    0,   -5,    0,   -3,    0,   -9,    0,   -4,    0,    0,    0,   -7,    0,   -3,  -12,   -7,    0,    0,
       0,    0,    0,  -13,   -7,    0,    0,    0,    0,    0,    0,    0,    0,    0,    0,    0,    0,    0,  -21,   -5,    0,    0,   -4,    0,    0,    0,    0,    0,   -4,   -9,   -7,   -4,    0,    0,   -7,    0,    0,    0,    0,    0,    0,    0,    0,    0,    0,    0,    0,    0,   -7,   -7,   -4,   -3,    0,    0,   -4,    0,    0,   -9,    0,   -9,    0,    0,    0,    0,    0,    0,  -15,    0,    0,    0,
       0,    0,    0,   -7,    0,    0,    0,    0,    0,    0,    0,    0,    0,    0,    0,    0,    0,    0,  -16,   -4,    0,   -5,    0,    0,   -7,   -4,    0,    0,   -5,   -7,   -5,   -7,    0,    0,    0,    0,    0,   -7,    0,    0,    0,    0,    0,    0,    0,    0,    0,    0,   -7,   -4,   -4,    0,    0,   -3,   -3,   -7,    0,   -7,    0,  -11,    0,    0,    0,    0,    0,   -7,    0,    0,    0,    0,
       0,    0,    0,    0,    0,    0,    0,    0,    0,    0,    0,    0,    0,    0,    0,    0,    0,    0,    0,    0,    0,    0,    0,    0,    0,    0,    0,    0,    0,    0,    0,    0,    0,    0,    0,    0,    0,    0,    0,    0,    0,    0,    0,    0,    0,    0,    0,    0,    0,    0,    0,    0,    0,    0,    0,    0,    0,    0,    0,    0,    0,    0,    0,    0,    0,    0,    0,   -4,    0,    0,
       0,    0,    0,    0,    0,    0,    0,    0,    0,    0,    0,    0,    0,    0,    0,    0,    0,    0,  -11,    0,    0,   -3,    0,    0,    0,    0,    0,    0,    0,   -4,    0,    0,    0,    0,    0,    0,    0,    0,    0,    0,    0,    0,    0,    0,    0,    0,    0,    0,    0,   -4,    0,    0,    0,    0,    0,    0,    0,   -9,    0,   -5,    0,    0,    0,    0,    0,    0,    0,    0,    0,    0,
       0,    0,    0,    0,    0,    0,    0,    0,    0,    0,    0,    0,    0,    0,    0,    0,    0,    0,    0,   -7,   19,   -7,    0,   19,    0,    0,    0,    0,    0,    0,    0,    0,    0,    0,    0,    0,   19,    0,    0,    0,    0,    0,    0,    0,    0,    0,    0,    0,    0,    0,    0,    0,    0,    0,    0,    0,    0,    0,    0,    0,    0,    0,    0,    0,    0,    0,    0,    0,    0,    0,
       0,    0,    0,    0,    0,    0,    0,    0,    0,    0,    0,    0,    0,    0,    0,    0,    0,    0,    0,    0,    0,    0,    0,    0,    7,    0,    0,    0,    0,    0,    0,    0,    0,    0,    0,    0,    0,    0,    0,    0,    0,    0,    0,    0,    0,    0,    0,    0,    0,    0,    0,    0,    0,    0,    0,    0,    0,    0,    0,    0,    0,    0,    0,    0,    0,    0,    0,    0,    0,    0,
       0,    0,    0,    0,    0,    0,    0,    0,    0,    0,    0,    0,    0,    0,    0,    0,    0,    0,  -24,    0,    0,    0,    0,    0,    0,    0,    0,    0,   -7,    0,  -11,    0,    0,    0,    0,    0,    0,    0,    0,    0,    0,    0,    0,    0,    0,    0,    0,    0,    0,    0,    0,    0,    0,   -5,    0,    0,    0,    0,    0,    0,    0,    0,    0,   -4,    0,    0,    0,    0,    0,    0,
       0,    0,    0,    0,    0,    0,    0,    0,    0,    0,    0,    0,    0,    0,    0,    0,    0,    0,  -21,   -4,    0,    0,    0,    0,    0,    0,    0,    0,    0,    0,    0,    0,    0,    0,    0,    0,    0,    0,    0,    0,    0,    0,    0,    0,    0,    0,    0,    0,    0,    0,    0,    0,    0,    0,    0,    0,    0,    0,    0,    0,    0,    0,    0,    0,    0,    0,    0,    0,    0,    0,
       0,    0,    0,    0,    0,    0,    0,    0,    0,    0,    0,    0,    0,    0,    0,    0,    0,    0,    0,    0,    0,    0,    0,    0,    0,    0,    0,    0,    0,    0,   -3,    0,    0,    0,    0,    0,    0,    0,    0,    0,    0,    0,    0,    0,    0,    0,    0,    0,    0,    0,    0,    0,    0,    0,    0,    0,    0,    0,    0,    0,    0,    0,    0,    0,    0,    0,    0,   -4,    0,    0,
       0,    0,    0,    0,  -19,    0,  -16,    0,    0,  -13,    0,    0,    0,    0,    0,    0,    0,    0,    0,   -4,    0,   -7,    0,    0,    0,    0,    0,    0,    0,    0,    0,    0,  -12,    0,    0,    0,   -3,    0,   -4,    0,    0,    0,    0,    0,    0,    0,    0,    0,   -7,    0,   -4,    0,    0,    0,   -9,    0,    0,    0,    0,    0,    0,    0,    0,    0,    0,    0,    0,    0,    0,    0,
       0,    0,    0,    0,    0,    0,    0,    0,    0,    0,    0,    0,    0,    0,    0,    0,    0,    0,  -21,   -4,    0,   -7,    0,    0,    0,    0,    0,    0,    0,    0,    0,    0,    0,    0,    0,    0,    0,    0,    0,    0,    0,    0,    0,    0,    0,    0,    0,    0,    0,    0,   -4,    0,    0,    0,    0,    0,    0,    0,    0,    0,    0,    0,    0,    0,    0,    0,    0,    0,    0,    0,
       0,    0,    0,    0,    0,    0,    0,    0,    0,    0,    0,    0,    0,    0,   -9,    0,    0,   -9,    0,    0,    0,    0,    0,    0,    0,    0,    0,    0,    0,    0,    0,    0,    0,    0,    0,    0,    0,    0,    0,    0,    0,    0,    0,    0,    0,    0,    0,    0,    0,    0,    0,    0,    0,    0,    0,    0,    0,    0,    0,    0,    0,    0,    0,    0,    0,    0,    0,    0,    0,    0,
       0,    0,    0,    0,    0,    0,    0,    0,    0,    0,    0,    0,    0,    0,  -21,  -21,    0,  -19,    0,    0,    0,   -7,    0,    0,    0,    0,    0,    0,    0,    0,    0,    0,    0,    0,    0,    0,    0,    0,    0,    0,    0,    0,    0,    0,    0,  -12,    0,    0,    0,    0,    0,    0,    0,    0,    0,    0,    0,    0,    0,    0,    0,    0,    0,    0,    0,    0,    0,    0,    0,    0,
       0,    0,    0,    0,    0,    0,    0,    0,    0,  -21,    0,   -7,    0,    0,    0,    0,    0,    0,    0,  -13,    0,  -12,    0,    0,    0,  -12,  -12,    0,  -12,  -13,    0,  -12,    0,    0,    0,    0,    0,    0,  -12,    0,    0,   -5,    0,    0,    0,    0,    0,    0,  -13,  -12,  -13,    0,  -12,  -12,   -9,    0,    0,    0,    0,  -15,    0,    0,    0,   -7,    0,    0,    0,    0,    0,    0,
       0,    0,    0,    0,    0,    0,    0,    0,    0,   -9,    0,    0,    0,    0,  -24,  -24,  -16,  -21,    0,    0,    0,    0,    0,    0,    0,    0,    0,    0,    0,    0,    0,    0,    0,    0,    0,    0,    0,    0,    0,    0,  -12,   -4,   -8,  -12,    0,  -12,   -7,    0,    0,   -7,    0,    0,    0,    0,    0,    0,    0,    0,  -12,   -7,    0,    0,  -12,    0,    0,    0,    0,    0,    0,    0,
       0,    0,    0,    0,    0,    0,    0,    0,    0,   -9,    0,    0,    0,    0,  -24,  -32,  -13,  -27,    0,    0,    0,    0,    0,    0,    0,    0,    0,    0,  -12,    0,   -9,    0,    0,    0,    0,    0,    0,    0,    0,    0,  -12,   -7,  -12,   -9,    0,  -17,   -9,    0,   -9,   -9,    0,    0,    0,    0,    0,    0,    0,    0,  -13,    0,    0,    0,   -9,    0,    0,    0,    0,    0,    0,    0,
      36,    0,   52,   44,    0,    0,    0,    0,   37,    0,    0,    0,    0,    0,    0,    0,    0,    0,    0,    0,    0,    0,    0,    0,    0,    0,    0,    0,    0,    0,    0,    0,    0,    0,    0,    0,    0,    0,    0,    0,    0,    0,    0,    0,    0,    0,    0,    0,    0,    0,    0,    0,    0,    0,    0,    0,    0,    0,    0,    0,    0,    0,    0,    0,    0,    0,   43,   44,    0,    0,
       0,    0,    0,    0,    0,    0,    0,    0,    0,   -4,    0,    0,    0,    0,    0,    0,    0,    0,    0,    0,    0,    0,    0,    0,    0,    0,    0,    0,    0,    0,    0,    0,    0,    0,    0,   -7,    0,    0,    0,    0,    0,   -4,    0,    0,    0,    0,    0,    0,    0,    0,    0,    0,    0,    0,   -4,    0,    0,    0,    0,    0,    0,    0,    0,    0,    0,    0,    0,    0,    0,    0,
       0,    0,    0,    0,    0,    0,    0,    0,    0,    0,    0,    0,    0,    0,    0,    0,    0,    0,  -24,   -7,    0,   -7,    0,    0,    0,    0,    0,    0,    0,    0,    0,    0,    0,    0,    0,    0,    0,    0,   -4,    0,    0,    0,    0,    0,    0,    0,    0,    0,    0,    0,   -8,    0,    0,   -3,    0,    0,    0,    0,    0,    0,    0,    0,    0,    0,    0,    0,    0,    0,    0,    0,
       0,    0,    0,    0,    0,    0,    0,    0,    0,    0,    0,    0,    0,    0,  -29,  -21,    0,  -12,  -11,    0,    0,    0,    0,    0,    0,    0,    0,    0,   -5,    0,   -5,    0,    0,    0,    0,    0,    0,    0,    0,    0,  -23,    0,  -19,    0,    0,  -17,    0,    0,    0,    0,    0,    0,   -4,    0,    0,    0,    0,   -7,    0,    0,   -7,    0,    0,    0,    0,    0,    0,    0,    0,    0,
       0,   -9,    0,    0,  -29,  -13,  -21,  -19,    0,  -23,    0,   -5,    0,    0,    0,    0,    0,    0,    0,  -29,    0,  -24,    0,    0,  -13,  -27,  -27,    0,  -32,  -24,  -29,  -27,  -19,  -24,  -24,  -24,    0,  -13,  -27,    0,    0,  -19,    0,    0,   -9,    0,  -11,    0,  -37,  -28,  -35,  -28,  -35,  -31,  -27,  -19,    0,   -7,    0,  -29,    0,    0,    0,  -24,    0,  -13,    0,    0,    0,   -9,
       0,    0,    0,  -24,    0,    0,    0,    0,    0,   -4,   -5,    0,    0,    0,  -21,  -13,   -7,  -21,  -16,    0,    0,    0,    0,    0,    0,    0,    0,    0,   -7,    0,    0,    0,    0,    0,    0,   -5,    0,    0,    0,    0,  -17,    0,  -11,    0,    0,  -19,    0,    0,   -4,    0,    0,    0,    0,    0,    0,    0,  -16,   -9,    0,    0,  -21,   -5,  -11,    0,    0,    0,    0,  -15,    0,    0,
       0,    0,    0,    0,    0,    0,    0,    0,    0,    0,    0,   -3,    0,    0,    0,  -16,    0,  -11,    0,    0,    0,   -7,    0,    0,    0,   -7,    0,    0,  -11,    0,    0,    0,    0,    0,    0,    0,    0,    0,    0,    0,  -11,    0,    0,    0,    0,    0,    0,   -7,    0,    0,    0,    0,    0,    0,    0,    0,    0,   -8,    0,    0,  -12,    0,  -12,   -8,    0,    0,    0,    0,    0,    0,
       0,    0,    0,    0,    0,   -9,    0,    0,    0,    0,    0,  -12,    0,    0,    0,    0,    0,    0,    0,    0,    0,   -5,    0,    0,    0,    0,    0,    0,  -16,    0,  -11,   -5,   -9,  -12,    0,    0,    0,    0,    0,    0,   -5,    0,    0,    0,  -12,    0,    0,   -9,    0,    0,    0,    0,   -9,  -12,    0,    0,   -9,   -9,    0,    0,    0,    0,    0,  -12,    0,    0,    0,    0,    0,  -12,
       0,    0,    0,    0,    0,    0,    0,    0,    0,   -8,    0,    3,    0,    0,   -4,    0,    0,    0,    0,    0,    0,    0,    0,    0,    0,    0,    0,    0,    0,    0,    0,    0,    0,    0,    0,   -5,    0,    0,    0,    0,    0,   -5,    0,   -4,    0,    0,    0,    0,    0,    0,    0,    0,    0,    0,    0,    0,    0,    0,    0,    0,    0,    0,    0,    0,    0,    0,    0,    0,    0,    0,
       0,    0,    0,    0,    0,    0,    0,    0,    0,  -11,    0,    0,   -7,    0,    0,   -7,  -13,  -13,    0,    0,    0,    0,    0,    0,    0,    0,    0,    0,    0,    0,    0,    0,    0,    0,    0,  -21,    0,    0,    0,    0,   -7,   -8,    0,   -8,    0,    0,   -9,    0,    0,    0,    0,    0,    0,    0,    0,    0,    0,    0,  -17,    0,   -7,    0,    0,    0,    0,    0,    0,    0,    0,    0,
       0,    0,    0,    0,    0,    0,    0,    0,    0,    0,    0,    0,    0,    0,    0,    0,    0,    0,  -24,    0,    0,    0,    0,    0,   -4,    0,    0,    0,   -5,   -4,   -4,    0,    0,    0,    0,    0,    0,   -4,    0,    0,    0,    0,    0,    0,    0,    0,    0,    0,   -4,   -5,    0,    0,    0,   -3,   -1,   -4,    0,   -7,    0,   -7,    0,    0,    0,    0,    0,   -4,    0,    0,    0,    0,
       0,    0,    0,    0,  -12,    0,   -7,    0,    0,    0,    0,    0,    0,    0,    0,    0,    0,    0,    0,    0,    0,    0,    0,    0,    0,    0,    0,    0,    0,    0,    0,    0,   -7,    0,    0,    0,    0,    0,    0,    0,    0,    0,    0,    0,    0,    0,    0,    0,   -5,    0,   -3,    0,    0,    0,    0,    0,    0,    0,    0,    0,    0,    0,    0,    0,    0,    0,    0,    0,    0,    0,
       0,    0,    0,    0,    0,    0,    0,    0,    0,    0,    0,    0,    0,    0,    0,    0,    0,    0,  -16,    0,    0,    0,    0,    0,    0,    0,    0,    0,    0,    0,    0,    0,    0,    0,    0,    0,    0,    0,    0,    0,    0,    0,    0,    0,    0,    0,    0,    0,    0,    0,    0,    0,    0,    0,    0,    0,    0,    0,    0,    0,    0,    0,    0,    0,    0,    0,    0,    0,    0,    0,
       0,   -5,    0,    0,    0,    0,    0,    0,    0,    0,    0,    0,    0,    0,    0,    0,    0,    0,  -24,   -4,    0,   -5,    0,    0,    0,    0,    0,    0,    0,    0,    0,    0,   -9,   -7,    0,    0,    0,    0,    0,    0,    0,    0,    0,    0,    0,    0,    0,    0,    0,    0,   -3,    0,    0,    0,    0,    0,    0,    0,    0,    0,    0,    0,    0,    0,    0,    0,    0,    0,    0,    0,
       0,    0,    0,    0,  -12,    0,   -7,    0,    0,    0,    0,    0,    0,    0,    0,    0,    0,    0,    0,    0,    0,    0,    0,    0,    0,    0,    0,    0,    0,    0,    0,    0,    0,    0,    0,    0,    0,    0,    0,    0,    0,    0,    0,    0,    0,    0,    0,    0,   -7,    0,    0,    0,    0,    0,   -7,    0,    0,    0,    0,    0,    0,    0,    0,    0,    0,    0,    0,    0,    0,    0,
       0,    0,    0,  -15,    0,    0,    0,    0,    0,    0,    0,    0,    0,    0,    0,    0,    0,    0,  -24,   -4,    0,    0,    0,    0,   -5,   -4,    0,    0,  -13,   -8,  -11,  -12,    0,    0,    0,    0,    0,   -5,    0,    0,    0,    0,    0,    0,    0,    0,    0,    0,   -4,   -5,   -4,    0,  -12,   -8,    0,   -5,    0,  -16,    0,   -9,    0,    0,    0,  -12,    0,   -5,  -17,  -12,    0,    0,
       0,    0,    0,    0,    0,    0,    0,    0,    0,    0,    0,    0,    0,    0,    0,    0,    0,    0,  -24,    0,    0,    0,    0,    0,    0,    0,    0,    0,   -8,   -4,   -9,    0,    0,    0,    0,    0,    0,    0,    0,    0,    0,    0,    0,    0,    0,    0,    0,    0,   -4,   -4,    0,    0,   -5,   -5,    0,    0,    0,   -9,    0,   -4,    0,    0,    0,    0,    0,    0,    0,    0,    0,    0,
       0,    0,    0,    0,    0,    0,    0,    0,    0,    0,    0,    0,    0,    0,  -15,  -11,   -9,    0,    0,    0,    0,    0,    0,    0,    0,    0,    0,    0,    0,    0,    0,    0,    0,    0,    0,    0,    0,    0,    0,    0,    0,    0,    0,    0,    0,    0,    0,    0,    0,    0,    0,    0,    0,    0,    0,    0,    0,    0,    0,    0,    0,    0,    0,    0,    0,    0,    0,    0,    0,    0,
       0,    0,    0,    0,    0,    0,    0,    0,    0,    0,    0,    0,    0,    0,    0,    0,    0,    0,    0,    0,    0,    0,    0,    0,    0,    0,    0,    0,  -12,    0,    0,    0,    0,    0,    0,    0,    0,    0,    0,    0,    0,    0,    0,    0,    0,    0,    0,    0,    0,    0,    0,    0,   -9,    0,    0,    0,    0,    0,    0,   -7,    0,    0,    0,    0,    0,    0,    0,    0,    0,    0,
       0,    0,    0,   -7,    0,   -9,    0,    0,    0,    0,    0,  -13,    0,   -3,   -9,    0,    0,    0,    0,    0,    0,   -5,    0,    0,    0,    0,    0,    0,  -16,    0,  -11,   -5,  -13,  -12,    0,    0,    0,    0,    0,    0,   -9,    0,    0,    0,  -17,  -12,    0,   -7,    0,    0,    0,    0,  -12,  -19,    0,    0,    0,   -8,    0,    0,   -7,    0,   -9,  -16,   -4,    0,    0,    0,   -9,  -17,
       0,    0,    0,    0,    0,    0,    0,    0,    0,    0,    0,    0,    0,    0,    0,    0,    0,    0,  -24,   -9,    0,   -9,    0,    0,   -7,    0,    0,    0,    0,    0,    0,    0,    0,   -7,    0,    0,    0,   -7,    0,    0,    0,    0,    0,    0,    0,    0,    0,    0,    0,    0,   -4,    0,    0,    0,    0,   -7,    0,    0,    0,    0,    0,    0,    0,    0,    0,   -7,    0,    0,    0,    0,
       0,    0,    0,    0,    0,    0,  -29,    0,    0,  -29,    0,   -7,    0,    0,    0,    0,    0,    0,    0,  -27,    0,  -29,    0,    0,  -13,  -29,  -29,    0,  -24,  -24,  -24,  -16,    0,    0,    0,    0,    0,  -13,  -29,    0,    0,  -13,    0,    0,   -7,    0,  -19,   -7,  -32,  -21,  -29,    0,  -19,  -15,  -29,  -13,    0,   -5,   -7,  -29,    0,    0,    0,  -24,    0,  -13,    0,    0,    0,    0,
       0,    0,    0,    0,  -16,    0,   -9,    0,    0,    0,    0,    0,    0,    0,    0,    0,    0,    0,    0,   -4,    0,   -3,    0,    0,    0,    0,    0,    0,    0,    0,    0,    0,  -12,    0,    0,    0,    0,    0,    0,    0,    0,    0,    0,    0,    0,    0,    0,    0,   -7,    0,    0,    0,    5,    0,   -4,    0,    0,    0,    0,    0,    0,    0,    0,    1,    0,    0,    0,    0,    0,    0,
       0,    0,    0,    0,    0,    0,   -7,    0,    0,    0,    0,    0,    0,    0,    0,    0,    0,    0,    0,    0,    0,   -8,    0,    0,    0,    0,    0,    0,    0,    0,    0,    0,    0,    0,    0,    0,    0,    0,    0,    0,    0,    0,    0,    0,    0,    0,    0,    0,   -5,    0,    0,    0,    0,    0,    0,    0,    0,    0,    0,    0,    0,    0,    0,    0,    0,    0,    0,    0,    0,    0,
       0,    0,    0,    0,    0,    0,    0,    0,    0,    0,    0,    0,    0,    0,  -15,  -11,    0,  -12,  -11,    0,    0,    0,    0,    0,    0,    0,    0,    0,   -5,    0,   -5,    0,    0,    0,    0,    0,    0,    0,    0,    0,  -16,    0,   -9,    0,    0,  -11,    0,    0,    0,    0,    0,    0,   -4,    0,    0,    0,    0,   -7,    0,    0,   -7,    0,    0,    0,    0,    0,    0,    0,    0,    0,
       0,    0,    0,    0,    0,    0,    0,    0,    0,    0,    0,    0,    0,    0,    0,    0,    0,    0,    0,    0,    0,    0,    0,    0,    0,    0,    0,    0,   -5,    0,    0,    0,    0,    0,    0,    0,    0,    0,    0,    0,    0,    0,    0,    0,    0,    0,    0,    0,    0,    0,    0,    0,    0,    0,    0,    0,    0,    0,    0,    0,    0,    0,    0,    0,    0,    0,    0,    0,    0,    0,
       0,    0,    0,    0,    0,    0,    0,    0,    0,    0,    0,    0,    0,    0,  -24,  -20,    0,  -16,  -24,    0,    0,    0,    0,    0,    0,    0,    0,    0,   -3,    0,    0,    0,    0,    0,    0,    0,    0,    0,    0,    0,   -8,    0,   -9,    0,    0,  -19,    0,    0,    0,    0,    0,    0,    0,    0,    0,    0,   -9,    0,    0,    0,  -16,   -4,   -7,    0,    0,    0,    0,   -9,    0,    0,
       0,    0,    0,    0,    0,    0,    0,    0,    0,    0,    0,    0,    0,    0,   -7,   -4,    0,    0,    0,    0,    0,    0,    0,    0,    0,    0,    0,    0,    0,    0,    0,    0,    0,    0,    0,    0,    0,    0,    0,    0,    0,    0,    0,    0,    0,    0,    0,    0,    0,    0,    0,    0,    0,    0,    0,    0,    0,    0,    0,    0,    0,    0,    0,    0,    0,    0,    0,    0,    0,    0,
       0,    0,    0,    0,    0,    0,    0,    0,    0,    0,    0,    0,    0,    0,    0,    0,    0,    0,  -24,    0,    0,    0,    0,    0,    0,    0,    0,    0,   -8,    0,   -7,    0,    0,    0,    0,    0,    0,    0,    0,    0,    0,    0,    0,    0,    0,    0,    0,    0,    1,    0,    0,    0,    0,   -4,    0,    0,    0,   -5,    0,    0,    0,    0,    0,    0,    0,    0,   -9,    0,    0,    0,
       0,    0,    0,  -19,    0,    0,    0,    0,    0,    0,    0,   -3,    0,    0,  -29,  -21,    0,  -19,  -27,    0,    0,    0,    0,    0,    0,    0,    0,    0,   -9,    0,   -5,    0,    0,    0,    0,    0,    0,    0,    0,    0,  -21,    0,   -8,    0,   -7,  -23,    0,    0,    0,    0,    0,    0,   -9,    0,    0,    0,  -19,    0,    0,    0,  -24,    0,  -27,  -12,    0,    0,    0,  -13,    0,    0,
       0,    0,    0,    0,    0,    0,    0,    0,    0,    0,    0,    0,    0,    0,    0,    0,    0,    0,    0,    0,    0,    0,    0,    0,    0,    0,    0,    0,    0,    0,    0,    0,    0,    0,    0,    0,    0,    0,    0,    0,    0,    0,    0,    0,    0,    0,    0,    0,    0,    0,    0,    0,    0,    0,    0,    0,    0,    0,   -9,    0,    0,    0,    0,    0,    0,    0,    0,    0,    0,    0,
       0,    0,    0,    0,    0,    0,    0,    0,    0,    0,    0,   -4,    0,    0,    0,    0,    0,    0,    0,    0,    0,    0,    0,    0,    0,    0,    0,    0,    0,    0,    0,    0,    0,    0,    0,    0,    0,    0,    0,    0,    0,    0,    0,    0,    0,    0,    0,    0,    0,    0,    0,    0,    0,    0,    0,    0,    0,    0,    0,    0,    0,    0,    0,    0,    0,    0,    0,    0,    0,    0,
       0,    0,    0,    0,    0,    0,    0,    0,    0,    0,    0,    0,    0,    0,    0,    0,    0,    0,    0,    0,    0,   -3,    0,    0,    0,    0,    0,    0,    0,    0,    0,    0,    0,    0,    0,    0,    0,    0,    0,    0,    0,    0,    0,    0,    0,    0,    0,    0,    5,    0,    0,    0,    0,    0,    1,    0,    0,    0,    0,    0,    0,    0,    0,    0,    0,    0,    0,    0,    0,    0,
       0,    0,    0,    0,    0,    0,    0,    0,    0,    0,    0,    0,    0,    0,    0,    0,    0,    0,    0,    0,    0,    0,    0,    0,    0,    0,    0,    0,    0,    0,    0,    0,    0,    0,    0,    0,    0,    0,    0,    0,    0,    0,    0,    0,    0,    0,    0,    0,    0,    0,   -4,    0,    0,    0,    0,    0,    0,    0,    0,    0,    0,    0,    0,    0,    0,    0,    0,    0,    0,    0,
       0,    0,    0,    0,    0,    0,    0,    0,    0,    0,    0,  -13,    0,    0,    0,    0,    0,    0,    0,    0,    0,  -13,    0,    0,    0,   -7,    0,    0,  -16,  -13,  -12,  -11,    0,    0,    0,    0,    0,    0,  -13,    0,    0,    0,    0,    0,    0,    0,    0,  -12,    0,   -5,  -11,   -9,  -12,  -19,    0,    0,    0,   -9,    0,    0,    0,    0,    0,  -23,    0,    0,    0,    0,    0,    0,
       0,    0,    0,    0,    0,    0,    0,    0,    0,    0,    0,    0,    0,    0,    0,    0,    0,    0,    0,    0,    0,   -4,    0,    0,    0,    0,    0,    0,    0,    0,    0,    0,    0,    0,    0,    0,    0,    0,    0,    0,    0,    0,    0,    0,    0,    0,    0,    0,    0,    0,   -3,    0,    0,    0,    0,    0,    0,    0,    0,    0,    0,    0,    0,    0,    0,    0,    0,    0,    0,    0,
       0,    0,    0,    0,    0,    0,    0,    0,    0,  -35,    0,    0,    0,    0,    0,    0,    0,    0,    0,    0,    0,  -15,    0,    0,    0,    0,    0,    0,    0,    0,    0,    0,    0,    0,    0,    0,    0,    0,    0,    0,    0,  -21,    0,    0,    0,    0,  -12,    0,  -15,    0,    0,    0,    0,    0,    0,    0,    0,    0,    0,    0,    0,    0,    0,    0,    0,    0,    0,    0,    0,    0,
       0,    0,    0,    0,    0,    0,    0,    0,    0,  -35,    0,    0,    0,    0,    0,    0,    0,    0,    0,  -24,    0,  -24,    0,    0,    0,    0,    0,    0,    0,    0,    0,    0,    0,    0,    0,    0,    0,    0,   -5,    0,    0,  -24,    0,    0,    0,    0,  -19,    0,    0,    0,    0,    0,    0,    0,    0,    0,    0,    0,    0,    0,    0,    0,    0,    0,    0,    0,    0,    0,    0,    0,
       0,    0,    0,    0,    0,    0,    0,    0,    0,   -9,    0,    0,    0,    0,    0,    0,    0,    0,    0,    0,    0,   -7,    0,    0,    0,    0,    0,    0,    0,    0,    0,    0,    0,    0,    0,    0,    0,    0,    0,    0,    0,   -7,    0,    0,    0,    0,    0,    0,    0,    0,    0,    0,    0,    0,    0,    0,    0,    0,   -9,    0,    0,    0,    0,    0,    0,    0,    0,    0,    0,    0,
       0,    0,    0,    0,    0,    0,    0,    0,    0,  -15,    0,    0,    0,    0,  -15,  -12,  -24,  -12,    0,    0,    0,    0,    0,    0,    0,    0,    0,    0,    0,    0,    0,    0,    0,    0,    0,    0,    0,    0,    0,    0,    0,  -12,   -9,  -12,    0,    0,    0,    0,   -9,    0,    0,    0,    0,    0,   -8,    0,    0,    0,  -17,    0,    0,    0,    0,    0,    0,    0,    0,    0,    0,    0,
};

static const EpdLigaturePair ebgaramond_8_regularLigaturePairs[] = {
    { 0x005E0030, 0x2070 }, // ^ 0 -> U+2070
    { 0x005E0031, 0x00B9 }, // ^ 1 -> U+00B9
    { 0x005E0032, 0x00B2 }, // ^ 2 -> U+00B2
    { 0x005E0033, 0x00B3 }, // ^ 3 -> U+00B3
    { 0x005E0034, 0x2074 }, // ^ 4 -> U+2074
    { 0x005E0035, 0x2075 }, // ^ 5 -> U+2075
    { 0x005E0036, 0x2076 }, // ^ 6 -> U+2076
    { 0x005E0037, 0x2077 }, // ^ 7 -> U+2077
    { 0x005E0038, 0x2078 }, // ^ 8 -> U+2078
    { 0x005E0039, 0x2079 }, // ^ 9 -> U+2079
    { 0x00660066, 0xFB00 }, // f f -> U+FB00
    { 0x00660069, 0xFB01 }, // f i -> U+FB01
    { 0x0066006C, 0xFB02 }, // f l -> U+FB02
    { 0xFB000069, 0xFB03 }, // U+FB00 i -> U+FB03
    { 0xFB00006C, 0xFB04 }, // U+FB00 l -> U+FB04
};

static constexpr EpdFontData ebgaramond_8_regular = {
    ebgaramond_8_regularBitmaps,
    ebgaramond_8_regularGlyphs,
    ebgaramond_8_regularIntervals,
    71,
    22,
    17,
    -5,
    true,
    ebgaramond_8_regularGroups,
    14,
    nullptr,
    ebgaramond_8_regularKernLeftClasses,
    ebgaramond_8_regularKernRightClasses,
    ebgaramond_8_regularKernMatrix,
    531,
    608,
    81,
    70,
    ebgaramond_8_regularLigaturePairs,
    15,
};
