/**
 * generated by fontconvert.py
 * name: ebgaramond_20_italic
 * size: 20
 * mode: 2-bit  compressed: true
 * Command used: fontconvert.py ebgaramond_20_italic 20 ../builtinFonts/source/EBGaramond/EBGaramond-Italic.ttf ../builtinFonts/source/ChareInk7/ChareInk7-Italic.ttf ../builtinFonts/source/NotoEmoji/NotoEmoji-Regular.ttf ../builtinFonts/source/NotoSymbols/NotoSansSymbols-Regular.ttf --additional-intervals 0x03BB,0x03BB --additional-intervals 0x0410,0x0414 --additional-intervals 0x0418,0x0418 --additional-intervals 0x041B,0x041B --additional-intervals 0x041D,0x0423 --additional-intervals 0x0425,0x0425 --additional-intervals 0x0427,0x0427 --additional-intervals 0x042B,0x042C --additional-intervals 0x042E,0x0432 --additional-intervals 0x0434,0x0435 --additional-intervals 0x0437,0x0437 --additional-intervals 0x043A,0x043A --additional-intervals 0x043D,0x043E --additional-intervals 0x0440,0x0440 --additional-intervals 0x0442,0x0442 --additional-intervals 0x0446,0x0446 --additional-intervals 0x044C,0x044C --additional-intervals 0x044E,0x044E --additional-intervals 0x2113,0x2113 --additional-intervals 0x2669,0x266F --additional-intervals 0x1F600,0x1F607 --additional-intervals 0x1F609,0x1F614 --additional-intervals 0x1F618,0x1F618 --additional-intervals 0x1F61A,0x1F61A --additional-intervals 0x1F61C,0x1F61D --additional-intervals 0x1F620,0x1F622 --additional-intervals 0x1F624,0x1F625 --additional-intervals 0x1F629,0x1F629 --additional-intervals 0x1F62C,0x1F62E --additional-intervals 0x1F631,0x1F635 --additional-intervals 0x1F641,0x1F642 --additional-intervals 0x1F644,0x1F644 --additional-intervals 0x1F44B,0x1F44F --additional-intervals 0x2764,0x2764 --font-include-intervals 1:0x03BB,0x03BB --font-include-intervals 1:0x0410,0x0414 --font-include-intervals 1:0x0418,0x0418 --font-include-intervals 1:0x041B,0x041B --font-include-intervals 1:0x041D,0x0423 --font-include-intervals 1:0x0425,0x0425 --font-include-intervals 1:0x0427,0x0427 --font-include-intervals 1:0x042B,0x042C --font-include-intervals 1:0x042E,0x0432 --font-include-intervals 1:0x0434,0x0435 --font-include-intervals 1:0x0437,0x0437 --font-include-intervals 1:0x043A,0x043A --font-include-intervals 1:0x043D,0x043E --font-include-intervals 1:0x0440,0x0440 --font-include-intervals 1:0x0442,0x0442 --font-include-intervals 1:0x0446,0x0446 --font-include-intervals 1:0x044C,0x044C --font-include-intervals 1:0x044E,0x044E --font-include-intervals 1:0x2113,0x2113 --font-include-intervals 2:0x1F600,0x1F607 --font-include-intervals 2:0x1F609,0x1F614 --font-include-intervals 2:0x1F618,0x1F618 --font-include-intervals 2:0x1F61A,0x1F61A --font-include-intervals 2:0x1F61C,0x1F61D --font-include-intervals 2:0x1F620,0x1F622 --font-include-intervals 2:0x1F624,0x1F625 --font-include-intervals 2:0x1F629,0x1F629 --font-include-intervals 2:0x1F62C,0x1F62E --font-include-intervals 2:0x1F631,0x1F635 --font-include-intervals 2:0x1F641,0x1F642 --font-include-intervals 2:0x1F644,0x1F644 --font-include-intervals 2:0x1F44B,0x1F44F --font-include-intervals 2:0x2764,0x2764 --font-include-intervals 3:0x2669,0x266F --2bit --compress --pnum --darken-aa
 */
#pragma once
#include "EpdFontData.h"

static const uint8_t ebgaramond_20_italicBitmaps[59589] = {
    0xA5, 0x5B, 0x3D, 0x8C, 0x1D, 0xD7, 0x75, 0xBE, 0x33, 0x43, 0x71, 0x1C, 0x8E, 0xCC, 0x61, 0x41,
    0x19, 0x32, 0x45, 0x71, 0x54, 0xB8, 0xB0, 0x1D, 0x92, 0xA3, 0xC2, 0x05, 0x8B, 0xB7, 0x3B, 0x23,
    0xA9, 0x70, 0x91, 0x22, 0x2C, 0xB4, 0x4E, 0x61, 0x20, 0x71, 0xE1, 0x22, 0x50, 0x82, 0x90, 0x85,
    0x80, 0x6C, 0x80, 0xE5, 0xBE, 0x81, 0x5D, 0xA4, 0x10, 0xE0, 0xB0, 0x71, 0x02, 0xC4, 0x8D, 0x0A,
    0x1B, 0xB0, 0x56, 0x89, 0xB9, 0xC5, 0x22, 0xA1, 0xE3, 0xDD, 0x9D, 0xB1, 0x54, 0xB8, 0x70, 0xE1,
    0xB1, 0x0D, 0xA4, 0x71, 0x90, 0x4C, 0x20, 0x23, 0x42, 0xCC, 0x20, 0x1A, 0xC1, 0xCF, 0xCE, 0xA3,
    0x34, 0xEF, 0x4D, 0xBE, 0xEF, 0x9C, 0x7B, 0x67, 0xDE, 0xE3, 0x92, 0x94, 0x82, 0x2C, 0x39, 0x3F,
    0xBB, 0x6F, 0xE6, 0xDE, 0xF3, 0xFB, 0x9D, 0x9F, 0x7B, 0x9F, 0x31, 0xFC, 0x49, 0x71, 0x4C, 0x71,
    0xF4, 0x38, 0x96, 0xC6, 0xF8, 0x0B, 0x63, 0x82, 0x0E, 0xC7, 0x1C, 0x47, 0x6B, 0x4C, 0x88, 0x23,
    0xAA, 0x8D, 0x89, 0x2B, 0x1C, 0x85, 0x31, 0x09, 0x1E, 0xBB, 0x8A, 0x63, 0x03, 0xC7, 0x04, 0xC7,
    0x35, 0x1C, 0x37, 0x71, 0x9C, 0x33, 0x6B, 0x3F, 0xA7, 0x71, 0x64, 0x78, 0x65, 0xDA, 0x18, 0x53,
    0xE2, 0x98, 0xE2, 0xFE, 0x82, 0x7E, 0xE4, 0x37, 0x93, 0xA8, 0xEE, 0xE2, 0xB7, 0x66, 0xC9, 0x4B,
    0x6D, 0x1A, 0xD4, 0x1B, 0x61, 0x75, 0x2D, 0x32, 0x37, 0xCF, 0x9A, 0xFA, 0xA2, 0xC9, 0xED, 0x28,
    0xD7, 0x71, 0x5C, 0xF1, 0x1A, 0x4E, 0x11, 0xE0, 0x45, 0x73, 0x10, 0xF2, 0xDC, 0xC6, 0x39, 0xDF,
    0x8E, 0x71, 0x1B, 0x54, 0x9C, 0x3F, 0x2A, 0x48, 0x41, 0xFC, 0xA5, 0x65, 0x61, 0xE2, 0xBE, 0xEF,
    0x2B, 0x93, 0xE0, 0x8C, 0x79, 0xEE, 0x7F, 0x51, 0x1E, 0x8F, 0x56, 0x1E, 0xBF, 0x32, 0x3E, 0x6E,
    0xBE, 0x9F, 0x9B, 0x48, 0x1E, 0xE7, 0x4B, 0xB9, 0x49, 0x96, 0x6F, 0xD6, 0x7C, 0x3C, 0x04, 0x77,
    0x9E, 0x7D, 0xFC, 0x12, 0xCE, 0xA1, 0x7D, 0x7C, 0x1B, 0xE7, 0x4B, 0xA6, 0x25, 0x31, 0x42, 0xD2,
    0x17, 0x06, 0x26, 0x3D, 0x39, 0xC7, 0x72, 0x3E, 0xCB, 0xD3, 0x33, 0x0B, 0xF2, 0xB7, 0xEC, 0xFF,
    0x1B, 0x72, 0xAA, 0x7E, 0x00, 0x69, 0x66, 0xE6, 0x7D, 0xC8, 0xB2, 0xF3, 0xEA, 0xCE, 0x78, 0x5D,
    0x50, 0x6D, 0x1B, 0x7F, 0x1E, 0x14, 0x5F, 0x80, 0x70, 0x23, 0xF3, 0x3C, 0xC4, 0x1C, 0x9B, 0xE7,
    0x8C, 0xDF, 0x3D, 0xCB, 0xA1, 0x7A, 0x4E, 0x66, 0xFA, 0x39, 0xCF, 0xD3, 0x56, 0x14, 0xD3, 0xF1,
    0x1C, 0x51, 0x2F, 0x26, 0xE8, 0xC9, 0x51, 0xD8, 0x73, 0xFE, 0x38, 0xE5, 0xC7, 0x67, 0x63, 0x3E,
    0x7A, 0x39, 0xEC, 0xCC, 0x19, 0x73, 0x0D, 0x0A, 0x3B, 0x6B, 0x0E, 0xA0, 0xB2, 0xD8, 0xB4, 0x38,
    0x27, 0x5E, 0x0D, 0xB5, 0xA5, 0x41, 0x15, 0x37, 0x26, 0x7B, 0xBB, 0x48, 0x2B, 0x53, 0x7E, 0x48,
    0xFD, 0xFE, 0x53, 0xDF, 0xCF, 0xA8, 0xBE, 0x3D, 0x63, 0x95, 0x67, 0x84, 0x39, 0x63, 0xF6, 0x47,
    0xC5, 0x29, 0x37, 0xFC, 0xF4, 0x15, 0x5C, 0x66, 0x26, 0xBC, 0x57, 0x99, 0xA0, 0x36, 0x97, 0xFC,
    0x9A, 0xEA, 0x9F, 0xF8, 0x0D, 0xB5, 0x3F, 0xF3, 0x5B, 0x73, 0xD7, 0xF8, 0xAD, 0xDF, 0xE0, 0x26,
    0x68, 0x82, 0x06, 0xFA, 0x09, 0xAB, 0xA0, 0x86, 0x71, 0x44, 0x55, 0x54, 0x4D, 0x28, 0xEB, 0xB8,
    0x68, 0x69, 0x31, 0x31, 0x5E, 0x36, 0x51, 0x7E, 0x85, 0xBA, 0x0B, 0xF3, 0xED, 0x0D, 0xF3, 0x86,
    0x09, 0x7E, 0xD8, 0xCC, 0xA3, 0x3B, 0xB9, 0xE9, 0x5F, 0x6C, 0x44, 0xBD, 0x51, 0x31, 0xE3, 0x25,
    0xF1, 0x5A, 0x5E, 0x76, 0x82, 0x1A, 0x17, 0xAF, 0x8D, 0x2A, 0x0C, 0x0A, 0x16, 0x8A, 0x08, 0x8A,
    0x32, 0x71, 0x8E, 0xD9, 0x37, 0x70, 0x93, 0x90, 0xA8, 0xD8, 0x6C, 0x92, 0xA8, 0x18, 0x64, 0x46,
    0x05, 0x99, 0x26, 0x51, 0xD1, 0x8B, 0x35, 0xD9, 0xF1, 0x97, 0x2B, 0x66, 0x58, 0x52, 0xB3, 0x69,
    0x01, 0x29, 0x52, 0x5A, 0xF7, 0x5B, 0x93, 0x7D, 0x08, 0xA9, 0xFA, 0xF3, 0x6B, 0xE6, 0xD8, 0xF0,
    0x66, 0x39, 0x31, 0x73, 0xDE, 0x98, 0xC5, 0x04, 0x9C, 0xD0, 0xFA, 0xCE, 0x4D, 0x82, 0x46, 0xDF,
    0xED, 0x48, 0x39, 0x35, 0x30, 0x93, 0x9B, 0xB4, 0xEF, 0x9B, 0xE0, 0xDD, 0x85, 0xF1, 0x61, 0x34,
    0x05, 0x4E, 0x15, 0x6C, 0x68, 0x6E, 0xFC, 0x59, 0xD0, 0x24, 0xE6, 0x90, 0xBE, 0xE2, 0x35, 0x97,
    0x49, 0x5D, 0x7C, 0x08, 0x03, 0x37, 0x11, 0xF8, 0xC9, 0xBE, 0x55, 0x4D, 0x92, 0x2F, 0xE6, 0x66,
    0x23, 0xEA, 0xF3, 0x74, 0xFA, 0x75, 0x48, 0xCF, 0xBC, 0x0C, 0x9B, 0x93, 0x1B, 0xCC, 0xDD, 0x07,
    0x85, 0xD9, 0x91, 0x19, 0x60, 0x79, 0xB7, 0x74, 0xAA, 0xC2, 0xEC, 0xAA, 0x16, 0x72, 0x98, 0x0E,
    0x7F, 0x30, 0x60, 0x96, 0xF3, 0x66, 0x13, 0x14, 0xD0, 0x06, 0x38, 0x57, 0x4C, 0x03, 0xF0, 0xC1,
    0x51, 0x44, 0x5E, 0x93, 0x96, 0x83, 0xFD, 0x12, 0x07, 0x3F, 0x2F, 0x7B, 0xF1, 0x01, 0x23, 0xBE,
    0x20, 0xD6, 0xE4, 0x91, 0x60, 0x75, 0xCA, 0xBD, 0xDB, 0xCE, 0x05, 0xA3, 0x3A, 0xAE, 0x92, 0x3C,
    0x85, 0x48, 0xAF, 0xC1, 0x7D, 0x6B, 0x93, 0x3B, 0x7B, 0xA6, 0x7F, 0x83, 0x2A, 0x9F, 0x6E, 0x8F,
    0xF1, 0x52, 0x7C, 0x00, 0x92, 0xBC, 0x4E, 0xD1, 0x20, 0xAE, 0x45, 0x9C, 0x42, 0xDC, 0xC2, 0xFE,
    0x79, 0xA6, 0x20, 0x11, 0x5B, 0x90, 0x90, 0x8F, 0x73, 0x7D, 0x84, 0xB8, 0x72, 0x6C, 0x8F, 0xC5,
    0x43, 0x8E, 0x23, 0x7B, 0xDC, 0xB2, 0x80, 0xB2, 0x69, 0x8F, 0xC4, 0x1A, 0x22, 0x3D, 0x38, 0x10,
    0xDA, 0x3D, 0xF1, 0x65, 0xBA, 0xA9, 0x58, 0xA5, 0x81, 0xF9, 0x89, 0x28, 0x44, 0x82, 0x7C, 0x7D,
    0xD7, 0x1E, 0x9C, 0x32, 0x5B, 0x39, 0xA6, 0x2B, 0x64, 0x70, 0xAA, 0x4E, 0x0F, 0x4A, 0x8F, 0x94,
    0x93, 0xA9, 0xA8, 0x59, 0xA1, 0x5C, 0x1F, 0x75, 0xFC, 0xF2, 0xA3, 0xC4, 0xFE, 0xB9, 0x1B, 0xA5,
    0x62, 0x85, 0x64, 0xD4, 0x52, 0x0A, 0xE3, 0x79, 0xB0, 0xFF, 0x97, 0x2A, 0xE3, 0xBF, 0x8B, 0x67,
    0x7B, 0x88, 0x71, 0xDA, 0x17, 0xCF, 0x40, 0x25, 0xD3, 0x12, 0x0F, 0x6F, 0xE2, 0xA5, 0x6B, 0x07,
    0x70, 0xB2, 0xCB, 0xC6, 0xBC, 0xBE, 0x8E, 0x92, 0x89, 0x9C, 0xB3, 0x8F, 0x79, 0x7E, 0x6A, 0x6B,
    0xBA, 0xB5, 0x95, 0x53, 0xBF, 0x7D, 0x25, 0x6A, 0xCE, 0x3F, 0xFE, 0xBB, 0xEB, 0xE7, 0x53, 0x94,
    0xE8, 0x02, 0xA8, 0x02, 0xA3, 0x11, 0xF1, 0x24, 0xF2, 0x7F, 0x83, 0x62, 0x85, 0x94, 0x93, 0xDC,
    0x9C, 0xA7, 0xB9, 0xDC, 0x4E, 0xFB, 0x1A, 0xB6, 0xB3, 0x24, 0x1C, 0x67, 0x79, 0x59, 0x61, 0xDA,
    0xFC, 0xB3, 0x32, 0xC0, 0xB3, 0x03, 0x82, 0x50, 0x0F, 0xA2, 0x14, 0xD1, 0x8E, 0xE0, 0x34, 0x5D,
    0x5D, 0x59, 0x5B, 0x7F, 0x42, 0xDC, 0x68, 0x7C, 0xE2, 0xEA, 0x63, 0x9F, 0x30, 0x27, 0x9E, 0xF0,
    0x1E, 0xFB, 0xC4, 0x67, 0xAC, 0x48, 0xCF, 0x0B, 0x66, 0x42, 0x0D, 0x9B, 0x61, 0x6D, 0xBC, 0x19,
    0x94, 0x18, 0x36, 0x3E, 0x10, 0xA3, 0x82, 0xC6, 0x33, 0xAA, 0x7D, 0x97, 0xA7, 0x0E, 0x27, 0x5C,
    0x80, 0xC6, 0xC0, 0xAF, 0x59, 0x84, 0x53, 0x0B, 0xAC, 0x0C, 0x5B, 0x98, 0x41, 0xD4, 0xC2, 0xCF,
    0xE2, 0x3A, 0x03, 0xAE, 0x54, 0xB0, 0xE3, 0xB4, 0x98, 0x52, 0x6A, 0x53, 0x8A, 0xA9, 0xA4, 0x11,
    0x1C, 0x1B, 0x6F, 0x8E, 0x13, 0x5E, 0x3C, 0x66, 0x60, 0xDC, 0xA5, 0x7D, 0x6C, 0x8A, 0x7B, 0xE2,
    0xEF, 0x26, 0x7E, 0x0F, 0x04, 0x7A, 0x6F, 0xD8, 0xF8, 0x20, 0x82, 0x60, 0x58, 0xA1, 0x47, 0x4E,
    0x79, 0x4A, 0xE9, 0xB1, 0xB4, 0x2E, 0x3D, 0xD1, 0x0C, 0xC5, 0x0E, 0xC5, 0xDA, 0xC4, 0xDC, 0xC4,
    0x91, 0xC4, 0x1E, 0xD5, 0xE1, 0xC5, 0xFD, 0x45, 0x6D, 0x34, 0x63, 0x23, 0xE8, 0xF6, 0x90, 0xF7,
    0xC3, 0xE1, 0xFD, 0xB4, 0x21, 0x1E, 0xDC, 0xC7, 0x4B, 0xBD, 0x20, 0xC2, 0x0A, 0x2D, 0xA6, 0xEC,
    0x24, 0x8C, 0x90, 0x92, 0xE4, 0x1E, 0x3F, 0xDD, 0x91, 0xC8, 0xDC, 0x30, 0x56, 0xC3, 0xD1, 0x30,
    0xA1, 0xEF, 0x70, 0x26, 0xD3, 0x73, 0x3E, 0xCC, 0x2C, 0xB3, 0x8A, 0x0B, 0x60, 0x08, 0x81, 0xC6,
    0x24, 0x1F, 0xC4, 0xEF, 0xB5, 0x16, 0xC8, 0x9C, 0x52, 0xCC, 0x81, 0xC4, 0xAD, 0xCA, 0xC6, 0x94,
    0xF3, 0x12, 0x6A, 0x10, 0xFF, 0x6A, 0x3E, 0x1A, 0x7D, 0xB0, 0x87, 0xC9, 0x33, 0x01, 0xA6, 0xD2,
    0xE2, 0x95, 0xFD, 0x79, 0x42, 0xA0, 0xB1, 0x21, 0xDE, 0x62, 0xBE, 0xE5, 0x97, 0x61, 0xA5, 0x0D,
    0x20, 0x3D, 0x2A, 0xBC, 0xA5, 0x09, 0x57, 0x99, 0x16, 0x7E, 0x2B, 0x37, 0x1D, 0x67, 0x8B, 0xE6,
    0x82, 0x7F, 0x78, 0xE0, 0x3F, 0x84, 0xF1, 0x8C, 0x44, 0x66, 0x4E, 0x24, 0x26, 0xAD, 0x07, 0x91,
    0x56, 0x4E, 0xA4, 0x44, 0x05, 0x23, 0xC3, 0x35, 0xF0, 0x4D, 0xA8, 0x6A, 0xC9, 0x19, 0xFA, 0x1E,
    0x38, 0xF9, 0x79, 0x8B, 0x95, 0x26, 0x18, 0xE3, 0xBB, 0x64, 0x3B, 0xD6, 0xED, 0x15, 0x97, 0x62,
    0x33, 0xC6, 0x52, 0x11, 0x41, 0xF0, 0x23, 0xD1, 0xA1, 0x28, 0x71, 0x22, 0x5A, 0xDC, 0xE7, 0x9C,
    0x3E, 0x6D, 0x09, 0x51, 0x81, 0xB3, 0x5E, 0xA6, 0x21, 0x81, 0x62, 0x66, 0x5B, 0x35, 0xA5, 0x0A,
    0x85, 0x2C, 0xBF, 0xCB, 0x00, 0x03, 0x96, 0xB3, 0xBD, 0x37, 0xEF, 0x5F, 0x77, 0xFA, 0x84, 0x31,
    0x1A, 0x67, 0x11, 0x6A, 0x12, 0xCA, 0x80, 0xC7, 0x94, 0x0A, 0xF2, 0x5B, 0x9A, 0x07, 0x7F, 0x3C,
    0x22, 0x8E, 0x2F, 0xD0, 0x10, 0xCB, 0xC7, 0x69, 0xFF, 0xED, 0x21, 0x67, 0x91, 0x61, 0xBC, 0x6A,
    0x64, 0x4A, 0xEC, 0xC5, 0xC4, 0x4B, 0x4D, 0x34, 0x6A, 0x11, 0xBD, 0x68, 0x39, 0xB5, 0x59, 0x87,
    0xF0, 0x58, 0xAE, 0xD8, 0x43, 0x52, 0x3F, 0x48, 0x50, 0x52, 0xB9, 0x2C, 0x52, 0xB1, 0x5B, 0x61,
    0xD9, 0x30, 0x55, 0x7A, 0x4E, 0x00, 0xFC, 0xD8, 0xBB, 0x2B, 0xC4, 0x72, 0xAC, 0x0B, 0xB7, 0x07,
    0x4A, 0x05, 0x48, 0x42, 0x21, 0xE0, 0x68, 0xBC, 0x15, 0xAD, 0x78, 0xDD, 0x48, 0x5C, 0x56, 0x0C,
    0x56, 0x1F, 0x48, 0x38, 0x8B, 0x9B, 0x41, 0x0C, 0xD6, 0x2E, 0x17, 0xE6, 0xAB, 0xFC, 0x30, 0xEC,
    0x29, 0xB5, 0x8C, 0x79, 0x5D, 0xF3, 0x3A, 0x02, 0x3F, 0xC8, 0x83, 0xDE, 0xE9, 0xCC, 0x0D, 0x47,
    0x01, 0xCD, 0xE2, 0xD3, 0x34, 0x69, 0x28, 0x1A, 0xF7, 0x99, 0x30, 0x75, 0xC8, 0xB3, 0x07, 0x17,
    0x4A, 0x66, 0x34, 0xA7, 0xA8, 0x67, 0x60, 0x32, 0xAF, 0x14, 0x2A, 0x00, 0x68, 0x46, 0x92, 0xC5,
    0x4E, 0x92, 0xC5, 0x96, 0x26, 0xEF, 0xD5, 0xD4, 0x37, 0x4C, 0xFD, 0x39, 0x67, 0x15, 0x2B, 0xEA,
    0xF7, 0x85, 0xAE, 0x48, 0x1C, 0xE3, 0xD2, 0x8A, 0xC9, 0xB4, 0x6B, 0xDE, 0xC0, 0xF4, 0x56, 0xCE,
    0xAF, 0x3A, 0x51, 0xAD, 0x7F, 0x38, 0x19, 0xB3, 0x32, 0xBF, 0x1E, 0x1D, 0xEB, 0xEC, 0x83, 0x1F,
    0x8E, 0x3F, 0xE7, 0x5D, 0x7A, 0xB8, 0x49, 0x83, 0x9A, 0x11, 0xA0, 0xC0, 0x35, 0x91, 0x32, 0x23,
    0xCF, 0x25, 0x4F, 0x0B, 0xC8, 0x00, 0x18, 0x15, 0xB7, 0xF8, 0x28, 0x9C, 0x03, 0x83, 0xFD, 0x05,
    0xC7, 0x92, 0xA4, 0x92, 0xDA, 0xF5, 0xC0, 0x9F, 0x49, 0x5E, 0x83, 0x94, 0x3B, 0x54, 0x01, 0x30,
    0xC0, 0x9E, 0x6F, 0x4D, 0x73, 0xE4, 0x00, 0x59, 0x41, 0x61, 0x8D, 0xA7, 0x3C, 0xA3, 0xF0, 0x21,
    0x43, 0xC8, 0xA5, 0x26, 0x7C, 0x8A, 0xC5, 0xBD, 0x62, 0xB5, 0x2B, 0xDC, 0xA7, 0x94, 0xA3, 0xF7,
    0x1B, 0xAA, 0x3D, 0xCA, 0xA9, 0xAE, 0x0D, 0x51, 0xDD, 0x21, 0xB3, 0x17, 0x42, 0x00, 0x31, 0x97,
    0xE7, 0x50, 0xCE, 0xB1, 0xFE, 0x9F, 0xF1, 0x99, 0xA8, 0x0B, 0x61, 0x54, 0x61, 0xBF, 0x00, 0x51,
    0x80, 0x02, 0x3A, 0xCE, 0xE7, 0xC5, 0x65, 0xAC, 0x61, 0xA8, 0x1D, 0xA8, 0x6B, 0xA8, 0xF5, 0x65,
    0x23, 0x3E, 0x05, 0xED, 0x68, 0x9A, 0x6A, 0x4C, 0xFA, 0x74, 0x35, 0x18, 0x5A, 0x79, 0xDB, 0x95,
    0x18, 0xFA, 0x03, 0x23, 0xEA, 0x73, 0x0F, 0xF4, 0xF7, 0xD6, 0x28, 0x4F, 0xFE, 0x80, 0x04, 0x38,
    0x01, 0x2C, 0xAB, 0xCC, 0xDD, 0x23, 0x20, 0x25, 0x80, 0x90, 0x16, 0x52, 0x2C, 0xBD, 0x7E, 0xF2,
    0x95, 0x8F, 0x0E, 0xAF, 0x54, 0xAE, 0x56, 0x60, 0xB9, 0x38, 0x9E, 0xD0, 0x22, 0x50, 0x4E, 0x59,
    0x4A, 0xE5, 0xA4, 0x09, 0x9E, 0x14, 0x50, 0xF6, 0x76, 0x2A, 0xE6, 0xA0, 0x80, 0x99, 0xCD, 0x64,
    0x8C, 0x5E, 0xC5, 0x6D, 0x7F, 0x11, 0x43, 0x49, 0x6D, 0xE2, 0x27, 0xBF, 0x24, 0x0B, 0xFD, 0xC5,
    0x25, 0x96, 0xAB, 0x7C, 0x49, 0x2E, 0x21, 0xE7, 0xC2, 0x3C, 0xF6, 0x47, 0x9E, 0xA9, 0xF5, 0xF9,
    0x15, 0x25, 0x4B, 0x16, 0xE7, 0xA8, 0x52, 0x0A, 0x95, 0x5A, 0xF7, 0x8B, 0x70, 0x61, 0x39, 0x1A,
    0x08, 0xD6, 0x4F, 0xF8, 0xA7, 0xF0, 0x41, 0xFE, 0xF4, 0x56, 0x4C, 0x47, 0xF0, 0x48, 0x89, 0x9F,
    0x16, 0x0E, 0xA7, 0x87, 0x9F, 0x0B, 0x78, 0xBD, 0x84, 0xAE, 0x89, 0x57, 0x07, 0x7F, 0xC6, 0x97,
    0x2C, 0xAA, 0x05, 0xB9, 0x1E, 0xE4, 0x34, 0x55, 0x59, 0x45, 0x9D, 0x3C, 0x4B, 0x38, 0x63, 0xD5,
    0xC4, 0x88, 0x7C, 0xD5, 0x26, 0x31, 0x9F, 0xC4, 0x71, 0x66, 0xD0, 0xC4, 0x4A, 0x19, 0x54, 0xA8,
    0x4F, 0xB8, 0xE3, 0xCC, 0xFA, 0xC7, 0xA9, 0xA6, 0xD6, 0xE1, 0x72, 0x4F, 0x04, 0x07, 0xFA, 0x88,
    0xD7, 0x12, 0x98, 0x0E, 0x5D, 0xF0, 0xB6, 0xF6, 0x87, 0x91, 0x0E, 0xCD, 0xE9, 0xFE, 0x17, 0x61,
    0x05, 0xAB, 0x2F, 0xDF, 0x5C, 0x04, 0x15, 0xFE, 0x35, 0xAC, 0x2E, 0xA2, 0x22, 0xC9, 0x51, 0xF3,
    0xD4, 0x31, 0x2C, 0x23, 0xC0, 0xF5, 0x2A, 0x2C, 0x38, 0x44, 0xF1, 0x33, 0xA1, 0x93, 0xA2, 0xFA,
    0x61, 0x49, 0x92, 0xE4, 0x71, 0x7E, 0x08, 0x9B, 0xCE, 0x60, 0x40, 0x77, 0x71, 0xBD, 0x05, 0xF7,
    0x47, 0xE6, 0xE2, 0x75, 0x40, 0xAC, 0xB9, 0xE9, 0xBF, 0x77, 0x98, 0x10, 0xC1, 0xA6, 0x6D, 0xB6,
    0x54, 0xDC, 0x4D, 0x6F, 0x6B, 0x26, 0x3D, 0x9A, 0xBF, 0x25, 0x07, 0x78, 0x13, 0x42, 0xFC, 0x04,
    0x3A, 0x0F, 0xE1, 0xED, 0x46, 0xA1, 0x25, 0x8D, 0x68, 0xC4, 0xBB, 0xF3, 0x9F, 0x27, 0x35, 0x1E,
    0xE4, 0x6B, 0x05, 0xA1, 0xB5, 0x39, 0xA7, 0x3D, 0xAB, 0x39, 0x08, 0xF0, 0x48, 0xAF, 0xD7, 0x3A,
    0xBD, 0xB6, 0x7A, 0xF5, 0x2B, 0xBD, 0x86, 0x2F, 0xA8, 0xD6, 0xCE, 0xFA, 0x33, 0x05, 0x2F, 0xF5,
    0x4F, 0xB3, 0xAF, 0x57, 0x29, 0x54, 0x25, 0x98, 0xDA, 0x50, 0x64, 0x43, 0x8B, 0x4B, 0x5D, 0x8E,
    0xB6, 0x6E, 0x54, 0x9A, 0x5D, 0x88, 0xA3, 0x03, 0x23, 0x99, 0xA4, 0x4B, 0x79, 0x94, 0x6B, 0xBC,
    0xC9, 0xAC, 0xE7, 0x4F, 0xAD, 0xEF, 0x97, 0x36, 0x3C, 0x49, 0xC6, 0x55, 0x09, 0xB9, 0x11, 0xB8,
    0xBC, 0x01, 0x3D, 0x4D, 0xFB, 0x2E, 0x60, 0x4D, 0xA4, 0x4D, 0x06, 0x3D, 0xBF, 0x2C, 0xE6, 0xA5,
    0x72, 0x08, 0xBB, 0xD3, 0x64, 0xCA, 0xEF, 0xC4, 0x36, 0x99, 0x2F, 0x56, 0x32, 0x66, 0xAA, 0x17,
    0x52, 0x10, 0x4A, 0x40, 0xB1, 0xB1, 0x44, 0x81, 0x95, 0x18, 0x44, 0x0C, 0x00, 0x65, 0x89, 0x20,
    0xE9, 0xBD, 0xFB, 0xC2, 0x41, 0x39, 0xD7, 0x04, 0xA3, 0x54, 0x37, 0x11, 0xBE, 0x3A, 0x35, 0x93,
    0x4E, 0x4B, 0x8F, 0x99, 0x6B, 0xB2, 0xF0, 0xF5, 0x50, 0x2F, 0x10, 0x03, 0xFF, 0xC8, 0x3C, 0x74,
    0x26, 0xE8, 0xC6, 0x5A, 0x0F, 0x53, 0x4A, 0x2F, 0xA5, 0x22, 0x57, 0xA7, 0xFB, 0xF6, 0x99, 0xB9,
    0xD6, 0x79, 0xC5, 0x6A, 0xDB, 0xE5, 0xC2, 0x52, 0x1C, 0xAA, 0xBF, 0xB3, 0x7C, 0x55, 0xB2, 0x1E,
    0x80, 0x39, 0x4B, 0x61, 0x64, 0x3D, 0x40, 0x55, 0x89, 0x7B, 0x95, 0x08, 0x4E, 0x52, 0x03, 0xAD,
    0x92, 0xCF, 0xCA, 0x94, 0xA8, 0x06, 0x62, 0x55, 0x8A, 0xBD, 0xA4, 0x5A, 0xF7, 0x6A, 0xC0, 0xB7,
    0xBE, 0x47, 0xE4, 0x93, 0xCB, 0x9A, 0x31, 0x3C, 0xF4, 0x52, 0x0E, 0x98, 0x49, 0x90, 0x10, 0x19,
    0x4A, 0xDC, 0x65, 0x54, 0x24, 0x68, 0x27, 0x22, 0x01, 0x29, 0xDA, 0xA6, 0x05, 0xEF, 0xA0, 0xA0,
    0xA5, 0x58, 0xC7, 0x2B, 0xB7, 0xCF, 0x69, 0x2C, 0x7B, 0x4A, 0x27, 0x1B, 0x70, 0xE9, 0x99, 0xFE,
    0xF6, 0x33, 0x9D, 0x9B, 0x43, 0x80, 0x83, 0x50, 0xAE, 0xA6, 0x62, 0x2B, 0x35, 0x89, 0x0D, 0xFE,
    0x90, 0x1E, 0x2E, 0x5C, 0x28, 0x58, 0xBA, 0x5C, 0xAA, 0x77, 0x29, 0x45, 0xE9, 0xE2, 0xC3, 0xDA,
    0x8D, 0xD8, 0x55, 0xEF, 0xE8, 0xEE, 0x9D, 0xFB, 0xF4, 0x36, 0x49, 0xF4, 0x96, 0x6E, 0x50, 0x5B,
    0x40, 0xCA, 0x8D, 0x52, 0xDF, 0xDA, 0x14, 0x9C, 0xEA, 0x97, 0x39, 0xC9, 0x73, 0xE4, 0xE6, 0x64,
    0xD0, 0x93, 0x97, 0x78, 0x23, 0x12, 0x66, 0xFF, 0xA6, 0xE4, 0x74, 0xE5, 0xC2, 0x50, 0x95, 0x0A,
    0xAE, 0xB9, 0xD6, 0x65, 0x5B, 0x56, 0x9D, 0x2C, 0xD1, 0x3E, 0x65, 0x3F, 0x52, 0x28, 0xDF, 0x55,
    0x4A, 0xAF, 0x28, 0x53, 0x97, 0x95, 0x9E, 0xCB, 0xCA, 0xF8, 0x29, 0x4B, 0x8B, 0xA5, 0xC4, 0x85,
    0x41, 0x52, 0xE1, 0xE9, 0xD4, 0x67, 0x95, 0x59, 0x06, 0xFC, 0xF4, 0x57, 0x62, 0x9B, 0xD9, 0x07,
    0x62, 0xF5, 0x99, 0x26, 0x27, 0x53, 0xBD, 0x1C, 0x6B, 0x30, 0x5B, 0x98, 0x31, 0xDC, 0x0E, 0x23,
    0xCF, 0x87, 0x91, 0x3D, 0xCB, 0x75, 0x2E, 0x0C, 0x45, 0x9A, 0x60, 0xA7, 0xA0, 0x72, 0xC6, 0xFE,
    0xA1, 0xD0, 0x3C, 0x97, 0x18, 0xF7, 0x44, 0x6E, 0x73, 0x93, 0x3F, 0x56, 0x8B, 0xA5, 0x85, 0xF7,
    0x5B, 0x5B, 0x73, 0x1D, 0xF4, 0x40, 0x2F, 0x37, 0x75, 0xEC, 0x9B, 0xAB, 0x54, 0x8F, 0x99, 0x9E,
    0x8D, 0xE5, 0x36, 0xD2, 0xD3, 0xEF, 0x3E, 0xAB, 0x5A, 0x12, 0xAA, 0x7F, 0xC5, 0x9C, 0xC5, 0x94,
    0xBF, 0x92, 0xB8, 0xB1, 0xD0, 0x24, 0xAA, 0x93, 0x2C, 0x0C, 0x23, 0xB3, 0xE6, 0x59, 0xA1, 0xFA,
    0xE4, 0xC8, 0xF5, 0xDA, 0xC8, 0xD6, 0xDE, 0x2B, 0xE3, 0x4A, 0x10, 0x41, 0x06, 0xB5, 0xC8, 0x53,
    0xAE, 0xAF, 0xB9, 0x57, 0xC8, 0xA7, 0xEF, 0x2D, 0xFF, 0x54, 0xB8, 0x2E, 0x67, 0x62, 0x1A, 0x49,
    0x2B, 0xFE, 0x4A, 0x2F, 0xAB, 0x25, 0xD9, 0xE8, 0xA5, 0xDD, 0x25, 0x5E, 0x16, 0xA9, 0xFA, 0x4F,
    0x8B, 0x1F, 0x3E, 0xD2, 0xCB, 0xF4, 0x52, 0x3E, 0xE8, 0x6C, 0x00, 0xAC, 0x86, 0xE6, 0x79, 0x63,
    0x99, 0x97, 0xAA, 0xDD, 0x52, 0xB9, 0xA1, 0x17, 0x44, 0x03, 0x0C, 0x09, 0x28, 0x29, 0x58, 0x20,
    0xDE, 0x84, 0x73, 0xB1, 0x67, 0x12, 0x26, 0xF1, 0xAB, 0x11, 0x43, 0x04, 0x34, 0x08, 0x01, 0x17,
    0xDE, 0xB0, 0x19, 0xE3, 0x75, 0x08, 0xE8, 0x94, 0x30, 0x39, 0x67, 0x76, 0x2B, 0x8E, 0x88, 0xF4,
    0x56, 0x38, 0x17, 0xB1, 0x89, 0xA7, 0x05, 0xAD, 0x4B, 0xB4, 0xA3, 0xD6, 0x55, 0x4C, 0x22, 0xB8,
    0x85, 0x53, 0x8E, 0x9A, 0x49, 0x5A, 0x39, 0x4B, 0x21, 0x4D, 0x6A, 0x86, 0xD9, 0x20, 0xF9, 0xE9,
    0x20, 0xFC, 0xE3, 0x41, 0xFE, 0xCB, 0xBD, 0xBD, 0xBD, 0x3B, 0x95, 0xED, 0x50, 0x29, 0xE0, 0xFB,
    0x8B, 0xAD, 0xAD, 0x2D, 0x41, 0x1C, 0x21, 0x20, 0x1B, 0x54, 0x97, 0x3D, 0x40, 0x40, 0xB3, 0x4A,
    0x80, 0x79, 0x34, 0x01, 0xF9, 0x49, 0x02, 0x9C, 0x53, 0x42, 0x20, 0xB5, 0xE6, 0x10, 0x30, 0xCD,
    0xCE, 0x4A, 0xE0, 0x1C, 0xFE, 0x79, 0x56, 0xDB, 0xA7, 0x68, 0xB9, 0x52, 0x64, 0x85, 0x2C, 0x08,
    0xFD, 0x85, 0xF3, 0x85, 0xB1, 0x60, 0x1F, 0xAB, 0x6E, 0xA1, 0x43, 0x2C, 0x49, 0x90, 0x64, 0xAC,
    0xDA, 0xCB, 0x21, 0x4D, 0x1A, 0xAA, 0xF6, 0x60, 0xFE, 0xD8, 0xF7, 0x2B, 0x6B, 0x0F, 0xA7, 0xA9,
    0x89, 0x92, 0x64, 0x9D, 0x73, 0xF6, 0x97, 0x7B, 0x9A, 0x4E, 0x69, 0x74, 0x9C, 0xAA, 0x41, 0x69,
    0x2D, 0xA4, 0xF3, 0xBA, 0x8A, 0xDD, 0xA6, 0xC4, 0x0E, 0x8C, 0x17, 0x66, 0xCC, 0x90, 0x9D, 0x5B,
    0xAF, 0x7B, 0x46, 0xD8, 0xAE, 0x54, 0x84, 0x0F, 0x78, 0xC6, 0xE3, 0x46, 0x5E, 0xFE, 0x5F, 0x47,
    0xAE, 0x86, 0xFC, 0x6A, 0x28, 0x1B, 0xB5, 0x6E, 0xBC, 0xA9, 0x7D, 0xA0, 0x23, 0xAD, 0x95, 0xCA,
    0x6F, 0xC9, 0x13, 0xD9, 0x62, 0xA5, 0x7B, 0xC1, 0x1E, 0x18, 0x13, 0xF7, 0x27, 0xAE, 0x53, 0x2E,
    0x73, 0x9F, 0x05, 0x99, 0xD8, 0xEC, 0xF4, 0xBE, 0x05, 0x64, 0xB5, 0xD8, 0xB9, 0xA4, 0x39, 0x42,
    0x80, 0xE6, 0xFD, 0x61, 0x6B, 0x9B, 0x12, 0xD0, 0xBB, 0x75, 0xC2, 0x3A, 0x70, 0xB0, 0x62, 0x13,
    0x9C, 0xB4, 0xD8, 0xB1, 0x81, 0xEB, 0x85, 0xD6, 0xDE, 0x44, 0x36, 0x29, 0x2E, 0x4B, 0x97, 0x03,
    0xB9, 0x4E, 0x45, 0x67, 0xDD, 0xD6, 0xEF, 0xAC, 0x1B, 0x07, 0x73, 0xEB, 0xD6, 0x41, 0x1B, 0xCE,
    0x2D, 0xDB, 0x41, 0xE7, 0x18, 0xEF, 0x9D, 0x50, 0xD5, 0xBF, 0x13, 0x85, 0x09, 0xD1, 0x5C, 0xD2,
    0x5A, 0x8B, 0x8D, 0x3B, 0x0B, 0x00, 0x41, 0x2F, 0x08, 0x53, 0x43, 0xCD, 0xBF, 0x24, 0x9F, 0x4B,
    0x45, 0xA1, 0x73, 0x82, 0xA3, 0xA7, 0xB4, 0x47, 0xE2, 0x69, 0x12, 0xAA, 0x3E, 0xD3, 0xD7, 0xAB,
    0xE1, 0x77, 0x4D, 0x13, 0xFE, 0xFC, 0xE1, 0x41, 0xE1, 0x24, 0xBC, 0xA6, 0x03, 0xBC, 0xAE, 0xA8,
    0x5A, 0xEB, 0x6B, 0x75, 0xB9, 0x8F, 0x0C, 0x0A, 0xBE, 0x8E, 0x1C, 0xE9, 0xC8, 0x89, 0x1A, 0xD1,
    0x86, 0xC0, 0x0F, 0xDE, 0x39, 0xDD, 0xFF, 0x66, 0xEB, 0xC6, 0x5C, 0xDB, 0xD3, 0xDA, 0x69, 0x97,
    0xD8, 0x60, 0x5E, 0xD9, 0xD2, 0xD6, 0xF3, 0x57, 0x44, 0xBC, 0x02, 0x3D, 0x92, 0x5B, 0x2B, 0x00,
    0x87, 0xCB, 0x7C, 0xA8, 0x0A, 0xAC, 0x80, 0xA7, 0x43, 0x43, 0xC7, 0x96, 0xAE, 0x5A, 0x7C, 0x98,
    0x7B, 0x12, 0x70, 0xB5, 0xB9, 0xF1, 0x63, 0x06, 0xA7, 0x7F, 0xD3, 0xFB, 0xBF, 0x24, 0x26, 0xAA,
    0x05, 0xC7, 0x34, 0xC5, 0x0D, 0xB5, 0xDF, 0x4B, 0xBC, 0x3F, 0xD0, 0xFB, 0x09, 0xEE, 0xBD, 0x46,
    0x99, 0xDD, 0xC6, 0x7D, 0x58, 0x28, 0xC7, 0x2D, 0xEE, 0x63, 0x15, 0xA8, 0xD7, 0xE0, 0x7E, 0x62,
    0x4B, 0xCC, 0x0A, 0xEC, 0xB6, 0x2A, 0x80, 0x10, 0xF7, 0x7E, 0x6D, 0x3B, 0x13, 0x79, 0xD0, 0x46,
    0xB9, 0xCA, 0x3A, 0x81, 0x48, 0x2E, 0x59, 0xD3, 0x67, 0x76, 0xBF, 0x6D, 0xA5, 0xBE, 0x83, 0xFB,
    0xD6, 0xB2, 0x32, 0x37, 0xC1, 0xAF, 0x2B, 0x55, 0x83, 0xD7, 0x8A, 0xDA, 0xC5, 0x98, 0x98, 0x10,
    0x2E, 0x6C, 0xF7, 0x0A, 0x08, 0xCF, 0xB1, 0x25, 0x3A, 0xE0, 0x43, 0x8E, 0x47, 0x9E, 0x89, 0xD1,
    0x5C, 0x72, 0x61, 0x00, 0xCF, 0x7A, 0x94, 0xA1, 0xB9, 0xDA, 0xC8, 0xF9, 0x61, 0x51, 0x8A, 0x3F,
    0x6F, 0x5C, 0xB7, 0x85, 0x9A, 0xD7, 0x6B, 0x93, 0x89, 0x52, 0xA1, 0xBF, 0xDE, 0x58, 0x38, 0x7B,
    0x51, 0x02, 0x99, 0x64, 0x49, 0x63, 0xD5, 0xA3, 0xFC, 0xC4, 0x31, 0x82, 0x1F, 0x37, 0xB6, 0xEB,
    0x10, 0xBC, 0xD4, 0xDA, 0xB2, 0x31, 0xA4, 0x35, 0x89, 0xB7, 0x44, 0x14, 0xC4, 0x25, 0x6D, 0x49,
    0x1C, 0xD9, 0x5E, 0xC6, 0x45, 0x02, 0x83, 0xF4, 0x26, 0x2E, 0xB3, 0xA2, 0xBD, 0xA6, 0xBD, 0x0F,
    0x58, 0xD7, 0xBE, 0x36, 0x3A, 0x60, 0x0D, 0xAD, 0x36, 0x2E, 0x30, 0x69, 0xA3, 0x3D, 0x91, 0x60,
    0xA6, 0xDD, 0xA8, 0x46, 0x56, 0xC7, 0x6C, 0xFB, 0xA4, 0x93, 0xCE, 0x1A, 0x7F, 0x2D, 0x43, 0xD7,
    0x68, 0xCB, 0x62, 0xD7, 0x56, 0x49, 0xBF, 0xE1, 0x8A, 0x12, 0x75, 0x98, 0xF1, 0x2E, 0x95, 0x14,
    0x7E, 0x08, 0x3B, 0x0B, 0xE7, 0x1A, 0x9E, 0xF4, 0xC9, 0xA5, 0xAD, 0x43, 0xF6, 0xCE, 0xBB, 0xE2,
    0x9B, 0x3F, 0x7F, 0x72, 0x5F, 0x6B, 0xD5, 0x3B, 0x92, 0x18, 0x4A, 0x36, 0x4A, 0xAF, 0x3D, 0x56,
    0x6B, 0xCB, 0x34, 0x7D, 0x4D, 0x2A, 0x8D, 0x19, 0x95, 0x44, 0x80, 0xB8, 0x91, 0x49, 0xE2, 0x56,
    0xC2, 0x79, 0xDC, 0x8A, 0x03, 0xC7, 0xAD, 0xA8, 0x2E, 0x6E, 0x05, 0x17, 0xE2, 0x76, 0xAA, 0x17,
    0x71, 0xF7, 0xA4, 0x91, 0x70, 0x9E, 0xD6, 0xBD, 0xC6, 0x7B, 0x2D, 0xF4, 0xF5, 0x52, 0xE6, 0xBD,
    0xAA, 0xA2, 0x94, 0xE0, 0x27, 0x0E, 0x87, 0xE1, 0xE9, 0x7E, 0x20, 0x20, 0xD5, 0x22, 0x94, 0x1E,
    0xDA, 0x4B, 0xEE, 0x6C, 0x73, 0x4E, 0xB1, 0xFE, 0xA9, 0x76, 0xFF, 0xFC, 0x3D, 0x75, 0xD5, 0x97,
    0x9F, 0x7A, 0x59, 0x18, 0x56, 0x1F, 0x8A, 0xBA, 0xC0, 0x26, 0xAB, 0x9C, 0x1B, 0x26, 0x69, 0x4B,
    0x19, 0xBA, 0x64, 0xA8, 0xF6, 0x07, 0x58, 0x92, 0x74, 0x41, 0xB3, 0x06, 0x57, 0x69, 0x14, 0x62,
    0x8F, 0xEC, 0x7B, 0x57, 0x22, 0x47, 0xE2, 0xC1, 0xB1, 0xDA, 0xCA, 0x42, 0xA5, 0xDB, 0x89, 0x07,
    0xFA, 0x1D, 0x2B, 0x4E, 0x18, 0xE7, 0x85, 0xFC, 0x23, 0x90, 0xFE, 0xA1, 0x31, 0x44, 0x71, 0x30,
    0x54, 0xE4, 0xEA, 0x95, 0x93, 0x73, 0x83, 0x62, 0x4E, 0x6B, 0x8B, 0xC6, 0x94, 0xF7, 0xB4, 0x33,
    0x39, 0x1B, 0xDA, 0xB6, 0x91, 0x4D, 0xE9, 0xA5, 0x70, 0xB2, 0x99, 0x78, 0x6C, 0xFF, 0x26, 0x1A,
    0x28, 0xAD, 0xB3, 0x94, 0x16, 0x0F, 0xC7, 0xAB, 0x28, 0x0F, 0x57, 0x45, 0x65, 0x77, 0xED, 0xB5,
    0x6B, 0xCC, 0xEB, 0x4C, 0xC3, 0x99, 0x2E, 0xAE, 0x2D, 0xF4, 0x8A, 0x87, 0xE4, 0x0A, 0x4C, 0x8F,
    0x54, 0xCF, 0x7A, 0x4D, 0xD4, 0x17, 0x29, 0x1E, 0xF1, 0xF7, 0x52, 0x01, 0x51, 0x30, 0x61, 0x61,
    0x05, 0x31, 0x55, 0x21, 0xB2, 0x2C, 0x38, 0xD6, 0x66, 0xE2, 0xDF, 0xA8, 0x7C, 0x2E, 0x68, 0x37,
    0xC4, 0xD8, 0x40, 0xE1, 0x92, 0x3E, 0x6D, 0xDA, 0x50, 0x85, 0x8D, 0x45, 0xF7, 0xA5, 0xFA, 0x50,
    0x02, 0x31, 0x49, 0x00, 0x84, 0x0D, 0x07, 0xBA, 0xB4, 0x57, 0x5F, 0xB5, 0x2B, 0x7B, 0xFA, 0x4E,
    0xE2, 0xDA, 0x37, 0x22, 0xC1, 0xAD, 0x35, 0x53, 0x78, 0x66, 0xE1, 0x12, 0x97, 0x52, 0xD3, 0x61,
    0x31, 0x85, 0x99, 0x96, 0xB3, 0x6A, 0x11, 0x60, 0x89, 0x7D, 0x5D, 0x68, 0x3E, 0xA9, 0x86, 0x74,
    0x92, 0x45, 0x67, 0x21, 0x1C, 0x96, 0xA2, 0x37, 0xE1, 0xAD, 0x54, 0xB8, 0xEA, 0xFF, 0x5A, 0x48,
    0xEB, 0x4B, 0x2D, 0xBC, 0x22, 0x5D, 0x8F, 0xD4, 0xB4, 0x66, 0x26, 0x0F, 0x62, 0xE4, 0xE5, 0x18,
    0xFB, 0x30, 0x09, 0x23, 0xB3, 0x2D, 0x42, 0x19, 0xF5, 0x6A, 0x8D, 0x79, 0x5A, 0x09, 0x41, 0x10,
    0xA7, 0xC1, 0x63, 0xD0, 0xE7, 0x4C, 0xC4, 0x90, 0x53, 0x9F, 0x1B, 0xEA, 0xDA, 0xDF, 0x65, 0xF7,
    0x3A, 0xFC, 0xA0, 0xFF, 0x3B, 0x5A, 0x10, 0x9B, 0x37, 0x47, 0x62, 0x6C, 0x73, 0x22, 0x26, 0x97,
    0x22, 0x1A, 0xF9, 0x55, 0xCF, 0xB5, 0x9C, 0x73, 0x1B, 0x93, 0xFC, 0x6E, 0x25, 0x2A, 0x6A, 0x7A,
    0x9D, 0x6A, 0x4F, 0xBD, 0x5B, 0xE9, 0x63, 0xA8, 0xEC, 0x35, 0x1A, 0xC7, 0xAE, 0xE5, 0x7E, 0x46,
    0xE8, 0x3F, 0x2B, 0x76, 0x7D, 0x56, 0xEE, 0x13, 0x61, 0x25, 0x55, 0x16, 0x0A, 0x5A, 0xF1, 0xB4,
    0xF1, 0x16, 0xB2, 0xA2, 0xDE, 0xBA, 0x94, 0xDA, 0x17, 0xAD, 0x3E, 0x19, 0x48, 0x32, 0xDB, 0x71,
    0x89, 0x63, 0xEF, 0xCE, 0x2C, 0x26, 0x76, 0xF8, 0x08, 0x05, 0x34, 0x8B, 0x76, 0x22, 0x06, 0xDB,
    0x3C, 0x2F, 0xC4, 0x55, 0x1F, 0x2B, 0x05, 0x7B, 0x78, 0x78, 0x36, 0x8F, 0x0C, 0xCF, 0xE6, 0x51,
    0xE1, 0xF9, 0xC4, 0x04, 0x9A, 0x79, 0x18, 0xED, 0x53, 0xD8, 0x5C, 0xE2, 0x94, 0x0D, 0x1F, 0x6A,
    0xA0, 0xE7, 0x02, 0x06, 0x95, 0x0C, 0x51, 0x86, 0x8A, 0x66, 0x13, 0x2F, 0xB3, 0xE9, 0x3E, 0xDD,
    0x98, 0x39, 0xD6, 0xD4, 0x2E, 0xFD, 0x1C, 0xDB, 0x05, 0xC0, 0x85, 0x45, 0xEE, 0x4E, 0xAF, 0x5A,
    0x1F, 0x17, 0x4A, 0x46, 0x6C, 0xE9, 0x88, 0x2D, 0x21, 0x57, 0x6C, 0x0A, 0x32, 0xB1, 0xBC, 0x4E,
    0x2C, 0x56, 0xBC, 0x6A, 0xB9, 0x6D, 0x2D, 0x5A, 0x34, 0xCA, 0xAF, 0x57, 0xDB, 0x26, 0x4F, 0xA5,
    0xB9, 0x27, 0xFB, 0x53, 0xA5, 0x0D, 0x00, 0xA5, 0xED, 0xE6, 0x4D, 0x6D, 0xBF, 0x9D, 0x62, 0x6A,
    0x35, 0x4D, 0x90, 0xB5, 0xC2, 0x68, 0xE9, 0x95, 0xD6, 0x61, 0x34, 0x13, 0x3A, 0xA3, 0x35, 0x90,
    0xF6, 0x19, 0xCE, 0x33, 0xC7, 0x8F, 0xFB, 0x25, 0xA3, 0x05, 0xD3, 0x0E, 0xBB, 0x13, 0x86, 0xCB,
    0x33, 0x33, 0x61, 0x89, 0xB1, 0xB1, 0x13, 0x46, 0x6C, 0xDC, 0xA3, 0x08, 0x26, 0x2A, 0x64, 0x6D,
    0xFB, 0x05, 0xEA, 0x53, 0x91, 0x82, 0xED, 0x55, 0x15, 0xF9, 0xB6, 0x5E, 0x34, 0xCF, 0x97, 0xF0,
    0x16, 0x35, 0x91, 0x28, 0xA0, 0xBE, 0xA2, 0x1A, 0xDE, 0x56, 0x0D, 0x6B, 0xCB, 0xFA, 0x6D, 0x5D,
    0x4E, 0xF9, 0x89, 0xEA, 0xFB, 0xEF, 0x57, 0x5A, 0xBC, 0xBA, 0x88, 0x35, 0xD4, 0x8A, 0x56, 0xFB,
    0x1B, 0x2B, 0x2E, 0xAF, 0x7D, 0x83, 0x2D, 0x69, 0x67, 0x5D, 0x87, 0xF5, 0xF9, 0x2C, 0xB5, 0x81,
    0x0E, 0x21, 0x80, 0x21, 0xE1, 0x1E, 0x17, 0x1C, 0x76, 0x63, 0x0F, 0x71, 0xCE, 0xEE, 0xEF, 0x89,
    0x95, 0x2F, 0x22, 0x18, 0x03, 0xBC, 0xC5, 0xD2, 0x4D, 0xED, 0x99, 0xD3, 0x59, 0xEE, 0xEA, 0xED,
    0x9F, 0x4B, 0xC7, 0x5E, 0xA4, 0xF1, 0x4E, 0x2B, 0x12, 0x65, 0x8E, 0xF2, 0xA3, 0x46, 0x64, 0xCF,
    0xA8, 0x02, 0x8B, 0xDA, 0xD0, 0xDB, 0x09, 0xC6, 0xBC, 0xAB, 0xB7, 0x07, 0x71, 0x25, 0xAB, 0x82,
    0x61, 0xE3, 0xD5, 0x6C, 0x67, 0x0A, 0xE3, 0x61, 0x11, 0x6B, 0xC2, 0xCD, 0x4B, 0x22, 0xBB, 0x78,
    0x70, 0x3B, 0x81, 0x73, 0x1F, 0x38, 0x59, 0x64, 0x2F, 0x08, 0xB7, 0xC9, 0x5B, 0xA8, 0x6E, 0x5F,
    0x52, 0x99, 0xBC, 0x96, 0xDB, 0x0C, 0xC0, 0xA4, 0x7F, 0x08, 0x2D, 0xEB, 0x0A, 0x48, 0xD6, 0x0D,
    0x15, 0x50, 0xD6, 0xBA, 0xB6, 0xB3, 0xC8, 0xC8, 0xA2, 0x21, 0x21, 0xC7, 0x26, 0xC5, 0xBB, 0x83,
    0x63, 0xC8, 0xBA, 0xBD, 0x4D, 0xF0, 0x9F, 0xC3, 0x31, 0x2C, 0x48, 0x89, 0x2D, 0x30, 0x27, 0x45,
    0x60, 0x85, 0x9D, 0xD4, 0x46, 0x30, 0x29, 0x9B, 0xDB, 0x7A, 0x5C, 0xF3, 0x7C, 0x5D, 0x35, 0x52,
    0x7F, 0xBC, 0x6B, 0xFD, 0xD3, 0x73, 0xE1, 0x4E, 0x17, 0x69, 0xA0, 0x64, 0x5B, 0x51, 0x84, 0xED,
    0xC4, 0xB6, 0x52, 0x5B, 0x3B, 0x61, 0xF0, 0xDB, 0x6A, 0xBD, 0x8B, 0x3A, 0x78, 0xED, 0x78, 0x33,
    0xEC, 0x5F, 0x89, 0x5C, 0xD5, 0xF1, 0xAC, 0x55, 0xB8, 0xD9, 0x4E, 0xD5, 0x2F, 0xBD, 0x36, 0xD1,
    0xA9, 0xC2, 0xCA, 0x05, 0x59, 0x87, 0x13, 0x1B, 0xCE, 0xBB, 0x67, 0xD6, 0xDB, 0xC3, 0xC6, 0x7A,
    0x3F, 0xD3, 0x47, 0xE9, 0x43, 0x00, 0xB1, 0x52, 0xD6, 0xB3, 0x53, 0x6B, 0x26, 0x63, 0x3F, 0x54,
    0xAB, 0xAC, 0xEB, 0x5C, 0x38, 0x84, 0xD3, 0xB3, 0x01, 0x1F, 0xA9, 0xCF, 0xD3, 0x58, 0x18, 0x7D,
    0x6B, 0x61, 0x3C, 0xD6, 0xE2, 0x61, 0xA2, 0x90, 0x29, 0x15, 0x6C, 0x2B, 0xCB, 0x54, 0xE1, 0x2C,
    0xD4, 0xFA, 0x4B, 0x52, 0xC3, 0xA0, 0x93, 0x1C, 0xD0, 0x5F, 0x34, 0xC6, 0xA5, 0x96, 0x63, 0x95,
    0xF2, 0xD0, 0xB2, 0x71, 0xF6, 0x91, 0x65, 0xE3, 0x7A, 0xAB, 0x46, 0x17, 0x26, 0x75, 0x57, 0x94,
    0x16, 0xCA, 0x2B, 0xA5, 0xB2, 0xEB, 0xD8, 0x4C, 0x6D, 0x6F, 0xA1, 0xFF, 0xE0, 0x3B, 0x5F, 0x62,
    0xE0, 0x5D, 0x68, 0x6E, 0xC8, 0xE0, 0xC1, 0x0C, 0x8E, 0x7E, 0x29, 0x3D, 0x1B, 0x23, 0x49, 0x16,
    0xF1, 0x2F, 0xB0, 0xAA, 0xB0, 0xFD, 0x1A, 0x1B, 0x1D, 0xF4, 0x63, 0x73, 0xF2, 0x63, 0x5B, 0x01,
    0xBA, 0xA6, 0x8D, 0xD3, 0x5F, 0x64, 0xA3, 0xBB, 0x2D, 0x55, 0x5C, 0x1F, 0xD5, 0xB3, 0x1F, 0xBB,
    0xE0, 0x2F, 0x28, 0xFC, 0x05, 0x1B, 0xA1, 0xF6, 0x75, 0x99, 0x06, 0x6E, 0x23, 0xAA, 0xE2, 0xCE,
    0xA7, 0x99, 0xBE, 0x9A, 0x2D, 0xBF, 0xF9, 0x0A, 0x97, 0xB6, 0x25, 0xB8, 0x58, 0x02, 0x9E, 0xD0,
    0xFC, 0xFE, 0xA9, 0x2D, 0x4D, 0xA2, 0x8A, 0xF5, 0xF5, 0x31, 0x95, 0xA6, 0x5D, 0x46, 0x6E, 0x4E,
    0x2C, 0x23, 0x17, 0x63, 0x36, 0x96, 0xAD, 0xD4, 0xF3, 0x8B, 0x51, 0x2D, 0x3A, 0x98, 0x3F, 0x1B,
    0x75, 0xB2, 0x36, 0x58, 0x75, 0x62, 0xB0, 0x15, 0x70, 0xDA, 0xFD, 0x7F, 0x0F, 0xA6, 0x67, 0x49,
    0x10, 0x9F, 0x92, 0x12, 0x91, 0x96, 0x36, 0x83, 0xD3, 0xDD, 0x85, 0x07, 0x4F, 0xE4, 0xDF, 0x06,
    0xFE, 0x5D, 0xC5, 0xBF, 0x84, 0xCB, 0x06, 0x76, 0x8F, 0x58, 0x54, 0x84, 0x80, 0x9A, 0x40, 0xFF,
    0xD5, 0x7E, 0xE3, 0x37, 0x5E, 0xEB, 0xA9, 0x91, 0xAE, 0xC8, 0xC9, 0x85, 0xCE, 0xE9, 0x4A, 0xFC,
    0xEC, 0x56, 0xF6, 0x38, 0xAC, 0x08, 0x70, 0x8D, 0xD8, 0x93, 0xCB, 0xDE, 0x27, 0x38, 0x3F, 0x3E,
    0xC1, 0xF9, 0x23, 0x06, 0x8B, 0x1F, 0x3B, 0xD8, 0xF4, 0xC1, 0xC1, 0xBC, 0x13, 0x94, 0xD9, 0x61,
    0x24, 0x0D, 0x15, 0x17, 0x50, 0x39, 0xD9, 0x9F, 0xCA, 0xED, 0xD5, 0xD0, 0xD8, 0x2B, 0x0B, 0x14,
    0xA9, 0xEC, 0x49, 0xC0, 0x2C, 0x73, 0xC6, 0xE6, 0x96, 0x7B, 0xF7, 0x2A, 0xA4, 0x52, 0xC0, 0xFE,
    0x09, 0x73, 0x9B, 0x44, 0x42, 0x71, 0x31, 0x73, 0x6B, 0xD1, 0xE6, 0xF3, 0x7B, 0xF8, 0x61, 0xC5,
    0xCE, 0x4E, 0xDD, 0xDE, 0x77, 0x9F, 0x46, 0x68, 0xC8, 0xF0, 0x40, 0x58, 0x21, 0xD4, 0xEF, 0xDB,
    0x85, 0x6D, 0xB9, 0xEC, 0x1E, 0xDA, 0x9D, 0x03, 0xF1, 0x2F, 0xF0, 0xF6, 0x06, 0xE7, 0xE5, 0x22,
    0x73, 0x50, 0x85, 0xDC, 0xA4, 0x27, 0x6D, 0x67, 0x30, 0x37, 0x03, 0x57, 0x7E, 0x0B, 0x0B, 0x87,
    0x82, 0x8E, 0xB8, 0x35, 0x70, 0xC7, 0x24, 0xF9, 0x64, 0xFE, 0x89, 0xCC, 0x7B, 0x7F, 0x76, 0x39,
    0x7B, 0xED, 0xED, 0xF7, 0xDB, 0xE9, 0x32, 0xE8, 0xAB, 0x6C, 0x86, 0x52, 0xF8, 0x4C, 0x2E, 0x7D,
    0xE8, 0xAF, 0x52, 0x38, 0x73, 0xD7, 0xEA, 0x8A, 0x5A, 0xB7, 0x4F, 0x40, 0xDA, 0x3A, 0x22, 0x3B,
    0x69, 0x24, 0xA5, 0x83, 0xE0, 0x36, 0x86, 0x0D, 0x08, 0x1D, 0x11, 0x6D, 0x86, 0x7A, 0xD7, 0x6F,
    0xAF, 0x4E, 0x21, 0xF9, 0xFD, 0xB4, 0x08, 0x7E, 0x56, 0x25, 0x45, 0xF4, 0x63, 0x94, 0xA7, 0xF1,
    0xBF, 0x90, 0x93, 0x03, 0x10, 0x04, 0xF7, 0x3C, 0x22, 0x9E, 0xA0, 0xE8, 0xA2, 0x5C, 0x8F, 0x29,
    0xD6, 0x43, 0x0E, 0x2D, 0x55, 0xD8, 0x9C, 0xC2, 0xEF, 0x28, 0xEF, 0x63, 0xEA, 0x48, 0xBA, 0x51,
    0xB6, 0x17, 0xE5, 0x69, 0x19, 0x1E, 0x7F, 0xBD, 0x35, 0x9B, 0x5E, 0xED, 0x76, 0x87, 0x71, 0xF3,
    0x60, 0x54, 0xAD, 0xEF, 0x27, 0x5B, 0xDD, 0x86, 0x36, 0x85, 0xBC, 0xA6, 0x30, 0x47, 0xD9, 0xA6,
    0xC0, 0xAD, 0x2A, 0x76, 0xE9, 0xD8, 0x13, 0x5F, 0xEE, 0xDB, 0x71, 0xCD, 0x74, 0xD5, 0x27, 0xB4,
    0x5B, 0x96, 0xE6, 0x0F, 0x77, 0xB3, 0xD1, 0x72, 0x4F, 0xCB, 0x6A, 0xDB, 0xF4, 0xB7, 0x33, 0x5A,
    0x4A, 0x22, 0x9B, 0xF2, 0xB4, 0x8E, 0xA5, 0xE5, 0x1E, 0x73, 0x30, 0x98, 0x11, 0xCE, 0x5C, 0xCD,
    0x2A, 0xA4, 0x7D, 0x9C, 0xCB, 0x12, 0xBF, 0x8C, 0xCD, 0x54, 0x4F, 0xAA, 0xA4, 0x5D, 0x13, 0x1D,
    0x32, 0xD1, 0xBE, 0xD8, 0x85, 0x18, 0xF5, 0xD5, 0xF9, 0x45, 0xD3, 0xF9, 0xF5, 0x62, 0x66, 0xFA,
    0x3B, 0x0C, 0x09, 0xD3, 0x39, 0x9F, 0xBC, 0x50, 0x88, 0x6E, 0x24, 0x5D, 0x44, 0x72, 0x18, 0xD6,
    0x73, 0x28, 0x61, 0x6E, 0x0E, 0xBD, 0x99, 0x37, 0xE3, 0x86, 0xD0, 0x34, 0x8F, 0xFE, 0x19, 0x96,
    0x75, 0x5F, 0xA9, 0x76, 0x52, 0xD8, 0x15, 0x9B, 0x3E, 0x05, 0xAC, 0xB9, 0x8C, 0xDF, 0x0F, 0xC4,
    0x6E, 0x63, 0xC0, 0xAA, 0xFF, 0x6D, 0x67, 0xB6, 0x9F, 0xB3, 0xE8, 0x68, 0xA3, 0xC5, 0xD5, 0x1B,
    0x6B, 0xCB, 0x85, 0x7E, 0x63, 0x3D, 0xA8, 0x32, 0xC5, 0x4A, 0x17, 0xD1, 0x6E, 0x44, 0x1A, 0x32,
    0x23, 0xBB, 0x0F, 0xC5, 0xD8, 0x5D, 0x95, 0xD6, 0x20, 0xC6, 0x14, 0xE0, 0x4D, 0x0D, 0x15, 0x9E,
    0xAD, 0xB0, 0x5C, 0xC4, 0x31, 0x6E, 0xE7, 0xA7, 0xDD, 0xF8, 0x69, 0x9B, 0x87, 0x43, 0xF0, 0x19,
    0xA7, 0x73, 0xAB, 0xC0, 0x0F, 0x4C, 0xB7, 0xF1, 0xF0, 0xE9, 0x6C, 0xCB, 0xD1, 0xEE, 0x91, 0x3A,
    0x39, 0x5D, 0xF8, 0x11, 0xD3, 0xA5, 0x66, 0x9D, 0x3B, 0xCD, 0x2A, 0x2E, 0xEA, 0x0E, 0x2B, 0x93,
    0xD9, 0xFC, 0x23, 0xB3, 0xE1, 0x29, 0x99, 0x9F, 0x58, 0xCA, 0x3D, 0xA5, 0x29, 0xC7, 0xDF, 0xD2,
    0x20, 0xDE, 0x96, 0x9E, 0x91, 0xF7, 0xFE, 0xEB, 0xAE, 0xD3, 0xDA, 0x91, 0xAC, 0xA0, 0x0D, 0x86,
    0x33, 0x92, 0x34, 0x31, 0x62, 0xD9, 0xF1, 0x5D, 0x25, 0xB2, 0xC0, 0x90, 0x09, 0x79, 0xE4, 0x2B,
    0x78, 0xB7, 0x1D, 0x83, 0xDD, 0xCA, 0xC6, 0x15, 0x05, 0x72, 0x0D, 0x7A, 0x36, 0xBB, 0x11, 0x50,
    0x4A, 0xEE, 0xD0, 0x33, 0x66, 0xDC, 0xA5, 0xC0, 0x7D, 0x24, 0xB5, 0x2C, 0xDC, 0xB5, 0x46, 0x57,
    0x3C, 0x17, 0xC2, 0x34, 0xC2, 0x5B, 0xCC, 0x6D, 0xD8, 0x5B, 0x4C, 0x37, 0xCB, 0xD5, 0x9D, 0x08,
    0x4F, 0xBB, 0x96, 0x4E, 0x3A, 0x2C, 0xEC, 0x29, 0xA6, 0xB5, 0x4E, 0x7C, 0xA2, 0xAA, 0x07, 0xD0,
    0x20, 0x51, 0x61, 0x9D, 0xE6, 0xBE, 0x3C, 0x64, 0x86, 0xB7, 0xBC, 0x0F, 0x61, 0x98, 0x61, 0xDE,
    0x99, 0x0E, 0x96, 0x6C, 0xE6, 0x37, 0xCD, 0xDC, 0x6F, 0x6B, 0x60, 0xE0, 0xAF, 0x0B, 0xAF, 0x0D,
    0xDE, 0xC3, 0x88, 0xE1, 0x7F, 0x61, 0x30, 0x90, 0x8E, 0x74, 0xAA, 0xE5, 0xCE, 0x65, 0x82, 0x16,
    0x9C, 0xF7, 0x8A, 0x76, 0xB4, 0x36, 0x19, 0x7B, 0x76, 0x82, 0x77, 0x2A, 0xB3, 0xCD, 0xEE, 0xD9,
    0xF3, 0xBA, 0xDB, 0xE3, 0x8C, 0x0D, 0x9F, 0x0C, 0xEB, 0x53, 0x73, 0x62, 0xE7, 0x88, 0x67, 0x51,
    0xBD, 0xAC, 0xA4, 0x6E, 0x4A, 0xF0, 0xC8, 0x67, 0x36, 0xAD, 0x69, 0xCC, 0xD5, 0x14, 0x44, 0xE2,
    0xB5, 0x85, 0x8B, 0x02, 0x79, 0xBA, 0x8F, 0xDA, 0x12, 0x69, 0xC8, 0x74, 0x47, 0x81, 0x80, 0x82,
    0x70, 0xA3, 0xFA, 0xC5, 0xD8, 0xB1, 0x8D, 0x57, 0x82, 0xF9, 0xE9, 0xFC, 0x71, 0x9B, 0x36, 0x0E,
    0xC7, 0x72, 0x57, 0xF2, 0x58, 0xD9, 0xE0, 0x63, 0xFC, 0x2F, 0x9E, 0x08, 0x66, 0x36, 0xF2, 0x9E,
    0xC0, 0x97, 0xA3, 0x47, 0x44, 0xC6, 0x76, 0x3C, 0x7F, 0x9C, 0x6C, 0xE0, 0xD6, 0x30, 0xC0, 0x29,
    0xF1, 0x81, 0x4C, 0x4C, 0x66, 0xBA, 0x1C, 0xF7, 0xAD, 0xAC, 0x7E, 0x6D, 0xC0, 0xEB, 0xDD, 0xB6,
    0x77, 0x6F, 0x58, 0x36, 0xD1, 0xD3, 0x43, 0xF4, 0xBF, 0xAA, 0x7A, 0x00, 0x73, 0xC2, 0xBD, 0xF3,
    0x59, 0x70, 0x6F, 0x66, 0x36, 0xCF, 0xE2, 0xA1, 0x9D, 0x6B, 0x38, 0x75, 0xDC, 0x9D, 0xFE, 0x61,
    0x91, 0x70, 0xE0, 0x43, 0x00, 0x5C, 0xC0, 0x4E, 0xC3, 0x31, 0x31, 0x86, 0xC6, 0xFE, 0x73, 0xE9,
    0x81, 0x71, 0x57, 0x08, 0x0C, 0x24, 0x4F, 0xCD, 0x91, 0x5F, 0x6D, 0x52, 0x0D, 0x13, 0x82, 0xFD,
    0x0E, 0xBD, 0xE9, 0x33, 0xEA, 0xA0, 0x9F, 0xCA, 0x0D, 0xAB, 0x29, 0xAF, 0x5F, 0xD9, 0xDB, 0xEC,
    0x36, 0x14, 0xCF, 0x35, 0xB5, 0x91, 0xEF, 0x4B, 0xAC, 0x04, 0x80, 0xA4, 0x58, 0x87, 0x3E, 0xB7,
    0xF7, 0xD8, 0x3E, 0x1A, 0x0C, 0x5F, 0xAD, 0x78, 0x0E, 0xD4, 0xEF, 0x9B, 0x14, 0x85, 0x4F, 0x06,
    0x5A, 0xA7, 0xA9, 0x6E, 0xD4, 0x64, 0x63, 0xFB, 0xD3, 0x43, 0x4E, 0x7B, 0x8E, 0xBD, 0xDB, 0xB2,
    0x42, 0xF6, 0x99, 0xF4, 0xC1, 0xBD, 0x3A, 0x2D, 0xCD, 0xC6, 0x6E, 0x1C, 0x34, 0x07, 0x99, 0x79,
    0x7E, 0x32, 0x09, 0x7F, 0x56, 0x63, 0x92, 0xED, 0x36, 0xFA, 0x51, 0x0E, 0x61, 0xFF, 0x43, 0x15,
    0x7F, 0x83, 0x13, 0xFD, 0x4F, 0x91, 0xEC, 0x80, 0x36, 0xFF, 0x3D, 0x93, 0xED, 0xFB, 0xD2, 0x3D,
    0xCC, 0x08, 0xA0, 0xC8, 0x08, 0xCA, 0x0A, 0x74, 0x46, 0xDC, 0xE1, 0xC5, 0x1C, 0xB3, 0x66, 0xDB,
    0xAB, 0xC8, 0x13, 0xF6, 0x3F, 0x93, 0x17, 0x2A, 0x09, 0x84, 0x59, 0x94, 0x6F, 0xD2, 0x45, 0xB3,
    0x0D, 0x48, 0x01, 0x0F, 0x95, 0x33, 0xE0, 0x0D, 0xDC, 0x0B, 0x06, 0xFD, 0x15, 0x1A, 0xFF, 0xE7,
    0x5C, 0xB7, 0xA0, 0x87, 0x53, 0x07, 0xFD, 0x0B, 0x1F, 0xB6, 0xF1, 0x1F, 0x45, 0x5F, 0x6B, 0x9F,
    0xBC, 0x7A, 0x89, 0x55, 0xE0, 0x36, 0x94, 0xB3, 0xD3, 0xE2, 0xB5, 0x7F, 0x24, 0x8C, 0x40, 0xF8,
    0x39, 0x89, 0x20, 0x05, 0x1B, 0xCC, 0x7C, 0x65, 0x13, 0x18, 0xC2, 0x43, 0xED, 0xB7, 0x4F, 0x22,
    0x2C, 0xB7, 0xDB, 0x99, 0x09, 0xDF, 0x6D, 0x76, 0x11, 0x0B, 0x0A, 0x7C, 0xB4, 0xE0, 0xB7, 0x22,
    0x6E, 0x2B, 0x6E, 0xB1, 0x26, 0x8F, 0x7F, 0x0A, 0x72, 0xC0, 0x4F, 0x67, 0x0E, 0x21, 0xBA, 0x8E,
    0x2A, 0x85, 0xD8, 0x3A, 0x54, 0x5E, 0x5D, 0x9A, 0xFB, 0x73, 0x0C, 0xDB, 0x66, 0x60, 0x06, 0xAF,
    0x57, 0xBB, 0xB0, 0xBE, 0x5D, 0x3C, 0xCC, 0x5D, 0x70, 0x29, 0x2B, 0x53, 0x68, 0x6C, 0x0C, 0x2E,
    0x23, 0x58, 0xAD, 0x44, 0xD5, 0xF8, 0x9B, 0xB2, 0x6D, 0x92, 0xC6, 0x90, 0xF6, 0x5F, 0xE6, 0x9E,
    0xD3, 0x9E, 0xD5, 0x49, 0x7E, 0x24, 0x19, 0x71, 0x47, 0x3D, 0x23, 0x85, 0x9B, 0x4A, 0xD6, 0x35,
    0x35, 0xBA, 0xEF, 0x97, 0x56, 0xBF, 0xA0, 0x0F, 0x32, 0x2B, 0x8B, 0x2B, 0xE6, 0x07, 0x69, 0x11,
    0x4A, 0xA4, 0x8D, 0xA5, 0x6F, 0x9A, 0x4A, 0x73, 0x82, 0xE6, 0xD1, 0xBF, 0x28, 0x3B, 0x6E, 0x18,
    0xCF, 0xFC, 0xF6, 0xBB, 0x63, 0x0E, 0xF8, 0x31, 0xDC, 0x66, 0x25, 0xFB, 0x8B, 0xFA, 0xD7, 0x65,
    0xC5, 0x5E, 0xB3, 0x05, 0xEF, 0xDB, 0x4F, 0xC2, 0xB8, 0x96, 0x97, 0x41, 0x6B, 0xCC, 0x2D, 0x25,
    0x11, 0xF7, 0x37, 0x47, 0xDC, 0x24, 0x14, 0xB7, 0xB2, 0xD5, 0x04, 0x6E, 0x9A, 0x56, 0x54, 0x1E,
    0xA5, 0x5F, 0x42, 0xB1, 0xD4, 0x12, 0x57, 0x18, 0x76, 0xB9, 0xB7, 0xEA, 0xC8, 0x5C, 0xDD, 0x01,
    0x63, 0x77, 0x21, 0x51, 0xBF, 0x81, 0x40, 0x93, 0x17, 0x5B, 0xD8, 0x1B, 0xE8, 0xBA, 0x50, 0x84,
    0xC3, 0x52, 0x64, 0x3C, 0x2E, 0x65, 0x9A, 0xB5, 0xDD, 0xB2, 0xE3, 0x2A, 0xA6, 0x00, 0x33, 0x51,
    0x6A, 0xF9, 0x9D, 0x9C, 0x7D, 0x88, 0x4F, 0xB3, 0xF6, 0x29, 0x41, 0x6B, 0xD0, 0x17, 0x4F, 0x6C,
    0xC6, 0x28, 0xBF, 0x27, 0x13, 0x60, 0xF1, 0x64, 0xFF, 0x93, 0xC6, 0x7C, 0x9F, 0x03, 0xFF, 0x9A,
    0xDD, 0xA3, 0x7B, 0x7C, 0xF5, 0x5F, 0xDD, 0xFB, 0xDA, 0x55, 0x6D, 0x86, 0xB5, 0xCF, 0x61, 0xD9,
    0x74, 0x67, 0x00, 0xB0, 0xE7, 0x47, 0x44, 0x65, 0x5F, 0x08, 0x8A, 0x0A, 0xBE, 0x56, 0x49, 0xC3,
    0x22, 0xCE, 0xED, 0xF7, 0x92, 0x2A, 0xC5, 0x21, 0x71, 0xAA, 0xB9, 0x25, 0xAF, 0x1B, 0x7C, 0x73,
    0x03, 0xA0, 0x93, 0xDD, 0x03, 0xB8, 0x42, 0xAD, 0x67, 0x86, 0x7A, 0xFF, 0xC0, 0xA2, 0x70, 0x23,
    0x01, 0xD8, 0xBB, 0xB3, 0xCC, 0x43, 0x36, 0x4C, 0x5D, 0xBA, 0xE2, 0xC0, 0xBA, 0xD3, 0x46, 0x97,
    0x6F, 0xFD, 0x35, 0x1C, 0xBE, 0x0A, 0x05, 0x7F, 0x7D, 0x09, 0x63, 0xBE, 0xA7, 0x8D, 0x08, 0x76,
    0x68, 0xCE, 0x0C, 0xAD, 0xB3, 0x88, 0x6B, 0x45, 0x48, 0xE3, 0x3A, 0x54, 0xBD, 0xDE, 0x3C, 0x7C,
    0xAF, 0x0A, 0xDA, 0xB3, 0x29, 0xD8, 0x3C, 0x95, 0x91, 0x85, 0x5B, 0x2C, 0xF6, 0x3A, 0x96, 0x93,
    0x73, 0x09, 0x3F, 0xF1, 0x06, 0xA8, 0x98, 0xD0, 0xCB, 0x5A, 0xF8, 0xC4, 0x5B, 0x3F, 0x6C, 0x2F,
    0x26, 0xBF, 0x17, 0x34, 0xFB, 0xD9, 0x61, 0xF0, 0x4E, 0x9D, 0xB5, 0x28, 0xC1, 0xA1, 0xC6, 0xCE,
    0xFC, 0x8E, 0xF8, 0x04, 0xD7, 0xA4, 0xA7, 0x66, 0x81, 0x08, 0xBB, 0x0C, 0x97, 0x66, 0x79, 0xE9,
    0xD0, 0x6C, 0x5E, 0xC3, 0x71, 0x4E, 0xB9, 0xE4, 0xEE, 0x2A, 0x7E, 0x7F, 0xE5, 0x1A, 0x0C, 0x7C,
    0x1F, 0x64, 0x36, 0x71, 0x1E, 0x54, 0xA9, 0x6C, 0x3B, 0x46, 0x30, 0x03, 0x1F, 0x29, 0xD3, 0x4E,
    0x36, 0xB6, 0x28, 0x86, 0x4F, 0x48, 0x84, 0x5D, 0x62, 0xE4, 0xA3, 0x90, 0x4B, 0x0F, 0xCB, 0xA4,
    0xC3, 0x6F, 0xCB, 0xBF, 0x60, 0xD2, 0xBB, 0xFB, 0xD3, 0x16, 0x52, 0xDC, 0xF4, 0xB9, 0xCC, 0xB5,
    0x81, 0x84, 0x6E, 0x66, 0x26, 0x5C, 0xEA, 0x32, 0xDB, 0x31, 0x37, 0xAF, 0x1D, 0xC8, 0xB7, 0x72,
    0xDA, 0x94, 0x6B, 0x22, 0x80, 0x8B, 0xAC, 0x0A, 0x8A, 0x4D, 0x53, 0x16, 0x31, 0x62, 0xED, 0x4F,
    0xAA, 0x89, 0xD9, 0x8D, 0x7E, 0x9F, 0x7D, 0x9C, 0x2E, 0xE6, 0x26, 0xEF, 0x96, 0x3B, 0xC5, 0xCE,
    0xE4, 0xDE, 0xEB, 0x43, 0x2E, 0x02, 0xBC, 0x61, 0xAE, 0xD9, 0x06, 0x90, 0xC0, 0x0F, 0xDA, 0xF8,
    0x86, 0x31, 0xFF, 0x3E, 0xBB, 0xFC, 0x49, 0xE3, 0x55, 0xF3, 0x9B, 0x62, 0x60, 0xF5, 0x4A, 0x63,
    0xF6, 0xC4, 0x57, 0x17, 0x24, 0xB5, 0xF0, 0xFF, 0xAA, 0x78, 0x0E, 0xBA, 0x88, 0xAB, 0x7D, 0xF3,
    0xF4, 0xC5, 0xA8, 0xAA, 0xCD, 0xE4, 0xD5, 0xF0, 0xE7, 0xB0, 0xF4, 0x86, 0x43, 0x96, 0x05, 0x4B,
    0x70, 0xE0, 0x93, 0xF5, 0x7B, 0x4F, 0x56, 0x51, 0x18, 0x69, 0x7B, 0x24, 0xA6, 0xC6, 0x7F, 0x57,
    0x4A, 0x93, 0xB7, 0x5A, 0xFC, 0x25, 0x94, 0x4A, 0x28, 0x30, 0x73, 0xE9, 0x4E, 0x1D, 0xCA, 0x7A,
    0xEF, 0xA1, 0x74, 0x6F, 0xF4, 0xBC, 0x23, 0xDF, 0x73, 0xD8, 0x91, 0x84, 0xEB, 0x96, 0xEC, 0xA1,
    0xDE, 0x91, 0xD5, 0xAC, 0xA3, 0x7A, 0x6C, 0x3F, 0x94, 0x2B, 0xFD, 0x8C, 0x6E, 0x4C, 0xF3, 0x82,
    0x13, 0x9B, 0x7A, 0x2F, 0xCA, 0x79, 0xDC, 0x89, 0xFD, 0xAC, 0xAC, 0x73, 0x65, 0xDF, 0x1B, 0xFB,
    0x7C, 0xE9, 0xDA, 0x26, 0xCC, 0x1C, 0xFF, 0x92, 0x05, 0x46, 0xE0, 0xE6, 0xA0, 0xA0, 0x9A, 0x2E,
    0x4C, 0x94, 0xF3, 0x9B, 0x0C, 0x39, 0xBF, 0x8A, 0x55, 0x45, 0x39, 0xEC, 0x6D, 0xC3, 0x65, 0x97,
    0x92, 0x06, 0xC9, 0x22, 0x9D, 0xFD, 0xD3, 0x35, 0xFE, 0x69, 0xC2, 0xED, 0x8E, 0x08, 0x64, 0x3D,
    0xBC, 0xA9, 0xCD, 0xEA, 0x7D, 0xD8, 0x03, 0x34, 0x52, 0xC8, 0x02, 0xB3, 0xF9, 0x8A, 0x06, 0x5C,
    0xC6, 0xD4, 0xE3, 0xDB, 0xB6, 0x9A, 0x4C, 0xAA, 0xB5, 0x5D, 0x0B, 0x4B, 0x87, 0x3F, 0xBA, 0xED,
    0xFE, 0x61, 0x5F, 0x58, 0x68, 0x5D, 0x2A, 0x22, 0xB4, 0x1F, 0x0D, 0xDF, 0x41, 0xC8, 0x5D, 0x81,
    0x2A, 0x2F, 0xAC, 0x7C, 0xE1, 0x61, 0x7D, 0xFF, 0xC3, 0xF8, 0xBE, 0x4E, 0x5D, 0xAC, 0x7D, 0xD7,
    0xA1, 0x1C, 0xD4, 0x2E, 0xA3, 0xEB, 0x0E, 0x51, 0x46, 0xC4, 0xF3, 0xDD, 0xC7, 0xFC, 0x99, 0xBB,
    0xD9, 0x3C, 0xD9, 0x47, 0x18, 0x8E, 0xC9, 0x43, 0xFB, 0x91, 0x24, 0x94, 0x6B, 0x5F, 0xB7, 0x58,
    0x39, 0x1D, 0x8F, 0x14, 0xD5, 0x96, 0x69, 0x19, 0x38, 0x7E, 0xD4, 0xFB, 0xEB, 0xBB, 0x3F, 0x1E,
    0xD8, 0x42, 0x22, 0xF2, 0x92, 0x7E, 0xDE, 0xB1, 0x5B, 0xE9, 0x7E, 0xD9, 0xC1, 0x3F, 0x02, 0xEB,
    0x0C, 0x89, 0x38, 0xB7, 0x80, 0x65, 0x7F, 0xD0, 0x2F, 0xCC, 0xAB, 0x76, 0x09, 0xC3, 0x98, 0xFF,
    0x05, 0xED, 0x5B, 0x3F, 0x8C, 0x1D, 0xC7, 0x79, 0xFF, 0x76, 0x87, 0xE4, 0x5A, 0x5C, 0x92, 0xCB,
    0xE2, 0x94, 0x08, 0x22, 0x79, 0xCF, 0x85, 0x02, 0x10, 0x01, 0x79, 0xDB, 0xA4, 0xB8, 0xE2, 0xDD,
    0xED, 0xCA, 0x44, 0xAA, 0x14, 0x61, 0x11, 0xBA, 0x70, 0x63, 0xB5, 0x76, 0x80, 0x50, 0x05, 0x0B,
    0x16, 0x47, 0xEE, 0x42, 0x2E, 0x5C, 0x18, 0x08, 0xAE, 0x4A, 0x13, 0x20, 0x50, 0x21, 0x17, 0xBA,
    0xC2, 0x64, 0x41, 0x24, 0x57, 0xBC, 0xBB, 0x1D, 0x51, 0xA5, 0x0B, 0xAE, 0x11, 0x20, 0x4D, 0x02,
    0x64, 0xE5, 0x18, 0x51, 0xA0, 0x86, 0x6B, 0x60, 0x03, 0xAC, 0xCD, 0x7D, 0x6F, 0xFC, 0xFD, 0x9B,
    0x7D, 0xEF, 0x1D, 0x69, 0x41, 0x86, 0x4D, 0x08, 0xA2, 0xB4, 0x24, 0x67, 0x1E, 0xDF, 0xDB, 0x9D,
    0xF9, 0xBE, 0xDF, 0xF7, 0xCD, 0xF7, 0x6F, 0x66, 0x01, 0x3E, 0x00, 0x33, 0x87, 0x78, 0x01, 0xF1,
    0x1C, 0xCC, 0x00, 0xB0, 0x0F, 0xAB, 0xD7, 0x79, 0x80, 0x6B, 0x00, 0x53, 0x80, 0x3D, 0x80, 0x43,
    0x80, 0x0E, 0xC2, 0x16, 0x4C, 0x0B, 0x51, 0x03, 0x49, 0x0D, 0x89, 0x85, 0xD4, 0x42, 0x66, 0xA1,
    0x28, 0xA1, 0x02, 0x70, 0x00, 0x73, 0xBE, 0x4B, 0xAE, 0xCB, 0xD4, 0x4C, 0xA9, 0xB9, 0x8B, 0xFF,
    0x0A, 0x67, 0x21, 0xEA, 0x9E, 0xB6, 0x90, 0x7E, 0xE7, 0xE3, 0x16, 0x66, 0xE6, 0x71, 0x19, 0x76,
    0x51, 0x0E, 0xA6, 0x49, 0x00, 0xC7, 0xB9, 0x80, 0x4D, 0x89, 0x13, 0xA5, 0x39, 0x3E, 0x90, 0xC1,
    0x1D, 0x6A, 0x5A, 0x6A, 0x1A, 0x6C, 0xDE, 0xB3, 0xD8, 0x7C, 0x5C, 0xBE, 0x01, 0xE9, 0xB3, 0xA0,
    0x85, 0xC4, 0xE1, 0x48, 0xA1, 0xC3, 0x99, 0x60, 0xB7, 0xC4, 0x66, 0x9B, 0x66, 0x78, 0xB8, 0x46,
    0xF4, 0x29, 0x6E, 0x23, 0x57, 0x53, 0x97, 0x7D, 0xA7, 0xC3, 0x36, 0x18, 0xA0, 0xA7, 0xEF, 0x5A,
    0xEE, 0x92, 0x06, 0x07, 0xC2, 0x9F, 0x6C, 0x40, 0x23, 0x14, 0x25, 0xDF, 0xEF, 0xB8, 0x0D, 0xA4,
    0x33, 0x73, 0xE9, 0x06, 0xEE, 0xE2, 0xF9, 0x01, 0xB5, 0xCE, 0x2D, 0xB8, 0xEB, 0xF8, 0x4B, 0x64,
    0x9D, 0xC7, 0x97, 0xA7, 0x33, 0x99, 0xFA, 0x58, 0x3A, 0x79, 0x0C, 0xB1, 0x82, 0x9B, 0x38, 0x08,
    0xDE, 0x88, 0x9F, 0x90, 0x51, 0xEC, 0x42, 0x7A, 0x1A, 0x51, 0x70, 0x2E, 0x0F, 0x6A, 0xA8, 0xDE,
    0x73, 0x5D, 0x6C, 0x61, 0x81, 0xF0, 0xE0, 0xBC, 0x57, 0x91, 0x39, 0x19, 0xFB, 0x20, 0x07, 0xFA,
    0x2F, 0x40, 0x0D, 0x3B, 0xA9, 0xFB, 0x31, 0xDF, 0x8F, 0x6C, 0x27, 0x5D, 0x84, 0x14, 0x64, 0x39,
    0x8D, 0x3F, 0x03, 0xD8, 0xE1, 0x71, 0x77, 0x20, 0x6C, 0xA8, 0x35, 0x35, 0xB7, 0x96, 0x40, 0xA7,
    0xF6, 0x90, 0x5A, 0xE4, 0xD3, 0x34, 0xFC, 0xB7, 0x85, 0x49, 0x09, 0x93, 0xC5, 0x77, 0x5D, 0x0E,
    0x55, 0x45, 0x83, 0xCD, 0xE2, 0xC5, 0x0D, 0x0B, 0x17, 0x85, 0xE0, 0x9B, 0xD4, 0x5C, 0x34, 0xCE,
    0x95, 0x89, 0xEB, 0xA1, 0xEA, 0xC1, 0x38, 0xBC, 0xBB, 0x25, 0xDC, 0x20, 0x61, 0x91, 0x53, 0x17,
    0xE1, 0xB0, 0x71, 0xCB, 0x9C, 0x98, 0x9E, 0x65, 0x8B, 0x00, 0x11, 0xF6, 0xE1, 0x10, 0x12, 0xD8,
    0xC1, 0x3C, 0x22, 0xC2, 0x61, 0xB1, 0x29, 0x88, 0xB2, 0x6C, 0xA0, 0x6A, 0xB9, 0x2B, 0x2C, 0xC3,
    0xEB, 0x1C, 0x52, 0x0B, 0xB7, 0xAA, 0x5B, 0xF9, 0x88, 0x57, 0x88, 0x5F, 0xE6, 0x8C, 0x2F, 0x83,
    0x1F, 0xF6, 0x82, 0xBD, 0x40, 0x61, 0xE4, 0xE9, 0x58, 0xBA, 0xA4, 0x11, 0xEC, 0x5B, 0x91, 0x15,
    0xDF, 0x99, 0x21, 0xD5, 0x2C, 0xF5, 0xD3, 0xCC, 0xC4, 0x6C, 0x38, 0x71, 0x11, 0x6F, 0x1B, 0xC3,
    0x73, 0x17, 0x3F, 0x7B, 0xE6, 0x57, 0x34, 0x00, 0x89, 0xEB, 0x7F, 0xB1, 0x31, 0xF9, 0xBB, 0x22,
    0x27, 0xD8, 0xA2, 0xE6, 0xBE, 0xD7, 0x07, 0x53, 0x20, 0x79, 0x09, 0x2A, 0x3A, 0x6C, 0x4E, 0x90,
    0x80, 0x29, 0x42, 0x01, 0xD3, 0x88, 0x84, 0x40, 0x0A, 0x32, 0xA0, 0xFC, 0xB0, 0x39, 0x26, 0xF5,
    0xDF, 0x45, 0x76, 0xA9, 0x29, 0xCA, 0x5D, 0xD2, 0x2F, 0x94, 0xD0, 0xA4, 0x99, 0x12, 0x76, 0xDB,
    0x04, 0xD9, 0xBB, 0x84, 0x14, 0x71, 0xB0, 0x20, 0x2C, 0x88, 0x67, 0x01, 0x80, 0xD5, 0x05, 0xC7,
    0x3C, 0x15, 0xE2, 0xF7, 0xBB, 0x31, 0x61, 0x46, 0xD4, 0x55, 0xB5, 0xD7, 0xE8, 0x4D, 0xB8, 0x5B,
    0xC0, 0xBC, 0x0A, 0xE7, 0x45, 0x30, 0x6C, 0xB0, 0xB0, 0xFE, 0x8E, 0xBF, 0xBF, 0xED, 0x88, 0x7E,
    0xB3, 0x38, 0x70, 0xA2, 0x90, 0xB8, 0x28, 0xE1, 0x08, 0x89, 0xEE, 0x81, 0x15, 0x9C, 0xD5, 0xE1,
    0x87, 0xFB, 0x09, 0x24, 0x79, 0xEC, 0x86, 0xC8, 0x26, 0xA8, 0xA6, 0x53, 0x63, 0xAF, 0xE3, 0x84,
    0xE7, 0x82, 0x66, 0x8A, 0x40, 0x9F, 0x82, 0x76, 0xCA, 0x08, 0xB7, 0xDB, 0xDC, 0x3D, 0x5C, 0xEF,
    0xF4, 0xB7, 0x69, 0x40, 0xE4, 0xB4, 0xD7, 0x91, 0xC1, 0xD7, 0x02, 0x5C, 0xB1, 0x59, 0x7E, 0xCD,
    0xD8, 0x18, 0xC7, 0xEC, 0xA3, 0x12, 0x67, 0x38, 0xC0, 0x19, 0x74, 0x3E, 0xB8, 0x87, 0xB3, 0x77,
    0xB4, 0xA4, 0x61, 0x82, 0xBC, 0x84, 0x8B, 0x03, 0x5A, 0x32, 0x30, 0xE1, 0xB5, 0x88, 0xCA, 0xB4,
    0x79, 0x0C, 0xED, 0x4E, 0xD0, 0xB2, 0x41, 0x79, 0xB3, 0x0B, 0x9B, 0x36, 0x2E, 0xDB, 0xE4, 0x46,
    0x93, 0xB8, 0xB9, 0x69, 0xDA, 0x71, 0x01, 0x17, 0xAE, 0x7E, 0xFD, 0x16, 0x7D, 0xF8, 0x2B, 0x38,
    0x07, 0xA4, 0xDE, 0x68, 0x54, 0x26, 0x65, 0x5C, 0x13, 0xC2, 0x05, 0xA1, 0x19, 0x21, 0x3D, 0x55,
    0x99, 0xD5, 0xB8, 0x32, 0x0D, 0xB2, 0x5E, 0x34, 0x29, 0x7E, 0x91, 0x35, 0x13, 0x9C, 0x39, 0xEE,
    0x69, 0xED, 0x06, 0x7C, 0x23, 0x12, 0x9A, 0x90, 0xCA, 0x5A, 0x62, 0x03, 0x29, 0x24, 0xDB, 0x74,
    0x87, 0x0C, 0x9A, 0xE8, 0xA5, 0xA3, 0x45, 0xE5, 0xB8, 0x3D, 0xC0, 0xEB, 0x01, 0x2F, 0xE8, 0xF8,
    0x8F, 0x6E, 0xF9, 0xFA, 0xA2, 0xF2, 0xF9, 0xE8, 0xB3, 0x9F, 0xE5, 0x24, 0x9F, 0xEA, 0x69, 0xCB,
    0xF2, 0x09, 0x7B, 0x92, 0x4F, 0x06, 0x03, 0xCA, 0x07, 0xBB, 0x1E, 0xC1, 0x87, 0x0C, 0xC9, 0x47,
    0x05, 0xCA, 0x90, 0xC0, 0x87, 0xD8, 0x39, 0xE0, 0x2E, 0x29, 0x51, 0x3E, 0x90, 0xE1, 0x9C, 0xFE,
    0x16, 0x7D, 0x2E, 0x41, 0x68, 0x8A, 0x1F, 0xD9, 0xF8, 0x6D, 0xD7, 0x26, 0x3F, 0x26, 0xF9, 0x90,
    0x4E, 0x7F, 0x11, 0xF9, 0xD0, 0x52, 0x1A, 0x32, 0xD7, 0x85, 0x73, 0x34, 0x44, 0xE5, 0xAE, 0x69,
    0x0E, 0xA1, 0x6D, 0xA1, 0x6B, 0xE1, 0xD1, 0x23, 0x9C, 0x23, 0x6C, 0x26, 0x0F, 0x2C, 0xD9, 0x9F,
    0x8B, 0xA3, 0x89, 0xBD, 0xCE, 0xED, 0xCE, 0x17, 0x6C, 0x0B, 0x42, 0x3A, 0x67, 0xBC, 0xF3, 0x1F,
    0x1E, 0x1C, 0x1F, 0x7C, 0xF8, 0x07, 0x3C, 0xEB, 0xDB, 0xE9, 0x8A, 0x8E, 0xAC, 0x8E, 0x76, 0x40,
    0xA3, 0xBD, 0x03, 0x3D, 0xC2, 0xD7, 0xC6, 0x88, 0xE3, 0x35, 0x54, 0x1D, 0xB6, 0x06, 0xDC, 0x22,
    0x3F, 0x25, 0xAD, 0x64, 0x94, 0x40, 0xB8, 0x20, 0x87, 0x85, 0xCB, 0x16, 0x97, 0x34, 0xDA, 0x30,
    0xC7, 0x96, 0x05, 0x15, 0x26, 0xA9, 0x43, 0x32, 0x75, 0xAC, 0x29, 0x13, 0xF2, 0x6F, 0x68, 0x02,
    0x12, 0xB6, 0xA5, 0x93, 0x9C, 0x5A, 0xD2, 0xA6, 0x3D, 0x5C, 0xE8, 0xDF, 0x86, 0xC1, 0x3C, 0x0B,
    0x1A, 0x78, 0xF2, 0xFD, 0x27, 0x4F, 0x6D, 0xF8, 0x13, 0x97, 0x38, 0x30, 0x37, 0x86, 0x78, 0x80,
    0x08, 0xDE, 0x0F, 0xF7, 0x21, 0x16, 0x2B, 0xC5, 0xED, 0x05, 0x18, 0x2D, 0x09, 0x99, 0x84, 0xD1,
    0x49, 0x14, 0x4B, 0x73, 0xA8, 0x4B, 0x5C, 0x3C, 0xD0, 0xF5, 0x91, 0xB7, 0xBF, 0x17, 0x8B, 0x76,
    0xDB, 0x71, 0x1F, 0xB9, 0xF9, 0x91, 0x08, 0xA7, 0xD9, 0x13, 0x13, 0x6A, 0x07, 0xF6, 0x6F, 0x4E,
    0x9C, 0x99, 0x73, 0x2C, 0xDC, 0xD4, 0xCD, 0xC3, 0x56, 0x64, 0x68, 0x1A, 0x06, 0xA8, 0x8F, 0x6A,
    0x56, 0xF3, 0x8E, 0xF5, 0xD2, 0xA1, 0x3A, 0x94, 0xD2, 0x13, 0x4B, 0xD8, 0x37, 0x29, 0x5B, 0x69,
    0x57, 0x67, 0xB2, 0x1C, 0xEC, 0x8E, 0x00, 0x6B, 0x67, 0x32, 0x1D, 0x4F, 0x83, 0xBA, 0x61, 0x7B,
    0xF1, 0xA7, 0x8F, 0x65, 0x85, 0xBA, 0x67, 0x6A, 0x92, 0x9D, 0x18, 0x63, 0xF6, 0x3C, 0xDC, 0xAB,
    0xFA, 0xFB, 0x65, 0x90, 0xE4, 0xB0, 0x02, 0x07, 0xE1, 0x0A, 0x4B, 0x30, 0xA2, 0xB9, 0x08, 0x73,
    0xE2, 0x28, 0xB6, 0xA0, 0xE9, 0x24, 0x74, 0xF8, 0x57, 0x07, 0x3C, 0x7C, 0x7B, 0x35, 0x90, 0x5E,
    0x87, 0xEF, 0x80, 0xA9, 0x47, 0x05, 0x16, 0xFC, 0x52, 0x37, 0xA8, 0x9B, 0xF7, 0x11, 0x4B, 0x06,
    0xAE, 0xC4, 0x3F, 0xEC, 0x37, 0xF7, 0x21, 0x2A, 0xD1, 0x6A, 0xD2, 0xD0, 0x6C, 0xA1, 0x49, 0xD0,
    0x05, 0xE9, 0xFC, 0x76, 0x62, 0xB3, 0x84, 0x2C, 0x3E, 0x59, 0x93, 0x33, 0xA8, 0xCD, 0xE9, 0xDF,
    0x96, 0x28, 0x52, 0x1B, 0xB4, 0xC6, 0x9A, 0x1A, 0xFF, 0xE1, 0x9F, 0xC8, 0xC6, 0x96, 0x16, 0xA3,
    0xB1, 0xBB, 0xE8, 0x3A, 0xD9, 0xD4, 0xAC, 0xC5, 0x17, 0xB8, 0x44, 0xE0, 0x75, 0xF2, 0x5F, 0xEF,
    0xC3, 0x5B, 0xAC, 0x16, 0x24, 0xE3, 0x94, 0xE9, 0x13, 0x05, 0x42, 0xC5, 0x9A, 0x73, 0x44, 0x41,
    0x82, 0xCD, 0x6A, 0x32, 0x4B, 0x69, 0x9B, 0x10, 0x15, 0x75, 0xD1, 0x20, 0xE7, 0x21, 0x52, 0x93,
    0xD6, 0xE4, 0x45, 0xE6, 0xA4, 0x87, 0x51, 0x13, 0x76, 0xAC, 0x6F, 0x78, 0xF7, 0xA3, 0x15, 0x15,
    0x57, 0x34, 0xF3, 0x25, 0x7A, 0x87, 0x3C, 0x1D, 0xA4, 0x1D, 0x9B, 0x33, 0x72, 0xD0, 0x0C, 0x3A,
    0xC9, 0x3B, 0x51, 0x01, 0xEC, 0x68, 0x4F, 0xDE, 0x33, 0x2E, 0x05, 0x3C, 0x14, 0x44, 0x5C, 0x8A,
    0x20, 0xB6, 0x74, 0xA8, 0x43, 0x59, 0x53, 0x82, 0xF1, 0x14, 0x3D, 0x7B, 0x00, 0x14, 0x53, 0x4C,
    0x48, 0x6B, 0x13, 0x67, 0xA7, 0x44, 0xC6, 0xD9, 0xEF, 0xE6, 0x6D, 0x30, 0x88, 0x84, 0xA3, 0x43,
    0x91, 0xE8, 0xE5, 0x4E, 0x1E, 0x7C, 0x97, 0x1F, 0x3C, 0x0C, 0x3F, 0xA2, 0x3E, 0x6C, 0x62, 0x8A,
    0x41, 0x50, 0xF0, 0x29, 0x87, 0x48, 0x13, 0x28, 0x1E, 0xFC, 0x9F, 0x90, 0x4A, 0xF3, 0xD2, 0x24,
    0xA4, 0x0B, 0x44, 0x56, 0xA2, 0xFA, 0x70, 0x65, 0x5C, 0xD2, 0xF0, 0x7B, 0xF8, 0xDD, 0x52, 0x7E,
    0x67, 0xEB, 0xFC, 0x46, 0x27, 0xF8, 0x9D, 0xC2, 0x18, 0x61, 0xAD, 0xF2, 0xCB, 0xBA, 0x97, 0xA8,
    0xAE, 0x2D, 0xF9, 0x65, 0x32, 0x99, 0x5F, 0x10, 0x7E, 0x83, 0x43, 0xE6, 0x77, 0x0F, 0xD7, 0x31,
    0xF3, 0xBB, 0xCB, 0xB2, 0x36, 0xF6, 0x7D, 0xD6, 0x36, 0x3F, 0xD0, 0x8E, 0x02, 0xD7, 0xC9, 0x7C,
    0x34, 0x8A, 0xCE, 0x47, 0x1E, 0x9B, 0x7E, 0xE3, 0x85, 0x8F, 0xFC, 0x6E, 0x1B, 0x21, 0xB5, 0xBE,
    0xCC, 0xA4, 0x46, 0x14, 0xA2, 0x24, 0xA4, 0xAD, 0x2D, 0x3F, 0xFA, 0x17, 0xB7, 0xF6, 0x3F, 0x87,
    0x5F, 0x22, 0x06, 0x98, 0x20, 0x19, 0x64, 0xA7, 0x10, 0x7E, 0xF7, 0x27, 0xBA, 0x78, 0xB6, 0xD4,
    0x02, 0xDE, 0x91, 0xF9, 0x91, 0x59, 0xE6, 0xB7, 0xE8, 0x84, 0x4C, 0xF4, 0x2B, 0x82, 0x69, 0xAF,
    0x61, 0x78, 0x27, 0xFC, 0x06, 0x4D, 0x6C, 0x31, 0x38, 0xBA, 0x12, 0x95, 0x13, 0x0A, 0xCB, 0xB3,
    0x39, 0x52, 0x8A, 0xB0, 0x9E, 0xDD, 0x0F, 0x5A, 0x09, 0xB6, 0x8C, 0x3D, 0xDB, 0xC9, 0x4A, 0xDD,
    0x6E, 0x05, 0xA8, 0x4F, 0xB8, 0xEF, 0xCC, 0x0D, 0x1A, 0xDF, 0x34, 0xE7, 0x79, 0x6D, 0xC7, 0x65,
    0xC6, 0x81, 0xF7, 0x16, 0x54, 0x2C, 0xDF, 0x99, 0x88, 0x81, 0x45, 0x03, 0x42, 0xEA, 0x96, 0xCA,
    0x77, 0x7B, 0xCD, 0x58, 0xFB, 0x8B, 0x7E, 0xAD, 0x90, 0x52, 0x32, 0x6B, 0x8E, 0x17, 0xF3, 0xFA,
    0xB5, 0xA1, 0x79, 0xC3, 0x79, 0x35, 0x9F, 0xA9, 0x44, 0x48, 0x68, 0x5E, 0xA1, 0xEA, 0x38, 0x26,
    0x4D, 0x7A, 0x89, 0xBC, 0x33, 0x1D, 0x7F, 0x9B, 0xA3, 0x04, 0xF9, 0x47, 0x8E, 0x3D, 0xF9, 0x67,
    0x8B, 0x86, 0x89, 0x32, 0x04, 0x9C, 0xE2, 0x0D, 0x3F, 0xEE, 0x4D, 0xE9, 0x22, 0x89, 0x2C, 0x21,
    0x1C, 0x7C, 0x08, 0xE0, 0x2D, 0x53, 0xB9, 0x6E, 0xC1, 0x70, 0x65, 0xAF, 0x5D, 0xE6, 0x84, 0x25,
    0x73, 0x3A, 0x8E, 0xF6, 0xD1, 0x42, 0xB3, 0xA5, 0x23, 0xE9, 0xB7, 0x75, 0xFC, 0x56, 0xF3, 0x00,
    0xAB, 0xA6, 0xEA, 0x6D, 0x99, 0xFF, 0x42, 0x28, 0xA1, 0xED, 0x54, 0x63, 0xDB, 0x87, 0xD2, 0x07,
    0x75, 0xC4, 0xBD, 0x29, 0xE3, 0x46, 0x26, 0x4B, 0x6A, 0x8D, 0x6F, 0x99, 0xAC, 0xA3, 0x5B, 0xB7,
    0xAD, 0xA0, 0x4D, 0xAE, 0x9B, 0x68, 0x4D, 0x55, 0x47, 0xB3, 0x5C, 0xAC, 0x6A, 0xA6, 0xC1, 0x64,
    0xA1, 0x71, 0x33, 0xB1, 0x47, 0x63, 0x38, 0xF1, 0x37, 0x44, 0x2E, 0x65, 0x2F, 0xB7, 0x11, 0x9B,
    0x02, 0xBD, 0x84, 0x43, 0xE5, 0xBC, 0xB8, 0xE2, 0x26, 0xF1, 0x3A, 0xED, 0x3F, 0xA4, 0x3E, 0xF6,
    0xCC, 0xBC, 0xED, 0x53, 0x1E, 0x41, 0x89, 0x5F, 0x01, 0xEB, 0xEC, 0x73, 0x72, 0xF6, 0x78, 0x8D,
    0x80, 0x79, 0xC4, 0x46, 0xC8, 0x46, 0xCC, 0x46, 0xD0, 0x46, 0xD4, 0x3C, 0x6C, 0x23, 0x6E, 0x23,
    0x70, 0x23, 0x72, 0x23, 0x74, 0x1E, 0xBB, 0x11, 0xBC, 0x11, 0xBD, 0x11, 0xBE, 0x11, 0x3F, 0x0F,
    0xE0, 0x88, 0xE0, 0x08, 0xE1, 0x88, 0xE1, 0x08, 0xA2, 0x47, 0x71, 0x84, 0x71, 0xC4, 0xD1, 0x03,
    0x39, 0x22, 0x39, 0x42, 0x79, 0x12, 0xCB, 0xF1, 0x53, 0xE0, 0x19, 0x4B, 0xDC, 0x18, 0xBC, 0x08,
    0xAA, 0xA6, 0x8F, 0x94, 0xD8, 0xF2, 0x44, 0x0E, 0xFB, 0x0D, 0x86, 0x27, 0xAF, 0x6D, 0xEF, 0x7C,
    0x95, 0x6A, 0x4F, 0x91, 0x71, 0x0A, 0x47, 0x0C, 0xDF, 0xE8, 0xE1, 0x8B, 0x30, 0xCC, 0xD5, 0xFC,
    0x19, 0x35, 0xF6, 0x10, 0x77, 0xBE, 0xAE, 0xD1, 0x1A, 0xCD, 0xB5, 0xEB, 0xB0, 0xF9, 0x06, 0xBA,
    0xCF, 0x51, 0xBF, 0xD0, 0xB3, 0x9A, 0xC4, 0x6A, 0x0F, 0x37, 0x23, 0xFD, 0x70, 0x7D, 0x0C, 0xD0,
    0x7C, 0x7C, 0x1B, 0x75, 0xDF, 0xE8, 0xE1, 0x8B, 0xC1, 0xFC, 0x1E, 0xF8, 0x7A, 0x8F, 0x5F, 0xB4,
    0x7F, 0xEE, 0xFE, 0xFF, 0x56, 0xE5, 0xA1, 0xB0, 0xB0, 0xA9, 0x4B, 0x19, 0x03, 0xE7, 0x0B, 0x8A,
    0x33, 0x12, 0x72, 0x4E, 0x99, 0xAC, 0x7C, 0xE2, 0x09, 0xED, 0x62, 0x84, 0xD6, 0x83, 0x82, 0x4F,
    0xBD, 0x3D, 0x7E, 0xDC, 0x52, 0xC5, 0xA6, 0xA0, 0xCC, 0x74, 0x98, 0xB5, 0xC9, 0x53, 0x88, 0xC9,
    0x43, 0x55, 0xF8, 0xB8, 0x0D, 0x14, 0x97, 0xCF, 0x1E, 0xFC, 0xF6, 0x81, 0xF5, 0xC8, 0x78, 0x6C,
    0x0E, 0x31, 0xCA, 0x88, 0x3D, 0x3A, 0x59, 0x6E, 0x18, 0x16, 0x0C, 0x70, 0x32, 0x30, 0x3E, 0xB7,
    0x29, 0x96, 0xE9, 0x8C, 0x96, 0xFD, 0x28, 0x1F, 0x9B, 0xC3, 0x58, 0xFB, 0x43, 0x6A, 0xCE, 0x49,
    0x3A, 0x44, 0x01, 0x07, 0x45, 0x27, 0x88, 0x2E, 0x11, 0x76, 0x07, 0x38, 0xA7, 0xC0, 0x70, 0x84,
    0x6E, 0xA3, 0x3C, 0xEA, 0xF6, 0xE2, 0xE0, 0x41, 0x43, 0xD0, 0xCD, 0x63, 0xA5, 0x01, 0x61, 0x0B,
    0x96, 0x0E, 0xF9, 0xCD, 0x45, 0xCE, 0xB9, 0xCE, 0x83, 0x05, 0xD5, 0x46, 0x1B, 0x40, 0x23, 0x48,
    0x2A, 0x89, 0x5E, 0x3A, 0x91, 0x6C, 0x9E, 0x8A, 0x53, 0x48, 0x13, 0xD5, 0x94, 0x12, 0xD1, 0xD6,
    0x0B, 0x52, 0xBD, 0x3C, 0x45, 0x85, 0x3B, 0xA6, 0xB8, 0x5D, 0x75, 0xEC, 0x99, 0xB0, 0xA9, 0xB5,
    0xCF, 0x2A, 0x5F, 0x0D, 0x87, 0xDC, 0xE7, 0x74, 0x7A, 0x0B, 0x6B, 0x47, 0xCE, 0xA3, 0x20, 0x34,
    0x5C, 0x64, 0xC9, 0xB9, 0x46, 0x37, 0x91, 0xE8, 0xEA, 0x1E, 0x8F, 0xCD, 0x71, 0x56, 0xEC, 0x16,
    0xAC, 0xA4, 0xB7, 0xF7, 0x2F, 0xAE, 0x64, 0xF0, 0xDD, 0x88, 0x92, 0x14, 0x13, 0xF9, 0x7F, 0xF3,
    0xB5, 0xA9, 0x24, 0xF2, 0x78, 0x37, 0x95, 0x14, 0x5E, 0xB2, 0xE3, 0x42, 0x9E, 0xBB, 0x34, 0x26,
    0x64, 0xFB, 0xAB, 0x2B, 0x4E, 0xCD, 0x9A, 0x27, 0x72, 0x92, 0xAF, 0xC5, 0x29, 0xFB, 0xEB, 0x15,
    0xE2, 0x3F, 0x53, 0x79, 0x53, 0x46, 0x5D, 0x72, 0xAD, 0xAF, 0x92, 0x1C, 0x7C, 0x21, 0xB2, 0x9A,
    0x73, 0x47, 0xBE, 0xFB, 0xD4, 0x18, 0x31, 0x3E, 0x57, 0x93, 0x0C, 0xA4, 0x26, 0x49, 0xBA, 0x8A,
    0x20, 0x10, 0x6F, 0xE9, 0x67, 0x5C, 0xBB, 0xCB, 0x7E, 0xCB, 0xA5, 0xDC, 0x4C, 0x02, 0xF5, 0x42,
    0xBA, 0x63, 0x09, 0x2C, 0xE7, 0xAB, 0x51, 0x81, 0x1F, 0xB9, 0x1F, 0x47, 0x0E, 0xA4, 0xDA, 0x89,
    0x36, 0x83, 0x44, 0x86, 0x5E, 0x2D, 0x6D, 0x28, 0x12, 0x0E, 0x70, 0x40, 0x44, 0x88, 0x69, 0xEE,
    0x39, 0x52, 0x3E, 0xAD, 0x56, 0xE5, 0x35, 0x78, 0x81, 0x48, 0xE7, 0xAB, 0x00, 0xAB, 0xAD, 0x7A,
    0x0D, 0x5E, 0x55, 0x08, 0x2E, 0xAE, 0x0E, 0x94, 0x2C, 0xB4, 0xBE, 0xC7, 0xA9, 0x5C, 0x1F, 0x6B,
    0x4A, 0xD8, 0xBE, 0x9A, 0xBC, 0x8B, 0x7B, 0x37, 0x2D, 0x13, 0x27, 0xA5, 0x51, 0xEA, 0x3A, 0xD6,
    0x7C, 0x53, 0xBF, 0x8A, 0x4C, 0x07, 0xD4, 0x4C, 0x6A, 0x6F, 0xD4, 0x64, 0xB8, 0x7B, 0xA3, 0x7F,
    0x0D, 0xCB, 0x91, 0xE5, 0x0D, 0x62, 0x78, 0xA1, 0x55, 0x22, 0xB6, 0x2F, 0x7C, 0x33, 0xF3, 0xC4,
    0x1C, 0xB1, 0x97, 0x64, 0x0F, 0x49, 0x46, 0x4C, 0xFC, 0x20, 0xFB, 0x40, 0xB6, 0x70, 0xD9, 0x68,
    0x4D, 0xE6, 0xBE, 0x4E, 0xCF, 0x2C, 0x30, 0xE5, 0xBF, 0xFF, 0x79, 0xAB, 0xF5, 0xBD, 0x33, 0x54,
    0x21, 0xAB, 0x08, 0xEE, 0x8B, 0xDE, 0x71, 0x6D, 0x2C, 0x0D, 0x54, 0xB0, 0x58, 0xC2, 0x2B, 0xAE,
    0x46, 0xBC, 0xDF, 0xD5, 0xD5, 0x45, 0xBA, 0x01, 0xCA, 0x81, 0x16, 0xBA, 0xC4, 0x46, 0x0A, 0xC7,
    0xF2, 0xA8, 0x08, 0x46, 0xBC, 0xBD, 0x26, 0x8E, 0x3C, 0x98, 0xB8, 0x74, 0xF1, 0xE7, 0xE2, 0xCC,
    0xB3, 0x15, 0xE3, 0x38, 0x5F, 0xEE, 0x53, 0x69, 0x89, 0xA7, 0xFF, 0x02, 0x83, 0xD9, 0xB1, 0x72,
    0xC9, 0xAC, 0x09, 0x6F, 0x4B, 0xE6, 0x20, 0x5F, 0x3E, 0x9D, 0xF5, 0xEC, 0xD2, 0x17, 0xAC, 0x2C,
    0x69, 0x4E, 0x6E, 0x32, 0xB4, 0x5F, 0x4D, 0xBE, 0x02, 0x56, 0xB8, 0xC4, 0x52, 0xC8, 0x93, 0x5A,
    0xDA, 0x01, 0xCA, 0x2C, 0x69, 0x5F, 0x02, 0x71, 0xF9, 0xD5, 0xE4, 0x68, 0x03, 0x5E, 0xCF, 0x35,
    0x89, 0x92, 0x52, 0x33, 0x5C, 0x72, 0xFB, 0x97, 0x06, 0xEF, 0x7D, 0x0B, 0xFE, 0xF1, 0x08, 0x34,
    0x62, 0x1C, 0x74, 0x36, 0x9A, 0x9E, 0xF9, 0xE1, 0x3C, 0x62, 0xEE, 0x89, 0x58, 0x78, 0x3A, 0x9C,
    0x27, 0xA5, 0xF2, 0xD4, 0xAC, 0x7E, 0x48, 0x79, 0x97, 0xCF, 0x89, 0x05, 0x92, 0x9B, 0x33, 0xEF,
    0xED, 0x8F, 0xFD, 0x72, 0x98, 0x7B, 0x2F, 0x3E, 0xE8, 0x07, 0x09, 0x21, 0x5A, 0x85, 0x90, 0xB0,
    0x37, 0xAD, 0xFA, 0xBA, 0xD8, 0xCF, 0x49, 0x9B, 0x82, 0xFC, 0x10, 0x7D, 0x60, 0x8B, 0x40, 0xFB,
    0x83, 0x5C, 0xC8, 0xAB, 0xE6, 0x70, 0xA9, 0xF7, 0x91, 0x5D, 0x2E, 0x56, 0xF0, 0xD6, 0x6A, 0x64,
    0xBE, 0x8C, 0x4E, 0xBD, 0x7B, 0xF0, 0x11, 0x20, 0x25, 0x96, 0xEA, 0x5D, 0x62, 0xB7, 0x58, 0xEE,
    0x87, 0x9F, 0xB8, 0x3E, 0xBC, 0xA9, 0x9A, 0x1F, 0x50, 0x41, 0x3A, 0x72, 0x94, 0x9E, 0x1A, 0xBA,
    0xFD, 0xF6, 0xDC, 0x73, 0x27, 0x42, 0x22, 0x9C, 0xD9, 0x1C, 0x07, 0x34, 0x01, 0x07, 0x25, 0xE6,
    0xE7, 0x8D, 0xFA, 0x66, 0x73, 0x43, 0x6B, 0xA4, 0x10, 0x85, 0xBD, 0x9A, 0xB1, 0x98, 0x40, 0xD8,
    0x94, 0x9D, 0x84, 0x23, 0xDD, 0x1E, 0xB8, 0x4C, 0x98, 0x71, 0x08, 0x75, 0x0D, 0x70, 0x51, 0x6D,
    0x4B, 0x62, 0x8C, 0x10, 0x3F, 0x94, 0xB2, 0x20, 0x0A, 0xAC, 0x95, 0x0D, 0x71, 0x9C, 0xB4, 0xD1,
    0xFA, 0x79, 0x17, 0x30, 0x47, 0x0D, 0x0A, 0x90, 0xA7, 0xA5, 0x75, 0x38, 0x98, 0x52, 0x43, 0xA3,
    0x2A, 0x92, 0x34, 0x01, 0x41, 0x4A, 0x7C, 0x3D, 0x32, 0xFD, 0x47, 0x6F, 0x4C, 0x93, 0x61, 0xFD,
    0x13, 0x45, 0x63, 0xD1, 0xE0, 0x75, 0x94, 0xB7, 0xC9, 0x43, 0xDA, 0x3C, 0x0A, 0x08, 0x2B, 0xA9,
    0x0E, 0x12, 0x7B, 0x1B, 0x6A, 0xE8, 0xF8, 0x7A, 0x63, 0x2D, 0xAC, 0xD3, 0xF8, 0x44, 0x93, 0x11,
    0x0D, 0x50, 0xF8, 0x8C, 0x00, 0x80, 0x8F, 0xF4, 0x75, 0x1B, 0xE4, 0x37, 0x4C, 0xCF, 0xE2, 0x01,
    0xEB, 0x14, 0x47, 0x93, 0x24, 0xE6, 0x63, 0x11, 0x72, 0x26, 0xE1, 0x27, 0xEA, 0x3B, 0xEB, 0x80,
    0xE5, 0xF5, 0x96, 0x34, 0x4C, 0x5C, 0xD2, 0x26, 0xE2, 0x0D, 0xA9, 0x62, 0x8C, 0x5D, 0x2A, 0xBE,
    0x82, 0x23, 0xA4, 0xA4, 0x2D, 0xA4, 0x63, 0x05, 0x99, 0x34, 0x1C, 0xFB, 0xA6, 0xB5, 0x93, 0x10,
    0x4A, 0x53, 0x1A, 0x27, 0x51, 0xB1, 0x13, 0xBA, 0x2B, 0x59, 0xCE, 0x85, 0xF0, 0x4E, 0x4B, 0x14,
    0x09, 0xA0, 0xF5, 0x8A, 0x03, 0x92, 0x7A, 0x3B, 0x8E, 0x7D, 0x55, 0x5D, 0x53, 0xD9, 0x7C, 0x61,
    0x8D, 0x09, 0x0F, 0xF2, 0xF5, 0x40, 0x55, 0x23, 0x54, 0x8D, 0xC5, 0x65, 0xAD, 0xEA, 0xE6, 0x10,
    0x3C, 0x92, 0xCE, 0xBE, 0xB2, 0x10, 0x68, 0x65, 0x31, 0x97, 0xBD, 0x7B, 0x96, 0x7F, 0x22, 0x7B,
    0x49, 0x45, 0xC9, 0xAE, 0xF5, 0x57, 0x3E, 0xFF, 0x7B, 0xF5, 0x78, 0x0F, 0x56, 0x6A, 0x54, 0x31,
    0x2F, 0x13, 0xDE, 0x46, 0x62, 0xCB, 0xCC, 0xEB, 0xB4, 0x86, 0x57, 0x54, 0xEE, 0x1B, 0xE2, 0x73,
    0x8E, 0xBD, 0xB5, 0x77, 0x52, 0x4C, 0x76, 0x92, 0x65, 0x4F, 0x5F, 0x4D, 0xA6, 0x4F, 0x93, 0xB9,
    0x9E, 0xD0, 0xA3, 0x05, 0x06, 0xAA, 0xC1, 0x1C, 0x33, 0x54, 0x8C, 0xC8, 0x83, 0x39, 0x85, 0x0D,
    0x05, 0x51, 0x30, 0x21, 0xEA, 0x63, 0x72, 0x4D, 0xFC, 0x89, 0xBE, 0xE3, 0x5F, 0xF9, 0x3E, 0x7E,
    0x82, 0x9E, 0xCD, 0xE9, 0x00, 0x49, 0x89, 0xA6, 0x34, 0x52, 0x7C, 0xCE, 0x0B, 0x3E, 0x3B, 0x82,
    0x4F, 0xCF, 0x34, 0x54, 0xAD, 0xE0, 0x23, 0x45, 0x80, 0x4C, 0xF0, 0x71, 0x8C, 0x8F, 0x71, 0x8C,
    0x4F, 0xF2, 0x84, 0xF1, 0xC9, 0x04, 0x9F, 0x19, 0xE3, 0x13, 0xB6, 0x8C, 0x4F, 0x5C, 0x33, 0x3E,
    0x69, 0xCE, 0xF8, 0xDC, 0x63, 0x7C, 0x82, 0x8E, 0xF1, 0x89, 0x1A, 0xC6, 0x67, 0x52, 0x32, 0x3E,
    0xBB, 0x82, 0x0F, 0x6F, 0xA5, 0x56, 0xE8, 0x83, 0x09, 0x1F, 0xC4, 0x82, 0xF0, 0x29, 0x04, 0x9F,
    0x41, 0xF0, 0x69, 0x19, 0x9F, 0x44, 0xF0, 0xC9, 0x04, 0x9F, 0x99, 0xE0, 0xF3, 0xCE, 0x8A, 0x52,
    0xAC, 0x6F, 0x2A, 0x54, 0xBE, 0x86, 0xE6, 0x7D, 0x6F, 0x73, 0xC2, 0x2B, 0x5F, 0x5D, 0x5D, 0x1D,
    0x72, 0xF3, 0x45, 0xAE, 0xFC, 0xD2, 0x2A, 0xA2, 0x13, 0x46, 0x91, 0x13, 0xFD, 0xA0, 0x20, 0x85,
    0x24, 0x46, 0xA7, 0x1C, 0x0A, 0xDD, 0x9C, 0x3A, 0xD6, 0x3D, 0xBB, 0xB9, 0xBA, 0xBC, 0x41, 0x7A,
    0x89, 0x2D, 0xA4, 0x24, 0x43, 0x2E, 0x8E, 0x23, 0x8B, 0x44, 0xFD, 0xF5, 0x75, 0x3D, 0x6C, 0x34,
    0x55, 0x57, 0x35, 0x55, 0xE2, 0xEE, 0x68, 0x70, 0xD5, 0x6A, 0xAC, 0xD6, 0x88, 0x27, 0x0C, 0x6A,
    0xDD, 0x76, 0xB1, 0x12, 0xF5, 0x50, 0xC5, 0xAF, 0x52, 0xCF, 0x59, 0xE9, 0x7E, 0x67, 0xA1, 0x55,
    0x6C, 0x2A, 0x6C, 0x70, 0x94, 0xD2, 0xC8, 0x3E, 0x64, 0xBC, 0x08, 0x24, 0x21, 0x70, 0x7A, 0xFC,
    0xEB, 0xEC, 0x87, 0x23, 0xAB, 0x81, 0x0F, 0x41, 0xB4, 0xD0, 0xA7, 0x9E, 0x63, 0xDC, 0x96, 0xB9,
    0xB7, 0x8E, 0x53, 0x58, 0x7E, 0x4D, 0x71, 0xF2, 0x19, 0x48, 0xB1, 0xAC, 0x25, 0xCA, 0xE9, 0x02,
    0x01, 0xA6, 0x92, 0x8A, 0x29, 0xAA, 0xD5, 0xF5, 0xAF, 0x25, 0x3E, 0x17, 0x75, 0xC5, 0x0D, 0x7A,
    0xE2, 0x4E, 0xED, 0x6F, 0x38, 0xE8, 0x0A, 0xEC, 0x96, 0xE7, 0x36, 0xBF, 0x5E, 0x7A, 0xF3, 0x0E,
    0x2C, 0x53, 0xF1, 0xF1, 0xB8, 0x67, 0xEB, 0xF7, 0xE4, 0x96, 0x07, 0x8F, 0xE0, 0x5D, 0x38, 0xB1,
    0x26, 0x6F, 0x26, 0x68, 0xD3, 0x10, 0x1D, 0x8A, 0x64, 0x62, 0x01, 0x87, 0x18, 0x65, 0x9B, 0x2A,
    0x87, 0xBD, 0x24, 0x23, 0x99, 0xCA, 0xAA, 0xE5, 0x3A, 0x41, 0xCB, 0xC7, 0x24, 0xA3, 0x8E, 0x8F,
    0x49, 0x9A, 0x7E, 0x53, 0x26, 0xDD, 0x96, 0xE2, 0xA7, 0x6C, 0xD5, 0xAB, 0xE2, 0xBA, 0x35, 0xFB,
    0x38, 0xAC, 0x56, 0x4F, 0xD6, 0x0B, 0x32, 0x5A, 0xE6, 0xF7, 0x45, 0x7E, 0xBB, 0x6A, 0x46, 0xB5,
    0x22, 0x58, 0x59, 0x39, 0x28, 0xD3, 0xC0, 0x98, 0x08, 0x2E, 0x73, 0x76, 0x49, 0x5C, 0x35, 0x73,
    0xF5, 0xA7, 0x69, 0xB4, 0x12, 0x7B, 0xA2, 0x4E, 0xA3, 0xB7, 0x74, 0x45, 0xCD, 0x13, 0x4A, 0xA5,
    0xC9, 0x06, 0x73, 0x18, 0xBD, 0x32, 0xFA, 0x48, 0xCA, 0x1D, 0xC9, 0x55, 0x97, 0x2C, 0x37, 0xEA,
    0x8E, 0xA5, 0x9B, 0x4B, 0x5E, 0x29, 0x67, 0x71, 0x90, 0x15, 0xC2, 0xDC, 0x88, 0x07, 0x33, 0xE2,
    0xC1, 0x90, 0x15, 0x22, 0x35, 0x6E, 0x38, 0x75, 0x4A, 0x1E, 0x2F, 0xCA, 0x25, 0x2B, 0x7A, 0xDA,
    0x56, 0x4E, 0x4D, 0x9D, 0x79, 0x31, 0x2B, 0xEC, 0x78, 0x3F, 0x50, 0x19, 0xF9, 0x34, 0x2E, 0xA9,
    0x27, 0x82, 0xD0, 0x7D, 0x45, 0x0C, 0x15, 0x57, 0x73, 0xE7, 0x5A, 0xDD, 0x0C, 0x0A, 0x5A, 0xEA,
    0x2F, 0x99, 0xDF, 0xA0, 0xB9, 0xE7, 0xEB, 0xD4, 0x03, 0x48, 0x16, 0x85, 0x0F, 0x49, 0x0D, 0x15,
    0x1F, 0xBD, 0xEE, 0x0F, 0x3D, 0x29, 0xF2, 0x56, 0x0B, 0xCC, 0x89, 0x4D, 0x7C, 0xDD, 0x59, 0xC3,
    0xD8, 0xD4, 0x87, 0xF6, 0x99, 0x3F, 0x1F, 0x7C, 0xDF, 0x7F, 0x98, 0x69, 0xBE, 0x8F, 0x33, 0x28,
    0x87, 0xBD, 0x1E, 0x6E, 0xA5, 0xA9, 0x5A, 0x4D, 0x8D, 0x84, 0x50, 0xF2, 0xB6, 0xAD, 0x9A, 0x2F,
    0x39, 0xB0, 0x63, 0x6A, 0xFD, 0x26, 0xB2, 0x87, 0x46, 0x8F, 0x1E, 0xBA, 0x07, 0xB9, 0x50, 0x51,
    0xF5, 0xAA, 0xBE, 0x6F, 0x96, 0xAB, 0x65, 0x70, 0xC9, 0xDD, 0x56, 0x0F, 0x2B, 0x8F, 0x99, 0xC7,
    0xCA, 0x51, 0x8D, 0x3D, 0xFF, 0x41, 0xB3, 0x91, 0xEB, 0xDE, 0xB3, 0x64, 0x37, 0xAC, 0xDF, 0x80,
    0xF5, 0xBE, 0xBA, 0x5F, 0x6E, 0x8F, 0xE5, 0x5E, 0xF7, 0x58, 0x0F, 0x85, 0xEC, 0x7E, 0x1C, 0x98,
    0xE1, 0x88, 0x5E, 0xB0, 0x9F, 0x7B, 0x7F, 0x46, 0xA6, 0x9A, 0x22, 0x94, 0xFF, 0x44, 0xA5, 0xDE,
    0x21, 0x9E, 0x5A, 0x3A, 0xAC, 0x6C, 0x51, 0x36, 0x89, 0x54, 0x17, 0x11, 0xA6, 0x0E, 0x57, 0x76,
    0xD8, 0x06, 0x18, 0x91, 0x58, 0x73, 0x84, 0x7C, 0x25, 0x7B, 0xC8, 0xD3, 0xB4, 0xFF, 0x56, 0x16,
    0xFC, 0xBA, 0xBB, 0x96, 0xFD, 0xE4, 0xE3, 0x5F, 0xB7, 0xC5, 0xC2, 0x38, 0x9B, 0x75, 0xC6, 0xC1,
    0xD9, 0x5C, 0xCF, 0x6E, 0x84, 0x2B, 0xEB, 0x21, 0xB1, 0x4B, 0xAE, 0xF7, 0x96, 0xDB, 0x0F, 0xB2,
    0x01, 0x64, 0xCA, 0x17, 0x6F, 0x35, 0x13, 0x6D, 0x42, 0x9C, 0x50, 0x27, 0xE4, 0x31, 0x7D, 0x42,
    0xA0, 0x50, 0x28, 0x24, 0x32, 0x8D, 0x42, 0xA4, 0x50, 0x29, 0x64, 0x0A, 0x9D, 0xC0, 0x84, 0x02,
    0x53, 0x0A, 0x4C, 0x2A, 0x30, 0xAD, 0x4B, 0x62, 0x25, 0xBC, 0x99, 0xF9, 0x25, 0x17, 0xB1, 0xFE,
    0xFF, 0x03, 0xCD, 0x49, 0x55, 0xD6, 0x47, 0xA4, 0x57, 0x75, 0x34, 0xA6, 0x11, 0x2F, 0x19, 0x39,
    0xEE, 0xFE, 0xF2, 0x9F, 0x6A, 0xAE, 0x85, 0x94, 0xBE, 0x88, 0x17, 0xFD, 0xF5, 0x07, 0xCB, 0x34,
    0xE6, 0xCB, 0xC2, 0xE9, 0x11, 0xD9, 0xCF, 0x70, 0xA0, 0xF5, 0x61, 0x86, 0x84, 0xAB, 0x42, 0xAC,
    0x70, 0x37, 0x83, 0xFC, 0x85, 0x67, 0xC9, 0xBE, 0x2C, 0x49, 0xCA, 0xAE, 0x6E, 0xCC, 0x26, 0xE3,
    0x3C, 0x2B, 0xD8, 0x65, 0x16, 0xDF, 0x15, 0xDE, 0xD4, 0x4C, 0xFA, 0xE7, 0x43, 0xB5, 0x2F, 0x89,
    0xDA, 0xD7, 0x97, 0x07, 0x39, 0xAB, 0xC7, 0x1D, 0xD9, 0x7F, 0xF2, 0xEB, 0x3B, 0x7B, 0xAC, 0x4F,
    0x1D, 0x9D, 0x2F, 0x7B, 0x4C, 0xA7, 0x45, 0x13, 0xF3, 0x4B, 0xA4, 0x79, 0x1A, 0xD3, 0x2E, 0x64,
    0x47, 0x93, 0x63, 0xF6, 0x60, 0x69, 0xC6, 0x09, 0x9F, 0x79, 0x24, 0xF3, 0x3E, 0xC9, 0x8B, 0x32,
    0xC4, 0x19, 0x9D, 0xBD, 0x80, 0x33, 0xFE, 0xB7, 0x9D, 0xE2, 0x8C, 0x94, 0xDD, 0xD3, 0x8C, 0x96,
    0x66, 0xFC, 0xC1, 0x18, 0xA7, 0x45, 0xA4, 0x55, 0xBB, 0x34, 0x40, 0x4F, 0xAF, 0x80, 0xB4, 0xBE,
    0xFE, 0xCD, 0x0E, 0x37, 0x1D, 0x97, 0xEA, 0xF2, 0x68, 0xFC, 0x58, 0x77, 0xF7, 0x8D, 0x2F, 0x65,
    0xB1, 0x03, 0xE0, 0xE3, 0xFB, 0xFC, 0xEC, 0xE6, 0x68, 0x71, 0xC6, 0xC7, 0xC6, 0x3D, 0x6A, 0xF1,
    0x24, 0x57, 0x69, 0x56, 0xAE, 0x73, 0xF1, 0x53, 0xBC, 0x35, 0xC4, 0xD6, 0x2B, 0xB6, 0x62, 0xBB,
    0x18, 0xEB, 0x5E, 0x87, 0x49, 0x4E, 0x98, 0xAD, 0x40, 0xDE, 0x66, 0x88, 0xEA, 0x1E, 0xC9, 0xEC,
    0x61, 0x16, 0x74, 0x41, 0x67, 0x1A, 0xD3, 0xA4, 0x79, 0xFC, 0x1F, 0x68, 0xBE, 0x7F, 0x23, 0xC5,
    0x8D, 0x4C, 0x19, 0xB8, 0xCF, 0x3C, 0x9C, 0xC2, 0xF0, 0x04, 0x65, 0x80, 0xF6, 0x34, 0x43, 0x98,
    0x13, 0x34, 0x9E, 0xE1, 0x07, 0x4B, 0x9B, 0x29, 0x7C, 0x5B, 0x5F, 0x16, 0xD9, 0x01, 0x3D, 0xF4,
    0xC8, 0x5E, 0x27, 0x5C, 0x2B, 0x05, 0xC9, 0xDA, 0xE3, 0x50, 0xAC, 0xA6, 0x43, 0x70, 0x44, 0x25,
    0x52, 0x00, 0x44, 0x02, 0x10, 0x0D, 0x40, 0x44, 0x30, 0x15, 0x32, 0x58, 0x36, 0x22, 0x79, 0x1F,
    0x94, 0x14, 0xA6, 0x85, 0x89, 0x61, 0x6A, 0x98, 0x1C, 0x4F, 0x0F, 0x97, 0xE9, 0xF6, 0xF8, 0xE8,
    0x3C, 0x17, 0x30, 0x93, 0x7F, 0x01, 0xD8, 0x42, 0x04, 0xEE, 0xC6, 0x48, 0x8D, 0xC1, 0xA0, 0x30,
    0xF8, 0xD3, 0x02, 0x70, 0x27, 0x20, 0x29, 0x46, 0x94, 0x27, 0x62, 0xC0, 0x15, 0xF6, 0xB4, 0xA8,
    0x5F, 0xB4, 0x8E, 0x5F, 0x2E, 0xDB, 0xFB, 0x24, 0x71, 0x7A, 0xBD, 0x61, 0xE6, 0xDD, 0x3F, 0xBD,
    0x35, 0x63, 0x97, 0x73, 0xA3, 0xD6, 0x54, 0x16, 0x83, 0xDF, 0x49, 0x01, 0x6F, 0xED, 0xF2, 0x6D,
    0x7C, 0x78, 0xDF, 0xF0, 0xB9, 0x64, 0x14, 0x5F, 0x52, 0x96, 0x93, 0xD0, 0x66, 0x31, 0x14, 0x7B,
    0xB4, 0x2B, 0x8F, 0xAA, 0x7D, 0xD5, 0xD7, 0xFB, 0x48, 0x97, 0x48, 0xBB, 0x49, 0xCB, 0xA8, 0xB6,
    0xBB, 0xA5, 0x6A, 0xF5, 0x70, 0x9D, 0x39, 0xD2, 0xCB, 0xCA, 0x72, 0x80, 0x8D, 0x93, 0xF0, 0x2C,
    0xEC, 0x0A, 0x7A, 0x09, 0xAE, 0xF9, 0x40, 0x71, 0x2D, 0xAA, 0x82, 0x93, 0x01, 0xCE, 0x06, 0x38,
    0x1D, 0xCD, 0x47, 0x13, 0x72, 0x5D, 0x59, 0xA6, 0x3C, 0xA3, 0xA7, 0x84, 0x0B, 0x39, 0x61, 0x69,
    0x3E, 0xC5, 0xB8, 0xE6, 0x47, 0x16, 0x36, 0xF1, 0x81, 0x6D, 0xA0, 0x57, 0x7D, 0xF2, 0x3F, 0xE9,
    0x7C, 0x9B, 0x70, 0x17, 0x8D, 0xCF, 0x00, 0x15, 0xFA, 0xAC, 0x63, 0x5C, 0x94, 0x1B, 0xFE, 0x98,
    0xE5, 0x4B, 0xE0, 0x8D, 0xB7, 0xFD, 0xC4, 0x6E, 0x56, 0x39, 0x7E, 0x93, 0xFC, 0x7B, 0x47, 0x01,
    0x69, 0xAD, 0xBE, 0xB2, 0xA0, 0xD2, 0xFB, 0xFC, 0x1E, 0x6D, 0x0A, 0xEE, 0x52, 0xCC, 0xB2, 0xD4,
    0x01, 0x6A, 0x4E, 0x65, 0x7C, 0xE6, 0x04, 0x7F, 0x7D, 0xEC, 0x48, 0x2B, 0x16, 0x64, 0x42, 0xE6,
    0x34, 0xF9, 0x40, 0x6B, 0x7E, 0xA0, 0x20, 0x76, 0x40, 0x6B, 0x1A, 0xF6, 0x74, 0xBC, 0x03, 0x4D,
    0x16, 0x05, 0x60, 0xC7, 0x94, 0x96, 0x1C, 0xD1, 0xDA, 0x9C, 0xD1, 0x20, 0x33, 0x32, 0x47, 0x7B,
    0xA4, 0x28, 0xBB, 0xD1, 0xC9, 0x85, 0x43, 0x47, 0x56, 0xCF, 0xFC, 0xF4, 0x90, 0xB6, 0x38, 0x78,
    0xBF, 0x0F, 0x15, 0xE8, 0x93, 0xEF, 0x8D, 0x69, 0x14, 0x1B, 0xBD, 0x80, 0x0C, 0x51, 0x56, 0x1B,
    0xF7, 0xF6, 0xB3, 0x36, 0xF9, 0x7E, 0xFC, 0x5E, 0x7B, 0x6E, 0x6B, 0x13, 0x67, 0x9A, 0xDE, 0x45,
    0x25, 0xDE, 0x6B, 0x91, 0xFD, 0x7F, 0xB3, 0x38, 0xD3, 0xB3, 0x72, 0x92, 0x87, 0x4F, 0x89, 0x88,
    0x01, 0x4D, 0x01, 0xC6, 0xD7, 0x33, 0x8A, 0x8B, 0x7B, 0x7A, 0x39, 0xA1, 0x3D, 0x97, 0x96, 0xA6,
    0xBD, 0x8B, 0xA4, 0x7D, 0xDA, 0xDC, 0xA7, 0xD7, 0x33, 0xF0, 0xA7, 0x39, 0x7C, 0x1B, 0x42, 0xD4,
    0x33, 0x7A, 0x8B, 0xCD, 0xE8, 0xCE, 0x08, 0xBF, 0xA9, 0xB3, 0xA7, 0x47, 0x6D, 0xE3, 0x13, 0xE1,
    0xCD, 0x29, 0x29, 0xD6, 0x27, 0xBF, 0xE8, 0xE8, 0x4D, 0x11, 0xFC, 0x33, 0x0B, 0x3B, 0x18, 0x08,
    0x07, 0x54, 0xD1, 0x81, 0x50, 0x48, 0xF3, 0xB0, 0x27, 0x0C, 0x32, 0xCC, 0x55, 0x70, 0x1A, 0x7B,
    0x1F, 0x61, 0xA1, 0x98, 0x75, 0x17, 0x6F, 0x4E, 0x29, 0x4C, 0x47, 0x89, 0x28, 0xDB, 0xFC, 0xEE,
    0x1C, 0x07, 0xD0, 0xB2, 0xFD, 0x39, 0x1A, 0xEF, 0xE9, 0xF8, 0x46, 0x5E, 0xFD, 0xDC, 0x6B, 0x79,
    0xBC, 0x57, 0x40, 0xF3, 0x33, 0x01, 0x44, 0x01, 0x9D, 0x27, 0x1D, 0x54, 0x16, 0xF5, 0x28, 0x8B,
    0x7C, 0x29, 0x0B, 0x34, 0x0E, 0x44, 0x09, 0x10, 0x29, 0x12, 0x3F, 0x13, 0x31, 0x4C, 0x0D, 0x93,
    0x33, 0x8A, 0xE1, 0x5B, 0x63, 0x44, 0xEB, 0xBC, 0x0B, 0x8E, 0x9E, 0xF0, 0x91, 0x2D, 0x3E, 0x20,
    0x95, 0xD3, 0xE1, 0xA8, 0x52, 0xA5, 0xF2, 0xB2, 0x69, 0x21, 0xAD, 0x3D, 0xFB, 0x53, 0x6F, 0x6F,
    0xE8, 0x24, 0x42, 0xF0, 0x8B, 0x1F, 0xAC, 0xAA, 0xC4, 0xCB, 0xA6, 0x60, 0x4A, 0x12, 0x58, 0x50,
    0xE6, 0xC6, 0x0D, 0x09, 0x19, 0x0D, 0xC0, 0xF3, 0x21, 0xC7, 0x4B, 0x26, 0xE3, 0xEC, 0x4A, 0xB1,
    0x4A, 0xB2, 0x51, 0xF9, 0x7C, 0xFA, 0x04, 0x19, 0x72, 0xF2, 0x8A, 0xDF, 0xE9, 0xB1, 0x6F, 0xD2,
    0xCB, 0x58, 0x27, 0x7E, 0xBF, 0xB0, 0x92, 0xCF, 0x66, 0x2B, 0xDB, 0xA5, 0xAB, 0x2E, 0xA2, 0xA3,
    0xAD, 0xAE, 0xA2, 0x96, 0x78, 0x84, 0x33, 0xAE, 0x23, 0xD2, 0x84, 0x01, 0x23, 0x9E, 0xB0, 0x4B,
    0x0A, 0x24, 0x7C, 0xB7, 0x40, 0x76, 0x7A, 0x5C, 0xD9, 0x1F, 0x37, 0xC8, 0xD3, 0x93, 0xF7, 0x30,
    0xF7, 0x3A, 0xA6, 0x17, 0x23, 0x7B, 0xD4, 0xE0, 0x49, 0xC3, 0xEF, 0x44, 0x51, 0xCE, 0x4A, 0x27,
    0xCA, 0x9E, 0x91, 0xDC, 0x6E, 0x7E, 0x78, 0x42, 0xB1, 0xB2, 0x31, 0x9B, 0x88, 0xF4, 0x28, 0xB6,
    0xCF, 0x94, 0xAE, 0xC1, 0xC9, 0xC2, 0x1B, 0x42, 0x84, 0x31, 0x10, 0x9A, 0x17, 0x0C, 0x89, 0x82,
    0x3E, 0x7A, 0x6A, 0x4D, 0x7B, 0x21, 0xC5, 0x1C, 0x0F, 0xAD, 0x11, 0x26, 0xB3, 0xF7, 0x28, 0x26,
    0x19, 0xA8, 0x52, 0xDA, 0x9B, 0xA7, 0x14, 0x4E, 0xED, 0xE0, 0x5A, 0x9A, 0xEE, 0xA1, 0x25, 0x6C,
    0x71, 0xBD, 0x3F, 0xFE, 0xA8, 0xBD, 0x3C, 0xF9, 0x1B, 0xD3, 0x3C, 0xCC, 0x66, 0xE6, 0x7F, 0xEA,
    0xAC, 0x8D, 0x5D, 0x9E, 0xD9, 0x64, 0x80, 0xD7, 0x78, 0xBD, 0xFB, 0x2D, 0xB5, 0xF5, 0x28, 0x89,
    0x23, 0x17, 0x39, 0xA6, 0x9F, 0x3F, 0xB7, 0x53, 0xF9, 0xD2, 0x09, 0xDA, 0xF7, 0xC6, 0x60, 0xDC,
    0x7F, 0x45, 0xBB, 0x46, 0x61, 0xEB, 0x23, 0x22, 0x6A, 0x9B, 0x6C, 0xD1, 0x55, 0xAD, 0xD2, 0xBD,
    0x64, 0x5A, 0x42, 0x1B, 0xCB, 0x99, 0x03, 0xF2, 0x29, 0x0D, 0x9F, 0x8B, 0xB3, 0x54, 0x49, 0x0A,
    0x45, 0x8E, 0xCF, 0x5D, 0x39, 0x78, 0x7A, 0x98, 0x20, 0x60, 0x8A, 0x80, 0x49, 0x02, 0xA6, 0x09,
    0x84, 0x28, 0xA1, 0x4A, 0xC8, 0x62, 0xBA, 0x84, 0x30, 0xA1, 0x4C, 0x48, 0x13, 0xDA, 0x80, 0x89,
    0x03, 0xA6, 0x0E, 0x98, 0x3C, 0x60, 0xFA, 0x96, 0x60, 0xFD, 0x51, 0xC9, 0x69, 0xC0, 0xFB, 0x10,
    0xE4, 0x35, 0x1D, 0x46, 0x5E, 0x10, 0x7E, 0xCA, 0x79, 0xDF, 0xE3, 0x16, 0xBF, 0x89, 0x90, 0x2E,
    0x0B, 0x06, 0xC3, 0x6A, 0x1A, 0x73, 0xC6, 0xA7, 0x13, 0x66, 0x5C, 0x94, 0x90, 0x76, 0xEF, 0x0A,
    0xB7, 0x6C, 0xA0, 0xEF, 0xF1, 0x0B, 0x72, 0x7B, 0x6C, 0xA7, 0x8F, 0xEA, 0x65, 0x99, 0xA8, 0x5A,
    0xA9, 0x3B, 0x0D, 0x30, 0x2A, 0xB9, 0x54, 0x4A, 0xA4, 0xD6, 0x90, 0x78, 0xA7, 0xA7, 0xEF, 0x5D,
    0x88, 0xA1, 0xBF, 0xC2, 0xB4, 0x66, 0x3F, 0x63, 0x6E, 0xBA, 0x93, 0x4B, 0x94, 0xAE, 0xB7, 0x56,
    0xCB, 0x06, 0x7A, 0x92, 0x4F, 0x6B, 0x6D, 0x7A, 0x0C, 0x5E, 0xE2, 0x71, 0x5F, 0xC5, 0x4A, 0xD6,
    0xEA, 0x17, 0xD9, 0x5A, 0xC9, 0x62, 0xCF, 0x97, 0x51, 0x78, 0x03, 0xBF, 0xE7, 0x1D, 0xF7, 0xA0,
    0xDD, 0xA2, 0xD0, 0x27, 0x6C, 0x1F, 0x51, 0x5A, 0x62, 0x7E, 0xC9, 0xD9, 0x49, 0xF4, 0x73, 0xA6,
    0x23, 0xFE, 0x2F, 0x1E, 0x20, 0xE9, 0xA4, 0x6B, 0x78, 0xDD, 0xA4, 0x96, 0x59, 0xCC, 0xF2, 0x50,
    0xCE, 0x2D, 0x71, 0xDD, 0x65, 0x26, 0xD3, 0xCB, 0xBE, 0x0F, 0x76, 0x47, 0x9C, 0x72, 0xF0, 0x1D,
    0xC6, 0xF1, 0x4F, 0x46, 0xF6, 0xEF, 0xA2, 0x4F, 0xF2, 0xE7, 0x69, 0xD6, 0x37, 0x49, 0xD2, 0x35,
    0x9A, 0x5F, 0xF4, 0x72, 0xB8, 0x76, 0x97, 0xA4, 0x94, 0x55, 0x7C, 0xE6, 0x4F, 0x27, 0xFE, 0xC1,
    0x29, 0xEE, 0x57, 0x53, 0x1F, 0x7E, 0x07, 0xED, 0x5D, 0x4F, 0x8C, 0xDC, 0xE6, 0x75, 0xFF, 0x48,
    0xAE, 0x97, 0xB1, 0x68, 0x2F, 0x75, 0x90, 0x03, 0x45, 0x96, 0x45, 0x1F, 0x72, 0x50, 0x53, 0xC9,
    0xF4, 0xC1, 0x87, 0x3D, 0xCC, 0x2E, 0xC7, 0xF0, 0xA1, 0x87, 0x1C, 0xA2, 0x43, 0xD5, 0x43, 0x0B,
    0xB4, 0x3E, 0xE4, 0x94, 0x06, 0x95, 0x0E, 0x02, 0xAA, 0xA2, 0xAB, 0x1D, 0xD6, 0x39, 0x1A, 0x28,
    0x74, 0x69, 0x0F, 0xCD, 0xA1, 0x3A, 0x38, 0x40, 0xA3, 0xA4, 0xD5, 0x1E, 0x16, 0xA8, 0xD2, 0xEE,
    0x2E, 0x19, 0xE7, 0xE0, 0x43, 0x0F, 0x1E, 0x27, 0x68, 0x73, 0x28, 0xD0, 0x30, 0x70, 0x00, 0xA3,
    0x4E, 0x01, 0x31, 0xC9, 0xB8, 0xA0, 0x6D, 0x0E, 0xD9, 0xF7, 0x7E, 0xEF, 0x7D, 0x24, 0x67, 0x76,
    0x15, 0x37, 0xAD, 0xAD, 0x48, 0xEB, 0x8C, 0xB0, 0x24, 0x35, 0x4B, 0x7E, 0x7F, 0xDE, 0xEF, 0x7D,
    0xEF, 0xFF, 0xC7, 0x35, 0x66, 0xF8, 0xF1, 0xDA, 0xB6, 0xB6, 0x17, 0x33, 0x73, 0x9F, 0x8F, 0x37,
    0xD6, 0x8B, 0xD0, 0x7E, 0xD3, 0xEA, 0xD9, 0xB5, 0x17, 0x7E, 0xA3, 0x17, 0x4F, 0xEE, 0xEB, 0xC5,
    0x7A, 0xAD, 0x17, 0xA5, 0x5E, 0xB8, 0xB9, 0x5E, 0xF8, 0x2F, 0x56, 0x72, 0xB1, 0xE6, 0x6A, 0x97,
    0x23, 0xAF, 0x94, 0x8B, 0x1D, 0xBD, 0x70, 0xA6, 0xBE, 0x5C, 0x78, 0x69, 0x50, 0x68, 0xD7, 0xE1,
    0x14, 0x17, 0x49, 0xDB, 0xE6, 0xB8, 0xD8, 0xBF, 0x7C, 0x05, 0x17, 0x4E, 0x69, 0x22, 0x5C, 0x78,
    0xB9, 0x89, 0x53, 0xDC, 0x3B, 0x36, 0x09, 0x86, 0xBC, 0x49, 0xB7, 0xE3, 0x5E, 0xEA, 0x79, 0x82,
    0x5B, 0xA8, 0xD5, 0x0C, 0xB7, 0x4C, 0x75, 0x12, 0x93, 0x5C, 0x26, 0x11, 0xD0, 0xF4, 0xAF, 0xB4,
    0xF4, 0xF8, 0xA4, 0xAD, 0x89, 0x16, 0x34, 0xC2, 0x93, 0x78, 0xF2, 0x64, 0x4F, 0x06, 0xB7, 0x6D,
    0xA7, 0x38, 0xA6, 0xE6, 0x97, 0x7C, 0xD6, 0xF9, 0xB0, 0xBD, 0x87, 0xFB, 0x79, 0xC2, 0xE1, 0xBF,
    0xF3, 0x24, 0x37, 0x5C, 0x9E, 0x4F, 0xE9, 0x15, 0x3C, 0x4C, 0x7F, 0x8A, 0xF9, 0xD0, 0xA0, 0x47,
    0x18, 0xF1, 0x8C, 0x07, 0xE7, 0x96, 0x0E, 0x8D, 0xC3, 0xCF, 0x3D, 0x22, 0x60, 0x98, 0x86, 0x5B,
    0xC6, 0x44, 0xE3, 0x51, 0xF5, 0x19, 0x93, 0x38, 0x3F, 0x9B, 0x5D, 0x30, 0xC9, 0xAB, 0xDF, 0xFB,
    0x59, 0x69, 0x26, 0x8D, 0x47, 0x93, 0x4F, 0x66, 0x1E, 0xDD, 0x79, 0x62, 0x6C, 0x6E, 0x1D, 0xEA,
    0x7C, 0x6A, 0x5E, 0x50, 0xA2, 0x1B, 0xA5, 0x68, 0x9B, 0x09, 0xFD, 0x88, 0x6E, 0x3A, 0xEC, 0xD5,
    0xBF, 0xFB, 0x0D, 0xBE, 0xCB, 0xF8, 0xCA, 0x71, 0xC7, 0x4C, 0x01, 0x12, 0xF7, 0xD6, 0xDC, 0xE1,
    0xAE, 0x26, 0x98, 0x76, 0x3C, 0x7B, 0xA8, 0x50, 0xB6, 0x70, 0x85, 0x8B, 0x60, 0x59, 0xAC, 0x2C,
    0x54, 0x16, 0x29, 0x0B, 0x94, 0xE2, 0x64, 0x61, 0xB2, 0x28, 0x59, 0x90, 0x2C, 0x46, 0x0A, 0x91,
    0x45, 0xC8, 0x02, 0x64, 0xF1, 0xB1, 0xF0, 0x28, 0x3A, 0x16, 0x1C, 0x8B, 0x8D, 0x85, 0xC6, 0x22,
    0xA3, 0xC0, 0x58, 0x5C, 0x2C, 0x2C, 0x8A, 0x8A, 0x05, 0xC5, 0x62, 0x02, 0x18, 0x9E, 0xD1, 0x25,
    0xB7, 0xA3, 0xB3, 0xCD, 0x75, 0xB6, 0x3A, 0xEB, 0x44, 0x67, 0x6D, 0xF9, 0x50, 0x67, 0xE7, 0xD4,
    0x2E, 0x6E, 0x70, 0x1A, 0x21, 0x8B, 0xA3, 0x72, 0xCD, 0xB4, 0xCA, 0x7A, 0xC9, 0xB8, 0x47, 0x8E,
    0x81, 0x03, 0x6E, 0x80, 0x0D, 0xA8, 0x31, 0x68, 0xC0, 0x0C, 0x90, 0x01, 0x31, 0x06, 0x0C, 0x78,
    0x01, 0x2E, 0xA0, 0x05, 0xB0, 0x80, 0x15, 0xA0, 0x02, 0x52, 0x00, 0x8A, 0x70, 0x62, 0x72, 0xBA,
    0x4C, 0xA3, 0x40, 0x09, 0x60, 0x0C, 0xF3, 0x07, 0xBE, 0xF7, 0x66, 0x38, 0xAC, 0xD2, 0xA1, 0xBA,
    0xC0, 0xC2, 0x76, 0xC6, 0x07, 0xBE, 0xF9, 0x40, 0xA7, 0x71, 0x53, 0x26, 0x2B, 0x98, 0x84, 0x32,
    0xE6, 0x58, 0xA6, 0xBE, 0x29, 0x77, 0x28, 0x13, 0xE6, 0x43, 0x56, 0x38, 0xD3, 0x70, 0x5F, 0x7E,
    0x7B, 0xA7, 0xB9, 0x46, 0x33, 0x2C, 0x78, 0xB2, 0x2E, 0xC1, 0x1F, 0xD3, 0x34, 0xE8, 0x76, 0x9A,
    0x48, 0x92, 0x83, 0x72, 0xED, 0x98, 0x11, 0xE4, 0x5F, 0x99, 0x35, 0xE3, 0x31, 0x65, 0x56, 0x6C,
    0x27, 0xB6, 0x2F, 0x5D, 0x7D, 0xD2, 0xFC, 0x44, 0x64, 0x45, 0x26, 0x34, 0xCB, 0x16, 0xF8, 0xEC,
    0xC8, 0x53, 0x36, 0x20, 0xF2, 0x18, 0xAD, 0x78, 0x29, 0x78, 0x9F, 0x88, 0x11, 0x50, 0x0F, 0x11,
    0xD1, 0x86, 0xBA, 0xBD, 0x81, 0xB6, 0xF9, 0x8A, 0xB0, 0x6F, 0x30, 0xA3, 0xAF, 0xDC, 0x14, 0xBC,
    0x4F, 0xEB, 0x4C, 0x0F, 0x04, 0x53, 0xC6, 0x84, 0xA1, 0x0F, 0x98, 0x93, 0x07, 0x33, 0x76, 0x18,
    0xDA, 0xC2, 0x84, 0x5F, 0x2B, 0xCD, 0xA6, 0x33, 0xED, 0xEE, 0x24, 0x1E, 0x0D, 0x72, 0xCC, 0x18,
    0x7C, 0x98, 0x28, 0xA3, 0x4C, 0xBA, 0x9F, 0x75, 0xFA, 0x29, 0x89, 0x7B, 0x73, 0x13, 0xD2, 0x90,
    0xDD, 0xC5, 0x45, 0x25, 0xBC, 0xE1, 0x00, 0x10, 0x13, 0x7E, 0x08, 0x8A, 0x4C, 0xC6, 0x3C, 0x4A,
    0xE7, 0x27, 0xE6, 0xDC, 0xF1, 0xA4, 0x77, 0x2A, 0x54, 0xE3, 0xE1, 0xC4, 0xF4, 0xB3, 0xC5, 0x6B,
    0x60, 0x97, 0x48, 0xFE, 0x02, 0x91, 0x7C, 0x9D, 0x86, 0xFB, 0xB1, 0xD3, 0xFA, 0x8C, 0x9C, 0x26,
    0x3A, 0xC7, 0x74, 0x38, 0x8F, 0x8D, 0xE3, 0xC9, 0xD4, 0x0E, 0xF5, 0xC8, 0x62, 0x94, 0x87, 0x13,
    0x12, 0xD9, 0xDC, 0x25, 0xCB, 0xE1, 0x63, 0x25, 0xF0, 0x49, 0x4B, 0x4A, 0x08, 0xE4, 0xE8, 0x15,
    0xA8, 0x81, 0x40, 0xC4, 0x9F, 0xDB, 0xCA, 0xA4, 0xF7, 0x8E, 0xA9, 0xF0, 0xE0, 0xCF, 0x2D, 0xD6,
    0x8B, 0x3B, 0x2C, 0xFD, 0x77, 0x47, 0x46, 0x18, 0xDA, 0x24, 0x3C, 0xB0, 0x24, 0xB5, 0x6A, 0xE3,
    0xF4, 0x90, 0xF2, 0x20, 0x3D, 0x68, 0x0F, 0xE2, 0x43, 0x91, 0x40, 0x7F, 0x33, 0xFD, 0x01, 0x00,
    0xC6, 0x20, 0x7A, 0x2D, 0xE9, 0x54, 0xCF, 0x64, 0x70, 0x58, 0x37, 0x00, 0x02, 0x48, 0x00, 0x8A,
    0xA1, 0x60, 0x71, 0xE4, 0x74, 0xD7, 0xC4, 0x3A, 0x3D, 0x5F, 0x35, 0x52, 0x28, 0x72, 0x86, 0x35,
    0x80, 0xBD, 0x77, 0xC9, 0xC0, 0x38, 0x65, 0x9E, 0x12, 0xE2, 0xB5, 0xAD, 0x5A, 0x9B, 0x4F, 0xB7,
    0x37, 0x9F, 0xAE, 0x2D, 0xCD, 0x64, 0x09, 0xED, 0x1B, 0x55, 0xC9, 0xB5, 0xE8, 0x57, 0x52, 0x81,
    0x42, 0x27, 0xE3, 0xB2, 0x16, 0x99, 0xAB, 0xDA, 0x35, 0x8C, 0x1B, 0x74, 0x39, 0xCC, 0xA0, 0x42,
    0xE9, 0x8D, 0xA9, 0x2D, 0x5C, 0x60, 0x9E, 0xAD, 0xC5, 0xA1, 0xB5, 0xF3, 0x6D, 0x55, 0x26, 0x3B,
    0x8D, 0x6D, 0xB4, 0x56, 0xAD, 0xEB, 0xD9, 0xFE, 0x18, 0x23, 0x68, 0xB8, 0xA8, 0xD0, 0x3E, 0x19,
    0xC3, 0xC0, 0xF6, 0xC9, 0x9C, 0x8F, 0x87, 0x42, 0x95, 0x37, 0x10, 0x38, 0x10, 0x00, 0xD9, 0xDC,
    0x3C, 0x5D, 0x89, 0x55, 0xD1, 0x82, 0x45, 0x49, 0xEE, 0x5C, 0xEE, 0x29, 0x78, 0x69, 0x55, 0x34,
    0x38, 0x28, 0x38, 0x29, 0xA0, 0x08, 0xC3, 0x7C, 0x4B, 0x4E, 0x77, 0x71, 0x4A, 0xC1, 0x81, 0xF1,
    0x58, 0x8C, 0x13, 0xB1, 0x01, 0xD4, 0x44, 0xD8, 0x5E, 0x30, 0x10, 0x70, 0x5A, 0x15, 0xA3, 0x67,
    0xF2, 0xDF, 0x33, 0x90, 0x29, 0x2A, 0x61, 0x93, 0x60, 0x4C, 0xC9, 0x38, 0x10, 0x7D, 0xCC, 0x04,
    0x21, 0x52, 0xF2, 0x89, 0xE6, 0x12, 0xD1, 0x30, 0xE9, 0x17, 0x4C, 0x13, 0xFA, 0x66, 0x82, 0xBE,
    0x94, 0x38, 0xEE, 0x1C, 0x9D, 0x04, 0x7B, 0x00, 0xE3, 0x6C, 0xED, 0x73, 0x27, 0xD7, 0xAA, 0xB3,
    0x74, 0x72, 0xA7, 0x73, 0xEA, 0xA1, 0xBD, 0x03, 0x95, 0x32, 0xA9, 0xF0, 0xC0, 0x99, 0xD4, 0x7C,
    0xF9, 0xD7, 0x86, 0x6E, 0x0C, 0xFA, 0xB6, 0x42, 0xE9, 0x87, 0x03, 0x5D, 0x73, 0xA9, 0x37, 0xCF,
    0x26, 0x62, 0x63, 0xE6, 0x83, 0x23, 0xCC, 0xEF, 0x96, 0x87, 0x95, 0x89, 0x29, 0x97, 0x0C, 0x40,
    0xAD, 0xFB, 0xA3, 0xC3, 0x3D, 0xC4, 0xDF, 0x9F, 0xF1, 0x7A, 0xFE, 0xE7, 0x92, 0x07, 0xC6, 0xA8,
    0xC6, 0x39, 0x53, 0x6F, 0x82, 0xC6, 0x80, 0x25, 0x0D, 0x9C, 0x18, 0x9C, 0x08, 0x44, 0x48, 0xD2,
    0x7F, 0x33, 0x8B, 0x63, 0x62, 0xBC, 0xB9, 0x45, 0x71, 0xDF, 0x3C, 0x53, 0x7B, 0xC0, 0x70, 0x8D,
    0x20, 0x2C, 0xEA, 0xBB, 0xA6, 0xB9, 0xF2, 0x22, 0x09, 0x89, 0x49, 0x6D, 0x08, 0x27, 0xC2, 0xEF,
    0xFC, 0x11, 0xAE, 0xF3, 0x51, 0x8E, 0x33, 0x6B, 0xCF, 0xCF, 0xEA, 0xBC, 0x79, 0x5C, 0x29, 0x86,
    0x4D, 0x7D, 0x5E, 0x14, 0xC4, 0x2E, 0x08, 0xB1, 0x2F, 0x08, 0xAA, 0x2B, 0x4A, 0x68, 0x25, 0xB3,
    0x12, 0x19, 0x24, 0x76, 0x84, 0xAE, 0x6B, 0x42, 0x16, 0x16, 0x6B, 0xF1, 0xBB, 0x19, 0x48, 0xFA,
    0x01, 0x7A, 0x4D, 0x0C, 0xFC, 0xBC, 0x89, 0x9C, 0x08, 0xC8, 0x5B, 0x0A, 0xA3, 0xB4, 0x6C, 0xFA,
    0x96, 0xAB, 0xAE, 0x65, 0x47, 0x21, 0x1D, 0x03, 0x2D, 0xB2, 0xAF, 0x62, 0x22, 0x7E, 0x4C, 0xA3,
    0x9C, 0x31, 0x47, 0x63, 0xCC, 0x15, 0xF1, 0xA8, 0x31, 0x8F, 0x59, 0xB7, 0xD0, 0x69, 0x89, 0x08,
    0xF7, 0xF7, 0x7B, 0x21, 0xE8, 0x32, 0x6A, 0xCB, 0x9F, 0x56, 0xDC, 0x12, 0x1D, 0xF6, 0x9C, 0x99,
    0x71, 0x66, 0x6C, 0x52, 0x17, 0x44, 0xE6, 0xE0, 0xDF, 0xE8, 0xAB, 0xF0, 0x7D, 0x59, 0x3B, 0x43,
    0x59, 0x0A, 0x30, 0x0F, 0x98, 0x00, 0x19, 0x13, 0x23, 0x31, 0xBB, 0x4C, 0x34, 0xE6, 0x23, 0x66,
    0x17, 0xF7, 0xB5, 0x65, 0xE7, 0xF6, 0x2A, 0xFC, 0x18, 0xA7, 0x14, 0xC7, 0x16, 0xCB, 0x63, 0x22,
    0x9A, 0x6D, 0xF5, 0xB5, 0x63, 0x49, 0x7D, 0x68, 0xB7, 0xAB, 0x86, 0x6E, 0xD9, 0x71, 0x89, 0x93,
    0x0F, 0xD8, 0x29, 0x4D, 0x78, 0xD5, 0x45, 0xD5, 0x03, 0x86, 0x40, 0xF4, 0x9A, 0xA7, 0xBE, 0xA3,
    0x9E, 0x64, 0x10, 0x6E, 0x71, 0x3C, 0x39, 0xFF, 0xBC, 0xB4, 0xE8, 0xCC, 0xB5, 0xC9, 0x5B, 0x87,
    0xD9, 0x9E, 0x48, 0xCE, 0x14, 0x67, 0x82, 0x13, 0xBD, 0x99, 0xDC, 0x4C, 0x6D, 0x26, 0x36, 0xD3,
    0x9A, 0x49, 0x6D, 0x8D, 0xB7, 0x6D, 0x25, 0x33, 0x53, 0x99, 0x89, 0xCC, 0x34, 0x66, 0x12, 0x0B,
    0x85, 0x8F, 0x07, 0xD9, 0x2E, 0x8E, 0x07, 0x8E, 0xBB, 0xFA, 0xED, 0xEA, 0xB6, 0x27, 0x0B, 0x4E,
    0x7B, 0x3D, 0x74, 0xD9, 0x9D, 0x79, 0x38, 0x74, 0xD8, 0xD5, 0x5F, 0x57, 0x77, 0x9D, 0x8E, 0x71,
    0x4D, 0x7C, 0xBC, 0x49, 0x06, 0xD9, 0x26, 0x75, 0x7A, 0x83, 0xFE, 0x55, 0xA6, 0x0A, 0xA6, 0xEE,
    0x7B, 0x07, 0xC6, 0x23, 0x03, 0x96, 0x95, 0x76, 0xA8, 0xC6, 0x32, 0xEB, 0xEA, 0x38, 0x75, 0x48,
    0xF8, 0x07, 0xF4, 0xFF, 0x8B, 0x44, 0xDF, 0x4A, 0xBC, 0x6C, 0xD6, 0x84, 0xD7, 0xA9, 0x8B, 0x82,
    0x43, 0x2F, 0x1C, 0x72, 0xE9, 0x0D, 0xEA, 0x86, 0x1C, 0xEA, 0xD6, 0x4F, 0x0D, 0x6B, 0x9A, 0x49,
    0xA5, 0x56, 0x10, 0xE6, 0xBC, 0x22, 0xA6, 0x20, 0x4C, 0xE6, 0x1A, 0x96, 0x02, 0xCD, 0x15, 0xA3,
    0x0A, 0x95, 0xFD, 0xA7, 0xC7, 0x92, 0xEF, 0x57, 0x58, 0xEA, 0x3C, 0xC1, 0x28, 0xAE, 0x71, 0x38,
    0x23, 0x0C, 0x88, 0x22, 0x21, 0x5B, 0x60, 0x81, 0xB5, 0x06, 0x8C, 0xC7, 0x33, 0x77, 0xC7, 0x0F,
    0x5A, 0x01, 0x68, 0xA8, 0x70, 0x02, 0x9A, 0xB9, 0x0D, 0x66, 0x1D, 0x15, 0x68, 0xE8, 0x06, 0x80,
    0xB5, 0x9F, 0xD5, 0xDB, 0x29, 0x9C, 0x9E, 0x7B, 0xCD, 0x57, 0x31, 0xD9, 0x6C, 0x06, 0x03, 0x87,
    0x40, 0x0C, 0xD4, 0xB3, 0x99, 0xC2, 0xC2, 0xE7, 0x4E, 0xFC, 0x31, 0x3C, 0x9B, 0x40, 0x64, 0xDB,
    0x2A, 0x7C, 0x9F, 0xFB, 0x7A, 0x36, 0xF9, 0x82, 0xEF, 0xDA, 0x39, 0x38, 0x64, 0x03, 0x14, 0xCC,
    0x63, 0x57, 0x9A, 0x71, 0x26, 0xA0, 0x66, 0x42, 0x7A, 0xB6, 0xE5, 0xD8, 0x7A, 0x4C, 0xD1, 0x6B,
    0x2C, 0x7C, 0x0A, 0x6F, 0x30, 0x85, 0xF4, 0x24, 0x6E, 0xE3, 0x81, 0x71, 0xF3, 0xEC, 0x80, 0x89,
    0x3B, 0x86, 0x01, 0x9C, 0xF9, 0xA6, 0xCE, 0x45, 0x7C, 0x16, 0xD8, 0xBC, 0x82, 0xB3, 0x07, 0xC7,
    0x2E, 0xFC, 0x5B, 0x3E, 0x3E, 0x87, 0xA5, 0x73, 0x9D, 0x83, 0x24, 0xA6, 0xF0, 0xB0, 0x60, 0x1C,
    0xCB, 0x8E, 0x34, 0xFF, 0xBF, 0xE1, 0x9E, 0xBE, 0xC7, 0x7C, 0x93, 0x38, 0x3F, 0xBB, 0xC5, 0xCB,
    0x8F, 0x67, 0x55, 0xB3, 0x02, 0xF5, 0x4A, 0xAF, 0x3B, 0x06, 0x53, 0x1F, 0x2E, 0xA7, 0xAC, 0xA3,
    0x08, 0x83, 0x4D, 0xE0, 0x03, 0x31, 0xF3, 0x7B, 0xEF, 0x94, 0xFD, 0x6C, 0x8B, 0x7E, 0x69, 0x0B,
    0x1A, 0x41, 0x35, 0x88, 0x3D, 0x32, 0x72, 0x26, 0xBA, 0xC3, 0x96, 0xE3, 0x8C, 0x5D, 0x4E, 0x42,
    0x9B, 0x28, 0xBD, 0x0F, 0x6A, 0xD6, 0xB0, 0x53, 0xE7, 0xA0, 0x3B, 0x79, 0x88, 0x24, 0x17, 0xA2,
    0xE6, 0x32, 0xD9, 0xF0, 0x4E, 0x76, 0x94, 0x5D, 0xE1, 0x1B, 0xD6, 0x77, 0x26, 0x48, 0xE1, 0x87,
    0x79, 0x4D, 0x6B, 0xBA, 0x50, 0xAB, 0x31, 0x5F, 0xB8, 0x69, 0x8E, 0x25, 0xD6, 0xE2, 0xCB, 0x42,
    0xDD, 0x93, 0xBE, 0x87, 0x37, 0x72, 0x27, 0x37, 0xAA, 0xF1, 0x97, 0x55, 0xFE, 0xA3, 0x8D, 0xB2,
    0x46, 0x42, 0x42, 0x59, 0xD1, 0x71, 0x31, 0x04, 0x20, 0x1C, 0x1F, 0x4F, 0x78, 0xD5, 0x7D, 0x10,
    0x61, 0xDD, 0x0C, 0x14, 0xE1, 0x97, 0x8F, 0xB6, 0xAB, 0x1F, 0x5D, 0x78, 0x8F, 0x13, 0x68, 0xC3,
    0x8F, 0xB2, 0x6B, 0xA4, 0x43, 0x94, 0x05, 0xE9, 0xCC, 0x6C, 0xCA, 0xCD, 0xD8, 0xE0, 0x91, 0xBA,
    0xAF, 0x56, 0x23, 0x3B, 0x1D, 0x43, 0xBB, 0x37, 0x8D, 0x55, 0x82, 0xF2, 0x98, 0xA2, 0x30, 0x74,
    0x7C, 0xD1, 0x2A, 0x74, 0xAD, 0xB5, 0x0E, 0x8E, 0xC7, 0x92, 0x1F, 0xD2, 0xB1, 0xB3, 0x9C, 0xB2,
    0xD2, 0x7A, 0xD3, 0x8D, 0xCD, 0x27, 0xC6, 0x53, 0x9B, 0xE2, 0xB9, 0x6E, 0xFC, 0x74, 0x39, 0x30,
    0x76, 0x89, 0xA8, 0xB9, 0x02, 0xBF, 0x8F, 0x6C, 0xEC, 0x56, 0x32, 0x7B, 0x63, 0x09, 0xE5, 0x89,
    0xC9, 0x83, 0xF0, 0x89, 0x57, 0xDA, 0x20, 0x5D, 0x50, 0xDA, 0x24, 0x0B, 0x3A, 0x9D, 0x5B, 0x42,
    0x0B, 0x34, 0xCC, 0x11, 0x62, 0x2F, 0x31, 0x8B, 0x08, 0xB9, 0x93, 0xCE, 0x1E, 0x9B, 0xD8, 0xE7,
    0xD1, 0x80, 0x80, 0xDF, 0xDC, 0xBE, 0x7D, 0x1B, 0x42, 0xD9, 0x61, 0xB3, 0x09, 0xB9, 0x30, 0x77,
    0x7E, 0xF9, 0xF2, 0x65, 0x04, 0x3D, 0x31, 0x80, 0xA4, 0x33, 0xE8, 0x92, 0xA5, 0x01, 0x14, 0xC3,
    0x01, 0x98, 0xFB, 0x0F, 0x60, 0x7C, 0x78, 0x00, 0x36, 0xD2, 0x42, 0xFC, 0x39, 0x55, 0xAA, 0x71,
    0x58, 0x44, 0x28, 0x70, 0x92, 0xFE, 0x39, 0xC2, 0x1A, 0x62, 0x95, 0x21, 0x02, 0xCC, 0x89, 0x5F,
    0xFF, 0x3D, 0x8E, 0x85, 0x8C, 0xC9, 0xF6, 0x7D, 0xB9, 0x0F, 0x7E, 0x9E, 0xB6, 0x1E, 0x5C, 0xDC,
    0x85, 0x93, 0x24, 0xEE, 0xD9, 0x05, 0x3F, 0x61, 0xDF, 0xF5, 0x11, 0x50, 0x30, 0x73, 0x24, 0xB4,
    0x59, 0x4D, 0xCD, 0xA6, 0x49, 0x4A, 0x73, 0xC3, 0xF9, 0x90, 0x7C, 0x1E, 0x7F, 0x5C, 0x9B, 0xFA,
    0x2C, 0x4D, 0xA5, 0xBA, 0x6A, 0x2A, 0xB7, 0x9C, 0x9A, 0xCA, 0xFB, 0x45, 0xEA, 0x94, 0xDE, 0x3D,
    0x6A, 0xD1, 0xFF, 0x2F, 0x6A, 0x8C, 0xB8, 0xC8, 0xCF, 0x89, 0x49, 0x82, 0x34, 0xE4, 0xD4, 0x1A,
    0xAD, 0xB7, 0x8B, 0x4C, 0x96, 0x11, 0xA7, 0x7A, 0x4A, 0xB3, 0xE5, 0xBD, 0x9D, 0x9B, 0xEB, 0x6C,
    0xD0, 0x3C, 0x2F, 0xDE, 0xD5, 0xC7, 0x82, 0xEF, 0xEA, 0x9D, 0x77, 0x09, 0xA4, 0xE6, 0x35, 0xB6,
    0x22, 0xF1, 0x99, 0x1D, 0x23, 0x7C, 0x3F, 0x12, 0x3C, 0x07, 0x61, 0xA9, 0x3B, 0xEF, 0xBE, 0xF6,
    0xC0, 0xC1, 0xEB, 0xDC, 0x01, 0x19, 0x05, 0xE7, 0x3E, 0x30, 0xFC, 0x10, 0x66, 0xDB, 0x85, 0x05,
    0x29, 0x76, 0x0A, 0x66, 0x0D, 0x82, 0x97, 0xED, 0x4D, 0xD0, 0xB8, 0x77, 0x5D, 0x84, 0x4A, 0x42,
    0x21, 0x49, 0x42, 0x07, 0x83, 0xF0, 0xA0, 0xD4, 0x02, 0x88, 0x9B, 0x96, 0x0C, 0xC2, 0xBD, 0xD9,
    0x40, 0xB9, 0xD6, 0xBD, 0xF0, 0x15, 0x37, 0xE8, 0x23, 0x1A, 0xCB, 0x3B, 0xE5, 0xB2, 0x0A, 0x46,
    0xCB, 0x94, 0xEC, 0x42, 0x72, 0x73, 0xD6, 0xAC, 0x7E, 0xE3, 0xAE, 0x89, 0xE9, 0x57, 0x19, 0x31,
    0xC4, 0x8F, 0x7F, 0x1F, 0x6E, 0x69, 0xE7, 0xF9, 0x70, 0x1B, 0x59, 0x4E, 0xF3, 0x20, 0xC1, 0x47,
    0x80, 0x7E, 0x7E, 0x53, 0xF3, 0x2C, 0x15, 0xB2, 0xE3, 0xE8, 0xDA, 0x9B, 0x6A, 0x46, 0x27, 0x4D,
    0x4D, 0x44, 0x86, 0x6D, 0x42, 0x06, 0xFB, 0x64, 0x4B, 0x7C, 0x5D, 0xA6, 0xD3, 0x30, 0xAE, 0x48,
    0x90, 0x97, 0x38, 0x4E, 0x97, 0x25, 0xFF, 0x23, 0x45, 0x33, 0x59, 0xC1, 0x99, 0xCD, 0xBE, 0x2F,
    0xC5, 0x4D, 0x3E, 0x66, 0x9A, 0x79, 0x63, 0x27, 0x47, 0xC9, 0x45, 0x0E, 0x5F, 0x21, 0x65, 0xFE,
    0x83, 0x81, 0x75, 0xE6, 0xE6, 0xA3, 0x49, 0xBF, 0x15, 0x70, 0xDD, 0x3A, 0x2D, 0x9A, 0x1D, 0x13,
    0x7F, 0x8B, 0x23, 0x45, 0x79, 0x5F, 0x82, 0xF3, 0x71, 0xD3, 0x10, 0x94, 0x01, 0x61, 0x40, 0x17,
    0x90, 0x05, 0x54, 0x91, 0xAA, 0x85, 0xD2, 0xCE, 0x02, 0x93, 0xC0, 0x1C, 0xA2, 0x3E, 0x2F, 0xD6,
    0xF9, 0xF3, 0x59, 0x47, 0x8A, 0xDA, 0x12, 0x02, 0x74, 0xB8, 0xFF, 0xF3, 0xB9, 0x12, 0x00, 0xF3,
    0xC7, 0xF4, 0x4F, 0xAE, 0xAD, 0x48, 0xA4, 0x46, 0x62, 0x8A, 0xD0, 0x40, 0x51, 0x47, 0x6E, 0x08,
    0xD9, 0x86, 0x73, 0xAA, 0xAD, 0x4F, 0xDD, 0x4A, 0x6E, 0x60, 0xD6, 0x01, 0xA3, 0x4E, 0x05, 0xD4,
    0x40, 0x54, 0xD8, 0x5E, 0x4E, 0x1C, 0x61, 0x7E, 0x8C, 0xED, 0x88, 0x38, 0x53, 0x81, 0x14, 0x8D,
    0xFF, 0x23, 0xBA, 0xF7, 0x71, 0x88, 0xCA, 0xB8, 0x2B, 0xB9, 0xD8, 0xEA, 0x60, 0x9D, 0xF5, 0xA9,
    0xC1, 0x67, 0x39, 0x84, 0xB4, 0x43, 0xDD, 0xBC, 0xCE, 0x81, 0xA4, 0x1F, 0xF1, 0xD8, 0xF8, 0x96,
    0xA4, 0xB0, 0x8E, 0xCB, 0xC8, 0xDA, 0x82, 0x50, 0xA2, 0xD2, 0xE4, 0xB8, 0x4F, 0x1E, 0x12, 0x81,
    0xB3, 0x97, 0x18, 0xB9, 0xD6, 0x3E, 0x6A, 0x8D, 0x21, 0x19, 0x7D, 0xD9, 0x1D, 0x40, 0x81, 0x74,
    0xC8, 0xBD, 0x0F, 0x07, 0x46, 0x60, 0x4E, 0x07, 0x37, 0x64, 0x39, 0x71, 0x1F, 0x31, 0x1F, 0xF3,
    0xDE, 0x1E, 0x73, 0x1E, 0x31, 0x1E, 0xB5, 0x45, 0x33, 0x27, 0xE8, 0x88, 0xE9, 0x88, 0xE7, 0x88,
    0xE5, 0x88, 0xE3, 0x88, 0xE1, 0x5A, 0x4D, 0x9F, 0xF0, 0x4C, 0x10, 0xA4, 0xA0, 0xD9, 0x78, 0x50,
    0xB0, 0x3C, 0xA3, 0x49, 0xA5, 0x0B, 0x12, 0x3D, 0xF2, 0xCC, 0x70, 0xC1, 0xB3, 0x4B, 0xAC, 0xC2,
    0x4F, 0xEC, 0x7A, 0xCA, 0xEC, 0x92, 0x6A, 0xEC, 0xAA, 0xAA, 0x75, 0x61, 0xA9, 0x55, 0x97, 0x8A,
    0x62, 0xE4, 0x47, 0x3B, 0x9D, 0x2F, 0x0B, 0x31, 0xB3, 0x6B, 0x71, 0x3E, 0xC8, 0xAF, 0x61, 0xBE,
    0x4E, 0xD7, 0x67, 0xA5, 0x29, 0xE3, 0x85, 0x3E, 0x27, 0x1F, 0xD5, 0x67, 0xAE, 0x7D, 0x4E, 0x72,
    0x21, 0x27, 0x53, 0xCC, 0x2B, 0x75, 0x61, 0xA3, 0x4F, 0xA6, 0x5C, 0x68, 0xA3, 0x54, 0xA1, 0x45,
    0x36, 0xB6, 0x5C, 0xA9, 0x65, 0x3E, 0x57, 0x35, 0xD6, 0xA3, 0x36, 0x3D, 0x37, 0xF0, 0x43, 0x7D,
    0x28, 0x99, 0xDB, 0xE5, 0x6F, 0xF5, 0xCF, 0x09, 0x38, 0x8F, 0xC9, 0x98, 0xC7, 0x30, 0x49, 0x3D,
    0x54, 0x5B, 0x31, 0xF1, 0xCE, 0x9B, 0x23, 0x8A, 0x03, 0xA5, 0xDE, 0x00, 0x63, 0x26, 0x8E, 0xCC,
    0x72, 0xAE, 0x6C, 0x6A, 0xC7, 0x41, 0xCB, 0xE2, 0x23, 0x69, 0x18, 0xC4, 0x97, 0x6B, 0xE0, 0x58,
    0x33, 0x94, 0x6E, 0x87, 0x66, 0x87, 0x69, 0x01, 0x58, 0x81, 0x2C, 0x1D, 0x09, 0x5C, 0xF2, 0x28,
    0x08, 0xDF, 0x04, 0x42, 0x25, 0x81, 0x58, 0xD9, 0x86, 0x60, 0x91, 0x11, 0xF4, 0xE9, 0x39, 0x95,
    0x85, 0x2A, 0x11, 0x8B, 0x65, 0x97, 0x27, 0xC2, 0xD0, 0x36, 0xF0, 0xED, 0x2E, 0x54, 0x60, 0xDE,
    0xC5, 0xB9, 0x0E, 0x7F, 0x84, 0x08, 0x81, 0x38, 0x26, 0xC9, 0x3D, 0xB1, 0xD0, 0x84, 0x83, 0x53,
    0xC8, 0x8E, 0x6E, 0x99, 0x23, 0x14, 0xE6, 0x6B, 0xC1, 0x9A, 0x44, 0x0D, 0x6D, 0x4D, 0x95, 0x8A,
    0x8C, 0x64, 0x21, 0x3A, 0x9D, 0x0D, 0x3B, 0xE8, 0x82, 0xD4, 0xCB, 0xD1, 0xD4, 0x4E, 0xA8, 0xDB,
    0x78, 0xA4, 0x2E, 0xE0, 0xE8, 0xA3, 0x5B, 0x6E, 0x7E, 0xD5, 0x96, 0xF3, 0x21, 0xAF, 0xC4, 0x03,
    0x3E, 0xB9, 0x6A, 0xEE, 0x0E, 0x78, 0x24, 0xFB, 0x7A, 0x3A, 0xE0, 0x0F, 0x67, 0x10, 0x3F, 0x49,
    0xFB, 0x40, 0xB5, 0xD8, 0xB7, 0x10, 0x54, 0x66, 0x0F, 0x19, 0xE5, 0x12, 0x62, 0x2A, 0xBF, 0x8A,
    0xC2, 0x8E, 0xE7, 0x6D, 0xE8, 0xD7, 0x7E, 0xF6, 0x7A, 0x3F, 0x34, 0xA9, 0x60, 0x10, 0xF3, 0xED,
    0xEE, 0xEF, 0x88, 0x42, 0x9B, 0x2E, 0x27, 0x6C, 0xE3, 0x81, 0x5E, 0x4C, 0x06, 0xC1, 0xFE, 0x41,
    0xAA, 0xD6, 0x3D, 0xC4, 0x0B, 0xC1, 0xA1, 0xBC, 0xAF, 0x2A, 0xD9, 0x41, 0x33, 0x37, 0xBA, 0x06,
    0x56, 0x90, 0xF9, 0x4B, 0xE0, 0xA5, 0x1E, 0x55, 0x99, 0xF9, 0x14, 0xA7, 0x94, 0x1F, 0xBB, 0xC4,
    0x4B, 0xAE, 0x72, 0x61, 0x46, 0xB1, 0xEF, 0x30, 0x79, 0x5F, 0x13, 0x57, 0xE2, 0x39, 0x54, 0xD6,
    0xF3, 0x2E, 0x95, 0x07, 0x89, 0xE4, 0xCF, 0x59, 0xEF, 0x5E, 0x1D, 0xFB, 0xA9, 0x26, 0x2F, 0xA2,
    0x5C, 0x6B, 0x2C, 0xE3, 0x54, 0x17, 0x65, 0xF2, 0xA2, 0x2D, 0x27, 0xB4, 0xA2, 0x39, 0xCB, 0x6C,
    0x19, 0xA6, 0xAD, 0xE6, 0xA8, 0x35, 0x5A, 0xE1, 0xD6, 0x1A, 0xBD, 0xF0, 0x2A, 0x8D, 0x66, 0x78,
    0xA5, 0xA6, 0xCC, 0xFC, 0x52, 0x33, 0x69, 0x41, 0xA1, 0x45, 0x30, 0xC4, 0x44, 0x12, 0xD6, 0x88,
    0x24, 0x3A, 0x02, 0x4E, 0xD5, 0xAC, 0x43, 0xAA, 0x19, 0x07, 0xBA, 0x01, 0x25, 0x23, 0x2E, 0xA9,
    0x2C, 0xBF, 0xFD, 0x09, 0xCF, 0xB3, 0x21, 0x33, 0x0B, 0x42, 0xF9, 0x94, 0x0D, 0x0E, 0x1C, 0xFE,
    0xB8, 0xB5, 0x59, 0xAA, 0x37, 0x71, 0xBA, 0xC2, 0x93, 0x64, 0x49, 0xFA, 0xD8, 0x48, 0xB3, 0xEA,
    0xBB, 0x01, 0x43, 0x0F, 0xC2, 0x54, 0xAB, 0xB6, 0x09, 0x2C, 0x42, 0xA7, 0x53, 0x28, 0x72, 0x38,
    0xC2, 0x9F, 0x1C, 0xBA, 0x92, 0xC4, 0x9D, 0x91, 0x99, 0x94, 0x04, 0xE3, 0x4F, 0x67, 0x66, 0x73,
    0x8D, 0x6E, 0xDA, 0x5A, 0xA7, 0x43, 0x5D, 0x90, 0xF1, 0xF6, 0x61, 0x1A, 0x71, 0xC3, 0x7B, 0xBC,
    0xA0, 0xA7, 0x34, 0xDC, 0x03, 0x5E, 0xBE, 0x0C, 0xE3, 0x0F, 0xD8, 0x24, 0xCE, 0x2B, 0x4E, 0xDD,
    0xD4, 0x66, 0x1C, 0x9B, 0x7D, 0x37, 0xDF, 0x64, 0xD1, 0x33, 0x62, 0x9E, 0xDF, 0xE2, 0xD0, 0xE8,
    0xE7, 0x17, 0xD2, 0x31, 0x12, 0x4C, 0x82, 0x04, 0x41, 0x74, 0x49, 0xA6, 0xB7, 0x21, 0xF5, 0x38,
    0x6A, 0x5D, 0x5C, 0x19, 0xDB, 0x1A, 0x04, 0xB8, 0x57, 0xF4, 0x44, 0x54, 0x44, 0x0D, 0x09, 0xB1,
    0x8D, 0x1B, 0xDE, 0xFB, 0xB7, 0x9E, 0xDF, 0xE3, 0x2C, 0x51, 0xC5, 0xD4, 0x98, 0xB1, 0x95, 0xF0,
    0x0B, 0x76, 0xE4, 0xEE, 0x81, 0x88, 0xB9, 0x7A, 0x69, 0xC1, 0xF7, 0x78, 0x54, 0xAF, 0x70, 0x81,
    0x92, 0x53, 0xB9, 0x69, 0x6C, 0x6A, 0x9F, 0xBA, 0x38, 0xB8, 0x48, 0x03, 0xA2, 0x05, 0xB3, 0xC5,
    0x30, 0x3E, 0x6B, 0xED, 0x8F, 0xC7, 0xCD, 0x11, 0x15, 0x52, 0xF3, 0x85, 0x95, 0x2F, 0xDF, 0x0D,
    0x6B, 0x1D, 0xCD, 0x63, 0x92, 0x5A, 0x89, 0xD5, 0x0F, 0x55, 0x97, 0xA0, 0x3D, 0x42, 0x8A, 0xB8,
    0xD5, 0xD1, 0xE9, 0xA4, 0x41, 0xD4, 0x4A, 0x85, 0x89, 0x0A, 0xC0, 0x64, 0x41, 0x4C, 0x4D, 0xA4,
    0xC9, 0x83, 0xA1, 0x00, 0xBC, 0x6F, 0x3A, 0xC9, 0x95, 0x96, 0x03, 0x69, 0x39, 0x12, 0x01, 0xB8,
    0x01, 0xD1, 0x42, 0xCF, 0xAC, 0xB6, 0xEF, 0x5D, 0xBE, 0xC2, 0x96, 0x7F, 0xCB, 0x2B, 0xF0, 0x64,
    0x97, 0x4D, 0x45, 0x3C, 0x5F, 0x0C, 0x2E, 0x26, 0x5B, 0xD3, 0x8F, 0x81, 0x53, 0x67, 0x1C, 0x08,
    0x14, 0xBB, 0x7D, 0xBC, 0x50, 0x68, 0xB5, 0xBF, 0xC8, 0x56, 0xBD, 0xB1, 0xB3, 0xC8, 0x56, 0x51,
    0x7A, 0x38, 0xAD, 0xD4, 0x71, 0x64, 0xFF, 0x14, 0x0E, 0x10, 0x5D, 0x61, 0xFE, 0x2C, 0x33, 0x23,
    0x19, 0x72, 0xF1, 0x8B, 0x05, 0xD7, 0x66, 0x51, 0x2B, 0x13, 0x16, 0xB0, 0x19, 0x3F, 0x31, 0xE1,
    0x5B, 0x3E, 0x77, 0xFC, 0x30, 0x58, 0x4C, 0xB1, 0xA8, 0xB0, 0x5B, 0x48, 0xE9, 0xDB, 0x6A, 0xA9,
    0xBB, 0x46, 0x4B, 0xEF, 0xF1, 0xBB, 0x7C, 0x38, 0xB2, 0x9B, 0x0F, 0x3F, 0x66, 0xF6, 0xD3, 0x74,
    0x11, 0x4C, 0x0C, 0x31, 0xB6, 0xC6, 0x06, 0x24, 0x81, 0xD3, 0xB9, 0x0E, 0x9F, 0xEF, 0x91, 0x3E,
    0x2D, 0x48, 0x6F, 0x09, 0xD2, 0xB5, 0x20, 0x3D, 0xC3, 0xA0, 0x98, 0x18, 0x44, 0x5B, 0xCE, 0xCB,
    0x10, 0xD2, 0x9E, 0x84, 0x73, 0x56, 0x1F, 0x4E, 0xA4, 0x3F, 0x3B, 0x3E, 0xCF, 0xD8, 0x90, 0xAE,
    0x6B, 0xB9, 0xE2, 0x2D, 0x61, 0x79, 0x3C, 0x61, 0x51, 0xBC, 0xCF, 0x9A, 0x8D, 0x2B, 0xD5, 0x4C,
    0xF5, 0xC4, 0xA3, 0xBE, 0x9E, 0xCE, 0xCB, 0x60, 0xC5, 0x69, 0x60, 0x2D, 0x44, 0x54, 0xE6, 0x47,
    0x99, 0xCA, 0xB7, 0x1E, 0x0C, 0x95, 0xFF, 0x1F, 0x2B, 0x60, 0x85, 0xA9, 0x9C, 0xF1, 0x53, 0xAD,
    0x1E, 0xB6, 0xF9, 0xB9, 0x87, 0x53, 0x6A, 0x89, 0x33, 0xF8, 0x46, 0x2B, 0x45, 0x10, 0xF8, 0x16,
    0x45, 0x09, 0xD4, 0x81, 0x2C, 0x34, 0xB1, 0x6C, 0xC7, 0x9F, 0x04, 0x95, 0xCF, 0x88, 0x9D, 0xE1,
    0xB6, 0xFD, 0xE6, 0x00, 0xFE, 0x61, 0xC7, 0xC2, 0xD3, 0x38, 0x07, 0xD3, 0xD5, 0x16, 0x81, 0xC4,
    0x5F, 0x1C, 0x9B, 0xE4, 0x40, 0x0C, 0xDD, 0x56, 0x0C, 0xD8, 0xB5, 0x4A, 0xC8, 0x69, 0x6F, 0xB5,
    0x35, 0x23, 0x51, 0x7A, 0x92, 0x64, 0x42, 0x01, 0x8B, 0x72, 0x9B, 0x9C, 0xF7, 0x39, 0x59, 0x09,
    0x1C, 0x2C, 0x66, 0x9A, 0xF5, 0xE1, 0xA5, 0x5E, 0xA6, 0xF4, 0xFA, 0xAA, 0x3D, 0x64, 0x5B, 0xD9,
    0xC4, 0xCF, 0x42, 0xFE, 0xF2, 0xEC, 0xB2, 0xCC, 0xFD, 0xE6, 0x25, 0x0D, 0x40, 0xA0, 0xDA, 0xC5,
    0x87, 0x8D, 0x0A, 0x2B, 0xE5, 0xCA, 0xDC, 0x36, 0x2B, 0x1E, 0x00, 0x73, 0x15, 0x02, 0x08, 0x4E,
    0x9B, 0x6B, 0x5E, 0xC6, 0xFB, 0x97, 0x42, 0xAD, 0x04, 0xEF, 0xA5, 0x52, 0x7B, 0xF1, 0x19, 0x3D,
    0xD8, 0xA8, 0x01, 0xD3, 0x04, 0x5B, 0x15, 0xD6, 0x98, 0x8D, 0x2E, 0x4A, 0xF7, 0x89, 0xC6, 0x23,
    0x2E, 0xB0, 0x79, 0xBE, 0x2E, 0xDB, 0x5F, 0x68, 0xE6, 0xA8, 0xD0, 0xB9, 0xC6, 0xD4, 0x2F, 0xA5,
    0x60, 0x87, 0x3A, 0x2D, 0x24, 0x6E, 0xE1, 0xCD, 0x9C, 0x5C, 0xF2, 0x41, 0x4E, 0x8D, 0x6E, 0x59,
    0x6F, 0xD7, 0x5E, 0xAA, 0xD9, 0xA1, 0xCC, 0x97, 0x4D, 0x41, 0x44, 0x0C, 0xE9, 0x96, 0x0B, 0x74,
    0xFE, 0xD2, 0xEE, 0x46, 0x12, 0x5D, 0xD2, 0x5F, 0xC5, 0x9D, 0x62, 0x41, 0xD0, 0x7D, 0x6E, 0x59,
    0x11, 0xEB, 0x25, 0x69, 0xF9, 0xFF, 0x3C, 0xBD, 0x53, 0xB0, 0x5E, 0xAD, 0x6D, 0x9A, 0x76, 0x2C,
    0xDF, 0xC5, 0x22, 0x20, 0xB8, 0x31, 0x91, 0x5D, 0x29, 0x04, 0x5C, 0x88, 0x8B, 0x3A, 0x4C, 0xB8,
    0x64, 0xEA, 0xB5, 0x2F, 0x7E, 0x58, 0x86, 0x7F, 0x14, 0xBC, 0x52, 0x3E, 0xF1, 0xDC, 0x39, 0x6A,
    0x60, 0x74, 0x9D, 0x20, 0xD9, 0x2A, 0x69, 0xB9, 0xFD, 0x23, 0x27, 0xC0, 0xC8, 0xB6, 0x1C, 0x93,
    0x01, 0x97, 0xB0, 0xA1, 0xB7, 0xC1, 0xC9, 0xBF, 0x3D, 0x8E, 0xB3, 0x54, 0x44, 0x04, 0xB7, 0x7C,
    0x22, 0x4E, 0xBD, 0xF2, 0x7A, 0x62, 0xFC, 0x77, 0x8A, 0x6D, 0xF2, 0x3E, 0x53, 0xFA, 0xD5, 0x9C,
    0x6C, 0x37, 0x64, 0xEB, 0x7E, 0x03, 0xD9, 0x47, 0x42, 0x66, 0xEE, 0x9F, 0x2A, 0x35, 0x46, 0x9D,
    0x18, 0x7C, 0xD7, 0x79, 0x6B, 0x4E, 0x7F, 0xD5, 0xFD, 0xD6, 0x9B, 0x1E, 0x5A, 0x40, 0x4E, 0xB7,
    0xBA, 0xBA, 0x62, 0xA3, 0x4F, 0x1A, 0xEE, 0x6E, 0x5C, 0x73, 0xEB, 0x30, 0x89, 0xB3, 0x94, 0x2C,
    0x84, 0x05, 0x31, 0xEA, 0xA1, 0xED, 0xD0, 0x95, 0xFB, 0x83, 0xE8, 0x8E, 0x96, 0x6A, 0x38, 0x55,
    0x6C, 0x27, 0x95, 0x75, 0x22, 0xA3, 0xF7, 0x59, 0x83, 0xF4, 0x37, 0xE2, 0xE1, 0x57, 0xE6, 0xB5,
    0x15, 0x8E, 0x7A, 0xAD, 0xF3, 0x8C, 0x58, 0x9A, 0x7F, 0x8D, 0xA7, 0xFF, 0xE6, 0x58, 0xC9, 0xE4,
    0x75, 0x7B, 0x38, 0x4C, 0xFA, 0x40, 0xF8, 0x45, 0xB4, 0xA6, 0x04, 0x49, 0x34, 0x3E, 0xDF, 0x0C,
    0x36, 0x34, 0x8D, 0x7A, 0x5B, 0x5A, 0xF8, 0x5C, 0x22, 0x0E, 0xDB, 0x7D, 0xF9, 0x3B, 0xD0, 0x3E,
    0xC9, 0x4B, 0x83, 0xFD, 0xD4, 0xA4, 0x8A, 0xC8, 0x22, 0xF8, 0x4E, 0xB9, 0x45, 0x94, 0xF9, 0xEE,
    0x8F, 0x79, 0xDB, 0x83, 0xFB, 0x03, 0x4E, 0xD8, 0x7B, 0x6F, 0x72, 0x14, 0x24, 0xF8, 0x7B, 0x04,
    0x2B, 0xAF, 0xB3, 0x51, 0x11, 0x95, 0x3C, 0x4D, 0x9A, 0x15, 0x9B, 0x01, 0xC8, 0x7B, 0x64, 0x10,
    0x95, 0x0D, 0x79, 0xC8, 0x53, 0x5A, 0x36, 0xA4, 0xD2, 0x68, 0x6C, 0x49, 0xCC, 0x6A, 0x29, 0xE3,
    0x34, 0x9E, 0x21, 0xC2, 0xD2, 0x22, 0xFA, 0x2D, 0x26, 0xD0, 0x37, 0xC6, 0x9A, 0x4C, 0x87, 0x73,
    0x6D, 0x50, 0xB2, 0x78, 0xA5, 0x96, 0x7D, 0x08, 0x36, 0x2D, 0xD2, 0x31, 0x9C, 0x84, 0x8A, 0x91,
    0xCA, 0x47, 0x18, 0x1C, 0x06, 0x05, 0xCC, 0x92, 0x7B, 0x85, 0xE4, 0xFA, 0x8C, 0xFF, 0xEA, 0xCC,
    0xE6, 0x8C, 0x19, 0x01, 0xF0, 0x45, 0xC8, 0x75, 0x15, 0x60, 0xC7, 0x73, 0x50, 0xC3, 0x12, 0x1A,
    0xE7, 0x50, 0x86, 0x10, 0x86, 0x4C, 0xB6, 0x35, 0x21, 0x0E, 0x91, 0xF9, 0xA2, 0x30, 0x17, 0x79,
    0x24, 0x1A, 0x3D, 0x27, 0xB5, 0xBA, 0xAE, 0x7E, 0x7A, 0x43, 0x9C, 0x28, 0xAD, 0x63, 0xAB, 0x0D,
    0x9C, 0x91, 0x24, 0x2F, 0x35, 0x2C, 0x16, 0xBE, 0x35, 0x55, 0x81, 0x11, 0xFC, 0xC2, 0x6A, 0x0A,
    0x78, 0xE8, 0x58, 0xAB, 0xB2, 0xED, 0x69, 0xA3, 0x9B, 0x4A, 0x63, 0x63, 0x71, 0x3E, 0x7E, 0x71,
    0x03, 0x93, 0xAF, 0x75, 0x4D, 0x9F, 0x84, 0xC9, 0xD1, 0x07, 0x10, 0x77, 0xBB, 0xAB, 0x4E, 0x44,
    0xB9, 0xD3, 0x7E, 0x8D, 0x77, 0xC2, 0xAA, 0x13, 0x00, 0x76, 0x47, 0xAA, 0xDB, 0x56, 0x5D, 0xC0,
    0xA5, 0x2B, 0x6F, 0x68, 0xF3, 0xA1, 0x53, 0x22, 0xF2, 0x82, 0xF7, 0x3A, 0x91, 0x4C, 0x6C, 0xA7,
    0xDB, 0xB5, 0xF7, 0xC3, 0xD7, 0x8B, 0x3D, 0x2F, 0x78, 0x35, 0xAD, 0x4D, 0x78, 0x8E, 0xD9, 0x6E,
    0x44, 0xF8, 0x5E, 0xE4, 0x22, 0x8E, 0xCD, 0x82, 0xE6, 0xFE, 0xE7, 0x39, 0xAA, 0x65, 0x68, 0xC6,
    0x04, 0x30, 0x53, 0x27, 0x61, 0xB3, 0x6A, 0x83, 0x17, 0xE6, 0x1E, 0x9B, 0x33, 0xF4, 0x40, 0x4E,
    0x32, 0x35, 0x64, 0xE6, 0x3F, 0xB1, 0x1C, 0x73, 0x89, 0xC6, 0x0B, 0xF2, 0xCB, 0x6E, 0x4A, 0x3D,
    0xC5, 0x1C, 0xB4, 0x8D, 0x55, 0xDB, 0xA8, 0x6B, 0xBE, 0xFC, 0x99, 0xC8, 0xB6, 0x8D, 0xAC, 0x0B,
    0x6D, 0x0D, 0x3E, 0x7F, 0xFC, 0x3E, 0x18, 0xBA, 0xB9, 0x83, 0xE4, 0x15, 0xB6, 0x65, 0x31, 0xF8,
    0x07, 0x92, 0xBE, 0x48, 0x64, 0x1F, 0x17, 0xD9, 0x8D, 0xC8, 0x00, 0xE7, 0x60, 0xAA, 0xB0, 0xC0,
    0x6A, 0x0F, 0x4B, 0x28, 0x82, 0xB0, 0x94, 0xED, 0x37, 0x25, 0x64, 0x64, 0x58, 0x22, 0x36, 0x12,
    0x96, 0x13, 0x39, 0x21, 0x18, 0x16, 0x15, 0x28, 0x4E, 0x89, 0xA7, 0x22, 0x82, 0x73, 0xDD, 0xD1,
    0xDD, 0x4A, 0xD9, 0x8A, 0x38, 0x76, 0xC0, 0x93, 0x9A, 0x9F, 0x88, 0x30, 0xC1, 0x46, 0x9D, 0x52,
    0xF6, 0xCD, 0x21, 0x58, 0xCD, 0xAE, 0x1F, 0x19, 0x9D, 0xBA, 0x9D, 0x05, 0x95, 0x66, 0xB2, 0xAD,
    0xC4, 0xB8, 0xB7, 0x07, 0x4E, 0x31, 0x64, 0xED, 0xA1, 0xA4, 0xEB, 0xB0, 0xEC, 0x06, 0xA2, 0x29,
    0x7C, 0x8B, 0x33, 0x12, 0xBC, 0x26, 0x6A, 0x0E, 0x53, 0xCD, 0xE8, 0xC4, 0xC1, 0x2B, 0xC6, 0x80,
    0xB7, 0x99, 0xD0, 0xCA, 0x8B, 0xC7, 0x24, 0x74, 0x13, 0xFE, 0x36, 0xE1, 0x7E, 0xB7, 0x79, 0x0C,
    0xDB, 0x3C, 0x9E, 0x6D, 0xC6, 0x60, 0x93, 0x1F, 0x8D, 0x3D, 0x64, 0x78, 0xD3, 0x43, 0x15, 0xAE,
    0x67, 0xB1, 0xDD, 0xD5, 0x3C, 0x27, 0x01, 0xC9, 0xE8, 0xC3, 0x5A, 0x22, 0xDD, 0x82, 0xCC, 0x70,
    0xB4, 0xC7, 0x8A, 0xFA, 0xB4, 0xEC, 0x5E, 0xE0, 0xAD, 0x1D, 0xEB, 0x2C, 0x4C, 0x36, 0xB9, 0xF8,
    0x02, 0x75, 0xD6, 0x61, 0xFD, 0x60, 0x21, 0xB8, 0xF4, 0xB8, 0xE8, 0x7D, 0x50, 0xC2, 0xAB, 0x31,
    0xF7, 0xB0, 0x90, 0x2C, 0xCF, 0x4B, 0x80, 0x60, 0x24, 0x0A, 0xFB, 0xD6, 0x93, 0xC7, 0x78, 0x1D,
    0xC8, 0xE6, 0xC9, 0x7A, 0x9F, 0x6D, 0x70, 0xB6, 0x41, 0xBE, 0xCF, 0x74, 0x62, 0x2D, 0x7B, 0x8E,
    0x85, 0xEC, 0x88, 0x65, 0xF6, 0xB3, 0xA7, 0x1F, 0x14, 0x26, 0x67, 0x3E, 0x20, 0x25, 0xE9, 0xBC,
    0xCC, 0x6B, 0xA0, 0x15, 0xAF, 0x90, 0x9D, 0x5C, 0x72, 0x76, 0x49, 0xEE, 0xB1, 0xB9, 0x40, 0xF4,
    0x23, 0x9E, 0x41, 0x51, 0x7B, 0xC9, 0x6E, 0x01, 0x36, 0xAC, 0x16, 0xBC, 0x47, 0x1E, 0x0C, 0x44,
    0x03, 0x93, 0xE2, 0x42, 0x79, 0x45, 0x41, 0x6D, 0x6D, 0x36, 0x90, 0x1D, 0xB1, 0x98, 0x50, 0xCB,
    0x78, 0x4E, 0x0A, 0x41, 0x32, 0x36, 0x76, 0x40, 0xFF, 0x86, 0x65, 0x3D, 0xAE, 0xDA, 0x6F, 0x91,
    0xE8, 0x66, 0x14, 0x5C, 0xBA, 0x4A, 0x51, 0x2D, 0x47, 0xA2, 0x37, 0x90, 0x4D, 0x80, 0x34, 0x62,
    0xBF, 0xB3, 0xCB, 0xFC, 0xC1, 0x26, 0x3C, 0x81, 0x7B, 0x6A, 0xF5, 0x8D, 0xE4, 0x86, 0x26, 0x5D,
    0x40, 0x88, 0x3B, 0x67, 0x6F, 0x72, 0x05, 0xFF, 0x4F, 0x60, 0x82, 0x85, 0xBA, 0x51, 0xE1, 0x1A,
    0xB7, 0xC5, 0xDE, 0x2E, 0x99, 0x0C, 0xA4, 0x44, 0x63, 0xCE, 0xEF, 0x17, 0xBA, 0xB5, 0x00, 0xEE,
    0xBC, 0x73, 0x9B, 0x0D, 0xD5, 0xCB, 0xE2, 0xE6, 0xF3, 0xEA, 0x71, 0xDA, 0x29, 0x7B, 0xC8, 0x04,
    0xC2, 0x0D, 0xD2, 0x10, 0x89, 0x69, 0xCA, 0x90, 0x73, 0x70, 0x59, 0x1E, 0x32, 0xD1, 0x33, 0x21,
    0x7B, 0xE3, 0xB0, 0x31, 0x63, 0xE6, 0x57, 0xB0, 0xB5, 0x96, 0xB3, 0x07, 0x71, 0xEA, 0xCA, 0x8E,
    0x02, 0x2D, 0x66, 0x82, 0x69, 0xB9, 0x29, 0x96, 0xFB, 0x36, 0xF7, 0x79, 0x89, 0xC1, 0x29, 0xC9,
    0xE0, 0xDB, 0x34, 0x6D, 0x49, 0xBC, 0x1F, 0x7B, 0x3F, 0x6F, 0x0E, 0x00, 0x11, 0x7B, 0xC9, 0xCE,
    0x6B, 0xE6, 0x0B, 0x96, 0x71, 0xFE, 0x4F, 0x6F, 0x2F, 0xB8, 0xFC, 0xD4, 0xEF, 0x82, 0x7F, 0x5A,
    0x04, 0x14, 0x9E, 0x9E, 0xDB, 0xA4, 0xB6, 0x92, 0x18, 0xFB, 0x80, 0x67, 0x20, 0x1D, 0x8D, 0x8C,
    0xA9, 0x43, 0x20, 0x47, 0x53, 0x20, 0x1C, 0xE5, 0x5D, 0x41, 0x27, 0xFD, 0x30, 0x25, 0xE9, 0x27,
    0x03, 0x61, 0xE1, 0x91, 0x67, 0x32, 0x8B, 0xF6, 0xAF, 0x1B, 0xD9, 0x2A, 0x26, 0x1B, 0x28, 0x11,
    0xD5, 0x70, 0x2B, 0x49, 0x79, 0xCF, 0x70, 0x23, 0xB5, 0xDC, 0xF4, 0x69, 0x18, 0xEA, 0x84, 0x93,
    0x44, 0xBA, 0xF5, 0x99, 0x13, 0x30, 0x53, 0x49, 0xBF, 0xC8, 0x8E, 0x46, 0xB2, 0x0A, 0x57, 0x5B,
    0xCE, 0x4B, 0x8C, 0xB1, 0x25, 0x31, 0x9B, 0x9D, 0xEC, 0xF2, 0x65, 0x9F, 0x31, 0x0B, 0x01, 0xA0,
    0xDA, 0x5A, 0x7C, 0xB0, 0x8A, 0xB8, 0x5A, 0x41, 0xAC, 0x9D, 0x41, 0x21, 0xE3, 0xE7, 0x38, 0x33,
    0x91, 0x11, 0x67, 0x7B, 0x6D, 0xFA, 0xD8, 0x66, 0x48, 0xFD, 0x8E, 0x46, 0x11, 0xAD, 0xB0, 0x1D,
    0x92, 0x2E, 0xDF, 0xE1, 0xC1, 0xB3, 0x3D, 0xE3, 0xFC, 0x94, 0xDB, 0xF8, 0x0F, 0xCB, 0xBD, 0x41,
    0x57, 0x18, 0x20, 0x01, 0x99, 0x4E, 0xB1, 0x6F, 0x75, 0x8A, 0xFD, 0xF9, 0xE3, 0x47, 0xDB, 0x85,
    0x8F, 0x8D, 0x26, 0x49, 0xA4, 0xC9, 0x55, 0x63, 0x4A, 0xB7, 0xFA, 0x8A, 0xBD, 0x6D, 0xAA, 0x61,
    0x40, 0x46, 0xDF, 0x37, 0xA0, 0xD6, 0xF6, 0x25, 0xF3, 0x65, 0x13, 0x54, 0x2C, 0x00, 0xEB, 0xB0,
    0x31, 0xA7, 0xAA, 0x0D, 0x6A, 0xA7, 0x2C, 0x89, 0x7C, 0x3F, 0xCF, 0x5F, 0x30, 0xEE, 0x3B, 0x29,
    0x6C, 0x6D, 0x1A, 0xFA, 0xB7, 0x0D, 0x2C, 0x6D, 0xBB, 0xA3, 0x35, 0xB7, 0xD1, 0x9F, 0xC5, 0xF0,
    0x1E, 0x20, 0x16, 0x7F, 0x23, 0x5F, 0x4C, 0xB4, 0xD7, 0xBF, 0xCC, 0x7B, 0x74, 0x0F, 0x79, 0x8F,
    0xBF, 0xEA, 0xDE, 0xFD, 0x63, 0x05, 0x2F, 0x3D, 0x76, 0x95, 0x5D, 0xC6, 0xAB, 0x6C, 0x4A, 0xAF,
    0xB3, 0xB5, 0x3E, 0xAA, 0x6C, 0xA6, 0x3A, 0xE9, 0xC2, 0x3F, 0x4F, 0x3C, 0xA8, 0xA5, 0x63, 0x83,
    0x0D, 0x22, 0xC6, 0x24, 0x17, 0x3B, 0xE9, 0xF9, 0x4A, 0x7C, 0x00, 0x6F, 0x00, 0xC6, 0x6F, 0xB3,
    0xB6, 0xF2, 0x3F, 0x68, 0xBF, 0xCD, 0xA0, 0x72, 0xF9, 0xF6, 0x3E, 0x24, 0x2A, 0xEA, 0x27, 0x18,
    0x6A, 0xA9, 0x03, 0x91, 0xE3, 0x14, 0xC7, 0xB1, 0xB2, 0xB1, 0x5B, 0x0F, 0xA2, 0x89, 0x52, 0xDC,
    0x2E, 0x66, 0xB8, 0x78, 0x94, 0x5A, 0x7C, 0x2D, 0x79, 0x61, 0x19, 0x88, 0x0C, 0x2A, 0x60, 0x2B,
    0x9F, 0x01, 0x58, 0x83, 0x0A, 0x5A, 0xC3, 0x75, 0x04, 0x2C, 0x62, 0xC1, 0x20, 0x65, 0x15, 0x33,
    0x29, 0x38, 0x8A, 0xF1, 0x4F, 0xD0, 0x9B, 0x5D, 0x41, 0x3B, 0x26, 0xE7, 0x4F, 0x17, 0x9C, 0x83,
    0xCD, 0xCE, 0x4D, 0x2D, 0x6D, 0xA6, 0x6E, 0xB1, 0xD6, 0x4C, 0x56, 0x00, 0xC2, 0x11, 0xAF, 0xE4,
    0x1A, 0x5C, 0x90, 0x43, 0xE7, 0x65, 0x40, 0xED, 0x49, 0xBC, 0xBA, 0xEA, 0x42, 0x37, 0x0B, 0x59,
    0xE1, 0x0D, 0x5E, 0x2E, 0xC9, 0x4F, 0x59, 0xE1, 0x31, 0xE3, 0x9C, 0xB8, 0xB9, 0xD0, 0xCD, 0xBE,
    0xE9, 0xFC, 0x32, 0x14, 0x75, 0x38, 0x0D, 0xC2, 0xB5, 0x37, 0xBB, 0x84, 0xF4, 0xA3, 0x46, 0xE8,
    0xD3, 0x1D, 0x77, 0x35, 0x36, 0x17, 0x8D, 0x4D, 0x5B, 0xD8, 0xB3, 0xB5, 0x1E, 0xD8, 0x1D, 0x5B,
    0xA8, 0x52, 0xF9, 0xA4, 0x69, 0xFC, 0x68, 0x50, 0xEE, 0xE9, 0xFF, 0xB4, 0x31, 0x23, 0x5B, 0xEC,
    0xB2, 0x39, 0xA8, 0x9E, 0x91, 0xA4, 0xB9, 0x6C, 0x15, 0x42, 0x1F, 0x4F, 0x42, 0xC2, 0x47, 0x5F,
    0x03, 0x79, 0xC4, 0x92, 0x2D, 0x7A, 0x79, 0xCA, 0x03, 0xE7, 0x57, 0x72, 0xAC, 0x5F, 0x10, 0xE3,
    0x63, 0xD6, 0xA7, 0x0E, 0x90, 0x46, 0x48, 0x54, 0xA4, 0xAB, 0x3C, 0x94, 0x9F, 0xD4, 0x9B, 0x46,
    0x04, 0xD5, 0x1E, 0x09, 0xAA, 0x42, 0xFA, 0x1D, 0xC9, 0xA3, 0xAE, 0xBE, 0x04, 0x01, 0x7A, 0x47,
    0x5F, 0x92, 0x71, 0x8B, 0xC6, 0x58, 0x5F, 0x94, 0x6A, 0xED, 0xA7, 0xD3, 0xAE, 0xB2, 0x50, 0xDF,
    0xF4, 0x65, 0xB6, 0xB1, 0x83, 0x22, 0x82, 0xE3, 0x1F, 0x34, 0x0B, 0x25, 0x15, 0x8F, 0x1A, 0x2F,
    0x1F, 0xB5, 0x25, 0x34, 0xB8, 0x62, 0xBB, 0x44, 0x22, 0x19, 0x58, 0x74, 0x51, 0xDA, 0x4F, 0x96,
    0xA1, 0xA5, 0x9B, 0x27, 0x3C, 0x18, 0xC4, 0x75, 0xF0, 0xC1, 0xED, 0xF6, 0xF6, 0x9D, 0x19, 0x1B,
    0xB5, 0x44, 0xB9, 0x73, 0x08, 0x5D, 0x95, 0x23, 0xB4, 0x50, 0x3C, 0x0F, 0x6A, 0xE5, 0xFF, 0xAB,
    0xFA, 0xAD, 0xA3, 0x33, 0xB6, 0xE6, 0xBE, 0x19, 0x5B, 0x73, 0xBF, 0x2C, 0xD7, 0xA1, 0x0E, 0x34,
    0x02, 0x6E, 0x33, 0x66, 0xE0, 0x88, 0x95, 0x35, 0x67, 0x68, 0xB2, 0x94, 0xC3, 0xA7, 0x6D, 0x2E,
    0xAE, 0x5E, 0x48, 0x36, 0x89, 0x21, 0x73, 0x4B, 0x16, 0x46, 0xBD, 0x31, 0xDC, 0x3E, 0x13, 0x2D,
    0x66, 0xF7, 0x77, 0x3B, 0xEB, 0xB3, 0x50, 0x59, 0xEF, 0xDC, 0x69, 0xC6, 0x1C, 0x4F, 0x2E, 0x86,
    0x9A, 0xAF, 0x8F, 0x06, 0xD5, 0x36, 0x24, 0xDF, 0xD7, 0xED, 0xF4, 0x1A, 0x42, 0xF2, 0x8D, 0x5C,
    0xB3, 0x9A, 0xDC, 0x5B, 0x2C, 0x77, 0xE5, 0x47, 0x2F, 0x5A, 0xD5, 0x21, 0xCF, 0xA3, 0xA5, 0xA6,
    0xDB, 0x56, 0xC4, 0xEA, 0xFB, 0x1A, 0x63, 0x7E, 0x70, 0xCE, 0x96, 0x91, 0x2D, 0x06, 0xBD, 0x03,
    0xF1, 0x41, 0xBC, 0x99, 0xBC, 0xEB, 0x4F, 0x1C, 0x52, 0xDE, 0xA2, 0xB0, 0x50, 0x23, 0x79, 0x4C,
    0x20, 0xEF, 0x72, 0x04, 0x6E, 0x97, 0xE5, 0xE8, 0x81, 0x18, 0x2D, 0xE8, 0xE0, 0xDD, 0xFC, 0x81,
    0x40, 0x78, 0xE2, 0x13, 0xA3, 0xED, 0x53, 0x57, 0xFE, 0xF5, 0x92, 0xC4, 0x96, 0xCB, 0x07, 0x4B,
    0x5B, 0xE1, 0x7F, 0x47, 0xDF, 0xA3, 0x45, 0x34, 0x60, 0xC2, 0x81, 0x6E, 0xF6, 0x75, 0x0C, 0xB6,
    0x50, 0x9E, 0x43, 0x0E, 0xF4, 0xB5, 0xFF, 0xDE, 0x58, 0x32, 0xC3, 0xF6, 0x4D, 0x02, 0x44, 0x2C,
    0xA6, 0x15, 0x93, 0x8A, 0x29, 0xC5, 0x84, 0x3A, 0x54, 0x45, 0xBE, 0xA6, 0x7B, 0x35, 0x64, 0xB4,
    0x89, 0x86, 0xE8, 0x34, 0x7E, 0xE8, 0xE4, 0x87, 0xCA, 0xCD, 0x49, 0x25, 0x79, 0x2D, 0x5E, 0xBF,
    0x33, 0x93, 0x9D, 0xF2, 0xAD, 0x04, 0x86, 0x6C, 0xBD, 0x02, 0x43, 0x37, 0xD1, 0x65, 0x7B, 0xA0,
    0x9A, 0x6C, 0xAE, 0x71, 0xE6, 0x5A, 0xCE, 0xF2, 0x32, 0x9E, 0x54, 0x48, 0x13, 0x2A, 0x6D, 0x42,
    0x25, 0xCE, 0x45, 0x35, 0x6E, 0x47, 0x4A, 0xFF, 0x91, 0xDA, 0xB9, 0xD7, 0x94, 0xBB, 0x4B, 0x0D,
    0x78, 0x14, 0x42, 0x02, 0x67, 0xAA, 0xEF, 0x65, 0xCC, 0x45, 0xCB, 0xF1, 0xAB, 0xB3, 0x32, 0x5D,
    0xD2, 0x7C, 0x7E, 0x46, 0x41, 0x5A, 0x57, 0xE8, 0x4A, 0xD1, 0xBC, 0xBE, 0xE8, 0x32, 0x27, 0x93,
    0x22, 0x42, 0x7D, 0xF1, 0xCD, 0x89, 0x7E, 0xAB, 0x24, 0x66, 0xFE, 0x95, 0x3F, 0x40, 0xB4, 0x04,
    0xCE, 0x01, 0x08, 0x74, 0xEE, 0xA9, 0x5B, 0x4B, 0xD5, 0x89, 0x63, 0x55, 0x48, 0x23, 0xBC, 0xFA,
    0xA7, 0xE6, 0x34, 0x96, 0x53, 0x19, 0xFF, 0x5E, 0xCE, 0x8A, 0x29, 0xE6, 0xA9, 0xAC, 0x24, 0x18,
    0xF8, 0x0D, 0x68, 0xB8, 0x1A, 0xF1, 0x9C, 0xCA, 0xBB, 0xC7, 0xEC, 0x1D, 0x6E, 0x30, 0xB4, 0xA3,
    0x2D, 0x0E, 0x71, 0x97, 0x9C, 0xDF, 0x7A, 0xFD, 0xBB, 0xE5, 0x59, 0x13, 0x7D, 0xD1, 0x2B, 0x76,
    0x4C, 0xB2, 0xE7, 0xBD, 0x3D, 0x25, 0xF1, 0x11, 0x80, 0xBC, 0x1C, 0x41, 0x7C, 0x7C, 0x31, 0xAD,
    0xA7, 0xD9, 0x0E, 0x9C, 0x9B, 0xFB, 0x6C, 0x0D, 0xF8, 0x94, 0x60, 0xA5, 0x9B, 0x8D, 0x70, 0x9C,
    0xFF, 0x92, 0x4C, 0xEE, 0xAF, 0x11, 0xAB, 0x75, 0x2D, 0x87, 0x1C, 0x69, 0x3E, 0x2D, 0xBE, 0xA7,
    0x11, 0x26, 0x29, 0x41, 0x31, 0xCE, 0xED, 0x4F, 0xEB, 0x3A, 0x43, 0x96, 0xD5, 0xC7, 0x91, 0xDB,
    0xF2, 0x3E, 0x40, 0xE6, 0x53, 0x6E, 0xCC, 0xF2, 0x87, 0x07, 0x41, 0x3B, 0x18, 0xEF, 0xF5, 0x42,
    0xAB, 0x5C, 0xF5, 0xFC, 0x17, 0x72, 0xF6, 0xDE, 0x90, 0xDF, 0x3B, 0xCD, 0xA7, 0x14, 0xC9, 0x5B,
    0xD6, 0x8A, 0x1E, 0xB1, 0x25, 0x75, 0x95, 0x2B, 0x86, 0x76, 0x78, 0xAB, 0xE4, 0xCE, 0x35, 0x5B,
    0xD1, 0xF5, 0xF8, 0x21, 0x2C, 0x01, 0x25, 0x23, 0x09, 0x20, 0x81, 0x23, 0x60, 0x14, 0x14, 0x01,
    0x22, 0x30, 0xAC, 0xB0, 0x95, 0x93, 0x10, 0x04, 0x80, 0xC0, 0x0F, 0xF0, 0x01, 0x3D, 0x80, 0x07,
    0xEC, 0x00, 0x5D, 0x87, 0xDC, 0xCD, 0xD3, 0x6A, 0x7C, 0x8A, 0xBF, 0x15, 0xCC, 0xB4, 0x3E, 0xFD,
    0xFB, 0xAA, 0xEA, 0x64, 0xFB, 0x86, 0xB9, 0xAE, 0x79, 0xCF, 0xE9, 0xD9, 0x4F, 0xB1, 0xF8, 0x34,
    0x81, 0x38, 0x9F, 0x5C, 0x7A, 0x61, 0xE2, 0x2F, 0xF1, 0xF5, 0x06, 0xEC, 0xF3, 0x0A, 0xF2, 0xAA,
    0xDC, 0x45, 0xBF, 0xF0, 0x8C, 0x4C, 0xFA, 0xEB, 0x5B, 0x8E, 0xC7, 0x1E, 0x95, 0x6F, 0xA9, 0xC4,
    0xB3, 0xAF, 0xEA, 0xBD, 0xBE, 0x58, 0x5B, 0x64, 0x77, 0x06, 0xD8, 0xCD, 0x57, 0x91, 0xDD, 0x4F,
    0x95, 0x4A, 0xC8, 0x2F, 0xF9, 0x6E, 0xA1, 0x66, 0x9C, 0x80, 0x14, 0xA9, 0x30, 0x0A, 0x8A, 0x4F,
    0x7C, 0xD1, 0x89, 0x79, 0x9F, 0x22, 0xE9, 0xAB, 0x66, 0xA9, 0x53, 0x2E, 0x16, 0xC0, 0x15, 0xA7,
    0xD9, 0x83, 0xBF, 0xA6, 0x5A, 0x2F, 0xC0, 0x8B, 0x91, 0xAA, 0x43, 0x45, 0x47, 0xDD, 0xA4, 0xCC,
    0xE0, 0xA5, 0x0A, 0x84, 0x72, 0x97, 0x44, 0x8D, 0xA7, 0x13, 0x7B, 0x79, 0x57, 0x63, 0x2C, 0x83,
    0x78, 0x32, 0x7E, 0x38, 0xA6, 0x7C, 0x89, 0x5C, 0x00, 0x97, 0x8B, 0x22, 0xDA, 0xB6, 0xE2, 0xDA,
    0xD6, 0x88, 0xD3, 0x4F, 0xF4, 0x33, 0x17, 0x7F, 0x94, 0xDF, 0xDF, 0x51, 0x8B, 0x79, 0x1E, 0xCA,
    0x3B, 0x53, 0xD9, 0x59, 0x65, 0x57, 0xA6, 0x96, 0x38, 0xC3, 0xA6, 0x54, 0x66, 0x72, 0x44, 0xE2,
    0xAE, 0x5C, 0xFE, 0x69, 0x89, 0x29, 0xB1, 0x9F, 0xF7, 0x76, 0x09, 0x04, 0x79, 0x3B, 0xD9, 0x1B,
    0x05, 0xB0, 0xA6, 0xCB, 0x90, 0xA6, 0xB9, 0x21, 0x97, 0x23, 0x6A, 0xF3, 0xAE, 0x5C, 0xEE, 0x86,
    0xB9, 0x23, 0x25, 0xB3, 0xCE, 0x34, 0xCC, 0x05, 0xF7, 0xA9, 0x9F, 0x86, 0xB2, 0x23, 0x87, 0x4F,
    0x51, 0xBE, 0x21, 0x97, 0xFC, 0xB2, 0xEE, 0x5D, 0xB9, 0x2C, 0x4D, 0xF2, 0x22, 0x40, 0x8B, 0x5E,
    0xA7, 0x95, 0xF0, 0x92, 0xEC, 0x2E, 0x7B, 0x75, 0xAC, 0xD5, 0x48, 0x26, 0xFE, 0x43, 0xE2, 0x2A,
    0xF1, 0xB8, 0xD9, 0xB2, 0xD7, 0x2D, 0x61, 0xEC, 0x6D, 0xEA, 0x5B, 0xF2, 0x79, 0x45, 0x28, 0x13,
    0xB0, 0xBB, 0xDD, 0xF6, 0xD9, 0x85, 0xBA, 0xDF, 0x1D, 0xA3, 0xD4, 0x7D, 0x76, 0x50, 0x0B, 0x6F,
    0xF8, 0x05, 0x0B, 0x5D, 0x84, 0x47, 0xDC, 0x15, 0xA9, 0x76, 0xDB, 0x84, 0x4B, 0x57, 0x8D, 0x10,
    0x39, 0x1E, 0x81, 0xD3, 0xCF, 0x02, 0xB8, 0x15, 0x49, 0x1A, 0x9D, 0x36, 0x0D, 0xB1, 0xC1, 0xBE,
    0xCF, 0x89, 0xDB, 0x26, 0xAA, 0xE9, 0x7F, 0xCD, 0x9F, 0x55, 0x44, 0xED, 0xED, 0xB7, 0x4A, 0x5A,
    0x9A, 0x9B, 0x6E, 0x49, 0xAB, 0x6E, 0xC3, 0x2B, 0x88, 0xCA, 0x23, 0x9F, 0x05, 0xC4, 0xF5, 0x30,
    0x27, 0x9E, 0xD9, 0x0D, 0xF9, 0xC5, 0x48, 0x65, 0xCC, 0x19, 0xE5, 0x3C, 0xA1, 0x61, 0x7B, 0xE9,
    0xA6, 0xC9, 0xC8, 0x14, 0xB8, 0xE1, 0xBC, 0x49, 0xF4, 0xD8, 0x0E, 0xBE, 0xC4, 0xA4, 0xA8, 0x79,
    0x23, 0x5D, 0x52, 0x72, 0x61, 0xD2, 0x89, 0xB1, 0xB3, 0xB0, 0x21, 0x50, 0x1D, 0x60, 0xE1, 0x14,
    0x4F, 0xB8, 0x44, 0x5F, 0xBC, 0x71, 0x77, 0xE0, 0xA2, 0xCB, 0x56, 0xB2, 0x4B, 0x21, 0xD9, 0xCA,
    0x24, 0x38, 0x78, 0xAB, 0xAC, 0x08, 0x17, 0xD9, 0x24, 0x99, 0xA3, 0x92, 0x96, 0xB8, 0x3F, 0x94,
    0xD8, 0xFA, 0x48, 0x62, 0x4D, 0x60, 0xDD, 0x12, 0x71, 0x72, 0x7F, 0xE6, 0xCB, 0xA6, 0xAB, 0x73,
    0xA2, 0x53, 0x50, 0x63, 0xE6, 0xCE, 0x0B, 0x63, 0x4B, 0xD7, 0xFA, 0xF0, 0xC6, 0x91, 0x7B, 0xE3,
    0x66, 0x1F, 0xB9, 0x37, 0x4E, 0xD9, 0x5E, 0x37, 0xD6, 0x88, 0xB5, 0xE1, 0x6B, 0x85, 0xB2, 0x58,
    0xFA, 0x83, 0x2D, 0xE9, 0xE7, 0xFB, 0x44, 0x8A, 0xF8, 0x99, 0xBE, 0xBC, 0xAE, 0xE1, 0x4F, 0x90,
    0x7C, 0x81, 0x4F, 0xB7, 0x0B, 0x4E, 0x99, 0xFA, 0x83, 0xE5, 0xE5, 0x20, 0x87, 0xCE, 0x99, 0xBC,
    0xB6, 0x20, 0xDA, 0xBB, 0xEF, 0xE0, 0x5D, 0xF1, 0xAF, 0x97, 0xF4, 0x8D, 0x4F, 0xCB, 0x9D, 0x88,
    0x61, 0x2A, 0x30, 0xE8, 0x1E, 0x08, 0xB7, 0x87, 0x16, 0xE4, 0xB8, 0xF5, 0x0C, 0x8E, 0x60, 0xB9,
    0x1B, 0xF8, 0xD3, 0x0C, 0x5B, 0x28, 0xAE, 0xDB, 0x9F, 0xF6, 0xA3, 0xCD, 0x06, 0xD3, 0xAF, 0x7B,
    0xB1, 0x25, 0xE9, 0x2B, 0xA9, 0x33, 0x0A, 0x07, 0xD5, 0xC4, 0xF2, 0x07, 0x1E, 0xF8, 0xF9, 0x67,
    0x50, 0x76, 0x97, 0xFC, 0x03, 0xE6, 0x3F, 0x5B, 0xD8, 0xAA, 0x35, 0xAC, 0x01, 0x4F, 0xC6, 0x91,
    0xA4, 0xAF, 0x40, 0xA3, 0xC9, 0x18, 0xA7, 0xE7, 0x06, 0xAF, 0x35, 0x3F, 0x66, 0x20, 0x77, 0x49,
    0x35, 0xFB, 0x77, 0x11, 0xD4, 0xB9, 0xB1, 0x2F, 0xD3, 0x09, 0x97, 0x94, 0xC5, 0x0B, 0x87, 0xCA,
    0x4C, 0xB4, 0xF4, 0x09, 0x91, 0x85, 0xF6, 0x83, 0x6F, 0xFC, 0x1E, 0x8B, 0xDC, 0xB9, 0xC4, 0x7E,
    0x79, 0x81, 0xF3, 0xC2, 0x66, 0x5C, 0xF0, 0x12, 0x23, 0xDD, 0x5B, 0xE2, 0x74, 0x29, 0xC9, 0xAE,
    0xCA, 0x35, 0x51, 0xAD, 0xA3, 0xE9, 0xBB, 0xE5, 0x5F, 0xDB, 0xCA, 0x50, 0x7D, 0x8B, 0x91, 0xCD,
    0x64, 0x06, 0x2A, 0xDA, 0xF5, 0x95, 0x58, 0x76, 0xAB, 0x98, 0xB5, 0x8F, 0x75, 0xFF, 0xA0, 0xC4,
    0x40, 0x5E, 0xD0, 0xF8, 0xEF, 0x8E, 0x64, 0x19, 0x89, 0x6F, 0x50, 0x57, 0xC2, 0x9B, 0x74, 0x67,
    0xF2, 0x68, 0xD2, 0xFC, 0xD5, 0x57, 0xB8, 0xF2, 0x14, 0xA1, 0x1D, 0x1D, 0xC0, 0x63, 0x97, 0xBA,
    0x4D, 0x7C, 0xCB, 0x2F, 0xB8, 0xDE, 0xEB, 0x52, 0x40, 0x53, 0x33, 0xF8, 0xB3, 0x20, 0x56, 0x09,
    0x92, 0x26, 0x98, 0xD3, 0xC4, 0xF9, 0x65, 0xBE, 0x5E, 0x3E, 0x99, 0x93, 0x16, 0x21, 0xA1, 0x1E,
    0x8E, 0xE9, 0xE6, 0x30, 0x27, 0x8D, 0x72, 0x42, 0xBC, 0xB4, 0x99, 0x4D, 0x7B, 0x87, 0x5D, 0xF1,
    0xDD, 0x8C, 0xF4, 0x38, 0x7D, 0x35, 0xE2, 0x97, 0x1B, 0x8D, 0xF8, 0x75, 0x66, 0x5B, 0xA6, 0x4C,
    0xA6, 0x3B, 0xA6, 0x60, 0x01, 0x95, 0xCA, 0xB6, 0xC4, 0x97, 0x15, 0xAD, 0x74, 0xB1, 0x7E, 0xD8,
    0x56, 0x0F, 0x47, 0xC5, 0x51, 0x35, 0xB3, 0x9F, 0x1A, 0xB4, 0x5E, 0xEE, 0x92, 0xCA, 0xDD, 0xA6,
    0xFD, 0xA3, 0x76, 0x78, 0x3F, 0x10, 0x8C, 0x56, 0x34, 0x5F, 0x4D, 0xAD, 0xEA, 0x56, 0x5E, 0x9D,
    0xB6, 0x1D, 0xF3, 0xC4, 0x62, 0x37, 0xFE, 0x54, 0x62, 0xC5, 0xD4, 0x39, 0xCF, 0x86, 0xEE, 0x05,
    0x9E, 0xCB, 0x33, 0x90, 0x9B, 0x4C, 0x62, 0xBC, 0xD9, 0x0B, 0xB9, 0x18, 0xD4, 0x66, 0xAE, 0x3E,
    0xE0, 0x95, 0xD5, 0xBD, 0x7B, 0xDB, 0xD7, 0x68, 0x65, 0xFC, 0x75, 0x11, 0xC0, 0x7B, 0x8E, 0x55,
    0x3B, 0xB5, 0xAA, 0x9C, 0x67, 0xFB, 0x5A, 0xE5, 0xBE, 0x1A, 0x3F, 0xD2, 0x56, 0xEC, 0x4E, 0x61,
    0xFB, 0x37, 0x1B, 0x6C, 0x5D, 0x82, 0xB5, 0x34, 0x95, 0x8E, 0x36, 0xD9, 0xE5, 0x2D, 0x9D, 0x7D,
    0xBB, 0x90, 0xF3, 0x45, 0x71, 0x6C, 0x83, 0xFD, 0x96, 0x69, 0xEC, 0xCE, 0xE4, 0x64, 0xA9, 0xDB,
    0xA5, 0xBF, 0xFB, 0xD2, 0xFD, 0xFD, 0x97, 0xFB, 0x75, 0x5B, 0x2C, 0xFA, 0x00, 0xC1, 0x72, 0x77,
    0xD6, 0x3C, 0x36, 0xC3, 0x12, 0x92, 0xB3, 0xBA, 0x01, 0x32, 0x51, 0x17, 0xA2, 0xF3, 0x0C, 0x96,
    0x02, 0x65, 0xFF, 0x03, 0xED, 0x5C, 0x3D, 0x8C, 0x1D, 0xD7, 0x75, 0xBE, 0x33, 0xB3, 0xDC, 0xB1,
    0x34, 0xE4, 0xCE, 0x16, 0xB4, 0xA3, 0x1F, 0x4A, 0x4F, 0x85, 0x0A, 0x21, 0x21, 0xF9, 0x58, 0xA8,
    0x60, 0xB1, 0xDC, 0x19, 0xC6, 0x40, 0x5C, 0xB8, 0x08, 0x0B, 0x13, 0x01, 0x92, 0x22, 0x2E, 0x52,
    0x24, 0x76, 0x10, 0xBA, 0x60, 0xC1, 0x62, 0xB9, 0x6F, 0x2C, 0x97, 0x06, 0x02, 0x35, 0x4E, 0x80,
    0x54, 0x2C, 0x54, 0x44, 0x9B, 0x20, 0xDC, 0x42, 0x40, 0x18, 0x63, 0x97, 0x33, 0x12, 0x0B, 0x05,
    0x48, 0xE1, 0xE7, 0x04, 0x48, 0x63, 0x20, 0x7E, 0xB1, 0x65, 0x1B, 0x91, 0x82, 0x70, 0x14, 0x8F,
    0x82, 0x47, 0x72, 0xDE, 0x9B, 0x9C, 0xEF, 0x9C, 0x73, 0xEF, 0x9D, 0xD9, 0x5D, 0x52, 0x32, 0x60,
    0x41, 0xB2, 0xC4, 0x21, 0xF6, 0xCD, 0xBC, 0xC7, 0x99, 0xFB, 0x73, 0xCE, 0xB9, 0xE7, 0xF7, 0xBB,
    0x63, 0x0C, 0x8E, 0xE0, 0x55, 0x3E, 0x99, 0xA4, 0x96, 0x73, 0xDA, 0xD0, 0xC7, 0x33, 0xF7, 0x4D,
    0x44, 0xE7, 0xA4, 0xEB, 0x1A, 0x43, 0xBF, 0x4F, 0xA6, 0x41, 0x77, 0x71, 0x66, 0xA2, 0x85, 0x31,
    0x59, 0x57, 0x98, 0x94, 0x7E, 0x4A, 0xEF, 0xD1, 0x75, 0x45, 0xB7, 0xCC, 0x8C, 0xE9, 0x72, 0x63,
    0xE2, 0xDA, 0x84, 0x4B, 0x7A, 0x92, 0x1E, 0x8B, 0x5A, 0x9C, 0xE7, 0xD2, 0x12, 0x7D, 0xC1, 0xED,
    0x38, 0x8F, 0x67, 0x72, 0xC6, 0x63, 0xEE, 0x1C, 0xCF, 0x4D, 0x59, 0xA0, 0xFB, 0xC6, 0x94, 0x39,
    0xBA, 0xAF, 0x4D, 0x67, 0x7A, 0x67, 0x7A, 0x88, 0xCF, 0x74, 0x33, 0x9F, 0x27, 0x85, 0x29, 0x71,
    0xA6, 0x2F, 0x13, 0x3A, 0x85, 0x18, 0x52, 0xCE, 0xCD, 0x98, 0x71, 0x65, 0x64, 0x68, 0x53, 0xFA,
    0xBF, 0xCA, 0x0F, 0x29, 0x58, 0x9A, 0x71, 0xC3, 0x6D, 0x74, 0x18, 0x29, 0xFD, 0xB0, 0xA3, 0x73,
    0x36, 0xE6, 0x82, 0xB6, 0x65, 0xD0, 0xEA, 0x31, 0x73, 0xD6, 0x04, 0xDD, 0x6C, 0xC3, 0xA4, 0x3F,
    0xA4, 0x79, 0x67, 0x86, 0xA6, 0xDA, 0x9A, 0x3D, 0x13, 0xCE, 0xE9, 0x23, 0xAA, 0xE9, 0x9A, 0x5A,
    0xA6, 0x8F, 0x2A, 0xA0, 0xB9, 0x14, 0xF4, 0x6B, 0x86, 0x5F, 0x33, 0x50, 0x6E, 0x93, 0x7E, 0x35,
    0xDB, 0xF4, 0x2B, 0x7D, 0x64, 0x86, 0xBE, 0x12, 0x09, 0xC6, 0x11, 0xC6, 0x42, 0x6D, 0x98, 0xE0,
    0x35, 0xE3, 0x8E, 0xB3, 0xF6, 0x42, 0x86, 0x82, 0x8E, 0x0B, 0xBD, 0x18, 0x15, 0x46, 0x7E, 0x1B,
    0x9B, 0xA8, 0xEB, 0xF0, 0x2C, 0x4D, 0xAA, 0xA4, 0x46, 0x42, 0x34, 0xC2, 0xD4, 0x02, 0x65, 0x31,
    0x5D, 0x83, 0xF9, 0x60, 0xFE, 0x01, 0x68, 0x7B, 0x1B, 0x84, 0x00, 0x71, 0x17, 0x20, 0xAC, 0xBD,
    0x0F, 0x17, 0x21, 0x2E, 0x92, 0x82, 0xD9, 0x41, 0x0D, 0xE2, 0xD7, 0x5A, 0x2F, 0x62, 0x5C, 0x9C,
    0xC1, 0x17, 0x3C, 0xB9, 0x61, 0x84, 0x6E, 0x7C, 0x31, 0x42, 0x13, 0x57, 0x8D, 0x50, 0xD4, 0xEC,
    0xDA, 0x3E, 0x71, 0x5F, 0x86, 0x3E, 0xA7, 0xDA, 0x39, 0x77, 0x05, 0x6E, 0xC4, 0xB9, 0x5E, 0xA4,
    0x4A, 0x49, 0x6E, 0x98, 0xEF, 0xB9, 0xC6, 0x84, 0xA7, 0x11, 0xD4, 0xCA, 0xCD, 0xA4, 0x62, 0x69,
    0x5B, 0x06, 0xA5, 0x88, 0x1F, 0x44, 0x8C, 0x8F, 0x27, 0x5F, 0xF7, 0x54, 0x32, 0xA1, 0x50, 0x82,
    0x47, 0xA2, 0xE3, 0x30, 0xFC, 0xE8, 0x25, 0xB3, 0x12, 0x17, 0x20, 0x79, 0x76, 0x97, 0x3A, 0x98,
    0x99, 0xB2, 0xA1, 0x26, 0xAA, 0x80, 0xA6, 0x17, 0xDF, 0xAD, 0x30, 0xB9, 0xB5, 0x31, 0xCF, 0x68,
    0x25, 0x93, 0xA7, 0xAE, 0xB3, 0x28, 0x10, 0x41, 0x98, 0xDE, 0x4D, 0x74, 0x17, 0x8D, 0xD7, 0x29,
    0xF8, 0x1E, 0xCD, 0x36, 0xB6, 0xB8, 0xD5, 0x9A, 0x89, 0xF3, 0x9D, 0x37, 0xEB, 0x53, 0xD4, 0xE3,
    0xEF, 0x47, 0x33, 0x9A, 0x71, 0xD6, 0x46, 0x3F, 0xA5, 0x69, 0x66, 0x75, 0x82, 0xE7, 0xB2, 0x22,
    0x01, 0x21, 0x9F, 0x32, 0xE1, 0xAB, 0xE6, 0x91, 0xC7, 0x59, 0x93, 0x4C, 0xFB, 0xDF, 0xD3, 0x1F,
    0x96, 0x83, 0xFF, 0x8F, 0xC0, 0xD2, 0xFE, 0xD1, 0x55, 0xC3, 0xEF, 0x9B, 0x47, 0x36, 0x7B, 0xD2,
    0x7C, 0x91, 0xE9, 0xB1, 0x6E, 0x9F, 0xA2, 0xA3, 0xD0, 0x33, 0xC6, 0xF7, 0x6C, 0xF7, 0xEA, 0xB3,
    0x2D, 0x68, 0xF9, 0xEE, 0xF7, 0xFE, 0xA0, 0xB3, 0xAB, 0x23, 0x67, 0xA6, 0xF3, 0xC0, 0xCD, 0x3E,
    0x73, 0x37, 0xA6, 0xCE, 0xC6, 0xCC, 0x87, 0x96, 0x05, 0x01, 0xDC, 0x2A, 0x31, 0x00, 0x12, 0x68,
    0x88, 0xCA, 0x1A, 0x44, 0x8D, 0xA9, 0x3F, 0x67, 0x61, 0x5A, 0xB1, 0x8F, 0xB3, 0xD0, 0x2C, 0x99,
    0x13, 0xFC, 0x38, 0xCB, 0x8E, 0xAC, 0x1A, 0xE1, 0xE6, 0x4C, 0xD9, 0x2E, 0x8F, 0x63, 0x31, 0xA8,
    0x60, 0xB4, 0xC3, 0xEF, 0x23, 0x51, 0x32, 0xE3, 0x42, 0x9F, 0x9F, 0xC8, 0xF4, 0x59, 0xBC, 0x3A,
    0x4C, 0x40, 0xE6, 0x97, 0xE9, 0x1C, 0xF4, 0x71, 0x16, 0x70, 0x5A, 0xC5, 0xA2, 0x49, 0xAC, 0x9C,
    0xB7, 0xBA, 0x26, 0xAC, 0xB8, 0xB7, 0x3A, 0x24, 0x2B, 0xF5, 0xB5, 0x28, 0x22, 0xD1, 0x49, 0xD4,
    0xF5, 0xCC, 0x3D, 0xCE, 0xD3, 0xA1, 0x67, 0xF9, 0xF1, 0x6F, 0xA9, 0xEA, 0xEB, 0x74, 0x49, 0xCE,
    0x64, 0x45, 0xD0, 0xB3, 0x91, 0x5D, 0x4E, 0xF8, 0x4E, 0xCF, 0xA6, 0x2C, 0x26, 0x85, 0x10, 0x81,
    0x56, 0x6D, 0x36, 0xD3, 0x11, 0x97, 0x0B, 0xF3, 0x2C, 0xFD, 0x5F, 0x77, 0xFF, 0xF2, 0x4E, 0xC9,
    0x2A, 0x92, 0xB9, 0x12, 0x30, 0x77, 0xE8, 0x77, 0x22, 0xE3, 0x65, 0xCB, 0xC9, 0x63, 0x79, 0x9F,
    0x9F, 0xCC, 0x51, 0xCB, 0xCC, 0xE3, 0x58, 0x69, 0xCA, 0x49, 0x73, 0x82, 0xD7, 0x96, 0xB0, 0xD1,
    0xA4, 0x69, 0xEE, 0x78, 0x68, 0xD2, 0x4D, 0xCF, 0x40, 0x93, 0xB6, 0x9E, 0x7B, 0x32, 0x0D, 0x65,
    0x9D, 0x89, 0xA7, 0x3D, 0xBE, 0x45, 0xF9, 0x80, 0x69, 0x3D, 0x8E, 0xE5, 0x50, 0x39, 0xCA, 0x9E,
    0x74, 0x19, 0x56, 0xEE, 0xCB, 0x84, 0x07, 0x25, 0x8C, 0x0A, 0xAA, 0xF1, 0xD2, 0x71, 0x29, 0x2A,
    0xB8, 0x0B, 0x61, 0x51, 0x52, 0x05, 0x33, 0xC7, 0x9F, 0xA4, 0x8A, 0x0B, 0xC7, 0x9C, 0x38, 0x7F,
    0xBE, 0xCF, 0x99, 0x6B, 0x3D, 0xB6, 0xB0, 0xAA, 0xB2, 0x3C, 0x81, 0x72, 0x72, 0x0C, 0x39, 0xEB,
    0x0C, 0x11, 0x8D, 0xF3, 0x96, 0x39, 0xED, 0x58, 0x41, 0x8F, 0x5C, 0x70, 0x7C, 0x20, 0x99, 0xBC,
    0xE0, 0x98, 0x30, 0xEE, 0xF2, 0x0D, 0xC7, 0x81, 0x6B, 0xE3, 0xD9, 0x55, 0x4B, 0x7E, 0xB3, 0x9B,
    0x74, 0x53, 0x47, 0xFB, 0xAF, 0x07, 0x4E, 0xDF, 0xE2, 0x78, 0x51, 0x4E, 0xC1, 0x25, 0xB7, 0x0E,
    0x6B, 0x7B, 0x45, 0x3A, 0x25, 0xC0, 0x63, 0x4C, 0x89, 0x08, 0x63, 0x90, 0xAB, 0xE2, 0x0D, 0x23,
    0xEC, 0x8F, 0xDE, 0x9A, 0xB1, 0x0C, 0xD3, 0xFA, 0xFA, 0x51, 0xA5, 0xD2, 0xAA, 0x72, 0x4F, 0x57,
    0xC1, 0x82, 0xAF, 0xB6, 0x55, 0x47, 0x0B, 0x05, 0x5E, 0x75, 0x57, 0x38, 0x56, 0x2F, 0xCE, 0xC1,
    0x78, 0x62, 0xFD, 0xE4, 0xFF, 0x1A, 0x28, 0xF7, 0x37, 0x88, 0x6B, 0xB4, 0x32, 0x46, 0x1D, 0x8D,
    0x22, 0x9D, 0xD2, 0x0C, 0xAF, 0x26, 0xA4, 0x17, 0xB2, 0x9C, 0x74, 0x49, 0x0D, 0x26, 0xDD, 0x86,
    0xCD, 0xA9, 0x49, 0x35, 0x07, 0xB0, 0x3E, 0x61, 0x4D, 0xD7, 0x44, 0x31, 0x32, 0x17, 0x53, 0x5A,
    0xD1, 0x74, 0x13, 0x18, 0x33, 0xE2, 0x51, 0x42, 0xE3, 0x6E, 0xF1, 0xD8, 0x3A, 0xB1, 0x0D, 0x19,
    0x5B, 0x48, 0x2C, 0xFC, 0x6D, 0x93, 0xEC, 0xE1, 0xB6, 0x84, 0x04, 0xE9, 0x54, 0x1B, 0xD3, 0x6D,
    0x49, 0xD1, 0x9A, 0xAB, 0xF3, 0x53, 0x61, 0x97, 0xD3, 0x55, 0x38, 0x5D, 0x34, 0x49, 0x37, 0x4B,
    0x4D, 0x77, 0x33, 0xE8, 0xA6, 0x6B, 0x49, 0xBB, 0x66, 0x26, 0x73, 0x6A, 0xE5, 0x74, 0x48, 0x22,
    0xFC, 0x4C, 0x61, 0xFE, 0x84, 0xB4, 0xDF, 0xC4, 0xE9, 0xB6, 0x63, 0xF2, 0x11, 0xB0, 0x2C, 0x13,
    0x11, 0xC7, 0x1D, 0x14, 0x19, 0xC6, 0x4F, 0xF3, 0xC1, 0x5D, 0xA3, 0xA5, 0x33, 0xAC, 0xF1, 0xDC,
    0x4D, 0x9E, 0x45, 0x30, 0x68, 0x9D, 0x00, 0xB2, 0x24, 0x89, 0xDD, 0x61, 0x79, 0x10, 0xE1, 0x8B,
    0x6A, 0xA7, 0xF3, 0xC5, 0x29, 0x61, 0xC1, 0x63, 0x33, 0x25, 0x62, 0xC7, 0x77, 0x89, 0x1B, 0x20,
    0x96, 0x61, 0x69, 0x8D, 0x8C, 0xF6, 0xC3, 0x0F, 0x48, 0x3F, 0x13, 0xA7, 0xCF, 0x58, 0x4A, 0xB5,
    0x9F, 0xC5, 0x91, 0xA3, 0x69, 0xFD, 0x68, 0xE6, 0x83, 0xD1, 0x84, 0x7E, 0x34, 0x89, 0x1F, 0xCD,
    0x48, 0x47, 0x33, 0x85, 0x1B, 0xC1, 0xFD, 0x90, 0x46, 0xA0, 0xF6, 0x30, 0x9A, 0xD5, 0xEE, 0x83,
    0xCB, 0x57, 0xE6, 0x3C, 0x9A, 0x12, 0xF2, 0x58, 0x73, 0x3F, 0xEB, 0xAC, 0x01, 0xC2, 0xC6, 0xDB,
    0x03, 0x27, 0x76, 0xB2, 0x60, 0x8D, 0xB3, 0x73, 0x7C, 0x9C, 0x10, 0x83, 0x2A, 0xCE, 0xC1, 0x86,
    0xBB, 0xFC, 0xC0, 0x3D, 0x95, 0x74, 0x85, 0x7B, 0xEA, 0x6B, 0x8E, 0x37, 0x81, 0x5E, 0x09, 0x57,
    0x98, 0x00, 0xCC, 0x94, 0xA0, 0x70, 0x3C, 0xA9, 0x2D, 0xA9, 0xA0, 0x13, 0x85, 0x06, 0x98, 0x92,
    0x10, 0x2A, 0x2C, 0x2C, 0x9D, 0x86, 0x63, 0x4C, 0xDC, 0x95, 0x30, 0x63, 0xC5, 0xF1, 0x62, 0xDF,
    0xB2, 0x82, 0x35, 0x36, 0x73, 0x22, 0x73, 0xBE, 0x4A, 0x67, 0x9D, 0x95, 0xF0, 0x3B, 0xD6, 0x5B,
    0x91, 0x01, 0x30, 0x17, 0x60, 0x30, 0x75, 0x00, 0x95, 0xE3, 0x41, 0x65, 0x59, 0x40, 0x92, 0xAC,
    0x1C, 0xC8, 0x3C, 0x03, 0x1C, 0xFD, 0xF7, 0x1D, 0xF9, 0x5B, 0x47, 0xFD, 0xD6, 0x12, 0x1F, 0x64,
    0x16, 0xDA, 0xA3, 0x01, 0x21, 0x7D, 0x6F, 0x2E, 0x8E, 0xDC, 0x69, 0x75, 0xF8, 0x6A, 0xEC, 0x94,
    0x45, 0x76, 0x84, 0x69, 0xDE, 0xD3, 0xF3, 0x8A, 0xB1, 0xCD, 0x65, 0xA1, 0x6D, 0x2E, 0xEB, 0x1C,
    0x9B, 0xE6, 0x07, 0xCD, 0xF8, 0x97, 0xB8, 0xD5, 0x58, 0x78, 0x66, 0x15, 0x92, 0x76, 0x40, 0xF4,
    0x79, 0x52, 0x08, 0x09, 0x9A, 0xB5, 0x42, 0xC4, 0xB9, 0x28, 0x17, 0x9A, 0xC8, 0xD3, 0x8E, 0x0F,
    0xF1, 0xAC, 0x2F, 0x23, 0x3A, 0x64, 0xD2, 0x05, 0x11, 0xAF, 0x76, 0x56, 0x8B, 0x19, 0x35, 0x3E,
    0xC5, 0x8A, 0x8F, 0xC1, 0xFF, 0xD6, 0x3C, 0x41, 0xFF, 0xCD, 0x1E, 0x69, 0xCE, 0x6D, 0x65, 0xD2,
    0xD6, 0xB6, 0x9C, 0xF6, 0x85, 0x16, 0x2D, 0xDA, 0x7A, 0x01, 0x7E, 0x54, 0x5A, 0xEC, 0xE2, 0xAE,
    0xF1, 0xC5, 0x19, 0x37, 0x19, 0xB3, 0x57, 0x35, 0x19, 0xF3, 0x5D, 0x65, 0xCB, 0x3D, 0x92, 0x22,
    0xC0, 0xE9, 0x69, 0x47, 0xA8, 0x6C, 0x40, 0xAC, 0x7D, 0xD3, 0xD7, 0x77, 0x72, 0x52, 0xA1, 0x8F,
    0x78, 0xF4, 0xEB, 0x31, 0x0F, 0x7B, 0x9E, 0x0A, 0x21, 0x84, 0x50, 0xE5, 0xC0, 0x73, 0x32, 0xAF,
    0x8B, 0x6E, 0xCE, 0xD7, 0x0D, 0x4C, 0x69, 0x0B, 0xBA, 0x75, 0x35, 0x6B, 0x98, 0x08, 0x0B, 0xEC,
    0xCA, 0xA2, 0xA7, 0x63, 0x48, 0x9A, 0x62, 0x6E, 0x1F, 0xA4, 0x8D, 0xA6, 0x22, 0xA8, 0x01, 0x26,
    0x4F, 0x66, 0x94, 0x65, 0x35, 0xFA, 0x17, 0xFA, 0x24, 0xF3, 0x24, 0x4B, 0xFA, 0xCB, 0x30, 0x9D,
    0xB9, 0x78, 0x97, 0x31, 0x64, 0x3E, 0x55, 0xA1, 0x4D, 0x30, 0xDA, 0xE7, 0x75, 0x22, 0x6B, 0x98,
    0xC8, 0x19, 0x55, 0x21, 0xA7, 0xF0, 0xDB, 0x86, 0x4A, 0xEF, 0x69, 0xCC, 0xFB, 0xBC, 0x0A, 0xF0,
    0x79, 0x34, 0xBA, 0xAB, 0xF3, 0xBC, 0x0A, 0x79, 0xAC, 0x55, 0x8C, 0x77, 0x31, 0xB0, 0x99, 0x2E,
    0x25, 0xD2, 0xD9, 0x4D, 0x50, 0x29, 0x17, 0x21, 0xA9, 0x34, 0x34, 0x5E, 0x05, 0x30, 0xBA, 0x6D,
    0x54, 0xE8, 0x38, 0xE9, 0x4B, 0x19, 0x5B, 0xD5, 0x03, 0xB7, 0x3F, 0x55, 0x2F, 0x38, 0x21, 0x4A,
    0x8F, 0xFF, 0x52, 0x4D, 0x32, 0x08, 0x07, 0xDB, 0x2F, 0xBA, 0x48, 0xBF, 0x4C, 0x24, 0x76, 0x90,
    0x45, 0x78, 0xDB, 0xF2, 0x03, 0x5E, 0xCC, 0xC2, 0xAA, 0x00, 0x08, 0x1D, 0x2F, 0x95, 0x6E, 0xC1,
    0xCE, 0x27, 0xAF, 0xF7, 0x93, 0xF4, 0xEF, 0x80, 0x32, 0x3A, 0xF0, 0x25, 0xE9, 0x7B, 0xA9, 0xA9,
    0x57, 0x39, 0xC7, 0x61, 0x76, 0xFC, 0x9A, 0xD9, 0xE8, 0x7D, 0xF9, 0xA0, 0xF7, 0x7C, 0xDA, 0xD3,
    0x52, 0x5E, 0x4F, 0x59, 0x06, 0x33, 0xAB, 0x94, 0xBF, 0xDC, 0xB3, 0xB2, 0xD7, 0x69, 0x2B, 0xA2,
    0x12, 0xEB, 0x67, 0x65, 0x2E, 0x6B, 0x2C, 0xCB, 0xDB, 0xA9, 0x67, 0xED, 0x6A, 0xEE, 0x39, 0x6B,
    0x7A, 0x8C, 0x35, 0x3D, 0xBE, 0xF6, 0xD9, 0xDA, 0xE7, 0xEA, 0x9E, 0x67, 0x2A, 0x7B, 0xBC, 0xCA,
    0xD3, 0x6C, 0xEE, 0x58, 0x1A, 0xF0, 0xE0, 0x84, 0xA3, 0x21, 0x7A, 0xB1, 0x0C, 0xE5, 0xF5, 0xA8,
    0xFC, 0x64, 0x0D, 0x66, 0xD9, 0x59, 0x79, 0x6E, 0x62, 0xFD, 0x59, 0x66, 0x66, 0x3D, 0x5E, 0x66,
    0x3D, 0xEE, 0x6D, 0xF7, 0xAE, 0xDB, 0x1E, 0x23, 0x5B, 0xCF, 0x47, 0xAC, 0x4E, 0xCB, 0x46, 0x5E,
    0x9B, 0xCA, 0x45, 0x5C, 0x5B, 0x26, 0xAA, 0x7A, 0x38, 0xC4, 0xB6, 0xB4, 0x77, 0x3D, 0x2A, 0xFA,
    0x5C, 0xF3, 0xD7, 0x59, 0x8F, 0x4B, 0xDB, 0xBD, 0xEB, 0x3D, 0x77, 0xE5, 0x35, 0x1E, 0xDD, 0x1D,
    0xF9, 0x26, 0xBD, 0xD6, 0xA3, 0xD6, 0x9B, 0x87, 0x04, 0x47, 0xAB, 0xAE, 0x4F, 0xDB, 0xBF, 0xF5,
    0xDF, 0x45, 0x8E, 0x71, 0x3C, 0xFD, 0xC8, 0xF0, 0x6A, 0xC5, 0x9A, 0xB6, 0xCE, 0x64, 0x53, 0x0A,
    0xE3, 0x28, 0x9E, 0xBA, 0xF8, 0xA0, 0x86, 0xCE, 0x4B, 0xFF, 0x38, 0x79, 0xA5, 0x36, 0xDD, 0xCC,
    0x1C, 0x3F, 0xFB, 0x7C, 0x54, 0xB3, 0xDE, 0xDB, 0xB8, 0x16, 0xCD, 0x9E, 0xC0, 0xB4, 0xB7, 0x6A,
    0x22, 0x04, 0xE6, 0xFC, 0x8F, 0x15, 0x7D, 0xC5, 0x24, 0x1F, 0x14, 0xA3, 0x9C, 0x35, 0xEB, 0x5D,
    0x7C, 0x6E, 0xB3, 0x8B, 0x79, 0x81, 0x49, 0x1D, 0x23, 0xD6, 0x67, 0x65, 0x58, 0x93, 0xF6, 0x65,
    0x75, 0x38, 0x0D, 0xEB, 0xE3, 0xA0, 0xF0, 0xB8, 0x88, 0xEA, 0x6B, 0xA2, 0x65, 0xE3, 0x5F, 0xCC,
    0x40, 0xE7, 0x6D, 0x48, 0x36, 0x7A, 0xD8, 0x33, 0xE9, 0x82, 0x29, 0xFC, 0x02, 0x22, 0x44, 0x47,
    0xDE, 0xF1, 0x21, 0xC2, 0x3A, 0xAA, 0xEE, 0xDB, 0x0B, 0xEB, 0x14, 0x06, 0xD6, 0x5A, 0x84, 0x4A,
    0xE1, 0x75, 0x4B, 0xDE, 0xD6, 0xFA, 0x00, 0x9D, 0xBD, 0x77, 0x32, 0x7D, 0x04, 0x8D, 0xC8, 0x55,
    0xD6, 0xC6, 0x17, 0x1A, 0x6D, 0x71, 0xCE, 0x46, 0x84, 0xC0, 0xB6, 0x10, 0xCD, 0x0E, 0x3E, 0x16,
    0x59, 0x0E, 0x38, 0x8F, 0xC3, 0xB2, 0x34, 0xB4, 0x17, 0xF1, 0xD2, 0xBA, 0x25, 0x76, 0xF4, 0xE7,
    0x6D, 0x7B, 0xB5, 0x5E, 0x84, 0x95, 0x5E, 0xC4, 0x17, 0x75, 0x3E, 0x6B, 0xD6, 0xDB, 0xD9, 0xB0,
    0x1A, 0x65, 0x57, 0x2F, 0x82, 0x69, 0x2C, 0x17, 0x51, 0x91, 0xCC, 0xB4, 0xEB, 0x74, 0xAA, 0x03,
    0x56, 0xC7, 0x65, 0xFF, 0xF2, 0x15, 0xBE, 0x20, 0x57, 0x56, 0x52, 0x01, 0x44, 0x14, 0x91, 0x1E,
    0x5A, 0xE4, 0x22, 0x34, 0x9B, 0x96, 0xBC, 0x56, 0x03, 0xA2, 0xF9, 0xD2, 0x3A, 0x66, 0x92, 0x33,
    0xAA, 0x64, 0x12, 0x09, 0x79, 0x22, 0x57, 0x40, 0x8B, 0x49, 0xD7, 0x46, 0x1C, 0x9A, 0xAD, 0x9B,
    0x7E, 0x58, 0xBD, 0xCE, 0x1A, 0x01, 0x83, 0x7A, 0x8E, 0x89, 0xBF, 0xC6, 0x9A, 0x44, 0x02, 0x2E,
    0x21, 0x9D, 0x78, 0x40, 0x62, 0xBD, 0xA2, 0x3E, 0xF9, 0xCE, 0x33, 0x77, 0xF7, 0x98, 0x5C, 0xB8,
    0x33, 0xFD, 0x11, 0xA6, 0x7D, 0x81, 0x99, 0x59, 0x83, 0xDA, 0x51, 0x05, 0x07, 0x2F, 0x65, 0x29,
    0xD9, 0xE0, 0x39, 0x34, 0x18, 0x2E, 0x39, 0xF3, 0x88, 0x73, 0xAB, 0x08, 0xD1, 0x5D, 0x91, 0x92,
    0xEF, 0x3E, 0xCA, 0x37, 0xE6, 0x5F, 0x30, 0x59, 0xF0, 0x7E, 0x73, 0xDA, 0x64, 0xDF, 0xBD, 0xF3,
    0x7E, 0x6D, 0x26, 0xCB, 0x08, 0xE1, 0x40, 0x13, 0xD1, 0x9D, 0x4F, 0xE6, 0xE6, 0x86, 0x1F, 0x6D,
    0x52, 0xA0, 0x83, 0xA8, 0xE6, 0x30, 0x9A, 0x95, 0x81, 0xC9, 0x6A, 0xA5, 0x8E, 0x5F, 0x33, 0x27,
    0x99, 0xA2, 0x4B, 0x76, 0x3D, 0x5E, 0xD5, 0x9C, 0x99, 0xF5, 0xB4, 0xC4, 0x36, 0x45, 0x3E, 0xAA,
    0x17, 0x55, 0xAB, 0xEA, 0x42, 0x68, 0x2E, 0x04, 0x17, 0x6A, 0x0B, 0xA9, 0x4B, 0x17, 0x85, 0xAB,
    0x00, 0x8B, 0x03, 0x27, 0x2E, 0xDB, 0x87, 0x34, 0x56, 0x19, 0x1B, 0xF7, 0xAF, 0x76, 0x33, 0x71,
    0x8F, 0x79, 0x32, 0x1C, 0x72, 0x21, 0xF2, 0x42, 0xCC, 0x85, 0x68, 0x0B, 0x71, 0x16, 0x22, 0x2C,
    0xB0, 0x8E, 0xDB, 0x6F, 0x5C, 0x24, 0xC5, 0x6A, 0x00, 0xED, 0x95, 0xA4, 0x7F, 0xC9, 0xA4, 0x8D,
    0x88, 0x92, 0x2F, 0x6E, 0xAA, 0xA6, 0x9A, 0x4B, 0xE4, 0x83, 0x61, 0x90, 0xB5, 0x60, 0x25, 0x98,
    0x16, 0x85, 0x19, 0x91, 0x62, 0xCE, 0x12, 0xEA, 0x7A, 0x4B, 0xA2, 0x3D, 0xC8, 0xC1, 0x4B, 0xA6,
    0xCF, 0xFF, 0x0B, 0x32, 0xC4, 0xD1, 0x2B, 0x4B, 0x71, 0xD3, 0x6A, 0x91, 0xFE, 0xE2, 0x80, 0x0E,
    0xA4, 0xE3, 0x9B, 0xF7, 0x24, 0x87, 0x75, 0x93, 0x27, 0x50, 0x80, 0x94, 0x91, 0xD8, 0x5C, 0x18,
    0x27, 0xA2, 0x14, 0x14, 0xDB, 0x48, 0x32, 0x96, 0x14, 0xB0, 0x2D, 0xD8, 0x61, 0x65, 0xD7, 0x38,
    0xAD, 0x39, 0x2B, 0x9A, 0xD6, 0xBC, 0x36, 0xD3, 0x7A, 0x3C, 0xE5, 0x13, 0x2B, 0xC2, 0x54, 0xF8,
    0x98, 0xD6, 0x9C, 0x11, 0x1C, 0xCD, 0x38, 0x1F, 0x3A, 0x9E, 0x6A, 0xFA, 0x53, 0x25, 0x59, 0xB2,
    0x2E, 0xB9, 0x66, 0x79, 0x4A, 0x61, 0xE7, 0x44, 0x6C, 0x05, 0x58, 0x44, 0x03, 0x18, 0x4B, 0xB6,
    0x10, 0x54, 0x27, 0xDA, 0x68, 0x1E, 0x24, 0xD4, 0xFC, 0xEB, 0x84, 0x05, 0xC1, 0x84, 0x3B, 0x3D,
    0xBD, 0xBF, 0x66, 0x5E, 0x86, 0x89, 0x84, 0x73, 0xFD, 0x15, 0xE4, 0x4D, 0x7F, 0xAC, 0x6E, 0x83,
    0x30, 0x94, 0xF9, 0x19, 0x14, 0x5E, 0x9E, 0xD4, 0x08, 0xA5, 0x3F, 0x64, 0x5F, 0x92, 0x4D, 0xD4,
    0x1E, 0xFC, 0xBB, 0x56, 0x92, 0xA4, 0x89, 0x4F, 0x92, 0xE6, 0x83, 0x24, 0xE9, 0xF6, 0x23, 0x93,
    0xA4, 0xE1, 0x6B, 0x43, 0x85, 0x74, 0x4B, 0x4D, 0xD3, 0xF8, 0xF7, 0x34, 0x87, 0xD4, 0xCD, 0x34,
    0x85, 0xA6, 0x37, 0x0C, 0xDC, 0xEB, 0x5C, 0x75, 0x26, 0x84, 0x29, 0xA3, 0x65, 0x8E, 0xB4, 0x29,
    0x24, 0x03, 0x84, 0x0D, 0xD4, 0x51, 0x0A, 0x1A, 0x9F, 0x33, 0xB5, 0x29, 0x53, 0x9B, 0xE2, 0xD1,
    0x84, 0xA9, 0xCD, 0x97, 0xDA, 0x74, 0xA9, 0xCD, 0x96, 0xDA, 0x64, 0xA9, 0xCD, 0x95, 0xDA, 0x54,
    0xA9, 0xCD, 0x94, 0xB2, 0x54, 0xD7, 0x3E, 0x4F, 0x6A, 0xD3, 0xA4, 0x36, 0x4B, 0x5A, 0xAA, 0x86,
    0xB5, 0x39, 0x52, 0x9C, 0x9F, 0xD3, 0xA8, 0xE8, 0x7C, 0x2F, 0x41, 0x4A, 0x2C, 0x62, 0xE5, 0x62,
    0xD3, 0xA3, 0x2E, 0x3B, 0xDA, 0x4F, 0x8E, 0xA2, 0x8F, 0x1B, 0x70, 0x27, 0xCC, 0x2E, 0x2B, 0xEB,
    0xAB, 0xEC, 0x77, 0x6D, 0x34, 0x1A, 0x81, 0x3A, 0xBB, 0x2A, 0xE6, 0xE7, 0xA9, 0x03, 0x44, 0x4A,
    0x90, 0x48, 0x40, 0x96, 0xA3, 0xD5, 0xC4, 0xA9, 0xE4, 0x4D, 0x25, 0x6D, 0xAA, 0x59, 0x53, 0x49,
    0x9A, 0x4A, 0xCE, 0x74, 0x8E, 0x94, 0xA9, 0x64, 0x4C, 0x25, 0x61, 0x2A, 0xF9, 0xD2, 0xF4, 0x2D,
    0xA4, 0x4B, 0x47, 0x5F, 0x45, 0xB6, 0x34, 0xDB, 0x43, 0xB2, 0x54, 0x72, 0xA5, 0x59, 0x05, 0x4D,
    0xF9, 0xC4, 0xC1, 0x4C, 0xA9, 0x0D, 0x45, 0xC7, 0xDD, 0xC0, 0x17, 0xA4, 0xA5, 0x77, 0x52, 0xB5,
    0x08, 0x3B, 0xAC, 0xE1, 0x52, 0x34, 0x76, 0x28, 0x51, 0x34, 0xD6, 0xFC, 0xAD, 0xCF, 0x29, 0x97,
    0x25, 0xCF, 0xCB, 0xB9, 0xB0, 0xCE, 0x59, 0xEB, 0xB0, 0x4A, 0x58, 0x97, 0x70, 0xA9, 0x63, 0x96,
    0x71, 0xBA, 0x0E, 0xA3, 0x09, 0xCD, 0x17, 0x8E, 0x74, 0x06, 0x3E, 0x11, 0x8E, 0x27, 0xCA, 0x61,
    0xC9, 0x0D, 0x9B, 0x48, 0x6D, 0xF9, 0xF8, 0x9E, 0x26, 0x73, 0xF3, 0xC7, 0x9C, 0xFF, 0x50, 0xCE,
    0xEB, 0xE2, 0xCD, 0x7A, 0xB6, 0xA7, 0x31, 0xB6, 0xCC, 0xC3, 0xB1, 0x84, 0x09, 0xDF, 0xFA, 0xD4,
    0xCB, 0xC2, 0xBA, 0xF6, 0xBA, 0xA9, 0xA1, 0x48, 0xFA, 0x66, 0xA7, 0x22, 0xD1, 0x68, 0xF1, 0x47,
    0x45, 0xE5, 0xFA, 0x63, 0x6D, 0xF0, 0x28, 0x99, 0xE0, 0x64, 0x31, 0xB9, 0x45, 0xEC, 0x9A, 0xF2,
    0xCD, 0xE9, 0xF8, 0x80, 0x53, 0x1A, 0xDE, 0xF9, 0xEE, 0xA7, 0x5D, 0x1A, 0x9A, 0x61, 0x3C, 0x11,
    0x5A, 0xB5, 0x36, 0x5E, 0xD8, 0xB8, 0xE6, 0xB1, 0x66, 0xF8, 0x70, 0xCD, 0x70, 0xAD, 0x17, 0x36,
    0x8A, 0x62, 0xD8, 0x92, 0xF8, 0xCA, 0x48, 0x66, 0x0A, 0xD3, 0xFB, 0xE7, 0x4F, 0xBB, 0x66, 0x58,
    0x01, 0xFB, 0xC9, 0x45, 0x25, 0xFB, 0xB6, 0x19, 0x37, 0x66, 0x97, 0xFC, 0xC4, 0x02, 0x11, 0x30,
    0x67, 0x38, 0x1A, 0x75, 0xDE, 0x11, 0x73, 0x4F, 0xCD, 0xE8, 0x6E, 0x15, 0x36, 0x69, 0x9E, 0x16,
    0x19, 0xA9, 0x91, 0x3D, 0xB3, 0x45, 0x11, 0xCF, 0x16, 0x69, 0x93, 0x8C, 0xF8, 0xF8, 0xE4, 0x11,
    0xD5, 0x58, 0x09, 0x27, 0xC4, 0x78, 0x2E, 0x8F, 0x98, 0xE9, 0x25, 0x9B, 0xDE, 0x0A, 0xD5, 0x7F,
    0x4C, 0x1A, 0x5B, 0x26, 0x4C, 0xEA, 0x48, 0x7F, 0x8B, 0xA6, 0xE1, 0xA1, 0x00, 0xD9, 0x47, 0xC8,
    0x3E, 0x44, 0x76, 0x31, 0xB2, 0x0F, 0x92, 0x7D, 0x94, 0xEC, 0xC3, 0x64, 0x1F, 0x27, 0xBB, 0x40,
    0xD9, 0x47, 0xCA, 0x3E, 0x54, 0xF6, 0xB1, 0xB2, 0x0F, 0x96, 0x5D, 0xB4, 0xEC, 0xC3, 0x65, 0x1F,
    0x2F, 0xFB, 0x80, 0xD9, 0x47, 0xCC, 0x2E, 0x64, 0xF6, 0x31, 0xB3, 0x0F, 0x9A, 0x7D, 0xD4, 0xEC,
    0xC3, 0x66, 0x17, 0x37, 0xFB, 0xC0, 0xD9, 0x47, 0xCE, 0x2E, 0x74, 0xF6, 0xB1, 0xB3, 0x0F, 0x9E,
    0x0F, 0x44, 0xCF, 0x92, 0xFC, 0x61, 0xA2, 0x8F, 0x5C, 0xAA, 0xC2, 0x1E, 0x6F, 0x20, 0x41, 0x1E,
    0xB6, 0x98, 0x42, 0xD4, 0x22, 0x48, 0x8A, 0x1A, 0x9E, 0xC4, 0xA5, 0x20, 0x3F, 0x3A, 0x8D, 0xF1,
    0x09, 0x04, 0xD4, 0xBD, 0xC3, 0x93, 0xD3, 0x62, 0x46, 0x06, 0x87, 0x0B, 0x55, 0x42, 0x37, 0xCF,
    0xE8, 0x88, 0xAB, 0x23, 0x84, 0xE8, 0xB1, 0x14, 0x7D, 0x14, 0x29, 0x22, 0xC5, 0x20, 0x20, 0xA0,
    0x6E, 0xF1, 0xF0, 0x44, 0xD7, 0x8B, 0x83, 0xF2, 0xC2, 0x62, 0xC0, 0x8F, 0x1B, 0x8F, 0x48, 0x90,
    0x9D, 0x37, 0x4E, 0xB4, 0x54, 0xB6, 0x54, 0xB8, 0x54, 0xBA, 0x44, 0xBC, 0x54, 0xBE, 0x54, 0xC0,
    0x54, 0xC2, 0x44, 0xC4, 0x54, 0xC6, 0x54, 0xC8, 0x54, 0xCA, 0x54, 0xCC, 0x54, 0xCE, 0x54, 0xD0,
    0x54, 0xD2, 0x54, 0xD4, 0x1E, 0x22, 0x6B, 0x3C, 0xDB, 0xDA, 0x5F, 0x4E, 0xCD, 0x87, 0x1C, 0x7F,
    0xA8, 0xB2, 0x82, 0x43, 0x7E, 0xF9, 0xAD, 0xEE, 0x83, 0xCB, 0xA5, 0x15, 0xA1, 0xCA, 0x26, 0xBA,
    0x93, 0x49, 0x01, 0x48, 0x07, 0x8E, 0xE7, 0x89, 0x5F, 0xC7, 0x55, 0x28, 0x4A, 0x89, 0xE1, 0x31,
    0x51, 0x27, 0x64, 0x91, 0x93, 0x23, 0x93, 0x5C, 0x74, 0x97, 0x67, 0x23, 0x17, 0x63, 0x6F, 0x45,
    0x8D, 0x79, 0x41, 0x9F, 0x22, 0x09, 0xDA, 0x55, 0x35, 0x99, 0xD4, 0x81, 0xA6, 0xEE, 0xDE, 0xBD,
    0x79, 0xFF, 0x66, 0x65, 0x85, 0xC8, 0x8A, 0x11, 0xC5, 0xF0, 0x55, 0x62, 0x13, 0x78, 0x59, 0xCE,
    0x6E, 0x2B, 0xCC, 0x5C, 0xA6, 0xC9, 0x33, 0x12, 0xA4, 0x89, 0xAF, 0xAE, 0xDD, 0xF6, 0x81, 0xFD,
    0xC2, 0xE7, 0x42, 0x5B, 0xC3, 0x23, 0x4F, 0xC4, 0x44, 0x9F, 0x96, 0x7C, 0x14, 0x06, 0x76, 0x55,
    0xB0, 0x53, 0xF1, 0x9C, 0x6F, 0x4B, 0xC8, 0x9B, 0xB8, 0xB2, 0xDC, 0x41, 0x46, 0x66, 0xD2, 0x2D,
    0x12, 0x1D, 0xC3, 0xBA, 0xA4, 0x8A, 0x8E, 0x0D, 0x2D, 0x44, 0xC3, 0x9F, 0xB3, 0x47, 0xD1, 0xF8,
    0x8B, 0x22, 0xAD, 0x9C, 0xDF, 0x79, 0xAB, 0x81, 0x47, 0x01, 0x1F, 0xE2, 0x02, 0xAC, 0x8F, 0xA9,
    0x9B, 0x68, 0x6A, 0xA2, 0xB7, 0xEA, 0x51, 0x6E, 0xD2, 0xE8, 0x27, 0x34, 0x92, 0x8D, 0x64, 0x49,
    0xCB, 0xA1, 0xE1, 0xEC, 0x7F, 0x8D, 0xCF, 0xB8, 0x42, 0x0E, 0x98, 0x8C, 0x6E, 0x01, 0xB9, 0x98,
    0x14, 0x21, 0x89, 0x45, 0x57, 0xAD, 0x91, 0x54, 0xFC, 0xB8, 0xDA, 0x20, 0xA1, 0x48, 0x1F, 0xD4,
    0x2C, 0x13, 0x15, 0x44, 0xE2, 0xCF, 0x24, 0x39, 0xBE, 0xC3, 0x3E, 0x7D, 0x77, 0x77, 0xF9, 0xE7,
    0xEC, 0x0C, 0x00, 0xD7, 0xB4, 0x64, 0xC0, 0x4C, 0xD2, 0x70, 0x06, 0x2D, 0x93, 0x5C, 0x16, 0x63,
    0xED, 0x72, 0xC6, 0xB5, 0x25, 0xA2, 0x6A, 0x56, 0x05, 0x68, 0xE7, 0xD0, 0x31, 0xE3, 0x69, 0x3F,
    0xB7, 0xAE, 0x08, 0x1B, 0x05, 0x99, 0x95, 0xB9, 0xCD, 0xDF, 0xD1, 0xE2, 0x9B, 0x41, 0x64, 0xAE,
    0x2C, 0xF3, 0x52, 0xF2, 0x80, 0xA5, 0x2C, 0x5E, 0x38, 0x61, 0xA4, 0x19, 0xB2, 0x22, 0x06, 0x8C,
    0x62, 0x5C, 0x85, 0x3B, 0x37, 0xFF, 0x4B, 0x60, 0x75, 0x85, 0xA0, 0xEC, 0x0A, 0x1E, 0x18, 0x9A,
    0xCF, 0x04, 0x9B, 0x17, 0x77, 0x37, 0x79, 0x00, 0xCF, 0xBC, 0xEE, 0x93, 0x73, 0xD4, 0xC7, 0xCF,
    0xF7, 0xD0, 0x1E, 0x56, 0x70, 0x5A, 0x6D, 0xFD, 0xA9, 0xAD, 0x0F, 0x65, 0xEC, 0xAE, 0x70, 0x99,
    0x56, 0x3E, 0xC3, 0x86, 0x8D, 0x7E, 0x2D, 0x26, 0x1F, 0x69, 0xF5, 0xA8, 0x16, 0x4A, 0xB2, 0x8B,
    0x7B, 0xAF, 0xF5, 0x73, 0x92, 0x95, 0x5B, 0xFB, 0x8A, 0x7E, 0xB8, 0xEC, 0x05, 0x9A, 0x5C, 0xAC,
    0x89, 0xDF, 0xEB, 0x38, 0xBB, 0x5E, 0x4E, 0xCD, 0x37, 0xEF, 0xEF, 0x94, 0xF7, 0x05, 0x22, 0xC5,
    0xC0, 0x0C, 0xCE, 0x8F, 0x11, 0xFF, 0x46, 0x33, 0xE4, 0x05, 0xE3, 0xEE, 0x7B, 0x7F, 0x81, 0xE9,
    0x0F, 0xC4, 0x60, 0x45, 0xF4, 0x50, 0x9A, 0xAF, 0xD6, 0x5C, 0x4A, 0x61, 0xAA, 0x05, 0x6A, 0xCC,
    0xCA, 0xD9, 0x30, 0xA9, 0xFF, 0xE9, 0xE3, 0xDA, 0x94, 0xBD, 0x49, 0xEA, 0x75, 0x2C, 0x38, 0x9E,
    0x5F, 0x89, 0x6B, 0x2B, 0x3C, 0x75, 0x06, 0x21, 0x91, 0x09, 0x61, 0xD5, 0xC7, 0x81, 0x7C, 0x7A,
    0x85, 0x97, 0x82, 0xE0, 0x37, 0x24, 0x5B, 0x3C, 0xED, 0x21, 0xF4, 0x5C, 0x4E, 0x90, 0xA8, 0xF0,
    0x37, 0xE8, 0xEF, 0x0E, 0x96, 0x17, 0x69, 0xC1, 0x1B, 0x60, 0x03, 0xC3, 0x0C, 0x24, 0x1B, 0x1B,
    0xB9, 0xCF, 0x64, 0x0A, 0x2E, 0x27, 0x28, 0xC6, 0xD0, 0x28, 0x75, 0xA5, 0xF0, 0x12, 0x87, 0x4E,
    0x8E, 0x7E, 0x51, 0xFB, 0x39, 0xCF, 0x8C, 0x85, 0x19, 0x6A, 0x2A, 0x39, 0x99, 0xF7, 0xEC, 0x24,
    0xF3, 0x6E, 0x74, 0x93, 0x85, 0x28, 0x24, 0x12, 0x8F, 0x73, 0xD0, 0x7B, 0x9F, 0x69, 0xDA, 0xB2,
    0xEB, 0xBE, 0x60, 0xEA, 0x93, 0x1E, 0x44, 0xB5, 0x77, 0x79, 0x99, 0xE2, 0x86, 0xA0, 0x1C, 0x26,
    0xA0, 0x0E, 0xE5, 0x1B, 0x4D, 0x66, 0x51, 0x67, 0x36, 0xE3, 0xE8, 0x53, 0x8E, 0xA6, 0x39, 0xA8,
    0x25, 0xC8, 0x9D, 0x3C, 0x76, 0x09, 0xDA, 0x64, 0x1E, 0xB2, 0x12, 0x87, 0xAB, 0x3B, 0xB9, 0xA7,
    0x5E, 0x00, 0xC7, 0x33, 0xA4, 0xAA, 0x02, 0x9B, 0x64, 0x17, 0x5D, 0x48, 0xE3, 0x3A, 0x6B, 0x51,
    0x14, 0x2A, 0x03, 0x53, 0x2D, 0xF6, 0x8C, 0xAA, 0xD4, 0x96, 0xC8, 0xB6, 0xD4, 0x24, 0x5F, 0xB4,
    0x45, 0x1C, 0x97, 0x56, 0x29, 0x9D, 0x83, 0x6B, 0x6B, 0x48, 0x2A, 0x35, 0x61, 0xAB, 0x52, 0x14,
    0xCD, 0x55, 0xAA, 0x68, 0x41, 0x89, 0x0A, 0x8F, 0x6B, 0x75, 0x4B, 0x12, 0xC5, 0xD3, 0xC2, 0x3A,
    0x8B, 0x78, 0x8D, 0x44, 0x4A, 0x39, 0x94, 0x91, 0x8A, 0x11, 0x49, 0x91, 0x44, 0x96, 0x74, 0x03,
    0xCF, 0x1D, 0xF9, 0xDE, 0xB8, 0x7B, 0x07, 0xF3, 0x5C, 0x02, 0x19, 0x66, 0x63, 0xB4, 0x15, 0xCD,
    0x30, 0xAE, 0xDA, 0xB2, 0xAA, 0x49, 0xBF, 0xCB, 0x2B, 0x07, 0xF2, 0xBE, 0x1A, 0x31, 0x24, 0x11,
    0x3C, 0x4C, 0xB8, 0xCB, 0xA0, 0x57, 0x30, 0xD0, 0xCF, 0xB9, 0xAF, 0x78, 0x89, 0x87, 0x22, 0x85,
    0x29, 0xCD, 0x16, 0xC8, 0x67, 0x11, 0x30, 0xBC, 0x69, 0x82, 0x20, 0x2B, 0x7A, 0x8F, 0x08, 0xB6,
    0xB9, 0x86, 0x7B, 0xB7, 0xCE, 0xE3, 0xB3, 0x9D, 0x21, 0x6A, 0x7A, 0x50, 0x8C, 0xB8, 0xAB, 0x3D,
    0x38, 0x02, 0x10, 0xCF, 0xA8, 0xBB, 0xED, 0x52, 0xF8, 0xC9, 0xBF, 0x71, 0x28, 0x57, 0xCD, 0xD9,
    0x48, 0xB7, 0x14, 0x03, 0x8C, 0xCD, 0x7E, 0x58, 0x91, 0xC5, 0x41, 0x39, 0x60, 0xC3, 0x64, 0x0B,
    0x84, 0x50, 0x40, 0x6B, 0xBC, 0x68, 0x41, 0x38, 0xCF, 0xDC, 0x17, 0xF5, 0xCF, 0xCF, 0x4F, 0x66,
    0x18, 0x38, 0xAA, 0xD2, 0xA4, 0x3F, 0xB0, 0x68, 0x95, 0x60, 0xC4, 0x3D, 0x01, 0x3E, 0x2B, 0xEE,
    0x59, 0x61, 0xCF, 0x8A, 0x7A, 0x56, 0xD0, 0xB3, 0x62, 0x9E, 0x15, 0xF2, 0xAC, 0x88, 0x67, 0x05,
    0x3C, 0x2B, 0xDE, 0x59, 0xE1, 0xCE, 0x8A, 0x76, 0x1E, 0x64, 0xFB, 0x0B, 0x85, 0x3A, 0x4F, 0x44,
    0xD7, 0x31, 0xD0, 0xB9, 0xE5, 0xD5, 0x3D, 0xAA, 0x2D, 0xCC, 0x59, 0x51, 0xCE, 0xB4, 0xBA, 0xAF,
    0x34, 0xDE, 0x85, 0x0B, 0x76, 0xFE, 0x41, 0x64, 0xE3, 0xAA, 0x48, 0xC6, 0xB4, 0x9F, 0x99, 0x1B,
    0x0D, 0x00, 0x2D, 0x9A, 0x7B, 0xD9, 0x97, 0x05, 0xBD, 0x4C, 0xFB, 0xB5, 0xC6, 0x49, 0xDD, 0x2F,
    0xD8, 0xB2, 0x62, 0x2F, 0x11, 0x9E, 0x35, 0xD7, 0x75, 0xD1, 0x66, 0xD0, 0x87, 0xFB, 0xD0, 0xAF,
    0x2D, 0xB0, 0x66, 0x8D, 0xA4, 0xFB, 0x27, 0xD0, 0x45, 0x40, 0xAD, 0x71, 0x25, 0x80, 0xEC, 0xF6,
    0xA8, 0x60, 0xC0, 0x1A, 0x09, 0xDF, 0x08, 0x05, 0x53, 0x04, 0x73, 0xC4, 0x64, 0x94, 0x4D, 0x78,
    0x8D, 0xDD, 0xCC, 0x6D, 0x00, 0x5B, 0x5B, 0xFD, 0xC2, 0x28, 0x03, 0x5E, 0x91, 0x99, 0xC0, 0x63,
    0x28, 0xD6, 0x2B, 0xBF, 0x8C, 0x80, 0xBA, 0xB3, 0xE0, 0xA2, 0x74, 0x7A, 0x94, 0xCF, 0x7E, 0xA4,
    0xC3, 0xFE, 0x98, 0xA1, 0x47, 0x32, 0x54, 0xE9, 0xD6, 0x4A, 0xE6, 0xE4, 0xC8, 0xE3, 0x53, 0xCA,
    0xF3, 0xDC, 0xEA, 0x63, 0xF6, 0x1F, 0xB7, 0xC5, 0x2C, 0x8C, 0x3A, 0xC5, 0x96, 0x0F, 0x0A, 0xE9,
    0x3C, 0x0B, 0x5B, 0x3B, 0x62, 0xAC, 0x6D, 0x74, 0x7F, 0xE7, 0xEF, 0x38, 0x48, 0x64, 0x3F, 0x12,
    0xA6, 0x61, 0x0A, 0xFD, 0xC5, 0xFA, 0xFA, 0x94, 0x8D, 0x21, 0x14, 0xEC, 0x26, 0xA8, 0x42, 0xCD,
    0x3C, 0x29, 0x28, 0x6E, 0x24, 0x83, 0x98, 0xFC, 0x4F, 0x2E, 0x6A, 0x58, 0x7E, 0x55, 0xB3, 0x61,
    0x31, 0xCC, 0xAA, 0xA5, 0x27, 0x45, 0xBF, 0x19, 0x3A, 0xBD, 0x2C, 0x89, 0xAE, 0x97, 0xE5, 0x96,
    0x6B, 0xD2, 0xF6, 0x2D, 0x09, 0x5D, 0x5A, 0x31, 0xB1, 0x4B, 0xE9, 0xA2, 0xAC, 0x02, 0xA9, 0x5A,
    0x77, 0x03, 0x43, 0x6D, 0xD6, 0x79, 0xF6, 0xE7, 0x00, 0x34, 0x31, 0xE7, 0x13, 0x26, 0x23, 0xDB,
    0x93, 0x33, 0x7B, 0x1E, 0xA1, 0x2D, 0x43, 0x94, 0x32, 0xF0, 0x13, 0x9E, 0x0E, 0xF1, 0x6B, 0x88,
    0x40, 0x26, 0xDD, 0x5F, 0x4F, 0x4D, 0xF8, 0x73, 0x90, 0x22, 0xE1, 0x48, 0x33, 0xE5, 0x11, 0x8C,
    0x98, 0x4C, 0x23, 0x60, 0x69, 0x48, 0xB3, 0x3F, 0xEF, 0xB3, 0x4D, 0x42, 0x3D, 0x06, 0xF7, 0xEA,
    0xCF, 0xDB, 0x73, 0x99, 0x39, 0x7E, 0xFA, 0x99, 0x00, 0xB7, 0xC4, 0xE2, 0x24, 0x4D, 0xAF, 0xAA,
    0xDC, 0xAB, 0x2D, 0xCB, 0xA7, 0x80, 0xEE, 0xB4, 0x1C, 0xEC, 0xF7, 0x5F, 0xC0, 0x0A, 0x9E, 0x61,
    0x11, 0x98, 0x40, 0x91, 0x93, 0x30, 0xB2, 0xAE, 0x76, 0xEB, 0x38, 0x17, 0x8F, 0x72, 0x1A, 0xF3,
    0x69, 0x26, 0x43, 0xA8, 0xC5, 0x40, 0x7E, 0xBF, 0xEE, 0x3B, 0x4C, 0x3E, 0x2C, 0xC5, 0xF1, 0xD2,
    0x51, 0x02, 0x2D, 0x39, 0x33, 0xF1, 0x67, 0xC4, 0x67, 0x34, 0x81, 0x96, 0x7A, 0xBF, 0x52, 0xF7,
    0xA1, 0x81, 0xE9, 0x00, 0x61, 0xF7, 0xD1, 0x81, 0x6E, 0xF3, 0x3E, 0x7E, 0x4A, 0x4F, 0x16, 0xE0,
    0x30, 0x6C, 0xB2, 0x38, 0xA2, 0xC9, 0xEB, 0xBD, 0xB6, 0x56, 0x82, 0xBA, 0x07, 0xB4, 0x99, 0x88,
    0x0C, 0x8E, 0x9B, 0xC7, 0x7B, 0x03, 0x3E, 0x1F, 0x7B, 0x03, 0x7A, 0xCC, 0xE4, 0xC3, 0xEE, 0x0D,
    0x70, 0x49, 0xA3, 0x49, 0xDE, 0x83, 0x13, 0x79, 0x6B, 0xD8, 0xF6, 0xD0, 0x7B, 0x76, 0x6F, 0x80,
    0xE9, 0xB1, 0xAE, 0x37, 0x51, 0x9B, 0x00, 0x78, 0xBC, 0x37, 0xE0, 0xA3, 0xEE, 0x0D, 0x78, 0x04,
    0x68, 0xD8, 0x03, 0x23, 0x8F, 0x82, 0x0F, 0x67, 0x47, 0x40, 0xEB, 0xDA, 0x43, 0x57, 0x9F, 0x95,
    0xBD, 0x01, 0x9E, 0x8E, 0x5D, 0x3F, 0x3F, 0xA7, 0xC9, 0x47, 0xA5, 0x94, 0x82, 0x30, 0xCF, 0x7D,
    0x46, 0x23, 0x6A, 0x0D, 0x91, 0xFB, 0x46, 0x6F, 0x9C, 0x7B, 0xF3, 0x74, 0xAB, 0x97, 0xCD, 0xA8,
    0x0E, 0x23, 0x1D, 0x7F, 0x43, 0x23, 0x6A, 0x6C, 0x07, 0x39, 0x26, 0xC3, 0x9F, 0x90, 0x74, 0x8C,
    0x3A, 0xCD, 0xFB, 0xE6, 0xBA, 0x07, 0x41, 0x0A, 0x6C, 0xA5, 0x57, 0x41, 0xB7, 0xBD, 0xB7, 0xB5,
    0x70, 0x69, 0x63, 0xE3, 0x6D, 0x83, 0x6A, 0x2F, 0x24, 0xA1, 0xD5, 0xFD, 0x02, 0x4B, 0x54, 0xC1,
    0x65, 0xDE, 0x51, 0x9B, 0x48, 0x40, 0xBD, 0xAD, 0x4D, 0xA6, 0xE2, 0x3C, 0x2D, 0x77, 0x76, 0x76,
    0x6E, 0x56, 0x81, 0x53, 0xB9, 0x05, 0x04, 0x27, 0x5C, 0x5C, 0xBE, 0x7C, 0x79, 0xC2, 0x49, 0xEC,
    0x48, 0xF5, 0x55, 0xE6, 0x47, 0x93, 0xF9, 0xD1, 0x64, 0x5A, 0xF7, 0x6B, 0xD9, 0x51, 0xB1, 0xA3,
    0xD9, 0x92, 0xD1, 0x40, 0xD5, 0x35, 0x3A, 0x9A, 0x46, 0x17, 0x94, 0xEC, 0x7F, 0xAD, 0xB4, 0xFC,
    0x37, 0x67, 0x07, 0xAC, 0x13, 0xF5, 0xB6, 0x09, 0x01, 0xC1, 0xD4, 0x3A, 0xD9, 0x98, 0xD0, 0x5A,
    0x60, 0xA6, 0x14, 0x77, 0x57, 0xB5, 0xA6, 0x70, 0xF2, 0xA4, 0xF9, 0x06, 0x97, 0xB5, 0x90, 0xC4,
    0x94, 0xE4, 0x74, 0xBB, 0x79, 0x93, 0x89, 0x18, 0xDD, 0x9B, 0x85, 0xAC, 0xA9, 0xE2, 0x07, 0x39,
    0xC3, 0xD7, 0x4C, 0xB2, 0x50, 0x89, 0x86, 0xE4, 0xDB, 0xED, 0xB3, 0xBA, 0x6F, 0xB6, 0xD2, 0x0B,
    0x1A, 0x9F, 0x04, 0xDE, 0x98, 0xAD, 0xDD, 0x12, 0x23, 0xEB, 0xB0, 0xB3, 0x56, 0x63, 0xA1, 0xDA,
    0x1C, 0xD6, 0xA2, 0x54, 0x2B, 0x19, 0x5A, 0x48, 0x9F, 0x88, 0x49, 0x5C, 0xAB, 0x73, 0x95, 0xC8,
    0x56, 0x16, 0x50, 0x26, 0x55, 0xAF, 0x66, 0xAA, 0xBE, 0xEE, 0xF8, 0xED, 0xC6, 0x86, 0x14, 0xAA,
    0x00, 0x33, 0xEB, 0xAC, 0x4C, 0x8A, 0x83, 0xB5, 0x8E, 0x45, 0xCF, 0x42, 0x0D, 0x6B, 0x29, 0x2E,
    0xEB, 0x6C, 0x4B, 0x15, 0x7E, 0xE3, 0x89, 0xB5, 0xD2, 0xA6, 0x9C, 0x0F, 0x71, 0x45, 0xE6, 0xB7,
    0xBF, 0xF7, 0x0D, 0x2F, 0x85, 0x1E, 0xAD, 0xE6, 0x1E, 0xD0, 0x6D, 0x48, 0x83, 0x1E, 0xFB, 0x4A,
    0x39, 0x71, 0x8F, 0x04, 0x07, 0x17, 0xA3, 0x03, 0xAA, 0xF7, 0x60, 0xEA, 0x16, 0xA4, 0xEE, 0x21,
    0xEA, 0x1E, 0xA0, 0xEE, 0xE1, 0xE9, 0x1E, 0x9C, 0xDE, 0x87, 0xA6, 0x7B, 0x60, 0xBA, 0x87, 0xA5,
    0x7B, 0x50, 0xBA, 0x85, 0xA4, 0xFB, 0x5D, 0x06, 0x7E, 0x8B, 0x81, 0xDB, 0x5F, 0xE0, 0x37, 0x17,
    0x78, 0x20, 0xBA, 0x87, 0xA1, 0x7B, 0x10, 0xBA, 0x87, 0xA0, 0x7B, 0x00, 0xBA, 0x87, 0x9F, 0x7B,
    0xC0, 0x79, 0xFF, 0x6A, 0xEC, 0x7C, 0x33, 0xBB, 0x7D, 0xC0, 0xEF, 0x1D, 0x70, 0x90, 0x73, 0x0F,
    0x38, 0xC7, 0xE1, 0xEC, 0xB4, 0xAC, 0xD0, 0xD6, 0x79, 0xF6, 0x23, 0xDB, 0xDD, 0x01, 0x15, 0xC7,
    0x40, 0x6E, 0x80, 0xB8, 0x19, 0xC0, 0xCD, 0xE0, 0x6D, 0x06, 0x6E, 0x33, 0x68, 0x5B, 0x00, 0xDB,
    0x0C, 0xD6, 0x06, 0x50, 0x9B, 0x41, 0xDA, 0x0C, 0xD0, 0x66, 0x70, 0x36, 0x03, 0xB3, 0x19, 0x94,
    0xCD, 0x80, 0x6C, 0x06, 0x63, 0x33, 0x10, 0x9B, 0x41, 0xD8, 0x2F, 0x0C, 0x80, 0x67, 0x6F, 0x38,
    0xEE, 0x3A, 0x96, 0x4F, 0x9C, 0xB8, 0x75, 0xF6, 0xC6, 0xF4, 0x9D, 0x81, 0xD6, 0xED, 0x25, 0x96,
    0x5D, 0x12, 0x94, 0x23, 0x9F, 0xD8, 0x5E, 0x9D, 0x49, 0xAC, 0x7D, 0x1F, 0xB9, 0xFD, 0x0F, 0x71,
    0xF3, 0xB8, 0xD6, 0xF7, 0x2B, 0xD7, 0xFA, 0xCE, 0xF4, 0x29, 0x31, 0x92, 0x53, 0xF9, 0x8E, 0xE8,
    0xBA, 0x01, 0x25, 0x5F, 0xEA, 0xDF, 0x98, 0x08, 0x23, 0x4E, 0x48, 0x39, 0xE9, 0x94, 0x44, 0x85,
    0xCF, 0x49, 0xA5, 0x2B, 0x15, 0xCA, 0x84, 0xC5, 0xA7, 0xBA, 0xF2, 0x77, 0xB2, 0x57, 0x8D, 0xF2,
    0xAE, 0xA7, 0x87, 0x2B, 0xF8, 0xBA, 0x5B, 0x7F, 0x3F, 0x79, 0x7A, 0x90, 0x1E, 0x8F, 0x4B, 0x83,
    0xBF, 0xC6, 0xD2, 0x60, 0x71, 0x10, 0xBB, 0x7E, 0x38, 0x4D, 0x21, 0xD0, 0x9B, 0xD9, 0x27, 0x5F,
    0x2C, 0x34, 0x0A, 0x63, 0x51, 0x93, 0xA9, 0xA6, 0x4D, 0x57, 0xF6, 0xB8, 0x8F, 0x13, 0x1A, 0x16,
    0x9C, 0xBF, 0x79, 0xCF, 0x9C, 0x10, 0xDC, 0xFA, 0x05, 0xC1, 0xAD, 0xCF, 0xD9, 0x25, 0x28, 0x6B,
    0xC1, 0xAD, 0x4B, 0xD4, 0xAB, 0x6F, 0xDA, 0xE8, 0x18, 0xB7, 0x1E, 0x75, 0x8C, 0x5B, 0x4F, 0x7F,
    0xC0, 0xB8, 0xF5, 0x4C, 0x70, 0xEB, 0x7B, 0x8C, 0x5B, 0xA7, 0xD1, 0x03, 0xB7, 0x9E, 0x4C, 0x19,
    0xB7, 0x3E, 0xCE, 0x19, 0xB7, 0x7E, 0x9D, 0x71, 0xEB, 0x34, 0x7D, 0xE0, 0xD6, 0xC9, 0x29, 0x45,
    0xE2, 0x93, 0xA6, 0x07, 0xDC, 0xFA, 0xA6, 0xE0, 0xD6, 0x39, 0x14, 0x2F, 0x89, 0xD0, 0xC0, 0xAD,
    0xD3, 0xFC, 0x81, 0x5B, 0x9F, 0x08, 0x6E, 0x5D, 0xA2, 0x76, 0x76, 0x61, 0x72, 0x9C, 0x38, 0x8C,
    0x17, 0xDC, 0xFA, 0x9E, 0xE0, 0xD6, 0xBF, 0xEE, 0x71, 0xEB, 0x5F, 0xB7, 0xF5, 0x03, 0x0E, 0x39,
    0x79, 0xE1, 0xB2, 0x3C, 0xA5, 0x0E, 0x06, 0xF5, 0xF2, 0x51, 0x89, 0x4C, 0x18, 0x4B, 0xDE, 0xBE,
    0x48, 0xE4, 0xCE, 0xA0, 0xD0, 0xF6, 0x31, 0x5B, 0xD2, 0x4F, 0xE4, 0xF1, 0xA6, 0x13, 0x12, 0x80,
    0x4D, 0x24, 0x32, 0xE7, 0x14, 0x56, 0xDD, 0x99, 0x51, 0x44, 0xF5, 0x83, 0x57, 0x5A, 0x33, 0xBA,
    0x8D, 0x88, 0x6A, 0x8E, 0x44, 0xE6, 0x8C, 0x06, 0x3C, 0xE2, 0x1C, 0x28, 0x56, 0xC5, 0x03, 0xB0,
    0xFC, 0x92, 0xC3, 0x67, 0x5D, 0x3A, 0xA6, 0x8B, 0x57, 0x92, 0x7D, 0xE1, 0x42, 0x23, 0x90, 0x89,
    0xBA, 0x2F, 0xE9, 0xB7, 0x55, 0x39, 0x4D, 0x75, 0xA3, 0xDC, 0x8D, 0x27, 0x8F, 0xB6, 0x17, 0xE9,
    0xD0, 0x56, 0x58, 0x4B, 0x61, 0xED, 0x84, 0xB5, 0x12, 0xD6, 0x46, 0xA8, 0x85, 0xB0, 0xF6, 0xC1,
    0x5A, 0x07, 0x6B, 0x1B, 0xAC, 0x65, 0x50, 0xBB, 0x60, 0xAD, 0x82, 0xB5, 0x09, 0xD6, 0x22, 0x58,
    0x7B, 0xA0, 0xD6, 0xC0, 0xDA, 0x02, 0x6B, 0x09, 0xAC, 0x1D, 0xB0, 0x56, 0x40, 0x6D, 0x80, 0xB5,
    0x00, 0x56, 0xFF, 0xAB, 0xF6, 0xB7, 0xBA, 0xDF, 0x6A, 0x7E, 0xAF, 0xF7, 0xA3, 0x6F, 0x53, 0xAB,
    0xC9, 0x1D, 0x44, 0xEB, 0x6F, 0x23, 0x66, 0xB9, 0x03, 0x67, 0xEA, 0x5F, 0x79, 0xAF, 0x06, 0xF6,
    0xF5, 0xCD, 0x30, 0xB6, 0xD9, 0xB7, 0x86, 0x88, 0x90, 0xF3, 0xAA, 0xB5, 0x59, 0x67, 0xB3, 0xC6,
    0x66, 0x7D, 0x0D, 0x6D, 0xCD, 0xBA, 0x9A, 0x35, 0x35, 0xEB, 0x69, 0x68, 0x69, 0xD6, 0xD1, 0xAC,
    0xA1, 0x59, 0x3F, 0xB3, 0x76, 0x66, 0xDD, 0xCC, 0x9A, 0x99, 0xF5, 0x32, 0x6B, 0xE5, 0xA3, 0xD0,
    0x18, 0x6E, 0x3F, 0xF5, 0xC4, 0xD6, 0xFE, 0xEE, 0x69, 0x1A, 0x99, 0x94, 0xD9, 0xAE, 0x55, 0x14,
    0x2F, 0x3C, 0xCC, 0xCE, 0x7F, 0x6E, 0xF7, 0x4E, 0xAD, 0xDE, 0xB0, 0x09, 0x7A, 0xD8, 0x9D, 0x70,
    0x36, 0xE2, 0x91, 0x61, 0x8F, 0xD4, 0x13, 0x0F, 0xB1, 0xC3, 0x1F, 0x1F, 0x3F, 0x65, 0x19, 0xC6,
    0x73, 0xCE, 0x8E, 0x85, 0x5A, 0x1B, 0x2D, 0x65, 0x0D, 0x8E, 0xBE, 0x2D, 0x39, 0xE9, 0x6A, 0xE3,
    0xD0, 0x02, 0x84, 0xE1, 0xFB, 0x92, 0x9A, 0x28, 0x41, 0x26, 0x6F, 0x4B, 0xA0, 0x7A, 0x46, 0x4C,
    0xF3, 0x69, 0x89, 0x59, 0x4E, 0x4B, 0xFC, 0xB0, 0xE2, 0x94, 0xAF, 0x06, 0xA5, 0x36, 0xD1, 0x5B,
    0xB3, 0xA2, 0xA1, 0xC8, 0x68, 0x4D, 0x4C, 0x08, 0x3A, 0x1A, 0xBF, 0xCB, 0xE1, 0x4A, 0x76, 0x9F,
    0x13, 0xF9, 0x99, 0x04, 0xFD, 0x13, 0x39, 0xDD, 0x16, 0x15, 0xBD, 0xE8, 0x47, 0x26, 0xB6, 0x65,
    0x9F, 0x49, 0x0E, 0x24, 0x06, 0x8A, 0x58, 0x2D, 0x52, 0xD8, 0xC0, 0x3A, 0x71, 0x4C, 0xA3, 0x6C,
    0xA0, 0x46, 0x33, 0x49, 0x26, 0x9E, 0xD4, 0x1C, 0x62, 0xF8, 0xE6, 0x94, 0x57, 0x18, 0x0A, 0x9F,
    0x31, 0xFD, 0x45, 0x3F, 0x41, 0x5E, 0x8D, 0x9E, 0xC3, 0x8B, 0x6D, 0x76, 0xCF, 0x11, 0xCF, 0xD6,
    0xBD, 0x4A, 0x24, 0xDD, 0x1F, 0x4F, 0xE7, 0xD4, 0x16, 0xF9, 0xD6, 0x41, 0x13, 0x34, 0xD1, 0x2C,
    0x9A, 0x8D, 0xF3, 0xE4, 0xDF, 0xE7, 0xFC, 0x86, 0x27, 0xE4, 0x2B, 0x32, 0x8D, 0x04, 0x24, 0xB2,
    0x5E, 0x21, 0x92, 0x9C, 0xA6, 0xEF, 0x6F, 0x50, 0xAF, 0x33, 0x72, 0xBB, 0xF3, 0x83, 0x1B, 0x77,
    0x52, 0x89, 0xFD, 0x26, 0x12, 0xED, 0xDF, 0x63, 0x24, 0x45, 0x28, 0x31, 0x4B, 0xE0, 0xE0, 0x97,
    0x9F, 0x29, 0x7A, 0x9B, 0x90, 0xA5, 0x7F, 0x61, 0xA5, 0xBF, 0x4E, 0x9D, 0xF4, 0xAF, 0x3E, 0xAC,
    0xA0, 0x06, 0x90, 0xF2, 0x14, 0x59, 0x24, 0x98, 0x30, 0x22, 0xBC, 0x01, 0xE5, 0x0D, 0x48, 0x6F,
    0x40, 0x7B, 0x26, 0x7E, 0xAF, 0x14, 0x96, 0xB9, 0xBC, 0x21, 0x38, 0xC0, 0x2C, 0x60, 0x1E, 0x30,
    0x13, 0x84, 0xE4, 0xC2, 0x86, 0x20, 0xA7, 0x51, 0x8D, 0xFE, 0x73, 0x89, 0xF1, 0x77, 0x8C, 0x08,
    0x40, 0x7A, 0x4F, 0x90, 0x92, 0x78, 0x8D, 0x42, 0xF1, 0x92, 0x23, 0xFF, 0x49, 0xDD, 0x15, 0xC8,
    0x9B, 0x02, 0x39, 0x3F, 0xC7, 0x74, 0x60, 0xFA, 0x32, 0x75, 0x59, 0xC5, 0xB0, 0x7A, 0x61, 0x57,
    0x88, 0x95, 0x08, 0x2B, 0x90, 0xCC, 0x8D, 0xAB, 0x74, 0x91, 0xBC, 0x7D, 0x11, 0x4D, 0x6F, 0xCF,
    0xD8, 0x91, 0xCF, 0x57, 0x9A, 0x8B, 0xE3, 0xCD, 0x7F, 0xA5, 0x40, 0x09, 0x20, 0x0A, 0xBB, 0x57,
    0x83, 0xA6, 0x0D, 0x9B, 0x36, 0x98, 0xB7, 0x66, 0xBE, 0x65, 0x6E, 0x6D, 0x98, 0xF3, 0xA7, 0xCD,
    0xE9, 0xE3, 0x66, 0x45, 0xF7, 0x05, 0xE2, 0xF1, 0xB2, 0x8A, 0xBB, 0x7C, 0x34, 0xE1, 0xAD, 0x7E,
    0x7B, 0x30, 0xFE, 0x92, 0xEC, 0xC4, 0x86, 0x7F, 0xD4, 0x17, 0x8B, 0x51, 0x58, 0x65, 0x09, 0x36,
    0xF8, 0x51, 0x84, 0x4E, 0xF2, 0xD4, 0x77, 0x92, 0x99, 0x3B, 0x01, 0xE7, 0x7E, 0xA3, 0x77, 0xE0,
    0x27, 0x24, 0x39, 0x22, 0xE3, 0x55, 0xE3, 0xF1, 0xA7, 0xBF, 0x51, 0x1B, 0x25, 0xCD, 0xDF, 0x4A,
    0x52, 0x2D, 0x23, 0x65, 0xBF, 0x4F, 0x33, 0x99, 0x51, 0x7C, 0x5D, 0x05, 0xC5, 0x21, 0x49, 0xFB,
    0xB5, 0x6D, 0x92, 0x7C, 0x4A, 0x1A, 0x2F, 0x25, 0xA1, 0x92, 0xDD, 0xD1, 0x57, 0x86, 0x08, 0x85,
    0x04, 0xAA, 0x65, 0xB6, 0x24, 0x30, 0x3B, 0x6E, 0xAA, 0xA1, 0xCF, 0x69, 0x3E, 0x13, 0x7B, 0x25,
    0x83, 0xE9, 0x0D, 0x56, 0xA5, 0xD1, 0xFF, 0xD2, 0xDF, 0xFB, 0xA4, 0x08, 0x6A, 0x1A, 0x5D, 0x7D,
    0x8B, 0x44, 0x97, 0xEC, 0xD9, 0x39, 0xFA, 0x5B, 0x5F, 0x71, 0x9A, 0x0D, 0x09, 0x13, 0xEC, 0x8F,
    0xCC, 0x18, 0xE3, 0xB6, 0x87, 0xCD, 0x91, 0xD8, 0x1B, 0x89, 0xAD, 0x91, 0xD8, 0x19, 0x89, 0x8D,
    0x91, 0x28, 0x9A, 0x63, 0x5B, 0x24, 0x76, 0x45, 0x62, 0x53, 0x24, 0xF6, 0x44, 0x62, 0x4B, 0x24,
    0x76, 0x44, 0x62, 0x43, 0xE4, 0x50, 0xAD, 0x6A, 0x89, 0x32, 0x95, 0xA8, 0x75, 0x9C, 0x5F, 0x17,
    0xC8, 0xFF, 0x09, 0x9C, 0x5E, 0x18, 0xC0, 0xFA, 0x3F, 0x3B, 0x7B, 0x53, 0xF9, 0xB5, 0x79, 0x9C,
    0x15, 0x98, 0x60, 0xDD, 0x36, 0x09, 0x11, 0xA5, 0xA2, 0x40, 0x31, 0xCC, 0xA3, 0xC3, 0x6A, 0xF5,
    0x63, 0xDE, 0x96, 0xAA, 0xE2, 0xDF, 0xA9, 0xF8, 0xBF, 0xAD, 0x2F, 0x2E, 0x1A, 0x88, 0xFF, 0xB5,
    0x23, 0xC4, 0xFF, 0xF2, 0x17, 0xBF, 0xA6, 0x01, 0x39, 0x26, 0xF8, 0xEC, 0xC2, 0xEA, 0x59, 0xD0,
    0x8F, 0xB4, 0x40, 0x26, 0x59, 0x6D, 0xAC, 0xD2, 0x58, 0x00, 0x20, 0x34, 0xA0, 0x91, 0x60, 0x51,
    0x46, 0x95, 0xAB, 0x3C, 0xD0, 0x1F, 0x62, 0x8A, 0x4C, 0xDE, 0x7D, 0x98, 0xE5, 0xAC, 0x92, 0x4A,
    0xC9, 0x4D, 0x77, 0x7F, 0x25, 0xAF, 0x41, 0x29, 0xE5, 0x6D, 0x46, 0xFA, 0x12, 0x30, 0xD1, 0xC2,
    0x0D, 0xDF, 0x48, 0x2D, 0x2F, 0x3D, 0xF2, 0x8B, 0x3A, 0x99, 0x48, 0x5D, 0x2F, 0x93, 0x96, 0xD1,
    0x5D, 0x26, 0x2F, 0x75, 0x94, 0x98, 0x79, 0x95, 0xC8, 0x18, 0x75, 0x39, 0xA7, 0xA8, 0xCB, 0x66,
    0x5D, 0x5D, 0xBC, 0x35, 0xEC, 0x29, 0xC9, 0x46, 0x70, 0x08, 0x10, 0xAF, 0x8E, 0x51, 0xC3, 0x49,
    0xB9, 0xE0, 0xC0, 0x7B, 0x86, 0x01, 0xD3, 0x88, 0x5E, 0xA9, 0x7A, 0xD8, 0x0C, 0x52, 0xA7, 0x4F,
    0x23, 0x91, 0x56, 0x92, 0xA2, 0x8A, 0xBA, 0xE2, 0xD8, 0x66, 0x4A, 0xFD, 0x6E, 0x6C, 0x90, 0x6B,
    0xB8, 0xB1, 0x4B, 0x72, 0xFB, 0x4F, 0x18, 0xFC, 0x2F, 0xB1, 0x49, 0xE7, 0x3D, 0x0C, 0xF5, 0x3F,
    0x2C, 0x72, 0x9E, 0x27, 0xC0, 0x33, 0x13, 0x83, 0xE1, 0x6C, 0xCD, 0x96, 0xAB, 0xDE, 0x9F, 0x1B,
    0xB2, 0x3E, 0xFC, 0xA8, 0x6B, 0xE3, 0xB3, 0xC3, 0x0C, 0xF3, 0x4C, 0xAE, 0x85, 0x49, 0x7E, 0xA3,
    0x60, 0x0A, 0xB4, 0xE0, 0x09, 0xF8, 0x3E, 0x4F, 0xD9, 0xB2, 0xDB, 0x20, 0xDB, 0xF4, 0xF1, 0xF2,
    0xE1, 0x29, 0xB5, 0xA1, 0x9D, 0xD6, 0x03, 0xCA, 0xAF, 0x2A, 0x4C, 0xE6, 0x4D, 0xF5, 0xAB, 0x6A,
    0xC5, 0x63, 0xBC, 0xA1, 0x79, 0xD3, 0x53, 0x83, 0xF4, 0x9C, 0xFC, 0xF6, 0x39, 0xD8, 0xC0, 0x75,
    0x82, 0x57, 0xD0, 0x98, 0x3F, 0xEC, 0x32, 0x1A, 0xF1, 0x32, 0x42, 0x8E, 0x39, 0x41, 0x0A, 0x2C,
    0xFA, 0x5D, 0x4C, 0xDA, 0xAD, 0xA0, 0xDC, 0xE8, 0xBE, 0x2C, 0x6C, 0xCB, 0xE2, 0x5D, 0x59, 0xBC,
    0x29, 0x8B, 0xF7, 0x64, 0xC9, 0x96, 0x2C, 0xDE, 0x91, 0xC5, 0x1B, 0xB2, 0xB0, 0x1F, 0x8B, 0xB7,
    0x63, 0xF1, 0x6E, 0x2C, 0xDE, 0x8C, 0xC5, 0x7B, 0xB1, 0x78, 0x2B, 0x16, 0xEF, 0xC4, 0xE2, 0x8D,
    0x58, 0xBC, 0x0F, 0xEB, 0xE0, 0xF6, 0x6C, 0xBB, 0x15, 0x2F, 0xD5, 0x57, 0x31, 0x6D, 0xE6, 0x7B,
    0x9A, 0x43, 0xE2, 0x44, 0xCA, 0x01, 0x0B, 0xF3, 0xB9, 0x61, 0x18, 0xAF, 0xB2, 0xA0, 0xB7, 0xCA,
    0x6E, 0xA1, 0x3C, 0x73, 0x1E, 0x2E, 0xD1, 0xB9, 0x43, 0xAB, 0xEC, 0xE3, 0xE6, 0xD5, 0xEF, 0xC0,
    0x10, 0xC5, 0xF7, 0xBB, 0xBF, 0x87, 0x9F, 0x89, 0x34, 0xF7, 0x3E, 0x53, 0x8C, 0x9D, 0x60, 0x44,
    0xCF, 0x33, 0xFE, 0x2A, 0x9F, 0x53, 0xFE, 0xD4, 0xEA, 0xA6, 0x0D, 0x6F, 0xBA, 0x5E, 0x1D, 0x5C,
    0xA0, 0x3A, 0x52, 0x15, 0xD1, 0x1C, 0x85, 0x54, 0xC6, 0xB3, 0x3E, 0x96, 0xAB, 0xC6, 0x2B, 0xC9,
    0x88, 0x1D, 0x6B, 0xCC, 0x9C, 0x35, 0xBE, 0x1E, 0xB1, 0xEE, 0x1A, 0x8B, 0xCE, 0x2A, 0xC0, 0x04,
    0x81, 0x53, 0x7E, 0x5F, 0xB0, 0x95, 0xCF, 0x1C, 0xDC, 0xC7, 0x2C, 0x59, 0x6D, 0x5B, 0x5E, 0xCE,
    0x7D, 0x82, 0x72, 0xEC, 0x13, 0xAB, 0x82, 0x8F, 0x16, 0xEF, 0xD9, 0xA9, 0xAF, 0x75, 0x19, 0x78,
    0x4A, 0x4F, 0x52, 0x24, 0xC0, 0x40, 0xE9, 0x46, 0xBD, 0xE8, 0x56, 0x6B, 0xBC, 0x99, 0x72, 0x53,
    0x95, 0xB3, 0xFC, 0x15, 0xD1, 0x74, 0x64, 0xA2, 0xE5, 0x9E, 0xC0, 0x0C, 0x5F, 0x1F, 0x8E, 0x84,
    0xC7, 0x81, 0x51, 0x8C, 0x35, 0xB5, 0x7B, 0x41, 0x7A, 0x47, 0xDF, 0x2F, 0xBA, 0x8A, 0xFD, 0x71,
    0xC6, 0x09, 0x76, 0x6D, 0x72, 0x7F, 0xA7, 0xDB, 0xB9, 0x89, 0x54, 0x6D, 0x47, 0x24, 0x7E, 0x9E,
    0x25, 0xB8, 0xDE, 0xE0, 0xFE, 0x67, 0xE7, 0x78, 0x74, 0xD5, 0x20, 0x6A, 0xF4, 0x25, 0x4B, 0x9B,
    0x94, 0x19, 0x20, 0xC9, 0xF4, 0x2D, 0xB6, 0xD9, 0x00, 0xF6, 0x35, 0xF1, 0x28, 0x26, 0x5F, 0x14,
    0x7D, 0x58, 0x58, 0x7A, 0xA8, 0x03, 0xC5, 0x4C, 0x49, 0x35, 0x54, 0x6B, 0xA1, 0xEE, 0x25, 0x49,
    0x83, 0x43, 0xB1, 0x42, 0xBA, 0x27, 0x5F, 0x41, 0x11, 0xC9, 0xE0, 0x94, 0xF6, 0x11, 0x68, 0xDA,
    0xC1, 0x30, 0x7D, 0xC3, 0xA8, 0x53, 0xD9, 0x7F, 0xCC, 0x6E, 0x20, 0x50, 0xDE, 0xE5, 0x3D, 0x38,
    0x69, 0x70, 0x95, 0xF6, 0xDD, 0xD0, 0xE7, 0x16, 0x7E, 0x29, 0x71, 0xE0, 0xD4, 0xE5, 0x66, 0x2B,
    0x7D, 0x4A, 0x66, 0xBF, 0x89, 0xA2, 0xE0, 0x3E, 0xBA, 0xED, 0xF6, 0x2C, 0xCE, 0x86, 0x13, 0x70,
    0xC3, 0xF2, 0x86, 0x84, 0xA5, 0x4B, 0x27, 0x46, 0x9B, 0x4E, 0x70, 0xF6, 0x54, 0xB3, 0x98, 0x2B,
    0xB9, 0xCB, 0x89, 0x43, 0x9E, 0xF4, 0x15, 0x03, 0xB2, 0xD3, 0x87, 0xDC, 0xD4, 0xC8, 0x96, 0x33,
    0x3B, 0x7D, 0xAA, 0x53, 0xE8, 0x45, 0xA9, 0xBA, 0xA3, 0xD4, 0x9A, 0x51, 0x37, 0x2C, 0xC5, 0x84,
    0x7D, 0x90, 0x98, 0x35, 0x87, 0x1E, 0x66, 0x68, 0x5F, 0x41, 0xA2, 0x35, 0x9A, 0xA0, 0x5C, 0xDA,
    0x9A, 0x34, 0xB3, 0x78, 0x79, 0x51, 0x72, 0x20, 0xAF, 0xEA, 0x4B, 0x79, 0x8C, 0x05, 0xA8, 0xD8,
    0x2A, 0xD5, 0xE1, 0x73, 0x33, 0xAC, 0x5A, 0x8F, 0x2D, 0xF6, 0x5F, 0x8B, 0x40, 0x0A, 0x62, 0xB1,
    0xC3, 0x8C, 0x54, 0x5C, 0x92, 0xF9, 0xE0, 0x36, 0x2E, 0x51, 0x3D, 0xA1, 0x2F, 0xE2, 0xCA, 0x7E,
    0xF6, 0x47, 0xBC, 0xEA, 0xB2, 0x4E, 0xEA, 0x9D, 0xC1, 0xE5, 0xBC, 0x0F, 0xD4, 0xE1, 0xD0, 0x72,
    0x72, 0x17, 0xE5, 0x7E, 0xF2, 0x86, 0x42, 0x76, 0x4E, 0x0A, 0x99, 0xBE, 0x0B, 0xEB, 0x45, 0x31,
    0x57, 0x9A, 0x81, 0x60, 0xBE, 0xC2, 0x74, 0x21, 0x19, 0x62, 0xE2, 0xF7, 0x16, 0xF0, 0x3C, 0x3A,
    0x27, 0x62, 0xF2, 0xEE, 0x47, 0x97, 0x25, 0x98, 0x38, 0xE1, 0x6E, 0xED, 0x42, 0xE7, 0x54, 0x3D,
    0xCB, 0xCF, 0x26, 0xF6, 0x7F, 0x02, 0xEF, 0x7A, 0xB3, 0xF0, 0x15, 0xFD, 0x03, 0x95, 0x58, 0x92,
    0xCA, 0x58, 0xA9, 0x1E, 0xCF, 0x6C, 0xB1, 0x2C, 0xF4, 0xFB, 0x4B, 0xFD, 0x5B, 0x03, 0xCF, 0x1E,
    0xF6, 0x7B, 0x2E, 0x51, 0x78, 0xBF, 0xA2, 0x48, 0x14, 0xD9, 0x52, 0x98, 0x30, 0x12, 0x64, 0x66,
    0x97, 0x95, 0xEC, 0xD0, 0xA8, 0xED, 0x40, 0x13, 0x07, 0x48, 0xE1, 0x95, 0xBB, 0xB0, 0x8B, 0x57,
    0xA2, 0xF6, 0xB1, 0x43, 0xA3, 0x28, 0xE6, 0xC3, 0x96, 0xC8, 0x6B, 0xBB, 0x90, 0x25, 0xC9, 0x78,
    0xDB, 0x49, 0x8A, 0xA0, 0x4F, 0xC4, 0xB6, 0x68, 0xE5, 0x4B, 0xB0, 0x27, 0x85, 0x1D, 0x40, 0xE6,
    0x31, 0x87, 0x07, 0x06, 0x30, 0xEB, 0x0F, 0xC0, 0x3C, 0x7C, 0x00, 0xF9, 0xE1, 0x01, 0x74, 0xF6,
    0x79, 0x06, 0x9C, 0xB0, 0x2F, 0x0A, 0xFF, 0x31, 0xD5, 0x04, 0xC2, 0xBA, 0x7D, 0xC1, 0x6D, 0x08,
    0x5E, 0x47, 0xA8, 0xB3, 0x07, 0xEF, 0x2F, 0xEC, 0x02, 0xE4, 0xB1, 0x9D, 0x76, 0x44, 0x7C, 0xCA,
    0xA2, 0x01, 0x50, 0x9D, 0x91, 0x5A, 0x8B, 0x5F, 0xD9, 0x52, 0x2E, 0x1D, 0x2E, 0x6F, 0xD1, 0x0C,
    0x42, 0x9B, 0xD5, 0x02, 0xBB, 0x2C, 0x6A, 0x73, 0x3D, 0x78, 0x30, 0x37, 0x7B, 0x71, 0x4E, 0xC1,
    0xF0, 0x29, 0x9A, 0xCA, 0xFC, 0x5B, 0x66, 0x1E, 0xD6, 0x53, 0x32, 0x83, 0xBF, 0x2C, 0x82, 0x9A,
    0x6D, 0x61, 0xFC, 0xDF, 0xD4, 0x18, 0xC9, 0x71, 0x5C, 0x01, 0xC4, 0x57, 0xA4, 0x48, 0x02, 0x93,
    0x52, 0x3E, 0x23, 0x60, 0x88, 0x4D, 0x2C, 0xD6, 0xAD, 0xE8, 0xA7, 0x95, 0xB9, 0x06, 0x3D, 0x70,
    0x0E, 0x29, 0xBC, 0xFF, 0x07, 0x8D, 0x55, 0x31, 0x6F, 0xE4, 0x44, 0x18, 0x7D, 0xB6, 0x13, 0x7C,
    0x97, 0x41, 0x99, 0x2D, 0x8E, 0x53, 0xC8, 0x25, 0xF1, 0x15, 0x14, 0x11, 0x4A, 0x62, 0x8A, 0x2B,
    0xB6, 0x70, 0x76, 0xE6, 0x27, 0xA4, 0xB8, 0xBD, 0x86, 0x86, 0xE2, 0x1A, 0x82, 0xC4, 0xA5, 0x48,
    0xB1, 0xA0, 0x10, 0x5B, 0x47, 0x41, 0x49, 0x0A, 0x7E, 0x40, 0x1A, 0x24, 0x2E, 0xCD, 0x59, 0x22,
    0x48, 0x14, 0x21, 0x6B, 0xF1, 0x07, 0xB0, 0x04, 0xA2, 0x76, 0x41, 0x43, 0x37, 0x48, 0x5B, 0xF8,
    0x24, 0xEF, 0x0E, 0x6F, 0xEC, 0x4D, 0x38, 0xC8, 0x29, 0x62, 0x76, 0xE7, 0x93, 0x3D, 0xF3, 0xCD,
    0x7C, 0x6F, 0xDE, 0xF7, 0xBE, 0xF1, 0x0A, 0xBE, 0x80, 0x42, 0x94, 0x89, 0xC2, 0xAF, 0x60, 0xD0,
    0x07, 0x70, 0xEA, 0xD5, 0xC1, 0x24, 0xAC, 0x64, 0x16, 0x21, 0xC1, 0x01, 0x07, 0x70, 0x07, 0x18,
    0x00, 0x16, 0xBE, 0x45, 0xF8, 0x0B, 0xA4, 0xD0, 0x49, 0x90, 0xE5, 0x7E, 0xA6, 0xDD, 0x5C, 0xE8,
    0xBD, 0xF8, 0x54, 0xD8, 0x3A, 0xB6, 0x66, 0xF4, 0x24, 0xEB, 0xB9, 0x11, 0x28, 0xDB, 0xA4, 0xD6,
    0x2C, 0x0E, 0x87, 0x43, 0x3E, 0x5A, 0x9B, 0xA5, 0x34, 0x78, 0x67, 0x38, 0x7C, 0x0C, 0xCE, 0xE7,
    0xA8, 0x8C, 0x5F, 0x5C, 0xBE, 0xE4, 0x28, 0xA2, 0xDA, 0xB9, 0xDF, 0x25, 0x80, 0x31, 0x7F, 0x9B,
    0x10, 0xD8, 0x56, 0xD9, 0x58, 0x15, 0x56, 0xE9, 0xE9, 0x1D, 0x3A, 0xF7, 0x20, 0x66, 0x18, 0x28,
    0xF4, 0x15, 0x30, 0x45, 0x58, 0x41, 0x02, 0x6F, 0x39, 0x84, 0xA2, 0x49, 0xB6, 0x0F, 0xD6, 0xF3,
    0xAD, 0xFC, 0x30, 0x2D, 0xEF, 0xBA, 0x3D, 0xBC, 0x6A, 0x12, 0xFC, 0x55, 0x8B, 0x5F, 0x8D, 0xFC,
    0xAA, 0x88, 0xA5, 0x4E, 0x76, 0x90, 0x27, 0xC8, 0x1E, 0x72, 0x46, 0x1F, 0x04, 0xD9, 0x81, 0x44,
    0x7F, 0x17, 0x49, 0x0D, 0x65, 0x10, 0x17, 0x88, 0x80, 0xB7, 0x39, 0x23, 0x37, 0xB6, 0x92, 0xFE,
    0xB9, 0xE1, 0x93, 0x58, 0x5E, 0x5E, 0x5F, 0x4F, 0xD8, 0x0E, 0x47, 0x79, 0x5E, 0x01, 0x6B, 0xCB,
    0x2E, 0xEA, 0xB1, 0xC2, 0x20, 0x46, 0x2C, 0x11, 0x49, 0x2D, 0x43, 0x1D, 0x06, 0xDA, 0xA3, 0x6F,
    0x50, 0x40, 0x12, 0x48, 0xB9, 0x19, 0x3E, 0x27, 0x6F, 0xEA, 0xF7, 0x26, 0xB2, 0xC6, 0x9F, 0x69,
    0xEC, 0x23, 0xB0, 0x85, 0xB4, 0x66, 0xC7, 0x33, 0x7D, 0xE4, 0x1F, 0xE0, 0x14, 0xAB, 0xF0, 0x5E,
    0x41, 0xB4, 0xE1, 0xC8, 0x1E, 0x8F, 0xA0, 0x4A, 0xA8, 0x0A, 0x51, 0x01, 0xEF, 0x54, 0xD4, 0xB2,
    0x09, 0x1A, 0x34, 0x98, 0xF8, 0x55, 0x94, 0xD5, 0xF0, 0x1A, 0xD1, 0xC4, 0xB5, 0xCA, 0x2E, 0xF0,
    0x23, 0x7F, 0xBB, 0x88, 0x18, 0xEB, 0xA6, 0xD7, 0x4A, 0x97, 0x2C, 0x7D, 0x6B, 0xB2, 0x3A, 0x8C,
    0x61, 0x46, 0xB2, 0x94, 0xC5, 0xFB, 0x97, 0xC0, 0x16, 0x38, 0x47, 0x32, 0x83, 0xAC, 0x1D, 0xD6,
    0x90, 0xB6, 0x88, 0xCE, 0xE6, 0xC3, 0xE4, 0x28, 0xB2, 0x5A, 0x59, 0xED, 0xC8, 0xE5, 0x7F, 0x1D,
    0x4C, 0x04, 0x16, 0x80, 0xD4, 0x65, 0xDC, 0xD9, 0x01, 0xEE, 0xD7, 0xB0, 0x25, 0x9E, 0x72, 0xE7,
    0x5E, 0x60, 0x5C, 0xA0, 0x3E, 0xBB, 0xD2, 0x4B, 0x9A, 0x9B, 0x1A, 0x18, 0xBF, 0x0C, 0x8A, 0xB4,
    0x19, 0xD7, 0xAB, 0xDF, 0xA5, 0xD3, 0x07, 0xBF, 0x09, 0x2D, 0xB9, 0xCF, 0x5A, 0x0B, 0x84, 0x80,
    0x0C, 0x3C, 0x83, 0xB1, 0xD5, 0x9F, 0xFC, 0xE9, 0x60, 0x09, 0x0D, 0xAF, 0x9D, 0x49, 0xAD, 0xDE,
    0x7F, 0x71, 0x05, 0xD7, 0x74, 0x9D, 0x09, 0x86, 0x2C, 0xBA, 0x1E, 0x65, 0x2D, 0x65, 0x6D, 0x3F,
    0x66, 0xBF, 0x60, 0xAF, 0x71, 0x8F, 0xE7, 0x3E, 0xE6, 0x31, 0xC6, 0x33, 0x20, 0xAE, 0xE6, 0xCB,
    0x21, 0x4A, 0x59, 0xC8, 0x2C, 0xD6, 0x8A, 0xDE, 0x03, 0x52, 0x74, 0x44, 0x74, 0x09, 0x8F, 0xB7,
    0x01, 0x99, 0x05, 0xE5, 0x4A, 0x6A, 0x67, 0x9B, 0xCB, 0x48, 0x94, 0x9E, 0xA5, 0x7A, 0xA6, 0xD0,
    0xDC, 0x43, 0xCF, 0x3B, 0x91, 0xF5, 0xA3, 0xC4, 0x24, 0x55, 0xDF, 0x98, 0x71, 0xF1, 0xAE, 0xC3,
    0x50, 0x87, 0xD3, 0x60, 0xC6, 0xC5, 0x09, 0xEA, 0xA0, 0x4A, 0xB1, 0x07, 0xF8, 0x1A, 0xCB, 0xE0,
    0x66, 0x3C, 0x42, 0xD0, 0xFD, 0x9B, 0x39, 0x25, 0xA7, 0xDC, 0x25, 0xC1, 0xD8, 0x30, 0x15, 0x2E,
    0x05, 0x8E, 0xD8, 0x6D, 0xE0, 0x1C, 0x44, 0xC7, 0x7C, 0xCB, 0x0C, 0x71, 0x46, 0x7A, 0x3E, 0x52,
    0x3F, 0x17, 0xE4, 0x35, 0x9E, 0x42, 0x38, 0xA8, 0x21, 0x59, 0x59, 0xA6, 0x9F, 0xC3, 0x76, 0xD8,
    0x01, 0x8F, 0xED, 0x6C, 0x70, 0x76, 0x31, 0x42, 0x92, 0x63, 0x44, 0x2E, 0x7B, 0x0B, 0xD0, 0xF9,
    0x5A, 0xA0, 0xCD, 0xAE, 0x24, 0x63, 0x53, 0x8C, 0xBF, 0x9E, 0x60, 0x3B, 0x28, 0x9D, 0x88, 0xF3,
    0x4E, 0xC4, 0x5C, 0x3B, 0x71, 0x1A, 0x52, 0x05, 0xE2, 0x4E, 0xC4, 0xFF, 0x2D, 0x4D, 0x24, 0x81,
    0x73, 0xD6, 0x2E, 0xDF, 0xA4, 0xBF, 0xCA, 0xDB, 0x5A, 0x53, 0x57, 0xB5, 0x86, 0x8F, 0x3B, 0x99,
    0x96, 0x03, 0xBF, 0x3A, 0x44, 0x75, 0x0A, 0x52, 0x1D, 0x00, 0xDF, 0x46, 0x08, 0x6D, 0x43, 0x5D,
    0x18, 0x24, 0x8B, 0xDA, 0x69, 0x02, 0x8B, 0xC3, 0xC7, 0xA9, 0x9D, 0xA6, 0xB6, 0x61, 0xE1, 0x0E,
    0xC7, 0xB6, 0x6D, 0x53, 0x3E, 0xEF, 0x79, 0x7C, 0xDF, 0x13, 0x7C, 0x33, 0x92, 0xA6, 0x74, 0xAF,
    0x78, 0x53, 0xAD, 0xB3, 0x62, 0xFD, 0x42, 0x58, 0x4A, 0x33, 0x76, 0x63, 0xC7, 0x1F, 0x32, 0x80,
    0xC1, 0xB3, 0x79, 0xD6, 0xB8, 0xA3, 0xE6, 0xB0, 0xEE, 0x68, 0xB0, 0x76, 0xE6, 0x56, 0xCF, 0xAE,
    0x32, 0x3A, 0x17, 0x49, 0xD4, 0xDA, 0x41, 0x6B, 0x1B, 0x67, 0x7C, 0xD3, 0x5E, 0x39, 0x8E, 0x12,
    0x47, 0xF3, 0x5C, 0x1F, 0x9D, 0x3A, 0x80, 0x49, 0x2B, 0xA6, 0x36, 0x00, 0xD3, 0x70, 0xBD, 0x7E,
    0xF7, 0x7F, 0xAE, 0xF7, 0x5E, 0x5B, 0x2F, 0x6F, 0xAC, 0x7F, 0x7A, 0x8D, 0x6D, 0xC9, 0x99, 0x1D,
    0x67, 0x8E, 0xAE, 0xA2, 0x7A, 0xA6, 0xAB, 0x3A, 0x06, 0x76, 0xBB, 0xCA, 0xEB, 0x65, 0xD7, 0x1E,
    0x7E, 0x75, 0x9B, 0x87, 0xB9, 0xE9, 0x11, 0xDD, 0xE6, 0x21, 0xF5, 0xBF, 0x3C, 0xDE, 0x9B, 0x03,
    0x9F, 0xB0, 0x30, 0x47, 0x30, 0x61, 0xD9, 0x51, 0xE6, 0x4A, 0x80, 0x75, 0xF0, 0xD9, 0xF0, 0x68,
    0x6C, 0xEB, 0xFD, 0xB3, 0x13, 0x6F, 0xA8, 0x05, 0x93, 0x1F, 0x14, 0x1B, 0x61, 0xB6, 0x25, 0x30,
    0x78, 0x09, 0xD5, 0x10, 0xFA, 0x06, 0x44, 0x63, 0x75, 0xC4, 0xE4, 0x25, 0x31, 0x65, 0xB6, 0x4E,
    0xF5, 0x2C, 0x78, 0x58, 0x58, 0xD8, 0x50, 0xB2, 0x11, 0x95, 0x32, 0xF5, 0xA4, 0xD7, 0xE3, 0xD5,
    0x73, 0x1E, 0x94, 0x61, 0x21, 0x8A, 0x90, 0x56, 0x52, 0xC2, 0xBD, 0xAB, 0xDB, 0xE8, 0xF5, 0x4F,
    0x07, 0x71, 0xFA, 0x93, 0xA0, 0x62, 0x39, 0x12, 0xD8, 0xA1, 0x2B, 0x22, 0xCA, 0x9E, 0x1F, 0x08,
    0x08, 0x26, 0x9F, 0x17, 0x25, 0xFA, 0x4F, 0x32, 0x27, 0xCC, 0x37, 0xDC, 0x6D, 0xF0, 0xDB, 0xAC,
    0x91, 0x78, 0x1E, 0x2E, 0xC6, 0x56, 0x72, 0x6E, 0x3F, 0x6F, 0xEC, 0xF7, 0xCD, 0xF4, 0xCB, 0xC9,
    0x43, 0xEC, 0xF9, 0x5A, 0x66, 0xAE, 0xBC, 0xD3, 0x5E, 0x6A, 0x54, 0xE6, 0x12, 0x19, 0xE9, 0x91,
    0xBB, 0x7B, 0x78, 0x5B, 0xB2, 0x12, 0x40, 0xC0, 0x32, 0x82, 0xE0, 0x47, 0x82, 0x37, 0xBC, 0x01,
    0x6B, 0x8A, 0x98, 0x09, 0xCC, 0x79, 0x18, 0xAF, 0x12, 0xC5, 0x4F, 0x68, 0x2B, 0x82, 0x2D, 0x3B,
    0x6E, 0x53, 0x5B, 0xC4, 0x7F, 0x00, 0x0F, 0x66, 0xD4, 0x3D, 0x5B, 0xD5, 0x8A, 0xB0, 0xAD, 0x90,
    0xFB, 0xDF, 0xE0, 0x9F, 0xB6, 0x64, 0xED, 0x09, 0x83, 0x39, 0x97, 0x0C, 0xD1, 0x2B, 0xED, 0x3D,
    0x9B, 0x22, 0x75, 0xDC, 0xC7, 0xC5, 0xA3, 0x56, 0x4F, 0x85, 0x7F, 0xBE, 0xB6, 0x36, 0xB8, 0xF8,
    0x61, 0x8F, 0x61, 0x7A, 0x97, 0xD5, 0x2A, 0xFE, 0x06, 0x6D, 0xCD, 0x31, 0x0E, 0x40, 0x40, 0x10,
    0x85, 0xE1, 0x3F, 0x44, 0x14, 0x0A, 0x6A, 0x71, 0x04, 0x89, 0x56, 0x81, 0xEC, 0x91, 0xDC, 0x80,
    0x23, 0x29, 0x94, 0xC2, 0x15, 0xF6, 0x08, 0x8E, 0x30, 0xA5, 0x62, 0x63, 0xCD, 0x2A, 0x54, 0x26,
    0x99, 0xAF, 0x78, 0x99, 0xCC, 0x83, 0xC3, 0x40, 0xEC, 0x4F, 0xC8, 0xBD, 0x40, 0x1F, 0x5D, 0x50,
    0xB0, 0xA1, 0xD3, 0x7D, 0xD4, 0x81, 0xEA, 0x87, 0xFA, 0xE3, 0xBD, 0x73, 0xBA, 0xE1, 0x01, 0x69,
    0x20, 0x5F, 0x95, 0x61, 0x0C, 0xF9, 0xA2, 0x1D, 0xA2, 0x64, 0x56, 0x3B, 0x9A, 0x59, 0xD9, 0x11,
    0x22, 0x87, 0x24, 0x99, 0x20, 0x55, 0x63, 0xB9, 0xDD, 0x64, 0xF0, 0x72, 0xC3, 0x64, 0x5B, 0x28,
    0x79, 0x00, 0xED, 0x7D, 0x4F, 0x8C, 0x1C, 0xE7, 0x75, 0xE7, 0x57, 0x55, 0x43, 0x96, 0xA3, 0x92,
    0x59, 0x5C, 0x40, 0xD2, 0x2A, 0x14, 0xA5, 0xE2, 0xC1, 0x07, 0x3B, 0x19, 0xB2, 0x74, 0xD0, 0x81,
    0x58, 0xF4, 0x4C, 0x95, 0x62, 0x2C, 0x7C, 0xF0, 0x41, 0x3A, 0x88, 0xBB, 0xD8, 0xCD, 0x41, 0x3E,
    0xF8, 0xB0, 0x71, 0x0E, 0xD4, 0x02, 0x3A, 0x70, 0x83, 0x19, 0x76, 0x59, 0x3E, 0xF8, 0x60, 0x60,
    0x4D, 0x6C, 0xE0, 0xCD, 0x21, 0x87, 0x70, 0xB1, 0x5A, 0x40, 0xA2, 0x82, 0x90, 0x07, 0x22, 0xA1,
    0x93, 0x99, 0xE9, 0x92, 0x74, 0x30, 0xB0, 0x06, 0xD6, 0x6D, 0x07, 0x9B, 0x1C, 0x7C, 0x50, 0xC5,
    0x96, 0x13, 0x40, 0x0C, 0x56, 0x65, 0xBB, 0x1D, 0xB7, 0xC8, 0xEA, 0xAE, 0x7D, 0xEF, 0xF7, 0xDE,
    0xF7, 0x55, 0x55, 0xCF, 0x90, 0x22, 0x13, 0xD2, 0x92, 0x25, 0x8D, 0xC0, 0xAE, 0x1E, 0x4D, 0x77,
    0xD5, 0xFB, 0xDE, 0xF7, 0xFE, 0xFF, 0xFB, 0x8C, 0x31, 0xE6, 0x82, 0xE1, 0x9F, 0x70, 0x86, 0x4B,
    0xD0, 0xE0, 0x62, 0x26, 0x72, 0x49, 0x72, 0xF9, 0xBF, 0xA5, 0xFC, 0x2A, 0x1F, 0xC5, 0xCF, 0x1A,
    0xFD, 0x7B, 0xC4, 0x98, 0xAC, 0xA5, 0x1F, 0x63, 0xBC, 0xB6, 0x30, 0xE7, 0xE5, 0x6B, 0x27, 0xE9,
    0xB2, 0x34, 0x66, 0x9D, 0x2E, 0x0B, 0x5C, 0xBC, 0x06, 0x9F, 0xF6, 0xE5, 0xCE, 0x81, 0x3E, 0xA7,
    0xC6, 0x25, 0xAA, 0x8D, 0x47, 0x97, 0xB8, 0x32, 0x47, 0xF8, 0x52, 0x9A, 0x11, 0x5D, 0xD2, 0x77,
    0x26, 0x73, 0xBA, 0x64, 0x37, 0x5A, 0xFE, 0x6C, 0x66, 0x0C, 0x7F, 0x76, 0x2C, 0x97, 0x3D, 0x63,
    0x2E, 0xCA, 0x9D, 0x8D, 0xDC, 0xD9, 0x74, 0x77, 0x9E, 0xBB, 0x3B, 0x7B, 0xB8, 0xB3, 0x09, 0x72,
    0x13, 0xD3, 0x25, 0xA2, 0x5B, 0x56, 0xF4, 0x8F, 0xA0, 0x9C, 0x19, 0x7F, 0x21, 0x30, 0xCF, 0xCD,
    0x43, 0xF4, 0xE1, 0x43, 0xB2, 0xBE, 0xDC, 0x3C, 0x8B, 0x6F, 0x02, 0xB8, 0xB8, 0x0E, 0xE7, 0x72,
    0x99, 0x61, 0xE9, 0xC1, 0xF4, 0xA3, 0xB7, 0x68, 0x5F, 0xEE, 0x91, 0x87, 0x2D, 0x7E, 0x8A, 0x58,
    0xAE, 0x26, 0xCE, 0xF9, 0xBE, 0x9B, 0xB4, 0x1E, 0xBE, 0xF1, 0x49, 0x73, 0x1A, 0x77, 0x3E, 0x6E,
    0x9E, 0x34, 0x21, 0xAE, 0xF2, 0x08, 0x23, 0xD0, 0xCB, 0x55, 0x49, 0x23, 0xD1, 0x6B, 0xF6, 0xFA,
    0x25, 0xE0, 0x34, 0xE3, 0xA7, 0xF1, 0x12, 0xA6, 0xE1, 0x52, 0x09, 0x0A, 0x34, 0x45, 0x8B, 0xC8,
    0x0A, 0xBA, 0x36, 0x72, 0xE5, 0xD5, 0x64, 0xA5, 0xAC, 0x03, 0xD7, 0x99, 0x5C, 0xF9, 0x71, 0xFC,
    0xF7, 0xA8, 0x92, 0x6B, 0x3C, 0x95, 0xEF, 0xF3, 0xE3, 0x5A, 0x46, 0x57, 0x09, 0x84, 0xF3, 0x67,
    0x19, 0x62, 0xBF, 0xAD, 0x70, 0x8B, 0x09, 0xAD, 0x81, 0xBF, 0x7A, 0x94, 0x90, 0x1F, 0xEB, 0xBE,
    0xE1, 0x71, 0x82, 0xC5, 0x1E, 0xFE, 0xF0, 0x31, 0xFE, 0x49, 0xF5, 0xCF, 0x82, 0x5D, 0xB7, 0xBE,
    0x65, 0x6E, 0x56, 0x7F, 0x7E, 0x43, 0xEF, 0x27, 0x2B, 0x6D, 0xFB, 0x77, 0x0B, 0x04, 0x1B, 0x91,
    0x7C, 0xE9, 0x41, 0x33, 0xE4, 0x93, 0xFF, 0x24, 0x24, 0x43, 0x4F, 0x08, 0xDB, 0x6F, 0xFD, 0xBB,
    0x46, 0xBE, 0xBC, 0x25, 0x24, 0x73, 0x5A, 0xEE, 0xF1, 0xA4, 0xEC, 0xE8, 0x93, 0xDD, 0x8E, 0xCE,
    0xFA, 0xE0, 0xC4, 0x7A, 0x99, 0xF6, 0x71, 0xAD, 0x80, 0xE8, 0xFA, 0xC6, 0x79, 0x9F, 0x71, 0x15,
    0xBA, 0xC5, 0x80, 0x56, 0x06, 0x24, 0x13, 0xCD, 0x06, 0x77, 0x96, 0x4B, 0x86, 0xCB, 0x61, 0xD9,
    0x3A, 0x42, 0x26, 0x3F, 0xE1, 0x28, 0xA8, 0x95, 0x7F, 0x8E, 0x01, 0x29, 0x61, 0x7B, 0x79, 0xF9,
    0x22, 0x7D, 0xB4, 0x32, 0x6D, 0x6D, 0x7C, 0x5A, 0x42, 0x3A, 0x35, 0xF1, 0x0C, 0x5B, 0xC3, 0x10,
    0xC5, 0xB9, 0x69, 0xE9, 0x63, 0x31, 0xFE, 0x44, 0x14, 0x8E, 0xA7, 0xAE, 0xAD, 0x3C, 0x27, 0x95,
    0x85, 0x64, 0xDF, 0x05, 0x10, 0x63, 0xA2, 0xC0, 0xE3, 0x78, 0x1E, 0xDD, 0xD1, 0x4C, 0xF2, 0xA8,
    0x95, 0x5D, 0xFE, 0x3D, 0xB7, 0x90, 0x95, 0x8B, 0x2E, 0x32, 0xCB, 0xC1, 0xBB, 0xA0, 0x9B, 0x02,
    0xA4, 0x41, 0x1B, 0xC0, 0x18, 0x4B, 0x64, 0xCD, 0xDB, 0x7C, 0xEF, 0x02, 0xAB, 0x8F, 0xDA, 0x25,
    0x1E, 0xF5, 0x95, 0x0B, 0x47, 0xF1, 0xD5, 0xDF, 0x7E, 0x99, 0x57, 0x72, 0xA3, 0xFD, 0x53, 0x26,
    0x80, 0x98, 0x96, 0xBB, 0x0B, 0x4A, 0x9F, 0x1B, 0x8F, 0xD6, 0x44, 0x6F, 0x2A, 0xFC, 0x2A, 0xAF,
    0x53, 0xBC, 0xE6, 0x8A, 0x38, 0x45, 0xA6, 0x40, 0x32, 0xC6, 0x16, 0xA4, 0x58, 0x54, 0x84, 0x3F,
    0xF8, 0xF2, 0x87, 0x09, 0x36, 0x25, 0x9B, 0x76, 0x6B, 0x26, 0xB8, 0x1E, 0x00, 0xD5, 0x1D, 0x01,
    0xBB, 0x1E, 0xC1, 0xFB, 0x04, 0x14, 0x9E, 0x0A, 0xF2, 0x0A, 0x5E, 0xD0, 0xB8, 0xE2, 0x4D, 0xFB,
    0x4B, 0x60, 0xC2, 0x1C, 0x7B, 0x55, 0x69, 0xE8, 0x21, 0xA6, 0xA0, 0x25, 0xE3, 0x9E, 0x44, 0xB0,
    0xBF, 0xB0, 0x60, 0x80, 0x48, 0x20, 0x55, 0x40, 0xCD, 0xCC, 0x2C, 0xC2, 0x90, 0xA0, 0x10, 0x50,
    0x36, 0x70, 0x94, 0x39, 0xA4, 0x81, 0x20, 0x1A, 0x4B, 0xB8, 0x58, 0xD1, 0xAD, 0xBF, 0x5F, 0xEA,
    0x0A, 0x0F, 0x13, 0x77, 0x81, 0xB5, 0xC0, 0x57, 0xFC, 0x65, 0xE3, 0xF1, 0x16, 0x97, 0x4C, 0x8F,
    0x69, 0x99, 0x30, 0x8F, 0x96, 0xC9, 0x94, 0x37, 0x3D, 0x2A, 0x3A, 0xC2, 0x7F, 0xC8, 0x28, 0xD4,
    0x02, 0xB6, 0xC0, 0xAD, 0xF8, 0x13, 0xF2, 0x16, 0x81, 0x28, 0x9C, 0x88, 0x87, 0xAB, 0x38, 0x11,
    0x02, 0x17, 0xCE, 0xCC, 0x44, 0x9C, 0xF4, 0xF6, 0x5D, 0x88, 0xBA, 0xE9, 0xD8, 0x4F, 0x36, 0xE6,
    0x7D, 0x6E, 0x56, 0xBA, 0xFD, 0xC2, 0x72, 0x64, 0x3D, 0x76, 0x41, 0x4C, 0x47, 0xA0, 0xF2, 0x50,
    0x68, 0xDE, 0x8C, 0x85, 0x3B, 0xE4, 0x5B, 0x56, 0x46, 0x08, 0x28, 0x0A, 0x8B, 0x25, 0x42, 0x95,
    0x1B, 0xCD, 0x40, 0x1C, 0xCC, 0xFB, 0xF2, 0x5E, 0x25, 0x8D, 0xC0, 0xB4, 0xC2, 0xC3, 0xB7, 0xBB,
    0xF3, 0xF2, 0x6E, 0xEF, 0x2C, 0xB7, 0x8C, 0xE5, 0x96, 0xA9, 0x7C, 0x7B, 0x93, 0x5F, 0x5E, 0x30,
    0xD7, 0xF8, 0xB2, 0x0B, 0x6D, 0x62, 0x26, 0x7F, 0x2C, 0x88, 0x55, 0x7D, 0xE2, 0x04, 0xDD, 0x43,
    0xEE, 0x37, 0x28, 0x83, 0x52, 0x44, 0xC1, 0xA5, 0x89, 0x3C, 0xD2, 0xEC, 0x58, 0x6C, 0x98, 0x73,
    0x16, 0x5E, 0x73, 0xD5, 0x82, 0x4C, 0x77, 0x1E, 0xEB, 0xBB, 0x8A, 0x9E, 0x23, 0x62, 0x67, 0xAA,
    0xB0, 0xB3, 0xFD, 0x60, 0xA5, 0x6E, 0xE1, 0xEB, 0xED, 0x62, 0x2B, 0xE2, 0xF8, 0xDD, 0x52, 0xC4,
    0xED, 0x49, 0xC6, 0x3F, 0x60, 0x1C, 0xB1, 0xFE, 0x05, 0x80, 0xD7, 0x78, 0x5D, 0xAD, 0x3C, 0x82,
    0x90, 0x36, 0x26, 0xD8, 0xFD, 0x8A, 0xF1, 0x06, 0xB6, 0x2F, 0x19, 0x14, 0x7E, 0x47, 0x84, 0x97,
    0x89, 0x48, 0x8C, 0x21, 0xEA, 0xF9, 0xDD, 0x86, 0xA8, 0x9B, 0x92, 0x61, 0x17, 0x85, 0xB3, 0xC6,
    0xEC, 0xDD, 0x30, 0x86, 0xB3, 0x68, 0xCA, 0xC8, 0x24, 0xB4, 0x4E, 0x48, 0x5C, 0x11, 0xEF, 0x12,
    0x7F, 0x32, 0xAD, 0x4E, 0xDA, 0x6F, 0x11, 0xEF, 0xD2, 0xF6, 0x27, 0x84, 0x02, 0x02, 0xF0, 0x58,
    0x6E, 0x0E, 0x75, 0x08, 0x7A, 0x96, 0xFE, 0x1D, 0x85, 0xC4, 0x9A, 0x13, 0x92, 0x44, 0xB0, 0xE4,
    0xF8, 0x27, 0x5B, 0x23, 0x22, 0x96, 0x77, 0x27, 0xB0, 0x4C, 0xAF, 0xEF, 0x78, 0xDB, 0x43, 0x47,
    0x95, 0x1D, 0x65, 0xCA, 0x3B, 0x96, 0xE1, 0x49, 0x61, 0x49, 0x20, 0x05, 0x32, 0xC6, 0x8E, 0x20,
    0xF6, 0xF4, 0x37, 0x22, 0x89, 0x4B, 0x97, 0x2E, 0xB5, 0x97, 0x2E, 0xB0, 0xED, 0x81, 0x9F, 0x25,
    0x73, 0xD5, 0x99, 0x33, 0x67, 0x16, 0x1E, 0x6D, 0x17, 0x03, 0x40, 0xEB, 0x49, 0x6A, 0x01, 0x60,
    0xC6, 0x22, 0x5E, 0x01, 0xA0, 0x3F, 0xB1, 0xC2, 0x26, 0x7A, 0x21, 0x08, 0x21, 0x28, 0x2B, 0x7E,
    0xA7, 0x00, 0xD0, 0x5F, 0x01, 0x40, 0xC9, 0x5F, 0xCA, 0x84, 0x2A, 0x23, 0xD9, 0x50, 0xFA, 0xFF,
    0x89, 0xA0, 0x9F, 0x1E, 0x30, 0xA1, 0xED, 0x99, 0xD2, 0x6A, 0x7F, 0xF1, 0xBB, 0x73, 0xC2, 0x53,
    0xE3, 0x33, 0x04, 0x39, 0xE1, 0xE3, 0x28, 0xCC, 0x27, 0xB6, 0x27, 0xF8, 0xF5, 0xB8, 0x18, 0x15,
    0x4D, 0x7C, 0xE3, 0xB5, 0xF6, 0xD2, 0x6B, 0xF3, 0x38, 0x67, 0xB8, 0xEA, 0x93, 0xD8, 0xEE, 0x2B,
    0x23, 0xC0, 0x76, 0xF1, 0x04, 0x00, 0xBB, 0xE8, 0xCC, 0x08, 0x25, 0x5D, 0xCB, 0x14, 0xAA, 0xD8,
    0xBE, 0x0A, 0x53, 0x22, 0xC3, 0x3E, 0x98, 0xC9, 0x4F, 0x1E, 0x5B, 0x88, 0xDC, 0x6D, 0x85, 0xEB,
    0xC6, 0x6A, 0x3D, 0xE4, 0xD8, 0xD1, 0x4C, 0x64, 0xCA, 0x58, 0xF0, 0x3D, 0x11, 0xD4, 0x2F, 0xE4,
    0x01, 0x0D, 0x1E, 0xC0, 0x9F, 0x4A, 0x04, 0x4B, 0xB4, 0x3E, 0xFE, 0x14, 0x49, 0x03, 0x42, 0x11,
    0xDB, 0x0E, 0xE9, 0x82, 0xE5, 0x41, 0xD4, 0xB6, 0x53, 0x12, 0x08, 0x9E, 0x53, 0x78, 0xAA, 0xF1,
    0xAD, 0xA6, 0x25, 0xD5, 0x34, 0x30, 0x21, 0x54, 0xEB, 0x5B, 0xB5, 0x3F, 0xD0, 0xFB, 0x90, 0x7F,
    0xFE, 0x4C, 0x24, 0x60, 0xDC, 0x88, 0x0C, 0x64, 0x96, 0x63, 0x29, 0x38, 0x59, 0x40, 0x0E, 0x7A,
    0xF5, 0x1A, 0xA0, 0x86, 0x79, 0x4D, 0x00, 0x41, 0x78, 0xD2, 0x1E, 0xC5, 0xCA, 0xD4, 0x23, 0x45,
    0xCD, 0x4C, 0x70, 0x23, 0x86, 0x68, 0x5A, 0x88, 0x51, 0x9E, 0x7D, 0x55, 0xA0, 0xC8, 0x84, 0x61,
    0xCC, 0xE4, 0xB2, 0xFC, 0xBE, 0x08, 0x96, 0x2A, 0x36, 0x5A, 0x85, 0x75, 0xAC, 0xD4, 0x99, 0xE9,
    0x63, 0x80, 0x5E, 0x7E, 0x4C, 0x25, 0x8F, 0x81, 0x7E, 0x22, 0xFA, 0x84, 0xBD, 0xCB, 0x18, 0x6A,
    0x64, 0x0F, 0x20, 0xAF, 0xC7, 0xA2, 0x8A, 0x45, 0x05, 0xBC, 0x2D, 0x52, 0x93, 0xB0, 0x05, 0xB9,
    0x79, 0xF8, 0xA2, 0xA0, 0xC3, 0xC9, 0x7C, 0xD5, 0xEE, 0x7C, 0xFB, 0xB9, 0x7D, 0x67, 0x91, 0xD5,
    0x89, 0xB7, 0x1E, 0xC6, 0xE8, 0xCF, 0xE5, 0x8A, 0x95, 0xC5, 0x4C, 0xE6, 0xE5, 0x87, 0x94, 0xC9,
    0x62, 0xA6, 0x30, 0x61, 0x30, 0x48, 0x6D, 0xC8, 0x3F, 0xBB, 0x10, 0xBD, 0x23, 0x6C, 0xA4, 0xD6,
    0x32, 0x99, 0x2C, 0x9F, 0x09, 0x2A, 0x59, 0x58, 0x9A, 0xDA, 0x6B, 0x94, 0xC9, 0x82, 0x9F, 0xCD,
    0x15, 0x90, 0xF8, 0x6B, 0x33, 0x65, 0xB2, 0x6D, 0x61, 0xD0, 0x3D, 0xD2, 0xFB, 0x62, 0x6D, 0x2D,
    0x58, 0xB3, 0x55, 0x02, 0xFA, 0x79, 0x21, 0x4D, 0x7F, 0x4E, 0x5B, 0x09, 0xEA, 0x0C, 0x66, 0xA2,
    0xAA, 0x19, 0x80, 0x4D, 0x0B, 0xC0, 0x4F, 0x67, 0xCA, 0xA0, 0xF1, 0xF5, 0x52, 0x0D, 0xCD, 0xB8,
    0xB5, 0xBA, 0x21, 0x99, 0x5B, 0x21, 0xCE, 0xE6, 0x80, 0xA8, 0x3F, 0x96, 0x9F, 0x81, 0x05, 0x40,
    0x25, 0x44, 0x6B, 0x11, 0xC8, 0x4C, 0x26, 0x0A, 0x88, 0x98, 0x4C, 0x31, 0x70, 0x14, 0x66, 0x98,
    0xEA, 0xAA, 0xD0, 0xDA, 0xDC, 0x15, 0x1B, 0x8C, 0xC0, 0x47, 0x25, 0x57, 0x5F, 0x75, 0x9D, 0xE0,
    0x37, 0xBE, 0xA9, 0xF6, 0x5F, 0x5B, 0x0D, 0x10, 0x6C, 0xA0, 0xF8, 0xF8, 0xE6, 0x09, 0xFD, 0x0B,
    0xE9, 0xFE, 0x01, 0xB9, 0x32, 0x00, 0xA0, 0x51, 0xF5, 0xA3, 0xC8, 0xC5, 0xFD, 0x08, 0xD8, 0xB0,
    0x10, 0xFC, 0xC5, 0xCA, 0x9E, 0xEB, 0x8A, 0xD9, 0xD3, 0x8A, 0x75, 0x11, 0x71, 0x95, 0x3C, 0x3E,
    0xAA, 0x83, 0x42, 0xB4, 0x53, 0xAC, 0xCA, 0x6A, 0x5D, 0x4D, 0xDA, 0xD3, 0xAA, 0xC3, 0x84, 0x4C,
    0xFC, 0x85, 0xAC, 0x83, 0xFD, 0xA8, 0xBE, 0x75, 0x67, 0x75, 0x85, 0x28, 0x2D, 0x05, 0xC6, 0x28,
    0x30, 0x8E, 0x78, 0xBE, 0xAD, 0x6A, 0x66, 0xD2, 0x8A, 0x1A, 0x19, 0xB7, 0x2A, 0x35, 0x54, 0x21,
    0x1F, 0xEA, 0xE9, 0xB5, 0x35, 0xA2, 0x28, 0xD6, 0x6C, 0x4C, 0xBD, 0x84, 0xCF, 0x4A, 0x71, 0x3C,
    0x79, 0x8F, 0x9F, 0xBE, 0xB4, 0xF6, 0x28, 0x28, 0x15, 0x0A, 0x19, 0x3A, 0x0A, 0x3A, 0x2E, 0x98,
    0x59, 0x2A, 0x83, 0xAE, 0x9D, 0x38, 0x75, 0xBB, 0x70, 0xBA, 0xBC, 0xB1, 0xF4, 0x26, 0x94, 0x9E,
    0x96, 0x56, 0x4B, 0x33, 0x95, 0xC8, 0xD6, 0x66, 0x4E, 0x57, 0x8F, 0x9D, 0xBA, 0x5E, 0x3A, 0x5B,
    0xA0, 0xB1, 0x02, 0xF0, 0xF6, 0x00, 0x04, 0xB5, 0x55, 0x03, 0x20, 0xD3, 0x85, 0xF3, 0xC2, 0x0E,
    0x00, 0xC0, 0xEF, 0x00, 0x98, 0x83, 0x00, 0xA6, 0xCA, 0x0E, 0x63, 0xD1, 0x1B, 0x53, 0x90, 0x01,
    0x99, 0xF0, 0x2A, 0xE9, 0x52, 0xC7, 0x85, 0x69, 0xBE, 0x9F, 0x5B, 0x37, 0xDD, 0xBB, 0x0D, 0xF7,
    0x6E, 0xCB, 0xBD, 0xBB, 0xE6, 0xDE, 0xBD, 0x60, 0x0E, 0xF8, 0x09, 0x72, 0xAB, 0xE5, 0x07, 0x9B,
    0xAC, 0x76, 0xB2, 0x09, 0xD5, 0xCA, 0xF9, 0xB4, 0x1A, 0x0D, 0xA7, 0x75, 0xF3, 0x6B, 0x75, 0x73,
    0x4B, 0xB9, 0x86, 0x4F, 0x8B, 0x40, 0x39, 0xE2, 0xCB, 0x6E, 0x8F, 0xD4, 0x02, 0xBA, 0x22, 0x57,
    0x6F, 0x2A, 0xE8, 0x0D, 0x0A, 0xB5, 0xFC, 0x14, 0xB5, 0x99, 0x9A, 0x31, 0xBB, 0x67, 0xCE, 0x02,
    0xC1, 0xB5, 0x32, 0x71, 0x29, 0x68, 0x26, 0x5F, 0x05, 0x48, 0xB6, 0x8C, 0xDC, 0x74, 0xFC, 0x38,
    0xD1, 0xED, 0x69, 0x45, 0x06, 0x32, 0xB8, 0x11, 0x51, 0xDA, 0x59, 0xA2, 0xD5, 0x71, 0xDB, 0x04,
    0xEC, 0xDD, 0x1E, 0x55, 0x46, 0x32, 0xE6, 0xE1, 0x67, 0xCD, 0xA1, 0x97, 0xC5, 0xC9, 0x9B, 0x63,
    0x69, 0xD8, 0xB5, 0x46, 0x28, 0x57, 0x2E, 0xDE, 0x1C, 0xFA, 0xCE, 0x1F, 0x44, 0x02, 0x82, 0x83,
    0x2C, 0x43, 0xAB, 0x0B, 0xAF, 0xBF, 0x8D, 0x15, 0xDC, 0x84, 0x71, 0x91, 0xE5, 0x6C, 0x65, 0x13,
    0x74, 0xD8, 0xCF, 0x3D, 0x11, 0x23, 0x0D, 0xA8, 0xC8, 0x93, 0x0B, 0x6F, 0xF9, 0x52, 0xE8, 0x65,
    0x89, 0x3B, 0xB3, 0x1F, 0x11, 0x89, 0xB9, 0x13, 0x8B, 0x77, 0x4C, 0x0F, 0x60, 0x01, 0x43, 0xDB,
    0x4E, 0x12, 0x83, 0x9C, 0xBC, 0xC3, 0x4B, 0x71, 0xBA, 0x2E, 0x18, 0x5D, 0x0B, 0x7E, 0x9E, 0x53,
    0x97, 0x8C, 0x21, 0x0D, 0x1B, 0xFE, 0x0C, 0xDF, 0x83, 0x95, 0x88, 0x2F, 0x3A, 0x44, 0x55, 0x48,
    0x20, 0xC8, 0x24, 0xA3, 0x86, 0x7F, 0xA3, 0x7B, 0xC3, 0x4F, 0x2F, 0x81, 0x39, 0x52, 0x56, 0x42,
    0xCB, 0x80, 0x3A, 0xBB, 0xFE, 0x1E, 0x96, 0x22, 0x96, 0xE4, 0x9E, 0xF5, 0x44, 0x94, 0x7B, 0x78,
    0xE7, 0xE8, 0x01, 0x0C, 0x38, 0xEB, 0xC2, 0xB9, 0x18, 0x2C, 0x8D, 0xB5, 0x56, 0x60, 0xAA, 0xCC,
    0x71, 0x67, 0x76, 0x59, 0xE9, 0x91, 0xBC, 0x86, 0x54, 0x9C, 0xCD, 0x71, 0x29, 0xCA, 0xA9, 0x7E,
    0x4C, 0x9C, 0x7F, 0x96, 0x24, 0x47, 0x3F, 0x8A, 0xAE, 0xB7, 0xB3, 0xCD, 0x2D, 0xFB, 0x1A, 0xDA,
    0x98, 0xF4, 0x3D, 0x35, 0xCC, 0x15, 0xAA, 0x73, 0xD6, 0x9D, 0xB8, 0x6A, 0x0D, 0x74, 0x67, 0x95,
    0x57, 0x1A, 0xFE, 0x20, 0x19, 0xBA, 0x18, 0x9A, 0xE4, 0x51, 0xAE, 0x30, 0xC6, 0x16, 0xBC, 0x27,
    0x2C, 0x5D, 0x8E, 0xAC, 0x83, 0x71, 0xCE, 0xDA, 0x69, 0xB5, 0x52, 0xA7, 0x57, 0xE9, 0x33, 0x2D,
    0x27, 0xC1, 0xFE, 0xCE, 0x95, 0xCF, 0x45, 0x72, 0x9C, 0xB4, 0x18, 0xD9, 0xB2, 0x4E, 0x52, 0xAD,
    0xB2, 0x8A, 0xEC, 0x26, 0x11, 0x55, 0x51, 0x69, 0x45, 0xA5, 0xE2, 0x86, 0xA9, 0xED, 0xF9, 0x65,
    0xA1, 0x21, 0x36, 0xB6, 0x6C, 0x80, 0x69, 0x7E, 0x7A, 0xA6, 0x5F, 0x10, 0x19, 0xC4, 0x6F, 0xB6,
    0xF4, 0xB9, 0x04, 0x9E, 0x41, 0xC0, 0xCB, 0x5C, 0xB1, 0x82, 0x06, 0x6F, 0x8E, 0x60, 0xDD, 0x2C,
    0x5B, 0x10, 0x26, 0x50, 0x8A, 0xF8, 0x48, 0x85, 0x2E, 0xC9, 0x64, 0x3B, 0x44, 0xFF, 0x31, 0xEF,
    0x93, 0x78, 0x4F, 0x69, 0x3D, 0x2C, 0xE5, 0xD3, 0x16, 0x2A, 0x7F, 0x4C, 0x6F, 0x1F, 0x38, 0x0B,
    0x82, 0x5C, 0xEE, 0x08, 0x62, 0x16, 0xEC, 0x3B, 0x89, 0xE0, 0x6B, 0xD4, 0x8C, 0x88, 0xD9, 0x23,
    0x8B, 0x73, 0xC1, 0x25, 0x2D, 0x51, 0xFC, 0x46, 0x7A, 0x5B, 0x8B, 0xFD, 0x49, 0x1F, 0x23, 0x2A,
    0xD0, 0xA5, 0x93, 0x5D, 0xA4, 0xE1, 0x50, 0xAF, 0x22, 0x23, 0x49, 0x45, 0xFB, 0x3C, 0x79, 0x7D,
    0x47, 0xA5, 0x79, 0xAB, 0xFE, 0x1B, 0xC1, 0x33, 0x1B, 0xAB, 0x45, 0x4A, 0x3E, 0xDB, 0x58, 0xD9,
    0x81, 0xD0, 0xAB, 0xEC, 0xCF, 0x6B, 0x5E, 0x28, 0xC9, 0xD0, 0x82, 0x1B, 0x25, 0xA3, 0xA4, 0xF4,
    0x1B, 0x25, 0xAD, 0x8C, 0xA1, 0x11, 0xB6, 0x6B, 0x61, 0x1D, 0x57, 0x82, 0x30, 0x82, 0x06, 0x64,
    0x49, 0x6B, 0x67, 0xB9, 0x36, 0x13, 0x43, 0x88, 0x3E, 0x08, 0x64, 0x92, 0xF3, 0xC6, 0x66, 0xD6,
    0x12, 0x9A, 0x85, 0xB1, 0x66, 0x26, 0x53, 0x43, 0x28, 0xCB, 0xD8, 0x8C, 0xCA, 0x96, 0xFC, 0x98,
    0x35, 0xDE, 0xD3, 0x90, 0xA5, 0xAB, 0x77, 0x86, 0x6F, 0x39, 0x61, 0x90, 0xE3, 0x19, 0x83, 0x48,
    0xDB, 0x38, 0x86, 0xEB, 0x4C, 0x9C, 0x3D, 0x82, 0x94, 0x39, 0x8D, 0xD7, 0x27, 0x2D, 0xCB, 0x0B,
    0xC0, 0x93, 0x6E, 0x0B, 0x19, 0xAA, 0x00, 0x41, 0x8E, 0xA0, 0x5D, 0xF4, 0x84, 0x82, 0x30, 0x8C,
    0xC8, 0x10, 0x89, 0xAD, 0x8B, 0x49, 0x4C, 0xAF, 0x2F, 0xE0, 0xF5, 0x0A, 0xE4, 0x40, 0x0D, 0xFE,
    0x67, 0xB9, 0x36, 0xD5, 0x90, 0xE8, 0x12, 0xC0, 0x8F, 0x0B, 0xFE, 0x52, 0xBC, 0x84, 0x69, 0xF4,
    0x95, 0x0B, 0x9F, 0x58, 0xC6, 0x77, 0x66, 0x19, 0x23, 0x76, 0x67, 0x6C, 0x42, 0xE3, 0x41, 0xE7,
    0x95, 0x9C, 0x76, 0x41, 0x6B, 0x17, 0xBE, 0xB6, 0x39, 0x8D, 0x60, 0xD9, 0x5A, 0x93, 0xA7, 0x9D,
    0x7F, 0xE2, 0x8B, 0xDC, 0x25, 0xC6, 0x3F, 0x36, 0x5E, 0xEE, 0x50, 0x01, 0x57, 0xA2, 0xAB, 0x64,
    0x57, 0x49, 0x01, 0xAB, 0x7A, 0x7C, 0xD1, 0x6A, 0xE2, 0x2B, 0x56, 0x13, 0xD7, 0x56, 0x13, 0x57,
    0xAA, 0x89, 0xFD, 0xD2, 0xCA, 0x3F, 0xAB, 0x89, 0xC9, 0xB7, 0xB2, 0x0A, 0x58, 0xD5, 0xC1, 0x11,
    0xAB, 0x10, 0x4E, 0xEE, 0xD3, 0xC4, 0x57, 0x57, 0x35, 0xB1, 0xBF, 0x5F, 0x13, 0xE7, 0xAB, 0x9A,
    0x78, 0xC3, 0x6A, 0xE2, 0x6B, 0x42, 0x06, 0x1C, 0x05, 0xC3, 0x33, 0xB3, 0xA8, 0x54, 0xA9, 0xC9,
    0x3E, 0x20, 0xAC, 0x23, 0x51, 0x1F, 0xD8, 0xF3, 0x08, 0xB2, 0xFC, 0x58, 0xCE, 0xEB, 0x96, 0x45,
    0x7C, 0xE5, 0x0C, 0xAE, 0xDE, 0x97, 0x80, 0x07, 0xF0, 0x40, 0x3B, 0x77, 0x0E, 0x66, 0x28, 0x41,
    0xBC, 0x49, 0xD5, 0x19, 0x35, 0x63, 0x7E, 0x9F, 0x0A, 0xC4, 0xF8, 0xCC, 0x58, 0xB4, 0xC7, 0xF5,
    0x5A, 0x22, 0x4A, 0x7C, 0x87, 0xEF, 0xB2, 0xBA, 0x7B, 0x4B, 0xDE, 0x7F, 0x9D, 0xE5, 0xA1, 0x2C,
    0x23, 0xE6, 0x15, 0x6F, 0xC8, 0x02, 0x9E, 0xE0, 0xF7, 0x57, 0xE5, 0xFD, 0x88, 0xDE, 0x7B, 0x95,
    0x20, 0xF3, 0x1C, 0xEB, 0x82, 0x42, 0x2C, 0x9B, 0x1A, 0x24, 0x25, 0x51, 0xE1, 0x2A, 0x64, 0xE5,
    0x25, 0xB6, 0x46, 0x49, 0x28, 0xAC, 0x05, 0xB1, 0x21, 0xBD, 0xF7, 0xA7, 0x82, 0xDB, 0x38, 0x0F,
    0xEA, 0x28, 0x17, 0xBA, 0x4F, 0x08, 0xCD, 0x4F, 0x28, 0x86, 0x37, 0xE8, 0xFD, 0x39, 0x95, 0xDB,
    0x5B, 0xF4, 0xBE, 0xD6, 0xA5, 0xCC, 0x4D, 0xF0, 0xF3, 0x52, 0x90, 0x4F, 0xD8, 0x0B, 0x5A, 0xF5,
    0x19, 0xD9, 0x54, 0x5D, 0x68, 0xA0, 0x5F, 0x22, 0x8A, 0x12, 0x63, 0xA6, 0x3F, 0xF2, 0xFD, 0x78,
    0xCD, 0x1E, 0xBD, 0x90, 0xAA, 0x0D, 0x5B, 0xB0, 0xC9, 0xC2, 0x84, 0x39, 0x5B, 0xD7, 0x4A, 0x51,
    0x2B, 0xA2, 0x66, 0xAD, 0x13, 0x35, 0x1A, 0x5B, 0xF4, 0x3A, 0x51, 0x23, 0x14, 0x3E, 0xF4, 0x02,
    0xF7, 0x9C, 0x6D, 0xBA, 0x38, 0xC0, 0x0B, 0x6C, 0x9C, 0x17, 0x38, 0xB3, 0x1E, 0x5D, 0xD0, 0xB9,
    0xA1, 0xB5, 0x8D, 0x2D, 0x0A, 0x49, 0x71, 0x6C, 0xF1, 0x32, 0xBC, 0x24, 0x17, 0xFE, 0x45, 0x6C,
    0x71, 0x5C, 0x38, 0x59, 0x67, 0xF6, 0xCB, 0xBA, 0x3D, 0xA7, 0xEC, 0x1C, 0x00, 0xE6, 0xD6, 0x00,
    0xE4, 0xFB, 0x01, 0x68, 0xED, 0xF7, 0xC5, 0x25, 0xAF, 0x3B, 0x51, 0x63, 0x56, 0x84, 0xFB, 0xEF,
    0xC3, 0xDC, 0x8D, 0x96, 0x97, 0x11, 0xBE, 0x47, 0x5E, 0x87, 0x69, 0x76, 0x4F, 0xA8, 0x4D, 0xE3,
    0xC0, 0x1A, 0xAD, 0x8C, 0x4B, 0xF0, 0x75, 0x5C, 0x85, 0xF0, 0xAE, 0xEB, 0x58, 0x32, 0xBB, 0x09,
    0x84, 0x40, 0x8D, 0xAD, 0x8B, 0x6B, 0xB1, 0x2D, 0xEB, 0xB1, 0x5C, 0x90, 0xB2, 0x49, 0x2A, 0xC4,
    0xF8, 0xD2, 0x69, 0x2B, 0x66, 0x7E, 0x2B, 0x59, 0x83, 0x56, 0xA2, 0x7F, 0xAD, 0x00, 0x3C, 0x91,
    0x64, 0xC6, 0x18, 0x0E, 0x12, 0x16, 0x45, 0x00, 0x30, 0xD5, 0xD2, 0x0D, 0x91, 0xA0, 0x44, 0x16,
    0x8A, 0x61, 0x23, 0x18, 0x41, 0xFD, 0x63, 0x58, 0x08, 0xC6, 0x97, 0xDC, 0xA8, 0x5D, 0x50, 0x6E,
    0xED, 0x5C, 0xE6, 0xB3, 0x90, 0x55, 0x3D, 0x04, 0x8A, 0x40, 0x5E, 0x5B, 0xF3, 0x10, 0x28, 0x05,
    0xFE, 0x93, 0x4E, 0xD7, 0x14, 0x36, 0xA2, 0x90, 0x39, 0x07, 0x72, 0xEC, 0x48, 0x61, 0xCF, 0x79,
    0x2A, 0x0B, 0x97, 0x63, 0x70, 0xA2, 0xDE, 0x9F, 0x3B, 0x52, 0x98, 0x59, 0x5B, 0x26, 0xA8, 0x6D,
    0x26, 0x43, 0xF6, 0xA4, 0xB1, 0x77, 0xF2, 0xEE, 0x0D, 0x00, 0x8E, 0x2A, 0x19, 0xD5, 0x90, 0x33,
    0x90, 0xB4, 0x69, 0xAB, 0x31, 0x99, 0x00, 0x18, 0x38, 0x8A, 0x38, 0x8D, 0x88, 0x9A, 0xE7, 0x1E,
    0x7E, 0x0E, 0x72, 0x45, 0xA4, 0x4C, 0xD4, 0x30, 0x93, 0xF1, 0x37, 0x27, 0xA2, 0xAC, 0xD4, 0x0D,
    0x45, 0x50, 0x5D, 0x38, 0x54, 0x25, 0x7C, 0x2C, 0xEE, 0xA1, 0xF5, 0x12, 0x0B, 0x71, 0x1D, 0x72,
    0x80, 0x90, 0x09, 0xD8, 0x7B, 0x36, 0x82, 0x1C, 0x8A, 0x0F, 0xCD, 0x32, 0xCA, 0x6F, 0x32, 0x98,
    0x70, 0xF3, 0x63, 0xF9, 0xFB, 0x64, 0x57, 0x0E, 0xCC, 0xDB, 0x48, 0xB6, 0x0F, 0x04, 0xCC, 0x82,
    0x71, 0x29, 0x71, 0x81, 0x87, 0xEE, 0x5B, 0xDA, 0xB4, 0x54, 0xB3, 0xBA, 0x1F, 0x94, 0x9E, 0x1C,
    0x94, 0x28, 0xBD, 0xA7, 0x69, 0x53, 0x09, 0xEF, 0x3F, 0x18, 0x48, 0x78, 0x3F, 0xBA, 0x71, 0xA9,
    0xBD, 0x74, 0x79, 0x86, 0xE4, 0x8C, 0x4F, 0xE2, 0x93, 0xB7, 0xBA, 0x1E, 0x81, 0x76, 0xAA, 0x27,
    0x71, 0x9F, 0xF2, 0x8E, 0x12, 0x61, 0xF1, 0x30, 0xE6, 0x5F, 0xF4, 0x63, 0x4F, 0xE3, 0x41, 0xE6,
    0x7E, 0x90, 0x69, 0xF3, 0xDF, 0x3F, 0x1F, 0x96, 0xA8, 0xC9, 0x80, 0x8F, 0xA4, 0x22, 0xD1, 0xD6,
    0x54, 0xE4, 0x7E, 0xEC, 0x82, 0xA0, 0x5D, 0x10, 0xBE, 0x6D, 0xD5, 0x55, 0x7B, 0x7B, 0xF0, 0xC0,
    0x43, 0x62, 0x50, 0x45, 0x42, 0xBE, 0xDE, 0xF2, 0x77, 0xE6, 0x1C, 0xBB, 0x21, 0x3B, 0x19, 0xCA,
    0x73, 0x4C, 0xEA, 0x92, 0xFC, 0x12, 0x7A, 0x1B, 0xB1, 0x25, 0x13, 0xCE, 0x24, 0xE0, 0x43, 0xDC,
    0x05, 0xFA, 0x25, 0x5A, 0x4A, 0x38, 0x23, 0x27, 0x39, 0xEC, 0xAC, 0x24, 0x9A, 0xCC, 0x98, 0x88,
    0x5A, 0xEC, 0xE1, 0x84, 0x9F, 0x01, 0xB6, 0x6B, 0x79, 0x5D, 0x24, 0xDF, 0x5A, 0x96, 0x07, 0xCC,
    0xCE, 0x2C, 0x8E, 0x88, 0xB8, 0x33, 0x76, 0x37, 0xE9, 0x26, 0x29, 0x6B, 0xEB, 0x96, 0xE9, 0x3D,
    0xAA, 0x22, 0x0E, 0xA5, 0x2D, 0x9F, 0xF9, 0x3E, 0x98, 0xEB, 0xB1, 0x56, 0xC1, 0xB5, 0x91, 0x4A,
    0xC9, 0xBC, 0xBB, 0xD0, 0xF6, 0x44, 0x57, 0xF5, 0x90, 0xE5, 0xBA, 0x87, 0x73, 0x5D, 0x3E, 0x89,
    0x5E, 0x0F, 0x11, 0x93, 0xC3, 0xF4, 0x92, 0xCD, 0x95, 0x63, 0x84, 0x93, 0xB2, 0x42, 0x29, 0x8D,
    0xEE, 0x7A, 0x4D, 0xA9, 0xD1, 0xB3, 0xEC, 0x1E, 0x16, 0x4A, 0x4C, 0xB1, 0x2D, 0x18, 0x19, 0xA9,
    0xC7, 0x50, 0xEB, 0x5E, 0x04, 0xFF, 0x54, 0x0E, 0x83, 0x99, 0x8E, 0x46, 0xBB, 0x37, 0xFE, 0xD2,
    0xA6, 0x3C, 0x94, 0xFB, 0xCC, 0xE3, 0x36, 0xB0, 0x7A, 0x4E, 0x63, 0xAD, 0x5E, 0x2D, 0xA9, 0x3F,
    0xB2, 0x12, 0xAC, 0x90, 0xB1, 0x5C, 0xB1, 0x61, 0x69, 0x79, 0xA6, 0xB4, 0x1D, 0x56, 0x4A, 0xEB,
    0x6C, 0x60, 0x88, 0x20, 0x25, 0xD5, 0xC3, 0x11, 0xBC, 0x31, 0x12, 0x72, 0x8D, 0xE9, 0x85, 0x25,
    0xCD, 0xC3, 0xE6, 0x0C, 0xE1, 0x40, 0xB0, 0xD0, 0x72, 0x46, 0xB3, 0x54, 0x29, 0x05, 0x72, 0xF1,
    0x96, 0x56, 0x96, 0x40, 0x38, 0x03, 0x2C, 0x68, 0x87, 0x89, 0x8B, 0x76, 0x2C, 0x1D, 0x73, 0x39,
    0x67, 0x57, 0x04, 0x39, 0x33, 0xAF, 0x68, 0x92, 0xB8, 0xB4, 0xEC, 0x97, 0x96, 0x96, 0x03, 0x6D,
    0xE5, 0x8E, 0xDC, 0x54, 0x18, 0x7D, 0xEC, 0x78, 0x7D, 0xE9, 0xB6, 0x71, 0x61, 0xA5, 0xD1, 0x0A,
    0x00, 0x63, 0x07, 0xC0, 0xDE, 0x0A, 0x00, 0xB5, 0x03, 0xA0, 0x1A, 0x00, 0x30, 0x73, 0xA1, 0xF7,
    0xDA, 0x4A, 0xC8, 0x08, 0x01, 0x25, 0xF8, 0x2F, 0xBC, 0xEE, 0x2E, 0xF2, 0x3D, 0x20, 0xA0, 0x4E,
    0x88, 0xDF, 0x22, 0xE4, 0xBD, 0xE3, 0xDE, 0x75, 0xDE, 0x61, 0x7D, 0xC0, 0x3B, 0xDE, 0xC2, 0x43,
    0x30, 0xE3, 0xF2, 0x0C, 0x01, 0xE2, 0xDA, 0x27, 0x96, 0x26, 0x27, 0x82, 0xD7, 0x1B, 0x6B, 0x32,
    0xB2, 0xC4, 0x3A, 0x12, 0xB1, 0xBA, 0x39, 0x0B, 0x39, 0xC3, 0xE3, 0x19, 0xE8, 0x4C, 0x90, 0xB7,
    0x27, 0x97, 0x85, 0x88, 0xB6, 0x06, 0x3E, 0x24, 0x64, 0x5D, 0xFB, 0x93, 0xB3, 0xB0, 0xC1, 0xDA,
    0x9B, 0xFC, 0x4C, 0xEF, 0x7F, 0xDD, 0xB9, 0x76, 0xBA, 0x4D, 0xBD, 0x82, 0xC6, 0x25, 0xA1, 0x88,
    0x39, 0x78, 0x33, 0x13, 0x2F, 0x27, 0x17, 0xE2, 0x79, 0xD8, 0x7B, 0xD6, 0x7B, 0xF6, 0xE1, 0xFC,
    0x61, 0x89, 0x07, 0x73, 0x6A, 0x1E, 0x51, 0x14, 0x90, 0xD0, 0x78, 0x41, 0xF2, 0x72, 0xAA, 0x54,
    0xC4, 0x9B, 0x61, 0xFD, 0x30, 0xBB, 0x48, 0xD9, 0x1E, 0xDA, 0x12, 0xCF, 0x15, 0x7C, 0x70, 0xAA,
    0xD6, 0x95, 0x6A, 0x64, 0x2E, 0x47, 0x5E, 0x61, 0xC3, 0x43, 0x97, 0x26, 0x5F, 0xF6, 0xEB, 0x37,
    0x1A, 0x4B, 0x3F, 0x7A, 0x27, 0x97, 0x2F, 0xD7, 0xBB, 0x1B, 0x97, 0xFA, 0xCD, 0x6C, 0xD6, 0x5C,
    0xEF, 0x6E, 0xDC, 0x9D, 0xC6, 0x76, 0xC5, 0x7A, 0xF7, 0xF7, 0x85, 0xB3, 0x58, 0x81, 0x73, 0x66,
    0x69, 0x6F, 0xDC, 0x4F, 0xE7, 0xEF, 0xDD, 0x11, 0x9C, 0x8C, 0xE2, 0xB4, 0x54, 0x52, 0x24, 0xFB,
    0xCE, 0x9B, 0x54, 0x5D, 0x1E, 0xA6, 0x6D, 0x17, 0xFB, 0x33, 0x26, 0x77, 0x81, 0xF8, 0xA4, 0x8F,
    0xF8, 0x64, 0xB0, 0xA0, 0xE2, 0x8E, 0x10, 0x3F, 0xE9, 0x23, 0x7E, 0x71, 0x67, 0x0B, 0x1A, 0x20,
    0xBE, 0xEE, 0x21, 0x3E, 0x3C, 0x18, 0xF1, 0x8B, 0x3B, 0x47, 0x7C, 0xFE, 0xFE, 0x88, 0xAF, 0xEE,
    0x8C, 0x40, 0xC4, 0xC1, 0x87, 0xF1, 0xCD, 0x88, 0x7F, 0x9E, 0x11, 0xDF, 0xE6, 0x3D, 0xC4, 0xB7,
    0x3D, 0xD5, 0xD8, 0xC9, 0xEF, 0x81, 0x0C, 0xEF, 0xAB, 0x61, 0x00, 0xDF, 0x8F, 0x0F, 0x75, 0x91,
    0xA6, 0x5E, 0x25, 0xC0, 0xA0, 0x5A, 0x76, 0xFF, 0x2F, 0x52, 0x76, 0x79, 0xDA, 0x98, 0x43, 0x4A,
    0x02, 0x05, 0xBB, 0x5D, 0xD0, 0x6C, 0xB5, 0x64, 0x58, 0x4A, 0x09, 0xC2, 0x14, 0xD0, 0xEB, 0x81,
    0x7B, 0xBC, 0xDA, 0x3C, 0xF3, 0x03, 0x92, 0x47, 0x56, 0x0E, 0xDC, 0x84, 0x77, 0x14, 0xDF, 0x98,
    0x4C, 0x21, 0x07, 0x10, 0x6D, 0x4C, 0x0B, 0xC4, 0x5D, 0x33, 0x21, 0x92, 0x4C, 0x6C, 0xC5, 0x3D,
    0xF1, 0x24, 0x17, 0x62, 0x40, 0x42, 0xB7, 0x03, 0x71, 0x13, 0x11, 0x39, 0xAD, 0xDC, 0x79, 0x21,
    0xF9, 0x97, 0x39, 0xCC, 0x28, 0x42, 0xBA, 0x47, 0x6A, 0x94, 0xB5, 0x7A, 0x0B, 0x45, 0x4C, 0x66,
    0x94, 0x94, 0x7C, 0x1C, 0x82, 0x2F, 0x23, 0xAF, 0x62, 0x59, 0xC8, 0xAB, 0xD8, 0xC2, 0x42, 0xA8,
    0x5A, 0xC8, 0xD4, 0xF6, 0x56, 0xD2, 0x74, 0xE8, 0x94, 0xDD, 0x97, 0xBC, 0x98, 0xDF, 0x2B, 0xE4,
    0xEA, 0xBF, 0xF6, 0x8B, 0xBA, 0xFA, 0xA5, 0x5D, 0xB2, 0xF1, 0xFA, 0x5E, 0x4A, 0x6A, 0xAE, 0xCF,
    0x9D, 0x76, 0xC9, 0x80, 0x5F, 0xAD, 0x1F, 0x2B, 0x52, 0x47, 0x9C, 0x63, 0x68, 0xCE, 0xB1, 0x9A,
    0x96, 0x41, 0x63, 0x01, 0x6C, 0xC0, 0x52, 0xAE, 0xAE, 0xAC, 0xB5, 0xA0, 0x01, 0x29, 0x0A, 0x1A,
    0xB2, 0x6B, 0x5D, 0xF1, 0xDA, 0xB2, 0xAB, 0xF3, 0x11, 0xD3, 0xC8, 0xD8, 0x64, 0x9B, 0x82, 0x86,
    0x8C, 0x9B, 0x92, 0x24, 0xD2, 0x6E, 0x99, 0x88, 0x82, 0xC5, 0x23, 0x0B, 0xA2, 0x3A, 0x89, 0xAB,
    0x71, 0x02, 0x6E, 0xAC, 0x91, 0x35, 0x9B, 0xAF, 0x36, 0x2B, 0x58, 0x0D, 0xFB, 0x98, 0xEC, 0x61,
    0xCF, 0x9F, 0xAD, 0xE2, 0x6A, 0x80, 0x9F, 0x1E, 0x4E, 0x14, 0x1B, 0xC0, 0x83, 0x60, 0x40, 0xD6,
    0x8E, 0x55, 0xCB, 0x7A, 0x65, 0xA5, 0xBA, 0x46, 0xAC, 0x4E, 0xD6, 0xE5, 0x56, 0xC4, 0x96, 0x1A,
    0xAF, 0x42, 0xE0, 0x17, 0xC8, 0x5D, 0xBA, 0xED, 0x18, 0x08, 0xF0, 0x32, 0x3C, 0xB6, 0xA0, 0xCD,
    0xD9, 0x8B, 0x55, 0x9E, 0x8E, 0xA6, 0xE2, 0x98, 0xE5, 0x40, 0xD4, 0x11, 0xC1, 0xE3, 0x83, 0x9D,
    0xFA, 0xF1, 0x07, 0x17, 0x4D, 0x15, 0xF0, 0xC5, 0x17, 0xDD, 0x97, 0xB6, 0xF3, 0xC7, 0x98, 0x40,
    0x27, 0xB0, 0x6F, 0xA6, 0xE6, 0xEC, 0x3F, 0x1C, 0x94, 0x47, 0x4B, 0x2A, 0x75, 0x8E, 0x1E, 0x14,
    0xE7, 0x68, 0x5D, 0x88, 0x6E, 0x24, 0x77, 0xDE, 0x90, 0xCF, 0x67, 0x62, 0x3A, 0x71, 0xBC, 0x86,
    0xAD, 0xC0, 0x25, 0xAC, 0x04, 0x5F, 0x38, 0xD1, 0x78, 0x97, 0x2E, 0x74, 0xA5, 0x8B, 0x97, 0x25,
    0xFD, 0x4A, 0xD6, 0x70, 0x2A, 0x7F, 0x0D, 0xDB, 0x0B, 0x5E, 0x9B, 0xC3, 0x41, 0xA6, 0xB5, 0x71,
    0xE1, 0xD0, 0x5C, 0x6E, 0xCD, 0x5B, 0xBA, 0x90, 0x45, 0xB5, 0x2E, 0x8A, 0xEA, 0x2F, 0x5C, 0xDE,
    0x1F, 0x76, 0x9A, 0x98, 0x44, 0x00, 0x15, 0xEE, 0x5E, 0x29, 0x99, 0x51, 0x44, 0x2C, 0x40, 0x13,
    0xFC, 0x92, 0x16, 0x63, 0xFB, 0x36, 0xCB, 0xE1, 0xD7, 0xE1, 0x6D, 0xDB, 0x5A, 0x9B, 0x46, 0xCD,
    0x5C, 0x66, 0xDC, 0x85, 0x10, 0x03, 0x7F, 0xAA, 0x81, 0x25, 0xC7, 0x0F, 0xF7, 0x1A, 0x60, 0x8F,
    0x7F, 0x0F, 0xE6, 0x9E, 0xFA, 0xCC, 0xBC, 0x97, 0x0B, 0x4D, 0x40, 0x84, 0xB5, 0x14, 0x1E, 0x88,
    0xC7, 0x6C, 0x4B, 0x1F, 0x24, 0xED, 0x61, 0x8B, 0xC0, 0x98, 0x63, 0xB4, 0xC6, 0x9A, 0x7E, 0x83,
    0x20, 0xE1, 0x4A, 0xA9, 0x1A, 0x1F, 0x65, 0xC7, 0xDD, 0x6B, 0x5F, 0x5B, 0x5A, 0x9B, 0x3B, 0x05,
    0x61, 0x76, 0x65, 0x94, 0x2A, 0x29, 0x73, 0x29, 0x24, 0x8C, 0xAC, 0xC5, 0x35, 0xC9, 0x25, 0x59,
    0x49, 0x74, 0x94, 0xAA, 0x7F, 0xA4, 0xBE, 0x1E, 0x3F, 0xD0, 0xDA, 0xE0, 0x63, 0xEB, 0xDE, 0xEE,
    0xD9, 0x37, 0x0B, 0xFB, 0x46, 0x0D, 0x95, 0xA9, 0x4D, 0x56, 0xD6, 0x36, 0x1B, 0xB7, 0x54, 0x39,
    0x68, 0x6C, 0xE6, 0x89, 0x1C, 0x6D, 0xA1, 0x84, 0xB4, 0x56, 0xAB, 0xA8, 0x2D, 0x34, 0x44, 0xBA,
    0xB4, 0x21, 0xD2, 0xB9, 0x8A, 0x05, 0x92, 0x6D, 0xD9, 0xF0, 0x99, 0xAD, 0xCA, 0x7F, 0x0E, 0x38,
    0x34, 0xFA, 0x59, 0x79, 0x66, 0x5A, 0xAB, 0xB7, 0x39, 0x29, 0xC5, 0xB6, 0x0C, 0xD9, 0xBB, 0x59,
    0x8A, 0x87, 0x29, 0x55, 0x25, 0xBF, 0x55, 0x68, 0x69, 0xAC, 0x8A, 0x79, 0x73, 0x7E, 0x87, 0xA9,
    0x8B, 0xB5, 0xD2, 0x0F, 0x09, 0xDC, 0x0D, 0xD6, 0x19, 0x35, 0xE9, 0x8A, 0xA0, 0x0C, 0xA7, 0x5C,
    0xA3, 0xC0, 0x49, 0x43, 0x82, 0x68, 0x46, 0x0B, 0xF7, 0x6B, 0xAF, 0xE5, 0x00, 0xE5, 0xAE, 0x89,
    0x8B, 0x78, 0xCB, 0x24, 0xF9, 0x68, 0xFE, 0xA9, 0xCC, 0xFB, 0xE9, 0x6C, 0x3D, 0xFB, 0xC6, 0x9B,
    0x3F, 0xAD, 0xC7, 0xCB, 0xA0, 0x2D, 0xB3, 0x59, 0xD0, 0x9A, 0x07, 0x72, 0x73, 0xB1, 0x87, 0xE8,
    0xA8, 0xCB, 0x47, 0xA5, 0xD8, 0x6E, 0xC8, 0x94, 0x04, 0x04, 0x0B, 0x43, 0x43, 0xE4, 0x96, 0xA6,
    0xFA, 0x34, 0x96, 0x2C, 0xA1, 0x6A, 0x98, 0xAF, 0x87, 0x50, 0x3C, 0xC1, 0xF6, 0x71, 0xF0, 0xDD,
    0xAF, 0x71, 0x14, 0xEA, 0xCF, 0x3C, 0x8E, 0x49, 0xCC, 0xD9, 0xD8, 0x25, 0x22, 0x61, 0x05, 0x3D,
    0xF5, 0x50, 0x9B, 0xCF, 0x37, 0xCA, 0x72, 0x94, 0xCD, 0x41, 0x38, 0xEC, 0x41, 0xD2, 0x2C, 0x54,
    0x07, 0x27, 0x50, 0x25, 0x19, 0x84, 0x13, 0x5B, 0xCC, 0x3B, 0x10, 0x4C, 0x1B, 0x11, 0x94, 0x11,
    0x68, 0xD6, 0x57, 0xB0, 0x0F, 0x89, 0xD3, 0x96, 0xBC, 0x34, 0x37, 0xDB, 0xF4, 0xE1, 0xB9, 0x69,
    0x68, 0xE9, 0x4D, 0x40, 0x7E, 0x66, 0x34, 0x4D, 0x8A, 0xF8, 0x75, 0xC6, 0x25, 0xDD, 0x6F, 0x3A,
    0xCE, 0xB3, 0x3C, 0x2E, 0x33, 0x12, 0x3B, 0x63, 0x7A, 0xC6, 0x79, 0xFC, 0x4B, 0xF3, 0x8C, 0x9E,
    0x1B, 0x5F, 0x9F, 0x19, 0xEF, 0x55, 0xF5, 0xE2, 0x39, 0x6C, 0x96, 0xD2, 0x86, 0x6F, 0x11, 0x4C,
    0x2F, 0xD8, 0xC2, 0x4B, 0x7E, 0x2C, 0x43, 0xB4, 0x2B, 0xE2, 0x50, 0x6D, 0x6A, 0xFE, 0x3F, 0x19,
    0x18, 0xD4, 0x27, 0x0E, 0x3A, 0x45, 0x7C, 0xC5, 0xBE, 0xFF, 0x54, 0xEE, 0x15, 0xF1, 0x46, 0x6E,
    0x4E, 0x5C, 0x80, 0x4B, 0x36, 0x7F, 0xC3, 0xD9, 0xCF, 0xA9, 0xA6, 0x4D, 0xED, 0x4B, 0xA1, 0x2F,
    0x1E, 0xBF, 0xB0, 0x65, 0x11, 0x56, 0xF4, 0x92, 0xE6, 0xB4, 0x15, 0xE7, 0x99, 0x8E, 0x1B, 0x41,
    0xD3, 0x79, 0xF6, 0xD8, 0x76, 0x19, 0x49, 0x48, 0x6B, 0x12, 0xF5, 0x17, 0x3E, 0xD3, 0x1C, 0xBB,
    0xBB, 0x0C, 0x66, 0x06, 0xFF, 0x19, 0xA1, 0x29, 0x86, 0x36, 0x61, 0xB4, 0xA1, 0xFC, 0xDD, 0xBC,
    0x22, 0x8C, 0x64, 0x10, 0x13, 0x0D, 0xA7, 0xF4, 0x4D, 0xFA, 0xF6, 0x8E, 0x37, 0xF3, 0x66, 0x84,
    0xAB, 0x2A, 0xCD, 0xA3, 0xBF, 0x21, 0x4C, 0xBD, 0x27, 0x05, 0x3B, 0x99, 0x42, 0x79, 0x1E, 0x1A,
    0x6D, 0x8D, 0xE8, 0x61, 0x9D, 0x7E, 0xBF, 0x4A, 0x2B, 0x24, 0xFF, 0x9C, 0xC0, 0xF2, 0x5F, 0x96,
    0x70, 0xE3, 0x3A, 0x13, 0x27, 0xD1, 0xEE, 0x0E, 0x57, 0x1B, 0x64, 0x0D, 0x09, 0x0E, 0xE2, 0x99,
    0x76, 0xE1, 0xCD, 0xC3, 0xD7, 0x6B, 0x6F, 0xBA, 0x1D, 0xD4, 0x89, 0x99, 0x7A, 0xF9, 0x46, 0x58,
    0x6F, 0x83, 0x50, 0xE2, 0x29, 0x90, 0x30, 0x4A, 0xDF, 0x04, 0xAF, 0x6D, 0x4D, 0xFE, 0x0F, 0x30,
    0xF3, 0xE7, 0xDF, 0xFB, 0x03, 0x5C, 0x6F, 0xA6, 0xFF, 0x53, 0x32, 0x53, 0xD9, 0x9B, 0x53, 0x18,
    0x44, 0x59, 0x08, 0xA5, 0x5F, 0xEE, 0x71, 0x76, 0xFE, 0x44, 0x6C, 0x9A, 0x68, 0xBA, 0x66, 0xAE,
    0xAD, 0x9B, 0x79, 0x58, 0x9F, 0x36, 0x6D, 0xED, 0xD5, 0x01, 0x3F, 0x8E, 0x5C, 0x7D, 0x8E, 0xB4,
    0x7C, 0x8E, 0x4D, 0xA3, 0x57, 0xFA, 0xBB, 0x78, 0xB6, 0x36, 0xD7, 0xDC, 0x2E, 0x56, 0x82, 0xDE,
    0x5D, 0x91, 0xF2, 0x9B, 0x6D, 0x27, 0x9E, 0x24, 0x9F, 0x56, 0x1C, 0x25, 0x84, 0x9C, 0x23, 0x3F,
    0x6D, 0xCF, 0x70, 0x72, 0xB7, 0x34, 0x87, 0x5F, 0xD1, 0x90, 0x2A, 0x8B, 0x96, 0x11, 0x47, 0xF5,
    0x68, 0x75, 0x25, 0x2D, 0xED, 0xDD, 0x32, 0xA8, 0x8F, 0xA4, 0xA4, 0xC4, 0xD6, 0x32, 0x96, 0x31,
    0xDB, 0x2C, 0xCC, 0x1A, 0x0E, 0xB6, 0xCD, 0x83, 0x77, 0x09, 0xE8, 0x78, 0x83, 0x1E, 0x36, 0xDA,
    0x32, 0x51, 0x59, 0x13, 0x42, 0xDF, 0x78, 0xBD, 0x3E, 0x9E, 0x7C, 0x31, 0xA8, 0xAE, 0x64, 0x3B,
    0xC1, 0x8F, 0xA7, 0x59, 0x1D, 0xB5, 0x79, 0x56, 0xC6, 0x8D, 0xF9, 0x0D, 0xE3, 0x5F, 0x40, 0x5A,
    0xDC, 0x17, 0xEB, 0x0A, 0xC6, 0x55, 0x8C, 0xD7, 0x11, 0x32, 0x6C, 0x35, 0x98, 0xAF, 0x58, 0x31,
    0xE5, 0x6D, 0x7A, 0x7B, 0x84, 0x54, 0x08, 0xA9, 0x5A, 0x86, 0xC8, 0x00, 0x24, 0x03, 0x98, 0x8C,
    0x00, 0x25, 0x50, 0x09, 0x58, 0x80, 0x4B, 0x00, 0x13, 0xC8, 0x04, 0x34, 0x81, 0xCD, 0x00, 0x38,
    0x03, 0xE8, 0x0C, 0xC0, 0x33, 0x80, 0xCF, 0x02, 0xC8, 0xE1, 0x72, 0x2E, 0xEC, 0xAD, 0x92, 0x25,
    0x61, 0x7C, 0x63, 0x3B, 0x78, 0xEF, 0xE2, 0x93, 0x3B, 0x9C, 0x4A, 0x9B, 0x73, 0xB5, 0xC4, 0x8C,
    0xDD, 0xE7, 0x9F, 0x73, 0x60, 0xFE, 0x5D, 0x80, 0x6B, 0xC3, 0x01, 0xD1, 0x9B, 0x1C, 0x3A, 0x7D,
    0x89, 0x79, 0xC4, 0x9B, 0xFB, 0x45, 0x6A, 0x9A, 0x90, 0x48, 0x7F, 0xEF, 0xA4, 0xD9, 0xE2, 0x88,
    0xC9, 0x16, 0xAB, 0xCB, 0x13, 0xDC, 0xBD, 0xE0, 0x62, 0xD7, 0x52, 0xCA, 0x1F, 0x83, 0x3C, 0xD6,
    0xF1, 0xFA, 0x9F, 0x41, 0x22, 0x3F, 0x06, 0x1A, 0xDE, 0x44, 0x38, 0x1F, 0xBC, 0x7F, 0x04, 0x22,
    0x78, 0x1D, 0xEC, 0x72, 0x1A, 0x3C, 0x54, 0x67, 0x10, 0x39, 0xE7, 0x61, 0xE6, 0xEE, 0x84, 0x5C,
    0xE3, 0xD0, 0x9C, 0x32, 0x7F, 0x49, 0x44, 0x38, 0x27, 0x41, 0xCA, 0x95, 0x6A, 0x59, 0x45, 0xA2,
    0x90, 0x1F, 0xF7, 0x65, 0xCB, 0x01, 0x39, 0x2A, 0x21, 0x98, 0x26, 0x68, 0x29, 0x09, 0xB4, 0x23,
    0x74, 0x20, 0x51, 0x04, 0x34, 0x6E, 0xC1, 0x18, 0x33, 0xEF, 0x96, 0x11, 0xBB, 0xED, 0x6F, 0x95,
    0x47, 0x68, 0xAD, 0xDE, 0x77, 0xCB, 0x11, 0x0B, 0xDF, 0xEF, 0x96, 0x57, 0xB8, 0xA2, 0xE8, 0x1B,
    0xDF, 0xFF, 0x3E, 0x01, 0x18, 0x86, 0x7F, 0xFD, 0x06, 0xAF, 0x34, 0x7C, 0x97, 0xEF, 0x75, 0x24,
    0x58, 0x84, 0xD3, 0x27, 0xCD, 0x28, 0x98, 0xC7, 0xAF, 0x57, 0xBF, 0x3F, 0x0F, 0xEA, 0xF8, 0xAD,
    0xA2, 0xAD, 0x83, 0x29, 0xA1, 0x6E, 0x5C, 0x06, 0x05, 0xE9, 0x86, 0xDF, 0x64, 0x5B, 0x2D, 0xD7,
    0x34, 0x0D, 0x6D, 0xD3, 0x0E, 0x97, 0x59, 0xCF, 0xA2, 0x3F, 0x29, 0xFD, 0xFA, 0xC1, 0x38, 0x0F,
    0xB8, 0x73, 0x83, 0x24, 0xEB, 0x26, 0x53, 0xE4, 0x16, 0xCB, 0x85, 0xE5, 0xA5, 0x89, 0xC4, 0x7F,
    0x89, 0x8D, 0xB7, 0x18, 0x5E, 0x14, 0x59, 0xCC, 0x68, 0x03, 0xFD, 0xFA, 0x51, 0xFE, 0xC2, 0x15,
    0xFA, 0xC2, 0xDF, 0x96, 0x9B, 0x9C, 0x91, 0x1D, 0x31, 0xFA, 0x3E, 0x63, 0xFC, 0x42, 0x70, 0xCA,
    0x0B, 0x8F, 0xBF, 0xCF, 0x06, 0x4A, 0xC3, 0x22, 0x94, 0x6E, 0xD0, 0x10, 0x8D, 0x10, 0x07, 0x99,
    0x26, 0x2E, 0xBD, 0x26, 0xCD, 0xFD, 0x39, 0x4B, 0x0D, 0x12, 0x1A, 0xB5, 0xCA, 0xC2, 0xE2, 0x3C,
    0x7D, 0x78, 0x93, 0x2B, 0x27, 0x38, 0x12, 0x4E, 0xA4, 0x07, 0x2E, 0x47, 0x80, 0xB3, 0xA5, 0x1D,
    0x0B, 0xDA, 0xA7, 0x6F, 0xD6, 0xF1, 0xF3, 0xD1, 0x4B, 0xF5, 0x83, 0xA7, 0x9E, 0xE0, 0x62, 0x8E,
    0x73, 0x04, 0xCF, 0x56, 0x4D, 0xAC, 0xF9, 0x17, 0x1C, 0x66, 0xBA, 0x59, 0x24, 0x39, 0x51, 0x41,
    0xC6, 0xD4, 0xB2, 0xC1, 0x4A, 0x7E, 0x47, 0xE4, 0x7D, 0x3C, 0xA5, 0xB5, 0xA5, 0xC4, 0xA3, 0xE7,
    0x32, 0x13, 0xFE, 0x43, 0x75, 0x9E, 0xEF, 0x4C, 0x7F, 0x5A, 0x10, 0x01, 0xF8, 0x17, 0x56, 0xDD,
    0x9A, 0xA8, 0xEC, 0x1A, 0x0E, 0xE2, 0x6F, 0xF1, 0x66, 0xA1, 0x96, 0x22, 0x6D, 0x7F, 0x97, 0x8D,
    0xEA, 0x96, 0xED, 0x8B, 0x7C, 0x17, 0xDA, 0xA9, 0x41, 0xB9, 0xF6, 0x1C, 0x7E, 0xDC, 0x4C, 0xBD,
    0x39, 0xF1, 0x9F, 0xE1, 0x1D, 0x8A, 0xE3, 0xC6, 0x2A, 0x3D, 0x2D, 0xE0, 0x45, 0xE6, 0x31, 0x02,
    0xF6, 0x2C, 0xDC, 0x26, 0xF0, 0x85, 0xDA, 0xDF, 0x99, 0x21, 0x33, 0xC5, 0xC4, 0x5B, 0xBF, 0xD2,
    0x79, 0x06, 0xFB, 0xAC, 0xDD, 0xB4, 0xE8, 0x62, 0x1E, 0x59, 0x2F, 0x7C, 0xBC, 0x10, 0x7B, 0xE4,
    0x22, 0xCA, 0x73, 0x2E, 0x5A, 0xE1, 0xCA, 0xE9, 0xB5, 0x98, 0x14, 0xDF, 0xA6, 0x87, 0xFA, 0x0B,
    0x5F, 0x45, 0x4F, 0xA4, 0x62, 0x26, 0x2D, 0x3A, 0xE1, 0x3A, 0x76, 0xFF, 0x4E, 0xD3, 0xBF, 0x1A,
    0x42, 0x87, 0x33, 0xEB, 0x50, 0x6C, 0x30, 0x80, 0x8E, 0xB2, 0x85, 0x31, 0x29, 0xC9, 0x74, 0x48,
    0xDA, 0xE0, 0xFA, 0x34, 0x9D, 0x98, 0x8D, 0xF3, 0x71, 0x50, 0x5D, 0xCD, 0xCC, 0x93, 0xA3, 0x51,
    0xF8, 0x83, 0x29, 0xDD, 0xE5, 0x5C, 0x1D, 0x7D, 0x27, 0x27, 0xE9, 0xFA, 0xE7, 0x65, 0xFC, 0x5F,
    0xF9, 0x81, 0xBF, 0x2C, 0x92, 0x2D, 0xC2, 0x3A, 0xEF, 0xC4, 0x15, 0x1F, 0x39, 0xA3, 0xAC, 0x92,
    0x7A, 0xFD, 0x49, 0x49, 0x6B, 0xE3, 0xA6, 0x04, 0x06, 0x86, 0x6C, 0xEF, 0x25, 0xE1, 0x39, 0x4F,
    0x38, 0x2C, 0x9F, 0x3C, 0x4D, 0x6A, 0x91, 0x93, 0x20, 0x51, 0xBE, 0xC9, 0x8A, 0x2D, 0xDB, 0x30,
    0x2C, 0xBE, 0xCC, 0x64, 0xC6, 0xE9, 0xE1, 0x82, 0xED, 0x93, 0x2F, 0x31, 0xFB, 0x7C, 0xCE, 0xB8,
    0xF2, 0xEC, 0x0C, 0x69, 0xF5, 0x96, 0x14, 0x87, 0xF1, 0xFF, 0x01, 0x16, 0xC8, 0x1B, 0x44, 0xE8,
    0x26, 0x24, 0x59, 0x43, 0x8E, 0x32, 0x09, 0x68, 0x46, 0xDD, 0x0E, 0x32, 0xF3, 0x3B, 0xB0, 0x12,
    0xE4, 0x75, 0xEB, 0x71, 0xBC, 0xC2, 0x62, 0xD8, 0x7E, 0x0A, 0xEF, 0x51, 0x59, 0xB5, 0x3B, 0x55,
    0x3B, 0xC8, 0x85, 0x95, 0xFA, 0x8E, 0x49, 0xDD, 0x79, 0xC4, 0x41, 0xCF, 0xEE, 0x38, 0x8E, 0x57,
    0xDC, 0xC5, 0xF0, 0xF7, 0x1F, 0x47, 0x80, 0x3C, 0xFB, 0x33, 0x6C, 0xD4, 0xAC, 0xDF, 0x8A, 0xB7,
    0x5A, 0xAB, 0x8C, 0xE8, 0x3C, 0xFF, 0x9C, 0xD2, 0x5C, 0x47, 0x1D, 0x0D, 0x7C, 0x6B, 0xED, 0x78,
    0xB1, 0x2D, 0x2F, 0x2E, 0x8C, 0xB7, 0xBB, 0xE2, 0xC3, 0xEB, 0x55, 0x6B, 0x30, 0xCD, 0xE7, 0x6B,
    0xDC, 0x2D, 0xBD, 0x89, 0x46, 0x0E, 0xB3, 0xC8, 0x9A, 0x14, 0x74, 0x15, 0x57, 0x31, 0x2A, 0x19,
    0x63, 0x84, 0x63, 0x33, 0x42, 0x3A, 0x5F, 0xC7, 0x74, 0xFB, 0x18, 0x96, 0x7E, 0xA6, 0x36, 0xCF,
    0x26, 0x3F, 0x98, 0xCC, 0xA2, 0x5D, 0x26, 0x53, 0x66, 0x56, 0x0D, 0x88, 0xF0, 0x5F, 0xE8, 0xEA,
    0x31, 0x4F, 0x19, 0x36, 0x6C, 0xD8, 0x8C, 0xE2, 0xAB, 0x98, 0x27, 0x71, 0x1D, 0x82, 0x88, 0xB3,
    0x59, 0xA2, 0x91, 0x6B, 0x3C, 0xFE, 0xD8, 0x33, 0xFF, 0xFB, 0xC2, 0x60, 0x35, 0xDA, 0x7B, 0xBB,
    0x6F, 0x55, 0x1B, 0x2B, 0x81, 0x49, 0xAD, 0x10, 0xF0, 0x24, 0xB2, 0xD9, 0x6A, 0xBD, 0xED, 0x44,
    0xA3, 0x18, 0x69, 0xBD, 0x3F, 0xC0, 0xB4, 0x06, 0xC7, 0xB4, 0xE5, 0x9A, 0x43, 0x72, 0xD4, 0xCC,
    0x5F, 0xD5, 0xF1, 0x59, 0x63, 0xFE, 0x6E, 0xB6, 0xFE, 0x69, 0xE3, 0x95, 0x73, 0x14, 0xF1, 0x36,
    0xD3, 0x5E, 0x13, 0x9B, 0x59, 0x7D, 0x15, 0x7B, 0xEE, 0x9B, 0xC5, 0x09, 0xDA, 0x99, 0xB8, 0xBC,
    0x62, 0x1E, 0x3D, 0x1E, 0x95, 0x53, 0x33, 0x7A, 0x31, 0xFC, 0x6B, 0x22, 0xC2, 0x8A, 0x6F, 0x39,
    0x29, 0x38, 0xEE, 0x4D, 0x04, 0xF8, 0xF2, 0xBD, 0x54, 0xCA, 0x57, 0x59, 0xED, 0x55, 0xAC, 0xF5,
    0xC8, 0x65, 0x8A, 0x97, 0x25, 0xE9, 0xBC, 0x3F, 0x2C, 0xAC, 0x45, 0x96, 0x38, 0xF8, 0x36, 0x2D,
    0x76, 0xD8, 0x94, 0x85, 0x2D, 0x68, 0x33, 0x48, 0x12, 0x78, 0x31, 0x6C, 0x50, 0x92, 0x29, 0x9D,
    0xE4, 0xF1, 0x92, 0xBE, 0x31, 0xE2, 0xFD, 0xBA, 0x48, 0x76, 0x28, 0x11, 0x04, 0xED, 0x59, 0xC0,
    0xC5, 0x03, 0xD1, 0x94, 0xF0, 0x16, 0xFF, 0xD3, 0xCF, 0x49, 0x26, 0xB7, 0xDF, 0xE0, 0x22, 0x45,
    0x6C, 0x0A, 0x76, 0x62, 0x93, 0x11, 0x0C, 0xF6, 0x68, 0xF8, 0x19, 0x50, 0xFC, 0xD0, 0xFB, 0x5F,
    0x96, 0xA5, 0x1E, 0x15, 0x1F, 0xFC, 0x9A, 0x39, 0xC9, 0xCB, 0x25, 0x3D, 0x40, 0x0B, 0x66, 0x12,
    0x08, 0xDF, 0x2D, 0xA2, 0xA9, 0x3F, 0xA3, 0x45, 0x93, 0xF9, 0x50, 0xD3, 0xB2, 0xB3, 0x82, 0x36,
    0x61, 0x9B, 0x65, 0x35, 0x2D, 0x9D, 0xD0, 0x45, 0x37, 0x99, 0x85, 0x5B, 0xFE, 0x5B, 0xB4, 0xFC,
    0xC7, 0x77, 0xC2, 0x4D, 0x02, 0xE4, 0xF4, 0xEC, 0xF1, 0x11, 0xA1, 0xE0, 0x47, 0xF5, 0x53, 0x24,
    0x81, 0xBF, 0xF6, 0xB5, 0xAA, 0x9A, 0x1D, 0x4F, 0x9E, 0x09, 0xDF, 0x7C, 0xA9, 0x7E, 0x31, 0x6B,
    0xE2, 0x65, 0xF0, 0x33, 0x42, 0x45, 0x3C, 0x27, 0xD3, 0x89, 0xF3, 0x30, 0xE1, 0xC2, 0x3C, 0x4A,
    0x4C, 0x0F, 0x19, 0xFD, 0xAB, 0x01, 0xE2, 0x9C, 0x00, 0x51, 0x0B, 0x10, 0x53, 0x00, 0xB1, 0x2C,
    0x01, 0xC4, 0x1F, 0x96, 0xC6, 0xD6, 0x66, 0xDA, 0xED, 0x71, 0x74, 0xAC, 0x64, 0xBC, 0xDD, 0x8F,
    0xA9, 0x8B, 0x14, 0x87, 0xF9, 0xDA, 0x79, 0x90, 0x7E, 0xFB, 0x2E, 0xC9, 0xEB, 0xC6, 0x9C, 0x3A,
    0x33, 0x23, 0xA9, 0x51, 0x99, 0xAB, 0x5C, 0xB2, 0x4A, 0x78, 0x5F, 0x9E, 0x4A, 0xC9, 0xB0, 0xF9,
    0xBB, 0x39, 0x01, 0xDD, 0x90, 0x34, 0x14, 0x35, 0x59, 0x79, 0x33, 0xDA, 0xD3, 0x3A, 0x29, 0xA2,
    0x32, 0xCD, 0x93, 0x3C, 0xCD, 0x09, 0xD8, 0x1F, 0x4E, 0x8D, 0xFF, 0xAA, 0x33, 0xC4, 0x26, 0xCC,
    0x73, 0x48, 0xF3, 0xD5, 0xEC, 0x90, 0x84, 0xD3, 0xED, 0x5D, 0x66, 0xF2, 0x8A, 0x35, 0x4F, 0xC1,
    0x2E, 0x4E, 0x6A, 0x82, 0x9F, 0xB6, 0x05, 0x2D, 0xF9, 0xFA, 0x33, 0xD3, 0x1D, 0x4E, 0x39, 0xD3,
    0x9F, 0xC8, 0xCD, 0xFC, 0x11, 0x17, 0x5B, 0x85, 0x7F, 0xCD, 0x85, 0x3C, 0xF1, 0x77, 0x60, 0xB0,
    0x7F, 0xB3, 0xFC, 0xD2, 0xAE, 0xC9, 0x92, 0xAF, 0xD2, 0xDF, 0x77, 0xB2, 0x2F, 0x96, 0xF4, 0xC1,
    0xAC, 0x35, 0xE3, 0xB3, 0x39, 0x09, 0xB1, 0x07, 0x2E, 0xB2, 0x83, 0x66, 0xC3, 0xED, 0xFC, 0x34,
    0x7E, 0x16, 0x3F, 0x89, 0x9F, 0xC3, 0x4F, 0xE1, 0x67, 0xF0, 0x13, 0xF8, 0xFE, 0x74, 0xF7, 0x8A,
    0xEE, 0x3D, 0x55, 0x47, 0xA7, 0xD8, 0x85, 0xF6, 0xDF, 0xA1, 0x25, 0x55, 0x7C, 0x3F, 0xBE, 0x9B,
    0x35, 0x0E, 0xC8, 0x15, 0x27, 0x4A, 0x3B, 0x47, 0x7A, 0x61, 0x6A, 0x4B, 0xBF, 0xF9, 0x1F, 0xE9,
    0xCD, 0xF8, 0xAB, 0x6C, 0xFF, 0xCE, 0xCC, 0xFF, 0xF8, 0xAB, 0xBE, 0xEE, 0x2A, 0x78, 0x3D, 0x9F,
    0x25, 0xBD, 0x70, 0x9E, 0xB4, 0xCA, 0x98, 0x76, 0x35, 0x7A, 0x5B, 0x6E, 0xF5, 0x10, 0xFB, 0xE2,
    0x04, 0x18, 0x71, 0x69, 0xFA, 0xF9, 0x29, 0xE9, 0xAF, 0x5D, 0xBF, 0xDE, 0x38, 0x4F, 0x56, 0x5F,
    0x7D, 0x65, 0x27, 0xA8, 0x7D, 0x98, 0x1C, 0x24, 0xBB, 0x80, 0x4D, 0xFF, 0xC6, 0x24, 0x67, 0x63,
    0x9D, 0x54, 0x50, 0x45, 0x50, 0x42, 0x24, 0x9E, 0x27, 0x6C, 0x00, 0xD2, 0x3C, 0x25, 0x48, 0xD9,
    0x04, 0x21, 0x78, 0x69, 0x37, 0xB7, 0xD8, 0x62, 0x81, 0xC3, 0x37, 0x37, 0x09, 0xAD, 0xFD, 0x84,
    0x73, 0xF8, 0x24, 0x0C, 0x40, 0x5C, 0xF7, 0xF4, 0x92, 0x31, 0xD0, 0x18, 0x08, 0xC4, 0xA0, 0x62,
    0x75, 0x07, 0x5D, 0x57, 0x93, 0xDB, 0xE0, 0x2D, 0x9F, 0x47, 0xA4, 0x83, 0xA3, 0x24, 0x4C, 0x28,
    0xEB, 0xCC, 0xC4, 0x57, 0xB6, 0x58, 0xC6, 0x37, 0x87, 0x89, 0x53, 0x67, 0xEB, 0xDF, 0x5E, 0xFA,
    0x3F, 0x9D, 0xB5, 0x73, 0x32, 0x5A, 0xC7, 0x15, 0xA9, 0xD9, 0xDF, 0x94, 0x72, 0xFA, 0x5C, 0xD6,
    0xCB, 0x5E, 0x1E, 0x02, 0xB2, 0x73, 0x75, 0x70, 0x99, 0x3F, 0xC3, 0x3E, 0x39, 0xDD, 0x43, 0x3F,
    0xEA, 0x45, 0x8F, 0xEB, 0x97, 0x51, 0x9D, 0xCE, 0xF1, 0xB1, 0x39, 0x1B, 0x2C, 0xCF, 0x7A, 0xFB,
    0x33, 0xAD, 0xB0, 0x1A, 0xB9, 0xA0, 0x85, 0x9F, 0x8A, 0xC7, 0xF2, 0x73, 0x0D, 0x3F, 0xD8, 0xF0,
    0x93, 0x0D, 0x3F, 0x1A, 0xCF, 0x96, 0xAE, 0x8B, 0xCC, 0xB1, 0xC7, 0x79, 0xA3, 0x00, 0x00, 0x02,
    0x80, 0x00, 0x18, 0x00, 0x84, 0x42, 0x41, 0xEC, 0x4E, 0xC6, 0xE9, 0xC2, 0x9A, 0xE1, 0x12, 0xA3,
    0x98, 0x5B, 0xFD, 0xCB, 0xC8, 0xF0, 0xA0, 0x59, 0x2E, 0xDF, 0x78, 0x59, 0x0D, 0x35, 0xD8, 0x47,
    0x10, 0x64, 0x09, 0xCB, 0x09, 0x12, 0xBC, 0x73, 0x92, 0x7C, 0x37, 0x69, 0xF7, 0x82, 0x82, 0xC8,
    0xEE, 0x08, 0x5B, 0x9E, 0xA7, 0xE9, 0x85, 0xBC, 0x84, 0xC6, 0x27, 0x2F, 0x61, 0x1E, 0xDC, 0xCC,
    0xCD, 0x8C, 0xF3, 0x4F, 0x1C, 0xC2, 0x0A, 0xB8, 0x22, 0x31, 0x98, 0xC6, 0x95, 0xA4, 0x29, 0xE3,
    0x82, 0x60, 0x8E, 0x19, 0xDC, 0x53, 0xAC, 0x91, 0x46, 0x8C, 0xF5, 0x6B, 0x5C, 0x27, 0x5B, 0x4B,
    0xE7, 0x27, 0x82, 0xD8, 0xAA, 0xFA, 0xD7, 0xB5, 0x39, 0x24, 0xFA, 0x6F, 0xA5, 0x3A, 0xDA, 0x7E,
    0xD5, 0x6B, 0xB0, 0x4B, 0xDC, 0xE2, 0xB7, 0x07, 0x6B, 0x80, 0x7A, 0x0F, 0xF7, 0x1B, 0x04, 0xA8,
    0x94, 0x61, 0x9F, 0x1F, 0x4E, 0xBF, 0xF8, 0x8B, 0x62, 0x0E, 0x4A, 0xB8, 0xA1, 0x50, 0xD5, 0x8F,
    0x48, 0xE8, 0x9E, 0x0D, 0x1F, 0xE3, 0x7F, 0x67, 0x46, 0xFD, 0x7F, 0x04, 0x00, 0x10, 0x01, 0x40,
    0x08, 0x40, 0xE3, 0x09, 0xAC, 0x1E, 0xD8, 0x25, 0x66, 0x57, 0x68, 0xDB, 0xA0, 0x2E, 0x37, 0xC0,
    0xFE, 0x69, 0xD7, 0xE6, 0xF2, 0x01, 0xB2, 0x6D, 0x49, 0xCD, 0x7F, 0xA1, 0x72, 0xA4, 0x22, 0xFF,
    0x0E, 0x13, 0x3F, 0x1C, 0x37, 0xE9, 0xFF, 0x9D, 0xC1, 0x79, 0x97, 0x9B, 0x79, 0x1A, 0x88, 0xA6,
    0xFB, 0x05, 0x2F, 0x49, 0xF4, 0x13, 0xFF, 0xD4, 0xB4, 0x44, 0xE1, 0x70, 0x6D, 0x6C, 0xD7, 0xA6,
    0x63, 0x69, 0x5A, 0xFF, 0x06, 0x2D, 0x3F, 0xBB, 0x5E, 0x72, 0xB9, 0xB2, 0x79, 0x00, 0x46, 0xC1,
    0x03, 0x9A, 0xCD, 0x63, 0xA7, 0x87, 0x6D, 0xD0, 0xCF, 0xEE, 0xA7, 0x34, 0x76, 0x8B, 0x26, 0xA5,
    0xC8, 0x1C, 0xFA, 0xC8, 0x67, 0x36, 0x55, 0x09, 0xCE, 0x05, 0x9B, 0x78, 0xD4, 0xD4, 0x4A, 0x87,
    0xC2, 0x24, 0x3E, 0xDD, 0x9F, 0xCC, 0xA8, 0xF1, 0x96, 0xE8, 0x30, 0xC6, 0xE9, 0x67, 0xA5, 0xFA,
    0xFF, 0x1C, 0x3D, 0xA2, 0x31, 0x13, 0xA2, 0xA8, 0x3D, 0x02, 0xEC, 0x21, 0x6D, 0xEE, 0xBC, 0x1F,
    0xCF, 0x62, 0x4A, 0xE8, 0x55, 0x4B, 0xEB, 0x2B, 0x6C, 0x8F, 0xC3, 0xB9, 0xB9, 0xCD, 0xCF, 0x4E,
    0xD7, 0x70, 0x8F, 0x94, 0xBE, 0x07, 0x35, 0xEC, 0x7F, 0x41, 0x22, 0xE0, 0xFB, 0xB2, 0x02, 0x69,
    0xBE, 0x6A, 0xC2, 0xEC, 0xAE, 0x26, 0x23, 0xF6, 0xA7, 0x1E, 0xA2, 0x3B, 0x70, 0x2D, 0xB6, 0xDD,
    0x0D, 0x50, 0x53, 0x69, 0x32, 0xD0, 0x2C, 0x82, 0x82, 0x26, 0x9D, 0xED, 0xB3, 0xBA, 0xBA, 0x20,
    0xB7, 0xB8, 0xCE, 0xE6, 0xDF, 0xC8, 0x67, 0x7E, 0x8E, 0x07, 0xFA, 0x6F, 0x8A, 0xCD, 0xFC, 0x0D,
    0xF1, 0xAD, 0xE2, 0xEF, 0x30, 0x73, 0x7F, 0x3A, 0xD9, 0xE6, 0x47, 0xAD, 0x67, 0x2C, 0x30, 0xCC,
    0x8B, 0x19, 0xEA, 0x62, 0xEB, 0x3D, 0xD6, 0xA6, 0x5E, 0x29, 0x16, 0xE7, 0x57, 0xD9, 0x04, 0x35,
    0x31, 0xC4, 0xEA, 0x78, 0x11, 0xB0, 0x79, 0xDF, 0xB2, 0x37, 0x5B, 0x90, 0xEE, 0xF7, 0xDF, 0xBB,
    0x86, 0x12, 0xCE, 0xAF, 0xE4, 0xB2, 0x75, 0x47, 0x41, 0x93, 0x35, 0x07, 0x22, 0x48, 0x44, 0x44,
    0x7F, 0x52, 0xD0, 0x87, 0x1F, 0x8C, 0xB1, 0x53, 0xA7, 0x20, 0x1B, 0x46, 0x30, 0xA4, 0xAE, 0x91,
    0x7E, 0x9B, 0x9B, 0x1B, 0x97, 0x76, 0x67, 0x0D, 0x57, 0x03, 0x16, 0xDB, 0x01, 0x07, 0x8B, 0xB7,
    0x43, 0xAE, 0xCE, 0xDF, 0x89, 0xB9, 0x58, 0xA3, 0x49, 0x48, 0x6B, 0x7B, 0x33, 0xF2, 0x47, 0xCB,
    0xA0, 0xDA, 0x60, 0xD5, 0xC0, 0x6E, 0x22, 0xB9, 0xB6, 0xD7, 0x4C, 0xF8, 0xF7, 0x15, 0x89, 0x7F,
    0xF3, 0xAA, 0x15, 0x52, 0x88, 0x7F, 0xA7, 0x8D, 0x45, 0xB2, 0xEF, 0xD8, 0x35, 0xA8, 0x9C, 0x90,
    0x7A, 0xE7, 0xE5, 0xA1, 0x7C, 0x12, 0xAE, 0x2A, 0x48, 0x3E, 0x65, 0xC4, 0x8A, 0xDE, 0x4D, 0x12,
    0xD9, 0x61, 0x4E, 0xF2, 0xE9, 0x38, 0x87, 0x0C, 0x5F, 0x30, 0xA4, 0xAE, 0x48, 0xD1, 0x04, 0x3F,
    0x2F, 0xBC, 0x1A, 0xF6, 0x62, 0xF8, 0x8F, 0x74, 0xB3, 0x68, 0xCE, 0xA2, 0x89, 0x0B, 0x8C, 0x39,
    0x55, 0xC1, 0xBB, 0x75, 0x92, 0xF1, 0x33, 0x62, 0x83, 0xB0, 0x26, 0x59, 0xF1, 0xE3, 0x92, 0x14,
    0xE8, 0x92, 0x3B, 0x7D, 0x2E, 0x3A, 0x01, 0x2A, 0xC6, 0xE2, 0xAE, 0x95, 0x3B, 0x81, 0x93, 0x3B,
    0xB1, 0x6D, 0x1C, 0xE9, 0x7E, 0xEE, 0x77, 0x6C, 0xE5, 0x53, 0x0E, 0x9E, 0xCC, 0xD1, 0x5C, 0x58,
    0x3A, 0x8F, 0xEA, 0xAA, 0x13, 0xA5, 0x83, 0xF0, 0xD2, 0x7D, 0x8C, 0x76, 0xD1, 0x73, 0xA5, 0x60,
    0x13, 0x65, 0x76, 0x01, 0xCA, 0x3B, 0x58, 0x84, 0x69, 0xA7, 0xC3, 0xA4, 0xDA, 0xAF, 0xF2, 0x7E,
    0x4D, 0x7D, 0xCD, 0x7B, 0x8D, 0xC8, 0x6F, 0x10, 0x22, 0xDF, 0xFC, 0x1E, 0x21, 0x32, 0x7C, 0xE9,
    0x82, 0xC2, 0xB4, 0xE2, 0x9F, 0x34, 0x07, 0xFB, 0x27, 0x88, 0x25, 0xB6, 0x92, 0x23, 0x7C, 0x6F,
    0xD0, 0x6A, 0x36, 0xB0, 0x9E, 0xF1, 0xF9, 0xFF, 0x72, 0x66, 0x71, 0xE6, 0xCC, 0x15, 0xA4, 0xE1,
    0xC8, 0x36, 0x58, 0x78, 0x12, 0xBC, 0x41, 0xA5, 0x3D, 0xAA, 0x9E, 0x83, 0x22, 0x44, 0x0E, 0x37,
    0xF7, 0x90, 0xC7, 0x33, 0x5D, 0xB7, 0xBD, 0x54, 0x28, 0xA6, 0x37, 0x5A, 0xC9, 0x41, 0x45, 0xD2,
    0x6D, 0x8A, 0xA0, 0xDE, 0x44, 0xDC, 0xBB, 0xA5, 0x20, 0x7B, 0x81, 0x04, 0x93, 0x66, 0x87, 0x99,
    0x7B, 0x27, 0x92, 0xD4, 0x6B, 0xA1, 0x54, 0xB5, 0xC3, 0x50, 0x93, 0xC4, 0x09, 0x27, 0x86, 0x16,
    0x87, 0x5B, 0x29, 0x6A, 0xAD, 0x9C, 0xF3, 0x2E, 0xB1, 0x11, 0x44, 0x46, 0x24, 0x2E, 0x22, 0x51,
    0x11, 0xC4, 0x44, 0xA6, 0x88, 0x88, 0xD0, 0x0A, 0xFF, 0x7C, 0xCA, 0x8C, 0xFF, 0xCB, 0x22, 0xF9,
    0x62, 0xC3, 0xB1, 0x90, 0x73, 0x63, 0x8E, 0x84, 0x4C, 0x33, 0x8E, 0x83, 0x90, 0xEA, 0xE0, 0xFC,
    0x55, 0xC6, 0x61, 0x30, 0xB3, 0x99, 0x40, 0xF8, 0x70, 0x28, 0xCC, 0x9B, 0x6D, 0x92, 0x08, 0x0A,
    0xA6, 0x5B, 0xF4, 0x9A, 0xE4, 0x57, 0x4D, 0xF0, 0xDE, 0xDC, 0x7C, 0xC9, 0xA8, 0xA4, 0x7B, 0xB6,
    0x53, 0x56, 0x51, 0x3F, 0xE1, 0x3F, 0xE1, 0x2A, 0xE7, 0xD7, 0xA4, 0x68, 0x2C, 0xA9, 0xBB, 0xE8,
    0x10, 0xB2, 0x5C, 0x1A, 0x18, 0xE8, 0xAA, 0x6E, 0xD5, 0xD7, 0xB5, 0xC5, 0x40, 0xA4, 0x7D, 0x3D,
    0x2B, 0xD4, 0x89, 0x24, 0xA2, 0xB2, 0x6B, 0x7B, 0x77, 0xF5, 0x42, 0xC1, 0xDC, 0x7D, 0x84, 0x6E,
    0x14, 0x75, 0xD9, 0xFF, 0xB6, 0x2B, 0x29, 0x9A, 0x74, 0x65, 0x48, 0xD1, 0x72, 0x7C, 0xD9, 0x56,
    0x15, 0x64, 0xD3, 0xB1, 0x6B, 0x96, 0x6F, 0x5D, 0x9F, 0x14, 0x8B, 0x9C, 0x85, 0xDD, 0xF7, 0x5E,
    0xA7, 0x94, 0x49, 0xA6, 0xAE, 0x55, 0xAA, 0xDF, 0x2B, 0xD5, 0x6B, 0x96, 0xEA, 0x77, 0x4B, 0xF5,
    0xDB, 0xA5, 0xFA, 0xFD, 0x52, 0xBD, 0x86, 0xA9, 0x7E, 0xC7, 0x54, 0xBF, 0x65, 0x6A, 0xD8, 0x33,
    0x25, 0xE8, 0x9C, 0x99, 0xD0, 0x96, 0x53, 0x8D, 0xBB, 0x16, 0xE6, 0x48, 0x4B, 0xE2, 0xC5, 0x91,
    0x6B, 0x14, 0x9F, 0x63, 0x9B, 0x99, 0x5D, 0x08, 0x80, 0x37, 0x7F, 0xAC, 0x85, 0xFF, 0x6F, 0xAA,
    0xA2, 0xFB, 0x3A, 0xAE, 0xEB, 0xC9, 0x17, 0x71, 0xBD, 0x92, 0x32, 0xEE, 0x3F, 0x15, 0x94, 0x9B,
    0x71, 0xB9, 0x66, 0x36, 0x62, 0xB3, 0x1D, 0x55, 0x2F, 0xB2, 0xAC, 0xDC, 0x09, 0x11, 0x1C, 0x26,
    0x06, 0x94, 0xF0, 0x70, 0x25, 0x2E, 0x37, 0xD9, 0x27, 0xCF, 0x4A, 0x11, 0x47, 0x2B, 0x59, 0x4D,
    0xCE, 0xEA, 0x56, 0x19, 0x3B, 0x6F, 0x66, 0x5C, 0xFF, 0x2B, 0xEE, 0x33, 0x65, 0xF3, 0x60, 0xC9,
    0x4E, 0x3F, 0xC8, 0x3A, 0x2D, 0x79, 0xE0, 0xCF, 0x98, 0x5D, 0x18, 0x64, 0xB3, 0x32, 0x69, 0x25,
    0xA5, 0xFF, 0x5A, 0xF8, 0x00, 0x4B, 0xCD, 0xDD, 0x36, 0x48, 0xF7, 0xA5, 0x4F, 0x37, 0x60, 0x9B,
    0xF8, 0xA5, 0xB9, 0x14, 0x3D, 0xFF, 0xF8, 0x17, 0x0B, 0xDD, 0xC5, 0x0B, 0xFD, 0x3E, 0x51, 0x37,
    0x6F, 0xCA, 0x52, 0x8E, 0xAD, 0x54, 0xB4, 0xF3, 0xA7, 0x6C, 0xFC, 0xC6, 0xCE, 0x49, 0x59, 0x0E,
    0xCB, 0x4D, 0x02, 0xBD, 0x26, 0x12, 0xEB, 0x0A, 0x5A, 0x2D, 0xE9, 0xB4, 0xBD, 0x17, 0xF7, 0xA3,
    0xFE, 0xFD, 0x2D, 0xB2, 0xC4, 0xE2, 0x7A, 0xCC, 0x55, 0x48, 0x67, 0xEB, 0xC9, 0x8D, 0xD7, 0x98,
    0x6F, 0x27, 0x68, 0x4F, 0xE0, 0xFA, 0x77, 0xEF, 0x95, 0xFB, 0x58, 0xFF, 0x7E, 0xBB, 0x78, 0xF7,
    0xDF, 0xBC, 0xD6, 0xA4, 0x6D, 0x3B, 0xCF, 0x5E, 0xFD, 0xFC, 0xFB, 0xC6, 0xBB, 0x51, 0xE6, 0x69,
    0xAE, 0x61, 0xCC, 0x50, 0xB4, 0x44, 0x9F, 0x7B, 0x8A, 0x32, 0x53, 0xDA, 0x1E, 0x74, 0x45, 0x6B,
    0x29, 0x8B, 0x16, 0x0A, 0x09, 0xA9, 0x8E, 0xC4, 0xE2, 0xBE, 0x0A, 0xF8, 0x7C, 0x29, 0x24, 0x0C,
    0xA4, 0x8A, 0x30, 0x96, 0x3C, 0xFE, 0x48, 0xE8, 0xF8, 0x2A, 0x2E, 0xA8, 0x08, 0x15, 0xFD, 0x67,
    0xAB, 0x41, 0xA3, 0xE9, 0xBA, 0x6C, 0xF9, 0x8B, 0xB2, 0xE3, 0x62, 0x2A, 0x0A, 0x3D, 0x27, 0xDF,
    0x93, 0xED, 0xFF, 0x53, 0xD3, 0x69, 0x1B, 0x26, 0xDB, 0xFD, 0xC2, 0x7C, 0x63, 0x10, 0xE4, 0x14,
    0xF3, 0x2C, 0x61, 0x4E, 0x6E, 0x0B, 0x0E, 0xA9, 0xE4, 0x9B, 0x17, 0x93, 0xCC, 0x5C, 0x61, 0xF3,
    0x9A, 0x96, 0xB5, 0xC3, 0xCF, 0x27, 0xDB, 0x81, 0x44, 0xD0, 0x11, 0x2D, 0x27, 0x0E, 0xAA, 0xD3,
    0x0C, 0xCA, 0x15, 0x86, 0x80, 0x33, 0x9E, 0x5F, 0x63, 0x17, 0x9A, 0x43, 0xA3, 0x19, 0x77, 0xB2,
    0x8E, 0xE7, 0xB6, 0xDF, 0xE6, 0x73, 0x1A, 0x51, 0xF9, 0x0C, 0xC0, 0xFB, 0x81, 0xE4, 0x6E, 0x6A,
    0x89, 0xE2, 0x35, 0x22, 0x4D, 0xB6, 0xD5, 0x68, 0x96, 0x68, 0xA2, 0x9F, 0x3F, 0xD5, 0x55, 0xA3,
    0x7D, 0x94, 0x30, 0xCC, 0xB7, 0x09, 0x38, 0x49, 0x15, 0xF2, 0x4B, 0xF0, 0x33, 0x6E, 0x3D, 0x47,
    0x35, 0x6F, 0xCD, 0x37, 0xA9, 0xF9, 0x59, 0x2F, 0x9C, 0x36, 0xBD, 0x1E, 0xF2, 0xFB, 0xBC, 0x27,
    0x77, 0xD7, 0xB1, 0x38, 0xFD, 0xA4, 0x63, 0x71, 0x7E, 0x87, 0x1D, 0x8B, 0x8B, 0xAE, 0x8D, 0xA8,
    0xD0, 0x36, 0xA2, 0xC0, 0x15, 0xF9, 0x05, 0xAE, 0xA8, 0x2F, 0x70, 0xC8, 0x8F, 0x9D, 0xA6, 0x4E,
    0xF2, 0xDB, 0x14, 0x01, 0x7B, 0xEE, 0x0B, 0x76, 0x70, 0x4D, 0x54, 0x78, 0x1F, 0x82, 0x94, 0xF0,
    0x35, 0xA4, 0x84, 0x6B, 0xA4, 0x84, 0xA7, 0x06, 0xD1, 0x71, 0xB6, 0xE2, 0xFF, 0x28, 0x77, 0xA6,
    0xA7, 0xAE, 0xA6, 0x57, 0x6D, 0x27, 0x51, 0x57, 0xF0, 0xBF, 0x14, 0x10, 0x25, 0xD5, 0x7E, 0x33,
    0xD4, 0x17, 0xC9, 0xED, 0xF8, 0x6A, 0x50, 0x52, 0x7C, 0xBE, 0x97, 0x67, 0x09, 0x65, 0xF8, 0x45,
    0xA4, 0x2D, 0x3B, 0xB7, 0xEA, 0x99, 0x37, 0xFB, 0xCC, 0xD0, 0x64, 0x69, 0xCD, 0x50, 0xA9, 0x93,
    0x42, 0xC5, 0xFC, 0x58, 0x76, 0x74, 0x22, 0x05, 0x4E, 0x4B, 0x29, 0x59, 0x94, 0x5A, 0x45, 0x69,
    0x47, 0x90, 0x71, 0x8F, 0xB6, 0x0A, 0xCF, 0xEA, 0x1B, 0x57, 0xAB, 0xF8, 0x6F, 0xDB, 0xDC, 0x9A,
    0xA1, 0xAE, 0x32, 0xE9, 0xB0, 0x94, 0x4B, 0x85, 0x6A, 0xDF, 0x02, 0x6C, 0x8D, 0x5A, 0x98, 0x99,
    0x39, 0xF2, 0xDA, 0x8D, 0x8B, 0x09, 0x99, 0x10, 0x9B, 0xBF, 0xFB, 0x93, 0xFC, 0x29, 0xB2, 0xDB,
    0x2A, 0xA2, 0x88, 0x9C, 0xBD, 0x9D, 0x54, 0xD7, 0xBB, 0xA1, 0x1F, 0x47, 0x8C, 0x26, 0xAD, 0xFD,
    0x9F, 0xFD, 0x88, 0xEB, 0x71, 0xE6, 0xF4, 0x58, 0x0E, 0x03, 0xCE, 0xD9, 0xF6, 0x26, 0x0B, 0x83,
    0x4C, 0xD1, 0xB8, 0x4C, 0xE9, 0x4B, 0x2E, 0x04, 0xFD, 0xCA, 0xDD, 0xF7, 0x33, 0x55, 0xB7, 0xEA,
    0x67, 0xFA, 0xBA, 0xF4, 0x33, 0x7D, 0xBE, 0x40, 0x3F, 0x53, 0x80, 0xCA, 0xB1, 0x3D, 0x6F, 0x2A,
    0xDC, 0xF2, 0xF3, 0x06, 0x0B, 0xE3, 0x27, 0xF8, 0xD2, 0xC5, 0x11, 0xCC, 0xFF, 0xC3, 0x96, 0x60,
    0xFF, 0xF1, 0xAE, 0xE7, 0x96, 0xEE, 0x1C, 0x09, 0xC1, 0x07, 0xC5, 0x3F, 0xAB, 0x9F, 0xE9, 0xFE,
    0x65, 0x80, 0x5F, 0x7F, 0x13, 0x19, 0xE0, 0xEF, 0xC0, 0x9C, 0x79, 0x0B, 0x19, 0x60, 0xB4, 0x88,
    0x41, 0x14, 0xD8, 0x0C, 0x30, 0x64, 0xF6, 0x2B, 0x4F, 0xE1, 0x06, 0xA7, 0x41, 0xC5, 0xA7, 0xB1,
    0x9A, 0x75, 0xBC, 0xAE, 0xDD, 0x55, 0x06, 0xD8, 0x55, 0xEE, 0xF7, 0x18, 0x3A, 0xD0, 0xDF, 0x23,
    0x31, 0x54, 0xBC, 0x89, 0x14, 0x4F, 0xEA, 0x20, 0xC3, 0x6F, 0x9D, 0x79, 0xAE, 0xDF, 0xA5, 0xA3,
    0x46, 0x9B, 0xB5, 0xDB, 0x7D, 0x3B, 0x19, 0x6C, 0x3E, 0x94, 0x2F, 0xFB, 0xA6, 0xA6, 0xAA, 0x28,
    0x77, 0x53, 0x53, 0xCB, 0x61, 0x2B, 0x82, 0xB5, 0x11, 0x27, 0x43, 0x5B, 0xF1, 0x96, 0x8F, 0x99,
    0xDD, 0xFE, 0x31, 0xAA, 0x1B, 0x75, 0xB8, 0x08, 0xFB, 0x1F, 0x85, 0x6C, 0xE9, 0xA1, 0x01, 0x12,
    0xB0, 0xF2, 0x50, 0x73, 0x35, 0xBF, 0xC5, 0x71, 0x19, 0xF4, 0x15, 0xE1, 0x2E, 0x5D, 0x70, 0x26,
    0x1D, 0x86, 0x4D, 0x9C, 0x23, 0xEB, 0x42, 0x3A, 0xBD, 0x68, 0x73, 0x17, 0xDA, 0xC5, 0x17, 0x3E,
    0xDB, 0x45, 0xC2, 0xEE, 0xEB, 0x60, 0x96, 0x14, 0x93, 0x3D, 0x68, 0x09, 0xEF, 0xBC, 0xBA, 0xAF,
    0x35, 0xEE, 0xDE, 0x0E, 0x66, 0x39, 0x2A, 0xEA, 0x35, 0x23, 0xDF, 0xB6, 0x26, 0x48, 0xA6, 0xD1,
    0xB4, 0x2B, 0x1E, 0xC8, 0xCC, 0xC3, 0x67, 0x16, 0x6C, 0x4C, 0x97, 0xBF, 0xBD, 0xBC, 0x04, 0xDF,
    0x28, 0x53, 0x5A, 0x5C, 0x10, 0xE2, 0x5B, 0x5A, 0x2D, 0xA3, 0x97, 0x73, 0x1E, 0x87, 0x5F, 0xBE,
    0xF7, 0x68, 0xA9, 0x30, 0x35, 0x22, 0x91, 0x0E, 0x83, 0x6C, 0xE6, 0xC1, 0xB7, 0x29, 0xD4, 0xD5,
    0x91, 0x08, 0xAE, 0xAB, 0xA6, 0x67, 0x99, 0x29, 0xB3, 0xF2, 0xEC, 0xB4, 0xA0, 0x06, 0xDA, 0x00,
    0xA5, 0xFE, 0x53, 0xA0, 0x25, 0x15, 0x09, 0x94, 0xC9, 0x85, 0xE4, 0x6F, 0x86, 0x21, 0x49, 0x40,
    0x0B, 0x4A, 0x81, 0x39, 0x34, 0xC8, 0x68, 0x09, 0x07, 0xDB, 0xA2, 0xCE, 0xCF, 0x5E, 0xBF, 0x7E,
    0x5D, 0xA9, 0x53, 0xA6, 0xE6, 0xE8, 0xA0, 0xB8, 0x6C, 0xA0, 0x26, 0x2F, 0x71, 0x41, 0x9D, 0x2F,
    0x9B, 0x98, 0xE5, 0x09, 0x68, 0xE8, 0x08, 0x88, 0xE8, 0x41, 0x08, 0xE1, 0x35, 0x9B, 0x39, 0xF4,
    0x6B, 0xF4, 0xFC, 0xFC, 0x08, 0x0D, 0xB4, 0x6F, 0xFD, 0x0E, 0x0B, 0xCC, 0xC6, 0xC7, 0x4C, 0x0D,
    0x1F, 0x43, 0x82, 0xA4, 0x8F, 0x80, 0x89, 0xF2, 0x3C, 0xB6, 0x45, 0x86, 0x1F, 0xCE, 0x40, 0xC8,
    0xCF, 0x6A, 0x46, 0x52, 0xF4, 0xE2, 0x56, 0x97, 0x8E, 0xD4, 0xA0, 0x52, 0xD9, 0xD5, 0x57, 0x3E,
    0x81, 0x9D, 0x66, 0x93, 0x6C, 0x01, 0x53, 0xB5, 0x7D, 0x37, 0x37, 0x6E, 0x46, 0x68, 0x67, 0xBD,
    0x7D, 0x7C, 0x46, 0xB1, 0xD4, 0xE6, 0x8E, 0x47, 0xB1, 0x78, 0xBD, 0x51, 0x2C, 0x6D, 0x6F, 0x14,
    0xCB, 0xA2, 0x0B, 0x2B, 0x74, 0x3D, 0x16, 0x7E, 0xEF, 0xED, 0xEC, 0xA0, 0x56, 0x8B, 0xDE, 0x30,
    0xEE, 0xB0, 0x8B, 0xAD, 0x74, 0x53, 0x67, 0xDD, 0x98, 0x31, 0x1B, 0xBD, 0xFD, 0x30, 0x15, 0x3D,
    0xD6, 0x52, 0xF4, 0xF8, 0x6A, 0x35, 0x5C, 0x8B, 0x5D, 0x48, 0x7C, 0x8B, 0x72, 0x96, 0xED, 0x21,
    0x42, 0x86, 0x91, 0xCB, 0x0F, 0xFD, 0x08, 0x1B, 0xD1, 0x35, 0xE3, 0x0B, 0x5D, 0xE9, 0xF1, 0xAC,
    0xDB, 0x53, 0xED, 0xA4, 0x58, 0xF4, 0xE4, 0x33, 0xC0, 0xBB, 0x88, 0xB5, 0x37, 0x27, 0x6D, 0x06,
    0xD5, 0x98, 0xC7, 0xAC, 0x96, 0xCE, 0xE1, 0x45, 0xF9, 0xFF, 0xD4, 0xD2, 0xAE, 0x67, 0xA4, 0xAD,
    0x32, 0x65, 0xE1, 0xB9, 0x84, 0x52, 0xC9, 0xA0, 0x0A, 0xDE, 0x5D, 0x49, 0xAB, 0x79, 0x73, 0x8F,
    0x73, 0x04, 0x45, 0x50, 0x91, 0x73, 0x59, 0x04, 0xAC, 0xD8, 0xCE, 0x16, 0x9C, 0xF0, 0x10, 0xB6,
    0xB7, 0x9F, 0x6C, 0xB5, 0xB2, 0x9E, 0x90, 0xF5, 0x14, 0xED, 0xC1, 0xF9, 0x58, 0x92, 0x4B, 0xD1,
    0x05, 0xDB, 0x13, 0xF0, 0xC1, 0x0C, 0x3A, 0xB1, 0xE3, 0x8E, 0xEF, 0x76, 0xD0, 0x49, 0xA4, 0x1D,
    0xFB, 0x76, 0xD0, 0x49, 0xA0, 0x83, 0x4E, 0x3C, 0x3B, 0xE8, 0x84, 0xB8, 0x11, 0x25, 0xFC, 0x99,
    0x0E, 0x3A, 0xB1, 0x6E, 0x91, 0x9D, 0xD0, 0x6B, 0xD9, 0xCE, 0x1A, 0x31, 0xB6, 0xDC, 0x2A, 0x2C,
    0x87, 0x5C, 0x17, 0xF7, 0xF8, 0xED, 0x9E, 0xE6, 0x48, 0x4E, 0x71, 0x7A, 0xA4, 0x91, 0x97, 0x13,
    0xE6, 0x81, 0x73, 0x96, 0x78, 0xBA, 0x0C, 0x52, 0xE8, 0x4C, 0x13, 0xA4, 0xF8, 0x76, 0x5D, 0xF6,
    0xAF, 0xEB, 0xE3, 0x38, 0xA5, 0x5D, 0x1C, 0x9E, 0x3C, 0xED, 0x02, 0xFD, 0x2B, 0x65, 0xDB, 0xE2,
    0x56, 0x47, 0x54, 0x9C, 0xF4, 0x94, 0x14, 0xCF, 0xC9, 0x72, 0x4F, 0x1B, 0xED, 0x3A, 0x3A, 0xED,
    0x6B, 0xCB, 0xD1, 0x0B, 0x2A, 0xA0, 0x4B, 0xED, 0xE6, 0x4E, 0xCA, 0x4A, 0x14, 0x46, 0xFA, 0xD5,
    0x37, 0xD4, 0x4A, 0x78, 0xE9, 0x5D, 0x35, 0xA1, 0xD5, 0x61, 0xA2, 0x1D, 0x54, 0xDF, 0x6F, 0x11,
    0xA9, 0x79, 0xD7, 0xC4, 0xE2, 0x61, 0x79, 0xCD, 0xA7, 0x85, 0xAB, 0x82, 0xF9, 0xBA, 0xED, 0x25,
    0x1A, 0x09, 0xF6, 0xF9, 0x99, 0xCA, 0x94, 0x27, 0xC4, 0xEA, 0xB3, 0x43, 0x08, 0x21, 0x8A, 0xB1,
    0xF7, 0xB0, 0xFD, 0x4B, 0x6D, 0x61, 0xE5, 0xF0, 0x1A, 0x76, 0x33, 0x5E, 0xE6, 0xB2, 0x9D, 0x8C,
    0x56, 0xE9, 0xC7, 0xF8, 0x3D, 0x31, 0x50, 0xD6, 0xB0, 0xB3, 0x93, 0x82, 0xB6, 0x84, 0xFE, 0xB6,
    0xB9, 0xFD, 0x64, 0xF2, 0xF7, 0xC5, 0x93, 0x3B, 0x57, 0x59, 0xAC, 0xCC, 0x7F, 0xCA, 0x70, 0xCC,
    0x7E, 0xC9, 0x03, 0x1A, 0x7E, 0xC6, 0x7B, 0xE2, 0xFF, 0xB8, 0x91, 0xE0, 0xA3, 0x68, 0x10, 0x8E,
    0x1E, 0x7C, 0x0F, 0x19, 0xEB, 0x6F, 0xB2, 0x78, 0x4B, 0x9E, 0x08, 0xAA, 0x07, 0x4C, 0x7A, 0x32,
    0x20, 0xAF, 0x73, 0x83, 0xE8, 0xE4, 0x1A, 0xF3, 0x0F, 0x3D, 0x7C, 0x0B, 0x7C, 0x77, 0x42, 0x0D,
    0xBC, 0x63, 0x97, 0x2E, 0x69, 0x57, 0x29, 0x0A, 0x3E, 0xD0, 0xDA, 0x1E, 0x2F, 0xC4, 0x86, 0xC1,
    0x98, 0x85, 0x46, 0x58, 0x86, 0x99, 0x0E, 0x2C, 0x23, 0xB1, 0x21, 0x1E, 0xB8, 0xFC, 0x85, 0x02,
    0xC6, 0xDB, 0x8D, 0x58, 0x25, 0xCF, 0x86, 0x62, 0xE0, 0x9A, 0x60, 0x5F, 0xB6, 0x23, 0x55, 0x6D,
    0x97, 0xBD, 0x3E, 0x64, 0x19, 0xAB, 0xE4, 0xF6, 0xB4, 0xE7, 0x7A, 0xE1, 0x58, 0x06, 0xF2, 0xCC,
    0xB7, 0x2C, 0x33, 0x63, 0x49, 0x25, 0xFE, 0x56, 0x25, 0x8F, 0x89, 0x94, 0x65, 0x60, 0x50, 0xC5,
    0x1D, 0xCB, 0xB8, 0x0E, 0x69, 0x98, 0x23, 0x6C, 0xF7, 0xD8, 0xD9, 0x40, 0x4B, 0xE9, 0xD2, 0x42,
    0x29, 0xC6, 0x61, 0xDB, 0x87, 0x03, 0xCF, 0x52, 0x76, 0x6D, 0xD7, 0x45, 0x0D, 0xE6, 0x4A, 0xB5,
    0xEC, 0x5F, 0xF2, 0x1A, 0x6B, 0xC3, 0x1E, 0xA6, 0x61, 0x17, 0x53, 0x7C, 0x4C, 0x72, 0x32, 0x39,
    0x7C, 0xCA, 0x52, 0x2D, 0xF3, 0xDF, 0x7B, 0xD9, 0x6C, 0xB0, 0xFC, 0xDF, 0xE1, 0x95, 0x37, 0x4C,
    0x1B, 0xDC, 0x63, 0xEE, 0xDD, 0x2C, 0x94, 0x5D, 0x02, 0x58, 0x3A, 0x3F, 0xC0, 0xDC, 0x08, 0x0E,
    0x00, 0x14, 0x8D, 0x29, 0x13, 0xB3, 0x1B, 0x10, 0xCF, 0x64, 0x09, 0x67, 0x4B, 0x1B, 0xCE, 0xE0,
    0x56, 0xE6, 0xD1, 0x41, 0x02, 0xFD, 0x34, 0xEA, 0x82, 0xAF, 0xA1, 0xE5, 0x90, 0x0B, 0x30, 0x96,
    0x97, 0x88, 0xEB, 0xC8, 0x34, 0x41, 0xAF, 0xFD, 0x78, 0xE9, 0xA3, 0xBD, 0xA6, 0x5E, 0x0B, 0x0A,
    0x0F, 0xD1, 0x3A, 0xDF, 0x86, 0xEB, 0x10, 0xAF, 0xD3, 0x89, 0x18, 0xA7, 0x54, 0x8A, 0x6D, 0xC9,
    0x96, 0x88, 0x70, 0x88, 0x4B, 0x11, 0x02, 0xE9, 0xEB, 0xBB, 0xBA, 0x15, 0x6A, 0xCE, 0x5D, 0x16,
    0xA9, 0x35, 0xF6, 0x5A, 0xB5, 0x35, 0xA4, 0x72, 0xB3, 0x71, 0xFD, 0xE6, 0xA9, 0x04, 0x86, 0x64,
    0x0B, 0x02, 0x19, 0x54, 0xCD, 0x8F, 0x81, 0xA2, 0x91, 0xE9, 0xD4, 0xC6, 0x59, 0x12, 0xF6, 0xD4,
    0x07, 0xB4, 0x40, 0x15, 0xD2, 0x38, 0x97, 0xBD, 0x2D, 0x4D, 0x73, 0x49, 0xDB, 0xDB, 0x0A, 0x9F,
    0xC4, 0x0F, 0xD7, 0x8D, 0x25, 0x55, 0xD4, 0xB2, 0x00, 0x3A, 0x75, 0x66, 0x97, 0x24, 0xD0, 0x53,
    0x86, 0x45, 0xD0, 0x55, 0xC8, 0x20, 0x94, 0xB7, 0x98, 0x25, 0xA4, 0xD0, 0x06, 0xC4, 0x90, 0x20,
    0x56, 0xBD, 0x5D, 0x48, 0x22, 0x11, 0x45, 0x22, 0x8B, 0x0C, 0x84, 0x91, 0x64, 0x6C, 0x25, 0x65,
    0x2B, 0x39, 0x5B, 0x9B, 0xB4, 0xBD, 0xD7, 0x73, 0x7B, 0x92, 0xF2, 0x03, 0x9E, 0xDB, 0x73, 0xA7,
    0x00, 0x0C, 0x03, 0x6E, 0x93, 0x5E, 0xC0, 0xCD, 0xD8, 0xB9, 0x3D, 0xED, 0x01, 0x2D, 0xB5, 0x9D,
    0x81, 0x37, 0xDB, 0x1F, 0x53, 0xF3, 0xAB, 0xFD, 0x6D, 0xB3, 0xDD, 0xBB, 0xB0, 0xAB, 0xAA, 0xBA,
    0x67, 0xB5, 0xF8, 0x15, 0xD7, 0xE2, 0x97, 0x23, 0x92, 0x9E, 0xE5, 0x67, 0x8C, 0xFF, 0xF5, 0xBB,
    0xAC, 0x26, 0x1D, 0xC4, 0x10, 0x84, 0x12, 0xC8, 0x52, 0x29, 0x1D, 0x2D, 0xC0, 0xF6, 0x11, 0x6A,
    0xF8, 0xC9, 0x99, 0x49, 0x8F, 0x1E, 0x4E, 0xF5, 0x28, 0xE2, 0x78, 0x6F, 0x4B, 0x1E, 0x1D, 0x50,
    0x45, 0x9F, 0x2E, 0xFA, 0x1B, 0xD3, 0xDF, 0x9A, 0xFE, 0xE6, 0xF4, 0xB7, 0xA7, 0x4F, 0x21, 0x3D,
    0x1A, 0xE9, 0x53, 0x49, 0x9F, 0x4E, 0xFA, 0x94, 0xD2, 0xA7, 0x95, 0x3E, 0xB5, 0xF4, 0xE9, 0xA5,
    0x4F, 0x31, 0x77, 0x0F, 0x5A, 0xDB, 0x81, 0xD6, 0x4D, 0x7D, 0xEA, 0xD3, 0xCF, 0xCA, 0xE4, 0xA7,
    0x6E, 0x4A, 0x31, 0x19, 0xBA, 0x1C, 0x30, 0x6D, 0xDB, 0x0A, 0x3B, 0x1F, 0x4C, 0xB1, 0xF7, 0x24,
    0xC0, 0x52, 0x2E, 0x44, 0x29, 0xB0, 0xFF, 0x9E, 0x11, 0x0A, 0x30, 0x42, 0x03, 0x36, 0x82, 0x05,
    0x3A, 0x30, 0x42, 0x09, 0x46, 0x68, 0xC1, 0x08, 0x35, 0x60, 0x1A, 0x58, 0x75, 0x85, 0xAD, 0xE6,
    0xF0, 0x6F, 0x4B, 0xDE, 0x72, 0xC4, 0x9F, 0x47, 0x52, 0xA5, 0xA3, 0x3D, 0x1A, 0xC6, 0x75, 0xE5,
    0x1A, 0x37, 0xB6, 0xA9, 0xB0, 0xD5, 0x68, 0x93, 0xB7, 0x5D, 0x57, 0x8C, 0xB8, 0xB5, 0x7E, 0xE3,
    0xE2, 0x0E, 0x40, 0xEC, 0xC2, 0x0C, 0x07, 0x59, 0xC0, 0x6F, 0xD2, 0x9D, 0x8D, 0xAA, 0xCE, 0x35,
    0x9E, 0x3A, 0x84, 0x25, 0x6E, 0x9A, 0x06, 0x2C, 0xFE, 0xA8, 0x3A, 0x76, 0x41, 0xAD, 0xE3, 0xF8,
    0x7A, 0x6B, 0x9B, 0x4B, 0xE3, 0x39, 0x9E, 0x37, 0x11, 0xE4, 0xC4, 0xA5, 0x1B, 0xA9, 0xC1, 0xF7,
    0xD4, 0x99, 0x1A, 0x3C, 0xA8, 0x54, 0xA1, 0xD1, 0x64, 0xBD, 0xD1, 0xBC, 0xBD, 0x42, 0x13, 0xD7,
    0x0E, 0x1A, 0xDA, 0x14, 0x78, 0x03, 0x73, 0x58, 0xF3, 0x16, 0x1A, 0x69, 0x04, 0x95, 0xF6, 0xFE,
    0x12, 0x92, 0x1B, 0xC7, 0xF2, 0xE4, 0x30, 0x40, 0x12, 0x8D, 0x03, 0x54, 0xC6, 0x9B, 0x60, 0x04,
    0xF1, 0xC4, 0x8E, 0x1A, 0x69, 0x60, 0x86, 0x70, 0x43, 0x4A, 0xCF, 0xAD, 0x0B, 0x3A, 0xB7, 0x2E,
    0xEC, 0xDC, 0xBA, 0x2E, 0xFA, 0xDE, 0x85, 0xDF, 0xBB, 0xA4, 0xBA, 0xDF, 0x74, 0x9D, 0xF7, 0xFD,
    0x09, 0x1E, 0xEF, 0xED, 0xAB, 0x6B, 0xF7, 0x84, 0xBA, 0x58, 0x3E, 0xA3, 0xFF, 0x85, 0xEE, 0xCC,
    0x1D, 0x30, 0xC6, 0x48, 0x0F, 0x8C, 0x41, 0x17, 0xCC, 0xC3, 0x86, 0xFB, 0x60, 0xDE, 0xA0, 0x7D,
    0xFB, 0x8B, 0x32, 0xFE, 0xE6, 0xBB, 0xE8, 0x85, 0xD9, 0x22, 0x42, 0x78, 0x97, 0xA3, 0xE7, 0x3C,
    0xB8, 0x38, 0x2B, 0x63, 0xEE, 0x9F, 0x9F, 0x70, 0x26, 0x83, 0xFD, 0xE1, 0x24, 0x27, 0x7D, 0x37,
    0xE7, 0x82, 0xC9, 0x12, 0x7D, 0x7B, 0x19, 0xDB, 0x9D, 0xDB, 0x92, 0xDD, 0xE0, 0x7A, 0xDD, 0x98,
    0xB5, 0xFC, 0x09, 0x7A, 0xBC, 0x5A, 0xCC, 0x3A, 0x0D, 0x40, 0xED, 0x64, 0x75, 0xCD, 0x25, 0x08,
    0xAF, 0x2E, 0x90, 0x14, 0xF3, 0x18, 0x04, 0x13, 0xBC, 0x1C, 0x71, 0xB7, 0x68, 0x7A, 0x04, 0x9F,
    0x96, 0x81, 0x4B, 0x41, 0xBB, 0x52, 0xFF, 0xF6, 0x15, 0x49, 0x9D, 0x9E, 0xD5, 0x38, 0x24, 0xDB,
    0xB3, 0xB9, 0xA4, 0x92, 0x78, 0x7E, 0xC8, 0x52, 0x1E, 0x20, 0x59, 0x5E, 0xCD, 0x30, 0x1D, 0x81,
    0xD9, 0xC2, 0x65, 0x45, 0x3A, 0x2B, 0x51, 0x0A, 0xE6, 0x8E, 0x8A, 0xD8, 0xE6, 0x21, 0x7F, 0x64,
    0x3B, 0xFA, 0xCB, 0xCB, 0xE8, 0x49, 0x8F, 0xA7, 0xA1, 0xB4, 0xA7, 0xF3, 0x86, 0x93, 0xAE, 0x5E,
    0xE0, 0x0A, 0x3B, 0xA0, 0x16, 0x9F, 0x1F, 0xD7, 0xA8, 0x92, 0x2B, 0x2D, 0x9C, 0x3E, 0x3F, 0x41,
    0x78, 0xBA, 0x44, 0x3D, 0x3D, 0x7B, 0xAD, 0x59, 0x91, 0x60, 0xA0, 0x4E, 0x5A, 0xD2, 0x75, 0x8B,
    0xA9, 0x59, 0xBC, 0x9D, 0xB0, 0xA6, 0xDB, 0x4F, 0xAF, 0x18, 0x6F, 0x11, 0xD6, 0x29, 0x9B, 0xEC,
    0xE3, 0x1F, 0xB4, 0xEF, 0xED, 0x99, 0x2E, 0x59, 0x60, 0xD6, 0x0E, 0xBF, 0xEA, 0xBC, 0x3B, 0x0F,
    0x45, 0x99, 0xFF, 0x7D, 0xC9, 0x52, 0x77, 0x4B, 0x50, 0x1A, 0x89, 0x99, 0x1F, 0x72, 0xB9, 0x7E,
    0xF6, 0x3C, 0xB9, 0x7D, 0xF3, 0xB0, 0xDC, 0x23, 0x8F, 0x7A, 0xDA, 0x84, 0xD3, 0xA0, 0x6C, 0xE8,
    0x2F, 0xFC, 0x12, 0x17, 0x3B, 0x71, 0x11, 0x93, 0xDF, 0x56, 0x6C, 0x9C, 0xC8, 0x9E, 0x29, 0x67,
    0x75, 0x7C, 0xFD, 0xFA, 0x0F, 0x4B, 0x09, 0x85, 0x3F, 0x2C, 0x33, 0x54, 0x3F, 0x02, 0xA3, 0xB8,
    0xCE, 0xCA, 0x09, 0x46, 0xA3, 0xBE, 0x12, 0xB5, 0x74, 0x37, 0x37, 0x5D, 0x73, 0x9E, 0x7B, 0x94,
    0x38, 0xF3, 0x2F, 0x48, 0x34, 0x61, 0x71, 0x52, 0xE0, 0x95, 0xEF, 0x59, 0xA7, 0x1A, 0xA2, 0x0D,
    0x82, 0x6C, 0x93, 0x61, 0x98, 0x87, 0xB9, 0xD6, 0xD3, 0x0E, 0x83, 0xBE, 0x99, 0x0B, 0xE5, 0x35,
    0x2E, 0xF2, 0xDB, 0x7F, 0xE1, 0xB2, 0x68, 0x56, 0xD7, 0x12, 0xB7, 0x6B, 0xEC, 0x77, 0x9F, 0x70,
    0xF0, 0xBA, 0xAF, 0x19, 0xAD, 0x2B, 0x50, 0x39, 0xF7, 0x59, 0x84, 0x4B, 0x63, 0xFB, 0x2D, 0x6C,
    0xB7, 0x0F, 0x5C, 0xFE, 0x1A, 0x4D, 0x1B, 0x93, 0x0B, 0xCE, 0x14, 0xD0, 0x51, 0x4B, 0xA4, 0x2B,
    0x26, 0x83, 0x27, 0xA8, 0x40, 0xD3, 0xD9, 0xF9, 0xD7, 0xFA, 0xFD, 0x3B, 0x6A, 0x04, 0xA9, 0x05,
    0xA4, 0x1A, 0xE7, 0x83, 0xE9, 0x2A, 0x2B, 0xA4, 0xAB, 0x2C, 0xD3, 0xAE, 0xB2, 0x85, 0x76, 0x95,
    0xFD, 0xA3, 0x76, 0x95, 0x29, 0xE5, 0xB9, 0xC1, 0x64, 0xB3, 0x83, 0xA3, 0x05, 0xE1, 0x74, 0x18,
    0xCD, 0xD2, 0x5C, 0x61, 0x58, 0xF5, 0x7B, 0x3C, 0x50, 0xBE, 0xC3, 0x79, 0xC0, 0xAC, 0x9D, 0x79,
    0x38, 0x5B, 0x06, 0xCC, 0xA0, 0xA7, 0xC1, 0x45, 0x53, 0x51, 0x6B, 0x62, 0x2D, 0x8C, 0x84, 0xF9,
    0x40, 0x97, 0x35, 0x2A, 0xCC, 0xC3, 0x59, 0x28, 0xB1, 0x90, 0x27, 0x24, 0x94, 0x7F, 0x5A, 0xA8,
    0x5F, 0x7C, 0x6C, 0x35, 0x71, 0xDA, 0x41, 0x02, 0x65, 0x78, 0x96, 0xD2, 0xEC, 0x36, 0xE4, 0x52,
    0xEE, 0xCF, 0x2A, 0x68, 0x11, 0x62, 0x28, 0x22, 0x4B, 0x47, 0x31, 0xF4, 0x26, 0x1F, 0x1C, 0xCD,
    0x78, 0x84, 0x46, 0x32, 0x27, 0x39, 0x4B, 0x18, 0x7E, 0xE2, 0x65, 0x64, 0xA6, 0x02, 0x4E, 0xE0,
    0x07, 0x95, 0x57, 0x72, 0xB3, 0x03, 0x1F, 0x3B, 0x13, 0xF2, 0x13, 0x5D, 0xB5, 0x40, 0x8D, 0x3C,
    0xD6, 0x15, 0x7E, 0xE1, 0xF4, 0x36, 0x3B, 0xE2, 0x18, 0x46, 0x03, 0x82, 0xF3, 0x87, 0x69, 0x95,
    0x70, 0xB5, 0x88, 0x7F, 0x60, 0xA2, 0x6E, 0x3B, 0x8F, 0x53, 0x9A, 0xFF, 0xEB, 0x5F, 0x25, 0x82,
    0x43, 0x29, 0x05, 0x0B, 0xED, 0x20, 0x8D, 0xFB, 0x83, 0x60, 0x92, 0x94, 0xAD, 0x0C, 0xA0, 0xAB,
    0xB8, 0xAF, 0x8D, 0x20, 0xFF, 0x83, 0x0B, 0x5C, 0xD7, 0x8F, 0x5E, 0xF1, 0x00, 0xC5, 0xE6, 0x21,
    0xB0, 0x23, 0x13, 0xD9, 0x8F, 0xE3, 0xF5, 0x34, 0x5E, 0xAF, 0x18, 0x2D, 0xC8, 0x30, 0xF1, 0x1B,
    0xC0, 0xE0, 0x9B, 0x28, 0xF9, 0x7C, 0xAB, 0xAB, 0x23, 0x8F, 0x56, 0x6B, 0xC7, 0x33, 0x39, 0x8D,
    0x4E, 0xA2, 0xE8, 0xD9, 0xBE, 0x54, 0x41, 0xD3, 0x4B, 0x18, 0xF4, 0x23, 0x9A, 0x52, 0xE8, 0xA4,
    0xC8, 0xF9, 0x78, 0x4D, 0xA1, 0xAB, 0x56, 0xA7, 0xD0, 0xB9, 0xC8, 0xBE, 0xB3, 0xFA, 0x5C, 0xC1,
    0x85, 0x0B, 0xE4, 0xBB, 0x30, 0xBE, 0x0B, 0xE2, 0xC7, 0xFB, 0x62, 0xF9, 0xC7, 0xEF, 0x63, 0xE3,
    0x62, 0xD5, 0x6B, 0x5C, 0x2C, 0xB8, 0xAC, 0x8E, 0x6E, 0xFC, 0x39, 0x63, 0x2E, 0x9B, 0xD5, 0xCA,
    0x89, 0xED, 0xD5, 0x6D, 0x97, 0xB5, 0x08, 0xD6, 0xE6, 0x07, 0x75, 0x29, 0x6C, 0xA0, 0xD3, 0xFD,
    0x39, 0xEF, 0x39, 0xF1, 0x17, 0x5E, 0x67, 0xC4, 0x4C, 0x9E, 0x6E, 0xB9, 0xE9, 0x8E, 0xEB, 0x88,
    0x39, 0x1B, 0xC5, 0x87, 0x63, 0xF9, 0x15, 0xB7, 0x71, 0xC1, 0xC6, 0xE2, 0x29, 0x1B, 0x91, 0x54,
    0xEB, 0x12, 0xCA, 0x0E, 0x8B, 0xD6, 0xC2, 0x73, 0xE2, 0xD2, 0xF2, 0x0E, 0x58, 0x06, 0x7F, 0x80,
    0xFA, 0x12, 0x5A, 0x75, 0x4A, 0x6D, 0xEC, 0xF4, 0xDA, 0x9E, 0x5B, 0xF7, 0xC2, 0x69, 0xB7, 0xC6,
    0x2A, 0x38, 0xF1, 0x37, 0x16, 0x76, 0x6B, 0xE4, 0x34, 0xC0, 0xDA, 0xFE, 0x01, 0xBB, 0x2C, 0x87,
    0xA1, 0xAE, 0x00, 0x50, 0x3B, 0x00, 0x2A, 0x9B, 0x8A, 0x58, 0x01, 0x20, 0x73, 0xFC, 0xCC, 0x46,
    0xD4, 0x61, 0x11, 0x0B, 0x8D, 0x1B, 0xBC, 0xE5, 0x3C, 0x81, 0x2E, 0xEB, 0xD3, 0xB9, 0x04, 0x5D,
    0x39, 0x4E, 0x97, 0xE7, 0xE9, 0x4A, 0x68, 0xE3, 0x62, 0x7F, 0x92, 0xA7, 0x7B, 0xF7, 0x29, 0xFB,
    0x4D, 0x26, 0xE7, 0x4B, 0xCF, 0xC3, 0x86, 0x86, 0x09, 0x82, 0x3A, 0xCA, 0x93, 0x8F, 0x5C, 0x30,
    0x83, 0x53, 0x4E, 0xEE, 0x53, 0x1D, 0xCE, 0x55, 0xD4, 0xE1, 0x54, 0xA8, 0xC3, 0x29, 0xBB, 0x3A,
    0x9C, 0x3F, 0x2C, 0x3A, 0x4F, 0x20, 0xE9, 0x11, 0xE4, 0x66, 0x57, 0x5D, 0x24, 0x42, 0x44, 0xE4,
    0x4F, 0x17, 0x60, 0xF8, 0xF5, 0x9B, 0x28, 0xB8, 0xD4, 0xD8, 0xEF, 0x4C, 0xD4, 0x02, 0xBA, 0x73,
    0xF2, 0x64, 0x58, 0xF8, 0x53, 0x0E, 0x9E, 0x30, 0x68, 0x0F, 0xDD, 0x18, 0xB8, 0x49, 0x0F, 0xDD,
    0x9F, 0x9E, 0x5D, 0xAC, 0x9E, 0x5D, 0xB0, 0x2F, 0x5F, 0xB1, 0x16, 0xD8, 0x6A, 0xF5, 0x82, 0xEB,
    0x16, 0x6B, 0x7A, 0x75, 0x14, 0xD8, 0x0E, 0x8F, 0x5E, 0x65, 0x74, 0x4C, 0x5B, 0xF0, 0x86, 0x78,
    0x3C, 0x10, 0x6D, 0xA9, 0xD6, 0xBF, 0x96, 0xD0, 0xE3, 0x5B, 0x92, 0x15, 0xAA, 0x81, 0xF2, 0x99,
    0x61, 0x26, 0xE7, 0x52, 0xC7, 0xA9, 0x9C, 0x70, 0xE3, 0x97, 0xD2, 0xFC, 0x15, 0x60, 0xDE, 0x41,
    0xD0, 0x84, 0x39, 0x86, 0x6B, 0xB6, 0x5F, 0x94, 0x87, 0x8D, 0x5B, 0x0F, 0xCA, 0x90, 0x3C, 0x24,
    0x11, 0x66, 0xE7, 0x5F, 0x16, 0xDC, 0x8F, 0x14, 0xF9, 0xA7, 0x15, 0xFB, 0x2F, 0xB8, 0xB3, 0x55,
    0x04, 0xFF, 0x95, 0xEA, 0x5E, 0x77, 0xCE, 0xA2, 0xB3, 0xC7, 0x6C, 0x29, 0x8A, 0x1A, 0x60, 0xBA,
    0x25, 0x9E, 0x1E, 0xEF, 0xA8, 0xF3, 0x71, 0xAD, 0x0F, 0x7D, 0x88, 0x99, 0x85, 0xA7, 0x12, 0x11,
    0xCE, 0x83, 0x2A, 0x5E, 0x10, 0x56, 0x46, 0xCD, 0x93, 0x71, 0x79, 0x71, 0x7E, 0x35, 0xCD, 0x3F,
    0x5F, 0xD7, 0x9C, 0x54, 0xAF, 0x97, 0x26, 0xFA, 0xD1, 0x75, 0x52, 0xC8, 0xBF, 0x5C, 0x10, 0xE3,
    0xB4, 0x7F, 0xC7, 0x5D, 0x45, 0x3C, 0x43, 0x28, 0xFE, 0x02, 0xF7, 0xCB, 0xD1, 0x67, 0xCD, 0x91,
    0xF8, 0xA5, 0xD2, 0xAC, 0xA5, 0x89, 0x35, 0xEC, 0x51, 0x87, 0x72, 0x4C, 0x36, 0xF6, 0x21, 0xD1,
    0xF1, 0x5A, 0x94, 0x53, 0xEC, 0x2F, 0xC6, 0xB8, 0x0B, 0x33, 0xDE, 0x1D, 0x14, 0x88, 0xF0, 0x9A,
    0x1C, 0x14, 0xD8, 0x35, 0x32, 0x64, 0x52, 0x3A, 0x66, 0x0F, 0x0A, 0x94, 0xD2, 0xB1, 0xCC, 0x1D,
    0xF3, 0x14, 0xD6, 0x6E, 0xA2, 0xA0, 0xCC, 0x12, 0xD4, 0x29, 0x82, 0x3A, 0x9D, 0x50, 0x4F, 0x24,
    0x5E, 0x3D, 0x28, 0xB0, 0x92, 0x83, 0x02, 0xF3, 0x3B, 0x68, 0x71, 0x12, 0x61, 0x16, 0x1D, 0x68,
    0xBD, 0xDD, 0xCF, 0x16, 0x27, 0x7E, 0xF6, 0xB1, 0x1B, 0x38, 0x48, 0x06, 0x3A, 0x99, 0x3C, 0x94,
    0xF4, 0x6D, 0xD2, 0x70, 0x59, 0x2E, 0x33, 0x3B, 0x47, 0x08, 0xB6, 0x07, 0xB3, 0x11, 0xEC, 0x10,
    0x9F, 0xAC, 0x3B, 0x8C, 0x20, 0x6C, 0x46, 0xA0, 0xE6, 0xA0, 0x79, 0x1C, 0xFB, 0x11, 0x34, 0xD1,
    0x17, 0x10, 0x29, 0x23, 0xC5, 0x7E, 0x83, 0x7B, 0x27, 0x6A, 0x94, 0xD7, 0xB0, 0xA1, 0x97, 0xAE,
    0x56, 0x2F, 0x15, 0xA6, 0xEF, 0x0D, 0x5B, 0x77, 0x78, 0xDF, 0x55, 0xCF, 0x4B, 0xEA, 0x2A, 0xE3,
    0x0B, 0xC9, 0x51, 0xE0, 0x3E, 0x35, 0x42, 0x4F, 0xC0, 0x1E, 0x0A, 0xE0, 0xA6, 0x42, 0x10, 0xE0,
    0x06, 0xF2, 0x5A, 0x24, 0x15, 0xD6, 0xEA, 0xF1, 0xCC, 0x7A, 0x32, 0x0A, 0x11, 0xD3, 0x49, 0x36,
    0x6D, 0xF7, 0xD8, 0x7F, 0x6D, 0xBC, 0x59, 0x54, 0xCE, 0x82, 0x69, 0x5C, 0xD4, 0x71, 0x91, 0x99,
    0x2B, 0x29, 0x09, 0x88, 0x8D, 0xCD, 0xB3, 0x05, 0x7D, 0xA0, 0x52, 0xCE, 0xF4, 0xBB, 0x5E, 0xAF,
    0xFE, 0x0B, 0x27, 0x80, 0x42, 0x4E, 0x90, 0xA2, 0xF4, 0x90, 0x3F, 0x73, 0xAC, 0xB0, 0x86, 0xC7,
    0x21, 0x15, 0x7C, 0x9A, 0x3D, 0xCF, 0x65, 0x8D, 0xAD, 0xAE, 0x65, 0x24, 0xE9, 0x11, 0x17, 0xFD,
    0x79, 0x6C, 0x59, 0x20, 0xAC, 0xC6, 0xD5, 0x37, 0x29, 0x9A, 0x16, 0xC6, 0x8A, 0xF6, 0x88, 0xD0,
    0x1E, 0x59, 0xB4, 0x97, 0x7D, 0xB4, 0xAF, 0x2B, 0xDA, 0x3F, 0x6D, 0xD1, 0xFE, 0x75, 0x8B, 0x76,
    0x1D, 0x11, 0x0F, 0xB4, 0x2F, 0xEF, 0x11, 0xDA, 0xD7, 0x3A, 0xB4, 0xA7, 0x8A, 0x76, 0xA0, 0xBA,
    0x12, 0x25, 0x9F, 0x0C, 0xD0, 0x9E, 0x3B, 0xB4, 0xEB, 0x9D, 0x9E, 0x1D, 0x48, 0x69, 0xB3, 0xEA,
    0x12, 0xD6, 0xC3, 0xAB, 0x9F, 0x3F, 0x00, 0xD6, 0x65, 0xDC, 0x25, 0x53, 0x19, 0xE3, 0x94, 0xA1,
    0xAB, 0xF5, 0x37, 0x0F, 0x6E, 0xEF, 0x7C, 0xC8, 0xC8, 0x7E, 0x1A, 0x6C, 0xA8, 0xC1, 0x8E, 0x1A,
    0x6C, 0xA9, 0xC1, 0x9E, 0xCA, 0xA6, 0xCA, 0xAE, 0xEA, 0xB6, 0xDE, 0xAA, 0x8B, 0xD3, 0xBD, 0x62,
    0x41, 0x6C, 0x6C, 0xCA, 0xF6, 0xDA, 0xB1, 0xE0, 0x45, 0x07, 0xFF, 0x60, 0x30, 0x9A, 0x08, 0xD3,
    0x5E, 0x1E, 0xF9, 0xC3, 0x74, 0xFE, 0xF2, 0xB0, 0x26, 0x86, 0xC8, 0xE9, 0xD1, 0xAE, 0x13, 0xC9,
    0x56, 0xEE, 0x77, 0x95, 0xE3, 0xDC, 0x05, 0x62, 0x8D, 0xA8, 0x60, 0xD9, 0x25, 0x65, 0xF6, 0x15,
    0x8F, 0x7F, 0x72, 0x9C, 0xD4, 0xBF, 0xEC, 0x38, 0x29, 0xCE, 0x55, 0xE5, 0xA2, 0xA5, 0xA4, 0x88,
    0x94, 0xDC, 0x37, 0xF9, 0xBD, 0x54, 0x34, 0xA8, 0xF9, 0xEB, 0x75, 0x41, 0xEC, 0x61, 0x69, 0xF8,
    0x87, 0x73, 0x40, 0xDB, 0xAF, 0xAE, 0xF6, 0x45, 0xEC, 0x80, 0xC9, 0xA5, 0xC9, 0x4C, 0x98, 0xC5,
    0xB7, 0xFC, 0x32, 0x31, 0xEE, 0xB4, 0x5F, 0x7B, 0x82, 0xAF, 0xA4, 0x26, 0x0A, 0xE1, 0x1D, 0x9B,
    0x94, 0xE0, 0xDF, 0x79, 0x93, 0xED, 0xAC, 0x38, 0xFE, 0xBC, 0x9E, 0xFD, 0x00, 0x56, 0x9A, 0x28,
    0x37, 0x2D, 0x95, 0xA1, 0x1A, 0xE1, 0x29, 0x57, 0x50, 0x5B, 0x9B, 0x7E, 0x04, 0x5F, 0x9D, 0x8F,
    0x28, 0x8F, 0xD5, 0xF8, 0x10, 0x12, 0x8E, 0x6F, 0xA8, 0x4D, 0x62, 0x8B, 0xFB, 0x9F, 0x3B, 0xA0,
    0x3F, 0x78, 0x73, 0xA5, 0xF6, 0xE5, 0x17, 0x5D, 0xED, 0x8B, 0x6D, 0xA1, 0x0D, 0xDF, 0xE1, 0x4E,
    0xA9, 0x92, 0x23, 0x30, 0x7C, 0x6E, 0x65, 0x82, 0x6A, 0x1E, 0x7E, 0xE1, 0x43, 0x68, 0x70, 0xFA,
    0x8C, 0x64, 0x2E, 0x4F, 0x48, 0x30, 0x4D, 0x2C, 0x88, 0xDC, 0x1A, 0xB5, 0x1B, 0xD6, 0xEF, 0x84,
    0x28, 0x00, 0xF7, 0x25, 0x36, 0x3C, 0x81, 0x28, 0x9B, 0xE5, 0xA7, 0x0F, 0xE1, 0xD1, 0x45, 0x53,
    0x8D, 0x75, 0xDE, 0xA3, 0xA3, 0x8B, 0x70, 0x52, 0xB8, 0x1C, 0x5D, 0x34, 0x5B, 0x3D, 0xBA, 0x28,
    0xB3, 0xAC, 0xE6, 0x4A, 0x4C, 0x9D, 0x77, 0x35, 0x5F, 0x95, 0xA5, 0x4E, 0x4C, 0x5A, 0xD4, 0x75,
    0x6A, 0xFD, 0x51, 0xD3, 0x0B, 0x95, 0xDF, 0xEB, 0xF9, 0x77, 0x29, 0xE6, 0xDF, 0x35, 0x98, 0x7F,
    0x37, 0xC7, 0xFC, 0xBB, 0x17, 0x30, 0xFF, 0xAE, 0xEA, 0x12, 0xE0, 0x71, 0xB1, 0x5A, 0xCE, 0xDE,
    0x74, 0xD6, 0x31, 0x34, 0x7F, 0x38, 0xDF, 0xD7, 0x07, 0xF4, 0xB1, 0x2A, 0x4B, 0x08, 0xBB, 0xB2,
    0x84, 0xA9, 0x4D, 0x2C, 0xE3, 0xFB, 0x93, 0x56, 0x87, 0xA3, 0x23, 0xA9, 0x7C, 0xE0, 0x09, 0xB7,
    0xDB, 0xFB, 0xEA, 0x13, 0xA6, 0x56, 0x7B, 0x7A, 0x73, 0x5B, 0x81, 0xE0, 0xB5, 0xCF, 0xDB, 0x4F,
    0x4D, 0x1C, 0xAE, 0xDD, 0x09, 0x1B, 0x47, 0x35, 0x4F, 0x40, 0x74, 0x99, 0x70, 0x60, 0xC7, 0x7C,
    0xBB, 0x61, 0x3E, 0x2D, 0x67, 0x6C, 0x9B, 0xFB, 0xCC, 0xC9, 0x9A, 0x7A, 0x96, 0xCC, 0x73, 0xFC,
    0xCE, 0x6B, 0xB5, 0xD1, 0xB1, 0xB1, 0x69, 0x1E, 0x4A, 0xD6, 0xB9, 0xB4, 0x99, 0xEB, 0x1D, 0xB0,
    0xF8, 0xBE, 0xAF, 0x06, 0xF8, 0xAA, 0x9F, 0xFB, 0xBD, 0xB6, 0x77, 0x5B, 0x99, 0xD6, 0x91, 0xED,
    0x6A, 0x59, 0xF3, 0x9A, 0x1C, 0x64, 0x22, 0xC7, 0x98, 0x88, 0x21, 0x37, 0x33, 0x1F, 0x6F, 0x5A,
    0x39, 0xA8, 0x84, 0x65, 0x2C, 0xA7, 0x11, 0xF5, 0x4B, 0x58, 0x0E, 0x05, 0x2E, 0x92, 0x1A, 0xB8,
    0x1D, 0xEF, 0x32, 0x18, 0x5D, 0xD6, 0x3A, 0x75, 0xC8, 0xDC, 0xDA, 0x5F, 0xDF, 0xD2, 0x55, 0xB5,
    0xE8, 0x49, 0xE9, 0xF7, 0xA2, 0x84, 0xE5, 0x38, 0x7F, 0xE1, 0x1A, 0x17, 0x2C, 0xD4, 0x5C, 0xAE,
    0x30, 0x75, 0x25, 0x2C, 0xAE, 0x7A, 0x65, 0xDB, 0x92, 0x73, 0x30, 0xB3, 0xB6, 0x25, 0x4B, 0x59,
    0xD4, 0xB4, 0xB9, 0x4E, 0xAF, 0x0F, 0x3C, 0xBE, 0x14, 0xDF, 0x65, 0x7C, 0x49, 0xC2, 0x86, 0x41,
    0xDB, 0x3F, 0xB1, 0x82, 0x0C, 0xA6, 0xBC, 0xAB, 0xFC, 0xB4, 0x37, 0x2E, 0xFA, 0x01, 0xC2, 0x64,
    0x20, 0xCE, 0x47, 0xC3, 0xB6, 0xD0, 0x43, 0xC6, 0x46, 0x98, 0x0C, 0x42, 0x4C, 0x06, 0x31, 0x26,
    0x09, 0x32, 0x49, 0x94, 0x49, 0xC2, 0x4C, 0x12, 0x67, 0x92, 0x40, 0x93, 0x44, 0x9A, 0x24, 0xD4,
    0x64, 0x63, 0x4D, 0x96, 0xF3, 0x38, 0xDA, 0xB4, 0x86, 0x70, 0xD3, 0x93, 0x88, 0x37, 0x5D, 0x84,
    0x11, 0x3B, 0x65, 0x6B, 0x21, 0x28, 0xBF, 0xDC, 0xF1, 0x6C, 0xD1, 0x85, 0xBF, 0xD2, 0xD5, 0x16,
    0x3D, 0x8D, 0xAF, 0xE3, 0x23, 0x27, 0x5C, 0x11, 0xC0, 0x87, 0xE6, 0xFC, 0x3D, 0xC9, 0xE6, 0xC9,
    0xF9, 0x7B, 0x52, 0xFA, 0xF7, 0xC1, 0x9E, 0xBF, 0x57, 0x9A, 0xF7, 0x3F, 0x7F, 0x0F, 0x2D, 0x81,
    0xF6, 0xFC, 0xBD, 0xDC, 0x9D, 0xBF, 0x67, 0xAB, 0x23, 0x86, 0x5C, 0xDE, 0x15, 0x2B, 0xAD, 0xD4,
    0xA7, 0xF4, 0x78, 0xBD, 0xCF, 0xED, 0x3D, 0x7E, 0xEF, 0x73, 0xFC, 0x80, 0xE7, 0xF3, 0xFB, 0x3E,
    0xC6, 0xB6, 0x96, 0x31, 0xB6, 0x25, 0xC6, 0xD8, 0xB6, 0x05, 0xC6, 0xD8, 0xFE, 0x52, 0xC6, 0xD8,
    0x3E, 0x33, 0x88, 0xAF, 0x0E, 0x12, 0x74, 0xE1, 0x80, 0x23, 0xC7, 0xFD, 0xF0, 0x7C, 0xD6, 0x9B,
    0xF9, 0x6A, 0x1E, 0xC9, 0x51, 0x24, 0x20, 0xAD, 0x44, 0xFA, 0xC9, 0x5D, 0xDB, 0x11, 0x29, 0xE9,
    0x4A, 0x8C, 0xCB, 0xAA, 0xBA, 0x1E, 0x28, 0x3B, 0x73, 0xDB, 0x4E, 0x55, 0xD3, 0x8A, 0x7C, 0xFB,
    0x51, 0x3B, 0xAC, 0x3B, 0x2E, 0x4F, 0x10, 0x3B, 0x90, 0xE9, 0xF9, 0x74, 0x65, 0x32, 0xDA, 0xAC,
    0x31, 0x21, 0x79, 0xD2, 0x08, 0xB9, 0x76, 0x31, 0x02, 0x1B, 0x5E, 0x08, 0x1A, 0x19, 0x1C, 0xC6,
    0x6F, 0x1E, 0xB4, 0x41, 0x42, 0x3D, 0x56, 0x6B, 0xA6, 0x89, 0x74, 0xAF, 0x9D, 0xE8, 0x9E, 0x8D,
    0xF7, 0x1D, 0xB1, 0x62, 0x8F, 0xA4, 0xEF, 0xB2, 0x07, 0xD6, 0x29, 0x76, 0x29, 0x34, 0x7B, 0x2C,
    0xBD, 0x3B, 0x97, 0xDE, 0x1D, 0x4C, 0x6F, 0x4F, 0xA6, 0x77, 0x47, 0xD3, 0xBB, 0xB3, 0xE9, 0xDD,
    0xE1, 0xF4, 0xEE, 0x74, 0x7A, 0x7B, 0x3C, 0xBD, 0x3B, 0x9F, 0xDE, 0x1D, 0x50, 0xEF, 0x4E, 0xA8,
    0x77, 0x47, 0xD4, 0xDB, 0x33, 0xEA, 0xDD, 0x21, 0xF5, 0x9D, 0x59, 0x6C, 0x8F, 0xA9, 0x77, 0xE7,
    0xD4, 0xDB, 0x83, 0xEA, 0xDD, 0x49, 0xF5, 0x5D, 0x95, 0xB8, 0x9E, 0x55, 0xEF, 0x0E, 0xAB, 0x77,
    0xA7, 0xD5, 0xF7, 0xCF, 0x85, 0xBA, 0xFB, 0xC1, 0x3E, 0xC0, 0x2E, 0x4F, 0xB3, 0x97, 0x71, 0xF6,
    0x32, 0xCF, 0x5E, 0x06, 0xDA, 0x63, 0xA2, 0xBD, 0x8C, 0xB4, 0x97, 0x99, 0xF6, 0x32, 0xD4, 0x1E,
    0x53, 0xED, 0x65, 0xAC, 0xBD, 0xCC, 0xB5, 0x97, 0xC1, 0xF6, 0x32, 0xD9, 0xDE, 0x60, 0xB4, 0xBD,
    0xC1, 0x6C, 0x7B, 0x83, 0xE1, 0xF6, 0x06, 0xD3, 0xED, 0x07, 0xE3, 0xED, 0x73, 0x9D, 0x3C, 0x46,
    0x42, 0xC3, 0xB6, 0xE7, 0x69, 0x84, 0x38, 0xAA, 0x6D, 0x8C, 0x78, 0xEA, 0x57, 0x9F, 0x6C, 0xEE,
    0x70, 0x73, 0xCD, 0x55, 0x1F, 0xE1, 0x5C, 0xC9, 0x2B, 0xB0, 0xF4, 0x0C, 0x66, 0x80, 0xEB, 0xA0,
    0x19, 0x85, 0x1F, 0xD8, 0xE6, 0xD2, 0xCF, 0x7F, 0xD4, 0x5D, 0x91, 0x73, 0xD8, 0xF9, 0xE7, 0x5F,
    0xB7, 0xBF, 0x38, 0x33, 0xB1, 0x9B, 0x55, 0x4A, 0xE1, 0x10, 0xAD, 0x96, 0x64, 0xE4, 0x11, 0x79,
    0xFB, 0x04, 0xA1, 0x4A, 0x67, 0x24, 0x8C, 0x26, 0xAE, 0xB5, 0xBB, 0x5E, 0x76, 0xC5, 0xC2, 0x2E,
    0xAB, 0x18, 0x3D, 0xED, 0xDE, 0x9E, 0xEA, 0xC4, 0xFA, 0x16, 0x89, 0x3C, 0x55, 0xA7, 0xAC, 0xB0,
    0xAE, 0x28, 0x15, 0x45, 0xB5, 0x4D, 0xB8, 0xBF, 0x73, 0xF9, 0x86, 0x16, 0xCA, 0x66, 0x5D, 0x9D,
    0xEC, 0x35, 0xB2, 0xD6, 0x22, 0xBB, 0x7F, 0x59, 0xAE, 0x27, 0xFB, 0xA1, 0x5A, 0xCE, 0xBA, 0x8B,
    0xB6, 0x63, 0x77, 0xB3, 0xF3, 0x2F, 0xE7, 0xCE, 0x74, 0xF1, 0xC5, 0x69, 0x7D, 0x50, 0x9C, 0x78,
    0x56, 0x86, 0xEB, 0xA2, 0xDC, 0x19, 0xB0, 0x17, 0x25, 0xCC, 0x44, 0xEE, 0x1B, 0x7F, 0x8C, 0xA3,
    0x99, 0x67, 0x97, 0x97, 0x2E, 0x23, 0x97, 0xBE, 0x88, 0x14, 0x86, 0xA3, 0xA2, 0x40, 0x6C, 0xBB,
    0xEE, 0xC3, 0x12, 0x7D, 0x60, 0x90, 0x27, 0x6F, 0xB0, 0x42, 0x68, 0x39, 0x7B, 0xB8, 0xB1, 0x85,
    0xF3, 0x25, 0x66, 0xC1, 0x94, 0x47, 0x6E, 0xB1, 0x19, 0x13, 0xFC, 0x88, 0xEE, 0x3F, 0x8A, 0xD8,
    0x2E, 0xE0, 0xD2, 0x29, 0xCE, 0x5C, 0x32, 0xAF, 0x73, 0x79, 0x1E, 0xED, 0x25, 0x62, 0x24, 0xF9,
    0xB8, 0xF0, 0x69, 0xC3, 0xDA, 0xF2, 0x08, 0x6D, 0xD8, 0x5B, 0xE5, 0x88, 0x36, 0x2C, 0x26, 0x7B,
    0x8D, 0x37, 0xAC, 0xE4, 0x0D, 0xFB, 0xBD, 0xBE, 0xAB, 0xAC, 0x82, 0x97, 0x40, 0x3D, 0xDE, 0x09,
    0x5D, 0x4C, 0x0D, 0xE5, 0x0D, 0x93, 0x44, 0x55, 0x5F, 0xDC, 0xF2, 0xFE, 0x3C, 0xA2, 0x98, 0x94,
    0x3E, 0x90, 0xF3, 0x62, 0xD6, 0x9D, 0x94, 0xCC, 0xCC, 0xBA, 0x58, 0x77, 0xEB, 0xE2, 0x39, 0xAC,
    0xDD, 0x7A, 0x6A, 0x80, 0x27, 0x96, 0xBE, 0xD4, 0x75, 0xC0, 0x7C, 0x4B, 0xDF, 0x81, 0x0F, 0x96,
    0xDD, 0x80, 0x05, 0x98, 0x49, 0xC4, 0x76, 0x2C, 0x97, 0x3D, 0xCC, 0x06, 0x55, 0xE4, 0x7B, 0xB7,
    0xAA, 0xE0, 0xF2, 0x44, 0xC5, 0x07, 0xB9, 0x9C, 0x86, 0x22, 0x76, 0x52, 0x8A, 0x20, 0x1F, 0xB9,
    0xF7, 0x80, 0x79, 0x0E, 0x23, 0x81, 0x5D, 0x3C, 0xDA, 0xF7, 0x67, 0xF9, 0x5B, 0x15, 0x52, 0x77,
    0x3C, 0x0C, 0xB3, 0xD0, 0xD1, 0x08, 0x93, 0xE1, 0x80, 0xE5, 0xFB, 0x3C, 0xF4, 0x13, 0x09, 0x1D,
    0x46, 0xF6, 0x65, 0x9C, 0x5B, 0x53, 0x60, 0x04, 0x82, 0x18, 0xE8, 0xBC, 0x18, 0xFA, 0x17, 0x8B,
    0xCB, 0x93, 0xC8, 0x76, 0xAD, 0x9B, 0x83, 0xCE, 0xD5, 0xB9, 0xD5, 0x65, 0x78, 0x10, 0x8F, 0x4B,
    0xC7, 0xC9, 0xA8, 0xA7, 0x3A, 0x81, 0x9B, 0x56, 0x65, 0x72, 0xC0, 0x94, 0x1C, 0x5A, 0x53, 0x20,
    0xAA, 0x32, 0x81, 0xA3, 0xA5, 0x8D, 0x36, 0xA1, 0xCC, 0xFA, 0x48, 0xA6, 0xB0, 0xF4, 0x5B, 0x14,
    0x9F, 0x3C, 0xD6, 0x9D, 0x40, 0xD4, 0x3B, 0x65, 0x07, 0x4C, 0xCE, 0x73, 0x32, 0x36, 0xE9, 0x3B,
    0x57, 0x48, 0xC8, 0x63, 0x0E, 0xAF, 0x37, 0x1F, 0xDA, 0x07, 0x64, 0xCA, 0x25, 0xEF, 0x96, 0xFE,
    0x2C, 0xCE, 0x39, 0xF4, 0xBF, 0xC9, 0x55, 0xA1, 0xEC, 0x13, 0x13, 0x23, 0x65, 0x7B, 0x76, 0x3E,
    0xA6, 0x3D, 0x33, 0x69, 0x01, 0xE6, 0x23, 0x17, 0x47, 0x6B, 0xA8, 0x96, 0x62, 0x98, 0x5D, 0xEB,
    0x6D, 0xD0, 0x47, 0x07, 0x81, 0x2C, 0xE7, 0xFD, 0x06, 0x93, 0x2F, 0x88, 0x82, 0x45, 0xC8, 0x1F,
    0x24, 0xE3, 0xD7, 0x6C, 0x41, 0x12, 0x46, 0x92, 0x30, 0xAE, 0x81, 0x6C, 0xC1, 0xB6, 0x9C, 0x23,
    0xD5, 0xAB, 0x34, 0xAB, 0xB5, 0xB8, 0x95, 0x70, 0x6E, 0x18, 0xE9, 0x06, 0x09, 0x17, 0x46, 0x3B,
    0xF0, 0x0E, 0xC4, 0x03, 0xF3, 0x16, 0xF5, 0xA6, 0x3B, 0x32, 0x10, 0xBA, 0xCA, 0x95, 0x75, 0x27,
    0x55, 0xEC, 0xDE, 0x4E, 0x6D, 0x27, 0x02, 0xC9, 0xCA, 0xB0, 0xF8, 0x24, 0xED, 0x70, 0x4F, 0xD3,
    0x0E, 0x5E, 0x25, 0x1A, 0x29, 0x98, 0xC9, 0x83, 0xA2, 0x19, 0x1A, 0xDC, 0xD8, 0xA8, 0x13, 0xA5,
    0x95, 0x1F, 0x32, 0xB7, 0xF9, 0xF9, 0xF0, 0xA6, 0x1D, 0x0E, 0x41, 0x36, 0x32, 0x4E, 0x27, 0x39,
    0x7A, 0xBF, 0xC0, 0x1F, 0x1B, 0xBD, 0x64, 0xEB, 0x87, 0xBE, 0xFD, 0x79, 0x09, 0x96, 0x95, 0x3C,
    0x35, 0xF9, 0xC5, 0x85, 0x6C, 0x4A, 0xC4, 0x73, 0x0B, 0xA2, 0x8A, 0x48, 0xE4, 0xC0, 0xBD, 0xE9,
    0xA6, 0x1C, 0x9F, 0xA5, 0xDB, 0x5F, 0xEB, 0x4D, 0x39, 0xAE, 0x6C, 0xDC, 0x60, 0xD7, 0xE8, 0xB8,
    0x8A, 0xCD, 0xD6, 0x81, 0x9C, 0xB8, 0x12, 0x03, 0x52, 0xF0, 0x7C, 0x3E, 0x0E, 0x0E, 0xC8, 0xC1,
    0x09, 0x39, 0x38, 0xAD, 0x42, 0xCF, 0xC8, 0x51, 0x53, 0x27, 0x90, 0x24, 0x7E, 0x70, 0xE3, 0xD2,
    0x6B, 0xB0, 0xE2, 0xA0, 0x1B, 0x89, 0x19, 0x98, 0x76, 0x8E, 0x48, 0xC8, 0xEF, 0xB8, 0x95, 0x64,
    0xEA, 0x0B, 0x6B, 0x08, 0x7D, 0xD9, 0x57, 0xD2, 0x42, 0x6A, 0x66, 0xFC, 0xFF, 0x72, 0x69, 0xCF,
    0x98, 0xF5, 0xDD, 0x47, 0x6F, 0x58, 0xEE, 0xAE, 0x19, 0xEA, 0xCC, 0x5D, 0x9E, 0x92, 0xD8, 0xE2,
    0x53, 0xF2, 0x91, 0x73, 0x72, 0xEF, 0x6B, 0x22, 0x40, 0x1B, 0x41, 0xFB, 0x52, 0x1E, 0x31, 0x29,
    0x3D, 0xB1, 0x7C, 0xE5, 0x01, 0xC7, 0x74, 0xB0, 0x7B, 0xF8, 0x32, 0xAB, 0xFA, 0x71, 0xFB, 0x47,
    0xC4, 0x38, 0x7F, 0xCF, 0xCB, 0x89, 0x60, 0xDD, 0xC7, 0xB8, 0x4B, 0x82, 0xA5, 0x26, 0x38, 0xB8,
    0x79, 0x4D, 0xAD, 0xC9, 0x73, 0x1D, 0x06, 0x44, 0x0E, 0xC9, 0xFF, 0x3E, 0x3F, 0x17, 0xE8, 0xF9,
    0x7F, 0xFD, 0x64, 0x32, 0xED, 0x0A, 0xFD, 0x65, 0x24, 0x48, 0xD0, 0x7F, 0xED, 0xCF, 0x08, 0xEE,
    0x8D, 0x1A, 0x4E, 0x7A, 0xFE, 0xF5, 0x0C, 0x09, 0x10, 0x0E, 0x2A, 0x16, 0x28, 0x7E, 0x41, 0x94,
    0x26, 0x69, 0xF7, 0xCB, 0xE6, 0xC8, 0x49, 0x9A, 0x48, 0x5B, 0x21, 0x0E, 0xCE, 0x87, 0x7F, 0xB4,
    0xA7, 0x7A, 0xB9, 0xC3, 0xE9, 0xDF, 0x67, 0xAA, 0xD7, 0xAC, 0x6B, 0x12, 0xCB, 0x57, 0x5A, 0xC4,
    0x44, 0xB7, 0xC0, 0x91, 0x88, 0x0F, 0x3A, 0x54, 0xF5, 0x3E, 0xD7, 0xFD, 0xDD, 0xE6, 0x48, 0xA6,
    0x81, 0x7E, 0xEC, 0xD4, 0x63, 0xEC, 0xB4, 0x23, 0x29, 0x47, 0x4B, 0x03, 0xC5, 0xAA, 0x6E, 0xFC,
    0x64, 0xE7, 0xDF, 0x6F, 0xE7, 0xFD, 0x12, 0xD3, 0xAC, 0x2A, 0xDE, 0xB2, 0xB8, 0x92, 0xB3, 0x15,
    0xF9, 0x86, 0xBE, 0xAB, 0x08, 0xFD, 0xC0, 0xF7, 0x5F, 0x8D, 0xD3, 0x3D, 0xC1, 0x8F, 0x0C, 0x4F,
    0x34, 0x62, 0xA3, 0x92, 0x98, 0x1A, 0xF5, 0x80, 0xBB, 0xF7, 0x23, 0x3E, 0xA1, 0x12, 0xEA, 0xB1,
    0x5C, 0xE0, 0xA1, 0x25, 0x15, 0x0A, 0x82, 0xD2, 0xA9, 0x9E, 0x2A, 0x79, 0x7F, 0x46, 0x7C, 0x8E,
    0x58, 0x3D, 0x2E, 0x99, 0x40, 0xF1, 0xC2, 0xC3, 0x3D, 0x69, 0xD3, 0x8A, 0x5B, 0x18, 0xA7, 0x1C,
    0x5D, 0xE0, 0xC8, 0x26, 0x4F, 0x03, 0x45, 0x4B, 0x1D, 0x4E, 0x93, 0xC0, 0x59, 0x3A, 0x3C, 0x11,
    0xD4, 0x60, 0xF6, 0x2F, 0x9F, 0x81, 0xE5, 0x8E, 0xCE, 0xAB, 0x85, 0x18, 0x79, 0x2E, 0x28, 0x4E,
    0xA1, 0xC0, 0x64, 0x50, 0x8C, 0x06, 0xC5, 0x6C, 0x50, 0xE7, 0x2F, 0xDD, 0x37, 0x8C, 0x8A, 0x49,
    0x3F, 0x91, 0x9C, 0xFA, 0xAF, 0x02, 0xA3, 0xEF, 0x33, 0x34, 0xF5, 0x9D, 0x4B, 0x32, 0x34, 0xF5,
    0x4E, 0x0E, 0x09, 0xFB, 0x50, 0x90, 0xE4, 0xAF, 0x1C, 0x81, 0xF7, 0x98, 0x24, 0x09, 0xE1, 0xEC,
    0xAB, 0xDC, 0x3D, 0x49, 0x6A, 0x31, 0xA1, 0x18, 0xB6, 0x5C, 0x8F, 0x59, 0x3A, 0x0F, 0x70, 0x60,
    0xDB, 0x7E, 0x94, 0x8E, 0xD4, 0x3D, 0xC8, 0x57, 0xCD, 0x6F, 0xE7, 0xAB, 0xF2, 0x71, 0x37, 0x38,
    0xEF, 0x46, 0x0F, 0xBC, 0x19, 0xB6, 0x1C, 0xF2, 0xA1, 0x37, 0x38, 0xF5, 0x46, 0x8E, 0xBD, 0x59,
    0x2D, 0xDC, 0x4E, 0x0D, 0xCE, 0xBE, 0xC1, 0xE1, 0x37, 0x38, 0xFD, 0x46, 0x8E, 0xBF, 0xE9, 0xFD,
    0x24, 0xDA, 0x47, 0x6C, 0xCB, 0x9E, 0xF7, 0xDB, 0xDF, 0x4C, 0x1B, 0x13, 0x94, 0x79, 0x37, 0x38,
    0xE8, 0x02, 0x93, 0x3C, 0x5B, 0x85, 0x61, 0xA2, 0x25, 0x82, 0x19, 0xAA, 0x62, 0xB0, 0x23, 0xD0,
    0xDC, 0xB4, 0x87, 0xB1, 0x26, 0x77, 0xD7, 0x55, 0xDD, 0x9E, 0x56, 0x55, 0xAC, 0xA7, 0x97, 0xFB,
    0xA5, 0x06, 0xB0, 0x0B, 0xF5, 0xD0, 0x34, 0x1E, 0xB5, 0xAE, 0x36, 0xB5, 0xA6, 0x31, 0xE6, 0xDA,
    0x0E, 0xB8, 0x28, 0xD5, 0x8E, 0x2E, 0x86, 0xB1, 0xEC, 0xE6, 0xE0, 0x8A, 0x4B, 0x5F, 0x17, 0x23,
    0x63, 0xCB, 0xBE, 0xAD, 0xC7, 0x5C, 0x4C, 0xD4, 0x28, 0x1F, 0xEB, 0x5A, 0xB3, 0xC5, 0x4A, 0xED,
    0x82, 0x0B, 0x90, 0x33, 0x52, 0xFC, 0xB6, 0x2D, 0x6E, 0xE7, 0x2E, 0xFE, 0xDA, 0x9E, 0x27, 0x77,
    0x48, 0xE7, 0x08, 0xA4, 0x85, 0x3D, 0x23, 0x5E, 0x3D, 0x42, 0xE1, 0x40, 0x3E, 0x00, 0xE3, 0x63,
    0x4D, 0x03, 0x77, 0x9D, 0x37, 0xF8, 0xF5, 0x3D, 0x59, 0xF0, 0x21, 0x5F, 0x96, 0x34, 0x7E, 0x46,
    0x90, 0xD6, 0x4A, 0x27, 0x5E, 0x30, 0x97, 0x0C, 0x4C, 0x38, 0xD5, 0xB2, 0x36, 0xCD, 0x2E, 0x7D,
    0x36, 0xC8, 0x3F, 0x91, 0x0E, 0x84, 0x7E, 0x99, 0xD6, 0x8D, 0xF1, 0x19, 0xA8, 0x74, 0x8B, 0xBF,
    0xCE, 0x68, 0x4B, 0x21, 0x73, 0x47, 0x70, 0xA4, 0xAF, 0x62, 0x47, 0x2F, 0x9C, 0xF8, 0x08, 0x50,
    0xC9, 0x9A, 0x98, 0x48, 0x63, 0x6B, 0x22, 0xC1, 0x44, 0x11, 0x33, 0xC4, 0x9C, 0x73, 0xA7, 0x30,
    0xFE, 0x3A, 0xB6, 0x68, 0xE9, 0x59, 0xEA, 0xFD, 0x12, 0x1A, 0xEB, 0xA1, 0x9E, 0xE3, 0x9A, 0xF7,
    0x45, 0xC0, 0x29, 0x90, 0x70, 0xC6, 0xED, 0xFC, 0x07, 0x9F, 0x6D, 0x76, 0xBF, 0x8F, 0x51, 0xBC,
    0xC7, 0xA3, 0x50, 0xFB, 0x68, 0xB2, 0x83, 0xAC, 0x8B, 0x7E, 0x4F, 0xC4, 0xBF, 0x70, 0x42, 0x2C,
    0x1E, 0x70, 0xB8, 0x7D, 0x2F, 0x37, 0xBD, 0x09, 0xB1, 0xB7, 0x6B, 0xFD, 0xDF, 0x19, 0x94, 0x8C,
    0x0C, 0x5B, 0xFF, 0x4B, 0x27, 0x65, 0xFE, 0xD9, 0x67, 0x9B, 0xA7, 0x28, 0x74, 0x61, 0xD9, 0xE4,
    0xBD, 0x3A, 0x52, 0x39, 0x30, 0x5B, 0x39, 0xDD, 0xB6, 0x90, 0xEF, 0x56, 0x07, 0x28, 0x48, 0x21,
    0xA3, 0xC4, 0x19, 0x46, 0xE3, 0x22, 0xEB, 0xDE, 0xE7, 0xDD, 0xFB, 0x53, 0x36, 0x43, 0x3B, 0x24,
    0x8D, 0x35, 0xF7, 0x9A, 0xC9, 0x24, 0x08, 0x9D, 0x26, 0x87, 0x20, 0xB0, 0x98, 0x5D, 0xCB, 0x1E,
    0xBA, 0x7B, 0x87, 0x70, 0xC9, 0x98, 0x17, 0xAF, 0x37, 0xA3, 0xFC, 0x56, 0x0D, 0x1D, 0x61, 0xEF,
    0x88, 0xAE, 0xC1, 0x41, 0x5D, 0xFB, 0xCE, 0xFE, 0x4A, 0xAE, 0xCF, 0x5D, 0xA7, 0x98, 0x24, 0x50,
    0x84, 0x43, 0xB2, 0x22, 0xAD, 0xED, 0xEE, 0x8C, 0x11, 0xAF, 0x1C, 0x6B, 0x71, 0x2D, 0xEF, 0xB8,
    0x95, 0x27, 0x5C, 0x2D, 0xD7, 0x58, 0xA0, 0x5A, 0x0B, 0xDA, 0x9C, 0xDF, 0x2B, 0x68, 0x08, 0x51,
    0x76, 0x91, 0xC1, 0xA5, 0x8D, 0x0C, 0xD6, 0x28, 0x06, 0xAD, 0x94, 0x00, 0x83, 0xB9, 0x05, 0x6D,
    0xCA, 0x54, 0xA3, 0x06, 0x88, 0x8C, 0x5C, 0x29, 0x41, 0x3C, 0x8B, 0x47, 0x16, 0x32, 0xD8, 0x0C,
    0x07, 0xFA, 0x5C, 0x90, 0x1A, 0x25, 0xCD, 0xE8, 0xAB, 0xB7, 0x46, 0x5A, 0xE4, 0x09, 0x49, 0x1D,
    0xA1, 0xAA, 0x9D, 0x05, 0x52, 0x5A, 0x8C, 0x55, 0x04, 0xDD, 0x32, 0xDC, 0xF5, 0xAB, 0x3D, 0xF8,
    0x92, 0x65, 0xC5, 0x23, 0xB9, 0xC4, 0xE2, 0x6C, 0x39, 0xFF, 0x2F, 0xCE, 0x8C, 0x2D, 0xEB, 0x25,
    0x96, 0xF9, 0x8E, 0x58, 0x61, 0xF5, 0x69, 0xCB, 0x80, 0x0F, 0x0E, 0x54, 0x98, 0x6B, 0x5D, 0x77,
    0x47, 0xE2, 0xB8, 0xA9, 0xFD, 0x2E, 0x9B, 0x1F, 0xCE, 0x56, 0x4A, 0xB5, 0x22, 0x9B, 0xB1, 0x7F,
    0x60, 0x72, 0x43, 0x9D, 0x3E, 0xDB, 0x2C, 0xE5, 0xBA, 0xA5, 0xBA, 0x3A, 0xF0, 0xF1, 0x6A, 0x81,
    0x88, 0x3B, 0x92, 0xC5, 0x73, 0x7D, 0xF3, 0xFB, 0x9E, 0x19, 0xAC, 0x3E, 0xD3, 0x74, 0x99, 0x2D,
    0xFB, 0x04, 0xA7, 0x47, 0x5C, 0x81, 0xB1, 0x72, 0xFF, 0x0B, 0x56, 0x23, 0xEF, 0x5A, 0x95, 0x3C,
    0xF9, 0x63, 0xFD, 0x6C, 0xB6, 0xE8, 0x72, 0x69, 0x83, 0x58, 0x55, 0x8A, 0xC9, 0x89, 0x3C, 0xD7,
    0x91, 0xB7, 0x3D, 0xC8, 0x53, 0xD7, 0x00, 0x60, 0xDB, 0x53, 0xCF, 0xFC, 0xFB, 0x19, 0x0A, 0x67,
    0xF9, 0xAC, 0xC7, 0x57, 0x34, 0xAD, 0xDC, 0x75, 0xB9, 0xCD, 0x88, 0x36, 0x82, 0xC6, 0xAB, 0xF5,
    0x7C, 0x1C, 0xF8, 0x92, 0xC7, 0xFE, 0x64, 0xDA, 0xCB, 0x14, 0xEC, 0xCB, 0x44, 0xDB, 0xE3, 0xD0,
    0x50, 0x6C, 0xBF, 0xC9, 0x3A, 0x14, 0x27, 0xDA, 0xF5, 0x0F, 0xB4, 0xFB, 0x30, 0x0F, 0x36, 0x50,
    0x04, 0x9E, 0xD3, 0x6D, 0xF0, 0x34, 0x0B, 0xD6, 0x1F, 0x6C, 0xA0, 0x62, 0x6F, 0xC3, 0x96, 0x18,
    0xCC, 0xBA, 0xE3, 0xC4, 0x7D, 0x3B, 0xD8, 0x00, 0x6F, 0x78, 0xB0, 0x01, 0x0C, 0x8A, 0x31, 0x09,
    0x53, 0xFC, 0x9F, 0xA3, 0xFD, 0xFA, 0xBE, 0xFD, 0x53, 0x0C, 0x5C, 0x93, 0x7A, 0xBA, 0x5A, 0x23,
    0xE8, 0xCE, 0x85, 0xB2, 0x93, 0x51, 0x5C, 0x25, 0xBA, 0xA3, 0xB2, 0xB3, 0xD5, 0xCA, 0xAA, 0x56,
    0x2A, 0x0B, 0xE4, 0xA4, 0x80, 0xB8, 0xE1, 0xD1, 0xAD, 0xA7, 0x9A, 0xE0, 0x87, 0x64, 0x3F, 0x6E,
    0x47, 0xA4, 0x48, 0x5F, 0xD8, 0x84, 0x71, 0x93, 0xC1, 0xB8, 0x49, 0xAB, 0x55, 0x11, 0x68, 0xDD,
    0x1D, 0x7E, 0x95, 0xD4, 0x1C, 0x4F, 0x39, 0x3C, 0x1C, 0x62, 0x52, 0xF6, 0xE3, 0x98, 0x94, 0x8D,
    0x53, 0xAB, 0xD2, 0x8A, 0x5F, 0x1F, 0xC8, 0x05, 0x52, 0xAF, 0x2F, 0x74, 0xA7, 0x5D, 0x37, 0x4C,
    0x9C, 0xDF, 0xBA, 0x54, 0x55, 0x56, 0x92, 0x5E, 0x18, 0x28, 0x04, 0x90, 0xCA, 0xB3, 0xA2, 0x07,
    0x5A, 0x39, 0x9D, 0xA0, 0xD2, 0x70, 0x74, 0xA6, 0x25, 0x9D, 0x4C, 0x21, 0xA9, 0xB6, 0x4A, 0x69,
    0xF4, 0xC9, 0x1A, 0xC5, 0x44, 0x21, 0x5A, 0x80, 0x1F, 0xA8, 0x39, 0x4C, 0x6F, 0x4E, 0x2A, 0x9E,
    0x66, 0x2F, 0x5A, 0x86, 0xB5, 0x38, 0x55, 0x53, 0x78, 0xAC, 0x03, 0xFB, 0xCD, 0x57, 0x2E, 0xB5,
    0x97, 0x5E, 0x19, 0xB2, 0x79, 0x60, 0x1B, 0x22, 0x63, 0xCB, 0xA8, 0x23, 0xAB, 0xEB, 0x2C, 0xA9,
    0x04, 0x53, 0xDB, 0x68, 0x5C, 0x28, 0xA9, 0x6C, 0x5A, 0x52, 0x69, 0x3A, 0x3D, 0x24, 0x42, 0x81,
    0xE7, 0xA4, 0xA3, 0x23, 0x90, 0x84, 0x37, 0xCE, 0x12, 0xE5, 0x36, 0x29, 0xD8, 0x2D, 0x6B, 0x5D,
    0xC3, 0xC8, 0x5D, 0xCE, 0xAE, 0x80, 0x11, 0x61, 0x63, 0x28, 0xFF, 0x9C, 0x43, 0xB7, 0xFF, 0x3F,
    0xED, 0x9C, 0x3F, 0x8C, 0x1C, 0xD5, 0x1D, 0xC7, 0x7F, 0x33, 0x73, 0x78, 0xE0, 0x06, 0x7B, 0xB6,
    0x20, 0x88, 0x20, 0xC3, 0xA6, 0x48, 0x61, 0x29, 0x67, 0x0F, 0x05, 0xC5, 0x15, 0x6B, 0xCF, 0x42,
    0x8A, 0x14, 0x14, 0x10, 0x89, 0xB4, 0x71, 0x4A, 0xA2, 0x48, 0x81, 0x82, 0xC2, 0xC5, 0xF9, 0x76,
    0x14, 0x2B, 0x4A, 0x81, 0x22, 0x51, 0x40, 0x1B, 0xB9, 0xA0, 0x48, 0x28, 0xC2, 0x25, 0x72, 0x41,
    0x71, 0xBE, 0x1D, 0x43, 0x11, 0x45, 0x89, 0x94, 0xB1, 0xA2, 0xA4, 0xA1, 0x60, 0x13, 0x22, 0x45,
    0x4A, 0xC3, 0x10, 0xAD, 0xA2, 0x01, 0xEF, 0xDD, 0xE4, 0xF7, 0xF7, 0xCD, 0xCC, 0xDE, 0x1A, 0x02,
    0xC1, 0x77, 0xC7, 0xDD, 0x9E, 0x75, 0xF3, 0xCE, 0x7B, 0xB3, 0xB3, 0xEF, 0xBD, 0xCF, 0xF7, 0xFD,
    0xDE, 0xEF, 0xF7, 0x7B, 0xEF, 0x1D, 0x40, 0xFB, 0x2B, 0x18, 0x4A, 0x19, 0xEB, 0xFF, 0x6B, 0x29,
    0x7C, 0x2D, 0xC3, 0x3D, 0x29, 0x4F, 0xDF, 0x94, 0x72, 0x7D, 0x26, 0x65, 0x29, 0xA5, 0x9F, 0x4B,
    0x19, 0x3E, 0x55, 0x71, 0x79, 0xC6, 0x9F, 0x72, 0x39, 0x08, 0x4A, 0x2E, 0xB7, 0xA4, 0xF4, 0x8A,
    0x90, 0xCB, 0x20, 0x8B, 0x26, 0xF2, 0x61, 0x71, 0x41, 0x65, 0x5A, 0xD7, 0x39, 0x95, 0x37, 0xBF,
    0xF7, 0x22, 0x95, 0x5E, 0x09, 0x7D, 0x2A, 0x83, 0x1C, 0x92, 0x8C, 0x6E, 0x1B, 0x42, 0x4A, 0xD5,
    0xBB, 0x84, 0x77, 0xD2, 0x6D, 0xF8, 0x59, 0x23, 0xFA, 0x35, 0x3E, 0x6B, 0x4C, 0xBF, 0x2E, 0xA4,
    0xBA, 0xA3, 0x9C, 0xAB, 0x1B, 0xD5, 0x53, 0x78, 0xB1, 0xCE, 0x60, 0x54, 0xCF, 0x82, 0xBA, 0xAE,
    0xA0, 0xC7, 0x35, 0xE8, 0xC1, 0xFE, 0x2F, 0xEF, 0x55, 0x29, 0xA3, 0x52, 0xDB, 0x3E, 0xD5, 0x52,
    0xFF, 0x1F, 0xE6, 0x76, 0xE7, 0x3A, 0x7E, 0x6F, 0x6E, 0x53, 0x77, 0xE0, 0x67, 0xC7, 0xEF, 0xE1,
    0x7D, 0x17, 0x7D, 0xBC, 0xA9, 0x0C, 0x26, 0x58, 0xC9, 0xB0, 0xA0, 0x86, 0xE4, 0x30, 0xA0, 0xDA,
    0x4E, 0xB1, 0x6A, 0x7E, 0xE9, 0xD5, 0xF8, 0xE6, 0xE0, 0x26, 0xC4, 0x59, 0xBC, 0x01, 0xFD, 0xE1,
    0xA0, 0xBA, 0x3F, 0xF5, 0x3E, 0x9A, 0xAE, 0xA5, 0xAF, 0xBC, 0xFB, 0x51, 0x39, 0xDA, 0x0B, 0xEA,
    0x3C, 0x9D, 0x06, 0x35, 0xAC, 0x0E, 0xE1, 0x7A, 0xBB, 0x3E, 0xA7, 0xE8, 0xC2, 0x2D, 0x4F, 0xF9,
    0x42, 0x6D, 0x5F, 0x6D, 0x7E, 0xFD, 0x90, 0x96, 0x91, 0x32, 0x81, 0x24, 0xCE, 0xE4, 0x87, 0xB5,
    0xC4, 0x5A, 0xB4, 0x6B, 0x38, 0xAD, 0xEA, 0x41, 0x36, 0xDF, 0x6A, 0x23, 0xED, 0x50, 0x1B, 0x6B,
    0x07, 0xDB, 0xD1, 0x76, 0xB8, 0x1D, 0x6F, 0x03, 0xEE, 0x88, 0x3B, 0xE4, 0x8E, 0xB9, 0x83, 0x6E,
    0xD4, 0x1D, 0x76, 0xC7, 0xDD, 0x81, 0x77, 0xE4, 0x0D, 0xBD, 0x63, 0xEF, 0xE0, 0x3B, 0xFA, 0x0E,
    0xBF, 0xF1, 0x77, 0x02, 0x70, 0x0A, 0x30, 0x09, 0x38, 0x0D, 0x38, 0x11, 0x74, 0x55, 0xC0, 0x45,
    0xC8, 0xEF, 0x48, 0x2E, 0xD3, 0x87, 0x9C, 0x95, 0x9E, 0xE4, 0x87, 0x49, 0x33, 0xA4, 0xDF, 0x5C,
    0x5F, 0xCD, 0x7F, 0x91, 0x20, 0x58, 0x11, 0x22, 0x09, 0xD1, 0x84, 0x88, 0x82, 0x55, 0x21, 0xB2,
    0x10, 0x5D, 0x88, 0x30, 0x58, 0x19, 0x22, 0x0D, 0xD1, 0x86, 0x88, 0x43, 0xD4, 0x01, 0x2C, 0x0F,
    0x60, 0x7D, 0x00, 0x0B, 0x04, 0x58, 0x21, 0xF3, 0x12, 0x71, 0x3F, 0x07, 0xC6, 0x03, 0x62, 0xED,
    0x7E, 0xE8, 0xA5, 0x5A, 0x59, 0x6F, 0x66, 0x62, 0x8F, 0x0D, 0x28, 0xF6, 0x83, 0xEA, 0x20, 0xA8,
    0xC2, 0x89, 0xFE, 0x32, 0x83, 0x2D, 0xB8, 0xAB, 0x38, 0x1A, 0x75, 0x38, 0x79, 0x34, 0xFA, 0x68,
    0x04, 0xD2, 0x28, 0xA4, 0x91, 0x88, 0xD3, 0x48, 0x23, 0x92, 0x46, 0x25, 0x8D, 0x4C, 0x1A, 0x9D,
    0x38, 0xA1, 0x34, 0x4A, 0x69, 0xA4, 0xD2, 0x68, 0xA5, 0x11, 0x8B, 0x53, 0x4B, 0x23, 0x97, 0x46,
    0x2F, 0x8D, 0x60, 0x1A, 0xC5, 0x38, 0xC9, 0x34, 0x9A, 0x69, 0x44, 0xE3, 0x54, 0xD3, 0xC8, 0xA6,
    0xD1, 0xCD, 0x62, 0xF3, 0x71, 0x91, 0xAF, 0x3B, 0xF6, 0x68, 0xE2, 0x4A, 0x95, 0xE1, 0x51, 0x17,
    0xBF, 0xC2, 0x75, 0xFD, 0x3D, 0x77, 0x1D, 0x9B, 0xB1, 0xBF, 0x17, 0x5C, 0x2B, 0x6A, 0xCF, 0x80,
    0xFB, 0xBC, 0xA7, 0xCF, 0x3B, 0x04, 0x15, 0x4D, 0xE6, 0x05, 0x84, 0x2D, 0xD7, 0xC6, 0xF5, 0x6F,
    0xD9, 0x6B, 0x97, 0xEB, 0x39, 0xD9, 0x38, 0xD5, 0x2C, 0x10, 0xCD, 0xD2, 0x9E, 0xE8, 0x53, 0xB9,
    0x77, 0xF4, 0x12, 0x65, 0x5C, 0x3D, 0x7C, 0x31, 0xB8, 0x86, 0x0F, 0xF3, 0x2E, 0x53, 0x3D, 0x47,
    0xF8, 0x7C, 0xAF, 0xC2, 0x4B, 0x50, 0xBC, 0x4C, 0x75, 0x3E, 0x07, 0xB0, 0x72, 0x60, 0xF3, 0x8B,
    0xE7, 0x46, 0x76, 0x6A, 0x43, 0x11, 0xAA, 0x6D, 0xB3, 0x1D, 0xC5, 0xCC, 0x6C, 0x87, 0x1B, 0x76,
    0x75, 0xDF, 0x89, 0xE0, 0xE7, 0x4B, 0xDB, 0xF1, 0x65, 0xD8, 0x0E, 0x7E, 0x70, 0x9F, 0x9B, 0x75,
    0x73, 0x93, 0xEB, 0xCE, 0x57, 0x9F, 0x6E, 0xF5, 0xB8, 0xA2, 0xF1, 0xF7, 0xB9, 0xAE, 0x7F, 0x3C,
    0x9A, 0xB6, 0xA3, 0x4B, 0x5B, 0xBB, 0x13, 0x9B, 0xEA, 0x66, 0x1B, 0x23, 0x96, 0xD6, 0xC6, 0xE9,
    0x25, 0xD7, 0x78, 0xAF, 0x99, 0xB1, 0x96, 0xB3, 0xD2, 0x97, 0xAD, 0xAC, 0x27, 0xC9, 0x53, 0xFC,
    0x6E, 0xC9, 0xB5, 0xA1, 0x0F, 0xAE, 0x6B, 0xB2, 0x3C, 0x05, 0x79, 0x8C, 0x7E, 0x5B, 0x7C, 0x01,
    0xD7, 0x39, 0xE6, 0x36, 0xA4, 0xDC, 0xA6, 0x6A, 0x8B, 0x5F, 0x5E, 0xE7, 0x26, 0xAD, 0x81, 0xB3,
    0x48, 0x87, 0xA3, 0xAF, 0xDE, 0xBC, 0x58, 0xE2, 0xE5, 0x4C, 0xF4, 0x79, 0x67, 0xA2, 0x85, 0x21,
    0x8E, 0x8B, 0x71, 0x5C, 0x90, 0xE3, 0xA2, 0x9C, 0x56, 0x98, 0x43, 0x33, 0x12, 0x00, 0x33, 0xA7,
    0x3E, 0x08, 0x29, 0x9A, 0x88, 0x7F, 0x4C, 0xD8, 0xCF, 0xE0, 0xE5, 0x06, 0x75, 0x6B, 0x11, 0xF2,
    0x63, 0x8F, 0x4C, 0x50, 0xE4, 0xE7, 0xF3, 0xCD, 0x49, 0xCD, 0xC5, 0xB1, 0x58, 0xA8, 0x18, 0x3E,
    0xA9, 0x84, 0x41, 0xEF, 0xA9, 0xC7, 0x13, 0x1B, 0xBB, 0x6A, 0x80, 0x4E, 0xFD, 0x72, 0x19, 0x26,
    0xDD, 0x45, 0x4C, 0xE2, 0x06, 0xC8, 0x23, 0xAF, 0x8A, 0xDB, 0xA0, 0x35, 0xA0, 0x67, 0xDF, 0xA2,
    0xCB, 0x4F, 0x42, 0xAE, 0x49, 0x9F, 0xA7, 0x03, 0xEE, 0x76, 0x99, 0x00, 0xEE, 0x3B, 0xEC, 0x90,
    0xE9, 0x31, 0x37, 0xD3, 0x58, 0x18, 0x9C, 0x9A, 0x4C, 0x7C, 0x43, 0x55, 0xAC, 0x2C, 0xE5, 0xF1,
    0x85, 0xE5, 0xD1, 0x77, 0xDA, 0x48, 0x5C, 0x67, 0xF0, 0x25, 0x44, 0x13, 0x11, 0x3C, 0x1D, 0x51,
    0x0D, 0x12, 0x52, 0x05, 0x7E, 0x9A, 0x57, 0x53, 0xFD, 0xBF, 0xD6, 0x55, 0xC4, 0xBD, 0x35, 0x20,
    0x0F, 0x39, 0x26, 0x6A, 0x26, 0xE2, 0x57, 0xF4, 0x87, 0x33, 0xB1, 0x19, 0x8E, 0x1D, 0x33, 0x95,
    0xA6, 0x8C, 0xA2, 0x58, 0x0A, 0xE2, 0x8B, 0xA7, 0x55, 0x22, 0x6E, 0x64, 0xCA, 0x72, 0x18, 0x24,
    0x8D, 0x21, 0x0E, 0xB8, 0x8A, 0x11, 0x37, 0xF2, 0x77, 0x01, 0xBB, 0x27, 0x31, 0x77, 0x0E, 0xDF,
    0xCF, 0x4E, 0x0D, 0xDC, 0x37, 0x3C, 0xFC, 0x14, 0xCB, 0x70, 0x7E, 0x66, 0xF1, 0xD9, 0x99, 0x12,
    0x47, 0xCC, 0x00, 0x26, 0x75, 0xD5, 0xF2, 0xBC, 0xE6, 0xBF, 0x0A, 0xF7, 0xAA, 0x53, 0x50, 0x23,
    0xA1, 0x46, 0x43, 0x0B, 0x44, 0xB4, 0x74, 0x75, 0x3F, 0xD3, 0xD5, 0x7D, 0xC2, 0xB9, 0xBA, 0x23,
    0xAA, 0x8C, 0xC7, 0xE1, 0x47, 0x90, 0x3D, 0xDF, 0x72, 0x75, 0xC9, 0x85, 0x3D, 0x03, 0x67, 0xB9,
    0xEA, 0x1B, 0xEC, 0x44, 0x96, 0x3C, 0x33, 0x15, 0x6D, 0x93, 0x70, 0xF8, 0x41, 0x94, 0x93, 0xC9,
    0xD2, 0xCE, 0x1C, 0xA4, 0x93, 0x2B, 0x0F, 0xD9, 0x82, 0x82, 0x19, 0xD3, 0xCB, 0x7B, 0x6F, 0xB1,
    0xE2, 0xB8, 0xD7, 0x92, 0xE9, 0x51, 0xC9, 0xF5, 0x3A, 0xE7, 0x57, 0x7B, 0x34, 0x95, 0x2B, 0x77,
    0xEA, 0x6A, 0x23, 0xF4, 0x87, 0x99, 0x02, 0x8D, 0x02, 0x0F, 0x7B, 0x6C, 0x53, 0xB2, 0xD8, 0xE7,
    0xA9, 0x55, 0xC0, 0xF1, 0xDC, 0x2E, 0x17, 0x14, 0x50, 0xAD, 0x38, 0xA7, 0x27, 0x98, 0xBA, 0xA1,
    0x28, 0xBD, 0xE6, 0x49, 0x54, 0x48, 0x5E, 0x3E, 0x4F, 0xB9, 0xD8, 0x0F, 0xFF, 0x1A, 0x93, 0x30,
    0xD2, 0x4F, 0xD8, 0x93, 0x4B, 0x81, 0x25, 0x3A, 0x92, 0x62, 0x47, 0x12, 0xD1, 0xBB, 0xED, 0x50,
    0xCD, 0x9E, 0x5C, 0xB9, 0x27, 0x7B, 0xC2, 0x03, 0xF5, 0x4A, 0x10, 0xD0, 0xF0, 0x27, 0x13, 0xF2,
    0x12, 0x3C, 0x7C, 0xA0, 0xBF, 0x2B, 0x75, 0xAE, 0x78, 0x34, 0xDE, 0xB7, 0x20, 0xC9, 0x7E, 0xBD,
    0xFD, 0xB4, 0x48, 0x0B, 0xAD, 0xB5, 0x48, 0x8F, 0xAA, 0x3C, 0x2E, 0x21, 0x2C, 0x2A, 0x7C, 0x68,
    0x05, 0xDB, 0xDE, 0xD4, 0x9B, 0x06, 0x93, 0x60, 0x92, 0x0C, 0xA3, 0xBF, 0x56, 0x10, 0x7F, 0x8C,
    0x9F, 0x35, 0x14, 0xC5, 0xD1, 0xF7, 0x26, 0x57, 0x7B, 0x05, 0xFB, 0x06, 0x7B, 0x1E, 0x6E, 0xE0,
    0xC7, 0x4F, 0xD0, 0x2C, 0x0C, 0xC1, 0x7F, 0xA3, 0x15, 0x4A, 0x0C, 0xB9, 0xF5, 0x90, 0xE8, 0xB7,
    0x8B, 0x32, 0x9E, 0x6F, 0x2F, 0xBB, 0x5C, 0xEA, 0x73, 0x75, 0xD7, 0xD3, 0x4E, 0xB3, 0xF3, 0x7D,
    0x8B, 0x2D, 0xC7, 0x89, 0xCD, 0x0A, 0x2F, 0x97, 0xE0, 0x8F, 0xFD, 0xCB, 0xD8, 0xD0, 0xC7, 0x38,
    0xC3, 0x39, 0xB2, 0xA5, 0x12, 0x6E, 0xBB, 0xBF, 0x80, 0x21, 0x07, 0x89, 0x88, 0x88, 0x19, 0x31,
    0x24, 0xA2, 0x04, 0x84, 0x09, 0x88, 0x13, 0x10, 0x28, 0x26, 0xC5, 0xA8, 0xC4, 0x3A, 0xF0, 0x65,
    0x13, 0x14, 0x17, 0xF3, 0x62, 0x60, 0x4C, 0x8C, 0x91, 0x75, 0x98, 0xC9, 0xD7, 0xCB, 0x92, 0x21,
    0x20, 0xE3, 0xE4, 0x89, 0x45, 0xD2, 0xAC, 0xD4, 0x6A, 0xFB, 0xAE, 0x63, 0x35, 0x5A, 0x70, 0xEA,
    0x58, 0x7D, 0xBD, 0xD4, 0x49, 0x90, 0xDA, 0x13, 0xFC, 0xE5, 0x05, 0xED, 0xF2, 0x83, 0xEB, 0xFD,
    0x75, 0x31, 0xA8, 0x5E, 0x2D, 0x6D, 0xE2, 0x7C, 0x01, 0xC4, 0x7B, 0x7D, 0xB6, 0xC7, 0xE3, 0xFA,
    0x35, 0x69, 0x63, 0x54, 0xE8, 0x3C, 0x50, 0xEE, 0x87, 0x61, 0x34, 0x1C, 0x0E, 0xE3, 0x61, 0x40,
    0x94, 0x88, 0x21, 0x71, 0x61, 0x9B, 0x42, 0x31, 0x2A, 0x86, 0xC5, 0xB8, 0x18, 0x18, 0x23, 0x63,
    0x68, 0x8C, 0x8D, 0xC1, 0x31, 0x3A, 0x96, 0x2C, 0xB0, 0xC4, 0x93, 0xFB, 0x98, 0x0A, 0xDA, 0x88,
    0x8C, 0x91, 0x41, 0x52, 0x4A, 0x86, 0xC9, 0x38, 0xED, 0x37, 0x6B, 0x17, 0x5C, 0xEF, 0x72, 0xCA,
    0x9D, 0xAA, 0xF2, 0x34, 0x76, 0x8B, 0xFF, 0x01, 0x0E, 0xA5, 0xF8, 0x3F, 0x16, 0x97, 0x56, 0x37,
    0x34, 0x17, 0x17, 0xB1, 0xF7, 0xC2, 0x0D, 0xBE, 0xC7, 0x1C, 0xFD, 0xCC, 0x26, 0xCC, 0x1E, 0x67,
    0x7C, 0xA4, 0xE1, 0x2F, 0x3E, 0xCB, 0x93, 0x21, 0x0E, 0xA6, 0xAC, 0x41, 0xD8, 0x21, 0x78, 0xBC,
    0xA6, 0x1E, 0x7F, 0x22, 0x01, 0x0A, 0xBF, 0x99, 0xE7, 0x75, 0xFC, 0xFE, 0x2D, 0x5E, 0xBE, 0x55,
    0x8A, 0x4B, 0xB0, 0xBD, 0x8E, 0xF7, 0x0C, 0x20, 0x1C, 0x3E, 0x28, 0x6D, 0xFF, 0xD2, 0x67, 0x9F,
    0xE7, 0x34, 0x9E, 0x56, 0xD7, 0xED, 0xAA, 0x4C, 0x2F, 0xBD, 0x97, 0x64, 0x85, 0x60, 0x26, 0x8D,
    0x8B, 0xF7, 0x22, 0x59, 0xA7, 0xAE, 0x7F, 0xB6, 0x1C, 0x5A, 0x36, 0x36, 0x80, 0x9D, 0xE6, 0xE0,
    0x03, 0xF6, 0xF1, 0xAF, 0xD1, 0xB5, 0xC7, 0xDE, 0xE9, 0xF6, 0x25, 0xFE, 0x30, 0x7A, 0x21, 0xDE,
    0xFD, 0x01, 0xD5, 0xEF, 0x71, 0xBA, 0xFB, 0x6D, 0x8E, 0x3A, 0x8B, 0xA0, 0x79, 0x80, 0x3E, 0x85,
    0x6E, 0xE4, 0x31, 0x26, 0x83, 0x8C, 0x47, 0x99, 0x0C, 0x33, 0x19, 0x67, 0x32, 0xD0, 0x64, 0xA4,
    0xC9, 0x50, 0x53, 0x7F, 0x56, 0xAE, 0x9B, 0xE0, 0x86, 0x9B, 0x8C, 0x37, 0x19, 0x70, 0x32, 0xE2,
    0x64, 0xC8, 0x2D, 0x98, 0xB9, 0xF0, 0x23, 0x33, 0xD9, 0x8C, 0x20, 0xE0, 0xFB, 0xBA, 0x86, 0x92,
    0xD6, 0xBA, 0x71, 0xA6, 0xD7, 0xED, 0xB4, 0x58, 0xF5, 0x31, 0x96, 0x00, 0xE1, 0xC4, 0x2B, 0xE0,
    0x34, 0x3E, 0xED, 0xB5, 0x0D, 0x0D, 0xF1, 0x78, 0xED, 0xA3, 0xA4, 0x04, 0x53, 0xD6, 0xB3, 0x84,
    0x4E, 0x48, 0x15, 0x4B, 0xE8, 0x83, 0x6E, 0x0E, 0xE8, 0xA5, 0x35, 0xF2, 0xD2, 0x4E, 0x1F, 0xDC,
    0x24, 0xD9, 0x6B, 0xB7, 0x58, 0xE9, 0x8D, 0x4F, 0x88, 0x55, 0xFD, 0x7C, 0x0E, 0x3D, 0x3C, 0x82,
    0xDF, 0x1B, 0xB2, 0x87, 0x29, 0xC0, 0xB6, 0xC6, 0xBF, 0xC0, 0x69, 0x13, 0x07, 0xEB, 0x15, 0xFC,
    0xA4, 0x09, 0x0E, 0xD7, 0xA1, 0x77, 0x80, 0x4E, 0xBF, 0x47, 0xF6, 0x38, 0xA1, 0x2E, 0xA8, 0x28,
    0xE7, 0x3D, 0xE1, 0xE5, 0x90, 0xD2, 0xA2, 0xEE, 0x33, 0x0D, 0xAF, 0x87, 0x88, 0xD6, 0x1E, 0x0D,
    0x60, 0x74, 0x7A, 0x48, 0xA5, 0xD2, 0x71, 0x0C, 0x84, 0x71, 0xF0, 0xBB, 0x38, 0x6E, 0xE6, 0x8C,
    0x23, 0xC7, 0x72, 0x1C, 0x19, 0xA7, 0x4E, 0x50, 0x63, 0x37, 0x46, 0x66, 0xD6, 0xFF, 0xDC, 0x51,
    0x77, 0x7F, 0x7F, 0x2E, 0xC1, 0x32, 0x9C, 0x22, 0xC5, 0x8D, 0x49, 0x2B, 0x3D, 0x59, 0xB8, 0xA3,
    0x0E, 0xAA, 0x0B, 0x08, 0xD1, 0x1A, 0x06, 0xDF, 0x2E, 0xE5, 0xF6, 0x1D, 0x9D, 0xCF, 0x5E, 0xDD,
    0xEF, 0x9E, 0xD3, 0xAF, 0xC7, 0x39, 0xFB, 0xF6, 0x7D, 0xD4, 0xC2, 0x37, 0x2F, 0xA9, 0x83, 0x52,
    0xC9, 0xE8, 0x09, 0x4A, 0xA1, 0x13, 0xE5, 0x14, 0xC1, 0x66, 0xD0, 0xF7, 0x31, 0x56, 0x45, 0x1C,
    0x23, 0xC4, 0x44, 0x03, 0x8E, 0x74, 0x7C, 0xEE, 0x68, 0x76, 0x44, 0x47, 0x78, 0x5C, 0x09, 0x16,
    0x1D, 0x67, 0x08, 0x54, 0x70, 0xE4, 0xFA, 0xD0, 0x4C, 0xD1, 0x9F, 0xC8, 0xD3, 0x56, 0xE7, 0x24,
    0x3B, 0x94, 0xCF, 0x4C, 0x70, 0x34, 0x51, 0x97, 0xBE, 0x9F, 0xC3, 0x03, 0x14, 0xF9, 0x24, 0x92,
    0xCB, 0xE0, 0xCC, 0xD2, 0x4C, 0x7C, 0x39, 0x4A, 0x05, 0x04, 0x93, 0x6F, 0x60, 0xAC, 0xBF, 0x05,
    0xF1, 0x3B, 0x39, 0xF4, 0xDF, 0xC7, 0x06, 0xCD, 0x64, 0x29, 0x6A, 0x75, 0x2E, 0x9C, 0xA7, 0x26,
    0x53, 0x28, 0x4F, 0xAD, 0xFE, 0xBA, 0xBC, 0xFC, 0xA3, 0x8F, 0x25, 0x71, 0xFA, 0x16, 0x35, 0x6E,
    0x9C, 0x51, 0xBF, 0xD1, 0xF6, 0x9C, 0x1D, 0xB1, 0x84, 0x78, 0x23, 0xDD, 0x8F, 0x35, 0xAC, 0xB9,
    0xED, 0xDC, 0xB7, 0xF1, 0x24, 0xE4, 0x54, 0x44, 0xC9, 0x99, 0x8E, 0xB8, 0xEC, 0xB3, 0x36, 0xCB,
    0x84, 0x2D, 0x4A, 0xC9, 0xA9, 0x82, 0xB8, 0x1C, 0x49, 0x31, 0xA6, 0x4E, 0xEE, 0x4F, 0xC6, 0xD4,
    0xCD, 0x49, 0x51, 0x4B, 0x2E, 0x41, 0xF3, 0x2D, 0x5C, 0x8C, 0x87, 0xB5, 0xE4, 0x91, 0xA8, 0xFF,
    0xF1, 0xF1, 0x14, 0xDA, 0xE1, 0xE3, 0x53, 0x31, 0xC5, 0x5A, 0x61, 0xEA, 0x74, 0x94, 0x09, 0x76,
    0x20, 0xD5, 0x0D, 0xEB, 0x98, 0xF0, 0x96, 0x16, 0x99, 0xB7, 0xFC, 0x37, 0x17, 0x0C, 0x79, 0x73,
    0x2D, 0xCB, 0x05, 0x45, 0x94, 0x39, 0x83, 0xE7, 0x63, 0xE7, 0xC6, 0xB7, 0xA7, 0xA8, 0x80, 0x19,
    0xFE, 0xDB, 0xC6, 0x98, 0x72, 0x86, 0xBC, 0x67, 0x68, 0x1C, 0x67, 0x71, 0xEE, 0xCD, 0x92, 0xA1,
    0x5F, 0xA5, 0xA8, 0x80, 0x14, 0x3F, 0x7A, 0x13, 0x6B, 0xB1, 0x89, 0x15, 0xDA, 0xC4, 0x9B, 0x2F,
    0xE1, 0xCD, 0x09, 0xDE, 0x18, 0xA3, 0x08, 0xF7, 0x0D, 0x68, 0xA2, 0x5A, 0x74, 0xA9, 0xCA, 0x5A,
    0x94, 0xC7, 0xB3, 0x31, 0x04, 0x7F, 0x96, 0xD5, 0xAB, 0xEF, 0x48, 0x3E, 0x4B, 0x92, 0x2A, 0xF0,
    0xB6, 0xEE, 0x59, 0x68, 0x37, 0xE2, 0x18, 0xB1, 0xE1, 0x19, 0x9E, 0x86, 0x6C, 0xFC, 0x07, 0x1A,
    0xCF, 0x51, 0x6E, 0x63, 0xAF, 0xB2, 0x6C, 0xB7, 0x97, 0xEF, 0xA7, 0x28, 0xEF, 0xA2, 0xFC, 0x16,
    0x32, 0x62, 0x48, 0x44, 0x89, 0x42, 0xFF, 0x19, 0x8D, 0xCB, 0x19, 0x10, 0x28, 0x20, 0x52, 0x40,
    0xA8, 0x80, 0x58, 0x01, 0xC1, 0x02, 0xA2, 0x05, 0x84, 0x0B, 0x88, 0x17, 0x03, 0x63, 0x62, 0x8C,
    0xAC, 0xCD, 0xCC, 0xD2, 0x26, 0xDC, 0x51, 0xF8, 0x94, 0x51, 0xC1, 0xA4, 0x6E, 0x73, 0xD7, 0xC7,
    0x77, 0x3E, 0x1A, 0xCA, 0x0A, 0x1E, 0x4F, 0x48, 0xDE, 0x3F, 0xE0, 0x71, 0xD8, 0x0F, 0xC8, 0x08,
    0x29, 0x22, 0x63, 0x64, 0x90, 0x8C, 0x92, 0x62, 0x02, 0xE5, 0x04, 0x0A, 0x0A, 0x94, 0x14, 0x28,
    0x2A, 0x50, 0x56, 0xA0, 0xB0, 0x40, 0x69, 0x81, 0xE2, 0x02, 0xE5, 0x05, 0x0A, 0xCC, 0x65, 0x2F,
    0x15, 0x19, 0x28, 0x33, 0x83, 0x66, 0xD4, 0x0C, 0x9B, 0x33, 0x02, 0x0A, 0xCE, 0xC8, 0x39, 0x74,
    0xC6, 0x6E, 0xFF, 0xC0, 0x92, 0x3C, 0xA6, 0x2C, 0x5E, 0x25, 0x96, 0x57, 0x55, 0xED, 0xFA, 0x25,
    0x9B, 0xC8, 0x32, 0x73, 0x79, 0xCC, 0xED, 0x75, 0x0E, 0x6E, 0x68, 0xFE, 0x97, 0xD0, 0x45, 0xF7,
    0x77, 0xAC, 0x80, 0x51, 0x15, 0xAC, 0xC2, 0x95, 0xC1, 0x0A, 0x59, 0x41, 0x2B, 0x6C, 0x05, 0xAE,
    0xD0, 0x15, 0xBC, 0xC2, 0x57, 0x00, 0x0B, 0x61, 0x41, 0x2C, 0x8C, 0x05, 0xB2, 0x50, 0x36, 0xCC,
    0x9E, 0x98, 0xDC, 0xB0, 0xB2, 0x4C, 0x35, 0xD7, 0x3D, 0xB9, 0x25, 0x39, 0xF9, 0x67, 0xEF, 0x94,
    0x0D, 0xE2, 0x39, 0xC2, 0xC7, 0xCA, 0x38, 0xEE, 0x8F, 0x33, 0xD1, 0x3F, 0xFC, 0x8D, 0xC5, 0x99,
    0xE4, 0x7D, 0x0E, 0x90, 0xE2, 0x1A, 0x06, 0x05, 0xA7, 0xEF, 0x8D, 0x7D, 0xD4, 0xD5, 0x8F, 0x50,
    0xD7, 0x17, 0xE2, 0x67, 0x64, 0xC4, 0x9F, 0x36, 0x41, 0xED, 0x88, 0x91, 0xBC, 0x2D, 0xDB, 0xF3,
    0xEF, 0x94, 0xF9, 0x72, 0xE8, 0x35, 0xC3, 0x85, 0x6B, 0xF2, 0x1E, 0xD5, 0xEF, 0x19, 0x4A, 0xF8,
    0xA3, 0xDB, 0x49, 0xC6, 0x94, 0x97, 0x54, 0xD2, 0x7F, 0x17, 0x9C, 0xBF, 0xC9, 0xE7, 0x37, 0x53,
    0x1D, 0xCE, 0x70, 0x6B, 0xAF, 0x96, 0x6C, 0x49, 0xC8, 0x31, 0x91, 0xA5, 0xCC, 0xAC, 0x09, 0x36,
    0xCD, 0x8B, 0x15, 0x33, 0xE2, 0xC9, 0x50, 0x8C, 0x4F, 0xC8, 0x50, 0x7C, 0x50, 0x03, 0xC7, 0x7E,
    0x6D, 0x49, 0xD4, 0x09, 0x07, 0x8E, 0x8D, 0x1F, 0x51, 0x9A, 0xBB, 0x98, 0x52, 0xD5, 0xB7, 0xAF,
    0xA8, 0x21, 0x55, 0x3B, 0xBA, 0x72, 0x30, 0x53, 0xE3, 0xC9, 0x05, 0xF4, 0x39, 0x1D, 0x49, 0xB8,
    0xDF, 0xCD, 0x85, 0xB5, 0xAD, 0x85, 0x86, 0x7F, 0xA2, 0xFB, 0x22, 0x5E, 0xD3, 0x1C, 0xD2, 0x7A,
    0x66, 0xA6, 0xCB, 0xFB, 0x07, 0x04, 0x8E, 0x17, 0x45, 0x38, 0x17, 0xD5, 0x2F, 0x2C, 0x62, 0x59,
    0x9D, 0xCF, 0xF8, 0x59, 0x32, 0x44, 0xA7, 0x46, 0xB7, 0xD6, 0x6E, 0x47, 0x7A, 0xAE, 0xE8, 0xF2,
    0xE6, 0xF5, 0xEE, 0x31, 0xA5, 0x47, 0x3F, 0xE1, 0xA8, 0x26, 0xAA, 0x31, 0xFA, 0x26, 0x05, 0x17,
    0x5E, 0xFD, 0xD4, 0x04, 0x82, 0x5D, 0x59, 0x3B, 0xA6, 0xCE, 0xA1, 0x68, 0x98, 0xF8, 0x51, 0xC8,
    0x54, 0x4B, 0x2C, 0xE3, 0xEF, 0x49, 0x30, 0x14, 0x68, 0x64, 0xC5, 0x4F, 0xC2, 0xFF, 0x70, 0x5F,
    0x06, 0x4A, 0x02, 0x4B, 0xC6, 0x6E, 0x25, 0x56, 0x8C, 0xC1, 0x63, 0xB4, 0xCE, 0xE4, 0xF1, 0xE6,
    0x1A, 0x5A, 0x25, 0xBE, 0xA9, 0x6B, 0x8B, 0x33, 0x89, 0xE3, 0x6A, 0x5D, 0x23, 0xDA, 0x15, 0xDB,
    0x4B, 0xED, 0xA3, 0x70, 0x8D, 0xAB, 0x56, 0x48, 0xD4, 0x66, 0x55, 0xF2, 0xF6, 0xD4, 0x5F, 0x49,
    0x75, 0xAF, 0x85, 0xF7, 0xA6, 0x05, 0xAB, 0x5E, 0x66, 0x7B, 0x47, 0x24, 0xF4, 0xCB, 0xAC, 0x6B,
    0x06, 0xCE, 0xB6, 0x15, 0x17, 0xDD, 0x2A, 0xF8, 0x98, 0xFC, 0xFC, 0x0B, 0xE4, 0xE5, 0x0F, 0x90,
    0x6D, 0x4D, 0x93, 0x26, 0xF6, 0x06, 0xB3, 0xAD, 0xF0, 0xC2, 0x6C, 0xE3, 0x86, 0x6D, 0xD6, 0x61,
    0x7B, 0xE9, 0x53, 0xD9, 0x7A, 0x6F, 0xB4, 0xE3, 0x08, 0xAC, 0xBF, 0x0A, 0x35, 0xCD, 0xBB, 0x6B,
    0xCF, 0x9E, 0xDB, 0x5D, 0xA1, 0xE0, 0x56, 0x4F, 0x22, 0xB8, 0x06, 0x1B, 0x4F, 0x4E, 0x1E, 0x8B,
    0x7B, 0xC3, 0xAD, 0x84, 0x44, 0xE2, 0xF6, 0x1F, 0x28, 0x38, 0x97, 0x96, 0x1A, 0xEB, 0x6E, 0x86,
    0xBF, 0x69, 0xFA, 0xE9, 0x9A, 0xE2, 0xD1, 0x7D, 0x2C, 0x0E, 0xDC, 0xFA, 0xC9, 0x1C, 0x71, 0xFF,
    0x73, 0x98, 0x78, 0xB0, 0xF4, 0x3E, 0x3B, 0x61, 0xCE, 0xD4, 0xB6, 0xE0, 0x64, 0x52, 0x73, 0x0B,
    0xC2, 0xA9, 0x2C, 0x08, 0x0F, 0x21, 0xB8, 0xFD, 0xC3, 0x8B, 0x94, 0xE4, 0x3B, 0x40, 0x42, 0x0B,
    0x0F, 0xD4, 0x9E, 0x18, 0x02, 0xDD, 0xEC, 0xAA, 0x6E, 0xE5, 0x09, 0xED, 0x4C, 0x71, 0xD5, 0xDD,
    0x90, 0x64, 0x49, 0xEF, 0x43, 0x1A, 0x47, 0x77, 0x77, 0x4D, 0xC4, 0x48, 0xF6, 0x78, 0x03, 0x05,
    0x9D, 0xE3, 0xE1, 0xD5, 0x91, 0x5A, 0x5C, 0x47, 0x4F, 0xE3, 0x28, 0x9A, 0xE3, 0x46, 0xBA, 0xC2,
    0xB2, 0xA3, 0x61, 0xED, 0xAE, 0x6E, 0x05, 0x99, 0x49, 0xC9, 0x6E, 0x0D, 0x3A, 0x67, 0x9C, 0xBF,
    0x8D, 0x75, 0x1A, 0x88, 0x35, 0x8B, 0x7B, 0x5E, 0xCF, 0xA0, 0x0C, 0xB4, 0x0E, 0x03, 0xAD, 0xC1,
    0xCB, 0x9A, 0xD1, 0xD5, 0xC8, 0x91, 0x0E, 0x2B, 0xA6, 0x9A, 0x3C, 0x18, 0xE9, 0xE3, 0xC7, 0xBA,
    0x05, 0x6E, 0xAC, 0xB9, 0xF8, 0xB1, 0xEE, 0xF2, 0x1E, 0xE9, 0x76, 0x04, 0x4A, 0xE5, 0x95, 0xC2,
    0x9A, 0x53, 0x25, 0xD1, 0x9E, 0x37, 0xD6, 0xA5, 0x6C, 0x21, 0xB1, 0xFA, 0xAB, 0xC5, 0x9B, 0xC8,
    0x4E, 0x59, 0x12, 0xAA, 0xE8, 0x1E, 0x23, 0xB0, 0xF9, 0x3D, 0x1E, 0xB6, 0x36, 0x88, 0x62, 0x77,
    0x0F, 0x60, 0x34, 0x81, 0x99, 0x57, 0xE7, 0x5E, 0x15, 0x7E, 0x98, 0x07, 0xE5, 0x99, 0x04, 0xDB,
    0xB4, 0x92, 0x52, 0x03, 0xAE, 0x92, 0x64, 0x66, 0x24, 0xE5, 0x2A, 0xF8, 0x10, 0x03, 0x89, 0xF8,
    0x22, 0x4E, 0x85, 0x83, 0x0D, 0x88, 0xF2, 0x12, 0x95, 0xFC, 0xCE, 0xAD, 0xF2, 0x6C, 0xFF, 0x99,
    0x60, 0xB2, 0x95, 0x6E, 0x07, 0x1F, 0x14, 0x69, 0x19, 0xD5, 0xC3, 0x34, 0x8F, 0x67, 0xF0, 0x00,
    0xF8, 0x1D, 0x29, 0x3D, 0xA2, 0x2B, 0x69, 0xAA, 0x8D, 0x3D, 0x77, 0x3E, 0xA3, 0x71, 0x42, 0x6C,
    0x5B, 0x73, 0xF4, 0xAE, 0x54, 0x36, 0x8A, 0x8A, 0xAE, 0x73, 0x32, 0xED, 0xAC, 0xBE, 0x74, 0x76,
    0xB8, 0x9E, 0x08, 0xC2, 0x43, 0x5B, 0xC5, 0xD9, 0xA5, 0x9D, 0x90, 0x5B, 0x74, 0xE1, 0xD3, 0x76,
    0x9C, 0xEE, 0x38, 0xAF, 0x71, 0x20, 0xEC, 0xCF, 0xFB, 0xDF, 0x5B, 0xC0, 0xEE, 0x28, 0x66, 0xB4,
    0x6F, 0x9B, 0x62, 0x6A, 0xE1, 0xCC, 0x55, 0xF5, 0x94, 0xA8, 0xA9, 0xB2, 0x76, 0x9C, 0x81, 0x58,
    0x37, 0x16, 0x69, 0xA6, 0x14, 0x13, 0xD9, 0xE9, 0x14, 0xD3, 0xBA, 0x28, 0x71, 0xE4, 0x89, 0x9B,
    0x25, 0x3B, 0xB3, 0x69, 0x7B, 0x0A, 0x0D, 0x4A, 0xC7, 0xD2, 0xC1, 0x34, 0x9A, 0x0E, 0xA7, 0xE3,
    0xE9, 0x80, 0x3A, 0xA2, 0x0E, 0xA9, 0x63, 0xEA, 0xA0, 0x0A, 0xD5, 0x2D, 0x68, 0xB0, 0x3A, 0xAE,
    0x0E, 0x2C, 0x93, 0x0C, 0x87, 0xD0, 0xA0, 0xE5, 0x1F, 0xCE, 0x9B, 0xCE, 0xAF, 0x40, 0x8B, 0x2E,
    0xE1, 0x65, 0xD7, 0xC3, 0xF1, 0x6D, 0x00, 0x77, 0xC6, 0xF0, 0x23, 0xD0, 0x5A, 0x84, 0xB7, 0xCD,
    0xFC, 0xB3, 0x26, 0x84, 0x77, 0x9B, 0xF3, 0xA2, 0x21, 0x1B, 0xBD, 0xD3, 0xE6, 0xE7, 0x25, 0xFA,
    0x72, 0x4E, 0xA1, 0xD8, 0x0A, 0x7A, 0x15, 0xC8, 0x3C, 0xFD, 0x10, 0x88, 0xFA, 0x78, 0x0A, 0xCC,
    0x1D, 0xAB, 0x4B, 0xE4, 0x01, 0x98, 0x3D, 0xBA, 0x46, 0xA9, 0xBC, 0xEB, 0xAA, 0x64, 0xA5, 0x66,
    0x42, 0x66, 0x8A, 0x1A, 0x00, 0x51, 0x01, 0x88, 0x0E, 0x40, 0x94, 0x80, 0x8D, 0xBC, 0x86, 0x5A,
    0xC0, 0x5E, 0x7A, 0x16, 0xD5, 0x40, 0x4B, 0x42, 0xA8, 0x07, 0xDA, 0xEA, 0x13, 0xD1, 0xFB, 0xD2,
    0x2C, 0x9A, 0x71, 0xFD, 0x6D, 0xD8, 0xBB, 0x9D, 0xC9, 0x6E, 0x6F, 0xF7, 0xD8, 0x84, 0x62, 0xAE,
    0x29, 0xBB, 0xD4, 0x5D, 0x5D, 0x90, 0x4D, 0x58, 0xEA, 0x62, 0x5E, 0x17, 0xF7, 0x03, 0x34, 0xB9,
    0x71, 0x13, 0x87, 0x1E, 0xF9, 0x08, 0xF3, 0xCE, 0x79, 0x8F, 0x1B, 0x32, 0x19, 0xAE, 0x1D, 0x59,
    0x5D, 0xB8, 0x90, 0xD3, 0x9D, 0x62, 0x31, 0x7B, 0xDF, 0x18, 0x7C, 0xB2, 0xF8, 0x17, 0xCC, 0xE4,
    0x8B, 0x2E, 0xAE, 0x2F, 0x75, 0xB1, 0xC8, 0x5E, 0x68, 0x3F, 0x88, 0x85, 0xD8, 0x95, 0x0D, 0xF2,
    0x5B, 0x52, 0xF8, 0x55, 0x5B, 0x26, 0xE7, 0x2D, 0x51, 0xA8, 0x7B, 0x5B, 0x8F, 0xAC, 0x3C, 0x9A,
    0x2F, 0xCD, 0xE8, 0xBA, 0x83, 0xD8, 0xB4, 0x8B, 0x88, 0x55, 0x51, 0xD7, 0x05, 0x7F, 0x28, 0x47,
    0x6E, 0x4B, 0x55, 0xEC, 0x57, 0x85, 0x9C, 0xAA, 0x78, 0xF3, 0x32, 0xFF, 0x2C, 0xDD, 0x17, 0xD7,
    0x53, 0x22, 0x7F, 0xFE, 0xE1, 0x57, 0xA9, 0x7A, 0xBD, 0x23, 0x4A, 0xFE, 0x82, 0x3B, 0x05, 0x62,
    0x73, 0xC5, 0x12, 0x2F, 0x7C, 0xAA, 0xA3, 0xDF, 0xF2, 0xF5, 0x9D, 0xB3, 0xDF, 0x1C, 0x1A, 0x36,
    0x77, 0xBF, 0xF1, 0xF7, 0xA1, 0xD9, 0xDE, 0xFE, 0x15, 0x30, 0x01, 0xE6, 0x0F, 0x8D, 0x3A, 0x67,
    0x83, 0xD4, 0xA3, 0x38, 0xD7, 0x39, 0x56, 0x62, 0x6D, 0xED, 0x4B, 0xDB, 0xED, 0xE0, 0x97, 0xDA,
    0x0E, 0x35, 0x7F, 0x61, 0x2B, 0xA4, 0xE5, 0x4E, 0x78, 0x2E, 0xAE, 0xF7, 0x28, 0x6C, 0xA0, 0xE5,
    0x88, 0x48, 0xA2, 0x06, 0x12, 0x03, 0x16, 0x34, 0x17, 0x61, 0x23, 0x63, 0xD1, 0xC0, 0x40, 0xDC,
    0x5A, 0x59, 0x45, 0xF1, 0x0B, 0x0E, 0x85, 0x99, 0x6B, 0x50, 0xF1, 0x92, 0x45, 0x30, 0xE3, 0xDD,
    0xE3, 0xFE, 0xEE, 0x44, 0xB0, 0xE5, 0x0B, 0xEA, 0x3B, 0x6B, 0x6F, 0x48, 0xEB, 0xEE, 0x71, 0xD3,
    0xDA, 0xDA, 0x81, 0xA4, 0xBC, 0xCD, 0x47, 0xDB, 0x35, 0xCE, 0x25, 0x51, 0x24, 0x8B, 0x93, 0x72,
    0x20, 0xC0, 0xED, 0x0E, 0x12, 0xA2, 0xF2, 0x3E, 0x79, 0x88, 0x3E, 0xB8, 0x02, 0x97, 0x5D, 0xD6,
    0xB5, 0x95, 0x70, 0x41, 0x74, 0xCF, 0x03, 0x88, 0x62, 0xF8, 0x7A, 0x82, 0x2E, 0x99, 0xFF, 0x4F,
    0x3E, 0xB3, 0xFA, 0x4E, 0x89, 0xAF, 0x84, 0x18, 0x13, 0x60, 0x97, 0x40, 0xC5, 0x6E, 0xC6, 0x36,
    0xAF, 0x4F, 0x6C, 0xB3, 0x8E, 0xE5, 0xBA, 0xC1, 0x67, 0x92, 0x37, 0xF8, 0x03, 0xAE, 0xF2, 0x01,
    0xB0, 0x0D, 0xCE, 0x62, 0xDF, 0x2C, 0x9A, 0x3A, 0x8F, 0x5B, 0x9D, 0x30, 0x6B, 0x7C, 0x15, 0x39,
    0x42, 0x29, 0xEE, 0xAC, 0x9C, 0xFE, 0x3A, 0xDB, 0x3A, 0x83, 0x48, 0xEF, 0x7F, 0x8C, 0xB7, 0x52,
    0xA4, 0xBF, 0x06, 0x5B, 0xB6, 0xB2, 0x23, 0x79, 0xC7, 0x0F, 0xE0, 0x82, 0x64, 0x8B, 0xE6, 0x5A,
    0xF4, 0xF0, 0x97, 0xC6, 0x54, 0xAD, 0x44, 0xCB, 0x11, 0xA3, 0xF6, 0x00, 0x53, 0x4B, 0x99, 0x1A,
    0x7A, 0xFA, 0x48, 0x6D, 0xC4, 0xD4, 0xCE, 0x75, 0xA9, 0x35, 0x01, 0xE3, 0x68, 0x2A, 0x4F, 0x95,
    0x87, 0xDF, 0xAA, 0xDA, 0xEB, 0x45, 0x3A, 0x5C, 0xD7, 0x8E, 0x2D, 0xED, 0xFF, 0xFF, 0x6F, 0xB6,
    0x7D, 0x35, 0x07, 0x6D, 0xCB, 0x69, 0x0D, 0x5A, 0x27, 0x9B, 0x62, 0xF9, 0x3B, 0x0B, 0xFA, 0x97,
    0x76, 0x9E, 0x80, 0xE3, 0x3B, 0xCA, 0xA9, 0x6D, 0x8F, 0xBE, 0x3E, 0x7F, 0xE0, 0xF7, 0xA7, 0x2F,
    0x40, 0xE7, 0xB8, 0xD3, 0x57, 0x96, 0xEF, 0x7F, 0x01, 0xC5, 0x56, 0x3D, 0x8F, 0x14, 0x47, 0x10,
    0xAD, 0x99, 0xB6, 0x6F, 0xA4, 0x6B, 0x8E, 0x76, 0x40, 0x60, 0x81, 0x60, 0xD2, 0x13, 0xE2, 0x6E,
    0x12, 0x07, 0x17, 0xEC, 0xEE, 0xB4, 0x40, 0xB2, 0xD3, 0x4B, 0xF8, 0x13, 0x04, 0xB6, 0x03, 0x02,
    0x82, 0xC3, 0x3B, 0x06, 0xC9, 0xA9, 0xEF, 0x1F, 0x98, 0xD0, 0xBE, 0xC4, 0x04, 0x04, 0x17, 0x9C,
    0x98, 0xC6, 0x84, 0x4E, 0x26, 0x73, 0x40, 0xD2, 0x01, 0x72, 0xE2, 0xC0, 0x1D, 0xAC, 0xEC, 0x11,
    0x9E, 0xDD, 0xF6, 0xAB, 0xEA, 0x59, 0xD8, 0x3B, 0x08, 0x9C, 0x79, 0x76, 0xFB, 0x63, 0xBA, 0xAB,
    0xAA, 0xAB, 0xAB, 0xEA, 0x55, 0x0D, 0x6D, 0x1D, 0x57, 0xB1, 0x8B, 0xB1, 0x59, 0x1D, 0x12, 0x6D,
    0xCE, 0xE5, 0xA9, 0x23, 0x1E, 0x6A, 0xA5, 0xBF, 0x77, 0x72, 0x72, 0xF2, 0x23, 0xCD, 0x31, 0x0D,
    0xFC, 0xDE, 0xDD, 0xC5, 0x63, 0xF9, 0x55, 0xDE, 0xC6, 0x31, 0xBA, 0xBB, 0xE3, 0x43, 0xEB, 0xAD,
    0x8D, 0x67, 0xF5, 0xFE, 0x52, 0x1C, 0xEE, 0xBE, 0xFF, 0x1C, 0x5E, 0xC9, 0xEC, 0xA0, 0xDD, 0x60,
    0xFE, 0x87, 0x7F, 0x6F, 0x1A, 0x5C, 0x3C, 0xC7, 0x65, 0x4F, 0x9E, 0x68, 0x56, 0xD0, 0x6F, 0xF3,
    0xBC, 0x49, 0x06, 0x91, 0xB9, 0x15, 0xB3, 0xD8, 0x9B, 0x98, 0xFE, 0x44, 0x54, 0x12, 0xF5, 0xA4,
    0x1C, 0x19, 0xA2, 0x7D, 0xA2, 0x29, 0xD1, 0x0C, 0x76, 0x73, 0x54, 0x07, 0xAA, 0x02, 0x6D, 0x59,
    0x52, 0xBD, 0x5E, 0xAA, 0x15, 0x3D, 0xC7, 0xFA, 0x84, 0x4E, 0x29, 0x14, 0x6E, 0x46, 0x87, 0x94,
    0x2D, 0x49, 0x45, 0xCA, 0x23, 0xD1, 0x5C, 0x44, 0x94, 0xC2, 0x7A, 0x4A, 0xB9, 0xA7, 0xD2, 0xD2,
    0x15, 0xE2, 0x95, 0x87, 0xD4, 0xE7, 0x5E, 0x39, 0x63, 0x0D, 0x24, 0xEF, 0x83, 0x7B, 0x0A, 0x82,
    0x19, 0x0D, 0x10, 0x1F, 0x6D, 0x1D, 0xA2, 0xAB, 0xC2, 0xDC, 0x6D, 0xD9, 0x6D, 0xCA, 0x7B, 0x1D,
    0x8A, 0xA5, 0xE9, 0xD5, 0xCA, 0x0C, 0xF4, 0x3C, 0x1F, 0x84, 0x68, 0x42, 0x0B, 0x7A, 0x40, 0x81,
    0x82, 0xEA, 0x0A, 0xC8, 0x98, 0xD1, 0x19, 0x8E, 0xB5, 0x38, 0x58, 0x2D, 0x54, 0xD4, 0x43, 0x1E,
    0x8B, 0x15, 0xCE, 0x5E, 0xE1, 0x9C, 0x29, 0x5A, 0x12, 0x7E, 0x9A, 0x85, 0xDC, 0x6B, 0x57, 0xDA,
    0x6F, 0xA0, 0x02, 0x07, 0xC1, 0xA7, 0x68, 0x47, 0x68, 0x03, 0xF1, 0x2D, 0x09, 0xE2, 0x28, 0xF3,
    0x68, 0x0E, 0x26, 0x72, 0x34, 0xBB, 0xF3, 0xDD, 0x02, 0x96, 0xE8, 0xE3, 0x0F, 0x5F, 0x2D, 0xE8,
    0x32, 0xB6, 0x2B, 0xB4, 0x16, 0x6D, 0x75, 0x9E, 0x25, 0x47, 0x53, 0x60, 0x83, 0x95, 0xA4, 0x69,
    0x4B, 0x6C, 0x2E, 0x69, 0xD7, 0xD1, 0x6E, 0xA1, 0x4D, 0xD0, 0x0E, 0xD0, 0x9E, 0x26, 0x16, 0xEA,
    0x68, 0xE3, 0x29, 0x53, 0x34, 0x4A, 0x3F, 0x93, 0x7E, 0x22, 0xFD, 0x81, 0xF4, 0x5F, 0xB3, 0xA8,
    0x37, 0x6F, 0x60, 0x4B, 0xC3, 0x81, 0x4A, 0xFA, 0x5B, 0x77, 0x46, 0xA2, 0x20, 0x1E, 0x2D, 0x82,
    0x4C, 0xEA, 0xC5, 0x8B, 0x46, 0x98, 0x2E, 0x4B, 0x7F, 0x6B, 0x43, 0x18, 0xDF, 0x93, 0x32, 0x56,
    0x9B, 0x72, 0xE9, 0xB3, 0x20, 0xEB, 0x2C, 0xA6, 0xFA, 0xFD, 0xD5, 0x20, 0x70, 0xE0, 0xFE, 0xF1,
    0xE7, 0x0B, 0x2C, 0x15, 0xF4, 0x4E, 0x58, 0xB5, 0xA1, 0xD9, 0xC3, 0x77, 0xC2, 0x60, 0x44, 0x15,
    0x9B, 0x32, 0xFA, 0x3A, 0x86, 0x36, 0xC2, 0x54, 0xE9, 0x0F, 0xFC, 0x60, 0xA5, 0x29, 0x57, 0x94,
    0xB1, 0x8D, 0x6B, 0xDB, 0xBA, 0xE8, 0x5A, 0xBB, 0x9B, 0x2E, 0x69, 0x75, 0x68, 0x9D, 0x59, 0x44,
    0x57, 0x86, 0xD6, 0x9A, 0xB0, 0x4B, 0x5B, 0x63, 0xEC, 0xF1, 0x0E, 0x2D, 0x79, 0x2F, 0x8F, 0xBC,
    0xAB, 0x22, 0xEF, 0xE7, 0x4B, 0xA1, 0x78, 0x42, 0x1B, 0xEA, 0xBC, 0xBB, 0xD3, 0x3D, 0x34, 0x56,
    0x96, 0x8A, 0x3F, 0x1C, 0x29, 0x31, 0xC2, 0x8D, 0xBC, 0x1B, 0x0D, 0x31, 0x41, 0xB0, 0xED, 0x0B,
    0xD9, 0x02, 0x1E, 0x3A, 0x95, 0x8B, 0xC3, 0xFF, 0xB9, 0x5C, 0x5B, 0x79, 0xE5, 0x0B, 0xB1, 0x60,
    0xE1, 0x54, 0x97, 0x1C, 0xA0, 0x9D, 0x76, 0x49, 0xAE, 0x6E, 0x4C, 0x93, 0xAC, 0x63, 0x1A, 0x93,
    0xE4, 0xC2, 0xAB, 0x7B, 0xC6, 0xCA, 0xAC, 0xB0, 0x0F, 0xA6, 0x04, 0x68, 0xFC, 0x44, 0xEA, 0x85,
    0xEF, 0xF5, 0xCF, 0xB6, 0xF8, 0xB3, 0xA1, 0x78, 0xDB, 0x4F, 0x94, 0xDB, 0x13, 0xFF, 0x37, 0x0B,
    0xE5, 0x4E, 0x99, 0xAD, 0xCC, 0x82, 0x72, 0x81, 0x63, 0xE3, 0x48, 0x75, 0xEA, 0xA5, 0xC7, 0x5A,
    0x16, 0xB4, 0x2B, 0x5E, 0x76, 0x98, 0x21, 0xF4, 0x1B, 0xFD, 0xAB, 0x2B, 0x18, 0x5B, 0x00, 0xC1,
    0xF7, 0x8D, 0x71, 0x88, 0x52, 0x43, 0x25, 0x5E, 0x2C, 0xAE, 0x65, 0x68, 0x66, 0x60, 0x7A, 0x50,
    0x1A, 0x9A, 0xE0, 0x0F, 0xB9, 0x98, 0x05, 0x4D, 0xCF, 0xF8, 0x5A, 0xFA, 0x76, 0xA7, 0x1E, 0x79,
    0x40, 0x80, 0x72, 0x18, 0x3A, 0xDA, 0xCD, 0x78, 0x02, 0xCC, 0x74, 0x67, 0x10, 0xE7, 0x15, 0x04,
    0x1E, 0x20, 0xE6, 0x3A, 0xB2, 0x69, 0x79, 0xA2, 0xBB, 0xC1, 0xBC, 0xE8, 0xCB, 0xDB, 0xA1, 0x52,
    0x7E, 0xAA, 0xDC, 0x41, 0x61, 0x9F, 0x1A, 0xEA, 0x2E, 0x91, 0x7D, 0xCB, 0x89, 0x2B, 0x30, 0x91,
    0x03, 0x59, 0x65, 0x41, 0x58, 0x13, 0x93, 0x12, 0x88, 0x8F, 0x88, 0xC9, 0x09, 0x0C, 0x1E, 0x2C,
    0x00, 0x89, 0x30, 0xDD, 0x40, 0xE0, 0xD6, 0x4D, 0x09, 0xDB, 0x29, 0x97, 0x77, 0x80, 0x8F, 0x17,
    0x27, 0xD4, 0x45, 0xA8, 0x1F, 0x87, 0xF2, 0x97, 0x1E, 0x89, 0x0E, 0xAC, 0x79, 0x37, 0xC9, 0xFC,
    0x1E, 0xF9, 0x9D, 0xE4, 0xA2, 0x5D, 0xC2, 0x7E, 0x8B, 0x58, 0x0B, 0x73, 0x02, 0x4D, 0x4D, 0x9C,
    0x0E, 0x1B, 0xD0, 0xE9, 0x06, 0x94, 0xCA, 0x65, 0xAC, 0x06, 0xA8, 0x33, 0x71, 0x11, 0x9F, 0xF3,
    0x19, 0xEB, 0x06, 0x8B, 0xC2, 0xB5, 0x4B, 0xB8, 0x05, 0xDE, 0x69, 0x1B, 0xD2, 0x98, 0xCE, 0xB1,
    0x5A, 0xA3, 0x69, 0xA0, 0x11, 0x69, 0x87, 0x03, 0x89, 0x5D, 0x39, 0xC6, 0xF7, 0x7D, 0x7A, 0x8B,
    0x21, 0x76, 0x6D, 0xC9, 0x7B, 0x7E, 0x44, 0x00, 0x1B, 0x8D, 0x39, 0x4B, 0x70, 0xB6, 0xF0, 0x07,
    0x60, 0x5D, 0xE2, 0xF5, 0x79, 0x42, 0x33, 0x93, 0x3E, 0xA0, 0xF3, 0x4F, 0x25, 0x50, 0x98, 0x73,
    0x52, 0xA3, 0x88, 0x1F, 0xA7, 0x02, 0xF4, 0xF9, 0x32, 0x03, 0xAF, 0x1A, 0x58, 0xAA, 0xEA, 0x15,
    0xC4, 0xA9, 0xA0, 0x10, 0x97, 0x45, 0x28, 0x02, 0x43, 0x94, 0x4F, 0x84, 0x41, 0x9D, 0x84, 0x53,
    0xC3, 0x78, 0xE7, 0x40, 0xDE, 0x17, 0x61, 0x53, 0x4E, 0x8C, 0xD0, 0x2D, 0x25, 0x88, 0x03, 0xD1,
    0x95, 0xB5, 0xFD, 0x04, 0xBF, 0x0F, 0x3C, 0x5B, 0x9C, 0x73, 0x91, 0x21, 0xAB, 0x8E, 0x6F, 0x3E,
    0x67, 0x33, 0x78, 0xB6, 0xC0, 0xDC, 0x21, 0x29, 0xD3, 0x55, 0xFC, 0x98, 0xE8, 0x18, 0x24, 0x4B,
    0x06, 0xB4, 0x45, 0x73, 0xA4, 0xFF, 0x42, 0x0C, 0x05, 0x4F, 0xC6, 0x07, 0x2A, 0x1D, 0x32, 0xF7,
    0x0B, 0x4F, 0xF5, 0x17, 0x68, 0x95, 0x43, 0x1D, 0xB3, 0xD4, 0x82, 0x36, 0x7A, 0x0E, 0x24, 0x28,
    0x3E, 0xE6, 0xB1, 0x26, 0x8D, 0xE2, 0x80, 0xE6, 0xBC, 0x0E, 0xEC, 0x03, 0x3E, 0x4D, 0x5A, 0x43,
    0x72, 0x26, 0xA7, 0xA6, 0xA6, 0x1E, 0xBB, 0xD5, 0x48, 0xA8, 0xC7, 0x71, 0x7F, 0x1C, 0x4F, 0xC7,
    0x18, 0x4B, 0xD0, 0xA2, 0x84, 0xBF, 0x75, 0xFA, 0x5B, 0x27, 0x95, 0x94, 0x1F, 0x29, 0x1D, 0x2F,
    0x10, 0x1C, 0x63, 0x73, 0x3A, 0x6E, 0xF7, 0xEB, 0x48, 0x1D, 0x0F, 0x69, 0x68, 0x23, 0x49, 0xBD,
    0x95, 0x92, 0x5D, 0x94, 0x72, 0x2E, 0x71, 0x8C, 0x69, 0x83, 0xC6, 0xA4, 0xB1, 0xCE, 0x9D, 0xFF,
    0x59, 0xD5, 0xC9, 0x45, 0xBF, 0x5C, 0xB5, 0x74, 0x13, 0xBE, 0x08, 0x6C, 0xC7, 0x38, 0x64, 0xB1,
    0xA7, 0x67, 0x5F, 0xD2, 0xEB, 0x23, 0xB1, 0x01, 0x72, 0xB1, 0x92, 0x89, 0xB2, 0x63, 0x6F, 0xE4,
    0x56, 0x46, 0x94, 0x9E, 0x71, 0x28, 0x21, 0x70, 0xF5, 0xC0, 0x81, 0xD8, 0x86, 0x2C, 0x7A, 0x64,
    0x55, 0x1D, 0xC9, 0xF4, 0x54, 0x2E, 0xD8, 0xD8, 0x08, 0xE8, 0x7D, 0x39, 0xF2, 0xBA, 0xF4, 0x3B,
    0x92, 0xD7, 0xB7, 0x89, 0x2E, 0x41, 0x3F, 0xA2, 0x8F, 0x3E, 0x14, 0x26, 0xB8, 0x4E, 0x25, 0x0E,
    0x9A, 0x3B, 0xEE, 0xDB, 0xD4, 0x5B, 0xE6, 0xDA, 0x4D, 0xDA, 0x92, 0x68, 0x0B, 0xEB, 0x20, 0xE7,
    0x1B, 0xCF, 0xDA, 0x72, 0xEC, 0x6B, 0x71, 0xAA, 0x4A, 0xBD, 0x65, 0xE7, 0x2A, 0xDB, 0x8A, 0x0F,
    0x56, 0x62, 0x62, 0x81, 0x0D, 0xF7, 0x7A, 0xC8, 0x16, 0x2C, 0x01, 0x06, 0x82, 0xB6, 0xC0, 0x8B,
    0x91, 0xAF, 0x04, 0x68, 0x0B, 0x53, 0xED, 0x4B, 0x0D, 0xBC, 0x2E, 0x46, 0xDF, 0x91, 0xFB, 0x6F,
    0x8B, 0x9E, 0xF9, 0x87, 0x54, 0x3D, 0x64, 0x6D, 0x8B, 0x9E, 0xB5, 0x35, 0xC3, 0x46, 0xBF, 0x60,
    0xAE, 0xFC, 0x78, 0x0C, 0xFB, 0xE3, 0x84, 0xBE, 0x41, 0xE0, 0x57, 0x47, 0x51, 0x63, 0xEF, 0x5A,
    0x23, 0xB5, 0x18, 0x95, 0x30, 0x5F, 0x4A, 0x25, 0x53, 0x83, 0x94, 0x56, 0x46, 0x20, 0x0F, 0x41,
    0xFC, 0x2B, 0x18, 0x74, 0x52, 0x29, 0x71, 0x2D, 0xA0, 0x90, 0x3F, 0x4B, 0xD8, 0x40, 0x83, 0xF8,
    0x13, 0x0E, 0x83, 0xC2, 0x0C, 0x7E, 0x44, 0x58, 0xE1, 0xC5, 0xB9, 0x12, 0x53, 0x07, 0x48, 0xF4,
    0x02, 0x47, 0x65, 0x05, 0x8F, 0xF9, 0x18, 0x22, 0xCD, 0xFB, 0x98, 0x4C, 0x05, 0xCC, 0x49, 0xDE,
    0x00, 0x1A, 0x25, 0x3B, 0xA5, 0x01, 0xF6, 0xE7, 0x01, 0x10, 0x61, 0xF6, 0x3A, 0xBE, 0xB1, 0xEB,
    0x0F, 0x4F, 0x99, 0x98, 0x57, 0xB1, 0x4F, 0xA5, 0x07, 0xC8, 0x91, 0x38, 0x9B, 0xC7, 0x20, 0xE5,
    0xA9, 0xE6, 0x5A, 0x8C, 0xF8, 0x2B, 0x05, 0x4D, 0x59, 0x30, 0x5C, 0xFA, 0x11, 0xFC, 0x3A, 0x11,
    0x0E, 0x0A, 0x45, 0x12, 0xE3, 0xD9, 0x38, 0x4E, 0xF3, 0x34, 0xD6, 0x84, 0xAF, 0x55, 0xB1, 0x55,
    0x1A, 0x8D, 0x1D, 0x47, 0xD7, 0xCA, 0xBE, 0xC6, 0x01, 0x3C, 0x16, 0xDD, 0x5C, 0xE4, 0x28, 0x3F,
    0x17, 0xB9, 0x2A, 0xC4, 0xF4, 0x51, 0xF0, 0x4F, 0x4C, 0xB8, 0x8A, 0xCB, 0x73, 0x68, 0xA3, 0xB3,
    0x0B, 0x91, 0x3F, 0xBD, 0x80, 0xED, 0x35, 0x32, 0xD6, 0x38, 0xD3, 0x8D, 0xEE, 0x13, 0x72, 0xAA,
    0x74, 0x00, 0x46, 0xF9, 0xF4, 0xF4, 0xE5, 0xDF, 0x4E, 0x6E, 0xB4, 0xF5, 0xA8, 0x4B, 0x07, 0xE4,
    0x5D, 0x12, 0x98, 0xB0, 0x58, 0x72, 0x1D, 0x64, 0xC6, 0x74, 0x61, 0x58, 0xB2, 0x17, 0xA3, 0x7F,
    0x0C, 0x37, 0x17, 0x77, 0x60, 0xE3, 0xDF, 0x20, 0x26, 0x66, 0x58, 0x8F, 0xCD, 0xB5, 0xF8, 0x9A,
    0xE6, 0x08, 0x6E, 0x9A, 0x41, 0xE9, 0xFB, 0xCF, 0xF0, 0x79, 0x05, 0x64, 0xF8, 0xF3, 0x95, 0x70,
    0x8F, 0xAB, 0x8A, 0x54, 0x3D, 0xAE, 0x68, 0x77, 0x02, 0x97, 0x34, 0xE5, 0xB9, 0xA6, 0x15, 0x6E,
    0x2A, 0x15, 0x27, 0x15, 0x41, 0x2E, 0x6B, 0x3B, 0x52, 0xD7, 0x76, 0x29, 0x39, 0xFC, 0x5F, 0xDD,
    0x55, 0xBF, 0x8F, 0xDC, 0x44, 0x14, 0xFE, 0x6C, 0xE7, 0xB2, 0x08, 0x93, 0x9B, 0x34, 0xD7, 0x1C,
    0xB9, 0x73, 0x43, 0x99, 0xBB, 0x6D, 0x52, 0x6C, 0xE1, 0x5D, 0x0F, 0x50, 0xD2, 0x5C, 0xC1, 0xD2,
    0x42, 0x13, 0x89, 0x8E, 0x14, 0x57, 0x04, 0xB1, 0x17, 0x0F, 0xFF, 0x41, 0xFE, 0x83, 0x34, 0xA9,
    0x0E, 0xA1, 0x5C, 0x41, 0xB1, 0x44, 0xCB, 0x7A, 0xFA, 0x34, 0xA3, 0xA4, 0xA0, 0xC4, 0xA0, 0x48,
    0x48, 0x50, 0xC4, 0xC5, 0x0A, 0x16, 0xB1, 0x7B, 0xE6, 0x7B, 0x33, 0x3E, 0xDD, 0x9E, 0x82, 0x50,
    0x6A, 0xEC, 0x79, 0x96, 0x7F, 0xBC, 0x99, 0xF9, 0xDE, 0x7B, 0xDF, 0xFB, 0x8C, 0x9E, 0x86, 0xB2,
    0x50, 0x1A, 0xE1, 0xB8, 0x86, 0x68, 0x86, 0x68, 0x05, 0x7C, 0x07, 0x34, 0x32, 0xE2, 0x1A, 0x89,
    0x95, 0x91, 0x1A, 0x94, 0x35, 0x76, 0x2E, 0x1C, 0x81, 0xCC, 0x5F, 0x8B, 0x37, 0xBC, 0xEE, 0x8C,
    0xCB, 0xF1, 0x58, 0xB7, 0x72, 0xD8, 0x4A, 0xAE, 0xFA, 0xCD, 0xE7, 0x5E, 0xBD, 0x5E, 0x93, 0x3B,
    0x59, 0xC1, 0x95, 0xFE, 0xEA, 0xEF, 0x6D, 0xC0, 0x14, 0xEE, 0xFD, 0xD5, 0xE0, 0x3F, 0x8F, 0xE2,
    0xB5, 0xB9, 0x3C, 0xA2, 0x2E, 0xAC, 0x09, 0x10, 0x33, 0xFA, 0x94, 0x5F, 0xFA, 0xC4, 0xF9, 0x00,
    0x3E, 0x25, 0x09, 0x5F, 0x29, 0xC7, 0x57, 0x26, 0x40, 0x59, 0x77, 0xAF, 0x17, 0x40, 0xAF, 0xFB,
    0xA4, 0x6C, 0xF7, 0xB9, 0x8B, 0xAE, 0xA4, 0xCD, 0x3B, 0x5B, 0xFF, 0x8B, 0xFD, 0xD0, 0xD9, 0x09,
    0x6D, 0x48, 0x1B, 0x75, 0x26, 0x20, 0x14, 0x2D, 0xE5, 0x3A, 0x89, 0x8F, 0x24, 0xE2, 0x1D, 0x6B,
    0xE1, 0xAB, 0x02, 0xEE, 0x88, 0x29, 0x6D, 0x16, 0xB0, 0xFA, 0xE9, 0x0F, 0x3A, 0x2B, 0xBB, 0x44,
    0x5D, 0x58, 0xB9, 0x01, 0x43, 0xB6, 0x5A, 0x05, 0x8B, 0x97, 0x01, 0xB9, 0x04, 0x95, 0xD6, 0x1B,
    0xC8, 0x83, 0xEB, 0x45, 0xBC, 0xF2, 0x29, 0xEB, 0x5E, 0xAF, 0x2E, 0xB3, 0xD2, 0x25, 0x09, 0x02,
    0x08, 0x5B, 0xF2, 0x50, 0xBA, 0xA8, 0xFD, 0xBD, 0xC1, 0x2C, 0x6A, 0xE0, 0xCF, 0xA8, 0x8E, 0xEB,
    0xD8, 0x25, 0x56, 0xCE, 0x9E, 0x4D, 0x4D, 0xAA, 0xBF, 0x70, 0xA5, 0xDB, 0xD1, 0x24, 0x50, 0xFC,
    0x18, 0x38, 0x24, 0x94, 0x85, 0x62, 0x44, 0x0A, 0x3D, 0xAB, 0xA0, 0x8C, 0xE2, 0x9A, 0x19, 0xB7,
    0xE9, 0x33, 0xFE, 0x11, 0x72, 0xAE, 0x9E, 0x33, 0xC4, 0x9C, 0x4B, 0xE5, 0x89, 0xC3, 0x1E, 0x13,
    0x91, 0xAE, 0xBA, 0x2A, 0x5D, 0xB7, 0x60, 0xCD, 0x2A, 0x23, 0x28, 0x38, 0x0E, 0x41, 0x37, 0x41,
    0x33, 0xDD, 0xA0, 0x6C, 0x8D, 0x6A, 0x8D, 0xBB, 0x9F, 0x13, 0xF1, 0x02, 0xD9, 0x39, 0x9E, 0xB6,
    0xB0, 0x85, 0x4F, 0x6D, 0x2E, 0xD4, 0x8E, 0x1C, 0x12, 0x8D, 0x3D, 0xE0, 0xDE, 0x3B, 0xB1, 0x19,
    0xA8, 0xB6, 0x29, 0xDA, 0xFA, 0xEE, 0x27, 0xC6, 0x3B, 0xAF, 0xF1, 0xFD, 0x1C, 0x26, 0x78, 0x36,
    0x04, 0x87, 0xAA, 0x91, 0x4C, 0x44, 0x7E, 0x24, 0x2E, 0x4F, 0x75, 0xB9, 0xC4, 0xAE, 0x0E, 0x44,
    0xBC, 0x25, 0x35, 0x60, 0x2A, 0xB7, 0x1B, 0x0C, 0x1A, 0x3C, 0xAF, 0x93, 0x0F, 0xDD, 0x8D, 0x84,
    0xFC, 0x5B, 0x57, 0x4F, 0x5E, 0x4A, 0x01, 0x03, 0xBC, 0x01, 0xF3, 0xF9, 0x18, 0xC5, 0x12, 0x6D,
    0x1D, 0xB1, 0x97, 0xB8, 0xF9, 0x1A, 0x31, 0x1B, 0xA0, 0xCF, 0xAE, 0x72, 0xD2, 0x5B, 0xDC, 0x45,
    0x09, 0x01, 0x9E, 0xD6, 0x38, 0xF7, 0x11, 0x1A, 0x5F, 0x4B, 0x46, 0xC1, 0x7C, 0xF8, 0x32, 0xFB,
    0xC4, 0x3F, 0x5B, 0x41, 0xCD, 0x57, 0x28, 0x6E, 0x4E, 0x18, 0xC9, 0x84, 0xE7, 0x94, 0xC6, 0x04,
    0xC5, 0x16, 0xFD, 0x4F, 0x39, 0xEB, 0x25, 0xFD, 0x4E, 0x4F, 0x75, 0x8F, 0xCD, 0xA5, 0x4E, 0xBF,
    0x25, 0xB8, 0x41, 0xE0, 0x0B, 0xBF, 0xA3, 0xC7, 0x5B, 0x06, 0x8C, 0x3B, 0xA1, 0x6A, 0xDC, 0xD4,
    0x13, 0xEC, 0x36, 0xED, 0x98, 0xF6, 0x99, 0xDF, 0x96, 0x09, 0xDF, 0x46, 0xA3, 0xD0, 0x64, 0x51,
    0x73, 0x80, 0xD5, 0x31, 0x4A, 0x83, 0xC2, 0xC4, 0xCF, 0x9C, 0x4A, 0x9A, 0x51, 0xDC, 0x0C, 0xA3,
    0x66, 0x92, 0xB8, 0x51, 0x6A, 0xD4, 0x32, 0x10, 0xE8, 0xB0, 0x02, 0xCE, 0x94, 0x61, 0x15, 0x4D,
    0x62, 0x95, 0x61, 0x25, 0x75, 0xEF, 0x8F, 0x9F, 0x90, 0x9C, 0x93, 0xCB, 0x47, 0x1B, 0x74, 0x29,
    0x02, 0xA1, 0x84, 0x4C, 0x42, 0x43, 0xBD, 0xD1, 0x87, 0xFF, 0x43, 0x15, 0x91, 0x8C, 0x32, 0xE5,
    0xA9, 0xA7, 0xC7, 0x1D, 0x49, 0x37, 0x9F, 0xD8, 0xC5, 0xA9, 0x4F, 0xF9, 0x9E, 0x4F, 0x7A, 0xEE,
    0xC7, 0xE0, 0xEA, 0xB8, 0xED, 0x67, 0xDC, 0x08, 0x1D, 0x85, 0x50, 0x37, 0xEB, 0xCB, 0x75, 0xF6,
    0xDA, 0xF0, 0x4C, 0xEF, 0x96, 0x26, 0x81, 0xB4, 0x2C, 0x7D, 0xCB, 0xAF, 0x52, 0x77, 0x9B, 0xE7,
    0x5D, 0x55, 0xC9, 0x21, 0x17, 0xBF, 0x68, 0xD4, 0x07, 0xF5, 0xB6, 0xC8, 0xB8, 0x8D, 0xBF, 0x31,
    0x43, 0x85, 0xA9, 0xC2, 0xAC, 0x38, 0x2A, 0x5F, 0xB9, 0xDD, 0xB7, 0xBD, 0x4F, 0x59, 0x27, 0xEE,
    0x4C, 0xE9, 0xE3, 0xAC, 0x5D, 0x8C, 0x4E, 0x1F, 0xE6, 0x1D, 0x42, 0x5D, 0x7C, 0x64, 0xD8, 0x3E,
    0xD1, 0xC3, 0xE0, 0xD3, 0x24, 0xF5, 0x44, 0x99, 0x61, 0x86, 0xE1, 0x08, 0xC3, 0x1C, 0x79, 0x8E,
    0x59, 0x8E, 0xC5, 0x30, 0xA9, 0xB3, 0x47, 0x9A, 0x5D, 0x1D, 0xB5, 0x59, 0x83, 0xC9, 0xB6, 0x46,
    0xCE, 0xA8, 0xF7, 0x45, 0x0E, 0x4D, 0xB0, 0xAF, 0x2C, 0xA2, 0x17, 0x0E, 0x3D, 0x76, 0x50, 0xC9,
    0x36, 0x1E, 0x6F, 0x7D, 0xEC, 0x63, 0x6C, 0x5D, 0xEF, 0xC7, 0x66, 0x4B, 0xD4, 0x4C, 0xC6, 0xD6,
    0x58, 0xDA, 0x30, 0x4F, 0x6C, 0xAE, 0x74, 0x36, 0xF3, 0x82, 0x27, 0x4C, 0xC9, 0x6C, 0x50, 0x20,
    0xD5, 0x49, 0xE2, 0x3E, 0xED, 0x00, 0x1E, 0x1F, 0xEE, 0x53, 0x04, 0xAA, 0x27, 0x16, 0x4B, 0xF6,
    0x54, 0x93, 0xD8, 0xA0, 0x37, 0xA9, 0x70, 0x91, 0xBF, 0x2B, 0xAA, 0x0A, 0x9B, 0xAF, 0xB2, 0xAD,
    0x19, 0xEB, 0x31, 0x9D, 0x6F, 0x06, 0x99, 0x66, 0xC7, 0x79, 0xF6, 0xF7, 0x4C, 0x90, 0xD7, 0x8B,
    0x75, 0x0F, 0xD4, 0x0A, 0x39, 0xC1, 0x32, 0x28, 0x7C, 0x49, 0x1F, 0xA1, 0xD6, 0x9F, 0xC4, 0xFD,
    0x0B, 0xF3, 0xE9, 0xD8, 0xF9, 0x36, 0x47, 0x56, 0xB7, 0x66, 0xE7, 0x68, 0xEC, 0x71, 0xBD, 0x6B,
    0x45, 0x2E, 0x95, 0x9F, 0xBB, 0xEF, 0x11, 0x71, 0xDE, 0xFD, 0x8D, 0xFF, 0xA6, 0xBB, 0xFC, 0x6F,
    0xD2, 0xA5, 0x72, 0x18, 0xEB, 0xF0, 0x83, 0x61, 0xDB, 0x14, 0x5C, 0x08, 0xED, 0xAF, 0x7F, 0x3F,
    0xB2, 0x38, 0x89, 0x96, 0x74, 0x9A, 0x46, 0x84, 0x8F, 0x26, 0x76, 0xF4, 0xE6, 0x9D, 0xD2, 0x51,
    0x2D, 0xB2, 0x28, 0xCF, 0xFB, 0x90, 0x70, 0x86, 0xDC, 0xBC, 0xFC, 0xBA, 0x02, 0xB7, 0x7F, 0x9F,
    0x00, 0xDE, 0x12, 0x55, 0xA8, 0x6C, 0xDC, 0xBE, 0xAA, 0x19, 0x3C, 0xE5, 0x96, 0x62, 0xCB, 0x02,
    0x76, 0x72, 0x6B, 0x44, 0x6E, 0x25, 0xFC, 0xCA, 0x56, 0x12, 0xBC, 0x0E, 0x89, 0xA4, 0x7C, 0x14,
    0x7F, 0xCD, 0x59, 0x90, 0x82, 0x9F, 0xFA, 0xCC, 0x4D, 0x9F, 0x98, 0x45, 0x6B, 0x45, 0x69, 0x17,
    0x58, 0x31, 0x89, 0xED, 0x1C, 0xD1, 0xCF, 0x5A, 0x24, 0xEA, 0x4A, 0x8E, 0x4A, 0xD7, 0x11, 0xBB,
    0xB2, 0xC9, 0x73, 0x9B, 0x6A, 0xCB, 0xA6, 0x96, 0xBF, 0xC3, 0x4A, 0x24, 0xF5, 0x5E, 0x86, 0xB3,
    0x03, 0xCC, 0xA7, 0xD8, 0x0D, 0xCD, 0xE2, 0x63, 0x57, 0xAD, 0x55, 0xBF, 0xE9, 0x54, 0x5F, 0x8A,
    0x60, 0xA0, 0xD4, 0xC9, 0x7B, 0x28, 0x1A, 0x5C, 0x07, 0xFE, 0x01, 0x9D, 0x58, 0xBF, 0x8F, 0xDD,
    0x58, 0x15, 0x3E, 0xB6, 0x67, 0x62, 0x14, 0xA3, 0x71, 0x8A, 0x44, 0x42, 0x13, 0x88, 0x1B, 0x8A,
    0x25, 0x0A, 0x79, 0x94, 0x20, 0x4D, 0x62, 0x87, 0x96, 0x66, 0x8A, 0x3C, 0x1A, 0x0A, 0x5A, 0x88,
    0x90, 0x86, 0x62, 0x8B, 0x2D, 0x86, 0xF8, 0x69, 0xF7, 0x0F, 0x60, 0x1A, 0xA8, 0xB7, 0x80, 0x82,
    0x47, 0x31, 0x29, 0x52, 0x44, 0x62, 0x37, 0x36, 0x34, 0x94, 0x3C, 0xED, 0x3F, 0xB0, 0x16, 0x02,
    0x21, 0x0D, 0x45, 0x2C, 0xE4, 0x65, 0x3D, 0x89, 0xED, 0xCB, 0xF7, 0x9D, 0x73, 0xFD, 0xE6, 0x65,
    0xB5, 0x08, 0x09, 0x4B, 0xE3, 0x73, 0xED, 0x77, 0x7D, 0xEF, 0xF9, 0xF1, 0x9D, 0xEF, 0x9C, 0x3B,
    0x22, 0x3B, 0x57, 0x7F, 0x5F, 0x45, 0xD0, 0x3E, 0x50, 0x19, 0x35, 0xBD, 0x3E, 0x9E, 0xFF, 0xBD,
    0xA5, 0x2C, 0x9D, 0xFB, 0xBC, 0xC0, 0xDB, 0x29, 0x4F, 0x1D, 0x1E, 0x17, 0xCD, 0x69, 0x3A, 0x42,
    0xBA, 0xA2, 0x5F, 0x0C, 0x78, 0x3D, 0x84, 0xED, 0x69, 0x27, 0x92, 0x76, 0xD1, 0xA6, 0x6F, 0xF9,
    0x73, 0xF2, 0xC7, 0xB6, 0x11, 0xC9, 0xEB, 0x34, 0xDA, 0xE0, 0x33, 0x27, 0x0F, 0x93, 0x9A, 0xD3,
    0xE5, 0x34, 0xC5, 0x63, 0x38, 0x4A, 0xFF, 0x50, 0xFC, 0x67, 0x90, 0x71, 0x8F, 0xCF, 0x20, 0x93,
    0x2E, 0xFD, 0x13, 0x77, 0x4B, 0xDA, 0x2C, 0xDA, 0x40, 0xA6, 0xED, 0xC3, 0xB4, 0x56, 0xF9, 0x51,
    0x26, 0x2A, 0xBB, 0x87, 0x2A, 0xFF, 0xD5, 0x7E, 0x44, 0x99, 0x7C, 0x5E, 0x77, 0xAA, 0xAB, 0x7B,
    0xBF, 0x95, 0x3D, 0x4A, 0x7C, 0xF6, 0x5D, 0xBC, 0x98, 0xD2, 0x95, 0x3C, 0xE7, 0x7E, 0x19, 0xEC,
    0xA1, 0x9C, 0x24, 0xC6, 0x82, 0xD1, 0x3F, 0x06, 0x59, 0x60, 0xC1, 0xB8, 0x76, 0xEE, 0x15, 0xF4,
    0x48, 0x3F, 0xF8, 0xF7, 0xEF, 0x02, 0x5A, 0x13, 0xD7, 0x6A, 0xF3, 0x03, 0x7C, 0xC6, 0xCB, 0x76,
    0x13, 0xB9, 0xB1, 0x75, 0xCE, 0x4D, 0xFC, 0xFD, 0x44, 0xA4, 0x72, 0xCE, 0xC1, 0xDC, 0xC4, 0x2D,
    0x97, 0xD0, 0x37, 0xC4, 0xF0, 0xB9, 0x89, 0x9F, 0x63, 0xF1, 0xDE, 0x84, 0xBA, 0x0B, 0x26, 0xA8,
    0x48, 0x1B, 0x13, 0xB6, 0x7E, 0x66, 0x22, 0x5F, 0xC9, 0x3B, 0x14, 0x85, 0x70, 0x52, 0x79, 0xE1,
    0x28, 0xAA, 0x8B, 0x8A, 0x73, 0x47, 0x89, 0x38, 0x69, 0x90, 0xB0, 0xD6, 0x95, 0x83, 0xC2, 0x56,
    0x96, 0x79, 0xE5, 0x18, 0x2A, 0x60, 0x90, 0x42, 0x70, 0x7E, 0xBA, 0x79, 0x6B, 0x65, 0x13, 0xA5,
    0x8A, 0x50, 0x27, 0x30, 0x72, 0x66, 0xC1, 0xDE, 0xD6, 0x1A, 0x1B, 0xC5, 0x4E, 0xBF, 0xCD, 0xBF,
    0x4F, 0x1F, 0x06, 0x83, 0x70, 0x97, 0xB8, 0x55, 0x91, 0x36, 0xEA, 0xB6, 0xBC, 0x0E, 0xE8, 0x90,
    0xD2, 0xBC, 0xE2, 0x0C, 0x1F, 0x26, 0xA2, 0xD1, 0xC4, 0xF0, 0x43, 0xC6, 0x13, 0xCA, 0x40, 0x24,
    0xAF, 0x3E, 0xDB, 0x35, 0x7A, 0x51, 0xD3, 0x6B, 0xD7, 0x2B, 0x7A, 0x4C, 0x72, 0xF7, 0xDB, 0x82,
    0x2F, 0x5F, 0x9A, 0x06, 0x83, 0xDE, 0x43, 0x6C, 0x72, 0x2C, 0x6A, 0x31, 0x4D, 0x12, 0x8A, 0xD0,
    0x75, 0x14, 0x0B, 0xAC, 0x18, 0x6C, 0xA4, 0x7A, 0xDF, 0x75, 0x40, 0xCE, 0x64, 0x56, 0xBC, 0x03,
    0xB3, 0x35, 0xE0, 0xB2, 0xD6, 0xC5, 0x34, 0xD6, 0x76, 0x3F, 0xDB, 0x7B, 0x6F, 0x4F, 0xA2, 0x4F,
    0xDC, 0x67, 0xAE, 0x5E, 0x7C, 0xEA, 0xDE, 0xB8, 0x26, 0xEB, 0xD2, 0x21, 0x6E, 0x93, 0x26, 0x6E,
    0xA3, 0x36, 0xA9, 0xA3, 0x36, 0xEC, 0x78, 0x0F, 0xFE, 0x8F, 0x7B, 0x8C, 0x7B, 0xDA, 0x24, 0x6D,
    0xD4, 0xE7, 0xC3, 0x62, 0x24, 0xFC, 0x53, 0x33, 0x73, 0xE7, 0x6E, 0x1E, 0xFD, 0xE9, 0xB1, 0x0A,
    0xDC, 0xDD, 0x48, 0x34, 0x52, 0xD9, 0x90, 0xFE, 0x3A, 0x51, 0x6F, 0xD1, 0x47, 0x16, 0x44, 0x57,
    0x33, 0xC1, 0x74, 0xB4, 0x31, 0xFB, 0x25, 0xFC, 0x73, 0xEB, 0x47, 0xD1, 0x07, 0x18, 0x25, 0xF4,
    0x79, 0xF4, 0x68, 0xF0, 0x1B, 0x24, 0x32, 0x8F, 0x52, 0x79, 0x2A, 0x72, 0x87, 0xA3, 0x03, 0xC9,
    0x45, 0xEE, 0x71, 0xF4, 0x75, 0x59, 0xAC, 0xE4, 0x08, 0x6B, 0xAC, 0x5F, 0x9E, 0x3B, 0x5E, 0x4D,
    0xEA, 0xFC, 0x55, 0x13, 0xA2, 0xD8, 0x54, 0xB7, 0x85, 0x77, 0x7B, 0xD9, 0xD8, 0x48, 0x06, 0x22,
    0x4C, 0x02, 0x68, 0x31, 0x99, 0x02, 0xB8, 0x95, 0x11, 0xFD, 0xCA, 0xC7, 0xFC, 0x07, 0x0A, 0x11,
    0x68, 0xB1, 0xF8, 0x8B, 0x2A, 0xC0, 0x74, 0x19, 0x67, 0x83, 0x13, 0x8D, 0x5F, 0xA6, 0x00, 0x50,
    0x0C, 0xF1, 0xFB, 0x49, 0x31, 0xC7, 0xE5, 0xDD, 0x8A, 0x01, 0xE7, 0x73, 0xB5, 0xA1, 0x6F, 0x6E,
    0x6E, 0x91, 0x77, 0x6B, 0x7F, 0x69, 0x58, 0x72, 0xCE, 0x67, 0xAE, 0xE1, 0x29, 0x18, 0x0D, 0xBB,
    0x80, 0xA1, 0xA2, 0x07, 0xC8, 0xD7, 0x0C, 0x8A, 0x3A, 0x89, 0x3B, 0xC3, 0x7E, 0x7C, 0x59, 0x48,
    0xA6, 0x36, 0xAD, 0x88, 0x8E, 0xD7, 0xE7, 0xA3, 0x25, 0x96, 0xCE, 0x03, 0xFE, 0x53, 0x4A, 0xF8,
    0x61, 0xB1, 0xB1, 0xDC, 0x52, 0xD4, 0xE6, 0xA6, 0x16, 0x60, 0xB7, 0xD0, 0xFD, 0xC6, 0xCC, 0x29,
    0x72, 0x86, 0xEB, 0x1A, 0xAA, 0xD0, 0x70, 0xC8, 0x6D, 0x76, 0x52, 0x4C, 0xD3, 0x60, 0x17, 0xC9,
    0x73, 0xFE, 0xCE, 0x69, 0x36, 0xE7, 0x59, 0xE8, 0x6C, 0x9E, 0x4F, 0xB1, 0x9D, 0x1C, 0x5B, 0xDE,
    0x7A, 0xEC, 0x67, 0x58, 0x9A, 0x8A, 0xDC, 0x1E, 0x4D, 0x13, 0x7A, 0xAC, 0x54, 0x1D, 0x90, 0xD6,
    0x8B, 0xDA, 0xEF, 0x9E, 0x6D, 0xFC, 0xF6, 0xB6, 0x63, 0x32, 0x0F, 0x70, 0xB7, 0x0C, 0xC7, 0xDD,
    0x26, 0x43, 0x05, 0xF0, 0xC7, 0xB1, 0xEA, 0x50, 0x49, 0x39, 0x91, 0x4E, 0x82, 0x21, 0x6C, 0x10,
    0x82, 0xB2, 0x48, 0x9A, 0x74, 0x85, 0xF8, 0x54, 0xBF, 0x9E, 0x24, 0x2B, 0x0E, 0xE8, 0x66, 0x64,
    0x92, 0xDA, 0x8B, 0x15, 0xF1, 0x19, 0x0C, 0xE6, 0xAE, 0x0D, 0xF7, 0x84, 0xED, 0xE9, 0xA0, 0x7B,
    0x82, 0x1C, 0x9D, 0xEE, 0x59, 0x29, 0x32, 0xB1, 0x27, 0xA6, 0xE6, 0x1B, 0x5A, 0x9D, 0xEB, 0x23,
    0xF6, 0xCC, 0x1A, 0xFF, 0x1E, 0x6E, 0x86, 0x2E, 0x70, 0x2E, 0x16, 0xCA, 0xEA, 0x6B, 0x88, 0x37,
    0xD8, 0xBC, 0x04, 0x33, 0x22, 0x1C, 0xD5, 0x3F, 0x7B, 0x70, 0x26, 0x58, 0xF3, 0x1A, 0xF2, 0x33,
    0x80, 0x07, 0x82, 0xC7, 0x01, 0x34, 0x0D, 0x0A, 0xA4, 0x42, 0x9B, 0xE0, 0x2F, 0xA2, 0x37, 0x32,
    0xE8, 0x5C, 0x8E, 0xF6, 0x47, 0xC7, 0x33, 0x70, 0x0C, 0x1A, 0x9D, 0x4F, 0xAB, 0x73, 0x9F, 0x26,
    0x34, 0xFC, 0x81, 0x0F, 0x0A, 0x1D, 0xAE, 0xFC, 0x84, 0xDF, 0xAB, 0x5A, 0xC2, 0xC6, 0xC6, 0xC1,
    0xA7, 0xB5, 0x28, 0x77, 0x27, 0x1B, 0x89, 0x7E, 0x59, 0x4B, 0xE6, 0x83, 0x95, 0x66, 0x9A, 0x0F,
    0x3A, 0x3E, 0x02, 0x26, 0x3A, 0x3F, 0x6E, 0xF3, 0x42, 0x3F, 0x3D, 0x3C, 0xBF, 0xA8, 0x14, 0x4A,
    0x5C, 0x7A, 0x4E, 0x15, 0xC5, 0x4F, 0x71, 0x07, 0x98, 0x39, 0xB2, 0x20, 0x43, 0x96, 0xF6, 0x29,
    0xC6, 0xAD, 0xBC, 0x0C, 0x8D, 0x6B, 0x73, 0xE4, 0xC7, 0x18, 0x1B, 0x27, 0x96, 0xC8, 0x8B, 0xD1,
    0x28, 0x40, 0x9E, 0x7E, 0x1B, 0x7E, 0xB6, 0x4F, 0xE5, 0xE3, 0xF7, 0x00, 0x65, 0x0F, 0x22, 0x2C,
    0x1C, 0x18, 0xD5, 0xAA, 0x7B, 0x43, 0xB7, 0x92, 0x99, 0x4F, 0x23, 0x83, 0x04, 0xE1, 0xEF, 0x33,
    0x09, 0xE3, 0xFE, 0x0A, 0x87, 0xC1, 0xCC, 0x09, 0xBC, 0x18, 0xBE, 0x62, 0xA7, 0x60, 0x1F, 0xFB,
    0xC5, 0xA9, 0x46, 0x73, 0x85, 0x52, 0x7F, 0x57, 0xE2, 0xB6, 0x1C, 0x74, 0xDB, 0x1C, 0x15, 0x92,
    0xC7, 0x96, 0x7E, 0x87, 0x79, 0x3B, 0x59, 0x7C, 0xD2, 0x91, 0xD9, 0xFF, 0xD0, 0x6A, 0xED, 0x65,
    0x3C, 0x6A, 0x7A, 0xBF, 0xD4, 0xC5, 0x06, 0xDE, 0xA1, 0x11, 0xFC, 0x98, 0x34, 0x8C, 0x4E, 0x4A,
    0xE4, 0xC1, 0x55, 0xB4, 0x20, 0xD7, 0x4A, 0xF0, 0x54, 0x12, 0x14, 0xE4, 0x8F, 0xE5, 0x1B, 0x43,
    0x84, 0xE9, 0xEF, 0xF6, 0x07, 0x60, 0x97, 0x66, 0x78, 0x21, 0xD3, 0xC9, 0x23, 0x04, 0xBC, 0x1C,
    0xC8, 0x08, 0x87, 0x56, 0xF5, 0x76, 0xAF, 0x4A, 0x59, 0xC0, 0x5C, 0x7F, 0x6B, 0xB9, 0x34, 0xE3,
    0x6E, 0x4F, 0x85, 0x55, 0xA7, 0xF3, 0xF1, 0x19, 0x6D, 0xD8, 0xA8, 0x8D, 0x4C, 0x1E, 0x82, 0x80,
    0x60, 0xA1, 0x6D, 0x3A, 0xF6, 0x45, 0x29, 0xD5, 0x8E, 0x82, 0x84, 0x88, 0x4E, 0x02, 0xF2, 0x2B,
    0x36, 0x4D, 0xB3, 0xC5, 0x27, 0x70, 0x79, 0xF1, 0x7B, 0xE6, 0x68, 0xA4, 0x81, 0x86, 0xA9, 0x95,
    0x8F, 0x41, 0xE5, 0x35, 0x71, 0xFB, 0xCB, 0x27, 0x1F, 0x7A, 0x2C, 0xE0, 0xD3, 0xBB, 0x6E, 0xBD,
    0xD6, 0x7A, 0xE5, 0x44, 0x76, 0x6A, 0xDF, 0xD5, 0xFC, 0x92, 0x9E, 0x2B, 0xB4, 0x94, 0x0B, 0x39,
    0x33, 0xF3, 0xEA, 0xC0, 0x41, 0x0A, 0x42, 0xF0, 0xAC, 0xFC, 0x42, 0x3F, 0x28, 0x8C, 0x63, 0x12,
    0x37, 0x99, 0x4A, 0x4F, 0x56, 0xDA, 0x55, 0xDC, 0x62, 0xF8, 0xF6, 0x8F, 0xE9, 0x83, 0x3E, 0xD4,
    0x3D, 0x13, 0x30, 0x53, 0x79, 0xE9, 0x29, 0x55, 0x19, 0x02, 0x19, 0x16, 0x74, 0x9E, 0x17, 0xB4,
    0x7D, 0x22, 0x2F, 0xDD, 0x9F, 0x89, 0xC9, 0x80, 0x99, 0x6E, 0xA2, 0xB9, 0xB7, 0xF0, 0x30, 0x5C,
    0xAC, 0x4E, 0x3D, 0x49, 0x3D, 0xF2, 0x4E, 0xC8, 0x51, 0x4C, 0x6E, 0x1D, 0xCF, 0x48, 0x1F, 0x6C,
    0x30, 0xAD, 0x3F, 0x24, 0x04, 0x66, 0x26, 0x1B, 0x16, 0x86, 0xD0, 0xA8, 0xF7, 0xAE, 0x8B, 0xDA,
    0xB8, 0xF7, 0x5C, 0xE8, 0x91, 0x09, 0xDB, 0x9C, 0xDF, 0x53, 0xCC, 0x7F, 0xE4, 0xA2, 0x8D, 0x95,
    0x7A, 0xC9, 0x5A, 0xDF, 0xDA, 0xA4, 0x3A, 0x1B, 0x13, 0x22, 0xE7, 0x0B, 0x42, 0xEC, 0xFE, 0x46,
    0x3B, 0x7D, 0x11, 0xBF, 0xA1, 0xE5, 0x60, 0x6F, 0x06, 0xF3, 0x57, 0x2D, 0x26, 0x43, 0xF2, 0x7A,
    0xED, 0xD6, 0xE7, 0x1D, 0xB0, 0xE5, 0xD0, 0x17, 0xDC, 0x61, 0x27, 0x24, 0xED, 0x91, 0x82, 0xB4,
    0xF9, 0x8E, 0x12, 0x75, 0xFD, 0x85, 0x4E, 0x08, 0x9A, 0x69, 0x16, 0x26, 0x7F, 0x55, 0x4E, 0xB7,
    0xD6, 0x20, 0xA8, 0x2E, 0x8D, 0x91, 0x69, 0x57, 0x76, 0x99, 0xAF, 0x40, 0x7F, 0xF7, 0x25, 0xBF,
    0x3D, 0xD9, 0xDB, 0x33, 0x45, 0x96, 0x56, 0x18, 0xA7, 0xD5, 0x2C, 0x6F, 0x54, 0xDD, 0x6F, 0xFA,
    0x4A, 0xF0, 0xC5, 0x0D, 0x66, 0xC3, 0xD5, 0x5A, 0x7B, 0xAA, 0x74, 0xCA, 0x42, 0x4B, 0x2B, 0xCC,
    0x08, 0xCC, 0xC7, 0x8F, 0x8D, 0xF0, 0xB7, 0x7C, 0x9F, 0x0C, 0xD6, 0x21, 0xC1, 0x77, 0x55, 0x61,
    0x1C, 0xAF, 0xAE, 0x46, 0x4B, 0x71, 0x72, 0x51, 0xF0, 0x73, 0xED, 0x99, 0x72, 0xF7, 0x7A, 0x7D,
    0x7E, 0xE9, 0x49, 0x6B, 0xA7, 0x90, 0x2D, 0xAB, 0x8B, 0x73, 0x44, 0x2A, 0xD0, 0x69, 0x3D, 0x9F,
    0x0B, 0xC5, 0x1A, 0xFB, 0x27, 0x0D, 0xC2, 0x28, 0xF1, 0x60, 0x39, 0x5C, 0x5A, 0xBD, 0xCC, 0x27,
    0xD3, 0xFF, 0xB0, 0xF8, 0xB2, 0x42, 0x96, 0xFC, 0x97, 0x42, 0xB6, 0xF0, 0x79, 0x90, 0x7B, 0x62,
    0xF1, 0x79, 0xE1, 0x5B, 0x43, 0xA4, 0xE6, 0xE4, 0x1B, 0xE1, 0x6D, 0x09, 0x7F, 0xE1, 0x4F, 0x0B,
    0x26, 0xA6, 0xF5, 0x4A, 0xAD, 0x7E, 0x35, 0xFD, 0x0C, 0x8B, 0xF5, 0x52, 0x75, 0x12, 0x4C, 0x3D,
    0x5D, 0x95, 0x74, 0xBD, 0x16, 0x10, 0x34, 0xF6, 0xC0, 0x2E, 0xCE, 0x09, 0x12, 0x17, 0x48, 0x62,
    0x3C, 0xD1, 0x27, 0xBD, 0x5C, 0xC3, 0x61, 0xC1, 0x7A, 0x4D, 0x6B, 0x39, 0x81, 0xBF, 0xDE, 0x2A,
    0x6B, 0x6F, 0x1D, 0x6C, 0x6F, 0xEA, 0xA8, 0x28, 0x4C, 0x88, 0xBC, 0x81, 0x7B, 0x21, 0xFA, 0x93,
    0xA9, 0xA0, 0x80, 0x57, 0x55, 0xB4, 0x4C, 0x98, 0x1E, 0x45, 0x00, 0x3E, 0xEA, 0xB1, 0x2B, 0xF0,
    0xD8, 0x9B, 0x47, 0x7B, 0x90, 0x05, 0x80, 0xDC, 0xC3, 0xD0, 0x00, 0xBB, 0x33, 0x06, 0x79, 0xD3,
    0x3B, 0x6B, 0xA4, 0x35, 0x85, 0x0E, 0xC7, 0xB7, 0x2C, 0xF2, 0xC2, 0xB2, 0x2B, 0xA8, 0xCE, 0x34,
    0xD6, 0x4A, 0xA3, 0x05, 0x9D, 0xA5, 0x64, 0x88, 0xBE, 0x95, 0x05, 0xA7, 0xE6, 0x3D, 0x2E, 0xE6,
    0x0A, 0x5D, 0x5F, 0x75, 0x06, 0x0A, 0xC8, 0x58, 0x7D, 0xB7, 0x18, 0x8F, 0x63, 0x65, 0x95, 0x6B,
    0xEB, 0x6A, 0x62, 0x59, 0xB4, 0xB6, 0x9D, 0xBF, 0xDD, 0x65, 0x0D, 0xAA, 0x4B, 0xA5, 0x24, 0xCB,
    0x31, 0xCB, 0x3D, 0x2B, 0xFD, 0x0C, 0x51, 0x43, 0x4B, 0x42, 0x2D, 0xFD, 0xD8, 0x8D, 0xD8, 0x50,
    0xF6, 0xC5, 0x21, 0x28, 0xEE, 0xAE, 0xF5, 0xA4, 0x6C, 0x0D, 0xD4, 0xED, 0xCB, 0x39, 0x3A, 0x67,
    0x96, 0xCD, 0x3E, 0x97, 0x55, 0x97, 0x43, 0x05, 0x2A, 0xE8, 0x74, 0x7A, 0x97, 0xB6, 0xDF, 0x01,
    0xD7, 0x20, 0x0E, 0x47, 0xF0, 0x37, 0x02, 0x70, 0x64, 0x35, 0xFE, 0x39, 0xD6, 0x85, 0xCE, 0x6D,
    0xCA, 0x9F, 0xC2, 0xCD, 0x01, 0xD5, 0x89, 0xEA, 0x3D, 0xEA, 0xC3, 0x14, 0x63, 0xCD, 0xB7, 0x10,
    0x1D, 0x98, 0x89, 0xF7, 0xEC, 0x54, 0x70, 0x64, 0xB1, 0x79, 0x6E, 0xB1, 0xD1, 0x83, 0x96, 0xED,
    0xED, 0x6C, 0x6F, 0xA7, 0x5F, 0x43, 0xA4, 0xC6, 0x9D, 0x07, 0x06, 0x35, 0x7C, 0x0D, 0x34, 0xD7,
    0x47, 0x12, 0x81, 0x2D, 0xEA, 0xE7, 0xEC, 0x2D, 0x93, 0xB6, 0x25, 0x6F, 0x86, 0xD3, 0x46, 0x69,
    0xB3, 0xAC, 0x35, 0x1F, 0x53, 0x37, 0x31, 0x0E, 0xE9, 0x93, 0xB3, 0x1B, 0x46, 0xEF, 0xBC, 0xEE,
    0x5D, 0x9D, 0xC8, 0xB6, 0x57, 0x68, 0x05, 0xDC, 0xC4, 0x46, 0xBE, 0xEC, 0x8A, 0x7F, 0xB5, 0x5C,
    0x2E, 0x7F, 0x54, 0x58, 0x63, 0x8C, 0x90, 0x25, 0x1D, 0x72, 0xE9, 0x3E, 0xBB, 0x9E, 0x07, 0xB0,
    0x03, 0x21, 0xBC, 0x27, 0xCF, 0xE8, 0xDB, 0x7B, 0xD0, 0x0D, 0x8E, 0xBE, 0x69, 0x64, 0x76, 0x55,
    0x38, 0x95, 0xF2, 0xAF, 0x0E, 0x30, 0xE3, 0x5B, 0xE7, 0x98, 0xFF, 0x4D, 0x1E, 0xFE, 0x9C, 0x66,
    0x2C, 0x1B, 0x18, 0xF2, 0x72, 0x3D, 0x35, 0x81, 0x43, 0xF6, 0xB7, 0x5A, 0x92, 0x99, 0xFB, 0x5C,
    0x49, 0x24, 0x1C, 0xB7, 0x85, 0x47, 0xB3, 0x52, 0x0F, 0x75, 0xF0, 0xFD, 0x76, 0x4A, 0xE7, 0xCB,
    0xD1, 0x38, 0x6F, 0xCD, 0x62, 0xA7, 0x34, 0x90, 0x75, 0xDB, 0xCE, 0x7C, 0xDA, 0xAA, 0xAE, 0xC8,
    0x54, 0x68, 0x69, 0x47, 0x6D, 0x3A, 0xBB, 0xED, 0x2F, 0xCA, 0x6E, 0xC9, 0xA4, 0xA7, 0x39, 0xCD,
    0x47, 0xCC, 0xDC, 0x57, 0xCD, 0x72, 0x76, 0xDC, 0x9E, 0x35, 0x7D, 0x05, 0x50, 0xD5, 0x82, 0x41,
    0xB6, 0xDB, 0x58, 0x03, 0x1D, 0xB7, 0x87, 0x5A, 0xEA, 0xF8, 0xEA, 0x84, 0x4B, 0x65, 0x8A, 0xBD,
    0x6F, 0x2D, 0xEA, 0xAF, 0x71, 0x9D, 0x57, 0x9A, 0xD9, 0x93, 0x66, 0x14, 0xA7, 0x7F, 0x0F, 0xC3,
    0x67, 0x5C, 0x2C, 0xEC, 0xB8, 0x18, 0xB2, 0x0A, 0x8B, 0xA1, 0xE5, 0xC1, 0x62, 0x38, 0x96, 0xC0,
    0x7F, 0x91, 0x76, 0xF7, 0x80, 0x07, 0xD4, 0xBE, 0xCF, 0x8C, 0x60, 0xB3, 0x92, 0xBF, 0x61, 0xCF,
    0xA9, 0xCC, 0x84, 0x9A, 0xB2, 0xDA, 0x3D, 0xA5, 0x47, 0xCE, 0x37, 0xE4, 0x95, 0xF5, 0x10, 0xDB,
    0x36, 0xC0, 0x7B, 0x7F, 0xA6, 0xBD, 0xEB, 0x2C, 0x48, 0x9A, 0x3D, 0xAA, 0x47, 0xEA, 0xAA, 0x93,
    0x5A, 0xBB, 0xA8, 0x97, 0x8C, 0x1D, 0x4E, 0x24, 0x23, 0xF3, 0x1F, 0xCA, 0x0C, 0xA4, 0xBB, 0xB4,
    0x85, 0xAF, 0x4E, 0x19, 0x3B, 0x28, 0x76, 0x4A, 0x77, 0x61, 0xD6, 0x29, 0xBD, 0x1A, 0xAB, 0x74,
    0x54, 0xEF, 0x05, 0xED, 0x00, 0x7C, 0xD4, 0x12, 0x6C, 0xD3, 0xD2, 0xC1, 0xE8, 0xCC, 0x5B, 0x86,
    0xA6, 0x5C, 0x21, 0x2B, 0x50, 0xAD, 0x5C, 0xA3, 0x16, 0x21, 0xED, 0xE3, 0xDA, 0x42, 0x91, 0xAC,
    0x8C, 0x37, 0x90, 0x7F, 0xDA, 0xDE, 0x67, 0x1E, 0x75, 0xB9, 0x3F, 0x75, 0x97, 0xD0, 0xC6, 0x32,
    0x69, 0xC1, 0x78, 0x67, 0xAE, 0xB9, 0xBB, 0xFE, 0x0D, 0x72, 0x9A, 0xC5, 0xDB, 0x4A, 0xCE, 0x5C,
    0x71, 0x7C, 0xC1, 0xF1, 0xF5, 0xC6, 0x97, 0x9B, 0x48, 0x9B, 0x75, 0xEA, 0x49, 0x4F, 0x00, 0x8A,
    0xDA, 0x3E, 0x59, 0x89, 0xF1, 0x95, 0x06, 0xA4, 0xE6, 0x9B, 0x6E, 0x2A, 0x90, 0xDB, 0xFE, 0xBE,
    0xCA, 0x8C, 0x16, 0xDD, 0x41, 0x4E, 0x1A, 0x6D, 0xD3, 0x26, 0x3A, 0x67, 0xD2, 0xB3, 0xF7, 0x5B,
    0x20, 0x0F, 0x7E, 0xFC, 0xBA, 0x9A, 0xEC, 0x7F, 0x12, 0xD0, 0x61, 0xFF, 0xA4, 0xDE, 0xAD, 0x2D,
    0xBE, 0xB4, 0x58, 0x65, 0xF1, 0x85, 0xC5, 0xD7, 0x15, 0x5F, 0x56, 0xFE, 0x03, 0x63, 0x60, 0x60,
    0x75, 0x60, 0x60, 0xA8, 0xFF, 0xC0, 0xC0, 0xF8, 0xA5, 0x82, 0x81, 0xFD, 0x80, 0x0D, 0x03, 0x7F,
    0x43, 0x0D, 0x83, 0x3E, 0xC3, 0x0E, 0x06, 0x5B, 0x86, 0x0F, 0x0C, 0x7F, 0x18, 0x3F, 0x30, 0xFC,
    0x60, 0xBE, 0xC0, 0xF4, 0x81, 0xFD, 0x00, 0xF3, 0x07, 0x7E, 0x06, 0xEE, 0x07, 0x7A, 0x0C, 0xFC,
    0x07, 0x6A, 0x80, 0xF8, 0x03, 0x83, 0x7C, 0xF3, 0x01, 0x06, 0x7D, 0x6F, 0x06, 0x06, 0x7B, 0x1D,
    0x20, 0xFE, 0x00, 0x34, 0xA1, 0x81, 0x81, 0x61, 0x1F, 0x03, 0x04, 0xEF, 0x05, 0xE2, 0xBF, 0x40,
    0xFC, 0x07, 0x8A, 0xF7, 0x80, 0xC5, 0x02, 0x18, 0xEC, 0x18, 0x0F, 0x30, 0xD8, 0xCF, 0x76, 0x60,
    0x90, 0xFF, 0xC7, 0xC0, 0xC0, 0xB4, 0x80, 0x81, 0x01, 0x00, 0xCD, 0x58, 0xBD, 0x8F, 0xDC, 0x44,
    0x14, 0x1F, 0x8F, 0x39, 0x4C, 0x64, 0xA4, 0xD9, 0x86, 0x0E, 0xB1, 0x5B, 0x46, 0x14, 0xE7, 0x86,
    0x82, 0x62, 0xD9, 0x71, 0x77, 0x45, 0x0A, 0xB6, 0x89, 0x90, 0xF2, 0x97, 0x50, 0x5C, 0xCE, 0x96,
    0x5C, 0xD0, 0xA6, 0xA1, 0x26, 0x75, 0x1A, 0xAE, 0xA0, 0xB8, 0x62, 0x4F, 0x6B, 0x65, 0x23, 0x51,
    0xE2, 0xFF, 0x20, 0x26, 0x14, 0x91, 0x42, 0x91, 0x91, 0x62, 0xC1, 0x02, 0xF6, 0x9A, 0x19, 0xBF,
    0x0F, 0xEF, 0xDD, 0xEE, 0xF9, 0x94, 0xA0, 0x45, 0xB1, 0x34, 0x9A, 0x91, 0x67, 0xE6, 0x79, 0xDE,
    0xEF, 0xFD, 0xDE, 0xC7, 0x58, 0x88, 0x89, 0xA0, 0xC7, 0xD0, 0xC0, 0x2F, 0x69, 0xA4, 0x72, 0x1A,
    0x25, 0x31, 0x0E, 0xBC, 0x0D, 0x4F, 0xD6, 0x34, 0x5A, 0xB6, 0xF8, 0x18, 0x4D, 0xA3, 0x22, 0xE4,
    0x59, 0xD1, 0xF2, 0x48, 0xA7, 0xBB, 0x92, 0x7D, 0xFE, 0xAE, 0x38, 0xE7, 0xD1, 0x88, 0x06, 0x9E,
    0x5B, 0x61, 0x77, 0xA9, 0x42, 0x88, 0xC8, 0xAE, 0xD4, 0x56, 0x6C, 0xBB, 0x11, 0x7E, 0xDB, 0xA6,
    0xEA, 0xE5, 0xF3, 0x52, 0x9F, 0xAC, 0xAA, 0x3A, 0xC8, 0x4F, 0xE3, 0x20, 0xFF, 0x40, 0x04, 0x56,
    0xE6, 0xC1, 0x9A, 0x3D, 0x83, 0xE4, 0xE3, 0xA5, 0xBB, 0xA0, 0x89, 0x45, 0xAF, 0x25, 0x61, 0x25,
    0xC6, 0x05, 0x8D, 0xC2, 0x35, 0xEB, 0xDB, 0xF6, 0x78, 0x95, 0x3C, 0xA2, 0x85, 0x7E, 0xC3, 0x08,
    0xB1, 0xE8, 0x88, 0xB1, 0x9A, 0xF1, 0x37, 0x58, 0x9C, 0x60, 0x63, 0x09, 0xF7, 0x59, 0x77, 0x46,
    0x77, 0xD6, 0x03, 0x62, 0x31, 0xB7, 0x58, 0x2F, 0x2C, 0xE6, 0x16, 0xFB, 0xB5, 0xB3, 0x81, 0xB3,
    0x85, 0xB3, 0x49, 0x67, 0x9B, 0xB1, 0x01, 0x5B, 0x39, 0x9B, 0x39, 0xDB, 0x01, 0xBF, 0x52, 0x86,
    0xCA, 0x30, 0xBF, 0x4E, 0x99, 0x05, 0x0E, 0x2F, 0xE0, 0x97, 0xDD, 0x89, 0xFC, 0xB2, 0x78, 0x21,
    0xBF, 0xFC, 0x36, 0xEE, 0xF1, 0x4A, 0xAE, 0xF3, 0xCB, 0xDF, 0x10, 0xBF, 0x1C, 0x5E, 0xC0, 0x2F,
    0x87, 0x17, 0x4A, 0xE6, 0xAF, 0x2D, 0x98, 0x5F, 0x86, 0xF9, 0x15, 0x13, 0xBF, 0xEC, 0xDA, 0xB0,
    0x84, 0xB3, 0x77, 0xFC, 0x6A, 0x81, 0x5F, 0x6F, 0x7E, 0x29, 0x75, 0xF6, 0x74, 0xBD, 0xF0, 0xF3,
    0x87, 0x73, 0xDF, 0xF2, 0xCB, 0xAD, 0x7B, 0x87, 0x66, 0xF7, 0x1E, 0x5D, 0x5A, 0x19, 0x3A, 0xB3,
    0x78, 0xBD, 0xD9, 0x83, 0x57, 0x58, 0xC0, 0x5A, 0x7B, 0x96, 0x39, 0xB9, 0xDB, 0xAB, 0xEF, 0x81,
    0x4A, 0x6D, 0x0B, 0x8A, 0xB4, 0x60, 0x70, 0x5D, 0x21, 0x25, 0xD0, 0xBB, 0xA2, 0x04, 0x7B, 0xF4,
    0xA7, 0x31, 0x7A, 0xD3, 0x58, 0xC0, 0x82, 0xCF, 0x3A, 0x08, 0x84, 0xF8, 0x14, 0x01, 0xF9, 0xB8,
    0x77, 0x37, 0xF2, 0x4F, 0x7D, 0xCD, 0x23, 0xFF, 0xCF, 0x05, 0xE6, 0xBA, 0xBB, 0xC3, 0xF3, 0xA0,
    0xDB, 0x18, 0xB6, 0xA0, 0xB4, 0xB7, 0x6C, 0x41, 0x6B, 0x2F, 0xC1, 0xF5, 0xD8, 0x7B, 0xFF, 0x40,
    0x1F, 0xFC, 0x86, 0x4A, 0x67, 0xD0, 0x9F, 0xC9, 0xAE, 0xF7, 0xD6, 0x5E, 0xD7, 0x07, 0x25, 0x7C,
    0x67, 0x9C, 0x8A, 0xC7, 0xDD, 0x34, 0x46, 0x16, 0x74, 0xA1, 0x00, 0x1D, 0x68, 0x8C, 0x4E, 0x7D,
    0xD0, 0xE9, 0xD9, 0x55, 0x45, 0x45, 0x7C, 0x0D, 0x88, 0xF7, 0xC1, 0x28, 0xB5, 0xF0, 0x71, 0x81,
    0x0F, 0x4E, 0x99, 0x87, 0x31, 0x2C, 0x50, 0x70, 0xDC, 0x5A, 0x81, 0x36, 0x1A, 0x7B, 0xF5, 0x3C,
    0x45, 0x4F, 0x85, 0xDE, 0x03, 0xCE, 0x7E, 0xC8, 0xDC, 0x85, 0xFE, 0xE8, 0xC1, 0x92, 0xA2, 0xDC,
    0xFC, 0xAA, 0xFA, 0x12, 0x3F, 0x1D, 0xE2, 0x7C, 0x84, 0xEF, 0x2F, 0x71, 0xBA, 0x3A, 0xF8, 0xF4,
    0x97, 0x38, 0x3D, 0xC5, 0xE9, 0x29, 0x4E, 0xCF, 0x70, 0xF7, 0x0C, 0x77, 0x6B, 0xDC, 0xAD, 0x71,
    0x37, 0xF9, 0xA3, 0xFE, 0x0B, 0x99, 0xD9, 0x36, 0x94, 0x11, 0xBB, 0x85, 0x9B, 0x58, 0xEC, 0x79,
    0x02, 0x7E, 0xAB, 0xF8, 0xDD, 0x31, 0x8F, 0xA6, 0x3C, 0xBA, 0xE0, 0x2C, 0xD8, 0xE7, 0x66, 0xCE,
    0x28, 0x01, 0xD8, 0x6D, 0xC2, 0x42, 0x0C, 0x09, 0x71, 0x11, 0x6F, 0xCA, 0xB6, 0xAD, 0x28, 0x7F,
    0x83, 0x10, 0x17, 0x5F, 0x41, 0x88, 0x8B, 0xAF, 0x61, 0x3E, 0x94, 0xBF, 0xA7, 0x9C, 0xBF, 0x49,
    0xCD, 0x94, 0x4E, 0xA2, 0x72, 0x9F, 0x79, 0x13, 0x52, 0x3A, 0x3C, 0x67, 0x75, 0x46, 0xBD, 0x3A,
    0xA7, 0x3C, 0xAA, 0xF6, 0xA8, 0xC3, 0xA9, 0x2D, 0x4C, 0x77, 0x31, 0xB9, 0x73, 0x05, 0x35, 0xD9,
    0xAF, 0xE8, 0x13, 0xEC, 0x10, 0x6A, 0x7D, 0x72, 0x96, 0xE5, 0xEE, 0x07, 0x55, 0x9C, 0xB2, 0x10,
    0xC3, 0x42, 0x16, 0x2C, 0x84, 0xB2, 0xB8, 0xA1, 0x2C, 0x6E, 0x51, 0xC3, 0x2C, 0x6E, 0xA1, 0x1F,
    0xC8, 0xE2, 0x53, 0xCE, 0xE2, 0x17, 0x9C, 0xC5, 0x0D, 0x65, 0x71, 0x07, 0xFD, 0x8C, 0xED, 0xB7,
    0x66, 0x85, 0x4B, 0x26, 0x41, 0x7C, 0xBB, 0x3A, 0x3B, 0x24, 0xB8, 0x01, 0xB5, 0x89, 0xB8, 0xCB,
    0x5B, 0x7F, 0xA2, 0xDA, 0x4E, 0xB2, 0x05, 0xC9, 0x23, 0x92, 0x18, 0xEB, 0x32, 0xCB, 0x8D, 0x96,
    0x6A, 0xBB, 0xB0, 0x19, 0xAA, 0xED, 0x82, 0x86, 0x6B, 0xBB, 0x25, 0xD7, 0x76, 0x54, 0xA7, 0xA8,
    0x9C, 0xC2, 0x9E, 0x34, 0x6C, 0xEA, 0x73, 0xF1, 0xED, 0xDE, 0xDA, 0x2E, 0x07, 0xCF, 0xDC, 0x9B,
    0x7B, 0x57, 0x5D, 0xEE, 0x8D, 0x43, 0x9B, 0x7B, 0xBB, 0xEC, 0x6E, 0xE1, 0x5A, 0x36, 0x42, 0x5A,
    0xDF, 0x0A, 0xFF, 0x7C, 0x5D, 0x44, 0xAB, 0x9F, 0xAB, 0x33, 0x3F, 0x5F, 0x3C, 0xF6, 0xF3, 0x3B,
    0xEF, 0x9A, 0x9B, 0xB9, 0x49, 0xE6, 0x18, 0xB2, 0xC2, 0x2B, 0x19, 0xEF, 0x35, 0xB3, 0x22, 0xE1,
    0xA8, 0x19, 0xE5, 0x54, 0xDB, 0xA9, 0x8A, 0x6A, 0xBB, 0x60, 0x33, 0x54, 0xDB, 0x05, 0x0D, 0xD5,
    0x76, 0xAA, 0xA4, 0xDA, 0xAE, 0xC7, 0xEC, 0x92, 0x53, 0x43, 0x45, 0xB5, 0x9D, 0x2C, 0xA8, 0xB6,
    0xF3, 0x90, 0x15, 0x29, 0x30, 0xF9, 0x3F, 0xB4, 0x2F, 0x64, 0x19, 0x68, 0x59, 0x9E, 0xA9, 0x17,
    0x2F, 0x6A, 0x7F, 0xF3, 0xDA, 0x08, 0x17, 0x9B, 0xB5, 0x35, 0xFA, 0xD8, 0x05, 0x83, 0x4A, 0x8C,
    0x7C, 0x23, 0x67, 0xB2, 0x8C, 0xC6, 0x4F, 0x7F, 0xAD, 0x83, 0x3F, 0x7E, 0x37, 0x9E, 0x9B, 0x4F,
    0x6C, 0x2C, 0x8B, 0xEC, 0xD9, 0xD5, 0x1A, 0xB2, 0x84, 0x2C, 0xB0, 0xA4, 0x7B, 0xCF, 0xEF, 0x0E,
    0x10, 0x57, 0xC4, 0x5B, 0xC6, 0x8A, 0x01, 0xE7, 0x9A, 0x38, 0x0F, 0xA5, 0x5A, 0x76, 0xCA, 0xB5,
    0xEC, 0x05, 0xD7, 0xB2, 0x86, 0x6A, 0x59, 0x2B, 0x04, 0x6B, 0x59, 0x2B, 0x04, 0x6B, 0x59, 0x1B,
    0xB5, 0x06, 0x6A, 0xD9, 0x0B, 0xAA, 0x65, 0x9D, 0xC7, 0x40, 0x2D, 0xEB, 0x4E, 0x02, 0xB5, 0xAC,
    0x3B, 0x09, 0xD4, 0xB2, 0x8A, 0x6B, 0xD9, 0x63, 0xAE, 0x65, 0xA7, 0x1C, 0x35, 0xDE, 0x3A, 0xC2,
    0xF6, 0x61, 0xFA, 0xEE, 0x56, 0xD4, 0x18, 0xC0, 0x64, 0xCB, 0xAA, 0x64, 0x37, 0x8F, 0xF5, 0x50,
    0x7C, 0x2B, 0x59, 0xF2, 0x56, 0xCD, 0xA3, 0xB0, 0xB9, 0x0F, 0x4F, 0x2C, 0xD8, 0xE6, 0x82, 0x8C,
    0x9E, 0x6F, 0x49, 0xEE, 0xA3, 0xF5, 0x5E, 0xAB, 0xC6, 0xA0, 0x54, 0xE0, 0x70, 0xAA, 0x20, 0x6A,
    0x2C, 0x5B, 0x21, 0x1B, 0x9D, 0x87, 0x95, 0x32, 0x51, 0xA5, 0xEA, 0xAF, 0x2A, 0x75, 0x3C, 0xAA,
    0x94, 0x27, 0x2A, 0xAB, 0xE9, 0xA1, 0x9A, 0xB1, 0x6D, 0xFE, 0x11, 0xE1, 0x7D, 0xCB, 0x8D, 0xB0,
    0xE7, 0x79, 0xCE, 0xCA, 0xB3, 0xB1, 0xFC, 0x4D, 0x4F, 0x77, 0x02, 0xDA, 0xD6, 0x50, 0x9F, 0x00,
    0x5A, 0xDF, 0x34, 0x5B, 0x70, 0x91, 0x94, 0x74, 0xE0, 0x46, 0xE8, 0x95, 0x57, 0x1C, 0x60, 0x22,
    0xE1, 0xAC, 0x07, 0x6C, 0x23, 0xA3, 0xBC, 0x87, 0x46, 0x1D, 0x47, 0xC6, 0xE6, 0x0D, 0x6B, 0x03,
    0x67, 0x0B, 0x17, 0xC9, 0x3B, 0xDB, 0x38, 0x1B, 0xB9, 0x7C, 0xD0, 0x11, 0x31, 0xBE, 0x81, 0x5F,
    0x7F, 0x3F, 0xE9, 0x9E, 0x47, 0x42, 0xB1, 0xAA, 0x09, 0xBC, 0x7A, 0x92, 0x0E, 0x47, 0x8D, 0xE4,
    0x96, 0xA8, 0x41, 0xDE, 0xC6, 0x92, 0x4B, 0x2E, 0x37, 0xF7, 0xF3, 0x8B, 0x6E, 0xD0, 0x8E, 0x8F,
    0xEE, 0x8F, 0x43, 0xB2, 0xA6, 0x3F, 0x0E, 0xB1, 0x7A, 0xF9, 0x43, 0xA1, 0xBF, 0xCB, 0xAA, 0xF6,
    0x24, 0xAB, 0xBF, 0x3E, 0xC9, 0x9E, 0xA9, 0x93, 0x2C, 0x3F, 0x58, 0x0B, 0xB2, 0xFC, 0x48, 0xF2,
    0x2F, 0x87, 0x47, 0x7C, 0x50, 0x9B, 0xC8, 0x3F, 0x07, 0x64, 0x2E, 0x7B, 0x27, 0x4C, 0xE9, 0xDD,
    0x8F, 0x7D, 0xA5, 0xC3, 0x70, 0xC8, 0x36, 0xD6, 0xBB, 0x78, 0xD1, 0x42, 0xC9, 0xF0, 0x06, 0x15,
    0xC3, 0x55, 0x30, 0xC2, 0x7B, 0xEA, 0x38, 0xB3, 0xED, 0x8A, 0xD2, 0x8B, 0xD3, 0x30, 0x5B, 0xE5,
    0x87, 0x6C, 0xF7, 0xB2, 0xD5, 0xB3, 0x65, 0xB6, 0xAA, 0x6F, 0xBC, 0x41, 0xAB, 0xFE, 0x06, 0xFD,
    0x2F, 0xAD, 0x57, 0xBF, 0x8F, 0xDC, 0x54, 0x10, 0x1E, 0xDB, 0xB9, 0x58, 0x8A, 0x45, 0x4C, 0x41,
    0x24, 0x40, 0x04, 0x53, 0x50, 0x9C, 0x10, 0x59, 0x37, 0x29, 0x52, 0xEC, 0x9D, 0xFD, 0x27, 0xA4,
    0xE0, 0x44, 0xC1, 0x7F, 0x90, 0x26, 0x14, 0x29, 0x28, 0x2E, 0xF1, 0x13, 0x94, 0x34, 0x69, 0xA0,
    0x4E, 0x41, 0x81, 0x52, 0xA5, 0xA0, 0xD8, 0xE2, 0x72, 0xB6, 0x72, 0x3D, 0x31, 0x42, 0xD4, 0x31,
    0xE2, 0x47, 0x24, 0x1A, 0xAC, 0xC4, 0x48, 0x1B, 0xE2, 0xDD, 0xC7, 0x37, 0x33, 0xCF, 0xBB, 0xDE,
    0xBB, 0x4B, 0x44, 0xA4, 0xD8, 0xB9, 0x79, 0x8E, 0x77, 0xDE, 0xBC, 0x6F, 0xBE, 0x99, 0x37, 0xF3,
    0x4C, 0x5B, 0x39, 0x51, 0x3C, 0x27, 0xA2, 0x92, 0x1F, 0x6A, 0xA2, 0xA0, 0x25, 0xF2, 0xF8, 0x45,
    0x8F, 0xBF, 0x9B, 0xF8, 0xDB, 0xC5, 0x5F, 0xB6, 0xFE, 0x3B, 0x93, 0x91, 0x6F, 0x2D, 0x25, 0x0F,
    0x2C, 0xDD, 0xA2, 0xA5, 0xD7, 0xD3, 0x02, 0x33, 0xFA, 0xA8, 0xA1, 0x3E, 0xAE, 0xBC, 0x3E, 0x35,
    0xFE, 0x3C, 0x83, 0x8D, 0x8C, 0xC2, 0xF6, 0x10, 0xF6, 0xEE, 0x53, 0x5C, 0x1D, 0x60, 0xDA, 0x01,
    0x1D, 0xD2, 0x3E, 0xCC, 0xEE, 0x86, 0x0D, 0xC5, 0x36, 0x27, 0xFF, 0x3B, 0x1A, 0x5F, 0x3E, 0x16,
    0x26, 0xEF, 0x93, 0xA0, 0x62, 0x20, 0xF6, 0x6F, 0x40, 0x09, 0x2D, 0x16, 0x21, 0x4A, 0x1B, 0x2A,
    0xF1, 0x12, 0x8F, 0x65, 0x4B, 0x3E, 0x20, 0x3D, 0xE9, 0x61, 0x99, 0x82, 0xDA, 0x32, 0xD8, 0xB0,
    0xCA, 0x28, 0x35, 0x14, 0xE7, 0xA9, 0x01, 0xB2, 0x14, 0x6B, 0x15, 0x44, 0x53, 0x0C, 0x87, 0x44,
    0x33, 0x28, 0x2C, 0x88, 0x5A, 0x19, 0x82, 0x5A, 0x86, 0xB0, 0xC2, 0x6F, 0x0B, 0x8A, 0x49, 0x54,
    0x26, 0x44, 0x09, 0x26, 0x4C, 0x31, 0xD3, 0x64, 0xF9, 0x8C, 0xBD, 0x4B, 0x2B, 0x78, 0x0F, 0xDC,
    0xBF, 0xD5, 0xBC, 0x58, 0x68, 0x2B, 0x8A, 0x5A, 0xF2, 0x80, 0x37, 0x03, 0xC0, 0xE2, 0xD9, 0x67,
    0x0C, 0x29, 0xB3, 0x96, 0xE9, 0xE9, 0xAE, 0x2F, 0x01, 0xD3, 0x6B, 0x05, 0x7F, 0x50, 0xCB, 0x10,
    0x1A, 0x7A, 0xD1, 0xD5, 0x8C, 0xF5, 0xB2, 0x4A, 0x06, 0x2B, 0x83, 0xAF, 0x43, 0x78, 0x5D, 0x26,
    0x9F, 0xCF, 0x72, 0x1E, 0xAE, 0x64, 0xA2, 0xD1, 0x16, 0x32, 0x8B, 0xFD, 0x21, 0x8A, 0xF2, 0x05,
    0x0F, 0xEF, 0x4B, 0x64, 0xE8, 0x0B, 0x1D, 0x5A, 0x26, 0x05, 0x1A, 0x01, 0x63, 0x8A, 0xF3, 0xA0,
    0xC3, 0x30, 0x91, 0x20, 0x82, 0xF3, 0xB0, 0x15, 0x84, 0xF0, 0x41, 0x5C, 0x6F, 0x58, 0x43, 0x82,
    0xBC, 0xCB, 0x0C, 0x48, 0x88, 0x93, 0x8A, 0x7C, 0xFC, 0x9C, 0xC2, 0x53, 0xBC, 0xC8, 0x0C, 0x25,
    0x7F, 0xE4, 0x5B, 0x85, 0x61, 0x2F, 0x2D, 0xFC, 0x2E, 0xAC, 0xC6, 0xC1, 0x5D, 0x11, 0xFF, 0x97,
    0x23, 0x28, 0x43, 0xF2, 0xD7, 0x37, 0xD7, 0x4A, 0xC3, 0x73, 0x39, 0x31, 0x78, 0x38, 0x10, 0x13,
    0x4C, 0x0A, 0xDC, 0x60, 0x67, 0x33, 0x59, 0x92, 0x0A, 0x4D, 0xA3, 0x52, 0x34, 0x68, 0xA9, 0xB4,
    0x21, 0x2C, 0x95, 0xE4, 0x59, 0xCC, 0xC1, 0xEF, 0x69, 0x87, 0xC9, 0x98, 0x23, 0x70, 0xF0, 0x67,
    0xEE, 0x31, 0x61, 0x41, 0x2B, 0x1A, 0x41, 0x1B, 0x0B, 0x43, 0xED, 0x54, 0x30, 0x34, 0x3F, 0xF0,
    0x10, 0xFF, 0x24, 0x5C, 0xC6, 0x47, 0x42, 0x5B, 0xF2, 0xA3, 0xE0, 0x4B, 0x7B, 0xE5, 0x57, 0xA3,
    0x92, 0x29, 0xDB, 0x3B, 0x8A, 0xFD, 0xF3, 0x63, 0x11, 0x39, 0xA3, 0x43, 0x4E, 0xEA, 0xAB, 0xB5,
    0xCC, 0x92, 0x85, 0xB5, 0x84, 0x69, 0xF6, 0x59, 0xC4, 0x6C, 0x47, 0x08, 0x8E, 0x05, 0x07, 0x73,
    0x9C, 0x28, 0x22, 0x12, 0x4F, 0x49, 0x28, 0x96, 0xAD, 0x01, 0x5C, 0x24, 0x8E, 0xEA, 0x36, 0x22,
    0x09, 0x99, 0x28, 0x4B, 0xD4, 0x52, 0xE3, 0xB6, 0x14, 0x33, 0xC3, 0x6E, 0xBA, 0x69, 0x12, 0x30,
    0x26, 0x46, 0x6D, 0x8A, 0x72, 0x24, 0x4F, 0xFD, 0x60, 0xC9, 0x7B, 0x3D, 0x00, 0x2A, 0x67, 0x89,
    0x0A, 0x3C, 0x05, 0xFC, 0x74, 0x16, 0x31, 0xA4, 0x14, 0x51, 0xC6, 0x9E, 0xB3, 0x14, 0x08, 0x03,
    0x6F, 0x82, 0x17, 0x2F, 0x67, 0x56, 0xDE, 0xC2, 0x8D, 0xF1, 0xEA, 0xEA, 0xD7, 0x8E, 0x73, 0x15,
    0x2A, 0x09, 0xCF, 0x90, 0x1C, 0x0E, 0x16, 0x9B, 0x6B, 0x08, 0xC8, 0xA5, 0x3C, 0xAD, 0xB0, 0x44,
    0x2B, 0x7C, 0x8A, 0x39, 0x1F, 0x9C, 0x66, 0x40, 0x23, 0x72, 0xD7, 0xFE, 0x2A, 0x07, 0xB2, 0x61,
    0x0E, 0x07, 0x07, 0xC5, 0x96, 0x32, 0x94, 0xD1, 0x8A, 0x3F, 0x33, 0xB8, 0x94, 0x54, 0x03, 0xBB,
    0xAF, 0x06, 0xC1, 0x6C, 0x40, 0xF0, 0xD6, 0x10, 0x96, 0xC3, 0x34, 0xCD, 0x88, 0x25, 0x8D, 0xB3,
    0x64, 0x9D, 0x39, 0x5B, 0xC4, 0x3C, 0x81, 0x11, 0x6B, 0xA1, 0x12, 0x3F, 0xDB, 0xDB, 0xBB, 0x8F,
    0x79, 0x00, 0x77, 0x49, 0x29, 0x7E, 0x0F, 0xE6, 0x97, 0x32, 0x90, 0xDB, 0x45, 0x65, 0x3E, 0xAE,
    0x00, 0xA9, 0x66, 0x68, 0xAC, 0xF9, 0x1A, 0x75, 0x5A, 0x24, 0x34, 0x89, 0x7D, 0x1D, 0xD4, 0x99,
    0x61, 0x50, 0xC7, 0x29, 0x72, 0x75, 0x44, 0x7F, 0x52, 0x45, 0xE5, 0x89, 0x12, 0xAD, 0x41, 0xF7,
    0x55, 0x1D, 0x16, 0x3F, 0x50, 0xEF, 0x1A, 0x51, 0xE7, 0xFD, 0x04, 0x13, 0xB1, 0xA1, 0xF0, 0x9F,
    0xBD, 0xBD, 0x92, 0xC3, 0x6F, 0xED, 0x42, 0x42, 0x6C, 0x7B, 0x1D, 0x60, 0xE6, 0xC2, 0xDE, 0xB5,
    0xBB, 0xB7, 0x9D, 0xC7, 0xB5, 0x94, 0x80, 0x5A, 0x9E, 0xAB, 0x0B, 0x7B, 0xB8, 0x44, 0xCB, 0x9A,
    0x52, 0x2B, 0x84, 0xBB, 0x2E, 0x8A, 0x9C, 0x88, 0xDC, 0x7D, 0x25, 0xA9, 0xD6, 0xAC, 0xB3, 0xB6,
    0xFB, 0x8A, 0x16, 0xDE, 0x1E, 0xAF, 0x2F, 0xF5, 0x61, 0x26, 0x65, 0x91, 0x9D, 0xE7, 0x04, 0x08,
    0x2B, 0xD2, 0x12, 0x44, 0xC9, 0x49, 0x0D, 0x29, 0xC7, 0x6B, 0x8D, 0xC9, 0x4B, 0x35, 0xE8, 0x84,
    0x86, 0xF7, 0x52, 0x8D, 0x0F, 0xD5, 0x46, 0x4B, 0x1D, 0x94, 0x67, 0xB4, 0x8F, 0xB7, 0x7C, 0xEF,
    0xE0, 0x9E, 0xE0, 0x4E, 0xA0, 0x2F, 0x77, 0x1E, 0x9B, 0xC8, 0x84, 0x55, 0x58, 0x05, 0x7A, 0xD7,
    0x7E, 0xE3, 0x37, 0x5E, 0xEB, 0xF1, 0x54, 0x84, 0x0C, 0xD4, 0x18, 0x4B, 0xDB, 0x9A, 0x2E, 0x92,
    0x04, 0x85, 0xEC, 0x35, 0x0E, 0x17, 0x5A, 0x53, 0x47, 0x1A, 0xD4, 0xA1, 0xF9, 0x08, 0x08, 0xF4,
    0x88, 0x15, 0x0C, 0x34, 0x0A, 0xE7, 0xCC, 0x16, 0x79, 0x35, 0x97, 0x1A, 0x56, 0x2F, 0xD1, 0x4D,
    0x58, 0xC6, 0x52, 0x7C, 0x2E, 0x89, 0x9C, 0x8A, 0xBC, 0x27, 0x92, 0xA9, 0x2B, 0x7D, 0x69, 0xC7,
    0x01, 0xDB, 0x2D, 0x23, 0x49, 0xDE, 0xF3, 0xB2, 0x29, 0x3F, 0x16, 0x79, 0x45, 0xE4, 0x3D, 0x79,
    0x2F, 0xE9, 0x58, 0x56, 0xEB, 0x04, 0x2F, 0x47, 0x49, 0xB8, 0x7F, 0x6A, 0xF9, 0x95, 0xAB, 0x98,
    0xC3, 0x85, 0x4A, 0x0E, 0x14, 0x31, 0x5C, 0x41, 0x7B, 0xA9, 0x52, 0xA4, 0x63, 0x92, 0x17, 0xCD,
    0x4D, 0x8F, 0x11, 0xC5, 0x1D, 0xBA, 0x4D, 0x7E, 0x19, 0xE5, 0xC7, 0x50, 0x60, 0xEE, 0x41, 0x9B,
    0xDD, 0xC5, 0xA2, 0xE8, 0x3B, 0x3E, 0x8F, 0xD8, 0x48, 0x3A, 0xE2, 0x50, 0x60, 0xB0, 0xD2, 0x63,
    0xB4, 0x6D, 0xEC, 0xF0, 0x00, 0xC7, 0x93, 0x84, 0x92, 0x7F, 0x4B, 0xB2, 0x7F, 0xF6, 0xB0, 0xBB,
    0x40, 0x32, 0x77, 0x58, 0xA7, 0xC3, 0x3A, 0x80, 0xF9, 0x6E, 0x4E, 0xDE, 0xF7, 0xD8, 0xBA, 0xFD,
    0xFF, 0xBC, 0xE6, 0xBA, 0xCF, 0xDD, 0x56, 0x1B, 0x8B, 0x37, 0x58, 0xEC, 0xB0, 0xD8, 0x67, 0x01,
    0x9A, 0x7B, 0xCE, 0xBB, 0x9E, 0x49, 0xEE, 0x39, 0xAB, 0x7A, 0xCE, 0xBB, 0x9E, 0xB9, 0xED, 0x39,
    0x67, 0x7A, 0xCE, 0x99, 0x65, 0x33, 0x74, 0x7F, 0xD9, 0x40, 0xF6, 0xA4, 0x65, 0xA9, 0x01, 0xA1,
    0xD4, 0x23, 0x16, 0x09, 0x8B, 0x29, 0x8B, 0x19, 0x8B, 0xB6, 0xE7, 0xBC, 0xEB, 0x39, 0xEF, 0x7A,
    0x0E, 0x79, 0xCF, 0x79, 0xD7, 0x73, 0xC0, 0x7B, 0xCE, 0xBB, 0xFE, 0x54, 0xA4, 0x1B, 0x62, 0xEE,
    0x02, 0xF0, 0xD6, 0x56, 0x9F, 0xBD, 0xDE, 0x7B, 0xCE, 0xFB, 0xD2, 0xCB, 0xAF, 0x72, 0x6B, 0x6E,
    0x4F, 0x13, 0x53, 0x16, 0x07, 0x2C, 0x70, 0x36, 0x3B, 0x7A, 0x82, 0xF8, 0x1E, 0x3D, 0xC5, 0xE1,
    0xE4, 0x08, 0x54, 0x40, 0xB0, 0x0A, 0xFB, 0x74, 0x34, 0x3F, 0x39, 0xF7, 0x21, 0x8B, 0x47, 0x2C,
    0xB8, 0x48, 0xC5, 0xCF, 0x59, 0x3C, 0x65, 0xF1, 0xF3, 0x86, 0x5E, 0xC2, 0x22, 0x63, 0x51, 0xB2,
    0xB0, 0x10, 0xC1, 0x23, 0x88, 0xF0, 0x21, 0x44, 0xCC, 0x2A, 0x13, 0x16, 0x53, 0x16, 0xB3, 0x17,
    0x80, 0xDC, 0x10, 0x5F, 0x35, 0xE3, 0x9C, 0x3D, 0x7B, 0xC7, 0xE5, 0xEE, 0x42, 0x4B, 0xEC, 0xAF,
    0x5A, 0xD9, 0x23, 0x53, 0x68, 0xFD, 0x75, 0xE7, 0x8D, 0x1D, 0xB4, 0xD2, 0x75, 0x71, 0x26, 0x4F,
    0x6B, 0xBB, 0xEB, 0x61, 0x18, 0x9D, 0xCD, 0x48, 0x1B, 0x81, 0xEB, 0x81, 0x98, 0xEE, 0x2A, 0xAA,
    0x2B, 0xED, 0xAE, 0xCA, 0xE9, 0xB9, 0x69, 0x14, 0x38, 0xFF, 0x98, 0xB9, 0xF0, 0xB8, 0x39, 0x77,
    0x12, 0x4D, 0x8F, 0x99, 0xBB, 0x45, 0xE3, 0x96, 0xB1, 0x36, 0xD7, 0x1E, 0x33, 0x57, 0x6F, 0xA2,
    0x8A, 0x9D, 0xFA, 0x8E, 0x73, 0xF1, 0x86, 0x1A, 0xFD, 0x52, 0x7F, 0xCE, 0x5C, 0x8B, 0x3A, 0x77,
    0x7B, 0xB4, 0xB3, 0x39, 0xB7, 0xF9, 0xE4, 0x0C, 0x76, 0xB6, 0x4F, 0x3F, 0x12, 0xA3, 0x0F, 0xA3,
    0x64, 0x60, 0x1B, 0xA0, 0x64, 0x6C, 0x6B, 0xB3, 0xAF, 0x03, 0xDB, 0x45, 0x15, 0x1F, 0x2F, 0x29,
    0xFB, 0x14, 0x9B, 0xF6, 0x06, 0xA5, 0xED, 0x7A, 0xC2, 0xB9, 0xCD, 0x02, 0xDB, 0x6D, 0x94, 0xE0,
    0xC8, 0x9C, 0x2C, 0xC1, 0x6B, 0x0D, 0x00, 0x4D, 0xBF, 0x36, 0x97, 0xC9, 0x5A, 0xBF, 0x0D, 0xB8,
    0x93, 0xC5, 0xBF, 0xA0, 0xDD, 0x5C, 0xA4, 0xE7, 0xFD, 0x48, 0x63, 0x64, 0x63, 0x67, 0x55, 0xB8,
    0xBA, 0xA1, 0x93, 0x9C, 0xA6, 0xA1, 0x9E, 0x85, 0x1D, 0xA0, 0xE1, 0x1C, 0x75, 0x13, 0xE6, 0xED,
    0xDC, 0x7F, 0x76, 0xDD, 0x36, 0x81, 0xF1, 0xD6, 0xBD, 0x91, 0xE9, 0xC8, 0xE9, 0x0E, 0xAA, 0x4F,
    0x58, 0xB3, 0x6F, 0x26, 0xFD, 0x16, 0xC7, 0x85, 0x2B, 0x94, 0x74, 0xAB, 0xDF, 0xB5, 0x84, 0x4B,
    0x17, 0xD2, 0x46, 0xE5, 0xA8, 0xDE, 0x1F, 0x72, 0x47, 0xFB, 0xAF, 0x48, 0xE3, 0x60, 0xB8, 0xA8,
    0x8C, 0x14, 0x05, 0x6C, 0x36, 0xEA, 0xD7, 0x1B, 0x8A, 0x93, 0x51, 0x53, 0x90, 0x95, 0xF5, 0xE3,
    0xC5, 0xAF, 0x56, 0x28, 0xCC, 0x2A, 0x85, 0x3C, 0x5E, 0x85, 0xD2, 0xC5, 0x70, 0x02, 0xA2, 0x92,
    0x67, 0xC8, 0x39, 0xC8, 0xB7, 0x4C, 0x77, 0x32, 0x5F, 0x1F, 0x63, 0xF4, 0x59, 0xDF, 0xAB, 0x8E,
    0xD3, 0x77, 0x73, 0xD5, 0xCE, 0xF0, 0xA1, 0x93, 0xE8, 0x7A, 0xE6, 0xA3, 0xBB, 0xB8, 0x72, 0xE9,
    0xFE, 0x95, 0x75, 0x7E, 0xB9, 0x63, 0xD5, 0xAA, 0x75, 0x64, 0x8D, 0x7E, 0x75, 0xE4, 0xAE, 0x59,
    0x9C, 0x5C, 0x46, 0x15, 0x96, 0x03, 0xC9, 0xBC, 0xE4, 0xEA, 0xFD, 0x08, 0xAE, 0xCC, 0x55, 0x3B,
    0xC5, 0xEF, 0xEB, 0xE3, 0x94, 0x26, 0xAC, 0x22, 0x29, 0xD6, 0x0C, 0x57, 0xA3, 0x2F, 0x53, 0x2E,
    0x66, 0x6E, 0x27, 0x09, 0x72, 0xDF, 0xF2, 0x3F, 0xB6, 0xD3, 0x51, 0x3A, 0x97, 0x05, 0x73, 0x5F,
    0x0D, 0x37, 0xFC, 0x4E, 0xD0, 0x84, 0xF2, 0x02, 0x20, 0x8A, 0x56, 0x5F, 0x28, 0xC2, 0xA2, 0x76,
    0x1E, 0x59, 0x07, 0x96, 0x32, 0x18, 0xE9, 0xD4, 0x2D, 0x58, 0x51, 0xB2, 0x9C, 0x5D, 0xBC, 0x32,
    0x9E, 0x7B, 0x35, 0xD7, 0x8F, 0x12, 0x0E, 0x8B, 0xE7, 0xFC, 0x5F, 0x38, 0x9B, 0xDC, 0x11, 0x4B,
    0xE3, 0xB2, 0x27, 0xDA, 0x88, 0xE5, 0x55, 0x72, 0xA7, 0xE9, 0x43, 0xDA, 0x58, 0x9D, 0x01, 0xAE,
    0xE8, 0x2B, 0x34, 0x50, 0x03, 0x66, 0x71, 0xCB, 0xC5, 0x6E, 0x40, 0x94, 0xAD, 0x11, 0x39, 0xDF,
    0xB9, 0xBF, 0x17, 0xFC, 0x5B, 0xB4, 0x70, 0xA6, 0x70, 0x04, 0x28, 0x1A, 0x7D, 0x21, 0xB8, 0x18,
    0xA6, 0x06, 0xA1, 0xE7, 0x77, 0xCE, 0x9B, 0x7A, 0xEC, 0x0C, 0x8C, 0x8B, 0x0D, 0x2E, 0x42, 0xB3,
    0x93, 0xE5, 0x21, 0xA2, 0xF5, 0x66, 0xD0, 0xA4, 0x9D, 0x0D, 0x27, 0x99, 0xE1, 0x43, 0x3A, 0x7C,
    0x20, 0x7E, 0x5F, 0x67, 0xE0, 0xE9, 0x10, 0x14, 0x72, 0x9E, 0x28, 0xF5, 0xB2, 0x64, 0xF9, 0xB8,
    0x62, 0xAF, 0x63, 0x21, 0x61, 0x22, 0xFC, 0x4F, 0xC5, 0xAF, 0x19, 0xB9, 0x6F, 0x1A, 0x72, 0x4E,
    0x47, 0xE2, 0x71, 0x2C, 0xEE, 0x4E, 0x84, 0xFD, 0xA9, 0xA0, 0xED, 0x98, 0x67, 0xDE, 0x2F, 0xF8,
    0xC4, 0xAE, 0x88, 0xE8, 0x94, 0x8D, 0xB5, 0xBD, 0x59, 0xA7, 0x36, 0xB6, 0xDB, 0x80, 0x3C, 0x17,
    0xE4, 0x0B, 0x39, 0x30, 0x22, 0x1C, 0xB1, 0xC4, 0x62, 0x22, 0x81, 0x98, 0x4A, 0x60, 0x84, 0x66,
    0x41, 0xEE, 0xBC, 0x08, 0xE5, 0x84, 0x17, 0x0B, 0xED, 0x13, 0x49, 0x9A, 0xA9, 0x10, 0xDE, 0x31,
    0xB9, 0xDE, 0x73, 0x7E, 0x0C, 0xF8, 0x33, 0x8E, 0xE2, 0x85, 0x63, 0x7D, 0xD8, 0x1B, 0x85, 0x36,
    0xFA, 0xD1, 0x4E, 0x7F, 0x39, 0xF2, 0xD8, 0x64, 0x75, 0xD6, 0x64, 0x75, 0xB4, 0x6A, 0x19, 0x99,
    0x49, 0x2A, 0x9C, 0xF3, 0xAB, 0xAC, 0x66, 0x59, 0xD4, 0x16, 0xF1, 0xCA, 0xAA, 0x6D, 0x7A, 0x07,
    0x1E, 0xFE, 0x07, 0xBD, 0x94, 0xB1, 0x8E, 0xD3, 0x40, 0x10, 0x86, 0xFF, 0xD8, 0x08, 0x17, 0x2E,
    0x96, 0x82, 0x0A, 0x0A, 0xB7, 0x14, 0x48, 0xFB, 0x02, 0x8E, 0x6D, 0x89, 0x17, 0xE0, 0x31, 0xE8,
    0x78, 0x81, 0xE8, 0xCE, 0x12, 0x2F, 0x70, 0x0F, 0x71, 0x1D, 0x2D, 0x45, 0x0A, 0x9F, 0xBC, 0x49,
    0x0A, 0x0A, 0x8A, 0x58, 0xE2, 0x01, 0xCE, 0xC5, 0xF5, 0xAC, 0x14, 0x23, 0x2D, 0x92, 0xF1, 0x30,
    0xB3, 0x8E, 0x7D, 0xD6, 0x89, 0x82, 0x43, 0x88, 0xD5, 0xCC, 0xAF, 0x4F, 0xCA, 0xEC, 0xCC, 0x64,
    0x76, 0x64, 0x84, 0x25, 0x22, 0xF3, 0x77, 0x16, 0x93, 0xC9, 0xC9, 0xD4, 0x54, 0x12, 0x81, 0x06,
    0xD4, 0x0E, 0xFA, 0x0A, 0xE0, 0x84, 0xF2, 0xF3, 0xE8, 0x0D, 0x7B, 0xC7, 0xDE, 0xB3, 0x93, 0x38,
    0xDF, 0xA3, 0x06, 0xD1, 0xAD, 0x45, 0x74, 0x60, 0xDF, 0x39, 0x8E, 0x13, 0xDF, 0x2E, 0xFC, 0x13,
    0xBB, 0x1D, 0x7D, 0xD7, 0xC4, 0xB4, 0x97, 0x2A, 0xE0, 0x32, 0xE0, 0x3A, 0x52, 0x48, 0x2A, 0xF9,
    0x52, 0xFE, 0x3C, 0x17, 0x79, 0xE9, 0x44, 0xC8, 0x89, 0xB0, 0x86, 0x44, 0x03, 0x67, 0xA2, 0xA1,
    0x10, 0x2D, 0xB0, 0xF5, 0x9D, 0x6C, 0x7D, 0x4F, 0xFF, 0x54, 0x6B, 0xB7, 0xFA, 0x68, 0x42, 0x72,
    0x8A, 0x8C, 0xA2, 0x2E, 0x17, 0xB5, 0xDC, 0xA9, 0xA2, 0x86, 0x7B, 0x55, 0x3C, 0x99, 0x9F, 0x08,
    0x1C, 0x2E, 0x3B, 0xE9, 0xF1, 0x45, 0x01, 0x3C, 0xB6, 0xE7, 0x95, 0x1B, 0xAB, 0xB0, 0xBE, 0xE7,
    0x98, 0xE8, 0x9B, 0x44, 0x46, 0x44, 0xAD, 0xC4, 0xDC, 0x49, 0xCC, 0xDD, 0x7F, 0xE8, 0xF9, 0x15,
    0x90, 0xFE, 0x89, 0x3D, 0xBD, 0x4A, 0x73, 0x97, 0x52, 0x9F, 0x37, 0x43, 0x8E, 0x8B, 0x35, 0x2E,
    0x52, 0xDC, 0xA4, 0xE8, 0xD3, 0xC0, 0xA5, 0x91, 0x4D, 0xB5, 0xC9, 0x07, 0xE4, 0xAD, 0x24, 0xCC,
    0xC4, 0x56, 0x19, 0x92, 0x2C, 0xA0, 0x4C, 0x53, 0x4E, 0xDE, 0x06, 0x9D, 0x37, 0x3A, 0xC3, 0xEF,
    0x6C, 0x45, 0x59, 0xB2, 0x08, 0x6B, 0xF5, 0x1A, 0xFA, 0x19, 0x34, 0xCE, 0x86, 0x8D, 0x64, 0xAD,
    0x96, 0xF2, 0x16, 0xD5, 0x13, 0x38, 0x54, 0x15, 0x4B, 0xDD, 0xB3, 0x10, 0x8B, 0xE2, 0xE9, 0x39,
    0xF2, 0x9B, 0xD4, 0x23, 0x20, 0xAA, 0xA0, 0xC9, 0x56, 0xB2, 0x53, 0x2C, 0x1C, 0x8C, 0x41, 0xA4,
    0x11, 0xC1, 0x24, 0xAF, 0xA7, 0x04, 0x22, 0xB1, 0x64, 0xA9, 0x79, 0x83, 0x25, 0x81, 0x97, 0x84,
    0x3A, 0xBE, 0x4B, 0xC5, 0x32, 0x41, 0x7B, 0xBE, 0xFB, 0x4E, 0x04, 0x4B, 0xB9, 0xC6, 0x83, 0xB3,
    0x92, 0x7D, 0x46, 0x4C, 0x32, 0xED, 0x84, 0xC8, 0x4A, 0x52, 0x7E, 0x7C, 0xD4, 0x6F, 0xF6, 0x03,
    0xE2, 0x1F, 0x2A, 0xB1, 0x08, 0xFB, 0xD0, 0x90, 0xD1, 0x56, 0x85, 0x3D, 0x62, 0xE6, 0x93, 0xBD,
    0x61, 0x1E, 0xA0, 0x36, 0xA1, 0xB1, 0xDF, 0x2D, 0xF3, 0xB1, 0xC8, 0x52, 0xE6, 0xCB, 0x86, 0xF9,
    0x8B, 0x49, 0x85, 0x75, 0xC9, 0x7C, 0x68, 0xB6, 0xC2, 0x0A, 0xCC, 0xFB, 0xB6, 0x9B, 0xD9, 0x58,
    0xFB, 0x48, 0x5E, 0xDE, 0xBD, 0xCF, 0xB9, 0xB3, 0x9B, 0x45, 0xFE, 0x74, 0xE6, 0x83, 0x59, 0xCF,
    0xFC, 0xD9, 0x24, 0x33, 0x1F, 0x4B, 0xDF, 0xB3, 0xE7, 0x5B, 0xFE, 0x28, 0x4C, 0x3C, 0xF8, 0xFF,
    0x38, 0x32, 0x8F, 0x75, 0x66, 0x1E, 0x4A, 0x35, 0x31, 0xEF, 0x4D, 0x76, 0xE6, 0x98, 0x37, 0x59,
    0x7D, 0x18, 0x39, 0xE1, 0xB9, 0x45, 0x5F, 0x47, 0x5E, 0xCB, 0x3C, 0x4F, 0x23, 0xFB, 0x69, 0xD7,
    0x23, 0xFB, 0x95, 0xD3, 0x23, 0x97, 0xC2, 0xB1, 0xE7, 0xCC, 0x3F, 0x40, 0x60, 0x85, 0xDD, 0xF8,
    0x1A, 0x3C, 0x58, 0x9C, 0xDA, 0x91, 0x79, 0xE0, 0xA0, 0x72, 0xE4, 0x88, 0x79, 0x98, 0x5E, 0xCC,
    0xA9, 0xA0, 0x9B, 0x9E, 0x2F, 0x57, 0xAA, 0x99, 0x58, 0x1D, 0xF3, 0xF9, 0x59, 0x03, 0x59, 0x8F,
    0xE9, 0x5C, 0xB6, 0xF7, 0x9C, 0x14, 0x0F, 0x37, 0x00, 0xBF, 0x00, 0xC5, 0x96, 0xB1, 0x6E, 0xD4,
    0x40, 0x10, 0x86, 0xC7, 0xB6, 0x22, 0xA3, 0x58, 0xC2, 0x15, 0x12, 0x48, 0x91, 0x4C, 0x89, 0x84,
    0x88, 0x5B, 0x8A, 0xDC, 0xAD, 0x25, 0x24, 0x5A, 0xE0, 0x09, 0x78, 0x04, 0x5A, 0x8A, 0xE4, 0x62,
    0xE5, 0x05, 0x48, 0x45, 0x0B, 0x05, 0x5D, 0x0A, 0x52, 0x50, 0xA4, 0xB8, 0x70, 0x2B, 0x9E, 0xE0,
    0x10, 0x2F, 0xE0, 0x86, 0x06, 0x8A, 0xB8, 0x70, 0x61, 0x84, 0xEF, 0x96, 0xD9, 0x9D, 0x99, 0x5D,
    0xE7, 0x48, 0x40, 0x54, 0x58, 0xA7, 0x64, 0x12, 0x9F, 0x77, 0x7E, 0xFF, 0xDF, 0xCC, 0xEC, 0x02,
    0xF0, 0x75, 0x87, 0x7F, 0x97, 0x4D, 0x62, 0x96, 0x2E, 0x8A, 0xCD, 0x6A, 0xF7, 0x79, 0xEB, 0xC2,
    0xA2, 0x5A, 0x9C, 0x25, 0x14, 0x9E, 0x41, 0xD9, 0xC6, 0x2E, 0x8C, 0x1A, 0xC8, 0x97, 0x70, 0x6C,
    0xC3, 0x44, 0x43, 0xAE, 0xE9, 0xF9, 0xBC, 0x82, 0xBC, 0xA6, 0xB0, 0xC0, 0xD5, 0x78, 0x55, 0xE5,
    0x3E, 0xEE, 0x9A, 0x00, 0x4C, 0x39, 0x9C, 0x03, 0x9C, 0x73, 0x38, 0xB8, 0x8F, 0xBD, 0x4E, 0x8C,
    0xBD, 0x5C, 0x02, 0x17, 0xAD, 0xDD, 0x7F, 0x31, 0x3B, 0x65, 0xC5, 0xB0, 0x81, 0x44, 0xC2, 0xA5,
    0xFD, 0xCB, 0x5D, 0x99, 0x86, 0x6C, 0xC9, 0x12, 0x46, 0x6A, 0x6A, 0x1F, 0x16, 0x15, 0x14, 0x2C,
    0xAC, 0x0C, 0xC2, 0xA6, 0xD7, 0x09, 0x3B, 0xF8, 0x4D, 0x18, 0xF4, 0x3E, 0x8C, 0x3A, 0x88, 0x7A,
    0xF8, 0x83, 0xB0, 0xF4, 0x92, 0xB0, 0x34, 0x08, 0xCB, 0x46, 0xC2, 0x82, 0x9A, 0x22, 0xD8, 0x34,
    0x09, 0xC2, 0xF6, 0x5D, 0xB0, 0x03, 0x0B, 0x88, 0x68, 0x59, 0x15, 0x5D, 0x68, 0x5E, 0x40, 0x99,
    0x27, 0xEC, 0x0C, 0x14, 0x7D, 0x6C, 0x1A, 0xB8, 0xFA, 0xDA, 0x7A, 0xCA, 0x82, 0xCD, 0x8A, 0xD5,
    0x7C, 0x35, 0x15, 0xAF, 0xAF, 0x28, 0x7F, 0x67, 0x9D, 0x21, 0xF5, 0xDB, 0x22, 0xD8, 0xA3, 0xF4,
    0x0A, 0xBD, 0x28, 0xBA, 0xC4, 0x1D, 0xEB, 0x94, 0xF7, 0xA9, 0x12, 0x7C, 0xAD, 0xC0, 0x6B, 0xD9,
    0x21, 0x22, 0x83, 0x19, 0x08, 0x06, 0x62, 0x23, 0x14, 0x98, 0x4A, 0x89, 0x33, 0x53, 0xF1, 0x65,
    0x2E, 0xC5, 0x33, 0x70, 0x72, 0x74, 0x9B, 0x92, 0xB3, 0xBB, 0x13, 0x5C, 0xE9, 0x2E, 0x25, 0xCF,
    0xF4, 0x29, 0x25, 0xCF, 0x8F, 0x34, 0xBD, 0x4C, 0xF9, 0xC6, 0xBD, 0x6F, 0x0B, 0x6A, 0xE0, 0xE4,
    0xAA, 0xB9, 0xF4, 0x7A, 0x02, 0x63, 0xF4, 0x9E, 0x3E, 0xA8, 0x37, 0x5F, 0x58, 0x6A, 0x03, 0xF6,
    0x80, 0x61, 0x7C, 0xE0, 0x1B, 0x11, 0x5B, 0xAE, 0xD8, 0x4F, 0xC4, 0x70, 0x0D, 0x82, 0x67, 0x6F,
    0x29, 0x58, 0x90, 0x1D, 0x90, 0x7E, 0xE3, 0xE0, 0x01, 0x36, 0x9B, 0x0B, 0x4E, 0x59, 0x42, 0xBC,
    0x14, 0x83, 0x34, 0x1B, 0x84, 0x08, 0x94, 0xD8, 0xA1, 0x44, 0xD1, 0x4C, 0x58, 0x0C, 0x82, 0x60,
    0x60, 0x04, 0x71, 0xF7, 0x0F, 0x08, 0x72, 0x41, 0x50, 0x56, 0xEC, 0x82, 0x12, 0x17, 0x66, 0xD2,
    0x31, 0xE7, 0x62, 0xC7, 0xC0, 0x39, 0xA3, 0x3E, 0x22, 0x04, 0x71, 0x7B, 0x93, 0x92, 0x27, 0xED,
    0x1E, 0x25, 0x4F, 0x9B, 0x8E, 0xBA, 0x24, 0xFF, 0xD2, 0x50, 0x8F, 0xE4, 0xCE, 0x1B, 0x4C, 0x9E,
    0x0F, 0x9C, 0x3C, 0xAE, 0xFF, 0x07, 0x02, 0xBC, 0x6E, 0x55, 0x32, 0xDE, 0x62, 0xD3, 0xCB, 0x78,
    0x2B, 0x5F, 0xAF, 0x65, 0xBC, 0xF5, 0x60, 0x64, 0xBC, 0x35, 0x54, 0x8A, 0x76, 0xBC, 0xD5, 0x70,
    0x9B, 0x71, 0x94, 0x41, 0x9F, 0x34, 0x41, 0x11, 0xAA, 0x5F, 0x85, 0x21, 0x31, 0x71, 0x73, 0x82,
    0xC1, 0xC8, 0x64, 0xC0, 0xBB, 0xE8, 0x42, 0x14, 0xC6, 0x9B, 0xD1, 0x32, 0xDE, 0x5C, 0xE8, 0x00,
    0x31, 0x08, 0x42, 0xA4, 0x02, 0xA4, 0x99, 0x60, 0xE2, 0x7C, 0x74, 0x77, 0xF0, 0x6A, 0x08, 0x3A,
    0xC2, 0xDA, 0xE7, 0x06, 0x71, 0x5F, 0x4C, 0x1B, 0x2E, 0x92, 0x9E, 0xCD, 0x9D, 0xD8, 0xEE, 0xC8,
    0xEB, 0x5A, 0x84, 0x95, 0xB1, 0x16, 0x61, 0x2A, 0x23, 0x70, 0x98, 0xFA, 0xF0, 0x80, 0xD0, 0xA5,
    0x1A, 0x5C, 0xE9, 0x90, 0x30, 0x53, 0x7B, 0x61, 0xF7, 0x18, 0xA0, 0x80, 0xCA, 0x46, 0xDE, 0x68,
    0x0F, 0x0B, 0xEF, 0x4E, 0x02, 0xC8, 0x91, 0x4D, 0x9D, 0x87, 0x19, 0x37, 0x8C, 0x73, 0x6E, 0x93,
    0x11, 0x50, 0x03, 0xBB, 0x82, 0xF4, 0xD0, 0x74, 0x02, 0x35, 0x33, 0x35, 0x5C, 0x0F, 0xF6, 0x71,
    0x1D, 0xC8, 0xF2, 0xCE, 0x95, 0x20, 0xDA, 0x13, 0x43, 0x8B, 0x96, 0xD5, 0xA2, 0x83, 0x85, 0x16,
    0xB8, 0x28, 0xD1, 0x55, 0x42, 0xEC, 0xE8, 0x92, 0x5C, 0x4C, 0xEF, 0xDB, 0x8B, 0xF8, 0xFA, 0xB2,
    0xDF, 0x17, 0xB0, 0xE4, 0x78, 0x2F, 0xC3, 0xAF, 0x67, 0xD7, 0xC9, 0x4A, 0x9E, 0x4B, 0xCE, 0x4B,
    0xF2, 0x3D, 0x50, 0xBE, 0x84, 0x99, 0xED, 0xA4, 0xDE, 0x26, 0x3F, 0x4B, 0x08, 0xA4, 0xD5, 0xC8,
    0xD1, 0x19, 0x6C, 0xB0, 0x66, 0x69, 0x83, 0xB4, 0xE6, 0x01, 0xC4, 0x7D, 0x30, 0x98, 0x25, 0x4C,
    0x49, 0xC5, 0x0D, 0x5F, 0x89, 0xD9, 0xF2, 0xA1, 0x97, 0x99, 0xCB, 0xB0, 0xB4, 0x1D, 0xF9, 0xA9,
    0xF1, 0xCC, 0xCB, 0x57, 0x35, 0x43, 0x5F, 0x82, 0x5A, 0x07, 0x99, 0x65, 0x1B, 0x64, 0x6E, 0x57,
    0x1B, 0xDC, 0xC7, 0xE0, 0xC7, 0xE4, 0xC7, 0xE8, 0xC7, 0xEC, 0xC7, 0xF0, 0x03, 0x7D, 0xC2, 0x5F,
    0xC3, 0x26, 0xFF, 0x71, 0x01, 0xFC, 0xA5, 0x02, 0xB6, 0x2A, 0xD9, 0xE2, 0x78, 0x3F, 0xCC, 0x3F,
    0x33, 0xEE, 0xA9, 0x88, 0x1D, 0x78, 0x2B, 0xB3, 0x55, 0x2F, 0x7B, 0xC0, 0x54, 0x84, 0xD3, 0x2E,
    0x8B, 0x48, 0x3C, 0xE8, 0x9E, 0x9F, 0xE6, 0xEE, 0x3D, 0x0F, 0x7C, 0x79, 0x70, 0xF5, 0xD1, 0xFB,
    0xB5, 0x5D, 0x39, 0xEE, 0x12, 0xE3, 0xB6, 0x5E, 0xFC, 0x02, 0x0D, 0x51, 0xDB, 0x4C, 0x94, 0x81,
    0xA7, 0x88, 0x9D, 0xBB, 0x73, 0x49, 0xC5, 0x1C, 0x35, 0x9F, 0x1D, 0x8A, 0x8A, 0x33, 0x94, 0x92,
    0x41, 0x49, 0x86, 0xA9, 0x4C, 0xC4, 0x73, 0x7C, 0x07, 0xA6, 0x56, 0x3C, 0xD2, 0x14, 0xA8, 0x0B,
    0x9B, 0x0B, 0x17, 0xA1, 0x2D, 0x2E, 0xF6, 0x5B, 0x5C, 0xCB, 0x5B, 0x9C, 0x1C, 0x3D, 0xAE, 0x1A,
    0xB4, 0x75, 0x98, 0x5E, 0x1B, 0x83, 0xD6, 0xCF, 0xD7, 0x33, 0xC1, 0xD1, 0x0A, 0x0B, 0x39, 0xD0,
    0xAD, 0xAE, 0x46, 0xF0, 0x91, 0xBB, 0x0E, 0x7F, 0x1C, 0xFE, 0x48, 0x57, 0x54, 0xF3, 0x9D, 0xAB,
    0xEA, 0x17, 0xF8, 0x28, 0xF2, 0xB5, 0xD9, 0x52, 0xEA, 0xB1, 0x94, 0x8E, 0x11, 0x29, 0x9D, 0x6F,
    0x92, 0xCA, 0xB9, 0x92, 0xD4, 0xCE, 0xF5, 0x52, 0xDF, 0x5F, 0xBF, 0x03, 0x9C, 0x3C, 0xC6, 0x60,
    0x95, 0x1E, 0xE9, 0xB4, 0x75, 0x5B, 0xA0, 0xDD, 0xBB, 0xEC, 0xB9, 0x52, 0xD3, 0xD9, 0xAE, 0x06,
    0x69, 0x9C, 0xAC, 0x71, 0x4B, 0xE2, 0x8B, 0xDB, 0x76, 0x49, 0x7A, 0x67, 0x75, 0x34, 0x90, 0xD1,
    0x03, 0x9D, 0x1B, 0x86, 0xB8, 0xDD, 0xB1, 0xCC, 0x92, 0xF6, 0x25, 0x4C, 0xA2, 0x36, 0xFD, 0x89,
    0xCF, 0x7C, 0xD7, 0x19, 0xEE, 0x19, 0x58, 0xEB, 0x19, 0x7E, 0x73, 0xFB, 0xD8, 0x6D, 0x4B, 0xBF,
    0x00, 0x4D, 0x8F, 0xB1, 0x0D, 0xC2, 0x30, 0x10, 0x45, 0x4F, 0xB8, 0xA0, 0xF4, 0x08, 0x19, 0x21,
    0x23, 0x18, 0x89, 0x55, 0xD8, 0xC3, 0xE9, 0x19, 0x86, 0x05, 0x22, 0x39, 0xD4, 0x14, 0x64, 0x13,
    0x52, 0xA4, 0x70, 0x91, 0xE4, 0xF3, 0xBF, 0x8F, 0x82, 0x93, 0xAD, 0x67, 0xBD, 0xBB, 0xD3, 0x9D,
    0xCD, 0x18, 0x17, 0x6B, 0x11, 0x26, 0x67, 0xB7, 0x38, 0x4B, 0x75, 0x8D, 0xCD, 0xF5, 0x03, 0x8D,
    0x63, 0xC0, 0x20, 0xBD, 0xDD, 0xA0, 0x86, 0x0E, 0x47, 0x51, 0x43, 0x01, 0x72, 0x55, 0x35, 0x90,
    0x76, 0x69, 0xEC, 0x19, 0x4D, 0xD7, 0x82, 0x41, 0x7A, 0xE6, 0x89, 0xD4, 0x7C, 0x2F, 0x99, 0xB7,
    0x67, 0x8A, 0x7C, 0x32, 0xB5, 0x26, 0xE0, 0x45, 0x4E, 0xCC, 0xBF, 0x81, 0xC3, 0xCE, 0x8D, 0xAB,
    0x9D, 0x80, 0x0F, 0x34, 0x87, 0x49, 0x6A, 0xB3, 0xAC, 0x6A, 0xB2, 0xA7, 0xD7, 0xF8, 0x88, 0xEB,
    0xE1, 0x5B, 0x06, 0x69, 0x36, 0xDC, 0xFD, 0x1B, 0xF0, 0x6D, 0x2D, 0xD5, 0xDF, 0xAF, 0x66, 0x67,
    0xB4, 0xFF, 0xF8, 0x02, 0xED, 0x5C, 0x4D, 0x8C, 0x1C, 0xC7, 0x75, 0x7E, 0xDD, 0x4D, 0x6D, 0xDB,
    0x6C, 0x8A, 0x4D, 0x04, 0x86, 0x21, 0x88, 0x32, 0x87, 0x07, 0x1D, 0x8C, 0x84, 0x3B, 0xCD, 0x24,
    0x4A, 0xC0, 0x20, 0xBD, 0xDB, 0x2D, 0x1A, 0x41, 0x7E, 0x64, 0x38, 0x3C, 0xD8, 0x3E, 0x18, 0x41,
    0xAC, 0x83, 0x2E, 0xB6, 0x15, 0x2C, 0xFD, 0x03, 0x64, 0x0F, 0x43, 0x4E, 0xC7, 0xCA, 0x51, 0x89,
    0xF6, 0x60, 0x20, 0x97, 0x1C, 0x14, 0xC0, 0x87, 0x48, 0x41, 0x42, 0xC6, 0x5E, 0x20, 0x13, 0x7B,
    0xCD, 0x6E, 0x8A, 0x08, 0x72, 0x20, 0x1C, 0x4D, 0x2C, 0x20, 0x3E, 0x24, 0x80, 0x9B, 0x36, 0x1D,
    0xCB, 0xD6, 0x81, 0x1D, 0xA9, 0x6D, 0xF5, 0x92, 0x33, 0x53, 0x79, 0xDF, 0xAB, 0xAA, 0xEE, 0x5E,
    0x72, 0x57, 0xA2, 0x2C, 0x52, 0x22, 0x6C, 0x0D, 0xB9, 0xB3, 0xAF, 0x67, 0xFA, 0xA7, 0xAA, 0xBE,
    0xF7, 0xBE, 0x7A, 0xEF, 0xD5, 0xAB, 0x25, 0xC2, 0xEB, 0x61, 0x6A, 0x5F, 0xE3, 0xB4, 0x15, 0x07,
    0x65, 0xF7, 0x71, 0x6D, 0x05, 0x67, 0x23, 0x36, 0xD2, 0x67, 0xDC, 0xD9, 0x21, 0x11, 0xF6, 0x9F,
    0x54, 0xD9, 0x59, 0x73, 0xF5, 0xEB, 0xAF, 0x94, 0x07, 0xE9, 0xFD, 0x10, 0xB7, 0x55, 0xDA, 0x10,
    0xE5, 0x05, 0x5F, 0x52, 0x25, 0xE9, 0x2A, 0xB9, 0x37, 0x4A, 0x88, 0x61, 0x11, 0x66, 0x7E, 0x51,
    0xE1, 0x96, 0x5E, 0xE5, 0x95, 0xE1, 0xA3, 0x78, 0xC8, 0x19, 0x9A, 0x51, 0x13, 0xBA, 0x10, 0xF3,
    0x34, 0xA1, 0x55, 0x11, 0x3D, 0x35, 0xE5, 0x93, 0x9F, 0x71, 0x58, 0xF4, 0x2F, 0xE2, 0xE4, 0x6B,
    0x29, 0x5F, 0x16, 0x64, 0x38, 0x59, 0x41, 0xF4, 0x8B, 0x01, 0x9F, 0x9C, 0x64, 0x13, 0x3E, 0xB7,
    0xF4, 0x71, 0x72, 0x36, 0xE2, 0x3B, 0x34, 0x4E, 0xED, 0x15, 0x61, 0xCA, 0xCD, 0x74, 0x17, 0x7C,
    0x67, 0x1A, 0xD0, 0x90, 0x28, 0x54, 0xD9, 0x20, 0xA5, 0x15, 0x0A, 0x59, 0xC4, 0xC9, 0x14, 0xF3,
    0x9D, 0xE8, 0x08, 0x9F, 0x0C, 0xD1, 0x2B, 0xF8, 0xAC, 0x55, 0xBE, 0x76, 0x44, 0xDE, 0x94, 0x70,
    0x23, 0x88, 0x4E, 0x45, 0x68, 0x22, 0xF1, 0x09, 0xC4, 0x8F, 0x9B, 0xD1, 0x54, 0xC4, 0x9A, 0x0E,
    0x25, 0xE8, 0xE0, 0x0A, 0xD1, 0x26, 0xD5, 0x61, 0x81, 0x91, 0x62, 0xF1, 0xD0, 0x59, 0x0F, 0xBD,
    0xE2, 0x4B, 0x37, 0xD7, 0xA3, 0x74, 0xC6, 0xA2, 0xC7, 0xE7, 0xC6, 0x2E, 0x25, 0x7A, 0x68, 0x2A,
    0x7E, 0xBE, 0x9C, 0xCC, 0x62, 0x80, 0x3B, 0x43, 0x72, 0x4B, 0x47, 0xEE, 0x8C, 0xB3, 0xE5, 0xBB,
    0x08, 0xC3, 0x1F, 0x88, 0x18, 0x4C, 0xF5, 0x9D, 0x71, 0x5A, 0x23, 0x83, 0x64, 0x01, 0x92, 0x43,
    0x3C, 0x6B, 0x9B, 0x22, 0x83, 0x91, 0xA3, 0x94, 0xB2, 0x10, 0x05, 0xAA, 0x07, 0x1C, 0x2D, 0x70,
    0x1B, 0xE7, 0x1A, 0x1E, 0xE7, 0xBE, 0xF8, 0x1B, 0x78, 0xFF, 0xEB, 0xDF, 0xCD, 0xF0, 0xFE, 0x24,
    0x3F, 0xC5, 0xFD, 0xAB, 0x27, 0x0B, 0x77, 0xE1, 0x3E, 0xFD, 0x64, 0x31, 0x08, 0x5E, 0x7A, 0x3A,
    0x2E, 0xCE, 0x3F, 0xF1, 0xE7, 0x4F, 0xFF, 0x7A, 0xF1, 0xA3, 0x6B, 0xE1, 0x47, 0x3F, 0x5F, 0x5C,
    0x70, 0x5F, 0xFC, 0x83, 0xCF, 0x17, 0x73, 0xE7, 0x45, 0xFA, 0x7C, 0x71, 0xC3, 0xB9, 0x48, 0x7F,
    0x37, 0xFD, 0xE7, 0x17, 0x0A, 0x4A, 0xA7, 0xA7, 0xF9, 0xDD, 0x99, 0x9E, 0xF8, 0xC1, 0x33, 0xE4,
    0x16, 0x0F, 0x8D, 0x83, 0x8C, 0x07, 0x7B, 0x9F, 0x5B, 0x78, 0x85, 0x97, 0xD1, 0xD4, 0xCB, 0x9C,
    0x82, 0x4A, 0x96, 0x4E, 0xD0, 0x79, 0x3F, 0xA5, 0x80, 0x30, 0xE0, 0x7C, 0xC8, 0xDD, 0x70, 0x8B,
    0x43, 0xCB, 0x00, 0x55, 0x71, 0x6F, 0x83, 0x1F, 0x7F, 0x6A, 0x2E, 0x1D, 0xE4, 0x31, 0xE1, 0x4F,
    0x14, 0x77, 0xFA, 0xB3, 0xCF, 0x7F, 0xB5, 0x6D, 0xB2, 0xF4, 0x9C, 0x42, 0x19, 0xA1, 0x0F, 0x9D,
    0xC0, 0xFB, 0xB1, 0x0F, 0xE3, 0x3D, 0x16, 0xF9, 0x84, 0xBC, 0x9F, 0x3E, 0x8D, 0xF7, 0x12, 0xE7,
    0x38, 0xD3, 0x52, 0xC6, 0xEF, 0x2A, 0x2E, 0x7D, 0x54, 0xBD, 0x4C, 0xFB, 0x43, 0xE7, 0x05, 0x45,
    0xC9, 0x8C, 0x47, 0x82, 0xC6, 0x35, 0xAD, 0x9E, 0xCB, 0xFE, 0xA5, 0xA0, 0xE3, 0x5E, 0xF1, 0xB5,
    0x82, 0xF2, 0xA7, 0xF0, 0xFE, 0xAA, 0x4A, 0xBF, 0x56, 0xE4, 0xCD, 0x80, 0xBE, 0x56, 0x5C, 0x55,
    0x8F, 0xD1, 0xAB, 0x05, 0x5D, 0x99, 0xF3, 0xBB, 0x53, 0x1E, 0xA0, 0xD7, 0x78, 0x3C, 0xFE, 0x91,
    0xBE, 0xFE, 0xB2, 0xFB, 0xDF, 0x33, 0xFA, 0xA6, 0xDA, 0x28, 0xB7, 0x68, 0x25, 0x52, 0xAA, 0xA1,
    0x43, 0xF4, 0x0F, 0x4A, 0x1A, 0x74, 0x5F, 0xDB, 0xCC, 0x0F, 0x8A, 0xA9, 0x38, 0x39, 0x77, 0x40,
    0xBE, 0xE1, 0xF3, 0xD4, 0xF5, 0x5A, 0xC0, 0xC8, 0x18, 0xD6, 0x91, 0xEE, 0x83, 0x0B, 0x05, 0x7B,
    0xFE, 0x79, 0xEE, 0xA3, 0x48, 0xB8, 0x17, 0x39, 0xDB, 0xE7, 0x54, 0xFA, 0xD3, 0x4F, 0xE0, 0x22,
    0xBE, 0x7A, 0x2A, 0x57, 0x53, 0xFE, 0x15, 0xA7, 0xD2, 0x12, 0xBF, 0x6B, 0x09, 0xCA, 0x51, 0xB7,
    0x92, 0xF9, 0xB6, 0x26, 0x57, 0xA4, 0x13, 0xED, 0xB5, 0xE3, 0x6C, 0xAC, 0x94, 0x0C, 0x45, 0x50,
    0x6E, 0x7F, 0xE2, 0x93, 0x72, 0x85, 0x73, 0x9D, 0x07, 0x65, 0x22, 0x57, 0x24, 0x3C, 0x9C, 0xA3,
    0xCA, 0x5A, 0xB4, 0x96, 0xC2, 0xED, 0xD4, 0x7C, 0xCB, 0xE3, 0xFF, 0x4A, 0xA5, 0xAE, 0x73, 0x5F,
    0x7C, 0x6E, 0xFF, 0x54, 0xA9, 0x5A, 0x94, 0x78, 0x2D, 0xA5, 0x0F, 0x36, 0x02, 0x9F, 0x5F, 0x88,
    0xDA, 0x87, 0x5A, 0x45, 0x13, 0x98, 0xA0, 0x48, 0xAC, 0xCC, 0xDE, 0x76, 0xCA, 0x07, 0xE4, 0x35,
    0x82, 0xA2, 0x74, 0x82, 0xDC, 0xFF, 0x55, 0x73, 0x79, 0xC2, 0xD4, 0xD1, 0xED, 0x25, 0xB7, 0x26,
    0x23, 0xF1, 0x98, 0x58, 0x22, 0x89, 0x68, 0x62, 0xA4, 0x90, 0x2C, 0xA3, 0x04, 0x99, 0x95, 0xFC,
    0x56, 0xF2, 0x8A, 0xDD, 0xA4, 0xF5, 0x56, 0xB2, 0xF7, 0xF3, 0x5E, 0xB0, 0xCF, 0x70, 0x55, 0x61,
    0x11, 0x52, 0x9D, 0x19, 0x2C, 0x75, 0x62, 0x90, 0x2E, 0x77, 0xA2, 0xBD, 0x27, 0x3F, 0x52, 0x37,
    0x68, 0x30, 0x65, 0x51, 0xDF, 0x6B, 0x5C, 0x7F, 0xC6, 0x4B, 0x9F, 0xD5, 0x5D, 0x48, 0xA0, 0xA4,
    0xFB, 0x88, 0xFE, 0x2C, 0x9C, 0x45, 0xDF, 0x65, 0x03, 0xB8, 0xC0, 0xCF, 0xB9, 0xB0, 0x16, 0x9E,
    0xBC, 0xB2, 0x11, 0x70, 0xEF, 0x5F, 0x9A, 0x05, 0x2F, 0xA6, 0x6A, 0xE6, 0xB2, 0xCA, 0x67, 0x33,
    0xF7, 0xF5, 0x22, 0x3F, 0x23, 0x77, 0x4C, 0x28, 0x9F, 0x8E, 0xF0, 0x30, 0x6F, 0x1A, 0x66, 0x51,
    0xB5, 0x19, 0xFB, 0x33, 0x62, 0x76, 0x2A, 0x83, 0xBA, 0x8A, 0x07, 0x8A, 0xFC, 0x05, 0x35, 0xEE,
    0x6C, 0x33, 0x8E, 0x43, 0x0A, 0xCF, 0x31, 0x45, 0x7E, 0x6B, 0x73, 0x79, 0x12, 0xD2, 0x11, 0x1F,
    0x27, 0x4F, 0x8E, 0x54, 0x43, 0x1A, 0xCA, 0xC9, 0xB3, 0xB0, 0x8A, 0x79, 0x94, 0xCE, 0xE0, 0xE4,
    0xB0, 0x64, 0xE2, 0x62, 0xDE, 0x5B, 0xA5, 0x4D, 0xBF, 0x5C, 0x27, 0xBF, 0xF2, 0xA7, 0x07, 0x70,
    0xFB, 0x4D, 0x8A, 0x66, 0x4E, 0x2D, 0x8C, 0xB2, 0x49, 0x71, 0xA4, 0xC9, 0xA2, 0xDA, 0xA4, 0x11,
    0x9F, 0x2C, 0x4A, 0xC3, 0x9F, 0xBA, 0xD5, 0x3E, 0xC1, 0x60, 0x93, 0x41, 0xDC, 0x92, 0x0E, 0xC6,
    0x9B, 0x8C, 0x62, 0x24, 0xE2, 0xF2, 0x84, 0x29, 0x29, 0x10, 0xF1, 0xC8, 0xC4, 0x50, 0x12, 0x63,
    0xB3, 0x4E, 0x96, 0xBF, 0x20, 0x1A, 0xFE, 0x3A, 0xC2, 0xA2, 0xE6, 0x2F, 0x5C, 0x46, 0xF6, 0x66,
    0xB5, 0xC0, 0x2A, 0x8F, 0xA8, 0x5A, 0x2B, 0x7E, 0xB5, 0xD4, 0x1A, 0xC0, 0x6F, 0x3F, 0x90, 0xAB,
    0xBF, 0x85, 0x91, 0x79, 0x31, 0xB3, 0x64, 0x37, 0x38, 0xDB, 0x9A, 0xFC, 0xD9, 0xC6, 0x92, 0x9D,
    0x6B, 0x19, 0x6C, 0x9C, 0x46, 0x16, 0xC3, 0x81, 0x68, 0xA6, 0x21, 0xBB, 0x6D, 0x8B, 0xDA, 0x9A,
    0xBA, 0x6A, 0x15, 0x8A, 0x35, 0xB0, 0x34, 0x0A, 0xF0, 0x55, 0xFA, 0xDC, 0x42, 0x5F, 0x84, 0x6F,
    0xD7, 0xA6, 0xAD, 0x2E, 0x78, 0x78, 0x84, 0xA7, 0xEF, 0x33, 0xA6, 0xB6, 0x43, 0x61, 0xD1, 0x76,
    0xD3, 0xAB, 0xDA, 0xCE, 0xF3, 0x6F, 0xAB, 0xC2, 0x4C, 0xF6, 0xDE, 0xD4, 0x36, 0xC4, 0xF0, 0xB3,
    0x90, 0x7D, 0x48, 0xAD, 0x26, 0x46, 0xAD, 0x58, 0xAE, 0xC8, 0xED, 0xF8, 0x56, 0x0E, 0x23, 0x47,
    0x2A, 0xA3, 0x90, 0x6F, 0x59, 0xAD, 0x73, 0xC3, 0x0B, 0x11, 0x37, 0x27, 0xAD, 0x38, 0xE1, 0xC6,
    0x18, 0x11, 0xA3, 0x96, 0xF3, 0xE0, 0xF0, 0x27, 0x71, 0x25, 0xCA, 0x46, 0xA9, 0x16, 0xCD, 0x6B,
    0x0F, 0xB1, 0xA6, 0x8F, 0x8B, 0xF0, 0x71, 0x86, 0xD6, 0x81, 0x25, 0x2F, 0xE5, 0x73, 0x5A, 0x9F,
    0xB8, 0x17, 0xD7, 0x78, 0x48, 0x7E, 0x7C, 0x90, 0x26, 0xB1, 0xA3, 0x07, 0x66, 0x99, 0xB8, 0x39,
    0xEA, 0x87, 0x3C, 0x80, 0x6B, 0x33, 0x62, 0xF5, 0x02, 0x73, 0x31, 0x1F, 0xB9, 0x65, 0x48, 0x89,
    0x88, 0x95, 0x57, 0x04, 0x59, 0x28, 0x62, 0x01, 0x62, 0xF7, 0xD4, 0xE2, 0x93, 0x6C, 0xD7, 0x21,
    0x33, 0x0E, 0x8D, 0x79, 0x8E, 0xAC, 0x31, 0x49, 0x32, 0xAD, 0x6E, 0x3B, 0x79, 0x86, 0x51, 0x5A,
    0xD5, 0x00, 0xF0, 0xB7, 0xA0, 0x0C, 0x32, 0x53, 0x97, 0x51, 0x0D, 0x19, 0x50, 0x81, 0xC1, 0x95,
    0x01, 0x95, 0xA9, 0x4A, 0xCF, 0x57, 0x9E, 0xDA, 0xA0, 0xC3, 0xEA, 0x66, 0xDC, 0x40, 0xA5, 0xBB,
    0x00, 0x3B, 0x00, 0x2D, 0xB5, 0xC0, 0xAE, 0x19, 0x60, 0x81, 0xE1, 0x78, 0xAA, 0x29, 0xE7, 0xB6,
    0x81, 0xDD, 0x32, 0xB7, 0x6C, 0xDE, 0x06, 0xB0, 0xA6, 0xA9, 0x00, 0xD6, 0x80, 0x55, 0x8D, 0xB8,
    0x65, 0x53, 0x8A, 0xB8, 0x65, 0xF5, 0x84, 0x7C, 0x26, 0xA2, 0x33, 0x3C, 0xAF, 0x31, 0xB0, 0x21,
    0xB3, 0x5D, 0xCD, 0xF4, 0xC9, 0xC0, 0x2E, 0xD1, 0xE3, 0xF4, 0x38, 0xD3, 0xC3, 0x9B, 0xA3, 0x59,
    0xB5, 0x68, 0xC6, 0xB5, 0xA7, 0xD1, 0x54, 0x0C, 0xAC, 0xF7, 0x5F, 0x40, 0x65, 0xF1, 0x69, 0x06,
    0xD6, 0xCF, 0xEE, 0xCF, 0xD5, 0xF5, 0x22, 0x48, 0x37, 0x63, 0xAF, 0x38, 0x40, 0xE7, 0xDD, 0x22,
    0xA4, 0x6A, 0xC5, 0x9B, 0x43, 0xBC, 0xA8, 0x9C, 0x6A, 0xE8, 0xF2, 0x1C, 0x7B, 0xDE, 0x55, 0x0B,
    0x00, 0xBB, 0x9D, 0x2F, 0xAE, 0xAB, 0xED, 0x2D, 0x00, 0xBB, 0xC2, 0x97, 0xDD, 0xB8, 0x58, 0x31,
    0xB0, 0xD3, 0xF0, 0x69, 0x3E, 0xE1, 0x32, 0x53, 0x83, 0x5B, 0x79, 0x72, 0xAE, 0x06, 0x36, 0x4F,
    0xCF, 0xFB, 0x0D, 0x80, 0x4D, 0x28, 0x58, 0xFC, 0x4C, 0x65, 0x18, 0x33, 0x1E, 0xC2, 0x31, 0x5B,
    0x5E, 0xD8, 0x01, 0x3B, 0xDE, 0x1B, 0x58, 0x17, 0xC0, 0x2E, 0xDE, 0x10, 0xD8, 0x1E, 0xB2, 0x7D,
    0x6C, 0x71, 0xED, 0x55, 0x8B, 0xEE, 0x0E, 0x7C, 0xE1, 0x13, 0x82, 0x33, 0x34, 0x3B, 0x78, 0xFA,
    0x57, 0xDE, 0xC2, 0xDB, 0xFE, 0xEA, 0xE1, 0xDC, 0x47, 0x1A, 0x58, 0x39, 0xA9, 0x4C, 0xDC, 0x2B,
    0xC2, 0xC4, 0x83, 0x42, 0x66, 0xA7, 0x81, 0x68, 0xAB, 0xE9, 0x06, 0xB4, 0x37, 0xB4, 0x7A, 0x8B,
    0xC9, 0x2D, 0x0A, 0x8C, 0x3E, 0x3F, 0xC5, 0x5D, 0x58, 0x09, 0xCC, 0xAD, 0xFF, 0xA2, 0xC2, 0x54,
    0xE8, 0xF2, 0xFC, 0xE6, 0x2C, 0x64, 0x9A, 0x9E, 0x70, 0x0F, 0x32, 0x76, 0x33, 0xA6, 0x98, 0xCD,
    0x36, 0xE9, 0xAC, 0x5F, 0x52, 0x74, 0xB2, 0xA6, 0x75, 0x7C, 0xF9, 0x08, 0xFB, 0x8B, 0x0F, 0xD1,
    0x71, 0xF1, 0x1E, 0xF7, 0x99, 0xE6, 0x60, 0xBA, 0x51, 0x96, 0x5E, 0x58, 0x70, 0x95, 0x6D, 0xE8,
    0x8D, 0x05, 0xB7, 0xC9, 0x4E, 0x89, 0x93, 0x41, 0xB1, 0xDA, 0xCE, 0x99, 0xCC, 0xDB, 0x23, 0xAA,
    0x9E, 0x10, 0xF9, 0x89, 0x98, 0xEA, 0x9A, 0xAE, 0x18, 0x23, 0x3F, 0xC6, 0x9A, 0xE5, 0x7E, 0xC7,
    0x98, 0xF9, 0x11, 0x56, 0x1D, 0xEF, 0xA2, 0x31, 0x74, 0x9E, 0x53, 0x59, 0x4D, 0x8C, 0xA9, 0x07,
    0xD9, 0x24, 0xC9, 0xAD, 0xB1, 0x7B, 0x37, 0x2A, 0x9E, 0x79, 0xAC, 0xB9, 0x73, 0xC3, 0x1F, 0x2B,
    0x8C, 0xC1, 0x87, 0x7F, 0x89, 0xD1, 0x31, 0x26, 0x8F, 0xD1, 0xD1, 0x46, 0x1F, 0x8A, 0xD1, 0xEF,
    0x30, 0x7B, 0x19, 0x6B, 0xC0, 0xA8, 0x47, 0x6C, 0x07, 0x0A, 0x3D, 0x1B, 0xDC, 0xA9, 0x25, 0x3B,
    0xF4, 0x64, 0xA7, 0xA6, 0xEC, 0xD0, 0x95, 0x3D, 0xB5, 0xE5, 0x9D, 0x25, 0x78, 0xCD, 0xBE, 0xC2,
    0x03, 0x9A, 0xCA, 0x85, 0x07, 0xC6, 0x19, 0xC6, 0x43, 0x78, 0x40, 0x93, 0xB6, 0x26, 0xF8, 0xC2,
    0x12, 0x3C, 0xF1, 0x80, 0x0E, 0x34, 0xC1, 0x5B, 0xF1, 0x26, 0x82, 0x37, 0x22, 0x2C, 0x9E, 0x6F,
    0x16, 0x18, 0xAE, 0x8F, 0x40, 0x2E, 0xEF, 0x36, 0xC1, 0x67, 0x06, 0xEB, 0xF7, 0x08, 0xDE, 0x12,
    0xBC, 0x79, 0xB1, 0xFD, 0x11, 0x8F, 0x07, 0x3B, 0x7A, 0x20, 0x78, 0x8F, 0xBD, 0xFD, 0x44, 0x09,
    0xB0, 0x61, 0xB6, 0x45, 0x4D, 0x20, 0x04, 0xBF, 0x9F, 0x1E, 0xA0, 0x67, 0x6F, 0x93, 0xE0, 0x6F,
    0x1B, 0xD8, 0xCD, 0x1E, 0xB0, 0x2B, 0x16, 0x58, 0xE7, 0x36, 0x80, 0xED, 0xCC, 0xB8, 0x6F, 0xC4,
    0x3D, 0x60, 0x7B, 0x06, 0xDC, 0x1B, 0xC9, 0x3B, 0x42, 0xF0, 0x3D, 0x7E, 0x8F, 0x04, 0x59, 0x57,
    0x5F, 0xF8, 0x15, 0x5A, 0x9B, 0x93, 0xD0, 0xAA, 0x18, 0xED, 0xB8, 0x90, 0x07, 0x8B, 0x92, 0xF8,
    0xCD, 0x6A, 0xD5, 0xA2, 0x7B, 0x81, 0x1D, 0x54, 0xDB, 0xA8, 0x01, 0x50, 0xB0, 0xF8, 0x82, 0xB2,
    0x8D, 0xE5, 0xFA, 0x1C, 0xE0, 0xBB, 0x95, 0x8D, 0x1F, 0x58, 0x8F, 0xA7, 0x9D, 0x6C, 0x98, 0x9B,
    0xC7, 0xCC, 0x29, 0x2D, 0xC8, 0xC7, 0x38, 0x54, 0x1C, 0xDA, 0x51, 0x67, 0x39, 0xEE, 0x7D, 0x6E,
    0xE5, 0x23, 0x1C, 0xA0, 0x4D, 0x8C, 0x81, 0x86, 0x59, 0xC0, 0x91, 0x85, 0xC7, 0xF3, 0xDE, 0x58,
    0x71, 0x68, 0xC3, 0x5C, 0x1C, 0xA6, 0x1C, 0xBB, 0x04, 0x45, 0xCE, 0x76, 0xC5, 0x33, 0xC9, 0x07,
    0xE8, 0x14, 0xB0, 0xA6, 0x1E, 0x96, 0xB7, 0x29, 0xB7, 0x80, 0x53, 0xDD, 0x21, 0x4E, 0x3D, 0xC8,
    0x69, 0xD4, 0x61, 0x4E, 0x3D, 0x6B, 0xA6, 0x1E, 0xEA, 0xD4, 0x83, 0x1D, 0xAA, 0x6C, 0x71, 0x27,
    0x63, 0xD1, 0x0B, 0x09, 0xB8, 0x2D, 0xF2, 0x2B, 0x37, 0xB1, 0xF7, 0x6A, 0x8F, 0xBC, 0xFB, 0xDC,
    0xDD, 0x47, 0x7F, 0x07, 0x73, 0xF7, 0x89, 0xDB, 0xEB, 0xF3, 0x76, 0x9F, 0xB6, 0x59, 0x05, 0x1A,
    0xBA, 0x27, 0x8D, 0xFB, 0x11, 0x91, 0x4E, 0xC3, 0xB8, 0x25, 0xBB, 0xE5, 0xD7, 0x30, 0xEE, 0x50,
    0xDA, 0x50, 0xC0, 0xB8, 0x1D, 0x8E, 0xED, 0xFC, 0xB9, 0x18, 0x37, 0x9A, 0x86, 0x86, 0x81, 0xB5,
    0x99, 0xBD, 0x95, 0x0E, 0x9D, 0x03, 0xA1, 0xB3, 0x0C, 0xB6, 0x3B, 0x96, 0xB1, 0xA8, 0x21, 0x4A,
    0x1E, 0x82, 0xCE, 0xEF, 0x6D, 0xDC, 0x66, 0xCE, 0xEE, 0x8C, 0x7B, 0x71, 0x67, 0x8C, 0xDB, 0xB5,
    0x18, 0xEF, 0xC1, 0xDA, 0x77, 0xCD, 0xB8, 0x97, 0xD0, 0x34, 0xC9, 0xD3, 0xF8, 0xD2, 0x1A, 0x44,
    0x64, 0x8E, 0x7C, 0xC2, 0xDF, 0x4C, 0x29, 0x54, 0x1B, 0x2E, 0x5F, 0xE5, 0xB0, 0x91, 0x24, 0x8D,
    0x74, 0x23, 0x43, 0x06, 0xA6, 0x0A, 0x16, 0x29, 0xAD, 0x35, 0x9E, 0x4A, 0xC7, 0x55, 0x02, 0xE3,
    0xCC, 0x59, 0x4C, 0xB4, 0x1B, 0x14, 0x5E, 0xE3, 0xD9, 0x47, 0x2D, 0xBE, 0xC2, 0xEE, 0xD9, 0x39,
    0xF1, 0x87, 0xCC, 0x8B, 0x1F, 0x3D, 0x36, 0x22, 0x43, 0xD6, 0xAC, 0x89, 0xF3, 0xFB, 0x58, 0x81,
    0x1E, 0x3F, 0x98, 0xAB, 0xE7, 0x30, 0x5B, 0x5A, 0xE4, 0x59, 0x19, 0x5A, 0xE4, 0x1B, 0xB6, 0xD3,
    0x36, 0xD5, 0x10, 0x76, 0x76, 0x37, 0x14, 0x87, 0x2D, 0x9A, 0xB2, 0xB0, 0xC2, 0x68, 0x16, 0xC4,
    0xBA, 0x3A, 0xE0, 0xCF, 0xA3, 0x8F, 0x54, 0x5E, 0x79, 0x56, 0x52, 0x10, 0x07, 0x68, 0xC3, 0xC9,
    0x0E, 0xF4, 0xB2, 0x11, 0x6F, 0x51, 0x6C, 0x67, 0x0E, 0xC9, 0x37, 0xEA, 0xD7, 0x10, 0x6D, 0x98,
    0x48, 0xC6, 0x24, 0x46, 0xCB, 0xF2, 0x0D, 0x20, 0x34, 0x42, 0x7B, 0x43, 0x49, 0x84, 0x35, 0xD2,
    0x8B, 0x9C, 0x55, 0x8B, 0x7B, 0x61, 0x09, 0x0D, 0x9E, 0x80, 0x31, 0x25, 0x74, 0x6C, 0xC5, 0xDE,
    0x96, 0x90, 0x2E, 0x23, 0x93, 0x09, 0x0C, 0xCA, 0x36, 0x31, 0xE8, 0xE8, 0x91, 0x94, 0xE1, 0xD0,
    0xE3, 0xAB, 0xAF, 0x95, 0x51, 0x37, 0x1E, 0x34, 0xB0, 0xB0, 0x8E, 0x57, 0xE7, 0x69, 0xDD, 0x25,
    0x33, 0xDD, 0xD7, 0x99, 0xE9, 0x56, 0x6B, 0xA6, 0xC6, 0x7F, 0x87, 0x99, 0x0E, 0xB2, 0xD6, 0x4C,
    0xCF, 0x74, 0x66, 0x5A, 0x77, 0x73, 0xF0, 0xA1, 0x9B, 0xE6, 0x60, 0x57, 0xCC, 0x54, 0x1E, 0x12,
    0x15, 0x62, 0xA6, 0xE8, 0xCD, 0xA2, 0x75, 0xAE, 0xFC, 0x4A, 0xCC, 0x14, 0x31, 0x75, 0x34, 0xD5,
    0x56, 0x08, 0x51, 0x5B, 0x2C, 0x9A, 0xBA, 0x3F, 0x2F, 0xDB, 0x98, 0x9A, 0xB2, 0x9B, 0xCC, 0xD4,
    0xBE, 0x30, 0xEF, 0x98, 0xD7, 0xFA, 0xA4, 0x15, 0x37, 0x7B, 0x7E, 0x00, 0x43, 0x01, 0x32, 0x79,
    0x84, 0x60, 0xA6, 0x18, 0x13, 0x36, 0x21, 0x98, 0x29, 0x45, 0xDB, 0xC4, 0x4F, 0x90, 0xB9, 0x87,
    0xC7, 0x77, 0x01, 0xC4, 0x01, 0xEC, 0x61, 0x36, 0x28, 0x6D, 0xA6, 0xFA, 0xB5, 0xDA, 0x77, 0x3D,
    0xFB, 0x63, 0x76, 0xF7, 0xE6, 0xE0, 0x7B, 0x38, 0x7A, 0x4E, 0x25, 0xA6, 0x63, 0x60, 0x3D, 0xEE,
    0x02, 0xF2, 0x3C, 0x0C, 0x6C, 0x70, 0xB1, 0xA2, 0x15, 0x76, 0x35, 0x25, 0x7A, 0x9E, 0xD0, 0xC4,
    0x33, 0xCE, 0xD5, 0xC3, 0x1C, 0x3D, 0x67, 0x7B, 0x7B, 0x54, 0x12, 0xE0, 0x69, 0x60, 0xBF, 0xF8,
    0xB7, 0x2C, 0xFD, 0xD6, 0xB7, 0x01, 0xEC, 0x8F, 0xC0, 0xD0, 0x7C, 0xCC, 0xFC, 0xFB, 0x1F, 0x48,
    0x17, 0xF3, 0x31, 0x03, 0xFB, 0x51, 0x68, 0xD7, 0x1F, 0x1D, 0xBA, 0x19, 0x58, 0xDB, 0x32, 0x06,
    0xF6, 0x7E, 0xFE, 0x5D, 0x68, 0x60, 0xD9, 0x55, 0xE1, 0xE8, 0x42, 0x80, 0xF5, 0x85, 0x8B, 0x34,
    0xB0, 0x11, 0x06, 0xFD, 0xDD, 0x05, 0x36, 0xEA, 0x01, 0x2B, 0xAE, 0x55, 0x07, 0x6C, 0xD1, 0x02,
    0xEB, 0xF7, 0x80, 0xBD, 0xD0, 0x01, 0x0B, 0x03, 0x4C, 0x3A, 0xB2, 0x31, 0xC0, 0x3A, 0x75, 0x07,
    0xEC, 0xA8, 0x03, 0x36, 0xEA, 0x01, 0x9B, 0xB6, 0xC0, 0x06, 0x3D, 0x60, 0x8B, 0x76, 0xF8, 0xDC,
    0x52, 0x87, 0xC7, 0xFC, 0xE3, 0x30, 0xB0, 0x21, 0x5B, 0xE1, 0x80, 0x7F, 0xAA, 0x09, 0xAD, 0xB2,
    0x8D, 0xE2, 0x87, 0xC3, 0xD7, 0x13, 0x54, 0xCA, 0xCF, 0xA4, 0x83, 0xB0, 0x27, 0xAE, 0x77, 0xE2,
    0x68, 0xD7, 0x4F, 0x27, 0xB5, 0x01, 0xCE, 0x29, 0x27, 0x9B, 0x2B, 0xD6, 0x37, 0xAC, 0x27, 0x03,
    0xEB, 0x1A, 0x56, 0xB1, 0x69, 0x70, 0x98, 0x56, 0xB1, 0xA7, 0x07, 0x31, 0x79, 0x81, 0xFD, 0x3F,
    0x3D, 0x0E, 0x8B, 0xD7, 0x8A, 0x90, 0xCE, 0x6A, 0x80, 0x72, 0x06, 0x56, 0xF2, 0x01, 0x83, 0x22,
    0x4A, 0xD9, 0x6B, 0x46, 0x6E, 0x9E, 0x27, 0x24, 0xF8, 0x96, 0x39, 0x23, 0xAF, 0x0A, 0xBF, 0xC0,
    0xC4, 0xCA, 0x43, 0xFD, 0x91, 0x92, 0x55, 0x91, 0x61, 0xFE, 0x35, 0xF6, 0xFE, 0x33, 0x78, 0x5D,
    0x85, 0xC6, 0x9A, 0x45, 0x01, 0x36, 0xD1, 0xE9, 0xF1, 0x85, 0x1E, 0x64, 0xF8, 0xA0, 0xC0, 0x94,
    0xBF, 0x1A, 0x58, 0xA7, 0x69, 0x2E, 0xA9, 0x4F, 0xC1, 0xED, 0x9A, 0x4E, 0x65, 0x32, 0xB0, 0x2F,
    0xBB, 0x96, 0x97, 0xE9, 0xDD, 0x71, 0x9E, 0xC0, 0x79, 0xEB, 0x9A, 0x95, 0x71, 0x9F, 0x7C, 0x0A,
    0xE3, 0xBD, 0x00, 0x73, 0x5A, 0x6A, 0xD8, 0x78, 0x8D, 0x86, 0xAF, 0xB2, 0xF1, 0xBA, 0xFA, 0xBE,
    0x07, 0x6F, 0x8E, 0x8C, 0xEC, 0x0A, 0xE1, 0xA4, 0x87, 0x50, 0x1F, 0xC2, 0xE3, 0xF4, 0x2C, 0x7D,
    0x18, 0x79, 0x90, 0x8A, 0xCE, 0xB2, 0x02, 0x24, 0x27, 0xC5, 0x79, 0x82, 0x5A, 0x84, 0xDC, 0x39,
    0x18, 0xEF, 0xDF, 0xF3, 0x89, 0xCF, 0xD1, 0xDB, 0x61, 0xE5, 0x9E, 0xF1, 0x5A, 0x45, 0x64, 0x4D,
    0x75, 0xE4, 0xBF, 0x36, 0x5E, 0x59, 0x6B, 0x12, 0xE3, 0x75, 0xE7, 0xF0, 0x05, 0xB4, 0xF1, 0x26,
    0x58, 0xB9, 0xD1, 0xC6, 0xBB, 0xC4, 0xD3, 0xE5, 0x2F, 0x12, 0x2B, 0x3F, 0xC8, 0x0E, 0x67, 0xA6,
    0x59, 0x99, 0xA7, 0xA6, 0xA8, 0x01, 0x2B, 0xFB, 0xD7, 0x11, 0xD1, 0x2C, 0x14, 0x03, 0x3B, 0x80,
    0xFF, 0xC1, 0xAD, 0xB8, 0x54, 0xAE, 0x24, 0x46, 0xFC, 0xBF, 0x2A, 0xB6, 0x62, 0x55, 0x8D, 0x5A,
    0xB1, 0x9E, 0x24, 0x58, 0xB4, 0x62, 0x17, 0xA2, 0x9A, 0xD4, 0x91, 0x92, 0xE8, 0x57, 0x4D, 0x47,
    0x55, 0x88, 0x3E, 0xB2, 0x58, 0xC4, 0x15, 0x87, 0x48, 0xE2, 0xD1, 0x00, 0xC2, 0x5C, 0xC1, 0x3B,
    0x6C, 0x04, 0x63, 0x24, 0xCA, 0xF8, 0x1B, 0x00, 0xFB, 0x25, 0xF1, 0x84, 0xDF, 0x3A, 0xB0, 0xEA,
    0x95, 0x85, 0x01, 0xD6, 0x95, 0x25, 0x26, 0x01, 0x56, 0xAF, 0x19, 0xDA, 0xE9, 0x56, 0xD9, 0xE9,
    0x56, 0x61, 0xE5, 0xC9, 0x02, 0x5B, 0x5B, 0x60, 0x7D, 0x58, 0xD8, 0xDD, 0x05, 0xF6, 0x70, 0x2B,
    0xFA, 0xAA, 0x5D, 0xA6, 0xC8, 0x7F, 0x2C, 0x31, 0x03, 0x3E, 0x9C, 0x5B, 0x74, 0xE1, 0xBE, 0xE8,
    0xE4, 0x21, 0x91, 0x66, 0xEC, 0xA8, 0x6B, 0x43, 0xAF, 0x65, 0xF0, 0xFF, 0xA2, 0x6E, 0x6E, 0x19,
    0xB5, 0x73, 0xAC, 0x75, 0x0C, 0x19, 0xD6, 0x76, 0xF2, 0xF1, 0xA6, 0xEC, 0x1E, 0x2F, 0x9E, 0xFB,
    0xC4, 0x67, 0x19, 0xA2, 0xEB, 0xB9, 0x6A, 0x5F, 0xB9, 0x92, 0x83, 0x1B, 0xFC, 0x33, 0x9E, 0x43,
    0xE3, 0xD4, 0x25, 0x3E, 0x6F, 0x30, 0xE3, 0x4F, 0xFF, 0x53, 0xFD, 0x31, 0xC3, 0x1B, 0x35, 0x18,
    0xC7, 0x9C, 0xBF, 0x5A, 0x48, 0xA0, 0x21, 0xE1, 0x86, 0x88, 0x0B, 0xE9, 0xA9, 0x82, 0x38, 0x17,
    0x65, 0x15, 0x71, 0x46, 0xA1, 0x15, 0x1B, 0x21, 0x45, 0xB5, 0x2A, 0x6B, 0x9F, 0x80, 0xE3, 0xDA,
    0xCA, 0x58, 0x5C, 0x4C, 0xBE, 0xF9, 0x9F, 0x0E, 0x03, 0x09, 0x05, 0xF9, 0x7D, 0x38, 0x68, 0xD1,
    0x5C, 0x09, 0x3B, 0xEB, 0x66, 0x57, 0xF8, 0x00, 0xFF, 0x7E, 0x88, 0xB0, 0x3E, 0x45, 0x91, 0xF6,
    0xE5, 0x6A, 0xE6, 0xCF, 0x60, 0x41, 0x6B, 0x98, 0x85, 0xD0, 0xB7, 0x1C, 0xF7, 0x63, 0xFA, 0xE6,
    0x71, 0x5B, 0x82, 0xE1, 0x20, 0x91, 0xDE, 0xCE, 0x43, 0x16, 0x4D, 0x8C, 0x8E, 0x1D, 0xB3, 0xD9,
    0x8E, 0x91, 0x34, 0xE3, 0x2B, 0xEC, 0x2E, 0x5E, 0xB1, 0x4C, 0x80, 0x92, 0xC4, 0x91, 0xB4, 0x1B,
    0x10, 0xBA, 0xCA, 0x77, 0x36, 0x69, 0x2D, 0xE9, 0x93, 0x35, 0xD3, 0xC5, 0x3D, 0xE4, 0x47, 0x81,
    0x8A, 0xF7, 0x89, 0x1F, 0xB5, 0x56, 0x88, 0x4E, 0x32, 0x15, 0x7B, 0xE0, 0x2A, 0xDA, 0xBF, 0x60,
    0x2A, 0xB6, 0x33, 0x7A, 0x51, 0x8D, 0x0E, 0x5A, 0x67, 0x79, 0x4F, 0x2A, 0x1E, 0x88, 0x6D, 0x0A,
    0xE9, 0x26, 0x62, 0xB1, 0x15, 0xC4, 0xA3, 0x2C, 0xEE, 0x4B, 0x2A, 0xEB, 0x36, 0x93, 0x11, 0x13,
    0xDD, 0xF2, 0xB7, 0x49, 0xC5, 0xE7, 0xB5, 0xC5, 0xEA, 0x65, 0x6D, 0x9B, 0x9C, 0x71, 0x4B, 0x63,
    0xB1, 0xA4, 0x4B, 0x2F, 0xB4, 0x2A, 0xAF, 0x65, 0xDA, 0x62, 0x3D, 0xF1, 0xA0, 0xC5, 0x62, 0x3D,
    0x98, 0xDB, 0x2F, 0xAB, 0x83, 0xDC, 0x9B, 0x63, 0x75, 0x0A, 0xDA, 0x46, 0x3E, 0xB7, 0xAE, 0x1B,
    0x3A, 0xBD, 0xB4, 0x72, 0x3F, 0xC3, 0xAC, 0x1B, 0xBD, 0xC7, 0x6A, 0xE2, 0xCF, 0x0F, 0xAC, 0x12,
    0x32, 0x10, 0x60, 0xB5, 0xD8, 0x65, 0xDD, 0x5A, 0x60, 0xE9, 0xBD, 0xC8, 0xE7, 0x36, 0x80, 0xDD,
    0xD5, 0x79, 0x0A, 0x65, 0x62, 0xCD, 0x00, 0xAC, 0x15, 0xDF, 0x62, 0x5A, 0xF9, 0xE7, 0x04, 0x56,
    0x67, 0x75, 0x04, 0x58, 0x4F, 0x32, 0x2E, 0xEF, 0x01, 0xBB, 0x3B, 0xB0, 0x4B, 0xA8, 0x0A, 0x79,
    0x30, 0x65, 0x60, 0x1D, 0xA9, 0xFD, 0x89, 0xE6, 0x0C, 0xAC, 0x99, 0x55, 0xD6, 0x98, 0x8A, 0x7D,
    0x43, 0xC5, 0xD9, 0x4D, 0x54, 0x7C, 0x4A, 0x17, 0x10, 0x31, 0xB0, 0x88, 0x77, 0x5D, 0xCD, 0xBF,
    0x39, 0x5B, 0x6C, 0xC0, 0x46, 0xC4, 0xE2, 0x21, 0x16, 0x9D, 0x70, 0xD6, 0x52, 0xB1, 0x11, 0x13,
    0xDD, 0xDC, 0x3B, 0xE3, 0x15, 0xEB, 0x39, 0x4F, 0x03, 0x9B, 0x4B, 0x35, 0x16, 0x80, 0xF5, 0xE6,
    0x0E, 0x07, 0xE4, 0x02, 0x2C, 0xE6, 0xE1, 0x77, 0x0C, 0xD8, 0xB4, 0x05, 0xD6, 0x99, 0xB6, 0x21,
    0xAD, 0xF7, 0x6A, 0x0B, 0x6C, 0x20, 0xDF, 0x0A, 0xB0, 0x61, 0xD2, 0x86, 0xB4, 0x2B, 0x83, 0xF6,
    0xC1, 0x23, 0xAD, 0xA0, 0x68, 0x4E, 0x65, 0xA6, 0x94, 0xCA, 0xD4, 0xD5, 0x09, 0xB0, 0xDC, 0x9B,
    0xCA, 0x00, 0xEB, 0x67, 0xA6, 0xE8, 0x88, 0x81, 0x4D, 0x4D, 0xEE, 0x4E, 0x80, 0x8D, 0x3B, 0x8B,
    0x35, 0x62, 0x99, 0x58, 0x11, 0xD5, 0x8B, 0x36, 0xCF, 0x57, 0x71, 0x68, 0x6D, 0xBC, 0x84, 0xFA,
    0x1B, 0xB5, 0xE9, 0x3D, 0x03, 0xAB, 0x6C, 0xC9, 0xD1, 0xA8, 0x1A, 0x2C, 0x6E, 0xDB, 0x4C, 0x77,
    0x58, 0xEC, 0x9A, 0xA4, 0x98, 0x4B, 0x00, 0xAB, 0x5D, 0xEC, 0x19, 0x80, 0x7D, 0x9C, 0x35, 0xE6,
    0x61, 0x3A, 0x7A, 0x9B, 0xC0, 0x9A, 0x5E, 0x60, 0x40, 0x90, 0xFC, 0x6B, 0xBD, 0xE2, 0xC6, 0x58,
    0xAC, 0xBF, 0xCD, 0xC1, 0xAD, 0x99, 0x63, 0x33, 0xA4, 0x26, 0x7F, 0xD1, 0x2D, 0xD6, 0xC5, 0xE7,
    0x1F, 0x12, 0x60, 0xE5, 0xF3, 0x41, 0x26, 0x8B, 0x00, 0x64, 0x17, 0x01, 0x02, 0xAD, 0xE1, 0x2A,
    0xAB, 0x8C, 0x16, 0xD1, 0xE1, 0x6C, 0x4F, 0xE7, 0xE9, 0x4D, 0xD1, 0x3C, 0x4A, 0x19, 0x3D, 0xC0,
    0xEF, 0x2C, 0xCE, 0x11, 0xE8, 0x3E, 0xDA, 0x00, 0x58, 0xED, 0x68, 0x09, 0xB0, 0xBE, 0x14, 0x0E,
    0xA4, 0x6F, 0xDD, 0x62, 0x7B, 0xC0, 0xEE, 0x4E, 0xC5, 0x92, 0x4C, 0xD6, 0x16, 0x2B, 0xE2, 0x3D,
    0x05, 0x6C, 0x3F, 0x09, 0x95, 0xEF, 0x0E, 0xAC, 0x24, 0xA1, 0x3E, 0xDC, 0x02, 0xEB, 0xCD, 0xDA,
    0x24, 0x94, 0x29, 0x42, 0x06, 0x80, 0x67, 0xBB, 0x24, 0x54, 0x6D, 0x73, 0x3D, 0x11, 0x95, 0xBA,
    0x78, 0xCF, 0x9B, 0xAE, 0xE8, 0x6E, 0x25, 0x85, 0x5D, 0x93, 0x77, 0xE6, 0x7A, 0x8E, 0x05, 0xBD,
    0x96, 0x32, 0xC7, 0xC2, 0x4D, 0x4A, 0x36, 0x5A, 0xE7, 0x29, 0xE2, 0x20, 0x72, 0x64, 0x12, 0xC4,
    0xE7, 0x8A, 0xBD, 0x12, 0xC4, 0xB7, 0x8A, 0xEE, 0xC2, 0x50, 0xF1, 0x07, 0x10, 0x5C, 0xC6, 0x9B,
    0x3A, 0xF1, 0x1E, 0xAA, 0xE2, 0x81, 0x89, 0x1E, 0xCC, 0x50, 0xFD, 0x44, 0x17, 0x16, 0x3A, 0x15,
    0x8F, 0x90, 0x06, 0xD6, 0x83, 0xD8, 0x0C, 0x75, 0xCF, 0x91, 0xFD, 0x17, 0x60, 0xC3, 0x12, 0xA2,
    0x00, 0xEB, 0x20, 0xA2, 0x6E, 0x34, 0xB0, 0x15, 0xC7, 0x23, 0x12, 0x04, 0x51, 0x80, 0x4F, 0xA7,
    0x42, 0xC5, 0x49, 0x11, 0x21, 0xEC, 0xC5, 0x98, 0xFD, 0x8E, 0x0E, 0x89, 0xC2, 0xB6, 0xD2, 0xD1,
    0x02, 0xFB, 0xAB, 0x6F, 0xB2, 0x26, 0xBF, 0x2B, 0xB0, 0xCD, 0x3B, 0x66, 0xB1, 0x4B, 0x7C, 0x23,
    0x7F, 0x5B, 0x2C, 0x36, 0x81, 0xA8, 0x4A, 0x58, 0xAC, 0x44, 0x6A, 0x4B, 0x0D, 0x2C, 0xF6, 0x94,
    0x9C, 0x7A, 0xF4, 0xB6, 0x9C, 0x27, 0x77, 0x41, 0x76, 0xD9, 0x0E, 0xD9, 0x24, 0x18, 0x1A, 0x03,
    0x8B, 0x1C, 0x13, 0xCC, 0x8F, 0x81, 0x7D, 0x98, 0x36, 0x98, 0x41, 0x37, 0xDE, 0x5E, 0xDA, 0x78,
    0xDE, 0xA5, 0x8D, 0x55, 0xD6, 0xA6, 0x8D, 0x51, 0x14, 0x6B, 0x2C, 0xD6, 0x2F, 0x5A, 0x8B, 0xE5,
    0x99, 0xC2, 0x5A, 0x6C, 0xD2, 0xCE, 0xB1, 0x72, 0x82, 0xB1, 0x58, 0xA4, 0x08, 0x8D, 0xF3, 0x84,
    0xC0, 0xD4, 0xCC, 0xB1, 0xAA, 0xCB, 0x3C, 0x35, 0xEF, 0xAC, 0xC5, 0x7E, 0xEE, 0x1D, 0x75, 0x9E,
    0x82, 0x45, 0xEB, 0x15, 0x9F, 0x5D, 0x2B, 0x00, 0xEC, 0x54, 0xAA, 0xB3, 0xF8, 0x5F, 0x0C, 0x63,
    0xE5, 0xD1, 0x59, 0x47, 0xAE, 0x38, 0x9A, 0x92, 0x7F, 0xB2, 0x8E, 0x69, 0x73, 0x13, 0x0B, 0x5C,
    0x81, 0x37, 0x3B, 0x06, 0x60, 0x9D, 0x9C, 0x02, 0x7F, 0xF6, 0x10, 0x80, 0x1D, 0xAB, 0xC2, 0xF7,
    0x9A, 0x63, 0xA8, 0x78, 0x5A, 0x7C, 0x2A, 0xF3, 0xB2, 0xF4, 0x04, 0x44, 0x54, 0xB5, 0x4F, 0xA9,
    0xB2, 0x18, 0x6F, 0xFB, 0x53, 0x2B, 0xC2, 0xD9, 0x32, 0xCE, 0x93, 0xC3, 0x1A, 0x36, 0xEA, 0x51,
    0xFC, 0x88, 0x64, 0x3D, 0xD3, 0x79, 0x82, 0x81, 0xF5, 0xD4, 0xF5, 0x53, 0xF4, 0x29, 0x35, 0x47,
    0x35, 0x9D, 0x4E, 0xA1, 0x70, 0x84, 0x3D, 0xF0, 0xD4, 0x22, 0x57, 0xD7, 0xD5, 0xC2, 0x2B, 0xC3,
    0x8F, 0x30, 0xB7, 0x9E, 0x76, 0xD5, 0x8C, 0x81, 0x2D, 0xB4, 0xC8, 0x4A, 0xEB, 0x95, 0xB9, 0x88,
    0xD5, 0x80, 0x9C, 0x3A, 0x12, 0x11, 0x09, 0xF1, 0xAD, 0x40, 0x44, 0xC9, 0xE4, 0x38, 0x10, 0x1B,
    0x01, 0x76, 0x1A, 0xB3, 0x58, 0x62, 0x24, 0xDD, 0x26, 0xA6, 0xA3, 0x6E, 0x29, 0xC0, 0x8E, 0x99,
    0xA6, 0xDC, 0x97, 0xC4, 0x0E, 0xC3, 0xB9, 0x6C, 0x7D, 0xD0, 0x75, 0xAE, 0x29, 0x85, 0x06, 0x58,
    0x66, 0xB0, 0x7C, 0xDA, 0xAE, 0xE0, 0xCD, 0xBA, 0x0A, 0x8B, 0x8D, 0x7B, 0x0B, 0xE3, 0x5B, 0x23,
    0x9F, 0xDE, 0x62, 0xDE, 0x96, 0x09, 0xFE, 0x19, 0xE3, 0x71, 0xA6, 0xF5, 0x97, 0x31, 0x46, 0x4A,
    0xC6, 0x35, 0x8B, 0x79, 0x79, 0xD6, 0x16, 0xA9, 0x87, 0x8D, 0x14, 0x87, 0xC0, 0x4C, 0x55, 0xE3,
    0xE4, 0x3A, 0x8E, 0x1D, 0x2F, 0xE0, 0xBF, 0x0A, 0xB0, 0xB0, 0x1A, 0x3A, 0x2C, 0x70, 0x6B, 0xD6,
    0x38, 0xB5, 0xC3, 0x41, 0xDE, 0x05, 0xE3, 0x67, 0xA9, 0xB6, 0x18, 0xCF, 0x3A, 0x8C, 0xE7, 0x16,
    0xE3, 0x57, 0x18, 0xD8, 0xA9, 0xC6, 0xD8, 0xEB, 0x30, 0xF6, 0x54, 0x6D, 0x31, 0xF6, 0x40, 0x57,
    0x1A, 0x63, 0x4F, 0x65, 0x16, 0x63, 0x6F, 0xD1, 0x62, 0xEC, 0xD5, 0x2D, 0xC6, 0x5E, 0x31, 0xB0,
    0x18, 0x7B, 0x45, 0x6E, 0x31, 0xF6, 0xFE, 0xBD, 0xC5, 0xD8, 0xD7, 0x3E, 0x23, 0x3C, 0xB2, 0x70,
    0xDE, 0x61, 0xBC, 0xD1, 0x62, 0xDC, 0x74, 0x18, 0x67, 0xBF, 0x48, 0xD1, 0xED, 0xEE, 0x2E, 0x55,
    0x20, 0x68, 0x8A, 0x18, 0xD6, 0x7A, 0x58, 0x04, 0x79, 0x9D, 0xB1, 0x93, 0x64, 0xC6, 0x54, 0x8A,
    0x2F, 0x80, 0xB1, 0xAA, 0x09, 0x61, 0x17, 0x82, 0x20, 0xFE, 0x9D, 0x57, 0x3A, 0x08, 0xE2, 0xF1,
    0x48, 0x2A, 0xED, 0x52, 0xE5, 0x3C, 0x1D, 0x94, 0x9A, 0xA0, 0x8F, 0xC8, 0xF2, 0xFB, 0x1B, 0xFB,
    0xCA, 0xD4, 0xF9, 0xCA, 0x95, 0x21, 0xE8, 0x60, 0x1B, 0x2A, 0x29, 0x04, 0x1D, 0x65, 0xF8, 0x2F,
    0x04, 0x8D, 0x5A, 0xFB, 0x7B, 0xC7, 0x57, 0x9E, 0x0D, 0x5A, 0x60, 0xF5, 0xEE, 0x0B, 0x01, 0x36,
    0xAC, 0x4F, 0x1B, 0x60, 0x39, 0xA0, 0xAB, 0x0D, 0xB0, 0x37, 0x0A, 0xD9, 0x5D, 0x05, 0x60, 0x5F,
    0x32, 0xD5, 0x52, 0x0C, 0xEC, 0xA5, 0x42, 0xEF, 0x3A, 0xC2, 0xD2, 0x80, 0x39, 0x81, 0x81, 0x0D,
    0x53, 0x1D, 0x31, 0x31, 0xB0, 0x61, 0x70, 0x75, 0xD3, 0x02, 0x9B, 0x2F, 0x5A, 0x60, 0x9B, 0xA8,
    0x05, 0xF6, 0xD0, 0x9B, 0x01, 0xBB, 0x5F, 0x34, 0x5B, 0x03, 0x5B, 0xE9, 0xF6, 0xB3, 0x88, 0xC1,
    0xED, 0x01, 0x8B, 0x2D, 0x2A, 0xEF, 0x01, 0xFB, 0xB6, 0x2D, 0xB6, 0x92, 0x62, 0x17, 0x58, 0x6C,
    0xA0, 0xF7, 0x05, 0xC1, 0x62, 0x65, 0x4B, 0x99, 0x5F, 0xC1, 0x62, 0xB5, 0x49, 0x36, 0xB0, 0x58,
    0x13, 0x13, 0x03, 0x58, 0xDD, 0xEA, 0x0F, 0xDD, 0xF9, 0x44, 0x63, 0xD6, 0x46, 0xB7, 0x6E, 0xD1,
    0xB2, 0xB2, 0x59, 0x90, 0xA5, 0xF5, 0x75, 0x0A, 0xAA, 0x36, 0x08, 0x0A, 0xD7, 0xDB, 0x20, 0x68,
    0xD9, 0xC6, 0xDD, 0x11, 0xC5, 0x03, 0xA9, 0xA0, 0x60, 0x60, 0xD3, 0xCD, 0x50, 0xB2, 0xC2, 0x60,
    0xE5, 0x8A, 0x03, 0x0A, 0x9E, 0x0B, 0x19, 0xD8, 0x2B, 0x58, 0x94, 0xE5, 0x39, 0x9F, 0x59, 0xF9,
    0x35, 0xA3, 0xBF, 0xAB, 0xA2, 0x23, 0x95, 0x4D, 0x5B, 0x68, 0xD1, 0x00, 0x6B, 0x0B, 0xDE, 0xBC,
    0x42, 0x2A, 0xAF, 0x30, 0xA0, 0xEE, 0x14, 0xDA, 0xA1, 0x81, 0x6D, 0xC0, 0xD8, 0x1A, 0xD8, 0xA4,
    0x03, 0x76, 0xE9, 0x5A, 0xAF, 0xC8, 0xED, 0xDC, 0x6E, 0x6B, 0x3E, 0x92, 0x36, 0xB3, 0x6C, 0x9D,
    0x6F, 0xD3, 0x83, 0x86, 0xAF, 0x7B, 0xCB, 0x3E, 0x52, 0x96, 0x62, 0xB4, 0x48, 0xAF, 0x43, 0xE8,
    0x85, 0x09, 0xAF, 0x86, 0xFD, 0x38, 0xA2, 0x69, 0x41, 0x81, 0x2F, 0xA2, 0x6C, 0x26, 0xE1, 0xCE,
    0xDA, 0x14, 0xA1, 0xE2, 0xAA, 0x20, 0xEB, 0xD6, 0xE4, 0x97, 0x52, 0xD9, 0xD4, 0x48, 0x5D, 0x53,
    0x0A, 0x97, 0x12, 0xC8, 0x0F, 0x51, 0x6A, 0x64, 0x4A, 0xA1, 0xF6, 0xC9, 0xC8, 0x57, 0xDA, 0x33,
    0x35, 0xDA, 0xD1, 0x06, 0x8C, 0xFD, 0x6A, 0x28, 0x94, 0x22, 0xB5, 0xF2, 0x32, 0x9B, 0x91, 0xBF,
    0x71, 0x84, 0x86, 0xCE, 0xA6, 0xDC, 0x2D, 0x90, 0x55, 0x20, 0x14, 0x47, 0xAD, 0xB4, 0xEB, 0x23,
    0xBD, 0xDA, 0xA6, 0x7E, 0xC9, 0xD3, 0x4D, 0x9F, 0x2F, 0x23, 0x0A, 0x43, 0x11, 0x3C, 0xCB, 0xC3,
    0x53, 0x0E, 0xB4, 0x39, 0xD9, 0x70, 0x3E, 0x4D, 0x83, 0x39, 0x36, 0x46, 0x50, 0xB4, 0x18, 0x2C,
    0x28, 0x3A, 0xB7, 0x90, 0x5D, 0x71, 0x6B, 0x8B, 0x9C, 0x62, 0x6F, 0x3A, 0x72, 0xF2, 0x8D, 0xF0,
    0xD1, 0x3A, 0x4C, 0x19, 0xFC, 0xCD, 0x48, 0x2D, 0xB8, 0xE9, 0x7E, 0x86, 0xDA, 0x79, 0x95, 0x8E,
    0x2F, 0x15, 0xB2, 0x09, 0xCC, 0x2D, 0x2B, 0xF2, 0x5E, 0x40, 0xE7, 0x57, 0xCD, 0x0E, 0xC9, 0x8A,
    0x07, 0x67, 0x4B, 0x6B, 0x11, 0xAC, 0x19, 0x5B, 0x49, 0x2B, 0xED, 0x59, 0x7B, 0x3B, 0xE5, 0xFB,
    0x8C, 0xFC, 0x3E, 0xAF, 0xF8, 0xD6, 0xC0, 0x9C, 0xBF, 0x1A, 0x66, 0x89, 0x49, 0xD6, 0x20, 0xD1,
    0x19, 0x5C, 0x31, 0xF2, 0x77, 0x1A, 0x1B, 0xA7, 0x06, 0x76, 0xF5, 0xAE, 0x5B, 0x1B, 0xDA, 0xB1,
    0x38, 0xC4, 0x76, 0xDE, 0xAE, 0x0E, 0xF5, 0x74, 0x20, 0xE8, 0xAD, 0xFB, 0xFD, 0xD0, 0xAE, 0xFB,
    0x05, 0xDB, 0xAD, 0x02, 0xC8, 0x0A, 0x54, 0x7F, 0xDD, 0x6F, 0xB0, 0xFB, 0xBA, 0x5F, 0x17, 0xB8,
    0x43, 0x93, 0xB7, 0xDA, 0xF5, 0x2E, 0x46, 0x7B, 0x59, 0xA0, 0xF3, 0xD9, 0x6F, 0x96, 0x5B, 0x24,
    0xA9, 0x57, 0xFA, 0xC5, 0x5A, 0xA5, 0x9F, 0x53, 0x85, 0x99, 0xF8, 0x43, 0xCC, 0xF9, 0x8D, 0x8D,
    0xA2, 0x96, 0x68, 0xD4, 0x2D, 0xBF, 0xC5, 0xC3, 0x6E, 0x25, 0xAE, 0x83, 0x70, 0x18, 0xBF, 0xAF,
    0x2D, 0x5B, 0x8B, 0x97, 0x65, 0x25, 0x8E, 0x5B, 0x10, 0xC6, 0x09, 0x38, 0x89, 0x1D, 0x1B, 0x16,
    0x55, 0x86, 0xCA, 0x26, 0x78, 0x29, 0xAB, 0xAF, 0x4D, 0x59, 0xF4, 0x21, 0x26, 0x17, 0x2B, 0x9C,
    0x20, 0x62, 0xD6, 0xB0, 0x95, 0xA1, 0x06, 0x6D, 0x90, 0x50, 0x8C, 0xDD, 0x91, 0xAC, 0xD2, 0x47,
    0x56, 0xDA, 0x22, 0xB8, 0xE5, 0x4E, 0xF5, 0xE2, 0x49, 0xAB, 0x91, 0xA3, 0x4E, 0x51, 0x27, 0x95,
    0x41, 0x56, 0x76, 0x38, 0xB2, 0x6D, 0x4A, 0x7A, 0x12, 0xB8, 0x17, 0x03, 0x0C, 0xBB, 0x5F, 0xD4,
    0x7C, 0x59, 0x9E, 0xE6, 0x24, 0x45, 0xB8, 0xE1, 0x49, 0xD9, 0x8C, 0x92, 0xF0, 0x00, 0x5C, 0x00,
    0xD0, 0x88, 0x8D, 0x43, 0x3E, 0x8F, 0x7B, 0x9F, 0x62, 0xC7, 0x55, 0x3E, 0xBB, 0x79, 0xDD, 0x2F,
    0xBF, 0x69, 0xDD, 0xCF, 0x51, 0x7B, 0xAD, 0xFB, 0x5D, 0xBF, 0x73, 0xAC, 0x9D, 0xF2, 0x30, 0x68,
    0xD6, 0x66, 0xAE, 0xD9, 0x34, 0xAC, 0xCD, 0xED, 0x8D, 0x0D, 0x6B, 0x87, 0x48, 0xB6, 0x6A, 0xD6,
    0x3E, 0xAB, 0xB7, 0xC2, 0xB2, 0x2E, 0xE3, 0x16, 0x3C, 0x92, 0x60, 0x6D, 0x19, 0x92, 0xF8, 0x0D,
    0xFD, 0xAC, 0x92, 0xCE, 0x1B, 0x3F, 0x4B, 0x1E, 0xA1, 0x59, 0xDB, 0x9B, 0x8A, 0x85, 0x4A, 0xFD,
    0x6A, 0x21, 0x01, 0xA9, 0x59, 0xF7, 0x0B, 0x95, 0x14, 0xA7, 0x0F, 0x6A, 0x1D, 0x57, 0xBC, 0x41,
    0x86, 0xC3, 0xF9, 0x78, 0xBB, 0x8A, 0x90, 0xCB, 0x38, 0x60, 0x3A, 0x0E, 0xAE, 0x8A, 0x49, 0x63,
    0x3A, 0x5E, 0xD5, 0x75, 0x89, 0x9B, 0x7A, 0x5B, 0xB4, 0xEC, 0x56, 0x5D, 0xD1, 0xA9, 0xB6, 0x91,
    0x4C, 0xC7, 0xE2, 0x57, 0xCF, 0x65, 0x3A, 0x0E, 0xBA, 0x55, 0x04, 0x5D, 0xBF, 0x2A, 0xD3, 0xB1,
    0x11, 0x31, 0x1D, 0x1B, 0x11, 0xD3, 0x71, 0xA8, 0xF8, 0x11, 0x4A, 0x2C, 0xC0, 0x83, 0x7F, 0x3C,
    0xFB, 0xA5, 0x5A, 0x1E, 0xCA, 0xDB, 0xFD, 0x82, 0xD0, 0x7F, 0x24, 0x26, 0x65, 0x5B, 0x99, 0x9E,
    0x62, 0x19, 0x58, 0xB7, 0xDB, 0x2F, 0xE8, 0xEC, 0xDC, 0x2F, 0xE8, 0xBD, 0xF5, 0xFD, 0x82, 0x03,
    0x5D, 0x4B, 0x0C, 0x60, 0xF3, 0x9F, 0x5C, 0xFF, 0xC6, 0x85, 0x73, 0x15, 0x80, 0x7D, 0xB5, 0xA8,
    0x8E, 0xC7, 0x07, 0x46, 0x0C, 0xAC, 0xFB, 0x1D, 0x11, 0x63, 0x06, 0xD6, 0x6D, 0x83, 0xA4, 0xA1,
    0xFB, 0x0A, 0xCE, 0xFD, 0xA7, 0x2D, 0x06, 0xD6, 0xF9, 0xBE, 0x3E, 0x01, 0xC0, 0x5E, 0x87, 0x78,
    0x7F, 0x03, 0x60, 0x75, 0xB9, 0x72, 0x09, 0x60, 0x97, 0x04, 0xF9, 0xF4, 0x5D, 0x5E, 0x1E, 0xBA,
    0x7A, 0xE7, 0x80, 0x75, 0x65, 0xC9, 0x5D, 0x80, 0x95, 0x22, 0x8E, 0x10, 0xA9, 0xAB, 0x8B, 0xED,
    0xFE, 0xB1, 0xF0, 0xF7, 0x4D, 0xA1, 0x99, 0x2F, 0x0E, 0xB4, 0x70, 0xCB, 0xA5, 0xE9, 0xCA, 0xC1,
    0x76, 0xE7, 0x58, 0x4C, 0x11, 0x0A, 0xE3, 0xB8, 0x69, 0x0C, 0xAC, 0xAE, 0x97, 0x69, 0x18, 0x58,
    0x6F, 0xCE, 0xFE, 0x6C, 0x74, 0x65, 0x0E, 0x60, 0xB7, 0x56, 0x32, 0xDA, 0x7F, 0xE5, 0x65, 0x00,
    0x1B, 0xB3, 0x4A, 0xB8, 0x57, 0xA4, 0x68, 0xF5, 0x16, 0xB1, 0x6A, 0xC5, 0xD2, 0x88, 0x4B, 0xCF,
    0x9F, 0x2C, 0x65, 0x79, 0x28, 0x5E, 0x55, 0xEA, 0x3A, 0x8B, 0x0C, 0x6C, 0x9C, 0x6C, 0xFF, 0x5E,
    0x5E, 0x0A, 0xB0, 0x31, 0xD3, 0x40, 0xC0, 0x22, 0x5B, 0xAC, 0xBD, 0xAC, 0xEA, 0x89, 0x43, 0x42,
    0xDD, 0x8F, 0x2A, 0x2B, 0x58, 0xAC, 0x11, 0x01, 0xEC, 0x48, 0x8B, 0xD8, 0x27, 0x64, 0x44, 0x00,
    0xBB, 0xAE, 0x45, 0xBE, 0xB8, 0x59, 0x4F, 0x18, 0x96, 0xB2, 0xE2, 0xA1, 0x5C, 0x5D, 0x97, 0x9B,
    0xBD, 0x0E, 0x27, 0xBB, 0x11, 0x51, 0x0A, 0x09, 0xB4, 0x08, 0x37, 0x7E, 0x1B, 0x6E, 0x68, 0x30,
    0xC5, 0x34, 0xB1, 0x8D, 0x4D, 0x93, 0xE3, 0xD4, 0x9D, 0x99, 0x29, 0xAE, 0x91, 0xC9, 0x1C, 0xD5,
    0xD1, 0xA8, 0x2A, 0x29, 0x34, 0x27, 0x9B, 0xC2, 0x6F, 0x29, 0x8D, 0x0E, 0x2C, 0x43, 0xDF, 0xB3,
    0xC6, 0x3B, 0xBE, 0x75, 0xB3, 0xEF, 0xA8, 0x35, 0xD3, 0x7A, 0xCF, 0xCD, 0xBE, 0xE3, 0x9F, 0xCB,
    0x78, 0x77, 0x2C, 0x01, 0xFA, 0x32, 0x4A, 0xB2, 0xA0, 0x20, 0xB5, 0x6C, 0x3A, 0x3D, 0xA9, 0x13,
    0x44, 0xC0, 0x48, 0xD7, 0x52, 0x48, 0x90, 0xE4, 0x75, 0xF5, 0x53, 0x7E, 0x57, 0x3F, 0x15, 0x74,
    0x55, 0xAD, 0xFA, 0x04, 0x09, 0x92, 0x74, 0x11, 0xB3, 0x36, 0x5E, 0xEC, 0xFE, 0x34, 0xC6, 0xEB,
    0x3C, 0x77, 0x77, 0x8C, 0x97, 0xE5, 0x36, 0x8D, 0xD5, 0xAF, 0x55, 0xE7, 0x08, 0xEE, 0xD5, 0xCB,
    0xB9, 0x9D, 0x9F, 0xC7, 0xFF, 0xF3, 0x85, 0xCB, 0xF7, 0x6B, 0x2F, 0x87, 0x6F, 0x7A, 0xE0, 0x0B,
    0x97, 0x0F, 0x24, 0xFA, 0x5E, 0xE1, 0x4B, 0x38, 0xF8, 0x4D, 0x4D, 0x34, 0xC9, 0x25, 0x39, 0xD0,
    0xBB, 0x58, 0x66, 0xFA, 0xC0, 0x6C, 0x6F, 0xD1, 0x07, 0x52, 0x39, 0xEF, 0xDB, 0x03, 0x8C, 0x67,
    0x78, 0x5A, 0x1F, 0xEC, 0x87, 0x73, 0x1A, 0x1D, 0x37, 0x07, 0xF0, 0xBD, 0x63, 0x7D, 0xF0, 0xC5,
    0xFD, 0x50, 0x98, 0xAD, 0xE3, 0x6A, 0xF6, 0x85, 0xCB, 0xA1, 0xDA, 0x0F, 0xB7, 0xA2, 0xF9, 0x95,
    0xC5, 0xFC, 0xD0, 0xA3, 0x89, 0xFA, 0xB7, 0xC3, 0x58, 0x78, 0xF4, 0xB1, 0x37, 0x69, 0xCB, 0xC5,
    0x76, 0x1C, 0x04, 0x2B, 0xEC, 0x08, 0x57, 0x54, 0xBB, 0xA5, 0xEC, 0x59, 0xF2, 0x50, 0xA9, 0x85,
    0x4D, 0x3D, 0x5E, 0x31, 0xC4, 0x41, 0x29, 0xFB, 0x80, 0xBC, 0x62, 0xF9, 0x96, 0x83, 0xCA, 0x1C,
    0x1C, 0x21, 0xB9, 0x81, 0x3E, 0x08, 0xF5, 0x42, 0x5D, 0x83, 0x03, 0x7E, 0xCE, 0x19, 0xEE, 0xA1,
    0x8B, 0x3F, 0x20, 0xE2, 0x2F, 0xBE, 0x0C, 0xBB, 0x08, 0xD5, 0x45, 0xC6, 0x27, 0xF9, 0x74, 0x85,
    0x84, 0x9A, 0xBB, 0xF0, 0x67, 0x39, 0xE5, 0x1F, 0x83, 0xD7, 0x04, 0x9B, 0x5A, 0x1F, 0xA7, 0x37,
    0x3E, 0x86, 0xBF, 0xDD, 0xC0, 0xBD, 0x1C, 0x9E, 0xF8, 0x66, 0xF6, 0xFA, 0x33, 0xDC, 0xCC, 0x08,
    0xDA, 0xF7, 0xA5, 0xD7, 0x8B, 0xD7, 0x2E, 0xB3, 0x6A, 0x27, 0x58, 0x23, 0xA9, 0x5E, 0xCB, 0x7E,
    0x76, 0xE9, 0x29, 0x49, 0xAE, 0xF9, 0x57, 0xBE, 0xFF, 0xA3, 0xEC, 0x5F, 0xBF, 0x3F, 0x9D, 0xA1,
    0x8E, 0x6F, 0xF0, 0xD4, 0xA5, 0xCB, 0xE9, 0xA8, 0xAA, 0x12, 0x1C, 0x9C, 0x09, 0x1E, 0x7B, 0x86,
    0xE2, 0xF5, 0xD3, 0x41, 0xA1, 0x94, 0x53, 0xFB, 0xE1, 0x80, 0x86, 0x47, 0x59, 0x55, 0x94, 0x62,
    0xCD, 0x79, 0xBF, 0xFC, 0x61, 0x15, 0x9A, 0xE4, 0x0A, 0xD4, 0x27, 0xFB, 0x1B, 0x98, 0x48, 0xE6,
    0xF0, 0x3E, 0x6B, 0xB1, 0xEE, 0xE1, 0xA0, 0x59, 0x6E, 0x37, 0x36, 0x1C, 0x94, 0x6D, 0xB0, 0x38,
    0xE7, 0xAC, 0x44, 0xF1, 0xB1, 0xAE, 0x75, 0x83, 0xBB, 0x72, 0xCA, 0xB9, 0xA0, 0x27, 0x0C, 0xB6,
    0x5D, 0x50, 0x40, 0x76, 0xB8, 0xD2, 0x2A, 0xF1, 0xD3, 0x5C, 0xFD, 0x8D, 0x66, 0x04, 0xD6, 0x58,
    0xD9, 0xE3, 0x50, 0xDF, 0xF9, 0x19, 0x1D, 0x89, 0x01, 0x77, 0x21, 0xA4, 0x80, 0x98, 0xC5, 0x51,
    0x25, 0x48, 0x41, 0x6A, 0xAD, 0xDC, 0x19, 0x48, 0x41, 0xEB, 0xFA, 0xB1, 0xDB, 0xFE, 0x0B, 0x00,
    0x6E, 0xDD, 0x92, 0x82, 0x99, 0xD1, 0xC5, 0xFC, 0xE7, 0x1D, 0x29, 0xCC, 0xBB, 0x19, 0x7D, 0xDE,
    0x6E, 0x10, 0x0D, 0x4C, 0x54, 0x9D, 0xA7, 0xD2, 0x5C, 0x88, 0x0F, 0xF0, 0x5D, 0x37, 0x6E, 0x97,
    0x14, 0xDC, 0x45, 0x5B, 0x17, 0x10, 0x5E, 0x2B, 0x2C, 0x29, 0x0C, 0x25, 0xE8, 0x95, 0x35, 0x0B,
    0xD9, 0x94, 0xA6, 0x33, 0x27, 0x31, 0x9C, 0x48, 0x9D, 0x39, 0x11, 0x02, 0xD1, 0x99, 0x13, 0x11,
    0x75, 0xE6, 0x24, 0x69, 0x33, 0x27, 0xFD, 0x6A, 0x59, 0x11, 0x35, 0x29, 0x40, 0x34, 0xA4, 0x80,
    0xB2, 0x78, 0x43, 0x0A, 0x28, 0xFD, 0x36, 0xA4, 0xC0, 0xCD, 0xB9, 0x77, 0x5C, 0xB5, 0x07, 0x99,
    0xC2, 0x9C, 0xE7, 0x33, 0x00, 0xAB, 0xE7, 0x96, 0x0A, 0xC0, 0x3E, 0xEC, 0xA2, 0x2E, 0xE3, 0xF1,
    0xDB, 0x02, 0x36, 0x92, 0x3A, 0xE9, 0x12, 0x6B, 0x16, 0xDB, 0x70, 0xBF, 0x7E, 0xB2, 0xC5, 0xC0,
    0x7A, 0xC8, 0xA4, 0xC1, 0x54, 0xEB, 0x49, 0x08, 0xCF, 0xFC, 0x18, 0x79, 0xD9, 0xA4, 0xBE, 0x3F,
    0x60, 0x95, 0x39, 0x11, 0x9D, 0x2C, 0x46, 0xD5, 0x43, 0x61, 0x75, 0x9E, 0x8E, 0x27, 0x17, 0x8B,
    0xB8, 0x7A, 0x68, 0x50, 0x9D, 0xA6, 0xD3, 0x22, 0xDE, 0x1F, 0x96, 0xE7, 0xE9, 0x91, 0xE4, 0xCB,
    0x2C, 0x86, 0x0E, 0x5F, 0x16, 0xDF, 0xE7, 0x65, 0x71, 0xE5, 0xA3, 0xC0, 0xFC, 0x08, 0x05, 0x0C,
    0xAC, 0x5B, 0xA3, 0x6C, 0x99, 0xAD, 0x9E, 0x81, 0x1D, 0xCF, 0xA0, 0x93, 0x35, 0x80, 0xBD, 0x2F,
    0xD5, 0x85, 0x24, 0x0C, 0xAC, 0x5D, 0xC3, 0xE2, 0x7E, 0x7C, 0xF1, 0x4F, 0x58, 0xFA, 0xED, 0x6F,
    0x03, 0xD8, 0xEF, 0x62, 0x0D, 0xEB, 0xEB, 0x4F, 0xC2, 0x55, 0x93, 0xAD, 0x0F, 0xDF, 0x7D, 0x04,
    0xC0, 0xA2, 0xE8, 0x92, 0xFE, 0xF0, 0xD0, 0x2D, 0xCB, 0xC7, 0x00, 0xCB, 0x00, 0x2B, 0xE2, 0x3B,
    0xE0, 0xAA, 0x1D, 0x4C, 0xDB, 0x3D, 0x0C, 0xD8, 0x25, 0x2D, 0xC0, 0x96, 0xF2, 0x64, 0x01, 0x36,
    0xD5, 0xCB, 0xDA, 0x64, 0x9F, 0xAC, 0x81, 0x8D, 0x98, 0x8A, 0x4C, 0x73, 0x96, 0xAA, 0x0B, 0x7A,
    0x29, 0x34, 0xD8, 0xF0, 0x10, 0x05, 0xA3, 0x1D, 0x4B, 0x58, 0x53, 0x3D, 0xA5, 0x4B, 0x93, 0x1A,
    0xBD, 0xD9, 0x1F, 0x54, 0x3F, 0x1D, 0x97, 0xBE, 0x0E, 0x3C, 0x23, 0xBA, 0x6F, 0xC3, 0xEC, 0x61,
    0x00, 0x5D, 0xFA, 0xC5, 0xD0, 0xA4, 0xDD, 0xF9, 0xCC, 0x36, 0x28, 0x76, 0xFB, 0x49, 0xEC, 0x2E,
    0x73, 0x5D, 0xD7, 0xBB, 0xED, 0x56, 0x30, 0xF5, 0xED, 0x0F, 0x77, 0xF5, 0xED, 0xAB, 0xEE, 0x6E,
    0xF5, 0xED, 0xCE, 0x73, 0x7B, 0x19, 0xEF, 0xA8, 0xDE, 0xAD, 0x92, 0x67, 0xD2, 0x65, 0xCF, 0xFB,
    0xCD, 0x19, 0xDA, 0x29, 0xDF, 0x5A, 0x2C, 0x9A, 0x2E, 0x7F, 0xAE, 0x4A, 0xC2, 0x58, 0xB8, 0x6A,
    0x66, 0xF6, 0xBF, 0xA5, 0x2E, 0xC0, 0x4E, 0xE3, 0xAB, 0x6F, 0x04, 0xEC, 0x9B, 0x6D, 0xE9, 0x7E,
    0x57, 0x96, 0x8F, 0x61, 0x64, 0x57, 0xC5, 0x3F, 0x0B, 0x15, 0xDA, 0x91, 0xC1, 0x62, 0xC7, 0x70,
    0x18, 0x0E, 0xD7, 0xB0, 0x58, 0x3D, 0x6A, 0x93, 0x37, 0x5A, 0x9D, 0x38, 0x45, 0x47, 0x75, 0xD4,
    0xFC, 0x25, 0xF9, 0xC3, 0x4C, 0xA7, 0x41, 0xC5, 0x17, 0x78, 0x3A, 0x4A, 0x5C, 0xF8, 0xE0, 0x14,
    0x7D, 0x8F, 0xBD, 0xB6, 0xEF, 0x4D, 0x41, 0xC5, 0x48, 0x7A, 0x20, 0xAF, 0x01, 0x2A, 0x86, 0xA8,
    0xA9, 0x18, 0x0B, 0x72, 0xA8, 0xEC, 0xC1, 0x42, 0xC5, 0xA5, 0x86, 0x2E, 0x84, 0xB2, 0x66, 0x8C,
    0x44, 0x54, 0xAD, 0x57, 0x19, 0xCD, 0x6A, 0x3F, 0xA8, 0x78, 0x9F, 0xA9, 0x6B, 0xBA, 0xB9, 0x44,
    0xCB, 0x57, 0x6D, 0xC1, 0x87, 0xE0, 0x66, 0xEA, 0xDB, 0xE5, 0xEF, 0x41, 0x99, 0xFA, 0xF6, 0x79,
    0xAF, 0xBE, 0xDD, 0x50, 0xB1, 0xD7, 0xD5, 0xB7, 0x6B, 0x5F, 0x4E, 0x80, 0x75, 0x76, 0x00, 0xDB,
    0x52, 0xF1, 0xD2, 0x73, 0xBF, 0x64, 0x45, 0x95, 0xDA, 0x83, 0xDE, 0xF1, 0x47, 0x18, 0xF6, 0x9A,
    0x63, 0xEF, 0xB0, 0xE3, 0xFD, 0xA6, 0xB5, 0x77, 0xB2, 0x45, 0x4C, 0x80, 0xD5, 0xDE, 0xB6, 0x00,
    0x9B, 0x70, 0x40, 0x6A, 0xCA, 0xA0, 0xCF, 0xC8, 0x86, 0x2B, 0x01, 0xF6, 0x90, 0x24, 0xCD, 0xDE,
    0xAB, 0x96, 0xBD, 0x77, 0x81, 0xD5, 0x08, 0x09, 0xB0, 0x67, 0xCC, 0x46, 0xB9, 0xA1, 0x45, 0xF3,
    0xE6, 0x88, 0x4A, 0x23, 0xFF, 0x5E, 0xB5, 0x6C, 0x07, 0xAC, 0xF6, 0xAB, 0xB5, 0xF3, 0x04, 0x22,
    0x55, 0x53, 0x59, 0x4F, 0x94, 0xBF, 0xAE, 0x50, 0x33, 0xB0, 0xCE, 0x0D, 0x35, 0xA2, 0x1B, 0x6A,
    0x0B, 0xE9, 0x90, 0x97, 0xD4, 0xD0, 0xFD, 0x81, 0x1A, 0x32, 0xB0, 0xDE, 0x0B, 0xB3, 0xD0, 0xBB,
    0x38, 0x0F, 0x19, 0x58, 0xF8, 0x56, 0xE2, 0x5F, 0xC5, 0x3B, 0xC4, 0x29, 0x0D, 0x39, 0x80, 0x1A,
    0xB2, 0x28, 0xAC, 0x5E, 0xF3, 0x0F, 0x03, 0x7B, 0x81, 0x39, 0x1D, 0x3F, 0x0C, 0x6C, 0x24, 0x1B,
    0x4B, 0xA5, 0xF6, 0xCE, 0xB4, 0xE1, 0x2E, 0xD4, 0xDE, 0xC9, 0x04, 0xA8, 0x81, 0xCD, 0xBB, 0x50,
    0xF9, 0x6E, 0x00, 0xFB, 0xFF,
};

static const EpdGlyph ebgaramond_20_italicGlyphs[] = {
    { 0, 0, 0, 0, 0, 0, 0 }, // U+0000
    { 0, 0, 0, 0, 0, 0, 0 }, // U+0001
    { 0, 0, 0, 0, 0, 0, 0 }, // U+0002
    { 0, 0, 0, 0, 0, 0, 0 }, // U+0003
    { 0, 0, 0, 0, 0, 0, 0 }, // U+0004
    { 0, 0, 0, 0, 0, 0, 0 }, // U+0005
    { 0, 0, 0, 0, 0, 0, 0 }, // U+0006
    { 0, 0, 0, 0, 0, 0, 0 }, // U+0007
    { 0, 0, 0, 0, 0, 0, 0 }, // U+0008
    { 0, 0, 0, 0, 0, 0, 0 }, // U+0009
    { 0, 0, 0, 0, 0, 0, 0 }, // U+000A
    { 0, 0, 0, 0, 0, 0, 0 }, // U+000B
    { 0, 0, 0, 0, 0, 0, 0 }, // U+000C
    { 0, 0, 0, 0, 0, 0, 0 }, // U+000D
    { 0, 0, 0, 0, 0, 0, 0 }, // U+000E
    { 0, 0, 0, 0, 0, 0, 0 }, // U+000F
    { 0, 0, 0, 0, 0, 0, 0 }, // U+0010
    { 0, 0, 0, 0, 0, 0, 0 }, // U+0011
    { 0, 0, 0, 0, 0, 0, 0 }, // U+0012
    { 0, 0, 0, 0, 0, 0, 0 }, // U+0013
    { 0, 0, 0, 0, 0, 0, 0 }, // U+0014
    { 0, 0, 0, 0, 0, 0, 0 }, // U+0015
    { 0, 0, 0, 0, 0, 0, 0 }, // U+0016
    { 0, 0, 0, 0, 0, 0, 0 }, // U+0017
    { 0, 0, 0, 0, 0, 0, 0 }, // U+0018
    { 0, 0, 0, 0, 0, 0, 0 }, // U+0019
    { 0, 0, 0, 0, 0, 0, 0 }, // U+001A
    { 0, 0, 0, 0, 0, 0, 0 }, // U+001B
    { 0, 0, 0, 0, 0, 0, 0 }, // U+001C
    { 0, 0, 0, 0, 0, 0, 0 }, // U+001D
    { 0, 0, 0, 0, 0, 0, 0 }, // U+001E
    { 0, 0, 0, 0, 0, 0, 0 }, // U+001F
    { 0, 0, 133, 0, 0, 0, 0 }, // U+0020
    { 13, 29, 191, 1, 28, 95, 0 }, // !
    { 12, 11, 220, 6, 29, 33, 95 }, // "
    { 22, 28, 299, -2, 24, 154, 128 }, // #
    { 24, 35, 322, -1, 31, 210, 282 }, // $
    { 28, 30, 429, 1, 28, 210, 492 }, // %
    { 35, 31, 548, 3, 30, 272, 702 }, // &
    { 6, 11, 133, 6, 29, 17, 974 }, // '
    { 16, 39, 205, 1, 30, 156, 991 }, // (
    { 16, 39, 206, -3, 30, 156, 1147 }, // )
    { 13, 13, 226, 4, 28, 43, 1303 }, // *
    { 21, 22, 393, 2, 21, 116, 1346 }, // +
    { 9, 11, 143, -3, 5, 25, 1462 }, // ,
    { 10, 4, 179, 1, 11, 10, 1487 }, // -
    { 5, 6, 143, 0, 5, 8, 1497 }, // .
    { 20, 31, 184, -3, 28, 155, 1505 }, // /
    { 19, 28, 325, 2, 27, 133, 1660 }, // 0
    { 17, 28, 247, -2, 27, 119, 1793 }, // 1
    { 22, 28, 323, -1, 27, 154, 1912 }, // 2
    { 20, 29, 315, 0, 27, 145, 2066 }, // 3
    { 21, 28, 318, 0, 27, 147, 2211 }, // 4
    { 21, 29, 310, -1, 27, 153, 2358 }, // 5
    { 23, 28, 313, 0, 27, 161, 2511 }, // 6
    { 24, 28, 306, 0, 26, 168, 2672 }, // 7
    { 20, 28, 337, 1, 27, 140, 2840 }, // 8
    { 22, 29, 311, -1, 27, 160, 2980 }, // 9
    { 9, 18, 144, 0, 17, 41, 3140 }, // :
    { 12, 23, 143, -3, 17, 69, 3181 }, // ;
    { 21, 21, 393, 2, 20, 111, 3250 }, // <
    { 22, 11, 393, 2, 16, 61, 3361 }, // =
    { 21, 21, 393, 2, 20, 111, 3422 }, // >
    { 13, 29, 211, 3, 28, 95, 3533 }, // ?
    { 30, 28, 507, 1, 22, 210, 3628 }, // @
    { 29, 30, 439, -3, 29, 218, 3838 }, // A
    { 26, 29, 381, -1, 28, 189, 4056 }, // B
    { 27, 29, 421, 3, 28, 196, 4245 }, // C
    { 33, 29, 501, -1, 28, 240, 4441 }, // D
    { 28, 29, 384, -2, 28, 203, 4681 }, // E
    { 28, 29, 339, -1, 28, 203, 4884 }, // F
    { 27, 29, 458, 3, 28, 196, 5087 }, // G
    { 37, 29, 501, -1, 28, 269, 5283 }, // H
    { 20, 29, 241, -1, 28, 145, 5552 }, // I
    { 26, 37, 195, -8, 28, 241, 5697 }, // J
    { 35, 29, 466, -1, 28, 254, 5938 }, // K
    { 25, 29, 389, -1, 28, 182, 6192 }, // L
    { 47, 29, 661, -3, 28, 341, 6374 }, // M
    { 39, 29, 514, -1, 28, 283, 6715 }, // N
    { 26, 29, 463, 3, 28, 189, 6998 }, // O
    { 26, 29, 377, 0, 28, 189, 7187 }, // P
    { 29, 40, 463, 1, 28, 290, 7376 }, // Q
    { 27, 29, 458, 0, 28, 196, 7666 }, // R
    { 23, 29, 311, -1, 28, 167, 7862 }, // S
    { 27, 29, 415, 4, 28, 196, 8029 }, // T
    { 31, 29, 467, 4, 28, 225, 8225 }, // U
    { 28, 29, 455, 6, 28, 203, 8450 }, // V
    { 43, 29, 711, 7, 28, 312, 8653 }, // W
    { 34, 29, 422, -3, 28, 247, 8965 }, // X
    { 27, 29, 383, 4, 28, 196, 9212 }, // Y
    { 30, 29, 423, -1, 28, 218, 9408 }, // Z
    { 21, 39, 241, -1, 30, 205, 9626 }, // [
    { 6, 31, 273, 7, 28, 47, 9831 }, // <backslash>
    { 21, 39, 240, -4, 30, 205, 9878 }, // ]
    { 18, 15, 334, 3, 26, 68, 10083 }, // ^
    { 20, 3, 309, -5, -5, 15, 10151 }, // _
    { 7, 9, 133, 5, 28, 16, 10166 }, // `
    { 20, 19, 327, -1, 18, 95, 10182 }, // a
    { 17, 31, 299, 2, 30, 132, 10277 }, // b
    { 14, 19, 209, 0, 18, 67, 10409 }, // c
    { 22, 31, 344, 0, 30, 171, 10476 }, // d
    { 15, 19, 227, 0, 18, 72, 10647 }, // e
    { 30, 43, 214, -9, 30, 323, 10719 }, // f
    { 23, 31, 277, -4, 18, 179, 11042 }, // g
    { 19, 31, 325, 1, 30, 148, 11221 }, // h
    { 13, 27, 196, 1, 26, 88, 11369 }, // i
    { 22, 39, 173, -9, 26, 215, 11457 }, // j
    { 19, 31, 303, 0, 30, 148, 11672 }, // k
    { 13, 31, 191, 0, 30, 101, 11820 }, // l
    { 30, 19, 526, 2, 18, 143, 11921 }, // m
    { 20, 19, 351, 1, 18, 95, 12064 }, // n
    { 16, 19, 253, 0, 18, 76, 12159 }, // o
    { 24, 34, 293, -6, 22, 204, 12235 }, // p
    { 20, 30, 315, 0, 18, 150, 12439 }, // q
    { 17, 19, 253, 1, 18, 81, 12589 }, // r
    { 14, 19, 184, -2, 18, 67, 12670 }, // s
    { 14, 23, 195, 0, 22, 81, 12737 }, // t
    { 20, 19, 339, 0, 18, 95, 12818 }, // u
    { 16, 19, 273, 1, 18, 76, 12913 }, // v
    { 24, 19, 415, 2, 18, 114, 12989 }, // w
    { 21, 19, 292, -1, 18, 100, 13103 }, // x
    { 22, 31, 270, -5, 18, 171, 13203 }, // y
    { 17, 20, 271, 0, 18, 85, 13374 }, // z
    { 19, 37, 235, 1, 30, 176, 13459 }, // {
    { 3, 43, 173, 4, 30, 33, 13635 }, // |
    { 19, 37, 235, -3, 30, 176, 13668 }, // }
    { 18, 6, 333, 3, 16, 27, 13844 }, // ~
    { 0, 0, 0, 0, 0, 0, 13871 }, // U+007F
    { 0, 0, 0, 0, 0, 0, 0 }, // U+0080
    { 0, 0, 0, 0, 0, 0, 0 }, // U+0081
    { 0, 0, 0, 0, 0, 0, 0 }, // U+0082
    { 0, 0, 0, 0, 0, 0, 0 }, // U+0083
    { 0, 0, 0, 0, 0, 0, 0 }, // U+0084
    { 0, 0, 0, 0, 0, 0, 0 }, // U+0085
    { 0, 0, 0, 0, 0, 0, 0 }, // U+0086
    { 0, 0, 0, 0, 0, 0, 0 }, // U+0087
    { 0, 0, 0, 0, 0, 0, 0 }, // U+0088
    { 0, 0, 0, 0, 0, 0, 0 }, // U+0089
    { 0, 0, 0, 0, 0, 0, 0 }, // U+008A
    { 0, 0, 0, 0, 0, 0, 0 }, // U+008B
    { 0, 0, 0, 0, 0, 0, 0 }, // U+008C
    { 0, 0, 0, 0, 0, 0, 0 }, // U+008D
    { 0, 0, 0, 0, 0, 0, 0 }, // U+008E
    { 0, 0, 0, 0, 0, 0, 0 }, // U+008F
    { 0, 0, 0, 0, 0, 0, 0 }, // U+0090
    { 0, 0, 0, 0, 0, 0, 0 }, // U+0091
    { 0, 0, 0, 0, 0, 0, 0 }, // U+0092
    { 0, 0, 0, 0, 0, 0, 0 }, // U+0093
    { 0, 0, 0, 0, 0, 0, 0 }, // U+0094
    { 0, 0, 0, 0, 0, 0, 0 }, // U+0095
    { 0, 0, 0, 0, 0, 0, 0 }, // U+0096
    { 0, 0, 0, 0, 0, 0, 0 }, // U+0097
    { 0, 0, 0, 0, 0, 0, 0 }, // U+0098
    { 0, 0, 0, 0, 0, 0, 0 }, // U+0099
    { 0, 0, 0, 0, 0, 0, 0 }, // U+009A
    { 0, 0, 0, 0, 0, 0, 0 }, // U+009B
    { 0, 0, 0, 0, 0, 0, 0 }, // U+009C
    { 0, 0, 0, 0, 0, 0, 0 }, // U+009D
    { 0, 0, 0, 0, 0, 0, 0 }, // U+009E
    { 0, 0, 0, 0, 0, 0, 0 }, // U+009F
    { 0, 0, 133, 0, 0, 0, 0 }, // U+00A0
    { 12, 29, 191, 0, 21, 87, 0 }, // U+00A1
    { 19, 24, 263, 0, 20, 114, 87 }, // U+00A2
    { 27, 29, 333, -3, 27, 196, 201 }, // U+00A3
    { 22, 18, 325, 0, 20, 99, 397 }, // U+00A4
    { 27, 29, 373, 3, 28, 196, 496 }, // U+00A5
    { 3, 43, 173, 4, 30, 33, 692 }, // U+00A6
    { 20, 34, 253, -1, 27, 170, 725 }, // U+00A7
    { 12, 5, 200, 5, 26, 15, 895 }, // U+00A8
    { 27, 26, 443, 2, 27, 176, 910 }, // U+00A9
    { 12, 16, 195, 1, 22, 48, 1086 }, // U+00AA
    { 24, 16, 413, 2, 16, 96, 1134 }, // U+00AB
    { 21, 15, 400, 2, 16, 79, 1230 }, // U+00AC
    { 0, 0, 0, 0, 0, 0, 1309 }, // U+00AD
    { 27, 26, 443, 2, 27, 176, 1309 }, // U+00AE
    { 12, 3, 200, 5, 25, 9, 1485 }, // U+00AF
    { 11, 11, 193, 5, 27, 31, 1494 }, // U+00B0
    { 21, 25, 393, 2, 26, 132, 1525 }, // U+00B1
    { 7, 9, 133, 5, 28, 16, 1657 }, // U+00B4
    { 22, 30, 335, -2, 18, 165, 1673 }, // U+00B5
    { 29, 39, 393, 0, 27, 283, 1838 }, // U+00B6
    { 5, 6, 134, 2, 12, 8, 2121 }, // U+00B7
    { 10, 13, 133, -6, 1, 33, 2129 }, // U+00B8
    { 14, 16, 205, 1, 22, 56, 2162 }, // U+00BA
    { 24, 16, 467, 2, 16, 96, 2218 }, // U+00BB
    { 29, 30, 418, 1, 28, 218, 2314 }, // U+00BC
    { 29, 30, 439, 1, 28, 218, 2532 }, // U+00BD
    { 29, 30, 428, 2, 28, 218, 2750 }, // U+00BE
    { 13, 29, 211, -2, 21, 95, 2968 }, // U+00BF
    { 30, 37, 439, -3, 36, 278, 3063 }, // U+00C0
    { 34, 37, 439, -3, 36, 315, 3341 }, // U+00C1
    { 35, 36, 439, -3, 35, 315, 3656 }, // U+00C2
    { 35, 36, 439, -3, 35, 315, 3971 }, // U+00C3
    { 35, 35, 439, -3, 34, 307, 4286 }, // U+00C4
    { 33, 37, 439, -3, 36, 306, 4593 }, // U+00C5
    { 41, 29, 533, -3, 28, 298, 4899 }, // U+00C6
    { 27, 40, 421, 3, 28, 270, 5197 }, // U+00C7
    { 28, 37, 384, -2, 36, 259, 5467 }, // U+00C8
    { 28, 37, 384, -2, 36, 259, 5726 }, // U+00C9
    { 28, 36, 384, -2, 35, 252, 5985 }, // U+00CA
    { 28, 35, 384, -2, 34, 245, 6237 }, // U+00CB
    { 20, 37, 241, -1, 36, 185, 6482 }, // U+00CC
    { 21, 37, 241, -1, 36, 195, 6667 }, // U+00CD
    { 22, 36, 241, -1, 35, 198, 6862 }, // U+00CE
    { 22, 35, 241, -1, 34, 193, 7060 }, // U+00CF
    { 33, 29, 501, -1, 28, 240, 7253 }, // U+00D0
    { 39, 36, 514, -1, 35, 351, 7493 }, // U+00D1
    { 26, 37, 463, 3, 36, 241, 7844 }, // U+00D2
    { 26, 37, 463, 3, 36, 241, 8085 }, // U+00D3
    { 26, 36, 463, 3, 35, 234, 8326 }, // U+00D4
    { 26, 36, 463, 3, 35, 234, 8560 }, // U+00D5
    { 26, 35, 463, 3, 34, 228, 8794 }, // U+00D6
    { 17, 17, 400, 4, 19, 73, 9022 }, // U+00D7
    { 28, 29, 475, 3, 28, 203, 9095 }, // U+00D8
    { 31, 37, 467, 4, 36, 287, 9298 }, // U+00D9
    { 31, 37, 467, 4, 36, 287, 9585 }, // U+00DA
    { 31, 36, 467, 4, 35, 279, 9872 }, // U+00DB
    { 31, 35, 467, 4, 34, 272, 10151 }, // U+00DC
    { 27, 37, 383, 4, 36, 250, 10423 }, // U+00DD
    { 25, 29, 367, -1, 28, 182, 10673 }, // U+00DE
    { 35, 42, 348, -8, 30, 368, 10855 }, // U+00DF
    { 20, 29, 327, -1, 28, 145, 11223 }, // U+00E0
    { 22, 29, 327, -1, 28, 160, 11368 }, // U+00E1
    { 20, 28, 327, -1, 27, 140, 11528 }, // U+00E2
    { 22, 26, 327, -1, 25, 143, 11668 }, // U+00E3
    { 23, 27, 327, -1, 26, 156, 11811 }, // U+00E4
    { 21, 29, 327, -1, 28, 153, 11967 }, // U+00E5
    { 23, 19, 347, -1, 18, 110, 12120 }, // U+00E6
    { 17, 30, 209, -3, 18, 128, 12230 }, // U+00E7
    { 15, 29, 227, 0, 28, 109, 12358 }, // U+00E8
    { 18, 29, 227, 0, 28, 131, 12467 }, // U+00E9
    { 16, 28, 227, 0, 27, 112, 12598 }, // U+00EA
    { 19, 27, 227, 0, 26, 129, 12710 }, // U+00EB
    { 10, 29, 196, 1, 28, 73, 12839 }, // U+00EC
    { 15, 29, 196, 1, 28, 109, 12912 }, // U+00ED
    { 13, 28, 196, 1, 27, 91, 13021 }, // U+00EE
    { 16, 27, 196, 1, 26, 108, 13112 }, // U+00EF
    { 19, 31, 277, 2, 30, 148, 13220 }, // U+00F0
    { 20, 26, 351, 1, 25, 130, 13368 }, // U+00F1
    { 16, 29, 253, 0, 28, 116, 13498 }, // U+00F2
    { 18, 29, 253, 0, 28, 131, 13614 }, // U+00F3
    { 17, 28, 253, 0, 27, 119, 13745 }, // U+00F4
    { 19, 26, 253, 0, 25, 124, 13864 }, // U+00F5
    { 19, 27, 253, 0, 26, 129, 13988 }, // U+00F6
    { 22, 17, 391, 2, 19, 94, 14117 }, // U+00F7
    { 18, 19, 253, -1, 18, 86, 14211 }, // U+00F8
    { 20, 29, 339, 0, 28, 145, 14297 }, // U+00F9
    { 20, 29, 339, 0, 28, 145, 14442 }, // U+00FA
    { 20, 28, 339, 0, 27, 140, 14587 }, // U+00FB
    { 21, 27, 339, 0, 26, 142, 14727 }, // U+00FC
    { 22, 41, 270, -5, 28, 226, 14869 }, // U+00FD
    { 25, 42, 301, -6, 30, 263, 15095 }, // U+00FE
    { 23, 39, 270, -5, 26, 225, 15358 }, // U+00FF
    { 35, 34, 439, -3, 33, 298, 0 }, // U+0100
    { 22, 26, 327, -1, 25, 143, 298 }, // U+0101
    { 35, 36, 439, -3, 35, 315, 441 }, // U+0102
    { 22, 27, 327, -1, 26, 149, 756 }, // U+0103
    { 29, 41, 439, -3, 29, 298, 905 }, // U+0104
    { 20, 30, 301, -1, 18, 150, 1203 }, // U+0105
    { 27, 37, 421, 3, 36, 250, 1353 }, // U+0106
    { 16, 29, 209, 0, 28, 116, 1603 }, // U+0107
    { 27, 36, 421, 3, 35, 243, 1719 }, // U+0108
    { 15, 28, 209, 0, 27, 105, 1962 }, // U+0109
    { 27, 35, 421, 3, 34, 237, 2067 }, // U+010A
    { 14, 27, 209, 0, 26, 95, 2304 }, // U+010B
    { 27, 36, 421, 3, 35, 243, 2399 }, // U+010C
    { 17, 29, 209, 0, 28, 124, 2642 }, // U+010D
    { 33, 36, 501, -1, 35, 297, 2766 }, // U+010E
    { 28, 31, 342, 0, 30, 217, 3063 }, // U+010F
    { 33, 29, 501, -1, 28, 240, 3280 }, // U+0110
    { 24, 31, 348, 0, 30, 186, 3520 }, // U+0111
    { 28, 34, 384, -2, 33, 238, 3706 }, // U+0112
    { 18, 26, 227, 0, 25, 117, 3944 }, // U+0113
    { 28, 36, 384, -2, 35, 252, 4061 }, // U+0114
    { 18, 27, 227, 0, 26, 122, 4313 }, // U+0115
    { 28, 35, 384, -2, 34, 245, 4435 }, // U+0116
    { 16, 27, 227, 0, 26, 108, 4680 }, // U+0117
    { 28, 40, 384, -2, 28, 280, 4788 }, // U+0118
    { 16, 30, 223, -1, 18, 120, 5068 }, // U+0119
    { 28, 36, 384, -2, 35, 252, 5188 }, // U+011A
    { 18, 29, 227, 0, 28, 131, 5440 }, // U+011B
    { 27, 36, 458, 3, 35, 243, 5571 }, // U+011C
    { 23, 40, 277, -4, 27, 230, 5814 }, // U+011D
    { 27, 36, 458, 3, 35, 243, 6044 }, // U+011E
    { 23, 39, 277, -4, 26, 225, 6287 }, // U+011F
    { 27, 35, 458, 3, 34, 237, 6512 }, // U+0120
    { 23, 39, 277, -4, 26, 225, 6749 }, // U+0121
    { 27, 40, 458, 3, 28, 270, 6974 }, // U+0122
    { 23, 42, 277, -4, 29, 242, 7244 }, // U+0123
    { 37, 36, 501, -1, 35, 333, 7486 }, // U+0124
    { 19, 38, 326, 1, 37, 181, 7819 }, // U+0125
    { 37, 29, 501, -1, 28, 269, 8000 }, // U+0126
    { 19, 31, 325, 1, 30, 148, 8269 }, // U+0127
    { 22, 36, 241, -1, 35, 198, 8417 }, // U+0128
    { 15, 26, 196, 1, 25, 98, 8615 }, // U+0129
    { 22, 34, 241, -1, 33, 187, 8713 }, // U+012A
    { 15, 26, 196, 1, 25, 98, 8900 }, // U+012B
    { 22, 36, 241, -1, 35, 198, 8998 }, // U+012C
    { 15, 27, 196, 1, 26, 102, 9196 }, // U+012D
    { 20, 40, 241, -1, 28, 200, 9298 }, // U+012E
    { 18, 38, 183, -4, 26, 171, 9498 }, // U+012F
    { 20, 35, 241, -1, 34, 175, 9669 }, // U+0130
    { 10, 19, 196, 1, 18, 48, 9844 }, // U+0131
    { 34, 37, 437, -1, 28, 315, 9892 }, // U+0132
    { 24, 39, 355, 1, 26, 234, 10207 }, // U+0133
    { 27, 44, 195, -8, 35, 297, 10441 }, // U+0134
    { 23, 40, 173, -9, 27, 230, 10738 }, // U+0135
    { 35, 40, 466, -1, 28, 350, 10968 }, // U+0136
    { 19, 42, 303, 0, 30, 200, 11318 }, // U+0137
    { 19, 19, 317, 2, 18, 91, 11518 }, // U+0138
    { 25, 37, 389, -1, 36, 232, 11609 }, // U+0139
    { 18, 37, 168, 0, 36, 167, 11841 }, // U+013A
    { 25, 40, 389, -1, 28, 250, 12008 }, // U+013B
    { 17, 42, 191, -4, 30, 179, 12258 }, // U+013C
    { 28, 29, 389, -1, 28, 203, 12437 }, // U+013D
    { 19, 31, 195, 0, 30, 148, 12640 }, // U+013E
    { 28, 29, 389, -1, 28, 203, 12788 }, // U+013F
    { 17, 31, 205, 0, 30, 132, 12991 }, // U+0140
    { 25, 29, 389, -1, 28, 182, 13123 }, // U+0141
    { 13, 31, 206, 1, 30, 101, 13305 }, // U+0142
    { 39, 37, 514, -1, 36, 361, 13406 }, // U+0143
    { 20, 29, 351, 1, 28, 145, 13767 }, // U+0144
    { 39, 40, 514, -1, 28, 390, 13912 }, // U+0145
    { 20, 30, 351, 1, 18, 150, 14302 }, // U+0146
    { 39, 36, 514, -1, 35, 351, 14452 }, // U+0147
    { 20, 29, 351, 1, 28, 145, 14803 }, // U+0148
    { 22, 30, 402, 2, 29, 165, 14948 }, // U+0149
    { 40, 39, 553, 0, 28, 390, 15113 }, // U+014A
    { 19, 31, 317, 0, 18, 148, 15503 }, // U+014B
    { 26, 34, 463, 3, 33, 221, 15651 }, // U+014C
    { 19, 26, 253, 0, 25, 124, 15872 }, // U+014D
    { 26, 36, 463, 3, 35, 234, 15996 }, // U+014E
    { 19, 27, 253, 0, 26, 129, 16230 }, // U+014F
    { 26, 37, 463, 3, 36, 241, 16359 }, // U+0150
    { 20, 29, 253, 0, 28, 145, 16600 }, // U+0151
    { 39, 29, 629, 3, 28, 283, 16745 }, // U+0152
    { 25, 19, 389, 0, 18, 119, 17028 }, // U+0153
    { 27, 37, 458, 0, 36, 250, 17147 }, // U+0154
    { 17, 29, 253, 1, 28, 124, 17397 }, // U+0155
    { 27, 40, 458, 0, 28, 270, 17521 }, // U+0156
    { 20, 30, 253, -2, 18, 150, 17791 }, // U+0157
    { 27, 36, 458, 0, 35, 243, 17941 }, // U+0158
    { 17, 29, 253, 1, 28, 124, 18184 }, // U+0159
    { 23, 37, 311, -1, 36, 213, 18308 }, // U+015A
    { 18, 29, 184, -2, 28, 131, 18521 }, // U+015B
    { 23, 36, 311, -1, 35, 207, 18652 }, // U+015C
    { 17, 28, 184, -2, 27, 119, 18859 }, // U+015D
    { 23, 40, 309, -1, 28, 230, 18978 }, // U+015E
    { 16, 30, 184, -4, 18, 120, 19208 }, // U+015F
    { 24, 36, 311, -1, 35, 216, 19328 }, // U+0160
    { 19, 29, 184, -2, 28, 138, 19544 }, // U+0161
    { 27, 40, 421, 4, 28, 270, 19682 }, // U+0162
    { 18, 34, 195, -4, 22, 153, 19952 }, // U+0163
    { 27, 36, 415, 4, 35, 243, 20105 }, // U+0164
    { 17, 29, 177, 0, 28, 124, 20348 }, // U+0165
    { 27, 29, 423, 4, 28, 196, 20472 }, // U+0166
    { 14, 23, 190, 0, 22, 81, 20668 }, // U+0167
    { 31, 36, 467, 4, 35, 279, 20749 }, // U+0168
    { 21, 26, 339, 0, 25, 137, 21028 }, // U+0169
    { 31, 34, 467, 4, 33, 264, 21165 }, // U+016A
    { 21, 26, 339, 0, 25, 137, 21429 }, // U+016B
    { 31, 36, 467, 4, 35, 279, 21566 }, // U+016C
    { 21, 27, 339, 0, 26, 142, 21845 }, // U+016D
    { 31, 37, 467, 4, 36, 287, 21987 }, // U+016E
    { 20, 29, 339, 0, 28, 145, 22274 }, // U+016F
    { 31, 37, 467, 4, 36, 287, 22419 }, // U+0170
    { 22, 29, 339, 0, 28, 160, 22706 }, // U+0171
    { 31, 40, 491, 4, 28, 310, 22866 }, // U+0172
    { 20, 30, 332, 0, 18, 150, 23176 }, // U+0173
    { 43, 36, 711, 7, 35, 387, 23326 }, // U+0174
    { 24, 28, 415, 2, 27, 168, 23713 }, // U+0175
    { 27, 36, 383, 4, 35, 243, 23881 }, // U+0176
    { 22, 40, 270, -5, 27, 220, 24124 }, // U+0177
    { 27, 35, 383, 4, 34, 237, 24344 }, // U+0178
    { 30, 37, 423, -1, 36, 278, 24581 }, // U+0179
    { 17, 30, 271, 0, 28, 128, 24859 }, // U+017A
    { 30, 35, 423, -1, 34, 263, 24987 }, // U+017B
    { 17, 28, 271, 0, 26, 119, 25250 }, // U+017C
    { 30, 36, 423, -1, 35, 270, 25369 }, // U+017D
    { 18, 30, 271, 0, 28, 135, 25639 }, // U+017E
    { 32, 43, 231, -9, 30, 344, 25774 }, // U+017F
    { 31, 32, 475, 3, 31, 248, 0 }, // U+01A0
    { 20, 22, 299, 0, 21, 110, 248 }, // U+01A1
    { 33, 33, 467, 4, 32, 273, 358 }, // U+01AF
    { 26, 23, 346, 0, 22, 150, 631 }, // U+01B0
    { 61, 36, 925, -1, 35, 549, 781 }, // U+01C4
    { 50, 30, 773, -1, 28, 375, 1330 }, // U+01C5
    { 40, 32, 615, 0, 30, 320, 1705 }, // U+01C6
    { 43, 37, 584, -1, 28, 398, 2025 }, // U+01C7
    { 38, 41, 561, -1, 28, 390, 2423 }, // U+01C8
    { 25, 43, 363, 0, 30, 269, 2813 }, // U+01C9
    { 51, 37, 709, -1, 28, 472, 3082 }, // U+01CA
    { 46, 41, 687, -1, 28, 472, 3554 }, // U+01CB
    { 33, 39, 511, 1, 26, 322, 4026 }, // U+01CC
    { 36, 36, 439, -3, 35, 324, 4348 }, // U+01CD
    { 22, 29, 327, -1, 28, 160, 4672 }, // U+01CE
    { 23, 36, 241, -1, 35, 207, 4832 }, // U+01CF
    { 16, 29, 196, 1, 28, 116, 5039 }, // U+01D0
    { 26, 36, 463, 3, 35, 234, 5155 }, // U+01D1
    { 19, 29, 253, 0, 28, 138, 5389 }, // U+01D2
    { 31, 36, 467, 4, 35, 279, 5527 }, // U+01D3
    { 21, 29, 339, 0, 28, 153, 5806 }, // U+01D4
    { 31, 39, 467, 4, 38, 303, 5959 }, // U+01D5
    { 23, 31, 339, 0, 30, 179, 6262 }, // U+01D6
    { 31, 40, 491, 4, 39, 310, 6441 }, // U+01D7
    { 21, 34, 332, 0, 33, 179, 6751 }, // U+01D8
    { 31, 41, 467, 4, 40, 318, 6930 }, // U+01D9
    { 22, 33, 332, 0, 32, 182, 7248 }, // U+01DA
    { 31, 40, 467, 4, 39, 310, 7430 }, // U+01DB
    { 21, 34, 332, 0, 33, 179, 7740 }, // U+01DC
    { 15, 19, 227, -1, 18, 72, 7919 }, // U+01DD
    { 37, 39, 439, -3, 38, 361, 7991 }, // U+01DE
    { 24, 32, 327, -1, 31, 192, 8352 }, // U+01DF
    { 37, 39, 439, -3, 38, 361, 8544 }, // U+01E0
    { 25, 33, 327, -1, 32, 207, 8905 }, // U+01E1
    { 41, 34, 533, -3, 33, 349, 9112 }, // U+01E2
    { 23, 26, 347, -1, 25, 150, 9461 }, // U+01E3
    { 27, 29, 486, 3, 28, 196, 9611 }, // U+01E4
    { 24, 31, 277, -5, 18, 186, 9807 }, // U+01E5
    { 27, 36, 458, 3, 35, 243, 9993 }, // U+01E6
    { 23, 41, 277, -4, 28, 236, 10236 }, // U+01E7
    { 35, 36, 466, -1, 35, 315, 10472 }, // U+01E8
    { 24, 35, 313, 0, 34, 210, 10787 }, // U+01E9
    { 27, 40, 475, 3, 28, 270, 10997 }, // U+01EA
    { 17, 30, 253, -1, 18, 128, 11267 }, // U+01EB
    { 27, 45, 475, 3, 33, 304, 11395 }, // U+01EC
    { 20, 37, 253, -1, 25, 185, 11699 }, // U+01ED
    { 25, 36, 363, 0, 35, 225, 11884 }, // U+01EE
    { 22, 40, 283, -4, 28, 220, 12109 }, // U+01EF
    { 25, 41, 173, -9, 28, 257, 12329 }, // U+01F0
    { 61, 29, 925, -1, 28, 443, 12586 }, // U+01F1
    { 50, 30, 773, -1, 28, 375, 13029 }, // U+01F2
    { 39, 32, 615, 0, 30, 312, 13404 }, // U+01F3
    { 27, 37, 458, 3, 36, 250, 13716 }, // U+01F4
    { 23, 41, 277, -4, 28, 236, 13966 }, // U+01F5
    { 41, 29, 621, -1, 28, 298, 14202 }, // U+01F6
    { 33, 36, 400, -4, 28, 297, 14500 }, // U+01F7
    { 39, 37, 514, -1, 36, 361, 14797 }, // U+01F8
    { 20, 29, 351, 1, 28, 145, 15158 }, // U+01F9
    { 40, 42, 439, -3, 41, 420, 15303 }, // U+01FA
    { 25, 35, 301, -1, 34, 219, 15723 }, // U+01FB
    { 41, 37, 533, -3, 36, 380, 15942 }, // U+01FC
    { 23, 29, 347, -1, 28, 167, 16322 }, // U+01FD
    { 28, 37, 475, 3, 36, 259, 16489 }, // U+01FE
    { 19, 29, 253, -1, 28, 138, 16748 }, // U+01FF
    { 32, 37, 439, -3, 36, 296, 16886 }, // U+0200
    { 20, 29, 327, -1, 28, 145, 17182 }, // U+0201
    { 34, 36, 439, -3, 35, 306, 17327 }, // U+0202
    { 20, 28, 327, -1, 27, 140, 17633 }, // U+0203
    { 28, 37, 384, -2, 36, 259, 17773 }, // U+0204
    { 15, 29, 227, 0, 28, 109, 18032 }, // U+0205
    { 28, 36, 384, -2, 35, 252, 18141 }, // U+0206
    { 17, 28, 227, 0, 27, 119, 18393 }, // U+0207
    { 20, 37, 241, -1, 36, 185, 18512 }, // U+0208
    { 12, 29, 196, 1, 28, 87, 18697 }, // U+0209
    { 21, 36, 241, -1, 35, 189, 18784 }, // U+020A
    { 14, 28, 196, 1, 27, 98, 18973 }, // U+020B
    { 26, 37, 463, 3, 36, 241, 19071 }, // U+020C
    { 16, 29, 253, 0, 28, 116, 19312 }, // U+020D
    { 26, 36, 463, 3, 35, 234, 19428 }, // U+020E
    { 17, 28, 253, 0, 27, 119, 19662 }, // U+020F
    { 27, 37, 458, 0, 36, 250, 19781 }, // U+0210
    { 17, 29, 253, 1, 28, 124, 20031 }, // U+0211
    { 27, 36, 458, 0, 35, 243, 20155 }, // U+0212
    { 17, 28, 253, 1, 27, 119, 20398 }, // U+0213
    { 31, 37, 467, 4, 36, 287, 20517 }, // U+0214
    { 20, 29, 339, 0, 28, 145, 20804 }, // U+0215
    { 31, 36, 467, 4, 35, 279, 20949 }, // U+0216
    { 20, 28, 339, 0, 27, 140, 21228 }, // U+0217
    { 23, 40, 311, -1, 28, 230, 21368 }, // U+0218
    { 16, 30, 184, -4, 18, 120, 21598 }, // U+0219
    { 27, 40, 415, 4, 28, 270, 21718 }, // U+021A
    { 17, 34, 195, -3, 22, 145, 21988 }, // U+021B
    { 29, 37, 359, -6, 28, 269, 22133 }, // U+021C
    { 20, 31, 261, -4, 18, 155, 22402 }, // U+021D
    { 37, 36, 501, -1, 35, 333, 22557 }, // U+021E
    { 19, 38, 326, 1, 37, 181, 22890 }, // U+021F
    { 7, 9, 0, 1, 28, 16, 0 }, // U+0300
    { 7, 9, 0, 1, 28, 16, 16 }, // U+0301
    { 9, 9, 0, 0, 28, 21, 32 }, // U+0302
    { 12, 6, 0, -2, 25, 18, 53 }, // U+0303
    { 11, 3, 0, -1, 25, 9, 71 }, // U+0304
    { 17, 4, 0, -4, 25, 17, 80 }, // U+0305
    { 10, 7, 0, 0, 26, 18, 97 }, // U+0306
    { 5, 5, 0, 3, 26, 7, 115 }, // U+0307
    { 12, 5, 0, -2, 25, 15, 122 }, // U+0308
    { 9, 8, 0, 1, 29, 18, 137 }, // U+0309
    { 8, 8, 0, 1, 28, 16, 155 }, // U+030A
    { 11, 9, 0, -1, 28, 25, 171 }, // U+030B
    { 9, 9, 0, 1, 28, 21, 196 }, // U+030C
    { 4, 9, 0, 3, 29, 9, 217 }, // U+030D
    { 8, 9, 0, 1, 29, 18, 226 }, // U+030E
    { 9, 9, 0, 0, 28, 21, 244 }, // U+030F
    { 12, 8, 0, -2, 27, 24, 265 }, // U+0310
    { 11, 6, 0, -2, 27, 17, 289 }, // U+0311
    { 9, 9, 0, 1, 29, 21, 306 }, // U+0312
    { 7, 9, 0, 1, 29, 16, 327 }, // U+0313
    { 8, 10, 0, 1, 27, 20, 343 }, // U+0314
    { 7, 9, 0, 1, 29, 16, 363 }, // U+0315
    { 7, 9, 0, -8, -1, 16, 379 }, // U+0316
    { 7, 9, 0, -8, -1, 16, 395 }, // U+0317
    { 9, 9, 0, -9, -2, 21, 411 }, // U+0318
    { 9, 8, 0, -10, -3, 18, 432 }, // U+0319
    { 9, 6, 0, 1, 28, 14, 450 }, // U+031A
    { 9, 8, 0, -1, 23, 18, 464 }, // U+031B
    { 7, 8, 0, -8, -3, 14, 482 }, // U+031C
    { 8, 7, 0, -9, -3, 14, 496 }, // U+031D
    { 8, 7, 0, -8, -3, 14, 510 }, // U+031E
    { 9, 9, 0, -9, -2, 21, 524 }, // U+031F
    { 9, 3, 0, -9, -5, 7, 545 }, // U+0320
    { 15, 17, 0, -11, 4, 64, 552 }, // U+0321
    { 6, 16, 0, -8, 4, 24, 616 }, // U+0322
    { 4, 5, 0, -6, -3, 5, 640 }, // U+0323
    { 12, 5, 0, -10, -4, 15, 645 }, // U+0324
    { 7, 8, 0, -8, -2, 14, 660 }, // U+0325
    { 8, 10, 0, -9, -2, 20, 674 }, // U+0326
    { 9, 13, 0, -13, 1, 30, 694 }, // U+0327
    { 11, 13, 0, -4, 1, 36, 724 }, // U+0328
    { 5, 9, 0, -7, -2, 12, 760 }, // U+0329
    { 12, 6, 0, -11, -5, 18, 772 }, // U+032A
    { 13, 6, 0, -11, -5, 20, 790 }, // U+032B
    { 9, 9, 0, -8, -1, 21, 810 }, // U+032C
    { 9, 9, 0, -9, -2, 21, 831 }, // U+032D
    { 10, 7, 0, -9, -3, 18, 852 }, // U+032E
    { 10, 6, 0, -10, -3, 15, 870 }, // U+032F
    { 13, 6, 0, -11, -3, 20, 885 }, // U+0330
    { 12, 3, 0, -10, -3, 9, 905 }, // U+0331
    { 16, 4, 0, -12, -3, 16, 914 }, // U+0332
    { 18, 8, 0, -14, -3, 36, 930 }, // U+0333
    { 17, 6, 0, -7, 16, 26, 966 }, // U+0334
    { 13, 3, 0, -4, 17, 10, 992 }, // U+0335
    { 20, 3, 0, -8, 17, 15, 1002 }, // U+0336
    { 21, 26, 0, -10, 23, 137, 1017 }, // U+0337
    { 20, 31, 0, -9, 28, 155, 1154 }, // U+0338
    { 7, 8, 0, -9, -4, 14, 1309 }, // U+0339
    { 12, 6, 0, -11, -5, 18, 1323 }, // U+033A
    { 10, 7, 0, -10, -4, 18, 1341 }, // U+033B
    { 13, 6, 0, -12, -5, 20, 1359 }, // U+033C
    { 8, 7, 0, 1, 28, 14, 1379 }, // U+033D
    { 7, 10, 0, 1, 29, 18, 1393 }, // U+033E
    { 7, 9, 0, 1, 28, 16, 1411 }, // U+0340
    { 7, 9, 0, 1, 28, 16, 1427 }, // U+0341
    { 13, 6, 0, -2, 24, 20, 1443 }, // U+0342
    { 7, 9, 0, 1, 29, 16, 1463 }, // U+0343
    { 11, 10, 0, -1, 30, 28, 1479 }, // U+0344
    { 6, 8, 0, -8, -2, 12, 1507 }, // U+0345
    { 0, 0, 0, 0, 0, 0, 1519 }, // U+034F
    { 6, 8, 0, 2, 27, 12, 1519 }, // U+0351
    { 9, 7, 0, -9, -3, 16, 1531 }, // U+0353
    { 7, 8, 0, 1, 27, 14, 1547 }, // U+0357
    { 26, 6, 0, -5, 35, 39, 1561 }, // U+035D
    { 26, 6, 0, -5, 35, 39, 1600 }, // U+0361
    { 8, 8, 0, 3, 28, 16, 1639 }, // U+0364
    { 20, 31, 330, 0, 30, 155, 0 }, // U+03BB
    { 28, 37, 384, -2, 36, 259, 0 }, // U+0400
    { 28, 35, 384, -2, 34, 245, 259 }, // U+0401
    { 29, 38, 497, 4, 28, 276, 504 }, // U+0402
    { 28, 37, 346, -1, 36, 259, 780 }, // U+0403
    { 27, 29, 421, 3, 28, 196, 1039 }, // U+0404
    { 23, 29, 311, -1, 28, 167, 1235 }, // U+0405
    { 20, 29, 241, -1, 28, 145, 1402 }, // U+0406
    { 22, 35, 241, -1, 34, 193, 1547 }, // U+0407
    { 26, 37, 195, -8, 28, 241, 1740 }, // U+0408
    { 37, 29, 588, -2, 28, 269, 1981 }, // U+0409
    { 39, 29, 634, -1, 28, 283, 2250 }, // U+040A
    { 28, 29, 525, 4, 28, 203, 2533 }, // U+040B
    { 32, 37, 453, -1, 36, 296, 2736 }, // U+040C
    { 37, 37, 505, -1, 36, 343, 3032 }, // U+040D
    { 32, 38, 425, 1, 36, 304, 3375 }, // U+040E
    { 38, 37, 526, -1, 28, 352, 3679 }, // U+040F
    { 29, 30, 439, -3, 29, 218, 4031 }, // U+0410
    { 27, 29, 391, -1, 28, 196, 4249 }, // U+0411
    { 26, 29, 381, -1, 28, 189, 4445 }, // U+0412
    { 28, 29, 346, -1, 28, 203, 4634 }, // U+0413
    { 34, 37, 431, -3, 28, 315, 4837 }, // U+0414
    { 28, 29, 384, -2, 28, 203, 5152 }, // U+0415
    { 44, 29, 614, -3, 28, 319, 5355 }, // U+0416
    { 21, 29, 345, 1, 28, 153, 5674 }, // U+0417
    { 37, 29, 505, -1, 28, 269, 5827 }, // U+0418
    { 37, 37, 505, -1, 36, 343, 6096 }, // U+0419
    { 32, 29, 453, -1, 28, 232, 6439 }, // U+041A
    { 34, 29, 452, -2, 28, 247, 6671 }, // U+041B
    { 47, 29, 661, -3, 28, 341, 6918 }, // U+041C
    { 37, 29, 501, -1, 28, 269, 7259 }, // U+041D
    { 26, 29, 463, 3, 28, 189, 7528 }, // U+041E
    { 39, 29, 535, -1, 28, 283, 7717 }, // U+041F
    { 26, 29, 377, 0, 28, 189, 8000 }, // U+0420
    { 27, 29, 421, 3, 28, 196, 8189 }, // U+0421
    { 27, 29, 415, 4, 28, 196, 8385 }, // U+0422
    { 32, 30, 425, 1, 28, 240, 8581 }, // U+0423
    { 29, 30, 500, 3, 29, 218, 8821 }, // U+0424
    { 34, 29, 422, -3, 28, 247, 9039 }, // U+0425
    { 38, 37, 517, -1, 28, 352, 9286 }, // U+0426
    { 27, 29, 441, 5, 28, 196, 9638 }, // U+0427
    { 49, 29, 694, -1, 28, 356, 9834 }, // U+0428
    { 49, 37, 694, -1, 28, 454, 10190 }, // U+0429
    { 25, 29, 451, 2, 28, 182, 10644 }, // U+042A
    { 45, 29, 632, -1, 28, 327, 10826 }, // U+042B
    { 24, 29, 391, -1, 28, 174, 11153 }, // U+042C
    { 28, 29, 435, 0, 28, 203, 11327 }, // U+042D
    { 41, 29, 637, -1, 28, 298, 11530 }, // U+042E
    { 34, 29, 430, -3, 28, 247, 11828 }, // U+042F
    { 20, 19, 327, -1, 18, 95, 12075 }, // U+0430
    { 21, 31, 264, 1, 30, 163, 12170 }, // U+0431
    { 15, 19, 255, 0, 18, 72, 12333 }, // U+0432
    { 14, 19, 215, -1, 18, 67, 12405 }, // U+0433
    { 17, 30, 267, 0, 29, 128, 12472 }, // U+0434
    { 15, 19, 227, 0, 18, 72, 12600 }, // U+0435
    { 31, 19, 461, -1, 18, 148, 12672 }, // U+0436
    { 14, 19, 207, -2, 18, 67, 12820 }, // U+0437
    { 20, 19, 339, 0, 18, 95, 12887 }, // U+0438
    { 21, 27, 339, 0, 26, 142, 12982 }, // U+0439
    { 19, 19, 317, 2, 18, 91, 13124 }, // U+043A
    { 21, 19, 326, -2, 18, 100, 13215 }, // U+043B
    { 27, 19, 423, -2, 18, 129, 13315 }, // U+043C
    { 19, 19, 354, 1, 18, 91, 13444 }, // U+043D
    { 16, 19, 253, 0, 18, 76, 13535 }, // U+043E
    { 20, 19, 351, 1, 18, 95, 13611 }, // U+043F
    { 24, 34, 293, -6, 22, 204, 13706 }, // U+0440
    { 14, 19, 209, 0, 18, 67, 13910 }, // U+0441
    { 30, 19, 526, 2, 18, 143, 13977 }, // U+0442
    { 22, 31, 270, -5, 18, 171, 14120 }, // U+0443
    { 29, 43, 379, -2, 30, 312, 14291 }, // U+0444
    { 21, 19, 292, -1, 18, 100, 14603 }, // U+0445
    { 20, 28, 339, 0, 18, 140, 14703 }, // U+0446
    { 18, 19, 315, 1, 18, 86, 14843 }, // U+0447
    { 28, 19, 471, 0, 18, 133, 14929 }, // U+0448
    { 28, 28, 471, 0, 18, 196, 15062 }, // U+0449
    { 15, 19, 280, 1, 18, 72, 15258 }, // U+044A
    { 23, 19, 419, 2, 18, 110, 15330 }, // U+044B
    { 14, 19, 275, 2, 18, 67, 15440 }, // U+044C
    { 15, 19, 235, -1, 18, 72, 15507 }, // U+044D
    { 23, 19, 397, 2, 18, 110, 15579 }, // U+044E
    { 20, 19, 320, -2, 18, 95, 15689 }, // U+044F
    { 15, 29, 227, 0, 28, 109, 15784 }, // U+0450
    { 19, 27, 227, 0, 26, 129, 15893 }, // U+0451
    { 20, 39, 333, 1, 30, 195, 16022 }, // U+0452
    { 17, 29, 215, -1, 28, 124, 16217 }, // U+0453
    { 15, 19, 235, 0, 18, 72, 16341 }, // U+0454
    { 14, 19, 184, -2, 18, 67, 16413 }, // U+0455
    { 13, 27, 196, 1, 26, 88, 16480 }, // U+0456
    { 16, 27, 196, 1, 26, 108, 16568 }, // U+0457
    { 22, 39, 173, -9, 26, 215, 16676 }, // U+0458
    { 25, 19, 383, -2, 18, 119, 16891 }, // U+0459
    { 24, 19, 416, 1, 18, 114, 17010 }, // U+045A
    { 19, 31, 325, 1, 30, 148, 17124 }, // U+045B
    { 19, 29, 317, 2, 28, 138, 17272 }, // U+045C
    { 20, 29, 339, 0, 28, 145, 17410 }, // U+045D
    { 22, 39, 270, -5, 26, 215, 17555 }, // U+045E
    { 20, 28, 335, 0, 18, 140, 17770 }, // U+045F
    { 27, 30, 433, 1, 29, 203, 17910 }, // U+0462
    { 24, 19, 443, 2, 18, 114, 18113 }, // U+0463
    { 45, 29, 614, -3, 28, 327, 18227 }, // U+046A
    { 31, 18, 442, -2, 17, 140, 18554 }, // U+046B
    { 31, 29, 465, 3, 28, 225, 18694 }, // U+0470
    { 26, 29, 463, 3, 28, 189, 18919 }, // U+0472
    { 16, 19, 253, 0, 18, 76, 19108 }, // U+0473
    { 28, 29, 455, 6, 28, 203, 19184 }, // U+0474
    { 19, 19, 279, 1, 18, 91, 19387 }, // U+0475
    { 28, 37, 455, 6, 36, 259, 19478 }, // U+0476
    { 19, 29, 279, 1, 28, 138, 19737 }, // U+0477
    { 37, 45, 505, -1, 36, 417, 19875 }, // U+048A
    { 21, 36, 339, 0, 26, 189, 20292 }, // U+048B
    { 25, 30, 388, -2, 29, 188, 20481 }, // U+048C
    { 15, 31, 309, 3, 30, 117, 20669 }, // U+048D
    { 26, 29, 377, 0, 28, 189, 20786 }, // U+048E
    { 24, 34, 293, -6, 22, 204, 20975 }, // U+048F
    { 30, 33, 345, -1, 32, 248, 21179 }, // U+0490
    { 17, 22, 213, -1, 21, 94, 21427 }, // U+0491
    { 28, 29, 346, -1, 28, 203, 21521 }, // U+0492
    { 14, 19, 228, 0, 18, 67, 21724 }, // U+0493
    { 28, 38, 430, -1, 28, 266, 21791 }, // U+0494
    { 21, 30, 274, -4, 17, 158, 22057 }, // U+0495
    { 44, 37, 614, -3, 28, 407, 22215 }, // U+0496
    { 31, 28, 461, -1, 18, 217, 22622 }, // U+0497
    { 21, 40, 345, 1, 28, 210, 22839 }, // U+0498
    { 16, 30, 207, -4, 18, 120, 23049 }, // U+0499
    { 32, 37, 453, -1, 28, 296, 23169 }, // U+049A
    { 19, 28, 317, 2, 18, 133, 23465 }, // U+049B
    { 33, 29, 479, -1, 28, 240, 23598 }, // U+049C
    { 22, 19, 366, 2, 18, 105, 23838 }, // U+049D
    { 32, 30, 455, -1, 29, 240, 23943 }, // U+049E
    { 19, 31, 341, 3, 30, 148, 24183 }, // U+049F
    { 32, 30, 507, 2, 29, 240, 24331 }, // U+04A0
    { 23, 19, 365, 1, 18, 110, 24571 }, // U+04A1
    { 37, 37, 501, -1, 28, 343, 24681 }, // U+04A2
    { 19, 28, 354, 1, 18, 133, 25024 }, // U+04A3
    { 46, 30, 619, -1, 29, 345, 25157 }, // U+04A4
    { 26, 19, 404, 1, 18, 124, 25502 }, // U+04A5
    { 43, 38, 665, -1, 28, 409, 25626 }, // U+04A6
    { 26, 31, 454, 1, 18, 202, 26035 }, // U+04A7
    { 29, 29, 497, 3, 28, 211, 26237 }, // U+04A8
    { 19, 19, 338, 1, 18, 91, 26448 }, // U+04A9
    { 27, 40, 421, 3, 28, 270, 26539 }, // U+04AA
    { 17, 30, 209, -3, 18, 128, 26809 }, // U+04AB
    { 27, 37, 415, 4, 28, 250, 26937 }, // U+04AC
    { 30, 28, 526, 2, 18, 210, 27187 }, // U+04AD
    { 27, 29, 383, 4, 28, 196, 27397 }, // U+04AE
    { 19, 30, 301, 2, 18, 143, 27593 }, // U+04AF
    { 27, 29, 383, 4, 28, 196, 27736 }, // U+04B0
    { 22, 30, 301, -1, 18, 165, 27932 }, // U+04B1
    { 34, 37, 422, -3, 28, 315, 28097 }, // U+04B2
    { 21, 28, 293, -1, 18, 147, 28412 }, // U+04B3
    { 40, 38, 596, 2, 29, 380, 28559 }, // U+04B4
    { 21, 35, 339, 0, 25, 184, 28939 }, // U+04B5
    { 27, 37, 441, 5, 28, 250, 29123 }, // U+04B6
    { 18, 28, 315, 1, 18, 126, 29373 }, // U+04B7
    { 29, 29, 481, 5, 28, 211, 29499 }, // U+04B8
    { 19, 19, 335, 1, 18, 91, 29710 }, // U+04B9
    { 26, 29, 447, -1, 28, 189, 29801 }, // U+04BA
    { 19, 31, 325, 1, 30, 148, 29990 }, // U+04BB
    { 32, 29, 535, 4, 28, 232, 30138 }, // U+04BC
    { 17, 19, 297, 2, 18, 81, 30370 }, // U+04BD
    { 32, 40, 535, 4, 34, 320, 30451 }, // U+04BE
    { 21, 32, 297, 2, 26, 168, 30771 }, // U+04BF
    { 20, 29, 241, -1, 28, 145, 30939 }, // U+04C0
    { 44, 37, 614, -3, 36, 407, 31084 }, // U+04C1
    { 31, 27, 461, -1, 26, 210, 31491 }, // U+04C2
    { 32, 37, 453, -1, 28, 296, 31701 }, // U+04C3
    { 19, 30, 312, 2, 18, 143, 31997 }, // U+04C4
    { 34, 37, 452, -2, 28, 315, 32140 }, // U+04C5
    { 21, 28, 326, -2, 18, 147, 32455 }, // U+04C6
    { 37, 37, 485, -1, 28, 343, 32602 }, // U+04C7
    { 21, 31, 321, -1, 18, 163, 32945 }, // U+04C8
    { 37, 37, 501, -1, 28, 343, 33108 }, // U+04C9
    { 19, 28, 354, 1, 18, 133, 33451 }, // U+04CA
    { 27, 37, 441, 5, 28, 250, 33584 }, // U+04CB
    { 22, 28, 315, -3, 18, 154, 33834 }, // U+04CC
    { 47, 37, 661, -3, 28, 435, 33988 }, // U+04CD
    { 27, 28, 423, -2, 18, 189, 34423 }, // U+04CE
    { 13, 31, 191, 0, 30, 101, 34612 }, // U+04CF
    { 36, 37, 439, -3, 36, 333, 34713 }, // U+04D0
    { 22, 27, 327, -1, 26, 149, 35046 }, // U+04D1
    { 35, 35, 439, -3, 34, 307, 35195 }, // U+04D2
    { 23, 27, 327, -1, 26, 156, 35502 }, // U+04D3
    { 41, 29, 533, -3, 28, 298, 35658 }, // U+04D4
    { 23, 19, 347, -1, 18, 110, 35956 }, // U+04D5
    { 28, 37, 384, -2, 36, 259, 36066 }, // U+04D6
    { 18, 27, 227, 0, 26, 122, 36325 }, // U+04D7
    { 28, 29, 437, 0, 28, 203, 36447 }, // U+04D8
    { 15, 19, 227, -1, 18, 72, 36650 }, // U+04D9
    { 28, 35, 437, 0, 34, 245, 36722 }, // U+04DA
    { 18, 27, 227, -1, 26, 122, 36967 }, // U+04DB
    { 44, 35, 614, -3, 34, 385, 37089 }, // U+04DC
    { 31, 27, 461, -1, 26, 210, 37474 }, // U+04DD
    { 21, 35, 345, 1, 34, 184, 37684 }, // U+04DE
    { 18, 27, 207, -2, 26, 122, 37868 }, // U+04DF
    { 25, 29, 363, 0, 28, 182, 37990 }, // U+04E0
    { 22, 30, 283, -4, 18, 165, 38172 }, // U+04E1
    { 37, 34, 505, -1, 33, 315, 38337 }, // U+04E2
    { 21, 26, 339, 0, 25, 137, 38652 }, // U+04E3
    { 37, 35, 505, -1, 34, 324, 38789 }, // U+04E4
    { 21, 27, 339, 0, 26, 142, 39113 }, // U+04E5
    { 26, 35, 463, 3, 34, 228, 39255 }, // U+04E6
    { 19, 27, 253, 0, 26, 129, 39483 }, // U+04E7
    { 26, 29, 463, 3, 28, 189, 39612 }, // U+04E8
    { 16, 19, 253, 0, 18, 76, 39801 }, // U+04E9
    { 26, 35, 463, 3, 34, 228, 39877 }, // U+04EA
    { 19, 27, 253, 0, 26, 129, 40105 }, // U+04EB
    { 28, 35, 435, 0, 34, 245, 40234 }, // U+04EC
    { 18, 27, 235, -1, 26, 122, 40479 }, // U+04ED
    { 32, 35, 425, 1, 33, 280, 40601 }, // U+04EE
    { 22, 38, 270, -5, 25, 209, 40881 }, // U+04EF
    { 32, 36, 425, 1, 34, 288, 41090 }, // U+04F0
    { 23, 39, 270, -5, 26, 225, 41378 }, // U+04F1
    { 32, 38, 425, 1, 36, 304, 41603 }, // U+04F2
    { 23, 41, 270, -5, 28, 236, 41907 }, // U+04F3
    { 27, 35, 441, 5, 34, 237, 42143 }, // U+04F4
    { 19, 27, 315, 1, 26, 129, 42380 }, // U+04F5
    { 28, 37, 346, -1, 28, 259, 42509 }, // U+04F6
    { 14, 28, 215, -1, 18, 98, 42768 }, // U+04F7
    { 45, 35, 632, -1, 34, 394, 42866 }, // U+04F8
    { 23, 27, 419, 2, 26, 156, 43260 }, // U+04F9
    { 33, 37, 316, -8, 28, 306, 43416 }, // U+04FA
    { 17, 31, 228, -3, 18, 132, 43722 }, // U+04FB
    { 34, 41, 400, -3, 28, 349, 43854 }, // U+04FC
    { 22, 31, 285, -2, 18, 171, 44203 }, // U+04FD
    { 34, 29, 435, -3, 28, 247, 44374 }, // U+04FE
    { 21, 19, 292, -1, 18, 100, 44621 }, // U+04FF
    { 29, 37, 439, -3, 29, 269, 0 }, // U+1EA0
    { 20, 26, 327, -1, 18, 130, 269 }, // U+1EA1
    { 33, 37, 439, -3, 36, 306, 399 }, // U+1EA2
    { 21, 30, 327, -1, 29, 158, 705 }, // U+1EA3
    { 40, 39, 439, -3, 38, 390, 863 }, // U+1EA4
    { 24, 32, 323, -1, 31, 192, 1253 }, // U+1EA5
    { 35, 38, 439, -3, 37, 333, 1445 }, // U+1EA6
    { 20, 32, 323, -1, 31, 160, 1778 }, // U+1EA7
    { 40, 39, 439, -3, 38, 390, 1938 }, // U+1EA8
    { 24, 32, 323, -1, 31, 192, 2328 }, // U+1EA9
    { 37, 41, 439, -3, 40, 380, 2520 }, // U+1EAA
    { 23, 33, 323, -1, 32, 190, 2900 }, // U+1EAB
    { 35, 43, 439, -3, 35, 377, 3090 }, // U+1EAC
    { 20, 35, 327, -1, 27, 175, 3467 }, // U+1EAD
    { 35, 39, 439, -3, 38, 342, 3642 }, // U+1EAE
    { 21, 32, 323, -1, 31, 168, 3984 }, // U+1EAF
    { 35, 39, 439, -3, 38, 342, 4152 }, // U+1EB0
    { 20, 32, 301, -1, 31, 160, 4494 }, // U+1EB1
    { 35, 41, 439, -3, 40, 359, 4654 }, // U+1EB2
    { 21, 32, 323, -1, 31, 168, 5013 }, // U+1EB3
    { 38, 42, 439, -3, 41, 399, 5181 }, // U+1EB4
    { 23, 32, 301, -1, 31, 184, 5580 }, // U+1EB5
    { 35, 43, 439, -3, 35, 377, 5764 }, // U+1EB6
    { 22, 34, 327, -1, 26, 187, 6141 }, // U+1EB7
    { 28, 36, 384, -2, 28, 252, 6328 }, // U+1EB8
    { 15, 26, 227, 0, 18, 98, 6580 }, // U+1EB9
    { 28, 37, 384, -2, 36, 259, 6678 }, // U+1EBA
    { 17, 30, 227, 0, 29, 128, 6937 }, // U+1EBB
    { 28, 36, 384, -2, 35, 252, 7065 }, // U+1EBC
    { 19, 26, 227, 0, 25, 124, 7317 }, // U+1EBD
    { 32, 37, 384, -2, 36, 296, 7441 }, // U+1EBE
    { 20, 32, 224, 0, 31, 160, 7737 }, // U+1EBF
    { 28, 37, 384, -2, 36, 259, 7897 }, // U+1EC0
    { 16, 32, 224, 0, 31, 128, 8156 }, // U+1EC1
    { 32, 39, 384, -2, 38, 312, 8284 }, // U+1EC2
    { 23, 31, 224, 0, 30, 179, 8596 }, // U+1EC3
    { 29, 41, 384, -2, 40, 298, 8775 }, // U+1EC4
    { 20, 32, 224, 0, 31, 160, 9073 }, // U+1EC5
    { 28, 43, 384, -2, 35, 301, 9233 }, // U+1EC6
    { 16, 35, 227, 0, 27, 140, 9534 }, // U+1EC7
    { 20, 37, 241, -1, 36, 185, 9674 }, // U+1EC8
    { 14, 30, 196, 1, 29, 105, 9859 }, // U+1EC9
    { 20, 36, 241, -1, 28, 180, 9964 }, // U+1ECA
    { 14, 34, 196, 0, 26, 119, 10144 }, // U+1ECB
    { 26, 36, 463, 3, 28, 234, 10263 }, // U+1ECC
    { 16, 26, 253, 0, 18, 104, 10497 }, // U+1ECD
    { 26, 37, 463, 3, 36, 241, 10601 }, // U+1ECE
    { 18, 30, 253, 0, 29, 135, 10842 }, // U+1ECF
    { 30, 37, 475, 3, 36, 278, 10977 }, // U+1ED0
    { 22, 32, 253, 0, 31, 176, 11255 }, // U+1ED1
    { 26, 37, 475, 3, 36, 241, 11431 }, // U+1ED2
    { 16, 32, 253, 0, 31, 128, 11672 }, // U+1ED3
    { 29, 39, 475, 3, 38, 283, 11800 }, // U+1ED4
    { 22, 30, 253, 0, 29, 165, 12083 }, // U+1ED5
    { 27, 41, 475, 3, 40, 277, 12248 }, // U+1ED6
    { 20, 33, 253, 0, 32, 165, 12525 }, // U+1ED7
    { 26, 43, 463, 3, 35, 280, 12690 }, // U+1ED8
    { 17, 35, 253, 0, 27, 149, 12970 }, // U+1ED9
    { 31, 37, 475, 3, 36, 287, 13119 }, // U+1EDA
    { 20, 29, 299, 0, 28, 145, 13406 }, // U+1EDB
    { 31, 37, 475, 3, 36, 287, 13551 }, // U+1EDC
    { 20, 29, 299, 0, 28, 145, 13838 }, // U+1EDD
    { 31, 37, 475, 3, 36, 287, 13983 }, // U+1EDE
    { 20, 30, 299, 0, 29, 150, 14270 }, // U+1EDF
    { 31, 36, 475, 3, 35, 279, 14420 }, // U+1EE0
    { 20, 26, 299, 0, 25, 130, 14699 }, // U+1EE1
    { 31, 39, 475, 3, 31, 303, 14829 }, // U+1EE2
    { 20, 29, 299, 0, 21, 145, 15132 }, // U+1EE3
    { 31, 36, 467, 4, 28, 279, 15277 }, // U+1EE4
    { 20, 26, 339, 0, 18, 130, 15556 }, // U+1EE5
    { 31, 37, 467, 4, 36, 287, 15686 }, // U+1EE6
    { 20, 30, 339, 0, 29, 150, 15973 }, // U+1EE7
    { 33, 37, 467, 4, 36, 306, 16123 }, // U+1EE8
    { 26, 29, 346, 0, 28, 189, 16429 }, // U+1EE9
    { 33, 37, 467, 4, 36, 306, 16618 }, // U+1EEA
    { 26, 29, 346, 0, 28, 189, 16924 }, // U+1EEB
    { 33, 37, 467, 4, 36, 306, 17113 }, // U+1EEC
    { 26, 30, 346, 0, 29, 195, 17419 }, // U+1EED
    { 33, 36, 467, 4, 35, 297, 17614 }, // U+1EEE
    { 26, 26, 346, 0, 25, 169, 17911 }, // U+1EEF
    { 33, 40, 467, 4, 32, 330, 18080 }, // U+1EF0
    { 26, 30, 346, 0, 22, 195, 18410 }, // U+1EF1
    { 27, 37, 383, 4, 36, 250, 18605 }, // U+1EF2
    { 22, 41, 270, -5, 28, 226, 18855 }, // U+1EF3
    { 27, 36, 383, 4, 28, 243, 19081 }, // U+1EF4
    { 22, 31, 280, -5, 18, 171, 19324 }, // U+1EF5
    { 27, 37, 383, 4, 36, 250, 19495 }, // U+1EF6
    { 22, 42, 270, -5, 29, 231, 19745 }, // U+1EF7
    { 27, 36, 383, 4, 35, 243, 19976 }, // U+1EF8
    { 23, 38, 270, -5, 25, 219, 20219 }, // U+1EF9
    { 0, 0, 303, 0, 0, 0, 0 }, // U+2000
    { 0, 0, 607, 0, 0, 0, 0 }, // U+2001
    { 0, 0, 303, 0, 0, 0, 0 }, // U+2002
    { 0, 0, 607, 0, 0, 0, 0 }, // U+2003
    { 0, 0, 202, 0, 0, 0, 0 }, // U+2004
    { 0, 0, 151, 0, 0, 0, 0 }, // U+2005
    { 0, 0, 101, 0, 0, 0, 0 }, // U+2006
    { 0, 0, 320, 0, 0, 0, 0 }, // U+2007
    { 0, 0, 138, 0, 0, 0, 0 }, // U+2008
    { 0, 0, 61, 0, 0, 0, 0 }, // U+2009
    { 0, 0, 6, 0, 0, 0, 0 }, // U+200A
    { 0, 0, 0, 0, 0, 0, 0 }, // U+200B
    { 0, 0, 0, 0, 0, 0, 0 }, // U+200C
    { 0, 0, 0, 0, 0, 0, 0 }, // U+200D
    { 0, 0, 0, 0, 0, 0, 0 }, // U+200E
    { 0, 0, 0, 0, 0, 0, 0 }, // U+200F
    { 10, 4, 179, 1, 11, 10, 0 }, // U+2010
    { 10, 4, 179, 1, 11, 10, 10 }, // U+2011
    { 21, 4, 329, 0, 11, 21, 20 }, // U+2012
    { 18, 3, 346, 2, 10, 14, 41 }, // U+2013
    { 34, 3, 594, 2, 10, 26, 55 }, // U+2014
    { 80, 3, 1334, 2, 10, 60, 81 }, // U+2015
    { 9, 43, 270, 4, 30, 97, 141 }, // U+2016
    { 22, 7, 310, -7, -5, 39, 238 }, // U+2017
    { 9, 11, 143, 5, 29, 25, 277 }, // U+2018
    { 8, 11, 143, 5, 29, 22, 302 }, // U+2019
    { 9, 11, 143, -3, 5, 25, 324 }, // U+201A
    { 16, 11, 259, 5, 29, 44, 349 }, // U+201C
    { 15, 11, 260, 5, 29, 42, 393 }, // U+201D
    { 16, 11, 259, -3, 5, 44, 435 }, // U+201E
    { 15, 32, 276, 4, 27, 120, 479 }, // U+2020
    { 21, 32, 277, -1, 27, 168, 599 }, // U+2021
    { 11, 12, 227, 4, 21, 33, 767 }, // U+2022
    { 5, 6, 143, 0, 5, 8, 800 }, // U+2024
    { 15, 6, 295, 0, 5, 23, 808 }, // U+2025
    { 24, 6, 447, 0, 5, 36, 831 }, // U+2026
    { 0, 0, 0, 0, 0, 0, 867 }, // U+202A
    { 0, 0, 0, 0, 0, 0, 867 }, // U+202B
    { 0, 0, 0, 0, 0, 0, 867 }, // U+202C
    { 0, 0, 0, 0, 0, 0, 867 }, // U+202D
    { 0, 0, 0, 0, 0, 0, 867 }, // U+202E
    { 38, 30, 625, 1, 28, 285, 867 }, // U+2030
    { 6, 11, 93, 5, 29, 17, 1152 }, // U+2032
    { 12, 11, 185, 5, 29, 33, 1169 }, // U+2033
    { 18, 11, 277, 5, 29, 50, 1202 }, // U+2034
    { 6, 10, 157, 6, 28, 15, 1252 }, // U+2035
    { 12, 10, 249, 6, 28, 30, 1267 }, // U+2036
    { 18, 10, 341, 6, 28, 45, 1297 }, // U+2037
    { 15, 16, 273, 2, 16, 60, 1342 }, // U+2039
    { 15, 16, 273, 0, 16, 60, 1402 }, // U+203A
    { 21, 29, 321, 1, 28, 153, 1462 }, // U+203C
    { 14, 29, 216, 2, 28, 102, 1615 }, // U+203D
    { 17, 3, 315, 6, 26, 13, 1717 }, // U+203E
    { 29, 30, 16, -12, 28, 218, 1730 }, // U+2044
    { 24, 29, 395, 3, 28, 174, 1948 }, // U+2047
    { 22, 29, 375, 3, 28, 160, 2122 }, // U+2048
    { 26, 29, 387, 1, 28, 189, 2282 }, // U+2049
    { 30, 39, 677, 6, 27, 293, 2471 }, // U+204B
    { 13, 13, 225, -1, 12, 43, 2764 }, // U+204E
    { 23, 11, 369, 5, 29, 64, 2807 }, // U+2057
    { 0, 0, 0, 0, 0, 0, 2871 }, // U+2060
    { 0, 0, 0, 0, 0, 0, 2871 }, // U+2061
    { 0, 0, 0, 0, 0, 0, 2871 }, // U+2062
    { 0, 0, 0, 0, 0, 0, 2871 }, // U+2063
    { 0, 0, 0, 0, 0, 0, 2871 }, // U+2064
    { 0, 0, 0, 0, 0, 0, 2871 }, // U+2066
    { 0, 0, 0, 0, 0, 0, 2871 }, // U+2067
    { 0, 0, 0, 0, 0, 0, 2871 }, // U+2068
    { 0, 0, 0, 0, 0, 0, 2871 }, // U+2069
    { 0, 0, 0, 0, 0, 0, 2871 }, // U+206A
    { 0, 0, 0, 0, 0, 0, 2871 }, // U+206B
    { 0, 0, 0, 0, 0, 0, 2871 }, // U+206C
    { 0, 0, 0, 0, 0, 0, 2871 }, // U+206D
    { 0, 0, 0, 0, 0, 0, 2871 }, // U+206E
    { 0, 0, 0, 0, 0, 0, 2871 }, // U+206F
    { 9, 17, 129, 2, 28, 39, 0 }, // U+2071
    { 21, 22, 393, 2, 21, 116, 39 }, // U+207A
    { 22, 3, 397, 2, 12, 17, 155 }, // U+207B
    { 22, 11, 393, 2, 16, 61, 172 }, // U+207C
    { 16, 39, 194, 1, 30, 156, 233 }, // U+207D
    { 16, 39, 206, -3, 30, 156, 389 }, // U+207E
    { 15, 12, 251, 2, 23, 45, 545 }, // U+207F
    { 13, 16, 187, -3, 8, 52, 590 }, // U+2080
    { 10, 15, 163, -3, 8, 38, 642 }, // U+2081
    { 12, 15, 185, -4, 8, 45, 680 }, // U+2082
    { 12, 15, 189, -3, 8, 45, 725 }, // U+2083
    { 12, 15, 186, -3, 8, 45, 770 }, // U+2084
    { 11, 15, 165, -3, 8, 42, 815 }, // U+2085
    { 13, 15, 189, -3, 8, 49, 857 }, // U+2086
    { 13, 15, 186, -2, 8, 49, 906 }, // U+2087
    { 12, 15, 189, -3, 8, 45, 955 }, // U+2088
    { 13, 16, 189, -3, 8, 52, 1000 }, // U+2089
    { 21, 22, 393, 2, 21, 116, 1052 }, // U+208A
    { 22, 3, 397, 2, 12, 17, 1168 }, // U+208B
    { 22, 11, 393, 2, 16, 61, 1185 }, // U+208C
    { 11, 24, 129, -2, 12, 66, 1246 }, // U+208D
    { 11, 24, 130, -6, 12, 66, 1312 }, // U+208E
    { 10, 12, 195, -3, 4, 30, 1378 }, // U+2090
    { 11, 12, 177, -3, 4, 33, 1408 }, // U+2091
    { 12, 12, 203, -3, 4, 36, 1441 }, // U+2092
    { 14, 11, 193, -4, 4, 39, 1477 }, // U+2093
    { 11, 12, 177, -3, 4, 33, 1516 }, // U+2094
    { 14, 19, 244, -3, 12, 67, 1549 }, // U+2095
    { 15, 19, 226, -4, 12, 72, 1616 }, // U+2096
    { 10, 19, 128, -3, 12, 48, 1688 }, // U+2097
    { 22, 12, 351, -4, 5, 66, 1736 }, // U+2098
    { 14, 12, 251, -3, 5, 42, 1802 }, // U+2099
    { 16, 18, 235, -5, 5, 72, 1844 }, // U+209A
    { 10, 11, 145, -3, 5, 28, 1916 }, // U+209B
    { 9, 14, 150, -2, 7, 32, 1944 }, // U+209C
    { 29, 37, 421, 1, 32, 269, 0 }, // U+20A1
    { 28, 29, 339, -1, 28, 203, 269 }, // U+20A3
    { 27, 29, 333, -3, 27, 196, 472 }, // U+20A4
    { 24, 24, 465, 2, 20, 144, 668 }, // U+20A5
    { 39, 29, 551, -1, 28, 283, 812 }, // U+20A6
    { 29, 29, 403, -1, 28, 211, 1095 }, // U+20A7
    { 36, 29, 579, 0, 28, 261, 1306 }, // U+20A8
    { 46, 29, 711, 4, 28, 334, 1567 }, // U+20A9
    { 24, 36, 364, 0, 30, 216, 1901 }, // U+20AB
    { 31, 29, 418, -1, 28, 225, 2117 }, // U+20AC
    { 35, 29, 466, -1, 28, 254, 2342 }, // U+20AD
    { 27, 29, 415, 4, 28, 196, 2596 }, // U+20AE
    { 29, 29, 400, 0, 28, 211, 2792 }, // U+20B1
    { 27, 34, 458, 3, 30, 230, 3003 }, // U+20B2
    { 23, 29, 350, 1, 28, 167, 3233 }, // U+20B4
    { 27, 35, 421, 3, 31, 237, 3400 }, // U+20B5
    { 26, 29, 385, 3, 28, 189, 3637 }, // U+20B8
    { 19, 29, 317, 0, 28, 138, 3826 }, // U+20B9
    { 23, 29, 343, -1, 28, 167, 3964 }, // U+20BA
    { 32, 30, 493, -3, 29, 240, 4131 }, // U+20BC
    { 26, 29, 377, 0, 28, 189, 4371 }, // U+20BD
    { 15, 31, 211, 2, 30, 117, 0 }, // U+2113
    { 38, 16, 666, 3, 20, 152, 0 }, // U+2190
    { 16, 36, 293, 4, 28, 144, 152 }, // U+2191
    { 38, 16, 667, 3, 20, 152, 296 }, // U+2192
    { 16, 36, 292, 0, 28, 144, 448 }, // U+2193
    { 38, 16, 668, 3, 20, 152, 592 }, // U+2194
    { 16, 36, 267, 1, 28, 144, 744 }, // U+2195
    { 30, 31, 779, 9, 23, 233, 888 }, // U+2196
    { 31, 31, 540, 0, 24, 241, 1121 }, // U+2197
    { 30, 31, 658, 6, 25, 233, 1362 }, // U+2198
    { 30, 31, 540, 3, 24, 233, 1595 }, // U+2199
    { 38, 31, 666, 3, 28, 295, 1828 }, // U+219A
    { 38, 31, 667, 3, 28, 295, 2123 }, // U+219B
    { 38, 16, 666, 3, 20, 152, 2418 }, // U+219E
    { 16, 36, 292, 3, 28, 144, 2570 }, // U+219F
    { 38, 16, 667, 3, 20, 152, 2714 }, // U+21A0
    { 16, 36, 292, 0, 28, 144, 2866 }, // U+21A1
    { 38, 16, 666, 3, 20, 152, 3010 }, // U+21A2
    { 38, 31, 668, 3, 28, 295, 3162 }, // U+21AE
    { 38, 16, 679, 3, 20, 152, 3457 }, // U+21D0
    { 16, 36, 292, 2, 28, 144, 3609 }, // U+21D1
    { 38, 16, 680, 4, 20, 152, 3753 }, // U+21D2
    { 16, 36, 292, 1, 28, 144, 3905 }, // U+21D3
    { 38, 16, 688, 3, 20, 152, 4049 }, // U+21DA
    { 16, 36, 267, 1, 28, 144, 4201 }, // U+21DB
    { 39, 16, 689, 4, 20, 156, 4345 }, // U+21DC
    { 16, 36, 292, 2, 28, 144, 4501 }, // U+21DD
    { 16, 31, 277, 2, 30, 124, 0 }, // U+2202
    { 26, 32, 473, 3, 27, 208, 124 }, // U+2205
    { 26, 30, 383, -1, 29, 195, 332 }, // U+2206
    { 26, 29, 451, 3, 27, 189, 527 }, // U+2207
    { 39, 29, 535, -1, 28, 283, 716 }, // U+220F
    { 39, 29, 791, 7, 28, 283, 999 }, // U+2210
    { 28, 32, 313, -4, 28, 224, 1282 }, // U+2211
    { 22, 3, 397, 2, 12, 17, 1506 }, // U+2212
    { 21, 25, 393, 5, 26, 132, 1523 }, // U+2213
    { 20, 31, 184, -3, 28, 155, 1655 }, // U+2215
    { 6, 31, 273, 7, 28, 47, 1810 }, // U+2216
    { 5, 6, 134, 2, 12, 8, 1857 }, // U+2219
    { 24, 34, 240, 3, 29, 204, 1865 }, // U+221A
    { 29, 17, 499, 1, 17, 124, 2069 }, // U+221E
    { 3, 43, 173, 4, 30, 33, 2193 }, // U+2223
    { 20, 43, 173, -4, 30, 215, 2226 }, // U+2224
    { 8, 43, 253, 4, 30, 86, 2441 }, // U+2225
    { 20, 43, 253, -2, 30, 215, 2527 }, // U+2226
    { 32, 37, 209, -11, 28, 296, 2742 }, // U+222B
    { 9, 18, 144, 0, 17, 41, 3038 }, // U+2236
    { 18, 6, 333, 3, 16, 27, 3079 }, // U+223C
    { 20, 31, 333, 2, 29, 155, 3106 }, // U+2241
    { 20, 13, 333, 1, 17, 65, 3261 }, // U+2248
    { 22, 22, 393, 2, 21, 121, 3326 }, // U+2260
    { 22, 23, 323, -1, 22, 127, 3447 }, // U+2264
    { 22, 23, 393, 2, 22, 127, 3574 }, // U+2265
    { 33, 21, 591, 2, 20, 174, 3701 }, // U+226A
    { 33, 21, 595, 3, 20, 174, 3875 }, // U+226B
    { 21, 31, 393, 2, 26, 163, 4049 }, // U+226E
    { 21, 31, 393, 2, 25, 163, 4212 }, // U+226F
    { 6, 5, 134, 1, 11, 8, 4375 }, // U+22C5
    { 22, 6, 402, 2, 12, 33, 4383 }, // U+22EF
    { 9, 27, 207, 2, 27, 61, 0 }, // U+2669
    { 15, 27, 301, 2, 27, 102, 61 }, // U+266A
    { 23, 30, 427, 2, 28, 173, 163 }, // U+266B
    { 23, 30, 427, 2, 28, 173, 336 }, // U+266C
    { 12, 26, 231, 1, 25, 78, 509 }, // U+266D
    { 12, 27, 238, 1, 18, 81, 587 }, // U+266E
    { 19, 35, 369, 2, 25, 167, 668 }, // U+266F
    { 46, 44, 846, 3, 36, 506, 835 }, // U+2764
    { 43, 43, 409, -9, 30, 463, 0 }, // U+FB00
    { 33, 43, 371, -9, 30, 355, 463 }, // U+FB01
    { 35, 43, 391, -9, 30, 377, 818 }, // U+FB02
    { 44, 43, 549, -9, 30, 473, 1195 }, // U+FB03
    { 46, 43, 570, -9, 30, 495, 1668 }, // U+FB04
    { 34, 43, 371, -9, 30, 366, 2163 }, // U+FB05
    { 28, 29, 377, -2, 28, 203, 2529 }, // U+FB06
    { 31, 32, 504, 2, 30, 248, 0 }, // U+FFFD
    { 43, 43, 846, 5, 36, 463, 0 }, // U+1F44B
    { 22, 30, 378, 1, 29, 165, 463 }, // U+1F44C
    { 21, 28, 372, 1, 27, 147, 628 }, // U+1F44D
    { 39, 43, 846, 7, 36, 420, 775 }, // U+1F44E
    { 41, 43, 846, 6, 36, 441, 1195 }, // U+1F44F
    { 43, 43, 846, 5, 36, 463, 1636 }, // U+1F600
    { 43, 43, 846, 5, 36, 463, 2099 }, // U+1F601
    { 51, 43, 846, 1, 36, 549, 2562 }, // U+1F602
    { 43, 43, 846, 5, 36, 463, 3111 }, // U+1F603
    { 43, 43, 846, 5, 36, 463, 3574 }, // U+1F604
    { 46, 43, 846, 4, 36, 495, 4037 }, // U+1F605
    { 43, 43, 846, 5, 36, 463, 4532 }, // U+1F606
    { 41, 42, 846, 6, 35, 431, 4995 }, // U+1F607
    { 43, 43, 846, 5, 36, 463, 5426 }, // U+1F609
    { 43, 43, 846, 5, 36, 463, 5889 }, // U+1F60A
    { 43, 44, 846, 5, 36, 473, 6352 }, // U+1F60B
    { 43, 43, 846, 5, 36, 463, 6825 }, // U+1F60C
    { 43, 43, 846, 5, 36, 463, 7288 }, // U+1F60D
    { 44, 43, 846, 4, 36, 473, 7751 }, // U+1F60E
    { 43, 43, 846, 5, 36, 463, 8224 }, // U+1F60F
    { 43, 43, 846, 5, 36, 463, 8687 }, // U+1F610
    { 43, 43, 846, 5, 36, 463, 9150 }, // U+1F611
    { 43, 43, 846, 5, 36, 463, 9613 }, // U+1F612
    { 43, 43, 846, 5, 36, 463, 10076 }, // U+1F613
    { 43, 43, 846, 5, 36, 463, 10539 }, // U+1F614
    { 43, 43, 846, 5, 36, 463, 11002 }, // U+1F618
    { 43, 43, 846, 5, 36, 463, 11465 }, // U+1F61A
    { 43, 44, 846, 5, 36, 473, 11928 }, // U+1F61C
    { 43, 44, 846, 5, 36, 473, 12401 }, // U+1F61D
    { 43, 43, 846, 5, 36, 463, 12874 }, // U+1F620
    { 43, 43, 846, 5, 36, 463, 13337 }, // U+1F621
    { 43, 43, 846, 5, 36, 463, 13800 }, // U+1F622
    { 46, 43, 846, 4, 36, 495, 14263 }, // U+1F624
    { 44, 43, 846, 5, 36, 473, 14758 }, // U+1F625
    { 43, 43, 846, 5, 36, 463, 15231 }, // U+1F629
    { 43, 43, 846, 5, 36, 463, 15694 }, // U+1F62C
    { 43, 44, 846, 5, 36, 473, 16157 }, // U+1F62D
    { 43, 43, 846, 5, 36, 463, 16630 }, // U+1F62E
    { 49, 44, 846, 2, 36, 539, 17093 }, // U+1F631
    { 43, 43, 846, 5, 36, 463, 17632 }, // U+1F632
    { 43, 43, 846, 5, 36, 463, 18095 }, // U+1F633
    { 44, 43, 846, 5, 36, 473, 18558 }, // U+1F634
    { 43, 43, 846, 5, 36, 463, 19031 }, // U+1F635
    { 43, 43, 846, 5, 36, 463, 19494 }, // U+1F641
    { 43, 43, 846, 5, 36, 463, 19957 }, // U+1F642
    { 43, 43, 846, 5, 36, 463, 20420 }, // U+1F644
};

static const EpdUnicodeInterval ebgaramond_20_italicIntervals[] = {
    { 0x0, 0xB1, 0x0 },
    { 0xB4, 0xB8, 0xB2 },
    { 0xBA, 0x17F, 0xB7 },
    { 0x1A0, 0x1A1, 0x17D },
    { 0x1AF, 0x1B0, 0x17F },
    { 0x1C4, 0x21F, 0x181 },
    { 0x300, 0x33E, 0x1DD },
    { 0x340, 0x345, 0x21C },
    { 0x34F, 0x34F, 0x222 },
    { 0x351, 0x351, 0x223 },
    { 0x353, 0x353, 0x224 },
    { 0x357, 0x357, 0x225 },
    { 0x35D, 0x35D, 0x226 },
    { 0x361, 0x361, 0x227 },
    { 0x364, 0x364, 0x228 },
    { 0x3BB, 0x3BB, 0x229 },
    { 0x400, 0x45F, 0x22A },
    { 0x462, 0x463, 0x28A },
    { 0x46A, 0x46B, 0x28C },
    { 0x470, 0x470, 0x28E },
    { 0x472, 0x477, 0x28F },
    { 0x48A, 0x4FF, 0x295 },
    { 0x1EA0, 0x1EF9, 0x30B },
    { 0x2000, 0x201A, 0x365 },
    { 0x201C, 0x201E, 0x380 },
    { 0x2020, 0x2022, 0x383 },
    { 0x2024, 0x2026, 0x386 },
    { 0x202A, 0x202E, 0x389 },
    { 0x2030, 0x2030, 0x38E },
    { 0x2032, 0x2037, 0x38F },
    { 0x2039, 0x203A, 0x395 },
    { 0x203C, 0x203E, 0x397 },
    { 0x2044, 0x2044, 0x39A },
    { 0x2047, 0x2049, 0x39B },
    { 0x204B, 0x204B, 0x39E },
    { 0x204E, 0x204E, 0x39F },
    { 0x2057, 0x2057, 0x3A0 },
    { 0x2060, 0x2064, 0x3A1 },
    { 0x2066, 0x206F, 0x3A6 },
    { 0x2071, 0x2071, 0x3B0 },
    { 0x207A, 0x208E, 0x3B1 },
    { 0x2090, 0x209C, 0x3C6 },
    { 0x20A1, 0x20A1, 0x3D3 },
    { 0x20A3, 0x20A9, 0x3D4 },
    { 0x20AB, 0x20AE, 0x3DB },
    { 0x20B1, 0x20B2, 0x3DF },
    { 0x20B4, 0x20B5, 0x3E1 },
    { 0x20B8, 0x20BA, 0x3E3 },
    { 0x20BC, 0x20BD, 0x3E6 },
    { 0x2113, 0x2113, 0x3E8 },
    { 0x2190, 0x219B, 0x3E9 },
    { 0x219E, 0x21A2, 0x3F5 },
    { 0x21AE, 0x21AE, 0x3FA },
    { 0x21D0, 0x21D3, 0x3FB },
    { 0x21DA, 0x21DD, 0x3FF },
    { 0x2202, 0x2202, 0x403 },
    { 0x2205, 0x2207, 0x404 },
    { 0x220F, 0x2213, 0x407 },
    { 0x2215, 0x2216, 0x40C },
    { 0x2219, 0x221A, 0x40E },
    { 0x221E, 0x221E, 0x410 },
    { 0x2223, 0x2226, 0x411 },
    { 0x222B, 0x222B, 0x415 },
    { 0x2236, 0x2236, 0x416 },
    { 0x223C, 0x223C, 0x417 },
    { 0x2241, 0x2241, 0x418 },
    { 0x2248, 0x2248, 0x419 },
    { 0x2260, 0x2260, 0x41A },
    { 0x2264, 0x2265, 0x41B },
    { 0x226A, 0x226B, 0x41D },
    { 0x226E, 0x226F, 0x41F },
    { 0x22C5, 0x22C5, 0x421 },
    { 0x22EF, 0x22EF, 0x422 },
    { 0x2669, 0x266F, 0x423 },
    { 0x2764, 0x2764, 0x42A },
    { 0xFB00, 0xFB06, 0x42B },
    { 0xFFFD, 0xFFFD, 0x432 },
    { 0x1F44B, 0x1F44F, 0x433 },
    { 0x1F600, 0x1F607, 0x438 },
    { 0x1F609, 0x1F614, 0x440 },
    { 0x1F618, 0x1F618, 0x44C },
    { 0x1F61A, 0x1F61A, 0x44D },
    { 0x1F61C, 0x1F61D, 0x44E },
    { 0x1F620, 0x1F622, 0x450 },
    { 0x1F624, 0x1F625, 0x453 },
    { 0x1F629, 0x1F629, 0x455 },
    { 0x1F62C, 0x1F62E, 0x456 },
    { 0x1F631, 0x1F635, 0x459 },
    { 0x1F641, 0x1F642, 0x45E },
    { 0x1F644, 0x1F644, 0x460 },
};

static const EpdFontGroup ebgaramond_20_italicGroups[] = {
    { 0, 6337, 14780, 128, 0 },
    { 6337, 4966, 16504, 125, 128 },
    { 11303, 6765, 27469, 128, 253 },
    { 18068, 6929, 24254, 96, 381 },
    { 24997, 1076, 1872, 76, 477 },
    { 26073, 105, 155, 1, 553 },
    { 26178, 13886, 47065, 225, 554 },
    { 40064, 3673, 21383, 90, 779 },
    { 43737, 1494, 3133, 75, 869 },
    { 45231, 1036, 2169, 35, 944 },
    { 46267, 2226, 4743, 21, 979 },
    { 48493, 109, 124, 1, 1000 },
    { 48602, 1207, 4818, 26, 1001 },
    { 49809, 1810, 4665, 32, 1027 },
    { 51619, 536, 1411, 8, 1059 },
    { 52155, 966, 2826, 7, 1067 },
    { 53121, 147, 256, 1, 1074 },
    { 53268, 6321, 21421, 46, 1075 },
};

static const EpdKernClassEntry ebgaramond_20_italicKernLeftClasses[] = {
    { 0x0026, 1 }, // &
    { 0x002A, 2 }, // *
    { 0x002C, 3 }, // ,
    { 0x002D, 4 }, // -
    { 0x002E, 3 }, // .
    { 0x002F, 5 }, // /
    { 0x003A, 6 }, // :
    { 0x0041, 7 }, // A
    { 0x0042, 8 }, // B
    { 0x0043, 9 }, // C
    { 0x0044, 10 }, // D
    { 0x0046, 11 }, // F
    { 0x0048, 12 }, // H
    { 0x0049, 12 }, // I
    { 0x004A, 13 }, // J
    { 0x004D, 14 }, // M
    { 0x004F, 10 }, // O
    { 0x0050, 15 }, // P
    { 0x0051, 10 }, // Q
    { 0x0053, 16 }, // S
    { 0x0054, 17 }, // T
    { 0x0055, 18 }, // U
    { 0x0056, 19 }, // V
    { 0x0057, 19 }, // W
    { 0x0058, 20 }, // X
    { 0x0059, 21 }, // Y
    { 0x005C, 22 }, // <backslash>
    { 0x0061, 23 }, // a
    { 0x0062, 24 }, // b
    { 0x0063, 25 }, // c
    { 0x0064, 26 }, // d
    { 0x0065, 27 }, // e
    { 0x0066, 28 }, // f
    { 0x0067, 29 }, // g
    { 0x0068, 30 }, // h
    { 0x0069, 31 }, // i
    { 0x006C, 26 }, // l
    { 0x006D, 32 }, // m
    { 0x006E, 32 }, // n
    { 0x006F, 24 }, // o
    { 0x0070, 24 }, // p
    { 0x0071, 33 }, // q
    { 0x0072, 34 }, // r
    { 0x0073, 35 }, // s
    { 0x0074, 36 }, // t
    { 0x0075, 31 }, // u
    { 0x0076, 37 }, // v
    { 0x0077, 37 }, // w
    { 0x0078, 37 }, // x
    { 0x0079, 37 }, // y
    { 0x00A1, 38 }, // U+00A1
    { 0x00AB, 39 }, // U+00AB
    { 0x00B6, 40 }, // U+00B6
    { 0x00B7, 41 }, // U+00B7
    { 0x00BB, 42 }, // U+00BB
    { 0x00BF, 43 }, // U+00BF
    { 0x00C0, 7 }, // U+00C0
    { 0x00C1, 7 }, // U+00C1
    { 0x00C2, 7 }, // U+00C2
    { 0x00C3, 7 }, // U+00C3
    { 0x00C4, 7 }, // U+00C4
    { 0x00C5, 7 }, // U+00C5
    { 0x00C7, 9 }, // U+00C7
    { 0x00CC, 12 }, // U+00CC
    { 0x00CD, 12 }, // U+00CD
    { 0x00CE, 12 }, // U+00CE
    { 0x00CF, 12 }, // U+00CF
    { 0x00D0, 10 }, // U+00D0
    { 0x00D2, 10 }, // U+00D2
    { 0x00D3, 10 }, // U+00D3
    { 0x00D4, 10 }, // U+00D4
    { 0x00D5, 10 }, // U+00D5
    { 0x00D6, 10 }, // U+00D6
    { 0x00D8, 10 }, // U+00D8
    { 0x00D9, 18 }, // U+00D9
    { 0x00DA, 18 }, // U+00DA
    { 0x00DB, 18 }, // U+00DB
    { 0x00DC, 18 }, // U+00DC
    { 0x00DD, 21 }, // U+00DD
    { 0x00E0, 23 }, // U+00E0
    { 0x00E1, 23 }, // U+00E1
    { 0x00E2, 23 }, // U+00E2
    { 0x00E3, 23 }, // U+00E3
    { 0x00E4, 23 }, // U+00E4
    { 0x00E5, 23 }, // U+00E5
    { 0x00E6, 27 }, // U+00E6
    { 0x00E7, 25 }, // U+00E7
    { 0x00E8, 27 }, // U+00E8
    { 0x00E9, 27 }, // U+00E9
    { 0x00EA, 27 }, // U+00EA
    { 0x00EB, 27 }, // U+00EB
    { 0x00EC, 31 }, // U+00EC
    { 0x00ED, 31 }, // U+00ED
    { 0x00EE, 31 }, // U+00EE
    { 0x00EF, 31 }, // U+00EF
    { 0x00F1, 32 }, // U+00F1
    { 0x00F2, 24 }, // U+00F2
    { 0x00F3, 24 }, // U+00F3
    { 0x00F4, 24 }, // U+00F4
    { 0x00F5, 24 }, // U+00F5
    { 0x00F6, 24 }, // U+00F6
    { 0x00F8, 24 }, // U+00F8
    { 0x00F9, 31 }, // U+00F9
    { 0x00FA, 31 }, // U+00FA
    { 0x00FB, 31 }, // U+00FB
    { 0x00FC, 31 }, // U+00FC
    { 0x00FD, 37 }, // U+00FD
    { 0x00FE, 24 }, // U+00FE
    { 0x00FF, 37 }, // U+00FF
    { 0x0100, 7 }, // U+0100
    { 0x0101, 23 }, // U+0101
    { 0x0102, 7 }, // U+0102
    { 0x0103, 23 }, // U+0103
    { 0x0104, 7 }, // U+0104
    { 0x0105, 23 }, // U+0105
    { 0x0106, 9 }, // U+0106
    { 0x0107, 25 }, // U+0107
    { 0x0108, 9 }, // U+0108
    { 0x0109, 25 }, // U+0109
    { 0x010A, 9 }, // U+010A
    { 0x010B, 25 }, // U+010B
    { 0x010C, 9 }, // U+010C
    { 0x010D, 25 }, // U+010D
    { 0x010E, 10 }, // U+010E
    { 0x0110, 10 }, // U+0110
    { 0x0111, 26 }, // U+0111
    { 0x0113, 27 }, // U+0113
    { 0x0115, 27 }, // U+0115
    { 0x0117, 27 }, // U+0117
    { 0x0119, 27 }, // U+0119
    { 0x011B, 27 }, // U+011B
    { 0x011D, 29 }, // U+011D
    { 0x011F, 29 }, // U+011F
    { 0x0121, 29 }, // U+0121
    { 0x0123, 29 }, // U+0123
    { 0x0124, 12 }, // U+0124
    { 0x0125, 32 }, // U+0125
    { 0x0126, 12 }, // U+0126
    { 0x0127, 32 }, // U+0127
    { 0x0128, 12 }, // U+0128
    { 0x012A, 12 }, // U+012A
    { 0x012C, 12 }, // U+012C
    { 0x012D, 31 }, // U+012D
    { 0x012E, 12 }, // U+012E
    { 0x0130, 12 }, // U+0130
    { 0x0131, 31 }, // U+0131
    { 0x0132, 13 }, // U+0132
    { 0x0134, 13 }, // U+0134
    { 0x013A, 26 }, // U+013A
    { 0x013C, 26 }, // U+013C
    { 0x0142, 26 }, // U+0142
    { 0x0144, 32 }, // U+0144
    { 0x0146, 32 }, // U+0146
    { 0x0148, 32 }, // U+0148
    { 0x0149, 32 }, // U+0149
    { 0x014C, 10 }, // U+014C
    { 0x014D, 24 }, // U+014D
    { 0x014E, 10 }, // U+014E
    { 0x014F, 24 }, // U+014F
    { 0x0150, 10 }, // U+0150
    { 0x0151, 24 }, // U+0151
    { 0x0153, 27 }, // U+0153
    { 0x0155, 34 }, // U+0155
    { 0x0157, 34 }, // U+0157
    { 0x0159, 34 }, // U+0159
    { 0x015A, 16 }, // U+015A
    { 0x015B, 35 }, // U+015B
    { 0x015C, 16 }, // U+015C
    { 0x015D, 35 }, // U+015D
    { 0x015E, 16 }, // U+015E
    { 0x015F, 35 }, // U+015F
    { 0x0160, 16 }, // U+0160
    { 0x0161, 35 }, // U+0161
    { 0x0162, 17 }, // U+0162
    { 0x0163, 36 }, // U+0163
    { 0x0164, 17 }, // U+0164
    { 0x0166, 17 }, // U+0166
    { 0x0167, 36 }, // U+0167
    { 0x0168, 18 }, // U+0168
    { 0x0169, 31 }, // U+0169
    { 0x016A, 18 }, // U+016A
    { 0x016B, 31 }, // U+016B
    { 0x016C, 18 }, // U+016C
    { 0x016D, 31 }, // U+016D
    { 0x016E, 18 }, // U+016E
    { 0x016F, 31 }, // U+016F
    { 0x0170, 18 }, // U+0170
    { 0x0171, 31 }, // U+0171
    { 0x0172, 18 }, // U+0172
    { 0x0173, 31 }, // U+0173
    { 0x0174, 19 }, // U+0174
    { 0x0175, 37 }, // U+0175
    { 0x0176, 21 }, // U+0176
    { 0x0177, 37 }, // U+0177
    { 0x0178, 21 }, // U+0178
    { 0x01A0, 10 }, // U+01A0
    { 0x01AF, 18 }, // U+01AF
    { 0x01C7, 13 }, // U+01C7
    { 0x01CA, 13 }, // U+01CA
    { 0x01CD, 7 }, // U+01CD
    { 0x01CE, 23 }, // U+01CE
    { 0x01CF, 12 }, // U+01CF
    { 0x01D0, 31 }, // U+01D0
    { 0x01D1, 10 }, // U+01D1
    { 0x01D2, 24 }, // U+01D2
    { 0x01D3, 18 }, // U+01D3
    { 0x01D4, 31 }, // U+01D4
    { 0x01D5, 18 }, // U+01D5
    { 0x01D6, 31 }, // U+01D6
    { 0x01D7, 18 }, // U+01D7
    { 0x01D8, 31 }, // U+01D8
    { 0x01D9, 18 }, // U+01D9
    { 0x01DA, 31 }, // U+01DA
    { 0x01DB, 18 }, // U+01DB
    { 0x01DC, 31 }, // U+01DC
    { 0x01DD, 24 }, // U+01DD
    { 0x01DE, 7 }, // U+01DE
    { 0x01DF, 23 }, // U+01DF
    { 0x01E0, 7 }, // U+01E0
    { 0x01E1, 23 }, // U+01E1
    { 0x01E3, 27 }, // U+01E3
    { 0x01E5, 29 }, // U+01E5
    { 0x01E7, 29 }, // U+01E7
    { 0x01EA, 10 }, // U+01EA
    { 0x01EB, 24 }, // U+01EB
    { 0x01EC, 10 }, // U+01EC
    { 0x01ED, 24 }, // U+01ED
    { 0x01EF, 44 }, // U+01EF
    { 0x01F5, 29 }, // U+01F5
    { 0x01F9, 32 }, // U+01F9
    { 0x01FA, 7 }, // U+01FA
    { 0x01FB, 23 }, // U+01FB
    { 0x01FD, 27 }, // U+01FD
    { 0x01FE, 10 }, // U+01FE
    { 0x01FF, 24 }, // U+01FF
    { 0x0200, 7 }, // U+0200
    { 0x0201, 23 }, // U+0201
    { 0x0202, 7 }, // U+0202
    { 0x0203, 23 }, // U+0203
    { 0x0205, 27 }, // U+0205
    { 0x0207, 27 }, // U+0207
    { 0x0208, 12 }, // U+0208
    { 0x0209, 31 }, // U+0209
    { 0x020A, 12 }, // U+020A
    { 0x020B, 31 }, // U+020B
    { 0x020C, 10 }, // U+020C
    { 0x020D, 24 }, // U+020D
    { 0x020E, 10 }, // U+020E
    { 0x020F, 24 }, // U+020F
    { 0x0211, 34 }, // U+0211
    { 0x0213, 34 }, // U+0213
    { 0x0214, 18 }, // U+0214
    { 0x0215, 31 }, // U+0215
    { 0x0216, 18 }, // U+0216
    { 0x0217, 31 }, // U+0217
    { 0x0218, 16 }, // U+0218
    { 0x0219, 35 }, // U+0219
    { 0x021A, 17 }, // U+021A
    { 0x021B, 36 }, // U+021B
    { 0x021E, 12 }, // U+021E
    { 0x021F, 32 }, // U+021F
    { 0x0402, 45 }, // U+0402
    { 0x0403, 46 }, // U+0403
    { 0x0404, 9 }, // U+0404
    { 0x0405, 16 }, // U+0405
    { 0x0406, 12 }, // U+0406
    { 0x0407, 12 }, // U+0407
    { 0x0408, 13 }, // U+0408
    { 0x0409, 47 }, // U+0409
    { 0x040A, 47 }, // U+040A
    { 0x040B, 48 }, // U+040B
    { 0x040C, 49 }, // U+040C
    { 0x040D, 12 }, // U+040D
    { 0x040E, 19 }, // U+040E
    { 0x040F, 12 }, // U+040F
    { 0x0410, 7 }, // U+0410
    { 0x0411, 50 }, // U+0411
    { 0x0412, 8 }, // U+0412
    { 0x0413, 46 }, // U+0413
    { 0x0414, 12 }, // U+0414
    { 0x0416, 49 }, // U+0416
    { 0x0417, 8 }, // U+0417
    { 0x0418, 12 }, // U+0418
    { 0x0419, 12 }, // U+0419
    { 0x041A, 49 }, // U+041A
    { 0x041B, 12 }, // U+041B
    { 0x041C, 14 }, // U+041C
    { 0x041D, 12 }, // U+041D
    { 0x041E, 10 }, // U+041E
    { 0x041F, 12 }, // U+041F
    { 0x0420, 15 }, // U+0420
    { 0x0421, 9 }, // U+0421
    { 0x0422, 17 }, // U+0422
    { 0x0423, 19 }, // U+0423
    { 0x0424, 51 }, // U+0424
    { 0x0425, 20 }, // U+0425
    { 0x0426, 12 }, // U+0426
    { 0x0427, 12 }, // U+0427
    { 0x0428, 12 }, // U+0428
    { 0x0429, 12 }, // U+0429
    { 0x042A, 47 }, // U+042A
    { 0x042B, 12 }, // U+042B
    { 0x042C, 47 }, // U+042C
    { 0x042D, 10 }, // U+042D
    { 0x042E, 10 }, // U+042E
    { 0x042F, 12 }, // U+042F
    { 0x0430, 23 }, // U+0430
    { 0x0431, 52 }, // U+0431
    { 0x0432, 53 }, // U+0432
    { 0x0433, 54 }, // U+0433
    { 0x0434, 55 }, // U+0434
    { 0x0435, 27 }, // U+0435
    { 0x0436, 25 }, // U+0436
    { 0x0437, 53 }, // U+0437
    { 0x0438, 31 }, // U+0438
    { 0x0439, 31 }, // U+0439
    { 0x043A, 56 }, // U+043A
    { 0x043B, 31 }, // U+043B
    { 0x043C, 31 }, // U+043C
    { 0x043D, 31 }, // U+043D
    { 0x043E, 24 }, // U+043E
    { 0x043F, 32 }, // U+043F
    { 0x0440, 24 }, // U+0440
    { 0x0441, 25 }, // U+0441
    { 0x0442, 32 }, // U+0442
    { 0x0443, 37 }, // U+0443
    { 0x0444, 24 }, // U+0444
    { 0x0445, 37 }, // U+0445
    { 0x0446, 31 }, // U+0446
    { 0x0447, 31 }, // U+0447
    { 0x0448, 31 }, // U+0448
    { 0x0449, 31 }, // U+0449
    { 0x044A, 57 }, // U+044A
    { 0x044B, 31 }, // U+044B
    { 0x044C, 57 }, // U+044C
    { 0x044D, 24 }, // U+044D
    { 0x044E, 24 }, // U+044E
    { 0x044F, 31 }, // U+044F
    { 0x0450, 27 }, // U+0450
    { 0x0451, 27 }, // U+0451
    { 0x0452, 30 }, // U+0452
    { 0x0453, 54 }, // U+0453
    { 0x0454, 25 }, // U+0454
    { 0x0455, 35 }, // U+0455
    { 0x0456, 31 }, // U+0456
    { 0x0457, 31 }, // U+0457
    { 0x0459, 57 }, // U+0459
    { 0x045A, 57 }, // U+045A
    { 0x045B, 32 }, // U+045B
    { 0x045C, 56 }, // U+045C
    { 0x045D, 31 }, // U+045D
    { 0x045E, 37 }, // U+045E
    { 0x045F, 31 }, // U+045F
    { 0x0462, 58 }, // U+0462
    { 0x0463, 57 }, // U+0463
    { 0x046A, 59 }, // U+046A
    { 0x046B, 60 }, // U+046B
    { 0x0470, 61 }, // U+0470
    { 0x0472, 10 }, // U+0472
    { 0x0473, 24 }, // U+0473
    { 0x0474, 19 }, // U+0474
    { 0x0475, 62 }, // U+0475
    { 0x0476, 19 }, // U+0476
    { 0x0477, 62 }, // U+0477
    { 0x048A, 12 }, // U+048A
    { 0x048B, 31 }, // U+048B
    { 0x048C, 58 }, // U+048C
    { 0x048D, 57 }, // U+048D
    { 0x048E, 15 }, // U+048E
    { 0x048F, 24 }, // U+048F
    { 0x0490, 63 }, // U+0490
    { 0x0491, 64 }, // U+0491
    { 0x0492, 46 }, // U+0492
    { 0x0493, 54 }, // U+0493
    { 0x0495, 65 }, // U+0495
    { 0x0496, 49 }, // U+0496
    { 0x0497, 25 }, // U+0497
    { 0x0498, 8 }, // U+0498
    { 0x0499, 53 }, // U+0499
    { 0x049A, 49 }, // U+049A
    { 0x049B, 56 }, // U+049B
    { 0x049C, 49 }, // U+049C
    { 0x049D, 56 }, // U+049D
    { 0x049E, 49 }, // U+049E
    { 0x049F, 56 }, // U+049F
    { 0x04A0, 49 }, // U+04A0
    { 0x04A1, 56 }, // U+04A1
    { 0x04A2, 12 }, // U+04A2
    { 0x04A3, 31 }, // U+04A3
    { 0x04A4, 17 }, // U+04A4
    { 0x04A5, 66 }, // U+04A5
    { 0x04A6, 67 }, // U+04A6
    { 0x04A7, 68 }, // U+04A7
    { 0x04A8, 69 }, // U+04A8
    { 0x04A9, 70 }, // U+04A9
    { 0x04AA, 9 }, // U+04AA
    { 0x04AB, 25 }, // U+04AB
    { 0x04AC, 17 }, // U+04AC
    { 0x04AD, 32 }, // U+04AD
    { 0x04AE, 21 }, // U+04AE
    { 0x04AF, 71 }, // U+04AF
    { 0x04B0, 21 }, // U+04B0
    { 0x04B1, 71 }, // U+04B1
    { 0x04B2, 20 }, // U+04B2
    { 0x04B3, 37 }, // U+04B3
    { 0x04B4, 12 }, // U+04B4
    { 0x04B5, 31 }, // U+04B5
    { 0x04B6, 12 }, // U+04B6
    { 0x04B7, 31 }, // U+04B7
    { 0x04B8, 12 }, // U+04B8
    { 0x04B9, 31 }, // U+04B9
    { 0x04BA, 72 }, // U+04BA
    { 0x04BB, 30 }, // U+04BB
    { 0x04BD, 27 }, // U+04BD
    { 0x04BF, 27 }, // U+04BF
    { 0x04C0, 12 }, // U+04C0
    { 0x04C1, 49 }, // U+04C1
    { 0x04C2, 25 }, // U+04C2
    { 0x04C3, 73 }, // U+04C3
    { 0x04C5, 12 }, // U+04C5
    { 0x04C6, 31 }, // U+04C6
    { 0x04C7, 13 }, // U+04C7
    { 0x04C9, 12 }, // U+04C9
    { 0x04CA, 31 }, // U+04CA
    { 0x04CB, 12 }, // U+04CB
    { 0x04CC, 31 }, // U+04CC
    { 0x04CD, 14 }, // U+04CD
    { 0x04CE, 31 }, // U+04CE
    { 0x04D0, 7 }, // U+04D0
    { 0x04D1, 23 }, // U+04D1
    { 0x04D2, 7 }, // U+04D2
    { 0x04D3, 23 }, // U+04D3
    { 0x04D5, 27 }, // U+04D5
    { 0x04D7, 27 }, // U+04D7
    { 0x04D8, 10 }, // U+04D8
    { 0x04D9, 24 }, // U+04D9
    { 0x04DA, 10 }, // U+04DA
    { 0x04DB, 24 }, // U+04DB
    { 0x04DC, 49 }, // U+04DC
    { 0x04DD, 25 }, // U+04DD
    { 0x04DE, 8 }, // U+04DE
    { 0x04DF, 53 }, // U+04DF
    { 0x04E0, 74 }, // U+04E0
    { 0x04E1, 44 }, // U+04E1
    { 0x04E2, 12 }, // U+04E2
    { 0x04E3, 31 }, // U+04E3
    { 0x04E4, 12 }, // U+04E4
    { 0x04E5, 31 }, // U+04E5
    { 0x04E6, 10 }, // U+04E6
    { 0x04E7, 24 }, // U+04E7
    { 0x04E8, 10 }, // U+04E8
    { 0x04E9, 24 }, // U+04E9
    { 0x04EA, 10 }, // U+04EA
    { 0x04EB, 24 }, // U+04EB
    { 0x04EC, 10 }, // U+04EC
    { 0x04ED, 24 }, // U+04ED
    { 0x04EE, 19 }, // U+04EE
    { 0x04EF, 37 }, // U+04EF
    { 0x04F0, 19 }, // U+04F0
    { 0x04F1, 37 }, // U+04F1
    { 0x04F2, 19 }, // U+04F2
    { 0x04F3, 37 }, // U+04F3
    { 0x04F4, 12 }, // U+04F4
    { 0x04F5, 31 }, // U+04F5
    { 0x04F6, 46 }, // U+04F6
    { 0x04F7, 54 }, // U+04F7
    { 0x04F8, 12 }, // U+04F8
    { 0x04F9, 31 }, // U+04F9
    { 0x04FA, 46 }, // U+04FA
    { 0x04FB, 54 }, // U+04FB
    { 0x04FC, 75 }, // U+04FC
    { 0x04FD, 76 }, // U+04FD
    { 0x04FE, 20 }, // U+04FE
    { 0x04FF, 37 }, // U+04FF
    { 0x1EA0, 7 }, // U+1EA0
    { 0x1EA1, 23 }, // U+1EA1
    { 0x1EA2, 7 }, // U+1EA2
    { 0x1EA3, 23 }, // U+1EA3
    { 0x1EA4, 7 }, // U+1EA4
    { 0x1EA5, 23 }, // U+1EA5
    { 0x1EA6, 7 }, // U+1EA6
    { 0x1EA7, 23 }, // U+1EA7
    { 0x1EA8, 7 }, // U+1EA8
    { 0x1EA9, 23 }, // U+1EA9
    { 0x1EAA, 7 }, // U+1EAA
    { 0x1EAB, 23 }, // U+1EAB
    { 0x1EAC, 7 }, // U+1EAC
    { 0x1EAD, 23 }, // U+1EAD
    { 0x1EAE, 7 }, // U+1EAE
    { 0x1EAF, 23 }, // U+1EAF
    { 0x1EB0, 7 }, // U+1EB0
    { 0x1EB1, 23 }, // U+1EB1
    { 0x1EB2, 7 }, // U+1EB2
    { 0x1EB3, 23 }, // U+1EB3
    { 0x1EB4, 7 }, // U+1EB4
    { 0x1EB5, 23 }, // U+1EB5
    { 0x1EB6, 7 }, // U+1EB6
    { 0x1EB7, 23 }, // U+1EB7
    { 0x1EB9, 27 }, // U+1EB9
    { 0x1EBB, 27 }, // U+1EBB
    { 0x1EBD, 27 }, // U+1EBD
    { 0x1EBF, 27 }, // U+1EBF
    { 0x1EC1, 27 }, // U+1EC1
    { 0x1EC3, 27 }, // U+1EC3
    { 0x1EC5, 27 }, // U+1EC5
    { 0x1EC7, 27 }, // U+1EC7
    { 0x1EC8, 12 }, // U+1EC8
    { 0x1EC9, 31 }, // U+1EC9
    { 0x1ECA, 12 }, // U+1ECA
    { 0x1ECB, 31 }, // U+1ECB
    { 0x1ECC, 10 }, // U+1ECC
    { 0x1ECD, 24 }, // U+1ECD
    { 0x1ECE, 10 }, // U+1ECE
    { 0x1ECF, 24 }, // U+1ECF
    { 0x1ED0, 10 }, // U+1ED0
    { 0x1ED1, 24 }, // U+1ED1
    { 0x1ED2, 10 }, // U+1ED2
    { 0x1ED3, 24 }, // U+1ED3
    { 0x1ED4, 10 }, // U+1ED4
    { 0x1ED5, 24 }, // U+1ED5
    { 0x1ED6, 10 }, // U+1ED6
    { 0x1ED7, 24 }, // U+1ED7
    { 0x1ED8, 10 }, // U+1ED8
    { 0x1ED9, 24 }, // U+1ED9
    { 0x1EDA, 10 }, // U+1EDA
    { 0x1EDC, 10 }, // U+1EDC
    { 0x1EDE, 10 }, // U+1EDE
    { 0x1EE0, 10 }, // U+1EE0
    { 0x1EE2, 10 }, // U+1EE2
    { 0x1EE4, 18 }, // U+1EE4
    { 0x1EE5, 31 }, // U+1EE5
    { 0x1EE6, 18 }, // U+1EE6
    { 0x1EE7, 31 }, // U+1EE7
    { 0x1EE8, 18 }, // U+1EE8
    { 0x1EEA, 18 }, // U+1EEA
    { 0x1EEC, 18 }, // U+1EEC
    { 0x1EEE, 18 }, // U+1EEE
    { 0x1EF0, 18 }, // U+1EF0
    { 0x1EF2, 21 }, // U+1EF2
    { 0x1EF3, 37 }, // U+1EF3
    { 0x1EF4, 21 }, // U+1EF4
    { 0x1EF5, 37 }, // U+1EF5
    { 0x1EF6, 21 }, // U+1EF6
    { 0x1EF7, 37 }, // U+1EF7
    { 0x1EF8, 21 }, // U+1EF8
    { 0x1EF9, 37 }, // U+1EF9
    { 0x2018, 77 }, // U+2018
    { 0x2019, 78 }, // U+2019
    { 0x201A, 3 }, // U+201A
    { 0x201C, 77 }, // U+201C
    { 0x201D, 78 }, // U+201D
    { 0x201E, 3 }, // U+201E
    { 0x2022, 79 }, // U+2022
    { 0xFB00, 28 }, // U+FB00
    { 0xFB01, 31 }, // U+FB01
    { 0xFB02, 26 }, // U+FB02
    { 0xFB03, 31 }, // U+FB03
    { 0xFB04, 26 }, // U+FB04
    { 0xFB05, 36 }, // U+FB05
    { 0xFB06, 36 }, // U+FB06
};

static const EpdKernClassEntry ebgaramond_20_italicKernRightClasses[] = {
    { 0x0026, 1 }, // &
    { 0x002A, 2 }, // *
    { 0x002C, 3 }, // ,
    { 0x002D, 4 }, // -
    { 0x002E, 3 }, // .
    { 0x002F, 5 }, // /
    { 0x003A, 6 }, // :
    { 0x003B, 6 }, // ;
    { 0x003F, 7 }, // ?
    { 0x0041, 8 }, // A
    { 0x0042, 9 }, // B
    { 0x0043, 10 }, // C
    { 0x0044, 9 }, // D
    { 0x0045, 9 }, // E
    { 0x0046, 9 }, // F
    { 0x0047, 10 }, // G
    { 0x0048, 9 }, // H
    { 0x0049, 9 }, // I
    { 0x004A, 11 }, // J
    { 0x004B, 9 }, // K
    { 0x004C, 9 }, // L
    { 0x004D, 12 }, // M
    { 0x004E, 9 }, // N
    { 0x004F, 10 }, // O
    { 0x0050, 9 }, // P
    { 0x0051, 10 }, // Q
    { 0x0052, 9 }, // R
    { 0x0053, 13 }, // S
    { 0x0054, 14 }, // T
    { 0x0056, 15 }, // V
    { 0x0057, 15 }, // W
    { 0x0058, 16 }, // X
    { 0x0059, 17 }, // Y
    { 0x005C, 18 }, // <backslash>
    { 0x0061, 19 }, // a
    { 0x0062, 20 }, // b
    { 0x0063, 21 }, // c
    { 0x0064, 21 }, // d
    { 0x0065, 21 }, // e
    { 0x0068, 20 }, // h
    { 0x0069, 22 }, // i
    { 0x006A, 23 }, // j
    { 0x006B, 20 }, // k
    { 0x006C, 20 }, // l
    { 0x006D, 24 }, // m
    { 0x006E, 24 }, // n
    { 0x006F, 21 }, // o
    { 0x0070, 25 }, // p
    { 0x0071, 21 }, // q
    { 0x0072, 24 }, // r
    { 0x0073, 26 }, // s
    { 0x0075, 27 }, // u
    { 0x0078, 28 }, // x
    { 0x0079, 29 }, // y
    { 0x007A, 30 }, // z
    { 0x00AB, 31 }, // U+00AB
    { 0x00B7, 32 }, // U+00B7
    { 0x00BB, 33 }, // U+00BB
    { 0x00C0, 8 }, // U+00C0
    { 0x00C1, 8 }, // U+00C1
    { 0x00C2, 8 }, // U+00C2
    { 0x00C3, 8 }, // U+00C3
    { 0x00C4, 8 }, // U+00C4
    { 0x00C5, 8 }, // U+00C5
    { 0x00C6, 34 }, // U+00C6
    { 0x00C7, 10 }, // U+00C7
    { 0x00C8, 9 }, // U+00C8
    { 0x00C9, 9 }, // U+00C9
    { 0x00CA, 9 }, // U+00CA
    { 0x00CB, 9 }, // U+00CB
    { 0x00CC, 9 }, // U+00CC
    { 0x00CD, 9 }, // U+00CD
    { 0x00CE, 9 }, // U+00CE
    { 0x00CF, 9 }, // U+00CF
    { 0x00D0, 9 }, // U+00D0
    { 0x00D1, 9 }, // U+00D1
    { 0x00D2, 10 }, // U+00D2
    { 0x00D3, 10 }, // U+00D3
    { 0x00D4, 10 }, // U+00D4
    { 0x00D5, 10 }, // U+00D5
    { 0x00D6, 10 }, // U+00D6
    { 0x00D8, 10 }, // U+00D8
    { 0x00DD, 17 }, // U+00DD
    { 0x00DE, 9 }, // U+00DE
    { 0x00E0, 19 }, // U+00E0
    { 0x00E1, 19 }, // U+00E1
    { 0x00E2, 19 }, // U+00E2
    { 0x00E3, 19 }, // U+00E3
    { 0x00E4, 19 }, // U+00E4
    { 0x00E5, 19 }, // U+00E5
    { 0x00E6, 19 }, // U+00E6
    { 0x00E7, 21 }, // U+00E7
    { 0x00E8, 21 }, // U+00E8
    { 0x00E9, 21 }, // U+00E9
    { 0x00EA, 21 }, // U+00EA
    { 0x00EB, 21 }, // U+00EB
    { 0x00EC, 22 }, // U+00EC
    { 0x00ED, 22 }, // U+00ED
    { 0x00EE, 22 }, // U+00EE
    { 0x00EF, 22 }, // U+00EF
    { 0x00F1, 24 }, // U+00F1
    { 0x00F2, 21 }, // U+00F2
    { 0x00F3, 21 }, // U+00F3
    { 0x00F4, 21 }, // U+00F4
    { 0x00F5, 21 }, // U+00F5
    { 0x00F6, 21 }, // U+00F6
    { 0x00F8, 21 }, // U+00F8
    { 0x00F9, 27 }, // U+00F9
    { 0x00FA, 27 }, // U+00FA
    { 0x00FB, 27 }, // U+00FB
    { 0x00FC, 27 }, // U+00FC
    { 0x00FD, 29 }, // U+00FD
    { 0x00FE, 20 }, // U+00FE
    { 0x00FF, 29 }, // U+00FF
    { 0x0100, 8 }, // U+0100
    { 0x0101, 19 }, // U+0101
    { 0x0102, 8 }, // U+0102
    { 0x0103, 19 }, // U+0103
    { 0x0104, 8 }, // U+0104
    { 0x0105, 19 }, // U+0105
    { 0x0106, 10 }, // U+0106
    { 0x0107, 21 }, // U+0107
    { 0x0108, 10 }, // U+0108
    { 0x0109, 21 }, // U+0109
    { 0x010A, 10 }, // U+010A
    { 0x010B, 21 }, // U+010B
    { 0x010C, 10 }, // U+010C
    { 0x010D, 21 }, // U+010D
    { 0x010E, 9 }, // U+010E
    { 0x010F, 21 }, // U+010F
    { 0x0110, 9 }, // U+0110
    { 0x0111, 21 }, // U+0111
    { 0x0112, 9 }, // U+0112
    { 0x0113, 21 }, // U+0113
    { 0x0114, 9 }, // U+0114
    { 0x0115, 21 }, // U+0115
    { 0x0116, 9 }, // U+0116
    { 0x0117, 21 }, // U+0117
    { 0x0118, 9 }, // U+0118
    { 0x0119, 21 }, // U+0119
    { 0x011A, 9 }, // U+011A
    { 0x011B, 21 }, // U+011B
    { 0x011C, 10 }, // U+011C
    { 0x011E, 10 }, // U+011E
    { 0x0120, 10 }, // U+0120
    { 0x0122, 10 }, // U+0122
    { 0x0124, 9 }, // U+0124
    { 0x0125, 20 }, // U+0125
    { 0x0126, 9 }, // U+0126
    { 0x0127, 20 }, // U+0127
    { 0x0128, 9 }, // U+0128
    { 0x0129, 22 }, // U+0129
    { 0x012A, 9 }, // U+012A
    { 0x012B, 22 }, // U+012B
    { 0x012C, 9 }, // U+012C
    { 0x012D, 22 }, // U+012D
    { 0x012E, 9 }, // U+012E
    { 0x012F, 22 }, // U+012F
    { 0x0130, 9 }, // U+0130
    { 0x0131, 24 }, // U+0131
    { 0x0132, 9 }, // U+0132
    { 0x0133, 22 }, // U+0133
    { 0x0134, 11 }, // U+0134
    { 0x0135, 23 }, // U+0135
    { 0x0136, 9 }, // U+0136
    { 0x0137, 20 }, // U+0137
    { 0x0138, 24 }, // U+0138
    { 0x0139, 9 }, // U+0139
    { 0x013A, 20 }, // U+013A
    { 0x013B, 9 }, // U+013B
    { 0x013C, 20 }, // U+013C
    { 0x013D, 9 }, // U+013D
    { 0x013E, 20 }, // U+013E
    { 0x013F, 9 }, // U+013F
    { 0x0140, 20 }, // U+0140
    { 0x0141, 9 }, // U+0141
    { 0x0142, 20 }, // U+0142
    { 0x0143, 9 }, // U+0143
    { 0x0144, 24 }, // U+0144
    { 0x0145, 9 }, // U+0145
    { 0x0146, 24 }, // U+0146
    { 0x0147, 9 }, // U+0147
    { 0x0148, 24 }, // U+0148
    { 0x0149, 24 }, // U+0149
    { 0x014A, 9 }, // U+014A
    { 0x014B, 24 }, // U+014B
    { 0x014C, 10 }, // U+014C
    { 0x014D, 21 }, // U+014D
    { 0x014E, 10 }, // U+014E
    { 0x014F, 21 }, // U+014F
    { 0x0150, 10 }, // U+0150
    { 0x0151, 21 }, // U+0151
    { 0x0152, 10 }, // U+0152
    { 0x0153, 21 }, // U+0153
    { 0x0154, 9 }, // U+0154
    { 0x0155, 24 }, // U+0155
    { 0x0156, 9 }, // U+0156
    { 0x0157, 24 }, // U+0157
    { 0x0158, 9 }, // U+0158
    { 0x0159, 24 }, // U+0159
    { 0x015A, 13 }, // U+015A
    { 0x015B, 26 }, // U+015B
    { 0x015C, 13 }, // U+015C
    { 0x015D, 26 }, // U+015D
    { 0x015E, 13 }, // U+015E
    { 0x015F, 26 }, // U+015F
    { 0x0160, 13 }, // U+0160
    { 0x0161, 26 }, // U+0161
    { 0x0162, 14 }, // U+0162
    { 0x0164, 14 }, // U+0164
    { 0x0166, 14 }, // U+0166
    { 0x0169, 27 }, // U+0169
    { 0x016B, 27 }, // U+016B
    { 0x016D, 27 }, // U+016D
    { 0x016F, 27 }, // U+016F
    { 0x0171, 27 }, // U+0171
    { 0x0173, 27 }, // U+0173
    { 0x0174, 15 }, // U+0174
    { 0x0176, 17 }, // U+0176
    { 0x0177, 29 }, // U+0177
    { 0x0178, 17 }, // U+0178
    { 0x017A, 30 }, // U+017A
    { 0x017C, 30 }, // U+017C
    { 0x017E, 30 }, // U+017E
    { 0x01A0, 10 }, // U+01A0
    { 0x01A1, 21 }, // U+01A1
    { 0x01B0, 27 }, // U+01B0
    { 0x01C4, 9 }, // U+01C4
    { 0x01C5, 9 }, // U+01C5
    { 0x01C6, 21 }, // U+01C6
    { 0x01C7, 9 }, // U+01C7
    { 0x01C8, 9 }, // U+01C8
    { 0x01C9, 20 }, // U+01C9
    { 0x01CA, 9 }, // U+01CA
    { 0x01CB, 9 }, // U+01CB
    { 0x01CC, 24 }, // U+01CC
    { 0x01CD, 8 }, // U+01CD
    { 0x01CE, 19 }, // U+01CE
    { 0x01CF, 9 }, // U+01CF
    { 0x01D0, 22 }, // U+01D0
    { 0x01D1, 10 }, // U+01D1
    { 0x01D2, 21 }, // U+01D2
    { 0x01D4, 27 }, // U+01D4
    { 0x01D6, 27 }, // U+01D6
    { 0x01D8, 27 }, // U+01D8
    { 0x01DA, 27 }, // U+01DA
    { 0x01DC, 27 }, // U+01DC
    { 0x01DD, 35 }, // U+01DD
    { 0x01DE, 8 }, // U+01DE
    { 0x01DF, 19 }, // U+01DF
    { 0x01E0, 8 }, // U+01E0
    { 0x01E1, 19 }, // U+01E1
    { 0x01E2, 34 }, // U+01E2
    { 0x01E3, 19 }, // U+01E3
    { 0x01E4, 10 }, // U+01E4
    { 0x01E6, 10 }, // U+01E6
    { 0x01E8, 9 }, // U+01E8
    { 0x01E9, 20 }, // U+01E9
    { 0x01EA, 10 }, // U+01EA
    { 0x01EB, 21 }, // U+01EB
    { 0x01EC, 10 }, // U+01EC
    { 0x01ED, 21 }, // U+01ED
    { 0x01EF, 30 }, // U+01EF
    { 0x01F0, 23 }, // U+01F0
    { 0x01F1, 9 }, // U+01F1
    { 0x01F2, 9 }, // U+01F2
    { 0x01F3, 21 }, // U+01F3
    { 0x01F4, 10 }, // U+01F4
    { 0x01F6, 9 }, // U+01F6
    { 0x01F8, 9 }, // U+01F8
    { 0x01F9, 24 }, // U+01F9
    { 0x01FA, 8 }, // U+01FA
    { 0x01FB, 19 }, // U+01FB
    { 0x01FC, 34 }, // U+01FC
    { 0x01FD, 19 }, // U+01FD
    { 0x01FE, 10 }, // U+01FE
    { 0x01FF, 21 }, // U+01FF
    { 0x0200, 8 }, // U+0200
    { 0x0201, 19 }, // U+0201
    { 0x0202, 8 }, // U+0202
    { 0x0203, 19 }, // U+0203
    { 0x0204, 9 }, // U+0204
    { 0x0205, 21 }, // U+0205
    { 0x0206, 9 }, // U+0206
    { 0x0207, 21 }, // U+0207
    { 0x0208, 9 }, // U+0208
    { 0x0209, 22 }, // U+0209
    { 0x020A, 9 }, // U+020A
    { 0x020B, 24 }, // U+020B
    { 0x020C, 10 }, // U+020C
    { 0x020D, 21 }, // U+020D
    { 0x020E, 10 }, // U+020E
    { 0x020F, 21 }, // U+020F
    { 0x0210, 9 }, // U+0210
    { 0x0211, 24 }, // U+0211
    { 0x0212, 9 }, // U+0212
    { 0x0213, 24 }, // U+0213
    { 0x0215, 27 }, // U+0215
    { 0x0217, 27 }, // U+0217
    { 0x0218, 13 }, // U+0218
    { 0x0219, 26 }, // U+0219
    { 0x021A, 14 }, // U+021A
    { 0x021E, 9 }, // U+021E
    { 0x021F, 20 }, // U+021F
    { 0x0400, 9 }, // U+0400
    { 0x0401, 9 }, // U+0401
    { 0x0402, 36 }, // U+0402
    { 0x0403, 9 }, // U+0403
    { 0x0404, 10 }, // U+0404
    { 0x0405, 13 }, // U+0405
    { 0x0406, 9 }, // U+0406
    { 0x0407, 9 }, // U+0407
    { 0x0408, 11 }, // U+0408
    { 0x0409, 37 }, // U+0409
    { 0x040A, 9 }, // U+040A
    { 0x040B, 36 }, // U+040B
    { 0x040C, 9 }, // U+040C
    { 0x040D, 9 }, // U+040D
    { 0x040E, 38 }, // U+040E
    { 0x040F, 9 }, // U+040F
    { 0x0410, 8 }, // U+0410
    { 0x0411, 9 }, // U+0411
    { 0x0412, 9 }, // U+0412
    { 0x0413, 9 }, // U+0413
    { 0x0414, 37 }, // U+0414
    { 0x0415, 9 }, // U+0415
    { 0x0416, 39 }, // U+0416
    { 0x0417, 40 }, // U+0417
    { 0x0418, 9 }, // U+0418
    { 0x0419, 9 }, // U+0419
    { 0x041A, 9 }, // U+041A
    { 0x041B, 37 }, // U+041B
    { 0x041C, 12 }, // U+041C
    { 0x041D, 9 }, // U+041D
    { 0x041E, 10 }, // U+041E
    { 0x041F, 9 }, // U+041F
    { 0x0420, 9 }, // U+0420
    { 0x0421, 10 }, // U+0421
    { 0x0422, 14 }, // U+0422
    { 0x0423, 38 }, // U+0423
    { 0x0424, 41 }, // U+0424
    { 0x0425, 16 }, // U+0425
    { 0x0426, 9 }, // U+0426
    { 0x0427, 42 }, // U+0427
    { 0x0428, 9 }, // U+0428
    { 0x0429, 9 }, // U+0429
    { 0x042A, 36 }, // U+042A
    { 0x042B, 9 }, // U+042B
    { 0x042C, 9 }, // U+042C
    { 0x042D, 40 }, // U+042D
    { 0x042E, 9 }, // U+042E
    { 0x042F, 43 }, // U+042F
    { 0x0430, 19 }, // U+0430
    { 0x0431, 44 }, // U+0431
    { 0x0432, 45 }, // U+0432
    { 0x0433, 46 }, // U+0433
    { 0x0434, 47 }, // U+0434
    { 0x0435, 21 }, // U+0435
    { 0x0436, 48 }, // U+0436
    { 0x0437, 49 }, // U+0437
    { 0x0438, 27 }, // U+0438
    { 0x0439, 27 }, // U+0439
    { 0x043A, 24 }, // U+043A
    { 0x043B, 50 }, // U+043B
    { 0x043C, 51 }, // U+043C
    { 0x043D, 24 }, // U+043D
    { 0x043E, 21 }, // U+043E
    { 0x043F, 24 }, // U+043F
    { 0x0440, 25 }, // U+0440
    { 0x0441, 21 }, // U+0441
    { 0x0442, 24 }, // U+0442
    { 0x0443, 29 }, // U+0443
    { 0x0444, 21 }, // U+0444
    { 0x0445, 28 }, // U+0445
    { 0x0446, 27 }, // U+0446
    { 0x0447, 52 }, // U+0447
    { 0x0448, 27 }, // U+0448
    { 0x0449, 27 }, // U+0449
    { 0x044A, 53 }, // U+044A
    { 0x044B, 24 }, // U+044B
    { 0x044C, 24 }, // U+044C
    { 0x044D, 49 }, // U+044D
    { 0x044E, 24 }, // U+044E
    { 0x044F, 54 }, // U+044F
    { 0x0450, 21 }, // U+0450
    { 0x0451, 21 }, // U+0451
    { 0x0452, 20 }, // U+0452
    { 0x0453, 46 }, // U+0453
    { 0x0454, 21 }, // U+0454
    { 0x0455, 26 }, // U+0455
    { 0x0456, 22 }, // U+0456
    { 0x0457, 22 }, // U+0457
    { 0x0458, 23 }, // U+0458
    { 0x0459, 50 }, // U+0459
    { 0x045A, 24 }, // U+045A
    { 0x045B, 20 }, // U+045B
    { 0x045C, 24 }, // U+045C
    { 0x045D, 27 }, // U+045D
    { 0x045E, 29 }, // U+045E
    { 0x045F, 27 }, // U+045F
    { 0x0462, 55 }, // U+0462
    { 0x0463, 24 }, // U+0463
    { 0x046A, 56 }, // U+046A
    { 0x046B, 57 }, // U+046B
    { 0x0470, 58 }, // U+0470
    { 0x0472, 10 }, // U+0472
    { 0x0473, 21 }, // U+0473
    { 0x0474, 15 }, // U+0474
    { 0x0475, 24 }, // U+0475
    { 0x0476, 15 }, // U+0476
    { 0x0477, 24 }, // U+0477
    { 0x048A, 9 }, // U+048A
    { 0x048B, 27 }, // U+048B
    { 0x048D, 59 }, // U+048D
    { 0x048E, 9 }, // U+048E
    { 0x048F, 25 }, // U+048F
    { 0x0490, 9 }, // U+0490
    { 0x0491, 60 }, // U+0491
    { 0x0492, 9 }, // U+0492
    { 0x0493, 46 }, // U+0493
    { 0x0494, 9 }, // U+0494
    { 0x0495, 60 }, // U+0495
    { 0x0496, 39 }, // U+0496
    { 0x0497, 48 }, // U+0497
    { 0x0498, 40 }, // U+0498
    { 0x0499, 49 }, // U+0499
    { 0x049A, 9 }, // U+049A
    { 0x049B, 24 }, // U+049B
    { 0x049C, 9 }, // U+049C
    { 0x049D, 24 }, // U+049D
    { 0x049F, 59 }, // U+049F
    { 0x04A0, 36 }, // U+04A0
    { 0x04A1, 53 }, // U+04A1
    { 0x04A2, 9 }, // U+04A2
    { 0x04A3, 24 }, // U+04A3
    { 0x04A4, 9 }, // U+04A4
    { 0x04A5, 24 }, // U+04A5
    { 0x04A6, 9 }, // U+04A6
    { 0x04A7, 24 }, // U+04A7
    { 0x04A8, 10 }, // U+04A8
    { 0x04A9, 21 }, // U+04A9
    { 0x04AA, 10 }, // U+04AA
    { 0x04AB, 21 }, // U+04AB
    { 0x04AC, 14 }, // U+04AC
    { 0x04AD, 24 }, // U+04AD
    { 0x04AE, 17 }, // U+04AE
    { 0x04AF, 61 }, // U+04AF
    { 0x04B0, 17 }, // U+04B0
    { 0x04B1, 61 }, // U+04B1
    { 0x04B2, 16 }, // U+04B2
    { 0x04B3, 28 }, // U+04B3
    { 0x04B4, 36 }, // U+04B4
    { 0x04B5, 27 }, // U+04B5
    { 0x04B6, 42 }, // U+04B6
    { 0x04B7, 52 }, // U+04B7
    { 0x04B8, 42 }, // U+04B8
    { 0x04B9, 52 }, // U+04B9
    { 0x04BA, 9 }, // U+04BA
    { 0x04BB, 20 }, // U+04BB
    { 0x04BC, 62 }, // U+04BC
    { 0x04BD, 63 }, // U+04BD
    { 0x04BE, 62 }, // U+04BE
    { 0x04BF, 63 }, // U+04BF
    { 0x04C0, 9 }, // U+04C0
    { 0x04C1, 39 }, // U+04C1
    { 0x04C2, 48 }, // U+04C2
    { 0x04C3, 9 }, // U+04C3
    { 0x04C4, 24 }, // U+04C4
    { 0x04C5, 37 }, // U+04C5
    { 0x04C6, 50 }, // U+04C6
    { 0x04C7, 9 }, // U+04C7
    { 0x04C8, 24 }, // U+04C8
    { 0x04C9, 9 }, // U+04C9
    { 0x04CA, 24 }, // U+04CA
    { 0x04CB, 42 }, // U+04CB
    { 0x04CC, 52 }, // U+04CC
    { 0x04CD, 12 }, // U+04CD
    { 0x04CE, 51 }, // U+04CE
    { 0x04D0, 8 }, // U+04D0
    { 0x04D1, 19 }, // U+04D1
    { 0x04D2, 8 }, // U+04D2
    { 0x04D3, 19 }, // U+04D3
    { 0x04D4, 34 }, // U+04D4
    { 0x04D5, 19 }, // U+04D5
    { 0x04D6, 9 }, // U+04D6
    { 0x04D7, 21 }, // U+04D7
    { 0x04D8, 64 }, // U+04D8
    { 0x04D9, 35 }, // U+04D9
    { 0x04DA, 64 }, // U+04DA
    { 0x04DB, 35 }, // U+04DB
    { 0x04DC, 39 }, // U+04DC
    { 0x04DD, 48 }, // U+04DD
    { 0x04DE, 40 }, // U+04DE
    { 0x04DF, 49 }, // U+04DF
    { 0x04E0, 40 }, // U+04E0
    { 0x04E1, 30 }, // U+04E1
    { 0x04E2, 9 }, // U+04E2
    { 0x04E3, 27 }, // U+04E3
    { 0x04E4, 9 }, // U+04E4
    { 0x04E5, 27 }, // U+04E5
    { 0x04E6, 10 }, // U+04E6
    { 0x04E7, 21 }, // U+04E7
    { 0x04E8, 10 }, // U+04E8
    { 0x04E9, 21 }, // U+04E9
    { 0x04EA, 10 }, // U+04EA
    { 0x04EB, 21 }, // U+04EB
    { 0x04EC, 40 }, // U+04EC
    { 0x04ED, 49 }, // U+04ED
    { 0x04EE, 38 }, // U+04EE
    { 0x04EF, 29 }, // U+04EF
    { 0x04F0, 38 }, // U+04F0
    { 0x04F1, 29 }, // U+04F1
    { 0x04F2, 38 }, // U+04F2
    { 0x04F3, 29 }, // U+04F3
    { 0x04F4, 42 }, // U+04F4
    { 0x04F5, 52 }, // U+04F5
    { 0x04F6, 9 }, // U+04F6
    { 0x04F7, 46 }, // U+04F7
    { 0x04F8, 9 }, // U+04F8
    { 0x04F9, 24 }, // U+04F9
    { 0x04FA, 11 }, // U+04FA
    { 0x04FB, 46 }, // U+04FB
    { 0x04FC, 16 }, // U+04FC
    { 0x04FD, 28 }, // U+04FD
    { 0x04FE, 16 }, // U+04FE
    { 0x04FF, 28 }, // U+04FF
    { 0x1EA0, 8 }, // U+1EA0
    { 0x1EA1, 19 }, // U+1EA1
    { 0x1EA2, 8 }, // U+1EA2
    { 0x1EA3, 19 }, // U+1EA3
    { 0x1EA4, 8 }, // U+1EA4
    { 0x1EA5, 19 }, // U+1EA5
    { 0x1EA6, 8 }, // U+1EA6
    { 0x1EA7, 19 }, // U+1EA7
    { 0x1EA8, 8 }, // U+1EA8
    { 0x1EA9, 19 }, // U+1EA9
    { 0x1EAA, 8 }, // U+1EAA
    { 0x1EAB, 19 }, // U+1EAB
    { 0x1EAC, 8 }, // U+1EAC
    { 0x1EAD, 19 }, // U+1EAD
    { 0x1EAE, 8 }, // U+1EAE
    { 0x1EAF, 19 }, // U+1EAF
    { 0x1EB0, 8 }, // U+1EB0
    { 0x1EB1, 19 }, // U+1EB1
    { 0x1EB2, 8 }, // U+1EB2
    { 0x1EB3, 19 }, // U+1EB3
    { 0x1EB4, 8 }, // U+1EB4
    { 0x1EB5, 19 }, // U+1EB5
    { 0x1EB6, 8 }, // U+1EB6
    { 0x1EB7, 19 }, // U+1EB7
    { 0x1EB8, 9 }, // U+1EB8
    { 0x1EB9, 21 }, // U+1EB9
    { 0x1EBA, 9 }, // U+1EBA
    { 0x1EBB, 21 }, // U+1EBB
    { 0x1EBC, 9 }, // U+1EBC
    { 0x1EBD, 21 }, // U+1EBD
    { 0x1EBE, 9 }, // U+1EBE
    { 0x1EBF, 21 }, // U+1EBF
    { 0x1EC0, 9 }, // U+1EC0
    { 0x1EC1, 21 }, // U+1EC1
    { 0x1EC2, 9 }, // U+1EC2
    { 0x1EC3, 21 }, // U+1EC3
    { 0x1EC4, 9 }, // U+1EC4
    { 0x1EC5, 21 }, // U+1EC5
    { 0x1EC6, 9 }, // U+1EC6
    { 0x1EC7, 21 }, // U+1EC7
    { 0x1EC8, 9 }, // U+1EC8
    { 0x1EC9, 22 }, // U+1EC9
    { 0x1ECA, 9 }, // U+1ECA
    { 0x1ECB, 22 }, // U+1ECB
    { 0x1ECC, 10 }, // U+1ECC
    { 0x1ECD, 21 }, // U+1ECD
    { 0x1ECE, 10 }, // U+1ECE
    { 0x1ECF, 21 }, // U+1ECF
    { 0x1ED0, 10 }, // U+1ED0
    { 0x1ED1, 21 }, // U+1ED1
    { 0x1ED2, 10 }, // U+1ED2
    { 0x1ED3, 21 }, // U+1ED3
    { 0x1ED4, 10 }, // U+1ED4
    { 0x1ED5, 21 }, // U+1ED5
    { 0x1ED6, 10 }, // U+1ED6
    { 0x1ED7, 21 }, // U+1ED7
    { 0x1ED8, 10 }, // U+1ED8
    { 0x1ED9, 21 }, // U+1ED9
    { 0x1EDA, 10 }, // U+1EDA
    { 0x1EDB, 21 }, // U+1EDB
    { 0x1EDC, 10 }, // U+1EDC
    { 0x1EDD, 21 }, // U+1EDD
    { 0x1EDE, 10 }, // U+1EDE
    { 0x1EDF, 21 }, // U+1EDF
    { 0x1EE0, 10 }, // U+1EE0
    { 0x1EE1, 21 }, // U+1EE1
    { 0x1EE2, 10 }, // U+1EE2
    { 0x1EE3, 21 }, // U+1EE3
    { 0x1EE5, 27 }, // U+1EE5
    { 0x1EE7, 27 }, // U+1EE7
    { 0x1EE9, 27 }, // U+1EE9
    { 0x1EEB, 27 }, // U+1EEB
    { 0x1EED, 27 }, // U+1EED
    { 0x1EEF, 27 }, // U+1EEF
    { 0x1EF1, 27 }, // U+1EF1
    { 0x1EF2, 17 }, // U+1EF2
    { 0x1EF3, 29 }, // U+1EF3
    { 0x1EF4, 17 }, // U+1EF4
    { 0x1EF5, 29 }, // U+1EF5
    { 0x1EF6, 17 }, // U+1EF6
    { 0x1EF7, 29 }, // U+1EF7
    { 0x1EF8, 17 }, // U+1EF8
    { 0x1EF9, 29 }, // U+1EF9
    { 0x2018, 65 }, // U+2018
    { 0x2019, 66 }, // U+2019
    { 0x201A, 3 }, // U+201A
    { 0x201C, 65 }, // U+201C
    { 0x201D, 67 }, // U+201D
    { 0x201E, 3 }, // U+201E
    { 0x2022, 68 }, // U+2022
    { 0x203D, 7 }, // U+203D
    { 0x2047, 7 }, // U+2047
    { 0x2048, 7 }, // U+2048
    { 0xFB06, 26 }, // U+FB06
};

static const int8_t ebgaramond_20_italicKernMatrix[] = {
       0,    0,    0,    0,    0,    0,    0,  -23,    0,    0,    0,    0,    0,    0,    0,    0,    0,    0,    0,    0,    0,    0,    0,    0,    0,    0,    0,    0,    0,    0,    0,    0,    0,    0,    0,    0,    0,    0,    0,    0,    0,    0,    0,    0,    0,    0,    0,    0,    0,    0,    0,    0,    0,    0,    0,    0,    0,    0,    0,    0,    0,    0,    0,    0,    0,    0,    0,    0,
       0,    0,    0,    0,    0,    0,    0,  -53,    0,    0,    0,    0,    0,    0,    0,    0,    0,    0,    0,    0,    0,    0,    0,    0,    0,    0,    0,    0,    0,    0,    0,    0,    0,    0,    0,    0,  -47,    0,    0,    0,    0,    0,    0,    0,    0,    0,    0,    0,    0,  -47,    0,    0,    0,    0,    0,    0,    0,    0,    0,    0,    0,    0,    0,    0,    0,    0,    0,    0,
       0,    0,    0,    0,    0,    0,    0,    0,    0,  -37,    0,    0,    0,  -60,  -67,    0,  -60,    0,    0,    0,    0,    0,    0,  -17,  -13,    0,    0,    0,  -47,  -13,    0,    0,    0,    0,    0,  -40,    0,  -23,    0,    0,  -53, -107,    0,    0,    0,    0,    0,    0,    0,    0,    0,    0,  -20,    0,    0,    0,    0,    0,    0,    0,  -40, -100,  -47,    0,    0,    0,    0,    0,
       0,    0,    0,    0,    0,    0,    0,    0,    0,    0,    0,    0,    0,    0,  -23,    0,  -53,    0,    0,    0,    0,    0,    0,    0,    0,    0,    0,    0,    0,    0,    0,    0,    0,    0,    0,  -43,    0,    0,    0,    0,    0,  -53,    0,    0,    0,    0,    0,    0,    0,    0,    0,    0,    0,    0,    0,    0,  -53,    0,    0,    0,    0,    0,    0,    0,    0,    0,    0,    0,
       0,    0,    0,    0,    0,    0,    0,  -47,    0,    0,    0,    0,    0,    0,    0,    0,    0,    0,    0,    0,  -17,    0,    0,   -7,    0,    0,    0,    0,    0,    0,    0,    0,    0,    0,    0,    0,    0,    0,    0,    0,    0,    0,    0,    0,  -17,    0,  -17,    0,    0,  -47,    0,    0,    0,    0,    0,    0,    0,    0,    0,    0,    0,    0,    0,    0,    0,    0,    0,    0,
       0,    0,    0,    0,    0,    0,    0,    0,    0,    0,    0,    0,    0,  -47,  -30,    0,  -27,    0,    0,    0,    0,    0,    0,    0,    0,    0,    0,    0,    0,    0,    0,    0,    0,    0,    0,    0,    0,  -13,    0,    0,    0,    0,    0,    0,    0,    0,    0,    0,    0,    0,    0,    0,    0,    0,    0,    0,    0,    0,    0,    0,    0,    0,    0,    0,    0,    0,    0,    0,
     -33,    0,    0,    0,    0,    0,    0,    0,    0,  -17,    0,    0,    0,   -7,  -33,    0,  -30,  -60,  -10,    0,  -23,    0,    0,  -13,  -10,    0,    0,    0,  -37,  -17,  -20,    0,  -47,    0,  -13,  -23,    0,  -20,    0,  -17,  -13,  -30,    0,  -30,    0,    0,  -23,    0,  -13,    0,    0,  -23,  -23,    0,  -13,    0,    0,  -33,  -37,    0,  -40,  -30,  -33,    0,  -53,  -23,  -23,    0,
       0,    0,    0,    0,    0,    0,    0,    0,    0,    0,    0,    0,    0,  -17,  -33,    0,    0,  -23,    0,    0,    0,    0,    0,    0,    0,    0,    0,    0,    0,    0,    0,    0,    0,    0,    0,    0,  -10,  -17,    0,    0,    0,  -30,    0,    0,    0,    0,    0,    0,    0,    0,    0,    0,    0,    0,    0,    0,    0,    0,    0,    0,    0,  -23,    0,    0,    0,    0,    0,    0,
       0,    0,    0,    0,    0,    0,    0,    0,    0,    0,    0,    0,    0,    0,  -30,    0,  -10,    0,    0,    0,    0,    0,    0,    0,    0,    0,    0,    0,  -20,    0,    0,    0,    0,    0,    0,    0,    0,    0,    0,    0,    0,    0,    0,    0,    0,    0,    0,    0,    0,    0,    0,    0,  -30,    0,    0,    0,    0,    0,    0,    0,    0,    0,  -30,    0,    0,    0,    0,    0,
       0,    0,    0,    0,    0,    0,    0,  -20,    0,    0,    0,    0,    0,  -20,  -30,  -23,  -47,  -30,    0,    0,    0,    0,    0,    0,    0,    0,    0,    0,    0,    0,    0,    0,    0,    0,    0,  -10,  -10,  -33,  -23,    0,    0,  -30,    0,    0,    0,    0,    0,    0,    0,  -13,    0,   20,   20,    0,    0,  -17,    0,  -23,    0,    0,    0,  -20,    0,    0,  -27,  -23,  -23,    0,
       0,    0,    0,    0,    0,    0,    0,    0,    0,    0,    0,    0,    0,    0,    0,    0,    0,    0,  -23,    0,    0,    0,    0,    0,    0,    0,    0,    0,    0,    0,    0,    0,    0,    0,    0,    0,    0,    0,    0,    0,    0,    0,    0,    0,    0,    0,    0,    0,    0,    0,    0,    0,    0,    0,    0,    0,    0,    0,    0,    0,    0,    0,    0,    0,    0,    0,    0,    0,
       0,    0,    0,    0,    0,    0,    0,    0,    0,    0,    0,    0,    0,    0,    0,    0,    0,    0,    0,    0,    0,    0,    0,    0,    0,    0,    0,    0,    0,    0,    0,    0,    0,    0,    0,    0,    0,    0,    0,    0,    0,    0,    0,    0,    0,    0,    0,    0,    0,    0,    0,    0,    0,    0,    0,    0,    0,    0,    0,    0,    0,    0,  -13,    0,    0,    0,    0,    0,
       0,    0,    0,    0,    0,    0,    0,    0,    0,    0,    0,    0,   10,    0,    0,    0,    0,    0,    0,    0,    0,    0,    0,    0,    0,    0,    0,    0,    0,    0,    0,    0,    0,    0,    0,    0,    0,    0,    0,    0,    0,    0,    0,    0,    0,    0,    0,    0,    0,    0,    0,    0,    0,    0,    0,    0,    0,    0,    0,    0,    0,    0,    0,    0,    0,    0,    0,    0,
       0,    0,    0,    0,    0,    0,    0,    0,    0,    0,    0,    0,    0,    0,    0,    0,    0,    0,    0,    0,    0,    0,    0,    0,    0,    0,    0,    0,    0,    0,    0,    0,    0,    0,    0,    0,    0,    0,    0,    0,    0,  -20,    0,    0,    0,    0,    0,    0,    0,    0,    0,    0,    0,    0,    0,    0,    0,    0,  -17,    0,    0,    0,  -17,    0,    0,    0,    0,    0,
       0,    0,  -27,    0,    0,    0,    0,  -27,    0,    0,    0,    0,    0,    0,  -17,    0,  -23,    0,  -30,    0,    0,    0,    0,    0,    0,    0,    0,    0,    0,    0,    0,    0,    0,    0,    0,   17,  -30,    0,    0,    0,    0,    0,  -30,    0,    0,    0,    0,    0,   20,  -40,  -13,    0,    0,    0,    0,  -10,    0,    0,    0,    0,    0,    0,    0,    0,    0,    0,    0,    0,
       0,    0,    0,    0,    0,    0,    0,    0,    0,   -3,    0,    0,    0,    0,  -23,    0,  -13,    0,    0,    0,    0,    0,    0,    0,    0,    0,    0,    0,    0,    0,    0,    0,    0,    0,    0,    0,    0,    0,    0,    0,    0,  -17,    0,    0,    0,    0,    0,    0,    0,    0,    0,    0,    0,    0,    0,    0,    0,    0,    0,    0,    0,    0,    0,    0,    0,    0,    0,    0,
       0,    0,  -40,    0,    0,  -20,    0,  -40,    0,    0,    0,  -10,    0,    0,    0,    0,    0,    0,  -53,    0,  -47,    0,  -40,  -50,  -23,  -27,  -33,  -47,  -40,  -30,  -27,  -40,  -53,    0,  -33,   13,  -17,    0,    0,    0,  -23,    0,  -40,    0,  -47,  -23,  -47,  -40,  -23,  -67,  -47,  -33,  -40,  -40,   27,    0,  -53,    0,    0,  -23,  -43,    0,  -53,    0,    0,    0,    0,    0,
       0,    0,    0,    0,    0,    0,    0,    0,    0,    0,    0,    0,    0,    0,    0,    0,    0,    0,  -10,    0,    0,    0,    0,    0,    0,    0,    0,    0,    0,    0,    0,    0,    0,    0,    0,    0,    0,    0,    0,    0,    0,    0,    0,    0,    0,    0,    0,    0,    0,    0,    0,    0,    0,    0,    0,    0,    0,    0,    0,    0,    0,    0,    0,    0,    0,    0,    0,    0,
       0,    0,  -67,  -37,  -23,  -27,    0,  -97,    0,  -17,    0,    0,    0,    0,    0,    0,    0,    0,  -93,    0,  -73,  -17,  -40,  -60,  -43,  -47,  -63,  -47,  -40,  -53,  -47,  -47,  -60,  -67,  -53,    0,  -23,    0,    0,    0,  -23,    0,  -43,  -33,  -67,  -47,  -73,  -60,  -67,  -80,  -73,  -43,  -40,  -73,    0,    0,  -40,    0,  -10,  -37,  -53,    0,  -53,    0,    0,    0,    0,  -23,
       0,    0,    0,    0,    0,    0,    0,    0,    0,  -30,    0,    0,    0,    0,    0,    0,    0,    0,    0,    0,  -13,    0,    0,  -13,    0,    0,    0,    0,  -47,    0,    0,  -47,    0,    0,    0,    0,    0,    0,    0,    0,  -27,    0,    0,  -33,    0,    0,  -13,    0,    0,    0,    0,  -43,  -33,    0,    0,    0,    0,    0,    0,    0,  -37,    0,  -40,    0,    0,    0,    0,  -47,
       0,    0,  -27,  -47,  -23,    0,   13,  -43,    0,  -13,    0,    0,    0,    0,    0,    0,    0,    0,  -50,    0,  -43,    0,  -33,  -40,  -23,  -30,  -33,  -33,  -23,  -30,  -23,    0,  -60,  -33,  -27,    0,    0,    0,    0,    0,  -13,    0,  -13,  -20,  -40,  -30,  -43,  -23,  -27,  -47,  -30,  -27,  -33,  -47,    0,    0,  -33,    0,    0,  -23,  -30,    0,  -33,    0,    0,    0,    0,    0,
       0,    0,    0,    0,    0,    0,    0,    0,    0,  -30,    0,    0,    0,  -73,  -73,    0,  -67,    0,    0,    0,    0,    0,    0,  -30,    0,    0,    0,    0,    0,    0,    0,    0,    0,    0,    0,  -67,    0,    0,    0,    0,  -30, -107,    0,  -20,    0,    0,    0,    0,    0,    0,    0,  -30,    0,    0,    0,    0,    0,  -60,    0,    0,  -30,  -60,  -23,    0,    0,    0,    0,    0,
       0,  -47,    0,    0,    0,    0,    0,    0,    0,    0,    0,    0,    0,    0,    0,    0,    0,  -80,    0,  -13,    0,  -13,  -13,  -13,   -7,    0,  -10,    0,  -13,  -13,    0,    0,    0,    0,    0,    0,    0,    0,    0,    0,    0,    0,    0,  -10,    0,    0,    0,    0,    0,    0,    0,  -13,  -10,    0,    0,    0,    0,    0,  -40,    0,  -20,    0,  -23,    0,    0,  -53,  -53,    0,
       0,  -33,    0,    0,    0,    0,    0,    0,    0,    0,    0,    0,    0,    0,    0,    0,    0,  -60,    0,  -13,    0,    0,    0,    0,    0,    0,    0,    0,    0,    0,    0,    0,    0,    0,    0,    0,    0,    0,    0,    0,    0,    0,    0,    0,    0,    0,    0,    0,   -7,  -13,    0,    0,   10,    0,    0,    0,  -20,    0,  -27,    0,  -17,    0,    0,    0,    0,  -60,  -30,    0,
       0,    0,    0,    0,    0,    0,    0,    0,    0,    0,    0,    0,    0,    0,    0,    0,    0,  -60,    0,  -13,  -10,    0,    0,    0,    0,    0,    0,    0,    0,    0,    0,    0,    0,    0,    0,    0,    0,    0,    0,    0,    0,    0,    0,    0,    0,    0,  -10,    0,    0,  -13,    0,    0,    0,    0,    0,    0,    0,    0,  -23,    0,    0,    0,    0,    0,    0,    0,    0,    0,
       0,    0,    0,    0,    0,    0,    0,    0,    0,    0,    0,    0,    0,    0,    0,    0,    0,    0,    0,  -10,    0,    0,    0,    0,    0,    0,    0,    0,    0,    0,    0,    0,    0,    0,    0,    0,    0,    0,    0,    0,    0,    0,    0,    0,    0,    0,    0,    0,    0,    0,    0,    0,    0,    0,    0,    0,    0,    0,    0,    0,    0,    0,    0,    0,    0,    0,    0,    0,
       0,    0,    0,    0,    0,    0,    0,    0,    0,    0,    0,    0,    0,    0,    0,    0,    0,  -60,    0,  -17,    0,    0,    0,    0,    0,    0,    0,    0,    0,    0,    0,    0,    0,    0,    0,    0,    0,    0,    0,    0,    0,    0,    0,    0,    0,    0,    0,    0,    0,    0,    0,    0,    0,    0,    0,    0,  -13,    0,  -23,    0,    0,    0,    0,    0,    0,  -23,  -23,    0,
       0,    0,    0,    0,    0,    0,    0,    0,    0,    0,    0,    0,    0,    0,    0,    0,    0,    0,  -30,    0,    0,    0,    0,    0,    0,    0,    0,    0,    0,    0,    0,    0,    0,    0,    0,    0,    0,    0,    0,    0,    0,    0,    0,    0,    0,    0,    0,    0,    0,    0,    0,    0,    0,    0,    0,    0,    0,    0,    0,    0,    0,    0,    0,    0,    0,    0,    0,    0,
       0,    0,    0,    0,    0,    0,    0,    0,    0,    0,    0,    0,    0,    0,    0,    0,    0,    0,  -13,  -17,    0,    0,    0,    0,    0,    0,    0,    0,    0,    0,    0,    0,    0,    0,    0,    0,    0,    0,    0,    0,    0,    0,    0,    0,    0,    0,    0,    0,    0,    0,    0,    0,    0,    0,    0,    0,    0,    0,    0,    0,    0,    0,    0,    0,    0,    0,    0,    0,
       0,    0,    0,    0,    0,    0,    0,    0,    0,    0,    0,    0,    0,    0,    0,    0,    0,  -47,    0,  -10,    0,    0,    0,    0,    0,    0,    0,    0,    0,    0,    0,    0,    0,    0,    0,    0,    0,    0,    0,    0,    0,    0,    0,    0,    0,    0,    0,    0,    0,    0,    0,    0,    0,    0,    0,    0,    0,    0,    0,    0,    0,    0,    0,    0,    0,    0,    0,    0,
       0,    0,    0,    0,    0,    0,    0,    0,    0,    0,    0,    0,    0,    0,    0,    0,    0,  -67,    0,  -17,  -13,    0,  -13,  -10,  -10,    0,    0,    0,  -17,  -10,    0,    0,    0,    0,    0,    0,    0,    0,    0,    0,    0,    0,    0,    0,    0,    0,  -13,    0,    0,    0,    0,   -7,  -10,    0,    0,    0,    0,    0,  -33,    0,  -23,    0,  -23,    0,    0,  -47,  -47,    0,
       0,  -60,    0,    0,    0,    0,    0,    0,    0,    0,    0,    0,    0,    0,    0,    0,    0,  -60,    0,  -13,    0,    0,  -13,  -13,    0,    0,    0,    0,  -13,    0,    0,    0,    0,    0,    0,    0,    0,    0,    0,    0,    0,    0,    0,    0,    0,    0,    0,    0,    0,    0,    0,    0,    0,    0,    0,    0,    0,    0,    0,    0,  -13,    0,  -23,    0,    0,    0,    0,    0,
       0,    0,    0,    0,    0,    0,    0,    0,    0,    0,    0,    0,    0,    0,    0,    0,    0,  -67,    0,  -10,    0,    0,    0,  -13,    0,    0,    0,    0,    0,    0,    0,    0,    0,    0,    0,    0,    0,    0,    0,    0,    0,    0,    0,    0,    0,  -13,    0,    0,    0,    0,    0,    0,    0,    0,    0,    0,    0,    0,  -23,    0,    0,    0,    0,    0,    0,    0,    0,    0,
       0,    0,    0,    0,    0,    0,    0,    0,    0,    0,    0,    0,    0,    0,    0,    0,    0,    0,  -27,    0,    0,    0,    0,    0,    0,    0,    0,    0,    0,    0,    0,    0,    0,    0,    0,    0,    0,    0,    0,    0,    0,    0,    0,    0,    0,    0,    0,    0,    0,    0,    0,    0,    0,    0,    0,    0,    0,    0,    0,    0,    0,    0,    0,    0,    0,    0,    0,    0,
       0,    0,    0,    0,    0,    0,    0,    0,    0,    0,    0,    0,    0,    0,    0,    0,    0,  -60,    0,  -10,    0,    0,    0,    0,    0,    0,    0,    0,    0,    0,    0,    0,    0,    0,    0,    0,    0,    0,    0,    0,    0,    0,    0,    0,    0,    0,    0,    0,    0,    0,    0,    0,    0,    0,    0,    0,    0,    0,    0,    0,    0,    0,    0,    0,    0,    0,    0,    0,
       0,    0,    0,    0,    0,    0,    0,    0,    0,    0,    0,    0,    0,    0,    0,    0,    0,    0,    0,  -13,    0,    0,    0,    0,    0,    0,    0,    0,    0,    0,    0,    0,    0,    0,    0,    0,    0,    0,    0,    0,    0,    0,    0,    0,    0,    0,    0,    0,    0,    0,    0,    0,    0,    0,    0,    0,    0,    0,    0,    0,    0,    0,    0,    0,    0,    0,    0,    0,
       0,    0,    0,    0,    0,    0,    0,    0,    0,    0,    0,    0,    0,    0,    0,    0,    0,  -47,    0,    0,    0,    0,    0,    0,    0,    0,    0,    0,    0,    0,    0,    0,    0,    0,    0,    0,    0,    0,    0,    0,    0,    0,    0,    0,    0,    0,    0,    0,    0,    0,    0,    0,    0,    0,    0,    0,    0,    0,    0,    0,    0,    0,    0,    0,    0,    0,    0,    0,
       0,    0,    0,    0,    0,    0,    0,    0,    0,    0,   27,    0,    0,    0,  -30,    0,  -37,    0,    0,    0,    0,    0,    0,    0,    0,    0,    0,    0,    0,    0,    0,    0,    0,    0,    0,    0,    0,  -17,    0,    0,    0,    0,    0,    0,    0,    0,    0,    0,    0,    0,    0,    0,    0,    0,    0,    0,    0,    0,    0,    0,    0,    0,    0,    0,    0,    0,    0,    0,
       0,    0,    0,    0,    0,    0,    0,    0,    0,    0,    0,    0,    0,  -40,  -40,    0,  -60,    0,    0,    0,    0,    0,    0,    0,    0,    0,    0,    0,    0,    0,    0,    0,    0,    0,    0,  -47,    0,    0,    0,    0,    0,  -53,    0,    0,    0,    0,    0,    0,    0,    0,    0,    0,    0,    0,    0,    0,    0,    0,    0,    0,    0,  -23,    0,    0,    0,    0,    0,    0,
       0,    0,    0,    0,    0,    0,    0,    0,    0,    0,    0,    0,    0,    0,    0,    0,    0,    0,  -23,    0,  -13,    0,    0,    0,    0,    0,    0,    0,    0,    0,    0,    0,    0,    0,    0,    0,    0,    0,    0,    0,    0,    0,    0,    0,    0,    0,  -13,    0,    0,    0,    0,    0,    0,    0,    0,    0,    0,    0,    0,    0,    0,    0,    0,    0,    0,    0,    0,    0,
       0,    0,    0,    0,    0,    0,    0,    0,    0,    0,    0,    0,    0,  -47,  -40,  -30,  -60,    0,    0,    0,    0,    0,    0,    0,    0,    0,    0,    0,    0,    0,    0,    0,    0,    0,    0,  -53,    0,  -40,  -23,    0,    0,  -60,    0,    0,    0,    0,    0,    0,    0,  -20,    0,    0,    0,    0,    0,    0,  -30,    0,    0,    0,    0,  -53,    0,    0,    0,    0,    0,    0,
       0,    0,    0,    0,    0,    0,    0,  -30,  -20,    0,    0,    0,    0,  -73,  -60,    0,  -67,    0,    0,    0,    0,    0,    0,    0,    0,    0,    0,    0,    0,    0,    0,    0,    0,    0,    0,  -73,    0,  -30,    0,    0,    0,  -93,    0,    0,    0,    0,    0,    0,    0,    0,    0,    0,    0,    0,    0,  -13,    0,    0,    0,    0,  -30,  -60,    0,    0,    0,    0,    0,    0,
       0,    0,    0,    0,    0,    0,    0,    0,    0,    0,   47,    0,    0,  -43,  -37,    0,  -53,    0,    0,    0,    0,    0,    0,    0,    0,    0,    0,    0,    0,    0,    0,    0,    0,    0,    0,    0,    0,    0,    0,    0,    0,  -67,    0,    0,    0,    0,    0,    0,    0,    0,    0,    0,    0,    0,    0,    0,    0,    0,    0,    0,    0,  -23,    0,    0,    0,    0,    0,    0,
       0,    0,    0,    0,    0,    0,    0,    0,    0,    0,    0,    0,    0,    0,    0,    0,    0,  -63,    0,  -23,  -17,    0,    0,  -13,    0,    0,    0,    0,    0,    0,    0,    0,    0,    0,    0,    0,    0,    0,    0,    0,    0,    0,    0,    0,    0,    0,  -17,    0,    0,    0,    0,    0,    0,    0,    0,    0,    0,    0,    0,    0,  -13,    0,  -20,    0,    0,    0,    0,    0,
       0,    0,    0,    0,    0,    0,    0,    0,    0,    0,    0,    0,    0,    0,    0,    0,    0,    0,    0,    0,    0,    0,    0,    0,    0,    0,    0,    0,    0,    0,    0,    0,    0,    0,    0,    0,    0,    0,    0,    0,    0,    0,    0,    0,    0,    0,    0,    0,    0,    0,    0,    0,    0,    0,    0,    0,    0,    0,    0,    0,  -17,    0,    0,    0,    0,    0,    0,    0,
       0,    0,  -27,  -37,  -23,  -20,    0,  -63,    0,  -10,    0,    0,    0,    0,    0,    0,    0,    0,  -60,    0,  -60,    0,  -33,  -57,  -33,  -27,  -43,  -40,  -37,  -47,  -60,  -33,  -47,    0,  -60,    0,  -23,    0,    0,    0,  -17,    0,  -30,  -13,  -47,  -40,  -60,  -47,  -37,  -67,  -60,  -47,  -43,  -47,   23,    0,  -60,    0,    0,  -30,  -53,    0,  -47,    0,    0,    0,    0,    0,
       0,  -67,    0,    0,    0,    0,    0,    0,    0,  -17,    0,    0,    0,  -60,  -53,    0,  -60,  -60,    0,    0,    0,    0,    0,    0,    0,    0,    0,    0,  -13,    0,    0,    0,    0,    0,    0,  -43,    0,  -30,    0,    0,    0,  -90,    0,    0,    0,    0,    0,    0,    0,    0,    0,    0,    0,    0,    0,    0,    0,  -60,  -23,    0,  -30,  -60,  -13,    0,  -60,  -73,  -73,  -13,
       0,    0,    0,    0,    0,    0,    0,    0,    0,  -13,    0,    0,    0,    0,  -40,    0,  -40,    0,    0,    0,    0,    0,    0,    0,    0,    0,    0,    0,  -30,    0,    0,    0,    0,    0,    0,  -30,    0,    0,    0,    0,  -23,    0,    0,  -27,    0,    0,    0,    0,    0,    0,    0,    0,    0,    0,    0,    0,    0,    0,    0,    0,  -30,  -30,    0,    0,    0,    0,    0,    0,
       0,    0,    0,    0,    0,    0,    0,    0,    0,  -37,    0,    0,    0,  -13,  -23,    0,    0,    0,    0,    0,  -10,    0,    0,  -13,    0,    0,    0,    0,  -43,  -10,  -23,  -37,    0,    0,    0,    0,    0,    0,    0,    0,  -33,  -23,    0,  -30,    0,    0,  -10,    0,    0,    0,    0,  -53,  -33,    0,    0,    0,    0,    0,    0,    0,  -33,    0,    0,  -20,    0,    0,    0,    0,
       0,    0,    0,    0,    0,    0,    0,    0,    0,    0,    0,    0,    0,    0,    0,    0,    0,  -23,    0,    0,    0,    0,    0,    0,    0,    0,    0,    0,    0,    0,    0,    0,    0,    0,    0,    0,    0,    0,    0,    0,    0,    0,    0,    0,    0,    0,    0,    0,    0,    0,    0,    0,    0,    0,    0,    0,    0,    0,    0,    0,    0,    0,    0,    0,  -13,    0,    0,    0,
       0,    0,  -13,    0,    0,    0,    0,  -13,    0,    0,    0,    0,    0,  -43,  -33,  -23,  -40,    0,    0,    0,    0,    0,    0,    0,    0,    0,    0,    0,    0,    0,    0,    0,    0,    0,    0,  -23,  -23,    0,  -20,    0,    0,  -23,  -23,    0,    0,    0,    0,    0,    0,    0,    0,    0,    0,    0,    0,  -20,    0,    0,    0,    0,    0,  -17,    0,    0,    0,    0,    0,    0,
       0,  -67,    0,    0,    0,    0,    0,    0,    0,    0,    0,    0,    0,    0,    0,    0,    0,  -60,    0,  -13,    0,    0,    0,    0,    0,    0,    0,    0,    0,    0,    0,    0,    0,    0,    0,    0,    0,    0,    0,    0,    0,    0,    0,    0,    0,    0,    0,    0,   -7,  -13,    0,    0,   10,    0,    0,    0,  -20,    0,  -27,    0,  -17,    0,    0,    0,    0,  -60,  -30,    0,
       0,    0,    0,    0,    0,    0,    0,    0,    0,    0,    0,    0,    0,    0,    0,    0,    0,  -80,    0,  -17,    0,    0,    0,    0,    0,    0,    0,    0,    0,    0,    0,    0,    0,    0,    0,    0,    0,    0,    0,    0,    0,    0,    0,    0,    0,    0,    0,    0,    0,    0,    0,    0,    0,    0,    0,    0,    0,    0,  -23,    0,  -10,    0,    0,    0,    0,  -47,  -47,    0,
       0,    0,    0,    0,    0,    0,    0,    0,    0,    0,    0,    0,    0,    0,    0,    0,    0,  -60,    0,  -13,    0,    0,  -13,    0,    0,    0,    0,    0,    0,    0,    0,    0,    0,    0,    0,    0,    0,    0,    0,    0,    0,    0,    0,    0,    0,    0,    0,    0,    0,    0,    0,    0,    0,    0,    0,    0,    0,    0,  -13,    0,    0,    0,    0,    0,    0,  -40,  -40,    0,
       0,    0,    0,    0,    0,    0,    0,    0,    0,    0,    0,    0,    0,    0,    0,    0,    0,  -47,    0,    0,    0,    0,    0,    0,    0,    0,    0,    0,    0,    0,    0,    0,    0,    0,    0,    0,    0,    0,    0,    0,    0,    0,    0,    0,    0,    0,    0,    0,    0,  -23,    0,    0,    0,    0,    0,    0,    0,    0,    0,    0,    0,    0,    0,    0,    0,    0,    0,    0,
       0,    0,    0,    0,    0,    0,    0,    0,    0,    0,    0,    0,    0,    0,    0,    0,    0,  -47,    0,    0,    0,    0,    0,    0,    0,    0,    0,    0,    0,    0,    0,    0,    0,    0,    0,    0,    0,    0,    0,    0,    0,    0,    0,    0,    0,    0,    0,    0,    0,    0,    0,    0,    0,    0,    0,    0,    0,    0,    0,    0,    0,    0,    0,    0,    0,  -20,  -20,    0,
       0,    0,    0,    0,    0,    0,    0,    0,    0,    0,    0,    0,    0,    0,    0,    0,    0,  -67,    0,  -13,    0,  -10,  -10,  -17,  -13,    0,    0,    0,  -20,    0,    0,    0,    0,    0,    0,    0,    0,    0,    0,    0,    0,    0,    0,    0,    0,    0,    0,    0,    0,    0,    0,  -10,  -10,    0,    0,    0,   -7,    0,  -47,    0,  -33,    0,  -20,    0,    0,  -60,  -60,    0,
       0,    0,    0,    0,    0,    0,    0,  -27,    0,  -17,    0,    0,    0,  -53,  -47,    0,  -53,    0,    0,    0,    0,    0,    0,    0,    0,    0,    0,    0,    0,    0,    0,    0,    0,    0,    0,    0,  -13,  -30,    0,    0,    0,  -47,    0,    0,    0,    0,    0,    0,    0,    0,    0,    0,    0,    0,  -27,    0,    0,    0,    0,    0,    0,    0,    0,    0,    0,    0,    0,    0,
       0,    0,    0,    0,    0,    0,    0,    0,    0,  -37,    0,    0,    0,    0,  -17,    0,    0,    0,    0,    0,  -17,    0,    0,    0,    0,    0,    0,    0,  -43,  -37,  -27,    0,    0,    0,    0,  -23,    0,    0,    0,    0,  -33,    0,    0,  -27,    0,    0,  -17,    0,    0,    0,    0,  -50,  -37,    0,  -30,    0,    0,    0,    0,    0,  -30,    0,  -53,  -17,    0,    0,    0,  -53,
       0,    0,    0,  -40,    0,    0,    0,    0,    0,    0,    0,    0,    0,    0,    0,    0,    0,  -60,    0,  -20,  -23,    0,    0,  -10,    0,    0,    0,    0,    0,    0,    0,  -20,    0,    0,  -17,    0,    0,    0,    0,    0,    0,    0,    0,    0,    0,    0,  -23,    0,    0,    0,    0,    0,    0,    0,    0,    0,    0,    0,    0,    0,    0,    0,    0,    0,    0,    0,    0,    0,
       0,    0,    0,    0,  -17,    0,    0,  -60,    0,    0,    0,    0,    0,    0,    0,    0,    0,    0,  -67,    0,  -53,    0,  -33,  -40,  -13,  -27,  -30,  -30,  -17,    0,    0,    0,    0,  -60,  -30,    0,  -30,    0,    0,    0,    0,    0,    0,    0,  -47,  -30,    0,  -37,  -40,  -87,  -40,  -33,  -23,  -60,    0,    0,  -40,    0,    0,  -10,  -23,    0,  -13,    0,    0,    0,    0,    0,
       0,    0,  -23,    0,    0,    0,    0,    0,    0,    0,    0,    0,    0,    0,    0,    0,    0,  -30,    0,    0,  -13,    0,    0,    0,    0,    0,    0,    0,    0,    0,    0,    0,    0,    0,    0,    0,    0,    0,    0,    0,    0,    0,    0,    0,    0,    0,  -13,    0,    0,  -23,    0,    0,    0,    0,    0,    0,    0,    0,    0,    0,    0,    0,    0,    0,    0,    0,    0,    0,
       0,    0,  -27,  -37,  -23,  -20,    0,  -63,    0,  -20,    0,    0,    0,    0,    0,    0,    0,    0,  -60,    0,  -60,    0,  -33,  -57,  -33,  -27,  -43,  -40,  -37,  -47,  -60,  -33,  -47,    0,  -60,    0,  -23,    0,    0,    0,  -33,    0,  -30,  -13,  -47,  -40,  -60,  -47,  -37,  -67,  -60,  -47,  -43,  -47,   23,    0,  -60,    0,    0,  -30,  -53,    0,  -47,    0,    0,    0,    0,    0,
       0,    0,    0,    0,    0,    0,    0,    0,    0,    0,    0,    0,    0,    0,    0,    0,    0,  -33,  -27,    0,  -30,    0,    0,  -10,    0,  -23,    0,    0,    0,    0,    0,    0,    0,    0,    0,    0,    0,    0,    0,    0,    0,    0,    0,    0,    0,    0,  -30,    0,    0,  -53,    0,    0,    0,  -13,    0,    0,    0,    0,    0,    0,    0,    0,    0,    0,    0,    0,    0,    0,
       0,    0,    0,    0,    0,    0,    0,    0,    0,    0,    0,    0,    0,    0,    0,    0,    0,    0,    0,  -20,    0,    0,    0,  -13,    0,    0,    0,    0,    0,    0,    0,    0,    0,    0,    0,    0,    0,    0,    0,    0,    0,    0,    0,    0,    0,    0,    0,    0,    0,    0,    0,    0,    0,    0,    0,    0,    0,    0,    0,    0,  -13,    0,    0,    0,    0,    0,    0,    0,
       0,    0,    0,    0,    0,    0,    0,    0,    0,    0,    0,    0,    0,    0,    0,    0,    0,    0,    0,    0,  -17,    0,    0,    0,    0,    0,    0,    0,    0,    0,    0,    0,    0,    0,    0,    0,    0,    0,    0,    0,    0,    0,    0,    0,    0,    0,  -17,    0,    0,  -23,  -23,    0,    0,  -17,    0,    0,    0,    0,    0,    0,    0,    0,    0,    0,    0,    0,    0,    0,
       0,  -40,   27,    0,    0,    0,    0,    0,    0,    0,    0,    0,   13,  -47,  -30,    0,  -47,  -40,   20,    0,   23,    0,    0,    0,   20,   20,   17,    0,    0,    0,    0,    0,    0,    0,    0,  -27,   17,    0,   20,    0,    0,  -50,    0,    0,   20,   20,   23,   13,    0,    0,   23,   13,   23,    0,    0,    0,   20,  -40,  -17,    0,    0,  -40,    0,   17,  -33,  -43,  -43,    0,
       0,  -73,    0,    0,    0,    0,    0,    0,    0,    0,    0,    0,    0,    0,    0,    0,    0,  -87,    0,  -17,    0,    0,    0,  -17,    0,    0,    0,    0,    0,    0,    0,    0,    0,    0,    0,    0,    0,    0,    0,    0,    0,    0,    0,    0,    0,    0,    0,    0,    0,    0,    0,    0,    0,    0,    0,    0,    0,    0,  -40,    0,  -33,    0,  -23,    0,    0,  -47,  -47,    0,
       0,    0,    0,    0,    0,    0,    0,    0,    0,    0,    0,    0,    0,    0,  -30,    0,  -30,    0,    0,    0,    0,    0,    0,    0,    0,    0,    0,    0,    0,    0,    0,    0,    0,    0,    0,    0,    0,    0,    0,    0,    0,  -27,    0,    0,    0,    0,    0,    0,    0,   13,   13,    0,    0,    0,    0,    0,    0,    0,    0,    0,    0,    0,    0,    0,    0,    0,    0,    0,
       0,  -47,    0,    0,    0,    0,    0,    0,    0,    0,    0,    0,    0,    0,    0,    0,    0,  -80,    0,  -13,  -10,    0,    0,  -13,  -13,    0,    0,    0,  -17,  -17,    0,    0,    0,    0,    0,    0,    0,    0,    0,    0,    0,    0,    0,    0,    0,    0,  -10,    0,    0,    0,    0,  -10,    0,    0,    0,    0,    0,    0,  -33,    0,  -27,    0,  -23,    0,    0,  -73,  -73,    0,
       0,    0,  -30,    0,    0,    0,    0,    0,    0,    0,    0,    0,    0,    0,    0,    0,    0,  -40,    0,  -10,  -13,    0,    0,    0,    0,    0,    0,    0,    0,    0,    0,    0,    0,    0,    0,    0,    0,    0,    0,    0,    0,    0,    0,    0,    0,    0,  -13,    0,    0,  -37,  -20,    0,    0,    0,    0,    0,    0,    0,    0,    0,    0,    0,    0,    0,    0,    0,    0,    0,
       0, -113,    0,    0,    0,    0,    0,    0,    0,  -33,    0,    0,    0,  -73,  -73,    0,  -90,  -93,    0,    0,    0,    0,    0,    0,    0,    0,    0,    0,  -23,    0,    0,    0,    0,    0,    0,  -60,    0,  -40,    0,  -30,  -30, -120,    0,  -33,    0,    0,    0,    0,    0,    0,    0,    0,    0,    0,  -53,    0,    0,  -80,    0,    0,  -30, -107,    0,    0,    0,  -80,  -80,  -53,
       0,    0,    0,    0,    0,    0,    0,    0,    0,  -17,    0,    0,    0,    0,    0,    0,    0,    0,    0,    0,    0,    0,    0,    0,    0,    0,    0,    0,    0,    0,    0,    0,    0,    0,    0,    0,    0,    0,    0,    0,  -20,    0,    0,    0,    0,    0,    0,    0,    0,    0,    0,    0,    0,    0,    0,    0,    0,    0,    0,    0,    0,    0,    0,    0,    0,    0,    0,    0,
       0,    0,    0,    0,    0,    0,    0,    0,    0,  -10,    0,    0,    0,    0,  -17,    0,    0,    0,    0,    0,    0,    0,    0,    0,    0,    0,    0,    0,    0,    0,    0,    0,    0,    0,    0,    0,    0,    0,    0,    0,    0,    0,    0,    0,    0,    0,    0,    0,    0,    0,    0,    0,    0,    0,    0,    0,    0,    0,  -17,    0,    0,    0,    0,    0,    0,    0,    0,    0,
       0,    0,    0,    0,    0,    0,    0,  -13,    0,  -17,    0,    0,    0,    0,    0,    0,    0,    0,  -30,    0,  -40,    0,    0,  -30,  -23,  -23,  -40,  -30,  -33,  -30,    0,    0,    0,    0,  -27,    0,    0,    0,    0,    0,  -23,    0,    0,  -37,  -23,  -37,  -13,    0,  -27,    0,  -13,  -53,  -40,  -23,    0,    0,  -30,    0,  -17,  -23,  -40,    0,  -37,    0,    0,    0,    0,    0,
       0,    0,    0,    0,    0,    0,    0,    0,    0,    0,    0,    0,    0,    0,    0,    0,    0,    0,    0,    0,  -10,    0,    0,    0,    0,    0,    0,    0,    0,    0,    0,    0,    0,    0,    0,    0,    0,    0,    0,    0,    0,    0,    0,    0,    0,    0,  -10,    0,    0,  -13,    0,    0,    0,    0,    0,    0,    0,    0,    0,    0,    0,    0,    0,    0,    0,    0,    0,    0,
       0,    0,    0,    0,    0,    0,    0,  -60,    0,    0,    0,    0,    0,    0,    0,    0,    0,    0,    0,    0,  -17,    0,    0,    0,    0,    0,    0,    0,    0,    0,    0,    0,    0,    0,    0,    0,  -17,    0,    0,    0,    0,    0,  -30,    0,    0,    0,  -17,    0,    0,  -33,    0,    0,    0,    0,    0,    0,    0,    0,    0,    0,    0,    0,    0,    0,    0,    0,    0,    0,
       0,    0,    0,    0,    0,    0,    0,  -67,    0,    0,    0,    0,    0,    0,    0,    0,    0,    0,  -30,    0,    0,    0,    0,    0,    0,    0,    0,    0,    0,    0,    0,    0,    0,    0,    0,    0,  -30,    0,    0,    0,    0,    0,  -43,    0,    0,    0,    0,    0,    0,  -60,    0,    0,    0,    0,    0,    0,    0,    0,    0,    0,    0,    0,    0,    0,    0,    0,    0,    0,
       0,    0,    0,    0,    0,    0,    0,    0,    0,    0,    0,    0,    0,  -47,  -30,  -47,    0,    0,    0,    0,    0,    0,    0,    0,    0,    0,    0,    0,    0,    0,    0,    0,    0,    0,    0,  -40,    0,  -47,    0,    0,    0,    0,  -33,    0,    0,    0,    0,    0,    0,  -40,    0,    0,    0,    0,    0,  -40,    0,    0,    0,    0,    0,    0,    0,    0,    0,    0,    0,    0,
};

static const EpdLigaturePair ebgaramond_20_italicLigaturePairs[] = {
    { 0x00660066, 0xFB00 }, // f f -> U+FB00
    { 0x00660069, 0xFB01 }, // f i -> U+FB01
    { 0x0066006C, 0xFB02 }, // f l -> U+FB02
    { 0xFB000069, 0xFB03 }, // U+FB00 i -> U+FB03
    { 0xFB00006C, 0xFB04 }, // U+FB00 l -> U+FB04
};

static constexpr EpdFontData ebgaramond_20_italic = {
    ebgaramond_20_italicBitmaps,
    ebgaramond_20_italicGlyphs,
    ebgaramond_20_italicIntervals,
    90,
    54,
    42,
    -13,
    true,
    ebgaramond_20_italicGroups,
    18,
    nullptr,
    ebgaramond_20_italicKernLeftClasses,
    ebgaramond_20_italicKernRightClasses,
    ebgaramond_20_italicKernMatrix,
    560,
    620,
    79,
    68,
    ebgaramond_20_italicLigaturePairs,
    5,
};
