/**
 * generated by fontconvert.py
 * name: ebgaramond_18_bold
 * size: 18
 * mode: 2-bit  compressed: true
 * Command used: fontconvert.py ebgaramond_18_bold 18 ../builtinFonts/source/EBGaramond/EBGaramond-Bold.ttf ../builtinFonts/source/ChareInk7/ChareInk7-Bold.ttf ../builtinFonts/source/NotoEmoji/NotoEmoji-Regular.ttf ../builtinFonts/source/NotoSymbols/NotoSansSymbols-Regular.ttf --additional-intervals 0x03BB,0x03BB --additional-intervals 0x0410,0x0414 --additional-intervals 0x0418,0x0418 --additional-intervals 0x041B,0x041B --additional-intervals 0x041D,0x0423 --additional-intervals 0x0425,0x0425 --additional-intervals 0x0427,0x0427 --additional-intervals 0x042B,0x042C --additional-intervals 0x042E,0x0432 --additional-intervals 0x0434,0x0435 --additional-intervals 0x0437,0x0437 --additional-intervals 0x043A,0x043A --additional-intervals 0x043D,0x043E --additional-intervals 0x0440,0x0440 --additional-intervals 0x0442,0x0442 --additional-intervals 0x0446,0x0446 --additional-intervals 0x044C,0x044C --additional-intervals 0x044E,0x044E --additional-intervals 0x2113,0x2113 --additional-intervals 0x2669,0x266F --additional-intervals 0x1F600,0x1F607 --additional-intervals 0x1F609,0x1F614 --additional-intervals 0x1F618,0x1F618 --additional-intervals 0x1F61A,0x1F61A --additional-intervals 0x1F61C,0x1F61D --additional-intervals 0x1F620,0x1F622 --additional-intervals 0x1F624,0x1F625 --additional-intervals 0x1F629,0x1F629 --additional-intervals 0x1F62C,0x1F62E --additional-intervals 0x1F631,0x1F635 --additional-intervals 0x1F641,0x1F642 --additional-intervals 0x1F644,0x1F644 --additional-intervals 0x1F44B,0x1F44F --additional-intervals 0x2764,0x2764 --font-include-intervals 1:0x03BB,0x03BB --font-include-intervals 1:0x0410,0x0414 --font-include-intervals 1:0x0418,0x0418 --font-include-intervals 1:0x041B,0x041B --font-include-intervals 1:0x041D,0x0423 --font-include-intervals 1:0x0425,0x0425 --font-include-intervals 1:0x0427,0x0427 --font-include-intervals 1:0x042B,0x042C --font-include-intervals 1:0x042E,0x0432 --font-include-intervals 1:0x0434,0x0435 --font-include-intervals 1:0x0437,0x0437 --font-include-intervals 1:0x043A,0x043A --font-include-intervals 1:0x043D,0x043E --font-include-intervals 1:0x0440,0x0440 --font-include-intervals 1:0x0442,0x0442 --font-include-intervals 1:0x0446,0x0446 --font-include-intervals 1:0x044C,0x044C --font-include-intervals 1:0x044E,0x044E --font-include-intervals 1:0x2113,0x2113 --font-include-intervals 2:0x1F600,0x1F607 --font-include-intervals 2:0x1F609,0x1F614 --font-include-intervals 2:0x1F618,0x1F618 --font-include-intervals 2:0x1F61A,0x1F61A --font-include-intervals 2:0x1F61C,0x1F61D --font-include-intervals 2:0x1F620,0x1F622 --font-include-intervals 2:0x1F624,0x1F625 --font-include-intervals 2:0x1F629,0x1F629 --font-include-intervals 2:0x1F62C,0x1F62E --font-include-intervals 2:0x1F631,0x1F635 --font-include-intervals 2:0x1F641,0x1F642 --font-include-intervals 2:0x1F644,0x1F644 --font-include-intervals 2:0x1F44B,0x1F44F --font-include-intervals 2:0x2764,0x2764 --font-include-intervals 3:0x2669,0x266F --2bit --compress --pnum --darken-aa
 */
#pragma once
#include "EpdFontData.h"

static const uint8_t ebgaramond_18_boldBitmaps[48040] = {
    0xBD, 0x5A, 0x3F, 0xAC, 0xDD, 0xD6, 0x79, 0x3F, 0x24, 0xED, 0x47, 0x57, 0x2C, 0x40, 0x0D, 0x56,
    0xD1, 0x48, 0xA8, 0xD9, 0xA1, 0x83, 0xA3, 0xD4, 0xE6, 0xE2, 0xC1, 0x45, 0xDF, 0x7B, 0xA4, 0x3D,
    0xD4, 0x40, 0x3B, 0x58, 0x43, 0x9F, 0x03, 0xC4, 0x83, 0x33, 0x74, 0x52, 0x00, 0x3F, 0x0F, 0x19,
    0x34, 0x28, 0x26, 0x5B, 0x0D, 0x19, 0x32, 0xF4, 0xA1, 0x68, 0x53, 0xA0, 0x19, 0x22, 0x14, 0x1A,
    0xEA, 0x6B, 0xA0, 0x52, 0x81, 0x0C, 0x1A, 0x9E, 0x44, 0x26, 0x1E, 0x3A, 0x78, 0x30, 0xD3, 0x22,
    0xC8, 0x68, 0x22, 0x96, 0x03, 0xD8, 0x19, 0x42, 0xCB, 0x54, 0x42, 0x49, 0xBC, 0x3C, 0xFD, 0xFD,
    0xBE, 0xEF, 0xF0, 0xDE, 0xFB, 0x64, 0xC5, 0xB2, 0x6C, 0xA7, 0xF7, 0x5D, 0x7E, 0x87, 0x8F, 0xF7,
    0xF0, 0xF0, 0x7C, 0xFF, 0x7E, 0xDF, 0x77, 0xBE, 0x43, 0xCF, 0x24, 0x4D, 0xD6, 0x15, 0x3D, 0xFE,
    0xBA, 0x4C, 0xFF, 0xDA, 0xAC, 0x4D, 0x9B, 0xB4, 0x4E, 0xEA, 0xB8, 0x8E, 0xCB, 0xB8, 0x8C, 0x8C,
    0x67, 0x8C, 0x49, 0x4A, 0xF4, 0xC2, 0x5F, 0xD6, 0x1E, 0xCB, 0xB7, 0xCC, 0x37, 0xB3, 0x0B, 0x83,
    0xFD, 0xDE, 0x60, 0x5F, 0xEC, 0x6D, 0xD4, 0x55, 0x51, 0x77, 0x3D, 0x6A, 0x0F, 0xA3, 0xFA, 0x6A,
    0x54, 0x5E, 0x89, 0xCC, 0x99, 0x47, 0x8D, 0xFB, 0x34, 0xB1, 0x31, 0x7E, 0xFB, 0x84, 0x31, 0x41,
    0xFD, 0x14, 0xC9, 0xB6, 0x31, 0x21, 0x49, 0x54, 0x9E, 0x33, 0x26, 0xFE, 0xB7, 0xA9, 0x8E, 0xAC,
    0xB5, 0x6D, 0x0C, 0x52, 0x93, 0xE4, 0xDE, 0x8E, 0xDF, 0x18, 0xB3, 0x1D, 0xD4, 0xC6, 0x9C, 0x27,
    0xB9, 0x1A, 0x96, 0xE6, 0x6B, 0xF8, 0xC1, 0x14, 0x24, 0x95, 0xB5, 0x4B, 0x93, 0xDD, 0xB9, 0x9C,
    0x9B, 0xA0, 0x99, 0x87, 0x0B, 0xD6, 0xC3, 0xE5, 0x3F, 0x02, 0x31, 0x57, 0x8C, 0x71, 0x8F, 0x7F,
    0x12, 0xC7, 0xB6, 0x1E, 0x5B, 0x53, 0x8E, 0xBB, 0x07, 0x7F, 0xBA, 0x3B, 0x46, 0x43, 0x3F, 0xC6,
    0x7D, 0xB7, 0x93, 0xF4, 0xDD, 0x53, 0xE9, 0xD8, 0x3D, 0x96, 0xDA, 0xCE, 0x24, 0x38, 0x62, 0x3B,
    0x9A, 0xD0, 0xDA, 0xD2, 0xC7, 0x84, 0xD8, 0x17, 0x17, 0x96, 0x26, 0xB0, 0x93, 0x09, 0x7E, 0x6D,
    0x9F, 0x0D, 0xDE, 0xB6, 0xDB, 0xE1, 0x5B, 0x76, 0x27, 0xBC, 0x60, 0xB3, 0xE8, 0xC2, 0x94, 0xBD,
    0xFD, 0x37, 0x63, 0x62, 0x2F, 0x77, 0xEC, 0x6F, 0x92, 0x4B, 0x7C, 0xEC, 0xFA, 0x70, 0x1F, 0x32,
    0x82, 0x4F, 0x54, 0x63, 0x10, 0xFC, 0x80, 0x7E, 0x3F, 0x6C, 0x4C, 0x66, 0x4C, 0x16, 0x75, 0xE6,
    0xBC, 0x31, 0x55, 0xD0, 0x9B, 0xC1, 0x18, 0x1B, 0x0C, 0x7E, 0xC7, 0x66, 0x0C, 0x1B, 0x69, 0xD0,
    0x91, 0x4D, 0x6A, 0xE4, 0xB7, 0x1D, 0x23, 0x3D, 0x47, 0x34, 0xD9, 0x0B, 0x37, 0xBB, 0xAA, 0x35,
    0xC9, 0x3B, 0x6F, 0xBD, 0xF7, 0x1B, 0xCE, 0x34, 0x7E, 0xBB, 0x5D, 0x52, 0x2B, 0x2F, 0xB6, 0x18,
    0xDE, 0xEC, 0x26, 0x4D, 0x85, 0xE6, 0x30, 0x6D, 0xAA, 0xDC, 0x78, 0x7D, 0xDA, 0x14, 0x10, 0x52,
    0x27, 0xFF, 0x45, 0xB5, 0xFC, 0x16, 0xE7, 0x71, 0x8B, 0x26, 0x33, 0x51, 0x87, 0xFB, 0x0E, 0x4D,
    0x70, 0x0B, 0x8F, 0xC7, 0xB7, 0x6A, 0x8C, 0xD7, 0xB9, 0x39, 0x9F, 0xCD, 0x75, 0xCE, 0xE0, 0x9E,
    0x9F, 0xAC, 0xB1, 0xD2, 0x56, 0x75, 0x55, 0xB2, 0xB5, 0xF7, 0xB6, 0xAD, 0xFE, 0x5E, 0xDC, 0xC2,
    0x88, 0x5B, 0xB9, 0x49, 0x6D, 0x2B, 0x12, 0x89, 0x6D, 0xEE, 0xDB, 0x1E, 0x73, 0xB3, 0xB5, 0xC1,
    0xBF, 0x66, 0x09, 0xF1, 0x4E, 0x50, 0x55, 0x57, 0x8C, 0x1E, 0x46, 0x8E, 0xDB, 0xC4, 0x06, 0xE0,
    0x36, 0x83, 0xF6, 0xDF, 0xC1, 0x13, 0x8B, 0xDA, 0xB7, 0xE4, 0x10, 0x33, 0x91, 0x07, 0x43, 0xFE,
    0xD9, 0xC4, 0xB6, 0xC3, 0x88, 0xF8, 0xDD, 0x4E, 0x9E, 0xB5, 0x8D, 0x47, 0x1B, 0xF8, 0xC8, 0x4E,
    0x15, 0x2E, 0xDA, 0xB2, 0x80, 0x72, 0x42, 0x1C, 0xD4, 0x9C, 0x39, 0x5B, 0x1A, 0x6F, 0x81, 0x19,
    0x98, 0xAC, 0xB4, 0xA5, 0xCD, 0x61, 0x28, 0xE6, 0x3A, 0x38, 0xBC, 0x0A, 0x5B, 0x38, 0x63, 0x8C,
    0x57, 0x82, 0x65, 0x93, 0xD6, 0xF8, 0xD5, 0x58, 0xE3, 0x41, 0xA9, 0x10, 0x1F, 0xD4, 0x0B, 0xB5,
    0xE3, 0x32, 0x9E, 0x05, 0xB5, 0xD4, 0x98, 0x04, 0xD8, 0xE4, 0xD7, 0xCA, 0x57, 0xCF, 0x71, 0x11,
    0x3F, 0xB1, 0x43, 0xCB, 0xCE, 0xB8, 0x25, 0xEA, 0x79, 0x2F, 0x46, 0xF0, 0x30, 0x63, 0x4C, 0xB2,
    0x20, 0x1B, 0xE0, 0xC8, 0x50, 0x7D, 0xE6, 0x8F, 0x37, 0x2E, 0xA0, 0x27, 0xBA, 0xF9, 0x90, 0x0C,
    0x84, 0x04, 0x36, 0x8A, 0x72, 0x3D, 0x56, 0xDA, 0xB9, 0x6F, 0xA2, 0x93, 0x98, 0xBF, 0xD9, 0xE6,
    0x6C, 0x38, 0x5B, 0x3C, 0xC2, 0x97, 0x09, 0xC3, 0x5A, 0x38, 0x61, 0x61, 0x62, 0x77, 0x6D, 0xDE,
    0xB4, 0x8F, 0xDD, 0x3F, 0x30, 0x5F, 0xDD, 0xAD, 0x4C, 0x06, 0x69, 0xA4, 0x90, 0x3A, 0x25, 0x1F,
    0xC0, 0x59, 0xE0, 0x4F, 0x65, 0xFA, 0xC3, 0xBF, 0x36, 0x5F, 0xA1, 0x45, 0xF1, 0x08, 0xD7, 0xB6,
    0xF9, 0x84, 0xD0, 0xDD, 0xCF, 0x48, 0x4F, 0x2F, 0xAA, 0xC5, 0x82, 0xCE, 0x07, 0x07, 0x25, 0x9D,
    0x1E, 0xE2, 0xDE, 0x99, 0x3E, 0x8E, 0xC3, 0x3B, 0x30, 0xF1, 0x08, 0x8D, 0x61, 0x6A, 0x30, 0x31,
    0x91, 0x0B, 0xFC, 0xE1, 0x3B, 0xC6, 0x40, 0x1F, 0x1D, 0x19, 0xE3, 0xE7, 0x5B, 0x63, 0x6A, 0xC7,
    0xCC, 0x0E, 0xD9, 0x25, 0x13, 0x37, 0x59, 0x5F, 0x0C, 0xD5, 0x98, 0xF5, 0x49, 0xBB, 0x9A, 0xFA,
    0x55, 0x1C, 0x30, 0x2D, 0x3A, 0x4D, 0xD0, 0x8A, 0x7B, 0x09, 0x73, 0xF4, 0x17, 0x0C, 0x46, 0xCF,
    0x32, 0xA3, 0x76, 0x09, 0xEE, 0xD3, 0x65, 0x77, 0xDD, 0xC5, 0x9B, 0xBB, 0x34, 0xF7, 0xEF, 0x72,
    0x9C, 0x4F, 0xF3, 0xAE, 0xE7, 0x34, 0x63, 0x74, 0xAD, 0xBE, 0x3B, 0x19, 0x0F, 0x86, 0x98, 0x07,
    0x4B, 0xD8, 0x47, 0x34, 0x9A, 0xAA, 0x05, 0x33, 0x59, 0x97, 0x0C, 0x26, 0xEB, 0x53, 0x90, 0x21,
    0xEB, 0x4D, 0x3A, 0xDE, 0x97, 0x0C, 0x8E, 0x0C, 0x42, 0x12, 0xDE, 0x26, 0xF7, 0x46, 0x40, 0xB3,
    0x06, 0xE8, 0x50, 0xD5, 0x1E, 0xAD, 0xD6, 0x54, 0x3F, 0x5F, 0x1A, 0xB5, 0x68, 0xEF, 0x0D, 0x3E,
    0x1C, 0x33, 0x03, 0xE7, 0xDF, 0xB2, 0xF0, 0x0B, 0x1C, 0x29, 0x8E, 0x00, 0x87, 0xFF, 0x05, 0x8E,
    0x00, 0xBE, 0x95, 0xC0, 0x50, 0x2C, 0xDD, 0x54, 0x50, 0x8A, 0x0F, 0xCA, 0x60, 0xF0, 0x70, 0x31,
    0x58, 0xB7, 0x85, 0x03, 0x26, 0x75, 0x3A, 0x42, 0x0A, 0x98, 0xE1, 0x93, 0x26, 0x26, 0xC4, 0x44,
    0xE3, 0x4C, 0x62, 0xBA, 0x67, 0x4C, 0xB4, 0x10, 0x8D, 0xC0, 0x50, 0x55, 0xEA, 0x22, 0x72, 0xAA,
    0x44, 0x24, 0x69, 0x12, 0x63, 0x2E, 0x42, 0x86, 0x5E, 0x6B, 0x3A, 0xC0, 0x7D, 0x30, 0xA3, 0x7B,
    0x99, 0xD1, 0x82, 0x04, 0xC9, 0xF5, 0x73, 0xF2, 0x22, 0x26, 0x25, 0x96, 0x5A, 0x67, 0xCF, 0xDB,
    0xE6, 0x3C, 0x3C, 0xFF, 0x35, 0x53, 0x60, 0xE4, 0xA2, 0x21, 0xE8, 0x88, 0x85, 0x04, 0x78, 0x64,
    0x72, 0x03, 0xFF, 0xDA, 0x12, 0x03, 0x75, 0xC1, 0xF7, 0x09, 0x11, 0x05, 0x9E, 0x97, 0xE1, 0x48,
    0x29, 0xAF, 0xD1, 0x1D, 0xB8, 0x9E, 0x76, 0xCF, 0x40, 0xA2, 0xD7, 0x4C, 0x95, 0xDB, 0x7F, 0x5D,
    0x02, 0x2F, 0x1A, 0xB3, 0xF5, 0xCF, 0x6B, 0xAB, 0x37, 0x62, 0x45, 0x0C, 0x2B, 0x8C, 0x18, 0x66,
    0x05, 0xD7, 0x3B, 0x42, 0xCF, 0x09, 0xED, 0xD6, 0xD0, 0x1D, 0xD6, 0x67, 0xD9, 0x25, 0xE4, 0x6C,
    0x9F, 0xA6, 0xBD, 0x9A, 0x6D, 0xA1, 0x1D, 0xA9, 0xD7, 0x92, 0x06, 0x35, 0x29, 0x63, 0xD8, 0x02,
    0x62, 0x25, 0x63, 0x99, 0xD0, 0x13, 0x62, 0xDF, 0xE6, 0x1E, 0x4A, 0x70, 0xDD, 0x87, 0x02, 0xE8,
    0x9E, 0xCB, 0xD5, 0xA4, 0x4E, 0x96, 0xE0, 0x8D, 0x71, 0xB0, 0x84, 0x1C, 0x44, 0x39, 0xE9, 0xE2,
    0x40, 0xE2, 0x16, 0xE7, 0x55, 0x10, 0xA1, 0xC1, 0x47, 0x05, 0x84, 0xC4, 0xD8, 0x94, 0x57, 0x8D,
    0x4E, 0x2D, 0xF4, 0x85, 0xA9, 0x16, 0x38, 0xB2, 0x8E, 0x7C, 0xEB, 0x01, 0xF0, 0x20, 0x74, 0x78,
    0x56, 0xF4, 0xE5, 0x21, 0x5C, 0x54, 0x70, 0xD6, 0xAF, 0x2A, 0xAA, 0x3F, 0x4D, 0x9E, 0xA8, 0x40,
    0x7A, 0x9A, 0x27, 0x8A, 0xED, 0x8D, 0xDE, 0x23, 0x28, 0xED, 0x73, 0x9A, 0x01, 0x9D, 0x3B, 0xA6,
    0x3A, 0x13, 0xE9, 0x4A, 0xD7, 0xCB, 0x3A, 0x3C, 0xBC, 0xF8, 0x98, 0x01, 0xF8, 0x97, 0xAF, 0x00,
    0x60, 0x01, 0xF2, 0xB5, 0x6D, 0x03, 0x12, 0x1F, 0xA1, 0xA0, 0xF5, 0x6C, 0x5D, 0x74, 0xBE, 0xCD,
    0x33, 0x10, 0xA8, 0x02, 0x68, 0x15, 0xD9, 0x57, 0x3A, 0x5A, 0x14, 0x46, 0x3D, 0x86, 0xE8, 0xB8,
    0x75, 0x86, 0x83, 0x42, 0x30, 0x4B, 0x92, 0x91, 0xA4, 0xA7, 0xB8, 0xBA, 0xF4, 0x67, 0x7B, 0x2F,
    0xD7, 0xBB, 0xD4, 0xC6, 0x36, 0x95, 0xF1, 0xA7, 0x0E, 0x2D, 0xE8, 0x7E, 0xF4, 0x60, 0x35, 0x29,
    0x51, 0x98, 0xE8, 0x2B, 0x9E, 0xD9, 0x58, 0xF7, 0x90, 0xD0, 0x45, 0x17, 0xBE, 0xB7, 0x07, 0x05,
    0x68, 0x9E, 0x59, 0x49, 0x79, 0x8B, 0x76, 0x4E, 0x2F, 0x8A, 0x96, 0x60, 0x2C, 0x11, 0xD7, 0xEB,
    0xC0, 0x2C, 0x88, 0x75, 0x64, 0xC4, 0xBF, 0xA9, 0x85, 0xDC, 0x62, 0xFB, 0x6E, 0x2B, 0x10, 0xCA,
    0x3B, 0xC4, 0x3D, 0x68, 0x92, 0xB0, 0xBB, 0xA0, 0x07, 0xF6, 0x25, 0x5D, 0x86, 0x74, 0xA4, 0x89,
    0x21, 0x08, 0xF8, 0x6E, 0x69, 0x11, 0xBC, 0x70, 0x06, 0xF6, 0x2B, 0x48, 0x83, 0x43, 0x61, 0x80,
    0x25, 0x40, 0xDD, 0x17, 0xF6, 0x4F, 0x1E, 0xF0, 0xE9, 0x0B, 0xE3, 0xFC, 0xBA, 0xBA, 0xBC, 0x34,
    0xFE, 0x88, 0xA7, 0x41, 0x11, 0x70, 0x0A, 0x90, 0x26, 0xED, 0xA1, 0x46, 0x00, 0x03, 0xD2, 0xAE,
    0x71, 0x26, 0xA9, 0xF5, 0x00, 0x11, 0x76, 0xE2, 0xC4, 0x06, 0x38, 0x44, 0xD1, 0xD0, 0x1B, 0x18,
    0x97, 0x30, 0x6C, 0xEE, 0xB4, 0x24, 0x1E, 0x99, 0x74, 0x2B, 0x15, 0xF2, 0xFA, 0x38, 0xBB, 0x26,
    0xE2, 0xBE, 0x49, 0x29, 0xA0, 0x5D, 0x2A, 0x3F, 0x6A, 0x81, 0x3D, 0x23, 0xFF, 0xE2, 0x39, 0xD4,
    0xDF, 0x73, 0x0D, 0x11, 0x92, 0xB8, 0xB4, 0xE4, 0x17, 0xEE, 0x2F, 0x96, 0xB1, 0xFE, 0x7C, 0x26,
    0xE4, 0xC6, 0xE7, 0x9B, 0x34, 0x31, 0x3E, 0x81, 0x0E, 0x1C, 0x72, 0x92, 0x15, 0x01, 0xF8, 0xC8,
    0x49, 0x26, 0xD3, 0xE3, 0x2D, 0x29, 0x2D, 0xCC, 0xB7, 0xF7, 0x3B, 0xF5, 0xE4, 0x54, 0x98, 0x73,
    0xC9, 0x89, 0x38, 0x56, 0x4D, 0xF0, 0xB0, 0xA5, 0xF9, 0xD4, 0x8F, 0xF6, 0x14, 0x5A, 0xD2, 0xF0,
    0x90, 0x0B, 0xCC, 0x8F, 0x95, 0x09, 0xC8, 0x54, 0x3E, 0x79, 0x4A, 0xDC, 0x11, 0xD9, 0x79, 0x14,
    0x33, 0x11, 0x45, 0x4F, 0x06, 0x37, 0x1B, 0xF1, 0x87, 0xA2, 0x74, 0x21, 0x48, 0x3F, 0x69, 0xC9,
    0x8C, 0x05, 0x46, 0x51, 0x11, 0xDC, 0x9A, 0x47, 0x68, 0xAF, 0x3D, 0xA5, 0xE2, 0x8F, 0x54, 0x4F,
    0x35, 0x86, 0x76, 0x88, 0x61, 0xE6, 0x88, 0xC4, 0x40, 0xFE, 0x86, 0x31, 0x26, 0xCE, 0x8D, 0x2F,
    0xF7, 0xC6, 0x35, 0x5D, 0x17, 0x1E, 0x9C, 0x49, 0xDC, 0xDF, 0xCA, 0xD7, 0x1C, 0x9C, 0x12, 0x78,
    0x80, 0x01, 0x59, 0x46, 0x80, 0x29, 0xDF, 0x1F, 0x45, 0x62, 0x70, 0x6B, 0x9F, 0x0A, 0x4E, 0x6B,
    0x68, 0xEB, 0x2B, 0xCF, 0xBF, 0xD8, 0xC6, 0x84, 0x8D, 0x0B, 0x5D, 0x9A, 0x67, 0x3F, 0xB0, 0xCF,
    0x0F, 0x99, 0x01, 0xAE, 0x9B, 0xF1, 0x3B, 0x40, 0xCC, 0xCA, 0x8C, 0x87, 0xD0, 0xC3, 0x75, 0x33,
    0x52, 0xB9, 0x93, 0x39, 0x64, 0xB3, 0xD4, 0xFF, 0x46, 0x33, 0xA0, 0xF1, 0x46, 0xBF, 0xBF, 0x16,
    0xC3, 0x58, 0xA3, 0xF6, 0xF5, 0x78, 0x8C, 0xA6, 0xAA, 0xCE, 0x02, 0x09, 0xED, 0x69, 0x6D, 0xFB,
    0xF4, 0x06, 0x13, 0x18, 0x33, 0xE3, 0xC5, 0x56, 0xEE, 0x53, 0x42, 0x69, 0x4E, 0x19, 0x6D, 0x2D,
    0xE9, 0xCA, 0x0B, 0x2B, 0x82, 0x92, 0x54, 0x00, 0xC9, 0xF5, 0x51, 0x8D, 0x78, 0x2E, 0x5A, 0xEF,
    0x3B, 0x5B, 0xB3, 0xCE, 0x98, 0x5C, 0x56, 0xA9, 0xC9, 0x1E, 0x8C, 0xF5, 0x5D, 0x6D, 0xC3, 0x77,
    0x26, 0x15, 0xC8, 0xF7, 0x34, 0x2E, 0x28, 0xE2, 0xE2, 0x79, 0x81, 0x6A, 0x7A, 0x27, 0xB0, 0x02,
    0xD9, 0xDB, 0xBE, 0xB6, 0x87, 0x4C, 0x10, 0xC5, 0xFD, 0xAD, 0xD8, 0x07, 0x81, 0xC4, 0x08, 0xA8,
    0xCA, 0x03, 0x82, 0xF7, 0xF7, 0x8A, 0x51, 0x23, 0x51, 0x36, 0xAA, 0x9C, 0x53, 0x37, 0xFD, 0xC4,
    0x6A, 0xBC, 0x8A, 0xD9, 0x16, 0x6C, 0x4B, 0xB1, 0xE5, 0x18, 0x03, 0x47, 0x2E, 0xEB, 0xCF, 0xEC,
    0x18, 0xAC, 0x23, 0x14, 0x92, 0x9F, 0x7F, 0x79, 0xF3, 0x43, 0xB5, 0x29, 0xF8, 0x3F, 0x44, 0x83,
    0x0C, 0x92, 0x00, 0x08, 0xC5, 0x13, 0x01, 0x8D, 0x40, 0xE0, 0x3D, 0x34, 0x80, 0x2B, 0xA2, 0xCF,
    0xC4, 0x0C, 0x36, 0xE9, 0x8D, 0x0B, 0xB6, 0x56, 0x40, 0x1F, 0x57, 0xDC, 0xBD, 0x2D, 0x28, 0x41,
    0x9C, 0x27, 0xFD, 0x7D, 0xA9, 0xCF, 0x5F, 0x81, 0x00, 0x38, 0x01, 0x5C, 0x96, 0x91, 0x8C, 0x50,
    0xA8, 0x55, 0xCC, 0xB0, 0x66, 0xEF, 0xA8, 0x04, 0x7A, 0x32, 0x03, 0xA3, 0x2D, 0x7A, 0x64, 0xA6,
    0x1E, 0x7B, 0x9C, 0xE7, 0x24, 0xCD, 0x8E, 0xF0, 0xFA, 0x27, 0x0C, 0x94, 0xE6, 0x31, 0x91, 0x87,
    0x04, 0x4F, 0xD8, 0xD3, 0xB0, 0x56, 0xC9, 0x7D, 0xA8, 0xF6, 0x11, 0xAA, 0x77, 0x49, 0x46, 0x7E,
    0x4C, 0x46, 0x83, 0x82, 0xA0, 0x88, 0x5D, 0x9F, 0x6A, 0xB8, 0xC6, 0xE1, 0x08, 0x79, 0xF6, 0xC3,
    0x4A, 0x42, 0x15, 0x1F, 0xED, 0x21, 0x80, 0x9D, 0x5E, 0x2C, 0xEC, 0x25, 0xE7, 0x8C, 0x25, 0x24,
    0x77, 0xFB, 0x1B, 0x1C, 0x59, 0x52, 0x7A, 0x69, 0x22, 0x8A, 0x8A, 0x28, 0xD9, 0x8A, 0x1A, 0xAD,
    0x6A, 0x13, 0x4F, 0x94, 0xB8, 0xA6, 0x0D, 0x9E, 0xB9, 0xD9, 0x58, 0x69, 0xD2, 0xA3, 0xCD, 0xD1,
    0x2E, 0xE3, 0x66, 0x53, 0xE8, 0x98, 0x22, 0x45, 0xE3, 0xEB, 0xF3, 0x42, 0xEA, 0x6F, 0x24, 0xC4,
    0x9D, 0xE2, 0xCC, 0x5A, 0x91, 0xA7, 0xD8, 0x9F, 0xB7, 0x27, 0xA9, 0xEE, 0x62, 0x71, 0x28, 0x93,
    0xE6, 0xDA, 0x6F, 0xF0, 0x44, 0x63, 0x0C, 0x28, 0x5C, 0x20, 0x6E, 0x50, 0xCF, 0xA8, 0xF1, 0xAD,
    0x29, 0x57, 0x6F, 0x1D, 0x33, 0x36, 0x7B, 0xEB, 0xE5, 0x5A, 0xB4, 0x4D, 0x7A, 0xE7, 0x4D, 0xD2,
    0xCE, 0x6F, 0xD6, 0x7D, 0x4C, 0xF9, 0x89, 0x7B, 0x8D, 0x4C, 0x2D, 0xD0, 0x09, 0xD6, 0x34, 0x8A,
    0x84, 0xDA, 0x7E, 0x73, 0x4E, 0x27, 0x9C, 0x25, 0x62, 0x6E, 0xD7, 0x78, 0x61, 0x82, 0x34, 0x5F,
    0x12, 0xF6, 0x53, 0x9D, 0xD1, 0x4C, 0xB6, 0x74, 0xC8, 0x99, 0x5C, 0x24, 0x81, 0x78, 0x6F, 0x7D,
    0xBD, 0x35, 0xC2, 0xAB, 0xBD, 0xFD, 0xF5, 0xD6, 0x5D, 0x73, 0xBF, 0x9A, 0xDF, 0x49, 0x24, 0xBF,
    0x38, 0x65, 0xB1, 0x6E, 0x2E, 0x36, 0x0C, 0xEE, 0x94, 0xFD, 0xC0, 0x21, 0x53, 0xC7, 0x88, 0x96,
    0xEF, 0x53, 0xE7, 0xBA, 0xD0, 0x21, 0xBF, 0x5C, 0x97, 0xE6, 0x8C, 0xCE, 0x62, 0x27, 0xDB, 0x46,
    0xCD, 0xCE, 0x59, 0x90, 0xE4, 0x32, 0x2B, 0xCB, 0x9B, 0x51, 0x61, 0x6E, 0x06, 0x73, 0x72, 0x6F,
    0x2F, 0x47, 0x83, 0xD5, 0x5D, 0x8D, 0xC6, 0x83, 0x06, 0x68, 0x7F, 0x8C, 0x8C, 0x6C, 0x7A, 0x46,
    0x26, 0x62, 0x25, 0x9D, 0x38, 0xEB, 0x24, 0x9D, 0x42, 0x43, 0x1F, 0xCC, 0x74, 0x12, 0xEC, 0x9D,
    0x40, 0x68, 0xAD, 0x4C, 0x50, 0x12, 0xAC, 0xAD, 0x45, 0x2E, 0x72, 0xCB, 0x4F, 0x2E, 0x16, 0xCC,
    0x3E, 0x4B, 0x0E, 0x1E, 0xC8, 0xE8, 0xA3, 0x72, 0x88, 0xFB, 0x3C, 0xDE, 0xF1, 0xB9, 0xDA, 0x5B,
    0x7B, 0x7B, 0xB6, 0x17, 0xF7, 0xB3, 0x47, 0xDA, 0xF6, 0x0B, 0x8D, 0xEB, 0x8B, 0xD1, 0x0E, 0x14,
    0x3E, 0xC4, 0x39, 0xE5, 0x99, 0x46, 0xB3, 0x95, 0x0E, 0x4E, 0x2B, 0x2F, 0xC2, 0xC7, 0x6C, 0xE0,
    0x5F, 0xC6, 0x41, 0x79, 0xF0, 0x99, 0x85, 0x55, 0x9C, 0x35, 0x10, 0xDA, 0x01, 0xD3, 0xDA, 0x46,
    0x94, 0xE1, 0x14, 0xF7, 0x7B, 0x24, 0xB4, 0x84, 0xAA, 0x5B, 0x11, 0xC9, 0x13, 0x6A, 0xCD, 0x65,
    0x62, 0x49, 0x39, 0x6A, 0x1A, 0xC2, 0x7B, 0xE2, 0xFC, 0xB5, 0x5B, 0x23, 0x51, 0x18, 0x38, 0xE8,
    0x28, 0x25, 0x26, 0x4E, 0xA7, 0x85, 0x69, 0xA8, 0x8B, 0x85, 0xBD, 0xDA, 0x72, 0x5C, 0x6B, 0x9B,
    0x39, 0x77, 0x1B, 0xB5, 0x0D, 0x9C, 0xFB, 0xC9, 0xCF, 0x68, 0x33, 0x35, 0xC4, 0xEE, 0x50, 0xDB,
    0x9B, 0x9A, 0xA2, 0xDB, 0xBB, 0xEA, 0x7F, 0xD6, 0x49, 0xC5, 0x7E, 0x3C, 0xBB, 0xAD, 0x75, 0xE3,
    0x14, 0x93, 0xB6, 0xA9, 0x84, 0x2B, 0xDB, 0x45, 0x12, 0x9E, 0x08, 0xDC, 0xEE, 0xF9, 0x22, 0x3C,
    0x3E, 0xDF, 0xAA, 0x5B, 0x71, 0x21, 0x17, 0x89, 0xA0, 0x05, 0xCE, 0x7F, 0xC2, 0xA1, 0x1F, 0xD9,
    0x50, 0xAE, 0xA0, 0x66, 0x6D, 0x84, 0x17, 0xF3, 0x49, 0xB0, 0xF8, 0x72, 0xE9, 0x15, 0xA1, 0x82,
    0x08, 0x40, 0x29, 0x07, 0x40, 0x3D, 0x73, 0x8C, 0x8D, 0x34, 0x4A, 0xF0, 0xD1, 0x44, 0x8B, 0x8B,
    0x68, 0xF7, 0xDE, 0x2C, 0x59, 0x2A, 0xA3, 0x8F, 0xE5, 0xE2, 0x73, 0xC2, 0x27, 0x43, 0x2C, 0x17,
    0xA7, 0x02, 0xEF, 0x12, 0xB0, 0x59, 0xBA, 0x89, 0xF4, 0xA4, 0x96, 0x08, 0x2B, 0x27, 0x2C, 0x09,
    0x99, 0x1D, 0x48, 0x68, 0x97, 0x27, 0xDB, 0x78, 0xDE, 0x5F, 0xF0, 0xAE, 0x6D, 0x28, 0xFF, 0xBF,
    0xE4, 0x04, 0xCE, 0xFE, 0x91, 0x9E, 0x2C, 0xFD, 0x9F, 0xF2, 0xE4, 0xD9, 0x78, 0x0A, 0x6A, 0x8A,
    0xF4, 0x5C, 0x6C, 0xC3, 0x52, 0x4E, 0x42, 0xFB, 0x8F, 0x92, 0x03, 0x5C, 0x0D, 0xEC, 0xBB, 0x7A,
    0x42, 0x03, 0x25, 0x1F, 0x57, 0x19, 0xB9, 0x78, 0x32, 0xD0, 0xA6, 0xF4, 0x24, 0xEB, 0xDC, 0x49,
    0xAA, 0x5C, 0x8E, 0x34, 0x08, 0xCC, 0x19, 0x66, 0xC2, 0x04, 0x8A, 0x0E, 0xD6, 0x87, 0xF4, 0xB2,
    0x56, 0xB8, 0xE4, 0xE7, 0x75, 0x2A, 0xE1, 0xF4, 0xE2, 0x62, 0x21, 0x61, 0x84, 0xF1, 0x9E, 0x7C,
    0x2E, 0xDD, 0x7A, 0x80, 0x0B, 0x50, 0xCA, 0x64, 0x70, 0x4B, 0x03, 0x69, 0x7B, 0x69, 0xFF, 0x92,
    0xBA, 0x46, 0x7B, 0x8E, 0x1D, 0xD9, 0x72, 0x69, 0x3D, 0xC8, 0xDC, 0x3B, 0x69, 0x03, 0x8C, 0xD4,
    0x73, 0xB1, 0x09, 0xFD, 0xF7, 0x9C, 0x2F, 0x46, 0x92, 0x16, 0x6B, 0x3A, 0x69, 0x43, 0xDB, 0x4B,
    0xEB, 0xDB, 0x65, 0xA7, 0xF5, 0x39, 0x9D, 0xBC, 0x61, 0x9D, 0x92, 0xA6, 0x1B, 0xB9, 0x56, 0xC4,
    0x3E, 0x2A, 0x82, 0xB2, 0xCA, 0x44, 0x18, 0x8C, 0xEC, 0x81, 0x2C, 0xD2, 0x33, 0x5A, 0x4E, 0x30,
    0x38, 0x9B, 0xBA, 0xC2, 0xEC, 0x87, 0xBF, 0xB0, 0xBE, 0x29, 0xA9, 0x50, 0xCF, 0x5A, 0x00, 0x97,
    0x13, 0xC5, 0x20, 0xD5, 0x49, 0x68, 0x2F, 0x92, 0xBC, 0x2E, 0x67, 0xDE, 0x8B, 0xF0, 0x9E, 0xC9,
    0x03, 0x5A, 0x22, 0x2B, 0xE0, 0x88, 0x9E, 0x09, 0xC3, 0x55, 0x7B, 0xEE, 0x8F, 0x34, 0x83, 0x56,
    0xEC, 0xFA, 0xB9, 0x91, 0x09, 0x75, 0x95, 0x36, 0x82, 0xFB, 0x18, 0x65, 0x92, 0x5C, 0x9A, 0xC0,
    0xED, 0x33, 0x8D, 0x61, 0x3A, 0x20, 0xC6, 0xC2, 0x75, 0x26, 0xC6, 0x4E, 0x25, 0x96, 0xBC, 0xA4,
    0x6B, 0x50, 0xB5, 0xF9, 0x2D, 0xF5, 0xED, 0xCB, 0x77, 0x34, 0x83, 0x60, 0x45, 0xAB, 0x4F, 0x26,
    0xF5, 0xAA, 0x92, 0x01, 0x55, 0xA3, 0xB9, 0x26, 0x0F, 0xF7, 0xF9, 0xEA, 0x75, 0xB1, 0x67, 0xE9,
    0xE9, 0xCB, 0x5D, 0x64, 0xD5, 0x7E, 0xF4, 0xCA, 0x20, 0x5E, 0x2C, 0xC1, 0xF8, 0xCC, 0x83, 0x7C,
    0x44, 0x82, 0x84, 0xC6, 0xC1, 0x23, 0x81, 0x70, 0x96, 0xE8, 0x4A, 0xA6, 0x94, 0x6A, 0xA8, 0xBF,
    0xB3, 0x7C, 0x28, 0x99, 0xA8, 0x4A, 0xD6, 0xCC, 0xB2, 0xD5, 0x55, 0x85, 0x24, 0x4F, 0x4E, 0xBE,
    0xA2, 0x34, 0x05, 0x7C, 0x27, 0x63, 0x17, 0x10, 0x49, 0xEE, 0x39, 0x19, 0x5C, 0x6E, 0x26, 0x57,
    0x56, 0x27, 0xA3, 0x9B, 0x68, 0x35, 0x9F, 0x14, 0x2A, 0x73, 0x4D, 0xD8, 0x74, 0x05, 0x63, 0xDD,
    0xD2, 0xCA, 0x49, 0xDE, 0xAC, 0x64, 0xBF, 0x92, 0x3E, 0x3B, 0x7D, 0xDF, 0xB9, 0xB9, 0xD3, 0x00,
    0x2F, 0xB9, 0x93, 0x60, 0x95, 0x82, 0x54, 0x2E, 0x32, 0xA8, 0x31, 0x2A, 0xF7, 0x73, 0x25, 0x63,
    0x25, 0x9C, 0xD4, 0x4E, 0x0B, 0x97, 0xE8, 0xCF, 0x37, 0xA6, 0xAB, 0x5E, 0x27, 0x24, 0xA3, 0xFE,
    0x60, 0x5E, 0xA7, 0xC9, 0x22, 0x1F, 0x59, 0xB5, 0x83, 0x50, 0xAD, 0x91, 0x50, 0x51, 0xF5, 0x7D,
    0x5B, 0x7F, 0xF5, 0x7F, 0xE9, 0x5A, 0x77, 0xDF, 0xD2, 0x41, 0x70, 0xE7, 0xA0, 0x3A, 0x77, 0xD0,
    0xED, 0xA0, 0x5D, 0x17, 0x0C, 0x80, 0x6A, 0xA7, 0xD8, 0xCC, 0x41, 0x77, 0xF2, 0x89, 0xE7, 0xCA,
    0x4A, 0xBA, 0xF3, 0x66, 0xE8, 0xAE, 0x96, 0xAA, 0x95, 0xCC, 0xBE, 0x2F, 0x46, 0x10, 0xEB, 0x1A,
    0xB4, 0xF1, 0xDD, 0x23, 0x4C, 0x7A, 0x9B, 0x49, 0xF8, 0x0D, 0x31, 0x0E, 0x2E, 0xD0, 0x6C, 0x1E,
    0x22, 0xBB, 0x2C, 0x21, 0xDD, 0xB8, 0x84, 0x23, 0x86, 0xCC, 0xC9, 0x83, 0x92, 0xA0, 0xA8, 0xD0,
    0x17, 0x53, 0xA8, 0x31, 0xEF, 0x0E, 0x04, 0x70, 0x2C, 0x35, 0xC8, 0xC2, 0x0E, 0xED, 0x28, 0x77,
    0x12, 0x06, 0x5A, 0x3E, 0x43, 0x10, 0xDD, 0xA6, 0x2D, 0x09, 0xC9, 0x84, 0xC0, 0x86, 0xCB, 0xAC,
    0x61, 0x91, 0x65, 0x79, 0x8A, 0x19, 0x17, 0x07, 0x38, 0x79, 0x69, 0x65, 0x91, 0x91, 0xD0, 0xD7,
    0xA2, 0x0F, 0xF6, 0xF6, 0xF6, 0x5E, 0xEE, 0x62, 0x49, 0x47, 0xBA, 0xF8, 0xFD, 0x57, 0xEC, 0xCF,
    0xF6, 0xDB, 0x94, 0xDA, 0x0F, 0xDA, 0x6D, 0xE6, 0x4D, 0x7E, 0xF3, 0x6D, 0x49, 0x9F, 0x1A, 0x2D,
    0x4A, 0xE5, 0x73, 0x6D, 0xEA, 0xFF, 0xA1, 0x89, 0xD5, 0xC8, 0x2A, 0x91, 0xEF, 0x91, 0x75, 0xD6,
    0x59, 0x04, 0x71, 0x7F, 0xF1, 0x86, 0xC6, 0xF0, 0x65, 0xC4, 0x0E, 0x45, 0x23, 0x2E, 0x92, 0x96,
    0xA2, 0x96, 0x24, 0x97, 0x26, 0x3E, 0xDA, 0x98, 0xCF, 0xDB, 0xF8, 0x73, 0xD3, 0xB2, 0x5E, 0x29,
    0x9E, 0xB7, 0xAB, 0x3E, 0xB5, 0xA3, 0xDE, 0x24, 0x7A, 0x29, 0x43, 0xC1, 0x26, 0xB1, 0xED, 0xD0,
    0xD9, 0x55, 0xA5, 0x7E, 0xE1, 0x31, 0xB7, 0x5C, 0x48, 0xFA, 0x71, 0xA9, 0x92, 0xE2, 0x66, 0x1F,
    0x4B, 0xF9, 0x1D, 0x33, 0xC3, 0x4D, 0x4B, 0x1D, 0x73, 0x54, 0x67, 0xED, 0x65, 0x4C, 0x96, 0x32,
    0x90, 0xC5, 0x06, 0xEA, 0x9D, 0x81, 0xFA, 0x26, 0xEB, 0x56, 0x00, 0x87, 0x58, 0x84, 0x54, 0x27,
    0x22, 0x97, 0x7A, 0x47, 0xFC, 0xA2, 0xD9, 0x56, 0xF3, 0xBC, 0xAA, 0x4D, 0xA7, 0x49, 0x74, 0xA7,
    0xCB, 0xB1, 0x46, 0x1D, 0xAB, 0xDE, 0x10, 0xAB, 0x16, 0x1A, 0xB5, 0x3A, 0xE4, 0x8A, 0x41, 0x46,
    0x36, 0x2A, 0x56, 0x95, 0x4D, 0x2D, 0xD1, 0x2C, 0xF8, 0xF9, 0xF7, 0xC5, 0x3F, 0x2D, 0x2E, 0x4A,
    0x51, 0xFF, 0xB7, 0xF6, 0x3D, 0xBA, 0x40, 0x07, 0x76, 0xAF, 0x9B, 0x0A, 0x8F, 0x87, 0xED, 0x94,
    0xE7, 0x58, 0xC0, 0xB5, 0x1D, 0xD0, 0xAA, 0x63, 0xC1, 0xC3, 0x0E, 0x90, 0x1B, 0xEB, 0xB9, 0x00,
    0x18, 0xDF, 0xDE, 0xAC, 0x1D, 0x2B, 0xF6, 0xE3, 0x32, 0xD0, 0xA0, 0x5F, 0x59, 0x61, 0x08, 0x89,
    0x3F, 0x58, 0x8B, 0xC4, 0xA6, 0x4A, 0xB8, 0x75, 0xAC, 0xFC, 0xE0, 0xF2, 0x13, 0xC2, 0x52, 0x0B,
    0x43, 0xD8, 0x9E, 0x9D, 0xAE, 0xDE, 0x56, 0x0C, 0x82, 0xBD, 0xFF, 0x48, 0x57, 0x9A, 0xA9, 0x6D,
    0x95, 0xBD, 0x71, 0xDB, 0xDE, 0x14, 0x0E, 0x93, 0xE9, 0x6A, 0x71, 0xD7, 0x31, 0xC9, 0x19, 0x2A,
    0xE8, 0xB4, 0x89, 0x63, 0x55, 0x86, 0x56, 0xDC, 0x2A, 0x23, 0x07, 0x32, 0x76, 0x66, 0x1D, 0xAB,
    0x53, 0xDF, 0xD5, 0x1E, 0xB6, 0x57, 0x02, 0x78, 0xDC, 0x70, 0x53, 0xC8, 0x1C, 0x7B, 0xE3, 0xA5,
    0xFF, 0xF0, 0x17, 0xFF, 0x49, 0x5F, 0x1C, 0x05, 0xE0, 0x98, 0xE6, 0x64, 0xBA, 0xCC, 0x64, 0x5D,
    0xC7, 0x70, 0x9D, 0xBE, 0x2B, 0x42, 0x6D, 0xCC, 0xA1, 0x3C, 0xAA, 0xD3, 0x52, 0x14, 0xFA, 0xCB,
    0x7C, 0xAA, 0x29, 0xCE, 0x15, 0xC7, 0x5E, 0xD5, 0xBA, 0x85, 0xAB, 0x6B, 0x84, 0x6E, 0x49, 0x13,
    0xAC, 0xEA, 0x1D, 0xCB, 0x23, 0x30, 0x1A, 0xBF, 0xA8, 0x4A, 0x7B, 0x5A, 0x13, 0x45, 0x73, 0x3E,
    0x50, 0x30, 0xED, 0x15, 0xCD, 0x61, 0x1D, 0x92, 0x51, 0xB2, 0x6E, 0x41, 0x7B, 0x4B, 0x73, 0xCD,
    0x9E, 0x2A, 0x91, 0x80, 0x61, 0x8C, 0x61, 0xE2, 0xE8, 0xEA, 0x14, 0xF5, 0x09, 0xE7, 0x3F, 0x8B,
    0xBD, 0xB3, 0xF9, 0x1B, 0x67, 0x0F, 0xA0, 0xD0, 0x1C, 0xD6, 0xCA, 0x9E, 0xD1, 0x28, 0x21, 0x26,
    0xD0, 0xEC, 0x3E, 0xAC, 0x25, 0xCD, 0xE6, 0x2E, 0x07, 0xD0, 0x2F, 0x11, 0x3C, 0x92, 0x0A, 0x33,
    0x14, 0x72, 0x4E, 0x25, 0xA9, 0xF1, 0xEE, 0x17, 0x32, 0xA9, 0xEA, 0xB7, 0xB5, 0xF2, 0x96, 0xAB,
    0x99, 0xB9, 0x88, 0xA0, 0x0C, 0x4C, 0x9F, 0xB5, 0x71, 0x37, 0xE8, 0xED, 0x5E, 0x25, 0xFC, 0xC6,
    0x02, 0x79, 0x2E, 0xD1, 0xDA, 0xD2, 0xDE, 0x1F, 0xEC, 0x7D, 0x63, 0x71, 0x10, 0x2B, 0x5E, 0xDD,
    0xDE, 0xDB, 0x87, 0x1B, 0x30, 0x53, 0x2C, 0x53, 0xD1, 0x06, 0x54, 0x07, 0x18, 0x7E, 0x06, 0x53,
    0xD3, 0xA0, 0xDA, 0x39, 0xA5, 0x68, 0xDD, 0x46, 0x15, 0x66, 0x8C, 0xCB, 0xC2, 0x47, 0x0D, 0x28,
    0xA2, 0x86, 0x6E, 0xD5, 0x45, 0x53, 0x73, 0xED, 0x48, 0x6D, 0x1C, 0xE7, 0xFA, 0xCF, 0x74, 0x1C,
    0x8B, 0x85, 0x7C, 0x08, 0xA9, 0x21, 0x3A, 0xA7, 0x75, 0x76, 0x4F, 0xD2, 0x8B, 0x80, 0xB5, 0x67,
    0xB8, 0x20, 0xBD, 0x61, 0xB4, 0xEC, 0xF9, 0xE5, 0x7F, 0x0F, 0x68, 0x79, 0x67, 0x17, 0xB9, 0x96,
    0xB6, 0xB4, 0xEA, 0xCF, 0xA5, 0x48, 0x92, 0x8B, 0x0D, 0x88, 0xE2, 0x88, 0x18, 0x52, 0x0B, 0x1F,
    0x1E, 0xA6, 0x13, 0xAD, 0x97, 0x3B, 0x5A, 0xF1, 0xDC, 0xA9, 0xD1, 0x1D, 0x2F, 0x6F, 0xEE, 0x74,
    0xFC, 0xC4, 0x5E, 0x8E, 0x80, 0xB3, 0x55, 0x35, 0x2C, 0x4E, 0xFE, 0x1E, 0xBE, 0x5E, 0xD5, 0x14,
    0xB6, 0x3E, 0xCD, 0x6C, 0x9A, 0xE2, 0xF4, 0xA9, 0xFF, 0xA0, 0x5F, 0xED, 0x30, 0xBC, 0x2E, 0x1B,
    0xD7, 0x98, 0xDD, 0x18, 0xD5, 0x98, 0x15, 0x18, 0x08, 0x5A, 0x4C, 0x0E, 0xFF, 0x1C, 0xD2, 0x42,
    0x77, 0xC9, 0x41, 0x42, 0x56, 0xA2, 0x1A, 0x2B, 0x0F, 0xBF, 0x3C, 0x81, 0xC0, 0xB6, 0x97, 0x6B,
    0x5C, 0x53, 0xAA, 0x3A, 0x7A, 0x15, 0x61, 0xB7, 0x80, 0xCD, 0x44, 0xAD, 0x4F, 0xB0, 0xFA, 0x73,
    0x5E, 0xA3, 0xE7, 0x8C, 0xBA, 0xBD, 0x74, 0x01, 0xE0, 0xFC, 0x9C, 0xAD, 0x2B, 0x64, 0x43, 0x57,
    0x3D, 0xD9, 0xEA, 0xAA, 0x65, 0x89, 0x02, 0xAB, 0x08, 0xEF, 0xC0, 0xCA, 0x7E, 0x6A, 0xCB, 0xEA,
    0x27, 0xB6, 0xB4, 0x3C, 0xDE, 0xB2, 0x3F, 0xE6, 0x5B, 0x06, 0xD9, 0x98, 0x0D, 0x5B, 0x07, 0x5B,
    0xA5, 0xBE, 0x4A, 0xC0, 0x02, 0xB2, 0xA4, 0x28, 0xEA, 0x98, 0xD3, 0x5C, 0x33, 0xFE, 0x1D, 0x04,
    0xEB, 0x9E, 0x89, 0x19, 0x35, 0x4D, 0x09, 0xDE, 0x05, 0xA4, 0x9B, 0x90, 0xE7, 0x81, 0xA4, 0x23,
    0x48, 0xB2, 0x04, 0x89, 0xA7, 0x35, 0x09, 0x41, 0x96, 0x24, 0xA3, 0x12, 0x8B, 0x94, 0x0C, 0xB7,
    0x65, 0x34, 0x4C, 0x2C, 0x51, 0x2A, 0xB1, 0x69, 0xD9, 0x99, 0x3F, 0xAE, 0xA8, 0xC4, 0x6D, 0xB0,
    0x3E, 0x19, 0xC9, 0x6D, 0x42, 0xF0, 0xAD, 0x75, 0x27, 0x4E, 0x8E, 0x46, 0x2B, 0xDD, 0xB2, 0x29,
    0x34, 0x9A, 0x6D, 0xA4, 0x75, 0x43, 0xC4, 0xFE, 0x5C, 0x50, 0x72, 0x2F, 0xE8, 0x98, 0x26, 0xAD,
    0xB2, 0xB9, 0x29, 0x95, 0x7A, 0xDF, 0x15, 0x4F, 0x45, 0x94, 0x95, 0x86, 0x18, 0x85, 0xE0, 0x4F,
    0xA1, 0x91, 0x88, 0xBE, 0x22, 0x0D, 0xAC, 0xAF, 0x58, 0x83, 0x7B, 0x91, 0xF0, 0x14, 0x2D, 0xB7,
    0x1D, 0x8A, 0x56, 0x6A, 0xDB, 0xF7, 0x50, 0xBD, 0x2E, 0x7D, 0xB8, 0xCB, 0xD1, 0x02, 0xDB, 0x79,
    0x1E, 0xD9, 0xBF, 0xB7, 0x1F, 0x11, 0x1D, 0x2B, 0x2E, 0x28, 0xA7, 0x0C, 0xC9, 0xD4, 0xD6, 0xC1,
    0x9F, 0x19, 0xB3, 0x42, 0x90, 0x69, 0xBF, 0x09, 0xFA, 0xB0, 0x8B, 0xBB, 0x60, 0x48, 0xBA, 0x53,
    0x23, 0xBC, 0x73, 0xCC, 0xEE, 0x2C, 0x2E, 0x1E, 0xE1, 0xB9, 0x93, 0x54, 0xFA, 0xC9, 0xC4, 0xFE,
    0xD5, 0x10, 0xAF, 0xF8, 0xC5, 0xBD, 0xC7, 0xB8, 0x64, 0xF5, 0x2E, 0xB9, 0xDC, 0x35, 0xB8, 0x55,
    0xB5, 0x70, 0x05, 0xEE, 0x69, 0x31, 0x6E, 0x55, 0x34, 0x13, 0x2B, 0xA8, 0x67, 0xE6, 0xFD, 0xAF,
    0x15, 0x89, 0xAC, 0x20, 0x2D, 0x48, 0x66, 0x3F, 0x2C, 0x37, 0x7E, 0x78, 0x28, 0x22, 0x18, 0x9F,
    0xB9, 0xC8, 0xC0, 0xCF, 0x19, 0x81, 0xA3, 0xF7, 0xFF, 0xD6, 0xB7, 0x85, 0x1D, 0xC3, 0x11, 0x41,
    0x23, 0xEE, 0x44, 0xE5, 0xBA, 0x19, 0x25, 0x64, 0xC9, 0x7F, 0x01, 0xD2, 0x3D, 0x96, 0x70, 0xD1,
    0x18, 0xB1, 0x78, 0xB9, 0xCF, 0x3A, 0x22, 0xF4, 0x17, 0xFE, 0xF8, 0x60, 0xDE, 0x7C, 0xB5, 0xD3,
    0x01, 0x8B, 0x65, 0xB2, 0x7F, 0x2A, 0x19, 0x29, 0xA2, 0xF5, 0x87, 0xDC, 0x54, 0x2B, 0xA1, 0x0B,
    0xBE, 0x86, 0x20, 0xAF, 0x7B, 0xD4, 0x2C, 0x9C, 0xE4, 0x55, 0x69, 0x30, 0x72, 0x1F, 0xF6, 0xB2,
    0xD9, 0xEA, 0x0A, 0x2E, 0x0A, 0xC1, 0xD5, 0x1A, 0xA1, 0xB3, 0x8D, 0xED, 0xCA, 0xE0, 0x41, 0xF4,
    0x38, 0xA9, 0x6C, 0x82, 0xDA, 0x4C, 0x1C, 0x4A, 0xAD, 0xA1, 0x16, 0xAA, 0xA5, 0x39, 0xAA, 0xFC,
    0x61, 0x29, 0x52, 0x0F, 0x64, 0x4A, 0x05, 0x16, 0x68, 0x76, 0xDE, 0x11, 0xF9, 0x3B, 0xAA, 0x26,
    0xB4, 0x39, 0x32, 0x8A, 0x90, 0xBB, 0xC0, 0xBC, 0x22, 0x81, 0xB5, 0x34, 0x45, 0x79, 0x8A, 0x99,
    0x57, 0x1E, 0x32, 0xEB, 0x32, 0x9F, 0xF2, 0x45, 0xC0, 0xC8, 0x34, 0x1E, 0x3F, 0x2A, 0x16, 0xB3,
    0x5A, 0x2A, 0x16, 0x8D, 0x39, 0xA6, 0x8F, 0x79, 0xCD, 0x44, 0x58, 0x60, 0x74, 0xA1, 0x5E, 0x87,
    0xA1, 0x14, 0x0F, 0xFA, 0x72, 0x7F, 0xB5, 0x59, 0xBF, 0x33, 0x62, 0x73, 0x4F, 0x52, 0x0F, 0x48,
    0x19, 0x4F, 0xD8, 0x5D, 0x49, 0xB8, 0xF8, 0x9C, 0x12, 0x16, 0xEA, 0x4B, 0x42, 0x2C, 0x45, 0x56,
    0xCB, 0x91, 0x40, 0xF9, 0xE2, 0x82, 0x0D, 0xA4, 0x40, 0xA4, 0xE9, 0x55, 0xA6, 0xD9, 0x45, 0x29,
    0xB4, 0x91, 0x2B, 0x7C, 0xB1, 0xC1, 0x26, 0xE3, 0x5A, 0x47, 0x81, 0x2E, 0xFE, 0x60, 0x8E, 0x31,
    0xFC, 0x8D, 0x85, 0xA7, 0xF7, 0xE6, 0x3A, 0x9F, 0xCC, 0xB3, 0xE0, 0x0C, 0x33, 0xD9, 0xDE, 0x0B,
    0xBE, 0xC0, 0x37, 0x66, 0x19, 0x4E, 0x37, 0xD1, 0x9D, 0xFA, 0x8A, 0x17, 0x2C, 0x05, 0x95, 0xC0,
    0x4A, 0xFE, 0x9B, 0x6F, 0x17, 0xC0, 0x4E, 0x7E, 0x6D, 0x47, 0xB1, 0x94, 0x21, 0x59, 0x0A, 0x6F,
    0x1D, 0x20, 0x95, 0xDC, 0x11, 0x28, 0xBF, 0x68, 0x0B, 0x23, 0x61, 0x22, 0x9E, 0x67, 0xB0, 0xA0,
    0x29, 0xB3, 0xEB, 0x17, 0x47, 0x7C, 0x01, 0x3D, 0xCC, 0x26, 0x97, 0xB9, 0x34, 0x32, 0x13, 0x5A,
    0x69, 0x53, 0x6D, 0x58, 0x60, 0x3A, 0x3C, 0x34, 0xC5, 0x13, 0x0B, 0xE6, 0x63, 0x37, 0x37, 0x76,
    0x26, 0x1F, 0x9F, 0x73, 0x94, 0xEA, 0xF2, 0xA8, 0x1B, 0xBE, 0xD1, 0x80, 0xB0, 0x13, 0xF7, 0xDC,
    0xF0, 0x85, 0x71, 0x75, 0x99, 0x23, 0x85, 0x23, 0x6E, 0x13, 0xB8, 0x68, 0x81, 0xDA, 0x55, 0x83,
    0xF0, 0x58, 0xD5, 0x60, 0x86, 0xFB, 0xFD, 0xDF, 0x1D, 0xA5, 0x04, 0xE5, 0x6A, 0x22, 0x62, 0x51,
    0xAF, 0x6E, 0x21, 0x96, 0x80, 0xB9, 0x46, 0x96, 0xD0, 0x10, 0x79, 0xC6, 0xA8, 0x91, 0x2C, 0x29,
    0xFF, 0x49, 0x8C, 0xFD, 0x28, 0x91, 0x6B, 0xF2, 0x2B, 0x67, 0x12, 0xF7, 0x90, 0x7D, 0xC6, 0x1D,
    0x28, 0x79, 0xA5, 0x82, 0x2A, 0xF8, 0xDA, 0xC1, 0x03, 0x60, 0x4C, 0xB6, 0xE4, 0xD2, 0x79, 0x1F,
    0xDC, 0x31, 0x08, 0x09, 0xDE, 0x66, 0x72, 0xF9, 0x2B, 0x8A, 0x71, 0xF2, 0x36, 0xC3, 0x00, 0x98,
    0x42, 0x18, 0xE0, 0xCE, 0xA6, 0xD2, 0x6E, 0xE3, 0x5C, 0xA9, 0xF4, 0x91, 0xCD, 0x6E, 0x86, 0x81,
    0xAC, 0x13, 0xB3, 0xEC, 0x1C, 0x8C, 0x20, 0xE1, 0xA3, 0x05, 0x1F, 0x3B, 0xC8, 0x1E, 0x18, 0x8A,
    0x8E, 0x52, 0x09, 0x5D, 0xA1, 0x14, 0x64, 0xA2, 0x3B, 0x95, 0x2A, 0xBD, 0x78, 0x61, 0x4C, 0x6C,
    0x3A, 0x25, 0xB6, 0x82, 0x08, 0x7E, 0x85, 0x75, 0x4C, 0x79, 0x26, 0xB0, 0xCA, 0xD7, 0xA7, 0x1D,
    0x91, 0x20, 0xBF, 0x03, 0xEE, 0x47, 0x99, 0x54, 0xC6, 0xBF, 0x1C, 0xB3, 0xF2, 0x7C, 0x56, 0x6E,
    0x17, 0xCD, 0x1F, 0x16, 0x2C, 0xB2, 0xE5, 0x09, 0x57, 0x31, 0x23, 0xB2, 0xCE, 0x3C, 0x99, 0x80,
    0xDD, 0x83, 0x3F, 0x8D, 0xFE, 0x58, 0xBD, 0x30, 0xC0, 0xEE, 0xF8, 0x62, 0xCD, 0x63, 0x2E, 0x53,
    0x1B, 0x75, 0xB3, 0x1E, 0xC1, 0xA4, 0x64, 0x4E, 0xB0, 0x6F, 0x17, 0x39, 0x5F, 0xAC, 0x79, 0xE0,
    0x31, 0x71, 0x16, 0xCF, 0x51, 0x49, 0xA5, 0x54, 0xE0, 0x4F, 0xCE, 0xF6, 0xF5, 0x47, 0xD5, 0xD6,
    0x65, 0x58, 0x8C, 0x8D, 0xE5, 0xDD, 0x45, 0x4F, 0xF7, 0xB5, 0xB2, 0x87, 0xA4, 0x05, 0xA5, 0x9D,
    0x3B, 0x99, 0xDF, 0x61, 0xAA, 0x54, 0x30, 0x00, 0x0F, 0xDC, 0xBB, 0x3F, 0x99, 0x7F, 0x9B, 0x2B,
    0xA2, 0x9B, 0xB6, 0xCF, 0xF8, 0x86, 0x07, 0xFD, 0x89, 0x08, 0xBC, 0x8B, 0xBE, 0xE5, 0x36, 0x13,
    0xA8, 0xF3, 0xF8, 0xB9, 0xE1, 0x1A, 0x9D, 0xAB, 0xD2, 0xEC, 0x26, 0x97, 0xE9, 0x77, 0x6B, 0x97,
    0x6E, 0xCB, 0x5A, 0x3F, 0x58, 0xBD, 0x4D, 0xA2, 0x0B, 0xD0, 0x41, 0x21, 0x16, 0x83, 0xFE, 0xAF,
    0xB5, 0x02, 0x35, 0xCF, 0xD9, 0x11, 0x2B, 0xB6, 0x58, 0xDE, 0x99, 0xD0, 0x69, 0xF5, 0x01, 0xDF,
    0x50, 0xCA, 0x8B, 0x01, 0xE0, 0xC6, 0xB7, 0x2A, 0xC6, 0x90, 0x85, 0xFC, 0xDA, 0x2E, 0x09, 0x73,
    0xD5, 0xFF, 0xFC, 0x5C, 0xE0, 0x2E, 0xFB, 0xF8, 0x2D, 0xFB, 0x14, 0xDB, 0xBB, 0xFF, 0x60, 0x0F,
    0x35, 0x43, 0x10, 0x93, 0x8C, 0xAD, 0xA6, 0x2F, 0xF2, 0x66, 0x87, 0x2E, 0x7F, 0xE5, 0xBD, 0x88,
    0x80, 0x6F, 0x34, 0xE9, 0x7B, 0x04, 0x71, 0xA9, 0x6F, 0x01, 0x85, 0x47, 0xDE, 0x16, 0xF8, 0x0D,
    0xD7, 0xBB, 0x0D, 0xF7, 0x53, 0xCA, 0x82, 0x8F, 0x63, 0x51, 0x52, 0xB8, 0xBA, 0xDB, 0xB8, 0x95,
    0xB5, 0x30, 0x24, 0xAC, 0x3D, 0x4D, 0x17, 0x38, 0x5F, 0xB0, 0xD8, 0x0B, 0x47, 0x0D, 0x08, 0x5C,
    0x11, 0xA5, 0x93, 0x76, 0x09, 0xDC, 0x69, 0xAC, 0x9C, 0xBD, 0x54, 0xF6, 0x17, 0x5C, 0xAC, 0xD6,
    0x7C, 0xB5, 0xD5, 0x50, 0x72, 0x66, 0x2D, 0x39, 0x2E, 0xA6, 0x9B, 0x6E, 0x7E, 0x06, 0x17, 0xB9,
    0x4E, 0x72, 0xA5, 0xDB, 0x98, 0x16, 0x5F, 0x63, 0xB1, 0x79, 0x53, 0x72, 0xDD, 0xBC, 0xAF, 0x2E,
    0xEF, 0xBA, 0x30, 0xDD, 0x97, 0xB4, 0x5E, 0x16, 0x72, 0xBB, 0xD7, 0xE7, 0xBD, 0x5A, 0x09, 0xEB,
    0xC2, 0xFD, 0x31, 0xB2, 0xFA, 0x88, 0x2E, 0xB7, 0xF8, 0xD6, 0xCD, 0x94, 0xD4, 0xC5, 0xC8, 0xED,
    0xC2, 0x1D, 0xDF, 0x36, 0xCF, 0x06, 0x52, 0x92, 0xE7, 0xE2, 0x5A, 0x4B, 0x91, 0xBA, 0x6B, 0x15,
    0xE3, 0xF2, 0x13, 0xE0, 0x75, 0x17, 0x22, 0xD5, 0x2C, 0x6B, 0x55, 0x0B, 0xDC, 0xCF, 0x25, 0xBB,
    0x65, 0x6A, 0x29, 0xFB, 0x9A, 0xA5, 0xBE, 0x13, 0x21, 0x47, 0xBD, 0x3E, 0xAA, 0xC6, 0x1D, 0xDA,
    0x87, 0xAF, 0x0D, 0x70, 0x03, 0x9C, 0x6F, 0x4D, 0x9C, 0x62, 0x7D, 0x73, 0x72, 0xAF, 0x7E, 0x14,
    0xB5, 0xBE, 0x22, 0x52, 0xB8, 0xFE, 0x9B, 0x63, 0x6C, 0x8E, 0x5B, 0x34, 0x3A, 0x47, 0x3C, 0xFF,
    0x51, 0x53, 0xE4, 0xF6, 0xCB, 0xF8, 0x33, 0xD7, 0xCC, 0xEB, 0xB9, 0xBE, 0x66, 0x22, 0x19, 0x9F,
    0xCC, 0xBB, 0xDE, 0x98, 0xF7, 0xFA, 0xF0, 0x36, 0xF9, 0xE4, 0x6F, 0x29, 0xF8, 0x0F, 0x97, 0xBA,
    0x25, 0xC5, 0x57, 0x23, 0x98, 0x7A, 0x93, 0x1F, 0xD8, 0x87, 0x87, 0xC3, 0x97, 0xF6, 0x5E, 0x99,
    0xD4, 0xAB, 0x71, 0xD9, 0x87, 0x5B, 0xA2, 0x7C, 0xBE, 0x20, 0x28, 0x83, 0xF2, 0x95, 0xD8, 0x0E,
    0x61, 0x47, 0x24, 0x6F, 0x8B, 0x1F, 0x58, 0xDA, 0x47, 0x36, 0x01, 0xB5, 0xFC, 0x1B, 0xE6, 0xFF,
    0x00, 0xE5, 0x5B, 0x3F, 0x8C, 0x1D, 0xC7, 0x79, 0xFF, 0x76, 0x57, 0xBC, 0x95, 0x6F, 0x61, 0x2F,
    0x8D, 0xC8, 0x06, 0x4C, 0x3A, 0xDC, 0x14, 0x29, 0x68, 0x86, 0xE6, 0x36, 0x2E, 0x84, 0xF8, 0xEE,
    0x76, 0x1D, 0x02, 0x09, 0xE0, 0x8A, 0x85, 0x99, 0x42, 0x2E, 0x9C, 0x22, 0x45, 0x40, 0x20, 0xA0,
    0x0B, 0x15, 0x84, 0x71, 0xD4, 0xAE, 0xE3, 0x22, 0x85, 0x8B, 0x5C, 0x15, 0xB7, 0x2C, 0x68, 0x40,
    0x7C, 0x2E, 0xA8, 0xCA, 0x38, 0x03, 0x47, 0xEE, 0xD2, 0x2C, 0x02, 0xD8, 0x45, 0xD6, 0xB0, 0x01,
    0x17, 0x2E, 0xB4, 0x91, 0xE5, 0xC6, 0x2E, 0x34, 0x52, 0x56, 0xF6, 0xDE, 0x79, 0xDF, 0x9B, 0xFC,
    0x7E, 0xDF, 0xCC, 0x7B, 0xF7, 0x8E, 0x56, 0x64, 0x4B, 0xA1, 0x08, 0x51, 0x79, 0xEF, 0xDE, 0x37,
    0xFB, 0xF6, 0xCD, 0xCE, 0x7C, 0xDF, 0x37, 0xDF, 0xFF, 0x99, 0xDB, 0x2C, 0x8B, 0xBE, 0x32, 0x95,
    0x29, 0x4C, 0x56, 0x8B, 0x04, 0x92, 0x94, 0x69, 0x8D, 0x77, 0x9B, 0xB5, 0x79, 0x9B, 0x77, 0x45,
    0x8F, 0xB7, 0xE1, 0x1B, 0x7D, 0x86, 0x6A, 0x40, 0xAF, 0x2E, 0x10, 0x91, 0xF3, 0xF8, 0x6C, 0xE1,
    0xF3, 0xBC, 0xC8, 0x86, 0x2D, 0xA5, 0xB2, 0x43, 0x30, 0x6F, 0xE6, 0xB1, 0xF9, 0xFE, 0x22, 0xED,
    0x5F, 0xD9, 0xCF, 0x3B, 0x23, 0x45, 0xEB, 0x3F, 0xBC, 0xEE, 0x7B, 0x29, 0x4C, 0x7F, 0xAA, 0x58,
    0x74, 0xE7, 0x32, 0x7B, 0x34, 0xA5, 0xD6, 0x8E, 0x91, 0xB5, 0x46, 0xAC, 0x6D, 0x25, 0x9B, 0x8B,
    0x44, 0xAD, 0xFF, 0x28, 0x0A, 0x7C, 0x9D, 0xB9, 0x0D, 0x10, 0xDA, 0x05, 0x60, 0x3A, 0x56, 0xA5,
    0xE0, 0xF9, 0x02, 0x1D, 0x6C, 0x57, 0xD4, 0x12, 0xD8, 0xB6, 0x40, 0x5F, 0xDB, 0x5E, 0x24, 0xC4,
    0x23, 0x12, 0x03, 0x07, 0x91, 0xC4, 0xC3, 0x17, 0xF6, 0x70, 0xC3, 0xDA, 0x0E, 0x97, 0xF6, 0x2B,
    0x1C, 0x80, 0xA3, 0x48, 0x3A, 0x57, 0x38, 0x29, 0x1C, 0x38, 0x5D, 0x66, 0x24, 0xEA, 0x25, 0x6F,
    0x25, 0x32, 0x81, 0xB5, 0x65, 0x64, 0x88, 0x57, 0xD8, 0x17, 0x78, 0xF6, 0x3B, 0x6D, 0xF5, 0x00,
    0x4D, 0x59, 0x49, 0x6E, 0xE7, 0xB2, 0x8D, 0xF1, 0x7A, 0x3E, 0x77, 0x55, 0xE4, 0x34, 0x31, 0x1C,
    0x93, 0xC3, 0xA4, 0xBD, 0xDF, 0xD8, 0x37, 0xDA, 0x7C, 0x71, 0xD7, 0x4A, 0xDA, 0xCB, 0x24, 0x59,
    0x29, 0x05, 0xDE, 0x92, 0xA1, 0xBB, 0xA4, 0x25, 0xB8, 0x93, 0xD6, 0x0A, 0xF8, 0xB5, 0xD6, 0x1F,
    0xB4, 0x0B, 0x3A, 0xCF, 0xA5, 0xE0, 0x63, 0x0B, 0x0E, 0x30, 0x26, 0xF3, 0xB8, 0xD5, 0x41, 0x67,
    0x57, 0xAF, 0x95, 0x77, 0xAE, 0xED, 0x35, 0xD6, 0x7E, 0x09, 0xC8, 0xA7, 0x60, 0x0F, 0x90, 0x8D,
    0xD0, 0x24, 0x06, 0x84, 0xE3, 0x1B, 0xE8, 0x6F, 0x46, 0x8C, 0x05, 0x66, 0x4C, 0x9C, 0x49, 0xB2,
    0x85, 0xDC, 0x54, 0x8A, 0x85, 0x54, 0x45, 0xF6, 0x5F, 0xD0, 0x11, 0xDC, 0x79, 0xA8, 0xB8, 0xDA,
    0xDF, 0xB7, 0x6C, 0x0A, 0x65, 0x0A, 0x69, 0x2A, 0xB5, 0x71, 0xBC, 0x50, 0x98, 0xAF, 0x6E, 0x5A,
    0x7E, 0xCD, 0x14, 0xFA, 0xDF, 0x96, 0x8D, 0xBF, 0x99, 0x6B, 0x13, 0x34, 0xCA, 0x06, 0xB0, 0x89,
    0xF3, 0xB9, 0x85, 0x3A, 0x25, 0x95, 0xD8, 0xF2, 0x5D, 0xDE, 0xF2, 0x8F, 0x6E, 0x20, 0x69, 0xCA,
    0x77, 0xED, 0x57, 0xDE, 0xC3, 0x3A, 0x2E, 0x4A, 0x4C, 0xD5, 0xCA, 0xBD, 0xA6, 0x0D, 0x4C, 0x5A,
    0x63, 0x5D, 0x24, 0x36, 0x6E, 0xD1, 0x0A, 0xE0, 0x73, 0x13, 0x3F, 0x4D, 0x85, 0x91, 0x09, 0x37,
    0xE6, 0xB1, 0x15, 0x0B, 0x49, 0x68, 0xCA, 0xAA, 0x2B, 0xDA, 0xCC, 0xE4, 0x26, 0x31, 0xE9, 0x14,
    0x0D, 0x91, 0x0D, 0x07, 0xB1, 0x0F, 0x06, 0x08, 0xCC, 0x20, 0xC9, 0xA1, 0x91, 0x70, 0x41, 0xF6,
    0x01, 0x6F, 0xCA, 0x4F, 0x51, 0x9F, 0xE2, 0x12, 0x74, 0x13, 0xA6, 0x31, 0xF8, 0x94, 0xB2, 0x01,
    0x41, 0xCB, 0xCA, 0x1D, 0xA9, 0x3A, 0x5B, 0xDB, 0xB7, 0x6C, 0x6B, 0xDF, 0xB4, 0x2D, 0xAF, 0x37,
    0xE5, 0x73, 0xC0, 0xBA, 0x39, 0x54, 0xFE, 0xF2, 0xF1, 0xEA, 0xF5, 0xB3, 0x93, 0x04, 0x10, 0xA2,
    0x46, 0x62, 0x7C, 0x4D, 0xDB, 0xB4, 0xCD, 0xED, 0x65, 0x93, 0x43, 0x74, 0xBA, 0x61, 0x3B, 0x99,
    0xE2, 0xEE, 0x60, 0x37, 0x35, 0x41, 0xB7, 0xB5, 0x9F, 0xF7, 0xD2, 0x6D, 0x8F, 0x45, 0x27, 0xB2,
    0x33, 0x70, 0xD2, 0x4B, 0x0E, 0xEA, 0x9D, 0xED, 0x03, 0xFC, 0xBA, 0xB7, 0xB5, 0x85, 0x9E, 0xFD,
    0xEE, 0x4E, 0x3C, 0x8F, 0xBB, 0x31, 0xC3, 0x08, 0x3F, 0x34, 0xD0, 0xB8, 0xC3, 0xB8, 0x8B, 0x06,
    0xF0, 0xBA, 0x96, 0x85, 0x04, 0x20, 0x37, 0x3F, 0x6A, 0x06, 0x2A, 0x81, 0x8A, 0xF8, 0xA9, 0x2B,
    0x00, 0xCF, 0xE0, 0x5B, 0x9D, 0x55, 0xDD, 0x4E, 0x66, 0x6E, 0x40, 0x7A, 0x0B, 0x13, 0x5B, 0x53,
    0x5C, 0x37, 0x4D, 0x6E, 0x1A, 0x7B, 0x58, 0xFC, 0x66, 0xDA, 0x28, 0xAF, 0x28, 0xB3, 0xA9, 0x90,
    0xD6, 0x0E, 0x7A, 0xF9, 0x2C, 0xDE, 0xD0, 0x55, 0x88, 0xE2, 0x80, 0x77, 0xDC, 0xC7, 0x14, 0x79,
    0x08, 0x3D, 0x98, 0x27, 0xC9, 0x94, 0x4C, 0xD4, 0x2C, 0x0C, 0x35, 0x14, 0x60, 0xD7, 0x9C, 0x4A,
    0xC2, 0x35, 0x93, 0x0C, 0x06, 0x00, 0x7A, 0x11, 0x81, 0x77, 0xFB, 0x78, 0x4C, 0x2E, 0xE2, 0x8D,
    0xE9, 0x9F, 0xB9, 0x30, 0x9B, 0xCD, 0xEE, 0x40, 0x44, 0xFD, 0x4B, 0x25, 0xEC, 0x3D, 0x83, 0xE7,
    0x4E, 0x32, 0xF6, 0x57, 0x5F, 0x75, 0x8C, 0xAD, 0x4A, 0x5D, 0xEC, 0x36, 0xFD, 0xD1, 0x0B, 0xB7,
    0x23, 0x93, 0x43, 0x87, 0x65, 0xD8, 0x09, 0xA7, 0xA2, 0x3E, 0xD8, 0x0D, 0xC7, 0xBC, 0xDD, 0x3A,
    0x00, 0xAC, 0x77, 0xF6, 0xC3, 0x79, 0x03, 0x66, 0x86, 0x76, 0x24, 0x5C, 0x4C, 0x72, 0x69, 0x3F,
    0x9C, 0xE6, 0xB2, 0xB3, 0x1B, 0x4E, 0x95, 0x6C, 0x6F, 0x85, 0x53, 0xDE, 0xED, 0xEE, 0x24, 0x8B,
    0x64, 0x1A, 0xD3, 0x2F, 0xCF, 0xBE, 0xF9, 0x5D, 0x93, 0x80, 0xF7, 0x71, 0x4F, 0xC6, 0x66, 0x64,
    0xAC, 0x28, 0x63, 0xEF, 0x9E, 0x64, 0xEC, 0x99, 0xD9, 0xAC, 0x84, 0x1A, 0xD4, 0x15, 0xA6, 0xBC,
    0x30, 0xBB, 0xA3, 0x7C, 0x0B, 0xD4, 0x80, 0x8C, 0x92, 0xFD, 0x64, 0xAE, 0x8A, 0xBD, 0x23, 0xF9,
    0xEA, 0x93, 0x97, 0x2F, 0x49, 0xFA, 0x6B, 0xA7, 0x9D, 0x72, 0xBD, 0x54, 0x2E, 0xF3, 0xB5, 0xFD,
    0x27, 0xC2, 0x0B, 0xB3, 0x66, 0x36, 0x13, 0x65, 0xA3, 0xC2, 0xC5, 0x7B, 0x78, 0x76, 0x09, 0x4F,
    0xEB, 0x38, 0xB3, 0x3F, 0x18, 0x87, 0x22, 0x92, 0x58, 0x73, 0x2E, 0x1B, 0xCE, 0x27, 0x03, 0x6D,
    0x07, 0x0C, 0x0E, 0xD6, 0x12, 0x8C, 0x1F, 0xE3, 0xA8, 0x3B, 0x97, 0xD8, 0x29, 0xB7, 0xD3, 0x85,
    0xD9, 0xCB, 0x6A, 0x59, 0xE5, 0x25, 0x2B, 0x7B, 0xF8, 0xA9, 0x92, 0x60, 0xA4, 0x85, 0xFC, 0x6B,
    0x68, 0x04, 0x84, 0x95, 0x7F, 0x35, 0xEE, 0x1F, 0x4D, 0x94, 0xC6, 0xF0, 0xF5, 0x78, 0x4A, 0x61,
    0xF8, 0x0B, 0xA8, 0xC9, 0xBE, 0xF4, 0x2A, 0x87, 0x50, 0xFE, 0xAA, 0x83, 0x19, 0x6D, 0xA0, 0x74,
    0xD2, 0xF4, 0x2B, 0xD0, 0x11, 0xB4, 0xD9, 0x20, 0x15, 0x74, 0x52, 0xAA, 0x3A, 0x07, 0x28, 0x21,
    0xF8, 0x15, 0x6E, 0xD0, 0x52, 0x00, 0x84, 0xD6, 0x5C, 0xAC, 0x7E, 0x33, 0xB7, 0xD3, 0x37, 0x20,
    0xA4, 0xE3, 0x8D, 0xC6, 0x58, 0x73, 0x23, 0x6F, 0x8B, 0xEE, 0xC6, 0x86, 0x6C, 0xD2, 0xA1, 0xC8,
    0x1A, 0xA0, 0x8F, 0x01, 0xC7, 0x29, 0x38, 0x1D, 0xC1, 0xB0, 0x04, 0x39, 0xD1, 0x48, 0x4A, 0x27,
    0xED, 0xA7, 0x60, 0x97, 0xE5, 0x2E, 0xAD, 0x52, 0x66, 0x09, 0xC1, 0x8A, 0xEE, 0x39, 0x38, 0x18,
    0xCC, 0x96, 0x2A, 0xCC, 0x14, 0x16, 0x6B, 0xB0, 0x5A, 0x83, 0xCD, 0x1F, 0xDC, 0x71, 0x7D, 0xF2,
    0xB5, 0x11, 0x62, 0x85, 0xA1, 0x42, 0x76, 0x6A, 0x55, 0x7A, 0x69, 0x61, 0x1B, 0x85, 0xC1, 0xF7,
    0xD4, 0xDA, 0x46, 0xEF, 0x0C, 0x2F, 0x5C, 0x6E, 0x29, 0x50, 0xBF, 0xA4, 0x8B, 0xB3, 0xFF, 0xCD,
    0x67, 0xDF, 0xE0, 0x75, 0x7A, 0xF9, 0x21, 0xA1, 0xF6, 0x49, 0xEA, 0x18, 0xD2, 0x18, 0xF5, 0x99,
    0x8A, 0x9E, 0xFA, 0xAA, 0xB3, 0x34, 0x33, 0x7D, 0x31, 0x56, 0x53, 0x35, 0x15, 0x63, 0xDA, 0xEB,
    0xA2, 0x9B, 0xA8, 0x4D, 0x86, 0x7C, 0x2A, 0xE6, 0xA7, 0xEF, 0xCB, 0xF6, 0xE9, 0x2D, 0xBA, 0xC5,
    0x67, 0xF8, 0x88, 0xB1, 0x7D, 0xDE, 0xA7, 0x8F, 0xBC, 0xF3, 0xF1, 0xDA, 0xCB, 0x6A, 0xA7, 0x21,
    0xC7, 0xF1, 0x6F, 0xE9, 0xA8, 0x6C, 0x0D, 0x77, 0x0F, 0x66, 0xFB, 0x77, 0x5F, 0xB4, 0xB9, 0xA9,
    0xEA, 0x74, 0xB4, 0x42, 0x85, 0x92, 0xCF, 0x78, 0x8E, 0xAA, 0xC9, 0x5F, 0x80, 0x50, 0x45, 0x44,
    0xFE, 0x01, 0x6F, 0xAC, 0xC5, 0xF3, 0x34, 0xE3, 0x39, 0x70, 0x85, 0xED, 0x93, 0x68, 0xA4, 0x4E,
    0xC1, 0x08, 0x63, 0x45, 0x10, 0x25, 0xC0, 0x48, 0x63, 0xE9, 0xB3, 0x29, 0x9B, 0xA4, 0xEA, 0xAB,
    0x3E, 0x58, 0xC0, 0x82, 0xC1, 0x1A, 0xD3, 0x6D, 0xC1, 0x63, 0x5D, 0xC2, 0x1B, 0x8F, 0xBF, 0xE8,
    0xC4, 0x56, 0x5F, 0xB1, 0xB2, 0x27, 0xAD, 0x03, 0xA8, 0x50, 0xAE, 0x06, 0xFA, 0xA6, 0xAE, 0xEA,
    0x44, 0x81, 0x0D, 0x55, 0x6C, 0xE1, 0x9D, 0x01, 0x31, 0x17, 0x45, 0x98, 0xBC, 0xA0, 0x28, 0x00,
    0x1E, 0x10, 0x06, 0x03, 0x61, 0xD4, 0x47, 0x75, 0x3E, 0x02, 0xA1, 0xF2, 0xDA, 0xCB, 0x69, 0x59,
    0xD0, 0x9D, 0x09, 0x9D, 0xDA, 0x41, 0x44, 0x38, 0xA6, 0x08, 0x1D, 0x22, 0xF3, 0x79, 0xDC, 0x8F,
    0xDB, 0x1F, 0x54, 0x7B, 0x92, 0x7E, 0x13, 0x2E, 0x5E, 0xF2, 0x70, 0xD6, 0xEC, 0xD1, 0x75, 0xE2,
    0xFE, 0x48, 0x88, 0xE9, 0x30, 0x74, 0xD4, 0x9D, 0xC4, 0x8D, 0xAE, 0xD6, 0x61, 0xE7, 0xD1, 0xF3,
    0xF8, 0x79, 0x04, 0x3D, 0x86, 0x1E, 0x45, 0x8F, 0xA3, 0x47, 0xD2, 0x63, 0xE9, 0xD1, 0x54, 0x3C,
    0xC9, 0x52, 0x20, 0x5A, 0x19, 0x01, 0xA6, 0x7F, 0xA3, 0x1E, 0xB4, 0x88, 0x1E, 0x52, 0x63, 0x0F,
    0x62, 0x5A, 0x7B, 0x60, 0x42, 0x23, 0x08, 0x8E, 0x85, 0x93, 0x62, 0x40, 0xDB, 0x0B, 0x0C, 0x38,
    0x76, 0x4E, 0xF4, 0x5A, 0x62, 0xB0, 0x0F, 0x59, 0x19, 0x29, 0x87, 0xC4, 0x99, 0x16, 0x12, 0x48,
    0x6F, 0xC2, 0x06, 0xA8, 0xE2, 0x2B, 0xFE, 0xE0, 0xC5, 0xC8, 0x07, 0x5F, 0xE2, 0xC2, 0xA8, 0x72,
    0xEF, 0x52, 0xBF, 0x39, 0xFC, 0xA8, 0x7C, 0x9D, 0x4B, 0xDC, 0x51, 0xD1, 0x35, 0x90, 0x68, 0x73,
    0xE2, 0xD1, 0xD2, 0xA4, 0x14, 0xF5, 0x24, 0xE5, 0x5E, 0x11, 0x9A, 0xB0, 0x3D, 0x9A, 0xA2, 0x3E,
    0x69, 0x73, 0x84, 0x81, 0x70, 0x14, 0x20, 0x0B, 0xBA, 0x2B, 0x3B, 0x01, 0x05, 0xFD, 0x20, 0x7A,
    0xB5, 0x95, 0x60, 0x48, 0x29, 0x00, 0xFD, 0xF6, 0xD7, 0x7E, 0x86, 0xE9, 0xA8, 0x71, 0x69, 0x39,
    0xBB, 0xFB, 0x33, 0xDA, 0x18, 0xDC, 0x3F, 0x50, 0x48, 0x1C, 0xCA, 0xA0, 0x77, 0xA6, 0x74, 0x8F,
    0xA6, 0x26, 0xA3, 0x78, 0xD0, 0x97, 0xD3, 0xCA, 0xE3, 0x05, 0xC3, 0xD2, 0x93, 0xC8, 0x18, 0xBE,
    0x1A, 0xE6, 0x7C, 0x40, 0xC4, 0x53, 0x20, 0xB2, 0x5B, 0x40, 0x9C, 0xB8, 0x30, 0x85, 0x92, 0x9D,
    0x96, 0xA7, 0x61, 0xB1, 0x22, 0xC8, 0x22, 0x68, 0xCD, 0x17, 0x12, 0x8E, 0x74, 0xD7, 0x6E, 0x95,
    0x1A, 0xB7, 0x4A, 0x70, 0x60, 0x7E, 0xD5, 0x26, 0xBF, 0x7C, 0xF7, 0x7D, 0x9B, 0xFA, 0x8E, 0x41,
    0xED, 0x5B, 0x87, 0x8E, 0x5C, 0xF7, 0x0F, 0x78, 0x0F, 0x49, 0xED, 0x70, 0x86, 0xD3, 0x0D, 0x10,
    0xBD, 0xEA, 0xDA, 0xF8, 0x3F, 0x7D, 0x28, 0xF4, 0x6D, 0x1F, 0x19, 0xC5, 0x3E, 0x18, 0x72, 0x41,
    0xA7, 0x6C, 0x47, 0xAA, 0xFA, 0xB2, 0x15, 0xBA, 0xF6, 0x40, 0x5C, 0x94, 0x38, 0x30, 0x5A, 0xA3,
    0x16, 0x5B, 0x6D, 0x69, 0x88, 0x38, 0x41, 0xF4, 0xAB, 0xAB, 0xD5, 0xA4, 0x0B, 0xC4, 0xF8, 0x4D,
    0x99, 0x94, 0x73, 0x82, 0xBC, 0x74, 0x51, 0x16, 0xB9, 0xC7, 0xB6, 0x62, 0x5B, 0x53, 0xB5, 0xD0,
    0xB6, 0x30, 0x33, 0x3D, 0x6C, 0xCC, 0x08, 0x9B, 0x34, 0x45, 0xDE, 0xE3, 0xAE, 0x5E, 0x97, 0xE4,
    0x04, 0x27, 0x42, 0x87, 0xD7, 0x8A, 0x11, 0xA9, 0x17, 0xE8, 0x1D, 0xDF, 0xED, 0x2F, 0xE4, 0xA3,
    0xC9, 0x87, 0x4D, 0xDF, 0x16, 0xED, 0x09, 0x7A, 0x22, 0x6F, 0xBD, 0xB2, 0xC1, 0xE1, 0xB9, 0xC3,
    0x29, 0xD7, 0x5F, 0x1F, 0x39, 0x79, 0x10, 0xB7, 0xFE, 0x5F, 0x09, 0x9D, 0xEB, 0x71, 0x01, 0x0E,
    0x3D, 0x98, 0xE3, 0x43, 0xE3, 0xE8, 0x78, 0x5E, 0x1E, 0x79, 0x7D, 0xF4, 0xF8, 0xE0, 0xE8, 0x65,
    0xB2, 0xA8, 0xF6, 0xC1, 0xCD, 0x5F, 0xF9, 0x76, 0xF9, 0x1D, 0xBF, 0xB7, 0xFF, 0x1F, 0xF8, 0x00,
    0x87, 0xEC, 0xF0, 0x7F, 0xDB, 0xE3, 0xDF, 0xDF, 0x74, 0x6D, 0xB7, 0xE5, 0x5A, 0xE3, 0xED, 0x45,
    0xE3, 0xE9, 0x97, 0xF2, 0x23, 0x6A, 0x27, 0x18, 0x2E, 0x97, 0x4E, 0x23, 0x5C, 0xF0, 0x06, 0xAF,
    0x52, 0x66, 0xAD, 0xD2, 0x32, 0x77, 0xA1, 0x5A, 0xF4, 0xC6, 0xDC, 0x39, 0xD2, 0xF4, 0x3A, 0xAC,
    0x07, 0x2F, 0xB2, 0x7C, 0xEE, 0x14, 0x6B, 0x3B, 0x77, 0xF6, 0x44, 0x0E, 0x96, 0x17, 0x03, 0x2E,
    0x3E, 0xCB, 0xA7, 0x0D, 0x2E, 0xC8, 0xCC, 0xB8, 0x03, 0x8A, 0xEA, 0xF8, 0x91, 0x1C, 0x2A, 0x7B,
    0x18, 0x7A, 0xCE, 0x26, 0x97, 0x82, 0xBB, 0x3E, 0xF7, 0xAE, 0x56, 0x73, 0x66, 0x53, 0xA0, 0x1B,
    0x4F, 0x3D, 0xAB, 0x2E, 0xDF, 0x0D, 0x08, 0xBF, 0xEC, 0x2E, 0x48, 0xEA, 0x9C, 0x8A, 0x8A, 0xE8,
    0x9B, 0x17, 0x37, 0x10, 0x44, 0xEB, 0xC5, 0x10, 0x30, 0x40, 0x47, 0x64, 0x65, 0x12, 0xFB, 0x3A,
    0x18, 0xF6, 0xEB, 0x06, 0x3E, 0x73, 0x9E, 0x90, 0x9C, 0x7E, 0x8D, 0xD0, 0x0D, 0x7B, 0xE4, 0xF8,
    0x39, 0x90, 0x35, 0x0C, 0xC9, 0x06, 0x09, 0x26, 0x66, 0x34, 0xB2, 0x1B, 0x93, 0x57, 0xDB, 0xCA,
    0xB9, 0x3F, 0xD7, 0xD9, 0x9E, 0x55, 0xEE, 0x8A, 0xF2, 0x9A, 0x05, 0x86, 0xD5, 0x02, 0xBF, 0x03,
    0x74, 0x7D, 0x14, 0xBA, 0xA7, 0x98, 0x96, 0xCB, 0xA6, 0x8E, 0x86, 0xE5, 0x66, 0x98, 0x10, 0x12,
    0x93, 0x7B, 0x1C, 0x2E, 0x82, 0xB7, 0x07, 0x86, 0xA3, 0x68, 0x40, 0x0E, 0x84, 0xEE, 0xEF, 0xB9,
    0xE5, 0x26, 0xC7, 0xF4, 0x69, 0x57, 0xB1, 0x49, 0x5D, 0x04, 0x9D, 0xFB, 0x80, 0x90, 0x09, 0x62,
    0xAE, 0x63, 0x2B, 0x2F, 0x72, 0xE3, 0xCA, 0x0C, 0xB2, 0x74, 0xFC, 0x4D, 0x77, 0xEC, 0xF4, 0xBD,
    0xA7, 0x6B, 0x14, 0x26, 0x2A, 0x65, 0x41, 0xE9, 0xF2, 0xA2, 0x03, 0x8D, 0xE2, 0xB1, 0xAA, 0x76,
    0x64, 0x5C, 0x05, 0xD1, 0xBA, 0xE4, 0xCA, 0x28, 0x6B, 0x30, 0x10, 0x27, 0x7A, 0xC7, 0xB0, 0x23,
    0x0C, 0x08, 0xDF, 0xFE, 0x2A, 0xEB, 0x4D, 0x2A, 0x26, 0xF6, 0x88, 0xD1, 0xBD, 0x35, 0x61, 0x77,
    0xDC, 0x87, 0x12, 0xF1, 0xC8, 0xB3, 0x88, 0xD0, 0x00, 0x23, 0x85, 0x71, 0x1B, 0x00, 0x66, 0xC8,
    0xC4, 0xEC, 0xF7, 0xAC, 0x62, 0x62, 0x1F, 0x75, 0xDB, 0x4D, 0xBB, 0x72, 0xD9, 0x8E, 0x0C, 0xE7,
    0xAE, 0x77, 0x4E, 0x64, 0x77, 0x1F, 0x5E, 0x2A, 0x9C, 0xD3, 0xD5, 0xB4, 0xCC, 0x19, 0x86, 0xC8,
    0x55, 0xEB, 0x86, 0xA6, 0x56, 0x57, 0xBB, 0x0C, 0xA6, 0x3F, 0xE4, 0x6B, 0x71, 0xEC, 0x08, 0x0A,
    0x43, 0xFB, 0x57, 0x0C, 0x7C, 0xDA, 0x5D, 0xAF, 0x39, 0x88, 0x0F, 0x33, 0x15, 0x54, 0x16, 0xDB,
    0x3A, 0x95, 0x48, 0x46, 0x1F, 0xFF, 0x66, 0xAE, 0x42, 0x07, 0xBC, 0x6B, 0xF4, 0x6D, 0x23, 0x2A,
    0xB0, 0x35, 0x8F, 0xED, 0x43, 0x5C, 0xCE, 0x6A, 0x86, 0x68, 0xDB, 0xE3, 0x20, 0x13, 0xD7, 0xCC,
    0xBB, 0x88, 0x04, 0xAD, 0xEA, 0xB6, 0x13, 0xE4, 0x27, 0x86, 0xC3, 0xA6, 0x8B, 0x01, 0x79, 0x3F,
    0xC6, 0x3A, 0x65, 0x6F, 0xDB, 0x72, 0x19, 0xF3, 0x3D, 0x39, 0x3E, 0x60, 0x3D, 0xDA, 0xAA, 0x46,
    0xAC, 0xD1, 0x35, 0x88, 0x33, 0xD8, 0xF2, 0xFB, 0x93, 0xC4, 0x01, 0xF3, 0xD8, 0xDB, 0xAE, 0xAE,
    0x0B, 0xEB, 0x12, 0xD9, 0xC3, 0x17, 0xFC, 0x84, 0xAC, 0xE2, 0xB2, 0x9E, 0x6C, 0x55, 0xA0, 0x68,
    0xA8, 0x75, 0x04, 0xE7, 0x7F, 0x61, 0xD5, 0xD9, 0x54, 0xAE, 0x81, 0x5D, 0x77, 0x4D, 0x46, 0x27,
    0x52, 0xD8, 0x82, 0x4D, 0x6E, 0xCF, 0xD8, 0xA3, 0x3D, 0x0E, 0xC3, 0xDF, 0xF2, 0xC5, 0x89, 0x9E,
    0xD3, 0x7A, 0x53, 0x0D, 0x4B, 0xE4, 0x74, 0x22, 0x27, 0xC0, 0x16, 0x98, 0x4E, 0x92, 0x4F, 0x40,
    0x56, 0xFD, 0x55, 0xB5, 0xAC, 0x58, 0x05, 0x57, 0xE5, 0x44, 0x86, 0xF2, 0x29, 0x71, 0x01, 0x87,
    0x7A, 0x8D, 0xE3, 0x38, 0x36, 0xB9, 0xEB, 0x24, 0xFE, 0xE3, 0x27, 0x94, 0xF7, 0xA5, 0x59, 0x4D,
    0x92, 0x6F, 0x55, 0x3A, 0xAF, 0xED, 0x63, 0x3A, 0xA9, 0x88, 0xFA, 0x69, 0x35, 0xA9, 0xC6, 0xBD,
    0x5A, 0xDB, 0x82, 0x8E, 0x49, 0xDB, 0x41, 0xDB, 0x2F, 0x32, 0x3D, 0x40, 0x7B, 0x83, 0x1D, 0xD9,
    0x22, 0xFB, 0xD4, 0x96, 0xA5, 0x77, 0xB6, 0x11, 0x46, 0x1A, 0xE8, 0x7C, 0x81, 0xE5, 0xC0, 0x3A,
    0x28, 0x46, 0xD2, 0x36, 0xB3, 0xBD, 0xB6, 0xB1, 0x1D, 0xB4, 0x45, 0xF0, 0x60, 0x74, 0x88, 0xC6,
    0xBA, 0x96, 0xC5, 0x65, 0x16, 0x0A, 0x12, 0xDF, 0x46, 0x9C, 0x72, 0x72, 0x86, 0x32, 0xA4, 0x57,
    0x2B, 0x46, 0xFC, 0xB6, 0xA7, 0x15, 0xB8, 0x82, 0x8B, 0x13, 0x8D, 0x9E, 0x9A, 0x57, 0x84, 0x03,
    0x3A, 0xAA, 0x7D, 0x19, 0xD2, 0xC5, 0xF4, 0xB9, 0xB3, 0xA7, 0x91, 0x0F, 0xC1, 0x76, 0xC5, 0x17,
    0x77, 0x5D, 0xA9, 0x66, 0x4F, 0x37, 0x41, 0x94, 0x9B, 0xF9, 0x10, 0x92, 0x6D, 0xAC, 0x65, 0x8D,
    0x3A, 0x08, 0xD6, 0x29, 0x99, 0xD3, 0xCB, 0x96, 0x19, 0x0B, 0x0B, 0x48, 0xB1, 0x15, 0xA3, 0x1E,
    0x38, 0x00, 0x73, 0xC3, 0x1A, 0x33, 0x24, 0x48, 0x4D, 0xB8, 0x1D, 0x4E, 0x34, 0xA3, 0x7A, 0x7D,
    0x56, 0xE9, 0x5C, 0xA3, 0x14, 0x98, 0xC6, 0x35, 0xEA, 0xFF, 0x31, 0xCA, 0x82, 0x8F, 0xB7, 0x8C,
    0xC8, 0xB4, 0xF0, 0x48, 0x81, 0xC3, 0x5F, 0xA7, 0x45, 0x7B, 0x8C, 0x4D, 0xF7, 0x9D, 0xD9, 0xBF,
    0x27, 0x15, 0xA1, 0x8B, 0xEB, 0x64, 0xE3, 0x8E, 0x27, 0x76, 0x5C, 0x27, 0xD4, 0xED, 0xCC, 0x78,
    0x87, 0xE2, 0x53, 0xF8, 0xC0, 0xC9, 0x41, 0x50, 0x3E, 0xCD, 0x64, 0x9E, 0xF7, 0xEB, 0xE8, 0x62,
    0x64, 0xA7, 0xA2, 0xB9, 0x33, 0xF1, 0xCD, 0xBF, 0xEA, 0x46, 0xCA, 0x20, 0xD7, 0xD7, 0x04, 0xFA,
    0x69, 0x5D, 0xCD, 0xC0, 0x2D, 0x55, 0xEA, 0xB6, 0x8D, 0x5C, 0x74, 0xE8, 0x32, 0x86, 0x23, 0x47,
    0xED, 0xC9, 0x64, 0xEB, 0x69, 0x25, 0xD3, 0x59, 0x26, 0x06, 0x00, 0xF8, 0xED, 0x5B, 0x56, 0x05,
    0xF8, 0x3F, 0xEC, 0xF1, 0x37, 0xB1, 0xE1, 0xFC, 0x29, 0x27, 0x13, 0xC9, 0xC9, 0xC5, 0x82, 0x69,
    0x4E, 0x1B, 0x4E, 0x89, 0x49, 0x4C, 0x38, 0x71, 0xBF, 0xA8, 0x71, 0x31, 0x7F, 0x4A, 0xD3, 0xCF,
    0xE7, 0x2D, 0x82, 0xF8, 0xA2, 0x4D, 0x4C, 0x6A, 0xD8, 0x0F, 0xFD, 0xEF, 0x5D, 0xD4, 0x47, 0x97,
    0x54, 0xBF, 0xA8, 0x54, 0x87, 0xA3, 0x52, 0xFD, 0x8B, 0x41, 0xA9, 0xB6, 0x9D, 0x52, 0x6D, 0xCB,
    0x35, 0xAA, 0x53, 0x47, 0x75, 0xE1, 0xA8, 0xB6, 0x4A, 0x75, 0xB4, 0x50, 0xAA, 0x53, 0xA3, 0xE4,
    0x16, 0x2D, 0x1B, 0x68, 0x10, 0xA9, 0x46, 0xAC, 0x4C, 0xAA, 0x33, 0xA3, 0x54, 0x57, 0x74, 0x2D,
    0xCD, 0x42, 0x1D, 0x9B, 0x5A, 0x52, 0x8C, 0x02, 0x3B, 0xAF, 0x54, 0xD7, 0x6B, 0x54, 0xA7, 0x8E,
    0x6A, 0x0A, 0x24, 0xA8, 0xB6, 0x5F, 0x53, 0xAA, 0xE7, 0x8E, 0xEA, 0xBF, 0x5C, 0x2E, 0xAE, 0x2F,
    0x2C, 0xBA, 0x04, 0x63, 0x59, 0x56, 0x5C, 0x16, 0xD3, 0x5C, 0x8E, 0xE1, 0x93, 0x0C, 0x35, 0x49,
    0xD7, 0x66, 0x33, 0x09, 0x67, 0x77, 0xB8, 0x69, 0x14, 0x31, 0x09, 0x1B, 0xB8, 0x27, 0x12, 0xD1,
    0xCB, 0xE4, 0x35, 0xB9, 0x8C, 0xF1, 0xB4, 0x49, 0x4F, 0x36, 0xF2, 0x7E, 0x9B, 0x70, 0xD9, 0x30,
    0x34, 0x55, 0xAF, 0xCF, 0xA0, 0x8B, 0xD3, 0x6E, 0xBB, 0xA4, 0x4C, 0xB9, 0x58, 0xC7, 0xC6, 0x65,
    0x9D, 0x9D, 0x8A, 0x9D, 0x66, 0x58, 0x8D, 0x5B, 0xDC, 0x60, 0xE6, 0x13, 0xFB, 0x4B, 0xEB, 0x84,
    0x7A, 0x0F, 0xE3, 0xE9, 0xF4, 0x35, 0x43, 0x5F, 0x32, 0x64, 0x1A, 0xF2, 0xD4, 0x92, 0xE9, 0xCB,
    0x82, 0xDE, 0xA3, 0x38, 0x53, 0x14, 0xF9, 0x0D, 0x70, 0xCD, 0x52, 0xD6, 0xD3, 0x94, 0xA7, 0x78,
    0x35, 0xD7, 0x72, 0x18, 0x9F, 0xB8, 0xF8, 0x2C, 0x66, 0xF9, 0x6D, 0xBD, 0xD0, 0xF5, 0xF4, 0x92,
    0x79, 0x22, 0x5A, 0x48, 0x9C, 0x8D, 0xCD, 0x5D, 0xD5, 0xA3, 0xF2, 0xE5, 0x98, 0xE3, 0xEA, 0xD5,
    0xF1, 0x61, 0x8A, 0xD2, 0x1F, 0xA6, 0x48, 0xB8, 0x5D, 0xAB, 0x1B, 0x0E, 0x2E, 0x9B, 0x5A, 0x3F,
    0x4C, 0x91, 0xB9, 0x93, 0x0E, 0xDB, 0xAE, 0x24, 0x71, 0x43, 0xA7, 0x69, 0x5D, 0x4D, 0xEA, 0x35,
    0x9D, 0xA1, 0xF9, 0xDD, 0xDA, 0x61, 0x0A, 0x7F, 0x1A, 0xE2, 0x9D, 0x0F, 0x4C, 0xBC, 0x5B, 0xF3,
    0x47, 0x0F, 0x53, 0x30, 0x43, 0xD0, 0xC0, 0x5D, 0x37, 0x0A, 0xC7, 0xB5, 0x5C, 0xF0, 0xB7, 0x8B,
    0x52, 0x73, 0x47, 0x6E, 0xB9, 0x8D, 0xB9, 0x66, 0x9F, 0x89, 0x1A, 0xBD, 0x48, 0x83, 0x6B, 0x07,
    0x43, 0x0F, 0xBB, 0x35, 0x78, 0x7C, 0x9F, 0x55, 0x38, 0x6B, 0x62, 0x7D, 0x8A, 0x0E, 0xC0, 0x1E,
    0x36, 0xE4, 0x85, 0x2A, 0x84, 0x7D, 0x73, 0x35, 0x97, 0x2E, 0x91, 0xE6, 0x13, 0x72, 0x22, 0xAB,
    0xC1, 0x2F, 0xB7, 0x95, 0x15, 0x34, 0x17, 0xD1, 0x98, 0x71, 0xE7, 0xAB, 0x8B, 0x07, 0x66, 0x5C,
    0x8C, 0x5E, 0x9B, 0x92, 0x5B, 0x33, 0xF0, 0x09, 0x03, 0x43, 0x9D, 0x90, 0x51, 0x3F, 0x13, 0x57,
    0x2C, 0x57, 0x52, 0x12, 0x9E, 0xD3, 0x73, 0x2A, 0x07, 0x1C, 0x33, 0xD4, 0x25, 0x8F, 0xD4, 0xD3,
    0x11, 0x9D, 0xC8, 0x46, 0x9A, 0x38, 0x86, 0xCC, 0x75, 0x2D, 0x8B, 0x4C, 0x80, 0xB9, 0xD5, 0x67,
    0x2D, 0x84, 0x92, 0xD6, 0x9C, 0xCB, 0x5E, 0x29, 0xCC, 0x01, 0x83, 0x8E, 0x52, 0x1A, 0x0D, 0x39,
    0x3A, 0xFC, 0xD4, 0xD2, 0xAC, 0x1F, 0xBA, 0xFA, 0xD7, 0x05, 0xE1, 0xA6, 0x92, 0xC4, 0x0C, 0xA9,
    0xC9, 0xD6, 0x85, 0x3F, 0x72, 0xC0, 0x75, 0xE6, 0x92, 0x07, 0xAD, 0x93, 0x0F, 0x38, 0x30, 0xD8,
    0x7E, 0x49, 0xBF, 0x65, 0xEB, 0xE2, 0x4B, 0xB6, 0x6D, 0x30, 0xC3, 0x3E, 0xF7, 0xB7, 0x02, 0x45,
    0x84, 0x5B, 0xBF, 0x75, 0x7C, 0x64, 0xEB, 0xFC, 0x27, 0xB6, 0x6E, 0x7E, 0x68, 0x6B, 0xCB, 0xCF,
    0x43, 0xFB, 0x00, 0xE2, 0x34, 0x2F, 0xA6, 0x62, 0xDC, 0xD8, 0xDB, 0xA8, 0x5D, 0x19, 0xA7, 0x71,
    0x85, 0x47, 0x92, 0x44, 0xC9, 0x8A, 0x3B, 0xB7, 0xEB, 0xF4, 0x71, 0x79, 0x8C, 0xF3, 0xF8, 0x9D,
    0x6E, 0x6E, 0x04, 0x16, 0x3C, 0x2F, 0x81, 0x79, 0xE6, 0xDC, 0xCA, 0xDB, 0x05, 0x83, 0x73, 0x89,
    0xCA, 0xE4, 0x71, 0xCE, 0x55, 0xCB, 0x73, 0x21, 0x24, 0x87, 0x7C, 0x27, 0xFB, 0xE7, 0xF2, 0x09,
    0x38, 0x81, 0x67, 0xE5, 0xF1, 0xD1, 0x93, 0xD4, 0x59, 0x59, 0x98, 0xAA, 0x83, 0x89, 0xEA, 0xF9,
    0xC9, 0x4D, 0xD5, 0x6E, 0xD4, 0x67, 0x8E, 0x2B, 0xCF, 0x8F, 0x83, 0x8E, 0xC0, 0xFB, 0xEF, 0x43,
    0x8C, 0x65, 0xB6, 0xB1, 0x34, 0xDB, 0x68, 0xB7, 0x20, 0x0F, 0xE3, 0xCA, 0x1F, 0x3C, 0x3E, 0x9E,
    0x95, 0x81, 0x8E, 0xD4, 0xCC, 0x39, 0xD6, 0x61, 0x53, 0xA7, 0x0F, 0x11, 0xD1, 0xB4, 0x1C, 0x2F,
    0xEB, 0x39, 0x62, 0xDE, 0x63, 0xCC, 0x1F, 0x5B, 0x1E, 0x5C, 0xA3, 0x94, 0x86, 0xEA, 0x89, 0x78,
    0xCC, 0x89, 0xA6, 0x8E, 0xFA, 0xFE, 0x5F, 0xBC, 0x6E, 0x1E, 0x40, 0x63, 0x3B, 0xFB, 0xC0, 0x8E,
    0x49, 0x8B, 0x39, 0x60, 0xB8, 0x1A, 0xDB, 0x80, 0xFF, 0xC5, 0x3C, 0xC5, 0x03, 0x1B, 0x7B, 0xA2,
    0x76, 0xF0, 0x34, 0xAD, 0x48, 0xCD, 0x28, 0x29, 0x1A, 0xB2, 0x29, 0xE9, 0x43, 0x93, 0x75, 0xD4,
    0x09, 0x7F, 0xBC, 0xA9, 0x75, 0xE4, 0x51, 0x4C, 0x0A, 0x17, 0xA7, 0x6D, 0x65, 0xF6, 0xDF, 0xC7,
    0x84, 0xFD, 0xF5, 0xA8, 0x03, 0x14, 0x22, 0xA1, 0x82, 0x60, 0x5A, 0x6A, 0x30, 0x23, 0x2E, 0x1A,
    0xE1, 0x4F, 0x4E, 0x5A, 0x8F, 0x97, 0x2B, 0xAF, 0xF0, 0x8C, 0x1D, 0xB5, 0x59, 0x4F, 0xE9, 0xC8,
    0x3F, 0x8B, 0x8A, 0xB7, 0xB0, 0x80, 0xC1, 0x49, 0xF8, 0x2C, 0xB7, 0xBE, 0xD5, 0xD4, 0xFA, 0x7D,
    0x24, 0x5A, 0xB5, 0xC5, 0xF5, 0x2E, 0x1A, 0x62, 0x84, 0x82, 0x30, 0x0C, 0xE6, 0xEC, 0x04, 0x0B,
    0x36, 0x15, 0x47, 0xB3, 0x5B, 0x27, 0x70, 0x32, 0x3A, 0xDD, 0xF9, 0xCC, 0xFE, 0xED, 0x98, 0xAE,
    0xF0, 0xC1, 0xB3, 0x9B, 0xB7, 0x18, 0x7D, 0xEC, 0xF9, 0xC8, 0x92, 0x3D, 0x6B, 0x97, 0xFF, 0x4D,
    0x2E, 0x01, 0x0C, 0xDB, 0xC7, 0x38, 0x0F, 0x5F, 0x1C, 0x73, 0x70, 0x01, 0x0F, 0x0D, 0x73, 0x8E,
    0xC8, 0x6E, 0x07, 0xCA, 0xC5, 0xAD, 0xF5, 0x5B, 0xD2, 0x3D, 0xAE, 0xB9, 0x82, 0x21, 0xEC, 0xE3,
    0x45, 0x3A, 0x25, 0x36, 0xD3, 0x4F, 0x34, 0x47, 0xB2, 0x7F, 0x3B, 0xDC, 0x3B, 0xF6, 0xD8, 0xFF,
    0xF7, 0x39, 0x2E, 0x69, 0x37, 0xF0, 0x0C, 0xAC, 0x8B, 0x5C, 0xE9, 0x61, 0x4B, 0x8D, 0x4F, 0x58,
    0x63, 0xC9, 0xCE, 0x42, 0xA8, 0x6D, 0x19, 0xDB, 0x52, 0xA3, 0xFE, 0xFF, 0xF5, 0x2F, 0xB1, 0x5D,
    0xE1, 0x7C, 0x0D, 0x4C, 0x27, 0x2C, 0x27, 0xC6, 0xE2, 0x79, 0xA1, 0x92, 0xEE, 0x70, 0x5F, 0x78,
    0xDE, 0xE7, 0xFD, 0x8D, 0x26, 0x2C, 0x9D, 0x60, 0x11, 0xC3, 0x05, 0x8B, 0x82, 0xE9, 0xAB, 0x6D,
    0x76, 0xB9, 0xDB, 0x0E, 0xCC, 0x17, 0xE4, 0xEB, 0xEF, 0x6F, 0xC0, 0xBC, 0xBC, 0x49, 0x25, 0x29,
    0xED, 0x6B, 0xB6, 0xE5, 0xA7, 0x69, 0x6D, 0x79, 0x46, 0x4F, 0xE9, 0xF1, 0x75, 0x4B, 0x05, 0x7A,
    0x03, 0x0A, 0xC6, 0x50, 0x3F, 0xF0, 0x69, 0xD6, 0x9F, 0xF2, 0x09, 0x75, 0x97, 0x64, 0xB1, 0x3C,
    0xA9, 0x40, 0xAD, 0xAC, 0x83, 0x5A, 0xF2, 0x91, 0x67, 0x1C, 0x2C, 0x35, 0x41, 0x15, 0x96, 0xB9,
    0x58, 0x42, 0x5F, 0x5D, 0xFD, 0xDB, 0x82, 0x67, 0xA9, 0x5C, 0xE6, 0x07, 0x51, 0xFD, 0x33, 0xDD,
    0x74, 0xC2, 0x84, 0xCD, 0x1B, 0xB6, 0x8F, 0x16, 0xF0, 0x62, 0x09, 0x8B, 0x60, 0x58, 0xED, 0xC6,
    0x14, 0x83, 0x54, 0x7A, 0xBC, 0xCE, 0x81, 0x6A, 0x75, 0x85, 0x15, 0xAD, 0xFA, 0x42, 0xCF, 0x4A,
    0xA1, 0x73, 0x09, 0xD7, 0xB8, 0x00, 0x22, 0x3F, 0xD7, 0x72, 0x15, 0xB7, 0x4A, 0xEE, 0x1C, 0x1F,
    0x5C, 0xB8, 0xC2, 0x7D, 0xA9, 0x50, 0xAB, 0x59, 0xB1, 0xEE, 0x68, 0xA7, 0xCA, 0x8E, 0x2D, 0xB9,
    0xE2, 0x8E, 0xD2, 0x71, 0xE1, 0x34, 0x50, 0xAF, 0xFE, 0xCE, 0x72, 0x6B, 0xAC, 0xC0, 0x00, 0x99,
    0xEE, 0xA5, 0x21, 0x04, 0x63, 0x2E, 0x65, 0x79, 0x64, 0x8A, 0x2E, 0x75, 0x7C, 0xCF, 0x10, 0xFE,
    0xB7, 0x82, 0x09, 0xB2, 0x6F, 0xF9, 0x12, 0x9C, 0xDB, 0x7E, 0xF3, 0x3B, 0xED, 0xEE, 0x0C, 0x96,
    0x59, 0x55, 0xA5, 0xA6, 0xD5, 0x89, 0xAD, 0x4F, 0xF8, 0x53, 0x7E, 0x5C, 0x3C, 0x70, 0xEE, 0x2E,
    0x84, 0x60, 0xE2, 0x52, 0x8E, 0xB0, 0x86, 0x29, 0x32, 0xC1, 0x0E, 0x39, 0x58, 0x43, 0x46, 0x28,
    0xA8, 0x3C, 0x50, 0x5E, 0x91, 0x2F, 0xF9, 0xEA, 0x20, 0x59, 0xB2, 0x60, 0x48, 0x61, 0x59, 0x26,
    0xA9, 0x68, 0x3B, 0x5D, 0xA2, 0x16, 0xBC, 0xBE, 0xCC, 0x57, 0x68, 0x32, 0x5C, 0xCA, 0x92, 0xD7,
    0xCB, 0xAC, 0x45, 0xCB, 0x67, 0xFD, 0x07, 0x8B, 0xC1, 0xF1, 0x3E, 0xFA, 0xB4, 0xAC, 0xED, 0xE8,
    0x81, 0xA3, 0xE4, 0x55, 0x3D, 0xD6, 0xD5, 0x13, 0x15, 0xC3, 0x1E, 0x5F, 0xFF, 0x60, 0xD1, 0xF8,
    0x18, 0x33, 0xD1, 0xCF, 0x7B, 0x91, 0xC8, 0x5D, 0x05, 0x14, 0x13, 0x99, 0x60, 0x75, 0x16, 0xE0,
    0x03, 0x9B, 0xFC, 0x66, 0x30, 0x82, 0xF0, 0xCB, 0x54, 0xEE, 0x1F, 0x53, 0x51, 0xBF, 0xCD, 0x38,
    0x2D, 0x82, 0x6A, 0xFC, 0x93, 0xDC, 0x5E, 0x72, 0xE8, 0x83, 0xA3, 0xFC, 0x19, 0x97, 0xC0, 0x6A,
    0x38, 0xEE, 0xB6, 0x0F, 0xFD, 0x7E, 0x6E, 0xBB, 0x7E, 0xE0, 0xC5, 0x15, 0xC1, 0x17, 0xFE, 0x84,
    0xE4, 0x35, 0x9E, 0x5D, 0x7D, 0x64, 0x13, 0xCE, 0x89, 0xF5, 0xFA, 0xB3, 0xEE, 0xCE, 0xE7, 0xD6,
    0xF1, 0x07, 0x92, 0x77, 0x11, 0x45, 0x03, 0xFF, 0x76, 0x1D, 0x7F, 0x1E, 0xBE, 0x35, 0x19, 0x41,
    0x05, 0xAC, 0xDF, 0x9C, 0x00, 0x7E, 0xCF, 0x93, 0xF4, 0xB6, 0x05, 0xFE, 0x76, 0x89, 0x7F, 0x4A,
    0xFC, 0x0B, 0xE2, 0xBF, 0x43, 0xFC, 0xCF, 0x2B, 0xFE, 0x2E, 0xED, 0x54, 0xE9, 0x95, 0x64, 0x6D,
    0x43, 0x54, 0x5C, 0x5A, 0x53, 0xB8, 0xAC, 0xC1, 0x25, 0x3C, 0xAB, 0x2C, 0xEF, 0xD3, 0xCD, 0xC6,
    0x5D, 0x30, 0xC8, 0x32, 0x9B, 0xC9, 0xAC, 0xDB, 0xE5, 0xA0, 0x7B, 0x78, 0x4F, 0xB0, 0xA2, 0x59,
    0x28, 0xD5, 0x38, 0x58, 0x7B, 0x44, 0xBB, 0x52, 0x41, 0x70, 0x9B, 0xB1, 0x02, 0x46, 0x67, 0xCA,
    0x17, 0x75, 0xA2, 0x1F, 0x1C, 0x17, 0x2C, 0x35, 0x8A, 0xE6, 0x11, 0xAD, 0x55, 0x69, 0x40, 0x37,
    0x68, 0x3D, 0xF7, 0x8E, 0x4F, 0x92, 0x3C, 0x31, 0xDC, 0xF4, 0x75, 0x6E, 0x8D, 0x4B, 0xEE, 0xEC,
    0x93, 0xEE, 0x14, 0x44, 0xBF, 0x33, 0xBA, 0x8B, 0x3E, 0x2A, 0x9A, 0xBB, 0x6A, 0x88, 0x3E, 0xFB,
    0x84, 0x31, 0xE4, 0xD1, 0x60, 0x56, 0x56, 0xF4, 0x44, 0xC2, 0x6B, 0xEA, 0x62, 0x14, 0x56, 0x2D,
    0xED, 0xC3, 0xB1, 0xBF, 0x7A, 0xD2, 0x7C, 0xA3, 0x55, 0x0C, 0x17, 0xCB, 0x15, 0xD5, 0x23, 0x78,
    0x4C, 0x28, 0x5C, 0xCD, 0x4B, 0x4F, 0x14, 0x7F, 0x61, 0x79, 0x98, 0x0C, 0x08, 0x53, 0x88, 0x6D,
    0x9F, 0x62, 0x02, 0x8E, 0xBF, 0x43, 0x47, 0xB7, 0x45, 0x15, 0xDB, 0x27, 0xA7, 0xB9, 0x59, 0x64,
    0x18, 0x95, 0xBC, 0xC5, 0xD0, 0x93, 0xFF, 0x66, 0xA0, 0xE7, 0x2F, 0x52, 0xE7, 0xA1, 0xC4, 0xED,
    0xBE, 0x48, 0x30, 0xAD, 0x92, 0x76, 0xB3, 0x3C, 0x4B, 0xA2, 0x27, 0x2C, 0xF5, 0x70, 0xA5, 0x1E,
    0xCD, 0x63, 0xDA, 0xBD, 0x73, 0x7F, 0x79, 0xA2, 0x40, 0x8F, 0x1E, 0x68, 0xD1, 0x6D, 0xB3, 0x5E,
    0xD5, 0x93, 0x9B, 0x65, 0xBE, 0x5C, 0x58, 0xF7, 0x9F, 0x0E, 0xBE, 0x02, 0xF0, 0x2E, 0x60, 0x83,
    0x26, 0xA9, 0x60, 0xA5, 0x11, 0xE9, 0x72, 0xC4, 0xE2, 0x22, 0x7E, 0xC8, 0xE6, 0x2C, 0x02, 0x2E,
    0xB4, 0x12, 0xA8, 0x41, 0xC5, 0x0A, 0xF0, 0x5E, 0xA2, 0xBF, 0x6A, 0xBF, 0x81, 0xEE, 0xB2, 0x87,
    0xE7, 0xD4, 0x0C, 0x88, 0x9B, 0xBD, 0x7F, 0xB5, 0xF7, 0x47, 0xA6, 0x54, 0x9A, 0x73, 0x3D, 0xCA,
    0xEE, 0x42, 0x7B, 0x1E, 0xD4, 0x64, 0xA4, 0x22, 0xF6, 0x97, 0xCC, 0xBC, 0x7F, 0xCA, 0x80, 0x8D,
    0x5F, 0xCF, 0xF8, 0xBD, 0x80, 0x0F, 0x15, 0x9F, 0xFF, 0x07, 0xDD, 0x5C, 0x3D, 0x90, 0xDC, 0x46,
    0x76, 0x6E, 0x00, 0xE4, 0x42, 0x26, 0x24, 0x82, 0x55, 0x96, 0x5D, 0xF6, 0xF2, 0x44, 0x30, 0x70,
    0xC0, 0x92, 0x45, 0x21, 0x51, 0x20, 0x97, 0x77, 0x09, 0xB0, 0xAE, 0xCA, 0x0A, 0x9C, 0x28, 0xD0,
    0x3A, 0xB8, 0x0B, 0x2E, 0x51, 0xE0, 0x62, 0x60, 0x5E, 0xA0, 0x80, 0x01, 0x75, 0x00, 0x75, 0x81,
    0x02, 0x27, 0x5B, 0xAE, 0x3A, 0x27, 0x4E, 0x58, 0x2E, 0x06, 0xA7, 0x51, 0x40, 0x06, 0x0A, 0x68,
    0xD7, 0x92, 0x80, 0xA8, 0xC0, 0xE1, 0xCD, 0xC9, 0xE5, 0xBA, 0xC0, 0x81, 0x51, 0xFA, 0xB9, 0x2A,
    0xC9, 0x81, 0x61, 0x09, 0x3C, 0x41, 0x4B, 0xCC, 0x3C, 0xBF, 0xEF, 0xBD, 0xEE, 0xC1, 0x0C, 0x29,
    0x8B, 0x47, 0x6A, 0xB9, 0xE2, 0x72, 0x49, 0xF4, 0xDB, 0xC5, 0x60, 0x1A, 0xAF, 0xBF, 0x7E, 0xDD,
    0xFD, 0xFE, 0xBA, 0x8D, 0x49, 0x88, 0x6A, 0xC3, 0x3F, 0xD9, 0x5D, 0xF4, 0x9E, 0x1F, 0xAF, 0x51,
    0x7A, 0xBE, 0x55, 0x4A, 0x9D, 0xA5, 0xBD, 0x10, 0x9F, 0x06, 0xA1, 0xC1, 0x7F, 0x29, 0x0D, 0x7F,
    0x35, 0x17, 0x1A, 0xFF, 0x3D, 0x29, 0x0D, 0x95, 0xA6, 0x01, 0x95, 0xA0, 0x9B, 0x81, 0xBE, 0x67,
    0xC3, 0x57, 0xBA, 0x63, 0x48, 0x5E, 0xD0, 0x19, 0xC2, 0x0B, 0x3C, 0x22, 0xA1, 0x01, 0x53, 0xBC,
    0x20, 0xF8, 0x74, 0xAB, 0x40, 0xC5, 0x51, 0x6D, 0x32, 0xD0, 0xB8, 0x36, 0x29, 0x5E, 0x90, 0xE6,
    0xDC, 0x02, 0xB0, 0xCD, 0xB7, 0x40, 0x0B, 0x50, 0x7E, 0x01, 0x81, 0xD6, 0x26, 0xE2, 0x4A, 0x2B,
    0xAE, 0x20, 0xA3, 0x01, 0x35, 0x2D, 0x1A, 0x73, 0x64, 0x32, 0x29, 0xB9, 0xE5, 0xD3, 0x94, 0x5B,
    0xCB, 0xBF, 0xDB, 0xBB, 0x39, 0xD7, 0x37, 0x70, 0x4B, 0xC8, 0xC4, 0x3F, 0xA7, 0x32, 0x3B, 0x4B,
    0x75, 0xE5, 0x51, 0x7D, 0x9D, 0x2F, 0x83, 0x0B, 0x1C, 0xA7, 0x54, 0x86, 0xBB, 0x54, 0xA6, 0xBF,
    0xA6, 0xB2, 0xBA, 0x45, 0x25, 0xE1, 0xFA, 0x80, 0xDE, 0xAF, 0x88, 0x66, 0xD9, 0x90, 0xF5, 0x6B,
    0xDB, 0x6B, 0xFC, 0xF2, 0x43, 0xB6, 0xBE, 0xE7, 0x4C, 0x20, 0x6D, 0x8D, 0xCB, 0x44, 0xA9, 0xE5,
    0x20, 0xA0, 0xD9, 0x2A, 0x86, 0x87, 0xF3, 0x27, 0x10, 0x63, 0x8F, 0xFF, 0x85, 0x79, 0x64, 0xC2,
    0x3A, 0xC1, 0x2B, 0x98, 0x7B, 0x6E, 0x75, 0xC5, 0x2D, 0x3A, 0x92, 0xEF, 0x21, 0xD6, 0x4F, 0xA0,
    0x7C, 0xC6, 0x56, 0x1A, 0xDE, 0x54, 0xE2, 0x2B, 0xC3, 0x26, 0xB4, 0x0D, 0x8B, 0x2D, 0x4D, 0x2C,
    0x4D, 0xDB, 0xA7, 0xF5, 0xEF, 0xF9, 0x8E, 0x7E, 0x6E, 0x5B, 0x1C, 0x92, 0x45, 0xE4, 0xE6, 0x5E,
    0xE1, 0x1D, 0x4D, 0x21, 0xCB, 0xD2, 0x18, 0x73, 0x93, 0x2F, 0xEE, 0x4F, 0x8F, 0x99, 0xF3, 0x67,
    0x3E, 0x57, 0x7C, 0x95, 0x1B, 0xC5, 0x2D, 0xAE, 0xF8, 0x46, 0x32, 0xC5, 0x6B, 0xAF, 0x2B, 0xEC,
    0x28, 0xA3, 0xF9, 0xC8, 0x70, 0x26, 0xAD, 0x53, 0x16, 0x05, 0xE9, 0x35, 0xDA, 0x55, 0x3C, 0x3B,
    0x40, 0x93, 0x0C, 0xA6, 0xE8, 0xB8, 0x5A, 0x8F, 0xB8, 0x92, 0x8B, 0x21, 0xB0, 0xDA, 0x14, 0xE4,
    0x9E, 0x4B, 0x31, 0x68, 0x9E, 0x12, 0x74, 0x8D, 0x60, 0x6D, 0xAA, 0x7E, 0xEC, 0xE0, 0x6F, 0x28,
    0xF5, 0x19, 0x29, 0xF5, 0x5B, 0x19, 0xD8, 0x38, 0x22, 0xB5, 0x71, 0x77, 0x73, 0xB7, 0x9E, 0xF1,
    0x81, 0xD1, 0x0D, 0x54, 0x17, 0x0C, 0xFC, 0xF6, 0xCF, 0x51, 0x23, 0xB7, 0x97, 0x5F, 0xED, 0x4D,
    0xB6, 0xC1, 0xF8, 0xB6, 0xB2, 0x9D, 0xD5, 0xCA, 0xF8, 0x0D, 0x65, 0xDD, 0xE7, 0x6F, 0xC9, 0xD0,
    0x3E, 0xC6, 0x1F, 0x33, 0x8B, 0x2C, 0x0B, 0x41, 0x97, 0x0C, 0x51, 0xE3, 0xB7, 0x68, 0x7B, 0x5A,
    0xDB, 0x6F, 0xE0, 0xE2, 0xBF, 0x33, 0x7E, 0x3C, 0x6B, 0xA5, 0x03, 0x36, 0x12, 0xFA, 0xC7, 0x3E,
    0xC2, 0xF3, 0x98, 0x67, 0x2B, 0x66, 0xE8, 0x08, 0xDE, 0x63, 0x4E, 0xA9, 0xAC, 0xE6, 0x22, 0x52,
    0x53, 0xE9, 0x45, 0xC8, 0x6F, 0xF1, 0xE1, 0x5C, 0xDE, 0x98, 0x2E, 0xC4, 0xFC, 0x71, 0x46, 0x0B,
    0x3F, 0x40, 0x86, 0x9B, 0x1A, 0x72, 0x15, 0x31, 0xB3, 0x90, 0x16, 0xE0, 0xA8, 0x34, 0x7D, 0x50,
    0x9B, 0xC6, 0xAB, 0xF7, 0x10, 0xB1, 0xBF, 0x93, 0x41, 0x2F, 0x83, 0x53, 0x11, 0xD3, 0xD2, 0x0E,
    0xD7, 0xCA, 0x1C, 0x08, 0xC4, 0xF8, 0x8A, 0x80, 0xD4, 0xDC, 0xC8, 0x34, 0x01, 0x8A, 0xBF, 0xBD,
    0xCB, 0x96, 0xF7, 0xBD, 0x42, 0xEB, 0x13, 0x13, 0x81, 0xD7, 0x4B, 0x60, 0x2D, 0x11, 0xF6, 0xED,
    0xEC, 0x20, 0x12, 0x67, 0x36, 0xCD, 0x41, 0x91, 0xAF, 0xD6, 0xAF, 0xCD, 0x4E, 0x58, 0x9B, 0x33,
    0x49, 0x6E, 0xD2, 0x4A, 0x65, 0x2C, 0xEC, 0x55, 0xE6, 0xCC, 0x74, 0xCF, 0x11, 0x33, 0x85, 0x40,
    0x66, 0x31, 0x5B, 0x4C, 0xA9, 0xBA, 0x44, 0x2C, 0xC3, 0xF6, 0xFC, 0x64, 0x42, 0x57, 0x44, 0x7B,
    0x22, 0xFE, 0x30, 0xA0, 0xAF, 0x7F, 0x84, 0x6F, 0xF0, 0x12, 0x91, 0x92, 0x90, 0x88, 0xEB, 0x66,
    0x82, 0x16, 0x62, 0xDD, 0x20, 0x5D, 0x46, 0x18, 0x0E, 0x90, 0x42, 0x09, 0x03, 0xB2, 0x4C, 0x48,
    0x48, 0xBA, 0x4A, 0x56, 0x1F, 0x19, 0x96, 0x49, 0xA1, 0x75, 0xF2, 0x25, 0x2F, 0x92, 0xF7, 0xF1,
    0xA2, 0xE6, 0x31, 0xF2, 0xDC, 0xCC, 0xE3, 0xE0, 0xAC, 0x31, 0x05, 0x97, 0x32, 0x19, 0x7B, 0x5B,
    0x4E, 0xC4, 0x5E, 0x94, 0xB5, 0xA5, 0xC2, 0xD0, 0x69, 0x09, 0xC3, 0xA8, 0xC5, 0x03, 0x55, 0x8B,
    0x0E, 0x2E, 0x5A, 0x74, 0x55, 0xD6, 0xF6, 0x52, 0xB6, 0x52, 0x36, 0x46, 0xB1, 0xD3, 0x32, 0x92,
    0x75, 0xB0, 0x42, 0x19, 0x90, 0x8F, 0x96, 0x0E, 0xFC, 0x5D, 0x13, 0xF7, 0xA6, 0x68, 0x4C, 0xDA,
    0xA1, 0xE4, 0xC7, 0xEE, 0x2E, 0xF5, 0xBE, 0x3C, 0xC3, 0xDC, 0x73, 0x6F, 0x24, 0x73, 0xFC, 0x1E,
    0xD1, 0x25, 0xFA, 0x5F, 0xAC, 0xA9, 0x15, 0xCB, 0x65, 0x35, 0xCF, 0x3E, 0x61, 0x79, 0xDC, 0xFE,
    0xB3, 0x3D, 0x46, 0x37, 0x81, 0x6C, 0x67, 0x94, 0x81, 0xA4, 0xB4, 0x4E, 0xBB, 0xDB, 0x8F, 0x12,
    0xDD, 0xC5, 0xCA, 0xED, 0x5B, 0x7D, 0x41, 0x90, 0xAB, 0xA4, 0x2C, 0x50, 0x6E, 0x55, 0xB7, 0x55,
    0x8D, 0x28, 0xB1, 0x3A, 0x93, 0x59, 0x41, 0xD7, 0xFF, 0xD7, 0x42, 0x44, 0x81, 0xBF, 0xE5, 0xD1,
    0x2B, 0x78, 0xE5, 0x0C, 0x2F, 0x8E, 0x07, 0x8B, 0x6E, 0x26, 0x58, 0x66, 0x82, 0xEB, 0x58, 0xEA,
    0x9D, 0x5E, 0x4A, 0x79, 0x32, 0x99, 0x99, 0xAA, 0xE1, 0x11, 0x75, 0x56, 0x7A, 0x69, 0x19, 0xDD,
    0xCB, 0x2F, 0x89, 0x74, 0x63, 0x8C, 0x65, 0xAE, 0x5C, 0xD5, 0xFF, 0x19, 0xFB, 0xC9, 0x8E, 0x40,
    0x3F, 0xE3, 0xEF, 0xF6, 0xDE, 0x4C, 0x40, 0x78, 0x51, 0xCA, 0x78, 0xA9, 0xF4, 0x8C, 0x6A, 0x46,
    0x63, 0x39, 0x45, 0xE9, 0xA1, 0xBC, 0xFD, 0x63, 0xAE, 0x93, 0xA4, 0x66, 0xDA, 0x7D, 0x17, 0x65,
    0xEB, 0x4F, 0xC7, 0x67, 0xA0, 0x07, 0xDC, 0xF5, 0x5D, 0x23, 0x00, 0x07, 0x0A, 0x73, 0xED, 0x71,
    0x99, 0x94, 0x2C, 0x6A, 0xEF, 0x92, 0x0A, 0x81, 0x63, 0x6E, 0x32, 0xB9, 0xC2, 0xED, 0x81, 0xEE,
    0xD4, 0x79, 0x93, 0xC5, 0x1A, 0xA4, 0x93, 0xE9, 0xFC, 0xFC, 0x34, 0xE8, 0xC2, 0x36, 0x6E, 0x83,
    0x3E, 0x69, 0x8F, 0x0F, 0xFC, 0xBD, 0x21, 0xDB, 0x9D, 0x5C, 0x5E, 0x99, 0x06, 0x00, 0x6E, 0x6F,
    0x4E, 0x25, 0xF4, 0x57, 0x7D, 0xBC, 0x98, 0x02, 0xF8, 0xBB, 0x47, 0x2E, 0x3B, 0x2D, 0xFE, 0x04,
    0x98, 0xB0, 0x1A, 0xBC, 0xEA, 0xEF, 0x81, 0x76, 0xB1, 0xEA, 0x97, 0x87, 0x1F, 0x77, 0x84, 0xA0,
    0xF9, 0xB5, 0xBC, 0x2A, 0x77, 0x01, 0x34, 0xCD, 0x29, 0x7F, 0x58, 0x0B, 0x3A, 0xDE, 0x95, 0xBD,
    0x43, 0xCA, 0x1C, 0x2F, 0x17, 0xE2, 0x6C, 0x71, 0xD1, 0xF9, 0x52, 0xC5, 0x3C, 0x9D, 0x1E, 0x08,
    0x59, 0x32, 0xAF, 0x5A, 0xB5, 0x85, 0xC6, 0x0B, 0x7F, 0x9B, 0xCB, 0x66, 0x2F, 0xE5, 0xEA, 0xB1,
    0xC5, 0x20, 0x94, 0x6E, 0x4A, 0x45, 0x21, 0xB8, 0x39, 0x1A, 0x1E, 0x81, 0x94, 0x91, 0xF4, 0x67,
    0x34, 0x04, 0x28, 0xA1, 0xEB, 0xDB, 0x61, 0xE0, 0x6B, 0x47, 0x9F, 0x2F, 0x15, 0x3F, 0x36, 0x21,
    0x18, 0x9F, 0x86, 0xF1, 0xE9, 0x96, 0xF0, 0xE9, 0xB3, 0xCF, 0x27, 0xDB, 0x0B, 0x7C, 0xB0, 0xF4,
    0x76, 0xE6, 0x54, 0x36, 0x3F, 0xDB, 0xF1, 0xC4, 0xD3, 0x32, 0x3E, 0xCD, 0x88, 0x0F, 0x5E, 0x3C,
    0x58, 0x15, 0x92, 0xAF, 0x98, 0x1F, 0x8E, 0x99, 0xAF, 0xA4, 0x39, 0x69, 0x92, 0x5D, 0x86, 0x46,
    0x66, 0x5D, 0x36, 0x59, 0xF8, 0xB9, 0xBF, 0x30, 0xAC, 0x0B, 0xF0, 0x27, 0x45, 0x8D, 0x85, 0x79,
    0x3E, 0x4A, 0x5D, 0x26, 0x8B, 0x74, 0x94, 0x1F, 0x0C, 0xA9, 0x83, 0x52, 0xC3, 0xAF, 0xD8, 0xE1,
    0x27, 0x33, 0x56, 0x94, 0x13, 0xAB, 0xD4, 0x00, 0x76, 0xBF, 0x53, 0x85, 0x7A, 0xCF, 0xC6, 0xA9,
    0xF9, 0x53, 0xAD, 0xAC, 0x2A, 0xD5, 0x36, 0x53, 0xA0, 0x54, 0x35, 0xCB, 0x3E, 0x12, 0x9E, 0x6E,
    0x98, 0x64, 0xC9, 0xAA, 0x3E, 0x4E, 0x9F, 0xC9, 0x83, 0xB2, 0xC8, 0x27, 0x94, 0x9F, 0xEF, 0xC5,
    0x84, 0x0F, 0x06, 0xD5, 0xB3, 0x07, 0x06, 0x9E, 0x61, 0xBE, 0xA8, 0xB6, 0xED, 0x86, 0x51, 0xA5,
    0xD0, 0xEA, 0x77, 0xA6, 0x50, 0x23, 0x4F, 0xF5, 0x42, 0x67, 0x8F, 0x3B, 0xD2, 0x9B, 0xF5, 0xAD,
    0xAD, 0x9C, 0x09, 0x5C, 0x30, 0x4C, 0x3C, 0xEE, 0x1C, 0x68, 0x87, 0x58, 0xB6, 0x06, 0x91, 0x90,
    0x6C, 0x26, 0xCD, 0x41, 0xC3, 0x33, 0x2C, 0xF1, 0x39, 0x08, 0xEC, 0xD4, 0x4C, 0x99, 0x10, 0x4B,
    0x93, 0xF1, 0x6C, 0x84, 0x41, 0xF1, 0xA8, 0xAC, 0x4D, 0xF2, 0x11, 0x54, 0x30, 0xDE, 0x3B, 0x01,
    0x8E, 0x44, 0xF3, 0xBD, 0xCA, 0x1F, 0x67, 0x6C, 0xA2, 0x9B, 0x8B, 0x3C, 0x1B, 0x9A, 0x6B, 0x82,
    0xED, 0xAB, 0x10, 0x7A, 0xFA, 0xF4, 0x35, 0x9F, 0x0A, 0x1A, 0xC2, 0x21, 0xA6, 0x21, 0x6E, 0x79,
    0x61, 0x4F, 0xDB, 0x60, 0xCE, 0x2F, 0xD4, 0x62, 0x86, 0x3F, 0x07, 0x93, 0x74, 0x41, 0xCF, 0x63,
    0x20, 0x82, 0x02, 0x70, 0xBE, 0x56, 0x7B, 0x37, 0x7C, 0x1F, 0x26, 0xA2, 0xE8, 0x44, 0x34, 0x87,
    0x26, 0x01, 0x0B, 0x9B, 0x8B, 0xA9, 0x80, 0x16, 0x7E, 0xCE, 0x45, 0x5A, 0xF2, 0x44, 0x58, 0x40,
    0x2E, 0x2B, 0x74, 0x14, 0xDA, 0x93, 0x73, 0x0F, 0x70, 0xCD, 0x3C, 0x4C, 0xF0, 0x70, 0xED, 0x40,
    0x3A, 0x06, 0x19, 0x04, 0x90, 0xB1, 0xF4, 0x88, 0x18, 0xDA, 0xDC, 0xC6, 0xB9, 0x9A, 0xF5, 0xC3,
    0x52, 0xA7, 0x99, 0x3F, 0x3A, 0xB8, 0xFD, 0x23, 0x3A, 0xD1, 0x35, 0x74, 0xD0, 0x75, 0x1F, 0x9A,
    0x15, 0x9E, 0xC0, 0xB2, 0xA4, 0x5C, 0xEA, 0xC2, 0xF4, 0x38, 0xF5, 0x0A, 0xA6, 0x0A, 0xC1, 0xA4,
    0x36, 0x0B, 0x3D, 0xCE, 0x11, 0x31, 0x8C, 0x80, 0xE5, 0xB2, 0x2B, 0xEA, 0x60, 0x8E, 0x1A, 0x40,
    0x1E, 0xCC, 0x8C, 0xED, 0x86, 0xB1, 0x90, 0x7B, 0x4B, 0x8B, 0xE0, 0xE3, 0xD4, 0x35, 0x07, 0x78,
    0x7E, 0x82, 0xDF, 0xCC, 0x7A, 0x83, 0x73, 0x25, 0xAA, 0x77, 0x57, 0x4A, 0x12, 0x25, 0xB1, 0xCA,
    0x95, 0xF5, 0xFF, 0xA8, 0x83, 0xCF, 0xD7, 0x19, 0x40, 0xF4, 0x53, 0x72, 0xE6, 0x45, 0x5C, 0xBB,
    0x2F, 0xA5, 0xF8, 0x38, 0x15, 0x27, 0x24, 0x26, 0x8E, 0x50, 0xDE, 0xF2, 0xF8, 0x0D, 0xAA, 0x23,
    0x16, 0x85, 0xAC, 0x5E, 0xF1, 0xD7, 0x86, 0xD6, 0x37, 0x9E, 0xDC, 0x56, 0x58, 0xCE, 0xC0, 0xA5,
    0xBA, 0x6C, 0x8C, 0xE4, 0xEB, 0x93, 0x49, 0xC9, 0x4B, 0x5F, 0x89, 0x8E, 0x09, 0xA4, 0x67, 0x06,
    0xE3, 0x89, 0xBD, 0xD7, 0x31, 0x6D, 0x1E, 0x92, 0xDE, 0xDE, 0xDA, 0xA2, 0x4E, 0x1C, 0x1F, 0xB4,
    0x42, 0x9B, 0xEF, 0x54, 0xAF, 0xCC, 0x12, 0xCC, 0xE3, 0x71, 0xC6, 0x8F, 0x75, 0x94, 0x1C, 0xD6,
    0x95, 0xDA, 0x59, 0xF6, 0xC7, 0xFA, 0xFD, 0xB4, 0xE5, 0x53, 0xE9, 0x1F, 0xE0, 0x50, 0xBD, 0x35,
    0x93, 0xFE, 0x3A, 0xE4, 0xE2, 0x12, 0xEA, 0xC2, 0x10, 0x43, 0x57, 0x3D, 0xC7, 0x0B, 0x4F, 0xD7,
    0xFD, 0x4A, 0x54, 0x41, 0xB7, 0x44, 0x71, 0xF9, 0x95, 0x70, 0x43, 0x58, 0x48, 0xA8, 0x85, 0x14,
    0x53, 0x1D, 0x6B, 0x39, 0x7B, 0xE0, 0x32, 0xA0, 0x86, 0xAD, 0xE6, 0x84, 0x86, 0x45, 0x6B, 0x1E,
    0xB4, 0x6F, 0x44, 0x0D, 0x52, 0x3C, 0xC4, 0xAE, 0xD7, 0xFB, 0xFD, 0xE3, 0xD3, 0x37, 0x9E, 0xCE,
    0x12, 0x02, 0x3E, 0x8D, 0xA5, 0x06, 0x0A, 0x02, 0xB2, 0xD1, 0x32, 0x59, 0xC1, 0x50, 0xFE, 0x39,
    0x4D, 0x4A, 0x77, 0x7F, 0x51, 0xFE, 0x2D, 0xCA, 0x48, 0x9C, 0x16, 0x05, 0x57, 0x1D, 0x90, 0x3A,
    0x4A, 0xCA, 0x0A, 0x25, 0x66, 0x91, 0x07, 0x2D, 0xB9, 0xAE, 0x6A, 0xC6, 0xEF, 0xFD, 0x82, 0x68,
    0x9C, 0x4B, 0x4A, 0xF3, 0x5A, 0xC0, 0x78, 0x53, 0x1E, 0x73, 0x5B, 0x5E, 0xE4, 0x89, 0xE7, 0xA5,
    0x71, 0xBC, 0xA0, 0x3F, 0xA4, 0x2F, 0x9C, 0xFF, 0x62, 0x2F, 0x2E, 0xF4, 0x29, 0x70, 0x2B, 0x16,
    0xDE, 0x02, 0x2F, 0x37, 0xAF, 0x86, 0x25, 0xE2, 0x3C, 0xD0, 0x27, 0x13, 0xEE, 0x9F, 0x0D, 0x96,
    0xDB, 0x93, 0xC6, 0xAE, 0x1D, 0x3C, 0x6D, 0xAC, 0x11, 0x5C, 0x10, 0x53, 0x5D, 0x32, 0x45, 0x1E,
    0xEF, 0x7F, 0xF9, 0xE2, 0x86, 0xD4, 0x48, 0x4D, 0xAA, 0xFD, 0x83, 0xAB, 0x34, 0xFB, 0xDC, 0x3E,
    0x96, 0x6B, 0xF4, 0x75, 0xC9, 0x7F, 0xF3, 0x3B, 0xDF, 0xB1, 0x6F, 0xDF, 0x9B, 0x76, 0x41, 0xD0,
    0x4E, 0x9B, 0x30, 0x4F, 0xCA, 0x34, 0x87, 0x87, 0x21, 0x74, 0x63, 0xE6, 0xF0, 0xFE, 0xB5, 0xEF,
    0x98, 0x39, 0xF6, 0xB2, 0x79, 0x6F, 0xC3, 0x74, 0x19, 0xB5, 0x09, 0x35, 0x10, 0xD8, 0xD7, 0x79,
    0x86, 0x29, 0x59, 0xAF, 0x39, 0x4E, 0xCC, 0x41, 0xCE, 0xEB, 0x28, 0xCB, 0xDF, 0xB7, 0xFC, 0x8F,
    0x68, 0x9A, 0x89, 0xF9, 0xB5, 0x2F, 0x2C, 0x63, 0x09, 0xC4, 0x8A, 0x07, 0x05, 0x79, 0xAE, 0x96,
    0x2A, 0xD4, 0xFC, 0x60, 0xE6, 0x33, 0x9B, 0x57, 0x45, 0x0C, 0xC5, 0xE3, 0x0C, 0xD7, 0xC3, 0xEB,
    0x08, 0x42, 0x31, 0xFF, 0xDC, 0xA8, 0x90, 0x4A, 0x8C, 0xCC, 0xD7, 0x75, 0x19, 0x7D, 0xF0, 0xD6,
    0x6D, 0x22, 0x16, 0xC3, 0xB6, 0x69, 0xD4, 0xC0, 0x2A, 0x4D, 0xA6, 0xBC, 0xD6, 0x9E, 0x64, 0xB3,
    0x34, 0x06, 0x62, 0x35, 0xEC, 0xCA, 0x13, 0x3C, 0x26, 0xAB, 0x66, 0x95, 0x77, 0xBB, 0xC0, 0xED,
    0xDB, 0x50, 0x7C, 0xD8, 0x5E, 0x7B, 0x6B, 0x32, 0xF9, 0x25, 0x33, 0x78, 0x4B, 0xFC, 0x69, 0xD0,
    0x7B, 0xC4, 0x74, 0x8D, 0xD5, 0xC3, 0xFA, 0xFD, 0x11, 0x4F, 0x09, 0x9A, 0xC8, 0x04, 0xAD, 0x8C,
    0x6D, 0xE4, 0x56, 0xB5, 0xB8, 0xB8, 0x1F, 0xA3, 0xA2, 0x7E, 0x03, 0x67, 0x81, 0x09, 0x7B, 0xB1,
    0x61, 0xA3, 0x59, 0xA1, 0xB3, 0xB0, 0x3E, 0xB1, 0x8E, 0x7B, 0xAF, 0x9B, 0xB5, 0xDC, 0x87, 0xCA,
    0xC3, 0xD0, 0x64, 0x1D, 0x8B, 0x44, 0xD1, 0x87, 0x28, 0x02, 0xDC, 0x93, 0x4F, 0x8D, 0x03, 0xF1,
    0x14, 0xC3, 0x18, 0xF6, 0xC7, 0xE9, 0x52, 0xD5, 0x67, 0xF4, 0x43, 0xEA, 0xF8, 0x1B, 0x45, 0x87,
    0x49, 0xB8, 0xBD, 0x7F, 0xD1, 0x2D, 0x8A, 0x16, 0x10, 0xB7, 0x0C, 0x72, 0xD6, 0x3A, 0xCF, 0xEE,
    0x52, 0x01, 0x65, 0xAA, 0x00, 0xCB, 0x70, 0x62, 0x68, 0x30, 0x86, 0x9C, 0xC9, 0x2A, 0xE1, 0x52,
    0x71, 0xC7, 0x08, 0x53, 0xA2, 0xD6, 0x41, 0x77, 0x12, 0xC7, 0x4B, 0xDC, 0xB3, 0x9E, 0xF8, 0x62,
    0x1E, 0x5A, 0xEF, 0xC0, 0x3A, 0x9C, 0x9F, 0xE2, 0xC6, 0xF5, 0x44, 0x7F, 0x12, 0x1D, 0xEB, 0x11,
    0x16, 0x9D, 0x73, 0xEE, 0x69, 0xD1, 0x38, 0xBD, 0xB5, 0xCA, 0xD9, 0x74, 0x85, 0xD6, 0x57, 0x43,
    0x47, 0xFE, 0x58, 0x02, 0x17, 0x7C, 0xDF, 0x73, 0x33, 0x26, 0xDB, 0xB5, 0xAC, 0x22, 0x66, 0x90,
    0x2C, 0x6F, 0xB7, 0x0B, 0xDA, 0x9D, 0xB0, 0xDE, 0x8C, 0xCC, 0x51, 0x63, 0x7E, 0x6A, 0xA2, 0x96,
    0x17, 0xE4, 0x50, 0xFD, 0xEB, 0x5C, 0x61, 0x71, 0xBF, 0xFF, 0xFC, 0x4C, 0x35, 0xC5, 0x5B, 0x49,
    0xFF, 0xE7, 0x1E, 0x01, 0x37, 0x56, 0x33, 0xB3, 0x29, 0x6B, 0x8D, 0x32, 0xDE, 0x9E, 0x5F, 0x9A,
    0xB6, 0x21, 0x06, 0x11, 0xA9, 0x9F, 0x26, 0xEC, 0xD4, 0x47, 0x23, 0x4A, 0x33, 0xD3, 0xCC, 0xFA,
    0x6C, 0x06, 0xA5, 0x81, 0xF5, 0xE1, 0xC4, 0xAA, 0x42, 0xB5, 0x99, 0x2A, 0x69, 0xAD, 0xAA, 0xDF,
    0xF4, 0x85, 0x6A, 0xA8, 0x74, 0x47, 0x9D, 0x38, 0x64, 0x07, 0x1E, 0x7D, 0xE9, 0x7C, 0x3F, 0x64,
    0xEB, 0x29, 0xD4, 0x29, 0xD5, 0xA6, 0xB2, 0x60, 0x51, 0x1B, 0x89, 0xED, 0x0E, 0xA7, 0x8C, 0x7D,
    0xBF, 0xF4, 0x15, 0xDE, 0x0F, 0x87, 0xAC, 0x84, 0x33, 0xA6, 0xCC, 0x23, 0xC6, 0xF2, 0x0C, 0x92,
    0x7E, 0x0B, 0x55, 0x1F, 0xBA, 0x37, 0x13, 0xC7, 0xAE, 0x1B, 0x36, 0x53, 0x61, 0x61, 0x39, 0x38,
    0xD3, 0x41, 0x9B, 0xB5, 0x44, 0x13, 0xB3, 0x92, 0x50, 0x60, 0x33, 0x25, 0xEE, 0x51, 0x6F, 0x32,
    0x8D, 0xD5, 0xAF, 0x2A, 0x30, 0xDF, 0x5A, 0xFA, 0x82, 0xAB, 0x58, 0x5C, 0x84, 0x9A, 0xB8, 0xEC,
    0x50, 0xC2, 0x65, 0x1E, 0x50, 0x2C, 0xCF, 0x64, 0x9A, 0x25, 0x21, 0xAA, 0x11, 0x56, 0x48, 0xBE,
    0xD3, 0xA2, 0x4C, 0x06, 0x55, 0x8D, 0xE4, 0x79, 0x51, 0x90, 0x8C, 0x2C, 0xA4, 0x97, 0xA4, 0xED,
    0x1F, 0xDF, 0x93, 0x86, 0x44, 0x66, 0xA1, 0xF3, 0x5A, 0xA3, 0xBB, 0x50, 0xF7, 0x95, 0x96, 0xF5,
    0x68, 0x2D, 0x69, 0x77, 0x89, 0x39, 0x11, 0x6A, 0x1B, 0xCF, 0x32, 0x9F, 0x29, 0xA9, 0xD2, 0x69,
    0x8A, 0x1C, 0x6D, 0x94, 0x81, 0x04, 0x2F, 0x10, 0xF3, 0x99, 0x2F, 0xF1, 0x29, 0x9C, 0x57, 0x72,
    0x3F, 0x93, 0xB6, 0xC4, 0xDF, 0xCA, 0xE7, 0x97, 0x4B, 0x7C, 0xBE, 0x38, 0x7A, 0x09, 0x7C, 0x19,
    0xCA, 0x61, 0x3F, 0x5A, 0x72, 0x9B, 0x63, 0x38, 0x08, 0x92, 0xE9, 0x02, 0x2D, 0x76, 0x72, 0xBA,
    0xDB, 0x77, 0xB8, 0xB7, 0xE5, 0x35, 0x29, 0x25, 0x36, 0xE6, 0x4F, 0x9D, 0x3F, 0xB2, 0x63, 0x8B,
    0x22, 0x1A, 0x15, 0xF0, 0x72, 0x14, 0x09, 0x4F, 0x02, 0x4C, 0x15, 0xAF, 0x02, 0xD3, 0xB8, 0x93,
    0x08, 0x87, 0x07, 0x39, 0x49, 0xE1, 0xB9, 0x04, 0x74, 0xC1, 0x77, 0xF8, 0x1F, 0x63, 0x30, 0xB6,
    0x07, 0x00, 0x84, 0xD1, 0x34, 0xAD, 0x96, 0x22, 0x76, 0xA9, 0x48, 0x55, 0x20, 0xA5, 0x2F, 0x77,
    0x02, 0x11, 0x45, 0xF5, 0x99, 0x6E, 0x9A, 0x47, 0x83, 0x95, 0xAE, 0x08, 0x21, 0x6E, 0xB2, 0x95,
    0x54, 0x62, 0x0A, 0x4D, 0x72, 0x88, 0xF9, 0x80, 0xA6, 0x00, 0xC9, 0x0B, 0x40, 0xF2, 0xD6, 0x00,
    0x24, 0x03, 0xB1, 0xEE, 0x02, 0x51, 0x32, 0xC0, 0xA8, 0x4E, 0x67, 0x5C, 0x8A, 0x5A, 0x12, 0x88,
    0xEB, 0x3A, 0x28, 0xF7, 0x0B, 0x49, 0x8F, 0x35, 0xB5, 0x22, 0xE6, 0x19, 0x30, 0x6E, 0x32, 0x8A,
    0xA7, 0x11, 0xC5, 0xAC, 0x00, 0xC9, 0x55, 0x62, 0x82, 0x08, 0xE8, 0x19, 0x99, 0x4C, 0xBE, 0xCB,
    0x85, 0x7C, 0x2A, 0x87, 0xD3, 0x43, 0x48, 0x95, 0xB7, 0x2D, 0x53, 0xB3, 0xE0, 0x95, 0x48, 0x68,
    0x00, 0x89, 0x5B, 0xEE, 0x77, 0xB1, 0x8F, 0xED, 0x33, 0xDF, 0x19, 0x0B, 0x9D, 0x6E, 0x31, 0xD9,
    0x62, 0xAA, 0x8D, 0xEE, 0xDB, 0x36, 0x9F, 0xD5, 0x92, 0x78, 0xCE, 0x17, 0xD9, 0x8B, 0x7F, 0x0F,
    0x86, 0x47, 0x88, 0x85, 0x96, 0x7F, 0x82, 0xF2, 0x77, 0x83, 0x2C, 0x6D, 0xBD, 0x24, 0x83, 0x94,
    0xF0, 0x64, 0x89, 0xC2, 0x22, 0xE5, 0xA9, 0x3D, 0xC1, 0xE2, 0x7C, 0x9E, 0x50, 0x9E, 0x7E, 0xB3,
    0xEC, 0x5F, 0x0C, 0xA0, 0x84, 0x36, 0xA1, 0x0C, 0xA3, 0x82, 0xCC, 0x1F, 0xDE, 0x47, 0x85, 0xED,
    0x9C, 0x7E, 0x61, 0x2D, 0xC3, 0xCC, 0x25, 0x01, 0xAA, 0x35, 0xEF, 0xCF, 0xEF, 0x4A, 0xA1, 0xB3,
    0x5A, 0x9E, 0xAC, 0xAD, 0x3F, 0x03, 0x4C, 0xCF, 0x4F, 0x2E, 0x17, 0x6A, 0xCA, 0x37, 0xB0, 0xBF,
    0xC4, 0xE9, 0x29, 0x41, 0x9A, 0x1E, 0xF7, 0x4A, 0xA1, 0x19, 0x96, 0x6F, 0xA1, 0x9D, 0xD0, 0xBF,
    0xC4, 0xF2, 0xCD, 0xF4, 0x02, 0x1E, 0x04, 0x85, 0x13, 0x1B, 0x14, 0x51, 0x2A, 0x50, 0x6E, 0x04,
    0x96, 0xA1, 0x0B, 0xF0, 0x9E, 0x75, 0x48, 0x88, 0xE3, 0x9A, 0x84, 0xB2, 0x89, 0x25, 0x34, 0xA4,
    0x4E, 0xA8, 0x4F, 0xB3, 0x56, 0xAA, 0xA8, 0x48, 0x69, 0x0A, 0x3A, 0x40, 0x46, 0x94, 0x8A, 0xC6,
    0x30, 0xA8, 0x97, 0x4C, 0xDC, 0x86, 0x19, 0x94, 0x99, 0x6D, 0xD1, 0x7E, 0x45, 0x81, 0x0F, 0x7A,
    0x8B, 0xC0, 0xB5, 0x45, 0x6E, 0x94, 0xAE, 0x98, 0xAA, 0x2C, 0xE8, 0xC7, 0xDA, 0x7C, 0xD5, 0x0A,
    0x24, 0xC2, 0x60, 0x7E, 0x20, 0xE8, 0xC8, 0xB2, 0x54, 0xBC, 0x42, 0xC8, 0x55, 0xCC, 0x18, 0xB2,
    0xC4, 0x7A, 0x29, 0xA6, 0xD5, 0x92, 0xEF, 0x21, 0xED, 0x1F, 0xB8, 0x84, 0x7A, 0x6D, 0x7D, 0x15,
    0xB6, 0x5F, 0x9E, 0x40, 0xAC, 0xDD, 0x8F, 0x8B, 0x00, 0xB8, 0xAC, 0x4B, 0x5A, 0xA4, 0x67, 0xDA,
    0x19, 0xFC, 0x2E, 0x1A, 0x3A, 0xE5, 0xCC, 0xCA, 0xE2, 0x05, 0xB3, 0xCF, 0x7D, 0xE1, 0x7E, 0x34,
    0x18, 0x68, 0xD3, 0xC1, 0xDA, 0x91, 0xE5, 0x60, 0xA9, 0x54, 0x66, 0x35, 0x36, 0xAC, 0x8C, 0x1E,
    0xCD, 0xBD, 0x6B, 0x1A, 0x18, 0x16, 0xC3, 0x04, 0x2E, 0x6E, 0xAD, 0xB7, 0xB0, 0xB9, 0xCD, 0x89,
    0x1D, 0x93, 0xC1, 0xB2, 0x1E, 0xF7, 0x84, 0xF6, 0xBF, 0x98, 0x30, 0x0C, 0xD2, 0xA6, 0x00, 0x36,
    0x8C, 0x48, 0x8A, 0x65, 0x64, 0xF5, 0x08, 0xED, 0xE8, 0x68, 0x9F, 0x7B, 0xD9, 0x57, 0x9A, 0x28,
    0xCF, 0x99, 0x76, 0x4E, 0x6A, 0x2D, 0x68, 0x5A, 0xB1, 0x27, 0x6E, 0x28, 0x51, 0xB3, 0xDA, 0xD3,
    0xEE, 0x8B, 0x1A, 0x0F, 0x16, 0x48, 0x95, 0xA7, 0xE2, 0x42, 0x8E, 0xD4, 0x87, 0x1C, 0xA9, 0x13,
    0xD9, 0xA7, 0x06, 0x5E, 0x64, 0x4F, 0xDD, 0xC8, 0xE6, 0x21, 0x89, 0xFD, 0x7A, 0x08, 0x87, 0x72,
    0xBE, 0xE2, 0x51, 0x66, 0x71, 0xD9, 0x46, 0x8E, 0x8F, 0xAA, 0x41, 0xBC, 0x84, 0x88, 0xB8, 0xC8,
    0x52, 0x4D, 0x2A, 0x99, 0x15, 0xB2, 0xA6, 0x6C, 0x0C, 0x51, 0x69, 0x67, 0xE9, 0x20, 0xF4, 0x22,
    0xF2, 0xCE, 0x41, 0x59, 0x5C, 0x84, 0xC6, 0xD4, 0x08, 0x65, 0x69, 0x00, 0xDD, 0xF1, 0x68, 0x10,
    0xCA, 0x35, 0x29, 0x4D, 0xE9, 0x96, 0xD0, 0x98, 0x3E, 0x16, 0x1A, 0xD0, 0x1D, 0x15, 0x0B, 0xB2,
    0xE2, 0x51, 0x58, 0x9A, 0xDC, 0x25, 0x36, 0x70, 0x27, 0xCB, 0x3A, 0x23, 0xF9, 0x68, 0x1A, 0x8A,
    0xCF, 0xC0, 0x6F, 0xFC, 0xFF, 0x4C, 0x00, 0x36, 0x8C, 0x63, 0x35, 0x48, 0xB3, 0x88, 0x73, 0x58,
    0x2B, 0xAE, 0xB0, 0xFE, 0xDD, 0xC2, 0xA6, 0x0A, 0xD8, 0xA0, 0xD5, 0x22, 0xED, 0xDB, 0x4E, 0x17,
    0xCF, 0xAA, 0x1C, 0x89, 0x18, 0x89, 0x14, 0x89, 0x10, 0x39, 0xF7, 0x43, 0xDA, 0xFF, 0xBE, 0x05,
    0x4B, 0x4E, 0xDA, 0xF3, 0xF2, 0x9E, 0xF6, 0x4E, 0xCD, 0x95, 0x59, 0x40, 0x8B, 0xC6, 0x09, 0x71,
    0x56, 0x5A, 0xFB, 0xEA, 0xD8, 0xA6, 0x0E, 0x0C, 0xEB, 0xC3, 0x38, 0x61, 0x0D, 0x61, 0x9B, 0x19,
    0xAF, 0x64, 0x76, 0xEF, 0x26, 0x92, 0x14, 0xE3, 0x88, 0xBB, 0x5A, 0x5C, 0x9F, 0x69, 0xE7, 0x5B,
    0x97, 0x69, 0x21, 0xF2, 0x0B, 0xB1, 0x8C, 0x66, 0x10, 0xCB, 0x3C, 0x11, 0x81, 0xA8, 0x33, 0x19,
    0x8E, 0x0D, 0xDE, 0xC3, 0xF0, 0xC2, 0xEB, 0xC0, 0x56, 0xB2, 0x1A, 0xCF, 0xDD, 0x0A, 0xE9, 0x45,
    0xBF, 0xE1, 0xBF, 0x2C, 0x11, 0xE9, 0x6A, 0x2B, 0x25, 0x82, 0x1C, 0xD7, 0x32, 0x17, 0x59, 0x43,
    0xBC, 0xCE, 0xA7, 0x52, 0x7D, 0xF2, 0x92, 0x34, 0x0C, 0xE9, 0xE3, 0xBA, 0x53, 0x09, 0x21, 0xFE,
    0x0D, 0x06, 0x8E, 0xAF, 0x49, 0xFD, 0x66, 0x4D, 0xFC, 0x16, 0xE7, 0xE0, 0xF0, 0x15, 0x96, 0xA5,
    0x4D, 0xE7, 0x26, 0x57, 0x5C, 0x73, 0x9E, 0x15, 0x7B, 0x99, 0xDB, 0x50, 0x5D, 0x65, 0x79, 0x83,
    0x66, 0x16, 0xF5, 0x10, 0xE7, 0x8E, 0x15, 0x0F, 0xAE, 0xAE, 0x6A, 0x33, 0x5B, 0x14, 0xB6, 0xE8,
    0x50, 0x20, 0xED, 0x31, 0x65, 0x03, 0x6B, 0x0A, 0x2B, 0xAB, 0x8E, 0xE6, 0x06, 0x7B, 0x23, 0xDE,
    0x1E, 0x6C, 0x24, 0x5C, 0xDF, 0x99, 0xAB, 0x6E, 0xD2, 0x9A, 0x17, 0x74, 0x64, 0xEE, 0xA8, 0x28,
    0xF4, 0x0A, 0xA2, 0xCE, 0xC9, 0x76, 0x88, 0x3F, 0x7B, 0x70, 0x91, 0x3D, 0x86, 0x79, 0x70, 0xC3,
    0xBC, 0x01, 0xD3, 0xA9, 0xB3, 0xDA, 0x65, 0x02, 0x10, 0x24, 0x1F, 0x18, 0xC1, 0x93, 0x47, 0x89,
    0xB1, 0x79, 0x53, 0x52, 0x9E, 0x3C, 0xFA, 0x89, 0x24, 0x44, 0xCF, 0xC5, 0x9F, 0x10, 0x77, 0x32,
    0xEE, 0xB2, 0x9F, 0x0B, 0x9B, 0xD7, 0x23, 0xC1, 0x38, 0x3F, 0x74, 0x70, 0x31, 0xB6, 0x93, 0x0A,
    0x32, 0xA9, 0x88, 0xE7, 0x0E, 0x7F, 0xC6, 0x03, 0x39, 0xE8, 0x8B, 0xDC, 0x84, 0x0D, 0xB8, 0xAD,
    0x99, 0x83, 0x18, 0xA9, 0x4C, 0x4F, 0xFB, 0xF9, 0x23, 0x45, 0x3B, 0xA5, 0xCF, 0x27, 0x93, 0xC9,
    0x14, 0xF0, 0x91, 0xAC, 0x76, 0xE9, 0xD7, 0x6B, 0x3C, 0xD3, 0x47, 0xAD, 0x91, 0xAC, 0x44, 0xE3,
    0xB5, 0x08, 0x84, 0x63, 0x49, 0xBA, 0x16, 0xD9, 0xEC, 0xBB, 0x37, 0x92, 0x99, 0xFE, 0x72, 0x32,
    0xB3, 0x79, 0x79, 0x66, 0xF1, 0x0B, 0xFC, 0x90, 0xFC, 0x4B, 0x24, 0x39, 0x5F, 0xFC, 0x4B, 0x2C,
    0x01, 0xE4, 0x98, 0x7E, 0xF1, 0x33, 0xFB, 0x0B, 0x77, 0x92, 0x7E, 0x34, 0xB9, 0xE9, 0x9E, 0x39,
    0x3A, 0x3E, 0x5C, 0x69, 0x3D, 0xFE, 0x58, 0x61, 0x66, 0xDF, 0xA5, 0x89, 0xF8, 0x7C, 0xFD, 0x41,
    0x64, 0xF9, 0x79, 0x0E, 0x0E, 0x36, 0xFC, 0xB2, 0x21, 0x40, 0xF3, 0xDD, 0x41, 0x02, 0xFB, 0xB4,
    0x7B, 0xB5, 0x97, 0xDC, 0x03, 0x09, 0x47, 0x72, 0x33, 0x73, 0xB3, 0x34, 0x20, 0x19, 0x45, 0x44,
    0x6B, 0x19, 0xC7, 0xEC, 0x9F, 0x3A, 0x20, 0x39, 0xF3, 0x07, 0x60, 0xD9, 0x9B, 0x39, 0xD0, 0x1C,
    0xD6, 0x08, 0x78, 0x32, 0x9B, 0x40, 0x74, 0x77, 0xF2, 0x4B, 0x81, 0x53, 0x56, 0x0D, 0x21, 0x1D,
    0x32, 0x8E, 0x25, 0x45, 0x7A, 0x90, 0x68, 0x7E, 0x35, 0x37, 0x47, 0x80, 0x2E, 0xFD, 0xFA, 0x06,
    0xF0, 0xE5, 0xF5, 0x97, 0x11, 0x9E, 0x01, 0xC7, 0x02, 0x0B, 0x67, 0x0D, 0x94, 0xFD, 0x2B, 0x0F,
    0x6B, 0x03, 0x99, 0xE7, 0x7F, 0xF1, 0xEE, 0x67, 0x36, 0xA0, 0x29, 0x32, 0xE9, 0x53, 0x97, 0x5A,
    0xEF, 0x65, 0xA4, 0x6E, 0xE9, 0x56, 0xDD, 0x8C, 0xF7, 0x52, 0x7F, 0xF1, 0x77, 0x69, 0xA9, 0xFD,
    0xDE, 0xCC, 0x7A, 0x3F, 0x5B, 0xBB, 0x38, 0xE4, 0xD6, 0x6B, 0x6A, 0xBD, 0xAA, 0x4E, 0xE3, 0xB4,
    0x69, 0xA3, 0x2A, 0xE8, 0x30, 0xBC, 0xEF, 0x79, 0xEF, 0x54, 0x0D, 0x75, 0xE7, 0x35, 0xAD, 0x66,
    0xEA, 0x2D, 0xCD, 0xE8, 0x53, 0x84, 0x05, 0x10, 0x34, 0xAB, 0x0B, 0x4D, 0x43, 0xD0, 0x36, 0xA5,
    0x5F, 0x63, 0x58, 0x7F, 0x62, 0xD3, 0x39, 0x5B, 0x4D, 0x21, 0x4C, 0x4B, 0x24, 0x13, 0xE8, 0xB6,
    0xA4, 0x46, 0x55, 0xB0, 0xE2, 0x95, 0x21, 0xA1, 0x74, 0x9E, 0x50, 0x35, 0x0B, 0xE8, 0xBF, 0x79,
    0x1D, 0x2C, 0x5F, 0xFD, 0x7D, 0x1C, 0x0E, 0x91, 0x08, 0xEC, 0xF0, 0x84, 0xE2, 0xF6, 0x9D, 0xBD,
    0xCC, 0x37, 0x56, 0xBC, 0xCC, 0x7B, 0x84, 0xB3, 0xE3, 0x28, 0x90, 0x34, 0xF9, 0x5A, 0xB9, 0x88,
    0xDD, 0x95, 0xAB, 0x6F, 0x1B, 0x80, 0x1C, 0x35, 0x6A, 0x97, 0xC4, 0xDD, 0xC2, 0x2E, 0xD1, 0xC6,
    0x55, 0xB3, 0x55, 0xFD, 0x29, 0x5C, 0xF1, 0x2F, 0x3F, 0x91, 0xFD, 0xB8, 0xC1, 0x16, 0x4A, 0x0A,
    0x6F, 0xEE, 0xDB, 0x8D, 0x89, 0xFE, 0xA7, 0x96, 0x4C, 0x23, 0xE9, 0x56, 0xBC, 0xE9, 0xA5, 0xBD,
    0xEC, 0x9B, 0x7F, 0x71, 0x3E, 0xEF, 0x70, 0xEE, 0x20, 0x96, 0x7D, 0x7E, 0xBD, 0x4B, 0x5F, 0x59,
    0xA3, 0x4F, 0x24, 0x4F, 0x82, 0x19, 0x37, 0x94, 0xF3, 0xB8, 0x4C, 0x4B, 0x9E, 0xCD, 0xE2, 0x92,
    0x6D, 0xAA, 0x10, 0xBB, 0x8C, 0x82, 0x32, 0xD5, 0xB9, 0xB7, 0xB6, 0x1B, 0x18, 0x63, 0x34, 0x26,
    0xC0, 0xA6, 0x0A, 0x23, 0xB6, 0x46, 0x06, 0xAD, 0x32, 0x94, 0x16, 0x56, 0xFA, 0x50, 0xFD, 0x12,
    0x64, 0x72, 0x03, 0x4B, 0xB0, 0x14, 0x99, 0x14, 0xA5, 0xA1, 0x32, 0x63, 0x28, 0x4C, 0x32, 0x3B,
    0x2E, 0xFB, 0x1D, 0xB9, 0x82, 0xF5, 0x2B, 0xBA, 0x1F, 0x91, 0xA7, 0xC0, 0x60, 0x30, 0x91, 0xC4,
    0x7D, 0xD8, 0x1A, 0xDB, 0x14, 0x10, 0x0E, 0xA3, 0xAF, 0xE3, 0xDF, 0x0E, 0x59, 0x79, 0x31, 0x2B,
    0x37, 0x8A, 0xE9, 0xD3, 0x05, 0xCC, 0x3C, 0x56, 0xA8, 0x5B, 0x24, 0x32, 0xD0, 0x90, 0x27, 0xF3,
    0x36, 0x98, 0xF7, 0xFE, 0x7C, 0xF0, 0x87, 0xEA, 0x15, 0x56, 0x91, 0x1B, 0xFF, 0x1D, 0x97, 0xB8,
    0x43, 0xB9, 0xDD, 0x76, 0x26, 0x2C, 0x67, 0xD8, 0xAC, 0xD7, 0x5B, 0x2B, 0xF9, 0xB1, 0x68, 0xB2,
    0x31, 0xA7, 0x45, 0x5D, 0x87, 0xDB, 0xB8, 0x0E, 0xBE, 0x6A, 0xA3, 0xF7, 0xBB, 0x38, 0xBF, 0xF8,
    0x0C, 0x2B, 0x95, 0x0F, 0xD7, 0xEA, 0xEF, 0xB7, 0x49, 0xBD, 0x4B, 0xEB, 0x15, 0x03, 0xDC, 0xAE,
    0xD5, 0x5C, 0xD3, 0xA1, 0x22, 0xB7, 0x29, 0x72, 0xC7, 0x32, 0x67, 0x28, 0x89, 0x55, 0x72, 0x58,
    0x77, 0x68, 0x3C, 0x70, 0x4B, 0x6F, 0x8A, 0x93, 0x63, 0x8E, 0xC9, 0x06, 0x71, 0xFD, 0xA4, 0x66,
    0xDB, 0xCC, 0x8B, 0x72, 0x5E, 0x77, 0xA3, 0x0E, 0x89, 0x2E, 0xE6, 0x3D, 0x64, 0x97, 0xCB, 0xD6,
    0xB0, 0x84, 0x54, 0xC9, 0x73, 0x9B, 0xC2, 0x4E, 0x8F, 0xFB, 0xE8, 0xBE, 0xFF, 0xDE, 0x3F, 0x6A,
    0x5E, 0x88, 0xCB, 0x9D, 0xF0, 0xC3, 0x36, 0xB8, 0xD3, 0x40, 0x51, 0xAD, 0x24, 0x68, 0xF0, 0x83,
    0x87, 0x96, 0x79, 0xB3, 0x70, 0x60, 0x98, 0x9F, 0x46, 0x9F, 0x6D, 0x6D, 0x6D, 0xFD, 0x18, 0xD9,
    0xFB, 0x50, 0xE6, 0xE2, 0x4F, 0x7F, 0x42, 0xFF, 0x71, 0xBE, 0x49, 0xE1, 0x80, 0x08, 0x9A, 0x0D,
    0x64, 0x43, 0xFA, 0xD3, 0x37, 0x24, 0x29, 0x72, 0x6A, 0x84, 0xE4, 0x4A, 0xCC, 0x7E, 0x90, 0x58,
    0x97, 0xAC, 0x4A, 0x26, 0xCC, 0xC5, 0xBE, 0xEA, 0x0B, 0x2E, 0xB8, 0x35, 0x3A, 0x44, 0x9D, 0x07,
    0x24, 0xD1, 0xEF, 0xA9, 0x20, 0xB9, 0x6C, 0xCB, 0x93, 0xD9, 0xB2, 0xDD, 0xAD, 0x9B, 0x0A, 0x54,
    0xA4, 0xCC, 0x53, 0x36, 0xD8, 0x33, 0xE8, 0x76, 0x4D, 0xEE, 0xE6, 0x12, 0x1E, 0xEE, 0xF3, 0x34,
    0xC9, 0x91, 0x20, 0x77, 0xDF, 0x0B, 0xDB, 0x3C, 0xE9, 0x2C, 0xD2, 0x54, 0x4A, 0x89, 0xD7, 0x23,
    0x7C, 0x74, 0x5A, 0xC3, 0xE7, 0xBA, 0x19, 0xBB, 0x31, 0xDE, 0x5F, 0x37, 0xE2, 0x1A, 0xF0, 0x7E,
    0x58, 0xEB, 0xA4, 0x3B, 0xD8, 0x99, 0x94, 0x75, 0xF5, 0xD3, 0xB2, 0x18, 0x86, 0x9A, 0xB6, 0xAF,
    0xC6, 0xA0, 0xA6, 0x04, 0x9A, 0xC0, 0x2E, 0xDA, 0xEF, 0x1D, 0xE4, 0x8E, 0x1A, 0xFD, 0x86, 0x08,
    0x9D, 0xA6, 0xF6, 0x02, 0x46, 0x70, 0xA1, 0x25, 0x1A, 0x69, 0x7D, 0xEA, 0x85, 0xBD, 0xED, 0x82,
    0xF5, 0xF2, 0xD1, 0x08, 0xF8, 0xDA, 0x55, 0x42, 0xD2, 0x6F, 0xAC, 0xB1, 0x8F, 0xC8, 0xEE, 0x0F,
    0x7C, 0x74, 0xB8, 0x1D, 0xB2, 0x81, 0xE8, 0x99, 0x66, 0xFE, 0x66, 0x4B, 0xB8, 0x60, 0x17, 0xBE,
    0xBB, 0x2A, 0xBD, 0xCF, 0x43, 0x7E, 0xCB, 0x2C, 0xDF, 0x8F, 0x64, 0xD2, 0xB9, 0x24, 0xB8, 0x48,
    0x7A, 0xC2, 0xFA, 0xB6, 0x19, 0xB7, 0xEA, 0xBF, 0xE6, 0x4F, 0x17, 0xD1, 0x7C, 0xB4, 0x45, 0xC6,
    0x8E, 0x2A, 0x56, 0xA7, 0x96, 0xBA, 0xEE, 0xDC, 0x64, 0x62, 0xFC, 0xC9, 0x3B, 0x9A, 0x75, 0x31,
    0x8B, 0xC0, 0x65, 0x31, 0x95, 0x49, 0x32, 0x2D, 0x65, 0xB9, 0x4C, 0x72, 0x5D, 0x35, 0x57, 0x89,
    0x79, 0x58, 0xE2, 0x3B, 0xD2, 0x40, 0x3C, 0x24, 0x77, 0xEE, 0x8C, 0x26, 0x14, 0x6F, 0xEA, 0x96,
    0x63, 0x99, 0x4E, 0xCB, 0x50, 0x4C, 0x64, 0xF1, 0x2E, 0x86, 0x56, 0x1D, 0xAB, 0xD4, 0x52, 0xF6,
    0x6C, 0x5E, 0xB6, 0x2F, 0x59, 0xD2, 0x51, 0xEE, 0x76, 0x37, 0xE9, 0x9E, 0x0B, 0x4D, 0xC9, 0x7D,
    0x59, 0x46, 0xDF, 0xC9, 0xB1, 0x95, 0x7F, 0x5C, 0xAD, 0x5D, 0x65, 0x2B, 0x8D, 0xE0, 0x81, 0x4E,
    0xC8, 0xD3, 0xFD, 0xA0, 0xD9, 0x03, 0x96, 0x05, 0xBC, 0xBE, 0xB9, 0x6E, 0xCB, 0xA4, 0x5D, 0x4C,
    0xDF, 0xF0, 0xFB, 0x55, 0x3D, 0x92, 0x82, 0xD6, 0xF3, 0x37, 0xCC, 0x62, 0x77, 0xA6, 0xDD, 0x9E,
    0xF9, 0x4D, 0xE7, 0xB3, 0x1C, 0x50, 0xB8, 0xD7, 0x27, 0x20, 0x9A, 0xCD, 0x59, 0x88, 0x2C, 0x8D,
    0x99, 0x95, 0xFB, 0x0C, 0xB1, 0xCD, 0xB1, 0xD1, 0xBD, 0x9E, 0xEE, 0xB8, 0x16, 0x7B, 0x5A, 0x8B,
    0xDD, 0xEE, 0xE9, 0xF2, 0xD3, 0x0F, 0x1F, 0x5C, 0xC0, 0x0F, 0x49, 0x3B, 0x8F, 0x9A, 0xE7, 0xC4,
    0xFA, 0xDF, 0x5C, 0xC8, 0x77, 0x28, 0x0F, 0xD9, 0x8D, 0x45, 0xEB, 0xFB, 0x0E, 0xFE, 0x22, 0x80,
    0xA6, 0x1B, 0x6A, 0x6E, 0xEB, 0xAE, 0xC3, 0x66, 0x73, 0x89, 0xF8, 0x9D, 0xA6, 0x5E, 0x55, 0xCD,
    0x81, 0x9F, 0x63, 0x0E, 0x8F, 0x3E, 0x99, 0xE0, 0xB7, 0xAD, 0xD8, 0xA1, 0xBD, 0x38, 0xFF, 0xC5,
    0x07, 0x59, 0xCB, 0x84, 0x7E, 0xA7, 0x1D, 0xE3, 0x72, 0xFB, 0x3F, 0x18, 0x58, 0xFE, 0xE5, 0xE8,
    0x96, 0xEC, 0x4B, 0x35, 0x64, 0xFF, 0x73, 0x26, 0xDE, 0x23, 0x31, 0xA7, 0xC3, 0xB6, 0x50, 0xDF,
    0x51, 0xA7, 0xC3, 0x26, 0x3F, 0xC0, 0x93, 0xBD, 0xAA, 0x7A, 0x1F, 0x48, 0x0C, 0xE3, 0xDF, 0x24,
    0xAB, 0x51, 0x22, 0x35, 0x33, 0x28, 0x1D, 0x5E, 0x0F, 0xF3, 0x35, 0x68, 0xDF, 0x14, 0x45, 0x44,
    0x3A, 0xC5, 0x4C, 0xF7, 0xB7, 0x23, 0x0E, 0x12, 0xAE, 0x32, 0x64, 0xBD, 0x77, 0x9B, 0x65, 0x7F,
    0x90, 0x6A, 0xCF, 0x66, 0xBE, 0xB2, 0xD5, 0xC9, 0x9E, 0xC1, 0x34, 0xF3, 0xF5, 0xA0, 0x9B, 0xAB,
    0xA5, 0xAA, 0x13, 0x66, 0x3C, 0x21, 0x64, 0x69, 0xB7, 0xF8, 0x3E, 0xE0, 0x2C, 0xD2, 0x6C, 0x2E,
    0x0A, 0xFB, 0xFD, 0x52, 0xB8, 0xBB, 0x1D, 0x0F, 0x5A, 0x8A, 0xDB, 0x67, 0x65, 0x2B, 0xD5, 0x75,
    0x63, 0x63, 0x7D, 0xF6, 0xA0, 0x19, 0xDD, 0x23, 0xBD, 0xAC, 0xF9, 0x78, 0x0B, 0x35, 0x2C, 0x5C,
    0xAC, 0xD1, 0x89, 0x4B, 0x03, 0x30, 0xD5, 0xDB, 0xD6, 0x01, 0xE5, 0x2D, 0x1F, 0xE7, 0xA3, 0x87,
    0x18, 0xF0, 0xCF, 0x3F, 0x4F, 0xFE, 0x61, 0x72, 0xB9, 0x82, 0xAE, 0xF9, 0x15, 0x7D, 0x0C, 0x3B,
    0xAC, 0x65, 0xB0, 0x6F, 0x9A, 0x0A, 0x27, 0x46, 0xB0, 0xBA, 0x77, 0x81, 0x99, 0xF4, 0x90, 0x1F,
    0x5B, 0xB7, 0xF0, 0x60, 0x52, 0xCF, 0x4C, 0x34, 0x46, 0x4E, 0xB7, 0xF0, 0xE9, 0x8B, 0x1A, 0x56,
    0x4D, 0x36, 0x33, 0xF4, 0x65, 0x89, 0x68, 0x22, 0x52, 0x1D, 0x49, 0xCF, 0x2D, 0x20, 0x9C, 0x66,
    0x11, 0x89, 0x6E, 0x5A, 0xA6, 0x73, 0xA3, 0x29, 0x99, 0x35, 0xDF, 0x3E, 0xA1, 0x53, 0x3E, 0x2B,
    0x94, 0x1B, 0xCE, 0xDD, 0x54, 0xCB, 0x6F, 0x55, 0xC7, 0xB6, 0xC4, 0x7B, 0x6A, 0xF9, 0xA4, 0xD4,
    0xE8, 0x51, 0x14, 0xC3, 0x06, 0x7D, 0xA1, 0x89, 0x6E, 0xF3, 0xEB, 0xC5, 0x1D, 0x4D, 0x20, 0x11,
    0x0E, 0xED, 0xA9, 0x28, 0x89, 0x3B, 0xD8, 0xAC, 0x76, 0x31, 0x65, 0x36, 0x9D, 0xDD, 0x21, 0x67,
    0xAE, 0xDB, 0xCD, 0x0D, 0xDD, 0xD1, 0x2C, 0x9E, 0x29, 0xD3, 0x2E, 0x9C, 0xE5, 0xAF, 0xAE, 0xCE,
    0x73, 0xB1, 0x83, 0xAE, 0x5C, 0xDD, 0x20, 0x56, 0xD9, 0x6F, 0xEC, 0x76, 0x36, 0x8C, 0xBA, 0x63,
    0xFD, 0x78, 0x67, 0x96, 0x62, 0xF0, 0x8B, 0x6C, 0x51, 0xFA, 0x77, 0x22, 0xC9, 0xC2, 0x3B, 0x4B,
    0x03, 0x73, 0x12, 0x4B, 0x66, 0xB6, 0xCA, 0x45, 0x17, 0x60, 0x23, 0x4E, 0x5E, 0xE0, 0x4C, 0x22,
    0x9F, 0xD5, 0xE0, 0x21, 0x44, 0x3A, 0x5C, 0x4D, 0x33, 0xBC, 0xB9, 0xFA, 0xF0, 0x37, 0x92, 0xB8,
    0x9A, 0x7D, 0xF9, 0x01, 0xC1, 0xCE, 0xCA, 0xEE, 0xBC, 0x45, 0x3B, 0x1A, 0x15, 0x20, 0xEB, 0x76,
    0x10, 0x46, 0xB8, 0x4E, 0x71, 0xB0, 0x73, 0xDB, 0xB2, 0xA9, 0x1A, 0x94, 0x92, 0xE8, 0x09, 0x77,
    0x5B, 0xA9, 0x07, 0x21, 0x85, 0xAB, 0xED, 0x3A, 0xB5, 0x94, 0xC7, 0xEA, 0x24, 0x24, 0x51, 0xAD,
    0xA2, 0xF8, 0xCD, 0xCC, 0xDC, 0x75, 0xCE, 0xD3, 0x64, 0xEB, 0x5C, 0xFE, 0xCE, 0xB9, 0x6D, 0x96,
    0x88, 0x9C, 0x07, 0x5B, 0xAC, 0x07, 0xAB, 0x60, 0xF8, 0x6B, 0x36, 0x9F, 0xB8, 0x2F, 0xAB, 0x5E,
    0x8F, 0xE3, 0x1A, 0xC4, 0x28, 0x62, 0x0E, 0x37, 0xD5, 0x44, 0xB8, 0xA0, 0x5D, 0xA1, 0xE7, 0x94,
    0x7D, 0x24, 0xA3, 0xB2, 0xFA, 0xCA, 0x9E, 0xEE, 0x97, 0x8F, 0xF9, 0xBE, 0xC6, 0xF6, 0x9A, 0xCB,
    0xA7, 0xBF, 0x3F, 0xB1, 0x5F, 0xD0, 0xAF, 0x7B, 0x95, 0x68, 0x0C, 0xB1, 0x78, 0x2B, 0x96, 0xB2,
    0x26, 0x9D, 0x17, 0x24, 0x73, 0x8B, 0x98, 0x1C, 0xD2, 0x14, 0x7C, 0x85, 0x2D, 0xFD, 0xEF, 0x23,
    0x34, 0x93, 0xF3, 0x78, 0x7B, 0x46, 0x53, 0x8F, 0x30, 0x79, 0x7C, 0x04, 0x41, 0xAA, 0xA9, 0x41,
    0x17, 0xA1, 0x7F, 0xCE, 0xC0, 0xEF, 0xB2, 0x81, 0x6F, 0x41, 0xD0, 0xA7, 0x88, 0xF2, 0xE3, 0xE4,
    0x99, 0x0C, 0x02, 0x98, 0xDE, 0xA9, 0xAD, 0xF5, 0x23, 0x72, 0x16, 0x2E, 0xF6, 0xA7, 0x7A, 0xC3,
    0xE2, 0x54, 0xB1, 0xD6, 0x39, 0x9F, 0x25, 0xB0, 0x2E, 0x6E, 0x5E, 0x89, 0x75, 0x00, 0xA3, 0x33,
    0x37, 0xDD, 0x21, 0x44, 0x55, 0xEF, 0x42, 0x24, 0x47, 0x56, 0xD6, 0xD9, 0x4A, 0x1C, 0xA4, 0x1E,
    0x7D, 0x00, 0xA4, 0x7C, 0x26, 0xE5, 0xE2, 0x2F, 0xFB, 0xD9, 0x01, 0xEF, 0x1F, 0x8D, 0x68, 0xAA,
    0x53, 0xBA, 0x9A, 0x8E, 0x19, 0x62, 0x9D, 0x0B, 0x0A, 0xAD, 0x89, 0x9A, 0x18, 0x7F, 0xB6, 0xF5,
    0xA3, 0xC9, 0x76, 0xAC, 0xC6, 0xEF, 0xD7, 0x5B, 0xE7, 0xA9, 0x4E, 0x70, 0x70, 0x48, 0x99, 0x4A,
    0xF2, 0xE2, 0x86, 0xF8, 0xD3, 0x5F, 0x32, 0x9E, 0x1E, 0x7E, 0x27, 0x93, 0x5C, 0x64, 0xCF, 0x2D,
    0xAB, 0x17, 0xA9, 0xE4, 0x36, 0xFF, 0x7D, 0x50, 0x7F, 0xBA, 0xF4, 0x57, 0xBB, 0x78, 0x44, 0x93,
    0xE2, 0xF5, 0x41, 0x18, 0x9A, 0xC7, 0xB0, 0x57, 0xD0, 0xB4, 0xA8, 0xCB, 0x6B, 0x90, 0x29, 0x1F,
    0x4C, 0xE1, 0x1C, 0x4B, 0x35, 0x6F, 0x70, 0x29, 0x7B, 0x50, 0x86, 0xCF, 0xB6, 0x4E, 0xCF, 0x58,
    0x2C, 0x90, 0x93, 0x60, 0x8F, 0x8D, 0xC0, 0x34, 0xE8, 0xD7, 0xCA, 0x3F, 0xF1, 0x78, 0x66, 0x6B,
    0x3B, 0xA9, 0x8B, 0x21, 0xE5, 0x0E, 0xD9, 0xE4, 0xF5, 0xED, 0x65, 0x17, 0xC8, 0x83, 0x8B, 0x5D,
    0xF6, 0x3F, 0xCA, 0x6E, 0xC0, 0x98, 0x6F, 0x9F, 0xE0, 0x6E, 0x39, 0xC3, 0xF0, 0xE9, 0xA1, 0x0A,
    0x36, 0x80, 0xCA, 0x58, 0x48, 0xE7, 0xA4, 0xC3, 0x98, 0x3B, 0x63, 0x4B, 0x3D, 0x14, 0xA3, 0x05,
    0x5A, 0xE6, 0xB1, 0x47, 0xCB, 0x1D, 0x6C, 0x32, 0x1F, 0x0F, 0x36, 0x59, 0x3A, 0x65, 0x6C, 0xCF,
    0xD0, 0xD2, 0x94, 0xB0, 0xA8, 0x87, 0x6C, 0x69, 0xD2, 0xA8, 0x6D, 0x53, 0xDC, 0xB9, 0x3C, 0x97,
    0x83, 0x80, 0xD6, 0xFD, 0x0F, 0xE4, 0xD8, 0x3B, 0xF9, 0x92, 0xC3, 0x0E, 0x90, 0xC4, 0x14, 0xCC,
    0x11, 0xCA, 0x9F, 0x26, 0x0D, 0x2F, 0x77, 0x81, 0x78, 0x6A, 0x75, 0xA5, 0x10, 0x9D, 0xC2, 0x27,
    0xB7, 0xE7, 0x42, 0x0A, 0xD9, 0xA1, 0x21, 0x69, 0x41, 0xD9, 0xEA, 0x07, 0x0F, 0x54, 0x68, 0x8E,
    0x92, 0x63, 0xC4, 0xFC, 0x1F, 0xED, 0x5C, 0x3D, 0x90, 0xDD, 0xD6, 0x75, 0xBE, 0x00, 0xC4, 0x85,
    0x24, 0x44, 0x06, 0x0B, 0x25, 0x63, 0x73, 0x65, 0x43, 0x85, 0x0A, 0x49, 0x23, 0x13, 0x2E, 0x58,
    0x38, 0x93, 0x25, 0x01, 0x6B, 0x26, 0x51, 0x29, 0x15, 0x5E, 0x17, 0x51, 0x21, 0x17, 0x29, 0x32,
    0x6E, 0xA8, 0x42, 0x85, 0x0A, 0x4A, 0x80, 0xA3, 0x42, 0x45, 0x1A, 0x36, 0x49, 0xCD, 0xC9, 0xB0,
    0x88, 0x9E, 0x66, 0x42, 0x16, 0x2E, 0x58, 0x2C, 0x09, 0x50, 0x2A, 0x52, 0xA4, 0x08, 0x3C, 0x99,
    0x4C, 0x0A, 0x15, 0x86, 0x6D, 0x2A, 0x19, 0xD1, 0x85, 0x60, 0x09, 0x9A, 0x80, 0x24, 0xDE, 0xBB,
    0x39, 0xDF, 0x39, 0xE7, 0x02, 0x58, 0x52, 0x96, 0x48, 0x89, 0xA2, 0xF9, 0x93, 0x9D, 0x7D, 0xF7,
    0x5E, 0xEC, 0x03, 0xEE, 0xCF, 0xF9, 0xFF, 0xC3, 0x1A, 0x83, 0x9F, 0x6F, 0x1B, 0xF9, 0xA9, 0xA4,
    0xF3, 0x6D, 0x69, 0x4C, 0x6A, 0x4F, 0xA2, 0x0F, 0xAD, 0xDD, 0x98, 0xA2, 0x34, 0xE9, 0x10, 0xDA,
    0x36, 0xCB, 0x8D, 0xAD, 0x4D, 0xB1, 0xB9, 0x60, 0x02, 0x8B, 0x3B, 0x06, 0x13, 0x6D, 0x8C, 0x89,
    0xE9, 0xB6, 0x64, 0x34, 0x74, 0x6B, 0x6D, 0x32, 0xEA, 0x03, 0xDB, 0x98, 0x6C, 0xC0, 0x34, 0x9D,
    0xA9, 0xA8, 0xF7, 0xA8, 0xB7, 0x3D, 0xCD, 0x4B, 0xCD, 0xFE, 0x7E, 0xC0, 0xAF, 0x5C, 0xBB, 0x7E,
    0x44, 0x4F, 0xCF, 0x69, 0x9F, 0xAD, 0xD1, 0xB7, 0x26, 0xDB, 0x60, 0x9E, 0x9A, 0xD6, 0xC2, 0xFC,
    0xA5, 0x89, 0xE8, 0x83, 0x3D, 0xF8, 0xB4, 0x56, 0x8C, 0x7B, 0xAB, 0xDE, 0x64, 0x1D, 0xF5, 0x89,
    0xFD, 0x47, 0xEC, 0x9E, 0x6E, 0xE6, 0x29, 0x8D, 0xD9, 0x7A, 0x27, 0xD7, 0xD3, 0x3D, 0xCD, 0xED,
    0x46, 0x4E, 0x28, 0xE7, 0xA5, 0xAF, 0x0E, 0x9A, 0xD4, 0xD0, 0x74, 0x6D, 0x42, 0x97, 0x1F, 0xDB,
    0x3D, 0xE3, 0xAF, 0x03, 0x5A, 0x2F, 0x1A, 0x7D, 0xAC, 0x46, 0x1B, 0x6C, 0x4C, 0xDA, 0xF3, 0x4E,
    0x7A, 0x53, 0x75, 0x58, 0xA3, 0x98, 0xDA, 0x9E, 0xDB, 0xC1, 0x54, 0xAD, 0x49, 0x47, 0x53, 0xF1,
    0x4E, 0xE8, 0xA9, 0xC8, 0x7A, 0xBC, 0xB3, 0x0F, 0xB0, 0xAF, 0x82, 0x26, 0xC3, 0x26, 0xCC, 0xF5,
    0x3F, 0x51, 0x23, 0x3D, 0xEF, 0x7A, 0xD1, 0x47, 0xDA, 0x07, 0xDD, 0xCF, 0x56, 0x2B, 0xB3, 0xB5,
    0x3A, 0x53, 0x17, 0xD6, 0x12, 0x6C, 0x37, 0x34, 0x2F, 0x01, 0x8D, 0xD6, 0xC2, 0xFE, 0x4C, 0x56,
    0x33, 0x9C, 0x4D, 0x5A, 0x4A, 0x9F, 0xE4, 0x5F, 0xB3, 0x37, 0x53, 0xEF, 0x2F, 0xFB, 0x14, 0x3D,
    0xD6, 0x13, 0x7C, 0x48, 0x4F, 0x90, 0x3D, 0x0F, 0xF0, 0xAD, 0x8D, 0x87, 0x33, 0x66, 0xB6, 0xE4,
    0x5D, 0xC7, 0xD6, 0xE2, 0x11, 0x9A, 0xC8, 0x5A, 0x06, 0x7A, 0xA5, 0x38, 0xF0, 0x56, 0x0E, 0x07,
    0x1E, 0x9F, 0x3A, 0xE4, 0x33, 0xC6, 0xFC, 0x65, 0x28, 0xB7, 0x70, 0xEB, 0x75, 0x7F, 0x56, 0x6D,
    0x9D, 0xB1, 0x74, 0xE2, 0x98, 0xCE, 0x9A, 0x58, 0x50, 0x4E, 0x68, 0x01, 0x9A, 0x5B, 0x6A, 0x09,
    0x2B, 0x81, 0xCD, 0x6D, 0xC7, 0x1B, 0xB9, 0x4A, 0xFB, 0xB7, 0x15, 0xED, 0xA7, 0x1A, 0x0B, 0x5A,
    0xFC, 0x50, 0xF9, 0xDA, 0x8C, 0x83, 0xA0, 0x34, 0x27, 0xE6, 0x8B, 0x75, 0x34, 0xCC, 0x5F, 0x55,
    0xB6, 0x99, 0x2F, 0x52, 0x9B, 0xCF, 0x17, 0xE1, 0xB8, 0xC0, 0xA2, 0xD7, 0x4D, 0x43, 0x1F, 0x64,
    0x67, 0x9E, 0x5D, 0xAD, 0xEC, 0x69, 0x9A, 0xEC, 0xEA, 0xEE, 0x4F, 0x56, 0xA7, 0x32, 0x5A, 0x9F,
    0x09, 0x95, 0x7E, 0x86, 0xC0, 0x5E, 0xF9, 0x6B, 0x82, 0x47, 0xB8, 0xD9, 0x7D, 0x19, 0x0C, 0xD1,
    0xD1, 0xAC, 0x26, 0x22, 0x4A, 0x23, 0x8A, 0xA1, 0x0B, 0xEA, 0x62, 0x62, 0x23, 0xBA, 0x9B, 0x2E,
    0x7C, 0x26, 0xC7, 0xCC, 0x0A, 0xC8, 0x6D, 0xFF, 0x04, 0xC3, 0x9A, 0x2F, 0x84, 0x31, 0x46, 0xB9,
    0x28, 0x98, 0xDB, 0x3A, 0xC5, 0xCC, 0x06, 0x2C, 0xD8, 0xCE, 0x17, 0x31, 0xCD, 0x2C, 0x17, 0x56,
    0x8F, 0x80, 0x0B, 0x5A, 0x95, 0x88, 0xD2, 0xCC, 0x17, 0x8E, 0xE5, 0x4C, 0xBA, 0xA1, 0x85, 0x07,
    0x33, 0x4D, 0xC0, 0x33, 0xCB, 0xC5, 0x48, 0x93, 0x35, 0xF3, 0x45, 0xCA, 0x2C, 0xC6, 0x3B, 0xE8,
    0x79, 0xF6, 0xC7, 0x8D, 0xEE, 0x82, 0xC8, 0xD4, 0xFC, 0x50, 0x8E, 0x50, 0x7B, 0x98, 0xF9, 0x17,
    0x46, 0x70, 0x88, 0xC9, 0xBC, 0x0E, 0x7F, 0x22, 0x56, 0x89, 0x70, 0xE0, 0x6E, 0x1B, 0x60, 0x69,
    0x99, 0x6A, 0x6C, 0x4B, 0x44, 0x8E, 0x67, 0x53, 0x2B, 0x34, 0xE4, 0xED, 0x9A, 0xCF, 0xFB, 0x51,
    0xE8, 0xD2, 0x12, 0x67, 0x8D, 0x02, 0xD7, 0x1C, 0xF3, 0x81, 0x68, 0x86, 0xAD, 0x89, 0xDF, 0x6E,
    0x8C, 0x82, 0xD6, 0x44, 0x1F, 0xCB, 0xF1, 0x01, 0xE0, 0x40, 0x0F, 0x0C, 0x52, 0xF6, 0x36, 0xC6,
    0xC1, 0xD5, 0x18, 0x77, 0x76, 0x80, 0xF5, 0x88, 0x3B, 0xD3, 0xE8, 0xF1, 0x62, 0x02, 0x06, 0x12,
    0x80, 0xF6, 0x73, 0xC6, 0x36, 0x6A, 0x01, 0x63, 0x01, 0x62, 0x5C, 0x67, 0xE3, 0x34, 0x76, 0xA0,
    0x20, 0x78, 0x3E, 0xE6, 0x2F, 0xF0, 0x11, 0x4C, 0xE8, 0x18, 0x59, 0x8C, 0xB9, 0x71, 0xB2, 0x59,
    0xC0, 0xD2, 0xED, 0x07, 0x22, 0xB0, 0x0F, 0xCA, 0x09, 0x92, 0x5D, 0x94, 0x4F, 0x80, 0xAC, 0x13,
    0x33, 0xC1, 0xB1, 0x2C, 0x8C, 0x82, 0x31, 0x61, 0x41, 0x2D, 0x50, 0xA4, 0x31, 0xE4, 0xE6, 0x7E,
    0x20, 0x1E, 0x9C, 0x08, 0xD8, 0xD1, 0x2C, 0x04, 0x34, 0x20, 0x29, 0x44, 0x04, 0x38, 0x82, 0xF0,
    0x3B, 0x81, 0xA2, 0x01, 0x1B, 0x31, 0x0C, 0x59, 0x36, 0x05, 0xD6, 0x49, 0x29, 0x7F, 0x33, 0xC9,
    0xAB, 0x71, 0x1A, 0x1D, 0xD1, 0x91, 0x40, 0x2E, 0xB2, 0xB6, 0x13, 0x58, 0x55, 0x6E, 0x14, 0x58,
    0x5A, 0x2D, 0x6A, 0x89, 0xC6, 0x22, 0x12, 0x95, 0x1D, 0x43, 0x8C, 0x04, 0x40, 0xD1, 0x32, 0xBC,
    0x48, 0xC4, 0x16, 0xED, 0x63, 0x1E, 0x04, 0x3D, 0x89, 0xD6, 0x96, 0x61, 0x25, 0xA3, 0xC8, 0x1A,
    0x1D, 0x01, 0x4E, 0x10, 0xB9, 0x2D, 0x43, 0x29, 0xC3, 0xB3, 0x0C, 0x23, 0xBA, 0xCA, 0x5A, 0x86,
    0x10, 0xDD, 0x51, 0xB4, 0x0C, 0x9F, 0xC8, 0xFE, 0xDC, 0xFE, 0x9E, 0xA1, 0x13, 0x80, 0xF9, 0x5F,
    0x61, 0xA8, 0x54, 0x9B, 0xEC, 0x92, 0x40, 0x66, 0xEB, 0xE4, 0x53, 0x13, 0x3D, 0x95, 0xC6, 0x5F,
    0xAD, 0x4E, 0x13, 0x31, 0xD5, 0xD0, 0x75, 0xC4, 0xA5, 0x03, 0x4B, 0x34, 0x06, 0x37, 0x20, 0x69,
    0x74, 0xB0, 0xF9, 0x23, 0x0E, 0xCE, 0xBA, 0x41, 0xAB, 0x03, 0xBF, 0xD1, 0x41, 0x58, 0xD3, 0xC0,
    0x23, 0x4A, 0x4E, 0x31, 0x88, 0x40, 0x0A, 0x75, 0xB2, 0x56, 0xDE, 0x48, 0x04, 0x3F, 0x9E, 0x49,
    0x9C, 0x60, 0x4B, 0x1C, 0xEA, 0x93, 0x56, 0x64, 0x5E, 0x9D, 0x32, 0x82, 0x4D, 0xDC, 0x65, 0xF2,
    0x45, 0x3C, 0x9E, 0x57, 0x2A, 0xB1, 0xEE, 0xDE, 0x9F, 0xE5, 0x0A, 0x28, 0xF3, 0x88, 0x61, 0x38,
    0x99, 0xAA, 0x16, 0x30, 0x11, 0xBE, 0x70, 0x97, 0xA7, 0xBD, 0xBB, 0xA6, 0xEF, 0xA5, 0xFF, 0x8E,
    0x9E, 0xC3, 0xB8, 0xFE, 0x94, 0x9E, 0x4B, 0xEE, 0xDB, 0xD2, 0xFB, 0xE3, 0x69, 0x9E, 0x46, 0xE7,
    0xB9, 0xB9, 0xFE, 0xAC, 0xF6, 0xAD, 0xF4, 0x7E, 0x23, 0x7D, 0x58, 0xDB, 0x46, 0x40, 0x62, 0x1B,
    0x81, 0x88, 0x6D, 0x04, 0x20, 0xB6, 0x16, 0x78, 0x48, 0x6F, 0x6E, 0xEC, 0x4B, 0xED, 0x45, 0xDC,
    0x7B, 0x56, 0xF9, 0x64, 0xA3, 0x1A, 0x42, 0x25, 0x7F, 0xAC, 0x67, 0x2A, 0xF4, 0xB1, 0xF3, 0x3C,
    0x29, 0xFE, 0xC0, 0xBA, 0xC2, 0xF8, 0x39, 0xC9, 0xC4, 0xB4, 0x23, 0xD2, 0xCD, 0x88, 0x9E, 0x48,
    0x9E, 0x04, 0x3A, 0x4A, 0x3B, 0x6A, 0xB6, 0x4A, 0xE6, 0x25, 0x34, 0x4F, 0xE3, 0x92, 0xBE, 0xF5,
    0xAA, 0x01, 0xFC, 0xC1, 0x37, 0xF7, 0xB8, 0xF9, 0xD6, 0x1A, 0x32, 0xC0, 0xB2, 0xBE, 0xB0, 0x5D,
    0xD6, 0x3B, 0x3B, 0xE2, 0xFA, 0xA6, 0x71, 0xBB, 0xAD, 0x58, 0x70, 0xBB, 0xB3, 0x30, 0x39, 0x90,
    0x05, 0xF0, 0x26, 0x90, 0xFB, 0xEC, 0xEA, 0x9F, 0x88, 0x11, 0x0A, 0x96, 0x44, 0xF6, 0x7F, 0x88,
    0x15, 0x42, 0xC8, 0xEF, 0x00, 0xC4, 0x44, 0x72, 0xC8, 0xB2, 0x8E, 0x4E, 0x58, 0x79, 0x94, 0x18,
    0xC6, 0x60, 0x47, 0x88, 0x37, 0x37, 0xEC, 0xDD, 0xF0, 0x2F, 0xC0, 0x62, 0x32, 0x7C, 0x1D, 0xCF,
    0xE9, 0x30, 0x23, 0x28, 0xEB, 0x30, 0xA6, 0x45, 0x74, 0x18, 0xD0, 0x22, 0xBD, 0x0C, 0xA1, 0x3C,
    0x64, 0x78, 0x0E, 0x8B, 0xB8, 0x61, 0x62, 0x5B, 0x37, 0x0C, 0x6D, 0xEF, 0x86, 0xBE, 0x5D, 0x77,
    0x3C, 0x1C, 0x20, 0x64, 0xA6, 0x61, 0xAA, 0xC3, 0xD1, 0xB0, 0x92, 0xD1, 0x61, 0x60, 0x7B, 0x37,
    0x34, 0x32, 0xF4, 0x21, 0x1F, 0x33, 0xDE, 0x43, 0x64, 0x4F, 0xB2, 0x2D, 0x12, 0xE3, 0xA4, 0x34,
    0x45, 0x30, 0x88, 0x45, 0x89, 0x9F, 0xB3, 0x26, 0x99, 0xB5, 0x7D, 0x32, 0xEB, 0x7A, 0x65, 0x9F,
    0x05, 0x03, 0x31, 0x0B, 0x39, 0x2B, 0x61, 0x62, 0x22, 0xB0, 0x51, 0x3F, 0x3D, 0x05, 0x46, 0x52,
    0x50, 0x9F, 0xFA, 0xB6, 0x51, 0x48, 0xB7, 0xB6, 0x54, 0x40, 0xC3, 0xE2, 0x14, 0x38, 0xC3, 0xF2,
    0x12, 0x30, 0xE3, 0x6F, 0x0A, 0x65, 0xBA, 0x56, 0x20, 0x7F, 0x67, 0x82, 0xB1, 0x99, 0x40, 0x4C,
    0x86, 0x95, 0x42, 0x38, 0x69, 0x14, 0xC0, 0x11, 0xCD, 0x22, 0xF0, 0x85, 0x25, 0x20, 0xE0, 0xC5,
    0x7C, 0x0A, 0x5D, 0x1E, 0x31, 0x70, 0x79, 0xC4, 0xB0, 0xE5, 0x11, 0x83, 0x96, 0xA7, 0x62, 0xC8,
    0xCA, 0x28, 0x95, 0x91, 0xC2, 0x55, 0x46, 0x00, 0xAB, 0x8C, 0xD8, 0x74, 0xAF, 0x1D, 0x50, 0x6D,
    0xED, 0x60, 0x6A, 0x6B, 0x07, 0x52, 0xC7, 0x62, 0x67, 0xA7, 0x91, 0x59, 0x8E, 0x4A, 0x67, 0x4F,
    0x4D, 0x96, 0x96, 0x9A, 0xE8, 0xFB, 0x46, 0xC1, 0x84, 0x8C, 0x70, 0x32, 0xD5, 0xE2, 0x09, 0x2B,
    0x95, 0x9B, 0x84, 0xCE, 0xA0, 0x3F, 0x4F, 0x99, 0x7D, 0x8C, 0x1C, 0xE8, 0x3A, 0xA1, 0xAE, 0xEC,
    0xAE, 0xA7, 0x15, 0xFE, 0x76, 0x56, 0x97, 0x3E, 0x14, 0x26, 0xD9, 0x74, 0xC5, 0x0B, 0xB4, 0x25,
    0x92, 0xAE, 0x36, 0xB3, 0xCD, 0x36, 0xC9, 0x54, 0x92, 0x23, 0x1D, 0xD9, 0x3F, 0x64, 0x2C, 0x57,
    0x7D, 0x88, 0x9E, 0xB9, 0x30, 0x07, 0x77, 0x13, 0xB6, 0xBE, 0x76, 0x0F, 0xA5, 0x45, 0x94, 0x40,
    0x12, 0xE4, 0x13, 0x6B, 0xDF, 0x52, 0x68, 0x04, 0xD3, 0xFE, 0xFF, 0x40, 0xBF, 0xD9, 0x6F, 0x9A,
    0x3A, 0x43, 0xD6, 0xC1, 0x46, 0x69, 0xD4, 0x81, 0xC1, 0x63, 0x92, 0xFC, 0x73, 0xB3, 0xC5, 0x7F,
    0x4E, 0x5B, 0x91, 0x63, 0x70, 0x31, 0xE4, 0x2E, 0x7D, 0x3A, 0x53, 0x0B, 0x38, 0xCE, 0xF7, 0x1B,
    0x61, 0x9E, 0x12, 0xFF, 0x71, 0x27, 0xDA, 0x95, 0xC2, 0xF5, 0x39, 0xDF, 0xCA, 0x2E, 0x82, 0x5F,
    0x49, 0x1F, 0xFE, 0xBB, 0xCC, 0x1B, 0xFF, 0xBD, 0x2C, 0x1F, 0x87, 0xD2, 0xA7, 0x0A, 0xFD, 0xA3,
    0x81, 0x60, 0x63, 0xC7, 0x97, 0x7E, 0xCF, 0xB0, 0xCB, 0x64, 0x7A, 0x91, 0xF5, 0x1E, 0x00, 0xAE,
    0x4E, 0x05, 0x16, 0x08, 0x3E, 0xDC, 0x85, 0xD9, 0x6B, 0x22, 0x71, 0x36, 0x4D, 0x5C, 0xC3, 0x70,
    0xA5, 0xE9, 0x72, 0x96, 0x4E, 0x70, 0x50, 0xD8, 0xBA, 0x2A, 0xC4, 0x31, 0x85, 0xB0, 0x8B, 0xD9,
    0x29, 0x6B, 0xD9, 0x1D, 0xC9, 0xEC, 0x18, 0xB0, 0x65, 0x62, 0x96, 0x6E, 0x40, 0x6C, 0x82, 0xE6,
    0x30, 0xC1, 0x65, 0x8F, 0xFC, 0xC3, 0x81, 0x2D, 0x1F, 0x93, 0x36, 0x3C, 0xB7, 0x09, 0x71, 0x07,
    0x41, 0x80, 0xCC, 0x2D, 0x72, 0x24, 0x4C, 0xFC, 0x16, 0x09, 0xDB, 0x1F, 0xD9, 0xBA, 0x22, 0x6F,
    0xF4, 0x1C, 0x3C, 0x52, 0x8F, 0xCD, 0xCB, 0x1A, 0x36, 0x71, 0x78, 0xD5, 0x96, 0xE9, 0x2F, 0x6D,
    0x59, 0xBD, 0x47, 0xAA, 0x06, 0x9F, 0xF7, 0xED, 0x45, 0x32, 0x80, 0xD6, 0xD9, 0x98, 0x0D, 0x5B,
    0x27, 0xB7, 0x4A, 0x40, 0x3C, 0x6D, 0xAB, 0x32, 0xB2, 0xA2, 0xB3, 0x0D, 0x1C, 0x92, 0x78, 0xB6,
    0x44, 0xA0, 0x5C, 0x59, 0xB1, 0x3A, 0x0B, 0xF2, 0x36, 0x7C, 0xE0, 0x42, 0x6D, 0x8B, 0x65, 0xE8,
    0xB8, 0x8D, 0x4C, 0x3E, 0xB2, 0xF5, 0xC8, 0xC8, 0x23, 0xEB, 0x8E, 0x28, 0xC8, 0x17, 0xC1, 0x78,
    0x44, 0xA8, 0xBD, 0x24, 0x1A, 0x27, 0xEB, 0x27, 0x64, 0x8A, 0xFC, 0x82, 0xDF, 0x08, 0x3A, 0x75,
    0x50, 0x72, 0xF8, 0x1E, 0xA3, 0xFF, 0xF9, 0x35, 0x53, 0x8D, 0x90, 0x43, 0x24, 0xCB, 0x39, 0xCE,
    0x7A, 0x7D, 0x09, 0xEF, 0x14, 0xD2, 0x41, 0x22, 0x0B, 0x74, 0xD1, 0xB3, 0x9F, 0x89, 0xB8, 0xC2,
    0x20, 0x61, 0x05, 0x12, 0xC9, 0x6B, 0x20, 0x2D, 0xD7, 0xA0, 0x82, 0xC4, 0x14, 0x5A, 0x0D, 0x29,
    0x90, 0xA3, 0x8F, 0x43, 0x69, 0x20, 0x61, 0x5F, 0x37, 0x68, 0x14, 0xC1, 0x75, 0x62, 0x4C, 0x6B,
    0x28, 0x41, 0x4C, 0xEB, 0x56, 0x03, 0x09, 0x09, 0x7B, 0xE8, 0xA5, 0x86, 0x11, 0x02, 0x8D, 0x22,
    0xD0, 0xDC, 0x69, 0x07, 0xA3, 0xEF, 0x27, 0xA0, 0x1C, 0x5F, 0x43, 0x08, 0x0B, 0xE7, 0x7D, 0xC7,
    0xBC, 0x4A, 0x1B, 0x84, 0xD3, 0x17, 0xBF, 0xD5, 0xAA, 0x8B, 0x11, 0x80, 0x49, 0x85, 0xB5, 0xF6,
    0xD0, 0xB0, 0x29, 0xFC, 0x38, 0x83, 0x80, 0xCE, 0x55, 0x9D, 0x21, 0xBA, 0x81, 0x01, 0x10, 0x0D,
    0xB4, 0x6C, 0x4C, 0x44, 0xDD, 0xD0, 0x12, 0x55, 0x97, 0x69, 0x53, 0x68, 0x83, 0x58, 0x02, 0xDB,
    0xB4, 0x1C, 0x49, 0xA0, 0xCD, 0x54, 0x75, 0xB4, 0x21, 0xE2, 0xF5, 0xED, 0xDB, 0xA3, 0x46, 0x11,
    0x64, 0x1F, 0xDF, 0x27, 0x3B, 0x87, 0x35, 0x10, 0x73, 0x6D, 0xA8, 0xA4, 0xAC, 0xBC, 0x97, 0x09,
    0x6B, 0x46, 0x33, 0xC7, 0x22, 0x88, 0xE0, 0xAF, 0xDE, 0x29, 0xD8, 0x04, 0x5F, 0x47, 0x42, 0x75,
    0x1C, 0x41, 0x48, 0x4B, 0x0D, 0x00, 0x70, 0x17, 0xEF, 0xEF, 0xCC, 0x57, 0xED, 0x7C, 0xD7, 0xB5,
    0x88, 0x21, 0x80, 0xFA, 0xCC, 0x31, 0x11, 0x11, 0x47, 0xC5, 0xCB, 0x1A, 0x39, 0x5E, 0x10, 0x32,
    0x98, 0xD9, 0xD5, 0x0B, 0x35, 0x5A, 0xA0, 0xC1, 0x82, 0x39, 0x56, 0x80, 0x79, 0x9E, 0xC3, 0x69,
    0x4A, 0x38, 0xE9, 0xC1, 0xAF, 0x81, 0x63, 0xFF, 0x5A, 0x37, 0x6B, 0x8E, 0x82, 0xE5, 0x87, 0x18,
    0xAE, 0x8F, 0x4D, 0x0F, 0x21, 0x84, 0x40, 0xD0, 0xB4, 0xD0, 0x81, 0xB7, 0x31, 0x84, 0x50, 0x20,
    0x84, 0x30, 0x70, 0x08, 0x21, 0xE7, 0x10, 0x42, 0x2C, 0xC1, 0x8E, 0xD4, 0xB2, 0xB8, 0x4A, 0x85,
    0xBF, 0x3C, 0x73, 0x80, 0xED, 0x83, 0x26, 0xAB, 0xD9, 0xF8, 0xAA, 0xF0, 0x5D, 0xD6, 0xDB, 0x6E,
    0xBE, 0xD2, 0xEF, 0xEE, 0x65, 0xEC, 0x90, 0xB0, 0xE2, 0xD0, 0x96, 0xE5, 0x2F, 0x2C, 0xFF, 0xE5,
    0x9F, 0x67, 0xF6, 0xCE, 0xDF, 0xC4, 0xDF, 0x1B, 0x96, 0xBE, 0xBF, 0x61, 0xAF, 0x97, 0xDB, 0xA2,
    0xC6, 0x4C, 0x87, 0xCC, 0x33, 0xFB, 0xD5, 0xC9, 0x9D, 0xC2, 0xD7, 0x6C, 0xBC, 0x09, 0x81, 0x55,
    0xF5, 0xC2, 0x14, 0x48, 0x37, 0x4B, 0x3B, 0xE4, 0x25, 0xF3, 0x00, 0x20, 0x91, 0xB5, 0x1A, 0xF1,
    0x55, 0x3F, 0xDB, 0x53, 0x12, 0x7B, 0x8C, 0xF9, 0x64, 0x31, 0x83, 0x22, 0x41, 0x73, 0xF8, 0x09,
    0x08, 0x36, 0xD2, 0x68, 0x90, 0x73, 0xEF, 0xD3, 0x4C, 0xD2, 0x1A, 0xFB, 0x77, 0x40, 0xFD, 0x33,
    0x4B, 0xAB, 0xE9, 0x4E, 0x22, 0xF4, 0x19, 0xE3, 0xD7, 0x37, 0x27, 0x09, 0xEF, 0x7B, 0x4C, 0x8A,
    0x6E, 0xDA, 0x61, 0x84, 0xE1, 0x8B, 0xF8, 0x3F, 0xC4, 0x64, 0x6A, 0xD8, 0x80, 0x62, 0x4C, 0xBE,
    0x39, 0xC7, 0xC0, 0x0F, 0x9B, 0xBB, 0x12, 0x9F, 0xFA, 0x73, 0x4C, 0xAD, 0xF9, 0x66, 0x89, 0xCE,
    0x6D, 0xB5, 0x23, 0x8E, 0x2B, 0xAE, 0x1E, 0x04, 0xB4, 0x7A, 0xF9, 0x82, 0x1B, 0xDB, 0x99, 0x3F,
    0x03, 0xB1, 0xBB, 0xFB, 0xD9, 0xB0, 0x3A, 0xFC, 0xDC, 0xDD, 0x88, 0x50, 0xEC, 0x9F, 0x4E, 0x4B,
    0xDF, 0xE7, 0xD0, 0x95, 0xE9, 0x35, 0xDB, 0x1D, 0x35, 0x45, 0x7F, 0x84, 0x7D, 0x6A, 0x98, 0x5B,
    0x11, 0x7F, 0xE8, 0xBB, 0x91, 0x2C, 0xDF, 0x3E, 0xAB, 0xC9, 0x83, 0x2E, 0xE3, 0x36, 0x23, 0x97,
    0x3A, 0xEE, 0x2A, 0xC3, 0x96, 0x30, 0x5C, 0x66, 0x00, 0xA9, 0x11, 0xD3, 0x72, 0xEA, 0x35, 0x90,
    0xF3, 0x90, 0x13, 0xD4, 0x62, 0x09, 0x74, 0xE2, 0x39, 0x14, 0xDA, 0xBB, 0xEB, 0x25, 0x2D, 0xDC,
    0x7F, 0x1E, 0xCC, 0xD6, 0x6A, 0x75, 0x92, 0x60, 0xD8, 0x12, 0x94, 0xEA, 0x47, 0x57, 0x22, 0x10,
    0xA2, 0x32, 0xC9, 0xB3, 0xAE, 0x68, 0x88, 0x27, 0x5A, 0x7C, 0xD2, 0xAE, 0xA8, 0xB7, 0xCA, 0x43,
    0x66, 0x62, 0x9E, 0xDB, 0xE0, 0xCD, 0x30, 0x5E, 0xEA, 0x25, 0x3E, 0x32, 0xAB, 0xFA, 0x33, 0x51,
    0x4F, 0xBC, 0xB8, 0x1E, 0xBE, 0xDA, 0x57, 0xFB, 0xFD, 0xD2, 0x07, 0x04, 0x2F, 0x5B, 0xAA, 0x96,
    0x70, 0x7A, 0x78, 0x31, 0xF8, 0xE0, 0x7A, 0x2B, 0xBF, 0xCD, 0x78, 0x61, 0x4C, 0xA8, 0x91, 0xE3,
    0x50, 0x52, 0x5D, 0xE7, 0xF3, 0xCE, 0x3F, 0xB4, 0x37, 0xA1, 0x1A, 0x4E, 0xC4, 0x30, 0xA0, 0xE8,
    0xE9, 0xA4, 0x66, 0x80, 0xAF, 0x4D, 0x80, 0x41, 0xF0, 0xF1, 0x5A, 0xDC, 0x8E, 0xF8, 0x38, 0xB9,
    0x66, 0xEC, 0x7F, 0xA4, 0x34, 0xC0, 0xD4, 0x47, 0xD3, 0xB5, 0xCC, 0xB3, 0xE7, 0x06, 0x3D, 0x0D,
    0x9E, 0xC0, 0xD3, 0x1D, 0x0D, 0xA0, 0x93, 0xC2, 0x86, 0xE0, 0xB8, 0xC7, 0x10, 0x25, 0x33, 0x79,
    0x14, 0x8E, 0xB6, 0x2B, 0x49, 0x1D, 0x5A, 0xB9, 0xE7, 0xFC, 0x6E, 0xB1, 0x66, 0x6B, 0x9F, 0x5C,
    0xB0, 0xB5, 0x79, 0x98, 0xA5, 0x9C, 0x4C, 0x18, 0x36, 0x3A, 0x00, 0x3E, 0xD6, 0x70, 0x5F, 0xD3,
    0x92, 0x07, 0xAF, 0x9B, 0x22, 0xE7, 0x41, 0x8F, 0xA8, 0x11, 0x32, 0x2C, 0x5D, 0x64, 0x2F, 0x11,
    0x56, 0x2F, 0x93, 0x67, 0x05, 0x39, 0x6F, 0xC5, 0x34, 0x5F, 0xE0, 0x83, 0x0F, 0xD9, 0x3A, 0xCA,
    0x75, 0xDC, 0x22, 0xC0, 0xF7, 0x18, 0xFC, 0xD5, 0x1A, 0x08, 0xB8, 0x52, 0x95, 0xF1, 0xFB, 0xE4,
    0x79, 0xD6, 0x40, 0x42, 0xD2, 0x02, 0x0D, 0x69, 0x4B, 0x88, 0xF8, 0x37, 0x82, 0xA6, 0xC7, 0x33,
    0xF8, 0x4C, 0x9B, 0x29, 0xA6, 0x09, 0x19, 0xC6, 0xD9, 0xAF, 0x39, 0x32, 0x7E, 0x91, 0x44, 0x54,
    0x63, 0x2F, 0xDA, 0x21, 0xAA, 0x09, 0x31, 0x04, 0xC8, 0xCA, 0x56, 0x74, 0xC4, 0x6C, 0x8D, 0x8C,
    0xE6, 0xD6, 0x49, 0xC3, 0x2B, 0x6E, 0xDB, 0x8F, 0x18, 0xBA, 0x4C, 0x7F, 0x89, 0xCD, 0x8F, 0x0F,
    0x4C, 0x0D, 0x01, 0x90, 0x5F, 0x43, 0x3D, 0x84, 0x40, 0xDF, 0x09, 0x21, 0xB7, 0x1D, 0x39, 0xFE,
    0xC3, 0x42, 0x94, 0x06, 0x6E, 0x32, 0x23, 0x74, 0x58, 0xB2, 0x88, 0xEB, 0x06, 0x73, 0x68, 0x77,
    0x37, 0xA7, 0x0E, 0xFE, 0x08, 0x75, 0x1E, 0xAD, 0x5D, 0x49, 0xBA, 0x84, 0xB3, 0x26, 0x3D, 0x32,
    0xEA, 0x96, 0xA9, 0x12, 0x5D, 0x1D, 0x01, 0x72, 0x9D, 0xE4, 0x5B, 0x64, 0x13, 0xB8, 0x3B, 0xB1,
    0xEF, 0xCA, 0x19, 0x39, 0x8D, 0x44, 0x90, 0xCB, 0x67, 0x9F, 0xF6, 0xCA, 0xAE, 0xA9, 0x7E, 0x65,
    0x49, 0x6B, 0x10, 0xB1, 0x07, 0x23, 0x01, 0x86, 0xA4, 0xB8, 0x2D, 0x63, 0xD7, 0xE4, 0xB8, 0x34,
    0xE1, 0xDA, 0x20, 0x99, 0xE8, 0xC3, 0xA7, 0xFE, 0x80, 0xD3, 0x65, 0x04, 0xB7, 0xEE, 0x6F, 0xD4,
    0xCE, 0x24, 0x1C, 0x9C, 0xE6, 0x5C, 0x45, 0x0D, 0x86, 0xE9, 0x41, 0x9B, 0xA3, 0x77, 0xB5, 0xB2,
    0x63, 0x84, 0x44, 0xFA, 0xF1, 0xCB, 0xAB, 0x33, 0x6B, 0xE0, 0x6E, 0x93, 0xD1, 0xE8, 0x52, 0xDA,
    0x1A, 0xD2, 0x0A, 0x6B, 0x6F, 0x0D, 0x3E, 0xED, 0x9C, 0xA5, 0x7E, 0x8E, 0x44, 0x1C, 0xC8, 0xE7,
    0x97, 0x56, 0x5C, 0xB1, 0xD1, 0x68, 0x16, 0x6B, 0xB6, 0xEC, 0xC9, 0xCC, 0x59, 0xFC, 0xFC, 0x91,
    0x41, 0x0E, 0x20, 0x27, 0x92, 0xCA, 0xBA, 0x15, 0x90, 0xE3, 0xE7, 0x17, 0x86, 0xFE, 0xBE, 0x13,
    0x10, 0xD3, 0x65, 0xB0, 0x05, 0x62, 0xEC, 0x13, 0x65, 0x17, 0x12, 0x0D, 0xF5, 0x06, 0x89, 0xAA,
    0xAA, 0xD7, 0x92, 0xDA, 0x0F, 0x7F, 0xEC, 0x93, 0x26, 0x1E, 0x43, 0xD2, 0xAB, 0x63, 0xDC, 0x85,
    0x9C, 0x74, 0xD8, 0xD0, 0x82, 0xD2, 0xAC, 0x71, 0x39, 0x9A, 0xA4, 0x0F, 0x06, 0x52, 0xBD, 0x11,
    0xB2, 0x8B, 0x30, 0xA9, 0x10, 0x89, 0x09, 0x2F, 0x9E, 0xD4, 0xC0, 0x76, 0x66, 0x37, 0x27, 0x39,
    0x13, 0x2B, 0x19, 0x7D, 0x06, 0x5A, 0x78, 0x19, 0x71, 0xCF, 0x92, 0x84, 0x57, 0x01, 0xA9, 0x55,
    0xA1, 0x02, 0x01, 0xE7, 0xC9, 0xAB, 0x92, 0x50, 0x9D, 0xF5, 0x61, 0x8F, 0x9B, 0x6B, 0x07, 0xA4,
    0xD7, 0x4D, 0x28, 0x82, 0xA8, 0xA9, 0xC4, 0x8A, 0x91, 0x63, 0x71, 0xCA, 0x71, 0x89, 0x23, 0x09,
    0x1D, 0x2D, 0xD2, 0xBB, 0x25, 0x7C, 0x4B, 0x28, 0x12, 0xB1, 0xD6, 0x06, 0xAE, 0xF4, 0xE0, 0xAC,
    0x4E, 0x2F, 0x59, 0x24, 0xB6, 0x87, 0x50, 0x8F, 0xA1, 0x59, 0xA5, 0x51, 0x7A, 0x31, 0x8A, 0x6C,
    0x27, 0xE6, 0x92, 0xD5, 0x74, 0x96, 0xED, 0xF6, 0xA4, 0xFF, 0x44, 0x96, 0xB7, 0xD7, 0xD4, 0x49,
    0x70, 0x82, 0xEE, 0x53, 0xAB, 0xCF, 0x59, 0x9D, 0xA7, 0xD8, 0x48, 0xEF, 0x52, 0xDC, 0x11, 0x8B,
    0x10, 0x9A, 0xDF, 0xEA, 0xFA, 0x7C, 0x10, 0xAC, 0x6F, 0xA5, 0xB2, 0x25, 0x25, 0x86, 0x8F, 0x38,
    0xC0, 0xB6, 0x86, 0x47, 0xFC, 0x1E, 0xA6, 0x7E, 0x68, 0x92, 0x39, 0xB9, 0x47, 0x40, 0x0D, 0xAF,
    0xC0, 0x28, 0xF2, 0x44, 0x02, 0x33, 0x49, 0x79, 0x6C, 0xCF, 0x15, 0x7E, 0x2E, 0x29, 0x78, 0x49,
    0xD1, 0x1B, 0x4E, 0x76, 0xBA, 0xA8, 0xEE, 0x97, 0xB5, 0x3E, 0xC3, 0x87, 0x69, 0xD8, 0x42, 0x25,
    0x51, 0xDB, 0xA3, 0x0D, 0x38, 0x24, 0x15, 0xF3, 0x3D, 0x99, 0x68, 0xB7, 0x92, 0xDB, 0x86, 0xFF,
    0xD2, 0xA1, 0x4D, 0x38, 0xA2, 0x16, 0x71, 0x2D, 0x4D, 0x20, 0x21, 0x30, 0x4E, 0xC4, 0xFF, 0x9C,
    0xCF, 0xF0, 0xDB, 0x39, 0x54, 0x78, 0x5D, 0xA8, 0xEE, 0x4A, 0xC8, 0xA1, 0xBA, 0x46, 0x42, 0x75,
    0xB9, 0xE1, 0x94, 0x23, 0xB6, 0x9D, 0x27, 0x6B, 0xCC, 0x35, 0x85, 0xEA, 0x46, 0x09, 0xD5, 0x49,
    0xF1, 0x8F, 0x0B, 0xC7, 0x7D, 0x51, 0xA8, 0x6E, 0xB8, 0x3E, 0x54, 0xE7, 0xD1, 0x2C, 0x6B, 0xCC,
    0xC2, 0xA1, 0xBA, 0x00, 0xA1, 0xBA, 0x5C, 0xD3, 0xDF, 0x2E, 0x54, 0x57, 0x74, 0xC2, 0x36, 0x35,
    0xB3, 0xCD, 0x46, 0xD8, 0xA6, 0x5F, 0x16, 0xD7, 0xA4, 0xE5, 0xB2, 0xAC, 0xC9, 0x2E, 0x63, 0xFD,
    0xD4, 0x89, 0x86, 0xFB, 0x9D, 0x6A, 0x3C, 0xBE, 0xB5, 0x12, 0x83, 0x62, 0xBB, 0xFD, 0xD2, 0x18,
    0x5E, 0x7F, 0x33, 0x31, 0x3C, 0x3B, 0xC5, 0xF0, 0xD6, 0x46, 0xF2, 0x3D, 0x5B, 0x67, 0x6A, 0xE7,
    0x55, 0xB3, 0x43, 0x86, 0x03, 0x43, 0x4A, 0x0A, 0x33, 0x07, 0xE3, 0x01, 0x9C, 0xF5, 0x5F, 0x9C,
    0xA9, 0x23, 0x3A, 0xA6, 0x64, 0xDA, 0x59, 0x0B, 0x2E, 0xB5, 0x1B, 0x6F, 0xD4, 0xE3, 0x0F, 0x30,
    0xAA, 0x56, 0x88, 0x3E, 0x01, 0x36, 0x3E, 0x43, 0x66, 0xB5, 0x3A, 0xE5, 0x80, 0x72, 0xF7, 0xE0,
    0x90, 0x6C, 0xDB, 0xC3, 0x1A, 0x24, 0xCF, 0x24, 0xE9, 0x5D, 0xBB, 0x13, 0x9E, 0xD3, 0xF0, 0x65,
    0x72, 0x99, 0x76, 0x9E, 0x72, 0x82, 0xA9, 0x45, 0xDC, 0x1B, 0xD8, 0xDA, 0x01, 0xE6, 0xCE, 0x41,
    0x6A, 0xFC, 0x94, 0xAD, 0x56, 0x5F, 0xDC, 0xC5, 0x52, 0x6D, 0xD1, 0x6C, 0x74, 0x21, 0xF7, 0x67,
    0x59, 0xBC, 0xF0, 0xAC, 0xEC, 0xDA, 0x7A, 0x5A, 0xBD, 0x73, 0x16, 0x5B, 0xE8, 0x54, 0x14, 0xDA,
    0xEE, 0x3C, 0xD0, 0x55, 0x30, 0x01, 0xD4, 0xA4, 0xF2, 0xD2, 0x2B, 0x64, 0xD0, 0x85, 0x6C, 0xD1,
    0x1C, 0x3A, 0x3D, 0xD5, 0x68, 0x41, 0x86, 0xF4, 0x08, 0x00, 0xED, 0x41, 0x82, 0x64, 0x48, 0x66,
    0x72, 0x1E, 0x94, 0xF3, 0x49, 0x01, 0x20, 0x8E, 0xC8, 0x0B, 0x4B, 0x39, 0x2E, 0xA8, 0x90, 0xA6,
    0x21, 0x22, 0x4A, 0xB1, 0xC9, 0x1D, 0x78, 0xBE, 0x3F, 0x64, 0xE3, 0x3B, 0x9A, 0x77, 0x0A, 0x7C,
    0xB1, 0x7D, 0x6D, 0x99, 0xD6, 0xE8, 0x1C, 0x01, 0xEC, 0x6E, 0x4F, 0x34, 0x7A, 0x24, 0x39, 0xF1,
    0x5C, 0xAB, 0x0F, 0xB5, 0xC9, 0x15, 0x44, 0xA4, 0xBC, 0x9E, 0x04, 0x78, 0xF7, 0x4C, 0xD4, 0x9B,
    0x0B, 0xD0, 0x52, 0x55, 0x4D, 0x8A, 0x27, 0x05, 0x3B, 0xF8, 0x17, 0x84, 0x74, 0x22, 0xF3, 0xAD,
    0xB0, 0x3E, 0x1A, 0x74, 0x23, 0x17, 0xCF, 0xB4, 0xA8, 0x90, 0x4B, 0x72, 0x4E, 0xAF, 0xBC, 0x4A,
    0x8E, 0xB3, 0x8F, 0x3A, 0x94, 0x4E, 0xBF, 0x2A, 0xBE, 0xEC, 0x97, 0xEE, 0xA9, 0x1A, 0x2E, 0x63,
    0x90, 0xDF, 0xDC, 0xB3, 0x58, 0x9E, 0x74, 0x50, 0xD6, 0xB8, 0x00, 0xC5, 0xFF, 0x97, 0x7C, 0x7D,
    0x63, 0x25, 0x5F, 0xAE, 0xCC, 0x4B, 0x5D, 0x19, 0xE7, 0xC3, 0x4C, 0x65, 0x5E, 0xAE, 0xA2, 0x24,
    0xB5, 0xF3, 0x38, 0x9A, 0x8A, 0x38, 0xA4, 0xCC, 0x6B, 0xAA, 0x3A, 0x99, 0x9C, 0x48, 0x07, 0xCA,
    0x07, 0xB1, 0xCC, 0xCB, 0xC1, 0x6F, 0x4E, 0x96, 0x4F, 0xA3, 0x62, 0x1A, 0x65, 0x37, 0x3D, 0xBA,
    0xC7, 0xCA, 0xBC, 0xF0, 0xF3, 0x86, 0x26, 0xB7, 0xCB, 0x45, 0xC2, 0x3C, 0x16, 0xD2, 0x90, 0xE8,
    0x91, 0xAB, 0x1A, 0x78, 0xE9, 0x1E, 0xF6, 0x17, 0xFC, 0xD6, 0x49, 0x69, 0x31, 0xE4, 0x4B, 0x2D,
    0x4A, 0x12, 0x2B, 0x99, 0x83, 0x1E, 0xF5, 0xDD, 0xE5, 0x2A, 0x10, 0xAB, 0xE7, 0xAB, 0xD5, 0x3B,
    0x12, 0x3C, 0x62, 0xFC, 0xC1, 0xE8, 0x8F, 0x9D, 0x06, 0x63, 0x6E, 0x02, 0xC1, 0x7C, 0xF1, 0xE0,
    0xD1, 0x5C, 0x07, 0x20, 0x11, 0x1E, 0x54, 0xBD, 0x0E, 0xC8, 0xB5, 0xB4, 0x57, 0x57, 0x64, 0x7A,
    0x10, 0xBF, 0x5B, 0x8E, 0x70, 0xA4, 0x6E, 0x40, 0x5E, 0xA5, 0xDC, 0x13, 0xBA, 0x41, 0x70, 0xC3,
    0xC0, 0x1F, 0xAF, 0x1F, 0x04, 0x83, 0x1B, 0x74, 0x3A, 0x88, 0x1A, 0x5F, 0x32, 0xED, 0x69, 0xB9,
    0xCD, 0x14, 0x48, 0x0D, 0xC7, 0xC4, 0x52, 0x27, 0x7B, 0xBC, 0x77, 0xB8, 0xE8, 0x67, 0x1B, 0x25,
    0x46, 0x5D, 0x05, 0xBF, 0xF7, 0x53, 0x82, 0x91, 0x47, 0xEE, 0x08, 0x6A, 0xE0, 0x2D, 0x04, 0x32,
    0xFD, 0x12, 0x5E, 0xE9, 0x81, 0x82, 0x15, 0x58, 0xB6, 0x6C, 0x07, 0xB4, 0x85, 0x68, 0x2F, 0x6E,
    0x45, 0x81, 0xB0, 0xE6, 0xF0, 0x59, 0x54, 0x05, 0x2C, 0x98, 0x62, 0x16, 0x29, 0x19, 0x0B, 0x20,
    0x16, 0x37, 0xFF, 0xDB, 0x4F, 0x06, 0x93, 0x73, 0x70, 0x6E, 0xB2, 0x75, 0xF1, 0x0D, 0x3C, 0x5B,
    0x5C, 0x16, 0xD9, 0x1A, 0xD5, 0xFB, 0x25, 0x81, 0x2B, 0x93, 0x72, 0xF5, 0x71, 0xCE, 0x88, 0x33,
    0x61, 0x3D, 0x47, 0xB4, 0xA6, 0x8A, 0x27, 0x57, 0xEF, 0xE4, 0xCA, 0xCA, 0x5C, 0x4D, 0x99, 0x2B,
    0x28, 0x73, 0x75, 0x4E, 0xAE, 0xCA, 0x69, 0xAA, 0x71, 0xD2, 0x0A, 0x27, 0x57, 0xDF, 0xE4, 0xCA,
    0xC7, 0x5C, 0xED, 0x98, 0x2B, 0x1C, 0x73, 0x75, 0x4D, 0xAE, 0xAA, 0xC9, 0xD5, 0x34, 0xB9, 0x8A,
    0x26, 0x57, 0xCF, 0xE4, 0xAA, 0x99, 0x5C, 0x2D, 0x93, 0xAB, 0x64, 0x72, 0x75, 0x4C, 0xAE, 0x8A,
    0xC9, 0xD5, 0x30, 0xB9, 0x0A, 0x26, 0x57, 0xBF, 0x64, 0xB6, 0xDA, 0x59, 0x76, 0x48, 0x45, 0x92,
    0x27, 0x80, 0x90, 0x14, 0x4B, 0x2A, 0xB2, 0x91, 0x41, 0xC1, 0x09, 0x2A, 0xAE, 0x24, 0x92, 0x3A,
    0x22, 0xAE, 0x22, 0xE2, 0xE8, 0x17, 0x48, 0xBB, 0x11, 0xE7, 0x2D, 0xE3, 0x36, 0x1D, 0x6E, 0xB9,
    0xE5, 0x5A, 0x21, 0xC3, 0x95, 0x42, 0xE5, 0x8D, 0xFE, 0xC0, 0x1B, 0xFB, 0xAB, 0xA7, 0x12, 0x17,
    0x11, 0x1C, 0xF6, 0xE3, 0xCC, 0xC5, 0x19, 0x0A, 0x51, 0x99, 0xFE, 0x67, 0x1A, 0x63, 0x6D, 0xE5,
    0xF9, 0xA0, 0xD9, 0xD1, 0xD7, 0x11, 0x14, 0xD9, 0x55, 0xBB, 0xFF, 0xC1, 0xFB, 0xAE, 0x1A, 0x88,
    0x93, 0x35, 0x30, 0x3D, 0xF1, 0x00, 0x49, 0x72, 0x6F, 0x43, 0x27, 0xFD, 0x4B, 0x51, 0x94, 0x1E,
    0x41, 0x27, 0x68, 0x4F, 0xD0, 0x67, 0x87, 0x20, 0x72, 0xC2, 0x78, 0x57, 0xB5, 0x8A, 0xE7, 0x36,
    0xC6, 0x6E, 0x27, 0xCC, 0xCD, 0xC5, 0x70, 0xA1, 0x43, 0x56, 0xEC, 0x8A, 0x09, 0xB3, 0xF2, 0xFA,
    0x52, 0xB7, 0xFC, 0xC1, 0x8A, 0xE6, 0x1A, 0x73, 0x38, 0x9F, 0x6B, 0x70, 0x19, 0x83, 0xDE, 0x7A,
    0xCE, 0x67, 0x07, 0xED, 0xCC, 0x84, 0xDF, 0xBA, 0xE3, 0xF1, 0x5D, 0x2D, 0xCD, 0x74, 0xF5, 0x79,
    0x2A, 0x27, 0xB5, 0x9E, 0xEE, 0xC2, 0xF2, 0xC5, 0x11, 0xC9, 0xF1, 0xB1, 0xEF, 0xFE, 0x1A, 0xFB,
    0xEE, 0xFE, 0xC0, 0x15, 0x51, 0x1F, 0x70, 0x65, 0x65, 0x61, 0x1B, 0x79, 0xD1, 0x2A, 0x5F, 0x54,
    0x44, 0xC5, 0xE2, 0xBB, 0x67, 0x52, 0x11, 0x65, 0xB9, 0x22, 0x2A, 0xD8, 0x70, 0x45, 0x54, 0xDC,
    0xB1, 0xD3, 0x4E, 0xEA, 0x96, 0x3A, 0x72, 0x59, 0xE0, 0xBB, 0x87, 0x23, 0x3B, 0xED, 0x49, 0xC7,
    0x15, 0x51, 0x05, 0x14, 0x47, 0xB5, 0x61, 0x9D, 0xC1, 0x82, 0x8D, 0x66, 0xC1, 0x3B, 0x11, 0xF0,
    0xDD, 0xCB, 0x45, 0x45, 0x54, 0x2C, 0x15, 0x51, 0x10, 0xC5, 0x29, 0x3D, 0xF9, 0x0A, 0x57, 0x44,
    0xAD, 0xA5, 0x22, 0xEA, 0x29, 0x57, 0x11, 0xE5, 0x5D, 0x72, 0x35, 0x87, 0x6C, 0x72, 0xC4, 0x8D,
    0x53, 0x01, 0xC7, 0x26, 0xCA, 0x5C, 0x06, 0x52, 0x48, 0x79, 0x9D, 0x21, 0x7D, 0x35, 0x42, 0x63,
    0x2E, 0x8A, 0xA1, 0xC8, 0x2D, 0xCB, 0xBA, 0x04, 0x4D, 0x41, 0xAE, 0xF7, 0xEF, 0x47, 0x6A, 0xAE,
    0x75, 0xD4, 0x90, 0xC6, 0x6E, 0xC9, 0xC0, 0xD7, 0x62, 0xA8, 0x18, 0x4E, 0x78, 0x86, 0x62, 0xA8,
    0x63, 0x28, 0x86, 0x7A, 0x9A, 0xB7, 0x10, 0x95, 0x12, 0xDE, 0xCB, 0x3E, 0x11, 0x40, 0x27, 0x83,
    0x56, 0x9D, 0x6D, 0xB4, 0x56, 0x37, 0x7B, 0x7E, 0x50, 0x85, 0x74, 0x54, 0xB9, 0xE4, 0xC0, 0xFD,
    0x2A, 0xB5, 0x2C, 0x42, 0x8A, 0xF6, 0x45, 0x38, 0x1B, 0x6F, 0xD3, 0x1A, 0xC9, 0x7B, 0x50, 0x6F,
    0x0D, 0x74, 0x5B, 0x07, 0x74, 0x74, 0x70, 0x84, 0x7F, 0x10, 0x38, 0x0F, 0x21, 0x92, 0xD2, 0x1D,
    0x12, 0x4C, 0x2D, 0xFC, 0xB1, 0x86, 0x64, 0x5B, 0x5A, 0x53, 0x73, 0x58, 0xDC, 0x81, 0xC2, 0xB9,
    0x81, 0x11, 0xBF, 0x30, 0x43, 0x32, 0x3F, 0xEA, 0x49, 0x41, 0xA4, 0xC8, 0xAD, 0x67, 0xD2, 0xD8,
    0x2E, 0x87, 0xDD, 0x97, 0xC7, 0x96, 0x50, 0xE3, 0x9D, 0xF6, 0x38, 0xE4, 0x72, 0x20, 0xDF, 0x07,
    0xCE, 0x40, 0x4B, 0x4A, 0x63, 0xDD, 0x6C, 0x5C, 0x4A, 0x66, 0xF0, 0xBB, 0x78, 0xF3, 0xEA, 0xFE,
    0x2D, 0x29, 0xF5, 0x54, 0x59, 0xD8, 0x91, 0x21, 0x10, 0x34, 0x29, 0xC9, 0xDD, 0x98, 0xEC, 0x80,
    0x03, 0xB7, 0x4D, 0x51, 0x44, 0xF5, 0x1B, 0x13, 0xDD, 0x27, 0x23, 0x87, 0x92, 0x84, 0xE6, 0x85,
    0xE2, 0x95, 0xDE, 0x41, 0xED, 0x64, 0x60, 0xAF, 0xF6, 0xD8, 0x8B, 0x46, 0x06, 0x65, 0xF0, 0x24,
    0xA8, 0x70, 0x58, 0x62, 0xE9, 0x8B, 0xD6, 0xBB, 0xC1, 0x08, 0xE4, 0x57, 0xA9, 0xF0, 0xC2, 0x9E,
    0xFD, 0xEC, 0xE5, 0xDA, 0xC5, 0xCC, 0xED, 0xD5, 0x77, 0xD9, 0xBC, 0xF4, 0x9B, 0xF9, 0x1E, 0x53,
    0xDE, 0x68, 0x40, 0xB2, 0x81, 0x1A, 0xD4, 0xF2, 0x3E, 0x06, 0x2C, 0xF9, 0x84, 0x44, 0x0B, 0xF9,
    0x2C, 0xE2, 0xCF, 0x2F, 0x50, 0x5F, 0x90, 0x67, 0x51, 0xFC, 0x2B, 0x49, 0xBD, 0xF7, 0xC9, 0x53,
    0x6C, 0x69, 0x8F, 0xE4, 0x35, 0x78, 0x1D, 0x19, 0x51, 0xE7, 0xC8, 0x17, 0x7E, 0xDA, 0xCF, 0xD5,
    0x78, 0x31, 0x66, 0x73, 0xBC, 0x09, 0xFA, 0x90, 0x6C, 0xDC, 0x80, 0x84, 0xD9, 0x36, 0x4A, 0x06,
    0xC6, 0xEC, 0xEA, 0xEA, 0x14, 0xAC, 0x5D, 0xFE, 0x34, 0x62, 0x98, 0x92, 0x50, 0x7C, 0x3A, 0xB1,
    0x7F, 0x35, 0x10, 0xCD, 0x75, 0x01, 0xB6, 0x5C, 0xD1, 0xB3, 0x8F, 0x9E, 0x9A, 0x88, 0x53, 0x30,
    0xCE, 0x84, 0x29, 0x64, 0x19, 0x97, 0x88, 0x74, 0x7D, 0x57, 0x54, 0xA3, 0x46, 0x1F, 0xEE, 0x62,
    0x88, 0x91, 0xEB, 0x26, 0xEF, 0x5B, 0x90, 0x71, 0x42, 0xD3, 0xEF, 0x91, 0x42, 0xC5, 0xD4, 0x3F,
    0x35, 0xE5, 0xED, 0x82, 0xD4, 0x36, 0xA4, 0x6A, 0xF6, 0x5B, 0x28, 0x9E, 0x2B, 0xA0, 0xC8, 0x75,
    0x4A, 0xCC, 0x53, 0x40, 0xAF, 0x46, 0x35, 0x2A, 0x31, 0xCB, 0x87, 0xF4, 0x7D, 0x20, 0xF6, 0x71,
    0x82, 0x29, 0x7E, 0xF4, 0xCD, 0x35, 0x1C, 0xCB, 0x64, 0xD7, 0x6A, 0x51, 0xC6, 0x4C, 0xF2, 0x8B,
    0xD4, 0x4E, 0xF5, 0x22, 0xE9, 0xBB, 0xF7, 0xC9, 0x63, 0xBC, 0x48, 0x2E, 0x79, 0x7B, 0x9E, 0xCC,
    0x94, 0x4C, 0x84, 0xDD, 0x11, 0xC8, 0xBA, 0x47, 0x0D, 0xBF, 0xEE, 0x77, 0x1C, 0x21, 0x1C, 0x42,
    0x23, 0x42, 0xDF, 0xF1, 0x78, 0x73, 0x1F, 0x44, 0xCF, 0x9C, 0xC5, 0xF1, 0xA7, 0x86, 0xEB, 0xB5,
    0x43, 0x9A, 0x03, 0x34, 0x93, 0xE6, 0x49, 0xFE, 0x9C, 0x09, 0xF3, 0x3B, 0x5A, 0xB7, 0x7D, 0x10,
    0x11, 0x07, 0x12, 0x3B, 0xE4, 0xBA, 0x1C, 0xF3, 0xBB, 0x1D, 0xD3, 0x3D, 0x45, 0x38, 0xFF, 0x6A,
    0x15, 0xDB, 0x6F, 0x70, 0x98, 0xC0, 0xB7, 0x2F, 0xF2, 0x55, 0xF5, 0x5F, 0x1B, 0x79, 0xBB, 0x85,
    0x33, 0x75, 0xFE, 0xC8, 0xB6, 0xA2, 0x39, 0x2C, 0x06, 0x8A, 0x67, 0x9E, 0xBC, 0xA7, 0x2B, 0xB6,
    0x53, 0xA8, 0xC1, 0xE4, 0x37, 0xD8, 0x5D, 0x87, 0xE4, 0x44, 0x9F, 0xC1, 0x5B, 0x83, 0x16, 0xDA,
    0x83, 0x37, 0xFB, 0x7D, 0x30, 0xFD, 0x23, 0x9C, 0x5E, 0xF8, 0xE6, 0x2A, 0xB6, 0xCD, 0x8F, 0xCD,
    0xA2, 0x22, 0x3E, 0x15, 0x8E, 0x2F, 0x44, 0xA5, 0xED, 0x49, 0xCD, 0x78, 0xC7, 0xC6, 0xB2, 0xD1,
    0x98, 0xFA, 0xBD, 0x09, 0xED, 0x83, 0x2E, 0x80, 0xCF, 0x71, 0x63, 0x3E, 0xE6, 0x31, 0x10, 0xD1,
    0x0E, 0xE2, 0x4E, 0x8F, 0x33, 0x1D, 0x7D, 0x53, 0x30, 0xDE, 0x6A, 0xD3, 0x7D, 0xF6, 0x5F, 0xB4,
    0xD6, 0xA0, 0xA6, 0xD5, 0x37, 0x61, 0x92, 0x5A, 0xD3, 0xCF, 0x5D, 0xA2, 0x51, 0x52, 0x8E, 0x60,
    0x3E, 0xFB, 0x0F, 0xEF, 0x7E, 0xE4, 0x62, 0xCC, 0xBD, 0x04, 0x3D, 0x52, 0xCD, 0xFF, 0x46, 0xEC,
    0x7B, 0x41, 0x30, 0xD6, 0x9F, 0xDB, 0xFB, 0xD3, 0x75, 0xA9, 0xBD, 0x3E, 0xB7, 0xD6, 0xFC, 0x71,
    0xA7, 0x79, 0xE6, 0x5C, 0xF3, 0xCE, 0x9A, 0x97, 0x16, 0x89, 0x62, 0xBB, 0x42, 0xE5, 0x7E, 0xA6,
    0x61, 0x99, 0xE4, 0x86, 0x75, 0x25, 0xF8, 0xEE, 0xB9, 0xBC, 0x33, 0xB2, 0x01, 0x1E, 0xE7, 0x9D,
    0x3F, 0x84, 0x60, 0x40, 0x49, 0x1D, 0xFE, 0x33, 0x00, 0x42, 0x6E, 0xEA, 0x43, 0x5C, 0x99, 0x28,
    0x1E, 0x04, 0x0F, 0x7A, 0x07, 0xB9, 0x33, 0xB5, 0x83, 0xD8, 0x41, 0xEB, 0x20, 0x75, 0x84, 0x23,
    0x8A, 0x17, 0xC6, 0xC4, 0xA6, 0x9B, 0xC4, 0x56, 0xEB, 0xC0, 0xFE, 0x6E, 0xA0, 0x43, 0xBC, 0x14,
    0x58, 0xF1, 0x57, 0xBE, 0xE8, 0x03, 0xDC, 0x65, 0x53, 0xEE, 0xD1, 0x19, 0x7B, 0xC5, 0xA8, 0x46,
    0x9A, 0x55, 0xA3, 0x4F, 0x91, 0xD0, 0x48, 0xBC, 0x28, 0xD2, 0x97, 0xFE, 0x9D, 0x76, 0xBD, 0xEF,
    0x60, 0x7E, 0x50, 0xE8, 0x1E, 0x64, 0x0F, 0xAA, 0x07, 0xD1, 0x83, 0xE6, 0x41, 0xF2, 0xB7, 0x0B,
    0xD6, 0x62, 0xEE, 0xC1, 0xDE, 0xCB, 0x27, 0x83, 0x6F, 0xF2, 0x72, 0xB2, 0xE7, 0x47, 0xF1, 0x71,
    0x8E, 0x4D, 0x2E, 0xCE, 0xBD, 0x5C, 0xC8, 0x1C, 0x75, 0x15, 0xBF, 0xC2, 0x06, 0x75, 0x14, 0x8C,
    0x5C, 0xB9, 0xB9, 0x66, 0x9D, 0xF4, 0x66, 0xC4, 0x2F, 0x5A, 0xF0, 0x6B, 0xEA, 0x51, 0xCE, 0x41,
    0xCA, 0xFC, 0x07, 0x77, 0xBC, 0x48, 0x59, 0xA9, 0x5E, 0xB6, 0xAD, 0x0E, 0x8E, 0xFA, 0x37, 0x62,
    0x49, 0x2E, 0x4D, 0xC9, 0x7B, 0x16, 0x11, 0x0F, 0x49, 0xFC, 0x49, 0xFE, 0x9B, 0x47, 0xCF, 0x62,
    0x9B, 0x3D, 0x23, 0x76, 0xB8, 0x63, 0x8E, 0xF1, 0x1C, 0x98, 0xFE, 0x6D, 0xCC, 0x9D, 0x02, 0xFE,
    0x96, 0xBD, 0x24, 0x6F, 0x9D, 0x20, 0xB4, 0x91, 0x87, 0x23, 0xC1, 0x90, 0x54, 0x02, 0x41, 0x7D,
    0x30, 0x21, 0x5E, 0x76, 0x0F, 0x4A, 0x4E, 0x08, 0x26, 0x96, 0xCB, 0xA4, 0x06, 0xC6, 0x0B, 0xFE,
    0xBD, 0x09, 0x67, 0xE7, 0x2C, 0x9F, 0xDC, 0xF2, 0x81, 0x73, 0xF1, 0x7D, 0xE1, 0xC5, 0x1D, 0x81,
    0xC7, 0xB5, 0x03, 0xFD, 0xCA, 0x4D, 0xC6, 0x4D, 0x69, 0xC8, 0xA4, 0x22, 0x2E, 0x27, 0x83, 0x71,
    0x9B, 0x7D, 0xB5, 0x65, 0x7A, 0x5C, 0x6B, 0xD8, 0xC4, 0x81, 0x98, 0x02, 0xAC, 0xD9, 0xD4, 0x9C,
    0x70, 0x6F, 0x58, 0x72, 0x05, 0xD4, 0x01, 0x08, 0xB8, 0xF8, 0xBF, 0xC7, 0xAC, 0x3C, 0x91, 0x95,
    0x3B, 0x45, 0xF3, 0x27, 0x05, 0x1C, 0xC6, 0x3C, 0x81, 0xD4, 0x41, 0xD0, 0x3F, 0x4F, 0x36, 0x5D,
    0xB0, 0x19, 0xFC, 0xCD, 0xE8, 0x8F, 0xD5, 0x0B, 0x43, 0x66, 0x5B, 0x9F, 0xD5, 0xA9, 0x87, 0x4C,
    0x62, 0x09, 0x89, 0x57, 0xD5, 0x70, 0x48, 0xF1, 0x9B, 0x23, 0x32, 0x38, 0x65, 0xE1, 0x22, 0x6E,
    0x5F, 0x8D, 0x3E, 0xDA, 0xDD, 0xDD, 0x7D, 0xB9, 0xE3, 0x70, 0x9F, 0xED, 0xE2, 0x0F, 0x5F, 0xB1,
    0xFF, 0x79, 0x9C, 0xD4, 0x21, 0x69, 0x6E, 0x04, 0x29, 0x49, 0xB4, 0xF9, 0xCD, 0x6B, 0x9C, 0x43,
    0x6A, 0xB8, 0xFA, 0x03, 0xFE, 0xA7, 0xC8, 0xBB, 0x3B, 0xD0, 0xC5, 0x5A, 0xAA, 0xC1, 0x14, 0xF4,
    0x39, 0x81, 0xD6, 0xF9, 0x95, 0x5E, 0xA9, 0x7C, 0x92, 0xA4, 0xDA, 0x94, 0xA5, 0x73, 0xF9, 0x84,
    0x74, 0xDF, 0x8B, 0x01, 0x1A, 0x0A, 0x60, 0x9D, 0xF2, 0xB0, 0x61, 0xC2, 0x36, 0x5A, 0x4C, 0x5E,
    0x70, 0x0E, 0xC9, 0xD6, 0xC7, 0xED, 0x2A, 0x8F, 0x61, 0x23, 0x7D, 0xD9, 0x67, 0x83, 0x95, 0x7F,
    0x54, 0xA2, 0x46, 0x0A, 0x69, 0x38, 0x73, 0x48, 0xC3, 0x12, 0x90, 0x3A, 0x95, 0xE4, 0x6A, 0xF9,
    0x9F, 0x27, 0xF8, 0xF8, 0x74, 0x12, 0x56, 0x04, 0x8F, 0x1F, 0xE5, 0x0C, 0x61, 0xEB, 0x8C, 0xB4,
    0x78, 0x80, 0x71, 0x17, 0xD7, 0x48, 0x03, 0x25, 0xCC, 0x6E, 0x09, 0x07, 0xDA, 0xBF, 0xC7, 0xED,
    0xC3, 0x52, 0xEA, 0xEB, 0x72, 0xAE, 0xAC, 0x8D, 0x3C, 0x96, 0xE0, 0xA2, 0xC0, 0xF8, 0xBF, 0x33,
    0x78, 0x76, 0xC3, 0xA6, 0x13, 0x40, 0x95, 0xF1, 0xA4, 0x47, 0xF9, 0xBF, 0x50, 0x68, 0x4E, 0x5F,
    0xAD, 0xC7, 0xE0, 0x0F, 0xB6, 0x25, 0x43, 0xCF, 0x38, 0xCA, 0xD4, 0xF7, 0xD6, 0x89, 0xB3, 0x9E,
    0x64, 0xDB, 0xF1, 0x02, 0x7F, 0x69, 0x2F, 0x63, 0x23, 0x96, 0x97, 0x5A, 0x54, 0x18, 0x56, 0x1B,
    0x56, 0xDA, 0xF1, 0x35, 0x52, 0xA1, 0xA4, 0xF6, 0x76, 0x4C, 0xD6, 0x1F, 0x14, 0x0F, 0xB1, 0xE5,
    0x42, 0x3D, 0xB8, 0x50, 0x11, 0x24, 0x17, 0x11, 0x13, 0xF1, 0x42, 0xD0, 0xD8, 0xC1, 0xE7, 0x48,
    0x09, 0x14, 0x77, 0xEC, 0x3E, 0xCE, 0xB7, 0x1A, 0xE4, 0x4D, 0x79, 0xD4, 0x76, 0x67, 0xF9, 0x33,
    0x84, 0x1A, 0x98, 0x69, 0x38, 0x8A, 0xF7, 0xD2, 0xFE, 0xD7, 0x8E, 0xE5, 0x7D, 0xED, 0x68, 0x7A,
    0xED, 0x58, 0x63, 0x3E, 0x85, 0x7B, 0xED, 0xF8, 0xBA, 0xCA, 0xC0, 0xFC, 0x90, 0xB8, 0x5A, 0x65,
    0xAA, 0xEE, 0x16, 0xE2, 0x2B, 0x2C, 0xE1, 0xE8, 0x50, 0xC8, 0xC4, 0x7D, 0xB5, 0xFE, 0xB3, 0xDD,
    0x5D, 0xDB, 0x1B, 0xC9, 0x08, 0x2E, 0xFB, 0xF6, 0x6B, 0xCD, 0xCB, 0x39, 0x77, 0xDA, 0x23, 0x5C,
    0xB8, 0x90, 0xE0, 0x0D, 0x17, 0xD1, 0xBD, 0xBE, 0x60, 0xE4, 0xE5, 0x25, 0x94, 0x7D, 0xA7, 0x1F,
    0x02, 0xC5, 0xE1, 0x32, 0x37, 0x27, 0x91, 0xFD, 0x47, 0x5C, 0x1C, 0x49, 0x4B, 0xA2, 0xBE, 0x42,
    0x95, 0xE0, 0xC1, 0xB9, 0xC6, 0x2F, 0x63, 0x3F, 0x5D, 0x92, 0x4E, 0x35, 0xB7, 0xFA, 0x2F, 0x5D,
    0xB2, 0xFE, 0x96, 0x5B, 0xE2, 0xE9, 0x0A, 0x38, 0xFD, 0xD4, 0xD9, 0x40, 0xE6, 0xFF, 0x00, 0x9D,
    0x55, 0xBF, 0x6F, 0x1C, 0x45, 0x14, 0xFE, 0x76, 0xD7, 0xF6, 0x4A, 0x5E, 0x45, 0x73, 0x05, 0x16,
    0x52, 0x02, 0xAC, 0x4B, 0x88, 0xC2, 0x2D, 0x45, 0xCA, 0xF3, 0xCD, 0xFC, 0x09, 0x2E, 0xA0, 0xA2,
    0x4D, 0x45, 0x03, 0x45, 0x0A, 0x17, 0xE7, 0xCC, 0x4A, 0x14, 0x48, 0x54, 0x29, 0xF8, 0x03, 0x5C,
    0xB8, 0xBA, 0x14, 0xA4, 0x70, 0x61, 0xA1, 0x23, 0x3B, 0x4A, 0x43, 0x91, 0x66, 0x0A, 0xFE, 0x80,
    0x15, 0x82, 0x06, 0x9A, 0x29, 0x0E, 0x6B, 0x09, 0xBB, 0x33, 0x7C, 0xB3, 0x76, 0x9C, 0x04, 0x9B,
    0x28, 0x62, 0x66, 0xDE, 0xDD, 0xCC, 0x7B, 0x6F, 0x7E, 0xBC, 0xF7, 0xBE, 0xF7, 0x76, 0x0A, 0x6D,
    0x2A, 0x2B, 0x5C, 0xE6, 0xD0, 0x61, 0x86, 0x1B, 0x00, 0x4E, 0xB3, 0x21, 0xEF, 0x84, 0x13, 0xA6,
    0x22, 0xE3, 0x2B, 0x32, 0x70, 0x84, 0xA4, 0x43, 0xD6, 0xA3, 0xF0, 0x10, 0x01, 0x95, 0xA8, 0xF7,
    0x72, 0x73, 0x92, 0xB4, 0x93, 0x28, 0x4B, 0x01, 0x25, 0x90, 0x87, 0x9E, 0xA2, 0x0E, 0x32, 0x38,
    0x9C, 0x24, 0x0A, 0x51, 0x74, 0x7B, 0xB9, 0x0C, 0xB1, 0xF9, 0x2F, 0x96, 0xC7, 0x3A, 0x5C, 0xB6,
    0x61, 0x02, 0xE5, 0xE0, 0xBA, 0xD4, 0x35, 0xA1, 0x95, 0xC1, 0xF0, 0xC4, 0xE4, 0x18, 0xDB, 0xD0,
    0x36, 0xB8, 0xD8, 0xA5, 0xDD, 0x84, 0xA8, 0xA7, 0x90, 0x2E, 0x18, 0xED, 0x82, 0x8D, 0x24, 0xDB,
    0xC6, 0x6C, 0xAB, 0x9B, 0x48, 0x07, 0x54, 0xA1, 0x96, 0xDA, 0xDC, 0xA9, 0x0C, 0x1A, 0xF0, 0xC9,
    0x71, 0x4C, 0x90, 0xA8, 0xB2, 0x3B, 0x7C, 0xD0, 0x55, 0xEB, 0xB2, 0xAB, 0x1E, 0xAC, 0x4A, 0x17,
    0x1F, 0x96, 0xBB, 0x27, 0x10, 0x2E, 0xA0, 0xFC, 0x65, 0x80, 0xFC, 0x7A, 0x0D, 0x59, 0xB4, 0x58,
    0x89, 0x1A, 0x6E, 0x0A, 0x98, 0x0F, 0xA3, 0x06, 0x1E, 0xA3, 0x5D, 0x64, 0x56, 0x8A, 0xF8, 0x06,
    0xDA, 0x46, 0x0B, 0x93, 0x75, 0xE4, 0xDE, 0x59, 0xC4, 0x36, 0x9B, 0xDC, 0x3F, 0x7A, 0xEE, 0x5E,
    0xF4, 0x33, 0x07, 0xC5, 0x2D, 0x41, 0xB4, 0x41, 0x38, 0xF9, 0x4D, 0x57, 0x3E, 0xED, 0x0B, 0xDB,
    0x67, 0x6E, 0x0E, 0x27, 0xF0, 0x49, 0x06, 0x61, 0xC0, 0x27, 0x5F, 0xD2, 0x5E, 0x69, 0x6D, 0xA3,
    0x72, 0x2B, 0xFF, 0xD4, 0x75, 0x15, 0x3C, 0x1D, 0xC4, 0x93, 0x77, 0x78, 0xC0, 0x7E, 0xBC, 0x89,
    0x66, 0x73, 0xAC, 0xB2, 0x96, 0x5E, 0xDC, 0x45, 0x8D, 0x8D, 0xB4, 0x17, 0x56, 0x42, 0x42, 0xD7,
    0x72, 0x2D, 0x7B, 0xD1, 0xA5, 0x47, 0x53, 0x04, 0x13, 0x9C, 0x76, 0x85, 0xCB, 0x9D, 0xE0, 0x51,
    0xF7, 0x50, 0xD4, 0x32, 0x3A, 0xC8, 0x7A, 0x0C, 0xD0, 0x28, 0xDB, 0xE4, 0x61, 0x65, 0x75, 0xA7,
    0xFB, 0x6A, 0x20, 0xA3, 0x4F, 0xBA, 0xB2, 0x9D, 0xAB, 0xE9, 0xDB, 0x84, 0x13, 0xF8, 0x00, 0x53,
    0xCC, 0xB5, 0x6F, 0x3C, 0xE6, 0x9C, 0x7D, 0x0C, 0x1C, 0xE0, 0x14, 0x2B, 0x34, 0xBE, 0x19, 0x7E,
    0xDC, 0x3F, 0xC5, 0x09, 0x55, 0xB4, 0x0F, 0x61, 0x47, 0xA3, 0xA2, 0x7C, 0x03, 0xC7, 0x99, 0xCF,
    0x43, 0x1A, 0xD0, 0x24, 0x7D, 0x70, 0x3F, 0x20, 0x35, 0xA5, 0xD9, 0xC3, 0x82, 0x7D, 0x8E, 0xD2,
    0xA6, 0x35, 0x90, 0x99, 0xB1, 0x5B, 0x9E, 0x39, 0xC4, 0xBD, 0x8D, 0x7F, 0xF7, 0xE7, 0x73, 0x5E,
    0x42, 0xED, 0xF8, 0xDF, 0x30, 0xF4, 0xB9, 0x8D, 0xB3, 0xF8, 0x00, 0xAE, 0xFC, 0xF8, 0x6F, 0xAF,
    0xA7, 0x60, 0xFE, 0x45, 0xF5, 0x2C, 0x09, 0xD0, 0x99, 0x47, 0x20, 0xD2, 0x34, 0x51, 0x56, 0x78,
    0x35, 0x9A, 0x72, 0x45, 0xF3, 0x92, 0xB6, 0x78, 0x92, 0x54, 0x84, 0x95, 0x92, 0x2D, 0x51, 0x7B,
    0xE6, 0x47, 0x84, 0x26, 0xBE, 0xC6, 0x16, 0xA4, 0x6D, 0x5C, 0x58, 0x37, 0x4E, 0xB6, 0xDB, 0xEA,
    0xBF, 0xC0, 0x76, 0x15, 0x54, 0x4D, 0x1D, 0x08, 0xD2, 0x8A, 0xDE, 0xCD, 0xDA, 0xDC, 0x54, 0xEA,
    0x20, 0x62, 0xCF, 0x65, 0x46, 0xB8, 0xAA, 0x97, 0xC3, 0x64, 0xC0, 0x6C, 0xF7, 0x40, 0x3B, 0x59,
    0x6F, 0x00, 0xEF, 0xD3, 0xF1, 0x48, 0xF9, 0x4C, 0x83, 0xD2, 0x40, 0xD6, 0xE7, 0xA3, 0x96, 0x7F,
    0xC4, 0xC0, 0x97, 0x01, 0x69, 0x87, 0xF7, 0x66, 0x63, 0xDB, 0x8D, 0x46, 0x30, 0xAE, 0xC1, 0x75,
    0x89, 0x5B, 0x27, 0xEE, 0x08, 0xF6, 0x6E, 0x01, 0x33, 0x13, 0x99, 0x99, 0xEB, 0x9F, 0x4C, 0x15,
    0x82, 0x12, 0x67, 0xDC, 0x50, 0x9F, 0xBE, 0x09, 0xB2, 0x6F, 0xC8, 0xD1, 0x6B, 0xF3, 0x8D, 0x83,
    0x13, 0x2E, 0xC9, 0xA4, 0x88, 0x0A, 0x93, 0x88, 0x6F, 0x66, 0xF3, 0xBE, 0x40, 0x16, 0x06, 0x4A,
    0xFB, 0x31, 0x9B, 0xEF, 0x93, 0xBD, 0x7B, 0x8E, 0x1A, 0xE6, 0x5E, 0xC4, 0xED, 0x48, 0xF5, 0xAB,
    0x19, 0xFD, 0xEA, 0x3C, 0xEA, 0xBD, 0xB6, 0x8E, 0xA5, 0x20, 0x0B, 0x0A, 0xAE, 0x0C, 0x5D, 0xEE,
    0xB8, 0x35, 0xD8, 0xE6, 0x73, 0x1E, 0xB0, 0x26, 0x4C, 0x28, 0xDA, 0x6A, 0x71, 0x73, 0xB9, 0xAC,
    0x2F, 0x8E, 0x1D, 0xC1, 0xC1, 0xC2, 0xB1, 0x7C, 0x18, 0x37, 0xBB, 0xF8, 0xD3, 0x5E, 0x5C, 0xCE,
    0xAA, 0x12, 0xBD, 0xC9, 0xDA, 0xC0, 0x87, 0x70, 0x3D, 0x27, 0x2D, 0x48, 0x3D, 0x46, 0x17, 0x10,
    0xF1, 0xC8, 0xEC, 0xFF, 0x52, 0x79, 0x07, 0x97, 0xED, 0x2D, 0xB4, 0x57, 0x17, 0x2A, 0xEE, 0xA5,
    0x8A, 0xB8, 0x46, 0xA5, 0x7B, 0xA9, 0x92, 0xBF, 0x50, 0x51, 0xAF, 0xDF, 0x39, 0x89, 0x69, 0xCC,
    0xA4, 0x61, 0x37, 0x65, 0x7D, 0x18, 0xEF, 0x3F, 0x41, 0x84, 0x80, 0x5F, 0x46, 0x38, 0x30, 0x32,
    0xB7, 0xA3, 0x1F, 0x9C, 0x7F, 0xE4, 0x58, 0x68, 0xCE, 0xC7, 0xE8, 0x94, 0x76, 0xE7, 0x33, 0x95,
    0x60, 0x52, 0x3D, 0xED, 0x9B, 0xBF, 0x03, 0xF3, 0xB4, 0x7D, 0x92, 0x33, 0xB7, 0xC7, 0x76, 0x78,
    0xC8, 0xF2, 0xE1, 0xCA, 0xB5, 0x1E, 0x16, 0x7B, 0x31, 0x9C, 0x25, 0x4D, 0xEA, 0xE1, 0x59, 0x2C,
    0x25, 0xEF, 0x5D, 0xA1, 0xC5, 0xD5, 0x12, 0x51, 0x28, 0xC1, 0x84, 0xAE, 0xEA, 0xA8, 0x31, 0xC3,
    0xDD, 0x31, 0xDC, 0x37, 0xB2, 0xDF, 0x57, 0x4C, 0x17, 0x22, 0xE0, 0xF1, 0x58, 0xF7, 0x3E, 0x42,
    0x63, 0x1A, 0x5B, 0xB5, 0x79, 0x9B, 0xD9, 0xC2, 0x48, 0xDC, 0x23, 0x8F, 0xA6, 0xA5, 0xF4, 0x44,
    0xD6, 0x5D, 0x78, 0x82, 0x91, 0xCA, 0x0D, 0xB6, 0x8A, 0x6F, 0x21, 0x9F, 0x69, 0xA3, 0x7F, 0x6B,
    0xAC, 0x6E, 0x99, 0x82, 0x46, 0x9A, 0x6D, 0xD6, 0xF7, 0x4D, 0x48, 0xD3, 0xD4, 0x63, 0xF7, 0xB2,
    0x2F, 0x5D, 0xC2, 0x0F, 0x47, 0x61, 0x63, 0x51, 0x5A, 0x60, 0x8F, 0xB9, 0x11, 0xFD, 0x3C, 0xC1,
    0x6A, 0xA5, 0x29, 0xAB, 0x9C, 0xEE, 0x57, 0x8B, 0xAB, 0x1E, 0xDA, 0x8F, 0x26, 0x6E, 0x8E, 0x95,
    0x43, 0x6B, 0xFF, 0xDD, 0xE6, 0xF7, 0x43, 0x71, 0x0E, 0x91, 0x2F, 0x43, 0xF8, 0x8B, 0xCC, 0x9D,
    0x4F, 0x23, 0x50, 0x1E, 0x3D, 0x57, 0x48, 0x62, 0x85, 0x51, 0x65, 0x94, 0x76, 0xFA, 0x57, 0xE0,
    0x96, 0x1F, 0xD3, 0xA7, 0xBA, 0x88, 0x33, 0xAB, 0x30, 0x3F, 0x25, 0x82, 0x08, 0x8F, 0xD1, 0x90,
    0x69, 0x9C, 0x14, 0xB4, 0x45, 0xE1, 0x1F, 0x63, 0x58, 0xC9, 0x00, 0x04, 0xDC, 0xFF, 0x0F, 0x00,
    0x49, 0xFD, 0xFF, 0x1F, 0x80, 0xA4, 0xFD, 0xFF, 0x2F, 0x40, 0xB2, 0x32, 0xFF, 0x0F, 0x48, 0x82,
    0xE1, 0x2F, 0x98, 0xB4, 0x03, 0x93, 0xFA, 0x60, 0x92, 0x1F, 0x42, 0x3A, 0x80, 0xF5, 0x35, 0x80,
    0xD9, 0x07, 0x10, 0xA4, 0x3E, 0x98, 0xB4, 0xBF, 0x00, 0x22, 0xF7, 0x3F, 0x00, 0x91, 0x7F, 0x40,
    0x86, 0x32, 0xFF, 0x00, 0x91, 0xEC, 0x5F, 0x40, 0x46, 0xF3, 0x7F, 0xD8, 0x01, 0x52, 0xF8, 0xA0,
    0x06, 0x48, 0xD6, 0x1F, 0x00, 0x19, 0xFD, 0xBF, 0xC1, 0xFE, 0xD5, 0x05, 0xA6, 0xFF, 0x40, 0x07,
    0x5C, 0x60, 0xFF, 0xC7, 0x20, 0xFF, 0xFF, 0x00, 0xFF, 0x1F, 0x06, 0xFE, 0xFF, 0x0D, 0xEC, 0x7F,
    0x18, 0x98, 0xFF, 0x33, 0x30, 0x2C, 0x60, 0x60, 0x58, 0xC2, 0x00, 0x00, 0xED, 0x7D, 0x4D, 0xAC,
    0xDC, 0xD6, 0x95, 0xE6, 0x2D, 0xD2, 0x7E, 0x65, 0x88, 0x49, 0xE8, 0x01, 0x6C, 0x20, 0x2D, 0xBB,
    0xCD, 0x2C, 0x66, 0x91, 0x71, 0x62, 0xD1, 0x8B, 0x2C, 0xDC, 0xC0, 0x93, 0xC8, 0xF4, 0x00, 0x1D,
    0x60, 0xB2, 0x88, 0x07, 0x88, 0x92, 0x41, 0x67, 0x61, 0x2F, 0xB2, 0x08, 0x34, 0x98, 0x7E, 0x59,
    0x64, 0xE1, 0x85, 0x6C, 0x32, 0x1D, 0x60, 0xB2, 0xC8, 0x22, 0x6F, 0xD3, 0xD9, 0xCC, 0x46, 0x0B,
    0x0D, 0x60, 0x3D, 0x63, 0x46, 0x1E, 0xC0, 0x0B, 0xCD, 0x40, 0x36, 0xE9, 0x78, 0x11, 0x60, 0xB2,
    0x68, 0x26, 0x99, 0x9F, 0x45, 0x2F, 0xC2, 0xC4, 0x4E, 0xA6, 0xC7, 0x5E, 0x98, 0xB2, 0xCB, 0x09,
    0x25, 0xB3, 0x78, 0xE7, 0x7C, 0xDF, 0xB9, 0x97, 0x55, 0xA5, 0xF7, 0x24, 0x4B, 0xD6, 0x93, 0x22,
    0x79, 0xFA, 0x49, 0x75, 0xCE, 0xAD, 0x2A, 0x16, 0x79, 0x79, 0x7F, 0xCE, 0xFF, 0x39, 0x34, 0x49,
    0x6E, 0xE4, 0xAF, 0x6A, 0x00, 0xB3, 0x0E, 0x70, 0x3E, 0x18, 0x7E, 0x44, 0x18, 0x95, 0x80, 0x33,
    0x39, 0xE8, 0xF1, 0xBD, 0xBD, 0xBD, 0x8B, 0x26, 0xB3, 0xD6, 0x2E, 0x4D, 0x68, 0xFB, 0xD9, 0xD2,
    0x18, 0xDB, 0x99, 0x63, 0x84, 0xF1, 0x1A, 0x9C, 0x11, 0x9A, 0x35, 0xD8, 0x00, 0xCE, 0x00, 0x3F,
    0xF8, 0x56, 0x2D, 0xD0, 0x5A, 0xC0, 0x2B, 0x2F, 0x01, 0x76, 0x41, 0xB3, 0x3A, 0xC6, 0x94, 0xFB,
    0x7E, 0x6B, 0x6A, 0xC0, 0x90, 0x70, 0x5E, 0xCF, 0x04, 0x26, 0x65, 0x64, 0xED, 0x4B, 0x96, 0x3D,
    0xB1, 0x66, 0xE3, 0x2F, 0x69, 0xB2, 0x1A, 0x77, 0x51, 0xB5, 0x02, 0x17, 0xF8, 0xB5, 0xB6, 0xF5,
    0x73, 0xFE, 0xDD, 0xCD, 0x77, 0x31, 0x23, 0xBC, 0xCF, 0x8D, 0xF9, 0x69, 0x13, 0xFF, 0xDF, 0x93,
    0x27, 0x4F, 0x7E, 0xAB, 0x37, 0x31, 0x8E, 0xB1, 0x0B, 0x87, 0xE5, 0xB7, 0x75, 0x36, 0x9A, 0xB0,
    0x33, 0x27, 0x4C, 0x36, 0x98, 0x59, 0x67, 0xB6, 0x81, 0x4D, 0x67, 0x3E, 0x47, 0xFC, 0x2C, 0x26,
    0x52, 0xA7, 0x70, 0x0D, 0xCF, 0x9E, 0x26, 0x1E, 0x2B, 0x8B, 0xF9, 0xCE, 0x78, 0x1E, 0xE0, 0xBC,
    0x1A, 0xF4, 0xB8, 0x74, 0x54, 0x1C, 0x5B, 0x8F, 0x73, 0x87, 0x4B, 0xE2, 0x68, 0xC2, 0xF5, 0x35,
    0x30, 0xBE, 0x1F, 0x05, 0xE7, 0x26, 0xB0, 0x76, 0x17, 0xE7, 0x91, 0x0E, 0x2F, 0x62, 0x77, 0x77,
    0xF1, 0xD2, 0xCD, 0x91, 0xEF, 0x52, 0xE7, 0x70, 0xAB, 0xD8, 0xF2, 0xA6, 0x65, 0x4E, 0xF4, 0x6D,
    0xDA, 0xBB, 0x8F, 0xEB, 0x8D, 0x19, 0x3E, 0xE1, 0x3F, 0xE3, 0x71, 0x11, 0x0E, 0x4A, 0xF1, 0xC3,
    0xE3, 0xF8, 0xFC, 0x41, 0x9D, 0xDE, 0x73, 0x1C, 0x53, 0x4C, 0xAE, 0xC5, 0x78, 0x67, 0x3A, 0xA9,
    0x1E, 0xCC, 0x75, 0x56, 0x0E, 0x05, 0x60, 0x22, 0xCD, 0x23, 0x56, 0x46, 0xAE, 0xB0, 0xAB, 0x8E,
    0x3E, 0x62, 0xDF, 0x32, 0x18, 0x02, 0xF9, 0x24, 0x19, 0xB1, 0xB3, 0x2A, 0xB9, 0x74, 0x13, 0xC8,
    0xDB, 0xB0, 0x8D, 0xA4, 0xDB, 0x41, 0x1B, 0xCB, 0x2F, 0x66, 0x6D, 0x8A, 0x11, 0xD9, 0xD5, 0x29,
    0x2A, 0x08, 0xAB, 0x1E, 0xAB, 0xD5, 0x7E, 0x88, 0x25, 0x81, 0x7B, 0x18, 0x8C, 0x1D, 0x71, 0x0D,
    0xDB, 0x9B, 0xAD, 0x1C, 0x10, 0xC7, 0x0C, 0xAB, 0x89, 0xCD, 0x30, 0x67, 0x2F, 0x27, 0x18, 0x8A,
    0x0E, 0xE3, 0x1F, 0x76, 0xA1, 0x6D, 0xCC, 0xBC, 0xC5, 0xA1, 0x69, 0x63, 0x12, 0xBB, 0x27, 0x17,
    0x95, 0x9E, 0xE0, 0xB0, 0xAD, 0x3D, 0x99, 0xCF, 0x2D, 0x74, 0x4D, 0xFA, 0x6A, 0x30, 0x34, 0xB9,
    0x6C, 0xF4, 0xB4, 0x8C, 0x65, 0x8A, 0xCB, 0xB8, 0x37, 0xF3, 0x52, 0x66, 0x26, 0x2C, 0x53, 0x9C,
    0x2C, 0xC1, 0xCD, 0xC4, 0xB8, 0x9E, 0xCC, 0x60, 0x2E, 0x63, 0x6D, 0xD1, 0x2D, 0xE9, 0x0E, 0x16,
    0x8E, 0x10, 0x08, 0x7C, 0x68, 0x2A, 0x3D, 0xA8, 0xFE, 0x92, 0x7C, 0x5F, 0x6F, 0x63, 0x56, 0x08,
    0x32, 0x82, 0x52, 0xE6, 0x33, 0x93, 0x7B, 0x36, 0xC9, 0xF2, 0x91, 0x01, 0x5D, 0x90, 0x13, 0x1C,
    0x3D, 0xCB, 0xF9, 0x29, 0xE5, 0x1C, 0x75, 0x88, 0x93, 0x63, 0xF4, 0x0E, 0xE9, 0x85, 0x51, 0xC2,
    0x44, 0xAC, 0xCF, 0x43, 0x5A, 0x17, 0x65, 0xD1, 0xD9, 0xA6, 0xEA, 0x6C, 0x0B, 0x8C, 0xF7, 0x8E,
    0x04, 0xDC, 0x99, 0x3E, 0x1C, 0xDD, 0xDB, 0xDB, 0x95, 0xB1, 0x94, 0x29, 0x99, 0xD9, 0x25, 0xA7,
    0xF7, 0xF6, 0x82, 0x05, 0x40, 0x37, 0x01, 0x6C, 0xAC, 0x0A, 0x3D, 0xA9, 0x72, 0x2C, 0x7D, 0x99,
    0xBC, 0x1A, 0x33, 0xF8, 0xA6, 0x7C, 0x99, 0xA2, 0x87, 0xB3, 0x73, 0xE8, 0xE4, 0x11, 0xD9, 0x31,
    0x7B, 0x2F, 0x72, 0x87, 0xEA, 0x92, 0xE3, 0x22, 0xBB, 0xE2, 0xEF, 0x21, 0xCD, 0xFD, 0x06, 0x4E,
    0xCC, 0xCD, 0xB6, 0xD2, 0x8D, 0x96, 0x52, 0xA0, 0x94, 0x97, 0x29, 0xB9, 0x95, 0x63, 0xFB, 0x8E,
    0x5D, 0xB8, 0x96, 0xAE, 0xEB, 0xE3, 0x68, 0x65, 0xF8, 0xD1, 0x36, 0x5A, 0x5C, 0xD9, 0xA7, 0xD1,
    0x22, 0x35, 0xBA, 0x30, 0xB5, 0x16, 0xBE, 0x25, 0xD4, 0x8F, 0x2D, 0xF3, 0x67, 0x61, 0x0B, 0x24,
    0xCB, 0x37, 0x7B, 0xB7, 0xE6, 0x59, 0x96, 0xB2, 0x42, 0x4B, 0x1C, 0x24, 0xD3, 0x5C, 0x59, 0xAC,
    0xD7, 0x77, 0x64, 0x26, 0xB2, 0x1E, 0xCB, 0x19, 0xD3, 0x11, 0xED, 0x9A, 0x15, 0x4F, 0xC8, 0x65,
    0x10, 0x94, 0x2E, 0x96, 0x4A, 0x8F, 0xB1, 0x38, 0x22, 0x6E, 0x74, 0x4C, 0x6B, 0xC8, 0xD1, 0x98,
    0xC9, 0x2A, 0xBE, 0xB5, 0x56, 0xF3, 0x10, 0x5A, 0xFA, 0xD7, 0xBA, 0xD6, 0x15, 0xE9, 0x8C, 0x3B,
    0x2E, 0xB5, 0xB9, 0x6B, 0xC9, 0xBE, 0x72, 0xAD, 0xF9, 0xD4, 0x92, 0x9F, 0x4F, 0xAD, 0xF6, 0x80,
    0xCF, 0x7C, 0x2B, 0x9A, 0x7E, 0x21, 0x37, 0x1F, 0xB0, 0xF7, 0x8D, 0x50, 0x0A, 0x2C, 0xCD, 0x54,
    0xAE, 0xB6, 0xC0, 0x5D, 0xD6, 0xD6, 0xCD, 0x82, 0xD9, 0xE0, 0x3D, 0xB9, 0x89, 0xC0, 0x1E, 0x84,
    0x51, 0x91, 0xF7, 0x9C, 0xAF, 0x1D, 0xCF, 0xF1, 0xB8, 0x14, 0x82, 0x21, 0xA7, 0x4A, 0x73, 0xE5,
    0x3D, 0x71, 0x2E, 0xB3, 0x03, 0xDA, 0x9F, 0x2B, 0xEF, 0x09, 0xCD, 0x81, 0xBC, 0xC7, 0xE3, 0x62,
    0x34, 0x8E, 0xF7, 0xD4, 0xC4, 0x5F, 0x56, 0x1E, 0x34, 0x60, 0x52, 0x14, 0x7B, 0x5E, 0xB4, 0x54,
    0x9C, 0x8C, 0x37, 0x87, 0xC1, 0xC3, 0x84, 0xD6, 0xE4, 0x3A, 0xF1, 0xF6, 0x4D, 0x65, 0x72, 0xD3,
    0xDF, 0x7F, 0x25, 0x0C, 0xC8, 0x01, 0xCD, 0x7C, 0x54, 0xB6, 0xA4, 0x47, 0x64, 0xFC, 0xCC, 0x38,
    0xA6, 0x93, 0x3B, 0x2A, 0x11, 0x8C, 0x5C, 0x11, 0x32, 0x8C, 0x58, 0x0E, 0x99, 0x9C, 0x55, 0x4E,
    0x58, 0x28, 0x1A, 0x2B, 0x6E, 0x7A, 0x65, 0x05, 0x41, 0x4B, 0x14, 0xD6, 0x44, 0x73, 0x45, 0x71,
    0x4E, 0xA4, 0x2C, 0xEB, 0x0A, 0x47, 0xC1, 0x0D, 0xBA, 0xFD, 0xA3, 0xD5, 0x1F, 0x70, 0xF9, 0xDB,
    0x8E, 0x6B, 0xDF, 0x76, 0x24, 0xE7, 0xB6, 0xE3, 0xAA, 0x97, 0x9F, 0x5B, 0xCA, 0x11, 0x73, 0x8A,
    0x19, 0x42, 0xD8, 0x49, 0x64, 0x66, 0xF2, 0x0B, 0x72, 0x84, 0xA5, 0xAC, 0x4E, 0xF4, 0xAE, 0x07,
    0xB5, 0x11, 0x52, 0x7D, 0x1F, 0xE6, 0xF0, 0x35, 0xF9, 0x45, 0x54, 0x6F, 0xF2, 0xD7, 0xC4, 0xDD,
    0x53, 0x30, 0xBA, 0x51, 0x70, 0xB7, 0x6A, 0xE6, 0x9E, 0x50, 0xFA, 0xBB, 0xDD, 0xDA, 0xDB, 0x3B,
    0x83, 0xDB, 0x15, 0xC1, 0x64, 0x41, 0xDA, 0x58, 0x58, 0xA5, 0x6D, 0xE9, 0x72, 0x13, 0x67, 0x0E,
    0x5B, 0xC5, 0xA1, 0xC3, 0xB1, 0xC3, 0xA9, 0x3B, 0xEE, 0x55, 0xC5, 0xC1, 0x42, 0xF1, 0xBC, 0x51,
    0x9C, 0x94, 0x8A, 0x5F, 0x70, 0xE7, 0xD3, 0xE9, 0xB6, 0xEF, 0x77, 0x8A, 0xE5, 0x76, 0x15, 0xBB,
    0xEB, 0x0D, 0xFB, 0xAF, 0x9F, 0x2E, 0x95, 0xF3, 0xBA, 0x45, 0x2D, 0xDB, 0x68, 0x37, 0xE3, 0x28,
    0x70, 0x38, 0xBD, 0x2C, 0xA8, 0xAB, 0x3B, 0xAB, 0x43, 0x34, 0x8A, 0x3A, 0xA4, 0xDC, 0x53, 0xC7,
    0xFC, 0xB0, 0x39, 0xA1, 0x04, 0x6F, 0xD0, 0x05, 0xD1, 0x9A, 0x35, 0x52, 0xB0, 0xFB, 0xF8, 0x5F,
    0x63, 0x18, 0xDA, 0x0C, 0x83, 0xBE, 0x94, 0x6F, 0xB5, 0x13, 0xF2, 0xBF, 0x58, 0x82, 0xF2, 0x80,
    0x3E, 0x05, 0x1D, 0x7E, 0x9D, 0x0B, 0xCD, 0x01, 0x07, 0x0C, 0x29, 0x8F, 0x34, 0x10, 0xDB, 0x64,
    0x9A, 0x78, 0x05, 0xDB, 0x27, 0xCA, 0xAC, 0x8F, 0x2B, 0x9F, 0xDE, 0x26, 0xED, 0xB3, 0xAF, 0xE8,
    0x65, 0x39, 0x35, 0x91, 0x5E, 0x56, 0xC9, 0x83, 0x5C, 0x46, 0xFB, 0xEB, 0x08, 0xE6, 0x6B, 0x8A,
    0x2E, 0x02, 0xFC, 0xC5, 0x8C, 0x53, 0x58, 0xE8, 0xCF, 0x32, 0xAB, 0xA2, 0xBA, 0x1E, 0x1F, 0xEB,
    0xAC, 0xCE, 0xCE, 0x78, 0x3A, 0x86, 0x17, 0x26, 0x11, 0x2F, 0x4C, 0x62, 0xE8, 0x16, 0x8C, 0xBE,
    0x5A, 0xC7, 0xA8, 0xEE, 0x0E, 0x1C, 0x4C, 0x4C, 0xD3, 0x92, 0x24, 0x17, 0xD6, 0x11, 0x1B, 0xC7,
    0xB7, 0x38, 0x61, 0x0E, 0x3B, 0x5A, 0x95, 0xE6, 0x9E, 0xC9, 0x6C, 0xE2, 0xF8, 0x2A, 0x7C, 0xF5,
    0xDF, 0xCC, 0x4D, 0xF1, 0x8E, 0xDB, 0x15, 0x7E, 0xA5, 0xA8, 0x4C, 0x25, 0x3D, 0x51, 0x22, 0x15,
    0xFE, 0x5A, 0xF1, 0xFC, 0xEF, 0x1D, 0x75, 0xF8, 0x91, 0xCE, 0x47, 0x3C, 0x57, 0x9C, 0x86, 0x3A,
    0xEC, 0xC7, 0xDD, 0xAC, 0x6D, 0x07, 0x8A, 0x2F, 0x1A, 0x9D, 0xCC, 0x85, 0x71, 0x2C, 0x43, 0x29,
    0x0F, 0x38, 0x0D, 0x2E, 0x10, 0xFE, 0xEE, 0x24, 0x05, 0x3C, 0xD9, 0x9B, 0x24, 0x71, 0x71, 0xAD,
    0xE2, 0xB6, 0xDC, 0x0D, 0x37, 0x7B, 0x66, 0x94, 0x53, 0x16, 0x46, 0xC5, 0x6D, 0x8A, 0xCE, 0x35,
    0x57, 0x48, 0x45, 0xC2, 0x33, 0x84, 0xEB, 0xBA, 0x0E, 0x84, 0xDC, 0x3D, 0xA7, 0x39, 0x04, 0xF2,
    0x7D, 0xB1, 0x4F, 0x7B, 0x99, 0xE7, 0xDC, 0x98, 0xFB, 0xF5, 0x10, 0xC0, 0xFB, 0x94, 0x10, 0x41,
    0xF8, 0xB9, 0x52, 0x59, 0x25, 0x35, 0x35, 0x49, 0x4C, 0x4B, 0x0A, 0xD3, 0x99, 0xD5, 0xFF, 0xC5,
    0xD4, 0xD6, 0xCF, 0x43, 0xC2, 0xB9, 0xAC, 0x41, 0xDB, 0x0B, 0xB7, 0x8A, 0x28, 0x31, 0xA0, 0x27,
    0x8D, 0xEF, 0xDB, 0xDF, 0xBD, 0xF4, 0xB6, 0xD2, 0x78, 0xAE, 0xBD, 0x14, 0xA2, 0x66, 0x3B, 0x07,
    0xC9, 0x6C, 0x31, 0x66, 0xB6, 0x0D, 0xF6, 0xC1, 0x50, 0x08, 0xB2, 0x1C, 0x33, 0x92, 0x38, 0x2C,
    0x3C, 0x91, 0x54, 0x26, 0x0D, 0x6A, 0xA8, 0xBF, 0x95, 0xBE, 0xB5, 0xEC, 0x43, 0xCB, 0x5E, 0x1D,
    0x00, 0x03, 0xD7, 0x43, 0x69, 0x2C, 0x12, 0x92, 0x31, 0xB7, 0xA6, 0x9A, 0xB5, 0x71, 0xFB, 0x13,
    0x2B, 0x07, 0x9C, 0xBA, 0x33, 0x3A, 0x77, 0xAD, 0xD0, 0xE4, 0x93, 0x94, 0xCD, 0x4F, 0xAB, 0xFC,
    0xBF, 0xAD, 0x8C, 0xF0, 0x40, 0x74, 0x7A, 0x03, 0x3D, 0xA7, 0xE8, 0x82, 0xA2, 0x57, 0x14, 0x2D,
    0x14, 0x75, 0xEB, 0x68, 0xA6, 0x28, 0xA0, 0xE0, 0x03, 0xBE, 0x0E, 0x34, 0x57, 0x24, 0xFC, 0x09,
    0x28, 0x23, 0xEB, 0x9C, 0x81, 0xBE, 0x89, 0xB6, 0x32, 0xEE, 0xBD, 0x24, 0x6B, 0xB7, 0x52, 0x4D,
    0xB3, 0xC0, 0xC8, 0xA5, 0x1D, 0x39, 0x46, 0xDC, 0x65, 0xDC, 0x19, 0x2D, 0x51, 0xD8, 0x92, 0x82,
    0x86, 0xCD, 0xB1, 0x75, 0x54, 0x7F, 0x8A, 0x7B, 0xAD, 0xBC, 0xAB, 0x95, 0xEC, 0x51, 0x54, 0xA1,
    0xBD, 0xB3, 0x26, 0x75, 0xD2, 0x95, 0xAC, 0x53, 0x59, 0x3D, 0x73, 0x32, 0x76, 0xB2, 0xF9, 0x39,
    0x94, 0x27, 0xE8, 0xB1, 0x0B, 0x13, 0x8E, 0x17, 0x21, 0x5B, 0xC4, 0xEF, 0xE0, 0x12, 0xC7, 0xD0,
    0x4C, 0x1C, 0x95, 0x91, 0xE6, 0xB6, 0xDA, 0x47, 0x72, 0x69, 0x9E, 0x56, 0xE2, 0x51, 0x4B, 0x53,
    0xE9, 0x4A, 0xD8, 0x26, 0xE3, 0xCC, 0x91, 0x9A, 0x45, 0x32, 0x86, 0x8D, 0x63, 0xC1, 0x95, 0x3D,
    0xAF, 0x9F, 0x46, 0x2B, 0x59, 0x3B, 0xB1, 0xE7, 0x47, 0x95, 0x8C, 0x64, 0x1E, 0x92, 0x31, 0x56,
    0xF1, 0xA4, 0xEA, 0x93, 0x31, 0xD2, 0x65, 0x23, 0x7B, 0x60, 0x0C, 0x49, 0x5F, 0x04, 0x26, 0x63,
    0xC0, 0x1B, 0x16, 0xB1, 0x40, 0xAE, 0xC6, 0x53, 0x08, 0xC9, 0x80, 0x9E, 0xB9, 0x24, 0x87, 0x41,
    0xCF, 0x28, 0x40, 0xCB, 0x7B, 0xF4, 0x97, 0x0A, 0x60, 0x8F, 0x2F, 0xC0, 0x76, 0x84, 0xA7, 0xCD,
    0x2A, 0xDB, 0x08, 0x35, 0x11, 0x26, 0x81, 0xC1, 0x19, 0x84, 0xC0, 0xE4, 0x5B, 0x97, 0x69, 0xE0,
    0x31, 0xD1, 0x5B, 0xE8, 0x4D, 0x29, 0x5A, 0xA2, 0xFC, 0x22, 0x6E, 0x44, 0x57, 0x4D, 0x4A, 0xD9,
    0xA2, 0x29, 0x34, 0x3A, 0x4C, 0x5E, 0xF3, 0x04, 0xC0, 0x03, 0x4E, 0x29, 0xF7, 0x5A, 0xF8, 0xE3,
    0xDF, 0x1A, 0x20, 0x5C, 0x83, 0x1F, 0xBF, 0x3B, 0x92, 0xF8, 0xD5, 0x7E, 0x56, 0x8A, 0x05, 0x6F,
    0xEA, 0x41, 0x80, 0xEF, 0x01, 0x6C, 0x43, 0xD3, 0x3D, 0x0E, 0xF2, 0x0B, 0x35, 0xB1, 0x4B, 0x45,
    0x6A, 0x95, 0xDB, 0x38, 0x0F, 0x32, 0x06, 0x8A, 0x7C, 0xF4, 0xDC, 0x27, 0x51, 0x12, 0x99, 0x3B,
    0xFA, 0x13, 0x73, 0xE9, 0xCA, 0x10, 0x73, 0x81, 0x03, 0x53, 0x5E, 0x34, 0xF1, 0x22, 0x26, 0x53,
    0x99, 0x5B, 0x27, 0xA2, 0x55, 0x6B, 0x3F, 0xFE, 0xC4, 0x8D, 0xC7, 0x3D, 0x2A, 0x57, 0x3B, 0x35,
    0x39, 0x71, 0xFB, 0xB6, 0xD2, 0x2B, 0xA6, 0x86, 0xF6, 0x12, 0xA7, 0xE8, 0xDE, 0x00, 0x3A, 0xA6,
    0xE8, 0xC4, 0x06, 0x3A, 0xAE, 0x68, 0x7B, 0x03, 0x9D, 0x56, 0x74, 0x41, 0x11, 0xD5, 0x5C, 0xA7,
    0xED, 0x1A, 0x55, 0x75, 0x33, 0x6A, 0x67, 0x54, 0x72, 0x13, 0x20, 0x23, 0x3B, 0xBB, 0xCD, 0x40,
    0xBF, 0xEC, 0xA0, 0x16, 0x44, 0x13, 0xED, 0x41, 0x2E, 0x3C, 0xF9, 0x52, 0x49, 0x49, 0x17, 0x9A,
    0x11, 0xD5, 0x6C, 0xC8, 0x84, 0x14, 0x40, 0x60, 0x2D, 0xE2, 0x1D, 0x50, 0x9C, 0x11, 0x7E, 0xAE,
    0xD6, 0xBC, 0x94, 0xFA, 0x9E, 0x6B, 0xD0, 0x16, 0x74, 0x5C, 0xC6, 0xF5, 0x04, 0x1A, 0xDB, 0x32,
    0x46, 0x7F, 0x81, 0x5F, 0x6D, 0xCB, 0x22, 0xFD, 0x2F, 0x6C, 0x08, 0xF3, 0xB8, 0xA4, 0x8D, 0x65,
    0xF0, 0x0B, 0x34, 0x9E, 0x8A, 0xC7, 0xB0, 0xC6, 0x44, 0x3C, 0x17, 0xDB, 0x79, 0xC9, 0xC6, 0xDC,
    0xFE, 0x98, 0x12, 0xD2, 0x85, 0xD0, 0xFE, 0x5A, 0x1B, 0xB0, 0x88, 0x60, 0xE8, 0x2F, 0x60, 0x1D,
    0xA1, 0xD1, 0xC3, 0x88, 0xA1, 0x8D, 0xAC, 0x73, 0x8D, 0xB4, 0xA5, 0x98, 0x38, 0x40, 0x60, 0x92,
    0x3E, 0x47, 0xB2, 0x64, 0x44, 0xBB, 0x1D, 0x85, 0x76, 0x2D, 0xE6, 0x90, 0x72, 0xDB, 0x49, 0x71,
    0x85, 0xD8, 0x7B, 0x54, 0xED, 0x3A, 0x65, 0xEA, 0x6C, 0x3B, 0x33, 0x39, 0x33, 0x57, 0x63, 0xB5,
    0x50, 0x91, 0xF3, 0x63, 0xE1, 0x0F, 0x4E, 0x9E, 0xE4, 0xDA, 0x50, 0x13, 0xEC, 0x0A, 0xB7, 0xB7,
    0x74, 0x5E, 0x12, 0x71, 0xE9, 0x23, 0x76, 0xC9, 0x9C, 0x77, 0x64, 0xEB, 0x6C, 0x25, 0xA9, 0x90,
    0x94, 0xEF, 0x92, 0x26, 0x90, 0x28, 0xA4, 0x8B, 0x00, 0xDF, 0xC9, 0x0C, 0x14, 0x3D, 0x89, 0x2E,
    0x18, 0xD4, 0x92, 0x3A, 0x08, 0xEC, 0xA9, 0xB2, 0x96, 0x33, 0xCE, 0x6B, 0x4B, 0x66, 0x2F, 0x0B,
    0x7F, 0x41, 0xF9, 0x43, 0xB7, 0xC1, 0x62, 0x03, 0xF5, 0x94, 0x48, 0xE5, 0x9D, 0x43, 0xC3, 0xC6,
    0x4E, 0x21, 0x6A, 0xB1, 0x61, 0x84, 0x8C, 0x63, 0xC3, 0x04, 0xA0, 0x3A, 0x25, 0xAE, 0x89, 0xC5,
    0x12, 0x0F, 0xEC, 0x7D, 0xDA, 0x81, 0x51, 0x7C, 0x03, 0x3B, 0x20, 0x50, 0x09, 0xD7, 0x6C, 0x9D,
    0xF3, 0xD2, 0x8D, 0xCE, 0x02, 0xAD, 0x05, 0xA1, 0x85, 0x38, 0xD1, 0xEB, 0x2C, 0xF0, 0xD5, 0x7E,
    0x04, 0x6E, 0x6E, 0x12, 0xB7, 0x37, 0x89, 0xF7, 0x5B, 0xEC, 0xBC, 0xD5, 0xEE, 0x11, 0x6E, 0x7B,
    0x5B, 0xAF, 0x5B, 0x10, 0x1F, 0xDF, 0x3B, 0x7F, 0x45, 0x85, 0xD9, 0x05, 0x36, 0x4D, 0x32, 0x2A,
    0xC5, 0x00, 0x9D, 0xA2, 0xE8, 0xAA, 0xD2, 0x68, 0x77, 0xD0, 0x7F, 0xFD, 0xBC, 0x21, 0xAC, 0x79,
    0x7C, 0xC9, 0xDF, 0xCA, 0x19, 0x2E, 0x3D, 0x03, 0xD1, 0xFB, 0x7D, 0xBD, 0x87, 0xA7, 0xCD, 0xC1,
    0x42, 0xFA, 0x04, 0x39, 0x76, 0xE8, 0x5D, 0x4E, 0x41, 0x72, 0x6D, 0x85, 0x6C, 0xD9, 0x2B, 0xAA,
    0x6A, 0x2C, 0x28, 0x02, 0x0C, 0x60, 0xB7, 0xB3, 0x61, 0x86, 0x43, 0x4E, 0x43, 0xE2, 0x36, 0xC7,
    0x49, 0x3A, 0xFE, 0x9C, 0xD6, 0x94, 0x07, 0x36, 0xED, 0xCC, 0x2B, 0xDD, 0xE7, 0x00, 0x38, 0x1C,
    0x68, 0x67, 0x3E, 0xC2, 0xB3, 0xC5, 0xA4, 0x9B, 0x27, 0xA8, 0x33, 0xBF, 0x8A, 0xD3, 0x85, 0x70,
    0x11, 0xBC, 0x8D, 0x33, 0x56, 0xEC, 0xDD, 0x6C, 0x6F, 0xB2, 0xAB, 0x45, 0x84, 0xDF, 0x8D, 0xE8,
    0xC6, 0xE8, 0x9C, 0xF7, 0x22, 0xFE, 0xDD, 0x33, 0xF6, 0x7F, 0xEE, 0xB4, 0x29, 0x76, 0x73, 0xD8,
    0x6E, 0xC3, 0x5F, 0x10, 0x34, 0xDF, 0xA3, 0xDB, 0xA0, 0x31, 0x44, 0xB9, 0x22, 0x73, 0x27, 0x50,
    0xAC, 0xFA, 0x5C, 0xC5, 0xBD, 0x71, 0xB5, 0x92, 0x75, 0xEF, 0x5A, 0x02, 0x8C, 0x79, 0xF8, 0xE9,
    0x93, 0xB9, 0xB3, 0xB6, 0xD5, 0x2A, 0x5C, 0x38, 0xFF, 0x8B, 0xDD, 0xD0, 0x80, 0x67, 0x4E, 0x43,
    0x4D, 0x47, 0xFB, 0x21, 0xF9, 0x62, 0x23, 0xB4, 0x00, 0x82, 0x03, 0xA4, 0xB3, 0x01, 0x27, 0x05,
    0xC3, 0x84, 0xD3, 0xC6, 0xC2, 0xC3, 0x90, 0x0D, 0x5C, 0xC4, 0xB5, 0xC7, 0x45, 0x7F, 0x15, 0xBE,
    0xEA, 0x7B, 0x87, 0x21, 0x57, 0xE0, 0xF7, 0xE0, 0x57, 0x72, 0xBE, 0x51, 0xCE, 0x9F, 0xF3, 0xFC,
    0xBC, 0x5E, 0xD1, 0xBA, 0xEB, 0xE7, 0xEA, 0x36, 0xE1, 0x3D, 0xDE, 0x3F, 0x69, 0xE8, 0x9D, 0x73,
    0xAA, 0x8C, 0xB9, 0xDE, 0xFB, 0xBA, 0x47, 0xE8, 0xC8, 0xB9, 0x6F, 0xBC, 0x18, 0xEC, 0xFD, 0x67,
    0x18, 0xFB, 0xA0, 0x22, 0x43, 0x10, 0x28, 0x69, 0xF9, 0x82, 0x08, 0x0C, 0xC7, 0x10, 0xC4, 0xD9,
    0x13, 0x1C, 0xE2, 0x86, 0x43, 0x28, 0xB3, 0xA2, 0x72, 0xB9, 0x1C, 0xCF, 0xF3, 0x54, 0x63, 0xEC,
    0xC6, 0xE9, 0x6F, 0xCC, 0x9A, 0x4D, 0x48, 0xC6, 0xCB, 0x49, 0xF2, 0x93, 0x85, 0x60, 0xE9, 0xDE,
    0x3B, 0x8B, 0xC0, 0xD7, 0xB4, 0x1F, 0xC7, 0xDC, 0xE4, 0x9D, 0x0E, 0xB5, 0xA3, 0x0B, 0xDD, 0x3E,
    0xB2, 0x1E, 0x28, 0xD3, 0x43, 0xD3, 0xC7, 0x7D, 0x89, 0xA6, 0x4F, 0x8E, 0x5A, 0xE9, 0xA4, 0x43,
    0x81, 0x2E, 0xE4, 0x8C, 0x4E, 0xB3, 0xAF, 0x1F, 0xF6, 0x8B, 0xEE, 0xE4, 0xA9, 0xFC, 0xD4, 0xC9,
    0x53, 0x94, 0x8E, 0x64, 0x3B, 0x39, 0x2B, 0xF4, 0xC2, 0xD9, 0xA0, 0x1B, 0xB2, 0x8F, 0xE0, 0x2E,
    0xC2, 0x6A, 0x5D, 0x5E, 0xA8, 0x3A, 0x23, 0x7D, 0x76, 0x16, 0x1C, 0x5D, 0xC0, 0x33, 0x6F, 0x60,
    0xF6, 0x16, 0xC7, 0xCC, 0x5C, 0x1F, 0x1F, 0x73, 0xF8, 0x53, 0xD8, 0x7C, 0x7F, 0x25, 0x4A, 0x9A,
    0x9C, 0xEE, 0x87, 0x14, 0x79, 0x17, 0x50, 0xCE, 0x30, 0x08, 0xE9, 0xC8, 0x6B, 0xDF, 0x18, 0x32,
    0xFA, 0x03, 0x90, 0x35, 0x50, 0xB0, 0x4A, 0x54, 0xC1, 0x11, 0x7B, 0x4F, 0x14, 0x2E, 0x50, 0xCF,
    0x3E, 0xD5, 0x2D, 0x73, 0xF3, 0xC8, 0xBA, 0xAD, 0xD3, 0xA8, 0x26, 0xD7, 0xAF, 0x48, 0xC6, 0xBF,
    0xDA, 0xDB, 0xFB, 0x5B, 0xE9, 0xB8, 0xCC, 0xDF, 0xD7, 0xAC, 0x7D, 0x43, 0xBE, 0x42, 0xDF, 0x69,
    0x22, 0x61, 0xF7, 0x65, 0x7F, 0x24, 0xB4, 0x88, 0x80, 0x8F, 0xC7, 0xF7, 0x52, 0x2B, 0x98, 0x7A,
    0xFF, 0x88, 0xF3, 0x5F, 0xD8, 0xA6, 0xF0, 0xAD, 0x61, 0x43, 0x5D, 0x91, 0x31, 0xF8, 0xF7, 0xAA,
    0xB0, 0x3C, 0x63, 0xED, 0xCF, 0x2D, 0x08, 0xC0, 0x62, 0x46, 0x4D, 0x93, 0xEB, 0x58, 0xE4, 0x07,
    0xD8, 0x1B, 0x60, 0xDB, 0xBA, 0xC7, 0x5A, 0x81, 0xBA, 0x62, 0x65, 0x2E, 0xA7, 0x31, 0xE8, 0xA7,
    0x31, 0xE8, 0x27, 0xC3, 0xF3, 0xA4, 0xEA, 0xCC, 0x27, 0xEF, 0x43, 0x78, 0xFD, 0x56, 0xBB, 0xBF,
    0xA5, 0x46, 0x94, 0x33, 0x93, 0xAB, 0x3E, 0xFB, 0xC9, 0xBA, 0xA5, 0xE8, 0xB9, 0x0D, 0xC3, 0xCF,
    0x93, 0x8A, 0xCC, 0x35, 0xD0, 0x70, 0xBF, 0x73, 0xF9, 0x8F, 0x2E, 0x02, 0x80, 0x0E, 0x7B, 0xD2,
    0xAB, 0x8C, 0xC6, 0x0F, 0x20, 0xB0, 0x7B, 0x41, 0xC5, 0x41, 0xC8, 0x7D, 0x87, 0x5B, 0xCC, 0x7A,
    0xCA, 0x23, 0xC5, 0x10, 0x72, 0xF7, 0xDB, 0x1D, 0x6B, 0xA8, 0x13, 0xBD, 0xB5, 0xAE, 0xDE, 0x41,
    0x59, 0x3A, 0x93, 0x39, 0xAF, 0x51, 0xA7, 0x14, 0xB4, 0x72, 0x1A, 0x2B, 0x25, 0x8A, 0x8F, 0xDB,
    0x78, 0xD8, 0x35, 0x30, 0xDA, 0x6C, 0xC0, 0x7E, 0xA9, 0x5F, 0xC5, 0x2A, 0x02, 0xD3, 0xFE, 0xA7,
    0x8D, 0x40, 0xC5, 0x59, 0x5A, 0x2E, 0xDD, 0x79, 0xF6, 0x35, 0xA6, 0xAF, 0xA6, 0x5F, 0x29, 0xD3,
    0x9A, 0xE1, 0x84, 0x79, 0x46, 0x65, 0xB0, 0x1A, 0x02, 0xB5, 0xA7, 0x23, 0xA6, 0x61, 0xCD, 0xA1,
    0xC4, 0x3B, 0x75, 0xFC, 0xD5, 0x71, 0x89, 0xEB, 0x0A, 0x72, 0x57, 0xC1, 0x87, 0xAF, 0x6B, 0x85,
    0x0D, 0xD6, 0x6C, 0xAE, 0xEB, 0xFF, 0xBD, 0x15, 0xB6, 0xD5, 0xAE, 0x6A, 0x3F, 0xD9, 0x49, 0x2E,
    0x94, 0x49, 0xF4, 0xDA, 0xB1, 0xAD, 0x3A, 0x74, 0x73, 0x93, 0xF4, 0x24, 0x87, 0x34, 0x3D, 0xA7,
    0x34, 0x34, 0x3F, 0x81, 0x0E, 0x97, 0xDB, 0x14, 0x55, 0x9E, 0xF2, 0x12, 0xA6, 0xEF, 0x98, 0x48,
    0xEB, 0x2F, 0x02, 0xC6, 0xF6, 0x27, 0xCE, 0xB4, 0x3B, 0x88, 0x4E, 0x0E, 0xD8, 0x04, 0x83, 0xBB,
    0xCD, 0x85, 0x1E, 0xFF, 0x20, 0x7D, 0x27, 0x4F, 0x19, 0x17, 0x00, 0x20, 0x32, 0xE7, 0x09, 0x9E,
    0x5F, 0xE8, 0xBD, 0xF0, 0xF6, 0x54, 0x03, 0x1F, 0xC6, 0x6F, 0x09, 0x1B, 0x70, 0x5A, 0x02, 0x63,
    0x10, 0x38, 0x6E, 0x8F, 0xA0, 0xAB, 0x18, 0xBB, 0x80, 0x66, 0x5E, 0x98, 0xA8, 0xE2, 0xD1, 0xA9,
    0xE4, 0xA6, 0xE8, 0xE8, 0xC1, 0x56, 0xD1, 0xD9, 0x4F, 0x4B, 0x49, 0xD5, 0x97, 0x52, 0x04, 0x3D,
    0xBF, 0x94, 0x4B, 0xA0, 0xF9, 0xD0, 0x3E, 0xA6, 0xD2, 0x93, 0xC8, 0x14, 0x4E, 0xAB, 0x95, 0x79,
    0x5D, 0x52, 0x21, 0x32, 0xF6, 0x83, 0x82, 0xAD, 0xCE, 0x59, 0x94, 0x39, 0xB2, 0x63, 0xE5, 0x5B,
    0x3C, 0x2E, 0xE0, 0x78, 0x66, 0xD3, 0x6F, 0xD3, 0xE9, 0x7C, 0x89, 0xF5, 0x2D, 0x2A, 0xDE, 0xBC,
    0x2E, 0x64, 0xEB, 0xC8, 0xBA, 0xC5, 0xC2, 0xB8, 0x16, 0x9D, 0x9D, 0x54, 0xC3, 0x09, 0xB0, 0x61,
    0x5A, 0xAA, 0x13, 0x91, 0x30, 0x9C, 0x5C, 0x57, 0x48, 0x35, 0xD1, 0x07, 0x2A, 0x4A, 0xF2, 0xF7,
    0x6F, 0xDF, 0x86, 0xD7, 0x3D, 0x51, 0xEA, 0x09, 0x43, 0x39, 0x46, 0xA9, 0xD6, 0xAB, 0x94, 0x7A,
    0x6B, 0x74, 0xBD, 0xAB, 0xD4, 0xE4, 0x91, 0xFB, 0xD0, 0x1D, 0x32, 0xD3, 0x1F, 0x88, 0xE0, 0x4F,
    0xDB, 0x46, 0xA4, 0xF2, 0x6B, 0x60, 0xDF, 0xA5, 0xA4, 0x6E, 0x5D, 0x28, 0x0F, 0x91, 0x06, 0xE2,
    0x04, 0xFE, 0x3E, 0x6A, 0x0D, 0xCF, 0xE1, 0x59, 0x12, 0x3D, 0xB5, 0xDC, 0x7E, 0xAC, 0x12, 0x6E,
    0x02, 0x3F, 0xBA, 0xCC, 0x01, 0x28, 0x7C, 0x09, 0x73, 0xC2, 0xD6, 0x59, 0x17, 0x5E, 0x03, 0x49,
    0x86, 0xE1, 0x1C, 0x26, 0xFE, 0x81, 0xEC, 0x89, 0x2F, 0xDB, 0xBA, 0x92, 0x3E, 0x5C, 0x80, 0xC9,
    0x0F, 0x2F, 0x8C, 0x87, 0xDC, 0xC8, 0xFC, 0x8A, 0x48, 0x7C, 0xBF, 0x10, 0x09, 0xE6, 0xA7, 0xB6,
    0xB4, 0x78, 0xBD, 0x61, 0x5F, 0x97, 0x15, 0xB4, 0xCC, 0x86, 0xAC, 0xDF, 0xDA, 0xDD, 0x2A, 0xBD,
    0xD3, 0xF1, 0x91, 0x12, 0x0B, 0x15, 0x83, 0x89, 0xCB, 0x83, 0x3C, 0xA9, 0xD7, 0x40, 0x3E, 0x9A,
    0x43, 0xDA, 0x8B, 0x6B, 0xEF, 0xE1, 0xA1, 0x84, 0x90, 0x41, 0x11, 0xCD, 0x32, 0x08, 0x03, 0x83,
    0x28, 0xA2, 0x15, 0x96, 0x42, 0x25, 0x73, 0x90, 0x03, 0x94, 0x15, 0xBC, 0x09, 0x04, 0x05, 0x40,
    0xD6, 0x39, 0x50, 0xA6, 0x02, 0x4C, 0x2C, 0x8C, 0xD8, 0x44, 0xC3, 0x1C, 0x9D, 0x7F, 0x06, 0x04,
    0x0C, 0x4B, 0x0D, 0xB7, 0x95, 0xBD, 0x2B, 0x2B, 0x31, 0x56, 0x43, 0x35, 0x95, 0xDC, 0x00, 0x46,
    0xA9, 0x40, 0x5B, 0x02, 0xE4, 0x17, 0x0C, 0x7F, 0x09, 0x21, 0x34, 0xE0, 0xB3, 0x1A, 0xB2, 0xF1,
    0x06, 0x08, 0x30, 0x48, 0xEF, 0xD2, 0xCA, 0xFC, 0xD6, 0x8A, 0x11, 0xCA, 0xBB, 0x3E, 0xA1, 0x00,
    0xF0, 0xFD, 0x5E, 0xCE, 0xF9, 0x8A, 0xBC, 0xBE, 0x24, 0xAF, 0x27, 0x03, 0xC6, 0x47, 0x5D, 0xFB,
    0x05, 0x49, 0x35, 0xF3, 0xEE, 0x28, 0x10, 0x88, 0x19, 0x5D, 0x05, 0x27, 0xB0, 0x03, 0x8E, 0xE3,
    0x00, 0x82, 0xED, 0x03, 0xC0, 0x69, 0x80, 0x0B, 0x00, 0x0B, 0x00, 0xB9, 0xED, 0x3C, 0x90, 0xA1,
    0x28, 0x77, 0xE4, 0x04, 0xFF, 0x08, 0x83, 0xD5, 0x50, 0xE5, 0x26, 0xEC, 0x5F, 0x80, 0x94, 0xBA,
    0xED, 0x41, 0x47, 0xF0, 0x79, 0xA3, 0x71, 0x63, 0x5C, 0x0C, 0x66, 0xDC, 0x69, 0xC2, 0xC5, 0xBC,
    0x8B, 0xBB, 0xB0, 0x4F, 0xBA, 0x47, 0x06, 0xB9, 0x93, 0x21, 0xBB, 0x22, 0x14, 0xBD, 0x56, 0x7F,
    0x5C, 0xD6, 0xA8, 0x77, 0x59, 0x16, 0xFA, 0xE7, 0x13, 0xFB, 0x57, 0xBD, 0x12, 0x79, 0x2E, 0x72,
    0x91, 0xC8, 0xCF, 0xA8, 0x2D, 0xD9, 0x3C, 0x64, 0x12, 0xA8, 0x7C, 0x46, 0xC8, 0xA8, 0x10, 0xD0,
    0x1E, 0xD1, 0x0D, 0xA3, 0x6C, 0x0C, 0xD9, 0xB0, 0x47, 0x62, 0xC1, 0xF1, 0x11, 0xC4, 0x16, 0x56,
    0xED, 0x31, 0xBA, 0x0F, 0xAA, 0x96, 0x6A, 0xD1, 0xE5, 0xEA, 0x0F, 0xDE, 0x6D, 0x46, 0x77, 0xD9,
    0x58, 0xFD, 0x1F, 0xAE, 0xE4, 0xBE, 0xFA, 0x2D, 0xA3, 0xCB, 0xBA, 0xAA, 0xA5, 0x10, 0xDD, 0xCA,
    0x3F, 0x10, 0x08, 0x99, 0xEF, 0x0C, 0x9A, 0xB9, 0x9C, 0x47, 0x34, 0x94, 0x1D, 0x3B, 0xB3, 0x7D,
    0x64, 0x77, 0x2D, 0x7A, 0x24, 0x44, 0xED, 0x61, 0xF6, 0x43, 0xE0, 0x0C, 0xD2, 0xDE, 0xD2, 0xA4,
    0xEF, 0x08, 0x81, 0x9A, 0x81, 0x54, 0xD9, 0xE6, 0x4B, 0xF2, 0x7A, 0x10, 0xE4, 0xE5, 0x9B, 0x96,
    0x02, 0x2C, 0x2C, 0xE2, 0x90, 0x68, 0xB1, 0xBF, 0x41, 0x0B, 0xB0, 0xA1, 0xA5, 0xDB, 0x4D, 0xF5,
    0x1F, 0x60, 0x4F, 0x5A, 0x9A, 0xD9, 0x29, 0x6C, 0xE4, 0xCE, 0xC2, 0x28, 0xD2, 0xD0, 0x51, 0x00,
    0x5B, 0x48, 0x48, 0xCD, 0x48, 0x60, 0x41, 0x68, 0x01, 0xE1, 0x42, 0x0C, 0x6D, 0xFC, 0x63, 0xC0,
    0x8C, 0xC7, 0x5C, 0x24, 0xEC, 0x08, 0x6B, 0xC2, 0x5C, 0x7F, 0x1B, 0x33, 0x6A, 0x2E, 0x1D, 0xDD,
    0x99, 0x3D, 0xE7, 0x57, 0xFD, 0xB4, 0x46, 0x30, 0x45, 0xDC, 0x40, 0x87, 0x8E, 0xDB, 0xCF, 0x70,
    0x34, 0x06, 0x55, 0x60, 0xF0, 0xF5, 0xA9, 0x7C, 0xB5, 0xCE, 0xEE, 0x48, 0xAF, 0xE4, 0xEF, 0xDB,
    0x30, 0x8B, 0x86, 0xF0, 0x29, 0xB4, 0x31, 0x46, 0x2D, 0x4F, 0x00, 0xCD, 0xF1, 0xCF, 0x03, 0x5E,
    0x40, 0xD7, 0xA0, 0x5A, 0x85, 0xF6, 0x5B, 0x2D, 0xA7, 0x90, 0x6D, 0x35, 0x37, 0xC6, 0xA4, 0xC0,
    0x11, 0x29, 0x4F, 0x48, 0x6B, 0x12, 0xA3, 0xE1, 0xE8, 0x81, 0x93, 0xF5, 0x5E, 0x40, 0x11, 0xEA,
    0x13, 0xAA, 0x0B, 0x08, 0x4A, 0xA2, 0xB7, 0x66, 0x07, 0x7B, 0x72, 0x5E, 0x0B, 0x2F, 0x08, 0xCB,
    0x6C, 0x1D, 0xCC, 0x09, 0x72, 0x01, 0x11, 0x01, 0xD6, 0x62, 0xEC, 0xC1, 0x89, 0x27, 0xB0, 0x4A,
    0x06, 0x00, 0x08, 0x2C, 0x19, 0x16, 0xE6, 0x91, 0xDC, 0xC9, 0xEC, 0x8F, 0x5B, 0xF2, 0x0B, 0xC8,
    0x45, 0x58, 0xAD, 0x8E, 0xC5, 0xB4, 0x2A, 0x2C, 0xB4, 0xD4, 0x09, 0x11, 0x95, 0xF3, 0xCE, 0x30,
    0x97, 0xEF, 0x66, 0xBF, 0xB2, 0xB1, 0x9C, 0x34, 0xF8, 0xA5, 0x7D, 0x0C, 0xA8, 0x91, 0x3D, 0x00,
    0xE7, 0x12, 0xCE, 0x29, 0xA8, 0xE8, 0x88, 0x32, 0x45, 0x49, 0x83, 0xCB, 0xB7, 0x31, 0xF4, 0xDF,
    0xC2, 0x46, 0x3F, 0xA0, 0x06, 0x34, 0xDB, 0x98, 0x9D, 0x8A, 0xB3, 0x93, 0xAC, 0xCD, 0xCE, 0x3E,
    0x68, 0xED, 0x0A, 0x5E, 0xEF, 0x48, 0xE8, 0xE1, 0x98, 0x9D, 0x4B, 0x6B, 0xB3, 0xF3, 0x90, 0xD3,
    0x71, 0x4D, 0x75, 0x5E, 0x48, 0xDC, 0x00, 0x62, 0xD7, 0x83, 0x3B, 0x88, 0xF2, 0xD1, 0xA4, 0x60,
    0xA7, 0x99, 0x03, 0x85, 0x03, 0x0B, 0x00, 0x91, 0xF0, 0x5A, 0xA1, 0xE7, 0x55, 0x03, 0x72, 0x5A,
    0x47, 0xA2, 0xEC, 0xCB, 0x1E, 0xF8, 0x21, 0xEC, 0x1B, 0x18, 0x0E, 0x70, 0x2A, 0x5A, 0xF2, 0x72,
    0x51, 0x99, 0x2C, 0x95, 0x76, 0xEE, 0x36, 0x73, 0x8B, 0x50, 0xFA, 0xCF, 0x19, 0x7F, 0xDF, 0xDA,
    0x7C, 0x3D, 0xFA, 0xE8, 0x6F, 0xB6, 0x46, 0xD1, 0xB0, 0x32, 0xDB, 0xD0, 0xE0, 0x16, 0xC3, 0xDA,
    0x30, 0x47, 0x00, 0x21, 0xD6, 0xE4, 0x88, 0x3B, 0xB2, 0x9B, 0x80, 0x9F, 0xF1, 0x5B, 0xDC, 0x6F,
    0xBC, 0x80, 0xE8, 0x06, 0x47, 0x31, 0xEC, 0x8E, 0xA4, 0xE7, 0x5F, 0xD8, 0xD5, 0x30, 0xD1, 0x6B,
    0x02, 0x7A, 0xF5, 0x53, 0xDC, 0x6B, 0xA1, 0xFC, 0xF9, 0x41, 0xB5, 0x18, 0x80, 0xA0, 0x2D, 0x92,
    0x21, 0x6A, 0x83, 0x2E, 0x81, 0x85, 0xDC, 0x13, 0x3E, 0x4F, 0xFC, 0x5A, 0x25, 0x80, 0x32, 0x74,
    0xDB, 0x89, 0xFD, 0x89, 0xD0, 0x1C, 0x4F, 0x00, 0x85, 0x85, 0x1D, 0xD9, 0xC5, 0x59, 0x66, 0x1C,
    0x39, 0x4A, 0x8D, 0xE5, 0xF1, 0x78, 0x88, 0xF3, 0xE7, 0xE2, 0x21, 0xCA, 0x5F, 0x96, 0x9E, 0x2A,
    0xA0, 0x25, 0xF5, 0x46, 0x00, 0xAC, 0x07, 0xB3, 0xC9, 0xEC, 0x57, 0xD9, 0xDF, 0x8A, 0x9C, 0x62,
    0x6B, 0xEE, 0xC0, 0x0C, 0xFD, 0x3F, 0xA1, 0xA2, 0x1C, 0xB8, 0x30, 0xAC, 0x29, 0xB0, 0x76, 0x77,
    0xA0, 0xCD, 0xEF, 0xA1, 0xDF, 0x1F, 0xD6, 0xCE, 0xC2, 0x15, 0x4F, 0x77, 0x1B, 0xC2, 0x8C, 0x31,
    0x1B, 0xA6, 0x60, 0xA7, 0xCE, 0x07, 0x47, 0xD0, 0x47, 0x49, 0x0F, 0x0B, 0x0D, 0x22, 0x60, 0xBB,
    0x27, 0x5E, 0xF3, 0x76, 0x40, 0x1A, 0x0C, 0x19, 0x51, 0x74, 0xC4, 0xE9, 0xF4, 0x0C, 0xE6, 0x8B,
    0x5A, 0x17, 0xD9, 0x66, 0x68, 0x0D, 0x80, 0x24, 0xA2, 0x26, 0xA9, 0x83, 0xE1, 0x96, 0x37, 0x62,
    0x2E, 0x4C, 0x30, 0x66, 0xBF, 0x12, 0x01, 0xA9, 0xCF, 0x1A, 0x21, 0x3B, 0x5D, 0xD6, 0x54, 0x75,
    0x2A, 0x30, 0x6B, 0xE5, 0x9F, 0xEC, 0xA5, 0xAB, 0x60, 0x8B, 0x6D, 0x86, 0x77, 0x72, 0x4C, 0x5B,
    0xD4, 0x71, 0x9F, 0xB5, 0x36, 0x9F, 0x2F, 0xB3, 0xDF, 0x40, 0xD3, 0xAF, 0xDE, 0xE9, 0xA9, 0xD3,
    0x33, 0xCA, 0xA7, 0x5D, 0x45, 0x14, 0xDF, 0x08, 0xAC, 0xD4, 0xEA, 0x37, 0xAE, 0x68, 0xE9, 0x1F,
    0x20, 0x20, 0x35, 0xE0, 0xEA, 0x25, 0xA2, 0x2A, 0x10, 0x30, 0xA9, 0xE3, 0xF9, 0x61, 0xE3, 0x86,
    0x92, 0x86, 0x43, 0xDA, 0x72, 0x8E, 0xE1, 0xC6, 0x4F, 0xC3, 0xC7, 0xD9, 0xCB, 0x4A, 0x08, 0x61,
    0xD7, 0x8A, 0x64, 0x5E, 0xF2, 0x54, 0xA4, 0xC6, 0x56, 0x98, 0xAD, 0x63, 0xE2, 0x5C, 0xE8, 0xB2,
    0xAC, 0x7E, 0xC1, 0x35, 0x89, 0x51, 0xBC, 0x75, 0x48, 0x7B, 0x4B, 0xCB, 0xCD, 0xD9, 0x68, 0xA8,
    0xAB, 0x31, 0x4E, 0x5E, 0x72, 0x01, 0x60, 0xEA, 0x01, 0x9A, 0x13, 0x86, 0x79, 0xC1, 0xCD, 0x96,
    0xDA, 0xEF, 0x53, 0x2A, 0xC5, 0x19, 0xE6, 0xE3, 0x3E, 0xE8, 0xCF, 0x5F, 0x20, 0x32, 0xE7, 0x1D,
    0x3A, 0x4E, 0x48, 0xC5, 0xB7, 0x76, 0x35, 0x96, 0x6C, 0x1F, 0x9C, 0x29, 0x97, 0x9E, 0xB6, 0x31,
    0xEF, 0xB4, 0xB2, 0x6D, 0x62, 0x7F, 0x69, 0x97, 0x29, 0xB6, 0xA1, 0x9C, 0x2B, 0x1A, 0xCD, 0x6D,
    0xC1, 0x18, 0x6D, 0xD5, 0xBC, 0xF3, 0xCC, 0x07, 0x54, 0x4E, 0xD3, 0xF8, 0x47, 0xBB, 0x24, 0xD9,
    0xFD, 0x25, 0x14, 0x74, 0x10, 0x5E, 0x11, 0x38, 0x48, 0x3E, 0x0F, 0x1B, 0x93, 0x81, 0xBA, 0x7E,
    0x74, 0xAE, 0x1F, 0x9D, 0x59, 0x8F, 0x2C, 0x9C, 0x74, 0xFA, 0x09, 0x37, 0x9B, 0x78, 0x56, 0x3F,
    0xE8, 0xE4, 0x45, 0x08, 0x7E, 0x10, 0xF0, 0xC0, 0x2E, 0x9F, 0x03, 0x78, 0x19, 0xE0, 0x69, 0x46,
    0xCE, 0xC7, 0xCB, 0x53, 0x39, 0xE3, 0xE9, 0x85, 0x16, 0xC2, 0x30, 0xBB, 0x94, 0xFB, 0x8F, 0x97,
    0xD0, 0x0A, 0xD6, 0x80, 0x1C, 0x19, 0x5B, 0x30, 0x3E, 0x6F, 0x82, 0xCB, 0x5E, 0x82, 0x18, 0xCF,
    0xD8, 0xF0, 0x14, 0x6E, 0x7F, 0x12, 0x81, 0x6B, 0xA0, 0x53, 0x25, 0x91, 0x1D, 0x88, 0x9E, 0xB1,
    0x44, 0xA1, 0xFD, 0x8A, 0xA2, 0x1F, 0x6E, 0x20, 0x7E, 0x38, 0xC7, 0x21, 0x91, 0x7D, 0x77, 0x48,
    0x48, 0xE8, 0xDA, 0x6A, 0x52, 0x8E, 0x71, 0x59, 0x4D, 0x08, 0x38, 0x98, 0xF4, 0x9E, 0x2A, 0x79,
    0x21, 0x5E, 0x86, 0xE7, 0xCB, 0x29, 0x17, 0x4C, 0x20, 0x0F, 0xFD, 0xA9, 0x4D, 0xB6, 0x9A, 0xD7,
    0x99, 0xC6, 0x69, 0x25, 0x98, 0xF1, 0xD2, 0x36, 0xC7, 0x65, 0x11, 0x6E, 0x8B, 0x6C, 0xF8, 0x25,
    0x12, 0xCA, 0x78, 0x98, 0x8F, 0xCF, 0x0C, 0x42, 0x07, 0x86, 0x87, 0xA2, 0x77, 0xF1, 0xBE, 0x7F,
    0x52, 0x58, 0xC2, 0x36, 0xA2, 0x57, 0x4C, 0x51, 0xA7, 0xBF, 0x87, 0x96, 0x3C, 0x4C, 0x72, 0xD3,
    0x7D, 0x18, 0x6F, 0x11, 0xCB, 0x17, 0x10, 0x66, 0x12, 0xE5, 0x6D, 0xC5, 0xF7, 0xB9, 0x62, 0xE5,
    0x5F, 0x43, 0x55, 0xA0, 0xE8, 0x88, 0x20, 0x42, 0x60, 0x83, 0x08, 0x7B, 0x79, 0x57, 0x90, 0x08,
    0xB2, 0x56, 0xDF, 0x7D, 0xD5, 0x12, 0x45, 0x7A, 0x48, 0xE8, 0x51, 0x5E, 0x34, 0xD4, 0x0B, 0xAA,
    0x12, 0x92, 0xCD, 0x1F, 0xE8, 0x4B, 0x8E, 0x9D, 0x31, 0x19, 0xEA, 0xAF, 0x30, 0x09, 0x18, 0x81,
    0xA9, 0x81, 0x52, 0x7C, 0x90, 0xB5, 0xB4, 0x82, 0x64, 0xCF, 0x72, 0x5E, 0xC0, 0x39, 0x97, 0x52,
    0x60, 0x21, 0xA8, 0xCC, 0x47, 0x7C, 0x12, 0x0F, 0xAB, 0x6F, 0xC9, 0xCD, 0xA9, 0xE3, 0x88, 0xAE,
    0x99, 0xCB, 0xA4, 0x17, 0x4B, 0xF9, 0x81, 0x6C, 0x56, 0x5E, 0xE9, 0xDF, 0x39, 0x07, 0x02, 0x22,
    0xDE, 0x41, 0x1C, 0x40, 0xA9, 0xE1, 0xAA, 0x60, 0x7C, 0xCA, 0x53, 0xE6, 0xD0, 0x44, 0xFD, 0x45,
    0xD0, 0xCE, 0x47, 0x61, 0x6D, 0x36, 0xE1, 0x2B, 0x5C, 0xC6, 0xBD, 0x39, 0x1B, 0xEC, 0xAE, 0xA2,
    0x30, 0x6F, 0xFD, 0x1A, 0x2A, 0x1C, 0x54, 0xDE, 0xEE, 0x9A, 0xA9, 0xA6, 0xEB, 0xF9, 0x59, 0x61,
    0xA9, 0xA9, 0xD2, 0x89, 0x77, 0x32, 0xD7, 0xCF, 0x1C, 0x08, 0xCE, 0x0A, 0xC8, 0x20, 0xF3, 0x59,
    0x04, 0xFA, 0xFC, 0xD2, 0x36, 0xF2, 0x05, 0x82, 0xD1, 0x64, 0x94, 0x49, 0xEC, 0x3E, 0x1A, 0xB4,
    0x58, 0xDA, 0xB5, 0x2C, 0xEC, 0xC2, 0xC5, 0xD1, 0xEB, 0xA8, 0x22, 0xA0, 0x49, 0x34, 0x29, 0x6F,
    0xE2, 0x23, 0xDD, 0x45, 0x07, 0x67, 0x93, 0x11, 0x90, 0xF4, 0x17, 0x77, 0x57, 0x68, 0x38, 0x1F,
    0x9C, 0x46, 0x18, 0x7F, 0x38, 0x1D, 0xE6, 0x87, 0xA7, 0x20, 0x92, 0x0F, 0x4F, 0x12, 0x4B, 0xD4,
    0x47, 0xAD, 0xC8, 0x2D, 0xB5, 0xC9, 0x29, 0xB1, 0xFC, 0xFA, 0xAD, 0x67, 0xE9, 0xBD, 0x6A, 0xAB,
    0x92, 0x12, 0xCB, 0xC2, 0x7C, 0x51, 0xE4, 0xC6, 0x0B, 0x09, 0x9C, 0x70, 0x16, 0x21, 0x75, 0x4E,
    0x62, 0xC1, 0x92, 0xB9, 0x5F, 0x4E, 0xBD, 0x88, 0x7F, 0x3F, 0x64, 0xE5, 0xE9, 0xAC, 0xDC, 0x2E,
    0x9A, 0x4F, 0x15, 0xB4, 0x73, 0x26, 0xA0, 0x1D, 0x83, 0x08, 0xC6, 0x79, 0x32, 0x76, 0xE1, 0xD8,
    0x07, 0xE3, 0x10, 0x0C, 0xD5, 0x57, 0xFA, 0xCC, 0xB6, 0xC1, 0x39, 0x68, 0x04, 0x01, 0x86, 0x57,
    0xB6, 0x96, 0xD0, 0x0E, 0x6C, 0x1E, 0xF9, 0x84, 0xCE, 0x92, 0x52, 0xEE, 0xFB, 0x11, 0x50, 0x85,
    0x7C, 0x4E, 0xF2, 0x7B, 0x9D, 0xFF, 0x11, 0xE4, 0x3D, 0xBA, 0xA0, 0xF2, 0xE7, 0x4D, 0xF5, 0xBA,
    0xCD, 0x45, 0xC4, 0xA9, 0xF1, 0xAA, 0x6A, 0x9B, 0x1F, 0x35, 0xFF, 0xC2, 0xDD, 0xA7, 0xAC, 0x83,
    0xA4, 0x15, 0x09, 0x02, 0xA1, 0x0F, 0xF0, 0x3F, 0xA8, 0x37, 0xFC, 0x46, 0x5E, 0x01, 0xFD, 0xA3,
    0x8E, 0xC7, 0xDF, 0xCF, 0xF5, 0x36, 0x19, 0xD4, 0x44, 0x5C, 0x39, 0xA2, 0x5F, 0x7C, 0xD7, 0x44,
    0x30, 0xBA, 0xCD, 0xF5, 0xF3, 0xAA, 0x85, 0x2C, 0x71, 0xFD, 0xFF, 0x72, 0x0C, 0x72, 0x7B, 0x6A,
    0xFA, 0x77, 0xE5, 0x7F, 0x3E, 0xB3, 0x70, 0x86, 0xCE, 0x17, 0xB8, 0xC2, 0x09, 0xE3, 0x23, 0x18,
    0xA1, 0xC8, 0x2C, 0x28, 0x5A, 0x91, 0x55, 0x87, 0xE5, 0x3A, 0x9A, 0x4F, 0xE8, 0x7F, 0x9D, 0x25,
    0x02, 0xFD, 0x8F, 0x72, 0xFB, 0x7B, 0xF9, 0x38, 0xA2, 0x73, 0x0C, 0x71, 0x89, 0x4D, 0xE5, 0x51,
    0xF6, 0x04, 0x91, 0xC8, 0x64, 0xF2, 0x5D, 0x23, 0xE2, 0x0B, 0xBC, 0x76, 0x59, 0x4B, 0x1F, 0xC4,
    0x91, 0x7C, 0x4D, 0xDC, 0x70, 0xF2, 0x86, 0x13, 0x17, 0xAE, 0x8D, 0x2E, 0x9D, 0xA5, 0xCA, 0xC1,
    0x88, 0x09, 0x6B, 0x3F, 0xA0, 0x87, 0x5A, 0xA8, 0xD2, 0x42, 0x51, 0xBF, 0x81, 0xF4, 0xC3, 0x02,
    0xDC, 0xA4, 0x18, 0x31, 0x6B, 0xEF, 0xDB, 0x95, 0xE8, 0xE4, 0xE2, 0x30, 0x8A, 0x95, 0x7F, 0x44,
    0xA1, 0x06, 0xCE, 0x6A, 0x56, 0x57, 0x46, 0x82, 0xC6, 0x1D, 0x6B, 0xBE, 0x60, 0xF7, 0x3C, 0x7B,
    0x58, 0xC1, 0xEF, 0xA8, 0x9A, 0x08, 0xEE, 0x50, 0xC8, 0x08, 0x84, 0x64, 0xA6, 0x50, 0xEF, 0xBB,
    0x8F, 0xAF, 0x6A, 0x54, 0x50, 0x35, 0xDE, 0x5B, 0xA9, 0x1A, 0xDE, 0xCD, 0xC4, 0xCD, 0xAC, 0x4E,
    0xD6, 0x60, 0x58, 0xD9, 0xE3, 0x55, 0x7A, 0x52, 0x9F, 0xE0, 0xA7, 0xEF, 0xB4, 0xE2, 0xBB, 0xD5,
    0x6A, 0x3C, 0x18, 0xBB, 0xC3, 0x4E, 0xCD, 0x96, 0xAB, 0x61, 0x85, 0xF5, 0x76, 0x92, 0xEC, 0x82,
    0xFA, 0x0E, 0x1B, 0x00, 0xB6, 0xD8, 0xB5, 0xF2, 0x01, 0xF8, 0x55, 0x3F, 0x05, 0xA6, 0xB2, 0x2D,
    0x6F, 0xAF, 0x2C, 0x30, 0xC3, 0xE8, 0xF5, 0x9E, 0xB9, 0xAB, 0x34, 0x14, 0x9D, 0x72, 0xE8, 0xDD,
    0xE3, 0x21, 0x68, 0xAC, 0x7E, 0x31, 0x59, 0xBA, 0x6C, 0xAD, 0xA6, 0xBF, 0xD5, 0x2B, 0xD7, 0x65,
    0xB6, 0x36, 0x3D, 0x0A, 0x3F, 0xBD, 0x16, 0xC8, 0xB3, 0xF7, 0x12, 0xC3, 0x68, 0xAD, 0xCB, 0x03,
    0x1A, 0x56, 0xEE, 0xF7, 0x4F, 0x43, 0x03, 0x79, 0x00, 0x5F, 0x59, 0x26, 0xE7, 0x10, 0x89, 0x6C,
    0xB3, 0x30, 0x2F, 0xC8, 0xB0, 0x55, 0x08, 0x99, 0x3D, 0x4D, 0x23, 0xBA, 0xF9, 0x1C, 0xD0, 0x11,
    0x9F, 0xDA, 0x25, 0xE8, 0x32, 0xC3, 0x2C, 0x2A, 0xDD, 0x81, 0x55, 0xCF, 0x28, 0xAD, 0x4A, 0xA3,
    0xD9, 0xAA, 0x4E, 0xA3, 0x9E, 0xE8, 0xAC, 0xBA, 0x36, 0xE2, 0x21, 0x1A, 0x87, 0xB4, 0x80, 0x59,
    0x64, 0x6E, 0xC7, 0x9D, 0x51, 0x35, 0xFE, 0x55, 0x3E, 0x04, 0x0D, 0x0B, 0xC1, 0x34, 0xC0, 0x24,
    0xD4, 0xF4, 0x2B, 0xA5, 0x1E, 0x9C, 0xA8, 0xC6, 0xF3, 0xFC, 0x91, 0x79, 0xA1, 0x58, 0xEE, 0x98,
    0xE7, 0xD2, 0x3E, 0x36, 0x2F, 0xA7, 0x7D, 0x64, 0xCE, 0xA4, 0xFD, 0x6C, 0xED, 0xB8, 0x75, 0x30,
    0xFE, 0x37, 0x8E, 0x47, 0x2B, 0x1A, 0xB4, 0xF0, 0x99, 0x14, 0xEA, 0x93, 0xFC, 0x6C, 0x02, 0x09,
    0x40, 0x06, 0xA7, 0x2D, 0x42, 0xBE, 0xFD, 0xD6, 0x0D, 0xF6, 0xF6, 0xCE, 0x9D, 0x94, 0xBF, 0x53,
    0x65, 0xE8, 0x7D, 0x6E, 0x90, 0x6A, 0xAF, 0xEC, 0xED, 0xED, 0xA1, 0x6F, 0xBA, 0x0C, 0x21, 0x4C,
    0xCC, 0xD4, 0xE1, 0x64, 0x9C, 0xB0, 0xA0, 0xBB, 0x9B, 0xF1, 0xF4, 0x9D, 0x71, 0x16, 0x34, 0xD5,
    0x97, 0xB0, 0x33, 0x2A, 0xBF, 0x89, 0x02, 0xC7, 0x51, 0x63, 0xFB, 0x0F, 0xAD, 0xCF, 0xE3, 0xB4,
    0xFF, 0xC3, 0xC5, 0x02, 0x78, 0x3D, 0x2B, 0xB1, 0xC5, 0xD2, 0x07, 0xC6, 0x64, 0x83, 0x52, 0x38,
    0xB8, 0x90, 0x18, 0xB4, 0x3B, 0x83, 0x0F, 0x29, 0x52, 0x77, 0x50, 0x9D, 0xD1, 0x96, 0x44, 0x5B,
    0xCD, 0xC0, 0x41, 0x4E, 0xE8, 0xA9, 0x62, 0x0E, 0xE5, 0x88, 0x16, 0x38, 0x6F, 0xC5, 0x94, 0x27,
    0x44, 0x91, 0x20, 0x2B, 0x8B, 0xD1, 0xBA, 0x19, 0x6F, 0x59, 0x64, 0xC7, 0x31, 0x83, 0x75, 0x1E,
    0x9E, 0xD3, 0x71, 0xAB, 0x57, 0xEA, 0x9A, 0x9E, 0x49, 0x9C, 0xC6, 0xA3, 0x1A, 0x07, 0x7D, 0xDA,
    0x27, 0x4F, 0x42, 0xEB, 0xA5, 0x0C, 0x40, 0x35, 0xBC, 0xA3, 0x5C, 0x22, 0x67, 0x4B, 0x5C, 0x8F,
    0x49, 0x5D, 0x7C, 0x5C, 0x45, 0xB4, 0xAC, 0xDE, 0x19, 0x99, 0x15, 0x54, 0xBD, 0xC9, 0x04, 0x5F,
    0x6F, 0x52, 0x6D, 0x60, 0x54, 0x5D, 0x33, 0xA9, 0xE6, 0x15, 0x2C, 0x43, 0x1B, 0x26, 0xD5, 0x60,
    0xCD, 0xA4, 0x4A, 0x17, 0x1F, 0xCE, 0x4B, 0x9F, 0xD8, 0x6C, 0x97, 0x77, 0xC4, 0xA4, 0x3B, 0xAB,
    0xF7, 0x89, 0x04, 0x56, 0xB9, 0x75, 0xB9, 0x97, 0x7C, 0x47, 0x47, 0xE3, 0x32, 0x6C, 0x04, 0x68,
    0xD4, 0x0C, 0x31, 0x1B, 0x54, 0x7C, 0x93, 0xC1, 0x8B, 0x46, 0x8D, 0x32, 0x1F, 0xD4, 0xEA, 0xD1,
    0x4B, 0x83, 0x0C, 0x13, 0x23, 0x4C, 0x03, 0xC3, 0x98, 0x0D, 0x9A, 0xB9, 0x99, 0x59, 0x17, 0x85,
    0x31, 0x2B, 0xC6, 0x7C, 0x33, 0xBB, 0xEC, 0xE3, 0x36, 0x5C, 0x54, 0x4C, 0xE0, 0x7D, 0x67, 0x9B,
    0xA1, 0xBB, 0x87, 0x17, 0x88, 0x57, 0xED, 0x22, 0xD8, 0xEE, 0x43, 0x3B, 0xBE, 0x24, 0x48, 0x1D,
    0xC6, 0x08, 0x4D, 0xB7, 0x0C, 0xC4, 0x4B, 0xFB, 0x43, 0x0E, 0xC4, 0xF3, 0x06, 0x41, 0x04, 0x1B,
    0xBE, 0xBB, 0x34, 0xC1, 0x52, 0x48, 0x70, 0x24, 0x7A, 0x61, 0x23, 0x23, 0x5B, 0x75, 0xF2, 0x2B,
    0x61, 0xE7, 0xEF, 0x35, 0x99, 0xC8, 0x71, 0xA3, 0xED, 0x99, 0xAC, 0x91, 0xF5, 0x49, 0xB5, 0x90,
    0x99, 0xCF, 0xBA, 0x14, 0x01, 0x98, 0x72, 0xFE, 0x0C, 0x01, 0xE0, 0xB6, 0x0C, 0xEC, 0xFF, 0x66,
    0x0A, 0x83, 0xDC, 0x48, 0x70, 0x6E, 0x1A, 0x14, 0x44, 0xF9, 0x99, 0x68, 0x51, 0x71, 0x0F, 0x0E,
    0xD4, 0x6F, 0x0A, 0x75, 0x29, 0x5B, 0x7A, 0x88, 0x19, 0xF2, 0xDF, 0x93, 0xA7, 0xCA, 0x1D, 0x81,
    0x72, 0x67, 0x4B, 0xD2, 0x6E, 0x19, 0xAF, 0x58, 0xC9, 0x7D, 0xCC, 0xD1, 0xCE, 0x53, 0x0D, 0x66,
    0x3F, 0x6E, 0xBC, 0x1B, 0x11, 0xCB, 0xE4, 0x82, 0x6E, 0x2C, 0xE7, 0x67, 0xE4, 0xB6, 0x2D, 0xAE,
    0xA8, 0xE1, 0x46, 0x19, 0x52, 0xAA, 0xC8, 0x85, 0x6F, 0xB9, 0x34, 0x53, 0x97, 0xA4, 0x13, 0xEA,
    0x9C, 0xFA, 0x0D, 0xED, 0xA6, 0xF3, 0x59, 0xD7, 0xF3, 0x0B, 0x10, 0x95, 0x65, 0x73, 0xD5, 0xF4,
    0x8F, 0xA5, 0xA3, 0xFC, 0x68, 0xFB, 0x3B, 0x32, 0x3C, 0x17, 0x30, 0xD0, 0x0C, 0x2D, 0xC4, 0xA0,
    0x81, 0x39, 0x65, 0xEF, 0xA3, 0xBF, 0x1F, 0x96, 0xEA, 0x6F, 0x5C, 0xE7, 0x50, 0xE3, 0xC4, 0x99,
    0x79, 0x8D, 0xEF, 0x91, 0x2B, 0x33, 0x09, 0x20, 0x7B, 0xCF, 0x6A, 0xD2, 0x1D, 0xFB, 0x17, 0x8C,
    0x89, 0x5A, 0x4B, 0xFE, 0xB2, 0xD7, 0x8C, 0xBB, 0xE3, 0x9A, 0x70, 0x77, 0xFF, 0xBD, 0x3C, 0x80,
    0x42, 0x46, 0x2B, 0xA4, 0xDE, 0xC3, 0x99, 0x34, 0x40, 0xC5, 0x59, 0x8A, 0xC6, 0x61, 0x5E, 0x80,
    0x86, 0x99, 0xA2, 0xBB, 0x51, 0x0E, 0xAD, 0x35, 0x7F, 0xF2, 0x76, 0x8E, 0xF6, 0xBE, 0x98, 0xFA,
    0xB4, 0x9B, 0xD5, 0x9B, 0x31, 0xF5, 0x5A, 0xD7, 0xE2, 0xDA, 0x31, 0xF5, 0x47, 0x56, 0x31, 0xF5,
    0x1A, 0xA2, 0xE0, 0x23, 0x14, 0x7C, 0x0C, 0xBD, 0x8F, 0x3D, 0xF0, 0xD8, 0x0E, 0x2E, 0xA6, 0x7E,
    0x70, 0x31, 0xF5, 0x8A, 0x33, 0xF7, 0xFD, 0x45, 0x17, 0x75, 0xB0, 0x50, 0x3C, 0x6F, 0x14, 0x27,
    0xA5, 0xE2, 0x17, 0xDC, 0x79, 0x5C, 0xE0, 0xC2, 0xFB, 0x9D, 0x8B, 0x64, 0x70, 0x0E, 0x6E, 0xEB,
    0xAE, 0x33, 0xEC, 0xBF, 0x6E, 0xE6, 0xA2, 0x98, 0xA5, 0x5F, 0x2E, 0xA6, 0xBE, 0x74, 0x31, 0xF5,
    0xCE, 0xDC, 0x92, 0xFA, 0x4C, 0xCF, 0xC6, 0xE7, 0xBD, 0x1F, 0x1C, 0x5E, 0x75, 0xF1, 0x2A, 0xFC,
    0x2C, 0xA6, 0x49, 0xED, 0x86, 0x01, 0x21, 0x7D, 0x4D, 0xCD, 0x63, 0x37, 0xE9, 0x6B, 0x4A, 0x57,
    0xA2, 0xE6, 0x6C, 0x5D, 0xD4, 0xFC, 0x1A, 0xE0, 0x89, 0x1B, 0x11, 0x35, 0xB3, 0xE5, 0x9A, 0xA8,
    0xA9, 0x19, 0x7F, 0x1A, 0x32, 0xA6, 0x3D, 0x3F, 0xBD, 0xD6, 0xEB, 0x57, 0x7C, 0x9E, 0xDF, 0xDB,
    0x7B, 0x34, 0x31, 0x91, 0xE9, 0x57, 0xE3, 0x5A, 0xA8, 0xEA, 0x0A, 0x16, 0xCC, 0x1E, 0x12, 0x38,
    0xE6, 0x07, 0x7C, 0xEB, 0xE1, 0xF2, 0xD4, 0x59, 0x15, 0x7A, 0x72, 0x69, 0x83, 0x62, 0x82, 0x69,
    0x31, 0xDC, 0x47, 0xB9, 0x73, 0xA1, 0x3C, 0x7A, 0xB9, 0x06, 0x87, 0xD5, 0xB7, 0x3C, 0x32, 0x40,
    0xCA, 0x99, 0x7D, 0x06, 0xAE, 0xF9, 0x75, 0xEE, 0x71, 0x23, 0xA2, 0xD3, 0x39, 0x8D, 0xCB, 0x11,
    0xD1, 0xE9, 0xEB, 0x10, 0x9D, 0x0C, 0x44, 0x27, 0x03, 0xD1, 0xC9, 0x1C, 0xA6, 0xE8, 0xF4, 0xF8,
    0xDE, 0xF9, 0xCB, 0x3E, 0x92, 0xE8, 0x66, 0xE2, 0x98, 0xDF, 0xAB, 0x09, 0x3B, 0x7E, 0xBB, 0xE0,
    0x91, 0x27, 0xF8, 0x2B, 0x48, 0x3E, 0xF6, 0x03, 0xA4, 0x16, 0xAB, 0xB4, 0x68, 0x2F, 0xFD, 0x6B,
    0xF5, 0xA6, 0x69, 0x08, 0xC4, 0x71, 0xC2, 0x3F, 0xBF, 0xB1, 0x38, 0xE6, 0x8F, 0xE1, 0xFB, 0xB9,
    0x0F, 0xBE, 0x9F, 0x04, 0xBE, 0x1F, 0x51, 0x68, 0xB0, 0xE0, 0x44, 0x35, 0x7D, 0xDD, 0x4E, 0xBE,
    0x1F, 0x88, 0xFC, 0x5F, 0x38, 0x4F, 0xE3, 0x02, 0x7C, 0xF4, 0x61, 0x0B, 0x46, 0x5D, 0x7E, 0x94,
    0xEF, 0xC7, 0x88, 0x24, 0x2E, 0x7F, 0x8F, 0x32, 0xAF, 0x93, 0xEB, 0x0E, 0x11, 0x58, 0x03, 0x23,
    0x60, 0x40, 0x20, 0x1E, 0x3A, 0xC4, 0xDC, 0xC0, 0x1B, 0x2F, 0x26, 0x62, 0x3E, 0xEB, 0x0C, 0x76,
    0x78, 0x81, 0x55, 0x2F, 0x12, 0x46, 0x44, 0x96, 0x0F, 0x7E, 0x94, 0x9D, 0xE8, 0x5A, 0x36, 0xA3,
    0x5B, 0xC9, 0x82, 0x84, 0xED, 0x0E, 0xDD, 0x1B, 0xCC, 0xC3, 0xF6, 0x83, 0xA7, 0x6F, 0xE1, 0xAE,
    0xB0, 0x86, 0x07, 0xE4, 0x9F, 0x09, 0x1B, 0xC0, 0x6B, 0xDB, 0xBD, 0x3E, 0x8B, 0x30, 0x92, 0xA3,
    0xF6, 0xED, 0xDD, 0x42, 0xED, 0xE9, 0x8D, 0x0F, 0x2D, 0xF1, 0x2F, 0x88, 0xF9, 0xE9, 0xDA, 0x9D,
    0xEC, 0xA9, 0xDA, 0x84, 0xF8, 0xDC, 0x59, 0x45, 0xB5, 0x2A, 0xF9, 0xE8, 0x3C, 0x58, 0x04, 0xC4,
    0xD9, 0x3F, 0x30, 0x29, 0x8A, 0x34, 0xC2, 0x2E, 0x03, 0xB7, 0xE2, 0x99, 0x82, 0xC2, 0x28, 0x66,
    0xCA, 0xB2, 0x1D, 0xA4, 0x72, 0x8D, 0x22, 0x05, 0xB4, 0xFB, 0xE0, 0x88, 0x2B, 0xA6, 0x4B, 0xE6,
    0x0C, 0x61, 0xA9, 0x34, 0x8E, 0xAA, 0x90, 0x0A, 0x14, 0xDD, 0x54, 0xC1, 0x46, 0x63, 0x61, 0xC9,
    0xCA, 0x44, 0xC2, 0x35, 0xBE, 0x3C, 0x47, 0xB8, 0x59, 0xC0, 0x88, 0xC3, 0x9B, 0xAA, 0x65, 0x3C,
    0x3F, 0x8D, 0x6F, 0xB7, 0x01, 0x1E, 0x9D, 0x96, 0xED, 0xD7, 0x05, 0x24, 0xA0, 0xBD, 0x16, 0x46,
    0xEA, 0xDF, 0x73, 0x13, 0x17, 0xB4, 0xD9, 0x2C, 0x1C, 0xC8, 0x45, 0xF5, 0xB2, 0x8D, 0xD0, 0x00,
    0xDB, 0xA7, 0x0B, 0xCF, 0x1C, 0x56, 0x80, 0x7E, 0x38, 0x92, 0xD8, 0xAC, 0x14, 0x7D, 0xB2, 0x02,
    0xB7, 0x00, 0xCF, 0xF9, 0xB0, 0x73, 0x7C, 0xF7, 0xEE, 0x4D, 0x91, 0xB4, 0x1F, 0x99, 0x22, 0xD9,
    0xF8, 0x14, 0xC9, 0x70, 0x95, 0x22, 0xA9, 0xCA, 0xA0, 0xA6, 0x48, 0xDA, 0x61, 0x4A, 0x91, 0x2C,
    0x56, 0x29, 0x92, 0x19, 0x23, 0xAF, 0x5C, 0x8A, 0x64, 0x7B, 0x50, 0x8A, 0xA4, 0x70, 0x5C, 0x9F,
    0x22, 0xF9, 0xC8, 0x5A, 0xD1, 0x8C, 0x62, 0x65, 0x52, 0xCA, 0xCC, 0x8D, 0x37, 0x4F, 0xAC, 0x9A,
    0x8F, 0xDE, 0x99, 0x58, 0x99, 0xA2, 0x3D, 0x38, 0x56, 0x26, 0x16, 0xA6, 0xBB, 0xA1, 0xD8, 0x25,
    0x6E, 0x3E, 0xA2, 0x76, 0x33, 0x73, 0x31, 0xAC, 0x37, 0xF1, 0xCA, 0xF8, 0xF4, 0x27, 0xCE, 0x17,
    0xBD, 0xEC, 0x6D, 0x43, 0xF3, 0xDE, 0xA7, 0x40, 0x50, 0x29, 0xBF, 0xAF, 0xF0, 0xA6, 0x98, 0x87,
    0xB6, 0xFD, 0x76, 0x4C, 0x1B, 0xB5, 0xFF, 0x9A, 0x43, 0x89, 0x07, 0xDA, 0x91, 0x31, 0x7E, 0xCC,
    0x39, 0x58, 0x18, 0x0C, 0x2F, 0xFD, 0xFF, 0x4A, 0x47, 0x23, 0xFF, 0xEC, 0x2F, 0x6B, 0x46, 0x0A,
    0x06, 0x4B, 0xB5, 0xCF, 0xEF, 0xCF, 0x78, 0x4C, 0x35, 0xD5, 0xD1, 0x25, 0x3E, 0xBE, 0x76, 0x88,
    0x19, 0x8F, 0xC5, 0xC1, 0x19, 0x8F, 0x2E, 0xD5, 0xB1, 0x71, 0x71, 0xB1, 0x1A, 0xF8, 0xA2, 0xF2,
    0x65, 0x61, 0x99, 0xF1, 0x98, 0x52, 0x0F, 0xAC, 0x23, 0x3B, 0xDC, 0xB7, 0xCA, 0xFE, 0x51, 0x1F,
    0x87, 0xDC, 0x94, 0x6E, 0xD9, 0xA0, 0x3B, 0x00, 0xF9, 0x3D, 0xDC, 0xDC, 0x5E, 0x4B, 0x29, 0x84,
    0x5E, 0x67, 0x29, 0x75, 0xA6, 0xDB, 0xFD, 0xA6, 0x37, 0xA5, 0x3C, 0x9F, 0x59, 0x8F, 0xCF, 0x4D,
    0x3A, 0x8E, 0x3B, 0x75, 0x28, 0xC6, 0xDA, 0x6E, 0x08, 0xF1, 0x79, 0x88, 0xE0, 0x01, 0x7B, 0xA9,
    0xA3, 0x4D, 0x55, 0xB0, 0x66, 0xEC, 0x5C, 0xEA, 0x1E, 0x73, 0xF8, 0xB8, 0xC3, 0xA7, 0x1D, 0x56,
    0x82, 0x7E, 0xE5, 0xC3, 0xC6, 0xAC, 0xEC, 0xFB, 0x06, 0x81, 0x38, 0x8A, 0x3F, 0xD4, 0xA5, 0x7C,
    0xE9, 0x7D, 0x9D, 0x94, 0x4B, 0x97, 0x94, 0x0D, 0x5E, 0xEA, 0x34, 0xD9, 0xEE, 0x92, 0x9F, 0x9E,
    0x36, 0xD3, 0x89, 0x51, 0x92, 0x4B, 0x5C, 0xBB, 0x1C, 0x8F, 0x8E, 0xB3, 0x11, 0x68, 0x2E, 0x05,
    0x7C, 0x60, 0x35, 0xE7, 0xE3, 0xC8, 0x65, 0x35, 0xC2, 0xE6, 0xF0, 0x95, 0xC0, 0x2D, 0xD5, 0xD2,
    0xDA, 0xF7, 0x6F, 0x66, 0x98, 0xD6, 0x27, 0xC2, 0xDF, 0x88, 0x74, 0x73, 0x6C, 0x8E, 0xF1, 0x3A,
    0x16, 0x63, 0x04, 0x5F, 0x2B, 0x94, 0x32, 0xA0, 0x76, 0x57, 0xC5, 0x71, 0x3C, 0x46, 0x7B, 0xFA,
    0x31, 0x7A, 0xF8, 0x8F, 0xB1, 0x08, 0xD2, 0xB1, 0x18, 0xF1, 0x08, 0xF7, 0x45, 0x74, 0xC1, 0x84,
    0xEA, 0x85, 0x51, 0x49, 0xE8, 0xE8, 0xAE, 0x8A, 0xD7, 0x4E, 0xC0, 0x86, 0x11, 0xA6, 0xD2, 0x34,
    0x0A, 0x8D, 0x82, 0x57, 0x25, 0x25, 0x74, 0x38, 0x7A, 0x67, 0x41, 0x21, 0x3B, 0x56, 0xC1, 0x4E,
    0xD3, 0x9D, 0xE4, 0xF3, 0x27, 0x1C, 0xDE, 0x76, 0x58, 0xCD, 0x52, 0x83, 0x2E, 0x9B, 0x6C, 0x3C,
    0x5F, 0x4F, 0x1C, 0x8F, 0x9F, 0xAB, 0x31, 0x0D, 0xA6, 0x34, 0xDA, 0x6F, 0xD5, 0x4E, 0x64, 0x9C,
    0xF1, 0xCC, 0x89, 0xDA, 0xC6, 0x09, 0xDE, 0x5A, 0x2C, 0xC8, 0x17, 0xFD, 0x99, 0x0A, 0xD6, 0x95,
    0x54, 0x92, 0x22, 0xAD, 0xAC, 0x04, 0x41, 0xB0, 0xA4, 0x92, 0x24, 0xE3, 0x48, 0x19, 0xF3, 0x91,
    0x7F, 0x54, 0xCF, 0xAF, 0xD7, 0x6C, 0xD7, 0xB3, 0xE0, 0x34, 0x56, 0x3E, 0x5D, 0x41, 0x91, 0xCD,
    0x5F, 0xF4, 0xDD, 0x7B, 0x61, 0x67, 0x29, 0xDB, 0x18, 0xE2, 0x79, 0x90, 0x43, 0x3E, 0x4F, 0x3B,
    0x08, 0xE8, 0x42, 0xAC, 0xD2, 0x5E, 0xE3, 0x7E, 0x83, 0xDF, 0xEC, 0x0A, 0xC4, 0x9E, 0x15, 0x31,
    0x1C, 0x31, 0xB2, 0x4B, 0x75, 0x57, 0x32, 0x45, 0x78, 0x64, 0x26, 0x2D, 0x2B, 0xBB, 0x09, 0x5B,
    0x46, 0xE6, 0x2D, 0x84, 0x76, 0x1C, 0x89, 0x64, 0x94, 0x1E, 0xF1, 0x24, 0xC5, 0x92, 0x55, 0x2B,
    0x6C, 0xAE, 0x83, 0x71, 0xE4, 0x8C, 0xC6, 0xFE, 0x57, 0x8C, 0x6C, 0x40, 0xDD, 0x0C, 0x46, 0xFF,
    0x0B, 0x77, 0x3A, 0xAD, 0x39, 0x18, 0x0D, 0xE3, 0xFF, 0xB3, 0xF3, 0x35, 0x13, 0x00, 0x4E, 0xBB,
    0x0C, 0x80, 0x85, 0xBB, 0x11, 0x1D, 0xE0, 0x3E, 0x50, 0x75, 0xBF, 0x57, 0xA2, 0x9D, 0xF5, 0x9A,
    0x64, 0x9E, 0x8D, 0xAF, 0x79, 0x51, 0x43, 0xBF, 0x5F, 0xFA, 0x01, 0x70, 0x92, 0x4B, 0xEF, 0x26,
    0xA2, 0x57, 0x2E, 0x5B, 0xF4, 0xCA, 0x62, 0x8B, 0x5E, 0x4B, 0x10, 0x14, 0xBD, 0x4E, 0x48, 0xE1,
    0x16, 0x4B, 0x31, 0x68, 0x46, 0x42, 0x41, 0x3B, 0x26, 0x58, 0x41, 0x8E, 0x6C, 0x73, 0xB9, 0xF7,
    0x0E, 0x29, 0x67, 0xA4, 0xB7, 0x3B, 0xBB, 0x88, 0x70, 0x98, 0x21, 0x15, 0xBC, 0x8D, 0x7B, 0xA6,
    0xE8, 0x0E, 0xC7, 0x63, 0x48, 0x4C, 0x17, 0xA2, 0xA5, 0xE9, 0xBF, 0xFD, 0x72, 0xB4, 0x14, 0xB2,
    0xF0, 0xB4, 0xC8, 0xF3, 0xF0, 0x54, 0x8F, 0x3B, 0x35, 0x17, 0x5E, 0x43, 0xA6, 0x06, 0x2D, 0x6F,
    0x89, 0xD9, 0x89, 0x96, 0x30, 0xB0, 0x45, 0x88, 0x7B, 0x10, 0x38, 0x87, 0x50, 0xBB, 0xD4, 0x78,
    0xE3, 0x1C, 0x29, 0x36, 0x42, 0xFA, 0xD8, 0xEF, 0xAD, 0xB3, 0xF7, 0x56, 0x2A, 0x70, 0xEF, 0x52,
    0x81, 0x97, 0x2E, 0x15, 0x98, 0x51, 0x3D, 0xF5, 0x2A, 0xEA, 0xA1, 0x70, 0x38, 0xF6, 0x06, 0x8F,
    0xFA, 0xFA, 0xD8, 0x65, 0x7E, 0x8B, 0xCC, 0x7B, 0xDB, 0x42, 0x0F, 0xF3, 0x55, 0xE8, 0xA1, 0x2A,
    0xEB, 0xAC, 0xC0, 0xE8, 0x0A, 0x2E, 0xC5, 0x6B, 0x65, 0x78, 0xA2, 0xFD, 0x75, 0x78, 0x22, 0x37,
    0x3B, 0x7B, 0x95, 0x9B, 0x1E, 0x3B, 0xBA, 0xF9, 0x09, 0x96, 0x7E, 0x82, 0x4E, 0xFB, 0x11, 0xDA,
    0xF6, 0x8D, 0x47, 0x7D, 0xC3, 0xDC, 0x58, 0x43, 0x27, 0x6A, 0x9A, 0xA1, 0xF5, 0xC6, 0x4D, 0x9D,
    0xE7, 0x9A, 0x0D, 0x9F, 0xBE, 0x3D, 0xE5, 0x6F, 0x9B, 0xFD, 0x09, 0xDC, 0xEB, 0x36, 0x13, 0x37,
    0x0F, 0x0C, 0x19, 0x4F, 0x86, 0x58, 0x51, 0xB8, 0x81, 0x66, 0xA5, 0x0E, 0xB1, 0x97, 0xE8, 0x26,
    0xE4, 0x3E, 0xBC, 0x36, 0xD2, 0x78, 0xD0, 0xAB, 0x02, 0x42, 0x5D, 0x2A, 0xB6, 0xAB, 0xB7, 0xA6,
    0xC6, 0xEB, 0x70, 0x0A, 0x93, 0x5A, 0xD5, 0xB4, 0x33, 0x53, 0x85, 0xBA, 0x1B, 0x6F, 0x81, 0x93,
    0x30, 0x65, 0x91, 0xAD, 0x5F, 0x63, 0x60, 0x9D, 0xB7, 0x76, 0x74, 0xAD, 0xB7, 0x62, 0x56, 0xED,
    0x71, 0x75, 0xE9, 0x5C, 0x2B, 0x50, 0x3B, 0x43, 0x38, 0x59, 0x1C, 0xD8, 0x5A, 0x4C, 0xAD, 0xFE,
    0xE0, 0x56, 0x77, 0x75, 0x6B, 0x31, 0x63, 0x06, 0x25, 0xCE, 0x82, 0xE1, 0xDF, 0xE1, 0x57, 0x72,
    0x97, 0xAF, 0xB3, 0x6C, 0xE6, 0x34, 0x03, 0xAB, 0xB1, 0x58, 0x85, 0x99, 0x4E, 0xEA, 0x96, 0xB7,
    0x6D, 0xCE, 0x16, 0xA1, 0x33, 0xD8, 0x84, 0x83, 0x97, 0x7A, 0x85, 0x65, 0x7A, 0x45, 0x68, 0x3D,
    0xB3, 0xCD, 0x4C, 0x65, 0x64, 0x52, 0xC7, 0xF9, 0x99, 0x7A, 0xA0, 0x8A, 0x59, 0x31, 0xE1, 0x3F,
    0x53, 0xFC, 0x9E, 0xD5, 0x58, 0x3A, 0xB7, 0xA7, 0x8A, 0x65, 0xB1, 0x9C, 0xE2, 0xD6, 0x42, 0x17,
    0x81, 0xE2, 0x82, 0x8C, 0xAE, 0x89, 0x65, 0x62, 0x2D, 0x7D, 0xEF, 0xF0, 0xB4, 0x7B, 0x55, 0x71,
    0xC2, 0xA3, 0xEF, 0xF7, 0x26, 0x9E, 0x2F, 0xBC, 0x95, 0x56, 0xE3, 0x26, 0x94, 0x70, 0x84, 0x83,
    0x6E, 0xD2, 0xD0, 0x3B, 0x50, 0xD6, 0x7D, 0x7C, 0x20, 0xDB, 0x97, 0x57, 0x65, 0xAB, 0x84, 0xF0,
    0xEF, 0xF4, 0x14, 0xC6, 0x83, 0x41, 0xA5, 0xF3, 0x8B, 0x7A, 0xD5, 0x6D, 0x95, 0xB0, 0x1F, 0x80,
    0xC9, 0xCF, 0x33, 0xCD, 0x6F, 0x53, 0xCD, 0x95, 0xD5, 0x0D, 0x9F, 0x62, 0x75, 0x1E, 0x53, 0x31,
    0x5B, 0x86, 0x50, 0x9D, 0x45, 0x76, 0x84, 0xF4, 0x16, 0xC9, 0x04, 0xE7, 0x22, 0x83, 0xCA, 0x8C,
    0x97, 0x22, 0x91, 0xCA, 0x41, 0x65, 0xB5, 0x40, 0x48, 0x72, 0x29, 0x3C, 0xBF, 0xA3, 0xCA, 0x93,
    0xC8, 0x21, 0xA2, 0x89, 0xC5, 0xC2, 0xE3, 0xE5, 0x9E, 0xE3, 0x65, 0x00, 0x21, 0xE3, 0x0D, 0x3B,
    0x5F, 0x7C, 0xCE, 0x54, 0x1F, 0xD8, 0x77, 0x7F, 0xD1, 0x69, 0xF5, 0xC1, 0x92, 0xFE, 0x4E, 0xED,
    0xFF, 0xA9, 0x5D, 0x8D, 0xD6, 0x35, 0xD4, 0xD9, 0xF0, 0x05, 0xE4, 0xC7, 0x01, 0x45, 0xEE, 0xE4,
    0x82, 0xCF, 0xF9, 0xE8, 0x3B, 0xE4, 0x7E, 0xE4, 0x70, 0x67, 0xC0, 0xFE, 0xD1, 0x65, 0x21, 0x1C,
    0x1F, 0x2F, 0x04, 0x70, 0x70, 0x2C, 0x67, 0x02, 0xFB, 0xA5, 0xB4, 0xD3, 0x61, 0x0C, 0x11, 0x55,
    0x57, 0x45, 0x1D, 0x3D, 0x7D, 0x3F, 0xE3, 0x38, 0xEC, 0x70, 0x9A, 0xC1, 0xE1, 0xBE, 0xFE, 0x78,
    0x7E, 0xF7, 0x26, 0xDB, 0xBF, 0xB6, 0x3B, 0x59, 0xE8, 0x75, 0x49, 0x6B, 0x5E, 0x7B, 0xAC, 0x46,
    0x07, 0x17, 0x16, 0x8A, 0x99, 0x7F, 0x28, 0x5D, 0xB9, 0xBB, 0xD4, 0x60, 0x4C, 0xD6, 0x7C, 0x18,
    0x11, 0xCF, 0xD8, 0x37, 0x08, 0x34, 0x4D, 0x5A, 0x5D, 0x12, 0xB8, 0x99, 0x7F, 0x36, 0xA8, 0xC9,
    0xF6, 0xE9, 0x97, 0xB5, 0x58, 0x03, 0x76, 0xD4, 0x43, 0xE6, 0xDE, 0x28, 0x0C, 0xE0, 0x3C, 0x22,
    0x8D, 0x86, 0x33, 0x8C, 0xEB, 0x85, 0x01, 0x5C, 0xD1, 0x48, 0xE3, 0xBC, 0x86, 0xC3, 0x41, 0xE8,
    0xE2, 0x06, 0x7A, 0xD2, 0x1C, 0x72, 0x38, 0x38, 0x05, 0x8F, 0xCE, 0xC7, 0x97, 0x86, 0x2B, 0xC0,
    0x28, 0x6C, 0x12, 0xF7, 0xDA, 0xEC, 0x9D, 0x3C, 0x95, 0x9F, 0x3B, 0xB5, 0x5B, 0x41, 0xA4, 0xB4,
    0x0D, 0x32, 0xCE, 0xA3, 0x81, 0xD9, 0x70, 0xA1, 0xEA, 0x7E, 0xD0, 0x2B, 0x65, 0x15, 0xC5, 0x5A,
    0xD2, 0x39, 0xD1, 0x40, 0xBD, 0xE3, 0x3A, 0x08, 0xCF, 0xA9, 0x23, 0x49, 0x6D, 0xB6, 0xBF, 0xD5,
    0x38, 0xE9, 0x3F, 0x3A, 0x61, 0x3D, 0x5F, 0x05, 0xF6, 0x68, 0xE5, 0xBA, 0xA9, 0xEE, 0xC0, 0x0D,
    0x20, 0xF7, 0x03, 0x97, 0x3D, 0x5D, 0x71, 0xDF, 0xC6, 0x2A, 0xFF, 0x6B, 0xF0, 0x90, 0xB5, 0xEF,
    0x89, 0xA2, 0x0F, 0x4B, 0x05, 0x92, 0x2F, 0x37, 0x63, 0x47, 0x2E, 0x82, 0xA0, 0x2F, 0x60, 0xCF,
    0x60, 0xEC, 0x08, 0x84, 0xE9, 0x3F, 0xD6, 0x6E, 0xA1, 0x73, 0xCA, 0x20, 0x11, 0x7E, 0x44, 0xB8,
    0xFF, 0x75, 0x40, 0xAE, 0x43, 0x6B, 0x4E, 0xEC, 0xBD, 0x72, 0x5B, 0x07, 0x2F, 0xD6, 0x95, 0x94,
    0x28, 0xBA, 0x7F, 0xC7, 0x7E, 0xFD, 0xEE, 0x1A, 0xBC, 0x50, 0xCB, 0xB6, 0xC8, 0xAD, 0xCF, 0xBE,
    0x89, 0xBE, 0xDD, 0xF4, 0xE0, 0xDD, 0x5B, 0x15, 0x19, 0x1A, 0x57, 0x91, 0xE1, 0xB2, 0xAB, 0xC8,
    0x00, 0x19, 0x6E, 0xBD, 0x22, 0x43, 0x75, 0x8D, 0xF2, 0x93, 0xA9, 0xD9, 0xC4, 0xC9, 0xBE, 0xF2,
    0x93, 0x87, 0x97, 0x4A, 0xD0, 0xFB, 0x54, 0x02, 0x56, 0x3B, 0xA7, 0xB8, 0xC2, 0x0D, 0x4F, 0x45,
    0x5A, 0x87, 0xAE, 0xBD, 0x4A, 0xC8, 0xF6, 0xA6, 0x3A, 0x14, 0xF1, 0xDD, 0xF9, 0xEF, 0x7F, 0xF7,
    0xD7, 0xBB, 0x24, 0xB1, 0x3F, 0x16, 0xD9, 0x2F, 0xF9, 0x9D, 0x48, 0x22, 0x39, 0xC2, 0x98, 0xA0,
    0x6A, 0x83, 0xA5, 0x6C, 0x6B, 0xA3, 0x37, 0xDF, 0x93, 0x46, 0x84, 0x06, 0xCB, 0xC5, 0xFB, 0x86,
    0xF9, 0x53, 0x37, 0x9C, 0x72, 0xC9, 0xC9, 0x0B, 0x7C, 0x80, 0x7D, 0xBC, 0x11, 0x69, 0x3F, 0x79,
    0x40, 0x4D, 0xEC, 0x47, 0xC2, 0xCB, 0x72, 0x93, 0x09, 0x73, 0x55, 0xEE, 0x76, 0x7F, 0x23, 0xC8,
    0x1F, 0x54, 0xC3, 0x00, 0xD4, 0x7D, 0x25, 0xD3, 0xA8, 0x55, 0xFC, 0x7C, 0xBC, 0x3C, 0x2D, 0x1A,
    0xFE, 0x85, 0x78, 0xB9, 0x2D, 0xE8, 0xE5, 0x78, 0xF9, 0x45, 0x41, 0x67, 0xE2, 0x25, 0x0D, 0x04,
    0x37, 0x8F, 0x46, 0x32, 0xC7, 0x54, 0xFB, 0xBD, 0x96, 0xB0, 0x90, 0xB6, 0xEB, 0x0A, 0x9E, 0x2B,
    0xDF, 0xEB, 0xFA, 0xE6, 0x0C, 0xAE, 0x61, 0x79, 0xB7, 0x17, 0xC4, 0xC8, 0x55, 0x7C, 0xEC, 0xD5,
    0x66, 0x34, 0xAC, 0x57, 0x1E, 0x76, 0x02, 0xB6, 0x47, 0xDD, 0xB5, 0x4D, 0x89, 0xA6, 0xBE, 0x5D,
    0x79, 0x2A, 0x97, 0xD7, 0xF2, 0x54, 0xEC, 0x5A, 0x44, 0x65, 0xB6, 0x66, 0x91, 0x3F, 0xE1, 0x4C,
    0xF2, 0x32, 0xD4, 0x5F, 0xDE, 0xDB, 0x7B, 0x51, 0x86, 0xFA, 0x6F, 0x45, 0xDA, 0x0C, 0x99, 0x23,
    0xC0, 0x6A, 0x92, 0x31, 0xAB, 0x73, 0x3F, 0x18, 0x11, 0x6D, 0x2B, 0x3A, 0x7E, 0x2D, 0x24, 0x43,
    0xAD, 0xA8, 0x3F, 0x9E, 0xA0, 0xEC, 0x9A, 0x05, 0x3B, 0xC1, 0x50, 0xBF, 0x43, 0xC3, 0xF2, 0xA8,
    0xD2, 0xC6, 0xF1, 0xEB, 0xA0, 0x2F, 0x5E, 0xAF, 0x60, 0x51, 0xC1, 0x54, 0xE3, 0xD0, 0x8B, 0xC3,
    0xAC, 0x09, 0x24, 0xCC, 0x2A, 0x85, 0xD9, 0xB0, 0x8C, 0xE8, 0x58, 0x9F, 0x8F, 0x9F, 0x21, 0x4C,
    0x56, 0xD0, 0x26, 0x74, 0xBB, 0x27, 0x9A, 0xC3, 0xAD, 0x75, 0xEC, 0x90, 0x2C, 0xB1, 0x75, 0x9E,
    0xC2, 0x45, 0xA2, 0x72, 0x06, 0xE1, 0x91, 0x58, 0x45, 0x58, 0x0D, 0x6C, 0xF3, 0x5A, 0x95, 0xD6,
    0x3C, 0xF0, 0xB1, 0x8C, 0xC1, 0x7A, 0x2C, 0xE3, 0x54, 0xA9, 0xE7, 0x46, 0xD0, 0x25, 0xCE, 0x88,
    0x13, 0xEA, 0xD5, 0xFB, 0x66, 0xB4, 0x34, 0x08, 0xED, 0xE2, 0xC3, 0x3A, 0x4A, 0x1D, 0x5A, 0x7E,
    0x04, 0x5A, 0xE8, 0xD3, 0x27, 0x46, 0xF4, 0x36, 0x63, 0xE1, 0x91, 0x7E, 0x33, 0x36, 0xB9, 0x5A,
    0x31, 0x50, 0xDA, 0x5F, 0x35, 0x8B, 0xE0, 0xEA, 0x18, 0xE4, 0xFD, 0xF0, 0xC1, 0x95, 0x65, 0x3A,
    0xA3, 0x2D, 0x55, 0xDD, 0xE8, 0xB5, 0x5D, 0xCF, 0xC9, 0xBA, 0xF9, 0x70, 0x52, 0x99, 0xC9, 0x0A,
    0xCE, 0xD4, 0xF7, 0xD7, 0x63, 0x93, 0xFD, 0x4A, 0x9C, 0x51, 0xC6, 0xCF, 0xD5, 0x86, 0x88, 0x2A,
    0xEE, 0x8D, 0xAC, 0xF6, 0x11, 0x44, 0x24, 0x82, 0x25, 0x55, 0x28, 0x89, 0xA8, 0x3A, 0x2F, 0x6B,
    0x0E, 0x6B, 0xBE, 0xAD, 0xE1, 0xF0, 0x65, 0xA2, 0xB1, 0x75, 0xF0, 0xD8, 0x95, 0x54, 0xDC, 0xAA,
    0xAB, 0x8A, 0xB7, 0x4F, 0xCF, 0xE2, 0x98, 0x70, 0x7E, 0x15, 0x2E, 0x37, 0xB0, 0x06, 0x33, 0xE6,
    0xAA, 0xF8, 0x47, 0xB9, 0x56, 0xCA, 0x8E, 0xBD, 0x2F, 0xD8, 0x51, 0xE8, 0x51, 0xA5, 0x93, 0xB9,
    0x46, 0x8C, 0x5C, 0xA9, 0x5C, 0x89, 0x2A, 0x3D, 0x05, 0xAB, 0x81, 0x31, 0xDF, 0x64, 0x44, 0xCE,
    0xFF, 0x88, 0xCA, 0x59, 0x17, 0x83, 0x65, 0x55, 0x6E, 0xC7, 0x6D, 0xDC, 0x7C, 0x31, 0xAD, 0xE3,
    0x4E, 0x2E, 0xF2, 0x4C, 0xA7, 0xAA, 0xA7, 0x7D, 0x7B, 0xAF, 0x54, 0x6D, 0x5D, 0x41, 0xE9, 0xD5,
    0x78, 0xB9, 0xCF, 0xEF, 0xCA, 0xF4, 0x7E, 0xA5, 0xD3, 0xA5, 0x17, 0xA9, 0x77, 0x66, 0x49, 0x5B,
    0xF5, 0xFE, 0x07, 0xC0, 0xF8, 0xC7, 0xBE, 0x40, 0x87, 0x75, 0xA5, 0xB2, 0x3A, 0x25, 0xB6, 0x6B,
    0x0F, 0x82, 0xF9, 0x64, 0x0D, 0xF3, 0xF9, 0xDD, 0x83, 0xEB, 0x60, 0x5F, 0x8D, 0xEF, 0xD7, 0x1A,
    0xBE, 0x22, 0x04, 0x31, 0x97, 0x28, 0x1D, 0x64, 0x21, 0x26, 0x68, 0xC5, 0x0B, 0xE1, 0x43, 0xB3,
    0x72, 0x2B, 0xBF, 0x9D, 0x93, 0xC5, 0x08, 0x25, 0x5A, 0x28, 0xAF, 0x02, 0xB3, 0x3B, 0xFA, 0x64,
    0x10, 0x61, 0x37, 0x0F, 0x7A, 0x19, 0x60, 0x30, 0x4F, 0x7A, 0x91, 0x41, 0x78, 0xFC, 0xAA, 0xE9,
    0x25, 0x8A, 0x70, 0x98, 0x24, 0x88, 0x60, 0x6D, 0xA3, 0xA6, 0xCB, 0x7D, 0x15, 0xC6, 0xFF, 0xA9,
    0xAE, 0xF0, 0xF5, 0xEA, 0x0A, 0xBB, 0x50, 0x33, 0x5F, 0xD8, 0xC0, 0x87, 0x9B, 0x41, 0x64, 0x7B,
    0x4C, 0x3F, 0x1F, 0x7D, 0xCD, 0x0B, 0x77, 0x7F, 0x0C, 0x3B, 0xBB, 0xDB, 0x6A, 0x49, 0xDC, 0x2E,
    0x5F, 0x2E, 0xFD, 0x83, 0x57, 0x2A, 0x2D, 0x4D, 0x3B, 0xB1, 0xC3, 0x7E, 0x9D, 0x0F, 0x6A, 0xD4,
    0x96, 0xAB, 0x82, 0xE3, 0x51, 0xE4, 0x51, 0xEE, 0x50, 0x84, 0xAA, 0x09, 0x4C, 0x89, 0x95, 0x35,
    0x98, 0xDF, 0x37, 0x71, 0xB9, 0x09, 0x71, 0x45, 0xBC, 0x42, 0xEE, 0x1E, 0x2C, 0xD5, 0x86, 0x60,
    0xD5, 0x4E, 0xE4, 0xF4, 0xA8, 0x2D, 0x57, 0x41, 0x70, 0x37, 0x93, 0x11, 0x18, 0x90, 0x1F, 0x39,
    0x20, 0xF3, 0x1F, 0x39, 0xF6, 0x17, 0xBE, 0x2D, 0x00, 0xFC, 0x2E, 0x84, 0x91, 0xF7, 0x99, 0x56,
    0x0D, 0x23, 0xA1, 0x88, 0x91, 0xAC, 0x85, 0x02, 0x9B, 0x65, 0xC1, 0x40, 0x94, 0x9E, 0x71, 0x81,
    0xB4, 0x4F, 0x8B, 0x9E, 0x27, 0x04, 0xC6, 0xF6, 0x07, 0x59, 0x33, 0x28, 0x21, 0x6A, 0x5C, 0xCA,
    0x14, 0x9C, 0x52, 0x95, 0xDC, 0x4B, 0x4E, 0xDD, 0x81, 0x92, 0x7D, 0xAD, 0xD2, 0xBB, 0xC9, 0x5D,
    0x55, 0x7A, 0xB7, 0x59, 0x2F, 0xBD, 0xAB, 0x21, 0x3E, 0xDE, 0x06, 0xEB, 0xB4, 0x12, 0xE7, 0xA2,
    0x71, 0x0F, 0xA6, 0x48, 0x37, 0xA2, 0x41, 0x3E, 0xCB, 0x55, 0x00, 0x63, 0xB6, 0xDC, 0xE2, 0xBC,
    0x46, 0xC2, 0x53, 0x59, 0xB4, 0x6B, 0x60, 0x4E, 0x90, 0x0B, 0x88, 0x08, 0xE0, 0x18, 0x8A, 0x3D,
    0x38, 0xF1, 0x84, 0x00, 0x11, 0x26, 0x64, 0x29, 0xF7, 0x33, 0xBB, 0x40, 0xEE, 0x22, 0xAA, 0x5E,
    0xF0, 0x91, 0x1F, 0xCC, 0xA4, 0x09, 0xFA, 0x0D, 0x33, 0x91, 0x53, 0x2B, 0xEE, 0xC9, 0xA2, 0xB9,
    0x82, 0x19, 0x4E, 0x56, 0x2D, 0x5C, 0x65, 0x25, 0x47, 0x2E, 0x26, 0xEC, 0x34, 0x3F, 0xAF, 0xBA,
    0x57, 0xA5, 0x26, 0xFC, 0xBA, 0xF0, 0xA1, 0x5C, 0x09, 0x77, 0xF6, 0x53, 0x57, 0x1C, 0xCD, 0x49,
    0xB6, 0x91, 0xBD, 0x7D, 0xC5, 0x3A, 0x12, 0xB8, 0x46, 0x3B, 0x7D, 0xEE, 0x99, 0xEA, 0x44, 0x0A,
    0x19, 0x9F, 0xE5, 0x74, 0x57, 0xA7, 0xAD, 0xB4, 0x2B, 0xA7, 0x1A, 0x7D, 0x10, 0xDC, 0x08, 0xB0,
    0x68, 0xBB, 0xAD, 0x70, 0x8F, 0x97, 0x39, 0xBE, 0xCA, 0x4B, 0xE6, 0xA7, 0xC8, 0x07, 0x52, 0xB9,
    0x5C, 0x1C, 0x6F, 0x5D, 0x35, 0x93, 0x8F, 0xC6, 0x6C, 0x68, 0x89, 0xA6, 0xBC, 0x6D, 0xBE, 0xCD,
    0xE5, 0x9A, 0x17, 0x4D, 0x17, 0x8E, 0xEA, 0x89, 0xAF, 0xAE, 0xF5, 0x47, 0x7B, 0xD3, 0xAD, 0xFC,
    0x6C, 0x77, 0xB1, 0x62, 0x5E, 0x38, 0x3D, 0x87, 0x23, 0x1E, 0x2B, 0x9B, 0x51, 0xC5, 0xCE, 0xD3,
    0x26, 0x57, 0xA3, 0xD0, 0x15, 0x27, 0x38, 0x10, 0x21, 0xB2, 0xFE, 0xF6, 0x28, 0xE6, 0x1A, 0xC8,
    0x99, 0x50, 0xAE, 0x52, 0x22, 0x19, 0xD7, 0x57, 0x43, 0x35, 0x88, 0xE0, 0xE9, 0x3D, 0xB7, 0xAB,
    0x9A, 0x79, 0x7D, 0x03, 0xD5, 0xCC, 0x9B, 0x1B, 0xA8, 0x66, 0xDE, 0x7E, 0xAC, 0x6A, 0xE6, 0x76,
    0x5F, 0x35, 0xF3, 0xC2, 0xCB, 0xA9, 0xDE, 0xEA, 0xB8, 0x8A, 0x1E, 0x7C, 0xCD, 0x6C, 0x6E, 0x8D,
    0xE9, 0x89, 0x55, 0x53, 0x18, 0x96, 0xF0, 0xED, 0xF5, 0x5A, 0x47, 0xD4, 0xA8, 0x6B, 0x2D, 0x72,
    0xD4, 0xAA, 0xFE, 0xE2, 0xE2, 0xC0, 0x7A, 0xD6, 0x93, 0x7D, 0x67, 0x88, 0x2A, 0x41, 0xBF, 0x1A,
    0x3F, 0x23, 0x74, 0x33, 0xF8, 0xA5, 0x7D, 0x14, 0xE8, 0x17, 0xF6, 0x22, 0xD8, 0x4E, 0x6D, 0x17,
    0x85, 0xD6, 0x3A, 0x22, 0x42, 0x19, 0x16, 0x41, 0x69, 0xED, 0x6A, 0x1D, 0xA1, 0xE4, 0x80, 0x8D,
    0xBE, 0xCA, 0xDD, 0x32, 0xF3, 0x41, 0x59, 0x7E, 0x0F, 0x0F, 0xEB, 0xBD, 0x9B, 0x75, 0x57, 0x75,
    0x11, 0xC7, 0x17, 0x7C, 0x56, 0x1B, 0x1C, 0x7E, 0x26, 0xBC, 0x85, 0xFF, 0x31, 0x2C, 0x1E, 0x8E,
    0xCD, 0xFA, 0x72, 0xB3, 0x8D, 0xC6, 0x27, 0x66, 0x8D, 0x0B, 0x7D, 0xA9, 0x23, 0xF5, 0x5B, 0xB4,
    0xE9, 0x86, 0x41, 0xF9, 0x2A, 0x1F, 0xE8, 0x27, 0xEC, 0x21, 0x41, 0x33, 0x98, 0xF5, 0xDB, 0xC0,
    0x44, 0x6D, 0x28, 0x7B, 0x3D, 0x96, 0x3D, 0xFA, 0x2A, 0xD3, 0x0C, 0xCD, 0xE3, 0xA5, 0x39, 0xCC,
    0x42, 0x7E, 0x93, 0xE2, 0x5D, 0xAE, 0x2B, 0xDA, 0x85, 0xC3, 0x07, 0x2A, 0xDE, 0x9F, 0xB8, 0xB1,
    0x8E, 0xCA, 0x24, 0xCF, 0xBA, 0xA2, 0xC9, 0x16, 0xB6, 0xC5, 0x2B, 0xED, 0x8A, 0x7A, 0xAB, 0x3C,
    0xEA, 0xBE, 0x3D, 0xB4, 0xB1, 0xA6, 0x20, 0xEC, 0xBD, 0x48, 0x4E, 0x87, 0xB3, 0x79, 0x52, 0x3B,
    0x67, 0x08, 0x57, 0x7B, 0x88, 0x74, 0x3F, 0x52, 0xFB, 0x9D, 0xA5, 0x06, 0x65, 0x26, 0xD0, 0x55,
    0xF1, 0xF3, 0xE3, 0x5E, 0x69, 0xBD, 0xE8, 0x1B, 0x78, 0xFE, 0xC7, 0xA3, 0xE4, 0xAC, 0xD2, 0xD8,
    0xA6, 0xB5, 0x5C, 0x86, 0xE1, 0x22, 0x07, 0x24, 0xB5, 0x9E, 0x38, 0xDB, 0xBD, 0xC1, 0xE7, 0x5E,
    0xE2, 0x98, 0x57, 0x4F, 0x16, 0x4B, 0xF3, 0x45, 0x8E, 0xAD, 0xFC, 0xEA, 0x01, 0xCA, 0x95, 0x7A,
    0x42, 0xD1, 0x94, 0xB5, 0x11, 0xEB, 0x93, 0x42, 0x9E, 0x82, 0xC3, 0x07, 0x8D, 0xE7, 0xC0, 0xE2,
    0xD1, 0x58, 0xCC, 0xE0, 0x8E, 0xC7, 0xC3, 0x6B, 0x23, 0xFB, 0x96, 0x4C, 0xCA, 0xDB, 0x55, 0x97,
    0xD9, 0x65, 0x64, 0x37, 0x73, 0x8E, 0x4D, 0x3E, 0xE3, 0x98, 0x55, 0xA8, 0xB9, 0x6E, 0x2F, 0x57,
    0x65, 0xFC, 0x86, 0x88, 0x0D, 0x35, 0x46, 0x2E, 0x69, 0x31, 0x76, 0x69, 0x2B, 0xA3, 0xF7, 0x73,
    0x5A, 0x5F, 0xF0, 0x3B, 0x2E, 0x6B, 0xCD, 0x68, 0xA3, 0x4D, 0xC6, 0x64, 0xBF, 0xA1, 0x6A, 0xF7,
    0xBA, 0x50, 0xB8, 0xC6, 0xBE, 0x2E, 0x6A, 0x4C, 0x8D, 0x5A, 0xCC, 0x78, 0x2E, 0x20, 0xE2, 0x04,
    0xB2, 0x25, 0xD2, 0xED, 0xB6, 0x76, 0x59, 0x8E, 0xC5, 0x45, 0xC5, 0x91, 0x64, 0x28, 0xC1, 0x50,
    0x72, 0xA1, 0xC4, 0x42, 0x49, 0xC5, 0x1A, 0xA1, 0xB8, 0xAB, 0x1F, 0x82, 0xFC, 0xCF, 0x49, 0x78,
    0x3F, 0x27, 0xAF, 0x33, 0x66, 0x29, 0x97, 0xB2, 0xEF, 0xD6, 0x1A, 0x94, 0x77, 0xF6, 0x10, 0x8B,
    0xB1, 0x54, 0x97, 0x5D, 0xFA, 0x06, 0x07, 0x7E, 0x97, 0xC5, 0x55, 0x07, 0x2A, 0xA0, 0x51, 0xC7,
    0x2A, 0x60, 0x71, 0xED, 0xC7, 0x01, 0x5E, 0x9C, 0xC7, 0xD4, 0x7C, 0xF5, 0xC0, 0x4A, 0x26, 0xF1,
    0x7E, 0xE3, 0x6B, 0xA0, 0xD9, 0xC9, 0x93, 0x27, 0x9F, 0x71, 0x37, 0x06, 0xB4, 0xB7, 0x57, 0x8D,
    0x0C, 0xE0, 0x4E, 0x96, 0x3E, 0x04, 0x21, 0x65, 0x11, 0x1C, 0xD6, 0x49, 0x80, 0x52, 0x34, 0xB8,
    0x32, 0x1F, 0x39, 0x43, 0x62, 0x8A, 0xCB, 0x3B, 0x0B, 0x95, 0x79, 0xCA, 0x29, 0x50, 0x84, 0x7B,
    0x90, 0x01, 0x38, 0x0C, 0x09, 0x6D, 0x10, 0x9D, 0x98, 0xE5, 0x55, 0xFF, 0x79, 0xC6, 0x4F, 0x41,
    0x20, 0x8A, 0xF8, 0x82, 0xE1, 0x02, 0x65, 0x59, 0xB2, 0x3A, 0xEE, 0xE4, 0xD5, 0x66, 0xC2, 0xED,
    0xE2, 0xB6, 0x52, 0x97, 0xE3, 0xA9, 0x15, 0xB9, 0x8B, 0x3B, 0x06, 0x93, 0xA7, 0xBD, 0xAA, 0xAD,
    0x03, 0xA3, 0x7F, 0xDC, 0x3B, 0xF7, 0x9D, 0x27, 0x73, 0xF7, 0xE2, 0x70, 0x85, 0x6D, 0x54, 0xC7,
    0x43, 0x2A, 0x2A, 0x4B, 0xB6, 0xC0, 0x2B, 0xEE, 0xD3, 0x2E, 0x98, 0xC8, 0xFD, 0xE1, 0x0E, 0xA5,
    0xB3, 0xB2, 0xF5, 0xD1, 0xE4, 0xC2, 0x5B, 0xFA, 0x27, 0x44, 0x6B, 0xA5, 0xAB, 0x7D, 0x9F, 0xAE,
    0x1D, 0xFB, 0x4F, 0xB6, 0xB7, 0x1B, 0xB3, 0xBD, 0xC5, 0xA5, 0xD6, 0x3C, 0xC9, 0x5A, 0xA7, 0xDA,
    0x74, 0xAE, 0x5A, 0x9F, 0xC3, 0x59, 0xAB, 0xAA, 0xD8, 0x91, 0xFC, 0xE8, 0xFA, 0xA8, 0xDE, 0x6D,
    0x75, 0x5C, 0x35, 0xCA, 0x29, 0xC4, 0x74, 0xC6, 0x88, 0xF3, 0x8E, 0x47, 0x6D, 0x05, 0xCB, 0x79,
    0x7F, 0x57, 0xA4, 0xA3, 0x9C, 0xC3, 0x58, 0xA4, 0xB8, 0xBF, 0xBA, 0xD0, 0x87, 0x4E, 0xA3, 0xFA,
    0x52, 0x3D, 0x0D, 0xEB, 0x21, 0x15, 0xA2, 0x65, 0x71, 0x91, 0xE4, 0xED, 0xBD, 0xBD, 0x33, 0xF0,
    0x26, 0x77, 0x29, 0x26, 0x23, 0x03, 0x4D, 0xD9, 0xC6, 0xF2, 0xB8, 0x00, 0x02, 0xF2, 0xAC, 0xD1,
    0xDA, 0x61, 0x0D, 0xCB, 0x72, 0x9B, 0xE9, 0xA9, 0xEE, 0xE0, 0xE3, 0x90, 0x01, 0xAD, 0xF5, 0x51,
    0x62, 0x5C, 0x85, 0x33, 0x97, 0xAF, 0x87, 0x68, 0xAD, 0x05, 0x8D, 0x8F, 0x08, 0x19, 0xE9, 0x5E,
    0x05, 0xEB, 0x2B, 0x58, 0xCE, 0x02, 0xD6, 0xC4, 0xF4, 0xF2, 0xCE, 0x92, 0x21, 0xCA, 0xFA, 0x2C,
    0xEF, 0xFB, 0x5C, 0x7D, 0x89, 0xA5, 0x03, 0x8D, 0x68, 0x04, 0x29, 0xAE, 0xBB, 0x0D, 0x07, 0xC6,
    0x53, 0xE1, 0x14, 0x5D, 0xA2, 0x17, 0x1F, 0x7D, 0x44, 0x1C, 0x28, 0x00, 0x5D, 0x8A, 0x21, 0x26,
    0x6A, 0xA6, 0x84, 0x2E, 0x9A, 0x42, 0x49, 0x02, 0xAD, 0x66, 0x50, 0xBA, 0x27, 0xF5, 0x06, 0x2E,
    0x07, 0xFC, 0x73, 0xA0, 0x9B, 0x17, 0x61, 0x0B, 0x79, 0x0D, 0x91, 0x66, 0x55, 0x5D, 0xA1, 0xFA,
    0x07, 0x8A, 0x77, 0xBF, 0x56, 0xBA, 0xDD, 0xD7, 0xB9, 0x02, 0x0E, 0x9D, 0xEB, 0xD8, 0xFE, 0x60,
    0xDC, 0x4F, 0xDE, 0xD3, 0xE5, 0x8E, 0xD0, 0x23, 0xAB, 0x0E, 0x59, 0x66, 0xBA, 0x98, 0xA3, 0x7B,
    0xE7, 0x0E, 0x88, 0x40, 0xBE, 0x23, 0x15, 0x82, 0x3D, 0x77, 0xD4, 0x4C, 0x74, 0xC7, 0x10, 0xC1,
    0x1F, 0x17, 0xEB, 0xEF, 0xFD, 0xF7, 0x9F, 0xD0, 0x19, 0x51, 0x62, 0x2B, 0x8A, 0x4F, 0xED, 0x09,
    0xAC, 0x42, 0x25, 0xB2, 0x9B, 0x24, 0xF6, 0xCE, 0xCF, 0x8E, 0x65, 0x25, 0x85, 0xC0, 0xFE, 0x40,
    0xF7, 0xDB, 0xCF, 0xEC, 0xEA, 0x9D, 0xB1, 0xC1, 0xF2, 0xD0, 0xEB, 0x9E, 0x98, 0x3B, 0xFA, 0x00,
    0x32, 0xF3, 0xFC, 0x0C, 0x06, 0xD1, 0x7F, 0x89, 0x18, 0xEB, 0x9F, 0xE3, 0x17, 0x3F, 0xC2, 0x33,
    0x47, 0x20, 0xE8, 0x7C, 0xC7, 0x9C, 0xBD, 0xDD, 0xB5, 0x92, 0x0F, 0x77, 0xC8, 0x46, 0xD1, 0x34,
    0x56, 0xA5, 0x62, 0xDC, 0xBB, 0xDB, 0x31, 0x64, 0x37, 0x3A, 0x1E, 0xBE, 0xC2, 0x29, 0xC6, 0xA3,
    0xBA, 0xB1, 0xF1, 0xF8, 0x93, 0xAE, 0xB9, 0x3B, 0x36, 0x80, 0x87, 0xB8, 0xE6, 0x3E, 0xEE, 0x18,
    0x57, 0x33, 0x76, 0xFE, 0x0D, 0xF6, 0xFD, 0x0D, 0x96, 0x8C, 0x7E, 0xC3, 0xFA, 0xCF, 0xEF, 0xFE,
    0x47, 0x82, 0x44, 0x4D, 0x92, 0xA7, 0xB0, 0x9F, 0xF4, 0xB8, 0x69, 0x14, 0x28, 0xCA, 0x9A, 0xAD,
    0xF2, 0xC8, 0x21, 0x97, 0x7D, 0x75, 0x51, 0x4B, 0xD9, 0x84, 0xCA, 0xFD, 0xC2, 0xC1, 0x3D, 0xFC,
    0xC8, 0xB7, 0xA3, 0xC8, 0xF6, 0x61, 0x01, 0x61, 0x3C, 0x39, 0x4C, 0x6E, 0xE6, 0xC5, 0xB5, 0x5B,
    0xBB, 0x7B, 0x0A, 0x87, 0xFB, 0x1A, 0x35, 0xAC, 0xE8, 0x55, 0x74, 0x2E, 0x62, 0x84, 0xF7, 0xE5,
    0xDE, 0xB9, 0xEF, 0x3E, 0x01, 0x53, 0x92, 0x9A, 0xE7, 0x69, 0x86, 0x12, 0x61, 0xFE, 0x4D, 0x58,
    0xE1, 0x7F, 0x05, 0x43, 0x0A, 0xDE, 0x1E, 0x35, 0x9F, 0xBF, 0x2B, 0x27, 0x27, 0xF9, 0xB2, 0x26,
    0x91, 0xBE, 0xC9, 0xDB, 0xB0, 0x7F, 0xCF, 0x60, 0xA3, 0x25, 0xFD, 0xF2, 0x51, 0xCB, 0x31, 0x48,
    0x54, 0x05, 0x7E, 0x08, 0xCA, 0xE1, 0x3D, 0xFE, 0x88, 0x44, 0x15, 0xBF, 0xDE, 0x80, 0x59, 0xE4,
    0xE7, 0x88, 0xB4, 0x40, 0x30, 0xC4, 0x52, 0x88, 0x62, 0x00, 0xED, 0x2E, 0x6C, 0x2F, 0x22, 0xAB,
    0x05, 0xDE, 0x2B, 0x53, 0xDF, 0x9D, 0x7B, 0x48, 0x59, 0x27, 0x6B, 0x72, 0x1B, 0x65, 0x3B, 0xD3,
    0xBB, 0x0D, 0xB6, 0x7A, 0x6F, 0x3E, 0x4C, 0xCF, 0x1C, 0xA3, 0xD7, 0xD5, 0xFE, 0x94, 0x29, 0xF2,
    0xBF, 0xA2, 0x15, 0x9E, 0x50, 0x36, 0x10, 0xA8, 0x1D, 0x8A, 0xC5, 0xAE, 0xFF, 0xDD, 0x99, 0x12,
    0xF7, 0xB7, 0x52, 0x3C, 0xE7, 0xE3, 0x94, 0x04, 0x62, 0x8A, 0xA9, 0x56, 0xB1, 0xAA, 0xBD, 0xC7,
    0x9C, 0xD1, 0x3A, 0x8C, 0x22, 0x21, 0xE0, 0x8A, 0x51, 0x40, 0x85, 0xF0, 0x56, 0xAA, 0x4B, 0xEB,
    0xB3, 0x98, 0xF8, 0x28, 0x26, 0xCA, 0x6C, 0x2E, 0x8B, 0x6B, 0x7A, 0x3D, 0xB5, 0x31, 0xE4, 0x63,
    0xE0, 0x43, 0xB6, 0xBE, 0xEA, 0x0A, 0xC7, 0xD9, 0x1F, 0xD9, 0xCD, 0x4F, 0xCC, 0x18, 0x0E, 0x57,
    0xEB, 0xDF, 0xFF, 0x7F, 0x3C, 0x1E, 0x4E, 0xE4, 0x42, 0x6E, 0x72, 0x4A, 0x86, 0x6B, 0x62, 0xEF,
    0xCF, 0x74, 0x7F, 0xF2, 0x43, 0xE1, 0x02, 0x67, 0xF7, 0xE5, 0x0B, 0xFF, 0x69, 0x4A, 0xF6, 0x43,
    0x7C, 0x80, 0x00, 0x91, 0x68, 0x79, 0x5B, 0x38, 0xB4, 0xE1, 0xD1, 0x75, 0x79, 0x4E, 0x82, 0x22,
    0x45, 0xE1, 0x06, 0x5A, 0xE5, 0x37, 0x1E, 0x88, 0xB4, 0x02, 0x1B, 0x51, 0x6E, 0x6E, 0xE4, 0x07,
    0xD7, 0x40, 0x8B, 0xF5, 0x08, 0x1F, 0x8F, 0xDA, 0xF5, 0x18, 0x92, 0x4A, 0xD7, 0xBF, 0x06, 0x77,
    0xD7, 0x9A, 0x47, 0xF9, 0x66, 0xB7, 0x56, 0xE8, 0x70, 0xB6, 0x12, 0x96, 0x65, 0x9A, 0x46, 0xAA,
    0x18, 0xB6, 0x79, 0x9E, 0x56, 0x41, 0xDB, 0x7C, 0x5A, 0x5E, 0x9F, 0xD2, 0xA7, 0x4A, 0x37, 0x18,
    0x82, 0x8E, 0xEE, 0x78, 0xF7, 0x7E, 0xFF, 0xAB, 0xBE, 0xEA, 0x95, 0x33, 0xB3, 0x18, 0xE1, 0x56,
    0x58, 0xED, 0xE0, 0x23, 0xF0, 0xE1, 0x3F, 0x6F, 0x6E, 0xF1, 0x01, 0xB5, 0x6A, 0xA3, 0xFD, 0x88,
    0x74, 0x28, 0xEF, 0x29, 0x0D, 0x5C, 0xA5, 0xC3, 0x7D, 0xE9, 0x50, 0x73, 0x97, 0x0E, 0xA5, 0x5E,
    0xB2, 0xB5, 0x74, 0xA8, 0xCC, 0xA5, 0x43, 0x69, 0x1C, 0x5D, 0xAE, 0xB6, 0xBA, 0x4A, 0x99, 0xEC,
    0xDC, 0x15, 0x59, 0x67, 0xD1, 0x30, 0x39, 0xC1, 0xC3, 0xEB, 0x21, 0x56, 0xBE, 0x26, 0x41, 0xE6,
    0xB1, 0x33, 0xE7, 0xF8, 0xC0, 0x05, 0xC7, 0x9D, 0x03, 0x1F, 0xFE, 0xEC, 0xDD, 0xED, 0x0B, 0xD7,
    0x71, 0x97, 0xD4, 0x72, 0xF9, 0xE3, 0xA6, 0x49, 0x75, 0x53, 0x9A, 0x94, 0xEC, 0x40, 0xD4, 0xF3,
    0x47, 0x9A, 0x6F, 0x89, 0xC8, 0x8B, 0xDA, 0xF7, 0x82, 0x5D, 0x62, 0x66, 0x4D, 0xD2, 0xFA, 0xC0,
    0xE3, 0xB4, 0xF6, 0x31, 0x15, 0x95, 0x46, 0xFE, 0xBA, 0x3B, 0x79, 0x41, 0xC8, 0xD2, 0x7F, 0xFC,
    0xC6, 0xD9, 0xAD, 0xBD, 0xFF, 0x04, 0x76, 0xB6, 0x88, 0x28, 0xC7, 0x58, 0xD4, 0xC4, 0xD5, 0xBA,
    0x27, 0x99, 0x4B, 0x18, 0xB8, 0xA8, 0x26, 0x53, 0x4E, 0x8F, 0xC8, 0x23, 0xA1, 0x96, 0x9B, 0xEA,
    0xD4, 0x83, 0x68, 0x87, 0xC4, 0xB1, 0xA1, 0x6D, 0xC7, 0xD6, 0xBC, 0xDF, 0xD9, 0x32, 0x08, 0xD9,
    0xB9, 0x38, 0x1F, 0xFE, 0xA6, 0x5D, 0x9E, 0xD4, 0x69, 0x74, 0xEC, 0x4F, 0x53, 0x11, 0xCC, 0x69,
    0x4D, 0xD9, 0x35, 0x0B, 0x9D, 0xAE, 0xB0, 0xD5, 0xE9, 0x8A, 0x6A, 0x9D, 0xAE, 0x24, 0xD7, 0xEC,
    0xB5, 0xC2, 0x3D, 0x11, 0x68, 0x34, 0xCC, 0xB9, 0x96, 0xD5, 0x33, 0x83, 0x43, 0xDA, 0xA2, 0x84,
    0xB3, 0x6C, 0xB2, 0x87, 0x26, 0x3D, 0xFA, 0x32, 0x48, 0x48, 0x5B, 0x35, 0x78, 0x42, 0x04, 0x66,
    0xF0, 0x79, 0xF8, 0x80, 0x90, 0x7F, 0x34, 0x6A, 0x96, 0x33, 0xB3, 0x6E, 0xBB, 0xAD, 0xF3, 0xF6,
    0x4A, 0x69, 0x62, 0x4C, 0xEC, 0x09, 0x68, 0xD1, 0x17, 0x65, 0x44, 0x67, 0x0B, 0x84, 0x64, 0xE0,
    0x29, 0x87, 0x30, 0xFC, 0x77, 0xC5, 0xD2, 0x17, 0x8E, 0xFB, 0x7F, 0xED, 0x5B, 0xBF, 0x8F, 0xDC,
    0xD6, 0x11, 0x7E, 0x24, 0x4F, 0xC7, 0xF8, 0x68, 0x9B, 0x57, 0x08, 0x81, 0x1C, 0x59, 0xA1, 0x8B,
    0x14, 0x87, 0xC0, 0x3E, 0xA6, 0x48, 0x61, 0x04, 0xA7, 0x23, 0x03, 0x01, 0x71, 0x91, 0xC2, 0x2A,
    0xA4, 0xA4, 0x48, 0x93, 0x42, 0x95, 0x1A, 0xA9, 0x70, 0xE1, 0x42, 0x16, 0x19, 0xA8, 0x50, 0xE1,
    0x22, 0xAA, 0xD2, 0xFA, 0x8A, 0x34, 0x5A, 0x15, 0x4A, 0xA1, 0x42, 0x0E, 0x4E, 0x22, 0x1D, 0xFD,
    0x01, 0xA6, 0x13, 0xA4, 0x72, 0xE1, 0xB5, 0xAC, 0xC0, 0x40, 0x1A, 0x11, 0xF6, 0xC6, 0x21, 0x24,
    0xEE, 0xBE, 0xCC, 0x37, 0x33, 0xDC, 0x1F, 0x27, 0xD9, 0xB0, 0x95, 0xBD, 0xD3, 0xDD, 0xCA, 0x2B,
    0xED, 0x9B, 0xDD, 0xE3, 0xF2, 0xFD, 0xF8, 0xBE, 0x37, 0xF3, 0x66, 0xE6, 0x3D, 0x1A, 0x33, 0x7E,
    0x39, 0x7D, 0x91, 0xE7, 0x6A, 0x91, 0x76, 0xA0, 0xB2, 0x61, 0xE1, 0xDA, 0x96, 0xA5, 0xF7, 0x89,
    0x48, 0xFF, 0xC3, 0x11, 0xCB, 0xF0, 0x5D, 0x2B, 0xD2, 0x17, 0x19, 0x7B, 0x36, 0x87, 0x3C, 0xEE,
    0xD9, 0x12, 0x72, 0xC3, 0x15, 0xB9, 0x6D, 0x2C, 0x37, 0x30, 0x30, 0x16, 0x0D, 0x38, 0xD6, 0xB2,
    0xF4, 0x48, 0xA2, 0x01, 0xEF, 0x5F, 0xA7, 0x33, 0x54, 0x1C, 0x94, 0x26, 0x81, 0x0C, 0x4B, 0x13,
    0xA3, 0x81, 0x38, 0x35, 0x11, 0x2A, 0x4E, 0xE8, 0x4F, 0x90, 0x19, 0x24, 0x35, 0x60, 0x21, 0x4B,
    0x13, 0x50, 0xA5, 0x05, 0x55, 0x90, 0xD8, 0x16, 0x35, 0x99, 0x47, 0x5F, 0xCE, 0x4D, 0x91, 0x81,
    0x5E, 0x0C, 0x6D, 0xBA, 0x43, 0xCA, 0xDF, 0xDD, 0x76, 0xF6, 0x3E, 0xBA, 0x1A, 0xB7, 0x34, 0x6A,
    0x6B, 0xC2, 0x4B, 0x36, 0x4F, 0x7E, 0x69, 0xCB, 0xC2, 0xB1, 0xE5, 0x4D, 0x7A, 0x1B, 0xBC, 0x31,
    0xBA, 0xD8, 0xE6, 0xFE, 0x03, 0x9B, 0xC7, 0x1F, 0xD9, 0xBC, 0xF8, 0x9B, 0xCD, 0x2D, 0xDE, 0x77,
    0xEC, 0x07, 0x85, 0xB5, 0xC3, 0xA4, 0x4D, 0x9A, 0xE5, 0x2B, 0xCB, 0x8C, 0x84, 0x79, 0x8E, 0xDE,
    0x05, 0x81, 0x40, 0x7D, 0x75, 0x00, 0x02, 0xDE, 0xF8, 0xFE, 0x12, 0x5F, 0xCD, 0x04, 0x77, 0xAF,
    0xC3, 0xF7, 0x0B, 0x91, 0xCE, 0xE5, 0x46, 0x3B, 0x9C, 0xAB, 0x4C, 0x75, 0x40, 0xE9, 0x22, 0xF2,
    0x15, 0x57, 0xD4, 0x44, 0x6B, 0xBC, 0xAF, 0x08, 0xF3, 0xBF, 0x53, 0x85, 0xFE, 0x80, 0xEB, 0x34,
    0x01, 0xDD, 0xEB, 0xEC, 0x02, 0x27, 0x46, 0x51, 0xF4, 0x14, 0xBD, 0x48, 0xE9, 0x2F, 0x18, 0xC5,
    0x15, 0x57, 0xC0, 0x4A, 0x3E, 0x4A, 0xA7, 0xB1, 0xF5, 0xAC, 0x62, 0x38, 0x28, 0xB8, 0x96, 0x4D,
    0x73, 0xB4, 0x5A, 0x48, 0xDD, 0x59, 0xA5, 0xF7, 0x6D, 0xC3, 0xBF, 0x74, 0xA8, 0x46, 0xB7, 0x61,
    0xA0, 0xBC, 0x3B, 0xA5, 0x09, 0xBF, 0xA4, 0xFA, 0xE8, 0x6B, 0x31, 0x34, 0x4E, 0x93, 0x18, 0xAF,
    0x1F, 0xE6, 0x5E, 0xEA, 0xE6, 0x73, 0xE3, 0xE6, 0xB0, 0xF6, 0xE0, 0xB6, 0x4E, 0x72, 0x01, 0x80,
    0xDA, 0xAB, 0x57, 0x58, 0x2E, 0xB7, 0x89, 0x40, 0xBE, 0xF4, 0x4C, 0x71, 0xB2, 0x64, 0xE4, 0xB7,
    0x54, 0x60, 0x46, 0x26, 0xB9, 0x54, 0x49, 0xDD, 0x46, 0xE1, 0x7E, 0x8A, 0xA6, 0x3F, 0x43, 0xBB,
    0xE1, 0x10, 0x97, 0x0B, 0x2A, 0x6E, 0xE1, 0xFA, 0xC0, 0x23, 0x30, 0x2A, 0xB3, 0xA5, 0x9C, 0xB2,
    0x11, 0x2C, 0x40, 0x47, 0x9F, 0x1A, 0x0A, 0xAB, 0xAC, 0x36, 0x71, 0x49, 0xC5, 0xBA, 0xC9, 0x50,
    0x03, 0x17, 0x18, 0x06, 0xBA, 0xE1, 0x8C, 0x8A, 0xBE, 0x09, 0x06, 0x64, 0x9E, 0xE2, 0x9A, 0x3E,
    0x25, 0x52, 0xD8, 0x3A, 0x8D, 0xA9, 0x63, 0x69, 0x68, 0xC3, 0x91, 0x71, 0xFE, 0xEC, 0x6C, 0x29,
    0x98, 0x9D, 0x31, 0x15, 0xD0, 0xA3, 0x3F, 0x32, 0xE8, 0x2B, 0x2B, 0x11, 0x73, 0x91, 0x54, 0x17,
    0x95, 0x82, 0x0D, 0xA1, 0x6C, 0xB8, 0x93, 0xB2, 0x72, 0x11, 0xD5, 0x28, 0xA2, 0xEE, 0x63, 0x76,
    0x36, 0xF4, 0xC7, 0xBF, 0x90, 0xF4, 0x06, 0x26, 0x3C, 0x41, 0x95, 0x7E, 0x50, 0xD2, 0x74, 0x26,
    0x7C, 0x1B, 0x52, 0xAA, 0x5B, 0xD4, 0x5C, 0x64, 0x56, 0x8C, 0x3F, 0x5F, 0xF3, 0x76, 0x92, 0xCB,
    0x53, 0x02, 0x28, 0xD5, 0xC8, 0xE3, 0xF7, 0xB5, 0x77, 0x61, 0x21, 0xB8, 0xBD, 0xBC, 0xA2, 0x1D,
    0x4D, 0x4A, 0x33, 0x6B, 0xE6, 0x86, 0xDA, 0x7F, 0xAB, 0xFC, 0x04, 0xE5, 0xEC, 0x9A, 0xBA, 0x60,
    0xE6, 0xAE, 0x34, 0xB7, 0xAF, 0x95, 0xC0, 0xDD, 0xA7, 0x91, 0x87, 0xAC, 0x29, 0xA8, 0x1F, 0x7C,
    0x94, 0xA2, 0x15, 0x23, 0x5A, 0x9A, 0xEA, 0x8B, 0xA4, 0x6D, 0xE0, 0xEA, 0xC4, 0xBC, 0x78, 0xFA,
    0x1E, 0xFF, 0xB9, 0xB8, 0x6A, 0xCA, 0x15, 0xEC, 0x5D, 0xD2, 0x17, 0xBE, 0x86, 0x8D, 0x71, 0xEB,
    0x0B, 0xC6, 0x2B, 0x63, 0xE3, 0xA5, 0xC1, 0x5E, 0xBA, 0x73, 0xE6, 0x50, 0xE7, 0xD1, 0xA8, 0xA3,
    0x61, 0x65, 0x39, 0xF2, 0x05, 0xEB, 0xA5, 0xF0, 0x1E, 0x7F, 0x3D, 0xB6, 0xE4, 0xE5, 0xE2, 0xDD,
    0x45, 0x22, 0x15, 0x91, 0x8E, 0xFB, 0x31, 0xA7, 0x87, 0x16, 0xD2, 0xDD, 0x03, 0x1F, 0xA0, 0xD1,
    0x6B, 0xD9, 0x2C, 0x9A, 0xA0, 0x2F, 0xFC, 0x85, 0xF4, 0xFF, 0x85, 0x17, 0xA9, 0x19, 0xD2, 0x35,
    0x0B, 0xBE, 0xE0, 0x6A, 0x54, 0x73, 0xE4, 0xAF, 0xF3, 0x25, 0x63, 0xD5, 0xA8, 0x4C, 0xE1, 0x8C,
    0x15, 0xF6, 0x43, 0x85, 0xC8, 0x63, 0xCE, 0x33, 0xCD, 0xCF, 0xEA, 0x84, 0x1E, 0x83, 0x01, 0x63,
    0xFD, 0x8E, 0xA9, 0x59, 0xE2, 0x27, 0x38, 0xF1, 0xA6, 0xF1, 0xAB, 0x98, 0x1D, 0x2F, 0xB8, 0xEC,
    0x1C, 0xC0, 0x38, 0x73, 0xD3, 0xAF, 0xA2, 0x52, 0x9C, 0x05, 0x37, 0xFF, 0x33, 0xC1, 0xCB, 0xBD,
    0x2C, 0x78, 0x2E, 0x09, 0x1D, 0xE6, 0x58, 0xF8, 0x4C, 0xF3, 0x73, 0xAE, 0x62, 0x84, 0xBC, 0x2F,
    0x09, 0xF3, 0x3B, 0xD4, 0x40, 0x48, 0xB6, 0x88, 0x02, 0x44, 0xFF, 0x8D, 0x70, 0x37, 0xB9, 0xE9,
    0xA2, 0xA6, 0x53, 0x6E, 0x25, 0x58, 0xCB, 0xD8, 0x83, 0xB1, 0x5F, 0x21, 0xD8, 0xBF, 0x3A, 0xED,
    0xB4, 0x82, 0x2B, 0xF3, 0x6C, 0xDB, 0xBA, 0xAF, 0xF1, 0x2F, 0xD0, 0x84, 0xE9, 0x6C, 0xDD, 0x50,
    0x6D, 0x5D, 0x7F, 0x8E, 0xB6, 0xEE, 0x7B, 0xFC, 0xE7, 0xE1, 0x5F, 0x38, 0xF4, 0xCF, 0x27, 0x1F,
    0x02, 0xBE, 0x1F, 0x55, 0x4C, 0xA3, 0x1F, 0x4A, 0x9A, 0x60, 0x25, 0xDD, 0x33, 0xBF, 0xE2, 0xA7,
    0xBD, 0x5E, 0x6F, 0x9B, 0x46, 0x46, 0xB7, 0x40, 0xEF, 0x9D, 0x21, 0x87, 0x69, 0xEB, 0x5C, 0x86,
    0x53, 0xA5, 0x23, 0xE1, 0xDB, 0x54, 0x59, 0xA1, 0x74, 0x50, 0xFE, 0xE7, 0x77, 0xA8, 0x9B, 0x55,
    0xD6, 0x3E, 0xB8, 0x86, 0xB2, 0x76, 0xAB, 0xC9, 0x6F, 0x4C, 0xFE, 0xC8, 0xBD, 0x34, 0x6F, 0xA9,
    0xF4, 0xB8, 0xF4, 0x4B, 0x87, 0xCA, 0x28, 0x27, 0x5D, 0xBF, 0x66, 0xB9, 0x27, 0x3B, 0x11, 0x8E,
    0x18, 0x44, 0x9E, 0xC0, 0x5D, 0x15, 0x83, 0xC9, 0xE7, 0x64, 0xD6, 0x83, 0x05, 0x91, 0xA3, 0x73,
    0x95, 0x37, 0xF0, 0xEB, 0xB0, 0xF6, 0x9A, 0xA8, 0x3E, 0xDA, 0x52, 0x9D, 0x6D, 0xF2, 0xA0, 0xB7,
    0x85, 0x5F, 0xF2, 0x9B, 0xBA, 0x95, 0xD4, 0x9C, 0x6D, 0x58, 0x8B, 0xEC, 0xAF, 0x1A, 0x9A, 0xB5,
    0x35, 0x5B, 0x9C, 0x82, 0xEE, 0x5D, 0xD9, 0xD2, 0x8A, 0xAE, 0x10, 0x9D, 0xAD, 0x84, 0xBD, 0xD1,
    0x48, 0xDE, 0xF8, 0xEE, 0x5C, 0xE9, 0x32, 0x6B, 0x92, 0x57, 0x93, 0xAC, 0x9A, 0x73, 0x89, 0x27,
    0x30, 0x07, 0xCE, 0x9A, 0x4F, 0x83, 0x3F, 0xB0, 0xAF, 0xD1, 0xF5, 0xA9, 0xCB, 0x09, 0x4D, 0xD0,
    0x2C, 0xCB, 0xCD, 0x46, 0x22, 0xD3, 0xDD, 0x01, 0xB0, 0xB5, 0xC6, 0xF4, 0xF3, 0x45, 0x34, 0xEF,
    0xCC, 0x3B, 0x5D, 0xC8, 0x3B, 0xD3, 0x1E, 0xB1, 0x61, 0x5F, 0x9B, 0x34, 0xB6, 0xCF, 0xE7, 0xE3,
    0x61, 0x72, 0xC2, 0xDF, 0x26, 0xBD, 0xAB, 0x91, 0xEB, 0x20, 0xF3, 0x92, 0x7B, 0xE5, 0xD2, 0x24,
    0x8B, 0x38, 0x27, 0xA4, 0xA4, 0xBE, 0xA8, 0xEC, 0x66, 0xFD, 0x9A, 0x07, 0x4F, 0xDF, 0x86, 0xC8,
    0x95, 0xD9, 0x7F, 0xB2, 0x39, 0x01, 0x4D, 0xD9, 0x3F, 0x60, 0xBB, 0x1A, 0x78, 0x4F, 0xFB, 0x1C,
    0x35, 0x5E, 0x2E, 0x92, 0xB4, 0xCB, 0x31, 0xF1, 0x95, 0x56, 0xEC, 0xB4, 0x71, 0xEF, 0xD2, 0x08,
    0xFD, 0xAF, 0xE0, 0xA1, 0xB7, 0xE3, 0x04, 0x13, 0x56, 0x93, 0x9A, 0x2A, 0x76, 0x4A, 0x53, 0x4D,
    0x61, 0x0B, 0x70, 0x0D, 0xD0, 0x35, 0x80, 0xD7, 0x00, 0x5F, 0x34, 0x45, 0x05, 0x21, 0x2C, 0x86,
    0x40, 0x0A, 0xDC, 0x04, 0x94, 0x19, 0x66, 0x03, 0x9C, 0xB1, 0x34, 0xD5, 0xEA, 0x57, 0x00, 0x6A,
    0xC6, 0x7A, 0x1A, 0xE8, 0x84, 0x4D, 0x4A, 0x3C, 0x82, 0x7E, 0x3B, 0xC5, 0xAF, 0xA1, 0xCE, 0x0E,
    0x2F, 0x0E, 0x9C, 0xD5, 0x32, 0xDE, 0x28, 0x46, 0xF6, 0xAA, 0x72, 0x28, 0xFC, 0x23, 0xB0, 0xAF,
    0x95, 0x58, 0x09, 0x88, 0x96, 0xC4, 0xE6, 0x51, 0x05, 0xFB, 0xEE, 0xF6, 0xD9, 0xCA, 0xD7, 0x53,
    0xE5, 0xAA, 0xDA, 0xFD, 0x71, 0xF9, 0x02, 0x97, 0xC7, 0x50, 0x9E, 0xDE, 0xE6, 0xD5, 0x12, 0x06,
    0xC6, 0xF6, 0xF8, 0xB3, 0x79, 0x6D, 0xEA, 0x37, 0x3F, 0x30, 0x3B, 0xEF, 0x35, 0xCF, 0x73, 0xB9,
    0xC1, 0xE5, 0x05, 0xC0, 0x41, 0x5D, 0x29, 0xEC, 0x83, 0xA2, 0xE6, 0x9E, 0xD4, 0x13, 0xA4, 0x33,
    0xC5, 0x19, 0x2A, 0x0D, 0x83, 0x84, 0x44, 0x9E, 0xFB, 0x29, 0xA1, 0xFC, 0xF9, 0x40, 0x40, 0x06,
    0xC6, 0xB7, 0x68, 0xD4, 0xB5, 0x57, 0x8D, 0x01, 0x9E, 0xCF, 0xD4, 0x0D, 0x78, 0xD9, 0x4F, 0x78,
    0x71, 0xBE, 0x88, 0x7B, 0x5E, 0x5A, 0x43, 0x4F, 0x8A, 0x3F, 0x34, 0x58, 0xDB, 0xFB, 0x35, 0x46,
    0x02, 0x64, 0x93, 0xBB, 0x18, 0xD6, 0xFB, 0x34, 0x5F, 0xF6, 0xF9, 0xD4, 0x5D, 0x1E, 0x76, 0xE3,
    0x49, 0x30, 0x9C, 0x57, 0x39, 0x3D, 0x4A, 0xB3, 0xC2, 0xAD, 0x10, 0x5A, 0xD6, 0xE7, 0x35, 0xBD,
    0xCF, 0xB3, 0xB6, 0xA5, 0xD1, 0x38, 0x35, 0xA1, 0xED, 0xE6, 0xA6, 0xDC, 0xC5, 0x59, 0x3B, 0x36,
    0xA6, 0x5E, 0xC9, 0xC6, 0x34, 0xED, 0xFC, 0xAE, 0xF5, 0x02, 0x7D, 0xF9, 0xB9, 0xFC, 0x42, 0xB7,
    0x80, 0x72, 0xF6, 0xAA, 0xFA, 0xEC, 0x9B, 0xB4, 0x63, 0xE4, 0x6F, 0xED, 0x7F, 0xE4, 0x69, 0x1C,
    0x51, 0xAF, 0x36, 0x19, 0xE9, 0x18, 0x99, 0x59, 0xB7, 0x03, 0x14, 0x59, 0xE7, 0xA0, 0x16, 0xD8,
    0x93, 0xDB, 0x04, 0x7A, 0x9C, 0xBA, 0x84, 0xB9, 0x9B, 0xD3, 0x4C, 0x9E, 0xCB, 0x1C, 0x96, 0xCC,
    0x99, 0x6C, 0x05, 0xB0, 0x99, 0x95, 0x6D, 0x00, 0xC9, 0x28, 0x6F, 0x92, 0x05, 0x38, 0x18, 0x0B,
    0xD5, 0x77, 0x77, 0x9C, 0xB0, 0xEC, 0xBB, 0x74, 0xD9, 0x87, 0x4D, 0xA2, 0x21, 0xC7, 0x34, 0xA7,
    0x37, 0xC9, 0x7E, 0xDC, 0xA4, 0xD6, 0xB6, 0xE6, 0x6A, 0x25, 0xBE, 0xD9, 0xB9, 0x2A, 0x34, 0x00,
    0xA5, 0xF0, 0x9C, 0x43, 0x73, 0xAC, 0x05, 0xE1, 0x18, 0xF3, 0x9C, 0xDA, 0x2B, 0x39, 0x84, 0xC7,
    0x20, 0xE6, 0xF4, 0x06, 0x8E, 0x47, 0x89, 0xE6, 0x4C, 0xC3, 0x4E, 0x77, 0x44, 0x23, 0x2D, 0x93,
    0xF7, 0xAA, 0x1F, 0x93, 0x95, 0x24, 0x95, 0x6F, 0x61, 0x71, 0xD5, 0x25, 0x22, 0xE5, 0xCE, 0xF2,
    0xA3, 0xE4, 0x90, 0xDB, 0xD4, 0xB7, 0xA9, 0x67, 0xCD, 0x37, 0xFC, 0x0F, 0x6C, 0x95, 0xB0, 0xBD,
    0xDB, 0xAB, 0x8E, 0xF3, 0x6B, 0x3D, 0xE5, 0xD4, 0x20, 0xAE, 0xB9, 0xFC, 0xBB, 0xBE, 0xDA, 0x01,
    0x7A, 0x9D, 0xA1, 0x3F, 0x51, 0x4C, 0x98, 0x06, 0x14, 0x39, 0x90, 0xF3, 0x62, 0xF1, 0x97, 0x27,
    0x1E, 0x15, 0x5E, 0x3F, 0x41, 0x85, 0x1E, 0xEE, 0x42, 0x85, 0xAE, 0x56, 0x18, 0xDB, 0x2B, 0xB2,
    0x2B, 0xC0, 0xD1, 0xD5, 0xC0, 0x65, 0xFF, 0xA5, 0x34, 0x59, 0x83, 0xFB, 0x11, 0x73, 0x61, 0xA1,
    0xA0, 0xE0, 0x08, 0x5A, 0xEC, 0x13, 0xD2, 0x48, 0x08, 0xD9, 0x7E, 0xC2, 0xAB, 0x44, 0x8D, 0x08,
    0x88, 0x3A, 0xCF, 0x53, 0xD5, 0x0E, 0x66, 0x44, 0xC3, 0xED, 0xD2, 0x37, 0x15, 0x2D, 0x4F, 0xE6,
    0x42, 0x04, 0x87, 0x74, 0x54, 0xCB, 0x88, 0x37, 0xF7, 0x30, 0x55, 0x5D, 0x4B, 0xCA, 0x91, 0x4B,
    0xB7, 0x2B, 0x5E, 0xFA, 0xA8, 0x6E, 0xAC, 0xE3, 0x91, 0xFD, 0x0D, 0x6C, 0xBA, 0x2B, 0x61, 0xA1,
    0x59, 0xBE, 0xFA, 0x98, 0x60, 0x4E, 0x43, 0x4D, 0x0D, 0xE1, 0x42, 0x09, 0x38, 0x35, 0xC0, 0x73,
    0x87, 0xD3, 0x37, 0x1C, 0xE6, 0x0B, 0x34, 0xC4, 0xE2, 0x3A, 0xCD, 0xD9, 0x16, 0x10, 0x35, 0xD4,
    0x83, 0x90, 0xA2, 0xD0, 0x8A, 0x5A, 0x2B, 0xEA, 0x44, 0x8B, 0x4C, 0x8B, 0x01, 0x8A, 0x86, 0xA2,
    0x08, 0x0A, 0xF0, 0x8A, 0x8A, 0xFA, 0x55, 0x94, 0xC1, 0xC8, 0x20, 0x00, 0xBC, 0x8C, 0xCC, 0x0A,
    0x08, 0x9B, 0xEA, 0xD2, 0x19, 0x36, 0xE1, 0xDC, 0xA3, 0x14, 0x0D, 0xE5, 0xFA, 0xC9, 0xB3, 0xDD,
    0x55, 0xA3, 0x9B, 0xCA, 0x91, 0x64, 0x84, 0xE3, 0x37, 0x59, 0xE3, 0x9F, 0xD3, 0x4C, 0xE4, 0x2D,
    0xA9, 0xE6, 0xC2, 0x74, 0x97, 0x0F, 0x24, 0x41, 0x0E, 0x1B, 0x62, 0xCC, 0xF4, 0xF8, 0x3D, 0x1A,
    0xE1, 0x8B, 0x61, 0xD5, 0x6D, 0x58, 0x6E, 0x73, 0x12, 0x60, 0xD6, 0x9C, 0xED, 0x2A, 0x2B, 0x9A,
    0x00, 0xC9, 0x34, 0x6B, 0x01, 0xA0, 0xB7, 0x78, 0xA6, 0x78, 0xC3, 0xB8, 0xCF, 0xBD, 0x3C, 0x25,
    0x9E, 0x90, 0xD8, 0x5E, 0x76, 0x27, 0xBD, 0xBE, 0x50, 0x71, 0x40, 0x95, 0xE3, 0xD0, 0xD8, 0x57,
    0x16, 0x6F, 0x25, 0xEF, 0xC6, 0x0F, 0xF0, 0x07, 0xF0, 0xE4, 0xDB, 0x4A, 0xB5, 0x26, 0xBC, 0x8F,
    0x85, 0x00, 0x4B, 0xE5, 0xB6, 0x43, 0x15, 0x6E, 0x99, 0xF3, 0xBB, 0xC9, 0x87, 0xA4, 0x58, 0x3C,
    0xC9, 0x24, 0x85, 0x23, 0x55, 0xDE, 0x92, 0x83, 0xCA, 0xB8, 0x2F, 0x0A, 0xFB, 0x5B, 0xB1, 0x8F,
    0x91, 0xAC, 0x7C, 0xC5, 0x65, 0xD6, 0x5F, 0x0E, 0x9D, 0x0E, 0x26, 0x1F, 0xCE, 0x98, 0x8C, 0x18,
    0x4A, 0x10, 0xF6, 0xBB, 0x03, 0x27, 0x0E, 0x0F, 0xF0, 0xC6, 0x0D, 0x2A, 0x7E, 0x31, 0x34, 0x33,
    0x7C, 0xF8, 0xF4, 0xA3, 0x0B, 0xB8, 0xFE, 0x7B, 0xF3, 0xB3, 0x5D, 0xD6, 0x8F, 0x48, 0x96, 0x07,
    0x75, 0x48, 0x5A, 0xDE, 0xF9, 0x38, 0xF3, 0xCA, 0x88, 0x2D, 0x27, 0x77, 0x33, 0xB4, 0x97, 0x2A,
    0xD1, 0x0F, 0x0E, 0x08, 0xDF, 0xE5, 0x4C, 0xCA, 0x3D, 0xF3, 0xCE, 0xC1, 0xD5, 0x0F, 0xA7, 0x48,
    0xF5, 0x94, 0x42, 0xF8, 0x21, 0x22, 0x45, 0xA6, 0x04, 0x4A, 0x72, 0xE3, 0x38, 0x54, 0xE3, 0xE5,
    0xC7, 0x53, 0xB1, 0xCB, 0xAA, 0xD1, 0xCD, 0x94, 0x43, 0x69, 0x24, 0xD3, 0xBF, 0x15, 0xAB, 0xC4,
    0xBA, 0xF2, 0x50, 0x8C, 0x53, 0x39, 0xB5, 0xCC, 0x8C, 0x57, 0x92, 0x40, 0x96, 0xBB, 0x44, 0xBD,
    0x46, 0xE6, 0x87, 0x9C, 0xC3, 0x8B, 0x07, 0xD8, 0x7E, 0x3D, 0x4F, 0xA3, 0xFA, 0xF7, 0xB6, 0xE1,
    0xE4, 0x0D, 0x87, 0x15, 0xA6, 0x76, 0xA6, 0x7D, 0x5F, 0x49, 0xCE, 0xF2, 0x02, 0x1F, 0xDD, 0xCF,
    0x3B, 0xFB, 0xE5, 0x82, 0xA4, 0xC3, 0xE7, 0x77, 0x8D, 0x9F, 0x35, 0x3D, 0x8C, 0xD4, 0x59, 0x2D,
    0x01, 0x58, 0xAD, 0x14, 0x67, 0x16, 0x07, 0xE6, 0xDC, 0x41, 0x5F, 0xB8, 0x9F, 0xD8, 0xB3, 0xE2,
    0xD7, 0xEB, 0x5D, 0xBA, 0x88, 0x51, 0xF2, 0xD8, 0x09, 0xFA, 0x04, 0xF9, 0xA2, 0x13, 0x7D, 0x44,
    0x64, 0x35, 0x7E, 0x71, 0x7E, 0x5F, 0xB8, 0x61, 0x48, 0x02, 0x89, 0xFA, 0x68, 0x9E, 0x3F, 0x56,
    0x37, 0x39, 0x53, 0x25, 0xA3, 0xC1, 0x1D, 0x11, 0x4F, 0xC0, 0x14, 0xA2, 0x9B, 0x2E, 0xEA, 0x21,
    0x52, 0x21, 0x99, 0x55, 0xF2, 0xD4, 0xE3, 0xC6, 0x27, 0xB0, 0x53, 0xE6, 0x75, 0x74, 0x5B, 0x88,
    0x25, 0x38, 0xA9, 0x6F, 0x0C, 0x96, 0x52, 0x6B, 0x84, 0xDB, 0xCA, 0x28, 0xB9, 0xA6, 0x68, 0x98,
    0x5D, 0xA3, 0xBC, 0xEE, 0x90, 0x8D, 0x51, 0x6A, 0x27, 0x52, 0xC8, 0x35, 0x4A, 0xB2, 0x49, 0x86,
    0xCC, 0xB2, 0x51, 0x9A, 0x39, 0xD1, 0x84, 0x7D, 0x16, 0x25, 0xDA, 0xB8, 0xCA, 0x34, 0xA8, 0xE6,
    0x34, 0x45, 0x64, 0xFF, 0xC4, 0xDC, 0x39, 0x4A, 0x36, 0xA1, 0x95, 0x4E, 0xC1, 0x10, 0x48, 0x4A,
    0xBC, 0x9E, 0x6C, 0x8A, 0x27, 0x3C, 0xDD, 0xDF, 0x41, 0x02, 0xC5, 0x0C, 0x18, 0xCB, 0xCA, 0xC0,
    0x6C, 0xAE, 0x62, 0x21, 0x0E, 0x6C, 0x9F, 0x8C, 0x54, 0x71, 0xDF, 0x6E, 0x63, 0x91, 0xA0, 0x7E,
    0x04, 0x2D, 0x1C, 0xAB, 0xB0, 0x41, 0x30, 0x13, 0xF3, 0x8E, 0x0E, 0x31, 0x56, 0xD4, 0x86, 0xC9,
    0xEB, 0xCA, 0x01, 0x97, 0x0D, 0x82, 0x5C, 0x66, 0x11, 0x3D, 0xE4, 0x2D, 0x1B, 0x87, 0x7B, 0xFC,
    0x31, 0xFA, 0xCB, 0x4C, 0x76, 0x3E, 0xA4, 0x6E, 0x38, 0x05, 0x3A, 0xCF, 0xBC, 0x2E, 0x66, 0xEE,
    0x28, 0x42, 0x72, 0xE1, 0x88, 0x78, 0x07, 0xCC, 0x11, 0x4D, 0xAB, 0x45, 0xE4, 0x68, 0x7D, 0x6A,
    0xD0, 0x92, 0x08, 0xE0, 0x05, 0x0B, 0x4E, 0xC4, 0x1A, 0x0F, 0x7E, 0x24, 0xDB, 0x6A, 0x38, 0xCC,
    0xB5, 0xD7, 0x1C, 0x19, 0x7F, 0xA4, 0xA7, 0x97, 0x34, 0xAA, 0x4D, 0x34, 0x92, 0x39, 0x92, 0x68,
    0x18, 0xDB, 0x2A, 0x47, 0x03, 0xE5, 0x68, 0x75, 0x21, 0x39, 0x92, 0xB5, 0x38, 0x62, 0x10, 0x92,
    0x73, 0xF0, 0x97, 0x8E, 0x09, 0x10, 0x9C, 0x45, 0x27, 0x10, 0xC0, 0xD4, 0x4D, 0x66, 0x6A, 0xD5,
    0x95, 0x79, 0xBC, 0xD7, 0x4C, 0x19, 0x64, 0xAA, 0xD9, 0xC1, 0x78, 0x4D, 0x19, 0x93, 0x11, 0x14,
    0xB2, 0x84, 0x39, 0x0F, 0xA9, 0xB5, 0x23, 0x9C, 0x5E, 0x50, 0xA6, 0x16, 0xD4, 0xE2, 0x31, 0x0C,
    0x0E, 0x83, 0x20, 0x19, 0x6E, 0x5A, 0xC3, 0xD7, 0x00, 0x43, 0x45, 0x55, 0xF7, 0x1D, 0xB0, 0x93,
    0x3F, 0x0D, 0x76, 0x54, 0x4F, 0x16, 0x1D, 0xFD, 0x1D, 0xDB, 0xF0, 0xFE, 0x23, 0xDB, 0xF0, 0xF9,
    0xCC, 0xF6, 0xFC, 0xA3, 0x4E, 0x86, 0xB8, 0x61, 0x23, 0xD3, 0xAD, 0xF1, 0x4F, 0x87, 0xAB, 0x2E,
    0x9B, 0x63, 0x4D, 0xE7, 0x66, 0xA8, 0x23, 0x2E, 0x9F, 0x75, 0xAD, 0xC2, 0x6F, 0xCE, 0xF6, 0x7A,
    0xC6, 0xED, 0x5D, 0xCD, 0x2C, 0x1C, 0xB0, 0x61, 0x00, 0xC8, 0xB3, 0x0A, 0x9D, 0x33, 0x71, 0xCE,
    0xBB, 0x85, 0x51, 0xCA, 0x22, 0x9C, 0x15, 0xE6, 0x49, 0x85, 0xDB, 0x09, 0x6A, 0x21, 0x62, 0xD6,
    0xC9, 0xF3, 0x62, 0xA6, 0x29, 0xBA, 0x01, 0xA1, 0x2D, 0x6F, 0x93, 0xF8, 0xEC, 0x01, 0x62, 0x5F,
    0x0C, 0x93, 0x8B, 0x3B, 0x5D, 0x08, 0x57, 0x4E, 0x6F, 0x86, 0xAA, 0xF5, 0xE9, 0x33, 0xF8, 0x9E,
    0x04, 0x22, 0x2A, 0xF4, 0x28, 0x07, 0x13, 0x30, 0xF3, 0xFA, 0x61, 0xB1, 0x7C, 0x9D, 0x60, 0xB5,
    0x21, 0xB2, 0xDE, 0x16, 0x7D, 0x20, 0x9E, 0x93, 0xEF, 0x58, 0x66, 0xD8, 0x4E, 0x49, 0x65, 0x53,
    0xC5, 0x3E, 0x80, 0x9F, 0x9A, 0x51, 0x37, 0x8B, 0x26, 0xA3, 0x2E, 0xFF, 0x28, 0x7D, 0x6B, 0xD2,
    0x9A, 0xEC, 0x9F, 0xE8, 0x7C, 0xAB, 0xC6, 0xBB, 0x28, 0xF2, 0xD9, 0x48, 0x1F, 0xF5, 0x5C, 0x66,
    0xD6, 0x9F, 0x7A, 0xCC, 0x46, 0x9F, 0xB2, 0xD1, 0x03, 0x01, 0x7A, 0x22, 0xA0, 0x7B, 0xC4, 0xC6,
    0x39, 0xC0, 0xD4, 0xF1, 0x89, 0x7A, 0x8F, 0xED, 0x7A, 0xF0, 0x39, 0x6F, 0x8C, 0xC8, 0xC1, 0x39,
    0xF1, 0x1B, 0x62, 0x89, 0xFB, 0x67, 0x4E, 0x67, 0xED, 0x3D, 0x71, 0xEB, 0x3A, 0x67, 0xF4, 0xA8,
    0x9F, 0x43, 0x51, 0x0A, 0x3E, 0xF9, 0xAD, 0x18, 0x90, 0xB0, 0x12, 0xB9, 0x29, 0x6E, 0x1E, 0x32,
    0xFA, 0x5E, 0x0D, 0x3E, 0x96, 0x7B, 0xD7, 0xCB, 0x8C, 0x4F, 0x51, 0x51, 0x00, 0x05, 0x68, 0x48,
    0x6D, 0x99, 0x92, 0xA4, 0x14, 0x18, 0xE3, 0xDC, 0x28, 0x37, 0xFF, 0xA7, 0x34, 0x63, 0xE9, 0x4E,
    0xCB, 0x58, 0xE7, 0x57, 0xA2, 0xBB, 0x33, 0x89, 0x9E, 0x89, 0x42, 0xC2, 0x10, 0x0F, 0xC4, 0xB4,
    0xB2, 0x0D, 0x19, 0x48, 0xEE, 0x84, 0x59, 0x62, 0x20, 0x84, 0x19, 0x35, 0x87, 0x63, 0x1D, 0x7B,
    0x7F, 0x12, 0x53, 0xF2, 0x39, 0x4B, 0xE3, 0x0F, 0xB0, 0xDF, 0x14, 0x56, 0x20, 0x39, 0xCC, 0x71,
    0x90, 0x60, 0x9D, 0x8F, 0x7F, 0xBC, 0xCE, 0x6E, 0x2E, 0xB2, 0x46, 0xE0, 0xC8, 0x96, 0xE0, 0x68,
    0x30, 0x4F, 0x8E, 0x0A, 0x70, 0xD4, 0x32, 0x47, 0xF9, 0x5B, 0x93, 0x2D, 0xA9, 0x31, 0x43, 0xCC,
    0x07, 0x38, 0xC2, 0xAE, 0x13, 0x73, 0x53, 0xA8, 0x0C, 0x72, 0xE1, 0xC8, 0x49, 0x17, 0x91, 0x23,
    0xD9, 0x46, 0x94, 0xD8, 0x28, 0x18, 0xE8, 0xD1, 0x30, 0x70, 0x34, 0x34, 0x3E, 0x57, 0x0D, 0x8E,
    0x42, 0xE6, 0xC8, 0x4B, 0xF7, 0x9A, 0xA3, 0xC7, 0x3D, 0x38, 0x88, 0x0E, 0xC3, 0xA6, 0x89, 0x1E,
    0x95, 0x2A, 0x53, 0xE5, 0x68, 0x31, 0xF5, 0xE8, 0xEB, 0x2D, 0x9E, 0xC3, 0x4D, 0xB1, 0xC9, 0x64,
    0xA6, 0x96, 0x98, 0x29, 0xB3, 0xE7, 0xDA, 0xA4, 0x27, 0x01, 0xA6, 0xCF, 0xCD, 0xB2, 0xC5, 0xC3,
    0xE1, 0x2A, 0x30, 0x84, 0xE3, 0x55, 0x90, 0x6B, 0x1A, 0xD8, 0x4A, 0x84, 0xB7, 0x80, 0x16, 0x8F,
    0x1F, 0x5D, 0x3D, 0xE9, 0x4B, 0xE6, 0x89, 0xD8, 0x09, 0x6C, 0xEB, 0x63, 0xB1, 0x69, 0x88, 0x9D,
    0x0D, 0x93, 0x12, 0x3B, 0xAB, 0x4F, 0x85, 0x9D, 0xC9, 0x79, 0xDC, 0x29, 0x7B, 0x37, 0x2D, 0x17,
    0x9A, 0x95, 0x59, 0x6F, 0x6F, 0xFC, 0xC8, 0xA5, 0x3A, 0x7A, 0x63, 0xE9, 0x8E, 0x1F, 0xC5, 0xDC,
    0xE9, 0xF2, 0x39, 0x8C, 0x9A, 0xCF, 0x18, 0x85, 0x4D, 0x77, 0x68, 0xF1, 0x69, 0x31, 0xF9, 0xED,
    0x5D, 0xC2, 0xED, 0x99, 0xDC, 0x92, 0x0E, 0x2F, 0xD6, 0xD1, 0x36, 0x33, 0xFB, 0xB1, 0x70, 0x96,
    0x7A, 0xA7, 0xCF, 0xA6, 0x57, 0xCF, 0x5E, 0x29, 0x08, 0x47, 0x82, 0x14, 0x6E, 0x52, 0xD0, 0x32,
    0x3A, 0x9E, 0x6C, 0xF3, 0xE3, 0x04, 0x17, 0x45, 0x5B, 0x78, 0x5E, 0x9B, 0x82, 0xB0, 0x48, 0x0E,
    0x62, 0x1C, 0xE7, 0xE8, 0x20, 0x7D, 0x9B, 0x1B, 0x2A, 0xE5, 0xB8, 0xF3, 0x5D, 0x6E, 0xA2, 0xF8,
    0xAF, 0xA4, 0x75, 0x84, 0x95, 0xD8, 0x4E, 0x4E, 0x22, 0x8D, 0xF7, 0xC7, 0xBE, 0x85, 0xD0, 0x1B,
    0xE4, 0x76, 0xA7, 0xB0, 0xB2, 0xAD, 0xC9, 0x4B, 0x82, 0xE6, 0xCD, 0xF1, 0x04, 0xB5, 0x89, 0xEA,
    0x6E, 0x21, 0xF3, 0x9A, 0xF1, 0xB9, 0xBE, 0x4D, 0xAE, 0x87, 0x31, 0xE8, 0xC2, 0x4F, 0x7B, 0xD7,
    0xD6, 0x89, 0x2D, 0x6D, 0x9F, 0xC2, 0xBC, 0x04, 0xB0, 0x6F, 0x22, 0xD8, 0xDB, 0xC0, 0xA4, 0xB8,
    0x89, 0xF3, 0x0A, 0x35, 0x9E, 0xC4, 0xC5, 0x8C, 0xFB, 0x02, 0xD3, 0xF0, 0x61, 0xA9, 0x51, 0x5B,
    0x68, 0xBB, 0x78, 0xCE, 0x43, 0xD0, 0xC6, 0x13, 0x50, 0xD8, 0xAF, 0xBB, 0xE3, 0xE4, 0x5E, 0xD5,
    0x3D, 0xAD, 0xCA, 0x5E, 0x36, 0xE0, 0xD9, 0xC4, 0x43, 0xBE, 0x1C, 0x67, 0x16, 0x4D, 0xA7, 0x6C,
    0x2B, 0xF9, 0xC1, 0x45, 0xBA, 0x7B, 0xB9, 0xF7, 0x1E, 0x73, 0x5F, 0xD7, 0x9E, 0x1E, 0xBD, 0x6F,
    0x26, 0x3F, 0xDF, 0x7D, 0xD0, 0x4F, 0x22, 0x0D, 0x8F, 0x43, 0x3C, 0x74, 0xCB, 0xE6, 0x6D, 0x2A,
    0x8A, 0x16, 0x45, 0xE3, 0xF3, 0xBA, 0xB3, 0x25, 0xA0, 0x8F, 0x9F, 0xE2, 0xD5, 0x87, 0x78, 0x43,
    0x79, 0x86, 0x77, 0x59, 0x1E, 0xE1, 0x95, 0x4D, 0xA5, 0x99, 0xED, 0xFB, 0x83, 0xCA, 0x52, 0xC1,
    0x7B, 0x02, 0xF0, 0xB1, 0x3F, 0xC6, 0x41, 0xAA, 0x37, 0x38, 0x69, 0x51, 0xC9, 0x83, 0x05, 0x1A,
    0x22, 0xCD, 0xC4, 0x46, 0xFB, 0x44, 0x29, 0x98, 0x21, 0x1E, 0xD5, 0xC9, 0x50, 0x68, 0xD2, 0x63,
    0x9C, 0x5C, 0xEF, 0x5F, 0x25, 0x95, 0x57, 0x99, 0x83, 0xCF, 0x0F, 0x8F, 0xF2, 0x64, 0xA0, 0xCF,
    0xA7, 0x84, 0xB8, 0xC6, 0x7B, 0x6D, 0x6F, 0xE3, 0x0C, 0xC1, 0x2B, 0xFB, 0x8C, 0x95, 0xFF, 0x01,
    0xBD, 0x56, 0x31, 0x8F, 0x1D, 0x35, 0x10, 0x9E, 0xDD, 0x3D, 0xD8, 0x70, 0x2E, 0x9C, 0x22, 0x14,
    0x20, 0x24, 0x53, 0x50, 0x24, 0x28, 0xBA, 0x6D, 0x29, 0xC2, 0x79, 0x15, 0x8A, 0x48, 0x34, 0xA1,
    0xE0, 0xEA, 0xD0, 0x53, 0xF0, 0x07, 0x2E, 0xAC, 0x21, 0x65, 0x9A, 0x48, 0x14, 0x94, 0x69, 0x28,
    0x10, 0x15, 0x65, 0x8A, 0xBB, 0xAC, 0x21, 0x05, 0x45, 0x0A, 0xAC, 0x14, 0xA1, 0x5D, 0x04, 0x0D,
    0x4A, 0x63, 0xA2, 0x25, 0x5A, 0x84, 0xDF, 0x33, 0xDF, 0xCC, 0xDB, 0xBD, 0x7B, 0x91, 0x92, 0x00,
    0x0D, 0xD6, 0xDB, 0x79, 0x5E, 0x7B, 0x3C, 0xFE, 0x3C, 0xF3, 0xCD, 0x78, 0xE9, 0xE3, 0xD4, 0xE4,
    0x64, 0xF3, 0x64, 0xBF, 0x22, 0xDA, 0xEE, 0x6F, 0x5A, 0x97, 0xB9, 0x51, 0xBF, 0xF9, 0x7B, 0xFB,
    0x1B, 0xB4, 0xAF, 0xB7, 0xA7, 0x82, 0xCC, 0x78, 0x7A, 0xBA, 0xD9, 0xBC, 0x69, 0xE9, 0xA4, 0x43,
    0x2F, 0x6C, 0x8B, 0xDA, 0x76, 0x8B, 0xCF, 0x1A, 0x1C, 0x9E, 0xB9, 0xFC, 0x25, 0x7A, 0xB3, 0xBB,
    0x9C, 0xF2, 0x95, 0xFF, 0xE5, 0x57, 0xA7, 0xE3, 0x8A, 0x61, 0xF4, 0xD5, 0xA8, 0x5D, 0x43, 0x96,
    0x3A, 0xD7, 0x4D, 0x5D, 0xB2, 0x49, 0x4F, 0xC5, 0xAD, 0xE2, 0x16, 0xA9, 0x44, 0x3A, 0xF3, 0x4F,
    0xE5, 0x96, 0x7A, 0x9C, 0x8D, 0x68, 0x9F, 0x28, 0x51, 0x1D, 0xC9, 0x3A, 0x46, 0xFB, 0x6F, 0x74,
    0xD0, 0x76, 0x30, 0xB1, 0xAE, 0xC6, 0x7A, 0xD0, 0xDE, 0xB4, 0xA6, 0xB5, 0x64, 0xDB, 0x8E, 0xAC,
    0xEF, 0x9D, 0x4D, 0xFD, 0x68, 0x57, 0x7D, 0x6A, 0x56, 0xD8, 0x33, 0x99, 0x11, 0xBB, 0xBA, 0xE2,
    0x56, 0xE9, 0x14, 0x10, 0xE8, 0xDC, 0xAC, 0xF0, 0x64, 0x95, 0xAF, 0x22, 0x68, 0x45, 0x86, 0xE5,
    0xBB, 0x30, 0x7D, 0x44, 0xA9, 0x98, 0xEA, 0xA8, 0x06, 0xEB, 0xFA, 0x76, 0x83, 0xE1, 0xBF, 0xE9,
    0x53, 0x19, 0x20, 0x54, 0x84, 0xD0, 0x71, 0xE9, 0xD5, 0xEC, 0x86, 0x8A, 0x27, 0x2A, 0x10, 0xA0,
    0xBF, 0xFC, 0xDD, 0x5D, 0x12, 0x96, 0x88, 0xF8, 0xB4, 0xF2, 0x77, 0x31, 0xC1, 0x2A, 0x7A, 0x84,
    0x30, 0xD3, 0x22, 0xE4, 0x55, 0x3F, 0x6D, 0x4A, 0x0D, 0x4F, 0xDB, 0x0B, 0xDB, 0x96, 0x9F, 0x29,
    0x4A, 0xFF, 0x4F, 0xA8, 0x2E, 0x54, 0xFE, 0x3C, 0xE5, 0x47, 0x8F, 0x66, 0x40, 0xFD, 0x17, 0x0F,
    0x33, 0x4F, 0xEC, 0x6C, 0x03, 0xD2, 0xA7, 0x2B, 0x4E, 0x10, 0xC8, 0xD8, 0xC9, 0xEC, 0xB9, 0xCA,
    0x23, 0x12, 0x5F, 0x3E, 0x9C, 0xAD, 0x88, 0x3D, 0xB1, 0xBC, 0x81, 0x71, 0xBA, 0xE2, 0x54, 0xF0,
    0x44, 0x91, 0x5B, 0x9D, 0xA3, 0x64, 0xD3, 0xAA, 0xCF, 0x6B, 0x64, 0x09, 0x64, 0x97, 0x57, 0x36,
    0x27, 0x93, 0xC7, 0x0A, 0x19, 0x73, 0x8E, 0x74, 0xB0, 0x63, 0x37, 0xF5, 0xC9, 0x8E, 0x06, 0x56,
    0x74, 0x28, 0x56, 0x64, 0x31, 0x45, 0xDD, 0xA4, 0xB2, 0xEB, 0x13, 0x04, 0xBF, 0xB6, 0x66, 0x28,
    0xD6, 0x1B, 0x4A, 0xE8, 0x50, 0x4E, 0x04, 0x12, 0x8C, 0x6A, 0x5D, 0x64, 0xDF, 0x21, 0x7A, 0x15,
    0x12, 0x30, 0xC9, 0x9F, 0x1D, 0x75, 0xC6, 0xA0, 0x19, 0xAA, 0x44, 0x73, 0xCC, 0x70, 0x8A, 0xD6,
    0x7A, 0x1B, 0xAC, 0xDF, 0x3D, 0x8D, 0xA1, 0x34, 0x25, 0x09, 0x8B, 0xAD, 0x48, 0x0B, 0xDD, 0xCC,
    0xED, 0xC0, 0x1C, 0xE4, 0x4C, 0x84, 0x0F, 0x0F, 0xA5, 0x07, 0x7E, 0xD3, 0x24, 0xBD, 0x5C, 0x4D,
    0x65, 0x9C, 0x7B, 0xA9, 0x0E, 0x4B, 0x6F, 0xB3, 0x94, 0x7B, 0x0D, 0x2D, 0x7A, 0xEF, 0xD2, 0xB2,
    0x76, 0xCE, 0x78, 0x7B, 0xE5, 0x71, 0xEC, 0x25, 0x6B, 0xCD, 0x8F, 0xF7, 0x7E, 0x79, 0x02, 0x6C,
    0x03, 0xD5, 0x59, 0xDF, 0x1F, 0x56, 0xD5, 0x13, 0x61, 0xC4, 0xD5, 0x21, 0xAB, 0x61, 0x85, 0xDE,
    0xBE, 0x09, 0xBD, 0x0E, 0x80, 0x44, 0x47, 0x4D, 0xE8, 0xAF, 0x05, 0xA4, 0x45, 0x31, 0x36, 0xA1,
    0xFB, 0x24, 0xE0, 0x38, 0x55, 0xC4, 0x98, 0xF4, 0x94, 0x87, 0x5E, 0xC3, 0x3D, 0xDD, 0xEA, 0xA1,
    0x37, 0x41, 0xD2, 0x47, 0xC5, 0x15, 0x5E, 0xB0, 0x94, 0xAA, 0x3F, 0x26, 0xBC, 0x10, 0x43, 0xEF,
    0x03, 0x5E, 0xA8, 0xD8, 0x40, 0xEF, 0xC3, 0x56, 0xC1, 0x28, 0x5A, 0xED, 0x1B, 0x6F, 0x1D, 0x92,
    0x8A, 0xAE, 0x63, 0xD1, 0x48, 0x91, 0x5A, 0x8C, 0x9E, 0xD5, 0xF7, 0x62, 0xF3, 0x43, 0xB4, 0x37,
    0xA3, 0x45, 0x70, 0xB4, 0xBF, 0xAE, 0xDD, 0x51, 0x43, 0xE3, 0x1E, 0xC5, 0x4B, 0x98, 0x67, 0x85,
    0x1D, 0xFD, 0x7D, 0x3C, 0x86, 0xCA, 0xCA, 0xDE, 0xFC, 0x3D, 0x59, 0xFD, 0x60, 0xB2, 0x58, 0x72,
    0x5D, 0xDF, 0x88, 0x47, 0xA6, 0xF2, 0xE3, 0x5E, 0xED, 0xE3, 0x45, 0xC5, 0xAA, 0x48, 0xDF, 0x43,
    0x5A, 0x23, 0x85, 0x11, 0x2E, 0x84, 0x41, 0xBB, 0xDA, 0x83, 0x16, 0xED, 0x4E, 0x41, 0x87, 0xA6,
    0x5D, 0x23, 0x8D, 0x1B, 0xDF, 0x69, 0x6F, 0x55, 0x30, 0xEF, 0x0D, 0xFA, 0xF3, 0x88, 0x75, 0x95,
    0xFF, 0x96, 0x60, 0xBF, 0xA0, 0xF6, 0x10, 0x63, 0x6B, 0x7B, 0x3F, 0xF6, 0xD8, 0xA7, 0xD3, 0xF7,
    0x46, 0xAB, 0x1E, 0x4C, 0x18, 0x4A, 0xD0, 0x3B, 0x82, 0xE2, 0x25, 0x68, 0xBE, 0xC1, 0xAA, 0x44,
    0x67, 0x88, 0x2E, 0x11, 0xD0, 0x83, 0x85, 0x8D, 0xA7, 0xCC, 0x75, 0xC5, 0xA2, 0x84, 0x8C, 0xA4,
    0xE0, 0x01, 0x94, 0x16, 0xE3, 0xE1, 0x39, 0xA2, 0x3B, 0x44, 0x17, 0x81, 0xE8, 0x23, 0xD1, 0x36,
    0x12, 0xFE, 0x0A, 0xFE, 0x81, 0xAF, 0xED, 0x40, 0x3A, 0x91, 0x49, 0xD4, 0x31, 0xC9, 0x10, 0x71,
    0xED, 0x69, 0x8F, 0xE8, 0x1D, 0xA2, 0xB3, 0x38, 0x2E, 0x0E, 0x6C, 0x82, 0x8E, 0x36, 0x36, 0x53,
    0x37, 0xDA, 0x24, 0x4F, 0xB4, 0x89, 0xDF, 0xE7, 0x67, 0xB4, 0x83, 0x89, 0x76, 0xD0, 0x08, 0x0F,
    0x1E, 0xAF, 0xA3, 0xF1, 0x1A, 0x05, 0x4B, 0x05, 0xED, 0x94, 0xE7, 0x43, 0x2B, 0x64, 0x43, 0xB1,
    0xB0, 0xD1, 0xA9, 0xC0, 0x6B, 0x60, 0x63, 0xE2, 0x87, 0xD7, 0xEE, 0xB6, 0xA5, 0xC3, 0x7C, 0x13,
    0x28, 0x8F, 0x94, 0xE1, 0x30, 0x90, 0x3E, 0x7B, 0xFB, 0x18, 0x9B, 0xC2, 0xF6, 0xD4, 0xFC, 0x9C,
    0x9A, 0x9F, 0xF8, 0x52, 0x32, 0x79, 0x32, 0x7C, 0x25, 0x38, 0x3B, 0xF1, 0x51, 0x8D, 0x23, 0x0D,
    0x42, 0xCF, 0x66, 0xF9, 0xD0, 0x9D, 0xFC, 0x70, 0x9E, 0xDD, 0x96, 0x5E, 0x3D, 0x38, 0x38, 0xF8,
    0x90, 0x2F, 0xA6, 0xC4, 0x42, 0x48, 0x2C, 0x9C, 0xE6, 0x9E, 0x30, 0x59, 0x48, 0x2C, 0xFC, 0x15,
    0xEA, 0x0A, 0x6B, 0xD3, 0x32, 0xB9, 0xA9, 0x59, 0x9C, 0x21, 0x86, 0xC7, 0xF7, 0x59, 0x1C, 0x31,
    0x69, 0xC6, 0x65, 0x52, 0xD2, 0x47, 0x73, 0x94, 0xED, 0x32, 0x29, 0xB6, 0xAB, 0xE7, 0xD9, 0x6E,
    0x1C, 0xCA, 0x2A, 0xE5, 0xA9, 0xC4, 0x05, 0x96, 0xD7, 0x15, 0xAE, 0xC3, 0x3E, 0x7F, 0x86, 0x6A,
    0x62, 0x73, 0xC8, 0xD9, 0xED, 0x94, 0xF1, 0x6C, 0xED, 0x39, 0x8E, 0x6C, 0x3D, 0xB1, 0x99, 0x52,
    0xEE, 0x02, 0x84, 0xB3, 0x89, 0xD4, 0xA7, 0x32, 0xC7, 0x3A, 0x23, 0xDB, 0xA3, 0x66, 0x17, 0x84,
    0x26, 0xBB, 0x6E, 0x4D, 0xCD, 0x44, 0x7D, 0x64, 0xC7, 0x75, 0x2D, 0x6F, 0x67, 0x05, 0xD1, 0x9E,
    0x38, 0xE5, 0xCC, 0xC2, 0x73, 0x9C, 0xA2, 0x69, 0xD9, 0x3B, 0xA8, 0x37, 0xF0, 0x4E, 0x0E, 0xD2,
    0x0F, 0xEC, 0xA6, 0xDE, 0xD3, 0xCB, 0x2D, 0xBD, 0x2E, 0xD8, 0x0A, 0x40, 0x23, 0x33, 0xC0, 0xFD,
    0x36, 0x22, 0x00, 0x88, 0x73, 0x0E, 0xDD, 0x08, 0x58, 0xD0, 0xA6, 0x91, 0x05, 0x62, 0x0E, 0x4C,
    0x96, 0x21, 0xF1, 0x5A, 0x08, 0x00, 0x42, 0xCC, 0x33, 0x02, 0x0E, 0x38, 0x10, 0x13, 0x36, 0x03,
    0x18, 0x8D, 0xA8, 0x03, 0x0E, 0xA0, 0xA8, 0xB6, 0x64, 0x0A, 0x2D, 0x38, 0x8C, 0x63, 0x66, 0x46,
    0x09, 0x93, 0x84, 0x0B, 0x76, 0xEC, 0x00, 0x08, 0xBB, 0x6D, 0xC1, 0x18, 0x4C, 0x00, 0x06, 0x1B,
    0xE1, 0x94, 0x6E, 0xEC, 0x51, 0xDC, 0x80, 0x61, 0xE8, 0xE2, 0x8C, 0x61, 0x5A, 0x30, 0x14, 0xBC,
    0xFD, 0x8C, 0xA1, 0x09, 0x75, 0x4E, 0xE0, 0xDC, 0x8C, 0x01, 0xDB, 0xE3, 0x56, 0x75, 0x8C, 0xC1,
    0x01, 0x83, 0x02, 0x00, 0x6C, 0x5F, 0x9E, 0x70, 0x0F, 0x18, 0xEC, 0xBC, 0xF3, 0x2C, 0xEC, 0xD0,
    0x30, 0x5D, 0x80, 0x81, 0x0E, 0x3E, 0xD8, 0x7C, 0x85, 0xFC, 0xB9, 0xF9, 0xAC, 0x19, 0xE8, 0x2D,
    0x9D, 0x33, 0x72, 0x48, 0xE1, 0xC5, 0x89, 0x0C, 0x22, 0xA3, 0xC8, 0x51, 0xE4, 0x24, 0x32, 0xBD,
    0x50, 0x4E, 0x5B, 0xAB, 0x06, 0x91, 0x5E, 0xA4, 0x58, 0x4E, 0x22, 0x03, 0x4B, 0x2E, 0x80, 0xEA,
    0x37, 0x29, 0xCD, 0xED, 0x73, 0xE4, 0x65, 0xFE, 0x26, 0x53, 0x57, 0xF9, 0x2A, 0x50, 0xD7, 0x00,
    0x0A, 0xFD, 0xBF, 0x40, 0x1A, 0x75, 0xE5, 0x06, 0x5B, 0x70, 0x5C, 0xDC, 0x2B, 0xAE, 0x31, 0x20,
    0xB1, 0xB0, 0xAF, 0x97, 0x4B, 0x43, 0xFD, 0x0A, 0x71, 0x7E, 0xE6, 0xE1, 0xFE, 0x2B, 0x74, 0x61,
    0xBF, 0xC7, 0x39, 0x57, 0xD4, 0xE0, 0x10, 0x25, 0x9E, 0x2A, 0xF3, 0x77, 0x48, 0x76, 0xCD, 0xED,
    0xF7, 0xE9, 0x35, 0x5E, 0xC7, 0x4F, 0xBD, 0x29, 0x75, 0x05, 0x71, 0xB1, 0x33, 0x4E, 0xCA, 0x9D,
    0x93, 0x82, 0x47, 0x5C, 0xF2, 0x50, 0xD2, 0x50, 0xF4, 0x8E, 0x89, 0xCB, 0x5E, 0x22, 0x29, 0x7C,
    0x24, 0xA5, 0x8F, 0x50, 0xFC, 0x8A, 0x20, 0xE5, 0xAF, 0xA5, 0xBF, 0x01, 0xED, 0x55, 0x31, 0x8F,
    0x1E, 0x35, 0x10, 0x7D, 0xDF, 0xAE, 0x94, 0x95, 0xB0, 0x90, 0x53, 0xDC, 0x35, 0x9C, 0x74, 0x4E,
    0x41, 0x91, 0x50, 0xE0, 0x16, 0x21, 0x14, 0x6F, 0x74, 0x05, 0x7F, 0x80, 0x13, 0x05, 0x0D, 0x65,
    0xB8, 0x86, 0x96, 0x22, 0xCA, 0x2E, 0xA1, 0xA4, 0x20, 0x12, 0x3F, 0x80, 0x14, 0x14, 0x88, 0x86,
    0x14, 0x14, 0x57, 0x9C, 0xB2, 0x56, 0xAE, 0x4C, 0x91, 0xED, 0x90, 0xA8, 0x4C, 0x4D, 0x11, 0x83,
    0x36, 0x3A, 0x13, 0xBC, 0x3B, 0x3C, 0xEF, 0x25, 0xC0, 0x97, 0x40, 0x91, 0x12, 0x09, 0xCF, 0xCC,
    0x7E, 0xEB, 0xF1, 0xDB, 0xB1, 0x3D, 0x7E, 0xE3, 0x0F, 0x40, 0x2D, 0x30, 0x5F, 0x8D, 0x4E, 0xC5,
    0xA1, 0x9E, 0xA4, 0x4E, 0x52, 0xE7, 0x67, 0x9A, 0xE8, 0x71, 0xEF, 0x46, 0xF3, 0xD0, 0x37, 0x82,
    0xD2, 0x5A, 0x34, 0x13, 0x74, 0x2E, 0xCA, 0x17, 0x76, 0x71, 0x19, 0x7B, 0x19, 0x2E, 0x43, 0xA5,
    0xE7, 0x95, 0x18, 0x57, 0xBE, 0xBA, 0x08, 0x44, 0xD4, 0x11, 0x3A, 0xC2, 0x06, 0x0C, 0xA1, 0xFA,
    0x39, 0x34, 0x9F, 0x07, 0xF3, 0xC1, 0x63, 0x27, 0x72, 0xF4, 0xDD, 0x04, 0x15, 0x56, 0xED, 0xD7,
    0x09, 0xB0, 0x27, 0x70, 0x0B, 0xBA, 0x84, 0xEF, 0x01, 0x09, 0x90, 0x19, 0x56, 0x5A, 0x48, 0x0F,
    0x47, 0x6D, 0x71, 0xB3, 0x44, 0x96, 0x73, 0xAC, 0xF2, 0xB8, 0x87, 0x9A, 0xEB, 0x09, 0x70, 0x3F,
    0xA2, 0x93, 0x71, 0xD0, 0x71, 0x51, 0x71, 0x69, 0xCA, 0x73, 0xD0, 0xC1, 0x3D, 0xF2, 0x17, 0xE6,
    0x02, 0x74, 0x92, 0x57, 0x8D, 0x9F, 0x54, 0xE1, 0xC3, 0xDA, 0x43, 0xB5, 0xD8, 0x07, 0xDE, 0x41,
    0x99, 0x23, 0xA2, 0xF2, 0x68, 0x7A, 0x34, 0xC4, 0xED, 0xA0, 0x91, 0xD1, 0x9C, 0x4E, 0xEE, 0x56,
    0x72, 0xF7, 0x93, 0x39, 0x0B, 0x4A, 0xDA, 0x8D, 0x8C, 0xEA, 0x51, 0x72, 0x07, 0xB9, 0xDB, 0x64,
    0x77, 0x2D, 0xDB, 0xD3, 0xD8, 0xAC, 0xD3, 0x6F, 0xC4, 0xAB, 0x1F, 0x26, 0xDB, 0x67, 0xD7, 0xCF,
    0xCE, 0x2F, 0xEE, 0x6C, 0xD6, 0x92, 0x37, 0x5F, 0x32, 0x11, 0x11, 0x66, 0x44, 0x87, 0x2A, 0x95,
    0x25, 0x73, 0xF3, 0x78, 0x85, 0x66, 0xB6, 0xAD, 0x13, 0xF1, 0x03, 0x6D, 0xF7, 0xE3, 0xC3, 0x17,
    0xC6, 0xF0, 0x2A, 0xB0, 0x7B, 0x78, 0xD8, 0x32, 0x3D, 0x81, 0xE6, 0x89, 0x6D, 0x89, 0x6D, 0xE9,
    0xC3, 0xF9, 0x6E, 0xD6, 0x7E, 0xBF, 0xF6, 0x77, 0x70, 0xB2, 0x99, 0xEA, 0xA8, 0xBC, 0xF6, 0xA6,
    0xB5, 0x70, 0x7F, 0x8A, 0x85, 0x69, 0x75, 0xAF, 0x7C, 0x3D, 0x56, 0x11, 0x09, 0x37, 0x80, 0x4B,
    0x38, 0xA1, 0x7F, 0xF5, 0x85, 0x3A, 0x56, 0xB1, 0x9A, 0x36, 0xA9, 0x48, 0x35, 0x55, 0xB1, 0x8E,
    0x75, 0x60, 0x8C, 0xDE, 0xE0, 0x2A, 0x51, 0x5C, 0xF4, 0xEB, 0xAF, 0x61, 0xEF, 0x89, 0x78, 0xC3,
    0x35, 0xA8, 0x6C, 0xA3, 0x4A, 0x86, 0xA6, 0xB7, 0x4C, 0xD3, 0xEF, 0x96, 0x2E, 0xE3, 0xA5, 0x18,
    0x84, 0x4D, 0x94, 0x60, 0x83, 0x7E, 0x4E, 0x6C, 0x3A, 0xFA, 0x86, 0x83, 0x95, 0xF4, 0x4A, 0xE2,
    0xBE, 0x99, 0x2E, 0xAB, 0xA9, 0x64, 0x92, 0x47, 0x6B, 0x3C, 0x57, 0x8D, 0xD4, 0xD4, 0xE3, 0xBE,
    0x92, 0x6C, 0x25, 0xBF, 0xF1, 0x6D, 0x41, 0xEA, 0x84, 0x9B, 0x82, 0xDB, 0x1C, 0xEA, 0xB0, 0x21,
    0xD9, 0x66, 0xBC, 0x4D, 0x9E, 0x38, 0xBF, 0x6A, 0x4F, 0xFF, 0x93, 0x0C, 0xDB, 0xFF, 0x4F, 0xBF,
    0xFF, 0x26, 0xFD, 0xAE, 0x43, 0x49, 0x7F, 0xD5, 0xF9, 0x13, 0x37, 0xDE, 0x71, 0x23, 0x86, 0xD1,
    0x30, 0xBD, 0x6E, 0x14, 0x2A, 0x33, 0xF9, 0x60, 0x2A, 0x0B, 0xF9, 0x88, 0xE9, 0xF2, 0xF6, 0xB3,
    0xD8, 0xBD, 0x1F, 0x45, 0x22, 0xD9, 0x55, 0xB4, 0xBF, 0xDB, 0x49, 0xB4, 0xF2, 0x8C, 0x6D, 0x47,
    0x3C, 0x26, 0xE1, 0xC1, 0x9F, 0x66, 0x74, 0xB7, 0x04, 0x72, 0x8D, 0xD6, 0xAE, 0x02, 0xF9, 0x54,
    0xD0, 0xDD, 0x5F, 0x60, 0xCF, 0x52, 0xC9, 0xFB, 0x0A, 0xDF, 0xD9, 0xD9, 0x6D, 0xDD, 0x32, 0x78,
    0x9D, 0xDF, 0x44, 0xBD, 0xDC, 0x60, 0x96, 0x23, 0x48, 0x19, 0xC6, 0x25, 0x85, 0x1E, 0xF0, 0xDA,
    0x3B, 0x20, 0xBE, 0x96, 0x7E, 0x78, 0x28, 0xA1, 0x5A, 0xA0, 0xC5, 0xF3, 0x54, 0xDF, 0x22, 0xB3,
    0x48, 0x83, 0x66, 0xE2, 0xBB, 0x6B, 0x82, 0xD5, 0x5E, 0x2D, 0x78, 0xDA, 0x36, 0xC7, 0x80, 0x4D,
    0xCC, 0x2B, 0x4D, 0x6D, 0xD9, 0x15, 0x28, 0xD6, 0x97, 0x12, 0x9E, 0x6F, 0x76, 0x41, 0x25, 0xFB,
    0x82, 0xE9, 0xEC, 0x58, 0x5F, 0x92, 0xF1, 0xB7, 0x18, 0x7A, 0x2B, 0xC6, 0xEE, 0x7B, 0x2A, 0x75,
    0x89, 0x58, 0xBE, 0x1F, 0x33, 0x5E, 0xE4, 0x66, 0x49, 0xE8, 0xDF, 0xC9, 0x82, 0xDF, 0x84, 0x3E,
    0x6E, 0x24, 0x95, 0x18, 0xC3, 0x8C, 0x63, 0x9B, 0x4C, 0xD2, 0xC4, 0xFE, 0x93, 0x70, 0x26, 0xC1,
    0xF5, 0x2B, 0xB8, 0x53, 0x6A, 0xFE, 0x8B, 0x42, 0x79, 0x36, 0xDE, 0xDF, 0xDD, 0x2F, 0x25, 0x0A,
    0x73, 0xFE, 0xAF, 0x4F, 0xC6, 0x0F, 0xD2, 0xBB, 0x79, 0x38, 0x63, 0xB1, 0xBC, 0xCC, 0x9D, 0x71,
    0x09, 0xB8, 0xF0, 0x2B, 0xBF, 0x24, 0xB6, 0xF8, 0xF4, 0xB4, 0x4A, 0x7A, 0xFA, 0x1B, 0x75, 0x32,
    0x41, 0xCF, 0x5D, 0xAF, 0x59, 0x80, 0x7A, 0x6A, 0x69, 0xF8, 0xCB, 0x12, 0xCE, 0xFF, 0x58, 0x4A,
    0x7E, 0xBF, 0x86, 0x61, 0xC5, 0x6A, 0x0C, 0x07, 0xE8, 0xA6, 0x52, 0xBA, 0x5A, 0xDA, 0x9F, 0xA4,
    0x8F, 0xAE, 0x9D, 0x3B, 0xAC, 0x77, 0x13, 0x70, 0xB7, 0x94, 0xBF, 0x79, 0x4C, 0xD6, 0x46, 0xB3,
    0xDC, 0x66, 0x88, 0x2D, 0xCD, 0x17, 0xC9, 0x90, 0x6A, 0x2D, 0xAA, 0x3F, 0x00, 0xBD, 0x57, 0xBF,
    0x8F, 0xDC, 0xD6, 0x11, 0x1E, 0x92, 0xCE, 0xAD, 0xE0, 0x2D, 0xE8, 0x22, 0x32, 0x10, 0x29, 0x06,
    0x5D, 0xB8, 0x08, 0x84, 0x20, 0x4C, 0x91, 0x42, 0x80, 0xEF, 0xF4, 0x28, 0xB8, 0x74, 0xE1, 0x2B,
    0xBC, 0x76, 0xE1, 0x42, 0xBD, 0x9A, 0x73, 0xA1, 0x42, 0x85, 0x10, 0xF2, 0x4F, 0x10, 0x82, 0x08,
    0x69, 0x0F, 0x86, 0x60, 0x48, 0x54, 0xB1, 0x2E, 0x52, 0x6C, 0x71, 0x3A, 0x52, 0x0E, 0x60, 0x97,
    0x26, 0x0C, 0xB8, 0x27, 0x60, 0xBB, 0xD0, 0x35, 0x7E, 0x92, 0xA8, 0x98, 0x3A, 0x91, 0x9C, 0x7C,
    0x33, 0xEF, 0xED, 0xDE, 0x1D, 0x6C, 0x27, 0x48, 0x8A, 0x10, 0x7B, 0x33, 0x3C, 0xF2, 0xFD, 0x98,
    0x1F, 0xDF, 0x7C, 0x6F, 0x48, 0x44, 0x41, 0xBB, 0x4D, 0x44, 0x51, 0x3B, 0x40, 0xCE, 0xEB, 0x9E,
    0x68, 0x8B, 0x5F, 0x5A, 0x0A, 0x98, 0xB9, 0xA3, 0x98, 0xAB, 0x64, 0xA0, 0xBC, 0xDB, 0x89, 0x87,
    0x80, 0x9B, 0x83, 0xE4, 0x60, 0xC6, 0x45, 0x6F, 0x76, 0x62, 0x0E, 0xED, 0xCE, 0x1B, 0xE9, 0x18,
    0xB5, 0x07, 0xE7, 0xCC, 0x30, 0xC3, 0xA4, 0x7C, 0x88, 0x3F, 0xB7, 0x54, 0xF5, 0xC9, 0x3B, 0x2D,
    0x71, 0x6F, 0x66, 0x0D, 0xE4, 0x95, 0xB8, 0x86, 0x3C, 0x88, 0x33, 0xC8, 0x3E, 0x25, 0xE2, 0xD1,
    0x5E, 0x21, 0xAA, 0xD8, 0x1E, 0x10, 0x19, 0x6E, 0x7A, 0x91, 0x8F, 0x2C, 0xBD, 0x1A, 0xF3, 0x3B,
    0x96, 0xE2, 0x19, 0x7F, 0xD9, 0xD0, 0x95, 0x90, 0x7F, 0xA8, 0xE9, 0x21, 0x06, 0x15, 0xD1, 0x40,
    0xCC, 0x47, 0x55, 0x1F, 0xD8, 0x8A, 0xB9, 0x89, 0xEC, 0xC3, 0xF2, 0x36, 0x45, 0x8D, 0x1A, 0xF9,
    0xA8, 0x83, 0x8C, 0xAF, 0xB6, 0x90, 0x17, 0xCA, 0xB2, 0x5C, 0x52, 0x02, 0x63, 0x39, 0x0B, 0x78,
    0x5A, 0x54, 0x19, 0x8C, 0x20, 0x6C, 0x59, 0x75, 0x34, 0x57, 0x19, 0xA9, 0x0C, 0x55, 0xE2, 0xDA,
    0xC8, 0x3F, 0xAA, 0xBC, 0x01, 0x39, 0x7E, 0x60, 0xC5, 0x2C, 0xB6, 0x9B, 0xFB, 0x8E, 0x3E, 0x56,
    0xF9, 0x27, 0x3A, 0x3D, 0x2B, 0xC7, 0x26, 0x3A, 0x90, 0xE5, 0x49, 0x4F, 0x1B, 0xC9, 0x62, 0xD5,
    0x8C, 0xB9, 0x10, 0x8F, 0x64, 0x99, 0xCD, 0x75, 0xE1, 0x2E, 0x44, 0xC8, 0x93, 0xD8, 0xDB, 0xE7,
    0x19, 0xDE, 0x5B, 0x53, 0x63, 0x42, 0x63, 0x0A, 0x44, 0xB8, 0x36, 0x88, 0x3B, 0xD7, 0xBF, 0x17,
    0x59, 0xE8, 0x12, 0x99, 0xB8, 0xC7, 0xDC, 0x8A, 0xE0, 0x9A, 0xE6, 0x4B, 0xD9, 0x0A, 0x59, 0xF8,
    0x55, 0x46, 0xE1, 0x52, 0x9E, 0xC7, 0xCC, 0xF7, 0x31, 0x28, 0x1E, 0xF4, 0x39, 0xBC, 0xAB, 0x29,
    0xB1, 0x48, 0x1E, 0xA5, 0x35, 0x45, 0x16, 0x49, 0xCB, 0x22, 0x8B, 0x31, 0x7D, 0xD8, 0xC2, 0x12,
    0xFE, 0x5B, 0x9D, 0x3F, 0x92, 0xC8, 0xE4, 0x94, 0xF2, 0x48, 0x3B, 0xD8, 0x40, 0x62, 0x46, 0x0B,
    0xB5, 0x6D, 0xFB, 0x94, 0xBC, 0xB5, 0x91, 0xE7, 0x68, 0xF5, 0x0A, 0x05, 0x43, 0xDE, 0x73, 0x96,
    0x4E, 0xFC, 0x23, 0xD7, 0xA9, 0xC4, 0xB6, 0x8D, 0xC7, 0x74, 0x30, 0x76, 0x3E, 0xC4, 0x7D, 0x2A,
    0xB2, 0x4B, 0xFE, 0x6B, 0x99, 0x0C, 0xC9, 0x90, 0xF6, 0x86, 0x0D, 0x57, 0x08, 0xC7, 0x1F, 0x74,
    0x43, 0x27, 0x77, 0x4E, 0xC9, 0xD3, 0x46, 0xBD, 0x86, 0xBF, 0x3F, 0x97, 0x08, 0xCC, 0xA5, 0x72,
    0x3F, 0x97, 0xB0, 0xE6, 0xDC, 0xCE, 0x24, 0xD6, 0xD1, 0x88, 0x10, 0x4A, 0x64, 0x06, 0x79, 0x86,
    0x01, 0x0A, 0xA5, 0xD6, 0xEB, 0x5E, 0xF5, 0xDB, 0x70, 0x58, 0xF4, 0x65, 0xB8, 0xAF, 0xDA, 0x20,
    0x9E, 0xD0, 0x37, 0x63, 0xAC, 0xD4, 0xD3, 0xA5, 0xC3, 0x07, 0x3C, 0x95, 0xD3, 0x3D, 0x76, 0xD7,
    0x70, 0x7D, 0x2A, 0x2B, 0x3E, 0x3A, 0xBE, 0x4D, 0x2B, 0x80, 0xA9, 0x45, 0xB6, 0x57, 0x08, 0x56,
    0xA7, 0x3A, 0xE4, 0xB1, 0xD3, 0xA5, 0x2A, 0x14, 0x84, 0x6C, 0x99, 0x8A, 0x2D, 0x83, 0x24, 0xCA,
    0xE9, 0xC8, 0x3F, 0x27, 0xE8, 0x10, 0xBB, 0x92, 0xE9, 0x31, 0xF9, 0xB6, 0xA4, 0xDC, 0x99, 0x13,
    0xF5, 0x1E, 0x0E, 0x9F, 0xC1, 0x95, 0xE5, 0x31, 0x29, 0x4C, 0x64, 0x12, 0x66, 0x26, 0x82, 0x0D,
    0xB6, 0x0A, 0x00, 0xB6, 0x21, 0x0B, 0x3A, 0x2C, 0x89, 0x33, 0xA2, 0xAC, 0x8E, 0x04, 0x14, 0x2A,
    0x55, 0x67, 0xDE, 0x35, 0x4E, 0xD5, 0x6E, 0x5E, 0xE1, 0x56, 0x91, 0xC5, 0x9E, 0x5C, 0x93, 0xFD,
    0xF8, 0x99, 0x8C, 0xC0, 0xC3, 0x5D, 0x85, 0xA8, 0x43, 0xE5, 0xBF, 0x51, 0x81, 0x53, 0x17, 0x79,
    0xCA, 0x1C, 0xD6, 0x9B, 0x13, 0x18, 0x5F, 0xBA, 0xF3, 0xE0, 0xB1, 0xDE, 0x78, 0xBB, 0x05, 0xD3,
    0x5D, 0x3A, 0xF9, 0xD9, 0x73, 0x85, 0xAD, 0x6E, 0x5F, 0xFF, 0xD2, 0x4D, 0x78, 0xF2, 0xA4, 0xA0,
    0x5D, 0x6F, 0x6B, 0x8A, 0x89, 0x98, 0x3E, 0x12, 0x2F, 0xC1, 0x14, 0x36, 0xB5, 0x11, 0xB8, 0x84,
    0x04, 0xB0, 0x51, 0x1F, 0xE9, 0x4D, 0x3D, 0x1B, 0xA9, 0xC0, 0x2B, 0x6E, 0x7D, 0x80, 0x2A, 0xCC,
    0xEB, 0xE5, 0xC6, 0x80, 0x90, 0x34, 0x1E, 0x08, 0x60, 0xCE, 0x32, 0x3D, 0xE6, 0x2C, 0x86, 0xD1,
    0xB2, 0x72, 0x13, 0x20, 0x48, 0x8C, 0x72, 0xE8, 0xC8, 0xC8, 0x0D, 0xEA, 0x9A, 0xD2, 0x36, 0xD0,
    0x70, 0x66, 0x69, 0x2D, 0x3E, 0xC6, 0xDC, 0xE5, 0x85, 0x78, 0x19, 0x32, 0x3B, 0x47, 0xE0, 0xFA,
    0x3E, 0x95, 0x72, 0x7D, 0x52, 0xFE, 0xA5, 0xDC, 0xD7, 0x88, 0xFF, 0xC8, 0xDF, 0x8A, 0x7F, 0xD6,
    0x70, 0x71, 0x48, 0x15, 0xF2, 0x85, 0x5D, 0x8A, 0x9B, 0x28, 0x14, 0xAC, 0x35, 0xE3, 0xDA, 0x02,
    0x1E, 0x20, 0x37, 0x6C, 0xD8, 0x92, 0xE0, 0x73, 0x08, 0xF9, 0x69, 0x1D, 0xE0, 0xCE, 0xC0, 0xA7,
    0x67, 0x45, 0xD4, 0x08, 0x58, 0x80, 0x1B, 0x29, 0x53, 0x94, 0x2E, 0x99, 0x49, 0x48, 0x09, 0xC0,
    0x29, 0x10, 0xBC, 0x18, 0x51, 0x7C, 0xC0, 0x47, 0x4B, 0x2E, 0x97, 0xA5, 0xD4, 0xB5, 0xBB, 0xE8,
    0xD5, 0x92, 0x8F, 0x97, 0x7C, 0x74, 0x78, 0x57, 0x69, 0x27, 0xE6, 0xFA, 0xEF, 0x1A, 0xF8, 0x21,
    0xE5, 0xD6, 0xBA, 0xBB, 0x6D, 0x7E, 0xAA, 0xB9, 0x49, 0xA6, 0x55, 0xFE, 0xB2, 0x76, 0x04, 0x21,
    0x16, 0x92, 0x52, 0x48, 0x9B, 0x28, 0x67, 0x08, 0xB1, 0xC4, 0xEE, 0x2E, 0xE0, 0x62, 0x3E, 0x3A,
    0x17, 0x61, 0xC9, 0xE0, 0xEE, 0x1E, 0x52, 0xD8, 0xD1, 0xBA, 0xD8, 0x3C, 0x65, 0xFD, 0x9A, 0x68,
    0xD7, 0xDD, 0x89, 0x95, 0x5B, 0x92, 0x56, 0x5D, 0x22, 0x5A, 0x8B, 0xAD, 0x07, 0xFC, 0x9D, 0x98,
    0xDA, 0x51, 0xF0, 0x21, 0xEF, 0x0A, 0x0A, 0xF0, 0xEC, 0x53, 0x47, 0x8A, 0x14, 0x4D, 0x7B, 0x4C,
    0xF3, 0x01, 0xE3, 0x92, 0x0E, 0xC2, 0x20, 0xE7, 0x3F, 0x2B, 0x52, 0xC4, 0x8B, 0xE2, 0x71, 0xC6,
    0x4A, 0x72, 0x2D, 0xD8, 0x11, 0xC9, 0x4A, 0xBF, 0x6E, 0xDD, 0xCE, 0xC1, 0x62, 0xB1, 0xD8, 0x95,
    0x17, 0x42, 0x63, 0x12, 0x7B, 0x07, 0xC4, 0x39, 0xBF, 0x50, 0xD4, 0x09, 0x07, 0xC2, 0xF1, 0x6C,
    0x4F, 0x68, 0x1A, 0xC4, 0x87, 0x8A, 0x13, 0x64, 0x81, 0xEC, 0xC5, 0x46, 0x30, 0xBF, 0xE4, 0xF2,
    0x26, 0x82, 0x04, 0xF5, 0x26, 0x12, 0x42, 0x9E, 0xA5, 0x17, 0xEF, 0xBB, 0x43, 0x62, 0x50, 0x08,
    0x1F, 0xEF, 0xAF, 0xE1, 0x4E, 0xFC, 0x7C, 0x81, 0x83, 0x45, 0x93, 0xDD, 0x0A, 0xE2, 0x8E, 0xCA,
    0x4C, 0x52, 0xAA, 0xEF, 0xFC, 0x74, 0x23, 0xC1, 0xFB, 0x1D, 0x69, 0x5C, 0xB7, 0xE1, 0x7E, 0x26,
    0x1B, 0x21, 0xE7, 0x14, 0xF6, 0xBA, 0xF6, 0x1C, 0x2B, 0x25, 0x5C, 0xCA, 0x82, 0x72, 0x6A, 0x4A,
    0x1E, 0xB6, 0xCA, 0x5D, 0x94, 0x7A, 0x59, 0xE0, 0x4F, 0x36, 0x14, 0xA0, 0x91, 0x00, 0x77, 0xEE,
    0x50, 0x4C, 0xB3, 0xCE, 0xD5, 0x5D, 0x5C, 0x3B, 0x6D, 0x7C, 0x1D, 0x0E, 0xBE, 0x48, 0xAC, 0xD3,
    0xB1, 0x2F, 0x1A, 0xE3, 0x2B, 0xED, 0x60, 0x01, 0x3F, 0x8C, 0x07, 0x8A, 0x12, 0xB3, 0x16, 0x03,
    0xFB, 0xE2, 0x7A, 0xC6, 0x7E, 0x1E, 0xFB, 0x75, 0xF2, 0xC9, 0xE9, 0x54, 0x8D, 0x92, 0x68, 0xB6,
    0xBE, 0x08, 0xFD, 0xFE, 0x42, 0x92, 0x8E, 0x65, 0x1C, 0x01, 0xA4, 0xF0, 0x6A, 0xCE, 0x52, 0x51,
    0xA3, 0x50, 0xC0, 0xE7, 0xB2, 0xF4, 0x2B, 0x74, 0xE6, 0x9A, 0xAB, 0xFC, 0x78, 0xFE, 0x18, 0x89,
    0xFA, 0xC8, 0x3A, 0xDC, 0xDA, 0xF8, 0xFB, 0x6B, 0xFC, 0xCD, 0x5E, 0x9B, 0x8A, 0x83, 0x11, 0xFA,
    0x09, 0x50, 0x42, 0xD8, 0xDC, 0x10, 0x45, 0x0D, 0xA9, 0x52, 0xD8, 0x5F, 0xED, 0x35, 0x95, 0x92,
    0x3C, 0x49, 0xBE, 0x3B, 0xED, 0x34, 0xF1, 0xA0, 0x82, 0x9B, 0x02, 0x39, 0x7E, 0x17, 0x43, 0xF2,
    0x1F, 0x34, 0xE9, 0xE3, 0x5C, 0xF3, 0x80, 0x52, 0x2D, 0x14, 0xC5, 0x3A, 0x3E, 0x75, 0xAA, 0x7A,
    0x57, 0xD5, 0xBE, 0xE7, 0x9E, 0xB3, 0xCA, 0x4D, 0x70, 0x7C, 0x8D, 0xB0, 0x33, 0x9F, 0x10, 0xD9,
    0x7F, 0xA6, 0xDF, 0x33, 0x84, 0x9B, 0x79, 0x16, 0xF6, 0xEA, 0x75, 0x3E, 0x46, 0x75, 0x66, 0xEE,
    0x5D, 0x71, 0x5D, 0xFE, 0x7B, 0xFC, 0x7F, 0xA0, 0xDF, 0x93, 0xEB, 0xB2, 0x53, 0x2B, 0xCF, 0x57,
    0x8F, 0x7D, 0x4D, 0x28, 0x00, 0xFB, 0x3D, 0x81, 0x63, 0xB7, 0x42, 0x85, 0xC3, 0x8F, 0x15, 0xB0,
    0x84, 0x7E, 0x62, 0x05, 0xAE, 0x42, 0x0D, 0xAF, 0x00, 0xDC, 0x74, 0x84, 0x3A, 0x27, 0xA5, 0x21,
    0xD3, 0xF3, 0x5E, 0x55, 0xE5, 0x14, 0xA2, 0x71, 0x5A, 0xF5, 0x74, 0xB8, 0x58, 0x64, 0x50, 0xF0,
    0xB4, 0x86, 0x7A, 0x08, 0x38, 0x54, 0x98, 0x87, 0x83, 0x4D, 0xA6, 0x9B, 0x4E, 0x6A, 0x62, 0x65,
    0xAC, 0xD4, 0x84, 0x28, 0xC4, 0x5D, 0x14, 0x28, 0x47, 0x86, 0x88, 0x11, 0x18, 0xAD, 0x05, 0xD7,
    0xAA, 0x81, 0xCA, 0x3E, 0x5B, 0xEA, 0xD9, 0xDA, 0xF8, 0xB5, 0xBA, 0xE1, 0x3C, 0x29, 0x34, 0xC1,
    0x98, 0x1B, 0x8E, 0x01, 0xA2, 0x88, 0x02, 0xC8, 0xD1, 0xD0, 0x34, 0x42, 0xDF, 0xE0, 0x4E, 0xAC,
    0x1D, 0x48, 0xEF, 0xB4, 0x09, 0x17, 0x88, 0x18, 0x44, 0xB9, 0xE4, 0x63, 0x97, 0x2E, 0xBA, 0x80,
    0xE6, 0xE8, 0xAF, 0xA4, 0x5D, 0x8E, 0xAC, 0xF3, 0x62, 0xE1, 0x9F, 0xA7, 0x48, 0xD1, 0x3D, 0xC4,
    0xA1, 0x56, 0x70, 0x90, 0x97, 0x97, 0x69, 0x36, 0x49, 0x29, 0x47, 0x93, 0x98, 0x81, 0xAC, 0x05,
    0x00, 0x03, 0x80, 0x2B, 0x14, 0xFE, 0x62, 0xAF, 0x56, 0x6C, 0x6A, 0xF7, 0x76, 0xFB, 0x54, 0xE8,
    0x63, 0x95, 0x89, 0x7A, 0x82, 0x7D, 0x37, 0x0D, 0xF2, 0xA1, 0x6B, 0x90, 0x03, 0x69, 0x90, 0xB7,
    0xE9, 0x16, 0x1A, 0xE4, 0x6D, 0x42, 0x83, 0x8C, 0xE5, 0xD1, 0x20, 0x43, 0xA2, 0x41, 0x96, 0xC6,
    0x2A, 0xD7, 0xB0, 0xBB, 0x70, 0xC3, 0xCF, 0xEE, 0x94, 0xB4, 0x1B, 0x39, 0x88, 0xAC, 0x06, 0x3D,
    0x41, 0x86, 0x00, 0xB1, 0x33, 0x53, 0xD8, 0x4A, 0x83, 0x0C, 0x89, 0x06, 0xF9, 0x1F, 0xDA, 0x20,
    0x7F, 0x2B, 0x0D, 0x32, 0x8E, 0x3C, 0xE4, 0x39, 0x96, 0x06, 0x59, 0xD9, 0x17, 0x68, 0x99, 0x1D,
    0x89, 0xB9, 0x33, 0x85, 0xFE, 0x5C, 0x25, 0x62, 0x86, 0x28, 0xE1, 0xBA, 0xAB, 0xD1, 0xE8, 0x55,
    0x76, 0xA7, 0xDC, 0xF9, 0x6D, 0x8C, 0x79, 0xC1, 0x81, 0x16, 0x71, 0x9F, 0x1C, 0x57, 0xBC, 0xEC,
    0xD2, 0xCC, 0x8C, 0x68, 0xEE, 0x25, 0xCF, 0x56, 0x79, 0xF4, 0xB3, 0xD7, 0x44, 0xBE, 0x49, 0x8E,
    0x53, 0xFF, 0x57, 0x39, 0x39, 0xA4, 0x36, 0x52, 0x9C, 0xBC, 0x6E, 0x87, 0xA4, 0x79, 0xBF, 0x27,
    0x46, 0xF5, 0xE7, 0xAF, 0xF1, 0x62, 0x97, 0xB4, 0x5B, 0x50, 0x3E, 0x0F, 0x1C, 0x51, 0xB5, 0x9A,
    0xC6, 0xC1, 0x95, 0xAB, 0x16, 0x99, 0x94, 0xD8, 0x6F, 0xF6, 0x3A, 0x29, 0xE1, 0x42, 0xD6, 0xDA,
    0x8C, 0xCD, 0xBB, 0xF5, 0x66, 0xCA, 0xD3, 0x73, 0x37, 0xB8, 0x75, 0xA0, 0xC6, 0xEB, 0x51, 0xB9,
    0x43, 0xE7, 0x0C, 0xB2, 0x89, 0x8C, 0x4C, 0x5B, 0xE1, 0x68, 0xA5, 0x83, 0x9A, 0x94, 0x9F, 0x37,
    0xE5, 0xB8, 0x96, 0x42, 0x7E, 0xFC, 0x4F, 0x25, 0x09, 0x59, 0x67, 0x4B, 0xC7, 0x18, 0x30, 0x2A,
    0xD1, 0x5B, 0xAE, 0x71, 0x60, 0xE9, 0xF4, 0x12, 0x1D, 0x6F, 0x84, 0x41, 0x1D, 0x9F, 0x66, 0x27,
    0x32, 0x51, 0x19, 0xD3, 0x89, 0xDC, 0x51, 0x29, 0x40, 0xB0, 0x17, 0x5B, 0x05, 0x52, 0x86, 0x12,
    0x90, 0xA5, 0xF3, 0x75, 0x2F, 0xA2, 0xD7, 0xD6, 0xFD, 0x32, 0x3B, 0x61, 0x4A, 0xFF, 0xB1, 0x41,
    0xB9, 0xA3, 0x0D, 0x57, 0x0D, 0xFE, 0xBF, 0x3D, 0x5F, 0x15, 0xEE, 0x4B, 0xC3, 0x1D, 0x08, 0x86,
    0xFD, 0x27, 0x8D, 0x79, 0x22, 0x87, 0x44, 0x67, 0xF0, 0xDD, 0x05, 0x96, 0x31, 0xF8, 0x08, 0x0B,
    0xB9, 0x35, 0x70, 0x01, 0x67, 0x98, 0xB1, 0x89, 0x84, 0xDD, 0xD8, 0xF8, 0xA7, 0xAA, 0x52, 0xF5,
    0x05, 0x4F, 0xA2, 0xBE, 0x62, 0x7E, 0xCF, 0x25, 0x28, 0x3E, 0xA3, 0x92, 0x4C, 0x4E, 0x42, 0x4A,
    0x0B, 0xED, 0x86, 0xF3, 0x46, 0x4E, 0xBA, 0x19, 0x8F, 0xD7, 0xEF, 0x94, 0x14, 0x96, 0xF7, 0x1D,
    0xDF, 0xA6, 0x3E, 0x7F, 0x7D, 0xCC, 0xEB, 0xA6, 0xD0, 0xF5, 0xB1, 0x8E, 0x55, 0x37, 0xBF, 0xEA,
    0x27, 0xD2, 0xFF, 0x1A, 0xCF, 0xCD, 0xD2, 0x74, 0xD1, 0x05, 0x3E, 0xAE, 0xDC, 0x31, 0xDE, 0xD0,
    0x79, 0x7E, 0xBE, 0x7B, 0x92, 0xAD, 0xE7, 0xC0, 0x90, 0xC3, 0x8A, 0x7B, 0xBB, 0x7E, 0xDE, 0x69,
    0x10, 0x85, 0x7E, 0x0C, 0x73, 0xBB, 0x8E, 0xEE, 0xBF, 0x00, 0x2D, 0xCA, 0xB1, 0x0D, 0x80, 0x30,
    0x10, 0x43, 0x51, 0x5F, 0x45, 0xC1, 0x10, 0x59, 0x80, 0x11, 0x90, 0x32, 0x0F, 0x23, 0x50, 0x65,
    0x1D, 0x46, 0xA0, 0xE3, 0x42, 0x4A, 0x0A, 0x56, 0xB8, 0x8E, 0x36, 0x03, 0x20, 0x0E, 0x47, 0x50,
    0x3C, 0xE9, 0x4B, 0x36, 0x30, 0x01, 0x9D, 0x2B, 0xC2, 0x65, 0x88, 0xB9, 0x22, 0x69, 0x85, 0x37,
    0x6C, 0xDF, 0xA9, 0x98, 0x78, 0x51, 0xF1, 0x83, 0x4E, 0x88, 0x3F, 0x74, 0x53, 0x25, 0x45, 0x4F,
    0x89, 0x66, 0x92, 0x1F, 0x3E, 0x03, 0x8D, 0xD8, 0x6C, 0x45, 0xE4, 0x39, 0xB4, 0x71, 0xC1, 0x0B,
    0xB5, 0x57, 0x31, 0x8F, 0xDC, 0x44, 0x14, 0x1E, 0xCF, 0x1C, 0xE7, 0x20, 0x23, 0xCD, 0x15, 0x41,
    0x42, 0x10, 0xF0, 0x95, 0x28, 0x3A, 0x9D, 0x9B, 0x2B, 0x0E, 0x69, 0x77, 0x6D, 0x89, 0x3F, 0x90,
    0x82, 0x88, 0x36, 0x35, 0x15, 0x45, 0x8A, 0x2B, 0xEE, 0xB4, 0x2B, 0x52, 0xD2, 0x50, 0xF0, 0x03,
    0xA8, 0xA1, 0x80, 0x82, 0x72, 0x0F, 0x1B, 0x51, 0xD0, 0x9A, 0xA4, 0xA0, 0xA0, 0x88, 0xA5, 0xFC,
    0x80, 0x18, 0x6E, 0x11, 0x86, 0xD8, 0x1E, 0xDE, 0xCC, 0x7B, 0x6F, 0x6E, 0xD7, 0xDE, 0x15, 0x0A,
    0x1C, 0x96, 0x36, 0x33, 0xB9, 0x37, 0x9E, 0x79, 0xEF, 0x9B, 0xEF, 0xBD, 0xF7, 0x59, 0x08, 0xFF,
    0x1C, 0xF1, 0x64, 0x45, 0xA3, 0xAA, 0x69, 0x12, 0x17, 0x34, 0x31, 0x19, 0x8E, 0x51, 0x4F, 0x7F,
    0x98, 0x1B, 0x7C, 0xFA, 0x9C, 0x26, 0x9D, 0x66, 0x53, 0x60, 0x78, 0xBF, 0x94, 0x5F, 0x8F, 0x2A,
    0xB6, 0xF1, 0xCE, 0xE2, 0x8C, 0x27, 0xB7, 0xD8, 0xB4, 0x80, 0x83, 0x4B, 0x58, 0x0B, 0x4B, 0x74,
    0x23, 0x44, 0xD2, 0xD9, 0x53, 0xE0, 0x68, 0x53, 0xA8, 0x17, 0xCF, 0x2B, 0xFD, 0xE4, 0x49, 0x93,
    0xA8, 0xF2, 0xE2, 0x44, 0x95, 0x91, 0x5B, 0x77, 0xE3, 0x3F, 0x70, 0x36, 0x60, 0xA7, 0x0E, 0x79,
    0x32, 0xE1, 0x49, 0x9C, 0x71, 0x2C, 0x25, 0xA3, 0xD4, 0xF8, 0x80, 0xD9, 0x96, 0x57, 0x8C, 0x4B,
    0xE7, 0x71, 0xF1, 0xA6, 0x01, 0x3A, 0x8A, 0xD1, 0xD6, 0x8C, 0x52, 0x3C, 0x3A, 0xF4, 0x40, 0xA0,
    0x5F, 0xFF, 0x43, 0xBC, 0x87, 0xAA, 0x94, 0x53, 0x55, 0x1E, 0xEB, 0x47, 0x3F, 0xB5, 0xEA, 0xEA,
    0x97, 0x3A, 0x00, 0x9C, 0x45, 0x0E, 0x91, 0xA4, 0x70, 0x8F, 0x71, 0x0B, 0x6E, 0xC1, 0x3D, 0x28,
    0x70, 0x5A, 0x16, 0x6B, 0x17, 0x75, 0xC8, 0xEE, 0x4D, 0xF8, 0x32, 0x63, 0xBE, 0x5E, 0x0D, 0xFB,
    0x26, 0x05, 0xE2, 0x82, 0x88, 0x48, 0x23, 0x74, 0xB7, 0x13, 0x17, 0xA2, 0x92, 0xA9, 0x90, 0x5C,
    0xB2, 0xE7, 0xD7, 0x57, 0x78, 0x2E, 0xE2, 0x62, 0x41, 0x3A, 0xE6, 0x43, 0x4F, 0xED, 0x64, 0x8F,
    0x70, 0x11, 0xC0, 0x17, 0x59, 0x21, 0x59, 0x2D, 0x5F, 0xAC, 0xCF, 0xD6, 0x77, 0x63, 0x32, 0x09,
    0xB1, 0x44, 0x57, 0xCF, 0xEA, 0xE4, 0x51, 0xB5, 0x3C, 0x55, 0xD5, 0x3B, 0x6E, 0xBF, 0x97, 0xF8,
    0xD9, 0x77, 0xEC, 0xBB, 0x76, 0x0F, 0xBB, 0x97, 0xDD, 0xF3, 0x1A, 0x97, 0x06, 0xCF, 0xB4, 0x67,
    0x83, 0x0F, 0xEF, 0x11, 0xD5, 0xFB, 0xCF, 0xED, 0x90, 0x18, 0xE3, 0x40, 0x31, 0xBD, 0x8D, 0x89,
    0xA2, 0xD7, 0x78, 0xE5, 0xD1, 0x73, 0x87, 0x64, 0xF8, 0xA3, 0xCB, 0x81, 0xF0, 0xFB, 0xD6, 0x0D,
    0xC5, 0xDC, 0x91, 0x61, 0xE1, 0x52, 0x4D, 0x65, 0xA1, 0x35, 0x2A, 0x11, 0xB4, 0x94, 0x66, 0x1B,
    0x79, 0x18, 0x62, 0xF6, 0x6C, 0x37, 0x46, 0x68, 0x94, 0x64, 0xCC, 0x71, 0x48, 0xB6, 0x1A, 0xBF,
    0x23, 0x23, 0x0E, 0x7B, 0xC4, 0x4C, 0x4E, 0x6D, 0xC7, 0xE6, 0x37, 0x73, 0x83, 0x74, 0x35, 0xE8,
    0xFD, 0xBE, 0xA1, 0xFC, 0xA6, 0xA0, 0x44, 0x4A, 0x7B, 0xB5, 0x2D, 0xD5, 0x8C, 0x96, 0xD8, 0xBC,
    0x44, 0xB3, 0x38, 0x47, 0x33, 0xB2, 0x19, 0x10, 0x3B, 0x25, 0xB2, 0xDF, 0x46, 0x33, 0xBD, 0x2D,
    0xD6, 0x23, 0xF3, 0x05, 0x87, 0x42, 0x0B, 0xFE, 0x9D, 0x99, 0x37, 0x7F, 0x83, 0xC6, 0x77, 0x71,
    0x98, 0x51, 0xD4, 0x8B, 0xF5, 0x9A, 0x24, 0x9B, 0x4D, 0x48, 0xB6, 0x1A, 0x29, 0xF4, 0x14, 0x8D,
    0xBA, 0xDA, 0xC8, 0xFF, 0x91, 0xF1, 0x01, 0xB2, 0xF8, 0x1B, 0xFB, 0xDF, 0x4E, 0x38, 0xDF, 0xD2,
    0xCC, 0x0D, 0xBA, 0x74, 0x83, 0xFA, 0x1D, 0x1D, 0x36, 0x58, 0x02, 0x52, 0xB7, 0x51, 0xF0, 0x75,
    0x8B, 0x78, 0xDB, 0x41, 0x19, 0x82, 0xFB, 0x2D, 0x2A, 0x17, 0xAF, 0x88, 0x8D, 0x47, 0x8B, 0xCD,
    0x48, 0xDB, 0xCD, 0xC2, 0xAD, 0x8B, 0x1B, 0x33, 0x87, 0x84, 0x72, 0x48, 0x28, 0x47, 0x19, 0xA2,
    0x1C, 0x2D, 0xF0, 0x12, 0x22, 0xE4, 0xB1, 0x88, 0x90, 0xD6, 0x42, 0x3F, 0x2D, 0xD6, 0x49, 0xEF,
    0xE9, 0x42, 0x29, 0x61, 0x33, 0xC4, 0xC1, 0x97, 0xFE, 0x89, 0x45, 0x73, 0x2A, 0xB6, 0x3E, 0xAA,
    0x18, 0x56, 0x47, 0xCD, 0x45, 0x36, 0xE1, 0x35, 0x33, 0x9E, 0x2C, 0x79, 0xD2, 0x50, 0x3B, 0x93,
    0x35, 0xB5, 0x33, 0x17, 0x92, 0xFD, 0x27, 0x2C, 0x89, 0x1F, 0x6E, 0x3F, 0x5B, 0x71, 0xEC, 0x7E,
    0xAE, 0x06, 0xA5, 0x3B, 0xDB, 0x59, 0xD0, 0x50, 0xC1, 0xC6, 0xFD, 0xA0, 0x9D, 0xB9, 0xC2, 0x64,
    0xD9, 0x11, 0x16, 0xD4, 0xCE, 0xC8, 0xBF, 0x33, 0x6E, 0x10, 0xB7, 0x3C, 0xAA, 0xD7, 0xA1, 0x6D,
    0xFA, 0x27, 0x78, 0x3F, 0x41, 0x85, 0xCE, 0xED, 0x94, 0x8D, 0x31, 0x18, 0xAF, 0x8A, 0x3C, 0x18,
    0x8B, 0x61, 0xCF, 0xF0, 0xA7, 0x5E, 0x70, 0xEF, 0x6A, 0xB9, 0x8D, 0xAC, 0xC8, 0x35, 0x59, 0x53,
    0xEF, 0x52, 0x15, 0x71, 0x37, 0x2A, 0xA8, 0x77, 0xC1, 0x7E, 0xBB, 0x7A, 0xD7, 0x25, 0xF7, 0xAE,
    0x96, 0x7B, 0xD7, 0x8A, 0x7A, 0x97, 0xE4, 0xE8, 0xC1, 0xBF, 0x98, 0xFD, 0x9B, 0xB0, 0x7F, 0x07,
    0x3B, 0x2E, 0xEB, 0x5C, 0x6C, 0xB2, 0xEE, 0x5A, 0x76, 0x88, 0x11, 0x06, 0x47, 0xE2, 0x6D, 0x5E,
    0x72, 0x4E, 0x14, 0x25, 0x50, 0xE2, 0x82, 0xB2, 0x30, 0xCF, 0xE6, 0xC8, 0xC7, 0x3E, 0x34, 0x3B,
    0x94, 0x49, 0xDC, 0x47, 0x68, 0x82, 0x86, 0x64, 0x16, 0xA4, 0x4C, 0x92, 0x92, 0x12, 0x9D, 0x8B,
    0x6A, 0xCD, 0xB7, 0x73, 0xC6, 0xFD, 0xF7, 0x8E, 0x78, 0xD5, 0xFB, 0x65, 0xF9, 0x68, 0x57, 0xEA,
    0xD5, 0xB0, 0xD3, 0x94, 0xE1, 0xB3, 0x9F, 0xEB, 0xF8, 0xFD, 0xB2, 0x9D, 0xA8, 0x2A, 0x46, 0xF5,
    0x62, 0xED, 0x6B, 0xEA, 0xE5, 0x8F, 0xA7, 0xB5, 0xFE, 0xE1, 0x71, 0x33, 0x53, 0xE5, 0x0C, 0xBA,
    0xEE, 0xFE, 0x7F, 0x51, 0x26, 0x0F, 0x58, 0x99, 0x9C, 0xB2, 0x93, 0x09, 0x27, 0x86, 0x2E, 0xE8,
    0x76, 0xC3, 0x15, 0xDD, 0xAE, 0xEC, 0x59, 0x99, 0x98, 0x32, 0xAF, 0x77, 0x28, 0x13, 0x30, 0x39,
    0x20, 0x55, 0x4F, 0xB7, 0x1B, 0xD5, 0xA4, 0x4C, 0xF4, 0x82, 0xB8, 0x3D, 0x65, 0x96, 0x3D, 0xC4,
    0x1A, 0xCE, 0xCA, 0x44, 0xDC, 0x43, 0x8E, 0xBE, 0xE4, 0xEF, 0x50, 0xD6, 0xFB, 0x33, 0x59, 0x1F,
    0xEB, 0xC7, 0xBF, 0x36, 0xEA, 0xAF, 0x17, 0xB5, 0xC5, 0xC8, 0x61, 0x95, 0xF4, 0x88, 0x5D, 0xB8,
    0x12, 0x13, 0x55, 0xC7, 0xF1, 0x27, 0xF5, 0x32, 0xFC, 0xED, 0xCA, 0x76, 0xE0, 0x12, 0x94, 0xC9,
    0x42, 0xA4, 0x06, 0xB1, 0x8F, 0xA8, 0x03, 0x07, 0xD5, 0x90, 0x33, 0x47, 0x58, 0xA1, 0x88, 0x52,
    0x50, 0xCB, 0xB1, 0xA4, 0xF5, 0xD4, 0x1A, 0x2C, 0x2E, 0x0E, 0x11, 0xE0, 0x0E, 0xCA, 0x8F, 0x34,
    0x23, 0xBE, 0x00, 0x18, 0x88, 0x8B, 0xED, 0xF0, 0x3D, 0xF5, 0x18, 0x44, 0xC4, 0x0A, 0x9B, 0x94,
    0x95, 0x09, 0x36, 0x86, 0x8E, 0x95, 0x2C, 0xBC, 0x8F, 0x4A, 0xD6, 0x26, 0xA4, 0x53, 0xB2, 0x72,
    0xC8, 0xE1, 0xF3, 0x61, 0xF2, 0x7B, 0x0D, 0xEC, 0x65, 0x76, 0x58, 0x6E, 0x14, 0x3B, 0xD8, 0x47,
    0x7F, 0x41, 0x9A, 0x27, 0x61, 0xA1, 0x35, 0x63, 0xA1, 0xB5, 0x64, 0xA1, 0xD5, 0x90, 0xD0, 0x92,
    0x35, 0x09, 0x2D, 0xD8, 0x6F, 0x97, 0xD0, 0x82, 0x0A, 0x80, 0x42, 0x2B, 0x65, 0xA1, 0x35, 0x65,
    0xA1, 0xB5, 0x64, 0xA1, 0xD5, 0x90, 0xD0, 0x92, 0xD4, 0xAA, 0xF7, 0xC0, 0x88, 0x49, 0x1C, 0x8E,
    0x8A, 0xB1, 0x57, 0xC3, 0xE3, 0x62, 0x77, 0x7B, 0x9C, 0xC4, 0xF4, 0x7C, 0x3B, 0xFA, 0xBC, 0x40,
    0x0F, 0x2B, 0x82, 0xDE, 0xD4, 0x91, 0xF9, 0xD2, 0x3D, 0x8B, 0x39, 0x17, 0x87, 0x9C, 0x51, 0x8B,
    0x7B, 0x34, 0x7D, 0x26, 0x29, 0xAE, 0x1A, 0xF8, 0xE0, 0x9E, 0xF2, 0x5A, 0x92, 0xCB, 0xF1, 0xE7,
    0xC5, 0x9D, 0x7F, 0xF8, 0xBC, 0xE8, 0xE7, 0x85, 0x6A, 0x93, 0x4A, 0x37, 0x49, 0x73, 0xDC, 0x24,
    0x17, 0x27, 0x4D, 0x12, 0x89, 0x06, 0xAA, 0xD6, 0x8D, 0xFF, 0x00, 0xDC, 0x03, 0x52, 0x5A, 0x92,
    0xD1, 0x0B, 0xAA, 0x21, 0x39, 0x2C, 0xED, 0xEE, 0xBA, 0x40, 0xF3, 0x92, 0x61, 0x69, 0xC4, 0x47,
    0xEE, 0x2F, 0x5F, 0xF1, 0x77, 0x46, 0x60, 0xFC, 0xC7, 0x44, 0x75, 0x97, 0x4C, 0xBC, 0x78, 0xC5,
    0x05, 0x90, 0x3B, 0xC4, 0x25, 0xEF, 0xCC, 0xD8, 0x78, 0x41, 0x8F, 0xE2, 0x0F, 0x2A, 0xCB, 0x14,
    0x4A, 0xC8, 0x14, 0x18, 0x7C, 0xC3, 0xBF, 0x93, 0xA9, 0xFE, 0x34, 0x99, 0xEA, 0x4B, 0xDD, 0xE9,
    0x46, 0x75, 0x90, 0x73, 0x06, 0x4A, 0xB5, 0x4D, 0x62, 0x8B, 0xBD, 0x4D, 0x74, 0x45, 0x45, 0x41,
    0x58, 0x8F, 0x5E, 0x1B, 0x5E, 0x9D, 0xCF, 0x93, 0xC8, 0x50, 0x66, 0xD2, 0x85, 0xB7, 0x81, 0xB9,
    0xEF, 0x9E, 0x7B, 0xBA, 0xA7, 0x89, 0x27, 0x3B, 0xD3, 0xBF, 0xF5, 0x5F, 0xAA, 0x82, 0x16, 0x7F,
    0xC0, 0x74, 0xEB, 0xAC, 0xBA, 0xA2, 0x54, 0x5F, 0x8D, 0x48, 0xBA, 0xFD, 0x79, 0xB8, 0x46, 0xF3,
    0x94, 0xF1, 0x65, 0xD6, 0x8A, 0xD7, 0xDD, 0x01, 0x1F, 0x76, 0xFE, 0xC4, 0x32, 0x65, 0x37, 0xBC,
    0x63, 0xB8, 0xE6, 0xBE, 0xA1, 0xA0, 0xA4, 0xC9, 0xE6, 0x7C, 0xBB, 0x39, 0xF3, 0x78, 0x90, 0x5B,
    0xFE, 0x33, 0xF0, 0x63, 0x21, 0xFE, 0x06, 0xBD, 0x57, 0xBF, 0x8F, 0xDD, 0x44, 0x10, 0x1E, 0x3F,
    0x2B, 0x3C, 0x09, 0x17, 0x7B, 0x12, 0x49, 0x95, 0xC2, 0x0D, 0x05, 0x89, 0x44, 0xFC, 0x0F, 0xE4,
    0xDE, 0x5A, 0x34, 0x94, 0xA4, 0xE0, 0x1A, 0x68, 0x52, 0x53, 0x53, 0x5E, 0xB4, 0xE6, 0x2F, 0xA0,
    0x81, 0x8A, 0x86, 0x12, 0x82, 0x04, 0x29, 0x91, 0xB8, 0x8B, 0x2D, 0x28, 0x68, 0x0D, 0x11, 0x4A,
    0x41, 0x81, 0x8B, 0x74, 0x14, 0xE7, 0x80, 0x25, 0x1C, 0xE2, 0xE7, 0xE5, 0xFB, 0x66, 0xED, 0xF7,
    0xEE, 0x67, 0x48, 0x50, 0x84, 0xEF, 0xF6, 0x7B, 0x7E, 0xF6, 0xEC, 0xCC, 0x37, 0xB3, 0x33, 0xB3,
    0xFB, 0xA2, 0x4F, 0x44, 0x64, 0xE9, 0x6B, 0x60, 0x36, 0x00, 0x62, 0x9F, 0x03, 0xF5, 0xBB, 0xED,
    0x00, 0x29, 0x1F, 0x9A, 0x11, 0x90, 0x78, 0x7D, 0x5D, 0x88, 0xBC, 0xE6, 0x2B, 0x7C, 0x83, 0x4C,
    0x79, 0xE4, 0x9B, 0x78, 0x5C, 0xF8, 0x36, 0x19, 0xC4, 0xB7, 0xA6, 0x97, 0xB2, 0xC5, 0x24, 0xD7,
    0xDA, 0x56, 0x6C, 0x00, 0xB7, 0xB9, 0xB3, 0xBD, 0xB8, 0xC6, 0x0E, 0x52, 0x56, 0x50, 0xE9, 0x73,
    0x68, 0x1B, 0x65, 0xE1, 0x1F, 0xF6, 0x22, 0x8E, 0xD6, 0xA2, 0x2F, 0x45, 0xAF, 0x7D, 0x45, 0x1A,
    0x2D, 0x3D, 0xEC, 0x1B, 0xEF, 0x5B, 0x4A, 0x78, 0x0A, 0x17, 0x89, 0x2F, 0x96, 0xBD, 0x98, 0xB2,
    0x36, 0x8D, 0x64, 0xA6, 0xCD, 0x2A, 0x59, 0xC5, 0xBD, 0x15, 0x39, 0x88, 0x86, 0x92, 0x93, 0x86,
    0xB5, 0x44, 0x9D, 0xAC, 0x07, 0x89, 0x5B, 0x39, 0x04, 0xD6, 0xBC, 0x37, 0x95, 0x62, 0x21, 0xC3,
    0x28, 0x99, 0x50, 0x72, 0x25, 0x98, 0x55, 0x1C, 0xC8, 0xB2, 0xCD, 0xEA, 0x5E, 0xD2, 0xC6, 0x3C,
    0x69, 0x41, 0x2B, 0xF6, 0xED, 0x55, 0xB8, 0xE8, 0xBD, 0x07, 0xA7, 0x94, 0xEE, 0xC1, 0xD2, 0x23,
    0xC6, 0x45, 0x29, 0xAD, 0x14, 0x2F, 0xCB, 0xF1, 0xEB, 0x26, 0x21, 0x22, 0x59, 0x49, 0x19, 0x22,
    0xB1, 0x7E, 0x8B, 0xDF, 0x31, 0x54, 0xF2, 0x07, 0x62, 0x25, 0xD1, 0x63, 0x6A, 0x8B, 0x6B, 0xDF,
    0x20, 0xD6, 0x55, 0x09, 0x8F, 0x92, 0xC2, 0xD1, 0x3B, 0x41, 0x54, 0xA0, 0x1F, 0x61, 0x81, 0xFE,
    0x74, 0x4D, 0xF7, 0x0D, 0x26, 0xF7, 0x44, 0x78, 0xB2, 0xF4, 0x39, 0x3C, 0x89, 0x7D, 0x15, 0x37,
    0xC4, 0xA4, 0x42, 0x10, 0x1A, 0xF8, 0x83, 0x60, 0xA7, 0x39, 0xD1, 0x7E, 0xBA, 0xB7, 0xE7, 0x7B,
    0x0B, 0xCE, 0x7E, 0x50, 0xEC, 0x03, 0x31, 0xDE, 0xFA, 0x36, 0x60, 0xF9, 0x64, 0x6F, 0xEF, 0xFD,
    0xC6, 0xE1, 0x4D, 0x52, 0xD1, 0x90, 0xA9, 0x32, 0x18, 0x4A, 0x73, 0x32, 0xB6, 0x6A, 0x6E, 0x85,
    0xD5, 0xCC, 0xE5, 0x40, 0x17, 0xB7, 0xA7, 0xA1, 0xA8, 0x85, 0xA1, 0x7A, 0x01, 0x9E, 0x58, 0xDF,
    0x9A, 0x86, 0x60, 0x1A, 0xEB, 0x8A, 0x20, 0x82, 0xB1, 0xA1, 0x8B, 0xC3, 0x0D, 0x4D, 0x8E, 0x9B,
    0x9A, 0x1D, 0xFB, 0x9A, 0x1E, 0x9D, 0x66, 0x52, 0xAB, 0x59, 0x02, 0x47, 0xA1, 0xA2, 0x62, 0x78,
    0x02, 0xA5, 0x7A, 0x13, 0xB4, 0xEB, 0x77, 0xF5, 0x2A, 0x94, 0xAF, 0xF7, 0x45, 0xEC, 0xC7, 0xBB,
    0x5F, 0x81, 0x78, 0xC4, 0xA9, 0x3A, 0x9A, 0x7F, 0xF9, 0xAC, 0x5F, 0xF0, 0xB3, 0x79, 0xC1, 0xCF,
    0x93, 0x23, 0x9A, 0xC6, 0x55, 0xE4, 0x20, 0x07, 0x78, 0x57, 0x48, 0xC8, 0x6A, 0xF6, 0xE7, 0xDA,
    0xDE, 0x7B, 0x39, 0xC7, 0xFC, 0x7C, 0xE9, 0x07, 0x84, 0xA1, 0xDF, 0xCC, 0x3B, 0xAB, 0xB3, 0x79,
    0x49, 0x9F, 0xFF, 0xCD, 0xBF, 0x99, 0x53, 0xA2, 0xE1, 0x5F, 0xCB, 0xB4, 0x0E, 0xD5, 0x15, 0xF5,
    0xE6, 0x92, 0xAE, 0xCF, 0xD7, 0xE1, 0x29, 0xCA, 0xA0, 0x12, 0x07, 0xC9, 0x4A, 0x4C, 0x1E, 0x73,
    0x4E, 0x21, 0xF0, 0x2C, 0x2E, 0xC4, 0x8D, 0x12, 0x21, 0x73, 0xB5, 0x59, 0x18, 0x8D, 0x45, 0xAC,
    0x2B, 0x2F, 0x21, 0x03, 0xDD, 0x9A, 0x98, 0x69, 0x1D, 0x18, 0xC5, 0x58, 0xAB, 0x24, 0x56, 0x19,
    0xA3, 0xC9, 0x60, 0x39, 0x57, 0x20, 0x98, 0x4B, 0xDC, 0x31, 0x41, 0xF0, 0x38, 0xAE, 0xC4, 0x16,
    0xC8, 0x53, 0xC1, 0x1C, 0x57, 0x2C, 0xC8, 0x21, 0x57, 0x9E, 0xD0, 0xE5, 0x43, 0xEC, 0x27, 0xC6,
    0xC3, 0x14, 0x7D, 0xE5, 0x99, 0x97, 0x9A, 0x49, 0x8A, 0x21, 0xBF, 0x24, 0xDC, 0x97, 0x3A, 0x6B,
    0xBE, 0xDE, 0x54, 0xDC, 0x7D, 0x4E, 0xBC, 0x7E, 0xB7, 0x3C, 0xA3, 0x67, 0xF7, 0xB9, 0x35, 0xBC,
    0xB1, 0xED, 0x12, 0xDF, 0x62, 0xC0, 0x41, 0x96, 0x13, 0xEA, 0x98, 0xDE, 0xB1, 0x1B, 0x69, 0x5B,
    0xB1, 0x53, 0xC7, 0x1B, 0x82, 0x48, 0x7C, 0x8E, 0xC8, 0x6A, 0x2B, 0x12, 0xCD, 0x22, 0xF5, 0xF9,
    0x22, 0x3B, 0x93, 0xC1, 0x83, 0x89, 0x05, 0xB5, 0xB3, 0x4F, 0xB0, 0x63, 0x2C, 0xAB, 0xA0, 0x9A,
    0x2C, 0xA4, 0x7F, 0x11, 0xA1, 0xD5, 0xD4, 0x02, 0xCD, 0x2C, 0x54, 0x07, 0x16, 0xD1, 0x2C, 0xB4,
    0x93, 0x55, 0xAE, 0xF5, 0x9D, 0xEF, 0x4A, 0xF4, 0xD3, 0xA9, 0xFF, 0x0C, 0x1B, 0x8C, 0x14, 0x17,
    0x9A, 0x17, 0xB1, 0xF6, 0x88, 0xF8, 0x97, 0x5B, 0x44, 0x2D, 0xA0, 0x24, 0x60, 0x21, 0x76, 0x44,
    0x37, 0x64, 0xE7, 0x34, 0x6C, 0xBE, 0x92, 0x6A, 0xDE, 0xDC, 0x60, 0x5B, 0x29, 0x76, 0x39, 0xB1,
    0xBA, 0xA9, 0xB8, 0xAF, 0x6D, 0x85, 0x11, 0xF5, 0x0D, 0x75, 0xF9, 0x96, 0x2C, 0x9C, 0xA2, 0x7D,
    0x4C, 0xCC, 0xFE, 0x6E, 0x36, 0x39, 0x19, 0x30, 0x99, 0xF2, 0xB3, 0xD8, 0x6C, 0x6F, 0x91, 0xA6,
    0xA4, 0x68, 0x92, 0xCA, 0x87, 0x9A, 0xB0, 0x3D, 0xF7, 0x17, 0xBC, 0xF6, 0xB9, 0x01, 0x49, 0x6C,
    0x3B, 0x8D, 0x05, 0x71, 0x64, 0x5D, 0x87, 0x4D, 0x0E, 0x31, 0xF0, 0x6B, 0xEC, 0x5F, 0x58, 0xCA,
    0x0C, 0x55, 0x67, 0x8A, 0x56, 0x55, 0x2F, 0x0B, 0x36, 0x67, 0x66, 0x6D, 0xA8, 0xAA, 0xB8, 0x68,
    0xD5, 0xE9, 0x65, 0x3E, 0x50, 0x13, 0x5C, 0x71, 0x45, 0xF6, 0xB1, 0xAF, 0xEF, 0x33, 0x4B, 0x97,
    0xCC, 0x59, 0xE3, 0x87, 0x88, 0x3B, 0x1A, 0x8B, 0xC5, 0x92, 0xD6, 0x07, 0xB9, 0x2C, 0xBE, 0x60,
    0xD5, 0xB9, 0xDC, 0xBF, 0x8C, 0x3F, 0x39, 0x84, 0x77, 0x70, 0x31, 0xC5, 0x42, 0xD8, 0x33, 0xE3,
    0x9E, 0xD8, 0x9F, 0x61, 0xF8, 0x41, 0x23, 0xF6, 0x21, 0x2A, 0xED, 0x37, 0x8C, 0xA3, 0x5C, 0xB7,
    0x2B, 0xBB, 0x16, 0xDD, 0x85, 0xB8, 0x1F, 0x61, 0xBB, 0x16, 0xDB, 0x6C, 0xE7, 0xB9, 0x7A, 0xEA,
    0x35, 0x35, 0x77, 0x05, 0xF5, 0x38, 0x61, 0x14, 0xCA, 0x5A, 0x52, 0xBC, 0xB7, 0x18, 0xFB, 0x18,
    0x03, 0xC6, 0xE7, 0xF6, 0x3C, 0xBB, 0xF0, 0x33, 0xCB, 0xE1, 0xE3, 0x2D, 0xF7, 0x76, 0xE7, 0xDF,
    0xF9, 0x5F, 0xFE, 0x4D, 0x77, 0x98, 0xD4, 0x88, 0x04, 0xF6, 0xEB, 0xF4, 0x27, 0xFA, 0xF6, 0xE0,
    0x62, 0xB8, 0x43, 0x18, 0x00, 0x58, 0x78, 0x40, 0x43, 0xA8, 0x08, 0x08, 0xCD, 0x83, 0x71, 0x96,
    0xFB, 0x95, 0x70, 0x44, 0xF0, 0x1B, 0x78, 0x4A, 0xF8, 0x73, 0x56, 0x55, 0x12, 0x3C, 0x20, 0x26,
    0x24, 0x04, 0x43, 0xB0, 0x7C, 0x7B, 0xED, 0x59, 0x0C, 0x4E, 0xC0, 0x0F, 0x80, 0xEC, 0x2D, 0x26,
    0xB7, 0x2C, 0xA7, 0x43, 0x05, 0xF3, 0x77, 0xCD, 0x25, 0x8D, 0x07, 0xC3, 0xF6, 0x30, 0xB0, 0x06,
    0xCD, 0x10, 0x21, 0xA3, 0x8D, 0xF6, 0xDB, 0x54, 0x31, 0x0B, 0xA8, 0x53, 0xED, 0x71, 0x6C, 0x9F,
    0x85, 0xEE, 0x18, 0x96, 0xCD, 0x69, 0xD4, 0x93, 0xE0, 0x8C, 0xD5, 0x19, 0x44, 0xAA, 0xED, 0x6B,
    0x35, 0xF9, 0x85, 0x9E, 0xD9, 0x7E, 0x6C, 0x37, 0x84, 0x5F, 0xD1, 0xF2, 0x4A, 0x9A, 0xAC, 0xB7,
    0x03, 0xFF, 0x4C, 0x3B, 0x37, 0xC4, 0x53, 0xCF, 0x2E, 0x4F, 0xD5, 0x79, 0xCF, 0xF8, 0x7E, 0xD9,
    0xB2, 0xA1, 0x37, 0xEE, 0x33, 0xCF, 0x2A, 0x47, 0x53, 0xD8, 0x91, 0xC5, 0xA3, 0xB0, 0x2F, 0xCD,
    0x27, 0xB1, 0xD5, 0x7C, 0x40, 0x8C, 0xBA, 0x79, 0x47, 0x61, 0xDF, 0xBA, 0x6C, 0x58, 0xBE, 0xDF,
    0x50, 0xCB, 0x78, 0x42, 0x0B, 0xCE, 0x17, 0xB2, 0x93, 0x7C, 0xFF, 0x28, 0xF4, 0xCB, 0x0B, 0x75,
    0x68, 0x27, 0x5A, 0xE4, 0xF2, 0x7C, 0x84, 0x9E, 0x8B, 0xF3, 0xA2, 0xD8, 0xB6, 0x38, 0xB5, 0x3D,
    0x1D, 0x25, 0x77, 0xE7, 0x33, 0xAE, 0x6E, 0x5E, 0x3C, 0x34, 0x78, 0x36, 0xA7, 0xA4, 0xBE, 0x50,
    0x70, 0x92, 0xB4, 0x41, 0xF2, 0x19, 0x1A, 0xA7, 0xB6, 0xCC, 0x4D, 0xF5, 0xC4, 0x95, 0x6D, 0xD3,
    0xA9, 0xEC, 0xB5, 0x27, 0xE6, 0x6C, 0x83, 0x5C, 0xE2, 0x6C, 0xD4, 0xFE, 0x4C, 0xE3, 0x21, 0x99,
    0x32, 0x5D, 0xF8, 0x24, 0xEC, 0x9B, 0x2E, 0x24, 0xA2, 0x0F, 0xC6, 0x74, 0x49, 0x17, 0x3A, 0x4D,
    0x8F, 0xAB, 0x54, 0xA7, 0xF8, 0xAA, 0x5C, 0xDA, 0xC3, 0x35, 0x1D, 0x1B, 0xD4, 0xA3, 0xE3, 0xE6,
    0xEF, 0x68, 0xBA, 0x35, 0x9B, 0x73, 0x72, 0xD9, 0x29, 0x07, 0x2A, 0x75, 0x4F, 0x36, 0xE6, 0x35,
    0x8B, 0x97, 0xC3, 0xF4, 0x9E, 0x04, 0x94, 0x21, 0xAD, 0x2A, 0x01, 0x36, 0x27, 0x34, 0x4A, 0xC0,
    0xEB, 0x54, 0x72, 0x05, 0x06, 0xDF, 0xA5, 0xA5, 0xF1, 0xA4, 0xBD, 0xDB, 0xC2, 0xC2, 0xC0, 0xE9,
    0x5E, 0x52, 0x06, 0xCA, 0xD5, 0x11, 0x9D, 0x85, 0xF3, 0xAA, 0xBF, 0x6C, 0x22, 0x0D, 0xF6, 0x99,
    0xAF, 0x5A, 0x3D, 0xE0, 0xA8, 0xAC, 0xCA, 0x22, 0x1A, 0xA7, 0x92, 0x2A, 0xC3, 0x59, 0xB6, 0x48,
    0x4E, 0x3F, 0x58, 0xCE, 0x0F, 0xB4, 0x76, 0xA0, 0x66, 0xA9, 0x1C, 0xD2, 0x56, 0x5C, 0x15, 0x16,
    0x62, 0xB9, 0x39, 0x24, 0x62, 0xC7, 0xD3, 0x08, 0xDE, 0x97, 0x45, 0x2F, 0xC7, 0xEC, 0xCC, 0x76,
    0xA1, 0x74, 0x71, 0xFA, 0x41, 0x14, 0x76, 0xAF, 0x71, 0x8A, 0xB4, 0x9B, 0x1E, 0xA4, 0x8D, 0x76,
    0x54, 0x7C, 0x89, 0x7D, 0xF8, 0x81, 0xC6, 0x2A, 0x8F, 0x78, 0xF0, 0xCC, 0x35, 0x86, 0xAE, 0xDB,
    0xB2, 0x49, 0x27, 0x76, 0xAE, 0x90, 0x31, 0x9C, 0x45, 0x16, 0xCD, 0xC9, 0xCC, 0x08, 0x27, 0x95,
    0x83, 0x6D, 0x41, 0xDC, 0x46, 0x66, 0xFF, 0xC5, 0x53, 0x86, 0xFE, 0x02, 0x1A, 0xA7, 0x4E, 0xA0,
    0xBF, 0xFE, 0xCA, 0x91, 0x7C, 0xF6, 0x49, 0x1F, 0xB2, 0xE5, 0x47, 0x30, 0x94, 0x3D, 0x6D, 0xE7,
    0x8C, 0x50, 0xDE, 0x86, 0x5E, 0x64, 0xBC, 0x5D, 0x31, 0xB0, 0xFB, 0x0C, 0xC7, 0xC0, 0x58, 0x70,
    0xC5, 0xF5, 0x5C, 0x11, 0xD7, 0x17, 0x18, 0xDF, 0x61, 0x35, 0x1E, 0xB2, 0x1A, 0x5D, 0x0D, 0x21,
    0xB3, 0x66, 0x9E, 0xFB, 0xA3, 0x62, 0x32, 0x1E, 0xE2, 0xEE, 0x48, 0x68, 0xC0, 0x6D, 0xD4, 0xA1,
    0x79, 0xC4, 0x6D, 0x59, 0x49, 0xFC, 0xFB, 0x5A, 0x74, 0x47, 0xC2, 0x94, 0xA9, 0x57, 0xE9, 0x99,
    0xD3, 0xD1, 0x9F, 0x43, 0xC2, 0xCE, 0x39, 0xC6, 0x4D, 0x63, 0x7B, 0x37, 0xB8, 0x01, 0xBF, 0x67,
    0x1A, 0x7E, 0x33, 0x75, 0x5A, 0xDB, 0xDE, 0x76, 0xF8, 0xCD, 0x3A, 0xB8, 0xBE, 0xC4, 0xBB, 0x72,
    0x28, 0x7B, 0x7D, 0xD2, 0x99, 0x26, 0xC5, 0x5F, 0x98, 0xF7, 0x0F, 0xB5, 0x93, 0xB1, 0x8E, 0xD3,
    0x40, 0x10, 0x86, 0xFF, 0xD8, 0x3A, 0xB9, 0x70, 0xE1, 0xF4, 0x14, 0xA1, 0xA0, 0xA0, 0x41, 0x7E,
    0x81, 0xE4, 0x1C, 0x89, 0x07, 0xE0, 0x15, 0xE8, 0xA0, 0xA2, 0xB6, 0x90, 0x39, 0x5B, 0xF7, 0x4C,
    0x14, 0x57, 0x58, 0x78, 0x13, 0x97, 0x14, 0xF1, 0x23, 0xB8, 0xA0, 0x86, 0x95, 0x6E, 0x41, 0x91,
    0x70, 0xB2, 0xFC, 0xB3, 0xF6, 0xFA, 0x4E, 0x20, 0xC4, 0x81, 0xC4, 0x6A, 0xE6, 0xD7, 0x27, 0xAF,
    0xFF, 0xF1, 0xD8, 0x9E, 0x05, 0x80, 0x50, 0xFD, 0x75, 0xBC, 0x52, 0xB1, 0x55, 0xA9, 0xAD, 0x32,
    0xBB, 0xCD, 0x2C, 0xB2, 0x01, 0x49, 0x0F, 0xB7, 0xB8, 0x77, 0x97, 0x9A, 0x79, 0x64, 0x9E, 0x99,
    0x76, 0xCB, 0xA4, 0xF7, 0xD0, 0x21, 0x6C, 0x35, 0xC2, 0x3D, 0x53, 0xFD, 0x9C, 0x3D, 0xAF, 0xB3,
    0x78, 0xCB, 0xEA, 0x7B, 0xB0, 0x3C, 0x58, 0x9F, 0x09, 0x79, 0xC2, 0xFC, 0x88, 0x85, 0x12, 0x69,
    0x94, 0x08, 0x2B, 0x52, 0xA4, 0xAE, 0x3D, 0x3F, 0x17, 0xAD, 0xA4, 0xBF, 0xEE, 0x5F, 0x5E, 0xE9,
    0x37, 0xEF, 0x49, 0x65, 0xDF, 0x81, 0x55, 0x89, 0x8B, 0xD4, 0xAA, 0x4C, 0x5E, 0x5B, 0xBA, 0x4A,
    0x4F, 0xC8, 0x4E, 0x88, 0x7B, 0xA4, 0x46, 0xFA, 0xBA, 0xD8, 0x02, 0x0F, 0xEF, 0x30, 0x92, 0xCA,
    0x81, 0x5C, 0xDF, 0x35, 0x6E, 0xD7, 0x7E, 0x17, 0x3D, 0xC9, 0xEE, 0xF9, 0x7F, 0x77, 0x98, 0xFF,
    0x31, 0x2E, 0x90, 0x37, 0xDD, 0x5B, 0xAB, 0xCB, 0x6B, 0xFD, 0x6E, 0x61, 0x8A, 0x85, 0xCE, 0x03,
    0x9D, 0x87, 0x7D, 0x9E, 0xA8, 0xBC, 0x44, 0x79, 0x44, 0x59, 0xE1, 0x09, 0x50, 0x48, 0x3C, 0x2D,
    0x82, 0xA1, 0x48, 0x87, 0x2B, 0x3B, 0x94, 0x8C, 0x63, 0x5D, 0x6E, 0xEB, 0x02, 0xBF, 0x44, 0x34,
    0x14, 0xA5, 0xBB, 0x81, 0x61, 0xEA, 0x2B, 0xD4, 0x2F, 0x51, 0x43, 0xE2, 0x86, 0xFD, 0x2C, 0xA5,
    0x29, 0x73, 0x5F, 0x96, 0x30, 0x4B, 0xEE, 0x7E, 0xD5, 0x14, 0x4B, 0x09, 0x44, 0x64, 0x22, 0x3E,
    0x58, 0x4E, 0x94, 0xB5, 0x06, 0x91, 0x35, 0x46, 0xE6, 0xC3, 0xC8, 0x70, 0x18, 0x5C, 0x8A, 0x3C,
    0xAE, 0xC5, 0x5B, 0x8F, 0xDE, 0x6F, 0xDE, 0x1B, 0x89, 0x94, 0xF4, 0x36, 0xDE, 0x1B, 0x8F, 0x5E,
    0x78, 0xAF, 0xD8, 0x96, 0x93, 0x17, 0xF7, 0xE5, 0xB5, 0x48, 0x60, 0x3F, 0xC9, 0x9F, 0xA4, 0x97,
    0x1E, 0x0E, 0xE4, 0xCA, 0xB2, 0xD6, 0xE2, 0x94, 0x3C, 0xEA, 0x71, 0x7E, 0x11, 0x6B, 0x44, 0x3A,
    0x09, 0x87, 0x70, 0xA0, 0x20, 0x21, 0xDA, 0xA4, 0x4E, 0xC2, 0x2F, 0xB8, 0x24, 0x1E, 0xDE, 0xAC,
    0x29, 0xD5, 0x9A, 0xD8, 0x0E, 0xC4, 0x56, 0xDD, 0x10, 0x77, 0x5A, 0xB0, 0xD3, 0x44, 0x25, 0xB8,
    0xEB, 0x67, 0x54, 0xFA, 0xE1, 0xB8, 0xD3, 0xEF, 0x3D, 0xEE, 0xFB, 0xDC, 0x63, 0xAB, 0xD6, 0x77,
    0xF8, 0xCC, 0xE3, 0xC7, 0x2A, 0xF1, 0x78, 0xC0, 0x8C, 0x9F, 0x79, 0x44, 0x27, 0x1C, 0x10, 0x78,
    0xE4, 0x57, 0x38, 0x4E, 0xC8, 0x13, 0xB7, 0x19, 0x91, 0xE3, 0x8A, 0xD5, 0x88, 0x2B, 0x7E, 0x87,
    0xE8, 0xE0, 0x70, 0xE3, 0xBE, 0x8E, 0x43, 0xF7, 0xE3, 0x1A, 0x87, 0x9D, 0x60, 0xEA, 0xB0, 0x12,
    0x8C, 0x5B, 0xE2, 0xC6, 0x0D, 0x5E, 0x70, 0xAB, 0xF4, 0xC6, 0x8C, 0x43, 0x58, 0x2A, 0x9D, 0x75,
    0x23, 0xAE, 0x88, 0xD3, 0x68, 0x86, 0xBD, 0xAE, 0xFD, 0x39, 0x1A, 0x6E, 0xB5, 0x47, 0xF9, 0xF5,
    0xD3, 0x8A, 0x4F, 0x98, 0x0F, 0xDA, 0xBC, 0xEF, 0xD7, 0x0F, 0xB5, 0x54, 0x31, 0x6E, 0xDC, 0x30,
    0x10, 0x5C, 0x91, 0x81, 0x15, 0x58, 0x05, 0xFB, 0x20, 0x80, 0x1E, 0x90, 0xE2, 0x3E, 0x90, 0x44,
    0x74, 0xED, 0xC7, 0xE4, 0x09, 0x52, 0x97, 0xC2, 0xCD, 0x3D, 0xC2, 0x4D, 0x2E, 0x85, 0xDB, 0x14,
    0x06, 0xC8, 0x27, 0xE8, 0x09, 0xAA, 0x52, 0xB8, 0x12, 0x8C, 0x2B, 0x04, 0x47, 0xA7, 0xCD, 0xCE,
    0x52, 0x12, 0x74, 0xB0, 0x81, 0x00, 0x49, 0xCC, 0x62, 0x67, 0x25, 0x52, 0xE2, 0xCC, 0x72, 0xB8,
    0x44, 0x32, 0x2E, 0x6E, 0x11, 0x7D, 0xC6, 0xEC, 0x89, 0xBE, 0xF0, 0xCD, 0x4F, 0x8E, 0x64, 0x59,
    0x9E, 0xAA, 0x48, 0xAE, 0xDB, 0x31, 0xB9, 0x48, 0x55, 0xCC, 0x27, 0xCA, 0x88, 0x42, 0x63, 0x27,
    0xAC, 0x66, 0x52, 0x34, 0x33, 0x5A, 0xA6, 0x7C, 0xC6, 0x02, 0x58, 0x30, 0x46, 0x43, 0xB5, 0xA2,
    0x7C, 0x0E, 0x38, 0xF8, 0x75, 0xFE, 0x7F, 0x63, 0xC1, 0xED, 0x8E, 0xF7, 0x24, 0xFB, 0x0C, 0xCC,
    0x03, 0x6D, 0x46, 0xF6, 0x0D, 0xB1, 0xE6, 0x0E, 0x64, 0x31, 0xE5, 0xBA, 0x52, 0x62, 0x15, 0x0B,
    0x89, 0xB5, 0xB7, 0x3D, 0xB4, 0x60, 0x9D, 0x46, 0xA3, 0xD1, 0xAE, 0xF1, 0x52, 0xFE, 0xFC, 0x74,
    0x60, 0xD5, 0x31, 0xC9, 0xDF, 0x1F, 0xC2, 0x84, 0xF7, 0xEE, 0xF4, 0x4F, 0x51, 0xD9, 0x7A, 0xE5,
    0xDA, 0xAD, 0x3C, 0x6F, 0xA5, 0xBA, 0x14, 0x38, 0x60, 0xE3, 0x20, 0x5B, 0xBB, 0xDE, 0x31, 0x78,
    0xE6, 0x8C, 0xAA, 0x23, 0xB2, 0x97, 0x28, 0x3C, 0x25, 0x1A, 0x8D, 0x76, 0x13, 0xB5, 0xE2, 0xA9,
    0xDE, 0xE0, 0x79, 0x77, 0x3E, 0xFB, 0x77, 0x51, 0x78, 0x96, 0xDC, 0x08, 0xCF, 0xC0, 0xFD, 0xB6,
    0xA4, 0xEA, 0x17, 0xF2, 0xC2, 0x36, 0x12, 0x1C, 0xF3, 0x95, 0x31, 0x0F, 0xCB, 0xC4, 0xAA, 0xA7,
    0xD9, 0x33, 0xFD, 0x4C, 0x3E, 0x6F, 0xC1, 0xDF, 0xA8, 0x6B, 0x16, 0xDB, 0xAC, 0xBE, 0x59, 0x8D,
    0xB3, 0x9C, 0xE4, 0xFB, 0x24, 0xE4, 0xE9, 0xFB, 0x38, 0x7B, 0x87, 0xC7, 0xD9, 0x3C, 0x92, 0xA4,
    0x35, 0xBB, 0x25, 0x29, 0x5F, 0x21, 0x49, 0x92, 0xEB, 0x29, 0x39, 0xE9, 0x91, 0x55, 0xE1, 0x66,
    0x5C, 0xEC, 0xDF, 0x2C, 0x97, 0xE5, 0xA4, 0xDA, 0x6F, 0xA6, 0x30, 0x26, 0xED, 0xAD, 0x7C, 0xAE,
    0xDA, 0x1B, 0x37, 0xCE, 0xDA, 0x91, 0xC8, 0x8D, 0x49, 0x89, 0x4A, 0x96, 0xC4, 0x2C, 0x49, 0xD2,
    0xEE, 0x96, 0xDD, 0xDD, 0x38, 0x5F, 0x1B, 0x7E, 0xA6, 0xFD, 0x6E, 0xB3, 0xE6, 0xF5, 0x92, 0xA4,
    0x7D, 0x71, 0x66, 0x2F, 0x8A, 0x9E, 0xDD, 0x23, 0x39, 0x72, 0xBC, 0xB4, 0x53, 0x80, 0x21, 0x5C,
    0x07, 0x5D, 0x22, 0x55, 0x21, 0xA8, 0x6E, 0x4A, 0x62, 0xB3, 0x04, 0x26, 0x81, 0x3D, 0x83, 0x42,
    0x7D, 0xDA, 0xD4, 0x4C, 0xEA, 0x18, 0x96, 0x2A, 0x1E, 0xBC, 0x7D, 0x69, 0xE5, 0x9F, 0xE0, 0x74,
    0x06, 0x53, 0x72, 0x11, 0x5F, 0x35, 0xA2, 0x44, 0x4E, 0x04, 0xCE, 0xCD, 0xF4, 0x98, 0x88, 0xDE,
    0x35, 0x38, 0x2D, 0x75, 0x5A, 0x9E, 0x6E, 0x5D, 0xD9, 0xA2, 0x0F, 0xD0, 0x67, 0xB2, 0x60, 0x7D,
    0x4F, 0x19, 0x26, 0x87, 0xD4, 0x0D, 0x8E, 0x09, 0x7E, 0x24, 0xF8, 0xA4, 0x6D, 0xC1, 0xF0, 0xB1,
    0x94, 0x92, 0xB8, 0x5F, 0xA3, 0x90, 0x6F, 0xAB, 0x78, 0xFF, 0x81, 0x1F, 0x9A, 0xAA, 0xF9, 0x88,
    0x36, 0x51, 0xC7, 0xB7, 0x0A, 0x83, 0x36, 0x8D, 0x8A, 0xA1, 0x86, 0x4A, 0xEE, 0x00, 0x05, 0x0F,
    0xDA, 0x4F, 0x78, 0x04, 0xF8, 0xF2, 0x04, 0xE8, 0xED, 0x04, 0x38, 0x1A, 0x79, 0xF2, 0x34, 0x1A,
    0x99, 0x8B, 0xFB, 0x70, 0x2D, 0x74, 0xE5, 0xD7, 0x42, 0x4F, 0x1A, 0x00, 0x0A, 0x7E, 0xB9, 0xA7,
    0xDF, 0x4D, 0x8E, 0xC1, 0x09, 0x02, 0x31, 0x10, 0x45, 0x3F, 0xEB, 0xCD, 0x1C, 0xB6, 0x04, 0x4B,
    0x48, 0x09, 0x01, 0x1B, 0xDB, 0x74, 0x96, 0x94, 0x20, 0x56, 0x10, 0x04, 0xEF, 0x01, 0x2F, 0x41,
    0x96, 0xFD, 0xFE, 0xC9, 0x88, 0x38, 0x97, 0x07, 0x79, 0x6F, 0xC8, 0x00, 0xBF, 0x59, 0xBF, 0x4C,
    0xD5, 0xC9, 0x3E, 0x71, 0xE2, 0xEE, 0xFA, 0x4E, 0xD7, 0x88, 0x33, 0x20, 0x42, 0x9F, 0xBA, 0x5E,
    0x2D, 0x58, 0xC9, 0x6E, 0x41, 0x22, 0x47, 0x51, 0x40, 0x71, 0xEB, 0xD2, 0x64, 0x4B, 0xBB, 0xE9,
    0x43, 0xCE, 0x74, 0x47, 0x61, 0x2D, 0xE4, 0x6D, 0x91, 0x8A, 0x64, 0xBD, 0x90, 0x39, 0x88, 0x96,
    0xE8, 0xED, 0xA1, 0x4D, 0xA8, 0x79, 0x49, 0x03, 0x0A, 0xA4, 0x81, 0xC0, 0xB7, 0x34, 0x14, 0xD4,
    0x6D, 0xD8, 0xFF, 0x25, 0xA7, 0x66, 0x8C, 0x75, 0xCB, 0xC6, 0xF0, 0x3C, 0xE6, 0x7D, 0x0B, 0x87,
    0xDF, 0x5F, 0x9A, 0x33, 0x66, 0xE7, 0x19, 0x7F, 0xF3, 0x01, 0xE5, 0x5B, 0x5D, 0x8C, 0x1C, 0x55,
    0x76, 0xBE, 0x55, 0xD7, 0x9E, 0xB2, 0x5C, 0xF6, 0x94, 0x1F, 0x10, 0x62, 0x19, 0x3C, 0xC5, 0x03,
    0x0F, 0x84, 0xCC, 0x4C, 0x5B, 0xBB, 0x8E, 0x34, 0x5A, 0xAA, 0xA7, 0xCB, 0xF0, 0xC0, 0x03, 0x52,
    0x16, 0x29, 0xDA, 0x55, 0xC2, 0x3E, 0x64, 0x1F, 0x37, 0x66, 0x15, 0x3B, 0x5A, 0x92, 0x34, 0x49,
    0x7B, 0xBA, 0x00, 0x25, 0x3C, 0x24, 0xD2, 0xFA, 0x01, 0xB4, 0x0F, 0xE4, 0xC1, 0x52, 0x88, 0xB4,
    0x6B, 0x14, 0x79, 0x08, 0x9D, 0x30, 0xBB, 0x19, 0xD3, 0x65, 0x26, 0x8A, 0x23, 0x6D, 0x12, 0x2A,
    0x22, 0xCA, 0x4A, 0xBB, 0x0A, 0x14, 0x81, 0x2C, 0x7F, 0x62, 0x7D, 0x8D, 0x6B, 0x43, 0x7B, 0xDC,
    0xDD, 0x37, 0xDF, 0x39, 0xF7, 0xDE, 0xEA, 0xB1, 0xB1, 0x63, 0x63, 0x6C, 0xBC, 0x90, 0x66, 0x98,
    0x39, 0xEE, 0xBE, 0x75, 0x7F, 0xBE, 0xF3, 0x7F, 0xEE, 0x69, 0x21, 0xF0, 0x0A, 0x0A, 0x61, 0x5F,
    0x72, 0xE0, 0x28, 0xB1, 0xE0, 0x88, 0x6D, 0x51, 0xCA, 0x7F, 0xBD, 0x23, 0xF1, 0xA3, 0x4C, 0xDC,
    0x15, 0x0E, 0xED, 0x13, 0xFA, 0xD4, 0x01, 0x51, 0x4C, 0x65, 0xF8, 0xEC, 0xF4, 0x30, 0xC8, 0x45,
    0x4B, 0x09, 0xE1, 0xE7, 0x87, 0x3C, 0x25, 0xD6, 0x56, 0x41, 0x15, 0x71, 0xDA, 0x11, 0xAA, 0x8D,
    0x71, 0x55, 0x50, 0xC4, 0x5E, 0xD9, 0x03, 0x75, 0xDC, 0x53, 0xC1, 0x4B, 0xC5, 0x0A, 0x56, 0xD2,
    0x69, 0xC7, 0xFB, 0xA0, 0xC0, 0x7B, 0xC1, 0xE3, 0x45, 0x2C, 0x96, 0x4B, 0x8C, 0x0B, 0x31, 0x30,
    0x8F, 0xCB, 0x04, 0x54, 0xD6, 0xC4, 0x40, 0x05, 0x4A, 0x16, 0x11, 0x06, 0xAA, 0x59, 0xAC, 0x51,
    0xC9, 0xE2, 0x36, 0xBF, 0x8C, 0xF0, 0xE9, 0x48, 0x54, 0x42, 0xE6, 0x61, 0x2A, 0xA2, 0x38, 0x6D,
    0x8A, 0x20, 0x93, 0xB9, 0xD8, 0x8D, 0x81, 0x22, 0x4C, 0x41, 0xCD, 0xE2, 0x43, 0x4C, 0xE5, 0x95,
    0x22, 0xC2, 0x87, 0xA0, 0x84, 0xC2, 0x09, 0x71, 0x08, 0x8C, 0xC7, 0x72, 0x95, 0xC4, 0x92, 0x99,
    0x68, 0x8B, 0x6F, 0x34, 0xE9, 0xC0, 0xB9, 0x58, 0x14, 0xBD, 0x08, 0x47, 0xF0, 0x4B, 0xB1, 0x78,
    0x67, 0x4B, 0x96, 0x82, 0xC6, 0x2F, 0x26, 0xA1, 0x30, 0x50, 0xB4, 0xB1, 0xDE, 0x12, 0x53, 0xBD,
    0x00, 0x33, 0x66, 0x44, 0x29, 0x9C, 0x90, 0x07, 0x7A, 0xF4, 0x8B, 0x07, 0x62, 0x1E, 0xBC, 0x5A,
    0xF8, 0xDF, 0x0C, 0x09, 0x01, 0x50, 0xC3, 0xC0, 0x36, 0x12, 0xDE, 0xD0, 0x20, 0xD9, 0xD8, 0x38,
    0x56, 0x1A, 0xCA, 0xD7, 0x63, 0x07, 0xEF, 0x56, 0x46, 0x57, 0xFE, 0x8C, 0xF8, 0xA0, 0x31, 0x4B,
    0xD8, 0x7F, 0x13, 0xBF, 0x5A, 0x78, 0x24, 0xBA, 0x7B, 0x24, 0x1E, 0x88, 0xEE, 0x1E, 0x07, 0xFA,
    0x2B, 0x7F, 0x38, 0x6E, 0x1D, 0x78, 0xED, 0xDB, 0x3F, 0xDF, 0x18, 0xEB, 0xE7, 0xFF, 0x55, 0x9F,
    0xEA, 0x3E, 0xFF, 0xEA, 0x8B, 0xF2, 0xC5, 0x6F, 0xBF, 0xAA, 0xE5, 0xFB, 0xF2, 0x3B, 0xE7, 0xD6,
    0x33, 0x19, 0x3D, 0xF2, 0xE3, 0x27, 0x45, 0xDC, 0x3C, 0xB7, 0x2C, 0x16, 0x16, 0x74, 0x43, 0x2C,
    0x45, 0xBF, 0x19, 0x64, 0xCD, 0x20, 0x97, 0x79, 0xE2, 0x55, 0x7E, 0x9E, 0x88, 0x25, 0x2F, 0x5F,
    0x03, 0x1A, 0xD8, 0x69, 0xF8, 0x27, 0x0F, 0x28, 0x11, 0x69, 0xAD, 0x44, 0xAC, 0x75, 0x25, 0xA2,
    0x77, 0xBE, 0x36, 0x14, 0xA1, 0xD6, 0x58, 0xED, 0xE8, 0xD1, 0xC3, 0x76, 0xCB, 0x2D, 0x3A, 0x4B,
    0x97, 0x38, 0xDC, 0xA3, 0xED, 0x9E, 0xA6, 0x5F, 0x1F, 0xE0, 0x97, 0xFF, 0x06, 0x3E, 0x90, 0xEB,
    0xB4, 0xC7, 0x93, 0x38, 0x64, 0x74, 0xFF, 0x38, 0xDD, 0xBE, 0x14, 0x69, 0xD5, 0x1A, 0x4E, 0x1D,
    0x18, 0xF4, 0x95, 0xA7, 0x87, 0xE7, 0x72, 0xBF, 0x3C, 0xF4, 0x61, 0x2E, 0xF5, 0xDA, 0x99, 0xFC,
    0xB7, 0x4F, 0x0D, 0xCF, 0xAC, 0xEB, 0xAA, 0x3A, 0xF3, 0xD2, 0xD3, 0x5A, 0x9D, 0xC9, 0xC3, 0x3F,
    0x55, 0xE7, 0xF2, 0x68, 0x43, 0xE9, 0xB7, 0xF1, 0x84, 0xD6, 0x4F, 0x3F, 0x5B, 0xBE, 0xD8, 0xD7,
    0xBA, 0xB8, 0x63, 0x4A, 0x6B, 0x02, 0xEC, 0x19, 0xC6, 0xE2, 0xE8, 0xD1, 0x63, 0x15, 0x03, 0xA5,
    0x79, 0x4B, 0xC2, 0x1F, 0xA7, 0x8D, 0x94, 0x04, 0x31, 0x2E, 0x44, 0x22, 0x22, 0xB1, 0xFF, 0x28,
    0x60, 0x4B, 0xC4, 0xB4, 0xE8, 0x6B, 0xEC, 0xA7, 0xF1, 0xAC, 0xCE, 0x49, 0xA6, 0xF8, 0x3C, 0x86,
    0x38, 0x2C, 0x56, 0x99, 0x98, 0xC6, 0x30, 0x26, 0x76, 0x3B, 0x02, 0xEF, 0xB4, 0x41, 0x78, 0x59,
    0xF4, 0xEE, 0xB3, 0x34, 0x58, 0x0E, 0x42, 0xFB, 0x54, 0x37, 0x7A, 0xEA, 0xAB, 0x43, 0x22, 0xA2,
    0xF7, 0xED, 0x60, 0x89, 0xB5, 0xE7, 0xF8, 0xA9, 0xB1, 0x7B, 0xBC, 0xFF, 0x6E, 0xDA, 0xF9, 0x01,
    0x71, 0xAA, 0x05, 0xD8, 0xFA, 0x1A, 0xE0, 0x1C, 0xBF, 0xB9, 0x9F, 0xDF, 0x7C, 0x4C, 0x91, 0xB4,
    0xC8, 0x82, 0x7E, 0xE3, 0x87, 0xE4, 0xA1, 0x23, 0xC4, 0xAA, 0xF0, 0x0C, 0xFB, 0x5B, 0x4F, 0x92,
    0x5C, 0x84, 0x25, 0x3D, 0x95, 0xB3, 0x28, 0xCC, 0x3F, 0xC8, 0x8C, 0x6F, 0xA4, 0xD3, 0x86, 0xFB,
    0x10, 0x4C, 0x43, 0x78, 0xCA, 0x12, 0xA2, 0x17, 0x1A, 0x7D, 0x13, 0x49, 0x90, 0x5D, 0x9E, 0x08,
    0xED, 0x53, 0x73, 0xEE, 0xF1, 0x85, 0xE3, 0x96, 0x88, 0x2A, 0x4B, 0x78, 0x69, 0xAD, 0xDE, 0xF9,
    0x36, 0x47, 0x24, 0x8E, 0x20, 0xFD, 0xC4, 0x8E, 0xFD, 0x5C, 0xD1, 0x3F, 0xF5, 0xF6, 0x7D, 0xF9,
    0x11, 0xDA, 0xE0, 0xFD, 0x74, 0xC6, 0x5B, 0xFC, 0x4A, 0xAF, 0x2B, 0x25, 0xFC, 0x61, 0xA4, 0x5F,
    0xFF, 0xA0, 0x7C, 0xA4, 0x0A, 0xCB, 0xE9, 0x28, 0xEF, 0xA8, 0xD6, 0xC8, 0x83, 0xC2, 0x95, 0x71,
    0xAF, 0x81, 0x63, 0x44, 0x62, 0x10, 0x0C, 0xE7, 0xA6, 0xFD, 0x23, 0x61, 0xBE, 0xE4, 0x8D, 0x92,
    0xDD, 0xD1, 0x30, 0x52, 0x51, 0xD6, 0x4D, 0x66, 0x9B, 0xB3, 0x4B, 0x43, 0x0C, 0xFA, 0xD6, 0x74,
    0x7B, 0x61, 0xB1, 0x81, 0x41, 0xEF, 0x47, 0x2B, 0xC9, 0x22, 0x0D, 0x1A, 0x87, 0xAA, 0xDD, 0xF4,
    0x31, 0x68, 0x39, 0x28, 0x57, 0xA2, 0x74, 0x4D, 0xE6, 0xB7, 0xC8, 0x52, 0xB5, 0x0A, 0x92, 0x3E,
    0xBF, 0x50, 0x3F, 0xAC, 0x42, 0x92, 0x40, 0xA5, 0x14, 0x06, 0x19, 0x22, 0x4A, 0xE9, 0x0C, 0x6D,
    0xB5, 0x26, 0xD9, 0xF0, 0x24, 0xAA, 0x21, 0xF8, 0x74, 0x73, 0x2A, 0xCC, 0xF7, 0x10, 0x31, 0xAB,
    0x78, 0x28, 0xF8, 0xBC, 0x22, 0xD6, 0x1C, 0x61, 0x14, 0x70, 0xF7, 0x8A, 0xE0, 0xF9, 0x30, 0x58,
    0x98, 0x41, 0x89, 0x62, 0x36, 0x09, 0xF1, 0x77, 0x98, 0x2D, 0x26, 0x84, 0x3E, 0xCC, 0x8D, 0x15,
    0x94, 0x2F, 0xD3, 0xBF, 0x30, 0x75, 0x74, 0x88, 0x3E, 0xC7, 0xAF, 0x2E, 0xAF, 0x13, 0x67, 0xBE,
    0xE6, 0x39, 0x82, 0xB3, 0x07, 0xAC, 0xE6, 0xF6, 0xF5, 0x61, 0x0B, 0xEF, 0x03, 0xE6, 0x6F, 0x68,
    0x24, 0x99, 0x94, 0x7B, 0xA3, 0x6F, 0x06, 0x35, 0xA0, 0xCA, 0x07, 0x4A, 0x2B, 0x48, 0x40, 0x91,
    0x26, 0x28, 0x0D, 0xFF, 0x31, 0x67, 0xEA, 0x6C, 0xEF, 0x21, 0x33, 0x0F, 0x56, 0xB2, 0x2C, 0xEB,
    0x18, 0xF3, 0x42, 0x03, 0x45, 0x90, 0x5B, 0x76, 0x66, 0x51, 0xCD, 0xC5, 0x59, 0x4B, 0xF9, 0x45,
    0x93, 0x65, 0x0E, 0x3C, 0x84, 0xAD, 0x0C, 0x06, 0xC2, 0xC3, 0x3A, 0xB0, 0xB8, 0xD1, 0x10, 0x9C,
    0x84, 0x24, 0xF5, 0x1C, 0xD5, 0x56, 0x22, 0x1C, 0x62, 0x63, 0x7C, 0x76, 0x89, 0xE3, 0x0F, 0x0D,
    0x0A, 0x56, 0x88, 0x2E, 0x4E, 0xF1, 0xFE, 0xB6, 0x40, 0x01, 0xA4, 0x7E, 0x46, 0x78, 0x0F, 0x69,
    0xD1, 0x6E, 0x07, 0x53, 0x50, 0xDA, 0x8D, 0xFB, 0x44, 0x2F, 0x91, 0x7C, 0xD6, 0x18, 0xEB, 0x4A,
    0x02, 0x62, 0x66, 0x2C, 0x60, 0xA3, 0x35, 0xBD, 0x86, 0x3E, 0x64, 0xBA, 0x4B, 0x94, 0x82, 0x8D,
    0xCE, 0x63, 0xA2, 0xF2, 0x28, 0x93, 0x85, 0x1C, 0xA7, 0x18, 0xD6, 0xA0, 0x53, 0x2E, 0xA7, 0x33,
    0x15, 0xB1, 0xE0, 0x90, 0x98, 0x82, 0x25, 0xA4, 0x93, 0x4F, 0xD0, 0x98, 0x20, 0x34, 0x41, 0x6D,
    0x13, 0x92, 0x13, 0x74, 0x27, 0x88, 0x8B, 0xED, 0x7A, 0x6C, 0x28, 0x0F, 0x8B, 0x8D, 0x98, 0x8A,
    0xCF, 0x0A, 0xAF, 0xCF, 0xD2, 0xA2, 0x31, 0x55, 0xC0, 0xD8, 0x33, 0xBC, 0x5D, 0xC2, 0xBE, 0x36,
    0xD2, 0xCB, 0x06, 0xC8, 0x4A, 0x58, 0x7B, 0x0F, 0xE9, 0xB9, 0x08, 0xF6, 0xA9, 0xF5, 0x81, 0x78,
    0x27, 0x76, 0x5C, 0x28, 0x9A, 0x4E, 0xBF, 0xC8, 0x4F, 0xC1, 0x80, 0x7D, 0x93, 0xB1, 0x0F, 0x34,
    0xF9, 0x36, 0xC6, 0x3E, 0xCC, 0xC2, 0xC7, 0x73, 0xC2, 0x7E, 0x5E, 0xE6, 0x11, 0xF8, 0x04, 0x4C,
    0xB7, 0x78, 0xE9, 0x56, 0x00, 0x7B, 0x39, 0xEC, 0x0D, 0xA6, 0x1A, 0xD8, 0x87, 0xA7, 0x08, 0xBF,
    0x53, 0x59, 0x1B, 0x8E, 0xE8, 0xCB, 0x7A, 0xBC, 0x22, 0xF3, 0x5E, 0x12, 0x66, 0x7B, 0xA4, 0xD8,
    0x13, 0x66, 0xAA, 0x19, 0x8C, 0x0E, 0x4A, 0xF1, 0x6B, 0x7A, 0x9F, 0x8A, 0xE5, 0x7B, 0x1B, 0xBF,
    0x71, 0x73, 0xFF, 0x18, 0xB9, 0xCB, 0xEA, 0x8F, 0xB5, 0xEE, 0x75, 0x82, 0x3C, 0xC8, 0x97, 0x30,
    0xEE, 0x8B, 0x50, 0x1E, 0x59, 0x46, 0x4A, 0xC2, 0xAE, 0x03, 0xFB, 0x81, 0x37, 0x92, 0xB0, 0x43,
    0x6B, 0x74, 0x72, 0xB0, 0xA6, 0xA0, 0x93, 0x03, 0x8D, 0xFD, 0xCF, 0x30, 0x1A, 0x13, 0x84, 0x26,
    0xA8, 0x6D, 0x42, 0x72, 0x82, 0xEE, 0x04, 0x71, 0xDA, 0x67, 0xED, 0xCC, 0x02, 0x0C, 0x70, 0x21,
    0x44, 0xF7, 0x4D, 0x30, 0xD7, 0x8C, 0x91, 0xF4, 0x50, 0x6C, 0xCE, 0x17, 0x15, 0xC6, 0x29, 0xF2,
    0x10, 0x51, 0xB3, 0xDA, 0xC2, 0x4F, 0x9B, 0x70, 0x0C, 0xF0, 0xE8, 0x81, 0x28, 0xBF, 0x05, 0xBF,
    0xA7, 0x58, 0xA9, 0x63, 0x96, 0x85, 0xB0, 0x24, 0x7F, 0xDC, 0xE4, 0x79, 0xC4, 0x1A, 0x29, 0x45,
    0xC7, 0x38, 0x68, 0xE0, 0x0D, 0xD9, 0x6A, 0x9B, 0x15, 0x01, 0x3C, 0x0C, 0xF2, 0xAD, 0x98, 0x7A,
    0x3F, 0xD9, 0x67, 0xA0, 0x0F, 0x9F, 0x27, 0x71, 0xDE, 0x12, 0x5A, 0x23, 0xCB, 0x8E, 0x88, 0x1E,
    0xAD, 0xC8, 0x74, 0xE7, 0x7E, 0xBA, 0x0D, 0xD3, 0xDF, 0x4E, 0xF4, 0x3F, 0x1E, 0x31, 0xEB, 0x3E,
    0x43, 0x23, 0xAD, 0x10, 0xE0, 0xA9, 0xE8, 0xBF, 0xAC, 0x18, 0x9C, 0x1E, 0x89, 0x25, 0x69, 0x69,
    0xD8, 0xAD, 0x9E, 0x34, 0xF1, 0xD0, 0xAE, 0x87, 0x65, 0xAE, 0x82, 0xAF, 0x8C, 0x9F, 0x14, 0xDE,
    0xB1, 0xD1, 0xA2, 0x57, 0x94, 0xE1, 0xCE, 0x5B, 0x81, 0xC3, 0x3B, 0x3B, 0x13, 0x51, 0x96, 0x91,
    0x91, 0x9C, 0xF9, 0x39, 0x51, 0xAA, 0xF9, 0x70, 0x8C, 0x7F, 0x3C, 0x34, 0x8C, 0xFC, 0x62, 0x79,
    0x28, 0x59, 0x59, 0xAA, 0xF0, 0x54, 0x1E, 0x0F, 0x8D, 0xE2, 0x94, 0xD1, 0x98, 0x84, 0xAE, 0x45,
    0x34, 0x7B, 0xBD, 0x28, 0x0B, 0xC7, 0x02, 0x9F, 0x76, 0x58, 0xDC, 0xBC, 0xB3, 0x62, 0xA6, 0x64,
    0x0B, 0x01, 0x7D, 0x09, 0xF5, 0x59, 0x0B, 0x93, 0x11, 0x60, 0x23, 0xD0, 0x71, 0xEE, 0x6C, 0x8D,
    0x0D, 0xE5, 0x42, 0x6B, 0x50, 0xFA, 0x13, 0x5E, 0x90, 0xD6, 0xD4, 0x3C, 0x12, 0xBF, 0x3A, 0xE1,
    0xDD, 0xA7, 0x61, 0xBF, 0x06, 0xF4, 0x43, 0xF6, 0x0B, 0x73, 0xD1, 0x0F, 0x74, 0x48, 0x8E, 0xE9,
    0x87, 0xEC, 0x97, 0xD4, 0x6C, 0xAB, 0xA0, 0x43, 0x96, 0x82, 0x0E, 0x59, 0x0A, 0x3A, 0x64, 0xC7,
    0x41, 0x4B, 0xFC, 0x11, 0xFD, 0xB0, 0xBE, 0x0C, 0x6B, 0x4B, 0xB6, 0x8B, 0x7F, 0xAE, 0xAF, 0xFD,
    0xD2, 0x69, 0x58, 0xDB, 0xAF, 0xE0, 0x73, 0x66, 0xBF, 0xCC, 0x8B, 0xB0, 0x07, 0xBA, 0x63, 0xC6,
    0x3E, 0xD6, 0x59, 0x74, 0x8A, 0xED, 0x57, 0x02, 0x96, 0x19, 0xFB, 0x25, 0x44, 0xBA, 0x45, 0x5C,
    0x9D, 0xEF, 0x90, 0x1F, 0xC5, 0xBE, 0x69, 0xB1, 0xF7, 0x54, 0x6C, 0xB1, 0x27, 0xFB, 0x65, 0xB0,
    0x27, 0xFB, 0x65, 0xB1, 0x87, 0xFD, 0xAA, 0xB1, 0x1F, 0x00, 0xFB, 0xA9, 0xCA, 0xD8, 0x2F, 0xC2,
    0xDE, 0xDA, 0x2F, 0x8B, 0xC6, 0xD5, 0xD8, 0xAF, 0x50, 0x8F, 0x53, 0x17, 0x95, 0x93, 0x66, 0x48,
    0xC6, 0x8E, 0x9E, 0xC9, 0x38, 0x6E, 0xE0, 0x89, 0xAA, 0xA8, 0x9E, 0xFD, 0xC5, 0xA6, 0x72, 0x4B,
    0x46, 0x83, 0x8E, 0xE3, 0x80, 0x54, 0xF3, 0x8E, 0x05, 0x30, 0xF6, 0x8E, 0x07, 0x32, 0x0B, 0x32,
    0xCB, 0x84, 0x90, 0xDE, 0x37, 0x0B, 0x45, 0x88, 0xB6, 0x2C, 0x1B, 0xA6, 0x11, 0x2A, 0x36, 0x27,
    0xA4, 0x65, 0x04, 0x0D, 0x68, 0x0B, 0x1F, 0xFE, 0x7C, 0x84, 0xE7, 0x33, 0xB8, 0x12, 0x1C, 0x5F,
    0x3F, 0xB6, 0xD1, 0x87, 0x95, 0x6A, 0xCA, 0x7C, 0xC1, 0x2F, 0xBB, 0x43, 0x90, 0x37, 0x09, 0xD8,
    0xAE, 0x0C, 0x01, 0xF1, 0x04, 0xF9, 0xCB, 0x93, 0x13, 0x8E, 0x08, 0xA3, 0x0E, 0x67, 0x43, 0x84,
    0x7F, 0x13, 0x9E, 0x60, 0x81, 0x31, 0x31, 0x65, 0x04, 0xD2, 0x71, 0xC5, 0xA7, 0x5C, 0xCA, 0xA9,
    0x84, 0xA8, 0xF9, 0x92, 0x89, 0x4D, 0x8C, 0x61, 0xCE, 0x04, 0x8A, 0x8D, 0xD5, 0x72, 0xAD, 0x16,
    0x9B, 0x78, 0xB3, 0x99, 0x39, 0x9B, 0xB8, 0x63, 0xD8, 0x53, 0xD6, 0x0C, 0x70, 0xF6, 0x68, 0x7B,
    0xAD, 0x1C, 0x9F, 0xAE, 0x76, 0x18, 0xC9, 0x25, 0xED, 0xE0, 0xF9, 0xD6, 0x48, 0x3B, 0xFA, 0x19,
    0x9B, 0x52, 0x68, 0x47, 0x88, 0x79, 0xFA, 0xEC, 0xDD, 0xF1, 0x26, 0x59, 0x57, 0x68, 0x07, 0x36,
    0x82, 0xED, 0x90, 0xD4, 0x77, 0x07, 0x6C, 0x6A, 0x41, 0x59, 0xCD, 0xDF, 0xA4, 0x09, 0x97, 0xD0,
    0x8E, 0xBF, 0xBA, 0x36, 0xDA, 0x91, 0x5D, 0x27, 0xED, 0x98, 0x3A, 0xA6, 0xF5, 0xF7, 0x9D, 0xD7,
    0x60, 0xE6, 0x60, 0x14, 0x1C, 0xDD, 0x01, 0x4A, 0x1E, 0x75, 0x06, 0xD7, 0x9F, 0x36, 0xB4, 0x68,
    0x55, 0xAC, 0x3A, 0x9E, 0xCE, 0x5B, 0x25, 0x2C, 0x1D, 0x34, 0xA7, 0x9F, 0xB7, 0x14, 0xCD, 0x15,
    0x28, 0x9D, 0x37, 0x8C, 0x2F, 0xED, 0x63, 0x93, 0x5A, 0xBF, 0xFB, 0xD5, 0x07, 0xFB, 0x34, 0x8D,
    0x36, 0x2F, 0xA0, 0xB2, 0xC1, 0xC4, 0x06, 0x05, 0xE7, 0x48, 0x06, 0xE1, 0xD7, 0x06, 0xC2, 0x39,
    0xD9, 0x44, 0x84, 0x99, 0xAB, 0x46, 0xB8, 0xE8, 0x37, 0xDA, 0x44, 0x2D, 0x08, 0x1F, 0xB2, 0xFC,
    0x3D, 0x8C, 0x9A, 0x17, 0x70, 0x9E, 0xA1, 0x46, 0x66, 0x9F, 0x88, 0x66, 0x98, 0x2D, 0x70, 0xF2,
    0x2B, 0x6E, 0xF2, 0xC5, 0x36, 0x91, 0xD6, 0xC9, 0x8E, 0xB8, 0x38, 0x35, 0xEF, 0x82, 0x97, 0xCC,
    0xD5, 0x3C, 0xC2, 0x6C, 0xF3, 0x6A, 0x90, 0x7E, 0x68, 0x48, 0x84, 0x77, 0xBD, 0x31, 0xC5, 0xAD,
    0x0B, 0xB4, 0xBF, 0x06, 0x89, 0x67, 0xC2, 0x09, 0xC5, 0xFE, 0xC3, 0x2C, 0x5E, 0x55, 0x1D, 0xB4,
    0x34, 0xAD, 0x30, 0x39, 0xAF, 0x40, 0xBF, 0x8D, 0x57, 0xE0, 0xDC, 0xCC, 0xE0, 0x62, 0xBD, 0x82,
    0xD7, 0xCF, 0x26, 0xA6, 0xC7, 0x85, 0x53, 0xE9, 0xB5, 0x94, 0xFB, 0xD4, 0xC9, 0xBD, 0x29, 0xDA,
    0x90, 0xDC, 0xB7, 0x32, 0x27, 0xF7, 0x03, 0x27, 0xF7, 0x7E, 0x59, 0x7B, 0x85, 0xEC, 0x7C, 0xAF,
    0x70, 0x84, 0xE4, 0x9E, 0xCE, 0x19, 0x2A, 0x92, 0x7B, 0xE4, 0x11, 0xB4, 0x18, 0xE4, 0x1E, 0xB9,
    0x05, 0x4C, 0x14, 0xC9, 0x33, 0xA8, 0x60, 0x83, 0x29, 0xE4, 0x20, 0x12, 0x4C, 0x4D, 0x4C, 0x2E,
    0xEC, 0xAD, 0x5C, 0xDC, 0x3F, 0xF4, 0x1C, 0xD5, 0x6E, 0x3B, 0xAA, 0x37, 0xF1, 0x41, 0x4D, 0x4E,
    0xA8, 0xE7, 0x05, 0xC9, 0xBD, 0xF1, 0xF5, 0x24, 0xF7, 0x14, 0x17, 0x95, 0x82, 0xE4, 0x1E, 0x60,
    0x9D, 0xA5, 0xDD, 0x4F, 0x34, 0x79, 0xA2, 0xDD, 0x9B, 0x4E, 0xFE, 0xC9, 0xBC, 0xC2, 0x0D, 0xF7,
    0xC8, 0x1E, 0x32, 0x8A, 0xDF, 0x61, 0x8F, 0x1C, 0x52, 0x0C, 0x94, 0xB1, 0x47, 0xA6, 0x8C, 0xA2,
    0xB0, 0x1E, 0x39, 0x12, 0xEA, 0xF2, 0x19, 0xC5, 0x13, 0xB7, 0x63, 0x2B, 0x5F, 0x24, 0xEA, 0x5F,
    0x10, 0xDC, 0x4E, 0x3F, 0x0F, 0xEC, 0xFD, 0xBF, 0xC0, 0x1E, 0x76, 0xFC, 0x04, 0xD8, 0x7B, 0x77,
    0x60, 0x0F, 0x5B, 0xFE, 0xE1, 0x7C, 0xEC, 0xDD, 0x0E, 0xB0, 0xAB, 0xBD, 0x42, 0x1C, 0x34, 0xD8,
    0xF7, 0x0F, 0xCF, 0x0C, 0x0C, 0xF6, 0x1C, 0xB3, 0x18, 0xEC, 0x1F, 0x7A, 0xE6, 0x3A, 0x61, 0x5F,
    0x7B, 0x64, 0xBF, 0xFE, 0x94, 0xFD, 0x71, 0x5E, 0x63, 0x3F, 0x98, 0x60, 0x5F, 0xFB, 0x98, 0x28,
    0x9F, 0xF8, 0xE2, 0x7A, 0x57, 0x83, 0x1A, 0xFB, 0xE6, 0x04, 0x7B, 0xE1, 0xB0, 0x0F, 0xB3, 0x1A,
    0xFB, 0xBC, 0x59, 0xE7, 0xD4, 0x09, 0x87, 0xCD, 0xD8, 0x32, 0xB0, 0x6F, 0x41, 0xFE, 0x20, 0xCF,
    0xAA, 0x27, 0x06, 0x71, 0x1A, 0x16, 0x03, 0xB1, 0xA2, 0xC4, 0x37, 0x7C, 0xE1, 0x8B, 0x3B, 0x44,
    0xAF, 0xC6, 0xB9, 0x7D, 0x19, 0x6A, 0xAF, 0x55, 0xA4, 0x9E, 0x03, 0x5A, 0xF5, 0xDA, 0xF3, 0x76,
    0x31, 0x95, 0x44, 0x56, 0x0C, 0x90, 0xCD, 0xF1, 0x06, 0xE3, 0x0F, 0xCA, 0xD8, 0xD4, 0x29, 0x0E,
    0xF5, 0x61, 0xDD, 0x8F, 0x33, 0xA4, 0x0D, 0x84, 0x11, 0x0D, 0x32, 0x28, 0x45, 0x08, 0xEC, 0x03,
    0x58, 0x76, 0x5D, 0xC0, 0x0A, 0x55, 0xB0, 0xAA, 0xBA, 0xAA, 0x40, 0x51, 0x24, 0xAA, 0xC5, 0xED,
    0x7E, 0xCE, 0x68, 0x90, 0x6B, 0xCE, 0xD9, 0xC8, 0x48, 0xC5, 0xD6, 0x94, 0x50, 0x1B, 0xF2, 0xB9,
    0x19, 0xC9, 0xB4, 0x65, 0xD1, 0x35, 0x75, 0x36, 0x42, 0x7C, 0x9F, 0xAE, 0xAB, 0xC0, 0xD7, 0x59,
    0x03, 0xE8, 0x98, 0x24, 0xFF, 0x51, 0x4A, 0x1C, 0x8D, 0x06, 0x64, 0x7D, 0x78, 0x96, 0x65, 0x68,
    0x80, 0x29, 0x6C, 0x85, 0xFB, 0xCE, 0x8B, 0x49, 0x9D, 0x8D, 0xE8, 0x7D, 0x14, 0x5D, 0x48, 0x76,
    0x19, 0x08, 0x99, 0xCE, 0xB1, 0xD7, 0xED, 0x0B, 0xB9, 0xC1, 0x5E, 0x37, 0x26, 0x4F, 0x5C, 0x5C,
    0x9D, 0xF5, 0xD9, 0xA4, 0x01, 0x56, 0x2F, 0x81, 0xDB, 0x0E, 0x21, 0x72, 0xB3, 0xF7, 0x38, 0xC3,
    0x19, 0x59, 0x03, 0xE4, 0x58, 0x3B, 0x0D, 0xA0, 0x32, 0xD1, 0x67, 0xC1, 0xFA, 0x78, 0x6C, 0xB3,
    0x81, 0xFD, 0x3D, 0x4F, 0x68, 0x70, 0xFD, 0x0B, 0xC0, 0xBE, 0x41, 0x41, 0x84, 0xD6, 0xEB, 0x45,
    0x93, 0xAA, 0x94, 0xF8, 0xD7, 0x69, 0x95, 0xF4, 0x0D, 0xA5, 0x54, 0xDB, 0x51, 0xBD, 0x1E, 0x02,
    0x8F, 0x8C, 0x2A, 0xAD, 0x6D, 0x85, 0x71, 0x29, 0xA8, 0x32, 0x51, 0x31, 0x5C, 0x39, 0x12, 0xD9,
    0x3C, 0x51, 0x81, 0xA6, 0xFA, 0x92, 0x26, 0x9C, 0xC9, 0xA9, 0xF7, 0x07, 0x44, 0xD1, 0x86, 0x5A,
    0xE9, 0x15, 0x60, 0x1F, 0x94, 0x94, 0x2F, 0x11, 0xF6, 0x11, 0x55, 0x4A, 0x19, 0x7B, 0xAA, 0x4E,
    0x18, 0xEC, 0xF9, 0xBD, 0x0B, 0xAC, 0x0F, 0xAD, 0x75, 0x7D, 0xB0, 0x9F, 0x72, 0x81, 0xA7, 0x57,
    0x47, 0xA3, 0x51, 0x1D, 0xA2, 0x22, 0xF6, 0x33, 0x19, 0x9D, 0xB9, 0x29, 0xC1, 0xE1, 0xD8, 0xEE,
    0x18, 0xFF, 0xDE, 0xAA, 0xF3, 0xE0, 0x35, 0x97, 0x07, 0x7B, 0xF6, 0xE8, 0xB1, 0x90, 0x85, 0xB3,
    0x39, 0x5F, 0x7F, 0xF7, 0xE8, 0x93, 0x42, 0x7C, 0xED, 0xE8, 0xB3, 0xFF, 0xAE, 0xDD, 0x6B, 0x34,
    0xA1, 0xFA, 0x15, 0xFD, 0x79, 0x1D, 0x8A, 0xD9, 0x7A, 0x03, 0x31, 0x41, 0xEB, 0x24, 0xFD, 0x7A,
    0x0B, 0xB8, 0x47, 0x2F, 0xE3, 0xBD, 0x2E, 0xD7, 0x09, 0xB4, 0xA5, 0xF2, 0xB0, 0xA6, 0xA4, 0xA3,
    0xD2, 0x9A, 0xE2, 0x20, 0x6B, 0xF8, 0x47, 0x1C, 0x58, 0x80, 0x65, 0x49, 0xD2, 0xA0, 0x83, 0x05,
    0xBA, 0x4A, 0x6A, 0x69, 0x6F, 0xBB, 0xD8, 0x47, 0x54, 0xB3, 0xBC, 0x57, 0xE0, 0x4E, 0x85, 0x68,
    0x9D, 0x22, 0x07, 0xF4, 0x4B, 0x44, 0x5F, 0x31, 0x79, 0x5D, 0x99, 0xD3, 0xEE, 0x29, 0x6D, 0x45,
    0x0C, 0x54, 0x9F, 0x68, 0x72, 0xCA, 0x4D, 0x27, 0x9F, 0xA0, 0x31, 0x41, 0xC8, 0xA0, 0x36, 0x3A,
    0x1F, 0xC9, 0x09, 0xBA, 0x84, 0xF8, 0xE1, 0x1B, 0xE0, 0x75, 0x0F, 0x10, 0x1B, 0xDF, 0x24, 0x9B,
    0xC3, 0xD1, 0xBA, 0x86, 0xCD, 0x71, 0x59, 0xBC, 0x6A, 0xDF, 0x66, 0xC6, 0x15, 0xE7, 0xD9, 0x9C,
    0x19, 0xCC, 0x38, 0xC3, 0x56, 0x05, 0x9B, 0xF3, 0x34, 0xCB, 0xF8, 0x5F, 0xE2, 0xE1, 0x9F, 0xB2,
    0xCD, 0xA1, 0xF2, 0x44, 0xC8, 0x94, 0x87, 0x3D, 0xC8, 0xEA, 0xE3, 0xDA, 0x9C, 0x2D, 0xB5, 0xCD,
    0x99, 0x37, 0x72, 0xCF, 0x11, 0xB0, 0xB1, 0x97, 0x1C, 0x81, 0x9A, 0x88, 0x67, 0x4A, 0x19, 0xB9,
    0x67, 0xAD, 0x60, 0xB9, 0x8F, 0xF4, 0xDB, 0x9F, 0x87, 0x88, 0x67, 0x62, 0xEF, 0xC9, 0xFD, 0xAD,
    0x09, 0x1B, 0x6D, 0xFA, 0xA6, 0xFE, 0x63, 0x2B, 0xD9, 0xC9, 0x66, 0xCA, 0x56, 0xBC, 0x6D, 0xB4,
    0xD9, 0x16, 0x57, 0x67, 0xEF, 0x03, 0x96, 0x44, 0xC2, 0x9E, 0x93, 0x9C, 0x1A, 0x7B, 0x51, 0x63,
    0xFF, 0xF9, 0x8F, 0x36, 0x2F, 0xE6, 0x6B, 0x5B, 0x9A, 0x63, 0x79, 0x60, 0x6F, 0xA9, 0xCB, 0x56,
    0x7D, 0x3E, 0x3E, 0xF6, 0x11, 0xE7, 0xB0, 0x84, 0xBD, 0xA1, 0xFE, 0xDF, 0x60, 0xEF, 0xD1, 0xCC,
    0xD1, 0x00, 0xD8, 0x47, 0xEF, 0x90, 0x52, 0xF7, 0x33, 0xD5, 0xDE, 0x69, 0xE6, 0xCB, 0xCF, 0xB3,
    0x39, 0x0D, 0xBA, 0xE9, 0xA4, 0xDA, 0x9B, 0xCF, 0x1E, 0x96, 0xED, 0xCB, 0xD3, 0x43, 0xE1, 0xFD,
    0x19, 0x53, 0x94, 0x8D, 0x19, 0x9B, 0x03, 0x7B, 0x73, 0x15, 0x36, 0xC7, 0xC5, 0x39, 0x94, 0xC3,
    0x32, 0xF6, 0x01, 0x19, 0x65, 0xC6, 0xBE, 0x75, 0x18, 0x01, 0x27, 0x63, 0x7F, 0xA7, 0xF0, 0xB2,
    0xEB, 0x81, 0xBD, 0x47, 0x35, 0x0A, 0xA6, 0xE4, 0x09, 0xF7, 0x69, 0x78, 0xCA, 0x3D, 0x11, 0xD7,
    0xB3, 0x24, 0x1D, 0x37, 0xF3, 0xEA, 0xBC, 0x5B, 0xCD, 0x5C, 0x97, 0x62, 0x07, 0xB2, 0x30, 0x21,
    0xE3, 0x1A, 0x79, 0xA9, 0xDC, 0x60, 0x1F, 0xA6, 0x7E, 0x61, 0xB1, 0x17, 0xA2, 0xAC, 0xB1, 0x2F,
    0x0D, 0xF6, 0x2D, 0x4B, 0x79, 0xAA, 0x65, 0x6F, 0xF0, 0x85, 0xEA, 0x66, 0xB6, 0xE6, 0xD0, 0x7B,
    0xA1, 0x32, 0x47, 0x02, 0xF6, 0xAE, 0x4E, 0x9B, 0xA8, 0xED, 0x47, 0xAE, 0x50, 0xEE, 0xFB, 0x94,
    0x2F, 0x0C, 0x28, 0xCB, 0xD2, 0x54, 0xB2, 0x1B, 0x11, 0xF6, 0xD9, 0x14, 0xF2, 0x85, 0x5B, 0xAE,
    0x20, 0xC6, 0x9C, 0xC8, 0xBD, 0x87, 0xF8, 0xC9, 0x60, 0x1F, 0x51, 0x34, 0xC2, 0xD8, 0xB7, 0x52,
    0x78, 0x55, 0xC6, 0x7E, 0x8B, 0x10, 0xE9, 0x67, 0x46, 0xEE, 0x3D, 0xC6, 0x3E, 0xE2, 0xC8, 0x87,
    0x6C, 0xCE, 0x21, 0x4E, 0xD0, 0x20, 0xF7, 0xE6, 0x6E, 0xA2, 0x9F, 0xAA, 0x76, 0x64, 0x2F, 0x2F,
    0x7A, 0xBD, 0x2D, 0xE6, 0xD9, 0xB4, 0x7D, 0xC5, 0x96, 0xC6, 0x2B, 0x22, 0x11, 0xD8, 0xE8, 0x1F,
    0xB1, 0xE8, 0xB9, 0x21, 0xC9, 0x7D, 0xA3, 0xE2, 0xE8, 0xFF, 0xE3, 0xC4, 0xF7, 0x17, 0xB3, 0x39,
    0x51, 0x1D, 0x63, 0x86, 0x44, 0xDD, 0x28, 0x9B, 0x23, 0x2E, 0x82, 0x3D, 0x65, 0xB8, 0x7E, 0xEE,
    0xB0, 0x6F, 0xD8, 0xEE, 0x93, 0x20, 0x1F, 0x3A, 0xEC, 0xEF, 0x2D, 0x9D, 0xCD, 0x31, 0xF5, 0xC4,
    0xC3, 0x84, 0x3D, 0x57, 0x71, 0x4A, 0xB2, 0xF7, 0xB6, 0x8A, 0x63, 0xEE, 0x8A, 0xA9, 0x8A, 0x63,
    0xEE, 0x8A, 0xC3, 0x0D, 0xE8, 0x58, 0x5D, 0xC5, 0xE9, 0xFC, 0xDF, 0x55, 0x1C, 0x4B, 0xF5, 0x53,
    0xA6, 0xFC, 0xD4, 0x43, 0x1E, 0xD0, 0xE3, 0x6D, 0x4B, 0x5D, 0x6E, 0x21, 0xEC, 0xBD, 0x0E, 0x82,
    0x51, 0x53, 0xD4, 0x4E, 0x40, 0x55, 0x8C, 0x3D, 0xDD, 0x7C, 0x0D, 0x62, 0x47, 0x0D, 0x19, 0xFB,
    0x04, 0xEA, 0x32, 0x60, 0xEC, 0xE7, 0x7D, 0x2A, 0x32, 0xD3, 0xAA, 0x6B, 0xF4, 0x2C, 0x49, 0x58,
    0x50, 0xC1, 0x43, 0xA7, 0x74, 0x72, 0x3F, 0x65, 0x43, 0x15, 0x67, 0xF5, 0x7D, 0x63, 0xE5, 0xDA,
    0x6E, 0x18, 0x35, 0x7B, 0xD7, 0x52, 0x23, 0x39, 0xA9, 0x1F, 0x6C, 0xAA, 0xF2, 0x5F, 0x63, 0xB9,
    0xE7, 0x8A, 0x70, 0x46, 0x72, 0xAF, 0xE9, 0x8E, 0x07, 0xE7, 0x89, 0xF6, 0x31, 0xF6, 0xF3, 0x97,
    0xF7, 0xB5, 0xE6, 0xD9, 0xF3, 0x7D, 0xED, 0x20, 0xCC, 0xA3, 0x6C, 0x8D, 0xD0, 0xDD, 0xE5, 0x41,
    0x79, 0x76, 0x7D, 0xBC, 0xCA, 0x4E, 0x50, 0xBA, 0xCA, 0x4E, 0x30, 0xAC, 0x2B, 0x3B, 0x49, 0x2D,
    0xF7, 0x43, 0x27, 0xF7, 0x1C, 0xA1, 0x1A, 0xB9, 0x4F, 0x6A, 0xB9, 0x9F, 0xAB, 0x7D, 0x6D, 0xC7,
    0xF9, 0xDA, 0xA0, 0xCE, 0xAD, 0xA6, 0xB2, 0x6B, 0x92, 0x5B, 0x7D, 0x04, 0xFB, 0xA8, 0x7E, 0xA2,
    0xEF, 0x66, 0x91, 0xF5, 0xCC, 0x26, 0x9B, 0xA0, 0xD5, 0x96, 0x3E, 0x8A, 0xBD, 0xED, 0xF8, 0x00,
    0xFB, 0xE5, 0xA5, 0x7C, 0xAD, 0xD4, 0xB0, 0x39, 0xEC, 0x33, 0xE2, 0x7D, 0x64, 0x73, 0xE8, 0x70,
    0x8B, 0xF8, 0x4F, 0x75, 0x44, 0x5F, 0x88, 0x83, 0x9D, 0xDB, 0x44, 0x6F, 0x95, 0xFA, 0x73, 0x56,
    0xF4, 0x0E, 0xD1, 0xAE, 0xC4, 0xD4, 0x90, 0xA9, 0x8E, 0xA2, 0xFE, 0xAC, 0x83, 0x87, 0x6E, 0x03,
    0xBA, 0x61, 0xB9, 0x85, 0x9F, 0x48, 0xD4, 0x56, 0x33, 0x8B, 0xE5, 0x02, 0x55, 0xE4, 0x2E, 0xEE,
    0x6B, 0x7D, 0xEE, 0x65, 0xDA, 0x0F, 0xEC, 0x21, 0x73, 0x4F, 0x3D, 0x08, 0xFB, 0x0D, 0x5B, 0x67,
    0x92, 0xBB, 0x47, 0xD5, 0x42, 0xA0, 0x5F, 0x3F, 0xF6, 0xFD, 0x96, 0xBE, 0xA7, 0x88, 0xA0, 0x24,
    0x12, 0x7C, 0x97, 0x79, 0xF8, 0x28, 0x53, 0x90, 0x1C, 0x59, 0x74, 0x89, 0xAA, 0x80, 0xBD, 0x8A,
    0x89, 0x2A, 0xC0, 0x88, 0x8E, 0x24, 0x8A, 0x72, 0xAB, 0x86, 0x00, 0x95, 0x10, 0x1A, 0x61, 0xA1,
    0x3C, 0x91, 0x50, 0x6E, 0xE5, 0x0D, 0xB1, 0x89, 0x2F, 0x33, 0xF6, 0x2D, 0x53, 0xF3, 0xA0, 0xD3,
    0x8F, 0x6D, 0xBA, 0x45, 0x3D, 0x67, 0x7D, 0x8B, 0xBD, 0x57, 0xDF, 0xFA, 0x7E, 0xDA, 0x5C, 0x60,
    0x0D, 0x98, 0xDF, 0xA4, 0x01, 0xAC, 0x1F, 0x73, 0xC4, 0x05, 0x7B, 0x4F, 0x02, 0x2E, 0xC4, 0x14,
    0xE7, 0x14, 0xC4, 0x05, 0x4A, 0x3D, 0xF1, 0x3E, 0xAC, 0x8F, 0xE8, 0x16, 0x71, 0xC5, 0xD2, 0x3E,
    0x33, 0x4E, 0xA7, 0x90, 0x24, 0xC2, 0xDE, 0x6B, 0x73, 0x39, 0x45, 0x75, 0x1F, 0x33, 0xCB, 0xC5,
    0xB9, 0xE0, 0x3D, 0x49, 0x7F, 0x7F, 0x0B, 0x5C, 0x08, 0xF4, 0xC6, 0x53, 0x0F, 0xF6, 0x75, 0x5A,
    0x73, 0x21, 0xB3, 0x5C, 0x68, 0xD4, 0x5C, 0x68, 0xD4, 0x5C, 0x68, 0x8C, 0xE8, 0xA6, 0xB7, 0x4F,
    0x14, 0xD9, 0x28, 0xE6, 0x42, 0xA3, 0xE6, 0x42, 0x23, 0x75, 0x5C, 0x98, 0x0B, 0x6A, 0x2E, 0x34,
    0x1C, 0x17, 0x96, 0x26, 0x5C, 0x28, 0x1D, 0x17, 0xC6, 0x35, 0x17, 0x2C, 0x38, 0x5E, 0xFF, 0xAC,
    0xF8, 0x25, 0x8E, 0xF9, 0x2F, 0x56, 0x5F, 0x9B, 0x50, 0xF3, 0x1C, 0x9E, 0x12, 0xD5, 0x28, 0xB8,
    0x4F, 0x90, 0x6E, 0xE3, 0x87, 0xEE, 0x36, 0xDE, 0xD7, 0x69, 0x34, 0x64, 0x2E, 0x40, 0x39, 0xE2,
    0x11, 0xC7, 0x9D, 0x48, 0xD4, 0xC2, 0x11, 0xFB, 0x5F, 0x40, 0x41, 0x7D, 0x75, 0x64, 0x87, 0x56,
    0xA9, 0xD4, 0x70, 0x69, 0xFF, 0xDB, 0xAF, 0xAC, 0x1D, 0x0A, 0xC9, 0xEC, 0xB3, 0x1D, 0xEA, 0x66,
    0x33, 0x36, 0xF6, 0x59, 0xC5, 0x14, 0x9F, 0x9A, 0xFF, 0x1D, 0xB4, 0x1D, 0xF6, 0xBA, 0xB2, 0xAB,
    0x75, 0xB7, 0x53, 0x67, 0x09, 0xED, 0x40, 0x0B, 0x6E, 0xD4, 0x03, 0xF6, 0x6F, 0x99, 0xEB, 0x22,
    0x60, 0xBF, 0x9E, 0x4F, 0x5B, 0xEC, 0xEF, 0x33, 0xEF, 0x01, 0xFB, 0xC8, 0x8C, 0x03, 0xF6, 0xD3,
    0xDB, 0x1F, 0xCF, 0x2C, 0xF6, 0xFD, 0xCA, 0x61, 0xAF, 0x56, 0xAF, 0x0C, 0xFB, 0x59, 0x73, 0xA5,
    0x44, 0xB5, 0x4D, 0xF0, 0xBA, 0x9B, 0xDB, 0x4E, 0x08, 0x69, 0xFA, 0x1F, 0x80, 0x78, 0x8D, 0x7D,
    0x1A, 0x7D, 0x04, 0xFB, 0xD1, 0x66, 0xEC, 0xCB, 0xCF, 0x04, 0xF6, 0x57, 0x28, 0xF7, 0xCA, 0x54,
    0x4E, 0x48, 0xEE, 0x29, 0x8C, 0x34, 0x75, 0x65, 0x1A, 0x18, 0x2A, 0x60, 0xEF, 0x99, 0x3B, 0x5C,
    0x60, 0x6F, 0x8C, 0xD3, 0x02, 0xF9, 0x80, 0xD4, 0xDC, 0xB6, 0x6F, 0xAA, 0x33, 0xAC, 0xD6, 0x75,
    0x86, 0xEA, 0x2A, 0xEA, 0x0C, 0x3B, 0x6B, 0xEB, 0x13, 0xD7, 0xF9, 0x96, 0xB9, 0x61, 0x23, 0xEC,
    0x5F, 0x30, 0xFA, 0x08, 0x9E, 0x9F, 0xB6, 0x59, 0xC7, 0xAC, 0x5F, 0x7C, 0x40, 0x37, 0x58, 0xC0,
    0x5E, 0xE6, 0x5D, 0x0A, 0x72, 0x80, 0xFD, 0x13, 0xD9, 0x12, 0x2D, 0x03, 0xEC, 0x5F, 0xA3, 0xA6,
    0xD5, 0x3D, 0x84, 0xBD, 0x16, 0xD3, 0x75, 0xBE, 0x15, 0xD9, 0xA8, 0xCF, 0x84, 0xD2, 0xD4, 0x8D,
    0x10, 0xB1, 0x48, 0x74, 0xF9, 0xF2, 0xA2, 0x63, 0x51, 0xF3, 0x74, 0x8D, 0xE4, 0x5D, 0xE7, 0x61,
    0x9F, 0x3A, 0xEB, 0xE3, 0xFA, 0x9A, 0xB8, 0xC3, 0xC5, 0x76, 0x67, 0xE1, 0xD3, 0x03, 0x46, 0x1E,
    0x49, 0xAD, 0x3D, 0x2D, 0xDC, 0x2D, 0x25, 0xF5, 0xDD, 0x0A, 0x8B, 0x31, 0x97, 0xE8, 0xA3, 0xBC,
    0x22, 0x49, 0x39, 0xCE, 0xD2, 0x4E, 0xDD, 0x4A, 0xD4, 0x52, 0x86, 0x68, 0x01, 0x1E, 0x62, 0xC8,
    0x6E, 0x02, 0x32, 0x59, 0xFA, 0x25, 0x15, 0x3B, 0xE9, 0x42, 0x71, 0x45, 0x52, 0x2D, 0xB7, 0x76,
    0x0C, 0xA2, 0x12, 0xAE, 0x6F, 0x95, 0x9E, 0x99, 0xF4, 0x24, 0xD4, 0x64, 0x13, 0x27, 0x9E, 0x4E,
    0x57, 0x64, 0xF6, 0x2D, 0xB1, 0x80, 0xE3, 0x45, 0xBA, 0xA2, 0xBA, 0x72, 0x4C, 0x97, 0x81, 0xD8,
    0x2C, 0xCC, 0x6A, 0x24, 0xEA, 0x8A, 0xE5, 0xA5, 0xC8, 0xDD, 0x8C, 0x18, 0x84, 0x21, 0x12, 0xF1,
    0x80, 0xEE, 0x01, 0xC2, 0x11, 0x2C, 0x71, 0xAC, 0xC7, 0x74, 0x1B, 0x72, 0x0A, 0x8E, 0x1D, 0x1E,
    0x54, 0x6D, 0x7F, 0x5B, 0x9E, 0x18, 0x46, 0xF0, 0xEB, 0x7E, 0xA1, 0xF5, 0x89, 0x12, 0xFB, 0x5A,
    0x14, 0xF2, 0x64, 0x15, 0x54, 0x8A, 0xAF, 0x90, 0x83, 0xC7, 0x53, 0x71, 0x10, 0x11, 0x31, 0x1C,
    0x1E, 0x2B, 0x6F, 0x07, 0x7B, 0x68, 0x1B, 0xD3, 0x8A, 0x33, 0xE4, 0x2B, 0xE6, 0x48, 0x74, 0xB2,
    0x4D, 0x64, 0x67, 0xA7, 0x21, 0x77, 0x07, 0x59, 0x43, 0x9F, 0xA2, 0xC7, 0x96, 0x91, 0x36, 0x84,
    0x3F, 0x23, 0x99, 0x16, 0xDD, 0xFF, 0xE1, 0x7E, 0x2C, 0x40, 0x3D, 0x33, 0x70, 0x0D, 0xA4, 0x75,
    0x87, 0x03, 0xE2, 0xD4, 0x37, 0xDD, 0xF5, 0x53, 0x5F, 0x1F, 0x99, 0x30, 0xC8, 0x94, 0x23, 0x6B,
    0xFE, 0xB4, 0x6A, 0xF6, 0xD4, 0xDC, 0x31, 0xF7, 0xCA, 0xC4, 0x1C, 0x93, 0x45, 0xD1, 0x15, 0xF3,
    0xD2, 0x85, 0xD5, 0x92, 0x30, 0x07, 0x17, 0x7A, 0x04, 0x8E, 0x2C, 0x90, 0x2F, 0x2B, 0x7A, 0xCC,
    0x83, 0x7E, 0xF0, 0xFA, 0x3A, 0xAB, 0xEC, 0x3D, 0xF0, 0x4C, 0xDE, 0x99, 0x30, 0xC5, 0xF5, 0x98,
    0x8A, 0xF9, 0x1A, 0xDB, 0xD9, 0x64, 0x8B, 0x43, 0x39, 0x99, 0xA3, 0x85, 0x1A, 0x44, 0x75, 0x21,
    0xA7, 0x02, 0xEE, 0x2D, 0x4A, 0xF4, 0x3D, 0xD8, 0xB0, 0x06, 0xB5, 0xF4, 0xCA, 0x09, 0xAA, 0x3E,
    0x83, 0x6A, 0x9D, 0x50, 0xA0, 0xBA, 0x60, 0x46, 0x43, 0xF4, 0xEE, 0x14, 0x24, 0xB2, 0xB3, 0x0B,
    0xC2, 0xFA, 0x9E, 0xF9, 0xC4, 0xF1, 0x2D, 0x69, 0x3B, 0x19, 0xE8, 0xAC, 0x38, 0xAA, 0x5A, 0x11,
    0xA1, 0xF5, 0x55, 0xF4, 0x5E, 0x63, 0x44, 0x1A, 0x03, 0x9E, 0x78, 0x54, 0xF7, 0x0C, 0xF3, 0x44,
    0xCC, 0x06, 0xA5, 0xA4, 0x5A, 0x68, 0x23, 0xA5, 0x2E, 0xC0, 0x55, 0x6C, 0x28, 0xA4, 0xAB, 0x07,
    0xB1, 0x8B, 0xD0, 0x38, 0x3A, 0xA8, 0xE5, 0xB7, 0x9B, 0x39, 0xD4, 0xC2, 0x89, 0xA4, 0xF7, 0x1D,
    0xBA, 0x04, 0xFE, 0x91, 0x4F, 0x6E, 0x99, 0xB8, 0x51, 0x80, 0x2D, 0xD3, 0x2C, 0x09, 0x39, 0x7B,
    0xE4, 0x35, 0x52, 0x02, 0xB2, 0x4C, 0xA4, 0x41, 0xC7, 0x8D, 0x6D, 0xCA, 0x48, 0x85, 0x9D, 0x47,
    0xF6, 0x2E, 0xF4, 0xC8, 0x21, 0x1F, 0x9E, 0x3C, 0xB2, 0x69, 0x73, 0x20, 0xAF, 0xB0, 0xC0, 0x72,
    0x07, 0xAF, 0x70, 0x37, 0x6C, 0xD4, 0x98, 0xAB, 0xCF, 0xAD, 0x92, 0x1B, 0xF4, 0x2F, 0x5F, 0x85,
    0x9B, 0xE2, 0x63, 0x50, 0x5C, 0xB4, 0x94, 0xCE, 0x14, 0x6C, 0x99, 0x3C, 0xEE, 0x66, 0x20, 0xCB,
    0x44, 0x89, 0xE1, 0xEE, 0x49, 0x15, 0x8E, 0xBD, 0x02, 0xF7, 0x94, 0x64, 0xE4, 0x15, 0x1A, 0x5C,
    0x8F, 0x23, 0xAF, 0xD0, 0xAA, 0xFB, 0x4C, 0x0C, 0x45, 0x72, 0xD5, 0xD0, 0xE9, 0x8C, 0xCE, 0xC9,
    0x32, 0x85, 0xB4, 0x97, 0xCF, 0x6C, 0x05, 0x94, 0x1C, 0xC4, 0x71, 0xC6, 0x1E, 0x0E, 0xD2, 0x33,
    0xDD, 0x87, 0x7C, 0xBB, 0xCA, 0x3D, 0x3E, 0xC1, 0xC8, 0x55, 0x9F, 0xC9, 0x7D, 0x1A, 0x5F, 0x20,
    0x56, 0x2E, 0x5D, 0x69, 0xDE, 0x4C, 0x31, 0x7E, 0x25, 0x61, 0x6F, 0xAF, 0x59, 0x11, 0x93, 0x9E,
    0x91, 0x78, 0x35, 0xA9, 0xC7, 0x67, 0x9D, 0xA8, 0x88, 0x7B, 0x7C, 0xF8, 0x05, 0xEC, 0x7D, 0x7E,
    0x6F, 0x9A, 0xB0, 0xE7, 0x71, 0x09, 0x61, 0xCF, 0xDD, 0x3E, 0x15, 0x61, 0x3F, 0x75, 0x14, 0xAF,
    0xF4, 0x06, 0x56, 0x40, 0xE5, 0xA4, 0x1A, 0x91, 0xBB, 0x46, 0xDE, 0xA5, 0x49, 0x35, 0x62, 0x92,
    0x0F, 0xD0, 0xD5, 0x89, 0x4F, 0xEE, 0x2C, 0x1F, 0xF1, 0x97, 0x29, 0xEA, 0x6A, 0x44, 0x97, 0xA2,
    0x21, 0x63, 0xD2, 0xD6, 0x8B, 0xE6, 0x6E, 0xB3, 0xE4, 0xEB, 0xC0, 0xDE, 0xD6, 0x38, 0x55, 0xC7,
    0xA3, 0xEB, 0x68, 0x6C, 0xA1, 0x5A, 0x95, 0xBF, 0x40, 0xBC, 0x38, 0xE8, 0x8A, 0xD5, 0xCA, 0xFB,
    0xDB, 0xB7, 0x21, 0xB1, 0x8F, 0x50, 0x3E, 0xF0, 0xFB, 0x94, 0xBE, 0x3D, 0x4C, 0xE8, 0x32, 0xD5,
    0x26, 0xEA, 0x39, 0xA2, 0x16, 0x0D, 0xB5, 0x35, 0xB5, 0xD4, 0x5B, 0x7A, 0xDC, 0x5E, 0x24, 0xEC,
    0x9F, 0xD3, 0xFF, 0x7D, 0x6C, 0xB0, 0x28, 0xDA, 0xAB, 0xE2, 0x39, 0xF8, 0x70, 0x50, 0x90, 0x7B,
    0x7A, 0x02, 0x9F, 0x2A, 0x4B, 0x25, 0x42, 0x2D, 0x88, 0xD3, 0xD4, 0x7F, 0x93, 0xD0, 0xB7, 0x8B,
    0x0C, 0x85, 0x7C, 0x20, 0x33, 0x14, 0x55, 0xAD, 0x0C, 0x15, 0x43, 0x4E, 0x4E, 0x8F, 0xD3, 0x70,
    0x40, 0xF7, 0x67, 0x6B, 0xA7, 0xF9, 0x59, 0xCA, 0x07, 0x88, 0x5A, 0x64, 0x95, 0x7C, 0x1D, 0x40,
    0xAC, 0x36, 0xB8, 0x17, 0x68, 0x44, 0x7C, 0xE9, 0x10, 0x20, 0x71, 0xC6, 0xDE, 0x11, 0x76, 0x41,
    0xBE, 0x7B, 0x8C, 0xD5, 0x2F, 0xA2, 0x96, 0xA7, 0x31, 0x65, 0x04, 0x54, 0x2B, 0x14, 0xB6, 0xCC,
    0x78, 0x83, 0x34, 0xC0, 0xC4, 0x40, 0xB6, 0x26, 0xE4, 0xEB, 0x4B, 0x7E, 0x7F, 0xE0, 0xCA, 0xEE,
    0x5A, 0x2E, 0x75, 0x07, 0xC0, 0x19, 0x11, 0xD5, 0xE3, 0x24, 0x1F, 0x8D, 0xEA, 0x12, 0x11, 0x1B,
    0x60, 0x8A, 0x49, 0x5B, 0xF5, 0x9D, 0x6F, 0xAB, 0xBE, 0xF3, 0x9D, 0x74, 0xFB, 0xF0, 0x7B, 0x1C,
    0x93, 0xD2, 0x4D, 0xB5, 0xF1, 0x6A, 0x5C, 0xA5, 0x36, 0x1A, 0x70, 0xEB, 0x03, 0xD7, 0x40, 0x03,
    0xC4, 0x81, 0x3A, 0x39, 0x0E, 0x59, 0x6D, 0x8D, 0x8F, 0x78, 0x6B, 0xC7, 0x4F, 0x0D, 0x6F, 0x82,
    0xE1, 0x77, 0x77, 0x9C, 0x6C, 0x99, 0xEA, 0xF2, 0x9F, 0x83, 0xFC, 0x92, 0xA9, 0x5D, 0xEE, 0x00,
    0xB9, 0x87, 0x53, 0xD8, 0x33, 0x4C, 0xBE, 0x86, 0xF5, 0xC2, 0x75, 0x26, 0x4F, 0x52, 0x6B, 0x83,
    0x21, 0xD7, 0x29, 0x37, 0xB4, 0x24, 0x56, 0xE9, 0x58, 0x12, 0x10, 0x0C, 0xD7, 0x6F, 0x03, 0xB9,
    0x77, 0x7D, 0x89, 0x48, 0xFD, 0xE3, 0x1D, 0x27, 0xF5, 0x7A, 0x03, 0x3E, 0x23, 0xFA, 0x0F, 0x04,
    0x9F, 0xDF, 0xA5, 0xBE, 0xFD, 0x7C, 0x09, 0xB6, 0x7A, 0x41, 0xAC, 0x41, 0x08, 0xE1, 0xF0, 0xF8,
    0x3F, 0xAA, 0x72, 0xAF, 0x22, 0xED, 0x5D, 0x14, 0x0B, 0x12, 0xF0, 0xF4, 0x98, 0x9C, 0x05, 0x99,
    0xAD, 0xF2, 0x00, 0x7A, 0x17, 0x11, 0x4C, 0x1B, 0xAE, 0x35, 0xA1, 0x01, 0x4B, 0x70, 0xFD, 0xFC,
    0x1D, 0x9B, 0x60, 0x23, 0x02, 0x7C, 0x52, 0xAB, 0x63, 0x79, 0xAB, 0xF1, 0x12, 0xED, 0xBA, 0xFF,
    0xF8, 0x70, 0xB0, 0xBC, 0x53, 0x71, 0x03, 0x77, 0xF4, 0xF0, 0xF0, 0xEF, 0x77, 0xAC, 0xB2, 0x91,
    0x5B, 0xD8, 0xFB, 0xF3, 0x17, 0x76, 0x26, 0xA6, 0xC2, 0xF1, 0x7B, 0xAF, 0x3E, 0x7F, 0x3F, 0xA2,
    0x06, 0x3C, 0x58, 0xFD, 0xCD, 0x7F, 0xFE, 0xC1, 0xC9, 0xFB, 0xF2, 0x00, 0x3E, 0xA1, 0x78, 0xE5,
    0xAF, 0x17, 0xDF, 0xC8, 0xAB, 0x50, 0x17, 0xF1, 0xBD, 0x3F, 0x4A, 0x92, 0xE7, 0x72, 0x64, 0xD6,
    0xE5, 0x9A, 0xFC, 0xF5, 0x64, 0x61, 0x8F, 0x88, 0x42, 0x0D, 0x2D, 0xD8, 0xD1, 0x83, 0xF7, 0x92,
    0x27, 0xF5, 0x2B, 0x14, 0x12, 0xC2, 0x1D, 0x7A, 0xEB, 0xFA, 0x47, 0x29, 0x15, 0xE8, 0x81, 0x6C,
    0x39, 0xA6, 0xAF, 0xF0, 0x65, 0xD4, 0x2F, 0x47, 0xF1, 0x1C, 0x31, 0x74, 0xC9, 0x92, 0x14, 0xB7,
    0x15, 0x52, 0xBF, 0x87, 0x35, 0xE8, 0xFB, 0x66, 0xBA, 0x7F, 0x4C, 0x9F, 0x1B, 0xB3, 0x9B, 0x26,
    0xA5, 0xE2, 0xF6, 0xCA, 0x4F, 0xA6, 0x28, 0x33, 0x54, 0x53, 0x78, 0x8C, 0x14, 0x85, 0xBF, 0x40,
    0x36, 0x80, 0xA2, 0xBC, 0x61, 0x4C, 0x13, 0x14, 0xE5, 0x84, 0xB9, 0x85, 0xBD, 0xA4, 0xAB, 0xE0,
    0xDA, 0x91, 0x67, 0xBE, 0x68, 0x23, 0x8C, 0xA2, 0x58, 0x95, 0x31, 0x8A, 0x42, 0x4E, 0xC3, 0xB6,
    0xC5, 0xD9, 0xB4, 0xC1, 0xB8, 0x94, 0xC4, 0x7C, 0xEF, 0xE8, 0xF8, 0x15, 0x29, 0x0A, 0x45, 0xE0,
    0xA6, 0x70, 0xFD, 0x8B, 0x55, 0xAB, 0x28, 0x7E, 0x3E, 0x67, 0x0B, 0x78, 0x32, 0xDB, 0x69, 0x0B,
    0x78, 0xAC, 0x46, 0xAC, 0x28, 0x4C, 0xB1, 0xA2, 0x30, 0x65, 0x1A, 0x53, 0x88, 0x62, 0x45, 0x61,
    0x8A, 0x15, 0x45, 0xD2, 0xF5, 0x11, 0x2B, 0x0A, 0x15, 0x82, 0xAC, 0xA2, 0x74, 0x4B, 0xA7, 0x28,
    0xDE, 0xA7, 0xE8, 0xA6, 0xE9, 0x72, 0xA3, 0x4F, 0xD8, 0x97, 0x1B, 0x38, 0xE3, 0x0F, 0x57, 0x2F,
    0x6F, 0xA4, 0xC8, 0x56, 0xC6, 0x15, 0xB0, 0x0F, 0xFE, 0x0D, 0x4F, 0xFC, 0xE0, 0x77, 0x81, 0xFD,
    0x34, 0x62, 0x17, 0xAF, 0x08, 0xD2, 0x5E, 0x6F, 0x8E, 0x7A, 0xAB, 0x33, 0x3F, 0x6F, 0xAB, 0xBD,
    0xF1, 0xBD, 0x42, 0x06, 0x45, 0x9E, 0xA8, 0x3D, 0xAD, 0x75, 0x21, 0x23, 0x05, 0x6A, 0x6F, 0x4D,
    0x2D, 0xC6, 0x18, 0xF7, 0xC4, 0x4B, 0xA0, 0x76, 0xE2, 0x59, 0x3F, 0x97, 0x59, 0xA2, 0x42, 0x68,
    0x8D, 0xA8, 0x62, 0x60, 0xEF, 0x51, 0xFF, 0x13, 0xC4, 0xEC, 0xBC, 0x4B, 0x03, 0x9F, 0xFE, 0xDE,
    0x4E, 0xD8, 0xFF, 0xE4, 0x20, 0x8E, 0xF1, 0x25, 0x60, 0xEF, 0xFD, 0x33, 0xC6, 0xED, 0x78, 0x0F,
    0xD8, 0xDF, 0xF3, 0x4D, 0x1C, 0x6E, 0xDB, 0x3F, 0x5D, 0x78, 0x51, 0x49, 0x2E, 0xCC, 0xB8, 0x69,
    0xA2, 0xAE, 0x6D, 0x5B, 0x1C, 0xF2, 0xD6, 0xCC, 0x94, 0xB5, 0x39, 0x51, 0xE5, 0x52, 0xB7, 0x31,
    0xFB, 0xF6, 0x4B, 0x1F, 0xA5, 0xE9, 0x2C, 0x0D, 0x9F, 0x89, 0x53, 0xB3, 0xDA, 0xD4, 0x60, 0x39,
    0xE5, 0x3B, 0x97, 0x37, 0xBD, 0xB2, 0xA1, 0xB8, 0x49, 0xB5, 0x0B, 0x85, 0x7C, 0x80, 0x1D, 0xC4,
    0xA1, 0xF8, 0xB0, 0xE0, 0x2F, 0xC7, 0xF9, 0x6A, 0x46, 0x85, 0xDC, 0x1E, 0xC6, 0x9B, 0x63, 0xEC,
    0xA9, 0x98, 0xFE, 0x71, 0x0A, 0x46, 0xD9, 0x56, 0xB1, 0x55, 0xEC, 0x82, 0x9B, 0xF6, 0xAA, 0x86,
    0xB0, 0x25, 0xEC, 0xEE, 0x90, 0xBF, 0x49, 0x03, 0x8A, 0xBE, 0x25, 0xFC, 0x2B, 0xE2, 0x6A, 0x1B,
    0xB2, 0xB6, 0xD6, 0x17, 0x36, 0x14, 0xE1, 0x5B, 0xB9, 0x1F, 0x5A, 0xB9, 0xE7, 0x6B, 0x9A, 0x0B,
    0x2E, 0x6C, 0xA2, 0xFA, 0xC2, 0xC6, 0x4B, 0x6F, 0xFA, 0x65, 0xB9, 0x24, 0xA6, 0x96, 0xCE, 0xEF,
    0x99, 0x0B, 0x1B, 0x92, 0x8E, 0x92, 0xE4, 0x9E, 0xF8, 0x36, 0x45, 0x21, 0x52, 0xCA, 0x53, 0xCD,
    0x5D, 0xAA, 0x58, 0x97, 0x05, 0x69, 0x98, 0x6E, 0x03, 0xF6, 0x5E, 0x45, 0xF9, 0x43, 0x87, 0xB0,
    0x5F, 0xEE, 0x08, 0xEF, 0xC3, 0x8A, 0x6D, 0x4E, 0xE5, 0x4A, 0x42, 0xD4, 0x75, 0xD3, 0x37, 0xE5,
    0x8B, 0xBE, 0x08, 0xCE, 0xF1, 0x7B, 0x4B, 0x61, 0x1E, 0x3F, 0xC6, 0x85, 0xEB, 0x55, 0x2F, 0xDB,
    0x46, 0xDD, 0xFE, 0x0A, 0x42, 0xCD, 0x92, 0x7D, 0x01, 0xF6, 0xDD, 0xD2, 0xD9, 0x1C, 0x3E, 0x24,
    0x61, 0xCF, 0x85, 0x20, 0xC6, 0x9E, 0x1B, 0x4E, 0x18, 0xFB, 0xB8, 0x6E, 0xC8, 0x62, 0xCA, 0x61,
    0x9F, 0x3B, 0x9B, 0x53, 0x3B, 0xE7, 0xBB, 0x8E, 0x7C, 0x76, 0x9B, 0x23, 0x28, 0x69, 0x6B, 0xB9,
    0xC0, 0x08, 0x59, 0xB2, 0x0D, 0x8C, 0x28, 0xAD, 0x35, 0xF6, 0x9E, 0x28, 0x13, 0x18, 0x51, 0xD1,
    0xDC, 0x06, 0x46, 0xF3, 0xD7, 0xB0, 0x39, 0xC2, 0x7C, 0x4D, 0xDC, 0x05, 0x46, 0x8A, 0xB1, 0xF7,
    0xC7, 0xD4, 0x9A, 0x45, 0xD8, 0xD3, 0x15, 0xF7, 0xF4, 0xE7, 0xB4, 0x31, 0xE5, 0xC6, 0x63, 0x4F,
    0x7B, 0x6D, 0x30, 0xF6, 0x9E, 0x4E, 0x03, 0xDB, 0x82, 0xDE, 0xA8, 0x83, 0x52, 0x2E, 0xE3, 0x7F,
    0x9E, 0xB0, 0x9F, 0x82, 0x27, 0xF8, 0x02, 0x63, 0xDF, 0xA5, 0xA4, 0x97, 0x2E, 0x89, 0x3D, 0x6E,
    0xF3, 0x1C, 0x02, 0x7B, 0xF9, 0xB2, 0xCE, 0x67, 0xF5, 0xFB, 0xC0, 0x3E, 0xB8, 0xFF, 0x6C, 0x91,
    0xF4, 0xBF, 0x03, 0xEC, 0x43, 0xFF, 0x70, 0xB9, 0x78, 0x57, 0x48, 0x57, 0x64, 0x88, 0xDE, 0x16,
    0x11, 0xBE, 0x81, 0x4A, 0xBD, 0x32, 0x61, 0x8A, 0xA2, 0xD4, 0x05, 0x44, 0xAE, 0x09, 0xBC, 0x41,
    0x9C, 0x3A, 0x6F, 0x30, 0x32, 0x6D, 0x44, 0x3D, 0x5E, 0x6D, 0x7F, 0xFA, 0x89, 0x2F, 0xE8, 0x65,
    0x6D, 0xEF, 0xE5, 0xB5, 0xBC, 0xA0, 0xFF, 0x5F,
};

static const EpdGlyph ebgaramond_18_boldGlyphs[] = {
    { 0, 0, 0, 0, 0, 0, 0 }, // U+0000
    { 0, 0, 0, 0, 0, 0, 0 }, // U+0001
    { 0, 0, 0, 0, 0, 0, 0 }, // U+0002
    { 0, 0, 0, 0, 0, 0, 0 }, // U+0003
    { 0, 0, 0, 0, 0, 0, 0 }, // U+0004
    { 0, 0, 0, 0, 0, 0, 0 }, // U+0005
    { 0, 0, 0, 0, 0, 0, 0 }, // U+0006
    { 0, 0, 0, 0, 0, 0, 0 }, // U+0007
    { 0, 0, 0, 0, 0, 0, 0 }, // U+0008
    { 0, 0, 0, 0, 0, 0, 0 }, // U+0009
    { 0, 0, 0, 0, 0, 0, 0 }, // U+000A
    { 0, 0, 0, 0, 0, 0, 0 }, // U+000B
    { 0, 0, 0, 0, 0, 0, 0 }, // U+000C
    { 0, 0, 0, 0, 0, 0, 0 }, // U+000D
    { 0, 0, 0, 0, 0, 0, 0 }, // U+000E
    { 0, 0, 0, 0, 0, 0, 0 }, // U+000F
    { 0, 0, 0, 0, 0, 0, 0 }, // U+0010
    { 0, 0, 0, 0, 0, 0, 0 }, // U+0011
    { 0, 0, 0, 0, 0, 0, 0 }, // U+0012
    { 0, 0, 0, 0, 0, 0, 0 }, // U+0013
    { 0, 0, 0, 0, 0, 0, 0 }, // U+0014
    { 0, 0, 0, 0, 0, 0, 0 }, // U+0015
    { 0, 0, 0, 0, 0, 0, 0 }, // U+0016
    { 0, 0, 0, 0, 0, 0, 0 }, // U+0017
    { 0, 0, 0, 0, 0, 0, 0 }, // U+0018
    { 0, 0, 0, 0, 0, 0, 0 }, // U+0019
    { 0, 0, 0, 0, 0, 0, 0 }, // U+001A
    { 0, 0, 0, 0, 0, 0, 0 }, // U+001B
    { 0, 0, 0, 0, 0, 0, 0 }, // U+001C
    { 0, 0, 0, 0, 0, 0, 0 }, // U+001D
    { 0, 0, 0, 0, 0, 0, 0 }, // U+001E
    { 0, 0, 0, 0, 0, 0, 0 }, // U+001F
    { 0, 0, 142, 0, 0, 0, 0 }, // U+0020
    { 7, 26, 174, 2, 25, 46, 0 }, // !
    { 11, 11, 239, 2, 26, 31, 46 }, // "
    { 18, 26, 290, 0, 22, 117, 77 }, // #
    { 16, 31, 277, 0, 27, 124, 194 }, // $
    { 25, 26, 421, 1, 25, 163, 318 }, // %
    { 29, 24, 479, 1, 23, 174, 481 }, // &
    { 5, 11, 142, 2, 26, 14, 655 }, // '
    { 10, 36, 182, 1, 27, 90, 669 }, // (
    { 11, 36, 182, 0, 27, 99, 759 }, // )
    { 13, 13, 214, 0, 26, 43, 858 }, // *
    { 21, 21, 361, 1, 20, 111, 901 }, // +
    { 9, 12, 148, 0, 5, 27, 1012 }, // ,
    { 11, 4, 190, 0, 10, 11, 1039 }, // -
    { 7, 7, 148, 1, 5, 13, 1050 }, // .
    { 15, 29, 244, 0, 26, 109, 1063 }, // /
    { 19, 25, 350, 1, 24, 119, 1172 }, // 0
    { 13, 25, 238, 1, 24, 82, 1291 }, // 1
    { 18, 25, 317, 1, 24, 113, 1373 }, // 2
    { 16, 26, 281, 1, 24, 104, 1486 }, // 3
    { 21, 26, 339, 0, 25, 137, 1590 }, // 4
    { 15, 26, 270, 1, 24, 98, 1727 }, // 5
    { 17, 25, 314, 1, 24, 107, 1825 }, // 6
    { 20, 26, 328, 0, 24, 130, 1932 }, // 7
    { 17, 25, 330, 2, 24, 107, 2062 }, // 8
    { 19, 26, 325, 1, 24, 124, 2169 }, // 9
    { 8, 17, 169, 1, 15, 34, 2293 }, // :
    { 9, 22, 148, 0, 15, 50, 2327 }, // ;
    { 18, 19, 325, 1, 18, 86, 2377 }, // <
    { 21, 9, 377, 1, 14, 48, 2463 }, // =
    { 18, 19, 325, 1, 18, 86, 2511 }, // >
    { 11, 26, 237, 2, 25, 72, 2597 }, // ?
    { 28, 27, 469, 1, 21, 189, 2669 }, // @
    { 29, 27, 432, -1, 26, 196, 2858 }, // A
    { 23, 26, 376, 0, 25, 150, 3054 }, // B
    { 24, 26, 425, 1, 25, 156, 3204 }, // C
    { 28, 26, 460, 0, 25, 182, 3360 }, // D
    { 21, 26, 345, 0, 25, 137, 3542 }, // E
    { 20, 26, 328, 0, 25, 130, 3679 }, // F
    { 26, 26, 431, 1, 25, 169, 3809 }, // G
    { 30, 26, 481, 0, 25, 195, 3978 }, // H
    { 14, 26, 218, 0, 25, 91, 4173 }, // I
    { 18, 33, 222, -4, 25, 149, 4264 }, // J
    { 29, 26, 458, 0, 25, 189, 4413 }, // K
    { 22, 26, 352, 0, 25, 143, 4602 }, // L
    { 34, 26, 550, 0, 25, 221, 4745 }, // M
    { 30, 26, 485, 0, 25, 195, 4966 }, // N
    { 27, 26, 456, 1, 25, 176, 5161 }, // O
    { 22, 26, 364, 0, 25, 143, 5337 }, // P
    { 33, 35, 456, 1, 25, 289, 5480 }, // Q
    { 29, 26, 456, 0, 25, 189, 5769 }, // R
    { 18, 26, 296, 0, 25, 117, 5958 }, // S
    { 27, 28, 417, 0, 27, 189, 6075 }, // T
    { 28, 26, 447, 0, 25, 182, 6264 }, // U
    { 27, 26, 424, 0, 25, 176, 6446 }, // V
    { 39, 26, 612, 0, 25, 254, 6622 }, // W
    { 29, 26, 450, -1, 25, 189, 6876 }, // X
    { 26, 26, 392, 0, 25, 169, 7065 }, // Y
    { 22, 27, 358, 0, 26, 149, 7234 }, // Z
    { 9, 35, 214, 4, 27, 79, 7383 }, // [
    { 15, 29, 244, 0, 26, 109, 7462 }, // <backslash>
    { 10, 35, 214, 0, 27, 88, 7571 }, // ]
    { 18, 14, 308, 1, 23, 63, 7659 }, // ^
    { 23, 4, 354, 0, -4, 23, 7722 }, // _
    { 7, 9, 142, 1, 25, 16, 7745 }, // `
    { 16, 18, 263, 1, 17, 72, 7761 }, // a
    { 20, 28, 325, 0, 27, 140, 7833 }, // b
    { 15, 18, 247, 0, 17, 68, 7973 }, // c
    { 21, 28, 332, 0, 27, 147, 8041 }, // d
    { 15, 18, 250, 0, 17, 68, 8188 }, // e
    { 18, 28, 216, 0, 27, 126, 8256 }, // f
    { 19, 28, 300, 0, 17, 133, 8382 }, // g
    { 21, 28, 335, 0, 27, 147, 8515 }, // h
    { 11, 26, 177, 0, 25, 72, 8662 }, // i
    { 11, 36, 160, -2, 25, 99, 8734 }, // j
    { 21, 28, 328, 0, 27, 147, 8833 }, // k
    { 11, 28, 171, 0, 27, 77, 8980 }, // l
    { 30, 18, 484, 0, 17, 135, 9057 }, // m
    { 21, 18, 340, 0, 17, 95, 9192 }, // n
    { 18, 18, 302, 0, 17, 81, 9287 }, // o
    { 20, 27, 331, 0, 17, 135, 9368 }, // p
    { 21, 28, 322, 0, 17, 147, 9503 }, // q
    { 16, 18, 248, 0, 17, 72, 9650 }, // r
    { 12, 18, 216, 1, 17, 54, 9722 }, // s
    { 13, 21, 225, 1, 20, 69, 9776 }, // t
    { 21, 18, 331, 0, 17, 95, 9845 }, // u
    { 19, 17, 290, 0, 16, 81, 9940 }, // v
    { 29, 18, 451, 0, 16, 131, 10021 }, // w
    { 19, 17, 303, 0, 16, 81, 10152 }, // x
    { 19, 27, 289, 0, 16, 129, 10233 }, // y
    { 16, 18, 262, 0, 17, 72, 10362 }, // z
    { 13, 33, 224, 1, 27, 108, 10434 }, // {
    { 5, 38, 166, 3, 27, 48, 10542 }, // |
    { 13, 33, 224, 0, 27, 108, 10590 }, // }
    { 19, 7, 327, 1, 16, 34, 10698 }, // ~
    { 0, 0, 0, 0, 0, 0, 10732 }, // U+007F
    { 0, 0, 0, 0, 0, 0, 0 }, // U+0080
    { 0, 0, 0, 0, 0, 0, 0 }, // U+0081
    { 0, 0, 0, 0, 0, 0, 0 }, // U+0082
    { 0, 0, 0, 0, 0, 0, 0 }, // U+0083
    { 0, 0, 0, 0, 0, 0, 0 }, // U+0084
    { 0, 0, 0, 0, 0, 0, 0 }, // U+0085
    { 0, 0, 0, 0, 0, 0, 0 }, // U+0086
    { 0, 0, 0, 0, 0, 0, 0 }, // U+0087
    { 0, 0, 0, 0, 0, 0, 0 }, // U+0088
    { 0, 0, 0, 0, 0, 0, 0 }, // U+0089
    { 0, 0, 0, 0, 0, 0, 0 }, // U+008A
    { 0, 0, 0, 0, 0, 0, 0 }, // U+008B
    { 0, 0, 0, 0, 0, 0, 0 }, // U+008C
    { 0, 0, 0, 0, 0, 0, 0 }, // U+008D
    { 0, 0, 0, 0, 0, 0, 0 }, // U+008E
    { 0, 0, 0, 0, 0, 0, 0 }, // U+008F
    { 0, 0, 0, 0, 0, 0, 0 }, // U+0090
    { 0, 0, 0, 0, 0, 0, 0 }, // U+0091
    { 0, 0, 0, 0, 0, 0, 0 }, // U+0092
    { 0, 0, 0, 0, 0, 0, 0 }, // U+0093
    { 0, 0, 0, 0, 0, 0, 0 }, // U+0094
    { 0, 0, 0, 0, 0, 0, 0 }, // U+0095
    { 0, 0, 0, 0, 0, 0, 0 }, // U+0096
    { 0, 0, 0, 0, 0, 0, 0 }, // U+0097
    { 0, 0, 0, 0, 0, 0, 0 }, // U+0098
    { 0, 0, 0, 0, 0, 0, 0 }, // U+0099
    { 0, 0, 0, 0, 0, 0, 0 }, // U+009A
    { 0, 0, 0, 0, 0, 0, 0 }, // U+009B
    { 0, 0, 0, 0, 0, 0, 0 }, // U+009C
    { 0, 0, 0, 0, 0, 0, 0 }, // U+009D
    { 0, 0, 0, 0, 0, 0, 0 }, // U+009E
    { 0, 0, 0, 0, 0, 0, 0 }, // U+009F
    { 0, 0, 142, 0, 0, 0, 0 }, // U+00A0
    { 7, 26, 174, 2, 19, 46, 0 }, // U+00A1
    { 16, 24, 260, 0, 20, 96, 46 }, // U+00A2
    { 22, 26, 341, -1, 24, 143, 142 }, // U+00A3
    { 18, 18, 305, 1, 19, 81, 285 }, // U+00A4
    { 26, 26, 392, 0, 25, 169, 366 }, // U+00A5
    { 5, 38, 166, 3, 27, 48, 535 }, // U+00A6
    { 15, 30, 266, 1, 24, 113, 583 }, // U+00A7
    { 14, 6, 213, 0, 24, 21, 696 }, // U+00A8
    { 24, 24, 409, 1, 24, 144, 717 }, // U+00A9
    { 12, 17, 210, 1, 22, 51, 861 }, // U+00AA
    { 20, 16, 350, 1, 16, 80, 912 }, // U+00AB
    { 20, 14, 373, 1, 15, 70, 992 }, // U+00AC
    { 0, 0, 0, 0, 0, 0, 1062 }, // U+00AD
    { 24, 24, 412, 1, 24, 144, 1062 }, // U+00AE
    { 13, 4, 213, 0, 22, 13, 1206 }, // U+00AF
    { 13, 12, 208, 0, 26, 39, 1219 }, // U+00B0
    { 21, 23, 360, 1, 24, 121, 1258 }, // U+00B1
    { 12, 14, 205, 0, 30, 42, 1379 }, // U+00B2
    { 9, 14, 177, 1, 30, 32, 1421 }, // U+00B3
    { 7, 9, 142, 1, 25, 16, 1453 }, // U+00B4
    { 19, 28, 335, 2, 17, 133, 1469 }, // U+00B5
    { 23, 37, 377, 0, 25, 213, 1602 }, // U+00B6
    { 7, 7, 153, 1, 11, 13, 1815 }, // U+00B7
    { 8, 12, 164, 1, 1, 24, 1828 }, // U+00B8
    { 8, 14, 149, 1, 30, 28, 1852 }, // U+00B9
    { 14, 17, 196, 0, 22, 60, 1880 }, // U+00BA
    { 20, 16, 350, 1, 16, 80, 1940 }, // U+00BB
    { 23, 26, 387, 1, 25, 150, 2020 }, // U+00BC
    { 26, 26, 431, 1, 25, 169, 2170 }, // U+00BD
    { 24, 26, 396, 1, 25, 156, 2339 }, // U+00BE
    { 12, 26, 237, 1, 19, 78, 2495 }, // U+00BF
    { 29, 33, 432, -1, 32, 240, 2573 }, // U+00C0
    { 29, 33, 432, -1, 32, 240, 2813 }, // U+00C1
    { 29, 33, 432, -1, 32, 240, 3053 }, // U+00C2
    { 29, 33, 432, -1, 32, 240, 3293 }, // U+00C3
    { 29, 33, 432, -1, 32, 240, 3533 }, // U+00C4
    { 29, 34, 432, -1, 33, 247, 3773 }, // U+00C5
    { 35, 26, 545, -1, 25, 228, 4020 }, // U+00C6
    { 24, 36, 425, 1, 25, 216, 4248 }, // U+00C7
    { 21, 33, 345, 0, 32, 174, 4464 }, // U+00C8
    { 21, 33, 345, 0, 32, 174, 4638 }, // U+00C9
    { 21, 33, 345, 0, 32, 174, 4812 }, // U+00CA
    { 21, 33, 345, 0, 32, 174, 4986 }, // U+00CB
    { 14, 33, 218, 0, 32, 116, 5160 }, // U+00CC
    { 14, 33, 218, 0, 32, 116, 5276 }, // U+00CD
    { 14, 33, 218, 0, 32, 116, 5392 }, // U+00CE
    { 14, 33, 218, 0, 32, 116, 5508 }, // U+00CF
    { 28, 26, 460, 0, 25, 182, 5624 }, // U+00D0
    { 30, 33, 485, 0, 32, 248, 5806 }, // U+00D1
    { 27, 33, 456, 1, 32, 223, 6054 }, // U+00D2
    { 27, 33, 456, 1, 32, 223, 6277 }, // U+00D3
    { 27, 33, 456, 1, 32, 223, 6500 }, // U+00D4
    { 27, 33, 456, 1, 32, 223, 6723 }, // U+00D5
    { 27, 33, 456, 1, 32, 223, 6946 }, // U+00D6
    { 16, 16, 323, 2, 17, 64, 7169 }, // U+00D7
    { 27, 26, 457, 1, 25, 176, 7233 }, // U+00D8
    { 28, 33, 447, 0, 32, 231, 7409 }, // U+00D9
    { 28, 33, 447, 0, 32, 231, 7640 }, // U+00DA
    { 28, 33, 447, 0, 32, 231, 7871 }, // U+00DB
    { 28, 33, 447, 0, 32, 231, 8102 }, // U+00DC
    { 26, 33, 392, 0, 32, 215, 8333 }, // U+00DD
    { 22, 26, 354, 0, 25, 143, 8548 }, // U+00DE
    { 21, 28, 348, 0, 27, 147, 8691 }, // U+00DF
    { 16, 26, 263, 1, 25, 104, 8838 }, // U+00E0
    { 16, 26, 263, 1, 25, 104, 8942 }, // U+00E1
    { 16, 27, 263, 1, 26, 108, 9046 }, // U+00E2
    { 16, 25, 263, 1, 24, 100, 9154 }, // U+00E3
    { 16, 25, 263, 1, 24, 100, 9254 }, // U+00E4
    { 16, 27, 263, 1, 26, 108, 9354 }, // U+00E5
    { 22, 18, 374, 1, 17, 99, 9462 }, // U+00E6
    { 15, 28, 247, 0, 17, 105, 9561 }, // U+00E7
    { 15, 26, 250, 0, 25, 98, 9666 }, // U+00E8
    { 15, 26, 250, 0, 25, 98, 9764 }, // U+00E9
    { 15, 27, 250, 0, 26, 102, 9862 }, // U+00EA
    { 16, 25, 250, 0, 24, 100, 9964 }, // U+00EB
    { 11, 26, 177, 0, 25, 72, 10064 }, // U+00EC
    { 11, 26, 177, 0, 25, 72, 10136 }, // U+00ED
    { 11, 27, 177, 0, 26, 75, 10208 }, // U+00EE
    { 13, 25, 177, -1, 24, 82, 10283 }, // U+00EF
    { 19, 28, 308, 0, 27, 133, 10365 }, // U+00F0
    { 21, 25, 340, 0, 24, 132, 10498 }, // U+00F1
    { 18, 26, 302, 0, 25, 117, 10630 }, // U+00F2
    { 18, 26, 302, 0, 25, 117, 10747 }, // U+00F3
    { 18, 27, 302, 0, 26, 122, 10864 }, // U+00F4
    { 18, 25, 302, 0, 24, 113, 10986 }, // U+00F5
    { 18, 25, 302, 0, 24, 113, 11099 }, // U+00F6
    { 21, 17, 360, 1, 19, 90, 11212 }, // U+00F7
    { 18, 18, 301, 0, 17, 81, 11302 }, // U+00F8
    { 21, 26, 331, 0, 25, 137, 11383 }, // U+00F9
    { 21, 26, 331, 0, 25, 137, 11520 }, // U+00FA
    { 21, 27, 331, 0, 26, 142, 11657 }, // U+00FB
    { 21, 25, 331, 0, 24, 132, 11799 }, // U+00FC
    { 19, 36, 289, 0, 25, 171, 11931 }, // U+00FD
    { 20, 37, 329, 0, 27, 185, 12102 }, // U+00FE
    { 19, 35, 289, 0, 24, 167, 12287 }, // U+00FF
    { 29, 31, 432, -1, 30, 225, 0 }, // U+0100
    { 16, 23, 263, 1, 22, 92, 225 }, // U+0101
    { 29, 33, 432, -1, 32, 240, 317 }, // U+0102
    { 16, 25, 263, 1, 24, 100, 557 }, // U+0103
    { 29, 37, 432, -1, 26, 269, 657 }, // U+0104
    { 16, 28, 263, 1, 17, 112, 926 }, // U+0105
    { 24, 33, 425, 1, 32, 198, 1038 }, // U+0106
    { 15, 26, 247, 0, 25, 98, 1236 }, // U+0107
    { 24, 33, 425, 1, 32, 198, 1334 }, // U+0108
    { 15, 27, 247, 0, 26, 102, 1532 }, // U+0109
    { 24, 33, 425, 1, 32, 198, 1634 }, // U+010A
    { 15, 26, 247, 0, 25, 98, 1832 }, // U+010B
    { 24, 33, 425, 1, 32, 198, 1930 }, // U+010C
    { 15, 27, 247, 0, 26, 102, 2128 }, // U+010D
    { 28, 33, 460, 0, 32, 231, 2230 }, // U+010E
    { 24, 28, 347, 0, 27, 168, 2461 }, // U+010F
    { 28, 26, 460, 0, 25, 182, 2629 }, // U+0110
    { 21, 28, 332, 0, 27, 147, 2811 }, // U+0111
    { 21, 31, 345, 0, 30, 163, 2958 }, // U+0112
    { 15, 23, 250, 0, 22, 87, 3121 }, // U+0113
    { 21, 33, 345, 0, 32, 174, 3208 }, // U+0114
    { 15, 25, 250, 0, 24, 94, 3382 }, // U+0115
    { 21, 33, 345, 0, 32, 174, 3476 }, // U+0116
    { 15, 26, 250, 0, 25, 98, 3650 }, // U+0117
    { 21, 36, 339, 0, 25, 189, 3748 }, // U+0118
    { 15, 28, 250, 0, 17, 105, 3937 }, // U+0119
    { 21, 33, 345, 0, 32, 174, 4042 }, // U+011A
    { 15, 27, 250, 0, 26, 102, 4216 }, // U+011B
    { 26, 33, 431, 1, 32, 215, 4318 }, // U+011C
    { 19, 37, 300, 0, 26, 176, 4533 }, // U+011D
    { 26, 33, 431, 1, 32, 215, 4709 }, // U+011E
    { 19, 35, 300, 0, 24, 167, 4924 }, // U+011F
    { 26, 33, 431, 1, 32, 215, 5091 }, // U+0120
    { 19, 36, 300, 0, 25, 171, 5306 }, // U+0121
    { 26, 36, 431, 1, 25, 234, 5477 }, // U+0122
    { 19, 38, 300, 0, 27, 181, 5711 }, // U+0123
    { 30, 33, 481, 0, 32, 248, 5892 }, // U+0124
    { 22, 34, 335, -1, 33, 187, 6140 }, // U+0125
    { 30, 26, 481, 0, 25, 195, 6327 }, // U+0126
    { 21, 28, 337, 0, 27, 147, 6522 }, // U+0127
    { 14, 33, 218, 0, 32, 116, 6669 }, // U+0128
    { 13, 25, 177, -1, 24, 82, 6785 }, // U+0129
    { 14, 31, 218, 0, 30, 109, 6867 }, // U+012A
    { 13, 23, 177, -1, 22, 75, 6976 }, // U+012B
    { 14, 33, 218, 0, 32, 116, 7051 }, // U+012C
    { 11, 25, 177, 0, 24, 69, 7167 }, // U+012D
    { 14, 36, 218, 0, 25, 126, 7236 }, // U+012E
    { 11, 36, 177, 0, 25, 99, 7362 }, // U+012F
    { 14, 33, 218, 0, 32, 116, 7461 }, // U+0130
    { 11, 18, 177, 0, 17, 50, 7577 }, // U+0131
    { 28, 33, 440, 0, 25, 231, 7627 }, // U+0132
    { 19, 36, 329, 0, 25, 171, 7858 }, // U+0133
    { 18, 40, 222, -4, 32, 180, 8029 }, // U+0134
    { 12, 37, 160, -2, 26, 111, 8209 }, // U+0135
    { 29, 36, 458, 0, 25, 261, 8320 }, // U+0136
    { 21, 38, 328, 0, 27, 200, 8581 }, // U+0137
    { 21, 18, 346, 0, 17, 95, 8781 }, // U+0138
    { 22, 33, 352, 0, 32, 182, 8876 }, // U+0139
    { 11, 35, 171, 0, 34, 97, 9058 }, // U+013A
    { 22, 36, 352, 0, 25, 198, 9155 }, // U+013B
    { 11, 38, 171, 0, 27, 105, 9353 }, // U+013C
    { 22, 26, 352, 0, 25, 143, 9458 }, // U+013D
    { 14, 28, 185, 0, 27, 98, 9601 }, // U+013E
    { 22, 26, 352, 0, 25, 143, 9699 }, // U+013F
    { 16, 28, 243, 0, 27, 112, 9842 }, // U+0140
    { 22, 26, 352, 0, 25, 143, 9954 }, // U+0141
    { 11, 28, 174, 0, 27, 77, 10097 }, // U+0142
    { 30, 33, 485, 0, 32, 248, 10174 }, // U+0143
    { 21, 26, 340, 0, 25, 137, 10422 }, // U+0144
    { 30, 36, 475, 0, 25, 270, 10559 }, // U+0145
    { 21, 28, 340, 0, 17, 147, 10829 }, // U+0146
    { 30, 33, 485, 0, 32, 248, 10976 }, // U+0147
    { 21, 27, 340, 0, 26, 142, 11224 }, // U+0148
    { 26, 27, 400, -1, 26, 176, 11366 }, // U+0149
    { 30, 36, 475, 0, 25, 270, 11542 }, // U+014A
    { 19, 28, 331, 0, 17, 133, 11812 }, // U+014B
    { 27, 31, 456, 1, 30, 210, 11945 }, // U+014C
    { 18, 23, 302, 0, 22, 104, 12155 }, // U+014D
    { 27, 33, 456, 1, 32, 223, 12259 }, // U+014E
    { 18, 25, 302, 0, 24, 113, 12482 }, // U+014F
    { 27, 33, 456, 1, 32, 223, 12595 }, // U+0150
    { 18, 27, 302, 0, 26, 122, 12818 }, // U+0151
    { 36, 26, 592, 1, 25, 234, 12940 }, // U+0152
    { 28, 18, 457, 0, 17, 126, 13174 }, // U+0153
    { 29, 33, 456, 0, 32, 240, 13300 }, // U+0154
    { 16, 26, 248, 0, 25, 104, 13540 }, // U+0155
    { 29, 36, 456, 0, 25, 261, 13644 }, // U+0156
    { 16, 28, 248, 0, 17, 112, 13905 }, // U+0157
    { 29, 33, 456, 0, 32, 240, 14017 }, // U+0158
    { 16, 27, 248, 0, 26, 108, 14257 }, // U+0159
    { 18, 33, 296, 0, 32, 149, 14365 }, // U+015A
    { 12, 26, 216, 1, 25, 78, 14514 }, // U+015B
    { 18, 33, 296, 0, 32, 149, 14592 }, // U+015C
    { 12, 27, 216, 1, 26, 81, 14741 }, // U+015D
    { 18, 36, 292, 0, 25, 162, 14822 }, // U+015E
    { 12, 28, 216, 1, 17, 84, 14984 }, // U+015F
    { 18, 33, 296, 0, 32, 149, 15068 }, // U+0160
    { 12, 27, 216, 1, 26, 81, 15217 }, // U+0161
    { 27, 38, 417, 0, 27, 257, 15298 }, // U+0162
    { 13, 31, 225, 1, 20, 101, 15555 }, // U+0163
    { 27, 33, 417, 0, 32, 223, 15656 }, // U+0164
    { 14, 29, 225, 1, 28, 102, 15879 }, // U+0165
    { 27, 28, 417, 0, 27, 189, 15981 }, // U+0166
    { 13, 21, 234, 1, 20, 69, 16170 }, // U+0167
    { 28, 33, 447, 0, 32, 231, 16239 }, // U+0168
    { 21, 25, 331, 0, 24, 132, 16470 }, // U+0169
    { 28, 31, 447, 0, 30, 217, 16602 }, // U+016A
    { 21, 23, 331, 0, 22, 121, 16819 }, // U+016B
    { 28, 33, 447, 0, 32, 231, 16940 }, // U+016C
    { 21, 25, 331, 0, 24, 132, 17171 }, // U+016D
    { 28, 34, 447, 0, 33, 238, 17303 }, // U+016E
    { 21, 27, 331, 0, 26, 142, 17541 }, // U+016F
    { 28, 33, 447, 0, 32, 231, 17683 }, // U+0170
    { 21, 27, 331, 0, 26, 142, 17914 }, // U+0171
    { 28, 36, 447, 0, 25, 252, 18056 }, // U+0172
    { 21, 28, 331, 0, 17, 147, 18308 }, // U+0173
    { 39, 33, 612, 0, 32, 322, 18455 }, // U+0174
    { 29, 28, 451, 0, 26, 203, 18777 }, // U+0175
    { 26, 33, 392, 0, 32, 215, 18980 }, // U+0176
    { 19, 37, 289, 0, 26, 176, 19195 }, // U+0177
    { 26, 33, 392, 0, 32, 215, 19371 }, // U+0178
    { 22, 33, 358, 0, 32, 182, 19586 }, // U+0179
    { 16, 26, 262, 0, 25, 104, 19768 }, // U+017A
    { 22, 33, 358, 0, 32, 182, 19872 }, // U+017B
    { 16, 26, 262, 0, 25, 104, 20054 }, // U+017C
    { 22, 33, 358, 0, 32, 182, 20158 }, // U+017D
    { 16, 27, 262, 0, 26, 108, 20340 }, // U+017E
    { 18, 28, 180, 0, 27, 126, 20448 }, // U+017F
    { 29, 29, 456, 1, 28, 211, 0 }, // U+01A0
    { 21, 22, 326, 0, 21, 116, 211 }, // U+01A1
    { 31, 32, 447, 0, 31, 248, 327 }, // U+01AF
    { 23, 23, 360, 0, 22, 133, 575 }, // U+01B0
    { 51, 33, 818, 0, 32, 421, 708 }, // U+01C4
    { 45, 27, 722, 0, 26, 304, 1129 }, // U+01C5
    { 37, 28, 594, 0, 27, 259, 1433 }, // U+01C6
    { 35, 33, 561, 0, 25, 289, 1692 }, // U+01C7
    { 30, 36, 506, 0, 25, 270, 1981 }, // U+01C8
    { 19, 38, 331, 0, 27, 181, 2251 }, // U+01C9
    { 43, 33, 689, 0, 25, 355, 2432 }, // U+01CA
    { 38, 36, 629, 0, 25, 342, 2787 }, // U+01CB
    { 29, 36, 491, 0, 25, 261, 3129 }, // U+01CC
    { 29, 33, 432, -1, 32, 240, 3390 }, // U+01CD
    { 16, 27, 263, 1, 26, 108, 3630 }, // U+01CE
    { 14, 33, 218, 0, 32, 116, 3738 }, // U+01CF
    { 11, 27, 177, 0, 26, 75, 3854 }, // U+01D0
    { 27, 33, 456, 1, 32, 223, 3929 }, // U+01D1
    { 18, 27, 302, 0, 26, 122, 4152 }, // U+01D2
    { 28, 33, 447, 0, 32, 231, 4274 }, // U+01D3
    { 21, 27, 331, 0, 26, 142, 4505 }, // U+01D4
    { 28, 36, 447, 0, 35, 252, 4647 }, // U+01D5
    { 21, 30, 331, 0, 29, 158, 4899 }, // U+01D6
    { 28, 39, 447, 0, 38, 273, 5057 }, // U+01D7
    { 21, 32, 331, 0, 31, 168, 5330 }, // U+01D8
    { 28, 38, 447, 0, 37, 266, 5498 }, // U+01D9
    { 21, 33, 331, 0, 32, 174, 5764 }, // U+01DA
    { 28, 39, 447, 0, 38, 273, 5938 }, // U+01DB
    { 21, 32, 331, 0, 31, 168, 6211 }, // U+01DC
    { 15, 18, 252, 0, 17, 68, 6379 }, // U+01DD
    { 29, 36, 432, -1, 35, 261, 6447 }, // U+01DE
    { 16, 30, 263, 1, 29, 120, 6708 }, // U+01DF
    { 29, 36, 432, -1, 35, 261, 6828 }, // U+01E0
    { 16, 30, 263, 1, 29, 120, 7089 }, // U+01E1
    { 35, 31, 545, -1, 30, 272, 7209 }, // U+01E2
    { 22, 23, 374, 1, 22, 127, 7481 }, // U+01E3
    { 26, 26, 441, 1, 25, 169, 7608 }, // U+01E4
    { 20, 28, 300, -1, 17, 140, 7777 }, // U+01E5
    { 26, 33, 431, 1, 32, 215, 7917 }, // U+01E6
    { 19, 37, 300, 0, 26, 176, 8132 }, // U+01E7
    { 29, 33, 458, 0, 32, 240, 8308 }, // U+01E8
    { 21, 32, 328, 0, 31, 168, 8548 }, // U+01E9
    { 27, 36, 456, 1, 25, 243, 8716 }, // U+01EA
    { 18, 28, 302, 0, 17, 126, 8959 }, // U+01EB
    { 27, 41, 456, 1, 30, 277, 9085 }, // U+01EC
    { 18, 33, 302, 0, 22, 149, 9362 }, // U+01ED
    { 19, 33, 330, 1, 32, 157, 9511 }, // U+01EE
    { 17, 37, 273, 0, 26, 158, 9668 }, // U+01EF
    { 12, 37, 160, -2, 26, 111, 9826 }, // U+01F0
    { 51, 27, 818, 0, 26, 345, 9937 }, // U+01F1
    { 45, 26, 722, 0, 25, 293, 10282 }, // U+01F2
    { 37, 28, 594, 0, 27, 259, 10575 }, // U+01F3
    { 26, 33, 431, 1, 32, 215, 10834 }, // U+01F4
    { 19, 36, 300, 0, 25, 171, 11049 }, // U+01F5
    { 36, 26, 572, 0, 25, 234, 11220 }, // U+01F6
    { 23, 32, 371, 0, 25, 184, 11454 }, // U+01F7
    { 30, 33, 485, 0, 32, 248, 11638 }, // U+01F8
    { 21, 26, 340, 0, 25, 137, 11886 }, // U+01F9
    { 29, 40, 432, -1, 39, 290, 12023 }, // U+01FA
    { 16, 32, 263, 1, 31, 128, 12313 }, // U+01FB
    { 35, 33, 545, -1, 32, 289, 12441 }, // U+01FC
    { 22, 26, 374, 1, 25, 143, 12730 }, // U+01FD
    { 27, 33, 457, 1, 32, 223, 12873 }, // U+01FE
    { 18, 26, 301, 0, 25, 117, 13096 }, // U+01FF
    { 29, 33, 432, -1, 32, 240, 13213 }, // U+0200
    { 17, 27, 263, 0, 26, 115, 13453 }, // U+0201
    { 29, 33, 432, -1, 32, 240, 13568 }, // U+0202
    { 16, 25, 263, 1, 24, 100, 13808 }, // U+0203
    { 21, 33, 345, 0, 32, 174, 13908 }, // U+0204
    { 15, 27, 250, 0, 26, 102, 14082 }, // U+0205
    { 21, 33, 345, 0, 32, 174, 14184 }, // U+0206
    { 15, 25, 250, 0, 24, 94, 14358 }, // U+0207
    { 18, 33, 218, -4, 32, 149, 14452 }, // U+0208
    { 14, 27, 177, -3, 26, 95, 14601 }, // U+0209
    { 14, 33, 218, 0, 32, 116, 14696 }, // U+020A
    { 11, 25, 177, 0, 24, 69, 14812 }, // U+020B
    { 27, 33, 456, 1, 32, 223, 14881 }, // U+020C
    { 18, 27, 302, 0, 26, 122, 15104 }, // U+020D
    { 27, 33, 456, 1, 32, 223, 15226 }, // U+020E
    { 18, 25, 302, 0, 24, 113, 15449 }, // U+020F
    { 29, 33, 456, 0, 32, 240, 15562 }, // U+0210
    { 16, 27, 248, 0, 26, 108, 15802 }, // U+0211
    { 29, 33, 456, 0, 32, 240, 15910 }, // U+0212
    { 16, 25, 248, 0, 24, 100, 16150 }, // U+0213
    { 28, 33, 447, 0, 32, 231, 16250 }, // U+0214
    { 21, 27, 331, 0, 26, 142, 16481 }, // U+0215
    { 28, 33, 447, 0, 32, 231, 16623 }, // U+0216
    { 21, 25, 331, 0, 24, 132, 16854 }, // U+0217
    { 18, 36, 292, 0, 25, 162, 16986 }, // U+0218
    { 12, 28, 216, 1, 17, 84, 17148 }, // U+0219
    { 27, 38, 417, 0, 27, 257, 17232 }, // U+021A
    { 13, 31, 225, 1, 20, 101, 17489 }, // U+021B
    { 22, 33, 333, -1, 25, 182, 17590 }, // U+021C
    { 16, 28, 260, 0, 17, 112, 17772 }, // U+021D
    { 30, 33, 481, 0, 32, 248, 17884 }, // U+021E
    { 21, 34, 335, 0, 33, 179, 18132 }, // U+021F
    { 8, 9, 0, -4, 25, 18, 0 }, // U+0300
    { 8, 9, 0, -4, 25, 18, 18 }, // U+0301
    { 10, 9, 0, -5, 25, 23, 36 }, // U+0302
    { 13, 7, 0, -6, 24, 23, 59 }, // U+0303
    { 12, 4, 0, -6, 22, 12, 82 }, // U+0304
    { 16, 3, 0, -8, 22, 12, 94 }, // U+0305
    { 10, 7, 0, -5, 24, 18, 106 }, // U+0306
    { 7, 7, 0, -3, 25, 13, 124 }, // U+0307
    { 14, 6, 0, -7, 24, 21, 137 }, // U+0308
    { 10, 8, 0, -5, 26, 20, 158 }, // U+0309
    { 8, 8, 0, -4, 26, 16, 178 }, // U+030A
    { 13, 9, 0, -6, 26, 30, 194 }, // U+030B
    { 10, 9, 0, -5, 26, 23, 224 }, // U+030C
    { 4, 8, 0, -2, 26, 8, 247 }, // U+030D
    { 6, 8, 0, -3, 26, 12, 255 }, // U+030E
    { 12, 9, 0, -6, 26, 27, 267 }, // U+030F
    { 14, 10, 0, -7, 26, 35, 294 }, // U+0310
    { 10, 7, 0, -5, 24, 18, 329 }, // U+0311
    { 8, 10, 0, -4, 27, 20, 347 }, // U+0312
    { 6, 9, 0, -3, 26, 14, 367 }, // U+0313
    { 6, 9, 0, -3, 26, 14, 381 }, // U+0314
    { 8, 9, 0, -4, 26, 18, 395 }, // U+0315
    { 8, 9, 0, -4, -1, 18, 413 }, // U+0316
    { 8, 9, 0, -4, -1, 18, 431 }, // U+0317
    { 8, 10, 0, -4, -1, 20, 449 }, // U+0318
    { 8, 9, 0, -4, -2, 18, 469 }, // U+0319
    { 8, 6, 0, -4, 25, 12, 487 }, // U+031A
    { 8, 8, 0, -4, 21, 16, 499 }, // U+031B
    { 6, 8, 0, -3, -3, 12, 515 }, // U+031C
    { 8, 8, 0, -4, -2, 16, 527 }, // U+031D
    { 8, 7, 0, -4, -3, 14, 543 }, // U+031E
    { 8, 9, 0, -4, -2, 18, 557 }, // U+031F
    { 8, 4, 0, -4, -4, 8, 575 }, // U+0320
    { 14, 16, 0, -5, 5, 56, 583 }, // U+0321
    { 13, 14, 0, 1, 3, 46, 639 }, // U+0322
    { 7, 7, 0, -3, -2, 13, 685 }, // U+0323
    { 14, 6, 0, -7, -1, 21, 698 }, // U+0324
    { 8, 8, 0, -4, -2, 16, 719 }, // U+0325
    { 6, 10, 0, -3, -1, 15, 735 }, // U+0326
    { 8, 12, 0, -4, 1, 24, 750 }, // U+0327
    { 10, 12, 0, -5, 1, 30, 774 }, // U+0328
    { 4, 8, 0, -2, -2, 8, 804 }, // U+0329
    { 10, 6, 0, -5, -4, 15, 812 }, // U+032A
    { 13, 6, 0, -7, -4, 20, 827 }, // U+032B
    { 10, 9, 0, -5, -1, 23, 847 }, // U+032C
    { 10, 9, 0, -5, -2, 23, 870 }, // U+032D
    { 10, 7, 0, -5, -2, 18, 893 }, // U+032E
    { 10, 7, 0, -5, -2, 18, 911 }, // U+032F
    { 13, 7, 0, -7, -1, 23, 929 }, // U+0330
    { 14, 4, 0, -7, -2, 14, 952 }, // U+0331
    { 16, 3, 0, -8, -3, 12, 966 }, // U+0332
    { 16, 7, 0, -8, -3, 28, 978 }, // U+0333
    { 18, 7, 0, -9, 16, 32, 1006 }, // U+0334
    { 14, 4, 0, -7, 16, 14, 1038 }, // U+0335
    { 18, 4, 0, -9, 16, 18, 1052 }, // U+0336
    { 14, 24, 0, -7, 21, 84, 1070 }, // U+0337
    { 16, 29, 0, -8, 26, 116, 1154 }, // U+0338
    { 6, 8, 0, -3, -1, 12, 1270 }, // U+0339
    { 10, 6, 0, -5, -4, 15, 1282 }, // U+033A
    { 10, 9, 0, -5, -2, 23, 1297 }, // U+033B
    { 12, 7, 0, -6, -3, 21, 1320 }, // U+033C
    { 8, 8, 0, -4, 26, 16, 1341 }, // U+033D
    { 5, 10, 0, -2, 27, 13, 1357 }, // U+033E
    { 8, 9, 0, -4, 25, 18, 1370 }, // U+0340
    { 6, 9, 0, -3, 25, 14, 1388 }, // U+0341
    { 12, 6, 0, -6, 23, 18, 1402 }, // U+0342
    { 6, 9, 0, -3, 26, 14, 1420 }, // U+0343
    { 14, 12, 0, -7, 30, 42, 1434 }, // U+0344
    { 8, 9, 0, -4, -1, 18, 1476 }, // U+0345
    { 0, 0, 0, 0, 0, 0, 1494 }, // U+034F
    { 6, 9, 0, -3, 25, 14, 1494 }, // U+0351
    { 8, 8, 0, -4, -2, 16, 1508 }, // U+0353
    { 6, 8, 0, -3, 26, 12, 1524 }, // U+0357
    { 24, 6, 0, -12, 32, 36, 1536 }, // U+035D
    { 24, 6, 0, -12, 31, 36, 1572 }, // U+0361
    { 9, 9, 0, 0, 27, 21, 1608 }, // U+0364
    { 22, 28, 313, -2, 27, 154, 0 }, // U+03BB
    { 21, 33, 345, 0, 32, 174, 0 }, // U+0400
    { 21, 33, 345, 0, 32, 174, 174 }, // U+0401
    { 29, 36, 491, 0, 27, 261, 348 }, // U+0402
    { 20, 33, 317, 0, 32, 165, 609 }, // U+0403
    { 22, 26, 397, 1, 25, 143, 774 }, // U+0404
    { 18, 26, 296, 0, 25, 117, 917 }, // U+0405
    { 14, 26, 218, 0, 25, 91, 1034 }, // U+0406
    { 14, 33, 218, 0, 32, 116, 1125 }, // U+0407
    { 18, 33, 222, -4, 25, 149, 1241 }, // U+0408
    { 37, 26, 597, 0, 25, 241, 1390 }, // U+0409
    { 38, 26, 614, 0, 25, 247, 1631 }, // U+040A
    { 30, 28, 487, 0, 27, 210, 1878 }, // U+040B
    { 27, 33, 422, 0, 32, 223, 2088 }, // U+040C
    { 31, 33, 496, 0, 32, 256, 2311 }, // U+040D
    { 27, 35, 403, -1, 33, 237, 2567 }, // U+040E
    { 29, 34, 470, 0, 25, 247, 2804 }, // U+040F
    { 29, 27, 432, -1, 26, 196, 3051 }, // U+0410
    { 23, 26, 379, 0, 25, 150, 3247 }, // U+0411
    { 23, 26, 376, 0, 25, 150, 3397 }, // U+0412
    { 20, 26, 317, 0, 25, 130, 3547 }, // U+0413
    { 27, 33, 430, 0, 25, 223, 3677 }, // U+0414
    { 21, 26, 345, 0, 25, 137, 3900 }, // U+0415
    { 41, 26, 626, -1, 25, 267, 4037 }, // U+0416
    { 19, 26, 335, 1, 25, 124, 4304 }, // U+0417
    { 31, 26, 496, 0, 25, 202, 4428 }, // U+0418
    { 31, 34, 496, 0, 33, 264, 4630 }, // U+0419
    { 27, 26, 422, 0, 25, 176, 4894 }, // U+041A
    { 28, 26, 445, 0, 25, 182, 5070 }, // U+041B
    { 34, 26, 550, 0, 25, 221, 5252 }, // U+041C
    { 30, 26, 481, 0, 25, 195, 5473 }, // U+041D
    { 27, 26, 456, 1, 25, 176, 5668 }, // U+041E
    { 29, 26, 474, 0, 25, 189, 5844 }, // U+041F
    { 22, 26, 364, 0, 25, 143, 6033 }, // U+0420
    { 24, 26, 425, 1, 25, 156, 6176 }, // U+0421
    { 27, 28, 417, 0, 27, 189, 6332 }, // U+0422
    { 27, 27, 403, -1, 25, 183, 6521 }, // U+0423
    { 30, 29, 478, 0, 27, 218, 6704 }, // U+0424
    { 29, 26, 450, -1, 25, 189, 6922 }, // U+0425
    { 29, 33, 469, 0, 25, 240, 7111 }, // U+0426
    { 27, 26, 437, 0, 25, 176, 7351 }, // U+0427
    { 39, 26, 630, 0, 25, 254, 7527 }, // U+0428
    { 39, 33, 630, 0, 25, 322, 7781 }, // U+0429
    { 27, 26, 445, 0, 25, 176, 8103 }, // U+042A
    { 35, 26, 557, 0, 25, 228, 8279 }, // U+042B
    { 23, 26, 370, 0, 25, 150, 8507 }, // U+042C
    { 23, 26, 397, 1, 25, 150, 8657 }, // U+042D
    { 38, 26, 620, 0, 25, 247, 8807 }, // U+042E
    { 28, 26, 428, -1, 25, 182, 9054 }, // U+042F
    { 16, 18, 263, 1, 17, 72, 9236 }, // U+0430
    { 17, 28, 301, 1, 27, 119, 9308 }, // U+0431
    { 18, 17, 290, 0, 16, 77, 9427 }, // U+0432
    { 15, 18, 238, 0, 17, 68, 9504 }, // U+0433
    { 20, 22, 317, 0, 16, 110, 9572 }, // U+0434
    { 15, 18, 250, 0, 17, 68, 9682 }, // U+0435
    { 30, 18, 482, 0, 17, 135, 9750 }, // U+0436
    { 14, 18, 253, 1, 17, 63, 9885 }, // U+0437
    { 22, 17, 352, 0, 16, 94, 9948 }, // U+0438
    { 22, 25, 352, 0, 24, 138, 10042 }, // U+0439
    { 21, 18, 332, 0, 17, 95, 10180 }, // U+043A
    { 20, 17, 332, 0, 16, 85, 10275 }, // U+043B
    { 25, 17, 404, 0, 16, 107, 10360 }, // U+043C
    { 21, 17, 347, 0, 16, 90, 10467 }, // U+043D
    { 18, 18, 302, 0, 17, 81, 10557 }, // U+043E
    { 21, 17, 339, 0, 16, 90, 10638 }, // U+043F
    { 20, 27, 331, 0, 17, 135, 10728 }, // U+0440
    { 15, 18, 247, 0, 17, 68, 10863 }, // U+0441
    { 17, 18, 270, 0, 17, 77, 10931 }, // U+0442
    { 19, 27, 289, 0, 16, 129, 11008 }, // U+0443
    { 22, 36, 363, 0, 25, 198, 11137 }, // U+0444
    { 19, 17, 303, 0, 16, 81, 11335 }, // U+0445
    { 22, 22, 351, 0, 16, 121, 11416 }, // U+0446
    { 21, 17, 338, 0, 16, 90, 11537 }, // U+0447
    { 30, 17, 486, 0, 16, 128, 11627 }, // U+0448
    { 31, 22, 494, 0, 16, 171, 11755 }, // U+0449
    { 20, 18, 333, 0, 17, 90, 11926 }, // U+044A
    { 27, 17, 431, 0, 16, 115, 12016 }, // U+044B
    { 17, 17, 280, 0, 16, 73, 12131 }, // U+044C
    { 15, 18, 254, 0, 17, 68, 12204 }, // U+044D
    { 27, 18, 436, 0, 17, 122, 12272 }, // U+044E
    { 21, 17, 321, -1, 16, 90, 12394 }, // U+044F
    { 15, 26, 250, 0, 25, 98, 12484 }, // U+0450
    { 16, 25, 250, 0, 24, 100, 12582 }, // U+0451
    { 19, 36, 319, 0, 27, 171, 12682 }, // U+0452
    { 15, 26, 238, 0, 25, 98, 12853 }, // U+0453
    { 15, 18, 250, 0, 17, 68, 12951 }, // U+0454
    { 12, 18, 216, 1, 17, 54, 13019 }, // U+0455
    { 11, 26, 177, 0, 25, 72, 13073 }, // U+0456
    { 13, 25, 177, -1, 24, 82, 13145 }, // U+0457
    { 11, 36, 160, -2, 25, 99, 13227 }, // U+0458
    { 26, 17, 430, 0, 16, 111, 13326 }, // U+0459
    { 27, 17, 440, 0, 16, 115, 13437 }, // U+045A
    { 21, 28, 337, 0, 27, 147, 13552 }, // U+045B
    { 21, 26, 332, 0, 25, 137, 13699 }, // U+045C
    { 22, 26, 352, 0, 25, 143, 13836 }, // U+045D
    { 19, 35, 289, 0, 24, 167, 13979 }, // U+045E
    { 21, 23, 339, 0, 16, 121, 14146 }, // U+045F
    { 27, 27, 442, 0, 26, 183, 14267 }, // U+0462
    { 20, 28, 325, 0, 27, 140, 14450 }, // U+0463
    { 40, 26, 614, -1, 25, 260, 14590 }, // U+046A
    { 30, 17, 479, 0, 16, 128, 14850 }, // U+046B
    { 33, 26, 517, 0, 25, 215, 14978 }, // U+0470
    { 27, 26, 456, 1, 25, 176, 15193 }, // U+0472
    { 19, 18, 310, 0, 17, 86, 15369 }, // U+0473
    { 27, 27, 423, 0, 26, 183, 15455 }, // U+0474
    { 20, 18, 303, 0, 17, 90, 15638 }, // U+0475
    { 27, 33, 423, 0, 32, 223, 15728 }, // U+0476
    { 20, 27, 303, 0, 26, 135, 15951 }, // U+0477
    { 31, 41, 496, 0, 33, 318, 16086 }, // U+048A
    { 22, 31, 352, 0, 24, 171, 16404 }, // U+048B
    { 24, 27, 388, 0, 26, 162, 16575 }, // U+048C
    { 20, 28, 325, 0, 27, 140, 16737 }, // U+048D
    { 22, 26, 364, 0, 25, 143, 16877 }, // U+048E
    { 20, 27, 331, 0, 17, 135, 17020 }, // U+048F
    { 20, 30, 318, 0, 29, 150, 17155 }, // U+0490
    { 15, 21, 235, 0, 20, 79, 17305 }, // U+0491
    { 20, 26, 318, 0, 25, 130, 17384 }, // U+0492
    { 15, 18, 247, 0, 17, 68, 17514 }, // U+0493
    { 24, 34, 410, 0, 25, 204, 17582 }, // U+0494
    { 19, 28, 308, 0, 17, 133, 17786 }, // U+0495
    { 41, 33, 626, -1, 25, 339, 17919 }, // U+0496
    { 30, 24, 482, 0, 17, 180, 18258 }, // U+0497
    { 19, 36, 335, 1, 25, 171, 18438 }, // U+0498
    { 14, 28, 253, 1, 17, 98, 18609 }, // U+0499
    { 27, 33, 422, 0, 25, 223, 18707 }, // U+049A
    { 21, 24, 332, 0, 17, 126, 18930 }, // U+049B
    { 30, 26, 464, 0, 25, 195, 19056 }, // U+049C
    { 23, 18, 365, 0, 17, 104, 19251 }, // U+049D
    { 30, 27, 459, 0, 26, 203, 19355 }, // U+049E
    { 23, 28, 370, 0, 27, 161, 19558 }, // U+049F
    { 32, 26, 500, 0, 25, 208, 19719 }, // U+04A0
    { 24, 18, 382, 0, 17, 108, 19927 }, // U+04A1
    { 30, 33, 486, 0, 25, 248, 20035 }, // U+04A2
    { 21, 22, 347, 0, 16, 116, 20283 }, // U+04A3
    { 36, 28, 574, 0, 27, 252, 20399 }, // U+04A4
    { 25, 18, 404, 0, 17, 113, 20651 }, // U+04A5
    { 39, 34, 632, 0, 25, 332, 20764 }, // U+04A6
    { 29, 27, 462, 0, 16, 196, 21096 }, // U+04A7
    { 26, 26, 436, 1, 25, 169, 21292 }, // U+04A8
    { 21, 18, 320, 0, 17, 95, 21461 }, // U+04A9
    { 24, 36, 425, 1, 25, 216, 21556 }, // U+04AA
    { 15, 28, 247, 0, 17, 105, 21772 }, // U+04AB
    { 27, 35, 417, 0, 27, 237, 21877 }, // U+04AC
    { 17, 23, 270, 0, 17, 98, 22114 }, // U+04AD
    { 26, 26, 392, 0, 25, 169, 22212 }, // U+04AE
    { 19, 27, 290, 0, 16, 129, 22381 }, // U+04AF
    { 26, 26, 392, 0, 25, 169, 22510 }, // U+04B0
    { 19, 27, 290, 0, 16, 129, 22679 }, // U+04B1
    { 29, 33, 450, -1, 25, 240, 22808 }, // U+04B2
    { 19, 23, 303, 0, 16, 110, 23048 }, // U+04B3
    { 35, 35, 554, 0, 27, 307, 23158 }, // U+04B4
    { 26, 23, 420, 0, 17, 150, 23465 }, // U+04B5
    { 27, 33, 440, 0, 25, 223, 23615 }, // U+04B6
    { 21, 22, 338, 0, 16, 116, 23838 }, // U+04B7
    { 28, 26, 450, 0, 25, 182, 23954 }, // U+04B8
    { 22, 17, 355, 0, 16, 94, 24136 }, // U+04B9
    { 27, 26, 436, 0, 25, 176, 24230 }, // U+04BA
    { 21, 28, 335, 0, 27, 147, 24406 }, // U+04BB
    { 30, 27, 483, 0, 26, 203, 24553 }, // U+04BC
    { 18, 19, 302, 0, 18, 86, 24756 }, // U+04BD
    { 30, 38, 483, 0, 32, 285, 24842 }, // U+04BE
    { 19, 30, 301, 0, 24, 143, 25127 }, // U+04BF
    { 14, 26, 218, 0, 25, 91, 25270 }, // U+04C0
    { 41, 34, 626, -1, 33, 349, 25361 }, // U+04C1
    { 30, 25, 482, 0, 24, 188, 25710 }, // U+04C2
    { 25, 33, 413, 0, 25, 207, 25898 }, // U+04C3
    { 20, 28, 319, 0, 17, 140, 26105 }, // U+04C4
    { 28, 33, 445, 0, 25, 231, 26245 }, // U+04C5
    { 20, 23, 332, 0, 16, 115, 26476 }, // U+04C6
    { 30, 34, 473, 0, 25, 255, 26591 }, // U+04C7
    { 21, 27, 341, 0, 16, 142, 26846 }, // U+04C8
    { 30, 33, 481, 0, 25, 248, 26988 }, // U+04C9
    { 21, 23, 347, 0, 16, 121, 27236 }, // U+04CA
    { 27, 33, 437, 0, 25, 223, 27357 }, // U+04CB
    { 21, 22, 338, 0, 16, 116, 27580 }, // U+04CC
    { 34, 33, 550, 0, 25, 281, 27696 }, // U+04CD
    { 25, 23, 404, 0, 16, 144, 27977 }, // U+04CE
    { 11, 28, 171, 0, 27, 77, 28121 }, // U+04CF
    { 29, 34, 432, -1, 33, 247, 28198 }, // U+04D0
    { 16, 25, 263, 1, 24, 100, 28445 }, // U+04D1
    { 29, 33, 432, -1, 32, 240, 28545 }, // U+04D2
    { 16, 25, 263, 1, 24, 100, 28785 }, // U+04D3
    { 35, 26, 545, -1, 25, 228, 28885 }, // U+04D4
    { 22, 18, 374, 1, 17, 99, 29113 }, // U+04D5
    { 21, 34, 345, 0, 33, 179, 29212 }, // U+04D6
    { 15, 25, 250, 0, 24, 94, 29391 }, // U+04D7
    { 25, 26, 403, 0, 25, 163, 29485 }, // U+04D8
    { 15, 18, 251, 0, 17, 68, 29648 }, // U+04D9
    { 25, 33, 403, 0, 32, 207, 29716 }, // U+04DA
    { 15, 25, 251, 0, 24, 94, 29923 }, // U+04DB
    { 41, 33, 626, -1, 32, 339, 30017 }, // U+04DC
    { 30, 25, 482, 0, 24, 188, 30356 }, // U+04DD
    { 19, 33, 335, 1, 32, 157, 30544 }, // U+04DE
    { 14, 25, 253, 1, 24, 88, 30701 }, // U+04DF
    { 19, 27, 330, 1, 26, 129, 30789 }, // U+04E0
    { 17, 28, 273, 0, 17, 119, 30918 }, // U+04E1
    { 31, 31, 496, 0, 30, 241, 31037 }, // U+04E2
    { 22, 23, 352, 0, 22, 127, 31278 }, // U+04E3
    { 31, 33, 496, 0, 32, 256, 31405 }, // U+04E4
    { 22, 25, 352, 0, 24, 138, 31661 }, // U+04E5
    { 27, 33, 456, 1, 32, 223, 31799 }, // U+04E6
    { 18, 25, 302, 0, 24, 113, 32022 }, // U+04E7
    { 27, 26, 456, 1, 25, 176, 32135 }, // U+04E8
    { 18, 18, 302, 0, 17, 81, 32311 }, // U+04E9
    { 27, 33, 456, 1, 32, 223, 32392 }, // U+04EA
    { 18, 25, 302, 0, 24, 113, 32615 }, // U+04EB
    { 23, 33, 397, 1, 32, 190, 32728 }, // U+04EC
    { 15, 25, 254, 0, 24, 94, 32918 }, // U+04ED
    { 27, 32, 403, -1, 30, 216, 33012 }, // U+04EE
    { 19, 33, 289, 0, 22, 157, 33228 }, // U+04EF
    { 27, 34, 403, -1, 32, 230, 33385 }, // U+04F0
    { 19, 35, 289, 0, 24, 167, 33615 }, // U+04F1
    { 27, 34, 403, -1, 32, 230, 33782 }, // U+04F2
    { 19, 37, 289, 0, 26, 176, 34012 }, // U+04F3
    { 27, 33, 437, 0, 32, 223, 34188 }, // U+04F4
    { 21, 25, 338, 0, 24, 132, 34411 }, // U+04F5
    { 20, 33, 317, 0, 25, 165, 34543 }, // U+04F6
    { 15, 23, 238, 0, 17, 87, 34708 }, // U+04F7
    { 35, 33, 557, 0, 32, 289, 34795 }, // U+04F8
    { 27, 25, 431, 0, 24, 169, 35084 }, // U+04F9
    { 25, 33, 328, -4, 25, 207, 35253 }, // U+04FA
    { 16, 28, 239, -1, 17, 112, 35460 }, // U+04FB
    { 29, 36, 450, -1, 25, 261, 35572 }, // U+04FC
    { 18, 27, 284, 0, 16, 122, 35833 }, // U+04FD
    { 29, 26, 462, 0, 25, 189, 35955 }, // U+04FE
    { 20, 17, 315, 0, 16, 85, 36144 }, // U+04FF
    { 29, 35, 432, -1, 26, 254, 0 }, // U+1EA0
    { 16, 26, 263, 1, 17, 104, 254 }, // U+1EA1
    { 29, 33, 432, -1, 32, 240, 358 }, // U+1EA2
    { 16, 27, 263, 1, 26, 108, 598 }, // U+1EA3
    { 29, 36, 432, -1, 35, 261, 706 }, // U+1EA4
    { 16, 31, 263, 1, 30, 124, 967 }, // U+1EA5
    { 29, 35, 432, -1, 34, 254, 1091 }, // U+1EA6
    { 17, 31, 263, 0, 30, 132, 1345 }, // U+1EA7
    { 29, 35, 432, -1, 34, 254, 1477 }, // U+1EA8
    { 16, 30, 263, 1, 29, 120, 1731 }, // U+1EA9
    { 29, 38, 432, -1, 37, 276, 1851 }, // U+1EAA
    { 16, 30, 263, 1, 29, 120, 2127 }, // U+1EAB
    { 29, 41, 432, -1, 32, 298, 2247 }, // U+1EAC
    { 16, 35, 263, 1, 26, 140, 2545 }, // U+1EAD
    { 29, 37, 432, -1, 36, 269, 2685 }, // U+1EAE
    { 16, 30, 263, 1, 29, 120, 2954 }, // U+1EAF
    { 29, 37, 432, -1, 36, 269, 3074 }, // U+1EB0
    { 16, 30, 263, 1, 29, 120, 3343 }, // U+1EB1
    { 29, 37, 432, -1, 36, 269, 3463 }, // U+1EB2
    { 16, 29, 263, 1, 28, 116, 3732 }, // U+1EB3
    { 29, 39, 432, -1, 38, 283, 3848 }, // U+1EB4
    { 16, 30, 263, 1, 29, 120, 4131 }, // U+1EB5
    { 29, 41, 432, -1, 32, 298, 4251 }, // U+1EB6
    { 16, 33, 263, 1, 24, 132, 4549 }, // U+1EB7
    { 21, 34, 345, 0, 25, 179, 4681 }, // U+1EB8
    { 15, 26, 250, 0, 17, 98, 4860 }, // U+1EB9
    { 21, 33, 345, 0, 32, 174, 4958 }, // U+1EBA
    { 15, 27, 250, 0, 26, 102, 5132 }, // U+1EBB
    { 21, 33, 345, 0, 32, 174, 5234 }, // U+1EBC
    { 15, 25, 250, 0, 24, 94, 5408 }, // U+1EBD
    { 22, 35, 339, 0, 34, 193, 5502 }, // U+1EBE
    { 17, 31, 250, 0, 30, 132, 5695 }, // U+1EBF
    { 23, 35, 339, -2, 34, 202, 5827 }, // U+1EC0
    { 15, 31, 250, 0, 30, 117, 6029 }, // U+1EC1
    { 21, 35, 339, 0, 34, 184, 6146 }, // U+1EC2
    { 17, 30, 250, 0, 29, 128, 6330 }, // U+1EC3
    { 21, 38, 339, 0, 37, 200, 6458 }, // U+1EC4
    { 15, 30, 250, 0, 29, 113, 6658 }, // U+1EC5
    { 21, 41, 345, 0, 32, 216, 6771 }, // U+1EC6
    { 15, 35, 250, 0, 26, 132, 6987 }, // U+1EC7
    { 14, 33, 218, 0, 32, 116, 7119 }, // U+1EC8
    { 11, 27, 177, 0, 26, 75, 7235 }, // U+1EC9
    { 14, 34, 218, 0, 25, 119, 7310 }, // U+1ECA
    { 11, 34, 177, 0, 25, 94, 7429 }, // U+1ECB
    { 27, 34, 456, 1, 25, 230, 7523 }, // U+1ECC
    { 18, 26, 302, 0, 17, 117, 7753 }, // U+1ECD
    { 27, 33, 456, 1, 32, 223, 7870 }, // U+1ECE
    { 18, 27, 302, 0, 26, 122, 8093 }, // U+1ECF
    { 27, 35, 456, 1, 34, 237, 8215 }, // U+1ED0
    { 18, 31, 302, 0, 30, 140, 8452 }, // U+1ED1
    { 27, 35, 456, 1, 34, 237, 8592 }, // U+1ED2
    { 18, 31, 302, 0, 30, 140, 8829 }, // U+1ED3
    { 27, 35, 456, 1, 34, 237, 8969 }, // U+1ED4
    { 18, 30, 302, 0, 29, 135, 9206 }, // U+1ED5
    { 27, 38, 456, 1, 37, 257, 9341 }, // U+1ED6
    { 18, 30, 302, 0, 29, 135, 9598 }, // U+1ED7
    { 27, 41, 456, 1, 32, 277, 9733 }, // U+1ED8
    { 18, 35, 302, 0, 26, 158, 10010 }, // U+1ED9
    { 29, 33, 456, 1, 32, 240, 10168 }, // U+1EDA
    { 21, 26, 326, 0, 25, 137, 10408 }, // U+1EDB
    { 29, 33, 456, 1, 32, 240, 10545 }, // U+1EDC
    { 21, 26, 326, 0, 25, 137, 10785 }, // U+1EDD
    { 29, 33, 456, 1, 32, 240, 10922 }, // U+1EDE
    { 21, 27, 326, 0, 26, 142, 11162 }, // U+1EDF
    { 29, 33, 456, 1, 32, 240, 11304 }, // U+1EE0
    { 21, 25, 326, 0, 24, 132, 11544 }, // U+1EE1
    { 29, 37, 456, 1, 28, 269, 11676 }, // U+1EE2
    { 21, 30, 326, 0, 21, 158, 11945 }, // U+1EE3
    { 28, 34, 447, 0, 25, 238, 12103 }, // U+1EE4
    { 21, 26, 331, 0, 17, 137, 12341 }, // U+1EE5
    { 28, 33, 447, 0, 32, 231, 12478 }, // U+1EE6
    { 21, 27, 331, 0, 26, 142, 12709 }, // U+1EE7
    { 31, 33, 447, 0, 32, 256, 12851 }, // U+1EE8
    { 23, 26, 360, 0, 25, 150, 13107 }, // U+1EE9
    { 31, 33, 447, 0, 32, 256, 13257 }, // U+1EEA
    { 23, 26, 360, 0, 25, 150, 13513 }, // U+1EEB
    { 31, 33, 447, 0, 32, 256, 13663 }, // U+1EEC
    { 23, 27, 360, 0, 26, 156, 13919 }, // U+1EED
    { 31, 33, 447, 0, 32, 256, 14075 }, // U+1EEE
    { 23, 25, 360, 0, 24, 144, 14331 }, // U+1EEF
    { 31, 40, 447, 0, 31, 310, 14475 }, // U+1EF0
    { 23, 31, 360, 0, 22, 179, 14785 }, // U+1EF1
    { 26, 33, 392, 0, 32, 215, 14964 }, // U+1EF2
    { 19, 36, 289, 0, 25, 171, 15179 }, // U+1EF3
    { 26, 34, 392, 0, 25, 221, 15350 }, // U+1EF4
    { 19, 27, 289, 0, 16, 129, 15571 }, // U+1EF5
    { 26, 33, 392, 0, 32, 215, 15700 }, // U+1EF6
    { 19, 37, 289, 0, 26, 176, 15915 }, // U+1EF7
    { 26, 33, 392, 0, 32, 215, 16091 }, // U+1EF8
    { 19, 35, 289, 0, 24, 167, 16306 }, // U+1EF9
    { 0, 0, 349, 0, 0, 0, 0 }, // U+2000
    { 0, 0, 403, 0, 0, 0, 0 }, // U+2001
    { 0, 0, 349, 0, 0, 0, 0 }, // U+2002
    { 0, 0, 403, 0, 0, 0, 0 }, // U+2003
    { 0, 0, 331, 0, 0, 0, 0 }, // U+2004
    { 0, 0, 322, 0, 0, 0, 0 }, // U+2005
    { 0, 0, 313, 0, 0, 0, 0 }, // U+2006
    { 0, 0, 352, 0, 0, 0, 0 }, // U+2007
    { 0, 0, 320, 0, 0, 0, 0 }, // U+2008
    { 0, 0, 306, 0, 0, 0, 0 }, // U+2009
    { 0, 0, 296, 0, 0, 0, 0 }, // U+200A
    { 0, 0, 0, 0, 0, 0, 0 }, // U+200B
    { 0, 0, 0, 0, 0, 0, 0 }, // U+200C
    { 0, 0, 0, 0, 0, 0, 0 }, // U+200D
    { 0, 0, 0, 0, 0, 0, 0 }, // U+200E
    { 0, 0, 0, 0, 0, 0, 0 }, // U+200F
    { 11, 4, 190, 0, 10, 11, 0 }, // U+2010
    { 11, 4, 190, 0, 10, 11, 11 }, // U+2011
    { 25, 4, 395, 0, 10, 25, 22 }, // U+2012
    { 22, 4, 379, 1, 10, 22, 47 }, // U+2013
    { 36, 4, 576, 0, 10, 36, 69 }, // U+2014
    { 82, 4, 1323, 0, 10, 82, 105 }, // U+2015
    { 11, 38, 271, 3, 27, 105, 187 }, // U+2016
    { 8, 12, 143, 0, 27, 24, 292 }, // U+2018
    { 9, 12, 143, 0, 26, 27, 316 }, // U+2019
    { 9, 12, 143, 0, 5, 27, 343 }, // U+201A
    { 16, 12, 263, 0, 27, 48, 370 }, // U+201C
    { 16, 12, 263, 0, 26, 48, 418 }, // U+201D
    { 16, 12, 263, 0, 5, 48, 466 }, // U+201E
    { 17, 30, 292, 1, 25, 128, 514 }, // U+2020
    { 17, 31, 292, 1, 25, 132, 642 }, // U+2021
    { 12, 12, 224, 1, 19, 36, 774 }, // U+2022
    { 7, 7, 148, 1, 5, 13, 810 }, // U+2024
    { 17, 7, 307, 1, 5, 30, 823 }, // U+2025
    { 26, 7, 448, 1, 5, 46, 853 }, // U+2026
    { 6, 5, 118, 1, 16, 8, 899 }, // U+2027
    { 0, 0, 0, 0, 0, 0, 907 }, // U+202A
    { 0, 0, 0, 0, 0, 0, 907 }, // U+202B
    { 0, 0, 0, 0, 0, 0, 907 }, // U+202C
    { 0, 0, 0, 0, 0, 0, 907 }, // U+202D
    { 0, 0, 0, 0, 0, 0, 907 }, // U+202E
    { 37, 27, 613, 1, 25, 250, 907 }, // U+2030
    { 5, 11, 114, 1, 26, 14, 1157 }, // U+2032
    { 11, 11, 196, 1, 26, 31, 1171 }, // U+2033
    { 16, 11, 280, 1, 26, 44, 1202 }, // U+2034
    { 5, 11, 113, 1, 26, 14, 1246 }, // U+2035
    { 11, 11, 196, 1, 26, 31, 1260 }, // U+2036
    { 16, 11, 278, 1, 26, 44, 1291 }, // U+2037
    { 12, 16, 223, 1, 16, 48, 1335 }, // U+2039
    { 12, 16, 223, 1, 16, 48, 1383 }, // U+203A
    { 15, 26, 311, 2, 25, 98, 1431 }, // U+203C
    { 11, 27, 235, 2, 26, 75, 1529 }, // U+203D
    { 19, 3, 342, 1, 24, 15, 1604 }, // U+203E
    { 19, 26, 30, -9, 25, 124, 1619 }, // U+2044
    { 23, 26, 416, 2, 25, 150, 1743 }, // U+2047
    { 19, 26, 367, 2, 25, 124, 1893 }, // U+2048
    { 20, 26, 366, 2, 25, 130, 2017 }, // U+2049
    { 23, 37, 377, 0, 25, 213, 2147 }, // U+204B
    { 13, 13, 214, 0, 11, 43, 2360 }, // U+204E
    { 21, 11, 362, 1, 26, 58, 2403 }, // U+2057
    { 0, 0, 0, 0, 0, 0, 2461 }, // U+2060
    { 0, 0, 0, 0, 0, 0, 2461 }, // U+2061
    { 0, 0, 0, 0, 0, 0, 2461 }, // U+2062
    { 0, 0, 0, 0, 0, 0, 2461 }, // U+2063
    { 0, 0, 0, 0, 0, 0, 2461 }, // U+2064
    { 0, 0, 0, 0, 0, 0, 2461 }, // U+2066
    { 0, 0, 0, 0, 0, 0, 2461 }, // U+2067
    { 0, 0, 0, 0, 0, 0, 2461 }, // U+2068
    { 0, 0, 0, 0, 0, 0, 2461 }, // U+2069
    { 0, 0, 0, 0, 0, 0, 2461 }, // U+206A
    { 0, 0, 0, 0, 0, 0, 2461 }, // U+206B
    { 0, 0, 0, 0, 0, 0, 2461 }, // U+206C
    { 0, 0, 0, 0, 0, 0, 2461 }, // U+206D
    { 0, 0, 0, 0, 0, 0, 2461 }, // U+206E
    { 0, 0, 0, 0, 0, 0, 2461 }, // U+206F
    { 11, 15, 205, 1, 30, 42, 0 }, // U+2070
    { 9, 17, 145, 0, 28, 39, 42 }, // U+2071
    { 12, 15, 199, 0, 30, 45, 81 }, // U+2074
    { 9, 14, 173, 1, 30, 32, 126 }, // U+2075
    { 11, 14, 190, 1, 30, 39, 158 }, // U+2076
    { 12, 14, 184, 0, 30, 42, 197 }, // U+2077
    { 12, 14, 189, 0, 30, 42, 239 }, // U+2078
    { 12, 15, 201, 0, 30, 45, 281 }, // U+2079
    { 14, 13, 250, 1, 29, 46, 326 }, // U+207A
    { 14, 3, 232, 0, 24, 11, 372 }, // U+207B
    { 13, 7, 239, 1, 26, 23, 383 }, // U+207C
    { 8, 22, 119, 0, 33, 44, 406 }, // U+207D
    { 7, 22, 119, 0, 33, 39, 450 }, // U+207E
    { 16, 11, 253, 0, 22, 44, 489 }, // U+207F
    { 11, 15, 205, 1, 8, 42, 533 }, // U+2080
    { 8, 14, 149, 1, 8, 28, 575 }, // U+2081
    { 12, 14, 205, 0, 8, 42, 603 }, // U+2082
    { 9, 14, 177, 1, 8, 32, 645 }, // U+2083
    { 12, 15, 199, 0, 8, 45, 677 }, // U+2084
    { 9, 14, 173, 1, 8, 32, 722 }, // U+2085
    { 11, 14, 190, 1, 8, 39, 754 }, // U+2086
    { 12, 14, 184, 0, 8, 42, 793 }, // U+2087
    { 12, 14, 189, 0, 8, 42, 835 }, // U+2088
    { 12, 15, 201, 0, 8, 45, 877 }, // U+2089
    { 14, 13, 250, 1, 7, 46, 922 }, // U+208A
    { 14, 3, 232, 0, 2, 11, 968 }, // U+208B
    { 13, 7, 239, 1, 4, 23, 979 }, // U+208C
    { 8, 22, 119, 0, 11, 44, 1002 }, // U+208D
    { 7, 22, 119, 0, 11, 39, 1046 }, // U+208E
    { 12, 12, 204, 1, 5, 36, 1085 }, // U+2090
    { 11, 12, 194, 1, 5, 33, 1121 }, // U+2091
    { 13, 12, 228, 1, 5, 39, 1154 }, // U+2092
    { 14, 11, 223, 0, 5, 39, 1193 }, // U+2093
    { 11, 11, 181, 0, 3, 31, 1232 }, // U+2094
    { 15, 18, 249, 0, 13, 68, 1263 }, // U+2095
    { 16, 17, 254, 0, 12, 68, 1331 }, // U+2096
    { 8, 17, 139, 0, 12, 34, 1399 }, // U+2097
    { 22, 11, 354, 0, 6, 61, 1433 }, // U+2098
    { 16, 11, 253, 0, 6, 44, 1494 }, // U+2099
    { 15, 18, 247, 0, 6, 68, 1538 }, // U+209A
    { 9, 12, 169, 1, 7, 27, 1606 }, // U+209B
    { 10, 14, 172, 0, 8, 35, 1633 }, // U+209C
    { 24, 32, 425, 1, 28, 192, 0 }, // U+20A1
    { 21, 26, 338, 0, 25, 137, 192 }, // U+20A3
    { 22, 26, 341, -1, 24, 143, 329 }, // U+20A4
    { 24, 28, 387, 0, 21, 168, 472 }, // U+20A5
    { 31, 26, 497, 0, 25, 202, 640 }, // U+20A6
    { 25, 26, 402, 0, 25, 163, 842 }, // U+20A7
    { 34, 26, 553, 0, 25, 221, 1005 }, // U+20A8
    { 39, 26, 612, 0, 25, 254, 1226 }, // U+20A9
    { 19, 29, 301, 0, 25, 138, 1480 }, // U+20AB
    { 27, 26, 443, 0, 25, 176, 1618 }, // U+20AC
    { 29, 26, 458, 0, 25, 189, 1794 }, // U+20AD
    { 27, 28, 417, 0, 27, 189, 1983 }, // U+20AE
    { 25, 26, 383, 0, 25, 163, 2172 }, // U+20B1
    { 26, 32, 431, 1, 28, 208, 2335 }, // U+20B2
    { 21, 26, 331, 0, 25, 137, 2543 }, // U+20B4
    { 24, 32, 425, 1, 28, 192, 2680 }, // U+20B5
    { 23, 26, 365, 0, 25, 150, 2872 }, // U+20B8
    { 19, 26, 317, 0, 25, 124, 3022 }, // U+20B9
    { 21, 26, 330, 0, 25, 137, 3146 }, // U+20BA
    { 28, 28, 447, 0, 27, 196, 3283 }, // U+20BC
    { 23, 26, 369, 0, 25, 150, 3479 }, // U+20BD
    { 15, 28, 242, 0, 27, 105, 0 }, // U+2113
    { 36, 16, 607, 1, 19, 144, 0 }, // U+2190
    { 16, 34, 268, 0, 26, 136, 144 }, // U+2191
    { 36, 16, 607, 1, 19, 144, 280 }, // U+2192
    { 16, 34, 268, 0, 26, 136, 424 }, // U+2193
    { 36, 16, 604, 1, 19, 144, 560 }, // U+2194
    { 16, 34, 263, 0, 26, 136, 704 }, // U+2195
    { 28, 28, 460, 0, 21, 196, 840 }, // U+2196
    { 29, 28, 468, 0, 22, 203, 1036 }, // U+2197
    { 28, 28, 460, 0, 22, 196, 1239 }, // U+2198
    { 29, 28, 468, 0, 22, 203, 1435 }, // U+2199
    { 36, 29, 607, 1, 26, 261, 1638 }, // U+219A
    { 36, 29, 607, 1, 26, 261, 1899 }, // U+219B
    { 36, 16, 607, 1, 19, 144, 2160 }, // U+219E
    { 16, 34, 268, 0, 26, 136, 2304 }, // U+219F
    { 36, 16, 607, 1, 19, 144, 2440 }, // U+21A0
    { 16, 34, 268, 0, 26, 136, 2584 }, // U+21A1
    { 33, 16, 558, 1, 19, 132, 2720 }, // U+21A2
    { 36, 29, 604, 1, 26, 261, 2852 }, // U+21AE
    { 34, 16, 580, 1, 19, 136, 3113 }, // U+21D0
    { 16, 34, 268, 0, 26, 136, 3249 }, // U+21D1
    { 34, 16, 580, 1, 19, 136, 3385 }, // U+21D2
    { 16, 34, 268, 0, 26, 136, 3521 }, // U+21D3
    { 36, 16, 602, 1, 19, 144, 3657 }, // U+21DA
    { 36, 16, 602, 1, 19, 144, 3801 }, // U+21DB
    { 19, 28, 308, 0, 27, 133, 0 }, // U+2202
    { 24, 28, 407, 1, 24, 168, 133 }, // U+2205
    { 23, 26, 391, 0, 26, 150, 301 }, // U+2206
    { 22, 27, 413, 3, 25, 149, 451 }, // U+2207
    { 29, 26, 474, 0, 25, 189, 600 }, // U+220F
    { 29, 26, 474, 0, 25, 189, 789 }, // U+2210
    { 22, 29, 333, -1, 25, 160, 978 }, // U+2211
    { 21, 3, 367, 1, 11, 16, 1138 }, // U+2212
    { 21, 23, 360, 1, 23, 121, 1154 }, // U+2213
    { 15, 29, 244, 0, 26, 109, 1275 }, // U+2215
    { 15, 29, 244, 0, 26, 109, 1384 }, // U+2216
    { 7, 7, 144, 1, 11, 13, 1493 }, // U+2219
    { 23, 30, 261, -1, 26, 173, 1506 }, // U+221A
    { 29, 16, 491, 1, 16, 116, 1679 }, // U+221E
    { 5, 38, 166, 3, 27, 48, 1795 }, // U+2223
    { 15, 38, 166, -2, 27, 143, 1843 }, // U+2224
    { 11, 38, 262, 3, 27, 105, 1986 }, // U+2225
    { 20, 38, 262, -2, 27, 190, 2091 }, // U+2226
    { 22, 33, 224, -5, 25, 182, 2281 }, // U+222B
    { 8, 17, 169, 1, 15, 34, 2463 }, // U+2236
    { 19, 7, 327, 1, 16, 34, 2497 }, // U+223C
    { 19, 22, 327, 1, 23, 105, 2531 }, // U+2241
    { 19, 14, 327, 1, 17, 67, 2636 }, // U+2248
    { 21, 22, 377, 1, 20, 116, 2703 }, // U+2260
    { 21, 22, 359, 1, 21, 116, 2819 }, // U+2264
    { 20, 22, 359, 1, 21, 110, 2935 }, // U+2265
    { 29, 19, 503, 1, 18, 138, 3045 }, // U+226A
    { 29, 19, 503, 1, 18, 138, 3183 }, // U+226B
    { 18, 25, 325, 1, 21, 113, 3321 }, // U+226E
    { 18, 25, 325, 1, 21, 113, 3434 }, // U+226F
    { 7, 7, 153, 1, 11, 13, 3547 }, // U+22C5
    { 23, 7, 405, 1, 11, 41, 3560 }, // U+22EF
    { 9, 25, 186, 1, 25, 57, 0 }, // U+2669
    { 14, 25, 271, 1, 25, 88, 57 }, // U+266A
    { 22, 27, 385, 1, 25, 149, 145 }, // U+266B
    { 22, 27, 385, 1, 25, 149, 294 }, // U+266C
    { 11, 24, 208, 1, 23, 66, 443 }, // U+266D
    { 11, 24, 214, 1, 16, 66, 509 }, // U+266E
    { 18, 32, 332, 1, 23, 144, 575 }, // U+266F
    { 42, 39, 762, 3, 32, 410, 719 }, // U+2764
    { 29, 28, 398, 0, 27, 203, 0 }, // U+FB00
    { 22, 28, 355, 0, 27, 154, 203 }, // U+FB01
    { 22, 28, 361, 0, 27, 154, 357 }, // U+FB02
    { 34, 28, 537, 0, 27, 238, 511 }, // U+FB03
    { 34, 28, 543, 0, 27, 238, 749 }, // U+FB04
    { 25, 28, 401, 0, 27, 175, 987 }, // U+FB05
    { 26, 26, 428, 1, 25, 169, 1162 }, // U+FB06
    { 30, 31, 481, 0, 27, 233, 0 }, // U+FFFD
    { 39, 39, 762, 4, 32, 381, 0 }, // U+1F44B
    { 20, 27, 352, 1, 26, 135, 381 }, // U+1F44C
    { 20, 25, 355, 1, 24, 125, 516 }, // U+1F44D
    { 36, 39, 762, 6, 32, 351, 641 }, // U+1F44E
    { 36, 39, 762, 6, 32, 351, 992 }, // U+1F44F
    { 39, 38, 762, 4, 32, 371, 1343 }, // U+1F600
    { 39, 38, 762, 4, 32, 371, 1714 }, // U+1F601
    { 46, 38, 762, 1, 32, 437, 2085 }, // U+1F602
    { 39, 38, 762, 4, 32, 371, 2522 }, // U+1F603
    { 39, 38, 762, 4, 32, 371, 2893 }, // U+1F604
    { 42, 38, 762, 3, 32, 399, 3264 }, // U+1F605
    { 39, 38, 762, 4, 32, 371, 3663 }, // U+1F606
    { 38, 38, 762, 5, 32, 361, 4034 }, // U+1F607
    { 39, 38, 762, 4, 32, 371, 4395 }, // U+1F609
    { 39, 38, 762, 4, 32, 371, 4766 }, // U+1F60A
    { 39, 39, 762, 4, 32, 381, 5137 }, // U+1F60B
    { 39, 38, 762, 4, 32, 371, 5518 }, // U+1F60C
    { 39, 38, 762, 4, 32, 371, 5889 }, // U+1F60D
    { 40, 38, 762, 4, 32, 380, 6260 }, // U+1F60E
    { 39, 38, 762, 4, 32, 371, 6640 }, // U+1F60F
    { 39, 38, 762, 4, 32, 371, 7011 }, // U+1F610
    { 39, 38, 762, 4, 32, 371, 7382 }, // U+1F611
    { 39, 38, 762, 4, 32, 371, 7753 }, // U+1F612
    { 39, 38, 762, 4, 32, 371, 8124 }, // U+1F613
    { 39, 38, 762, 4, 32, 371, 8495 }, // U+1F614
    { 39, 38, 762, 4, 32, 371, 8866 }, // U+1F618
    { 39, 38, 762, 4, 32, 371, 9237 }, // U+1F61A
    { 39, 39, 762, 4, 32, 381, 9608 }, // U+1F61C
    { 39, 39, 762, 4, 32, 381, 9989 }, // U+1F61D
    { 39, 38, 762, 4, 32, 371, 10370 }, // U+1F620
    { 39, 38, 762, 4, 32, 371, 10741 }, // U+1F621
    { 39, 38, 762, 4, 32, 371, 11112 }, // U+1F622
    { 41, 38, 762, 3, 32, 390, 11483 }, // U+1F624
    { 40, 38, 762, 4, 32, 380, 11873 }, // U+1F625
    { 39, 38, 762, 4, 32, 371, 12253 }, // U+1F629
    { 39, 38, 762, 4, 32, 371, 12624 }, // U+1F62C
    { 39, 39, 762, 4, 32, 381, 12995 }, // U+1F62D
    { 39, 38, 762, 4, 32, 371, 13376 }, // U+1F62E
    { 44, 39, 762, 2, 32, 429, 13747 }, // U+1F631
    { 39, 38, 762, 4, 32, 371, 14176 }, // U+1F632
    { 39, 38, 762, 4, 32, 371, 14547 }, // U+1F633
    { 40, 38, 762, 4, 32, 380, 14918 }, // U+1F634
    { 39, 38, 762, 4, 32, 371, 15298 }, // U+1F635
    { 39, 38, 762, 4, 32, 371, 15669 }, // U+1F641
    { 39, 38, 762, 4, 32, 371, 16040 }, // U+1F642
    { 39, 38, 762, 4, 32, 371, 16411 }, // U+1F644
};

static const EpdUnicodeInterval ebgaramond_18_boldIntervals[] = {
    { 0x0, 0x17F, 0x0 },
    { 0x1A0, 0x1A1, 0x180 },
    { 0x1AF, 0x1B0, 0x182 },
    { 0x1C4, 0x21F, 0x184 },
    { 0x300, 0x33E, 0x1E0 },
    { 0x340, 0x345, 0x21F },
    { 0x34F, 0x34F, 0x225 },
    { 0x351, 0x351, 0x226 },
    { 0x353, 0x353, 0x227 },
    { 0x357, 0x357, 0x228 },
    { 0x35D, 0x35D, 0x229 },
    { 0x361, 0x361, 0x22A },
    { 0x364, 0x364, 0x22B },
    { 0x3BB, 0x3BB, 0x22C },
    { 0x400, 0x45F, 0x22D },
    { 0x462, 0x463, 0x28D },
    { 0x46A, 0x46B, 0x28F },
    { 0x470, 0x470, 0x291 },
    { 0x472, 0x477, 0x292 },
    { 0x48A, 0x4FF, 0x298 },
    { 0x1EA0, 0x1EF9, 0x30E },
    { 0x2000, 0x2016, 0x368 },
    { 0x2018, 0x201A, 0x37F },
    { 0x201C, 0x201E, 0x382 },
    { 0x2020, 0x2022, 0x385 },
    { 0x2024, 0x2027, 0x388 },
    { 0x202A, 0x202E, 0x38C },
    { 0x2030, 0x2030, 0x391 },
    { 0x2032, 0x2037, 0x392 },
    { 0x2039, 0x203A, 0x398 },
    { 0x203C, 0x203E, 0x39A },
    { 0x2044, 0x2044, 0x39D },
    { 0x2047, 0x2049, 0x39E },
    { 0x204B, 0x204B, 0x3A1 },
    { 0x204E, 0x204E, 0x3A2 },
    { 0x2057, 0x2057, 0x3A3 },
    { 0x2060, 0x2064, 0x3A4 },
    { 0x2066, 0x2071, 0x3A9 },
    { 0x2074, 0x208E, 0x3B5 },
    { 0x2090, 0x209C, 0x3D0 },
    { 0x20A1, 0x20A1, 0x3DD },
    { 0x20A3, 0x20A9, 0x3DE },
    { 0x20AB, 0x20AE, 0x3E5 },
    { 0x20B1, 0x20B2, 0x3E9 },
    { 0x20B4, 0x20B5, 0x3EB },
    { 0x20B8, 0x20BA, 0x3ED },
    { 0x20BC, 0x20BD, 0x3F0 },
    { 0x2113, 0x2113, 0x3F2 },
    { 0x2190, 0x219B, 0x3F3 },
    { 0x219E, 0x21A2, 0x3FF },
    { 0x21AE, 0x21AE, 0x404 },
    { 0x21D0, 0x21D3, 0x405 },
    { 0x21DA, 0x21DB, 0x409 },
    { 0x2202, 0x2202, 0x40B },
    { 0x2205, 0x2207, 0x40C },
    { 0x220F, 0x2213, 0x40F },
    { 0x2215, 0x2216, 0x414 },
    { 0x2219, 0x221A, 0x416 },
    { 0x221E, 0x221E, 0x418 },
    { 0x2223, 0x2226, 0x419 },
    { 0x222B, 0x222B, 0x41D },
    { 0x2236, 0x2236, 0x41E },
    { 0x223C, 0x223C, 0x41F },
    { 0x2241, 0x2241, 0x420 },
    { 0x2248, 0x2248, 0x421 },
    { 0x2260, 0x2260, 0x422 },
    { 0x2264, 0x2265, 0x423 },
    { 0x226A, 0x226B, 0x425 },
    { 0x226E, 0x226F, 0x427 },
    { 0x22C5, 0x22C5, 0x429 },
    { 0x22EF, 0x22EF, 0x42A },
    { 0x2669, 0x266F, 0x42B },
    { 0x2764, 0x2764, 0x432 },
    { 0xFB00, 0xFB06, 0x433 },
    { 0xFFFD, 0xFFFD, 0x43A },
    { 0x1F44B, 0x1F44F, 0x43B },
    { 0x1F600, 0x1F607, 0x440 },
    { 0x1F609, 0x1F614, 0x448 },
    { 0x1F618, 0x1F618, 0x454 },
    { 0x1F61A, 0x1F61A, 0x455 },
    { 0x1F61C, 0x1F61D, 0x456 },
    { 0x1F620, 0x1F622, 0x458 },
    { 0x1F624, 0x1F625, 0x45B },
    { 0x1F629, 0x1F629, 0x45D },
    { 0x1F62C, 0x1F62E, 0x45E },
    { 0x1F631, 0x1F635, 0x461 },
    { 0x1F641, 0x1F642, 0x466 },
    { 0x1F644, 0x1F644, 0x468 },
};

static const EpdFontGroup ebgaramond_18_boldGroups[] = {
    { 0, 4913, 11673, 128, 0 },
    { 4913, 4201, 13313, 128, 128 },
    { 9114, 5355, 22026, 128, 256 },
    { 14469, 5386, 19524, 96, 384 },
    { 19855, 968, 1809, 76, 480 },
    { 20823, 117, 168, 1, 556 },
    { 20940, 10447, 38443, 225, 557 },
    { 31387, 3221, 17729, 90, 782 },
    { 34608, 1276, 2649, 75, 872 },
    { 35884, 769, 1804, 42, 947 },
    { 36653, 1821, 3835, 21, 989 },
    { 38474, 86, 112, 1, 1010 },
    { 38560, 1271, 4015, 24, 1011 },
    { 39831, 1492, 3889, 32, 1035 },
    { 41323, 479, 1232, 8, 1067 },
    { 41802, 503, 1442, 7, 1075 },
    { 42305, 137, 248, 1, 1082 },
    { 42442, 5598, 17173, 46, 1083 },
};

static const EpdKernClassEntry ebgaramond_18_boldKernLeftClasses[] = {
    { 0x0026, 1 }, // &
    { 0x0028, 2 }, // (
    { 0x002A, 3 }, // *
    { 0x002C, 4 }, // ,
    { 0x002D, 5 }, // -
    { 0x002E, 4 }, // .
    { 0x002F, 6 }, // /
    { 0x003A, 7 }, // :
    { 0x0040, 8 }, // @
    { 0x0041, 9 }, // A
    { 0x0042, 10 }, // B
    { 0x0043, 11 }, // C
    { 0x0044, 12 }, // D
    { 0x0045, 13 }, // E
    { 0x0046, 14 }, // F
    { 0x0047, 15 }, // G
    { 0x0048, 16 }, // H
    { 0x0049, 16 }, // I
    { 0x004A, 17 }, // J
    { 0x004B, 18 }, // K
    { 0x004C, 19 }, // L
    { 0x004D, 20 }, // M
    { 0x004E, 21 }, // N
    { 0x004F, 12 }, // O
    { 0x0050, 22 }, // P
    { 0x0051, 12 }, // Q
    { 0x0052, 23 }, // R
    { 0x0053, 24 }, // S
    { 0x0054, 25 }, // T
    { 0x0055, 26 }, // U
    { 0x0056, 27 }, // V
    { 0x0057, 27 }, // W
    { 0x0058, 28 }, // X
    { 0x0059, 29 }, // Y
    { 0x005A, 30 }, // Z
    { 0x005B, 31 }, // [
    { 0x005C, 32 }, // <backslash>
    { 0x0061, 33 }, // a
    { 0x0062, 34 }, // b
    { 0x0063, 35 }, // c
    { 0x0064, 36 }, // d
    { 0x0065, 37 }, // e
    { 0x0066, 38 }, // f
    { 0x0067, 39 }, // g
    { 0x0068, 40 }, // h
    { 0x0069, 41 }, // i
    { 0x006B, 42 }, // k
    { 0x006C, 36 }, // l
    { 0x006D, 40 }, // m
    { 0x006E, 40 }, // n
    { 0x006F, 34 }, // o
    { 0x0070, 34 }, // p
    { 0x0071, 43 }, // q
    { 0x0072, 44 }, // r
    { 0x0073, 45 }, // s
    { 0x0074, 46 }, // t
    { 0x0075, 41 }, // u
    { 0x0076, 47 }, // v
    { 0x0077, 47 }, // w
    { 0x0078, 48 }, // x
    { 0x0079, 47 }, // y
    { 0x00A1, 49 }, // U+00A1
    { 0x00A7, 50 }, // U+00A7
    { 0x00AB, 51 }, // U+00AB
    { 0x00AE, 52 }, // U+00AE
    { 0x00B6, 53 }, // U+00B6
    { 0x00B7, 54 }, // U+00B7
    { 0x00BB, 55 }, // U+00BB
    { 0x00BF, 56 }, // U+00BF
    { 0x00C0, 9 }, // U+00C0
    { 0x00C1, 9 }, // U+00C1
    { 0x00C2, 9 }, // U+00C2
    { 0x00C3, 9 }, // U+00C3
    { 0x00C4, 9 }, // U+00C4
    { 0x00C5, 9 }, // U+00C5
    { 0x00C6, 13 }, // U+00C6
    { 0x00C7, 11 }, // U+00C7
    { 0x00C8, 13 }, // U+00C8
    { 0x00C9, 13 }, // U+00C9
    { 0x00CA, 13 }, // U+00CA
    { 0x00CB, 13 }, // U+00CB
    { 0x00CC, 16 }, // U+00CC
    { 0x00CD, 16 }, // U+00CD
    { 0x00CE, 16 }, // U+00CE
    { 0x00CF, 16 }, // U+00CF
    { 0x00D0, 12 }, // U+00D0
    { 0x00D1, 21 }, // U+00D1
    { 0x00D2, 12 }, // U+00D2
    { 0x00D3, 12 }, // U+00D3
    { 0x00D4, 12 }, // U+00D4
    { 0x00D5, 12 }, // U+00D5
    { 0x00D6, 12 }, // U+00D6
    { 0x00D8, 12 }, // U+00D8
    { 0x00D9, 26 }, // U+00D9
    { 0x00DA, 26 }, // U+00DA
    { 0x00DB, 26 }, // U+00DB
    { 0x00DC, 26 }, // U+00DC
    { 0x00DD, 29 }, // U+00DD
    { 0x00DE, 57 }, // U+00DE
    { 0x00DF, 58 }, // U+00DF
    { 0x00E0, 33 }, // U+00E0
    { 0x00E1, 33 }, // U+00E1
    { 0x00E2, 33 }, // U+00E2
    { 0x00E3, 33 }, // U+00E3
    { 0x00E4, 33 }, // U+00E4
    { 0x00E5, 33 }, // U+00E5
    { 0x00E6, 37 }, // U+00E6
    { 0x00E7, 35 }, // U+00E7
    { 0x00E8, 37 }, // U+00E8
    { 0x00E9, 37 }, // U+00E9
    { 0x00EA, 37 }, // U+00EA
    { 0x00EB, 37 }, // U+00EB
    { 0x00EC, 41 }, // U+00EC
    { 0x00ED, 41 }, // U+00ED
    { 0x00EE, 41 }, // U+00EE
    { 0x00EF, 41 }, // U+00EF
    { 0x00F1, 40 }, // U+00F1
    { 0x00F2, 34 }, // U+00F2
    { 0x00F3, 34 }, // U+00F3
    { 0x00F4, 34 }, // U+00F4
    { 0x00F5, 34 }, // U+00F5
    { 0x00F6, 34 }, // U+00F6
    { 0x00F8, 34 }, // U+00F8
    { 0x00F9, 41 }, // U+00F9
    { 0x00FA, 41 }, // U+00FA
    { 0x00FB, 41 }, // U+00FB
    { 0x00FC, 41 }, // U+00FC
    { 0x00FD, 47 }, // U+00FD
    { 0x00FE, 34 }, // U+00FE
    { 0x00FF, 47 }, // U+00FF
    { 0x0100, 9 }, // U+0100
    { 0x0101, 33 }, // U+0101
    { 0x0102, 9 }, // U+0102
    { 0x0103, 33 }, // U+0103
    { 0x0104, 9 }, // U+0104
    { 0x0105, 33 }, // U+0105
    { 0x0106, 11 }, // U+0106
    { 0x0107, 35 }, // U+0107
    { 0x0108, 11 }, // U+0108
    { 0x0109, 35 }, // U+0109
    { 0x010A, 11 }, // U+010A
    { 0x010B, 35 }, // U+010B
    { 0x010C, 11 }, // U+010C
    { 0x010D, 35 }, // U+010D
    { 0x010E, 12 }, // U+010E
    { 0x010F, 59 }, // U+010F
    { 0x0110, 12 }, // U+0110
    { 0x0111, 36 }, // U+0111
    { 0x0112, 13 }, // U+0112
    { 0x0113, 37 }, // U+0113
    { 0x0114, 13 }, // U+0114
    { 0x0115, 37 }, // U+0115
    { 0x0116, 13 }, // U+0116
    { 0x0117, 37 }, // U+0117
    { 0x0118, 13 }, // U+0118
    { 0x0119, 37 }, // U+0119
    { 0x011A, 13 }, // U+011A
    { 0x011B, 37 }, // U+011B
    { 0x011C, 15 }, // U+011C
    { 0x011D, 39 }, // U+011D
    { 0x011E, 15 }, // U+011E
    { 0x011F, 39 }, // U+011F
    { 0x0120, 15 }, // U+0120
    { 0x0121, 39 }, // U+0121
    { 0x0122, 15 }, // U+0122
    { 0x0123, 39 }, // U+0123
    { 0x0124, 16 }, // U+0124
    { 0x0125, 40 }, // U+0125
    { 0x0126, 16 }, // U+0126
    { 0x0127, 40 }, // U+0127
    { 0x0128, 16 }, // U+0128
    { 0x012A, 16 }, // U+012A
    { 0x012C, 16 }, // U+012C
    { 0x012D, 41 }, // U+012D
    { 0x012E, 16 }, // U+012E
    { 0x0130, 16 }, // U+0130
    { 0x0131, 41 }, // U+0131
    { 0x0132, 17 }, // U+0132
    { 0x0134, 17 }, // U+0134
    { 0x0136, 18 }, // U+0136
    { 0x0137, 42 }, // U+0137
    { 0x0138, 42 }, // U+0138
    { 0x0139, 19 }, // U+0139
    { 0x013A, 36 }, // U+013A
    { 0x013B, 19 }, // U+013B
    { 0x013C, 36 }, // U+013C
    { 0x013D, 19 }, // U+013D
    { 0x013E, 59 }, // U+013E
    { 0x013F, 19 }, // U+013F
    { 0x0141, 19 }, // U+0141
    { 0x0142, 36 }, // U+0142
    { 0x0143, 21 }, // U+0143
    { 0x0144, 40 }, // U+0144
    { 0x0145, 21 }, // U+0145
    { 0x0146, 40 }, // U+0146
    { 0x0147, 21 }, // U+0147
    { 0x0148, 40 }, // U+0148
    { 0x0149, 40 }, // U+0149
    { 0x014A, 21 }, // U+014A
    { 0x014C, 12 }, // U+014C
    { 0x014D, 34 }, // U+014D
    { 0x014E, 12 }, // U+014E
    { 0x014F, 34 }, // U+014F
    { 0x0150, 12 }, // U+0150
    { 0x0151, 34 }, // U+0151
    { 0x0152, 13 }, // U+0152
    { 0x0153, 37 }, // U+0153
    { 0x0154, 23 }, // U+0154
    { 0x0155, 44 }, // U+0155
    { 0x0156, 23 }, // U+0156
    { 0x0157, 44 }, // U+0157
    { 0x0158, 23 }, // U+0158
    { 0x0159, 44 }, // U+0159
    { 0x015A, 24 }, // U+015A
    { 0x015B, 45 }, // U+015B
    { 0x015C, 24 }, // U+015C
    { 0x015D, 45 }, // U+015D
    { 0x015E, 24 }, // U+015E
    { 0x015F, 45 }, // U+015F
    { 0x0160, 24 }, // U+0160
    { 0x0161, 45 }, // U+0161
    { 0x0162, 25 }, // U+0162
    { 0x0163, 46 }, // U+0163
    { 0x0164, 25 }, // U+0164
    { 0x0166, 25 }, // U+0166
    { 0x0167, 46 }, // U+0167
    { 0x0168, 26 }, // U+0168
    { 0x0169, 41 }, // U+0169
    { 0x016A, 26 }, // U+016A
    { 0x016B, 41 }, // U+016B
    { 0x016C, 26 }, // U+016C
    { 0x016D, 41 }, // U+016D
    { 0x016E, 26 }, // U+016E
    { 0x016F, 41 }, // U+016F
    { 0x0170, 26 }, // U+0170
    { 0x0171, 41 }, // U+0171
    { 0x0172, 26 }, // U+0172
    { 0x0173, 41 }, // U+0173
    { 0x0174, 27 }, // U+0174
    { 0x0175, 47 }, // U+0175
    { 0x0176, 29 }, // U+0176
    { 0x0177, 47 }, // U+0177
    { 0x0178, 29 }, // U+0178
    { 0x0179, 30 }, // U+0179
    { 0x017B, 30 }, // U+017B
    { 0x017D, 30 }, // U+017D
    { 0x017F, 60 }, // U+017F
    { 0x01A0, 12 }, // U+01A0
    { 0x01AF, 26 }, // U+01AF
    { 0x01C4, 30 }, // U+01C4
    { 0x01C7, 17 }, // U+01C7
    { 0x01CA, 17 }, // U+01CA
    { 0x01CD, 9 }, // U+01CD
    { 0x01CE, 33 }, // U+01CE
    { 0x01CF, 16 }, // U+01CF
    { 0x01D0, 41 }, // U+01D0
    { 0x01D1, 12 }, // U+01D1
    { 0x01D2, 34 }, // U+01D2
    { 0x01D3, 26 }, // U+01D3
    { 0x01D4, 41 }, // U+01D4
    { 0x01D5, 26 }, // U+01D5
    { 0x01D6, 41 }, // U+01D6
    { 0x01D7, 26 }, // U+01D7
    { 0x01D8, 41 }, // U+01D8
    { 0x01D9, 26 }, // U+01D9
    { 0x01DA, 41 }, // U+01DA
    { 0x01DB, 26 }, // U+01DB
    { 0x01DC, 41 }, // U+01DC
    { 0x01DD, 34 }, // U+01DD
    { 0x01DE, 9 }, // U+01DE
    { 0x01DF, 33 }, // U+01DF
    { 0x01E0, 9 }, // U+01E0
    { 0x01E1, 33 }, // U+01E1
    { 0x01E2, 13 }, // U+01E2
    { 0x01E3, 37 }, // U+01E3
    { 0x01E4, 15 }, // U+01E4
    { 0x01E5, 39 }, // U+01E5
    { 0x01E6, 15 }, // U+01E6
    { 0x01E7, 39 }, // U+01E7
    { 0x01E8, 18 }, // U+01E8
    { 0x01E9, 42 }, // U+01E9
    { 0x01EA, 12 }, // U+01EA
    { 0x01EB, 34 }, // U+01EB
    { 0x01EC, 12 }, // U+01EC
    { 0x01ED, 34 }, // U+01ED
    { 0x01EE, 61 }, // U+01EE
    { 0x01EF, 62 }, // U+01EF
    { 0x01F1, 30 }, // U+01F1
    { 0x01F4, 15 }, // U+01F4
    { 0x01F5, 39 }, // U+01F5
    { 0x01F6, 63 }, // U+01F6
    { 0x01F7, 64 }, // U+01F7
    { 0x01F8, 21 }, // U+01F8
    { 0x01F9, 40 }, // U+01F9
    { 0x01FA, 9 }, // U+01FA
    { 0x01FB, 33 }, // U+01FB
    { 0x01FC, 13 }, // U+01FC
    { 0x01FD, 37 }, // U+01FD
    { 0x01FE, 12 }, // U+01FE
    { 0x01FF, 34 }, // U+01FF
    { 0x0200, 9 }, // U+0200
    { 0x0201, 33 }, // U+0201
    { 0x0202, 9 }, // U+0202
    { 0x0203, 33 }, // U+0203
    { 0x0204, 13 }, // U+0204
    { 0x0205, 37 }, // U+0205
    { 0x0206, 13 }, // U+0206
    { 0x0207, 37 }, // U+0207
    { 0x0208, 16 }, // U+0208
    { 0x0209, 41 }, // U+0209
    { 0x020A, 16 }, // U+020A
    { 0x020B, 41 }, // U+020B
    { 0x020C, 12 }, // U+020C
    { 0x020D, 34 }, // U+020D
    { 0x020E, 12 }, // U+020E
    { 0x020F, 34 }, // U+020F
    { 0x0210, 23 }, // U+0210
    { 0x0211, 44 }, // U+0211
    { 0x0212, 23 }, // U+0212
    { 0x0213, 44 }, // U+0213
    { 0x0214, 26 }, // U+0214
    { 0x0215, 41 }, // U+0215
    { 0x0216, 26 }, // U+0216
    { 0x0217, 41 }, // U+0217
    { 0x0218, 24 }, // U+0218
    { 0x0219, 45 }, // U+0219
    { 0x021A, 25 }, // U+021A
    { 0x021B, 46 }, // U+021B
    { 0x021E, 16 }, // U+021E
    { 0x021F, 40 }, // U+021F
    { 0x0400, 13 }, // U+0400
    { 0x0401, 13 }, // U+0401
    { 0x0402, 65 }, // U+0402
    { 0x0403, 66 }, // U+0403
    { 0x0404, 11 }, // U+0404
    { 0x0405, 24 }, // U+0405
    { 0x0406, 16 }, // U+0406
    { 0x0407, 16 }, // U+0407
    { 0x0408, 17 }, // U+0408
    { 0x0409, 67 }, // U+0409
    { 0x040A, 67 }, // U+040A
    { 0x040B, 68 }, // U+040B
    { 0x040C, 69 }, // U+040C
    { 0x040D, 16 }, // U+040D
    { 0x040E, 27 }, // U+040E
    { 0x040F, 16 }, // U+040F
    { 0x0410, 9 }, // U+0410
    { 0x0411, 70 }, // U+0411
    { 0x0412, 10 }, // U+0412
    { 0x0413, 66 }, // U+0413
    { 0x0414, 16 }, // U+0414
    { 0x0415, 13 }, // U+0415
    { 0x0416, 69 }, // U+0416
    { 0x0417, 10 }, // U+0417
    { 0x0418, 16 }, // U+0418
    { 0x0419, 16 }, // U+0419
    { 0x041A, 69 }, // U+041A
    { 0x041B, 16 }, // U+041B
    { 0x041C, 20 }, // U+041C
    { 0x041D, 16 }, // U+041D
    { 0x041E, 12 }, // U+041E
    { 0x041F, 16 }, // U+041F
    { 0x0420, 22 }, // U+0420
    { 0x0421, 11 }, // U+0421
    { 0x0422, 25 }, // U+0422
    { 0x0423, 27 }, // U+0423
    { 0x0424, 71 }, // U+0424
    { 0x0425, 28 }, // U+0425
    { 0x0426, 16 }, // U+0426
    { 0x0427, 16 }, // U+0427
    { 0x0428, 16 }, // U+0428
    { 0x0429, 16 }, // U+0429
    { 0x042A, 67 }, // U+042A
    { 0x042B, 16 }, // U+042B
    { 0x042C, 67 }, // U+042C
    { 0x042D, 12 }, // U+042D
    { 0x042E, 12 }, // U+042E
    { 0x042F, 16 }, // U+042F
    { 0x0430, 33 }, // U+0430
    { 0x0431, 34 }, // U+0431
    { 0x0432, 72 }, // U+0432
    { 0x0433, 73 }, // U+0433
    { 0x0434, 74 }, // U+0434
    { 0x0435, 37 }, // U+0435
    { 0x0436, 75 }, // U+0436
    { 0x0437, 72 }, // U+0437
    { 0x0438, 74 }, // U+0438
    { 0x0439, 74 }, // U+0439
    { 0x043A, 75 }, // U+043A
    { 0x043B, 74 }, // U+043B
    { 0x043C, 76 }, // U+043C
    { 0x043D, 74 }, // U+043D
    { 0x043E, 34 }, // U+043E
    { 0x043F, 74 }, // U+043F
    { 0x0440, 34 }, // U+0440
    { 0x0441, 35 }, // U+0441
    { 0x0442, 77 }, // U+0442
    { 0x0443, 47 }, // U+0443
    { 0x0444, 34 }, // U+0444
    { 0x0445, 48 }, // U+0445
    { 0x0446, 74 }, // U+0446
    { 0x0447, 74 }, // U+0447
    { 0x0448, 74 }, // U+0448
    { 0x0449, 74 }, // U+0449
    { 0x044A, 78 }, // U+044A
    { 0x044B, 74 }, // U+044B
    { 0x044C, 78 }, // U+044C
    { 0x044D, 34 }, // U+044D
    { 0x044E, 34 }, // U+044E
    { 0x044F, 74 }, // U+044F
    { 0x0450, 37 }, // U+0450
    { 0x0451, 37 }, // U+0451
    { 0x0452, 79 }, // U+0452
    { 0x0453, 73 }, // U+0453
    { 0x0454, 35 }, // U+0454
    { 0x0455, 45 }, // U+0455
    { 0x0456, 41 }, // U+0456
    { 0x0457, 41 }, // U+0457
    { 0x0459, 78 }, // U+0459
    { 0x045A, 78 }, // U+045A
    { 0x045B, 40 }, // U+045B
    { 0x045C, 75 }, // U+045C
    { 0x045D, 74 }, // U+045D
    { 0x045E, 47 }, // U+045E
    { 0x045F, 74 }, // U+045F
    { 0x0462, 80 }, // U+0462
    { 0x0463, 81 }, // U+0463
    { 0x046A, 82 }, // U+046A
    { 0x046B, 83 }, // U+046B
    { 0x0470, 84 }, // U+0470
    { 0x0472, 12 }, // U+0472
    { 0x0473, 34 }, // U+0473
    { 0x0474, 27 }, // U+0474
    { 0x0475, 85 }, // U+0475
    { 0x0476, 27 }, // U+0476
    { 0x0477, 85 }, // U+0477
    { 0x048A, 16 }, // U+048A
    { 0x048B, 74 }, // U+048B
    { 0x048C, 80 }, // U+048C
    { 0x048D, 81 }, // U+048D
    { 0x048E, 22 }, // U+048E
    { 0x048F, 34 }, // U+048F
    { 0x0490, 66 }, // U+0490
    { 0x0491, 86 }, // U+0491
    { 0x0492, 66 }, // U+0492
    { 0x0493, 73 }, // U+0493
    { 0x0494, 87 }, // U+0494
    { 0x0495, 88 }, // U+0495
    { 0x0496, 69 }, // U+0496
    { 0x0497, 75 }, // U+0497
    { 0x0498, 10 }, // U+0498
    { 0x0499, 72 }, // U+0499
    { 0x049A, 69 }, // U+049A
    { 0x049B, 75 }, // U+049B
    { 0x049C, 69 }, // U+049C
    { 0x049D, 75 }, // U+049D
    { 0x049E, 69 }, // U+049E
    { 0x049F, 75 }, // U+049F
    { 0x04A0, 69 }, // U+04A0
    { 0x04A1, 75 }, // U+04A1
    { 0x04A2, 16 }, // U+04A2
    { 0x04A3, 74 }, // U+04A3
    { 0x04A4, 25 }, // U+04A4
    { 0x04A5, 77 }, // U+04A5
    { 0x04A6, 89 }, // U+04A6
    { 0x04A7, 79 }, // U+04A7
    { 0x04A8, 90 }, // U+04A8
    { 0x04A9, 91 }, // U+04A9
    { 0x04AA, 11 }, // U+04AA
    { 0x04AB, 35 }, // U+04AB
    { 0x04AC, 25 }, // U+04AC
    { 0x04AD, 77 }, // U+04AD
    { 0x04AE, 29 }, // U+04AE
    { 0x04AF, 47 }, // U+04AF
    { 0x04B0, 29 }, // U+04B0
    { 0x04B1, 47 }, // U+04B1
    { 0x04B2, 28 }, // U+04B2
    { 0x04B3, 48 }, // U+04B3
    { 0x04B4, 16 }, // U+04B4
    { 0x04B5, 74 }, // U+04B5
    { 0x04B6, 16 }, // U+04B6
    { 0x04B7, 74 }, // U+04B7
    { 0x04B8, 16 }, // U+04B8
    { 0x04B9, 74 }, // U+04B9
    { 0x04BA, 92 }, // U+04BA
    { 0x04BB, 40 }, // U+04BB
    { 0x04BC, 93 }, // U+04BC
    { 0x04BD, 37 }, // U+04BD
    { 0x04BE, 93 }, // U+04BE
    { 0x04BF, 37 }, // U+04BF
    { 0x04C0, 16 }, // U+04C0
    { 0x04C1, 69 }, // U+04C1
    { 0x04C2, 75 }, // U+04C2
    { 0x04C3, 94 }, // U+04C3
    { 0x04C4, 95 }, // U+04C4
    { 0x04C5, 16 }, // U+04C5
    { 0x04C6, 74 }, // U+04C6
    { 0x04C7, 17 }, // U+04C7
    { 0x04C8, 96 }, // U+04C8
    { 0x04C9, 16 }, // U+04C9
    { 0x04CA, 74 }, // U+04CA
    { 0x04CB, 16 }, // U+04CB
    { 0x04CC, 74 }, // U+04CC
    { 0x04CD, 20 }, // U+04CD
    { 0x04CE, 76 }, // U+04CE
    { 0x04D0, 9 }, // U+04D0
    { 0x04D1, 33 }, // U+04D1
    { 0x04D2, 9 }, // U+04D2
    { 0x04D3, 33 }, // U+04D3
    { 0x04D4, 13 }, // U+04D4
    { 0x04D5, 37 }, // U+04D5
    { 0x04D6, 13 }, // U+04D6
    { 0x04D7, 37 }, // U+04D7
    { 0x04D8, 12 }, // U+04D8
    { 0x04D9, 34 }, // U+04D9
    { 0x04DA, 12 }, // U+04DA
    { 0x04DB, 34 }, // U+04DB
    { 0x04DC, 69 }, // U+04DC
    { 0x04DD, 75 }, // U+04DD
    { 0x04DE, 10 }, // U+04DE
    { 0x04DF, 72 }, // U+04DF
    { 0x04E0, 61 }, // U+04E0
    { 0x04E1, 62 }, // U+04E1
    { 0x04E2, 16 }, // U+04E2
    { 0x04E3, 74 }, // U+04E3
    { 0x04E4, 16 }, // U+04E4
    { 0x04E5, 74 }, // U+04E5
    { 0x04E6, 12 }, // U+04E6
    { 0x04E7, 34 }, // U+04E7
    { 0x04E8, 12 }, // U+04E8
    { 0x04E9, 34 }, // U+04E9
    { 0x04EA, 12 }, // U+04EA
    { 0x04EB, 34 }, // U+04EB
    { 0x04EC, 12 }, // U+04EC
    { 0x04ED, 34 }, // U+04ED
    { 0x04EE, 27 }, // U+04EE
    { 0x04EF, 47 }, // U+04EF
    { 0x04F0, 27 }, // U+04F0
    { 0x04F1, 47 }, // U+04F1
    { 0x04F2, 27 }, // U+04F2
    { 0x04F3, 47 }, // U+04F3
    { 0x04F4, 16 }, // U+04F4
    { 0x04F5, 74 }, // U+04F5
    { 0x04F6, 66 }, // U+04F6
    { 0x04F7, 73 }, // U+04F7
    { 0x04F8, 16 }, // U+04F8
    { 0x04F9, 74 }, // U+04F9
    { 0x04FA, 66 }, // U+04FA
    { 0x04FB, 73 }, // U+04FB
    { 0x04FC, 97 }, // U+04FC
    { 0x04FD, 98 }, // U+04FD
    { 0x04FE, 28 }, // U+04FE
    { 0x04FF, 48 }, // U+04FF
    { 0x1EA0, 9 }, // U+1EA0
    { 0x1EA1, 33 }, // U+1EA1
    { 0x1EA2, 9 }, // U+1EA2
    { 0x1EA3, 33 }, // U+1EA3
    { 0x1EA4, 9 }, // U+1EA4
    { 0x1EA5, 33 }, // U+1EA5
    { 0x1EA6, 9 }, // U+1EA6
    { 0x1EA7, 33 }, // U+1EA7
    { 0x1EA8, 9 }, // U+1EA8
    { 0x1EA9, 33 }, // U+1EA9
    { 0x1EAA, 9 }, // U+1EAA
    { 0x1EAB, 33 }, // U+1EAB
    { 0x1EAC, 9 }, // U+1EAC
    { 0x1EAD, 33 }, // U+1EAD
    { 0x1EAE, 9 }, // U+1EAE
    { 0x1EAF, 33 }, // U+1EAF
    { 0x1EB0, 9 }, // U+1EB0
    { 0x1EB1, 33 }, // U+1EB1
    { 0x1EB2, 9 }, // U+1EB2
    { 0x1EB3, 33 }, // U+1EB3
    { 0x1EB4, 9 }, // U+1EB4
    { 0x1EB5, 33 }, // U+1EB5
    { 0x1EB6, 9 }, // U+1EB6
    { 0x1EB7, 33 }, // U+1EB7
    { 0x1EB8, 13 }, // U+1EB8
    { 0x1EB9, 37 }, // U+1EB9
    { 0x1EBA, 13 }, // U+1EBA
    { 0x1EBB, 37 }, // U+1EBB
    { 0x1EBC, 13 }, // U+1EBC
    { 0x1EBD, 37 }, // U+1EBD
    { 0x1EBE, 13 }, // U+1EBE
    { 0x1EBF, 37 }, // U+1EBF
    { 0x1EC0, 13 }, // U+1EC0
    { 0x1EC1, 37 }, // U+1EC1
    { 0x1EC2, 13 }, // U+1EC2
    { 0x1EC3, 37 }, // U+1EC3
    { 0x1EC4, 13 }, // U+1EC4
    { 0x1EC5, 37 }, // U+1EC5
    { 0x1EC6, 13 }, // U+1EC6
    { 0x1EC7, 37 }, // U+1EC7
    { 0x1EC8, 16 }, // U+1EC8
    { 0x1EC9, 41 }, // U+1EC9
    { 0x1ECA, 16 }, // U+1ECA
    { 0x1ECB, 41 }, // U+1ECB
    { 0x1ECC, 12 }, // U+1ECC
    { 0x1ECD, 34 }, // U+1ECD
    { 0x1ECE, 12 }, // U+1ECE
    { 0x1ECF, 34 }, // U+1ECF
    { 0x1ED0, 12 }, // U+1ED0
    { 0x1ED1, 34 }, // U+1ED1
    { 0x1ED2, 12 }, // U+1ED2
    { 0x1ED3, 34 }, // U+1ED3
    { 0x1ED4, 12 }, // U+1ED4
    { 0x1ED5, 34 }, // U+1ED5
    { 0x1ED6, 12 }, // U+1ED6
    { 0x1ED7, 34 }, // U+1ED7
    { 0x1ED8, 12 }, // U+1ED8
    { 0x1ED9, 34 }, // U+1ED9
    { 0x1EDA, 12 }, // U+1EDA
    { 0x1EDC, 12 }, // U+1EDC
    { 0x1EDE, 12 }, // U+1EDE
    { 0x1EE0, 12 }, // U+1EE0
    { 0x1EE2, 12 }, // U+1EE2
    { 0x1EE4, 26 }, // U+1EE4
    { 0x1EE5, 41 }, // U+1EE5
    { 0x1EE6, 26 }, // U+1EE6
    { 0x1EE7, 41 }, // U+1EE7
    { 0x1EE8, 26 }, // U+1EE8
    { 0x1EEA, 26 }, // U+1EEA
    { 0x1EEC, 26 }, // U+1EEC
    { 0x1EEE, 26 }, // U+1EEE
    { 0x1EF0, 26 }, // U+1EF0
    { 0x1EF2, 29 }, // U+1EF2
    { 0x1EF3, 47 }, // U+1EF3
    { 0x1EF4, 29 }, // U+1EF4
    { 0x1EF5, 47 }, // U+1EF5
    { 0x1EF6, 29 }, // U+1EF6
    { 0x1EF7, 47 }, // U+1EF7
    { 0x1EF8, 29 }, // U+1EF8
    { 0x1EF9, 47 }, // U+1EF9
    { 0x2018, 99 }, // U+2018
    { 0x2019, 100 }, // U+2019
    { 0x201A, 4 }, // U+201A
    { 0x201C, 99 }, // U+201C
    { 0x201D, 100 }, // U+201D
    { 0x201E, 4 }, // U+201E
    { 0x2020, 101 }, // U+2020
    { 0x2022, 102 }, // U+2022
    { 0x203A, 103 }, // U+203A
};

static const EpdKernClassEntry ebgaramond_18_boldKernRightClasses[] = {
    { 0x0021, 1 }, // !
    { 0x0026, 2 }, // &
    { 0x0029, 3 }, // )
    { 0x002A, 4 }, // *
    { 0x002C, 5 }, // ,
    { 0x002D, 6 }, // -
    { 0x002E, 5 }, // .
    { 0x002F, 7 }, // /
    { 0x003A, 8 }, // :
    { 0x003B, 8 }, // ;
    { 0x003F, 9 }, // ?
    { 0x0040, 10 }, // @
    { 0x0041, 11 }, // A
    { 0x0042, 12 }, // B
    { 0x0043, 13 }, // C
    { 0x0044, 12 }, // D
    { 0x0045, 12 }, // E
    { 0x0046, 12 }, // F
    { 0x0047, 13 }, // G
    { 0x0048, 12 }, // H
    { 0x0049, 12 }, // I
    { 0x004A, 14 }, // J
    { 0x004B, 12 }, // K
    { 0x004C, 12 }, // L
    { 0x004D, 15 }, // M
    { 0x004E, 12 }, // N
    { 0x004F, 13 }, // O
    { 0x0050, 12 }, // P
    { 0x0051, 13 }, // Q
    { 0x0052, 12 }, // R
    { 0x0053, 16 }, // S
    { 0x0054, 17 }, // T
    { 0x0055, 18 }, // U
    { 0x0056, 19 }, // V
    { 0x0057, 19 }, // W
    { 0x0058, 20 }, // X
    { 0x0059, 21 }, // Y
    { 0x005C, 22 }, // <backslash>
    { 0x005D, 3 }, // ]
    { 0x0061, 23 }, // a
    { 0x0062, 24 }, // b
    { 0x0063, 25 }, // c
    { 0x0064, 25 }, // d
    { 0x0065, 25 }, // e
    { 0x0066, 26 }, // f
    { 0x0067, 27 }, // g
    { 0x0068, 28 }, // h
    { 0x0069, 29 }, // i
    { 0x006A, 30 }, // j
    { 0x006B, 28 }, // k
    { 0x006C, 28 }, // l
    { 0x006D, 31 }, // m
    { 0x006E, 31 }, // n
    { 0x006F, 25 }, // o
    { 0x0070, 31 }, // p
    { 0x0071, 25 }, // q
    { 0x0072, 31 }, // r
    { 0x0073, 32 }, // s
    { 0x0074, 33 }, // t
    { 0x0075, 34 }, // u
    { 0x0076, 35 }, // v
    { 0x0077, 35 }, // w
    { 0x0078, 36 }, // x
    { 0x0079, 37 }, // y
    { 0x007A, 38 }, // z
    { 0x007D, 3 }, // }
    { 0x00A7, 39 }, // U+00A7
    { 0x00AB, 40 }, // U+00AB
    { 0x00AE, 41 }, // U+00AE
    { 0x00B6, 42 }, // U+00B6
    { 0x00B7, 43 }, // U+00B7
    { 0x00BB, 44 }, // U+00BB
    { 0x00C0, 11 }, // U+00C0
    { 0x00C1, 11 }, // U+00C1
    { 0x00C2, 11 }, // U+00C2
    { 0x00C3, 11 }, // U+00C3
    { 0x00C4, 11 }, // U+00C4
    { 0x00C5, 11 }, // U+00C5
    { 0x00C6, 45 }, // U+00C6
    { 0x00C7, 13 }, // U+00C7
    { 0x00C8, 12 }, // U+00C8
    { 0x00C9, 12 }, // U+00C9
    { 0x00CA, 12 }, // U+00CA
    { 0x00CB, 12 }, // U+00CB
    { 0x00CC, 12 }, // U+00CC
    { 0x00CD, 12 }, // U+00CD
    { 0x00CE, 12 }, // U+00CE
    { 0x00CF, 12 }, // U+00CF
    { 0x00D0, 12 }, // U+00D0
    { 0x00D1, 12 }, // U+00D1
    { 0x00D2, 13 }, // U+00D2
    { 0x00D3, 13 }, // U+00D3
    { 0x00D4, 13 }, // U+00D4
    { 0x00D5, 13 }, // U+00D5
    { 0x00D6, 13 }, // U+00D6
    { 0x00D8, 13 }, // U+00D8
    { 0x00D9, 18 }, // U+00D9
    { 0x00DA, 18 }, // U+00DA
    { 0x00DB, 18 }, // U+00DB
    { 0x00DC, 18 }, // U+00DC
    { 0x00DD, 21 }, // U+00DD
    { 0x00DE, 12 }, // U+00DE
    { 0x00DF, 26 }, // U+00DF
    { 0x00E0, 23 }, // U+00E0
    { 0x00E1, 23 }, // U+00E1
    { 0x00E2, 23 }, // U+00E2
    { 0x00E3, 23 }, // U+00E3
    { 0x00E4, 23 }, // U+00E4
    { 0x00E5, 23 }, // U+00E5
    { 0x00E6, 23 }, // U+00E6
    { 0x00E7, 25 }, // U+00E7
    { 0x00E8, 25 }, // U+00E8
    { 0x00E9, 25 }, // U+00E9
    { 0x00EA, 25 }, // U+00EA
    { 0x00EB, 25 }, // U+00EB
    { 0x00EC, 29 }, // U+00EC
    { 0x00ED, 29 }, // U+00ED
    { 0x00EE, 29 }, // U+00EE
    { 0x00EF, 29 }, // U+00EF
    { 0x00F0, 46 }, // U+00F0
    { 0x00F1, 31 }, // U+00F1
    { 0x00F2, 25 }, // U+00F2
    { 0x00F3, 25 }, // U+00F3
    { 0x00F4, 25 }, // U+00F4
    { 0x00F5, 25 }, // U+00F5
    { 0x00F6, 25 }, // U+00F6
    { 0x00F8, 25 }, // U+00F8
    { 0x00F9, 34 }, // U+00F9
    { 0x00FA, 34 }, // U+00FA
    { 0x00FB, 34 }, // U+00FB
    { 0x00FC, 34 }, // U+00FC
    { 0x00FD, 37 }, // U+00FD
    { 0x00FE, 28 }, // U+00FE
    { 0x00FF, 37 }, // U+00FF
    { 0x0100, 11 }, // U+0100
    { 0x0101, 23 }, // U+0101
    { 0x0102, 11 }, // U+0102
    { 0x0103, 23 }, // U+0103
    { 0x0104, 11 }, // U+0104
    { 0x0105, 23 }, // U+0105
    { 0x0106, 13 }, // U+0106
    { 0x0107, 25 }, // U+0107
    { 0x0108, 13 }, // U+0108
    { 0x0109, 25 }, // U+0109
    { 0x010A, 13 }, // U+010A
    { 0x010B, 25 }, // U+010B
    { 0x010C, 13 }, // U+010C
    { 0x010D, 25 }, // U+010D
    { 0x010E, 12 }, // U+010E
    { 0x010F, 25 }, // U+010F
    { 0x0110, 12 }, // U+0110
    { 0x0111, 25 }, // U+0111
    { 0x0112, 12 }, // U+0112
    { 0x0113, 25 }, // U+0113
    { 0x0114, 12 }, // U+0114
    { 0x0115, 25 }, // U+0115
    { 0x0116, 12 }, // U+0116
    { 0x0117, 25 }, // U+0117
    { 0x0118, 12 }, // U+0118
    { 0x0119, 25 }, // U+0119
    { 0x011A, 12 }, // U+011A
    { 0x011B, 25 }, // U+011B
    { 0x011C, 13 }, // U+011C
    { 0x011D, 27 }, // U+011D
    { 0x011E, 13 }, // U+011E
    { 0x011F, 27 }, // U+011F
    { 0x0120, 13 }, // U+0120
    { 0x0121, 27 }, // U+0121
    { 0x0122, 13 }, // U+0122
    { 0x0123, 27 }, // U+0123
    { 0x0124, 12 }, // U+0124
    { 0x0125, 28 }, // U+0125
    { 0x0126, 12 }, // U+0126
    { 0x0127, 28 }, // U+0127
    { 0x0128, 12 }, // U+0128
    { 0x0129, 29 }, // U+0129
    { 0x012A, 12 }, // U+012A
    { 0x012B, 29 }, // U+012B
    { 0x012C, 12 }, // U+012C
    { 0x012D, 29 }, // U+012D
    { 0x012E, 12 }, // U+012E
    { 0x012F, 29 }, // U+012F
    { 0x0130, 12 }, // U+0130
    { 0x0131, 31 }, // U+0131
    { 0x0132, 12 }, // U+0132
    { 0x0133, 29 }, // U+0133
    { 0x0134, 14 }, // U+0134
    { 0x0135, 47 }, // U+0135
    { 0x0136, 12 }, // U+0136
    { 0x0137, 28 }, // U+0137
    { 0x0138, 31 }, // U+0138
    { 0x0139, 12 }, // U+0139
    { 0x013A, 28 }, // U+013A
    { 0x013B, 12 }, // U+013B
    { 0x013C, 28 }, // U+013C
    { 0x013D, 12 }, // U+013D
    { 0x013E, 28 }, // U+013E
    { 0x013F, 12 }, // U+013F
    { 0x0140, 28 }, // U+0140
    { 0x0141, 12 }, // U+0141
    { 0x0142, 28 }, // U+0142
    { 0x0143, 12 }, // U+0143
    { 0x0144, 31 }, // U+0144
    { 0x0145, 12 }, // U+0145
    { 0x0146, 31 }, // U+0146
    { 0x0147, 12 }, // U+0147
    { 0x0148, 31 }, // U+0148
    { 0x0149, 31 }, // U+0149
    { 0x014A, 12 }, // U+014A
    { 0x014B, 31 }, // U+014B
    { 0x014C, 13 }, // U+014C
    { 0x014D, 25 }, // U+014D
    { 0x014E, 13 }, // U+014E
    { 0x014F, 25 }, // U+014F
    { 0x0150, 13 }, // U+0150
    { 0x0151, 25 }, // U+0151
    { 0x0152, 13 }, // U+0152
    { 0x0153, 25 }, // U+0153
    { 0x0154, 12 }, // U+0154
    { 0x0155, 31 }, // U+0155
    { 0x0156, 12 }, // U+0156
    { 0x0157, 31 }, // U+0157
    { 0x0158, 12 }, // U+0158
    { 0x0159, 31 }, // U+0159
    { 0x015A, 16 }, // U+015A
    { 0x015B, 32 }, // U+015B
    { 0x015C, 16 }, // U+015C
    { 0x015D, 32 }, // U+015D
    { 0x015E, 16 }, // U+015E
    { 0x015F, 32 }, // U+015F
    { 0x0160, 16 }, // U+0160
    { 0x0161, 32 }, // U+0161
    { 0x0162, 17 }, // U+0162
    { 0x0163, 33 }, // U+0163
    { 0x0164, 17 }, // U+0164
    { 0x0165, 33 }, // U+0165
    { 0x0166, 17 }, // U+0166
    { 0x0167, 33 }, // U+0167
    { 0x0168, 18 }, // U+0168
    { 0x0169, 34 }, // U+0169
    { 0x016A, 18 }, // U+016A
    { 0x016B, 34 }, // U+016B
    { 0x016C, 18 }, // U+016C
    { 0x016D, 34 }, // U+016D
    { 0x016E, 18 }, // U+016E
    { 0x016F, 34 }, // U+016F
    { 0x0170, 18 }, // U+0170
    { 0x0171, 34 }, // U+0171
    { 0x0172, 18 }, // U+0172
    { 0x0173, 34 }, // U+0173
    { 0x0174, 19 }, // U+0174
    { 0x0175, 35 }, // U+0175
    { 0x0176, 21 }, // U+0176
    { 0x0177, 37 }, // U+0177
    { 0x0178, 21 }, // U+0178
    { 0x017A, 38 }, // U+017A
    { 0x017C, 38 }, // U+017C
    { 0x017E, 38 }, // U+017E
    { 0x017F, 26 }, // U+017F
    { 0x01A0, 13 }, // U+01A0
    { 0x01A1, 25 }, // U+01A1
    { 0x01AF, 18 }, // U+01AF
    { 0x01B0, 34 }, // U+01B0
    { 0x01C4, 12 }, // U+01C4
    { 0x01C5, 12 }, // U+01C5
    { 0x01C6, 25 }, // U+01C6
    { 0x01C7, 12 }, // U+01C7
    { 0x01C8, 12 }, // U+01C8
    { 0x01C9, 28 }, // U+01C9
    { 0x01CA, 12 }, // U+01CA
    { 0x01CB, 12 }, // U+01CB
    { 0x01CC, 31 }, // U+01CC
    { 0x01CD, 11 }, // U+01CD
    { 0x01CE, 23 }, // U+01CE
    { 0x01CF, 12 }, // U+01CF
    { 0x01D0, 29 }, // U+01D0
    { 0x01D1, 13 }, // U+01D1
    { 0x01D2, 25 }, // U+01D2
    { 0x01D3, 18 }, // U+01D3
    { 0x01D4, 34 }, // U+01D4
    { 0x01D5, 18 }, // U+01D5
    { 0x01D6, 34 }, // U+01D6
    { 0x01D7, 18 }, // U+01D7
    { 0x01D8, 34 }, // U+01D8
    { 0x01D9, 18 }, // U+01D9
    { 0x01DA, 34 }, // U+01DA
    { 0x01DB, 18 }, // U+01DB
    { 0x01DC, 34 }, // U+01DC
    { 0x01DD, 48 }, // U+01DD
    { 0x01DE, 11 }, // U+01DE
    { 0x01DF, 23 }, // U+01DF
    { 0x01E0, 11 }, // U+01E0
    { 0x01E1, 23 }, // U+01E1
    { 0x01E2, 45 }, // U+01E2
    { 0x01E3, 23 }, // U+01E3
    { 0x01E4, 13 }, // U+01E4
    { 0x01E5, 27 }, // U+01E5
    { 0x01E6, 13 }, // U+01E6
    { 0x01E7, 27 }, // U+01E7
    { 0x01E8, 12 }, // U+01E8
    { 0x01E9, 28 }, // U+01E9
    { 0x01EA, 13 }, // U+01EA
    { 0x01EB, 25 }, // U+01EB
    { 0x01EC, 13 }, // U+01EC
    { 0x01ED, 25 }, // U+01ED
    { 0x01EE, 49 }, // U+01EE
    { 0x01EF, 38 }, // U+01EF
    { 0x01F0, 47 }, // U+01F0
    { 0x01F1, 12 }, // U+01F1
    { 0x01F2, 12 }, // U+01F2
    { 0x01F3, 25 }, // U+01F3
    { 0x01F4, 13 }, // U+01F4
    { 0x01F5, 27 }, // U+01F5
    { 0x01F6, 12 }, // U+01F6
    { 0x01F8, 12 }, // U+01F8
    { 0x01F9, 31 }, // U+01F9
    { 0x01FA, 11 }, // U+01FA
    { 0x01FB, 23 }, // U+01FB
    { 0x01FC, 45 }, // U+01FC
    { 0x01FD, 23 }, // U+01FD
    { 0x01FE, 13 }, // U+01FE
    { 0x01FF, 25 }, // U+01FF
    { 0x0200, 11 }, // U+0200
    { 0x0201, 23 }, // U+0201
    { 0x0202, 11 }, // U+0202
    { 0x0203, 23 }, // U+0203
    { 0x0204, 12 }, // U+0204
    { 0x0205, 25 }, // U+0205
    { 0x0206, 12 }, // U+0206
    { 0x0207, 25 }, // U+0207
    { 0x0208, 12 }, // U+0208
    { 0x0209, 29 }, // U+0209
    { 0x020A, 12 }, // U+020A
    { 0x020B, 31 }, // U+020B
    { 0x020C, 13 }, // U+020C
    { 0x020D, 25 }, // U+020D
    { 0x020E, 13 }, // U+020E
    { 0x020F, 25 }, // U+020F
    { 0x0210, 12 }, // U+0210
    { 0x0211, 31 }, // U+0211
    { 0x0212, 12 }, // U+0212
    { 0x0213, 31 }, // U+0213
    { 0x0214, 18 }, // U+0214
    { 0x0215, 34 }, // U+0215
    { 0x0216, 18 }, // U+0216
    { 0x0217, 34 }, // U+0217
    { 0x0218, 16 }, // U+0218
    { 0x0219, 32 }, // U+0219
    { 0x021A, 17 }, // U+021A
    { 0x021B, 33 }, // U+021B
    { 0x021E, 12 }, // U+021E
    { 0x021F, 28 }, // U+021F
    { 0x0400, 12 }, // U+0400
    { 0x0401, 12 }, // U+0401
    { 0x0402, 50 }, // U+0402
    { 0x0403, 12 }, // U+0403
    { 0x0404, 13 }, // U+0404
    { 0x0405, 16 }, // U+0405
    { 0x0406, 12 }, // U+0406
    { 0x0407, 12 }, // U+0407
    { 0x0408, 14 }, // U+0408
    { 0x0409, 51 }, // U+0409
    { 0x040A, 12 }, // U+040A
    { 0x040B, 50 }, // U+040B
    { 0x040C, 12 }, // U+040C
    { 0x040D, 12 }, // U+040D
    { 0x040E, 52 }, // U+040E
    { 0x040F, 12 }, // U+040F
    { 0x0410, 11 }, // U+0410
    { 0x0411, 12 }, // U+0411
    { 0x0412, 12 }, // U+0412
    { 0x0413, 12 }, // U+0413
    { 0x0414, 51 }, // U+0414
    { 0x0415, 12 }, // U+0415
    { 0x0416, 53 }, // U+0416
    { 0x0417, 49 }, // U+0417
    { 0x0418, 12 }, // U+0418
    { 0x0419, 12 }, // U+0419
    { 0x041A, 12 }, // U+041A
    { 0x041B, 51 }, // U+041B
    { 0x041C, 15 }, // U+041C
    { 0x041D, 12 }, // U+041D
    { 0x041E, 13 }, // U+041E
    { 0x041F, 12 }, // U+041F
    { 0x0420, 12 }, // U+0420
    { 0x0421, 13 }, // U+0421
    { 0x0422, 17 }, // U+0422
    { 0x0423, 52 }, // U+0423
    { 0x0424, 54 }, // U+0424
    { 0x0425, 20 }, // U+0425
    { 0x0426, 12 }, // U+0426
    { 0x0427, 55 }, // U+0427
    { 0x0428, 12 }, // U+0428
    { 0x0429, 12 }, // U+0429
    { 0x042A, 50 }, // U+042A
    { 0x042B, 12 }, // U+042B
    { 0x042C, 12 }, // U+042C
    { 0x042D, 49 }, // U+042D
    { 0x042E, 12 }, // U+042E
    { 0x042F, 56 }, // U+042F
    { 0x0430, 23 }, // U+0430
    { 0x0431, 57 }, // U+0431
    { 0x0432, 31 }, // U+0432
    { 0x0433, 31 }, // U+0433
    { 0x0434, 58 }, // U+0434
    { 0x0435, 25 }, // U+0435
    { 0x0436, 59 }, // U+0436
    { 0x0437, 60 }, // U+0437
    { 0x0438, 31 }, // U+0438
    { 0x0439, 31 }, // U+0439
    { 0x043A, 31 }, // U+043A
    { 0x043B, 58 }, // U+043B
    { 0x043C, 61 }, // U+043C
    { 0x043D, 31 }, // U+043D
    { 0x043E, 25 }, // U+043E
    { 0x043F, 31 }, // U+043F
    { 0x0440, 31 }, // U+0440
    { 0x0441, 25 }, // U+0441
    { 0x0442, 62 }, // U+0442
    { 0x0443, 37 }, // U+0443
    { 0x0444, 25 }, // U+0444
    { 0x0445, 36 }, // U+0445
    { 0x0446, 31 }, // U+0446
    { 0x0447, 63 }, // U+0447
    { 0x0448, 31 }, // U+0448
    { 0x0449, 31 }, // U+0449
    { 0x044A, 62 }, // U+044A
    { 0x044B, 31 }, // U+044B
    { 0x044C, 31 }, // U+044C
    { 0x044D, 60 }, // U+044D
    { 0x044E, 31 }, // U+044E
    { 0x044F, 64 }, // U+044F
    { 0x0450, 25 }, // U+0450
    { 0x0451, 25 }, // U+0451
    { 0x0452, 28 }, // U+0452
    { 0x0453, 31 }, // U+0453
    { 0x0454, 25 }, // U+0454
    { 0x0455, 32 }, // U+0455
    { 0x0456, 29 }, // U+0456
    { 0x0457, 29 }, // U+0457
    { 0x0458, 65 }, // U+0458
    { 0x0459, 58 }, // U+0459
    { 0x045A, 31 }, // U+045A
    { 0x045B, 28 }, // U+045B
    { 0x045C, 31 }, // U+045C
    { 0x045D, 31 }, // U+045D
    { 0x045E, 37 }, // U+045E
    { 0x045F, 31 }, // U+045F
    { 0x0462, 66 }, // U+0462
    { 0x0463, 67 }, // U+0463
    { 0x046A, 68 }, // U+046A
    { 0x046B, 69 }, // U+046B
    { 0x0470, 70 }, // U+0470
    { 0x0472, 13 }, // U+0472
    { 0x0473, 25 }, // U+0473
    { 0x0474, 19 }, // U+0474
    { 0x0475, 35 }, // U+0475
    { 0x0476, 19 }, // U+0476
    { 0x0477, 35 }, // U+0477
    { 0x048A, 12 }, // U+048A
    { 0x048B, 31 }, // U+048B
    { 0x048C, 71 }, // U+048C
    { 0x048D, 67 }, // U+048D
    { 0x048E, 12 }, // U+048E
    { 0x048F, 31 }, // U+048F
    { 0x0490, 12 }, // U+0490
    { 0x0491, 31 }, // U+0491
    { 0x0492, 12 }, // U+0492
    { 0x0493, 31 }, // U+0493
    { 0x0494, 12 }, // U+0494
    { 0x0495, 31 }, // U+0495
    { 0x0496, 53 }, // U+0496
    { 0x0497, 59 }, // U+0497
    { 0x0498, 49 }, // U+0498
    { 0x0499, 60 }, // U+0499
    { 0x049A, 12 }, // U+049A
    { 0x049B, 31 }, // U+049B
    { 0x049C, 12 }, // U+049C
    { 0x049D, 31 }, // U+049D
    { 0x049E, 71 }, // U+049E
    { 0x049F, 67 }, // U+049F
    { 0x04A0, 50 }, // U+04A0
    { 0x04A1, 62 }, // U+04A1
    { 0x04A2, 12 }, // U+04A2
    { 0x04A3, 31 }, // U+04A3
    { 0x04A4, 12 }, // U+04A4
    { 0x04A5, 31 }, // U+04A5
    { 0x04A6, 12 }, // U+04A6
    { 0x04A7, 31 }, // U+04A7
    { 0x04A8, 13 }, // U+04A8
    { 0x04A9, 25 }, // U+04A9
    { 0x04AA, 13 }, // U+04AA
    { 0x04AB, 25 }, // U+04AB
    { 0x04AC, 17 }, // U+04AC
    { 0x04AD, 62 }, // U+04AD
    { 0x04AE, 21 }, // U+04AE
    { 0x04AF, 35 }, // U+04AF
    { 0x04B0, 21 }, // U+04B0
    { 0x04B1, 35 }, // U+04B1
    { 0x04B2, 20 }, // U+04B2
    { 0x04B3, 36 }, // U+04B3
    { 0x04B4, 50 }, // U+04B4
    { 0x04B5, 62 }, // U+04B5
    { 0x04B6, 55 }, // U+04B6
    { 0x04B7, 63 }, // U+04B7
    { 0x04B8, 55 }, // U+04B8
    { 0x04B9, 63 }, // U+04B9
    { 0x04BA, 12 }, // U+04BA
    { 0x04BB, 28 }, // U+04BB
    { 0x04BC, 72 }, // U+04BC
    { 0x04BD, 73 }, // U+04BD
    { 0x04BE, 72 }, // U+04BE
    { 0x04BF, 73 }, // U+04BF
    { 0x04C0, 12 }, // U+04C0
    { 0x04C1, 53 }, // U+04C1
    { 0x04C2, 59 }, // U+04C2
    { 0x04C3, 12 }, // U+04C3
    { 0x04C4, 31 }, // U+04C4
    { 0x04C5, 51 }, // U+04C5
    { 0x04C6, 58 }, // U+04C6
    { 0x04C7, 12 }, // U+04C7
    { 0x04C8, 31 }, // U+04C8
    { 0x04C9, 12 }, // U+04C9
    { 0x04CA, 31 }, // U+04CA
    { 0x04CB, 55 }, // U+04CB
    { 0x04CC, 63 }, // U+04CC
    { 0x04CD, 15 }, // U+04CD
    { 0x04CE, 61 }, // U+04CE
    { 0x04D0, 11 }, // U+04D0
    { 0x04D1, 23 }, // U+04D1
    { 0x04D2, 11 }, // U+04D2
    { 0x04D3, 23 }, // U+04D3
    { 0x04D4, 45 }, // U+04D4
    { 0x04D5, 23 }, // U+04D5
    { 0x04D6, 12 }, // U+04D6
    { 0x04D7, 25 }, // U+04D7
    { 0x04D8, 74 }, // U+04D8
    { 0x04D9, 48 }, // U+04D9
    { 0x04DA, 74 }, // U+04DA
    { 0x04DB, 48 }, // U+04DB
    { 0x04DC, 53 }, // U+04DC
    { 0x04DD, 59 }, // U+04DD
    { 0x04DE, 49 }, // U+04DE
    { 0x04DF, 60 }, // U+04DF
    { 0x04E0, 49 }, // U+04E0
    { 0x04E1, 38 }, // U+04E1
    { 0x04E2, 12 }, // U+04E2
    { 0x04E3, 31 }, // U+04E3
    { 0x04E4, 12 }, // U+04E4
    { 0x04E5, 31 }, // U+04E5
    { 0x04E6, 13 }, // U+04E6
    { 0x04E7, 25 }, // U+04E7
    { 0x04E8, 13 }, // U+04E8
    { 0x04E9, 25 }, // U+04E9
    { 0x04EA, 13 }, // U+04EA
    { 0x04EB, 25 }, // U+04EB
    { 0x04EC, 49 }, // U+04EC
    { 0x04ED, 60 }, // U+04ED
    { 0x04EE, 52 }, // U+04EE
    { 0x04EF, 37 }, // U+04EF
    { 0x04F0, 52 }, // U+04F0
    { 0x04F1, 37 }, // U+04F1
    { 0x04F2, 52 }, // U+04F2
    { 0x04F3, 37 }, // U+04F3
    { 0x04F4, 55 }, // U+04F4
    { 0x04F5, 63 }, // U+04F5
    { 0x04F6, 12 }, // U+04F6
    { 0x04F7, 31 }, // U+04F7
    { 0x04F8, 12 }, // U+04F8
    { 0x04F9, 31 }, // U+04F9
    { 0x04FA, 14 }, // U+04FA
    { 0x04FB, 75 }, // U+04FB
    { 0x04FC, 20 }, // U+04FC
    { 0x04FD, 36 }, // U+04FD
    { 0x04FE, 20 }, // U+04FE
    { 0x04FF, 36 }, // U+04FF
    { 0x1EA0, 11 }, // U+1EA0
    { 0x1EA1, 23 }, // U+1EA1
    { 0x1EA2, 11 }, // U+1EA2
    { 0x1EA3, 23 }, // U+1EA3
    { 0x1EA4, 11 }, // U+1EA4
    { 0x1EA5, 23 }, // U+1EA5
    { 0x1EA6, 11 }, // U+1EA6
    { 0x1EA7, 23 }, // U+1EA7
    { 0x1EA8, 11 }, // U+1EA8
    { 0x1EA9, 23 }, // U+1EA9
    { 0x1EAA, 11 }, // U+1EAA
    { 0x1EAB, 23 }, // U+1EAB
    { 0x1EAC, 11 }, // U+1EAC
    { 0x1EAD, 23 }, // U+1EAD
    { 0x1EAE, 11 }, // U+1EAE
    { 0x1EAF, 23 }, // U+1EAF
    { 0x1EB0, 11 }, // U+1EB0
    { 0x1EB1, 23 }, // U+1EB1
    { 0x1EB2, 11 }, // U+1EB2
    { 0x1EB3, 23 }, // U+1EB3
    { 0x1EB4, 11 }, // U+1EB4
    { 0x1EB5, 23 }, // U+1EB5
    { 0x1EB6, 11 }, // U+1EB6
    { 0x1EB7, 23 }, // U+1EB7
    { 0x1EB8, 12 }, // U+1EB8
    { 0x1EB9, 25 }, // U+1EB9
    { 0x1EBA, 12 }, // U+1EBA
    { 0x1EBB, 25 }, // U+1EBB
    { 0x1EBC, 12 }, // U+1EBC
    { 0x1EBD, 25 }, // U+1EBD
    { 0x1EBE, 12 }, // U+1EBE
    { 0x1EBF, 25 }, // U+1EBF
    { 0x1EC0, 12 }, // U+1EC0
    { 0x1EC1, 25 }, // U+1EC1
    { 0x1EC2, 12 }, // U+1EC2
    { 0x1EC3, 25 }, // U+1EC3
    { 0x1EC4, 12 }, // U+1EC4
    { 0x1EC5, 25 }, // U+1EC5
    { 0x1EC6, 12 }, // U+1EC6
    { 0x1EC7, 25 }, // U+1EC7
    { 0x1EC8, 12 }, // U+1EC8
    { 0x1EC9, 29 }, // U+1EC9
    { 0x1ECA, 12 }, // U+1ECA
    { 0x1ECB, 29 }, // U+1ECB
    { 0x1ECC, 13 }, // U+1ECC
    { 0x1ECD, 25 }, // U+1ECD
    { 0x1ECE, 13 }, // U+1ECE
    { 0x1ECF, 25 }, // U+1ECF
    { 0x1ED0, 13 }, // U+1ED0
    { 0x1ED1, 25 }, // U+1ED1
    { 0x1ED2, 13 }, // U+1ED2
    { 0x1ED3, 25 }, // U+1ED3
    { 0x1ED4, 13 }, // U+1ED4
    { 0x1ED5, 25 }, // U+1ED5
    { 0x1ED6, 13 }, // U+1ED6
    { 0x1ED7, 25 }, // U+1ED7
    { 0x1ED8, 13 }, // U+1ED8
    { 0x1ED9, 25 }, // U+1ED9
    { 0x1EDA, 13 }, // U+1EDA
    { 0x1EDB, 25 }, // U+1EDB
    { 0x1EDC, 13 }, // U+1EDC
    { 0x1EDD, 25 }, // U+1EDD
    { 0x1EDE, 13 }, // U+1EDE
    { 0x1EDF, 25 }, // U+1EDF
    { 0x1EE0, 13 }, // U+1EE0
    { 0x1EE1, 25 }, // U+1EE1
    { 0x1EE2, 13 }, // U+1EE2
    { 0x1EE3, 25 }, // U+1EE3
    { 0x1EE4, 18 }, // U+1EE4
    { 0x1EE5, 34 }, // U+1EE5
    { 0x1EE6, 18 }, // U+1EE6
    { 0x1EE7, 34 }, // U+1EE7
    { 0x1EE8, 18 }, // U+1EE8
    { 0x1EE9, 34 }, // U+1EE9
    { 0x1EEA, 18 }, // U+1EEA
    { 0x1EEB, 34 }, // U+1EEB
    { 0x1EEC, 18 }, // U+1EEC
    { 0x1EED, 34 }, // U+1EED
    { 0x1EEE, 18 }, // U+1EEE
    { 0x1EEF, 34 }, // U+1EEF
    { 0x1EF0, 18 }, // U+1EF0
    { 0x1EF1, 34 }, // U+1EF1
    { 0x1EF2, 21 }, // U+1EF2
    { 0x1EF3, 37 }, // U+1EF3
    { 0x1EF4, 21 }, // U+1EF4
    { 0x1EF5, 37 }, // U+1EF5
    { 0x1EF6, 21 }, // U+1EF6
    { 0x1EF7, 37 }, // U+1EF7
    { 0x1EF8, 21 }, // U+1EF8
    { 0x1EF9, 37 }, // U+1EF9
    { 0x2018, 76 }, // U+2018
    { 0x2019, 77 }, // U+2019
    { 0x201A, 5 }, // U+201A
    { 0x201C, 76 }, // U+201C
    { 0x201D, 77 }, // U+201D
    { 0x201E, 5 }, // U+201E
    { 0x2020, 78 }, // U+2020
    { 0x2022, 79 }, // U+2022
    { 0x2039, 80 }, // U+2039
    { 0x203C, 1 }, // U+203C
    { 0x203D, 9 }, // U+203D
    { 0x2047, 9 }, // U+2047
    { 0x2048, 9 }, // U+2048
    { 0x2049, 1 }, // U+2049
};

static const int8_t ebgaramond_18_boldKernMatrix[] = {
       0,    0,    0,    0,    0,    0,    0,    0,    0,    0,    0,    0,    0,    0,    0,    0,  -40,    0,  -35,    0,  -41,    0,    0,    0,  -10,    0,    0,    0,    0,    0,    0,    0,    0,    0,    0,    0,    0,    0,    0,    0,    0,    0,    0,    0,    0,    0,    0,    0,    0,   -2,    0,  -22,    0,    0,   -2,    0,    0,    0,    0,   -2,    0,    0,    0,    0,    0,    0,    0,    0,    0,    0,    0,    0,    0,    0,    0,    0,    0,    0,    0,    0,
       0,    0,    0,    0,    0,    0,    0,    0,    0,    0,    0,    0,  -10,   44,    0,    0,    0,    0,    0,    0,    0,    0,    0,    0,    0,    0,    0,    0,    0,    0,    0,    0,    0,    0,    0,    0,    0,    0,    0,    0,    0,    0,    0,    0,    0,    0,    0,    0,    0,    0,    0,    0,    0,    0,    0,    0,    0,    0,    0,    0,    0,    0,    0,    0,    0,    0,    0,    0,    0,    0,    0,    0,    0,    0,    0,    0,    0,    0,    0,    0,
       0,    0,    0,    0,    0,    0,    0,    0,    0,    0,  -56,    0,    0,    0,    0,    0,    0,    0,    0,    0,    0,    0,  -11,    0,   -4,    0,    0,    0,    0,    0,    0,    0,    0,    0,    0,    0,    0,    0,    0,    0,    0,    0,    0,    0,    0,    0,    0,    0,    0,    0,  -43,    0,    0,    0,    0,   -8,    0,  -29,    0,   -4,    0,    0,    0,  -35,    0,    0,    0,   -2,    0,    0,    0,    0,    0,    0,    0,    0,    0,    0,    0,    0,
       0,    0,    0,    0,    0,    0,    0,    0,    0,    0,    0,    0,  -16,    0,    0,    0,  -72,    0,  -85,    0,  -55,    0,   -7,    0,   -8,    0,    0,    0,    0,    0,    0,    0,    0,    0,  -51,    0,  -45,    0,    0,    0,    0,    0,    0,    0,    0,    0,    0,    0,    0,  -51,    0,   -2,    0,    0,  -79,    0,   -2,    0,    0,    0,    0,  -22,  -40,    0,    0,    0,    0,    0,    0,    0,    0,  -56,  -29,    0,    0,    0,    0,    0,    0,    0,
       0,    0,    0,    0,    0,    0,    0,    0,    0,    0,    0,    0,    0,    0,    0,    0,  -38,    0,  -35,  -27,  -41,    0,    0,    0,    0,    0,    0,    0,    0,    0,    0,    0,    0,    0,    0,    0,    0,    0,    0,    0,    0,    0,    0,    0,    0,    0,    0,    0,    0,    0,    0,   -4,  -16,    0,   -5,    0,    0,    0,    0,    0,    0,    0,    0,    0,    0,    0,    0,  -16,    0,    0,    0,  -13,    0,    0,    0,    0,    0,    0,    0,    0,
       0,    0,    0,    0,    0,    0,    0,    0,    0,    0,  -66,    0,    0,    0,    0,    0,    0,    0,    0,    0,    0,    0,  -38,    0,  -49,    0,  -29,    0,    0,    0,  -37,  -28,  -17,  -13,   -4,   -5,  -21,  -22,    0,    0,    0,    0,    0,    0,    0,    0,    0,  -36,    0,    0,  -54,    0,    0,    0,    0,  -43,   -3,  -59,  -17,  -40,    0,   -4,  -21,  -49,    0,    0,    0,    0,  -22,    0,    0,    0,  -16,    0,    0,    0,    0,    0,    0,    0,
       0,    0,    0,    0,    0,    0,    0,    0,    0,    0,    0,    0,    0,    0,    0,    0,  -45,    0,  -60,    0,  -48,    0,    0,    0,    0,    0,    0,    0,    0,    0,    0,    0,    0,    0,    0,    0,    0,    0,    0,    0,    0,    0,    0,    0,    0,    0,    0,    0,    0,  -28,    0,  -20,    0,    0,   -2,    0,    0,    0,    0,    0,    0,    0,    0,    0,    0,    0,    0,    0,    0,    0,    0,  -17,    0,    0,    0,    0,    0,    0,    0,    0,
       0,    0,    0,    0,    0,    0,    0,    0,    0,    0,  -10,    0,    0,    0,    0,    0,  -29,    0,  -40,  -13,  -49,    0,    0,    0,    0,    0,    0,    0,    0,    0,    0,    0,    0,    0,    0,    0,    0,    0,    0,    0,    0,    0,    0,    0,    0,    0,    0,    0,    0,    0,    0,    0,    0,    0,    0,    0,    0,    0,    0,    0,    0,    0,    0,    0,    0,    0,    0,    0,    0,    0,    0,    0,    0,    0,    0,    0,    0,    0,    0,    0,
       0,    0,    0,  -56,    0,    0,    0,    0,    0,    0,    0,   -7,  -13,    0,    0,    0,  -57,  -25,  -74,    0,  -45,  -45,    0,    0,  -10,    0,    0,    0,    0,    0,    0,    0,    0,   -7,  -47,    0,  -42,   -2,  -13,  -26,  -22,    0,  -21,    0,    0,    0,    0,    0,   -5,  -43,    0,  -37,    0,  -17,  -55,    0,  -25,    0,    0,    0,    0,  -21,  -37,    0,    0,  -41,  -28,    0,    0,  -66,    0,  -53,  -41,  -12,    0,  -34,  -61,  -26,  -35,  -22,
       0,    0,    0,    0,    0,    0,    0,    0,    0,    0,  -10,    0,    0,  -13,    0,    0,   -2,    0,  -16,  -11,  -17,    0,    0,    0,    0,    0,    0,    0,    0,    0,    0,    0,    0,    0,    0,    0,    0,    0,    0,    0,    0,    0,    0,    0,   -8,    0,    0,    0,    0,    0,  -14,  -11,   -7,    0,   -5,    0,    0,    0,    0,    0,    0,    0,    0,  -10,    0,    0,    0,   -5,    0,    0,    0,    0,    0,    0,    0,    0,    0,    0,    0,    0,
       0,    0,    0,    0,    0,    0,    0,    0,    0,    0,   -5,    0,    0,    0,    0,    0,    0,    0,    0,   -7,  -13,    0,   -7,    0,    0,    0,    0,    0,    0,    0,    0,    0,  -10,   -7,  -13,    0,  -17,    0,    0,    0,    0,    0,    0,    0,    0,    0,    0,    0,  -13,    0,  -10,    0,    0,   -3,    0,    0,    0,    0,    0,    0,    0,    0,    0,    0,    0,    0,    0,    0,    0,    0,    0,    0,  -10,    0,    0,    0,    0,    0,    0,    0,
       0,    0,  -10,    0,  -16,    0,  -16,    0,    0,    0,  -25,    0,   13,   -7,    0,    0,  -12,    0,  -26,  -26,  -19,    0,    0,    0,    0,    0,    0,    0,    0,    0,    0,    0,    0,    0,    0,    0,    0,    0,    0,    0,    0,    0,    0,    0,  -29,    0,    0,    0,    0,   -2,  -37,  -20,  -21,    0,    0,  -33,    0,  -15,    0,   10,    0,    0,    0,    0,    0,    0,    0,  -23,    0,   -2,    0,    0,    0,    0,    0,    0,    0,    0,    0,    0,
       0,    0,    0,    0,    0,    0,    0,    0,    0,    0,    0,    0,    0,    0,    0,    0,    0,    0,    0,    0,    0,    0,   -2,    0,   -2,    0,    0,    0,    0,    0,    0,    0,  -12,    0,  -18,    0,  -18,    0,    0,    0,    0,    0,    0,    0,    0,  -15,    0,    0,    0,    0,    0,    0,    0,    0,    0,    0,    0,    0,    0,    0,    0,    0,    0,    0,    0,    0,    0,    0,    0,    0,    0,    0,    0,    0,    0,    0,    0,    0,    0,    0,
       0,    0,    0,    0,  -49,    0,  -22,    0,    0,    0,  -47,    0,    0,    0,    0,    0,    0,    0,    0,    0,    0,    0,  -13,    0,  -18,    0,  -17,    0,    0,    0,   -7,  -20,  -12,  -10,  -18,  -10,  -18,    0,    0,    0,    0,    0,    0,    0,    0,  -18,    0,  -10,    0,    0,    0,    0,    0,    0,    0,    0,    0,    0,    0,    0,    0,    0,    0,    0,    0,    0,    0,    0,    0,    0,    0,    0,    0,    0,    0,    0,    0,    0,    0,  -15,
       0,    0,    0,    0,    0,    0,    0,    0,    0,    0,    0,    0,    0,  -13,    0,    0,  -13,    0,  -17,  -10,  -10,    0,    0,    0,    0,    0,    0,    0,    0,    0,   -7,    0,    0,    0,    0,    0,    0,    0,    0,    0,    0,    0,    0,    0,  -15,    0,    0,    0,    0,    0,    0,    0,    0,    0,    0,    0,    0,    0,    0,    0,    0,    0,    0,    0,    0,    0,    0,    0,    0,    0,    0,    0,    0,    0,    0,    0,    0,    0,    0,    0,
       0,    0,    0,    0,    0,    0,    0,    0,    0,    0,    0,    0,    0,    0,    0,    0,    0,    0,    0,    0,    0,    0,    0,    0,    0,    0,    0,    0,    0,    0,    0,    0,    0,  -10,    0,    0,    0,    0,    0,    0,    0,    0,    0,    0,    0,    0,    0,    0,    0,    0,    0,    0,    0,    0,    0,    0,   -2,    0,    0,    0,    0,    0,    0,    0,    0,    0,   -9,    0,    0,    0,    0,    0,   -2,    0,    0,    0,    0,    0,    0,    0,
       0,    0,    0,    0,    0,    0,    0,    0,    0,    0,    0,    0,    0,    0,    0,    0,    0,    0,    0,    0,    0,    0,  -10,    0,   -7,    0,  -10,   -4,   -7,    0,   -5,  -17,    0,  -15,  -10,  -13,    0,    0,    0,    0,    0,    0,    0,    0,   -4,    0,    0,    0,    0,    0,    0,    0,    0,    0,    0,    0,    0,    0,    0,    0,    0,    0,    0,    0,    0,    0,    0,    0,    0,    0,    0,    0,    0,    0,    0,    0,    0,    0,    0,    0,
       0,    0,    0,    0,    0,    0,    0,    0,    0,    0,    0,    0,  -29,    0,    0,    0,  -13,    0,    0,    0,    0,    0,    0,    0,  -13,    0,    0,    0,    0,    0,    0,    0,   -7,  -15,  -44,    0,  -34,    0,    0,    0,  -42,    0,  -34,    0,    0,  -15,    0,    0,    0,    0,    0,    0,    0,    0,    0,    0,    0,    0,    0,    0,    0,    0,    0,    0,    0,    0,    0,    0,    0,    0,    0,    0,    0,  -10,    0,    0,    0,    0,  -44,  -40,
       0,    0,    0,  -44,    0,    0,    0,    0,    0,    0,    0,    0,    0,    0,    0,    0,  -67,    0,  -44,    0,  -44,  -32,    0,    0,   10,    0,    0,    0,    0,    0,    0,    0,    0,    0,  -30,    0,  -30,    0,    0,    0,    0,    0,    0,    0,    0,    0,    0,    0,    0,    0,    0,    0,    0,    0,    0,    0,    0,    0,    0,    0,    0,    0,    0,    0,    0,    0,    0,    0,    0,    0,    0,    0,    0,    0,    0,    0,  -33,    0,  -22,    0,
       0,    0,    0,    0,    0,    0,    0,    0,    0,    0,    0,    0,    0,    0,    0,    0,    0,    0,    0,    0,    0,    0,  -12,    0,  -12,    0,    0,    0,    0,    0,    0,    0,  -24,  -15,  -24,    0,  -24,    0,    0,    0,  -13,    0,    0,    0,    0,  -12,    0,    0,    0,    0,    0,    0,    0,  -10,    0,    0,    0,    0,    0,    0,    0,    0,    0,    0,    0,    0,    0,    0,    0,   -2,    0,    0,    0,    0,    0,    0,    0,    0,    0,    0,
       0,    0,    0,    0,  -15,    0,    0,    0,    0,    0,   -7,    0,    0,    0,    0,    0,    0,    0,    0,    0,    0,    0,  -10,    0,  -15,    0,    0,   -4,  -13,  -10,   -7,  -17,    0,    0,    0,  -20,    0,    0,    0,    0,    0,    0,    0,    0,    0,  -10,  -10,    0,  -10,    0,    0,    0,    0,    0,    0,    0,    0,    0,    0,    0,    0,    0,    0,    0,  -10,    0,    0,    0,    0,    0,    0,    0,    0,    0,  -10,    0,    0,    0,    0,    0,
       0,   -2,    0,    0,  -58,    0,  -34,    0,    0,    0,  -49,    0,    0,    0,    0,    0,    0,    0,    0,  -10,    0,    0,  -15,    0,  -17,    0,  -13,    0,    0,    0,    0,  -15,    0,    0,    0,    0,    0,    0,    0,  -26,    0,    0,    0,    0,  -70,  -15,    0,    0,    0,    0,  -51,    0,    0,    0,    0,  -46,    0,   -2,    0,    0,    0,    0,    0,  -25,    0,    0,    0,  -24,    0,    0,    0,    0,    0,    0,    0,    0,    0,    0,    0,    0,
       0,    0,  -17,    0,    0,    0,    0,    0,    0,    0,    4,    0,  -17,    0,    0,    0,  -60,  -10,  -69,    0,  -48,  -44,    0,    0,    0,    0,    0,    0,    0,    0,    0,    0,   -7,  -10,  -34,    0,  -34,    0,    0,    0,    0,    0,  -22,    0,    0,    0,    0,    0,    0,    0,    0,    0,    0,    0,    0,    0,    0,    0,    0,    0,    0,    0,    0,    0,    0,    0,    0,    0,    0,    0,    0,    0,    0,    0,    0,  -34,    0,    0,  -40,  -34,
       0,    0,    0,    0,    0,    0,    0,    0,    0,    0,    0,    0,    0,    0,    0,    0,    0,    0,    0,    0,    0,    0,    0,    0,    7,  -10,    0,    0,    0,    0,    0,    0,    0,    0,    0,    0,    0,    0,    0,    0,    0,    0,    0,    0,   -2,    0,    0,    0,    0,    0,    0,    0,    0,    0,    0,    0,    0,    0,    0,    0,    0,    0,    0,    0,    0,    0,    0,   -1,    0,    0,    0,    0,    0,    0,    0,    0,    0,    0,    0,    0,
       0,  -22,    0,    0,  -72,  -38,  -32,  -45,    0,  -29,  -51,    0,  -12,    0,    0,    0,    0,    0,   24,    0,    7,    0,  -63,    0,  -58,   -7,  -42,    0,  -13,  -11,  -35,  -50,  -60,  -42,  -60,  -54,  -60,  -55,    0,  -44,    0,    0,  -49,  -26,  -60,   -3,  -11,  -61,    0,    0,  -38,    0,    0,  -14,    0,  -51,  -21,  -55,  -56,  -54,  -44,  -37,  -48,  -65,  -11,    0,    0,    0,  -68,    0,    0,    0,  -76,   -7,  -43,    0,    0,    0,  -28,  -40,
       0,    0,    0,    0,    0,    0,    0,    0,    0,    0,  -37,    0,    0,  -10,    0,    0,    0,    0,    0,    0,    0,    0,  -15,    0,  -15,  -13,  -17,  -17,  -13,  -10,   -7,  -20,    0,    0,    0,    0,  -20,  -17,    0,    0,    0,    0,    0,    0,    0,    0,  -10,    0,    0,    0,    0,    0,    0,    0,    0,    0,    0,    0,    0,    0,    0,    0,    0,    0,  -10,    0,    0,    0,    0,    0,    0,    0,    0,    0,  -10,    0,    0,    0,    0,    0,
       0,  -47,    0,    0,  -85,  -35,  -69,  -60,    0,  -44,  -83,    0,  -26,    0,    0,  -16,    0,    0,    0,    0,    0,    0,  -65,    0,  -70,  -29,  -49,  -20,  -17,  -16,  -54,  -71,  -48,  -44,  -60,  -56,  -60,  -56,  -22,  -68,  -22,    0,  -52,  -38,  -91,  -15,  -16,  -64,  -10,    0,  -57,    0,    0,  -17,    0,  -53,  -50,  -89,  -60,  -65,  -64,  -43,  -42,  -82,  -16,  -15,  -19,    0,  -60,    0,    0,    0,  -47,  -17,  -61,    0,    0,  -17,  -28,  -40,
       0,    0,    0,    0,    0,  -27,    0,    0,    0,  -13,    0,    0,  -26,    0,    0,    0,    0,    0,    0,    0,    0,    0,    0,    0,  -13,    0,    0,    0,    0,    0,    0,    0,    0,  -13,  -32,    0,  -46,    0,    0,  -40,  -22,    0,  -26,    0,    0,    0,    0,    0,  -10,  -13,    0,    0,    0,  -32,    0,    0,  -29,    0,    0,    0,    0,  -27,  -44,    0,    0,    0,  -19,    0,    0,    0,    0,    0,  -61,  -26,    0,    0,    0,  -13,  -41,  -29,
       0,  -27,    0,    0,  -53,  -41,  -40,  -48,    0,  -44,  -50,    0,  -19,    0,    0,   -7,    4,    0,    0,    0,    0,    0,  -53,    0,  -60,  -22,  -44,  -17,  -10,  -25,  -39,  -55,  -61,  -34,  -48,  -46,  -48,  -46,    0,  -55,  -15,    0,  -53,  -47,  -55,  -16,  -25,  -52,   -7,    0,  -31,    0,    0,  -30,    0,  -35,  -38,  -52,  -62,  -52,  -47,  -41,  -46,  -67,  -25,    0,  -10,    0,  -54,    0,    0,    0,  -36,  -13,  -25,    0,    0,  -17,  -22,  -40,
       0,    0,    0,    0,    0,    0,    0,    0,    0,    0,    0,    0,    0,    0,    0,    0,    0,    0,    0,    0,    0,    0,    0,    0,    0,    0,    0,    0,    0,    0,    0,    0,    0,    0,    0,    0,  -25,    0,    0,    0,    0,    0,    0,    0,    0,    0,    0,    0,    0,    0,    0,    0,    0,    0,    0,    0,    0,    0,    0,    0,    0,    0,    0,    0,    0,    0,    0,    0,    0,    0,    0,    0,    0,    0,    0,    0,    0,    0,    0,    0,
       0,    0,    0,    0,    0,    0,    0,    0,    0,    0,    0,    0,    0,    0,    0,    0,    0,    0,    0,    0,    0,    0,    0,    0,    0,    0,    0,    0,    0,    0,    0,    0,    0,    0,  -10,    0,  -10,    0,    0,    0,    0,    0,    0,    0,    0,    0,    0,    0,    0,    0,    0,    0,    0,    0,    0,    0,    0,    0,    0,    0,    0,    0,    0,    0,    0,    0,    0,    0,    0,    0,    0,    0,    0,    0,    0,    0,    0,    0,    0,    0,
       0,    0,    0,    0,    0,    0,    0,    0,    0,    0,    0,    0,   -7,    0,    0,    0,  -44,  -29,  -64,    0,  -61,    0,    0,    0,    0,    0,    0,    0,    0,    0,    0,    0,  -17,    0,  -37,    0,  -15,    0,    0,    0,    0,    0,    0,    0,    0,    0,    0,    0,    0,   -7,    0,   -3,    0,    0,  -14,    0,    0,    0,    0,    0,    0,    0,  -36,    0,    0,   -4,    0,    0,    0,  -13,    0,  -10,  -24,    0,    0,    0,    0,    0,    0,    0,
       0,    0,    0,  -27,    0,    0,    0,    0,    0,    0,    0,    0,    0,    0,    0,    0,  -72,    0,  -44,    0,  -44,  -26,    0,    0,    0,    0,    0,    0,    0,   -1,    0,    0,    0,    0,  -14,    0,  -16,  -12,    0,    0,    0,    0,    0,    0,    0,    0,   -1,    0,    0,    0,    0,    0,    0,    0,    0,    0,   -2,    0,   -2,   -1,    0,   -5,  -17,    0,   -1,    0,  -14,    0,   -2,    0,    0,    0,  -17,    0,   -1,  -22,   -2,    0,    0,    0,
       0,    0,    0,   -5,   -8,    0,    0,    0,    0,    0,  -10,    0,    0,  -20,  -13,    0,  -52,    0,  -59,    0,  -49,  -38,   -2,  -15,    0,    0,    0,   -9,    0,    0,    0,    0,   -5,    0,   -9,  -16,  -10,   -2,    0,    0,    0,    0,    0,   -2,    0,    0,    0,    0,    0,    0,    0,    0,    0,    0,    0,    0,    0,  -17,  -10,   -2,   -1,    0,    0,  -16,    0,    0,   -4,    0,  -16,    0,    0,    0,    0,    0,    0,  -35,  -17,    0,    0,    0,
       0,    0,    0,   -2,    0,    0,    0,    0,    0,    0,    0,    0,    0,    0,  -10,    0,  -52,    0,  -44,    0,  -49,  -29,   -9,    0,   -2,    0,    0,   -5,    0,   -2,   -2,    0,    0,    0,   -2,  -13,   -2,   -2,    0,    0,    0,    0,    0,    0,    0,    0,   -2,    0,    0,    0,    0,    0,    0,    0,    0,    0,    0,  -15,   -2,   -2,    0,    0,   -1,  -11,   -2,    0,   -2,    0,  -14,    0,    0,    0,    0,    0,   -2,    0,    0,    0,    0,    0,
       0,    0,    0,    0,    0,    0,    0,    0,    0,    0,    0,    0,    0,    0,    0,    0,    0,    0,    0,    0,    0,    0,    0,    0,  -10,    0,    0,    0,    0,    0,    0,    0,  -10,   -5,  -10,    0,   -7,    0,    0,    0,    0,    0,    0,    0,    0,    0,    0,    0,    0,    0,    0,    0,    0,    0,    0,    0,    0,    0,    0,    0,    0,    0,    0,    0,    0,    0,    0,    0,    0,    0,    0,    0,    0,    0,    0,    0,   -9,    0,    0,    0,
       0,    0,    0,    0,    0,    0,    0,    0,    0,    0,    0,    0,    0,    0,   -7,    0,  -52,    0,  -54,    0,  -59,  -34,    0,   -7,   -1,    0,    0,    0,    0,    0,    0,    0,    0,    0,   -7,   -9,    0,    0,    0,    0,    0,    0,    0,    0,    0,    0,    0,    0,    0,    0,    0,    0,    0,    0,    0,    0,    0,  -15,   -2,    0,    0,    0,    0,   -7,    0,    0,   -4,    0,  -17,    0,    0,    0,    0,    0,    0,  -17,    0,    0,    0,    0,
      54,   10,   69,   83,  -10,    0,    0,    0,   59,    0,    0,   34,   20,    0,    0,    0,   59,    0,    0,    0,    0,   74,  -10,   42,  -15,    0,   -7,   32,   42,   34,    0,    0,    0,    0,    0,    0,    0,    0,    0,    0,    0,    0,    0,    0,    0,   42,   34,   -7,    0,    0,    0,    0,    0,    0,    0,    0,    0,    0,    0,    0,    0,    0,    0,    0,   34,    0,    0,    0,    0,    0,    0,    0,    0,    0,   34,   40,   64,   44,    0,    0,
       0,    0,    0,    0,    0,    0,    0,    0,    0,    0,    0,    0,    0,    0,    0,    0,    0,    0,  -29,    0,  -44,  -17,    0,    0,   -5,    0,    0,    0,    0,   28,    0,    0,    0,    0,    0,    0,    0,    0,    0,    0,    0,    0,    0,    0,    0,    0,   13,    0,    0,    0,    0,    0,    0,    0,    0,    0,    0,    0,    0,    0,    0,    0,    0,    0,   13,    0,    0,    0,    0,    0,    0,    0,    0,    0,   13,    0,    0,    0,    0,    0,
       0,    0,    0,  -22,    0,    0,    0,    0,    0,    0,    0,    0,    0,    0,    0,    0,  -54,    0,  -54,    0,  -59,  -39,    0,   -7,    0,    0,    0,    0,    0,    0,    0,    0,  -10,    0,  -15,    0,  -17,    0,    0,    0,    0,    0,    0,    0,    0,    0,    0,    0,    0,    0,    0,    0,    0,    0,    0,    0,    0,    0,    0,    0,    0,    0,  -17,    0,    0,    0,   -7,    0,    0,    0,    0,    0,  -19,    0,    0,    0,    0,    0,    0,    0,
       0,    0,    0,    0,    0,    0,    0,    0,    0,    0,    0,    0,    0,    0,    0,    0,  -22,    0,  -25,    0,    0,  -22,    0,    0,    0,    0,    0,    0,    0,    0,    0,    0,    0,    0,    0,    0,    0,    0,    0,    0,    0,    0,    0,    0,    0,    0,    0,    0,    0,    0,    0,    0,    0,    0,    0,    0,    0,    0,    0,    0,    0,    0,    0,    0,    0,    0,    0,    0,    0,    0,    0,    0,    0,    0,    0,    0,    0,    0,    0,    0,
       0,    0,    0,    0,    0,    0,    0,    0,    0,    0,    0,    0,    0,    0,    0,    0,    0,    0,  -27,    0,    0,    0,    0,    0,  -13,    0,    0,    0,    0,    0,    0,    0,    0,    0,    0,    0,    0,    0,    0,  -17,    0,    0,  -15,    0,    0,  -13,    0,   -7,    0,    0,    0,    0,    0,    0,    0,    0,    0,    0,    0,    0,    0,    0,    0,    0,    0,    0,    0,    0,    0,    0,    0,    0,    0,    0,    0,    0,    0,    0,    0,    0,
       0,    0,    0,    0,    0,    0,    0,    0,    0,    0,    0,    0,    0,    0,    0,    0,    0,    0,    0,    0,    0,  -26,   -7,   -7,    0,    0,    0,    0,    0,    0,    0,    0,    0,    0,    0,    0,    0,   -7,    0,    0,    0,    0,    0,    0,    0,    0,    0,    0,    0,    0,    0,    0,    0,    0,    0,    0,    0,    0,    0,    0,    0,    0,    0,    0,    0,    0,    0,    0,    0,    0,    0,    0,    0,    0,    0,    0,    0,    0,    0,    0,
       0,    0,    0,    0,  -34,    0,  -22,    0,    0,    0,    0,    0,    0,    0,    0,    0,    0,    0,  -27,    0,    0,    0,    0,    0,   -7,    0,    0,    0,    0,    0,    0,    0,    0,    0,    0,    0,    0,    0,    0,  -17,    0,    0,    0,    0,    0,    0,    0,    0,    0,    0,    0,    0,    0,    0,    0,    0,    0,    0,    0,    0,    0,    0,    0,    0,    0,    0,    0,    0,    0,    0,    0,    0,    0,    0,    0,    0,    0,    0,    0,    0,
       0,    0,    0,    0,    0,    0,    0,    0,    0,    0,    0,    0,    0,    0,    0,    0,  -42,    0,  -47,    0,    0,  -22,    0,    0,    0,    0,    0,    0,    0,    0,    0,    0,    0,    0,    0,    0,   -4,    0,    0,    0,    0,    0,    0,    0,    0,    0,    0,    0,    0,    0,    0,    0,    0,    0,    0,    0,    0,    0,    0,    0,    0,    0,    0,    0,    0,    0,    0,    0,    0,    0,    0,    0,    0,    0,    0,    0,   -9,    0,    0,    0,
       0,    0,    0,    0,    0,    0,    0,    0,    0,    0,    0,    0,    0,    0,    0,    0,    0,    0,    0,    0,    0,  -10,    0,    0,    0,    0,    0,    0,    0,    0,    0,    0,    0,    0,    0,    0,    0,    0,    0,    0,    0,    0,    0,    0,    0,    0,    0,    0,    0,    0,    0,    0,    0,    0,    0,    0,    0,    0,    0,    0,    0,    0,    0,    0,    0,    0,    0,    0,    0,    0,    0,    0,    0,    0,    0,    0,    0,    0,    0,    0,
       0,    0,  -10,    0,  -42,    0,  -29,    0,    0,   -5,  -47,    0,    0,    0,    0,    0,    0,    0,    0,    0,    0,    0,  -14,    0,  -10,    0,  -15,  -10,    0,    0,    0,   -5,    0,    0,    0,    0,    0,    0,    0,  -22,    0,    0,  -13,    0,    0,   -6,    0,   -7,    0,    0,    0,    0,    0,    0,    0,    0,    0,  -28,    0,   -2,    0,    0,    0,  -34,    0,    0,    0,    0,    0,    0,    0,    0,    0,    0,    0,    0,    0,    0,    0,    0,
       0,    0,    0,    0,    0,    0,    0,    0,    0,    0,    0,    0,    0,    0,    0,    0,    0,    0,    0,    0,    0,  -31,   -2,    0,  -15,    0,   -7,    0,    0,    0,    0,    0,    0,    0,    0,    0,    0,    0,    0,  -22,    0,    0,  -17,    0,    0,   -5,    0,   -7,    0,    0,    0,    0,    0,    0,    0,    0,    0,    0,    0,   -2,    0,    0,    0,    0,    0,    0,    0,    0,    0,    0,    0,    0,    0,    0,    0,    0,    0,    0,    0,    0,
       0,    0,    0,    0,    0,    0,    0,    0,    0,    0,    0,    0,    0,   29,    0,    0,  -16,    0,  -42,    0,  -48,    0,    0,    0,    0,    0,    0,    0,    0,    0,    0,    0,    0,    0,    0,    0,    0,    0,    0,    0,    0,    0,    0,    0,    0,    0,    0,    0,    0,    0,    0,  -17,    0,    0,    0,    0,    0,    0,    0,    0,    0,    0,    0,    0,    0,    0,    0,    0,    0,    0,    0,  -13,    0,    0,    0,    0,    0,    0,    0,    0,
       0,    0,    0,    0,    0,    0,    0,    0,    0,    0,    0,    0,    0,    0,    0,    0,    0,    0,  -10,    0,    0,    0,    0,    0,    0,    0,    0,    0,    0,    0,    0,    0,    0,    0,    0,    0,    0,    0,    0,    0,    0,    0,    0,    0,    0,    0,    0,    0,    0,    0,    0,    0,    0,    0,    0,    0,    0,    0,    0,    0,    0,    0,    0,    0,    0,    0,    0,    0,    0,    0,    0,    0,    0,    0,    0,    0,    0,    0,    0,    0,
       0,    0,    0,    0,    0,    0,    0,    0,    0,    0,    0,    0,    0,    0,    0,    0,  -26,    0,  -38,    0,  -47,    0,    0,    0,   -2,    0,    0,    0,    0,    0,    0,    0,    0,    0,    0,    0,    0,    0,    0,    0,    0,    0,    0,    0,    0,    0,    0,    0,    0,  -22,    0,  -17,    0,    0,   -5,    0,    0,    0,    0,    0,    0,    0,    0,    0,    0,    0,    0,    0,    0,    0,    0,    0,    0,    0,    0,    0,    0,    0,    0,    0,
       0,    0,    0,    0,    0,    0,    0,    0,    0,    0,  -29,    0,    0,  -15,    0,    0,    0,    0,  -22,  -27,  -22,    0,    0,    0,    0,    0,    0,    0,    0,    0,    0,    0,    0,    0,    0,    0,    0,    0,    0,    0,    0,    0,    0,    0,    0,    0,    0,    0,    0,    0,    0,    0,    0,    0,    0,    0,    0,    0,    0,    0,    0,    0,    0,    0,    0,    0,    0,    0,    0,    0,    0,    0,    0,    0,    0,    0,    0,    0,    0,    0,
       0,    0,    0,    0,    0,    0,    0,    0,    0,    0,  -43,    0,  -20,    0,    0,    0,    0,    0,    0,    0,    0,    0,  -28,    0,  -34,    0,    0,    0,    0,    0,  -37,  -27,    0,    0,  -27,  -30,  -25,  -27,    0,    0,    0,    0,    0,    0,    0,    0,    0,  -27,    0,    0,  -25,    0,    0,  -17,    0,  -34,    0,  -45,  -27,  -30,  -17,  -22,  -27,   -4,    0,    0,    0,    0,  -31,    0,    0,    0,  -15,    0,    0,    0,    0,    0,    0,    0,
       0,    0,    0,    0,    0,    0,    0,    0,    0,    0,  -21,    0,    0,    0,    0,    0,  -49,    0,  -52,  -26,  -53,    0,    0,    0,    0,    0,    0,    0,    0,    0,    0,    0,    0,    0,  -13,  -17,    0,    0,    0,    0,    0,    0,    0,    0,    0,    0,    0,    0,    0,  -44,  -19,  -25,  -22,    0,  -27,  -25,    0,  -17,  -20,    0,    0,    0,    0,    0,    0,    0,    0,  -22,  -20,    0,    0,   -5,    0,    0,    0,    0,    0,    0,    0,    0,
       0,    0,    0,    0,    0,    0,    0,    0,    0,    0,  -26,    0,    0,    0,    0,    0,  -54,    0,  -67,  -40,  -55,    0,    0,    0,    0,    0,    0,    0,    0,    0,    0,    0,    0,    0,  -22,  -22,  -16,    0,    0,    0,    0,    0,    0,    0,    0,    0,    0,    0,    0,  -44,   -2,  -37,  -26,    0,  -46,  -38,    0,  -16,  -21,    0,    0,    0,    0,  -17,    0,    0,    0,  -28,  -17,    0,    0,  -21,    0,    0,    0,    0,    0,    0,    0,    0,
       0,    0,    0,    0,    0,    0,    0,    0,    0,    0,    0,    0,    0,   29,    0,    0,    0,    0,  -34,    0,  -44,    0,    0,    0,    0,    0,    0,    0,    0,    0,    0,    0,    0,    0,    0,    0,    0,    0,    0,    0,    0,    0,    0,    0,    0,    0,    0,    0,    0,    0,    0,  -17,    0,    0,    0,    0,    0,    0,    0,    0,    0,    0,    0,    0,    0,    0,    0,    0,    0,    0,    0,    0,    0,    0,    0,    0,    0,    0,    0,    0,
       0,    0,    0,    0,    0,    0,    0,    0,    0,    0,  -22,    0,    0,    0,    0,    0,    0,    0,  -22,  -32,  -32,    0,    0,    0,    0,    0,    0,    0,    0,    0,    0,    0,    0,    0,    0,    0,    0,    0,    0,    0,    0,    0,    0,    0,    0,    0,    0,    0,    0,    0,    0,    0,    0,    0,    0,    0,    0,    0,    0,    0,    0,    0,    0,    0,    0,    0,    0,    0,    0,    0,    0,    0,    0,    0,    0,    0,    0,    0,    0,    0,
       0,    0,    0,    0,    0,    0,    0,    0,    0,    0,    0,    0,    0,    0,    0,    0,    0,    0,    0,    0,    0,    0,    0,    0,    0,    0,    0,    0,    0,    0,  -10,    0,  -17,  -10,  -22,  -10,  -17,    0,    0,    0,    0,    0,    0,    0,    0,    0,    0,    0,    0,    0,    0,    0,    0,    0,    0,    0,    0,    0,    0,    0,    0,    0,    0,    0,    0,    0,    0,    0,    0,    0,    0,    0,    0,    0,    0,    0,    0,    0,    0,    0,
       0,    0,    0,    0,    0,    0,    0,    0,    0,    0,    0,    0,    0,    0,    0,    0,    0,    0,    0,    0,    0,    0,    0,   29,    0,    0,    0,   29,    0,   17,    0,    0,    0,    0,    0,    0,    0,    0,    0,    0,    0,    0,    0,    0,    0,    0,   17,    0,    0,    0,    0,    0,    0,    0,    0,    0,    0,    0,    0,    0,    0,    0,    0,    0,   17,    0,    0,    0,    0,    0,    0,    0,    0,    0,   17,    0,    0,    0,    0,    0,
      81,    0,  117,   99,    0,    0,    0,    0,   84,    0,    0,    0,    0,    0,    0,    0,    0,    0,    0,    0,    0,    0,    0,    0,    0,    0,    0,    0,    0,    0,    0,    0,    0,    0,    0,    0,    0,    0,    0,    0,    0,    0,    0,    0,    0,    0,    0,    0,    0,    0,    0,    0,    0,    0,    0,    0,    0,    0,    0,    0,    0,    0,    0,    0,    0,    0,    0,    0,    0,    0,    0,    0,    0,    0,    0,   96,   99,    0,    0,    0,
       0,    0,    0,    0,    0,    0,    0,    0,    0,    0,  -11,    0,    0,  -10,    0,    0,    0,    0,    0,    0,    0,    0,   -7,    0,    0,    0,    0,    0,    0,    0,   -7,    0,  -13,    0,  -22,  -15,  -17,    0,    0,    0,    0,    0,    0,    0,  -15,    0,    0,    0,  -10,    0,   -9,    0,    0,    0,    0,  -13,    0,    0,    0,    0,    0,    0,    0,   -2,    0,    0,    0,    0,    0,    0,    0,    0,    0,    0,    0,    0,    0,    0,    0,    0,
       0,    0,    0,    0,    0,    0,    0,    0,    0,    0,    0,    0,    0,    0,    0,    0,    0,    0,    0,    0,    0,  -29,   -2,   -2,   -8,    0,    0,    0,    0,    0,    0,    0,    0,    0,    0,    0,    0,   -7,    0,    0,    0,    0,    0,    0,    0,    0,    0,   -2,    0,    0,    0,    0,    0,    0,    0,    0,    0,    0,    0,   -3,    0,    0,   -1,    0,    0,    0,    0,    0,    0,    0,    0,    0,    0,    0,    0,    0,    0,    0,    0,    0,
       0,    0,    0,    0,    0,    0,    0,    0,    0,    0,  -22,    0,    0,  -10,    0,    0,  -22,    0,  -34,  -10,  -44,    0,    0,    0,    0,    0,    0,    0,    0,    0,    0,    0,    0,    0,    0,    0,    0,    0,    0,    0,    0,    0,    0,    0,    0,    0,    0,    0,    0,    0,    0,    0,    0,    0,    0,    0,    0,    0,    0,    0,    0,    0,    0,    0,    0,    0,    0,    0,    0,    0,    0,    0,    0,    0,    0,    0,    0,    0,    0,    0,
       0,    0,    0,    0,    0,    0,    0,    0,    0,    0,  -44,    0,    0,    0,   -7,    0,    0,    0,    0,   -5,    0,    0,  -10,    0,  -13,    0,   -7,    0,    0,    0,    0,  -10,    0,    0,    0,    0,    0,  -10,    0,    0,    0,    0,    0,    0,    0,    0,    0,    0,    0,    0,    0,    0,    0,    0,    0,    0,    0,    0,    0,    0,    0,    0,    0,    0,    0,    0,    0,    0,    0,    0,    0,    0,    0,    0,    0,    0,    0,    0,    0,    0,
       0,    0,    0,    0,    0,    0,    0,    0,    0,    0,    0,    0,    0,    0,    0,    0,  -61,    0,  -70,    0,  -22,   -4,    0,    0,    0,    0,    0,    0,    0,    0,    0,    0,    0,    0,  -19,    0,  -14,    0,    0,    0,    0,    0,    0,    0,    0,    0,    0,    0,  -10,  -63,    0,  -52,    0,    0,  -53,    0,    0,    0,    0,    0,    0,   -2,    0,    0,    0,    0,  -20,    0,    0,  -32,    0,  -42,  -20,    0,    0,    0,    0,    0,    0,    0,
       0,  -21,    0,   15,  -51,  -30,  -43,  -37,    0,    0,  -51,    0,  -12,    0,    0,    0,    0,    0,    0,    0,    0,    0,  -56,    0,  -54,    0,    0,    0,    0,  -45,  -50,  -55,    0,    0,  -57,  -54,  -46,  -60,    0,  -52,    0,    0,  -49,  -32,  -54,    0,  -45,  -55,    0,    0,  -42,    0,    0,  -14,    0,  -34,   -7,  -84,  -63,  -78,  -31,  -78,  -69,  -60,  -57,    0,  -25,    0,  -66,    0,    0,   15,  -69,    0,  -45,    0,   20,    0,   -4,    0,
       0,    0,    0,  -34,    0,    0,    0,    0,    0,    0,   -7,   -2,    0,    0,    0,    0,  -38,    0,  -45,  -20,  -53,   -7,    0,    0,    0,    0,    0,    0,    0,    0,    0,    0,    0,    0,  -15,    0,  -10,    0,    0,    0,    0,   15,    0,    0,   -2,    0,    0,    0,    0,  -59,  -10,  -29,    0,   10,  -32,    0,    0,   -9,    0,    0,    0,    0,    0,    0,    0,  -36,  -11,    0,    0,  -58,  -19,  -24,    0,    0,    0,    0,  -28,    0,    0,    0,
       0,    0,    0,    0,    0,    0,    0,    0,    0,    0,    0,    0,   -1,    0,    0,    0,    0,    0,  -51,    0,  -44,    0,    0,    0,   -2,    0,    0,    0,    0,    0,   -2,    0,    0,    0,  -26,    0,  -32,    0,    0,    0,    0,    0,    0,    0,    0,    0,    0,    0,    0,  -39,    0,  -29,    0,    0,  -40,    0,  -20,    0,    0,    0,    0,    0,    0,    0,    0,    0,   -3,    0,    0,   -5,    0,  -40,  -23,    0,    0,    0,    0,    0,    0,    0,
       0,    0,    0,    0,    0,  -16,    0,    0,    0,    0,    0,    0,  -22,    0,    0,    0,    0,    0,    0,    0,    0,    0,    0,    0,  -12,    0,    0,    0,    0,    0,    0,    0,    0,    0,  -36,    0,  -37,   -2,    0,  -26,    0,    0,  -22,    0,    0,    0,    0,    0,    0,   -2,    0,    0,    0,  -22,    0,    0,   -4,    0,    0,    0,    0,  -21,  -40,    0,    0,   -4,  -21,    0,    0,    0,    0,    0,  -44,  -13,    0,    0,    0,    0,  -29,    0,
       0,    0,    0,    0,    0,    0,    0,    0,    0,    0,  -13,    0,    6,    0,    0,    0,  -16,    0,  -10,  -10,  -10,    0,    0,    0,    0,    0,    0,    0,    0,    0,    0,    0,    0,    0,  -10,    0,  -20,    0,    0,    0,    0,    0,    0,    0,  -14,    0,    0,    0,  -10,  -15,  -17,  -10,  -11,    0,  -15,  -10,    0,    0,   -7,    0,    0,    0,    0,    0,    0,    0,  -13,  -10,    0,    0,    0,    0,    0,    0,    0,    0,    0,    0,    0,    0,
       0,    0,    0,    0,    0,    0,    0,    0,    0,    0,  -17,    0,    0,    0,  -10,    0,  -13,    0,  -20,  -32,  -30,    0,    0,    0,    0,    0,    0,    0,    0,    0,    0,    0,    0,    0,    0,    0,    0,    0,    0,    0,    0,    0,    0,    0,  -38,    0,    0,    0,    0,  -15,  -25,    0,  -20,    0,    0,  -28,    0,    0,    0,   15,    0,    0,    0,  -10,    0,    0,    0,  -34,    0,   -2,    0,    0,    0,    0,    0,    0,    0,    0,    0,    0,
       0,    0,    0,    0,    0,    0,    0,    0,    0,    0,    0,    0,    0,    0,    0,    0,    0,    0,    0,    0,    0,  -49,    0,    0,    0,    0,    0,    0,    0,   -2,    0,    0,    0,    0,  -12,   -2,  -11,    0,    0,    0,    0,    0,    0,    0,    0,    0,   -2,    0,    0,    0,    0,    0,    0,    0,    0,    0,    0,   -2,   -2,    0,    0,    0,   -8,   -5,   -2,    0,   -2,    0,  -13,    0,    0,    0,    0,    0,   -2,    0,    0,    0,    0,    0,
       0,    0,    0,    0,   -5,    0,   -2,    0,    0,    0,    0,    0,    0,    0,    0,    0,    0,    0,    0,    0,    0,  -25,    0,    0,    0,    0,    0,    0,    0,    0,    0,    0,    0,    0,    0,    0,    0,    0,    0,   -2,    0,   15,    0,    0,    0,    0,    0,    0,    0,    0,    0,    0,    0,    0,    0,    0,    0,  -17,    0,   -1,    0,    0,    0,  -13,    0,    0,    0,    0,    0,    0,    0,    0,    0,    0,    0,    0,    0,    0,    0,    0,
       0,    0,    0,    0,    0,    0,    0,    0,    0,    0,    0,    0,    0,    0,    0,    0,    0,    0,    0,    0,    0,  -26,    0,    0,    0,    0,    0,    0,    0,    0,    0,    0,    0,    0,    0,    0,    0,    0,    0,    0,    0,    0,    0,    0,    0,    0,    0,    0,    0,    0,    0,    0,    0,    0,    0,    0,    0,    0,    0,    0,    0,    0,   -7,    0,    0,    0,    0,    0,    0,    0,    0,    0,    0,    0,    0,    0,    0,    0,    0,    0,
       0,   -2,    0,    0,    0,    0,    0,    0,    0,    0,    0,    0,    0,    0,    0,    0,    0,    0,    0,    0,    0,  -29,   -9,    0,  -10,    0,    0,    0,    0,    0,    0,    0,    0,    0,    0,    0,    0,    0,    0,  -21,    0,    0,  -20,    0,    0,    0,    0,    0,    0,    0,    0,    0,    0,    0,    0,    0,    0,    0,    0,   -1,    0,    0,    0,    0,    0,    0,    0,    0,    0,    0,    0,    0,    0,    0,    0,    0,    0,    0,    0,    0,
       0,    0,    0,    0,    0,    0,    0,    0,    0,    0,    0,    0,    0,    0,    0,    0,    0,    0,    0,    0,    0,   -7,    0,    0,    0,    0,    0,    0,    0,    0,    0,    0,    0,    0,    0,    0,    0,    0,    0,    0,    0,    0,    0,    0,    0,    0,    0,    0,    0,    0,    0,    0,    0,    0,    0,    0,    0,    0,    0,    0,    0,    0,    0,    0,    0,    0,    0,    0,    0,    0,    0,    0,    0,    0,    0,    0,    0,    0,    0,    0,
       0,    0,    0,    0,  -22,    0,   -2,    0,    0,    0,    0,    0,    0,    0,    0,    0,    0,    0,    0,    0,    0,    0,    0,    0,    0,    0,    0,    0,    0,    0,    0,    0,    0,    0,    0,    0,    0,    0,    0,    0,    0,    0,    0,    0,    0,    0,    0,    0,    0,    0,    0,    0,    0,    0,    0,    0,    0,  -20,    0,    0,    0,    0,    0,  -10,    0,    0,    0,    0,    0,    0,    0,    0,    0,    0,    0,    0,    0,    0,    0,    0,
       0,    0,    0,  -33,    0,    0,    0,    0,    0,    0,    0,    0,    0,    0,    0,    0,    0,    0,    0,    0,    0,  -59,   -2,    0,    0,    0,    0,    0,    0,   -2,   -7,    0,    0,    0,  -40,  -11,  -31,  -14,    0,    0,    0,    0,    0,    0,    0,    0,   -2,    0,    0,    0,    0,    0,    0,    0,    0,    0,  -13,   -7,   -7,   -2,    0,  -20,  -20,    0,   -2,    0,  -34,    0,  -16,    0,    0,    0,  -29,    0,   -2,  -29,  -27,    0,    0,    0,
       0,    0,    0,  -27,    0,    0,    0,    0,    0,    0,    0,    0,    0,    0,    0,    0,    0,    0,    0,    0,    0,  -54,    0,    0,    0,    0,    0,    0,    0,    0,    0,    0,    0,    0,  -28,   -2,  -16,    0,    0,    0,    0,    0,    0,    0,    0,    0,    0,    0,    0,    0,    0,    0,    0,    0,    0,    0,    0,   -2,   -2,    0,    0,   -2,  -17,    0,    0,    0,  -31,    0,   -2,    0,    0,    0,  -22,    0,    0,    0,  -17,    0,    0,    0,
       0,    0,    0,    0,    0,    0,    0,    0,    0,    0,    0,    0,    0,    0,    0,    0,   -6,    0,  -34,   -4,  -34,    0,    0,    0,    0,    0,    0,    0,    0,    0,    0,    0,    0,    0,  -13,    0,    0,    0,    0,    0,    0,    0,    0,    0,    0,    0,    0,    0,    0,  -20,    0,  -13,    0,    0,    0,    0,    0,    0,    0,    0,    0,    0,    0,    0,    0,    0,  -13,    0,    0,    0,    0,    0,    0,    0,    0,    0,    0,    0,    0,    0,
       0,    0,    0,    0,    0,    0,    0,    0,    0,    0,    0,    0,    0,    0,    0,    0,    0,    0,    0,    0,    0,    0,    0,    0,    0,    0,    0,    0,    0,    0,    0,    0,    0,    0,  -29,    0,    0,    0,    0,    0,    0,    0,    0,    0,    0,    0,    0,    0,    0,    0,    0,    0,    0,    0,    0,    0,    0,  -13,    0,    0,    0,  -21,    0,    0,    0,    0,    0,    0,  -15,    0,    0,    0,  -22,    0,    0,    0,    0,    0,    0,    0,
       0,    0,    0,   -2,    0,  -16,    0,    0,    0,    0,    0,    0,  -23,    0,    0,   -1,  -14,    0,    0,    0,    0,    0,    0,    0,   -2,    0,    0,    0,    0,    0,    0,    0,    0,    0,  -49,    0,  -41,   -2,  -13,  -28,    0,    0,  -22,    0,    0,    0,    0,    0,  -13,  -34,    0,    0,    0,  -34,  -25,    0,  -20,    0,    0,    0,    0,  -27,  -40,    0,    0,  -40,  -25,    0,    0,  -25,    0,  -19,  -41,  -14,    0,    0,    0,  -21,  -32,    0,
       0,    0,    0,    0,    0,    0,    0,    0,    0,    0,    0,    0,    0,    0,    0,    0,    0,    0,    0,    0,    0,  -10,  -11,    0,  -16,    0,    0,    0,    0,   -2,    0,    0,    0,    0,    0,    0,    0,    0,    0,  -17,    0,    0,  -20,    0,    0,    0,   -2,    0,    0,    0,    0,    0,    0,    0,    0,    0,  -10,    0,    0,   -2,    0,    0,    0,    0,   -2,    0,    0,    0,    0,    0,    0,    0,    0,    0,   -2,    0,    0,    0,    0,    0,
       0,    0,    0,    0,    0,    0,  -56,    0,    0,    0,  -66,    0,   -2,    0,    0,    0,    0,    0,    0,    0,    0,    0,  -70,    0,  -61,    0,    0,    0,    0,  -35,  -51,  -61,    0,    0,  -39,  -44,  -34,  -56,    0,    0,    0,    0,    0,    0,    0,    0,  -35,  -61,    0,    0,  -50,    0,    0,   -2,    0,  -42,  -15,  -57,  -48,  -66,  -20,  -29,  -35,  -86,  -15,    0,   -2,  -25,  -51,    0,    0,    0,  -20,    0,  -35,    0,    0,    0,    0,    0,
       0,    0,    0,    0,  -51,    0,   -4,    0,    0,    0,    0,    0,    0,    0,    0,    0,    0,    0,    0,    0,    0,    0,   -7,    0,   -1,    0,    0,    0,    0,    0,    0,    0,    0,    0,    0,    0,    0,    0,    0,   -5,    0,    0,   -7,    0,    0,    0,    0,    0,    0,    0,    0,    0,    0,    0,    0,    0,    0,  -25,    0,    0,    0,   12,    0,  -14,    0,    0,    0,    0,    0,    0,    0,    0,    1,    0,    0,    0,    0,    0,    0,    0,
       0,    0,    0,    0,    0,    0,   -2,    0,    0,    0,    0,    0,    0,    0,    0,    0,    0,    0,    0,    0,    0,    0,    0,    0,  -11,    0,    0,    0,    0,    0,    0,    0,    0,    0,    0,    0,    0,    0,    0,    0,    0,    0,    0,    0,    0,    0,    0,    0,    0,    0,    0,    0,    0,    0,    0,    0,    0,  -17,    0,    0,    0,    0,    0,  -17,    0,    0,    0,    0,    0,    0,    0,    0,    0,    0,    0,    0,    0,    0,    0,    0,
       0,    0,    0,    0,    0,    0,    0,    0,    0,    0,    0,    0,    0,    0,    0,    0,  -33,    0,  -49,    0,  -22,   -4,    0,    0,    0,    0,    0,    0,    0,    0,    0,    0,    0,    0,  -19,    0,  -14,    0,    0,    0,    0,    0,    0,    0,    0,    0,    0,    0,  -10,  -38,    0,  -34,    0,    0,  -34,    0,    0,    0,    0,    0,    0,   -2,    0,    0,    0,    0,  -20,    0,    0,  -32,    0,  -27,  -20,    0,    0,    0,    0,    0,    0,    0,
       0,    0,    0,    0,    0,    0,    0,    0,    0,    0,    0,    0,    0,    0,    0,    0,    0,    0,    0,    0,    0,    0,    0,    0,    0,    0,    0,    0,    0,    0,    0,    0,    0,    0,  -25,    0,  -15,    0,    0,    0,    0,    0,    0,    0,    0,    0,    0,    0,    0,    0,    0,    0,    0,    0,    0,    0,    0,    0,    0,    0,    0,    0,  -25,    0,    0,    0,    0,    0,    0,    0,    0,    0,    0,    0,    0,    0,    0,    0,    0,    0,
       0,    0,    0,  -22,    0,    0,    0,    0,    0,    0,    0,    0,    0,    0,    0,    0,  -49,    0,  -55,    0,  -46,  -10,    0,    0,    0,    0,    0,    0,    0,    0,    0,    0,    0,    0,  -11,    0,    0,    0,    0,    0,    0,    0,    0,    0,    0,    0,    0,    0,    0,  -33,    0,  -28,    0,    0,  -32,    0,    0,    0,    0,    0,    0,    0,    0,    0,    0,  -36,    0,    0,    0,  -41,   -2,   -2,    0,    0,    0,    0,   -4,    0,    0,    0,
       0,    0,    0,    0,    0,    0,    0,    0,    0,    0,    0,    0,    0,    0,    0,    0,   -2,    0,  -11,    0,    0,    0,    0,    0,    0,    0,    0,    0,    0,    0,    0,    0,    0,    0,    0,    0,    0,    0,    0,    0,    0,    0,    0,    0,    0,    0,    0,    0,    0,   -7,    0,    0,    0,    0,    0,    0,    0,    0,    0,    0,    0,    0,    0,    0,    0,    0,    0,    0,    0,    0,    0,    0,    0,    0,    0,    0,    0,    0,    0,    0,
       0,    0,    0,    0,    0,    0,    0,    0,    0,    0,    0,    0,    0,    0,    0,    0,    0,    0,    0,    0,    0,  -49,    0,    0,    0,    0,    0,    0,    0,    0,    0,    0,    0,    0,  -25,    0,  -15,    0,    0,    0,    0,    0,    0,    0,    0,    0,    0,    0,    0,    0,    0,    0,    0,    0,    0,    0,    0,    1,    0,    0,    0,  -10,  -14,    0,    0,    0,  -25,    0,    0,    0,    0,    0,  -10,    0,    0,   -4,    0,    0,    0,    0,
       0,    0,    0,  -47,    0,    0,    0,    0,    0,    0,    0,    0,  -11,    0,    0,    0,  -86,    0,  -68,    0,  -62,  -11,    0,    0,    0,    0,    0,    0,    0,    0,    0,    0,    0,    0,  -38,    0,   -2,    0,    0,    0,    0,    0,    0,    0,    0,    0,    0,    0,    0,  -63,    0,  -43,    0,   -2,  -61,    0,    0,    0,    0,    0,    0,   -4,    0,    0,    0,  -52,  -22,    0,    0,  -64,    0,  -65,  -29,    0,    0,    0,  -40,  -22,    0,    0,
       0,    0,    0,    0,    0,    0,    0,    0,    0,    0,    0,    0,    0,    0,    0,    0,    0,    0,    0,    0,    0,    0,    0,    0,    0,    0,    0,    0,    0,    0,    0,    0,    0,    0,    0,    0,    0,    0,    0,    0,    0,    0,    0,    0,    0,    0,    0,    0,    0,    0,    0,    0,    0,    0,    0,    0,    0,    0,    0,    0,    0,    0,    0,    0,    0,    0,    0,  -16,    0,    0,    0,    0,    0,    0,    0,    0,    0,    0,    0,    0,
       0,    0,    0,    0,    0,    0,    0,    0,    0,    0,    0,    0,   -9,    0,    0,    0,    0,    0,    0,    0,    0,    0,    0,    0,    0,    0,    0,    0,    0,    0,    0,    0,    0,    0,    0,    0,    0,    0,    0,    0,    0,    0,    0,    0,    0,    0,    0,    0,    0,    0,    0,    0,    0,    0,    0,    0,    0,    0,    0,    0,    0,    0,    0,    0,    0,    0,    0,    0,    0,    0,    0,    0,    0,    0,    0,    0,    0,    0,    0,    0,
       0,    0,    0,    0,    0,    0,    0,    0,    0,    0,    0,    0,    0,    0,    0,    0,    0,    0,    0,    0,    0,    0,    0,    0,   -1,    0,    0,    0,    0,    0,    0,    0,    0,    0,    0,    0,    0,    0,    0,    0,    0,    0,    0,    0,    0,    0,    0,    0,    0,    0,    0,    0,    0,    0,    0,    0,    0,   10,    0,    0,    0,    0,    0,    1,    0,    0,    0,    0,    0,    0,    0,    0,    0,    0,    0,    0,    0,    0,    0,    0,
       0,    0,    0,    0,    0,    0,    0,    0,    0,    0,    0,    0,    0,    0,    0,    0,    0,    0,    0,    0,    0,    0,    0,    0,    0,    0,    0,    0,    0,    0,    0,    0,    0,    0,    0,   -5,    0,    0,    0,    0,    0,    0,    0,    0,    0,    0,    0,    0,    0,    0,    0,    0,    0,    0,    0,    0,    0,   -7,    0,   -2,    0,    0,    0,    0,    0,    0,    0,    0,    0,    0,    0,    0,    0,    0,    0,    0,    0,    0,    0,    0,
       0,    0,    0,    0,    0,    0,    0,    0,    0,    0,  -22,    0,  -45,    0,    0,    0,    0,    0,    0,    0,    0,    0,  -29,    0,  -40,    0,    0,    0,  -17,  -15,   -2,  -29,    0,    0,  -51,  -30,  -59,  -49,    0,    0,    0,    0,    0,    0,    0,    0,  -15,  -45,  -17,    0,  -22,    0,    0,  -27,    0,    0,  -44,  -10,  -27,  -26,  -38,  -37,  -49,  -13,  -15,    0,  -26,    0,  -25,    0,    0,    0,  -64,    0,  -15,    0,    0,    0,    0,    0,
       0,    0,    0,    0,    0,    0,    0,    0,    0,    0,    0,    0,    0,    0,    0,    0,    0,    0,    0,    0,    0,    0,    0,    0,   -7,    0,    0,    0,    0,    0,    0,    0,    0,    0,    0,    0,    0,    0,    0,    0,    0,    0,    0,    0,    0,    0,    0,    0,    0,    0,    0,    0,    0,    0,    0,    0,    0,    0,    0,   -1,    0,    0,    0,    0,    0,    0,    0,    0,    0,    0,    0,    0,    0,    0,    0,    0,    0,    0,    0,    0,
       0,    0,    0,    0,    0,    0,    0,    0,    0,    0,  -68,    0,    0,    0,    0,    0,    0,    0,    0,    0,    0,    0,    0,    0,  -23,    0,    0,    0,    0,    0,    0,  -25,    0,    0,    0,    0,    0,    0,    0,    0,    0,    0,    0,    0,    0,    0,    0,    0,    0,    0,  -38,    0,    0,    0,    0,  -40,    0,  -33,    0,    0,    0,    0,    0,    0,    0,    0,    0,    0,    0,    0,    0,    0,    0,    0,    0,    0,    0,    0,    0,    0,
       0,    0,    0,    0,    0,    0,    0,    0,    0,    0,  -78,    0,    0,    0,    0,    0,    0,    0,    0,    0,    0,    0,  -54,    0,  -54,    0,  -22,    0,    0,    0,  -17,  -20,    0,    0,    0,    0,    0,    0,    0,    0,    0,    0,    0,    0,    0,    0,    0,  -25,    0,    0,  -54,    0,    0,    0,    0,  -47,    0,  -22,    0,    0,    0,    0,    0,    0,    0,    0,    0,    0,    0,    0,    0,    0,    0,    0,    0,    0,    0,    0,    0,    0,
       0,    0,    0,    0,    0,    0,    0,    0,    0,    0,  -26,    0,    0,    0,    0,    0,    0,    0,  -17,  -13,  -17,    0,    0,    0,   -2,    0,    0,    0,    0,    0,    0,    0,    0,    0,    0,    0,    0,    0,    0,    0,    0,    0,    0,    0,    0,    0,    0,    0,    0,    0,  -32,    0,    0,    0,    0,    0,    0,  -13,    0,    0,    0,    0,    0,  -10,    0,    0,    0,  -21,    0,    0,    0,    0,    0,    0,    0,    0,    0,    0,    0,    0,
       0,    0,    0,    0,    0,    0,    0,    0,    0,    0,  -35,    0,    0,    0,    0,    0,  -28,    0,  -27,  -41,  -22,    0,    0,    0,    0,    0,    0,    0,    0,    0,    0,    0,    0,    0,    0,    0,    0,    0,    0,    0,    0,    0,    0,    0,    0,    0,    0,    0,    0,    0,  -37,  -21,  -29,    0,    0,  -27,    0,  -26,    0,    0,    0,    0,    0,  -25,    0,    0,    0,  -32,    0,    0,    0,    0,    0,    0,    0,    0,    0,    0,    0,    0,
       0,    0,    0,    0,    0,    0,    0,    0,    0,    0,  -22,    0,    0,    0,    0,    0,  -40,    0,  -40,  -29,  -40,    0,    0,    0,    0,    0,    0,    0,    0,    0,    0,    0,    0,    0,    0,    0,    0,    0,    0,    0,    0,    0,    0,    0,    0,    0,    0,    0,    0,    0,    0,    0,    0,    0,    0,    0,    0,    0,    0,    0,    0,    0,    0,    0,    0,    0,    0,    0,    0,    0,    0,    0,    0,    0,    0,    0,    0,    0,    0,    0,
};

static const EpdLigaturePair ebgaramond_18_boldLigaturePairs[] = {
    { 0x005E0030, 0x2070 }, // ^ 0 -> U+2070
    { 0x005E0031, 0x00B9 }, // ^ 1 -> U+00B9
    { 0x005E0032, 0x00B2 }, // ^ 2 -> U+00B2
    { 0x005E0033, 0x00B3 }, // ^ 3 -> U+00B3
    { 0x005E0034, 0x2074 }, // ^ 4 -> U+2074
    { 0x005E0035, 0x2075 }, // ^ 5 -> U+2075
    { 0x005E0036, 0x2076 }, // ^ 6 -> U+2076
    { 0x005E0037, 0x2077 }, // ^ 7 -> U+2077
    { 0x005E0038, 0x2078 }, // ^ 8 -> U+2078
    { 0x005E0039, 0x2079 }, // ^ 9 -> U+2079
    { 0x00660066, 0xFB00 }, // f f -> U+FB00
    { 0x00660069, 0xFB01 }, // f i -> U+FB01
    { 0x0066006C, 0xFB02 }, // f l -> U+FB02
    { 0xFB000069, 0xFB03 }, // U+FB00 i -> U+FB03
    { 0xFB00006C, 0xFB04 }, // U+FB00 l -> U+FB04
};

static constexpr EpdFontData ebgaramond_18_bold = {
    ebgaramond_18_boldBitmaps,
    ebgaramond_18_boldGlyphs,
    ebgaramond_18_boldIntervals,
    88,
    49,
    38,
    -12,
    true,
    ebgaramond_18_boldGroups,
    18,
    nullptr,
    ebgaramond_18_boldKernLeftClasses,
    ebgaramond_18_boldKernRightClasses,
    ebgaramond_18_boldKernMatrix,
    642,
    680,
    103,
    80,
    ebgaramond_18_boldLigaturePairs,
    15,
};
