/**
 * generated by fontconvert.py
 * name: ebgaramond_14_regular
 * size: 14
 * mode: 2-bit  compressed: true
 * Command used: fontconvert.py ebgaramond_14_regular 14 ../builtinFonts/source/EBGaramond/EBGaramond-Regular.ttf ../builtinFonts/source/ChareInk7/ChareInk7-Regular.ttf ../builtinFonts/source/NotoEmoji/NotoEmoji-Regular.ttf ../builtinFonts/source/NotoSymbols/NotoSansSymbols-Regular.ttf ../builtinFonts/source/NotoSansCJKsc/NotoSansCJKsc-Regular.otf --additional-intervals 0x03BB,0x03BB --additional-intervals 0x0410,0x0414 --additional-intervals 0x0418,0x0418 --additional-intervals 0x041B,0x041B --additional-intervals 0x041D,0x0423 --additional-intervals 0x0425,0x0425 --additional-intervals 0x0427,0x0427 --additional-intervals 0x042B,0x042C --additional-intervals 0x042E,0x0432 --additional-intervals 0x0434,0x0435 --additional-intervals 0x0437,0x0437 --additional-intervals 0x043A,0x043A --additional-intervals 0x043D,0x043E --additional-intervals 0x0440,0x0440 --additional-intervals 0x0442,0x0442 --additional-intervals 0x0446,0x0446 --additional-intervals 0x044C,0x044C --additional-intervals 0x044E,0x044E --additional-intervals 0x2113,0x2113 --additional-intervals 0x2669,0x266F --additional-intervals 0x1F600,0x1F607 --additional-intervals 0x1F609,0x1F614 --additional-intervals 0x1F618,0x1F618 --additional-intervals 0x1F61A,0x1F61A --additional-intervals 0x1F61C,0x1F61D --additional-intervals 0x1F620,0x1F622 --additional-intervals 0x1F624,0x1F625 --additional-intervals 0x1F629,0x1F629 --additional-intervals 0x1F62C,0x1F62E --additional-intervals 0x1F631,0x1F635 --additional-intervals 0x1F641,0x1F642 --additional-intervals 0x1F644,0x1F644 --additional-intervals 0x1F44B,0x1F44F --additional-intervals 0x2764,0x2764 --additional-intervals 0x4F1A,0x4F1A --additional-intervals 0x53BB,0x53BB --additional-intervals 0x5458,0x5458 --additional-intervals 0x59DA,0x59DA --additional-intervals 0x5B98,0x5B98 --additional-intervals 0x5BA4,0x5BA4 --additional-intervals 0x5E26,0x5E26 --additional-intervals 0x6211,0x6211 --additional-intervals 0x62C9,0x62C9 --additional-intervals 0x653E,0x653E --additional-intervals 0x6746,0x677F --additional-intervals 0x7532,0x7532 --additional-intervals 0x7684,0x7684 --additional-intervals 0x8BAE,0x8BAE --additional-intervals 0x8BF7,0x8BF7 --additional-intervals 0x91CA,0x91CA --font-include-intervals 1:0x03BB,0x03BB --font-include-intervals 1:0x0410,0x0414 --font-include-intervals 1:0x0418,0x0418 --font-include-intervals 1:0x041B,0x041B --font-include-intervals 1:0x041D,0x0423 --font-include-intervals 1:0x0425,0x0425 --font-include-intervals 1:0x0427,0x0427 --font-include-intervals 1:0x042B,0x042C --font-include-intervals 1:0x042E,0x0432 --font-include-intervals 1:0x0434,0x0435 --font-include-intervals 1:0x0437,0x0437 --font-include-intervals 1:0x043A,0x043A --font-include-intervals 1:0x043D,0x043E --font-include-intervals 1:0x0440,0x0440 --font-include-intervals 1:0x0442,0x0442 --font-include-intervals 1:0x0446,0x0446 --font-include-intervals 1:0x044C,0x044C --font-include-intervals 1:0x044E,0x044E --font-include-intervals 1:0x2113,0x2113 --font-include-intervals 2:0x1F600,0x1F607 --font-include-intervals 2:0x1F609,0x1F614 --font-include-intervals 2:0x1F618,0x1F618 --font-include-intervals 2:0x1F61A,0x1F61A --font-include-intervals 2:0x1F61C,0x1F61D --font-include-intervals 2:0x1F620,0x1F622 --font-include-intervals 2:0x1F624,0x1F625 --font-include-intervals 2:0x1F629,0x1F629 --font-include-intervals 2:0x1F62C,0x1F62E --font-include-intervals 2:0x1F631,0x1F635 --font-include-intervals 2:0x1F641,0x1F642 --font-include-intervals 2:0x1F644,0x1F644 --font-include-intervals 2:0x1F44B,0x1F44F --font-include-intervals 2:0x2764,0x2764 --font-include-intervals 3:0x2669,0x266F --font-include-intervals 4:0x4F1A,0x4F1A --font-include-intervals 4:0x53BB,0x53BB --font-include-intervals 4:0x5458,0x5458 --font-include-intervals 4:0x59DA,0x59DA --font-include-intervals 4:0x5B98,0x5B98 --font-include-intervals 4:0x5BA4,0x5BA4 --font-include-intervals 4:0x5E26,0x5E26 --font-include-intervals 4:0x6211,0x6211 --font-include-intervals 4:0x62C9,0x62C9 --font-include-intervals 4:0x653E,0x653E --font-include-intervals 4:0x6746,0x677F --font-include-intervals 4:0x7532,0x7532 --font-include-intervals 4:0x7684,0x7684 --font-include-intervals 4:0x8BAE,0x8BAE --font-include-intervals 4:0x8BF7,0x8BF7 --font-include-intervals 4:0x91CA,0x91CA --2bit --compress --pnum --darken-aa
 */
#pragma once
#include "EpdFontData.h"

static const uint8_t ebgaramond_14_regularBitmaps[38420] = {
    0xA5, 0x58, 0x4D, 0x6C, 0xDC, 0xC6, 0x15, 0x7E, 0x24, 0x63, 0xD3, 0x0E, 0x23, 0x8D, 0x0E, 0x36,
    0x9A, 0x1F, 0xD9, 0xD4, 0x21, 0x2D, 0xDC, 0x60, 0x2D, 0xEA, 0x20, 0xB4, 0x42, 0x4B, 0x2D, 0x19,
    0xE7, 0xD0, 0x02, 0xB9, 0xE8, 0x10, 0x1D, 0xDA, 0x00, 0x41, 0x0E, 0x29, 0xD0, 0x04, 0x68, 0xAD,
    0x83, 0x80, 0xAA, 0xA8, 0x24, 0xB2, 0x08, 0x90, 0x02, 0x45, 0x81, 0xA8, 0x40, 0xD1, 0x6B, 0x75,
    0x30, 0x8A, 0xD4, 0x3E, 0x58, 0x6D, 0x75, 0x70, 0x11, 0xD9, 0x3B, 0x8D, 0x0F, 0x3E, 0xF4, 0x42,
    0x24, 0x28, 0x12, 0x20, 0x17, 0x1A, 0x0D, 0x9A, 0xB6, 0x2E, 0x10, 0x26, 0x61, 0x62, 0xC6, 0xE6,
    0x2E, 0xFB, 0xBD, 0x37, 0x5C, 0x69, 0x95, 0x58, 0x8E, 0x93, 0x92, 0x3B, 0x6F, 0xB8, 0x1C, 0xCE,
    0xCC, 0x9B, 0xF7, 0xBE, 0xF7, 0x33, 0x73, 0x92, 0x22, 0xB9, 0x03, 0xB9, 0x4F, 0xE2, 0x1E, 0xA7,
    0x31, 0x7A, 0x00, 0xB7, 0xB9, 0x02, 0x8A, 0xE2, 0x88, 0x8E, 0xD0, 0xE4, 0x83, 0xE1, 0x2A, 0xEE,
    0x95, 0xD9, 0xA5, 0x99, 0xA5, 0xA9, 0x05, 0x34, 0xDC, 0x77, 0x88, 0x68, 0x72, 0x8C, 0xA8, 0x83,
    0x2F, 0xE7, 0x26, 0x89, 0x66, 0x4E, 0x11, 0x2D, 0xCD, 0x91, 0x6A, 0x9A, 0x58, 0x35, 0xB7, 0x88,
    0xB2, 0x4D, 0xB2, 0x74, 0x4E, 0xB6, 0xD6, 0xE4, 0xBC, 0xF4, 0x16, 0x25, 0x4D, 0x4D, 0xC9, 0x85,
    0x0D, 0xF2, 0x1C, 0xA2, 0x71, 0x97, 0x68, 0xCC, 0x43, 0xF7, 0x71, 0xD3, 0x5D, 0xAE, 0xA3, 0x78,
    0x4F, 0xF4, 0x63, 0x72, 0x9B, 0x7C, 0x7A, 0xB2, 0x08, 0x27, 0x97, 0x57, 0x3B, 0x8F, 0xAE, 0x9D,
    0xA2, 0x64, 0x8E, 0xA2, 0x92, 0x54, 0x9F, 0xEC, 0x26, 0xA5, 0x24, 0xA7, 0x9F, 0x94, 0xF4, 0xC7,
    0x2A, 0xDE, 0xAC, 0xB2, 0xBC, 0x2A, 0xB2, 0xE2, 0xD2, 0xEB, 0x79, 0xD4, 0xA4, 0xF6, 0x3B, 0x98,
    0x0A, 0x33, 0x11, 0xC5, 0x3C, 0x92, 0xC5, 0xC4, 0x23, 0xB7, 0xA4, 0x13, 0x34, 0x79, 0x82, 0x42,
    0x9A, 0x53, 0xB4, 0x45, 0xCB, 0x1E, 0xE5, 0xB4, 0xED, 0x3D, 0xA1, 0x41, 0x9E, 0x24, 0x10, 0xCC,
    0x36, 0xE7, 0x85, 0x44, 0xE1, 0xD8, 0x72, 0x94, 0x8E, 0xAF, 0xE4, 0x59, 0x6E, 0x9D, 0xB9, 0xAA,
    0xB7, 0xC8, 0x7D, 0x22, 0x5D, 0x26, 0xE5, 0xA6, 0x2B, 0xD4, 0x61, 0x32, 0xE7, 0xE2, 0x6F, 0xE1,
    0xA4, 0x5B, 0x56, 0x66, 0xEB, 0xDC, 0x49, 0xE9, 0xE3, 0x14, 0xAC, 0x1F, 0x83, 0x90, 0xF8, 0xBA,
    0x5F, 0x66, 0xFC, 0x4B, 0x01, 0x62, 0xEB, 0x39, 0x50, 0x47, 0x87, 0xBB, 0xD4, 0x2A, 0x56, 0xB8,
    0x75, 0x27, 0x77, 0xDE, 0x8B, 0x21, 0x62, 0xAB, 0x20, 0xEB, 0x62, 0x0A, 0x36, 0x3D, 0x27, 0x87,
    0x04, 0x3A, 0x54, 0x61, 0xED, 0x2B, 0x34, 0x3F, 0x43, 0x54, 0x91, 0xD2, 0x4C, 0x3D, 0xA1, 0x2A,
    0x23, 0xEA, 0xD3, 0x6C, 0x49, 0x94, 0xDC, 0xC8, 0xAE, 0x7C, 0x9F, 0xFC, 0x26, 0x0E, 0x6A, 0xB2,
    0xCE, 0x91, 0x9D, 0xD2, 0x64, 0x18, 0x86, 0xB3, 0x33, 0x53, 0xCC, 0xC1, 0x32, 0xE5, 0x8E, 0x76,
    0x53, 0x45, 0x3E, 0xCD, 0x63, 0x95, 0xAB, 0xB4, 0x43, 0x35, 0x7A, 0x57, 0xA0, 0x35, 0x9E, 0x57,
    0xF1, 0x76, 0x1A, 0x6D, 0x8A, 0xBC, 0xD4, 0xD1, 0x76, 0x46, 0x05, 0x81, 0xC1, 0x67, 0x41, 0x4E,
    0xE3, 0x9D, 0xCB, 0xEF, 0x72, 0xBC, 0x2B, 0xD1, 0x61, 0x67, 0xE4, 0xE6, 0x21, 0x0A, 0xAB, 0xB0,
    0x65, 0x6C, 0x0F, 0x3A, 0x09, 0x31, 0x11, 0xAE, 0x94, 0x08, 0xCC, 0xBD, 0x91, 0x76, 0x1B, 0x72,
    0x2B, 0x72, 0x1A, 0x3A, 0xF9, 0x27, 0x7D, 0x6C, 0x09, 0x7A, 0xA7, 0xE1, 0x05, 0xD9, 0x60, 0xE1,
    0x9F, 0x29, 0x49, 0xD3, 0xD4, 0x2F, 0x5C, 0xF8, 0xCF, 0xB9, 0x3B, 0xB5, 0x49, 0x1F, 0xE8, 0xEB,
    0x10, 0x05, 0x3A, 0xD0, 0x4E, 0x66, 0x69, 0x5B, 0x3B, 0xF1, 0x69, 0x9A, 0x20, 0x7A, 0x30, 0xAA,
    0xA3, 0x73, 0x44, 0xA7, 0x93, 0xE8, 0x3E, 0x80, 0x8D, 0x98, 0x77, 0xF0, 0x01, 0x41, 0x67, 0xAC,
    0x69, 0xF4, 0x83, 0x16, 0x14, 0x41, 0xC5, 0x60, 0x90, 0x66, 0x09, 0x1A, 0xA6, 0x5C, 0x5A, 0x34,
    0xB9, 0x31, 0xB7, 0x30, 0x36, 0xA5, 0x1B, 0x98, 0xA4, 0xE3, 0x98, 0xE6, 0x46, 0x86, 0x16, 0x60,
    0x09, 0x8B, 0x3C, 0x2D, 0x12, 0x8B, 0x50, 0x02, 0xC8, 0xC9, 0xC7, 0x1B, 0x15, 0x7F, 0xAA, 0xC8,
    0xFB, 0xAE, 0x58, 0x05, 0xCB, 0x2B, 0x84, 0x6E, 0xB6, 0xC8, 0xBE, 0x05, 0x9E, 0x1F, 0xC2, 0x78,
    0x53, 0xAC, 0xCD, 0xA4, 0xA0, 0x47, 0x0A, 0x72, 0xEE, 0xED, 0x07, 0x38, 0xF6, 0x00, 0x61, 0xC3,
    0x8B, 0xDD, 0x64, 0xA4, 0xDE, 0x2B, 0x29, 0xB4, 0x6A, 0xB0, 0xB7, 0x83, 0x97, 0xAB, 0x0C, 0x94,
    0xB6, 0x94, 0x0C, 0x1D, 0x23, 0x1F, 0x2C, 0x92, 0x97, 0xC8, 0x4B, 0xB7, 0x80, 0x0A, 0xAC, 0x2C,
    0x1D, 0xC3, 0xE2, 0x23, 0x58, 0x59, 0xD3, 0x34, 0x46, 0xEE, 0xC7, 0x61, 0x33, 0xDA, 0xBF, 0x58,
    0xCC, 0x3A, 0xC5, 0xB3, 0x8C, 0xB1, 0x82, 0x6C, 0x5E, 0x29, 0x4D, 0xC7, 0x56, 0x53, 0xD8, 0xDF,
    0xA9, 0x19, 0x4C, 0x74, 0x85, 0xB0, 0x18, 0xAC, 0x9A, 0xA5, 0x75, 0x69, 0x8A, 0x8A, 0xBE, 0x97,
    0x26, 0x95, 0xE9, 0x7F, 0x84, 0x44, 0x80, 0xB4, 0x49, 0x6C, 0x46, 0xE4, 0xC4, 0x62, 0x89, 0x34,
    0xF9, 0x28, 0x94, 0x0B, 0x76, 0xF2, 0x1A, 0x62, 0xAD, 0xC9, 0x01, 0x32, 0xC6, 0x50, 0x82, 0xA6,
    0x29, 0x92, 0x66, 0x80, 0x8F, 0x31, 0xF0, 0x68, 0xF1, 0x1B, 0x6D, 0xC6, 0x8B, 0xAD, 0x5E, 0xAE,
    0x1A, 0x3D, 0xFE, 0x1B, 0x7A, 0x54, 0xE0, 0x01, 0x23, 0x80, 0xE1, 0x46, 0x03, 0xAC, 0x5A, 0x93,
    0x0F, 0xEE, 0x4A, 0x06, 0x39, 0x77, 0xA9, 0x78, 0xAD, 0x40, 0x21, 0x60, 0xBF, 0xCE, 0xDF, 0xC8,
    0x05, 0x90, 0x33, 0x9F, 0x78, 0xCD, 0x5A, 0x64, 0x7E, 0x59, 0x20, 0x0E, 0xFE, 0xB2, 0x75, 0xA8,
    0x94, 0x7D, 0x12, 0x51, 0xE4, 0xF6, 0xA9, 0xFB, 0x58, 0x2F, 0xEE, 0xC2, 0x72, 0x4C, 0xF1, 0x74,
    0x04, 0xA4, 0xFB, 0xB0, 0x07, 0x95, 0x9F, 0xC0, 0x5C, 0xE8, 0xF4, 0xB0, 0x58, 0x27, 0x41, 0x5A,
    0x70, 0x13, 0x8D, 0x5E, 0x86, 0xE4, 0x16, 0x08, 0xA6, 0x27, 0xC6, 0x3B, 0xD9, 0x2E, 0x1B, 0xC0,
    0x61, 0x64, 0xF3, 0xB4, 0xF0, 0x4D, 0x66, 0xE9, 0x23, 0x4D, 0x19, 0x89, 0x67, 0xE1, 0xA6, 0xC3,
    0x46, 0xDA, 0xCE, 0xBB, 0x99, 0xA2, 0xB2, 0x4B, 0xAB, 0xF3, 0xB4, 0x0A, 0x1A, 0xC4, 0xDB, 0x2A,
    0xCF, 0x9C, 0x01, 0x51, 0x03, 0x81, 0xE7, 0x9E, 0x57, 0x9D, 0xB6, 0xEA, 0x90, 0xAE, 0xAC, 0x52,
    0x17, 0x26, 0xD8, 0xA5, 0x30, 0x80, 0xB3, 0xB9, 0xA1, 0xE9, 0xB9, 0x3D, 0xCD, 0x43, 0x02, 0x1D,
    0x68, 0x3A, 0x84, 0x4A, 0x56, 0x81, 0xC2, 0x1D, 0xAC, 0x28, 0x21, 0x3F, 0x8E, 0x6E, 0xF8, 0xE4,
    0xD5, 0x01, 0x99, 0x15, 0x76, 0x5B, 0x54, 0x60, 0x1D, 0x36, 0xD0, 0xE0, 0x82, 0x09, 0xDF, 0xBC,
    0x62, 0x59, 0xFC, 0x08, 0x8F, 0x2B, 0xFD, 0x7A, 0x82, 0xDA, 0x5A, 0x51, 0x80, 0xB5, 0x1F, 0x6A,
    0x4D, 0xF1, 0x0E, 0xF6, 0xC4, 0xA6, 0x4F, 0x2E, 0x7A, 0x26, 0x31, 0x63, 0x71, 0x58, 0x45, 0x10,
    0xD1, 0x3A, 0x1A, 0x7D, 0xB4, 0x58, 0x83, 0x7D, 0x0F, 0x99, 0x81, 0x21, 0xB1, 0xCA, 0xF3, 0x1E,
    0x0A, 0x8D, 0x5C, 0xC3, 0x77, 0x18, 0x54, 0xFA, 0x2B, 0x6E, 0x1D, 0xEC, 0x7B, 0xC8, 0xDA, 0xF9,
    0x52, 0x76, 0x18, 0x5C, 0x39, 0xED, 0x7C, 0xCB, 0xED, 0x18, 0x13, 0xF8, 0xAE, 0xD1, 0x5F, 0xCB,
    0x01, 0x92, 0x53, 0x10, 0x48, 0x48, 0xB5, 0x57, 0x45, 0x39, 0x5B, 0xE5, 0x1C, 0xDC, 0x9B, 0x68,
    0x0E, 0x72, 0xE1, 0xE8, 0x43, 0x80, 0x14, 0xE6, 0x3C, 0x3F, 0x20, 0xAB, 0x84, 0xA2, 0xDD, 0x14,
    0x9C, 0x8D, 0xD3, 0xA1, 0xEF, 0xAE, 0x74, 0xAC, 0xDB, 0x75, 0x38, 0xE7, 0xC5, 0xD5, 0x89, 0xA5,
    0x93, 0xB4, 0x3D, 0xB6, 0x15, 0x52, 0xB1, 0x47, 0x3A, 0x4B, 0x5D, 0x2B, 0x5F, 0x9E, 0xF3, 0x2F,
    0xDC, 0xCE, 0x42, 0x7B, 0xF3, 0x79, 0x81, 0x93, 0x80, 0x68, 0x03, 0x0A, 0xC0, 0x18, 0xC9, 0xEF,
    0x6B, 0x92, 0xB8, 0x32, 0xBC, 0x24, 0x72, 0x00, 0x44, 0x4C, 0x95, 0xA0, 0xD9, 0x17, 0xFA, 0x6D,
    0x59, 0xFA, 0x37, 0x44, 0x18, 0x5B, 0x42, 0x73, 0xB1, 0x1D, 0xBD, 0x23, 0x7E, 0x5F, 0x3C, 0x7E,
    0xCA, 0xFA, 0x72, 0x17, 0x13, 0xEE, 0x2A, 0x96, 0x39, 0x26, 0x58, 0xED, 0xC8, 0x84, 0xA1, 0x18,
    0xF3, 0xB6, 0x68, 0xCE, 0x38, 0x84, 0x9A, 0xDC, 0x1A, 0xC0, 0x4C, 0x93, 0xA1, 0xD5, 0xB4, 0x40,
    0x4D, 0x9D, 0xC2, 0x85, 0xFB, 0xB5, 0x2A, 0x88, 0xBE, 0x6E, 0x0B, 0x9E, 0xF9, 0xF6, 0x32, 0x0B,
    0x66, 0x6F, 0x55, 0x5E, 0xD1, 0xBE, 0x4F, 0x50, 0xA2, 0x91, 0xB2, 0x8E, 0xAF, 0x6A, 0xA7, 0x7E,
    0x04, 0xF6, 0xD9, 0xC4, 0x2D, 0x10, 0x10, 0xAA, 0xDD, 0x5B, 0x98, 0xA3, 0x4B, 0x18, 0x16, 0xF2,
    0x2F, 0x5C, 0xA8, 0x65, 0x8B, 0x39, 0x9B, 0x89, 0x8C, 0x84, 0x49, 0x9C, 0x03, 0xD1, 0x65, 0x26,
    0xFD, 0xDD, 0xBF, 0x42, 0x12, 0xF9, 0x24, 0x6E, 0x05, 0x31, 0xE1, 0x81, 0xFD, 0x25, 0xA7, 0xE2,
    0x35, 0xF4, 0x58, 0xB7, 0xDE, 0xAD, 0x1E, 0x06, 0x7A, 0x98, 0xD3, 0x81, 0x63, 0x86, 0x7D, 0xF4,
    0x47, 0x7B, 0x90, 0x31, 0x72, 0xF0, 0xC0, 0xF8, 0xE9, 0x0B, 0x4D, 0x84, 0x46, 0x31, 0x53, 0x5F,
    0x33, 0x55, 0x77, 0xA5, 0xBE, 0x7C, 0x19, 0x48, 0xAF, 0x79, 0xA1, 0x35, 0xEB, 0x9E, 0x45, 0xD7,
    0x07, 0xD4, 0x79, 0x2E, 0x51, 0xC1, 0x7D, 0xAD, 0xE8, 0x80, 0xC5, 0xCC, 0x2D, 0x10, 0x11, 0x73,
    0x70, 0x98, 0xD3, 0x14, 0x4B, 0x7A, 0xAF, 0xDC, 0x4F, 0xCE, 0x47, 0xCF, 0x20, 0x68, 0x0D, 0xCC,
    0x73, 0x7E, 0x98, 0xF6, 0xB7, 0xD3, 0x24, 0xCA, 0x1C, 0x4B, 0x08, 0xE3, 0x14, 0x43, 0x78, 0x62,
    0x8E, 0x02, 0x98, 0xDD, 0xC2, 0xEC, 0x33, 0x28, 0x13, 0xCC, 0xC5, 0x5E, 0xB1, 0x53, 0xEB, 0xA3,
    0xA7, 0x53, 0xA8, 0x24, 0xB5, 0x90, 0x1E, 0xE0, 0x5D, 0xBC, 0xAF, 0xBD, 0x34, 0xC5, 0xAE, 0xD9,
    0x56, 0x86, 0x10, 0x3B, 0x0E, 0x51, 0xBA, 0xE8, 0x01, 0x93, 0x51, 0x19, 0x9A, 0xED, 0x8C, 0xD5,
    0x91, 0xB3, 0x3A, 0x16, 0x0E, 0x54, 0x07, 0xC8, 0x1F, 0x7E, 0x88, 0xBF, 0xBD, 0x6A, 0x9D, 0x79,
    0xC5, 0x27, 0x4E, 0x06, 0x09, 0x38, 0x19, 0x20, 0xEA, 0x64, 0x2C, 0x91, 0x1C, 0x5D, 0x60, 0x6E,
    0x8A, 0xC5, 0x4F, 0xDF, 0x8B, 0x77, 0x45, 0x82, 0x37, 0x99, 0x27, 0x2A, 0x60, 0xEF, 0xB1, 0xF3,
    0x79, 0x34, 0x13, 0x8A, 0xB8, 0x52, 0x7F, 0x81, 0xEF, 0x3D, 0x51, 0x8D, 0x99, 0x6B, 0x04, 0xC8,
    0x1A, 0x08, 0x37, 0xC1, 0xE8, 0x1E, 0x7F, 0xF8, 0x7E, 0xCF, 0x16, 0xA0, 0x28, 0xF8, 0x11, 0x4C,
    0xF3, 0x65, 0x7E, 0x9C, 0x1A, 0x9C, 0x1E, 0xA7, 0xE8, 0x15, 0xF1, 0x65, 0x2D, 0x3F, 0x29, 0xEB,
    0xBE, 0xA2, 0x28, 0x65, 0xAD, 0x70, 0x5A, 0x06, 0xAC, 0x30, 0xE5, 0x68, 0x07, 0x77, 0xC1, 0x1F,
    0x15, 0xB3, 0x42, 0x65, 0x15, 0x37, 0x85, 0x13, 0xE3, 0xF2, 0x3E, 0x14, 0xA0, 0x15, 0xEC, 0xD3,
    0xA8, 0x8C, 0x58, 0x95, 0x25, 0xFB, 0x36, 0x2A, 0xD9, 0x9F, 0x51, 0x69, 0x41, 0xE8, 0x56, 0xC5,
    0xFE, 0x14, 0xBA, 0x06, 0xF2, 0x03, 0x99, 0x8B, 0x46, 0xAD, 0x3A, 0x37, 0x38, 0x30, 0xEE, 0xF4,
    0xFF, 0x20, 0x8C, 0x32, 0x9B, 0x89, 0x13, 0x63, 0x2D, 0x3E, 0x1B, 0x41, 0x43, 0xFB, 0xBC, 0xB2,
    0x38, 0xB4, 0x98, 0xFD, 0x37, 0x33, 0xD7, 0x33, 0xF8, 0x46, 0xC5, 0x96, 0x0B, 0x5B, 0x65, 0xE7,
    0xDC, 0xD3, 0x14, 0xA0, 0xBA, 0x90, 0xD1, 0x37, 0x51, 0xFD, 0x23, 0xA7, 0x3F, 0xA3, 0x7A, 0xBD,
    0xA0, 0x37, 0x50, 0xE9, 0xCA, 0xBE, 0x8A, 0x79, 0x74, 0xED, 0x9C, 0xE1, 0x6A, 0xCD, 0x43, 0xE4,
    0xB1, 0x74, 0x77, 0x4C, 0xAA, 0xA0, 0x83, 0xCA, 0xD6, 0x6A, 0xDB, 0x54, 0x05, 0x2A, 0x47, 0x7B,
    0x19, 0x2A, 0x37, 0x73, 0x34, 0x18, 0x4A, 0xFA, 0x4E, 0x1C, 0x8C, 0xFA, 0x33, 0x06, 0x21, 0xD8,
    0x68, 0x2A, 0xAF, 0xE6, 0xC8, 0x6D, 0x81, 0x59, 0x44, 0x5F, 0x7C, 0xE1, 0x8A, 0x6C, 0x41, 0xDF,
    0x2C, 0x99, 0xBE, 0x5E, 0x33, 0xCD, 0x7A, 0x42, 0x23, 0xCD, 0x54, 0x71, 0x8A, 0x9C, 0x39, 0x15,
    0x53, 0xAB, 0xCF, 0x94, 0x12, 0xA1, 0xC1, 0x35, 0xCE, 0x84, 0xD4, 0x4D, 0xA6, 0xC8, 0x42, 0x91,
    0xEA, 0x50, 0xC3, 0x6E, 0x01, 0x1E, 0x26, 0x18, 0x98, 0x10, 0x09, 0x19, 0xA0, 0x2C, 0xB2, 0xD7,
    0x62, 0x27, 0xF1, 0x09, 0xF5, 0x62, 0x07, 0x5D, 0x32, 0x98, 0x99, 0x53, 0xE0, 0x03, 0xAB, 0x66,
    0x5F, 0xDD, 0x5F, 0x63, 0x53, 0x63, 0x0F, 0x1E, 0x09, 0x61, 0x05, 0x45, 0x6C, 0x40, 0x11, 0xDB,
    0x5F, 0xC4, 0xAE, 0xAF, 0xCB, 0xE6, 0xB8, 0x0A, 0x5B, 0xA3, 0x1D, 0x0E, 0x07, 0x05, 0xDB, 0x5A,
    0x86, 0xA0, 0x15, 0xC4, 0x66, 0x64, 0x7A, 0x7E, 0xD7, 0x6F, 0xC7, 0x4E, 0xE9, 0x0C, 0xFD, 0xF2,
    0x0E, 0xCA, 0x1A, 0xCA, 0x7C, 0x5B, 0xEF, 0xEC, 0xF9, 0xF0, 0xA7, 0xE1, 0xDC, 0x5E, 0xA1, 0xFD,
    0x8E, 0xC4, 0x38, 0x0A, 0xE0, 0x9F, 0x61, 0xDA, 0x8A, 0x6D, 0x51, 0xA8, 0x99, 0x04, 0x69, 0x52,
    0x2F, 0x66, 0xA3, 0x97, 0x90, 0x2A, 0x8B, 0x90, 0x75, 0x22, 0x77, 0x94, 0x24, 0x01, 0x3C, 0xAF,
    0x19, 0xAF, 0xB1, 0x63, 0x3C, 0x48, 0x5B, 0xD5, 0xA6, 0xEA, 0x9B, 0xEA, 0x8A, 0xA9, 0x12, 0x93,
    0x59, 0x44, 0x26, 0x93, 0x90, 0xA5, 0x99, 0x58, 0xC7, 0x09, 0xA7, 0x2C, 0x8F, 0xA3, 0xB7, 0x1F,
    0xEF, 0xCD, 0x6E, 0xB5, 0x1A, 0x0D, 0x8C, 0x5F, 0x74, 0xEB, 0xD6, 0x44, 0x8D, 0x9B, 0x09, 0x8C,
    0x89, 0xB9, 0xCD, 0x79, 0x61, 0x3D, 0x69, 0x91, 0x1F, 0xEF, 0x45, 0x34, 0x3C, 0xDA, 0x15, 0x27,
    0x02, 0x56, 0x69, 0x1B, 0xA7, 0x58, 0xC9, 0xAA, 0x6B, 0xA1, 0xF2, 0x2C, 0xCE, 0x92, 0xA5, 0x0B,
    0xCA, 0xE1, 0xD2, 0x1A, 0xF0, 0x30, 0xD6, 0x47, 0x3D, 0xC1, 0xBD, 0x8A, 0x77, 0xDF, 0xB7, 0xDF,
    0xB4, 0x23, 0x5C, 0x96, 0xD1, 0x10, 0x9E, 0x20, 0x3B, 0x20, 0x1B, 0xD2, 0x73, 0x0C, 0xAF, 0x2F,
    0xC4, 0xF0, 0xB4, 0x4E, 0x53, 0x22, 0xD5, 0x47, 0x9E, 0x1F, 0xD2, 0xE4, 0xAA, 0x24, 0x29, 0xB0,
    0x5D, 0xA4, 0x9F, 0xDE, 0x40, 0x20, 0x18, 0x88, 0xCB, 0x61, 0x2E, 0xD6, 0x32, 0x9A, 0xCF, 0x69,
    0x15, 0x7A, 0x82, 0xA2, 0x82, 0xF7, 0x34, 0x36, 0x5A, 0x72, 0xF1, 0xCE, 0xF4, 0xA8, 0x0F, 0x13,
    0x1B, 0x74, 0x17, 0x07, 0x8B, 0x6B, 0x33, 0x90, 0xD4, 0x03, 0x13, 0x20, 0x47, 0x4C, 0x5E, 0xF6,
    0x65, 0x09, 0x6B, 0x47, 0x12, 0x24, 0x7F, 0x37, 0xD2, 0x18, 0x51, 0xF5, 0x81, 0x67, 0xCD, 0xEE,
    0xF4, 0xB2, 0x58, 0x6D, 0x28, 0xCA, 0xB8, 0x3B, 0x9D, 0xBB, 0x13, 0xCD, 0x87, 0x74, 0x56, 0x90,
    0xB2, 0xC5, 0xDE, 0x89, 0x9D, 0x5D, 0x5F, 0x92, 0x90, 0x28, 0x63, 0x13, 0xF1, 0x8C, 0x6E, 0x1F,
    0x1A, 0xEA, 0x09, 0x7E, 0xA4, 0x19, 0xA8, 0x02, 0x62, 0xE4, 0xB0, 0x8E, 0x24, 0x04, 0xC9, 0x12,
    0x0C, 0x7B, 0x9C, 0xC1, 0x37, 0xC9, 0x52, 0x0A, 0x19, 0x64, 0xB3, 0x8C, 0x9D, 0x2D, 0x0E, 0xCB,
    0x18, 0xCE, 0x7F, 0x9C, 0xD3, 0xF1, 0xAB, 0x50, 0xBB, 0x77, 0x95, 0xE1, 0x79, 0x83, 0xB3, 0x20,
    0xD1, 0x5B, 0x6D, 0x40, 0x4B, 0x9C, 0xF1, 0x90, 0xD9, 0x7F, 0x8D, 0x5C, 0x4D, 0xDD, 0x7C, 0xDC,
    0x44, 0xB5, 0xCA, 0xFD, 0xAC, 0x50, 0xDA, 0x41, 0xC4, 0xD6, 0x5E, 0xEC, 0x14, 0xF6, 0xFB, 0x5A,
    0xB1, 0x3A, 0x6F, 0xC6, 0xE3, 0x3C, 0x5F, 0xC3, 0xD3, 0xEE, 0x40, 0x6B, 0x1D, 0x9E, 0x33, 0xE2,
    0x7D, 0x1C, 0x1F, 0x53, 0x2C, 0x71, 0x66, 0x10, 0xA5, 0x5B, 0x8C, 0xD9, 0x8B, 0x5A, 0xF6, 0x04,
    0xD7, 0x32, 0x4E, 0xCF, 0xAF, 0x5F, 0xFD, 0x80, 0xAB, 0x0F, 0xCF, 0x7C, 0xC8, 0x68, 0xB9, 0x4D,
    0x8D, 0x91, 0x72, 0x63, 0x24, 0xCE, 0xF6, 0x81, 0x25, 0x70, 0xA2, 0x86, 0x91, 0x3A, 0xFB, 0x19,
    0x62, 0x45, 0x60, 0xBF, 0xC2, 0xDE, 0xA9, 0x2F, 0x96, 0x21, 0x29, 0x8A, 0xEC, 0xBE, 0x72, 0x8F,
    0x57, 0x56, 0x9C, 0xE4, 0xAF, 0x6A, 0xDE, 0xDE, 0xD3, 0xBA, 0xC9, 0x88, 0xF5, 0x5E, 0x8A, 0xA8,
    0xE4, 0xCD, 0xB7, 0x4A, 0x09, 0x12, 0xB5, 0x24, 0x84, 0x6C, 0x5D, 0x6E, 0xCC, 0xC6, 0x75, 0x52,
    0x3E, 0x5A, 0x45, 0xF2, 0xC5, 0x11, 0xC0, 0xFB, 0x6C, 0xCA, 0x47, 0x4D, 0xDF, 0x6E, 0x0A, 0xC0,
    0x32, 0xE2, 0x6F, 0x42, 0x98, 0x0A, 0xAF, 0xB1, 0x66, 0x01, 0x5F, 0xE1, 0xDD, 0x58, 0xC4, 0x01,
    0x4A, 0xFD, 0x92, 0x55, 0xF6, 0x5F, 0x92, 0xE4, 0xCA, 0x6C, 0x07, 0x0E, 0x0E, 0x14, 0xD2, 0xCA,
    0xD0, 0xDE, 0x8B, 0xA7, 0x47, 0xC9, 0x64, 0xA5, 0x4D, 0xEA, 0x2F, 0x1C, 0xEF, 0xF1, 0xFA, 0xFB,
    0xC8, 0xB9, 0x6D, 0x1E, 0xCB, 0x2D, 0x86, 0x0B, 0x91, 0x34, 0x6F, 0x9D, 0xDA, 0x0D, 0x1D, 0x23,
    0x87, 0xBC, 0x6C, 0x98, 0x02, 0x47, 0xC3, 0x6C, 0x84, 0x3B, 0x69, 0x6E, 0xD4, 0x70, 0x46, 0x8E,
    0x46, 0xBC, 0x3B, 0x9B, 0xEE, 0x85, 0xA1, 0x17, 0x36, 0x07, 0x1B, 0x25, 0x7D, 0x91, 0x7B, 0x10,
    0xF7, 0x8A, 0x09, 0xD9, 0xA6, 0x77, 0x64, 0xEF, 0xA5, 0x64, 0x93, 0xEB, 0x98, 0xE3, 0x9C, 0x5C,
    0xB6, 0x60, 0x73, 0xB2, 0x09, 0x3C, 0x21, 0x6D, 0x9E, 0x1C, 0x19, 0xB4, 0x6D, 0x85, 0x6C, 0x25,
    0xD0, 0x36, 0xF9, 0xD8, 0xE6, 0x63, 0x15, 0x7D, 0xA1, 0xFB, 0x70, 0x95, 0x94, 0x92, 0x3C, 0x76,
    0xDA, 0xD5, 0xDD, 0xC4, 0xB0, 0xAF, 0xF1, 0xC1, 0x02, 0x43, 0x7F, 0x16, 0xAF, 0x3B, 0xA0, 0x0A,
    0x9B, 0x62, 0xBB, 0x35, 0x90, 0xA6, 0x5A, 0x5C, 0x5C, 0x5C, 0xC0, 0xAE, 0x4E, 0x4E, 0x4F, 0xC0,
    0x02, 0x3B, 0x3C, 0xBB, 0x4F, 0x27, 0x7B, 0xB4, 0x82, 0xFD, 0xA0, 0x12, 0xFE, 0x14, 0x47, 0x5B,
    0xFF, 0x77, 0x88, 0x17, 0x54, 0x29, 0xAA, 0xA3, 0xA7, 0x92, 0xB7, 0xCB, 0xA3, 0x56, 0xCC, 0x1B,
    0x0B, 0x04, 0x0D, 0x91, 0xB1, 0x3A, 0xA8, 0x3C, 0xD9, 0x27, 0xF5, 0xCE, 0xD9, 0x54, 0xA5, 0x9E,
    0x56, 0xB1, 0x93, 0xAB, 0xD8, 0x86, 0xEB, 0xB3, 0x46, 0x8A, 0x8D, 0x44, 0xD1, 0xD1, 0x0A, 0xA0,
    0x54, 0x03, 0xF8, 0xBE, 0xC3, 0x62, 0xBC, 0xD8, 0xBF, 0x28, 0xAF, 0xE8, 0xD0, 0xC6, 0x8A, 0x08,
    0xC4, 0xFC, 0x4A, 0x51, 0xE2, 0x3A, 0x4D, 0x45, 0xFF, 0xC4, 0x56, 0x3C, 0xA5, 0x73, 0xB2, 0x27,
    0x34, 0x41, 0x80, 0xB5, 0x38, 0x7F, 0xC7, 0x62, 0x21, 0x7F, 0x54, 0x67, 0xFA, 0x90, 0xE8, 0x1A,
    0x9F, 0x4B, 0x61, 0x94, 0x79, 0x0C, 0x66, 0x0A, 0x3F, 0x57, 0x28, 0x6B, 0x28, 0xC1, 0xAF, 0x9B,
    0x05, 0xAF, 0x49, 0x36, 0xE8, 0xB9, 0x29, 0x23, 0x1B, 0xED, 0xC6, 0xD8, 0x8E, 0x6D, 0x4F, 0x9F,
    0xAF, 0xBA, 0xE7, 0x37, 0x43, 0x51, 0x49, 0x28, 0x61, 0x26, 0x48, 0x8F, 0xA8, 0x4F, 0xB6, 0x1D,
    0x64, 0x86, 0x5F, 0x07, 0x3A, 0x5F, 0x61, 0x53, 0x83, 0x3F, 0x80, 0x90, 0xB4, 0x65, 0x76, 0xD5,
    0x6D, 0x71, 0xDB, 0xC2, 0x67, 0x08, 0xC8, 0x1D, 0x65, 0xCF, 0xF4, 0x79, 0x25, 0xAA, 0xF7, 0x8C,
    0xC8, 0x6E, 0xFE, 0x1E, 0xAB, 0x33, 0x4D, 0x3A, 0x2D, 0x3C, 0x5E, 0x92, 0xC2, 0x9E, 0xCA, 0x07,
    0xEF, 0xDE, 0x9B, 0x5A, 0xFC, 0xD2, 0x58, 0xBB, 0xA7, 0x8E, 0x9A, 0x0D, 0xB8, 0x3F, 0xA4, 0xC4,
    0x8F, 0xB3, 0x25, 0xF0, 0x39, 0x8F, 0x87, 0x5E, 0xE3, 0xF0, 0x12, 0x93, 0x90, 0xD8, 0x92, 0xF0,
    0xC0, 0xAC, 0x72, 0x0C, 0x63, 0x3B, 0x67, 0x33, 0xE6, 0x04, 0xDD, 0xBB, 0x53, 0xF9, 0x45, 0xCD,
    0x9B, 0x20, 0xF0, 0xE3, 0xC7, 0x1E, 0x6B, 0xEE, 0x80, 0x5B, 0x69, 0xA5, 0x93, 0x22, 0x2A, 0xCC,
    0x06, 0x54, 0x69, 0xB3, 0xC5, 0x24, 0x68, 0x3A, 0xE2, 0x7F, 0x9F, 0xBA, 0x23, 0x39, 0xEF, 0x80,
    0x4B, 0x34, 0xB1, 0x75, 0x0A, 0x38, 0x40, 0xE0, 0xB3, 0xF7, 0xDF, 0x79, 0x7B, 0x73, 0xEA, 0x05,
    0xF9, 0x8F, 0x63, 0x1D, 0x13, 0xF7, 0xC6, 0x73, 0xDA, 0xC3, 0xFC, 0x21, 0x6A, 0x78, 0xFA, 0x17,
    0x63, 0xF2, 0x7E, 0x45, 0xEC, 0x98, 0xC8, 0xE3, 0x34, 0xF1, 0x65, 0x24, 0xCF, 0x2F, 0x72, 0x04,
    0xA8, 0xD0, 0xBF, 0x47, 0xC9, 0xFB, 0xED, 0xAE, 0x3F, 0x0E, 0x74, 0x70, 0x97, 0xF5, 0x0D, 0xEF,
    0xA4, 0x1C, 0xC6, 0x7E, 0xF7, 0x5A, 0x1F, 0x83, 0x06, 0xFF, 0xEE, 0xFD, 0xF4, 0x8A, 0xAC, 0x38,
    0x60, 0x9A, 0xAA, 0x7B, 0xA7, 0x71, 0x54, 0x26, 0x45, 0x6F, 0x18, 0x21, 0x63, 0x19, 0x91, 0x02,
    0xC8, 0x1A, 0xB2, 0x84, 0xDC, 0x5C, 0x7D, 0xB7, 0x12, 0x95, 0x51, 0xB5, 0xBB, 0xA9, 0x07, 0xFA,
    0x3C, 0x84, 0xC0, 0x0E, 0xB0, 0xCB, 0xE7, 0x7D, 0x97, 0x10, 0x41, 0x78, 0x75, 0x6D, 0x89, 0x91,
    0x3B, 0x40, 0xEF, 0xD3, 0xB0, 0xCF, 0x39, 0xE8, 0x12, 0xCB, 0xFD, 0x81, 0x99, 0xCF, 0xBF, 0x36,
    0xA0, 0xE8, 0x93, 0x84, 0xF5, 0x93, 0x73, 0x44, 0xF4, 0x52, 0x1B, 0xC5, 0xDA, 0x2B, 0xDA, 0xCE,
    0x3D, 0xC8, 0xDE, 0x2B, 0xC0, 0xF1, 0xE0, 0x12, 0x79, 0x2F, 0xC5, 0x07, 0xC8, 0x1B, 0xFA, 0x80,
    0x5C, 0x8E, 0x3D, 0x35, 0xE4, 0xE7, 0x36, 0xB0, 0xD2, 0xE3, 0x19, 0xA1, 0x33, 0xC5, 0xE7, 0xBD,
    0xFB, 0x8A, 0xE1, 0x47, 0x51, 0x74, 0x1D, 0xB8, 0x6A, 0x5E, 0x26, 0x7A, 0x8E, 0xCF, 0x2D, 0x0E,
    0x2A, 0x7C, 0x6A, 0xB6, 0xB0, 0x00, 0x7E, 0xDD, 0xBF, 0xE5, 0xD8, 0x68, 0xA8, 0x2C, 0xF6, 0xC4,
    0x7C, 0x3E, 0xFB, 0xDB, 0x95, 0x88, 0x3B, 0xA0, 0x71, 0x8F, 0x3A, 0x0E, 0x38, 0x20, 0x1F, 0x7B,
    0x02, 0x6C, 0x43, 0x07, 0xE2, 0x9A, 0x54, 0x3A, 0xE3, 0xA5, 0xB3, 0x8A, 0xA6, 0x2F, 0x93, 0xB5,
    0x41, 0x87, 0x11, 0xBC, 0x92, 0x41, 0x33, 0x98, 0xA6, 0xD1, 0x3B, 0x20, 0xFF, 0xB7, 0xAA, 0x8F,
    0x66, 0x89, 0x82, 0x17, 0x81, 0x8A, 0xB3, 0x40, 0x93, 0x7B, 0x70, 0x81, 0xFC, 0xDC, 0x22, 0x79,
    0xCB, 0x6E, 0xDE, 0xFE, 0x17, 0x7D, 0xF5, 0x10, 0xF5, 0xB2, 0x26, 0x0D, 0x52, 0xF8, 0x50, 0x46,
    0xA0, 0x46, 0x86, 0xA2, 0x97, 0xC8, 0xCE, 0xD9, 0x99, 0x03, 0xB6, 0x1F, 0x43, 0x54, 0xAF, 0xB6,
    0xFE, 0x78, 0xBE, 0x3D, 0x87, 0x83, 0x8F, 0xEE, 0x5D, 0x6F, 0x5E, 0x6B, 0x10, 0x87, 0x12, 0x3E,
    0xA7, 0xD5, 0xD3, 0xB0, 0x51, 0x17, 0x78, 0xDA, 0x42, 0xBE, 0x13, 0xC5, 0x19, 0xE2, 0xDD, 0xCF,
    0xFE, 0xCA, 0xF9, 0xEB, 0x1B, 0x9C, 0x8A, 0x5C, 0x7A, 0xED, 0x5D, 0x16, 0x4A, 0x3A, 0x90, 0x51,
    0x6A, 0x39, 0x4A, 0xDB, 0x91, 0xC3, 0x98, 0x59, 0x19, 0x0B, 0x26, 0x12, 0x5D, 0xC7, 0x5E, 0x55,
    0x6F, 0xA3, 0x77, 0x46, 0xD6, 0x07, 0x29, 0x49, 0x8E, 0xD0, 0x6D, 0x67, 0x7D, 0x15, 0xB6, 0x7F,
    0x15, 0x81, 0xED, 0xE7, 0x85, 0x68, 0x23, 0xB9, 0x66, 0x02, 0x5B, 0x2F, 0x6F, 0xB9, 0x8E, 0xF7,
    0xB8, 0x76, 0xC0, 0xB5, 0x35, 0xE4, 0x9A, 0x13, 0xF4, 0x21, 0xD7, 0x1C, 0x51, 0x4E, 0x91, 0x39,
    0x19, 0x5F, 0x32, 0x27, 0x88, 0x56, 0x7B, 0xD4, 0xDD, 0x6B, 0x7D, 0xF0, 0xB1, 0xE1, 0x21, 0x5A,
    0x39, 0xFD, 0x95, 0x62, 0xD6, 0xD5, 0x13, 0x08, 0x00, 0x81, 0x38, 0xCD, 0x92, 0xE3, 0xB7, 0xAB,
    0x1F, 0xC0, 0x4C, 0x80, 0x6A, 0x64, 0x52, 0x44, 0xC4, 0xE1, 0xCB, 0xFC, 0x7E, 0xF4, 0x3C, 0xD9,
    0x1E, 0xFE, 0x1C, 0x36, 0x57, 0xCE, 0x70, 0x02, 0xF1, 0xA5, 0xF6, 0x68, 0xD3, 0xC8, 0x8F, 0x73,
    0x83, 0xF5, 0x98, 0xAC, 0xF4, 0x58, 0x78, 0x97, 0x6B, 0x6A, 0xDD, 0x1C, 0xDA, 0x99, 0xF3, 0xD9,
    0xDD, 0x5F, 0x35, 0xFC, 0x41, 0x96, 0x40, 0x0D, 0x76, 0xFE, 0xF0, 0x2E, 0xE1, 0xC8, 0xFB, 0x4F,
    0x7D, 0x5F, 0xD2, 0x23, 0x19, 0x9F, 0xFE, 0x4A, 0xDE, 0x51, 0x3A, 0xF0, 0xB9, 0x67, 0x69, 0xCB,
    0x67, 0x75, 0x6C, 0xD0, 0xFF, 0x00, 0xCD, 0x59, 0x4D, 0x6C, 0x1D, 0x57, 0x15, 0x3E, 0x33, 0x37,
    0xF6, 0xA4, 0xBE, 0x89, 0x6F, 0x16, 0xAE, 0xA0, 0x22, 0xCE, 0x78, 0x41, 0x25, 0x83, 0x5E, 0xDE,
    0xF3, 0xC2, 0xA2, 0x53, 0x78, 0xF6, 0x4C, 0xCB, 0x1A, 0x91, 0x45, 0x8C, 0x84, 0x90, 0xDA, 0x2C,
    0x60, 0xD1, 0x4A, 0xA5, 0x6F, 0x11, 0xA4, 0x48, 0xD8, 0x79, 0x57, 0x20, 0x51, 0x89, 0x05, 0xCD,
    0x92, 0x05, 0x52, 0xB3, 0x82, 0xE0, 0x05, 0x79, 0x48, 0x5E, 0x58, 0xC2, 0xC9, 0xBB, 0x51, 0x16,
    0x91, 0x58, 0xC0, 0xA4, 0x9B, 0x22, 0x75, 0x33, 0x62, 0x51, 0xA1, 0x82, 0xD4, 0x91, 0x3A, 0x21,
    0x93, 0xF0, 0xEC, 0xE1, 0x3B, 0x67, 0xE6, 0xC5, 0x36, 0x38, 0x25, 0x3F, 0x34, 0xC9, 0x9B, 0x77,
    0xCE, 0x1B, 0xCF, 0xDC, 0x73, 0xEF, 0x39, 0xE7, 0x9E, 0x73, 0xEE, 0x77, 0xAF, 0x0F, 0x53, 0x4C,
    0x71, 0xD2, 0xA1, 0xFA, 0x73, 0x04, 0xD7, 0x51, 0x5C, 0x27, 0x70, 0x75, 0xE4, 0x8A, 0xE5, 0x3A,
    0xC1, 0xAF, 0xF8, 0xFB, 0xC3, 0x24, 0x78, 0x2F, 0x9F, 0x3D, 0x9E, 0x47, 0xF3, 0x34, 0x98, 0xA7,
    0x1C, 0xDF, 0x45, 0xFE, 0x96, 0x0B, 0xB4, 0xBA, 0x40, 0xF1, 0xA0, 0x67, 0xAA, 0xD4, 0xDB, 0x21,
    0xBA, 0x28, 0x5F, 0xFE, 0x4C, 0x80, 0xFE, 0x95, 0x91, 0x72, 0x39, 0x69, 0x3B, 0x20, 0x43, 0x67,
    0x88, 0x07, 0x8B, 0x41, 0xCB, 0x35, 0xE9, 0x6A, 0x9B, 0x26, 0xAE, 0xE0, 0x7E, 0x15, 0xB4, 0x05,
    0xDA, 0x00, 0xE5, 0x14, 0x51, 0x4A, 0xAD, 0xE0, 0x0E, 0xB5, 0xE2, 0x61, 0x16, 0xAD, 0x9A, 0x2A,
    0x5F, 0xF0, 0x2A, 0xDB, 0xA8, 0x49, 0xF9, 0x9B, 0xCA, 0xF6, 0xAB, 0x8A, 0x42, 0xBB, 0x45, 0x27,
    0x71, 0x45, 0xE8, 0x78, 0x91, 0x34, 0x9D, 0x05, 0xF1, 0x7D, 0x17, 0x1A, 0x87, 0xE8, 0x30, 0x46,
    0x9B, 0x7C, 0xF8, 0x0E, 0xE4, 0xBC, 0x5A, 0xB0, 0xDA, 0xF6, 0xAB, 0x2C, 0xCC, 0xA9, 0x4F, 0x41,
    0x8E, 0x56, 0xAA, 0xA4, 0x1E, 0xD1, 0x88, 0x32, 0xA2, 0xF3, 0x9E, 0x83, 0x5A, 0x2A, 0x21, 0x32,
    0x7F, 0x44, 0x43, 0xFD, 0x0F, 0xB0, 0x2F, 0xDC, 0x49, 0xC8, 0xAB, 0xAA, 0x1C, 0xE2, 0x39, 0x0B,
    0xF3, 0xDD, 0x77, 0x6E, 0x25, 0xCD, 0x9F, 0xC2, 0x7C, 0x66, 0x6A, 0x04, 0xD6, 0xAF, 0x5C, 0x3D,
    0xC6, 0x4C, 0x77, 0xF7, 0x13, 0xE1, 0xEF, 0xEE, 0xDE, 0xCF, 0x1C, 0xB5, 0x13, 0xAA, 0x9C, 0x7A,
    0xD5, 0x2A, 0x8C, 0x94, 0x50, 0xC7, 0xD1, 0x4B, 0x39, 0x2D, 0x8C, 0xA8, 0xD7, 0xA7, 0x73, 0xA1,
    0xEB, 0x06, 0xE9, 0xB2, 0x9F, 0x87, 0x49, 0xAE, 0xD3, 0x9E, 0x2A, 0x16, 0x68, 0x04, 0xAF, 0x2E,
    0x90, 0xC9, 0x48, 0x3B, 0x0A, 0x2C, 0xAC, 0x33, 0xBF, 0x22, 0x93, 0x93, 0x97, 0xF0, 0x40, 0xAB,
    0x21, 0x5D, 0xE9, 0xD8, 0x68, 0x0A, 0xAA, 0x9C, 0xC6, 0x9F, 0x9D, 0x2A, 0x25, 0x2F, 0xA3, 0x4D,
    0xD2, 0x09, 0x4D, 0xD3, 0x2C, 0x7D, 0x57, 0xD9, 0x28, 0xF8, 0xFB, 0x35, 0xD7, 0x3B, 0x41, 0x2E,
    0x1B, 0x74, 0x89, 0x06, 0xD9, 0x26, 0x51, 0xAF, 0x66, 0x70, 0x74, 0x4F, 0x9E, 0xF5, 0xDA, 0x64,
    0xB3, 0x48, 0xA3, 0xDD, 0x51, 0xFA, 0xAD, 0x4A, 0x02, 0x96, 0x95, 0x5E, 0xD0, 0x1F, 0xFB, 0xFB,
    0x14, 0xFB, 0x2E, 0xCC, 0x06, 0x79, 0x92, 0x4F, 0xE5, 0xBD, 0xFC, 0xF7, 0x79, 0x9F, 0xE7, 0x88,
    0x86, 0xA3, 0x95, 0xD3, 0x50, 0xE3, 0x10, 0x05, 0xF0, 0xE0, 0x49, 0x08, 0x14, 0xDA, 0xEA, 0xF4,
    0x3C, 0xC5, 0xDF, 0x2C, 0x28, 0xFE, 0x69, 0x49, 0x41, 0xD6, 0x27, 0x2A, 0xA1, 0x35, 0xBF, 0x0B,
    0x30, 0x39, 0x44, 0x87, 0x44, 0xAE, 0xAA, 0x46, 0x6F, 0xAE, 0xAF, 0x73, 0x1F, 0xDD, 0xCF, 0xA0,
    0xF9, 0x3D, 0x26, 0x15, 0xB5, 0x49, 0x27, 0x68, 0xF6, 0xC5, 0x4B, 0x30, 0x29, 0xBC, 0xFC, 0x8A,
    0xEB, 0x99, 0x00, 0x26, 0x99, 0xC0, 0x0E, 0x32, 0x13, 0xC2, 0x1A, 0x33, 0x62, 0x76, 0x12, 0x26,
    0x19, 0x03, 0x93, 0x8C, 0x72, 0x59, 0x14, 0xDF, 0xBC, 0x05, 0x93, 0xE8, 0x60, 0x93, 0xE2, 0x2A,
    0xDE, 0x09, 0xB2, 0xF6, 0x56, 0x34, 0xDD, 0xD3, 0x0B, 0xD3, 0xDD, 0x96, 0x29, 0x28, 0x21, 0x9E,
    0xFC, 0x03, 0x08, 0x81, 0x56, 0x82, 0x8A, 0xFB, 0xBD, 0x27, 0x9F, 0xE8, 0xAB, 0xEB, 0xEB, 0x97,
    0x60, 0x5A, 0xA9, 0x73, 0x5A, 0x2E, 0x69, 0xAE, 0x2B, 0x56, 0x2C, 0x72, 0x16, 0x78, 0xD7, 0x28,
    0x50, 0x14, 0xEE, 0x50, 0x7F, 0x9B, 0x74, 0xF6, 0xF2, 0xE6, 0xB1, 0x88, 0x06, 0x41, 0x36, 0xB1,
    0x85, 0x06, 0xDD, 0xC5, 0xB3, 0xB1, 0x53, 0x4E, 0x3B, 0x83, 0x10, 0x5E, 0x64, 0xB5, 0x24, 0x03,
    0x0A, 0x50, 0xD9, 0x10, 0xDF, 0xE7, 0xB4, 0xE9, 0x31, 0x65, 0xB4, 0xE1, 0xA7, 0xB4, 0xA1, 0x32,
    0xDA, 0x32, 0x3F, 0xCA, 0x86, 0x57, 0xE2, 0xF4, 0x37, 0x65, 0xC7, 0x5D, 0xBC, 0x30, 0x21, 0xB9,
    0x36, 0xA6, 0x33, 0xA0, 0x5E, 0xE3, 0xC5, 0x78, 0xEC, 0xF5, 0x2F, 0x55, 0xDB, 0x5E, 0xB5, 0xF3,
    0x96, 0xAE, 0x76, 0xE0, 0x82, 0x1D, 0x58, 0xBF, 0x83, 0x89, 0xA8, 0xA9, 0x6A, 0x88, 0xEF, 0xFB,
    0xCD, 0x3B, 0x03, 0x52, 0x20, 0x1A, 0x82, 0xBC, 0xDF, 0xA1, 0x83, 0xE9, 0xFF, 0xA6, 0xF8, 0x17,
    0xC8, 0x88, 0x3F, 0x91, 0x77, 0xE3, 0x5B, 0xE4, 0x39, 0x94, 0x86, 0x14, 0xB1, 0x7E, 0x1E, 0xD9,
    0x30, 0x99, 0x50, 0x77, 0xE7, 0xCA, 0x0C, 0x5C, 0x83, 0x42, 0x12, 0xDB, 0xD8, 0xF9, 0xCE, 0x73,
    0x3F, 0x4E, 0x38, 0xBB, 0x35, 0x55, 0xD4, 0x86, 0xEC, 0xF8, 0x0A, 0xA9, 0xCA, 0xE0, 0x77, 0x3D,
    0xA2, 0x56, 0x48, 0x5D, 0x43, 0xE7, 0x74, 0x02, 0xBE, 0x34, 0x4D, 0xA6, 0x6C, 0x12, 0x3D, 0xAE,
    0xE8, 0xF9, 0x15, 0x3A, 0x06, 0x0F, 0x47, 0xCA, 0x22, 0xB1, 0x73, 0x0A, 0xD2, 0x25, 0xF2, 0x4A,
    0x63, 0x25, 0xD2, 0xFA, 0xAA, 0xF0, 0xCA, 0xD0, 0x06, 0x6E, 0x0D, 0xE1, 0x91, 0x4B, 0x9B, 0x63,
    0x4D, 0xA6, 0x73, 0x86, 0x28, 0xAB, 0x91, 0x64, 0x18, 0x14, 0xD9, 0xD0, 0x46, 0x17, 0xAC, 0xF6,
    0x80, 0x83, 0x21, 0x05, 0x53, 0x0E, 0x4C, 0x93, 0x28, 0x02, 0x4D, 0xBA, 0x0A, 0xCA, 0x9C, 0x35,
    0x90, 0xCA, 0xE0, 0x36, 0xDF, 0xBD, 0x47, 0x14, 0xBC, 0xF2, 0x2E, 0xC4, 0x15, 0x9E, 0xB5, 0x50,
    0x7F, 0x28, 0x9A, 0x78, 0x9D, 0x0B, 0x93, 0xC1, 0x4B, 0x30, 0x65, 0xC5, 0x20, 0x7A, 0xC4, 0xD1,
    0x88, 0x47, 0x43, 0xF2, 0x53, 0xF6, 0x87, 0x1C, 0x1D, 0x5A, 0x18, 0x96, 0x48, 0xE7, 0xA8, 0x45,
    0x2D, 0x1E, 0x21, 0x42, 0xD6, 0xE0, 0xC1, 0x91, 0x23, 0xB8, 0xEF, 0x8F, 0x30, 0x5A, 0x55, 0xEC,
    0x1F, 0xCD, 0x69, 0x24, 0x56, 0xF2, 0xF2, 0x26, 0x3A, 0x44, 0x4C, 0xB5, 0x78, 0xAC, 0xB3, 0x48,
    0x3B, 0xC8, 0x4C, 0x6C, 0x41, 0x06, 0x06, 0x41, 0x43, 0xB8, 0x93, 0x16, 0xCF, 0xB6, 0xFC, 0x24,
    0x76, 0x11, 0x72, 0x88, 0x50, 0x5A, 0xA0, 0xCF, 0x4B, 0x88, 0x75, 0x7B, 0x03, 0x8E, 0x57, 0x18,
    0xF4, 0xA8, 0x86, 0x6D, 0xDD, 0x89, 0xEF, 0x25, 0xE8, 0x00, 0x7F, 0x72, 0xB6, 0x2A, 0xAE, 0x64,
    0x4A, 0x6A, 0xCC, 0x1C, 0xAA, 0xE3, 0x36, 0x8D, 0xEA, 0xC2, 0x86, 0x51, 0xBA, 0x34, 0xD2, 0xA3,
    0x18, 0x2E, 0xEA, 0x42, 0xC3, 0x79, 0x2C, 0x09, 0xFA, 0x97, 0xAA, 0xA2, 0x21, 0x87, 0xD9, 0x19,
    0x69, 0x54, 0x37, 0x5D, 0x12, 0x5E, 0x2B, 0xEC, 0x49, 0xD9, 0xAE, 0xA7, 0x45, 0xCB, 0xBD, 0x91,
    0x4A, 0x19, 0x0A, 0xFF, 0x46, 0xC6, 0xFC, 0x6B, 0x5C, 0x46, 0x69, 0x20, 0x3C, 0x93, 0xC9, 0x77,
    0x5C, 0x22, 0x7C, 0xD7, 0x15, 0xC7, 0xF2, 0x52, 0x11, 0xAC, 0xF4, 0x59, 0x14, 0x15, 0x9D, 0x10,
    0x58, 0x08, 0x00, 0x68, 0xA3, 0xD9, 0x4E, 0x51, 0x77, 0x83, 0x90, 0x17, 0xB0, 0x5D, 0xE5, 0x5C,
    0x8D, 0x83, 0x11, 0x22, 0xC7, 0xDE, 0xAB, 0xC8, 0xF8, 0x7C, 0xB9, 0x49, 0x2E, 0xD6, 0xA4, 0x20,
    0xF1, 0x1F, 0xF3, 0x29, 0x7A, 0x06, 0x74, 0xDB, 0x33, 0x7A, 0x47, 0x46, 0x29, 0xA5, 0x7F, 0x3B,
    0xF5, 0xAC, 0xE8, 0x56, 0xC7, 0x42, 0xBC, 0x23, 0x2B, 0xA8, 0x4C, 0xB0, 0x7D, 0x56, 0xFC, 0xE6,
    0xE7, 0x5C, 0xE4, 0x94, 0x70, 0xCA, 0x66, 0x9F, 0xBE, 0x56, 0x53, 0x32, 0x6E, 0x24, 0xFD, 0x2F,
    0xF4, 0xE4, 0x5E, 0xC6, 0x9D, 0x4A, 0x9E, 0x99, 0xD9, 0x0C, 0xAB, 0x4A, 0xD6, 0xC1, 0xA1, 0x93,
    0x22, 0xF6, 0x89, 0x65, 0xE8, 0xE3, 0xFD, 0xD9, 0x72, 0x5D, 0x51, 0xEF, 0x8A, 0x6E, 0xDA, 0xC8,
    0xCF, 0xD1, 0xFA, 0xA7, 0x55, 0xFF, 0x2C, 0x18, 0x3B, 0x8F, 0x9F, 0xBB, 0x97, 0x3F, 0x86, 0x6E,
    0xC0, 0x45, 0xFC, 0xA3, 0xAC, 0x3C, 0x04, 0x30, 0xB1, 0x87, 0xB8, 0xBA, 0x49, 0xCB, 0x6E, 0xFD,
    0x73, 0x96, 0x7F, 0xE6, 0xB8, 0xAA, 0x39, 0x1A, 0x00, 0x6A, 0x85, 0xE9, 0x64, 0x16, 0x57, 0x3F,
    0xC1, 0xE8, 0xE9, 0x3D, 0x5D, 0x26, 0xB0, 0xEA, 0x05, 0x77, 0xA1, 0xE2, 0x32, 0x10, 0x19, 0x67,
    0x66, 0x1E, 0xE0, 0xE5, 0x80, 0xE5, 0x17, 0x64, 0x4E, 0x85, 0x5D, 0x65, 0xC6, 0x18, 0x11, 0xB5,
    0x68, 0xFC, 0xA7, 0xB0, 0xBE, 0x34, 0x49, 0x1A, 0x3F, 0x1E, 0x43, 0x49, 0xA4, 0x1E, 0x46, 0xC2,
    0x98, 0x43, 0xAE, 0x85, 0xFA, 0xEE, 0x10, 0x1D, 0xB5, 0x79, 0x65, 0x8D, 0xEE, 0xC9, 0x54, 0xDC,
    0x3C, 0xB0, 0x4D, 0x58, 0xFB, 0x9F, 0xF0, 0xB4, 0x8C, 0xD7, 0x1B, 0x29, 0x62, 0xA3, 0x06, 0x9C,
    0xEA, 0x7B, 0xC5, 0x8B, 0x61, 0x4B, 0x0A, 0xC4, 0x98, 0xC1, 0xBD, 0x3D, 0xD0, 0x1C, 0xBB, 0x79,
    0x97, 0xA6, 0x48, 0xDD, 0x7A, 0x4D, 0x56, 0x4C, 0xB9, 0xCF, 0x26, 0x69, 0xFF, 0x7B, 0x3A, 0x0E,
    0x8A, 0xD8, 0xBE, 0xA1, 0x60, 0xC8, 0x71, 0x41, 0x62, 0x8B, 0x8A, 0xBA, 0x14, 0x4D, 0xD2, 0xE7,
    0x34, 0x0E, 0xDB, 0xEA, 0xEA, 0xC2, 0x52, 0xAE, 0xC1, 0x9C, 0xC9, 0xCF, 0x6D, 0x1C, 0x0F, 0x49,
    0xE8, 0x17, 0xF1, 0x38, 0x0D, 0xFF, 0xEF, 0x63, 0x3C, 0x47, 0xBC, 0x75, 0x40, 0xB0, 0x63, 0x41,
    0xA5, 0x85, 0x1A, 0x1D, 0x38, 0x84, 0x39, 0xC0, 0xD1, 0x83, 0x7F, 0xD1, 0xBE, 0x49, 0x08, 0xEC,
    0x4C, 0x42, 0xCB, 0xF3, 0x8C, 0xFD, 0x86, 0x7B, 0xEC, 0xDE, 0x64, 0xCF, 0x12, 0x6C, 0x53, 0xE7,
    0x75, 0x3B, 0xC7, 0xE9, 0xF4, 0xB8, 0xBD, 0x2D, 0x69, 0x77, 0x5E, 0xA7, 0x2D, 0x49, 0xD0, 0xC7,
    0xEB, 0x6A, 0x46, 0x7A, 0xC0, 0x26, 0x8B, 0x77, 0x3B, 0x9D, 0x54, 0xDE, 0x96, 0xB2, 0x79, 0xD9,
    0x16, 0xDE, 0x17, 0x1E, 0x27, 0xCC, 0x43, 0xC7, 0xDC, 0xB8, 0xC9, 0x5B, 0xA7, 0xC1, 0x3B, 0xA8,
    0xF5, 0xA6, 0x79, 0xB2, 0xCB, 0x43, 0x69, 0xD9, 0x11, 0xA9, 0x25, 0xE1, 0x23, 0x5E, 0x52, 0xB9,
    0xE4, 0xC0, 0x7C, 0xCB, 0x63, 0x49, 0x36, 0x1D, 0xDA, 0x57, 0xA6, 0xAD, 0xA0, 0x79, 0x49, 0xD9,
    0x3D, 0x0B, 0x88, 0x84, 0x09, 0x32, 0x00, 0xC0, 0x19, 0x4F, 0x8D, 0xF5, 0xD0, 0x02, 0xB0, 0x07,
    0x9A, 0x33, 0x67, 0x28, 0x42, 0x1F, 0x14, 0xCC, 0xDF, 0x1F, 0x31, 0x4F, 0x87, 0xC2, 0x63, 0xC7,
    0xDC, 0x64, 0xCC, 0x55, 0xC9, 0xDC, 0xDB, 0x66, 0x4E, 0x7D, 0xE1, 0x9D, 0x1B, 0x1C, 0x21, 0xE6,
    0x36, 0x73, 0x60, 0x13, 0x60, 0x66, 0x60, 0x32, 0x25, 0x96, 0x76, 0x76, 0x18, 0x7C, 0x89, 0x42,
    0x4D, 0x6A, 0x07, 0xD9, 0x78, 0x27, 0x27, 0x88, 0x99, 0x83, 0x8C, 0x68, 0x45, 0x8A, 0x24, 0xAC,
    0xB8, 0x43, 0xC3, 0x44, 0xA1, 0xAF, 0x14, 0xF5, 0x48, 0xE5, 0x90, 0xF4, 0x46, 0x5C, 0x18, 0xB6,
    0xD7, 0xB8, 0x96, 0x70, 0x69, 0x8E, 0x85, 0xB1, 0x45, 0x31, 0x57, 0xA6, 0x98, 0x0B, 0x4C, 0xCC,
    0x45, 0x69, 0x99, 0xEB, 0xD6, 0x2A, 0xDC, 0x01, 0xB0, 0x8E, 0x79, 0xC8, 0xD9, 0x3D, 0x29, 0x01,
    0x7E, 0x27, 0x75, 0xCF, 0xF4, 0x86, 0xA8, 0x71, 0x41, 0x16, 0x2F, 0x92, 0xB0, 0xAE, 0x91, 0x75,
    0x8D, 0x54, 0x9E, 0x9C, 0x06, 0xFC, 0x69, 0x4B, 0x59, 0x44, 0x4B, 0xF5, 0xD7, 0x9C, 0x5D, 0x30,
    0xFF, 0xC4, 0x35, 0xE0, 0xB3, 0x05, 0x20, 0x5C, 0x68, 0x80, 0x59, 0xE7, 0xC9, 0x79, 0xD2, 0x1A,
    0x68, 0x57, 0x72, 0x80, 0xA3, 0x8F, 0x20, 0x19, 0x3C, 0xD1, 0xC1, 0x7B, 0x74, 0x7C, 0x0B, 0xCD,
    0xBC, 0x42, 0xDF, 0x48, 0x7D, 0xAC, 0x4D, 0xC8, 0xCA, 0x8A, 0x82, 0x0F, 0x5D, 0xF8, 0x6A, 0xBE,
    0x46, 0x5B, 0x1B, 0x8C, 0xEC, 0x45, 0x1F, 0x8F, 0xA5, 0x34, 0xEB, 0xF3, 0x16, 0xEB, 0x53, 0x8C,
    0xF5, 0xD1, 0xAC, 0xCF, 0x49, 0xD6, 0x67, 0x03, 0xFA, 0xF8, 0x29, 0xF4, 0xD1, 0x09, 0xF4, 0x39,
    0xC9, 0xFA, 0x60, 0x33, 0x7E, 0x15, 0xAD, 0xE3, 0xBE, 0x49, 0xA0, 0xCF, 0x12, 0xEB, 0x53, 0xB0,
    0x3E, 0xC8, 0x89, 0xDC, 0xB0, 0x3E, 0x4B, 0xAC, 0xCF, 0x06, 0xEB, 0x93, 0xD4, 0xFA, 0x08, 0x8A,
    0x6F, 0xD6, 0xC3, 0x55, 0xE1, 0xA6, 0x4E, 0x98, 0x64, 0xEC, 0x2A, 0x74, 0xAB, 0x2A, 0x87, 0x9D,
    0x2E, 0xD6, 0x2F, 0xAE, 0xD5, 0x5D, 0x36, 0xEB, 0x7F, 0xF0, 0xE8, 0x20, 0x9E, 0x8D, 0xF9, 0xA2,
    0xE4, 0xC0, 0x40, 0x86, 0xCD, 0xB8, 0x2E, 0xF1, 0x8A, 0x18, 0xA7, 0x9C, 0xA9, 0xBA, 0x2E, 0x26,
    0x2F, 0x24, 0x7B, 0x50, 0xFC, 0x88, 0xC6, 0x07, 0x2F, 0xF5, 0x2E, 0xAC, 0x4E, 0xDA, 0xA7, 0xAD,
    0xDB, 0x1E, 0x64, 0x17, 0x67, 0xBB, 0x28, 0x3E, 0x99, 0x7A, 0x46, 0x74, 0x53, 0xF9, 0xF2, 0x3D,
    0xA4, 0xEC, 0xA5, 0xAD, 0xA7, 0xAF, 0x95, 0x44, 0x94, 0x80, 0x60, 0x39, 0x7E, 0x8C, 0xC6, 0xF5,
    0x70, 0x7C, 0x4E, 0x97, 0x87, 0x39, 0xD0, 0x9F, 0x9C, 0xD3, 0xF9, 0xBB, 0xE7, 0x74, 0x57, 0x77,
    0xCF, 0xE9, 0x7E, 0x3E, 0x3E, 0xA7, 0x63, 0xC4, 0x57, 0x07, 0x84, 0x77, 0x3F, 0x76, 0xC0, 0x39,
    0x1D, 0x35, 0x07, 0x4C, 0xFE, 0xA8, 0x86, 0x61, 0x54, 0x00, 0x27, 0x56, 0x97, 0x2D, 0x95, 0xD0,
    0xBF, 0xA0, 0x52, 0x0E, 0x5F, 0xF6, 0xD3, 0x88, 0x0A, 0x2C, 0x75, 0x25, 0x20, 0x2A, 0x9F, 0x8E,
    0xDC, 0xA9, 0xE5, 0x58, 0x3E, 0x1E, 0x43, 0x5A, 0xEF, 0x12, 0xD7, 0x0D, 0x64, 0x35, 0x0A, 0x7A,
    0xAA, 0x9C, 0xEF, 0x7C, 0x70, 0xB9, 0x6C, 0xE0, 0xA6, 0x51, 0x66, 0x22, 0x98, 0x0C, 0xBB, 0xAE,
    0x03, 0x9C, 0x5E, 0xCF, 0x49, 0x5F, 0x1B, 0xE1, 0xD9, 0x10, 0xD4, 0x71, 0x1A, 0x3B, 0x7A, 0xED,
    0xFC, 0x1C, 0x92, 0xB9, 0xBE, 0x46, 0x99, 0xBE, 0xFE, 0x91, 0x8B, 0x6F, 0xF3, 0x9A, 0xF9, 0x7D,
    0x24, 0x33, 0xAF, 0x5B, 0x88, 0x2E, 0xF6, 0x65, 0xC6, 0xDB, 0x72, 0xB6, 0x69, 0x9B, 0x4E, 0x0C,
    0xE9, 0x9C, 0xA1, 0xC2, 0x48, 0x96, 0xE2, 0x3B, 0xA4, 0xF0, 0x3D, 0xA4, 0x37, 0x95, 0x86, 0x46,
    0xF1, 0xE9, 0xFE, 0x87, 0xC5, 0x73, 0x5E, 0xC2, 0x87, 0x67, 0xA1, 0x6C, 0xC9, 0xCF, 0x89, 0xAC,
    0x7D, 0x18, 0xD9, 0x0B, 0x0D, 0x5E, 0xD0, 0xC7, 0xE9, 0xA8, 0xA6, 0x2F, 0xFA, 0x0F, 0x23, 0x4B,
    0xA7, 0xFC, 0x5F, 0x3B, 0x53, 0x51, 0xFB, 0x52, 0xAD, 0xEF, 0x83, 0x0B, 0xD2, 0xB2, 0xB1, 0xB1,
    0x71, 0xAD, 0x60, 0x37, 0x7C, 0x1F, 0x50, 0x16, 0xD3, 0x13, 0x1C, 0x27, 0x7D, 0x94, 0xF4, 0x11,
    0x80, 0xD1, 0x87, 0x93, 0xAD, 0x9B, 0x0E, 0xD3, 0xE9, 0xE1, 0xCD, 0x3C, 0xC2, 0xAB, 0xC2, 0x78,
    0x79, 0x62, 0xDE, 0x4E, 0xF8, 0xFC, 0x15, 0x02, 0x64, 0xDE, 0x45, 0x49, 0x84, 0x6C, 0x69, 0x92,
    0x99, 0x51, 0xFC, 0x51, 0xDE, 0xFF, 0xA0, 0x72, 0xCF, 0x61, 0x72, 0x58, 0xAC, 0xB2, 0x46, 0xE7,
    0x2D, 0xBA, 0x70, 0x8E, 0x71, 0x60, 0xF3, 0x2D, 0xA4, 0x54, 0x9D, 0xA7, 0xB9, 0xF8, 0xA3, 0xCC,
    0x60, 0x79, 0xDD, 0x60, 0xF7, 0x23, 0x94, 0x81, 0x93, 0x68, 0x96, 0x97, 0x3C, 0xB5, 0xC1, 0xC9,
    0x83, 0x29, 0xAD, 0x77, 0x6D, 0x3C, 0x3F, 0xC7, 0xEB, 0x23, 0x73, 0xC6, 0x40, 0x41, 0x92, 0x4F,
    0xD3, 0x46, 0x7B, 0xBD, 0x5C, 0x5E, 0xBF, 0x58, 0x1F, 0x28, 0x76, 0x65, 0x5F, 0xD2, 0xB1, 0x87,
    0xCD, 0x9D, 0x0D, 0x85, 0x88, 0xFB, 0x8A, 0xA0, 0x4E, 0x84, 0xB6, 0xE2, 0x13, 0x29, 0xEE, 0x73,
    0xE6, 0x61, 0x64, 0x8F, 0xC8, 0xA3, 0x7E, 0x42, 0x9F, 0x3A, 0xCF, 0xA5, 0x7E, 0x3D, 0x49, 0x0F,
    0x3A, 0x2E, 0x76, 0x15, 0x85, 0xBE, 0x59, 0x2A, 0x7B, 0x71, 0x37, 0x9B, 0x1E, 0x4C, 0xB6, 0x8B,
    0x7C, 0x37, 0x89, 0x72, 0x80, 0x67, 0xA7, 0x68, 0xCE, 0xC7, 0x3A, 0xA4, 0x72, 0xFF, 0x3F, 0x2E,
    0xB3, 0x2D, 0x80, 0x6C, 0x8B, 0x72, 0xE4, 0x4F, 0x02, 0x8F, 0x58, 0xED, 0x62, 0x67, 0x38, 0x47,
    0xF6, 0x5D, 0x31, 0x43, 0x06, 0x64, 0x8F, 0x49, 0xBB, 0x83, 0x5E, 0x74, 0xEA, 0xF0, 0x67, 0xB5,
    0x63, 0x54, 0x6D, 0xEC, 0x79, 0xE3, 0xE6, 0xEF, 0x1D, 0xA4, 0xCD, 0xB1, 0xF3, 0x8C, 0xEC, 0x97,
    0xFD, 0xFB, 0x7C, 0x45, 0x13, 0xD9, 0xBD, 0x4F, 0xF2, 0x1A, 0xD9, 0xF9, 0xB6, 0x65, 0x98, 0x4F,
    0x1A, 0x25, 0xE7, 0xCA, 0x2A, 0xA6, 0x8F, 0xCB, 0x69, 0xC8, 0xD5, 0xC8, 0x72, 0x65, 0x51, 0x69,
    0xDF, 0x19, 0x80, 0x85, 0xB6, 0x9C, 0x53, 0xAA, 0x94, 0xEB, 0xE5, 0x1A, 0xA6, 0x87, 0x29, 0x46,
    0xFE, 0x76, 0x12, 0xBC, 0xC5, 0x76, 0xDE, 0xBF, 0x8B, 0xE9, 0x7E, 0xA1, 0x01, 0xA2, 0x53, 0xAF,
    0xD5, 0x00, 0xE2, 0xE3, 0x8B, 0xF5, 0xD1, 0x1E, 0x28, 0xB8, 0x01, 0x2C, 0x7D, 0x77, 0x88, 0xB6,
    0x06, 0x16, 0x05, 0xEE, 0xB3, 0x28, 0x2E, 0xE2, 0x72, 0x7C, 0xA2, 0xC5, 0x81, 0xC4, 0x91, 0xC4,
    0xA1, 0xC4, 0xB1, 0xD4, 0x04, 0x13, 0x20, 0x45, 0x4A, 0x1A, 0x05, 0xB9, 0x45, 0x6B, 0xE2, 0xFF,
    0x4D, 0xE8, 0x5C, 0x42, 0xE7, 0x86, 0x12, 0x00, 0x7D, 0x04, 0x6A, 0x1B, 0x58, 0x20, 0xC2, 0xA6,
    0x19, 0x9D, 0xFC, 0xA0, 0xDE, 0xD1, 0x48, 0x87, 0xBC, 0x7F, 0x64, 0x10, 0x30, 0x4B, 0xE3, 0x00,
    0x7B, 0xB4, 0xFE, 0x8E, 0x34, 0xFB, 0x6A, 0x06, 0x47, 0x9F, 0x3A, 0xF2, 0x1D, 0x6A, 0x6F, 0x73,
    0xEA, 0xFD, 0x68, 0xFA, 0x41, 0x99, 0x37, 0x06, 0xC8, 0x3D, 0x6C, 0x17, 0xD6, 0x13, 0x3A, 0x4C,
    0x8F, 0x63, 0xAB, 0x04, 0x34, 0xE9, 0xF7, 0x91, 0x9E, 0x7B, 0x43, 0xFA, 0x31, 0xFA, 0x13, 0x58,
    0x1D, 0x37, 0x7E, 0xC3, 0xE7, 0xF9, 0x95, 0x95, 0xA4, 0xAA, 0x2A, 0xB7, 0x82, 0x5F, 0x79, 0x30,
    0xDB, 0xBC, 0x6F, 0xEF, 0x19, 0xAC, 0x5F, 0x64, 0xBE, 0xEB, 0x3B, 0x8D, 0xBD, 0xA9, 0xA1, 0xD8,
    0xB5, 0xE9, 0x76, 0xBA, 0xAC, 0xAE, 0x67, 0xCB, 0x46, 0x65, 0xCB, 0x11, 0xA2, 0x2D, 0x53, 0x2E,
    0x74, 0xDA, 0x86, 0xE9, 0x34, 0x7D, 0x7D, 0x67, 0x93, 0x8E, 0x61, 0x29, 0x95, 0xF5, 0xAD, 0x6C,
    0x36, 0x30, 0x27, 0xC6, 0xE7, 0x16, 0xCD, 0xFA, 0xE6, 0x2E, 0xBB, 0x8E, 0x7D, 0x1B, 0x12, 0xC1,
    0xFD, 0x09, 0xF9, 0x12, 0xE4, 0xFD, 0xBF, 0xF8, 0xD5, 0x87, 0x7F, 0xA3, 0x17, 0x27, 0x9A, 0x8E,
    0xCA, 0x7A, 0xE1, 0xE4, 0xA0, 0x0A, 0x76, 0x77, 0x73, 0x8F, 0xD4, 0x9F, 0x22, 0x49, 0x0F, 0x39,
    0xA2, 0xE1, 0xC3, 0xB0, 0x01, 0x36, 0xEF, 0x76, 0xE6, 0x31, 0xF4, 0xE3, 0xE5, 0x1C, 0xB9, 0x97,
    0x5F, 0x41, 0x41, 0x9D, 0xDF, 0x37, 0x57, 0x8F, 0xD6, 0xDF, 0x66, 0xB3, 0x90, 0x67, 0xB5, 0xBD,
    0xEC, 0xBF, 0x26, 0x98, 0x86, 0x59, 0x65, 0x3B, 0x76, 0x19, 0xB3, 0xDC, 0x45, 0x95, 0x01, 0xB2,
    0x71, 0x3D, 0xA4, 0x44, 0x06, 0xD7, 0xA0, 0xDD, 0x3F, 0x61, 0xD3, 0x30, 0xA9, 0xE7, 0x90, 0x0F,
    0xBC, 0x5B, 0xF2, 0x8F, 0xAB, 0xFA, 0x6C, 0x82, 0x4F, 0xFE, 0x00, 0x09, 0x18, 0xAC, 0x30, 0x46,
    0x1D, 0x36, 0x87, 0x4F, 0x33, 0xCD, 0xF1, 0x3D, 0x9F, 0xFC, 0xF3, 0xCE, 0x80, 0xDD, 0xA2, 0x0F,
    0xA2, 0x77, 0x76, 0x48, 0xDF, 0xE9, 0x23, 0xF7, 0x75, 0xAA, 0xAD, 0xCA, 0xB5, 0x05, 0x2E, 0xB0,
    0x5E, 0x43, 0x7C, 0xEF, 0xF3, 0x73, 0xF9, 0xDF, 0x91, 0x46, 0x1C, 0xE8, 0x9F, 0x25, 0x07, 0xF7,
    0x03, 0xEA, 0xC0, 0xAC, 0x99, 0x53, 0x63, 0x10, 0xB8, 0x05, 0xC2, 0x86, 0x3D, 0x8D, 0xF6, 0xF9,
    0xED, 0xF3, 0xB0, 0xF3, 0xDF, 0xCD, 0x5A, 0xCD, 0x8F, 0x1C, 0x57, 0x11, 0xAF, 0xEE, 0xCE, 0x6E,
    0xDB, 0x6E, 0x67, 0x9F, 0x25, 0x12, 0xF1, 0xE5, 0x78, 0x7C, 0x48, 0xA4, 0x80, 0xD6, 0xDB, 0x7B,
    0x58, 0x21, 0x4B, 0xEC, 0x6E, 0x37, 0xCE, 0x1F, 0xC0, 0x1E, 0xE2, 0x03, 0x17, 0x94, 0x03, 0x91,
    0xF8, 0x92, 0xD8, 0x03, 0x87, 0x48, 0xEC, 0xEE, 0xB4, 0x92, 0x03, 0x08, 0x10, 0x2C, 0x17, 0x38,
    0x21, 0x7C, 0xC8, 0x21, 0x58, 0x20, 0xEF, 0xC1, 0x87, 0x45, 0x5A, 0x67, 0x5E, 0x62, 0xA4, 0x1C,
    0x22, 0xE4, 0x56, 0x50, 0x08, 0x52, 0x0E, 0x74, 0x14, 0xF1, 0xA1, 0x24, 0x12, 0x1D, 0x32, 0x21,
    0x83, 0x33, 0x33, 0xCD, 0xEF, 0x57, 0xAF, 0x7B, 0x66, 0x4C, 0x6C, 0x67, 0xD7, 0x6B, 0xEF, 0xB2,
    0x33, 0xAF, 0x66, 0xB6, 0xA7, 0xFB, 0xBD, 0xAA, 0x7A, 0xAF, 0xAA, 0x7E, 0x55, 0xEF, 0x89, 0x57,
    0x55, 0x22, 0xE2, 0x2B, 0xAD, 0xFF, 0x3C, 0xA5, 0x51, 0x46, 0x6A, 0x2C, 0x69, 0x4B, 0xE9, 0x17,
    0x0B, 0xD2, 0x2F, 0x94, 0xA4, 0x5B, 0x4A, 0x8B, 0x1E, 0xA9, 0xDD, 0x61, 0x0F, 0x76, 0x11, 0x34,
    0xC8, 0x96, 0x41, 0xC3, 0xF3, 0x6D, 0x3E, 0xAA, 0x7D, 0xDE, 0x2F, 0x06, 0x1D, 0xCD, 0x4A, 0x84,
    0x2E, 0x16, 0x25, 0x00, 0xBD, 0x2C, 0x01, 0x3A, 0x2A, 0x25, 0xC0, 0xBB, 0x2F, 0x61, 0x5F, 0x92,
    0x2A, 0x6B, 0x57, 0xD6, 0x8D, 0x1D, 0x57, 0x69, 0xDC, 0xB0, 0xE2, 0x0F, 0xE4, 0x54, 0x47, 0x9E,
    0x32, 0xD2, 0x35, 0xE8, 0x4D, 0xDF, 0x1D, 0x69, 0xFD, 0x4A, 0x76, 0x8C, 0xF4, 0x8C, 0xF4, 0x93,
    0xC7, 0xDB, 0xAF, 0x77, 0x8F, 0x7A, 0xA9, 0x78, 0xD9, 0x34, 0xB9, 0x2E, 0xE6, 0xF8, 0x50, 0xA7,
    0xAF, 0x0C, 0x17, 0x87, 0x2D, 0xC8, 0x11, 0x5F, 0x4E, 0x86, 0x62, 0x86, 0x12, 0xF4, 0xF6, 0x28,
    0xCE, 0x61, 0xCF, 0x82, 0xA7, 0xC3, 0x84, 0xCA, 0xC8, 0x29, 0x65, 0x62, 0x51, 0xE9, 0x8E, 0xD2,
    0xE7, 0xA9, 0x6B, 0x49, 0x06, 0xCA, 0x50, 0x57, 0x19, 0x4D, 0x77, 0x2D, 0x9D, 0x6F, 0xD9, 0xEF,
    0x8C, 0xC8, 0x19, 0xED, 0x14, 0x5C, 0x26, 0x3B, 0xD2, 0x2A, 0x5D, 0x17, 0x9B, 0xEC, 0x85, 0x3D,
    0x06, 0xB9, 0xE8, 0xF3, 0x22, 0x9F, 0x22, 0x99, 0x5A, 0x01, 0x37, 0xD7, 0xC1, 0xDA, 0xB2, 0x84,
    0xA5, 0x87, 0x1B, 0xCA, 0x10, 0x37, 0x6C, 0x51, 0xA0, 0xF9, 0x44, 0x99, 0x51, 0xBE, 0x48, 0xAE,
    0x90, 0x0C, 0x46, 0xFF, 0x2A, 0x69, 0xEB, 0x2D, 0x69, 0xAD, 0xBF, 0x13, 0x11, 0xA4, 0x5E, 0xE5,
    0x9C, 0x94, 0xE0, 0x2F, 0x2C, 0x24, 0xBA, 0xDE, 0x41, 0x47, 0x9F, 0xC1, 0x18, 0x7E, 0x2E, 0xA1,
    0x15, 0x93, 0x52, 0x68, 0x30, 0x77, 0x5A, 0xA5, 0xAA, 0x32, 0x13, 0x95, 0xB3, 0xB2, 0xF9, 0x14,
    0x1F, 0xA8, 0xDF, 0x60, 0x01, 0x8B, 0x6C, 0x43, 0x4E, 0x27, 0x7F, 0x2B, 0x4C, 0x95, 0xC9, 0xB3,
    0xCD, 0x94, 0xB5, 0x74, 0x01, 0x62, 0x94, 0xE0, 0x0D, 0xDC, 0x33, 0xAD, 0xEC, 0x1F, 0x14, 0xF7,
    0x8F, 0x8A, 0xAC, 0x89, 0x0C, 0xC5, 0x7B, 0x4D, 0x82, 0xA7, 0xAD, 0x2F, 0xD9, 0x5E, 0xB8, 0x3F,
    0x3A, 0x62, 0x44, 0x87, 0x3A, 0x75, 0x90, 0x6A, 0x5F, 0xD3, 0xE7, 0x17, 0xC7, 0xEE, 0x67, 0x4F,
    0x3A, 0x0F, 0xD3, 0x59, 0xAC, 0xC0, 0x0F, 0x69, 0x07, 0x49, 0xD6, 0x48, 0x72, 0x40, 0xAC, 0xFB,
    0x62, 0x83, 0x67, 0x32, 0xEF, 0x75, 0xAA, 0x9D, 0x02, 0x3C, 0xBC, 0xF7, 0x15, 0x13, 0xA5, 0x14,
    0xDC, 0xFF, 0x50, 0x6D, 0xBA, 0xAD, 0xB6, 0xAE, 0x12, 0xC8, 0x03, 0x64, 0xA1, 0xAA, 0xC0, 0x19,
    0x46, 0x8E, 0x73, 0xF1, 0x4A, 0x7E, 0x01, 0x05, 0xB3, 0xA4, 0x6D, 0xA5, 0x49, 0x4A, 0xDA, 0xB2,
    0xA4, 0xE6, 0xB6, 0xB4, 0xA5, 0x77, 0xC6, 0xFA, 0xD4, 0x92, 0xD2, 0xBE, 0x40, 0x33, 0xB4, 0xFE,
    0x81, 0xC4, 0x19, 0xC7, 0x52, 0x2F, 0x72, 0x9F, 0x8E, 0x3E, 0x75, 0x04, 0xAA, 0x00, 0x67, 0x03,
    0xB4, 0xA5, 0xB3, 0x68, 0xF3, 0x75, 0x93, 0xA6, 0x79, 0x60, 0xCD, 0x9C, 0x1B, 0x40, 0xEC, 0x75,
    0x79, 0x0A, 0xFF, 0x77, 0xD1, 0xCA, 0xBA, 0xF1, 0x7B, 0x0F, 0x6D, 0x1D, 0x2D, 0xFE, 0x59, 0xB5,
    0x12, 0x55, 0xED, 0x4D, 0xF9, 0xDA, 0xE9, 0x3B, 0x94, 0x6A, 0xFA, 0xFD, 0xC7, 0x41, 0xE3, 0xAA,
    0xBF, 0x7F, 0xA9, 0xEA, 0x09, 0x1E, 0x38, 0x29, 0x92, 0xAA, 0x94, 0x07, 0x37, 0x56, 0x6E, 0x2E,
    0xD5, 0x95, 0x91, 0x54, 0x93, 0xAD, 0xDF, 0x48, 0x95, 0x8D, 0xA5, 0x62, 0x00, 0x9D, 0x0C, 0x9F,
    0x9D, 0xAA, 0xCA, 0xC3, 0x52, 0x0A, 0xB8, 0xD7, 0x55, 0xB4, 0xD3, 0x74, 0xB3, 0xE3, 0x76, 0x4C,
    0x82, 0xF7, 0xBF, 0x2A, 0x41, 0x35, 0x74, 0xDF, 0x8B, 0x69, 0xB9, 0xF1, 0x77, 0x39, 0x89, 0x76,
    0x96, 0xAB, 0x16, 0xFD, 0xA8, 0x77, 0x0F, 0xAA, 0x32, 0xA8, 0x8A, 0xBA, 0xF3, 0xCA, 0x86, 0x69,
    0x39, 0x23, 0x97, 0xE7, 0x2E, 0xF6, 0x96, 0x2F, 0x5E, 0x58, 0xD4, 0x65, 0xE7, 0x1C, 0x69, 0x9C,
    0x1D, 0x31, 0xFF, 0xB9, 0x1C, 0x54, 0xB9, 0x7C, 0xCE, 0x05, 0xC4, 0xE2, 0x94, 0x0B, 0x86, 0x2E,
    0x14, 0xDE, 0x75, 0xB6, 0x7C, 0x39, 0xE1, 0x67, 0x17, 0x3C, 0x18, 0x59, 0x3B, 0xDD, 0x13, 0x73,
    0xE2, 0xA7, 0x2E, 0xA0, 0x19, 0xD8, 0x64, 0x98, 0xDD, 0x13, 0xE6, 0x64, 0x4E, 0x6D, 0x7C, 0x6E,
    0xEC, 0x54, 0x76, 0xCB, 0xDC, 0x5D, 0x67, 0x06, 0xC1, 0x4E, 0x60, 0x41, 0xF4, 0x02, 0x7A, 0x03,
    0x84, 0x0E, 0xCA, 0x79, 0xD1, 0x29, 0x85, 0x27, 0x50, 0x93, 0xC0, 0xB7, 0x3C, 0xCC, 0xC0, 0xDD,
    0xF6, 0xDC, 0xC5, 0xEE, 0xF2, 0xC5, 0xCD, 0x1B, 0xB8, 0x4B, 0x1F, 0x30, 0xD7, 0xB1, 0x02, 0xAC,
    0x7C, 0x4B, 0xE4, 0xB8, 0xF6, 0xB5, 0xAD, 0x0E, 0x05, 0x0B, 0xBB, 0xDA, 0x92, 0xC4, 0xEA, 0xB2,
    0x86, 0x0F, 0xCC, 0x11, 0x31, 0x37, 0x30, 0xDF, 0xA6, 0x70, 0x2A, 0xBE, 0x17, 0x73, 0x9E, 0x3E,
    0xE1, 0x59, 0x2B, 0xEF, 0xD9, 0x5A, 0xB9, 0x47, 0xF6, 0xA8, 0xD9, 0x26, 0xAC, 0xB7, 0xA1, 0x04,
    0xFF, 0xFD, 0x1E, 0x3B, 0x64, 0x88, 0x7C, 0x10, 0xDC, 0x86, 0x15, 0x94, 0xB1, 0x81, 0x35, 0x01,
    0xF3, 0xF5, 0x73, 0xBA, 0xEB, 0x82, 0xEE, 0x7A, 0xE5, 0x96, 0xEE, 0x1A, 0xE4, 0xD7, 0x5F, 0xC7,
    0xBF, 0x9D, 0xDE, 0x06, 0x99, 0x4D, 0xA8, 0x5A, 0x58, 0x7C, 0x90, 0x63, 0x69, 0x05, 0x39, 0x3D,
    0x40, 0x81, 0x47, 0xB0, 0xC6, 0x0C, 0xDD, 0x8D, 0x7C, 0x05, 0x63, 0x9C, 0x14, 0xE5, 0x0A, 0x5E,
    0x5C, 0xE4, 0xCD, 0x4C, 0xFC, 0x17, 0x2C, 0x56, 0xF1, 0x4A, 0x1D, 0x73, 0x5E, 0x4D, 0xCD, 0xB9,
    0x2A, 0x9B, 0x53, 0xC7, 0xB5, 0xAD, 0x6D, 0x59, 0xB6, 0x10, 0xD1, 0x4B, 0x89, 0x5E, 0x43, 0x8F,
    0x43, 0x62, 0x28, 0xF7, 0x78, 0x52, 0x6D, 0x4A, 0x84, 0x4E, 0xC3, 0x2F, 0x75, 0x80, 0xA8, 0x0C,
    0x02, 0x58, 0x84, 0xA7, 0x66, 0x80, 0x8F, 0x4E, 0x42, 0x82, 0x55, 0x69, 0x61, 0xAE, 0xBC, 0xE7,
    0x68, 0xB9, 0x9C, 0xAF, 0x20, 0x5F, 0xA3, 0x8E, 0x88, 0x6B, 0xE2, 0xEC, 0xE0, 0x84, 0xA5, 0x60,
    0x41, 0x9A, 0x43, 0x30, 0xEB, 0x04, 0x1E, 0x05, 0xD7, 0x7B, 0x20, 0xA8, 0x28, 0x26, 0x54, 0xF1,
    0x94, 0x44, 0x72, 0x80, 0xB3, 0xBA, 0x54, 0x77, 0xB5, 0x24, 0x37, 0xFC, 0xDD, 0x1B, 0x41, 0x0F,
    0x4A, 0x28, 0xE7, 0x16, 0x1C, 0x10, 0xC9, 0x9A, 0x34, 0x20, 0x20, 0x09, 0x79, 0x6D, 0x76, 0x52,
    0x52, 0x9A, 0xD4, 0x82, 0xF3, 0x30, 0xDA, 0x86, 0xF5, 0x93, 0xF7, 0xDD, 0x4B, 0x45, 0x4C, 0x00,
    0x5E, 0x45, 0xBC, 0xE2, 0xBF, 0xDB, 0xD5, 0x85, 0x70, 0x72, 0x1C, 0x07, 0x21, 0x4F, 0x1E, 0x69,
    0x6C, 0x07, 0xAE, 0x46, 0x1F, 0x1F, 0x43, 0x73, 0xA5, 0x55, 0x85, 0x48, 0xBF, 0xFB, 0xFB, 0x23,
    0x8D, 0xF9, 0x6E, 0xAC, 0x5A, 0x5E, 0x68, 0xC9, 0xE0, 0xEA, 0xF2, 0x3A, 0xE6, 0x64, 0xBA, 0x66,
    0xE6, 0x84, 0xE8, 0x9D, 0x51, 0xED, 0xDC, 0xFC, 0x9B, 0xB5, 0x37, 0x10, 0xC7, 0x87, 0x97, 0xAC,
    0x0F, 0xB0, 0xE8, 0xC3, 0x65, 0xFA, 0xB7, 0x78, 0x05, 0x65, 0x50, 0xB6, 0xFA, 0xA6, 0x2F, 0xF2,
    0x71, 0x92, 0x7E, 0xF6, 0xAF, 0xE7, 0xCF, 0x0F, 0xD2, 0x36, 0x24, 0x82, 0x8B, 0xBC, 0x07, 0x92,
    0x12, 0xE3, 0xC7, 0xD6, 0xB5, 0xA8, 0x6E, 0x4C, 0xE1, 0xA2, 0x89, 0xFF, 0xA3, 0x17, 0x9E, 0x95,
    0xE8, 0x2F, 0x15, 0x24, 0x8F, 0xD3, 0xC8, 0x9A, 0x2C, 0xB2, 0xD1, 0xAD, 0x9A, 0x4D, 0xBA, 0x49,
    0x77, 0x24, 0xD4, 0x85, 0xB0, 0xB2, 0xAD, 0xCA, 0x65, 0x41, 0x58, 0x17, 0x16, 0x49, 0x22, 0xF0,
    0xD5, 0xEE, 0xDF, 0xB8, 0xBF, 0xC9, 0x85, 0x33, 0xFF, 0x17, 0x99, 0xA9, 0x64, 0xF9, 0x39, 0xED,
    0xED, 0xB4, 0xF8, 0x25, 0x27, 0x08, 0xEB, 0xDE, 0xBF, 0xC5, 0xDB, 0x0C, 0xDC, 0xA0, 0xF9, 0x28,
    0x9B, 0xDE, 0x0F, 0x03, 0x9D, 0x7E, 0x87, 0x20, 0x10, 0x22, 0x26, 0xD6, 0xD8, 0xE8, 0x7F, 0x5E,
    0x14, 0x79, 0x5E, 0xEC, 0x52, 0x48, 0x69, 0xFD, 0xDE, 0x7E, 0x07, 0x5B, 0x39, 0xB2, 0x35, 0x9B,
    0x74, 0x15, 0x73, 0xDD, 0x66, 0xC0, 0x7D, 0x0D, 0x32, 0xAB, 0x69, 0xBB, 0x4E, 0xB3, 0xE1, 0x7B,
    0x33, 0x42, 0x57, 0xC0, 0x9F, 0x2B, 0xB8, 0x82, 0xE1, 0x1C, 0xA2, 0xBA, 0xE5, 0xE0, 0xBE, 0x8D,
    0x90, 0x7D, 0x2F, 0xC2, 0xB4, 0x77, 0xA4, 0x7D, 0x39, 0x2E, 0xA6, 0x98, 0x78, 0x43, 0x6E, 0x8A,
    0x7E, 0x61, 0xDF, 0x73, 0x7D, 0x7B, 0x99, 0xD9, 0xF9, 0xD5, 0xAA, 0x87, 0xDB, 0x93, 0x0C, 0x8F,
    0xB5, 0xE4, 0xEE, 0x10, 0xF4, 0xD7, 0x22, 0x03, 0xAD, 0x91, 0x4B, 0x3A, 0xD5, 0x38, 0xC9, 0x2E,
    0x1D, 0xE3, 0x90, 0x72, 0x01, 0xA5, 0x46, 0x76, 0xD9, 0xD8, 0x24, 0xCA, 0x9A, 0x48, 0x91, 0xF9,
    0x91, 0x8D, 0x13, 0x3B, 0x34, 0x76, 0x39, 0xB2, 0x73, 0x37, 0x7D, 0x27, 0xDD, 0x39, 0x45, 0x3A,
    0x4B, 0xFA, 0x76, 0xC0, 0x66, 0x15, 0x0E, 0x9F, 0xC0, 0x75, 0xAA, 0xCE, 0x40, 0x69, 0x81, 0xB0,
    0xCD, 0xED, 0x75, 0xE0, 0xEE, 0xB0, 0x06, 0x9B, 0x43, 0x87, 0xC3, 0xF8, 0xDB, 0x5D, 0x69, 0x99,
    0x06, 0xD5, 0x33, 0x00, 0x93, 0xC9, 0x73, 0x35, 0xA4, 0xB7, 0x41, 0x11, 0x96, 0x66, 0x71, 0xF6,
    0xFE, 0xD3, 0x53, 0x72, 0xDA, 0x2F, 0x0D, 0xDC, 0x92, 0x7F, 0xE3, 0xAB, 0x71, 0x59, 0x79, 0x60,
    0x03, 0x60, 0xB4, 0x19, 0xCC, 0xF9, 0x89, 0xD1, 0x3C, 0x64, 0x95, 0x96, 0xA6, 0x10, 0x5D, 0x10,
    0xC6, 0x9E, 0xD2, 0xD0, 0xC1, 0x5E, 0xCB, 0x80, 0xD1, 0xA7, 0x64, 0x40, 0x90, 0x72, 0x41, 0xA9,
    0x7A, 0x9B, 0x0F, 0x74, 0x7A, 0x5D, 0x1E, 0xF2, 0x9E, 0x5A, 0x49, 0xC9, 0x38, 0x23, 0x5D, 0x0D,
    0x4F, 0x5D, 0x62, 0x79, 0xE9, 0x06, 0x9C, 0xE6, 0xAE, 0x07, 0xEB, 0xF5, 0x7A, 0x54, 0xB8, 0xDF,
    0x67, 0x92, 0x17, 0xEB, 0x58, 0x32, 0xF6, 0xC4, 0x4D, 0x84, 0x74, 0xF1, 0x8D, 0x15, 0x97, 0x26,
    0xAE, 0x29, 0x5A, 0x76, 0x78, 0xB9, 0xFE, 0x4B, 0x6B, 0x17, 0x47, 0xA7, 0x9E, 0xB9, 0x38, 0xF8,
    0xD1, 0xD6, 0xC1, 0xAA, 0x5F, 0xC4, 0x27, 0x72, 0xF3, 0x67, 0x30, 0xCD, 0x3F, 0xC6, 0x35, 0xB8,
    0xE7, 0x08, 0xB0, 0x27, 0xFA, 0x69, 0x86, 0x6B, 0xB8, 0x9E, 0xF5, 0xF0, 0x7C, 0x47, 0xDA, 0xEF,
    0xD6, 0xA9, 0xD4, 0x7D, 0x75, 0xAC, 0x26, 0xFB, 0xD4, 0x30, 0x63, 0x6B, 0x38, 0x11, 0x59, 0xD9,
    0xAF, 0xED, 0x60, 0x31, 0x2F, 0xC1, 0xC2, 0xF0, 0xFC, 0x55, 0xF4, 0xF3, 0x87, 0xBA, 0xDF, 0x7F,
    0xA2, 0x5D, 0x83, 0xFD, 0x5D, 0x45, 0x00, 0xB5, 0x3D, 0xB4, 0xB6, 0x24, 0x4D, 0xBF, 0x8A, 0xBC,
    0xB5, 0x5C, 0xD7, 0x1A, 0x49, 0x72, 0x41, 0x46, 0x5A, 0x67, 0x9C, 0x61, 0xE4, 0x60, 0xAA, 0xBA,
    0x1F, 0x42, 0xF3, 0xF1, 0x49, 0x82, 0x14, 0x93, 0xD8, 0x62, 0xA2, 0x3B, 0xCE, 0x40, 0x77, 0xC2,
    0x7E, 0x92, 0x41, 0xCF, 0x69, 0x6C, 0xE3, 0x0C, 0x2E, 0xFF, 0x63, 0x5E, 0xED, 0xEE, 0x81, 0xB2,
    0x47, 0x05, 0xE9, 0x42, 0xD1, 0x91, 0x5C, 0xE1, 0x47, 0xB5, 0xBE, 0xA0, 0x59, 0xCC, 0xE8, 0xB6,
    0xDD, 0x33, 0x3F, 0x25, 0x2D, 0xDB, 0x42, 0xCC, 0x96, 0xDC, 0xB7, 0x6E, 0x01, 0xC1, 0x17, 0x42,
    0x98, 0x92, 0x43, 0x14, 0x64, 0x48, 0x89, 0x1D, 0x91, 0xBB, 0x26, 0xCC, 0x39, 0x89, 0xAF, 0x49,
    0xFC, 0x53, 0x31, 0x3F, 0x92, 0xE8, 0x27, 0x12, 0xFD, 0x80, 0xEB, 0x71, 0x97, 0xEF, 0xF6, 0x38,
    0xD4, 0xEE, 0x4E, 0xEF, 0x6B, 0x24, 0x83, 0xD1, 0xB7, 0xBD, 0xB2, 0x9A, 0xD2, 0x8E, 0x60, 0x46,
    0xE6, 0xA3, 0xCC, 0x3C, 0x9D, 0x47, 0xDF, 0x2F, 0xA3, 0x67, 0xCA, 0x28, 0x4B, 0xEF, 0x0A, 0xAB,
    0x73, 0xAC, 0xC8, 0x31, 0xBB, 0xA3, 0xD5, 0xD3, 0x35, 0xCA, 0x23, 0x7B, 0x63, 0xF5, 0xB3, 0x40,
    0xC6, 0xC1, 0xF8, 0xF5, 0xFB, 0xA0, 0x1F, 0x16, 0x89, 0xFD, 0xC4, 0xE4, 0x35, 0xBC, 0xE2, 0xDE,
    0xA8, 0x52, 0xC6, 0xDA, 0x9A, 0x7A, 0x23, 0x35, 0x41, 0x5D, 0x43, 0xC1, 0x18, 0x9E, 0xE1, 0x6A,
    0xD5, 0xA3, 0xE5, 0x9A, 0xCC, 0xAB, 0xD4, 0xCC, 0x11, 0xAC, 0x42, 0xF5, 0x66, 0xA0, 0xAF, 0x75,
    0x49, 0x5F, 0xE9, 0x93, 0xE6, 0x1D, 0xA5, 0x89, 0x25, 0x35, 0x05, 0x69, 0xD0, 0x23, 0xF5, 0x06,
    0xA4, 0xD2, 0x56, 0x1A, 0xBF, 0xC4, 0x75, 0x6A, 0x3E, 0x20, 0x45, 0xE0, 0xE5, 0x78, 0x15, 0xE1,
    0x0C, 0xFC, 0x59, 0x3C, 0x6C, 0x40, 0xB1, 0x2F, 0x5A, 0xE5, 0x66, 0x79, 0x93, 0x6C, 0x79, 0x44,
    0x9E, 0xD6, 0x5D, 0x66, 0x0E, 0xF1, 0xD2, 0x40, 0xE2, 0xEB, 0x1D, 0x78, 0x0A, 0x42, 0xB2, 0xD0,
    0xDE, 0xAE, 0x01, 0x96, 0xF5, 0xE4, 0xFF, 0x40, 0x1A, 0xB7, 0x21, 0xE1, 0xB6, 0x22, 0x8C, 0xDB,
    0x5F, 0x71, 0xC5, 0x16, 0xF7, 0xDD, 0xBA, 0x7A, 0xE6, 0xA4, 0xE7, 0xBE, 0x23, 0x29, 0xA7, 0xEA,
    0x41, 0x38, 0x84, 0x0E, 0x50, 0xB8, 0xCE, 0xA3, 0x1B, 0xD2, 0x3B, 0xAF, 0xD0, 0xFF, 0x37, 0x76,
    0xC6, 0xDC, 0xF8, 0xE9, 0xA1, 0xEB, 0xE8, 0x34, 0x0B, 0x34, 0xF0, 0xF9, 0x0F, 0x6D, 0x39, 0xA6,
    0x74, 0xC6, 0xD3, 0x3B, 0xD6, 0xC5, 0xD4, 0x28, 0xFF, 0x4B, 0xA8, 0xDD, 0x40, 0xF3, 0x2C, 0x5B,
    0xE7, 0x38, 0x2E, 0x62, 0xAE, 0x8D, 0xF7, 0x8A, 0xA2, 0x2F, 0xE3, 0xA1, 0xF6, 0xEF, 0x9E, 0x67,
    0x59, 0xB4, 0xC5, 0xB4, 0xD0, 0xEC, 0x82, 0xA4, 0xD2, 0x29, 0x3A, 0xE5, 0x84, 0x62, 0xDB, 0xAC,
    0x2B, 0x75, 0xC3, 0x01, 0x7B, 0x81, 0x90, 0x54, 0x3B, 0x53, 0x0A, 0xD5, 0x1D, 0xE8, 0x9B, 0x5D,
    0xD2, 0x37, 0xFA, 0xA4, 0x45, 0x47, 0x69, 0x62, 0x49, 0x0D, 0x27, 0xA4, 0x08, 0xBA, 0xA4, 0x5E,
    0x9F, 0x54, 0x3A, 0x4A, 0xE3, 0x97, 0x49, 0xCD, 0xDB, 0x34, 0x01, 0xEA, 0x0E, 0xBE, 0x78, 0xA4,
    0xBB, 0x8A, 0xC5, 0xDB, 0x51, 0x59, 0xA8, 0xA6, 0xCE, 0x85, 0xD3, 0x76, 0xE4, 0x98, 0xDB, 0xCC,
    0x53, 0x65, 0x98, 0xB2, 0x99, 0xE4, 0x46, 0x9B, 0xC3, 0x4E, 0x6A, 0x72, 0xA7, 0xCD, 0xF1, 0x2B,
    0xB8, 0xA1, 0x45, 0x68, 0x49, 0x97, 0x8A, 0x1B, 0xB5, 0xCC, 0xC1, 0xA9, 0xD0, 0xD5, 0x29, 0xBC,
    0x5F, 0x8A, 0x43, 0xFD, 0xE8, 0x34, 0x62, 0xB1, 0xD8, 0x54, 0x23, 0x63, 0x3B, 0xCF, 0xB1, 0xF9,
    0xEF, 0x7F, 0xA4, 0x93, 0x06, 0x98, 0x7F, 0x0C, 0x06, 0xCE, 0xA1, 0x5B, 0xAF, 0xCF, 0x6C, 0x79,
    0xB0, 0x4E, 0x24, 0xC3, 0x15, 0x98, 0x28, 0xE9, 0x37, 0x1B, 0x63, 0x09, 0xE1, 0x4D, 0x42, 0x74,
    0xB3, 0x4C, 0x8C, 0xB1, 0x46, 0xF4, 0xB2, 0xC3, 0x35, 0x5D, 0x32, 0xD9, 0xCF, 0x91, 0xA1, 0xC7,
    0xA9, 0xEB, 0x59, 0xBE, 0xA1, 0x05, 0x5E, 0x19, 0x57, 0x78, 0xD1, 0x39, 0xF2, 0xBB, 0x08, 0x00,
    0x6A, 0x56, 0xD6, 0x11, 0x1D, 0x63, 0xA4, 0xEB, 0xAD, 0x94, 0xE8, 0xA5, 0x6E, 0x69, 0x1F, 0x7A,
    0xDA, 0x00, 0x28, 0x8D, 0xD3, 0xB3, 0x12, 0x5D, 0xC7, 0x73, 0x4F, 0xEA, 0xAE, 0xC1, 0xC3, 0x44,
    0x42, 0x97, 0xA5, 0xEE, 0xAA, 0x93, 0x1E, 0x9C, 0x00, 0x3E, 0x40, 0x5D, 0x90, 0x71, 0x5E, 0x6D,
    0x3D, 0xF0, 0x3E, 0x04, 0x91, 0xA3, 0xAC, 0x2A, 0x26, 0x3A, 0x2C, 0x99, 0x2A, 0x18, 0x70, 0x1E,
    0x3B, 0x40, 0x69, 0xC4, 0x20, 0x7B, 0x88, 0x89, 0xF6, 0xB7, 0xDD, 0x06, 0xEB, 0x2B, 0xC0, 0x0C,
    0xE7, 0xF6, 0x23, 0xD1, 0x79, 0x57, 0x2B, 0x61, 0x1D, 0x20, 0x13, 0x40, 0x6E, 0x46, 0xAF, 0x9C,
    0x3E, 0x0E, 0xAE, 0x80, 0x1F, 0x59, 0xCB, 0x79, 0xBC, 0xC4, 0x7D, 0x6C, 0xB8, 0x8F, 0x2B, 0xFC,
    0x38, 0xC9, 0x5D, 0x57, 0xF3, 0xEA, 0x1A, 0x6B, 0x48, 0xA6, 0xEA, 0xEB, 0x87, 0x9D, 0x25, 0x7C,
    0x36, 0xF6, 0x48, 0x73, 0x67, 0xFD, 0x1C, 0x84, 0x50, 0xBF, 0xA9, 0x69, 0xE1, 0x3C, 0x44, 0xC3,
    0x07, 0x11, 0x83, 0x42, 0x23, 0x1D, 0x1D, 0xBF, 0x7E, 0xE3, 0x86, 0xE9, 0x81, 0x65, 0x41, 0x9C,
    0xAD, 0x53, 0x10, 0x68, 0xC3, 0x1A, 0x8A, 0xF4, 0xD6, 0xA5, 0x14, 0x42, 0xBD, 0x75, 0x51, 0x7A,
    0x8A, 0xB7, 0x47, 0xD4, 0xB2, 0xF8, 0x40, 0x94, 0xBF, 0x21, 0x71, 0xD7, 0x4B, 0x21, 0x60, 0x75,
    0x89, 0x22, 0x52, 0xCB, 0x4F, 0xCA, 0x34, 0xF7, 0x6E, 0x5D, 0x35, 0x38, 0x19, 0xEF, 0x15, 0x7B,
    0xBA, 0xA6, 0x83, 0x74, 0x02, 0x3D, 0x54, 0x29, 0xCD, 0x2D, 0xA4, 0x4B, 0xEF, 0x72, 0xAF, 0x17,
    0xB9, 0x47, 0x4F, 0xDD, 0x7C, 0x5F, 0xA9, 0x7E, 0xE7, 0x86, 0x9D, 0xC7, 0xA9, 0x01, 0x65, 0x09,
    0xC3, 0x1B, 0x12, 0x47, 0x78, 0xEF, 0x77, 0x34, 0xE2, 0x30, 0x5B, 0xA8, 0xAF, 0xD7, 0xF7, 0xD4,
    0x3D, 0x5C, 0xD1, 0xDE, 0x92, 0x94, 0xE9, 0x20, 0x7C, 0x2F, 0x32, 0x9C, 0xC0, 0xE5, 0xA4, 0xDF,
    0x4C, 0x9B, 0x6C, 0x59, 0xBD, 0xCA, 0x02, 0xD1, 0x21, 0xCC, 0x3D, 0x7C, 0xB9, 0x00, 0x9A, 0x31,
    0x79, 0x1A, 0xE9, 0x8F, 0x1F, 0x7D, 0x4F, 0x46, 0xDD, 0x43, 0xE3, 0xBC, 0xAE, 0xE2, 0x39, 0xAD,
    0x26, 0xB6, 0x49, 0x38, 0xEB, 0x60, 0x50, 0x2B, 0xF7, 0xCC, 0x64, 0xBE, 0xB4, 0x4B, 0xB9, 0x3C,
    0xB7, 0x52, 0x14, 0x19, 0xB3, 0x6C, 0x68, 0x27, 0x63, 0x37, 0xCC, 0x4E, 0xF7, 0xFF, 0x97, 0xB5,
    0x88, 0x19, 0xA9, 0xE7, 0xF5, 0xB2, 0x43, 0xD7, 0xC6, 0x51, 0x2F, 0x0B, 0x1E, 0x4B, 0xFD, 0x6B,
    0xBA, 0x9B, 0xBA, 0xAD, 0x5B, 0xF4, 0x7B, 0x98, 0xC7, 0x15, 0x66, 0xA5, 0x30, 0x3C, 0xC8, 0x79,
    0x9C, 0x95, 0xDC, 0xA0, 0xEA, 0x1A, 0xD9, 0x59, 0x92, 0xC5, 0x45, 0x39, 0xB9, 0xA6, 0x66, 0x87,
    0x50, 0xDB, 0x42, 0x4E, 0x37, 0xD4, 0x90, 0x17, 0x6B, 0x5D, 0x83, 0x23, 0xAD, 0xE7, 0xB2, 0x54,
    0xC8, 0x5A, 0x29, 0x3B, 0x3B, 0x5E, 0x19, 0xFF, 0xD3, 0x7A, 0xCF, 0x6A, 0x08, 0x81, 0x04, 0x73,
    0x9A, 0xBF, 0x6C, 0x69, 0xBA, 0x88, 0x6B, 0x43, 0x99, 0x89, 0x64, 0x36, 0xE0, 0xE5, 0x16, 0x7E,
    0xEF, 0x2A, 0x02, 0x86, 0x24, 0x26, 0x9B, 0x8F, 0xB2, 0x05, 0x23, 0x73, 0x57, 0xC4, 0xDB, 0x6C,
    0x0A, 0xA7, 0x1D, 0xEB, 0xBF, 0xDB, 0x65, 0xBD, 0x74, 0x9F, 0x9C, 0x3C, 0x41, 0x7C, 0x09, 0x48,
    0x1E, 0xFC, 0x44, 0x66, 0x42, 0x39, 0xA2, 0x28, 0x68, 0xB7, 0x9C, 0xEC, 0x67, 0xE8, 0x6D, 0xAD,
    0x84, 0xF4, 0x19, 0xCD, 0x69, 0x59, 0x91, 0x04, 0xBF, 0xD5, 0xB0, 0x2E, 0xBB, 0x56, 0x45, 0x41,
    0x5C, 0x87, 0x47, 0x08, 0xD4, 0x16, 0x99, 0x2B, 0x1F, 0xDB, 0xAA, 0xCF, 0xBB, 0x84, 0xD9, 0xAC,
    0x77, 0xBD, 0x24, 0x2B, 0x47, 0xF7, 0x3B, 0x53, 0xC7, 0xFD, 0x34, 0x02, 0x6F, 0xBF, 0xD4, 0xAC,
    0xA5, 0x54, 0x75, 0xED, 0x69, 0xA6, 0xB8, 0x56, 0xE4, 0x28, 0xDD, 0xE7, 0x70, 0xF9, 0xFC, 0xF0,
    0xFC, 0xFA, 0x3C, 0x7C, 0xDB, 0xF1, 0x13, 0x20, 0x47, 0x6A, 0xF0, 0x75, 0x87, 0x44, 0x3D, 0xE4,
    0x50, 0xE3, 0x02, 0x95, 0xA6, 0x67, 0x07, 0x56, 0x49, 0xB8, 0x5A, 0x35, 0x73, 0x72, 0x70, 0x88,
    0x24, 0xF8, 0x0D, 0x49, 0xA3, 0xDB, 0x69, 0x39, 0x25, 0xED, 0x61, 0x35, 0x9C, 0x93, 0xC9, 0x57,
    0x2C, 0xAD, 0x9F, 0x9B, 0x81, 0x97, 0x07, 0x99, 0x29, 0x00, 0x95, 0xBE, 0x2B, 0xAB, 0x33, 0xB9,
    0xA9, 0x2D, 0x7A, 0x86, 0x4B, 0x34, 0x78, 0x9B, 0x56, 0xA4, 0x39, 0xD6, 0xA3, 0x07, 0x25, 0x95,
    0x1E, 0x84, 0x82, 0x7B, 0x3A, 0x83, 0x00, 0x33, 0x3B, 0xFD, 0xF0, 0x6D, 0xF8, 0xDE, 0xBC, 0x03,
    0x5D, 0xB7, 0x11, 0x10, 0xE5, 0xC1, 0x2B, 0x8F, 0xDF, 0x01, 0x57, 0x81, 0x2A, 0x36, 0xA9, 0x58,
    0x4F, 0x6F, 0x49, 0xFD, 0xAE, 0xFA, 0xE3, 0xEF, 0x44, 0xC7, 0x7F, 0xD2, 0x05, 0xB6, 0x39, 0x76,
    0x8A, 0xC1, 0xF8, 0xE8, 0x93, 0xA2, 0x85, 0x49, 0x97, 0x38, 0x00, 0xF0, 0xB2, 0xF4, 0x94, 0x57,
    0x74, 0x87, 0x61, 0x51, 0x77, 0x7A, 0x6F, 0x4F, 0xCF, 0xDE, 0x8C, 0x16, 0x0D, 0x5D, 0xD0, 0x19,
    0xDF, 0xA2, 0xD3, 0x62, 0x0A, 0x34, 0x50, 0x8F, 0x9F, 0xE4, 0xCC, 0x35, 0x22, 0x87, 0x51, 0x3F,
    0x9D, 0xD6, 0x49, 0xC2, 0xE7, 0xBF, 0x0D, 0x77, 0x82, 0x74, 0xFA, 0xAD, 0x4D, 0x4D, 0xD4, 0x74,
    0x33, 0xCE, 0x5E, 0xB2, 0x71, 0xF6, 0x1D, 0x1B, 0x65, 0xE1, 0xAD, 0x9B, 0x35, 0x36, 0x2C, 0xDB,
    0x7F, 0xF6, 0xAB, 0xD7, 0xFF, 0x21, 0x8F, 0x4C, 0x71, 0xAB, 0x68, 0xA8, 0x07, 0x0E, 0x86, 0x37,
    0x6E, 0xA5, 0x1D, 0x9A, 0x6C, 0x9C, 0xDF, 0x31, 0x1C, 0xBF, 0x43, 0x99, 0x52, 0x1E, 0xA8, 0xF1,
    0x8B, 0x33, 0xA3, 0x59, 0x63, 0x4D, 0xF2, 0xB0, 0x25, 0xCB, 0x1E, 0xC0, 0xCF, 0x48, 0x14, 0xDB,
    0xE5, 0x24, 0x3B, 0x77, 0x26, 0xA1, 0x1C, 0xD3, 0x75, 0xB0, 0xA0, 0x68, 0x6B, 0x75, 0x4B, 0xCB,
    0x8E, 0xDA, 0xE5, 0xB1, 0xF4, 0xD0, 0xE5, 0x24, 0x7A, 0x24, 0x63, 0xF3, 0x60, 0xEB, 0xEC, 0x05,
    0x75, 0xB6, 0xFB, 0x93, 0xD5, 0x57, 0x24, 0x6E, 0xAE, 0xD1, 0x97, 0xC5, 0x9A, 0x3B, 0x9E, 0x65,
    0xF1, 0x5A, 0x36, 0x0F, 0x7F, 0x4E, 0x83, 0x97, 0x33, 0x89, 0xAE, 0x21, 0x86, 0x10, 0x15, 0x20,
    0x9E, 0x2D, 0x40, 0xE6, 0x95, 0x6C, 0x1F, 0xB2, 0x1E, 0x96, 0x34, 0x9F, 0x71, 0xB8, 0x3D, 0x1B,
    0xA7, 0xE4, 0xCB, 0x4A, 0xDD, 0xBE, 0x49, 0xE2, 0xBC, 0xA0, 0x8B, 0x50, 0xBD, 0xF1, 0x01, 0xD0,
    0x3D, 0x4B, 0xD9, 0x93, 0x47, 0xA6, 0x73, 0x37, 0x8E, 0x71, 0x47, 0x76, 0x74, 0x04, 0xDD, 0x87,
    0x7E, 0xC7, 0xE5, 0xFB, 0x5E, 0xFA, 0xBF, 0x7B, 0xCD, 0xD2, 0xD1, 0x89, 0x76, 0xBB, 0xCD, 0x93,
    0xDB, 0xCD, 0x70, 0x16, 0xD5, 0xBF, 0xAB, 0xA4, 0x6F, 0x8A, 0x56, 0x5E, 0x1A, 0x1B, 0x14, 0x41,
    0x61, 0xA3, 0x34, 0x28, 0xFD, 0x77, 0x91, 0xD8, 0x00, 0x50, 0x7E, 0x90, 0xCE, 0x10, 0x22, 0x54,
    0x7C, 0x62, 0x07, 0x10, 0x62, 0x96, 0x23, 0x25, 0x2C, 0xD0, 0x27, 0x78, 0xAD, 0xB2, 0xDC, 0x91,
    0x64, 0x2C, 0xDB, 0x40, 0x88, 0x82, 0xC5, 0xFF, 0x97, 0x72, 0x3D, 0xC8, 0x79, 0xF5, 0x5F, 0xFC,
    0x78, 0xEF, 0xDC, 0x7B, 0xC4, 0xAB, 0x1F, 0xBA, 0xF8, 0x39, 0x74, 0x1F, 0x3B, 0xB2, 0xEE, 0x2A,
    0xD8, 0x8B, 0xAE, 0xD4, 0x3F, 0xB9, 0x2B, 0xFF, 0xE8, 0xC4, 0xC1, 0x59, 0xBD, 0xD9, 0x7B, 0x4D,
    0xD7, 0xC8, 0xD3, 0x5A, 0xBE, 0x91, 0x91, 0x19, 0x74, 0xDE, 0xA8, 0x5E, 0x44, 0x08, 0xB2, 0x6D,
    0xF4, 0x66, 0xEC, 0x1C, 0x18, 0x09, 0x6D, 0x8C, 0xD9, 0x09, 0xF2, 0x84, 0xA7, 0x37, 0xCA, 0xEF,
    0xBD, 0xC0, 0x3C, 0xF5, 0x8F, 0x57, 0xF1, 0xC0, 0xF6, 0x8B, 0x7F, 0xD7, 0x43, 0x82, 0x43, 0xCD,
    0x07, 0x98, 0xDD, 0xC6, 0x1A, 0xD9, 0xEE, 0xD7, 0xCA, 0xF9, 0x7D, 0xA3, 0xBD, 0x1D, 0x07, 0x21,
    0xB8, 0xAD, 0x2F, 0xE6, 0x47, 0x96, 0xD0, 0xA2, 0x0E, 0x61, 0xD5, 0xC0, 0xAF, 0x4A, 0xC0, 0xA6,
    0x44, 0xC2, 0x12, 0xAC, 0xF9, 0x3D, 0x07, 0xE0, 0x20, 0xED, 0xF3, 0x2C, 0xB0, 0x25, 0x4C, 0x26,
    0xCC, 0x0F, 0xB9, 0x0E, 0xDE, 0x11, 0x71, 0xE7, 0x96, 0xFD, 0xDB, 0x56, 0xC7, 0xF5, 0x57, 0x42,
    0xAF, 0xD1, 0x56, 0x2F, 0x9C, 0x4E, 0xBD, 0xA3, 0xC3, 0x5C, 0xE5, 0xBB, 0x3C, 0x1B, 0x41, 0x74,
    0xEC, 0x76, 0x91, 0x3B, 0x45, 0x95, 0xC5, 0xD9, 0x32, 0x7E, 0x5E, 0x84, 0x7E, 0xB1, 0x0E, 0xED,
    0x2A, 0x56, 0x24, 0x33, 0x10, 0xDC, 0xFB, 0xEF, 0xCC, 0xD5, 0x0E, 0x9A, 0xA3, 0x1C, 0xB3, 0xB5,
    0x12, 0xE7, 0x6B, 0x5C, 0x94, 0xBB, 0x2A, 0x20, 0x57, 0x4B, 0xA7, 0xDE, 0x40, 0x7A, 0x60, 0x1C,
    0xA1, 0xB8, 0xB0, 0x13, 0xA6, 0x23, 0x0F, 0xF9, 0xF6, 0x00, 0x85, 0x75, 0xE1, 0x56, 0x4B, 0xA2,
    0xEA, 0x8B, 0xD4, 0x15, 0xE5, 0xF5, 0x19, 0x4E, 0xC3, 0x7C, 0xBF, 0xB5, 0xF2, 0x20, 0x8F, 0x52,
    0xC0, 0xCC, 0xE6, 0x5D, 0x9D, 0x29, 0x2C, 0x9B, 0x27, 0xF4, 0x84, 0xA9, 0xD6, 0xAD, 0xFB, 0x0D,
    0xBC, 0x8B, 0xF2, 0xE6, 0x98, 0x77, 0xD2, 0x9C, 0x1E, 0xE1, 0x43, 0x96, 0x3F, 0x5A, 0x64, 0xDF,
    0x81, 0x45, 0xB0, 0xF8, 0x4E, 0x36, 0x51, 0x2B, 0x9F, 0x3C, 0xB4, 0x7C, 0xB6, 0x3E, 0xB4, 0x1C,
    0x57, 0xDD, 0xB9, 0x4F, 0x96, 0x0B, 0xA1, 0x3D, 0x81, 0xEB, 0xB1, 0xAE, 0xC2, 0x2E, 0xD9, 0x0F,
    0xED, 0x71, 0xA8, 0x3E, 0x96, 0xED, 0xA4, 0x86, 0x41, 0xC4, 0xC2, 0x5E, 0xBF, 0x21, 0x04, 0x89,
    0x07, 0xC7, 0xB8, 0x3B, 0xF6, 0xBB, 0x36, 0xB6, 0x98, 0x5D, 0x73, 0xAD, 0xC6, 0xC6, 0x12, 0xAC,
    0xB9, 0x94, 0x36, 0xBB, 0x48, 0x4F, 0x1C, 0x20, 0xEB, 0xD3, 0x37, 0x3B, 0xF6, 0xBB, 0x5B, 0xEE,
    0x79, 0x7A, 0xA6, 0x85, 0x8E, 0x56, 0x0D, 0x6B, 0xCC, 0x5A, 0xCD, 0x6D, 0x2A, 0x93, 0xCD, 0x66,
    0xAF, 0x96, 0x74, 0x26, 0x8F, 0x70, 0xDC, 0xA6, 0x35, 0x1B, 0xEB, 0xFF, 0x05, 0xDD, 0x5A, 0xBD,
    0x6F, 0x1C, 0xD7, 0x11, 0x9F, 0xDD, 0x67, 0x71, 0x25, 0x2D, 0xC5, 0xA7, 0x42, 0x06, 0x6C, 0x83,
    0xD6, 0xB2, 0x50, 0x00, 0x05, 0xA0, 0x6E, 0x55, 0x10, 0x01, 0x93, 0x1C, 0x6F, 0xD7, 0xF6, 0x3F,
    0x20, 0x20, 0x61, 0x82, 0x20, 0x40, 0xA2, 0x22, 0x01, 0x62, 0xE7, 0xC3, 0x2A, 0x54, 0xA8, 0xA0,
    0x74, 0x8B, 0xA8, 0x70, 0x91, 0x00, 0x66, 0x9A, 0xA4, 0x48, 0x11, 0x15, 0x29, 0x12, 0x23, 0x80,
    0x58, 0xB0, 0x50, 0x71, 0xE4, 0xAD, 0xAD, 0x42, 0x85, 0x0B, 0x6F, 0x02, 0x08, 0x0E, 0xE0, 0x66,
    0x0D, 0x18, 0x4E, 0x10, 0x17, 0xDE, 0xC4, 0xA7, 0xE8, 0x44, 0xDC, 0xDD, 0xE6, 0x37, 0x33, 0xBB,
    0x77, 0x47, 0x59, 0xD6, 0xB7, 0x4C, 0x21, 0xE4, 0xDE, 0xCC, 0x23, 0x6F, 0x6F, 0xDF, 0xCC, 0xBC,
    0x79, 0x33, 0xBF, 0x99, 0x77, 0x44, 0xF5, 0x8F, 0x9B, 0x11, 0xAD, 0xC6, 0xA6, 0xA0, 0xA0, 0x1C,
    0xBA, 0x39, 0x0D, 0xA9, 0xFD, 0x71, 0x6A, 0x72, 0xF2, 0xCB, 0xD8, 0xA6, 0x64, 0x7A, 0x14, 0xE2,
    0x9E, 0x01, 0x45, 0xA0, 0x5B, 0x74, 0x01, 0xF4, 0x02, 0x38, 0xE1, 0xEF, 0x8E, 0xD0, 0x81, 0xD0,
    0xA1, 0xD0, 0x6D, 0xA1, 0x6D, 0xD0, 0x96, 0xDC, 0xBF, 0x46, 0x41, 0xCA, 0x9F, 0xB5, 0x19, 0x39,
    0x05, 0x3F, 0xCA, 0x60, 0xAA, 0x6D, 0x0A, 0x62, 0xC2, 0x5C, 0x7D, 0x9E, 0xFB, 0x55, 0x91, 0xC0,
    0x49, 0x88, 0x30, 0x23, 0x6E, 0x72, 0xCA, 0xEC, 0x92, 0xEF, 0x94, 0xE9, 0x22, 0x66, 0x69, 0x62,
    0xE6, 0x2B, 0xB8, 0xB9, 0x4F, 0x36, 0xA9, 0x5E, 0x31, 0x9E, 0x85, 0x77, 0x1A, 0x14, 0xC6, 0xCB,
    0xE4, 0xEF, 0xE0, 0x23, 0x3F, 0xAE, 0x94, 0x58, 0x10, 0x3A, 0x10, 0xDA, 0x11, 0xBA, 0x1C, 0x0D,
    0xC9, 0x94, 0xB9, 0x5F, 0xB0, 0xDC, 0xFC, 0xF4, 0xA6, 0x4C, 0x7F, 0x77, 0xBA, 0xBC, 0x9B, 0xE6,
    0x13, 0xEA, 0xE2, 0x39, 0x4B, 0xE4, 0xF4, 0x88, 0x36, 0x64, 0x9E, 0x9C, 0x55, 0x35, 0x50, 0x2F,
    0xC8, 0x03, 0xCC, 0x66, 0x54, 0x9F, 0x17, 0x62, 0x99, 0xFB, 0x20, 0x93, 0x90, 0xC7, 0x96, 0x89,
    0x4F, 0x61, 0x7A, 0xB9, 0x4F, 0x61, 0xF2, 0x7A, 0x4A, 0x7E, 0xE2, 0xDD, 0x93, 0xA4, 0x30, 0xBC,
    0x57, 0xB4, 0xFF, 0x4E, 0x6E, 0xF9, 0xC1, 0x3F, 0x89, 0xBE, 0xB2, 0x8F, 0x3E, 0xF7, 0x63, 0x92,
    0x13, 0xF5, 0x70, 0xA7, 0x57, 0x8F, 0xC2, 0xB4, 0x1E, 0xCD, 0x30, 0x39, 0x82, 0xD7, 0x3A, 0x2F,
    0x49, 0x59, 0x62, 0x7D, 0xCA, 0xB2, 0xEC, 0x1B, 0x08, 0x91, 0x39, 0x37, 0x9C, 0xEF, 0x17, 0xBC,
    0x1E, 0x7D, 0x37, 0xC5, 0xD2, 0x60, 0x44, 0x43, 0x83, 0x0F, 0x27, 0x3C, 0xE2, 0xC5, 0x6B, 0xF3,
    0x6A, 0x51, 0x14, 0xB3, 0x9E, 0x3C, 0x0A, 0xC4, 0x0D, 0x78, 0xC4, 0x72, 0xE5, 0xF5, 0x08, 0x57,
    0x35, 0x8A, 0xA8, 0x1E, 0x6D, 0xD5, 0x23, 0x67, 0xA0, 0xA3, 0x80, 0x1D, 0x4B, 0x46, 0x21, 0xBB,
    0x81, 0x8C, 0x56, 0x30, 0x17, 0xCD, 0xF2, 0x48, 0xDC, 0x6A, 0x16, 0x46, 0xC5, 0x4D, 0x10, 0xB1,
    0x69, 0x86, 0x78, 0xCB, 0x1D, 0xD2, 0x4C, 0x1F, 0x32, 0xF7, 0x61, 0xD4, 0xB2, 0xC4, 0x5D, 0xCF,
    0x8C, 0xB5, 0x3E, 0xA2, 0x4C, 0x15, 0x3A, 0x3D, 0x4B, 0xA2, 0x0F, 0x2D, 0x2F, 0x8B, 0x7B, 0xF5,
    0xE9, 0xC5, 0x0D, 0x79, 0xFE, 0x90, 0xAC, 0x0A, 0xD9, 0xE6, 0x05, 0x52, 0x5D, 0xDC, 0xB8, 0x56,
    0xA5, 0x92, 0xF0, 0x9D, 0xB2, 0x8C, 0x75, 0xF0, 0xA1, 0xEA, 0x6B, 0xAF, 0xC6, 0x6B, 0x3A, 0x78,
    0x9B, 0x6A, 0x6D, 0xB1, 0xE8, 0x95, 0x12, 0x69, 0xAD, 0x43, 0x5C, 0xAB, 0xA0, 0xCF, 0x19, 0xC0,
    0xC9, 0x53, 0x55, 0xA0, 0x67, 0x52, 0x95, 0xBF, 0xF0, 0x93, 0x5A, 0x7C, 0x9A, 0x92, 0xBE, 0x5A,
    0xC5, 0x6D, 0x65, 0x43, 0x5A, 0xDF, 0x4F, 0xFC, 0xA0, 0xA5, 0x25, 0x61, 0x8B, 0x85, 0x30, 0xB6,
    0x11, 0x98, 0x97, 0x0A, 0x73, 0x49, 0x18, 0xCB, 0x5C, 0x0E, 0xF9, 0x71, 0xF6, 0xE5, 0xA1, 0xB9,
    0xCE, 0x5B, 0xE3, 0xBC, 0x81, 0x9B, 0x9F, 0xA3, 0x15, 0x87, 0x30, 0x31, 0x6E, 0x81, 0x93, 0x16,
    0x60, 0x7E, 0x2A, 0xCC, 0x92, 0xFC, 0xB3, 0x45, 0xD4, 0x07, 0xEB, 0x50, 0x72, 0x1E, 0xAC, 0x30,
    0x49, 0xF8, 0x9B, 0xF2, 0x5B, 0xB9, 0xC5, 0xD6, 0x6E, 0xFF, 0x8E, 0x65, 0xFB, 0xD1, 0xC2, 0x94,
    0x47, 0x45, 0x65, 0x4E, 0xB6, 0xCC, 0x5D, 0xDE, 0x43, 0x23, 0xD1, 0x8D, 0xD4, 0x1E, 0x98, 0xED,
    0xF1, 0xB1, 0x44, 0x98, 0xAB, 0xCC, 0xC4, 0x4D, 0x5E, 0xB6, 0x00, 0xEF, 0xC1, 0x60, 0x25, 0x98,
    0xFC, 0xAC, 0x29, 0x3B, 0xA7, 0x6C, 0x43, 0x63, 0x54, 0x2E, 0x5E, 0xBF, 0x93, 0x88, 0x31, 0x46,
    0xD3, 0x42, 0xE3, 0x5D, 0xC8, 0x6C, 0xC4, 0x91, 0xBD, 0x9C, 0xA9, 0x8E, 0x75, 0x81, 0x2A, 0x7A,
    0x98, 0xA9, 0x2B, 0xEF, 0x5A, 0xBD, 0xE7, 0xAE, 0xF4, 0x22, 0x53, 0x57, 0xA8, 0x79, 0x25, 0x67,
    0x19, 0x4D, 0xC6, 0x22, 0x72, 0x5C, 0x20, 0xAA, 0x68, 0xFA, 0x39, 0x2A, 0xD2, 0xF9, 0x22, 0xD9,
    0xA1, 0x29, 0x1D, 0x62, 0xBE, 0xB0, 0x39, 0xE1, 0xF6, 0x36, 0x69, 0xC1, 0x3B, 0xFC, 0xA4, 0xE1,
    0x27, 0x24, 0x97, 0xEB, 0x27, 0xA1, 0x9F, 0x94, 0xF2, 0xCF, 0xF0, 0x4E, 0x57, 0xA3, 0xDD, 0x6B,
    0x10, 0xE9, 0x75, 0x82, 0xCD, 0xC8, 0xD7, 0x59, 0x0E, 0x40, 0x70, 0x12, 0x67, 0xBC, 0x7C, 0x5D,
    0x44, 0x81, 0xB2, 0x5F, 0x8E, 0x7C, 0xD8, 0xC2, 0x26, 0x7E, 0xEE, 0x60, 0x7D, 0x3D, 0x96, 0xB4,
    0x4C, 0x2B, 0x9E, 0x2B, 0x7F, 0xBF, 0xA7, 0xFC, 0x6F, 0x03, 0xE5, 0x59, 0xB7, 0xE2, 0x51, 0xAA,
    0xDC, 0xE6, 0xCA, 0x4D, 0x5F, 0xB9, 0x33, 0x54, 0x4E, 0xED, 0x8A, 0x87, 0xD7, 0xD8, 0xC2, 0x19,
    0xD9, 0x9B, 0xCA, 0x4D, 0x09, 0xCE, 0x59, 0x84, 0xB9, 0xD1, 0x7D, 0x97, 0x85, 0x58, 0xA3, 0xA0,
    0xB2, 0x8B, 0x5B, 0x71, 0x1A, 0x73, 0x4F, 0xD9, 0x89, 0x83, 0xD5, 0x32, 0xFE, 0x45, 0x79, 0x90,
    0xEF, 0x56, 0x87, 0x54, 0x9B, 0x86, 0x2A, 0x13, 0xA9, 0x2E, 0x0D, 0x55, 0x85, 0x54, 0x13, 0x52,
    0x45, 0x5C, 0xD5, 0x23, 0x54, 0x35, 0x4A, 0xD5, 0x22, 0x54, 0x25, 0x02, 0xD5, 0x21, 0x50, 0x15,
    0x02, 0xD5, 0x20, 0x50, 0x05, 0x02, 0x95, 0x3F, 0x50, 0xF1, 0x03, 0x95, 0x3E, 0x50, 0xE1, 0x03,
    0x95, 0x3D, 0x50, 0x89, 0x1A, 0xBB, 0x58, 0x73, 0x17, 0x5B, 0x56, 0x56, 0x4C, 0xEB, 0xE8, 0x4C,
    0x6E, 0xD8, 0x9E, 0xBA, 0xB5, 0x76, 0x88, 0x7D, 0xDE, 0xB5, 0x21, 0xFD, 0x22, 0xDC, 0xE9, 0x3A,
    0x43, 0x9B, 0xDA, 0x64, 0xC5, 0x4F, 0xBD, 0xF4, 0x7E, 0x48, 0xD4, 0x8B, 0xFA, 0x2B, 0xE3, 0xE7,
    0xDD, 0x46, 0xCE, 0x8E, 0x37, 0x0C, 0x7B, 0xA8, 0x1F, 0x4F, 0x87, 0x1F, 0x37, 0x13, 0x45, 0xB6,
    0xFB, 0x13, 0x43, 0xBB, 0xF1, 0x44, 0x50, 0x5F, 0x7C, 0xD7, 0x8A, 0xEC, 0x12, 0x25, 0xE9, 0x9B,
    0x72, 0xCF, 0xD7, 0x44, 0xA9, 0x0D, 0xA1, 0xB9, 0x7C, 0x36, 0xE5, 0xFC, 0xEA, 0xA6, 0x4D, 0x71,
    0xF8, 0x16, 0x2F, 0xE6, 0x2A, 0x67, 0x0D, 0x2B, 0xD1, 0xEE, 0x10, 0x96, 0x8B, 0x68, 0x91, 0x03,
    0x11, 0xA7, 0x54, 0xD0, 0x4D, 0x49, 0xA0, 0x05, 0x47, 0x48, 0x83, 0x95, 0x42, 0xC8, 0x2F, 0x93,
    0x76, 0x59, 0xF9, 0xC1, 0x73, 0x86, 0xE6, 0xE6, 0xC8, 0xFB, 0x19, 0x87, 0x01, 0x36, 0xDF, 0xBA,
    0x88, 0x35, 0xA4, 0xA3, 0x5D, 0x3A, 0x67, 0xA9, 0x87, 0x38, 0xA6, 0x57, 0x97, 0x82, 0x3F, 0x50,
    0xC7, 0x52, 0xDF, 0xD2, 0x20, 0xFA, 0x76, 0xFB, 0x83, 0xDE, 0x01, 0x87, 0x65, 0x5F, 0x76, 0x53,
    0x7B, 0x99, 0x1F, 0x4B, 0x97, 0x34, 0x1A, 0xA4, 0x46, 0x52, 0xD6, 0xFD, 0x5F, 0xB8, 0x5F, 0x85,
    0x59, 0xDF, 0xBF, 0xB4, 0xB4, 0x58, 0xD8, 0xCC, 0x4B, 0x11, 0x74, 0x13, 0x3F, 0x8D, 0x90, 0x84,
    0xFD, 0xDB, 0x7E, 0xA3, 0x71, 0xA6, 0xF5, 0x63, 0xEC, 0x6C, 0xF7, 0x26, 0x5B, 0xA8, 0xCD, 0x82,
    0x70, 0x28, 0xA7, 0x55, 0xAA, 0x70, 0xCD, 0x2D, 0xEA, 0xC6, 0xD8, 0x29, 0x36, 0x83, 0x2D, 0x4C,
    0x01, 0xB3, 0x3B, 0x03, 0xB6, 0xD3, 0xF0, 0x3C, 0xDB, 0x5F, 0x60, 0x93, 0x10, 0x81, 0x4E, 0x82,
    0x9C, 0x04, 0x38, 0x09, 0x6E, 0x12, 0xD8, 0x84, 0x38, 0x01, 0x65, 0x21, 0x55, 0xC1, 0x46, 0xCB,
    0x10, 0x8E, 0x81, 0x25, 0x14, 0x31, 0xBD, 0xCA, 0xAB, 0x76, 0x9A, 0x9C, 0xB7, 0xF1, 0xEE, 0x67,
    0x89, 0xE6, 0xEB, 0x46, 0x2D, 0x00, 0xA7, 0x89, 0x8C, 0x7C, 0xA7, 0x8F, 0x05, 0x38, 0xFF, 0x60,
    0xF8, 0x89, 0x83, 0xDA, 0x51, 0x66, 0x5B, 0xB2, 0xC6, 0x61, 0x36, 0x46, 0x11, 0xBA, 0x41, 0x19,
    0x4B, 0xA5, 0x8F, 0x84, 0xA5, 0x6E, 0x43, 0x54, 0x4B, 0xEC, 0x10, 0xF0, 0x55, 0x08, 0xCB, 0x58,
    0x6A, 0x28, 0xBE, 0x12, 0x89, 0x8F, 0xFA, 0x8A, 0xA5, 0x9E, 0x67, 0xC3, 0x26, 0xC7, 0x89, 0xCE,
    0x9C, 0xC1, 0x23, 0x73, 0x75, 0x4B, 0xC6, 0x53, 0x6E, 0x8D, 0x76, 0x2E, 0xA7, 0x0C, 0xA9, 0x18,
    0x33, 0x7D, 0xE1, 0x0B, 0xAB, 0xC8, 0x48, 0x4A, 0x80, 0x14, 0xE3, 0x28, 0xA7, 0x1C, 0x09, 0x5A,
    0x1B, 0x4D, 0xF4, 0x2E, 0x5A, 0x42, 0xD9, 0xF2, 0x4E, 0xB6, 0xB8, 0xE7, 0x1A, 0x97, 0x03, 0x89,
    0x7C, 0xB2, 0x11, 0x8A, 0x35, 0x7C, 0x06, 0x98, 0x2A, 0x3F, 0xBE, 0x0B, 0xFC, 0x3D, 0x94, 0xE6,
    0xF5, 0x8F, 0xA0, 0x63, 0x4F, 0x90, 0x72, 0x24, 0x7B, 0xFE, 0xF4, 0xD3, 0x68, 0x85, 0x71, 0x3C,
    0xE5, 0xB4, 0x8D, 0x3B, 0x8C, 0xAE, 0x7B, 0x6D, 0x11, 0x27, 0x5B, 0x7E, 0x1C, 0xD6, 0xA8, 0x7C,
    0x7E, 0xFB, 0x76, 0x9F, 0x7F, 0xDA, 0xAC, 0x91, 0x1C, 0x83, 0x21, 0x10, 0xD7, 0x5B, 0xF8, 0x78,
    0x90, 0x08, 0xC4, 0x78, 0xCC, 0x96, 0xF0, 0x44, 0x79, 0x5F, 0xFD, 0xAE, 0xAB, 0x79, 0x21, 0x7E,
    0x4A, 0xFD, 0xE2, 0x5C, 0x95, 0xEE, 0x5E, 0xAC, 0x2A, 0xAD, 0xC7, 0xEB, 0x17, 0xA6, 0x8C, 0x83,
    0xCB, 0xD9, 0x49, 0xAE, 0xF7, 0xFA, 0xB2, 0x5B, 0x3A, 0xCE, 0x6A, 0x27, 0x2A, 0xFB, 0x6B, 0xB4,
    0xB9, 0x46, 0x45, 0x0B, 0x19, 0xE7, 0x53, 0x20, 0x67, 0x8E, 0x24, 0x9C, 0xEF, 0x5C, 0xA1, 0x55,
    0x86, 0x15, 0x2B, 0xA9, 0xAD, 0x28, 0x7F, 0x71, 0xAF, 0x73, 0x6B, 0x50, 0x26, 0x81, 0x08, 0xD7,
    0xB2, 0x49, 0x64, 0xD3, 0x45, 0x2F, 0x9E, 0x48, 0x7A, 0x9F, 0x19, 0xD6, 0x9D, 0x8E, 0x96, 0x8A,
    0x16, 0x54, 0x0B, 0xA5, 0x5E, 0xB2, 0xF7, 0x3A, 0xC6, 0xAA, 0x23, 0xC3, 0xF5, 0x5E, 0x05, 0xF8,
    0x1F, 0x4C, 0x47, 0x81, 0x0D, 0xFC, 0x81, 0xF1, 0x43, 0xA7, 0x7E, 0x02, 0x60, 0x7E, 0x56, 0xAC,
    0x9B, 0x0A, 0xB6, 0xFF, 0x34, 0x71, 0x70, 0x8F, 0xF3, 0x5E, 0xC2, 0x08, 0xCE, 0xBC, 0xA9, 0x70,
    0xDF, 0x0A, 0x3B, 0xA4, 0x6C, 0x51, 0xD9, 0x49, 0xCB, 0x89, 0x8B, 0x76, 0x2E, 0xFF, 0xAB, 0x2F,
    0x9E, 0xC2, 0xCC, 0x24, 0xF2, 0x4F, 0x1F, 0x1A, 0x02, 0x94, 0xCD, 0x89, 0xA2, 0xD0, 0x51, 0xD8,
    0x59, 0x66, 0x0B, 0xD0, 0x12, 0x06, 0xDC, 0xE0, 0x72, 0x23, 0x9B, 0xC9, 0xA3, 0xF2, 0x97, 0x98,
    0x3D, 0x1B, 0x23, 0x62, 0x20, 0x85, 0xEE, 0x60, 0x4A, 0xBD, 0x6E, 0x36, 0xD7, 0xFD, 0x6B, 0xB1,
    0x0C, 0x75, 0x7A, 0xD6, 0x29, 0x62, 0xFB, 0x7A, 0xCC, 0x75, 0x2F, 0x94, 0x24, 0xFB, 0x26, 0x40,
    0x04, 0xF4, 0xED, 0xDB, 0xF8, 0xC8, 0x20, 0xFA, 0xB8, 0x68, 0xBF, 0x5F, 0xA6, 0x07, 0xD8, 0x67,
    0xE9, 0x59, 0xC8, 0xED, 0xB1, 0x4A, 0x17, 0xB8, 0xF2, 0xEF, 0x01, 0x14, 0xF2, 0xC6, 0xCF, 0x59,
    0x86, 0x53, 0xE2, 0xB6, 0xD1, 0x18, 0xAF, 0x6E, 0x69, 0x95, 0xAA, 0xE4, 0xCF, 0x3F, 0xC1, 0x9F,
    0xDD, 0xFE, 0x05, 0xAE, 0x8F, 0x22, 0x8E, 0x9B, 0x61, 0x62, 0xCB, 0x01, 0xF7, 0x87, 0x18, 0xF0,
    0x63, 0x81, 0xB6, 0xB9, 0x72, 0xB5, 0x5C, 0x96, 0xD3, 0xF7, 0x2A, 0x3F, 0xEB, 0xDE, 0x38, 0x65,
    0xB2, 0x6E, 0xEE, 0x63, 0x8D, 0x6D, 0xDC, 0xD0, 0x57, 0xB2, 0x88, 0xAA, 0xA5, 0x49, 0xEE, 0x0D,
    0x2C, 0x14, 0xA4, 0xE0, 0xA8, 0xCE, 0x73, 0xDB, 0xF2, 0x23, 0xDE, 0x49, 0xB1, 0x93, 0x61, 0xBB,
    0x62, 0xD5, 0x43, 0x3C, 0xB7, 0x8D, 0xDA, 0x3F, 0x04, 0xA4, 0x0F, 0x92, 0x79, 0x88, 0x8C, 0xFB,
    0x5F, 0x9B, 0xF4, 0x3E, 0x16, 0xEB, 0xB6, 0x47, 0x94, 0xD6, 0x21, 0xFB, 0x31, 0x6A, 0x06, 0xF2,
    0x85, 0x9A, 0x19, 0x40, 0x54, 0x77, 0x1A, 0x7C, 0xAD, 0x4C, 0xC0, 0x97, 0x5B, 0x5E, 0x8F, 0xED,
    0xCB, 0x65, 0xD2, 0x90, 0xAA, 0xFB, 0x8A, 0xBC, 0x5A, 0x08, 0x69, 0x01, 0xD6, 0xD5, 0x7F, 0x1F,
    0x4F, 0x1C, 0x69, 0x59, 0xD8, 0x12, 0x9F, 0x5B, 0x47, 0x5C, 0x1B, 0x92, 0xF7, 0x52, 0x17, 0xDE,
    0x6E, 0x51, 0xF3, 0xFA, 0xF8, 0xD4, 0x1C, 0xE2, 0xCD, 0x3C, 0x34, 0x38, 0x03, 0xC7, 0x43, 0x71,
    0xF7, 0xA7, 0xF1, 0x6A, 0xCF, 0x09, 0xAA, 0x37, 0x9F, 0x88, 0x87, 0x6A, 0xC4, 0x39, 0x3E, 0x55,
    0xB9, 0x27, 0xD8, 0xA1, 0xF0, 0x1A, 0xE4, 0x73, 0x68, 0x7E, 0x4E, 0xB2, 0x26, 0x6F, 0xBE, 0x82,
    0xED, 0x4B, 0x85, 0x94, 0xA2, 0xC5, 0x92, 0x50, 0x71, 0xA7, 0x9B, 0xFA, 0x18, 0xD9, 0x9F, 0x9F,
    0xC9, 0x9E, 0x2C, 0x64, 0x87, 0xF7, 0x04, 0x10, 0xF4, 0xA4, 0x07, 0xD1, 0x33, 0x6C, 0xDF, 0x9E,
    0x03, 0xBD, 0x11, 0x92, 0x01, 0x72, 0x51, 0x64, 0x23, 0x43, 0x86, 0x32, 0xD7, 0xA4, 0x8C, 0xA1,
    0x2B, 0x30, 0x40, 0x80, 0xD5, 0x79, 0x25, 0x91, 0xF6, 0x13, 0x43, 0x57, 0xB6, 0xB9, 0x7F, 0xC7,
    0x57, 0x17, 0x41, 0xB7, 0x09, 0x9E, 0x93, 0x7F, 0x31, 0x26, 0xFF, 0xD7, 0x24, 0x05, 0x9E, 0x0F,
    0x97, 0xF5, 0xB1, 0x99, 0xFC, 0x8B, 0xF8, 0xBF, 0x40, 0xD5, 0x2E, 0xB5, 0xFF, 0x5D, 0x56, 0xB5,
    0xE0, 0x18, 0x55, 0xB3, 0x14, 0xC8, 0x1A, 0xFE, 0x18, 0x55, 0x63, 0x13, 0xF3, 0x1A, 0x4A, 0x4F,
    0x72, 0x6B, 0x8C, 0xAA, 0x87, 0xBB, 0x51, 0xF5, 0x85, 0x09, 0xAA, 0xE6, 0x86, 0x96, 0x34, 0xAD,
    0x14, 0x55, 0x0F, 0x27, 0xA8, 0xFA, 0xB5, 0xBC, 0xAE, 0xDE, 0x2D, 0x55, 0x0B, 0xA4, 0x6D, 0x97,
    0xC8, 0x30, 0x61, 0x85, 0x6D, 0xBF, 0x4E, 0x89, 0x0F, 0x82, 0xB2, 0x9B, 0x8A, 0xB2, 0x7F, 0x9A,
    0xE8, 0x93, 0x17, 0xAB, 0xCC, 0x75, 0xA5, 0xC2, 0x61, 0xDD, 0x0D, 0xCE, 0x71, 0xDA, 0x1A, 0x92,
    0x2C, 0x67, 0xCB, 0x71, 0x89, 0xF1, 0x94, 0xE9, 0x6D, 0xB0, 0x1E, 0x66, 0x12, 0x8D, 0x9E, 0x8C,
    0x0D, 0xAA, 0xCA, 0x4A, 0x0A, 0x2B, 0xAE, 0xAB, 0xB0, 0xB1, 0x0E, 0x6B, 0xBF, 0x2F, 0xFE, 0x3A,
    0x9E, 0xB5, 0x81, 0x0F, 0x26, 0x82, 0x08, 0x33, 0x4D, 0x3E, 0xB6, 0x92, 0xB7, 0xCD, 0x3D, 0xC6,
    0x61, 0xB5, 0xC9, 0xC3, 0x3A, 0xA8, 0x24, 0x29, 0x5E, 0x39, 0x64, 0xEB, 0x41, 0xB3, 0x2D, 0xD8,
    0x31, 0xFC, 0x24, 0x23, 0xE7, 0x8F, 0x44, 0x07, 0x28, 0x31, 0xAF, 0xC4, 0xEE, 0x7B, 0x12, 0x00,
    0xD6, 0xAA, 0xE6, 0x31, 0x52, 0x7C, 0xEB, 0xBB, 0xC5, 0x49, 0x93, 0x1F, 0x86, 0xAD, 0x82, 0x98,
    0x1F, 0xD5, 0x61, 0xE3, 0x9B, 0x9D, 0xD8, 0xFD, 0x7D, 0x2E, 0x60, 0x60, 0xA0, 0x78, 0xA0, 0x7A,
    0x83, 0x73, 0x52, 0xBA, 0x61, 0xE3, 0x76, 0x9F, 0xF6, 0xC5, 0x74, 0x6C, 0x66, 0x7E, 0xDE, 0x2E,
    0x7B, 0x85, 0x9B, 0x43, 0xC4, 0x05, 0xB7, 0xB0, 0xB0, 0xB6, 0xBB, 0xFB, 0x37, 0xAF, 0x7E, 0x33,
    0x93, 0x9A, 0xD4, 0x8B, 0xE7, 0x30, 0xF5, 0xE1, 0xFF, 0xFF, 0x36, 0x2D, 0x7B, 0x58, 0xBF, 0x02,
    0xD7, 0xDA, 0xA6, 0xAD, 0x7A, 0x72, 0xC3, 0x7A, 0xD0, 0xAE, 0x07, 0xAC, 0xCB, 0x53, 0xD7, 0xA6,
    0xA5, 0xF1, 0xA6, 0xB8, 0x0F, 0xF6, 0x64, 0xDB, 0xB4, 0x52, 0xA9, 0xB1, 0xFD, 0x18, 0x11, 0x69,
    0x7B, 0x67, 0xF6, 0x4B, 0xCC, 0x7D, 0xA4, 0xFD, 0x51, 0x92, 0xEE, 0x74, 0xBD, 0x95, 0x17, 0x9E,
    0x78, 0xEE, 0xEB, 0x96, 0x2E, 0xD7, 0xC4, 0x28, 0x36, 0xD8, 0x2D, 0xBC, 0x54, 0x36, 0xF7, 0x3D,
    0x59, 0x83, 0xBC, 0xEB, 0xAB, 0x3F, 0x4C, 0xA2, 0xD8, 0x63, 0x08, 0x17, 0x24, 0xF2, 0x17, 0xC0,
    0x3E, 0xBF, 0xE7, 0x29, 0x33, 0xBB, 0x19, 0x1F, 0xBD, 0xE0, 0x06, 0x2E, 0x85, 0x50, 0x16, 0xF0,
    0x7C, 0xA6, 0x58, 0xC4, 0xEC, 0x58, 0x54, 0x85, 0x95, 0xCF, 0x57, 0x55, 0x51, 0x30, 0x68, 0x0F,
    0xC9, 0xB9, 0x95, 0x23, 0x6D, 0x01, 0x7E, 0x26, 0x34, 0xE2, 0x2D, 0x35, 0x60, 0xD2, 0xAF, 0x48,
    0xC2, 0x84, 0x97, 0x2A, 0x64, 0xD2, 0x64, 0xB2, 0x09, 0xE2, 0x70, 0x18, 0xE1, 0x4C, 0x28, 0x1D,
    0xBC, 0x5B, 0xFC, 0x54, 0x41, 0x97, 0x83, 0x7A, 0x5D, 0xEF, 0x44, 0x78, 0x8B, 0x22, 0xED, 0x62,
    0x41, 0x8F, 0x68, 0xFA, 0x99, 0x3E, 0xEA, 0x6A, 0x55, 0x31, 0x53, 0x24, 0x4B, 0x77, 0x37, 0x4F,
    0xB5, 0x77, 0xAA, 0xAD, 0x53, 0xED, 0x9C, 0x56, 0x8D, 0x53, 0xED, 0x9B, 0x4A, 0xDB, 0x54, 0xBB,
    0xA6, 0xDA, 0x34, 0xD5, 0x9E, 0xA9, 0xB6, 0x4C, 0xB5, 0x63, 0xAA, 0x0D, 0x53, 0xED, 0x97, 0x6A,
    0xBB, 0x54, 0xBB, 0xA5, 0x55, 0xAF, 0x57, 0xB6, 0xAE, 0xB6, 0x4A, 0xB5, 0x53, 0xCA, 0x4A, 0x4A,
    0xF7, 0xBE, 0x51, 0x65, 0x14, 0x49, 0x2D, 0x89, 0x00, 0x05, 0x6E, 0x77, 0x86, 0x3B, 0x5D, 0xE2,
    0x66, 0x27, 0x37, 0x32, 0xEF, 0xF6, 0xE2, 0x1E, 0xE7, 0x2E, 0x18, 0x2E, 0x3D, 0x0B, 0x23, 0x2A,
    0x87, 0xD2, 0x22, 0x3C, 0xA6, 0xC7, 0x6C, 0x82, 0xB5, 0x97, 0x65, 0x75, 0x4E, 0x9E, 0x91, 0xB1,
    0x80, 0x86, 0x83, 0x7B, 0xDE, 0xD7, 0x14, 0x49, 0xE1, 0x38, 0xE4, 0x7F, 0xC4, 0x91, 0x05, 0x01,
    0x6A, 0xAE, 0x49, 0x87, 0xE6, 0x69, 0xEE, 0xB8, 0x98, 0xED, 0x41, 0xAA, 0x93, 0x3A, 0x20, 0x05,
    0xC9, 0x74, 0xB4, 0xD9, 0x54, 0x96, 0x3E, 0x9D, 0xB5, 0x0A, 0x1F, 0x54, 0x88, 0x23, 0xC0, 0x11,
    0xD9, 0xE9, 0x59, 0x20, 0xF7, 0x51, 0xEA, 0x16, 0x49, 0x90, 0x62, 0x39, 0x5E, 0x00, 0x08, 0x54,
    0xFB, 0xC0, 0x2A, 0x96, 0x19, 0x58, 0xC6, 0xE7, 0x9E, 0xEB, 0xCF, 0xB9, 0xE7, 0xDA, 0xAB, 0x51,
    0x92, 0xCF, 0x3D, 0xD7, 0x13, 0xDC, 0x73, 0xDD, 0xDC, 0xEE, 0xC0, 0x65, 0x81, 0x92, 0xFC, 0x38,
    0x1A, 0x40, 0x34, 0xA0, 0xA4, 0x1E, 0x50, 0x12, 0xEE, 0x8E, 0xDA, 0x48, 0x14, 0xAD, 0x68, 0x85,
    0x51, 0x52, 0x8F, 0x7B, 0xAE, 0xD0, 0x00, 0x99, 0x1B, 0xF1, 0x6F, 0x85, 0x7B, 0xAE, 0x9B, 0x8C,
    0x92, 0x62, 0x3D, 0xA4, 0x6E, 0xEA, 0x76, 0x94, 0x10, 0xC8, 0x61, 0x28, 0x1E, 0x2F, 0x0C, 0xB5,
    0x7B, 0xB9, 0x9B, 0xB6, 0x51, 0xB8, 0x04, 0x89, 0x45, 0x45, 0xD2, 0xA0, 0x9B, 0x59, 0xCB, 0x5C,
    0xCD, 0x5B, 0xD6, 0xE4, 0xAD, 0x65, 0x93, 0x45, 0xB9, 0x49, 0x03, 0x00, 0xDF, 0x20, 0x9B, 0xA3,
    0x6F, 0x8C, 0xAE, 0xD0, 0x61, 0x6E, 0x64, 0xEC, 0x93, 0xA2, 0x25, 0x90, 0x65, 0xF1, 0xAE, 0x89,
    0xE1, 0x0A, 0x71, 0x8C, 0x63, 0xC7, 0xF7, 0xDA, 0x77, 0xCF, 0x9D, 0xA3, 0x66, 0x93, 0x1A, 0xA8,
    0xD6, 0x2C, 0x01, 0x26, 0x39, 0x2F, 0xC5, 0xDA, 0x13, 0xF2, 0x2E, 0xA7, 0x47, 0x4D, 0xBA, 0x82,
    0xCF, 0xEB, 0x15, 0xA6, 0xDE, 0x3F, 0xD2, 0xD0, 0xA4, 0x2D, 0x93, 0x46, 0xF6, 0x7A, 0xF0, 0xDF,
    0xA1, 0x1B, 0x9F, 0x82, 0xD7, 0x8B, 0x84, 0x1C, 0xB0, 0xB1, 0xF2, 0x47, 0x25, 0x60, 0xCE, 0xEC,
    0xB5, 0x46, 0x2E, 0xA2, 0xF1, 0x88, 0x0E, 0xF9, 0x34, 0x6F, 0x1E, 0xAC, 0x39, 0x30, 0x33, 0xA3,
    0x6B, 0xE4, 0x5D, 0xCD, 0x74, 0x7D, 0x74, 0x75, 0x90, 0x14, 0xCA, 0xCC, 0x43, 0x8D, 0x85, 0x39,
    0xCF, 0xE0, 0xB5, 0xC0, 0x73, 0x4F, 0x5E, 0x07, 0xC9, 0xDC, 0xF8, 0x81, 0x74, 0x4D, 0x64, 0x9C,
    0xCF, 0xD0, 0xEE, 0xF7, 0x21, 0x46, 0x4E, 0x80, 0x8A, 0x4E, 0xAF, 0x5B, 0x6A, 0x6A, 0x59, 0x39,
    0x41, 0x61, 0xC8, 0xF6, 0xF6, 0x2E, 0x26, 0xEE, 0x3B, 0x29, 0x25, 0x62, 0xA6, 0x12, 0x20, 0xB1,
    0x98, 0xA3, 0xCD, 0xC6, 0x5B, 0xFD, 0xD6, 0x5B, 0x97, 0x9A, 0xF5, 0xD9, 0x5F, 0x8B, 0x41, 0xE0,
    0x7E, 0x7B, 0x6B, 0x93, 0xE1, 0xF8, 0x57, 0xF5, 0x2C, 0x87, 0x1B, 0x03, 0xB0, 0xB6, 0x93, 0xB8,
    0x4F, 0x44, 0x3E, 0x80, 0x71, 0xA7, 0x4C, 0xDD, 0x34, 0x37, 0xF1, 0xA5, 0xCA, 0x82, 0xF7, 0x27,
    0xDC, 0x73, 0xFB, 0x29, 0x8A, 0xB0, 0xAF, 0xA1, 0x55, 0x46, 0xA7, 0xCF, 0x48, 0x33, 0x69, 0xC0,
    0x55, 0x7B, 0x40, 0x0F, 0x70, 0x21, 0x3B, 0x89, 0x43, 0x6D, 0x5E, 0xA1, 0xCE, 0x1A, 0xAD, 0xAC,
    0x88, 0xA5, 0x3C, 0x72, 0x5D, 0xA9, 0x10, 0x3A, 0x92, 0x19, 0xA6, 0xB1, 0xF9, 0xEE, 0xCB, 0x94,
    0xB1, 0x76, 0xBC, 0x83, 0x32, 0x6E, 0x9A, 0x74, 0x81, 0x13, 0xD2, 0x23, 0x1D, 0x15, 0x05, 0x59,
    0xD4, 0xDB, 0x58, 0xBE, 0x34, 0x4F, 0x77, 0x3F, 0x28, 0x3A, 0xC2, 0x30, 0x78, 0x8B, 0xCF, 0x7C,
    0x42, 0x4E, 0x90, 0xDE, 0x45, 0xFE, 0x6C, 0xBA, 0xFE, 0xE5, 0x1D, 0x14, 0x35, 0x11, 0xD7, 0xE0,
    0x56, 0x6C, 0x2D, 0xF2, 0xDE, 0x48, 0x88, 0x3D, 0xAB, 0x72, 0xAD, 0x87, 0x3C, 0x28, 0xEA, 0xF2,
    0x17, 0x75, 0xD8, 0x25, 0xFC, 0x78, 0x93, 0xCB, 0xA8, 0x23, 0x5F, 0x9E, 0x32, 0x5C, 0x25, 0xC0,
    0x07, 0x11, 0x12, 0x50, 0x87, 0x8E, 0xBD, 0xF0, 0xE1, 0x14, 0x71, 0x25, 0xA4, 0xD9, 0x77, 0x39,
    0xEC, 0xBA, 0xFF, 0x11, 0x0F, 0x3F, 0x2B, 0x27, 0xF5, 0xB3, 0xB3, 0x53, 0x4D, 0x15, 0x76, 0x1B,
    0xB7, 0xEF, 0xF1, 0xF7, 0x92, 0x7A, 0x2E, 0x27, 0xB2, 0x5E, 0x95, 0x00, 0xB4, 0x66, 0x92, 0x31,
    0x7F, 0x1F, 0x48, 0xEA, 0x6A, 0x50, 0x0E, 0x46, 0xCE, 0x88, 0x6B, 0x66, 0xE7, 0x46, 0x57, 0xEA,
    0x17, 0x1B, 0x8F, 0xFF, 0x5F, 0xDD, 0x53, 0x3D, 0x61, 0x4B, 0x9E, 0x86, 0x72, 0x07, 0x3E, 0x85,
    0xDC, 0x87, 0x58, 0x65, 0x34, 0x56, 0xBD, 0x16, 0x6F, 0x6E, 0x56, 0x3E, 0x3E, 0x07, 0x08, 0xAA,
    0x3E, 0x1E, 0x93, 0xF7, 0x2E, 0x32, 0x6C, 0x6E, 0xB3, 0xD8, 0xE7, 0x6F, 0x07, 0xDD, 0xE1, 0xAA,
    0xF0, 0x92, 0x2F, 0xDD, 0x83, 0x48, 0x9B, 0x39, 0xF2, 0x3D, 0x84, 0x2A, 0x20, 0xEC, 0xA5, 0x46,
    0x0E, 0x9F, 0x15, 0x90, 0x6F, 0x92, 0x83, 0x8A, 0x50, 0xEF, 0x5F, 0x9D, 0x7D, 0x92, 0x61, 0xC3,
    0x40, 0xBE, 0x43, 0x75, 0x4D, 0x6A, 0xC2, 0x5C, 0xD2, 0xC5, 0xC9, 0xA5, 0xBD, 0x3E, 0x88, 0xE0,
    0x3D, 0x65, 0x7F, 0x85, 0x3C, 0x78, 0x15, 0xB5, 0xCA, 0x87, 0xB8, 0x6F, 0x63, 0x03, 0xC8, 0x7C,
    0xE1, 0x11, 0x0E, 0x1E, 0xAA, 0xC4, 0xD9, 0x97, 0xA3, 0xFA, 0x13, 0x82, 0xA7, 0xF7, 0xED, 0xF9,
    0x71, 0x0B, 0xE7, 0x68, 0x6E, 0xAE, 0x70, 0xF7, 0x30, 0x3B, 0xFE, 0x68, 0x47, 0x2B, 0xCF, 0xC6,
    0xA6, 0x44, 0xBA, 0xED, 0xAC, 0x30, 0xBC, 0x98, 0x5F, 0xE3, 0x2F, 0x12, 0x72, 0xC7, 0x32, 0x40,
    0x81, 0x38, 0x92, 0x02, 0x25, 0x2C, 0xEA, 0x48, 0x7E, 0x3E, 0xA3, 0x95, 0x9C, 0xD6, 0x0A, 0xEA,
    0x74, 0x9C, 0x22, 0xFC, 0x34, 0xE5, 0xA6, 0xCD, 0x29, 0xAE, 0x84, 0xB8, 0xC9, 0xD3, 0x90, 0x4A,
    0x72, 0xB1, 0xFE, 0xBA, 0x05, 0x62, 0xDB, 0x88, 0xE6, 0x7C, 0x5A, 0x34, 0xFC, 0x0E, 0x50, 0xB2,
    0x45, 0x01, 0x3C, 0x92, 0x66, 0x82, 0x4D, 0x4E, 0xFA, 0xC9, 0x92, 0xA5, 0xC6, 0x16, 0x39, 0xEB,
    0xEC, 0x78, 0x8A, 0x0E, 0x18, 0x99, 0x36, 0xD9, 0x04, 0xEE, 0x04, 0xB0, 0xF2, 0xC6, 0x3F, 0xC0,
    0x08, 0x7A, 0xD4, 0x5A, 0x1D, 0xAD, 0x9E, 0x3F, 0x89, 0xBC, 0x31, 0x7B, 0x18, 0x64, 0x7F, 0xF5,
    0x75, 0xA4, 0x87, 0x24, 0x52, 0xB8, 0x8C, 0x24, 0x42, 0x8E, 0x8F, 0x26, 0x0E, 0x8F, 0xCB, 0x37,
    0xD9, 0xA7, 0x01, 0xD5, 0x80, 0x76, 0x7E, 0xFC, 0xED, 0x0D, 0x69, 0x6A, 0x1F, 0xA5, 0xF6, 0xA8,
    0x1C, 0x35, 0x68, 0xFA, 0x37, 0xA4, 0xE0, 0xB7, 0x76, 0xE8, 0xAC, 0x3B, 0xB1, 0x9F, 0x7B, 0x3D,
    0x04, 0xBB, 0x25, 0x40, 0x70, 0x8E, 0xE8, 0x0E, 0xCC, 0xB3, 0x3D, 0xC4, 0xDE, 0x09, 0x81, 0x41,
    0x6D, 0x3A, 0x47, 0x7E, 0x3E, 0xCB, 0x4D, 0x20, 0x39, 0xD8, 0xE3, 0xFD, 0xCA, 0x80, 0xA9, 0xA5,
    0x18, 0xD6, 0x47, 0xC8, 0xBC, 0x70, 0xB9, 0x4F, 0x0B, 0x52, 0x5A, 0x6E, 0x6B, 0x6C, 0x95, 0x1E,
    0x41, 0xAB, 0x2A, 0x30, 0x3A, 0x7A, 0x23, 0x9F, 0x81, 0x79, 0xE9, 0x31, 0xCC, 0x1A, 0x7D, 0xA7,
    0x87, 0x4A, 0x2F, 0xD6, 0x4A, 0x3F, 0xB6, 0xDD, 0xB4, 0x69, 0xF2, 0x05, 0xBC, 0xED, 0xE6, 0xEC,
    0x38, 0xA8, 0x3F, 0x17, 0x59, 0x1B, 0xAF, 0xCC, 0xF6, 0x19, 0x3D, 0x37, 0xD3, 0xAB, 0xC7, 0x8B,
    0xC4, 0x35, 0x63, 0x02, 0x0D, 0xDB, 0x3D, 0x7A, 0x61, 0x6C, 0x6F, 0x4F, 0x7A, 0xF8, 0xCE, 0x4E,
    0x31, 0x39, 0x87, 0x3E, 0x30, 0x55, 0xF1, 0x03, 0xE7, 0x65, 0xBE, 0xF4, 0x88, 0xB8, 0xD7, 0xD0,
    0xB9, 0x17, 0xCD, 0x84, 0x62, 0xF5, 0x06, 0x0F, 0x70, 0xBF, 0x2F, 0x7D, 0x21, 0x9D, 0xAB, 0x9E,
    0xF9, 0x19, 0x44, 0x31, 0x28, 0x1F, 0xE5, 0x5A, 0x54, 0xC7, 0x74, 0xEF, 0xA6, 0xF6, 0x1B, 0x03,
    0xE4, 0x95, 0x2E, 0x6C, 0x1C, 0xC4, 0x3E, 0xAA, 0x26, 0xFF, 0x0B, 0x7E, 0x51, 0xF7, 0xA6, 0xED,
    0x22, 0x12, 0x7D, 0xFF, 0x07, 0x6D, 0x53, 0x31, 0x6F, 0xD3, 0x50, 0x10, 0xFE, 0x6C, 0x27, 0x0D,
    0x8D, 0x13, 0xBB, 0x42, 0x8D, 0x94, 0x81, 0xD6, 0x1D, 0x18, 0xAA, 0x2A, 0x6D, 0x52, 0x29, 0x95,
    0x4C, 0xB1, 0xE3, 0xC7, 0x2F, 0x20, 0x48, 0x85, 0x05, 0x09, 0x75, 0x66, 0x80, 0x0C, 0x45, 0x54,
    0x55, 0xA9, 0xDF, 0xC6, 0x5A, 0x31, 0xC0, 0x48, 0xC6, 0xAA, 0x93, 0x85, 0x40, 0xB0, 0x50, 0x9F,
    0x58, 0x59, 0x1E, 0x62, 0x64, 0xF1, 0x84, 0x84, 0x58, 0x3C, 0xA4, 0x52, 0x86, 0x34, 0xE6, 0x9C,
    0x50, 0x68, 0x11, 0x77, 0x4F, 0x7E, 0xF6, 0xFB, 0x4E, 0xE7, 0xBB, 0xEF, 0xBB, 0xE7, 0xA1, 0x03,
    0x1B, 0x25, 0xA9, 0x11, 0x84, 0x41, 0x26, 0xD9, 0x58, 0x85, 0x8B, 0x39, 0xE8, 0xD2, 0x20, 0x3B,
    0x59, 0x8C, 0xDC, 0x46, 0xAB, 0x02, 0x48, 0xFD, 0x25, 0xD9, 0x19, 0x3A, 0x47, 0x58, 0x02, 0xC2,
    0x71, 0x38, 0x8A, 0xB3, 0x31, 0xAF, 0xA5, 0x2B, 0xAD, 0x4A, 0x30, 0xB2, 0x53, 0x60, 0xFE, 0xD9,
    0xC9, 0x32, 0x80, 0x8E, 0x49, 0x81, 0x4D, 0x0B, 0x25, 0xE1, 0xC8, 0x37, 0xC9, 0x55, 0x65, 0xCA,
    0x32, 0x1F, 0x3A, 0x72, 0x5D, 0x45, 0x49, 0x4F, 0x35, 0x85, 0xFE, 0x95, 0x4A, 0x9F, 0xC9, 0xBE,
    0x8D, 0x45, 0x0F, 0x6E, 0x1B, 0x4B, 0x5D, 0xB4, 0x2A, 0x6E, 0xC3, 0xEA, 0x99, 0x89, 0x41, 0x9A,
    0xD8, 0x4E, 0xD9, 0xC4, 0x8B, 0x9F, 0x6C, 0xB7, 0x3C, 0x1F, 0x9D, 0x26, 0x6C, 0xAE, 0xEC, 0xB9,
    0xD4, 0x3F, 0x11, 0xA4, 0x04, 0xF4, 0xC4, 0x48, 0xEF, 0x7C, 0x19, 0x5A, 0xC1, 0xA8, 0x7C, 0x68,
    0x26, 0xC1, 0x70, 0x5A, 0x1A, 0xB8, 0xF8, 0x6B, 0x5C, 0xB2, 0x87, 0x40, 0x34, 0xA5, 0x86, 0xEB,
    0x67, 0x07, 0xB6, 0xB5, 0x8F, 0x7A, 0xF8, 0x31, 0x8D, 0x7C, 0x46, 0x03, 0x04, 0x54, 0x22, 0x9D,
    0x0C, 0xB9, 0xC8, 0x6D, 0x79, 0xBF, 0xDB, 0xD5, 0xFF, 0x69, 0x97, 0x4D, 0x41, 0x05, 0xAA, 0xC6,
    0x4F, 0xA0, 0x85, 0x1E, 0x42, 0xF5, 0x44, 0xF4, 0x18, 0x59, 0x91, 0x61, 0x82, 0xDC, 0x85, 0x2E,
    0x4B, 0x4A, 0x57, 0x06, 0x85, 0x1C, 0x5C, 0x74, 0xA3, 0xC8, 0x2D, 0x68, 0x28, 0xB3, 0x3B, 0x22,
    0x24, 0x8E, 0xA2, 0xFC, 0x7D, 0x96, 0xB1, 0x7C, 0x8F, 0x13, 0x47, 0xE4, 0xBD, 0xC7, 0x49, 0x4D,
    0xA0, 0x00, 0x67, 0xE2, 0x4D, 0xAC, 0xB1, 0xAF, 0xCE, 0x79, 0x03, 0x37, 0x4B, 0x8A, 0x58, 0xE6,
    0x6A, 0x2E, 0xB8, 0xE5, 0xF9, 0xCE, 0x87, 0x19, 0xE1, 0x9D, 0x78, 0x97, 0x89, 0x3C, 0x27, 0x6F,
    0xEE, 0x2C, 0x73, 0xCC, 0xEA, 0x0E, 0x83, 0x06, 0xAA, 0x08, 0x64, 0x40, 0xBA, 0xD2, 0xE8, 0xA6,
    0xE0, 0x70, 0x69, 0x88, 0x2A, 0xA7, 0x78, 0x8B, 0x01, 0x86, 0xC8, 0xA2, 0x90, 0x8A, 0x40, 0x3F,
    0x37, 0xD6, 0xEA, 0xDD, 0x83, 0xC8, 0xCA, 0xDB, 0x43, 0xAB, 0x4F, 0x37, 0x4E, 0xA9, 0x19, 0x8B,
    0xD9, 0xD9, 0x4B, 0xB4, 0x5F, 0x54, 0xFA, 0xAF, 0xA0, 0xBA, 0x74, 0x06, 0xFE, 0xFE, 0x94, 0x60,
    0xA9, 0xBF, 0x92, 0xF6, 0x18, 0x9B, 0x47, 0xE8, 0x02, 0xB5, 0xBB, 0xD9, 0x98, 0xFB, 0x9A, 0xE8,
    0x3F, 0x5D, 0x38, 0xFF, 0xCC, 0xB5, 0x4E, 0xCC, 0x70, 0xFC, 0x28, 0x71, 0x86, 0xD0, 0x64, 0x90,
    0xA9, 0x95, 0x63, 0x19, 0x66, 0x99, 0x7A, 0x78, 0x7C, 0x7C, 0xC8, 0x69, 0xC0, 0xAC, 0x1B, 0x12,
    0x25, 0xB0, 0x04, 0x58, 0x00, 0x1A, 0x60, 0xEE, 0x11, 0x81, 0xC9, 0xD5, 0x14, 0x0C, 0x06, 0x05,
    0x4C, 0xC0, 0x9A, 0x20, 0x5E, 0x2E, 0x03, 0x5B, 0xE1, 0x42, 0x5C, 0xFA, 0xFF, 0xB8, 0x9D, 0x1C,
    0xE1, 0x24, 0xD3, 0xF4, 0xE6, 0x79, 0x7A, 0x46, 0xDA, 0xC0, 0x6E, 0xD5, 0xAA, 0xEE, 0x62, 0xBB,
    0x1C, 0x59, 0xF1, 0xB8, 0xB6, 0x15, 0xA8, 0x1E, 0xFB, 0x9E, 0x5A, 0x91, 0x45, 0x0D, 0xCD, 0xD7,
    0x72, 0xE3, 0x94, 0xD0, 0x9F, 0xD0, 0x83, 0x4D, 0x72, 0x78, 0x80, 0x36, 0x08, 0x15, 0x77, 0xDF,
    0x6B, 0xB4, 0xFF, 0x8C, 0x4A, 0x7E, 0x33, 0x0A, 0x6B, 0xBE, 0xD7, 0x8E, 0x04, 0xB4, 0xF2, 0xFD,
    0x60, 0xF4, 0xBD, 0x2F, 0x78, 0xCA, 0x42, 0x9B, 0xD3, 0xA2, 0x0E, 0xF8, 0x93, 0x3F, 0xED, 0xC2,
    0x7F, 0x4F, 0x07, 0xDF, 0xA8, 0xAE, 0x0B, 0xA4, 0xE9, 0x69, 0x3C, 0xBF, 0xD0, 0xEB, 0xF7, 0x56,
    0x39, 0xED, 0x53, 0x72, 0x78, 0x32, 0xD7, 0x69, 0x5A, 0xC7, 0xC4, 0x78, 0xD3, 0x95, 0xF3, 0xE3,
    0x5E, 0x2C, 0xB4, 0x38, 0x1B, 0x00, 0xDA, 0x16, 0x1F, 0x3E, 0xCE, 0x0E, 0x61, 0x66, 0x4C, 0xE2,
    0x01, 0x60, 0x2A, 0x26, 0x1A, 0xDD, 0x19, 0x51, 0x57, 0x1D, 0xD5, 0x86, 0xDF, 0x35, 0xE5, 0x2F,
    0x63, 0x74, 0x60, 0x60, 0xE0, 0xFF, 0xC2, 0xC0, 0x60, 0xFF, 0x87, 0x81, 0x41, 0x41, 0x97, 0x81,
    0x81, 0x81, 0x1B, 0x88, 0x99, 0x41, 0x18, 0x28, 0xC1, 0xD4, 0xC0, 0xC0, 0xC0, 0x78, 0x00, 0x82,
    0x99, 0x80, 0x98, 0xF9, 0x02, 0x50, 0xFE, 0x01, 0x50, 0xC3, 0x02, 0x06, 0x06, 0xDD, 0x02, 0x06,
    0x06, 0x1B, 0x03, 0x06, 0x86, 0x2F, 0x26, 0x0C, 0x4C, 0x1F, 0x2C, 0x80, 0x52, 0xBA, 0x22, 0xFC,
    0x07, 0xF8, 0x7F, 0xF0, 0x3B, 0xF0, 0x7F, 0x60, 0x62, 0x60, 0x74, 0x00, 0x00, 0xD5, 0x5C, 0x4D,
    0x6C, 0x1C, 0xE7, 0x79, 0x7E, 0x67, 0x46, 0xD6, 0xC8, 0x1A, 0x49, 0xA3, 0xA0, 0x72, 0x91, 0x26,
    0xB4, 0x96, 0x87, 0x1E, 0xD4, 0x80, 0xE6, 0xF0, 0x20, 0xB4, 0x6C, 0xBA, 0xBB, 0x33, 0x89, 0xD1,
    0x4B, 0x83, 0xA2, 0x2A, 0x60, 0xC6, 0x40, 0x03, 0x44, 0x3A, 0xA4, 0x87, 0x00, 0x45, 0xC5, 0x43,
    0x0E, 0x02, 0x4A, 0x72, 0x27, 0x36, 0x90, 0x00, 0x09, 0x0C, 0xAB, 0x45, 0xD3, 0x4B, 0x0E, 0x66,
    0x51, 0x1F, 0x1C, 0x09, 0xA8, 0x58, 0x94, 0x69, 0xD9, 0x7A, 0xC5, 0x9D, 0x48, 0x45, 0x7D, 0x48,
    0x01, 0x8F, 0x9D, 0xAA, 0x05, 0x9A, 0x43, 0xC6, 0xA8, 0x1D, 0x14, 0x72, 0x10, 0x8D, 0x93, 0x55,
    0xB0, 0xA2, 0x77, 0x77, 0xFA, 0x3C, 0xEF, 0x37, 0xFB, 0x47, 0x51, 0x12, 0x45, 0xFD, 0x38, 0x21,
    0xF9, 0xBD, 0x1F, 0x77, 0x76, 0x76, 0xE6, 0x9B, 0xEF, 0x7B, 0x7F, 0x9E, 0xF7, 0xE7, 0x5B, 0x39,
    0x23, 0x22, 0x5D, 0xB4, 0x3A, 0x9A, 0x87, 0x66, 0xC5, 0xC2, 0x9F, 0x56, 0x51, 0xA4, 0x6E, 0x2E,
    0x99, 0x93, 0xC9, 0x22, 0xDA, 0x34, 0x9A, 0x8C, 0xDA, 0x41, 0x71, 0x6E, 0x7E, 0x51, 0x9C, 0xA2,
    0x6F, 0xFE, 0xCF, 0xF6, 0xCB, 0xE4, 0xFB, 0x32, 0x85, 0x36, 0xEF, 0xE6, 0x56, 0x1B, 0xD7, 0xC9,
    0xA5, 0xFC, 0xB1, 0xF2, 0x50, 0xEC, 0x76, 0x28, 0x92, 0x3D, 0xFD, 0xC8, 0xEE, 0x21, 0x87, 0xD0,
    0x4E, 0x56, 0x8A, 0xA2, 0x68, 0xCF, 0x3E, 0x7F, 0xF3, 0xF3, 0xF9, 0x49, 0x3B, 0x97, 0xC5, 0xA3,
    0x20, 0xD3, 0x62, 0xF3, 0xA4, 0x31, 0xF2, 0xC1, 0x77, 0x40, 0xFA, 0x17, 0x53, 0xBE, 0xEC, 0x90,
    0x34, 0x49, 0xEA, 0x24, 0xE1, 0x8E, 0xC4, 0xE9, 0xE0, 0xDD, 0x56, 0x11, 0xD7, 0x78, 0x9F, 0x26,
    0x49, 0x5B, 0x9F, 0x0A, 0xC4, 0x49, 0x40, 0x7C, 0xBE, 0xE2, 0x5C, 0x5A, 0x11, 0xC8, 0x93, 0x68,
    0x61, 0x79, 0x22, 0x06, 0x6C, 0x47, 0x3A, 0xBC, 0xB0, 0x28, 0xBA, 0xB8, 0x4E, 0x15, 0x9F, 0x3A,
    0x54, 0x36, 0xB9, 0xDF, 0xE6, 0xE0, 0x1E, 0x8D, 0x22, 0x29, 0x1F, 0x78, 0x01, 0xAD, 0x72, 0xE3,
    0x96, 0xE0, 0x19, 0x1A, 0x9C, 0x16, 0x5F, 0xBC, 0x44, 0x1C, 0xA9, 0xE0, 0x3C, 0xBD, 0xBF, 0xAE,
    0xAC, 0x5C, 0xFE, 0x14, 0xC8, 0x66, 0x71, 0xF3, 0xBC, 0x14, 0x7F, 0x53, 0xC4, 0xD2, 0x93, 0x7D,
    0x38, 0xC6, 0x37, 0x56, 0xA4, 0x1C, 0xA7, 0x04, 0x11, 0x06, 0xEE, 0xE3, 0xB3, 0x91, 0x93, 0x8B,
    0x17, 0x81, 0x2B, 0x02, 0x1C, 0x7C, 0xBF, 0x83, 0x9B, 0x62, 0xA6, 0xE4, 0xA9, 0xC8, 0x29, 0xDA,
    0xBE, 0x34, 0x6B, 0x52, 0xAD, 0xCA, 0xD4, 0x92, 0x7E, 0x32, 0x8C, 0xA5, 0x82, 0x73, 0xFB, 0x22,
    0x18, 0x4E, 0x90, 0xEB, 0xC8, 0xF0, 0xB7, 0x9C, 0x4A, 0x2D, 0x93, 0x25, 0xCC, 0x68, 0xD3, 0xCA,
    0x83, 0x1B, 0x89, 0xF5, 0xAA, 0x79, 0xF4, 0x04, 0xEF, 0xE3, 0x01, 0x76, 0xFF, 0x87, 0xF3, 0x87,
    0x0F, 0x5A, 0xF3, 0x92, 0x15, 0x2F, 0x9D, 0x71, 0xE2, 0x07, 0xBF, 0x94, 0x80, 0xA9, 0xFC, 0x4C,
    0xDC, 0x64, 0x4F, 0x7F, 0x31, 0xE4, 0xE4, 0x99, 0x23, 0x12, 0xBE, 0x26, 0x95, 0x6C, 0xC8, 0x76,
    0xE0, 0x41, 0xCC, 0x82, 0xB8, 0xD7, 0xBE, 0xA0, 0xEC, 0x10, 0x3B, 0xE9, 0xBD, 0xBA, 0x68, 0xD0,
    0xF1, 0x83, 0x8E, 0x38, 0xB7, 0x5A, 0xA9, 0xB8, 0xE2, 0x50, 0x22, 0x3C, 0x74, 0x76, 0x47, 0x8E,
    0xA0, 0xC3, 0x74, 0x1E, 0x36, 0xDD, 0x14, 0xBB, 0x8E, 0xCC, 0xF3, 0xBD, 0xF6, 0xBF, 0xE0, 0x81,
    0x52, 0x27, 0x2F, 0x32, 0xF1, 0xF2, 0x20, 0xC1, 0x82, 0xB6, 0x8A, 0x9E, 0x1C, 0x93, 0xF1, 0x9F,
    0x56, 0x61, 0x15, 0x58, 0x0B, 0x2F, 0x97, 0x0A, 0x1E, 0x1B, 0x03, 0xF7, 0x77, 0xD9, 0x41, 0x76,
    0x6E, 0xF4, 0xC4, 0x7D, 0x6F, 0xE1, 0x74, 0xDA, 0x48, 0xF4, 0xA0, 0x97, 0x69, 0xE7, 0xE4, 0xDA,
    0xD9, 0x65, 0xD7, 0x1E, 0x7F, 0x85, 0xF7, 0x52, 0x9E, 0x99, 0xE2, 0x7E, 0x7E, 0x16, 0x46, 0xBC,
    0x7B, 0xD1, 0x99, 0x18, 0x90, 0x9C, 0x40, 0x9B, 0xA3, 0x04, 0x40, 0x5C, 0xEB, 0x17, 0xB7, 0x2E,
    0xE4, 0x2A, 0xF6, 0x6B, 0x12, 0x81, 0x1E, 0x35, 0x62, 0xBD, 0x8D, 0xBE, 0x43, 0xC6, 0x73, 0xFA,
    0x97, 0x12, 0x1E, 0xA1, 0xD4, 0xE2, 0x78, 0x47, 0x69, 0x73, 0x8C, 0x2E, 0xED, 0x44, 0x31, 0x8E,
    0x1E, 0x27, 0xC1, 0x2B, 0xD2, 0xE1, 0x00, 0xCE, 0x53, 0xEC, 0x29, 0xB3, 0x3A, 0xF5, 0x14, 0x57,
    0xF9, 0xB8, 0xD1, 0x4C, 0x51, 0x58, 0xC4, 0x95, 0x0C, 0x82, 0x19, 0x66, 0x56, 0x5B, 0xFE, 0x21,
    0x96, 0x5C, 0x70, 0x4A, 0x6E, 0xE1, 0xC6, 0x39, 0x39, 0x2E, 0x77, 0x71, 0x56, 0x7E, 0x04, 0x64,
    0x8B, 0x02, 0xBE, 0xC5, 0xB5, 0xCE, 0x03, 0x12, 0x5F, 0xDF, 0xD5, 0xF3, 0x72, 0x7E, 0x02, 0x97,
    0xCF, 0xB1, 0x5A, 0xE8, 0x37, 0xC5, 0xEE, 0x4A, 0x18, 0x05, 0xB8, 0x72, 0x8F, 0x37, 0x86, 0x10,
    0x9C, 0x92, 0xC1, 0x08, 0x4A, 0x05, 0x22, 0xC7, 0x95, 0x3A, 0x63, 0xAB, 0x26, 0x5E, 0x91, 0x61,
    0xF0, 0xD2, 0xE2, 0x82, 0x48, 0x4D, 0x69, 0x8F, 0xD4, 0x51, 0xEA, 0xEB, 0x91, 0xAA, 0xD2, 0x9C,
    0xD4, 0x49, 0x48, 0x7D, 0x3D, 0xB3, 0xAA, 0x34, 0x27, 0xBD, 0x9A, 0x90, 0xBE, 0xA9, 0x57, 0xE8,
    0x2A, 0xCD, 0x95, 0xA6, 0xA4, 0x1E, 0xA6, 0x77, 0xB3, 0xBC, 0xD7, 0xF8, 0x0A, 0x79, 0x09, 0xD4,
    0x82, 0x9F, 0xFC, 0x26, 0x48, 0x3C, 0x07, 0x56, 0xB8, 0xCE, 0x79, 0xDA, 0x34, 0x9A, 0x0B, 0x0B,
    0x27, 0x61, 0x0F, 0x53, 0xE4, 0x71, 0x8A, 0xA0, 0xF0, 0xBA, 0x60, 0x5E, 0x59, 0xA6, 0xD1, 0x08,
    0xC1, 0xA3, 0x50, 0x1F, 0x53, 0xFC, 0xEC, 0x3C, 0xAE, 0x92, 0xE2, 0xB3, 0x4E, 0xBE, 0xCA, 0x47,
    0xA5, 0xC4, 0xF5, 0x48, 0x8A, 0x68, 0xA0, 0x67, 0x54, 0x7D, 0xCE, 0x90, 0x9C, 0xE4, 0x54, 0x52,
    0x5E, 0x54, 0x30, 0x1B, 0x93, 0xDC, 0x02, 0x19, 0xF7, 0x8A, 0x9C, 0x1A, 0xA5, 0xA5, 0x5A, 0xAF,
    0xAE, 0xB4, 0xF6, 0xF0, 0x68, 0x9B, 0xD7, 0x74, 0x7A, 0x0B, 0x0B, 0x05, 0x34, 0x83, 0x32, 0xA5,
    0xF2, 0x3F, 0x67, 0x81, 0xD4, 0x55, 0x43, 0xE8, 0x44, 0x63, 0x54, 0xB6, 0xFF, 0x58, 0x66, 0xD6,
    0xF4, 0x4C, 0xF3, 0xD9, 0x8A, 0xD2, 0xDF, 0xD3, 0x59, 0xFD, 0x6D, 0xB5, 0x4A, 0x6B, 0x4A, 0x33,
    0x95, 0x85, 0x84, 0x8B, 0x6E, 0x63, 0x99, 0xA8, 0x06, 0xA8, 0x97, 0xDD, 0x05, 0x3E, 0xB5, 0x5F,
    0x14, 0xA0, 0x87, 0x85, 0xBC, 0x34, 0xA3, 0xB7, 0xAF, 0xAA, 0x45, 0x59, 0x57, 0x39, 0x80, 0xA8,
    0xAB, 0xFA, 0xC2, 0x32, 0x82, 0x4B, 0x47, 0x4A, 0x8C, 0x53, 0xA6, 0x16, 0xD4, 0xCA, 0x1C, 0x5A,
    0xD1, 0x5C, 0xCE, 0x90, 0x05, 0x27, 0xDA, 0x87, 0x05, 0x94, 0x39, 0x18, 0x3B, 0x77, 0xDA, 0x78,
    0xDD, 0x2D, 0x5B, 0x73, 0xF4, 0x3F, 0xE4, 0xB6, 0x13, 0xA4, 0x2D, 0x55, 0x5E, 0x83, 0x79, 0x2F,
    0x62, 0x1C, 0xCD, 0xAD, 0xDC, 0xEA, 0x60, 0xA6, 0xBA, 0x65, 0xC3, 0xFF, 0xFC, 0xF5, 0x52, 0xC8,
    0x75, 0x64, 0x75, 0xBC, 0xBC, 0x3C, 0xDE, 0x40, 0x0B, 0xC7, 0xDA, 0x0A, 0xCE, 0xEA, 0x3A, 0xDD,
    0x4F, 0xE6, 0x18, 0x5B, 0x34, 0x76, 0xCD, 0x87, 0x6C, 0xF5, 0x54, 0x8B, 0xE3, 0xAA, 0x90, 0xE2,
    0x90, 0x0A, 0x39, 0x90, 0xED, 0xE4, 0xE0, 0x90, 0x1C, 0x21, 0x39, 0x4C, 0x72, 0x88, 0x64, 0x8A,
    0x64, 0x86, 0xE4, 0x24, 0xC9, 0x22, 0x49, 0x06, 0x62, 0xC3, 0x84, 0xD1, 0x6C, 0x06, 0xE7, 0xC9,
    0x0D, 0x7D, 0xCA, 0xEC, 0x65, 0xAE, 0x5A, 0x75, 0x9D, 0x64, 0x8D, 0x4C, 0xBB, 0x48, 0x02, 0xE6,
    0xC6, 0x35, 0xC6, 0x14, 0xFF, 0x43, 0x05, 0x31, 0x8A, 0x1D, 0xE4, 0x09, 0xF1, 0x3A, 0x36, 0x54,
    0x3A, 0x24, 0xB4, 0x07, 0x9E, 0x72, 0x0A, 0xB1, 0x3F, 0x07, 0xF6, 0x70, 0xFE, 0x80, 0xBC, 0xE8,
    0xC7, 0x07, 0x95, 0x8D, 0xFC, 0xF8, 0x90, 0x32, 0x95, 0x1F, 0xAB, 0x34, 0xAD, 0xF9, 0x31, 0x05,
    0x4A, 0xE6, 0xFD, 0x58, 0xAF, 0x54, 0xB9, 0xF4, 0xBE, 0xCE, 0x56, 0x78, 0xE9, 0x86, 0xBE, 0xEE,
    0xFA, 0x2F, 0x74, 0x54, 0xFD, 0xF8, 0x31, 0x2D, 0xBF, 0x9B, 0xF9, 0x71, 0xA8, 0x7C, 0xEB, 0xC7,
    0x95, 0x98, 0xF2, 0xEB, 0xC7, 0xE4, 0xE1, 0x90, 0xF7, 0xC9, 0x69, 0xC7, 0xFD, 0x18, 0x46, 0x08,
    0xCB, 0x16, 0x24, 0xD2, 0x87, 0x62, 0xB4, 0x0B, 0xD2, 0x83, 0x3A, 0x3E, 0xD0, 0xE7, 0x30, 0xCF,
    0x37, 0x32, 0xAC, 0x29, 0x6D, 0x52, 0x13, 0xD3, 0xB8, 0x22, 0x67, 0x14, 0x4D, 0x2C, 0x1B, 0xE5,
    0x46, 0x9B, 0x8B, 0xE5, 0xB2, 0xFE, 0xB8, 0x5B, 0x0A, 0x7E, 0x80, 0x9B, 0xF0, 0x46, 0x95, 0x24,
    0x41, 0x8F, 0x19, 0x8F, 0x08, 0xAA, 0x9A, 0xB8, 0x51, 0x78, 0x23, 0x15, 0x83, 0x11, 0x3E, 0x7A,
    0x15, 0x28, 0xB6, 0x31, 0x3D, 0xF9, 0x93, 0x6A, 0x86, 0xB8, 0xD0, 0xD6, 0xD6, 0xBA, 0x0A, 0x5B,
    0xFC, 0x4B, 0x30, 0xC2, 0xC7, 0x65, 0xA9, 0x46, 0xF2, 0x15, 0x61, 0xF9, 0x5D, 0x74, 0x3B, 0x12,
    0x6F, 0x92, 0x1C, 0x21, 0x39, 0x4C, 0x72, 0x88, 0x64, 0x8A, 0xE4, 0x04, 0xC9, 0x49, 0x90, 0x05,
    0x20, 0x83, 0x08, 0xD6, 0x18, 0x78, 0x05, 0xA0, 0xA7, 0x37, 0x8E, 0x56, 0x02, 0x0C, 0xD5, 0x86,
    0x5A, 0x21, 0x12, 0x6A, 0x73, 0x56, 0x55, 0x3C, 0xD0, 0x71, 0x0E, 0x5A, 0x31, 0xC1, 0x9A, 0xB4,
    0x20, 0x9E, 0xE8, 0x80, 0xD7, 0x7F, 0x07, 0xDD, 0xFF, 0x66, 0xF2, 0x8F, 0xE8, 0xDE, 0xCE, 0xE5,
    0x07, 0xE8, 0x92, 0x8E, 0x7D, 0x15, 0xCF, 0x94, 0x74, 0x9D, 0xCF, 0xB2, 0x5B, 0xF6, 0x80, 0x15,
    0xAC, 0xA4, 0x7E, 0x58, 0xBB, 0x60, 0x06, 0x1D, 0xA4, 0x65, 0xDD, 0x74, 0x39, 0x3A, 0x07, 0x40,
    0x05, 0x9D, 0x9B, 0x3A, 0x09, 0x66, 0xB2, 0xD1, 0x73, 0xF0, 0xEC, 0xC9, 0x36, 0xF4, 0x04, 0xAD,
    0x4C, 0x30, 0x63, 0x96, 0x15, 0x6C, 0x7A, 0x0F, 0x9A, 0x2A, 0xD5, 0x29, 0xDB, 0xFD, 0xF9, 0x9E,
    0xCA, 0x99, 0xB9, 0x97, 0x8C, 0xE3, 0x79, 0x42, 0xA7, 0x5B, 0xD2, 0x22, 0x46, 0xF4, 0x53, 0x2C,
    0x1C, 0x94, 0x38, 0x7D, 0x0B, 0x9A, 0x8C, 0x1E, 0xE5, 0x6B, 0x93, 0x86, 0x24, 0x54, 0xA2, 0xE2,
    0xC5, 0x65, 0x0B, 0x37, 0x49, 0x68, 0x4F, 0xEA, 0x14, 0xB7, 0x25, 0xCA, 0x5B, 0xD3, 0x2F, 0xD7,
    0x1B, 0x17, 0xEA, 0x13, 0xE1, 0xEB, 0x95, 0xE5, 0xCB, 0x63, 0x06, 0xA4, 0x28, 0x32, 0xF7, 0x66,
    0xB4, 0xD0, 0x13, 0x23, 0xF4, 0x9C, 0xF8, 0xDB, 0x69, 0xF3, 0xFE, 0xA9, 0xB9, 0x9A, 0x52, 0xB7,
    0x2D, 0x56, 0x8F, 0x9E, 0x53, 0x30, 0x2E, 0x6B, 0x30, 0x0A, 0x11, 0xCD, 0x52, 0x69, 0x48, 0xE0,
    0x2A, 0xC8, 0x32, 0x5A, 0xAD, 0xEC, 0x9B, 0x23, 0xA3, 0xF3, 0x85, 0xC4, 0xCA, 0x5F, 0xBB, 0xDD,
    0x28, 0xB4, 0x8D, 0x51, 0x80, 0x40, 0x94, 0x57, 0x7C, 0x02, 0xF8, 0xCA, 0xDD, 0xC2, 0x4A, 0xD6,
    0xC5, 0x35, 0xFC, 0xCD, 0x69, 0x5E, 0x23, 0xE3, 0xCF, 0x85, 0x43, 0x3F, 0x67, 0x53, 0xFD, 0x21,
    0x92, 0xDE, 0xF0, 0xA5, 0x12, 0x05, 0x20, 0x61, 0x54, 0x5A, 0xF1, 0xA3, 0xE4, 0xBD, 0x45, 0xB0,
    0x07, 0xA4, 0x04, 0x62, 0x0E, 0xA4, 0xBD, 0x05, 0x4E, 0x94, 0x4F, 0x9C, 0x1A, 0xF9, 0x99, 0x4F,
    0xD2, 0xCF, 0xEC, 0xD7, 0x17, 0xFA, 0x0B, 0xCB, 0x73, 0x78, 0xE4, 0x43, 0x47, 0x41, 0x0E, 0x08,
    0xD1, 0xE7, 0x9E, 0x89, 0xA2, 0xC2, 0xBE, 0xB2, 0x40, 0x3E, 0x01, 0x86, 0x1E, 0x17, 0xF6, 0xDA,
    0xFF, 0xAD, 0x55, 0x52, 0xB3, 0x50, 0x7A, 0xFA, 0xC1, 0x82, 0xFA, 0xA0, 0xBF, 0xD2, 0x80, 0xCC,
    0xA7, 0x35, 0xAC, 0x68, 0x05, 0xC7, 0xBB, 0x98, 0xE3, 0x1A, 0x66, 0xB1, 0x09, 0x1A, 0xE2, 0xD5,
    0x80, 0x06, 0x63, 0x34, 0xC4, 0xFB, 0x35, 0x9C, 0x17, 0x82, 0x2E, 0x49, 0x25, 0xAA, 0x01, 0xBB,
    0x7B, 0xB8, 0x42, 0x06, 0x6E, 0x58, 0x39, 0x8B, 0x31, 0x7D, 0xB2, 0x78, 0x77, 0x78, 0x17, 0x4B,
    0x07, 0xE9, 0x17, 0xED, 0xC1, 0x40, 0x30, 0x01, 0x7E, 0x91, 0x58, 0x85, 0x2E, 0x53, 0xC8, 0x55,
    0xA0, 0x21, 0x4C, 0xA8, 0x13, 0xE0, 0x9C, 0xE2, 0x19, 0x15, 0x3A, 0x77, 0xE7, 0xD5, 0x89, 0xD5,
    0xB9, 0x0A, 0x92, 0x11, 0x0E, 0xF3, 0xF5, 0xC8, 0xA7, 0xF5, 0x6A, 0x79, 0x57, 0xCD, 0x25, 0x27,
    0xC0, 0x8D, 0x28, 0x15, 0xC7, 0xF5, 0xA4, 0x25, 0x6A, 0x5B, 0x28, 0x3E, 0xEF, 0x76, 0x5C, 0xA5,
    0xE8, 0xD3, 0x2F, 0x32, 0xB2, 0x57, 0x5F, 0x99, 0xAD, 0xF9, 0xB0, 0x69, 0x5B, 0x85, 0xA4, 0xB7,
    0xF0, 0xF9, 0x22, 0x1A, 0xA0, 0x4F, 0x83, 0xD9, 0x30, 0x15, 0x46, 0x48, 0x0C, 0x4D, 0xC7, 0x68,
    0x52, 0xCA, 0x2C, 0x1C, 0x71, 0x0C, 0x3D, 0xA4, 0x23, 0x59, 0x91, 0xED, 0x24, 0x23, 0xE1, 0x22,
    0xC1, 0xCF, 0xC0, 0x23, 0x17, 0x17, 0x6F, 0x60, 0xE2, 0x7A, 0x15, 0x9D, 0xD2, 0xBB, 0x12, 0x72,
    0xBE, 0x33, 0x9A, 0xFF, 0x72, 0x1A, 0xAE, 0x16, 0xDD, 0xA0, 0x48, 0x31, 0x11, 0x41, 0x62, 0xAB,
    0xB1, 0x80, 0x36, 0xEF, 0x3C, 0xF6, 0x1E, 0x13, 0xD5, 0xB8, 0xF6, 0x7C, 0xD7, 0xE8, 0xAB, 0x62,
    0xCC, 0xA5, 0xFB, 0xA5, 0x1C, 0x67, 0x3F, 0x2A, 0xC7, 0x59, 0x8A, 0xB0, 0x5B, 0xF6, 0x4E, 0xA9,
    0xFD, 0xEC, 0x72, 0xFC, 0x76, 0x32, 0xD9, 0x5B, 0x83, 0x05, 0x86, 0x02, 0x38, 0xE7, 0xAB, 0xEA,
    0xC2, 0x91, 0x55, 0xE5, 0xE8, 0x1D, 0x09, 0xFC, 0x74, 0xD8, 0x07, 0x00, 0x13, 0x80, 0xB8, 0x4C,
    0xBD, 0xF0, 0x01, 0xB1, 0x87, 0xC4, 0x1C, 0x03, 0x6B, 0xA4, 0x95, 0xC8, 0xDE, 0xEE, 0x93, 0x83,
    0xCD, 0x71, 0xBB, 0x98, 0x7C, 0x4E, 0x25, 0x6D, 0xDC, 0x06, 0x76, 0xF6, 0x3D, 0xBA, 0x0F, 0x8B,
    0x98, 0x1D, 0xFC, 0x00, 0x3D, 0x68, 0x75, 0xCD, 0x7B, 0x97, 0x4D, 0xB7, 0x62, 0xBA, 0xFA, 0x44,
    0xB7, 0x6C, 0x3A, 0x3A, 0x1E, 0x4E, 0xC7, 0xC9, 0x70, 0x3F, 0xBA, 0x08, 0xAD, 0xA1, 0xF6, 0x1E,
    0x8C, 0x87, 0x83, 0xB9, 0xA3, 0x23, 0x80, 0xFB, 0x1A, 0xE7, 0xC3, 0xA2, 0xCD, 0xB8, 0x6C, 0x1C,
    0x0E, 0xA9, 0x97, 0x6D, 0x59, 0xAF, 0x8F, 0x8B, 0x0F, 0x9D, 0x8F, 0xA7, 0xA0, 0xAE, 0x2B, 0x04,
    0x41, 0x61, 0x04, 0xBF, 0xAA, 0x4A, 0xA1, 0x98, 0xA3, 0x49, 0x9A, 0x2B, 0xE3, 0x62, 0x83, 0xC8,
    0x97, 0x42, 0xD3, 0x20, 0x85, 0xE2, 0xC7, 0xB2, 0x61, 0x6E, 0x1B, 0xAF, 0xC4, 0x25, 0x64, 0xA5,
    0x7B, 0xC0, 0xF3, 0xCE, 0x10, 0xD9, 0x2E, 0xF2, 0xB3, 0xF3, 0x26, 0x4E, 0x88, 0xEB, 0x55, 0xB6,
    0x68, 0x38, 0xFE, 0xE4, 0xBC, 0x19, 0xFC, 0x53, 0x5C, 0xBA, 0xD8, 0xC5, 0x14, 0xE3, 0xD9, 0xEA,
    0x8C, 0xC6, 0x31, 0xB0, 0xC8, 0x15, 0xE0, 0x23, 0xE7, 0x1A, 0x3E, 0xB1, 0x3B, 0x4E, 0xCE, 0xB5,
    0xC3, 0x2C, 0xD0, 0x2C, 0xF5, 0x9C, 0x9C, 0x37, 0xDF, 0x74, 0x14, 0xA2, 0x35, 0x1C, 0x75, 0x04,
    0x43, 0x73, 0xB0, 0x8E, 0x0E, 0xA7, 0xAC, 0xC0, 0xF6, 0x13, 0x32, 0x0C, 0x3F, 0x07, 0x53, 0x24,
    0x6D, 0xBD, 0xA6, 0x4D, 0x42, 0xBC, 0x81, 0xFB, 0x01, 0xBE, 0xD1, 0xC2, 0x7A, 0xE5, 0x02, 0xFF,
    0xC6, 0x18, 0x92, 0xE9, 0xC3, 0x7A, 0x55, 0xC0, 0x00, 0x0C, 0xEE, 0x11, 0xDD, 0x63, 0x6C, 0x20,
    0xE1, 0x90, 0xE0, 0x0D, 0xB8, 0x50, 0x84, 0x19, 0xE0, 0x0F, 0xDC, 0x31, 0xC4, 0xB3, 0x5B, 0x5D,
    0xBC, 0x74, 0x39, 0x46, 0xFA, 0x07, 0xEA, 0x1C, 0xE0, 0x81, 0x40, 0x80, 0x08, 0x79, 0xBB, 0x4A,
    0x1A, 0xA6, 0x70, 0x08, 0x06, 0xB7, 0xB1, 0x7B, 0x72, 0xBC, 0x05, 0x9E, 0x95, 0xB6, 0xAF, 0x81,
    0x15, 0x9F, 0xE8, 0xAD, 0xF2, 0x0A, 0xF0, 0x87, 0x74, 0x7C, 0xE9, 0x86, 0xCF, 0x35, 0x7E, 0xD8,
    0x7E, 0x92, 0xAE, 0x0D, 0x3C, 0xE6, 0x3F, 0x07, 0xDC, 0xB3, 0xA0, 0xC1, 0xDE, 0x05, 0x5C, 0xA4,
    0x2D, 0x82, 0x06, 0xFF, 0x8A, 0xC8, 0x3F, 0x15, 0x49, 0xCB, 0x6E, 0x77, 0xA5, 0x09, 0xCB, 0x01,
    0x70, 0xAB, 0x7F, 0x41, 0x53, 0xEA, 0x4B, 0x52, 0xAB, 0x49, 0xB5, 0x22, 0xEB, 0xEE, 0xFB, 0x29,
    0x70, 0x4B, 0x58, 0x9C, 0xF7, 0xDF, 0xEA, 0x78, 0xC9, 0x92, 0x97, 0x54, 0xBD, 0xA4, 0x43, 0x18,
    0xFE, 0x5F, 0x6D, 0x2F, 0xA9, 0x79, 0x49, 0x5D, 0xFF, 0x9A, 0xA1, 0x5A, 0xAE, 0xB0, 0xC8, 0x2B,
    0xD7, 0x72, 0x2F, 0x99, 0xF3, 0x92, 0x69, 0xAC, 0xD3, 0xED, 0x7F, 0xA1, 0xEA, 0x39, 0x38, 0xDE,
    0x91, 0xFD, 0x5E, 0xCF, 0x38, 0xE6, 0x65, 0xB3, 0xCA, 0x66, 0xC7, 0xD0, 0xCF, 0x11, 0x1A, 0xF4,
    0xF4, 0x71, 0x34, 0xF2, 0xC5, 0x86, 0xB8, 0xF1, 0x22, 0x8E, 0xA2, 0x81, 0x83, 0x46, 0xF1, 0x80,
    0x22, 0x71, 0x23, 0x60, 0xEE, 0xF5, 0xD9, 0x0B, 0x9D, 0xFA, 0x85, 0xD5, 0x2A, 0xFD, 0x77, 0xFE,
    0xD5, 0xC9, 0x41, 0x07, 0xFC, 0x5B, 0xEB, 0x0E, 0x34, 0xD6, 0x6F, 0x0D, 0xB0, 0xEE, 0x67, 0x8A,
    0x18, 0x16, 0x27, 0xA9, 0x63, 0xCE, 0x8E, 0x66, 0x55, 0x67, 0x1F, 0xC0, 0x49, 0x95, 0x0E, 0xDD,
    0x54, 0x75, 0x4A, 0x87, 0xC4, 0x05, 0xAC, 0xD7, 0x68, 0x14, 0xCF, 0x55, 0x19, 0xA3, 0xCA, 0xAB,
    0xB0, 0x77, 0x36, 0xCE, 0x64, 0xF8, 0xB1, 0x06, 0xF7, 0xA4, 0xF1, 0x99, 0x22, 0x29, 0x34, 0xDA,
    0x77, 0x8C, 0xEE, 0x61, 0xCD, 0x8F, 0xE7, 0xDC, 0x04, 0x7F, 0xE2, 0xC5, 0x70, 0x3F, 0xEC, 0x57,
    0x60, 0xA7, 0x13, 0xD8, 0x86, 0xCC, 0x4D, 0xD6, 0xFD, 0x38, 0x00, 0xEF, 0x47, 0x52, 0x6F, 0xD7,
    0xDB, 0x1A, 0x9D, 0x4B, 0xF8, 0x1B, 0xA0, 0xBD, 0x9E, 0x78, 0x57, 0xDE, 0x48, 0xBC, 0xEF, 0xBB,
    0x89, 0xF7, 0x13, 0x34, 0xF0, 0xA6, 0x97, 0xB8, 0xFA, 0x6E, 0xD8, 0x0E, 0x47, 0x46, 0x60, 0x1D,
    0xC3, 0x6B, 0x03, 0xEB, 0x5C, 0xC6, 0xE3, 0x04, 0x23, 0xF0, 0xB6, 0xD7, 0xEB, 0x85, 0x60, 0x62,
    0x3F, 0x09, 0x13, 0x0F, 0xD3, 0xE8, 0xC5, 0x18, 0xF1, 0x8B, 0xE0, 0x3C, 0xF0, 0xBC, 0xF7, 0x26,
    0xFF, 0x4F, 0xC5, 0xFB, 0x6A, 0x8E, 0xE3, 0x80, 0x09, 0x09, 0x60, 0x43, 0x9B, 0x2A, 0xD0, 0x82,
    0xAF, 0x00, 0x18, 0x70, 0x13, 0xE8, 0x63, 0x6E, 0x56, 0xB4, 0x2D, 0x96, 0x6D, 0x15, 0x2D, 0x43,
    0x4B, 0x66, 0xE5, 0x63, 0x68, 0x1F, 0xC6, 0x75, 0x29, 0xAC, 0x22, 0x39, 0x66, 0xA0, 0x40, 0x85,
    0x6E, 0x79, 0x48, 0x19, 0x5C, 0x11, 0x67, 0x43, 0x7E, 0x2A, 0x4E, 0xD5, 0xFA, 0x91, 0x38, 0xB3,
    0xCE, 0x69, 0x71, 0x7C, 0xA7, 0x22, 0xAE, 0xFF, 0x0D, 0x5F, 0x5C, 0xF7, 0x3F, 0x7C, 0xF1, 0x1C,
    0xF0, 0xA8, 0x6F, 0x01, 0x62, 0x37, 0x92, 0xBC, 0x95, 0x71, 0xBE, 0xCA, 0x07, 0xF4, 0xF9, 0x00,
    0xF1, 0xB0, 0x5D, 0xBF, 0x64, 0xDA, 0xF8, 0xB1, 0x6D, 0x0F, 0x68, 0x61, 0xA5, 0x3D, 0xB8, 0xC4,
    0x33, 0x50, 0x16, 0x55, 0xA8, 0x8E, 0x0D, 0x48, 0x17, 0x74, 0x40, 0x5C, 0xB6, 0x88, 0x01, 0x8B,
    0x15, 0x99, 0x85, 0x40, 0xCD, 0x03, 0x50, 0xE2, 0x5E, 0x7F, 0xAA, 0x40, 0x18, 0xDC, 0x7A, 0x3A,
    0xF5, 0x62, 0x8C, 0xE5, 0x2E, 0x0D, 0xFE, 0x79, 0x14, 0xEA, 0x00, 0x45, 0xC7, 0x58, 0x79, 0x03,
    0x0E, 0xF9, 0xAD, 0x06, 0x47, 0x99, 0x61, 0xE9, 0x73, 0x0F, 0x2A, 0xD9, 0x8B, 0xAD, 0x51, 0x4B,
    0xEC, 0xCC, 0x03, 0x64, 0xF2, 0x72, 0x7C, 0xBE, 0xBF, 0x21, 0xDE, 0xD7, 0x22, 0x8D, 0x55, 0xED,
    0xD4, 0x02, 0x3C, 0xC1, 0xB1, 0xE7, 0x8C, 0x2C, 0x17, 0xB1, 0xEF, 0xE5, 0x33, 0x72, 0xFE, 0x9C,
    0x82, 0x2E, 0xF3, 0xD7, 0xD6, 0xC0, 0xFE, 0x8A, 0x4C, 0x87, 0x3F, 0xCE, 0x7C, 0x28, 0x89, 0x57,
    0x4B, 0xEF, 0xE1, 0xBB, 0x97, 0xBF, 0xB8, 0x5A, 0xDD, 0x1F, 0x57, 0x6D, 0x19, 0x72, 0xFD, 0xF0,
    0x6F, 0x09, 0x70, 0x82, 0x0A, 0xB4, 0x95, 0x01, 0xF9, 0x63, 0x71, 0xFC, 0xA8, 0x8A, 0x85, 0x3D,
    0x09, 0xFC, 0x0A, 0xF9, 0xC9, 0x80, 0x02, 0x73, 0x28, 0xB4, 0x5F, 0xE0, 0x8C, 0x56, 0x64, 0x14,
    0x71, 0xAD, 0x04, 0xA7, 0x26, 0x50, 0xCC, 0xD0, 0x8C, 0x22, 0x1F, 0x9A, 0x45, 0xBA, 0xB6, 0xAD,
    0x12, 0xA8, 0x0F, 0x3D, 0xC7, 0xFD, 0x0C, 0x57, 0x24, 0xA2, 0x71, 0xB3, 0x6D, 0x0F, 0x64, 0x31,
    0xC4, 0xFF, 0xCD, 0x6F, 0x26, 0xB3, 0xDE, 0x0B, 0xF9, 0x12, 0x38, 0xAA, 0xE3, 0xC5, 0xCD, 0xB2,
    0x2D, 0xB1, 0x6F, 0xE2, 0x58, 0xCD, 0x8B, 0xF3, 0xCA, 0xE7, 0x5E, 0x4C, 0x54, 0xEB, 0x42, 0x41,
    0xEE, 0x38, 0x31, 0x54, 0xBA, 0x0D, 0xA8, 0xD7, 0x77, 0xE0, 0xA4, 0x25, 0xEB, 0xC0, 0x58, 0xA9,
    0x58, 0x3F, 0xC3, 0xF1, 0xA2, 0xCC, 0xAC, 0x70, 0xDC, 0xAF, 0x27, 0x62, 0x5D, 0x4D, 0xC5, 0x01,
    0xF3, 0xFA, 0x4C, 0xC3, 0xBC, 0x51, 0x94, 0x42, 0xB2, 0x92, 0x1B, 0x1E, 0xF2, 0xE3, 0x7B, 0x35,
    0x46, 0xC8, 0x28, 0xF1, 0x25, 0x32, 0x9F, 0x2B, 0x9B, 0xBC, 0x7E, 0xF5, 0x86, 0xA2, 0x69, 0x72,
    0x92, 0x72, 0x93, 0x36, 0x08, 0x08, 0xD5, 0xC4, 0xA9, 0x0D, 0x9C, 0x31, 0x68, 0x1D, 0x86, 0xEE,
    0xCD, 0x7D, 0x7F, 0x56, 0xBC, 0x7C, 0xD9, 0x4F, 0x56, 0xC8, 0x0D, 0x55, 0x6B, 0x37, 0xC4, 0x8F,
    0x6B, 0x76, 0xCE, 0xC0, 0x7C, 0xEF, 0x01, 0x2E, 0xD0, 0x1E, 0x5E, 0xA0, 0x3A, 0xF4, 0x32, 0x66,
    0x06, 0x71, 0xFF, 0x81, 0xBB, 0x19, 0xC9, 0x77, 0xA1, 0x66, 0x57, 0xE1, 0xEB, 0xC4, 0x4B, 0xA5,
    0xCF, 0xD3, 0xC0, 0x67, 0x96, 0xB0, 0x84, 0x4B, 0xD0, 0x60, 0x4B, 0x50, 0x72, 0xEC, 0x9B, 0x7E,
    0xEC, 0x0C, 0x06, 0xD3, 0x86, 0x4C, 0xFB, 0x89, 0x31, 0xB8, 0xB5, 0x71, 0x52, 0x24, 0xFC, 0xAF,
    0x4D, 0xD2, 0x24, 0x59, 0x1A, 0x12, 0x1C, 0x0B, 0x8B, 0xB7, 0x4B, 0x44, 0x5F, 0x6F, 0x73, 0x11,
    0x47, 0xCA, 0xBF, 0xC0, 0x82, 0xC0, 0x64, 0x34, 0xD5, 0x88, 0xE0, 0x0F, 0xE3, 0x4E, 0x87, 0x61,
    0x88, 0x8D, 0x20, 0x4A, 0xA9, 0x3D, 0xC9, 0x9D, 0x95, 0xBF, 0xCA, 0x3F, 0x5D, 0x28, 0x66, 0xB1,
    0x53, 0x88, 0x51, 0xEE, 0x45, 0x8D, 0xCB, 0xB2, 0xFF, 0xFC, 0x40, 0x03, 0xFA, 0x3D, 0x5C, 0xF7,
    0x1C, 0x97, 0x2F, 0x73, 0x52, 0xEF, 0x4A, 0x8A, 0xD9, 0xBA, 0x0A, 0x47, 0xD5, 0xFB, 0x61, 0x22,
    0x39, 0x6E, 0x02, 0xF2, 0x06, 0xC9, 0xD5, 0x0C, 0xC7, 0xAE, 0xE4, 0x38, 0x25, 0xE9, 0xB8, 0xD4,
    0x15, 0x64, 0x61, 0xEB, 0x3C, 0xBD, 0x9F, 0x44, 0x3A, 0x0D, 0x18, 0xF1, 0x3A, 0xB4, 0x7B, 0x5D,
    0x7B, 0xE9, 0xD0, 0x64, 0x40, 0x63, 0x57, 0xCD, 0xFF, 0x3C, 0xE6, 0x42, 0x15, 0x52, 0xE3, 0x1F,
    0x33, 0x69, 0x46, 0x13, 0x11, 0x26, 0xA3, 0x4C, 0x31, 0x4C, 0x78, 0x5F, 0xD6, 0xC7, 0xC5, 0x73,
    0xBF, 0xD5, 0x71, 0xE2, 0x55, 0xB9, 0x5F, 0xCB, 0x15, 0x19, 0xEF, 0x8A, 0x78, 0x64, 0x20, 0x6C,
    0x2D, 0x6A, 0xBA, 0x71, 0x61, 0xF9, 0xFA, 0xBB, 0xD0, 0x32, 0x3D, 0x4C, 0x71, 0x40, 0x6D, 0x15,
    0x41, 0x37, 0xEE, 0xF0, 0xEB, 0x33, 0xCA, 0x28, 0x8D, 0x9C, 0x86, 0xED, 0x99, 0x92, 0x55, 0x16,
    0x8D, 0xB3, 0xE3, 0xC4, 0x26, 0x1D, 0x72, 0x54, 0x4C, 0x2E, 0x2A, 0xA6, 0x5B, 0x82, 0xF7, 0xD7,
    0xC0, 0x2B, 0xB2, 0x7B, 0x9B, 0x5E, 0x6A, 0x30, 0x37, 0xAB, 0x0E, 0x34, 0x58, 0xD1, 0x8F, 0x3B,
    0x67, 0xA3, 0x91, 0x06, 0xFB, 0x4B, 0x68, 0xB0, 0x48, 0xBE, 0xA4, 0x33, 0xD2, 0x97, 0x23, 0x9E,
    0xCC, 0x38, 0xD0, 0xC8, 0x04, 0x80, 0x7E, 0x5B, 0x6C, 0xC5, 0x8A, 0xCC, 0x7F, 0x78, 0xF1, 0x49,
    0x5F, 0x66, 0x2F, 0x73, 0xAD, 0x3C, 0x4A, 0xB1, 0xC1, 0xA9, 0x58, 0xEE, 0xD0, 0xD8, 0x85, 0x89,
    0xDF, 0xF2, 0xDE, 0xB0, 0xC5, 0x2B, 0x7E, 0x72, 0xC2, 0x1B, 0x4C, 0xAF, 0x66, 0x9D, 0x7D, 0x8D,
    0xE0, 0xDB, 0x77, 0xF8, 0xF3, 0x7B, 0xC6, 0x35, 0x70, 0x72, 0x13, 0x79, 0x94, 0x69, 0x3B, 0xF7,
    0x01, 0xEC, 0xEC, 0xC9, 0xDF, 0xAC, 0xFC, 0x65, 0xC8, 0x0A, 0x6B, 0x76, 0x04, 0xA2, 0x73, 0x14,
    0xBC, 0x0C, 0x05, 0x6B, 0xBF, 0x47, 0x8E, 0x4A, 0xAB, 0x13, 0x24, 0xA9, 0x43, 0x1F, 0x24, 0xB5,
    0x4A, 0x6C, 0x25, 0x00, 0x0E, 0x76, 0x0C, 0xF2, 0x6B, 0x11, 0x48, 0x21, 0xD0, 0x86, 0x5D, 0x86,
    0x72, 0xA7, 0x95, 0x8B, 0xF3, 0xD7, 0x99, 0xB6, 0x63, 0xCC, 0x7C, 0x1B, 0x61, 0x3E, 0xD3, 0xBB,
    0xDE, 0x72, 0xC1, 0xB6, 0x01, 0x38, 0x3B, 0x09, 0xAC, 0x21, 0x71, 0xD2, 0x30, 0x1F, 0x06, 0xF7,
    0xE3, 0x92, 0x33, 0x12, 0x93, 0x37, 0x61, 0xA3, 0x2B, 0xED, 0x8D, 0xBD, 0xF6, 0xBE, 0xF7, 0xAA,
    0x78, 0x3F, 0x2A, 0xE0, 0xB8, 0x07, 0x91, 0xD1, 0x77, 0xDE, 0x9D, 0xDA, 0x98, 0x2D, 0xAD, 0x1A,
    0x9D, 0xA6, 0x3E, 0x09, 0xD3, 0x92, 0x78, 0xB9, 0x6F, 0xEF, 0x20, 0x82, 0x7C, 0xA0, 0xC1, 0x95,
    0x5A, 0x99, 0xF9, 0xD3, 0x94, 0x4E, 0xF4, 0x40, 0x60, 0xC6, 0xCA, 0x0E, 0x60, 0x01, 0x4F, 0xC0,
    0xF9, 0x03, 0x8B, 0x36, 0x46, 0xE1, 0x83, 0x47, 0x61, 0xEF, 0xEA, 0xB0, 0xFB, 0x7E, 0x52, 0x89,
    0x77, 0x85, 0x11, 0x0A, 0x60, 0x60, 0x15, 0x53, 0x31, 0xF3, 0xE6, 0x9A, 0xE4, 0x95, 0xA5, 0x59,
    0x1E, 0x4D, 0x5A, 0x7B, 0x1A, 0xE0, 0x4A, 0x14, 0x7B, 0x14, 0x51, 0xFD, 0xF4, 0xB5, 0xD3, 0xD1,
    0x22, 0xA0, 0x42, 0x7C, 0xCA, 0x4B, 0xAC, 0xD8, 0x24, 0xC0, 0xBC, 0xFF, 0xF9, 0x3F, 0x90, 0x5B,
    0x2D, 0xBE, 0x84, 0x73, 0xE9, 0xD1, 0x91, 0x04, 0xA2, 0x68, 0x83, 0x58, 0x43, 0x62, 0xF3, 0x18,
    0x8B, 0x0E, 0x52, 0x3F, 0xB1, 0x06, 0xE6, 0x43, 0x47, 0x6C, 0x77, 0x4C, 0xE3, 0x1A, 0x1A, 0x1B,
    0xB5, 0x0F, 0x8C, 0xD1, 0x95, 0xB5, 0x0E, 0x90, 0xC5, 0xC6, 0x21, 0x89, 0xF0, 0x5A, 0xC6, 0xED,
    0x17, 0x5B, 0x0B, 0x27, 0x6F, 0x40, 0xEA, 0x37, 0x30, 0x02, 0xD3, 0xE0, 0x70, 0x00, 0xAA, 0xA9,
    0x6D, 0x1C, 0xFD, 0x38, 0xEA, 0x5C, 0xE3, 0xDC, 0xC6, 0x5B, 0x0B, 0x0B, 0x67, 0xA9, 0x93, 0x52,
    0x33, 0x99, 0xB6, 0x46, 0xEB, 0x74, 0xDA, 0x34, 0xC5, 0x0B, 0xB6, 0xF4, 0x23, 0xE3, 0x81, 0xD7,
    0xCC, 0x92, 0x75, 0x8D, 0x7B, 0xB4, 0xBF, 0xB8, 0x65, 0x58, 0xE9, 0xD2, 0xA5, 0xD4, 0xE4, 0x46,
    0x9E, 0x35, 0x85, 0x21, 0x44, 0x68, 0x9A, 0x1B, 0x89, 0x96, 0x4D, 0x6E, 0x24, 0xD2, 0xD4, 0x45,
    0xE4, 0x47, 0x4C, 0x5D, 0xC0, 0x5D, 0x8A, 0x78, 0x2F, 0x86, 0xC5, 0xD5, 0x8D, 0x05, 0xFC, 0xB0,
    0x00, 0xE6, 0x33, 0x1A, 0xAB, 0x56, 0x62, 0x72, 0x23, 0x9F, 0x90, 0x80, 0xE5, 0x27, 0xEE, 0xD6,
    0x05, 0x5C, 0x9B, 0xBE, 0x03, 0x34, 0x0B, 0x1E, 0xCE, 0xF9, 0x39, 0x11, 0x06, 0xBD, 0x93, 0x5A,
    0x15, 0x66, 0x6F, 0xBD, 0x3A, 0x4B, 0x68, 0xEF, 0x83, 0x3B, 0xAA, 0x2E, 0x58, 0xBF, 0xEA, 0xA4,
    0x2D, 0xE8, 0xAD, 0xFE, 0xB1, 0x31, 0x80, 0xE3, 0x14, 0x9A, 0xFD, 0x0C, 0x63, 0x3F, 0x6B, 0x41,
    0x28, 0xC3, 0xF3, 0x14, 0xCD, 0x65, 0xF0, 0x52, 0xA0, 0x05, 0x2B, 0x81, 0x02, 0xB3, 0x80, 0x79,
    0xF1, 0x66, 0x40, 0x19, 0xA9, 0x05, 0xAA, 0x88, 0x2F, 0x69, 0x4D, 0x47, 0x4B, 0x0D, 0x55, 0x20,
    0xF7, 0xA6, 0x21, 0x35, 0xDB, 0xC4, 0x1C, 0xEF, 0x32, 0x06, 0xFD, 0x04, 0x63, 0xD0, 0x58, 0xB3,
    0x46, 0x71, 0x5D, 0x4D, 0xBF, 0xD7, 0xBB, 0xFF, 0x18, 0xF4, 0x24, 0x60, 0x0E, 0x65, 0x23, 0xAA,
    0x44, 0x1F, 0xF6, 0x5B, 0x71, 0xFF, 0xEC, 0x8F, 0xEE, 0x08, 0x98, 0xF9, 0x73, 0x06, 0xA0, 0xCD,
    0xEE, 0x56, 0x72, 0x71, 0xBB, 0x70, 0x88, 0x75, 0x39, 0x0E, 0x53, 0x9D, 0xCE, 0x88, 0x16, 0x49,
    0x60, 0x89, 0x16, 0xE9, 0xB0, 0xAF, 0xD1, 0x96, 0x61, 0xE2, 0x03, 0x0A, 0x55, 0xE5, 0xB3, 0x04,
    0x8B, 0x57, 0xB1, 0x4A, 0xDE, 0x1B, 0x9C, 0xDE, 0x9F, 0x92, 0xF4, 0x06, 0x55, 0x3B, 0xCA, 0xA9,
    0xFC, 0x80, 0x11, 0xC4, 0x72, 0x78, 0x71, 0x2B, 0xF5, 0xE0, 0x87, 0x57, 0x00, 0x71, 0xE6, 0xA1,
    0xBD, 0x20, 0xC9, 0xC9, 0x2A, 0x56, 0x00, 0x88, 0xEF, 0x03, 0x5C, 0x8C, 0x48, 0xF0, 0xF5, 0x52,
    0x9A, 0xC3, 0x32, 0x9D, 0x7F, 0x80, 0x65, 0x05, 0x1F, 0x1F, 0x4C, 0x81, 0xFF, 0x47, 0x38, 0xC5,
    0xB9, 0x42, 0x89, 0x5A, 0x3D, 0xF3, 0xF8, 0x46, 0xEE, 0xD3, 0x09, 0xFF, 0x26, 0xE0, 0xC2, 0x55,
    0x8C, 0xF4, 0x1D, 0x4C, 0xDB, 0x1A, 0xDE, 0x9E, 0x9E, 0xDE, 0xFB, 0x13, 0x95, 0x1C, 0x99, 0xEE,
    0x53, 0xF1, 0x38, 0xA4, 0xFF, 0x53, 0x77, 0xD9, 0x1A, 0x44, 0x9E, 0x4C, 0x8E, 0xED, 0x90, 0x39,
    0xD1, 0xAC, 0x88, 0xA3, 0xF4, 0x88, 0x1E, 0x99, 0x57, 0x9A, 0x91, 0x3A, 0x31, 0xE9, 0x11, 0x3D,
    0xB3, 0xAA, 0x94, 0xB5, 0x58, 0x4C, 0x8E, 0x35, 0x35, 0x39, 0xD6, 0xD4, 0xE4, 0x58, 0x53, 0xC3,
    0x68, 0xC3, 0xCC, 0x49, 0xC6, 0xB0, 0xB6, 0xDE, 0x4B, 0xEF, 0xEF, 0x66, 0x06, 0xE0, 0x68, 0x3E,
    0x5E, 0xC5, 0x50, 0xCB, 0x3B, 0xC4, 0x54, 0x9A, 0x95, 0xE9, 0xDA, 0xB5, 0x03, 0xC6, 0x99, 0x6D,
    0x9E, 0xDB, 0xC1, 0x99, 0x1D, 0xE0, 0xF4, 0x10, 0xED, 0xF5, 0xD8, 0xBB, 0xF2, 0xFD, 0xD8, 0xFB,
    0x3E, 0x6C, 0xD2, 0x4F, 0xD0, 0xF2, 0x09, 0xFB, 0xD4, 0x29, 0x0B, 0xBF, 0x72, 0x13, 0x91, 0x35,
    0xC1, 0xBB, 0x00, 0x6C, 0x6C, 0xF7, 0xCA, 0xA5, 0x40, 0x7B, 0xAA, 0xF7, 0x9C, 0xD6, 0xE4, 0x0C,
    0x5E, 0x6B, 0xBB, 0xB5, 0x19, 0x49, 0xFF, 0x6C, 0x5B, 0x3A, 0x58, 0xB5, 0x0E, 0xB8, 0x1A, 0xEA,
    0x63, 0x5B, 0x5B, 0xB6, 0xBA, 0x56, 0x3B, 0x28, 0xCA, 0x98, 0xD8, 0x8E, 0x6A, 0x94, 0xF6, 0x35,
    0x83, 0x1A, 0x15, 0xA8, 0x51, 0x58, 0xB0, 0xED, 0x2A, 0x74, 0x97, 0x6A, 0x34, 0x64, 0x4A, 0xBA,
    0xED, 0x66, 0x26, 0xC9, 0x32, 0x96, 0x7C, 0xF9, 0x20, 0xAA, 0xC1, 0x4E, 0x2D, 0x59, 0xF9, 0x1A,
    0x8E, 0xCD, 0xE7, 0xD6, 0xD6, 0xD9, 0xC4, 0xDA, 0xBA, 0x08, 0xDB, 0x65, 0x03, 0xDB, 0x4A, 0x8A,
    0xB6, 0xB8, 0x63, 0xF2, 0xE5, 0x5E, 0xFE, 0xE8, 0x8B, 0x68, 0x57, 0x5F, 0x80, 0x3F, 0xFA, 0x03,
    0xD8, 0xD3, 0x06, 0x90, 0x22, 0xD6, 0xF0, 0x6B, 0x7F, 0xC8, 0x90, 0x05, 0x9A, 0x1D, 0xDF, 0xC5,
    0x1F, 0x95, 0x91, 0x3F, 0x64, 0xD1, 0x49, 0xC9, 0x9D, 0x12, 0x16, 0xC8, 0x1E, 0xDA, 0x68, 0xDC,
    0xC9, 0x10, 0xA2, 0xF1, 0xCA, 0x8B, 0xE1, 0xFB, 0x79, 0xE5, 0xFA, 0xEA, 0x8E, 0xB8, 0x72, 0x1B,
    0xBA, 0xDC, 0x55, 0x35, 0x03, 0x4D, 0xDD, 0xAF, 0xDF, 0x7A, 0x6E, 0x57, 0xD5, 0x0C, 0xDB, 0x80,
    0xED, 0xD9, 0xEB, 0xE0, 0xEB, 0x68, 0xE7, 0x5B, 0xC3, 0xE3, 0xEE, 0x40, 0x0C, 0x36, 0xA0, 0x33,
    0xE6, 0xD1, 0x3E, 0x3E, 0x51, 0xEC, 0xF1, 0xC1, 0x77, 0xC4, 0xE9, 0x5F, 0x4C, 0x9D, 0xDC, 0x6A,
    0x97, 0x45, 0x1E, 0xCB, 0x68, 0x75, 0xB4, 0x70, 0xBC, 0x31, 0x38, 0xD9, 0x2A, 0xD4, 0xFD, 0x6A,
    0x1A, 0x56, 0x26, 0xF0, 0xA4, 0xFD, 0xA0, 0x7E, 0xEF, 0x28, 0x5A, 0x0A, 0xA1, 0xA2, 0x2B, 0xD7,
    0x36, 0xB0, 0x14, 0x27, 0xCC, 0x92, 0x7C, 0x35, 0x82, 0x5D, 0xE9, 0x42, 0xEC, 0x56, 0x06, 0x00,
    0xDF, 0xB4, 0xC4, 0x27, 0xC4, 0x2A, 0xC5, 0xCD, 0x2F, 0xF5, 0x05, 0xF5, 0xC2, 0x3C, 0x04, 0x03,
    0xAA, 0xE5, 0x17, 0x89, 0x22, 0xEA, 0x47, 0x5A, 0xD5, 0xD0, 0xBD, 0x43, 0x55, 0x43, 0xB0, 0xAD,
    0xAA, 0xC1, 0xCD, 0x4C, 0x55, 0x83, 0xD3, 0x2E, 0xAB, 0x1A, 0x7A, 0x65, 0x55, 0x43, 0x23, 0x35,
    0x96, 0xDB, 0xCB, 0xC6, 0x4B, 0x00, 0x6E, 0x8F, 0xCF, 0x6F, 0x8B, 0xD3, 0x3F, 0x70, 0x28, 0xEF,
    0x03, 0x75, 0xEC, 0x5A, 0x6A, 0xEF, 0x35, 0x05, 0xC3, 0x88, 0xA8, 0x56, 0x02, 0x0D, 0x32, 0x8C,
    0xFA, 0xF3, 0xB0, 0x2B, 0x2D, 0xD6, 0x8D, 0xB1, 0xA0, 0xE9, 0xB0, 0x37, 0xCB, 0x9B, 0xE2, 0x96,
    0xF6, 0x6B, 0x26, 0x43, 0xB1, 0x9B, 0x90, 0xA2, 0x95, 0x12, 0xA1, 0x62, 0xBE, 0xE0, 0x31, 0xD1,
    0x17, 0x9D, 0x93, 0x23, 0x34, 0x65, 0x66, 0x91, 0x5B, 0x50, 0x03, 0x10, 0x72, 0xF8, 0x96, 0x4E,
    0x6A, 0x5D, 0x61, 0xA1, 0x62, 0x4C, 0x42, 0x8B, 0x71, 0x90, 0xE4, 0x10, 0x09, 0x0C, 0x9D, 0xB3,
    0x45, 0x61, 0xFC, 0xB0, 0xCB, 0x97, 0xCB, 0x24, 0x01, 0x09, 0xAE, 0x02, 0x92, 0xF0, 0x13, 0x99,
    0x16, 0x39, 0x62, 0x50, 0x18, 0x2A, 0xAF, 0x47, 0xDB, 0x12, 0x72, 0xD5, 0x5D, 0x93, 0xD7, 0xDB,
    0x81, 0x64, 0x7B, 0x70, 0x10, 0x32, 0x53, 0x10, 0x68, 0x97, 0xCA, 0xDC, 0x1E, 0x9A, 0xB2, 0x63,
    0x54, 0x6F, 0x58, 0x5B, 0x70, 0x8B, 0xDB, 0xA3, 0xEA, 0x38, 0x82, 0x95, 0xCA, 0x23, 0x2E, 0x4C,
    0xBE, 0x7A, 0x42, 0xE9, 0x9C, 0x52, 0x9A, 0xDE, 0xFC, 0x6F, 0x89, 0x24, 0xB7, 0x54, 0xA6, 0xB7,
    0x34, 0xA2, 0x90, 0xFF, 0x9D, 0x2A, 0x9D, 0x55, 0x35, 0x16, 0xAB, 0x4D, 0xA5, 0x75, 0x1D, 0xA8,
    0xD6, 0x63, 0x10, 0xA2, 0x33, 0x6F, 0x94, 0x32, 0x09, 0x09, 0xA1, 0x0E, 0x70, 0x2F, 0xA3, 0x11,
    0x3E, 0x55, 0xBA, 0x39, 0x4E, 0xEE, 0xFF, 0x1B, 0x8C, 0xCF, 0x4B, 0x87, 0xC4, 0x7B, 0xE9, 0x24,
    0x1A, 0x9E, 0x86, 0x68, 0xE9, 0x4D, 0x8C, 0xFE, 0x25, 0xC8, 0xE6, 0x4B, 0x35, 0xB4, 0x8A, 0x18,
    0xB3, 0xC4, 0xBA, 0x09, 0x39, 0x43, 0x33, 0x74, 0x8A, 0x86, 0x88, 0xFA, 0x05, 0xF0, 0x49, 0xE9,
    0xD4, 0x34, 0xCD, 0xD1, 0x3C, 0x4D, 0x73, 0x7B, 0x4E, 0x4D, 0xC9, 0xAA, 0x52, 0xDE, 0xAB, 0xA3,
    0xF5, 0xB4, 0xFD, 0x4B, 0x91, 0x52, 0x3D, 0x42, 0x03, 0x2B, 0x1D, 0xAD, 0x91, 0xEE, 0xA8, 0xA1,
    0xEB, 0x68, 0x81, 0x78, 0x47, 0x59, 0xAE, 0xA3, 0x0C, 0xD6, 0x65, 0x86, 0xDC, 0xEA, 0xB1, 0x2E,
    0xA3, 0x52, 0xA4, 0x8E, 0xF1, 0x05, 0xBF, 0xAC, 0x0E, 0x9A, 0xDD, 0xBD, 0x97, 0xC1, 0xC2, 0x62,
    0x6E, 0x60, 0x78, 0x1B, 0xE0, 0x05, 0xF8, 0x01, 0xB2, 0xC1, 0x81, 0xE1, 0x66, 0x1B, 0x34, 0x5A,
    0x70, 0xFA, 0x36, 0x30, 0x39, 0x1B, 0x98, 0x1A, 0xA6, 0x88, 0x0A, 0xAB, 0x37, 0x80, 0xC3, 0xFB,
    0x34, 0x2D, 0x56, 0x30, 0x2F, 0x66, 0x17, 0x4C, 0x8C, 0x39, 0xBF, 0xCF, 0xCC, 0x98, 0xA7, 0xB2,
    0x7E, 0x58, 0xA9, 0xCA, 0x1C, 0x93, 0xE0, 0xA0, 0x5C, 0x11, 0xFF, 0xFD, 0x4C, 0x69, 0xAE, 0x47,
    0x3A, 0x4A, 0x97, 0x94, 0xD6, 0x95, 0x56, 0x22, 0xD5, 0x13, 0x44, 0x56, 0xF0, 0xFE, 0xC4, 0xE4,
    0xCA, 0xB0, 0x1E, 0xCC, 0x1F, 0x52, 0x4B, 0x29, 0x2F, 0x7D, 0x22, 0x36, 0x7A, 0x37, 0xBE, 0xFC,
    0xDD, 0x15, 0xAB, 0xBF, 0x5A, 0x75, 0xA2, 0x98, 0x22, 0x4E, 0x01, 0x27, 0x12, 0x20, 0x94, 0xAF,
    0x62, 0xC4, 0x55, 0xB0, 0x6D, 0x95, 0x35, 0x3F, 0x70, 0xD5, 0x29, 0xD2, 0xC3, 0x0C, 0xCC, 0xE3,
    0x2B, 0x24, 0xE9, 0x1B, 0x38, 0x64, 0x80, 0x90, 0x7A, 0x35, 0x5A, 0x95, 0x5E, 0x6A, 0x2D, 0x43,
    0xCB, 0x23, 0xF1, 0x1E, 0xC2, 0xDB, 0x6B, 0x63, 0x6D, 0x2C, 0x80, 0x34, 0xA5, 0x37, 0x2D, 0xBA,
    0xA6, 0x94, 0xA5, 0x6A, 0x06, 0x35, 0x65, 0xBA, 0x7D, 0xA6, 0x93, 0x9D, 0xBB, 0xD4, 0x74, 0xFA,
    0xA4, 0x72, 0xD7, 0x33, 0x77, 0xFA, 0x9C, 0xB9, 0xDF, 0xB6, 0xDA, 0x99, 0x7A, 0x1B, 0xB6, 0x14,
    0xCF, 0x45, 0x6B, 0x0A, 0xE1, 0x27, 0x99, 0x26, 0x11, 0x3E, 0x57, 0x49, 0xF4, 0xE5, 0x38, 0xA1,
    0x7D, 0x0D, 0x27, 0xD3, 0xDE, 0x26, 0xCF, 0x0C, 0xF6, 0x70, 0x6F, 0x2E, 0x3C, 0xDF, 0x36, 0x89,
    0x79, 0x4D, 0xDE, 0xDE, 0xB1, 0xCF, 0x46, 0x3D, 0x8B, 0x96, 0xD9, 0xF7, 0xE1, 0xFE, 0xE9, 0x71,
    0x96, 0x6C, 0x64, 0xA6, 0x5C, 0xD9, 0xF4, 0xF5, 0xB2, 0x0F, 0x6F, 0xEF, 0xF3, 0xC9, 0x1E, 0x8A,
    0xCE, 0xA3, 0xEE, 0x86, 0xBD, 0xC6, 0x5F, 0x5D, 0x46, 0xA1, 0x91, 0x61, 0xC5, 0xC8, 0x40, 0xF3,
    0xC9, 0x31, 0xCB, 0xCC, 0x43, 0xDD, 0x2D, 0xB7, 0x1A, 0x94, 0x68, 0xEF, 0x89, 0xC8, 0xA4, 0x18,
    0x60, 0x0F, 0xAE, 0x9D, 0xD6, 0x28, 0xB7, 0xAF, 0x45, 0xAB, 0xFE, 0xFE, 0xF3, 0xA4, 0xAD, 0x2E,
    0x29, 0x44, 0x82, 0xC1, 0xB9, 0x8A, 0x09, 0x22, 0x18, 0x1A, 0x19, 0xCA, 0x90, 0x82, 0x49, 0x3C,
    0x18, 0x48, 0x3D, 0x4E, 0x8D, 0xBD, 0x52, 0x43, 0x4D, 0xD7, 0x45, 0xEC, 0x94, 0x0E, 0x88, 0xB3,
    0x45, 0x36, 0xB3, 0xFA, 0x83, 0x04, 0xAC, 0xBB, 0x05, 0x94, 0xB8, 0x62, 0xC2, 0x05, 0x76, 0xCA,
    0xE8, 0x42, 0xC6, 0xF0, 0xC4, 0xA9, 0x72, 0x7B, 0x82, 0xB5, 0x09, 0x7F, 0xDD, 0xBB, 0x98, 0x5C,
    0x96, 0x67, 0xAC, 0xBC, 0x07, 0x73, 0xD2, 0xEE, 0xE3, 0x91, 0x36, 0x36, 0x41, 0x96, 0x1A, 0x24,
    0x21, 0xEC, 0xD7, 0xB9, 0x4A, 0xD2, 0x96, 0x75, 0x0F, 0x0E, 0x43, 0x6E, 0x77, 0xEA, 0xF6, 0x15,
    0x69, 0x9C, 0x7E, 0xE5, 0x69, 0x86, 0xA9, 0xF2, 0xA1, 0xAC, 0x59, 0x0C, 0x7B, 0x7C, 0x36, 0xD7,
    0xB8, 0xE2, 0x12, 0x78, 0xB4, 0xE3, 0x6F, 0x4A, 0x07, 0x82, 0xD9, 0x99, 0x77, 0xE3, 0xCE, 0xBA,
    0x13, 0x77, 0x37, 0xDC, 0x68, 0x65, 0xC9, 0x9F, 0x0E, 0x36, 0x9F, 0xC9, 0x5D, 0xC5, 0xD8, 0x5F,
    0x7A, 0x4C, 0x45, 0x43, 0xB3, 0xA7, 0xCA, 0xF9, 0x31, 0x9F, 0x51, 0x7D, 0xA9, 0xF5, 0xC5, 0x8C,
    0x42, 0xD9, 0x37, 0xC4, 0xE0, 0x2E, 0x19, 0x0B, 0x5F, 0xDE, 0x33, 0x01, 0xB3, 0x4E, 0x5B, 0xC7,
    0xFA, 0xCC, 0x9E, 0x3A, 0x39, 0x87, 0xC4, 0x59, 0x2F, 0x63, 0x1E, 0x8F, 0xB6, 0x36, 0xA9, 0x38,
    0x35, 0xA8, 0x4D, 0x72, 0xB6, 0x59, 0xDD, 0x6C, 0x58, 0xA8, 0x92, 0xEC, 0x22, 0x39, 0xB4, 0x2C,
    0x0C, 0x2D, 0x43, 0x1F, 0xD9, 0xE6, 0x6F, 0x68, 0x74, 0x8B, 0x9E, 0x0D, 0x3C, 0x4C, 0xA6, 0x87,
    0x4D, 0xAC, 0xF2, 0x11, 0x35, 0xE9, 0xCE, 0x62, 0x48, 0xE2, 0xAE, 0x90, 0x53, 0xE6, 0x7F, 0x83,
    0x1C, 0xFC, 0x13, 0x0E, 0xA2, 0x33, 0xD8, 0xCF, 0x63, 0xDD, 0x89, 0xE8, 0xBB, 0xB4, 0x87, 0xA3,
    0xF2, 0xE1, 0x30, 0x0F, 0x72, 0x86, 0xAC, 0x1C, 0xD8, 0x0F, 0x27, 0x3B, 0x82, 0xF3, 0x30, 0x65,
    0x98, 0x71, 0xD9, 0x00, 0xD6, 0xAC, 0xE2, 0x7E, 0xB5, 0xCC, 0xAC, 0xA7, 0x5F, 0x66, 0x97, 0xEE,
    0xD6, 0x42, 0x9C, 0x7B, 0xEC, 0xD4, 0x9E, 0x07, 0xAF, 0x1C, 0xFC, 0x28, 0x06, 0x6F, 0x9D, 0xBE,
    0x46, 0xED, 0xBA, 0xFB, 0xC1, 0x3F, 0xC6, 0x92, 0xAB, 0x9E, 0x29, 0xB9, 0x52, 0x6E, 0xF1, 0xC6,
    0x6C, 0xD5, 0xED, 0xD4, 0x8E, 0x77, 0x9F, 0x7A, 0xEB, 0x31, 0xF5, 0x16, 0x19, 0xDD, 0xE4, 0x95,
    0xED, 0xE0, 0xB8, 0x5A, 0x9F, 0x31, 0xB1, 0x0C, 0x38, 0xD8, 0x5D, 0x38, 0x80, 0xB5, 0xD3, 0xD7,
    0x9A, 0x58, 0x82, 0x45, 0x20, 0x07, 0x5B, 0x8B, 0xFF, 0x0F, 0x58, 0x66, 0x0F, 0xC0, 0xA3, 0xE8,
    0x78, 0x87, 0xCA, 0x7B, 0x0B, 0xCF, 0xF7, 0x58, 0x84, 0x63, 0x6A, 0x4C, 0x86, 0x33, 0x57, 0x3E,
    0xAA, 0x06, 0x7D, 0x6F, 0xEF, 0x06, 0x16, 0xE9, 0xE7, 0x37, 0xE4, 0x5F, 0x37, 0xB3, 0xAE, 0xAC,
    0x56, 0xCF, 0x6C, 0x48, 0x5C, 0x9D, 0xDE, 0xA0, 0x1C, 0xDD, 0x8D, 0x2C, 0x49, 0x53, 0x6F, 0x96,
    0x0C, 0xEE, 0xA0, 0x57, 0x74, 0xE2, 0xE1, 0x86, 0x06, 0x79, 0xB4, 0xF5, 0x64, 0x0C, 0x63, 0x9B,
    0x72, 0x14, 0x25, 0xEB, 0xC3, 0x20, 0xD5, 0x88, 0x2C, 0xDE, 0x67, 0x7E, 0xF3, 0xCE, 0x8B, 0xCB,
    0xA7, 0xE8, 0x0C, 0x9E, 0xC2, 0x8F, 0x9C, 0x74, 0x9A, 0xE4, 0xE4, 0x80, 0x64, 0x24, 0x39, 0x88,
    0xDD, 0x3E, 0x19, 0x44, 0x52, 0xB4, 0x6E, 0x44, 0x52, 0xE9, 0xD3, 0x63, 0x39, 0x39, 0x49, 0x8E,
    0xAA, 0x17, 0x33, 0x22, 0x64, 0x5E, 0xBB, 0x2C, 0xAA, 0x79, 0xFD, 0x7B, 0x1F, 0xC2, 0xF7, 0xAD,
    0x4B, 0x70, 0xA0, 0x26, 0xC1, 0x54, 0x4D, 0x2A, 0xDA, 0x96, 0x31, 0x58, 0x58, 0x86, 0x3F, 0x83,
    0x9B, 0x87, 0xD7, 0x72, 0xA8, 0x66, 0xD8, 0xD3, 0x1A, 0x2B, 0x28, 0x6C, 0xD0, 0xD8, 0xB8, 0xED,
    0x81, 0xD2, 0xDC, 0x91, 0x70, 0x3B, 0xA2, 0x6E, 0x75, 0x72, 0xB4, 0x42, 0x99, 0xA5, 0x43, 0xF4,
    0xE2, 0x49, 0x96, 0x76, 0x24, 0x78, 0xD8, 0x4D, 0xDD, 0xE0, 0x94, 0x0D, 0x23, 0x30, 0xDB, 0x73,
    0x74, 0xB7, 0xB5, 0xAF, 0x77, 0x69, 0x91, 0x60, 0x89, 0x2B, 0x34, 0xEE, 0xB1, 0x77, 0x87, 0x5F,
    0x42, 0xC3, 0x46, 0xAE, 0xAE, 0x16, 0xE3, 0x23, 0x4F, 0x29, 0xC4, 0x2C, 0xDA, 0xEA, 0x03, 0xAC,
    0x08, 0xC7, 0xE7, 0xC7, 0x19, 0xCC, 0xA4, 0x93, 0xCE, 0xD1, 0x53, 0xCB, 0xA7, 0x30, 0xA5, 0x76,
    0xEE, 0xB6, 0x16, 0x16, 0x9E, 0xCF, 0xB9, 0x23, 0xA2, 0x58, 0x35, 0xFB, 0x0A, 0x8D, 0xB9, 0x2B,
    0xA9, 0xA9, 0x31, 0x0D, 0x65, 0x68, 0x30, 0x75, 0xB8, 0xE7, 0xE9, 0x00, 0xD1, 0x9D, 0xD4, 0xBA,
    0x56, 0x06, 0x88, 0xE9, 0xB5, 0x9B, 0xF0, 0xFC, 0x97, 0x4D, 0x3C, 0xB3, 0x03, 0x75, 0xB1, 0x06,
    0xCF, 0x79, 0x6E, 0xCD, 0x49, 0x8E, 0x6F, 0x5D, 0x4C, 0x9C, 0xAD, 0x0B, 0x11, 0x4B, 0xE8, 0xB4,
    0x65, 0xA5, 0xA2, 0xEC, 0x4A, 0x2C, 0x8D, 0x6F, 0xC3, 0xDF, 0xED, 0x9B, 0xEC, 0xEA, 0x20, 0x0E,
    0xFA, 0x55, 0xCE, 0xBA, 0x7F, 0xA5, 0xA3, 0x71, 0xC1, 0xD5, 0x8F, 0xF2, 0x69, 0x96, 0x87, 0x28,
    0x69, 0x92, 0xAA, 0x62, 0x02, 0x66, 0x0B, 0x99, 0xE4, 0xF6, 0x87, 0x76, 0x70, 0x6F, 0x4F, 0x9E,
    0x95, 0x36, 0x38, 0x1D, 0x16, 0x8D, 0x3E, 0x84, 0xED, 0x92, 0x25, 0x2C, 0xC9, 0xCD, 0x76, 0x27,
    0x27, 0x3F, 0x58, 0x56, 0x33, 0x9A, 0x08, 0x85, 0xB5, 0xB5, 0x51, 0x86, 0x43, 0xD2, 0x5F, 0xA5,
    0xFD, 0x2B, 0x65, 0x69, 0x66, 0x3C, 0xAD, 0xE9, 0x30, 0x7A, 0x34, 0xCE, 0xDB, 0xC9, 0xB0, 0x10,
    0x79, 0x7C, 0x73, 0xC2, 0x43, 0x2D, 0xD8, 0xBA, 0xCF, 0x08, 0x09, 0x77, 0x3B, 0x12, 0x9C, 0xE2,
    0xDD, 0xB6, 0xD9, 0x07, 0x0A, 0x52, 0x27, 0x09, 0x54, 0x3F, 0x6B, 0x76, 0x86, 0xE5, 0x0A, 0x10,
    0x66, 0xF2, 0x31, 0xFD, 0xA1, 0x78, 0xA8, 0xC0, 0x06, 0x10, 0xFD, 0x1C, 0x07, 0xDA, 0x5A, 0x1B,
    0x54, 0x34, 0xDE, 0x29, 0x42, 0x82, 0xF6, 0xEF, 0x50, 0xBD, 0x31, 0x7D, 0x01, 0xF5, 0x04, 0x4A,
    0xFF, 0x8F, 0x9E, 0x97, 0x63, 0x76, 0x88, 0x2A, 0x6C, 0xF5, 0x4A, 0x35, 0xFC, 0xB4, 0xE1, 0x61,
    0x32, 0x9D, 0x15, 0x8D, 0x36, 0x65, 0xF5, 0x70, 0xF7, 0x0A, 0x37, 0xB3, 0xB2, 0x84, 0x70, 0x07,
    0xE2, 0x4D, 0x92, 0x23, 0x24, 0xBA, 0xF9, 0xED, 0x10, 0xC9, 0x14, 0xC9, 0x09, 0x92, 0x93, 0x20,
    0xDC, 0x34, 0x12, 0x73, 0xD3, 0xC8, 0xBB, 0x05, 0x6C, 0x99, 0x66, 0xC7, 0x46, 0x19, 0x8F, 0x7C,
    0x50, 0x2C, 0x6D, 0x1B, 0xEB, 0x36, 0xAA, 0x14, 0xC3, 0x62, 0xB0, 0x2D, 0x96, 0x6D, 0x15, 0x2D,
    0xAB, 0x31, 0x21, 0x2E, 0x1F, 0x43, 0xFB, 0x30, 0xAE, 0x49, 0x61, 0x17, 0xE9, 0x31, 0xF3, 0x54,
    0x91, 0x31, 0x26, 0x87, 0x47, 0x19, 0xE6, 0xC7, 0xE8, 0xB5, 0x37, 0x79, 0xAF, 0x72, 0x33, 0xE8,
    0x38, 0x5D, 0x1F, 0x7A, 0x76, 0x76, 0x42, 0xB9, 0x72, 0x99, 0x38, 0xD6, 0x58, 0xEA, 0x98, 0xEF,
    0x3E, 0xFA, 0xBD, 0x7E, 0xC9, 0xB4, 0xC9, 0xDF, 0x38, 0x6C, 0x4F, 0xD4, 0x32, 0x45, 0xA3, 0x38,
    0xED, 0x60, 0xED, 0xF2, 0x61, 0x1A, 0xFC, 0xA3, 0x8A, 0x55, 0x94, 0x9B, 0x2E, 0xE3, 0x91, 0x57,
    0x79, 0x7C, 0xC2, 0xAB, 0xDC, 0x43, 0xAC, 0x22, 0x37, 0xEE, 0xC8, 0x20, 0x91, 0xFE, 0xA8, 0x81,
    0x0E, 0x03, 0x05, 0x2C, 0x9C, 0xD7, 0x24, 0x94, 0x93, 0xDC, 0x4E, 0xE0, 0xDD, 0xEC, 0x1A, 0xE8,
    0xEC, 0xEB, 0x50, 0xA7, 0x4C, 0xE2, 0x1C, 0x77, 0x52, 0x21, 0x7D, 0x84, 0xBB, 0xA5, 0xFA, 0xD1,
    0xF8, 0x6E, 0xA9, 0x12, 0xBE, 0x9A, 0x55, 0x2B, 0x97, 0x6D, 0x10, 0x9D, 0x98, 0x1F, 0x64, 0x6E,
    0xA0, 0x7E, 0x83, 0xC4, 0x65, 0xC5, 0x34, 0x66, 0xF7, 0x32, 0x6B, 0x31, 0x7B, 0xE2, 0x54, 0xED,
    0xBF, 0x67, 0x2D, 0xE6, 0xAC, 0x38, 0xBE, 0x3B, 0x2B, 0xAE, 0xFF, 0xD2, 0x2C, 0x6B, 0x31, 0x03,
    0xD6, 0x62, 0x06, 0xE2, 0x33, 0xB7, 0xDD, 0x48, 0x32, 0xF2, 0x47, 0x64, 0x8F, 0x26, 0x35, 0x1A,
    0x9B, 0x8A, 0x28, 0x48, 0x82, 0xBB, 0x20, 0x98, 0xC1, 0x6F, 0x63, 0x2C, 0xB0, 0xA3, 0xF6, 0xCB,
    0xCE, 0x1D, 0xA5, 0x1A, 0x63, 0xEF, 0x37, 0x87, 0x76, 0xEB, 0xA3, 0xDE, 0xCB, 0xFB, 0x8C, 0x15,
    0xCD, 0x3A, 0x51, 0xE5, 0x73, 0xDC, 0x8E, 0x72, 0x9F, 0x35, 0xD5, 0xA5, 0x75, 0x0E, 0xD5, 0x36,
    0x2B, 0x22, 0x31, 0x5F, 0xB0, 0xF1, 0x11, 0x3F, 0x11, 0xB0, 0x0C, 0x20, 0xCD, 0x8C, 0x3B, 0x32,
    0xA7, 0xF7, 0xF7, 0x44, 0xF4, 0x47, 0x4D, 0x26, 0xB4, 0x95, 0xA8, 0x14, 0xDF, 0x88, 0x29, 0xD0,
    0xD6, 0x9B, 0x31, 0x15, 0x96, 0xF3, 0xB2, 0x3E, 0x97, 0x67, 0x00, 0xD3, 0x61, 0xD3, 0xCD, 0x98,
    0x6E, 0xCE, 0x8F, 0x19, 0x9D, 0xDF, 0xBA, 0x74, 0x9D, 0xD9, 0xAC, 0xA2, 0x60, 0xE7, 0xC4, 0x7A,
    0x90, 0x16, 0x67, 0x9F, 0x18, 0x9B, 0xC3, 0x07, 0xD1, 0xEE, 0x2B, 0xEC, 0xA6, 0x19, 0x91, 0x4F,
    0x64, 0x0D, 0x80, 0xA1, 0x92, 0xEE, 0xCF, 0xC2, 0xE2, 0x85, 0x6D, 0x1B, 0x4D, 0xEC, 0x5E, 0x2B,
    0x3D, 0xD2, 0x7A, 0x2B, 0x9F, 0xC7, 0x68, 0xDB, 0xBE, 0x95, 0x47, 0xFE, 0xD9, 0xC8, 0xC8, 0x1A,
    0x9E, 0xE4, 0x65, 0xD6, 0x30, 0xC2, 0x2C, 0xF9, 0xD1, 0xB1, 0x6E, 0xF8, 0xE3, 0xBC, 0xF1, 0xDF,
    0x45, 0xF2, 0xA4, 0x29, 0x31, 0x53, 0xBE, 0xB3, 0xDB, 0x0E, 0x56, 0xE8, 0x88, 0xE1, 0xB8, 0x32,
    0xF5, 0xFC, 0x08, 0xBE, 0xFE, 0xC4, 0x49, 0xA6, 0x9D, 0x64, 0xCE, 0x79, 0x27, 0x93, 0xE1, 0xAE,
    0x8A, 0x5D, 0x16, 0xF8, 0x59, 0xCF, 0xE9, 0x88, 0x12, 0x3C, 0x90, 0xDB, 0xE1, 0xC2, 0x6C, 0x32,
    0x69, 0x1E, 0x72, 0xCA, 0x94, 0x75, 0x34, 0x35, 0xE6, 0xEE, 0xE8, 0xBC, 0x7C, 0xEA, 0xC2, 0x85,
    0x8B, 0x79, 0x08, 0x92, 0xD5, 0x09, 0x5B, 0xEA, 0x65, 0x05, 0x19, 0x6B, 0x91, 0xA4, 0x66, 0xC2,
    0x9F, 0xA2, 0xBB, 0x3C, 0x9E, 0x78, 0xB5, 0xAC, 0x6A, 0x89, 0x2A, 0x97, 0xD2, 0x39, 0x3A, 0xC4,
    0x1D, 0xB5, 0x76, 0x4D, 0x6B, 0xA1, 0x19, 0x16, 0x9D, 0x25, 0x59, 0x5F, 0x92, 0xBC, 0x0E, 0xA5,
    0x73, 0x43, 0x06, 0x53, 0x27, 0x35, 0x5A, 0x8E, 0x15, 0x86, 0x08, 0xF4, 0x9B, 0x3F, 0x1E, 0xE3,
    0x30, 0xFD, 0x67, 0xB3, 0xCA, 0x8B, 0xB9, 0x67, 0xA5, 0x63, 0x65, 0x47, 0xF7, 0x31, 0x70, 0x83,
    0x94, 0xEB, 0x65, 0x6F, 0xFC, 0x07, 0x4B, 0x2B, 0x26, 0x7E, 0xC5, 0x10, 0xB2, 0x7F, 0x45, 0xF3,
    0x27, 0x57, 0x35, 0xEF, 0x16, 0x65, 0xB2, 0xC3, 0xCF, 0x43, 0x47, 0xC8, 0x52, 0x81, 0x65, 0x0A,
    0x9E, 0xCD, 0xE5, 0x20, 0xE1, 0xDD, 0xA3, 0xD9, 0x69, 0x6E, 0x4A, 0x35, 0x67, 0xBC, 0xB1, 0x6F,
    0xBF, 0xD8, 0xDD, 0x5E, 0x8A, 0xA3, 0xE5, 0xDE, 0xD5, 0xDF, 0x95, 0x59, 0x59, 0x83, 0x2C, 0x71,
    0x0B, 0xB6, 0x7A, 0x64, 0x84, 0xC6, 0x7E, 0x59, 0xD6, 0xD7, 0x60, 0x50, 0xAF, 0x37, 0x18, 0x4F,
    0x34, 0x08, 0xB8, 0xB1, 0xAC, 0x95, 0xDF, 0x35, 0xC0, 0xFD, 0x41, 0x97, 0xC1, 0x45, 0xC1, 0xFB,
    0xC3, 0xF1, 0x80, 0x91, 0xEA, 0xCF, 0xE7, 0x73, 0x4E, 0x76, 0x14, 0x6B, 0x54, 0x89, 0xF8, 0xC1,
    0x26, 0x19, 0xCD, 0xD9, 0x8A, 0xEC, 0x6F, 0x67, 0xCA, 0x72, 0x5D, 0xC3, 0x75, 0xE5, 0x1B, 0x54,
    0xBD, 0xC9, 0x9A, 0x1F, 0x35, 0x3A, 0x1A, 0xE2, 0xB7, 0xB5, 0xBA, 0xCF, 0x19, 0xD6, 0xE0, 0x7D,
    0xD4, 0x7B, 0xD5, 0x5B, 0x5D, 0x53, 0x88, 0xF2, 0x80, 0x3B, 0x46, 0xD4, 0xD1, 0x5C, 0x1E, 0x0A,
    0x91, 0x9D, 0x9E, 0xF8, 0xA5, 0xF8, 0x9E, 0x80, 0x76, 0x5D, 0xAC, 0x0E, 0x96, 0x68, 0x6D, 0x66,
    0x62, 0xB6, 0xF7, 0xFE, 0x94, 0x1E, 0x13, 0x94, 0x7E, 0xC2, 0x54, 0x58, 0xB4, 0xF6, 0x78, 0xB7,
    0x81, 0xBB, 0x49, 0x5B, 0xBC, 0xB7, 0xC1, 0x69, 0xE3, 0x85, 0xE1, 0x7B, 0xDC, 0xCB, 0x72, 0x5F,
    0x03, 0xDF, 0x5C, 0x58, 0x58, 0x30, 0x3B, 0x25, 0xF7, 0x36, 0xF0, 0x9D, 0x06, 0x48, 0xC8, 0xD0,
    0xBF, 0x70, 0xE9, 0xAE, 0xB5, 0x83, 0x0F, 0x34, 0xDB, 0x0F, 0x3A, 0xE8, 0xFB, 0x99, 0xED, 0x5D,
    0x3D, 0x8C, 0x22, 0x3F, 0x03, 0xFF, 0x14, 0xF7, 0x3D, 0xC6, 0x2D, 0x8F, 0x4B, 0x7E, 0x74, 0x39,
    0x88, 0xE7, 0x0F, 0x4E, 0xF8, 0x26, 0xBB, 0xDA, 0x42, 0xA1, 0x6E, 0x8F, 0x3F, 0xB1, 0x1B, 0xF5,
    0xB1, 0xED, 0x71, 0xB7, 0x70, 0x5B, 0x6B, 0x6C, 0xA3, 0xF3, 0x23, 0xDB, 0x9F, 0x84, 0xE1, 0xE2,
    0x2E, 0xFE, 0xF7, 0x3A, 0x03, 0x36, 0x7B, 0xDC, 0xDF, 0xA2, 0xE4, 0xE4, 0x8C, 0x1F, 0x77, 0x01,
    0x3C, 0xE6, 0x27, 0x8D, 0xC2, 0x23, 0x79, 0xE2, 0x03, 0x2C, 0x7A, 0x0D, 0xF5, 0x3B, 0xEF, 0xB8,
    0xAE, 0xAC, 0x3A, 0xB5, 0x9F, 0x7D, 0xEC, 0x5F, 0x60, 0xE0, 0xBE, 0x0C, 0x54, 0x7E, 0x5A, 0x64,
    0x16, 0xA7, 0x56, 0xBF, 0x02, 0x0D, 0x8D, 0x61, 0xC4, 0xF1, 0x23, 0x5E, 0xE8, 0x80, 0xA0, 0x9C,
    0xD5, 0x75, 0x72, 0x7C, 0xB0, 0xB9, 0xFB, 0x71, 0x6D, 0xD3, 0xF7, 0x5F, 0xC8, 0x15, 0x9D, 0xB9,
    0x9F, 0x99, 0xDC, 0x15, 0xBF, 0x97, 0x9D, 0x63, 0x0F, 0xED, 0xBB, 0x9A, 0xFA, 0x91, 0x09, 0x1F,
    0x7B, 0x65, 0xE4, 0xD0, 0x29, 0x67, 0x4E, 0x5B, 0x74, 0xAF, 0xAD, 0x3C, 0xFF, 0xA9, 0xE6, 0xAC,
    0xAA, 0x31, 0x84, 0x79, 0xB3, 0xD2, 0xA3, 0x9F, 0x25, 0xF3, 0xF5, 0x5C, 0x97, 0x8D, 0x47, 0x3B,
    0x3F, 0xE6, 0x5E, 0xFE, 0xB2, 0x6D, 0x66, 0xA7, 0x0B, 0x4C, 0xB8, 0x4D, 0xF2, 0xB4, 0x1B, 0x6D,
    0x47, 0xCD, 0x0F, 0xBC, 0xB1, 0x6D, 0x18, 0x70, 0xE5, 0x57, 0xEE, 0x01, 0x0D, 0x02, 0xE6, 0xCC,
    0x0D, 0x89, 0xEC, 0x44, 0x2C, 0x75, 0x15, 0xBF, 0xF0, 0xDE, 0x29, 0xB9, 0xE3, 0x29, 0x3B, 0x93,
    0xB8, 0x0C, 0x44, 0x3D, 0xC3, 0x68, 0x72, 0xF8, 0xDA, 0x60, 0x1B, 0x89, 0x5F, 0xF4, 0x9C, 0x9B,
    0xCB, 0x4C, 0x40, 0xE7, 0x07, 0x30, 0x80, 0x83, 0x5B, 0xAB, 0xFC, 0x86, 0x97, 0x5C, 0xB6, 0xFD,
    0x31, 0xA5, 0x90, 0x11, 0x22, 0x73, 0xFF, 0x1A, 0xA3, 0xBE, 0x5C, 0xDB, 0xA3, 0xBB, 0xFD, 0xA2,
    0x8F, 0xF6, 0x58, 0xD6, 0xB9, 0x31, 0x9E, 0x75, 0x4E, 0x47, 0x59, 0xE7, 0x79, 0x0D, 0x9A, 0xE4,
    0x0D, 0xF5, 0x9A, 0x68, 0xC2, 0x5C, 0x6E, 0x76, 0x97, 0xE3, 0xEA, 0xFC, 0x2D, 0x51, 0xC6, 0x6C,
    0xFD, 0x6A, 0x4A, 0x96, 0x2B, 0x9B, 0xF8, 0xAA, 0xC9, 0xC6, 0xD4, 0xC6, 0x22, 0x56, 0xA6, 0x9A,
    0xA6, 0x3D, 0xFA, 0x06, 0x0E, 0xC3, 0x68, 0x9B, 0x83, 0xAF, 0x0E, 0xBC, 0x77, 0x1E, 0x3A, 0xC3,
    0xD3, 0x31, 0x0F, 0xDD, 0x94, 0x86, 0x46, 0x51, 0x66, 0xCB, 0xF0, 0xBB, 0x5F, 0xF6, 0x4F, 0x97,
    0xF7, 0x5A, 0x33, 0xD3, 0xFA, 0xC4, 0x88, 0x71, 0xD3, 0xA0, 0x88, 0x1C, 0x2D, 0x34, 0x04, 0x62,
    0x60, 0x19, 0x47, 0xA8, 0x71, 0x9B, 0x4A, 0x72, 0x5C, 0x9D, 0x5A, 0x0D, 0xC9, 0xE4, 0xFA, 0xA4,
    0x7D, 0x0E, 0xEA, 0xA9, 0xD6, 0xB7, 0x22, 0x29, 0xCD, 0xB6, 0xE6, 0x59, 0x45, 0xFE, 0x59, 0x43,
    0xC5, 0x57, 0xDA, 0xEA, 0xA5, 0x75, 0xF5, 0x86, 0x0D, 0xBD, 0x1D, 0x67, 0x23, 0xE7, 0x64, 0xF1,
    0x9B, 0x20, 0xDB, 0x44, 0xB2, 0xC3, 0xBD, 0x5B, 0x41, 0x0E, 0x58, 0x9B, 0x9E, 0x53, 0x1D, 0x28,
    0x37, 0x13, 0x79, 0xA2, 0xF5, 0xD7, 0xCC, 0x8D, 0x1B, 0x10, 0xF0, 0x17, 0x89, 0xC6, 0x0D, 0x1D,
    0xC2, 0x15, 0x5C, 0xB0, 0x71, 0xD5, 0x7C, 0xEA, 0xFF, 0x01, 0xCD, 0x5A, 0x3D, 0x6C, 0x1C, 0x55,
    0x10, 0x9E, 0xDD, 0xE7, 0x64, 0xED, 0x5B, 0xC7, 0x1B, 0x50, 0x8A, 0x83, 0xD8, 0x3E, 0x83, 0x12,
    0x29, 0x91, 0x1C, 0x5F, 0x0A, 0x0B, 0x19, 0x71, 0xE7, 0x5D, 0x29, 0x12, 0x14, 0x14, 0xA4, 0x20,
    0x4A, 0x05, 0x42, 0x48, 0x14, 0x91, 0x10, 0x71, 0xE1, 0x22, 0x85, 0xED, 0xDB, 0x40, 0x11, 0x44,
    0x24, 0x48, 0x45, 0x91, 0x06, 0x97, 0xC8, 0x05, 0x71, 0x61, 0xA1, 0x14, 0x4E, 0xBC, 0x52, 0x4A,
    0x9A, 0x93, 0x22, 0x04, 0x52, 0x8A, 0x2C, 0x01, 0x41, 0x14, 0x51, 0xAC, 0x92, 0x23, 0xDA, 0x44,
    0x77, 0x5E, 0xBE, 0x99, 0xB7, 0xE7, 0xB3, 0xF3, 0x6B, 0xDF, 0x9D, 0xEF, 0x6E, 0xBD, 0x3B, 0x3E,
    0xFB, 0xED, 0xBE, 0x37, 0xDF, 0xCC, 0xBC, 0x99, 0xEF, 0xBD, 0x3D, 0x22, 0x7D, 0x18, 0x22, 0x6D,
    0x9F, 0xA5, 0x13, 0xB0, 0xCC, 0x89, 0x7C, 0x27, 0x64, 0xF9, 0x56, 0xC4, 0x72, 0x59, 0x64, 0x18,
    0xB3, 0x0C, 0x56, 0x21, 0xCC, 0xA0, 0x00, 0xA9, 0xFC, 0x69, 0x48, 0xEB, 0x54, 0x89, 0x1F, 0x4D,
    0x12, 0xC8, 0x7D, 0xE4, 0xA0, 0xA3, 0x71, 0xB2, 0xD1, 0x45, 0x81, 0x14, 0xE4, 0x0A, 0x29, 0x74,
    0x14, 0x91, 0xC2, 0x59, 0x25, 0xAB, 0x4A, 0x6E, 0xE2, 0x97, 0x92, 0x80, 0xB6, 0x1C, 0x03, 0x22,
    0x5D, 0xAF, 0x21, 0x87, 0x74, 0x83, 0x59, 0xA3, 0xD1, 0x35, 0x3A, 0xE7, 0x50, 0xC5, 0xC1, 0x10,
    0x72, 0xAE, 0x51, 0xEE, 0x07, 0x5A, 0x75, 0x28, 0x76, 0xA8, 0xEA, 0x7E, 0x58, 0xBA, 0x55, 0x19,
    0x30, 0xF8, 0x09, 0x53, 0x86, 0x30, 0x59, 0x69, 0xBB, 0xCC, 0x8F, 0x16, 0x44, 0xE7, 0x57, 0x44,
    0x2A, 0xBF, 0x81, 0xB4, 0x9B, 0x78, 0xA1, 0xE4, 0x50, 0x81, 0xFA, 0x0A, 0x7C, 0x03, 0x6D, 0xB2,
    0xC1, 0xF6, 0x61, 0xD2, 0x98, 0x60, 0xA8, 0x32, 0x84, 0x0B, 0xAC, 0x71, 0xBE, 0xC2, 0xFF, 0x88,
    0x45, 0x49, 0x3F, 0xD3, 0x13, 0x0E, 0x5D, 0xE1, 0x66, 0xA3, 0x4C, 0x5F, 0xFA, 0xEA, 0x3E, 0xD9,
    0x31, 0x0D, 0x1D, 0xA3, 0x23, 0xD6, 0x4E, 0x60, 0x0A, 0x46, 0xAA, 0x09, 0x84, 0xFC, 0xD9, 0xA8,
    0xC7, 0x00, 0xA2, 0xE7, 0xAB, 0x7C, 0x2F, 0x0D, 0x8E, 0xD1, 0x9E, 0x2A, 0x99, 0xEB, 0xA4, 0x2E,
    0x7A, 0x19, 0x43, 0x6E, 0x58, 0xF3, 0xAC, 0x2B, 0xC1, 0xA8, 0x0A, 0x8A, 0xE8, 0x48, 0x9F, 0xF9,
    0xC0, 0xFA, 0x27, 0xC8, 0xAB, 0x60, 0x5A, 0x05, 0xAE, 0xF3, 0x6B, 0xEE, 0x61, 0xCD, 0xF4, 0x4E,
    0xB2, 0x0A, 0xA2, 0xEB, 0xC8, 0x39, 0x06, 0xF2, 0xF5, 0x55, 0x0E, 0xFB, 0xFB, 0xDC, 0x41, 0x7C,
    0xCD, 0xEF, 0x19, 0x3F, 0xBA, 0x65, 0x9A, 0x41, 0x5B, 0x99, 0x2E, 0x92, 0xFA, 0x83, 0xEC, 0x0A,
    0x8D, 0x8C, 0xD3, 0x64, 0x66, 0x87, 0xE1, 0x2A, 0x87, 0x92, 0xEE, 0x6A, 0x2C, 0x13, 0x56, 0xD5,
    0xF0, 0x37, 0x41, 0xCB, 0xF7, 0x98, 0x7F, 0x3D, 0xF3, 0xFB, 0xC0, 0x49, 0xE8, 0xED, 0x1F, 0x69,
    0xBF, 0xCF, 0x13, 0xD6, 0x42, 0x00, 0x8F, 0xEC, 0x30, 0x80, 0xD3, 0xA3, 0x37, 0x01, 0xBE, 0x30,
    0xE5, 0x5E, 0x22, 0x03, 0x4F, 0xC5, 0x64, 0x0F, 0xD3, 0x3E, 0x9B, 0xB2, 0x66, 0xD3, 0x49, 0x98,
    0xB2, 0x32, 0xC0, 0x75, 0xF1, 0xFF, 0x5F, 0x0C, 0xFA, 0xFC, 0x5E, 0x96, 0xE1, 0x84, 0xCC, 0x93,
    0xAA, 0xA0, 0x0E, 0x7B, 0xC1, 0x1A, 0xC7, 0x64, 0x32, 0xCF, 0x12, 0x2D, 0xD2, 0xE4, 0x57, 0x74,
    0x2C, 0x47, 0x4E, 0x95, 0x8C, 0xC5, 0x1D, 0x01, 0xFF, 0x64, 0x23, 0x29, 0xC3, 0xDD, 0xF2, 0xD9,
    0xEF, 0x4D, 0xB0, 0x40, 0x60, 0x7B, 0x72, 0x67, 0x40, 0xC7, 0x4F, 0x34, 0x07, 0xF6, 0xA0, 0x74,
    0x37, 0x25, 0x4A, 0xBE, 0xC9, 0xD2, 0xB8, 0xF0, 0x2E, 0xCB, 0x3B, 0xBD, 0x06, 0x16, 0xA5, 0x67,
    0x10, 0x7D, 0x55, 0x08, 0xB9, 0x79, 0xB2, 0x49, 0xB0, 0x2F, 0xCC, 0x60, 0x3D, 0xEA, 0x65, 0xCF,
    0x3C, 0xED, 0xA7, 0x19, 0x8C, 0x68, 0x52, 0x35, 0x05, 0xBC, 0x57, 0x03, 0xF8, 0x05, 0xB9, 0xAB,
    0xDF, 0xA4, 0x61, 0x8B, 0x9C, 0x75, 0x4E, 0x5F, 0x2D, 0xB0, 0x47, 0xDC, 0x93, 0x24, 0x65, 0x2B,
    0xA2, 0x10, 0x9A, 0xCC, 0xE0, 0x1A, 0x63, 0x8D, 0x1A, 0x57, 0x86, 0xD4, 0x7F, 0x1F, 0x93, 0x4A,
    0xD6, 0xF5, 0xE7, 0x70, 0x2F, 0x6D, 0x6D, 0xA7, 0x61, 0x5C, 0x53, 0x56, 0x64, 0x54, 0xD0, 0x4F,
    0xD4, 0xA0, 0x78, 0xA9, 0xBD, 0xF8, 0xB2, 0x74, 0x60, 0x25, 0x81, 0xE5, 0x45, 0x43, 0xB4, 0x32,
    0xB1, 0x14, 0x4F, 0x2F, 0x2D, 0x16, 0x24, 0x0D, 0xE1, 0x84, 0x91, 0xF2, 0x7E, 0xBF, 0xF3, 0x68,
    0x45, 0x25, 0x65, 0x3A, 0x5A, 0x7F, 0xBE, 0x48, 0x54, 0x12, 0xC9, 0xEC, 0x96, 0xB9, 0x2D, 0x33,
    0x5B, 0xE6, 0xB5, 0x69, 0x94, 0xB6, 0x5D, 0xE9, 0x05, 0x32, 0x7E, 0xF3, 0xE9, 0x7D, 0x9F, 0x46,
    0x89, 0x86, 0x37, 0x19, 0x7F, 0x27, 0x5A, 0x2B, 0x8F, 0xF2, 0xEB, 0x3A, 0x7E, 0x74, 0xC9, 0xDF,
    0x05, 0xDB, 0x1E, 0xA0, 0x33, 0xCB, 0x26, 0x3A, 0x5D, 0xF2, 0xFA, 0x77, 0xA8, 0xE0, 0x25, 0x9A,
    0x80, 0xD3, 0x93, 0xDB, 0xBE, 0xBA, 0x53, 0xA1, 0x0C, 0x1D, 0xD9, 0x3D, 0xE7, 0x73, 0xE4, 0xB1,
    0x1D, 0x11, 0xEA, 0x94, 0x9D, 0x84, 0x1B, 0x31, 0x31, 0x11, 0xFF, 0xE6, 0x0D, 0x50, 0x44, 0x2A,
    0xD7, 0xD5, 0x46, 0x5C, 0x60, 0x7D, 0x80, 0x29, 0x00, 0xCD, 0x09, 0xAA, 0xB3, 0xD6, 0x1B, 0x17,
    0x4F, 0x1D, 0xE8, 0x4F, 0x00, 0x40, 0x8C, 0x80, 0x21, 0xB0, 0xC6, 0x25, 0x10, 0x34, 0xFB, 0x36,
    0x22, 0xFE, 0x1A, 0xEE, 0x28, 0x9B, 0x12, 0x0C, 0xF9, 0x24, 0xA9, 0xA0, 0x1A, 0x4D, 0x51, 0x0C,
    0xCF, 0xC5, 0xD4, 0x4F, 0x3C, 0x21, 0x36, 0x2E, 0xD3, 0xA7, 0xDA, 0x69, 0x9F, 0x92, 0xC4, 0x97,
    0xCF, 0x31, 0x72, 0xD9, 0x96, 0x76, 0xB2, 0x70, 0x0D, 0xE1, 0xF9, 0x79, 0xF4, 0x53, 0x4D, 0x01,
    0x68, 0x1B, 0x62, 0x9A, 0xD9, 0x59, 0x32, 0x8B, 0xAC, 0x3D, 0x94, 0x4F, 0x75, 0xDF, 0xAE, 0xC1,
    0x73, 0x88, 0x81, 0xD9, 0x90, 0x9C, 0x4F, 0x43, 0x2A, 0xDD, 0xF2, 0xCC, 0xFF, 0x1E, 0x93, 0xE9,
    0x65, 0x77, 0xCD, 0xE8, 0xC8, 0x1D, 0x19, 0x94, 0xF6, 0x39, 0xCA, 0x86, 0x6C, 0xEF, 0x66, 0x14,
    0x4E, 0x33, 0x3F, 0xE7, 0xFD, 0x04, 0x55, 0xE4, 0x03, 0x18, 0xD7, 0x0D, 0xC9, 0xA8, 0xAC, 0x42,
    0xF1, 0x81, 0x5D, 0x52, 0xBC, 0x8F, 0x0E, 0xCF, 0x1A, 0x49, 0xA8, 0x2E, 0xFB, 0xCC, 0xA0, 0xA6,
    0xC5, 0xD2, 0x37, 0xA1, 0xF8, 0xA5, 0x1D, 0x2A, 0x6E, 0x05, 0x9A, 0x79, 0xC6, 0xF3, 0x69, 0x2E,
    0xEF, 0x50, 0x5E, 0x1B, 0x14, 0x75, 0x4A, 0x1E, 0x3D, 0x08, 0x8C, 0xA0, 0x6C, 0xEA, 0xB5, 0x5C,
    0x53, 0x99, 0xCE, 0x04, 0x0B, 0xFD, 0x82, 0x8C, 0xA2, 0xAC, 0xB8, 0xF6, 0x4B, 0xAE, 0x4F, 0x02,
    0x14, 0x05, 0x10, 0xD4, 0xED, 0x9F, 0xB8, 0x5F, 0x97, 0x8F, 0x83, 0xFE, 0x64, 0xF4, 0x46, 0xA4,
    0x02, 0x4B, 0x0F, 0xE2, 0xDB, 0x81, 0x1B, 0x38, 0x81, 0xFD, 0xC4, 0x8F, 0x5B, 0xA1, 0x56, 0x07,
    0xD2, 0x99, 0x05, 0xCA, 0xE3, 0xA4, 0x10, 0xA5, 0x0D, 0xA3, 0xF8, 0xDB, 0x18, 0x13, 0xA5, 0x50,
    0xDF, 0x79, 0x8A, 0xA7, 0x0A, 0xB3, 0x8C, 0x47, 0x58, 0x4E, 0x62, 0x76, 0x3B, 0x65, 0x14, 0x49,
    0x15, 0xE5, 0x98, 0x61, 0x72, 0x16, 0xA8, 0xCD, 0x33, 0xAF, 0xE6, 0xB2, 0xEA, 0x8A, 0xA8, 0xD6,
    0xA9, 0x89, 0xCB, 0x64, 0xDB, 0xE5, 0xEA, 0x3A, 0xED, 0x42, 0xCC, 0xE5, 0xD1, 0xD9, 0x2A, 0xFB,
    0x25, 0x52, 0xB2, 0x8E, 0x5B, 0xA7, 0xBC, 0xA7, 0x7B, 0xA6, 0x33, 0x1B, 0xFE, 0x3B, 0xC4, 0xE2,
    0x9A, 0xAC, 0xB7, 0x85, 0xD6, 0xA5, 0x9B, 0x42, 0x70, 0x88, 0x6D, 0xC4, 0xC8, 0x57, 0xF3, 0x70,
    0x54, 0x1E, 0x0B, 0xDE, 0x9C, 0x17, 0x43, 0xC3, 0xF4, 0xF2, 0xAA, 0xC8, 0x68, 0x0B, 0x34, 0x81,
    0x0E, 0xA7, 0xC8, 0x7E, 0x8C, 0xF8, 0xF8, 0x6C, 0x53, 0x85, 0x28, 0x92, 0x78, 0x50, 0x7E, 0x6B,
    0x3A, 0xFC, 0x27, 0x1B, 0xE6, 0x22, 0x8B, 0x11, 0xFE, 0x53, 0x12, 0x75, 0xA7, 0x60, 0x2E, 0x90,
    0x14, 0x32, 0xAE, 0x64, 0xF5, 0x14, 0xBC, 0xF9, 0x68, 0x12, 0x29, 0x13, 0xC0, 0xA2, 0x8D, 0x3F,
    0x93, 0x9F, 0x3C, 0xB2, 0x6E, 0x46, 0xCC, 0x65, 0x0E, 0x51, 0x87, 0x9D, 0x37, 0x9A, 0x1A, 0x19,
    0x4E, 0xCB, 0xCE, 0xE0, 0xA3, 0xF7, 0x54, 0x55, 0x69, 0x0A, 0x1D, 0x47, 0xAB, 0xAA, 0x30, 0xF3,
    0x5B, 0xE0, 0x88, 0x56, 0x77, 0x80, 0x4E, 0x97, 0xC7, 0x0E, 0xA2, 0x2B, 0xA4, 0xD8, 0x98, 0xD9,
    0x59, 0xB0, 0xAC, 0xC9, 0x5D, 0x03, 0x9D, 0xBA, 0xE1, 0xA3, 0x40, 0x05, 0xAD, 0xF8, 0x2E, 0xCF,
    0x45, 0xF2, 0x01, 0xBA, 0x28, 0xBE, 0x07, 0x91, 0x7C, 0x8B, 0x01, 0x6E, 0xDE, 0xED, 0x86, 0x03,
    0x91, 0x33, 0xC8, 0x1A, 0xD5, 0x60, 0xB3, 0xCB, 0xCF, 0xA4, 0x05, 0xAD, 0x4C, 0x44, 0x78, 0xCC,
    0xE4, 0x4C, 0x6D, 0xB3, 0x17, 0xFB, 0x65, 0x36, 0xA2, 0xE6, 0x03, 0x6C, 0xC8, 0x14, 0xBA, 0xA3,
    0x60, 0xFB, 0x08, 0x65, 0x0D, 0x60, 0x42, 0x52, 0x97, 0x3D, 0xBD, 0x37, 0x50, 0xA4, 0x76, 0x82,
    0x9D, 0xA8, 0xA3, 0x93, 0x68, 0x1D, 0xE8, 0x74, 0xB4, 0x3E, 0x3B, 0x91, 0x0E, 0xA6, 0xBC, 0xAD,
    0xA4, 0xE3, 0xCD, 0x0C, 0xCA, 0x28, 0x97, 0x27, 0xDB, 0x9C, 0x60, 0xF5, 0x52, 0x54, 0x45, 0xBA,
    0x84, 0xD4, 0xD3, 0x02, 0xD1, 0x71, 0x32, 0x61, 0xD5, 0x53, 0x1E, 0x5A, 0x72, 0x49, 0x0D, 0x4B,
    0x9B, 0x1A, 0x95, 0xFE, 0x0E, 0x50, 0xC3, 0xED, 0xC4, 0x03, 0x16, 0x55, 0x91, 0xD4, 0x8C, 0x05,
    0x96, 0xA8, 0xBD, 0x20, 0x99, 0x92, 0xD5, 0x77, 0x49, 0x8C, 0x41, 0x62, 0x0D, 0xC1, 0xE2, 0xCA,
    0x2E, 0x8E, 0x2B, 0x43, 0x4E, 0xCB, 0xFD, 0x73, 0xB2, 0xE8, 0x83, 0x8E, 0x65, 0x29, 0x7D, 0x15,
    0x36, 0x0A, 0x6E, 0xCA, 0x79, 0xA9, 0xC1, 0x53, 0xBB, 0x18, 0x91, 0x26, 0x0F, 0xBC, 0xBC, 0x63,
    0x06, 0x3C, 0x0E, 0x5D, 0x85, 0x75, 0x18, 0x11, 0xF0, 0x2F, 0xDA, 0x46, 0x12, 0x8C, 0x63, 0xD4,
    0x6D, 0xE3, 0xD7, 0x4B, 0x1D, 0xBD, 0xBD, 0x6F, 0x6A, 0x0A, 0x72, 0x4E, 0xE4, 0x60, 0xD7, 0xB1,
    0x32, 0xDD, 0xE2, 0x06, 0x86, 0xCC, 0x1B, 0xE0, 0x82, 0xB5, 0xBF, 0x05, 0xAC, 0xA2, 0xA5, 0xAE,
    0x5C, 0x28, 0x9D, 0x22, 0x75, 0xE5, 0xEA, 0xEF, 0xBE, 0x5F, 0xD1, 0x9D, 0xF9, 0x0B, 0xFE, 0xC7,
    0x84, 0x78, 0x42, 0x27, 0x1A, 0x1D, 0x87, 0xAD, 0xE0, 0x4D, 0x8F, 0x61, 0x99, 0x1C, 0x6C, 0x45,
    0x59, 0xE5, 0xF0, 0x5A, 0xBF, 0xEB, 0x78, 0x99, 0xB0, 0x9C, 0x99, 0x95, 0x39, 0xAB, 0x96, 0xCE,
    0xFB, 0x7D, 0xED, 0xC0, 0xD9, 0x03, 0xA8, 0x36, 0xE5, 0x2D, 0x9D, 0xB8, 0x74, 0xE6, 0x4A, 0x39,
    0x60, 0x9B, 0xFC, 0xB9, 0x25, 0x57, 0xA5, 0xBB, 0x68, 0x2A, 0x09, 0xEC, 0x88, 0xC7, 0xE4, 0xFE,
    0x0B, 0xA2, 0xDE, 0x8B, 0xE5, 0xD4, 0xB3, 0x64, 0x58, 0x97, 0x93, 0x92, 0xFD, 0x96, 0xC9, 0x10,
    0xC2, 0x0D, 0x10, 0xBC, 0x91, 0xE4, 0x96, 0x73, 0x9C, 0x2B, 0x34, 0xDE, 0xD7, 0xBC, 0xA7, 0x36,
    0x8F, 0x36, 0x6D, 0x21, 0x8D, 0xA6, 0x2D, 0xF9, 0xE0, 0x4A, 0x90, 0xF7, 0xCF, 0x82, 0x84, 0x5B,
    0xCF, 0xBF, 0x40, 0xE0, 0xAD, 0xA8, 0xF4, 0xBB, 0x99, 0xDC, 0xBA, 0x4B, 0x87, 0xF7, 0x34, 0xBA,
    0x65, 0xE6, 0xCE, 0x25, 0x42, 0xB8, 0xFE, 0x53, 0x5B, 0xA4, 0xE9, 0x96, 0x8F, 0x49, 0x5D, 0xB7,
    0x02, 0x2F, 0xC2, 0x7F, 0x46, 0xFB, 0xAB, 0xA1, 0xD6, 0xD5, 0xDE, 0x4A, 0x87, 0x9B, 0xB4, 0x81,
    0x0E, 0xA2, 0x6A, 0x9A, 0x98, 0xC7, 0x64, 0x67, 0xAA, 0x2A, 0xB6, 0x5E, 0xD5, 0x21, 0x25, 0x78,
    0xC3, 0x96, 0xF0, 0x86, 0x0D, 0xC9, 0xC9, 0x7F, 0x12, 0x0B, 0x71, 0xC6, 0xCB, 0xE3, 0x84, 0xEC,
    0x50, 0xC6, 0x9B, 0x0B, 0x73, 0x92, 0x39, 0x04, 0xEF, 0xEB, 0x5E, 0x9D, 0x48, 0xCA, 0xC6, 0x86,
    0xA4, 0x66, 0x15, 0x64, 0xE0, 0x0C, 0xAE, 0xDF, 0x7D, 0x88, 0x5C, 0xB6, 0x0D, 0x43, 0x8E, 0x89,
    0x31, 0x13, 0x83, 0x7B, 0x99, 0x00, 0x76, 0x62, 0xF0, 0x24, 0xE8, 0x53, 0xF8, 0x7A, 0xFF, 0x5F,
    0x6F, 0x3B, 0xCE, 0xC9, 0x3B, 0x5A, 0x47, 0xF4, 0x32, 0xBD, 0x6E, 0xE3, 0x37, 0xA2, 0x3A, 0x7C,
    0x6D, 0x88, 0x51, 0x30, 0x79, 0xC6, 0xEC, 0x91, 0xD1, 0x46, 0xFC, 0x4F, 0xC4, 0xFB, 0x98, 0xC4,
    0x7B, 0x55, 0xE2, 0xBD, 0xDB, 0xFE, 0xE7, 0x78, 0x97, 0x80, 0x97, 0x88, 0xD7, 0xD3, 0xD3, 0xA6,
    0xCC, 0xC6, 0x3A, 0xA0, 0x7D, 0x46, 0x78, 0xE2, 0x55, 0xC1, 0x98, 0xBC, 0x2A, 0xA8, 0x4A, 0x1E,
    0xED, 0xFA, 0x24, 0xE0, 0xC4, 0x93, 0xF9, 0x88, 0x53, 0x71, 0x0C, 0xE8, 0xF7, 0x16, 0xF3, 0x1E,
    0xB8, 0x54, 0x5B, 0xA1, 0x8F, 0x35, 0x32, 0x40, 0xF7, 0xE1, 0xBE, 0x24, 0xD3, 0xEF, 0xA2, 0xF7,
    0xD3, 0x08, 0x93, 0x37, 0x23, 0xF2, 0x49, 0xB6, 0xDE, 0x24, 0x08, 0xAD, 0x20, 0xFD, 0xF6, 0x40,
    0x3D, 0x5D, 0x22, 0x40, 0x6A, 0x58, 0xA0, 0xE5, 0x22, 0xE8, 0x68, 0x45, 0x30, 0x80, 0x19, 0xD3,
    0x0C, 0x63, 0x03, 0xB4, 0xEB, 0xFC, 0x7D, 0x02, 0x57, 0x41, 0x3D, 0xE7, 0x1B, 0xEE, 0xEA, 0x5F,
    0x86, 0x18, 0xD7, 0x79, 0xAF, 0xF1, 0x3C, 0x21, 0xAD, 0xBC, 0xAC, 0x6C, 0x6C, 0x46, 0x99, 0x61,
    0xDA, 0xB6, 0xAA, 0xDF, 0x75, 0x0A, 0x13, 0x4F, 0x0B, 0xD1, 0x5A, 0x98, 0xF8, 0x79, 0x7F, 0x1A,
    0x66, 0x28, 0x00, 0x16, 0x2A, 0x48, 0x30, 0x03, 0x6B, 0x87, 0xB8, 0x1F, 0x0F, 0x3F, 0xF4, 0xF9,
    0xFB, 0x0C, 0xDA, 0x80, 0xC5, 0x94, 0x7E, 0x1E, 0x91, 0x85, 0x05, 0xB1, 0x9A, 0xBC, 0x66, 0x63,
    0x25, 0xF9, 0x1D, 0xC4, 0x5A, 0xFA, 0xA6, 0xF7, 0x00, 0x75, 0x10, 0xD8, 0xC6, 0x5E, 0x1B, 0x5A,
    0x2B, 0xF5, 0x5E, 0x78, 0x88, 0x96, 0x51, 0xDD, 0x00, 0xCF, 0xBB, 0x10, 0xD2, 0x1A, 0x82, 0x70,
    0x03, 0x95, 0xC1, 0x5F, 0xD2, 0x50, 0xDF, 0xF1, 0x60, 0xB2, 0xD6, 0x9C, 0x6D, 0x04, 0x7D, 0x87,
    0xE0, 0x72, 0xC0, 0xF2, 0xAE, 0xC5, 0x89, 0x40, 0xC7, 0xED, 0xBE, 0xAD, 0x95, 0x7B, 0xD7, 0x7C,
    0xA9, 0x6F, 0x13, 0x36, 0xEE, 0xF0, 0x0A, 0x3B, 0xDB, 0x59, 0x27, 0x83, 0x7B, 0x1F, 0xFD, 0x1C,
    0x83, 0x81, 0xC9, 0xDE, 0xF3, 0x37, 0x18, 0xD4, 0x6E, 0xA0, 0xFD, 0x1F, 0x9D, 0x53, 0xCD, 0x6E,
    0x23, 0x45, 0x10, 0xFE, 0x66, 0x26, 0x30, 0x5E, 0x4D, 0x6C, 0xE7, 0x60, 0xA4, 0xAC, 0x94, 0x38,
    0x39, 0xA0, 0x95, 0x85, 0xC6, 0x72, 0x90, 0x72, 0x18, 0xA4, 0xB6, 0x7B, 0x60, 0x8F, 0x7B, 0x60,
    0x1F, 0x82, 0x13, 0xA7, 0x39, 0x04, 0xC9, 0x87, 0x55, 0x3C, 0xBC, 0x01, 0x77, 0x2E, 0x1C, 0xB8,
    0x6C, 0x4E, 0x23, 0xB4, 0x42, 0x91, 0xF8, 0x71, 0x23, 0x1E, 0x80, 0x91, 0x78, 0x81, 0x96, 0xE0,
    0x01, 0xE6, 0x10, 0xA1, 0x91, 0x98, 0xB8, 0xF9, 0xAA, 0x6D, 0x67, 0x91, 0x58, 0x38, 0xD0, 0xAE,
    0xEA, 0x9A, 0xFE, 0xAA, 0xBA, 0x5D, 0xBF, 0x38, 0xD6, 0x9D, 0xFE, 0x1A, 0xC0, 0x5E, 0x72, 0xAD,
    0x9D, 0xEB, 0xC8, 0xED, 0xCA, 0x39, 0xFB, 0xE9, 0xCD, 0x4D, 0x49, 0xC9, 0x65, 0xF8, 0x79, 0xF3,
    0x70, 0xDA, 0xAF, 0x2D, 0xB8, 0x5B, 0x2F, 0x47, 0xC7, 0xEA, 0x7F, 0xAE, 0xF3, 0x11, 0x90, 0x94,
    0x13, 0x14, 0x68, 0xF8, 0x73, 0x58, 0xE1, 0x31, 0x7A, 0xD0, 0xB9, 0x36, 0xB1, 0x89, 0x4C, 0x54,
    0x26, 0x78, 0x81, 0xFC, 0x0D, 0x08, 0x57, 0xF2, 0xB9, 0x4D, 0x63, 0x14, 0x87, 0x68, 0x52, 0x34,
    0x73, 0xB8, 0x99, 0x59, 0x9D, 0xD5, 0x8F, 0xDF, 0x2E, 0x7B, 0x61, 0xAE, 0x3F, 0xB6, 0xFA, 0x97,
    0x26, 0xFE, 0xA9, 0x89, 0x4C, 0x15, 0x95, 0x36, 0x09, 0xCC, 0x8B, 0x33, 0xB9, 0xF4, 0x1F, 0x2A,
    0x9C, 0x03, 0xB7, 0xC0, 0x2B, 0x4F, 0x17, 0x42, 0xEE, 0xCF, 0x6E, 0xF3, 0x6D, 0x4B, 0xCF, 0xD0,
    0x01, 0xED, 0xDF, 0xB4, 0xC5, 0x9B, 0x88, 0x57, 0x8E, 0x3C, 0xDD, 0xEE, 0x6D, 0xF8, 0xC2, 0x77,
    0xED, 0x8F, 0x0F, 0x2F, 0xEC, 0x9F, 0x15, 0xBA, 0xF5, 0x48, 0x01, 0x6A, 0x69, 0x23, 0x48, 0xE1,
    0x0D, 0x6E, 0xC5, 0x8D, 0x20, 0x3F, 0x6B, 0xF5, 0x3D, 0x0B, 0xE1, 0xD6, 0x4E, 0xDF, 0x9F, 0xDD,
    0x05, 0xF9, 0x74, 0xA5, 0x0F, 0xA6, 0x68, 0x56, 0x61, 0xAB, 0xC3, 0xF6, 0x00, 0xCF, 0xF9, 0x1D,
    0x97, 0x3C, 0x0D, 0x6B, 0x9E, 0x87, 0x86, 0x48, 0x80, 0x77, 0xBF, 0xBF, 0x64, 0x10, 0xC1, 0xB6,
    0x92, 0x09, 0x39, 0xBE, 0xC3, 0x29, 0xC5, 0xC9, 0x29, 0x14, 0x45, 0x36, 0x44, 0x45, 0x71, 0x95,
    0xC0, 0x52, 0xBC, 0x4A, 0x9E, 0x1A, 0x2F, 0x9E, 0xC1, 0x8B, 0x81, 0x88, 0x2C, 0x11, 0x43, 0xA8,
    0xFE, 0x95, 0x2E, 0x81, 0xC1, 0xD2, 0xD6, 0x36, 0xB1, 0xC1, 0x47, 0x3F, 0x9B, 0xEA, 0x52, 0x21,
    0x7E, 0x5A, 0x5E, 0x55, 0x29, 0x86, 0x71, 0xB9, 0x6C, 0xC6, 0x48, 0x29, 0xEC, 0x10, 0x59, 0x5C,
    0x7E, 0x66, 0x07, 0x68, 0xA2, 0xB2, 0xB2, 0x83, 0xA0, 0x0E, 0x8D, 0x6D, 0x4E, 0xA2, 0x12, 0x7F,
    0x94, 0xC5, 0x84, 0x1E, 0x8C, 0x30, 0xAD, 0xFA, 0xF0, 0x4E, 0xF5, 0x95, 0x5A, 0x56, 0xD6, 0xA0,
    0xDF, 0x97, 0x9A, 0x2F, 0x97, 0x55, 0x65, 0xAD, 0xA1, 0x07, 0xFD, 0x47, 0x8F, 0xD4, 0x7C, 0x2E,
    0x50, 0x96, 0x55, 0x04, 0xAB, 0xCA, 0x08, 0x8C, 0x09, 0x7D, 0x56, 0x18, 0x63, 0xC0, 0x48, 0x22,
    0x39, 0x13, 0x50, 0x42, 0x63, 0x62, 0x43, 0x24, 0x44, 0x05, 0x26, 0x2E, 0x0A, 0xE5, 0x79, 0xEC,
    0x75, 0xA2, 0x14, 0x6D, 0xB4, 0x4D, 0x44, 0x90, 0x23, 0x06, 0xA6, 0xC0, 0x1D, 0x92, 0x9A, 0x4D,
    0x04, 0x86, 0x16, 0x5B, 0x5F, 0x4E, 0x82, 0xB1, 0x98, 0xB0, 0x64, 0x19, 0x30, 0xE4, 0xA9, 0x46,
    0x40, 0x9C, 0x46, 0x2B, 0xF9, 0x88, 0x0D, 0x1D, 0x10, 0x15, 0x0D, 0xC6, 0x61, 0xAD, 0xA3, 0xC6,
    0x93, 0x9D, 0xED, 0xA8, 0x1E, 0x93, 0x42, 0x33, 0x08, 0x4D, 0x3F, 0x34, 0x87, 0x81, 0x39, 0x84,
    0xC1, 0x7E, 0xD1, 0x40, 0x3F, 0x6B, 0x74, 0xDC, 0xF4, 0x90, 0x2F, 0xD8, 0xD5, 0xCE, 0x68, 0xAB,
    0x2F, 0xF4, 0x64, 0x91, 0x2E, 0xD4, 0xA2, 0x9B, 0x75, 0xDA, 0x2E, 0x18, 0x5F, 0xC6, 0x14, 0xC9,
    0xD2, 0xFC, 0x43, 0xCD, 0x1E, 0xDF, 0xCD, 0x20, 0xDE, 0xBB, 0x79, 0x29, 0x9F, 0x07, 0xF0, 0x7F,
    0xEF, 0xEB, 0x56, 0x03, 0x91, 0xD9, 0xD6, 0x55, 0x6A, 0x25, 0x85, 0xBA, 0x22, 0x33, 0x92, 0x90,
    0x70, 0x9C, 0xFB, 0x00, 0x90, 0xEE, 0x6E, 0x34, 0x0C, 0x5C, 0x6E, 0x94, 0xDB, 0x1B, 0xA7, 0xBB,
    0x1B, 0x85, 0x8F, 0xF6, 0x08, 0x1B, 0xAC, 0xE9, 0xD1, 0xDA, 0x3C, 0xB1, 0xEF, 0x34, 0xEC, 0xBD,
    0x4B, 0xA6, 0xFB, 0x84, 0x77, 0x0F, 0x69, 0x34, 0x65, 0x5F, 0xFE, 0x90, 0xB4, 0x31, 0x3D, 0x9C,
    0x59, 0xCD, 0x5C, 0x28, 0xEF, 0x67, 0x4A, 0x4F, 0x7B, 0x0F, 0xD1, 0x69, 0xCC, 0xC4, 0xE3, 0x52,
    0xF4, 0x3D, 0xBC, 0x25, 0x09, 0xDA, 0x40, 0x39, 0x73, 0xFD, 0xC4, 0x5E, 0xE3, 0x62, 0x81, 0xC9,
    0x1C, 0xE9, 0x5C, 0xAA, 0xD5, 0xA9, 0xA4, 0x55, 0xDA, 0x2A, 0x8D, 0x54, 0x21, 0xCD, 0x70, 0x3C,
    0x7A, 0xFD, 0xC4, 0xF5, 0x0A, 0x6B, 0xEE, 0x3D, 0xC9, 0x41, 0x8E, 0x71, 0xD4, 0x42, 0x47, 0x8E,
    0xF8, 0x97, 0x7C, 0x16, 0x66, 0x06, 0x7C, 0x45, 0x2E, 0xC8, 0x6C, 0xB7, 0x88, 0x3C, 0x6B, 0x06,
    0x70, 0x65, 0x9F, 0xFE, 0x71, 0xE0, 0xC9, 0xD2, 0xC6, 0xCF, 0x5F, 0x27, 0x9C, 0xB8, 0xFE, 0xF0,
    0x9E, 0xF7, 0x3B, 0x3A, 0x7A, 0x0E, 0xED, 0x7E, 0x07, 0x3E, 0x58, 0x39, 0x66, 0x40, 0xBB, 0x46,
    0xB6, 0x4E, 0xB6, 0x8D, 0x6C, 0xEE, 0xDF, 0xB6, 0xCD, 0x83, 0x9D, 0xB4, 0x81, 0xE3, 0x3F, 0x68,
    0x42, 0x58, 0x7C, 0x01, 0x3F, 0xB4, 0xFF, 0xDC, 0x8E, 0x64, 0x13, 0x93, 0xF7, 0x1D, 0x2B, 0x70,
    0xF9, 0x1B, 0x4B, 0x91, 0x49, 0x3D, 0x4E, 0x7C, 0xE6, 0x9D, 0xD8, 0x7C, 0x42, 0xE6, 0x81, 0xE0,
    0xAF, 0xE5, 0xC2, 0x21, 0x6E, 0xC1, 0x28, 0xC7, 0xDF, 0x98, 0x51, 0xB1, 0x7B, 0x84, 0x23, 0x20,
    0x33, 0x30, 0x55, 0xDB, 0x29, 0x90, 0x31, 0x28, 0x38, 0x07, 0x32, 0x08, 0xBE, 0x9F, 0xFE, 0x02,
    0xED, 0x93, 0xBD, 0x6E, 0xD3, 0x50, 0x14, 0xC7, 0x7F, 0x8E, 0x69, 0x2D, 0x72, 0x53, 0xDF, 0x22,
    0x11, 0x89, 0xA8, 0x4D, 0xDD, 0xA1, 0x03, 0x42, 0x69, 0xCD, 0x90, 0xC1, 0x48, 0x26, 0xF7, 0x6E,
    0xAC, 0x5D, 0xBA, 0x77, 0x46, 0x48, 0x78, 0xC8, 0x60, 0x21, 0x50, 0xB2, 0x33, 0x34, 0x6F, 0x40,
    0x67, 0x06, 0xC8, 0x90, 0xA1, 0x03, 0x55, 0xCC, 0x1B, 0xE4, 0x11, 0xAE, 0xC4, 0x03, 0xF4, 0x0E,
    0x1D, 0x0C, 0x02, 0xCC, 0x75, 0xD3, 0x56, 0xA5, 0x12, 0x82, 0x07, 0xC0, 0xE7, 0x6F, 0xC9, 0xC7,
    0xE7, 0xE3, 0xFE, 0xEF, 0xF9, 0x08, 0xCE, 0xD9, 0xEC, 0x92, 0x48, 0x86, 0x82, 0x99, 0xD0, 0x17,
    0x20, 0x11, 0xA4, 0x6B, 0x84, 0x39, 0x9E, 0xE6, 0x0E, 0x11, 0x77, 0x81, 0x55, 0x14, 0xF2, 0x5A,
    0x54, 0xC1, 0x03, 0xC8, 0xA1, 0xC4, 0x4F, 0x68, 0x25, 0xEC, 0x24, 0x8C, 0x2A, 0x7D, 0xE0, 0xFE,
    0x24, 0x17, 0x80, 0x0D, 0xAB, 0x4C, 0xC6, 0x5C, 0xC7, 0xD6, 0xB3, 0xCC, 0x98, 0xB2, 0x88, 0xF5,
    0x7A, 0x6D, 0xD8, 0x6D, 0x18, 0xA1, 0xB7, 0xF6, 0xD5, 0x69, 0x2A, 0x73, 0x99, 0xC8, 0xB4, 0x2B,
    0x4B, 0x50, 0x15, 0xAF, 0x3E, 0x32, 0x59, 0x83, 0x1E, 0x3C, 0x06, 0x83, 0x57, 0xE0, 0x6B, 0x04,
    0xB4, 0x58, 0x3E, 0x7B, 0x26, 0xCB, 0xA6, 0xD9, 0xEB, 0xE3, 0x68, 0xBC, 0x61, 0xA7, 0x27, 0x36,
    0xB5, 0xC9, 0xC0, 0x78, 0xB5, 0x21, 0x28, 0xE9, 0x6D, 0xD5, 0x77, 0x48, 0x25, 0x83, 0x97, 0x88,
    0x23, 0xE8, 0xD6, 0x24, 0x3C, 0xC3, 0x86, 0xE6, 0xFE, 0x32, 0xDA, 0x5C, 0x62, 0x5E, 0x2D, 0x9E,
    0x7F, 0x1B, 0x5F, 0xAB, 0x68, 0x77, 0xB4, 0x7D, 0xF4, 0xFE, 0xB8, 0x7D, 0xA0, 0x9D, 0x69, 0xE9,
    0x5B, 0x2D, 0x3F, 0xB4, 0x4F, 0xC8, 0xA6, 0x4B, 0xD4, 0x27, 0x73, 0xFC, 0x6B, 0x19, 0x3A, 0xAD,
    0xE7, 0x18, 0x35, 0x6B, 0x6E, 0x5A, 0x3B, 0xA6, 0x3D, 0xD6, 0x1C, 0xC9, 0xC0, 0xE9, 0xFE, 0xB8,
    0x96, 0x40, 0x0B, 0x17, 0xD5, 0xE2, 0xA1, 0x8B, 0xD1, 0x34, 0x3A, 0xC4, 0x55, 0x21, 0xFD, 0x42,
    0x36, 0xAE, 0xE0, 0x17, 0xEA, 0xAD, 0x0D, 0xFE, 0x56, 0x76, 0x5C, 0xD2, 0x8A, 0x3D, 0x97, 0xEA,
    0x4A, 0x22, 0x2A, 0x23, 0x2C, 0x83, 0x92, 0xED, 0x14, 0x1C, 0xFA, 0x70, 0x8C, 0xF7, 0x99, 0xC0,
    0x27, 0xFA, 0xC9, 0xE8, 0x07, 0xC2, 0x3C, 0x39, 0x59, 0x4F, 0x98, 0x06, 0x66, 0xE5, 0x93, 0x73,
    0x48, 0xFB, 0xC3, 0xFF, 0x6D, 0xFA, 0xB7, 0x36, 0x79, 0x93, 0xE6, 0x79, 0x92, 0x90, 0x37, 0x67,
    0x69, 0xFF, 0xE9, 0xD7, 0xE8, 0x83, 0x37, 0x09, 0xF3, 0xB4, 0xA7, 0xCA, 0xDC, 0x95, 0x31, 0x7E,
    0x21, 0xAC, 0x37, 0x41, 0x9E, 0xD6, 0xBC, 0x13, 0xA9, 0x73, 0xA1, 0xEB, 0x0B, 0x84, 0x88, 0x92,
    0x76, 0x9B, 0x78, 0x0F, 0x91, 0xE1, 0x2F, 0x68, 0x18, 0x82, 0x19, 0xAD, 0x94, 0x37, 0x23, 0x3C,
    0x94, 0x39, 0x3C, 0xA9, 0x7B, 0x30, 0xFA, 0x3E, 0xEC, 0x0F, 0x4C, 0xBD, 0x3E, 0x6E, 0x7F, 0xDC,
    0xE2, 0x5C, 0xA1, 0x83, 0x3C, 0x1B, 0xD7, 0x73, 0x71, 0x03, 0x6E, 0x2E, 0x6E, 0xBB, 0xAD, 0x68,
    0x29, 0xB5, 0xDC, 0x41, 0x2E, 0x90, 0x16, 0x99, 0xE2, 0x54, 0xF5, 0xCE, 0xFC, 0xBE, 0x8C, 0x37,
    0xD7, 0x72, 0xB5, 0xB3, 0xAA, 0xE3, 0x6A, 0x6E, 0x5C, 0x3A, 0x7B, 0xFB, 0x55, 0x47, 0x5F, 0xCA,
    0x3F, 0x0D, 0x64, 0xB3, 0x83, 0x3A, 0x1B, 0x47, 0x7E, 0x11, 0x36, 0x4C, 0xD8, 0x58, 0x84, 0xCE,
    0xE1, 0x99, 0x76, 0x1D, 0x0F, 0xB9, 0xC4, 0xC8, 0x55, 0x49, 0xEF, 0x9A, 0x74, 0xDB, 0x9D, 0xBC,
    0xB8, 0x67, 0x33, 0xAB, 0x8A, 0x90, 0x78, 0x5F, 0xD9, 0x2E, 0x4B, 0x89, 0x0E, 0x85, 0xF9, 0x05,
    0xAD, 0x55, 0x3D, 0x6F, 0xDC, 0x46, 0x10, 0x7D, 0xE4, 0x26, 0x62, 0x02, 0xCA, 0x47, 0xA5, 0x10,
    0x10, 0x08, 0x36, 0xAE, 0x0D, 0x9C, 0xB3, 0x79, 0x85, 0x8A, 0x0B, 0xE0, 0x88, 0x44, 0x7E, 0x81,
    0x0B, 0x5F, 0x0A, 0xBB, 0x48, 0x9A, 0x00, 0x81, 0x10, 0xC0, 0x2E, 0x52, 0xA8, 0x90, 0x44, 0x02,
    0x29, 0xDD, 0xB8, 0x76, 0xA5, 0xD2, 0x96, 0x0B, 0x5D, 0x91, 0xC2, 0x30, 0x2C, 0xDD, 0xC2, 0x2E,
    0x52, 0xA4, 0x21, 0xD2, 0xBA, 0x61, 0x80, 0x34, 0x71, 0x9A, 0x75, 0x4C, 0xC5, 0x94, 0x7C, 0xC7,
    0xCD, 0x9B, 0xE5, 0x9D, 0x3E, 0x92, 0xC0, 0x55, 0x28, 0xCD, 0xCC, 0x71, 0x77, 0x39, 0x3B, 0x1F,
    0x6F, 0x66, 0x00, 0x3C, 0xCB, 0x01, 0xFF, 0x39, 0x59, 0xF0, 0x82, 0x64, 0xAD, 0xC6, 0x5A, 0x14,
    0x19, 0xAF, 0xBA, 0xD4, 0x33, 0x41, 0xD1, 0x1B, 0x8C, 0xA2, 0x7C, 0x30, 0xEA, 0x27, 0x18, 0x19,
    0x24, 0x30, 0x05, 0x0E, 0xBC, 0x5F, 0x34, 0xF6, 0xE5, 0x83, 0xA9, 0xBA, 0x0B, 0x1C, 0x84, 0x11,
    0x59, 0x74, 0x01, 0xC8, 0x2E, 0xF5, 0x80, 0xE4, 0xBB, 0x01, 0xD0, 0xAD, 0x47, 0x58, 0x0A, 0x8D,
    0xC1, 0x1D, 0x75, 0x54, 0xC0, 0x78, 0x56, 0x07, 0xA5, 0xFF, 0xF3, 0xF1, 0x38, 0x57, 0x77, 0x6F,
    0x5E, 0x87, 0x7C, 0x80, 0x0E, 0x3F, 0x90, 0x67, 0x29, 0xB1, 0xD6, 0xA8, 0x0A, 0x23, 0xCF, 0xA0,
    0x4F, 0x5A, 0x22, 0xE1, 0x94, 0xFC, 0xDC, 0x3B, 0xBC, 0x95, 0x7B, 0xD6, 0xE6, 0x9E, 0x51, 0x24,
    0xA4, 0xB2, 0xBE, 0x7E, 0xFC, 0x00, 0x63, 0x3B, 0x81, 0x57, 0xC1, 0x91, 0x3F, 0x01, 0x62, 0x9B,
    0xB7, 0x1A, 0xF1, 0x3E, 0xE9, 0x6D, 0x09, 0xA5, 0x0D, 0xC2, 0x7C, 0x84, 0x08, 0x5F, 0x23, 0xE6,
    0x52, 0x42, 0x5A, 0xE3, 0xF9, 0x71, 0x83, 0xA8, 0xB9, 0x0E, 0x6C, 0x01, 0x0B, 0xB6, 0x41, 0x67,
    0x9A, 0x02, 0x3F, 0x72, 0xCF, 0x60, 0x80, 0x02, 0xBD, 0xE0, 0x08, 0xBD, 0x64, 0x5C, 0x0E, 0x36,
    0x23, 0x6B, 0xFA, 0xDE, 0x5C, 0xE9, 0x27, 0xC2, 0x06, 0x33, 0xE6, 0x61, 0x15, 0x88, 0x92, 0x37,
    0x35, 0x92, 0x17, 0xD3, 0x7D, 0x74, 0x7D, 0x73, 0x95, 0xB7, 0x98, 0xE8, 0x1D, 0xCC, 0x13, 0xE6,
    0x9B, 0x2E, 0x92, 0x1F, 0xEA, 0x24, 0x87, 0x12, 0xB5, 0x2D, 0x4B, 0x4F, 0x18, 0x4E, 0x9E, 0x6E,
    0x43, 0x73, 0x2D, 0x3C, 0x9B, 0x42, 0x95, 0xFC, 0xA9, 0x01, 0xFE, 0x27, 0xA6, 0x15, 0x13, 0x27,
    0x06, 0x4D, 0x2B, 0xB2, 0xD4, 0x89, 0x58, 0x8B, 0xF8, 0xEC, 0xAB, 0xC3, 0xF5, 0x97, 0x39, 0x43,
    0x6A, 0x25, 0x8D, 0x03, 0x34, 0x6E, 0x0F, 0x49, 0xEE, 0x44, 0xB7, 0x70, 0x22, 0x30, 0x4E, 0xF8,
    0x53, 0x8A, 0x0D, 0xC0, 0xB6, 0x42, 0x2E, 0xA1, 0xE6, 0x48, 0x23, 0xE4, 0x4A, 0x50, 0xB4, 0x96,
    0xCC, 0xDC, 0xA7, 0x46, 0x9A, 0x52, 0x29, 0x23, 0x69, 0x99, 0x08, 0x7B, 0x2A, 0x6C, 0x3B, 0x8D,
    0x79, 0x51, 0xB1, 0x50, 0x31, 0x98, 0xF3, 0xB5, 0x9A, 0xCC, 0x93, 0x73, 0xB7, 0x34, 0xD9, 0x83,
    0x36, 0x91, 0xFF, 0x62, 0x95, 0x38, 0x3C, 0x71, 0x9A, 0x73, 0x9C, 0x7B, 0xDC, 0x55, 0x4C, 0x69,
    0x1D, 0x94, 0xEE, 0xA0, 0x5F, 0xB5, 0xE7, 0xEB, 0xF6, 0xDB, 0x49, 0x2B, 0xDA, 0x37, 0xA7, 0x86,
    0xC0, 0x30, 0x41, 0x43, 0x11, 0xEA, 0x4E, 0x08, 0xAF, 0x69, 0xD0, 0x53, 0xF0, 0x0E, 0x2D, 0xAE,
    0xCA, 0x5E, 0x37, 0x8D, 0x73, 0xB7, 0x17, 0x55, 0xEE, 0xA4, 0x2F, 0x27, 0x3D, 0x66, 0x4E, 0x80,
    0xB4, 0x8F, 0x28, 0xA7, 0x8E, 0x24, 0x0D, 0x73, 0x1A, 0x13, 0x95, 0x91, 0x98, 0xA3, 0x9A, 0x7D,
    0x67, 0xC8, 0xFA, 0xCE, 0xDC, 0x24, 0x3B, 0xB1, 0x7F, 0xD9, 0x64, 0x12, 0x95, 0xDD, 0xC2, 0x44,
    0x5A, 0x95, 0xAA, 0xD4, 0x61, 0x4A, 0x55, 0xAF, 0x74, 0x24, 0x96, 0xBD, 0x49, 0x3B, 0x12, 0x3A,
    0x8B, 0x8B, 0x60, 0x08, 0xB6, 0xD1, 0x13, 0x9C, 0x25, 0x02, 0x94, 0x64, 0x98, 0xDD, 0x7F, 0xB2,
    0xD3, 0xA6, 0xC3, 0x30, 0xB4, 0x7B, 0x9A, 0x3E, 0x85, 0xFA, 0x27, 0xC9, 0x83, 0xFA, 0xF5, 0xF9,
    0x9F, 0x22, 0x5E, 0x7F, 0xF1, 0x9A, 0xFE, 0x7A, 0x6F, 0xF9, 0x3D, 0x9F, 0xA6, 0x15, 0x4F, 0x05,
    0x9D, 0xC0, 0x35, 0xFE, 0x39, 0xC8, 0xF5, 0xCE, 0xC7, 0x48, 0x62, 0xE2, 0x1B, 0x87, 0x59, 0xD6,
    0x81, 0x76, 0x72, 0x46, 0x3E, 0x2F, 0xEA, 0x86, 0x06, 0xD7, 0xE8, 0xDE, 0x63, 0xBE, 0x57, 0x67,
    0xA8, 0x26, 0x6D, 0x91, 0xE2, 0x17, 0x16, 0x41, 0xFD, 0x5B, 0x5B, 0x2C, 0xC3, 0x1B, 0x2C, 0x9D,
    0xC6, 0x49, 0x3E, 0x43, 0x07, 0xBF, 0x3F, 0xA6, 0xE4, 0xB5, 0x54, 0x8D, 0x2A, 0x10, 0x12, 0x14,
    0xA9, 0xA0, 0x33, 0x71, 0x18, 0x75, 0x86, 0xB9, 0x34, 0x60, 0xA5, 0xD9, 0xE3, 0xE5, 0x71, 0xB3,
    0xBB, 0xCB, 0x10, 0x4B, 0x46, 0x70, 0xB9, 0x79, 0xC4, 0xEC, 0x8D, 0xED, 0xCB, 0xDD, 0xF9, 0x19,
    0x1C, 0xB4, 0x59, 0xA5, 0x8B, 0x29, 0x98, 0x0A, 0x42, 0x3D, 0x72, 0x3A, 0xFD, 0xDA, 0x55, 0x64,
    0xF6, 0x48, 0xEE, 0xF2, 0x1E, 0x9E, 0xA6, 0x3F, 0xA7, 0x35, 0x8A, 0x9B, 0xB9, 0xC4, 0x76, 0xC3,
    0x39, 0x25, 0x48, 0x30, 0xAE, 0x48, 0x8C, 0x6B, 0x1B, 0x66, 0xD5, 0x71, 0xC1, 0xA8, 0x00, 0x70,
    0x8A, 0x15, 0x7B, 0x28, 0xF6, 0xBF, 0x76, 0x46, 0x98, 0x46, 0x78, 0x95, 0x08, 0xB0, 0xAA, 0x48,
    0x0E, 0x55, 0x4A, 0x80, 0x52, 0x79, 0xBC, 0x8A, 0x76, 0xB2, 0x62, 0xD8, 0x30, 0xE2, 0x42, 0x5A,
    0x86, 0x6D, 0xCE, 0xC6, 0x75, 0x91, 0xF4, 0x61, 0x97, 0x1A, 0x9B, 0xB5, 0x61, 0x33, 0xDC, 0xEA,
    0x33, 0x0F, 0x8B, 0x4B, 0x64, 0x1F, 0x00, 0x9B, 0xB2, 0xBF, 0x19, 0xD0, 0x86, 0x4D, 0xF1, 0x28,
    0x2B, 0xA4, 0xEB, 0x78, 0xC0, 0xF6, 0xD3, 0x18, 0x7E, 0x91, 0x55, 0x2E, 0x77, 0x34, 0x67, 0x22,
    0xD9, 0xD9, 0x94, 0x1E, 0xD1, 0x7E, 0xD1, 0x66, 0x73, 0xB6, 0xDB, 0xB5, 0xE6, 0x9F, 0x48, 0x3F,
    0x2D, 0xAA, 0x85, 0xE3, 0x5D, 0x5B, 0x88, 0x3B, 0xD2, 0xE6, 0x3E, 0x27, 0x82, 0x87, 0x07, 0xAE,
    0x92, 0xF5, 0xFF, 0x50, 0x54, 0x0E, 0x3F, 0x57, 0x52, 0xD7, 0xDE, 0x73, 0x6C, 0xF7, 0xA2, 0xC2,
    0xAB, 0x7A, 0x7E, 0xC1, 0xF6, 0x8E, 0x32, 0xCA, 0x7B, 0xB8, 0x9E, 0xC8, 0x11, 0xC7, 0x0E, 0x84,
    0xED, 0x0B, 0x9B, 0xCE, 0xD8, 0xC3, 0x6F, 0xF9, 0x3A, 0xAE, 0x09, 0x6C, 0x55, 0xF2, 0x88, 0x2A,
    0xE2, 0x9C, 0x2C, 0xD2, 0x64, 0xCA, 0x70, 0x0D, 0x07, 0xD4, 0x87, 0xC8, 0x4A, 0x22, 0xB7, 0xD2,
    0xF9, 0x6D, 0x1F, 0x93, 0x96, 0x69, 0x8F, 0xAD, 0x10, 0xE8, 0x2B, 0x90, 0x46, 0xD8, 0x11, 0x20,
    0xB1, 0xE4, 0x18, 0x08, 0x52, 0x96, 0xD2, 0xBB, 0x6A, 0xF9, 0xF6, 0x11, 0x01, 0x53, 0xE0, 0x53,
    0xBB, 0x3B, 0xCA, 0x8E, 0x77, 0x77, 0xD8, 0x7F, 0xDC, 0x09, 0x92, 0x66, 0x71, 0xEA, 0x40, 0x2B,
    0xAD, 0x4C, 0xC8, 0x33, 0x0C, 0xE0, 0xC2, 0xBD, 0xB9, 0x43, 0xAE, 0x77, 0x06, 0xF7, 0xE6, 0xF3,
    0x4A, 0x05, 0xEC, 0x05, 0x01, 0x38, 0xAF, 0x42, 0x70, 0x5E, 0x85, 0xE0, 0xBC, 0xEA, 0x88, 0x43,
    0x1D, 0x71, 0xE8, 0x82, 0x38, 0xB4, 0x28, 0xBE, 0x5C, 0x94, 0xD7, 0x8B, 0x33, 0x27, 0x33, 0xE9,
    0xEA, 0x49, 0x2A, 0xF3, 0x4A, 0xAF, 0x72, 0x5E, 0x95, 0x7D, 0xCE, 0xAB, 0xBA, 0x4F, 0xBC, 0x8D,
    0x47, 0x6C, 0x3E, 0x21, 0xE7, 0x15, 0xF0, 0x84, 0x93, 0xC2, 0xE1, 0x0F, 0xA9, 0xCB, 0x98, 0xD5,
    0x92, 0xA2, 0xF4, 0x3D, 0x59, 0xB9, 0xC4, 0x5C, 0xBB, 0x57, 0x7D, 0x8D, 0xED, 0x2A, 0xEF, 0xCB,
    0xB8, 0xFA, 0xEF, 0xCC, 0xBC, 0x93, 0xB9, 0x94, 0x65, 0x52, 0xC6, 0xF3, 0x27, 0xA3, 0xCA, 0xE5,
    0x6C, 0xD8, 0xC6, 0xC9, 0x45, 0x44, 0xBB, 0xB5, 0xCB, 0x7B, 0x2F, 0x53, 0x37, 0xCB, 0x88, 0xA8,
    0x84, 0x46, 0xC5, 0x32, 0xB4, 0xA5, 0x89, 0x18, 0x57, 0xAF, 0x6D, 0x71, 0xCA, 0xBE, 0x7C, 0xE3,
    0x30, 0x2F, 0x5A, 0x57, 0xD2, 0x16, 0x6D, 0xDA, 0xDD, 0x74, 0x6E, 0xBE, 0xBE, 0x1A, 0xB1, 0x61,
    0xE4, 0x6E, 0xB2, 0x7C, 0xF4, 0xEA, 0x31, 0x7F, 0xDF, 0x43, 0xDC, 0xEE, 0x99, 0x19, 0xC9, 0x5C,
    0xDE, 0x21, 0x11, 0x85, 0x41, 0xAE, 0x98, 0xE3, 0xCC, 0xCE, 0x46, 0x03, 0xD2, 0x25, 0x69, 0x45,
    0xB6, 0x9A, 0xD5, 0xF7, 0xEC, 0x6A, 0x0E, 0xD8, 0xDC, 0xD5, 0xA5, 0xD8, 0x33, 0xBE, 0xDD, 0x95,
    0x92, 0x8B, 0x15, 0xEF, 0x36, 0x31, 0xC7, 0xAB, 0x2A, 0x63, 0xC6, 0x37, 0xD0, 0x31, 0x46, 0x6C,
    0x84, 0x31, 0xEE, 0x38, 0xDE, 0x3F, 0xE1, 0x49, 0xBA, 0x8A, 0xF0, 0x99, 0xAD, 0xBE, 0xE7, 0x6F,
    0xE0, 0x2C, 0xDF, 0x90, 0xBE, 0xC1, 0x32, 0xC9, 0x6A, 0xDE, 0x99, 0x7E, 0x73, 0x03, 0xDE, 0x97,
    0x33, 0xBF, 0xD8, 0x2E, 0xAA, 0xA0, 0x94, 0x2A, 0x91, 0x19, 0x44, 0xDA, 0x92, 0x02, 0x9A, 0xD1,
    0x66, 0xBB, 0xE6, 0x99, 0x95, 0xE3, 0x3D, 0x56, 0xD7, 0xEF, 0xAD, 0xDF, 0x87, 0x37, 0xA5, 0xB4,
    0xB4, 0xFB, 0x5D, 0xB5, 0x19, 0x98, 0xD7, 0xCC, 0xDF, 0x63, 0xD0, 0x62, 0x60, 0x78, 0xDD, 0xC0,
    0x7C, 0xE8, 0x00, 0x73, 0xD3, 0x01, 0xF6, 0xA6, 0x03, 0xDC, 0xCD, 0x0D, 0xDC, 0xCD, 0x0E, 0xDC,
    0xDD, 0x0C, 0xDC, 0x3D, 0x0C, 0xDC, 0x3B, 0x18, 0xB8, 0x1F, 0x30, 0x70, 0x37, 0x30, 0xE8, 0x37,
    0x30, 0xAC, 0x6E, 0x00, 0x31, 0xE0, 0x88, 0xFD, 0xC0, 0x04, 0xE6, 0x0B, 0x07, 0x98, 0xFE, 0x3B,
    0x30, 0xA4, 0x30, 0x00, 0x00, 0x9D, 0x56, 0x31, 0x6F, 0xD3, 0x40, 0x14, 0x7E, 0xF1, 0x81, 0xDC,
    0x10, 0xA8, 0x19, 0x40, 0xCA, 0x00, 0xCD, 0x8E, 0xD2, 0x7A, 0x61, 0xF0, 0x90, 0x10, 0xEF, 0x2C,
    0x5D, 0xA0, 0x63, 0xFA, 0x13, 0x3C, 0x54, 0x62, 0xA9, 0x14, 0x4B, 0xFC, 0x01, 0x96, 0x8A, 0xFF,
    0xC0, 0x42, 0x06, 0x24, 0x8C, 0x1A, 0x29, 0xD9, 0x59, 0xCC, 0x00, 0x73, 0x36, 0x46, 0x3C, 0x78,
    0xE8, 0xD0, 0xC6, 0xBC, 0xF7, 0xBE, 0x73, 0x73, 0x21, 0x8D, 0x94, 0x70, 0xB2, 0xCE, 0xF2, 0xBD,
    0x77, 0xEF, 0xBE, 0xF7, 0xDD, 0xBB, 0xEF, 0x4C, 0x4D, 0xD2, 0xD6, 0xC5, 0x2B, 0xD3, 0xDE, 0x14,
    0xFA, 0xEA, 0xFC, 0x7C, 0xC3, 0xED, 0x78, 0x54, 0x49, 0xBB, 0xEA, 0xE4, 0xAE, 0xCD, 0x7A, 0xD6,
    0xF3, 0x6C, 0x14, 0x6E, 0x09, 0xD1, 0x35, 0x79, 0x0B, 0x6A, 0x55, 0x71, 0xE7, 0x32, 0x3F, 0x4F,
    0xCA, 0x0F, 0x49, 0x5B, 0x06, 0x77, 0x7D, 0x6C, 0x4B, 0xF1, 0xB2, 0x8B, 0x9E, 0xE3, 0x15, 0xD2,
    0x7D, 0x41, 0x36, 0x9C, 0x4F, 0x01, 0x0D, 0x68, 0x73, 0x6B, 0x73, 0x3D, 0x0B, 0x37, 0xCA, 0xEE,
    0x28, 0x18, 0x3B, 0x67, 0xC0, 0x79, 0x70, 0x36, 0x9C, 0x13, 0x67, 0x66, 0xA1, 0x35, 0x11, 0xB4,
    0x8B, 0x25, 0x32, 0x5D, 0x50, 0x99, 0x09, 0xC1, 0xDA, 0x70, 0xEE, 0xB2, 0xD6, 0xC9, 0xAD, 0xCD,
    0x7A, 0xD6, 0xF3, 0x9A, 0xB7, 0xD0, 0x22, 0xA2, 0x09, 0x51, 0x45, 0xA6, 0x9A, 0x05, 0x97, 0xF3,
    0x7E, 0x94, 0x9D, 0x46, 0x7B, 0x32, 0xB8, 0xF9, 0x39, 0x8D, 0x9E, 0xB1, 0x1B, 0x3B, 0x9B, 0x2A,
    0xE5, 0x89, 0x12, 0x35, 0x92, 0x48, 0xC7, 0x1A, 0x6F, 0xBA, 0x90, 0xB8, 0x83, 0x2A, 0x96, 0x5E,
    0x97, 0x18, 0x28, 0x3D, 0xBD, 0x52, 0xFB, 0xBE, 0xAE, 0x19, 0x88, 0xF5, 0xA5, 0x01, 0x6F, 0x6A,
    0x20, 0x35, 0x90, 0x1A, 0xE8, 0x3F, 0x0C, 0x33, 0xFD, 0x88, 0x6F, 0x77, 0xEF, 0xC5, 0x67, 0x19,
    0x09, 0x2B, 0x1D, 0x1F, 0x69, 0x3F, 0x15, 0x34, 0xDE, 0x6F, 0xE9, 0x5B, 0xEF, 0xA5, 0x3F, 0x32,
    0xD2, 0x67, 0x1E, 0xF7, 0xDE, 0x5C, 0x3C, 0x5A, 0x8A, 0xF7, 0x68, 0x59, 0x65, 0xBB, 0x0D, 0xD3,
    0x63, 0x5A, 0xB6, 0xB1, 0xF6, 0x3D, 0x60, 0x24, 0x07, 0x63, 0xB1, 0xBB, 0xC1, 0xA8, 0x41, 0xFB,
    0xC0, 0x57, 0xC3, 0x77, 0x35, 0x28, 0xC9, 0x34, 0x88, 0x35, 0x53, 0x41, 0x33, 0x45, 0xBE, 0x8D,
    0x74, 0xC9, 0x06, 0x62, 0x80, 0xA5, 0xFE, 0x92, 0x3D, 0x30, 0xB9, 0xE5, 0x30, 0x76, 0x0A, 0xBB,
    0x86, 0x1D, 0xC4, 0x6E, 0x62, 0x67, 0xB1, 0xCB, 0x23, 0x00, 0xF8, 0x94, 0x92, 0xDB, 0x1A, 0x78,
    0xB5, 0xC8, 0xC9, 0x8A, 0x9E, 0x93, 0x93, 0xA9, 0xD6, 0x4E, 0x13, 0x7C, 0x71, 0x71, 0xCE, 0x95,
    0x4C, 0x6F, 0xA6, 0xC7, 0x5D, 0xB0, 0x73, 0x51, 0x9F, 0x5C, 0xB8, 0x52, 0x70, 0x00, 0x29, 0xE8,
    0x82, 0xF6, 0x08, 0x52, 0x30, 0xC6, 0xD1, 0x00, 0x85, 0x8D, 0xDC, 0x65, 0xCF, 0xA4, 0x2E, 0x84,
    0xFD, 0x7F, 0x90, 0xF9, 0xB1, 0x8B, 0x6C, 0x7F, 0x45, 0x5A, 0x22, 0xBB, 0x93, 0x08, 0x50, 0x14,
    0x88, 0x7D, 0x8E, 0xD8, 0xAA, 0x04, 0x27, 0x17, 0xAE, 0x12, 0x1C, 0x40, 0x09, 0xBA, 0x50, 0x82,
    0x1E, 0x94, 0xE0, 0x0C, 0xA0, 0x0A, 0x1C, 0x37, 0x2D, 0x1C, 0x4D, 0x6F, 0x0D, 0xD9, 0x03, 0x7B,
    0xBC, 0x75, 0xB0, 0x0B, 0xF0, 0x99, 0x52, 0x6E, 0x8A, 0x57, 0x2A, 0x33, 0xBF, 0x6E, 0x5C, 0x51,
    0xFC, 0x71, 0x43, 0x4B, 0x9B, 0xF5, 0xAC, 0xE7, 0x35, 0x6B, 0xF5, 0xB2, 0xA2, 0x78, 0x23, 0xA2,
    0x18, 0x42, 0x14, 0xC7, 0x6D, 0x1E, 0x31, 0x22, 0x93, 0x69, 0xF8, 0x2E, 0xCF, 0x92, 0x2F, 0x69,
    0x72, 0x6F, 0x4B, 0x51, 0x7C, 0x88, 0xB0, 0x01, 0x52, 0x32, 0x33, 0x4D, 0xB0, 0x51, 0x42, 0x14,
    0x17, 0x2B, 0xA2, 0xB8, 0x08, 0x84, 0x0A, 0xAF, 0x0C, 0x1D, 0x4F, 0x3B, 0x6F, 0x6F, 0x4B, 0x51,
    0x4C, 0x93, 0x27, 0x59, 0x52, 0x86, 0x5F, 0x45, 0x02, 0x8D, 0x4A, 0x20, 0x63, 0x9F, 0xF0, 0x08,
    0x44, 0x91, 0xD3, 0xBF, 0x72, 0x45, 0xB1, 0x81, 0x7D, 0x6B, 0xC5, 0x7A, 0x18, 0x8F, 0x20, 0x8A,
    0x99, 0x8A, 0xE2, 0xDB, 0x39, 0x29, 0x6B, 0xA9, 0x6E, 0x10, 0x17, 0xB3, 0xDA, 0x4A, 0x1C, 0xDB,
    0x3E, 0xE6, 0x31, 0x7F, 0x12, 0xC5, 0x73, 0x8B, 0xC3, 0x56, 0xC5, 0xA3, 0x3B, 0xAB, 0x02, 0xCB,
    0x16, 0xAA, 0xC5, 0x8D, 0x5C, 0xB5, 0x58, 0xF2, 0x94, 0xB2, 0x8D, 0x55, 0x8B, 0x87, 0x2B, 0x5A,
    0x7C, 0x08, 0x2D, 0xEE, 0x41, 0x8B, 0xCF, 0xA0, 0xC5, 0x05, 0xB4, 0x38, 0x57, 0x46, 0xEE, 0xAC,
    0x8A, 0xA0, 0x66, 0xDE, 0xB9, 0xEB, 0x2C, 0x90, 0x6F, 0x7A, 0x47, 0x1A, 0xBB, 0x02, 0x26, 0x8F,
    0x50, 0xCE, 0xF6, 0xCB, 0xDA, 0xE0, 0x19, 0x6F, 0xBA, 0x31, 0xB9, 0x38, 0xFE, 0xC4, 0xE1, 0xEB,
    0x7C, 0xE4, 0x97, 0x1F, 0xFD, 0xB6, 0xEF, 0xD3, 0xAE, 0xCF, 0xDA, 0x8D, 0xF9, 0x54, 0xD6, 0x9B,
    0x10, 0xCA, 0xC1, 0xE6, 0x81, 0xCA, 0x37, 0xB8, 0x31, 0x83, 0xDC, 0xDA, 0xAC, 0xE7, 0xDA, 0x8D,
    0xE9, 0x9B, 0x9D, 0x51, 0x30, 0xF6, 0xA9, 0x5F, 0x72, 0x1E, 0x9C, 0xCD, 0x5A, 0x71, 0x70, 0x3B,
    0x54, 0xBA, 0x00, 0xEA, 0x6A, 0x9B, 0xFF, 0x0C, 0xF5, 0xBC, 0xAE, 0xE7, 0x2D, 0x59, 0x63, 0x84,
    0x0A, 0xBB, 0xA8, 0x3D, 0x36, 0xFF, 0x19, 0x04, 0xF5, 0x9F, 0x81, 0xF5, 0xB4, 0xF3, 0x6C, 0x94,
    0xBF, 0xAD, 0x55, 0xBF, 0x8F, 0xDC, 0x44, 0x14, 0xFE, 0xC6, 0x43, 0x62, 0x84, 0x95, 0x9D, 0x14,
    0x7B, 0x52, 0x22, 0xDD, 0xE1, 0x2D, 0x28, 0x22, 0x74, 0x9C, 0x53, 0xA4, 0xD8, 0xC2, 0xB7, 0xB6,
    0x48, 0x41, 0x85, 0xB8, 0x82, 0x13, 0xED, 0xD5, 0x34, 0x49, 0x71, 0x52, 0x52, 0xE4, 0x6E, 0x2D,
    0xF1, 0x07, 0x24, 0x0D, 0x7D, 0x0A, 0x0A, 0xB4, 0x14, 0xD9, 0x02, 0x89, 0x2B, 0xF6, 0xB4, 0x23,
    0xA5, 0xA0, 0x70, 0x71, 0xFE, 0x0F, 0xB0, 0x44, 0x07, 0x48, 0x18, 0xB1, 0x48, 0x9B, 0x64, 0x77,
    0xCD, 0xF7, 0xC6, 0xE6, 0x6E, 0x91, 0x56, 0x48, 0x20, 0xBC, 0x7E, 0x6F, 0xC7, 0x9E, 0x99, 0xEF,
    0xFD, 0xFA, 0xE6, 0xF9, 0x9D, 0x0C, 0xB8, 0xBE, 0x04, 0x10, 0x71, 0xA0, 0x2B, 0x0E, 0xE6, 0x94,
    0x73, 0x4A, 0x22, 0x2F, 0x29, 0x26, 0xC3, 0xB0, 0xB6, 0xBA, 0x18, 0x5A, 0x03, 0x63, 0xF7, 0xE0,
    0x17, 0xFB, 0xD0, 0x45, 0x4C, 0x39, 0x81, 0xB6, 0x22, 0x09, 0x82, 0x2C, 0x4A, 0x65, 0x36, 0x86,
    0xF7, 0x9A, 0x18, 0xB7, 0x21, 0xD7, 0x4D, 0x51, 0xC7, 0x40, 0x50, 0xF3, 0xD5, 0xF4, 0x9B, 0x19,
    0xE1, 0xBD, 0x15, 0x02, 0xAB, 0x9F, 0xA6, 0x21, 0x02, 0xDF, 0xEE, 0xC3, 0xE8, 0xE2, 0x09, 0x76,
    0xBC, 0xEA, 0x0C, 0xB1, 0xAA, 0xE6, 0xE8, 0x8B, 0x1A, 0x2B, 0x3E, 0x96, 0x5E, 0x39, 0xF1, 0x68,
    0x33, 0xD6, 0xD6, 0xB7, 0x91, 0x9F, 0x9A, 0xCC, 0x3C, 0xA5, 0x43, 0x7A, 0xE5, 0x2D, 0x08, 0x55,
    0x17, 0xC0, 0xE0, 0x6B, 0x82, 0x8F, 0xC5, 0x42, 0xE5, 0x8C, 0xBD, 0x25, 0xEA, 0x03, 0x51, 0x03,
    0x51, 0x53, 0x51, 0x3F, 0x30, 0x24, 0xEF, 0xC2, 0x32, 0xAE, 0x8F, 0xA8, 0x02, 0x5D, 0x02, 0x1D,
    0x8F, 0xCB, 0xB7, 0xD5, 0x0C, 0xE8, 0x83, 0x50, 0x0F, 0x31, 0x11, 0x80, 0x53, 0xA8, 0x42, 0xE0,
    0x2D, 0x03, 0xF6, 0x53, 0x46, 0x6C, 0x18, 0xB6, 0xED, 0x70, 0x4F, 0x91, 0x8C, 0x46, 0x2F, 0xAA,
    0xA4, 0xAE, 0x6B, 0xA7, 0xCA, 0x46, 0x11, 0xD1, 0x86, 0x19, 0x74, 0x66, 0x2C, 0x02, 0x46, 0x84,
    0x0E, 0x08, 0xBE, 0x2D, 0xF9, 0x63, 0x06, 0x66, 0x84, 0x65, 0x16, 0x69, 0x68, 0x01, 0x7A, 0x7A,
    0xE2, 0xD1, 0xF8, 0x40, 0xA7, 0xCC, 0x66, 0x20, 0xE9, 0xFC, 0x58, 0xD4, 0x2F, 0x54, 0x3E, 0xBD,
    0x68, 0x52, 0xEE, 0xD1, 0x33, 0xA8, 0x14, 0xED, 0x35, 0xAC, 0xC5, 0x8A, 0xFF, 0x47, 0x7A, 0xB8,
    0x74, 0xF3, 0x0B, 0x41, 0xDF, 0xA0, 0x27, 0xFF, 0x5E, 0x37, 0x68, 0x4E, 0xD3, 0xBC, 0x5A, 0x32,
    0x99, 0x59, 0x54, 0x97, 0x58, 0xBB, 0xA6, 0xB5, 0x8D, 0xEA, 0xCA, 0x9F, 0x43, 0xAD, 0xDA, 0x95,
    0x92, 0xB3, 0xC9, 0xFF, 0xA6, 0xF5, 0xA5, 0x5E, 0xB6, 0x91, 0x5E, 0xD9, 0x66, 0x7A, 0x2B, 0x53,
    0x60, 0xEC, 0x57, 0xB8, 0xCB, 0x52, 0xF7, 0xB0, 0x92, 0x97, 0xA9, 0x54, 0x83, 0xF9, 0xE2, 0x16,
    0x4F, 0xD8, 0x29, 0x74, 0xDD, 0xA7, 0x9C, 0x31, 0x69, 0xDC, 0xEC, 0xB3, 0xCC, 0xEF, 0x42, 0x2A,
    0x0A, 0x94, 0xB8, 0xC3, 0x2A, 0xDE, 0x33, 0x50, 0x52, 0x2F, 0x91, 0x72, 0xEB, 0x70, 0x94, 0x6D,
    0x1D, 0x1E, 0x7E, 0x3A, 0xAD, 0xEB, 0xC5, 0xE7, 0xA3, 0xD1, 0x57, 0xEF, 0x53, 0x38, 0x9E, 0x3B,
    0x83, 0x52, 0x96, 0x0D, 0xB2, 0xF5, 0xD9, 0x97, 0x07, 0xB2, 0x5E, 0xFE, 0x37, 0xAE, 0x51, 0x2D,
    0xE7, 0xFA, 0x8E, 0xE1, 0x74, 0xAC, 0x00, 0xCB, 0xAC, 0x33, 0xD2, 0x01, 0x24, 0xCF, 0x0E, 0x48,
    0x04, 0xDC, 0x73, 0x0C, 0x2D, 0xDD, 0x8C, 0x75, 0xC4, 0x02, 0x6E, 0x00, 0xBB, 0x6E, 0xDB, 0x43,
    0x77, 0x40, 0xFA, 0xEE, 0xB1, 0xE3, 0x36, 0x71, 0x01, 0x97, 0x09, 0x5B, 0x4A, 0xB7, 0xB1, 0xEF,
    0x40, 0x76, 0xDC, 0x1C, 0x61, 0x09, 0xDE, 0xCE, 0x55, 0xCE, 0x28, 0xE7, 0xB6, 0xE3, 0xD5, 0x79,
    0xB7, 0xC9, 0x9C, 0x21, 0x99, 0x42, 0x4E, 0xEC, 0x3D, 0x6F, 0x12, 0x41, 0xDB, 0xB8, 0x0B, 0x67,
    0x06, 0xCF, 0x71, 0x42, 0xFF, 0x06, 0xB0, 0x48, 0x94, 0x45, 0x48, 0x14, 0x73, 0x3F, 0x83, 0xF9,
    0x22, 0x45, 0xF0, 0x92, 0xB8, 0xDF, 0x53, 0x7E, 0x62, 0x6A, 0x25, 0xAD, 0x8B, 0x56, 0xCE, 0xD6,
    0x20, 0x0E, 0x18, 0x6D, 0xB0, 0x42, 0x52, 0x46, 0x75, 0x56, 0x2F, 0x8E, 0xCD, 0x8F, 0xD9, 0x7E,
    0xA1, 0x5F, 0x4B, 0x49, 0x16, 0xE2, 0xF0, 0x80, 0x9D, 0x80, 0x35, 0xBA, 0xFE, 0xAD, 0xBA, 0x28,
    0x6E, 0x24, 0x2F, 0xEE, 0xBF, 0x9A, 0x84, 0x4B, 0x55, 0x57, 0xE4, 0xF4, 0x5E, 0xDA, 0x8D, 0xFF,
    0xE1, 0xEA, 0xA1, 0xEB, 0xA2, 0x68, 0xEF, 0x3B, 0x88, 0x8F, 0x11, 0x8F, 0x11, 0x97, 0x18, 0xD0,
    0xD3, 0x4C, 0x1A, 0x50, 0xE2, 0x0A, 0x1D, 0x0B, 0x61, 0x68, 0x4C, 0xD1, 0x1E, 0xEF, 0x09, 0x82,
    0x18, 0x9D, 0x18, 0xBB, 0x31, 0xE2, 0x18, 0xC7, 0x31, 0x8E, 0xE2, 0x75, 0x1C, 0x90, 0x36, 0xDD,
    0x5E, 0x3C, 0xFE, 0x6F, 0xBF, 0xDE, 0x81, 0xFA, 0x10, 0x3A, 0xBF, 0xBC, 0x7B, 0x3A, 0x1F, 0xEB,
    0xBC, 0xD2, 0x79, 0xA1, 0x73, 0xAB, 0x2F, 0x32, 0x7D, 0x91, 0xEA, 0x5F, 0xA1, 0x6B, 0x77, 0xBF,
    0x81, 0xFE, 0x59, 0x96, 0x05, 0x39, 0x4C, 0x8E, 0x28, 0x47, 0x92, 0xE3, 0x51, 0x8E, 0xDF, 0xF3,
    0x75, 0x84, 0xF6, 0xF6, 0xAE, 0xB5, 0x67, 0xDC, 0x90, 0x79, 0xFD, 0x27, 0xAC, 0xF0, 0xAE, 0xAB,
    0xA4, 0x30, 0xD8, 0x2B, 0x1A, 0xD1, 0x76, 0xB3, 0x08, 0xC3, 0x45, 0x02, 0x91, 0xB4, 0x11, 0x83,
    0x2B, 0x21, 0x7F, 0x7A, 0xDB, 0xEC, 0xDA, 0x2C, 0x36, 0xF3, 0xE6, 0xAE, 0xC7, 0xCB, 0xC5, 0xCD,
    0xF5, 0x7F, 0x33, 0xD3, 0x3C, 0x5D, 0x0F, 0x30, 0x0E, 0xA5, 0xBC, 0xCF, 0x28, 0xB7, 0xDA, 0x23,
    0x23, 0x4D, 0xB4, 0xB5, 0x2D, 0x14, 0x5D, 0xB5, 0xEB, 0x12, 0xAE, 0x1B, 0x3F, 0x73, 0x7C, 0x13,
    0xDA, 0xE9, 0xD6, 0x24, 0xCD, 0xA0, 0xA5, 0xDC, 0x06, 0xCC, 0x4D, 0xEF, 0x3C, 0x38, 0xFA, 0x0A,
    0x91, 0x59, 0x9C, 0x88, 0x27, 0x72, 0x2A, 0x67, 0xDE, 0x81, 0x66, 0x6E, 0xEA, 0xF2, 0xDD, 0x71,
    0xD3, 0xCE, 0x55, 0x3B, 0xE5, 0x5D, 0x35, 0x86, 0xC7, 0x5C, 0x58, 0x41, 0xD5, 0x29, 0xA2, 0xD2,
    0x31, 0x55, 0xE2, 0x3C, 0xE5, 0x44, 0x28, 0xDD, 0x63, 0x4A, 0xE7, 0x7C, 0x39, 0xD0, 0x0F, 0x8A,
    0xB6, 0x45, 0xDC, 0xE2, 0xC9, 0x9F, 0x5F, 0x9E, 0xF2, 0x06, 0xC0, 0xED, 0x71, 0x2C, 0x27, 0x86,
    0xC3, 0x12, 0x4C, 0x28, 0xAE, 0x89, 0x0A, 0xF8, 0xAF, 0x88, 0x93, 0x21, 0x9C, 0x35, 0xB8, 0x47,
    0x4D, 0x1F, 0x9E, 0x49, 0x17, 0x68, 0x21, 0x8E, 0xF0, 0x1E, 0xCD, 0x94, 0xD2, 0xC5, 0x86, 0x29,
    0x3F, 0x97, 0xFE, 0x4C, 0xBE, 0x46, 0x1C, 0xDA, 0x76, 0x98, 0xA4, 0xA1, 0x95, 0xDD, 0xD2, 0xB0,
    0xC2, 0x52, 0xDA, 0x3B, 0x5B, 0xE8, 0x70, 0xFD, 0x41, 0x1C, 0x0D, 0x0B, 0x67, 0xB5, 0x72, 0x67,
    0xEC, 0x2F, 0x58, 0xEE, 0x8A, 0x24, 0xC3, 0x6E, 0x21, 0x9A, 0x5D, 0x7F, 0x7F, 0x28, 0xA4, 0xFD,
    0xD1, 0x3A, 0x5F, 0x0D, 0x33, 0xF1, 0x77, 0xCE, 0xEE, 0xCD, 0x61, 0x58, 0x40, 0xCF, 0x64, 0x98,
    0xA4, 0xEC, 0x9C, 0x4C, 0x61, 0xBC, 0xD6, 0xCB, 0xDF, 0x76, 0x39, 0x67, 0x9D, 0x19, 0xCE, 0x77,
    0x0C, 0x9A, 0x31, 0x0B, 0xE6, 0x90, 0x1E, 0xBF, 0x49, 0x91, 0x7C, 0x42, 0xBB, 0xE4, 0x8E, 0x94,
    0x4A, 0x49, 0xA7, 0x9D, 0x72, 0xC9, 0x6F, 0x2B, 0x7E, 0x0C, 0xC3, 0x42, 0x5B, 0x55, 0xB5, 0xE5,
    0xC1, 0xB5, 0x35, 0xAC, 0x23, 0x72, 0xE6, 0x94, 0x9C, 0x31, 0xA5, 0xC0, 0x59, 0xF1, 0x92, 0x6E,
    0x71, 0xB3, 0xA1, 0xF5, 0x8E, 0x5F, 0x62, 0x77, 0xC8, 0x93, 0x3B, 0x77, 0xB9, 0xD4, 0x34, 0x95,
    0xD0, 0xA7, 0x47, 0x57, 0xA5, 0x76, 0x58, 0xD2, 0xB5, 0xF8, 0x65, 0xDF, 0x5D, 0x05, 0xE5, 0xF4,
    0x3C, 0x28, 0x4F, 0xBB, 0x2A, 0xED, 0xFE, 0x09, 0xA5, 0x9B, 0x3D, 0x8C, 0x1C, 0x47, 0x76, 0xC7,
    0xAB, 0xBB, 0x97, 0x6A, 0x4A, 0x2D, 0xA9, 0x16, 0x38, 0x06, 0xD4, 0x9D, 0x74, 0xCD, 0x40, 0x01,
    0x83, 0xD5, 0xB4, 0x02, 0x06, 0x04, 0xDC, 0x33, 0x3D, 0x3A, 0x1A, 0x96, 0x01, 0x02, 0xA6, 0x82,
    0x13, 0x0C, 0x38, 0x30, 0x2F, 0xB8, 0xC8, 0x80, 0x45, 0x01, 0x4E, 0x14, 0x0C, 0x39, 0x23, 0x29,
    0x50, 0xA0, 0x80, 0x07, 0xDB, 0x80, 0x43, 0x5D, 0xE0, 0x73, 0xA0, 0x40, 0x24, 0x60, 0x1A, 0x18,
    0x9D, 0x9B, 0xEC, 0x26, 0x09, 0x58, 0x80, 0x69, 0x60, 0x5B, 0x52, 0xA0, 0xE0, 0x80, 0xDB, 0xB1,
    0x2C, 0xE0, 0x60, 0x9F, 0xC1, 0x2D, 0x51, 0xAD, 0x63, 0x53, 0xEC, 0x99, 0xF2, 0xFB, 0xBF, 0x57,
    0xB3, 0xF3, 0xC1, 0xE5, 0x92, 0xE7, 0x1B, 0xEE, 0xEE, 0x6F, 0xD8, 0x5F, 0xF5, 0xF5, 0xEA, 0x7D,
    0x55, 0xB5, 0x3A, 0xAE, 0x4E, 0x3E, 0xEC, 0x9F, 0x6E, 0xB2, 0xA6, 0x30, 0xC5, 0x24, 0xEB, 0xAB,
    0xE3, 0x8A, 0x0E, 0xA8, 0x54, 0xA9, 0x8C, 0x7E, 0x46, 0x2A, 0xAB, 0x54, 0x66, 0xD4, 0xC9, 0x5A,
    0x9D, 0x7C, 0x4B, 0x9D, 0x4C, 0xD5, 0xC9, 0x93, 0xFC, 0x73, 0x42, 0x9D, 0x7C, 0x53, 0x37, 0x3F,
    0xCB, 0x1A, 0x55, 0x18, 0x55, 0x4C, 0x14, 0xDD, 0x37, 0xFF, 0x9C, 0xA3, 0xAF, 0xE7, 0x6C, 0x5F,
    0x25, 0xF6, 0x7E, 0x5F, 0x65, 0xF7, 0xC2, 0xBE, 0xEA, 0x2A, 0xFA, 0x73, 0xF2, 0xF7, 0xFA, 0xE3,
    0xD9, 0x7E, 0xD4, 0x84, 0x56, 0x65, 0x8D, 0xB6, 0xAA, 0xA8, 0x75, 0x4B, 0x85, 0x84, 0x06, 0xF5,
    0x59, 0xFB, 0xEC, 0x57, 0x5A, 0x44, 0x0F, 0xF0, 0xE9, 0x58, 0xD7, 0xD2, 0x9F, 0xCC, 0xBE, 0x47,
    0x7F, 0x7E, 0xF6, 0x87, 0x96, 0x66, 0x1E, 0xF8, 0x77, 0xA7, 0xB5, 0xB3, 0x36, 0x36, 0xB1, 0xE9,
    0x98, 0xD4, 0xD4, 0xB6, 0xFA, 0x58, 0x5D, 0xA6, 0xCB, 0x7C, 0x65, 0x32, 0x75, 0xD7, 0x2A, 0x4B,
    0x3F, 0x17, 0x55, 0xA3, 0x95, 0x59, 0xFE, 0x49, 0xD4, 0x1D, 0x39, 0xB5, 0x83, 0x53, 0x7D, 0xAD,
    0x94, 0x96, 0xC7, 0x1F, 0x51, 0xDC, 0xE5, 0xEE, 0x37, 0x28, 0xBB, 0x26, 0x28, 0x33, 0x13, 0xDC,
    0xB0, 0x55, 0xB0, 0x3B, 0x55, 0xA1, 0x6D, 0xD5, 0xB0, 0x49, 0x55, 0x51, 0xA6, 0xEA, 0x5F, 0x4B,
    0x9C, 0xE7, 0xDF, 0xCB, 0x7C, 0xCD, 0x75, 0x3B, 0x09, 0x76, 0x66, 0x2A, 0xA0, 0x6B, 0x92, 0x29,
    0x5D, 0x53, 0xC9, 0x75, 0xA7, 0xF8, 0x1A, 0xC5, 0xBF, 0x3E, 0xFD, 0xAA, 0xE8, 0x9E, 0xFC, 0xAA,
    0xC2, 0x4E, 0xA8, 0x0E, 0x95, 0x0A, 0xCC, 0xF5, 0x36, 0x9C, 0x5C, 0x6F, 0x54, 0x54, 0x95, 0x36,
    0x2E, 0xCB, 0xA9, 0x7A, 0xA6, 0x2A, 0xBF, 0xC8, 0xCB, 0xF2, 0x57, 0x6A, 0xAB, 0x2A, 0x3F, 0x33,
    0x65, 0xF9, 0xF9, 0xE8, 0x44, 0x55, 0x56, 0x93, 0xB2, 0xFC, 0xAC, 0x7C, 0x99, 0xBE, 0x54, 0x65,
    0xF9, 0xE9, 0xFC, 0x4B, 0xF5, 0xC0, 0x97, 0x4F, 0xCB, 0x13, 0xF2, 0xE5, 0xB3, 0x72, 0x4B, 0xBE,
    0x7C, 0x3E, 0x7A, 0xDE, 0x7D, 0x51, 0xCF, 0xCA, 0x97, 0x5F, 0xAB, 0x50, 0xBE, 0xFC, 0xAF, 0x0A,
    0xE4, 0x4B, 0xA3, 0xD4, 0x84, 0xBF, 0x18, 0xA5, 0xDE, 0xC4, 0x97, 0xEB, 0x54, 0xD7, 0x2D, 0x7C,
    0xB9, 0x49, 0x23, 0xAB, 0xF1, 0xE5, 0xD7, 0x54, 0xE7, 0xA0, 0xA2, 0x2F, 0x0D, 0x0F, 0x04, 0x7D,
    0x99, 0xE0, 0x4B, 0x5A, 0x55, 0x37, 0x79, 0x80, 0x74, 0x55, 0xDD, 0xE6, 0x4E, 0xF4, 0x27, 0x55,
    0x23, 0xDD, 0x39, 0xFE, 0xAC, 0x92, 0x2F, 0xF1, 0xAE, 0x1B, 0xBF, 0xA0, 0x9D, 0x8F, 0xE4, 0x64,
    0x55, 0x80, 0x7A, 0x82, 0xA9, 0x3C, 0x61, 0xC6, 0xD0, 0x16, 0x1D, 0xA6, 0xB2, 0xF7, 0x0C, 0x30,
    0xE3, 0x93, 0x51, 0xA3, 0x32, 0x3A, 0x4A, 0xD3, 0x81, 0xBE, 0xF9, 0x56, 0x29, 0xCF, 0x8E, 0x12,
    0x4B, 0x9F, 0xDD, 0x66, 0xF8, 0x1E, 0xE1, 0x9D, 0x7A, 0x8B, 0xEF, 0xDD, 0x54, 0xFB, 0x7D, 0xF8,
    0x4A, 0x6B, 0x1C, 0xE8, 0xFF, 0x5C, 0x00, 0x4D, 0xB1, 0xC3, 0x40, 0x8B, 0xB9, 0xA6, 0xFC, 0x46,
    0xC5, 0xD4, 0xA0, 0x70, 0xA2, 0x22, 0xAA, 0x63, 0x5C, 0xE2, 0x80, 0x1A, 0x2A, 0xEF, 0xAF, 0x5A,
    0x2A, 0x0B, 0x1F, 0x1A, 0x63, 0xFA, 0x5C, 0x1A, 0x05, 0xF6, 0xBB, 0xD7, 0x54, 0x54, 0x7A, 0x98,
    0x73, 0xC1, 0x92, 0x8C, 0xBA, 0xA2, 0xF3, 0x03, 0x80, 0x5E, 0x08, 0xF9, 0x61, 0x23, 0x87, 0x47,
    0xDC, 0xB0, 0x74, 0x5F, 0xC1, 0x37, 0xB4, 0x0E, 0xD4, 0x86, 0xFE, 0x72, 0x07, 0xB6, 0x34, 0xF1,
    0xA8, 0x53, 0x6A, 0x6E, 0x4A, 0x60, 0x68, 0xE8, 0xA8, 0xCF, 0x4A, 0xB4, 0x46, 0xC5, 0x7D, 0xE5,
    0xD7, 0x72, 0x61, 0x8B, 0x9F, 0xBF, 0x28, 0x66, 0xD2, 0x14, 0xDB, 0x47, 0x25, 0xFE, 0xE7, 0x6C,
    0x19, 0x7C, 0xF7, 0xF7, 0x74, 0xB5, 0x8C, 0x59, 0xD0, 0xE7, 0x92, 0x5A, 0x35, 0x47, 0x2E, 0xD5,
    0xD8, 0x17, 0xAB, 0x57, 0xEE, 0xF7, 0xF1, 0xA5, 0xEB, 0xE6, 0xC0, 0x88, 0xC6, 0x4B, 0x68, 0x0E,
    0x40, 0xCD, 0xA0, 0x2F, 0x40, 0xF8, 0xE5, 0x28, 0xC6, 0x40, 0x7E, 0x32, 0xE5, 0x87, 0x7A, 0x34,
    0x89, 0x68, 0x4E, 0xAA, 0xC8, 0xF6, 0x13, 0x74, 0xE2, 0xD0, 0xC4, 0x5F, 0xE1, 0x84, 0xD9, 0x58,
    0x1A, 0x0C, 0xFC, 0x0E, 0x94, 0x67, 0x6A, 0x88, 0xE4, 0x1A, 0x6B, 0x47, 0xE3, 0xBD, 0x6D, 0xEA,
    0xE7, 0x89, 0xC1, 0xA7, 0xA6, 0xEE, 0x91, 0xBA, 0xFA, 0xF6, 0x6B, 0x53, 0x0F, 0x88, 0xF5, 0xB7,
    0xA6, 0xAE, 0x49, 0xA6, 0xEB, 0xF3, 0xE6, 0x77, 0x13, 0x9A, 0x00, 0xA6, 0x67, 0xEE, 0x97, 0x34,
    0x9D, 0x49, 0xDF, 0x90, 0xAA, 0x23, 0xF2, 0xFD, 0xA1, 0x63, 0xF4, 0x36, 0x91, 0xA4, 0x52, 0xFF,
    0x68, 0x12, 0x4E, 0x48, 0x7C, 0x75, 0x50, 0x25, 0x93, 0xFB, 0x34, 0x0C, 0x37, 0x4B, 0x3B, 0xA9,
    0x1B, 0x15, 0xDE, 0xBF, 0xF5, 0xCD, 0xA4, 0xBE, 0xA0, 0x94, 0x7D, 0xFF, 0x66, 0x55, 0x27, 0x24,
    0x7A, 0xA7, 0x82, 0xB2, 0x3E, 0x0C, 0x49, 0x0C, 0x4B, 0xD4, 0x23, 0x33, 0x9A, 0x99, 0xB7, 0x71,
    0xBF, 0x7E, 0x92, 0xEA, 0x37, 0xC8, 0x54, 0xAD, 0xFB, 0x81, 0x39, 0x36, 0x25, 0x92, 0x38, 0x06,
    0x0D, 0x74, 0x56, 0xA6, 0xE2, 0x09, 0x75, 0xB7, 0xDA, 0x52, 0x9A, 0xD4, 0xEA, 0x3E, 0x7D, 0x1E,
    0xC8, 0xFC, 0xE2, 0x1E, 0xE6, 0x66, 0x52, 0x91, 0xFC, 0x29, 0x1D, 0x70, 0x44, 0x85, 0x6B, 0xE0,
    0x6B, 0x4A, 0x35, 0x87, 0x11, 0xBD, 0xB5, 0x2F, 0x1E, 0xB8, 0x52, 0xD4, 0xF3, 0x32, 0x70, 0xAE,
    0xDE, 0x83, 0x91, 0x6A, 0xEC, 0x8B, 0x7D, 0xAF, 0x7C, 0x6D, 0x6D, 0x42, 0xD5, 0x8B, 0x39, 0xE0,
    0x66, 0x44, 0x26, 0xF3, 0xD8, 0x21, 0x95, 0xB2, 0xE7, 0xC0, 0xB1, 0x99, 0xE1, 0x67, 0x42, 0x56,
    0x92, 0x3E, 0x8B, 0xC4, 0x55, 0x96, 0x7F, 0x9A, 0x07, 0x98, 0xE3, 0x9A, 0xB4, 0x08, 0x15, 0x36,
    0xFC, 0xD0, 0xDA, 0x46, 0x4A, 0x27, 0xC5, 0x63, 0xFF, 0xFB, 0x35, 0x95, 0x48, 0x09, 0x87, 0xD7,
    0x66, 0xA0, 0xBF, 0x34, 0xFF, 0xED, 0x81, 0x73, 0x75, 0xC8, 0x97, 0x34, 0x0E, 0x54, 0xE6, 0x18,
    0xAD, 0x5A, 0xC1, 0xDA, 0x3C, 0xDE, 0xEF, 0x12, 0xC2, 0x4F, 0xE7, 0x9D, 0xB9, 0xDE, 0x5A, 0x6A,
    0x46, 0x43, 0xB2, 0xBB, 0x2F, 0x5E, 0x2A, 0xA4, 0xED, 0x85, 0xB4, 0x3D, 0xA7, 0x83, 0xDD, 0x47,
    0x22, 0xE1, 0x39, 0xDE, 0xC4, 0xDC, 0xCD, 0x4E, 0x81, 0xAF, 0x42, 0x3E, 0x4F, 0xBC, 0x6B, 0xB8,
    0x2B, 0xBE, 0x34, 0x46, 0x3D, 0x61, 0xED, 0xDF, 0x1A, 0x52, 0x9B, 0x76, 0xE2, 0x93, 0xBD, 0xED,
    0xFC, 0x43, 0xE9, 0x93, 0xF8, 0x92, 0x78, 0xF8, 0x86, 0xE4, 0x0F, 0xF0, 0xF0, 0x3F, 0x0F, 0x37,
    0x08, 0xD6, 0xFA, 0x85, 0x24, 0xAE, 0xE6, 0x73, 0xAA, 0xF1, 0x04, 0x21, 0x6E, 0x50, 0xB9, 0x1E,
    0xA9, 0xE0, 0xDF, 0xEA, 0x9C, 0xC6, 0x21, 0xB2, 0xCD, 0xE0, 0xBC, 0xFA, 0x81, 0xB5, 0x3F, 0xEB,
    0xB6, 0x6C, 0x2F, 0xC9, 0x0D, 0x2A, 0xFE, 0xAE, 0x84, 0xEA, 0xDE, 0xA4, 0x2B, 0xB3, 0xFE, 0x26,
    0x6E, 0xB0, 0x23, 0x98, 0xD9, 0xD0, 0xB2, 0xB5, 0x4D, 0xBE, 0x20, 0xE3, 0x4B, 0x06, 0x39, 0x20,
    0x59, 0x08, 0x6F, 0x36, 0x5E, 0x3B, 0xD6, 0xF6, 0x7A, 0x45, 0x1E, 0x45, 0x48, 0x8E, 0x08, 0x4D,
    0x1C, 0xCF, 0x79, 0x49, 0xAF, 0x89, 0x68, 0xD5, 0xD2, 0xC0, 0x5A, 0x46, 0xAE, 0x16, 0xEB, 0xEF,
    0x14, 0x25, 0xE1, 0x38, 0x00, 0x05, 0xD9, 0x14, 0xF6, 0x37, 0x82, 0xC9, 0x72, 0xAF, 0xD4, 0x74,
    0x85, 0x06, 0x52, 0x52, 0x50, 0x0B, 0x74, 0x21, 0x44, 0xF5, 0x6B, 0x3D, 0x3C, 0xC6, 0x4E, 0x3A,
    0x84, 0x1F, 0xD8, 0x49, 0x4C, 0x87, 0x8B, 0x29, 0x5D, 0x9E, 0xAA, 0x0B, 0x35, 0x61, 0x80, 0x2B,
    0x75, 0x3F, 0x67, 0x8C, 0x1A, 0x41, 0x0D, 0x44, 0xB0, 0xC4, 0x84, 0xEB, 0x0C, 0xD2, 0x3F, 0x0C,
    0xCC, 0xEA, 0x1A, 0x02, 0xD0, 0x66, 0x82, 0x64, 0xB2, 0xAF, 0xB6, 0x25, 0xA5, 0x00, 0x2D, 0x09,
    0xCD, 0xCF, 0xA2, 0x4C, 0x3D, 0xC4, 0xF6, 0x21, 0xA8, 0x84, 0x7E, 0x9F, 0x1B, 0x49, 0x8F, 0xA8,
    0xDD, 0x3C, 0xAA, 0x59, 0xA2, 0x07, 0x3C, 0x0B, 0x40, 0xBF, 0x86, 0xEA, 0x18, 0xA8, 0xA0, 0x41,
    0xD1, 0x03, 0x15, 0xB6, 0x74, 0x2F, 0x0D, 0xDF, 0x76, 0x8B, 0xC9, 0x3F, 0xB4, 0xBB, 0x03, 0x1A,
    0x29, 0x35, 0x08, 0x67, 0x9D, 0x88, 0xF9, 0x1F, 0x31, 0x0D, 0x19, 0xB1, 0xD4, 0x28, 0x38, 0x27,
    0x5E, 0x83, 0x96, 0x0D, 0xCB, 0x10, 0x93, 0x8F, 0x86, 0x95, 0x2D, 0x7F, 0x1D, 0x95, 0xB0, 0xA6,
    0xCA, 0x44, 0xD0, 0x63, 0xA4, 0x9D, 0xA2, 0x32, 0x6A, 0xD1, 0xAC, 0x88, 0x8C, 0x38, 0xAA, 0xA9,
    0x47, 0x43, 0xB2, 0xB8, 0xBA, 0xD4, 0xEF, 0xB4, 0x34, 0x33, 0xE3, 0xBE, 0x3E, 0x63, 0xE8, 0xC6,
    0x2C, 0xB2, 0xC3, 0x91, 0x2A, 0xD4, 0x56, 0x38, 0x25, 0x59, 0x7D, 0x61, 0xD1, 0x4E, 0x6F, 0xD1,
    0xDE, 0x35, 0x66, 0x2C, 0xF9, 0x0B, 0xB2, 0xCE, 0x9A, 0x93, 0xEC, 0xFF, 0x68, 0x99, 0x50, 0x06,
    0xCC, 0xC4, 0x5D, 0x97, 0xCD, 0xE9, 0x8E, 0x0F, 0x4B, 0x88, 0x2A, 0x19, 0x38, 0x23, 0x33, 0xDF,
    0x4E, 0x99, 0xDE, 0xEE, 0x35, 0x71, 0xEE, 0xB6, 0xCF, 0xF4, 0xC1, 0x70, 0xFB, 0x34, 0x53, 0x9F,
    0x79, 0x45, 0xCA, 0x71, 0xE5, 0x75, 0x1D, 0xB7, 0xD6, 0xEA, 0xF1, 0xD8, 0x3C, 0x44, 0x4D, 0xED,
    0xAF, 0x8E, 0xEF, 0x1A, 0x13, 0xB6, 0xBC, 0x0B, 0xAE, 0x9C, 0x4F, 0xE0, 0x81, 0x2F, 0x91, 0xDA,
    0xEB, 0x4E, 0xF4, 0xA5, 0x3D, 0xD9, 0x9C, 0xA5, 0x18, 0x8C, 0xE1, 0x44, 0xEC, 0x87, 0xAD, 0x03,
    0xF6, 0x06, 0x6C, 0xCE, 0xD5, 0xF0, 0x77, 0xCE, 0x61, 0xB4, 0xD1, 0xDE, 0x8B, 0x28, 0x27, 0xBA,
    0xF8, 0xAA, 0x06, 0x35, 0x97, 0x33, 0x56, 0x19, 0xB3, 0x51, 0xA9, 0xE3, 0x71, 0x66, 0xED, 0xEA,
    0x61, 0x84, 0x9E, 0xA3, 0xEF, 0x88, 0x92, 0x88, 0xEC, 0xEC, 0x31, 0x97, 0x1A, 0x7A, 0x44, 0x90,
    0xAE, 0x42, 0xB3, 0xF3, 0x36, 0x07, 0xC9, 0xA7, 0xEF, 0x30, 0x29, 0xEC, 0x3D, 0xF3, 0x66, 0x40,
    0x68, 0xCC, 0x98, 0x6A, 0x9E, 0xAB, 0x3A, 0xA5, 0x8A, 0x4F, 0xD5, 0x38, 0xA1, 0x7A, 0x5B, 0x35,
    0xD0, 0x67, 0x46, 0x1E, 0xE9, 0x88, 0xE8, 0x8C, 0x0A, 0x66, 0x55, 0x8F, 0xE6, 0x46, 0xD0, 0x9A,
    0x98, 0xA6, 0x44, 0x98, 0xE7, 0xBA, 0x3F, 0x50, 0x3A, 0xED, 0x46, 0xE4, 0xDE, 0xC6, 0xE9, 0xF3,
    0xE1, 0x0D, 0xA3, 0xBA, 0xA4, 0x44, 0xBE, 0x31, 0x6A, 0x90, 0x92, 0xDF, 0x47, 0x9A, 0x89, 0x4A,
    0xA7, 0xAA, 0x5D, 0x4E, 0xE1, 0x0C, 0xAA, 0x63, 0x72, 0x90, 0xAA, 0x14, 0xC2, 0x8F, 0x4C, 0x55,
    0x72, 0x93, 0xBA, 0x3D, 0xF5, 0x2C, 0xAE, 0x49, 0xE3, 0x16, 0x5A, 0x2A, 0x25, 0x27, 0x35, 0x6C,
    0x55, 0xFA, 0x2C, 0xD5, 0xF9, 0xF2, 0xBC, 0x29, 0x6E, 0x18, 0x21, 0x4D, 0xA1, 0x08, 0x95, 0x16,
    0x0C, 0xF9, 0x80, 0xD7, 0x32, 0x60, 0x95, 0x08, 0x24, 0xF4, 0x34, 0x64, 0xBF, 0x99, 0xF2, 0xC8,
    0xED, 0x62, 0x44, 0x74, 0x49, 0x7E, 0x59, 0xCD, 0x5E, 0x1D, 0x39, 0x77, 0xB1, 0x61, 0x1B, 0x06,
    0xFB, 0x4F, 0x12, 0x9B, 0xCD, 0xD8, 0x7F, 0x2E, 0x76, 0x46, 0x11, 0x75, 0xF9, 0xDD, 0x5B, 0x15,
    0x39, 0xCA, 0xFE, 0x6F, 0x6E, 0xDE, 0xA0, 0xC3, 0xC1, 0x27, 0x25, 0x8E, 0x45, 0x9F, 0x94, 0xE4,
    0xA8, 0xF6, 0xF4, 0xAB, 0x18, 0xC4, 0x36, 0x43, 0xB1, 0x7E, 0xDD, 0x05, 0xA2, 0xC9, 0x71, 0x80,
    0xE4, 0x1D, 0x98, 0x49, 0x25, 0x1A, 0xA9, 0x44, 0x05, 0x44, 0x33, 0xAE, 0x75, 0x56, 0x33, 0xD8,
    0xE7, 0x74, 0x93, 0xCF, 0x79, 0x5A, 0x31, 0x5A, 0x78, 0x5C, 0x41, 0xC3, 0xB1, 0x0A, 0xEC, 0x06,
    0x23, 0x41, 0xB9, 0x86, 0xC4, 0x4E, 0x97, 0x40, 0x63, 0xC0, 0xC8, 0x1C, 0x46, 0x8C, 0x61, 0xC9,
    0x20, 0x9B, 0xCE, 0xB8, 0x02, 0xF8, 0xBB, 0x29, 0x10, 0xEC, 0x30, 0xC2, 0x0F, 0x14, 0xA0, 0xCF,
    0x32, 0xE2, 0x58, 0x0D, 0x08, 0xBD, 0x58, 0x91, 0xA0, 0xA6, 0x5B, 0xB1, 0x6A, 0x08, 0x1B, 0x31,
    0x79, 0x73, 0x28, 0xD6, 0x13, 0xF8, 0x13, 0x46, 0x50, 0x79, 0x7D, 0x82, 0xE6, 0xD1, 0x8B, 0x21,
    0x81, 0x38, 0xC7, 0xE2, 0x75, 0x68, 0x55, 0x8B, 0x76, 0x1E, 0x60, 0x01, 0x07, 0x61, 0x89, 0x63,
    0x3E, 0xB7, 0xC6, 0xC4, 0xB6, 0x2B, 0x64, 0x63, 0xEE, 0x58, 0x81, 0x43, 0xF5, 0x4B, 0x03, 0x16,
    0xE5, 0xB8, 0x01, 0x6D, 0x35, 0x3E, 0xCF, 0x34, 0xE3, 0x8C, 0xE8, 0xDF, 0x7E, 0x6B, 0x1C, 0xBF,
    0x41, 0x83, 0x76, 0x3B, 0x6D, 0xF4, 0x47, 0xD4, 0xDD, 0x1F, 0x6D, 0xD6, 0x4F, 0xD0, 0x71, 0xDD,
    0xA1, 0x29, 0x44, 0x8C, 0x1D, 0xBB, 0x1D, 0x9A, 0x4A, 0x9D, 0x43, 0x2A, 0xED, 0xD0, 0x14, 0xEA,
    0x44, 0xFD, 0x23, 0x1D, 0x12, 0x79, 0xA2, 0xEA, 0xD0, 0xA8, 0x31, 0xB5, 0x23, 0x79, 0xFE, 0x09,
    0x99, 0xA8, 0x4E, 0x86, 0x4A, 0x11, 0x49, 0x86, 0x35, 0x49, 0xCA, 0x73, 0x1B, 0x8F, 0xD2, 0xA2,
    0x8E, 0xA7, 0x44, 0x3B, 0xEC, 0xB1, 0x1F, 0x96, 0x3D, 0x96, 0xC9, 0x53, 0xCB, 0x24, 0xAD, 0x12,
    0x30, 0x93, 0xBE, 0x30, 0x9B, 0xD3, 0x1D, 0x27, 0xAD, 0xC2, 0xB4, 0x75, 0x28, 0x9C, 0x32, 0xFD,
    0xDD, 0x73, 0xA7, 0x41, 0xD2, 0x2A, 0xEF, 0x8F, 0x7A, 0xD0, 0xA2, 0xA7, 0x34, 0xA8, 0x2F, 0xF6,
    0x75, 0xBF, 0xC7, 0x5A, 0x54, 0xC3, 0x6C, 0xF5, 0x48, 0xBB, 0x81, 0x29, 0x8E, 0xF6, 0xC2, 0xFE,
    0x06, 0xA6, 0x6C, 0x2F, 0x1A, 0x51, 0x7D, 0x5A, 0xE1, 0x8F, 0x6A, 0xE1, 0x29, 0x83, 0x8B, 0x49,
    0x0D, 0x97, 0xDC, 0x5E, 0x7D, 0xBA, 0xCF, 0xED, 0x7D, 0xC2, 0xB5, 0xF3, 0xD0, 0x5C, 0x62, 0x57,
    0x01, 0x2B, 0x28, 0x68, 0xF8, 0x20, 0x26, 0x18, 0x4F, 0xB9, 0x04, 0x26, 0x24, 0xE9, 0x33, 0xCE,
    0x2B, 0x58, 0x54, 0xC4, 0x51, 0x19, 0x9B, 0xD3, 0xB9, 0x89, 0x28, 0x4A, 0xF1, 0x8A, 0x8D, 0x00,
    0xE6, 0xD4, 0xFA, 0xBB, 0x5D, 0x80, 0x24, 0x96, 0xE2, 0x6D, 0x45, 0x12, 0x8B, 0x73, 0x24, 0xB1,
    0x40, 0x12, 0x8B, 0x55, 0x16, 0x6C, 0x09, 0x36, 0x04, 0xEA, 0x61, 0x08, 0x19, 0x81, 0x75, 0x58,
    0x34, 0x65, 0xCF, 0x47, 0x1E, 0x3F, 0x80, 0x35, 0x8F, 0x8B, 0x3A, 0x84, 0x35, 0xFB, 0xD5, 0x8F,
    0x61, 0x87, 0x83, 0x66, 0x3C, 0xE4, 0xD0, 0x7D, 0x1C, 0x53, 0x53, 0x8A, 0xFE, 0x98, 0xF4, 0x15,
    0xFD, 0x8C, 0xC9, 0x9F, 0x1A, 0x4E, 0x08, 0x71, 0x5B, 0xF4, 0xD5, 0x8F, 0xA9, 0xB9, 0x2F, 0xC6,
    0x74, 0x77, 0xB5, 0xA9, 0x18, 0x4A, 0xC2, 0x71, 0x76, 0x30, 0xC4, 0x29, 0x2F, 0xFA, 0x7B, 0x9E,
    0xAF, 0xF8, 0xB3, 0x4D, 0x31, 0x2F, 0x6F, 0x9F, 0x2A, 0x2D, 0xC0, 0x2E, 0x94, 0x67, 0xC5, 0x93,
    0xB2, 0xAB, 0xBE, 0xCC, 0x91, 0x47, 0x84, 0xC3, 0xEB, 0x0D, 0x8B, 0xA5, 0x62, 0xD9, 0x35, 0xB6,
    0x60, 0x6D, 0x0E, 0x7F, 0x23, 0xA8, 0xF3, 0x8C, 0xDB, 0x97, 0xC7, 0xD0, 0x6E, 0xFD, 0x3C, 0xA4,
    0x78, 0x6F, 0xAA, 0x72, 0xD2, 0xD3, 0xBA, 0xA6, 0xA7, 0x64, 0x13, 0x1A, 0xB7, 0x5C, 0x45, 0xED,
    0x05, 0x7E, 0xA6, 0x39, 0xE6, 0xCA, 0x1E, 0xCA, 0x23, 0x1D, 0x06, 0x52, 0xD3, 0xC7, 0xC0, 0xBE,
    0xF7, 0x1D, 0x59, 0x69, 0x56, 0x24, 0x9A, 0xFF, 0x31, 0x11, 0x95, 0xD4, 0xE3, 0xDB, 0xF4, 0x38,
    0x07, 0xD6, 0xFC, 0xF0, 0x90, 0x26, 0x30, 0xD6, 0x2A, 0xA9, 0x59, 0xF2, 0x60, 0x00, 0x48, 0x28,
    0x86, 0xBB, 0xCA, 0xBF, 0x5B, 0xAA, 0xFB, 0xDB, 0x65, 0xF8, 0x05, 0xE1, 0xE6, 0x44, 0x93, 0xBE,
    0xFF, 0xED, 0x8D, 0x92, 0x14, 0x7D, 0x70, 0xAB, 0x54, 0x57, 0xC9, 0x29, 0x7B, 0x9F, 0xFC, 0x2F,
    0x52, 0xDF, 0x51, 0x19, 0x1A, 0x9A, 0x7B, 0x51, 0x89, 0xB0, 0x33, 0x8D, 0xCA, 0x82, 0xCA, 0x3B,
    0x12, 0x91, 0x76, 0xE4, 0x62, 0x37, 0x1F, 0xA8, 0x04, 0x7E, 0x62, 0xCB, 0xD0, 0x96, 0x8D, 0x18,
    0xEC, 0xD8, 0xFC, 0x37, 0x74, 0xF9, 0xAD, 0xC7, 0x24, 0xE9, 0x8B, 0x1D, 0x34, 0x65, 0x4E, 0x6E,
    0x93, 0xB3, 0x84, 0x22, 0xE9, 0x8E, 0x64, 0x3F, 0xD9, 0x9D, 0xCA, 0x48, 0x7F, 0xF3, 0x1C, 0x6B,
    0x03, 0x03, 0xDE, 0xB5, 0xAA, 0x26, 0x7A, 0x77, 0xB7, 0x47, 0xF0, 0x4B, 0x82, 0x2F, 0x3E, 0x81,
    0xB9, 0x50, 0xE1, 0x27, 0x37, 0xCB, 0x0C, 0x33, 0xEC, 0x3D, 0xAA, 0x2C, 0x42, 0x03, 0x7A, 0xE6,
    0xB3, 0xC4, 0xAE, 0x2B, 0x77, 0xEB, 0x71, 0xEA, 0xE7, 0x7E, 0xD9, 0x1B, 0x61, 0x4A, 0x1B, 0xBD,
    0xD7, 0x16, 0x93, 0xCD, 0xA9, 0xC5, 0x3D, 0xB0, 0x8B, 0xB9, 0x07, 0x72, 0xE0, 0x53, 0x87, 0x18,
    0xE3, 0xB5, 0x07, 0xF2, 0x66, 0xA3, 0x33, 0x64, 0x79, 0x92, 0x11, 0x61, 0x40, 0xA3, 0xA7, 0xE1,
    0xFF, 0x53, 0xBC, 0x0F, 0x14, 0x0D, 0xF9, 0xCD, 0x03, 0x65, 0xAF, 0xFE, 0x90, 0x4C, 0x98, 0xB2,
    0xE7, 0x5E, 0x4A, 0x54, 0xEE, 0xEF, 0x9E, 0x19, 0x90, 0xC9, 0x08, 0xB6, 0xFF, 0xE4, 0xAD, 0xAE,
    0x1A, 0x47, 0x17, 0xFB, 0x6F, 0x0E, 0x28, 0xF4, 0x3F, 0xD3, 0x47, 0x94, 0x06, 0x4F, 0xAB, 0x51,
    0x35, 0x39, 0x96, 0x64, 0x03, 0xEA, 0xA3, 0x48, 0x10, 0x90, 0x51, 0xD0, 0xFD, 0x08, 0x51, 0x96,
    0xEE, 0xC7, 0x23, 0x1F, 0xC8, 0xE0, 0x5C, 0xE9, 0x57, 0x5A, 0xA8, 0x1F, 0x7D, 0xBA, 0x46, 0xA3,
    0xF4, 0x29, 0x8A, 0x92, 0xD6, 0xE7, 0x58, 0x97, 0x87, 0x99, 0x00, 0x1F, 0x1E, 0xE8, 0x33, 0x12,
    0x39, 0x97, 0x39, 0x90, 0xB7, 0x55, 0x70, 0xBC, 0x0A, 0x34, 0xF0, 0xE7, 0xBA, 0xF0, 0xE1, 0x8C,
    0xBA, 0x86, 0xEC, 0x12, 0x45, 0xDA, 0x67, 0x38, 0x11, 0x60, 0x6F, 0x52, 0x77, 0x19, 0xCF, 0x92,
    0x63, 0x45, 0x86, 0x77, 0xD6, 0x68, 0xAA, 0x52, 0x30, 0xCD, 0x03, 0xE3, 0x99, 0xE8, 0x6A, 0xEA,
    0xB5, 0x14, 0x22, 0x76, 0x8F, 0xA8, 0x0B, 0xBE, 0x49, 0xC8, 0x53, 0x48, 0x7E, 0x64, 0xBA, 0x5D,
    0x4E, 0x97, 0xE4, 0x04, 0x2F, 0x98, 0xD4, 0x5D, 0x4E, 0x5E, 0xBC, 0xDC, 0x95, 0x68, 0x65, 0x19,
    0x25, 0x23, 0x12, 0x68, 0xC6, 0x10, 0xE9, 0x65, 0x12, 0x90, 0xE9, 0x9E, 0x1B, 0xB2, 0xB1, 0x50,
    0xEA, 0xFE, 0x88, 0x41, 0x8A, 0x2C, 0x86, 0xDA, 0xAB, 0x08, 0xE7, 0x58, 0x51, 0x28, 0x0E, 0xDE,
    0x63, 0x75, 0x8F, 0x8D, 0xF4, 0x54, 0x2D, 0x80, 0x26, 0x77, 0x38, 0x21, 0x28, 0x18, 0x31, 0xC8,
    0xFB, 0xEF, 0xA8, 0xBF, 0x86, 0x6E, 0xCF, 0xC8, 0xEE, 0xDB, 0xFA, 0x92, 0xB5, 0xF7, 0xBC, 0xDD,
    0x9E, 0xB5, 0xFF, 0xA8, 0x82, 0x9D, 0xEE, 0x3D, 0xD2, 0x1D, 0xE1, 0x0E, 0xDF, 0x00, 0xDD, 0x0E,
    0x03, 0x1D, 0x33, 0x7A, 0x82, 0x54, 0x70, 0x94, 0xF1, 0x8C, 0x62, 0x68, 0x41, 0xBC, 0x04, 0x98,
    0xB6, 0x18, 0x5A, 0xAC, 0x05, 0x28, 0xEA, 0x9D, 0x8B, 0xDB, 0xC2, 0x07, 0x7E, 0x49, 0xD0, 0x3B,
    0x18, 0x05, 0x27, 0x13, 0xE6, 0x80, 0x12, 0x02, 0xAE, 0x06, 0x9C, 0x65, 0xB0, 0x0E, 0x25, 0x9A,
    0xE8, 0x93, 0xC6, 0x85, 0x15, 0x9B, 0xD6, 0x1C, 0xF0, 0xB4, 0x39, 0x1A, 0x1C, 0xE5, 0x29, 0xFC,
    0x4E, 0x9D, 0xBE, 0x08, 0xCD, 0x02, 0x57, 0xE1, 0x7E, 0x05, 0x57, 0x58, 0xFD, 0x6E, 0xA2, 0xE8,
    0x94, 0xFF, 0xB5, 0x51, 0x57, 0xC8, 0x31, 0x9E, 0xD4, 0xEA, 0xE5, 0x94, 0x06, 0x23, 0x67, 0xF7,
    0x09, 0xE6, 0x1A, 0x3E, 0x5C, 0x82, 0xB8, 0xB2, 0xC5, 0xE0, 0xA4, 0xA4, 0x69, 0x03, 0x0A, 0x86,
    0xC9, 0xAE, 0x90, 0xC2, 0xE5, 0x80, 0xE0, 0xE4, 0xBC, 0x29, 0x73, 0xA3, 0xA5, 0x9D, 0x4F, 0xFF,
    0x38, 0x1C, 0xB0, 0x9F, 0x31, 0x44, 0x86, 0x66, 0x4E, 0x96, 0xCF, 0x81, 0x0C, 0x93, 0xA4, 0x83,
    0xCA, 0x27, 0xC5, 0xE4, 0x99, 0x84, 0x2D, 0x8B, 0x1D, 0x6B, 0x49, 0x7C, 0xD1, 0x34, 0x41, 0x0C,
    0xBD, 0x13, 0x73, 0x54, 0x1D, 0x6C, 0xEB, 0x53, 0x08, 0xAB, 0xC3, 0x8B, 0x61, 0x70, 0x07, 0xC1,
    0xC7, 0x19, 0x52, 0x29, 0x95, 0x62, 0x17, 0xA9, 0xE0, 0x68, 0x4D, 0x1E, 0x99, 0x6A, 0x49, 0xAE,
    0x1E, 0xD1, 0xAC, 0x6B, 0xB9, 0x1E, 0x70, 0xF6, 0x89, 0xC1, 0xB7, 0x53, 0xA6, 0xAE, 0x70, 0xA1,
    0x26, 0xFB, 0xA7, 0xA9, 0x40, 0x1D, 0x4C, 0xD9, 0x2A, 0x6B, 0x09, 0x99, 0x97, 0xDC, 0xC9, 0xCD,
    0x07, 0x92, 0x71, 0x2E, 0x91, 0x25, 0xD6, 0xAB, 0x76, 0xD8, 0x3F, 0xED, 0xB2, 0x0A, 0x97, 0x2E,
    0xDE, 0xCB, 0x1A, 0xAB, 0xC7, 0xB5, 0x8F, 0xF3, 0x6C, 0x7A, 0xB1, 0x64, 0x1F, 0x43, 0x93, 0x63,
    0xC9, 0x28, 0x29, 0x73, 0x6D, 0x94, 0x37, 0x23, 0x9D, 0x33, 0x53, 0x31, 0x0C, 0xE3, 0x10, 0xC9,
    0x4B, 0x18, 0x46, 0xCE, 0x0D, 0x61, 0x49, 0x65, 0xFE, 0xE8, 0xCD, 0xBD, 0x4A, 0x98, 0x05, 0xD1,
    0x22, 0xEF, 0x00, 0xEE, 0x77, 0xBD, 0x5A, 0x64, 0x00, 0x1F, 0xA0, 0x71, 0xFC, 0xC6, 0xE5, 0xE4,
    0x1C, 0xE9, 0x51, 0xD1, 0x54, 0x1E, 0x19, 0x5B, 0xE9, 0xD0, 0x0C, 0xAD, 0x22, 0x4E, 0xBF, 0x99,
    0x40, 0x6F, 0xF8, 0xF5, 0xD7, 0x0D, 0x34, 0x46, 0x34, 0x31, 0x17, 0x38, 0x50, 0x19, 0x99, 0x84,
    0x64, 0xBA, 0xBC, 0xA6, 0x0C, 0xC5, 0x54, 0xFA, 0xBD, 0x46, 0x19, 0x6A, 0x62, 0x42, 0xE6, 0xD3,
    0x90, 0x1B, 0xDE, 0x0B, 0x50, 0xCE, 0x61, 0xB5, 0xB5, 0xC8, 0x59, 0xAA, 0x9F, 0xBB, 0x28, 0x8D,
    0x65, 0x95, 0x9C, 0xC9, 0xDE, 0x93, 0x8E, 0x10, 0x05, 0x10, 0xF9, 0x71, 0x10, 0x3E, 0x20, 0x88,
    0x71, 0x64, 0x9E, 0x80, 0x64, 0x96, 0x1D, 0x89, 0xB3, 0x89, 0x87, 0x58, 0x4B, 0x65, 0x85, 0x85,
    0x67, 0x3C, 0x64, 0x4B, 0x97, 0x8C, 0x0A, 0xFB, 0x0B, 0x96, 0xD4, 0x17, 0xD9, 0xED, 0x1C, 0x8A,
    0x8B, 0x49, 0xEA, 0x5F, 0x56, 0xA0, 0xEE, 0xCF, 0x24, 0x34, 0xFE, 0xED, 0x07, 0x7D, 0xA8, 0xE2,
    0xE0, 0xD6, 0xFB, 0x25, 0x18, 0xDD, 0x7A, 0x77, 0x04, 0x0D, 0xAD, 0x4F, 0xBF, 0xCD, 0x06, 0x2A,
    0x8B, 0xC4, 0xE9, 0xEC, 0x82, 0x13, 0xAA, 0x3F, 0x91, 0xD4, 0x2A, 0xD7, 0xC3, 0x73, 0x44, 0x96,
    0x98, 0x99, 0x3B, 0x66, 0x89, 0x30, 0x9E, 0x0A, 0xC9, 0xCF, 0xDB, 0xF3, 0xFC, 0xD5, 0x5C, 0x6B,
    0x7A, 0x2B, 0x89, 0x79, 0x4E, 0x02, 0xC4, 0xEC, 0xE6, 0x12, 0xD8, 0x46, 0xC4, 0x0A, 0x61, 0x37,
    0xA9, 0xCB, 0x44, 0xC0, 0xE9, 0xA4, 0x44, 0x92, 0xB2, 0x19, 0xE7, 0x76, 0x54, 0xF6, 0xAE, 0xE4,
    0x10, 0xCA, 0x8B, 0x16, 0x4B, 0x5C, 0x46, 0xC3, 0x65, 0xB4, 0x57, 0xE0, 0x7F, 0x51, 0x0C, 0x87,
    0x18, 0x35, 0xD8, 0xD9, 0x82, 0x72, 0x80, 0x47, 0x4C, 0x23, 0x01, 0xAD, 0x49, 0x83, 0x04, 0xAD,
    0x79, 0x8D, 0xB5, 0x26, 0x82, 0x60, 0xD2, 0x9A, 0x64, 0xD2, 0xA0, 0x35, 0xA9, 0x0F, 0x37, 0xA0,
    0x22, 0xFB, 0xAC, 0x27, 0x33, 0xC5, 0xE8, 0x8A, 0xDE, 0x44, 0x54, 0x20, 0x2E, 0x3B, 0xB4, 0x66,
    0x84, 0x29, 0xF4, 0xA4, 0xCB, 0x52, 0xAE, 0xD9, 0xEA, 0x21, 0xE4, 0x6E, 0x0F, 0x3C, 0xDE, 0x2B,
    0x48, 0xD8, 0x26, 0xCC, 0x81, 0xD2, 0x80, 0x64, 0xA4, 0x71, 0x43, 0x06, 0x2F, 0x8C, 0x60, 0x64,
    0xD0, 0x38, 0x68, 0x23, 0x5B, 0x2D, 0x38, 0x07, 0x73, 0x44, 0xB6, 0x1A, 0x95, 0x08, 0xB6, 0xFF,
    0x14, 0x88, 0xB6, 0x71, 0x7B, 0x0E, 0x5B, 0x4D, 0x48, 0x24, 0x1B, 0xD2, 0x15, 0x3C, 0xEF, 0x72,
    0x22, 0x2E, 0x15, 0xE2, 0x32, 0x21, 0x2E, 0x11, 0x42, 0x40, 0x3A, 0x5D, 0x63, 0xED, 0xA5, 0xCF,
    0x07, 0xFB, 0x7B, 0x83, 0x44, 0xFF, 0xC3, 0xB0, 0x01, 0xE5, 0xC3, 0x30, 0xE2, 0x8C, 0x9F, 0xB5,
    0xFD, 0x05, 0xD0, 0x14, 0x80, 0xA7, 0x01, 0x24, 0xAF, 0x40, 0x67, 0x91, 0xE3, 0x0B, 0x90, 0x2E,
    0xC0, 0x41, 0x9B, 0x33, 0x76, 0xCF, 0x03, 0xFE, 0xCE, 0x5F, 0x02, 0xD4, 0x14, 0x76, 0xFC, 0x2E,
    0xF2, 0xED, 0xB1, 0x94, 0xD0, 0x13, 0xA4, 0x82, 0x23, 0x07, 0xD6, 0x45, 0x82, 0xC5, 0x39, 0xFA,
    0xCB, 0x9A, 0xFF, 0xD0, 0x9E, 0xBC, 0x49, 0x7A, 0x6B, 0xC1, 0xA3, 0x8E, 0xDD, 0x07, 0x79, 0x9C,
    0x5A, 0x34, 0xEB, 0x06, 0x9F, 0xB4, 0x42, 0x5E, 0xFA, 0xA2, 0x19, 0x30, 0xE3, 0x25, 0xF2, 0x5E,
    0x31, 0x61, 0x66, 0xC8, 0x00, 0xAB, 0xE1, 0x2B, 0xF6, 0xBF, 0xC0, 0xE2, 0xD6, 0x0C, 0x21, 0xBF,
    0xB2, 0xFF, 0x35, 0x05, 0xBD, 0xDD, 0x9A, 0xD3, 0x0A, 0xC1, 0xCE, 0x80, 0x19, 0xEE, 0xF4, 0x98,
    0xFA, 0xEC, 0xD3, 0xC4, 0x01, 0x24, 0xB0, 0x1B, 0x6C, 0x37, 0x10, 0x41, 0xE2, 0x04, 0x32, 0xC8,
    0xE5, 0x1F, 0x27, 0x7A, 0xA3, 0x27, 0x95, 0xC8, 0x1D, 0xE7, 0x56, 0x7B, 0x6C, 0x0D, 0x16, 0x4C,
    0xD8, 0x1A, 0xF1, 0xE4, 0x98, 0x82, 0x21, 0xAB, 0xDC, 0xA7, 0x0E, 0x4C, 0x63, 0xF9, 0xBC, 0x74,
    0x32, 0x87, 0x7A, 0xFD, 0xF5, 0x3F, 0x2F, 0xF9, 0x5C, 0x40, 0x43, 0xD4, 0x2C, 0x81, 0x35, 0x2F,
    0xA7, 0xB1, 0x18, 0x56, 0x92, 0xE9, 0x96, 0x9D, 0x56, 0x7F, 0x36, 0xC1, 0xED, 0x41, 0x8B, 0xC4,
    0x64, 0x19, 0xE6, 0x63, 0x9A, 0x55, 0xA5, 0x4E, 0x5F, 0x46, 0x18, 0x1A, 0xA7, 0xAC, 0xD4, 0xBA,
    0x82, 0x81, 0xA0, 0x11, 0x5C, 0x66, 0x6C, 0x1E, 0x63, 0xA4, 0x6A, 0x19, 0x03, 0x41, 0x4E, 0x68,
    0x94, 0xD7, 0x10, 0x24, 0xCF, 0xC6, 0x5A, 0x8D, 0xB3, 0xE1, 0xCB, 0x9F, 0x07, 0xED, 0xCE, 0xEA,
    0x32, 0xC5, 0xEA, 0x82, 0xCD, 0x2A, 0x82, 0x95, 0xE5, 0x14, 0xCE, 0xD7, 0xE9, 0x87, 0x60, 0x6D,
    0xE1, 0x25, 0x14, 0xD3, 0xE7, 0x42, 0xBE, 0xE1, 0x8C, 0xED, 0x4C, 0x9B, 0x23, 0x26, 0x8D, 0xC8,
    0xA4, 0xB1, 0x9C, 0xE7, 0x14, 0x9B, 0xFA, 0x30, 0x69, 0x16, 0x61, 0x12, 0x99, 0xB4, 0xDA, 0xC5,
    0x7A, 0xE9, 0xBE, 0x26, 0x6D, 0x63, 0x65, 0x1D, 0x7A, 0x0D, 0x3E, 0x37, 0x65, 0x0E, 0x1E, 0x6B,
    0xA4, 0x80, 0x16, 0x70, 0x07, 0x91, 0xC5, 0x03, 0x8A, 0x11, 0x83, 0xAA, 0x97, 0x20, 0xBE, 0x35,
    0x9C, 0x33, 0x98, 0xB5, 0x40, 0x30, 0x43, 0xDE, 0x51, 0x85, 0xD7, 0x5E, 0x02, 0xF4, 0x85, 0xA7,
    0x59, 0x70, 0xE4, 0xF6, 0x9E, 0x20, 0x17, 0x8C, 0x05, 0x2F, 0xBB, 0x47, 0xAF, 0x41, 0xCB, 0xAA,
    0x91, 0x83, 0xF7, 0xFA, 0xEB, 0xAF, 0xFF, 0x78, 0x5E, 0xDD, 0x8D, 0xB5, 0x45, 0x6F, 0xB7, 0x7C,
    0xB4, 0xBC, 0x7C, 0xE6, 0x4B, 0x1C, 0x1F, 0x09, 0xB2, 0x09, 0x62, 0x2E, 0xC4, 0xE1, 0x19, 0x42,
    0xFA, 0x6B, 0x50, 0xC0, 0x49, 0x99, 0xDC, 0x32, 0x10, 0x61, 0xD7, 0xD7, 0x11, 0xC3, 0xB3, 0xBB,
    0xE8, 0xE4, 0x4B, 0x33, 0xCF, 0xDE, 0xA3, 0xB6, 0x57, 0x74, 0xB8, 0x2D, 0xBE, 0xA2, 0x8E, 0x3C,
    0x57, 0xBF, 0xC8, 0xFD, 0xB9, 0xB9, 0xEF, 0xD8, 0xCE, 0xFB, 0xDA, 0x1F, 0xE5, 0x4F, 0xB1, 0x0F,
    0x9F, 0x63, 0xF9, 0x2D, 0xE9, 0xE7, 0x58, 0x62, 0xBF, 0x4A, 0x63, 0xD4, 0xC0, 0x1E, 0xE4, 0xEA,
    0x02, 0xD2, 0x99, 0x39, 0x9D, 0x08, 0x55, 0x22, 0x26, 0x51, 0x9B, 0x95, 0xB6, 0x8C, 0x1F, 0x81,
    0x87, 0x24, 0x05, 0x7A, 0xBF, 0x14, 0xA7, 0x67, 0xCC, 0x49, 0x01, 0x33, 0x86, 0xD3, 0x13, 0x97,
    0x63, 0x44, 0xD1, 0x05, 0x45, 0x58, 0x53, 0x15, 0x36, 0x74, 0x7B, 0x31, 0x1A, 0x56, 0x04, 0xDD,
    0x16, 0xBC, 0x3E, 0x8C, 0x16, 0xB1, 0x74, 0xB8, 0x25, 0xC4, 0xF9, 0x4A, 0xE2, 0x23, 0x2B, 0xE1,
    0xF0, 0xC0, 0x44, 0x98, 0xEB, 0x3E, 0xC4, 0xCC, 0xB1, 0x64, 0x02, 0x1E, 0x0D, 0x52, 0x76, 0x0B,
    0xBC, 0x48, 0x03, 0x34, 0x8E, 0x38, 0x5D, 0xBA, 0x8C, 0xA2, 0xCF, 0xB0, 0xA5, 0x60, 0x02, 0xF8,
    0xBB, 0x35, 0x40, 0xBA, 0x0E, 0x08, 0x3F, 0xE8, 0x02, 0xFA, 0xEC, 0xF3, 0x00, 0x29, 0x3A, 0xA0,
    0x27, 0x48, 0x05, 0xC7, 0x05, 0x6A, 0x0F, 0x85, 0x58, 0x55, 0x87, 0xB1, 0xA4, 0x75, 0x1D, 0x7E,
    0xBA, 0x94, 0xD6, 0x38, 0xB4, 0xF0, 0xE6, 0x97, 0xE0, 0x89, 0xDE, 0x77, 0x10, 0x97, 0x4F, 0x00,
    0x1B, 0xBB, 0x00, 0x5C, 0x6C, 0x23, 0xE2, 0xE9, 0xC0, 0xF6, 0x69, 0xE4, 0xB1, 0x7D, 0xAA, 0xC8,
    0x36, 0x52, 0x3C, 0x8C, 0xD5, 0xFF, 0xDC, 0xDB, 0xCD, 0xC9, 0x44, 0xE6, 0xC1, 0x76, 0x4F, 0xA0,
    0xA1, 0x1C, 0xA2, 0x8B, 0x4F, 0xF1, 0x7A, 0xA1, 0x86, 0x63, 0x34, 0xEE, 0x69, 0xF4, 0x55, 0x43,
    0x9E, 0x3B, 0x99, 0xC2, 0xE6, 0x38, 0x87, 0x59, 0x90, 0xA3, 0x1E, 0x5B, 0x5C, 0xB7, 0xDC, 0x46,
    0x53, 0x00, 0x86, 0x97, 0xDC, 0x0B, 0x18, 0xDE, 0xA8, 0x0A, 0xC8, 0x4B, 0xD1, 0xC1, 0xC8, 0x5F,
    0x76, 0xA7, 0x93, 0x83, 0x18, 0x38, 0x6F, 0x7D, 0x4E, 0x3E, 0xBE, 0xA1, 0xC4, 0x0E, 0xC4, 0xB2,
    0x1C, 0xC3, 0xD3, 0x2D, 0x2A, 0x13, 0x17, 0xC1, 0x26, 0x32, 0x29, 0x28, 0x30, 0x11, 0x97, 0x38,
    0x09, 0x58, 0x20, 0x46, 0x99, 0x82, 0x47, 0x66, 0xC5, 0xBD, 0x9D, 0x13, 0xD3, 0x53, 0xE4, 0x25,
    0x74, 0xA9, 0xB1, 0xF8, 0xD2, 0x79, 0xE6, 0x85, 0x44, 0x32, 0xEF, 0x6D, 0x82, 0x89, 0x43, 0xBA,
    0x2E, 0x61, 0x97, 0x2B, 0xA3, 0x72, 0x48, 0x66, 0x3D, 0xA8, 0xA2, 0xA4, 0x82, 0x07, 0x9F, 0xA8,
    0x70, 0xCA, 0x09, 0x22, 0xEA, 0x4E, 0xF5, 0x2C, 0xD7, 0xFB, 0xF9, 0xE5, 0x76, 0x1C, 0x9A, 0xFF,
    0xDD, 0x74, 0x63, 0x36, 0x70, 0xCC, 0x1D, 0x1B, 0xB5, 0x37, 0x5E, 0x20, 0xFB, 0x85, 0xA2, 0x88,
    0xD9, 0xB3, 0x38, 0xE5, 0xF8, 0x2A, 0xFB, 0xA7, 0x09, 0x79, 0xAB, 0x60, 0x06, 0x0B, 0xD8, 0x67,
    0x3B, 0x2C, 0xDA, 0xB0, 0x7F, 0x9E, 0xFB, 0xA1, 0xA8, 0x64, 0x5B, 0x8A, 0xFD, 0xD6, 0xA0, 0x20,
    0xCF, 0x5E, 0x3D, 0x06, 0x3D, 0xE4, 0xEF, 0x52, 0x6B, 0x5A, 0x0E, 0xC8, 0x78, 0xCB, 0x4F, 0xB4,
    0xED, 0x49, 0xFC, 0x44, 0x01, 0x59, 0xB4, 0x23, 0x01, 0x59, 0x4C, 0xFE, 0x47, 0x0F, 0x01, 0x18,
    0xB9, 0x81, 0x5B, 0xC4, 0xAB, 0x9C, 0x28, 0x22, 0xBB, 0x84, 0x0E, 0xA4, 0x41, 0x37, 0x70, 0xC3,
    0xB1, 0x2F, 0x02, 0x0F, 0xD2, 0x54, 0x22, 0x7C, 0x48, 0x4D, 0x21, 0x27, 0x0A, 0xD6, 0x10, 0xA9,
    0x67, 0x16, 0xFE, 0xC6, 0x52, 0xE0, 0xA9, 0xE7, 0x1C, 0x09, 0xC3, 0x4A, 0xE8, 0x1B, 0x27, 0xC3,
    0x93, 0x85, 0x2C, 0x53, 0x3B, 0x0B, 0x97, 0xB0, 0x62, 0xCE, 0x3D, 0x63, 0x24, 0xBA, 0x99, 0x59,
    0xE9, 0xE8, 0x96, 0xCD, 0x8A, 0xDA, 0x2D, 0x9F, 0x0D, 0x98, 0xDE, 0x6E, 0x87, 0x19, 0x6C, 0x3F,
    0xC3, 0x0C, 0xB7, 0xE5, 0x7E, 0x6A, 0x27, 0x93, 0xDA, 0xC9, 0xEC, 0x39, 0x6E, 0x39, 0x6E, 0x38,
    0xAA, 0x7D, 0xC8, 0x72, 0xB2, 0xE0, 0xCA, 0xDC, 0x7B, 0x30, 0xBD, 0x23, 0x08, 0x38, 0x64, 0x64,
    0x48, 0x12, 0xC5, 0xF2, 0x39, 0xAC, 0xC4, 0x76, 0xD9, 0x13, 0x4F, 0x78, 0xE6, 0x01, 0xE8, 0x40,
    0x9A, 0x35, 0x58, 0x87, 0x22, 0x9B, 0x56, 0xA0, 0x93, 0x8A, 0x77, 0x59, 0x38, 0xED, 0x75, 0xC6,
    0xCC, 0xF4, 0x4D, 0xDA, 0xF3, 0xA6, 0xB5, 0x3F, 0x21, 0x67, 0x6A, 0x3A, 0x08, 0xCA, 0x31, 0xE1,
    0x84, 0x1E, 0x99, 0x6E, 0x74, 0x15, 0x4B, 0x2E, 0xA9, 0xEE, 0xAA, 0xF3, 0x41, 0x95, 0xC6, 0x5D,
    0xD5, 0x90, 0x3E, 0xE9, 0x76, 0x43, 0xA3, 0xFB, 0x83, 0xB4, 0xAB, 0x49, 0x56, 0xF3, 0x8D, 0xAE,
    0x4F, 0x82, 0x90, 0xA3, 0xD8, 0x9A, 0x37, 0x20, 0x50, 0xBB, 0xB0, 0x64, 0x4E, 0x83, 0x6C, 0x08,
    0x43, 0xF8, 0xFE, 0x5D, 0xBF, 0xC1, 0xEE, 0x9E, 0x2E, 0x05, 0xD3, 0x54, 0xEB, 0x8D, 0x83, 0xCC,
    0x40, 0xC0, 0xA3, 0x32, 0x87, 0x38, 0x94, 0x63, 0x96, 0xF6, 0xC2, 0x9A, 0x86, 0xD7, 0x6B, 0x4C,
    0xAD, 0x78, 0x73, 0x04, 0x4A, 0x21, 0xA0, 0x14, 0x7F, 0xAA, 0xE0, 0xD6, 0x90, 0xC4, 0x09, 0xDE,
    0x86, 0x70, 0x86, 0xF7, 0xD1, 0xBE, 0x5A, 0xDF, 0xBB, 0xC3, 0x18, 0x43, 0x2C, 0xEA, 0x97, 0xC6,
    0xB2, 0xA5, 0x44, 0x30, 0x16, 0xD4, 0x63, 0xB2, 0xBD, 0x5F, 0x9B, 0x37, 0x81, 0x3B, 0x86, 0xCB,
    0xF3, 0x27, 0x8C, 0xC0, 0xA1, 0x62, 0x40, 0x2F, 0x49, 0xC2, 0x6A, 0xAC, 0x38, 0x9F, 0x08, 0xCC,
    0xF6, 0x32, 0xF6, 0x87, 0xC4, 0xC1, 0x3F, 0xD0, 0x95, 0x9E, 0xE3, 0x89, 0xD3, 0x37, 0x4B, 0x12,
    0xC2, 0x33, 0xEF, 0xDF, 0xAC, 0x80, 0xD3, 0x37, 0x78, 0x89, 0x3C, 0x2A, 0x69, 0xBE, 0x8F, 0x62,
    0xE4, 0x62, 0xB2, 0x2A, 0x61, 0xB3, 0x60, 0x7A, 0x51, 0xD9, 0x53, 0x45, 0x9B, 0x42, 0x03, 0xD9,
    0xE1, 0x20, 0x2A, 0x9F, 0x53, 0xF6, 0xEC, 0x18, 0x6E, 0xFD, 0xCE, 0x9F, 0xD1, 0xC3, 0xEA, 0x80,
    0x22, 0x94, 0xE8, 0xBA, 0x61, 0xEF, 0xFE, 0xA6, 0xC1, 0xFA, 0x6D, 0xF4, 0x49, 0xC5, 0xCB, 0xB7,
    0xBA, 0x4C, 0x65, 0x0A, 0x1F, 0x05, 0x64, 0x2D, 0x39, 0x94, 0x25, 0xDC, 0xAC, 0x02, 0xB0, 0xE9,
    0x8E, 0x50, 0x40, 0x43, 0xE8, 0x57, 0x59, 0x69, 0xEA, 0x53, 0xF5, 0xD2, 0xF4, 0x5A, 0x78, 0xBB,
    0x61, 0xF9, 0x38, 0x18, 0xDA, 0xF6, 0x88, 0x20, 0xE7, 0x3D, 0x05, 0x8A, 0x71, 0x55, 0x60, 0x1D,
    0x46, 0x39, 0xE9, 0x42, 0xDF, 0x56, 0x40, 0x30, 0x33, 0x38, 0x18, 0xB4, 0x7C, 0x43, 0x94, 0x0F,
    0x00, 0x9D, 0x1E, 0x07, 0x92, 0x94, 0x6F, 0xE8, 0x0A, 0x72, 0x41, 0x2D, 0x78, 0x59, 0xA0, 0xF6,
    0x07, 0xEF, 0xA7, 0xD8, 0xC3, 0x4A, 0x53, 0x36, 0xD4, 0xCA, 0x52, 0xD1, 0x12, 0x33, 0xF1, 0x32,
    0xF6, 0xB8, 0x72, 0x3E, 0x71, 0x9B, 0xE1, 0xE6, 0xDC, 0xD3, 0xBE, 0xD9, 0x9C, 0x6E, 0x81, 0xAD,
    0xB8, 0xE1, 0xB6, 0x15, 0x7C, 0xE9, 0x68, 0x68, 0x56, 0x41, 0x3F, 0x0E, 0x98, 0xC1, 0x4E, 0x1A,
    0x80, 0xE1, 0x07, 0x9B, 0x4C, 0x0A, 0x98, 0x83, 0x6A, 0xC0, 0x79, 0x46, 0x26, 0xD9, 0x71, 0x84,
    0x2F, 0x88, 0x57, 0x42, 0xF0, 0x30, 0x85, 0xC2, 0xA3, 0x81, 0x04, 0xEB, 0xFD, 0x81, 0x8B, 0x4F,
    0x84, 0x57, 0x85, 0x7E, 0xCB, 0xD9, 0xAD, 0x98, 0xBC, 0x2B, 0xAC, 0x1A, 0xC7, 0x21, 0x4D, 0xFA,
    0xA5, 0x4D, 0x64, 0x87, 0x5C, 0xCB, 0x63, 0x67, 0x0F, 0x62, 0xE7, 0x09, 0xC7, 0xAE, 0x09, 0xB1,
    0x0B, 0xAC, 0x89, 0x1C, 0x6E, 0xC7, 0x62, 0xE5, 0x13, 0xB7, 0x2D, 0xE2, 0x91, 0xED, 0x1D, 0x96,
    0x9A, 0x9D, 0xC2, 0x62, 0x22, 0xA4, 0x89, 0x26, 0x8E, 0xF2, 0x80, 0x19, 0xEC, 0xF4, 0x98, 0xE1,
    0xCE, 0x0B, 0x4C, 0x7D, 0x76, 0x83, 0x49, 0xED, 0x65, 0xF6, 0x62, 0x89, 0xB8, 0x52, 0xFC, 0x25,
    0x6E, 0x20, 0x0E, 0x4B, 0x9E, 0x42, 0x7D, 0x06, 0x2A, 0x89, 0xC0, 0x56, 0x48, 0xC6, 0x81, 0x19,
    0xD2, 0x44, 0x41, 0x7B, 0x93, 0x92, 0x13, 0x47, 0xF8, 0x1E, 0x4D, 0x57, 0x76, 0x6C, 0xA2, 0xBD,
    0x57, 0xA4, 0x99, 0xFB, 0x23, 0x62, 0xB9, 0x10, 0xB8, 0x28, 0xC0, 0x61, 0x69, 0xAF, 0x50, 0x4F,
    0x71, 0xF2, 0x02, 0x8B, 0x9A, 0x53, 0x68, 0xA3, 0x3A, 0xB0, 0x0E, 0xEF, 0xD2, 0x7C, 0xAC, 0xA3,
    0xBB, 0x9F, 0x03, 0xFA, 0x5F, 0xBE, 0x01, 0x9E, 0xBD, 0xC2, 0xFF, 0x7B, 0xE9, 0x0A, 0x56, 0x4F,
    0xEB, 0xF4, 0x0A, 0x16, 0x47, 0xEB, 0xB1, 0xC0, 0x08, 0xDE, 0x14, 0x28, 0x20, 0x33, 0x8C, 0x64,
    0x72, 0x60, 0x3D, 0x37, 0x45, 0x5A, 0x0F, 0xAD, 0x59, 0x84, 0x3D, 0xFA, 0x6E, 0x09, 0x77, 0x4E,
    0xDE, 0x2B, 0xCA, 0x84, 0x41, 0x4D, 0x24, 0x0E, 0x63, 0x6A, 0xB7, 0x21, 0x06, 0x9E, 0x3A, 0xEF,
    0x40, 0xE7, 0xE0, 0xAE, 0x92, 0xE4, 0x79, 0x56, 0xFB, 0xF6, 0x22, 0x96, 0x64, 0xF2, 0xE8, 0xB7,
    0xD8, 0x9E, 0x6B, 0xB3, 0xE4, 0xD6, 0xDB, 0xE4, 0x57, 0xED, 0x3E, 0x5D, 0x44, 0xA3, 0x0B, 0x64,
    0xE9, 0xC2, 0x36, 0x1A, 0x91, 0x79, 0xDC, 0x8E, 0x4C, 0x34, 0x22, 0xA7, 0xEC, 0x62, 0x30, 0xE2,
    0xDC, 0x93, 0xCB, 0x45, 0xF5, 0x1C, 0x53, 0xC7, 0xE3, 0x8E, 0xEA, 0xF7, 0xE5, 0xA1, 0xF5, 0x1C,
    0xD6, 0xA3, 0x36, 0xD1, 0xAE, 0x3B, 0xE5, 0x2E, 0x2B, 0x9A, 0x14, 0x6C, 0x58, 0xBB, 0x79, 0x2D,
    0xC9, 0x51, 0xF1, 0xD6, 0x64, 0xF1, 0xB0, 0xCC, 0xB5, 0x2C, 0x1E, 0x52, 0x88, 0xA2, 0x28, 0xA0,
    0xA4, 0x40, 0x3C, 0xE2, 0xC5, 0xC3, 0x32, 0xE3, 0xE8, 0xB4, 0xC9, 0xF0, 0x68, 0xBF, 0x3E, 0xCA,
    0x25, 0xFC, 0x84, 0x6E, 0xF9, 0xF1, 0x52, 0x85, 0xCC, 0x51, 0x6F, 0x44, 0xB6, 0xC6, 0xD0, 0x14,
    0x4E, 0xC8, 0x32, 0x74, 0x3C, 0xA3, 0xCB, 0xA8, 0x8C, 0x55, 0x13, 0x56, 0xE4, 0x34, 0x91, 0x1F,
    0x6B, 0x32, 0x9A, 0x4C, 0xA9, 0xAA, 0xBB, 0x14, 0x6B, 0xBD, 0xB8, 0x97, 0x19, 0x7D, 0x98, 0xAD,
    0x6B, 0xF7, 0xDA, 0xD0, 0x64, 0xFB, 0x2D, 0xB1, 0xAE, 0xED, 0xB3, 0x85, 0x25, 0xD2, 0xEB, 0xF8,
    0xEE, 0xC3, 0xD9, 0x87, 0xC5, 0xC1, 0x97, 0xAC, 0x3C, 0x65, 0x11, 0x68, 0x5F, 0x43, 0xF5, 0xFC,
    0x76, 0x7C, 0x8D, 0x23, 0xB3, 0x31, 0xB6, 0x4F, 0x17, 0xA3, 0x71, 0xD4, 0xC0, 0xDB, 0x1C, 0x7B,
    0xB6, 0x3F, 0x84, 0x1D, 0x4C, 0x9A, 0x21, 0x8C, 0x5C, 0xD8, 0xBC, 0xC8, 0x55, 0xFA, 0xC9, 0x72,
    0xD2, 0x78, 0x11, 0x46, 0x19, 0x71, 0x4C, 0x56, 0xF1, 0x7B, 0x5F, 0xB2, 0xDF, 0x10, 0xAF, 0xAF,
    0x40, 0xAF, 0x24, 0xBE, 0xBD, 0x36, 0x9F, 0xBA, 0xC4, 0xF7, 0x68, 0x2F, 0xF1, 0x6D, 0x97, 0x13,
    0xDF, 0xC5, 0x41, 0x89, 0xEF, 0x03, 0x16, 0xDA, 0x0F, 0x5E, 0x6F, 0x3F, 0xFF, 0x31, 0x3B, 0xFE,
    0xCD, 0xF8, 0x2A, 0xFB, 0xED, 0xE3, 0x84, 0x4B, 0x1F, 0x47, 0x9C, 0x76, 0x1F, 0x53, 0xE9, 0x24,
    0x52, 0x63, 0x29, 0x7D, 0x2C, 0xEB, 0xD1, 0x24, 0x44, 0x66, 0x73, 0x75, 0x63, 0xF5, 0x58, 0x16,
    0x3C, 0x56, 0xF1, 0xFF, 0xBD, 0x64, 0x73, 0x6E, 0xE2, 0x36, 0xC4, 0x5A, 0xB3, 0x46, 0x4F, 0xC5,
    0x76, 0xA5, 0xA2, 0xBA, 0x53, 0x51, 0xFB, 0xA9, 0x78, 0x90, 0x29, 0xDA, 0xD6, 0xCA, 0x12, 0x60,
    0x2B, 0x4B, 0x80, 0xD4, 0x63, 0xBE, 0xD9, 0xA4, 0xE0, 0xA0, 0x0D, 0x26, 0x29, 0xB9, 0xCE, 0x6D,
    0x58, 0x0D, 0x82, 0xCA, 0x9B, 0xEA, 0x72, 0x10, 0x96, 0xBE, 0x3D, 0x43, 0x01, 0xFE, 0x28, 0xB0,
    0x37, 0xD0, 0x85, 0x64, 0xB4, 0x81, 0x28, 0x6F, 0x91, 0xC8, 0xD2, 0x69, 0x8A, 0x1D, 0x04, 0x9D,
    0xF4, 0x88, 0x67, 0x39, 0x45, 0x85, 0x17, 0x45, 0xC8, 0x5A, 0x07, 0xBF, 0x62, 0x6B, 0x1D, 0xDE,
    0xAC, 0xD4, 0x9B, 0x54, 0xA5, 0x77, 0x65, 0x6F, 0x15, 0xA2, 0x91, 0x54, 0x5D, 0x80, 0x6B, 0x9F,
    0x92, 0x7E, 0x25, 0x33, 0x92, 0x92, 0x46, 0x27, 0x87, 0x35, 0xCD, 0xE0, 0x06, 0xA8, 0xF4, 0x87,
    0x9C, 0xAD, 0x3D, 0xB2, 0x62, 0xB4, 0x07, 0xD2, 0x94, 0x81, 0x34, 0x65, 0x20, 0x4D, 0x19, 0x88,
    0x65, 0x1F, 0x48, 0xBC, 0x33, 0x50, 0xB2, 0xF8, 0xD2, 0x08, 0xBE, 0x33, 0xBC, 0xA2, 0x84, 0x89,
    0x4A, 0xFE, 0x07, 0x5C, 0x27, 0x92, 0x33, 0x3D, 0x62, 0xBC, 0xC7, 0x29, 0x1C, 0x49, 0xE8, 0x04,
    0x53, 0x4E, 0xE8, 0x84, 0x2D, 0xE2, 0x2C, 0x6A, 0xD1, 0x39, 0xF4, 0xAB, 0x1E, 0x70, 0x2A, 0xA6,
    0x33, 0x60, 0xB3, 0x97, 0x0A, 0x5A, 0xC1, 0x65, 0xC1, 0xB1, 0xC1, 0xDE, 0x9A, 0xD5, 0x63, 0xE2,
    0x88, 0x68, 0xF3, 0x0D, 0xA7, 0xE5, 0x62, 0x17, 0xAF, 0x3C, 0x94, 0x4E, 0xAB, 0xC7, 0xFF, 0xB4,
    0x67, 0x87, 0x39, 0x3C, 0x73, 0x24, 0x3B, 0xBC, 0xA9, 0x47, 0x9B, 0x60, 0xC3, 0xBB, 0x4D, 0x87,
    0x7D, 0x61, 0x51, 0x0A, 0xC9, 0x59, 0x06, 0x3D, 0x5B, 0x33, 0x83, 0xDD, 0x54, 0xB8, 0x73, 0x82,
    0x19, 0x9D, 0x95, 0xFB, 0x34, 0x56, 0x50, 0x2D, 0xE7, 0x49, 0x99, 0x29, 0x97, 0xDF, 0x20, 0x4F,
    0x2A, 0xBB, 0x58, 0x99, 0x9B, 0x8E, 0x87, 0x1D, 0xF5, 0x2A, 0xCB, 0x58, 0x32, 0x1C, 0x12, 0x4F,
    0xF1, 0x7B, 0x33, 0x0F, 0x7C, 0xF6, 0xDB, 0x80, 0x85, 0xEB, 0x16, 0x1C, 0x87, 0xC8, 0xEF, 0x3A,
    0x66, 0x76, 0xBA, 0x42, 0xA4, 0x47, 0x84, 0x7D, 0xE1, 0xB0, 0x14, 0x16, 0x46, 0x68, 0x6B, 0xA6,
    0x37, 0x1B, 0x30, 0xFD, 0x59, 0xC6, 0xCF, 0x0D, 0x6E, 0xBF, 0xC0, 0x8C, 0x3E, 0xDA, 0xE0, 0x74,
    0x87, 0x7E, 0xC3, 0xA5, 0x3D, 0x3A, 0x32, 0xD1, 0x7B, 0x8E, 0xA9, 0xE3, 0x71, 0xE6, 0x61, 0xD9,
    0x00, 0x06, 0xD3, 0xB4, 0x60, 0xEE, 0x96, 0x94, 0xCF, 0xB3, 0x75, 0xEE, 0xC8, 0x4A, 0x05, 0x96,
    0x2E, 0x38, 0x6F, 0xF0, 0x9C, 0x5A, 0xF1, 0x2F, 0x3B, 0x73, 0x68, 0xB9, 0x68, 0x0E, 0x95, 0xAE,
    0x81, 0x06, 0x34, 0x16, 0x24, 0xB2, 0xE8, 0xDB, 0x95, 0x17, 0xC5, 0x5A, 0x78, 0x73, 0x43, 0xB2,
    0xC7, 0xF1, 0x4C, 0x15, 0x9F, 0xB3, 0xD6, 0x93, 0x44, 0x82, 0x37, 0xE3, 0x8A, 0xFA, 0xB7, 0xFF,
    0x08, 0x56, 0x2F, 0xB8, 0xFD, 0x3D, 0x20, 0xFA, 0x88, 0x9C, 0x06, 0xB2, 0x42, 0xA8, 0x25, 0x45,
    0x65, 0xD8, 0xA2, 0x9C, 0xA8, 0x2E, 0xD5, 0xAD, 0x7F, 0x41, 0x6D, 0x75, 0x54, 0xF4, 0x29, 0x97,
    0x1E, 0xDC, 0x37, 0x5C, 0x33, 0x28, 0xD1, 0x0E, 0x89, 0x46, 0x25, 0xD5, 0xA7, 0x39, 0xDC, 0x79,
    0x82, 0x62, 0xC1, 0xAF, 0x54, 0x27, 0x9B, 0xC2, 0xA9, 0xEA, 0x90, 0x46, 0xF3, 0xF2, 0xF5, 0xDC,
    0x23, 0xDD, 0xF1, 0x65, 0xC5, 0xF4, 0xB1, 0xD4, 0x8A, 0xE7, 0x7D, 0x26, 0x0C, 0x6F, 0x08, 0xF5,
    0x3B, 0xC2, 0xD8, 0x17, 0x66, 0x20, 0xB5, 0xEC, 0x82, 0xE3, 0x8C, 0x8F, 0xF7, 0x02, 0x47, 0x3D,
    0xF3, 0x11, 0xF1, 0x0E, 0xE3, 0x37, 0x98, 0xF6, 0xDF, 0x3B, 0x7C, 0xDC, 0x56, 0x4C, 0xCF, 0x1A,
    0x66, 0x70, 0xFB, 0x2D, 0xE1, 0x47, 0x29, 0x33, 0x7A, 0xE3, 0x45, 0x26, 0xB5, 0x95, 0xD9, 0x73,
    0x4C, 0x1D, 0x8F, 0x33, 0x9F, 0x45, 0xF9, 0x44, 0xD2, 0x84, 0x42, 0xB5, 0x42, 0x23, 0xF4, 0x50,
    0x6E, 0x07, 0x32, 0xD8, 0x2E, 0xC6, 0x6E, 0x2F, 0xE6, 0xF1, 0x05, 0x9C, 0x9E, 0x49, 0x79, 0x8D,
    0x0D, 0x43, 0x53, 0xF0, 0x2E, 0x43, 0xBC, 0xB3, 0x01, 0x50, 0xC0, 0x3D, 0xB4, 0xBC, 0x81, 0x82,
    0xC0, 0x09, 0x87, 0x81, 0xE4, 0x1D, 0x72, 0x81, 0x55, 0x5F, 0x62, 0xA5, 0xC9, 0xBE, 0x72, 0xC7,
    0x20, 0xDC, 0xBA, 0xF1, 0x25, 0xB9, 0x0C, 0xC1, 0xF4, 0xCE, 0x97, 0x26, 0x2C, 0xC3, 0xFC, 0xEE,
    0x67, 0x26, 0x98, 0xE8, 0xF4, 0x6F, 0x3E, 0x33, 0x54, 0xA1, 0x34, 0xB8, 0x61, 0x3C, 0xD3, 0x49,
    0xB1, 0x5D, 0xB5, 0x49, 0xD3, 0x88, 0xD0, 0x36, 0xA9, 0x7E, 0x87, 0x54, 0xED, 0xE5, 0x54, 0xFB,
    0xE6, 0x85, 0x13, 0xC7, 0x80, 0x98, 0x6B, 0x36, 0x47, 0x87, 0xF1, 0xED, 0x05, 0xC0, 0xC3, 0x40,
    0xA6, 0xBC, 0x00, 0x39, 0x8F, 0x79, 0xDC, 0xE7, 0xB9, 0xF5, 0xB9, 0xE7, 0x89, 0xC3, 0xB4, 0x47,
    0xA5, 0xDE, 0x52, 0xC2, 0xF1, 0x12, 0xA1, 0x6B, 0xAE, 0x38, 0xD6, 0xF2, 0x0A, 0x03, 0xBF, 0xA6,
    0xB7, 0xC7, 0xA1, 0x23, 0x19, 0x3A, 0xC3, 0x4B, 0xC3, 0xFF, 0x69, 0xB1, 0x4C, 0xE8, 0xCD, 0xBE,
    0x66, 0xFA, 0xB7, 0xC7, 0xFE, 0x84, 0x86, 0x24, 0xB8, 0x7D, 0x82, 0x19, 0x7D, 0xB4, 0xE9, 0x57,
    0x7E, 0x85, 0x91, 0x0B, 0x2A, 0x72, 0x4D, 0x69, 0x0E, 0x06, 0x25, 0xB6, 0xB1, 0x33, 0x4B, 0x8C,
    0x20, 0xF3, 0xA8, 0x23, 0x24, 0x6B, 0xCE, 0x91, 0x30, 0x12, 0xC6, 0xA2, 0x1B, 0xF7, 0xB8, 0xD6,
    0xCE, 0x43, 0x07, 0xC5, 0x76, 0xAD, 0x1C, 0x27, 0xA3, 0xE3, 0xB6, 0x04, 0x32, 0xAB, 0x21, 0x7B,
    0xCA, 0xC1, 0x77, 0xAD, 0x78, 0xCC, 0xEC, 0x43, 0x66, 0x32, 0xCC, 0xBC, 0xBF, 0x82, 0x57, 0xF8,
    0x47, 0xBC, 0x69, 0x50, 0x15, 0x15, 0xBF, 0x69, 0x45, 0x13, 0x52, 0xB6, 0x8E, 0x5B, 0x32, 0xF3,
    0xE4, 0xDB, 0xFB, 0xBB, 0xD8, 0x7C, 0x83, 0x35, 0xA9, 0x0E, 0xEF, 0xA6, 0x88, 0x3E, 0x78, 0x1A,
    0xF1, 0x39, 0x74, 0xAC, 0xC2, 0x70, 0x62, 0x9F, 0x60, 0x44, 0xD6, 0xB0, 0xEB, 0x92, 0xC2, 0xA9,
    0xE3, 0x86, 0xA3, 0x7A, 0x34, 0x25, 0x73, 0xEF, 0x36, 0x0C, 0xAE, 0xBF, 0xA5, 0x36, 0x90, 0xFD,
    0x9F, 0xC8, 0xCA, 0xD1, 0x88, 0x0C, 0xD4, 0xF7, 0xB1, 0x20, 0x30, 0xA0, 0xA0, 0xE5, 0x2B, 0x58,
    0xC2, 0xD9, 0xB5, 0xBD, 0x1D, 0x24, 0x05, 0xBF, 0xC6, 0x32, 0x07, 0x14, 0x1B, 0xBF, 0x48, 0x16,
    0xB2, 0x34, 0xCC, 0x18, 0xE4, 0x00, 0xE2, 0x20, 0xF6, 0x27, 0xF6, 0xC4, 0xE0, 0xF7, 0x60, 0x1E,
    0x19, 0x7A, 0xF0, 0x73, 0x20, 0x16, 0x2B, 0xD9, 0x15, 0xA4, 0xF2, 0xE8, 0x46, 0x70, 0x59, 0x70,
    0xCC, 0xED, 0x58, 0x39, 0x18, 0xEC, 0xFC, 0x0D, 0xD4, 0xB0, 0x56, 0xCB, 0x99, 0x94, 0xF9, 0x00,
    0x1E, 0x95, 0x45, 0xEC, 0x2E, 0x37, 0x1B, 0x6F, 0xC5, 0x20, 0x63, 0xC7, 0x0B, 0x74, 0x61, 0xC9,
    0xEB, 0x77, 0x51, 0xA9, 0xCB, 0xCC, 0xCE, 0xF4, 0x28, 0x04, 0x38, 0x9F, 0x87, 0x94, 0xAD, 0x8F,
    0xF7, 0xE6, 0xCE, 0x1F, 0x86, 0x22, 0x2D, 0xDB, 0xB8, 0x7F, 0x55, 0x0D, 0x3F, 0xAB, 0x71, 0xDC,
    0xDE, 0x21, 0x2F, 0x7D, 0x4B, 0xD1, 0x98, 0x61, 0x97, 0x12, 0x0D, 0x19, 0x1C, 0x9A, 0x1D, 0x5E,
    0xF6, 0x0E, 0x76, 0x9E, 0x81, 0xD3, 0x1E, 0x9D, 0xDD, 0xF0, 0xCD, 0x53, 0x18, 0xB6, 0x60, 0x12,
    0xC3, 0x32, 0xC2, 0xBD, 0x4F, 0x51, 0x50, 0x54, 0x62, 0x11, 0x7B, 0x04, 0xD9, 0xA5, 0x32, 0xF8,
    0x35, 0xB6, 0xDE, 0xA1, 0x4B, 0x35, 0x6F, 0x43, 0xE2, 0xCC, 0xBA, 0xB5, 0xF7, 0x72, 0xC2, 0xB5,
    0xD7, 0xE6, 0xDE, 0xD7, 0xE6, 0xBA, 0x16, 0x75, 0x47, 0x99, 0x3F, 0xA8, 0xC1, 0x43, 0x97, 0x44,
    0x26, 0x0B, 0x3B, 0xE3, 0xC5, 0x84, 0xE2, 0x17, 0x72, 0xDD, 0x58, 0x96, 0xC5, 0xA6, 0x2B, 0xA4,
    0x62, 0xC7, 0x2E, 0x0E, 0x2F, 0x58, 0xA6, 0x79, 0x11, 0x18, 0x5B, 0x07, 0x27, 0x1F, 0x63, 0x23,
    0x04, 0x36, 0x1E, 0xCB, 0x5C, 0x1C, 0x8C, 0x91, 0xB9, 0xF4, 0xC9, 0xEE, 0x63, 0xFB, 0x7C, 0xB0,
    0x73, 0xBC, 0xC1, 0x6B, 0x1E, 0xE1, 0x07, 0xD8, 0x69, 0x36, 0x42, 0xE3, 0x0C, 0xE4, 0x91, 0x7E,
    0x8D, 0x26, 0xD9, 0xEF, 0xC6, 0x9E, 0x41, 0x18, 0xBD, 0x15, 0xFB, 0x06, 0x49, 0xC4, 0x8D, 0x38,
    0x98, 0x20, 0x46, 0xC2, 0xEE, 0x3B, 0x0D, 0xD9, 0x8F, 0xA9, 0x77, 0x0B, 0x50, 0xBF, 0x3D, 0xC5,
    0x06, 0xD3, 0x38, 0x8E, 0x6A, 0xA8, 0xC4, 0xB8, 0x97, 0x55, 0xF0, 0xFB, 0xE2, 0xAD, 0x1F, 0xF2,
    0xAE, 0xA6, 0x95, 0xE6, 0x0E, 0x17, 0xFE, 0x33, 0x09, 0x06, 0xD2, 0xF9, 0x0F, 0xFB, 0xFB, 0x07,
    0x5F, 0x39, 0x76, 0x73, 0xE4, 0xF7, 0xF8, 0xBB, 0x1C, 0x6D, 0x76, 0x25, 0x1D, 0x3B, 0x90, 0x0D,
    0x12, 0xB9, 0xBC, 0x22, 0x52, 0xCB, 0x85, 0x86, 0x3D, 0x2E, 0xF2, 0x92, 0x49, 0xDD, 0x50, 0x6F,
    0xB7, 0xA4, 0x44, 0xCA, 0xB1, 0x1A, 0xD0, 0x2D, 0x40, 0xCE, 0x38, 0x5F, 0x33, 0x86, 0x46, 0xFE,
    0x77, 0x9D, 0x1E, 0x40, 0xE7, 0x22, 0x92, 0x49, 0xBA, 0x21, 0xAC, 0x18, 0xBE, 0xE1, 0x83, 0x34,
    0xD1, 0x18, 0xE7, 0x23, 0x46, 0x16, 0x8D, 0x00, 0x7D, 0x9A, 0xF1, 0xA4, 0x66, 0x90, 0x07, 0xBF,
    0x02, 0xDE, 0x02, 0x36, 0x87, 0x88, 0x00, 0x59, 0x76, 0x80, 0x0E, 0xFC, 0x94, 0xD3, 0x2E, 0xCB,
    0xFD, 0x8E, 0x8D, 0x9C, 0x23, 0x6E, 0x4A, 0x38, 0x89, 0xF0, 0x02, 0x97, 0x5F, 0x6B, 0x85, 0xF7,
    0x3F, 0x5A, 0xDD, 0xA7, 0xD2, 0xB1, 0xB3, 0x7A, 0x40, 0x4D, 0x3B, 0x1E, 0x61, 0xDF, 0x28, 0x12,
    0x77, 0x5B, 0xBC, 0x45, 0xA5, 0x9A, 0xEF, 0x5D, 0x20, 0x41, 0x86, 0x31, 0x4B, 0x08, 0x8A, 0xA7,
    0xFC, 0x98, 0xDC, 0x76, 0x8E, 0x41, 0x72, 0xC5, 0x51, 0x47, 0x17, 0xF3, 0x84, 0xC2, 0x43, 0xD8,
    0xB8, 0xB1, 0x8A, 0x4F, 0x4D, 0x00, 0x7D, 0xAB, 0x04, 0x02, 0xEC, 0xB3, 0x1C, 0xF3, 0x0B, 0xBD,
    0xA8, 0x21, 0x26, 0xF7, 0xF8, 0x2D, 0xFE, 0xDF, 0x2F, 0x9B, 0x08, 0x3E, 0x87, 0x9D, 0x64, 0xEF,
    0xE1, 0x0D, 0xC1, 0x57, 0xA6, 0x14, 0x2F, 0xF9, 0xAD, 0xAE, 0x29, 0x56, 0xF2, 0x10, 0x2D, 0x45,
    0x2D, 0x5A, 0xC5, 0x77, 0x6D, 0x2E, 0xE5, 0xBD, 0x3D, 0x31, 0xBC, 0x9C, 0x64, 0xC0, 0xEB, 0x0D,
    0xC8, 0xDB, 0x18, 0xBF, 0x91, 0x77, 0x46, 0xAE, 0x89, 0xB1, 0xEB, 0x08, 0x0E, 0x07, 0xB2, 0x0A,
    0xEA, 0x7F, 0x68, 0x3F, 0x1C, 0xAD, 0xAE, 0xD3, 0xF3, 0xB8, 0xD9, 0x96, 0xFC, 0x2C, 0x9E, 0xAB,
    0xF3, 0x20, 0xD3, 0xE7, 0x44, 0x7A, 0x2E, 0x89, 0x74, 0x2C, 0x4A, 0x45, 0x4B, 0xF8, 0xEE, 0xC3,
    0x4B, 0xE5, 0xFA, 0xB9, 0xEF, 0x09, 0xFE, 0x99, 0x51, 0xDC, 0xE5, 0x73, 0xC5, 0xE7, 0x7C, 0xA5,
    0xE5, 0x4B, 0xFC, 0x96, 0xE1, 0x4D, 0x68, 0x06, 0xD1, 0xA3, 0x47, 0x84, 0xD9, 0x62, 0x68, 0xBE,
    0x2F, 0xDB, 0xF4, 0x2F, 0xD9, 0x73, 0xBC, 0x36, 0x66, 0xEF, 0xF1, 0x5B, 0x3E, 0xDF, 0xFF, 0x00,
    0xBB, 0x63, 0x6B, 0x1A, 0xFE, 0x53, 0x6F, 0x1B, 0xBC, 0xEA, 0x4B, 0xE2, 0x50, 0x47, 0x95, 0x8A,
    0x2E, 0x9E, 0x51, 0xE7, 0xF1, 0x26, 0xD3, 0xF6, 0x1B, 0x2A, 0xB9, 0x86, 0x7D, 0x6F, 0x03, 0x7E,
    0x97, 0xC3, 0x3B, 0xF3, 0xC7, 0x2A, 0xE6, 0xAC, 0x6D, 0xDF, 0xB3, 0x05, 0xBF, 0x5A, 0x92, 0x34,
    0xF1, 0x3D, 0x7E, 0x29, 0xBA, 0x44, 0xFC, 0x95, 0x8C, 0xDE, 0x0A, 0xF0, 0x82, 0x42, 0x36, 0x11,
    0x89, 0x1E, 0x36, 0x42, 0x7B, 0x55, 0x43, 0x6D, 0x78, 0xF6, 0xEC, 0x19, 0x30, 0xC0, 0x5B, 0x4E,
    0x58, 0x3C, 0xDE, 0x7E, 0x45, 0x92, 0x45, 0x78, 0x4B, 0xA9, 0xE2, 0xFD, 0xF9, 0xBC, 0xCB, 0x69,
    0xCB, 0x51, 0xB9, 0xE3, 0x8F, 0xA4, 0x27, 0x4B, 0xA2, 0xFF, 0x07, 0x8D, 0x92, 0x31, 0x4E, 0xC3,
    0x30, 0x18, 0x85, 0x5F, 0x6C, 0xA4, 0x0C, 0x19, 0x3C, 0xB3, 0xD4, 0x1D, 0x58, 0x21, 0x4B, 0x67,
    0x6C, 0xA9, 0x23, 0x6B, 0x0F, 0xC2, 0xC0, 0x4E, 0x8E, 0xC0, 0x21, 0x58, 0x5A, 0x06, 0x7A, 0x01,
    0x14, 0x1F, 0xC1, 0x47, 0xF0, 0xCC, 0x94, 0x21, 0x03, 0x42, 0xA8, 0xE6, 0xFD, 0x4E, 0x5B, 0x3A,
    0x95, 0x26, 0xFA, 0xBF, 0x38, 0x52, 0xF2, 0xBF, 0xE7, 0xF7, 0x1B, 0x80, 0x7A, 0x05, 0x56, 0xF7,
    0x3B, 0x98, 0x1C, 0x5B, 0x3C, 0x99, 0x70, 0x85, 0xA4, 0x3D, 0x74, 0x68, 0x04, 0x06, 0xA8, 0x8F,
    0x30, 0x39, 0x67, 0xEF, 0x04, 0x8D, 0xBC, 0x5E, 0x06, 0x0F, 0x37, 0xF6, 0x5F, 0xD8, 0x5F, 0x1B,
    0x76, 0xE9, 0x23, 0x16, 0x4D, 0x42, 0x52, 0x41, 0x05, 0x50, 0x63, 0xAA, 0x7A, 0xAA, 0xCE, 0x7E,
    0xBF, 0x05, 0x6A, 0x04, 0xFE, 0xCA, 0x3A, 0x7F, 0xBB, 0xD1, 0x8D, 0x53, 0xDF, 0xB5, 0x67, 0xDF,
    0x0E, 0x0B, 0xCA, 0x25, 0xE3, 0x2B, 0xCA, 0xEA, 0x93, 0xA2, 0x7B, 0x6F, 0x27, 0xEF, 0x65, 0x7D,
    0xAE, 0xA8, 0xDB, 0xB9, 0xF1, 0x79, 0xD8, 0x1B, 0xAE, 0xD6, 0xC4, 0xCA, 0xE6, 0xC0, 0xDD, 0x6F,
    0x4D, 0x90, 0x80, 0x74, 0xC7, 0x84, 0x3A, 0x71, 0x5D, 0x7B, 0x4C, 0x41, 0x49, 0x3E, 0x7B, 0x56,
    0x9E, 0x31, 0x7D, 0xBE, 0x97, 0x9C, 0x4A, 0x50, 0xDE, 0x96, 0x18, 0xCC, 0xE5, 0xF4, 0x4C, 0x6C,
    0xE8, 0x0F, 0x0E, 0xE8, 0x61, 0x23, 0x1E, 0x66, 0x59, 0x26, 0xB0, 0x75, 0x10, 0x0F, 0x16, 0xE2,
    0xC1, 0x16, 0x0F, 0xB6, 0x78, 0xB0, 0x45, 0xFD, 0x40, 0x19, 0x55, 0x46, 0xF1, 0x80, 0x3F, 0x0F,
    0x97, 0xB3, 0x95, 0xA9, 0x0D, 0x39, 0x1E, 0x1C, 0xF0, 0x8C, 0x60, 0xD6, 0x13, 0x8F, 0xB2, 0xCF,
    0xD8, 0x74, 0x50, 0x81, 0xD3, 0xD2, 0x47, 0xD4, 0x47, 0x98, 0x60, 0x72, 0x70, 0xA1, 0x95, 0x11,
    0xF2, 0xBB, 0x7F, 0x11, 0x88, 0x3A, 0x71, 0xCF, 0x2A, 0x33, 0x54, 0xDC, 0x50, 0xED, 0x85, 0xCF,
    0x3B, 0x51, 0x4B, 0xEC, 0xA7, 0x3A, 0x15, 0xA1, 0xB9, 0x3E, 0x81, 0x0A, 0x55, 0x42, 0xBD, 0xD3,
    0x39, 0x99, 0x07, 0x93, 0xD3, 0xAD, 0xD6, 0x11, 0x77, 0x20, 0x5A, 0x4F, 0x98, 0x44, 0xA8, 0x1F,
    0x02, 0x4E, 0x60, 0x96, 0x11, 0x73, 0xB3, 0x4C, 0x3C, 0x1E, 0x6A, 0x98, 0xB7, 0x1F, 0xC8, 0x91,
    0x12, 0xD7, 0xF8, 0x05, 0x15, 0xCC, 0x31, 0x0E, 0xC3, 0x20, 0x10, 0x44, 0xD1, 0x41, 0x96, 0xE2,
    0x92, 0x23, 0x70, 0x94, 0xF5, 0xCD, 0xE0, 0x64, 0x69, 0xD3, 0x72, 0x83, 0xD0, 0xA7, 0x08, 0x91,
    0x6C, 0xD9, 0x29, 0xC8, 0x0F, 0xBB, 0xD2, 0xBE, 0x62, 0x46, 0x1A, 0x29, 0xC8, 0x2F, 0x6E, 0xAE,
    0x55, 0x97, 0x7D, 0xB2, 0xB4, 0xE1, 0x71, 0xB7, 0x59, 0x18, 0xCF, 0x59, 0xC0, 0x7B, 0xD7, 0x02,
    0xAF, 0xA1, 0x08, 0x0F, 0x36, 0x63, 0x44, 0x6A, 0xA6, 0x1B, 0x35, 0xF1, 0x81, 0xB2, 0x72, 0xF2,
    0x53, 0x00, 0x2E, 0x29, 0x43, 0x93, 0xD2, 0x97, 0x22, 0xAD, 0xFD, 0x3E, 0xD7, 0xC2, 0x71, 0xF9,
    0x7E, 0x6E, 0x6E, 0x2A, 0xEE, 0x6D, 0xFE, 0x1F, 0xCD, 0x5A, 0x5D, 0x6C, 0x1C, 0xD7, 0x75, 0x3E,
    0x33, 0x97, 0xE4, 0xC8, 0x9C, 0xDD, 0x1D, 0x01, 0x75, 0x8B, 0x54, 0x5C, 0x71, 0xF4, 0x10, 0x14,
    0x0A, 0xB0, 0xE2, 0xAE, 0xCC, 0x69, 0xB5, 0xAE, 0x97, 0xDC, 0x89, 0xF5, 0xE0, 0x07, 0xB9, 0x95,
    0xF2, 0xD2, 0x87, 0xCA, 0x80, 0x0D, 0xB4, 0x4D, 0xD0, 0xD8, 0xA8, 0x36, 0x81, 0x0A, 0xA8, 0x09,
    0xED, 0x9D, 0x5A, 0x28, 0x0C, 0x04, 0x28, 0x22, 0xA3, 0x42, 0xDB, 0x04, 0x01, 0x1A, 0x34, 0x6E,
    0x11, 0xD3, 0x45, 0xB4, 0x6D, 0xF8, 0xC0, 0xDA, 0x14, 0xF7, 0xC6, 0x04, 0xE2, 0x87, 0x36, 0xC9,
    0xB8, 0x2E, 0x9A, 0x00, 0x55, 0x9B, 0x89, 0x29, 0xA1, 0x70, 0x13, 0xD4, 0x17, 0xF0, 0x3A, 0x59,
    0xD9, 0xCB, 0xBD, 0xFD, 0xCE, 0xBD, 0xB3, 0x14, 0x2D, 0x91, 0xB4, 0x25, 0x4B, 0x89, 0x28, 0x72,
    0xCF, 0xCC, 0xEC, 0xCC, 0x9D, 0xFB, 0xDD, 0x73, 0xCE, 0x77, 0x7E, 0xAE, 0x88, 0x88, 0x4A, 0x64,
    0x7F, 0x7C, 0x99, 0x1F, 0x28, 0xF3, 0x79, 0xA2, 0x71, 0x00, 0x9F, 0xEE, 0xFA, 0x20, 0xE0, 0xB3,
    0xA0, 0x1B, 0x38, 0x6E, 0x8F, 0xA8, 0x18, 0x0A, 0xE9, 0xAF, 0xE0, 0x21, 0x4F, 0xAA, 0x62, 0x05,
    0x0F, 0x7D, 0x5C, 0x35, 0x2A, 0x90, 0x41, 0xBA, 0x10, 0xB0, 0x9C, 0x5B, 0x0A, 0xC5, 0x4F, 0x20,
    0xEB, 0x87, 0x3C, 0x39, 0x28, 0x12, 0x55, 0x70, 0xC3, 0x1C, 0xDE, 0x10, 0xB8, 0x69, 0xAB, 0xE2,
    0x13, 0x35, 0xE5, 0x12, 0xD5, 0x45, 0x4C, 0x2D, 0x75, 0x88, 0x22, 0x21, 0xA9, 0xD3, 0xD8, 0x43,
    0x2D, 0x27, 0xA5, 0x33, 0x78, 0x4B, 0x8B, 0x32, 0x9A, 0xC1, 0xB5, 0x16, 0x75, 0xC8, 0x4F, 0x88,
    0x22, 0x6A, 0xB9, 0xDF, 0xCA, 0x88, 0x1A, 0x54, 0xAB, 0xA9, 0x33, 0x78, 0x37, 0xB5, 0x1A, 0x07,
    0xA6, 0x79, 0x36, 0x9D, 0x80, 0xBC, 0x84, 0x67, 0x2A, 0xA4, 0xC3, 0xB3, 0x4D, 0xF1, 0xB7, 0x40,
    0x24, 0x18, 0x01, 0x06, 0xF2, 0x63, 0x48, 0x81, 0xC1, 0x0C, 0x90, 0xEE, 0x0B, 0x3D, 0x23, 0x27,
    0x34, 0x5F, 0xFE, 0x58, 0xCC, 0x93, 0x20, 0xFA, 0xD4, 0x57, 0x88, 0x3E, 0xF9, 0xBC, 0x13, 0xFF,
    0xC1, 0xDF, 0x4D, 0x2E, 0xFC, 0xE1, 0x3F, 0x1F, 0x7E, 0xED, 0xEB, 0x5F, 0x9A, 0x3F, 0xF4, 0x83,
    0x2F, 0x37, 0x0A, 0xF2, 0x0B, 0x47, 0x0A, 0xF4, 0x85, 0xFB, 0x1E, 0xA6, 0xC9, 0x5F, 0x7D, 0x23,
    0x2D, 0x16, 0x1F, 0x6B, 0x15, 0x3D, 0xAA, 0x15, 0x9C, 0x73, 0x51, 0x01, 0xF3, 0xA9, 0x50, 0x19,
    0x9F, 0x55, 0xAD, 0x68, 0xCE, 0x59, 0xA6, 0xEA, 0xFF, 0x0E, 0xC8, 0xF9, 0x9D, 0x13, 0x44, 0x3C,
    0x2E, 0xDE, 0xE1, 0x5E, 0xC2, 0x5B, 0x1F, 0xC6, 0x5F, 0x99, 0xC8, 0x3B, 0x88, 0xF9, 0xD6, 0x88,
    0xCA, 0xF7, 0xD3, 0x58, 0xF4, 0x40, 0xAF, 0x9A, 0x4D, 0x0C, 0x1E, 0x48, 0xF6, 0x3F, 0x31, 0x4B,
    0x33, 0xBF, 0x35, 0x1B, 0xFF, 0xC9, 0x60, 0xF6, 0xF8, 0xEA, 0xC1, 0xD9, 0xF8, 0xF0, 0xD2, 0x2C,
    0xCD, 0xD5, 0x8E, 0x9C, 0xFB, 0xBC, 0x6A, 0x0E, 0x5F, 0x54, 0xF7, 0x4E, 0x69, 0xE0, 0x70, 0x78,
    0xAA, 0x8B, 0x8B, 0x03, 0x7C, 0x56, 0xB5, 0x7E, 0x13, 0x17, 0xFA, 0x80, 0x19, 0x2F, 0x5E, 0x90,
    0x94, 0x89, 0x58, 0x5F, 0x25, 0x7A, 0x51, 0x67, 0x8C, 0xB7, 0xF9, 0xC6, 0x12, 0x8B, 0x16, 0xD5,
    0x59, 0x74, 0xA8, 0xC1, 0xE2, 0x34, 0x9D, 0x49, 0xC9, 0xC9, 0x9A, 0x5A, 0xE1, 0x6C, 0xE5, 0x73,
    0x8B, 0xCB, 0x10, 0x81, 0xA2, 0x0A, 0x84, 0x50, 0x54, 0x86, 0x70, 0xAF, 0xC6, 0x8D, 0x2B, 0xB8,
    0x53, 0xEB, 0x9E, 0x1E, 0x90, 0x9B, 0xEE, 0xCB, 0x68, 0x9A, 0x5C, 0x0C, 0x4E, 0x3E, 0x0B, 0x45,
    0x22, 0xA5, 0xE1, 0x27, 0xB0, 0xEA, 0x7D, 0xDC, 0x82, 0x75, 0x0A, 0xA9, 0x33, 0xC6, 0xAB, 0x29,
    0x23, 0x6B, 0x1B, 0x75, 0x23, 0x5A, 0x0D, 0x23, 0xA2, 0x8A, 0x11, 0x75, 0x7B, 0x56, 0xB7, 0xDF,
    0xD5, 0xED, 0x9D, 0xF3, 0xD6, 0x8C, 0x82, 0xC4, 0x1A, 0x95, 0x47, 0xF6, 0xC0, 0x33, 0x4A, 0x1A,
    0x27, 0xE1, 0xF1, 0xAA, 0x35, 0xBF, 0x7D, 0xD4, 0x83, 0x70, 0x7A, 0x80, 0x3E, 0x41, 0xE2, 0x67,
    0x1B, 0xCB, 0x9D, 0x78, 0x95, 0x82, 0xB6, 0x7F, 0xA6, 0xA9, 0x1E, 0xA3, 0x62, 0xE0, 0xFE, 0xE4,
    0x50, 0x0B, 0x63, 0x08, 0xB9, 0x5A, 0x6F, 0x5D, 0x24, 0xD8, 0x5C, 0xB5, 0xFE, 0xD9, 0x1F, 0xC7,
    0xA1, 0x6A, 0xF8, 0x2B, 0xB3, 0x67, 0xE3, 0x7A, 0x23, 0x10, 0x83, 0x07, 0x02, 0xAA, 0xE0, 0x86,
    0x95, 0x66, 0x91, 0xEF, 0x53, 0x07, 0xA7, 0x0B, 0x54, 0x95, 0x78, 0x77, 0xA9, 0x4C, 0xF7, 0x2B,
    0x4C, 0xCC, 0x2F, 0x63, 0xB6, 0x05, 0x20, 0x78, 0x84, 0x1A, 0x6C, 0xCA, 0xE2, 0x12, 0x85, 0x3C,
    0x07, 0xE7, 0x12, 0x40, 0xF1, 0x1C, 0x2E, 0xE5, 0x16, 0x7F, 0x89, 0x2D, 0xCD, 0x5C, 0x67, 0x1B,
    0xB2, 0xDA, 0xC4, 0x7D, 0x62, 0xC1, 0xBA, 0x44, 0x70, 0x9A, 0xCC, 0x0D, 0x87, 0x32, 0x6B, 0x64,
    0x2F, 0x31, 0x0E, 0x91, 0x8A, 0xA1, 0x81, 0x35, 0xBC, 0x60, 0xE1, 0x86, 0xF6, 0xD4, 0xD5, 0x43,
    0x1E, 0x9A, 0xDA, 0xE7, 0x4F, 0xF6, 0xAC, 0x2D, 0x52, 0xD5, 0x3E, 0xC6, 0xEB, 0x4B, 0x66, 0xA1,
    0x96, 0x88, 0x78, 0x28, 0x18, 0x95, 0x59, 0x12, 0x7C, 0xE9, 0x99, 0x67, 0x45, 0x62, 0x3D, 0xD2,
    0x95, 0x65, 0x1A, 0x63, 0xE3, 0xCA, 0x2A, 0x54, 0x8D, 0xE1, 0x7C, 0x58, 0xFB, 0xA6, 0x14, 0x03,
    0xEA, 0x44, 0xD4, 0x4C, 0x20, 0x5B, 0x35, 0x0C, 0xEA, 0x2A, 0x8A, 0x6A, 0x76, 0x89, 0x6F, 0x90,
    0x51, 0x70, 0x99, 0xE8, 0x94, 0x6C, 0xD5, 0x0B, 0x53, 0x5A, 0x3F, 0x27, 0x3B, 0x95, 0xE0, 0x39,
    0xA2, 0xC7, 0xA5, 0x2A, 0x7B, 0x1A, 0x3F, 0x71, 0x56, 0x72, 0x21, 0x86, 0xAE, 0xF4, 0xA8, 0xDB,
    0x3B, 0xD5, 0x17, 0x89, 0x90, 0xA1, 0xF4, 0x52, 0x4C, 0x32, 0x73, 0xBA, 0x57, 0xA9, 0x72, 0x6D,
    0x9E, 0xA3, 0x79, 0x8F, 0x70, 0x8C, 0x70, 0x6D, 0xE2, 0x84, 0xA4, 0x2D, 0xD7, 0xDD, 0xDD, 0xF1,
    0xBA, 0x3B, 0xE0, 0x2D, 0xD8, 0x79, 0xA7, 0x15, 0x1A, 0xD9, 0x5A, 0x37, 0xF6, 0xFA, 0xC0, 0xEB,
    0xFC, 0x9B, 0x2C, 0xED, 0x07, 0x5E, 0x37, 0x49, 0xCB, 0x93, 0xDB, 0xE0, 0x1D, 0xC7, 0x24, 0xC6,
    0xE3, 0x28, 0xAA, 0xEA, 0xBF, 0x7F, 0x5C, 0x67, 0xAD, 0x7A, 0x54, 0x3C, 0x79, 0x5E, 0xB6, 0x3A,
    0x95, 0xEA, 0xC3, 0x82, 0x5E, 0xC9, 0x54, 0x61, 0x7A, 0x78, 0x74, 0x62, 0x98, 0xA6, 0x25, 0xBF,
    0xA4, 0x87, 0x6B, 0x4F, 0x4B, 0x4F, 0x5C, 0x12, 0xF4, 0x43, 0x91, 0xB8, 0xF2, 0xA2, 0x70, 0xFA,
    0x8C, 0x37, 0x7C, 0xB7, 0xCB, 0x6F, 0xAD, 0x33, 0xEE, 0x2D, 0x78, 0xDD, 0x6D, 0xF0, 0xE6, 0x64,
    0xA9, 0xFB, 0xF6, 0xC0, 0x19, 0x7E, 0xE2, 0x54, 0xBA, 0x69, 0xE9, 0x2B, 0xE6, 0x68, 0x8E, 0x0D,
    0xC1, 0x7C, 0xA9, 0xF2, 0x81, 0x72, 0x15, 0xAB, 0x7C, 0x4D, 0xAC, 0xA5, 0x95, 0x99, 0xE4, 0x96,
    0x8B, 0xEC, 0x32, 0xE6, 0x09, 0x9F, 0x1D, 0xCB, 0x3C, 0xB1, 0x06, 0x3C, 0xCA, 0xF8, 0xCB, 0x59,
    0x3C, 0x97, 0x79, 0x03, 0x0A, 0x7A, 0xBC, 0x68, 0x69, 0x29, 0xA0, 0x46, 0xC5, 0x91, 0xE4, 0xE4,
    0x5C, 0x9D, 0x62, 0x46, 0xE6, 0xBE, 0x2E, 0xFC, 0xF7, 0xFB, 0x46, 0x15, 0x7F, 0xDC, 0x27, 0x26,
    0x5A, 0x1E, 0x75, 0x9A, 0xA2, 0x60, 0xFE, 0x1C, 0x39, 0x17, 0x1A, 0xE0, 0xB0, 0xE2, 0xE1, 0x0B,
    0x7A, 0xF8, 0x17, 0x65, 0x01, 0xA7, 0x35, 0xD7, 0x4A, 0x1E, 0x55, 0xFB, 0x21, 0x0C, 0x60, 0xC3,
    0x1F, 0xD2, 0xC4, 0x8A, 0x8F, 0xA3, 0x3E, 0xDB, 0xC7, 0x7E, 0x57, 0x3F, 0xDB, 0xCD, 0xF6, 0x9B,
    0x99, 0x3E, 0x05, 0xC3, 0x6B, 0x98, 0xD9, 0x4F, 0xE8, 0xCB, 0xD6, 0x4B, 0xD4, 0x26, 0x98, 0x4D,
    0x94, 0x26, 0x72, 0xF4, 0xAF, 0x5B, 0x8D, 0x6B, 0x2B, 0xF4, 0x61, 0x7D, 0x21, 0xC0, 0x35, 0xF6,
    0x85, 0x66, 0xEC, 0x29, 0xF6, 0x85, 0x66, 0xE2, 0x2B, 0xEB, 0x0B, 0x60, 0x36, 0xE3, 0x0B, 0x90,
    0xF0, 0x05, 0x73, 0x1D, 0x36, 0x11, 0xF2, 0xB0, 0xBB, 0xF8, 0xC2, 0xE3, 0xEF, 0xE7, 0x0B, 0x97,
    0x73, 0x5F, 0x48, 0xFC, 0xBB, 0xCA, 0x17, 0x0C, 0x3E, 0xE0, 0xBD, 0x92, 0x1D, 0x7A, 0x82, 0xF1,
    0xC6, 0x7B, 0xF7, 0x8E, 0xED, 0xE6, 0xFB, 0x57, 0xC8, 0x19, 0xF9, 0xFE, 0xB9, 0x6B, 0x78, 0x0B,
    0x16, 0x6F, 0x7A, 0x3D, 0x5E, 0xF7, 0xFD, 0xF0, 0xEE, 0xE8, 0x0B, 0x23, 0xDC, 0xE6, 0x0B, 0x37,
    0xC9, 0xEF, 0xE4, 0x47, 0xCC, 0xA3, 0xFF, 0xDD, 0xB1, 0xD6, 0x4E, 0x2B, 0xF5, 0x9C, 0x68, 0xA3,
    0x72, 0x8E, 0xBA, 0x53, 0xCA, 0x61, 0x67, 0x5E, 0x9E, 0x85, 0xA4, 0x82, 0x2C, 0x70, 0x29, 0xA8,
    0x32, 0xFA, 0x8A, 0xA1, 0x7B, 0xFD, 0xD3, 0xB0, 0x66, 0x7A, 0x5B, 0x4D, 0xFF, 0x51, 0xD8, 0xA7,
    0x1A, 0x25, 0x07, 0xC6, 0xC6, 0x11, 0xFB, 0x72, 0xB4, 0xB5, 0x6D, 0x0E, 0x78, 0x01, 0xE8, 0x54,
    0x8A, 0xF8, 0x68, 0xD8, 0xEF, 0xAB, 0x1D, 0x32, 0x4B, 0x70, 0x32, 0xCD, 0xC8, 0xAE, 0x81, 0x94,
    0x64, 0x16, 0x41, 0x63, 0x32, 0x66, 0x15, 0x06, 0xC8, 0x4B, 0x84, 0x0C, 0x12, 0x2F, 0xE3, 0xC9,
    0x64, 0x64, 0xD7, 0xC1, 0x2E, 0x44, 0x67, 0xA4, 0x41, 0x99, 0x9B, 0xF0, 0xCC, 0x56, 0x1D, 0x6F,
    0x21, 0x86, 0xDB, 0xA4, 0x7D, 0x91, 0x70, 0xC8, 0x4C, 0x2B, 0x9C, 0x73, 0x3D, 0xC5, 0xDA, 0xAF,
    0xC6, 0x5E, 0xC6, 0xDA, 0xF7, 0x55, 0x33, 0x81, 0xF6, 0x1D, 0x1D, 0x7B, 0x1B, 0xD0, 0xB6, 0x97,
    0xB2, 0x13, 0x6E, 0xA3, 0xFD, 0x37, 0xE0, 0xE2, 0xAC, 0xFD, 0x7D, 0x7A, 0x78, 0x27, 0xB5, 0x3F,
    0xD1, 0xC5, 0xDA, 0xC2, 0xEF, 0xF5, 0x1B, 0xF1, 0xEF, 0x22, 0x86, 0x87, 0xFC, 0x1D, 0x26, 0xD6,
    0x4C, 0x42, 0xBD, 0x41, 0x5D, 0xEA, 0xBA, 0x57, 0x69, 0x2A, 0x6B, 0x26, 0xED, 0x1F, 0x02, 0xCF,
    0x45, 0x1D, 0x87, 0x1A, 0xD4, 0xD3, 0x1D, 0x92, 0xE0, 0x69, 0x20, 0x8D, 0x12, 0x6F, 0xF2, 0x3C,
    0x14, 0x72, 0x8F, 0x7D, 0x8B, 0xCF, 0xE3, 0xA5, 0x16, 0x3F, 0xA7, 0x59, 0xFC, 0x53, 0xB4, 0x86,
    0x83, 0x49, 0xD4, 0x9D, 0x21, 0x55, 0x53, 0x1F, 0x29, 0xE3, 0xD9, 0x64, 0xA9, 0xE3, 0x91, 0x4D,
    0x31, 0x44, 0xAE, 0x6D, 0x11, 0x8F, 0xCE, 0xA3, 0x3C, 0xD7, 0xB0, 0x99, 0x88, 0x8F, 0x91, 0x6A,
    0xB8, 0x1A, 0x60, 0xBC, 0xE6, 0xB3, 0x5D, 0x8C, 0x17, 0x10, 0x13, 0x59, 0x85, 0x4C, 0xF2, 0x81,
    0x6C, 0x69, 0x93, 0x96, 0x47, 0xB4, 0x36, 0x22, 0x35, 0x3F, 0x27, 0xF3, 0x4D, 0x42, 0x1B, 0xD1,
    0xD9, 0xCD, 0xEA, 0xF7, 0x90, 0xD5, 0xAF, 0xD3, 0xB7, 0xFA, 0x65, 0xBD, 0xB2, 0x7E, 0xBD, 0x2D,
    0xDE, 0x7D, 0x0F, 0xEB, 0x37, 0x64, 0x3D, 0x1B, 0x36, 0x73, 0x2D, 0x9B, 0x49, 0xDF, 0xB0, 0x58,
    0x35, 0xF6, 0x35, 0xCB, 0x71, 0xAC, 0xF5, 0x16, 0xFD, 0x5A, 0xD9, 0xB2, 0x38, 0xA9, 0x63, 0x56,
    0xAC, 0x43, 0xAA, 0x80, 0x44, 0x7C, 0x2A, 0x43, 0x9C, 0x30, 0xAB, 0xCC, 0xFA, 0xB5, 0x76, 0x35,
    0xB2, 0xB3, 0xD1, 0xBC, 0x6E, 0xCA, 0xBB, 0xEF, 0x08, 0x9B, 0xB5, 0x13, 0xBF, 0xC7, 0x78, 0x5F,
    0x97, 0x28, 0x23, 0x60, 0xCF, 0x32, 0x2D, 0x17, 0xB7, 0xDA, 0x71, 0xCC, 0xA9, 0x70, 0x54, 0xBB,
    0xE7, 0x5F, 0x89, 0x3E, 0x2D, 0xA3, 0xA8, 0x08, 0x23, 0xFB, 0x2F, 0xD8, 0x33, 0xA7, 0xC7, 0x63,
    0x8C, 0xD7, 0x8E, 0x53, 0xB0, 0x19, 0x12, 0xF0, 0x06, 0x97, 0x4F, 0x49, 0xC6, 0xCB, 0xF6, 0x7B,
    0xA7, 0xF0, 0xCA, 0x7C, 0x9C, 0x5E, 0x3E, 0x6E, 0xE3, 0x7A, 0xBC, 0xF1, 0x8E, 0x78, 0xE1, 0xAF,
    0x62, 0x03, 0x78, 0xC5, 0xD3, 0x32, 0xF0, 0x19, 0x2F, 0xC5, 0x63, 0xCE, 0x2E, 0xEC, 0x6D, 0xE7,
    0xDD, 0xAA, 0x77, 0x4C, 0x20, 0xEF, 0x54, 0x8C, 0x23, 0x28, 0x55, 0x30, 0x99, 0xE9, 0x20, 0x2B,
    0xF1, 0x5C, 0x82, 0xE3, 0xC0, 0x0B, 0xBB, 0x5A, 0xE0, 0xF8, 0x58, 0x3D, 0x7F, 0xF2, 0xFF, 0x90,
    0x15, 0x64, 0x8E, 0xDE, 0xF0, 0x48, 0xF2, 0x3C, 0x61, 0x79, 0xD2, 0x56, 0x43, 0xB8, 0x0E, 0x1C,
    0x4E, 0xCA, 0xC6, 0x07, 0x5C, 0xFD, 0xD0, 0xE2, 0x3C, 0x9E, 0x07, 0xE8, 0x0F, 0xA5, 0xE7, 0x65,
    0xA4, 0x30, 0xD0, 0xB3, 0xC7, 0xD1, 0xF5, 0x41, 0x59, 0xE0, 0xF2, 0xCC, 0x4D, 0xD3, 0x0A, 0xD7,
    0x0C, 0x14, 0xAB, 0x91, 0x7D, 0x8E, 0xEC, 0x75, 0x13, 0xB7, 0xF7, 0x8C, 0x0C, 0x8E, 0xC5, 0x51,
    0x0D, 0x7E, 0xED, 0x6E, 0xEC, 0x66, 0xD7, 0x23, 0x3D, 0xDB, 0xF5, 0x2C, 0x91, 0xCB, 0xFF, 0x80,
    0x5B, 0x64, 0x55, 0xAB, 0xE7, 0x76, 0xEF, 0xE7, 0x6A, 0xD7, 0x61, 0xEC, 0x61, 0x1D, 0x4B, 0x33,
    0xDD, 0x34, 0x7C, 0xE7, 0x75, 0x59, 0xE8, 0xEA, 0xAC, 0xAA, 0xFB, 0x69, 0x05, 0x64, 0xD6, 0xD4,
    0x03, 0x55, 0xD7, 0x7C, 0x3E, 0xE8, 0x44, 0x5A, 0xA7, 0xA1, 0x1E, 0xB4, 0x6A, 0x6D, 0x2D, 0x03,
    0xDD, 0x8B, 0x6A, 0xA1, 0x06, 0xE7, 0xA5, 0x51, 0x0D, 0x60, 0x01, 0x19, 0x78, 0xEF, 0x45, 0x85,
    0xBD, 0x2D, 0x5E, 0xF0, 0x20, 0xE3, 0x05, 0x43, 0x1A, 0xBC, 0x2C, 0x8D, 0x5D, 0x63, 0xBE, 0x06,
    0x6F, 0xF5, 0xB6, 0xE0, 0x1D, 0x65, 0x2F, 0x61, 0xFE, 0xDC, 0x99, 0xED, 0xB3, 0x30, 0x3F, 0xF7,
    0xE3, 0xEA, 0xE2, 0xE2, 0x89, 0x5F, 0x5E, 0x7C, 0xE1, 0x72, 0xD7, 0xF0, 0xB6, 0x1E, 0xB4, 0xFF,
    0x13, 0x9F, 0x8F, 0xEA, 0x41, 0xF3, 0x6F, 0x74, 0x7F, 0x15, 0xD5, 0x66, 0xBB, 0xAB, 0xD5, 0x7C,
    0x57, 0xF7, 0xDA, 0x06, 0xBF, 0xEE, 0xE1, 0x3E, 0xE0, 0xD6, 0xFD, 0x91, 0xFC, 0xBC, 0x66, 0xFC,
    0x7A, 0xE9, 0x33, 0xCC, 0xA2, 0xDD, 0xE1, 0x26, 0xEE, 0xC6, 0x26, 0xEE, 0x39, 0x4E, 0x96, 0xB3,
    0x91, 0x1F, 0xE3, 0xBD, 0xDD, 0x3E, 0x71, 0x16, 0x76, 0x9D, 0x1F, 0x8F, 0xE6, 0x19, 0xEE, 0x92,
    0x85, 0xDD, 0x16, 0xDE, 0xDA, 0x4B, 0x74, 0x2F, 0xFC, 0x18, 0x29, 0x17, 0x55, 0x93, 0xB4, 0x32,
    0x67, 0xB2, 0x79, 0x55, 0xE7, 0x9E, 0x08, 0x7D, 0xF4, 0x9A, 0x3D, 0xBB, 0xD0, 0x0E, 0xF3, 0xB3,
    0xE8, 0x26, 0xF8, 0x8D, 0x38, 0x0B, 0xC5, 0x2F, 0xE4, 0x24, 0xE1, 0x77, 0x77, 0x7B, 0x3E, 0xC1,
    0xFA, 0xE5, 0x4C, 0xC3, 0xF2, 0xB4, 0x23, 0x2D, 0x6F, 0x4D, 0x25, 0x8C, 0x57, 0x20, 0x7E, 0xDE,
    0x0D, 0x3C, 0x1D, 0xB2, 0x5E, 0x6C, 0xC5, 0xD9, 0xB7, 0x71, 0x09, 0x95, 0xA7, 0x89, 0x4B, 0x48,
    0x4D, 0x6C, 0x5C, 0x3A, 0xF1, 0x41, 0xFC, 0xB7, 0x09, 0x2B, 0xC8, 0xF1, 0xDE, 0xD5, 0x71, 0x29,
    0xE7, 0x2B, 0x07, 0x76, 0xBB, 0xC1, 0x78, 0xB7, 0xE7, 0xE7, 0xF7, 0xC7, 0xCB, 0x5E, 0x72, 0x17,
    0xE2, 0x45, 0x39, 0x0D, 0x55, 0xA6, 0x95, 0x79, 0xC4, 0xD7, 0x09, 0xD8, 0xF3, 0x5E, 0xBE, 0xBE,
    0xF7, 0x3D, 0xF6, 0x8C, 0x50, 0x05, 0x7E, 0x66, 0x7B, 0x96, 0xD6, 0x9E, 0xAB, 0x2C, 0x4B, 0x9C,
    0x4E, 0x7D, 0x00, 0x7E, 0xA6, 0x76, 0xDF, 0xF2, 0xF3, 0xE5, 0x6A, 0xCC, 0x78, 0x1D, 0xF0, 0xF5,
    0x2D, 0xE0, 0xDD, 0x93, 0xCB, 0xE9, 0xFC, 0x7A, 0x53, 0xD9, 0xFB, 0xFE, 0x49, 0xDA, 0xE7, 0xD2,
    0xCC, 0x8C, 0x23, 0x64, 0xCB, 0xF2, 0x55, 0x5C, 0xCF, 0xF9, 0xAA, 0x9C, 0xE3, 0x2D, 0x18, 0xBC,
    0x56, 0x52, 0x3A, 0x63, 0xA5, 0x6A, 0xDA, 0xAA, 0xA2, 0x73, 0xE4, 0xD5, 0x25, 0x8B, 0xB7, 0x2B,
    0x77, 0xD7, 0xAF, 0xCF, 0xFC, 0x95, 0xB4, 0xEA, 0xE3, 0x4E, 0x72, 0x8F, 0x13, 0x6F, 0x87, 0x77,
    0xA4, 0xDF, 0x9C, 0xAF, 0x38, 0x2E, 0x99, 0x3C, 0x1A, 0xB8, 0x7F, 0x9E, 0xFA, 0x05, 0x31, 0x7D,
    0x04, 0xFA, 0xE5, 0x8E, 0xC3, 0x34, 0xEC, 0xB9, 0xCA, 0xF5, 0x43, 0xA6, 0x6C, 0x4B, 0xAE, 0x73,
    0x4D, 0xBF, 0xD7, 0xE3, 0x74, 0x4C, 0xF3, 0x32, 0xAA, 0xF9, 0x7F, 0x25, 0xFD, 0x67, 0x90, 0x67,
    0x39, 0xE0, 0xB3, 0xE1, 0xAE, 0xFA, 0xBD, 0xDE, 0x9E, 0x31, 0xEF, 0x3B, 0x95, 0x67, 0x01, 0x4B,
    0x36, 0x96, 0xE7, 0x59, 0x2B, 0x16, 0x2F, 0xF3, 0x3D, 0xB2, 0xF7, 0x52, 0x90, 0xDB, 0xF3, 0xF8,
    0x38, 0xC7, 0x82, 0x94, 0x3B, 0x64, 0xB4, 0x61, 0xBB, 0x02, 0xC8, 0x9B, 0x0D, 0x5F, 0x85, 0x86,
    0xAF, 0x42, 0x9A, 0xEC, 0xEE, 0xA0, 0x5F, 0xA1, 0xD8, 0x9E, 0x45, 0x12, 0x0C, 0x0E, 0xE0, 0x75,
    0xAE, 0x0A, 0x86, 0x09, 0xE3, 0x45, 0xAC, 0x36, 0x78, 0x55, 0xA0, 0x55, 0xC9, 0x34, 0x9B, 0xB5,
    0x62, 0xBC, 0x11, 0x24, 0xF0, 0xE2, 0x3E, 0x14, 0x3A, 0x28, 0x5D, 0x12, 0xEE, 0xF5, 0xE5, 0x01,
    0x8C, 0x82, 0xD8, 0x62, 0x40, 0xF2, 0x4E, 0x21, 0xE7, 0xF8, 0xCD, 0xF3, 0x53, 0xFD, 0x0F, 0xD1,
    0x15, 0xF8, 0xD6, 0x2A, 0x89, 0xAB, 0xC0, 0xEB, 0x9F, 0x27, 0x7A, 0xF4, 0x6C, 0xB2, 0x5B, 0x5E,
    0xE9, 0x71, 0x47, 0x50, 0xFC, 0x47, 0x3A, 0xFD, 0xA8, 0xCD, 0xAF, 0xC8, 0xD9, 0x35, 0x8F, 0xF6,
    0x52, 0x9B, 0x47, 0x3B, 0x9D, 0x3C, 0x8F, 0x6E, 0x59, 0xFD, 0xF2, 0xCC, 0x8D, 0x7E, 0x3B, 0xB9,
    0x7E, 0x23, 0xAB, 0x5F, 0x58, 0x94, 0xD1, 0xAF, 0x27, 0x6F, 0xA9, 0x2B, 0x70, 0x73, 0xF9, 0xC6,
    0x56, 0xBE, 0xF2, 0xFA, 0xDC, 0xF5, 0x41, 0x1E, 0xEB, 0x53, 0x56, 0x41, 0x3D, 0xD6, 0x72, 0x13,
    0x15, 0xA1, 0x8E, 0xFA, 0xDB, 0x4C, 0x9A, 0xCE, 0xE7, 0x6B, 0x4A, 0xD6, 0x6A, 0x42, 0x4B, 0x9C,
    0x47, 0xB5, 0xE9, 0x98, 0xBF, 0x37, 0xB8, 0x71, 0xBF, 0x91, 0xA0, 0xBA, 0x6B, 0x7C, 0x35, 0x79,
    0x8E, 0x68, 0x5F, 0x82, 0x3A, 0x98, 0xD3, 0x97, 0x34, 0x2B, 0x06, 0xC3, 0xEE, 0x3B, 0xFA, 0xD5,
    0x34, 0x08, 0x86, 0x82, 0xF4, 0x9A, 0x14, 0x67, 0x59, 0x1E, 0x43, 0xEA, 0x0A, 0xB9, 0x81, 0x24,
    0xB6, 0x37, 0x2F, 0xA8, 0xB7, 0x80, 0x7A, 0xB0, 0x24, 0xE8, 0x65, 0xAC, 0x8C, 0xFF, 0x5D, 0x72,
    0xB8, 0x86, 0x85, 0x7F, 0x88, 0x81, 0x69, 0xF4, 0xA6, 0xE1, 0x39, 0xBB, 0xBD, 0xB0, 0x35, 0x8B,
    0xBE, 0x1D, 0xB8, 0x6D, 0xE7, 0xD7, 0x36, 0x3F, 0x2A, 0xB6, 0x0F, 0xA0, 0x22, 0xDB, 0x07, 0x60,
    0xDC, 0xB1, 0x50, 0x54, 0xAB, 0x91, 0xA7, 0xE0, 0xE2, 0xF0, 0xDF, 0x6E, 0xE2, 0x5F, 0xE5, 0x7C,
    0x9A, 0xDF, 0x13, 0xDF, 0x18, 0x97, 0x76, 0xC1, 0xED, 0xE4, 0xB8, 0x1D, 0xED, 0x1B, 0xDC, 0x4E,
    0x8E, 0xDB, 0x51, 0x16, 0xB7, 0x93, 0xE3, 0x76, 0x3F, 0x28, 0xEE, 0x3B, 0x19, 0x8F, 0x6F, 0xE0,
    0xAF, 0x8C, 0x0B, 0x1C, 0xC8, 0x55, 0x72, 0xFB, 0xA6, 0xEB, 0x97, 0x06, 0x19, 0xE3, 0x6E, 0x66,
    0xA1, 0x62, 0xFE, 0xAA, 0x9A, 0xEE, 0x60, 0x85, 0x82, 0x04, 0xAF, 0xDF, 0x91, 0xAF, 0x5D, 0xF0,
    0x75, 0x18, 0xB3, 0x7D, 0xF3, 0xEE, 0xC7, 0xED, 0xE0, 0xAF, 0x63, 0xF6, 0xB9, 0xE6, 0xF0, 0x84,
    0x19, 0xA7, 0xCF, 0x24, 0x06, 0xBC, 0x97, 0xB8, 0x63, 0x0B, 0xBC, 0x05, 0x46, 0x0E, 0xBC, 0x65,
    0x3E, 0x07, 0xDE, 0xBA, 0xE9, 0x3C, 0xA4, 0x95, 0x5F, 0x32, 0x56, 0xA3, 0xEA, 0xDE, 0x43, 0x3B,
    0xE3, 0xAD, 0x58, 0xBC, 0xCE, 0x5D, 0x85, 0x77, 0x17, 0xFD, 0xEE, 0x65, 0xFD, 0x82, 0xB7, 0x1B,
    0xDC, 0xF7, 0xC0, 0x17, 0x01, 0xEA, 0x43, 0x53, 0xBF, 0xCA, 0xB4, 0x52, 0x34, 0xD3, 0xBB, 0x89,
    0xFC, 0xF2, 0x40, 0x6E, 0xD7, 0x9D, 0x3C, 0xFF, 0x18, 0xD8, 0xF8, 0x24, 0xBE, 0x63, 0xEC, 0xA4,
    0xE8, 0xF9, 0xDD, 0x0D, 0x0C, 0x18, 0x94, 0xC4, 0xE5, 0x93, 0x29, 0xF0, 0x3E, 0x82, 0x19, 0x24,
    0xC0, 0x3B, 0xB0, 0xEB, 0x0E, 0x3D, 0xC8, 0x3C, 0x3E, 0xA5, 0x66, 0x9E, 0xDC, 0x44, 0xE7, 0x79,
    0x97, 0x40, 0x2C, 0x8C, 0xC3, 0xD3, 0xE7, 0xA7, 0xDE, 0xD3, 0xC5, 0xA5, 0xAE, 0x6D, 0xAC, 0x53,
    0x78, 0xE5, 0x57, 0x36, 0xCC, 0x41, 0x3F, 0xDF, 0x22, 0xF5, 0xA4, 0x6D, 0x01, 0x50, 0x88, 0xD8,
    0x34, 0xCE, 0xFD, 0x9D, 0x46, 0x80, 0xA4, 0x9F, 0x4B, 0x25, 0x05, 0x2C, 0x3D, 0xF8, 0x34, 0x5E,
    0xDE, 0x10, 0xBC, 0xA7, 0x06, 0xF7, 0xFD, 0x88, 0xCB, 0x94, 0xEA, 0xE5, 0x8A, 0xCC, 0xDB, 0xFF,
    0x88, 0x1B, 0xF9, 0xB6, 0x6B, 0x85, 0x8A, 0x74, 0xFA, 0x09, 0xF1, 0x97, 0x70, 0xF9, 0x32, 0x55,
    0xFB, 0xAE, 0x4E, 0x8A, 0x79, 0xF7, 0x8B, 0xDE, 0x73, 0xE0, 0x26, 0xF4, 0x51, 0x6E, 0x60, 0x65,
    0xDD, 0x98, 0xAA, 0xCF, 0xAE, 0x50, 0xD0, 0x7D, 0x13, 0xB3, 0xEF, 0x5E, 0xA4, 0xC6, 0x9E, 0x92,
    0x3F, 0xF4, 0xC7, 0x7D, 0x40, 0x2B, 0xAF, 0x9E, 0x7C, 0xCD, 0x34, 0xBD, 0xEA, 0x27, 0x88, 0x63,
    0x46, 0x83, 0xD5, 0x22, 0x64, 0x40, 0x35, 0x1E, 0x49, 0x98, 0x7E, 0x59, 0x7E, 0x30, 0xB7, 0x80,
    0xC8, 0x25, 0x9E, 0x39, 0x4E, 0x08, 0x6A, 0xDC, 0xE5, 0xE2, 0xE5, 0xBC, 0x08, 0x80, 0xB6, 0xD7,
    0x35, 0x82, 0x4C, 0x6D, 0x7D, 0x2E, 0xDF, 0x3B, 0xDD, 0xB9, 0x7A, 0x94, 0x39, 0xAB, 0xF5, 0xC8,
    0xC9, 0xBB, 0x22, 0xA6, 0xC9, 0x15, 0x73, 0x36, 0xB6, 0xC0, 0x7B, 0xB4, 0x49, 0x91, 0xAB, 0xA8,
    0xF6, 0xD3, 0xB2, 0xC2, 0x98, 0x27, 0x64, 0x9A, 0x7B, 0xB5, 0xCA, 0xAD, 0xBC, 0xD3, 0xB2, 0x2B,
    0xDE, 0xFA, 0x47, 0xE4, 0x69, 0xDC, 0xBB, 0xFF, 0xA6, 0x6A, 0x13, 0xF7, 0xF2, 0x5F, 0xAA, 0xB7,
    0x79, 0xF7, 0x32, 0xBA, 0x58, 0x6E, 0x22, 0x99, 0xA1, 0x68, 0x21, 0xD8, 0x43, 0x0E, 0x88, 0xBE,
    0x25, 0xCC, 0x03, 0x1D, 0x95, 0xB7, 0xEF, 0x52, 0xBB, 0x1D, 0x92, 0x4A, 0x56, 0x32, 0x9B, 0x97,
    0x23, 0xDB, 0x1C, 0xA0, 0x33, 0xF7, 0xE5, 0xEC, 0x49, 0xEE, 0x1E, 0xFA, 0x7E, 0xCC, 0xCB, 0x12,
    0x6E, 0xE4, 0xDD, 0x9B, 0x30, 0xCE, 0xAB, 0x47, 0x75, 0xAB, 0xD6, 0x9E, 0xEC, 0x31, 0xD6, 0xEE,
    0x62, 0x71, 0xD9, 0xDA, 0xBD, 0x98, 0x97, 0xD9, 0xE3, 0x9E, 0x4B, 0x8F, 0xD9, 0x0C, 0x7E, 0x7B,
    0xF0, 0x3D, 0x6C, 0x96, 0xDE, 0x63, 0xD9, 0x0C, 0x19, 0x29, 0x5B, 0xBB, 0x27, 0x3D, 0xD3, 0xC5,
    0x1D, 0x72, 0xB6, 0xB5, 0x5D, 0x76, 0x82, 0x2C, 0x9A, 0xAD, 0xDD, 0x4B, 0xA7, 0x12, 0xB6, 0xF6,
    0xFD, 0xEC, 0x59, 0xF0, 0xEE, 0x88, 0xDF, 0x0D, 0xEF, 0xEE, 0xE6, 0xD5, 0x05, 0x6F, 0xDF, 0xB0,
    0x77, 0xB3, 0x64, 0xEF, 0xD6, 0x43, 0xBD, 0xC1, 0xDE, 0xBD, 0x1A, 0xBB, 0x83, 0x5F, 0x44, 0x35,
    0xB5, 0x87, 0x28, 0x61, 0xBC, 0x4D, 0x5E, 0x5A, 0xEE, 0xF2, 0xC5, 0xB6, 0xCB, 0xD7, 0xE6, 0xBD,
    0x1B, 0x78, 0xF7, 0x0C, 0x9B, 0xCE, 0x36, 0x78, 0x3F, 0xBD, 0xB8, 0xF8, 0x1C, 0xF0, 0x8A, 0x17,
    0x7F, 0xFC, 0x8D, 0x97, 0x80, 0xB7, 0x54, 0x5B, 0x2B, 0x1C, 0x96, 0x79, 0xD4, 0x92, 0xAA, 0x50,
    0x3A, 0xBC, 0xF6, 0xF0, 0xAF, 0xCB, 0xB4, 0x14, 0xB4, 0xD6, 0x0A, 0x47, 0x5E, 0x96, 0x9E, 0x69,
    0x1F, 0x1F, 0x05, 0xDE, 0xC5, 0xC5, 0xC5, 0xAF, 0xDF, 0xF9, 0x6A, 0x4A, 0x48, 0x78, 0x41, 0x91,
    0xB3, 0x31, 0xDE, 0xD4, 0x58, 0x4B, 0x4A, 0xA6, 0xF9, 0xFF, 0x53, 0x59, 0x36, 0x06, 0xDC, 0x48,
    0x2B, 0x2E, 0x77, 0x35, 0x62, 0x55, 0x0F, 0xDE, 0x24, 0xF1, 0x6E, 0xD6, 0x89, 0x82, 0x2F, 0xC6,
    0xE2, 0x7F, 0xBE, 0xDA, 0xAA, 0x89, 0xDF, 0x26, 0x5A, 0xE7, 0xEE, 0xC0, 0x0D, 0xB2, 0xDD, 0x5F,
    0x67, 0xBC, 0xC7, 0xAF, 0x5E, 0x58, 0x07, 0x5E, 0x11, 0x90, 0xBB, 0xCE, 0x6C, 0x86, 0x95, 0x5C,
    0x8F, 0x55, 0x41, 0x00, 0xF8, 0x7A, 0x9C, 0x05, 0x46, 0x3E, 0x28, 0xBD, 0xA3, 0x2C, 0x1F, 0x4A,
    0xDC, 0x57, 0x82, 0x2B, 0xA7, 0xD6, 0xBF, 0x48, 0xF4, 0x33, 0xBE, 0x0F, 0xEE, 0xDA, 0x66, 0x09,
    0xD7, 0xBD, 0x1A, 0xC4, 0xE2, 0xD5, 0x53, 0xEC, 0x6B, 0x69, 0xC0, 0x3D, 0xC8, 0x3A, 0xE3, 0xC3,
    0x7A, 0x84, 0xFA, 0xCB, 0x2F, 0x68, 0x75, 0x07, 0xA2, 0xB4, 0x61, 0xE5, 0x74, 0xDB, 0x7D, 0xE9,
    0x3C, 0xEB, 0x76, 0xD4, 0xAE, 0x55, 0x33, 0xDC, 0xD8, 0x54, 0x19, 0xCD, 0xBE, 0xAD, 0x32, 0xB8,
    0xDB, 0x65, 0xBB, 0x5E, 0x71, 0xDE, 0xF5, 0x32, 0xDD, 0x5C, 0x48, 0x66, 0x71, 0xE9, 0xE2, 0x7B,
    0xA3, 0x67, 0xF8, 0xC5, 0xCD, 0xE8, 0x99, 0xA6, 0x72, 0x02, 0xC3, 0x00, 0xF6, 0x4A, 0xF5, 0x9B,
    0xB3, 0x0F, 0x18, 0x78, 0xEF, 0xCE, 0xCE, 0xCE, 0x72, 0x51, 0x21, 0xD6, 0x71, 0xD0, 0x64, 0x9C,
    0x5F, 0xC3, 0xC1, 0x2C, 0x20, 0xCF, 0xFF, 0x1E, 0x1F, 0x60, 0xD9, 0x9E, 0x34, 0x07, 0xA7, 0x89,
    0xDE, 0x36, 0x07, 0x0D, 0x72, 0xDE, 0x6E, 0xBF, 0x35, 0xDB, 0x7C, 0x6B, 0x0E, 0x16, 0xD1, 0x5B,
    0xA6, 0x33, 0xCB, 0x01, 0x09, 0xB0, 0x1A, 0x65, 0x65, 0x9F, 0xC4, 0xD1, 0xB8, 0x08, 0xEF, 0xF6,
    0x50, 0xA2, 0x80, 0xA6, 0xE5, 0xA4, 0x88, 0x3D, 0x11, 0x17, 0x80, 0x05, 0x07, 0xAE, 0x6C, 0x50,
    0xA7, 0x88, 0x83, 0xF4, 0xA7, 0x8A, 0xE6, 0x96, 0xC3, 0x78, 0x66, 0x15, 0xC9, 0x9B, 0xFF, 0xFA,
    0x3B, 0xD9, 0xDC, 0x91, 0x98, 0x96, 0x49, 0x7C, 0x46, 0xFD, 0xE6, 0x7D, 0xD2, 0xD9, 0xA0, 0xD2,
    0x7D, 0x4B, 0x47, 0xEA, 0x0A, 0x35, 0x78, 0xE3, 0x6B, 0xA7, 0x8F, 0x3C, 0xD2, 0x10, 0x9A, 0xD4,
    0x2B, 0xAD, 0xFB, 0xBF, 0x13, 0x08, 0x2D, 0xD6, 0xFE, 0xBC, 0x53, 0xFE, 0x77, 0xB1, 0xA6, 0x8F,
    0x3B, 0x65, 0xDE, 0x9E, 0x7A, 0x4B, 0x5B, 0xDA, 0xA1, 0xCF, 0x0E, 0xC1, 0x12, 0x31, 0x34, 0x15,
    0xFD, 0x7E, 0x8B, 0x63, 0xCA, 0x12, 0x38, 0x22, 0x62, 0x42, 0xAE, 0x7E, 0x1C, 0x9C, 0xC0, 0x69,
    0xA1, 0xAB, 0xFF, 0xEC, 0xF9, 0x63, 0xC3, 0x5B, 0x49, 0xD6, 0x7E, 0x04, 0xA5, 0x0C, 0xF1, 0x9E,
    0x7F, 0xC1, 0x35, 0xFF, 0x7B, 0xE4, 0x8D, 0x9B, 0x1D, 0xE9, 0x6D, 0x92, 0xB5, 0x2A, 0xAB, 0xDB,
    0x6C, 0x51, 0x8A, 0xBE, 0x31, 0x03, 0x99, 0x07, 0x73, 0x3E, 0x8F, 0x76, 0x32, 0x07, 0x98, 0x01,
    0x72, 0x18, 0x63, 0x06, 0x8D, 0xBA, 0x35, 0x83, 0x5A, 0xD9, 0x16, 0x23, 0x9F, 0xFB, 0x87, 0xBC,
    0x99, 0x30, 0xB0, 0xC9, 0x0B, 0xA4, 0x6D, 0xF6, 0x0E, 0xAC, 0x19, 0x34, 0x07, 0xD6, 0x0C, 0x60,
    0x3E, 0xC6, 0x0C, 0x82, 0xEC, 0x76, 0xD2, 0xDB, 0x2B, 0xDC, 0xAC, 0x04, 0x5E, 0x07, 0x55, 0x12,
    0x1D, 0xBD, 0x11, 0x2F, 0x67, 0xC2, 0xDD, 0x44, 0xD5, 0x8B, 0x30, 0xD0, 0x04, 0xC5, 0x75, 0xE4,
    0xC8, 0x49, 0x3A, 0xD8, 0xAA, 0xDD, 0x97, 0xC9, 0xC2, 0x4C, 0x21, 0xAA, 0xCD, 0x2A, 0x59, 0x68,
    0x42, 0xFE, 0xC6, 0x8F, 0xE4, 0xE4, 0xCC, 0xC1, 0xA8, 0x56, 0x32, 0xF7, 0xC1, 0xDD, 0xCD, 0x73,
    0xD7, 0x8A, 0xEB, 0xF1, 0xBF, 0x26, 0xFA, 0x35, 0xB8, 0x7B, 0xE1, 0x07, 0x44, 0x5F, 0x01, 0xBD,
    0x4D, 0x3E, 0x46, 0xF4, 0xA5, 0x07, 0xB7, 0x16, 0xD7, 0x4D, 0x75, 0xAB, 0xC5, 0x75, 0xCC, 0x31,
    0x1A, 0x45, 0x68, 0x86, 0x04, 0x93, 0x4B, 0x3B, 0xA4, 0xF8, 0xA6, 0x48, 0xAD, 0x1E, 0x8B, 0xB9,
    0x68, 0xDD, 0xEB, 0x05, 0x5C, 0xC4, 0xD2, 0x53, 0xFB, 0xE9, 0x1C, 0xBB, 0x79, 0x65, 0x9E, 0xEB,
    0x0C, 0x44, 0xF0, 0x7D, 0xC6, 0xCD, 0x9D, 0x7E, 0x8E, 0x77, 0xEC, 0x5A, 0x32, 0x9E, 0xDD, 0x90,
    0x8C, 0x8B, 0x3F, 0x4D, 0xFD, 0x87, 0x92, 0x5A, 0xCD, 0xD1, 0x09, 0xC2, 0x58, 0x6D, 0xB4, 0xF5,
    0x3A, 0x92, 0x3B, 0x34, 0x8B, 0x32, 0x8C, 0xCB, 0xFB, 0x84, 0x1C, 0x0A, 0x91, 0xB4, 0x19, 0xFD,
    0x72, 0x7B, 0x18, 0x21, 0x94, 0x9B, 0x09, 0xA5, 0xCD, 0xCD, 0x95, 0xCD, 0x26, 0xC0, 0xA8, 0x29,
    0xB0, 0xB9, 0xEF, 0xFA, 0x61, 0xC3, 0x57, 0x97, 0xC4, 0x46, 0x4E, 0xE7, 0x21, 0xEC, 0x99, 0x37,
    0x95, 0x9C, 0x2D, 0xFA, 0x75, 0x48, 0x16, 0x1D, 0xD8, 0xB3, 0x7F, 0x56, 0x06, 0x7E, 0xC2, 0xCD,
    0x40, 0xDC, 0xCF, 0xF6, 0x3C, 0x9F, 0xFF, 0x77, 0x9B, 0x77, 0x65, 0xB0, 0xC2, 0x34, 0x2E, 0x55,
    0x25, 0x60, 0x19, 0x9B, 0xBD, 0xC7, 0x2D, 0x78, 0xAB, 0x59, 0x4E, 0x6B, 0x03, 0x63, 0xCF, 0xEE,
    0x75, 0xCD, 0x7C, 0x96, 0xA6, 0x39, 0xA6, 0x37, 0xAC, 0x7E, 0x71, 0xFF, 0x2F, 0x22, 0x5C, 0x8F,
    0x68, 0xBC, 0x19, 0x8B, 0x5B, 0xA3, 0xF1, 0xEB, 0xF5, 0xCB, 0x49, 0x38, 0xF0, 0xFA, 0x97, 0x4F,
    0x9A, 0x4D, 0x48, 0xA4, 0x2D, 0x9D, 0xBB, 0xA9, 0xD9, 0x7B, 0xBB, 0xF1, 0x22, 0xDD, 0x79, 0xCC,
    0x6E, 0xBA, 0xFA, 0x76, 0xD3, 0x55, 0xDF, 0x35, 0x9B, 0xAE, 0x7B, 0xB9, 0x19, 0xA8, 0x63, 0x84,
    0x90, 0xB4, 0xE2, 0xE9, 0x34, 0x40, 0x1A, 0x55, 0x2F, 0xE9, 0xCE, 0xFC, 0x10, 0xE9, 0x49, 0xE1,
    0xC9, 0x56, 0x34, 0x68, 0xB5, 0x6A, 0x05, 0xF6, 0xD5, 0x5A, 0x04, 0xD9, 0x8A, 0xF0, 0x5B, 0x0B,
    0x48, 0x21, 0x98, 0xC1, 0x9E, 0xBF, 0x2F, 0x83, 0x87, 0x24, 0xF0, 0xDE, 0x7C, 0x33, 0x70, 0x70,
    0x0B, 0x78, 0xFF, 0x1F,
};

static const EpdGlyph ebgaramond_14_regularGlyphs[] = {
    { 0, 0, 0, 0, 0, 0, 0 }, // U+0000
    { 0, 0, 0, 0, 0, 0, 0 }, // U+0001
    { 0, 0, 0, 0, 0, 0, 0 }, // U+0002
    { 0, 0, 0, 0, 0, 0, 0 }, // U+0003
    { 0, 0, 0, 0, 0, 0, 0 }, // U+0004
    { 0, 0, 0, 0, 0, 0, 0 }, // U+0005
    { 0, 0, 0, 0, 0, 0, 0 }, // U+0006
    { 0, 0, 0, 0, 0, 0, 0 }, // U+0007
    { 0, 0, 0, 0, 0, 0, 0 }, // U+0008
    { 0, 0, 0, 0, 0, 0, 0 }, // U+0009
    { 0, 0, 0, 0, 0, 0, 0 }, // U+000A
    { 0, 0, 0, 0, 0, 0, 0 }, // U+000B
    { 0, 0, 0, 0, 0, 0, 0 }, // U+000C
    { 0, 0, 0, 0, 0, 0, 0 }, // U+000D
    { 0, 0, 0, 0, 0, 0, 0 }, // U+000E
    { 0, 0, 0, 0, 0, 0, 0 }, // U+000F
    { 0, 0, 0, 0, 0, 0, 0 }, // U+0010
    { 0, 0, 0, 0, 0, 0, 0 }, // U+0011
    { 0, 0, 0, 0, 0, 0, 0 }, // U+0012
    { 0, 0, 0, 0, 0, 0, 0 }, // U+0013
    { 0, 0, 0, 0, 0, 0, 0 }, // U+0014
    { 0, 0, 0, 0, 0, 0, 0 }, // U+0015
    { 0, 0, 0, 0, 0, 0, 0 }, // U+0016
    { 0, 0, 0, 0, 0, 0, 0 }, // U+0017
    { 0, 0, 0, 0, 0, 0, 0 }, // U+0018
    { 0, 0, 0, 0, 0, 0, 0 }, // U+0019
    { 0, 0, 0, 0, 0, 0, 0 }, // U+001A
    { 0, 0, 0, 0, 0, 0, 0 }, // U+001B
    { 0, 0, 0, 0, 0, 0, 0 }, // U+001C
    { 0, 0, 0, 0, 0, 0, 0 }, // U+001D
    { 0, 0, 0, 0, 0, 0, 0 }, // U+001E
    { 0, 0, 0, 0, 0, 0, 0 }, // U+001F
    { 0, 0, 93, 0, 0, 0, 0 }, // U+0020
    { 5, 20, 117, 1, 19, 25, 0 }, // !
    { 7, 8, 154, 1, 20, 14, 25 }, // "
    { 13, 20, 218, 0, 17, 65, 39 }, // #
    { 11, 24, 206, 1, 21, 66, 104 }, // $
    { 19, 22, 303, 0, 20, 105, 170 }, // %
    { 21, 19, 353, 1, 18, 100, 275 }, // &
    { 4, 8, 93, 1, 20, 8, 375 }, // '
    { 7, 28, 147, 1, 21, 49, 383 }, // (
    { 8, 28, 147, 1, 21, 56, 432 }, // )
    { 9, 10, 159, 0, 20, 23, 488 }, // *
    { 16, 16, 275, 1, 15, 64, 511 }, // +
    { 6, 9, 107, 0, 4, 14, 575 }, // ,
    { 8, 4, 128, 0, 8, 8, 589 }, // -
    { 4, 4, 107, 1, 3, 4, 597 }, // .
    { 11, 22, 186, 0, 20, 61, 601 }, // /
    { 13, 20, 236, 1, 19, 65, 662 }, // 0
    { 9, 20, 178, 1, 19, 45, 727 }, // 1
    { 13, 20, 236, 1, 19, 65, 772 }, // 2
    { 12, 21, 224, 1, 19, 63, 837 }, // 3
    { 15, 20, 233, 0, 19, 75, 900 }, // 4
    { 11, 21, 224, 1, 19, 58, 975 }, // 5
    { 13, 20, 226, 0, 19, 65, 1033 }, // 6
    { 14, 20, 226, 0, 19, 70, 1098 }, // 7
    { 12, 20, 220, 1, 19, 60, 1168 }, // 8
    { 13, 20, 226, 1, 19, 65, 1228 }, // 9
    { 4, 12, 116, 2, 11, 12, 1293 }, // :
    { 6, 16, 106, 0, 11, 24, 1305 }, // ;
    { 14, 15, 261, 1, 14, 53, 1329 }, // <
    { 15, 7, 264, 1, 11, 27, 1382 }, // =
    { 14, 15, 261, 1, 14, 53, 1409 }, // >
    { 8, 21, 175, 2, 20, 42, 1462 }, // ?
    { 20, 19, 350, 1, 15, 95, 1504 }, // @
    { 22, 22, 323, -1, 21, 121, 1599 }, // A
    { 16, 21, 274, 0, 20, 84, 1720 }, // B
    { 19, 21, 331, 1, 20, 100, 1804 }, // C
    { 21, 21, 352, 0, 20, 111, 1904 }, // D
    { 15, 21, 263, 1, 20, 79, 2015 }, // E
    { 15, 21, 239, 0, 20, 79, 2094 }, // F
    { 20, 21, 340, 1, 20, 105, 2173 }, // G
    { 22, 21, 378, 1, 20, 116, 2278 }, // H
    { 10, 21, 159, 0, 20, 53, 2394 }, // I
    { 12, 26, 159, -3, 20, 78, 2447 }, // J
    { 21, 21, 318, 0, 20, 111, 2525 }, // K
    { 17, 21, 273, 0, 20, 90, 2636 }, // L
    { 26, 21, 421, 0, 20, 137, 2726 }, // M
    { 23, 21, 370, 0, 20, 121, 2863 }, // N
    { 20, 21, 356, 1, 20, 105, 2984 }, // O
    { 16, 21, 258, 0, 20, 84, 3089 }, // P
    { 25, 28, 356, 1, 20, 175, 3173 }, // Q
    { 21, 21, 333, 0, 20, 111, 3348 }, // R
    { 12, 21, 217, 1, 20, 63, 3459 }, // S
    { 20, 22, 313, 0, 21, 110, 3522 }, // T
    { 22, 21, 344, 0, 20, 116, 3632 }, // U
    { 20, 21, 314, 0, 20, 105, 3748 }, // V
    { 28, 21, 428, 0, 20, 147, 3853 }, // W
    { 22, 21, 330, -1, 20, 116, 4000 }, // X
    { 19, 21, 270, 0, 20, 100, 4116 }, // Y
    { 18, 21, 281, 0, 20, 95, 4216 }, // Z
    { 7, 27, 154, 3, 21, 48, 4311 }, // [
    { 12, 22, 186, 0, 20, 66, 4359 }, // <backslash>
    { 7, 27, 154, 0, 21, 48, 4425 }, // ]
    { 13, 10, 233, 1, 18, 33, 4473 }, // ^
    { 15, 3, 233, 0, -3, 12, 4506 }, // _
    { 6, 6, 93, 0, 19, 9, 4518 }, // `
    { 11, 14, 186, 1, 13, 39, 4527 }, // a
    { 14, 22, 240, 0, 21, 77, 4566 }, // b
    { 10, 14, 190, 1, 13, 35, 4643 }, // c
    { 14, 22, 236, 1, 21, 77, 4678 }, // d
    { 11, 14, 182, 0, 13, 39, 4755 }, // e
    { 13, 22, 148, 0, 21, 72, 4794 }, // f
    { 13, 22, 203, 0, 13, 72, 4866 }, // g
    { 15, 22, 240, 0, 21, 83, 4938 }, // h
    { 7, 19, 114, 0, 18, 34, 5021 }, // i
    { 6, 27, 105, -1, 18, 41, 5055 }, // j
    { 14, 22, 219, 0, 21, 77, 5096 }, // k
    { 7, 22, 112, 0, 21, 39, 5173 }, // l
    { 23, 14, 363, 0, 13, 81, 5212 }, // m
    { 15, 14, 246, 0, 13, 53, 5293 }, // n
    { 13, 14, 231, 1, 13, 46, 5346 }, // o
    { 15, 22, 242, 0, 13, 83, 5392 }, // p
    { 15, 22, 244, 1, 13, 83, 5475 }, // q
    { 10, 14, 156, 0, 13, 35, 5558 }, // r
    { 9, 14, 151, 0, 13, 32, 5593 }, // s
    { 8, 15, 147, 1, 14, 30, 5625 }, // t
    { 16, 14, 246, 0, 13, 56, 5655 }, // u
    { 13, 13, 204, 0, 12, 43, 5711 }, // v
    { 21, 13, 320, 0, 12, 69, 5754 }, // w
    { 13, 13, 201, 0, 12, 43, 5823 }, // x
    { 13, 21, 204, 0, 12, 69, 5866 }, // y
    { 11, 14, 176, 0, 13, 39, 5935 }, // z
    { 10, 26, 175, 1, 21, 65, 5974 }, // {
    { 3, 30, 121, 2, 21, 23, 6039 }, // |
    { 10, 26, 175, 0, 21, 65, 6062 }, // }
    { 13, 5, 233, 1, 12, 17, 6127 }, // ~
    { 0, 0, 0, 0, 0, 0, 6144 }, // U+007F
    { 0, 0, 0, 0, 0, 0, 0 }, // U+0080
    { 0, 0, 0, 0, 0, 0, 0 }, // U+0081
    { 0, 0, 0, 0, 0, 0, 0 }, // U+0082
    { 0, 0, 0, 0, 0, 0, 0 }, // U+0083
    { 0, 0, 0, 0, 0, 0, 0 }, // U+0084
    { 0, 0, 0, 0, 0, 0, 0 }, // U+0085
    { 0, 0, 0, 0, 0, 0, 0 }, // U+0086
    { 0, 0, 0, 0, 0, 0, 0 }, // U+0087
    { 0, 0, 0, 0, 0, 0, 0 }, // U+0088
    { 0, 0, 0, 0, 0, 0, 0 }, // U+0089
    { 0, 0, 0, 0, 0, 0, 0 }, // U+008A
    { 0, 0, 0, 0, 0, 0, 0 }, // U+008B
    { 0, 0, 0, 0, 0, 0, 0 }, // U+008C
    { 0, 0, 0, 0, 0, 0, 0 }, // U+008D
    { 0, 0, 0, 0, 0, 0, 0 }, // U+008E
    { 0, 0, 0, 0, 0, 0, 0 }, // U+008F
    { 0, 0, 0, 0, 0, 0, 0 }, // U+0090
    { 0, 0, 0, 0, 0, 0, 0 }, // U+0091
    { 0, 0, 0, 0, 0, 0, 0 }, // U+0092
    { 0, 0, 0, 0, 0, 0, 0 }, // U+0093
    { 0, 0, 0, 0, 0, 0, 0 }, // U+0094
    { 0, 0, 0, 0, 0, 0, 0 }, // U+0095
    { 0, 0, 0, 0, 0, 0, 0 }, // U+0096
    { 0, 0, 0, 0, 0, 0, 0 }, // U+0097
    { 0, 0, 0, 0, 0, 0, 0 }, // U+0098
    { 0, 0, 0, 0, 0, 0, 0 }, // U+0099
    { 0, 0, 0, 0, 0, 0, 0 }, // U+009A
    { 0, 0, 0, 0, 0, 0, 0 }, // U+009B
    { 0, 0, 0, 0, 0, 0, 0 }, // U+009C
    { 0, 0, 0, 0, 0, 0, 0 }, // U+009D
    { 0, 0, 0, 0, 0, 0, 0 }, // U+009E
    { 0, 0, 0, 0, 0, 0, 0 }, // U+009F
    { 0, 0, 93, 0, 0, 0, 0 }, // U+00A0
    { 5, 20, 117, 1, 15, 25, 0 }, // U+00A1
    { 11, 18, 197, 1, 17, 50, 25 }, // U+00A2
    { 15, 21, 229, -1, 19, 79, 75 }, // U+00A3
    { 13, 14, 236, 1, 15, 46, 154 }, // U+00A4
    { 18, 21, 266, 0, 20, 95, 200 }, // U+00A5
    { 3, 30, 121, 2, 21, 23, 295 }, // U+00A6
    { 11, 24, 187, 0, 19, 66, 318 }, // U+00A7
    { 9, 4, 140, 0, 19, 9, 384 }, // U+00A8
    { 18, 19, 310, 1, 19, 86, 393 }, // U+00A9
    { 8, 12, 145, 1, 16, 24, 479 }, // U+00AA
    { 15, 12, 278, 1, 12, 45, 503 }, // U+00AB
    { 16, 11, 280, 1, 12, 44, 548 }, // U+00AC
    { 0, 0, 0, 0, 0, 0, 592 }, // U+00AD
    { 18, 19, 310, 1, 19, 86, 592 }, // U+00AE
    { 8, 2, 140, 0, 16, 4, 678 }, // U+00AF
    { 8, 8, 135, 0, 19, 16, 682 }, // U+00B0
    { 15, 17, 275, 1, 18, 64, 698 }, // U+00B1
    { 9, 10, 140, 0, 23, 23, 762 }, // U+00B2
    { 7, 10, 133, 0, 23, 18, 785 }, // U+00B3
    { 6, 6, 93, 0, 19, 9, 803 }, // U+00B4
    { 14, 22, 251, 2, 13, 77, 812 }, // U+00B5
    { 16, 28, 278, 1, 19, 112, 889 }, // U+00B6
    { 4, 4, 93, 1, 8, 4, 1001 }, // U+00B7
    { 6, 9, 93, 0, 1, 14, 1005 }, // U+00B8
    { 6, 11, 121, 1, 24, 17, 1019 }, // U+00B9
    { 9, 12, 144, 0, 16, 27, 1036 }, // U+00BA
    { 15, 12, 278, 1, 12, 45, 1063 }, // U+00BB
    { 18, 22, 307, 1, 20, 99, 1108 }, // U+00BC
    { 20, 22, 335, 1, 20, 110, 1207 }, // U+00BD
    { 19, 22, 296, 0, 20, 105, 1317 }, // U+00BE
    { 8, 21, 175, 1, 15, 42, 1422 }, // U+00BF
    { 22, 26, 323, -1, 25, 143, 1464 }, // U+00C0
    { 22, 26, 323, -1, 25, 143, 1607 }, // U+00C1
    { 22, 26, 323, -1, 25, 143, 1750 }, // U+00C2
    { 22, 26, 323, -1, 25, 143, 1893 }, // U+00C3
    { 22, 25, 323, -1, 24, 138, 2036 }, // U+00C4
    { 22, 26, 323, -1, 25, 143, 2174 }, // U+00C5
    { 26, 21, 407, -1, 20, 137, 2317 }, // U+00C6
    { 19, 29, 331, 1, 20, 138, 2454 }, // U+00C7
    { 15, 26, 263, 1, 25, 98, 2592 }, // U+00C8
    { 15, 26, 263, 1, 25, 98, 2690 }, // U+00C9
    { 15, 26, 263, 1, 25, 98, 2788 }, // U+00CA
    { 15, 25, 263, 1, 24, 94, 2886 }, // U+00CB
    { 10, 26, 159, 0, 25, 65, 2980 }, // U+00CC
    { 10, 26, 159, 0, 25, 65, 3045 }, // U+00CD
    { 10, 26, 159, 0, 25, 65, 3110 }, // U+00CE
    { 10, 25, 159, 0, 24, 63, 3175 }, // U+00CF
    { 21, 21, 352, 0, 20, 111, 3238 }, // U+00D0
    { 23, 26, 370, 0, 25, 150, 3349 }, // U+00D1
    { 20, 26, 356, 1, 25, 130, 3499 }, // U+00D2
    { 20, 26, 356, 1, 25, 130, 3629 }, // U+00D3
    { 20, 26, 356, 1, 25, 130, 3759 }, // U+00D4
    { 20, 26, 356, 1, 25, 130, 3889 }, // U+00D5
    { 20, 25, 356, 1, 24, 125, 4019 }, // U+00D6
    { 12, 13, 280, 3, 14, 39, 4144 }, // U+00D7
    { 20, 21, 361, 1, 20, 105, 4183 }, // U+00D8
    { 22, 26, 344, 0, 25, 143, 4288 }, // U+00D9
    { 22, 26, 344, 0, 25, 143, 4431 }, // U+00DA
    { 22, 26, 344, 0, 25, 143, 4574 }, // U+00DB
    { 22, 25, 344, 0, 24, 138, 4717 }, // U+00DC
    { 19, 26, 270, 0, 25, 124, 4855 }, // U+00DD
    { 16, 21, 261, 0, 20, 84, 4979 }, // U+00DE
    { 14, 22, 235, 0, 21, 77, 5063 }, // U+00DF
    { 11, 20, 186, 1, 19, 55, 5140 }, // U+00E0
    { 11, 20, 186, 1, 19, 55, 5195 }, // U+00E1
    { 11, 20, 186, 1, 19, 55, 5250 }, // U+00E2
    { 11, 19, 186, 1, 18, 53, 5305 }, // U+00E3
    { 11, 20, 186, 1, 19, 55, 5358 }, // U+00E4
    { 11, 20, 186, 1, 19, 55, 5413 }, // U+00E5
    { 15, 14, 260, 1, 13, 53, 5468 }, // U+00E6
    { 10, 21, 190, 1, 13, 53, 5521 }, // U+00E7
    { 11, 20, 182, 0, 19, 55, 5574 }, // U+00E8
    { 11, 20, 182, 0, 19, 55, 5629 }, // U+00E9
    { 11, 20, 182, 0, 19, 55, 5684 }, // U+00EA
    { 11, 20, 182, 0, 19, 55, 5739 }, // U+00EB
    { 8, 20, 114, -1, 19, 40, 5794 }, // U+00EC
    { 8, 20, 114, 0, 19, 40, 5834 }, // U+00ED
    { 7, 20, 114, 0, 19, 35, 5874 }, // U+00EE
    { 9, 20, 114, -1, 19, 45, 5909 }, // U+00EF
    { 14, 22, 227, 0, 21, 77, 5954 }, // U+00F0
    { 15, 19, 246, 0, 18, 72, 6031 }, // U+00F1
    { 13, 20, 231, 1, 19, 65, 6103 }, // U+00F2
    { 13, 20, 231, 1, 19, 65, 6168 }, // U+00F3
    { 13, 20, 231, 1, 19, 65, 6233 }, // U+00F4
    { 13, 19, 231, 1, 18, 62, 6298 }, // U+00F5
    { 13, 20, 231, 1, 19, 65, 6360 }, // U+00F6
    { 14, 13, 275, 2, 14, 46, 6425 }, // U+00F7
    { 14, 14, 226, 0, 13, 49, 6471 }, // U+00F8
    { 16, 20, 246, 0, 19, 80, 6520 }, // U+00F9
    { 16, 20, 246, 0, 19, 80, 6600 }, // U+00FA
    { 16, 20, 246, 0, 19, 80, 6680 }, // U+00FB
    { 16, 20, 246, 0, 19, 80, 6760 }, // U+00FC
    { 13, 28, 204, 0, 19, 91, 6840 }, // U+00FD
    { 15, 30, 236, 0, 21, 113, 6931 }, // U+00FE
    { 13, 28, 204, 0, 19, 91, 7044 }, // U+00FF
    { 22, 24, 323, -1, 23, 132, 0 }, // U+0100
    { 11, 17, 186, 1, 16, 47, 132 }, // U+0101
    { 22, 25, 323, -1, 24, 138, 179 }, // U+0102
    { 11, 19, 186, 1, 18, 53, 317 }, // U+0103
    { 22, 30, 323, -1, 21, 165, 370 }, // U+0104
    { 11, 22, 186, 1, 13, 61, 535 }, // U+0105
    { 19, 26, 331, 1, 25, 124, 596 }, // U+0106
    { 10, 20, 190, 1, 19, 50, 720 }, // U+0107
    { 19, 26, 331, 1, 25, 124, 770 }, // U+0108
    { 10, 20, 190, 1, 19, 50, 894 }, // U+0109
    { 19, 25, 331, 1, 24, 119, 944 }, // U+010A
    { 10, 19, 190, 1, 18, 48, 1063 }, // U+010B
    { 19, 26, 331, 1, 25, 124, 1111 }, // U+010C
    { 10, 20, 190, 1, 19, 50, 1235 }, // U+010D
    { 21, 26, 352, 0, 25, 137, 1285 }, // U+010E
    { 15, 22, 242, 1, 21, 83, 1422 }, // U+010F
    { 21, 21, 352, 0, 20, 111, 1505 }, // U+0110
    { 15, 22, 236, 1, 21, 83, 1616 }, // U+0111
    { 15, 24, 263, 1, 23, 90, 1699 }, // U+0112
    { 11, 17, 182, 0, 16, 47, 1789 }, // U+0113
    { 15, 25, 263, 1, 24, 94, 1836 }, // U+0114
    { 11, 19, 182, 0, 18, 53, 1930 }, // U+0115
    { 15, 25, 263, 1, 24, 94, 1983 }, // U+0116
    { 11, 19, 182, 0, 18, 53, 2077 }, // U+0117
    { 15, 29, 250, 1, 20, 109, 2130 }, // U+0118
    { 11, 22, 179, 0, 13, 61, 2239 }, // U+0119
    { 15, 26, 263, 1, 25, 98, 2300 }, // U+011A
    { 11, 20, 182, 0, 19, 55, 2398 }, // U+011B
    { 20, 26, 340, 1, 25, 130, 2453 }, // U+011C
    { 13, 28, 203, 0, 19, 91, 2583 }, // U+011D
    { 20, 25, 340, 1, 24, 125, 2674 }, // U+011E
    { 13, 27, 203, 0, 18, 88, 2799 }, // U+011F
    { 20, 25, 340, 1, 24, 125, 2887 }, // U+0120
    { 13, 27, 203, 0, 18, 88, 3012 }, // U+0121
    { 20, 29, 340, 1, 20, 145, 3100 }, // U+0122
    { 13, 30, 203, 0, 21, 98, 3245 }, // U+0123
    { 22, 26, 378, 1, 25, 143, 3343 }, // U+0124
    { 16, 27, 240, -1, 26, 108, 3486 }, // U+0125
    { 22, 21, 378, 1, 20, 116, 3594 }, // U+0126
    { 15, 22, 242, 0, 21, 83, 3710 }, // U+0127
    { 10, 26, 159, 0, 25, 65, 3793 }, // U+0128
    { 10, 19, 114, -1, 18, 48, 3858 }, // U+0129
    { 10, 24, 159, 0, 23, 60, 3906 }, // U+012A
    { 8, 17, 114, 0, 16, 34, 3966 }, // U+012B
    { 10, 25, 159, 0, 24, 63, 4000 }, // U+012C
    { 7, 19, 114, 0, 18, 34, 4063 }, // U+012D
    { 10, 29, 159, 0, 20, 73, 4097 }, // U+012E
    { 7, 27, 114, 0, 18, 48, 4170 }, // U+012F
    { 10, 25, 159, 0, 24, 63, 4218 }, // U+0130
    { 7, 14, 114, 0, 13, 25, 4281 }, // U+0131
    { 19, 26, 317, 0, 20, 124, 4306 }, // U+0132
    { 12, 27, 216, 0, 18, 81, 4430 }, // U+0133
    { 13, 31, 159, -3, 25, 101, 4511 }, // U+0134
    { 8, 28, 105, -1, 19, 56, 4612 }, // U+0135
    { 21, 29, 318, 0, 20, 153, 4668 }, // U+0136
    { 14, 30, 219, 0, 21, 105, 4821 }, // U+0137
    { 15, 14, 221, 0, 13, 53, 4926 }, // U+0138
    { 17, 26, 273, 0, 25, 111, 4979 }, // U+0139
    { 7, 27, 112, 0, 26, 48, 5090 }, // U+013A
    { 17, 29, 273, 0, 20, 124, 5138 }, // U+013B
    { 7, 30, 112, 0, 21, 53, 5262 }, // U+013C
    { 17, 21, 273, 0, 20, 90, 5315 }, // U+013D
    { 9, 22, 119, 0, 21, 50, 5405 }, // U+013E
    { 17, 21, 273, 0, 20, 90, 5455 }, // U+013F
    { 10, 22, 156, 0, 21, 55, 5545 }, // U+0140
    { 17, 21, 273, 0, 20, 90, 5600 }, // U+0141
    { 8, 22, 131, 0, 21, 44, 5690 }, // U+0142
    { 23, 26, 370, 0, 25, 150, 5734 }, // U+0143
    { 15, 20, 246, 0, 19, 75, 5884 }, // U+0144
    { 23, 29, 359, 0, 20, 167, 5959 }, // U+0145
    { 15, 22, 246, 0, 13, 83, 6126 }, // U+0146
    { 23, 26, 370, 0, 25, 150, 6209 }, // U+0147
    { 15, 20, 246, 0, 19, 75, 6359 }, // U+0148
    { 19, 22, 284, -1, 21, 105, 6434 }, // U+0149
    { 23, 28, 359, 0, 20, 161, 6539 }, // U+014A
    { 13, 22, 239, 0, 13, 72, 6700 }, // U+014B
    { 20, 24, 356, 1, 23, 120, 6772 }, // U+014C
    { 13, 17, 231, 1, 16, 56, 6892 }, // U+014D
    { 20, 25, 356, 1, 24, 125, 6948 }, // U+014E
    { 13, 19, 231, 1, 18, 62, 7073 }, // U+014F
    { 20, 26, 356, 1, 25, 130, 7135 }, // U+0150
    { 13, 20, 231, 1, 19, 65, 7265 }, // U+0151
    { 26, 21, 442, 1, 20, 137, 7330 }, // U+0152
    { 21, 14, 354, 1, 13, 74, 7467 }, // U+0153
    { 21, 26, 333, 0, 25, 137, 7541 }, // U+0154
    { 10, 20, 156, 0, 19, 50, 7678 }, // U+0155
    { 21, 29, 333, 0, 20, 153, 7728 }, // U+0156
    { 10, 22, 156, 0, 13, 55, 7881 }, // U+0157
    { 21, 26, 333, 0, 25, 137, 7936 }, // U+0158
    { 10, 20, 156, 0, 19, 50, 8073 }, // U+0159
    { 12, 26, 217, 1, 25, 78, 8123 }, // U+015A
    { 9, 20, 151, 0, 19, 45, 8201 }, // U+015B
    { 12, 26, 217, 1, 25, 78, 8246 }, // U+015C
    { 9, 20, 151, 0, 19, 45, 8324 }, // U+015D
    { 12, 29, 217, 1, 20, 87, 8369 }, // U+015E
    { 9, 21, 151, 0, 13, 48, 8456 }, // U+015F
    { 12, 26, 217, 1, 25, 78, 8504 }, // U+0160
    { 9, 20, 151, 0, 19, 45, 8582 }, // U+0161
    { 20, 30, 313, 0, 21, 150, 8627 }, // U+0162
    { 8, 22, 147, 1, 14, 44, 8777 }, // U+0163
    { 20, 26, 313, 0, 25, 130, 8821 }, // U+0164
    { 8, 20, 147, 1, 19, 40, 8951 }, // U+0165
    { 20, 22, 313, 0, 21, 110, 8991 }, // U+0166
    { 9, 15, 164, 1, 14, 34, 9101 }, // U+0167
    { 22, 26, 344, 0, 25, 143, 9135 }, // U+0168
    { 16, 19, 246, 0, 18, 76, 9278 }, // U+0169
    { 22, 24, 344, 0, 23, 132, 9354 }, // U+016A
    { 16, 17, 246, 0, 16, 68, 9486 }, // U+016B
    { 22, 25, 344, 0, 24, 138, 9554 }, // U+016C
    { 16, 19, 246, 0, 18, 76, 9692 }, // U+016D
    { 22, 26, 344, 0, 25, 143, 9768 }, // U+016E
    { 16, 20, 246, 0, 19, 80, 9911 }, // U+016F
    { 22, 26, 344, 0, 25, 143, 9991 }, // U+0170
    { 16, 20, 246, 0, 19, 80, 10134 }, // U+0171
    { 22, 29, 344, 0, 20, 160, 10214 }, // U+0172
    { 16, 22, 246, 0, 13, 88, 10374 }, // U+0173
    { 28, 26, 428, 0, 25, 182, 10462 }, // U+0174
    { 21, 20, 320, 0, 19, 105, 10644 }, // U+0175
    { 19, 26, 270, 0, 25, 124, 10749 }, // U+0176
    { 13, 28, 204, 0, 19, 91, 10873 }, // U+0177
    { 19, 25, 270, 0, 24, 119, 10964 }, // U+0178
    { 18, 26, 281, 0, 25, 117, 11083 }, // U+0179
    { 11, 20, 176, 0, 19, 55, 11200 }, // U+017A
    { 18, 25, 281, 0, 24, 113, 11255 }, // U+017B
    { 11, 19, 176, 0, 18, 53, 11368 }, // U+017C
    { 18, 26, 281, 0, 25, 117, 11421 }, // U+017D
    { 11, 20, 176, 0, 19, 55, 11538 }, // U+017E
    { 13, 22, 122, 0, 21, 72, 11593 }, // U+017F
    { 22, 23, 356, 1, 22, 127, 0 }, // U+01A0
    { 14, 16, 236, 1, 15, 56, 127 }, // U+01A1
    { 23, 24, 344, 0, 23, 138, 183 }, // U+01AF
    { 17, 17, 262, 0, 16, 73, 321 }, // U+01B0
    { 40, 26, 633, 0, 25, 260, 394 }, // U+01C4
    { 33, 21, 528, 0, 20, 174, 654 }, // U+01C5
    { 25, 22, 412, 1, 21, 138, 828 }, // U+01C6
    { 26, 26, 431, 0, 20, 169, 966 }, // U+01C7
    { 22, 29, 373, 0, 20, 160, 1135 }, // U+01C8
    { 12, 30, 218, 0, 21, 90, 1295 }, // U+01C9
    { 32, 26, 528, 0, 20, 208, 1385 }, // U+01CA
    { 28, 29, 475, 0, 20, 203, 1593 }, // U+01CB
    { 20, 27, 340, 0, 18, 135, 1796 }, // U+01CC
    { 22, 26, 323, -1, 25, 143, 1931 }, // U+01CD
    { 11, 20, 186, 1, 19, 55, 2074 }, // U+01CE
    { 10, 26, 159, 0, 25, 65, 2129 }, // U+01CF
    { 7, 20, 114, 0, 19, 35, 2194 }, // U+01D0
    { 20, 26, 356, 1, 25, 130, 2229 }, // U+01D1
    { 13, 20, 231, 1, 19, 65, 2359 }, // U+01D2
    { 22, 26, 344, 0, 25, 143, 2424 }, // U+01D3
    { 16, 20, 246, 0, 19, 80, 2567 }, // U+01D4
    { 22, 27, 344, 0, 26, 149, 2647 }, // U+01D5
    { 16, 22, 246, 0, 21, 88, 2796 }, // U+01D6
    { 22, 29, 344, 0, 28, 160, 2884 }, // U+01D7
    { 16, 24, 246, 0, 23, 96, 3044 }, // U+01D8
    { 22, 29, 344, 0, 28, 160, 3140 }, // U+01D9
    { 16, 23, 246, 0, 22, 92, 3300 }, // U+01DA
    { 22, 29, 344, 0, 28, 160, 3392 }, // U+01DB
    { 16, 24, 246, 0, 23, 96, 3552 }, // U+01DC
    { 11, 14, 190, 0, 13, 39, 3648 }, // U+01DD
    { 22, 27, 323, -1, 26, 149, 3687 }, // U+01DE
    { 11, 22, 186, 1, 21, 61, 3836 }, // U+01DF
    { 22, 27, 323, -1, 26, 149, 3897 }, // U+01E0
    { 11, 22, 186, 1, 21, 61, 4046 }, // U+01E1
    { 26, 24, 407, -1, 23, 156, 4107 }, // U+01E2
    { 15, 17, 260, 1, 16, 64, 4263 }, // U+01E3
    { 20, 21, 340, 1, 20, 105, 4327 }, // U+01E4
    { 15, 22, 203, -1, 13, 83, 4432 }, // U+01E5
    { 20, 26, 340, 1, 25, 130, 4515 }, // U+01E6
    { 13, 28, 203, 0, 19, 91, 4645 }, // U+01E7
    { 21, 26, 318, 0, 25, 137, 4736 }, // U+01E8
    { 14, 25, 219, 0, 24, 88, 4873 }, // U+01E9
    { 20, 29, 356, 1, 20, 145, 4961 }, // U+01EA
    { 13, 22, 231, 1, 13, 72, 5106 }, // U+01EB
    { 20, 32, 356, 1, 23, 160, 5178 }, // U+01EC
    { 13, 25, 231, 1, 16, 82, 5338 }, // U+01ED
    { 13, 26, 240, 1, 25, 85, 5420 }, // U+01EE
    { 12, 28, 197, 0, 19, 84, 5505 }, // U+01EF
    { 8, 28, 105, -1, 19, 56, 5589 }, // U+01F0
    { 40, 21, 633, 0, 20, 210, 5645 }, // U+01F1
    { 33, 21, 528, 0, 20, 174, 5855 }, // U+01F2
    { 25, 22, 412, 1, 21, 138, 6029 }, // U+01F3
    { 20, 26, 340, 1, 25, 130, 6167 }, // U+01F4
    { 13, 28, 203, 0, 19, 91, 6297 }, // U+01F5
    { 25, 21, 420, 1, 20, 132, 6388 }, // U+01F6
    { 17, 26, 273, 0, 20, 111, 6520 }, // U+01F7
    { 23, 26, 370, 0, 25, 150, 6631 }, // U+01F8
    { 15, 20, 246, 0, 19, 75, 6781 }, // U+01F9
    { 22, 31, 323, -1, 30, 171, 6856 }, // U+01FA
    { 11, 24, 186, 1, 23, 66, 7027 }, // U+01FB
    { 26, 26, 407, -1, 25, 169, 7093 }, // U+01FC
    { 15, 20, 260, 1, 19, 75, 7262 }, // U+01FD
    { 20, 26, 361, 1, 25, 130, 7337 }, // U+01FE
    { 14, 20, 226, 0, 19, 70, 7467 }, // U+01FF
    { 22, 26, 323, -1, 25, 143, 7537 }, // U+0200
    { 12, 20, 186, 0, 19, 60, 7680 }, // U+0201
    { 22, 25, 323, -1, 24, 138, 7740 }, // U+0202
    { 11, 19, 186, 1, 18, 53, 7878 }, // U+0203
    { 15, 26, 263, 1, 25, 98, 7931 }, // U+0204
    { 11, 20, 182, 0, 19, 55, 8029 }, // U+0205
    { 15, 25, 263, 1, 24, 94, 8084 }, // U+0206
    { 11, 19, 182, 0, 18, 53, 8178 }, // U+0207
    { 12, 26, 159, -2, 25, 78, 8231 }, // U+0208
    { 9, 20, 114, -2, 19, 45, 8309 }, // U+0209
    { 10, 25, 159, 0, 24, 63, 8354 }, // U+020A
    { 7, 19, 114, 0, 18, 34, 8417 }, // U+020B
    { 20, 26, 356, 1, 25, 130, 8451 }, // U+020C
    { 13, 20, 231, 1, 19, 65, 8581 }, // U+020D
    { 20, 25, 356, 1, 24, 125, 8646 }, // U+020E
    { 13, 19, 231, 1, 18, 62, 8771 }, // U+020F
    { 21, 26, 333, 0, 25, 137, 8833 }, // U+0210
    { 10, 20, 156, 0, 19, 50, 8970 }, // U+0211
    { 21, 25, 333, 0, 24, 132, 9020 }, // U+0212
    { 10, 19, 156, 0, 18, 48, 9152 }, // U+0213
    { 22, 26, 344, 0, 25, 143, 9200 }, // U+0214
    { 16, 20, 246, 0, 19, 80, 9343 }, // U+0215
    { 22, 25, 344, 0, 24, 138, 9423 }, // U+0216
    { 16, 19, 246, 0, 18, 76, 9561 }, // U+0217
    { 12, 29, 217, 1, 20, 87, 9637 }, // U+0218
    { 9, 22, 151, 0, 13, 50, 9724 }, // U+0219
    { 20, 30, 313, 0, 21, 150, 9774 }, // U+021A
    { 8, 23, 147, 1, 14, 46, 9924 }, // U+021B
    { 16, 26, 245, -1, 20, 104, 9970 }, // U+021C
    { 11, 22, 196, 0, 13, 61, 10074 }, // U+021D
    { 22, 26, 378, 1, 25, 143, 10135 }, // U+021E
    { 15, 26, 240, 0, 25, 98, 10278 }, // U+021F
    { 6, 6, 0, -3, 19, 9, 0 }, // U+0300
    { 6, 6, 0, -3, 19, 9, 9 }, // U+0301
    { 8, 6, 0, -4, 19, 12, 18 }, // U+0302
    { 10, 5, 0, -5, 18, 13, 30 }, // U+0303
    { 8, 2, 0, -4, 16, 4, 43 }, // U+0304
    { 12, 2, 0, -6, 17, 6, 47 }, // U+0305
    { 8, 5, 0, -4, 18, 10, 53 }, // U+0306
    { 4, 4, 0, -2, 18, 4, 63 }, // U+0307
    { 10, 4, 0, -5, 18, 10, 67 }, // U+0308
    { 6, 6, 0, -3, 20, 9, 77 }, // U+0309
    { 6, 5, 0, -3, 19, 8, 86 }, // U+030A
    { 10, 6, 0, -5, 19, 15, 94 }, // U+030B
    { 8, 6, 0, -4, 19, 12, 109 }, // U+030C
    { 2, 6, 0, -1, 20, 3, 121 }, // U+030D
    { 4, 6, 0, -2, 20, 6, 124 }, // U+030E
    { 9, 6, 0, -5, 19, 14, 130 }, // U+030F
    { 8, 7, 0, -4, 20, 14, 144 }, // U+0310
    { 8, 5, 0, -4, 18, 10, 158 }, // U+0311
    { 6, 8, 0, -3, 21, 12, 168 }, // U+0312
    { 4, 7, 0, -2, 20, 7, 180 }, // U+0313
    { 4, 7, 0, -2, 20, 7, 187 }, // U+0314
    { 6, 8, 0, -3, 21, 12, 194 }, // U+0315
    { 6, 6, 0, -3, -1, 9, 206 }, // U+0316
    { 6, 6, 0, -3, -1, 9, 215 }, // U+0317
    { 6, 7, 0, -3, -1, 11, 224 }, // U+0318
    { 6, 6, 0, -3, -2, 9, 235 }, // U+0319
    { 6, 5, 0, -3, 20, 8, 244 }, // U+031A
    { 6, 6, 0, -3, 16, 9, 252 }, // U+031B
    { 4, 6, 0, -2, -2, 6, 261 }, // U+031C
    { 6, 5, 0, -3, -2, 8, 267 }, // U+031D
    { 6, 5, 0, -3, -2, 8, 275 }, // U+031E
    { 6, 7, 0, -3, -1, 11, 283 }, // U+031F
    { 6, 2, 0, -3, -4, 3, 294 }, // U+0320
    { 8, 12, 0, -3, 3, 24, 297 }, // U+0321
    { 8, 11, 0, 0, 2, 22, 321 }, // U+0322
    { 4, 3, 0, -2, -3, 3, 343 }, // U+0323
    { 10, 4, 0, -5, -1, 10, 346 }, // U+0324
    { 6, 5, 0, -3, -2, 8, 356 }, // U+0325
    { 4, 8, 0, -2, -1, 8, 364 }, // U+0326
    { 6, 9, 0, -3, 1, 14, 372 }, // U+0327
    { 6, 10, 0, -3, 1, 15, 386 }, // U+0328
    { 2, 7, 0, -1, -1, 4, 401 }, // U+0329
    { 8, 4, 0, -4, -4, 8, 405 }, // U+032A
    { 10, 5, 0, -5, -3, 13, 413 }, // U+032B
    { 8, 6, 0, -4, -2, 12, 426 }, // U+032C
    { 8, 6, 0, -4, -2, 12, 438 }, // U+032D
    { 8, 5, 0, -4, -2, 10, 450 }, // U+032E
    { 8, 5, 0, -4, -2, 10, 460 }, // U+032F
    { 9, 5, 0, -5, -1, 12, 470 }, // U+0330
    { 8, 3, 0, -4, -2, 6, 482 }, // U+0331
    { 12, 2, 0, -6, -2, 6, 488 }, // U+0332
    { 12, 5, 0, -6, -2, 15, 494 }, // U+0333
    { 12, 5, 0, -6, 12, 15, 509 }, // U+0334
    { 10, 2, 0, -5, 12, 5, 524 }, // U+0335
    { 14, 2, 0, -7, 12, 7, 529 }, // U+0336
    { 10, 18, 0, -5, 16, 45, 536 }, // U+0337
    { 12, 22, 0, -6, 20, 66, 581 }, // U+0338
    { 4, 6, 0, -2, -2, 6, 647 }, // U+0339
    { 8, 4, 0, -4, -4, 8, 653 }, // U+033A
    { 6, 5, 0, -3, -3, 8, 661 }, // U+033B
    { 10, 5, 0, -5, -3, 13, 669 }, // U+033C
    { 6, 5, 0, -3, 20, 8, 682 }, // U+033D
    { 4, 8, 0, -2, 21, 8, 690 }, // U+033E
    { 6, 6, 0, -3, 19, 9, 698 }, // U+0340
    { 4, 7, 0, -2, 20, 7, 707 }, // U+0341
    { 8, 5, 0, -4, 17, 10, 714 }, // U+0342
    { 4, 7, 0, -2, 20, 7, 724 }, // U+0343
    { 10, 7, 0, -5, 22, 18, 731 }, // U+0344
    { 4, 6, 0, -2, -1, 6, 749 }, // U+0345
    { 0, 0, 0, 0, 0, 0, 755 }, // U+034F
    { 4, 6, 0, -2, 19, 6, 755 }, // U+0351
    { 6, 5, 0, -3, -2, 8, 761 }, // U+0353
    { 4, 6, 0, -2, 19, 6, 769 }, // U+0357
    { 18, 5, 0, -9, 25, 23, 775 }, // U+035D
    { 18, 4, 0, -9, 24, 18, 798 }, // U+0361
    { 6, 6, 0, 0, 20, 9, 816 }, // U+0364
    { 15, 22, 219, -1, 21, 83, 0 }, // U+03BB
    { 15, 26, 263, 1, 25, 98, 0 }, // U+0400
    { 15, 25, 263, 1, 24, 94, 98 }, // U+0401
    { 20, 28, 350, 0, 21, 140, 192 }, // U+0402
    { 16, 26, 241, 0, 25, 104, 332 }, // U+0403
    { 17, 21, 304, 1, 20, 90, 436 }, // U+0404
    { 12, 21, 217, 1, 20, 63, 526 }, // U+0405
    { 10, 21, 159, 0, 20, 53, 589 }, // U+0406
    { 10, 25, 159, 0, 24, 63, 642 }, // U+0407
    { 12, 26, 159, -3, 20, 78, 705 }, // U+0408
    { 27, 21, 444, 0, 20, 142, 783 }, // U+0409
    { 27, 21, 452, 1, 20, 142, 925 }, // U+040A
    { 22, 22, 356, 0, 21, 121, 1067 }, // U+040B
    { 20, 26, 309, 0, 25, 130, 1188 }, // U+040C
    { 22, 26, 375, 1, 25, 143, 1318 }, // U+040D
    { 20, 28, 297, -1, 26, 140, 1461 }, // U+040E
    { 23, 27, 370, 0, 20, 156, 1601 }, // U+040F
    { 22, 22, 323, -1, 21, 121, 1757 }, // U+0410
    { 16, 21, 274, 1, 20, 84, 1878 }, // U+0411
    { 16, 21, 274, 0, 20, 84, 1962 }, // U+0412
    { 16, 21, 241, 0, 20, 84, 2046 }, // U+0413
    { 20, 27, 329, 0, 20, 135, 2130 }, // U+0414
    { 15, 21, 263, 1, 20, 79, 2265 }, // U+0415
    { 30, 21, 458, -1, 20, 158, 2344 }, // U+0416
    { 13, 21, 238, 1, 20, 69, 2502 }, // U+0417
    { 22, 21, 375, 1, 20, 116, 2571 }, // U+0418
    { 22, 27, 375, 1, 26, 149, 2687 }, // U+0419
    { 20, 21, 309, 0, 20, 105, 2836 }, // U+041A
    { 20, 21, 332, 0, 20, 105, 2941 }, // U+041B
    { 26, 21, 421, 0, 20, 137, 3046 }, // U+041C
    { 22, 21, 378, 1, 20, 116, 3183 }, // U+041D
    { 20, 21, 356, 1, 20, 105, 3299 }, // U+041E
    { 22, 21, 386, 1, 20, 116, 3404 }, // U+041F
    { 16, 21, 258, 0, 20, 84, 3520 }, // U+0420
    { 19, 21, 331, 1, 20, 100, 3604 }, // U+0421
    { 20, 22, 313, 0, 21, 110, 3704 }, // U+0422
    { 20, 22, 297, -1, 20, 110, 3814 }, // U+0423
    { 21, 22, 356, 1, 21, 116, 3924 }, // U+0424
    { 22, 21, 330, -1, 20, 116, 4040 }, // U+0425
    { 22, 26, 363, 0, 20, 143, 4156 }, // U+0426
    { 19, 21, 316, 0, 20, 100, 4299 }, // U+0427
    { 30, 21, 483, 0, 20, 158, 4399 }, // U+0428
    { 30, 26, 483, 0, 20, 195, 4557 }, // U+0429
    { 19, 21, 306, 0, 20, 100, 4752 }, // U+042A
    { 25, 21, 408, 0, 20, 132, 4852 }, // U+042B
    { 16, 21, 265, 0, 20, 84, 4984 }, // U+042C
    { 17, 21, 304, 1, 20, 90, 5068 }, // U+042D
    { 28, 21, 480, 1, 20, 147, 5158 }, // U+042E
    { 20, 21, 313, -1, 20, 105, 5305 }, // U+042F
    { 11, 14, 186, 1, 13, 39, 5410 }, // U+0430
    { 12, 22, 221, 1, 21, 66, 5449 }, // U+0431
    { 12, 13, 198, 0, 12, 39, 5515 }, // U+0432
    { 11, 13, 165, 0, 12, 36, 5554 }, // U+0433
    { 13, 17, 212, 0, 12, 56, 5590 }, // U+0434
    { 11, 14, 182, 0, 13, 39, 5646 }, // U+0435
    { 21, 14, 327, 0, 13, 74, 5685 }, // U+0436
    { 10, 13, 178, 1, 12, 33, 5759 }, // U+0437
    { 15, 13, 246, 0, 12, 49, 5792 }, // U+0438
    { 15, 20, 246, 0, 19, 75, 5841 }, // U+0439
    { 14, 14, 223, 0, 13, 49, 5916 }, // U+043A
    { 14, 13, 225, 0, 12, 46, 5965 }, // U+043B
    { 18, 13, 292, 0, 12, 59, 6011 }, // U+043C
    { 15, 13, 243, 0, 12, 49, 6070 }, // U+043D
    { 13, 14, 231, 1, 13, 46, 6119 }, // U+043E
    { 14, 13, 235, 0, 12, 46, 6165 }, // U+043F
    { 15, 22, 242, 0, 13, 83, 6211 }, // U+0440
    { 10, 14, 190, 1, 13, 35, 6294 }, // U+0441
    { 12, 14, 191, 0, 13, 42, 6329 }, // U+0442
    { 13, 21, 204, 0, 12, 69, 6371 }, // U+0443
    { 16, 28, 273, 1, 20, 112, 6440 }, // U+0444
    { 13, 13, 201, 0, 12, 43, 6552 }, // U+0445
    { 15, 17, 240, 0, 12, 64, 6595 }, // U+0446
    { 13, 13, 209, 0, 12, 43, 6659 }, // U+0447
    { 20, 13, 323, 0, 12, 65, 6702 }, // U+0448
    { 20, 17, 323, 0, 12, 85, 6767 }, // U+0449
    { 14, 14, 223, 0, 13, 49, 6852 }, // U+044A
    { 18, 13, 285, 0, 12, 59, 6901 }, // U+044B
    { 11, 13, 189, 0, 12, 36, 6960 }, // U+044C
    { 10, 14, 190, 1, 13, 35, 6996 }, // U+044D
    { 19, 14, 308, 0, 13, 67, 7031 }, // U+044E
    { 14, 13, 209, -1, 12, 46, 7098 }, // U+044F
    { 11, 20, 182, 0, 19, 55, 7144 }, // U+0450
    { 11, 20, 182, 0, 19, 55, 7199 }, // U+0451
    { 13, 28, 227, 0, 21, 91, 7254 }, // U+0452
    { 11, 20, 165, 0, 19, 55, 7345 }, // U+0453
    { 10, 14, 192, 1, 13, 35, 7400 }, // U+0454
    { 9, 14, 151, 0, 13, 32, 7435 }, // U+0455
    { 7, 19, 114, 0, 18, 34, 7467 }, // U+0456
    { 9, 20, 114, -1, 19, 45, 7501 }, // U+0457
    { 6, 27, 105, -1, 18, 41, 7546 }, // U+0458
    { 18, 13, 289, 0, 12, 59, 7587 }, // U+0459
    { 18, 13, 301, 0, 12, 59, 7646 }, // U+045A
    { 15, 22, 242, 0, 21, 83, 7705 }, // U+045B
    { 14, 20, 223, 0, 19, 70, 7788 }, // U+045C
    { 15, 20, 246, 0, 19, 75, 7858 }, // U+045D
    { 13, 28, 204, 0, 19, 91, 7933 }, // U+045E
    { 14, 17, 233, 0, 12, 60, 8024 }, // U+045F
    { 19, 21, 312, 0, 20, 100, 8084 }, // U+0462
    { 13, 22, 218, 0, 21, 72, 8184 }, // U+0463
    { 30, 21, 449, -1, 20, 158, 8256 }, // U+046A
    { 20, 13, 318, 0, 12, 65, 8414 }, // U+046B
    { 22, 21, 348, 0, 20, 116, 8479 }, // U+0470
    { 20, 21, 356, 1, 20, 105, 8595 }, // U+0472
    { 13, 14, 231, 1, 13, 46, 8700 }, // U+0473
    { 19, 21, 302, 0, 20, 100, 8746 }, // U+0474
    { 14, 14, 214, 0, 13, 49, 8846 }, // U+0475
    { 19, 26, 302, 0, 25, 124, 8895 }, // U+0476
    { 14, 20, 214, 0, 19, 70, 9019 }, // U+0477
    { 22, 32, 375, 1, 26, 176, 9089 }, // U+048A
    { 15, 24, 246, 0, 19, 90, 9265 }, // U+048B
    { 16, 21, 274, 0, 20, 84, 9355 }, // U+048C
    { 13, 22, 218, 0, 21, 72, 9439 }, // U+048D
    { 16, 21, 258, 0, 20, 84, 9511 }, // U+048E
    { 15, 22, 242, 0, 13, 83, 9595 }, // U+048F
    { 15, 24, 235, 0, 23, 90, 9678 }, // U+0490
    { 11, 16, 163, 0, 15, 44, 9768 }, // U+0491
    { 16, 21, 241, 0, 20, 84, 9812 }, // U+0492
    { 11, 13, 165, 0, 12, 36, 9896 }, // U+0493
    { 16, 27, 299, 1, 20, 108, 9932 }, // U+0494
    { 13, 20, 211, 0, 12, 65, 10040 }, // U+0495
    { 30, 26, 457, -1, 20, 195, 10105 }, // U+0496
    { 21, 18, 327, 0, 13, 95, 10300 }, // U+0497
    { 13, 28, 238, 1, 20, 91, 10395 }, // U+0498
    { 10, 20, 178, 1, 12, 50, 10486 }, // U+0499
    { 19, 26, 309, 1, 20, 124, 10536 }, // U+049A
    { 14, 18, 223, 0, 13, 63, 10660 }, // U+049B
    { 22, 21, 337, 0, 20, 116, 10723 }, // U+049C
    { 15, 14, 241, 0, 13, 53, 10839 }, // U+049D
    { 21, 21, 327, 0, 20, 111, 10892 }, // U+049E
    { 16, 22, 253, 0, 21, 88, 11003 }, // U+049F
    { 22, 21, 348, 0, 20, 116, 11091 }, // U+04A0
    { 16, 14, 262, 0, 13, 56, 11207 }, // U+04A1
    { 22, 26, 378, 1, 20, 143, 11263 }, // U+04A2
    { 15, 17, 243, 0, 12, 64, 11406 }, // U+04A3
    { 28, 21, 451, 1, 20, 147, 11470 }, // U+04A4
    { 18, 13, 291, 0, 12, 59, 11617 }, // U+04A5
    { 29, 27, 481, 1, 20, 196, 11676 }, // U+04A6
    { 21, 20, 341, 0, 12, 105, 11872 }, // U+04A7
    { 20, 21, 344, 1, 20, 105, 11977 }, // U+04A8
    { 15, 14, 241, 1, 13, 53, 12082 }, // U+04A9
    { 19, 29, 331, 1, 20, 138, 12135 }, // U+04AA
    { 10, 21, 190, 1, 13, 53, 12273 }, // U+04AB
    { 20, 27, 313, 0, 21, 135, 12326 }, // U+04AC
    { 12, 18, 191, 0, 13, 54, 12461 }, // U+04AD
    { 19, 21, 270, 0, 20, 100, 12515 }, // U+04AE
    { 15, 21, 204, -1, 12, 79, 12615 }, // U+04AF
    { 19, 21, 270, 0, 20, 100, 12694 }, // U+04B0
    { 15, 21, 204, -1, 12, 79, 12794 }, // U+04B1
    { 22, 26, 330, -1, 20, 143, 12873 }, // U+04B2
    { 13, 17, 201, 0, 12, 56, 13016 }, // U+04B3
    { 26, 27, 413, 0, 21, 176, 13072 }, // U+04B4
    { 18, 18, 276, 0, 13, 81, 13248 }, // U+04B5
    { 19, 26, 316, 0, 20, 124, 13329 }, // U+04B6
    { 13, 17, 209, 0, 12, 56, 13453 }, // U+04B7
    { 19, 21, 319, 0, 20, 100, 13509 }, // U+04B8
    { 14, 13, 223, 0, 12, 46, 13609 }, // U+04B9
    { 18, 21, 308, 1, 20, 95, 13655 }, // U+04BA
    { 15, 22, 240, 0, 21, 83, 13750 }, // U+04BB
    { 23, 21, 373, 0, 20, 121, 13833 }, // U+04BC
    { 14, 14, 222, 0, 13, 49, 13954 }, // U+04BD
    { 23, 29, 373, 0, 24, 167, 14003 }, // U+04BE
    { 14, 23, 220, 0, 18, 81, 14170 }, // U+04BF
    { 10, 21, 159, 0, 20, 53, 14251 }, // U+04C0
    { 30, 27, 458, -1, 26, 203, 14304 }, // U+04C1
    { 21, 20, 327, 0, 19, 105, 14507 }, // U+04C2
    { 17, 26, 303, 1, 20, 111, 14612 }, // U+04C3
    { 14, 22, 219, 0, 13, 77, 14723 }, // U+04C4
    { 20, 26, 332, 0, 20, 130, 14800 }, // U+04C5
    { 14, 17, 225, 0, 12, 60, 14930 }, // U+04C6
    { 22, 27, 377, 1, 20, 149, 14990 }, // U+04C7
    { 15, 21, 241, 0, 12, 79, 15139 }, // U+04C8
    { 22, 26, 378, 1, 20, 143, 15218 }, // U+04C9
    { 15, 17, 243, 0, 12, 64, 15361 }, // U+04CA
    { 19, 26, 316, 0, 20, 124, 15425 }, // U+04CB
    { 13, 17, 209, 0, 12, 56, 15549 }, // U+04CC
    { 26, 26, 420, 0, 20, 169, 15605 }, // U+04CD
    { 18, 17, 292, 0, 12, 77, 15774 }, // U+04CE
    { 7, 22, 112, 0, 21, 39, 15851 }, // U+04CF
    { 22, 27, 323, -1, 26, 149, 15890 }, // U+04D0
    { 11, 20, 186, 1, 19, 55, 16039 }, // U+04D1
    { 22, 25, 323, -1, 24, 138, 16094 }, // U+04D2
    { 11, 20, 186, 1, 19, 55, 16232 }, // U+04D3
    { 26, 21, 407, -1, 20, 137, 16287 }, // U+04D4
    { 15, 14, 260, 1, 13, 53, 16424 }, // U+04D5
    { 15, 27, 263, 1, 26, 102, 16477 }, // U+04D6
    { 11, 20, 182, 0, 19, 55, 16579 }, // U+04D7
    { 19, 21, 310, 0, 20, 100, 16634 }, // U+04D8
    { 11, 14, 188, 0, 13, 39, 16734 }, // U+04D9
    { 19, 25, 310, 0, 24, 119, 16773 }, // U+04DA
    { 11, 20, 188, 0, 19, 55, 16892 }, // U+04DB
    { 30, 25, 458, -1, 24, 188, 16947 }, // U+04DC
    { 21, 20, 327, 0, 19, 105, 17135 }, // U+04DD
    { 13, 25, 238, 1, 24, 82, 17240 }, // U+04DE
    { 10, 20, 178, 1, 19, 50, 17322 }, // U+04DF
    { 13, 21, 240, 1, 20, 69, 17372 }, // U+04E0
    { 12, 22, 197, 0, 13, 66, 17441 }, // U+04E1
    { 22, 24, 375, 1, 23, 132, 17507 }, // U+04E2
    { 15, 17, 246, 0, 16, 64, 17639 }, // U+04E3
    { 22, 25, 375, 1, 24, 138, 17703 }, // U+04E4
    { 15, 20, 246, 0, 19, 75, 17841 }, // U+04E5
    { 20, 25, 356, 1, 24, 125, 17916 }, // U+04E6
    { 13, 20, 231, 1, 19, 65, 18041 }, // U+04E7
    { 20, 21, 356, 1, 20, 105, 18106 }, // U+04E8
    { 13, 14, 231, 1, 13, 46, 18211 }, // U+04E9
    { 20, 25, 356, 1, 24, 125, 18257 }, // U+04EA
    { 13, 20, 231, 1, 19, 65, 18382 }, // U+04EB
    { 17, 25, 304, 1, 24, 107, 18447 }, // U+04EC
    { 10, 20, 190, 1, 19, 50, 18554 }, // U+04ED
    { 20, 25, 297, -1, 23, 125, 18604 }, // U+04EE
    { 13, 25, 204, 0, 16, 82, 18729 }, // U+04EF
    { 20, 26, 297, -1, 24, 130, 18811 }, // U+04F0
    { 13, 28, 204, 0, 19, 91, 18941 }, // U+04F1
    { 20, 27, 297, -1, 25, 135, 19032 }, // U+04F2
    { 13, 28, 204, 0, 19, 91, 19167 }, // U+04F3
    { 19, 25, 316, 0, 24, 119, 19258 }, // U+04F4
    { 13, 20, 209, 0, 19, 65, 19377 }, // U+04F5
    { 16, 26, 241, 0, 20, 104, 19442 }, // U+04F6
    { 11, 17, 165, 0, 12, 47, 19546 }, // U+04F7
    { 25, 25, 408, 0, 24, 157, 19593 }, // U+04F8
    { 18, 20, 285, 0, 19, 90, 19750 }, // U+04F9
    { 19, 26, 241, -3, 20, 124, 19840 }, // U+04FA
    { 12, 21, 169, -1, 12, 63, 19964 }, // U+04FB
    { 22, 29, 330, -1, 20, 160, 20027 }, // U+04FC
    { 13, 21, 197, 0, 12, 69, 20187 }, // U+04FD
    { 21, 21, 339, 0, 20, 111, 20256 }, // U+04FE
    { 13, 13, 210, 0, 12, 43, 20367 }, // U+04FF
    { 22, 27, 323, -1, 21, 149, 0 }, // U+1EA0
    { 11, 18, 186, 1, 13, 50, 149 }, // U+1EA1
    { 22, 26, 323, -1, 25, 143, 199 }, // U+1EA2
    { 11, 21, 186, 1, 20, 58, 342 }, // U+1EA3
    { 22, 27, 323, -1, 26, 149, 400 }, // U+1EA4
    { 11, 23, 186, 1, 22, 64, 549 }, // U+1EA5
    { 22, 26, 323, -1, 25, 143, 613 }, // U+1EA6
    { 12, 23, 186, 0, 22, 69, 756 }, // U+1EA7
    { 22, 27, 323, -1, 26, 149, 825 }, // U+1EA8
    { 11, 23, 186, 1, 22, 64, 974 }, // U+1EA9
    { 22, 30, 323, -1, 29, 165, 1038 }, // U+1EAA
    { 11, 23, 186, 1, 22, 64, 1203 }, // U+1EAB
    { 22, 31, 323, -1, 25, 171, 1267 }, // U+1EAC
    { 11, 24, 186, 1, 19, 66, 1438 }, // U+1EAD
    { 22, 28, 323, -1, 27, 154, 1504 }, // U+1EAE
    { 11, 23, 186, 1, 22, 64, 1658 }, // U+1EAF
    { 22, 28, 323, -1, 27, 154, 1722 }, // U+1EB0
    { 11, 23, 186, 1, 22, 64, 1876 }, // U+1EB1
    { 22, 28, 323, -1, 27, 154, 1940 }, // U+1EB2
    { 11, 23, 186, 1, 22, 64, 2094 }, // U+1EB3
    { 22, 30, 323, -1, 29, 165, 2158 }, // U+1EB4
    { 11, 23, 186, 1, 22, 64, 2323 }, // U+1EB5
    { 22, 30, 323, -1, 24, 165, 2387 }, // U+1EB6
    { 11, 23, 186, 1, 18, 64, 2552 }, // U+1EB7
    { 15, 26, 263, 1, 20, 98, 2616 }, // U+1EB8
    { 11, 19, 182, 0, 13, 53, 2714 }, // U+1EB9
    { 15, 26, 263, 1, 25, 98, 2767 }, // U+1EBA
    { 11, 21, 182, 0, 20, 58, 2865 }, // U+1EBB
    { 15, 26, 263, 1, 25, 98, 2923 }, // U+1EBC
    { 11, 19, 182, 0, 18, 53, 3021 }, // U+1EBD
    { 15, 26, 250, 1, 25, 98, 3074 }, // U+1EBE
    { 13, 23, 182, 0, 22, 75, 3172 }, // U+1EBF
    { 16, 26, 250, 0, 25, 104, 3247 }, // U+1EC0
    { 11, 23, 182, 0, 22, 64, 3351 }, // U+1EC1
    { 15, 27, 250, 1, 26, 102, 3415 }, // U+1EC2
    { 12, 23, 182, 0, 22, 69, 3517 }, // U+1EC3
    { 15, 29, 250, 1, 28, 109, 3586 }, // U+1EC4
    { 11, 23, 182, 0, 22, 64, 3695 }, // U+1EC5
    { 15, 31, 263, 1, 25, 117, 3759 }, // U+1EC6
    { 11, 25, 182, 0, 19, 69, 3876 }, // U+1EC7
    { 10, 26, 159, 0, 25, 65, 3945 }, // U+1EC8
    { 7, 21, 114, 0, 20, 37, 4010 }, // U+1EC9
    { 10, 26, 159, 0, 20, 65, 4047 }, // U+1ECA
    { 7, 24, 114, 0, 18, 42, 4112 }, // U+1ECB
    { 20, 26, 356, 1, 20, 130, 4154 }, // U+1ECC
    { 13, 19, 231, 1, 13, 62, 4284 }, // U+1ECD
    { 20, 26, 356, 1, 25, 130, 4346 }, // U+1ECE
    { 13, 21, 231, 1, 20, 69, 4476 }, // U+1ECF
    { 20, 26, 356, 1, 25, 130, 4545 }, // U+1ED0
    { 13, 23, 231, 1, 22, 75, 4675 }, // U+1ED1
    { 20, 26, 356, 1, 25, 130, 4750 }, // U+1ED2
    { 13, 23, 231, 1, 22, 75, 4880 }, // U+1ED3
    { 20, 27, 356, 1, 26, 135, 4955 }, // U+1ED4
    { 13, 23, 231, 1, 22, 75, 5090 }, // U+1ED5
    { 20, 29, 356, 1, 28, 145, 5165 }, // U+1ED6
    { 13, 23, 231, 1, 22, 75, 5310 }, // U+1ED7
    { 20, 31, 356, 1, 25, 155, 5385 }, // U+1ED8
    { 13, 25, 231, 1, 19, 82, 5540 }, // U+1ED9
    { 22, 26, 356, 1, 25, 143, 5622 }, // U+1EDA
    { 14, 20, 236, 1, 19, 70, 5765 }, // U+1EDB
    { 22, 26, 356, 1, 25, 143, 5835 }, // U+1EDC
    { 14, 20, 236, 1, 19, 70, 5978 }, // U+1EDD
    { 22, 26, 356, 1, 25, 143, 6048 }, // U+1EDE
    { 14, 21, 236, 1, 20, 74, 6191 }, // U+1EDF
    { 22, 26, 356, 1, 25, 143, 6265 }, // U+1EE0
    { 14, 19, 236, 1, 18, 67, 6408 }, // U+1EE1
    { 22, 28, 356, 1, 22, 154, 6475 }, // U+1EE2
    { 14, 21, 236, 1, 15, 74, 6629 }, // U+1EE3
    { 22, 26, 344, 0, 20, 143, 6703 }, // U+1EE4
    { 16, 19, 246, 0, 13, 76, 6846 }, // U+1EE5
    { 22, 26, 344, 0, 25, 143, 6922 }, // U+1EE6
    { 16, 21, 246, 0, 20, 84, 7065 }, // U+1EE7
    { 23, 26, 344, 0, 25, 150, 7149 }, // U+1EE8
    { 17, 20, 262, 0, 19, 85, 7299 }, // U+1EE9
    { 23, 26, 344, 0, 25, 150, 7384 }, // U+1EEA
    { 17, 20, 262, 0, 19, 85, 7534 }, // U+1EEB
    { 23, 26, 344, 0, 25, 150, 7619 }, // U+1EEC
    { 17, 21, 262, 0, 20, 90, 7769 }, // U+1EED
    { 23, 26, 344, 0, 25, 150, 7859 }, // U+1EEE
    { 17, 19, 262, 0, 18, 81, 8009 }, // U+1EEF
    { 23, 29, 344, 0, 23, 167, 8090 }, // U+1EF0
    { 17, 22, 262, 0, 16, 94, 8257 }, // U+1EF1
    { 19, 26, 270, 0, 25, 124, 8351 }, // U+1EF2
    { 13, 28, 204, 0, 19, 91, 8475 }, // U+1EF3
    { 19, 26, 270, 0, 20, 124, 8566 }, // U+1EF4
    { 13, 21, 204, 0, 12, 69, 8690 }, // U+1EF5
    { 19, 26, 270, 0, 25, 124, 8759 }, // U+1EF6
    { 13, 29, 204, 0, 20, 95, 8883 }, // U+1EF7
    { 19, 26, 270, 0, 25, 124, 8978 }, // U+1EF8
    { 13, 27, 204, 0, 18, 88, 9102 }, // U+1EF9
    { 0, 0, 233, 0, 0, 0, 0 }, // U+2000
    { 0, 0, 467, 0, 0, 0, 0 }, // U+2001
    { 0, 0, 233, 0, 0, 0, 0 }, // U+2002
    { 0, 0, 467, 0, 0, 0, 0 }, // U+2003
    { 0, 0, 155, 0, 0, 0, 0 }, // U+2004
    { 0, 0, 117, 0, 0, 0, 0 }, // U+2005
    { 0, 0, 77, 0, 0, 0, 0 }, // U+2006
    { 0, 0, 246, 0, 0, 0, 0 }, // U+2007
    { 0, 0, 106, 0, 0, 0, 0 }, // U+2008
    { 0, 0, 47, 0, 0, 0, 0 }, // U+2009
    { 0, 0, 5, 0, 0, 0, 0 }, // U+200A
    { 0, 0, 0, 0, 0, 0, 0 }, // U+200B
    { 0, 0, 0, 0, 0, 0, 0 }, // U+200C
    { 0, 0, 0, 0, 0, 0, 0 }, // U+200D
    { 0, 0, 0, 0, 0, 0, 0 }, // U+200E
    { 0, 0, 0, 0, 0, 0, 0 }, // U+200F
    { 8, 4, 128, 0, 8, 8, 0 }, // U+2010
    { 8, 4, 128, 0, 8, 8, 8 }, // U+2011
    { 15, 3, 246, 0, 8, 12, 16 }, // U+2012
    { 14, 2, 257, 1, 7, 7, 28 }, // U+2013
    { 26, 2, 443, 1, 7, 13, 35 }, // U+2014
    { 56, 2, 934, 1, 7, 28, 48 }, // U+2015
    { 7, 30, 189, 2, 21, 53, 76 }, // U+2016
    { 5, 9, 113, 1, 21, 12, 129 }, // U+2018
    { 5, 9, 113, 1, 21, 12, 141 }, // U+2019
    { 5, 9, 113, 1, 4, 12, 153 }, // U+201A
    { 11, 9, 195, 1, 21, 25, 165 }, // U+201C
    { 11, 9, 195, 1, 21, 25, 190 }, // U+201D
    { 11, 9, 195, 1, 4, 25, 215 }, // U+201E
    { 11, 23, 205, 1, 19, 64, 240 }, // U+2020
    { 11, 23, 205, 1, 19, 64, 304 }, // U+2021
    { 8, 9, 162, 1, 15, 18, 368 }, // U+2022
    { 4, 4, 107, 1, 3, 4, 386 }, // U+2024
    { 11, 4, 214, 1, 3, 11, 390 }, // U+2025
    { 18, 4, 320, 1, 3, 18, 401 }, // U+2026
    { 3, 3, 83, 1, 12, 3, 419 }, // U+2027
    { 0, 0, 0, 0, 0, 0, 422 }, // U+202A
    { 0, 0, 0, 0, 0, 0, 422 }, // U+202B
    { 0, 0, 0, 0, 0, 0, 422 }, // U+202C
    { 0, 0, 0, 0, 0, 0, 422 }, // U+202D
    { 0, 0, 0, 0, 0, 0, 422 }, // U+202E
    { 28, 22, 449, 0, 20, 154, 422 }, // U+2030
    { 4, 8, 83, 1, 20, 8, 576 }, // U+2032
    { 8, 8, 147, 1, 20, 16, 584 }, // U+2033
    { 12, 8, 212, 1, 20, 24, 600 }, // U+2034
    { 5, 8, 83, 0, 20, 10, 624 }, // U+2035
    { 9, 8, 147, 0, 20, 18, 634 }, // U+2036
    { 13, 8, 212, 0, 20, 26, 652 }, // U+2037
    { 9, 12, 179, 1, 12, 27, 678 }, // U+2039
    { 9, 12, 179, 1, 12, 27, 705 }, // U+203A
    { 11, 20, 208, 1, 19, 55, 732 }, // U+203C
    { 8, 21, 177, 2, 20, 42, 787 }, // U+203D
    { 13, 3, 233, 1, 19, 10, 829 }, // U+203E
    { 15, 22, 23, -7, 20, 83, 839 }, // U+2044
    { 16, 21, 309, 2, 20, 84, 922 }, // U+2047
    { 12, 21, 253, 2, 20, 63, 1006 }, // U+2048
    { 15, 21, 273, 1, 20, 79, 1069 }, // U+2049
    { 17, 28, 278, 0, 19, 119, 1148 }, // U+204B
    { 9, 10, 159, 0, 9, 23, 1267 }, // U+204E
    { 16, 8, 276, 1, 20, 32, 1290 }, // U+2057
    { 0, 0, 0, 0, 0, 0, 1322 }, // U+2060
    { 0, 0, 0, 0, 0, 0, 1322 }, // U+2061
    { 0, 0, 0, 0, 0, 0, 1322 }, // U+2062
    { 0, 0, 0, 0, 0, 0, 1322 }, // U+2063
    { 0, 0, 0, 0, 0, 0, 1322 }, // U+2064
    { 0, 0, 0, 0, 0, 0, 1322 }, // U+2066
    { 0, 0, 0, 0, 0, 0, 1322 }, // U+2067
    { 0, 0, 0, 0, 0, 0, 1322 }, // U+2068
    { 0, 0, 0, 0, 0, 0, 1322 }, // U+2069
    { 0, 0, 0, 0, 0, 0, 1322 }, // U+206A
    { 0, 0, 0, 0, 0, 0, 1322 }, // U+206B
    { 0, 0, 0, 0, 0, 0, 1322 }, // U+206C
    { 0, 0, 0, 0, 0, 0, 1322 }, // U+206D
    { 0, 0, 0, 0, 0, 0, 1322 }, // U+206E
    { 0, 0, 0, 0, 0, 0, 1322 }, // U+206F
    { 9, 11, 140, 0, 23, 25, 0 }, // U+2070
    { 6, 12, 94, 0, 20, 18, 25 }, // U+2071
    { 9, 11, 140, 0, 23, 25, 43 }, // U+2074
    { 7, 11, 140, 1, 23, 20, 68 }, // U+2075
    { 8, 12, 140, 0, 24, 24, 88 }, // U+2076
    { 9, 11, 140, 0, 23, 25, 112 }, // U+2077
    { 7, 12, 140, 1, 24, 21, 137 }, // U+2078
    { 9, 12, 140, 0, 24, 27, 158 }, // U+2079
    { 10, 10, 187, 1, 23, 25, 185 }, // U+207A
    { 10, 2, 177, 0, 18, 5, 210 }, // U+207B
    { 10, 6, 187, 1, 21, 15, 215 }, // U+207C
    { 5, 17, 96, 1, 26, 22, 230 }, // U+207D
    { 5, 17, 96, 0, 26, 22, 252 }, // U+207E
    { 11, 8, 176, 0, 16, 22, 274 }, // U+207F
    { 9, 11, 140, 0, 6, 25, 296 }, // U+2080
    { 6, 11, 121, 1, 7, 17, 321 }, // U+2081
    { 9, 10, 140, 0, 6, 23, 338 }, // U+2082
    { 7, 10, 133, 0, 6, 18, 361 }, // U+2083
    { 9, 11, 140, 0, 6, 25, 379 }, // U+2084
    { 7, 11, 140, 1, 6, 20, 404 }, // U+2085
    { 8, 12, 140, 0, 7, 24, 424 }, // U+2086
    { 9, 11, 140, 0, 6, 25, 448 }, // U+2087
    { 7, 12, 140, 1, 7, 21, 473 }, // U+2088
    { 9, 12, 140, 0, 7, 27, 494 }, // U+2089
    { 10, 10, 187, 1, 6, 25, 521 }, // U+208A
    { 10, 2, 175, 0, 1, 5, 546 }, // U+208B
    { 10, 6, 187, 1, 4, 15, 551 }, // U+208C
    { 5, 17, 96, 1, 9, 22, 566 }, // U+208D
    { 5, 17, 96, 0, 9, 22, 588 }, // U+208E
    { 8, 8, 140, 0, 3, 16, 610 }, // U+2090
    { 7, 8, 121, 0, 3, 14, 626 }, // U+2091
    { 9, 8, 144, 0, 3, 18, 640 }, // U+2092
    { 9, 8, 140, 0, 4, 18, 658 }, // U+2093
    { 7, 9, 122, 0, 3, 16, 676 }, // U+2094
    { 11, 13, 176, 0, 9, 36, 692 }, // U+2095
    { 10, 13, 164, 0, 9, 33, 728 }, // U+2096
    { 6, 13, 94, 0, 9, 20, 761 }, // U+2097
    { 15, 8, 251, 0, 4, 30, 781 }, // U+2098
    { 11, 8, 176, 0, 4, 22, 811 }, // U+2099
    { 10, 12, 162, 0, 4, 30, 833 }, // U+209A
    { 6, 8, 107, 0, 4, 12, 863 }, // U+209B
    { 6, 9, 107, 0, 5, 14, 875 }, // U+209C
    { 19, 25, 331, 1, 22, 119, 0 }, // U+20A1
    { 15, 21, 239, 0, 20, 79, 119 }, // U+20A3
    { 15, 21, 229, -1, 19, 79, 198 }, // U+20A4
    { 17, 21, 280, 0, 16, 90, 277 }, // U+20A5
    { 26, 21, 386, -1, 20, 137, 367 }, // U+20A6
    { 18, 21, 290, 0, 20, 95, 504 }, // U+20A7
    { 25, 21, 407, 0, 20, 132, 599 }, // U+20A8
    { 28, 21, 428, 0, 20, 147, 731 }, // U+20A9
    { 13, 23, 218, 1, 20, 75, 878 }, // U+20AB
    { 21, 21, 330, -1, 20, 111, 953 }, // U+20AC
    { 21, 21, 318, 0, 20, 111, 1064 }, // U+20AD
    { 20, 22, 313, 0, 21, 110, 1175 }, // U+20AE
    { 18, 21, 280, 0, 20, 95, 1285 }, // U+20B1
    { 20, 25, 340, 1, 22, 125, 1380 }, // U+20B2
    { 15, 21, 239, 0, 20, 79, 1505 }, // U+20B4
    { 19, 25, 331, 1, 22, 119, 1584 }, // U+20B5
    { 17, 20, 271, 0, 19, 85, 1703 }, // U+20B8
    { 14, 21, 222, 0, 20, 74, 1788 }, // U+20B9
    { 14, 21, 231, 0, 20, 74, 1862 }, // U+20BA
    { 21, 22, 344, 0, 21, 116, 1936 }, // U+20BC
    { 16, 21, 258, 0, 20, 84, 2052 }, // U+20BD
    { 10, 22, 153, 0, 21, 55, 0 }, // U+2113
    { 27, 11, 467, 1, 14, 75, 0 }, // U+2190
    { 11, 26, 205, 1, 20, 72, 75 }, // U+2191
    { 27, 11, 467, 1, 14, 75, 147 }, // U+2192
    { 11, 26, 204, 1, 20, 72, 222 }, // U+2193
    { 27, 11, 467, 1, 14, 75, 294 }, // U+2194
    { 12, 26, 187, 0, 20, 78, 369 }, // U+2195
    { 22, 22, 373, 1, 17, 121, 447 }, // U+2196
    { 22, 22, 378, 1, 17, 121, 568 }, // U+2197
    { 21, 22, 373, 1, 17, 116, 689 }, // U+2198
    { 22, 22, 378, 1, 17, 121, 805 }, // U+2199
    { 27, 22, 467, 1, 20, 149, 926 }, // U+219A
    { 27, 22, 467, 1, 20, 149, 1075 }, // U+219B
    { 27, 11, 467, 1, 14, 75, 1224 }, // U+219E
    { 11, 26, 204, 1, 20, 72, 1299 }, // U+219F
    { 27, 11, 467, 1, 14, 75, 1371 }, // U+21A0
    { 11, 26, 204, 1, 20, 72, 1446 }, // U+21A1
    { 25, 11, 430, 1, 14, 69, 1518 }, // U+21A2
    { 27, 22, 467, 1, 20, 149, 1587 }, // U+21AE
    { 27, 11, 467, 1, 14, 75, 1736 }, // U+21D0
    { 11, 26, 204, 1, 20, 72, 1811 }, // U+21D1
    { 27, 11, 467, 1, 14, 75, 1883 }, // U+21D2
    { 11, 26, 204, 1, 20, 72, 1958 }, // U+21D3
    { 27, 11, 467, 1, 14, 75, 2030 }, // U+21DA
    { 27, 11, 467, 1, 14, 75, 2105 }, // U+21DB
    { 14, 22, 227, 0, 21, 77, 0 }, // U+2202
    { 18, 22, 323, 1, 19, 99, 77 }, // U+2205
    { 18, 20, 316, 0, 20, 90, 176 }, // U+2206
    { 18, 20, 316, 1, 19, 90, 266 }, // U+2207
    { 22, 21, 386, 1, 20, 116, 356 }, // U+220F
    { 23, 21, 386, 1, 20, 121, 472 }, // U+2210
    { 15, 23, 229, -1, 20, 87, 593 }, // U+2211
    { 16, 3, 280, 1, 9, 12, 680 }, // U+2212
    { 15, 18, 275, 1, 18, 68, 692 }, // U+2213
    { 11, 22, 186, 0, 20, 61, 760 }, // U+2215
    { 12, 22, 186, 0, 20, 66, 821 }, // U+2216
    { 4, 4, 93, 1, 8, 4, 887 }, // U+2219
    { 15, 24, 168, 0, 21, 90, 891 }, // U+221A
    { 20, 12, 350, 1, 12, 60, 981 }, // U+221E
    { 3, 30, 121, 2, 21, 23, 1041 }, // U+2223
    { 11, 30, 121, -2, 21, 83, 1064 }, // U+2224
    { 7, 30, 177, 2, 21, 53, 1147 }, // U+2225
    { 11, 30, 177, 0, 21, 83, 1200 }, // U+2226
    { 16, 27, 146, -4, 20, 108, 1283 }, // U+222B
    { 4, 12, 116, 2, 11, 12, 1391 }, // U+2236
    { 13, 5, 233, 1, 12, 17, 1403 }, // U+223C
    { 13, 16, 233, 1, 17, 52, 1420 }, // U+2241
    { 13, 10, 233, 1, 13, 33, 1472 }, // U+2248
    { 15, 16, 264, 1, 15, 60, 1505 }, // U+2260
    { 15, 17, 275, 1, 16, 64, 1565 }, // U+2264
    { 15, 17, 275, 1, 16, 64, 1629 }, // U+2265
    { 23, 15, 400, 1, 14, 87, 1693 }, // U+226A
    { 23, 15, 400, 1, 14, 87, 1780 }, // U+226B
    { 14, 19, 261, 1, 16, 67, 1867 }, // U+226E
    { 14, 19, 261, 1, 16, 67, 1934 }, // U+226F
    { 4, 4, 93, 1, 8, 4, 2001 }, // U+22C5
    { 16, 4, 289, 1, 8, 16, 2005 }, // U+22EF
    { 7, 19, 145, 1, 19, 34, 0 }, // U+2669
    { 11, 19, 211, 1, 19, 53, 34 }, // U+266A
    { 17, 22, 299, 1, 20, 94, 87 }, // U+266B
    { 17, 22, 299, 1, 20, 94, 181 }, // U+266C
    { 8, 19, 162, 1, 18, 38, 275 }, // U+266D
    { 9, 19, 167, 1, 12, 43, 313 }, // U+266E
    { 14, 25, 258, 1, 18, 88, 356 }, // U+266F
    { 33, 30, 593, 2, 25, 248, 444 }, // U+2764
    { 28, 30, 467, 1, 26, 210, 692 }, // U+4F1A
    { 27, 29, 467, 1, 26, 196, 902 }, // U+53BB
    { 27, 28, 467, 1, 24, 189, 1098 }, // U+5458
    { 29, 30, 467, 0, 26, 218, 1287 }, // U+59DA
    { 25, 30, 467, 2, 26, 188, 1505 }, // U+5B98
    { 27, 28, 467, 1, 26, 189, 1693 }, // U+5BA4
    { 27, 29, 467, 1, 25, 196, 1882 }, // U+5E26
    { 28, 29, 467, 1, 25, 203, 2078 }, // U+6211
    { 28, 30, 467, 1, 26, 210, 2281 }, // U+62C9
    { 29, 30, 467, 0, 26, 218, 2491 }, // U+653E
    { 29, 30, 467, 0, 26, 218, 2709 }, // U+6746
    { 29, 30, 467, 0, 26, 218, 2927 }, // U+6747
    { 28, 30, 467, 1, 26, 210, 3145 }, // U+6748
    { 28, 30, 467, 0, 26, 210, 3355 }, // U+6749
    { 28, 30, 467, 0, 26, 210, 3565 }, // U+674A
    { 29, 30, 467, 0, 26, 218, 3775 }, // U+674B
    { 29, 30, 467, 0, 26, 218, 3993 }, // U+674C
    { 28, 30, 467, 0, 26, 210, 4211 }, // U+674D
    { 28, 30, 467, 1, 26, 210, 4421 }, // U+674E
    { 28, 30, 467, 1, 26, 210, 4631 }, // U+674F
    { 28, 30, 467, 0, 26, 210, 4841 }, // U+6750
    { 29, 30, 467, 0, 26, 218, 5051 }, // U+6751
    { 28, 30, 467, 0, 26, 210, 5269 }, // U+6752
    { 27, 30, 467, 1, 26, 203, 5479 }, // U+6753
    { 28, 30, 467, 0, 26, 210, 5682 }, // U+6754
    { 28, 30, 467, 1, 26, 210, 5892 }, // U+6755
    { 29, 30, 467, 0, 26, 218, 6102 }, // U+6756
    { 28, 30, 467, 1, 26, 210, 6320 }, // U+6757
    { 29, 28, 467, 0, 24, 203, 6530 }, // U+6758
    { 29, 30, 467, 0, 26, 218, 6733 }, // U+6759
    { 28, 30, 467, 0, 26, 210, 6951 }, // U+675A
    { 28, 29, 467, 0, 26, 203, 7161 }, // U+675B
    { 28, 30, 467, 0, 26, 210, 7364 }, // U+675C
    { 29, 30, 467, 0, 26, 218, 7574 }, // U+675D
    { 28, 30, 467, 1, 26, 210, 7792 }, // U+675E
    { 28, 30, 467, 1, 26, 210, 8002 }, // U+675F
    { 27, 30, 467, 1, 26, 203, 8212 }, // U+6760
    { 28, 29, 467, 1, 26, 203, 8415 }, // U+6761
    { 28, 29, 467, 1, 26, 203, 8618 }, // U+6762
    { 28, 30, 467, 0, 26, 210, 8821 }, // U+6763
    { 28, 30, 467, 0, 26, 210, 9031 }, // U+6764
    { 29, 29, 467, 0, 25, 211, 9241 }, // U+6765
    { 29, 30, 467, 0, 26, 218, 9452 }, // U+6766
    { 29, 30, 467, 0, 26, 218, 9670 }, // U+6767
    { 28, 30, 467, 0, 26, 210, 9888 }, // U+6768
    { 27, 30, 467, 1, 26, 203, 10098 }, // U+6769
    { 28, 30, 467, 0, 26, 210, 10301 }, // U+676A
    { 28, 30, 467, 1, 26, 210, 10511 }, // U+676B
    { 29, 30, 467, 0, 26, 218, 10721 }, // U+676C
    { 29, 30, 467, 0, 26, 218, 10939 }, // U+676D
    { 27, 30, 467, 1, 26, 203, 11157 }, // U+676E
    { 29, 30, 467, 0, 26, 218, 11360 }, // U+676F
    { 27, 30, 467, 1, 26, 203, 11578 }, // U+6770
    { 28, 30, 467, 1, 26, 210, 11781 }, // U+6771
    { 28, 28, 467, 1, 24, 196, 11991 }, // U+6772
    { 28, 30, 467, 1, 26, 210, 12187 }, // U+6773
    { 28, 30, 467, 1, 26, 210, 12397 }, // U+6774
    { 28, 30, 467, 1, 26, 210, 12607 }, // U+6775
    { 29, 30, 467, 0, 26, 218, 12817 }, // U+6776
    { 29, 30, 467, 0, 26, 218, 13035 }, // U+6777
    { 28, 30, 467, 0, 26, 210, 13253 }, // U+6778
    { 29, 30, 467, 0, 26, 218, 13463 }, // U+6779
    { 28, 30, 467, 1, 26, 210, 13681 }, // U+677A
    { 29, 30, 467, 0, 26, 218, 13891 }, // U+677B
    { 29, 30, 467, 0, 26, 218, 14109 }, // U+677C
    { 27, 30, 467, 1, 26, 203, 14327 }, // U+677D
    { 28, 30, 467, 0, 26, 210, 14530 }, // U+677E
    { 29, 30, 467, 0, 26, 218, 14740 }, // U+677F
    { 23, 28, 467, 3, 24, 161, 14958 }, // U+7532
    { 26, 30, 467, 2, 26, 195, 15119 }, // U+7684
    { 28, 29, 467, 1, 25, 203, 15314 }, // U+8BAE
    { 27, 30, 467, 1, 26, 203, 15517 }, // U+8BF7
    { 29, 29, 467, 0, 25, 211, 15720 }, // U+91CA
    { 20, 22, 268, 0, 21, 110, 0 }, // U+FB00
    { 15, 22, 242, 0, 21, 83, 110 }, // U+FB01
    { 15, 22, 236, 0, 21, 83, 193 }, // U+FB02
    { 23, 22, 362, 0, 21, 127, 276 }, // U+FB03
    { 22, 22, 355, 0, 21, 121, 403 }, // U+FB04
    { 18, 22, 278, 0, 21, 99, 524 }, // U+FB05
    { 18, 21, 289, 0, 20, 95, 623 }, // U+FB06
    { 22, 22, 353, 0, 21, 121, 0 }, // U+FFFD
    { 31, 30, 593, 3, 25, 233, 0 }, // U+1F44B
    { 16, 21, 265, 0, 20, 84, 233 }, // U+1F44C
    { 16, 20, 260, 0, 19, 80, 317 }, // U+1F44D
    { 27, 30, 593, 5, 25, 203, 397 }, // U+1F44E
    { 29, 30, 593, 4, 25, 218, 600 }, // U+1F44F
    { 31, 30, 593, 3, 25, 233, 818 }, // U+1F600
    { 31, 30, 593, 3, 25, 233, 1051 }, // U+1F601
    { 37, 30, 593, 0, 25, 278, 1284 }, // U+1F602
    { 31, 30, 593, 3, 25, 233, 1562 }, // U+1F603
    { 31, 30, 593, 3, 25, 233, 1795 }, // U+1F604
    { 33, 30, 593, 2, 25, 248, 2028 }, // U+1F605
    { 31, 30, 593, 3, 25, 233, 2276 }, // U+1F606
    { 29, 30, 593, 4, 25, 218, 2509 }, // U+1F607
    { 31, 30, 593, 3, 25, 233, 2727 }, // U+1F609
    { 31, 30, 593, 3, 25, 233, 2960 }, // U+1F60A
    { 31, 31, 593, 3, 25, 241, 3193 }, // U+1F60B
    { 31, 30, 593, 3, 25, 233, 3434 }, // U+1F60C
    { 31, 30, 593, 3, 25, 233, 3667 }, // U+1F60D
    { 31, 30, 593, 3, 25, 233, 3900 }, // U+1F60E
    { 31, 30, 593, 3, 25, 233, 4133 }, // U+1F60F
    { 31, 30, 593, 3, 25, 233, 4366 }, // U+1F610
    { 31, 30, 593, 3, 25, 233, 4599 }, // U+1F611
    { 31, 30, 593, 3, 25, 233, 4832 }, // U+1F612
    { 31, 30, 593, 3, 25, 233, 5065 }, // U+1F613
    { 31, 30, 593, 3, 25, 233, 5298 }, // U+1F614
    { 31, 30, 593, 3, 25, 233, 5531 }, // U+1F618
    { 31, 30, 593, 3, 25, 233, 5764 }, // U+1F61A
    { 31, 31, 593, 3, 25, 241, 5997 }, // U+1F61C
    { 31, 31, 593, 3, 25, 241, 6238 }, // U+1F61D
    { 31, 30, 593, 3, 25, 233, 6479 }, // U+1F620
    { 31, 30, 593, 3, 25, 233, 6712 }, // U+1F621
    { 31, 30, 593, 3, 25, 233, 6945 }, // U+1F622
    { 33, 30, 593, 2, 25, 248, 7178 }, // U+1F624
    { 31, 30, 593, 3, 25, 233, 7426 }, // U+1F625
    { 31, 30, 593, 3, 25, 233, 7659 }, // U+1F629
    { 31, 30, 593, 3, 25, 233, 7892 }, // U+1F62C
    { 31, 31, 593, 3, 25, 241, 8125 }, // U+1F62D
    { 31, 30, 593, 3, 25, 233, 8366 }, // U+1F62E
    { 35, 31, 593, 1, 25, 272, 8599 }, // U+1F631
    { 31, 30, 593, 3, 25, 233, 8871 }, // U+1F632
    { 31, 30, 593, 3, 25, 233, 9104 }, // U+1F633
    { 31, 30, 593, 3, 25, 233, 9337 }, // U+1F634
    { 31, 30, 593, 3, 25, 233, 9570 }, // U+1F635
    { 31, 30, 593, 3, 25, 233, 9803 }, // U+1F641
    { 31, 30, 593, 3, 25, 233, 10036 }, // U+1F642
    { 31, 30, 593, 3, 25, 233, 10269 }, // U+1F644
};

static const EpdUnicodeInterval ebgaramond_14_regularIntervals[] = {
    { 0x0, 0x17F, 0x0 },
    { 0x1A0, 0x1A1, 0x180 },
    { 0x1AF, 0x1B0, 0x182 },
    { 0x1C4, 0x21F, 0x184 },
    { 0x300, 0x33E, 0x1E0 },
    { 0x340, 0x345, 0x21F },
    { 0x34F, 0x34F, 0x225 },
    { 0x351, 0x351, 0x226 },
    { 0x353, 0x353, 0x227 },
    { 0x357, 0x357, 0x228 },
    { 0x35D, 0x35D, 0x229 },
    { 0x361, 0x361, 0x22A },
    { 0x364, 0x364, 0x22B },
    { 0x3BB, 0x3BB, 0x22C },
    { 0x400, 0x45F, 0x22D },
    { 0x462, 0x463, 0x28D },
    { 0x46A, 0x46B, 0x28F },
    { 0x470, 0x470, 0x291 },
    { 0x472, 0x477, 0x292 },
    { 0x48A, 0x4FF, 0x298 },
    { 0x1EA0, 0x1EF9, 0x30E },
    { 0x2000, 0x2016, 0x368 },
    { 0x2018, 0x201A, 0x37F },
    { 0x201C, 0x201E, 0x382 },
    { 0x2020, 0x2022, 0x385 },
    { 0x2024, 0x2027, 0x388 },
    { 0x202A, 0x202E, 0x38C },
    { 0x2030, 0x2030, 0x391 },
    { 0x2032, 0x2037, 0x392 },
    { 0x2039, 0x203A, 0x398 },
    { 0x203C, 0x203E, 0x39A },
    { 0x2044, 0x2044, 0x39D },
    { 0x2047, 0x2049, 0x39E },
    { 0x204B, 0x204B, 0x3A1 },
    { 0x204E, 0x204E, 0x3A2 },
    { 0x2057, 0x2057, 0x3A3 },
    { 0x2060, 0x2064, 0x3A4 },
    { 0x2066, 0x2071, 0x3A9 },
    { 0x2074, 0x208E, 0x3B5 },
    { 0x2090, 0x209C, 0x3D0 },
    { 0x20A1, 0x20A1, 0x3DD },
    { 0x20A3, 0x20A9, 0x3DE },
    { 0x20AB, 0x20AE, 0x3E5 },
    { 0x20B1, 0x20B2, 0x3E9 },
    { 0x20B4, 0x20B5, 0x3EB },
    { 0x20B8, 0x20BA, 0x3ED },
    { 0x20BC, 0x20BD, 0x3F0 },
    { 0x2113, 0x2113, 0x3F2 },
    { 0x2190, 0x219B, 0x3F3 },
    { 0x219E, 0x21A2, 0x3FF },
    { 0x21AE, 0x21AE, 0x404 },
    { 0x21D0, 0x21D3, 0x405 },
    { 0x21DA, 0x21DB, 0x409 },
    { 0x2202, 0x2202, 0x40B },
    { 0x2205, 0x2207, 0x40C },
    { 0x220F, 0x2213, 0x40F },
    { 0x2215, 0x2216, 0x414 },
    { 0x2219, 0x221A, 0x416 },
    { 0x221E, 0x221E, 0x418 },
    { 0x2223, 0x2226, 0x419 },
    { 0x222B, 0x222B, 0x41D },
    { 0x2236, 0x2236, 0x41E },
    { 0x223C, 0x223C, 0x41F },
    { 0x2241, 0x2241, 0x420 },
    { 0x2248, 0x2248, 0x421 },
    { 0x2260, 0x2260, 0x422 },
    { 0x2264, 0x2265, 0x423 },
    { 0x226A, 0x226B, 0x425 },
    { 0x226E, 0x226F, 0x427 },
    { 0x22C5, 0x22C5, 0x429 },
    { 0x22EF, 0x22EF, 0x42A },
    { 0x2669, 0x266F, 0x42B },
    { 0x2764, 0x2764, 0x432 },
    { 0x4F1A, 0x4F1A, 0x433 },
    { 0x53BB, 0x53BB, 0x434 },
    { 0x5458, 0x5458, 0x435 },
    { 0x59DA, 0x59DA, 0x436 },
    { 0x5B98, 0x5B98, 0x437 },
    { 0x5BA4, 0x5BA4, 0x438 },
    { 0x5E26, 0x5E26, 0x439 },
    { 0x6211, 0x6211, 0x43A },
    { 0x62C9, 0x62C9, 0x43B },
    { 0x653E, 0x653E, 0x43C },
    { 0x6746, 0x677F, 0x43D },
    { 0x7532, 0x7532, 0x477 },
    { 0x7684, 0x7684, 0x478 },
    { 0x8BAE, 0x8BAE, 0x479 },
    { 0x8BF7, 0x8BF7, 0x47A },
    { 0x91CA, 0x91CA, 0x47B },
    { 0xFB00, 0xFB06, 0x47C },
    { 0xFFFD, 0xFFFD, 0x483 },
    { 0x1F44B, 0x1F44F, 0x484 },
    { 0x1F600, 0x1F607, 0x489 },
    { 0x1F609, 0x1F614, 0x491 },
    { 0x1F618, 0x1F618, 0x49D },
    { 0x1F61A, 0x1F61A, 0x49E },
    { 0x1F61C, 0x1F61D, 0x49F },
    { 0x1F620, 0x1F622, 0x4A1 },
    { 0x1F624, 0x1F625, 0x4A4 },
    { 0x1F629, 0x1F629, 0x4A6 },
    { 0x1F62C, 0x1F62E, 0x4A7 },
    { 0x1F631, 0x1F635, 0x4AA },
    { 0x1F641, 0x1F642, 0x4AF },
    { 0x1F644, 0x1F644, 0x4B1 },
};

static const EpdFontGroup ebgaramond_14_regularGroups[] = {
    { 0, 3270, 6770, 128, 0 },
    { 3270, 2751, 7771, 128, 128 },
    { 6021, 3528, 12743, 128, 256 },
    { 9549, 3464, 11132, 96, 384 },
    { 13013, 635, 936, 76, 480 },
    { 13648, 77, 88, 1, 556 },
    { 13725, 7037, 22065, 225, 557 },
    { 20762, 1970, 10002, 90, 782 },
    { 22732, 804, 1449, 75, 872 },
    { 23536, 512, 1102, 42, 947 },
    { 24048, 1241, 2321, 21, 989 },
    { 25289, 60, 66, 1, 1010 },
    { 25349, 748, 2306, 24, 1011 },
    { 26097, 1079, 2184, 32, 1035 },
    { 27176, 6883, 16665, 81, 1067 },
    { 34059, 329, 765, 7, 1148 },
    { 34388, 100, 132, 1, 1155 },
    { 34488, 3932, 10885, 46, 1156 },
};

static const EpdKernClassEntry ebgaramond_14_regularKernLeftClasses[] = {
    { 0x0026, 1 }, // &
    { 0x002A, 2 }, // *
    { 0x002C, 3 }, // ,
    { 0x002D, 4 }, // -
    { 0x002E, 3 }, // .
    { 0x002F, 5 }, // /
    { 0x003A, 6 }, // :
    { 0x0041, 7 }, // A
    { 0x0042, 8 }, // B
    { 0x0043, 9 }, // C
    { 0x0044, 10 }, // D
    { 0x0045, 11 }, // E
    { 0x0046, 12 }, // F
    { 0x0048, 13 }, // H
    { 0x0049, 13 }, // I
    { 0x004A, 14 }, // J
    { 0x004C, 15 }, // L
    { 0x004D, 16 }, // M
    { 0x004F, 10 }, // O
    { 0x0050, 17 }, // P
    { 0x0051, 10 }, // Q
    { 0x0052, 18 }, // R
    { 0x0053, 19 }, // S
    { 0x0054, 20 }, // T
    { 0x0056, 21 }, // V
    { 0x0057, 21 }, // W
    { 0x0058, 22 }, // X
    { 0x0059, 23 }, // Y
    { 0x005C, 24 }, // <backslash>
    { 0x0061, 25 }, // a
    { 0x0062, 26 }, // b
    { 0x0063, 27 }, // c
    { 0x0064, 28 }, // d
    { 0x0065, 29 }, // e
    { 0x0066, 30 }, // f
    { 0x0067, 31 }, // g
    { 0x0068, 32 }, // h
    { 0x006C, 28 }, // l
    { 0x006D, 32 }, // m
    { 0x006E, 32 }, // n
    { 0x006F, 26 }, // o
    { 0x0070, 26 }, // p
    { 0x0071, 33 }, // q
    { 0x0073, 34 }, // s
    { 0x0076, 35 }, // v
    { 0x0077, 35 }, // w
    { 0x0078, 36 }, // x
    { 0x0079, 35 }, // y
    { 0x00A1, 37 }, // U+00A1
    { 0x00AB, 38 }, // U+00AB
    { 0x00B6, 39 }, // U+00B6
    { 0x00B7, 40 }, // U+00B7
    { 0x00BB, 41 }, // U+00BB
    { 0x00C0, 7 }, // U+00C0
    { 0x00C1, 7 }, // U+00C1
    { 0x00C2, 7 }, // U+00C2
    { 0x00C3, 7 }, // U+00C3
    { 0x00C4, 7 }, // U+00C4
    { 0x00C5, 7 }, // U+00C5
    { 0x00C6, 11 }, // U+00C6
    { 0x00C7, 9 }, // U+00C7
    { 0x00C8, 11 }, // U+00C8
    { 0x00C9, 11 }, // U+00C9
    { 0x00CA, 11 }, // U+00CA
    { 0x00CB, 11 }, // U+00CB
    { 0x00CC, 13 }, // U+00CC
    { 0x00CD, 13 }, // U+00CD
    { 0x00CE, 13 }, // U+00CE
    { 0x00CF, 13 }, // U+00CF
    { 0x00D0, 10 }, // U+00D0
    { 0x00D2, 10 }, // U+00D2
    { 0x00D3, 10 }, // U+00D3
    { 0x00D4, 10 }, // U+00D4
    { 0x00D5, 10 }, // U+00D5
    { 0x00D6, 10 }, // U+00D6
    { 0x00D8, 10 }, // U+00D8
    { 0x00DD, 23 }, // U+00DD
    { 0x00E0, 25 }, // U+00E0
    { 0x00E1, 25 }, // U+00E1
    { 0x00E2, 25 }, // U+00E2
    { 0x00E3, 25 }, // U+00E3
    { 0x00E4, 25 }, // U+00E4
    { 0x00E5, 25 }, // U+00E5
    { 0x00E6, 29 }, // U+00E6
    { 0x00E7, 27 }, // U+00E7
    { 0x00E8, 29 }, // U+00E8
    { 0x00E9, 29 }, // U+00E9
    { 0x00EA, 29 }, // U+00EA
    { 0x00EB, 29 }, // U+00EB
    { 0x00F1, 32 }, // U+00F1
    { 0x00F2, 26 }, // U+00F2
    { 0x00F3, 26 }, // U+00F3
    { 0x00F4, 26 }, // U+00F4
    { 0x00F5, 26 }, // U+00F5
    { 0x00F6, 26 }, // U+00F6
    { 0x00F8, 26 }, // U+00F8
    { 0x00FD, 35 }, // U+00FD
    { 0x00FE, 26 }, // U+00FE
    { 0x00FF, 35 }, // U+00FF
    { 0x0100, 7 }, // U+0100
    { 0x0101, 25 }, // U+0101
    { 0x0102, 7 }, // U+0102
    { 0x0103, 25 }, // U+0103
    { 0x0104, 7 }, // U+0104
    { 0x0105, 25 }, // U+0105
    { 0x0106, 9 }, // U+0106
    { 0x0107, 27 }, // U+0107
    { 0x0108, 9 }, // U+0108
    { 0x0109, 27 }, // U+0109
    { 0x010A, 9 }, // U+010A
    { 0x010B, 27 }, // U+010B
    { 0x010C, 9 }, // U+010C
    { 0x010D, 27 }, // U+010D
    { 0x010E, 10 }, // U+010E
    { 0x0110, 10 }, // U+0110
    { 0x0111, 28 }, // U+0111
    { 0x0112, 11 }, // U+0112
    { 0x0113, 29 }, // U+0113
    { 0x0114, 11 }, // U+0114
    { 0x0115, 29 }, // U+0115
    { 0x0116, 11 }, // U+0116
    { 0x0117, 29 }, // U+0117
    { 0x0118, 11 }, // U+0118
    { 0x0119, 29 }, // U+0119
    { 0x011A, 11 }, // U+011A
    { 0x011B, 29 }, // U+011B
    { 0x011D, 31 }, // U+011D
    { 0x011F, 31 }, // U+011F
    { 0x0121, 31 }, // U+0121
    { 0x0123, 31 }, // U+0123
    { 0x0124, 13 }, // U+0124
    { 0x0125, 32 }, // U+0125
    { 0x0126, 13 }, // U+0126
    { 0x0127, 32 }, // U+0127
    { 0x0128, 13 }, // U+0128
    { 0x012A, 13 }, // U+012A
    { 0x012C, 13 }, // U+012C
    { 0x012E, 13 }, // U+012E
    { 0x0130, 13 }, // U+0130
    { 0x0132, 14 }, // U+0132
    { 0x0134, 14 }, // U+0134
    { 0x0139, 15 }, // U+0139
    { 0x013A, 28 }, // U+013A
    { 0x013B, 15 }, // U+013B
    { 0x013C, 28 }, // U+013C
    { 0x013D, 15 }, // U+013D
    { 0x013F, 15 }, // U+013F
    { 0x0141, 15 }, // U+0141
    { 0x0142, 28 }, // U+0142
    { 0x0144, 32 }, // U+0144
    { 0x0146, 32 }, // U+0146
    { 0x0148, 32 }, // U+0148
    { 0x0149, 32 }, // U+0149
    { 0x014C, 10 }, // U+014C
    { 0x014D, 26 }, // U+014D
    { 0x014E, 10 }, // U+014E
    { 0x014F, 26 }, // U+014F
    { 0x0150, 10 }, // U+0150
    { 0x0151, 26 }, // U+0151
    { 0x0152, 11 }, // U+0152
    { 0x0153, 29 }, // U+0153
    { 0x0154, 18 }, // U+0154
    { 0x0156, 18 }, // U+0156
    { 0x0158, 18 }, // U+0158
    { 0x015A, 19 }, // U+015A
    { 0x015B, 34 }, // U+015B
    { 0x015C, 19 }, // U+015C
    { 0x015D, 34 }, // U+015D
    { 0x015E, 19 }, // U+015E
    { 0x015F, 34 }, // U+015F
    { 0x0160, 19 }, // U+0160
    { 0x0161, 34 }, // U+0161
    { 0x0162, 20 }, // U+0162
    { 0x0164, 20 }, // U+0164
    { 0x0166, 20 }, // U+0166
    { 0x0174, 21 }, // U+0174
    { 0x0175, 35 }, // U+0175
    { 0x0176, 23 }, // U+0176
    { 0x0177, 35 }, // U+0177
    { 0x0178, 23 }, // U+0178
    { 0x017F, 42 }, // U+017F
    { 0x01A0, 10 }, // U+01A0
    { 0x01C7, 14 }, // U+01C7
    { 0x01CA, 14 }, // U+01CA
    { 0x01CD, 7 }, // U+01CD
    { 0x01CE, 25 }, // U+01CE
    { 0x01CF, 13 }, // U+01CF
    { 0x01D1, 10 }, // U+01D1
    { 0x01D2, 26 }, // U+01D2
    { 0x01DD, 26 }, // U+01DD
    { 0x01DE, 7 }, // U+01DE
    { 0x01DF, 25 }, // U+01DF
    { 0x01E0, 7 }, // U+01E0
    { 0x01E1, 25 }, // U+01E1
    { 0x01E2, 11 }, // U+01E2
    { 0x01E3, 29 }, // U+01E3
    { 0x01E5, 31 }, // U+01E5
    { 0x01E7, 31 }, // U+01E7
    { 0x01EA, 10 }, // U+01EA
    { 0x01EB, 26 }, // U+01EB
    { 0x01EC, 10 }, // U+01EC
    { 0x01ED, 26 }, // U+01ED
    { 0x01EE, 43 }, // U+01EE
    { 0x01EF, 44 }, // U+01EF
    { 0x01F5, 31 }, // U+01F5
    { 0x01F9, 32 }, // U+01F9
    { 0x01FA, 7 }, // U+01FA
    { 0x01FB, 25 }, // U+01FB
    { 0x01FC, 11 }, // U+01FC
    { 0x01FD, 29 }, // U+01FD
    { 0x01FE, 10 }, // U+01FE
    { 0x01FF, 26 }, // U+01FF
    { 0x0200, 7 }, // U+0200
    { 0x0201, 25 }, // U+0201
    { 0x0202, 7 }, // U+0202
    { 0x0203, 25 }, // U+0203
    { 0x0204, 11 }, // U+0204
    { 0x0205, 29 }, // U+0205
    { 0x0206, 11 }, // U+0206
    { 0x0207, 29 }, // U+0207
    { 0x0208, 13 }, // U+0208
    { 0x020A, 13 }, // U+020A
    { 0x020C, 10 }, // U+020C
    { 0x020D, 26 }, // U+020D
    { 0x020E, 10 }, // U+020E
    { 0x020F, 26 }, // U+020F
    { 0x0210, 18 }, // U+0210
    { 0x0212, 18 }, // U+0212
    { 0x0218, 19 }, // U+0218
    { 0x0219, 34 }, // U+0219
    { 0x021A, 20 }, // U+021A
    { 0x021E, 13 }, // U+021E
    { 0x021F, 32 }, // U+021F
    { 0x0400, 11 }, // U+0400
    { 0x0401, 11 }, // U+0401
    { 0x0402, 45 }, // U+0402
    { 0x0403, 46 }, // U+0403
    { 0x0404, 9 }, // U+0404
    { 0x0405, 19 }, // U+0405
    { 0x0406, 13 }, // U+0406
    { 0x0407, 13 }, // U+0407
    { 0x0408, 14 }, // U+0408
    { 0x0409, 47 }, // U+0409
    { 0x040A, 47 }, // U+040A
    { 0x040B, 48 }, // U+040B
    { 0x040C, 49 }, // U+040C
    { 0x040D, 13 }, // U+040D
    { 0x040E, 21 }, // U+040E
    { 0x040F, 13 }, // U+040F
    { 0x0410, 7 }, // U+0410
    { 0x0411, 50 }, // U+0411
    { 0x0412, 8 }, // U+0412
    { 0x0413, 46 }, // U+0413
    { 0x0414, 13 }, // U+0414
    { 0x0415, 11 }, // U+0415
    { 0x0416, 49 }, // U+0416
    { 0x0417, 8 }, // U+0417
    { 0x0418, 13 }, // U+0418
    { 0x0419, 13 }, // U+0419
    { 0x041A, 49 }, // U+041A
    { 0x041B, 13 }, // U+041B
    { 0x041C, 16 }, // U+041C
    { 0x041D, 13 }, // U+041D
    { 0x041E, 10 }, // U+041E
    { 0x041F, 13 }, // U+041F
    { 0x0420, 17 }, // U+0420
    { 0x0421, 9 }, // U+0421
    { 0x0422, 20 }, // U+0422
    { 0x0423, 21 }, // U+0423
    { 0x0424, 51 }, // U+0424
    { 0x0425, 22 }, // U+0425
    { 0x0426, 13 }, // U+0426
    { 0x0427, 13 }, // U+0427
    { 0x0428, 13 }, // U+0428
    { 0x0429, 13 }, // U+0429
    { 0x042A, 47 }, // U+042A
    { 0x042B, 13 }, // U+042B
    { 0x042C, 47 }, // U+042C
    { 0x042D, 10 }, // U+042D
    { 0x042E, 10 }, // U+042E
    { 0x042F, 13 }, // U+042F
    { 0x0430, 25 }, // U+0430
    { 0x0431, 26 }, // U+0431
    { 0x0432, 52 }, // U+0432
    { 0x0433, 53 }, // U+0433
    { 0x0434, 54 }, // U+0434
    { 0x0435, 29 }, // U+0435
    { 0x0436, 55 }, // U+0436
    { 0x0437, 52 }, // U+0437
    { 0x0438, 54 }, // U+0438
    { 0x0439, 54 }, // U+0439
    { 0x043A, 55 }, // U+043A
    { 0x043B, 54 }, // U+043B
    { 0x043C, 54 }, // U+043C
    { 0x043D, 54 }, // U+043D
    { 0x043E, 26 }, // U+043E
    { 0x043F, 54 }, // U+043F
    { 0x0440, 26 }, // U+0440
    { 0x0441, 27 }, // U+0441
    { 0x0442, 56 }, // U+0442
    { 0x0443, 35 }, // U+0443
    { 0x0444, 26 }, // U+0444
    { 0x0445, 36 }, // U+0445
    { 0x0446, 54 }, // U+0446
    { 0x0447, 54 }, // U+0447
    { 0x0448, 54 }, // U+0448
    { 0x0449, 54 }, // U+0449
    { 0x044A, 57 }, // U+044A
    { 0x044B, 54 }, // U+044B
    { 0x044C, 57 }, // U+044C
    { 0x044D, 26 }, // U+044D
    { 0x044E, 26 }, // U+044E
    { 0x044F, 54 }, // U+044F
    { 0x0450, 29 }, // U+0450
    { 0x0451, 29 }, // U+0451
    { 0x0452, 58 }, // U+0452
    { 0x0453, 53 }, // U+0453
    { 0x0454, 27 }, // U+0454
    { 0x0455, 34 }, // U+0455
    { 0x0459, 57 }, // U+0459
    { 0x045A, 57 }, // U+045A
    { 0x045B, 32 }, // U+045B
    { 0x045C, 55 }, // U+045C
    { 0x045D, 54 }, // U+045D
    { 0x045E, 35 }, // U+045E
    { 0x045F, 54 }, // U+045F
    { 0x0462, 59 }, // U+0462
    { 0x0463, 60 }, // U+0463
    { 0x046A, 61 }, // U+046A
    { 0x046B, 62 }, // U+046B
    { 0x0470, 63 }, // U+0470
    { 0x0472, 10 }, // U+0472
    { 0x0473, 26 }, // U+0473
    { 0x0474, 21 }, // U+0474
    { 0x0475, 64 }, // U+0475
    { 0x0476, 21 }, // U+0476
    { 0x0477, 64 }, // U+0477
    { 0x048A, 13 }, // U+048A
    { 0x048B, 54 }, // U+048B
    { 0x048C, 59 }, // U+048C
    { 0x048D, 60 }, // U+048D
    { 0x048E, 17 }, // U+048E
    { 0x048F, 26 }, // U+048F
    { 0x0490, 46 }, // U+0490
    { 0x0491, 65 }, // U+0491
    { 0x0492, 46 }, // U+0492
    { 0x0493, 53 }, // U+0493
    { 0x0494, 66 }, // U+0494
    { 0x0495, 67 }, // U+0495
    { 0x0496, 49 }, // U+0496
    { 0x0497, 55 }, // U+0497
    { 0x0498, 8 }, // U+0498
    { 0x0499, 52 }, // U+0499
    { 0x049A, 49 }, // U+049A
    { 0x049B, 55 }, // U+049B
    { 0x049C, 49 }, // U+049C
    { 0x049D, 55 }, // U+049D
    { 0x049E, 49 }, // U+049E
    { 0x049F, 55 }, // U+049F
    { 0x04A0, 49 }, // U+04A0
    { 0x04A1, 55 }, // U+04A1
    { 0x04A2, 13 }, // U+04A2
    { 0x04A3, 54 }, // U+04A3
    { 0x04A4, 20 }, // U+04A4
    { 0x04A5, 56 }, // U+04A5
    { 0x04A6, 68 }, // U+04A6
    { 0x04A7, 58 }, // U+04A7
    { 0x04A8, 69 }, // U+04A8
    { 0x04A9, 70 }, // U+04A9
    { 0x04AA, 9 }, // U+04AA
    { 0x04AB, 27 }, // U+04AB
    { 0x04AC, 20 }, // U+04AC
    { 0x04AD, 56 }, // U+04AD
    { 0x04AE, 23 }, // U+04AE
    { 0x04AF, 35 }, // U+04AF
    { 0x04B0, 23 }, // U+04B0
    { 0x04B1, 35 }, // U+04B1
    { 0x04B2, 22 }, // U+04B2
    { 0x04B3, 36 }, // U+04B3
    { 0x04B4, 13 }, // U+04B4
    { 0x04B5, 54 }, // U+04B5
    { 0x04B6, 13 }, // U+04B6
    { 0x04B7, 54 }, // U+04B7
    { 0x04B8, 13 }, // U+04B8
    { 0x04B9, 54 }, // U+04B9
    { 0x04BA, 71 }, // U+04BA
    { 0x04BB, 32 }, // U+04BB
    { 0x04BC, 72 }, // U+04BC
    { 0x04BD, 29 }, // U+04BD
    { 0x04BE, 72 }, // U+04BE
    { 0x04BF, 29 }, // U+04BF
    { 0x04C0, 13 }, // U+04C0
    { 0x04C1, 49 }, // U+04C1
    { 0x04C2, 55 }, // U+04C2
    { 0x04C3, 73 }, // U+04C3
    { 0x04C4, 74 }, // U+04C4
    { 0x04C5, 13 }, // U+04C5
    { 0x04C6, 54 }, // U+04C6
    { 0x04C7, 14 }, // U+04C7
    { 0x04C8, 75 }, // U+04C8
    { 0x04C9, 13 }, // U+04C9
    { 0x04CA, 54 }, // U+04CA
    { 0x04CB, 13 }, // U+04CB
    { 0x04CC, 54 }, // U+04CC
    { 0x04CD, 16 }, // U+04CD
    { 0x04CE, 54 }, // U+04CE
    { 0x04D0, 7 }, // U+04D0
    { 0x04D1, 25 }, // U+04D1
    { 0x04D2, 7 }, // U+04D2
    { 0x04D3, 25 }, // U+04D3
    { 0x04D4, 11 }, // U+04D4
    { 0x04D5, 29 }, // U+04D5
    { 0x04D6, 11 }, // U+04D6
    { 0x04D7, 29 }, // U+04D7
    { 0x04D8, 10 }, // U+04D8
    { 0x04D9, 26 }, // U+04D9
    { 0x04DA, 10 }, // U+04DA
    { 0x04DB, 26 }, // U+04DB
    { 0x04DC, 49 }, // U+04DC
    { 0x04DD, 55 }, // U+04DD
    { 0x04DE, 8 }, // U+04DE
    { 0x04DF, 52 }, // U+04DF
    { 0x04E0, 43 }, // U+04E0
    { 0x04E1, 44 }, // U+04E1
    { 0x04E2, 13 }, // U+04E2
    { 0x04E3, 54 }, // U+04E3
    { 0x04E4, 13 }, // U+04E4
    { 0x04E5, 54 }, // U+04E5
    { 0x04E6, 10 }, // U+04E6
    { 0x04E7, 26 }, // U+04E7
    { 0x04E8, 10 }, // U+04E8
    { 0x04E9, 26 }, // U+04E9
    { 0x04EA, 10 }, // U+04EA
    { 0x04EB, 26 }, // U+04EB
    { 0x04EC, 10 }, // U+04EC
    { 0x04ED, 26 }, // U+04ED
    { 0x04EE, 21 }, // U+04EE
    { 0x04EF, 35 }, // U+04EF
    { 0x04F0, 21 }, // U+04F0
    { 0x04F1, 35 }, // U+04F1
    { 0x04F2, 21 }, // U+04F2
    { 0x04F3, 35 }, // U+04F3
    { 0x04F4, 13 }, // U+04F4
    { 0x04F5, 54 }, // U+04F5
    { 0x04F6, 46 }, // U+04F6
    { 0x04F7, 53 }, // U+04F7
    { 0x04F8, 13 }, // U+04F8
    { 0x04F9, 54 }, // U+04F9
    { 0x04FA, 46 }, // U+04FA
    { 0x04FB, 53 }, // U+04FB
    { 0x04FC, 76 }, // U+04FC
    { 0x04FD, 77 }, // U+04FD
    { 0x04FE, 22 }, // U+04FE
    { 0x04FF, 36 }, // U+04FF
    { 0x1EA0, 7 }, // U+1EA0
    { 0x1EA1, 25 }, // U+1EA1
    { 0x1EA2, 7 }, // U+1EA2
    { 0x1EA3, 25 }, // U+1EA3
    { 0x1EA4, 7 }, // U+1EA4
    { 0x1EA5, 25 }, // U+1EA5
    { 0x1EA6, 7 }, // U+1EA6
    { 0x1EA7, 25 }, // U+1EA7
    { 0x1EA8, 7 }, // U+1EA8
    { 0x1EA9, 25 }, // U+1EA9
    { 0x1EAA, 7 }, // U+1EAA
    { 0x1EAB, 25 }, // U+1EAB
    { 0x1EAC, 7 }, // U+1EAC
    { 0x1EAD, 25 }, // U+1EAD
    { 0x1EAE, 7 }, // U+1EAE
    { 0x1EAF, 25 }, // U+1EAF
    { 0x1EB0, 7 }, // U+1EB0
    { 0x1EB1, 25 }, // U+1EB1
    { 0x1EB2, 7 }, // U+1EB2
    { 0x1EB3, 25 }, // U+1EB3
    { 0x1EB4, 7 }, // U+1EB4
    { 0x1EB5, 25 }, // U+1EB5
    { 0x1EB6, 7 }, // U+1EB6
    { 0x1EB7, 25 }, // U+1EB7
    { 0x1EB8, 11 }, // U+1EB8
    { 0x1EB9, 29 }, // U+1EB9
    { 0x1EBA, 11 }, // U+1EBA
    { 0x1EBB, 29 }, // U+1EBB
    { 0x1EBC, 11 }, // U+1EBC
    { 0x1EBD, 29 }, // U+1EBD
    { 0x1EBE, 11 }, // U+1EBE
    { 0x1EBF, 29 }, // U+1EBF
    { 0x1EC0, 11 }, // U+1EC0
    { 0x1EC1, 29 }, // U+1EC1
    { 0x1EC2, 11 }, // U+1EC2
    { 0x1EC3, 29 }, // U+1EC3
    { 0x1EC4, 11 }, // U+1EC4
    { 0x1EC5, 29 }, // U+1EC5
    { 0x1EC6, 11 }, // U+1EC6
    { 0x1EC7, 29 }, // U+1EC7
    { 0x1EC8, 13 }, // U+1EC8
    { 0x1ECA, 13 }, // U+1ECA
    { 0x1ECC, 10 }, // U+1ECC
    { 0x1ECD, 26 }, // U+1ECD
    { 0x1ECE, 10 }, // U+1ECE
    { 0x1ECF, 26 }, // U+1ECF
    { 0x1ED0, 10 }, // U+1ED0
    { 0x1ED1, 26 }, // U+1ED1
    { 0x1ED2, 10 }, // U+1ED2
    { 0x1ED3, 26 }, // U+1ED3
    { 0x1ED4, 10 }, // U+1ED4
    { 0x1ED5, 26 }, // U+1ED5
    { 0x1ED6, 10 }, // U+1ED6
    { 0x1ED7, 26 }, // U+1ED7
    { 0x1ED8, 10 }, // U+1ED8
    { 0x1ED9, 26 }, // U+1ED9
    { 0x1EDA, 10 }, // U+1EDA
    { 0x1EDC, 10 }, // U+1EDC
    { 0x1EDE, 10 }, // U+1EDE
    { 0x1EE0, 10 }, // U+1EE0
    { 0x1EE2, 10 }, // U+1EE2
    { 0x1EF2, 23 }, // U+1EF2
    { 0x1EF3, 35 }, // U+1EF3
    { 0x1EF4, 23 }, // U+1EF4
    { 0x1EF5, 35 }, // U+1EF5
    { 0x1EF6, 23 }, // U+1EF6
    { 0x1EF7, 35 }, // U+1EF7
    { 0x1EF8, 23 }, // U+1EF8
    { 0x1EF9, 35 }, // U+1EF9
    { 0x2018, 78 }, // U+2018
    { 0x2019, 79 }, // U+2019
    { 0x201A, 3 }, // U+201A
    { 0x201C, 78 }, // U+201C
    { 0x201D, 79 }, // U+201D
    { 0x201E, 3 }, // U+201E
    { 0x2020, 80 }, // U+2020
    { 0x2022, 81 }, // U+2022
};

static const EpdKernClassEntry ebgaramond_14_regularKernRightClasses[] = {
    { 0x0021, 1 }, // !
    { 0x0026, 2 }, // &
    { 0x0029, 3 }, // )
    { 0x002A, 4 }, // *
    { 0x002C, 5 }, // ,
    { 0x002D, 6 }, // -
    { 0x002E, 5 }, // .
    { 0x002F, 7 }, // /
    { 0x003A, 8 }, // :
    { 0x003B, 8 }, // ;
    { 0x003F, 9 }, // ?
    { 0x0041, 10 }, // A
    { 0x0042, 11 }, // B
    { 0x0043, 12 }, // C
    { 0x0044, 11 }, // D
    { 0x0045, 11 }, // E
    { 0x0046, 11 }, // F
    { 0x0047, 12 }, // G
    { 0x0048, 11 }, // H
    { 0x0049, 11 }, // I
    { 0x004B, 11 }, // K
    { 0x004C, 11 }, // L
    { 0x004D, 13 }, // M
    { 0x004E, 11 }, // N
    { 0x004F, 12 }, // O
    { 0x0050, 11 }, // P
    { 0x0051, 12 }, // Q
    { 0x0052, 11 }, // R
    { 0x0053, 14 }, // S
    { 0x0054, 15 }, // T
    { 0x0056, 16 }, // V
    { 0x0057, 16 }, // W
    { 0x0058, 17 }, // X
    { 0x0059, 18 }, // Y
    { 0x005C, 19 }, // <backslash>
    { 0x005D, 3 }, // ]
    { 0x0061, 20 }, // a
    { 0x0062, 21 }, // b
    { 0x0063, 22 }, // c
    { 0x0064, 22 }, // d
    { 0x0065, 22 }, // e
    { 0x0068, 23 }, // h
    { 0x0069, 24 }, // i
    { 0x006A, 25 }, // j
    { 0x006B, 23 }, // k
    { 0x006C, 23 }, // l
    { 0x006D, 26 }, // m
    { 0x006E, 26 }, // n
    { 0x006F, 22 }, // o
    { 0x0070, 26 }, // p
    { 0x0071, 22 }, // q
    { 0x0072, 26 }, // r
    { 0x0073, 27 }, // s
    { 0x0074, 28 }, // t
    { 0x0076, 29 }, // v
    { 0x0077, 29 }, // w
    { 0x0078, 30 }, // x
    { 0x0079, 31 }, // y
    { 0x007A, 32 }, // z
    { 0x007D, 3 }, // }
    { 0x00AB, 33 }, // U+00AB
    { 0x00B7, 34 }, // U+00B7
    { 0x00BB, 35 }, // U+00BB
    { 0x00C0, 10 }, // U+00C0
    { 0x00C1, 10 }, // U+00C1
    { 0x00C2, 10 }, // U+00C2
    { 0x00C3, 10 }, // U+00C3
    { 0x00C4, 10 }, // U+00C4
    { 0x00C5, 10 }, // U+00C5
    { 0x00C6, 36 }, // U+00C6
    { 0x00C7, 12 }, // U+00C7
    { 0x00C8, 11 }, // U+00C8
    { 0x00C9, 11 }, // U+00C9
    { 0x00CA, 11 }, // U+00CA
    { 0x00CB, 11 }, // U+00CB
    { 0x00CC, 11 }, // U+00CC
    { 0x00CD, 11 }, // U+00CD
    { 0x00CE, 11 }, // U+00CE
    { 0x00CF, 11 }, // U+00CF
    { 0x00D0, 11 }, // U+00D0
    { 0x00D1, 11 }, // U+00D1
    { 0x00D2, 12 }, // U+00D2
    { 0x00D3, 12 }, // U+00D3
    { 0x00D4, 12 }, // U+00D4
    { 0x00D5, 12 }, // U+00D5
    { 0x00D6, 12 }, // U+00D6
    { 0x00D8, 12 }, // U+00D8
    { 0x00DD, 18 }, // U+00DD
    { 0x00DE, 11 }, // U+00DE
    { 0x00E0, 20 }, // U+00E0
    { 0x00E1, 20 }, // U+00E1
    { 0x00E2, 20 }, // U+00E2
    { 0x00E3, 20 }, // U+00E3
    { 0x00E4, 20 }, // U+00E4
    { 0x00E5, 20 }, // U+00E5
    { 0x00E6, 20 }, // U+00E6
    { 0x00E7, 22 }, // U+00E7
    { 0x00E8, 22 }, // U+00E8
    { 0x00E9, 22 }, // U+00E9
    { 0x00EA, 22 }, // U+00EA
    { 0x00EB, 22 }, // U+00EB
    { 0x00EC, 24 }, // U+00EC
    { 0x00ED, 24 }, // U+00ED
    { 0x00EE, 24 }, // U+00EE
    { 0x00EF, 24 }, // U+00EF
    { 0x00F0, 37 }, // U+00F0
    { 0x00F1, 26 }, // U+00F1
    { 0x00F2, 22 }, // U+00F2
    { 0x00F3, 22 }, // U+00F3
    { 0x00F4, 22 }, // U+00F4
    { 0x00F5, 22 }, // U+00F5
    { 0x00F6, 22 }, // U+00F6
    { 0x00F8, 22 }, // U+00F8
    { 0x00FD, 31 }, // U+00FD
    { 0x00FE, 23 }, // U+00FE
    { 0x00FF, 31 }, // U+00FF
    { 0x0100, 10 }, // U+0100
    { 0x0101, 20 }, // U+0101
    { 0x0102, 10 }, // U+0102
    { 0x0103, 20 }, // U+0103
    { 0x0104, 10 }, // U+0104
    { 0x0105, 20 }, // U+0105
    { 0x0106, 12 }, // U+0106
    { 0x0107, 22 }, // U+0107
    { 0x0108, 12 }, // U+0108
    { 0x0109, 22 }, // U+0109
    { 0x010A, 12 }, // U+010A
    { 0x010B, 22 }, // U+010B
    { 0x010C, 12 }, // U+010C
    { 0x010D, 22 }, // U+010D
    { 0x010E, 11 }, // U+010E
    { 0x010F, 22 }, // U+010F
    { 0x0110, 11 }, // U+0110
    { 0x0111, 22 }, // U+0111
    { 0x0112, 11 }, // U+0112
    { 0x0113, 22 }, // U+0113
    { 0x0114, 11 }, // U+0114
    { 0x0115, 22 }, // U+0115
    { 0x0116, 11 }, // U+0116
    { 0x0117, 22 }, // U+0117
    { 0x0118, 11 }, // U+0118
    { 0x0119, 22 }, // U+0119
    { 0x011A, 11 }, // U+011A
    { 0x011B, 22 }, // U+011B
    { 0x011C, 12 }, // U+011C
    { 0x011E, 12 }, // U+011E
    { 0x0120, 12 }, // U+0120
    { 0x0122, 12 }, // U+0122
    { 0x0124, 11 }, // U+0124
    { 0x0125, 23 }, // U+0125
    { 0x0126, 11 }, // U+0126
    { 0x0127, 23 }, // U+0127
    { 0x0128, 11 }, // U+0128
    { 0x0129, 24 }, // U+0129
    { 0x012A, 11 }, // U+012A
    { 0x012B, 24 }, // U+012B
    { 0x012C, 11 }, // U+012C
    { 0x012D, 24 }, // U+012D
    { 0x012E, 11 }, // U+012E
    { 0x012F, 24 }, // U+012F
    { 0x0130, 11 }, // U+0130
    { 0x0131, 26 }, // U+0131
    { 0x0132, 11 }, // U+0132
    { 0x0133, 24 }, // U+0133
    { 0x0135, 38 }, // U+0135
    { 0x0136, 11 }, // U+0136
    { 0x0137, 23 }, // U+0137
    { 0x0138, 26 }, // U+0138
    { 0x0139, 11 }, // U+0139
    { 0x013A, 23 }, // U+013A
    { 0x013B, 11 }, // U+013B
    { 0x013C, 23 }, // U+013C
    { 0x013D, 11 }, // U+013D
    { 0x013E, 23 }, // U+013E
    { 0x013F, 11 }, // U+013F
    { 0x0140, 23 }, // U+0140
    { 0x0141, 11 }, // U+0141
    { 0x0142, 23 }, // U+0142
    { 0x0143, 11 }, // U+0143
    { 0x0144, 26 }, // U+0144
    { 0x0145, 11 }, // U+0145
    { 0x0146, 26 }, // U+0146
    { 0x0147, 11 }, // U+0147
    { 0x0148, 26 }, // U+0148
    { 0x0149, 26 }, // U+0149
    { 0x014A, 11 }, // U+014A
    { 0x014B, 26 }, // U+014B
    { 0x014C, 12 }, // U+014C
    { 0x014D, 22 }, // U+014D
    { 0x014E, 12 }, // U+014E
    { 0x014F, 22 }, // U+014F
    { 0x0150, 12 }, // U+0150
    { 0x0151, 22 }, // U+0151
    { 0x0152, 12 }, // U+0152
    { 0x0153, 22 }, // U+0153
    { 0x0154, 11 }, // U+0154
    { 0x0155, 26 }, // U+0155
    { 0x0156, 11 }, // U+0156
    { 0x0157, 26 }, // U+0157
    { 0x0158, 11 }, // U+0158
    { 0x0159, 26 }, // U+0159
    { 0x015A, 14 }, // U+015A
    { 0x015B, 27 }, // U+015B
    { 0x015C, 14 }, // U+015C
    { 0x015D, 27 }, // U+015D
    { 0x015E, 14 }, // U+015E
    { 0x015F, 27 }, // U+015F
    { 0x0160, 14 }, // U+0160
    { 0x0161, 27 }, // U+0161
    { 0x0162, 15 }, // U+0162
    { 0x0163, 28 }, // U+0163
    { 0x0164, 15 }, // U+0164
    { 0x0165, 28 }, // U+0165
    { 0x0166, 15 }, // U+0166
    { 0x0167, 28 }, // U+0167
    { 0x0174, 16 }, // U+0174
    { 0x0175, 29 }, // U+0175
    { 0x0176, 18 }, // U+0176
    { 0x0177, 31 }, // U+0177
    { 0x0178, 18 }, // U+0178
    { 0x017A, 32 }, // U+017A
    { 0x017C, 32 }, // U+017C
    { 0x017E, 32 }, // U+017E
    { 0x01A0, 12 }, // U+01A0
    { 0x01A1, 22 }, // U+01A1
    { 0x01C4, 11 }, // U+01C4
    { 0x01C5, 11 }, // U+01C5
    { 0x01C6, 22 }, // U+01C6
    { 0x01C7, 11 }, // U+01C7
    { 0x01C8, 11 }, // U+01C8
    { 0x01C9, 23 }, // U+01C9
    { 0x01CA, 11 }, // U+01CA
    { 0x01CB, 11 }, // U+01CB
    { 0x01CC, 26 }, // U+01CC
    { 0x01CD, 10 }, // U+01CD
    { 0x01CE, 20 }, // U+01CE
    { 0x01CF, 11 }, // U+01CF
    { 0x01D0, 24 }, // U+01D0
    { 0x01D1, 12 }, // U+01D1
    { 0x01D2, 22 }, // U+01D2
    { 0x01DD, 39 }, // U+01DD
    { 0x01DE, 10 }, // U+01DE
    { 0x01DF, 20 }, // U+01DF
    { 0x01E0, 10 }, // U+01E0
    { 0x01E1, 20 }, // U+01E1
    { 0x01E2, 36 }, // U+01E2
    { 0x01E3, 20 }, // U+01E3
    { 0x01E4, 12 }, // U+01E4
    { 0x01E6, 12 }, // U+01E6
    { 0x01E8, 11 }, // U+01E8
    { 0x01E9, 23 }, // U+01E9
    { 0x01EA, 12 }, // U+01EA
    { 0x01EB, 22 }, // U+01EB
    { 0x01EC, 12 }, // U+01EC
    { 0x01ED, 22 }, // U+01ED
    { 0x01EE, 40 }, // U+01EE
    { 0x01EF, 32 }, // U+01EF
    { 0x01F0, 38 }, // U+01F0
    { 0x01F1, 11 }, // U+01F1
    { 0x01F2, 11 }, // U+01F2
    { 0x01F3, 22 }, // U+01F3
    { 0x01F4, 12 }, // U+01F4
    { 0x01F6, 11 }, // U+01F6
    { 0x01F8, 11 }, // U+01F8
    { 0x01F9, 26 }, // U+01F9
    { 0x01FA, 10 }, // U+01FA
    { 0x01FB, 20 }, // U+01FB
    { 0x01FC, 36 }, // U+01FC
    { 0x01FD, 20 }, // U+01FD
    { 0x01FE, 12 }, // U+01FE
    { 0x01FF, 22 }, // U+01FF
    { 0x0200, 10 }, // U+0200
    { 0x0201, 20 }, // U+0201
    { 0x0202, 10 }, // U+0202
    { 0x0203, 20 }, // U+0203
    { 0x0204, 11 }, // U+0204
    { 0x0205, 22 }, // U+0205
    { 0x0206, 11 }, // U+0206
    { 0x0207, 22 }, // U+0207
    { 0x0208, 11 }, // U+0208
    { 0x0209, 24 }, // U+0209
    { 0x020A, 11 }, // U+020A
    { 0x020B, 26 }, // U+020B
    { 0x020C, 12 }, // U+020C
    { 0x020D, 22 }, // U+020D
    { 0x020E, 12 }, // U+020E
    { 0x020F, 22 }, // U+020F
    { 0x0210, 11 }, // U+0210
    { 0x0211, 26 }, // U+0211
    { 0x0212, 11 }, // U+0212
    { 0x0213, 26 }, // U+0213
    { 0x0218, 14 }, // U+0218
    { 0x0219, 27 }, // U+0219
    { 0x021A, 15 }, // U+021A
    { 0x021B, 28 }, // U+021B
    { 0x021E, 11 }, // U+021E
    { 0x021F, 23 }, // U+021F
    { 0x0400, 11 }, // U+0400
    { 0x0401, 11 }, // U+0401
    { 0x0402, 41 }, // U+0402
    { 0x0403, 11 }, // U+0403
    { 0x0404, 12 }, // U+0404
    { 0x0405, 14 }, // U+0405
    { 0x0406, 11 }, // U+0406
    { 0x0407, 11 }, // U+0407
    { 0x0409, 42 }, // U+0409
    { 0x040A, 11 }, // U+040A
    { 0x040B, 41 }, // U+040B
    { 0x040C, 11 }, // U+040C
    { 0x040D, 11 }, // U+040D
    { 0x040E, 43 }, // U+040E
    { 0x040F, 11 }, // U+040F
    { 0x0410, 10 }, // U+0410
    { 0x0411, 11 }, // U+0411
    { 0x0412, 11 }, // U+0412
    { 0x0413, 11 }, // U+0413
    { 0x0414, 42 }, // U+0414
    { 0x0415, 11 }, // U+0415
    { 0x0416, 44 }, // U+0416
    { 0x0417, 40 }, // U+0417
    { 0x0418, 11 }, // U+0418
    { 0x0419, 11 }, // U+0419
    { 0x041A, 11 }, // U+041A
    { 0x041B, 42 }, // U+041B
    { 0x041C, 13 }, // U+041C
    { 0x041D, 11 }, // U+041D
    { 0x041E, 12 }, // U+041E
    { 0x041F, 11 }, // U+041F
    { 0x0420, 11 }, // U+0420
    { 0x0421, 12 }, // U+0421
    { 0x0422, 15 }, // U+0422
    { 0x0423, 43 }, // U+0423
    { 0x0424, 45 }, // U+0424
    { 0x0425, 17 }, // U+0425
    { 0x0426, 11 }, // U+0426
    { 0x0427, 46 }, // U+0427
    { 0x0428, 11 }, // U+0428
    { 0x0429, 11 }, // U+0429
    { 0x042A, 41 }, // U+042A
    { 0x042B, 11 }, // U+042B
    { 0x042C, 11 }, // U+042C
    { 0x042D, 40 }, // U+042D
    { 0x042E, 11 }, // U+042E
    { 0x042F, 47 }, // U+042F
    { 0x0430, 20 }, // U+0430
    { 0x0431, 48 }, // U+0431
    { 0x0432, 26 }, // U+0432
    { 0x0433, 26 }, // U+0433
    { 0x0434, 49 }, // U+0434
    { 0x0435, 22 }, // U+0435
    { 0x0436, 50 }, // U+0436
    { 0x0437, 51 }, // U+0437
    { 0x0438, 26 }, // U+0438
    { 0x0439, 26 }, // U+0439
    { 0x043A, 26 }, // U+043A
    { 0x043B, 49 }, // U+043B
    { 0x043C, 52 }, // U+043C
    { 0x043D, 26 }, // U+043D
    { 0x043E, 22 }, // U+043E
    { 0x043F, 26 }, // U+043F
    { 0x0440, 26 }, // U+0440
    { 0x0441, 22 }, // U+0441
    { 0x0442, 53 }, // U+0442
    { 0x0443, 31 }, // U+0443
    { 0x0444, 22 }, // U+0444
    { 0x0445, 30 }, // U+0445
    { 0x0446, 26 }, // U+0446
    { 0x0447, 54 }, // U+0447
    { 0x0448, 26 }, // U+0448
    { 0x0449, 26 }, // U+0449
    { 0x044A, 53 }, // U+044A
    { 0x044B, 26 }, // U+044B
    { 0x044C, 26 }, // U+044C
    { 0x044D, 51 }, // U+044D
    { 0x044E, 26 }, // U+044E
    { 0x044F, 55 }, // U+044F
    { 0x0450, 22 }, // U+0450
    { 0x0451, 22 }, // U+0451
    { 0x0452, 23 }, // U+0452
    { 0x0453, 26 }, // U+0453
    { 0x0454, 22 }, // U+0454
    { 0x0455, 27 }, // U+0455
    { 0x0456, 24 }, // U+0456
    { 0x0457, 24 }, // U+0457
    { 0x0458, 56 }, // U+0458
    { 0x0459, 49 }, // U+0459
    { 0x045A, 26 }, // U+045A
    { 0x045B, 23 }, // U+045B
    { 0x045C, 26 }, // U+045C
    { 0x045D, 26 }, // U+045D
    { 0x045E, 31 }, // U+045E
    { 0x045F, 26 }, // U+045F
    { 0x0462, 57 }, // U+0462
    { 0x0463, 58 }, // U+0463
    { 0x046A, 59 }, // U+046A
    { 0x046B, 60 }, // U+046B
    { 0x0470, 61 }, // U+0470
    { 0x0472, 12 }, // U+0472
    { 0x0473, 22 }, // U+0473
    { 0x0474, 16 }, // U+0474
    { 0x0475, 29 }, // U+0475
    { 0x0476, 16 }, // U+0476
    { 0x0477, 29 }, // U+0477
    { 0x048A, 11 }, // U+048A
    { 0x048B, 26 }, // U+048B
    { 0x048C, 62 }, // U+048C
    { 0x048D, 58 }, // U+048D
    { 0x048E, 11 }, // U+048E
    { 0x048F, 26 }, // U+048F
    { 0x0490, 11 }, // U+0490
    { 0x0491, 26 }, // U+0491
    { 0x0492, 11 }, // U+0492
    { 0x0493, 26 }, // U+0493
    { 0x0494, 11 }, // U+0494
    { 0x0495, 26 }, // U+0495
    { 0x0496, 44 }, // U+0496
    { 0x0497, 50 }, // U+0497
    { 0x0498, 40 }, // U+0498
    { 0x0499, 51 }, // U+0499
    { 0x049A, 11 }, // U+049A
    { 0x049B, 26 }, // U+049B
    { 0x049C, 11 }, // U+049C
    { 0x049D, 26 }, // U+049D
    { 0x049E, 62 }, // U+049E
    { 0x049F, 58 }, // U+049F
    { 0x04A0, 41 }, // U+04A0
    { 0x04A1, 53 }, // U+04A1
    { 0x04A2, 11 }, // U+04A2
    { 0x04A3, 26 }, // U+04A3
    { 0x04A4, 11 }, // U+04A4
    { 0x04A5, 26 }, // U+04A5
    { 0x04A6, 11 }, // U+04A6
    { 0x04A7, 26 }, // U+04A7
    { 0x04A8, 12 }, // U+04A8
    { 0x04A9, 22 }, // U+04A9
    { 0x04AA, 12 }, // U+04AA
    { 0x04AB, 22 }, // U+04AB
    { 0x04AC, 15 }, // U+04AC
    { 0x04AD, 53 }, // U+04AD
    { 0x04AE, 18 }, // U+04AE
    { 0x04AF, 29 }, // U+04AF
    { 0x04B0, 18 }, // U+04B0
    { 0x04B1, 29 }, // U+04B1
    { 0x04B2, 17 }, // U+04B2
    { 0x04B3, 30 }, // U+04B3
    { 0x04B4, 41 }, // U+04B4
    { 0x04B5, 53 }, // U+04B5
    { 0x04B6, 46 }, // U+04B6
    { 0x04B7, 54 }, // U+04B7
    { 0x04B8, 46 }, // U+04B8
    { 0x04B9, 54 }, // U+04B9
    { 0x04BA, 11 }, // U+04BA
    { 0x04BB, 23 }, // U+04BB
    { 0x04BC, 63 }, // U+04BC
    { 0x04BD, 64 }, // U+04BD
    { 0x04BE, 63 }, // U+04BE
    { 0x04BF, 64 }, // U+04BF
    { 0x04C0, 11 }, // U+04C0
    { 0x04C1, 44 }, // U+04C1
    { 0x04C2, 50 }, // U+04C2
    { 0x04C3, 11 }, // U+04C3
    { 0x04C4, 26 }, // U+04C4
    { 0x04C5, 42 }, // U+04C5
    { 0x04C6, 49 }, // U+04C6
    { 0x04C7, 11 }, // U+04C7
    { 0x04C8, 26 }, // U+04C8
    { 0x04C9, 11 }, // U+04C9
    { 0x04CA, 26 }, // U+04CA
    { 0x04CB, 46 }, // U+04CB
    { 0x04CC, 54 }, // U+04CC
    { 0x04CD, 13 }, // U+04CD
    { 0x04CE, 52 }, // U+04CE
    { 0x04D0, 10 }, // U+04D0
    { 0x04D1, 20 }, // U+04D1
    { 0x04D2, 10 }, // U+04D2
    { 0x04D3, 20 }, // U+04D3
    { 0x04D4, 36 }, // U+04D4
    { 0x04D5, 20 }, // U+04D5
    { 0x04D6, 11 }, // U+04D6
    { 0x04D7, 22 }, // U+04D7
    { 0x04D8, 65 }, // U+04D8
    { 0x04D9, 39 }, // U+04D9
    { 0x04DA, 65 }, // U+04DA
    { 0x04DB, 39 }, // U+04DB
    { 0x04DC, 44 }, // U+04DC
    { 0x04DD, 50 }, // U+04DD
    { 0x04DE, 40 }, // U+04DE
    { 0x04DF, 51 }, // U+04DF
    { 0x04E0, 40 }, // U+04E0
    { 0x04E1, 32 }, // U+04E1
    { 0x04E2, 11 }, // U+04E2
    { 0x04E3, 26 }, // U+04E3
    { 0x04E4, 11 }, // U+04E4
    { 0x04E5, 26 }, // U+04E5
    { 0x04E6, 12 }, // U+04E6
    { 0x04E7, 22 }, // U+04E7
    { 0x04E8, 12 }, // U+04E8
    { 0x04E9, 22 }, // U+04E9
    { 0x04EA, 12 }, // U+04EA
    { 0x04EB, 22 }, // U+04EB
    { 0x04EC, 40 }, // U+04EC
    { 0x04ED, 51 }, // U+04ED
    { 0x04EE, 43 }, // U+04EE
    { 0x04EF, 31 }, // U+04EF
    { 0x04F0, 43 }, // U+04F0
    { 0x04F1, 31 }, // U+04F1
    { 0x04F2, 43 }, // U+04F2
    { 0x04F3, 31 }, // U+04F3
    { 0x04F4, 46 }, // U+04F4
    { 0x04F5, 54 }, // U+04F5
    { 0x04F6, 11 }, // U+04F6
    { 0x04F7, 26 }, // U+04F7
    { 0x04F8, 11 }, // U+04F8
    { 0x04F9, 26 }, // U+04F9
    { 0x04FB, 66 }, // U+04FB
    { 0x04FC, 17 }, // U+04FC
    { 0x04FD, 30 }, // U+04FD
    { 0x04FE, 17 }, // U+04FE
    { 0x04FF, 30 }, // U+04FF
    { 0x1EA0, 10 }, // U+1EA0
    { 0x1EA1, 20 }, // U+1EA1
    { 0x1EA2, 10 }, // U+1EA2
    { 0x1EA3, 20 }, // U+1EA3
    { 0x1EA4, 10 }, // U+1EA4
    { 0x1EA5, 20 }, // U+1EA5
    { 0x1EA6, 10 }, // U+1EA6
    { 0x1EA7, 20 }, // U+1EA7
    { 0x1EA8, 10 }, // U+1EA8
    { 0x1EA9, 20 }, // U+1EA9
    { 0x1EAA, 10 }, // U+1EAA
    { 0x1EAB, 20 }, // U+1EAB
    { 0x1EAC, 10 }, // U+1EAC
    { 0x1EAD, 20 }, // U+1EAD
    { 0x1EAE, 10 }, // U+1EAE
    { 0x1EAF, 20 }, // U+1EAF
    { 0x1EB0, 10 }, // U+1EB0
    { 0x1EB1, 20 }, // U+1EB1
    { 0x1EB2, 10 }, // U+1EB2
    { 0x1EB3, 20 }, // U+1EB3
    { 0x1EB4, 10 }, // U+1EB4
    { 0x1EB5, 20 }, // U+1EB5
    { 0x1EB6, 10 }, // U+1EB6
    { 0x1EB7, 20 }, // U+1EB7
    { 0x1EB8, 11 }, // U+1EB8
    { 0x1EB9, 22 }, // U+1EB9
    { 0x1EBA, 11 }, // U+1EBA
    { 0x1EBB, 22 }, // U+1EBB
    { 0x1EBC, 11 }, // U+1EBC
    { 0x1EBD, 22 }, // U+1EBD
    { 0x1EBE, 11 }, // U+1EBE
    { 0x1EBF, 22 }, // U+1EBF
    { 0x1EC0, 11 }, // U+1EC0
    { 0x1EC1, 22 }, // U+1EC1
    { 0x1EC2, 11 }, // U+1EC2
    { 0x1EC3, 22 }, // U+1EC3
    { 0x1EC4, 11 }, // U+1EC4
    { 0x1EC5, 22 }, // U+1EC5
    { 0x1EC6, 11 }, // U+1EC6
    { 0x1EC7, 22 }, // U+1EC7
    { 0x1EC8, 11 }, // U+1EC8
    { 0x1EC9, 24 }, // U+1EC9
    { 0x1ECA, 11 }, // U+1ECA
    { 0x1ECB, 24 }, // U+1ECB
    { 0x1ECC, 12 }, // U+1ECC
    { 0x1ECD, 22 }, // U+1ECD
    { 0x1ECE, 12 }, // U+1ECE
    { 0x1ECF, 22 }, // U+1ECF
    { 0x1ED0, 12 }, // U+1ED0
    { 0x1ED1, 22 }, // U+1ED1
    { 0x1ED2, 12 }, // U+1ED2
    { 0x1ED3, 22 }, // U+1ED3
    { 0x1ED4, 12 }, // U+1ED4
    { 0x1ED5, 22 }, // U+1ED5
    { 0x1ED6, 12 }, // U+1ED6
    { 0x1ED7, 22 }, // U+1ED7
    { 0x1ED8, 12 }, // U+1ED8
    { 0x1ED9, 22 }, // U+1ED9
    { 0x1EDA, 12 }, // U+1EDA
    { 0x1EDB, 22 }, // U+1EDB
    { 0x1EDC, 12 }, // U+1EDC
    { 0x1EDD, 22 }, // U+1EDD
    { 0x1EDE, 12 }, // U+1EDE
    { 0x1EDF, 22 }, // U+1EDF
    { 0x1EE0, 12 }, // U+1EE0
    { 0x1EE1, 22 }, // U+1EE1
    { 0x1EE2, 12 }, // U+1EE2
    { 0x1EE3, 22 }, // U+1EE3
    { 0x1EF2, 18 }, // U+1EF2
    { 0x1EF3, 31 }, // U+1EF3
    { 0x1EF4, 18 }, // U+1EF4
    { 0x1EF5, 31 }, // U+1EF5
    { 0x1EF6, 18 }, // U+1EF6
    { 0x1EF7, 31 }, // U+1EF7
    { 0x1EF8, 18 }, // U+1EF8
    { 0x1EF9, 31 }, // U+1EF9
    { 0x2018, 67 }, // U+2018
    { 0x2019, 68 }, // U+2019
    { 0x201A, 5 }, // U+201A
    { 0x201C, 67 }, // U+201C
    { 0x201D, 68 }, // U+201D
    { 0x201E, 5 }, // U+201E
    { 0x2020, 69 }, // U+2020
    { 0x2022, 70 }, // U+2022
    { 0x203C, 1 }, // U+203C
    { 0x203D, 9 }, // U+203D
    { 0x2047, 9 }, // U+2047
    { 0x2048, 9 }, // U+2048
    { 0x2049, 1 }, // U+2049
};

static const int8_t ebgaramond_14_regularKernMatrix[] = {
       0,    0,    0,    0,    0,    0,    0,    0,    0,    0,    0,    0,    0,    0,  -33,  -37,    0,  -37,    0,    0,    0,   -9,    0,    0,    0,    0,    0,    0,    0,    0,    0,    0,    0,    0,    0,    0,    0,    0,    0,    0,  -12,    0,  -12,    0,    0,  -12,    0,    0,    0,    0,  -12,    0,    0,    0,    0,    0,    0,    0,    0,    0,    0,    0,    0,    0,    0,    0,    0,    0,    0,    0,
       0,    0,    0,    0,    0,    0,    0,    0,    0,  -51,    0,    0,    0,    0,    0,    0,    0,    0,    0,  -16,    0,  -16,    0,    0,    0,    0,    0,    0,    0,    0,    0,    0,    0,    0,    0,    0,    0,    0,    0,    0,    0,  -37,    0,    0,    0,    0,  -37,    0,  -28,    0,  -16,    0,    0,    0,  -26,    0,    0,    0,  -12,    0,    0,    0,    0,    0,    0,    0,    0,    0,    0,    0,
       0,    0,    0,    0,    0,    0,    0,    0,    0,    0,    0,  -14,    0,    0,  -35,  -47,    0,  -47,    0,   -7,    0,  -12,    0,    0,    0,    0,    0,    0,  -28,    0,  -23,    0,    0,    0,    0,    0,    0,    0,    0,    0,  -28,    0,  -12,    0,    0,  -65,    0,  -12,    0,    0,    0,    0,  -21,  -21,    0,    0,    0,    0,    0,    0,    0,    0,  -51,  -21,    0,    0,    0,    0,    0,    0,
       0,    0,    0,    0,    0,    0,    0,    0,    0,    0,    0,    0,    0,    0,  -28,  -33,  -21,  -28,    0,    0,    0,    0,    0,    0,    0,    0,    0,    0,    0,    0,    0,    0,    0,    0,    0,    0,    0,    0,    0,    0,    0,    0,  -16,  -16,    0,  -21,    0,    0,    0,    0,    0,    0,    0,    0,    0,    0,    0,    0,  -16,    0,    0,    0,    0,    0,    0,    0,    0,    0,    0,    0,
       0,    0,    0,    0,    0,    0,    0,    0,    0,  -51,    0,    0,    0,    0,    0,    0,    0,    0,    0,  -28,    0,  -42,    0,    0,    0,  -33,  -23,    0,  -19,  -21,  -16,  -21,    0,    0,    0,    0,    0,    0,  -28,    0,    0,  -42,    0,    0,    0,    0,  -37,  -14,  -42,    0,  -21,    0,  -16,  -16,  -33,    0,    0,    0,    0,  -21,    0,    0,    0,  -16,    0,    0,    0,    0,    0,    0,
       0,    0,    0,    0,    0,    0,    0,    0,    0,    0,    0,    0,    0,    0,  -35,  -47,    0,  -37,    0,    0,    0,    0,    0,    0,    0,    0,    0,    0,    0,    0,    0,    0,    0,    0,    0,    0,    0,    0,    0,    0,  -16,    0,    0,    0,    0,  -12,    0,    0,    0,    0,    0,    0,    0,    0,    0,    0,    0,    0,    0,    0,    0,    0,    0,    0,    0,    0,    0,    0,    0,    0,
       0,    0,    0,  -51,    0,    0,    0,    0,    0,    0,    0,  -14,    0,    0,  -44,  -65,    0,  -35,  -47,    0,    0,    0,    0,    0,    0,    0,    0,    0,  -33,    0,  -33,   -9,  -16,  -16,    0,    0,    0,    0,    0,    0,  -37,    0,  -33,    0,  -19,  -47,    0,  -12,    0,    0,    0,    0,  -16,  -21,    0,    0,  -28,  -14,    0,    0,  -51,    0,  -37,  -30,   -9,    0,    0,  -51,  -16,  -26,
       0,    0,    0,    0,    0,    0,    0,    0,    0,    0,    0,    0,    0,    0,   -9,  -14,   -5,   -9,    0,    0,    0,    0,    0,    0,    0,    0,    0,    0,    0,    0,    0,    0,    0,    0,    0,  -16,    0,    0,    0,    0,    0,   -7,   -7,    0,    0,    0,    0,    0,    0,    0,    0,    0,    0,    0,    0,    0,    0,    0,  -21,    0,    0,    0,    0,    0,    0,    0,    0,    0,    0,    0,
       0,    0,    0,    0,    0,    0,    0,    0,    0,    0,    0,    0,    0,    0,    0,    0,    0,    0,    0,    0,    0,    0,    0,    0,    0,    0,    0,    0,    0,    0,    0,    0,    0,    0,    0,    0,    0,    0,    0,    0,    0,    0,    0,    0,  -14,    0,    0,    0,    0,    0,    0,    0,    0,    0,    0,    0,    0,    0,    0,    0,    0,    0,    0,    0,    0,    0,    0,    0,    0,    0,
       0,    0,    0,    0,  -14,    0,  -16,    0,    0,  -14,    0,    0,    0,    0,   -9,  -16,  -16,   -9,    0,    0,    0,    0,    0,    0,    0,    0,    0,    0,    0,    0,    0,    0,    0,    0,    0,  -30,    0,    0,    0,    0,  -12,  -12,  -12,  -16,    0,    0,  -14,    0,  -12,    0,    0,    0,    0,    0,    0,    0,    0,    0,  -23,    0,  -12,    0,    0,    0,    0,    0,    0,    0,    0,    0,
       0,    0,    0,    0,    0,    0,    0,    0,    0,    0,    0,    0,    0,    0,    0,    0,    0,    0,    0,  -12,    0,  -12,    0,    0,    0,    0,    0,   -9,  -14,    0,  -14,    0,    0,    0,    0,    0,  -12,    0,    0,    0,    0,    0,    0,    0,    0,    0,    0,    0,    0,    0,    0,    0,    0,    0,    0,    0,    0,    0,    0,    0,    0,    0,    0,    0,    0,    0,    0,    0,    0,    0,
       0,    0,    0,    0,    0,    0,    0,    0,    0,  -35,    0,    0,    0,    0,    0,    0,    0,    0,    0,  -14,    0,  -14,    0,    0,    0,    0,    0,   -9,  -14,    0,  -14,    0,    0,    0,    0,    0,  -14,    0,    0,    0,    0,    0,    0,    0,    0,    0,    0,    0,    0,    0,    0,    0,    0,    0,    0,    0,    0,    0,    0,    0,    0,    0,    0,    0,    0,    0,    0,    0,    0,    0,
       0,    0,    0,    0,    0,    0,    0,    0,    0,    0,    0,    0,    0,    0,    0,    0,    0,    0,    0,    0,    0,    0,    0,    0,    0,    0,    0,    0,    0,    0,    0,    0,    0,    0,    0,    0,    0,    0,    0,    0,    0,    0,    0,    0,    0,    0,    0,   -7,    0,    0,    0,    0,    0,    0,    0,    0,    0,   -7,    0,    0,    0,    0,    0,  -12,    0,    0,    0,    0,    0,    0,
       0,    0,    0,    0,    0,    0,    0,    0,    0,    0,    0,    0,    0,    0,    0,    0,    0,    0,    0,    0,    0,    0,    0,    0,    0,    0,    0,    0,    0,    0,    0,    0,    0,    0,    0,  -16,    0,    0,    0,    0,    0,    0,    0,    0,    0,    0,    0,    0,    0,    0,    0,    0,    0,    0,    0,    0,    0,    0,    0,    0,    0,    0,    0,    0,    0,    0,    0,    0,    0,    0,
       0,    0,    0,    0,    0,    0,    0,    0,    0,    0,    0,    0,    0,    0,  -56,    0,    0,    0,    0,    0,    0,    0,    0,    0,    0,    0,    0,    0,  -23,    0,  -23,    0,    0,    0,    0,    0,    0,    0,    0,    0,    0,    0,    0,    0,    0,    0,    0,    0,    0,    0,    0,    0,    0,    0,    0,    0,    0,    0,    0,    0,    0,    0,    0,    0,    0,    0,    0,  -26,    0,    0,
       0,    0,    0,    0,    0,    0,    0,    0,    0,    0,    0,    0,    0,    0,    0,    0,    0,    0,    0,   -9,    0,   -9,    0,    0,    0,    0,    0,  -19,  -19,    0,  -19,    0,    0,    0,    0,    0,   -9,    0,    0,    0,    0,    0,    0,    0,  -12,    0,    0,    0,    0,    0,    0,    0,    0,    0,    0,    0,    0,    0,    0,    0,   -7,    0,    0,    0,    0,    0,    0,    0,    0,    0,
       0,  -12,    0,    0,  -35,    0,    0,    0,    0,  -42,    0,    0,    0,    0,    0,    0,    0,    0,    0,  -23,    0,  -23,    0,    0,    0,    0,    0,    0,    0,    0,    0,    0,  -16,    0,    0,  -44,  -23,    0,    0,    0,    0,  -28,    0,    0,    0,    0,  -28,    0,  -12,    0,    0,    0,    0,    0,  -12,    0,    0,    0,  -19,    0,    0,    0,    0,    0,    0,    0,    0,    0,    0,    0,
       0,    0,    0,    0,    0,    0,    0,    0,    0,   19,    0,    0,    0,    0,  -47,  -54,    0,  -37,    0,    0,    0,    0,    0,    0,    0,    0,    0,    0,    0,    0,    0,    0,    0,    0,    0,    0,    0,    0,    0,    0,    0,    0,    0,    0,    0,    0,    0,    0,    0,    0,    0,    0,    0,    0,    0,    0,    0,    0,    0,    0,    0,    0,    0,    0,    0,    0,    0,    0,    0,    0,
       0,    0,    0,    0,    0,    0,    0,    0,    0,    0,    0,    0,    0,    0,    0,    0,    0,    0,    0,    0,    0,    0,    0,    0,    0,    0,    0,    0,    0,    0,    0,    0,    0,    0,    0,   -7,    0,    0,    0,    0,    0,    0,    0,    0,    0,    0,    0,    0,    0,    0,    0,    0,    0,    0,    0,    0,    0,    0,   -5,    0,    0,    0,    0,    0,    0,    0,    0,    0,    0,    0,
       0,  -19,    0,    0,  -35,  -28,  -42,  -35,    0,  -40,    0,   -9,    0,    0,    0,   19,    0,    0,    0,  -49,    0,  -49,    0,    0,  -28,  -47,  -47,  -47,  -47,  -42,  -47,  -47,  -42,  -42,  -37,  -47,   -2,  -28,  -51,    0,    0,  -14,    0,    0,   -9,    0,  -28,  -16,  -44,  -51,  -42,  -42,  -44,  -37,  -47,  -28,    0,    0,    0,  -61,    0,    0,    0,  -51,    0,  -56,    0,    0,    0,  -26,
       0,  -42,    0,    0,  -47,  -33,  -54,  -47,    0,  -61,    0,  -16,    0,  -14,    0,    0,    0,    0,    0,  -47,    0,  -47,    0,   -9,  -14,  -42,  -51,  -37,  -47,  -51,  -47,  -42,  -61,  -42,  -37,  -75,  -12,  -14,  -42,   -9,    0,  -33,    0,    0,  -12,    0,  -37,  -26,  -47,  -47,  -47,  -42,  -28,  -33,  -58,  -14,    0,   -9,    0,  -47,    0,    0,    0,  -33,  -12,  -42,    0,    0,    0,  -26,
       0,    0,    0,    0,    0,  -21,    0,    0,    0,    0,    0,  -16,    0,    0,    0,    0,    0,    0,    0,    0,    0,    0,    0,    0,    0,    0,    0,    0,    0,    0,   -9,    0,  -23,  -28,    0,    0,    0,    0,    0,    0,  -12,    0,    0,    0,  -23,    0,    0,  -19,    0,    0,    0,    0,  -21,  -33,    0,    0,    0,   -9,    0,    0,    0,    0,    0,  -28,  -16,    0,    0,    0,    0,  -42,
       0,    0,    0,    0,  -37,  -28,  -23,  -37,    0,  -23,    0,   -9,    0,    0,   19,    0,    0,    0,    0,  -47,    0,  -47,    0,    0,    0,  -19,  -33,  -37,  -37,  -37,  -37,  -28,  -47,  -37,  -33,  -37,   -2,    0,  -33,    0,    0,  -16,    0,    0,  -23,    0,  -14,  -16,  -33,  -33,  -33,  -21,  -16,  -30,  -33,    0,    0,   -9,    0,  -42,    0,    0,    0,  -28,    0,    0,    0,    0,    0,  -21,
       0,    0,    0,    0,    0,    0,    0,    0,    0,    0,    0,    0,    0,    0,  -42,  -65,    0,  -51,    0,    0,    0,    0,    0,    0,    0,    0,    0,    0,  -33,    0,    0,    0,    0,    0,    0,    0,    0,    0,    0,    0,  -28,    0,  -14,    0,    0,  -61,    0,    0,    0,    0,    0,    0,    0,  -28,    0,    0,  -19,    0,    0,    0,  -56,    0,  -42,  -19,    0,    0,    0,    0,    0,    0,
       0,    0,    0,  -21,    0,    0,    0,    0,    0,    0,    0,    0,    0,    0,  -56,    0,    0,    0,  -37,    0,    0,    0,    0,    0,   -5,    0,    0,    0,   -9,    0,   -5,   -9,    0,    0,    0,    0,    0,   -5,    0,    0,    0,    0,    0,    0,    0,    0,    0,   -7,    0,   -7,   -5,    0,    0,   -9,    0,   -5,    0,  -16,    0,   -7,    0,    0,    0,  -12,    0,   -5,  -21,  -12,    0,    0,
       0,    0,    0,  -23,  -12,    0,    0,    0,    0,    0,    0,    0,    0,    0,    0,    0,    0,    0,  -37,   -9,    0,    0,   -7,    0,    0,    0,    0,    0,   -7,  -16,  -12,   -7,    0,    0,  -12,    0,    0,    0,    0,    0,    0,    0,    0,    0,    0,    0,    0,    0,  -12,  -12,   -7,   -5,    0,    0,   -7,    0,    0,  -16,    0,  -16,    0,    0,    0,    0,    0,    0,  -26,    0,    0,    0,
       0,    0,    0,  -12,    0,    0,    0,    0,    0,    0,    0,    0,    0,    0,    0,    0,    0,    0,  -28,   -7,    0,   -9,    0,    0,  -12,   -7,    0,    0,   -9,  -12,   -9,  -12,    0,    0,    0,    0,    0,  -12,    0,    0,    0,    0,    0,    0,    0,    0,    0,    0,  -12,   -7,   -7,    0,    0,   -5,   -5,  -12,    0,  -12,    0,  -19,    0,    0,    0,    0,    0,  -12,    0,    0,    0,    0,
       0,    0,    0,    0,    0,    0,    0,    0,    0,    0,    0,    0,    0,    0,    0,    0,    0,    0,    0,    0,    0,    0,    0,    0,    0,    0,    0,    0,    0,    0,    0,    0,    0,    0,    0,    0,    0,    0,    0,    0,    0,    0,    0,    0,    0,    0,    0,    0,    0,    0,    0,    0,    0,    0,    0,    0,    0,    0,    0,    0,    0,    0,    0,    0,    0,    0,    0,   -7,    0,    0,
       0,    0,    0,    0,    0,    0,    0,    0,    0,    0,    0,    0,    0,    0,    0,    0,    0,    0,  -19,    0,    0,   -5,    0,    0,    0,    0,    0,    0,    0,   -7,    0,    0,    0,    0,    0,    0,    0,    0,    0,    0,    0,    0,    0,    0,    0,    0,    0,    0,    0,   -7,    0,    0,    0,    0,    0,    0,    0,  -16,    0,   -9,    0,    0,    0,    0,    0,    0,    0,    0,    0,    0,
       0,    0,    0,    0,    0,    0,    0,    0,    0,    0,    0,    0,    0,    0,    0,    0,    0,    0,    0,  -12,   33,  -12,    0,   33,    0,    0,    0,    0,    0,    0,    0,    0,    0,    0,    0,    0,   33,    0,    0,    0,    0,    0,    0,    0,    0,    0,    0,    0,    0,    0,    0,    0,    0,    0,    0,    0,    0,    0,    0,    0,    0,    0,    0,    0,    0,    0,    0,    0,    0,    0,
       0,    0,    0,    0,    0,    0,    0,    0,    0,    0,    0,    0,    0,    0,    0,    0,    0,    0,    0,    0,    0,    0,    0,    0,   12,    0,    0,    0,    0,    0,    0,    0,    0,    0,    0,    0,    0,    0,    0,    0,    0,    0,    0,    0,    0,    0,    0,    0,    0,    0,    0,    0,    0,    0,    0,    0,    0,    0,    0,    0,    0,    0,    0,    0,    0,    0,    0,    0,    0,    0,
       0,    0,    0,    0,    0,    0,    0,    0,    0,    0,    0,    0,    0,    0,    0,    0,    0,    0,  -42,    0,    0,    0,    0,    0,    0,    0,    0,    0,  -12,    0,  -19,    0,    0,    0,    0,    0,    0,    0,    0,    0,    0,    0,    0,    0,    0,    0,    0,    0,    0,    0,    0,    0,    0,   -9,    0,    0,    0,    0,    0,    0,    0,    0,    0,   -7,    0,    0,    0,    0,    0,    0,
       0,    0,    0,    0,    0,    0,    0,    0,    0,    0,    0,    0,    0,    0,    0,    0,    0,    0,  -37,   -7,    0,    0,    0,    0,    0,    0,    0,    0,    0,    0,    0,    0,    0,    0,    0,    0,    0,    0,    0,    0,    0,    0,    0,    0,    0,    0,    0,    0,    0,    0,    0,    0,    0,    0,    0,    0,    0,    0,    0,    0,    0,    0,    0,    0,    0,    0,    0,    0,    0,    0,
       0,    0,    0,    0,    0,    0,    0,    0,    0,    0,    0,    0,    0,    0,    0,    0,    0,    0,    0,    0,    0,    0,    0,    0,    0,    0,    0,    0,    0,    0,   -5,    0,    0,    0,    0,    0,    0,    0,    0,    0,    0,    0,    0,    0,    0,    0,    0,    0,    0,    0,    0,    0,    0,    0,    0,    0,    0,    0,    0,    0,    0,    0,    0,    0,    0,    0,    0,   -7,    0,    0,
       0,    0,    0,    0,  -33,    0,  -28,    0,    0,  -23,    0,    0,    0,    0,    0,    0,    0,    0,    0,   -7,    0,  -12,    0,    0,    0,    0,    0,    0,    0,    0,    0,    0,  -21,    0,    0,    0,   -5,    0,   -7,    0,    0,    0,    0,    0,    0,    0,    0,    0,  -12,    0,   -7,    0,    0,    0,  -16,    0,    0,    0,    0,    0,    0,    0,    0,    0,    0,    0,    0,    0,    0,    0,
       0,    0,    0,    0,    0,    0,    0,    0,    0,    0,    0,    0,    0,    0,    0,    0,    0,    0,  -37,   -7,    0,  -12,    0,    0,    0,    0,    0,    0,    0,    0,    0,    0,    0,    0,    0,    0,    0,    0,    0,    0,    0,    0,    0,    0,    0,    0,    0,    0,    0,    0,   -7,    0,    0,    0,    0,    0,    0,    0,    0,    0,    0,    0,    0,    0,    0,    0,    0,    0,    0,    0,
       0,    0,    0,    0,    0,    0,    0,    0,    0,    0,    0,    0,    0,    0,  -16,    0,    0,  -16,    0,    0,    0,    0,    0,    0,    0,    0,    0,    0,    0,    0,    0,    0,    0,    0,    0,    0,    0,    0,    0,    0,    0,    0,    0,    0,    0,    0,    0,    0,    0,    0,    0,    0,    0,    0,    0,    0,    0,    0,    0,    0,    0,    0,    0,    0,    0,    0,    0,    0,    0,    0,
       0,    0,    0,    0,    0,    0,    0,    0,    0,    0,    0,    0,    0,    0,  -37,  -37,    0,  -33,    0,    0,    0,  -12,    0,    0,    0,    0,    0,    0,    0,    0,    0,    0,    0,    0,    0,    0,    0,    0,    0,    0,    0,    0,    0,    0,    0,  -21,    0,    0,    0,    0,    0,    0,    0,    0,    0,    0,    0,    0,    0,    0,    0,    0,    0,    0,    0,    0,    0,    0,    0,    0,
       0,    0,    0,    0,    0,    0,    0,    0,    0,  -37,    0,  -12,    0,    0,    0,    0,    0,    0,    0,  -23,    0,  -21,    0,    0,    0,  -21,  -21,    0,  -21,  -23,    0,  -21,    0,    0,    0,    0,    0,    0,  -21,    0,    0,   -9,    0,    0,    0,    0,    0,    0,  -23,  -21,  -23,    0,  -21,  -21,  -16,    0,    0,    0,    0,  -26,    0,    0,    0,  -12,    0,    0,    0,    0,    0,    0,
       0,    0,    0,    0,    0,    0,    0,    0,    0,  -16,    0,    0,    0,    0,  -42,  -42,  -28,  -37,    0,    0,    0,    0,    0,    0,    0,    0,    0,    0,    0,    0,    0,    0,    0,    0,    0,    0,    0,    0,    0,    0,  -21,   -7,  -14,  -21,    0,  -21,  -12,    0,    0,  -12,    0,    0,    0,    0,    0,    0,    0,    0,  -21,  -12,    0,    0,  -21,    0,    0,    0,    0,    0,    0,    0,
       0,    0,    0,    0,    0,    0,    0,    0,    0,  -16,    0,    0,    0,    0,  -42,  -56,  -23,  -47,    0,    0,    0,    0,    0,    0,    0,    0,    0,    0,  -21,    0,  -16,    0,    0,    0,    0,    0,    0,    0,    0,    0,  -21,  -12,  -21,  -16,    0,  -30,  -16,    0,  -16,  -16,    0,    0,    0,    0,    0,    0,    0,    0,  -23,    0,    0,    0,  -16,    0,    0,    0,    0,    0,    0,    0,
      63,    0,   91,   77,    0,    0,    0,    0,   65,    0,    0,    0,    0,    0,    0,    0,    0,    0,    0,    0,    0,    0,    0,    0,    0,    0,    0,    0,    0,    0,    0,    0,    0,    0,    0,    0,    0,    0,    0,    0,    0,    0,    0,    0,    0,    0,    0,    0,    0,    0,    0,    0,    0,    0,    0,    0,    0,    0,    0,    0,    0,    0,    0,    0,    0,    0,   75,   77,    0,    0,
       0,    0,    0,    0,    0,    0,    0,    0,    0,   -7,    0,    0,    0,    0,    0,    0,    0,    0,    0,    0,    0,    0,    0,    0,    0,    0,    0,    0,    0,    0,    0,    0,    0,    0,    0,  -12,    0,    0,    0,    0,    0,   -7,    0,    0,    0,    0,    0,    0,    0,    0,    0,    0,    0,    0,   -7,    0,    0,    0,    0,    0,    0,    0,    0,    0,    0,    0,    0,    0,    0,    0,
       0,    0,    0,    0,    0,    0,    0,    0,    0,    0,    0,    0,    0,    0,    0,    0,    0,    0,  -42,  -12,    0,  -12,    0,    0,    0,    0,    0,    0,    0,    0,    0,    0,    0,    0,    0,    0,    0,    0,   -7,    0,    0,    0,    0,    0,    0,    0,    0,    0,    0,    0,  -14,    0,    0,   -5,    0,    0,    0,    0,    0,    0,    0,    0,    0,    0,    0,    0,    0,    0,    0,    0,
       0,    0,    0,    0,    0,    0,    0,    0,    0,    0,    0,    0,    0,    0,  -51,  -37,    0,  -21,  -19,    0,    0,    0,    0,    0,    0,    0,    0,    0,   -9,    0,   -9,    0,    0,    0,    0,    0,    0,    0,    0,    0,  -40,    0,  -33,    0,    0,  -30,    0,    0,    0,    0,    0,    0,   -7,    0,    0,    0,    0,  -12,    0,    0,  -12,    0,    0,    0,    0,    0,    0,    0,    0,    0,
       0,  -16,    0,    0,  -51,  -23,  -37,  -33,    0,  -40,    0,   -9,    0,    0,    0,    0,    0,    0,    0,  -51,    0,  -42,    0,    0,  -23,  -47,  -47,    0,  -56,  -42,  -51,  -47,  -33,  -42,  -42,  -42,    0,  -23,  -47,    0,    0,  -33,    0,    0,  -16,    0,  -19,    0,  -65,  -49,  -61,  -49,  -61,  -54,  -47,  -33,    0,  -12,    0,  -51,    0,    0,    0,  -42,    0,  -23,    0,    0,    0,  -16,
       0,    0,    0,  -42,    0,    0,    0,    0,    0,   -7,   -9,    0,    0,    0,  -37,  -23,  -12,  -37,  -28,    0,    0,    0,    0,    0,    0,    0,    0,    0,  -12,    0,    0,    0,    0,    0,    0,   -9,    0,    0,    0,    0,  -30,    0,  -19,    0,    0,  -33,    0,    0,   -7,    0,    0,    0,    0,    0,    0,    0,  -28,  -16,    0,    0,  -37,   -9,  -19,    0,    0,    0,    0,  -26,    0,    0,
       0,    0,    0,    0,    0,    0,    0,    0,    0,    0,    0,   -5,    0,    0,    0,  -28,    0,  -19,    0,    0,    0,  -12,    0,    0,    0,  -12,    0,    0,  -19,    0,    0,    0,    0,    0,    0,    0,    0,    0,    0,    0,  -19,    0,    0,    0,    0,    0,    0,  -12,    0,    0,    0,    0,    0,    0,    0,    0,    0,  -14,    0,    0,  -21,    0,  -21,  -14,    0,    0,    0,    0,    0,    0,
       0,    0,    0,    0,    0,  -16,    0,    0,    0,    0,    0,  -21,    0,    0,    0,    0,    0,    0,    0,    0,    0,   -9,    0,    0,    0,    0,    0,    0,  -28,    0,  -19,   -9,  -16,  -21,    0,    0,    0,    0,    0,    0,   -9,    0,    0,    0,  -21,    0,    0,  -16,    0,    0,    0,    0,  -16,  -21,    0,    0,  -16,  -16,    0,    0,    0,    0,    0,  -21,    0,    0,    0,    0,    0,  -21,
       0,    0,    0,    0,    0,    0,    0,    0,    0,  -14,    0,    5,    0,    0,   -7,    0,    0,    0,    0,    0,    0,    0,    0,    0,    0,    0,    0,    0,    0,    0,    0,    0,    0,    0,    0,   -9,    0,    0,    0,    0,    0,   -9,    0,   -7,    0,    0,    0,    0,    0,    0,    0,    0,    0,    0,    0,    0,    0,    0,    0,    0,    0,    0,    0,    0,    0,    0,    0,    0,    0,    0,
       0,    0,    0,    0,    0,    0,    0,    0,    0,  -19,    0,    0,  -12,    0,    0,  -12,  -23,  -23,    0,    0,    0,    0,    0,    0,    0,    0,    0,    0,    0,    0,    0,    0,    0,    0,    0,  -37,    0,    0,    0,    0,  -12,  -14,    0,  -14,    0,    0,  -16,    0,    0,    0,    0,    0,    0,    0,    0,    0,    0,    0,  -30,    0,  -12,    0,    0,    0,    0,    0,    0,    0,    0,    0,
       0,    0,    0,    0,    0,    0,    0,    0,    0,    0,    0,    0,    0,    0,    0,    0,    0,    0,  -42,    0,    0,    0,    0,    0,   -7,    0,    0,    0,   -9,   -7,   -7,    0,    0,    0,    0,    0,    0,   -7,    0,    0,    0,    0,    0,    0,    0,    0,    0,    0,   -7,   -9,    0,    0,    0,   -5,   -2,   -7,    0,  -12,    0,  -12,    0,    0,    0,    0,    0,   -7,    0,    0,    0,    0,
       0,    0,    0,    0,  -21,    0,  -12,    0,    0,    0,    0,    0,    0,    0,    0,    0,    0,    0,    0,    0,    0,    0,    0,    0,    0,    0,    0,    0,    0,    0,    0,    0,  -12,    0,    0,    0,    0,    0,    0,    0,    0,    0,    0,    0,    0,    0,    0,    0,   -9,    0,   -5,    0,    0,    0,    0,    0,    0,    0,    0,    0,    0,    0,    0,    0,    0,    0,    0,    0,    0,    0,
       0,    0,    0,    0,    0,    0,    0,    0,    0,    0,    0,    0,    0,    0,    0,    0,    0,    0,  -28,    0,    0,    0,    0,    0,    0,    0,    0,    0,    0,    0,    0,    0,    0,    0,    0,    0,    0,    0,    0,    0,    0,    0,    0,    0,    0,    0,    0,    0,    0,    0,    0,    0,    0,    0,    0,    0,    0,    0,    0,    0,    0,    0,    0,    0,    0,    0,    0,    0,    0,    0,
       0,   -9,    0,    0,    0,    0,    0,    0,    0,    0,    0,    0,    0,    0,    0,    0,    0,    0,  -42,   -7,    0,   -9,    0,    0,    0,    0,    0,    0,    0,    0,    0,    0,  -16,  -12,    0,    0,    0,    0,    0,    0,    0,    0,    0,    0,    0,    0,    0,    0,    0,    0,   -5,    0,    0,    0,    0,    0,    0,    0,    0,    0,    0,    0,    0,    0,    0,    0,    0,    0,    0,    0,
       0,    0,    0,    0,  -21,    0,  -12,    0,    0,    0,    0,    0,    0,    0,    0,    0,    0,    0,    0,    0,    0,    0,    0,    0,    0,    0,    0,    0,    0,    0,    0,    0,    0,    0,    0,    0,    0,    0,    0,    0,    0,    0,    0,    0,    0,    0,    0,    0,  -12,    0,    0,    0,    0,    0,  -12,    0,    0,    0,    0,    0,    0,    0,    0,    0,    0,    0,    0,    0,    0,    0,
       0,    0,    0,  -26,    0,    0,    0,    0,    0,    0,    0,    0,    0,    0,    0,    0,    0,    0,  -42,   -7,    0,    0,    0,    0,   -9,   -7,    0,    0,  -23,  -14,  -19,  -21,    0,    0,    0,    0,    0,   -9,    0,    0,    0,    0,    0,    0,    0,    0,    0,    0,   -7,   -9,   -7,    0,  -21,  -14,    0,   -9,    0,  -28,    0,  -16,    0,    0,    0,  -21,    0,   -9,  -30,  -21,    0,    0,
       0,    0,    0,    0,    0,    0,    0,    0,    0,    0,    0,    0,    0,    0,    0,    0,    0,    0,  -42,    0,    0,    0,    0,    0,    0,    0,    0,    0,  -14,   -7,  -16,    0,    0,    0,    0,    0,    0,    0,    0,    0,    0,    0,    0,    0,    0,    0,    0,    0,   -7,   -7,    0,    0,   -9,   -9,    0,    0,    0,  -16,    0,   -7,    0,    0,    0,    0,    0,    0,    0,    0,    0,    0,
       0,    0,    0,    0,    0,    0,    0,    0,    0,    0,    0,    0,    0,    0,  -26,  -19,  -16,    0,    0,    0,    0,    0,    0,    0,    0,    0,    0,    0,    0,    0,    0,    0,    0,    0,    0,    0,    0,    0,    0,    0,    0,    0,    0,    0,    0,    0,    0,    0,    0,    0,    0,    0,    0,    0,    0,    0,    0,    0,    0,    0,    0,    0,    0,    0,    0,    0,    0,    0,    0,    0,
       0,    0,    0,    0,    0,    0,    0,    0,    0,    0,    0,    0,    0,    0,    0,    0,    0,    0,    0,    0,    0,    0,    0,    0,    0,    0,    0,    0,  -21,    0,    0,    0,    0,    0,    0,    0,    0,    0,    0,    0,    0,    0,    0,    0,    0,    0,    0,    0,    0,    0,    0,    0,  -16,    0,    0,    0,    0,    0,    0,  -12,    0,    0,    0,    0,    0,    0,    0,    0,    0,    0,
       0,    0,    0,  -12,    0,  -16,    0,    0,    0,    0,    0,  -23,    0,   -5,  -16,    0,    0,    0,    0,    0,    0,   -9,    0,    0,    0,    0,    0,    0,  -28,    0,  -19,   -9,  -23,  -21,    0,    0,    0,    0,    0,    0,  -16,    0,    0,    0,  -30,  -21,    0,  -12,    0,    0,    0,    0,  -21,  -33,    0,    0,    0,  -14,    0,    0,  -12,    0,  -16,  -28,   -7,    0,    0,    0,  -16,  -30,
       0,    0,    0,    0,    0,    0,    0,    0,    0,    0,    0,    0,    0,    0,    0,    0,    0,    0,  -42,  -16,    0,  -16,    0,    0,  -12,    0,    0,    0,    0,    0,    0,    0,    0,  -12,    0,    0,    0,  -12,    0,    0,    0,    0,    0,    0,    0,    0,    0,    0,    0,    0,   -7,    0,    0,    0,    0,  -12,    0,    0,    0,    0,    0,    0,    0,    0,    0,  -12,    0,    0,    0,    0,
       0,    0,    0,    0,    0,    0,  -51,    0,    0,  -51,    0,  -12,    0,    0,    0,    0,    0,    0,    0,  -47,    0,  -51,    0,    0,  -23,  -51,  -51,    0,  -42,  -42,  -42,  -28,    0,    0,    0,    0,    0,  -23,  -51,    0,    0,  -23,    0,    0,  -12,    0,  -33,  -12,  -56,  -37,  -51,    0,  -33,  -26,  -51,  -23,    0,   -9,  -12,  -51,    0,    0,    0,  -42,    0,  -23,    0,    0,    0,    0,
       0,    0,    0,    0,  -28,    0,  -16,    0,    0,    0,    0,    0,    0,    0,    0,    0,    0,    0,    0,   -7,    0,   -5,    0,    0,    0,    0,    0,    0,    0,    0,    0,    0,  -21,    0,    0,    0,    0,    0,    0,    0,    0,    0,    0,    0,    0,    0,    0,    0,  -12,    0,    0,    0,    9,    0,   -7,    0,    0,    0,    0,    0,    0,    0,    0,    2,    0,    0,    0,    0,    0,    0,
       0,    0,    0,    0,    0,    0,  -12,    0,    0,    0,    0,    0,    0,    0,    0,    0,    0,    0,    0,    0,    0,  -14,    0,    0,    0,    0,    0,    0,    0,    0,    0,    0,    0,    0,    0,    0,    0,    0,    0,    0,    0,    0,    0,    0,    0,    0,    0,    0,   -9,    0,    0,    0,    0,    0,    0,    0,    0,    0,    0,    0,    0,    0,    0,    0,    0,    0,    0,    0,    0,    0,
       0,    0,    0,    0,    0,    0,    0,    0,    0,    0,    0,    0,    0,    0,  -26,  -19,    0,  -21,  -19,    0,    0,    0,    0,    0,    0,    0,    0,    0,   -9,    0,   -9,    0,    0,    0,    0,    0,    0,    0,    0,    0,  -28,    0,  -16,    0,    0,  -19,    0,    0,    0,    0,    0,    0,   -7,    0,    0,    0,    0,  -12,    0,    0,  -12,    0,    0,    0,    0,    0,    0,    0,    0,    0,
       0,    0,    0,    0,    0,    0,    0,    0,    0,    0,    0,    0,    0,    0,    0,    0,    0,    0,    0,    0,    0,    0,    0,    0,    0,    0,    0,    0,   -9,    0,    0,    0,    0,    0,    0,    0,    0,    0,    0,    0,    0,    0,    0,    0,    0,    0,    0,    0,    0,    0,    0,    0,    0,    0,    0,    0,    0,    0,    0,    0,    0,    0,    0,    0,    0,    0,    0,    0,    0,    0,
       0,    0,    0,    0,    0,    0,    0,    0,    0,    0,    0,    0,    0,    0,  -42,  -35,    0,  -28,  -42,    0,    0,    0,    0,    0,    0,    0,    0,    0,   -5,    0,    0,    0,    0,    0,    0,    0,    0,    0,    0,    0,  -14,    0,  -16,    0,    0,  -33,    0,    0,    0,    0,    0,    0,    0,    0,    0,    0,  -16,    0,    0,    0,  -28,   -7,  -12,    0,    0,    0,    0,  -16,    0,    0,
       0,    0,    0,    0,    0,    0,    0,    0,    0,    0,    0,    0,    0,    0,  -12,   -7,    0,    0,    0,    0,    0,    0,    0,    0,    0,    0,    0,    0,    0,    0,    0,    0,    0,    0,    0,    0,    0,    0,    0,    0,    0,    0,    0,    0,    0,    0,    0,    0,    0,    0,    0,    0,    0,    0,    0,    0,    0,    0,    0,    0,    0,    0,    0,    0,    0,    0,    0,    0,    0,    0,
       0,    0,    0,    0,    0,    0,    0,    0,    0,    0,    0,    0,    0,    0,    0,    0,    0,    0,  -42,    0,    0,    0,    0,    0,    0,    0,    0,    0,  -14,    0,  -12,    0,    0,    0,    0,    0,    0,    0,    0,    0,    0,    0,    0,    0,    0,    0,    0,    0,    2,    0,    0,    0,    0,   -7,    0,    0,    0,   -9,    0,    0,    0,    0,    0,    0,    0,    0,  -16,    0,    0,    0,
       0,    0,    0,  -33,    0,    0,    0,    0,    0,    0,    0,   -5,    0,    0,  -51,  -37,    0,  -33,  -47,    0,    0,    0,    0,    0,    0,    0,    0,    0,  -16,    0,   -9,    0,    0,    0,    0,    0,    0,    0,    0,    0,  -37,    0,  -14,    0,  -12,  -40,    0,    0,    0,    0,    0,    0,  -16,    0,    0,    0,  -33,    0,    0,    0,  -42,    0,  -47,  -21,    0,    0,    0,  -23,    0,    0,
       0,    0,    0,    0,    0,    0,    0,    0,    0,    0,    0,    0,    0,    0,    0,    0,    0,    0,    0,    0,    0,    0,    0,    0,    0,    0,    0,    0,    0,    0,    0,    0,    0,    0,    0,    0,    0,    0,    0,    0,    0,    0,    0,    0,    0,    0,    0,    0,    0,    0,    0,    0,    0,    0,    0,    0,    0,    0,  -16,    0,    0,    0,    0,    0,    0,    0,    0,    0,    0,    0,
       0,    0,    0,    0,    0,    0,    0,    0,    0,    0,    0,   -7,    0,    0,    0,    0,    0,    0,    0,    0,    0,    0,    0,    0,    0,    0,    0,    0,    0,    0,    0,    0,    0,    0,    0,    0,    0,    0,    0,    0,    0,    0,    0,    0,    0,    0,    0,    0,    0,    0,    0,    0,    0,    0,    0,    0,    0,    0,    0,    0,    0,    0,    0,    0,    0,    0,    0,    0,    0,    0,
       0,    0,    0,    0,    0,    0,    0,    0,    0,    0,    0,    0,    0,    0,    0,    0,    0,    0,    0,    0,    0,   -5,    0,    0,    0,    0,    0,    0,    0,    0,    0,    0,    0,    0,    0,    0,    0,    0,    0,    0,    0,    0,    0,    0,    0,    0,    0,    0,    9,    0,    0,    0,    0,    0,    2,    0,    0,    0,    0,    0,    0,    0,    0,    0,    0,    0,    0,    0,    0,    0,
       0,    0,    0,    0,    0,    0,    0,    0,    0,    0,    0,    0,    0,    0,    0,    0,    0,    0,    0,    0,    0,    0,    0,    0,    0,    0,    0,    0,    0,    0,    0,    0,    0,    0,    0,    0,    0,    0,    0,    0,    0,    0,    0,    0,    0,    0,    0,    0,    0,    0,   -7,    0,    0,    0,    0,    0,    0,    0,    0,    0,    0,    0,    0,    0,    0,    0,    0,    0,    0,    0,
       0,    0,    0,    0,    0,    0,    0,    0,    0,    0,    0,  -23,    0,    0,    0,    0,    0,    0,    0,    0,    0,  -23,    0,    0,    0,  -12,    0,    0,  -28,  -23,  -21,  -19,    0,    0,    0,    0,    0,    0,  -23,    0,    0,    0,    0,    0,    0,    0,    0,  -21,    0,   -9,  -19,  -16,  -21,  -33,    0,    0,    0,  -16,    0,    0,    0,    0,    0,  -40,    0,    0,    0,    0,    0,    0,
       0,    0,    0,    0,    0,    0,    0,    0,    0,    0,    0,    0,    0,    0,    0,    0,    0,    0,    0,    0,    0,   -7,    0,    0,    0,    0,    0,    0,    0,    0,    0,    0,    0,    0,    0,    0,    0,    0,    0,    0,    0,    0,    0,    0,    0,    0,    0,    0,    0,    0,   -5,    0,    0,    0,    0,    0,    0,    0,    0,    0,    0,    0,    0,    0,    0,    0,    0,    0,    0,    0,
       0,    0,    0,    0,    0,    0,    0,    0,    0,  -61,    0,    0,    0,    0,    0,    0,    0,    0,    0,    0,    0,  -26,    0,    0,    0,    0,    0,    0,    0,    0,    0,    0,    0,    0,    0,    0,    0,    0,    0,    0,    0,  -37,    0,    0,    0,    0,  -21,    0,  -26,    0,    0,    0,    0,    0,    0,    0,    0,    0,    0,    0,    0,    0,    0,    0,    0,    0,    0,    0,    0,    0,
       0,    0,    0,    0,    0,    0,    0,    0,    0,  -61,    0,    0,    0,    0,    0,    0,    0,    0,    0,  -42,    0,  -42,    0,    0,    0,    0,    0,    0,    0,    0,    0,    0,    0,    0,    0,    0,    0,    0,   -9,    0,    0,  -42,    0,    0,    0,    0,  -33,    0,    0,    0,    0,    0,    0,    0,    0,    0,    0,    0,    0,    0,    0,    0,    0,    0,    0,    0,    0,    0,    0,    0,
       0,    0,    0,    0,    0,    0,    0,    0,    0,  -16,    0,    0,    0,    0,    0,    0,    0,    0,    0,    0,    0,  -12,    0,    0,    0,    0,    0,    0,    0,    0,    0,    0,    0,    0,    0,    0,    0,    0,    0,    0,    0,  -12,    0,    0,    0,    0,    0,    0,    0,    0,    0,    0,    0,    0,    0,    0,    0,    0,  -16,    0,    0,    0,    0,    0,    0,    0,    0,    0,    0,    0,
       0,    0,    0,    0,    0,    0,    0,    0,    0,  -26,    0,    0,    0,    0,  -26,  -21,  -42,  -21,    0,    0,    0,    0,    0,    0,    0,    0,    0,    0,    0,    0,    0,    0,    0,    0,    0,    0,    0,    0,    0,    0,    0,  -21,  -16,  -21,    0,    0,    0,    0,  -16,    0,    0,    0,    0,    0,  -14,    0,    0,    0,  -30,    0,    0,    0,    0,    0,    0,    0,    0,    0,    0,    0,
};

static const EpdLigaturePair ebgaramond_14_regularLigaturePairs[] = {
    { 0x005E0030, 0x2070 }, // ^ 0 -> U+2070
    { 0x005E0031, 0x00B9 }, // ^ 1 -> U+00B9
    { 0x005E0032, 0x00B2 }, // ^ 2 -> U+00B2
    { 0x005E0033, 0x00B3 }, // ^ 3 -> U+00B3
    { 0x005E0034, 0x2074 }, // ^ 4 -> U+2074
    { 0x005E0035, 0x2075 }, // ^ 5 -> U+2075
    { 0x005E0036, 0x2076 }, // ^ 6 -> U+2076
    { 0x005E0037, 0x2077 }, // ^ 7 -> U+2077
    { 0x005E0038, 0x2078 }, // ^ 8 -> U+2078
    { 0x005E0039, 0x2079 }, // ^ 9 -> U+2079
    { 0x00660066, 0xFB00 }, // f f -> U+FB00
    { 0x00660069, 0xFB01 }, // f i -> U+FB01
    { 0x0066006C, 0xFB02 }, // f l -> U+FB02
    { 0xFB000069, 0xFB03 }, // U+FB00 i -> U+FB03
    { 0xFB00006C, 0xFB04 }, // U+FB00 l -> U+FB04
};

static constexpr EpdFontData ebgaramond_14_regular = {
    ebgaramond_14_regularBitmaps,
    ebgaramond_14_regularGlyphs,
    ebgaramond_14_regularIntervals,
    104,
    38,
    30,
    -9,
    true,
    ebgaramond_14_regularGroups,
    18,
    nullptr,
    ebgaramond_14_regularKernLeftClasses,
    ebgaramond_14_regularKernRightClasses,
    ebgaramond_14_regularKernMatrix,
    531,
    608,
    81,
    70,
    ebgaramond_14_regularLigaturePairs,
    15,
};
