/**
 * generated by fontconvert.py
 * name: ebgaramond_20_bold
 * size: 20
 * mode: 2-bit  compressed: true
 * Command used: fontconvert.py ebgaramond_20_bold 20 ../builtinFonts/source/EBGaramond/EBGaramond-Bold.ttf ../builtinFonts/source/ChareInk7/ChareInk7-Bold.ttf ../builtinFonts/source/NotoEmoji/NotoEmoji-Regular.ttf ../builtinFonts/source/NotoSymbols/NotoSansSymbols-Regular.ttf --additional-intervals 0x03BB,0x03BB --additional-intervals 0x0410,0x0414 --additional-intervals 0x0418,0x0418 --additional-intervals 0x041B,0x041B --additional-intervals 0x041D,0x0423 --additional-intervals 0x0425,0x0425 --additional-intervals 0x0427,0x0427 --additional-intervals 0x042B,0x042C --additional-intervals 0x042E,0x0432 --additional-intervals 0x0434,0x0435 --additional-intervals 0x0437,0x0437 --additional-intervals 0x043A,0x043A --additional-intervals 0x043D,0x043E --additional-intervals 0x0440,0x0440 --additional-intervals 0x0442,0x0442 --additional-intervals 0x0446,0x0446 --additional-intervals 0x044C,0x044C --additional-intervals 0x044E,0x044E --additional-intervals 0x2113,0x2113 --additional-intervals 0x2669,0x266F --additional-intervals 0x1F600,0x1F607 --additional-intervals 0x1F609,0x1F614 --additional-intervals 0x1F618,0x1F618 --additional-intervals 0x1F61A,0x1F61A --additional-intervals 0x1F61C,0x1F61D --additional-intervals 0x1F620,0x1F622 --additional-intervals 0x1F624,0x1F625 --additional-intervals 0x1F629,0x1F629 --additional-intervals 0x1F62C,0x1F62E --additional-intervals 0x1F631,0x1F635 --additional-intervals 0x1F641,0x1F642 --additional-intervals 0x1F644,0x1F644 --additional-intervals 0x1F44B,0x1F44F --additional-intervals 0x2764,0x2764 --font-include-intervals 1:0x03BB,0x03BB --font-include-intervals 1:0x0410,0x0414 --font-include-intervals 1:0x0418,0x0418 --font-include-intervals 1:0x041B,0x041B --font-include-intervals 1:0x041D,0x0423 --font-include-intervals 1:0x0425,0x0425 --font-include-intervals 1:0x0427,0x0427 --font-include-intervals 1:0x042B,0x042C --font-include-intervals 1:0x042E,0x0432 --font-include-intervals 1:0x0434,0x0435 --font-include-intervals 1:0x0437,0x0437 --font-include-intervals 1:0x043A,0x043A --font-include-intervals 1:0x043D,0x043E --font-include-intervals 1:0x0440,0x0440 --font-include-intervals 1:0x0442,0x0442 --font-include-intervals 1:0x0446,0x0446 --font-include-intervals 1:0x044C,0x044C --font-include-intervals 1:0x044E,0x044E --font-include-intervals 1:0x2113,0x2113 --font-include-intervals 2:0x1F600,0x1F607 --font-include-intervals 2:0x1F609,0x1F614 --font-include-intervals 2:0x1F618,0x1F618 --font-include-intervals 2:0x1F61A,0x1F61A --font-include-intervals 2:0x1F61C,0x1F61D --font-include-intervals 2:0x1F620,0x1F622 --font-include-intervals 2:0x1F624,0x1F625 --font-include-intervals 2:0x1F629,0x1F629 --font-include-intervals 2:0x1F62C,0x1F62E --font-include-intervals 2:0x1F631,0x1F635 --font-include-intervals 2:0x1F641,0x1F642 --font-include-intervals 2:0x1F644,0x1F644 --font-include-intervals 2:0x1F44B,0x1F44F --font-include-intervals 2:0x2764,0x2764 --font-include-intervals 3:0x2669,0x266F --2bit --compress --pnum --darken-aa
 */
#pragma once
#include "EpdFontData.h"

static const uint8_t ebgaramond_20_boldBitmaps[55062] = {
    0xC5, 0x5B, 0x3D, 0x8C, 0x24, 0xC7, 0x75, 0xAE, 0xEE, 0xD6, 0xED, 0x48, 0x6A, 0x9B, 0xAD, 0x40,
    0x27, 0x48, 0x3A, 0xCB, 0xAD, 0xC0, 0x81, 0x45, 0x53, 0xD7, 0x0A, 0x14, 0x30, 0xD8, 0xBD, 0x6E,
    0x49, 0x80, 0x1D, 0x28, 0xB9, 0x80, 0x47, 0x03, 0x76, 0xA2, 0xD4, 0x74, 0x70, 0x89, 0x02, 0x06,
    0x47, 0xF6, 0x48, 0x0A, 0x14, 0x38, 0xD9, 0xC4, 0x76, 0x60, 0x18, 0xB8, 0xE0, 0x60, 0x50, 0x2B,
    0xC0, 0xA7, 0x40, 0x81, 0x0D, 0x1C, 0xAF, 0x5B, 0x62, 0xA0, 0x80, 0x01, 0x1B, 0x0A, 0xE8, 0xC0,
    0x01, 0x1B, 0x30, 0x2D, 0x80, 0x56, 0xC0, 0xB6, 0xD4, 0x84, 0x66, 0x8F, 0x3D, 0x5D, 0xFE, 0xBE,
    0xEF, 0x55, 0xCF, 0xCE, 0x2E, 0x8F, 0x3F, 0x27, 0x9C, 0xE4, 0xD9, 0x99, 0x57, 0x35, 0x33, 0x35,
    0x55, 0xAF, 0xDE, 0xFF, 0x7B, 0x55, 0xEB, 0x5C, 0x3A, 0x14, 0x9B, 0x72, 0x3A, 0xFB, 0x2B, 0xA6,
    0x62, 0x53, 0x8C, 0xF9, 0x90, 0xD9, 0x5F, 0x9F, 0x76, 0xAB, 0x36, 0x69, 0xA3, 0xCA, 0xB9, 0xB8,
    0xCA, 0x87, 0x30, 0x66, 0x3C, 0x58, 0x47, 0xD5, 0x27, 0xF2, 0xAE, 0xA9, 0x7F, 0xEE, 0x9B, 0x57,
    0xF8, 0xAC, 0x7F, 0xBA, 0xAD, 0xBF, 0x3E, 0xD5, 0xF1, 0xF4, 0x62, 0x3C, 0x1E, 0xC6, 0xC3, 0x61,
    0xDC, 0x7D, 0x25, 0x6A, 0x1D, 0x1E, 0x6B, 0xE7, 0x9E, 0x4F, 0x7A, 0xE7, 0x36, 0x49, 0xE7, 0xDC,
    0x90, 0xE0, 0xB3, 0x21, 0x6D, 0x5D, 0x3C, 0xA4, 0x6B, 0x97, 0xF4, 0x59, 0xE5, 0x92, 0x2E, 0x7B,
    0x26, 0xF6, 0xDE, 0x6F, 0x53, 0x82, 0x0C, 0x60, 0x42, 0x6F, 0xBE, 0xED, 0x32, 0x77, 0xCF, 0xB9,
    0xC2, 0x6D, 0x9C, 0xBB, 0xE6, 0x46, 0xE7, 0x8E, 0xDC, 0xE0, 0x0E, 0xEE, 0x37, 0xBE, 0x2F, 0x31,
    0xA4, 0xAF, 0x01, 0x3A, 0x82, 0xF5, 0xE5, 0x61, 0xD5, 0xBA, 0x88, 0xD3, 0xC5, 0x61, 0x3A, 0xE7,
    0x92, 0x36, 0x77, 0x6E, 0xD5, 0x5E, 0x75, 0x2E, 0x5D, 0x1F, 0x01, 0x38, 0x3D, 0x3E, 0x49, 0x90,
    0xED, 0xC0, 0x4D, 0x6C, 0x29, 0xF3, 0x5B, 0xE7, 0x1A, 0xCC, 0x12, 0xFB, 0xAB, 0x65, 0xBB, 0x9A,
    0xAE, 0x65, 0x6D, 0x36, 0x1D, 0xA5, 0x00, 0x87, 0x98, 0x63, 0x3E, 0x8C, 0xDB, 0xDC, 0x4F, 0x1C,
    0x26, 0x30, 0x63, 0x2A, 0x2C, 0xEB, 0x12, 0xEF, 0x81, 0x95, 0xE7, 0xFB, 0x02, 0xBF, 0xE5, 0xFB,
    0x96, 0xEF, 0x3B, 0x17, 0xBD, 0xEB, 0xFB, 0xA7, 0xA3, 0x5F, 0x79, 0xEC, 0x7F, 0xF0, 0xC3, 0xB5,
    0xB8, 0x07, 0xBA, 0x49, 0xDF, 0x74, 0xE5, 0x2B, 0x9D, 0x6F, 0x8B, 0x5F, 0xFF, 0xDC, 0x57, 0xD8,
    0xE0, 0xD6, 0x45, 0xD8, 0x01, 0xE6, 0x7A, 0xCB, 0x11, 0x4B, 0x80, 0x54, 0x00, 0x94, 0x72, 0xB1,
    0x0B, 0x8F, 0xCF, 0x5B, 0x53, 0x3A, 0xF7, 0xAF, 0xC0, 0x73, 0x72, 0x2B, 0xFC, 0x22, 0xDA, 0xB8,
    0xFC, 0x95, 0x8D, 0x4B, 0x06, 0x57, 0x7E, 0x77, 0xEB, 0xD2, 0xCE, 0xD5, 0xDF, 0xF1, 0x2E, 0x5F,
    0xBB, 0xA6, 0xF2, 0x1C, 0xE8, 0xD1, 0xBC, 0x6C, 0xCD, 0xA4, 0x06, 0x03, 0xD9, 0xAC, 0xB0, 0x56,
    0xB3, 0xF6, 0x19, 0x16, 0x29, 0x7F, 0xB2, 0x2D, 0x30, 0x6B, 0xF1, 0x53, 0xB0, 0xE9, 0xDF, 0x5D,
    0xF6, 0x9B, 0x61, 0xCA, 0xB9, 0xF7, 0xEF, 0x8E, 0x75, 0x86, 0x41, 0x49, 0x3F, 0xA7, 0xA0, 0x74,
    0xF6, 0x93, 0x79, 0x85, 0x09, 0x8A, 0xAF, 0x6F, 0x13, 0x34, 0x65, 0xA2, 0x66, 0x52, 0x13, 0x6D,
    0xD4, 0x24, 0x83, 0x9A, 0xB4, 0x8D, 0x67, 0x34, 0xC0, 0xC0, 0xAF, 0x46, 0x62, 0xD0, 0xA4, 0x03,
    0x31, 0x28, 0xDF, 0x68, 0xC9, 0xB6, 0x74, 0x76, 0xBB, 0x47, 0x63, 0xFD, 0xD5, 0xDC, 0x48, 0x28,
    0x8A, 0xB1, 0x18, 0xB4, 0xBD, 0x21, 0xDB, 0xB0, 0xAD, 0x43, 0xDB, 0x2C, 0xEF, 0x37, 0xB9, 0x7D,
    0xBF, 0x2D, 0x3A, 0xB6, 0xB9, 0x6F, 0xAA, 0x27, 0x9F, 0xF5, 0xA0, 0x02, 0xD6, 0x01, 0xF1, 0x63,
    0x3F, 0x80, 0x15, 0x95, 0x23, 0x77, 0x88, 0xEB, 0xFD, 0xD2, 0x43, 0x90, 0x5D, 0xB2, 0xC9, 0x7C,
    0x8B, 0x7D, 0x66, 0x43, 0xE2, 0x07, 0xE0, 0x53, 0x0C, 0x91, 0x9F, 0x36, 0x5C, 0xC6, 0xD5, 0xA4,
    0x78, 0x33, 0x80, 0x61, 0xAD, 0xDA, 0x0C, 0xDC, 0x72, 0x98, 0x29, 0xC1, 0x8C, 0x0E, 0x9C, 0x5C,
    0x99, 0x24, 0xFC, 0x77, 0x53, 0xFB, 0xEA, 0x29, 0x88, 0xD8, 0x94, 0xD9, 0x6B, 0x58, 0xE1, 0x05,
    0xF9, 0xAC, 0x1C, 0x39, 0xFD, 0x67, 0x6F, 0x82, 0x33, 0x77, 0x5C, 0x54, 0xE5, 0x5D, 0xDD, 0x35,
    0x6D, 0xD3, 0xD6, 0x6D, 0x5D, 0xD5, 0xEE, 0x45, 0x77, 0x88, 0xBF, 0xAF, 0x00, 0xD1, 0x6F, 0xB9,
    0x18, 0x74, 0x01, 0x9F, 0xC0, 0xA3, 0x16, 0x54, 0x77, 0xDE, 0xC5, 0xB3, 0x23, 0xAD, 0x26, 0x87,
    0xAD, 0xE5, 0x23, 0x70, 0x22, 0x3A, 0xC4, 0xA8, 0xE7, 0xB3, 0xD9, 0x7B, 0xE2, 0x6D, 0xD9, 0x87,
    0x6F, 0x31, 0x0C, 0x83, 0xF1, 0x93, 0x54, 0x3B, 0x4C, 0xB6, 0x9C, 0x07, 0xB3, 0x81, 0xD9, 0x9C,
    0xB9, 0xE8, 0x5D, 0x36, 0x72, 0xDE, 0x68, 0xFC, 0x38, 0xF6, 0x87, 0xCF, 0x3A, 0xEC, 0x9A, 0x2B,
    0x27, 0x14, 0x2F, 0xF2, 0xDD, 0x81, 0xD4, 0x18, 0x89, 0x19, 0x77, 0x73, 0x65, 0xD3, 0x07, 0x3D,
    0xF3, 0x0D, 0xF8, 0x22, 0xFC, 0x7A, 0x4E, 0x57, 0x07, 0xFC, 0x31, 0x1B, 0x59, 0x3E, 0x71, 0x7E,
    0x2C, 0xCB, 0xC5, 0xB1, 0xD1, 0x4F, 0x90, 0x2B, 0xE4, 0x24, 0xA4, 0xB3, 0xF8, 0x66, 0x5B, 0xDE,
    0xF5, 0x2D, 0xA8, 0x56, 0xA5, 0xD4, 0x14, 0x90, 0x13, 0x14, 0xEB, 0x48, 0xBD, 0xE2, 0x97, 0x3F,
    0xEF, 0x73, 0x48, 0xAA, 0xA3, 0x10, 0xD2, 0x02, 0xB8, 0x6A, 0x27, 0x13, 0x12, 0x7D, 0x97, 0x3D,
    0x12, 0xA4, 0xF2, 0xFB, 0x4D, 0x43, 0x38, 0x09, 0x0E, 0x8F, 0x3A, 0xC3, 0x02, 0x2F, 0xE1, 0xC5,
    0x4D, 0x79, 0x47, 0x99, 0xF1, 0xED, 0x0A, 0x82, 0x51, 0x1B, 0xC5, 0x2A, 0xCA, 0xF2, 0x24, 0x4A,
    0x08, 0xDB, 0xE8, 0x26, 0xD6, 0x9A, 0xB0, 0xA2, 0xA7, 0xC6, 0xBA, 0xF8, 0x38, 0xDF, 0x94, 0xDB,
    0x7A, 0x2E, 0xE7, 0x72, 0x02, 0x13, 0xAA, 0xC5, 0xA0, 0x94, 0x3B, 0xF0, 0x32, 0xC1, 0xC4, 0xA1,
    0x23, 0x57, 0xA1, 0x28, 0x73, 0xFF, 0xB6, 0x72, 0xBE, 0x5E, 0x86, 0x5D, 0x23, 0xB8, 0xF7, 0x90,
    0xB1, 0xDD, 0x47, 0x1F, 0x9B, 0x3E, 0x64, 0xEC, 0x8B, 0x04, 0x7F, 0x6A, 0x44, 0xBE, 0x4C, 0x90,
    0x52, 0xC8, 0x5D, 0xF9, 0x36, 0x24, 0x28, 0xF2, 0x31, 0x36, 0x9A, 0xCC, 0x0E, 0xFA, 0x00, 0x9E,
    0xD7, 0x03, 0x61, 0x09, 0xCE, 0xE3, 0xA9, 0x4E, 0xBE, 0x75, 0xF5, 0x48, 0xB2, 0x34, 0x82, 0x7E,
    0xF8, 0x40, 0xB8, 0x37, 0xB2, 0x81, 0x7C, 0xCD, 0x9C, 0x21, 0xDB, 0xBA, 0x12, 0xD2, 0x34, 0x71,
    0xC2, 0xC2, 0x3E, 0x1C, 0xA0, 0x5F, 0x14, 0xAB, 0xD8, 0xAF, 0x69, 0x00, 0x9A, 0x5F, 0x78, 0x29,
    0x35, 0x75, 0x3D, 0x3A, 0x11, 0x8D, 0xFF, 0x04, 0x3D, 0xEC, 0xEC, 0xE6, 0x06, 0x4A, 0xB8, 0x71,
    0x34, 0xB0, 0xA9, 0x8C, 0xEC, 0xE3, 0x79, 0xC5, 0x10, 0x4B, 0x98, 0xEA, 0x63, 0x13, 0x18, 0x3E,
    0x3E, 0x4D, 0x3A, 0xD3, 0x26, 0x94, 0xF8, 0x0A, 0xF6, 0xD8, 0xD3, 0x36, 0xC1, 0x3C, 0x77, 0x90,
    0x83, 0x02, 0x56, 0xA1, 0x7D, 0x0A, 0x9F, 0xB6, 0x6E, 0x0F, 0x00, 0x77, 0x02, 0x12, 0x7E, 0x36,
    0xD9, 0x71, 0xD4, 0x41, 0xEC, 0x83, 0x2C, 0x28, 0x49, 0xFD, 0xFB, 0x0B, 0x6B, 0xC0, 0xC1, 0x03,
    0x97, 0x57, 0xEE, 0x09, 0xB8, 0x2D, 0x3C, 0x4F, 0xDD, 0x67, 0xA6, 0xC4, 0x9B, 0x41, 0xF1, 0x23,
    0x65, 0x78, 0x28, 0xCF, 0x50, 0x71, 0xD7, 0x69, 0xF1, 0xCC, 0x8F, 0x90, 0xAA, 0xC0, 0xB7, 0xAC,
    0xEA, 0x09, 0x16, 0x05, 0x04, 0xFC, 0x2A, 0xF9, 0xE3, 0x0C, 0xE4, 0xE2, 0x22, 0x05, 0xA9, 0x21,
    0x2A, 0x1B, 0xD1, 0x70, 0xED, 0x44, 0xAD, 0x98, 0xEE, 0x28, 0x81, 0x4B, 0x94, 0x57, 0x6B, 0xC9,
    0xF3, 0x96, 0x3B, 0x04, 0x48, 0xF6, 0xC0, 0x9A, 0xC0, 0xC9, 0x36, 0x1F, 0x72, 0xD2, 0x86, 0xF3,
    0x35, 0xAF, 0xE3, 0x57, 0x34, 0xAB, 0xEE, 0xE0, 0x07, 0x86, 0xD1, 0x1F, 0x09, 0xDE, 0x12, 0x1C,
    0x25, 0xF3, 0xFD, 0x9E, 0xC6, 0x8A, 0x61, 0x85, 0xBE, 0x3C, 0x14, 0x94, 0xCD, 0x8E, 0x06, 0x06,
    0x09, 0x49, 0x07, 0xE3, 0x0A, 0x5F, 0x26, 0xC5, 0x8C, 0x08, 0x8F, 0x04, 0xEF, 0x09, 0x0E, 0x84,
    0x49, 0x4F, 0x08, 0xBB, 0xEA, 0x1F, 0xDC, 0x26, 0x41, 0x8C, 0x22, 0x7E, 0x78, 0xF2, 0xE4, 0x59,
    0x7F, 0x7A, 0x9D, 0xD4, 0x26, 0x61, 0xF6, 0x61, 0x2C, 0xF9, 0x2D, 0x68, 0x85, 0x9D, 0x97, 0xEF,
    0x0C, 0x8F, 0x4F, 0xB9, 0x4B, 0xCD, 0x18, 0x07, 0x2B, 0x9D, 0x99, 0xCD, 0x59, 0xE7, 0x27, 0x77,
    0xDC, 0x53, 0x8E, 0x74, 0x77, 0x14, 0x47, 0x90, 0xB6, 0x83, 0x50, 0x41, 0xAC, 0xE1, 0xA6, 0x73,
    0x92, 0xB8, 0x96, 0xDD, 0x07, 0x45, 0xEB, 0x99, 0x14, 0x24, 0xC1, 0x48, 0x2F, 0xBA, 0x27, 0x47,
    0x7B, 0x2B, 0x6A, 0xD3, 0x41, 0x35, 0xF4, 0xF5, 0x15, 0x25, 0x9B, 0xEC, 0x79, 0xF2, 0x58, 0x6B,
    0x46, 0x6C, 0x0A, 0x0A, 0xC4, 0x96, 0x0C, 0x20, 0x32, 0xC4, 0x2B, 0xE1, 0x3B, 0x79, 0xAF, 0x92,
    0x28, 0xEF, 0x24, 0x66, 0x45, 0x72, 0x67, 0x92, 0xF7, 0x2D, 0x38, 0x5D, 0x20, 0xBA, 0x81, 0x7A,
    0x00, 0xA7, 0xFA, 0x14, 0xB8, 0xD4, 0xEF, 0x7C, 0x1F, 0xE6, 0x6C, 0x70, 0xB0, 0x66, 0x83, 0x6B,
    0x08, 0xCA, 0x09, 0xEA, 0x84, 0x01, 0x10, 0x02, 0xC4, 0x65, 0x98, 0x0C, 0x42, 0x50, 0x77, 0xD4,
    0xB5, 0x75, 0xE2, 0xFF, 0x63, 0xA6, 0x93, 0x1A, 0xCE, 0x18, 0x45, 0xAA, 0x3C, 0x38, 0x69, 0xAA,
    0x82, 0x14, 0xAC, 0x44, 0x47, 0xD9, 0xC8, 0x49, 0x10, 0xCA, 0xF4, 0xF7, 0x37, 0xFE, 0x72, 0xA0,
    0xDD, 0x40, 0x08, 0x36, 0x2A, 0xD0, 0xE8, 0x17, 0x06, 0x96, 0x7B, 0x3C, 0x0E, 0x0C, 0x24, 0x4C,
    0x44, 0xDD, 0xF4, 0x3D, 0x9C, 0x3E, 0x72, 0x8B, 0xF1, 0x39, 0x37, 0x70, 0xF5, 0x3E, 0x03, 0x65,
    0xAA, 0xDC, 0x8F, 0xDC, 0xDE, 0xE3, 0xD3, 0x92, 0x57, 0x84, 0x31, 0x1E, 0x86, 0x68, 0x35, 0x83,
    0x3A, 0xA0, 0xB3, 0xEF, 0x60, 0x22, 0x10, 0x25, 0x41, 0x14, 0x07, 0x81, 0x82, 0xA6, 0x09, 0x62,
    0x4D, 0xA3, 0xFC, 0xBF, 0x9E, 0x3A, 0x41, 0x07, 0xED, 0x65, 0xFB, 0xC7, 0x10, 0x85, 0x61, 0xB7,
    0x6D, 0xBC, 0x2D, 0x7D, 0x9F, 0xC1, 0xE1, 0x0F, 0x25, 0xBC, 0xFD, 0x06, 0x86, 0x4C, 0x84, 0xAC,
    0x09, 0xCA, 0x0D, 0x69, 0x38, 0x80, 0xF9, 0x75, 0x0F, 0xAA, 0xFB, 0x36, 0xF5, 0xFF, 0x28, 0xCA,
    0x8D, 0x0B, 0xE5, 0x22, 0x01, 0x19, 0xA0, 0x4C, 0x62, 0x85, 0x50, 0xAA, 0xA3, 0xAB, 0xC3, 0x3C,
    0x50, 0x6F, 0x60, 0x02, 0x2B, 0xC6, 0xA7, 0x3C, 0x44, 0xB1, 0xA5, 0x78, 0x00, 0x33, 0x42, 0x46,
    0x21, 0xD4, 0xBB, 0x15, 0x3D, 0xC7, 0x2F, 0x5E, 0x15, 0x8A, 0x7F, 0x47, 0x8F, 0x3B, 0x67, 0x14,
    0xA7, 0x5E, 0xAA, 0x4A, 0xD5, 0x5D, 0x44, 0x81, 0xAE, 0x3D, 0x48, 0x84, 0x29, 0x9F, 0x4B, 0xB7,
    0x0A, 0x6A, 0x2C, 0xD4, 0xE9, 0x84, 0x89, 0x3E, 0x3E, 0xFB, 0xA0, 0xD0, 0x88, 0xF2, 0xF8, 0x8C,
    0x7A, 0x07, 0xEB, 0x72, 0x68, 0x26, 0xF8, 0xA0, 0xA9, 0xD9, 0x20, 0xAE, 0x79, 0xDF, 0xCF, 0xA3,
    0xDB, 0xC4, 0x3B, 0xA7, 0x18, 0x10, 0x57, 0x74, 0x28, 0xD1, 0x95, 0xBB, 0xF0, 0xF8, 0x88, 0xAE,
    0x0F, 0x66, 0x8C, 0x28, 0x39, 0xD3, 0x0D, 0x7A, 0x06, 0xEC, 0x1E, 0xDF, 0x34, 0x14, 0xA6, 0x73,
    0x9D, 0x92, 0x2A, 0x5A, 0xB7, 0x0B, 0xEE, 0xB1, 0xEF, 0xDE, 0xB7, 0x9B, 0x6F, 0x77, 0x5B, 0xCE,
    0x2D, 0xD8, 0x3D, 0xC1, 0xE3, 0x25, 0x49, 0xEF, 0xD6, 0x3C, 0xBC, 0xFB, 0xC0, 0xC7, 0xDE, 0xC8,
    0x49, 0xBF, 0xBD, 0xFD, 0x45, 0x17, 0xCC, 0xAF, 0xD9, 0x47, 0x72, 0x02, 0x2B, 0xEC, 0xBA, 0x8C,
    0xF8, 0x02, 0x9E, 0xC2, 0x58, 0xDA, 0x6E, 0x28, 0xC0, 0x4F, 0xA1, 0xD3, 0x19, 0x56, 0xC2, 0xAF,
    0x58, 0x3A, 0xC2, 0xB3, 0xEC, 0x76, 0xD2, 0xAC, 0x24, 0x62, 0xCD, 0xE8, 0x94, 0x12, 0x09, 0xBB,
    0x80, 0x41, 0x25, 0xB4, 0x31, 0xFF, 0x25, 0x99, 0xFD, 0x42, 0xD0, 0x29, 0xBE, 0xEA, 0x0A, 0x73,
    0xAE, 0x65, 0x9D, 0x31, 0x10, 0xC6, 0x49, 0x29, 0x44, 0x8E, 0xF1, 0x39, 0xD0, 0xC9, 0x68, 0x1B,
    0x3B, 0xD3, 0x9D, 0x78, 0x6D, 0xF3, 0xB2, 0xA5, 0x37, 0x29, 0xA7, 0xB3, 0x17, 0xED, 0x7D, 0x6C,
    0x22, 0x70, 0xE9, 0x19, 0x67, 0x8E, 0xDC, 0x8C, 0x1F, 0x43, 0x1F, 0xBD, 0x3D, 0x3E, 0x90, 0x0F,
    0x1B, 0x4D, 0x9A, 0xB8, 0x3F, 0x0B, 0x37, 0x85, 0x03, 0x22, 0xE2, 0x9B, 0xF3, 0xAD, 0x02, 0x11,
    0xF1, 0x8A, 0xBE, 0xA7, 0x2B, 0xD6, 0x79, 0x5F, 0x6C, 0x52, 0x44, 0xC6, 0x75, 0x95, 0x8D, 0x09,
    0x5A, 0x46, 0xCD, 0xC9, 0xF0, 0x22, 0x2C, 0x19, 0x42, 0xE6, 0xE1, 0x65, 0x05, 0x79, 0x68, 0x11,
    0x70, 0x66, 0xBD, 0xB5, 0x79, 0x97, 0x0C, 0xF7, 0x21, 0x41, 0x45, 0x9B, 0xF6, 0xF7, 0xF1, 0xBE,
    0x6C, 0xF3, 0xB6, 0x86, 0x14, 0x97, 0x6D, 0x53, 0x95, 0xDF, 0xF0, 0xAF, 0x33, 0x9D, 0x29, 0x5A,
    0xEF, 0x7F, 0x49, 0xD7, 0xD5, 0x17, 0x73, 0x3C, 0x57, 0x2E, 0x1D, 0x83, 0x8C, 0x49, 0x88, 0x3F,
    0x0B, 0xBC, 0xD6, 0x66, 0x3A, 0x88, 0xE7, 0x15, 0x29, 0x31, 0xF0, 0x5E, 0x3B, 0xF9, 0x5D, 0xB1,
    0xFA, 0x8A, 0xF7, 0x46, 0x87, 0xCB, 0xD7, 0x2F, 0xB0, 0xFA, 0x0B, 0x81, 0x3C, 0x7E, 0xB1, 0x76,
    0x8B, 0x04, 0x54, 0xA1, 0xB5, 0xDF, 0x35, 0xD2, 0x2E, 0xE7, 0x7E, 0x23, 0x01, 0x73, 0x48, 0xC1,
    0x44, 0x27, 0x66, 0x61, 0xC2, 0xA4, 0x93, 0x07, 0x01, 0xC5, 0x9B, 0x8D, 0x85, 0x80, 0xF5, 0x64,
    0x76, 0xAB, 0x34, 0x6D, 0xA5, 0x72, 0x2B, 0xCA, 0xCA, 0xB5, 0xC0, 0x0B, 0x66, 0xB1, 0xE9, 0x6C,
    0xB4, 0x00, 0x5B, 0x32, 0xEB, 0xF4, 0xC6, 0x5F, 0xCB, 0x8F, 0xC2, 0x48, 0x70, 0x01, 0x04, 0x75,
    0x89, 0x37, 0x66, 0xC6, 0x4B, 0x24, 0xCA, 0x0D, 0xD1, 0x3B, 0xD0, 0xBF, 0x30, 0x28, 0x60, 0x5E,
    0x61, 0xE9, 0x21, 0x76, 0x79, 0x8A, 0xF9, 0xE5, 0xEE, 0xE8, 0x8C, 0xB6, 0x1F, 0x73, 0x4B, 0x8C,
    0x76, 0xE9, 0x46, 0x65, 0x52, 0x6D, 0x29, 0xE6, 0x5D, 0x4E, 0xEE, 0x27, 0xD9, 0x27, 0xCC, 0xD3,
    0x4C, 0x6A, 0xCA, 0xD0, 0x6C, 0xCF, 0x35, 0xE1, 0xC3, 0x30, 0x72, 0xB0, 0xDF, 0x71, 0xBD, 0xF9,
    0xEE, 0xD6, 0x30, 0x9F, 0xD5, 0xDC, 0xF5, 0xE1, 0xBB, 0xF0, 0x3B, 0xAF, 0xA6, 0xA0, 0x84, 0x52,
    0x32, 0x5B, 0x36, 0xD9, 0xC3, 0x9A, 0x30, 0x24, 0xFC, 0x80, 0xB3, 0x79, 0xFF, 0x17, 0xC0, 0xEC,
    0x0A, 0x89, 0xD2, 0x71, 0x23, 0xD8, 0xD6, 0xDE, 0xE3, 0xB9, 0x07, 0x95, 0x0C, 0x3D, 0x35, 0x24,
    0xF2, 0xF3, 0x0F, 0x19, 0x68, 0x62, 0x0A, 0xA6, 0x35, 0x58, 0x1A, 0x32, 0x49, 0x44, 0x90, 0x41,
    0x8A, 0x53, 0x83, 0x62, 0x15, 0x37, 0xE4, 0xE2, 0xE7, 0xB7, 0x4A, 0x63, 0x6F, 0x39, 0xEF, 0x27,
    0x8D, 0x8D, 0xC4, 0x48, 0x84, 0x7C, 0x6F, 0x73, 0x6E, 0x64, 0x1D, 0x7E, 0xEE, 0x83, 0xAC, 0x70,
    0xCE, 0x2F, 0xDA, 0x0A, 0xCF, 0x2B, 0xD8, 0x73, 0xA3, 0x42, 0x89, 0x78, 0xD0, 0xA4, 0xC0, 0x85,
    0x1A, 0x5A, 0x33, 0x2E, 0x05, 0x7D, 0x5A, 0x39, 0x16, 0xCD, 0xF4, 0x1C, 0x9C, 0xC4, 0xE5, 0xEA,
    0xD2, 0x73, 0x77, 0x16, 0x63, 0xF3, 0xA6, 0xF8, 0xE2, 0x2D, 0x02, 0x41, 0x36, 0x67, 0x0C, 0xC2,
    0xFE, 0xA6, 0xC0, 0x69, 0xA3, 0x8E, 0x69, 0xFC, 0xE4, 0x16, 0xDA, 0xC1, 0x58, 0x0E, 0x6A, 0x93,
    0x5D, 0xBB, 0x51, 0x1B, 0x87, 0x96, 0x13, 0xEC, 0xB7, 0xEE, 0x42, 0x1B, 0xED, 0xC6, 0x2D, 0xBF,
    0xBB, 0x38, 0x5F, 0x17, 0xD6, 0x69, 0xC3, 0xBA, 0x86, 0x07, 0x6D, 0x98, 0x32, 0x5A, 0x39, 0x4F,
    0xA4, 0x65, 0x9D, 0xF1, 0x6B, 0x0E, 0xFB, 0xB1, 0x10, 0xEA, 0x06, 0xB5, 0xED, 0x32, 0xB6, 0xF4,
    0xEC, 0x5A, 0x9F, 0x76, 0xD8, 0xE3, 0x09, 0xBC, 0x15, 0xB3, 0x6A, 0xC1, 0xD8, 0x56, 0x31, 0xF8,
    0x23, 0xC1, 0x4F, 0x19, 0x7E, 0x67, 0xF0, 0x0F, 0x04, 0x9F, 0x12, 0x3C, 0x94, 0xC0, 0x4D, 0x3B,
    0x38, 0x31, 0xBE, 0x08, 0x9F, 0x4F, 0x8C, 0x2A, 0x77, 0xE3, 0xF7, 0x67, 0x70, 0x1F, 0x17, 0xFC,
    0x82, 0xE0, 0xA1, 0xE0, 0x3D, 0x62, 0x1F, 0x6F, 0xAE, 0xEC, 0x85, 0x87, 0xA6, 0x2D, 0xC4, 0xF6,
    0x33, 0xC7, 0xF6, 0x49, 0x6A, 0x09, 0x20, 0x46, 0xAE, 0x84, 0x61, 0xF4, 0x5E, 0x6C, 0xBF, 0x78,
    0x71, 0xAD, 0x4B, 0x82, 0x4F, 0x08, 0x5E, 0x5D, 0xD4, 0x23, 0xC0, 0x89, 0x59, 0xD6, 0xEE, 0xDB,
    0x27, 0xDE, 0x8B, 0xE7, 0x07, 0xC0, 0xAD, 0x59, 0x31, 0x25, 0x14, 0xF6, 0x51, 0x78, 0xFC, 0xED,
    0x5B, 0x26, 0x8B, 0x5C, 0x21, 0x86, 0x52, 0x82, 0x51, 0x14, 0x12, 0x84, 0x96, 0x34, 0x41, 0x79,
    0xA7, 0x08, 0x37, 0xED, 0xA5, 0x0E, 0x49, 0x9F, 0xC9, 0x2C, 0xF6, 0x66, 0x85, 0x8E, 0x2F, 0xA8,
    0xC3, 0xF6, 0x9C, 0x3A, 0x4C, 0x17, 0xD4, 0x21, 0x7E, 0x70, 0x72, 0x82, 0x86, 0x79, 0x46, 0xA3,
    0xB8, 0x76, 0x60, 0x78, 0x9B, 0x30, 0x2F, 0xDF, 0x6F, 0x32, 0x25, 0x1A, 0x2D, 0xD3, 0x03, 0x34,
    0x94, 0x23, 0xA6, 0x06, 0x8A, 0x88, 0x3B, 0xAA, 0x4C, 0x86, 0x3D, 0xAC, 0x82, 0xD5, 0xA8, 0xBD,
    0x94, 0x34, 0x42, 0x40, 0x0D, 0xC2, 0x47, 0xD7, 0xDD, 0x33, 0xEE, 0x06, 0xF7, 0x37, 0x70, 0x91,
    0x75, 0x4A, 0xDB, 0x58, 0x53, 0xF9, 0x89, 0xCB, 0xA2, 0x12, 0xF8, 0xB1, 0x55, 0x56, 0x1E, 0x4F,
    0xC7, 0x9B, 0x95, 0xD9, 0xEB, 0xCC, 0x27, 0x27, 0x3F, 0x7C, 0xAC, 0x4B, 0x4C, 0x7B, 0x1D, 0xEE,
    0xFE, 0x8A, 0x57, 0xC2, 0x30, 0x73, 0xA7, 0x63, 0xE2, 0x17, 0xD7, 0x64, 0xD2, 0x17, 0x5D, 0xC7,
    0xA7, 0x1B, 0x6C, 0xFD, 0xD8, 0x2D, 0xBA, 0xFF, 0xD8, 0x5F, 0x5B, 0xA1, 0x50, 0x2F, 0x61, 0xD0,
    0x25, 0xD2, 0xBD, 0xA0, 0x54, 0x1D, 0x48, 0xC0, 0x64, 0xE5, 0x24, 0x13, 0xBF, 0x3F, 0xA0, 0x48,
    0x68, 0x0A, 0x09, 0x95, 0x85, 0xB5, 0x08, 0xB4, 0x3E, 0xA1, 0x98, 0x71, 0xDD, 0x30, 0x68, 0xC5,
    0x88, 0xFA, 0xDD, 0xD1, 0x59, 0x81, 0xCD, 0x3D, 0x13, 0x88, 0x05, 0xE1, 0x79, 0x46, 0x74, 0x4C,
    0x19, 0x28, 0xA4, 0xAA, 0xB4, 0x82, 0x74, 0x66, 0x33, 0xE9, 0x92, 0xE9, 0xDB, 0x9A, 0xCA, 0x3A,
    0x91, 0x44, 0x1A, 0x9D, 0xD5, 0x10, 0x3A, 0x79, 0x1B, 0x3A, 0x96, 0xAC, 0xA0, 0x33, 0x85, 0x4E,
    0x32, 0x84, 0x8E, 0x55, 0x73, 0xD0, 0x29, 0x43, 0x24, 0x30, 0x59, 0x08, 0xC0, 0x18, 0x69, 0x5C,
    0x3A, 0xCB, 0xAF, 0x1A, 0xBF, 0x0C, 0xF6, 0x61, 0xE6, 0xCC, 0x87, 0xB5, 0x12, 0xA3, 0x76, 0x03,
    0x0F, 0x39, 0x87, 0xB5, 0x6A, 0x71, 0xBE, 0xA1, 0x0B, 0xEC, 0xAC, 0x63, 0x85, 0x14, 0x4C, 0x97,
    0x48, 0xEF, 0xA8, 0x75, 0x14, 0x8F, 0x2B, 0x66, 0x3A, 0x37, 0xDA, 0x29, 0x6D, 0x93, 0xAA, 0x4B,
    0x78, 0x7C, 0x2C, 0x10, 0x81, 0x5F, 0x6C, 0x2C, 0x7E, 0x3B, 0xDE, 0xD7, 0xDA, 0xE9, 0xF7, 0xDF,
    0x24, 0x41, 0x5D, 0x83, 0xBC, 0x5B, 0x63, 0x76, 0x4F, 0xD5, 0xE3, 0x99, 0xE5, 0x46, 0x59, 0x56,
    0xCB, 0x21, 0xD1, 0x7C, 0x2C, 0xA4, 0xDA, 0x37, 0x2C, 0x38, 0xFB, 0x2B, 0xA6, 0x4C, 0xB6, 0x99,
    0x2A, 0xF2, 0x96, 0xDE, 0x6E, 0x42, 0x29, 0x42, 0xCE, 0x56, 0x20, 0xB7, 0x4A, 0x44, 0x17, 0xFC,
    0xB0, 0xE8, 0x5C, 0xEE, 0x7A, 0x8D, 0xF5, 0x42, 0x20, 0xED, 0x9E, 0x68, 0x54, 0x84, 0xC1, 0x04,
    0x4F, 0x40, 0xDE, 0x92, 0x37, 0xD8, 0xFB, 0x63, 0x18, 0xAC, 0xE4, 0x35, 0xF5, 0x30, 0x57, 0xFA,
    0x4D, 0xF6, 0xAE, 0x32, 0x61, 0x49, 0xD9, 0xFB, 0x32, 0x0C, 0xD8, 0x55, 0xD5, 0x38, 0xBE, 0x8C,
    0x50, 0xEC, 0x50, 0xBD, 0x23, 0x78, 0xC7, 0x5B, 0xD6, 0x73, 0x7E, 0x1C, 0x43, 0xAF, 0x99, 0x86,
    0xD0, 0x43, 0xC2, 0xB8, 0xEB, 0x29, 0xE9, 0x41, 0x9C, 0xA7, 0x44, 0xAE, 0x0D, 0x11, 0x9F, 0x7A,
    0x2F, 0x33, 0xBF, 0x93, 0x41, 0x98, 0x19, 0xC1, 0xAA, 0xF0, 0xEE, 0x55, 0xD6, 0x55, 0xD1, 0xF9,
    0x4D, 0xC7, 0x12, 0xD5, 0x8C, 0x5C, 0x7B, 0x76, 0x3F, 0x4A, 0xCC, 0x26, 0x91, 0x3A, 0x7C, 0x7C,
    0x49, 0x14, 0xBA, 0x7E, 0xB9, 0x6A, 0xCC, 0xA8, 0x50, 0x2A, 0xE6, 0x60, 0xB2, 0xB5, 0xBB, 0x4C,
    0x44, 0xE8, 0x2C, 0x79, 0x56, 0x3E, 0x9B, 0x84, 0x12, 0x54, 0xE8, 0x78, 0xEB, 0x1C, 0x31, 0xDC,
    0x54, 0xA7, 0x54, 0xC1, 0x04, 0x1D, 0x26, 0x10, 0xEA, 0xAC, 0x54, 0xE8, 0x51, 0x5D, 0xC5, 0xAF,
    0xD5, 0x61, 0x85, 0xC3, 0x3A, 0x05, 0x0C, 0x96, 0x3A, 0xA9, 0x9F, 0x12, 0xED, 0x14, 0xF2, 0x69,
    0x1D, 0x20, 0xF0, 0x8A, 0x75, 0x4A, 0xFF, 0x6B, 0xEB, 0x64, 0xDE, 0x76, 0x1E, 0x0E, 0x30, 0x5E,
    0x70, 0x21, 0xD1, 0xBE, 0x2F, 0x81, 0x0D, 0x1D, 0x31, 0x73, 0x76, 0x66, 0x23, 0x23, 0x32, 0x8B,
    0x79, 0x95, 0x8A, 0x73, 0x8C, 0x9C, 0x0A, 0x09, 0x40, 0xBE, 0x94, 0x64, 0x62, 0xAA, 0x55, 0x74,
    0xF7, 0xCE, 0xA2, 0x78, 0x9D, 0x7E, 0xF8, 0x0F, 0x92, 0x3F, 0xD6, 0x02, 0x55, 0xAE, 0xEA, 0x15,
    0x3D, 0xAB, 0x22, 0x85, 0x69, 0x2C, 0x9F, 0xDC, 0x5A, 0xC4, 0x5D, 0x7A, 0x8B, 0xC4, 0x21, 0x29,
    0xB2, 0x39, 0x08, 0x4C, 0xEB, 0xAD, 0x61, 0xD1, 0xA8, 0x0E, 0xE6, 0xBB, 0xD0, 0xF6, 0x9A, 0x33,
    0xDD, 0x6B, 0xB7, 0xE7, 0xDA, 0x4E, 0x31, 0x21, 0xF8, 0x5D, 0x9B, 0xAC, 0xCA, 0xFF, 0x11, 0x81,
    0x20, 0x84, 0x41, 0x4A, 0x99, 0xD3, 0x77, 0x4A, 0xD7, 0x15, 0xC9, 0xD3, 0x26, 0x49, 0x2A, 0x25,
    0xB7, 0xAA, 0xFE, 0x00, 0xC1, 0xB7, 0x2C, 0x6B, 0xA8, 0x83, 0x2B, 0x88, 0x4E, 0x8E, 0x65, 0xDE,
    0x3E, 0xF3, 0x83, 0x10, 0xB5, 0x6F, 0xA5, 0x0C, 0xFF, 0x14, 0x9C, 0x88, 0x0A, 0x16, 0xBB, 0xC8,
    0xBC, 0xB0, 0x88, 0x2C, 0xB7, 0x26, 0x5B, 0x9A, 0xEA, 0x5C, 0xB3, 0xFF, 0x5D, 0x6E, 0xA1, 0x48,
    0x71, 0x3E, 0xB0, 0x97, 0x73, 0xFD, 0x17, 0x91, 0x6F, 0x12, 0xED, 0xFD, 0x74, 0xF9, 0x11, 0x95,
    0x7F, 0xEB, 0x76, 0x31, 0x0A, 0xB7, 0xB2, 0x1F, 0xA4, 0xEC, 0x58, 0xB6, 0xF0, 0x0C, 0x9B, 0x3E,
    0xB1, 0x11, 0xE0, 0x5A, 0x6E, 0x39, 0x90, 0xB1, 0x6D, 0xC7, 0x37, 0xAB, 0x6C, 0x51, 0xB4, 0x17,
    0xCE, 0xED, 0x58, 0xE7, 0x16, 0xDE, 0xB9, 0x85, 0x79, 0x6E, 0xE1, 0xDE, 0xD2, 0xE9, 0xDD, 0xC2,
    0xB7, 0xBD, 0xCE, 0xF6, 0x7C, 0xA7, 0x73, 0x0B, 0x0F, 0x5D, 0x13, 0x98, 0xE8, 0x16, 0x2E, 0x2E,
    0xB6, 0xC4, 0x96, 0x11, 0xD1, 0x16, 0x46, 0x9E, 0x71, 0xD2, 0xDC, 0x69, 0xE7, 0xCE, 0x78, 0x09,
    0xA4, 0x1F, 0x18, 0x33, 0x55, 0x0E, 0xB4, 0x34, 0x75, 0xE9, 0x58, 0x69, 0xCD, 0xC2, 0xB5, 0x40,
    0x9D, 0x95, 0x0F, 0x09, 0x67, 0x14, 0xE8, 0xE2, 0xAC, 0x50, 0x1A, 0x92, 0xF1, 0x10, 0x19, 0x84,
    0x70, 0xC9, 0xB2, 0x1E, 0x1B, 0xDE, 0x2C, 0xA3, 0xA2, 0x1B, 0xCA, 0xEF, 0x96, 0xB2, 0xC5, 0xD6,
    0x26, 0x55, 0xB6, 0x01, 0xF4, 0x94, 0x36, 0xEE, 0x07, 0xFD, 0x75, 0x68, 0x45, 0xC1, 0x87, 0xB5,
    0xCB, 0xB8, 0x4D, 0xF8, 0xDD, 0x10, 0xE6, 0x11, 0x8B, 0xE6, 0x9B, 0x9B, 0x80, 0xCF, 0x60, 0x9C,
    0x6F, 0x42, 0x8C, 0x9A, 0xCF, 0xD6, 0x86, 0xB4, 0x76, 0x5A, 0x85, 0xF5, 0xC5, 0x51, 0xCD, 0x13,
    0xE6, 0x6B, 0x96, 0x75, 0x42, 0xA6, 0x93, 0x05, 0xA1, 0xB6, 0x6A, 0xBC, 0xFC, 0xDD, 0x5B, 0x92,
    0x21, 0xAC, 0x21, 0x21, 0x2A, 0xC2, 0xD6, 0x63, 0xE6, 0x48, 0x37, 0xDF, 0x94, 0x55, 0x01, 0xE3,
    0xDE, 0x6A, 0x86, 0x98, 0xD5, 0x85, 0x15, 0x8C, 0xD5, 0x98, 0x61, 0x52, 0x81, 0x0D, 0xD7, 0x7F,
    0x3E, 0x78, 0x8A, 0x21, 0x9C, 0xBF, 0xA6, 0x32, 0x76, 0x74, 0x90, 0xAA, 0xC3, 0x1B, 0x63, 0x78,
    0x78, 0xC4, 0xF7, 0x63, 0x60, 0x46, 0xE2, 0xA7, 0xA7, 0xE9, 0x82, 0x0F, 0x19, 0x87, 0x1C, 0x91,
    0xCF, 0xA5, 0xC0, 0x1A, 0x02, 0x5A, 0x76, 0x2C, 0x93, 0x8E, 0x88, 0xA9, 0x33, 0x28, 0xE1, 0x3A,
    0x92, 0xAF, 0x3D, 0x38, 0x39, 0xAB, 0x79, 0x25, 0xA6, 0xB6, 0xED, 0xEA, 0x4D, 0xA9, 0x40, 0x6B,
    0xA9, 0x1C, 0x63, 0x61, 0x3D, 0xD6, 0x59, 0x1F, 0xAB, 0xE8, 0x5E, 0xA8, 0xD2, 0x9C, 0x55, 0x47,
    0xAA, 0x3B, 0x67, 0xEE, 0x69, 0xB5, 0xAB, 0x5D, 0x1D, 0xFA, 0xFF, 0xBF, 0x8D, 0x43, 0x1B, 0xA2,
    0x15, 0x77, 0xD3, 0x64, 0x30, 0xDA, 0x3B, 0x4D, 0xB0, 0x82, 0x42, 0xE5, 0x2E, 0x47, 0xD7, 0x1B,
    0x32, 0xAA, 0xF6, 0x9B, 0x9C, 0x4E, 0x16, 0xEA, 0x91, 0x58, 0x0A, 0x19, 0xEA, 0xE9, 0x3C, 0x28,
    0x1C, 0x55, 0x98, 0xB1, 0xF6, 0xDE, 0xEF, 0xB8, 0x9D, 0xCC, 0x6C, 0x38, 0xB3, 0x68, 0x2E, 0x1A,
    0xCD, 0x26, 0x31, 0x92, 0xA3, 0x8D, 0x5E, 0xF5, 0xE6, 0x75, 0x72, 0x05, 0x0F, 0xA7, 0x91, 0x99,
    0x5E, 0xD3, 0x18, 0xEE, 0x6F, 0x0C, 0x79, 0x94, 0xE9, 0x9C, 0x52, 0xF3, 0xCB, 0x8C, 0x8D, 0xE1,
    0x6E, 0x59, 0x46, 0xC2, 0xD0, 0x5E, 0xDF, 0xC2, 0x66, 0x68, 0x9F, 0xD9, 0x68, 0xE9, 0x39, 0x7D,
    0x2E, 0x27, 0x61, 0xA0, 0x48, 0x33, 0x62, 0xC7, 0x88, 0x8E, 0xC7, 0x33, 0xAA, 0x6D, 0x14, 0xC1,
    0x42, 0x5D, 0x0B, 0xED, 0xAD, 0x70, 0x32, 0xB4, 0x71, 0x66, 0x49, 0xC2, 0x01, 0x44, 0x6C, 0x1A,
    0xA5, 0x6B, 0x0C, 0x14, 0x44, 0x2B, 0x7C, 0x97, 0xDB, 0x6C, 0x6D, 0xAA, 0x9D, 0x05, 0x03, 0x60,
    0x45, 0xF0, 0xCC, 0xBF, 0x10, 0x6C, 0xC4, 0x74, 0x8E, 0x5F, 0xF1, 0x8E, 0x9F, 0xC1, 0x63, 0xEE,
    0x4C, 0x4F, 0x68, 0x43, 0xD9, 0x35, 0xD4, 0xD2, 0x9D, 0xFB, 0x43, 0xE3, 0xE7, 0xE5, 0x67, 0xDC,
    0xE5, 0x4B, 0x97, 0xBE, 0xF6, 0xB5, 0xEB, 0x26, 0xB1, 0x6F, 0xFB, 0xD7, 0xC8, 0xD5, 0x2D, 0x94,
    0x6F, 0x35, 0x47, 0x3C, 0x19, 0x80, 0x26, 0x4F, 0xB1, 0x4E, 0xDF, 0x65, 0x4C, 0x80, 0xA5, 0x65,
    0x12, 0xCD, 0x16, 0xEE, 0x7F, 0x14, 0x85, 0x4B, 0x9F, 0x56, 0xB1, 0x02, 0x10, 0xA1, 0xCB, 0x8D,
    0x40, 0x13, 0x33, 0xFF, 0xCF, 0x2A, 0x44, 0xAA, 0x14, 0x3C, 0xE9, 0x16, 0x02, 0x76, 0xCF, 0x83,
    0xF6, 0xCC, 0x08, 0x40, 0x1A, 0x14, 0x46, 0x03, 0xF2, 0xF1, 0xC8, 0xED, 0x0C, 0xD6, 0xAD, 0x10,
    0x27, 0xE3, 0xF9, 0xE3, 0x90, 0xA7, 0x82, 0xF8, 0x43, 0xA8, 0xD3, 0x79, 0x6F, 0x87, 0x46, 0x99,
    0xFF, 0xAE, 0xF7, 0xDF, 0xB3, 0x63, 0x02, 0xFF, 0xCA, 0xAB, 0xFE, 0x67, 0xAD, 0x19, 0xD6, 0xFF,
    0xFC, 0x9E, 0x7F, 0xA3, 0x0A, 0xF6, 0x37, 0x5E, 0xCC, 0x26, 0x8C, 0x49, 0x88, 0x8D, 0x77, 0x46,
    0x51, 0xD7, 0x01, 0xCC, 0xDE, 0x59, 0xEA, 0x51, 0x2E, 0x46, 0xBA, 0x77, 0x79, 0xE8, 0xF2, 0xCC,
    0x3F, 0x98, 0x67, 0x6C, 0x60, 0x15, 0x68, 0x99, 0xF0, 0xCE, 0x0A, 0x13, 0xA8, 0x0A, 0xF1, 0xF8,
    0x25, 0x24, 0x22, 0xD4, 0x77, 0xC4, 0x01, 0xB2, 0x62, 0xA7, 0x96, 0xB1, 0x96, 0x16, 0xDE, 0x85,
    0x93, 0x09, 0xF3, 0x44, 0x83, 0x1D, 0xAD, 0x52, 0x8A, 0xEC, 0x1C, 0x04, 0x58, 0xE5, 0x95, 0xF9,
    0x8C, 0xEA, 0x5A, 0x70, 0x02, 0xED, 0x26, 0x30, 0xFA, 0x57, 0xC3, 0xE2, 0x29, 0xDA, 0xC0, 0xE2,
    0x50, 0x9B, 0x74, 0xBB, 0x4E, 0x73, 0xE6, 0x60, 0x16, 0xB6, 0x87, 0xDC, 0x24, 0xF9, 0xAF, 0xB0,
    0xC7, 0xB4, 0x0D, 0x24, 0xC8, 0x5D, 0x6D, 0x3F, 0xBB, 0x16, 0x52, 0x29, 0x37, 0x99, 0xAD, 0xB4,
    0xAA, 0xE3, 0xC6, 0xCE, 0x7C, 0x63, 0x51, 0xA9, 0xB0, 0xBA, 0xA2, 0x49, 0x0F, 0xD7, 0x4F, 0xAD,
    0x2E, 0xA7, 0x44, 0x44, 0xEE, 0xC6, 0xCE, 0x7F, 0x99, 0x88, 0x7C, 0xDA, 0x45, 0xD5, 0x25, 0xBC,
    0xA5, 0xA5, 0xA0, 0x3D, 0xE0, 0x69, 0x5A, 0xBC, 0x1C, 0x84, 0x21, 0x8D, 0x93, 0xAE, 0x94, 0xC1,
    0xA3, 0xBF, 0x1C, 0x1C, 0xFA, 0x64, 0x47, 0x8C, 0x91, 0x55, 0xCF, 0x5B, 0x1D, 0xF9, 0xC0, 0x65,
    0x88, 0x2A, 0x30, 0x49, 0x59, 0x60, 0xD4, 0x55, 0xA3, 0xC9, 0xF6, 0x30, 0xE8, 0xC0, 0x42, 0x9A,
    0x21, 0xE8, 0x40, 0x1F, 0x74, 0x60, 0x69, 0xBB, 0xDF, 0xAA, 0x5D, 0x85, 0xDF, 0x2F, 0xF3, 0x32,
    0x0A, 0x37, 0xF1, 0xB1, 0x01, 0x96, 0x9D, 0x84, 0x1B, 0x34, 0xE9, 0x9B, 0xD2, 0x1B, 0xB3, 0xF4,
    0x2E, 0x0B, 0xCD, 0xA8, 0x93, 0xE0, 0xAC, 0x15, 0x21, 0x0B, 0x9B, 0xEA, 0xC8, 0xA9, 0x30, 0xFF,
    0xF4, 0xAE, 0x98, 0x1C, 0x92, 0x44, 0x93, 0xC3, 0xC4, 0xF8, 0x93, 0xDA, 0x9A, 0x99, 0xA1, 0x10,
    0xB2, 0xC7, 0xC0, 0x28, 0x63, 0x5C, 0x6C, 0x03, 0x57, 0xB6, 0xF9, 0x80, 0xA3, 0x25, 0x8E, 0xCB,
    0x78, 0x0E, 0x5C, 0x55, 0xCA, 0x2F, 0x33, 0x9B, 0x38, 0xB7, 0x8C, 0xF2, 0x45, 0x56, 0x6B, 0xDC,
    0x6A, 0xBB, 0x24, 0x5C, 0xA1, 0x09, 0x0F, 0x04, 0x0F, 0xB5, 0x1F, 0x9B, 0xF9, 0x18, 0x5C, 0xFE,
    0x9D, 0x3F, 0xE7, 0xAA, 0xF6, 0xC3, 0xE7, 0x6E, 0x5C, 0xBF, 0xB5, 0xBB, 0x48, 0xA0, 0xD4, 0x5B,
    0x97, 0x0B, 0x94, 0x6A, 0xEB, 0xC2, 0x81, 0xF4, 0x43, 0x27, 0xDD, 0x96, 0x90, 0x4F, 0x8F, 0x34,
    0xFA, 0xDE, 0xEE, 0x42, 0xC3, 0x85, 0xD1, 0xBA, 0x24, 0xF1, 0x21, 0xA3, 0x3F, 0x89, 0x88, 0x0A,
    0xF9, 0xD5, 0xF0, 0x79, 0x5A, 0xA8, 0xDF, 0xF9, 0x13, 0xAB, 0x80, 0x1E, 0x97, 0x6F, 0x2C, 0x07,
    0x71, 0x5F, 0x5D, 0xD0, 0x92, 0xCD, 0x50, 0x48, 0x99, 0xBD, 0x41, 0x87, 0xF5, 0x3D, 0x1A, 0x56,
    0x62, 0x7D, 0x8F, 0xFE, 0x74, 0x03, 0x84, 0xB1, 0x8F, 0xA2, 0x82, 0xA6, 0x64, 0x6D, 0xCE, 0xAB,
    0x6E, 0x25, 0x3D, 0x1E, 0xF7, 0x72, 0xEF, 0x5B, 0xBC, 0x9D, 0x51, 0x5B, 0x35, 0x39, 0x04, 0x20,
    0xD6, 0xB8, 0xCF, 0xB9, 0x66, 0x5D, 0xB7, 0x45, 0x9F, 0x0D, 0xC9, 0x06, 0xD3, 0x1C, 0xB1, 0x06,
    0x19, 0x0E, 0xDE, 0x18, 0x22, 0x3D, 0x60, 0x50, 0xD2, 0xF2, 0x7C, 0xB3, 0xAD, 0x47, 0x0E, 0x1D,
    0xDD, 0xF3, 0x3A, 0x92, 0x33, 0xA0, 0x42, 0xA2, 0x45, 0x4D, 0x18, 0xA7, 0x73, 0xD0, 0x9E, 0xA7,
    0xCA, 0x3C, 0x91, 0xF7, 0xEC, 0xF9, 0x77, 0xFC, 0xE6, 0xB8, 0x86, 0xF3, 0x68, 0x8B, 0x39, 0x85,
    0xF6, 0xDF, 0x8E, 0xEE, 0x84, 0x93, 0x50, 0x57, 0xAC, 0x95, 0x1B, 0x54, 0x3B, 0xA9, 0xB6, 0x82,
    0x7C, 0x1A, 0x62, 0xE6, 0x87, 0xC3, 0xE4, 0x1C, 0xFC, 0x73, 0x15, 0x16, 0x79, 0xC6, 0x9A, 0xF8,
    0x53, 0x39, 0xE1, 0x0A, 0xF9, 0x4D, 0xC2, 0xE3, 0xAF, 0x36, 0x61, 0x87, 0x30, 0xF6, 0xFD, 0x0E,
    0x46, 0x0F, 0x81, 0x9D, 0xBE, 0xC5, 0xC8, 0xB5, 0x9E, 0xE8, 0xD0, 0x6C, 0x64, 0xBC, 0xFF, 0xB6,
    0xBD, 0x89, 0xF4, 0xFB, 0x6D, 0x7A, 0xF8, 0xC8, 0xBC, 0x7F, 0xAA, 0xD3, 0xB5, 0x31, 0x39, 0xAD,
    0xA7, 0xAC, 0x5F, 0x4D, 0x30, 0x86, 0x63, 0xD9, 0x06, 0x5B, 0x78, 0xF1, 0x65, 0x97, 0xBF, 0x3E,
    0x8E, 0x74, 0xE4, 0x85, 0xF2, 0xEC, 0x62, 0x57, 0xAB, 0xF3, 0x83, 0xCF, 0xDF, 0x0E, 0x26, 0x92,
    0x6C, 0xBD, 0x17, 0x7C, 0xDA, 0x4E, 0xF3, 0x2D, 0x82, 0x2E, 0x3F, 0x22, 0x4C, 0x3D, 0xB3, 0x8B,
    0xC6, 0xCB, 0xB0, 0xF2, 0x94, 0x84, 0x77, 0x2C, 0x74, 0xBB, 0x06, 0x89, 0x1C, 0x52, 0x12, 0x40,
    0x9D, 0x4F, 0x93, 0x59, 0x1F, 0x04, 0x35, 0xBE, 0x56, 0xFA, 0x57, 0xEA, 0x52, 0x4D, 0xEE, 0x5F,
    0xF7, 0xDB, 0xE3, 0x15, 0x5D, 0x3F, 0x62, 0xEF, 0xB9, 0x38, 0x85, 0x26, 0xDC, 0xFE, 0x92, 0x58,
    0xB1, 0xB6, 0x52, 0x42, 0x34, 0xC7, 0x5B, 0x07, 0xB9, 0x91, 0x99, 0xF3, 0x55, 0xFE, 0xE0, 0x44,
    0x46, 0x1E, 0x89, 0xF4, 0xE9, 0x8D, 0x1B, 0xA1, 0x64, 0x77, 0x06, 0x46, 0x43, 0x38, 0x62, 0x62,
    0x9A, 0x81, 0x51, 0x0F, 0x58, 0xF3, 0xB0, 0xAB, 0x89, 0xA3, 0x5D, 0x99, 0x70, 0x07, 0x2F, 0x89,
    0x2E, 0x7F, 0x53, 0x05, 0x93, 0xEE, 0xE1, 0x19, 0x92, 0x21, 0x99, 0x5D, 0xD6, 0xBB, 0x99, 0xBE,
    0xE7, 0x90, 0x7E, 0x23, 0x84, 0x2E, 0x7B, 0xD7, 0x64, 0x16, 0x90, 0xF8, 0xFF, 0xB9, 0x63, 0xD5,
    0x70, 0x25, 0x0A, 0xAB, 0xF3, 0xDF, 0x3E, 0x12, 0x50, 0xCE, 0xC9, 0xE3, 0x33, 0xCE, 0x77, 0xFE,
    0x2C, 0x9B, 0x15, 0x19, 0x3B, 0x10, 0x6D, 0x63, 0xCF, 0x54, 0x2E, 0x9D, 0xB0, 0x87, 0x4A, 0x57,
    0x0B, 0x48, 0x77, 0x83, 0xC0, 0x31, 0xC0, 0x89, 0xA8, 0xF2, 0x5B, 0x44, 0xC4, 0xDB, 0x48, 0x35,
    0xF1, 0x6F, 0x4C, 0xBB, 0xDC, 0xEF, 0x5D, 0xCE, 0x9E, 0xCA, 0xC8, 0xE7, 0xA7, 0x21, 0xE0, 0x7C,
    0xCB, 0xF2, 0xBA, 0x5E, 0xCE, 0x44, 0xB1, 0x83, 0xF7, 0x01, 0x66, 0x1D, 0x12, 0x3D, 0x1E, 0xF3,
    0x41, 0x49, 0x1B, 0x1D, 0x78, 0x02, 0xAE, 0x26, 0xDE, 0xCF, 0xC9, 0xA8, 0x79, 0xA4, 0x52, 0x79,
    0x1A, 0xE9, 0x8A, 0x89, 0x1C, 0x43, 0xB3, 0x57, 0x4C, 0xB6, 0x43, 0xF9, 0xA2, 0x0D, 0x99, 0xED,
    0xE2, 0x26, 0xD2, 0x70, 0x51, 0xE0, 0x11, 0xA0, 0xEE, 0xA9, 0xBC, 0x2A, 0x99, 0xD3, 0x35, 0x20,
    0x3F, 0x37, 0xD4, 0x1B, 0xDE, 0x1A, 0x51, 0xA9, 0x9F, 0xCA, 0xB7, 0xFA, 0x6D, 0x21, 0x5C, 0x53,
    0xC1, 0x0B, 0xB7, 0x53, 0xB3, 0x7F, 0x2C, 0x1F, 0x14, 0xBA, 0xD7, 0xB3, 0xE3, 0x61, 0xF7, 0x67,
    0xED, 0x8B, 0x63, 0x90, 0x2F, 0xE6, 0x2D, 0xDD, 0x2E, 0xE7, 0x00, 0x30, 0xE5, 0x43, 0x9E, 0x88,
    0x59, 0xCA, 0x25, 0xCB, 0x66, 0x4C, 0x57, 0x6F, 0x42, 0xE8, 0x07, 0xBD, 0x81, 0xAC, 0x1E, 0x18,
    0xBB, 0x3F, 0xCB, 0x0A, 0x5C, 0x8D, 0xBC, 0x75, 0x62, 0xD0, 0x52, 0x9B, 0x3E, 0x7D, 0xE8, 0x73,
    0xD4, 0x73, 0xE0, 0xAD, 0x0E, 0x3C, 0x79, 0xCB, 0xB2, 0x23, 0xFB, 0x61, 0x63, 0x54, 0xE6, 0x2C,
    0x7B, 0x9E, 0xD4, 0x07, 0x46, 0xE4, 0x8F, 0x81, 0x11, 0x4F, 0xFE, 0x70, 0xD0, 0x49, 0x4B, 0xC7,
    0x83, 0x16, 0xB2, 0xA3, 0xCD, 0x75, 0xCC, 0x72, 0xA4, 0x6F, 0x79, 0xEE, 0xA9, 0x22, 0x5C, 0xE2,
    0x5F, 0xEB, 0x9C, 0x5D, 0xF7, 0x22, 0x54, 0x7A, 0xFB, 0x9A, 0x0E, 0x6B, 0x7E, 0x06, 0xF9, 0xC3,
    0x18, 0x3B, 0x9C, 0xB1, 0xB3, 0x99, 0x9A, 0xA5, 0xA9, 0x56, 0x57, 0x39, 0xC0, 0x05, 0x32, 0x62,
    0x2F, 0x36, 0xA8, 0x80, 0xB6, 0x6A, 0x5B, 0x84, 0xC9, 0xE3, 0x78, 0xE6, 0xF4, 0x78, 0x36, 0xFF,
    0x22, 0xAA, 0x57, 0x20, 0x60, 0x07, 0xE0, 0xD0, 0x01, 0xD0, 0x1B, 0x0B, 0x1D, 0x60, 0xBD, 0x4D,
    0x2C, 0x58, 0x0E, 0x85, 0xA4, 0xBD, 0x2B, 0x3C, 0xBB, 0xC2, 0x57, 0x0D, 0xEF, 0xA1, 0x21, 0x8D,
    0x20, 0xED, 0x1F, 0x7B, 0x27, 0x59, 0x3A, 0x29, 0x13, 0xBD, 0x75, 0xC3, 0xF3, 0x19, 0x20, 0xF1,
    0xEB, 0x5D, 0xF5, 0xE6, 0x0C, 0x67, 0x20, 0xDC, 0x0B, 0xDB, 0x49, 0xA8, 0x7A, 0xC3, 0xD3, 0x34,
    0x82, 0xEE, 0x65, 0xC5, 0x63, 0x08, 0x3A, 0x99, 0x47, 0x85, 0x22, 0xD1, 0x1A, 0x31, 0x5B, 0x4E,
    0x09, 0x9F, 0xEA, 0xF3, 0x45, 0x34, 0x15, 0xA0, 0x58, 0xFA, 0x4D, 0xB6, 0xD0, 0x9B, 0x6C, 0x03,
    0x77, 0x56, 0xF0, 0xB8, 0x1B, 0x02, 0xD8, 0x8C, 0xBA, 0xDA, 0xE5, 0xDF, 0x17, 0x50, 0x52, 0x29,
    0xD5, 0xBC, 0x04, 0x75, 0xE1, 0xBA, 0xD7, 0xB8, 0x7F, 0xDD, 0x0B, 0xF9, 0xCD, 0xCD, 0x63, 0xEC,
    0xED, 0xFB, 0x0A, 0x13, 0x61, 0x58, 0x61, 0xA1, 0x4E, 0x6F, 0xAA, 0x88, 0xBD, 0x0A, 0xFA, 0x06,
    0x85, 0x6C, 0x23, 0xE6, 0x6D, 0x10, 0xF4, 0xF7, 0x83, 0xBD, 0x60, 0xD0, 0xCF, 0x84, 0xF2, 0xCA,
    0x54, 0x2F, 0xE5, 0xF1, 0xE1, 0xB6, 0x1E, 0x65, 0x47, 0x28, 0x82, 0xAF, 0x6E, 0x1E, 0x51, 0x01,
    0x64, 0x31, 0x4F, 0x15, 0x45, 0xEC, 0xDD, 0xFE, 0x8E, 0xFD, 0x9C, 0xCA, 0x94, 0xB2, 0xC2, 0xD9,
    0x8A, 0x13, 0xCC, 0x10, 0xD3, 0x59, 0x75, 0x58, 0x95, 0x7E, 0x0B, 0x96, 0x98, 0xE8, 0x91, 0x3E,
    0x08, 0x2E, 0x17, 0xB0, 0x52, 0x46, 0xF4, 0x6B, 0x15, 0xEC, 0xDF, 0xA9, 0xBD, 0xAA, 0x03, 0xAA,
    0x1B, 0x7D, 0x93, 0x42, 0x7A, 0x27, 0xB5, 0xCB, 0x54, 0x1F, 0x01, 0x66, 0xEF, 0x81, 0x4A, 0xD0,
    0x62, 0xF9, 0xC0, 0xB5, 0xB2, 0xB2, 0x66, 0x7D, 0x40, 0x75, 0xCC, 0x91, 0x70, 0xAB, 0x6C, 0x04,
    0x62, 0x8D, 0xB5, 0x5D, 0x0F, 0x7A, 0x74, 0x0F, 0xA6, 0x22, 0xDA, 0x99, 0xB1, 0xB3, 0x2C, 0xE6,
    0x14, 0xCE, 0x03, 0xCA, 0xDD, 0x17, 0x55, 0xD9, 0x66, 0xEB, 0xB2, 0x4B, 0xD7, 0xE5, 0x18, 0xE9,
    0xD8, 0xAD, 0xD4, 0xD5, 0x89, 0xC9, 0x8A, 0x90, 0x5E, 0xF7, 0x89, 0xDA, 0x21, 0x66, 0xE6, 0xE9,
    0x5B, 0x98, 0xC7, 0xB6, 0x81, 0x21, 0x6B, 0x5E, 0x27, 0x45, 0x36, 0x76, 0x8D, 0x36, 0x0E, 0x37,
    0xAA, 0x1A, 0xBB, 0x68, 0x96, 0xFB, 0x93, 0xDB, 0x4C, 0xF7, 0x1A, 0x9D, 0x95, 0xAF, 0xB5, 0xE9,
    0x0F, 0x7B, 0x31, 0xB2, 0x5B, 0x89, 0xF7, 0xEF, 0xFC, 0x98, 0x17, 0x2B, 0x75, 0x52, 0xF3, 0xC9,
    0x3B, 0x0B, 0xB6, 0x37, 0xDB, 0x67, 0xEF, 0x56, 0x25, 0x28, 0xC2, 0xF4, 0xF2, 0x3B, 0xBC, 0x35,
    0x2B, 0x3E, 0x48, 0x29, 0x1E, 0x0D, 0x9A, 0x6F, 0x12, 0x84, 0x2A, 0x99, 0x3F, 0x45, 0xDC, 0xC2,
    0xC2, 0x86, 0xAB, 0xE7, 0x4C, 0xF1, 0xCD, 0x13, 0x95, 0xBB, 0x7F, 0xB2, 0xB9, 0x76, 0x97, 0x35,
    0xAC, 0x92, 0x3C, 0xEF, 0xD2, 0x91, 0xD8, 0x25, 0x3A, 0x3D, 0xE0, 0xFF, 0x7D, 0x20, 0x17, 0x65,
    0x49, 0x7C, 0xE0, 0x05, 0xC4, 0x7A, 0xCC, 0x15, 0xD4, 0x5C, 0xD3, 0xF5, 0xBB, 0x43, 0xDD, 0xFD,
    0xFA, 0xB7, 0xDD, 0xED, 0xE7, 0x24, 0xDC, 0x24, 0xED, 0x5D, 0x08, 0x54, 0xC2, 0xB5, 0x24, 0x5D,
    0x6E, 0x5B, 0x6E, 0x43, 0xF2, 0xDA, 0xE8, 0xFD, 0x93, 0xF1, 0xFE, 0x49, 0x7F, 0xF2, 0x12, 0xE2,
    0xFE, 0x9A, 0xA7, 0x0B, 0x2A, 0x8C, 0x54, 0x45, 0x27, 0x4F, 0xEA, 0xB2, 0xB5, 0xDA, 0x75, 0xCE,
    0x4B, 0x63, 0xF8, 0x8A, 0x77, 0x08, 0x60, 0x8E, 0x68, 0xE1, 0x9B, 0xE1, 0xC8, 0xF7, 0xB7, 0x78,
    0x44, 0x7A, 0xAB, 0x19, 0xC8, 0xE8, 0x69, 0xAC, 0xC7, 0x81, 0xD7, 0xC8, 0x86, 0x72, 0xEE, 0x95,
    0x3C, 0x32, 0xD1, 0xA4, 0x5F, 0xC9, 0x82, 0x48, 0xA4, 0x76, 0xA7, 0xB8, 0x4A, 0xC2, 0x75, 0xB4,
    0x58, 0x4A, 0x33, 0x9F, 0x65, 0x3E, 0x53, 0xB8, 0x64, 0xFB, 0xED, 0x33, 0x81, 0x29, 0x4E, 0x5E,
    0x7E, 0xEE, 0x3E, 0xFF, 0xF3, 0xA1, 0x9E, 0x15, 0x1B, 0x0F, 0xDA, 0x3F, 0x03, 0xDF, 0x0D, 0x2F,
    0xE3, 0xDB, 0xFE, 0x33, 0x7F, 0x6F, 0x97, 0xB5, 0x26, 0x01, 0x8E, 0x2E, 0xFC, 0x27, 0x8B, 0xCB,
    0x55, 0xA8, 0xBF, 0x26, 0x91, 0x9F, 0x28, 0x99, 0xF1, 0xC8, 0xE4, 0x7C, 0x35, 0xB0, 0x30, 0x58,
    0x6C, 0x78, 0x68, 0x85, 0x10, 0x73, 0x67, 0x58, 0x9F, 0x3B, 0x79, 0xE9, 0xB9, 0x13, 0xF2, 0xA0,
    0xB6, 0x1B, 0x83, 0xA3, 0xA8, 0x2F, 0x1E, 0xA4, 0xE2, 0x41, 0x66, 0x3C, 0xD0, 0xE5, 0xBA, 0xC2,
    0x85, 0x0A, 0xED, 0x05, 0x1E, 0xEC, 0x63, 0xD2, 0x5D, 0xE4, 0x41, 0xE3, 0x76, 0x49, 0x5E, 0xB8,
    0x52, 0x7C, 0xEF, 0xEC, 0xEE, 0xF1, 0x43, 0xEE, 0xA5, 0xB6, 0xBB, 0x2B, 0x60, 0x96, 0xAC, 0xDB,
    0x9D, 0x08, 0x0B, 0xC3, 0xD3, 0x6E, 0x47, 0xAA, 0xEC, 0xE4, 0xE4, 0xAE, 0x8A, 0xBC, 0x5D, 0xF6,
    0xA0, 0xE1, 0x7F, 0x86, 0xD0, 0x8B, 0xF2, 0x4C, 0xE2, 0x2A, 0x23, 0xEC, 0xC3, 0xD8, 0xFC, 0x6F,
    0xB7, 0x3B, 0xB1, 0x5C, 0x8E, 0xBB, 0x41, 0x24, 0x84, 0x34, 0x63, 0xDC, 0xB3, 0xFC, 0xD5, 0x91,
    0x5F, 0x30, 0x00, 0xEB, 0x92, 0xFF, 0xE1, 0xE0, 0x75, 0x53, 0x66, 0xC9, 0x17, 0xAE, 0x0C, 0x92,
    0x28, 0x96, 0xB6, 0x19, 0x56, 0xEB, 0x94, 0xA6, 0xDF, 0xA5, 0x1B, 0x7A, 0xD5, 0xE1, 0x2C, 0x42,
    0xAF, 0x4D, 0x68, 0x07, 0x5D, 0x95, 0xE4, 0xA5, 0xB6, 0x62, 0x63, 0x57, 0x0C, 0x75, 0x25, 0x54,
    0xA1, 0x7C, 0x6F, 0xDF, 0x6B, 0xEC, 0xE6, 0xC2, 0x6F, 0xC2, 0x9C, 0x5C, 0xA7, 0x09, 0x6B, 0xF0,
    0xF3, 0x6C, 0x0E, 0x15, 0xE2, 0xE8, 0x7A, 0x54, 0x15, 0x6D, 0xF3, 0x58, 0xFF, 0x18, 0x21, 0xBD,
    0xC8, 0x5B, 0x8F, 0xDB, 0x70, 0xA3, 0xB9, 0x5E, 0x30, 0x1C, 0xDE, 0x8B, 0x99, 0xEF, 0xCF, 0xBF,
    0x38, 0x96, 0x37, 0xA9, 0xD3, 0x29, 0xE4, 0x08, 0x08, 0xF0, 0x78, 0x45, 0x50, 0x57, 0x1D, 0x7B,
    0xDD, 0xB0, 0xD6, 0x01, 0xCD, 0xEE, 0xD5, 0xEF, 0x51, 0xED, 0xC2, 0x4B, 0x3E, 0x7D, 0xAD, 0x4A,
    0xA0, 0xAA, 0x5A, 0x08, 0xB2, 0x0F, 0x54, 0x6F, 0x29, 0x18, 0x5D, 0xFF, 0xC2, 0x87, 0xF3, 0x95,
    0xBA, 0x62, 0xA0, 0xFA, 0xBC, 0xBC, 0xF1, 0xA7, 0x20, 0xBC, 0xCE, 0xFD, 0x1F, 0xE5, 0x5B, 0xBF,
    0x8F, 0xE7, 0xD6, 0x71, 0x1F, 0x92, 0xDA, 0x2F, 0xE5, 0x63, 0x2C, 0x5E, 0xE1, 0x43, 0x10, 0x5D,
    0x2C, 0xAA, 0x90, 0x01, 0xC5, 0x16, 0x44, 0x15, 0x29, 0x5C, 0xEC, 0xDD, 0xA3, 0xED, 0xC2, 0x65,
    0xB6, 0xD0, 0x5A, 0x08, 0x52, 0x44, 0x85, 0x02, 0x04, 0xD7, 0x9C, 0x8B, 0x14, 0x0A, 0x70, 0x2B,
    0x52, 0xF0, 0x1F, 0xA0, 0x6D, 0x92, 0xC6, 0xCD, 0x16, 0x57, 0xC8, 0x5F, 0x01, 0x39, 0x15, 0x2E,
    0x04, 0x7B, 0x6F, 0x49, 0x40, 0x85, 0x0A, 0x17, 0x26, 0x6C, 0x24, 0x29, 0xC5, 0x24, 0x46, 0x00,
    0x5F, 0x0A, 0x31, 0x31, 0x25, 0xF3, 0x4E, 0x24, 0x5F, 0xE6, 0x33, 0xF3, 0xF8, 0xFD, 0xB1, 0x5A,
    0x4B, 0x3A, 0xDB, 0x77, 0x07, 0x61, 0xBF, 0xBB, 0x3B, 0xC3, 0xFD, 0xF2, 0xF1, 0xBD, 0x79, 0xF3,
    0xE6, 0xCD, 0xAF, 0x37, 0x5C, 0x14, 0x69, 0x67, 0x06, 0xFC, 0x24, 0xAD, 0x9F, 0x11, 0x79, 0x59,
    0x50, 0x85, 0x55, 0x54, 0xC7, 0x4D, 0xDC, 0xE2, 0x27, 0x69, 0xD3, 0x2E, 0xED, 0xD3, 0xC1, 0x6C,
    0xFC, 0xA4, 0x7D, 0xD4, 0xD2, 0xFC, 0xD9, 0xDD, 0x02, 0xFE, 0xC4, 0x7D, 0xE4, 0xB6, 0xE7, 0x0B,
    0x6B, 0x29, 0x6A, 0x7F, 0x6A, 0xB3, 0xA4, 0xFE, 0xB1, 0x25, 0x53, 0xB5, 0xCF, 0x52, 0x5E, 0xF1,
    0x63, 0xF6, 0x2C, 0xF0, 0x1F, 0x8D, 0x47, 0xF6, 0xC3, 0x26, 0xCC, 0x72, 0x5B, 0xE7, 0x64, 0xAC,
    0x9D, 0x28, 0xB1, 0x76, 0xA0, 0xC8, 0xDA, 0x96, 0x3C, 0x6B, 0x2B, 0xA2, 0x64, 0xE4, 0xEE, 0x83,
    0x6A, 0x06, 0x61, 0x81, 0xD1, 0x1C, 0x0D, 0x5F, 0x11, 0x98, 0xA2, 0x19, 0xB7, 0xFE, 0x00, 0xC4,
    0x45, 0x53, 0x38, 0x30, 0x4A, 0x86, 0x00, 0xC8, 0xF4, 0x82, 0xCA, 0x2E, 0xE8, 0x18, 0xD9, 0x36,
    0xA8, 0xD1, 0x50, 0x26, 0xE1, 0x2B, 0x0A, 0x6C, 0xA3, 0xA8, 0x06, 0xFA, 0x53, 0x50, 0x40, 0xA1,
    0xB5, 0x3C, 0x13, 0x0A, 0xFF, 0x47, 0x3A, 0xE6, 0x7B, 0x82, 0x42, 0x9B, 0x01, 0x45, 0x56, 0x06,
    0x8D, 0xB8, 0xDD, 0xB3, 0x44, 0x31, 0x77, 0x6F, 0x18, 0xB5, 0x82, 0xD2, 0x7B, 0x19, 0xA3, 0x00,
    0x4F, 0xA7, 0x98, 0x88, 0x2D, 0x9E, 0x27, 0xF3, 0x11, 0xF7, 0x79, 0xCC, 0x3C, 0xC8, 0xAD, 0xED,
    0x28, 0xCF, 0x22, 0xCC, 0xEA, 0x2A, 0x53, 0x31, 0x49, 0x3F, 0x4F, 0x1E, 0x12, 0x3D, 0xCD, 0xF8,
    0xE9, 0x63, 0xDF, 0x66, 0x43, 0x99, 0xDA, 0x8F, 0x87, 0x94, 0x1F, 0x6C, 0xA3, 0x9E, 0x1F, 0x89,
    0x1B, 0x8A, 0xEB, 0xB8, 0xA0, 0xA0, 0x4D, 0x99, 0xE0, 0x96, 0x47, 0xA0, 0xEE, 0x2A, 0x83, 0x5E,
    0x00, 0xFF, 0xEB, 0x75, 0x72, 0x23, 0xAE, 0xB8, 0x49, 0xC4, 0x8D, 0xAB, 0x78, 0xA4, 0xB2, 0x66,
    0x3E, 0xDA, 0x6E, 0x4A, 0xED, 0x47, 0xC3, 0x3B, 0xDE, 0x92, 0x5E, 0x75, 0xAC, 0xF2, 0xB2, 0x1D,
    0xBA, 0x44, 0xE8, 0x9B, 0xEF, 0x67, 0x3C, 0x48, 0xB6, 0x60, 0x3A, 0x03, 0xE6, 0x36, 0x95, 0x15,
    0xD3, 0x03, 0x0C, 0x5E, 0x31, 0xBF, 0xC1, 0x72, 0x63, 0xC9, 0x13, 0x4E, 0xDA, 0x2C, 0x10, 0xC6,
    0xDA, 0x2A, 0x6C, 0x94, 0x53, 0xB1, 0xF2, 0xBB, 0x4D, 0x85, 0x21, 0x56, 0x48, 0xE2, 0x07, 0x86,
    0x63, 0xB7, 0x1C, 0x3D, 0xD0, 0xE2, 0x96, 0xBD, 0x77, 0x53, 0x9E, 0x17, 0x66, 0xD2, 0x85, 0xB7,
    0xEC, 0x16, 0xAB, 0x23, 0x10, 0x29, 0xCD, 0xF5, 0xFE, 0xCE, 0x4B, 0xF6, 0xCE, 0xE1, 0xC6, 0xFD,
    0x4F, 0xE0, 0x50, 0x1F, 0xA7, 0x58, 0x17, 0x8E, 0x4A, 0x0B, 0x99, 0x03, 0xB7, 0xB5, 0xC1, 0x9E,
    0x7C, 0xEB, 0x65, 0x69, 0x55, 0x7E, 0xD6, 0x4F, 0xA1, 0x82, 0xB3, 0x28, 0xCC, 0x67, 0xB7, 0xAD,
    0x72, 0x99, 0xE5, 0xBF, 0x64, 0xA0, 0xA0, 0x03, 0xBD, 0xCC, 0x95, 0x03, 0x5E, 0x1E, 0xEA, 0x3D,
    0x96, 0x51, 0x90, 0x2E, 0x32, 0x16, 0x4F, 0x32, 0x19, 0x6E, 0x66, 0x72, 0x26, 0xF4, 0x24, 0xE5,
    0x3B, 0x13, 0xBE, 0x9C, 0x20, 0x3F, 0x96, 0x98, 0x7A, 0x9B, 0x99, 0x8E, 0x79, 0xCD, 0x32, 0x63,
    0xDA, 0x60, 0xA4, 0xA4, 0xF7, 0x2C, 0xE4, 0xC8, 0xF2, 0x1C, 0x8A, 0x9C, 0x19, 0xD9, 0x40, 0x84,
    0xB0, 0xAC, 0xD1, 0x68, 0x20, 0xA0, 0x58, 0xEF, 0x52, 0xBA, 0x95, 0x01, 0x04, 0xF0, 0x90, 0x04,
    0xB1, 0xA8, 0xD2, 0x82, 0x39, 0x31, 0x81, 0xBF, 0x1D, 0x78, 0x92, 0xB9, 0x2D, 0xB1, 0xA0, 0x45,
    0x66, 0x1A, 0xD3, 0x94, 0x6D, 0xD9, 0xD9, 0xAE, 0xEC, 0xCB, 0xAE, 0xEC, 0xF8, 0xFF, 0xF6, 0x42,
    0x76, 0x81, 0x9B, 0x2C, 0x7E, 0xE4, 0x58, 0xD7, 0xBB, 0x15, 0x00, 0xB9, 0x0D, 0x5D, 0x67, 0x82,
    0x27, 0x99, 0x07, 0xEF, 0x93, 0xC7, 0xE8, 0x84, 0xA5, 0x2E, 0xB2, 0xBD, 0xC9, 0x92, 0x22, 0xB7,
    0x63, 0x5C, 0x19, 0x16, 0xCD, 0xDB, 0x61, 0x7D, 0x35, 0x1C, 0xE9, 0xF9, 0xA0, 0xBD, 0xC1, 0x84,
    0x7C, 0xD9, 0x6F, 0x8F, 0x63, 0xEE, 0xC3, 0x6B, 0x87, 0x04, 0x8B, 0xD8, 0x0E, 0x29, 0x50, 0x77,
    0xAC, 0xFF, 0x1D, 0x27, 0x72, 0x0F, 0x2D, 0x9F, 0xF0, 0xDB, 0xAB, 0xBC, 0x23, 0x9F, 0x0A, 0x9A,
    0x94, 0x7B, 0x39, 0x08, 0xAB, 0xB8, 0x28, 0xED, 0x10, 0x43, 0xD3, 0x60, 0xBE, 0x3C, 0xDE, 0x57,
    0x20, 0x6E, 0x18, 0xBD, 0x17, 0x5A, 0xF2, 0x5A, 0x29, 0x53, 0x3A, 0x7F, 0x25, 0xF4, 0xBE, 0x28,
    0x3B, 0x25, 0x93, 0x3D, 0x1B, 0xBF, 0xD1, 0x93, 0x89, 0x06, 0x5E, 0x82, 0x41, 0x78, 0x02, 0xC1,
    0x4D, 0xDE, 0x67, 0x96, 0xBE, 0x31, 0x50, 0xFE, 0xF3, 0x01, 0x4A, 0xA4, 0x4A, 0xFE, 0xD7, 0xD2,
    0xE6, 0xE7, 0xEB, 0xCB, 0x1F, 0x41, 0xF0, 0xE9, 0xDA, 0x12, 0x12, 0xE9, 0xF1, 0x0F, 0xD1, 0x53,
    0x14, 0xF2, 0xE4, 0x6F, 0x10, 0x36, 0x50, 0x47, 0xE8, 0xAB, 0x81, 0x92, 0xC8, 0xAB, 0xB4, 0xE1,
    0x71, 0xC8, 0x16, 0xAC, 0x43, 0xB0, 0xC9, 0x79, 0xBB, 0xF4, 0x33, 0x64, 0x65, 0x69, 0x21, 0x71,
    0x1E, 0x34, 0x82, 0xB4, 0xA4, 0x48, 0x9E, 0xE2, 0x1E, 0x20, 0xFC, 0xD2, 0x9B, 0xEB, 0x79, 0xFD,
    0xC1, 0x76, 0xB4, 0x6D, 0x29, 0x30, 0x17, 0x28, 0x62, 0xFD, 0x07, 0x43, 0x59, 0xEE, 0xD3, 0x0B,
    0x5A, 0xE8, 0x82, 0xB6, 0x1B, 0x0B, 0x8A, 0x7D, 0x1D, 0xFD, 0x62, 0xB9, 0xA4, 0x34, 0x8B, 0x5F,
    0xE7, 0x4D, 0xC8, 0xB2, 0x43, 0x65, 0xD8, 0x85, 0xCD, 0x55, 0x2A, 0x83, 0x9E, 0x17, 0x14, 0x88,
    0x17, 0x94, 0xBF, 0x6C, 0x79, 0x09, 0xB9, 0xB3, 0x5A, 0x11, 0x09, 0x32, 0x05, 0x75, 0xDC, 0x24,
    0xA9, 0xBC, 0xF6, 0x0A, 0x95, 0x71, 0xCB, 0x0B, 0xCA, 0x0F, 0x8C, 0xAC, 0x93, 0x3C, 0x7B, 0x68,
    0xDF, 0xAB, 0xE3, 0xF7, 0x58, 0x13, 0xBC, 0x51, 0x45, 0xD8, 0x9D, 0x69, 0x26, 0xE3, 0x9D, 0x6C,
    0x2E, 0x28, 0x84, 0x2B, 0x74, 0x0B, 0x9A, 0x6F, 0x2C, 0x68, 0xAA, 0x9A, 0x08, 0x7F, 0xCD, 0xA5,
    0xFD, 0xFD, 0xCC, 0xB3, 0x90, 0xE8, 0x8E, 0xCC, 0xC7, 0xAC, 0xC3, 0xF8, 0x87, 0x97, 0x32, 0x1B,
    0x28, 0x2D, 0x78, 0x79, 0xF9, 0x2F, 0xA5, 0xD7, 0x88, 0x2D, 0xC4, 0xBF, 0x8D, 0xD2, 0xC6, 0x77,
    0x3A, 0x61, 0xFE, 0x44, 0xA2, 0xA1, 0xE3, 0xCF, 0x09, 0x77, 0xF6, 0xFF, 0xF6, 0x5F, 0xF7, 0xF7,
    0x64, 0x29, 0xFA, 0xD2, 0x2D, 0x48, 0x7C, 0x5F, 0x3D, 0xCC, 0x30, 0xCA, 0xB6, 0x16, 0xB9, 0x93,
    0xDE, 0x7A, 0xE9, 0xB9, 0xF1, 0x4E, 0xB0, 0x2F, 0x6B, 0xBE, 0xD3, 0xD2, 0xAB, 0xBC, 0x59, 0x5E,
    0xC6, 0x86, 0x89, 0x3B, 0x35, 0x16, 0x29, 0x04, 0x08, 0x4A, 0xDC, 0xA7, 0xA0, 0x89, 0x28, 0xBE,
    0x73, 0xC2, 0xED, 0x78, 0xDE, 0x2C, 0xCC, 0x7F, 0xB7, 0xFF, 0x0A, 0xF9, 0x6F, 0x42, 0xEF, 0xFE,
    0x63, 0x5E, 0xED, 0x71, 0x43, 0x5E, 0x80, 0x13, 0x5E, 0x5B, 0x56, 0xD9, 0xDC, 0x59, 0x8B, 0xC7,
    0xF9, 0x37, 0xA9, 0xDF, 0x36, 0x05, 0xEB, 0x6A, 0xD8, 0x8F, 0x57, 0x82, 0x29, 0x18, 0xA3, 0x3E,
    0x6E, 0xD2, 0xCA, 0xB0, 0x0C, 0x42, 0x38, 0x4C, 0xE3, 0x4D, 0x62, 0xFE, 0x58, 0x52, 0x1D, 0xEC,
    0x04, 0xB6, 0x33, 0x2C, 0x04, 0xA2, 0xA5, 0xC0, 0x3A, 0x44, 0xFB, 0x0A, 0x9B, 0xCA, 0x54, 0xA0,
    0xD4, 0x14, 0xA9, 0x40, 0x33, 0x10, 0xAB, 0x49, 0x6B, 0x7F, 0x58, 0xF1, 0x14, 0xD9, 0xD4, 0xEE,
    0x5A, 0xB6, 0x2C, 0xC5, 0xAE, 0x19, 0x62, 0x4B, 0xBB, 0x71, 0xCB, 0x3A, 0x61, 0xD7, 0x2B, 0xBC,
    0x23, 0x75, 0x05, 0xCE, 0x80, 0xCE, 0x38, 0x08, 0xBB, 0x4C, 0x27, 0x70, 0xA4, 0x59, 0xA7, 0x51,
    0x2C, 0xB6, 0x22, 0x74, 0xAB, 0xB9, 0x28, 0x61, 0x1C, 0x3D, 0x61, 0x9F, 0x18, 0x8E, 0x5B, 0x35,
    0xF6, 0xED, 0xA0, 0x5A, 0x7E, 0x50, 0x09, 0xC7, 0x56, 0x55, 0x94, 0x2A, 0x32, 0x5B, 0x28, 0xFF,
    0x14, 0xB4, 0xDD, 0x32, 0xDD, 0xEA, 0x2C, 0x54, 0xE4, 0x29, 0xC2, 0x13, 0xA2, 0x6F, 0x15, 0x79,
    0x8A, 0x78, 0xFC, 0x41, 0xAD, 0xCC, 0xF1, 0x86, 0x13, 0x74, 0x26, 0xF2, 0x32, 0x41, 0x69, 0x2F,
    0xC8, 0x8E, 0xE2, 0x24, 0x29, 0x0A, 0xFE, 0x73, 0x10, 0x54, 0x1D, 0x29, 0xE2, 0x25, 0x63, 0xD4,
    0x10, 0x58, 0xE1, 0x75, 0x7E, 0xAB, 0x1B, 0xBA, 0x9A, 0xBD, 0x0C, 0xF2, 0x0F, 0xE3, 0xC1, 0x4C,
    0xC6, 0xF2, 0xCF, 0xC8, 0xFC, 0xCA, 0x68, 0xCF, 0x6B, 0x58, 0x8F, 0x36, 0xA6, 0xB7, 0x03, 0xCB,
    0xCC, 0x6D, 0xBA, 0x71, 0xF4, 0x8E, 0x6D, 0x6C, 0xF1, 0x0C, 0xD1, 0x33, 0xF4, 0x0D, 0xB6, 0x30,
    0x1D, 0xC4, 0xEC, 0x53, 0x7E, 0xF3, 0x89, 0xBE, 0xB6, 0xCF, 0x16, 0x99, 0x95, 0x21, 0x5B, 0x80,
    0x70, 0xC8, 0xEB, 0xB8, 0x33, 0x6D, 0xDA, 0x26, 0xBD, 0x69, 0x93, 0xC1, 0xB4, 0x31, 0xFE, 0xFA,
    0xB4, 0x4B, 0xBA, 0x78, 0x48, 0xDB, 0x70, 0x62, 0xF7, 0x00, 0x5E, 0x81, 0xB7, 0xDE, 0x6F, 0x4F,
    0x2E, 0x97, 0x6C, 0x1A, 0x6C, 0xF5, 0x24, 0x2B, 0xD6, 0x8B, 0x6C, 0x31, 0x88, 0xBE, 0xC9, 0x6A,
    0x8F, 0xA7, 0x4B, 0x51, 0x81, 0xBD, 0x01, 0x05, 0x15, 0x88, 0x56, 0x65, 0x45, 0x90, 0xF3, 0x57,
    0x79, 0x9D, 0xB6, 0xE4, 0x34, 0x6A, 0x68, 0xBF, 0xCD, 0xB3, 0x53, 0x98, 0x4C, 0x2C, 0xD8, 0x94,
    0x37, 0x6C, 0x3E, 0x58, 0x60, 0x4B, 0x76, 0x75, 0x3A, 0x78, 0x1D, 0xDC, 0x43, 0x83, 0xDE, 0xD8,
    0xF7, 0x71, 0x3D, 0x5F, 0x5C, 0x0F, 0xFE, 0x9C, 0xA2, 0xDB, 0x98, 0x2E, 0x0C, 0x30, 0x4F, 0x19,
    0x1A, 0x91, 0xA7, 0x4D, 0x51, 0xAD, 0x3B, 0xAC, 0x12, 0x64, 0x74, 0xBF, 0xBD, 0xA6, 0x68, 0x10,
    0x04, 0xF6, 0x32, 0x82, 0x2B, 0x03, 0x66, 0x54, 0x82, 0xE0, 0xC8, 0x30, 0xBA, 0x4A, 0x7F, 0x0E,
    0x34, 0xF0, 0x82, 0xE4, 0x93, 0x0F, 0x42, 0xBE, 0xB6, 0x1F, 0xB4, 0xE2, 0x4F, 0xC6, 0x95, 0x98,
    0xDF, 0x04, 0xDB, 0x01, 0x1D, 0xFF, 0x16, 0xE8, 0x38, 0xF8, 0x25, 0x24, 0xA6, 0x8F, 0xBF, 0x03,
    0x09, 0x6D, 0x53, 0x38, 0x22, 0x51, 0x0D, 0xBE, 0xA0, 0xE3, 0x40, 0x5D, 0x43, 0xA0, 0xDB, 0x8A,
    0x06, 0x59, 0x66, 0xAF, 0x7D, 0x28, 0x53, 0x11, 0x34, 0x78, 0x3F, 0x91, 0xA9, 0xC4, 0xB6, 0xC2,
    0x54, 0x8C, 0x6A, 0xBA, 0x1F, 0xC3, 0x4A, 0x27, 0xC5, 0xD1, 0xDC, 0x31, 0x7F, 0xC9, 0xF2, 0x9C,
    0x34, 0xE2, 0xCD, 0x98, 0x4A, 0xCC, 0xCB, 0x89, 0x50, 0xE0, 0xF5, 0x01, 0x3A, 0x0E, 0xEB, 0x58,
    0x1A, 0xDE, 0xB9, 0x0D, 0x52, 0x0D, 0x6F, 0x82, 0x01, 0xA2, 0x33, 0x60, 0x2A, 0xFF, 0xC4, 0xEA,
    0x4A, 0x44, 0xC2, 0xE9, 0x41, 0xE8, 0x2E, 0x50, 0xC8, 0xFA, 0x0B, 0xFD, 0xB1, 0x0E, 0x43, 0x7F,
    0xD0, 0x63, 0xDC, 0x1F, 0x74, 0x59, 0x52, 0x48, 0xEF, 0x70, 0x73, 0xB8, 0xC9, 0x6D, 0xEC, 0xC3,
    0x5A, 0x24, 0x85, 0xF5, 0x51, 0x2B, 0x2E, 0x8E, 0x98, 0x92, 0xB8, 0x15, 0x15, 0x9B, 0xD4, 0x86,
    0xBE, 0x4C, 0xAC, 0xEB, 0x5E, 0xE3, 0x39, 0xB1, 0x14, 0x0E, 0x04, 0x9D, 0xE7, 0x77, 0x3E, 0x94,
    0x48, 0xD8, 0x44, 0xA3, 0x2C, 0x8E, 0x04, 0x09, 0x69, 0x76, 0x43, 0x1C, 0x57, 0xAF, 0x05, 0x1A,
    0x82, 0x6A, 0x94, 0xC5, 0x81, 0x7A, 0x0F, 0xC4, 0xCA, 0x08, 0x8F, 0x46, 0x12, 0x0A, 0x46, 0xA1,
    0x00, 0xE8, 0x36, 0x1C, 0x17, 0x92, 0xDD, 0x87, 0xCD, 0x76, 0xA4, 0x9E, 0x56, 0xCA, 0x77, 0xD2,
    0x49, 0xB1, 0x78, 0x3A, 0x87, 0x7A, 0xDF, 0xAB, 0x48, 0x18, 0x0F, 0x3B, 0x17, 0x89, 0x4B, 0xC0,
    0xDB, 0x1A, 0xB3, 0x65, 0x7F, 0x9D, 0x07, 0x82, 0x01, 0x86, 0x2D, 0xC6, 0xF6, 0x9D, 0xB4, 0x7F,
    0x3A, 0x20, 0x1D, 0x2B, 0xB9, 0x83, 0xC0, 0x66, 0x82, 0x2E, 0x23, 0xB1, 0xAE, 0x70, 0x26, 0x3C,
    0xF1, 0x48, 0x9C, 0x19, 0x49, 0x9C, 0x68, 0x98, 0xC1, 0x99, 0xB5, 0xD9, 0x8D, 0x81, 0x59, 0x97,
    0x06, 0x4E, 0x51, 0xFA, 0xB3, 0x0C, 0x3D, 0xE3, 0xF0, 0x57, 0xDD, 0xF7, 0xEE, 0x81, 0xD4, 0xCE,
    0x56, 0x29, 0x73, 0xB8, 0xA0, 0x0D, 0xB5, 0x42, 0xBF, 0x55, 0xFB, 0xE9, 0xFD, 0x9F, 0xFA, 0xD4,
    0x7E, 0xEB, 0x7C, 0x92, 0x5A, 0x5C, 0x72, 0x0A, 0xAB, 0xB2, 0x57, 0x23, 0x97, 0xAB, 0x96, 0xCE,
    0x94, 0xA2, 0x54, 0x58, 0x02, 0x9D, 0x9E, 0xC8, 0x00, 0x07, 0xAC, 0x1F, 0x85, 0x3C, 0x75, 0x3C,
    0x04, 0x83, 0x3F, 0x77, 0xF7, 0xFF, 0x06, 0x98, 0x97, 0x53, 0xC2, 0x2B, 0x96, 0xD0, 0x40, 0x24,
    0xAF, 0xD6, 0xA8, 0x0B, 0xCB, 0x00, 0x26, 0xC1, 0x08, 0x8A, 0x3E, 0x2E, 0xA0, 0x21, 0x95, 0x69,
    0xCC, 0x9B, 0xCB, 0xF6, 0x2E, 0x94, 0x7F, 0xC7, 0x4B, 0x06, 0x35, 0x3C, 0x3E, 0xB6, 0x69, 0xE9,
    0x1D, 0xA7, 0x42, 0xC7, 0x21, 0x59, 0xF8, 0x95, 0x65, 0x59, 0x31, 0x2A, 0x98, 0x19, 0xE8, 0xF8,
    0x75, 0x81, 0xCE, 0x1B, 0x9F, 0xF4, 0x13, 0x38, 0xB6, 0xC4, 0x33, 0x9B, 0xDC, 0xFC, 0x5C, 0x28,
    0x16, 0x4E, 0x89, 0xD2, 0x5D, 0x63, 0x47, 0x6E, 0x7E, 0xCE, 0x19, 0x9F, 0x88, 0x9E, 0x50, 0x67,
    0x65, 0x79, 0xDB, 0xF1, 0xA7, 0xD7, 0xD0, 0x53, 0xE7, 0x11, 0xB9, 0x4C, 0xC0, 0x13, 0x9F, 0x78,
    0xEC, 0x7C, 0xF0, 0xC9, 0x3F, 0x62, 0x07, 0x4F, 0x42, 0x50, 0xD1, 0xB7, 0x6C, 0xB5, 0x75, 0xFC,
    0xD4, 0x2A, 0x8E, 0xDD, 0xFF, 0xD1, 0xE0, 0xF6, 0x65, 0xE6, 0xA2, 0xF1, 0xF3, 0x22, 0x47, 0x7E,
    0x3F, 0xCF, 0x4F, 0xE7, 0x75, 0xAC, 0xE1, 0x01, 0x0D, 0x4E, 0x01, 0x0D, 0x1A, 0xA0, 0xD0, 0x49,
    0xAC, 0xF3, 0x55, 0x72, 0x79, 0xA2, 0x7B, 0xE7, 0x6C, 0xBF, 0x71, 0xE0, 0xE7, 0xBD, 0xA8, 0x33,
    0xB5, 0x9A, 0x7E, 0x20, 0xBA, 0x6E, 0xA7, 0xA5, 0xCE, 0x2F, 0xE5, 0xDE, 0x93, 0x42, 0x27, 0xDC,
    0xBA, 0xA0, 0xEE, 0x63, 0x98, 0x6F, 0x49, 0x38, 0xFD, 0x66, 0xBE, 0x0A, 0xFE, 0x0B, 0x54, 0xA0,
    0x5D, 0xF4, 0xAE, 0x4B, 0x06, 0x51, 0xFC, 0x83, 0xF9, 0x2A, 0x05, 0xAD, 0x2F, 0xC8, 0xF4, 0x70,
    0xF5, 0xB6, 0xF0, 0x1F, 0x57, 0xB8, 0xEF, 0x73, 0x14, 0x74, 0xEF, 0xAD, 0x56, 0x62, 0xE8, 0xC0,
    0x85, 0xE2, 0x08, 0x2A, 0x3E, 0x7C, 0xA9, 0x75, 0xB9, 0x2A, 0x6D, 0x67, 0xF6, 0x5F, 0x72, 0xCF,
    0x1E, 0xD0, 0xDC, 0xDF, 0xA0, 0x5C, 0x90, 0xD5, 0x0E, 0x56, 0x41, 0xBC, 0x5C, 0xBD, 0x80, 0x9C,
    0x8C, 0x5C, 0xBD, 0x0D, 0x1B, 0x2D, 0x57, 0xAD, 0xB8, 0x52, 0x7C, 0xE5, 0xB7, 0x9E, 0xC5, 0x77,
    0xEC, 0xA3, 0x35, 0x09, 0xDB, 0xFF, 0xEB, 0x98, 0x39, 0x92, 0x74, 0x85, 0xF0, 0xA0, 0x7A, 0x6C,
    0xD3, 0xBD, 0xBD, 0x76, 0x2F, 0x73, 0x84, 0x64, 0xC8, 0x11, 0xBE, 0x05, 0xAF, 0x45, 0x62, 0x35,
    0x09, 0x9B, 0x22, 0xF6, 0x30, 0x5A, 0xA5, 0x1D, 0x02, 0xD0, 0xC6, 0x22, 0x0F, 0x6D, 0x22, 0x8C,
    0x7C, 0xD9, 0xA8, 0xD4, 0x18, 0x15, 0xAE, 0xD2, 0x21, 0x55, 0xFD, 0xF6, 0x4C, 0xB4, 0xD5, 0x32,
    0x77, 0x8F, 0xDB, 0x0D, 0x51, 0x7E, 0x5A, 0x47, 0x78, 0x55, 0x93, 0x6F, 0x9D, 0x0F, 0xF9, 0x62,
    0xE7, 0xA3, 0x54, 0x5A, 0x12, 0xA6, 0x2C, 0x47, 0xBA, 0xC4, 0xDE, 0x42, 0xB3, 0xD4, 0x6A, 0x87,
    0xD7, 0x7F, 0xAD, 0x4B, 0xE2, 0x64, 0x58, 0x45, 0x78, 0xCE, 0xBA, 0x8A, 0x60, 0x7A, 0x2E, 0x8E,
    0xF2, 0x87, 0x8D, 0xED, 0xB3, 0xF8, 0xAE, 0x2A, 0xDB, 0x8D, 0xD0, 0x67, 0xF6, 0xBB, 0xD4, 0x41,
    0x4A, 0x45, 0xD8, 0x8D, 0x8A, 0xF6, 0xA4, 0xFD, 0xE8, 0x8D, 0x6A, 0xC3, 0x29, 0x7A, 0x99, 0xE8,
    0x12, 0x7F, 0xFB, 0xBD, 0x42, 0x42, 0xF2, 0x9A, 0x57, 0x77, 0x59, 0x36, 0x90, 0xD3, 0x50, 0x20,
    0xB7, 0xC2, 0xE0, 0x0A, 0xDF, 0x16, 0x78, 0x91, 0x94, 0x9C, 0x15, 0xFC, 0x13, 0x81, 0xCF, 0x09,
    0xDC, 0x25, 0x17, 0x82, 0x3A, 0x88, 0xE8, 0x60, 0xFE, 0x7E, 0xE0, 0x80, 0x61, 0xDD, 0x7E, 0xB3,
    0x07, 0x7A, 0x5C, 0xE0, 0x57, 0x05, 0xEE, 0x0A, 0x3C, 0x06, 0xD7, 0xFD, 0xFE, 0xB2, 0x24, 0x0A,
    0x34, 0x27, 0xB4, 0xDA, 0x19, 0x3A, 0xBF, 0xA8, 0x5F, 0x07, 0xC6, 0x79, 0xBB, 0x9A, 0x5E, 0xD0,
    0xAF, 0x13, 0x0E, 0x5F, 0xA2, 0x2F, 0xE0, 0xEC, 0x68, 0x9D, 0xB3, 0x52, 0x7F, 0x23, 0xC7, 0xBC,
    0x3C, 0xC9, 0xDB, 0x46, 0x23, 0x72, 0x85, 0x49, 0x31, 0x47, 0xD4, 0x5F, 0xB4, 0xD9, 0xF9, 0x47,
    0x1A, 0x31, 0x68, 0xCC, 0x90, 0x20, 0x89, 0x32, 0x41, 0x7B, 0xA7, 0x03, 0x24, 0x34, 0xEE, 0x91,
    0x50, 0x61, 0x73, 0x98, 0x7D, 0xC1, 0xE6, 0xB5, 0x83, 0x55, 0xAA, 0x74, 0xD7, 0x42, 0x20, 0x03,
    0x6C, 0x37, 0x64, 0xC2, 0x45, 0x29, 0x17, 0x3C, 0x1B, 0x6F, 0x8F, 0xDB, 0xF7, 0x3C, 0x93, 0x43,
    0x72, 0x34, 0xFC, 0xF1, 0xFF, 0x46, 0xB6, 0x25, 0x16, 0x01, 0xB5, 0x33, 0xAF, 0x3B, 0x2E, 0x46,
    0xCA, 0x59, 0x0B, 0x41, 0xA5, 0x82, 0xC3, 0xC8, 0x13, 0x64, 0x12, 0x08, 0x3D, 0x1A, 0x9A, 0xD4,
    0x7D, 0x96, 0x00, 0x44, 0x63, 0xBB, 0x22, 0xE9, 0xF3, 0xD6, 0x64, 0xAA, 0xD3, 0x1E, 0x05, 0x4D,
    0x17, 0x8A, 0x45, 0x61, 0xDA, 0xB4, 0xCB, 0x7B, 0x33, 0x94, 0x38, 0xB8, 0x63, 0x9C, 0xB6, 0x49,
    0xEB, 0xB1, 0x9A, 0x79, 0x14, 0xF4, 0x5C, 0xCA, 0x76, 0xAE, 0xDD, 0x9C, 0x53, 0xA4, 0xBF, 0x52,
    0x7B, 0x2B, 0xA6, 0x5F, 0x0E, 0xFA, 0x1A, 0xC1, 0xDE, 0xFC, 0x2C, 0xAC, 0x0F, 0x30, 0x4C, 0x8B,
    0x66, 0xE7, 0x2A, 0xD2, 0xF4, 0x9C, 0xEE, 0x8E, 0x60, 0x85, 0x7B, 0xC1, 0xBE, 0xC3, 0xDC, 0x01,
    0xF2, 0x79, 0x2B, 0xCC, 0x5F, 0xEE, 0xD8, 0xF1, 0x45, 0xE9, 0x4C, 0xEF, 0xF7, 0x5B, 0xD8, 0xFF,
    0x44, 0x7F, 0xB5, 0x1B, 0xA7, 0x72, 0xE3, 0x2A, 0x1D, 0x88, 0xFF, 0x61, 0x2D, 0x91, 0x92, 0x61,
    0xA2, 0x23, 0x6E, 0x26, 0xBB, 0x65, 0x72, 0xF3, 0xD1, 0x33, 0xA9, 0xFD, 0xBD, 0x4F, 0x86, 0x5E,
    0xEA, 0xB1, 0xC5, 0xCB, 0x5B, 0xB3, 0x0B, 0xE7, 0x7C, 0x3E, 0x3B, 0xDB, 0xBE, 0x7B, 0xCE, 0x63,
    0x71, 0x2D, 0x57, 0x9F, 0xBF, 0x90, 0xDE, 0xF6, 0x2E, 0x65, 0xA5, 0xCB, 0x4B, 0xD6, 0x91, 0x3C,
    0x0B, 0xA3, 0x2B, 0x7E, 0x9A, 0x9C, 0x36, 0x42, 0x79, 0x22, 0x49, 0x66, 0x60, 0x92, 0xF5, 0x62,
    0x98, 0x2F, 0xAC, 0x5E, 0x5C, 0x81, 0x37, 0x27, 0x17, 0x70, 0xA7, 0xE4, 0x22, 0xE6, 0x46, 0x72,
    0x11, 0x42, 0x58, 0xB9, 0x8B, 0x2B, 0xAC, 0x86, 0x0B, 0xB9, 0x60, 0xAD, 0x5C, 0xEB, 0x45, 0x6A,
    0x3B, 0xBD, 0x88, 0xEC, 0x00, 0x87, 0xEB, 0x0A, 0x2C, 0xBC, 0x5E, 0x30, 0x01, 0xEF, 0xEA, 0x85,
    0xB1, 0xBF, 0xD1, 0x8B, 0x58, 0x7C, 0xC6, 0x03, 0x89, 0x96, 0xF4, 0x82, 0xE4, 0xE2, 0x44, 0x26,
    0xED, 0x2E, 0xE2, 0x39, 0x21, 0x12, 0x32, 0xDD, 0x9E, 0xAA, 0xFF, 0x86, 0xFB, 0x87, 0x80, 0xB0,
    0x07, 0x91, 0xCA, 0xF1, 0x40, 0xD2, 0xCC, 0xEE, 0x74, 0xE5, 0x36, 0xBB, 0x78, 0x27, 0x8E, 0x3D,
    0x8E, 0xD5, 0xAB, 0x50, 0x7F, 0x4E, 0x01, 0xC8, 0xA9, 0xE5, 0xDA, 0x42, 0x72, 0xCF, 0xFA, 0x80,
    0x77, 0xEB, 0xA6, 0xF3, 0x99, 0xC5, 0x57, 0x0A, 0xED, 0x3F, 0x0B, 0xE3, 0xD3, 0x5E, 0x1C, 0x2A,
    0x74, 0x17, 0xC8, 0x9F, 0x3A, 0xB3, 0x72, 0xBA, 0x5B, 0x8E, 0xEA, 0x10, 0xB3, 0x10, 0x8A, 0xA3,
    0xCC, 0xEE, 0xB7, 0x24, 0xAB, 0x13, 0x5B, 0xE5, 0xA3, 0xCE, 0xA2, 0xD4, 0xAC, 0x70, 0xED, 0x70,
    0x23, 0x7D, 0x46, 0x1B, 0x78, 0xDC, 0xC2, 0xB5, 0xF8, 0x56, 0xEC, 0xD2, 0x88, 0x73, 0xC5, 0x58,
    0xBC, 0x2B, 0x26, 0x40, 0x3C, 0x7B, 0x1E, 0x4C, 0x18, 0xC3, 0x66, 0x03, 0x82, 0x05, 0x4D, 0x2B,
    0xAE, 0xA3, 0x28, 0x93, 0x5E, 0x74, 0x1C, 0x42, 0x81, 0xC0, 0xCA, 0xE1, 0xE3, 0xAF, 0xD5, 0xA9,
    0xCF, 0xD5, 0x57, 0x27, 0x6F, 0xE9, 0x52, 0x52, 0x2B, 0x4E, 0x19, 0xC7, 0xA1, 0xB2, 0x75, 0xC1,
    0x84, 0x32, 0x22, 0x74, 0xC1, 0x7F, 0xEC, 0x6E, 0x5F, 0x75, 0xCD, 0x9F, 0xA6, 0x73, 0xC6, 0x27,
    0xF7, 0x49, 0x9C, 0x9C, 0xE4, 0xCA, 0xA6, 0xD9, 0x17, 0x8D, 0x5C, 0x38, 0x92, 0x76, 0xA5, 0x04,
    0x57, 0xAF, 0x51, 0xD8, 0x6E, 0x3E, 0x76, 0xEE, 0xF8, 0x44, 0xF4, 0x7D, 0xF9, 0xFE, 0xCE, 0xB2,
    0xD5, 0xF3, 0x77, 0x75, 0xCC, 0x63, 0xD7, 0xFE, 0xEA, 0x2D, 0x0D, 0x14, 0xFE, 0xF2, 0xD4, 0x43,
    0xE7, 0x85, 0x4F, 0x17, 0xB2, 0x0B, 0x1A, 0xAA, 0x36, 0xA6, 0xD5, 0x00, 0x47, 0xDB, 0xE1, 0xD4,
    0x5D, 0x77, 0x61, 0xAE, 0xC7, 0x5D, 0xB5, 0xC6, 0x2D, 0x3B, 0xEE, 0x00, 0xE5, 0x7C, 0xF0, 0xE7,
    0x05, 0x64, 0xCB, 0x8E, 0x91, 0xF8, 0x66, 0xF5, 0xCC, 0x64, 0x57, 0xC1, 0x80, 0x94, 0x3E, 0x9B,
    0xA1, 0xC1, 0x68, 0x9A, 0xC0, 0xA5, 0xB9, 0x71, 0x08, 0xA1, 0x57, 0x62, 0xB6, 0x70, 0x57, 0xDA,
    0x99, 0x2A, 0x18, 0xF5, 0xD9, 0x63, 0x24, 0x2E, 0x58, 0x59, 0x45, 0x8E, 0x79, 0x48, 0xC1, 0x83,
    0x79, 0xEC, 0x3B, 0x0B, 0xF3, 0xD8, 0x6C, 0x08, 0xF3, 0x60, 0xB9, 0x1B, 0xC9, 0xAE, 0x2B, 0xF3,
    0x86, 0x6D, 0xE6, 0x59, 0x65, 0x1E, 0xDF, 0x17, 0xE6, 0xA1, 0x3D, 0x98, 0x67, 0x3E, 0x50, 0xE6,
    0xD9, 0x37, 0x84, 0x79, 0xC1, 0xA4, 0xCC, 0x8B, 0x3B, 0x65, 0x9E, 0xA9, 0x85, 0x69, 0x1E, 0x4C,
    0x3F, 0x63, 0xD6, 0xA5, 0xC2, 0xBC, 0xA4, 0x53, 0xE6, 0xE5, 0xB5, 0x32, 0xCF, 0x3A, 0xE6, 0x0D,
    0x8E, 0x79, 0xED, 0x99, 0xCC, 0x8B, 0x1D, 0xF3, 0x8C, 0x55, 0xE6, 0x95, 0xEF, 0x29, 0xF3, 0x4A,
    0xC7, 0xBC, 0x67, 0xD7, 0x9B, 0xF0, 0xD4, 0x89, 0x40, 0xEA, 0x8C, 0x5D, 0x38, 0x9F, 0x08, 0x94,
    0xD5, 0xB6, 0x52, 0xF7, 0xBA, 0x8D, 0x13, 0x81, 0x4B, 0xB4, 0xC3, 0x01, 0x87, 0xB7, 0x57, 0xC2,
    0x3F, 0xC9, 0x6D, 0x9F, 0x40, 0xB5, 0x31, 0x31, 0x81, 0x7A, 0x3E, 0x24, 0x61, 0x3C, 0x8D, 0xAC,
    0xFA, 0x3A, 0xC9, 0x6B, 0x28, 0x3E, 0x7E, 0xC0, 0x78, 0x50, 0xE1, 0xC1, 0x49, 0x8B, 0x78, 0x62,
    0x9D, 0x7A, 0x56, 0x08, 0x0C, 0x21, 0x85, 0x61, 0xA3, 0xFE, 0x02, 0xD4, 0x73, 0x62, 0xEF, 0x7A,
    0x2A, 0x5C, 0x56, 0x04, 0xD6, 0x73, 0xC5, 0x42, 0x70, 0x14, 0xD4, 0xA8, 0x5D, 0xBB, 0x79, 0xEA,
    0x44, 0x20, 0x98, 0xAD, 0xDC, 0x74, 0xE6, 0x89, 0x80, 0xEF, 0x6E, 0xAF, 0x8E, 0x9A, 0xE9, 0xBC,
    0xF1, 0x69, 0x3B, 0x53, 0x19, 0x4D, 0xA7, 0x4F, 0x04, 0x34, 0xA1, 0x35, 0x45, 0x67, 0x9C, 0x08,
    0x9C, 0x1F, 0x3E, 0x79, 0x47, 0x72, 0x20, 0x47, 0xD1, 0x18, 0x4E, 0x6A, 0xEC, 0x34, 0x43, 0x9A,
    0x9C, 0xCA, 0x74, 0x87, 0x83, 0x93, 0xB7, 0x3D, 0x64, 0xBA, 0xCF, 0x93, 0x1C, 0xCD, 0xCE, 0x66,
    0xBA, 0xED, 0x6C, 0x7A, 0x2E, 0x33, 0x1D, 0x9C, 0x72, 0x36, 0xD3, 0xCD, 0x83, 0xCA, 0xCD, 0x22,
    0xC4, 0xC4, 0x15, 0x21, 0xFA, 0x73, 0x11, 0xA2, 0x71, 0x45, 0x88, 0xC6, 0x85, 0x3A, 0xB7, 0x5D,
    0x2E, 0x52, 0x8B, 0x10, 0x0B, 0xCF, 0x15, 0x21, 0x06, 0x5A, 0x84, 0xD8, 0x44, 0xAE, 0x08, 0x51,
    0xB3, 0x8C, 0x76, 0x78, 0x5E, 0xC5, 0x79, 0xD4, 0x22, 0x8C, 0xC4, 0x85, 0xE7, 0x73, 0xB1, 0x60,
    0xE4, 0xA2, 0x87, 0x60, 0x85, 0xEB, 0xDF, 0x0B, 0x7F, 0xBE, 0x22, 0x44, 0x44, 0xD9, 0x12, 0x87,
    0xF5, 0xE2, 0x56, 0x1E, 0xAE, 0x32, 0xAE, 0xEA, 0x6A, 0x96, 0x13, 0x6E, 0x94, 0x92, 0x74, 0x2F,
    0x27, 0x90, 0xC4, 0x86, 0x87, 0xF9, 0xCD, 0x50, 0x7F, 0xD9, 0x3E, 0x01, 0x4E, 0x9F, 0x0A, 0x87,
    0x35, 0xE4, 0x35, 0x40, 0x0F, 0x35, 0xF7, 0x86, 0x33, 0xF5, 0x52, 0x06, 0x2E, 0x27, 0xA4, 0x92,
    0xCB, 0xCD, 0x1C, 0x10, 0x68, 0xB8, 0x2C, 0x94, 0x6E, 0xE5, 0x2F, 0x88, 0xFE, 0x5A, 0x79, 0x26,
    0x45, 0xB2, 0x3F, 0x1C, 0x25, 0xE5, 0x68, 0x25, 0xCE, 0xCC, 0x0B, 0x2C, 0xB4, 0x29, 0xD8, 0x0E,
    0x02, 0xB2, 0xD5, 0x31, 0x92, 0xE7, 0xBF, 0x2A, 0x0B, 0xBE, 0xCB, 0x92, 0x5D, 0x51, 0x0B, 0xE8,
    0x8B, 0xCB, 0xC2, 0x21, 0x18, 0x8B, 0x14, 0xAF, 0x64, 0xCE, 0x46, 0x15, 0x35, 0x1E, 0x15, 0xDF,
    0xE7, 0xBB, 0x56, 0xDA, 0x20, 0xD3, 0x25, 0x9E, 0x06, 0xC3, 0xC4, 0xD6, 0x0C, 0x39, 0xAA, 0x67,
    0xC8, 0xCB, 0x8E, 0x7E, 0x8C, 0xC0, 0x78, 0x04, 0x0C, 0x70, 0x7D, 0xD1, 0x03, 0x3C, 0xF0, 0x50,
    0xBF, 0x54, 0x7E, 0xA7, 0x8D, 0x50, 0xAD, 0x05, 0x5B, 0xAB, 0x09, 0xEE, 0xC5, 0x11, 0xD1, 0x2B,
    0xB3, 0xC4, 0x05, 0x7A, 0x8E, 0x91, 0xCD, 0xA5, 0x46, 0x12, 0x0B, 0x4A, 0xBD, 0xAA, 0x96, 0x5B,
    0xFC, 0xC3, 0x3C, 0x53, 0xD9, 0xD6, 0x39, 0x46, 0x40, 0xF8, 0x1D, 0x57, 0x25, 0x3C, 0x0D, 0x76,
    0xD4, 0xCA, 0x82, 0xC1, 0xAB, 0x92, 0x59, 0x52, 0x80, 0x05, 0x8E, 0xB4, 0x0A, 0x99, 0xDB, 0xF5,
    0x68, 0xD7, 0x80, 0xCF, 0x35, 0x03, 0x8B, 0x2B, 0xFB, 0xA1, 0xED, 0x0F, 0x73, 0xCB, 0xEE, 0x43,
    0x0A, 0xAE, 0xFB, 0xAA, 0x39, 0x16, 0xD9, 0x6C, 0xB5, 0x25, 0x1A, 0x43, 0x0E, 0x8D, 0x84, 0xB6,
    0x61, 0xCE, 0x50, 0x07, 0xE2, 0xF5, 0x65, 0x0F, 0x89, 0x20, 0x09, 0xA5, 0xB5, 0xAE, 0xA2, 0x9B,
    0xF3, 0xAF, 0xC2, 0xBF, 0x13, 0xEC, 0xB3, 0x81, 0xF9, 0xE4, 0xB7, 0x21, 0x0F, 0x5E, 0x79, 0xF5,
    0x43, 0xE2, 0xD0, 0xAA, 0x48, 0x2A, 0x5D, 0xCA, 0x2E, 0x80, 0x68, 0x48, 0x3D, 0x10, 0xEA, 0xFF,
    0x36, 0x35, 0xCC, 0x03, 0xA7, 0xC5, 0x2B, 0x3C, 0x1E, 0xB2, 0x8B, 0x7B, 0x16, 0xBD, 0x14, 0x7B,
    0x89, 0xF7, 0x9D, 0x5C, 0xC5, 0x3D, 0x7F, 0xE7, 0x1F, 0xFA, 0x5B, 0x01, 0xD1, 0xC3, 0xE0, 0x8B,
    0x14, 0x19, 0xE5, 0x48, 0x68, 0x0C, 0x38, 0x07, 0xEB, 0x20, 0xC6, 0x3D, 0xCE, 0x0C, 0x87, 0x18,
    0xF5, 0xF5, 0x30, 0xC9, 0x49, 0x47, 0x0F, 0x9B, 0x2A, 0x76, 0x16, 0x22, 0xA8, 0x2A, 0x18, 0x05,
    0x1E, 0x66, 0x0C, 0xC6, 0xA4, 0x2A, 0x7B, 0xDF, 0x62, 0x20, 0xCF, 0x62, 0xA4, 0xD0, 0xF2, 0x50,
    0x1F, 0x41, 0xA5, 0xE4, 0xA2, 0x64, 0x4A, 0x68, 0x45, 0x8C, 0xA6, 0xC3, 0xF1, 0xBC, 0x90, 0x3F,
    0x33, 0x88, 0x90, 0x16, 0x25, 0x62, 0x8F, 0xA7, 0x78, 0x48, 0xFB, 0xDF, 0x03, 0x8F, 0xC9, 0x7D,
    0xE6, 0xF6, 0x7D, 0x36, 0x9C, 0xA9, 0xF5, 0x61, 0x0E, 0x6E, 0xD2, 0x93, 0x37, 0xF1, 0x6C, 0x41,
    0x18, 0xED, 0x6E, 0x3E, 0xC4, 0x4D, 0x38, 0xA4, 0x15, 0x75, 0xD8, 0xD7, 0xF0, 0x7A, 0xED, 0xE9,
    0xBF, 0x46, 0x8C, 0xD0, 0xE3, 0xEC, 0xCC, 0x1F, 0xB0, 0x72, 0x18, 0x50, 0xF0, 0x23, 0xB1, 0x2A,
    0x92, 0x66, 0x97, 0x51, 0xA2, 0x5B, 0x68, 0xE1, 0x8C, 0x44, 0x2F, 0x2E, 0xCD, 0x28, 0xDB, 0x91,
    0x03, 0x8B, 0xC3, 0x4E, 0x12, 0x51, 0xA2, 0x39, 0x60, 0xA2, 0xFE, 0x6C, 0xE5, 0x5B, 0x9B, 0x7A,
    0xDE, 0xC8, 0xF2, 0xD2, 0x83, 0xFA, 0x4D, 0xC3, 0x2A, 0x7F, 0x12, 0xAF, 0x16, 0x40, 0x4A, 0x6E,
    0x2D, 0xEA, 0xD7, 0xD8, 0xC7, 0x14, 0xC5, 0xC9, 0x3B, 0xCD, 0x66, 0xC9, 0xBD, 0xA5, 0x18, 0x38,
    0x8E, 0x36, 0xEE, 0xEE, 0xEF, 0x93, 0xC4, 0x88, 0x1B, 0xC0, 0x45, 0x3D, 0x1E, 0x4E, 0x62, 0xE3,
    0x2C, 0xB6, 0xF7, 0x2C, 0x76, 0x00, 0x5C, 0x04, 0x68, 0xE1, 0x1C, 0x3A, 0x7A, 0xF1, 0xA6, 0x0C,
    0x20, 0x3A, 0x6E, 0x9A, 0x13, 0x5E, 0xB2, 0x8B, 0xC5, 0xB8, 0xA6, 0x85, 0xAB, 0x2B, 0x92, 0xD2,
    0x63, 0x6A, 0x1F, 0x16, 0x41, 0xDF, 0x74, 0x15, 0x6B, 0xAA, 0xD7, 0x50, 0x48, 0xAA, 0x47, 0x76,
    0xF1, 0xCF, 0x90, 0x8A, 0xFF, 0x76, 0x8B, 0xA4, 0xE0, 0x00, 0x8D, 0xBB, 0xFB, 0x70, 0x08, 0x7A,
    0x85, 0x17, 0xCE, 0x67, 0xD9, 0x61, 0x52, 0x7E, 0x60, 0x8B, 0xD0, 0xBE, 0x07, 0xB3, 0xC2, 0x57,
    0xF2, 0x1D, 0xFD, 0x3D, 0xFF, 0x6C, 0x6E, 0x97, 0x07, 0x4A, 0xCB, 0x42, 0xAC, 0x0F, 0x2B, 0x7E,
    0xC4, 0xB9, 0xBD, 0xBC, 0x3F, 0x71, 0x20, 0x2E, 0x10, 0x42, 0xD7, 0x43, 0x8A, 0x1A, 0xDF, 0x36,
    0xC6, 0xD6, 0x1C, 0xB6, 0xB3, 0x45, 0xF3, 0x3F, 0xEB, 0x17, 0x25, 0xF8, 0x5A, 0x36, 0xCD, 0x73,
    0xC4, 0xFC, 0x26, 0x88, 0x00, 0x6A, 0x7F, 0xC5, 0x0A, 0xEF, 0x92, 0x9C, 0x4F, 0xFF, 0x01, 0xDD,
    0x3E, 0x27, 0x05, 0x85, 0x62, 0x8E, 0xD9, 0xBF, 0x89, 0x7E, 0xD9, 0xC6, 0xAF, 0xF7, 0x86, 0x6E,
    0xEC, 0xE2, 0xC6, 0xEF, 0xDF, 0xAD, 0x97, 0x79, 0x59, 0xD2, 0xC5, 0xDD, 0xE6, 0x9B, 0x43, 0x49,
    0x97, 0x74, 0x7E, 0xE1, 0xBB, 0x4C, 0xEE, 0x97, 0xB4, 0x44, 0x3C, 0xC5, 0x71, 0xC9, 0xE8, 0x9C,
    0xBE, 0x41, 0x63, 0xDC, 0xCF, 0xFB, 0x57, 0xDA, 0x62, 0x2E, 0xCE, 0xD1, 0x1A, 0x0A, 0x38, 0x68,
    0x8F, 0x13, 0x5D, 0x9F, 0xB0, 0x1B, 0x7C, 0xFB, 0xB3, 0x5E, 0x9C, 0xB3, 0x62, 0x55, 0x6B, 0x51,
    0x6A, 0x9E, 0x03, 0x82, 0x6A, 0x7E, 0x81, 0x1D, 0x7F, 0x20, 0x1A, 0xF1, 0xA2, 0xBA, 0xC8, 0xE2,
    0x26, 0xF9, 0x73, 0x55, 0x30, 0xAA, 0xFE, 0x2B, 0x09, 0xD1, 0xE1, 0x80, 0x46, 0x93, 0xAC, 0xFA,
    0x80, 0xC0, 0x3E, 0x15, 0x68, 0x3E, 0x05, 0x4E, 0x70, 0xDE, 0xE2, 0x41, 0x1E, 0xE9, 0xE5, 0x11,
    0x94, 0x08, 0x54, 0x92, 0xF3, 0xB8, 0x07, 0x2D, 0xA3, 0xAF, 0xC7, 0x78, 0xCB, 0xAD, 0x57, 0x04,
    0xB0, 0x55, 0xCC, 0xB2, 0x9B, 0x2B, 0xB3, 0x34, 0x93, 0x1E, 0x09, 0x3B, 0x55, 0xD1, 0x3C, 0xAE,
    0xED, 0x84, 0x81, 0x97, 0xAB, 0xB2, 0xA1, 0x05, 0xCB, 0x39, 0x46, 0xF9, 0x00, 0xAF, 0x5B, 0xD9,
    0xA9, 0xB4, 0xF2, 0x62, 0x0E, 0xDC, 0x69, 0x96, 0xFE, 0x42, 0x56, 0xF4, 0xBE, 0x61, 0x20, 0x30,
    0xB2, 0x5D, 0x82, 0x85, 0x1F, 0x72, 0x3B, 0x67, 0xD8, 0xD7, 0x5A, 0x31, 0xFF, 0x9C, 0x5A, 0x51,
    0x32, 0x1F, 0x38, 0xBF, 0x08, 0xC6, 0xD0, 0x66, 0x71, 0xEF, 0x59, 0x14, 0x00, 0xDB, 0xD6, 0xA0,
    0xB8, 0x15, 0xB6, 0x67, 0xB0, 0xBF, 0x13, 0x74, 0xBC, 0xDF, 0x72, 0xB6, 0xC9, 0x2D, 0xF3, 0x33,
    0xE7, 0x39, 0x11, 0x28, 0xFB, 0xF7, 0x09, 0xFD, 0x75, 0xAB, 0x37, 0x1E, 0x56, 0x9E, 0xDF, 0x5A,
    0x2B, 0xCA, 0xF1, 0x01, 0x6A, 0x51, 0x94, 0x96, 0x6D, 0xAD, 0xF8, 0xA0, 0x09, 0x5A, 0x69, 0x45,
    0xEF, 0x2C, 0xAD, 0xE8, 0x8B, 0x56, 0xEC, 0x37, 0xB5, 0xE2, 0x03, 0xE7, 0x10, 0xB9, 0x17, 0x14,
    0xA2, 0x3B, 0xB7, 0xE0, 0xDB, 0x4B, 0x15, 0x7C, 0xA7, 0x81, 0xBE, 0x5F, 0x6F, 0x14, 0x9D, 0x3E,
    0x78, 0x5A, 0x56, 0x1A, 0x5A, 0xF4, 0x72, 0xB4, 0xD2, 0xD0, 0xC1, 0x59, 0x1A, 0xFA, 0x41, 0xF3,
    0xC5, 0x95, 0x92, 0xB4, 0xEB, 0x1C, 0x51, 0xDE, 0xAF, 0xCB, 0x4A, 0xF4, 0x7B, 0xFF, 0xAC, 0xD7,
    0x3A, 0xBA, 0xAF, 0x2F, 0xF9, 0xB3, 0x72, 0x09, 0x17, 0x9B, 0xFD, 0xF4, 0xA7, 0xA1, 0xE6, 0xED,
    0xD6, 0x15, 0xF3, 0xBE, 0xED, 0x62, 0xA8, 0x96, 0x9C, 0xEC, 0xB7, 0xD8, 0x81, 0x9A, 0x78, 0xD0,
    0x08, 0x1E, 0x27, 0xDE, 0x05, 0x1B, 0xD3, 0x81, 0xED, 0x88, 0x19, 0x42, 0x80, 0xE4, 0x7D, 0x06,
    0xF9, 0x5F, 0x59, 0x33, 0xB2, 0x23, 0x63, 0x38, 0xBC, 0x65, 0x50, 0xC5, 0xA3, 0x68, 0x20, 0x9E,
    0x50, 0x82, 0x52, 0x6E, 0xC3, 0xBB, 0xF3, 0x43, 0x5B, 0x98, 0x94, 0xB5, 0xE7, 0xB3, 0xA2, 0x49,
    0xB4, 0x4A, 0x46, 0x53, 0x37, 0x1A, 0x81, 0x7B, 0x76, 0xE3, 0x6C, 0x4C, 0x5C, 0x05, 0x77, 0x3E,
    0x16, 0x68, 0x00, 0xBB, 0x3E, 0xDA, 0xB8, 0x5E, 0x7D, 0xEF, 0x56, 0x66, 0xEC, 0xBB, 0x16, 0xDA,
    0xEE, 0x75, 0x8B, 0x55, 0x2A, 0x62, 0x79, 0x27, 0x2D, 0xBA, 0x4F, 0x28, 0x4F, 0x55, 0x02, 0x1B,
    0x89, 0xF2, 0x24, 0x8B, 0x60, 0xED, 0xCF, 0x51, 0x1C, 0x3D, 0xC5, 0x77, 0x89, 0x2E, 0x1C, 0x3D,
    0x91, 0xAD, 0x99, 0x27, 0x2E, 0x96, 0x86, 0x48, 0x1A, 0xBA, 0x79, 0xA2, 0xAA, 0xB5, 0xDE, 0x45,
    0xE9, 0x74, 0x2F, 0xF6, 0xD0, 0xA3, 0xA4, 0x56, 0xCF, 0x67, 0xB5, 0x92, 0x2F, 0xD9, 0x58, 0x6F,
    0x0D, 0xAD, 0x87, 0x13, 0x09, 0xEC, 0x52, 0x89, 0xEC, 0xE0, 0xAA, 0x87, 0x59, 0x50, 0x3D, 0x3A,
    0x6A, 0x17, 0x19, 0x84, 0x37, 0x6D, 0x21, 0x98, 0xA6, 0x07, 0xA1, 0xF9, 0x80, 0x22, 0xC0, 0x5C,
    0xAE, 0xF5, 0xFB, 0x45, 0xB1, 0x38, 0x75, 0xE4, 0xFC, 0x28, 0x64, 0x40, 0x6B, 0xB2, 0x55, 0x06,
    0x34, 0x9B, 0x2D, 0x22, 0xEB, 0x8D, 0xEB, 0xC2, 0x65, 0x09, 0xE0, 0x49, 0x6B, 0x26, 0xD7, 0xB5,
    0xB7, 0xD7, 0x96, 0x6F, 0x5E, 0x5B, 0x22, 0xCD, 0x96, 0xCB, 0x31, 0x05, 0xEB, 0xFE, 0x40, 0xDE,
    0x4D, 0x65, 0x18, 0x21, 0x87, 0xD4, 0xE0, 0x01, 0x4D, 0x0C, 0x95, 0x78, 0x3F, 0x96, 0xB7, 0xD9,
    0x15, 0x49, 0xA1, 0xEF, 0x4A, 0x02, 0xEF, 0x1D, 0x72, 0xA1, 0x89, 0x2B, 0xE2, 0xD3, 0xD4, 0x8E,
    0xCB, 0x5F, 0x69, 0xB6, 0xAB, 0xDC, 0x38, 0x27, 0x55, 0x7D, 0xAD, 0xD5, 0x49, 0x42, 0x94, 0x26,
    0x14, 0xB6, 0xC4, 0xB3, 0x5A, 0x95, 0x6A, 0x96, 0x76, 0x5D, 0x73, 0xA7, 0x35, 0x97, 0x73, 0x09,
    0xFA, 0xBA, 0x50, 0x4D, 0x0B, 0xDC, 0xE4, 0x68, 0xDC, 0x5D, 0x07, 0xF7, 0x03, 0xAF, 0x1F, 0x32,
    0x84, 0xF1, 0x47, 0xD2, 0x09, 0x7C, 0xEE, 0xAF, 0x43, 0xCD, 0xD5, 0xA1, 0xF8, 0x69, 0xCC, 0xF6,
    0x00, 0x19, 0x15, 0x79, 0xCF, 0xEB, 0x77, 0xC2, 0x46, 0xA0, 0xFA, 0x75, 0x6A, 0xF6, 0xC1, 0x86,
    0x88, 0x3D, 0x62, 0x7B, 0x37, 0xEF, 0xA4, 0x67, 0xD4, 0x2E, 0xC2, 0x8B, 0x0A, 0xEE, 0x93, 0x42,
    0xF5, 0x6F, 0x72, 0xAD, 0x76, 0x58, 0x64, 0x0B, 0x79, 0xC3, 0x34, 0x95, 0xA2, 0x1D, 0xC4, 0xA1,
    0x65, 0x2F, 0x07, 0x1E, 0x50, 0xD3, 0xD0, 0xD3, 0x2D, 0xCE, 0xD1, 0x16, 0x5B, 0xBE, 0xD0, 0x17,
    0x72, 0x7D, 0xFF, 0x1F, 0xED, 0x5C, 0x31, 0x90, 0xDD, 0x46, 0x72, 0x1D, 0x00, 0xDA, 0xC5, 0x89,
    0x38, 0x0B, 0x0C, 0x4E, 0x55, 0xD2, 0xD1, 0x2A, 0x28, 0x50, 0x20, 0x9D, 0x75, 0x82, 0x03, 0x05,
    0x0A, 0xB8, 0x04, 0xAE, 0x14, 0x38, 0x34, 0x03, 0xAD, 0x92, 0x0B, 0x7C, 0xC1, 0x25, 0x47, 0x07,
    0x72, 0x70, 0xC1, 0x05, 0xA4, 0x80, 0xB3, 0x42, 0x25, 0x6B, 0xD7, 0x95, 0x13, 0x97, 0xAB, 0x18,
    0xD0, 0x55, 0xD2, 0x2A, 0xA0, 0x02, 0x05, 0x0A, 0x28, 0x02, 0x25, 0x06, 0x0A, 0x14, 0x08, 0xE5,
    0xE0, 0x2E, 0xB8, 0xC0, 0x08, 0x98, 0x48, 0x0E, 0x84, 0x92, 0x41, 0x1B, 0xA4, 0xF0, 0x31, 0xD7,
    0xAF, 0xBB, 0x07, 0x1F, 0x7F, 0x49, 0x59, 0xA4, 0xCC, 0xE5, 0x8A, 0xDC, 0xFB, 0xB5, 0x7F, 0x66,
    0xF6, 0x7F, 0x7C, 0x60, 0xA6, 0xBB, 0xA7, 0xA7, 0xFB, 0x75, 0xCF, 0x18, 0xE3, 0xED, 0xEE, 0xBE,
    0x66, 0xE8, 0x15, 0x59, 0x3B, 0xA1, 0x8E, 0xAD, 0x5D, 0x69, 0x3D, 0x9A, 0x3B, 0xBE, 0x9E, 0x91,
    0xCA, 0xB7, 0x52, 0xA7, 0x5A, 0x67, 0x36, 0xD7, 0xBA, 0xE4, 0xBA, 0xB2, 0x35, 0xD7, 0xFF, 0x6B,
    0x1B, 0x54, 0xDE, 0x57, 0xB6, 0xE5, 0x9F, 0x75, 0xB6, 0x43, 0x1D, 0x34, 0xB6, 0x47, 0x1D, 0xD6,
    0xD5, 0xC0, 0xCF, 0xAB, 0x0B, 0x7E, 0x5E, 0x9C, 0x67, 0x5C, 0xA7, 0x26, 0xE5, 0xFE, 0x9C, 0x31,
    0x09, 0x3F, 0xE0, 0x02, 0xF5, 0x08, 0xB5, 0xA5, 0x57, 0xA9, 0x35, 0x3D, 0xC0, 0xBF, 0xB9, 0xFB,
    0x73, 0xD4, 0x41, 0x67, 0x02, 0x3C, 0x20, 0x6C, 0xA9, 0xA6, 0x07, 0xC4, 0x0D, 0x75, 0x10, 0x35,
    0x7D, 0x67, 0xE9, 0x01, 0x29, 0x6A, 0xBA, 0x71, 0x46, 0xBF, 0xC5, 0x00, 0xF1, 0x1B, 0x6B, 0xCD,
    0x29, 0x7B, 0x93, 0xEE, 0x6F, 0xFB, 0x8C, 0xDA, 0x05, 0x8D, 0xFC, 0x31, 0x1D, 0x63, 0x84, 0xD1,
    0x33, 0x09, 0xF0, 0xAD, 0xD9, 0xDA, 0xDD, 0x3D, 0x7B, 0x1B, 0x1D, 0x42, 0xF4, 0xAF, 0xA0, 0x1B,
    0x05, 0xB7, 0xE8, 0x49, 0x71, 0x5D, 0x75, 0x26, 0xAB, 0x8B, 0xDE, 0x54, 0x25, 0x15, 0xBF, 0x31,
    0x05, 0x86, 0xC7, 0x05, 0xFA, 0x11, 0x51, 0xE1, 0x59, 0x5C, 0x37, 0xE0, 0xBA, 0x96, 0x8A, 0xAA,
    0xA1, 0xC2, 0xA2, 0x65, 0x6F, 0xD8, 0x61, 0xAF, 0xB0, 0x5F, 0xDA, 0x3A, 0x9D, 0x22, 0x9B, 0xFB,
    0x17, 0xBD, 0x4B, 0xB8, 0xBF, 0x31, 0xCF, 0x0B, 0x85, 0xCC, 0x15, 0xA6, 0xD8, 0x10, 0x32, 0xA5,
    0x02, 0x2B, 0x14, 0xA4, 0xFE, 0x37, 0xCA, 0x01, 0xA1, 0xBC, 0xF7, 0xBB, 0x63, 0xC4, 0xA1, 0xA0,
    0x36, 0x0D, 0x15, 0x3E, 0xDD, 0xAD, 0x8F, 0x5A, 0xBA, 0x95, 0x5C, 0x4F, 0x3F, 0xCE, 0xD0, 0xAB,
    0xED, 0x8B, 0x0F, 0x8A, 0x4D, 0xC7, 0x69, 0x62, 0x5C, 0x51, 0xDA, 0x8B, 0xFC, 0xE1, 0x5E, 0x32,
    0x32, 0x19, 0x90, 0x71, 0x72, 0x68, 0x37, 0x09, 0xE1, 0xDB, 0xF2, 0x7D, 0xA9, 0x67, 0xC1, 0x6D,
    0x95, 0x12, 0x42, 0x91, 0x64, 0x38, 0x5C, 0x36, 0x8D, 0x4C, 0x5E, 0x4C, 0x6B, 0x3C, 0x37, 0xA9,
    0x5D, 0x97, 0x31, 0x66, 0x7A, 0x00, 0x8A, 0xFA, 0x17, 0x54, 0x7C, 0xDD, 0x81, 0x4B, 0x0D, 0x58,
    0x47, 0x1F, 0x46, 0x2B, 0x19, 0x8D, 0x0C, 0x22, 0xE9, 0x65, 0xA8, 0x83, 0x8C, 0x80, 0x47, 0x1E,
    0x4C, 0xA2, 0x2C, 0x64, 0x54, 0x89, 0x8C, 0xFE, 0x29, 0xB9, 0xFE, 0xDC, 0x2D, 0xFC, 0x4B, 0x24,
    0x24, 0xA2, 0x78, 0x76, 0x7A, 0x8F, 0x86, 0x1C, 0xD3, 0x5D, 0x33, 0xEA, 0xEE, 0x8A, 0x7F, 0x82,
    0x71, 0x04, 0x5D, 0xC0, 0x77, 0xEA, 0x62, 0x96, 0x89, 0x2E, 0x61, 0x0A, 0xFE, 0x22, 0x13, 0xC2,
    0x65, 0x72, 0xFB, 0x4A, 0x2B, 0xE9, 0x8E, 0xBD, 0x63, 0xB5, 0x71, 0x65, 0xA1, 0x3F, 0xB7, 0x0B,
    0xED, 0xF0, 0xAC, 0x3C, 0xE1, 0x37, 0x21, 0x93, 0xBE, 0xF7, 0x21, 0x63, 0x44, 0x92, 0x4A, 0xFA,
    0x92, 0x50, 0xCF, 0x0A, 0x9E, 0x44, 0x97, 0x71, 0x59, 0xAA, 0x6B, 0xC1, 0xB9, 0x77, 0x99, 0x6D,
    0x44, 0x8B, 0x98, 0x2E, 0x4F, 0x41, 0x1D, 0xEA, 0x6D, 0x41, 0xF7, 0xC3, 0xD7, 0x44, 0x09, 0x9A,
    0x7D, 0x26, 0x28, 0x9D, 0xCA, 0x2C, 0x89, 0xB1, 0x7D, 0x70, 0xB3, 0x18, 0xE3, 0x36, 0x1C, 0x49,
    0xAE, 0x7A, 0x10, 0xB9, 0xAA, 0x55, 0xA6, 0x96, 0x6F, 0xFA, 0x19, 0x31, 0xEA, 0x07, 0xC5, 0xCA,
    0x5C, 0x20, 0x01, 0x1B, 0x49, 0xD1, 0x76, 0x21, 0xA4, 0x16, 0x8F, 0xFD, 0xF1, 0xC5, 0xC5, 0x94,
    0x8A, 0x9A, 0x0D, 0xAA, 0x4F, 0xAA, 0xFF, 0x30, 0x94, 0x78, 0xC8, 0x40, 0xF7, 0x2C, 0xF7, 0x87,
    0xC5, 0x0F, 0x1E, 0x1D, 0xB2, 0xB7, 0x32, 0xCF, 0x42, 0x12, 0xDE, 0x78, 0x25, 0xDA, 0x24, 0x4B,
    0x4B, 0x33, 0xC6, 0xB5, 0xD7, 0x07, 0xAD, 0xD7, 0x98, 0xF6, 0x10, 0xC8, 0xBE, 0x29, 0xEC, 0xA2,
    0x78, 0x66, 0x4A, 0x4C, 0xCB, 0x0F, 0x93, 0xCE, 0x3C, 0x92, 0x64, 0x87, 0xE6, 0x25, 0x81, 0x4A,
    0x26, 0x25, 0xB9, 0x95, 0x3A, 0xA6, 0x51, 0x7B, 0x7B, 0x0B, 0xC1, 0xBC, 0x9F, 0x64, 0x3F, 0xC9,
    0x7F, 0xA4, 0x8E, 0x78, 0x81, 0x8F, 0x57, 0x45, 0x2B, 0x62, 0x5E, 0x2E, 0x28, 0x91, 0x0A, 0x4B,
    0xC2, 0xFA, 0x51, 0x24, 0xBB, 0x5F, 0x9B, 0xD6, 0xEB, 0x82, 0x16, 0xD2, 0x6D, 0x0A, 0x92, 0x72,
    0xDC, 0x16, 0x52, 0x1F, 0x8D, 0x32, 0x0B, 0xBC, 0xF6, 0xF0, 0xC8, 0xEE, 0xE8, 0x4E, 0x3C, 0xAE,
    0x5A, 0xB3, 0xA0, 0xBC, 0x1B, 0xB8, 0xA3, 0xBD, 0x89, 0x96, 0xC4, 0x7F, 0x32, 0xDF, 0x3A, 0x77,
    0x89, 0x29, 0x40, 0xAF, 0xEB, 0x6C, 0x32, 0x32, 0x1F, 0xB0, 0x9A, 0x46, 0x78, 0x38, 0xD5, 0x1E,
    0x56, 0x56, 0x5E, 0x5D, 0xAD, 0xD4, 0xA0, 0x01, 0x6A, 0x10, 0x0A, 0x75, 0x48, 0x0C, 0x42, 0x1D,
    0xCC, 0xF5, 0xC0, 0xB5, 0xAF, 0x35, 0x6E, 0xB0, 0xAC, 0xCD, 0x81, 0xDA, 0x9B, 0xAF, 0x73, 0xBF,
    0x3B, 0x78, 0xBF, 0x46, 0x9F, 0x53, 0xEB, 0x73, 0xA5, 0x1F, 0xE9, 0x4A, 0x46, 0x57, 0xF5, 0x58,
    0x8D, 0xF3, 0x88, 0x2E, 0x3B, 0x85, 0xEE, 0x4F, 0x3A, 0x1E, 0x21, 0xF7, 0x6C, 0xF4, 0x3E, 0xE6,
    0x43, 0x80, 0xBC, 0x2B, 0x09, 0x3E, 0xAF, 0x46, 0xAC, 0x02, 0x81, 0x05, 0xF5, 0xF1, 0x1F, 0x57,
    0xD9, 0x5C, 0xE5, 0x52, 0x31, 0x61, 0xC7, 0x97, 0xA4, 0x7A, 0x51, 0x2A, 0x33, 0x57, 0x91, 0x65,
    0xE3, 0xA6, 0xB2, 0x30, 0x41, 0x02, 0xFB, 0x37, 0xA8, 0x68, 0x8A, 0xE1, 0xC3, 0x74, 0x60, 0x75,
    0x9F, 0xF5, 0x5C, 0x61, 0x79, 0x1F, 0x78, 0xD1, 0xFF, 0xD6, 0x4A, 0x7E, 0x47, 0xEA, 0x89, 0x7F,
    0x3E, 0x71, 0x95, 0xD8, 0xDF, 0xDB, 0xD5, 0x1E, 0x0D, 0x9F, 0xCC, 0x01, 0xB0, 0x64, 0x4A, 0x6F,
    0xD2, 0x63, 0x4F, 0x5C, 0x7C, 0xE1, 0x01, 0x32, 0x90, 0x04, 0xDD, 0xCE, 0x35, 0x7D, 0xB8, 0x65,
    0x57, 0xAF, 0x3D, 0x70, 0x06, 0xB2, 0x72, 0x67, 0x06, 0x54, 0x23, 0x8B, 0xF8, 0xBA, 0xAD, 0x8C,
    0x41, 0xE9, 0xEF, 0x57, 0xD3, 0x1E, 0xE4, 0xDF, 0x76, 0x5C, 0xD6, 0x1B, 0xDF, 0x9A, 0xD7, 0x40,
    0xD2, 0x14, 0x3C, 0xF3, 0x88, 0x9E, 0x83, 0x89, 0x26, 0x74, 0x3B, 0x19, 0x4D, 0x31, 0x28, 0xBF,
    0x0A, 0xE6, 0x85, 0xFD, 0xBF, 0x4B, 0xB9, 0x92, 0xF9, 0x44, 0x6A, 0x8A, 0x7E, 0x9B, 0xD8, 0x7F,
    0x26, 0x2E, 0x09, 0x93, 0x3C, 0xE1, 0xD1, 0x8F, 0x99, 0x45, 0xE2, 0x9C, 0x8A, 0x4B, 0x2A, 0x0E,
    0x69, 0xCC, 0x12, 0xB3, 0x31, 0x0D, 0x8D, 0x79, 0xBD, 0xE4, 0x31, 0x37, 0xC4, 0xC1, 0x7D, 0x9A,
    0xC2, 0x74, 0x5D, 0xC8, 0xA5, 0x2F, 0x34, 0x94, 0xF2, 0x7D, 0x2E, 0x4F, 0xCA, 0xF4, 0x59, 0x97,
    0x3F, 0xE4, 0xF2, 0x45, 0x2E, 0x4F, 0xB3, 0xF5, 0x3C, 0xCE, 0xE5, 0x68, 0xCE, 0xCF, 0x9F, 0x8F,
    0xE6, 0x2F, 0x17, 0xD7, 0x2F, 0xEF, 0x60, 0x7E, 0xC0, 0xE5, 0x33, 0x5C, 0x9E, 0xE6, 0xF2, 0x0A,
    0x78, 0xE3, 0x0F, 0xCC, 0x91, 0x9E, 0xFB, 0xD6, 0xA9, 0xDF, 0x02, 0x09, 0xF3, 0x51, 0x04, 0x2C,
    0x0D, 0xEA, 0x7C, 0x6F, 0xFA, 0x95, 0xEC, 0xC4, 0x10, 0x95, 0xBC, 0xC9, 0x5F, 0x91, 0xD7, 0x67,
    0x2C, 0xCC, 0x2F, 0x9B, 0x27, 0xB7, 0xF6, 0x6D, 0x0E, 0x21, 0xCA, 0xB3, 0x9B, 0xBB, 0xBB, 0x46,
    0xAC, 0x9F, 0x75, 0xD1, 0x0B, 0x97, 0x3C, 0xB8, 0x05, 0x71, 0x1E, 0xDB, 0x5B, 0x16, 0x62, 0xBF,
    0x82, 0x9D, 0xDC, 0x43, 0x5D, 0xD3, 0x9C, 0xDD, 0x7E, 0x07, 0xC2, 0x6F, 0xCC, 0xCB, 0x24, 0xEC,
    0x25, 0xEC, 0xB7, 0xB0, 0x0F, 0x7B, 0xE7, 0x50, 0x7A, 0xCA, 0x6E, 0x56, 0xE8, 0x58, 0xEA, 0x1E,
    0x32, 0xCA, 0xBE, 0x8C, 0x47, 0x5D, 0xC1, 0x1D, 0xDF, 0x34, 0x3C, 0x61, 0x59, 0x56, 0xD9, 0x59,
    0xC0, 0xB8, 0x7E, 0xF5, 0x80, 0xC8, 0x6B, 0x4C, 0x2E, 0x6B, 0xC9, 0x7A, 0x75, 0x5C, 0x96, 0xE2,
    0xBB, 0x45, 0xC3, 0x43, 0x2A, 0xBE, 0x6B, 0xFF, 0x2E, 0x00, 0x55, 0xA1, 0x95, 0x84, 0xBE, 0xFC,
    0xAF, 0xCF, 0x56, 0xC0, 0x73, 0x0F, 0x50, 0x9A, 0x1F, 0x26, 0xF2, 0x7D, 0xC4, 0xB6, 0x05, 0x9B,
    0x12, 0x71, 0xBB, 0x76, 0x9B, 0xD9, 0xFF, 0x14, 0xD7, 0xD9, 0xE3, 0xD2, 0xB7, 0xF5, 0xAF, 0x8D,
    0xB8, 0xB7, 0xCE, 0x55, 0x2E, 0xD8, 0x20, 0x51, 0x87, 0x14, 0x34, 0x6D, 0x40, 0xD3, 0x11, 0x34,
    0x9D, 0x4C, 0x30, 0x82, 0xA6, 0x03, 0x68, 0x3A, 0x29, 0x4D, 0x4D, 0x76, 0x83, 0x14, 0xCB, 0x41,
    0x9A, 0x0E, 0xC6, 0xC7, 0xBA, 0x18, 0x13, 0x4D, 0x89, 0x9C, 0xAC, 0x55, 0x43, 0xCB, 0x8B, 0x1C,
    0x1E, 0x25, 0x34, 0xBD, 0xCC, 0x3A, 0x00, 0x0F, 0xB9, 0xEA, 0x56, 0x8C, 0x60, 0x50, 0x9B, 0x58,
    0xC4, 0x36, 0x1A, 0x4F, 0x80, 0xE7, 0x57, 0xD1, 0x8D, 0x95, 0x2C, 0x74, 0x34, 0x88, 0x86, 0xD7,
    0x18, 0xFA, 0x4B, 0x1A, 0x1F, 0xCB, 0xD5, 0x04, 0x9B, 0xC9, 0x13, 0x84, 0x4A, 0x24, 0x5F, 0x66,
    0x84, 0xDF, 0x3E, 0xA4, 0x92, 0xCF, 0xEA, 0x65, 0x07, 0x08, 0x48, 0xEA, 0xD3, 0xD0, 0xE2, 0x4F,
    0xBA, 0x59, 0xF2, 0x4B, 0x07, 0x79, 0x30, 0x87, 0x4F, 0x3F, 0x30, 0x45, 0xE3, 0x9E, 0xA3, 0xF0,
    0x83, 0x3A, 0x6B, 0x56, 0xA1, 0x16, 0xF6, 0x91, 0x57, 0x6C, 0xBA, 0xA6, 0xA5, 0xB7, 0xC4, 0x72,
    0xFF, 0xFE, 0x73, 0x31, 0xD9, 0x61, 0x2C, 0xF8, 0x76, 0x82, 0x35, 0x0E, 0xB3, 0x86, 0x78, 0x08,
    0xDF, 0x2E, 0x69, 0x3C, 0xD6, 0x9A, 0x2D, 0x7B, 0x0D, 0x41, 0x1B, 0xF3, 0xF8, 0x5A, 0x01, 0x9B,
    0xF6, 0x0E, 0x78, 0x0D, 0xAB, 0x0D, 0xAF, 0x61, 0x3C, 0xE0, 0x35, 0xF8, 0xB7, 0xF6, 0xF7, 0xA9,
    0xC2, 0x52, 0x07, 0xAF, 0x21, 0xB1, 0x5D, 0x31, 0xB1, 0xAA, 0xC0, 0x5D, 0xD6, 0x15, 0x9E, 0x40,
    0x15, 0xA8, 0x49, 0x55, 0xC0, 0xB6, 0x47, 0x0D, 0x7B, 0x0E, 0x3D, 0x20, 0xCF, 0x22, 0xA6, 0x39,
    0x10, 0x8A, 0x6D, 0x03, 0x2C, 0x8A, 0x4D, 0xD1, 0xFD, 0x4B, 0x6B, 0x5A, 0xBF, 0x29, 0xCF, 0x93,
    0x71, 0xD7, 0x46, 0x8C, 0x26, 0x1A, 0xFC, 0x1F, 0x40, 0x98, 0xE4, 0xB7, 0x03, 0x83, 0x65, 0x80,
    0xAE, 0x5E, 0x31, 0x2F, 0x2E, 0x1C, 0xB8, 0xEB, 0x62, 0x80, 0xDA, 0xDA, 0xB7, 0x80, 0x14, 0xA2,
    0x91, 0x28, 0x9C, 0x93, 0x94, 0xE2, 0xA1, 0x83, 0x96, 0xE4, 0x58, 0x68, 0x39, 0xC2, 0xA9, 0xC0,
    0xB7, 0x39, 0xCD, 0x43, 0x8F, 0x3B, 0xFE, 0xEA, 0xC8, 0x77, 0xC0, 0x53, 0xBE, 0xC6, 0xCC, 0x65,
    0x74, 0xC9, 0x24, 0x37, 0x95, 0xBA, 0x9F, 0x8B, 0x67, 0xD6, 0xB2, 0x61, 0xB9, 0x02, 0x4B, 0x68,
    0x62, 0x4A, 0x19, 0x37, 0x1E, 0xF1, 0x29, 0x2B, 0x81, 0x7A, 0x55, 0x74, 0xAB, 0x15, 0x4A, 0xF2,
    0xF4, 0x49, 0x17, 0xC4, 0x80, 0xB2, 0x80, 0xCA, 0x65, 0x37, 0xF1, 0x14, 0xB5, 0x77, 0x1C, 0x52,
    0xC6, 0x2F, 0x9A, 0x7F, 0x7F, 0x8D, 0xF1, 0x95, 0x06, 0xCC, 0x8D, 0x7A, 0xC6, 0x9F, 0x02, 0xD1,
    0x14, 0xBA, 0x8A, 0x9B, 0x42, 0x18, 0xB4, 0xB5, 0xF7, 0x68, 0x71, 0xFC, 0x15, 0x4C, 0x66, 0x62,
    0xFB, 0x0E, 0x6B, 0xA9, 0x2B, 0x46, 0xD4, 0x20, 0xC8, 0xD4, 0x3B, 0xBD, 0xB8, 0x58, 0xEA, 0x1F,
    0x6A, 0x2E, 0xAB, 0x21, 0x01, 0xCD, 0xBE, 0xA0, 0xBF, 0xBA, 0xDD, 0xC5, 0x06, 0x53, 0xE2, 0x0D,
    0x93, 0xF8, 0xD1, 0x99, 0xDE, 0x66, 0x3D, 0xB1, 0x83, 0xC5, 0xC4, 0x66, 0x3C, 0x5B, 0x3F, 0xF1,
    0x84, 0x64, 0xCF, 0x1F, 0x34, 0xA2, 0x1F, 0x66, 0xC6, 0x3F, 0x6A, 0x0C, 0x54, 0xA0, 0x5D, 0xA0,
    0x7B, 0x23, 0x61, 0x87, 0x35, 0x90, 0x18, 0x4A, 0xE5, 0x6B, 0xD5, 0x2F, 0x23, 0x0C, 0xB1, 0x00,
    0x2E, 0x67, 0x6E, 0x0F, 0x42, 0xA6, 0xFC, 0x94, 0x69, 0x7D, 0xAD, 0x80, 0xF0, 0xB1, 0x94, 0x1A,
    0xC1, 0x2C, 0x8D, 0x9A, 0xA8, 0x08, 0x41, 0x30, 0xD6, 0xF4, 0x88, 0x68, 0x06, 0xF7, 0x0A, 0x14,
    0x98, 0xD2, 0x11, 0x2F, 0x82, 0x4C, 0x73, 0x8C, 0x25, 0x9C, 0xD4, 0x30, 0x88, 0x1B, 0x36, 0xE9,
    0x16, 0x8E, 0xB3, 0x77, 0xD6, 0xBC, 0x66, 0x76, 0x81, 0x17, 0x74, 0x10, 0x81, 0x32, 0x02, 0xEE,
    0x55, 0xD8, 0x9B, 0x22, 0x29, 0x0E, 0x02, 0x11, 0xAD, 0x8A, 0x5E, 0xDC, 0x97, 0x06, 0xBF, 0x36,
    0x1A, 0xD3, 0xFE, 0xFE, 0x7B, 0xF7, 0xF5, 0x11, 0xE3, 0xA2, 0x01, 0xD9, 0x3C, 0x85, 0xE7, 0x54,
    0x24, 0x9E, 0x19, 0xA0, 0x43, 0x6B, 0x6F, 0xA7, 0x65, 0x26, 0x24, 0xAB, 0x59, 0x5E, 0xD8, 0x62,
    0x62, 0x61, 0xAE, 0xFE, 0x09, 0x97, 0xFE, 0xD2, 0x6C, 0xB3, 0x26, 0x3E, 0x39, 0x8B, 0x19, 0x07,
    0xD0, 0xE8, 0xD6, 0xEB, 0xB6, 0xB9, 0x97, 0x12, 0x36, 0x99, 0xFD, 0x0A, 0x4F, 0x90, 0x98, 0x9D,
    0x00, 0xA2, 0xE8, 0x1A, 0x95, 0x9D, 0x0F, 0xC4, 0xA7, 0xF3, 0xBE, 0x6B, 0x19, 0xDA, 0x31, 0xB2,
    0x03, 0x09, 0x5E, 0xAA, 0x78, 0xED, 0x77, 0x66, 0xB4, 0x7E, 0x92, 0x09, 0xA7, 0xEC, 0xBA, 0xB1,
    0x65, 0x57, 0xBB, 0xBB, 0x3F, 0xC7, 0xFC, 0x79, 0x98, 0x18, 0xCD, 0x3C, 0xE4, 0xD8, 0x5F, 0xA4,
    0x40, 0xC7, 0xBA, 0x1D, 0x2C, 0xCA, 0x8C, 0x15, 0x59, 0xC1, 0x98, 0xD3, 0x29, 0xFB, 0xC5, 0xA5,
    0xCD, 0x6F, 0xA9, 0xF4, 0xB8, 0xAC, 0xA0, 0x05, 0x3F, 0xA5, 0x27, 0x07, 0xAC, 0xF9, 0x02, 0x7B,
    0x93, 0xD6, 0x64, 0x52, 0x88, 0x31, 0xA0, 0x9D, 0x3A, 0xE4, 0x32, 0xB8, 0xC7, 0x92, 0x3C, 0x86,
    0x53, 0xB6, 0x4B, 0x6C, 0x4B, 0x46, 0x4D, 0x71, 0x20, 0xFD, 0xE2, 0x15, 0x73, 0x6B, 0x1F, 0x63,
    0x22, 0x7D, 0x6F, 0xEB, 0xF4, 0xB2, 0xA5, 0x0F, 0xD6, 0xEC, 0xA5, 0x3E, 0x0F, 0xC4, 0xD4, 0x3D,
    0xE3, 0xE0, 0xCA, 0xFB, 0xFE, 0x5E, 0x31, 0x71, 0x8B, 0x4D, 0xF4, 0xAD, 0x33, 0xD3, 0x7B, 0x0D,
    0xEB, 0x4E, 0x92, 0x8A, 0x84, 0xAE, 0x81, 0x3D, 0xFE, 0x2C, 0x7F, 0xF5, 0x1C, 0xCD, 0x0C, 0xC0,
    0xB7, 0x03, 0x9B, 0x66, 0x40, 0x49, 0x59, 0xFC, 0xAB, 0xBB, 0x7F, 0xD3, 0xCA, 0x07, 0xED, 0xC7,
    0x2B, 0x00, 0xF2, 0x2F, 0x80, 0x3B, 0x66, 0xE2, 0x95, 0x75, 0xE6, 0x08, 0xC7, 0x4E, 0xCF, 0x6B,
    0x0B, 0x79, 0x37, 0x4F, 0x92, 0xFF, 0xB6, 0x7E, 0xDD, 0xDF, 0x31, 0x93, 0xA1, 0x7B, 0x31, 0x21,
    0x4F, 0x38, 0x6E, 0x13, 0xE6, 0x79, 0x00, 0x6C, 0x1A, 0x2B, 0xF9, 0xF6, 0xD9, 0x23, 0x19, 0x37,
    0x99, 0xDE, 0xA7, 0xCD, 0x99, 0xCC, 0x7C, 0x94, 0x22, 0x96, 0xD2, 0xC3, 0x08, 0x83, 0xA1, 0xBD,
    0x47, 0xCB, 0x9E, 0x0F, 0x89, 0x6D, 0x12, 0xF4, 0x91, 0x16, 0xD3, 0x6F, 0xF9, 0x8B, 0x98, 0x8D,
    0x47, 0xC2, 0xBC, 0x51, 0x9C, 0x65, 0x28, 0x81, 0xA2, 0x64, 0xC3, 0xD2, 0xE7, 0x85, 0x1C, 0xEF,
    0xFC, 0x7D, 0xC0, 0xA0, 0x9E, 0x68, 0x90, 0x9C, 0x53, 0x12, 0x18, 0x96, 0xE1, 0xC9, 0xD9, 0xF2,
    0x5F, 0x03, 0x63, 0x53, 0xC3, 0xFB, 0xDF, 0x75, 0xD8, 0x49, 0x6E, 0x2E, 0xA0, 0x23, 0xB4, 0x72,
    0xD3, 0x52, 0x12, 0xF3, 0x5F, 0xD2, 0xFD, 0x30, 0x06, 0x4D, 0x87, 0x10, 0x1D, 0x28, 0x39, 0x08,
    0x8B, 0x60, 0x7B, 0x35, 0x6A, 0x4A, 0xC6, 0x4A, 0x8C, 0xA5, 0xB4, 0x3B, 0xC2, 0x09, 0xFF, 0xFF,
    0xE3, 0xB3, 0xEB, 0x33, 0xDD, 0xAF, 0x43, 0xBF, 0x79, 0x05, 0x3A, 0xB4, 0xBE, 0x1F, 0x1E, 0x4D,
    0xB0, 0xF8, 0xF0, 0x2A, 0x43, 0x35, 0xD3, 0xC6, 0xE9, 0xA2, 0xB9, 0xD6, 0x94, 0x18, 0x99, 0xC3,
    0xCF, 0x89, 0xF3, 0x62, 0x26, 0x4F, 0x6D, 0xEE, 0xB7, 0x54, 0xAC, 0xBE, 0x6C, 0xD5, 0x8D, 0xD3,
    0x8C, 0x99, 0x45, 0x14, 0xC0, 0xE6, 0x40, 0x8B, 0x40, 0x3F, 0x38, 0x3A, 0x64, 0xC4, 0xBA, 0x12,
    0x4B, 0x0B, 0x89, 0x07, 0x92, 0x4E, 0x9E, 0x82, 0x55, 0xE2, 0x5E, 0x7B, 0xC8, 0xD0, 0x20, 0xDB,
    0x33, 0x2D, 0x89, 0x3F, 0x91, 0x2D, 0x89, 0x45, 0x64, 0x2E, 0x12, 0x97, 0x0A, 0x96, 0x5E, 0xA4,
    0xC0, 0x60, 0x69, 0x31, 0xDF, 0x50, 0xE6, 0x77, 0x51, 0xD2, 0x32, 0x49, 0xC2, 0x09, 0xD5, 0x17,
    0x5A, 0x81, 0xB6, 0xC4, 0x84, 0x5E, 0x94, 0xD3, 0xC2, 0xF0, 0x1E, 0xD7, 0x4E, 0xA9, 0xA4, 0x09,
    0x64, 0xCD, 0x8C, 0x74, 0x86, 0x7C, 0x49, 0xD4, 0x6E, 0xC2, 0x57, 0xC9, 0xA8, 0xD0, 0x15, 0x03,
    0x57, 0x0C, 0x5B, 0xAD, 0x41, 0xAB, 0x2D, 0x98, 0x2F, 0x29, 0x90, 0xBD, 0x6D, 0xB6, 0x6A, 0xD9,
    0xF9, 0x65, 0x0F, 0xE7, 0xC1, 0x15, 0x2B, 0x17, 0x03, 0xE3, 0x54, 0x14, 0x41, 0xEA, 0x5A, 0xF3,
    0x38, 0x30, 0xDC, 0xAC, 0x24, 0xE3, 0xBD, 0x68, 0x30, 0x49, 0xBF, 0x46, 0x9A, 0x0C, 0xB3, 0x9E,
    0x19, 0x1A, 0xE6, 0xE2, 0xC2, 0xA4, 0xAD, 0xFC, 0x04, 0x58, 0xEB, 0x48, 0xCC, 0xED, 0x32, 0x13,
    0xD6, 0x71, 0x19, 0x71, 0xEE, 0xCC, 0x53, 0xE2, 0xFB, 0xD0, 0x04, 0x0F, 0x81, 0x7C, 0x62, 0xBE,
    0x15, 0x83, 0x3C, 0xE7, 0x9E, 0xDE, 0xBD, 0xBE, 0x01, 0xE5, 0xEA, 0x1B, 0xE1, 0x6C, 0x20, 0xB3,
    0x1C, 0x0E, 0xCF, 0x8D, 0x3F, 0x89, 0xB7, 0x95, 0xB5, 0x92, 0xC4, 0xC3, 0x86, 0x21, 0x64, 0x0F,
    0xCB, 0x6A, 0x04, 0x83, 0x07, 0xD3, 0xD2, 0x87, 0x5A, 0x91, 0x98, 0x67, 0xAF, 0x21, 0xC2, 0x2A,
    0x97, 0xC6, 0x1C, 0x40, 0x14, 0xC8, 0x91, 0x1A, 0x49, 0xAD, 0x0D, 0xB1, 0xA0, 0xA9, 0xA1, 0x28,
    0xE4, 0xA8, 0x1E, 0x5C, 0x35, 0xAA, 0x0F, 0x57, 0x8D, 0xEA, 0x04, 0x56, 0xA3, 0xCE, 0x91, 0xCA,
    0x4A, 0xA2, 0x1B, 0x1A, 0xEE, 0x57, 0x82, 0x5E, 0xE2, 0x62, 0xAB, 0x77, 0x16, 0x2B, 0x1B, 0x37,
    0x14, 0x4D, 0x54, 0x91, 0x9B, 0x36, 0xE9, 0xB3, 0x04, 0x16, 0xA7, 0x46, 0xCA, 0xB7, 0xAC, 0x10,
    0xB7, 0xED, 0xC5, 0xD1, 0x0D, 0xD8, 0xCB, 0x15, 0xB7, 0xAB, 0xE4, 0x29, 0x1B, 0x61, 0xBA, 0xAA,
    0x01, 0x41, 0x36, 0xEC, 0x22, 0x2E, 0xBA, 0x76, 0x2A, 0x5D, 0x7C, 0xBF, 0x72, 0x16, 0x46, 0xE5,
    0xCC, 0x9D, 0xCC, 0x59, 0x63, 0xA1, 0x6B, 0xCC, 0x90, 0xAA, 0xE7, 0xAE, 0x71, 0x69, 0x71, 0xCE,
    0x6D, 0xBD, 0x83, 0xE3, 0x7A, 0xB7, 0x46, 0xE8, 0xB7, 0x96, 0x3F, 0x79, 0xAF, 0x63, 0x07, 0xBD,
    0x81, 0x7F, 0x0E, 0x4F, 0xBC, 0x4E, 0xD8, 0x3B, 0xDF, 0xE1, 0x6F, 0x91, 0xF5, 0x61, 0xAF, 0x31,
    0x38, 0xFD, 0x59, 0xE3, 0x02, 0x7C, 0x81, 0x95, 0x80, 0xF2, 0x67, 0xEC, 0xE3, 0x7F, 0x42, 0x02,
    0x41, 0xD7, 0x88, 0x4F, 0x2F, 0x2E, 0x7D, 0x01, 0xB2, 0xD5, 0x29, 0x4C, 0x39, 0xB2, 0x6E, 0xE8,
    0x6F, 0xBC, 0x2D, 0x07, 0x58, 0x28, 0x54, 0x75, 0x07, 0x83, 0xC7, 0x42, 0x15, 0x21, 0x89, 0xD0,
    0x43, 0x88, 0x21, 0x94, 0x58, 0x92, 0xA1, 0x14, 0x0A, 0x50, 0xFF, 0xB7, 0xB9, 0xFF, 0x19, 0x3C,
    0x6F, 0x4C, 0x9A, 0xA4, 0x61, 0xC8, 0x81, 0xFB, 0xCF, 0x49, 0x01, 0xD7, 0xDA, 0xFB, 0xD9, 0x7F,
    0x97, 0xD9, 0x24, 0x3C, 0xCA, 0xFA, 0xBB, 0x4B, 0xE3, 0x93, 0x29, 0x02, 0xB1, 0x19, 0x24, 0x2B,
    0x78, 0x6F, 0x89, 0xA0, 0x8C, 0x0F, 0xBE, 0x0A, 0xD4, 0x67, 0x53, 0xA7, 0x47, 0xAA, 0x33, 0x52,
    0x7D, 0xC4, 0x39, 0x3A, 0xE1, 0x28, 0x99, 0x0C, 0xA3, 0x38, 0x6C, 0xA3, 0xC8, 0xF8, 0x49, 0x01,
    0xC9, 0x7C, 0x2B, 0x29, 0x04, 0x15, 0x2F, 0x2E, 0xAC, 0xA3, 0x3D, 0x27, 0x98, 0x24, 0x40, 0x10,
    0x44, 0x88, 0xA4, 0x42, 0x3D, 0x87, 0xF6, 0x4E, 0x68, 0x9A, 0x3A, 0x07, 0xE7, 0x91, 0x22, 0xB1,
    0x53, 0x00, 0xB2, 0xBC, 0xA5, 0xE3, 0x12, 0x8C, 0x13, 0x84, 0x6E, 0xCE, 0x8E, 0xAD, 0xCC, 0x22,
    0x78, 0xA1, 0x6A, 0xD3, 0xC1, 0x5E, 0x07, 0x60, 0xE0, 0x04, 0xD8, 0x5B, 0xC6, 0x08, 0x5C, 0x70,
    0x3F, 0xFE, 0x88, 0xFC, 0xB3, 0x7B, 0xE9, 0xC1, 0x77, 0x85, 0x75, 0x41, 0xC6, 0x03, 0x16, 0x2A,
    0xEA, 0x3A, 0x4D, 0x5A, 0xEA, 0xC1, 0x9B, 0xC6, 0xEB, 0x1D, 0x7F, 0xA2, 0x92, 0xF9, 0x93, 0xD5,
    0xCC, 0x1F, 0xC4, 0x2D, 0x89, 0x3F, 0x99, 0x64, 0x0E, 0x73, 0xE2, 0xB0, 0x2C, 0x00, 0xEB, 0xEA,
    0x8C, 0x71, 0xF1, 0x37, 0x54, 0x2F, 0x7F, 0x6F, 0xF8, 0x93, 0x9F, 0x37, 0xC9, 0xC7, 0x63, 0x64,
    0xAF, 0xD1, 0x02, 0x73, 0x8D, 0x6B, 0xD2, 0x21, 0x03, 0xBD, 0x3B, 0x7D, 0x13, 0x79, 0xAE, 0x95,
    0xDF, 0x6F, 0x31, 0xAF, 0x38, 0x45, 0x89, 0x23, 0x5D, 0x76, 0x0C, 0x04, 0xBC, 0x99, 0x2B, 0x41,
    0x43, 0xAC, 0xF0, 0xE4, 0xE9, 0x43, 0x23, 0xA3, 0xAE, 0x62, 0xBC, 0x70, 0x65, 0x9B, 0x49, 0x00,
    0x77, 0x57, 0xBC, 0xC0, 0x6A, 0x1B, 0xD4, 0x86, 0x67, 0x75, 0x0D, 0xC0, 0x14, 0x17, 0x1F, 0xF3,
    0x8A, 0x06, 0x81, 0xAC, 0x1F, 0xBB, 0x9B, 0x5B, 0x25, 0x12, 0x14, 0x1D, 0x97, 0xA0, 0xE6, 0x7D,
    0x54, 0x26, 0xA9, 0x66, 0xD4, 0x4B, 0x35, 0x49, 0x64, 0xB5, 0xE4, 0xC9, 0xAC, 0x09, 0x1E, 0x5C,
    0x3D, 0x7F, 0x58, 0x54, 0x3E, 0xD5, 0x90, 0xCD, 0x5B, 0xB3, 0x4D, 0x19, 0xAA, 0x50, 0xF9, 0x77,
    0x7C, 0x7F, 0x8A, 0x8E, 0xD1, 0x1B, 0x06, 0x4F, 0x3B, 0xEB, 0xF1, 0xEC, 0x1B, 0xAF, 0xBF, 0xFD,
    0x1D, 0xB1, 0x79, 0x34, 0xAD, 0xF5, 0xCE, 0xD9, 0x65, 0xBA, 0x87, 0x58, 0xFD, 0xF9, 0x41, 0xB4,
    0xD9, 0x99, 0xF1, 0xEE, 0x67, 0xBE, 0x03, 0xA4, 0x7D, 0xBE, 0xF4, 0x05, 0x4E, 0x40, 0x23, 0xEF,
    0xAF, 0x12, 0xAC, 0x0E, 0x56, 0xD8, 0xA4, 0x01, 0x09, 0xA6, 0x63, 0xEC, 0x32, 0xEE, 0x83, 0x56,
    0x62, 0xE5, 0xDA, 0x18, 0x5D, 0xC3, 0x4A, 0x63, 0x07, 0x6E, 0x01, 0x37, 0x32, 0xAC, 0xF5, 0x68,
    0xC4, 0xB0, 0xF2, 0xD0, 0x08, 0x01, 0xBF, 0xD1, 0x2D, 0x76, 0xC8, 0x79, 0x2F, 0xB9, 0x81, 0x28,
    0xB9, 0x34, 0x52, 0xDB, 0x4B, 0x23, 0xA2, 0xC9, 0x51, 0xA3, 0x41, 0x64, 0x92, 0x06, 0x75, 0xE0,
    0x9A, 0x34, 0x32, 0xFB, 0xDF, 0xD2, 0x10, 0xE8, 0xE5, 0x82, 0x4B, 0x31, 0xBF, 0xC0, 0x4C, 0xAF,
    0x25, 0x15, 0x22, 0x73, 0x0D, 0xCE, 0x71, 0x9D, 0x34, 0xDA, 0xC8, 0x19, 0x1B, 0x1E, 0x53, 0x1C,
    0x02, 0x57, 0xB4, 0xF0, 0x53, 0x20, 0x1E, 0x8E, 0x30, 0x3E, 0x1B, 0x40, 0x02, 0x20, 0xAB, 0x2F,
    0xC4, 0x5F, 0x15, 0xF5, 0x1C, 0xDA, 0x12, 0xDD, 0xEF, 0xEB, 0xE6, 0x0F, 0xE7, 0x37, 0xA8, 0xA5,
    0x74, 0xAA, 0x26, 0x23, 0x7E, 0x9B, 0xAC, 0x1D, 0xEC, 0x44, 0xFA, 0xD2, 0xC2, 0x13, 0x9B, 0x2A,
    0x07, 0x34, 0xB2, 0x6F, 0x46, 0x06, 0x3B, 0x4D, 0xA3, 0x7B, 0x2E, 0x79, 0x25, 0x28, 0xC9, 0x5E,
    0x3E, 0x00, 0x37, 0xFE, 0x99, 0x65, 0x7E, 0xBD, 0x19, 0x49, 0x74, 0x56, 0x7D, 0xEA, 0xA4, 0xDE,
    0x6D, 0xEC, 0xD1, 0x8D, 0x37, 0xCB, 0x29, 0xA2, 0x7E, 0xD0, 0xB2, 0x71, 0xE5, 0xE0, 0xD4, 0x88,
    0x0F, 0x86, 0x1F, 0x8E, 0x86, 0xD1, 0xEE, 0x25, 0xE3, 0x96, 0x1D, 0x16, 0xEC, 0xE6, 0x6A, 0x8E,
    0x9A, 0x3F, 0x2D, 0x66, 0xB6, 0xFC, 0x86, 0xAF, 0x09, 0xDB, 0x85, 0x95, 0xEC, 0x4C, 0x6B, 0x31,
    0x22, 0x83, 0x81, 0xFD, 0x4A, 0xF0, 0xE0, 0xED, 0xC9, 0xC5, 0xA3, 0x7A, 0x47, 0xAB, 0x66, 0x73,
    0x57, 0xD0, 0x9A, 0x32, 0x7F, 0x16, 0xBC, 0xB5, 0xE0, 0x05, 0xB5, 0xC7, 0x9B, 0xB6, 0x38, 0xCF,
    0x7F, 0x60, 0x51, 0xB9, 0x9A, 0xAD, 0x8D, 0x48, 0xB1, 0x28, 0xE3, 0x7E, 0x9D, 0xF7, 0x23, 0xD2,
    0x7A, 0x34, 0x22, 0x14, 0x29, 0x6F, 0x93, 0x99, 0xD9, 0x66, 0x63, 0x43, 0x62, 0x3C, 0x07, 0x23,
    0x55, 0x5A, 0x0A, 0xB3, 0x59, 0xEB, 0x8C, 0x72, 0x3B, 0x78, 0xD2, 0x46, 0x92, 0x07, 0xAF, 0xD2,
    0x64, 0x49, 0xF1, 0x99, 0x57, 0xDD, 0xB0, 0x92, 0x6C, 0xF8, 0x35, 0x13, 0xD7, 0x43, 0xA8, 0x8C,
    0x5D, 0xFD, 0xC1, 0xE7, 0xF8, 0x26, 0xEF, 0xF9, 0xD2, 0xBA, 0xBB, 0x7F, 0x35, 0xAD, 0xA3, 0x21,
    0xA7, 0xA4, 0x5B, 0xFB, 0xB7, 0x76, 0x96, 0x57, 0xF3, 0x13, 0x88, 0xA8, 0x97, 0xEF, 0x9A, 0x4A,
    0x53, 0x91, 0x11, 0x49, 0x93, 0xDC, 0x6D, 0x11, 0xD1, 0xB4, 0x56, 0x11, 0x8D, 0x6B, 0x15, 0x51,
    0x69, 0x8C, 0xAE, 0x61, 0xE7, 0x46, 0x2D, 0x8D, 0xCC, 0xB6, 0xD2, 0x80, 0x21, 0xC3, 0x0D, 0xA0,
    0x40, 0xDC, 0xC0, 0x82, 0xCE, 0x0D, 0xEC, 0x18, 0x94, 0x06, 0x5D, 0x2D, 0x8D, 0xD8, 0xF6, 0xD2,
    0x08, 0xEC, 0x4A, 0x1A, 0xD4, 0x01, 0x6D, 0x14, 0xF6, 0x33, 0x69, 0x24, 0x4C, 0xB3, 0x82, 0xED,
    0x20, 0x69, 0x88, 0xAC, 0x56, 0x4E, 0x56, 0x2B, 0x27, 0xAB, 0x56, 0x65, 0x95, 0xB3, 0x29, 0x42,
    0x35, 0x06, 0xE8, 0xBF, 0x5A, 0x45, 0xB4, 0x72, 0x2A, 0xD1, 0xED, 0xF4, 0x5B, 0x2B, 0xB1, 0x75,
    0xC3, 0x69, 0x84, 0xD4, 0x91, 0x4B, 0x3D, 0x1C, 0xEF, 0xF2, 0xCA, 0x85, 0xDC, 0x9D, 0xDC, 0x38,
    0xA5, 0x10, 0x68, 0x90, 0xDA, 0xA5, 0x71, 0xD0, 0xEB, 0x47, 0x4B, 0x95, 0x58, 0x2C, 0xE5, 0x79,
    0x9A, 0xE5, 0xB9, 0xBD, 0x5F, 0xF2, 0x1C, 0x00, 0x2D, 0x1D, 0x39, 0x83, 0xCF, 0xB8, 0x32, 0x37,
    0x12, 0x12, 0x70, 0xB8, 0x40, 0xB0, 0x5A, 0x03, 0x1C, 0x61, 0x3F, 0x83, 0x97, 0x5B, 0x0C, 0x6D,
    0xC4, 0x5F, 0xAE, 0x53, 0xEF, 0x04, 0xD3, 0x74, 0x5B, 0x85, 0x5D, 0x98, 0xAA, 0x58, 0xD7, 0xED,
    0x9D, 0x42, 0xF8, 0xDE, 0xE5, 0x4B, 0x0E, 0x04, 0x6B, 0x58, 0x51, 0xFC, 0x0B, 0x53, 0x29, 0x1D,
    0x64, 0xF6, 0xD8, 0x96, 0x89, 0xC4, 0xB6, 0x2E, 0xF1, 0x84, 0x4D, 0x30, 0xD2, 0x88, 0xBC, 0xF2,
    0xD0, 0x74, 0x63, 0x55, 0x9D, 0xD9, 0x9C, 0x15, 0x37, 0x20, 0xDF, 0x95, 0x70, 0xB2, 0x92, 0xA4,
    0xA8, 0x46, 0xEB, 0xD6, 0xCA, 0xA6, 0x8B, 0x75, 0xBD, 0xDA, 0xA8, 0x1B, 0xDE, 0xD4, 0x13, 0x01,
    0x32, 0x96, 0x3A, 0x13, 0x89, 0x28, 0x79, 0xEF, 0x6A, 0x6C, 0x45, 0x91, 0x25, 0xE0, 0x40, 0xC3,
    0x4A, 0x88, 0xB7, 0x92, 0x02, 0x44, 0x61, 0xD1, 0xE7, 0x1D, 0x93, 0x42, 0xBA, 0xD0, 0x7E, 0x2E,
    0x98, 0x59, 0xA1, 0xD1, 0x57, 0x6F, 0x7F, 0xEF, 0x2E, 0xF3, 0xDE, 0xF9, 0xDE, 0x98, 0x59, 0x01,
    0x4D, 0xBE, 0x3C, 0x1E, 0x3C, 0xDB, 0xA4, 0x98, 0x8E, 0x59, 0x67, 0xAA, 0x1E, 0xFB, 0x40, 0x46,
    0xFB, 0x8D, 0x45, 0x4F, 0x9D, 0xC1, 0x26, 0x84, 0x2E, 0x1B, 0x4D, 0x41, 0xEA, 0xCE, 0x80, 0xC9,
    0x7F, 0x98, 0x70, 0x3F, 0xEA, 0xE4, 0xF6, 0xBB, 0x9A, 0x23, 0xD4, 0x08, 0x1A, 0x25, 0x56, 0x56,
    0xDA, 0x08, 0x9A, 0xE5, 0x02, 0x6E, 0xA1, 0x75, 0x0E, 0xBA, 0x8A, 0xE9, 0x76, 0x7E, 0x9C, 0x38,
    0xF4, 0x6B, 0x24, 0x47, 0x7E, 0xF8, 0x8D, 0xF9, 0xF3, 0xEF, 0x3E, 0x28, 0x36, 0x99, 0x2D, 0xD5,
    0x01, 0x49, 0x27, 0xA9, 0xD1, 0xC5, 0xFF, 0x08, 0x7F, 0xEC, 0x1F, 0x75, 0x56, 0x26, 0x9A, 0x43,
    0x2D, 0x80, 0x72, 0x9A, 0x8F, 0x1A, 0x7D, 0xDD, 0x3B, 0x4E, 0xEC, 0x32, 0x05, 0x92, 0x7F, 0xEC,
    0xDB, 0x48, 0xDF, 0x26, 0x7B, 0x20, 0x18, 0x53, 0xEC, 0x84, 0xCF, 0x10, 0x09, 0xAA, 0xA0, 0x95,
    0x91, 0x29, 0xE6, 0xD1, 0x3D, 0x5F, 0x9C, 0xCD, 0xD9, 0xC3, 0x66, 0x9C, 0x77, 0xF9, 0xDF, 0xCF,
    0x22, 0xA5, 0x5B, 0xB2, 0xAA, 0x38, 0xF3, 0x29, 0xC4, 0xBA, 0xCD, 0xA9, 0xDD, 0x29, 0x48, 0xBC,
    0x82, 0xCD, 0x62, 0x11, 0xE6, 0xA6, 0x5E, 0x77, 0xC2, 0x02, 0xA4, 0x79, 0x87, 0x8A, 0x57, 0x98,
    0x7F, 0x60, 0x36, 0x80, 0xC6, 0xCF, 0xA6, 0xAE, 0x25, 0x96, 0x0F, 0xB7, 0x0A, 0x6D, 0xFD, 0x85,
    0x64, 0xB4, 0x51, 0xEB, 0x99, 0xB9, 0xB5, 0x23, 0x5E, 0x77, 0x85, 0x30, 0x06, 0x33, 0x81, 0xA3,
    0x0A, 0xD2, 0x5A, 0x91, 0x79, 0x66, 0xF5, 0xBA, 0x9F, 0xCA, 0x06, 0x46, 0xBE, 0x4B, 0xA1, 0xCF,
    0x78, 0x5C, 0x2C, 0x17, 0x79, 0xDA, 0xDC, 0x62, 0x71, 0x41, 0xEB, 0x31, 0x9E, 0x01, 0x68, 0x3D,
    0xC1, 0x6C, 0x42, 0x6B, 0x47, 0x18, 0x45, 0xAD, 0xF3, 0xC2, 0xAA, 0x15, 0xA2, 0x38, 0xA1, 0xA6,
    0xC8, 0x0C, 0xCC, 0x2E, 0x4E, 0x1F, 0x07, 0xC3, 0x7E, 0x77, 0xBB, 0xA2, 0xC3, 0xBE, 0xAD, 0x0A,
    0xA9, 0x3A, 0x96, 0xD9, 0x51, 0xD4, 0x45, 0x0D, 0x8E, 0x58, 0x68, 0xA5, 0x0E, 0xB0, 0x40, 0xDA,
    0x82, 0x2F, 0x44, 0xBB, 0x0E, 0xAC, 0x01, 0x35, 0xC1, 0x89, 0x69, 0x77, 0x37, 0x67, 0x8E, 0x48,
    0xC8, 0x71, 0xAE, 0x57, 0x5A, 0xA3, 0xF3, 0x60, 0x16, 0x49, 0xCE, 0x49, 0xF0, 0xCB, 0x36, 0x7E,
    0x0B, 0x96, 0xD9, 0xE9, 0x32, 0x73, 0x0D, 0x50, 0x06, 0x18, 0xC7, 0x96, 0x48, 0x85, 0xA8, 0xCF,
    0x20, 0xEC, 0xDB, 0xCF, 0x97, 0x3E, 0x7F, 0xB0, 0xDA, 0x74, 0x70, 0x74, 0xFF, 0xB5, 0xB3, 0x03,
    0x34, 0x9A, 0xC9, 0x26, 0x35, 0xDB, 0x6F, 0x82, 0xBD, 0xD0, 0xDA, 0xA7, 0x2B, 0x1F, 0x13, 0x3B,
    0xD4, 0x8D, 0x9E, 0x0C, 0x56, 0x75, 0x9B, 0x7B, 0x17, 0x0B, 0xAD, 0xA5, 0xE3, 0x77, 0xA8, 0xDD,
    0x75, 0x83, 0xFE, 0xAE, 0xD3, 0xFB, 0x30, 0x10, 0x33, 0xBD, 0x31, 0xE8, 0x9A, 0x22, 0x19, 0x55,
    0x63, 0xA5, 0x29, 0xFD, 0x62, 0x88, 0x22, 0x96, 0x2E, 0x75, 0xA8, 0xCF, 0x17, 0x3B, 0x03, 0xF7,
    0xD1, 0xFB, 0x55, 0xEE, 0x39, 0xBA, 0xDF, 0x2F, 0x56, 0xE0, 0x8C, 0xE9, 0x21, 0x51, 0xA3, 0xCF,
    0x4F, 0x41, 0x82, 0xE9, 0x19, 0x05, 0x04, 0xC9, 0x65, 0x53, 0xF9, 0x9C, 0x36, 0xF8, 0xB4, 0x33,
    0x6A, 0x65, 0x2B, 0xCC, 0xCA, 0x6D, 0x90, 0x60, 0xDC, 0x97, 0x2D, 0xA2, 0x74, 0x4E, 0x4F, 0xE7,
    0x9D, 0x1B, 0x75, 0x55, 0x6E, 0x23, 0x58, 0x91, 0xD8, 0xCF, 0x38, 0x5B, 0x06, 0x06, 0x48, 0x5F,
    0x18, 0xE4, 0x7A, 0x49, 0xCE, 0xFA, 0xDD, 0x16, 0x81, 0x80, 0x6D, 0x83, 0x1A, 0x93, 0xC7, 0x8D,
    0xF0, 0x07, 0x12, 0x4A, 0xE7, 0x40, 0x9D, 0x8B, 0xD3, 0x69, 0x4E, 0xE9, 0x1C, 0xA5, 0x73, 0x41,
    0x3A, 0x17, 0xA3, 0x9B, 0x4F, 0xAE, 0xA8, 0xEF, 0x18, 0xA0, 0x3B, 0x7C, 0x5E, 0x69, 0x77, 0x59,
    0x74, 0x1A, 0x14, 0x9D, 0x4B, 0x1E, 0xE0, 0x55, 0x8D, 0xFB, 0xC7, 0x05, 0xEF, 0x35, 0xE6, 0xCD,
    0xB4, 0xE3, 0xD2, 0xD1, 0xE6, 0xB8, 0x65, 0x74, 0x5D, 0x6C, 0x6B, 0xDF, 0xFE, 0x9D, 0xDB, 0xF4,
    0xA1, 0xB1, 0x2B, 0x3D, 0x5A, 0x24, 0x74, 0x78, 0x5C, 0xBF, 0x91, 0xF1, 0x79, 0x5C, 0xE4, 0xE4,
    0x19, 0x00, 0xAD, 0x71, 0x7E, 0x06, 0x7C, 0xBE, 0x42, 0xF4, 0xFC, 0x6A, 0x70, 0x79, 0x9A, 0x6C,
    0x12, 0x30, 0xF6, 0x96, 0x81, 0xB4, 0x4F, 0x3C, 0x30, 0xA6, 0x33, 0xDF, 0x52, 0x75, 0x55, 0xE5,
    0x4A, 0xCE, 0x84, 0x60, 0x8D, 0x91, 0x19, 0xB7, 0x6D, 0xEE, 0x8D, 0xEB, 0x6C, 0x8F, 0xD2, 0xFA,
    0xF0, 0x79, 0xD5, 0xF9, 0xE4, 0xC1, 0x77, 0xC4, 0xCA, 0xA0, 0x07, 0xE0, 0xCA, 0xC5, 0x00, 0xC2,
    0xFD, 0x26, 0x61, 0x38, 0x84, 0x4F, 0x71, 0x01, 0x23, 0xD9, 0xBD, 0x0B, 0x64, 0x5B, 0x2E, 0x9E,
    0x59, 0xB0, 0x77, 0x69, 0xE5, 0x8C, 0x14, 0xCE, 0x48, 0xE0, 0xB8, 0xE9, 0xF8, 0x0A, 0x96, 0xAE,
    0xD3, 0x08, 0xD9, 0xEE, 0xC0, 0xE6, 0xC8, 0xB8, 0x28, 0xC9, 0x32, 0xCA, 0x1A, 0x5A, 0xD9, 0xD3,
    0xDE, 0x54, 0xB4, 0x46, 0xFC, 0xAB, 0x2D, 0x3D, 0x5E, 0xC0, 0xB6, 0x79, 0x49, 0x78, 0x5A, 0xE9,
    0x85, 0xB4, 0x24, 0xE0, 0x2B, 0xBA, 0x1F, 0x1F, 0xD2, 0x09, 0x87, 0xEF, 0x19, 0x27, 0xD0, 0x37,
    0x49, 0xE6, 0xAC, 0x49, 0xDA, 0x34, 0xCF, 0xEA, 0xB8, 0xCC, 0x9A, 0xA8, 0xCC, 0x7A, 0x8F, 0x97,
    0x6E, 0xF6, 0x70, 0xED, 0x28, 0xE6, 0x35, 0x6C, 0x18, 0x12, 0x52, 0x1A, 0x5A, 0x3D, 0x18, 0x5B,
    0x13, 0x9F, 0xEB, 0x8A, 0x14, 0x69, 0xF5, 0x7B, 0x5A, 0xF8, 0xD0, 0xFF, 0xFD, 0x19, 0x56, 0xE2,
    0x19, 0x5A, 0xF0, 0xBE, 0x54, 0x19, 0x62, 0x6E, 0xD2, 0xBE, 0x6A, 0xC8, 0x38, 0x0D, 0x1D, 0x20,
    0xF7, 0x7D, 0x23, 0x56, 0xA4, 0xDD, 0xE6, 0x43, 0x52, 0x3A, 0x36, 0xE5, 0xFC, 0x01, 0xC0, 0xD3,
    0x19, 0xA2, 0x57, 0x42, 0x32, 0x19, 0x1E, 0x02, 0xB1, 0xBE, 0x4F, 0x44, 0xE0, 0x3C, 0x91, 0xD3,
    0x0E, 0xD8, 0xD1, 0x99, 0xD0, 0xCA, 0x26, 0x79, 0xCD, 0xCD, 0x87, 0x93, 0xFC, 0x74, 0x52, 0x2B,
    0x88, 0xCA, 0x20, 0xCF, 0x76, 0x7E, 0x9F, 0x85, 0xE8, 0x32, 0x8D, 0x15, 0x07, 0x0F, 0x14, 0x39,
    0x2B, 0x59, 0xD9, 0xB0, 0xD0, 0x89, 0xE0, 0xFA, 0x64, 0x7D, 0xBE, 0x5A, 0xB3, 0xD9, 0x8F, 0x65,
    0x9B, 0x8F, 0xF4, 0xE0, 0x73, 0x20, 0x8A, 0x1C, 0x47, 0x54, 0x0C, 0x24, 0x61, 0xE2, 0x07, 0xB2,
    0x22, 0xE4, 0x3C, 0x9F, 0x35, 0x5E, 0xFB, 0x3D, 0x13, 0x38, 0x08, 0x54, 0x4C, 0x82, 0x05, 0x01,
    0x83, 0xA0, 0xB1, 0xF2, 0xAC, 0xF4, 0x94, 0x1E, 0x0E, 0xCF, 0x1D, 0xDA, 0xEC, 0xD4, 0x53, 0x7F,
    0xBC, 0x3A, 0xBC, 0x2E, 0x48, 0x8D, 0x1C, 0x9E, 0x80, 0xBD, 0x22, 0xFC, 0x2A, 0xE3, 0x16, 0x99,
    0x4C, 0x59, 0x9E, 0x1A, 0x9C, 0x02, 0x12, 0xE7, 0x3B, 0xBC, 0xD4, 0xC5, 0xE6, 0x15, 0xAE, 0x43,
    0xE3, 0x96, 0xBE, 0xA3, 0xAF, 0x35, 0x81, 0xDF, 0x68, 0x7E, 0x91, 0x79, 0x43, 0xFC, 0x2C, 0xCF,
    0x2D, 0x5E, 0x58, 0x4B, 0x36, 0x6C, 0x85, 0xAB, 0x0E, 0xC7, 0xAE, 0xF5, 0x77, 0xDD, 0x46, 0x3D,
    0xEB, 0x27, 0xB5, 0x35, 0x1E, 0xD7, 0x33, 0x8C, 0x12, 0x07, 0x8A, 0xAA, 0xF1, 0xBC, 0x5D, 0xCE,
    0xB6, 0x73, 0x22, 0x60, 0x19, 0x50, 0xA7, 0xC4, 0xEE, 0x5F, 0xC4, 0x93, 0x2B, 0x4E, 0x94, 0x2C,
    0x39, 0xBB, 0xEE, 0xDB, 0xDE, 0x10, 0x66, 0x89, 0x0E, 0xDE, 0xF8, 0x80, 0xCF, 0xD8, 0x42, 0x02,
    0x6B, 0x74, 0x5D, 0x7A, 0x0E, 0x8C, 0xA3, 0xEA, 0x18, 0xA3, 0x64, 0x60, 0x83, 0x2D, 0x22, 0x6A,
    0x97, 0x9D, 0x46, 0xFE, 0x70, 0x16, 0x8C, 0x66, 0x80, 0xE4, 0x02, 0xF8, 0x9F, 0x92, 0x88, 0xC0,
    0x0D, 0xF1, 0x37, 0xE3, 0x79, 0x61, 0x75, 0x4E, 0x80, 0x02, 0xF9, 0xC9, 0x31, 0x93, 0x03, 0xF7,
    0xFA, 0x50, 0x96, 0x41, 0x98, 0x98, 0x30, 0xFA, 0xE1, 0x86, 0x07, 0xAA, 0x5D, 0x00, 0x2C, 0x85,
    0x44, 0xD4, 0xF0, 0x70, 0x78, 0x7A, 0xE2, 0xD2, 0x83, 0x9F, 0x7F, 0xA1, 0x6C, 0xA9, 0x9E, 0x6B,
    0xEF, 0x75, 0x7B, 0xE3, 0xEC, 0x11, 0xD0, 0x1D, 0x01, 0x65, 0x58, 0x1C, 0xA4, 0xD4, 0x7D, 0xA6,
    0xE9, 0x17, 0x17, 0x2B, 0x49, 0x28, 0x06, 0x8A, 0x6B, 0x96, 0xEF, 0x42, 0x69, 0xFD, 0x57, 0xF6,
    0x8B, 0xF2, 0xE0, 0x77, 0x92, 0x9A, 0x71, 0xE3, 0x43, 0x4F, 0x68, 0x5A, 0x9A, 0xED, 0xCD, 0x33,
    0xFC, 0x74, 0xB6, 0xBF, 0xB4, 0xFF, 0x91, 0xEE, 0xA2, 0x1A, 0x97, 0x27, 0xD7, 0x85, 0xFF, 0x25,
    0x51, 0xAC, 0xC8, 0x1C, 0xB0, 0xAB, 0x73, 0xF3, 0xA4, 0x77, 0xB6, 0x82, 0x3D, 0x5A, 0xF0, 0xE6,
    0x9B, 0x1C, 0x4E, 0x7E, 0x20, 0x07, 0xBA, 0x30, 0x07, 0xB0, 0x24, 0x7A, 0x5C, 0x8F, 0x5A, 0x5F,
    0x39, 0xE4, 0x5A, 0xD7, 0x03, 0xA3, 0x30, 0x05, 0x92, 0x79, 0xB0, 0x1C, 0x05, 0x9D, 0x24, 0xD0,
    0x86, 0xAD, 0x60, 0xFF, 0x09, 0x27, 0x51, 0xDC, 0xF4, 0x04, 0x6B, 0x12, 0xC7, 0x00, 0xB4, 0xEF,
    0x75, 0x17, 0x9B, 0x68, 0xA9, 0x73, 0x9B, 0x54, 0xFA, 0x00, 0x6A, 0x70, 0x7F, 0x3E, 0x34, 0x24,
    0xB4, 0x82, 0x6A, 0x41, 0x97, 0xFC, 0x74, 0x81, 0xE2, 0xEB, 0xAA, 0x59, 0xBF, 0x7E, 0x39, 0xCF,
    0xC8, 0xB8, 0x46, 0x02, 0xF1, 0x6F, 0x2D, 0xB6, 0xB3, 0x97, 0x31, 0x20, 0x93, 0x32, 0xBA, 0xC7,
    0x92, 0x7F, 0x55, 0x73, 0xD9, 0x66, 0xBA, 0x97, 0xAE, 0x27, 0x1E, 0x7D, 0x86, 0x6C, 0xEC, 0x29,
    0xBE, 0x89, 0x93, 0x7D, 0x9E, 0x60, 0x25, 0xA6, 0xF8, 0x72, 0x68, 0xC5, 0x06, 0x8F, 0xD7, 0x87,
    0x9B, 0xDE, 0xE1, 0x50, 0xD3, 0x63, 0xC3, 0xBF, 0x58, 0x0D, 0x0E, 0x94, 0x12, 0x9F, 0xD8, 0xDA,
    0xDD, 0xCD, 0xEF, 0x14, 0x95, 0x38, 0x02, 0x9E, 0x05, 0x39, 0xEF, 0xED, 0xC6, 0xC1, 0x9E, 0xE7,
    0x25, 0x98, 0xBC, 0xED, 0xE6, 0x5E, 0xBF, 0xB1, 0xA3, 0x31, 0xD5, 0x31, 0xF1, 0x71, 0xA7, 0xC7,
    0x86, 0x77, 0x61, 0x0E, 0x20, 0x37, 0x2A, 0x11, 0x90, 0x0E, 0x39, 0x0A, 0x28, 0xC7, 0x94, 0xF9,
    0x22, 0xE1, 0xE2, 0x60, 0x9F, 0xD8, 0x3B, 0xD2, 0x59, 0x37, 0xC7, 0x71, 0xB5, 0xE7, 0x17, 0xD4,
    0xF4, 0x19, 0x15, 0x28, 0x1C, 0x43, 0xF9, 0xBF, 0x50, 0xF8, 0xC5, 0xC5, 0x8D, 0x19, 0x76, 0x3C,
    0x6E, 0x5A, 0x54, 0x0E, 0x95, 0x9B, 0x40, 0x02, 0xAF, 0xCB, 0x38, 0x03, 0x28, 0x65, 0xAB, 0x31,
    0xE5, 0x64, 0x11, 0xC6, 0x04, 0xA6, 0x71, 0x86, 0x0D, 0x8E, 0x78, 0x76, 0x12, 0x8F, 0xBC, 0x5C,
    0xC2, 0x2F, 0x92, 0x7D, 0x10, 0x5B, 0x01, 0x85, 0xD3, 0x41, 0xA6, 0x65, 0xF1, 0x1F, 0xBA, 0xD5,
    0x45, 0x62, 0xA4, 0x41, 0x2B, 0x6E, 0x93, 0xCF, 0x89, 0xD4, 0xC7, 0x87, 0xB7, 0x61, 0x07, 0x60,
    0x29, 0x1E, 0x80, 0x94, 0x27, 0x1D, 0x7E, 0x92, 0x7D, 0xCC, 0x21, 0xA5, 0x57, 0xF1, 0xA4, 0xAB,
    0x9C, 0x4C, 0x34, 0x40, 0xFC, 0xBD, 0x2E, 0xE1, 0xEC, 0x8D, 0x17, 0x8F, 0x8E, 0xAB, 0x8F, 0x34,
    0x57, 0x44, 0xC3, 0x9C, 0x9B, 0x36, 0x71, 0x60, 0x97, 0xCC, 0xE5, 0x72, 0x6E, 0x5C, 0x3E, 0x83,
    0x4B, 0x70, 0xB0, 0xAE, 0x6E, 0x4E, 0x2F, 0xED, 0xBF, 0x19, 0x60, 0xCD, 0x34, 0x8B, 0x29, 0x9A,
    0x8E, 0x60, 0x36, 0xAE, 0xC0, 0xB7, 0x78, 0xB1, 0xAF, 0x82, 0xE1, 0x61, 0x4D, 0xA6, 0x91, 0x9C,
    0xAD, 0xD5, 0xBA, 0x0C, 0xAC, 0xCF, 0xCB, 0xC3, 0x97, 0x7C, 0x3C, 0x91, 0x5D, 0xE7, 0xC1, 0xA6,
    0xB7, 0xE7, 0x21, 0x84, 0x6B, 0x4B, 0x3B, 0x59, 0x1B, 0x48, 0xD5, 0x8C, 0x5F, 0xFA, 0xEE, 0xA8,
    0xF1, 0xF9, 0x48, 0x21, 0x73, 0xFB, 0xB1, 0x42, 0x3C, 0xCF, 0x9F, 0x7C, 0xCD, 0x3C, 0xB9, 0xB5,
    0xF5, 0xB3, 0x9F, 0x9D, 0x15, 0x3F, 0xE4, 0x4B, 0xF4, 0x3D, 0xB1, 0xAB, 0xD4, 0x4E, 0xE1, 0x84,
    0xCD, 0x6B, 0x80, 0x7A, 0x47, 0xBF, 0xE3, 0xDC, 0x57, 0xA0, 0xCD, 0xE4, 0x31, 0xC9, 0xCE, 0xBA,
    0x6A, 0x45, 0x2B, 0x1B, 0xE7, 0xF2, 0x12, 0x15, 0xA3, 0xDC, 0xE7, 0x64, 0x2F, 0xFA, 0x8B, 0xD9,
    0xA9, 0x4A, 0x40, 0x9C, 0x7F, 0xE3, 0xD3, 0x4F, 0x63, 0x50, 0x68, 0xC4, 0x01, 0x76, 0x44, 0xE8,
    0x16, 0xDB, 0xF5, 0x63, 0xF1, 0xBE, 0xE1, 0x80, 0xB3, 0xEE, 0xB4, 0x3D, 0x24, 0x69, 0xC7, 0xCC,
    0x88, 0xF6, 0x79, 0x5D, 0x21, 0xE9, 0xEF, 0x03, 0xCD, 0xA5, 0xAA, 0x26, 0xD3, 0x69, 0x2E, 0x9F,
    0xB5, 0x72, 0x28, 0x55, 0x6C, 0xFF, 0xD1, 0xDA, 0xB7, 0x34, 0x25, 0xE0, 0xDA, 0xA7, 0xF6, 0x13,
    0xCD, 0x0A, 0xF8, 0xE3, 0x5B, 0xF6, 0x3F, 0x73, 0x3D, 0x17, 0xD4, 0x9F, 0x73, 0x04, 0xA6, 0xF9,
    0x74, 0x50, 0x87, 0x9A, 0x1B, 0xDE, 0xB8, 0x55, 0xE8, 0x1A, 0x88, 0x33, 0x58, 0x95, 0xAA, 0x44,
    0xF0, 0x64, 0x1D, 0x77, 0x70, 0x87, 0x66, 0xD3, 0x00, 0xDC, 0x61, 0xAE, 0x81, 0xCB, 0x97, 0x95,
    0x63, 0x7F, 0x97, 0xD9, 0x82, 0x2E, 0x90, 0x11, 0x4F, 0x9B, 0xB9, 0x87, 0x59, 0x2A, 0x6A, 0xE7,
    0x8A, 0x9E, 0x49, 0xDA, 0xCB, 0x12, 0xEB, 0x35, 0x66, 0xE1, 0x34, 0x5D, 0xDD, 0xEF, 0xAF, 0xEE,
    0xB7, 0xFB, 0xEF, 0x14, 0xB6, 0x2B, 0x10, 0xAA, 0x66, 0xD2, 0xE5, 0x69, 0x23, 0xBB, 0x0B, 0xE3,
    0x92, 0xEB, 0x32, 0x01, 0x4A, 0x46, 0x5F, 0xBD, 0x84, 0xE0, 0x78, 0xCA, 0x5B, 0x88, 0xAA, 0x6E,
    0xC7, 0xB6, 0xE7, 0x11, 0xF7, 0x3B, 0x5F, 0x75, 0x80, 0xB2, 0xC7, 0xBE, 0xE8, 0xB1, 0x73, 0x76,
    0xD5, 0x65, 0x53, 0xCB, 0x01, 0xF0, 0x04, 0x12, 0x11, 0xE1, 0x86, 0x02, 0x7A, 0x47, 0x62, 0x8C,
    0xE4, 0x9C, 0x3A, 0xE3, 0x59, 0x4D, 0x1F, 0x9C, 0x34, 0x7C, 0x71, 0x45, 0xEB, 0xD3, 0xC8, 0x33,
    0xB8, 0xD3, 0xCB, 0x05, 0x64, 0x74, 0x63, 0x8E, 0xA7, 0xC4, 0x15, 0xCF, 0x02, 0x8B, 0x25, 0x9F,
    0x89, 0x6B, 0xDE, 0x34, 0xDB, 0x8B, 0xF1, 0xFD, 0xC8, 0x78, 0xF9, 0x16, 0x09, 0x1D, 0x5C, 0x45,
    0x28, 0xAF, 0x94, 0x93, 0x4C, 0x06, 0x39, 0xDD, 0x32, 0xAB, 0x05, 0xF0, 0xC8, 0x34, 0x87, 0xF0,
    0x23, 0x0D, 0xEE, 0x8E, 0x8C, 0xC5, 0x94, 0x5E, 0x27, 0x81, 0xF9, 0x40, 0xCE, 0x92, 0x69, 0x23,
    0x39, 0x4D, 0xA6, 0x8B, 0x95, 0xA7, 0x2F, 0x49, 0x77, 0x56, 0xA7, 0x15, 0xBC, 0x19, 0x34, 0x20,
    0xDA, 0x69, 0x08, 0xB7, 0xDD, 0x48, 0x60, 0x0A, 0x74, 0x7E, 0xDC, 0x6B, 0x1D, 0xEA, 0xEF, 0xDD,
    0x7D, 0x2B, 0x3B, 0x49, 0xFE, 0x91, 0x4E, 0xB8, 0xB3, 0x1B, 0xEE, 0xBE, 0x10, 0x49, 0x13, 0x36,
    0xFB, 0xB5, 0xD9, 0x37, 0x5E, 0x65, 0xC3, 0x21, 0xE3, 0xF3, 0x81, 0xB1, 0xEE, 0x46, 0xB9, 0x3B,
    0x95, 0xDB, 0x9C, 0xDB, 0x7F, 0xE7, 0xDC, 0x3E, 0xB4, 0x7B, 0xC1, 0x49, 0x07, 0x48, 0x15, 0xB0,
    0x75, 0xC8, 0x09, 0x10, 0x11, 0x28, 0xC4, 0xEB, 0xB4, 0x0C, 0xBB, 0xEA, 0x53, 0xA3, 0xF8, 0xA3,
    0x49, 0x01, 0x45, 0x92, 0xD4, 0x7D, 0x68, 0xE4, 0xB4, 0x75, 0x87, 0x6F, 0x49, 0xC7, 0x3D, 0xCD,
    0xC8, 0x28, 0xD7, 0x69, 0x5E, 0x82, 0x8E, 0x9D, 0x5E, 0x24, 0x76, 0x72, 0x07, 0xBD, 0x6E, 0x1D,
    0x28, 0x16, 0x51, 0x8D, 0x65, 0xDF, 0x5B, 0x3E, 0x2B, 0x18, 0x39, 0x9D, 0x46, 0xF6, 0x91, 0xA9,
    0xC1, 0x68, 0x4E, 0x94, 0x27, 0x4A, 0x99, 0x45, 0x32, 0x89, 0xAA, 0x5E, 0xE6, 0x55, 0x35, 0x48,
    0x84, 0xAF, 0xE8, 0xD5, 0xFA, 0x68, 0x65, 0x53, 0xB4, 0x67, 0x60, 0x9D, 0x1C, 0x1F, 0x79, 0x70,
    0x2D, 0x4D, 0xD2, 0x95, 0x3D, 0xB8, 0x4E, 0x77, 0x17, 0xCD, 0x22, 0x73, 0x97, 0x51, 0x48, 0x5F,
    0xF4, 0x0B, 0x30, 0x41, 0x22, 0x8F, 0x60, 0x45, 0x26, 0xD6, 0xAA, 0xE7, 0x7C, 0x8C, 0xB8, 0x66,
    0x04, 0x26, 0x95, 0x67, 0xEF, 0x60, 0x88, 0x0D, 0xCE, 0x98, 0xD0, 0x03, 0x65, 0x74, 0x2D, 0xB0,
    0xBA, 0xB4, 0x08, 0xB3, 0xA4, 0x93, 0xB1, 0xF4, 0x59, 0x77, 0x6C, 0xEA, 0x96, 0x66, 0xAB, 0xC7,
    0xB1, 0x49, 0xDA, 0x9C, 0x50, 0x4B, 0x07, 0x25, 0x9B, 0x35, 0xDD, 0xF5, 0xB8, 0x30, 0xCC, 0x79,
    0x4F, 0x67, 0x2C, 0x37, 0x4E, 0x24, 0x3F, 0xF0, 0x4D, 0x9C, 0x47, 0x84, 0x20, 0x59, 0xB6, 0xB1,
    0x3B, 0x62, 0xFD, 0xFA, 0xA5, 0x4B, 0xD1, 0x63, 0x1D, 0xC9, 0x56, 0x29, 0x47, 0xD3, 0x58, 0x33,
    0x66, 0xB3, 0x1C, 0xCE, 0x9B, 0x32, 0xF7, 0xF7, 0x2F, 0x33, 0x3C, 0xD6, 0xC4, 0xB7, 0x38, 0xA1,
    0x12, 0x1B, 0x05, 0x4D, 0xB1, 0x32, 0x2F, 0xC1, 0xDE, 0x38, 0xED, 0xCB, 0x16, 0xC3, 0x46, 0x93,
    0x76, 0x93, 0x79, 0x8F, 0x31, 0x3D, 0xB3, 0xA1, 0xF5, 0xC4, 0x6F, 0xB1, 0xC4, 0x34, 0xD0, 0x78,
    0x35, 0x89, 0x4B, 0x56, 0xA3, 0x3F, 0x7C, 0x7C, 0xE1, 0xBC, 0x8F, 0xF4, 0xA4, 0xB2, 0x52, 0x39,
    0x58, 0xDF, 0x5E, 0x45, 0x42, 0x4C, 0xE6, 0x9A, 0xAF, 0xCB, 0xC0, 0x23, 0xC5, 0x93, 0x8D, 0xD3,
    0x41, 0xA3, 0xB9, 0x08, 0xBF, 0xE1, 0x74, 0xD0, 0xC3, 0xE6, 0x89, 0x66, 0xA6, 0x93, 0x4B, 0x52,
    0x71, 0xCF, 0xDE, 0x5E, 0x09, 0x39, 0xFA, 0x05, 0x4F, 0x94, 0x5F, 0x80, 0x75, 0x1F, 0x45, 0x9E,
    0xDC, 0xF3, 0xB9, 0x95, 0x87, 0x3F, 0x4F, 0x7E, 0x95, 0xEB, 0xBE, 0x2D, 0xF4, 0x33, 0x18, 0xA9,
    0xEB, 0x64, 0xD4, 0xAE, 0x60, 0x26, 0x3D, 0x2F, 0x06, 0x39, 0x5B, 0xE3, 0x92, 0xEF, 0x7D, 0x7B,
    0x6C, 0x9D, 0xE9, 0x51, 0x2C, 0xA4, 0xEA, 0x3B, 0x15, 0x77, 0x0A, 0xD3, 0xFF, 0x09, 0xED, 0x5C,
    0x3D, 0xB0, 0xDD, 0xC6, 0x75, 0x5E, 0x00, 0xE2, 0x43, 0x42, 0xC4, 0x06, 0x0B, 0x33, 0xA3, 0x48,
    0xB6, 0xE0, 0x42, 0x85, 0xED, 0x91, 0x0D, 0x17, 0x2E, 0x58, 0x90, 0x04, 0x1C, 0x4F, 0x26, 0x45,
    0x0A, 0xBD, 0x42, 0xCF, 0x2E, 0x52, 0xC4, 0x45, 0x9A, 0x38, 0x05, 0x5D, 0xB8, 0x70, 0x21, 0x0A,
    0x48, 0x5C, 0xA4, 0x48, 0x91, 0x97, 0x99, 0x24, 0x4D, 0x1A, 0x66, 0x46, 0x99, 0x51, 0x9E, 0x66,
    0x42, 0x15, 0x2A, 0x29, 0x02, 0x8A, 0x0A, 0x15, 0x2E, 0x84, 0x89, 0x27, 0x4E, 0x91, 0xC2, 0xC8,
    0x58, 0x93, 0x19, 0x5A, 0x85, 0x31, 0xD6, 0x55, 0x82, 0x47, 0xE1, 0x62, 0x73, 0xBE, 0x73, 0xCE,
    0x2E, 0x70, 0x1F, 0x29, 0x9A, 0xFA, 0x23, 0x2D, 0x91, 0x97, 0x7C, 0xBB, 0xE7, 0xDE, 0x8B, 0x0B,
    0x2C, 0xF6, 0x9C, 0x3D, 0xBF, 0xDF, 0xC2, 0x18, 0x7E, 0xFD, 0xA9, 0x74, 0xD1, 0x56, 0xFA, 0xD4,
    0x1A, 0x13, 0x5C, 0x7D, 0x9E, 0xFB, 0xCA, 0xDA, 0x2E, 0xB2, 0x26, 0xB6, 0xBF, 0xB0, 0x5B, 0x63,
    0x4D, 0x3E, 0x99, 0xCC, 0x76, 0x44, 0xF5, 0x26, 0xB2, 0x76, 0x0C, 0x6D, 0x6B, 0x0C, 0x1D, 0x11,
    0xDB, 0xD2, 0x98, 0x66, 0xE2, 0x5F, 0x98, 0x62, 0x36, 0xF9, 0x8C, 0xDE, 0x96, 0x05, 0xCE, 0x98,
    0xD9, 0xB6, 0xDA, 0xF2, 0x69, 0x5B, 0x3A, 0x04, 0x7D, 0xA7, 0x7D, 0x6F, 0xD1, 0x27, 0xAB, 0x7E,
    0xBB, 0xD3, 0x77, 0xCD, 0xCC, 0x7D, 0x5B, 0x59, 0xE9, 0x0B, 0xCB, 0xBF, 0xAB, 0x73, 0x5B, 0xF3,
    0x30, 0x53, 0x5C, 0x3F, 0x9B, 0x71, 0x28, 0x5D, 0x6F, 0xA2, 0x31, 0x0D, 0xD4, 0x6F, 0x68, 0x4C,
    0x74, 0x42, 0x7C, 0x96, 0x63, 0xE8, 0x34, 0xB6, 0xD8, 0xDE, 0xE4, 0x6B, 0xE2, 0x7E, 0x6A, 0xF4,
    0xC1, 0xD1, 0xDF, 0xC9, 0xCD, 0x9A, 0x8C, 0xDB, 0xAA, 0x45, 0x8B, 0x9F, 0x10, 0xDD, 0xF3, 0x2C,
    0xF4, 0x74, 0xDA, 0xC3, 0xB8, 0x35, 0x8D, 0x9D, 0xFF, 0xA8, 0x8E, 0xE6, 0xC4, 0xCE, 0x26, 0x9D,
    0x42, 0xBA, 0xF3, 0x7C, 0x63, 0xE8, 0x3A, 0xC5, 0x60, 0x9A, 0x8D, 0x69, 0x06, 0x53, 0x4D, 0xFC,
    0xF6, 0x0E, 0xED, 0x06, 0x63, 0xA2, 0xC3, 0x2A, 0x7E, 0xDB, 0x74, 0x18, 0x3A, 0x0D, 0x23, 0xB2,
    0x6F, 0xE1, 0xFE, 0x1A, 0xFA, 0xDE, 0x98, 0xBD, 0x7F, 0x31, 0xFE, 0xB5, 0xE7, 0x88, 0xA2, 0x55,
    0x42, 0x06, 0x06, 0xA2, 0x77, 0x5F, 0x39, 0x22, 0xED, 0xCE, 0x9A, 0x53, 0xA5, 0xF9, 0x9C, 0xC9,
    0xEB, 0xC6, 0xD2, 0xD7, 0x34, 0x5C, 0x9A, 0x72, 0xBA, 0xE9, 0x94, 0x99, 0x44, 0x77, 0x4D, 0xFC,
    0x33, 0x21, 0x2E, 0x12, 0xD0, 0xB4, 0x06, 0x7C, 0xB5, 0xE9, 0xDE, 0x12, 0x66, 0x21, 0x46, 0xFA,
    0x78, 0x34, 0xC2, 0xA1, 0x10, 0x44, 0x43, 0x83, 0x8A, 0x06, 0x96, 0x17, 0xE2, 0x71, 0xCF, 0x44,
    0x6B, 0xF2, 0x96, 0x39, 0x7D, 0x1C, 0x82, 0x7B, 0xC4, 0x3E, 0x6B, 0x67, 0xB9, 0x7F, 0xCB, 0xA7,
    0x82, 0x54, 0x09, 0x23, 0x8D, 0xF9, 0xDE, 0xF3, 0xE6, 0xC4, 0x2B, 0x97, 0xAE, 0x91, 0xD9, 0xB3,
    0xED, 0x8A, 0xC3, 0x26, 0xD5, 0xAE, 0x36, 0x97, 0xDA, 0xB3, 0x47, 0x33, 0x5D, 0xEC, 0x35, 0xCC,
    0x5A, 0x61, 0xFF, 0xC2, 0x5A, 0x5C, 0xA8, 0x86, 0x0C, 0x47, 0xB6, 0x4E, 0x3E, 0x60, 0x27, 0x3F,
    0x6F, 0xA5, 0xEB, 0x0B, 0x9E, 0x7A, 0x19, 0xB4, 0xB5, 0xBF, 0xC4, 0xDD, 0x57, 0xF6, 0xE9, 0x63,
    0x1A, 0xC0, 0xE9, 0x2B, 0x9F, 0x2D, 0x57, 0x43, 0x0E, 0xF8, 0xBF, 0x7F, 0xC5, 0x24, 0x59, 0xEB,
    0x6F, 0xED, 0x5F, 0x6F, 0xD7, 0x37, 0x58, 0x41, 0xCE, 0x97, 0x57, 0x6A, 0xDB, 0xF5, 0x5B, 0xF0,
    0x7B, 0xFD, 0x1A, 0x57, 0x74, 0x28, 0xDD, 0xD9, 0xF2, 0x14, 0x4F, 0x5B, 0xF2, 0x26, 0x35, 0x07,
    0x74, 0xF7, 0xF4, 0x7A, 0x13, 0x27, 0xC2, 0x8B, 0xE4, 0x1E, 0xAF, 0xD2, 0xBD, 0x05, 0xAF, 0x68,
    0x51, 0x9A, 0x74, 0x43, 0xF7, 0x32, 0xF1, 0xDB, 0x80, 0xFE, 0x68, 0x26, 0x23, 0xDC, 0x10, 0x3E,
    0xA2, 0xFB, 0xCC, 0xF1, 0xF3, 0x41, 0xDE, 0x66, 0xB6, 0xBE, 0xC0, 0x0B, 0x5F, 0xDE, 0xD2, 0xF8,
    0xBE, 0x81, 0x63, 0x6A, 0x79, 0x1B, 0xF3, 0xE8, 0x1B, 0xAB, 0x52, 0xC0, 0x8B, 0x36, 0xE0, 0x25,
    0x2F, 0x6F, 0x47, 0x23, 0x72, 0x2B, 0x32, 0x82, 0xB7, 0x09, 0xFF, 0xC2, 0xB2, 0x48, 0xF1, 0xF9,
    0xFA, 0xF5, 0xDB, 0x82, 0x6F, 0xDF, 0xFF, 0xA2, 0x61, 0x91, 0xF1, 0x6F, 0x2D, 0xCF, 0x86, 0x1C,
    0x3C, 0xEA, 0x89, 0xFD, 0xDB, 0xD8, 0x8E, 0xC6, 0x5F, 0x68, 0x90, 0x1B, 0x58, 0x46, 0x95, 0xCB,
    0xB2, 0x93, 0xB7, 0x1D, 0xCD, 0x7A, 0x0B, 0x26, 0xC9, 0x2D, 0xB4, 0x7C, 0xE2, 0xD8, 0xDD, 0x20,
    0xFD, 0x9C, 0x04, 0x34, 0x95, 0xB7, 0xF9, 0x56, 0xAE, 0x43, 0x53, 0x82, 0xDB, 0x22, 0x35, 0x91,
    0x42, 0x00, 0x9E, 0xC3, 0x60, 0x4A, 0xE8, 0xAA, 0x8C, 0x4E, 0x9E, 0x6C, 0xCD, 0xE3, 0x56, 0xE4,
    0x9A, 0xA7, 0x7F, 0x92, 0xAE, 0xF7, 0x6F, 0xC1, 0x99, 0xFD, 0x85, 0x73, 0x8E, 0x65, 0xE6, 0x07,
    0xE6, 0x29, 0xCF, 0x30, 0x73, 0x81, 0xB8, 0xEB, 0xD8, 0x65, 0xF2, 0x70, 0xF0, 0xCC, 0x32, 0xE9,
    0x8F, 0x7B, 0xCF, 0x2A, 0xE8, 0x4E, 0xCF, 0x28, 0x48, 0xA9, 0x67, 0x13, 0x7D, 0x6D, 0x3C, 0x93,
    0x8C, 0x71, 0x4C, 0x60, 0x16, 0x9D, 0x5B, 0x33, 0x68, 0x99, 0x88, 0x31, 0x3D, 0x3A, 0xBA, 0x5A,
    0x3B, 0xE6, 0x40, 0x46, 0x5A, 0xC7, 0x8B, 0xF4, 0x66, 0x63, 0x6B, 0xF7, 0x26, 0x63, 0x75, 0xAD,
    0x7C, 0xC8, 0xA1, 0xFF, 0xDC, 0x9B, 0x8B, 0xC6, 0xC9, 0x0D, 0xF1, 0xE0, 0x7C, 0xE8, 0xA4, 0x46,
    0xF8, 0xD3, 0xAD, 0xD9, 0xD1, 0xAE, 0x99, 0xB1, 0x62, 0x45, 0x31, 0x9B, 0x15, 0x23, 0x26, 0xD3,
    0x2D, 0x6C, 0xD8, 0x84, 0xDD, 0xC2, 0x84, 0x3E, 0x6A, 0x17, 0x16, 0xB4, 0x69, 0xBB, 0x30, 0xA0,
    0xAE, 0xDA, 0xF5, 0xF4, 0x97, 0xEB, 0xC9, 0x5F, 0x4F, 0xFD, 0x23, 0xAB, 0x16, 0x2B, 0xF1, 0x9A,
    0xA3, 0xC8, 0x9E, 0x44, 0x65, 0xD8, 0x8A, 0xAC, 0x46, 0x5D, 0xD2, 0xCA, 0x67, 0xE1, 0x90, 0x43,
    0xFC, 0x48, 0xCF, 0x9B, 0xA9, 0x32, 0x4A, 0x89, 0xED, 0x01, 0x55, 0x8C, 0x8E, 0xCA, 0x06, 0x47,
    0x25, 0x9D, 0xA3, 0xA2, 0xD6, 0x51, 0x86, 0x0D, 0x5E, 0x33, 0x9A, 0xF9, 0xE8, 0x88, 0x4C, 0x06,
    0xD9, 0x5A, 0xA8, 0xBE, 0x6D, 0x64, 0xFF, 0x10, 0xD4, 0x11, 0x4D, 0x35, 0x7D, 0x3A, 0x1A, 0xB2,
    0x47, 0x43, 0x3E, 0xD2, 0x59, 0x83, 0x4D, 0x6C, 0x3B, 0xB2, 0x32, 0xC5, 0x18, 0xF6, 0x30, 0xB4,
    0x64, 0x69, 0xC6, 0xA8, 0xA5, 0x39, 0x83, 0x09, 0x1A, 0xD9, 0x28, 0x2B, 0x65, 0x27, 0xA5, 0x02,
    0xEA, 0x84, 0xA2, 0x79, 0x52, 0x8A, 0xE4, 0xE4, 0x33, 0x16, 0xE7, 0xA3, 0x19, 0x2A, 0xBF, 0x46,
    0x2C, 0x23, 0x8A, 0xB8, 0x78, 0x81, 0x7E, 0x4E, 0x14, 0xDD, 0xC6, 0x94, 0xD9, 0x9F, 0xDA, 0xED,
    0xDF, 0xDA, 0x31, 0x9A, 0x62, 0x28, 0xB4, 0x9F, 0x5B, 0x1E, 0xDA, 0x9C, 0x1F, 0x93, 0x3F, 0x40,
    0xE7, 0x38, 0x7D, 0xE5, 0xCB, 0x3C, 0xF6, 0xF2, 0x6C, 0x19, 0xD0, 0x0C, 0x9E, 0xA2, 0xB6, 0xC0,
    0x11, 0x98, 0xD7, 0x91, 0x04, 0xF5, 0x90, 0x95, 0x79, 0xC7, 0x4C, 0xA1, 0xB1, 0xCC, 0x2A, 0x13,
    0x8B, 0x74, 0xFC, 0x46, 0x52, 0x91, 0xA7, 0x12, 0x4F, 0xA5, 0x9E, 0xBA, 0xE8, 0xA9, 0x57, 0x84,
    0x9A, 0x4D, 0x3C, 0x81, 0x4A, 0x64, 0x21, 0x57, 0x93, 0x5B, 0xD2, 0xD5, 0x28, 0x92, 0x74, 0x06,
    0xAE, 0x80, 0x93, 0xA3, 0xDE, 0x53, 0xAA, 0xC5, 0x1F, 0x35, 0x8D, 0x9A, 0xB6, 0xCA, 0x38, 0x55,
    0x6E, 0x5F, 0x9D, 0x1C, 0xF5, 0xAE, 0xFB, 0x69, 0xE1, 0x2C, 0xA0, 0x09, 0x9E, 0x61, 0x05, 0x11,
    0xEC, 0xEB, 0xE7, 0x6C, 0x65, 0xE1, 0x16, 0xC9, 0x7C, 0xD7, 0x46, 0x1D, 0x2A, 0x59, 0xA8, 0xBC,
    0xAE, 0xD4, 0xE5, 0x52, 0x22, 0x72, 0x2B, 0x15, 0xBE, 0xA0, 0xF5, 0x97, 0x62, 0x22, 0xA8, 0x95,
    0xC8, 0xF5, 0xE0, 0x3D, 0xF7, 0xAB, 0xCA, 0x11, 0xB9, 0xAE, 0x7A, 0xB9, 0x96, 0x9C, 0xF0, 0xEE,
    0x89, 0xC8, 0x11, 0x89, 0x23, 0x52, 0x47, 0x5C, 0x74, 0xC4, 0x2B, 0x4C, 0x60, 0x62, 0xD9, 0xD4,
    0x62, 0x36, 0x89, 0x28, 0x1C, 0x21, 0xB3, 0x1A, 0xD9, 0xD2, 0x59, 0xC0, 0xF2, 0x84, 0x29, 0x8C,
    0x1D, 0x91, 0xCC, 0x8E, 0x70, 0x16, 0x35, 0x75, 0xB7, 0x9B, 0x6E, 0x9C, 0xFF, 0xE0, 0x66, 0x58,
    0x7D, 0x06, 0x13, 0xCD, 0x8B, 0x5D, 0x86, 0x70, 0xB3, 0x03, 0xD2, 0xEA, 0x04, 0xB2, 0x01, 0x0A,
    0x31, 0xDB, 0x6D, 0x62, 0x4B, 0xB6, 0xFD, 0xAD, 0x6F, 0x13, 0x5B, 0x47, 0x20, 0xE0, 0x13, 0xD0,
    0xDC, 0x46, 0x7C, 0x3C, 0xDA, 0x00, 0x9F, 0xD3, 0x94, 0x52, 0x1B, 0xF3, 0x91, 0x0D, 0x1F, 0x99,
    0x73, 0x2B, 0xE7, 0x89, 0xB9, 0x8D, 0x3E, 0x68, 0x9B, 0xD9, 0x0D, 0xB5, 0x95, 0x9D, 0x62, 0xF5,
    0xA1, 0xCC, 0x89, 0x36, 0xB1, 0xCB, 0x84, 0xC8, 0x24, 0x48, 0xAB, 0x9A, 0x89, 0xE5, 0x92, 0x25,
    0x51, 0x6E, 0x3F, 0xA1, 0x8F, 0xBF, 0xCC, 0x6A, 0x71, 0xFF, 0xEC, 0x1F, 0xEC, 0x9B, 0x67, 0x1A,
    0xD1, 0xBF, 0xF6, 0x67, 0xA4, 0x44, 0x13, 0x76, 0xCF, 0x9A, 0x6D, 0x08, 0xAB, 0xC4, 0x9E, 0x59,
    0x3A, 0x20, 0x00, 0xA0, 0x3F, 0x52, 0x6E, 0x51, 0xCF, 0xDA, 0xBB, 0x80, 0x11, 0xF4, 0xF4, 0xB4,
    0xA2, 0xAD, 0xA7, 0x2F, 0xC0, 0x9A, 0x38, 0xBA, 0x20, 0x85, 0xE2, 0xE8, 0x14, 0x5A, 0x56, 0xE9,
    0x98, 0xAE, 0x16, 0x75, 0x42, 0x07, 0x74, 0x35, 0x47, 0x93, 0x40, 0x76, 0x9E, 0xCE, 0xE9, 0xF6,
    0x1D, 0x9D, 0x90, 0x90, 0xB4, 0x4A, 0xD3, 0x10, 0x3D, 0x4D, 0x43, 0x7D, 0xCD, 0xD3, 0x85, 0x7D,
    0xDB, 0xD3, 0x29, 0x86, 0x01, 0xFA, 0x32, 0xB8, 0xB5, 0xD0, 0xC6, 0xD1, 0xD7, 0x9D, 0x9F, 0xAA,
    0x74, 0xAA, 0xF4, 0xCC, 0xB3, 0xCB, 0xD7, 0x0D, 0x30, 0xED, 0x81, 0xE5, 0x31, 0x27, 0xEC, 0x67,
    0x54, 0x4C, 0xE7, 0x6C, 0x60, 0xB2, 0x5E, 0xA2, 0x24, 0x76, 0xCA, 0x5A, 0x04, 0x56, 0x8B, 0xFB,
    0xBA, 0x72, 0xD8, 0xBC, 0x28, 0x52, 0x50, 0x50, 0x74, 0xFE, 0xD3, 0xB6, 0xA8, 0x7D, 0x8C, 0x30,
    0x54, 0xFE, 0xE8, 0x62, 0x9E, 0x56, 0x4E, 0x61, 0xBF, 0x9C, 0xE6, 0xC0, 0x2C, 0xBC, 0x43, 0xA8,
    0xA6, 0xAC, 0xEB, 0x60, 0x0D, 0x85, 0x73, 0x11, 0x7B, 0x34, 0xCC, 0xB8, 0x88, 0xFD, 0x61, 0xE6,
    0x9B, 0x90, 0x1B, 0x21, 0x3B, 0xC7, 0xB5, 0x80, 0x8E, 0x73, 0x4C, 0x7B, 0x74, 0xE1, 0x99, 0x59,
    0x58, 0x66, 0x0E, 0x3D, 0xC7, 0xC8, 0xA5, 0x57, 0x86, 0x21, 0x76, 0x52, 0x7E, 0xE1, 0xF4, 0xCA,
    0x2E, 0x78, 0x89, 0xCA, 0xAD, 0x88, 0x49, 0x66, 0x56, 0xC8, 0x24, 0xF3, 0x4A, 0x48, 0x66, 0x95,
    0x92, 0xE0, 0x94, 0x92, 0x60, 0x14, 0x48, 0xE5, 0x93, 0x92, 0x46, 0x49, 0xE5, 0x92, 0x23, 0x53,
    0x21, 0x95, 0x47, 0x44, 0x3A, 0x16, 0x85, 0x58, 0x72, 0xC2, 0xA1, 0x10, 0x6B, 0x50, 0x18, 0x14,
    0x3A, 0xB7, 0x3A, 0x6C, 0xC3, 0xC5, 0xC3, 0xBE, 0x3D, 0x19, 0x79, 0x5D, 0xBC, 0x76, 0xBF, 0x57,
    0x64, 0x3C, 0x7B, 0x32, 0x59, 0x31, 0x69, 0xB3, 0xF0, 0xAE, 0x5B, 0xBC, 0x7D, 0x1F, 0x19, 0x44,
    0xE3, 0xC9, 0xD8, 0x26, 0xD6, 0x4F, 0x32, 0x3D, 0x5F, 0x6E, 0x9D, 0x31, 0xD8, 0x7D, 0xEF, 0xB4,
    0x5A, 0x70, 0xB8, 0xFC, 0xB6, 0x16, 0x39, 0x7A, 0xBC, 0x85, 0xCD, 0x69, 0xF6, 0xEC, 0xEB, 0xC4,
    0xA1, 0xC7, 0x6D, 0x46, 0x66, 0xDC, 0x12, 0x5B, 0x48, 0x12, 0xC8, 0x27, 0x6F, 0x66, 0x62, 0x74,
    0x4A, 0xDA, 0x63, 0x0E, 0xA1, 0x81, 0xEA, 0x14, 0x7D, 0xF4, 0x51, 0xF4, 0x91, 0xF6, 0x89, 0xDD,
    0x64, 0xB6, 0x4F, 0x67, 0x12, 0x26, 0x52, 0x4E, 0xA9, 0xDE, 0x47, 0xBA, 0x3D, 0xD1, 0xEB, 0xF8,
    0xB3, 0x69, 0x77, 0x51, 0xE4, 0x1B, 0x27, 0xF6, 0xBB, 0xD3, 0xA6, 0xC6, 0x33, 0x70, 0xB7, 0xEF,
    0xA6, 0xA9, 0x13, 0xEF, 0xED, 0x11, 0x09, 0xE9, 0x83, 0xAD, 0xA8, 0x73, 0x3D, 0x9B, 0xD5, 0xB8,
    0xBA, 0xD0, 0x19, 0x77, 0x9C, 0x09, 0x87, 0x13, 0xB3, 0xFE, 0x05, 0xC7, 0xF0, 0x93, 0x93, 0x5E,
    0xEE, 0x58, 0xE2, 0x46, 0x05, 0xE2, 0xFF, 0xE4, 0xBC, 0xC1, 0xAF, 0x64, 0x0D, 0x86, 0x83, 0x78,
    0xD0, 0x51, 0x27, 0xC1, 0x6B, 0xDC, 0x36, 0xA3, 0xC4, 0xA2, 0x95, 0xA8, 0xDD, 0x52, 0x5C, 0xBE,
    0x5C, 0x55, 0xC2, 0x45, 0xF2, 0xBE, 0xD0, 0x5F, 0x96, 0x84, 0x0A, 0x3C, 0x3F, 0xBE, 0x80, 0x65,
    0x5F, 0xDB, 0x84, 0xC7, 0x07, 0x7F, 0x8C, 0x9E, 0xA2, 0x66, 0xAC, 0x4F, 0x13, 0xF7, 0xE2, 0xA2,
    0xA7, 0x1D, 0x7B, 0xCD, 0x1C, 0xE2, 0x42, 0x9A, 0x73, 0xE7, 0xF3, 0xD7, 0x12, 0x87, 0x48, 0xB2,
    0x86, 0x38, 0x7E, 0x8C, 0xE8, 0x79, 0x83, 0x15, 0x5C, 0x91, 0x4F, 0xE9, 0x7C, 0xDB, 0xA8, 0x0D,
    0xE8, 0x04, 0x03, 0x7C, 0xD0, 0x11, 0xA7, 0xB8, 0x5E, 0x48, 0x32, 0x47, 0x79, 0xC0, 0xA2, 0xCA,
    0x81, 0x7A, 0xD8, 0xEE, 0x08, 0x35, 0xBC, 0x80, 0xE8, 0x26, 0xDC, 0x75, 0x76, 0x3B, 0xDB, 0x8A,
    0x62, 0xD7, 0x9A, 0x9A, 0x1F, 0x9A, 0x0A, 0x3F, 0xE1, 0x06, 0xC3, 0x42, 0x10, 0x17, 0xC0, 0x47,
    0x4C, 0x47, 0x1C, 0xD7, 0x53, 0xD3, 0x74, 0xD4, 0x58, 0x50, 0xF6, 0x1D, 0x3B, 0x1E, 0x56, 0x24,
    0x89, 0x6D, 0x4E, 0x02, 0x52, 0x86, 0x57, 0x82, 0xE7, 0xC9, 0x4B, 0x32, 0x67, 0x8A, 0x3A, 0xDE,
    0xD0, 0xF1, 0xA4, 0x7D, 0x68, 0xAA, 0x71, 0x13, 0x50, 0x88, 0x49, 0xAB, 0x11, 0x91, 0x38, 0x97,
    0xEC, 0xE6, 0x68, 0x60, 0xFA, 0xD1, 0xFF, 0x71, 0x98, 0xD6, 0x55, 0x56, 0x22, 0xC5, 0x73, 0xE6,
    0xF3, 0x17, 0xCD, 0xB3, 0x59, 0x3D, 0xA6, 0x3F, 0x81, 0x9E, 0x84, 0x06, 0xA0, 0x81, 0x51, 0x64,
    0xF7, 0x94, 0x81, 0xD2, 0x4B, 0xE8, 0x13, 0x0A, 0xFA, 0xA1, 0xD4, 0x22, 0x56, 0x36, 0x77, 0xFE,
    0x4F, 0x4A, 0xA7, 0x90, 0x70, 0x83, 0x6F, 0x96, 0x5D, 0x8E, 0x32, 0x19, 0x44, 0xDE, 0x9B, 0x4E,
    0x4C, 0xB5, 0x55, 0xC1, 0x9E, 0x76, 0x05, 0x3F, 0xAD, 0x77, 0x24, 0x14, 0x09, 0x3B, 0x11, 0x41,
    0x96, 0xBD, 0xD8, 0xFE, 0x83, 0x78, 0x66, 0x23, 0xF2, 0x65, 0x46, 0x12, 0x76, 0xBD, 0xF8, 0x1F,
    0x1C, 0xF7, 0x96, 0x9C, 0x79, 0x91, 0x84, 0x9D, 0xFD, 0xD8, 0x13, 0x76, 0xBC, 0x50, 0x4E, 0x26,
    0xEC, 0xF2, 0x75, 0xC2, 0x6E, 0xF4, 0x09, 0xBB, 0x48, 0x12, 0x76, 0x37, 0x64, 0x8D, 0x2C, 0x09,
    0xBB, 0x43, 0x17, 0xFC, 0x92, 0xDE, 0xBF, 0xA6, 0xC1, 0x6E, 0xFA, 0x7A, 0xAF, 0x4E, 0x18, 0x2B,
    0x60, 0x59, 0xFD, 0x5B, 0x61, 0x94, 0xD3, 0xB6, 0x38, 0x2D, 0x0C, 0x5E, 0xB4, 0xA5, 0xBB, 0x4E,
    0xC7, 0xC0, 0x76, 0x39, 0x02, 0x1F, 0xCE, 0xDF, 0x41, 0x10, 0x27, 0xFB, 0x9E, 0x0D, 0x12, 0x77,
    0xE4, 0xB3, 0x17, 0x03, 0xAD, 0xCF, 0xAA, 0xE3, 0xAC, 0x5D, 0x64, 0xFF, 0x73, 0xD6, 0x9C, 0x9D,
    0xA4, 0xEC, 0x02, 0xAF, 0x5C, 0xD8, 0xC6, 0xD0, 0x40, 0xFE, 0x64, 0x52, 0x4E, 0xF4, 0xAA, 0x2C,
    0xEA, 0x1D, 0x87, 0x33, 0xD8, 0xAC, 0xD8, 0xC6, 0xB9, 0xBB, 0xB3, 0xC1, 0x3E, 0xA7, 0xEE, 0x2A,
    0x3B, 0x72, 0xE6, 0x2E, 0x41, 0xCE, 0x95, 0x63, 0x60, 0xC9, 0xDB, 0xD1, 0x1D, 0xB9, 0x54, 0x9A,
    0xF4, 0xD7, 0x3E, 0xE6, 0x7E, 0x12, 0x86, 0x18, 0x17, 0xA5, 0x6F, 0x44, 0x81, 0x60, 0xF5, 0x83,
    0xB3, 0x71, 0x2F, 0xCE, 0x0F, 0x5C, 0xE0, 0xCC, 0x1E, 0x07, 0xC2, 0x30, 0xCB, 0x42, 0x10, 0xB8,
    0x0C, 0x5D, 0xEE, 0x12, 0x74, 0x92, 0xB5, 0x88, 0x25, 0x56, 0xE6, 0x38, 0x99, 0x62, 0x64, 0x7C,
    0x34, 0x3D, 0xA7, 0x71, 0xB4, 0x71, 0x71, 0xB1, 0x78, 0x9E, 0x29, 0x0B, 0x7E, 0xB4, 0xC8, 0xF7,
    0xA5, 0xF6, 0xDB, 0x57, 0x4B, 0x4E, 0xD4, 0x69, 0x9E, 0x4E, 0xD2, 0x74, 0x92, 0x74, 0x7B, 0x5F,
    0x2D, 0xFF, 0xAA, 0xE5, 0x16, 0xB9, 0x39, 0x4D, 0xCD, 0x59, 0xFB, 0x06, 0xDD, 0x6E, 0x35, 0xA7,
    0xC7, 0x4B, 0x5E, 0xEE, 0xE0, 0xE0, 0x19, 0xE1, 0xA6, 0x55, 0x5F, 0xD9, 0xF7, 0x3B, 0x99, 0xB8,
    0x00, 0x8A, 0x8A, 0x99, 0x2B, 0x06, 0x3E, 0xB5, 0xA2, 0xB2, 0x33, 0xED, 0xD3, 0x59, 0x7A, 0x8A,
    0x5B, 0xE4, 0x77, 0xFB, 0xF4, 0xEF, 0xC1, 0xE1, 0x7A, 0x66, 0x79, 0x81, 0xBB, 0x96, 0xCE, 0x70,
    0xF6, 0xE0, 0x80, 0x7E, 0xB7, 0x57, 0x86, 0xC8, 0x57, 0x0D, 0xD0, 0xE6, 0xC5, 0x08, 0xE6, 0x57,
    0x13, 0x6C, 0x61, 0xC5, 0xB4, 0x7C, 0xBE, 0x57, 0xEF, 0xED, 0xAA, 0xB8, 0xFB, 0x22, 0x07, 0xC6,
    0xBC, 0xAC, 0xB6, 0xCE, 0x39, 0x22, 0xB3, 0xEA, 0xE3, 0xAD, 0xAA, 0x17, 0x19, 0x64, 0xD6, 0xAF,
    0xF3, 0x45, 0x0F, 0xE5, 0xE2, 0xCE, 0x72, 0xE1, 0x5E, 0xD7, 0xC5, 0x0D, 0xE3, 0x99, 0xE6, 0xF9,
    0x08, 0xA7, 0xC5, 0xED, 0x8D, 0xC4, 0x69, 0x82, 0xB1, 0xDF, 0x8B, 0xF7, 0xD8, 0xD7, 0x83, 0xB7,
    0x67, 0x87, 0x06, 0x09, 0xC3, 0x81, 0x73, 0xEA, 0xEC, 0x59, 0x55, 0x3D, 0x82, 0xD5, 0xD3, 0xE5,
    0xE9, 0xF2, 0xBE, 0xCB, 0xCB, 0xCA, 0xD5, 0xDC, 0xB5, 0x06, 0xF6, 0xF6, 0xD6, 0x20, 0xF8, 0xA7,
    0x77, 0x1E, 0xCA, 0xC9, 0x7B, 0xCB, 0xC9, 0x67, 0xD8, 0x0C, 0xA4, 0x25, 0x9C, 0x9D, 0xA4, 0x87,
    0x43, 0x1A, 0x1D, 0x4B, 0xE6, 0x70, 0x5C, 0x2A, 0x75, 0x9C, 0x89, 0xD9, 0x4B, 0x3E, 0x21, 0x12,
    0x92, 0xE8, 0x10, 0x32, 0x17, 0xC0, 0x6C, 0x5D, 0x4C, 0xA1, 0x11, 0x4C, 0xA3, 0xFE, 0xC1, 0x9E,
    0x0B, 0x13, 0x1F, 0x79, 0xA8, 0x51, 0xEE, 0x56, 0xA3, 0x88, 0xCA, 0x90, 0xE0, 0x4F, 0x14, 0xB6,
    0x28, 0x14, 0xF1, 0x09, 0x29, 0xB0, 0xF2, 0x15, 0xDF, 0x4F, 0x8C, 0xBC, 0x38, 0x9B, 0x13, 0xC0,
    0xB1, 0x8F, 0x71, 0x50, 0x8A, 0x54, 0x72, 0xFE, 0x1F, 0x14, 0xAC, 0x5F, 0x80, 0x4F, 0xFD, 0x0D,
    0xF1, 0x98, 0x43, 0x71, 0x80, 0xA5, 0xD9, 0x43, 0x49, 0x23, 0x87, 0xCF, 0x52, 0x50, 0xE8, 0x44,
    0x41, 0x19, 0xC9, 0x04, 0x35, 0xF4, 0xB3, 0x21, 0xA5, 0x00, 0x6C, 0x5B, 0xB5, 0x52, 0xB0, 0x32,
    0x8F, 0xB1, 0x57, 0x1D, 0xA8, 0xB7, 0x93, 0x68, 0x99, 0x35, 0x5D, 0xFA, 0x69, 0x7D, 0xFB, 0x14,
    0x96, 0x5D, 0x91, 0xE0, 0x5C, 0xD4, 0x57, 0xA6, 0x32, 0x97, 0x9F, 0x90, 0xC1, 0x64, 0x52, 0x6B,
    0x59, 0x9A, 0xFD, 0x07, 0x27, 0x80, 0x8E, 0x31, 0x5B, 0xA9, 0x36, 0xA3, 0x39, 0x75, 0x70, 0xB0,
    0x6F, 0x82, 0x3A, 0xA8, 0x29, 0x74, 0x26, 0x89, 0x2C, 0x26, 0x8A, 0x77, 0x8A, 0x89, 0x96, 0x3B,
    0x53, 0xE9, 0x48, 0x9F, 0x85, 0x87, 0xE1, 0xE1, 0x4E, 0x72, 0xE7, 0x63, 0x8D, 0xA7, 0x77, 0xF8,
    0xBC, 0x55, 0xFE, 0x6E, 0x77, 0xF9, 0xBC, 0xBF, 0x9B, 0xA2, 0xCA, 0x6E, 0xE1, 0x53, 0xB9, 0xF3,
    0x79, 0x3C, 0x3D, 0x80, 0x89, 0x92, 0x5B, 0xF8, 0xFC, 0xF7, 0x34, 0x6B, 0x09, 0x06, 0xCC, 0x59,
    0x5C, 0x4E, 0x99, 0x48, 0xB3, 0x75, 0xCA, 0x28, 0x38, 0x34, 0xF7, 0x92, 0xCF, 0x0B, 0xA7, 0x97,
    0x35, 0xBD, 0xAC, 0xEA, 0x5B, 0xD7, 0xF5, 0xEE, 0xEB, 0x19, 0x2D, 0x28, 0x89, 0x52, 0x12, 0xCE,
    0x5D, 0xB2, 0xF3, 0x91, 0xF0, 0x2E, 0xA7, 0x91, 0x64, 0xB5, 0x30, 0x73, 0xD0, 0x54, 0xCC, 0xBB,
    0xC8, 0xFA, 0x82, 0x0A, 0xDE, 0x76, 0x54, 0xF4, 0x73, 0x8C, 0x1D, 0xC7, 0x25, 0xAF, 0xB9, 0xFA,
    0x71, 0xFA, 0x23, 0x47, 0xE5, 0xE0, 0xC3, 0xD7, 0x99, 0x75, 0xA0, 0x5E, 0xE2, 0x70, 0x10, 0x14,
    0xE7, 0x97, 0x36, 0x91, 0xBD, 0xF9, 0xE2, 0xC0, 0xEA, 0x5C, 0xAA, 0x8A, 0x12, 0x7F, 0xBD, 0xF3,
    0x9D, 0x41, 0x42, 0x0A, 0x3D, 0xAE, 0x38, 0xF8, 0x8E, 0xFE, 0xF6, 0xB2, 0x71, 0xE7, 0x9B, 0x5C,
    0xB5, 0x3A, 0x1C, 0x1D, 0xC5, 0xDC, 0x27, 0xEA, 0xEB, 0x08, 0xD1, 0x99, 0x7A, 0x09, 0x69, 0x41,
    0xA6, 0x30, 0xEF, 0x4C, 0x85, 0x43, 0x60, 0xF1, 0x19, 0x69, 0xD7, 0x3E, 0xA3, 0x69, 0xBA, 0x84,
    0x3B, 0xEF, 0x88, 0xF3, 0x35, 0xCF, 0x41, 0xFB, 0x88, 0xD1, 0xFC, 0x0C, 0x87, 0x84, 0x33, 0x0B,
    0xC1, 0xCC, 0xC3, 0x9A, 0x78, 0xB2, 0xF7, 0x6F, 0x37, 0x91, 0xC9, 0x8C, 0xE8, 0xA0, 0x81, 0x66,
    0x27, 0x46, 0x6F, 0xA3, 0x6D, 0x46, 0xF2, 0x1C, 0x5A, 0xB0, 0x3A, 0xB0, 0xE0, 0x75, 0x6C, 0x89,
    0xD9, 0xFF, 0x2B, 0xA8, 0x10, 0xC8, 0x4A, 0x33, 0x97, 0x0A, 0x76, 0x60, 0x86, 0x93, 0x9E, 0x85,
    0x33, 0x50, 0x0C, 0xB4, 0x0A, 0xF6, 0x1A, 0x24, 0x57, 0x9E, 0x20, 0xA6, 0xDB, 0xFF, 0x99, 0x88,
    0xEB, 0x74, 0xCE, 0x0A, 0xA5, 0x97, 0x3E, 0xB7, 0xC4, 0xA6, 0x32, 0x7C, 0xDE, 0x3C, 0xC6, 0x9C,
    0xFF, 0xF3, 0x1B, 0xBA, 0xF0, 0x98, 0xD7, 0xA4, 0xE4, 0xAF, 0x72, 0xCA, 0x05, 0xE3, 0xE8, 0xA4,
    0xA0, 0x49, 0xF7, 0x1E, 0xB0, 0x5C, 0xF5, 0x52, 0x6D, 0x8F, 0x7A, 0x49, 0x11, 0x05, 0xBD, 0xAE,
    0xA6, 0x43, 0x9F, 0x4C, 0x2E, 0x54, 0x5E, 0x9A, 0xED, 0x6E, 0xEF, 0xA4, 0xC7, 0xC5, 0xC2, 0xD4,
    0x87, 0x37, 0x8F, 0x8E, 0xD0, 0x73, 0xC0, 0x8C, 0x34, 0x10, 0x30, 0x0E, 0xD5, 0x2C, 0xC5, 0x2E,
    0x41, 0x1D, 0x70, 0x0F, 0xA3, 0x54, 0xA6, 0x52, 0xBA, 0x2B, 0x13, 0xDB, 0x3E, 0xF6, 0xA2, 0xBD,
    0xC1, 0x1C, 0x70, 0xA9, 0xA9, 0x48, 0xD2, 0x40, 0x25, 0xD7, 0x2F, 0x3C, 0xF0, 0xA7, 0xD2, 0x54,
    0x6D, 0x70, 0xB4, 0xB2, 0xF6, 0xA1, 0x3D, 0x96, 0x5B, 0xA5, 0x9F, 0x37, 0x2D, 0xB5, 0xA1, 0xE5,
    0x9A, 0x82, 0x45, 0x4A, 0x29, 0x99, 0xB5, 0xA5, 0x58, 0x52, 0x5B, 0x8B, 0xE4, 0x19, 0xBE, 0xC5,
    0xFA, 0x2F, 0x51, 0xDC, 0xB3, 0x9D, 0xE5, 0x33, 0xE0, 0x7E, 0x2E, 0xE2, 0x0A, 0xA1, 0xB8, 0x0E,
    0x73, 0x29, 0x32, 0x77, 0xB3, 0xE4, 0x21, 0x8C, 0xB2, 0x14, 0x4A, 0xE6, 0x65, 0x2B, 0x6D, 0xB4,
    0x21, 0x21, 0x69, 0x49, 0xA4, 0xC8, 0xDC, 0xE2, 0x03, 0x72, 0x1C, 0x18, 0x42, 0x40, 0x8E, 0x03,
    0xEC, 0xEC, 0x06, 0xF5, 0xB2, 0x74, 0xC6, 0x55, 0x44, 0x60, 0xE8, 0x2A, 0xAB, 0x82, 0x8C, 0xC6,
    0x09, 0x79, 0xC7, 0xFE, 0x49, 0x32, 0x73, 0x56, 0x2F, 0xB0, 0xA2, 0x16, 0x2B, 0xBB, 0xCE, 0x61,
    0x47, 0xFD, 0x5A, 0xA6, 0x84, 0xBF, 0xC2, 0x5E, 0xE5, 0xAE, 0x32, 0x57, 0x78, 0xAB, 0xAC, 0x55,
    0xCE, 0x2A, 0x63, 0x95, 0xAF, 0xCA, 0x56, 0xE5, 0xAA, 0x32, 0x53, 0x3B, 0x65, 0xA9, 0x72, 0x54,
    0x19, 0xAA, 0xFC, 0x54, 0x76, 0x2A, 0x37, 0x95, 0x99, 0x85, 0x03, 0x3A, 0x01, 0xC8, 0xD6, 0x22,
    0x07, 0xC7, 0x09, 0x7E, 0x61, 0xA4, 0xF2, 0x51, 0xD9, 0xE8, 0xB8, 0xA8, 0x4C, 0x14, 0x1E, 0x9E,
    0x33, 0x9F, 0x67, 0x0D, 0xFE, 0x2C, 0xD6, 0xF4, 0x37, 0x71, 0xAB, 0xE9, 0x4F, 0x78, 0xCD, 0xF3,
    0x31, 0x5A, 0x5A, 0x91, 0x01, 0x73, 0x9E, 0xC8, 0x9C, 0x5F, 0x2D, 0x2C, 0xC6, 0xBE, 0x30, 0x1B,
    0x42, 0x8B, 0xBA, 0x4F, 0x32, 0x05, 0x10, 0xAB, 0x09, 0x39, 0xC4, 0x7C, 0xD4, 0xB6, 0x69, 0x5D,
    0x3B, 0x41, 0xA5, 0xE3, 0x5B, 0xF2, 0x7D, 0xB7, 0x01, 0x0F, 0xFC, 0x5B, 0x13, 0x9F, 0x61, 0x60,
    0xED, 0x55, 0x2A, 0xF2, 0xCC, 0x64, 0xC7, 0x3A, 0xBB, 0x37, 0x44, 0xD1, 0xF4, 0xAC, 0x78, 0xB6,
    0xC2, 0x7E, 0x6D, 0xD3, 0x2E, 0x20, 0xD7, 0x8B, 0x6C, 0x05, 0x69, 0xF1, 0x86, 0x51, 0x93, 0x0D,
    0x1B, 0xC2, 0xA6, 0x46, 0xD1, 0x93, 0x18, 0x41, 0xE6, 0xA4, 0x38, 0xC6, 0x55, 0x52, 0x49, 0x1A,
    0x37, 0xB6, 0xBE, 0x85, 0xF1, 0x60, 0x95, 0xBA, 0xA6, 0xC9, 0xAC, 0x45, 0x3E, 0xC7, 0x7E, 0x2F,
    0x00, 0xAB, 0xDA, 0xF4, 0xAE, 0x10, 0x68, 0xAD, 0x9F, 0xB4, 0x34, 0x2D, 0xA3, 0x0D, 0x5B, 0x73,
    0x6A, 0xEA, 0x90, 0xEB, 0xFD, 0x6C, 0xC9, 0x36, 0x9A, 0x59, 0x6B, 0x4A, 0x21, 0x82, 0x49, 0x73,
    0x6D, 0xF1, 0xA0, 0x04, 0x47, 0x4D, 0x20, 0x0A, 0x07, 0x67, 0xD1, 0xB4, 0xE5, 0x24, 0x4E, 0x34,
    0x11, 0x8A, 0x95, 0x6B, 0x26, 0xAD, 0x36, 0x36, 0x93, 0xD6, 0x4B, 0x1A, 0x87, 0xC2, 0x6B, 0x9C,
    0x21, 0x69, 0xA6, 0xC6, 0xBA, 0x83, 0xAD, 0x9E, 0x59, 0xD1, 0x54, 0x74, 0x42, 0x89, 0xD6, 0x1A,
    0x62, 0xD2, 0xAC, 0xD7, 0xAA, 0x78, 0x4E, 0x88, 0x10, 0x8C, 0x55, 0x03, 0xB0, 0xC4, 0x46, 0xC4,
    0x30, 0x12, 0x28, 0x18, 0x4F, 0x7A, 0xCD, 0xC9, 0xF7, 0x04, 0xF3, 0x58, 0x88, 0x25, 0xB6, 0xE6,
    0x94, 0x9F, 0xC8, 0xE8, 0x4D, 0x24, 0x10, 0x02, 0x7B, 0x55, 0xC0, 0x08, 0xBD, 0xE4, 0x9A, 0xA9,
    0xFD, 0x16, 0xA7, 0xB1, 0xDB, 0x2B, 0xAB, 0x02, 0xBD, 0x2F, 0xD6, 0x47, 0xEF, 0xA7, 0xFD, 0xCA,
    0x8B, 0x03, 0x8B, 0x3A, 0x4A, 0x93, 0x29, 0x64, 0xBA, 0xCD, 0x58, 0xCE, 0x2F, 0xF0, 0xB7, 0x03,
    0xDA, 0xD7, 0x38, 0xF9, 0xFC, 0x46, 0xC7, 0x86, 0x81, 0x3F, 0x11, 0x90, 0xD2, 0x1B, 0xBC, 0x5A,
    0x5E, 0x27, 0xD9, 0xA2, 0x63, 0x64, 0x75, 0xC8, 0xE2, 0xA8, 0x70, 0x8B, 0x80, 0xE6, 0x64, 0xB6,
    0xAF, 0xF0, 0x7F, 0x5A, 0x59, 0xE3, 0x5B, 0xD2, 0xF8, 0xEF, 0x4A, 0x1A, 0x7F, 0xCB, 0xAB, 0xDC,
    0xD8, 0xE1, 0x44, 0x1A, 0x9F, 0x3E, 0xAB, 0x56, 0x69, 0x7C, 0xD1, 0x66, 0xA5, 0x54, 0x6D, 0xE8,
    0x52, 0xB3, 0xA6, 0xF1, 0xB7, 0x9A, 0xC6, 0xDF, 0x9E, 0x48, 0xE3, 0x6F, 0xEF, 0x90, 0xC6, 0x4F,
    0x35, 0x8D, 0x9F, 0xAE, 0xD3, 0xF8, 0x46, 0xD3, 0xF8, 0x35, 0x07, 0x25, 0x3C, 0xA3, 0x0E, 0x77,
    0xDB, 0x48, 0x1A, 0x3F, 0xD0, 0x34, 0x7E, 0xE2, 0xA2, 0x36, 0x87, 0xBB, 0xED, 0x45, 0x7F, 0x5F,
    0xD5, 0xC5, 0xF0, 0xCA, 0x6E, 0x85, 0x33, 0x19, 0x4E, 0x84, 0xC5, 0xFD, 0x89, 0x7E, 0xF8, 0xAC,
    0x7A, 0x90, 0xB3, 0xF6, 0x93, 0xBA, 0x32, 0x83, 0xDA, 0x82, 0xF2, 0x4E, 0x19, 0xFF, 0xCD, 0xDD,
    0x67, 0xFC, 0x47, 0x97, 0xF1, 0x6F, 0x7A, 0xCD, 0xF8, 0xFF, 0x17, 0x67, 0xFC, 0x69, 0xA0, 0x7B,
    0x2F, 0xF6, 0xAE, 0xF2, 0xC2, 0xAB, 0x06, 0x43, 0xE1, 0x95, 0x15, 0x2D, 0xCD, 0x36, 0x62, 0x19,
    0xD0, 0x46, 0xF4, 0x2A, 0xDF, 0x84, 0x64, 0x3E, 0x99, 0xB5, 0xBD, 0x3A, 0xAB, 0xAE, 0x6F, 0x6F,
    0xE7, 0x3D, 0x3C, 0x14, 0x85, 0x0F, 0x23, 0x0A, 0xC8, 0x13, 0x88, 0x33, 0xC2, 0xE6, 0x77, 0xF1,
    0x87, 0xD7, 0xFE, 0xD9, 0x6F, 0xA4, 0xA0, 0x94, 0xFC, 0x7F, 0xE6, 0x8C, 0x72, 0xF1, 0x2B, 0x41,
    0xBA, 0xCF, 0xAC, 0x8E, 0x58, 0xE7, 0x4A, 0x59, 0x10, 0x05, 0x94, 0x53, 0xC6, 0x55, 0x4B, 0x4E,
    0x09, 0x54, 0x97, 0xFC, 0x8D, 0x23, 0x3A, 0x34, 0x67, 0x00, 0x64, 0x51, 0x22, 0xC6, 0xB9, 0xC0,
    0x68, 0x94, 0x6B, 0xCC, 0xA6, 0xEF, 0xAA, 0xE5, 0xE7, 0x8A, 0x0B, 0xFB, 0x09, 0x6A, 0x6C, 0x45,
    0x69, 0x66, 0x6C, 0x54, 0x73, 0x91, 0xC6, 0xC7, 0xF9, 0x62, 0x5A, 0x74, 0x14, 0xD5, 0x5E, 0x68,
    0xA8, 0x5F, 0x7E, 0x9F, 0xDB, 0x97, 0xB9, 0xBD, 0xC6, 0x0C, 0xBE, 0xCC, 0xDF, 0x56, 0xEC, 0x5A,
    0x90, 0x43, 0x0D, 0xA3, 0x32, 0x04, 0x0C, 0xE0, 0x84, 0x7F, 0x12, 0x4A, 0x94, 0xB9, 0x77, 0x04,
    0xF1, 0xEF, 0x0D, 0xFD, 0x7C, 0x0C, 0xE8, 0xE2, 0x97, 0x39, 0xCD, 0xF3, 0x74, 0x8B, 0xEB, 0x97,
    0x8A, 0x46, 0xE2, 0x99, 0x61, 0x7C, 0xB8, 0x71, 0x25, 0xF8, 0xF4, 0xE8, 0xA8, 0xA9, 0x19, 0x65,
    0xCA, 0xE8, 0x52, 0x46, 0x95, 0xE6, 0x90, 0xF4, 0xAF, 0xE2, 0x2E, 0xCF, 0x71, 0x42, 0x29, 0x92,
    0x38, 0xA9, 0x53, 0x14, 0x6B, 0x8E, 0xF3, 0xF1, 0x70, 0x1B, 0x36, 0x88, 0x34, 0x27, 0xE1, 0x4D,
    0x0E, 0x39, 0x31, 0x19, 0x7A, 0xEB, 0xDC, 0x70, 0x90, 0xC5, 0xC6, 0x92, 0x1D, 0x30, 0x46, 0xE5,
    0x71, 0x52, 0xB1, 0x69, 0x7F, 0x40, 0x87, 0xD4, 0xAF, 0x20, 0x92, 0x6D, 0x18, 0xCE, 0xD7, 0xE7,
    0x83, 0xE4, 0x9C, 0x42, 0xCC, 0x53, 0x62, 0xA2, 0x3A, 0x6E, 0xD3, 0x3A, 0x1A, 0x0A, 0x62, 0xEC,
    0x2B, 0x6A, 0x75, 0xE9, 0xE7, 0x79, 0x2F, 0x71, 0x65, 0x5C, 0x32, 0x92, 0x8F, 0xF3, 0x4F, 0xA4,
    0xF1, 0x63, 0xFA, 0x9E, 0xA1, 0xCC, 0xD5, 0x28, 0xC5, 0xAE, 0xF7, 0xF5, 0xB7, 0xD1, 0xBF, 0x41,
    0x86, 0x88, 0x3F, 0x86, 0x70, 0x74, 0x1A, 0xAB, 0x96, 0x26, 0x9C, 0x25, 0x18, 0x87, 0x00, 0x55,
    0xE5, 0x43, 0xBC, 0xF7, 0xA7, 0x08, 0xEF, 0xAD, 0x90, 0x4E, 0xC1, 0x7B, 0xBB, 0x5A, 0xA4, 0xF5,
    0xE6, 0xCE, 0xE1, 0xBD, 0xDD, 0x9B, 0x60, 0x07, 0xBE, 0x59, 0xD8, 0xD5, 0x9B, 0xCC, 0x39, 0xA2,
    0x1E, 0xEF, 0x6D, 0xD6, 0x78, 0x6F, 0xF3, 0x10, 0xEF, 0x7D, 0x67, 0xBC, 0xB7, 0x8B, 0xFF, 0xA7,
    0x5B, 0x3E, 0xF3, 0x98, 0xED, 0x0F, 0x43, 0x7D, 0xA2, 0xF1, 0xDE, 0x3C, 0x59, 0xE5, 0x3A, 0x6E,
    0xD5, 0xDB, 0x12, 0x7C, 0xB3, 0xE2, 0xB2, 0x04, 0x3F, 0xEB, 0xB0, 0x2B, 0xBF, 0xF5, 0x29, 0x0B,
    0x69, 0x75, 0x27, 0x9D, 0x24, 0x3F, 0x15, 0x34, 0x2B, 0xF9, 0xCB, 0xC1, 0xD7, 0xA9, 0x34, 0xDC,
    0x7A, 0x96, 0xDB, 0x97, 0x3E, 0x05, 0x21, 0x2D, 0x42, 0xD1, 0x53, 0x1C, 0x8E, 0xA2, 0xCC, 0x9F,
    0x5B, 0xD9, 0x6E, 0xC2, 0x25, 0x88, 0x4E, 0x99, 0x50, 0x79, 0x95, 0x2C, 0x7C, 0xB2, 0xE3, 0x5D,
    0x50, 0xA7, 0x3D, 0x55, 0xB5, 0x4A, 0xB1, 0x04, 0x33, 0x05, 0x5F, 0x48, 0xCE, 0x07, 0x0B, 0x65,
    0x65, 0x61, 0x2F, 0x54, 0xE1, 0xA9, 0x6C, 0xEB, 0xCE, 0x92, 0x7A, 0x2A, 0xF1, 0x54, 0xEC, 0x29,
    0x72, 0x3C, 0x6E, 0xA5, 0x46, 0x7F, 0x9C, 0x5E, 0xD7, 0x22, 0x85, 0xC8, 0xCA, 0xC6, 0x96, 0x59,
    0xAB, 0x3A, 0xA8, 0x6B, 0x38, 0x48, 0x95, 0xB4, 0x70, 0xA1, 0x5B, 0xBD, 0x1C, 0x98, 0xF3, 0xF4,
    0x0B, 0x98, 0xA1, 0x33, 0xE6, 0x5F, 0x81, 0x98, 0x9D, 0x12, 0x56, 0xD6, 0x53, 0x21, 0x46, 0x96,
    0x93, 0xD5, 0xD6, 0x1E, 0x37, 0x6C, 0x5C, 0x48, 0xEC, 0x3A, 0xD8, 0x18, 0x48, 0x97, 0x9D, 0x59,
    0xA7, 0x5B, 0xF8, 0x0D, 0xDA, 0x75, 0xD2, 0xB5, 0xA2, 0xEF, 0xB5, 0x2B, 0x8D, 0x95, 0x4D, 0x97,
    0xE8, 0xB6, 0xDC, 0xE5, 0xB2, 0xE4, 0x0B, 0xD1, 0xB1, 0x0D, 0x2B, 0x54, 0xDD, 0xE3, 0x13, 0x8B,
    0x36, 0xCE, 0xC4, 0x98, 0x72, 0x66, 0x40, 0xED, 0x8E, 0x8E, 0x57, 0xA1, 0x66, 0x6E, 0xDD, 0xBC,
    0xCF, 0x2E, 0x16, 0x9B, 0x54, 0x49, 0x6E, 0xE0, 0x2B, 0xFF, 0xFC, 0xBD, 0x2B, 0x3B, 0x25, 0x85,
    0xA5, 0x56, 0x90, 0xDA, 0x5B, 0xF0, 0xB3, 0x7E, 0x37, 0x63, 0xEC, 0xC1, 0x51, 0x5E, 0xF1, 0xB2,
    0x96, 0xF0, 0xE0, 0x65, 0x0F, 0x5D, 0x76, 0xC0, 0x65, 0xE3, 0xF1, 0xE6, 0x1E, 0x6C, 0xEE, 0x91,
    0xE6, 0x1E, 0x66, 0xEE, 0xE1, 0xCA, 0x0B, 0x58, 0xD9, 0x43, 0x95, 0x1D, 0x50, 0xD9, 0xE3, 0xCA,
    0x3D, 0xA8, 0xDC, 0x23, 0xCA, 0x3D, 0x9C, 0xDC, 0x63, 0xC9, 0x3D, 0x90, 0xDC, 0xA3, 0xC8, 0x3D,
    0x84, 0xDC, 0xE3, 0xC7, 0x3D, 0x78, 0xDC, 0x23, 0xC7, 0x3D, 0x6C, 0xDC, 0x63, 0xC6, 0x3D, 0x60,
    0xDC, 0xA3, 0xC5, 0x57, 0x50, 0x71, 0xBB, 0xC2, 0x95, 0x08, 0xEA, 0x92, 0xF5, 0x4B, 0x34, 0xAD,
    0xB0, 0xC5, 0xAA, 0xFF, 0xEA, 0x65, 0x6F, 0x63, 0x2C, 0x0A, 0x57, 0x6C, 0xF8, 0xF7, 0x3D, 0xEE,
    0x97, 0x51, 0xBF, 0x82, 0xF9, 0x65, 0xC4, 0xAF, 0x11, 0xBC, 0xAF, 0xA0, 0x7D, 0x05, 0xEB, 0x2B,
    0x48, 0xDD, 0xF7, 0xDB, 0x0A, 0xAE, 0x57, 0x50, 0xBD, 0x82, 0xE9, 0x5D, 0xB9, 0x9F, 0xED, 0x6E,
    0x28, 0xA7, 0x69, 0x23, 0xE7, 0x6E, 0x38, 0x04, 0xBC, 0xDB, 0xEF, 0xF2, 0xBB, 0x0E, 0xE4, 0xAB,
    0xDE, 0xCD, 0x35, 0xCD, 0x40, 0x4D, 0xB2, 0x45, 0x8A, 0x7A, 0x79, 0x7F, 0x5D, 0x0D, 0x88, 0xFB,
    0x7D, 0xB0, 0xFF, 0x00, 0x95, 0x9F, 0xE8, 0x44, 0xB8, 0x08, 0x02, 0x0D, 0xB1, 0x8C, 0xEC, 0xC6,
    0x6C, 0x1D, 0x8E, 0x46, 0x36, 0xA7, 0x60, 0xDC, 0xCF, 0x61, 0x50, 0x63, 0x5E, 0x9A, 0x60, 0x43,
    0xF3, 0xC5, 0x8D, 0x19, 0x51, 0xFC, 0x6E, 0x20, 0x7D, 0xD9, 0xE6, 0xDE, 0x55, 0xA3, 0xDC, 0xB0,
    0x76, 0x4B, 0x86, 0x99, 0x47, 0xD2, 0x15, 0x7E, 0x2C, 0xDE, 0xAE, 0x84, 0xFE, 0xB0, 0xB8, 0xBB,
    0x65, 0x5F, 0xF4, 0xC3, 0x0A, 0xD5, 0x1D, 0x2B, 0x54, 0xAE, 0xDE, 0xA8, 0xCE, 0x87, 0xC0, 0x25,
    0xFA, 0x65, 0x43, 0xB9, 0x6C, 0x2D, 0x9E, 0x16, 0x35, 0xB1, 0x20, 0xBA, 0xEF, 0x4B, 0xCD, 0xCA,
    0xA5, 0x74, 0xBD, 0x19, 0x68, 0x5C, 0x22, 0x47, 0xA4, 0x21, 0x76, 0x7B, 0x02, 0xF4, 0xEB, 0x8B,
    0x7A, 0xF8, 0x17, 0x97, 0x44, 0x59, 0xD0, 0x4A, 0xA2, 0x2C, 0xEE, 0x05, 0xFA, 0x8C, 0xED, 0x35,
    0xA3, 0xA8, 0x61, 0x79, 0x56, 0x81, 0x26, 0xCA, 0xA6, 0x5D, 0xE8, 0xB3, 0x15, 0xE8, 0x33, 0xD0,
    0xE5, 0x58, 0x41, 0x38, 0x1E, 0xD0, 0xE7, 0xE2, 0x97, 0x02, 0x7D, 0xB6, 0x7F, 0xC3, 0xD0, 0xE7,
    0x68, 0x96, 0x44, 0x59, 0xBA, 0x11, 0xE8, 0x73, 0xD1, 0x71, 0x82, 0x2C, 0x40, 0x6C, 0x41, 0x7D,
    0xBC, 0x95, 0x44, 0x19, 0xAD, 0x28, 0x86, 0x3E, 0x57, 0x9D, 0x40, 0x9F, 0xAD, 0x26, 0xCA, 0x26,
    0x4D, 0x94, 0x0D, 0xB7, 0x85, 0x3E, 0xA7, 0x0A, 0x7D, 0x2E, 0xAC, 0x40, 0x9F, 0x9B, 0xD7, 0x05,
    0xFA, 0xDC, 0x28, 0xF4, 0xF9, 0x4B, 0x0E, 0xFA, 0x6C, 0xCC, 0xEF, 0x39, 0xB0, 0x1C, 0x1B, 0x74,
    0x86, 0xF9, 0xF0, 0x76, 0x90, 0xD4, 0x27, 0x9B, 0xF2, 0x9D, 0x42, 0x09, 0x05, 0x47, 0x29, 0xCC,
    0x48, 0x65, 0xEC, 0x37, 0x89, 0x95, 0xE4, 0x49, 0x8D, 0x09, 0x30, 0x08, 0xE4, 0x36, 0x16, 0xDB,
    0x1C, 0xFE, 0x65, 0x01, 0xAF, 0xBE, 0x98, 0xB2, 0x9F, 0x51, 0x53, 0x3D, 0x6D, 0x8B, 0xED, 0x94,
    0x5A, 0x5A, 0x34, 0x68, 0xDA, 0x74, 0x4B, 0xDA, 0x2D, 0xA5, 0x0F, 0x48, 0x55, 0x20, 0xF1, 0x47,
    0xCA, 0xFD, 0x1D, 0xBA, 0x9D, 0x9C, 0xB8, 0xFE, 0xA5, 0x80, 0x73, 0x39, 0x65, 0xA0, 0xCA, 0xBD,
    0x92, 0x9C, 0xD4, 0x24, 0x7C, 0x8B, 0xAD, 0x6E, 0xDA, 0x68, 0xFE, 0x4D, 0x0B, 0x59, 0xBD, 0xD8,
    0x27, 0x0A, 0x5A, 0x64, 0x2D, 0x3F, 0x69, 0x0E, 0x1F, 0x1C, 0x7D, 0xDD, 0x44, 0xF0, 0x08, 0xFF,
    0x0A, 0x7E, 0xF0, 0x6B, 0x33, 0x4A, 0x7E, 0x90, 0x0B, 0x6C, 0xDA, 0x8A, 0x86, 0x9C, 0xD4, 0x32,
    0xEF, 0xB5, 0x78, 0x16, 0x1A, 0xE9, 0x29, 0xD3, 0xF9, 0x1D, 0x40, 0xB5, 0x14, 0x50, 0xCD, 0x0C,
    0xF1, 0x1B, 0x80, 0x17, 0x19, 0x48, 0x5D, 0xE6, 0x3D, 0x35, 0x4F, 0x88, 0xE2, 0xE4, 0xA6, 0xE0,
    0xC8, 0x99, 0x5D, 0x6C, 0x88, 0x29, 0xE3, 0x4A, 0x72, 0x54, 0x1F, 0x81, 0x35, 0x01, 0x55, 0x6C,
    0xAB, 0xF9, 0xC9, 0xCC, 0x92, 0xFA, 0x4B, 0xEC, 0x5F, 0xD2, 0xEC, 0xBD, 0x60, 0xFE, 0x6C, 0x8D,
    0x45, 0xAF, 0x64, 0x62, 0x65, 0xE5, 0x62, 0x1D, 0x08, 0xF8, 0x2C, 0xEE, 0xA5, 0x5E, 0x44, 0x86,
    0xE6, 0xFC, 0x1A, 0xE3, 0xFE, 0x80, 0x18, 0x58, 0xD6, 0x9B, 0x95, 0xE8, 0x87, 0xDA, 0x84, 0x33,
    0x79, 0xD1, 0xD1, 0x10, 0x53, 0xD3, 0x45, 0xAD, 0x20, 0x7A, 0xEE, 0x85, 0xE1, 0x0C, 0xCA, 0x53,
    0xB2, 0xB8, 0x38, 0xB1, 0xCE, 0xA7, 0x98, 0x19, 0x60, 0x62, 0x7F, 0xC4, 0x39, 0xFD, 0x0E, 0x79,
    0xBE, 0x70, 0x60, 0xFB, 0xF6, 0x45, 0xB2, 0x63, 0xD8, 0xD8, 0xF7, 0x6D, 0xD9, 0x12, 0x8B, 0x8A,
    0xD9, 0x51, 0x23, 0x91, 0x03, 0xB7, 0xE1, 0xC0, 0x13, 0x20, 0xED, 0x4B, 0xDC, 0x9E, 0x31, 0x4B,
    0x6A, 0x8C, 0xDB, 0xDF, 0xE1, 0xF6, 0x29, 0x6E, 0xCF, 0xF3, 0x1C, 0x4F, 0xBE, 0x9D, 0x10, 0xB0,
    0xEA, 0xE7, 0x13, 0x0A, 0xB7, 0xFE, 0xF8, 0xF5, 0x19, 0xC8, 0x55, 0x47, 0xFB, 0x05, 0x6E, 0xCF,
    0x73, 0x7B, 0x8D, 0xE3, 0xEE, 0x91, 0x53, 0x2F, 0x5C, 0xBE, 0xB3, 0x83, 0x4C, 0x73, 0xF1, 0xFB,
    0x6E, 0x41, 0x14, 0xFF, 0xCD, 0x0B, 0x82, 0xE2, 0x91, 0x78, 0x20, 0xFB, 0x14, 0xF2, 0x82, 0x98,
    0x62, 0xF6, 0xC3, 0x07, 0x40, 0x40, 0x5F, 0xF2, 0xB8, 0x9B, 0x5A, 0x5C, 0xFB, 0x60, 0x0E, 0xB7,
    0x1C, 0x9D, 0xC1, 0xB6, 0x51, 0x24, 0x76, 0xF3, 0x48, 0xC0, 0x6E, 0x65, 0x71, 0x7C, 0x70, 0x20,
    0x99, 0xDC, 0x55, 0xB3, 0x91, 0x75, 0x12, 0x40, 0x96, 0x52, 0x0A, 0xDE, 0x6F, 0x02, 0xB5, 0x67,
    0x01, 0x79, 0x84, 0x10, 0x56, 0x90, 0xD0, 0xBD, 0x17, 0xD8, 0x43, 0x96, 0x2A, 0x25, 0xAE, 0x12,
    0x72, 0x6E, 0x88, 0x96, 0x03, 0x66, 0xBD, 0x43, 0x42, 0x3A, 0x29, 0x89, 0xA3, 0x58, 0x08, 0x67,
    0x3E, 0x61, 0x13, 0x4D, 0xF2, 0xCB, 0x7B, 0x6F, 0x3A, 0x71, 0x8C, 0x4C, 0xF1, 0xD6, 0x88, 0x10,
    0x85, 0x7F, 0xF8, 0x2C, 0x54, 0xF1, 0x93, 0xF7, 0x64, 0x7A, 0x03, 0x68, 0x90, 0xEA, 0x55, 0x18,
    0xB8, 0x5F, 0x21, 0xC1, 0x33, 0x55, 0xE4, 0xD2, 0xD8, 0x84, 0x57, 0x25, 0x72, 0xD7, 0x5D, 0x46,
    0xA3, 0x3C, 0x0C, 0x4B, 0x29, 0x6D, 0xF3, 0x16, 0xF6, 0xC4, 0x97, 0xB3, 0xEF, 0x61, 0xB3, 0x35,
    0x12, 0xCD, 0xBB, 0x0D, 0x5F, 0x26, 0x7F, 0x75, 0x6B, 0x8A, 0x7F, 0x27, 0x23, 0x38, 0xD8, 0x92,
    0xD4, 0x76, 0x1B, 0x8D, 0x79, 0x1B, 0x4C, 0xA4, 0x62, 0x2E, 0x93, 0xDA, 0xF9, 0x1A, 0x71, 0xFA,
    0x34, 0xBB, 0x75, 0x87, 0x9C, 0x6F, 0x09, 0x75, 0xEB, 0x6C, 0x26, 0xB9, 0x23, 0x8E, 0x70, 0xEF,
    0xF6, 0x2F, 0x91, 0x22, 0xB7, 0xDB, 0xE5, 0x18, 0x30, 0xBA, 0x94, 0xCC, 0xF0, 0x6C, 0xBB, 0xAC,
    0x8E, 0x87, 0x27, 0x48, 0xAA, 0x68, 0x0A, 0xCF, 0xDC, 0x8F, 0x5D, 0x6F, 0xEC, 0xE9, 0x90, 0x57,
    0x30, 0xE6, 0x6F, 0x4D, 0x85, 0xB9, 0x76, 0xDE, 0x9C, 0x7F, 0x14, 0xB5, 0x8D, 0x0F, 0xB1, 0xDF,
    0xED, 0x94, 0xF9, 0xDC, 0x8E, 0x8B, 0x60, 0xDF, 0x16, 0x8B, 0x91, 0x8F, 0x92, 0x2F, 0x8C, 0xB7,
    0xBA, 0x35, 0xB6, 0x0A, 0x74, 0x9F, 0x45, 0xAB, 0x4F, 0xF5, 0xA9, 0xC3, 0x07, 0x68, 0xBF, 0xDB,
    0xDD, 0x68, 0xC9, 0xF3, 0x41, 0xBF, 0xD6, 0x92, 0x1F, 0xF7, 0x7E, 0x37, 0x73, 0xA9, 0xD7, 0x34,
    0xF8, 0xEC, 0xB0, 0x84, 0x12, 0x72, 0xCE, 0xCA, 0xC1, 0x52, 0x82, 0xF5, 0xF3, 0x26, 0xEC, 0x74,
    0x63, 0x63, 0xF9, 0x00, 0x6D, 0x50, 0x0C, 0xA5, 0x5E, 0xFE, 0x6B, 0xB5, 0xED, 0xC7, 0xCC, 0xA6,
    0x7D, 0xC9, 0xC5, 0x27, 0xA3, 0xC4, 0x7D, 0xE9, 0x2C, 0x1B, 0xEC, 0x22, 0xFB, 0xB4, 0x70, 0x8D,
    0x35, 0x31, 0xD7, 0xDA, 0x73, 0x4D, 0xB1, 0xE8, 0x9E, 0xE7, 0x47, 0xCD, 0x77, 0x65, 0x5B, 0xE2,
    0x81, 0xAB, 0x3B, 0x6D, 0x25, 0xB7, 0x77, 0x55, 0xAB, 0x6E, 0xA1, 0xAB, 0xCD, 0x39, 0xA5, 0x59,
    0x69, 0x5F, 0x6C, 0xDF, 0xA3, 0x77, 0xC7, 0xE9, 0x63, 0xBF, 0xF4, 0xF7, 0x12, 0xDC, 0xD9, 0xF9,
    0xD2, 0xA8, 0x9E, 0x9D, 0x96, 0xE2, 0x1A, 0x35, 0x72, 0xB2, 0xC1, 0xDD, 0x4E, 0xEA, 0xF9, 0x4D,
    0xB1, 0x5E, 0x3F, 0x72, 0xC5, 0x40, 0xAB, 0xE7, 0x6B, 0xDC, 0x75, 0x70, 0x47, 0x9C, 0x0F, 0xED,
    0xB4, 0x2A, 0x36, 0x3A, 0x18, 0xD1, 0x8D, 0xC7, 0x61, 0xCF, 0xE9, 0x1A, 0x15, 0x43, 0xE7, 0x55,
    0x72, 0x43, 0xFB, 0x66, 0xDA, 0x35, 0x70, 0xB1, 0x68, 0x28, 0xE9, 0x08, 0xA4, 0xDE, 0x94, 0x77,
    0x86, 0x94, 0x3B, 0x0D, 0xE5, 0x3A, 0x50, 0x50, 0x05, 0x76, 0x26, 0xA4, 0x30, 0xFC, 0x51, 0xF9,
    0x94, 0x26, 0xD2, 0x92, 0xB6, 0xA9, 0xF7, 0x80, 0xE8, 0xC9, 0xEC, 0x1B, 0xD0, 0x68, 0x80, 0x02,
    0x52, 0x5C, 0x4B, 0x67, 0xEB, 0x34, 0xA3, 0x79, 0xB7, 0x0D, 0xCB, 0x7A, 0xA2, 0x0F, 0xC7, 0xB9,
    0xE5, 0x41, 0x01, 0x85, 0xE6, 0x90, 0x15, 0x6A, 0x15, 0x0A, 0xCA, 0x09, 0xBE, 0xEE, 0x35, 0xDD,
    0x16, 0xF5, 0xD5, 0x95, 0x6B, 0xFE, 0xA0, 0x30, 0x4C, 0x72, 0x85, 0x0C, 0x85, 0x48, 0x38, 0xB0,
    0xBE, 0x49, 0x27, 0xCB, 0xCA, 0x8B, 0xD8, 0xD5, 0x91, 0x19, 0xF3, 0xDB, 0xF4, 0xEF, 0xDE, 0xB0,
    0x49, 0x17, 0x58, 0xBA, 0x91, 0x9C, 0x45, 0xB6, 0x95, 0x1C, 0x56, 0x6C, 0xF5, 0x01, 0x06, 0xCE,
    0xB0, 0xF9, 0x05, 0x36, 0x2A, 0x84, 0x8F, 0x17, 0xD8, 0x83, 0xB2, 0x2D, 0x27, 0xDA, 0xE0, 0xEE,
    0xE3, 0x09, 0x93, 0x14, 0xCD, 0x9C, 0x05, 0xB6, 0x8C, 0x94, 0xAF, 0x38, 0x89, 0x9D, 0xD7, 0xAC,
    0xB6, 0xDB, 0xCB, 0x1C, 0x13, 0xF2, 0xBE, 0x9C, 0x2E, 0xB9, 0xAF, 0x9B, 0x6D, 0xDC, 0xE3, 0x81,
    0x34, 0x30, 0x36, 0x3E, 0x30, 0xBE, 0xEA, 0xB6, 0x24, 0x4E, 0xBA, 0xFA, 0x56, 0x81, 0xF1, 0x83,
    0xB3, 0xC9, 0x4A, 0xAC, 0x09, 0x1F, 0x13, 0xF2, 0x62, 0x88, 0x66, 0x5E, 0x8F, 0x1D, 0xBC, 0x91,
    0xA8, 0x8D, 0xB1, 0x66, 0x78, 0x6B, 0xEF, 0x7D, 0xE3, 0xE0, 0x25, 0x81, 0xB5, 0x74, 0xA6, 0xB9,
    0xD1, 0x00, 0x0F, 0x9E, 0x0C, 0xA4, 0x50, 0xA3, 0x0D, 0x56, 0x25, 0x37, 0x23, 0xD4, 0xD3, 0x0F,
    0x33, 0x81, 0x55, 0x21, 0x47, 0x80, 0x9B, 0x49, 0xB8, 0x28, 0x64, 0x19, 0xB2, 0x66, 0xE5, 0xA9,
    0xA7, 0x2D, 0xCE, 0x32, 0x68, 0x14, 0x93, 0x0B, 0x0E, 0x61, 0x3A, 0x87, 0x92, 0xFF, 0x79, 0xC4,
    0x3B, 0x17, 0xE0, 0x1D, 0x14, 0xDC, 0xD4, 0xE4, 0xC3, 0x14, 0x1D, 0x59, 0x63, 0x72, 0xDA, 0x1B,
    0xB2, 0xC6, 0xFF, 0x68, 0xEB, 0x80, 0xFD, 0x66, 0x01, 0x3C, 0xB1, 0x98, 0x6C, 0xDD, 0x23, 0x62,
    0x22, 0x51, 0x2B, 0x9D, 0x9B, 0x4B, 0xDE, 0xEB, 0xCE, 0x55, 0x0E, 0xC4, 0x3F, 0x8C, 0x74, 0x0E,
    0xD7, 0xCF, 0x07, 0x30, 0xCD, 0x31, 0x59, 0x04, 0x8A, 0x3E, 0xFA, 0xBC, 0x2C, 0xDA, 0xB4, 0x2E,
    0xBA, 0xA4, 0x2E, 0x36, 0x01, 0x97, 0x4A, 0x0B, 0x60, 0x74, 0x38, 0xA3, 0x69, 0x25, 0x53, 0x41,
    0x7E, 0x11, 0xDD, 0x72, 0x4B, 0x91, 0x5B, 0x8B, 0xD2, 0x5F, 0x43, 0xC1, 0x5B, 0xF3, 0x53, 0x40,
    0x01, 0xE9, 0xBE, 0xDC, 0x58, 0x50, 0xF6, 0xB3, 0xBA, 0x03, 0x00, 0xB7, 0x06, 0x37, 0x1B, 0x22,
    0x81, 0x3F, 0x78, 0x93, 0x78, 0x7A, 0xDD, 0xB5, 0x5D, 0x98, 0x9C, 0xEC, 0xC4, 0x0F, 0xDA, 0xF8,
    0x4D, 0xA9, 0x23, 0x09, 0xFE, 0x04, 0xDC, 0xE0, 0x57, 0x9D, 0xF6, 0x00, 0xED, 0x14, 0x65, 0xCE,
    0x82, 0x9E, 0x96, 0x17, 0xF8, 0xEC, 0xA9, 0x39, 0xC7, 0x7D, 0xEC, 0xC1, 0x66, 0xF7, 0xBF, 0x0F,
    0xB5, 0x57, 0x40, 0x32, 0x72, 0xE8, 0xB5, 0x8A, 0xFB, 0x70, 0xDB, 0xAD, 0x30, 0x0E, 0x4A, 0xA5,
    0x00, 0x9B, 0xC0, 0xEE, 0xD6, 0xB1, 0xFC, 0xF3, 0x7B, 0xA2, 0xCD, 0x7A, 0xFF, 0xE1, 0x52, 0xB3,
    0xC8, 0xCB, 0x13, 0xC5, 0x4C, 0x0F, 0xCA, 0xCA, 0x24, 0x0F, 0x8F, 0x2A, 0x5E, 0x66, 0x8F, 0xAE,
    0x60, 0x04, 0xA4, 0x3E, 0x06, 0x24, 0xDF, 0x81, 0x84, 0xFB, 0x75, 0x7F, 0xF0, 0x8F, 0x63, 0x16,
    0xDA, 0x77, 0x5E, 0x0E, 0x79, 0xFF, 0x03, 0x7D, 0x70, 0xFA, 0xF9, 0x25, 0x4F, 0x5E, 0x68, 0xB5,
    0x3D, 0xB3, 0x9A, 0xAD, 0xBB, 0xAE, 0x40, 0x4B, 0x94, 0x4F, 0x87, 0xD5, 0xE3, 0x43, 0x04, 0x7D,
    0x71, 0x49, 0x13, 0x1E, 0xBF, 0x60, 0x15, 0xB1, 0x65, 0xDB, 0x1C, 0x09, 0x22, 0x27, 0xE2, 0x74,
    0x36, 0x54, 0x1E, 0xEA, 0x94, 0x48, 0x83, 0x51, 0x17, 0x3A, 0x90, 0xB4, 0x11, 0x33, 0xEF, 0xF6,
    0xC1, 0x6B, 0x6D, 0x57, 0x1F, 0x67, 0xD5, 0xA8, 0xF2, 0x94, 0xC0, 0x40, 0x77, 0xA4, 0x58, 0xD9,
    0xD8, 0xC1, 0x38, 0xC9, 0xB8, 0x0E, 0x15, 0x9E, 0xA1, 0xF0, 0x71, 0x87, 0xE7, 0x10, 0xEF, 0x54,
    0x37, 0x4B, 0x67, 0xAE, 0x2B, 0x57, 0x39, 0x47, 0xED, 0x74, 0xFB, 0x6C, 0xA5, 0x95, 0xE8, 0x41,
    0xD8, 0xA4, 0x8F, 0x4E, 0x29, 0x31, 0xCD, 0x39, 0x12, 0xFA, 0x7D, 0xB0, 0x02, 0xFB, 0xE4, 0x8A,
    0x40, 0x55, 0xCC, 0x0F, 0xCE, 0xCB, 0x99, 0x39, 0xD9, 0xD8, 0x85, 0x18, 0x21, 0xC7, 0xE9, 0xCF,
    0xCB, 0xDD, 0xF0, 0x13, 0x8A, 0x18, 0x88, 0xCF, 0xCF, 0x1E, 0x42, 0xAE, 0x3B, 0x9C, 0xDD, 0xA8,
    0x70, 0x17, 0xE1, 0x8C, 0xD4, 0x7D, 0xA7, 0x0F, 0x25, 0x76, 0x28, 0xC3, 0x68, 0xD5, 0xB4, 0xBE,
    0x29, 0xB5, 0x70, 0xCB, 0x55, 0x30, 0xB6, 0x84, 0x59, 0x87, 0x07, 0x08, 0x96, 0xB0, 0x1B, 0xEA,
    0xF4, 0x69, 0xD1, 0xCC, 0xEF, 0x14, 0x70, 0x8F, 0x2D, 0x5A, 0x9E, 0x5B, 0xB4, 0x00, 0x0C, 0x5C,
    0xE2, 0x75, 0x79, 0xA8, 0xD4, 0x89, 0x67, 0x17, 0x71, 0x3A, 0xE5, 0x19, 0xC1, 0xFC, 0x71, 0xAD,
    0x0A, 0x4F, 0xCF, 0xAB, 0xE9, 0x6A, 0xC7, 0xFA, 0x40, 0x43, 0xDB, 0x3B, 0x64, 0x55, 0x27, 0x06,
    0xE3, 0x23, 0x21, 0xF8, 0xB5, 0x43, 0xCC, 0x47, 0x47, 0x2F, 0x7E, 0xA4, 0x97, 0x98, 0x56, 0x04,
    0x40, 0x13, 0x9C, 0xB6, 0xC1, 0xD3, 0x8F, 0x81, 0xC1, 0x88, 0xAC, 0x5D, 0xEF, 0xBA, 0x48, 0x0F,
    0xA1, 0x55, 0x93, 0xB9, 0xE1, 0xA2, 0x29, 0x7F, 0x53, 0x6D, 0x17, 0x64, 0x4E, 0x58, 0xFB, 0x12,
    0x65, 0xBE, 0xF3, 0x58, 0xBF, 0x0F, 0xB6, 0x6B, 0xA0, 0x41, 0x9D, 0xEE, 0xC7, 0x0C, 0x18, 0x02,
    0x06, 0x25, 0x5A, 0x0A, 0xED, 0xE6, 0xC4, 0xC3, 0xFD, 0x3E, 0x40, 0x9B, 0x01, 0x64, 0x83, 0x5D,
    0x03, 0x8D, 0x2A, 0x31, 0xF3, 0xFF, 0x8D, 0x55, 0x31, 0x8F, 0xDC, 0x44, 0x14, 0xFE, 0x6C, 0x5F,
    0x6E, 0x43, 0x2C, 0x31, 0x5B, 0x80, 0x74, 0x39, 0x22, 0x9C, 0x12, 0x4E, 0x90, 0x69, 0x28, 0x52,
    0xDC, 0xED, 0x18, 0x52, 0xD2, 0x5C, 0x91, 0xEB, 0x53, 0x50, 0x00, 0x0D, 0x14, 0x29, 0x37, 0x99,
    0x11, 0xBF, 0x60, 0x2B, 0xEA, 0x2D, 0x22, 0x44, 0x36, 0x05, 0x29, 0x52, 0x1C, 0xD2, 0xDE, 0x79,
    0x04, 0x7F, 0xC0, 0x82, 0x0E, 0x0A, 0x2C, 0x94, 0x8E, 0x22, 0x83, 0x64, 0x21, 0xEB, 0x32, 0xF6,
    0xE3, 0x8D, 0xBD, 0x9B, 0xE3, 0xC8, 0x71, 0x64, 0x66, 0xDE, 0x7A, 0xFC, 0xFC, 0x66, 0xDE, 0xCC,
    0x7B, 0xDF, 0xFB, 0xF6, 0x2A, 0x0A, 0xA3, 0xAD, 0xAC, 0x52, 0x97, 0x34, 0xF0, 0xD8, 0xC3, 0xEB,
    0x00, 0x3E, 0x89, 0xBB, 0xA4, 0x4D, 0x1B, 0x51, 0x49, 0xAB, 0x30, 0xC5, 0x63, 0x56, 0x61, 0x1F,
    0x51, 0x8D, 0xC4, 0x23, 0xED, 0x20, 0x08, 0x92, 0x8C, 0x12, 0x76, 0x99, 0x54, 0x0E, 0xCE, 0x60,
    0x8C, 0xA1, 0x39, 0x74, 0x8F, 0xCA, 0x84, 0xC8, 0x08, 0x0A, 0x26, 0x1E, 0xBB, 0xAC, 0xBC, 0xCE,
    0xA2, 0x88, 0x2A, 0xCD, 0x52, 0x10, 0xD9, 0x37, 0x0F, 0x0E, 0xB0, 0xBD, 0x58, 0x2C, 0x66, 0xFC,
    0x42, 0x8E, 0xA5, 0x57, 0x93, 0xF9, 0x00, 0xD7, 0xA6, 0xD8, 0x53, 0x58, 0x2A, 0xF2, 0x19, 0xD5,
    0x23, 0x2A, 0xF1, 0x19, 0xA2, 0x5C, 0xD4, 0xCA, 0xEB, 0x56, 0xB7, 0xCA, 0x67, 0x75, 0x94, 0xC7,
    0x79, 0x94, 0x67, 0x75, 0xC6, 0xBA, 0xD3, 0x1E, 0xDE, 0x63, 0xC3, 0xFD, 0x7B, 0xF6, 0x69, 0x75,
    0x51, 0xDE, 0xCB, 0xAA, 0x77, 0x94, 0x05, 0x01, 0x0D, 0x70, 0x88, 0xE1, 0x78, 0xA3, 0x0E, 0xB2,
    0xB0, 0x93, 0xB4, 0x9C, 0x26, 0xD5, 0x32, 0x29, 0x27, 0xA9, 0x95, 0xCF, 0xF2, 0xB4, 0x45, 0xEC,
    0x85, 0x49, 0x5A, 0xE5, 0x52, 0xAF, 0xAD, 0x70, 0x94, 0x67, 0x65, 0x07, 0x75, 0xAB, 0xC1, 0x24,
    0xA9, 0x70, 0x98, 0x1A, 0xCC, 0xAF, 0x00, 0x37, 0xF1, 0xDE, 0x04, 0xD3, 0xEC, 0xC3, 0x46, 0xFC,
    0xEC, 0xF8, 0x5C, 0x31, 0xF5, 0x9B, 0x1F, 0xA3, 0xBF, 0x1F, 0xB6, 0xEE, 0xF5, 0x6D, 0x3A, 0xDE,
    0xDA, 0x9A, 0x1C, 0x9D, 0xF6, 0xBD, 0x29, 0xC6, 0xFA, 0xA3, 0x06, 0xC5, 0x8F, 0x2D, 0xD4, 0x4F,
    0x84, 0xAC, 0x22, 0xA4, 0x4E, 0x99, 0xA4, 0xCE, 0x2C, 0x7C, 0x6A, 0xB1, 0x1B, 0x57, 0xB8, 0x86,
    0x39, 0xF8, 0x01, 0xE1, 0x81, 0xAC, 0xED, 0x65, 0x83, 0xE7, 0xEA, 0x56, 0xB5, 0xAB, 0xCA, 0xC8,
    0xAB, 0xEE, 0x0B, 0xC7, 0xB1, 0x64, 0x8F, 0x1D, 0xB0, 0x3D, 0xC3, 0xA8, 0x0D, 0x91, 0xD7, 0x54,
    0xD2, 0x77, 0xAE, 0x89, 0x1D, 0x07, 0x7F, 0xCE, 0x1B, 0x20, 0xEE, 0xC4, 0x53, 0x95, 0x6B, 0x14,
    0x28, 0xAA, 0x22, 0x44, 0xC4, 0xC7, 0xF3, 0x2B, 0x46, 0x39, 0xCD, 0xF3, 0xB4, 0x8D, 0xDA, 0xC8,
    0x27, 0x8D, 0xAA, 0xDE, 0x45, 0x3C, 0x17, 0x5E, 0x71, 0x24, 0x75, 0xA5, 0x73, 0x95, 0x4B, 0x9B,
    0x7A, 0x7C, 0x2A, 0x0D, 0x35, 0xD4, 0x6A, 0x1A, 0x11, 0xDF, 0xA9, 0x8D, 0xBD, 0x74, 0x3A, 0xBF,
    0xFA, 0xAA, 0xA0, 0x48, 0x21, 0x21, 0x77, 0x42, 0xFA, 0x28, 0xCC, 0x70, 0x03, 0xB8, 0xCB, 0x41,
    0x6F, 0xD0, 0x3D, 0x64, 0x55, 0x17, 0x66, 0x8E, 0xCD, 0x38, 0x2D, 0xAA, 0x1F, 0x18, 0xAD, 0x07,
    0xB7, 0x02, 0x11, 0xD9, 0x88, 0xD3, 0x5C, 0x94, 0x90, 0x16, 0xD2, 0xC8, 0x0E, 0xBA, 0xEE, 0x81,
    0x94, 0xA7, 0x95, 0xCA, 0xA7, 0x58, 0x72, 0xD7, 0x90, 0xD5, 0x66, 0x19, 0xDC, 0xD5, 0xAB, 0xB1,
    0x79, 0x92, 0xF7, 0xBB, 0x19, 0x36, 0x7C, 0x8B, 0x71, 0xD8, 0xCF, 0x23, 0x87, 0x17, 0x03, 0x39,
    0xF0, 0xE5, 0xCA, 0x78, 0xFB, 0x84, 0x0D, 0x4A, 0xCD, 0xAE, 0x87, 0xE5, 0xE1, 0x38, 0x0C, 0xBF,
    0xA0, 0x0C, 0xE7, 0xC1, 0xA5, 0xDB, 0x2F, 0x02, 0x7F, 0x56, 0xFC, 0x59, 0x91, 0x41, 0x9A, 0x0D,
    0x28, 0x27, 0x59, 0x94, 0x0D, 0x4E, 0x83, 0xEF, 0x0E, 0x23, 0xAA, 0x70, 0xB0, 0x0F, 0x90, 0xFB,
    0x6F, 0x29, 0x5C, 0xEC, 0xB4, 0x13, 0x4E, 0x85, 0x5E, 0xAB, 0x4A, 0xB4, 0x85, 0x1D, 0x71, 0xCC,
    0x22, 0x7A, 0x1A, 0xA2, 0x58, 0x4B, 0xCE, 0x34, 0xF7, 0x56, 0x34, 0xD1, 0xEC, 0x22, 0x88, 0x5F,
    0x80, 0x63, 0x59, 0xAA, 0x9A, 0xF3, 0xDD, 0x26, 0x2D, 0x67, 0xCC, 0x47, 0x75, 0x5A, 0xCA, 0x70,
    0xD5, 0x31, 0x5C, 0x62, 0x39, 0x67, 0x5E, 0x77, 0x05, 0xE1, 0x3E, 0xF6, 0xEE, 0x4C, 0xC9, 0x15,
    0x76, 0x0B, 0x78, 0x1B, 0x1C, 0xDD, 0xC4, 0x21, 0x2D, 0xC1, 0x80, 0x54, 0x06, 0x3A, 0x47, 0xC1,
    0xC3, 0xCE, 0x8B, 0xE7, 0x5C, 0xAC, 0x7C, 0xBF, 0x9C, 0xF1, 0x71, 0x79, 0x6F, 0x00, 0xF7, 0xF5,
    0x9D, 0xC5, 0xB7, 0x05, 0xF1, 0x1E, 0xDD, 0x12, 0x13, 0x1E, 0x77, 0xB1, 0x3B, 0x8E, 0xB0, 0xEF,
    0x04, 0x5C, 0x23, 0xBF, 0xAA, 0x8E, 0x8B, 0x3F, 0x38, 0x9E, 0x64, 0xE5, 0x9F, 0xBC, 0xCA, 0x2C,
    0xFF, 0xA7, 0x62, 0x2E, 0x26, 0x93, 0x73, 0x89, 0x80, 0x5B, 0x1C, 0x78, 0xC5, 0x49, 0x6A, 0xD4,
    0xD7, 0x9E, 0x0D, 0xD8, 0xC5, 0x18, 0x1B, 0xE7, 0x33, 0x4F, 0x7B, 0x86, 0x79, 0x8A, 0x81, 0x67,
    0xAA, 0xCF, 0x17, 0x0B, 0x73, 0x1E, 0xF3, 0xBC, 0xAA, 0x2E, 0x62, 0xC8, 0xBD, 0x96, 0x52, 0x03,
    0x25, 0x89, 0xBE, 0xE9, 0x78, 0x6B, 0xF2, 0x5D, 0xC4, 0x26, 0x4F, 0x90, 0x06, 0x2C, 0xE1, 0x61,
    0x7F, 0x96, 0xB5, 0x3B, 0x7E, 0x9A, 0xB5, 0x62, 0xD5, 0xC2, 0x8C, 0x39, 0x29, 0x9A, 0x71, 0x1E,
    0x43, 0xD5, 0xDB, 0x41, 0x42, 0xA6, 0x14, 0xCB, 0x11, 0x0B, 0xE3, 0x2C, 0x62, 0x13, 0x4E, 0xCC,
    0xA9, 0x89, 0x79, 0xC9, 0x24, 0xAE, 0xCF, 0x9A, 0x64, 0x66, 0xF8, 0x1C, 0x64, 0x19, 0x8A, 0x75,
    0x08, 0x0B, 0xD7, 0x23, 0x26, 0x2B, 0xD5, 0x3F, 0x56, 0x71, 0xCA, 0xCF, 0xAC, 0x9A, 0x0C, 0x9F,
    0x2F, 0x32, 0xB9, 0xBF, 0x32, 0xE1, 0xA3, 0xC5, 0xEE, 0x5F, 0x26, 0xF9, 0x59, 0x93, 0x07, 0xBD,
    0xEB, 0x63, 0x68, 0x9B, 0x96, 0x49, 0x95, 0x54, 0x23, 0x2B, 0xCD, 0x11, 0xB6, 0x70, 0x79, 0x40,
    0xCE, 0x80, 0x22, 0x4D, 0xED, 0xA5, 0x83, 0xDB, 0x2A, 0x30, 0x4F, 0xAB, 0x71, 0x74, 0x3A, 0x82,
    0xC6, 0xEF, 0x2C, 0x1E, 0xA4, 0x15, 0x17, 0x5A, 0xC3, 0x7C, 0xCE, 0x91, 0x6C, 0xF5, 0x73, 0xF7,
    0x58, 0x9A, 0x19, 0x04, 0x6F, 0xDC, 0xA7, 0x7C, 0x39, 0x29, 0x3A, 0xE5, 0xB9, 0xA0, 0x3C, 0xD1,
    0xE1, 0xFB, 0xC8, 0x19, 0xE3, 0x46, 0x41, 0xE5, 0xCA, 0x4A, 0x2B, 0xFA, 0xF9, 0x4D, 0x9C, 0xC7,
    0x62, 0x69, 0x2E, 0x6C, 0x16, 0x18, 0x8C, 0x2D, 0x18, 0xA0, 0x78, 0x82, 0x3B, 0x3D, 0xDF, 0x84,
    0x1D, 0xD6, 0xF0, 0x61, 0xD8, 0xF1, 0xEA, 0xA1, 0xBD, 0x01, 0x32, 0x9C, 0x49, 0x97, 0xB9, 0xC4,
    0x25, 0x55, 0x6A, 0x75, 0x7F, 0xBB, 0x8D, 0x55, 0xCC, 0x0A, 0x16, 0x86, 0x35, 0xBA, 0xD3, 0xBC,
    0x31, 0xFD, 0x88, 0xDF, 0x7F, 0x75, 0xEA, 0xAF, 0xDF, 0xBC, 0x6A, 0xB8, 0xAC, 0xEB, 0xCC, 0x67,
    0x4E, 0x34, 0x5C, 0xD4, 0x9C, 0x73, 0xCD, 0xB4, 0xC1, 0xFB, 0x19, 0xFA, 0x85, 0xA1, 0xD0, 0xCA,
    0x3A, 0xE2, 0xFC, 0x65, 0x66, 0xAF, 0xE7, 0xB9, 0x23, 0xA8, 0x99, 0xA8, 0x7A, 0xA7, 0x13, 0xC1,
    0x04, 0x67, 0x04, 0x53, 0x8B, 0x07, 0xFF, 0xAA, 0xC2, 0xDC, 0x10, 0xF9, 0xCB, 0x11, 0x1D, 0x4A,
    0x69, 0xAA, 0x7A, 0x0A, 0xE1, 0x4A, 0x39, 0x59, 0x3C, 0xA2, 0x3A, 0xEA, 0x71, 0x66, 0x18, 0x90,
    0x1C, 0x37, 0xFE, 0x10, 0x05, 0x6A, 0x5A, 0xB7, 0x4D, 0x0A, 0xFF, 0x23, 0x31, 0xF5, 0x28, 0x94,
    0xBD, 0xA5, 0xED, 0x19, 0xA8, 0x70, 0x4D, 0x5F, 0x61, 0x6E, 0x6D, 0x39, 0x46, 0x42, 0x10, 0x1F,
    0x5B, 0xF5, 0xCC, 0xAA, 0x83, 0x9C, 0xB3, 0xAB, 0x7E, 0xB0, 0x19, 0x99, 0x51, 0xB8, 0x29, 0xFE,
    0x06, 0x4D, 0xCD, 0xB1, 0x0D, 0xC2, 0x30, 0x10, 0x05, 0xD0, 0x0B, 0x46, 0x72, 0xE1, 0xC2, 0x7D,
    0x9A, 0x6C, 0x00, 0x0B, 0x80, 0x9C, 0x51, 0xD8, 0x84, 0xAC, 0x43, 0x4F, 0x89, 0xE4, 0x8C, 0x90,
    0x11, 0x32, 0x82, 0x0B, 0x17, 0x29, 0x8C, 0x3F, 0xF7, 0xAF, 0xE2, 0x8A, 0xA7, 0x93, 0xEE, 0xEB,
    0xBE, 0xBC, 0x44, 0xC7, 0x63, 0x53, 0x27, 0x54, 0x35, 0xA1, 0xA9, 0x19, 0x5D, 0x7D, 0x0C, 0xE0,
    0x59, 0xD2, 0x4C, 0xE3, 0x4A, 0x83, 0xE9, 0x36, 0x73, 0xA7, 0xA7, 0x62, 0xFB, 0x9F, 0xA1, 0x5A,
    0xFE, 0xA0, 0xD7, 0x66, 0x1F, 0x3E, 0x34, 0xDF, 0x68, 0xBF, 0x33, 0xD8, 0x2E, 0x2C, 0x6E, 0x13,
    0x83, 0x35, 0x6A, 0x41, 0x2A, 0x2C, 0x78, 0xEE, 0xB1, 0x9E, 0x05, 0x6B, 0x40, 0x77, 0x58, 0x1C,
    0xBE, 0x1E, 0xE2, 0xD0, 0x22, 0x64, 0xC0, 0xE1, 0xF5, 0x57, 0x2E, 0xF2, 0x16, 0x19, 0xE7, 0x1F,
    0xED, 0x7D, 0x3D, 0x8C, 0x1D, 0xD7, 0x95, 0xE6, 0xAD, 0x57, 0xEA, 0x7E, 0x12, 0xCB, 0xEB, 0x52,
    0x20, 0x79, 0x35, 0xA4, 0xED, 0x72, 0xA0, 0xC0, 0xAB, 0x91, 0x54, 0x0E, 0x1C, 0x28, 0xA0, 0xBA,
    0x4A, 0x32, 0x16, 0x0E, 0x1C, 0x98, 0x81, 0xDA, 0x06, 0xAC, 0x40, 0x0A, 0x36, 0xD8, 0x91, 0x81,
    0xA1, 0x03, 0x07, 0xC2, 0xA0, 0xE9, 0x2A, 0x49, 0x18, 0x38, 0x70, 0xE0, 0x4E, 0xEC, 0x01, 0x76,
    0x82, 0x65, 0x40, 0x2C, 0xA8, 0x47, 0xC0, 0x64, 0xA0, 0x80, 0x6B, 0x50, 0xAA, 0x92, 0x08, 0xAC,
    0x81, 0x55, 0x30, 0x6F, 0x66, 0x30, 0x23, 0x60, 0x1D, 0xE8, 0x8D, 0xCD, 0x99, 0x5D, 0x51, 0x01,
    0xCB, 0xF6, 0xD3, 0xB8, 0x48, 0x55, 0xD5, 0xDD, 0x73, 0xBE, 0x73, 0x6E, 0x55, 0xBD, 0xEE, 0xE6,
    0xAF, 0xF8, 0x23, 0x52, 0x6E, 0x92, 0xF7, 0x1C, 0xF6, 0xAB, 0x57, 0x55, 0xF7, 0xDE, 0x73, 0xCF,
    0x3D, 0xFF, 0xD7, 0x78, 0xA9, 0xA1, 0x9F, 0x78, 0xC1, 0x6D, 0x52, 0x73, 0x1B, 0x76, 0xDC, 0x7A,
    0x56, 0x3E, 0x28, 0xB9, 0x9D, 0x54, 0xDC, 0x9A, 0x17, 0x8D, 0x79, 0x98, 0x7E, 0xFB, 0x9D, 0x3C,
    0xB1, 0xF4, 0x33, 0x0F, 0xAC, 0x9D, 0x15, 0x0B, 0x63, 0x1B, 0x33, 0x45, 0x4B, 0x57, 0x51, 0x6B,
    0xA4, 0x3D, 0x85, 0xF6, 0x41, 0xB4, 0x66, 0x68, 0x3F, 0x87, 0xF6, 0x71, 0xB4, 0x07, 0xA9, 0xB5,
    0xFC, 0x89, 0xB6, 0x8D, 0xD9, 0xEA, 0x7F, 0xDF, 0x98, 0x2F, 0x8E, 0xAE, 0x1F, 0xDF, 0xC1, 0xDC,
    0x8F, 0xF6, 0x4B, 0x68, 0x0F, 0xA2, 0x3D, 0x63, 0x6C, 0x6B, 0x26, 0xF5, 0x01, 0x7E, 0xAB, 0x25,
    0xDE, 0xAD, 0xBA, 0x0F, 0x2F, 0x6C, 0x26, 0x47, 0x27, 0x47, 0xA9, 0x47, 0x4D, 0x48, 0x57, 0xC5,
    0x6D, 0x44, 0x3D, 0x4B, 0xBA, 0xD8, 0x12, 0xDE, 0x70, 0x2F, 0xC3, 0x3A, 0xE0, 0xBB, 0xA6, 0xF4,
    0xE7, 0xEE, 0xEA, 0x97, 0x27, 0xBD, 0x33, 0x53, 0xCC, 0x8E, 0xB7, 0x98, 0x2E, 0x19, 0x46, 0x8B,
    0xC0, 0xE2, 0x67, 0x1E, 0x0A, 0x2C, 0xC3, 0x8B, 0x2F, 0xD8, 0x8F, 0x36, 0x8B, 0x32, 0x2A, 0x43,
    0x5B, 0x9A, 0xB0, 0x4C, 0x0C, 0xC3, 0xA0, 0x3C, 0x08, 0xE8, 0x97, 0x5F, 0x01, 0x9C, 0xE4, 0x06,
    0x10, 0x93, 0xBF, 0x0B, 0xFE, 0x2F, 0xBB, 0x04, 0xA4, 0x1F, 0xC0, 0xEE, 0xA4, 0x9D, 0x33, 0x9C,
    0xFB, 0xB6, 0x92, 0xEB, 0xF8, 0x55, 0xC7, 0xB0, 0xE8, 0x04, 0x66, 0x56, 0x60, 0x72, 0x5D, 0x70,
    0x4E, 0x53, 0x44, 0xD4, 0x47, 0x3D, 0x4F, 0x1A, 0xC3, 0x1D, 0xCA, 0xB3, 0x46, 0x7A, 0x5B, 0x2C,
    0x05, 0xDA, 0x4A, 0xE1, 0x5C, 0xE6, 0xD8, 0xE6, 0x32, 0x18, 0x56, 0x7E, 0x1D, 0xBA, 0xCB, 0xE5,
    0xB2, 0x40, 0x3F, 0x0E, 0x6B, 0x33, 0xFE, 0x11, 0xBA, 0x0F, 0x97, 0x03, 0xDD, 0x5B, 0x5E, 0x03,
    0x13, 0x10, 0x7F, 0x20, 0xE3, 0x89, 0x2F, 0x3E, 0x62, 0x84, 0xEA, 0x4D, 0x2A, 0x33, 0x40, 0xAF,
    0x74, 0x9E, 0x6E, 0x4D, 0xEF, 0x17, 0x54, 0x97, 0xA1, 0x8E, 0x1F, 0xEC, 0x9A, 0xDB, 0x5B, 0xD4,
    0xB6, 0xD4, 0x10, 0x75, 0xD0, 0x38, 0x64, 0xD6, 0x8E, 0xFA, 0xE7, 0x9D, 0xFC, 0x00, 0x8B, 0x17,
    0xBF, 0xF4, 0xED, 0xA5, 0x93, 0x34, 0x34, 0x91, 0xA5, 0x91, 0xA2, 0x51, 0xA1, 0xDF, 0x64, 0x34,
    0xBE, 0x34, 0x38, 0x09, 0x7D, 0x44, 0xB3, 0x1C, 0xD1, 0xA0, 0x33, 0x05, 0xF0, 0x15, 0x34, 0x8A,
    0x98, 0x06, 0x1E, 0x94, 0x4E, 0x46, 0xB1, 0xC5, 0x60, 0x14, 0x6D, 0x66, 0x7F, 0x56, 0x19, 0x90,
    0x95, 0x02, 0x9A, 0x70, 0x6B, 0x0E, 0x74, 0xF2, 0x1A, 0x87, 0x0C, 0xA6, 0x9D, 0x7E, 0x32, 0x01,
    0xEE, 0x2E, 0xCC, 0x46, 0xFC, 0x14, 0xE4, 0x14, 0xE4, 0x01, 0x48, 0x27, 0xF5, 0xE5, 0xE9, 0xE8,
    0x45, 0x81, 0x6B, 0x7C, 0xCB, 0xF3, 0xD7, 0xA1, 0x43, 0x85, 0xC5, 0x4C, 0x78, 0xB3, 0x63, 0x7C,
    0x83, 0xC3, 0xE7, 0x40, 0x7C, 0x73, 0x53, 0x7C, 0x50, 0x54, 0xD4, 0x81, 0xA0, 0x9A, 0x76, 0xC6,
    0x5F, 0x86, 0x74, 0x25, 0x9A, 0x3A, 0xA4, 0xAF, 0xBE, 0x1C, 0xA1, 0x07, 0x42, 0x90, 0x2D, 0xCF,
    0x39, 0x93, 0x37, 0xF7, 0xDE, 0x03, 0xD9, 0x66, 0xFC, 0xFF, 0x90, 0xDF, 0x9C, 0xFE, 0xBF, 0xE4,
    0x81, 0x69, 0x78, 0x5C, 0x9A, 0xA7, 0xE8, 0x69, 0x0D, 0x2D, 0xCB, 0xA4, 0x79, 0x9A, 0x79, 0x42,
    0x82, 0x26, 0x37, 0x71, 0x9D, 0x10, 0x15, 0x56, 0xF1, 0xD2, 0x14, 0xB4, 0x94, 0xFE, 0xD6, 0xE6,
    0x1E, 0x06, 0x72, 0x7D, 0xC6, 0x7C, 0xC2, 0x3B, 0x44, 0x74, 0x50, 0xD3, 0x13, 0xB6, 0x8D, 0xAE,
    0xEE, 0x9B, 0xFF, 0xAF, 0xC5, 0xAC, 0xBA, 0x39, 0xDD, 0x97, 0xAF, 0xE7, 0xFC, 0x36, 0x59, 0x9D,
    0x34, 0x45, 0x93, 0x34, 0x09, 0xC1, 0xB8, 0x8A, 0x2A, 0x8F, 0x88, 0xF8, 0x4E, 0xBC, 0x8F, 0x59,
    0x3B, 0x64, 0x9E, 0x63, 0xE2, 0x6A, 0xCC, 0x3A, 0xE6, 0x8A, 0x17, 0xBA, 0xD0, 0xCB, 0xED, 0x6B,
    0x98, 0x52, 0x92, 0xC6, 0x2D, 0xDE, 0x84, 0xD7, 0x7A, 0xB2, 0x30, 0x0F, 0x98, 0x84, 0xF8, 0x48,
    0x4E, 0x44, 0x95, 0xCD, 0xE9, 0x8A, 0xEC, 0x63, 0x4C, 0x36, 0xB3, 0xB2, 0xE7, 0xB0, 0x2E, 0x9E,
    0x93, 0xB7, 0x77, 0x0C, 0x4D, 0x38, 0x89, 0x57, 0x30, 0xAA, 0x5C, 0x62, 0x39, 0xB5, 0xCA, 0x3F,
    0x84, 0xF9, 0x0B, 0x3A, 0x37, 0x6E, 0x79, 0x5D, 0x17, 0x5A, 0xF6, 0x68, 0xB0, 0x8A, 0x76, 0xC5,
    0x45, 0x87, 0x5A, 0xAC, 0x5F, 0x62, 0xCE, 0x34, 0xCC, 0x07, 0x84, 0xD7, 0x32, 0x2B, 0xF5, 0xB0,
    0x16, 0xC2, 0x9C, 0xDF, 0x01, 0xE3, 0x1B, 0xA6, 0x8C, 0x62, 0x59, 0x45, 0x46, 0x50, 0x5A, 0x5A,
    0x31, 0xD0, 0x98, 0xD1, 0x8D, 0x01, 0x3D, 0x32, 0x5C, 0xD0, 0x28, 0x6A, 0xE2, 0xD7, 0x96, 0x40,
    0x69, 0x99, 0x26, 0xDC, 0x6F, 0x42, 0xF9, 0x7F, 0xF4, 0x70, 0xCF, 0x36, 0xBC, 0x22, 0x33, 0x1A,
    0x82, 0xC8, 0xDA, 0x82, 0x00, 0x8F, 0x2E, 0x0F, 0x0A, 0xBD, 0x71, 0xB0, 0xE8, 0xB9, 0x0A, 0xD3,
    0xDA, 0x5A, 0x8A, 0x31, 0x24, 0x92, 0xAB, 0x42, 0xEC, 0x6E, 0xBC, 0xD6, 0xF2, 0x89, 0x2C, 0x59,
    0x8C, 0x97, 0x2E, 0xFC, 0x31, 0x5A, 0xDF, 0x4C, 0xB4, 0x9B, 0xCD, 0x0A, 0x7B, 0xA1, 0x4B, 0x8D,
    0x70, 0x21, 0x8B, 0x05, 0x2D, 0xC8, 0xB3, 0xB6, 0xEB, 0xAF, 0x4D, 0xA8, 0x1B, 0x8A, 0x46, 0xB6,
    0x74, 0x28, 0x6F, 0x2F, 0x8A, 0x06, 0xF4, 0xCA, 0x8A, 0x4E, 0xF7, 0x44, 0x47, 0x17, 0x84, 0xC3,
    0x1D, 0x22, 0xDD, 0xE8, 0xF0, 0x08, 0xD7, 0xCD, 0x54, 0x57, 0x08, 0x2D, 0x87, 0x8F, 0x69, 0x24,
    0x69, 0x74, 0x96, 0x4C, 0x5F, 0xDD, 0xEA, 0x8E, 0xE3, 0x5A, 0xD9, 0xB5, 0x43, 0x1A, 0xBA, 0x73,
    0xA0, 0x3E, 0x8C, 0xA1, 0x5C, 0x2E, 0x54, 0x49, 0xA3, 0x1F, 0x5E, 0x3C, 0x6C, 0x3F, 0x7A, 0x9E,
    0xA5, 0x96, 0x9C, 0x1F, 0xCE, 0x4F, 0xC1, 0x5B, 0x90, 0x24, 0xB1, 0x05, 0x84, 0xB8, 0x96, 0xEC,
    0xDE, 0x8F, 0x8C, 0xB7, 0xEB, 0x3D, 0x91, 0xB7, 0x8B, 0x6D, 0x41, 0x2E, 0x80, 0xA6, 0xE4, 0x21,
    0x29, 0x10, 0x92, 0x75, 0x4A, 0xB9, 0x18, 0x3C, 0x99, 0x11, 0xCF, 0x21, 0x46, 0x37, 0x7E, 0xA5,
    0xDC, 0x1B, 0x46, 0x3C, 0x1E, 0x23, 0xE6, 0xBB, 0x01, 0x3F, 0x95, 0x9A, 0x2E, 0xB1, 0xBA, 0x75,
    0xAF, 0x0E, 0x8D, 0xDB, 0x8E, 0xDD, 0x86, 0xDC, 0xEF, 0xF0, 0xBE, 0x0E, 0x64, 0xA0, 0x1B, 0x7F,
    0x94, 0x0A, 0x7C, 0xC4, 0x51, 0x25, 0x53, 0x29, 0x0F, 0x3A, 0x71, 0x73, 0xA5, 0xC7, 0x16, 0x53,
    0xE3, 0x33, 0xC4, 0xEF, 0x1A, 0xC0, 0xF0, 0x9D, 0x25, 0x60, 0x84, 0x9D, 0xAD, 0x31, 0x4F, 0x2B,
    0xDC, 0x52, 0x58, 0x2B, 0xAC, 0x04, 0xFA, 0x0B, 0x81, 0x21, 0x78, 0x43, 0xA1, 0x6F, 0x5D, 0x08,
    0xDD, 0xD3, 0xEF, 0xB1, 0x2E, 0x09, 0xC6, 0x60, 0x1E, 0x74, 0x1D, 0x06, 0xB3, 0x68, 0x02, 0xAC,
    0x86, 0xA2, 0x91, 0x31, 0x2D, 0x1A, 0x8C, 0x00, 0xDF, 0x57, 0xF6, 0x37, 0x5D, 0xD0, 0x85, 0xAE,
    0x50, 0xFA, 0x90, 0x89, 0x8A, 0x3F, 0x0C, 0xA9, 0x0B, 0x4C, 0x47, 0xB4, 0x75, 0x2D, 0xD0, 0x1F,
    0x82, 0x6B, 0xFC, 0x8C, 0x03, 0x60, 0x17, 0x87, 0x74, 0x98, 0x82, 0xC6, 0x8D, 0x97, 0xA3, 0x30,
    0x27, 0x03, 0x31, 0xDF, 0x33, 0xAB, 0x83, 0xC5, 0x62, 0xA4, 0xFE, 0xDC, 0xDF, 0x8F, 0xD7, 0xC3,
    0xE9, 0x5A, 0xAA, 0x0F, 0x80, 0x44, 0xB3, 0xCD, 0x2B, 0x3F, 0xC5, 0xFB, 0x4D, 0x1C, 0xD7, 0xC7,
    0xFC, 0xAF, 0x20, 0xBE, 0x43, 0x42, 0x87, 0xC4, 0x0E, 0x29, 0x14, 0x99, 0xD4, 0x8A, 0x4C, 0x2B,
    0x45, 0xA2, 0x52, 0x91, 0xC4, 0xDD, 0xA7, 0x51, 0xC4, 0xAF, 0x14, 0x09, 0x4B, 0x45, 0x92, 0x54,
    0x91, 0x56, 0x1F, 0xDA, 0xD5, 0x8A, 0xF0, 0x88, 0x0A, 0x92, 0x3B, 0x64, 0xAF, 0x37, 0x14, 0x44,
    0x7B, 0x01, 0xC9, 0x88, 0xB6, 0x29, 0x16, 0xEB, 0x6B, 0xE3, 0xB8, 0xBD, 0x1B, 0xB1, 0xED, 0x9E,
    0xE4, 0xBE, 0x0A, 0x9A, 0x5A, 0x9A, 0xA7, 0x20, 0x33, 0x55, 0xE6, 0x65, 0xFC, 0xBF, 0x12, 0x2A,
    0x08, 0x5B, 0xE1, 0x80, 0xBE, 0xDB, 0x21, 0x8A, 0x76, 0x74, 0x97, 0x35, 0x6C, 0x29, 0x18, 0xCB,
    0x96, 0x85, 0x0E, 0xFA, 0xB7, 0xF0, 0x58, 0x10, 0xE2, 0xD7, 0x0B, 0x2B, 0xE1, 0x5A, 0xD4, 0x3D,
    0xC3, 0x24, 0x12, 0xAA, 0x9C, 0x1D, 0x83, 0x6B, 0x2E, 0x58, 0x02, 0x32, 0x4C, 0x22, 0x47, 0x30,
    0x81, 0xB5, 0xCC, 0x93, 0x75, 0x54, 0x68, 0xBD, 0x4A, 0x04, 0xA8, 0x6F, 0x2C, 0x44, 0x96, 0x3B,
    0x2B, 0x6C, 0xC3, 0xFE, 0x3A, 0x17, 0xB1, 0x56, 0x14, 0x34, 0xDF, 0x5A, 0xA5, 0x00, 0x7D, 0x2F,
    0xB7, 0x67, 0x15, 0xBA, 0x86, 0x12, 0xED, 0x75, 0xAC, 0x8C, 0x3C, 0x54, 0xBE, 0x10, 0xE3, 0xEB,
    0xC9, 0x76, 0xA1, 0x72, 0x5A, 0xAB, 0x50, 0xBE, 0x16, 0xE9, 0x60, 0x4D, 0x1D, 0x1B, 0x79, 0xB3,
    0xDF, 0x02, 0x88, 0x7C, 0x9E, 0x4B, 0x84, 0x6C, 0x2C, 0x2F, 0x36, 0x8F, 0xE7, 0x9E, 0x9F, 0xEA,
    0xF8, 0x6C, 0xA8, 0xAC, 0xF7, 0x53, 0x0C, 0x69, 0x77, 0xDD, 0xDC, 0x7C, 0xC1, 0x96, 0x91, 0x6C,
    0x1C, 0x75, 0xA6, 0x5B, 0xC9, 0x48, 0x7D, 0x70, 0x8B, 0x6C, 0xAA, 0xE3, 0xE8, 0x2B, 0x6F, 0xF2,
    0xAB, 0x55, 0x38, 0xD9, 0x01, 0xBD, 0x55, 0xD6, 0x36, 0xFC, 0x7C, 0xC9, 0x2D, 0x55, 0x1D, 0x7F,
    0x85, 0x89, 0xCC, 0x23, 0x36, 0x2C, 0x99, 0x78, 0x19, 0xF1, 0x3F, 0x0A, 0xB7, 0xF1, 0x7E, 0x2F,
    0x5B, 0xEB, 0xA4, 0x92, 0x19, 0xF1, 0xE7, 0x60, 0xCB, 0xB4, 0x89, 0xC8, 0x04, 0x87, 0xA5, 0xA8,
    0x47, 0x61, 0x0A, 0x69, 0x88, 0x88, 0x2B, 0x06, 0x53, 0xD8, 0x10, 0x71, 0x9E, 0x88, 0x2B, 0x04,
    0x74, 0x22, 0x8E, 0x48, 0xEE, 0x66, 0x72, 0x71, 0xF3, 0x79, 0x86, 0xD4, 0x0B, 0x9F, 0x1F, 0x40,
    0xC2, 0x8E, 0xE8, 0x73, 0x73, 0x7A, 0xC1, 0x4A, 0xA8, 0x84, 0xC7, 0x8A, 0xF5, 0x7F, 0xEC, 0x71,
    0xB9, 0xAC, 0x2B, 0x30, 0x2A, 0x12, 0xFB, 0xED, 0x45, 0xE6, 0x18, 0xAC, 0x94, 0xB2, 0x70, 0xDD,
    0xDE, 0xD7, 0x8B, 0x08, 0x60, 0x53, 0x89, 0x6C, 0xCB, 0x50, 0x95, 0x64, 0x41, 0x4E, 0x84, 0xF1,
    0x32, 0x6D, 0x33, 0x38, 0x2D, 0xE0, 0x29, 0x01, 0x8F, 0x0A, 0x30, 0x97, 0x03, 0xDD, 0xC9, 0x8B,
    0xC2, 0x77, 0xF9, 0x4D, 0x49, 0x21, 0x51, 0x6E, 0xCE, 0x1B, 0x66, 0x21, 0x22, 0x51, 0xD1, 0x60,
    0x85, 0x31, 0x6B, 0x77, 0xA0, 0x1C, 0x01, 0xFD, 0x8C, 0x87, 0x5A, 0xB9, 0x2F, 0xAD, 0x62, 0x74,
    0xC7, 0x3E, 0x2F, 0xEF, 0x69, 0xA1, 0x7F, 0x5A, 0xEA, 0x96, 0xD1, 0xBE, 0x3C, 0x6C, 0xD6, 0x36,
    0x53, 0x48, 0x3A, 0xFC, 0x1C, 0xBA, 0xE4, 0x24, 0x78, 0x10, 0x31, 0xF3, 0x5A, 0xE4, 0x28, 0x95,
    0xAC, 0x14, 0xB4, 0x2B, 0x40, 0x7F, 0xA9, 0x57, 0x56, 0xF2, 0x3D, 0x1E, 0xBA, 0xEE, 0x64, 0x2B,
    0x93, 0xD0, 0x01, 0x9C, 0xB4, 0xFA, 0x59, 0xEB, 0xC4, 0x34, 0x91, 0xE1, 0x72, 0xB7, 0x2B, 0x10,
    0x08, 0xF7, 0x02, 0x7A, 0x89, 0x7E, 0x01, 0x72, 0x8F, 0xFD, 0x26, 0xBD, 0xD9, 0x01, 0x91, 0x27,
    0x33, 0xE9, 0xCA, 0x78, 0x56, 0xEE, 0x1E, 0xF5, 0x15, 0x02, 0xFA, 0xC3, 0x50, 0x5F, 0x31, 0x2F,
    0xEB, 0x2A, 0x13, 0x99, 0x84, 0xF4, 0xC8, 0x05, 0xE4, 0x5F, 0x15, 0x5B, 0x94, 0x3D, 0x5D, 0x0E,
    0x46, 0x97, 0x81, 0xB1, 0xC2, 0x27, 0x15, 0x6E, 0x28, 0x7C, 0x5A, 0xE1, 0xC1, 0x1D, 0xF0, 0x8C,
    0xC2, 0x5A, 0x61, 0x25, 0x70, 0xA2, 0x90, 0xC4, 0x04, 0x40, 0x5A, 0x33, 0x80, 0xC4, 0x59, 0x59,
    0x8C, 0x5C, 0x07, 0xD9, 0x5C, 0x04, 0xDD, 0x72, 0x3F, 0x1C, 0xCC, 0x96, 0x30, 0xAF, 0x95, 0x09,
    0xD6, 0x79, 0x56, 0x26, 0x58, 0xF7, 0x49, 0x9E, 0x28, 0x5B, 0x8E, 0x55, 0xC6, 0x51, 0x68, 0x04,
    0x86, 0x22, 0xB4, 0x10, 0x7C, 0x00, 0xF0, 0x81, 0xBB, 0xCD, 0x14, 0xF7, 0x96, 0x31, 0x9B, 0xB4,
    0x53, 0x9A, 0x03, 0xDB, 0xE0, 0x38, 0xBC, 0x98, 0x3D, 0x5A, 0x7B, 0x3E, 0x4D, 0x7C, 0x6C, 0xBB,
    0x94, 0x21, 0x8B, 0x6B, 0x2C, 0x63, 0x84, 0x10, 0xDD, 0x2C, 0x38, 0x51, 0xC4, 0x4A, 0xFC, 0xC5,
    0x38, 0x65, 0x3C, 0xF9, 0x56, 0x05, 0xA5, 0x89, 0xF1, 0x2D, 0x61, 0xC2, 0xC0, 0x85, 0x74, 0x26,
    0x0B, 0xC6, 0x95, 0x0B, 0x57, 0x84, 0x3B, 0x8E, 0x5C, 0x13, 0xEE, 0x2B, 0x57, 0x7E, 0x9A, 0x70,
    0xB7, 0x03, 0x26, 0xCF, 0xDA, 0x2A, 0x51, 0xB9, 0x69, 0xD0, 0x06, 0xF9, 0xC9, 0xD6, 0x91, 0x63,
    0x60, 0x7F, 0x63, 0x7F, 0xA7, 0x5B, 0x63, 0x68, 0x5F, 0xB5, 0x55, 0xE6, 0xCC, 0x1A, 0x74, 0x1F,
    0xE5, 0xD8, 0x59, 0x47, 0x78, 0x24, 0x5C, 0xDB, 0x36, 0x7C, 0x7F, 0xB1, 0x24, 0x59, 0x7E, 0xEE,
    0x14, 0xDC, 0x9A, 0x58, 0x2B, 0xBF, 0x03, 0x06, 0x8E, 0x84, 0x6E, 0x7E, 0x4F, 0x30, 0x00, 0x52,
    0x4D, 0x19, 0x2F, 0xF8, 0xA6, 0x99, 0xF4, 0x37, 0x61, 0x83, 0x1C, 0xC6, 0xA1, 0xA6, 0xBE, 0x2F,
    0xE9, 0xD7, 0xB5, 0x39, 0x4C, 0x7B, 0xFD, 0x94, 0x28, 0x27, 0xE9, 0xC7, 0xCD, 0xE6, 0x4C, 0x5D,
    0x0F, 0x81, 0x40, 0xFE, 0x1F, 0x3D, 0xEB, 0xAD, 0x6D, 0x30, 0x48, 0xA6, 0xB8, 0x8B, 0x53, 0x5A,
    0x50, 0xE1, 0x82, 0x25, 0x21, 0xEA, 0x28, 0x71, 0x22, 0x52, 0x1C, 0xE3, 0x86, 0xD5, 0x8D, 0xB8,
    0x65, 0x1A, 0xA2, 0xF6, 0x7E, 0xB6, 0x73, 0x18, 0xA7, 0x40, 0x9B, 0x64, 0xC9, 0x12, 0x38, 0x2F,
    0xC3, 0x18, 0x6F, 0x95, 0x60, 0xA7, 0xD8, 0xF7, 0x33, 0xD9, 0x68, 0x12, 0xD5, 0x19, 0xA4, 0xCD,
    0x31, 0x28, 0xA5, 0xB4, 0x4F, 0xA1, 0x3D, 0x08, 0xA9, 0x66, 0x03, 0x2D, 0x5B, 0x50, 0x6C, 0x4A,
    0x9B, 0x06, 0x29, 0xE9, 0xD1, 0x52, 0xF8, 0x15, 0xF3, 0x4D, 0x4F, 0x18, 0x1E, 0x5B, 0x50, 0xFE,
    0x24, 0x80, 0xEA, 0xCF, 0x31, 0x85, 0x7E, 0x6B, 0xF6, 0x39, 0x35, 0x27, 0x14, 0x91, 0xA3, 0x35,
    0x5F, 0x76, 0x1F, 0x1D, 0x54, 0x9A, 0x7C, 0xC6, 0xA9, 0x44, 0xEE, 0x26, 0x71, 0x2F, 0xF2, 0x9B,
    0x3F, 0x89, 0xF5, 0xE3, 0x41, 0xF8, 0x2C, 0xE8, 0x82, 0x62, 0xC8, 0x4A, 0x7B, 0x2B, 0x56, 0x6F,
    0xC2, 0x72, 0xF6, 0xAB, 0x60, 0x0E, 0x39, 0x05, 0x26, 0xA8, 0xE5, 0x1E, 0x30, 0xB8, 0x46, 0x18,
    0x3A, 0x98, 0xEF, 0x80, 0xA9, 0x42, 0x99, 0x1B, 0xD8, 0xA1, 0xC6, 0x70, 0x43, 0xE1, 0x96, 0xC2,
    0x06, 0xF0, 0x21, 0x16, 0xA2, 0xC1, 0xD4, 0x2A, 0x88, 0x97, 0x05, 0x98, 0x1D, 0x8F, 0x41, 0xCA,
    0x33, 0xBA, 0x0D, 0xF1, 0x89, 0x49, 0x57, 0x75, 0x95, 0xB5, 0x4D, 0x51, 0x79, 0xBF, 0xC7, 0x1D,
    0x55, 0xA5, 0xC7, 0x53, 0x3F, 0x44, 0x6D, 0x8C, 0x5A, 0x7D, 0x4B, 0x6D, 0x22, 0x1E, 0xC1, 0x50,
    0xF8, 0x58, 0xAA, 0xE6, 0xE0, 0xA4, 0xC7, 0x0A, 0xC1, 0x98, 0xF2, 0x18, 0xFB, 0x3C, 0x0D, 0xB9,
    0x87, 0x21, 0xFB, 0x3C, 0xF1, 0x2A, 0xFF, 0x7D, 0xC6, 0xBE, 0x4C, 0xE2, 0x94, 0xFF, 0x77, 0xC0,
    0xE8, 0x5E, 0xC1, 0xB7, 0x18, 0x7B, 0x92, 0x6E, 0x1D, 0xC2, 0x87, 0xF0, 0x04, 0xF1, 0xBA, 0x27,
    0xC1, 0xFB, 0x9E, 0xA0, 0x0D, 0xEC, 0x20, 0x30, 0xDE, 0x4E, 0xB6, 0x04, 0xA3, 0x7E, 0x2D, 0x15,
    0x2B, 0x9A, 0x4A, 0x31, 0xE2, 0xD8, 0x3D, 0x56, 0x42, 0x38, 0x38, 0xC2, 0x6F, 0xAD, 0x58, 0x68,
    0x45, 0x60, 0x78, 0x93, 0x7D, 0x17, 0xCC, 0xB6, 0x4D, 0xC7, 0x4B, 0x7E, 0x0A, 0x86, 0x69, 0x26,
    0x4C, 0xAB, 0x15, 0xFD, 0x3B, 0x67, 0x78, 0xA4, 0x3A, 0x5A, 0xD9, 0x9D, 0x39, 0xE5, 0xAB, 0xBD,
    0x90, 0xF6, 0xF3, 0x9E, 0xE2, 0x9F, 0xA3, 0x9D, 0x95, 0x35, 0x32, 0xFE, 0x2C, 0x67, 0x9A, 0xA7,
    0x01, 0xBD, 0x28, 0x2B, 0x27, 0x10, 0xA1, 0xD5, 0xC8, 0xED, 0xB9, 0xF7, 0x37, 0x05, 0xB1, 0x6A,
    0xB6, 0x1C, 0x90, 0x6E, 0x36, 0x3B, 0x71, 0x53, 0x1F, 0xD1, 0x8C, 0x10, 0xDE, 0x51, 0xB1, 0xEC,
    0x79, 0x8B, 0xE3, 0xC5, 0xE0, 0xF7, 0x06, 0x5B, 0xE7, 0xF0, 0x38, 0x66, 0x46, 0xEB, 0x72, 0x6A,
    0x7F, 0x8E, 0x55, 0x10, 0xD7, 0xB2, 0x65, 0xD9, 0x05, 0x64, 0x0E, 0xB8, 0x3B, 0x2C, 0x4B, 0x71,
    0x29, 0x34, 0x00, 0x6C, 0x6A, 0x6C, 0x1A, 0x95, 0x5D, 0x2F, 0xC5, 0x56, 0x47, 0xEB, 0x2F, 0x6B,
    0xC5, 0x72, 0x55, 0xE8, 0x7E, 0xAD, 0x70, 0xA1, 0xF6, 0xCE, 0x01, 0xB6, 0x2B, 0x70, 0x0E, 0x0F,
    0x08, 0xCD, 0x77, 0x26, 0xB4, 0x5A, 0x26, 0x42, 0xA9, 0xB9, 0x12, 0xA1, 0x52, 0x69, 0x67, 0xE0,
    0x06, 0x89, 0x1B, 0xD1, 0xB8, 0x78, 0xF7, 0x05, 0x55, 0x82, 0x6E, 0xE9, 0x77, 0x29, 0xBF, 0xFF,
    0x07, 0xA2, 0xDD, 0x65, 0xDA, 0x4D, 0x6F, 0xB6, 0xED, 0xE4, 0x78, 0x23, 0x93, 0x2D, 0xEA, 0xAA,
    0x3A, 0xFC, 0x6A, 0xE1, 0x8E, 0xC2, 0x3A, 0xD4, 0x0B, 0xD7, 0xAB, 0xBC, 0xD7, 0x8F, 0x04, 0x37,
    0xF4, 0xAD, 0xAB, 0x22, 0xCD, 0x55, 0x90, 0x72, 0xE8, 0x05, 0x4F, 0xB6, 0xC7, 0x2A, 0x8C, 0xFA,
    0x36, 0xEC, 0x78, 0xA3, 0xFB, 0xC2, 0xEB, 0xAA, 0x97, 0x89, 0xA7, 0xE7, 0x6F, 0x95, 0x4A, 0xDC,
    0x7E, 0xD4, 0xA8, 0x0E, 0xA5, 0xDC, 0xD4, 0x88, 0x14, 0xA2, 0x20, 0x5D, 0x01, 0xE3, 0xCF, 0xD8,
    0x39, 0xCC, 0xDF, 0x5B, 0x55, 0xDD, 0xB0, 0x7A, 0xFE, 0x87, 0xBC, 0x23, 0x18, 0xAA, 0x6D, 0x1E,
    0x1E, 0x59, 0x59, 0xAE, 0x05, 0x40, 0x7E, 0x3A, 0x20, 0x16, 0xF2, 0xCC, 0x3A, 0xF3, 0x8C, 0xFE,
    0xBC, 0x74, 0x29, 0x05, 0xCD, 0x31, 0x4F, 0xF2, 0x6C, 0x77, 0x82, 0xAE, 0xE2, 0x11, 0x49, 0x2A,
    0xC8, 0x5D, 0xAC, 0xA2, 0x55, 0xAC, 0xA4, 0xFB, 0x20, 0xEB, 0x4A, 0x36, 0x95, 0x0A, 0x8C, 0xCE,
    0xBC, 0xB8, 0xC3, 0x51, 0xD7, 0x8D, 0xCD, 0x53, 0x76, 0x4F, 0xB0, 0x72, 0x65, 0x2F, 0xCA, 0xAA,
    0x38, 0xC1, 0xF7, 0xFC, 0x8A, 0x3C, 0xE1, 0xE5, 0x29, 0xDE, 0x76, 0x39, 0xE1, 0x31, 0x25, 0x31,
    0xBA, 0x90, 0x77, 0x61, 0x7E, 0x9B, 0x2D, 0x88, 0x63, 0x93, 0x4C, 0x07, 0x9B, 0x96, 0xDC, 0xF0,
    0xA5, 0xD7, 0x87, 0xFE, 0xF8, 0x42, 0xAE, 0xE5, 0xF4, 0x1C, 0x7A, 0x5D, 0x06, 0xCE, 0x13, 0x2D,
    0x30, 0x0F, 0x17, 0x6C, 0xE9, 0x4A, 0x48, 0xB9, 0xE1, 0x7B, 0x87, 0xE9, 0xD3, 0x70, 0x45, 0x86,
    0xE6, 0x29, 0xC0, 0x29, 0x34, 0x23, 0xD9, 0xCF, 0xEF, 0x34, 0x9C, 0xF4, 0xEA, 0x80, 0x48, 0x5E,
    0x87, 0x65, 0x29, 0x7A, 0xAB, 0x62, 0xDC, 0x67, 0xCD, 0x00, 0x08, 0xA9, 0xE3, 0x39, 0xBD, 0x42,
    0xBF, 0x42, 0xF4, 0x70, 0xCE, 0x8C, 0x69, 0x69, 0x40, 0xD6, 0x0B, 0x31, 0x43, 0x4C, 0xD4, 0x4F,
    0x43, 0xAB, 0x2C, 0xB3, 0x87, 0x21, 0xE3, 0x91, 0xFA, 0xE4, 0xC3, 0x4B, 0xCB, 0x6C, 0x12, 0xFB,
    0x1C, 0xF1, 0x49, 0x08, 0x66, 0xF0, 0xAC, 0x10, 0x55, 0xC7, 0x56, 0xBD, 0x2C, 0x49, 0x07, 0x2E,
    0x0D, 0x06, 0x0D, 0x17, 0x8C, 0x22, 0xB4, 0x52, 0x32, 0x45, 0x52, 0xB9, 0x26, 0x72, 0x48, 0xFF,
    0xDD, 0x98, 0x7F, 0x09, 0xBC, 0x15, 0x56, 0x6C, 0xB2, 0x66, 0x78, 0x68, 0xFF, 0x1A, 0xF4, 0x71,
    0x62, 0xB1, 0x1F, 0x4C, 0xDD, 0xAB, 0xF2, 0x8C, 0x77, 0x97, 0xE9, 0xD7, 0x54, 0x2F, 0xE1, 0x41,
    0x58, 0xF1, 0xF2, 0xD0, 0xE8, 0xAC, 0x99, 0x35, 0xA2, 0x09, 0x26, 0xF8, 0x92, 0x07, 0x75, 0xC2,
    0x6C, 0x0C, 0xDB, 0x70, 0x22, 0xFB, 0x3A, 0x7F, 0x89, 0x10, 0xD9, 0x43, 0x2A, 0xB1, 0x23, 0xB2,
    0x6A, 0x18, 0x94, 0xBA, 0x46, 0xC5, 0xBD, 0x41, 0x32, 0xD1, 0x86, 0x3E, 0xB3, 0xAC, 0x55, 0x01,
    0xFD, 0xBD, 0x9B, 0x13, 0x9D, 0x94, 0x89, 0xD2, 0x80, 0xCA, 0x34, 0x63, 0xF3, 0x21, 0x21, 0x0B,
    0xF7, 0x91, 0xBC, 0xAA, 0xFF, 0x5B, 0xA5, 0x8C, 0xA0, 0x54, 0x92, 0x89, 0x20, 0x78, 0x41, 0x5A,
    0x13, 0x27, 0xA9, 0x69, 0x44, 0x56, 0x12, 0xB3, 0x60, 0x0D, 0x39, 0x52, 0x09, 0x2B, 0x2E, 0x55,
    0x38, 0x2F, 0x80, 0x94, 0xF4, 0xEE, 0xB0, 0x36, 0xD5, 0xCC, 0x89, 0xC1, 0x8D, 0xCD, 0xC3, 0xF2,
    0xBC, 0xFB, 0x44, 0x2F, 0x25, 0xF5, 0x54, 0xFD, 0x60, 0x1D, 0x5D, 0xB6, 0x3D, 0xB1, 0x6A, 0x25,
    0x4E, 0x84, 0xF9, 0x0A, 0x83, 0xAE, 0x3F, 0xCD, 0x30, 0x85, 0x59, 0x2E, 0xB1, 0xE7, 0x0E, 0xE8,
    0x76, 0x3B, 0xB2, 0x12, 0xF3, 0xD0, 0xE8, 0xC4, 0x4F, 0x1C, 0x01, 0x38, 0xC7, 0x40, 0x73, 0x15,
    0xE8, 0x2C, 0x5D, 0x5F, 0x61, 0xE1, 0x8D, 0x6D, 0x22, 0x74, 0xDF, 0x8A, 0xF5, 0x7A, 0x16, 0xDD,
    0xD8, 0x16, 0x22, 0xEA, 0x8A, 0x6A, 0x5E, 0x2A, 0x2A, 0x5F, 0x1F, 0xD4, 0xEF, 0x15, 0xAD, 0x40,
    0x9A, 0xE6, 0x48, 0xA4, 0x61, 0xE1, 0x5E, 0xF4, 0xA0, 0xDF, 0x8B, 0x3E, 0xD2, 0x4D, 0x76, 0xB0,
    0xBB, 0x1B, 0x85, 0x23, 0x36, 0x99, 0xAA, 0x41, 0x65, 0x31, 0x52, 0xCB, 0x52, 0x92, 0x51, 0xD9,
    0x77, 0x9C, 0xF0, 0x93, 0xAD, 0x65, 0xDF, 0x31, 0x33, 0xB0, 0x8C, 0x8D, 0x24, 0x16, 0x26, 0x2B,
    0x16, 0x8A, 0xD4, 0x9C, 0xC9, 0x3C, 0x27, 0xE9, 0xEE, 0x61, 0xD4, 0x1A, 0x26, 0x2D, 0x66, 0x0A,
    0x99, 0x35, 0x91, 0xF3, 0x63, 0xDB, 0x73, 0x59, 0x8F, 0x36, 0xAB, 0xAA, 0x7D, 0x4A, 0x42, 0xFE,
    0x5A, 0xBA, 0xC6, 0xA1, 0x1E, 0x7F, 0xA0, 0x4F, 0x13, 0xF5, 0xA6, 0x92, 0x7A, 0x3E, 0xD5, 0xC0,
    0x0F, 0xD8, 0x85, 0x5B, 0xE3, 0x50, 0xB5, 0x4E, 0xDF, 0x9B, 0x68, 0xCB, 0xC3, 0xB7, 0xF9, 0x82,
    0xFD, 0xA7, 0x4D, 0x5A, 0x30, 0xC3, 0xF0, 0x35, 0x7B, 0x0D, 0x5F, 0x3C, 0xD8, 0x95, 0x83, 0x01,
    0x75, 0xCE, 0x9C, 0x91, 0x1F, 0xE7, 0x9A, 0xD0, 0x21, 0x18, 0xC2, 0xE4, 0x0F, 0x41, 0x14, 0xD7,
    0x45, 0xA5, 0x90, 0x6F, 0x9B, 0xA8, 0x69, 0x66, 0x4B, 0x14, 0x52, 0xF8, 0xEB, 0x19, 0xBE, 0xAC,
    0xF0, 0x6B, 0x0A, 0xCD, 0x35, 0xC0, 0x0F, 0x71, 0xA7, 0x50, 0x7B, 0x14, 0xDA, 0x57, 0x54, 0xF9,
    0x4D, 0x63, 0xD1, 0x7A, 0xD3, 0x50, 0x82, 0xF1, 0xD2, 0xA9, 0xC4, 0x3E, 0xA5, 0xFE, 0x55, 0x20,
    0x04, 0x3B, 0xF7, 0xBD, 0x88, 0xD9, 0x42, 0x0E, 0xD9, 0x84, 0xA3, 0xB6, 0x26, 0x1C, 0xBD, 0xB0,
    0x1C, 0xE2, 0x03, 0xBC, 0x91, 0x51, 0xC5, 0x99, 0x96, 0x6A, 0xE8, 0x58, 0x62, 0x5B, 0x62, 0xF6,
    0x9F, 0x8B, 0xB8, 0x31, 0x58, 0x97, 0x8C, 0xBA, 0x47, 0xC6, 0xD6, 0x9B, 0x1B, 0xC5, 0xE0, 0xF7,
    0x71, 0xE1, 0x1D, 0x73, 0x35, 0x02, 0xF1, 0xBE, 0xA3, 0xD7, 0xD1, 0x5E, 0xE9, 0x84, 0x7E, 0x3B,
    0x60, 0xA9, 0x62, 0xD4, 0xAB, 0x6B, 0xC2, 0xC6, 0xDF, 0xED, 0xEF, 0xDC, 0x68, 0x3F, 0x48, 0x4A,
    0x55, 0x9B, 0xD3, 0x49, 0xE6, 0xCD, 0x76, 0x3B, 0xB1, 0xCE, 0xEA, 0x74, 0xDF, 0xAA, 0xD9, 0x09,
    0x04, 0x50, 0x8B, 0x60, 0xB6, 0x7D, 0x9D, 0x2A, 0xC2, 0x9E, 0x40, 0xBC, 0x5E, 0x4E, 0xBF, 0x46,
    0xBF, 0x7B, 0x5F, 0x4F, 0xEF, 0xF9, 0xD1, 0xDD, 0x54, 0xDD, 0x41, 0x7B, 0x82, 0xFE, 0x4A, 0xD7,
    0x33, 0xE9, 0x96, 0xF6, 0xC9, 0x48, 0x87, 0x9C, 0xD7, 0xCB, 0xEC, 0x87, 0x29, 0x59, 0x14, 0x12,
    0xFA, 0xEC, 0x04, 0x0F, 0x48, 0xB2, 0x00, 0xF7, 0x4A, 0x52, 0xE8, 0x26, 0x47, 0x0C, 0x94, 0xE9,
    0x2D, 0x11, 0x95, 0xDF, 0x90, 0x37, 0x3E, 0x25, 0xAA, 0xC7, 0x83, 0x3B, 0xF4, 0x8A, 0x43, 0x00,
    0x53, 0x66, 0xF4, 0xA9, 0xF8, 0x73, 0x52, 0xB1, 0x19, 0xA4, 0x93, 0x8B, 0x87, 0x19, 0x78, 0xB9,
    0xD7, 0x25, 0x2B, 0x8A, 0x88, 0xC6, 0x0F, 0xAA, 0xE5, 0xCD, 0x02, 0xF0, 0x83, 0x1A, 0x79, 0x6C,
    0x2B, 0xF6, 0xE7, 0x02, 0x01, 0x8D, 0xAC, 0x8D, 0x14, 0x90, 0x29, 0x10, 0x94, 0x3A, 0x55, 0x61,
    0x0C, 0x66, 0x66, 0x9D, 0x95, 0xEF, 0x7F, 0xE0, 0x66, 0x26, 0xC0, 0xF2, 0xC4, 0xEC, 0x14, 0x9D,
    0xD8, 0x19, 0x79, 0x7B, 0x14, 0xB3, 0x4C, 0xA1, 0x7A, 0xA0, 0xD8, 0x04, 0x59, 0x09, 0xCC, 0xC4,
    0x4C, 0x98, 0x69, 0xE8, 0x51, 0x21, 0x0A, 0x66, 0x04, 0x17, 0xA2, 0xE7, 0x42, 0x5F, 0xD5, 0xAE,
    0xE7, 0xD0, 0x85, 0xC8, 0xF5, 0x45, 0x83, 0x65, 0xC6, 0x6B, 0x52, 0x0D, 0x80, 0x40, 0x65, 0x4B,
    0xF4, 0x77, 0xA0, 0xDD, 0x0B, 0x3D, 0x2A, 0xD7, 0x0A, 0x8A, 0x05, 0xED, 0xE3, 0x66, 0x78, 0x04,
    0xDB, 0x42, 0x14, 0x45, 0xFF, 0x31, 0x85, 0x98, 0x8F, 0xA2, 0x51, 0x1D, 0x5B, 0xDE, 0xB7, 0x81,
    0x89, 0x01, 0xBD, 0xE8, 0xC4, 0xC2, 0x8F, 0xBE, 0xE5, 0xE2, 0x86, 0xEC, 0xA8, 0xC7, 0xA4, 0x82,
    0x95, 0xA2, 0x90, 0x66, 0x18, 0x30, 0x37, 0x3A, 0x3D, 0x73, 0xDB, 0xAF, 0x0A, 0x9D, 0xB7, 0x99,
    0xB2, 0x2F, 0x6E, 0xA2, 0x52, 0x43, 0x44, 0xD4, 0x00, 0xCB, 0x89, 0x1A, 0x31, 0xAD, 0x18, 0x7A,
    0x27, 0x0A, 0xE1, 0xD5, 0xB9, 0x02, 0xF4, 0xF4, 0x3A, 0xF7, 0x3D, 0x7E, 0x37, 0xB1, 0x35, 0xDA,
    0xBF, 0x11, 0x11, 0xB5, 0x50, 0x51, 0xD5, 0x7E, 0x24, 0xB6, 0x4A, 0x3B, 0xD7, 0x10, 0xA4, 0x5C,
    0xAE, 0x97, 0xE5, 0x09, 0xDF, 0x2D, 0xEE, 0xD7, 0xE8, 0xFD, 0xE5, 0x7E, 0x81, 0x3E, 0xC7, 0x85,
    0x2E, 0x25, 0x2C, 0xC0, 0x2D, 0xB5, 0xCF, 0xBC, 0x1A, 0x6A, 0x58, 0x8D, 0x33, 0xE6, 0x24, 0xD4,
    0x9F, 0xF5, 0xD7, 0x35, 0x0C, 0x78, 0xDA, 0x81, 0x68, 0x49, 0x15, 0xB9, 0xC4, 0xAA, 0x68, 0x49,
    0xE3, 0x94, 0xB0, 0x93, 0xAE, 0xC8, 0xA9, 0x79, 0xD9, 0xC0, 0x5D, 0x97, 0xE9, 0x7B, 0x43, 0x62,
    0xF7, 0x78, 0x34, 0xC2, 0x9A, 0xAF, 0x5B, 0x50, 0x53, 0xCC, 0xD9, 0x9F, 0xCA, 0x18, 0xBD, 0x77,
    0xBD, 0x9D, 0xD9, 0x0B, 0xB6, 0x8C, 0xBB, 0x80, 0x48, 0xFC, 0xA8, 0x77, 0x4C, 0x25, 0x62, 0x03,
    0x97, 0xF7, 0x7A, 0x01, 0xF6, 0x59, 0xC9, 0x60, 0x27, 0x12, 0x42, 0xCB, 0x6F, 0x67, 0x8F, 0x1A,
    0x9F, 0x23, 0xDA, 0x60, 0xF7, 0x84, 0x7E, 0x06, 0x1D, 0x20, 0x7E, 0xA6, 0xD8, 0x36, 0xC9, 0xB7,
    0x39, 0x14, 0xDA, 0x7E, 0x8B, 0x74, 0x17, 0x9A, 0xF3, 0x39, 0xCD, 0xAF, 0xAD, 0x88, 0x28, 0x8B,
    0x25, 0xBD, 0x53, 0x56, 0x53, 0x93, 0x34, 0x68, 0x12, 0x34, 0xB5, 0x36, 0x35, 0x91, 0x70, 0xB2,
    0x0C, 0x89, 0x1E, 0x2A, 0x92, 0x53, 0x8B, 0xB9, 0x4F, 0x63, 0x47, 0xDC, 0xE0, 0xC3, 0x4E, 0x8D,
    0xFB, 0x1E, 0x2D, 0x91, 0xC7, 0x7E, 0xFE, 0x8B, 0x63, 0x58, 0x94, 0xB4, 0x3B, 0xFC, 0x3D, 0x1B,
    0x9A, 0xCB, 0xAC, 0x62, 0xCD, 0xA8, 0x6F, 0x32, 0xFA, 0xDD, 0xDB, 0x36, 0xF7, 0x2D, 0xFC, 0x51,
    0xB0, 0x45, 0x97, 0xC5, 0x92, 0x3F, 0x6D, 0x76, 0x37, 0x05, 0x8B, 0x22, 0x76, 0x9E, 0xF4, 0x0A,
    0xD1, 0x6C, 0x36, 0x3B, 0xC3, 0xF6, 0xF1, 0xD0, 0x9E, 0x27, 0x6A, 0x4E, 0xCF, 0xD0, 0xBF, 0x83,
    0xF4, 0xEF, 0x71, 0xFA, 0xF7, 0x08, 0x5B, 0xE0, 0xAE, 0xF6, 0x2F, 0x86, 0xB7, 0x4B, 0x98, 0xE1,
    0xE4, 0xFC, 0x6C, 0x76, 0x22, 0x9D, 0x08, 0x03, 0x89, 0xCF, 0xC3, 0xF8, 0x8B, 0x49, 0x09, 0xA9,
    0x83, 0xC0, 0x77, 0xB4, 0x31, 0xDA, 0x27, 0xD1, 0x6E, 0xA0, 0x7D, 0x1A, 0xED, 0x41, 0xB4, 0x5B,
    0x68, 0x6B, 0x6E, 0x27, 0x15, 0xDF, 0xA7, 0x18, 0x3C, 0xB4, 0x65, 0x41, 0x3B, 0x62, 0x06, 0x6F,
    0x6C, 0x9C, 0x6F, 0xC0, 0xD4, 0x8D, 0x16, 0x0E, 0x82, 0xD0, 0x3C, 0x81, 0xF6, 0x3E, 0x8D, 0xE4,
    0xE3, 0xDD, 0x33, 0xA1, 0xF1, 0xF4, 0xBA, 0x09, 0x0D, 0x11, 0xED, 0x0B, 0x1C, 0x4F, 0x44, 0xBB,
    0xEA, 0xA5, 0x19, 0x6F, 0xD1, 0xF4, 0xB2, 0xC9, 0xC5, 0xCD, 0x4D, 0x8D, 0x4E, 0x1D, 0x1A, 0x25,
    0x7E, 0x8F, 0x59, 0x58, 0x48, 0x5B, 0xF1, 0x25, 0xB6, 0xFE, 0xDA, 0x56, 0x83, 0x93, 0x99, 0x40,
    0xCD, 0xFA, 0xF1, 0x91, 0x00, 0x18, 0x2E, 0xBD, 0x4B, 0xB3, 0xA3, 0x7E, 0x6B, 0xE2, 0x96, 0x2E,
    0x59, 0x84, 0x4E, 0xAB, 0xE5, 0xF6, 0x42, 0x1E, 0x76, 0x66, 0xA3, 0x30, 0x9E, 0x5F, 0x12, 0x72,
    0xFA, 0x3E, 0xF6, 0x83, 0x12, 0x02, 0x99, 0x65, 0x19, 0x76, 0xE2, 0xF7, 0xDC, 0x78, 0xA1, 0x3B,
    0x9C, 0x3B, 0x37, 0xE7, 0x02, 0xD2, 0xFA, 0xFB, 0x5D, 0x21, 0x6B, 0x2C, 0xEC, 0xE0, 0x0B, 0x0C,
    0xDB, 0xB0, 0x43, 0x38, 0x19, 0xA7, 0x46, 0x04, 0xBC, 0xCC, 0x33, 0xFE, 0x3A, 0x8C, 0x72, 0x55,
    0xD8, 0x79, 0x30, 0x9F, 0xCE, 0x43, 0xEC, 0xB8, 0x87, 0x6D, 0x5E, 0xF0, 0x4E, 0x98, 0xDB, 0xD6,
    0x87, 0x30, 0x50, 0xEE, 0x17, 0x81, 0xE5, 0x2F, 0x60, 0x5C, 0x22, 0xF9, 0x61, 0x11, 0xE7, 0xB6,
    0xDE, 0xA0, 0x4E, 0x1E, 0xA4, 0x7F, 0x4F, 0x81, 0x0B, 0x51, 0xAF, 0x37, 0x99, 0x82, 0x40, 0xEF,
    0x6A, 0xE9, 0xCD, 0xDA, 0xA3, 0xB4, 0xB3, 0x9C, 0xA2, 0x7F, 0xA7, 0x49, 0x01, 0x7F, 0x93, 0xDD,
    0x28, 0xFF, 0x97, 0x7D, 0xA9, 0x34, 0xAC, 0x2F, 0x1D, 0x35, 0x4F, 0xCE, 0xCE, 0x44, 0xB3, 0x37,
    0x63, 0xDB, 0x44, 0xFC, 0x9C, 0xB9, 0x30, 0x2E, 0xF9, 0x3B, 0x45, 0x1B, 0xA2, 0x4D, 0xD0, 0xB6,
    0xDC, 0xBE, 0xF3, 0x3B, 0x6E, 0xDF, 0x7D, 0x9B, 0xDB, 0xF7, 0x9F, 0xE1, 0x96, 0x5E, 0x9C, 0xDA,
    0x1A, 0x6D, 0x85, 0xB6, 0xF4, 0x38, 0xD8, 0x91, 0x90, 0x79, 0xC0, 0x42, 0x74, 0x9D, 0xD8, 0x26,
    0xDE, 0x11, 0xA9, 0x49, 0x34, 0xF1, 0x20, 0x64, 0xC4, 0xA3, 0x34, 0x40, 0x4B, 0xC3, 0x3C, 0xB9,
    0xF1, 0xCB, 0x3E, 0x06, 0x4C, 0xAE, 0x3E, 0xD0, 0xB3, 0xCB, 0x3B, 0xF3, 0x9E, 0x1E, 0x3D, 0x77,
    0x46, 0x1C, 0x28, 0x26, 0xC2, 0x61, 0xD3, 0x3F, 0x7B, 0xBF, 0x27, 0x88, 0xE3, 0xA4, 0x36, 0xC8,
    0x79, 0x67, 0x8B, 0x98, 0x39, 0xB3, 0x67, 0x76, 0x62, 0xFF, 0xB9, 0x11, 0x3E, 0xCE, 0xED, 0x05,
    0x9A, 0xDD, 0x89, 0x3D, 0x0B, 0xDF, 0xCB, 0x3B, 0x96, 0x15, 0xFC, 0x92, 0x78, 0x12, 0xB5, 0x05,
    0xAB, 0x8F, 0x65, 0x82, 0x5D, 0x91, 0x1D, 0x20, 0xB6, 0x0E, 0xE1, 0x7B, 0x9A, 0xC8, 0x2A, 0x7C,
    0x6C, 0xDB, 0x6C, 0xD0, 0xA2, 0x06, 0xE7, 0x62, 0xC3, 0x05, 0xD2, 0x0A, 0x3C, 0x26, 0xC7, 0x95,
    0x76, 0x32, 0x6E, 0xE7, 0xDC, 0x12, 0x69, 0xEE, 0x68, 0xA7, 0xDC, 0xFE, 0x59, 0x40, 0xB4, 0x6F,
    0xB2, 0x9F, 0xF2, 0xD6, 0x05, 0xB2, 0x91, 0x50, 0x9D, 0x79, 0xC2, 0xBE, 0xAE, 0x6A, 0x1F, 0x08,
    0x36, 0x3A, 0x9F, 0x1B, 0xEF, 0x7B, 0xA7, 0x03, 0x90, 0xDF, 0x52, 0xED, 0x44, 0x6C, 0xDA, 0xD2,
    0xED, 0x8E, 0x85, 0x00, 0x44, 0x34, 0x1B, 0xF3, 0xB1, 0x85, 0xE8, 0xF1, 0x07, 0x9B, 0x13, 0x66,
    0x68, 0x84, 0xFF, 0x48, 0xA0, 0xB2, 0xBF, 0x79, 0x8F, 0xBA, 0x5B, 0x15, 0x7F, 0x38, 0x4B, 0xDB,
    0x41, 0x95, 0xD8, 0x6F, 0xD8, 0x7C, 0x52, 0xC5, 0xD6, 0x67, 0xC0, 0xF4, 0x9D, 0xFB, 0x8B, 0xA0,
    0x61, 0x50, 0xF9, 0xCC, 0xC5, 0x82, 0xDA, 0xA7, 0xC1, 0x5E, 0x64, 0xF6, 0x95, 0xAA, 0x80, 0xDD,
    0x23, 0xC5, 0x04, 0x9F, 0xA6, 0x39, 0xC6, 0x04, 0xD0, 0x35, 0x73, 0xCC, 0x4A, 0x79, 0xC5, 0x96,
    0xF9, 0x88, 0x6B, 0xAF, 0x74, 0xBD, 0xFC, 0xC5, 0x04, 0x2F, 0xE9, 0xFE, 0xC9, 0xAA, 0x75, 0x18,
    0x7E, 0x82, 0x82, 0x8D, 0x01, 0x2D, 0x31, 0xC4, 0x90, 0xA8, 0x63, 0x1E, 0xB3, 0x45, 0x98, 0xB8,
    0x48, 0xB1, 0xE4, 0xED, 0xA7, 0xB1, 0x97, 0x6D, 0x68, 0x37, 0x58, 0xD2, 0x36, 0x91, 0x54, 0xB4,
    0xF6, 0x32, 0x9E, 0x05, 0xE6, 0xE3, 0xEF, 0x75, 0xEA, 0xD2, 0xE5, 0xCD, 0x8F, 0xC8, 0x67, 0x36,
    0x7B, 0x03, 0xDA, 0x4B, 0xED, 0xDB, 0xF3, 0x27, 0xF9, 0x02, 0x22, 0xD8, 0xF4, 0x66, 0xB5, 0xD4,
    0xA5, 0x88, 0xC9, 0xA7, 0x29, 0xEC, 0x6A, 0xEA, 0x4D, 0x90, 0x1F, 0xDE, 0x36, 0xEB, 0xF6, 0xC7,
    0x10, 0x4A, 0x49, 0x04, 0xA1, 0x39, 0x27, 0x61, 0x90, 0x9D, 0x62, 0x53, 0x1D, 0x9A, 0x85, 0x8F,
    0x38, 0x64, 0xE6, 0x3E, 0x97, 0x6D, 0x17, 0x68, 0xFB, 0xA1, 0xE4, 0x1D, 0x8E, 0x68, 0x3F, 0xE0,
    0x9D, 0xAA, 0xCD, 0x96, 0xD8, 0xAF, 0xD8, 0xBA, 0xF8, 0x2E, 0x32, 0x60, 0x4A, 0x73, 0x3D, 0x6D,
    0x0C, 0xA3, 0x65, 0x26, 0xAB, 0x8D, 0xE9, 0x8D, 0x3D, 0x4E, 0x17, 0xB3, 0x26, 0x5C, 0x4C, 0x9B,
    0xB8, 0x34, 0x4B, 0x8E, 0xDC, 0x81, 0x19, 0x6C, 0xE7, 0xBF, 0x05, 0xB2, 0x8E, 0xEE, 0xCF, 0x5A,
    0x73, 0x24, 0xC1, 0xCE, 0xC7, 0x01, 0x20, 0xFC, 0x9A, 0x74, 0xA7, 0xFD, 0x47, 0xA5, 0xF7, 0xBC,
    0x84, 0x10, 0x19, 0xB3, 0x4C, 0x4E, 0xDA, 0x0F, 0x2B, 0xDA, 0x12, 0x4D, 0xF5, 0x32, 0x37, 0xA7,
    0xA8, 0x39, 0xC5, 0xCD, 0xD7, 0x24, 0x95, 0xE9, 0x1A, 0x1A, 0xF0, 0xE9, 0x18, 0x2E, 0x3E, 0x47,
    0x39, 0x2F, 0xCD, 0x8E, 0xBF, 0x34, 0xE3, 0xA8, 0x91, 0x0C, 0xFE, 0xA6, 0x90, 0x47, 0xA2, 0x44,
    0x74, 0x5F, 0x19, 0x94, 0xB4, 0xC3, 0x2C, 0xD8, 0x08, 0x4D, 0x1C, 0x1D, 0xF9, 0x54, 0xB1, 0xD1,
    0xDC, 0x17, 0xE2, 0xFA, 0x07, 0x11, 0x4F, 0x7C, 0x5A, 0xAD, 0x92, 0x22, 0x56, 0x71, 0x3B, 0x97,
    0x68, 0x25, 0xEC, 0x1E, 0xE2, 0xFB, 0x96, 0x6E, 0xA0, 0x3D, 0x38, 0x0A, 0x30, 0x86, 0xE8, 0x26,
    0x36, 0x6B, 0xD1, 0x93, 0xC5, 0xA0, 0x09, 0x71, 0x46, 0x82, 0x1C, 0x0B, 0x3B, 0x78, 0x28, 0x24,
    0xF4, 0x24, 0xD8, 0x11, 0x2C, 0xB9, 0x35, 0x0E, 0xBD, 0xD4, 0x2E, 0x69, 0xFA, 0x57, 0x78, 0x75,
    0x70, 0x58, 0xC3, 0x53, 0xC4, 0xB5, 0xFE, 0x7E, 0x0B, 0x0E, 0x17, 0x36, 0xB4, 0x5C, 0x82, 0x06,
    0x39, 0x80, 0x61, 0x1D, 0x36, 0x24, 0x0E, 0xC5, 0x24, 0x18, 0x11, 0xB9, 0x24, 0xD5, 0x08, 0xA4,
    0x2B, 0x00, 0xB2, 0x13, 0x03, 0xFA, 0x02, 0xC9, 0x87, 0x11, 0x7D, 0x99, 0x5E, 0x2A, 0xE8, 0xE8,
    0x2E, 0x3C, 0xA0, 0xDF, 0x6E, 0x92, 0x05, 0xE2, 0x6D, 0xB8, 0x5B, 0x81, 0x4A, 0xAD, 0x71, 0x7B,
    0xAD, 0xEF, 0xB9, 0x27, 0x88, 0x9D, 0xDD, 0x6C, 0xDE, 0x87, 0x7A, 0xC7, 0xB3, 0x37, 0x5F, 0x7A,
    0x8B, 0x58, 0x5C, 0x43, 0x3A, 0x11, 0x31, 0xF8, 0x10, 0xF6, 0x6A, 0x1E, 0xCF, 0xA2, 0x66, 0xE3,
    0x7D, 0xD2, 0x40, 0x30, 0xB1, 0x67, 0x76, 0xCD, 0x99, 0x48, 0xCD, 0x7C, 0xDF, 0x08, 0xBE, 0xCD,
    0x0D, 0x58, 0xB6, 0x99, 0xBF, 0x99, 0xC9, 0x92, 0xE5, 0xF1, 0x69, 0xC5, 0xEA, 0x43, 0x5C, 0x07,
    0xAC, 0x42, 0x77, 0xB1, 0xB3, 0x27, 0xF3, 0x56, 0xF6, 0xCB, 0xD9, 0x32, 0x66, 0x53, 0xCA, 0x92,
    0xB7, 0x7B, 0x12, 0x62, 0x99, 0x3D, 0x99, 0x4F, 0xDE, 0xE2, 0x6E, 0xFF, 0x59, 0xDC, 0x41, 0x89,
    0x75, 0xC9, 0x11, 0x6A, 0x3B, 0x6D, 0x47, 0x64, 0x74, 0x66, 0x44, 0x08, 0x42, 0x5E, 0x5F, 0xF9,
    0xD1, 0xEC, 0xF8, 0x2F, 0x67, 0xC7, 0x12, 0x5B, 0xC3, 0xDE, 0x55, 0xC2, 0x9C, 0x91, 0x87, 0x7C,
    0xCF, 0xCB, 0xB5, 0xBC, 0xBD, 0x78, 0xF6, 0x22, 0x13, 0x5C, 0x81, 0x5D, 0x2F, 0xE8, 0xBE, 0x6D,
    0xC7, 0x71, 0x4C, 0x3B, 0xDB, 0xC3, 0x3C, 0xEC, 0x5E, 0x1F, 0x85, 0x48, 0x1C, 0xFF, 0x97, 0xB3,
    0xDF, 0x9E, 0x3F, 0x91, 0x13, 0xFB, 0x82, 0xC9, 0x2D, 0x97, 0x7B, 0x8A, 0xEF, 0x80, 0x3D, 0x14,
    0xF5, 0xED, 0x41, 0xE6, 0xB4, 0x0F, 0x67, 0xB5, 0xF3, 0xF3, 0x76, 0xBD, 0xE7, 0xB7, 0x34, 0x83,
    0xF4, 0x71, 0xFA, 0xD2, 0x89, 0xF7, 0xCE, 0x9F, 0x64, 0xCF, 0x8D, 0xB5, 0xEF, 0x59, 0x74, 0x3F,
    0x82, 0xAA, 0xC4, 0xF7, 0xE9, 0x98, 0x23, 0xDD, 0x16, 0x64, 0x1E, 0xF3, 0x43, 0x53, 0x7D, 0x55,
    0x08, 0x0E, 0x2E, 0x3A, 0x40, 0xF4, 0x7B, 0xF7, 0xCE, 0x91, 0x43, 0xC2, 0xDD, 0x48, 0xDE, 0xEF,
    0x11, 0x4E, 0x16, 0x33, 0x3D, 0xDB, 0x3C, 0x6E, 0x24, 0xB0, 0xC7, 0x24, 0x6C, 0xB7, 0x30, 0x07,
    0x7D, 0x6E, 0x4F, 0xA3, 0x3D, 0x85, 0xF6, 0x10, 0x5A, 0x7A, 0x95, 0xFF, 0x76, 0x4C, 0xC2, 0xF8,
    0xB8, 0xFD, 0x35, 0xB6, 0x81, 0x57, 0x58, 0x60, 0x21, 0x81, 0x75, 0xEF, 0xF6, 0x55, 0x7A, 0xC9,
    0x00, 0x72, 0xD1, 0x28, 0x10, 0xF5, 0xB1, 0x9F, 0x1F, 0x37, 0xC1, 0x6C, 0x96, 0xC7, 0xA2, 0x1D,
    0xE7, 0xBE, 0xDA, 0x09, 0xC4, 0x5D, 0xB4, 0xBC, 0x02, 0xFC, 0x3F, 0xC7, 0x04, 0x72, 0x8C, 0x12,
    0xC3, 0xF7, 0x68, 0x30, 0xF0, 0x39, 0x6D, 0xDD, 0x80, 0xC5, 0x72, 0x6F, 0xA8, 0x9F, 0xBF, 0x4D,
    0xD7, 0x73, 0x94, 0xC2, 0xC7, 0xF4, 0x62, 0x98, 0x72, 0x92, 0xC3, 0x86, 0x19, 0xE7, 0xF7, 0x82,
    0x36, 0x2B, 0x4F, 0xDC, 0xBB, 0xA1, 0x57, 0xC0, 0xF3, 0xF1, 0x70, 0xDC, 0xD9, 0xE9, 0x6E, 0x43,
    0xC3, 0xBF, 0xA3, 0x47, 0xF1, 0x73, 0xF2, 0xA4, 0xEF, 0xF7, 0x44, 0xF4, 0xE4, 0xB4, 0xF8, 0xD0,
    0xCE, 0x5B, 0xD2, 0x90, 0x6A, 0xE2, 0x7E, 0xA4, 0xEE, 0x36, 0x73, 0x38, 0x3C, 0x88, 0x05, 0xB6,
    0x11, 0x1C, 0x21, 0x6F, 0x40, 0x1A, 0x0D, 0xDB, 0x94, 0x3E, 0xAB, 0x4C, 0x54, 0xB3, 0xAC, 0xC1,
    0x9A, 0x66, 0xF6, 0x21, 0x5B, 0x15, 0x49, 0xBB, 0x99, 0x0D, 0x01, 0x1A, 0x8F, 0xCD, 0x5E, 0x17,
    0x6B, 0x04, 0xCB, 0xB9, 0x12, 0x8C, 0x11, 0x34, 0x71, 0x03, 0x39, 0x93, 0xA4, 0x30, 0x48, 0x9D,
    0xB4, 0x53, 0x32, 0xB3, 0x29, 0x16, 0xB2, 0xA3, 0x5B, 0x07, 0xE7, 0x10, 0xA9, 0x3F, 0xE4, 0x66,
    0xCE, 0x22, 0x95, 0xC0, 0x0F, 0x59, 0xDE, 0x25, 0xF8, 0xB6, 0x13, 0xB6, 0xD1, 0x41, 0x85, 0x7C,
    0x9F, 0x8C, 0x7A, 0xC8, 0xF7, 0x8D, 0xC1, 0xB8, 0x39, 0x88, 0xE0, 0xE4, 0x92, 0x87, 0xD2, 0x73,
    0x81, 0x23, 0xFB, 0xA1, 0x9B, 0xEF, 0x9F, 0x7D, 0xE7, 0x28, 0x04, 0xE3, 0x05, 0x6B, 0x40, 0x96,
    0x99, 0x6A, 0xC0, 0x6D, 0x3D, 0x6A, 0xF1, 0x9B, 0xA8, 0x0D, 0xAC, 0x13, 0xA1, 0x99, 0xA7, 0x30,
    0xFE, 0x2E, 0x6C, 0x5B, 0x01, 0xD2, 0x96, 0x87, 0x2B, 0x8B, 0x1A, 0x4C, 0x8F, 0xD4, 0x22, 0x0E,
    0x65, 0x80, 0xAE, 0xC4, 0x16, 0x83, 0x7D, 0x62, 0x0B, 0xF8, 0x33, 0xA3, 0x3E, 0x34, 0x93, 0xCC,
    0x25, 0xCD, 0x44, 0x53, 0x75, 0x26, 0x75, 0xEF, 0x23, 0xDA, 0xD0, 0xFC, 0x30, 0xE7, 0x6B, 0xBC,
    0xA5, 0x4A, 0xE6, 0x7F, 0x31, 0x8F, 0xD2, 0xDB, 0x4E, 0x98, 0x6D, 0xBC, 0xC6, 0x42, 0xD8, 0xAF,
    0x58, 0x0C, 0x7B, 0x8D, 0xE3, 0xE6, 0x38, 0x53, 0xE1, 0xBF, 0xD2, 0x9F, 0xD1, 0xCF, 0xAD, 0x56,
    0x78, 0x87, 0x9A, 0x03, 0x92, 0xB6, 0x9D, 0xA8, 0xFD, 0x5B, 0x96, 0xF5, 0xD0, 0x8A, 0xE1, 0xAA,
    0xC0, 0x4E, 0xFF, 0x1F, 0xED, 0x3F, 0x1D, 0x5A, 0xFD, 0x94, 0xDA, 0x87, 0xB8, 0xFD, 0x31, 0xDD,
    0xD8, 0x87, 0x55, 0xDE, 0x87, 0x05, 0x9D, 0x28, 0x29, 0x69, 0x95, 0x65, 0xF5, 0xFB, 0x45, 0x30,
    0x6A, 0xA7, 0x57, 0x6C, 0x83, 0x0E, 0x52, 0x54, 0xCB, 0xFE, 0x5B, 0xB6, 0xAC, 0x90, 0x80, 0x57,
    0x1B, 0x37, 0x87, 0x9C, 0x38, 0xD4, 0x33, 0xB9, 0x4C, 0x94, 0x6D, 0x2C, 0xA7, 0x66, 0x48, 0xC6,
    0x92, 0x0F, 0x8F, 0x88, 0x67, 0x3C, 0x15, 0x8F, 0x3C, 0x53, 0x01, 0x5B, 0x1C, 0xAC, 0x5C, 0xCA,
    0xCE, 0x06, 0xCE, 0x0F, 0x0C, 0x6E, 0xBE, 0x0D, 0x45, 0xFD, 0xD5, 0x2C, 0xCD, 0x56, 0x7E, 0x4D,
    0x22, 0xCD, 0xC2, 0x6F, 0x69, 0xA8, 0x6B, 0x48, 0xB3, 0xFC, 0x06, 0x27, 0x97, 0x8F, 0xB2, 0x62,
    0x67, 0xFF, 0xB5, 0x28, 0x45, 0xED, 0x37, 0x0F, 0x10, 0x2F, 0x78, 0x82, 0x74, 0xA1, 0x86, 0xD9,
    0x43, 0xA4, 0xD2, 0x2C, 0x02, 0xF0, 0x9C, 0x34, 0x5B, 0x5C, 0x34, 0xD3, 0x8E, 0x08, 0x7D, 0x11,
    0xA7, 0x49, 0x19, 0xE6, 0xC9, 0x3C, 0x20, 0x96, 0xE7, 0x89, 0xB9, 0x18, 0xB1, 0x2C, 0xEC, 0xF1,
    0xB2, 0x12, 0xE0, 0x49, 0xAB, 0x81, 0x75, 0x53, 0x22, 0x9A, 0xB2, 0xA1, 0x25, 0x50, 0x10, 0xDD,
    0x14, 0xFF, 0x6C, 0xC1, 0xCA, 0xBC, 0x99, 0x18, 0x10, 0xA0, 0x3B, 0xF8, 0xBC, 0xF6, 0xE9, 0xEF,
    0xDC, 0xA3, 0x2F, 0x3D, 0x22, 0xCF, 0xD9, 0x36, 0x01, 0x2D, 0x74, 0xDA, 0x53, 0x68, 0x43, 0x54,
    0x99, 0xFF, 0xCA, 0x7F, 0xA1, 0x31, 0x5B, 0x58, 0xF8, 0xBC, 0x34, 0x5A, 0x86, 0xCB, 0xA4, 0x19,
    0xFE, 0x44, 0xCB, 0x68, 0x39, 0xC9, 0x27, 0xCA, 0xA0, 0x1E, 0x90, 0xE8, 0xF4, 0xB8, 0x43, 0x8C,
    0x28, 0x6C, 0x9B, 0x2C, 0x9D, 0xC6, 0xD7, 0xF1, 0xAF, 0x80, 0x95, 0xAC, 0x77, 0x14, 0xD1, 0xC4,
    0xD2, 0xA6, 0xAD, 0x19, 0xB6, 0xCC, 0x18, 0x31, 0xDD, 0xC8, 0x58, 0x9C, 0xB0, 0x89, 0x76, 0xCA,
    0x16, 0xF8, 0x9A, 0xAF, 0x49, 0xAE, 0xE5, 0xEF, 0x12, 0x7F, 0x2B, 0x36, 0x57, 0xD1, 0xDF, 0x62,
    0x41, 0x5C, 0x96, 0xF5, 0x0D, 0xE2, 0x73, 0x9D, 0x99, 0x36, 0x6C, 0x9E, 0xCF, 0x52, 0x51, 0x2C,
    0xB6, 0x65, 0x6D, 0x60, 0xCF, 0xF5, 0x2F, 0x49, 0xA0, 0xCF, 0xA4, 0x8A, 0x1A, 0x89, 0x8F, 0xBF,
    0x2C, 0x6C, 0x5F, 0x4A, 0x59, 0x57, 0x8F, 0xA4, 0x5E, 0xC0, 0x9C, 0x83, 0x34, 0x58, 0x53, 0x27,
    0x1A, 0xA1, 0x19, 0x60, 0xC8, 0x36, 0xF2, 0x29, 0x41, 0x1A, 0x79, 0xD2, 0xDA, 0x01, 0xB3, 0xF7,
    0x0D, 0xFF, 0x3E, 0xA7, 0x87, 0x44, 0xAD, 0xE8, 0xEE, 0x89, 0xE5, 0xA6, 0x12, 0x76, 0xBA, 0x2F,
    0xEF, 0xE5, 0x93, 0xBF, 0x9A, 0xC1, 0xF7, 0xDC, 0x64, 0x62, 0xD3, 0x2E, 0xE1, 0xDF, 0x12, 0xB1,
    0xF0, 0x8A, 0x30, 0xB4, 0x8F, 0x6D, 0x8B, 0xF5, 0x59, 0xAC, 0x46, 0xD6, 0xFE, 0x77, 0xE6, 0x4B,
    0x24, 0x48, 0x62, 0x4F, 0xA0, 0xEB, 0xC4, 0xD6, 0x12, 0x10, 0x83, 0x5D, 0x85, 0x13, 0xD5, 0xAB,
    0x45, 0xB9, 0x8E, 0x68, 0x6B, 0x37, 0x90, 0xE4, 0xEC, 0x72, 0xC4, 0xCC, 0xD2, 0x5E, 0x18, 0x91,
    0x88, 0xF6, 0xC4, 0x0E, 0xF8, 0x58, 0x1D, 0x14, 0x93, 0x66, 0x06, 0x66, 0x73, 0xC0, 0x9E, 0x3F,
    0xB6, 0x4B, 0x65, 0xF4, 0xD0, 0x42, 0x08, 0x7A, 0x57, 0x52, 0x17, 0x2C, 0xD3, 0xD2, 0xC5, 0x4C,
    0xC5, 0xDE, 0x41, 0x2D, 0xF6, 0xAF, 0xB3, 0xA5, 0xF1, 0x3D, 0xC0, 0x06, 0xB1, 0x05, 0x46, 0x6F,
    0x58, 0xC7, 0x13, 0xA9, 0x5E, 0xB1, 0x8B, 0xF1, 0x14, 0x69, 0x2F, 0x4E, 0x7B, 0xCB, 0x41, 0x13,
    0xF3, 0xF3, 0x3B, 0x68, 0x33, 0xA2, 0x1D, 0x46, 0x42, 0xD9, 0x31, 0x58, 0xBA, 0xCC, 0x87, 0x57,
    0x16, 0xD9, 0x6F, 0xBA, 0x18, 0xB4, 0x47, 0xF3, 0xC3, 0x3B, 0x6B, 0x59, 0x93, 0x24, 0x7E, 0x0E,
    0xD9, 0x5C, 0x18, 0xF6, 0xB2, 0x2E, 0xD8, 0xF6, 0x17, 0x56, 0x2C, 0x92, 0x82, 0x97, 0x19, 0xED,
    0xDB, 0x9F, 0x6F, 0xF7, 0x51, 0x7C, 0x77, 0xA1, 0xD2, 0x4D, 0xEB, 0xF2, 0x47, 0x6C, 0x88, 0x10,
    0x55, 0x8F, 0x96, 0xC9, 0x4D, 0x34, 0xFF, 0xD0, 0xC0, 0x8A, 0x1E, 0x20, 0x4A, 0x40, 0xAD, 0x22,
    0x00, 0x0F, 0xA8, 0x41, 0x8E, 0x61, 0xFF, 0xA2, 0xD2, 0x4A, 0x46, 0xBC, 0xCF, 0xAF, 0xBB, 0xEF,
    0xF5, 0xEF, 0x1D, 0xD7, 0x24, 0x75, 0x21, 0x63, 0xA7, 0x40, 0x24, 0x76, 0x1C, 0x82, 0x15, 0x6E,
    0x73, 0x10, 0x45, 0xA5, 0xC1, 0x13, 0x95, 0xE6, 0x8A, 0xB1, 0xE7, 0x86, 0x63, 0xB8, 0x09, 0xE2,
    0xBA, 0x25, 0x8D, 0x15, 0xC3, 0x37, 0xCC, 0xD7, 0x01, 0xBF, 0xBE, 0xEB, 0x3E, 0xE2, 0xB6, 0xDF,
    0x56, 0xD8, 0xC8, 0xEF, 0x0B, 0x17, 0x17, 0x2C, 0xD2, 0x8E, 0x84, 0xA6, 0xA2, 0x22, 0xC0, 0xBC,
    0xAF, 0x0C, 0xB0, 0x17, 0x0C, 0xF5, 0x73, 0x77, 0x7D, 0x2C, 0x3E, 0x54, 0x04, 0x5C, 0xAE, 0x5B,
    0x92, 0x59, 0x2B, 0x71, 0xAE, 0x77, 0x83, 0x73, 0xDD, 0x21, 0x99, 0x6C, 0xCE, 0x62, 0x01, 0x18,
    0xD2, 0x43, 0x47, 0x2A, 0xEA, 0x83, 0xD4, 0x3E, 0xA8, 0xA6, 0x57, 0x6D, 0x5F, 0xB0, 0xCF, 0x57,
    0x66, 0x2B, 0xE4, 0x40, 0xC1, 0x37, 0xE8, 0xD3, 0xCA, 0x9C, 0xA2, 0xF6, 0xA8, 0x79, 0x31, 0xBC,
    0xA2, 0xAA, 0x1B, 0xDA, 0xC3, 0x88, 0x01, 0x90, 0x7A, 0x03, 0x2C, 0x10, 0x84, 0x08, 0x81, 0x03,
    0x57, 0xA5, 0x76, 0xA2, 0x6D, 0xD9, 0xFF, 0x9E, 0x25, 0x09, 0x09, 0x74, 0x1B, 0x47, 0xF5, 0x3C,
    0xD7, 0x87, 0x40, 0x6A, 0xCA, 0x94, 0xEA, 0xA5, 0x2E, 0x0A, 0x43, 0x82, 0xA2, 0x41, 0x71, 0x19,
    0x0A, 0xBA, 0xC8, 0x84, 0xEA, 0xDA, 0xE7, 0xA1, 0xF5, 0x5D, 0x62, 0xD5, 0xA2, 0x4F, 0xFD, 0x47,
    0x18, 0x91, 0xD3, 0x14, 0x21, 0x38, 0xF4, 0x91, 0x77, 0xA5, 0xDF, 0xA7, 0xBD, 0xD3, 0x52, 0x72,
    0x7B, 0xAD, 0x6F, 0x9B, 0x5E, 0xB1, 0x14, 0xB9, 0xDC, 0xA5, 0xC7, 0xF4, 0x19, 0x90, 0x93, 0x91,
    0x1A, 0x1A, 0xD8, 0x7F, 0xB4, 0xBF, 0xE9, 0x63, 0xF7, 0x7C, 0x8D, 0xDD, 0xE6, 0x20, 0x5A, 0x9F,
    0x89, 0x55, 0x5D, 0xCF, 0xC0, 0x25, 0xDA, 0xB3, 0x26, 0x3C, 0x52, 0x46, 0xCF, 0x1C, 0x53, 0xE2,
    0xE3, 0x02, 0x88, 0x28, 0x53, 0x57, 0x21, 0x01, 0xE2, 0x8A, 0x10, 0x4F, 0x0A, 0x77, 0x67, 0x27,
    0x0B, 0x4F, 0x7C, 0xBD, 0x29, 0xC2, 0xFB, 0xA6, 0x98, 0x37, 0xF6, 0xB9, 0xB2, 0x03, 0xA5, 0x4B,
    0x43, 0x84, 0xCD, 0x41, 0xA5, 0x29, 0x39, 0x86, 0x93, 0x13, 0xBA, 0x60, 0xF5, 0xA1, 0xD9, 0xD9,
    0x37, 0xC3, 0xCF, 0x71, 0xCD, 0xEF, 0x10, 0x49, 0x59, 0x7D, 0x37, 0x31, 0x0B, 0xB5, 0x9D, 0x0E,
    0x95, 0x8C, 0x1A, 0x71, 0x9D, 0x4C, 0x56, 0x93, 0xFD, 0x87, 0xCE, 0x45, 0x08, 0xB6, 0x6E, 0x44,
    0xD0, 0xF3, 0x09, 0x3B, 0x7C, 0xE4, 0xCD, 0xC3, 0x2E, 0x59, 0x71, 0xF8, 0x24, 0x70, 0xF8, 0xF0,
    0x6D, 0xAA, 0x91, 0xC3, 0x67, 0x22, 0xF1, 0xF2, 0x23, 0x87, 0x4F, 0xBE, 0xB7, 0xC3, 0x87, 0x09,
    0xE1, 0xE1, 0x3E, 0x71, 0x8E, 0x39, 0x25, 0x69, 0x8D, 0xF4, 0xF4, 0x6C, 0x91, 0x71, 0x98, 0x09,
    0x71, 0x6C, 0xDA, 0x77, 0x4B, 0x18, 0x77, 0x2D, 0x24, 0x48, 0x8E, 0x05, 0x3E, 0xA0, 0xC8, 0x39,
    0x0F, 0x16, 0x9D, 0x18, 0xC6, 0xFC, 0x29, 0xF6, 0x11, 0x7A, 0x1F, 0x46, 0xD8, 0xA3, 0xCD, 0x08,
    0x3B, 0xEA, 0x82, 0x8E, 0x10, 0x92, 0x79, 0xE8, 0x09, 0x84, 0x60, 0x32, 0xEC, 0x37, 0x69, 0x1B,
    0xC2, 0xC4, 0x7D, 0x68, 0x7F, 0xDD, 0x68, 0x3C, 0x6C, 0x3F, 0xC7, 0x73, 0xB3, 0x1A, 0xBB, 0x7A,
    0xA3, 0xC8, 0xDC, 0x0C, 0x04, 0x6A, 0x5C, 0x86, 0xDD, 0xD0, 0xD3, 0xDB, 0x90, 0x80, 0xB0, 0x6F,
    0x5B, 0x12, 0x10, 0x0A, 0x56, 0xAA, 0x17, 0xCE, 0xB4, 0x32, 0xC0, 0x9F, 0x15, 0xA4, 0xBD, 0x2F,
    0x10, 0xC8, 0xF0, 0xAD, 0x5B, 0x9F, 0x80, 0xE0, 0xDC, 0x12, 0x0B, 0xB1, 0x8E, 0x4F, 0x78, 0x5E,
    0x02, 0x76, 0x48, 0x47, 0xEC, 0x45, 0xE5, 0xA0, 0xF5, 0x86, 0x88, 0x2C, 0x6E, 0xED, 0x1F, 0xE7,
    0x71, 0x47, 0x0C, 0x83, 0xE3, 0x2C, 0x08, 0xD8, 0xFA, 0xF0, 0x85, 0x8E, 0x36, 0xDF, 0x88, 0x3F,
    0x8D, 0x1A, 0x12, 0x7B, 0xE3, 0x3A, 0x61, 0x49, 0x91, 0xC5, 0x46, 0x22, 0xFE, 0x0F, 0x61, 0xA6,
    0x73, 0x15, 0x96, 0x90, 0xFF, 0x1B, 0xE7, 0x9A, 0xD6, 0xB0, 0x60, 0x9F, 0xBD, 0xAC, 0xBD, 0x46,
    0xE2, 0x28, 0x24, 0x59, 0x60, 0x2E, 0xB9, 0x02, 0x73, 0x89, 0x37, 0x89, 0x85, 0xD1, 0x62, 0x83,
    0x64, 0xAE, 0xBD, 0xA5, 0x35, 0x48, 0xCE, 0xA8, 0x40, 0x27, 0xAE, 0xCE, 0x85, 0xA7, 0x7B, 0xAC,
    0x2F, 0x09, 0x9A, 0x4B, 0xF1, 0x8E, 0xDA, 0x5A, 0xF6, 0x1F, 0x97, 0xDC, 0x95, 0xB4, 0xA1, 0xF2,
    0xA8, 0x48, 0xF9, 0xC4, 0x86, 0x92, 0xC1, 0x19, 0xED, 0x7F, 0xB3, 0x12, 0xF2, 0xE8, 0xEF, 0x88,
    0x1C, 0x77, 0x65, 0x4B, 0x44, 0xCD, 0x37, 0x92, 0x3C, 0x2F, 0xB9, 0xF9, 0xF2, 0xF3, 0x39, 0x37,
    0x92, 0xFB, 0xF2, 0xB7, 0x66, 0x35, 0x56, 0x4A, 0xCD, 0x8B, 0x0E, 0x92, 0x18, 0x56, 0x0A, 0xFB,
    0x8C, 0xE8, 0x65, 0x58, 0x72, 0x40, 0xE0, 0xC1, 0x93, 0x90, 0x1C, 0x0E, 0x62, 0xB5, 0x6E, 0x41,
    0x72, 0x78, 0x03, 0x92, 0x83, 0x94, 0x6A, 0xA9, 0xA4, 0x77, 0xBB, 0x24, 0x07, 0xE9, 0x95, 0xF4,
    0x29, 0x1D, 0x4A, 0x10, 0xA4, 0x9E, 0x7A, 0x95, 0x61, 0x81, 0x20, 0xE9, 0x3D, 0x93, 0x8A, 0x02,
    0x36, 0xD2, 0x7C, 0x7B, 0x59, 0x59, 0xB4, 0x5B, 0x4B, 0xF5, 0x3F, 0x6F, 0x29, 0xD2, 0x99, 0x79,
    0x94, 0x1D, 0xA2, 0x9F, 0x95, 0xF9, 0xF1, 0x97, 0xDC, 0xFB, 0x29, 0x2C, 0xFD, 0x7E, 0x07, 0x1D,
    0xDF, 0xA2, 0x14, 0x5A, 0x86, 0x7D, 0x28, 0xCE, 0xC1, 0x44, 0xCB, 0x23, 0xC8, 0x42, 0x46, 0xBA,
    0xE6, 0x3C, 0xB8, 0x93, 0xB3, 0xBA, 0x3B, 0x9F, 0x74, 0xBA, 0x2B, 0x9F, 0x74, 0x7A, 0xC5, 0x7C,
    0xD2, 0x74, 0x77, 0x3E, 0xA9, 0xB9, 0x42, 0x3E, 0xA9, 0xC6, 0xF9, 0x79, 0x2E, 0x68, 0xCF, 0xD3,
    0xC8, 0x63, 0x19, 0x6F, 0xA1, 0x82, 0xCA, 0x55, 0x48, 0xAA, 0x5C, 0x3E, 0xA9, 0x46, 0x27, 0x5F,
    0x54, 0x24, 0xF8, 0x17, 0x45, 0xA2, 0xB7, 0x15, 0xC9, 0xDC, 0x7D, 0x1A, 0x45, 0xFC, 0x4A, 0x91,
    0xB0, 0x54, 0x24, 0x49, 0x15, 0x69, 0xF5, 0xA1, 0xDD, 0x52, 0x11, 0x44, 0xD8, 0x57, 0x62, 0x6E,
    0x50, 0x64, 0xF4, 0x62, 0x23, 0x44, 0xF3, 0x49, 0x7D, 0x09, 0x62, 0x9F, 0x23, 0x05, 0xDD, 0xE5,
    0x93, 0x3A, 0x09, 0xA7, 0x67, 0xF1, 0x85, 0xB3, 0x64, 0x16, 0x6E, 0x74, 0x7A, 0x6D, 0xC1, 0x89,
    0x24, 0x93, 0x7A, 0x67, 0xB4, 0x68, 0x1F, 0x2B, 0xEA, 0xE5, 0x3B, 0xE2, 0x0A, 0x2A, 0xC4, 0x15,
    0x54, 0x88, 0x2B, 0xA8, 0xAF, 0x1C, 0x57, 0x40, 0x7F, 0xE3, 0xC1, 0xED, 0x3C, 0xEF, 0x5D, 0xC7,
    0xA2, 0xFD, 0x44, 0x23, 0xED, 0xE7, 0x12, 0xB7, 0x67, 0x7F, 0x0F, 0xED, 0xE7, 0x1D, 0x68, 0x3F,
    0xCF, 0x72, 0xDB, 0x42, 0x5B, 0xAA, 0xD1, 0x56, 0xBD, 0xF2, 0xE4, 0xAB, 0x89, 0x84, 0x5D, 0xDD,
    0x70, 0x3B, 0x77, 0x23, 0x15, 0xAD, 0x19, 0xBA, 0x11, 0x8C, 0x55, 0x0A, 0xC9, 0x3A, 0x21, 0xD9,
    0xE4, 0x7B, 0xAF, 0x1B, 0x27, 0x3F, 0xF6, 0x69, 0x06, 0x4A, 0x3D, 0x91, 0x26, 0x16, 0x00, 0xEC,
    0x2F, 0x2C, 0xD7, 0xF0, 0x2B, 0x44, 0xB0, 0x7E, 0xA9, 0xB0, 0xE7, 0x8F, 0x0E, 0x75, 0x4F, 0xA2,
    0x2B, 0x02, 0x2B, 0xE1, 0xA9, 0x56, 0xF2, 0xC1, 0x20, 0x43, 0x45, 0x52, 0x7B, 0x2B, 0x12, 0x31,
    0x3B, 0xB2, 0xE0, 0x35, 0x91, 0xC8, 0x58, 0x03, 0xD0, 0x5F, 0xF2, 0x16, 0x15, 0xC9, 0x7E, 0x87,
    0x50, 0x19, 0x0E, 0x73, 0x4C, 0x91, 0x61, 0x4F, 0x9B, 0xCD, 0xD2, 0x45, 0xB8, 0xDE, 0x90, 0x0C,
    0x2E, 0x9A, 0x42, 0xE9, 0xDA, 0x17, 0xEC, 0x66, 0xCA, 0x32, 0x38, 0xFD, 0xFE, 0x0D, 0xB4, 0xA7,
    0xD0, 0xDE, 0x1E, 0x19, 0x7C, 0x8F, 0x5C, 0xB8, 0x72, 0xAF, 0x5C, 0xB8, 0xEE, 0x6A, 0xB9, 0x70,
    0x2F, 0xCA, 0x2F, 0xCF, 0x08, 0xD8, 0x90, 0x5C, 0xB8, 0xF0, 0x30, 0xBE, 0xAE, 0x81, 0xA7, 0xB2,
    0xAA, 0xBB, 0xBF, 0x81, 0x38, 0x23, 0xE2, 0xA5, 0x6D, 0x36, 0x13, 0xF1, 0xD3, 0x86, 0x92, 0xC4,
    0x37, 0x95, 0x4C, 0xBC, 0x89, 0xE6, 0x9C, 0xA6, 0xD7, 0x97, 0x0B, 0x77, 0x93, 0x62, 0x03, 0x7E,
    0x05, 0xDF, 0xC1, 0xD9, 0x05, 0x5F, 0xFF, 0xF6, 0xBF, 0x23, 0x36, 0x40, 0x44, 0xF1, 0x64, 0x1C,
    0x1B, 0xC0, 0x96, 0xE1, 0x77, 0x3F, 0x86, 0x03, 0xCB, 0xC0, 0xE3, 0x66, 0x8E, 0xA0, 0x7D, 0xE2,
    0x7A, 0x62, 0x03, 0xF8, 0xA7, 0x1C, 0x8A, 0xFE, 0xC8, 0x76, 0x35, 0x2D, 0x39, 0x4F, 0xF3, 0x70,
    0x09, 0xD5, 0x97, 0x13, 0xC2, 0xCE, 0x9F, 0x28, 0x8D, 0x4B, 0x13, 0xBF, 0x33, 0xED, 0x55, 0xCA,
    0x85, 0x62, 0xC3, 0xFB, 0xA2, 0x5A, 0x16, 0xB6, 0x48, 0xF1, 0x68, 0xD4, 0xE6, 0x7C, 0xE6, 0x5A,
    0x6C, 0xCC, 0x57, 0xB2, 0x39, 0x5F, 0xB6, 0xF2, 0x4C, 0x81, 0x1A, 0x25, 0x05, 0x6A, 0x94, 0x14,
    0xA8, 0x51, 0x52, 0xA0, 0xF2, 0xCC, 0x15, 0xFB, 0xB1, 0x66, 0xDB, 0x4D, 0xD1, 0x2F, 0x4B, 0xB4,
    0x3D, 0x7D, 0xDD, 0xA4, 0x91, 0xD8, 0x3F, 0x9B, 0x9D, 0x40, 0x3E, 0x41, 0xEE, 0xD9, 0x4B, 0xC4,
    0xF4, 0x69, 0xF3, 0xA6, 0xC5, 0x51, 0x05, 0xDC, 0xF8, 0x68, 0x24, 0x08, 0x74, 0xBF, 0xBD, 0x74,
    0x5C, 0xAC, 0x82, 0x89, 0x94, 0x4B, 0xA9, 0xCC, 0x9E, 0xCD, 0x94, 0x9F, 0x13, 0xF7, 0xA9, 0x59,
    0xA8, 0x6B, 0x73, 0x48, 0x4C, 0x15, 0x4B, 0x56, 0xD1, 0x50, 0x1C, 0x89, 0x69, 0x93, 0x9D, 0x20,
    0x2D, 0x12, 0x83, 0x18, 0x9C, 0x16, 0xF0, 0xD4, 0x0A, 0x30, 0xBB, 0x01, 0xCC, 0x13, 0x99, 0xC8,
    0x61, 0x99, 0xBD, 0x04, 0x23, 0x65, 0x07, 0xF1, 0x2A, 0x6B, 0xA5, 0x00, 0xAF, 0xE4, 0x92, 0x67,
    0x2D, 0xB8, 0xE3, 0x18, 0x2C, 0x19, 0x4C, 0xAE, 0x08, 0xB8, 0xCA, 0x2B, 0x7F, 0x81, 0x57, 0x2B,
    0xF4, 0x61, 0xDB, 0xC8, 0x0A, 0xD0, 0x85, 0x20, 0xC1, 0x27, 0x8E, 0xA1, 0x19, 0x95, 0x1D, 0xC5,
    0xCE, 0xA3, 0x12, 0x96, 0x2F, 0x57, 0x68, 0x00, 0x47, 0x31, 0x1F, 0xF9, 0x03, 0x67, 0x27, 0x1C,
    0x07, 0xE5, 0xD0, 0xA3, 0xD2, 0xF4, 0xF6, 0x47, 0x1F, 0xED, 0x84, 0xAD, 0x8D, 0xA5, 0x58, 0x81,
    0xF7, 0x8B, 0xE5, 0xB1, 0x82, 0x15, 0x92, 0x7D, 0x86, 0x5D, 0xC1, 0x8C, 0x9C, 0xE3, 0xCB, 0xB0,
    0x89, 0xA5, 0xD8, 0x0F, 0x53, 0x6C, 0x6B, 0xB9, 0xB4, 0x01, 0xAB, 0xED, 0xEC, 0xD3, 0x94, 0x37,
    0x70, 0xED, 0x60, 0x81, 0x94, 0x8A, 0x82, 0xD3, 0x66, 0x48, 0x0B, 0x61, 0x83, 0xC2, 0x74, 0xCE,
    0xF2, 0x2A, 0xC9, 0xC5, 0x9C, 0xA7, 0xD9, 0xB5, 0xBD, 0xFC, 0x25, 0xB9, 0xF6, 0x9F, 0xD2, 0x02,
    0x36, 0xE5, 0x27, 0x29, 0x60, 0x93, 0x5E, 0xB5, 0x80, 0x4D, 0x6F, 0x97, 0x44, 0x01, 0x9B, 0xBA,
    0x2F, 0x60, 0xA3, 0x59, 0x81, 0x52, 0xC0, 0xC6, 0x8E, 0x0A, 0xD8, 0x64, 0xA3, 0x02, 0x36, 0xF1,
    0xA8, 0x80, 0x4D, 0x30, 0x2A, 0x60, 0x43, 0xDB, 0x70, 0xD9, 0x17, 0xB0, 0xF9, 0xF3, 0xB1, 0x2A,
    0x5D, 0x8C, 0xB2, 0xFA, 0x93, 0x31, 0x3E, 0x12, 0x4E, 0x13, 0x73, 0x75, 0x3C, 0x1E, 0xE1, 0xF7,
    0xDF, 0xC1, 0x48, 0x5A, 0x84, 0x69, 0x5D, 0x2E, 0x92, 0xB6, 0xEE, 0x23, 0x69, 0x4B, 0x31, 0xAC,
    0xD0, 0xD0, 0xAA, 0x61, 0xC5, 0xA9, 0x26, 0x5A, 0x80, 0xBD, 0xAF, 0x46, 0x3D, 0x8E, 0x91, 0x08,
    0xD3, 0x9D, 0xC8, 0xF4, 0x2E, 0x2A, 0x05, 0x24, 0xAE, 0x8A, 0xAD, 0x41, 0x9C, 0xF6, 0xD5, 0xD7,
    0x2B, 0x05, 0x49, 0xE7, 0x83, 0xA5, 0x18, 0xDA, 0xDF, 0x3E, 0x44, 0x84, 0x48, 0xC1, 0x4B, 0x71,
    0xBB, 0x8A, 0x0F, 0xE4, 0x66, 0xC5, 0x1B, 0x7F, 0x7F, 0x21, 0x41, 0x27, 0xCC, 0x01, 0x92, 0xE5,
    0x50, 0xFB, 0x18, 0x12, 0x3E, 0xE9, 0x95, 0xDB, 0xAC, 0x62, 0x2C, 0xC4, 0x7C, 0xF9, 0xE8, 0x95,
    0x2A, 0xCD, 0xB4, 0x7B, 0x54, 0x9A, 0xA9, 0x57, 0x2A, 0xCD, 0x6C, 0x28, 0x3C, 0xA8, 0xF0, 0xB4,
    0xC2, 0xA5, 0x1A, 0x1F, 0xAB, 0x1B, 0xAB, 0x34, 0x33, 0xD5, 0x0A, 0x33, 0x12, 0xFE, 0xB5, 0x47,
    0xA5, 0x99, 0x44, 0x2B, 0xCD, 0xC4, 0x7D, 0xC2, 0x4B, 0x85, 0xF7, 0x9D, 0x6A, 0x51, 0x9D, 0x89,
    0xD8, 0xEB, 0xB9, 0xD8, 0x48, 0xB5, 0x66, 0x7A, 0x9F, 0xC4, 0x38, 0x75, 0x7C, 0xBE, 0x1A, 0xAF,
    0x73, 0x59, 0x98, 0x8F, 0x83, 0x77, 0xAE, 0xEC, 0x75, 0x2A, 0xAF, 0xE8, 0x75, 0x32, 0x7B, 0x7B,
    0x9D, 0xEC, 0xC8, 0xEB, 0x14, 0xAB, 0xD7, 0xA9, 0x19, 0xBC, 0x4E, 0x51, 0x3D, 0x24, 0xF9, 0xC9,
    0x70, 0x4E, 0x46, 0xAD, 0x7A, 0x99, 0xB6, 0x25, 0x41, 0xE8, 0x2F, 0x53, 0x99, 0x44, 0xE6, 0xE9,
    0xA8, 0x9D, 0x12, 0x38, 0x2D, 0x11, 0x29, 0xB3, 0x85, 0x53, 0x5F, 0x8B, 0xE6, 0xAB, 0x66, 0x83,
    0x5D, 0x27, 0x45, 0xF3, 0xB4, 0x38, 0x5F, 0x8A, 0x66, 0xC3, 0xCD, 0xD9, 0x86, 0xA7, 0x93, 0xB6,
    0xE1, 0xEA, 0x04, 0x6D, 0x38, 0x9B, 0xC5, 0x86, 0xCE, 0x63, 0xB3, 0xF1, 0x23, 0x67, 0x21, 0xEC,
    0x52, 0x67, 0x9A, 0xD5, 0x6F, 0x69, 0xD2, 0x3D, 0x5D, 0x23, 0xAC, 0x9A, 0x90, 0x44, 0x67, 0x79,
    0xC3, 0x4D, 0xF3, 0x86, 0x9B, 0xE7, 0x0D, 0x57, 0x52, 0xE8, 0x69, 0x57, 0x53, 0x48, 0x1D, 0x52,
    0x45, 0xA3, 0x92, 0x8D, 0x68, 0xDA, 0x2A, 0xE7, 0x24, 0x34, 0x6E, 0x10, 0x75, 0x42, 0x29, 0x99,
    0x04, 0xC9, 0x23, 0x5D, 0x33, 0xAE, 0xB8, 0xBA, 0xD3, 0x35, 0x67, 0x5C, 0x99, 0x32, 0x46, 0x5A,
    0x2A, 0x6C, 0xD8, 0x88, 0xFD, 0x7B, 0x37, 0x4D, 0x0A, 0x0E, 0x74, 0x29, 0xB7, 0x10, 0xEF, 0xC2,
    0x89, 0xE8, 0xAC, 0x5F, 0x56, 0x30, 0x28, 0xBF, 0xBF, 0x90, 0x99, 0xAA, 0x64, 0xAA, 0xE4, 0xB3,
    0x0B, 0x98, 0xBE, 0x77, 0xFF, 0x4E, 0x02, 0x64, 0xDE, 0x85, 0xDB, 0xF0, 0x5D, 0x99, 0xC1, 0xB3,
    0xAF, 0xCA, 0xE4, 0x19, 0x04, 0x54, 0xD5, 0x9C, 0x95, 0xCC, 0x2E, 0x7A, 0xDD, 0x79, 0xBC, 0x99,
    0x53, 0x2D, 0x9D, 0x62, 0xF4, 0x8B, 0x54, 0xD4, 0x4B, 0xDF, 0x95, 0xF4, 0x09, 0x25, 0x0B, 0x89,
    0xFF, 0xA3, 0x08, 0x6F, 0x28, 0xAC, 0x66, 0xA6, 0x6F, 0x46, 0x25, 0x06, 0xB4, 0xE4, 0x09, 0x61,
    0x55, 0xF3, 0x99, 0x4A, 0xB5, 0x39, 0x99, 0x10, 0x46, 0x4A, 0x45, 0x42, 0x87, 0x38, 0xF3, 0x91,
    0xD6, 0x36, 0xE8, 0x73, 0xF9, 0x23, 0xA7, 0x62, 0xB1, 0x87, 0x60, 0xA9, 0xD7, 0x28, 0x65, 0x59,
    0x2D, 0x9F, 0x21, 0x45, 0x05, 0x04, 0x91, 0xE4, 0x79, 0xD5, 0x4C, 0x8D, 0x53, 0x43, 0xE5, 0xA1,
    0x52, 0xF5, 0xC0, 0x4A, 0x58, 0x01, 0xD2, 0xC7, 0x94, 0xB1, 0xE6, 0x5A, 0xEA, 0x4D, 0xC3, 0xAD,
    0x42, 0x2D, 0xE7, 0xA2, 0x07, 0x13, 0x14, 0xE7, 0x86, 0xB2, 0xC8, 0xD9, 0xB8, 0x5E, 0xA8, 0xB5,
    0xE3, 0xFF, 0x85, 0x63, 0x20, 0xDA, 0x29, 0xC4, 0xAA, 0xDC, 0x69, 0xA9, 0x50, 0x50, 0x99, 0xCF,
    0xF2, 0x67, 0x0F, 0x41, 0x45, 0xF5, 0x2C, 0x74, 0x54, 0xD2, 0xA7, 0x5E, 0x54, 0x93, 0x30, 0x6F,
    0x83, 0x05, 0x0F, 0xAF, 0xE4, 0xB8, 0x58, 0x90, 0x77, 0x28, 0xF5, 0x27, 0x42, 0xFB, 0x82, 0x00,
    0xF5, 0x75, 0x68, 0x2D, 0x9C, 0x48, 0x2C, 0xD4, 0xA1, 0x18, 0x98, 0xA7, 0x52, 0x88, 0xC9, 0x97,
    0x64, 0x54, 0x23, 0x7E, 0x2E, 0xD0, 0x63, 0x06, 0xE3, 0xB3, 0x67, 0x9D, 0x50, 0xC1, 0x91, 0x1E,
    0x0F, 0xC1, 0x67, 0x30, 0x39, 0xAD, 0x99, 0xB3, 0x91, 0xD5, 0xD4, 0x59, 0x1A, 0x13, 0xC9, 0x9D,
    0xA5, 0x17, 0x97, 0xE4, 0x59, 0xEA, 0x08, 0xB2, 0x67, 0x27, 0xCB, 0x4C, 0xD2, 0x67, 0x79, 0x13,
    0x46, 0xFE, 0xAC, 0xDA, 0x24, 0x68, 0xDC, 0x54, 0x08, 0x4D, 0xDD, 0x64, 0x6A, 0xD5, 0x04, 0x42,
    0xCE, 0x28, 0xF2, 0x6C, 0xE5, 0x66, 0xB5, 0xEE, 0xA7, 0x57, 0xAD, 0x15, 0xDF, 0x16, 0xE6, 0xCA,
    0xF3, 0xAC, 0xF4, 0xF2, 0xAC, 0x5C, 0x44, 0x5F, 0x77, 0x13, 0x9E, 0xBA, 0x09, 0x4F, 0xDD, 0x84,
    0xA7, 0xB2, 0x26, 0x23, 0x2B, 0xE7, 0x1A, 0x30, 0xE2, 0x26, 0x3C, 0x15, 0x19, 0x29, 0x66, 0x1D,
    0x55, 0x52, 0x6A, 0x6B, 0x44, 0xF0, 0x63, 0x7A, 0xF9, 0xD8, 0x01, 0x4C, 0xAF, 0x2B, 0xD7, 0xBC,
    0x26, 0x61, 0x8D, 0x05, 0xEB, 0x8A, 0xC4, 0xAF, 0x17, 0xC9, 0x09, 0xF8, 0x92, 0x38, 0xB2, 0x31,
    0xB8, 0x30, 0xE7, 0xD0, 0xC6, 0x50, 0x62, 0x1B, 0x37, 0x24, 0xB8, 0xF1, 0x0C, 0xB6, 0xC9, 0xF7,
    0x1A, 0x11, 0xF2, 0x04, 0x30, 0x8F, 0x24, 0xF0, 0x13, 0x1C, 0xB4, 0x60, 0x5F, 0x93, 0xF0, 0xBF,
    0x57, 0x25, 0x91, 0x30, 0x97, 0x80, 0x8B, 0xBC, 0x80, 0x55, 0x0E, 0xEE, 0x80, 0x88, 0x4B, 0x32,
    0x70, 0x21, 0xA5, 0x76, 0xAA, 0x6E, 0xB0, 0x97, 0xB6, 0xEF, 0xF1, 0x22, 0x52, 0x0B, 0x67, 0x8D,
    0xBC, 0xE8, 0x8A, 0x48, 0xF1, 0x50, 0x48, 0x11, 0xA9, 0xD2, 0xB9, 0x08, 0x9D, 0x98, 0x95, 0xE5,
    0x3B, 0x25, 0xCE, 0x01, 0x31, 0x57, 0x47, 0xEE, 0xBF, 0x3D, 0xC9, 0x22, 0x35, 0xAC, 0x76, 0x23,
    0x7B, 0x9D, 0x84, 0x99, 0x79, 0xCD, 0xA8, 0xC0, 0x84, 0xCC, 0x6E, 0x7F, 0x72, 0x8F, 0x33, 0xB0,
    0xE8, 0x64, 0x53, 0x4F, 0xDD, 0x6C, 0x4B, 0x19, 0x67, 0xB6, 0x69, 0x9C, 0x6C, 0xFB, 0xF9, 0x6E,
    0xFA, 0x09, 0xDF, 0xEA, 0xC7, 0xF3, 0x60, 0x8F, 0x3D, 0x3E, 0x8C, 0xF1, 0x8D, 0x60, 0xBD, 0x43,
    0x76, 0x84, 0xB9, 0xB9, 0xFF, 0x64, 0x77, 0xDE, 0x0B, 0x6B, 0xC6, 0x18, 0xD8, 0x50, 0x5F, 0x4B,
    0x6C, 0xCF, 0x62, 0x62, 0x98, 0xC1, 0xD9, 0x2F, 0x30, 0x85, 0xB6, 0xC3, 0x1C, 0x9E, 0xEF, 0x64,
    0x0A, 0x36, 0x04, 0x7C, 0x59, 0xC0, 0xE7, 0x05, 0xDC, 0x2F, 0x40, 0xFC, 0xCC, 0x23, 0x30, 0x97,
    0x5F, 0x96, 0x97, 0x05, 0x32, 0xA1, 0x46, 0xD2, 0x7F, 0xCC, 0x6A, 0xFE, 0x8F, 0xD4, 0xFA, 0x72,
    0x87, 0x2D, 0xB8, 0x9A, 0x06, 0x41, 0xEF, 0x06, 0xE6, 0xCD, 0x7D, 0x73, 0x33, 0xDB, 0x7D, 0xD8,
    0x42, 0xD3, 0x57, 0x84, 0x82, 0x2B, 0xFD, 0x06, 0x51, 0x7B, 0x80, 0x83, 0x22, 0x04, 0x15, 0x1B,
    0x07, 0xD0, 0x4B, 0xD6, 0x9A, 0x5D, 0x87, 0x22, 0x74, 0xC3, 0xA9, 0x09, 0x9D, 0x64, 0xE3, 0x0A,
    0xCA, 0xA6, 0x04, 0x45, 0xB9, 0x18, 0x61, 0x8F, 0x36, 0xFD, 0xD3, 0x34, 0x1F, 0xFD, 0xEA, 0xA8,
    0x3C, 0x15, 0x72, 0x35, 0xB2, 0xB4, 0x79, 0x02, 0xA7, 0x5C, 0x76, 0x88, 0x95, 0x58, 0x5B, 0xC7,
    0xC2, 0x3E, 0x7B, 0x73, 0xEE, 0xA0, 0x51, 0x0E, 0x85, 0xF1, 0x5D, 0xEC, 0xD1, 0x60, 0xE9, 0x66,
    0xD5, 0x22, 0x77, 0xE5, 0xBD, 0x4D, 0x38, 0xC4, 0x14, 0xC4, 0xF5, 0xA0, 0x75, 0x0D, 0x86, 0xBE,
    0xE9, 0x4A, 0xF0, 0x98, 0xE6, 0x4F, 0x2D, 0x86, 0xA2, 0x2A, 0x44, 0x25, 0x85, 0xF0, 0x62, 0xA4,
    0xB8, 0xAD, 0xC2, 0xC9, 0xFF, 0x14, 0x18, 0x63, 0xCA, 0x79, 0x37, 0xA8, 0x00, 0xFF, 0x0D, 0xC1,
    0x37, 0x9C, 0x59, 0x50, 0x6B, 0xD4, 0x7F, 0x23, 0x30, 0xDE, 0x01, 0xA3, 0x5D, 0x30, 0x60, 0xDF,
    0x5B, 0x1E, 0x35, 0x08, 0x6C, 0xD3, 0x18, 0xBF, 0xDE, 0x0E, 0xA3, 0x22, 0x30, 0xF5, 0x45, 0x5F,
    0x3A, 0xD6, 0xCE, 0x25, 0x8B, 0xD5, 0x68, 0x7C, 0x51, 0xB2, 0x63, 0x75, 0x6D, 0x64, 0x6F, 0x6B,
    0xCE, 0xCD, 0xC7, 0xD5, 0xAA, 0x53, 0x48, 0xC0, 0xF7, 0x2F, 0xA5, 0x23, 0x41, 0xC9, 0xE3, 0xB3,
    0xA0, 0xA4, 0x0C, 0x05, 0x8E, 0x1D, 0x60, 0xAD, 0x8B, 0x35, 0x04, 0x0C, 0x86, 0x3A, 0xBB, 0xBD,
    0x85, 0xDA, 0x89, 0x0E, 0x39, 0x59, 0x05, 0x5A, 0xA4, 0xA7, 0x1A, 0x27, 0x87, 0x25, 0x65, 0xA2,
    0x3D, 0x41, 0x33, 0x59, 0x24, 0xA8, 0x05, 0x93, 0x71, 0x08, 0x15, 0xCF, 0x3D, 0x27, 0xC7, 0xB0,
    0x49, 0x82, 0x53, 0x82, 0x98, 0x9D, 0xB2, 0x07, 0xAB, 0x00, 0xEC, 0x10, 0x46, 0xC9, 0x30, 0x61,
    0x25, 0x9B, 0x7E, 0x1F, 0x93, 0x18, 0xC2, 0xD7, 0x85, 0xF6, 0x1B, 0x9C, 0x2C, 0x47, 0x37, 0x25,
    0xB1, 0x33, 0x64, 0x0B, 0xEF, 0xBF, 0xD0, 0xCE, 0x8A, 0x6D, 0xA1, 0xA8, 0x8B, 0x57, 0xD8, 0x23,
    0x70, 0xD8, 0xB6, 0x51, 0x2E, 0x76, 0x92, 0x56, 0x63, 0x45, 0xD0, 0xDF, 0xFB, 0xD6, 0x67, 0xCE,
    0xBF, 0x2D, 0xEC, 0xC1, 0xEF, 0x9E, 0xB7, 0xD0, 0x37, 0x0B, 0x8C, 0xE0, 0x23, 0xAE, 0x9A, 0x56,
    0xC1, 0xD1, 0xE7, 0x86, 0x0D, 0x08, 0xF4, 0x9E, 0x8B, 0xE4, 0x19, 0x24, 0x65, 0x1B, 0x56, 0x6F,
    0x3A, 0xF3, 0x96, 0xB6, 0x45, 0x6D, 0x49, 0xB1, 0x4D, 0x1A, 0x3B, 0x61, 0x95, 0xAB, 0xF8, 0x71,
    0x0D, 0x19, 0xEF, 0x37, 0x88, 0xF8, 0xB8, 0x50, 0x6A, 0x08, 0xB3, 0xB7, 0xB9, 0x7F, 0xFB, 0x5E,
    0xA9, 0x03, 0x77, 0xF8, 0x03, 0x33, 0x0A, 0x5C, 0xD7, 0x6D, 0x53, 0x06, 0x76, 0x22, 0x52, 0x95,
    0xE7, 0xD2, 0xB9, 0x9B, 0x91, 0xD3, 0x6C, 0xFD, 0x9B, 0xE2, 0x6B, 0x52, 0xAB, 0xA2, 0xBC, 0x94,
    0xB7, 0x7D, 0x33, 0x73, 0xEF, 0x0E, 0x5C, 0x9F, 0x72, 0x7F, 0x2F, 0x16, 0xB3, 0x73, 0xAE, 0x70,
    0xD1, 0x3D, 0x0F, 0x0B, 0xC1, 0x8F, 0x8A, 0xD9, 0x15, 0x37, 0xAA, 0xEA, 0x97, 0xAB, 0x79, 0x3A,
    0x37, 0x39, 0xBF, 0xF1, 0xAF, 0x41, 0x5E, 0x10, 0x14, 0xFA, 0x74, 0xB1, 0xB6, 0x6F, 0xCE, 0xF4,
    0xCD, 0x96, 0xC4, 0x27, 0x3C, 0x44, 0xF2, 0xF5, 0x9A, 0x79, 0x18, 0xFE, 0x6A, 0x76, 0x55, 0xB3,
    0x66, 0x35, 0x81, 0x61, 0xB6, 0x01, 0xCB, 0x93, 0xE0, 0x6E, 0x5D, 0x1E, 0x6F, 0x2A, 0xD5, 0x8B,
    0x62, 0x96, 0x7B, 0x12, 0x1E, 0x55, 0xFA, 0x62, 0xD6, 0x5B, 0x40, 0xC5, 0xF0, 0x24, 0x6A, 0x93,
    0xC9, 0xE5, 0x49, 0xE5, 0x5E, 0x07, 0x75, 0x63, 0x70, 0x45, 0xD9, 0xAA, 0x21, 0x28, 0x46, 0xBE,
    0xA8, 0x70, 0x7E, 0x43, 0x50, 0x2D, 0xCE, 0xFD, 0x7D, 0x0B, 0x99, 0xB1, 0xBE, 0xEC, 0xAB, 0x14,
    0xC4, 0x7D, 0x6B, 0x56, 0x6F, 0x9C, 0x4C, 0x33, 0xBB, 0x8C, 0xA1, 0x74, 0x06, 0xAC, 0xD4, 0xAF,
    0x06, 0x9C, 0x8A, 0xB5, 0x31, 0xED, 0x03, 0x4E, 0x6B, 0x84, 0x5E, 0x20, 0xCC, 0x20, 0x6C, 0x25,
    0xEC, 0x62, 0x39, 0x0A, 0x38, 0x15, 0x6A, 0x10, 0xB9, 0xE2, 0xE6, 0xB4, 0x9E, 0x6A, 0x44, 0x52,
    0xE7, 0x1C, 0xDA, 0xE7, 0xED, 0x9F, 0x9B, 0xA5, 0x8B, 0x0C, 0x5B, 0x2A, 0x44, 0x3F, 0xBF, 0x6B,
    0xFF, 0x35, 0xBD, 0x2B, 0xE7, 0x06, 0xED, 0x04, 0xC6, 0x7D, 0x5F, 0x3A, 0xB3, 0x69, 0x3F, 0x4A,
    0x6F, 0xC2, 0xDC, 0xDC, 0xE3, 0x65, 0x0B, 0x53, 0x57, 0xB6, 0xB0, 0x76, 0x65, 0x0B, 0xED, 0xCE,
    0xB2, 0x85, 0x83, 0x74, 0xD8, 0x0B, 0x7C, 0xED, 0x2E, 0xA4, 0xD9, 0x85, 0xF4, 0x67, 0x2B, 0xBD,
    0x3C, 0xF2, 0x3D, 0xDC, 0xD2, 0xB4, 0xDD, 0x1A, 0x69, 0xBB, 0xB6, 0x1C, 0xD2, 0x76, 0xF5, 0x18,
    0x82, 0x74, 0x50, 0x44, 0xC7, 0xAD, 0x78, 0x42, 0xFE, 0xC3, 0x38, 0xB8, 0x3D, 0x55, 0x77, 0x2F,
    0x0E, 0x20, 0xF3, 0xCE, 0x70, 0x8E, 0x0C, 0xB6, 0xB4, 0xA6, 0x3F, 0x3B, 0xB4, 0x66, 0x8F, 0x56,
    0x44, 0xF8, 0xAB, 0x4B, 0x7E, 0x2D, 0x3E, 0x7B, 0x2C, 0x5F, 0xB2, 0x77, 0x87, 0x4F, 0x0E, 0xCD,
    0xD9, 0x17, 0x64, 0x7E, 0xC8, 0xD8, 0xA9, 0x89, 0x9E, 0x16, 0x96, 0x9B, 0xBB, 0x09, 0x5B, 0x8A,
    0x89, 0x86, 0xB7, 0x43, 0xE3, 0x42, 0x6B, 0xA5, 0x2C, 0x8F, 0xAB, 0xA7, 0xAE, 0xC4, 0xD8, 0xAB,
    0x14, 0x71, 0xEF, 0xBC, 0x0C, 0x07, 0xAC, 0xBC, 0x46, 0x6C, 0x08, 0x00, 0x32, 0xA3, 0x5D, 0xF2,
    0xC4, 0xFF, 0x9E, 0x9D, 0x01, 0x05, 0xFE, 0x94, 0x83, 0x1D, 0x4E, 0xD8, 0x0B, 0x6C, 0xBB, 0xD9,
    0xF2, 0xED, 0x4F, 0x18, 0x9E, 0xF6, 0xED, 0x6B, 0x0C, 0x4F, 0x29, 0x7C, 0xD1, 0xD7, 0x04, 0xD4,
    0x4F, 0x0E, 0x49, 0x01, 0xF9, 0x7B, 0xA3, 0x81, 0xF3, 0xB9, 0x46, 0x6B, 0xE7, 0x2A, 0x2D, 0xA4,
    0xAB, 0x71, 0x4E, 0xC9, 0x65, 0xE0, 0x93, 0xBD, 0xB5, 0xE3, 0xDE, 0x28, 0x61, 0xE9, 0x62, 0xCF,
    0x3B, 0x33, 0x12, 0x8E, 0x46, 0x47, 0x0B, 0x38, 0x3A, 0x70, 0x54, 0x10, 0x5D, 0xA3, 0x50, 0xE4,
    0x66, 0x7E, 0xDD, 0xDC, 0x96, 0x14, 0xF6, 0xC5, 0x90, 0xC2, 0x2E, 0x2E, 0x32, 0x49, 0x3B, 0xF4,
    0x77, 0xB5, 0x13, 0xE9, 0x4F, 0xCE, 0xB3, 0xC7, 0xFF, 0x78, 0xF6, 0xB4, 0xD2, 0x76, 0x3E, 0x9C,
    0x24, 0xDA, 0xAA, 0x27, 0x01, 0xDA, 0xBF, 0x9F, 0x0A, 0x9C, 0x96, 0xD7, 0x04, 0x1B, 0x81, 0x45,
    0x2B, 0x30, 0xB3, 0xDF, 0x7C, 0x57, 0x8A, 0xBE, 0x8A, 0x35, 0x81, 0x1E, 0xD2, 0xC0, 0x92, 0x5C,
    0x68, 0x95, 0x75, 0x33, 0xBD, 0x46, 0xD8, 0x9F, 0x0A, 0xB5, 0x0B, 0xAA, 0x72, 0x73, 0x40, 0x37,
    0xE3, 0x64, 0x14, 0xD8, 0x41, 0xA3, 0x4F, 0xDA, 0x7A, 0xC2, 0x6C, 0xAD, 0x9D, 0x6A, 0xB8, 0xFE,
    0xAB, 0xCF, 0x32, 0xF2, 0xDA, 0x3B, 0x7B, 0xB7, 0x67, 0xCF, 0xB2, 0x05, 0xF7, 0x63, 0x17, 0x69,
    0xC2, 0x46, 0x9A, 0x7F, 0xC0, 0xF2, 0x79, 0x67, 0x67, 0x6B, 0x9E, 0x45, 0x7B, 0x00, 0x4F, 0x4B,
    0x5C, 0x02, 0xC2, 0x9A, 0x94, 0x04, 0xD4, 0x00, 0x11, 0xEC, 0x7D, 0xF3, 0xB1, 0xD2, 0xE5, 0xA2,
    0x38, 0x6E, 0x00, 0xEE, 0x83, 0xAA, 0x98, 0x75, 0xB2, 0x41, 0x66, 0x5A, 0x4A, 0x81, 0xF6, 0x1A,
    0xA8, 0x83, 0x59, 0x2B, 0x9A, 0x14, 0xC2, 0x3C, 0xE6, 0x0A, 0x17, 0xC6, 0x45, 0x7F, 0xB8, 0xD8,
    0x8E, 0x6B, 0x81, 0xBE, 0x06, 0x50, 0xFA, 0x52, 0x2C, 0x70, 0xC1, 0x5E, 0x7C, 0x1E, 0xD5, 0x71,
    0x12, 0xC8, 0x6A, 0xCA, 0xEE, 0x95, 0xB2, 0xE8, 0xAE, 0xDA, 0x16, 0x08, 0xC9, 0x52, 0xD1, 0x86,
    0x77, 0xCE, 0xAE, 0xD0, 0xFC, 0x39, 0x88, 0x4E, 0x9F, 0x2C, 0x27, 0x89, 0x78, 0x47, 0xCC, 0x65,
    0x7D, 0x86, 0x62, 0x34, 0xBC, 0x09, 0xEF, 0x63, 0xF9, 0x2D, 0x53, 0x2F, 0x0C, 0x8B, 0x08, 0xB1,
    0x3D, 0xC1, 0x6E, 0x07, 0x0E, 0xFD, 0xE1, 0x78, 0x15, 0x24, 0x0B, 0xB3, 0x09, 0x45, 0xEA, 0x0D,
    0x85, 0xEC, 0xAB, 0x85, 0x3E, 0xDE, 0xD1, 0x46, 0x28, 0x46, 0x75, 0x52, 0xFB, 0xA4, 0x08, 0x9D,
    0xF1, 0x3F, 0x16, 0xBE, 0x94, 0xBA, 0x13, 0x9F, 0x52, 0xB7, 0xA1, 0xF0, 0xF4, 0x7F, 0xB4, 0xB9,
    0xB9, 0xF9, 0xDC, 0xA0, 0x26, 0xEC, 0x81, 0x4C, 0x1D, 0xB7, 0xE9, 0x11, 0x7F, 0x15, 0x79, 0xC0,
    0xE9, 0x71, 0x4F, 0xBA, 0x40, 0xA6, 0xA7, 0x1D, 0x61, 0x68, 0xE2, 0x92, 0x28, 0xD6, 0x38, 0xE3,
    0xBB, 0x56, 0x89, 0x22, 0xAB, 0xCC, 0x28, 0x27, 0xD4, 0x15, 0x47, 0x71, 0x45, 0xFE, 0x9E, 0xE8,
    0xB9, 0x3D, 0x3B, 0x9F, 0xF2, 0xB7, 0xF8, 0x64, 0x8E, 0xAD, 0x49, 0xE3, 0x37, 0x07, 0x83, 0xCA,
    0xEB, 0xC2, 0xB0, 0xF2, 0xAC, 0x6F, 0x2F, 0x9D, 0xB0, 0xC2, 0x82, 0xB2, 0x8F, 0xA8, 0x0B, 0x08,
    0xE3, 0x91, 0x06, 0x51, 0x7C, 0x48, 0xF0, 0x26, 0xA6, 0x0D, 0x3F, 0x3F, 0xD1, 0xE0, 0xF9, 0x0E,
    0xAB, 0xDB, 0x48, 0x3E, 0x2C, 0x9F, 0x26, 0x6B, 0xD6, 0x8F, 0x69, 0x80, 0xF2, 0x71, 0x8D, 0x4B,
    0xF6, 0x9D, 0xDB, 0xAA, 0x8F, 0x21, 0xFA, 0x96, 0x6C, 0x41, 0x01, 0xE2, 0x1C, 0x61, 0xA1, 0x73,
    0x65, 0x95, 0x0F, 0x71, 0xF4, 0xCD, 0x67, 0x7E, 0xB2, 0x7A, 0x11, 0x74, 0x79, 0xCD, 0xC8, 0x31,
    0x8E, 0x08, 0xA7, 0xB1, 0xEE, 0x9C, 0xA3, 0x8E, 0xDB, 0x54, 0x4B, 0x15, 0xF8, 0x2D, 0x42, 0xA0,
    0x0E, 0xD1, 0x9F, 0x27, 0x46, 0x5B, 0x3E, 0xA8, 0xC0, 0x80, 0x0C, 0x0C, 0xE8, 0xC0, 0x80, 0x10,
    0x0C, 0x28, 0xC1, 0x08, 0x29, 0xE8, 0x76, 0x04, 0x62, 0xD0, 0xA0, 0x2E, 0x6D, 0x31, 0x36, 0xD2,
    0x07, 0x50, 0x84, 0x90, 0x84, 0xD0, 0x84, 0x10, 0x85, 0x52, 0x85, 0x90, 0x85, 0x91, 0x63, 0xEB,
    0x27, 0xD5, 0xDE, 0x2D, 0xEB, 0x7C, 0x77, 0xE4, 0x78, 0x6B, 0x57, 0xA5, 0xA1, 0x0F, 0x49, 0xF2,
    0x7A, 0x51, 0x8E, 0xB6, 0x86, 0x01, 0xCF, 0xC7, 0x78, 0x1F, 0x83, 0xC3, 0x25, 0x30, 0x86, 0x90,
    0xA4, 0x51, 0x88, 0xEB, 0x74, 0xCC, 0x35, 0xDD, 0xCF, 0x9F, 0x4E, 0x45, 0xBB, 0x75, 0xA7, 0xA2,
    0x8D, 0x7E, 0x96, 0x7A, 0x5C, 0x8E, 0x5F, 0x9B, 0xAF, 0x19, 0xF5, 0x9A, 0x9D, 0x52, 0x44, 0x85,
    0x21, 0xCF, 0x0E, 0x2A, 0xA8, 0x4B, 0xCF, 0x39, 0xB7, 0x72, 0x93, 0xBB, 0xA8, 0x0C, 0xA3, 0x86,
    0x27, 0x69, 0x74, 0x92, 0x0B, 0x4E, 0xD2, 0xD8, 0x24, 0x0D, 0x4D, 0xD2, 0xC8, 0x24, 0x0D, 0x4C,
    0xD2, 0xB8, 0x24, 0x0D, 0x4B, 0xD2, 0xA8, 0x24, 0x0D, 0x4A, 0xD2, 0x98, 0x24, 0x0D, 0x49, 0xA2,
    0xE5, 0xFF, 0x81, 0x19, 0x1D, 0xC7, 0xF9, 0x05, 0x0D, 0x77, 0x8A, 0xE5, 0x74, 0x4D, 0xA9, 0x4E,
    0xAB, 0xA5, 0x6B, 0x31, 0x79, 0x85, 0x1C, 0xFE, 0x24, 0xF2, 0x21, 0x40, 0xD1, 0x8C, 0x41, 0x26,
    0x21, 0x4A, 0x59, 0xC3, 0xE7, 0x04, 0x10, 0x80, 0xE4, 0x96, 0x35, 0x6B, 0xA3, 0xD8, 0xD1, 0xAC,
    0x1E, 0x8C, 0x94, 0x0F, 0x08, 0xA3, 0x49, 0x72, 0xCC, 0x57, 0x36, 0xB7, 0xE2, 0xB0, 0x90, 0xD3,
    0x4F, 0x75, 0x8D, 0x6D, 0x1A, 0x2D, 0xBC, 0xCA, 0x71, 0x2D, 0x45, 0x19, 0x73, 0x1E, 0xC4, 0x1C,
    0x19, 0x9B, 0x9C, 0x43, 0x11, 0x5E, 0x28, 0xFB, 0x98, 0xA3, 0xA7, 0xD1, 0x9E, 0x41, 0xE4, 0x51,
    0x6B, 0xB4, 0x14, 0x0C, 0xD7, 0x97, 0x41, 0x75, 0x1A, 0x78, 0xB1, 0x4A, 0x17, 0x69, 0x9A, 0xEF,
    0xF6, 0xC9, 0x22, 0xD2, 0xB4, 0x44, 0xE4, 0x51, 0xD9, 0xFB, 0x91, 0xC7, 0xAD, 0xAB, 0x48, 0x32,
    0x44, 0xA0, 0x4E, 0xBB, 0xA1, 0xEA, 0x97, 0xE4, 0x6F, 0x26, 0x92, 0xA1, 0x99, 0x0A, 0x81, 0xAA,
    0xD7, 0xCF, 0x3B, 0x74, 0x6D, 0xA7, 0x7B, 0xED, 0x05, 0x83, 0x6B, 0x84, 0xA1, 0x83, 0xF9, 0x0E,
    0x98, 0x2A, 0x14, 0x67, 0x1F, 0x4E, 0xF5, 0x1A, 0xC3, 0x0D, 0x85, 0x5B, 0x0A, 0x65, 0x66, 0xE5,
    0x74, 0xAF, 0xFA, 0x72, 0xA7, 0x7B, 0xE5, 0xAB, 0xA7, 0x7B, 0x65, 0x7B, 0x3A, 0xA2, 0x5C, 0xB4,
    0xCB, 0x60, 0x86, 0x51, 0x06, 0xEA, 0xD5, 0x7D, 0x0E, 0x8D, 0xAB, 0x08, 0x32, 0xAA, 0x46, 0xB9,
    0xE0, 0x6A, 0x17, 0x52, 0x81, 0xB2, 0x5B, 0x6D, 0x27, 0xE3, 0x96, 0x17, 0x8E, 0xC1, 0x0A, 0x5D,
    0x69, 0xA7, 0xDC, 0x72, 0x35, 0xCA, 0x0E, 0xD5, 0x28, 0x3B, 0x04, 0x15, 0x76, 0x72, 0x38, 0x5B,
    0x3A, 0x54, 0xA3, 0x14, 0xD7, 0x8F, 0xE8, 0x80, 0x7A, 0x68, 0xE7, 0x28, 0x2B, 0x7F, 0x4B, 0xCD,
    0x40, 0x9F, 0x8D, 0x13, 0xB9, 0xA6, 0x2E, 0xAA, 0x6C, 0x8A, 0x63, 0x1B, 0x10, 0x55, 0xB6, 0x3B,
    0x7F, 0x36, 0x77, 0x88, 0xDB, 0x02, 0xDD, 0xA4, 0x6A, 0x85, 0xBF, 0xC9, 0x22, 0x10, 0x59, 0x25,
    0xA8, 0x43, 0x35, 0xAD, 0xB6, 0x71, 0xAE, 0x7B, 0x4C, 0xE7, 0x9C, 0xB9, 0xCB, 0xDB, 0x53, 0x82,
    0x13, 0xEB, 0xB8, 0x59, 0x55, 0x4A, 0xC6, 0x35, 0x85, 0xCC, 0x8E, 0x15, 0x2C, 0x7D, 0x90, 0x75,
    0x1C, 0x0D, 0x35, 0x38, 0xE4, 0x7C, 0x67, 0x5E, 0xC7, 0x9F, 0xB9, 0xB3, 0xD9, 0xDA, 0x9D, 0xE1,
    0x14, 0xBD, 0x51, 0xB5, 0x3F, 0x23, 0xA5, 0xCF, 0xE1, 0xF7, 0x77, 0x25, 0xCC, 0xB9, 0x43, 0xFF,
    0xF6, 0xA8, 0x06, 0xB7, 0x7E, 0x9B, 0x6A, 0xB0, 0x2E, 0x86, 0x18, 0x0C, 0x99, 0x5D, 0x21, 0x4F,
    0x09, 0x0C, 0x08, 0x47, 0x69, 0x70, 0x12, 0x6C, 0xF6, 0xF9, 0x7B, 0xC2, 0xFC, 0xE5, 0x14, 0x97,
    0x03, 0xCE, 0x47, 0x2B, 0x46, 0x79, 0xAF, 0x8F, 0x33, 0x51, 0x21, 0xD1, 0xCD, 0xA5, 0x1D, 0x44,
    0xD7, 0x15, 0xF8, 0x23, 0x63, 0x46, 0xEC, 0x50, 0xF4, 0x1D, 0xA9, 0x79, 0x64, 0x6E, 0xA9, 0xF9,
    0xCB, 0x73, 0xC7, 0x36, 0xA1, 0x40, 0x00, 0x2A, 0x18, 0x35, 0x03, 0x85, 0xF9, 0xCB, 0xCB, 0x85,
    0xFF, 0x7E, 0x3A, 0x8F, 0x97, 0xCC, 0xEF, 0xD0, 0xF1, 0x92, 0x1C, 0xA7, 0xA9, 0xC7, 0x4B, 0x96,
    0x2E, 0xE5, 0x65, 0x08, 0xA3, 0x19, 0x72, 0x83, 0x87, 0x20, 0x9A, 0x5E, 0xB3, 0xE9, 0x73, 0x5F,
    0x47, 0x47, 0xA5, 0x0C, 0xD8, 0x74, 0x3E, 0x2A, 0x5A, 0x24, 0xE5, 0x9C, 0xDF, 0x08, 0x10, 0x6B,
    0xBD, 0x60, 0xC5, 0x1D, 0x75, 0x9C, 0x6B, 0x77, 0x64, 0x01, 0xC7, 0x30, 0x10, 0xC9, 0x33, 0xF8,
    0x58, 0xEA, 0xB0, 0xFC, 0xC1, 0xA6, 0x16, 0xE5, 0x9C, 0xDF, 0xFE, 0x35, 0xCA, 0x39, 0xFF, 0x23,
    0x17, 0xDD, 0xAB, 0x8A, 0x3F, 0xFE, 0x84, 0xCB, 0xBF, 0x24, 0xAC, 0xCB, 0x72, 0x39, 0xE7, 0x29,
    0x83, 0xB0, 0xE5, 0x3A, 0x6D, 0x0B, 0x2E, 0x1B, 0x91, 0xFA, 0xD5, 0xB4, 0xA6, 0xFD, 0x27, 0xA8,
    0x7D, 0xAE, 0x9E, 0x94, 0xD9, 0x57, 0x16, 0x62, 0x26, 0x4B, 0x35, 0xE9, 0xC7, 0x68, 0xDC, 0x8F,
    0x58, 0x48, 0x9D, 0x51, 0x5F, 0x39, 0x8F, 0xF2, 0x9D, 0x10, 0xD7, 0x47, 0x25, 0x0A, 0x29, 0x70,
    0xEB, 0xDF, 0x8C, 0xBF, 0xA4, 0xBE, 0xB8, 0x4A, 0x4E, 0x9E, 0xD6, 0x54, 0x20, 0xFD, 0xFF, 0x8B,
    0xBA, 0x97, 0x3C, 0xAE, 0xC6, 0xDB, 0x83, 0x0A, 0xC5, 0x8C, 0xDB, 0x4E, 0x2B, 0xD5, 0xC1, 0xE4,
    0x05, 0xB3, 0x6E, 0x87, 0x1A, 0xF9, 0x25, 0x17, 0xED, 0x64, 0xC6, 0xD1, 0xC1, 0x5A, 0x01, 0xC8,
    0x95, 0xD1, 0x1B, 0xBC, 0x6C, 0x7F, 0x94, 0x35, 0xED, 0xFD, 0x5E, 0x56, 0xF8, 0xA4, 0x12, 0x16,
    0xE0, 0xCB, 0x79, 0x0B, 0x6C, 0x6B, 0x15, 0x23, 0x72, 0x29, 0xE2, 0x77, 0x98, 0x4A, 0x76, 0x48,
    0x2C, 0x85, 0x2A, 0x68, 0x85, 0x4B, 0x96, 0xEC, 0x11, 0x5D, 0x86, 0xCE, 0x83, 0xA0, 0x05, 0x60,
    0x26, 0x17, 0x37, 0x9F, 0x87, 0x7D, 0xB4, 0x12, 0xD3, 0x23, 0x7C, 0x9F, 0x15, 0x06, 0x19, 0x3C,
    0x27, 0x2C, 0xF5, 0x84, 0xAD, 0x52, 0xC3, 0xD5, 0x72, 0x35, 0x36, 0xC3, 0x45, 0x47, 0x7C, 0xE8,
    0x22, 0x7B, 0x27, 0x38, 0x86, 0x00, 0x45, 0xB7, 0xEE, 0x1B, 0x77, 0x14, 0x29, 0xD4, 0xA8, 0xCC,
    0x8E, 0xC2, 0xEC, 0xA8, 0xCB, 0x2E, 0xE9, 0xD3, 0x98, 0xDE, 0x21, 0x79, 0xFA, 0x56, 0x9F, 0xEA,
    0x40, 0xE0, 0xA8, 0xCC, 0x59, 0x00, 0x45, 0x38, 0xEA, 0x42, 0xCD, 0x19, 0x56, 0xD6, 0xA4, 0xFF,
    0x0F, 0x1A, 0x25, 0xB8, 0x54, 0xDD, 0xC3, 0x9F, 0x89, 0xB9, 0xF2, 0x72, 0x2F, 0x27, 0x6D, 0x25,
    0xE4, 0xE3, 0x28, 0xF8, 0x24, 0x8A, 0x86, 0x0F, 0xEC, 0x63, 0x2C, 0xAC, 0xE9, 0x77, 0x93, 0xED,
    0xC9, 0xF6, 0x4A, 0xB5, 0xAD, 0x5B, 0x7E, 0x02, 0xC7, 0x73, 0xAA, 0x54, 0x69, 0x2D, 0x20, 0x8D,
    0x81, 0xE9, 0x66, 0x32, 0xD6, 0x9C, 0x4E, 0x20, 0xE9, 0x55, 0x9C, 0xE9, 0x21, 0x0E, 0x6D, 0xB6,
    0x0F, 0xC2, 0xBE, 0xE3, 0xFD, 0xC1, 0x61, 0xFE, 0x6F, 0xF9, 0xF9, 0x48, 0x7B, 0x3A, 0xEB, 0x8C,
    0x7D, 0xE1, 0x6B, 0x7D, 0x8E, 0x0C, 0x8F, 0x1B, 0x8C, 0x0B, 0x47, 0x18, 0x83, 0x75, 0x01, 0x49,
    0xD3, 0x28, 0xEE, 0xB9, 0x64, 0xDB, 0x99, 0xB8, 0xA8, 0xD5, 0x73, 0x0F, 0x7B, 0xE3, 0x47, 0xDF,
    0xAD, 0x34, 0xEC, 0x4B, 0xAE, 0x4B, 0x36, 0xBF, 0xAB, 0xDF, 0x3D, 0x62, 0xDC, 0xFD, 0x1A, 0xB7,
    0x43, 0x4F, 0x6A, 0x87, 0x61, 0xB6, 0x2A, 0x84, 0xC2, 0xEB, 0x7C, 0x9D, 0xE2, 0xD8, 0x26, 0x60,
    0x3C, 0x76, 0xC0, 0x26, 0x95, 0x87, 0x2C, 0xE7, 0x25, 0x5D, 0xC4, 0xAE, 0xFE, 0xC3, 0x56, 0xCF,
    0xE7, 0xC8, 0x25, 0x8A, 0xE9, 0x3E, 0x97, 0xD8, 0xD8, 0x87, 0x06, 0x77, 0xA8, 0xAD, 0xCF, 0xD1,
    0x12, 0x34, 0x11, 0xAD, 0xDF, 0x46, 0x44, 0x5B, 0x13, 0xCB, 0x53, 0xE1, 0x59, 0x9E, 0x8B, 0xA9,
    0xA5, 0xC9, 0xF8, 0x77, 0x49, 0x37, 0x45, 0x4E, 0x11, 0xCE, 0x2C, 0xB1, 0x38, 0xA0, 0x07, 0xC4,
    0xD2, 0xB0, 0x31, 0x23, 0xA9, 0x88, 0x22, 0xD7, 0x0B, 0x2E, 0x46, 0xF3, 0x65, 0x9A, 0x14, 0xFB,
    0x6F, 0x0D, 0xCD, 0x8A, 0x65, 0xAE, 0xF7, 0x3E, 0x27, 0x6A, 0x59, 0xF6, 0xFE, 0x4F, 0x8E, 0xA1,
    0xFE, 0xAA, 0x90, 0x01, 0x29, 0xC1, 0x5F, 0x45, 0xC0, 0x22, 0x31, 0xBD, 0x88, 0x27, 0x9C, 0xC5,
    0x69, 0xBE, 0x5D, 0x3B, 0x5D, 0xF4, 0x4C, 0xAF, 0x68, 0xC7, 0x91, 0xB1, 0xDF, 0xC9, 0x21, 0x08,
    0xCD, 0x69, 0x0C, 0x67, 0x05, 0x42, 0x06, 0xA7, 0x68, 0x27, 0x52, 0x7E, 0x44, 0xDA, 0x53, 0x68,
    0x1F, 0x74, 0x39, 0xBF, 0xAE, 0xFD, 0x1C, 0xDA, 0xC7, 0xD1, 0x1E, 0xC4, 0x42, 0x68, 0xFA, 0x16,
    0xC7, 0x7F, 0xEB, 0xEF, 0x1B, 0x66, 0xCA, 0xFD, 0xF5, 0xE3, 0x3B, 0x98, 0xFB, 0xD1, 0x7E, 0x09,
    0xED, 0x41, 0xB4, 0x67, 0x70, 0x98, 0x50, 0x8D, 0x93, 0x02, 0x97, 0x22, 0xA4, 0x8D, 0xF9, 0xD6,
    0x06, 0x9F, 0x18, 0x52, 0xE0, 0x56, 0xFC, 0xE4, 0x22, 0xDD, 0xD2, 0xAC, 0xA2, 0x88, 0x57, 0xF7,
    0xE4, 0x97, 0x83, 0x8D, 0x30, 0xBF, 0xA5, 0xF5, 0x55, 0xE5, 0xA8, 0xD6, 0xC8, 0x4A, 0x1C, 0x09,
    0x52, 0x86, 0x83, 0x0E, 0x26, 0x9B, 0xB0, 0x42, 0x54, 0x48, 0x24, 0xA9, 0x61, 0x88, 0x53, 0xE8,
    0xB4, 0x5C, 0x0B, 0x36, 0x23, 0x92, 0x53, 0xBE, 0xDE, 0xA7, 0xE7, 0xB9, 0x12, 0x4B, 0x6A, 0xD2,
    0x74, 0x54, 0xB9, 0x13, 0x7C, 0x61, 0xC6, 0x8A, 0x47, 0x55, 0x8C, 0x8B, 0x16, 0xCD, 0x25, 0x31,
    0xBA, 0x94, 0xB3, 0x92, 0xF2, 0x02, 0x65, 0x10, 0xD0, 0x8D, 0xA8, 0x45, 0xB0, 0x6A, 0x52, 0x73,
    0x05, 0x29, 0xB6, 0xF1, 0x20, 0x9D, 0x97, 0xC6, 0xA3, 0xB8, 0x74, 0x52, 0xB2, 0x4D, 0xE4, 0xA1,
    0x2F, 0x1D, 0xEB, 0x87, 0x15, 0xAC, 0x4D, 0x0A, 0x0A, 0x73, 0x31, 0x2C, 0x8B, 0x63, 0x7E, 0x38,
    0xAE, 0x83, 0x84, 0x65, 0xA2, 0x29, 0x5F, 0xEA, 0x4C, 0xE6, 0x4C, 0x9F, 0xD2, 0x78, 0xF4, 0x3E,
    0xB9, 0x5C, 0x72, 0xF1, 0xBB, 0xD4, 0xCC, 0xFD, 0x8E, 0x9A, 0x29, 0x47, 0x9E, 0x86, 0xCC, 0x51,
    0x62, 0xB8, 0x17, 0x8C, 0xD6, 0x37, 0x5D, 0xCF, 0xD7, 0xB7, 0x11, 0x42, 0x8B, 0x60, 0x5A, 0x2E,
    0x1C, 0x0A, 0x8B, 0x14, 0x40, 0x52, 0x03, 0x44, 0x15, 0x4C, 0x38, 0x5C, 0x64, 0xF4, 0xDE, 0x1A,
    0xDF, 0x6D, 0xDA, 0xAE, 0xA6, 0xCD, 0xB4, 0x15, 0xDF, 0xC1, 0xD0, 0x90, 0x2C, 0x42, 0x74, 0x75,
    0xD4, 0x1C, 0x1D, 0x73, 0x8E, 0x5B, 0x3C, 0x0F, 0x9C, 0x31, 0x6E, 0xF6, 0x9B, 0xC1, 0x08, 0xDF,
    0xA7, 0x92, 0x7B, 0xD4, 0xED, 0xAA, 0x0F, 0xF5, 0x1E, 0xF0, 0xF1, 0xEF, 0x4D, 0x51, 0x66, 0xBD,
    0x20, 0x7B, 0x9F, 0x59, 0xFB, 0x93, 0xE1, 0xFD, 0x96, 0x1B, 0xDE, 0xBD, 0x6D, 0x15, 0x6D, 0x83,
    0x46, 0x2D, 0x3D, 0x51, 0x1B, 0x89, 0xCC, 0x1A, 0x77, 0xAE, 0x00, 0x4C, 0xA7, 0xBF, 0xC1, 0xC9,
    0x0C, 0x22, 0x0E, 0x7B, 0x47, 0xCD, 0x5E, 0x3F, 0x77, 0xD3, 0xF9, 0x47, 0x7F, 0x61, 0xFE, 0x13,
    0x02, 0x69, 0x50, 0x14, 0xEB, 0x2C, 0x62, 0x8C, 0xCE, 0x62, 0x1B, 0x46, 0xB0, 0x80, 0x85, 0x26,
    0xF5, 0x10, 0x86, 0xEA, 0xAE, 0xC9, 0xD4, 0xE6, 0xDA, 0xCC, 0x13, 0x54, 0x51, 0x8E, 0xAE, 0x50,
    0x45, 0xD9, 0xDC, 0xD4, 0xB3, 0x9F, 0xD6, 0x7A, 0xB5, 0x6C, 0x4D, 0xCC, 0xE0, 0x24, 0x50, 0xCF,
    0xE8, 0xFB, 0xF1, 0x1C, 0x75, 0x6D, 0xB0, 0xFE, 0x9E, 0x86, 0x52, 0x7B, 0x06, 0x1D, 0x7C, 0x51,
    0xC3, 0xDF, 0x11, 0x0C, 0xE2, 0x8D, 0xAA, 0xA8, 0x86, 0x9A, 0xAA, 0x77, 0x4E, 0x42, 0x1D, 0x25,
    0x54, 0x63, 0x39, 0xC4, 0xA2, 0x17, 0x76, 0x08, 0x7E, 0xA7, 0x51, 0xF8, 0x01, 0xDA, 0x37, 0xD0,
    0x9E, 0x01, 0x73, 0x3E, 0x82, 0x4F, 0x33, 0xF0, 0xEB, 0x04, 0xAE, 0x8D, 0x04, 0x05, 0xA9, 0x42,
    0x04, 0xBF, 0x4F, 0xC4, 0x45, 0xBB, 0x3E, 0xEB, 0x73, 0xF1, 0x67, 0xB3, 0x22, 0x47, 0x14, 0x65,
    0x78, 0xA9, 0xB0, 0x79, 0xC4, 0x49, 0x77, 0x31, 0xFB, 0x7D, 0x9F, 0xE0, 0x17, 0x7F, 0xCA, 0x73,
    0x27, 0xD6, 0x09, 0x8B, 0x0F, 0x25, 0x7E, 0x5E, 0xAB, 0xA3, 0xD1, 0xCB, 0x70, 0xD2, 0x0D, 0x0F,
    0xD3, 0x25, 0x88, 0xFF, 0x53, 0x39, 0x95, 0xA2, 0x2F, 0x2A, 0x02, 0x21, 0x58, 0x76, 0xFB, 0xCA,
    0xB9, 0x5A, 0x61, 0x47, 0x2F, 0xCA, 0x1F, 0xB2, 0x13, 0xF2, 0x4D, 0xD6, 0x2A, 0x0A, 0x56, 0x71,
    0xB3, 0x45, 0x8C, 0xA2, 0xA8, 0x1C, 0xED, 0x26, 0x5E, 0xAC, 0xCD, 0xCD, 0xCD, 0x9E, 0x9F, 0xA4,
    0x0E, 0x71, 0xBF, 0xE9, 0xF6, 0x5C, 0x77, 0x52, 0x03, 0x2C, 0xBD, 0x42, 0x0D, 0x30, 0x17, 0x47,
    0xDF, 0x1F, 0xDC, 0xE9, 0x10, 0x67, 0xFC, 0x92, 0x18, 0x5C, 0x09, 0xFD, 0x59, 0xBA, 0xCC, 0x64,
    0xB5, 0x8B, 0xD5, 0x8A, 0x4C, 0x2B, 0x45, 0xA2, 0xD2, 0xD5, 0x2D, 0x72, 0xF7, 0x71, 0x95, 0x8C,
    0xFC, 0x4A, 0x91, 0xB0, 0x54, 0x24, 0x49, 0x15, 0x69, 0xDD, 0x61, 0xA1, 0xB5, 0x3B, 0x2B, 0x74,
    0xE1, 0x90, 0xDC, 0x21, 0x7B, 0xBD, 0xA1, 0x71, 0x35, 0xC0, 0xF4, 0x7C, 0xCF, 0xB9, 0xF8, 0x28,
    0xDC, 0xE9, 0x9E, 0x23, 0xB1, 0xD8, 0x4A, 0x3F, 0x24, 0x25, 0x9C, 0xBF, 0xB5, 0xB6, 0xA9, 0x86,
    0x23, 0xB3, 0x23, 0x21, 0xE8, 0x0E, 0x54, 0x2B, 0x3E, 0xAE, 0x41, 0x15, 0xBE, 0x55, 0x63, 0x6B,
    0x60, 0xBF, 0xE9, 0x62, 0x29, 0x7E, 0x2C, 0xBB, 0xC0, 0x94, 0x0F, 0xBD, 0x12, 0x2B, 0xAC, 0x53,
    0x3A, 0x1F, 0x04, 0x07, 0xFA, 0xD3, 0xFC, 0xF6, 0xBA, 0xAA, 0x28, 0xAB, 0xA2, 0xA3, 0x8A, 0xBA,
    0xAA, 0x38, 0x14, 0xD6, 0x5D, 0x1A, 0xEB, 0x1D, 0x99, 0xEB, 0x7D, 0xA9, 0xD4, 0x54, 0x4F, 0x16,
    0xE2, 0x89, 0xB2, 0x95, 0xA8, 0xFE, 0x76, 0x29, 0xB0, 0xA8, 0x32, 0x75, 0x27, 0x4A, 0x12, 0xC7,
    0x9A, 0x86, 0xB1, 0xDE, 0xAA, 0xDA, 0xA4, 0x22, 0x3D, 0x28, 0x5C, 0x68, 0x7E, 0xE2, 0x00, 0xDB,
    0x15, 0x78, 0xEB, 0x6B, 0x93, 0xF6, 0x07, 0x59, 0xE0, 0xF8, 0x8A, 0xA0, 0x3F, 0xC8, 0xC2, 0xDF,
    0xEB, 0x20, 0x8B, 0x5B, 0x7B, 0xB4, 0xDA, 0x6D, 0x1B, 0xF3, 0x9D, 0xF5, 0x60, 0xBB, 0xDB, 0x3C,
    0xE6, 0xD7, 0x35, 0x96, 0x1A, 0x61, 0x4E, 0xCD, 0xA5, 0x59, 0x71, 0x1D, 0x63, 0xF9, 0x29, 0xA7,
    0xFB, 0x3B, 0x3D, 0x07, 0xB7, 0x84, 0xEE, 0x6F, 0x70, 0xAE, 0x20, 0xFD, 0xD2, 0xDB, 0x3C, 0x83,
    0xF2, 0xDE, 0x90, 0x7F, 0x55, 0x00, 0x76, 0x12, 0xB0, 0x27, 0x22, 0xB0, 0xCA, 0xC0, 0xF7, 0xD0,
    0x71, 0xD3, 0xEB, 0xF4, 0x27, 0x99, 0xB3, 0x3D, 0xB2, 0xA0, 0xFD, 0x8E, 0xFE, 0x10, 0x24, 0x8A,
    0x5D, 0x10, 0xF5, 0xA6, 0x43, 0x36, 0xF2, 0xCD, 0x3C, 0x5B, 0xC9, 0x43, 0x90, 0xA2, 0x13, 0x4D,
    0x30, 0x8A, 0xCD, 0x4A, 0xA1, 0x8B, 0x95, 0x9F, 0x35, 0x58, 0x40, 0xB1, 0xD7, 0xB7, 0x81, 0x14,
    0x26, 0x5C, 0x78, 0x45, 0x27, 0xDB, 0x67, 0x58, 0xC9, 0x80, 0x84, 0xA5, 0xD4, 0xE7, 0x0D, 0xD5,
    0xF3, 0x15, 0x6B, 0xCC, 0x63, 0xA2, 0x76, 0x87, 0x23, 0xDA, 0x89, 0x33, 0x6A, 0x09, 0x93, 0xF5,
    0x27, 0x95, 0x42, 0xE8, 0x06, 0xDF, 0xD0, 0x5A, 0xA0, 0x67, 0xB5, 0x3A, 0xC7, 0xAF, 0x55, 0x10,
    0xE9, 0x05, 0x4E, 0x1D, 0x05, 0xB5, 0xE5, 0xB9, 0xE0, 0xB8, 0x42, 0x5F, 0x37, 0xD9, 0x99, 0x83,
    0xA8, 0x9A, 0x71, 0x2C, 0xA9, 0x2D, 0xDB, 0x85, 0x4E, 0x9C, 0x96, 0x6C, 0xEF, 0xCB, 0x79, 0x54,
    0xAB, 0x71, 0x07, 0x6F, 0x3A, 0xA3, 0x84, 0x3A, 0x4C, 0xFB, 0x96, 0xE4, 0xB6, 0x74, 0x0F, 0xB9,
    0xED, 0xEE, 0x3C, 0x32, 0x91, 0x44, 0x92, 0xA3, 0x63, 0xF5, 0x39, 0x56, 0x0D, 0x3B, 0x69, 0xC5,
    0xF0, 0x1F, 0x37, 0x91, 0x28, 0x81, 0x4B, 0x29, 0x70, 0xE7, 0xA5, 0x1C, 0xAA, 0xFD, 0x99, 0xA3,
    0x82, 0xF5, 0x94, 0x8F, 0xDE, 0x49, 0x58, 0x1D, 0x22, 0xF5, 0x89, 0x37, 0x8A, 0xA2, 0xC6, 0x31,
    0xDC, 0x4B, 0x9C, 0xEC, 0xCE, 0x8C, 0x8F, 0x36, 0x98, 0xF5, 0xF4, 0x1E, 0xA0, 0x08, 0x63, 0xB4,
    0xAC, 0xD3, 0xB4, 0x91, 0xB1, 0x8B, 0x5A, 0xC9, 0xEA, 0x4D, 0x3E, 0xD2, 0x47, 0xBF, 0xD6, 0x4A,
    0xF6, 0xB5, 0x04, 0xDB, 0x4C, 0xE7, 0x89, 0x46, 0x57, 0x3C, 0xFA, 0x59, 0xE4, 0x0F, 0x26, 0xA8,
    0x90, 0x88, 0xB7, 0x84, 0x0E, 0xFE, 0x3B, 0x6C, 0xFB, 0x67, 0xF9, 0xAB, 0xD9, 0x37, 0xF8, 0x8B,
    0x2D, 0x06, 0xA9, 0xE6, 0x9E, 0x4E, 0x16, 0x1C, 0xC4, 0x3D, 0xC9, 0xBF, 0x7A, 0x77, 0xD3, 0xC7,
    0x7E, 0xDD, 0x89, 0xB2, 0xB9, 0x14, 0x81, 0xB0, 0xEA, 0x4A, 0xB4, 0x95, 0x18, 0x8D, 0x78, 0xC7,
    0x92, 0x30, 0x26, 0x29, 0x0C, 0xBF, 0x06, 0x2B, 0xCC, 0xBD, 0x91, 0xE1, 0xE5, 0x6C, 0xA9, 0xB5,
    0xCB, 0xF0, 0x4A, 0xD5, 0x1C, 0x38, 0xC4, 0x64, 0xAF, 0x1B, 0xE1, 0x14, 0x38, 0xDA, 0xB5, 0x62,
    0xEB, 0xA0, 0x08, 0x98, 0x24, 0x17, 0x2D, 0x9D, 0xF0, 0x39, 0xDE, 0xCC, 0x5D, 0x66, 0xD1, 0x6D,
    0x3E, 0x9A, 0xF4, 0xB2, 0x25, 0x75, 0xF7, 0x76, 0x7F, 0xFD, 0x60, 0x97, 0xF3, 0xEA, 0x16, 0xB5,
    0x4C, 0xB7, 0x07, 0xB4, 0x16, 0xAD, 0xBC, 0x6B, 0x5C, 0x0F, 0x21, 0xAE, 0xD3, 0xCB, 0x64, 0xA2,
    0xE9, 0xF9, 0x54, 0x52, 0x1A, 0x2C, 0xFF, 0xA4, 0x07, 0xDE, 0xFD, 0x35, 0xB2, 0x99, 0xA5, 0x78,
    0x60, 0xA7, 0x31, 0xA4, 0xAD, 0xAE, 0x9D, 0x33, 0x1A, 0xA3, 0xF9, 0xE8, 0x58, 0xA5, 0x18, 0x94,
    0x8A, 0x41, 0xAD, 0x18, 0x14, 0x8B, 0x41, 0xB5, 0x18, 0x94, 0x8B, 0x5E, 0xBD, 0x90, 0xEA, 0x81,
    0x6A, 0x3D, 0xA9, 0x31, 0x99, 0x62, 0x3E, 0xE1, 0x51, 0xC8, 0x65, 0x54, 0x06, 0x03, 0x8A, 0x71,
    0xE5, 0xF2, 0x47, 0x06, 0x8A, 0x1B, 0xC5, 0xBA, 0x93, 0x17, 0x9D, 0xE1, 0x83, 0x35, 0x1B, 0xB1,
    0x73, 0x70, 0x5E, 0xB3, 0x5E, 0x67, 0xBB, 0xBE, 0xFE, 0xB7, 0x1D, 0xB0, 0x54, 0x31, 0x62, 0xDF,
    0xD7, 0x84, 0x8D, 0xBF, 0xDB, 0xDF, 0xB9, 0xD1, 0x7E, 0x4C, 0xEC, 0x52, 0xCD, 0x2A, 0x27, 0xE1,
    0xC7, 0xD9, 0x4E, 0xAC, 0x33, 0xAC, 0x8C, 0xDD, 0x9E, 0x2C, 0x13, 0xCB, 0xE0, 0x39, 0x8E, 0x53,
    0xEC, 0xCD, 0x71, 0x16, 0xF2, 0xF9, 0xAE, 0xE5, 0x25, 0xBE, 0x9F, 0x4F, 0xE9, 0x41, 0xAC, 0xAE,
    0xA0, 0x73, 0x24, 0x0E, 0x9A, 0x09, 0x2F, 0xC6, 0x5A, 0x3C, 0x27, 0x4D, 0x5F, 0xBD, 0x80, 0x35,
    0x99, 0x2D, 0x01, 0x07, 0x05, 0x3C, 0xDE, 0x97, 0x6A, 0xB9, 0x02, 0xE0, 0xA2, 0x86, 0x47, 0x85,
    0x43, 0xD0, 0x2D, 0x1F, 0x93, 0xFF, 0x5D, 0xC3, 0xF7, 0xAE, 0x09, 0xE8, 0xFE, 0xA8, 0x15, 0x9B,
    0xEB, 0xF1, 0xDE, 0x8A, 0x79, 0x78, 0x40, 0x22, 0x59, 0x93, 0xBC, 0x90, 0xED, 0xA2, 0x95, 0x08,
    0x7B, 0x39, 0xE5, 0x5A, 0xFB, 0x2F, 0xA7, 0x3F, 0xED, 0xE3, 0x42, 0xCE, 0xB0, 0x76, 0x33, 0x59,
    0x96, 0x24, 0x61, 0xD1, 0x7E, 0x94, 0x55, 0x7E, 0xDF, 0xD0, 0x9A, 0xEE, 0xC3, 0x37, 0xA0, 0x9F,
    0x20, 0x21, 0x72, 0x5F, 0x71, 0x69, 0xDB, 0x8C, 0xE2, 0x3A, 0xA4, 0xA9, 0x76, 0x37, 0xC5, 0xD0,
    0x2C, 0x5C, 0x28, 0xA2, 0x9C, 0xFF, 0x03, 0x3F, 0xA2, 0x2B, 0xE5, 0x04, 0x09, 0x97, 0x4B, 0x10,
    0x49, 0x30, 0xA2, 0xAB, 0x66, 0xE0, 0x8A, 0x19, 0xF4, 0xB5, 0x0C, 0x5C, 0x29, 0x03, 0x57, 0xC9,
    0xC0, 0x15, 0x32, 0xE8, 0xEB, 0x18, 0xB8, 0x32, 0x06, 0xAE, 0x8A, 0x41, 0xCC, 0x47, 0x55, 0x8E,
    0x6A, 0x18, 0xB8, 0x12, 0x06, 0x7D, 0x05, 0x03, 0x07, 0x33, 0x1D, 0x96, 0x42, 0x77, 0x1A, 0xAD,
    0x5E, 0xE0, 0xFF, 0x46, 0xA3, 0x49, 0xB5, 0x76, 0x41, 0xA4, 0xE1, 0x3D, 0x1B, 0x5A, 0xF5, 0x52,
    0x62, 0xF0, 0xFA, 0xBA, 0x05, 0x81, 0xC6, 0xD4, 0x72, 0xB4, 0x0D, 0x8B, 0x5E, 0x5C, 0xB4, 0x00,
    0xE7, 0x8B, 0xD5, 0x5A, 0x70, 0x12, 0x59, 0x5C, 0xE9, 0xC3, 0xF2, 0x2A, 0xA9, 0xEE, 0x69, 0x3B,
    0xE1, 0x6A, 0xEC, 0xED, 0x54, 0x85, 0x29, 0x75, 0xB2, 0xB9, 0x0A, 0xDD, 0xAE, 0x5C, 0x56, 0xAC,
    0xE1, 0x46, 0x4E, 0xE6, 0x62, 0xD7, 0x2A, 0x0A, 0x18, 0xA0, 0x7E, 0x81, 0x94, 0x2F, 0x80, 0x8F,
    0x12, 0xC5, 0x0B, 0x50, 0xBB, 0x00, 0xA5, 0x0B, 0xE4, 0xBD, 0xA5, 0x59, 0x6A, 0xD9, 0x02, 0x54,
    0x2D, 0x40, 0xD1, 0x82, 0x86, 0x7D, 0xCB, 0xC4, 0x22, 0xE6, 0x53, 0xFE, 0x76, 0xCC, 0x67, 0x58,
    0xB2, 0xF3, 0xA6, 0x71, 0xEF, 0x81, 0x98, 0x29, 0x39, 0xC5, 0xAA, 0x73, 0x93, 0x88, 0xA8, 0x4D,
    0x34, 0x88, 0xBA, 0x8D, 0xE0, 0xD7, 0xC8, 0xE1, 0xB7, 0x86, 0xC8, 0xB7, 0xC6, 0x67, 0x03, 0x3D,
    0x84, 0x7C, 0x30, 0x8E, 0x09, 0xA4, 0xED, 0x01, 0x3E, 0x49, 0x94, 0x8B, 0xC4, 0x1D, 0xD8, 0x57,
    0xE9, 0x2F, 0x25, 0x22, 0x39, 0x98, 0x4B, 0xC1, 0xAE, 0x30, 0x97, 0xD9, 0x4D, 0x64, 0x52, 0x44,
    0x8A, 0xCA, 0xEC, 0x2B, 0x95, 0x0A, 0xA2, 0x73, 0x55, 0xA0, 0x79, 0x10, 0x5E, 0x3A, 0x69, 0xED,
    0x6C, 0xA6, 0x16, 0x03, 0xDC, 0xD7, 0xAA, 0x8B, 0x64, 0x98, 0x75, 0x29, 0x55, 0xF4, 0x2B, 0xAD,
    0x0A, 0xFA, 0xAC, 0xD5, 0xF3, 0x7A, 0xE5, 0xB2, 0x46, 0x66, 0x77, 0x52, 0xE1, 0x90, 0x2E, 0x0E,
    0x49, 0x09, 0x35, 0x86, 0x4A, 0x8E, 0x35, 0xCB, 0x21, 0xDA, 0x7A, 0x70, 0xCA, 0xB0, 0xB0, 0x73,
    0x8E, 0xB7, 0xAB, 0x25, 0x5B, 0x11, 0xB8, 0x10, 0x95, 0xD4, 0xA1, 0x30, 0x0F, 0x45, 0xB3, 0xB7,
    0x1E, 0x3B, 0x49, 0xDF, 0x64, 0x47, 0x29, 0x17, 0xE0, 0x86, 0x20, 0x12, 0xA0, 0xBE, 0x16, 0xF7,
    0x26, 0xEA, 0x62, 0x57, 0x3E, 0x02, 0xAE, 0x61, 0xC9, 0x5B, 0x34, 0xEB, 0x27, 0x6C, 0x77, 0x5C,
    0x4B, 0xCE, 0x9B, 0xF0, 0xA7, 0x90, 0x66, 0x11, 0x4D, 0xFA, 0x26, 0xA4, 0x4B, 0x1C, 0xA6, 0xE2,
    0xE3, 0x4C, 0x52, 0x3E, 0xB5, 0x93, 0x2D, 0x24, 0x51, 0xCF, 0xCA, 0xFE, 0x3F, 0xED, 0x5C, 0x3D,
    0x6C, 0xDD, 0xC6, 0x1D, 0x3F, 0x92, 0xD5, 0x63, 0x1A, 0x26, 0x61, 0x06, 0x0B, 0x88, 0xEB, 0x24,
    0xEC, 0x90, 0xA1, 0x28, 0x02, 0xB3, 0x43, 0x86, 0x0C, 0x8E, 0xC9, 0xA4, 0x43, 0x86, 0x0C, 0x55,
    0x81, 0x3A, 0x4B, 0x87, 0x76, 0xC8, 0xD0, 0x66, 0x89, 0x87, 0x0C, 0x1D, 0x12, 0x93, 0x8D, 0x51,
    0x74, 0x55, 0x81, 0xA0, 0x6B, 0x3D, 0x64, 0x70, 0x15, 0xA0, 0xF6, 0xD0, 0x21, 0x2D, 0x64, 0x91,
    0xB5, 0xC7, 0x0E, 0x25, 0xD0, 0xA1, 0x63, 0x18, 0x20, 0x4B, 0x9D, 0xC1, 0x44, 0xC1, 0xA0, 0x94,
    0x43, 0xF2, 0xFA, 0xFF, 0x3A, 0x7E, 0x48, 0x4A, 0x5C, 0xC7, 0xF1, 0x93, 0x84, 0xA7, 0x07, 0xE9,
    0xEE, 0xE9, 0xBD, 0xE3, 0x7D, 0xFD, 0xFE, 0xDF, 0xF7, 0x3F, 0x29, 0x35, 0xBE, 0x9E, 0xE1, 0xCA,
    0xD6, 0x5C, 0x87, 0x52, 0x47, 0x3A, 0x96, 0x3A, 0xA5, 0x3A, 0xD3, 0x39, 0xD5, 0xFF, 0xD5, 0x05,
    0x56, 0xD6, 0x7F, 0x74, 0x49, 0x8F, 0x55, 0xBA, 0xC2, 0xDA, 0x29, 0x74, 0x8D, 0xB5, 0x9B, 0x67,
    0x0D, 0xD6, 0x7E, 0x9E, 0xB4, 0x54, 0xC7, 0x11, 0xD5, 0xA1, 0x0A, 0x7B, 0xAC, 0xCF, 0xAB, 0x80,
    0x06, 0x78, 0x57, 0xF9, 0x54, 0x6B, 0x78, 0xA5, 0x52, 0xC3, 0x00, 0xF6, 0xEE, 0x85, 0x9F, 0x62,
    0xED, 0x54, 0xCA, 0xC1, 0x01, 0xDC, 0x12, 0x6A, 0x18, 0xC0, 0x2F, 0x60, 0x82, 0x58, 0xC3, 0x77,
    0x1A, 0x06, 0x08, 0xB1, 0x86, 0x8E, 0x23, 0x78, 0x56, 0x77, 0xF0, 0x8B, 0x7F, 0x6B, 0x75, 0x46,
    0xEF, 0x42, 0xFF, 0xBA, 0x8E, 0xE0, 0x7D, 0xA2, 0x75, 0xF7, 0x2D, 0xB5, 0xEF, 0x65, 0x3E, 0x92,
    0xE5, 0x38, 0x3C, 0xFD, 0x7D, 0xB5, 0xCD, 0xCB, 0x83, 0x75, 0xA7, 0xD3, 0xA7, 0x5D, 0x5C, 0x44,
    0x02, 0xCF, 0x3A, 0x77, 0xA1, 0xA1, 0x9F, 0x67, 0x95, 0x8A, 0xF2, 0xA4, 0x86, 0x56, 0x50, 0xFC,
    0x4A, 0x25, 0xB8, 0x07, 0x54, 0x60, 0x37, 0x1E, 0x14, 0x96, 0xC6, 0x76, 0x0D, 0xB6, 0x2B, 0xA1,
    0xC8, 0x0A, 0x28, 0x34, 0xBE, 0xD3, 0x9F, 0xEB, 0x66, 0x33, 0xD1, 0x77, 0x74, 0x1E, 0xF6, 0x9E,
    0x8E, 0xED, 0x2B, 0xD6, 0x07, 0xD3, 0x81, 0xC2, 0x72, 0xE8, 0xA9, 0x35, 0x05, 0xED, 0x6C, 0x84,
    0xF3, 0x5B, 0x30, 0x36, 0xD6, 0x06, 0x37, 0x4E, 0x04, 0x33, 0x9D, 0xF1, 0xA2, 0xDA, 0x88, 0xEB,
    0xEF, 0x0A, 0x86, 0x4E, 0xCD, 0xDF, 0x5B, 0x95, 0xF4, 0xBE, 0xB1, 0x4A, 0xD8, 0x3F, 0xFA, 0x29,
    0x2D, 0x01, 0xE6, 0xDD, 0xE3, 0xBA, 0x9A, 0x04, 0x9E, 0xBB, 0x82, 0x13, 0x70, 0x70, 0x76, 0x0E,
    0x2E, 0xC5, 0xA6, 0xF5, 0xC4, 0x6A, 0xD9, 0x50, 0xFB, 0x32, 0x64, 0x52, 0x08, 0x0E, 0x0C, 0x90,
    0x47, 0xDB, 0x62, 0xD7, 0xE1, 0xA7, 0xD4, 0xA8, 0x3F, 0x35, 0x43, 0x43, 0xF3, 0xEE, 0xBB, 0x7D,
    0xC0, 0xBB, 0x5C, 0xA8, 0x9D, 0xD5, 0xE3, 0x64, 0x7C, 0x5C, 0x05, 0x38, 0xE1, 0x08, 0x57, 0x81,
    0x4F, 0xAB, 0x04, 0xBF, 0xD8, 0x86, 0xDF, 0x12, 0xFA, 0x75, 0x1A, 0x18, 0xD4, 0xEB, 0xB0, 0x15,
    0x4E, 0x2F, 0x7A, 0x0B, 0x1E, 0xE8, 0xBC, 0x12, 0x78, 0x00, 0xB8, 0xC0, 0xCE, 0xD5, 0xDB, 0xCB,
    0x81, 0xF9, 0xAC, 0x0C, 0x23, 0x9C, 0xA9, 0xB4, 0xB0, 0x62, 0xD2, 0x09, 0x4B, 0x6A, 0x9B, 0x3F,
    0xB1, 0xFC, 0x5E, 0x9D, 0xC0, 0x3C, 0x83, 0x39, 0x8C, 0xCD, 0xC6, 0x91, 0x3C, 0x0B, 0x70, 0x1D,
    0x1E, 0x2E, 0xC2, 0xA1, 0x15, 0x54, 0x2F, 0x40, 0x71, 0xB1, 0x23, 0xA1, 0x4D, 0x4C, 0x03, 0x8D,
    0x82, 0x8F, 0xE1, 0xAB, 0x08, 0xB7, 0x74, 0x1B, 0x29, 0xE1, 0xBA, 0x7A, 0x5E, 0x99, 0x7D, 0x4E,
    0x91, 0x12, 0xE0, 0xDB, 0x3E, 0x6B, 0xA1, 0x83, 0xB0, 0x55, 0x7E, 0x15, 0x74, 0x20, 0x67, 0xA1,
    0x78, 0x56, 0x05, 0x44, 0x28, 0x58, 0xE0, 0xEA, 0x6D, 0x9C, 0x69, 0x02, 0x85, 0xD3, 0x63, 0xBB,
    0x06, 0x8A, 0xB0, 0x86, 0x22, 0xC2, 0x77, 0x51, 0x97, 0xF4, 0xCF, 0x05, 0xFA, 0x0B, 0x5D, 0x79,
    0xFA, 0x3D, 0xD8, 0xDB, 0xAB, 0xEA, 0x97, 0x3C, 0xC4, 0x9A, 0x48, 0xD5, 0x8C, 0x81, 0x04, 0x69,
    0x43, 0x40, 0x58, 0x0D, 0xA9, 0x10, 0xA7, 0xFE, 0x31, 0xED, 0x9F, 0xDF, 0xF1, 0xEC, 0x23, 0x7D,
    0xB9, 0x14, 0x98, 0xE3, 0x15, 0x86, 0xD9, 0xBA, 0x4A, 0x1C, 0x9A, 0xE3, 0x82, 0xA0, 0xDF, 0xF3,
    0x01, 0x14, 0x4F, 0x01, 0xDC, 0x76, 0x0E, 0xD3, 0xF2, 0x2A, 0xE8, 0x2A, 0x68, 0x5E, 0x84, 0x2F,
    0x11, 0x9A, 0x1E, 0x18, 0xDC, 0x6E, 0x02, 0x60, 0xD5, 0xC2, 0x29, 0x94, 0x1B, 0xAB, 0x72, 0xD9,
    0x5A, 0x19, 0x9E, 0xA6, 0xF2, 0xEC, 0xD6, 0x8E, 0x6C, 0x7E, 0xCB, 0x18, 0xC9, 0x66, 0x7F, 0xC6,
    0x9B, 0xEF, 0x99, 0xD6, 0x46, 0xF1, 0xFA, 0xDD, 0xFF, 0xC9, 0xDB, 0x2B, 0x66, 0x94, 0x3D, 0x89,
    0xF6, 0xD8, 0x3B, 0x88, 0x1D, 0x61, 0x52, 0x40, 0xBF, 0x30, 0xB0, 0x37, 0x36, 0xB0, 0x71, 0x7D,
    0x2E, 0x2E, 0x86, 0x76, 0x2A, 0xC2, 0xE9, 0xEA, 0x24, 0x06, 0x32, 0x80, 0x41, 0x9D, 0x12, 0x94,
    0xB7, 0x43, 0x64, 0xB0, 0x34, 0x0A, 0x38, 0x41, 0x74, 0x19, 0x66, 0x36, 0xC1, 0x4E, 0x72, 0xD2,
    0xAF, 0x67, 0xD8, 0xEF, 0x44, 0x68, 0xDE, 0xC2, 0xF4, 0xEC, 0xCA, 0x05, 0xB0, 0x73, 0xAB, 0x38,
    0x92, 0x86, 0x39, 0x28, 0x27, 0x99, 0x56, 0x2B, 0x4F, 0x89, 0x72, 0xD7, 0x0D, 0xAF, 0xAF, 0xA7,
    0x76, 0xAE, 0x15, 0x7F, 0x8F, 0xD1, 0x24, 0xB3, 0x05, 0x6C, 0x16, 0xB7, 0xE1, 0xDD, 0x91, 0xED,
    0xD1, 0x4C, 0x05, 0x40, 0x2D, 0x62, 0xF0, 0xBF, 0xBF, 0x7A, 0xD4, 0x74, 0x89, 0x46, 0xC4, 0x75,
    0xE1, 0xD8, 0x16, 0xF2, 0x9D, 0xDD, 0x18, 0xF2, 0x70, 0x70, 0x58, 0xF7, 0xE5, 0x14, 0x96, 0x00,
    0x6F, 0x9D, 0xCF, 0xC1, 0xCA, 0x23, 0x11, 0x82, 0xFD, 0xC2, 0x40, 0xD8, 0xCE, 0x8A, 0x97, 0x40,
    0x1E, 0xB6, 0xD0, 0xA1, 0xDF, 0xCC, 0x01, 0xF1, 0x04, 0x00, 0x15, 0x32, 0xA0, 0xAE, 0xDA, 0x38,
    0x41, 0xFC, 0x1E, 0x88, 0xDF, 0x20, 0x73, 0x4D, 0x09, 0xE0, 0x2A, 0xC1, 0x05, 0x86, 0xA9, 0xB1,
    0xF9, 0x11, 0x71, 0xFB, 0xE5, 0x02, 0x99, 0x1F, 0x8C, 0x00, 0x67, 0xF7, 0x67, 0x39, 0xAA, 0xDF,
    0x5C, 0x10, 0x0F, 0xDB, 0x65, 0x21, 0xBE, 0xDF, 0xF9, 0x16, 0x04, 0x9A, 0xC4, 0x38, 0xDF, 0x33,
    0x8D, 0xE1, 0xDA, 0x95, 0x20, 0x1F, 0x9F, 0x20, 0xBF, 0x1F, 0xF9, 0xC5, 0x26, 0x2E, 0xA1, 0x23,
    0x5B, 0x8A, 0x26, 0x0D, 0x7F, 0xFE, 0x0E, 0x27, 0xE4, 0xC2, 0xAC, 0xED, 0x57, 0x11, 0xEF, 0x9B,
    0xFF, 0x3C, 0x54, 0xBC, 0x27, 0xBE, 0xA7, 0xD8, 0x80, 0x37, 0x04, 0xB7, 0x99, 0x0D, 0xE8, 0x7E,
    0xC6, 0xFB, 0xEF, 0xED, 0x51, 0x88, 0xAE, 0x52, 0x27, 0x9C, 0xFF, 0x20, 0xB6, 0xA0, 0xA3, 0xAC,
    0x43, 0x17, 0xF3, 0x27, 0x20, 0x2E, 0xC3, 0xFC, 0x03, 0x88, 0x01, 0xFD, 0xDC, 0x86, 0x59, 0xD5,
    0xE0, 0xEF, 0x1B, 0x76, 0x4F, 0xC5, 0x06, 0x5C, 0x5C, 0x39, 0x82, 0xD1, 0xD8, 0x75, 0xF8, 0x7D,
    0x3D, 0x8D, 0x70, 0x83, 0x0B, 0x4F, 0xEB, 0xAD, 0xAC, 0xC4, 0x56, 0x2E, 0x95, 0x76, 0x45, 0x4F,
    0x70, 0x79, 0x9D, 0xCA, 0x27, 0xB9, 0x8F, 0xB1, 0x7C, 0x8C, 0xCA, 0xE7, 0xA9, 0x3C, 0x47, 0x40,
    0xB5, 0x43, 0xD9, 0x22, 0x5B, 0xC8, 0xE7, 0xAD, 0x7A, 0x7A, 0xD2, 0x7E, 0xDA, 0x83, 0x7A, 0x84,
    0xCA, 0x67, 0xA8, 0x3C, 0x47, 0xE5, 0x36, 0xA2, 0x66, 0x37, 0x67, 0x70, 0x56, 0x35, 0xCD, 0xAD,
    0xDA, 0x83, 0x55, 0x3C, 0x1A, 0x2D, 0xB4, 0xB7, 0xA2, 0xCD, 0xB8, 0xE4, 0x4F, 0x8C, 0x49, 0x83,
    0xFB, 0x4D, 0x18, 0x00, 0x09, 0x5A, 0xBD, 0xDD, 0x01, 0xF1, 0x83, 0x82, 0x06, 0xFB, 0x5C, 0xC7,
    0xC1, 0xDD, 0x2D, 0x1D, 0x87, 0xD0, 0x7D, 0x1C, 0xED, 0x5E, 0xB8, 0xC0, 0x9B, 0x32, 0x29, 0x6A,
    0x0E, 0xAB, 0x58, 0x48, 0x94, 0x7E, 0xEC, 0xEB, 0xBB, 0x1A, 0x7A, 0x82, 0x99, 0x01, 0x1A, 0x35,
    0x8E, 0x05, 0xA4, 0xBE, 0xB8, 0x3A, 0x9B, 0x96, 0xDD, 0x9B, 0xD1, 0x7C, 0xC4, 0x9E, 0x0A, 0x0A,
    0x8A, 0x52, 0xA4, 0x47, 0xBD, 0x31, 0xEA, 0xDF, 0x44, 0x8F, 0xBA, 0x97, 0x35, 0x2F, 0xEB, 0x5D,
    0xD6, 0xBA, 0x76, 0x65, 0x56, 0x79, 0xCC, 0xF0, 0xB1, 0xD0, 0x7B, 0xF4, 0x71, 0x67, 0xA2, 0x3B,
    0x18, 0xD1, 0xF2, 0xA1, 0x78, 0x2C, 0x20, 0x2A, 0x4C, 0x25, 0xC8, 0x89, 0xC3, 0xED, 0x7D, 0x2D,
    0x0B, 0xA0, 0xC7, 0xD1, 0x2E, 0xDF, 0xDA, 0x56, 0xD2, 0xC2, 0x21, 0xEF, 0xD7, 0xFF, 0x10, 0x61,
    0x7A, 0x7C, 0x6C, 0x75, 0x3C, 0x79, 0xC2, 0x8D, 0x95, 0x7B, 0xFB, 0x1A, 0x06, 0xA5, 0x28, 0x08,
    0xD8, 0xE0, 0x90, 0x95, 0x18, 0xF8, 0xE9, 0x32, 0x77, 0xFA, 0x23, 0x16, 0x86, 0xEC, 0x39, 0xB2,
    0x3C, 0xE7, 0xB0, 0x71, 0x90, 0x93, 0xD6, 0x48, 0xAA, 0x58, 0x49, 0xAC, 0x12, 0xB9, 0x83, 0x59,
    0xB6, 0xCE, 0x70, 0xA2, 0x3B, 0x14, 0x33, 0x59, 0xDF, 0xC0, 0xFD, 0x57, 0x0C, 0x80, 0x12, 0x04,
    0x04, 0x02, 0xC1, 0x40, 0x40, 0x10, 0x14, 0x04, 0x06, 0xD9, 0xBF, 0x49, 0xF5, 0x98, 0x32, 0x50,
    0xC8, 0x9E, 0x0B, 0x0C, 0x43, 0x45, 0x70, 0x0C, 0xDF, 0x11, 0x20, 0x93, 0xE7, 0xE6, 0x9D, 0x01,
    0x28, 0x82, 0x8A, 0xC0, 0x22, 0xB8, 0x30, 0x30, 0x8A, 0x91, 0xE1, 0x59, 0x57, 0x6A, 0x8F, 0xBC,
    0xC2, 0x99, 0x73, 0x4C, 0x00, 0x39, 0x82, 0x14, 0x14, 0xC7, 0xFE, 0x31, 0x2E, 0xF0, 0x36, 0x0E,
    0xDE, 0x5E, 0x14, 0x29, 0x41, 0x42, 0x23, 0xFC, 0x18, 0x1E, 0x48, 0xD0, 0x55, 0x6C, 0x14, 0x0C,
    0x52, 0x0E, 0xF1, 0xE0, 0x87, 0x8B, 0x9F, 0xC7, 0x84, 0x12, 0xB1, 0xF8, 0x61, 0xDD, 0x0C, 0x8F,
    0xC4, 0x72, 0x14, 0x40, 0xB1, 0x23, 0xEB, 0x32, 0xFF, 0xED, 0xB3, 0x0E, 0x24, 0x4A, 0x83, 0x7E,
    0x7E, 0x8B, 0x78, 0x3B, 0x9F, 0x62, 0xF0, 0xDB, 0xBA, 0xA0, 0xD4, 0xDA, 0x2F, 0x90, 0xBB, 0x70,
    0x08, 0xB0, 0x0D, 0xEE, 0x7E, 0xD8, 0xF3, 0xBA, 0x2E, 0x71, 0x15, 0x72, 0xE5, 0x73, 0xE5, 0x71,
    0x65, 0xC9, 0xD2, 0x67, 0x15, 0x0B, 0x51, 0x9B, 0x2B, 0x87, 0x2A, 0xAD, 0xA7, 0x55, 0xEE, 0x4E,
    0xBF, 0xCB, 0xAD, 0x7C, 0xFA, 0xDC, 0x9E, 0xCE, 0x80, 0x0D, 0x68, 0xA0, 0x82, 0x2A, 0x78, 0x82,
    0x46, 0xCF, 0x49, 0x5E, 0x85, 0xA9, 0x95, 0xE1, 0x7C, 0x63, 0x9A, 0xB5, 0x9E, 0x1D, 0xAA, 0xDD,
    0x2B, 0x9E, 0x8F, 0x47, 0x32, 0x17, 0x5B, 0xB5, 0x0F, 0xBF, 0x08, 0xBF, 0x6F, 0x97, 0x89, 0x1F,
    0x49, 0x2F, 0x36, 0x54, 0x88, 0xD6, 0xBE, 0xC0, 0x59, 0xF9, 0xB7, 0xA0, 0xF4, 0x6F, 0x22, 0xF5,
    0x45, 0x35, 0x38, 0xA4, 0x96, 0xEE, 0x02, 0x9C, 0x88, 0xFE, 0x0D, 0x06, 0xA9, 0x13, 0x8C, 0x5E,
    0xC7, 0x76, 0x2D, 0x5C, 0x77, 0x8C, 0xA4, 0xDE, 0xF7, 0x63, 0x5C, 0x05, 0x9A, 0x7D, 0xD8, 0x92,
    0x56, 0xB9, 0xC0, 0x45, 0x5E, 0x07, 0xC6, 0xB2, 0xDA, 0x08, 0xBF, 0x7C, 0x02, 0xBF, 0xC4, 0x0D,
    0xFF, 0x18, 0x36, 0x68, 0x87, 0xD9, 0x09, 0xC8, 0xB5, 0x50, 0x2F, 0x2E, 0x59, 0xF1, 0x20, 0xFC,
    0x7F, 0x45, 0xC5, 0xC3, 0xEE, 0x96, 0x4B, 0xF6, 0xB6, 0x7F, 0x0D, 0x47, 0x7F, 0x5A, 0x9C, 0xB3,
    0x42, 0x99, 0x9E, 0x95, 0xEE, 0xD9, 0x36, 0x4F, 0x09, 0x20, 0xD4, 0xA3, 0x31, 0x08, 0x98, 0x63,
    0x07, 0x90, 0x85, 0x3F, 0xC4, 0xE4, 0x1D, 0x6E, 0xB2, 0x68, 0xA4, 0x21, 0xF4, 0xA9, 0x48, 0x74,
    0x2B, 0xBB, 0x35, 0x16, 0xB1, 0x8F, 0x82, 0x25, 0xFA, 0x03, 0xB0, 0xCF, 0x0E, 0xAA, 0x81, 0x7A,
    0x80, 0x6A, 0x39, 0x28, 0x31, 0x37, 0x73, 0x1C, 0x3C, 0xC1, 0xA9, 0x90, 0x37, 0xA7, 0xBC, 0x2E,
    0x80, 0x79, 0x04, 0xA9, 0xB5, 0x7D, 0xAC, 0xCD, 0x83, 0xFB, 0x34, 0x99, 0x99, 0x43, 0x6E, 0x98,
    0x68, 0x96, 0x83, 0x08, 0x50, 0x50, 0xD0, 0xFF, 0x3B, 0x08, 0x8C, 0xF0, 0x15, 0xD8, 0xAB, 0x97,
    0x50, 0xB2, 0xBD, 0x3D, 0x98, 0x73, 0x47, 0xC9, 0xC8, 0x5E, 0x03, 0x25, 0x44, 0xC7, 0xA0, 0x1A,
    0x50, 0x85, 0x4F, 0x2F, 0x77, 0xCC, 0x60, 0xA8, 0x2C, 0xC0, 0xE1, 0x5E, 0x8F, 0xAD, 0x0D, 0xD8,
    0xA3, 0x06, 0xD0, 0xDB, 0x54, 0xB2, 0xEF, 0xDF, 0xFC, 0x6F, 0x87, 0x26, 0x41, 0x01, 0x8E, 0x26,
    0xEF, 0xEA, 0x9F, 0x62, 0x4F, 0x97, 0xE1, 0x9D, 0x3A, 0x78, 0xAD, 0xFE, 0xB6, 0x8F, 0x0E, 0x1F,
    0x78, 0xBB, 0xF8, 0x23, 0x30, 0x6D, 0x82, 0x4A, 0x01, 0xB7, 0x32, 0xD2, 0x45, 0x00, 0xDA, 0x0C,
    0x74, 0xDE, 0xBD, 0x7E, 0x3C, 0xDD, 0x44, 0x64, 0x3C, 0x1D, 0xCA, 0x6A, 0x84, 0xBF, 0x09, 0xC4,
    0x69, 0x3B, 0xF4, 0x2E, 0xC3, 0x72, 0x68, 0x82, 0xFA, 0x14, 0x56, 0x53, 0xD2, 0x4F, 0x81, 0x87,
    0xD9, 0x4F, 0x3D, 0xE8, 0x72, 0x4D, 0x62, 0x42, 0x6C, 0x4F, 0x7A, 0x56, 0xD0, 0xF3, 0x69, 0x9C,
    0xD2, 0xB5, 0x0F, 0x24, 0x1E, 0x41, 0x81, 0x08, 0x57, 0xFF, 0x9E, 0x98, 0x26, 0x6C, 0x58, 0x0F,
    0xE8, 0x92, 0x02, 0x07, 0x8E, 0xE6, 0x40, 0x81, 0x8B, 0x5C, 0x9E, 0x75, 0x1C, 0x6C, 0x88, 0x34,
    0x07, 0x21, 0x22, 0x20, 0x54, 0x4E, 0xBF, 0xC8, 0xC9, 0x6A, 0x05, 0xFA, 0xCA, 0x5A, 0xF6, 0x6A,
    0xA4, 0x2E, 0xA9, 0x4F, 0x6F, 0x52, 0x77, 0xB3, 0xBA, 0xA0, 0x93, 0x74, 0xE0, 0x96, 0x44, 0xCE,
    0xF7, 0x23, 0xB6, 0x0B, 0x52, 0x8A, 0x9A, 0xC0, 0x60, 0x44, 0xB2, 0x41, 0x8F, 0x4D, 0x29, 0x14,
    0x48, 0x61, 0x05, 0xE4, 0x04, 0x92, 0x91, 0x05, 0x85, 0x59, 0x1C, 0x4D, 0xEA, 0xED, 0xDF, 0x1C,
    0x30, 0x49, 0x24, 0x4A, 0x6B, 0x6D, 0x6D, 0x1E, 0x1C, 0xB0, 0x90, 0x3C, 0x0D, 0x6B, 0x08, 0x54,
    0xD4, 0xB3, 0xDA, 0x7C, 0xAE, 0x24, 0xC8, 0x3B, 0x3B, 0x1A, 0xC6, 0x11, 0xF1, 0x44, 0xD8, 0xE9,
    0x60, 0x43, 0xFC, 0xC6, 0xD2, 0x45, 0x08, 0x02, 0xAC, 0x02, 0x68, 0xB3, 0x1A, 0x43, 0x0E, 0xAD,
    0xFE, 0xD2, 0x02, 0xEC, 0xDD, 0x3A, 0x69, 0x80, 0x0A, 0x80, 0x85, 0x93, 0x02, 0x96, 0xA6, 0x53,
    0x47, 0xFF, 0xAB, 0xC7, 0xFE, 0x60, 0xE0, 0xC5, 0x1F, 0x67, 0x03, 0x59, 0x03, 0xE3, 0x7A, 0x13,
    0xC6, 0xCD, 0x67, 0xDE, 0x31, 0x49, 0x57, 0x72, 0x0F, 0x1A, 0x91, 0x2A, 0xEC, 0x47, 0x38, 0x9F,
    0x48, 0x76, 0xC2, 0xAB, 0xED, 0x54, 0x5F, 0x42, 0x9D, 0x8E, 0xC4, 0xB8, 0x3A, 0x04, 0x70, 0xA0,
    0x9F, 0x1D, 0xDE, 0xD3, 0xCF, 0x5E, 0x06, 0xD4, 0x5F, 0x79, 0x82, 0x18, 0xBE, 0xC2, 0x27, 0x88,
    0xFA, 0x93, 0x98, 0xC9, 0x93, 0x51, 0xF6, 0x05, 0xE5, 0xE4, 0x13, 0xB6, 0xD6, 0x3B, 0xB6, 0xAF,
    0x57, 0x8C, 0x9D, 0xBD, 0xC2, 0xF8, 0x87, 0x14, 0x31, 0x61, 0x27, 0x31, 0xA6, 0xB0, 0x28, 0x38,
    0x18, 0x60, 0x18, 0x58, 0xED, 0xF5, 0xC1, 0xC9, 0x30, 0x56, 0xED, 0xA5, 0xC1, 0xAA, 0x2D, 0x07,
    0xAB, 0xF6, 0x21, 0xC3, 0xFC, 0x67, 0x35, 0xF5, 0xF0, 0x87, 0xB3, 0x42, 0x93, 0x05, 0xA8, 0xBC,
    0xD6, 0xE7, 0x4F, 0x4E, 0x45, 0x46, 0xFA, 0x74, 0xC2, 0xCC, 0xEC, 0x3A, 0x86, 0x75, 0x52, 0xF2,
    0x11, 0xE9, 0xA2, 0x5A, 0x31, 0x98, 0xC9, 0x97, 0x4C, 0xBE, 0xDC, 0x97, 0xBC, 0x88, 0xF1, 0x80,
    0x89, 0x2F, 0x99, 0x7E, 0x45, 0x2C, 0x60, 0x09, 0xDC, 0xBC, 0x6E, 0x6C, 0x3B, 0x86, 0x96, 0x1D,
    0x4A, 0x71, 0xB6, 0x60, 0x66, 0xEF, 0x51, 0x48, 0x43, 0x65, 0x25, 0x91, 0xA9, 0xA3, 0xDB, 0x90,
    0xB9, 0x59, 0xAF, 0x91, 0x51, 0x59, 0x66, 0x86, 0x9B, 0x57, 0x0B, 0xE6, 0xEF, 0xC4, 0x72, 0x54,
    0x30, 0x7A, 0xA6, 0x36, 0xEE, 0xD4, 0x45, 0x60, 0x69, 0x0B, 0xF7, 0xC8, 0xD1, 0xFE, 0x21, 0xF3,
    0xF0, 0xF4, 0x75, 0x91, 0xB8, 0xF7, 0xF6, 0x56, 0x25, 0x01, 0xB9, 0x9C, 0xA3, 0x3E, 0xCC, 0xAB,
    0xE7, 0x25, 0x2D, 0xF0, 0x07, 0xA6, 0x75, 0x20, 0x0A, 0x37, 0x33, 0x47, 0x21, 0x42, 0x12, 0x62,
    0x9C, 0x19, 0xD0, 0x39, 0x94, 0xB7, 0x42, 0xA0, 0x1B, 0x6F, 0x97, 0xE2, 0xAF, 0x0F, 0xE2, 0xED,
    0x2E, 0x0D, 0xF9, 0x40, 0x6C, 0xC1, 0xA4, 0x12, 0x29, 0xDD, 0x0A, 0xE5, 0x19, 0x29, 0x4D, 0x31,
    0x59, 0x90, 0xD2, 0x6E, 0x35, 0x33, 0xE3, 0x4E, 0x6C, 0xEC, 0xFB, 0xB2, 0xB1, 0x5F, 0x9C, 0x25,
    0x87, 0xEC, 0xF5, 0xA4, 0x6D, 0xF2, 0xA4, 0x9B, 0xA9, 0x27, 0x7D, 0xB4, 0x0C, 0xF2, 0x61, 0xF9,
    0x89, 0x59, 0x7E, 0x21, 0xCB, 0x8E, 0xE7, 0xA9, 0x43, 0x39, 0x3F, 0xF1, 0x2E, 0x7C, 0x85, 0x18,
    0xFD, 0x9C, 0x60, 0x20, 0x6A, 0xC1, 0x1A, 0x76, 0xB7, 0x70, 0xD0, 0xB7, 0xBF, 0x0D, 0x08, 0x6A,
    0x44, 0x24, 0xD0, 0x45, 0xC7, 0xD4, 0xA2, 0x1B, 0x9B, 0x8F, 0x4A, 0x0B, 0xA6, 0x96, 0x56, 0xA8,
    0xA5, 0x7F, 0xE8, 0xD4, 0x12, 0x72, 0x18, 0x61, 0x4E, 0x2D, 0xD1, 0x94, 0x5A, 0xDA, 0x81, 0x5A,
    0x5C, 0xA6, 0x96, 0xBB, 0x59, 0x3B, 0xA7, 0x96, 0xF7, 0x8D, 0x47, 0x6B, 0xAE, 0x66, 0x80, 0x01,
    0xA4, 0x8C, 0x25, 0xC7, 0x56, 0x1C, 0x98, 0x71, 0x01, 0x6D, 0x0D, 0xEE, 0x61, 0x43, 0x1D, 0x96,
    0x8A, 0x6D, 0x20, 0xBF, 0x84, 0x41, 0x37, 0xDD, 0x1C, 0x00, 0xEA, 0x5F, 0x4B, 0x9D, 0xDE, 0x03,
    0x53, 0xD8, 0x6F, 0xF1, 0x80, 0x39, 0xAC, 0xF1, 0xFC, 0x97, 0x40, 0x47, 0x61, 0x9B, 0xB4, 0xF4,
    0xE7, 0x57, 0x94, 0x88, 0x3D, 0x36, 0x4B, 0xE8, 0xCF, 0x0C, 0xC3, 0xDC, 0xE8, 0x17, 0x3B, 0xFA,
    0xB3, 0x5E, 0x09, 0x01, 0x18, 0x0A, 0x38, 0x65, 0xB2, 0xCB, 0xCD, 0xF1, 0x7E, 0x3E, 0x13, 0xEA,
    0x03, 0xA8, 0x94, 0xB6, 0xF6, 0x06, 0x9D, 0xD0, 0x33, 0xAA, 0x76, 0xBC, 0x4A, 0xA8, 0x9E, 0x66,
    0xD7, 0x25, 0x1D, 0xB9, 0x3F, 0x2A, 0x47, 0x68, 0x9D, 0x5A, 0x21, 0xAA, 0x2D, 0xA1, 0x7A, 0x8E,
    0x3A, 0x7C, 0xE2, 0x50, 0x51, 0x35, 0xE6, 0x9A, 0x91, 0x48, 0x7B, 0xCC, 0x35, 0x36, 0x42, 0x94,
    0xA4, 0xA5, 0x21, 0xAA, 0x81, 0xA0, 0xBA, 0xB6, 0x52, 0xBC, 0x6A, 0xFD, 0x45, 0x99, 0xE4, 0x7D,
    0xCE, 0xDE, 0x57, 0xE7, 0x09, 0xD0, 0xA7, 0xE8, 0x4A, 0x8E, 0xCA, 0x48, 0xAE, 0xB5, 0x84, 0xED,
    0x3B, 0x22, 0xF5, 0x58, 0xE6, 0x1D, 0x2A, 0xB6, 0xE3, 0x8B, 0x66, 0xE1, 0xDC, 0xFE, 0xB0, 0x10,
    0xBB, 0x2B, 0xE5, 0x4C, 0x1C, 0xE6, 0xE5, 0x4B, 0x98, 0x8C, 0xF6, 0x06, 0xBB, 0xE1, 0x8E, 0x24,
    0x7B, 0xAF, 0x94, 0x1C, 0x1E, 0xEF, 0x3B, 0x78, 0x78, 0x1C, 0x0E, 0x4F, 0xB4, 0xD4, 0xAC, 0x0E,
    0x28, 0xDB, 0x3D, 0xC9, 0xF1, 0x48, 0x5C, 0x17, 0x98, 0x77, 0x75, 0xE8, 0x78, 0x8A, 0x86, 0x5D,
    0x61, 0x9C, 0xBE, 0x81, 0x08, 0x66, 0x30, 0xF9, 0xF8, 0x48, 0xF1, 0x29, 0x99, 0x57, 0x6C, 0x5F,
    0x49, 0x90, 0x84, 0x0F, 0xA3, 0xF9, 0x3D, 0xDB, 0x58, 0x44, 0x02, 0xEB, 0x78, 0x60, 0xB1, 0x6E,
    0x6D, 0x64, 0x98, 0x8F, 0x92, 0xE8, 0x86, 0x7C, 0x2F, 0x0F, 0xF1, 0xA7, 0x4B, 0x5D, 0xF0, 0x53,
    0x93, 0x1B, 0x6D, 0x51, 0xDD, 0x4A, 0xBD, 0xFD, 0x90, 0xEB, 0x56, 0x82, 0x76, 0x0D, 0xA3, 0x6A,
    0xD5, 0x9C, 0x4C, 0x87, 0xBE, 0x2A, 0x92, 0x05, 0xA6, 0x34, 0x44, 0xB0, 0x12, 0xF4, 0x22, 0x02,
    0xBD, 0x6B, 0x31, 0xDA, 0x74, 0xE2, 0x8F, 0x87, 0x37, 0x0C, 0x5B, 0x68, 0xB2, 0x8B, 0xDF, 0xFC,
    0x40, 0x1D, 0xF8, 0x0A, 0xCC, 0xBD, 0xC2, 0x76, 0x76, 0x09, 0x6D, 0xA8, 0x25, 0x07, 0x81, 0xAF,
    0x4C, 0xEE, 0x79, 0xBD, 0x95, 0xBF, 0x7E, 0x2D, 0x8E, 0xF4, 0x2D, 0x90, 0x7C, 0x91, 0xFE, 0xB5,
    0x46, 0x8A, 0x4B, 0x7D, 0xB4, 0xEA, 0x53, 0xEF, 0x3E, 0x4B, 0x7A, 0x2A, 0xA7, 0xB2, 0x8C, 0x70,
    0xBF, 0x69, 0xFE, 0x5A, 0xFF, 0x03, 0x36, 0x20, 0xE9, 0xFD, 0x5D, 0xA5, 0x1E, 0xBD, 0xF2, 0x44,
    0xBC, 0x77, 0xEA, 0x9C, 0xFF, 0x40, 0x96, 0x52, 0x36, 0x39, 0xA0, 0xE3, 0xF7, 0x9C, 0x43, 0x61,
    0x2E, 0x3C, 0xFF, 0x64, 0x9E, 0x36, 0x69, 0x2E, 0x3C, 0x6F, 0x9B, 0x0B, 0xCF, 0x92, 0x47, 0x68,
    0x37, 0x07, 0x5C, 0x78, 0x5E, 0x1D, 0xEA, 0x38, 0xC3, 0x37, 0x0B, 0xE9, 0x6A, 0x64, 0x4F, 0xCE,
    0x12, 0xE5, 0x53, 0xAB, 0x9B, 0xCC, 0x48, 0xB4, 0x39, 0x5E, 0x2E, 0xA9, 0x96, 0x07, 0xBD, 0x0E,
    0x87, 0x22, 0x0C, 0x61, 0x18, 0x31, 0xAE, 0xFC, 0x5E, 0x2D, 0x94, 0x1C, 0xE7, 0x33, 0xC2, 0xB0,
    0x4E, 0x12, 0x4D, 0x76, 0x47, 0x0E, 0x32, 0x2C, 0xA6, 0x10, 0x5B, 0x72, 0x41, 0x67, 0x19, 0x84,
    0xF1, 0x29, 0xB0, 0xCB, 0x08, 0x64, 0x10, 0x58, 0x1C, 0x7F, 0xF1, 0x49, 0xDC, 0xB7, 0x2C, 0x2C,
    0x08, 0x67, 0x34, 0xC8, 0x07, 0x00, 0x96, 0xF9, 0x46, 0x8D, 0x6F, 0x1A, 0xBC, 0x1C, 0x2A, 0xE4,
    0x4E, 0x14, 0x9B, 0x09, 0xF0, 0xE8, 0xDF, 0x73, 0x34, 0x13, 0xA1, 0x0F, 0x59, 0xE2, 0xED, 0xDA,
    0x44, 0xF4, 0x08, 0x7E, 0x2F, 0xB9, 0xC6, 0x22, 0xD2, 0x03, 0x03, 0xFF, 0x28, 0x1D, 0x84, 0x5F,
    0xD8, 0x10, 0x33, 0xA2, 0x9E, 0x99, 0x06, 0xA4, 0x69, 0x48, 0xA9, 0xCB, 0xA4, 0x29, 0x9C, 0x92,
    0x72, 0x74, 0x81, 0x1A, 0xB0, 0x91, 0x2F, 0x97, 0x2C, 0xE8, 0x38, 0xE8, 0xAD, 0x7C, 0x7D, 0xAB,
    0x57, 0x44, 0x05, 0xA5, 0x90, 0x81, 0xD0, 0x81, 0xC0, 0xFB, 0xB5, 0x2A, 0x7E, 0x3C, 0xE7, 0x0A,
    0x49, 0xC2, 0xD0, 0x04, 0xAC, 0xE7, 0x0E, 0x6E, 0x49, 0xA2, 0x7F, 0xB4, 0xAB, 0x26, 0x64, 0x61,
    0xA8, 0x62, 0x90, 0x5C, 0x94, 0xF3, 0xBF, 0xA0, 0xAD, 0x30, 0xE1, 0x5F, 0x5C, 0x09, 0xD1, 0x85,
    0x5F, 0x0A, 0x5D, 0x20, 0x1F, 0xB1, 0x8F, 0xF1, 0xDC, 0x09, 0x5D, 0x18, 0xBA, 0xB0, 0x36, 0xD5,
    0xE8, 0x56, 0x1B, 0x36, 0x33, 0xBE, 0x6B, 0x46, 0xCE, 0x29, 0xBA, 0x34, 0xB8, 0x9B, 0x40, 0x06,
    0x9A, 0xC9, 0x83, 0x88, 0xA7, 0x3A, 0x7A, 0x74, 0x61, 0x74, 0xC1, 0xA0, 0x0C, 0x48, 0x1B, 0x2C,
    0x8C, 0x3A, 0x20, 0xBA, 0x40, 0x7D, 0xC0, 0xF2, 0xA2, 0x31, 0x74, 0x51, 0x19, 0xBA, 0xD8, 0x38,
    0xA1, 0x8B, 0x41, 0x5E, 0xB0, 0xC2, 0x60, 0x8D, 0x21, 0x2A, 0xC3, 0xE8, 0x0C, 0x51, 0x1A, 0xA8,
    0x35, 0x42, 0x56, 0x1B, 0x24, 0x36, 0x72, 0x93, 0xDA, 0x2F, 0xB2, 0xE5, 0xC8, 0x91, 0xC7, 0xBE,
    0xFB, 0x3A, 0x74, 0x61, 0x67, 0x61, 0x6E, 0xEC, 0x20, 0x79, 0x50, 0x0E, 0x19, 0x92, 0x07, 0xDD,
    0xD9, 0x41, 0xF2, 0xF0, 0xC6, 0xD0, 0xC4, 0x89, 0x3A, 0x39, 0xC0, 0xD8, 0xA4, 0x10, 0xEC, 0x25,
    0x3E, 0xE0, 0x00, 0xAF, 0x29, 0xE4, 0xEC, 0xBA, 0x2C, 0xA7, 0x53, 0x0B, 0xE8, 0xFB, 0x59, 0x26,
    0x88, 0x47, 0x8E, 0x2A, 0x41, 0x2C, 0xCC, 0x9B, 0xC8, 0xD8, 0x3D, 0xDA, 0x9C, 0x2B, 0x98, 0x9B,
    0x28, 0x27, 0xF0, 0x7F, 0x39, 0xFC, 0xFB, 0xDD, 0x8D, 0xC1, 0xDF, 0x18, 0x1C, 0x8D, 0xF1, 0x8D,
    0x71, 0x39, 0x0E, 0xF4, 0x39, 0x8C, 0x2E, 0x9F, 0xF9, 0xAC, 0xC7, 0x47, 0xA4, 0x18, 0xAF, 0x45,
    0xDC, 0x16, 0xF1, 0x55, 0x4C, 0x92, 0xBB, 0xFC, 0x25, 0xE9, 0xDF, 0x62, 0x8B, 0xAD, 0xED, 0xFD,
    0x4F, 0x30, 0x42, 0x67, 0xA1, 0xF8, 0x2A, 0xAE, 0xB1, 0x7A, 0x33, 0x13, 0x7A, 0x31, 0x34, 0x9A,
    0x52, 0xA0, 0xD9, 0x8A, 0xD7, 0xC0, 0x85, 0xC1, 0x84, 0x44, 0x24, 0x42, 0x30, 0xF9, 0x63, 0xCC,
    0xED, 0x21, 0x3A, 0x04, 0x6A, 0xA6, 0x43, 0xA7, 0x48, 0x50, 0xBF, 0x21, 0xA0, 0xB7, 0x04, 0x67,
    0x4A, 0x5E, 0x10, 0x38, 0xCB, 0xF4, 0xAF, 0x8E, 0x60, 0xA9, 0xD4, 0xB1, 0xA5, 0x2B, 0x5F, 0xE6,
    0xCC, 0xFF, 0xA3, 0x26, 0xEA, 0xCE, 0x09, 0xFE, 0x26, 0x97, 0xC4, 0xFC, 0x33, 0xA2, 0x52, 0x02,
    0x08, 0xA6, 0x2E, 0xBE, 0x56, 0xED, 0xCA, 0xF3, 0xA6, 0x5F, 0x60, 0x27, 0x3E, 0xEC, 0x96, 0x3B,
    0x73, 0x72, 0x9D, 0x96, 0x6D, 0x14, 0xAF, 0x19, 0x73, 0x5F, 0x6C, 0x21, 0x50, 0x9E, 0x65, 0x3A,
    0x92, 0x86, 0x53, 0x8C, 0x61, 0x3C, 0xA2, 0xD7, 0xAD, 0xAB, 0x6F, 0x6E, 0xA1, 0x67, 0x97, 0x50,
    0x60, 0xC5, 0xAF, 0x11, 0x5E, 0xBA, 0xDB, 0x96, 0x7B, 0xB8, 0x43, 0x25, 0xE6, 0x38, 0xF1, 0xB2,
    0xB3, 0x3A, 0x24, 0x0A, 0x7D, 0x89, 0xEC, 0xC9, 0x73, 0xE4, 0x6B, 0x7C, 0xA4, 0xF8, 0x92, 0x98,
    0xB9, 0x9E, 0xC6, 0x13, 0xB7, 0x74, 0x3E, 0x89, 0x5D, 0x2B, 0x25, 0x69, 0x24, 0x26, 0x2D, 0x88,
    0x93, 0x59, 0xEB, 0xD1, 0xD9, 0x74, 0xCA, 0x11, 0x3B, 0x3F, 0x1F, 0xCC, 0x93, 0x8C, 0xA6, 0x9F,
    0x75, 0x23, 0x63, 0x50, 0x96, 0xCA, 0xEA, 0xE0, 0x7A, 0xC0, 0xDD, 0xC0, 0x74, 0x36, 0xBE, 0xC9,
    0x8D, 0x70, 0x87, 0xC0, 0x55, 0x39, 0x6B, 0x77, 0xA4, 0x30, 0xC6, 0x38, 0x83, 0xF7, 0x37, 0x4A,
    0x3E, 0xBF, 0x85, 0xB1, 0x2D, 0xFD, 0x43, 0x28, 0x33, 0x8D, 0x41, 0x31, 0x00, 0x0A, 0xBA, 0x03,
    0x8C, 0x4F, 0x1B, 0x8C, 0x39, 0x91, 0x76, 0x7A, 0x34, 0xEC, 0x48, 0x90, 0xD9, 0xD8, 0x58, 0xEA,
    0xF2, 0x9E, 0x6C, 0x3C, 0xC3, 0xFB, 0xD6, 0x6A, 0xD1, 0xC8, 0x99, 0x2B, 0xC3, 0x26, 0xF1, 0x16,
    0xF1, 0x06, 0x59, 0x37, 0x89, 0x6F, 0xBC, 0x7A, 0xE4, 0x7D, 0xF7, 0xC0, 0xC0, 0xC5, 0x71, 0x94,
    0x00, 0xB3, 0xD7, 0x0B, 0xD4, 0xCD, 0x5D, 0xB6, 0xB0, 0x1C, 0xD9, 0x1D, 0x73, 0x34, 0x71, 0xF6,
    0x9A, 0x1E, 0xAD, 0xB0, 0xE1, 0xB5, 0x7A, 0x12, 0x04, 0xF3, 0x3F, 0x76, 0xB6, 0x4A, 0x25, 0x37,
    0x83, 0x39, 0x1B, 0x8E, 0x53, 0x1F, 0xCF, 0x4D, 0x4F, 0x65, 0x8F, 0x2B, 0x45, 0xFC, 0x0F, 0xCD,
    0x56, 0xBF, 0x8E, 0xDE, 0x44, 0x10, 0x1F, 0xDB, 0x10, 0x87, 0xB8, 0xD8, 0x14, 0x34, 0xA4, 0xC0,
    0xA9, 0x23, 0x11, 0xB7, 0x14, 0x81, 0x5D, 0x41, 0x41, 0x91, 0x26, 0x8F, 0x40, 0x41, 0x45, 0x41,
    0x5E, 0x20, 0x17, 0x9B, 0xA4, 0xA0, 0xBD, 0x47, 0xB8, 0x82, 0x2A, 0x48, 0xD0, 0x82, 0x74, 0x89,
    0xF7, 0x72, 0x2F, 0x60, 0xC2, 0x03, 0x60, 0x24, 0x28, 0x20, 0xCD, 0x16, 0x46, 0x71, 0x8E, 0xB5,
    0x87, 0xDF, 0xEC, 0xDA, 0xFE, 0xEE, 0x4B, 0xA2, 0x28, 0x12, 0x0D, 0x96, 0x77, 0x66, 0xBD, 0x3B,
    0x33, 0x3B, 0x3B, 0x7F, 0x4D, 0x44, 0xC9, 0x6D, 0xDF, 0xB2, 0x67, 0xBC, 0x7F, 0x52, 0x7C, 0x5E,
    0x5E, 0x91, 0x47, 0xB3, 0x3C, 0xD8, 0x09, 0xA8, 0x0E, 0xC8, 0x9D, 0xDF, 0x0A, 0x4B, 0xF3, 0xB5,
    0x07, 0x78, 0xBE, 0xDD, 0xB1, 0x45, 0x7A, 0xA1, 0xE5, 0x6D, 0xF6, 0xE5, 0x83, 0xE5, 0x69, 0xE8,
    0xD5, 0xCF, 0xC6, 0xB4, 0xF7, 0xB8, 0x57, 0xAE, 0x72, 0xBF, 0x89, 0xDB, 0x7B, 0x9A, 0xC4, 0xBC,
    0x4D, 0x95, 0xAD, 0x4D, 0x6B, 0xF9, 0x7F, 0x3B, 0x6A, 0x33, 0xEF, 0x0C, 0x6C, 0xD3, 0x99, 0x8A,
    0x9E, 0x4A, 0x4B, 0xBA, 0x91, 0xB7, 0xEE, 0xA9, 0x9E, 0x60, 0x5C, 0x79, 0xD5, 0x44, 0xE9, 0x40,
    0xC5, 0x40, 0xD5, 0xB6, 0xC2, 0x94, 0x30, 0x4C, 0x45, 0xF4, 0x88, 0xC8, 0x53, 0x36, 0x50, 0x6D,
    0x69, 0xA2, 0x37, 0xA2, 0x59, 0xAC, 0x4C, 0x75, 0x93, 0x8F, 0xD9, 0x73, 0x9C, 0xA8, 0x70, 0x26,
    0x55, 0x06, 0x4B, 0x9A, 0x88, 0xA9, 0x06, 0xE8, 0xDA, 0x9E, 0x78, 0x6C, 0x3D, 0xC1, 0xE7, 0x33,
    0xB5, 0x5E, 0xCF, 0xA4, 0x7D, 0xE9, 0x29, 0xEF, 0xD3, 0x1E, 0x87, 0xE4, 0x23, 0x8E, 0x29, 0xB1,
    0xC6, 0x15, 0x07, 0xD0, 0x28, 0x56, 0xDC, 0xE0, 0x38, 0x6E, 0x44, 0x8C, 0xC1, 0x91, 0x5A, 0x0E,
    0x7D, 0x88, 0x63, 0xD3, 0x11, 0x07, 0x57, 0x3D, 0x8E, 0xBE, 0x4B, 0xFF, 0x89, 0x97, 0xE8, 0x73,
    0x8C, 0xD4, 0x03, 0x64, 0xD3, 0x0A, 0xC2, 0x67, 0x22, 0x80, 0x06, 0x01, 0x88, 0xCA, 0xBA, 0x71,
    0x65, 0xBF, 0xC5, 0x8C, 0x6B, 0xBB, 0xE1, 0xB6, 0x8B, 0xBB, 0x99, 0xD0, 0x15, 0xBC, 0x07, 0xF2,
    0x79, 0x93, 0xE7, 0x57, 0x90, 0x6E, 0x20, 0x19, 0x57, 0x40, 0xE3, 0x76, 0xC6, 0x0B, 0xC0, 0xED,
    0x83, 0x5B, 0x6F, 0xA4, 0xE9, 0x35, 0x72, 0x17, 0x9A, 0xF6, 0xF9, 0x59, 0xBB, 0x28, 0x79, 0x86,
    0xD9, 0x35, 0x1A, 0x2E, 0x34, 0x91, 0x2E, 0xEA, 0x37, 0x6F, 0x0A, 0x6D, 0x6A, 0xEC, 0x84, 0xEE,
    0x48, 0x64, 0xF7, 0xBA, 0x71, 0x45, 0xC7, 0x67, 0xF3, 0x7A, 0xE9, 0x3F, 0xFE, 0x6E, 0xDD, 0x7B,
    0x72, 0x46, 0x54, 0x32, 0x08, 0xD8, 0x5D, 0x70, 0x07, 0xA2, 0xBA, 0x12, 0x10, 0x3D, 0xE5, 0xEC,
    0xA9, 0x64, 0xF1, 0x0A, 0x37, 0x48, 0x68, 0xDB, 0x2E, 0x43, 0xE6, 0xB2, 0x56, 0xB1, 0x44, 0x15,
    0x82, 0x91, 0x21, 0xF2, 0x8A, 0xA1, 0xF4, 0xB0, 0x1C, 0xF5, 0x54, 0xCF, 0x7A, 0xD6, 0x5E, 0x0D,
    0x64, 0xD2, 0x43, 0xBA, 0x64, 0x4A, 0xB8, 0xAC, 0xD7, 0x13, 0xF1, 0x50, 0xCF, 0x09, 0x8F, 0x88,
    0x1C, 0x00, 0x04, 0x92, 0x03, 0x85, 0xEE, 0xC8, 0x50, 0x02, 0x3E, 0x5C, 0x3F, 0x39, 0x22, 0x90,
    0xB2, 0x2D, 0x10, 0xAF, 0x53, 0xCA, 0x3D, 0xC2, 0xB5, 0x9E, 0x33, 0x76, 0x15, 0x1B, 0xBD, 0x62,
    0x1F, 0xD7, 0xC1, 0xD9, 0x36, 0x39, 0xB4, 0x35, 0xF4, 0x96, 0x80, 0xEB, 0xF8, 0x64, 0x0B, 0xBD,
    0xCC, 0xA2, 0xFB, 0x95, 0x73, 0x95, 0x2A, 0xA2, 0xEF, 0x8D, 0x84, 0x90, 0x3C, 0x39, 0xF7, 0x8B,
    0x03, 0xA9, 0x3C, 0x1D, 0x29, 0x8B, 0x65, 0x4B, 0xDF, 0x9B, 0xA8, 0xE8, 0xC2, 0xB4, 0xFE, 0x9A,
    0xA9, 0x8C, 0xC5, 0xA8, 0x35, 0xBC, 0x0A, 0x60, 0x4C, 0x1F, 0xEE, 0xA6, 0x7E, 0x9B, 0x2E, 0x02,
    0x64, 0x9A, 0xF7, 0x8B, 0xE9, 0x1A, 0x46, 0x0E, 0x45, 0xB9, 0x27, 0x53, 0xB5, 0x68, 0x52, 0x3D,
    0xF6, 0x77, 0xD3, 0x9F, 0x88, 0xBE, 0x32, 0xA4, 0x9E, 0x39, 0x5F, 0x72, 0x83, 0x5B, 0xC1, 0x76,
    0xF7, 0x86, 0x5A, 0xF5, 0xEA, 0x97, 0xE0, 0x81, 0x7E, 0x2E, 0x86, 0xEA, 0x44, 0x7C, 0xA8, 0x4E,
    0xE6, 0xDC, 0x6B, 0x2B, 0x3E, 0xAD, 0x3E, 0x99, 0x32, 0x5F, 0xA3, 0x40, 0x40, 0x5C, 0x86, 0x29,
    0xC4, 0xCB, 0x6D, 0x96, 0x69, 0x83, 0xDB, 0x6C, 0xAB, 0x99, 0x0B, 0x53, 0xA1, 0x2D, 0x50, 0x41,
    0x02, 0x1B, 0xC9, 0x6D, 0x38, 0x1F, 0xB4, 0x9D, 0x83, 0x39, 0xDA, 0xC2, 0x95, 0x3F, 0xE3, 0x34,
    0xDC, 0x46, 0xFF, 0x6A, 0x8B, 0x67, 0x43, 0x08, 0x65, 0x04, 0x4E, 0xC2, 0x2F, 0x94, 0xE0, 0xDC,
    0xA9, 0xBE, 0xEC, 0x2A, 0xAB, 0x1B, 0x0D, 0xC6, 0x03, 0x3A, 0x46, 0x40, 0xDF, 0x8A, 0x1B, 0x0F,
    0xD5, 0x6F, 0x53, 0xF9, 0xC4, 0x57, 0xA7, 0x5E, 0xDF, 0x1F, 0x74, 0xEE, 0x74, 0xD1, 0x1F, 0x28,
    0x7B, 0xAC, 0x1A, 0xA7, 0xE8, 0xD6, 0xC5, 0x95, 0xFD, 0x51, 0x61, 0x41, 0x57, 0x59, 0x50, 0x6A,
    0x2B, 0xB4, 0x0D, 0xA8, 0x6B, 0x02, 0x3D, 0x12, 0xBB, 0xE8, 0x3D, 0x1D, 0x14, 0xD6, 0x13, 0xB8,
    0x06, 0x02, 0x9F, 0x13, 0x4E, 0x51, 0xE1, 0x63, 0x54, 0x1D, 0xD4, 0x23, 0xA3, 0x1B, 0x29, 0x46,
    0x85, 0xCD, 0xBA, 0xA4, 0xA7, 0x43, 0xD9, 0xC8, 0x3B, 0x56, 0x7D, 0xAB, 0x5C, 0x7D, 0xD3, 0x41,
    0x52, 0xF9, 0x78, 0x54, 0xD6, 0x43, 0x44, 0xD6, 0xDD, 0x48, 0xFA, 0x0F, 0xE8, 0x30, 0x1E, 0x0C,
    0xAA, 0x63, 0x02, 0xDD, 0x44, 0xA0, 0x9C, 0x09, 0xB4, 0xF0, 0xA2, 0x9C, 0x0B, 0x7A, 0x6D, 0xC0,
    0x51, 0x36, 0xE0, 0x51, 0x10, 0x7B, 0x23, 0xB7, 0xE0, 0xCB, 0xAC, 0x70, 0xE2, 0xE0, 0x84, 0xE8,
    0x7D, 0xA2, 0x3B, 0x52, 0x5C, 0x15, 0xCA, 0xAD, 0x4D, 0x11, 0x08, 0x12, 0xA9, 0xF2, 0x22, 0x64,
    0x33, 0x98, 0x12, 0x25, 0x13, 0x55, 0x19, 0x04, 0x20, 0x13, 0x62, 0xBA, 0x8C, 0xF1, 0xA1, 0x38,
    0x49, 0x7C, 0x06, 0xA7, 0x67, 0x92, 0x5D, 0xE2, 0xC0, 0x1A, 0xD1, 0x04, 0x6E, 0xC4, 0x9B, 0x09,
    0x03, 0x25, 0x4E, 0x8A, 0x78, 0x32, 0x47, 0x1A, 0xA1, 0xAD, 0x16, 0xDE, 0xCB, 0xAB, 0xC1, 0x0B,
    0x87, 0xCA, 0x56, 0x8D, 0x38, 0x48, 0xFB, 0x9C, 0x1B, 0xED, 0x8B, 0x7D, 0x90, 0x47, 0x60, 0x2A,
    0x0F, 0x92, 0x40, 0x57, 0x0D, 0x00, 0xA5, 0x03, 0x50, 0x0E, 0x1D, 0x03, 0x60, 0x02, 0x40, 0x55,
    0xC1, 0x05, 0xBC, 0x44, 0x34, 0x6A, 0xB4, 0x95, 0x6A, 0x6F, 0xE9, 0x47, 0x4A, 0x0C, 0x5D, 0x8D,
    0x07, 0xA5, 0x86, 0xBE, 0x10, 0x36, 0x29, 0xE3, 0x85, 0x24, 0xD6, 0x72, 0x86, 0x09, 0xF2, 0x50,
    0x24, 0x62, 0xD3, 0x2E, 0x11, 0xDB, 0x2D, 0x82, 0x83, 0xA5, 0x6F, 0x30, 0xDA, 0x02, 0x0C, 0x51,
    0xCD, 0x28, 0xD8, 0xE3, 0x31, 0x86, 0x46, 0xC2, 0x62, 0x0C, 0xB0, 0xA9, 0x63, 0xA3, 0xFE, 0xC1,
    0x08, 0x05, 0x01, 0x6A, 0xF0, 0x88, 0xC2, 0x61, 0xA9, 0x44, 0x5D, 0x52, 0x2E, 0x5E, 0xB6, 0xC0,
    0x48, 0x97, 0x00, 0x13, 0x2C, 0xB2, 0x61, 0xD4, 0x6D, 0x54, 0x30, 0x8A, 0x54, 0xA7, 0xF0, 0xFF,
    0x60, 0xC3, 0xFF, 0x83, 0x0D, 0xFF, 0x0F, 0x81, 0xE3, 0xD2, 0x96, 0xCB, 0xC7, 0x6B, 0xE5, 0x0B,
    0x89, 0x17, 0x72, 0x36, 0x24, 0x5B, 0xD8, 0x0C, 0x19, 0xEA, 0xD7, 0xCD, 0x90, 0x8F, 0x61, 0xB3,
    0x92, 0xCA, 0x70, 0x77, 0xDD, 0x4C, 0x87, 0x95, 0x22, 0x6E, 0x36, 0x2B, 0xBB, 0x7F, 0x59, 0x76,
    0xD9, 0xEC, 0xC9, 0x0E, 0x85, 0xE3, 0x52, 0x43, 0x17, 0x10, 0x8E, 0xF5, 0x88, 0x4A, 0x25, 0xC6,
    0x31, 0xB5, 0xB4, 0x2A, 0xEE, 0xC4, 0x3C, 0x18, 0x5A, 0x6E, 0xFF, 0xD4, 0xAB, 0xBF, 0xA4, 0x2A,
    0x1F, 0x44, 0x6E, 0x8C, 0xD2, 0x44, 0x04, 0x81, 0x28, 0x54, 0xDA, 0x86, 0x7C, 0x13, 0x23, 0x71,
    0x53, 0x00, 0x41, 0x0C, 0x4C, 0x9C, 0x33, 0x67, 0x2C, 0x86, 0x84, 0x33, 0x26, 0x6C, 0x75, 0x0A,
    0xE5, 0xAA, 0x14, 0x8B, 0x06, 0x4B, 0x16, 0x12, 0x39, 0x1D, 0x32, 0x8B, 0xC4, 0xAD, 0x59, 0x1F,
    0x4D, 0x69, 0xB7, 0x8C, 0xC5, 0x57, 0x02, 0xCD, 0x50, 0x20, 0x55, 0x34, 0xAB, 0x78, 0x00, 0xA8,
    0x9A, 0xB7, 0xAF, 0x32, 0xEE, 0xA1, 0xE6, 0xA6, 0x47, 0xE1, 0x2A, 0x14, 0x6E, 0x92, 0x4C, 0xA2,
    0x01, 0x9C, 0x8F, 0x7B, 0x48, 0x44, 0xB0, 0x43, 0x48, 0xE0, 0x16, 0x85, 0x14, 0x85, 0x83, 0x00,
    0x75, 0x11, 0x4A, 0x50, 0x2E, 0x35, 0xA9, 0xFE, 0x0C, 0x30, 0xE1, 0xFB, 0x52, 0x5D, 0x02, 0x64,
    0xFE, 0x74, 0x26, 0xD1, 0x1E, 0xF1, 0xC7, 0x3E, 0x95, 0xC6, 0xD1, 0x09, 0x9C, 0xA5, 0xC5, 0x49,
    0x0C, 0x78, 0x51, 0x1C, 0xF6, 0x83, 0xDE, 0xE8, 0x40, 0xA2, 0xF6, 0xD5, 0x9D, 0xD2, 0xE8, 0x8F,
    0xD0, 0x39, 0x84, 0xA3, 0xF4, 0x31, 0x40, 0x25, 0x51, 0x29, 0xF3, 0x32, 0xAC, 0x43, 0xDD, 0x10,
    0x93, 0xA2, 0x33, 0xEA, 0x17, 0xAE, 0x83, 0xF8, 0x93, 0x88, 0xF4, 0x15, 0x9A, 0x0F, 0xDA, 0x0D,
    0x5A, 0x15, 0x02, 0xF8, 0x2C, 0xF0, 0xC2, 0xD4, 0x02, 0x95, 0x8D, 0xB0, 0x92, 0x95, 0xAE, 0x82,
    0xEB, 0xDA, 0x0E, 0x51, 0x96, 0x73, 0x57, 0x8A, 0x9F, 0x2C, 0xF2, 0x84, 0x05, 0x66, 0x12, 0xB5,
    0x2E, 0x67, 0xC9, 0x7A, 0x64, 0x18, 0xFC, 0x2E, 0x9D, 0x30, 0xB7, 0x92, 0xA6, 0x99, 0x4D, 0xA0,
    0x3B, 0x12, 0xE7, 0x68, 0x33, 0x71, 0x98, 0x97, 0x2E, 0x0F, 0x96, 0x15, 0xBF, 0x9C, 0x87, 0xD5,
    0x20, 0xEB, 0x88, 0xE3, 0xA3, 0x10, 0xC9, 0xCF, 0xC5, 0x54, 0x88, 0x64, 0x9C, 0xAD, 0xBF, 0x03,
    0xC6, 0x4D, 0xB3, 0xF8, 0xAB, 0x2C, 0xC8, 0x47, 0xC4, 0x0B, 0x32, 0x11, 0xD9, 0x3D, 0xD4, 0x45,
    0xD4, 0xBF, 0x06, 0x75, 0x7B, 0x0C, 0xCD, 0x79, 0x99, 0x53, 0x44, 0x63, 0x44, 0x7D, 0x44, 0x26,
    0xA0, 0x90, 0x03, 0x1C, 0xFE, 0x38, 0xB3, 0xDF, 0xC3, 0xCD, 0x32, 0xFB, 0x3A, 0xF4, 0x6E, 0x40,
    0x8F, 0x59, 0xBE, 0xB3, 0xD3, 0xF0, 0xB7, 0x0F, 0x14, 0x72, 0xED, 0xD4, 0xDF, 0x11, 0xD4, 0x1D,
    0x7D, 0x24, 0xF6, 0xE9, 0x49, 0x10, 0xCC, 0x76, 0x27, 0xA4, 0x54, 0xEC, 0xB5, 0x9A, 0x43, 0x6F,
    0x0C, 0x11, 0x44, 0xEF, 0x48, 0x5E, 0x2D, 0x59, 0x59, 0xDD, 0xB4, 0xFA, 0x87, 0xF0, 0x3B, 0x61,
    0x0A, 0x91, 0x06, 0x8D, 0x52, 0x96, 0xB0, 0x47, 0xC7, 0x7F, 0xFA, 0xA4, 0x2F, 0x25, 0x09, 0x25,
    0x8F, 0x33, 0x49, 0x46, 0x43, 0xE7, 0x3A, 0x8B, 0x97, 0xD6, 0x72, 0xEA, 0xA5, 0xB7, 0x9C, 0x8E,
    0xD2, 0x5C, 0xBE, 0x19, 0xA4, 0xCA, 0x17, 0x4E, 0xDA, 0x8B, 0xEA, 0xA5, 0xBF, 0x28, 0x2B, 0x0D,
    0x46, 0x35, 0xD2, 0x61, 0xCA, 0xD0, 0x62, 0xAE, 0x87, 0x1E, 0x73, 0x91, 0xFE, 0x05, 0xED, 0x55,
    0x31, 0x8F, 0x1C, 0x35, 0x14, 0xFE, 0x76, 0x46, 0x62, 0x90, 0xA6, 0x30, 0x45, 0x68, 0x2E, 0x85,
    0x9B, 0x4B, 0x73, 0x89, 0x6E, 0x7E, 0x01, 0x67, 0x4B, 0xFC, 0x00, 0xAE, 0xB9, 0x86, 0x02, 0x52,
    0x40, 0x9B, 0xB4, 0x41, 0x22, 0xCC, 0x10, 0x7E, 0x00, 0xF7, 0x13, 0x22, 0x14, 0xA4, 0xD3, 0x2E,
    0xBA, 0x4D, 0x0F, 0xB7, 0x76, 0xB8, 0x3F, 0x30, 0x29, 0xA0, 0x1E, 0x24, 0xAA, 0x6B, 0x18, 0x91,
    0x41, 0x0C, 0x89, 0x3D, 0x8F, 0xCF, 0xBB, 0x87, 0x50, 0x8E, 0xE3, 0x14, 0x29, 0x6D, 0x76, 0xFD,
    0x79, 0x77, 0x3C, 0xB6, 0xDF, 0x7B, 0xDF, 0xFB, 0x9E, 0x8D, 0x63, 0x8B, 0x42, 0x3A, 0xE8, 0xD3,
    0x11, 0xE6, 0x41, 0x44, 0xFD, 0xA5, 0xC0, 0x59, 0x81, 0x5C, 0x80, 0x6B, 0x04, 0xE6, 0x49, 0x44,
    0xF5, 0x63, 0x80, 0xFA, 0xB3, 0x47, 0x26, 0x0D, 0xD6, 0x9F, 0x7D, 0xE4, 0x01, 0xE5, 0x94, 0x5A,
    0x11, 0x30, 0xFB, 0x75, 0x3D, 0xF8, 0x05, 0xF4, 0x84, 0x2A, 0xA2, 0x88, 0xC8, 0xFF, 0xD3, 0xB4,
    0x34, 0x7B, 0xF3, 0xF3, 0xD5, 0xB7, 0x88, 0x1F, 0x80, 0x59, 0x40, 0x5A, 0x0D, 0x45, 0x18, 0xE2,
    0x59, 0x40, 0x7E, 0x4A, 0x43, 0xEF, 0x07, 0x54, 0x22, 0xBE, 0x26, 0x92, 0x99, 0x0D, 0x46, 0xA2,
    0xC3, 0xEC, 0xAE, 0xAF, 0xC4, 0x1B, 0xB1, 0x7B, 0xDF, 0xE2, 0x04, 0x90, 0x01, 0x22, 0x96, 0x23,
    0x70, 0x1D, 0xAA, 0x0E, 0x8A, 0x21, 0x79, 0xD4, 0xF6, 0x7A, 0xA0, 0xEB, 0x34, 0xF2, 0x18, 0xBA,
    0x83, 0xA4, 0x0D, 0x54, 0x8F, 0xEA, 0x79, 0x63, 0x64, 0x74, 0xA7, 0x41, 0xF2, 0x28, 0xD9, 0x24,
    0x59, 0x74, 0x79, 0x30, 0x5F, 0x8D, 0x5A, 0xBA, 0xD9, 0x1C, 0xFA, 0x6C, 0x0E, 0x23, 0x0C, 0x57,
    0x26, 0x22, 0xE0, 0x1E, 0x06, 0xDC, 0x9E, 0xF5, 0xB4, 0xEA, 0x81, 0x92, 0x9B, 0x29, 0xEE, 0xF7,
    0x1E, 0xF1, 0x39, 0xC1, 0xE1, 0xAC, 0xDB, 0xBC, 0xCA, 0x2C, 0x9F, 0x5D, 0x8B, 0xF2, 0x79, 0xA0,
    0x6D, 0xC6, 0xEF, 0x1D, 0x3D, 0x99, 0xA0, 0xA6, 0x91, 0x14, 0x73, 0x82, 0x24, 0xDA, 0x18, 0xFF,
    0x29, 0xF7, 0x6E, 0xC4, 0x9A, 0xC6, 0x59, 0xC3, 0x39, 0xFA, 0x97, 0xC0, 0xF1, 0x43, 0xE0, 0xE6,
    0x21, 0x7F, 0xE9, 0x60, 0x27, 0x5C, 0x6B, 0xF8, 0x8E, 0xDF, 0x96, 0xF8, 0x4B, 0xBC, 0x12, 0x69,
    0xB2, 0x51, 0x68, 0x24, 0x6E, 0x18, 0x60, 0x7C, 0xA8, 0x9B, 0x44, 0x30, 0x4C, 0x8B, 0x7F, 0x3F,
    0x45, 0xF2, 0xF1, 0x65, 0x30, 0x96, 0x91, 0x0C, 0x8E, 0x3B, 0xCB, 0xB3, 0x87, 0x17, 0xDF, 0xAD,
    0xF1, 0x96, 0xC5, 0xD6, 0x7C, 0x7E, 0xC4, 0x79, 0x21, 0xCD, 0x25, 0x7A, 0x47, 0xBC, 0x7B, 0x70,
    0x90, 0x22, 0xC2, 0xCE, 0x7C, 0xFE, 0x90, 0xEB, 0x7B, 0xA2, 0xC3, 0x35, 0x84, 0x6C, 0x28, 0x3A,
    0xE5, 0xAB, 0xC6, 0xA0, 0xC6, 0x0A, 0x91, 0xDF, 0xB0, 0xEE, 0x57, 0x7C, 0x36, 0xA8, 0xA0, 0x1B,
    0xE5, 0x8B, 0x2E, 0x1F, 0x38, 0xBC, 0xFD, 0x0E, 0xC7, 0x0D, 0xD9, 0x28, 0xDB, 0xBC, 0xCF, 0xFB,
    0xD9, 0xC8, 0xB1, 0xB0, 0x9E, 0xBE, 0xFE, 0x9D, 0x8D, 0xD9, 0x90, 0xF7, 0x45, 0x57, 0x7A, 0xC5,
    0xDD, 0x4E, 0xB0, 0x7D, 0x1E, 0xC4, 0x7D, 0xE6, 0x4A, 0x4F, 0x89, 0x0A, 0xBA, 0x84, 0x62, 0x2A,
    0xA9, 0xA4, 0x90, 0x4F, 0xFF, 0xDF, 0x69, 0x51, 0x62, 0x77, 0x17, 0x1F, 0x2D, 0x1A, 0xBC, 0xAE,
    0x9E, 0xB7, 0x71, 0x73, 0x80, 0x1B, 0xA0, 0xAE, 0x6C, 0xF5, 0x84, 0x1B, 0x07, 0x98, 0xAD, 0x98,
    0x08, 0x69, 0xC9, 0x70, 0x8F, 0x7B, 0x6A, 0xC4, 0x6D, 0x95, 0x32, 0x33, 0x20, 0x69, 0x8C, 0x29,
    0x64, 0x86, 0xB8, 0xE1, 0x98, 0x51, 0xAE, 0x25, 0xD4, 0xD9, 0x8A, 0xF3, 0x22, 0x1C, 0x23, 0xFA,
    0xF4, 0xE0, 0x13, 0x64, 0x47, 0xF4, 0xDA, 0x7E, 0x56, 0xFB, 0x7D, 0x4E, 0x34, 0x0D, 0xD9, 0x2B,
    0x93, 0x7E, 0xB9, 0x59, 0x9F, 0x96, 0xB3, 0xE9, 0xF6, 0x31, 0x25, 0x12, 0xB1, 0x75, 0x88, 0x37,
    0xC5, 0xF2, 0xA6, 0x58, 0x2E, 0x29, 0x16, 0x26, 0xAB, 0x24, 0x4F, 0x86, 0x92, 0x5B, 0x51, 0x7A,
    0x8F, 0x92, 0xFC, 0xAA, 0xC4, 0x1F, 0xB5, 0xFF, 0xF5, 0x08, 0xF9, 0x80, 0x58, 0x8E, 0xD6, 0xBD,
    0x10, 0xAB, 0x9F, 0xC6, 0xC4, 0x77, 0xF1, 0x62, 0xD0, 0x3E, 0x98, 0x9F, 0xA2, 0x93, 0x48, 0xC5,
    0xA7, 0xE6, 0xDF, 0x76, 0x7F, 0x9C, 0x30, 0x75, 0x4A, 0xFA, 0x54, 0x04, 0x54, 0x44, 0xC9, 0x5C,
    0x56, 0x9D, 0x34, 0xE4, 0xBB, 0x75, 0xBE, 0xEE, 0xA8, 0x9C, 0x7E, 0x83, 0xBA, 0x73, 0x6D, 0x9D,
    0xFE, 0x35, 0x8A, 0x73, 0x66, 0x0C, 0x71, 0x67, 0x71, 0xE7, 0x51, 0x25, 0x7A, 0x28, 0x26, 0xE5,
    0x33, 0xF9, 0x98, 0x79, 0x4B, 0x24, 0xD3, 0x0F, 0xC7, 0xCB, 0xE0, 0xD9, 0x84, 0xFC, 0x89, 0x58,
    0x65, 0xA5, 0x35, 0x0F, 0x64, 0xFC, 0xFE, 0xE7, 0xF9, 0x11, 0xEF, 0x0B, 0x95, 0xD4, 0xD2, 0x3A,
    0xE9, 0x7B, 0xFA, 0x5D, 0xD0, 0xDD, 0xD1, 0xC9, 0x20, 0xCB, 0x3E, 0x96, 0xAD, 0xB9, 0xDB, 0x94,
    0xE3, 0x79, 0x72, 0xA8, 0xD3, 0x74, 0x85, 0x00, 0x9A, 0x3A, 0x46, 0x99, 0xBA, 0xE2, 0x62, 0x57,
    0xB5, 0x3C, 0x1D, 0xA8, 0xE6, 0x62, 0x73, 0x4E, 0xB0, 0x22, 0x8A, 0x50, 0x5E, 0xD1, 0x69, 0xD1,
    0x82, 0xBD, 0xC5, 0x9D, 0xC5, 0x79, 0xB1, 0xDF, 0x7F, 0x05, 0x1B, 0x5B, 0x4B, 0xCB, 0xB5, 0xE9,
    0x04, 0x52, 0xB4, 0x16, 0x76, 0xD3, 0x18, 0xAB, 0xB0, 0x48, 0x81, 0xD2, 0x78, 0x7A, 0xA4, 0x5E,
    0x8B, 0xC0, 0xBA, 0x2D, 0x82, 0x1E, 0xD7, 0x36, 0xEC, 0xDE, 0xE2, 0x43, 0xE7, 0x37, 0x51, 0xE8,
    0x98, 0x76, 0x5F, 0x7B, 0xF0, 0x0A, 0x2D, 0x5D, 0x8F, 0x76, 0xF7, 0x9F, 0xEB, 0x11, 0x27, 0x15,
    0xB5, 0xC3, 0xA3, 0xF0, 0x77, 0xE9, 0xB5, 0xF0, 0xD3, 0xA7, 0x20, 0xAB, 0x81, 0xBE, 0x04, 0x35,
    0x5E, 0xDD, 0xEB, 0x49, 0xC7, 0x2A, 0xEE, 0x2E, 0x77, 0x8F, 0xF7, 0x8E, 0x5F, 0xFF, 0x58, 0xBD,
    0xB5, 0x65, 0x71, 0x3D, 0x92, 0xEA, 0x24, 0x7C, 0x56, 0x69, 0xBA, 0xF1, 0x43, 0x2E, 0x97, 0x74,
    0x11, 0x65, 0x64, 0x12, 0x4B, 0x59, 0x26, 0x25, 0x89, 0xDD, 0xD0, 0x7A, 0x59, 0x57, 0xF1, 0x25,
    0xB3, 0xC1, 0x58, 0x33, 0x0A, 0xF4, 0x37, 0x6F, 0x72, 0x5F, 0x7B, 0x4F, 0xF1, 0xF0, 0xA0, 0x52,
    0xE2, 0xBF, 0x91, 0xAE, 0xAF, 0x3A, 0xB2, 0xEE, 0x9C, 0x4F, 0x49, 0xBA, 0x06, 0x96, 0x01, 0xCF,
    0xA4, 0x6A, 0x3A, 0xAA, 0x29, 0xD7, 0xB8, 0x5F, 0xAE, 0x69, 0x7D, 0xA9, 0xC9, 0x77, 0x39, 0xDD,
    0x73, 0x87, 0x7F, 0x03, 0xBD, 0x58, 0xBF, 0x8F, 0xDC, 0xC6, 0x15, 0x7E, 0x24, 0x73, 0x26, 0x10,
    0x16, 0xA3, 0xC2, 0xAB, 0x42, 0x2E, 0x98, 0x32, 0xB8, 0x20, 0x62, 0x93, 0x22, 0x85, 0x4E, 0x1C,
    0x43, 0x7F, 0x80, 0x2F, 0x80, 0xCE, 0x4D, 0x0A, 0xA7, 0x56, 0x8A, 0x6B, 0x5D, 0xD8, 0x47, 0x3A,
    0x2A, 0x52, 0xFA, 0x8A, 0xA4, 0x0A, 0x02, 0xA8, 0x30, 0x02, 0x68, 0x53, 0xDC, 0x3F, 0x20, 0x89,
    0x03, 0xB8, 0x48, 0xE1, 0xC2, 0x5B, 0x04, 0x69, 0x52, 0x84, 0x01, 0x94, 0x00, 0xB6, 0x0B, 0x31,
    0xCE, 0x26, 0xA0, 0xCF, 0x5C, 0xBE, 0x7C, 0xEF, 0xBD, 0xD9, 0xDB, 0x3D, 0xCB, 0x30, 0x0C, 0x24,
    0xC8, 0xE2, 0x30, 0xDF, 0x13, 0x39, 0x33, 0x7C, 0x3F, 0xBF, 0x37, 0x23, 0x22, 0xA2, 0x2A, 0xED,
    0x31, 0xD2, 0x59, 0xAE, 0x30, 0xB9, 0x80, 0xF1, 0xC1, 0xFC, 0x16, 0xA0, 0x64, 0xE6, 0x96, 0x12,
    0xE6, 0x2F, 0xB9, 0x27, 0xC7, 0xBF, 0xEC, 0xBB, 0x81, 0xEA, 0x8D, 0x0B, 0x3C, 0x10, 0x0F, 0xE5,
    0x7B, 0x5F, 0x0E, 0x19, 0xAF, 0xEA, 0x6C, 0x18, 0x1C, 0x87, 0x3A, 0xEB, 0x87, 0x92, 0xFD, 0xD3,
    0x22, 0xFC, 0xAC, 0x66, 0xDD, 0xA4, 0x9E, 0xD3, 0x75, 0xE5, 0xA9, 0x9B, 0xB3, 0xA1, 0x26, 0xEA,
    0x36, 0x79, 0x7F, 0x46, 0xC4, 0x58, 0x3D, 0x29, 0xBC, 0x37, 0x0A, 0x54, 0xD9, 0x00, 0x98, 0x6B,
    0x81, 0x6E, 0x7E, 0x5A, 0xAC, 0x88, 0x1A, 0x56, 0x15, 0x6A, 0x1E, 0xB1, 0x9A, 0x2A, 0x96, 0xD5,
    0xDF, 0x73, 0x2C, 0xAB, 0xDF, 0xCE, 0xB9, 0xC7, 0xEA, 0x75, 0xCA, 0xEB, 0x89, 0xD2, 0x81, 0x3A,
    0x5E, 0x53, 0x01, 0x95, 0xA0, 0x4F, 0xD3, 0x63, 0x21, 0x5F, 0x70, 0xA0, 0xA9, 0x62, 0x9E, 0x29,
    0x19, 0xCB, 0xE5, 0x63, 0x22, 0xFD, 0x36, 0xA0, 0xBF, 0x2B, 0x50, 0x84, 0x27, 0x02, 0x09, 0xDD,
    0x10, 0x38, 0x38, 0x26, 0x7A, 0xE5, 0x91, 0xD8, 0xC8, 0x63, 0xAA, 0x23, 0xB6, 0xA0, 0x74, 0x84,
    0xE6, 0x44, 0x36, 0xBE, 0xAD, 0xE3, 0x1D, 0x1D, 0x5F, 0xD5, 0x91, 0x76, 0x63, 0xAA, 0x63, 0xEE,
    0x65, 0x74, 0xA2, 0x30, 0xF3, 0x6E, 0xA4, 0x52, 0xDF, 0x16, 0xFA, 0x36, 0xF3, 0xFB, 0x6B, 0x65,
    0x4A, 0x0F, 0xDD, 0x19, 0x6A, 0x1F, 0x76, 0xBC, 0x6C, 0xE9, 0xDA, 0xCE, 0xD0, 0x81, 0x28, 0x67,
    0x98, 0x46, 0x6A, 0xC9, 0xDE, 0xEF, 0x55, 0x1D, 0x2B, 0x96, 0x08, 0x25, 0xFC, 0x62, 0x10, 0x93,
    0xE6, 0x1C, 0x1E, 0xA1, 0x72, 0xCA, 0x04, 0xEA, 0x51, 0xA1, 0x5B, 0x67, 0x58, 0x8D, 0x18, 0x65,
    0x2B, 0x99, 0x28, 0xF3, 0x28, 0x35, 0xC8, 0xF8, 0x6F, 0x70, 0x4B, 0x8A, 0xAF, 0x6F, 0xB0, 0x98,
    0xF9, 0xF2, 0x1C, 0x33, 0xEE, 0xE9, 0x8E, 0x78, 0xF7, 0x27, 0x79, 0xC7, 0xDB, 0x77, 0x9F, 0xC2,
    0x41, 0x49, 0xC1, 0xFA, 0xD1, 0x02, 0x8A, 0x7C, 0x9F, 0xC8, 0x61, 0x7B, 0x78, 0xD4, 0x0D, 0x0A,
    0xD5, 0x25, 0x0C, 0xC3, 0x32, 0x78, 0xAE, 0xB2, 0x64, 0xB9, 0x4D, 0xF5, 0xBF, 0xA1, 0xF4, 0x13,
    0x6A, 0x42, 0x23, 0x26, 0x34, 0x1E, 0xFB, 0x04, 0xBA, 0x0B, 0x2D, 0xCC, 0x92, 0x5B, 0xE7, 0x64,
    0x21, 0xB0, 0x5D, 0xF5, 0xBB, 0xE4, 0x22, 0xB4, 0x06, 0x5E, 0x82, 0x63, 0x70, 0xE6, 0xB8, 0x40,
    0x8C, 0xE7, 0x86, 0xEB, 0x8D, 0xB8, 0x43, 0xBC, 0xEB, 0xF8, 0x05, 0x7F, 0xC6, 0x70, 0x51, 0xC6,
    0xF7, 0xD8, 0xE7, 0x73, 0xC6, 0xA9, 0x41, 0xF2, 0xDF, 0x42, 0x5B, 0x72, 0xCE, 0x0F, 0x91, 0xD3,
    0xFC, 0x31, 0xBE, 0x31, 0x5C, 0xE9, 0xF7, 0xF5, 0x6A, 0xEE, 0x69, 0x4B, 0x92, 0x00, 0x44, 0x87,
    0x27, 0xF0, 0x18, 0x1D, 0x2F, 0x7C, 0xC7, 0x93, 0xB8, 0x93, 0x57, 0x85, 0x9A, 0xDD, 0xC1, 0x9F,
    0x52, 0x49, 0x92, 0xAC, 0x08, 0x7F, 0x2F, 0x09, 0x29, 0xC2, 0xDA, 0x84, 0x4A, 0xFC, 0x6D, 0x02,
    0x9B, 0xF0, 0x43, 0x71, 0x9A, 0x0A, 0x92, 0xDB, 0x22, 0x1C, 0x39, 0x6C, 0xA9, 0x42, 0x8E, 0x2D,
    0x25, 0xAE, 0x47, 0xA8, 0xCB, 0x16, 0x42, 0xC3, 0xF6, 0x5B, 0x47, 0xE4, 0x61, 0x71, 0x86, 0xE8,
    0x6D, 0x74, 0x8E, 0x44, 0xD3, 0x04, 0x24, 0xDC, 0x87, 0x41, 0x85, 0x9A, 0xFF, 0x69, 0x82, 0x93,
    0xAF, 0xD0, 0xBB, 0xAA, 0xA9, 0x09, 0xA4, 0xC2, 0x33, 0x4D, 0xD2, 0x28, 0x38, 0xC6, 0xF2, 0x59,
    0x53, 0x12, 0x02, 0x7B, 0x49, 0xA8, 0x1E, 0xFB, 0x8F, 0x92, 0xAA, 0xBD, 0xA9, 0x4C, 0x65, 0x1F,
    0x33, 0x34, 0x0D, 0xB4, 0xF0, 0x37, 0x1F, 0x7B, 0xCB, 0x72, 0x4B, 0xA3, 0xDF, 0xE8, 0xC2, 0x89,
    0xC4, 0x5C, 0x40, 0x3D, 0x29, 0x54, 0xAC, 0x50, 0x1A, 0x38, 0xF6, 0xB5, 0x2A, 0x3F, 0x77, 0x0A,
    0x93, 0x3D, 0xA4, 0x3D, 0x28, 0x67, 0x5B, 0x67, 0xCB, 0xEB, 0x51, 0xA1, 0xEB, 0x05, 0x7E, 0x27,
    0xBE, 0xE5, 0x49, 0x75, 0xE2, 0x69, 0x41, 0x0A, 0xF4, 0x6D, 0x61, 0x23, 0xE3, 0x6B, 0x52, 0x93,
    0x52, 0x7C, 0xF1, 0xA9, 0xFE, 0x16, 0x74, 0x70, 0x62, 0x52, 0xB4, 0xC6, 0x2A, 0xF3, 0xC2, 0xCA,
    0x05, 0x1B, 0xC4, 0xA2, 0x22, 0xD3, 0x37, 0x4A, 0xCD, 0x95, 0x54, 0x6F, 0xBE, 0x51, 0xDA, 0xAD,
    0x00, 0xF3, 0x98, 0x75, 0x28, 0x59, 0x49, 0x14, 0xD9, 0xB9, 0x75, 0x43, 0x15, 0xC0, 0x8D, 0xA7,
    0x23, 0xDC, 0x8B, 0x0C, 0x54, 0xBE, 0xA8, 0x86, 0x4C, 0x9E, 0x99, 0x03, 0x3C, 0xE6, 0x55, 0x33,
    0x3C, 0xE9, 0x65, 0x2D, 0xDC, 0x54, 0x8A, 0x3A, 0x3C, 0x15, 0x1C, 0x9C, 0x68, 0xCB, 0x53, 0xC6,
    0x3D, 0xF6, 0x93, 0x79, 0x09, 0x9C, 0xD3, 0x41, 0x6F, 0xF1, 0xD9, 0x06, 0x51, 0x51, 0xA9, 0x66,
    0x9F, 0x20, 0x38, 0x1A, 0x06, 0x24, 0x92, 0x4A, 0x05, 0xC2, 0x54, 0x07, 0xF1, 0x4A, 0x86, 0x44,
    0x6B, 0x82, 0x3A, 0x86, 0xF9, 0xEF, 0x6C, 0xBE, 0x29, 0xAF, 0x1C, 0x94, 0x74, 0x7C, 0x0E, 0x0F,
    0x2D, 0xEE, 0xD3, 0xE2, 0xE0, 0xE0, 0xF5, 0xD7, 0x8F, 0x2D, 0xF9, 0x5E, 0xA0, 0x74, 0xC6, 0x12,
    0xC4, 0xCE, 0x73, 0x3E, 0xA3, 0xA2, 0x32, 0x51, 0x62, 0x02, 0x57, 0x3F, 0x8D, 0x5E, 0x42, 0x36,
    0x6A, 0x03, 0x80, 0x1A, 0x30, 0x65, 0xAD, 0x7C, 0x57, 0x73, 0xE1, 0x53, 0x2D, 0x0D, 0xFC, 0x39,
    0xCD, 0xEE, 0x12, 0xF6, 0xF3, 0x6F, 0x29, 0x0F, 0x92, 0x81, 0x41, 0x92, 0xBF, 0x68, 0xC5, 0xF9,
    0x7D, 0x0E, 0xFD, 0x9C, 0x92, 0x15, 0x5C, 0x05, 0x87, 0x28, 0xB5, 0xAD, 0x13, 0x3C, 0x3D, 0xD2,
    0xE0, 0xC4, 0x9F, 0x77, 0x57, 0x22, 0x25, 0x27, 0xF8, 0x46, 0xC7, 0x34, 0x18, 0x7B, 0xC2, 0x1A,
    0xEB, 0x78, 0x8E, 0x7F, 0xC1, 0xFC, 0x30, 0x98, 0xF8, 0xE1, 0x47, 0xFC, 0x87, 0x60, 0x01, 0xFE,
    0xF3, 0x43, 0xFE, 0x8B, 0x37, 0x42, 0x04, 0xB5, 0x18, 0xFF, 0x09, 0x7F, 0xC5, 0x0C, 0xD8, 0x8B,
    0xB6, 0x46, 0x6E, 0x8C, 0x29, 0x32, 0xC8, 0x9F, 0x31, 0x74, 0x4F, 0x65, 0x14, 0xC1, 0x19, 0x6E,
    0x15, 0xC9, 0xAE, 0x55, 0x73, 0x74, 0x63, 0x28, 0xED, 0xA3, 0x1B, 0x85, 0x46, 0x4E, 0xCD, 0x4C,
    0xD2, 0xC0, 0xC0, 0x9E, 0x20, 0x1F, 0x0C, 0x52, 0x3C, 0x1B, 0xA9, 0xD2, 0x0D, 0x1D, 0xBC, 0xC9,
    0x7F, 0xB4, 0x67, 0xC9, 0x4F, 0x30, 0x20, 0x14, 0x01, 0xCA, 0xC1, 0x31, 0x12, 0xEC, 0x1A, 0x9E,
    0x08, 0xCD, 0x80, 0xB7, 0x5D, 0x8F, 0x81, 0xBF, 0x32, 0xE8, 0x0B, 0x19, 0x9A, 0x11, 0xF3, 0xEA,
    0x59, 0xD3, 0x03, 0x9B, 0xA6, 0x3C, 0xF2, 0x73, 0x3A, 0x6C, 0x63, 0xED, 0x26, 0x27, 0x27, 0x27,
    0xC7, 0xF2, 0x42, 0x1A, 0xA8, 0x0D, 0xE3, 0x55, 0x25, 0xFC, 0xFC, 0x52, 0xD5, 0x2D, 0xAD, 0x21,
    0xC1, 0x19, 0x5A, 0x03, 0xA8, 0x5A, 0x64, 0x08, 0x69, 0x26, 0x8B, 0x95, 0x92, 0x7E, 0xF9, 0x0A,
    0x6E, 0x83, 0x8C, 0x20, 0x9A, 0x31, 0x2B, 0x9D, 0x46, 0xD4, 0x6A, 0xC9, 0xEF, 0xFA, 0x1C, 0xBD,
    0xA2, 0xA5, 0xBE, 0x8A, 0xB4, 0x1E, 0xB0, 0xF9, 0xFC, 0xEB, 0xFB, 0xBB, 0x8A, 0x94, 0x73, 0xC1,
    0xF2, 0x82, 0x89, 0x8C, 0x11, 0x84, 0x9B, 0xF8, 0xD3, 0xE5, 0xAF, 0xB6, 0x1D, 0x52, 0x8B, 0x32,
    0xBA, 0x5B, 0xF7, 0x7F, 0x64, 0x1E, 0x44, 0x94, 0x95, 0xA9, 0x70, 0xA2, 0xD0, 0xEA, 0x94, 0x53,
    0x4D, 0x07, 0xFD, 0xCA, 0x95, 0x4C, 0x6C, 0xA9, 0x0B, 0x12, 0x57, 0xD0, 0x4C, 0xAB, 0x2B, 0xF9,
    0x0B, 0xDD, 0xE2, 0x01, 0x1A, 0xDF, 0xC2, 0x27, 0xD2, 0xF0, 0xEE, 0x4B, 0xB1, 0xAF, 0xD5, 0xF5,
    0x18, 0x5A, 0x24, 0xC0, 0xB9, 0x71, 0x45, 0x2D, 0x3D, 0x55, 0xB6, 0xEA, 0xBC, 0x09, 0x89, 0x26,
    0x01, 0x84, 0x7C, 0x88, 0x42, 0x19, 0xA2, 0xA0, 0xA7, 0x0E, 0x11, 0xA6, 0x28, 0x64, 0x43, 0x14,
    0x5C, 0xCC, 0xB7, 0x48, 0x73, 0xF5, 0x56, 0xB8, 0x85, 0xF1, 0x8B, 0x13, 0x69, 0x20, 0xDD, 0xB6,
    0xC4, 0xBA, 0xA9, 0xE3, 0x28, 0xD4, 0x1C, 0x77, 0x76, 0x1C, 0xBF, 0x95, 0x59, 0x74, 0xBA, 0x29,
    0x76, 0x56, 0x7C, 0xAB, 0x51, 0x9B, 0x3A, 0xE1, 0xD6, 0x95, 0x09, 0x52, 0xCC, 0xAA, 0x7C, 0xA6,
    0x3E, 0xC5, 0x90, 0x0A, 0xBD, 0xBC, 0xA6, 0x9D, 0x09, 0x1B, 0x88, 0xA5, 0x7A, 0x62, 0x39, 0x30,
    0x4F, 0x7E, 0xE7, 0x2A, 0xE0, 0x99, 0x76, 0xB7, 0x24, 0xE4, 0xCF, 0x95, 0x1D, 0x43, 0x61, 0x7A,
    0x86, 0xA8, 0x78, 0xEB, 0xFA, 0x54, 0xD6, 0xFB, 0x4A, 0xAA, 0x0F, 0x4D, 0xF0, 0x48, 0xCF, 0x19,
    0x8E, 0x7E, 0xAC, 0x98, 0xD3, 0xD5, 0xB9, 0x43, 0xB0, 0xB0, 0x03, 0xCB, 0x3F, 0xE2, 0xC1, 0xC5,
    0xE2, 0x9B, 0x68, 0x47, 0xD4, 0xEA, 0x25, 0xAF, 0xB1, 0x18, 0x24, 0x46, 0x28, 0xE1, 0xCF, 0x65,
    0x5E, 0xFD, 0x2F, 0xCB, 0xBF, 0x67, 0x09, 0x6B, 0x78, 0x6F, 0x6C, 0xB9, 0xF6, 0xD4, 0xB0, 0x60,
    0xC3, 0xFA, 0xAF, 0x86, 0xEF, 0xEE, 0x7D, 0xEF, 0x1A, 0x6E, 0xD7, 0x45, 0x87, 0x61, 0xBD, 0x7E,
    0x37, 0xE1, 0xB8, 0x41, 0xA4, 0xFA, 0x6F, 0xD7, 0xB5, 0x94, 0xA1, 0x5E, 0xEE, 0x53, 0x7E, 0x0F,
    0x4A, 0xBE, 0xFF, 0xF2, 0x94, 0xFF, 0x67, 0xD7, 0xDA, 0xFD, 0x0A, 0xBF, 0x7F, 0x44, 0x39, 0xFD,
    0xC4, 0x8A, 0x45, 0xF2, 0x25, 0x15, 0xA6, 0x96, 0x92, 0x7B, 0xDF, 0x77, 0x60, 0xFE, 0xC9, 0xF9,
    0x72, 0x05, 0x87, 0x39, 0x5F, 0xA0, 0x61, 0xAC, 0x9C, 0xCF, 0x7A, 0x87, 0x18, 0xFB, 0xA4, 0x47,
    0x7F, 0xC6, 0xF2, 0xF3, 0x5A, 0x41, 0x4F, 0xBA, 0x5E, 0xCF, 0x33, 0x7B, 0x20, 0xA6, 0x7B, 0xD5,
    0x68, 0x0B, 0x97, 0xCB, 0xA5, 0x11, 0x17, 0x77, 0x58, 0xF0, 0x16, 0x0F, 0xE8, 0x6E, 0x0E, 0x87,
    0x4C, 0xD9, 0x65, 0x07, 0xF2, 0x05, 0x80, 0xD0, 0xD1, 0x3D, 0xA1, 0xB3, 0x41, 0x80, 0x78, 0x04,
    0x08, 0x29, 0xBC, 0xF1, 0x06, 0x6C, 0x13, 0x42, 0x9F, 0xCD, 0x42, 0x49, 0xE9, 0xE4, 0xE2, 0xF9,
    0xB5, 0x43, 0xD7, 0x35, 0xB0, 0x68, 0x3F, 0x3B, 0xD7, 0xE9, 0xB2, 0x08, 0x4D, 0x6B, 0x45, 0xC9,
    0x86, 0xCA, 0x35, 0xA5, 0x6B, 0x39, 0xBA, 0xA2, 0xC7, 0xE0, 0x1C, 0x9B, 0x0A, 0x33, 0x11, 0x72,
    0xCE, 0x71, 0x6C, 0x08, 0x5B, 0x4E, 0xB9, 0xC9, 0x7C, 0x6C, 0xF7, 0x01, 0xE5, 0x24, 0xFD, 0xFC,
    0xA0, 0x2E, 0x6B, 0xE9, 0xBB, 0x88, 0xE6, 0xF2, 0x91, 0x46, 0x76, 0xF8, 0x01, 0x98, 0x69, 0xD9,
    0x66, 0x9A, 0x3F, 0x4A, 0x76, 0x98, 0x88, 0xF3, 0x1A, 0x9E, 0x78, 0xCA, 0x82, 0x8C, 0x85, 0x8E,
    0xAE, 0x15, 0xC6, 0x96, 0xDB, 0xCF, 0x20, 0x47, 0xA8, 0x8A, 0x7F, 0x3F, 0xA9, 0xEB, 0x25, 0x66,
    0xB7, 0x1E, 0xEF, 0x47, 0xCA, 0x1A, 0xD2, 0x16, 0x8C, 0x6D, 0x45, 0x13, 0x2F, 0x79, 0xFA, 0x99,
    0xDE, 0xBE, 0x1E, 0x06, 0xE9, 0x30, 0x68, 0x9A, 0x85, 0xDC, 0xBE, 0xF2, 0x90, 0xC9, 0xED, 0x0B,
    0x95, 0x25, 0xB7, 0x2F, 0x01, 0xDC, 0xBE, 0x70, 0x24, 0x95, 0xDB, 0x97, 0x6B, 0x77, 0x91, 0xD2,
    0xAB, 0x89, 0x46, 0xCA, 0x92, 0xA6, 0xBC, 0x06, 0x95, 0xB2, 0x2C, 0xDD, 0x26, 0x9D, 0x79, 0xD7,
    0xFC, 0x70, 0xD7, 0xA8, 0xF5, 0xC8, 0x98, 0xF5, 0x8E, 0xDE, 0xBE, 0xC2, 0x1D, 0xBB, 0x7D, 0xBD,
    0x63, 0xB7, 0xAF, 0x77, 0xF4, 0xF6, 0xB5, 0x79, 0x22, 0x07, 0xDA, 0x52, 0xEE, 0x4D, 0xBD, 0x98,
    0xA5, 0x3D, 0x61, 0x7B, 0x67, 0x99, 0xCD, 0xBE, 0x58, 0x62, 0x11, 0xFA, 0x9D, 0xC5, 0x91, 0xF5,
    0xAD, 0x54, 0xC2, 0xE1, 0x52, 0x7E, 0x3E, 0xD9, 0xCB, 0xDB, 0xA4, 0x77, 0x9F, 0xA0, 0x25, 0x9D,
    0xAE, 0x5C, 0x64, 0x9E, 0xCB, 0x0B, 0xBE, 0xE4, 0x50, 0x22, 0x6F, 0x30, 0xD4, 0x7A, 0x2C, 0x68,
    0xEF, 0x08, 0xE4, 0xED, 0x8F, 0x04, 0x70, 0xCB, 0x8A, 0x2D, 0xE0, 0x7F, 0x0D, 0x2B, 0xE3, 0x8B,
    0xD9, 0x68, 0x27, 0x9E, 0xFE, 0x84, 0x34, 0xA0, 0xDF, 0x09, 0x59, 0x7B, 0xEA, 0xB4, 0xD4, 0xE3,
    0x1A, 0x4B, 0x0A, 0x63, 0x1E, 0x1B, 0x95, 0x8D, 0x94, 0x10, 0x74, 0xFE, 0xBC, 0x9D, 0x93, 0x29,
    0x19, 0x39, 0xA9, 0xE6, 0x2E, 0xD6, 0x72, 0xAB, 0xB1, 0xB7, 0x6D, 0xD4, 0x6F, 0x46, 0x5C, 0xCD,
    0x66, 0xD7, 0xF3, 0xEC, 0x2B, 0xB9, 0x2E, 0x48, 0xED, 0xB5, 0x79, 0xBD, 0x8E, 0xAB, 0xD7, 0xA6,
    0xAA, 0xE9, 0xAD, 0xEE, 0x1E, 0x63, 0x7F, 0xAB, 0x95, 0x56, 0x0B, 0xED, 0x6A, 0x91, 0x45, 0xBA,
    0x69, 0x7F, 0x94, 0x03, 0x49, 0xB7, 0x91, 0x36, 0xD9, 0xF1, 0x2C, 0xF9, 0x37, 0x2B, 0x2F, 0x4E,
    0xC9, 0x23, 0x3A, 0xE3, 0x4D, 0x37, 0x5C, 0x7B, 0x5E, 0x8A, 0xCD, 0xFE, 0xB6, 0x74, 0x98, 0x41,
    0x3B, 0xE1, 0x28, 0x63, 0xA6, 0x63, 0xA2, 0x23, 0xD9, 0xA8, 0x6F, 0x91, 0xDE, 0x32, 0x27, 0x68,
    0x8F, 0x92, 0x94, 0xFB, 0xE9, 0xA4, 0x6D, 0xBD, 0x17, 0x22, 0x9B, 0xB5, 0xCA, 0xCF, 0x77, 0x19,
    0x92, 0x3C, 0x7E, 0xF3, 0x03, 0x23, 0xF0, 0xC8, 0x6E, 0x55, 0xF4, 0xBC, 0x8B, 0x7D, 0xFF, 0xAB,
    0x78, 0xCA, 0xDB, 0xCC, 0xDA, 0x12, 0x7C, 0x74, 0x83, 0x9A, 0xA9, 0x85, 0xAD, 0xA6, 0xBC, 0xCF,
    0xA5, 0x5A, 0xE7, 0x38, 0xEF, 0xED, 0xE4, 0xAC, 0xFF, 0x0B, 0x01, 0x4C, 0x06, 0x2C, 0x5B, 0x63,
    0xBF, 0x71, 0x0F, 0x07, 0xC5, 0x54, 0x71, 0xFA, 0x3A, 0x6C, 0x78, 0x25, 0xF8, 0x39, 0x3C, 0xAB,
    0xFF, 0xF6, 0x74, 0x63, 0x8A, 0x61, 0x7F, 0x19, 0xB5, 0x0D, 0x25, 0x33, 0xE9, 0xCD, 0x30, 0x67,
    0xAF, 0xCC, 0xD6, 0xF0, 0xFA, 0xC1, 0x72, 0x79, 0x4E, 0x87, 0xCB, 0x0F, 0x0E, 0xFC, 0xCD, 0x65,
    0x6C, 0x44, 0x3A, 0xC1, 0x1A, 0x11, 0xAA, 0xB3, 0xC3, 0xBA, 0xC6, 0xEE, 0x0F, 0x8D, 0xDD, 0x9B,
    0x1A, 0xEB, 0x39, 0x0A, 0xED, 0x37, 0x40, 0x9C, 0x62, 0xEB, 0x66, 0xDB, 0x65, 0x52, 0x90, 0x03,
    0xB4, 0x1D, 0xBE, 0x62, 0xE3, 0x5B, 0x74, 0xB3, 0xDE, 0x78, 0xE2, 0x1D, 0xC6, 0xA0, 0x32, 0xCF,
    0xD5, 0x76, 0x0C, 0x5B, 0x74, 0x9B, 0x13, 0x7F, 0x95, 0x8F, 0x64, 0xE9, 0x05, 0x27, 0x3F, 0xB7,
    0x6B, 0xD2, 0x5E, 0x23, 0xFA, 0x0F, 0x65, 0xCE, 0xAD, 0x11, 0x83, 0x40, 0x10, 0x86, 0xE1, 0x97,
    0x08, 0x10, 0x27, 0x52, 0x02, 0x25, 0x50, 0x41, 0x80, 0xB2, 0x70, 0x77, 0xF5, 0x50, 0x03, 0x33,
    0xA4, 0x14, 0x18, 0x04, 0xF6, 0x04, 0xF2, 0x86, 0xCD, 0xB7, 0x83, 0x8C, 0x79, 0xC4, 0xFE, 0x7C,
    0xBB, 0x50, 0x8F, 0x50, 0xD9, 0x05, 0xCD, 0x5D, 0xE0, 0x9D, 0x3F, 0xD0, 0xE5, 0x1E, 0x86, 0x4D,
    0x44, 0x67, 0x7D, 0x50, 0xC3, 0xB6, 0xC5, 0xD1, 0x9C, 0xED, 0xDA, 0xB0, 0x23, 0x8B, 0xF3, 0x2B,
    0x2C, 0x89, 0x1B, 0x51, 0x1C, 0xD5, 0x83, 0x13, 0x9D, 0xC9, 0xE1, 0x8F, 0x97, 0x42, 0x73, 0x93,
    0x88, 0x57, 0x48, 0x0C, 0xA5, 0xD5, 0x5D, 0x4F, 0x08, 0xFE, 0x0B, 0xF3, 0xC8, 0x0F, 0xC5, 0x58,
    0x3F, 0x8F, 0xE4, 0x34, 0x14, 0x77, 0x62, 0xED, 0x46, 0xC2, 0x42, 0xA1, 0xB9, 0xE6, 0x9A, 0x6C,
    0x09, 0x0D, 0x69, 0xAF, 0xD8, 0x9D, 0x84, 0x6F, 0xB0, 0x05, 0x47, 0x7B, 0x14, 0x74, 0xB4, 0xB4,
    0xBB, 0x13, 0xE9, 0xBE, 0xC0, 0x56, 0x7C, 0x03, 0x24, 0x04, 0xC5, 0x35, 0x57, 0x50, 0xEC, 0x68,
    0x22, 0xF8, 0x00, 0x1B, 0x68, 0x29, 0x2E, 0x42, 0x54, 0x47, 0x13, 0x44, 0x0E, 0x02, 0x24, 0x31,
    0xCF, 0x7E, 0x7F, 0x92, 0x99, 0x8C, 0x56, 0xCB, 0x1D, 0x62, 0x5D, 0x38, 0xD6, 0xD8, 0x7E, 0x7E,
    0xFE, 0xBD, 0x7F, 0x3F, 0x8F, 0x52, 0x53, 0x33, 0x39, 0x8F, 0x52, 0xF9, 0xAD, 0xE7, 0x81, 0x6E,
    0x65, 0xB2, 0xA1, 0x41, 0x60, 0x4B, 0x1A, 0xC5, 0xF6, 0x2B, 0x6C, 0x5F, 0x6E, 0x2D, 0xB5, 0x71,
    0xCD, 0xA3, 0xDE, 0x58, 0x11, 0x2C, 0x3B, 0x26, 0x29, 0x4A, 0x77, 0xCB, 0xD3, 0xD4, 0xFB, 0x93,
    0x56, 0x32, 0x0A, 0x64, 0x50, 0xB8, 0x6D, 0x4E, 0x94, 0x71, 0x52, 0x62, 0x27, 0x20, 0x75, 0x7B,
    0xD7, 0xD6, 0x9D, 0x61, 0x0B, 0xA5, 0xAD, 0xAD, 0x94, 0xF9, 0xE3, 0x45, 0xA3, 0x92, 0xEF, 0x7E,
    0xE8, 0xD5, 0xA5, 0xAE, 0xD6, 0xAA, 0xD1, 0x95, 0x81, 0x99, 0xCA, 0xED, 0xBD, 0x87, 0xAE, 0x54,
    0x3B, 0xAD, 0x90, 0x91, 0x00, 0xA1, 0x2E, 0x64, 0x94, 0x09, 0x62, 0x71, 0x2D, 0x40, 0x08, 0x3A,
    0xA1, 0x2D, 0x1E, 0x12, 0xE0, 0xB6, 0x5D, 0x2F, 0x11, 0x1F, 0xC4, 0x40, 0xBC, 0x59, 0x8F, 0x22,
    0x4F, 0x8E, 0x4B, 0x45, 0x85, 0x95, 0x9C, 0x2B, 0x46, 0x56, 0x5E, 0xE7, 0xE2, 0x9E, 0xB0, 0x82,
    0xAE, 0xD6, 0x95, 0x2E, 0xAE, 0x75, 0x95, 0xAA, 0xF4, 0xE9, 0xF7, 0x83, 0x8A, 0x7F, 0xFB, 0xB1,
    0x75, 0x56, 0xAD, 0x9D, 0x7D, 0x01, 0xCA, 0xAD, 0xB3, 0x74, 0xE6, 0x2E, 0x9A, 0x74, 0x7C, 0x2B,
    0xBF, 0x37, 0xF4, 0x38, 0x87, 0xEC, 0x25, 0x2A, 0x16, 0x88, 0xFD, 0x2D, 0xAF, 0xDD, 0x44, 0xCF,
    0x10, 0x1B, 0x7F, 0xDF, 0x04, 0x84, 0x66, 0x35, 0x41, 0x1C, 0xA2, 0x8B, 0x6A, 0x5B, 0x24, 0x96,
    0x21, 0x16, 0xA7, 0x1E, 0x26, 0xA7, 0x8E, 0x6C, 0x81, 0xA6, 0xA8, 0xD4, 0xD6, 0x9D, 0xAB, 0xA2,
    0x91, 0xC1, 0x75, 0x7D, 0xD8, 0x09, 0xC4, 0x17, 0x62, 0xDA, 0x44, 0x74, 0xD1, 0x70, 0x78, 0xE0,
    0x0F, 0x7A, 0xC7, 0x75, 0xCF, 0xD9, 0xF9, 0xB5, 0xBB, 0x51, 0x64, 0x7D, 0x48, 0xC1, 0xDE, 0x0C,
    0xAF, 0xDA, 0x80, 0x25, 0x6D, 0xAF, 0xA2, 0xAE, 0x1B, 0x55, 0x5C, 0x75, 0x69, 0xB1, 0x52, 0x9D,
    0xAE, 0x4E, 0x54, 0xA7, 0xCE, 0x95, 0xF2, 0x07, 0xBD, 0x56, 0xE7, 0x04, 0x5C, 0x79, 0x51, 0x4E,
    0x68, 0xEE, 0xC5, 0xC3, 0x41, 0x1D, 0x1E, 0x89, 0x87, 0x7B, 0x35, 0xBC, 0x42, 0x5E, 0x35, 0x8C,
    0xD0, 0xE7, 0xA2, 0x38, 0xB6, 0x91, 0xBC, 0xD5, 0xDA, 0x2F, 0xCE, 0x95, 0x0F, 0x43, 0xEB, 0xCF,
    0xC8, 0x2C, 0x82, 0x94, 0x0D, 0xB8, 0x20, 0x25, 0x2F, 0x4C, 0xF0, 0x67, 0x15, 0xDF, 0xA0, 0x7F,
    0xC6, 0x4F, 0x31, 0x05, 0xC4, 0x39, 0x2E, 0x88, 0x55, 0x46, 0xB6, 0x43, 0xEF, 0x37, 0x94, 0x23,
    0xDE, 0x82, 0xA3, 0xF6, 0x02, 0x24, 0xAE, 0xF6, 0xD2, 0xD3, 0xB0, 0xB7, 0x20, 0xA1, 0x05, 0x11,
    0x2D, 0x08, 0x78, 0xC1, 0xFA, 0x5F, 0x2F, 0xA0, 0xC8, 0x09, 0x9A, 0xDD, 0x48, 0x56, 0x9F, 0x50,
    0x3C, 0x79, 0x1D, 0x1F, 0x5A, 0xEB, 0xE7, 0xB7, 0xF4, 0x0D, 0xB7, 0xF8, 0x05, 0x4F, 0xC1, 0xCB,
    0x1A, 0x8B, 0xF2, 0xD2, 0x1B, 0xCC, 0x08, 0xDB, 0x18, 0x3D, 0xB6, 0xC7, 0xAF, 0x69, 0xF0, 0x9B,
    0x96, 0xC6, 0x7F, 0xB7, 0x18, 0x85, 0x61, 0x8F, 0x5F, 0x48, 0x78, 0x61, 0xEE, 0xA7, 0xF1, 0xD0,
    0x2D, 0x65, 0x04, 0xCA, 0x0D, 0x86, 0x74, 0xFB, 0x4F, 0xA7, 0x67, 0x69, 0x79, 0xB7, 0x9D, 0xBD,
    0x36, 0xD6, 0x0C, 0x25, 0x4B, 0x5E, 0xD3, 0x37, 0x29, 0xEF, 0xB8, 0x80, 0x55, 0x05, 0xD5, 0xC3,
    0x62, 0x86, 0x13, 0xE8, 0xAE, 0x09, 0xC7, 0x88, 0x70, 0x35, 0x84, 0x33, 0x7D, 0x19, 0x77, 0xB6,
    0x03, 0xDB, 0xE5, 0x08, 0xED, 0x64, 0x26, 0xFB, 0xF9, 0x5B, 0x1C, 0x7D, 0x6A, 0x49, 0x87, 0xE3,
    0x7D, 0x18, 0x38, 0x02, 0x36, 0xFF, 0x83, 0x0D, 0x76, 0xA6, 0x35, 0x4D, 0xC3, 0x8D, 0xFD, 0xB4,
    0x2E, 0x71, 0x5A, 0x97, 0xB8, 0x3B, 0x2A, 0x71, 0x77, 0x54, 0xE1, 0x6E, 0xF3, 0x13, 0xEE, 0x36,
    0xBF, 0x34, 0x54, 0xAE, 0x4B, 0xFA, 0x72, 0xF9, 0xC6, 0x08, 0x4E, 0x2C, 0xDE, 0x35, 0xB3, 0x7F,
    0x5D, 0xF9, 0xEF, 0xCF, 0x38, 0xFF, 0xEE, 0xEE, 0xBD, 0x67, 0x3C, 0x41, 0x46, 0x99, 0xCC, 0x5E,
    0x2E, 0xAB, 0x79, 0x20, 0x15, 0x5E, 0x4F, 0x55, 0xBF, 0x66, 0x51, 0x68, 0x17, 0x47, 0x39, 0xD0,
    0xF3, 0x7B, 0x16, 0xEC, 0x63, 0x3A, 0x13, 0xB2, 0xB0, 0x11, 0xCA, 0xD1, 0x0B, 0xE5, 0x18, 0x6F,
    0xA3, 0x1C, 0x28, 0xCE, 0x67, 0xB1, 0x92, 0xA5, 0xA4, 0x42, 0x39, 0x32, 0x51, 0x72, 0x23, 0x94,
    0x83, 0x41, 0x16, 0x8D, 0x83, 0x99, 0xC6, 0x91, 0x54, 0xE2, 0x58, 0x6A, 0x79, 0x5C, 0x2C, 0x29,
    0xD3, 0x04, 0xC5, 0x1C, 0x37, 0x53, 0xDC, 0x6D, 0xCF, 0x66, 0x09, 0x5F, 0xD8, 0x4E, 0xF0, 0x15,
    0xA2, 0x4C, 0x23, 0xCA, 0x5C, 0x88, 0x60, 0x0E, 0xC4, 0x4C, 0x68, 0x43, 0x26, 0xB4, 0x61, 0x23,
    0xB4, 0x61, 0xBC, 0x8D, 0x36, 0xC0, 0x2D, 0x89, 0x36, 0xC0, 0x2D, 0x89, 0x36, 0x24, 0x05, 0xD3,
    0x86, 0x4C, 0x68, 0xC3, 0x4A, 0x68, 0xC3, 0xB5, 0xD0, 0x86, 0x1E, 0x69, 0xC3, 0xAE, 0xC6, 0x02,
    0x5F, 0xB5, 0x84, 0x2F, 0x29, 0x96, 0x00, 0xBC, 0xB7, 0xCC, 0x33, 0x51, 0xAE, 0x6A, 0x46, 0x2C,
    0x2A, 0xF9, 0xD4, 0x24, 0xE7, 0xCC, 0x4F, 0x31, 0x92, 0x34, 0xBA, 0x67, 0x9A, 0x99, 0xB6, 0xE4,
    0xD9, 0x9F, 0xDB, 0x57, 0x8F, 0xA1, 0x7D, 0x78, 0xD8, 0x4B, 0x3E, 0x60, 0x86, 0x24, 0x3B, 0xC0,
    0x4B, 0xA2, 0x5E, 0x88, 0xA9, 0x15, 0x5B, 0xB0, 0xAB, 0xAF, 0x44, 0x03, 0xF0, 0x92, 0x5A, 0x88,
    0xE9, 0xAC, 0x1A, 0xFA, 0x0A, 0xEF, 0x1D, 0xC8, 0xAB, 0x63, 0x76, 0xAB, 0xF9, 0xDA, 0xA5, 0x17,
    0xFB, 0x37, 0xA4, 0xF3, 0xEE, 0x15, 0x54, 0xF3, 0xB2, 0xCD, 0x8A, 0x55, 0xD0, 0x46, 0xD5, 0x09,
    0x2C, 0x3E, 0xF7, 0x24, 0x02, 0x16, 0xE7, 0x2E, 0x16, 0x4B, 0xB7, 0xC3, 0xF3, 0x9D, 0x0E, 0x8A,
    0xEF, 0xEF, 0x83, 0x32, 0x75, 0xBB, 0xCE, 0x53, 0xD5, 0x9A, 0xF2, 0x11, 0x20, 0x5E, 0x13, 0xEC,
    0x6F, 0xDC, 0xCD, 0xCB, 0xD9, 0xB1, 0x52, 0x74, 0x3B, 0xC8, 0xA2, 0x9C, 0x62, 0x1B, 0x21, 0xA6,
    0x3D, 0x15, 0x66, 0x48, 0x4B, 0xB9, 0x78, 0x58, 0x6D, 0x28, 0xCD, 0xC7, 0x03, 0x7B, 0xD8, 0xD7,
    0xF6, 0xE5, 0x2D, 0xC4, 0x74, 0x82, 0x3D, 0x6D, 0x99, 0x98, 0x66, 0x05, 0x13, 0xD3, 0x81, 0x3D,
    0x0C, 0xCE, 0x3D, 0x13, 0x5D, 0x5A, 0x79, 0x0C, 0x88, 0x1B, 0x79, 0x2E, 0x87, 0x51, 0xF2, 0x86,
    0xDD, 0x23, 0xE8, 0xEA, 0x34, 0x87, 0x4A, 0x61, 0x9A, 0x3E, 0xCB, 0xF5, 0x30, 0x0C, 0x08, 0x3B,
    0x18, 0xA0, 0x21, 0x53, 0xF8, 0x8C, 0xA2, 0xC1, 0x96, 0x27, 0x50, 0xD5, 0xCE, 0x57, 0xAA, 0x07,
    0xD6, 0x54, 0xF7, 0x69, 0xA1, 0xFB, 0x7E, 0x74, 0x8B, 0x7B, 0x32, 0x6D, 0xEA, 0xCA, 0x8A, 0x37,
    0xB7, 0x5B, 0xAC, 0xC2, 0x51, 0x0E, 0xFA, 0xEC, 0x40, 0x05, 0xC5, 0x54, 0x1A, 0x4B, 0x2E, 0xC8,
    0x78, 0x71, 0x30, 0x32, 0xA7, 0x89, 0x3A, 0x7E, 0x2C, 0x41, 0xF5, 0xA4, 0x27, 0x17, 0xD4, 0x53,
    0x7A, 0x72, 0x0D, 0xBE, 0x52, 0xB9, 0xD6, 0x7A, 0xDE, 0x45, 0x23, 0x7C, 0x72, 0x39, 0x21, 0xF4,
    0xE4, 0x5A, 0x17, 0x2C, 0xC5, 0xD9, 0x0D, 0xE9, 0x94, 0xEF, 0xD1, 0xD7, 0x47, 0x79, 0x72, 0x65,
    0xF2, 0xE4, 0x8A, 0xE7, 0x4F, 0xAE, 0x3D, 0xE6, 0x33, 0x85, 0xB5, 0xB9, 0x63, 0x58, 0x63, 0xB2,
    0x70, 0xBC, 0x7C, 0x10, 0x5E, 0xDE, 0x33, 0x2F, 0x0F, 0x5B, 0xE6, 0xE5, 0xBA, 0x61, 0x5E, 0x6E,
    0x2A, 0xE6, 0xE5, 0x71, 0xC9, 0xBC, 0x3C, 0x29, 0x98, 0x97, 0x6F, 0x6F, 0xE5, 0xE5, 0x1D, 0xF3,
    0x72, 0xF0, 0x21, 0xE2, 0xE5, 0xA0, 0x31, 0xF1, 0x72, 0xD0, 0x98, 0x78, 0x39, 0x68, 0x4C, 0xBC,
    0x1C, 0x72, 0x09, 0xF1, 0xF2, 0x8C, 0x78, 0xF9, 0xC1, 0x42, 0xA6, 0xA4, 0x90, 0x85, 0xB7, 0x42,
    0x71, 0x9C, 0x1F, 0xCA, 0x61, 0x8B, 0xAC, 0x7F, 0x2D, 0x32, 0xFE, 0x7C, 0xEC, 0x5B, 0xEE, 0x4A,
    0xB0, 0x6F, 0xB5, 0xE2, 0x1B, 0x55, 0xD3, 0xF3, 0x79, 0xCD, 0x7C, 0x6A, 0x36, 0x32, 0xFC, 0xF4,
    0xBE, 0x0A, 0xAC, 0xEC, 0x4D, 0x69, 0x54, 0x0A, 0x15, 0xDB, 0xB9, 0xC5, 0xF4, 0xDE, 0x8B, 0x97,
    0x8F, 0x6B, 0xF5, 0x31, 0x27, 0x05, 0x4F, 0x2A, 0x7C, 0x80, 0xFA, 0x1C, 0x36, 0xCB, 0x48, 0x4F,
    0x5A, 0x15, 0x0E, 0x60, 0x94, 0x68, 0x80, 0x99, 0x64, 0x63, 0x5E, 0x94, 0xA7, 0x67, 0xE6, 0xDB,
    0x5A, 0x9D, 0xB9, 0x5A, 0x7E, 0x0F, 0xDD, 0xA9, 0xD9, 0x79, 0x5D, 0xBF, 0x3D, 0xDD, 0x2F, 0xDF,
    0xE5, 0x1B, 0xDE, 0x74, 0x60, 0xC4, 0x23, 0xC4, 0xDB, 0xFA, 0x37, 0x0A, 0xC2, 0xCC, 0xD1, 0x03,
    0x91, 0xFC, 0x00, 0x67, 0x9F, 0x58, 0xF6, 0x63, 0x6D, 0xD9, 0xC8, 0x91, 0xAD, 0xE8, 0xE9, 0xFD,
    0x6C, 0x94, 0x1D, 0xB5, 0x8C, 0x0E, 0x30, 0x9E, 0x7A, 0xA9, 0xCB, 0xA4, 0x5F, 0xE2, 0xFC, 0x28,
    0xD5, 0xF7, 0xD2, 0x9D, 0xA6, 0xFA, 0xD7, 0x3A, 0x79, 0xA6, 0x6D, 0x19, 0x59, 0xC8, 0x55, 0xA1,
    0x75, 0xE5, 0x6A, 0x7B, 0xD3, 0x92, 0x91, 0xE3, 0x29, 0xEB, 0x4D, 0x39, 0xEC, 0x1B, 0xD7, 0x9D,
    0xF0, 0x0B, 0x76, 0xDF, 0x87, 0xE4, 0xFF, 0x8B, 0x40, 0xA0, 0x34, 0x32, 0x62, 0xA0, 0xBB, 0x50,
    0xFE, 0x04, 0x4A, 0xEC, 0xCB, 0xFD, 0xBF, 0x8D, 0x86, 0x6C, 0xFF, 0x85, 0xED, 0xDD, 0x7D, 0x4A,
    0x32, 0x52, 0x49, 0x42, 0x91, 0xAC, 0x2E, 0xD1, 0x5E, 0xE7, 0x73, 0x5D, 0x74, 0x7E, 0xF8, 0xCD,
    0x12, 0x54, 0xF3, 0x3F, 0x3B, 0x28, 0x50, 0x46, 0xC9, 0x9D, 0x70, 0x26, 0x8F, 0x26, 0x0E, 0x33,
    0xB2, 0xBF, 0x7C, 0x64, 0xEB, 0xEC, 0x40, 0xCE, 0x79, 0x20, 0xB3, 0xE2, 0x25, 0xD3, 0x75, 0x45,
    0x5E, 0xC9, 0x7E, 0xB5, 0x5D, 0xA6, 0x93, 0x40, 0xBC, 0x24, 0x00, 0xBD, 0xFF, 0x01, 0xC5, 0x58,
    0xB1, 0x6E, 0xDC, 0x46, 0x10, 0xDD, 0x23, 0x6D, 0x11, 0x08, 0x81, 0xAC, 0x0A, 0xA7, 0x91, 0x81,
    0x30, 0x65, 0x60, 0x20, 0x66, 0x9B, 0xC2, 0xD6, 0x12, 0x49, 0x99, 0xC2, 0x2E, 0xA2, 0x26, 0x29,
    0xD2, 0x06, 0x6E, 0xDC, 0xBA, 0x48, 0x44, 0x02, 0x2E, 0xDD, 0xE8, 0x13, 0x52, 0xB8, 0x08, 0xCE,
    0x85, 0x7F, 0x40, 0x0A, 0x99, 0xA4, 0x74, 0x73, 0x7D, 0x0A, 0x13, 0x41, 0x90, 0x42, 0x8D, 0x89,
    0xE4, 0x80, 0xD0, 0x32, 0x8F, 0x9B, 0x79, 0x6F, 0x78, 0xBC, 0x93, 0x7C, 0x96, 0x64, 0x23, 0x40,
    0x78, 0xD2, 0xCC, 0xDE, 0x72, 0x77, 0xE6, 0xED, 0xEC, 0xCC, 0xEC, 0xEC, 0x4D, 0xBE, 0x34, 0xF2,
    0x84, 0xBE, 0x06, 0xBB, 0xDF, 0x83, 0x06, 0x7E, 0x06, 0x96, 0xCF, 0x41, 0x93, 0x05, 0xA8, 0xF5,
    0x3A, 0xAA, 0x5A, 0xBD, 0xF6, 0x0D, 0x29, 0x07, 0x95, 0x1D, 0xBA, 0xBD, 0xD0, 0xD4, 0x7B, 0x91,
    0xE1, 0x2B, 0xEF, 0x65, 0xB4, 0x71, 0xDE, 0xC4, 0xBD, 0x49, 0xBC, 0xB1, 0x1D, 0x44, 0xA4, 0xA4,
    0xEE, 0x1C, 0xDA, 0x1B, 0xB7, 0xC0, 0x60, 0x4C, 0x69, 0x39, 0xA5, 0x81, 0x56, 0x27, 0x7A, 0xFD,
    0x89, 0xCF, 0x20, 0xBF, 0x15, 0x7D, 0x93, 0x69, 0x66, 0xF8, 0x04, 0x15, 0x99, 0x05, 0xDB, 0x9A,
    0xDE, 0x01, 0x2B, 0x3D, 0xC6, 0xC5, 0xDE, 0xFB, 0xC2, 0x08, 0x80, 0x27, 0xC0, 0x29, 0x88, 0x05,
    0x5C, 0xD8, 0x9B, 0xC9, 0x2B, 0x41, 0xD4, 0x9A, 0xB0, 0xF1, 0x85, 0xAD, 0x4D, 0x54, 0x3B, 0x88,
    0xB6, 0x55, 0x32, 0x73, 0x85, 0xB1, 0x85, 0x6D, 0x72, 0xD1, 0x60, 0xE2, 0xA6, 0x94, 0x99, 0x26,
    0x6A, 0x64, 0x25, 0x47, 0xCA, 0x3A, 0xB2, 0x60, 0x4E, 0x16, 0x36, 0x1C, 0x12, 0xD5, 0xC6, 0xD6,
    0x79, 0x26, 0xBA, 0x13, 0x91, 0x92, 0x14, 0xC6, 0x55, 0x69, 0xED, 0x44, 0x59, 0x66, 0x5B, 0x27,
    0xE6, 0x30, 0x91, 0x3F, 0x32, 0x49, 0x67, 0x26, 0x7E, 0xF1, 0x15, 0x40, 0xE4, 0x0A, 0x29, 0xA6,
    0x9D, 0xE4, 0x65, 0x9F, 0x2D, 0x91, 0x8B, 0x95, 0x0B, 0xB2, 0x0F, 0xCD, 0xF0, 0x84, 0xD9, 0x5A,
    0x77, 0x40, 0xB3, 0xCB, 0xC4, 0x99, 0x6E, 0x45, 0xB3, 0xC6, 0x6E, 0x96, 0xB0, 0x87, 0xB9, 0x95,
    0x43, 0xA6, 0x39, 0x74, 0x64, 0xAD, 0xC3, 0x3E, 0x4E, 0x9A, 0x04, 0xBB, 0x16, 0xD6, 0xDC, 0xBC,
    0x70, 0x66, 0xA9, 0xBD, 0x8A, 0x20, 0xCD, 0x16, 0x21, 0xA4, 0xA5, 0xBA, 0xF1, 0x40, 0x2B, 0xD2,
    0xBE, 0xD7, 0xED, 0x14, 0x11, 0x62, 0xE4, 0x49, 0xCB, 0x6D, 0x0D, 0xA4, 0x5F, 0xB6, 0x24, 0x04,
    0x13, 0xD3, 0xD5, 0xD8, 0x01, 0x82, 0xB6, 0x3E, 0x4B, 0xC8, 0x2A, 0x77, 0x32, 0x9D, 0x3E, 0x15,
    0xE6, 0xF1, 0xCC, 0x94, 0x55, 0x39, 0x59, 0xE6, 0xF5, 0x5B, 0x49, 0x56, 0x10, 0x96, 0x83, 0x20,
    0xB1, 0x06, 0x04, 0x19, 0x23, 0xBB, 0x0D, 0x58, 0x70, 0x80, 0xCA, 0x04, 0xAD, 0x01, 0xBA, 0xB0,
    0x21, 0x2C, 0xB1, 0x6F, 0x28, 0xB0, 0xE2, 0x4A, 0x2C, 0xD8, 0x50, 0xA7, 0xA0, 0x4B, 0x32, 0xC2,
    0x72, 0x90, 0xD0, 0x99, 0x5D, 0x43, 0x74, 0x87, 0x86, 0xB0, 0x5A, 0x9A, 0x65, 0xD2, 0x90, 0x7D,
    0xDE, 0xD0, 0x64, 0x0F, 0x67, 0xF4, 0xDB, 0x67, 0x15, 0xD9, 0xF3, 0x8C, 0xE6, 0xA4, 0x33, 0x1B,
    0xDF, 0x2B, 0xA3, 0x83, 0x9B, 0x9C, 0x76, 0x34, 0x4E, 0x0D, 0x7F, 0xCB, 0xAC, 0x9E, 0x0F, 0xB4,
    0x6B, 0xCF, 0xE8, 0xD2, 0x64, 0x76, 0xAC, 0xBC, 0xD5, 0xC9, 0x09, 0x0C, 0x8A, 0x3D, 0xB5, 0x6C,
    0xB4, 0x46, 0x97, 0xF4, 0xD6, 0x8D, 0xF8, 0x9D, 0x66, 0x5D, 0xD8, 0xE8, 0x2E, 0x68, 0x54, 0xAB,
    0x55, 0x5C, 0x97, 0xFD, 0x9B, 0x78, 0xFF, 0x12, 0x2B, 0x6D, 0xB1, 0x48, 0xF3, 0xFA, 0x33, 0xBE,
    0x1A, 0x07, 0x6F, 0x32, 0xC2, 0x39, 0x4A, 0xDF, 0xD9, 0x2C, 0xEF, 0xD6, 0xB8, 0x9C, 0x59, 0xD6,
    0x8C, 0x30, 0x6E, 0xEE, 0xB8, 0xDD, 0xA3, 0x03, 0x5C, 0x85, 0x37, 0x1C, 0xB0, 0xBF, 0x71, 0xFE,
    0x64, 0xFA, 0xB4, 0xB1, 0xE2, 0xA7, 0xC1, 0x3C, 0x44, 0xD8, 0xB4, 0x13, 0x88, 0x7A, 0x20, 0xF9,
    0xC7, 0x98, 0x4F, 0x65, 0x72, 0x61, 0xAE, 0x89, 0xE0, 0x19, 0x43, 0xBD, 0xA1, 0xDB, 0x31, 0x36,
    0xD5, 0xA8, 0x78, 0x6D, 0xCE, 0xBC, 0xD6, 0xAC, 0xCA, 0x88, 0xA7, 0x67, 0x86, 0xF4, 0x48, 0xCB,
    0xC4, 0xEC, 0x98, 0x01, 0x64, 0xEA, 0xFB, 0x26, 0xEC, 0x90, 0x27, 0x6C, 0x03, 0x27, 0x45, 0x77,
    0x67, 0xCA, 0xE3, 0xE9, 0x93, 0x36, 0x00, 0xAA, 0x39, 0xC1, 0x4B, 0xDC, 0x2B, 0x42, 0x79, 0x6A,
    0xD2, 0xEA, 0xEA, 0xDE, 0xDE, 0xDE, 0x34, 0x63, 0xBB, 0x2B, 0x57, 0xB4, 0x1D, 0xF7, 0x54, 0xDA,
    0xEC, 0x99, 0xDF, 0x98, 0xCA, 0x73, 0xB0, 0xDC, 0xED, 0xB8, 0x1A, 0xD3, 0xEB, 0xA5, 0xE9, 0x8D,
    0xE9, 0xD3, 0xE3, 0xE9, 0x63, 0x26, 0x80, 0x96, 0xB4, 0x79, 0x5B, 0x09, 0xA2, 0x57, 0xD5, 0x5B,
    0xA2, 0x1B, 0xC9, 0x11, 0x08, 0xAC, 0x18, 0xE0, 0xD4, 0x41, 0x4E, 0x42, 0x92, 0x18, 0xE6, 0x30,
    0x57, 0x72, 0xD8, 0x2E, 0x53, 0xE1, 0x86, 0xB1, 0xB3, 0xCB, 0x8F, 0x8D, 0x37, 0x8C, 0xDD, 0x07,
    0xF9, 0x18, 0xE4, 0xBB, 0xF1, 0xAB, 0x1B, 0xD3, 0x34, 0x07, 0x73, 0x1A, 0x05, 0x50, 0x14, 0x85,
    0x2A, 0xB9, 0xF4, 0xE8, 0xC3, 0x11, 0xD6, 0x99, 0xD1, 0x5C, 0xEA, 0x05, 0xA3, 0xDF, 0x33, 0x5B,
    0x85, 0x6B, 0xCA, 0xCE, 0xCB, 0x27, 0xEF, 0xD2, 0x66, 0xA2, 0x66, 0x54, 0xDF, 0x4A, 0x94, 0xA5,
    0xCA, 0x9C, 0x9E, 0x2A, 0x03, 0xCB, 0xD5, 0xF1, 0x0E, 0xD5, 0xEE, 0x83, 0x5F, 0xCC, 0x95, 0x69,
    0xEE, 0x9F, 0x90, 0x65, 0x38, 0x10, 0x12, 0x5F, 0x84, 0x35, 0xC3, 0x26, 0x9C, 0x21, 0xD4, 0xAA,
    0xA8, 0x82, 0x1B, 0xCF, 0xE0, 0x2D, 0x92, 0xB9, 0x6D, 0x01, 0x77, 0x6E, 0x6C, 0xC6, 0x2A, 0xC1,
    0x6A, 0x99, 0x90, 0x6A, 0x92, 0xBD, 0x49, 0x9D, 0xDD, 0x6D, 0x02, 0xE9, 0x6E, 0x69, 0x85, 0x41,
    0x73, 0xDA, 0xFE, 0x50, 0x4F, 0xB9, 0x56, 0x4B, 0x8D, 0xB9, 0x32, 0x9E, 0x72, 0x13, 0x65, 0x46,
    0xAB, 0x14, 0x53, 0xEA, 0xA1, 0xE9, 0x06, 0xA6, 0x28, 0xAF, 0xA8, 0xC3, 0xBE, 0xD4, 0x7F, 0x49,
    0x4E, 0xB2, 0xA6, 0x2A, 0x14, 0x1F, 0x94, 0xC8, 0x90, 0x38, 0xF5, 0x7D, 0x24, 0xED, 0xF4, 0xD8,
    0xFB, 0x3B, 0x2F, 0xBF, 0xEE, 0x9C, 0x58, 0xE1, 0x45, 0x61, 0x44, 0x65, 0x84, 0xB8, 0x77, 0x73,
    0x0D, 0x4F, 0x44, 0x55, 0xB9, 0x50, 0x8E, 0x53, 0xCA, 0xCE, 0x61, 0x2E, 0xA9, 0x10, 0x0E, 0x61,
    0xA1, 0xC6, 0xEC, 0xE6, 0x59, 0xF0, 0x8F, 0x0C, 0x3C, 0x74, 0x27, 0x4F, 0x1B, 0xEF, 0x5F, 0xB4,
    0x12, 0x69, 0x38, 0xF8, 0x1A, 0x89, 0xBB, 0x4C, 0x74, 0x54, 0xC8, 0x01, 0x01, 0x0E, 0x96, 0x9D,
    0x03, 0xFE, 0x4F, 0xB2, 0xB4, 0x2A, 0xFF, 0xD3, 0x4F, 0xCE, 0x64, 0x74, 0x0D, 0x5E, 0x00, 0x07,
    0x88, 0xDF, 0x4C, 0x64, 0x1B, 0xE2, 0x2E, 0xCD, 0x84, 0x38, 0x7C, 0xDD, 0x07, 0x91, 0x37, 0xF1,
    0x82, 0xE9, 0xB1, 0x01, 0xA9, 0xB9, 0x7B, 0x23, 0x61, 0xDD, 0x84, 0xB9, 0x8B, 0x53, 0xA2, 0x2C,
    0x48, 0xD2, 0x71, 0xE3, 0x96, 0x04, 0x15, 0x1F, 0x73, 0x27, 0xED, 0x16, 0xBE, 0x82, 0xE0, 0xDF,
    0x60, 0xC1, 0x67, 0x42, 0x92, 0x47, 0x42, 0x1C, 0xE6, 0xEE, 0xC6, 0x17, 0x80, 0x84, 0x5F, 0x0F,
    0x6E, 0x26, 0xC6, 0xBA, 0x92, 0x56, 0xBE, 0xFC, 0xF5, 0x7F, 0xF8, 0xCB, 0x3F, 0x53, 0x97, 0xBF,
    0x8B, 0x80, 0x89, 0x1B, 0x78, 0x56, 0xDA, 0xF8, 0xF3, 0xE9, 0xCF, 0x19, 0xE8, 0xB3, 0x19, 0xE8,
    0xF3, 0x0A, 0xD4, 0xB3, 0x7F, 0x41, 0xDA, 0x91, 0x36, 0xA4, 0xB3, 0x33, 0x73, 0xFF, 0x26, 0x7D,
    0x45, 0xEA, 0xD7, 0x68, 0x4F, 0xDA, 0x91, 0xCE, 0x41, 0x1D, 0xC7, 0x97, 0xA4, 0x1E, 0x34, 0x24,
    0x8D, 0x49, 0xED, 0x0B, 0x50, 0x77, 0x1F, 0x74, 0xF7, 0x42, 0xB4, 0xE7, 0xD0, 0x64, 0xF6, 0xD3,
    0xFA, 0x09, 0xBF, 0x73, 0xA0, 0x45, 0xA7, 0x16, 0xFE, 0x7F, 0xE9, 0x79, 0x35, 0x2B, 0x33, 0x06,
    0x1E, 0xEB, 0x23, 0x5F, 0xA5, 0x0C, 0xCA, 0xEA, 0xCA, 0xAA, 0x3A, 0x0D, 0x35, 0x81, 0x9C, 0x65,
    0xF4, 0xD6, 0xE8, 0x14, 0x8B, 0xB5, 0xAC, 0x38, 0xCD, 0xEC, 0x79, 0xAC, 0xDF, 0xC0, 0xF4, 0x5E,
    0xB2, 0x64, 0x69, 0xB7, 0x81, 0xB9, 0x81, 0xC1, 0xBF, 0x3E, 0x11, 0x5B, 0xB2, 0xBC, 0x63, 0xD2,
    0xC8, 0x2B, 0x2E, 0xC7, 0x9D, 0x2C, 0xD6, 0x4A, 0x69, 0xA3, 0x97, 0x8A, 0x55, 0x02, 0x2D, 0xDB,
    0x65, 0x02, 0xDD, 0xD8, 0x5F, 0x16, 0x66, 0x4B, 0xD6, 0xD4, 0x4A, 0x15, 0x2D, 0xA1, 0xFF, 0xA7,
    0xE7, 0x31, 0xBA, 0x30, 0x79, 0x56, 0x4A, 0xDF, 0x03, 0x96, 0xEB, 0xDB, 0xC6, 0xDC, 0xD3, 0x7B,
    0x0A, 0x13, 0x57, 0xD8, 0xAC, 0x4E, 0x38, 0x2D, 0xED, 0x35, 0x77, 0xA9, 0xF9, 0x89, 0x96, 0xA9,
    0xBD, 0x7C, 0xD8, 0x40, 0x32, 0xCC, 0x7C, 0x5A, 0xB2, 0xA7, 0x64, 0xE4, 0xB6, 0xED, 0x60, 0x7E,
    0xEF, 0x1C, 0x89, 0x47, 0x67, 0x24, 0x9A, 0xB0, 0xD6, 0x08, 0xD3, 0xFC, 0x79, 0x69, 0xE4, 0x6F,
    0xB3, 0xC6, 0xA1, 0x68, 0xA6, 0xD2, 0x49, 0xBB, 0x5A, 0x6F, 0x3C, 0x1B, 0x30, 0xEE, 0x4C, 0xA7,
    0xE5, 0xF1, 0x8F, 0x2C, 0x36, 0x16, 0x6E, 0x28, 0x3F, 0x36, 0x0E, 0xC4, 0x16, 0x2E, 0xCB, 0x12,
    0x1D, 0xD9, 0xED, 0x3C, 0x91, 0x5B, 0xC6, 0x0F, 0x6F, 0x18, 0x38, 0x9C, 0xAE, 0xAA, 0x1A, 0x80,
    0x86, 0x87, 0xAD, 0x88, 0x53, 0x4A, 0xBD, 0x0E, 0x14, 0x70, 0xDB, 0x96, 0x87, 0x60, 0x06, 0xD7,
    0x85, 0x55, 0xF2, 0x05, 0x7D, 0x93, 0xE7, 0x2C, 0xD1, 0x24, 0xED, 0xDA, 0x2D, 0x38, 0xED, 0xF5,
    0x00, 0xD2, 0xCB, 0xB0, 0xBA, 0xB5, 0xDE, 0xB9, 0xA2, 0xE1, 0xE4, 0xA4, 0xFC, 0x40, 0x5D, 0x68,
    0xFB, 0x3A, 0xD0, 0xFE, 0xA1, 0xAB, 0x73, 0x43, 0xF1, 0xB3, 0x02, 0xA5, 0xB7, 0x0B, 0x3A, 0xA4,
    0x56, 0x9F, 0x7A, 0xDC, 0x40, 0x56, 0xBD, 0x52, 0x16, 0x2C, 0x95, 0x65, 0xAB, 0xC3, 0xAE, 0x04,
    0x98, 0xA4, 0x37, 0xA7, 0x40, 0x73, 0x3D, 0x8A, 0xC6, 0x72, 0xB0, 0x4A, 0xDE, 0x5D, 0xD3, 0xC8,
    0x02, 0xAC, 0x28, 0x57, 0x05, 0x61, 0xB3, 0x0A, 0xF4, 0x2D, 0x11, 0xA6, 0x83, 0x44, 0x33, 0xA6,
    0x47, 0x3D, 0xAE, 0xAD, 0x7A, 0xF5, 0x77, 0xAD, 0x46, 0xAC, 0x46, 0x72, 0x39, 0xD7, 0x0B, 0x92,
    0x9C, 0x11, 0xD1, 0xE6, 0x0E, 0x51, 0x9D, 0x52, 0x7B, 0x2E, 0x39, 0x49, 0x2D, 0xB7, 0x18, 0xA2,
    0x33, 0xC0, 0x45, 0xA1, 0x5E, 0x76, 0xF5, 0x17, 0x76, 0xC9, 0x2C, 0x3B, 0x58, 0x5D, 0x14, 0x69,
    0x98, 0x8B, 0xA6, 0x6C, 0x04, 0xFE, 0x11, 0xFF, 0x34, 0x70, 0xD4, 0xDF, 0x5D, 0xBD, 0xB4, 0x6A,
    0xAF, 0xE7, 0x98, 0x81, 0xAC, 0xF2, 0x74, 0x17, 0x9C, 0x40, 0xBB, 0xE4, 0x7B, 0x3C, 0x98, 0x7F,
    0x58, 0x07, 0xF2, 0x50, 0xE4, 0x97, 0x4A, 0xD9, 0x90, 0x13, 0x8F, 0x07, 0xE1, 0x04, 0xBF, 0x1E,
    0xD4, 0x6B, 0xB8, 0x46, 0xA4, 0x4B, 0xEC, 0x63, 0xC7, 0x88, 0x5C, 0x2C, 0xE0, 0xEA, 0xA1, 0xA0,
    0xBA, 0xFD, 0xDA, 0x1D, 0x0A, 0xE5, 0x92, 0xBA, 0x2F, 0xCD, 0xEE, 0xB6, 0xE0, 0xC1, 0xF9, 0xF2,
    0x4A, 0x8A, 0xDD, 0x67, 0xAA, 0x04, 0x56, 0x5E, 0xFA, 0x4B, 0xE6, 0xFC, 0x6F, 0x0A, 0x59, 0xA3,
    0x83, 0x81, 0xF7, 0xA1, 0x7A, 0x79, 0xF6, 0x02, 0x05, 0x32, 0x2D, 0x2B, 0x31, 0xD4, 0x2E, 0xBF,
    0x48, 0x33, 0x29, 0x04, 0x8A, 0xC3, 0x5A, 0x76, 0x61, 0xBC, 0xD3, 0x05, 0xAE, 0x39, 0x78, 0x1D,
    0xC6, 0x36, 0x2C, 0x79, 0x84, 0x40, 0x12, 0xE8, 0x1D, 0x16, 0xD2, 0xCA, 0xEC, 0xDF, 0x59, 0xEC,
    0x35, 0xCB, 0x02, 0x8C, 0x8B, 0x4D, 0xF8, 0x8B, 0x01, 0x9A, 0xFB, 0x30, 0x55, 0x67, 0x45, 0x67,
    0x87, 0x6B, 0x10, 0xC0, 0xF3, 0xE7, 0x04, 0xBC, 0xA3, 0x3D, 0x12, 0xFD, 0x09, 0x06, 0xF9, 0x08,
    0x3E, 0xB9, 0xBD, 0x01, 0x46, 0x70, 0x60, 0x3B, 0xD7, 0x3B, 0x2F, 0x9F, 0x85, 0x44, 0x5F, 0x16,
    0x1C, 0x98, 0xC7, 0xE6, 0x5B, 0x29, 0x39, 0xE2, 0x3E, 0xF0, 0x99, 0xEB, 0xAD, 0x8F, 0x50, 0x61,
    0x25, 0xFE, 0x91, 0xB2, 0x2F, 0x84, 0x2D, 0xAC, 0x0F, 0x7D, 0x65, 0xDB, 0x68, 0x01, 0x00, 0x99,
    0xB9, 0x2B, 0xBE, 0xFE, 0x2F, 0xBD, 0x94, 0xB1, 0x8E, 0xD3, 0x40, 0x10, 0x86, 0xFF, 0xD8, 0x08,
    0x17, 0x2E, 0x96, 0x82, 0x0A, 0x0A, 0xB7, 0x14, 0x48, 0xFB, 0x02, 0x8E, 0x6D, 0x89, 0x17, 0xE0,
    0x31, 0xE8, 0x78, 0x81, 0xE8, 0xCE, 0x12, 0x2F, 0x70, 0x0F, 0x71, 0x1D, 0x2D, 0x45, 0x0A, 0x9F,
    0xBC, 0x49, 0x0A, 0x0A, 0x8A, 0x58, 0xE2, 0x01, 0xCE, 0xC5, 0xF5, 0xAC, 0x14, 0x23, 0x2D, 0x92,
    0xF1, 0x30, 0xB3, 0x8E, 0x7D, 0xD6, 0x89, 0x82, 0x43, 0x88, 0xD5, 0xCC, 0xAF, 0x4F, 0xCA, 0xEC,
    0xCC, 0x64, 0x76, 0x64, 0x84, 0x25, 0x22, 0xF3, 0x77, 0x16, 0x93, 0xC9, 0xC9, 0xD4, 0x54, 0x12,
    0x81, 0x06, 0xD4, 0x0E, 0xFA, 0x0A, 0xE0, 0x84, 0xF2, 0xF3, 0xE8, 0x0D, 0x7B, 0xC7, 0xDE, 0xB3,
    0x93, 0x38, 0xDF, 0xA3, 0x06, 0xD1, 0xAD, 0x45, 0x74, 0x60, 0xDF, 0x39, 0x8E, 0x13, 0xDF, 0x2E,
    0xFC, 0x13, 0xBB, 0x1D, 0x7D, 0xD7, 0xC4, 0xB4, 0x97, 0x2A, 0xE0, 0x32, 0xE0, 0x3A, 0x52, 0x48,
    0x2A, 0xF9, 0x52, 0xFE, 0x3C, 0x17, 0x79, 0xE9, 0x44, 0xC8, 0x89, 0xB0, 0x86, 0x44, 0x03, 0x67,
    0xA2, 0xA1, 0x10, 0x2D, 0xB0, 0xF5, 0x9D, 0x6C, 0x7D, 0x4F, 0xFF, 0x54, 0x6B, 0xB7, 0xFA, 0x68,
    0x42, 0x72, 0x8A, 0x8C, 0xA2, 0x2E, 0x17, 0xB5, 0xDC, 0xA9, 0xA2, 0x86, 0x7B, 0x55, 0x3C, 0x99,
    0x9F, 0x08, 0x1C, 0x2E, 0x3B, 0xE9, 0xF1, 0x45, 0x01, 0x3C, 0xB6, 0xE7, 0x95, 0x1B, 0xAB, 0xB0,
    0xBE, 0xE7, 0x98, 0xE8, 0x9B, 0x44, 0x46, 0x44, 0xAD, 0xC4, 0xDC, 0x49, 0xCC, 0xDD, 0x7F, 0xE8,
    0xF9, 0x15, 0x90, 0xFE, 0x89, 0x3D, 0xBD, 0x4A, 0x73, 0x97, 0x52, 0x9F, 0x37, 0x43, 0x8E, 0x8B,
    0x35, 0x2E, 0x52, 0xDC, 0xA4, 0xE8, 0xD3, 0xC0, 0xA5, 0x91, 0x4D, 0xB5, 0xC9, 0x07, 0xE4, 0xAD,
    0x24, 0xCC, 0xC4, 0x56, 0x19, 0x92, 0x2C, 0xA0, 0x4C, 0x53, 0x4E, 0xDE, 0x06, 0x9D, 0x37, 0x3A,
    0xC3, 0xEF, 0x6C, 0x45, 0x59, 0xB2, 0x08, 0x6B, 0xF5, 0x1A, 0xFA, 0x19, 0x34, 0xCE, 0x86, 0x8D,
    0x64, 0xAD, 0x96, 0xF2, 0x16, 0xD5, 0x13, 0x38, 0x54, 0x15, 0x4B, 0xDD, 0xB3, 0x10, 0x8B, 0xE2,
    0xE9, 0x39, 0xF2, 0x9B, 0xD4, 0x23, 0x20, 0xAA, 0xA0, 0xC9, 0x56, 0xB2, 0x53, 0x2C, 0x1C, 0x8C,
    0x41, 0xA4, 0x11, 0xC1, 0x24, 0xAF, 0xA7, 0x04, 0x22, 0xB1, 0x64, 0xA9, 0x79, 0x83, 0x25, 0x81,
    0x97, 0x84, 0x3A, 0xBE, 0x4B, 0xC5, 0x32, 0x41, 0x7B, 0xBE, 0xFB, 0x4E, 0x04, 0x4B, 0xB9, 0xC6,
    0x83, 0xB3, 0x92, 0x7D, 0x46, 0x4C, 0x32, 0xED, 0x84, 0xC8, 0x4A, 0x52, 0x7E, 0x7C, 0xD4, 0x6F,
    0xF6, 0x03, 0xE2, 0x1F, 0x2A, 0xB1, 0x08, 0xFB, 0xD0, 0x90, 0xD1, 0x56, 0x85, 0x3D, 0x62, 0xE6,
    0x93, 0xBD, 0x61, 0x1E, 0xA0, 0x36, 0xA1, 0xB1, 0xDF, 0x2D, 0xF3, 0xB1, 0xC8, 0x52, 0xE6, 0xCB,
    0x86, 0xF9, 0x8B, 0x49, 0x85, 0x75, 0xC9, 0x7C, 0x68, 0xB6, 0xC2, 0x0A, 0xCC, 0xFB, 0xB6, 0x9B,
    0xD9, 0x58, 0xFB, 0x48, 0x5E, 0xDE, 0xBD, 0xCF, 0xB9, 0xB3, 0x9B, 0x45, 0xFE, 0x74, 0xE6, 0x83,
    0x59, 0xCF, 0xFC, 0xD9, 0x24, 0x33, 0x1F, 0x4B, 0xDF, 0xB3, 0xE7, 0x5B, 0xFE, 0x28, 0x4C, 0x3C,
    0xF8, 0xFF, 0x38, 0x32, 0x8F, 0x75, 0x66, 0x1E, 0x4A, 0x35, 0x31, 0xEF, 0x4D, 0x76, 0xE6, 0x98,
    0x37, 0x59, 0x7D, 0x18, 0x39, 0xE1, 0xB9, 0x45, 0x5F, 0x47, 0x5E, 0xCB, 0x3C, 0x4F, 0x23, 0xFB,
    0x69, 0xD7, 0x23, 0xFB, 0x95, 0xD3, 0x23, 0x97, 0xC2, 0xB1, 0xE7, 0xCC, 0x3F, 0x40, 0x60, 0x85,
    0xDD, 0xF8, 0x1A, 0x3C, 0x58, 0x9C, 0xDA, 0x91, 0x79, 0xE0, 0xA0, 0x72, 0xE4, 0x88, 0x79, 0x98,
    0x5E, 0xCC, 0xA9, 0xA0, 0x9B, 0x9E, 0x2F, 0x57, 0xAA, 0x99, 0x58, 0x1D, 0xF3, 0xF9, 0x59, 0x03,
    0x59, 0x8F, 0xE9, 0x5C, 0xB6, 0xF7, 0x9C, 0x14, 0x0F, 0x37, 0x00, 0xBF, 0x00, 0xBD, 0x55, 0xB1,
    0x8E, 0xD3, 0x40, 0x14, 0x7C, 0x6B, 0x23, 0x52, 0xA4, 0x30, 0x15, 0x05, 0x05, 0x69, 0xA8, 0xC9,
    0x1F, 0x9C, 0xDD, 0x53, 0x47, 0x48, 0x44, 0x42, 0xB4, 0x7C, 0x04, 0x72, 0xFA, 0x2B, 0xE0, 0x33,
    0xEE, 0x42, 0x01, 0x7F, 0xB0, 0xFE, 0x04, 0x37, 0xF4, 0xE9, 0x10, 0x54, 0x5B, 0xA4, 0xB0, 0x0E,
    0xDB, 0x8F, 0x99, 0x7D, 0xEB, 0xE0, 0xC0, 0x75, 0xD1, 0xB1, 0xCA, 0x79, 0xE6, 0x72, 0xBB, 0xDE,
    0x9D, 0x79, 0xB3, 0xEF, 0x44, 0x38, 0x9E, 0x55, 0x11, 0x64, 0xA9, 0x03, 0x9E, 0x0B, 0x3D, 0xD4,
    0x5F, 0x14, 0xA4, 0xD6, 0xB1, 0x77, 0x20, 0xF9, 0xB8, 0xD5, 0x20, 0xB5, 0x48, 0x71, 0x74, 0x20,
    0xCF, 0x45, 0xD6, 0x07, 0xA9, 0x03, 0x57, 0xD4, 0xAD, 0x94, 0x07, 0x12, 0x6D, 0xA4, 0x9E, 0x88,
    0x27, 0x71, 0x20, 0x4A, 0x92, 0x4D, 0x24, 0xD7, 0x9F, 0x7B, 0xBD, 0xBB, 0x11, 0x29, 0x95, 0x63,
    0xE4, 0x06, 0x1C, 0x03, 0xB7, 0xFC, 0xB6, 0xD1, 0x30, 0x9F, 0xFC, 0x70, 0x24, 0x27, 0x09, 0x51,
    0x6D, 0xB7, 0xD0, 0xB1, 0x8A, 0xE7, 0x59, 0x2B, 0xBE, 0x3D, 0x1B, 0xE6, 0x89, 0x39, 0x22, 0x5E,
    0x15, 0xBF, 0xE6, 0xFD, 0x92, 0xB3, 0x8A, 0xE0, 0x74, 0x17, 0x3D, 0xF0, 0x5C, 0xDC, 0xC8, 0x4B,
    0xCE, 0xB0, 0xE5, 0x3A, 0x07, 0x67, 0xC0, 0x9D, 0xE5, 0x1D, 0xF6, 0xFD, 0xB1, 0xD9, 0x06, 0x13,
    0x1F, 0x4C, 0x7A, 0x80, 0xF0, 0x36, 0xC7, 0xA9, 0x30, 0xC5, 0x19, 0xC8, 0xE5, 0x90, 0x1B, 0x40,
    0x1E, 0x3E, 0xDC, 0x0F, 0x9F, 0x99, 0xB0, 0xF7, 0xF2, 0x04, 0xCF, 0x95, 0xFE, 0xA2, 0x07, 0xF1,
    0x10, 0x28, 0x70, 0x46, 0x28, 0x8E, 0xD1, 0x98, 0x75, 0x88, 0x50, 0xB6, 0xE2, 0x43, 0x14, 0x46,
    0xD0, 0x39, 0x38, 0x83, 0xCC, 0x20, 0xD6, 0xF5, 0x1E, 0x61, 0x7C, 0x4B, 0x76, 0x36, 0xF3, 0x42,
    0x48, 0x95, 0x83, 0xAA, 0x0C, 0x65, 0xC1, 0x7E, 0x45, 0x2C, 0xCB, 0x6C, 0x3C, 0xFD, 0x94, 0xC8,
    0xC2, 0x24, 0x23, 0xCA, 0xA5, 0x55, 0x16, 0x59, 0x86, 0xC8, 0xD6, 0xC2, 0xDC, 0x8B, 0x6F, 0xA7,
    0x34, 0xA3, 0x7E, 0x29, 0xCE, 0x45, 0x65, 0x79, 0x0E, 0x72, 0x16, 0xE8, 0x53, 0xA2, 0xFF, 0x44,
    0xFA, 0x14, 0xA6, 0x17, 0x29, 0xD4, 0x9B, 0xD7, 0x5D, 0x4A, 0xB5, 0xC2, 0xF2, 0x3A, 0xB1, 0x63,
    0xCA, 0xB5, 0x03, 0x4B, 0x2B, 0x92, 0x98, 0x87, 0x66, 0xC9, 0x29, 0x1F, 0x2C, 0xE4, 0x43, 0x86,
    0xDB, 0x86, 0xF3, 0xAD, 0x54, 0x3F, 0xFE, 0x13, 0x74, 0x46, 0xFD, 0xD1, 0x74, 0xFF, 0xEF, 0xFA,
    0xD4, 0x00, 0xA8, 0x23, 0xBA, 0xA6, 0x15, 0x99, 0xB9, 0x56, 0x77, 0xE6, 0x1A, 0xC4, 0x76, 0x93,
    0x6B, 0x64, 0xE6, 0x1A, 0x99, 0xB9, 0x96, 0x98, 0x8F, 0x2C, 0xB9, 0x06, 0x96, 0x9D, 0x98, 0xB9,
    0xB6, 0xF7, 0xF7, 0xB9, 0xD6, 0x4D, 0xDD, 0xA0, 0x9E, 0xAF, 0xF8, 0x1F, 0x2C, 0xB9, 0x56, 0xF6,
    0xC9, 0x35, 0x87, 0xEE, 0x60, 0xAE, 0x5D, 0xFF, 0xED, 0xDA, 0x9B, 0x98, 0xBB, 0x95, 0xF6, 0x62,
    0x97, 0x88, 0x7D, 0xA5, 0xCF, 0xAD, 0x3B, 0xC4, 0xFB, 0x5E, 0x1E, 0x1C, 0xD3, 0x06, 0x67, 0x08,
    0x7C, 0xF1, 0x09, 0x9C, 0x41, 0x76, 0x02, 0xCE, 0xC4, 0xDA, 0x1C, 0xCD, 0xB1, 0xD4, 0x06, 0xAD,
    0x68, 0x04, 0x60, 0xD7, 0x61, 0x31, 0x6B, 0x0B, 0xED, 0x65, 0x90, 0xDE, 0x92, 0xA2, 0x31, 0xBC,
    0x5D, 0x46, 0xC7, 0x7B, 0xB6, 0x86, 0xB5, 0x65, 0xDA, 0xDD, 0xE2, 0xF1, 0x98, 0x9D, 0x2D, 0x36,
    0xBC, 0xA8, 0x6C, 0x31, 0x7E, 0x8E, 0x37, 0xAC, 0x68, 0xAD, 0xA5, 0x95, 0x62, 0xED, 0xFE, 0x2A,
    0x76, 0x09, 0x91, 0x0F, 0xD4, 0x3B, 0xC3, 0xAB, 0x84, 0xEB, 0xF4, 0x77, 0x3F, 0x08, 0xCA, 0xCC,
    0xDB, 0xB8, 0x84, 0x49, 0xD5, 0x2A, 0x94, 0xAF, 0x68, 0x56, 0xD9, 0x14, 0x15, 0xB3, 0x54, 0xB6,
    0xCB, 0x5D, 0x7D, 0x04, 0x06, 0x27, 0x11, 0xF9, 0x3F, 0x81, 0x88, 0x53, 0x13, 0x0B, 0x1E, 0xF2,
    0x68, 0xB7, 0x99, 0x08, 0xA7, 0xAB, 0x88, 0x2B, 0x6D, 0x88, 0x5F, 0x33, 0x43, 0xF4, 0xAD, 0x86,
    0xEF, 0xC3, 0xBD, 0xDE, 0xA1, 0x7A, 0xE2, 0x45, 0x51, 0xB8, 0x6D, 0xE5, 0xBF, 0x8F, 0x50, 0x47,
    0x85, 0x1D, 0x4B, 0x2A, 0x6E, 0x0F, 0x31, 0xF8, 0xF9, 0x0D, 0x35, 0x90, 0x21, 0x12, 0x43, 0x21,
    0x0C, 0x44, 0xF3, 0x8B, 0x40, 0x20, 0xBE, 0xA9, 0xE7, 0x08, 0x3D, 0x42, 0x7B, 0x33, 0x98, 0xE9,
    0xC5, 0x70, 0xDF, 0xF6, 0x08, 0x1C, 0x01, 0x51, 0x11, 0x41, 0xD9, 0x26, 0x04, 0xA2, 0x76, 0xC2,
    0x63, 0xB3, 0x09, 0x11, 0xD1, 0x8B, 0xAC, 0x8E, 0xB6, 0x84, 0xEF, 0x4B, 0x44, 0x2C, 0x91, 0x50,
    0x0C, 0x01, 0x0C, 0xF2, 0x2D, 0x18, 0x14, 0x3F, 0x87, 0x41, 0xA9, 0x52, 0x2A, 0x13, 0x69, 0xF7,
    0xA8, 0x90, 0x07, 0x70, 0xF6, 0xE9, 0x02, 0x5C, 0x98, 0x2E, 0xC0, 0x5B, 0x9C, 0xC4, 0x05, 0x70,
    0xE2, 0xA4, 0x08, 0x3B, 0xF4, 0x89, 0x64, 0x07, 0x28, 0xF2, 0xA3, 0x00, 0x14, 0x11, 0x4C, 0x0F,
    0xE9, 0xCA, 0x13, 0xDF, 0x80, 0xA1, 0x30, 0x9F, 0xDA, 0x95, 0xEF, 0xFD, 0x09, 0x54, 0x35, 0x1C,
    0x22, 0xB2, 0x8D, 0x10, 0xC4, 0x86, 0x0A, 0xA2, 0x31, 0x04, 0xAE, 0x33, 0x58, 0xF3, 0x8A, 0x08,
    0xD4, 0xFC, 0xB0, 0xF0, 0xDF, 0xC0, 0xB6, 0xCE, 0x48, 0x75, 0x2F, 0x98, 0xD7, 0xCA, 0x63, 0x1F,
    0x81, 0xF7, 0x59, 0x16, 0xB2, 0xEA, 0x0F, 0xED, 0x5C, 0x4D, 0x8C, 0x1C, 0xC7, 0x75, 0xAE, 0xEE,
    0xA6, 0xB6, 0x6D, 0x36, 0xC5, 0x26, 0x02, 0xC3, 0x10, 0x44, 0x99, 0xC3, 0x83, 0x0E, 0x86, 0x23,
    0x4E, 0x0B, 0x88, 0x12, 0x30, 0x40, 0xEF, 0x76, 0x8B, 0x46, 0x10, 0x24, 0x0E, 0x1C, 0x1E, 0x6C,
    0x1F, 0x84, 0x20, 0xD6, 0xC1, 0x17, 0xC7, 0x09, 0x96, 0xB0, 0x75, 0xD8, 0xC3, 0x90, 0xD3, 0xB1,
    0x73, 0x0C, 0xE0, 0x3D, 0x08, 0xC8, 0x21, 0x39, 0xE8, 0xE0, 0x00, 0xA1, 0x02, 0x84, 0x04, 0x32,
    0x87, 0x89, 0xB3, 0x62, 0x37, 0x45, 0x18, 0x3E, 0x10, 0xB6, 0x27, 0x12, 0x10, 0x1D, 0x1C, 0x84,
    0x4D, 0x99, 0x8E, 0x2C, 0xF3, 0xC0, 0xB2, 0xD4, 0x96, 0x7A, 0x77, 0x67, 0xBA, 0xF2, 0xBE, 0x57,
    0x55, 0xDD, 0xBD, 0xCB, 0x5D, 0x89, 0xB2, 0x48, 0x89, 0xB0, 0x34, 0xE4, 0xEE, 0xBE, 0x9E, 0xE9,
    0x9F, 0xAA, 0xFA, 0xDE, 0xFB, 0xEA, 0xBD, 0x57, 0xAF, 0x46, 0x08, 0xBC, 0x1E, 0x15, 0xED, 0x6B,
    0x9C, 0xB6, 0xE2, 0xA0, 0xEC, 0xDE, 0xAE, 0xAC, 0xE0, 0xAC, 0xC7, 0x46, 0xFA, 0xBA, 0x3B, 0x3F,
    0xC2, 0xC2, 0xC1, 0x53, 0x2A, 0x3B, 0x67, 0xAE, 0x7E, 0xFB, 0x66, 0x79, 0x58, 0x7C, 0x12, 0xE2,
    0xA6, 0x4A, 0x6B, 0x21, 0xF2, 0x82, 0x2E, 0x91, 0x49, 0xBA, 0x22, 0xDC, 0xED, 0x12, 0x62, 0x58,
    0x84, 0x99, 0x5F, 0x48, 0xDC, 0xD2, 0x93, 0x5E, 0x19, 0x3E, 0x89, 0x87, 0x9C, 0x15, 0x73, 0x51,
    0x87, 0x2E, 0xC4, 0x3C, 0x4D, 0xC4, 0x0A, 0x8B, 0x9E, 0x9A, 0xD1, 0xC9, 0xDF, 0x75, 0x48, 0xF4,
    0x2F, 0xE3, 0xE4, 0x5B, 0x29, 0x5D, 0x16, 0x64, 0x38, 0x59, 0x41, 0xF4, 0x8B, 0x01, 0x9D, 0x9C,
    0x64, 0x53, 0x3A, 0xB7, 0xF4, 0x71, 0x72, 0x36, 0xA2, 0x3B, 0xD4, 0x4E, 0xE5, 0x15, 0x61, 0x4A,
    0xCD, 0x74, 0x1B, 0xBA, 0xB3, 0x18, 0x88, 0xA1, 0x10, 0xA1, 0xCA, 0x06, 0xA9, 0x58, 0x16, 0x21,
    0x89, 0x38, 0x59, 0xC4, 0x74, 0x27, 0x71, 0x8C, 0x4E, 0x86, 0xE8, 0x15, 0x74, 0xD6, 0x0A, 0x5D,
    0x3B, 0x12, 0xDE, 0x4C, 0xE0, 0x46, 0x10, 0x1D, 0x29, 0xD0, 0x44, 0x41, 0x27, 0x08, 0x7A, 0xDC,
    0x5C, 0xCC, 0x58, 0xAC, 0xC4, 0x91, 0x04, 0x1D, 0x5C, 0x16, 0x62, 0x22, 0xAA, 0xB0, 0xC0, 0x48,
    0x91, 0x78, 0xE4, 0x9C, 0x87, 0x5E, 0xD1, 0xA5, 0x93, 0xB5, 0x28, 0x9D, 0x93, 0xE8, 0xD1, 0xB9,
    0xB1, 0x2B, 0x12, 0x3D, 0x34, 0x92, 0x9E, 0xCF, 0x27, 0x93, 0x18, 0xE0, 0xCE, 0x90, 0xDC, 0xD2,
    0xE1, 0x3B, 0xE3, 0x6C, 0xFE, 0x2C, 0xC2, 0xF0, 0x07, 0x2C, 0x06, 0x33, 0x7D, 0x67, 0x9C, 0x56,
    0xF3, 0x20, 0x59, 0x80, 0xF8, 0x10, 0xCF, 0xDA, 0x14, 0x91, 0xC1, 0xC8, 0x51, 0x4A, 0x59, 0x88,
    0x02, 0xA5, 0xDF, 0x9C, 0x32, 0x3C, 0x8A, 0x4F, 0x56, 0x78, 0x86, 0x73, 0x93, 0xE1, 0xF8, 0x69,
    0x4E, 0x9F, 0xBB, 0x3F, 0x1D, 0x97, 0xE2, 0xBC, 0x7B, 0x2D, 0x91, 0x9E, 0x7A, 0x95, 0x7E, 0x47,
    0xFF, 0xB8, 0x75, 0x6D, 0x45, 0xBE, 0xA0, 0xC6, 0xD7, 0x62, 0xA9, 0xD4, 0xB5, 0xFF, 0x8D, 0xE5,
    0xF8, 0xC9, 0x5B, 0x3F, 0x26, 0x39, 0xDD, 0x2E, 0x4E, 0x4A, 0x55, 0xBC, 0x21, 0x9E, 0x91, 0xA3,
    0x5F, 0x49, 0x71, 0xBC, 0x8A, 0xDF, 0xB8, 0x99, 0x0A, 0x39, 0xCC, 0xAF, 0xCD, 0x5C, 0x19, 0x8E,
    0x7F, 0x28, 0x3D, 0x19, 0xFC, 0x40, 0xD0, 0x38, 0xD1, 0x48, 0x4D, 0x68, 0xF4, 0x6A, 0xB1, 0x46,
    0x52, 0x94, 0xC6, 0x7E, 0x41, 0x08, 0xA1, 0xCB, 0x74, 0x48, 0xA3, 0xE2, 0x6E, 0xAB, 0x0B, 0x84,
    0x19, 0xB7, 0x33, 0xD8, 0x7A, 0x5E, 0x65, 0x24, 0xFF, 0x73, 0x3E, 0x23, 0x98, 0x95, 0xA2, 0x56,
    0x7D, 0xEE, 0x5F, 0x5F, 0x47, 0x47, 0x33, 0xEE, 0x17, 0x8F, 0x4D, 0xC8, 0xC3, 0x32, 0x60, 0x75,
    0x1B, 0x3E, 0xC6, 0x23, 0xCE, 0x72, 0x0C, 0x90, 0xC5, 0xC6, 0x94, 0x47, 0x12, 0x7A, 0xE9, 0x4A,
    0x9C, 0xEF, 0x95, 0x8A, 0xC6, 0x2E, 0xBC, 0xAC, 0x1A, 0x11, 0x5D, 0x3B, 0xF5, 0x9A, 0xCA, 0x12,
    0x12, 0x54, 0x91, 0xCF, 0x45, 0xA2, 0x66, 0xD4, 0xE3, 0x65, 0xAF, 0xDC, 0x2A, 0x85, 0xDA, 0x9E,
    0x6D, 0x95, 0x4B, 0x8D, 0x2A, 0xDE, 0x92, 0xAA, 0x19, 0x64, 0x6F, 0xC9, 0x4D, 0x75, 0x2B, 0x7D,
    0x5B, 0x3A, 0x6F, 0x29, 0xB1, 0x5D, 0x3A, 0x8B, 0x50, 0x6C, 0xCF, 0x5C, 0x6A, 0xA1, 0x52, 0xF8,
    0x9D, 0xAB, 0xAD, 0xA6, 0x11, 0xC9, 0xAA, 0x52, 0x0B, 0xF1, 0x10, 0x1D, 0xF1, 0x48, 0x3E, 0xD5,
    0x1A, 0xC8, 0xA7, 0x59, 0x72, 0x72, 0xEA, 0x00, 0x37, 0x38, 0x22, 0x61, 0xAB, 0x62, 0x30, 0x32,
    0x82, 0x75, 0xA4, 0x7B, 0xE2, 0x42, 0xC1, 0x9E, 0x7F, 0x9E, 0x1A, 0xC7, 0x92, 0xC2, 0x5D, 0x9C,
    0xCD, 0x0B, 0x2A, 0xFD, 0xF5, 0x97, 0x71, 0x11, 0x5D, 0x3D, 0xE3, 0xAB, 0x45, 0xFE, 0xAC, 0x23,
    0xB5, 0x44, 0xBF, 0xB5, 0x04, 0xE5, 0xA8, 0x5A, 0xC9, 0x7C, 0x5A, 0x99, 0x0E, 0x9F, 0x6C, 0xAF,
    0x1D, 0x67, 0x63, 0xA5, 0x4A, 0x48, 0x41, 0xB9, 0xF9, 0xE5, 0xAF, 0xF0, 0x15, 0x0E, 0x75, 0x56,
    0x4C, 0xF9, 0x8A, 0x84, 0x14, 0x69, 0x24, 0xAD, 0x45, 0x6B, 0x29, 0xDC, 0x4C, 0xCD, 0xA7, 0x34,
    0xFE, 0x37, 0xA5, 0xDA, 0x4A, 0x35, 0x36, 0x33, 0xA5, 0x2A, 0x56, 0xE2, 0xD5, 0x54, 0x7C, 0x9A,
    0x5A, 0x1A, 0xC2, 0xCC, 0x58, 0xED, 0x43, 0xAD, 0xA2, 0x09, 0x4C, 0x90, 0x25, 0x20, 0xBB, 0x99,
    0xD2, 0x81, 0xF0, 0x6A, 0x46, 0x91, 0x3B, 0x21, 0xDC, 0xFF, 0xA3, 0xD1, 0xC2, 0x13, 0x66, 0x8E,
    0x6E, 0xAF, 0x70, 0x2B, 0x61, 0x24, 0x1A, 0x13, 0x4B, 0x24, 0x91, 0x98, 0x1A, 0x29, 0x14, 0x96,
    0x51, 0x82, 0xCC, 0x4A, 0x7E, 0x2B, 0x79, 0xC5, 0x5E, 0xD2, 0x5A, 0x2B, 0xD9, 0xFB, 0x79, 0x2F,
    0xDA, 0x67, 0xB8, 0xAA, 0xB0, 0x08, 0xA9, 0x8E, 0xC0, 0x96, 0x3A, 0x31, 0x48, 0x4F, 0x74, 0xA2,
    0xBD, 0x27, 0x3D, 0x52, 0x37, 0x68, 0x30, 0x23, 0x51, 0xDF, 0x6B, 0x5C, 0x7D, 0xDD, 0x4B, 0x9F,
    0xD3, 0x5D, 0x48, 0xA0, 0x5D, 0x07, 0x84, 0xF8, 0x9B, 0x70, 0x1E, 0xBD, 0x52, 0x08, 0xE7, 0x12,
    0x3D, 0xE7, 0xD2, 0x6A, 0x78, 0xEA, 0xFA, 0x7A, 0x40, 0xBD, 0x7F, 0x79, 0x1E, 0xFC, 0x24, 0x55,
    0x73, 0x37, 0xA5, 0x3E, 0xCC, 0xDD, 0xB7, 0x8B, 0xFC, 0x2C, 0xDF, 0x31, 0x11, 0xF9, 0x6C, 0x84,
    0x87, 0x79, 0xB3, 0x30, 0x8B, 0xE4, 0x24, 0xF6, 0xE7, 0x82, 0xD8, 0xA9, 0x0C, 0x2A, 0x19, 0x0F,
    0x94, 0xF0, 0x1B, 0x51, 0xBB, 0xF3, 0x49, 0x1C, 0x87, 0x22, 0xBC, 0x40, 0x14, 0xF9, 0xC2, 0xE4,
    0xC4, 0x34, 0x14, 0xC7, 0x7C, 0x9C, 0x3C, 0x3D, 0x26, 0x87, 0x62, 0xC8, 0x27, 0xCF, 0x43, 0x19,
    0xD3, 0x28, 0x9D, 0xC5, 0xC9, 0x61, 0x49, 0xC4, 0x45, 0xBC, 0xB7, 0x22, 0x26, 0x7E, 0xB9, 0x26,
    0x7C, 0xE9, 0xCF, 0x0E, 0xE1, 0xF6, 0x13, 0x11, 0xCD, 0x1D, 0x36, 0x86, 0x72, 0x22, 0xE2, 0x48,
    0x93, 0x85, 0x9C, 0x88, 0x11, 0x9D, 0xCC, 0x4A, 0x43, 0xEF, 0xBA, 0xF2, 0x00, 0x63, 0x30, 0x21,
    0x10, 0x37, 0xB8, 0x83, 0xF1, 0x84, 0x50, 0x8C, 0x58, 0x3C, 0x31, 0x25, 0x4A, 0x0A, 0x58, 0x3C,
    0x36, 0x35, 0x94, 0x44, 0xD8, 0xAC, 0x09, 0xCB, 0x5F, 0x10, 0x0D, 0x7F, 0x1D, 0x23, 0x51, 0xF3,
    0x17, 0x2E, 0x13, 0xF6, 0x66, 0x15, 0xC3, 0xCA, 0x8F, 0x90, 0x96, 0xBF, 0xC4, 0x1B, 0xA5, 0xD6,
    0x00, 0xFA, 0xF5, 0x33, 0xBE, 0xFA, 0x05, 0x8C, 0xCC, 0x4F, 0x32, 0x4B, 0x76, 0x03, 0x3D, 0x73,
    0xE0, 0xE4, 0x73, 0xB5, 0x25, 0x3B, 0xD7, 0x30, 0x18, 0x91, 0x5D, 0x64, 0x31, 0x1C, 0xB0, 0x66,
    0x1A, 0xB2, 0xDB, 0xB4, 0xA8, 0xAD, 0xAA, 0x1B, 0x56, 0xA1, 0x48, 0x03, 0x4B, 0xA3, 0x00, 0xDF,
    0x13, 0xDF, 0x68, 0xF4, 0x45, 0xF8, 0x74, 0x75, 0xD6, 0xEA, 0x82, 0x87, 0x47, 0x78, 0xFA, 0x3E,
    0x63, 0xD1, 0x76, 0x28, 0x2C, 0xDA, 0x6E, 0x7A, 0xB2, 0xED, 0x3C, 0xFD, 0xB5, 0x2A, 0x4C, 0x64,
    0xEF, 0xCD, 0x6C, 0x43, 0x0C, 0x3F, 0x33, 0xD9, 0x87, 0xA2, 0xD5, 0xC4, 0xA8, 0x15, 0xCB, 0x65,
    0xBE, 0x1D, 0xDD, 0xCA, 0x21, 0xE4, 0x04, 0x51, 0x1D, 0xB8, 0x4C, 0xAE, 0x51, 0xC3, 0x0B, 0x16,
    0x27, 0xD3, 0x56, 0x9C, 0x52, 0x63, 0x8C, 0x88, 0x51, 0xCB, 0x69, 0x70, 0xE8, 0x9D, 0x58, 0xB2,
    0xB2, 0x89, 0x54, 0x8B, 0xE6, 0xB5, 0x8F, 0x58, 0x89, 0x2F, 0xB1, 0xF0, 0x25, 0x82, 0xD6, 0x81,
    0x25, 0x2F, 0xE5, 0x0B, 0xB1, 0x36, 0x75, 0x2F, 0x13, 0x71, 0xA9, 0xD7, 0x0F, 0x8B, 0x69, 0xEC,
    0xE8, 0x81, 0x39, 0x21, 0xA8, 0x39, 0xEA, 0xE7, 0x34, 0x80, 0xAB, 0x73, 0x62, 0x70, 0xF0, 0x07,
    0xBD, 0x6A, 0xB7, 0x0C, 0x89, 0x23, 0xF1, 0x92, 0x5E, 0x11, 0x64, 0x21, 0x8B, 0x24, 0x78, 0x85,
    0xA7, 0x9A, 0xAF, 0x90, 0x5D, 0x87, 0xC4, 0x38, 0x62, 0x4C, 0x73, 0x64, 0x85, 0x49, 0x72, 0x2E,
    0x82, 0x4D, 0x27, 0xCF, 0x30, 0x4A, 0x2B, 0x1A, 0x00, 0xFA, 0x14, 0x94, 0x21, 0xCC, 0xD4, 0x65,
    0x54, 0x83, 0x07, 0x94, 0x61, 0x70, 0x79, 0x40, 0x79, 0xAA, 0xD2, 0xF3, 0x95, 0xA7, 0xD6, 0xC5,
    0x51, 0xB5, 0x1B, 0x37, 0x50, 0xE9, 0x1E, 0xC0, 0x0E, 0x40, 0x4B, 0x2D, 0xB0, 0xAB, 0x06, 0x58,
    0x60, 0x38, 0x9E, 0x69, 0xCA, 0xB9, 0x63, 0x60, 0x37, 0xCC, 0x2D, 0xEB, 0xF7, 0x01, 0xAC, 0x69,
    0x2A, 0x80, 0x35, 0x60, 0xC9, 0x11, 0xB5, 0x6C, 0x26, 0x22, 0x6A, 0x59, 0x35, 0x15, 0x3E, 0x11,
    0xD1, 0x59, 0x9A, 0xEB, 0x09, 0xD8, 0x90, 0xD8, 0xAE, 0x22, 0xFA, 0x24, 0x60, 0x97, 0xC4, 0xD3,
    0xE2, 0x69, 0xA2, 0x87, 0x77, 0x47, 0x53, 0xB6, 0x68, 0xC6, 0x95, 0xA7, 0xD1, 0x54, 0x04, 0xAC,
    0xF7, 0xDF, 0x40, 0xA5, 0xF9, 0x2A, 0x01, 0xEB, 0x67, 0x0F, 0xD2, 0xCC, 0x54, 0x04, 0xE9, 0x24,
    0xF6, 0x8A, 0x43, 0xE2, 0xA2, 0x5B, 0x84, 0x42, 0x2E, 0x7B, 0x0B, 0x88, 0x97, 0x95, 0x23, 0x87,
    0x2E, 0xCD, 0xF6, 0x17, 0x5D, 0xD5, 0x00, 0xD8, 0xCD, 0xBC, 0xD9, 0x52, 0x9B, 0x1B, 0x00, 0x76,
    0x99, 0x2E, 0xDB, 0xBE, 0x2C, 0x09, 0xD8, 0x59, 0xF8, 0xF7, 0x74, 0xC2, 0x55, 0xA2, 0x06, 0x57,
    0x7A, 0x7C, 0xAE, 0x06, 0x36, 0x4F, 0x2F, 0xFA, 0x35, 0x80, 0x4D, 0x44, 0xD0, 0xBC, 0xA5, 0x32,
    0x8C, 0x19, 0x0D, 0xE1, 0x98, 0x2C, 0x2F, 0xEC, 0x80, 0x1D, 0xEF, 0x0F, 0xAC, 0x0B, 0x60, 0x9B,
    0x77, 0x04, 0xB6, 0x87, 0x6C, 0x1F, 0x5B, 0x5C, 0x7B, 0xC3, 0xA2, 0xBB, 0x03, 0x5F, 0xF8, 0x84,
    0xE0, 0x0C, 0xCD, 0x0E, 0x9E, 0xFE, 0x93, 0xB7, 0xF0, 0xB6, 0x7F, 0x7A, 0x38, 0xF7, 0x91, 0x06,
    0x56, 0x0E, 0x6E, 0xF0, 0x00, 0x3C, 0x36, 0x42, 0x7B, 0x50, 0xF0, 0xEC, 0x34, 0x60, 0x6D, 0x35,
    0xDD, 0x80, 0xF6, 0x86, 0x56, 0x6F, 0x31, 0xB9, 0x45, 0x81, 0xD1, 0xE7, 0xEF, 0x50, 0x17, 0x96,
    0x03, 0x73, 0xEB, 0xBF, 0x95, 0x98, 0x0A, 0x5D, 0x9A, 0xDF, 0x9C, 0x86, 0xA7, 0xE9, 0x29, 0xF5,
    0x20, 0x23, 0x87, 0x6B, 0x86, 0xD9, 0x6C, 0x22, 0xCE, 0xF9, 0xE4, 0xF9, 0x9C, 0xAA, 0xC4, 0x1A,
    0x3E, 0x7C, 0x82, 0xFC, 0xC5, 0x47, 0xC4, 0xE3, 0xEC, 0x3D, 0x1E, 0x30, 0xCD, 0xC1, 0x74, 0xA3,
    0x2C, 0xBD, 0x90, 0xE0, 0x2A, 0xDB, 0xD0, 0xED, 0x86, 0xDA, 0x64, 0xA7, 0xC4, 0xE9, 0xA0, 0x58,
    0x69, 0xE7, 0x4C, 0xE2, 0xED, 0x91, 0x90, 0x5F, 0x63, 0xF9, 0x6B, 0xB1, 0xA8, 0x2A, 0x71, 0xDD,
    0x18, 0xF9, 0x63, 0xA4, 0x59, 0xEE, 0x4B, 0xC6, 0xCC, 0x8F, 0x91, 0xEA, 0x78, 0x97, 0x8D, 0xA1,
    0xD3, 0x9C, 0x4A, 0x6A, 0x62, 0x4C, 0x3D, 0xC8, 0xA6, 0x49, 0x6E, 0x8D, 0xDD, 0xDB, 0x96, 0x34,
    0xF3, 0x58, 0x73, 0xA7, 0x86, 0x7F, 0xA1, 0x30, 0x06, 0x1F, 0xFE, 0x1D, 0x46, 0xC7, 0x98, 0xFC,
    0x80, 0xFD, 0x2A, 0x18, 0x7D, 0xC8, 0x46, 0xBF, 0xC3, 0xEC, 0x79, 0xAC, 0x01, 0xA3, 0x1E, 0xB1,
    0x1D, 0x28, 0xF4, 0x6C, 0x70, 0xA7, 0x96, 0xEC, 0xD0, 0x93, 0x9D, 0x9A, 0xB2, 0x43, 0x57, 0xF6,
    0xD5, 0x96, 0x0F, 0x96, 0xE0, 0x35, 0xFB, 0x32, 0x0F, 0x68, 0x2A, 0x67, 0x1E, 0x18, 0x67, 0x18,
    0x0F, 0xE6, 0x01, 0x4D, 0xDA, 0x9A, 0xE0, 0x0B, 0x4B, 0xF0, 0x82, 0x06, 0x74, 0xA0, 0x09, 0xDE,
    0x8A, 0xBB, 0x08, 0xDE, 0x88, 0xB0, 0x78, 0xBA, 0x59, 0x60, 0xB8, 0x3E, 0x02, 0xB9, 0x7C, 0xD8,
    0x04, 0x9F, 0x19, 0xAC, 0x3F, 0x26, 0x78, 0x4B, 0xF0, 0xE6, 0x45, 0xF6, 0x27, 0x68, 0x3C, 0xC8,
    0xD1, 0x03, 0xC1, 0x7B, 0xE4, 0xED, 0x27, 0x8A, 0x81, 0x0D, 0xB3, 0x0D, 0x51, 0x07, 0x4C, 0xF0,
    0x07, 0x29, 0x42, 0x78, 0xEE, 0x0E, 0x09, 0xFE, 0x8E, 0x81, 0x9D, 0xF4, 0x80, 0x5D, 0xB6, 0xC0,
    0x3A, 0x77, 0x00, 0x6C, 0x67, 0xC6, 0x7D, 0x23, 0xEE, 0x01, 0xDB, 0x33, 0xE0, 0xDE, 0x48, 0xDE,
    0x15, 0x82, 0xEF, 0xF1, 0x7B, 0xC4, 0xC8, 0xBA, 0xFA, 0xC2, 0x67, 0xC5, 0xEA, 0x42, 0x30, 0xAD,
    0xB2, 0xD1, 0x8E, 0x0B, 0x7E, 0x30, 0x2B, 0x89, 0x5F, 0xAF, 0xC8, 0x16, 0xDD, 0x4B, 0xE4, 0xA0,
    0xDA, 0x46, 0x0D, 0x80, 0x82, 0xC5, 0x17, 0x94, 0x6D, 0x2C, 0xD7, 0xA7, 0x00, 0xDF, 0x95, 0x36,
    0x7E, 0x20, 0x3D, 0x9E, 0x75, 0xB2, 0x61, 0x6E, 0x1A, 0x33, 0xA7, 0xB4, 0x20, 0x53, 0xF8, 0x58,
    0x0E, 0xED, 0xA8, 0x93, 0x1C, 0xF7, 0xDE, 0xB7, 0xF2, 0x31, 0x0A, 0xD0, 0xA6, 0xC6, 0x40, 0xC3,
    0x2C, 0xA0, 0xC8, 0xC2, 0xA3, 0x79, 0x6F, 0xAC, 0x28, 0xB4, 0x21, 0x2E, 0x0E, 0x53, 0x8A, 0x5D,
    0x02, 0x84, 0x93, 0x92, 0x66, 0x92, 0x4F, 0x89, 0xD3, 0xC0, 0x5A, 0xF4, 0xB0, 0xBC, 0x43, 0xB9,
    0x05, 0x5C, 0x54, 0x1D, 0xE2, 0xA2, 0x07, 0xB9, 0x18, 0x75, 0x98, 0x8B, 0x9E, 0x35, 0x8B, 0x1E,
    0xEA, 0xA2, 0x07, 0x3B, 0x54, 0xD9, 0xE2, 0x2E, 0x8C, 0x45, 0x37, 0xE0, 0xEF, 0x16, 0xF9, 0xE5,
    0x5D, 0xEC, 0xBD, 0xD2, 0x23, 0xEF, 0x3E, 0x77, 0xF7, 0xD1, 0xDF, 0xC1, 0xDC, 0x7D, 0xE2, 0xF6,
    0xFA, 0xBC, 0xDD, 0xA7, 0x6D, 0xC7, 0xC4, 0xC7, 0xF7, 0x9F, 0x71, 0x3F, 0xC1, 0xD2, 0x19, 0x18,
    0x37, 0x67, 0xB7, 0xFC, 0x0A, 0xC6, 0x1D, 0x72, 0x1B, 0x0A, 0x18, 0xB7, 0x43, 0xB1, 0x9D, 0xBF,
    0x60, 0xE3, 0x46, 0xD3, 0xD0, 0x30, 0xB0, 0x36, 0xB1, 0xB7, 0xD2, 0xA1, 0x73, 0xC0, 0x74, 0x96,
    0xC1, 0x76, 0xC7, 0x3C, 0x16, 0x15, 0xC4, 0x93, 0x7C, 0xDF, 0x8B, 0xFB, 0x1B, 0xB7, 0x99, 0xB3,
    0x3B, 0xE3, 0x6E, 0xEE, 0x8E, 0x71, 0xBB, 0x16, 0xE3, 0x7D, 0x58, 0xFB, 0x9E, 0x19, 0xF7, 0x12,
    0x9A, 0xF6, 0x3D, 0x36, 0x40, 0x6E, 0x0D, 0x22, 0x32, 0x87, 0xDF, 0xA1, 0x4F, 0x66, 0x22, 0x54,
    0xEB, 0x2E, 0x5D, 0xE5, 0x20, 0xE7, 0x52, 0x73, 0x37, 0xB2, 0x40, 0x89, 0xB1, 0x0C, 0x9A, 0x54,
    0xAC, 0xD6, 0x9E, 0x4A, 0xC7, 0x32, 0x81, 0x71, 0xE6, 0x24, 0x26, 0xDA, 0x0D, 0x0A, 0x6F, 0xD1,
    0xEC, 0xA3, 0x9A, 0x67, 0xC9, 0x3D, 0xBB, 0xC0, 0xFE, 0x90, 0x79, 0xD1, 0xA3, 0xC7, 0x46, 0x24,
    0xC8, 0xEA, 0x55, 0x76, 0x7E, 0xBF, 0x50, 0xA0, 0xC7, 0x0F, 0xE7, 0xEA, 0x3C, 0x66, 0x4B, 0x8B,
    0x3C, 0x29, 0x43, 0x8B, 0x7C, 0x4D, 0x76, 0xDA, 0xA6, 0x1A, 0xC2, 0xCE, 0xEE, 0x86, 0xEC, 0xB0,
    0x45, 0x33, 0x12, 0x96, 0x09, 0xCD, 0x02, 0x59, 0xB1, 0x01, 0xBD, 0x1F, 0x7D, 0x5E, 0x7A, 0xE5,
    0x39, 0x4E, 0x41, 0x1C, 0x12, 0xEB, 0x4E, 0x76, 0xA8, 0x97, 0x8D, 0x78, 0x8F, 0x62, 0x3B, 0x73,
    0x70, 0xBE, 0x51, 0xBF, 0x86, 0x68, 0xC3, 0x94, 0x33, 0x26, 0x31, 0x5A, 0x96, 0xAF, 0x03, 0xA1,
    0x11, 0xDA, 0x4B, 0x70, 0xCE, 0xD1, 0x5E, 0xF4, 0x22, 0x27, 0xD5, 0xA2, 0x5E, 0x58, 0x42, 0x83,
    0x27, 0x60, 0x4C, 0x09, 0x1D, 0x5B, 0xB6, 0xB7, 0xA5, 0x1F, 0xDD, 0xB9, 0xB3, 0x9C, 0xE9, 0x69,
    0x13, 0x83, 0x8E, 0x1E, 0x49, 0x1E, 0x0E, 0x3D, 0xBE, 0xFA, 0x5A, 0x1E, 0x75, 0xE3, 0x41, 0x03,
    0x0B, 0xEB, 0x78, 0x75, 0x9E, 0xD6, 0x3D, 0x32, 0xD3, 0x03, 0x9D, 0x99, 0x6E, 0xB4, 0x66, 0x6A,
    0xFC, 0x77, 0x98, 0xE9, 0x20, 0x6B, 0xCD, 0xF4, 0x6C, 0x67, 0xA6, 0x55, 0x37, 0x07, 0x1F, 0xD9,
    0x35, 0x07, 0xBB, 0x6C, 0xA6, 0xFC, 0x90, 0xA8, 0x60, 0x33, 0x45, 0x6F, 0x9A, 0xD6, 0xB9, 0xF2,
    0x25, 0x9B, 0x29, 0x62, 0xEA, 0x68, 0xA6, 0xAD, 0x10, 0xA2, 0xB6, 0x58, 0x34, 0xF5, 0x60, 0x5E,
    0xB6, 0x31, 0xB5, 0xC8, 0x76, 0x99, 0xA9, 0x7D, 0x61, 0xDE, 0x31, 0xAF, 0xB5, 0x69, 0x2B, 0x4E,
    0x7A, 0x7E, 0x00, 0x41, 0x01, 0x32, 0x79, 0x42, 0xC0, 0x4C, 0x31, 0x26, 0x64, 0x42, 0x30, 0x53,
    0x11, 0x6D, 0x0A, 0x7A, 0x02, 0xCF, 0x3D, 0x34, 0xBE, 0x0D, 0x10, 0x07, 0xB0, 0x47, 0xC9, 0xA0,
    0xB4, 0x99, 0xEA, 0xD7, 0x4A, 0xDF, 0xF5, 0xEC, 0x8F, 0xD9, 0xBD, 0x9B, 0x83, 0xEF, 0xE3, 0xE8,
    0x39, 0xE5, 0x98, 0x8E, 0x80, 0xF5, 0xA8, 0x0B, 0xC8, 0xF3, 0x10, 0xB0, 0xC1, 0x65, 0x29, 0x96,
    0xC9, 0xD5, 0xE4, 0xE8, 0x79, 0x2A, 0xA6, 0x9E, 0x71, 0xAE, 0x1E, 0xA5, 0xE8, 0x39, 0xDB, 0xDF,
    0xA3, 0xE2, 0x00, 0x4F, 0x03, 0xFB, 0xAD, 0x7F, 0x22, 0xE9, 0xF7, 0x7F, 0x04, 0x60, 0x5F, 0x03,
    0x43, 0xD3, 0x31, 0xF1, 0xEF, 0x8F, 0xCF, 0x90, 0x48, 0xC7, 0x04, 0xEC, 0x9F, 0x41, 0xBB, 0xFE,
    0xF4, 0xC8, 0x6E, 0x60, 0x6D, 0xCB, 0x08, 0xD8, 0x07, 0xE9, 0x6F, 0xA1, 0x81, 0x25, 0x57, 0x85,
    0xA2, 0x0B, 0x06, 0xD6, 0x67, 0x2E, 0xD2, 0xC0, 0x46, 0x18, 0xF4, 0x0F, 0x17, 0xD8, 0xA8, 0x07,
    0x2C, 0xBB, 0x56, 0x1D, 0xB0, 0x45, 0x0B, 0xAC, 0xDF, 0x03, 0xF6, 0x52, 0x07, 0x2C, 0x0C, 0x30,
    0xE9, 0xC8, 0xC6, 0x00, 0xEB, 0x54, 0x1D, 0xB0, 0xA3, 0x0E, 0xD8, 0xA8, 0x07, 0x6C, 0xDA, 0x02,
    0x1B, 0xF4, 0x80, 0x2D, 0xDA, 0xE1, 0x73, 0x4B, 0x1D, 0x1E, 0xD3, 0x8F, 0x43, 0xC0, 0x86, 0x64,
    0x85, 0x03, 0xFA, 0x91, 0x53, 0xB1, 0x42, 0x36, 0x8A, 0x1F, 0x0A, 0x5F, 0x4F, 0x8A, 0x92, 0x7F,
    0xA6, 0x1D, 0x84, 0x3D, 0x71, 0xAD, 0x13, 0x47, 0x7B, 0xBE, 0x3B, 0xAD, 0x0C, 0x70, 0x4E, 0x39,
    0x9D, 0x2C, 0x5B, 0xDF, 0xB0, 0x9A, 0x0E, 0xAC, 0x6B, 0x28, 0x63, 0xD3, 0xE0, 0x30, 0x95, 0xB1,
    0xA7, 0x07, 0x31, 0x79, 0x91, 0xFC, 0x3F, 0x3D, 0x0E, 0xCD, 0x9B, 0x45, 0x28, 0xCE, 0x69, 0x80,
    0x72, 0x02, 0x96, 0xF3, 0x01, 0x83, 0x22, 0x4A, 0xC9, 0x6B, 0x46, 0x6E, 0x9E, 0x26, 0x24, 0xF8,
    0x96, 0x39, 0x21, 0xAF, 0x0A, 0xBF, 0xC0, 0xC4, 0x4A, 0x43, 0xFD, 0xF9, 0x92, 0x54, 0x91, 0x60,
    0xFE, 0x5D, 0xF2, 0xFE, 0x33, 0xAF, 0xD0, 0x23, 0x39, 0xE7, 0x9C, 0x38, 0x03, 0x9B, 0xE8, 0xF4,
    0x78, 0xA3, 0x07, 0x19, 0x3E, 0x28, 0x30, 0xA5, 0x8F, 0x06, 0xD6, 0x69, 0x5A, 0x70, 0xEA, 0x93,
    0x71, 0xBB, 0xA5, 0x53, 0x99, 0x04, 0xEC, 0x2F, 0x5C, 0xCB, 0xCB, 0xE2, 0xC3, 0x71, 0x9E, 0xC0,
    0x79, 0x6B, 0x9A, 0x95, 0x71, 0x9F, 0x7C, 0x06, 0xE3, 0xBD, 0x04, 0x73, 0x5A, 0xAA, 0xC9, 0x78,
    0x8D, 0x86, 0xAF, 0x90, 0xF1, 0xBA, 0xFA, 0xBE, 0x87, 0x77, 0x47, 0x46, 0x76, 0x85, 0x70, 0xDA,
    0x43, 0xA8, 0x0F, 0xE1, 0xE3, 0xE2, 0x39, 0xF1, 0x59, 0xE4, 0x41, 0xA4, 0x38, 0x47, 0x0A, 0x90,
    0x9C, 0x62, 0xE7, 0x09, 0x6A, 0x11, 0x52, 0xE7, 0x60, 0xBC, 0xFF, 0x42, 0x27, 0x9E, 0x17, 0xEF,
    0x87, 0x95, 0x7B, 0xC6, 0x6B, 0x15, 0x91, 0x34, 0xD5, 0xE1, 0xFF, 0xDA, 0x78, 0x67, 0x98, 0x3C,
    0xD9, 0x78, 0xDD, 0x05, 0x7C, 0x01, 0x6D, 0xBC, 0x09, 0x56, 0x6E, 0xB4, 0xF1, 0x2E, 0xD1, 0x74,
    0xF9, 0xDB, 0xC4, 0xCA, 0x0F, 0x93, 0xC3, 0x99, 0x69, 0x56, 0xA6, 0xA9, 0x29, 0xAA, 0xC1, 0xCA,
    0xFE, 0x16, 0x22, 0x9A, 0x46, 0x11, 0xB0, 0x03, 0xF8, 0x1F, 0xD4, 0x8A, 0x2B, 0xE5, 0x72, 0x62,
    0xC4, 0x5F, 0xC9, 0xD8, 0x8A, 0x52, 0x8E, 0x5A, 0xB1, 0x9A, 0x26, 0x58, 0xB4, 0x22, 0x17, 0x42,
    0x4E, 0xAB, 0x48, 0x71, 0xF4, 0xAB, 0x66, 0x23, 0x19, 0xA2, 0x8F, 0x24, 0x16, 0xB1, 0xF4, 0x14,
    0xA3, 0xA9, 0x00, 0x61, 0xAE, 0xE0, 0x1D, 0xD6, 0x8C, 0x31, 0x12, 0x65, 0xF4, 0x09, 0x80, 0x7D,
    0x86, 0x3D, 0xE1, 0xF7, 0x0E, 0xAC, 0xBA, 0xD9, 0x18, 0x60, 0x5D, 0x5E, 0x62, 0x62, 0x60, 0x3D,
    0xA6, 0x62, 0x3B, 0xDD, 0x2A, 0x3B, 0xDD, 0x62, 0x9D, 0xAE, 0x05, 0xB6, 0xB2, 0xC0, 0xFA, 0xB0,
    0xB0, 0x7B, 0x0B, 0xEC, 0xD1, 0x56, 0xF4, 0x55, 0xBB, 0x4C, 0x91, 0xBF, 0xCE, 0x31, 0x03, 0xDE,
    0x5C, 0x58, 0x74, 0xE1, 0xBE, 0xE8, 0xE4, 0xA1, 0x10, 0x9A, 0xB1, 0xA3, 0xAE, 0x0D, 0xBD, 0x96,
    0xC1, 0xFF, 0x8B, 0xBA, 0xB9, 0x65, 0xD4, 0xCE, 0xB1, 0xD6, 0x31, 0x24, 0x58, 0xDB, 0xC9, 0xC7,
    0x9B, 0x91, 0x7B, 0xDC, 0x9C, 0xFF, 0xF2, 0x5F, 0x11, 0x44, 0x5B, 0xB9, 0x6A, 0x5F, 0xB9, 0xE2,
    0x83, 0x6D, 0xFA, 0x19, 0x2F, 0xA0, 0x71, 0xEA, 0x0A, 0x9D, 0x37, 0x98, 0xD3, 0xBB, 0xFF, 0xA5,
    0xFE, 0x9C, 0xE0, 0x8D, 0x6A, 0x8C, 0x63, 0x4E, 0x1F, 0x35, 0x1C, 0x68, 0x70, 0xB8, 0xC1, 0x62,
    0xC3, 0x3D, 0x55, 0x10, 0x17, 0xAC, 0xAC, 0x2C, 0xCE, 0x45, 0x68, 0xC5, 0x9A, 0x49, 0x51, 0xAD,
    0xF0, 0xDA, 0x27, 0xE0, 0xB8, 0xB5, 0x3C, 0x66, 0x17, 0x93, 0x6E, 0xFE, 0x97, 0xC3, 0x80, 0x43,
    0x41, 0xFA, 0x3D, 0x1C, 0xB4, 0x68, 0x2E, 0x87, 0x9D, 0x75, 0x93, 0x2B, 0x7C, 0x88, 0xFE, 0x3E,
    0x22, 0xB0, 0x3E, 0x25, 0x22, 0xED, 0xCB, 0x55, 0xC4, 0x9F, 0x41, 0x23, 0x56, 0x31, 0x0B, 0xA1,
    0x6F, 0x39, 0xEE, 0x47, 0xF4, 0x4D, 0xE3, 0xB6, 0x04, 0xC3, 0x41, 0x22, 0xBD, 0x9D, 0x87, 0x2C,
    0x9A, 0x18, 0x1D, 0x3B, 0x66, 0xF3, 0x1D, 0x23, 0x69, 0xC6, 0x97, 0xD9, 0x9D, 0xBD, 0x62, 0x9E,
    0x00, 0x39, 0x89, 0xC3, 0x69, 0x37, 0x20, 0x74, 0x83, 0xEE, 0x6C, 0xD2, 0x5A, 0xDC, 0x27, 0x6B,
    0xA6, 0xCD, 0x7D, 0xE4, 0x47, 0x81, 0x8A, 0x0F, 0xB0, 0x1F, 0xB5, 0x5A, 0xB0, 0x4E, 0x12, 0x15,
    0x7B, 0xE0, 0x2A, 0x71, 0xB0, 0x21, 0x2A, 0xB6, 0x33, 0x7A, 0x21, 0x47, 0x87, 0xAD, 0xB3, 0xBC,
    0x2F, 0x15, 0x0F, 0xD8, 0x36, 0x99, 0x74, 0x13, 0xB6, 0x58, 0x09, 0xF1, 0x38, 0x89, 0x07, 0x12,
    0x69, 0xDD, 0x66, 0x61, 0xC4, 0x44, 0xB7, 0xFC, 0x7D, 0x52, 0xF1, 0x45, 0x6D, 0xB1, 0x7A, 0x59,
    0xDB, 0x26, 0x67, 0xDC, 0xD2, 0x58, 0xAC, 0xD0, 0xA5, 0x17, 0x5A, 0x95, 0x57, 0x33, 0x6D, 0xB1,
    0x1E, 0x7B, 0xD0, 0x6C, 0xB1, 0x1E, 0xCC, 0xED, 0xA3, 0xEA, 0x20, 0xF7, 0xE6, 0x58, 0x9D, 0x82,
    0xB6, 0x91, 0xCF, 0xED, 0xEB, 0x86, 0x4E, 0x2F, 0xAD, 0xDC, 0xCF, 0x30, 0xEB, 0x46, 0xEF, 0xB3,
    0x9A, 0xF8, 0x9B, 0x03, 0xAB, 0x98, 0x0C, 0x18, 0x58, 0x2D, 0x76, 0x59, 0xB7, 0x16, 0x58, 0xF1,
    0x71, 0xE4, 0x73, 0x07, 0xC0, 0xEE, 0xE9, 0x3C, 0x85, 0x3C, 0xB1, 0x66, 0x00, 0xD6, 0x8A, 0xEF,
    0x31, 0xAD, 0xFC, 0x1B, 0x02, 0xAB, 0xB3, 0x3A, 0x0C, 0xAC, 0xC7, 0x19, 0x97, 0x8F, 0x81, 0xDD,
    0x1B, 0xD8, 0x25, 0x54, 0x85, 0x3C, 0x9C, 0x12, 0xB0, 0x0E, 0xD7, 0xFE, 0x44, 0x0B, 0x02, 0xD6,
    0xCC, 0x2A, 0xAB, 0x44, 0xC5, 0xBE, 0xA1, 0xE2, 0x6C, 0x17, 0x15, 0x9F, 0xE6, 0x75, 0x48, 0x00,
    0x8B, 0x78, 0xD7, 0xD5, 0xFC, 0x9B, 0x93, 0xC5, 0x06, 0x64, 0x44, 0x24, 0x1E, 0x21, 0xD1, 0x09,
    0xE7, 0x2D, 0x15, 0x1B, 0x31, 0xD1, 0xCD, 0xBD, 0x3B, 0x5E, 0xB1, 0x9E, 0xF3, 0x34, 0xB0, 0x39,
    0x92, 0x50, 0x0C, 0xAC, 0xB7, 0x70, 0x28, 0x20, 0x67, 0x60, 0x31, 0x0F, 0x7F, 0x60, 0xC0, 0xA6,
    0x2D, 0xB0, 0xCE, 0xAC, 0x0D, 0x69, 0xBD, 0x37, 0x5A, 0x60, 0x03, 0xFE, 0x94, 0x81, 0x0D, 0x93,
    0x36, 0xA4, 0x5D, 0x1E, 0xB4, 0x0F, 0x1E, 0x69, 0x05, 0x45, 0x73, 0xA4, 0x99, 0x52, 0xA4, 0xA9,
    0xAB, 0x63, 0x60, 0xA9, 0x37, 0xD2, 0x00, 0xEB, 0x67, 0xA6, 0xE8, 0x88, 0x80, 0x4D, 0x4D, 0xEE,
    0x8E, 0x81, 0x8D, 0x3B, 0x8B, 0x35, 0x62, 0x99, 0x58, 0x11, 0xD5, 0x8B, 0x36, 0xCF, 0x27, 0x29,
    0xB4, 0x36, 0x5E, 0x42, 0xF5, 0xFD, 0xCA, 0xF4, 0x9E, 0x80, 0x55, 0xB6, 0xE4, 0x68, 0x24, 0x07,
    0xCD, 0x1D, 0x9B, 0xE9, 0x0E, 0x8B, 0x5D, 0xE5, 0x14, 0x73, 0x09, 0x60, 0xB5, 0x8B, 0x3D, 0x07,
    0xB0, 0x4F, 0x93, 0xC6, 0x3C, 0x2A, 0x8E, 0xDF, 0x21, 0xB0, 0xA6, 0x17, 0x18, 0x10, 0x24, 0xFF,
    0x5A, 0xAF, 0xB8, 0x36, 0x16, 0xEB, 0x6F, 0x52, 0x70, 0x6B, 0xE6, 0xD8, 0x0C, 0xA9, 0xC9, 0xDF,
    0x76, 0x8B, 0x75, 0xF1, 0xFE, 0x67, 0x18, 0x58, 0x7E, 0x7F, 0x90, 0xF1, 0x22, 0x80, 0xB0, 0x8B,
    0x00, 0x81, 0xD6, 0x70, 0x95, 0x49, 0xA3, 0x45, 0xE2, 0x68, 0xB6, 0xAF, 0xF3, 0xF4, 0xAE, 0x68,
    0x1E, 0x17, 0x99, 0x78, 0x88, 0x7E, 0x93, 0xB8, 0x40, 0xA0, 0xFB, 0x64, 0x0D, 0x60, 0xB5, 0xA3,
    0xC5, 0xC0, 0xFA, 0x5C, 0x38, 0x90, 0xBE, 0x77, 0x8B, 0xED, 0x01, 0xBB, 0x37, 0x15, 0x73, 0x32,
    0x59, 0x5B, 0x2C, 0x8B, 0xF7, 0x15, 0xB0, 0xFD, 0x24, 0x54, 0xBE, 0x37, 0xB0, 0x9C, 0x84, 0xFA,
    0x6C, 0x0B, 0xAC, 0x37, 0x6F, 0x93, 0x50, 0xA6, 0x08, 0x19, 0x00, 0x9E, 0xEB, 0x92, 0x50, 0x95,
    0xCD, 0xF5, 0x44, 0xA2, 0xD4, 0xC5, 0x7B, 0xDE, 0x6C, 0x59, 0x77, 0x2B, 0x29, 0xEC, 0x9A, 0xBC,
    0xB3, 0xD0, 0x73, 0x2C, 0xE8, 0xB5, 0xE4, 0x39, 0x16, 0x6E, 0x52, 0xB2, 0xDE, 0x3A, 0x4F, 0x11,
    0x05, 0x91, 0x23, 0x93, 0x20, 0xBE, 0x50, 0xEC, 0x97, 0x20, 0xBE, 0x5D, 0x74, 0x1B, 0x43, 0xC5,
    0x9F, 0x42, 0x70, 0x19, 0x4F, 0x74, 0xE2, 0x3D, 0x54, 0xC5, 0x43, 0x53, 0x3D, 0x98, 0xA1, 0xFA,
    0xA5, 0x2E, 0x2C, 0x74, 0x24, 0x8D, 0x90, 0x06, 0xD6, 0x83, 0x58, 0x0F, 0x75, 0xCF, 0x91, 0xFD,
    0x67, 0x60, 0xC3, 0x12, 0x22, 0x03, 0xEB, 0x20, 0xA2, 0xAE, 0x35, 0xB0, 0x92, 0xE2, 0x11, 0x0E,
    0x82, 0x44, 0x80, 0x77, 0x67, 0x4C, 0xC5, 0x49, 0x11, 0x21, 0xEC, 0xC5, 0x98, 0xFD, 0xA1, 0x0E,
    0x89, 0xC2, 0xB6, 0xD2, 0xD1, 0x02, 0xFB, 0xB9, 0x77, 0x59, 0x93, 0xDF, 0x13, 0xD8, 0xFA, 0x03,
    0xB3, 0xD8, 0x25, 0xBA, 0x91, 0xBF, 0xC9, 0x16, 0x9B, 0x40, 0x54, 0x25, 0x2C, 0x96, 0x23, 0xB5,
    0xA5, 0x1A, 0x16, 0x7B, 0x9A, 0x4F, 0x3D, 0x7E, 0x47, 0xCE, 0x93, 0xDB, 0x08, 0xBB, 0x6C, 0x87,
    0x6C, 0x12, 0x0C, 0x8D, 0x80, 0x45, 0x8E, 0x09, 0xE6, 0x47, 0xC0, 0x3E, 0x2A, 0xD6, 0x89, 0x41,
    0xD7, 0xDF, 0x5F, 0xDA, 0x78, 0xD1, 0xA5, 0x8D, 0x55, 0xD6, 0xA6, 0x8D, 0x51, 0x14, 0x6B, 0x2C,
    0xD6, 0x2F, 0x5A, 0x8B, 0xA5, 0x99, 0xC2, 0x5A, 0x6C, 0xD2, 0xCE, 0xB1, 0x7C, 0x82, 0xB1, 0x58,
    0xA4, 0x08, 0x8D, 0xF3, 0x84, 0xC0, 0xD4, 0xCC, 0xB1, 0xAA, 0xCB, 0x3C, 0xD5, 0x1F, 0xAC, 0xC5,
    0x7E, 0xE3, 0x03, 0x75, 0x9E, 0x82, 0xA6, 0xF5, 0x8A, 0xCF, 0xAD, 0x16, 0x00, 0x76, 0xC6, 0xD5,
    0x59, 0xF4, 0x2F, 0x86, 0xB1, 0xD2, 0xE8, 0xAC, 0x21, 0x57, 0x1C, 0xCD, 0x84, 0x7F, 0xAA, 0x8A,
    0xC5, 0x64, 0x82, 0x05, 0xAE, 0xC0, 0x9B, 0x3F, 0x06, 0x60, 0x9D, 0x5C, 0x04, 0xFE, 0xFC, 0x11,
    0x00, 0x3B, 0x56, 0x85, 0xEF, 0xD5, 0x8F, 0xA1, 0xE2, 0xA9, 0x79, 0x2A, 0xF3, 0xB2, 0xF4, 0x24,
    0x44, 0x1A, 0x6B, 0x22, 0x7C, 0x69, 0x31, 0xDE, 0xF4, 0x67, 0x56, 0x84, 0xB3, 0x65, 0x9C, 0x27,
    0x87, 0x34, 0x6C, 0xD4, 0xA3, 0xF8, 0x91, 0xE0, 0xF5, 0x4C, 0xE7, 0x6B, 0x04, 0xAC, 0xA7, 0xB6,
    0x4E, 0x8B, 0xA7, 0xD4, 0x02, 0xD5, 0x74, 0x3A, 0x85, 0x42, 0x11, 0xF6, 0xC0, 0x53, 0x4D, 0xAE,
    0xB6, 0x54, 0xE3, 0x95, 0xE1, 0xE7, 0x89, 0x5B, 0xCF, 0xB8, 0x6A, 0x4E, 0xC0, 0x16, 0x5A, 0x24,
    0xA5, 0xF5, 0xCA, 0x9C, 0x45, 0x39, 0x10, 0x4E, 0x15, 0xB1, 0x88, 0x84, 0xF8, 0x46, 0xC0, 0x22,
    0x67, 0x72, 0x1C, 0x88, 0x35, 0x03, 0x3B, 0x8B, 0x49, 0x2C, 0x31, 0x92, 0x6E, 0x1D, 0x8B, 0xE3,
    0x6E, 0xC9, 0xC0, 0x8E, 0x89, 0xA6, 0xDC, 0x97, 0xD9, 0x0E, 0xC3, 0x05, 0x6F, 0x7D, 0xD0, 0x75,
    0xAE, 0xA9, 0x08, 0x0D, 0xB0, 0xC4, 0x60, 0xF9, 0xAC, 0x5D, 0xC1, 0x9B, 0x77, 0x15, 0x16, 0xEB,
    0xF7, 0x17, 0xC6, 0xB7, 0x47, 0x3E, 0xBD, 0xC5, 0xBC, 0x0D, 0x13, 0xFC, 0x13, 0xC6, 0xE3, 0x4C,
    0xEB, 0x2F, 0x61, 0x8C, 0x94, 0x8C, 0x6B, 0x16, 0xF3, 0xF2, 0xAC, 0x2D, 0x52, 0x0F, 0x6B, 0x2E,
    0x0E, 0x81, 0x99, 0xAA, 0xDA, 0xC9, 0x75, 0x1C, 0x3B, 0x6E, 0xE0, 0xBF, 0x32, 0xB0, 0xB0, 0x1A,
    0x71, 0x94, 0xE1, 0xD6, 0xAC, 0x71, 0x7A, 0x87, 0x83, 0xBC, 0x07, 0xC6, 0xCF, 0x89, 0xCA, 0x62,
    0x3C, 0xEF, 0x30, 0x5E, 0x58, 0x8C, 0x6F, 0x12, 0xB0, 0x33, 0x8D, 0xB1, 0xD7, 0x61, 0xEC, 0xA9,
    0xCA, 0x62, 0xEC, 0x81, 0xAE, 0x34, 0xC6, 0x9E, 0xCA, 0x2C, 0xC6, 0x5E, 0xD3, 0x62, 0xEC, 0x55,
    0x2D, 0xC6, 0x5E, 0x31, 0xB0, 0x18, 0x7B, 0x45, 0x6E, 0x31, 0xF6, 0x7E, 0xD8, 0x62, 0xEC, 0x6B,
    0x9F, 0x11, 0x1E, 0x59, 0xB8, 0xE8, 0x30, 0x5E, 0x6F, 0x31, 0xAE, 0x3B, 0x8C, 0xB3, 0xDF, 0xA6,
    0xE8, 0x76, 0x6F, 0x97, 0x2A, 0x60, 0x34, 0x59, 0x0C, 0x2B, 0x3D, 0x2C, 0x8C, 0xBC, 0xCE, 0xD8,
    0x71, 0x32, 0x63, 0xC6, 0xC5, 0x17, 0xC0, 0x58, 0x55, 0x02, 0x61, 0x17, 0x82, 0x20, 0xFA, 0x9B,
    0x4B, 0x1D, 0x04, 0xD1, 0x78, 0x24, 0x52, 0xBB, 0x54, 0x39, 0x4D, 0x07, 0xA5, 0x26, 0xE8, 0x63,
    0xBC, 0xFC, 0xFE, 0xCE, 0xBE, 0xB2, 0xE8, 0x7C, 0x65, 0x69, 0x08, 0x3A, 0xD8, 0x84, 0x4A, 0x32,
    0x41, 0x47, 0x19, 0xFE, 0x33, 0x41, 0xA3, 0xD6, 0xFE, 0xFE, 0xF1, 0x95, 0xE7, 0x83, 0x16, 0x58,
    0xBD, 0xFB, 0x82, 0x81, 0x0D, 0xAB, 0x33, 0x06, 0x58, 0x0A, 0xE8, 0x2A, 0x03, 0xEC, 0x76, 0xC1,
    0xBB, 0xAB, 0x00, 0xEC, 0xCB, 0xA6, 0x5A, 0x8A, 0x80, 0xBD, 0x52, 0xE8, 0x5D, 0x47, 0x58, 0x1A,
    0x30, 0x27, 0x10, 0xB0, 0x61, 0xAA, 0x23, 0x26, 0x02, 0x36, 0x0C, 0x6E, 0x4C, 0x2C, 0xB0, 0x79,
    0xD3, 0x02, 0x5B, 0x47, 0x2D, 0xB0, 0x47, 0xDE, 0x0D, 0xD8, 0x83, 0xAC, 0xD9, 0x1A, 0x58, 0xA9,
    0xDB, 0x4F, 0x22, 0x06, 0xB7, 0x07, 0x2C, 0xB6, 0xA8, 0x7C, 0x0C, 0xEC, 0xFB, 0xB6, 0x58, 0xC9,
    0xC5, 0x2E, 0xB0, 0xD8, 0x40, 0xEF, 0x0B, 0x82, 0xC5, 0xF2, 0x96, 0x32, 0x5F, 0xC2, 0x62, 0xB5,
    0x49, 0xD6, 0xB0, 0x58, 0x13, 0x13, 0x03, 0x58, 0xDD, 0xEA, 0xCF, 0xDC, 0xFD, 0x44, 0x63, 0xD6,
    0x46, 0xB7, 0x6E, 0xD1, 0xB2, 0xB2, 0x59, 0x90, 0x15, 0x6B, 0x6B, 0x22, 0x90, 0x6D, 0x10, 0x14,
    0xAE, 0xB5, 0x41, 0xD0, 0x09, 0x1B, 0x77, 0x47, 0x22, 0x1E, 0x70, 0x05, 0x05, 0x01, 0x9B, 0x4E,
    0x42, 0xCE, 0x0A, 0x83, 0x95, 0x25, 0x05, 0x14, 0x34, 0x17, 0x12, 0xB0, 0xD7, 0xB1, 0x28, 0x4B,
    0x73, 0x3E, 0xB1, 0xF2, 0x9B, 0x46, 0x7F, 0x57, 0x58, 0x47, 0xA4, 0x4D, 0x5B, 0x68, 0xD1, 0x00,
    0x6B, 0x0B, 0xDE, 0xBC, 0x82, 0x2B, 0xAF, 0x30, 0xA0, 0xEE, 0x0C, 0xDA, 0xA1, 0x81, 0xAD, 0xC1,
    0xD8, 0x1A, 0xD8, 0xA4, 0x03, 0x76, 0xE9, 0x56, 0xAF, 0xC8, 0xED, 0xC2, 0x5E, 0x6B, 0x3E, 0x9C,
    0x36, 0xB3, 0x6C, 0x9D, 0x6F, 0x8A, 0x87, 0x0D, 0x5F, 0xF7, 0x96, 0x7D, 0xB8, 0x2C, 0xC5, 0x68,
    0x91, 0x5E, 0x87, 0xD0, 0x0B, 0x13, 0x5E, 0x05, 0xFB, 0x71, 0x58, 0xD3, 0x82, 0x02, 0x1F, 0x44,
    0xD9, 0x9C, 0xC3, 0x9D, 0xD5, 0x19, 0x42, 0xC5, 0x15, 0x46, 0xD6, 0xAD, 0x84, 0x5F, 0x72, 0x65,
    0x53, 0xCD, 0x75, 0x4D, 0x29, 0x5C, 0x4A, 0x20, 0x3F, 0x44, 0xA9, 0x91, 0x29, 0x85, 0x3A, 0xC0,
    0x23, 0x2F, 0xB5, 0x67, 0x6A, 0xB4, 0xA3, 0x0D, 0x18, 0xFB, 0xD5, 0x50, 0x28, 0x45, 0x6A, 0xE5,
    0x13, 0x64, 0x46, 0xFE, 0xFA, 0x31, 0x31, 0x74, 0x26, 0x7C, 0xB7, 0x80, 0x57, 0x81, 0x50, 0x1C,
    0xB5, 0xDC, 0xAE, 0x8F, 0xF4, 0x6A, 0x9B, 0xFA, 0x25, 0x4F, 0xBB, 0xDE, 0x3F, 0x81, 0x28, 0x0C,
    0x45, 0xF0, 0x24, 0x0F, 0x4F, 0x3B, 0xD0, 0xE6, 0x64, 0xDD, 0xF9, 0xAA, 0x18, 0x2C, 0xB0, 0x31,
    0x42, 0x44, 0xCD, 0xA0, 0x11, 0xD1, 0x85, 0x86, 0x77, 0xC5, 0xAD, 0x36, 0xB9, 0x88, 0xBD, 0xD9,
    0xC8, 0xC9, 0xD7, 0xC3, 0x27, 0xAB, 0x30, 0x25, 0xF0, 0x27, 0x91, 0x6A, 0xB0, 0x63, 0x30, 0x43,
    0xED, 0xBC, 0x4A, 0xC7, 0x57, 0x0A, 0xDE, 0x04, 0xE6, 0x96, 0x52, 0x78, 0x2F, 0xA2, 0xF3, 0x2B,
    0x66, 0x87, 0xA4, 0xA4, 0xC1, 0xD9, 0xD0, 0x5A, 0x04, 0x6B, 0xC6, 0x56, 0x52, 0xA9, 0x3D, 0x6B,
    0x6F, 0xA7, 0xFC, 0x80, 0x91, 0x3F, 0xE1, 0x15, 0x2F, 0x0C, 0xCC, 0xF9, 0x2B, 0x61, 0x96, 0x98,
    0x64, 0x0D, 0x12, 0x9D, 0xC1, 0x75, 0x23, 0xBF, 0x54, 0xDB, 0x38, 0x35, 0xB0, 0xAB, 0x77, 0xDD,
    0xDA, 0xD0, 0x8E, 0xC5, 0x21, 0xB2, 0xF3, 0x76, 0x75, 0xA8, 0xA7, 0x03, 0x41, 0x6F, 0xDD, 0xEF,
    0xE7, 0x76, 0xDD, 0x2F, 0xD8, 0x6C, 0x15, 0x80, 0x57, 0xA0, 0xFA, 0xEB, 0x7E, 0x83, 0xBD, 0xD7,
    0xFD, 0xBA, 0xC0, 0x1D, 0x9A, 0xBC, 0xD1, 0xAE, 0x77, 0x11, 0xDA, 0x27, 0x18, 0x3A, 0x9F, 0xFC,
    0x66, 0xBE, 0x45, 0x92, 0x7A, 0xA5, 0x5F, 0xAC, 0x4A, 0xFD, 0x1C, 0x19, 0x66, 0xEC, 0x0F, 0x11,
    0xE7, 0xD7, 0x36, 0x8A, 0x5A, 0x12, 0xA3, 0x6E, 0xF9, 0x2D, 0x1E, 0x76, 0x2B, 0x71, 0x1D, 0x84,
    0xC3, 0xF8, 0x13, 0x6D, 0xD9, 0x5A, 0x7C, 0x82, 0x57, 0xE2, 0xA8, 0x05, 0x61, 0x9C, 0x80, 0x93,
    0xC8, 0xB1, 0x21, 0x51, 0x65, 0xA8, 0x6C, 0x82, 0x97, 0xB2, 0xF2, 0x26, 0xF6, 0x51, 0xFA, 0x10,
    0x93, 0xCB, 0x12, 0x27, 0xB0, 0x98, 0xD5, 0x64, 0x65, 0xA8, 0x41, 0x1B, 0x24, 0x22, 0x7E, 0x80,
    0xEE, 0x44, 0x2A, 0x7D, 0x6C, 0xB9, 0x2D, 0x82, 0x3B, 0xD1, 0xA9, 0x5E, 0x3C, 0x6D, 0x35, 0x72,
    0xD4, 0x29, 0xEA, 0x54, 0x1A, 0x64, 0x79, 0x87, 0x23, 0xD9, 0x26, 0xA7, 0x27, 0x81, 0x7B, 0x31,
    0xC0, 0xB0, 0xFB, 0x45, 0x45, 0x97, 0xE5, 0x69, 0x2E, 0xB8, 0x08, 0x37, 0x3C, 0xC5, 0x9B, 0x51,
    0x12, 0x1A, 0x80, 0x4B, 0x00, 0x1A, 0xB1, 0x71, 0x48, 0xE7, 0x51, 0xEF, 0x53, 0xEC, 0xB8, 0xCA,
    0xE7, 0xBB, 0xD7, 0xFD, 0xF2, 0x5D, 0xEB, 0x7E, 0x8E, 0xDA, 0x6F, 0xDD, 0x6F, 0xEB, 0xEE, 0xB1,
    0x76, 0x4A, 0xC3, 0xA0, 0x59, 0x9B, 0xB8, 0x66, 0x62, 0x58, 0x9B, 0xDA, 0x1B, 0x1B, 0xD6, 0x0E,
    0x91, 0x6C, 0xD5, 0xAC, 0x7D, 0x8E, 0xB7, 0xBF, 0x81, 0xB5, 0x71, 0x0B, 0x1A, 0x49, 0xB0, 0x36,
    0x0F, 0x49, 0xFC, 0x8E, 0x7E, 0x56, 0x29, 0x2E, 0x1A, 0x3F, 0x8B, 0x1F, 0xA1, 0x59, 0xDB, 0x9B,
    0xB1, 0x85, 0x72, 0xFD, 0x6A, 0xC1, 0x01, 0xA9, 0x59, 0xF7, 0x0B, 0x15, 0x17, 0xA7, 0x0F, 0x2A,
    0x1D, 0x57, 0xBC, 0x43, 0x86, 0xC3, 0xF9, 0x52, 0xBB, 0x8A, 0x90, 0xF3, 0x38, 0x60, 0x3A, 0x0E,
    0x6E, 0xB0, 0x49, 0x63, 0x3A, 0x5E, 0xD1, 0x75, 0x89, 0x13, 0xBD, 0x2D, 0x9A, 0x77, 0xAB, 0x2E,
    0xEB, 0x54, 0xDB, 0x88, 0xA7, 0x63, 0xF6, 0xAB, 0x17, 0x3C, 0x1D, 0x07, 0xDD, 0x2A, 0x82, 0xAE,
    0x5F, 0xE5, 0xE9, 0xD8, 0x88, 0x98, 0x8E, 0x8D, 0x88, 0xE9, 0x38, 0x54, 0xF4, 0x08, 0xC5, 0x16,
    0xE0, 0xC1, 0x3F, 0x9E, 0x7F, 0xA4, 0x96, 0x87, 0xF2, 0x76, 0xBF, 0x20, 0xF4, 0x1F, 0x89, 0x49,
    0xDE, 0x56, 0xA6, 0xA7, 0x58, 0x02, 0xD6, 0xED, 0xF6, 0x0B, 0x3A, 0x3B, 0xF7, 0x0B, 0x7A, 0xEF,
    0x7D, 0xBF, 0xE0, 0x40, 0xD7, 0x12, 0x03, 0xD8, 0xFC, 0x97, 0x5B, 0xDF, 0xBF, 0x74, 0x41, 0x02,
    0xD8, 0x37, 0x0A, 0xF9, 0x78, 0x7C, 0x68, 0x44, 0xC0, 0xBA, 0x2F, 0xB1, 0x18, 0x13, 0xB0, 0x6E,
    0x1B, 0x24, 0x0D, 0xDD, 0x9B, 0x38, 0xF7, 0xDF, 0x36, 0x08, 0x58, 0xE7, 0x55, 0x7D, 0x02, 0x80,
    0xDD, 0x82, 0xF8, 0x60, 0x0D, 0x60, 0x75, 0xB9, 0x72, 0x09, 0x60, 0x97, 0x18, 0xF9, 0xF4, 0x43,
    0x5E, 0x1E, 0xBA, 0x71, 0xF7, 0x80, 0x75, 0x79, 0xC9, 0x9D, 0x81, 0xE5, 0x22, 0x8E, 0x10, 0xA9,
    0xAB, 0xCB, 0xED, 0xFE, 0xB1, 0xF0, 0x8F, 0x4D, 0xA1, 0x99, 0xCF, 0x0E, 0x34, 0x73, 0xCB, 0x95,
    0xD9, 0xF2, 0xE1, 0x76, 0xE7, 0x58, 0x2C, 0x22, 0x14, 0xC6, 0x51, 0xD3, 0x08, 0x58, 0x5D, 0x2F,
    0x53, 0x13, 0xB0, 0xDE, 0x82, 0xFC, 0xD9, 0xE8, 0xFA, 0x02, 0xC0, 0x6E, 0x2C, 0x67, 0xE2, 0xE0,
    0xF5, 0x5F, 0x00, 0xD8, 0x98, 0x54, 0xC2, 0xBD, 0xCE, 0x45, 0xAB, 0xB7, 0x89, 0xB2, 0x15, 0x4B,
    0x23, 0x2E, 0x3D, 0x7F, 0xAA, 0xE4, 0xE5, 0xA1, 0x78, 0x45, 0xA9, 0x2D, 0x12, 0x09, 0xD8, 0x38,
    0xD9, 0xFC, 0xA3, 0xBC, 0x64, 0x60, 0x63, 0xA2, 0x81, 0x80, 0x44, 0xB2, 0x58, 0x7B, 0x99, 0xEC,
    0x89, 0x43, 0x81, 0xBA, 0x1F, 0x55, 0x4A, 0x58, 0xAC, 0x11, 0x01, 0xEC, 0x48, 0x8B, 0xD8, 0x27,
    0x64, 0x44, 0x00, 0xBB, 0xA6, 0x45, 0xBA, 0xB8, 0x5E, 0x4B, 0x08, 0x96, 0x52, 0xD2, 0x50, 0xAE,
    0xAC, 0xF1, 0xCD, 0xDE, 0x86, 0x93, 0x5D, 0xB3, 0xC8, 0x85, 0x04, 0x5A, 0x84, 0x1B, 0xBF, 0x09,
    0x37, 0x34, 0x98, 0x61, 0x9A, 0xD8, 0xC4, 0xA6, 0xC9, 0x71, 0xEA, 0xCE, 0xCD, 0x14, 0x57, 0xF3,
    0x64, 0x8E, 0xEA, 0x68, 0x54, 0x95, 0x14, 0x9A, 0x93, 0x4D, 0xE1, 0x37, 0x97, 0x46, 0x07, 0x96,
    0xA1, 0xEF, 0x5B, 0xE3, 0x1D, 0xDF, 0xBE, 0xD9, 0x77, 0xD4, 0x9A, 0x69, 0xB5, 0xEF, 0x66, 0xDF,
    0xF1, 0x6F, 0x64, 0xBC, 0x3B, 0x96, 0x00, 0x7D, 0x1E, 0x25, 0x5E, 0x50, 0xE0, 0x5A, 0x36, 0x9D,
    0x9E, 0xD4, 0x09, 0x22, 0x60, 0xA4, 0x6B, 0x29, 0x38, 0x48, 0xF2, 0xBA, 0xFA, 0x29, 0xBF, 0xAB,
    0x9F, 0x0A, 0xBA, 0xAA, 0x56, 0x7D, 0x02, 0x07, 0x49, 0xBA, 0x88, 0x59, 0x1B, 0x2F, 0x76, 0x7F,
    0x1A, 0xE3, 0x75, 0xCE, 0xDF, 0x1B, 0xE3, 0x25, 0xB9, 0x4D, 0x63, 0xF5, 0x6B, 0xD5, 0x29, 0x82,
    0x7B, 0xE3, 0x6A, 0x6E, 0xE7, 0xE7, 0xF1, 0xFF, 0x7C, 0xF3, 0xEA, 0x83, 0xDA, 0xCB, 0xA1, 0x9B,
    0x1E, 0xFA, 0xE6, 0xD5, 0x43, 0x89, 0xBE, 0x57, 0xF8, 0x32, 0x0E, 0x7E, 0x4F, 0x13, 0x4D, 0x72,
    0x85, 0x0F, 0xF4, 0x2E, 0x96, 0xB9, 0x3E, 0x30, 0xDB, 0x5B, 0xF4, 0x01, 0x57, 0xCE, 0xFB, 0xF6,
    0x00, 0xE3, 0x19, 0x9E, 0xD1, 0x07, 0x07, 0xE1, 0x9C, 0x46, 0x8F, 0x9B, 0x03, 0xF8, 0xDE, 0xB1,
    0x3E, 0xF8, 0xD6, 0x41, 0x28, 0xCC, 0xC6, 0xE3, 0x6A, 0xFE, 0xCD, 0xAB, 0xA1, 0x3A, 0x08, 0xB7,
    0xA2, 0xFE, 0x9D, 0x66, 0x71, 0xE4, 0xC9, 0x44, 0xFD, 0xE0, 0x28, 0x16, 0x1E, 0x7D, 0xEC, 0x4D,
    0xDA, 0x70, 0xB1, 0x1D, 0x07, 0xC1, 0x0A, 0x39, 0xC2, 0x52, 0x54, 0x6E, 0xC9, 0x7B, 0x96, 0x3C,
    0x54, 0x6A, 0x61, 0x53, 0x8F, 0x57, 0x0C, 0x71, 0x50, 0xF2, 0x3E, 0x20, 0xAF, 0x38, 0x71, 0xDB,
    0x81, 0x34, 0x07, 0xC7, 0x04, 0xDF, 0x40, 0x1F, 0x84, 0x7A, 0xA1, 0xAE, 0xC6, 0x01, 0x3D, 0xE7,
    0x2C, 0xF5, 0xD0, 0xC5, 0x17, 0x88, 0xF8, 0xCD, 0xB7, 0x61, 0x17, 0xA1, 0xBA, 0x4C, 0xF8, 0x24,
    0x5F, 0x95, 0x48, 0xA8, 0xB9, 0x8D, 0x3F, 0xCF, 0x45, 0xFE, 0x45, 0x78, 0x4D, 0xB0, 0xA9, 0xB5,
    0x71, 0xBA, 0xFD, 0x45, 0x7C, 0x77, 0x03, 0xF5, 0x72, 0x78, 0xF2, 0x3F, 0xB3, 0xB7, 0xBF, 0x4B,
    0xCD, 0x8C, 0xA0, 0x7D, 0xCF, 0xBC, 0x5D, 0xBC, 0x79, 0x95, 0x54, 0x3B, 0xC1, 0x1A, 0x89, 0x7C,
    0x33, 0x7B, 0xEB, 0xCA, 0x77, 0x38, 0xB9, 0xE6, 0x5F, 0x7F, 0xF5, 0xB5, 0xEC, 0x3F, 0x5E, 0x9D,
    0xCD, 0x51, 0xC7, 0x37, 0xF8, 0xCE, 0x95, 0xAB, 0xE9, 0x48, 0xCA, 0x04, 0x07, 0x67, 0x83, 0x2F,
    0x7C, 0x57, 0xC4, 0x6B, 0x67, 0x82, 0x42, 0x29, 0xA7, 0xF2, 0xC3, 0x81, 0x18, 0x1E, 0x27, 0x55,
    0x51, 0x8A, 0x34, 0xE7, 0x93, 0xFC, 0xC5, 0x2A, 0x62, 0x9A, 0x2B, 0x50, 0x1F, 0xEF, 0x6F, 0x20,
    0x22, 0x59, 0xC0, 0xFB, 0xAC, 0xD8, 0xBA, 0x87, 0x83, 0xFA, 0x44, 0xBB, 0xB1, 0xE1, 0x30, 0x6F,
    0x83, 0xC5, 0x39, 0xE7, 0x38, 0x8A, 0x8F, 0x75, 0xAD, 0x1B, 0xDC, 0x95, 0xD3, 0xCE, 0x25, 0x3D,
    0x61, 0x90, 0xED, 0x82, 0x02, 0xB2, 0xA3, 0x52, 0xAB, 0xC4, 0xAF, 0x73, 0xF5, 0x0F, 0x9A, 0x11,
    0x48, 0x63, 0x79, 0x8F, 0x43, 0x75, 0xF7, 0x67, 0x74, 0x24, 0x06, 0xDC, 0x86, 0x49, 0x01, 0x31,
    0x8B, 0xA3, 0x4A, 0x90, 0x02, 0xD7, 0x5A, 0xB9, 0x73, 0x90, 0x82, 0xD6, 0xF5, 0xC7, 0xEE, 0xF8,
    0x1B, 0x00, 0xDC, 0xAA, 0x25, 0x05, 0x33, 0xA3, 0xB3, 0xF9, 0x2F, 0x3A, 0x52, 0x58, 0x74, 0x33,
    0xFA, 0xA2, 0xDD, 0x20, 0x1A, 0x98, 0xA8, 0x3A, 0x4F, 0xB9, 0xB9, 0x10, 0x1F, 0xA2, 0xBB, 0xAE,
    0xDF, 0x29, 0x29, 0xB8, 0x4D, 0x5B, 0x17, 0x10, 0xDE, 0x2A, 0x2C, 0x29, 0x0C, 0x39, 0xE8, 0xE5,
    0x35, 0x0B, 0xDE, 0x94, 0xA6, 0x33, 0x27, 0x31, 0x9C, 0x48, 0x9D, 0x39, 0x61, 0x02, 0xD1, 0x99,
    0x13, 0x16, 0x75, 0xE6, 0x24, 0x69, 0x33, 0x27, 0xFD, 0x6A, 0x59, 0x16, 0x35, 0x29, 0x40, 0x34,
    0xA4, 0x80, 0xB2, 0x78, 0x43, 0x0A, 0x28, 0xFD, 0x36, 0xA4, 0x40, 0xCD, 0xB9, 0x7F, 0x5C, 0xB5,
    0x87, 0x89, 0xC2, 0x9C, 0xE7, 0x33, 0x00, 0xAB, 0xE7, 0x16, 0x09, 0x60, 0x1F, 0x75, 0x51, 0x97,
    0xF1, 0xF4, 0x1D, 0x01, 0x1B, 0x71, 0x9D, 0x74, 0x89, 0x35, 0x8B, 0x4D, 0xB8, 0x5F, 0xBF, 0xDC,
    0x20, 0x60, 0x3D, 0x64, 0xD2, 0x60, 0xAA, 0xD5, 0x34, 0x84, 0x67, 0xFE, 0x98, 0xF0, 0xB2, 0x69,
    0xF5, 0x60, 0x40, 0x2A, 0x73, 0x32, 0x3A, 0x55, 0x8C, 0xE4, 0x23, 0xA1, 0xBC, 0x28, 0x1E, 0x4F,
    0x2E, 0x17, 0xB1, 0x7C, 0x64, 0x20, 0xCF, 0x88, 0x33, 0x2C, 0x3E, 0x18, 0x96, 0x17, 0xC5, 0x13,
    0xC9, 0xB7, 0x49, 0x0C, 0x1D, 0xBA, 0x2C, 0x7E, 0xC0, 0xCB, 0x62, 0xE9, 0xA3, 0xC0, 0xFC, 0x98,
    0x08, 0x08, 0x58, 0xB7, 0x42, 0xD9, 0x32, 0x59, 0x3D, 0x01, 0x3B, 0x9E, 0x43, 0x27, 0x2B, 0x00,
    0xFB, 0x40, 0xAA, 0x0B, 0x49, 0x08, 0x58, 0xBB, 0x86, 0x45, 0xFD, 0xF8, 0xD6, 0x5F, 0x90, 0xF4,
    0x07, 0x3F, 0x02, 0xB0, 0xAF, 0x60, 0x0D, 0xEB, 0xDF, 0xFF, 0x1A, 0xAE, 0x1A, 0x6F, 0x7D, 0x78,
    0xE5, 0x09, 0x00, 0x8B, 0xA2, 0x4B, 0xF1, 0x27, 0x47, 0x6E, 0x5B, 0x3E, 0x06, 0x58, 0x06, 0x58,
    0x16, 0x3F, 0x00, 0x57, 0xED, 0x70, 0xDA, 0xEE, 0x61, 0xC0, 0x2E, 0x69, 0x06, 0xB6, 0xE4, 0x27,
    0x33, 0xB0, 0xA9, 0x5E, 0xD6, 0x16, 0xF6, 0xC9, 0x1A, 0xD8, 0x88, 0xA8, 0xC8, 0x34, 0x67, 0x49,
    0x5E, 0xD2, 0x4B, 0xA1, 0xC1, 0xBA, 0x87, 0x28, 0x18, 0xED, 0x58, 0xC2, 0x9A, 0xEA, 0x69, 0x5D,
    0x9A, 0x54, 0xEB, 0xCD, 0xFE, 0xA0, 0xFA, 0xD9, 0xB8, 0xF4, 0x75, 0xE0, 0x19, 0x89, 0x07, 0xD6,
    0xCD, 0x1E, 0x06, 0xD0, 0xA5, 0x5F, 0x0C, 0x4D, 0xDA, 0x9D, 0xCE, 0x6C, 0x83, 0x62, 0xB7, 0x9F,
    0xC4, 0xEE, 0x32, 0xD7, 0x55, 0xB5, 0xD7, 0x6E, 0x05, 0x53, 0xDF, 0xFE, 0x68, 0x57, 0xDF, 0xBE,
    0xE2, 0xEE, 0x55, 0xDF, 0xEE, 0x9C, 0xDF, 0xCF, 0x78, 0x47, 0xD5, 0x5E, 0x95, 0x3C, 0xD3, 0x2E,
    0x7B, 0xDE, 0x6F, 0xCE, 0xD0, 0x4E, 0xF9, 0xD6, 0x62, 0xD1, 0x74, 0xFE, 0xBA, 0x2A, 0x0E, 0x63,
    0xE1, 0xAA, 0x99, 0xD9, 0xFF, 0xB6, 0xBA, 0x00, 0x3B, 0x8D, 0xAF, 0xBC, 0x13, 0xB0, 0xEF, 0xB6,
    0xA5, 0xFB, 0x43, 0x59, 0x3E, 0x86, 0x91, 0xDD, 0x60, 0xFF, 0x2C, 0x54, 0x68, 0x47, 0x06, 0x8B,
    0x1D, 0xC3, 0x61, 0x38, 0x5A, 0xC1, 0x62, 0xF5, 0xA8, 0x4D, 0xDF, 0x69, 0x75, 0xE2, 0xB4, 0x38,
    0xAE, 0xA3, 0xE6, 0x67, 0xF8, 0x8B, 0x99, 0xCE, 0x80, 0x8A, 0x2F, 0xD1, 0x74, 0x94, 0xB8, 0xF0,
    0xC1, 0x45, 0x74, 0x8D, 0xBC, 0xB6, 0x6B, 0x33, 0x50, 0x31, 0x92, 0x1E, 0xC8, 0x6B, 0x80, 0x8A,
    0x21, 0x6A, 0x2A, 0xC6, 0x82, 0x1C, 0x2A, 0x7B, 0xB0, 0x50, 0x71, 0xA5, 0x16, 0x97, 0x42, 0x5E,
    0x33, 0x46, 0x22, 0xAA, 0xD2, 0xAB, 0x8C, 0x66, 0xB5, 0x1F, 0x54, 0x7C, 0xC0, 0xD4, 0x35, 0xED,
    0x2E, 0xD1, 0xF2, 0x55, 0x5B, 0xF0, 0xC1, 0xB8, 0x99, 0xFA, 0x76, 0xFE, 0x3E, 0x28, 0x53, 0xDF,
    0xBE, 0xE8, 0xD5, 0xB7, 0x1B, 0x2A, 0xF6, 0xBA, 0xFA, 0x76, 0xED, 0xCB, 0x31, 0xB0, 0xCE, 0x0E,
    0x60, 0x5B, 0x2A, 0x5E, 0x3A, 0xFF, 0x11, 0x2B, 0xAA, 0xD4, 0x1E, 0xF4, 0x8E, 0x2F, 0x61, 0xD8,
    0x6F, 0x8E, 0xBD, 0xCB, 0x8E, 0xF7, 0xBB, 0xD6, 0xDE, 0xF1, 0x16, 0x31, 0x06, 0x56, 0x7B, 0xDB,
    0x0C, 0x6C, 0x42, 0x01, 0xA9, 0x29, 0x83, 0x3E, 0xCB, 0x1B, 0xAE, 0x18, 0xD8, 0x23, 0x9C, 0x34,
    0xFB, 0xB8, 0x5A, 0xF6, 0xFE, 0x05, 0x56, 0x23, 0xC4, 0xC0, 0x9E, 0x35, 0x1B, 0xE5, 0x86, 0x16,
    0xCD, 0xDD, 0x11, 0x95, 0x46, 0xFE, 0xE3, 0x6A, 0xD9, 0x0E, 0x58, 0xED, 0x57, 0x6B, 0xE7, 0x09,
    0x44, 0xAA, 0x66, 0xBC, 0x9E, 0xC8, 0xDF, 0xAE, 0x50, 0x11, 0xB0, 0xCE, 0xB6, 0x1A, 0x89, 0x6D,
    0xB5, 0x81, 0x74, 0xC8, 0xCB, 0x6A, 0xE8, 0xFE, 0x4C, 0x0D, 0x09, 0x58, 0xEF, 0xC5, 0x79, 0xE8,
    0x5D, 0x5E, 0x84, 0x04, 0x2C, 0x7C, 0x2B, 0xF6, 0xAF, 0xE2, 0x1D, 0xE2, 0x4C, 0x0C, 0x29, 0x80,
    0x1A, 0x92, 0xC8, 0xAC, 0x5E, 0xD1, 0x0F, 0x01, 0x7B, 0x89, 0x38, 0x1D, 0x3F, 0x04, 0x6C, 0xC4,
    0x1B, 0x4B, 0xB9, 0xF6, 0xCE, 0xB4, 0xE1, 0x1E, 0xD4, 0xDE, 0xF1, 0x04, 0xA8, 0x81, 0xCD, 0xBB,
    0x50, 0xF9, 0x5E, 0x00, 0xFB, 0xFF,
};

static const EpdGlyph ebgaramond_20_boldGlyphs[] = {
    { 0, 0, 0, 0, 0, 0, 0 }, // U+0000
    { 0, 0, 0, 0, 0, 0, 0 }, // U+0001
    { 0, 0, 0, 0, 0, 0, 0 }, // U+0002
    { 0, 0, 0, 0, 0, 0, 0 }, // U+0003
    { 0, 0, 0, 0, 0, 0, 0 }, // U+0004
    { 0, 0, 0, 0, 0, 0, 0 }, // U+0005
    { 0, 0, 0, 0, 0, 0, 0 }, // U+0006
    { 0, 0, 0, 0, 0, 0, 0 }, // U+0007
    { 0, 0, 0, 0, 0, 0, 0 }, // U+0008
    { 0, 0, 0, 0, 0, 0, 0 }, // U+0009
    { 0, 0, 0, 0, 0, 0, 0 }, // U+000A
    { 0, 0, 0, 0, 0, 0, 0 }, // U+000B
    { 0, 0, 0, 0, 0, 0, 0 }, // U+000C
    { 0, 0, 0, 0, 0, 0, 0 }, // U+000D
    { 0, 0, 0, 0, 0, 0, 0 }, // U+000E
    { 0, 0, 0, 0, 0, 0, 0 }, // U+000F
    { 0, 0, 0, 0, 0, 0, 0 }, // U+0010
    { 0, 0, 0, 0, 0, 0, 0 }, // U+0011
    { 0, 0, 0, 0, 0, 0, 0 }, // U+0012
    { 0, 0, 0, 0, 0, 0, 0 }, // U+0013
    { 0, 0, 0, 0, 0, 0, 0 }, // U+0014
    { 0, 0, 0, 0, 0, 0, 0 }, // U+0015
    { 0, 0, 0, 0, 0, 0, 0 }, // U+0016
    { 0, 0, 0, 0, 0, 0, 0 }, // U+0017
    { 0, 0, 0, 0, 0, 0, 0 }, // U+0018
    { 0, 0, 0, 0, 0, 0, 0 }, // U+0019
    { 0, 0, 0, 0, 0, 0, 0 }, // U+001A
    { 0, 0, 0, 0, 0, 0, 0 }, // U+001B
    { 0, 0, 0, 0, 0, 0, 0 }, // U+001C
    { 0, 0, 0, 0, 0, 0, 0 }, // U+001D
    { 0, 0, 0, 0, 0, 0, 0 }, // U+001E
    { 0, 0, 0, 0, 0, 0, 0 }, // U+001F
    { 0, 0, 158, 0, 0, 0, 0 }, // U+0020
    { 8, 29, 193, 2, 28, 58, 0 }, // !
    { 12, 12, 265, 2, 29, 36, 58 }, // "
    { 20, 28, 323, 0, 24, 140, 94 }, // #
    { 18, 34, 307, 0, 30, 153, 234 }, // $
    { 28, 30, 468, 1, 28, 210, 387 }, // %
    { 32, 26, 533, 1, 25, 208, 597 }, // &
    { 6, 12, 158, 2, 29, 18, 805 }, // '
    { 11, 39, 203, 1, 30, 108, 823 }, // (
    { 12, 39, 203, 0, 30, 117, 931 }, // )
    { 14, 15, 238, 0, 29, 53, 1048 }, // *
    { 23, 23, 401, 1, 22, 133, 1101 }, // +
    { 9, 12, 165, 0, 5, 27, 1234 }, // ,
    { 12, 6, 211, 1, 12, 18, 1261 }, // -
    { 8, 8, 165, 1, 6, 16, 1279 }, // .
    { 17, 31, 271, 0, 28, 132, 1295 }, // /
    { 21, 28, 389, 2, 27, 147, 1427 }, // 0
    { 15, 28, 264, 1, 27, 105, 1574 }, // 1
    { 20, 28, 352, 1, 27, 140, 1679 }, // 2
    { 18, 29, 313, 1, 27, 131, 1819 }, // 3
    { 23, 28, 377, 0, 27, 161, 1950 }, // 4
    { 16, 29, 300, 1, 27, 116, 2111 }, // 5
    { 19, 28, 349, 1, 27, 133, 2227 }, // 6
    { 21, 29, 364, 1, 27, 153, 2360 }, // 7
    { 19, 28, 367, 2, 27, 133, 2513 }, // 8
    { 21, 30, 361, 1, 27, 158, 2646 }, // 9
    { 7, 20, 188, 2, 18, 35, 2804 }, // :
    { 9, 25, 165, 0, 18, 57, 2839 }, // ;
    { 20, 21, 361, 1, 20, 105, 2896 }, // <
    { 24, 11, 419, 1, 16, 66, 3001 }, // =
    { 20, 21, 361, 1, 20, 105, 3067 }, // >
    { 13, 29, 263, 2, 28, 95, 3172 }, // ?
    { 31, 30, 521, 1, 23, 233, 3267 }, // @
    { 32, 30, 480, -1, 29, 240, 3500 }, // A
    { 25, 29, 417, 0, 28, 182, 3740 }, // B
    { 27, 29, 473, 1, 28, 196, 3922 }, // C
    { 31, 29, 511, 0, 28, 225, 4118 }, // D
    { 24, 29, 383, 0, 28, 174, 4343 }, // E
    { 22, 29, 364, 0, 28, 160, 4517 }, // F
    { 28, 29, 479, 1, 28, 203, 4677 }, // G
    { 33, 29, 534, 0, 28, 240, 4880 }, // H
    { 15, 29, 243, 0, 28, 109, 5120 }, // I
    { 20, 37, 247, -4, 28, 185, 5229 }, // J
    { 33, 29, 509, 0, 28, 240, 5414 }, // K
    { 25, 29, 391, 0, 28, 182, 5654 }, // L
    { 38, 29, 611, 0, 28, 276, 5836 }, // M
    { 34, 29, 539, 0, 28, 247, 6112 }, // N
    { 30, 29, 507, 1, 28, 218, 6359 }, // O
    { 25, 29, 405, 0, 28, 182, 6577 }, // P
    { 36, 39, 507, 1, 28, 351, 6759 }, // Q
    { 32, 29, 507, 0, 28, 232, 7110 }, // R
    { 20, 29, 329, 0, 28, 145, 7342 }, // S
    { 30, 31, 463, 0, 30, 233, 7487 }, // T
    { 31, 29, 497, 0, 28, 225, 7720 }, // U
    { 30, 29, 471, 0, 28, 218, 7945 }, // V
    { 43, 29, 680, 0, 28, 312, 8163 }, // W
    { 33, 29, 500, -1, 28, 240, 8475 }, // X
    { 29, 29, 436, 0, 28, 211, 8715 }, // Y
    { 25, 30, 397, 0, 29, 188, 8926 }, // Z
    { 11, 39, 237, 4, 30, 108, 9114 }, // [
    { 17, 31, 271, 0, 28, 132, 9222 }, // <backslash>
    { 11, 39, 237, 0, 30, 108, 9354 }, // ]
    { 20, 16, 343, 1, 26, 80, 9462 }, // ^
    { 25, 3, 393, 0, -5, 19, 9542 }, // _
    { 8, 10, 158, 1, 28, 20, 9561 }, // `
    { 18, 19, 292, 1, 18, 86, 9581 }, // a
    { 22, 31, 361, 0, 30, 171, 9667 }, // b
    { 16, 19, 274, 1, 18, 76, 9838 }, // c
    { 22, 31, 369, 1, 30, 171, 9914 }, // d
    { 17, 19, 278, 0, 18, 81, 10085 }, // e
    { 20, 31, 240, 0, 30, 155, 10166 }, // f
    { 22, 32, 333, 0, 19, 176, 10321 }, // g
    { 23, 31, 373, 0, 30, 179, 10497 }, // h
    { 12, 29, 197, 0, 28, 87, 10676 }, // i
    { 11, 40, 177, -2, 28, 110, 10763 }, // j
    { 24, 31, 364, 0, 30, 186, 10873 }, // k
    { 12, 31, 190, 0, 30, 93, 11059 }, // l
    { 33, 20, 538, 0, 19, 165, 11152 }, // m
    { 23, 20, 377, 0, 19, 115, 11317 }, // n
    { 19, 20, 335, 1, 19, 95, 11432 }, // o
    { 22, 30, 367, 0, 19, 165, 11527 }, // p
    { 23, 31, 357, 0, 19, 179, 11692 }, // q
    { 18, 20, 276, 0, 19, 90, 11871 }, // r
    { 13, 20, 240, 1, 19, 65, 11961 }, // s
    { 15, 23, 250, 1, 22, 87, 12026 }, // t
    { 23, 20, 367, 0, 19, 115, 12113 }, // u
    { 21, 19, 322, 0, 18, 100, 12228 }, // v
    { 32, 20, 501, 0, 18, 160, 12328 }, // w
    { 21, 19, 337, 0, 18, 100, 12488 }, // x
    { 21, 30, 321, 0, 18, 158, 12588 }, // y
    { 18, 20, 291, 0, 19, 90, 12746 }, // z
    { 15, 37, 249, 1, 30, 139, 12836 }, // {
    { 5, 43, 184, 3, 30, 54, 12975 }, // |
    { 14, 37, 249, 0, 30, 130, 13029 }, // }
    { 21, 7, 363, 1, 17, 37, 13159 }, // ~
    { 0, 0, 0, 0, 0, 0, 13196 }, // U+007F
    { 0, 0, 0, 0, 0, 0, 0 }, // U+0080
    { 0, 0, 0, 0, 0, 0, 0 }, // U+0081
    { 0, 0, 0, 0, 0, 0, 0 }, // U+0082
    { 0, 0, 0, 0, 0, 0, 0 }, // U+0083
    { 0, 0, 0, 0, 0, 0, 0 }, // U+0084
    { 0, 0, 0, 0, 0, 0, 0 }, // U+0085
    { 0, 0, 0, 0, 0, 0, 0 }, // U+0086
    { 0, 0, 0, 0, 0, 0, 0 }, // U+0087
    { 0, 0, 0, 0, 0, 0, 0 }, // U+0088
    { 0, 0, 0, 0, 0, 0, 0 }, // U+0089
    { 0, 0, 0, 0, 0, 0, 0 }, // U+008A
    { 0, 0, 0, 0, 0, 0, 0 }, // U+008B
    { 0, 0, 0, 0, 0, 0, 0 }, // U+008C
    { 0, 0, 0, 0, 0, 0, 0 }, // U+008D
    { 0, 0, 0, 0, 0, 0, 0 }, // U+008E
    { 0, 0, 0, 0, 0, 0, 0 }, // U+008F
    { 0, 0, 0, 0, 0, 0, 0 }, // U+0090
    { 0, 0, 0, 0, 0, 0, 0 }, // U+0091
    { 0, 0, 0, 0, 0, 0, 0 }, // U+0092
    { 0, 0, 0, 0, 0, 0, 0 }, // U+0093
    { 0, 0, 0, 0, 0, 0, 0 }, // U+0094
    { 0, 0, 0, 0, 0, 0, 0 }, // U+0095
    { 0, 0, 0, 0, 0, 0, 0 }, // U+0096
    { 0, 0, 0, 0, 0, 0, 0 }, // U+0097
    { 0, 0, 0, 0, 0, 0, 0 }, // U+0098
    { 0, 0, 0, 0, 0, 0, 0 }, // U+0099
    { 0, 0, 0, 0, 0, 0, 0 }, // U+009A
    { 0, 0, 0, 0, 0, 0, 0 }, // U+009B
    { 0, 0, 0, 0, 0, 0, 0 }, // U+009C
    { 0, 0, 0, 0, 0, 0, 0 }, // U+009D
    { 0, 0, 0, 0, 0, 0, 0 }, // U+009E
    { 0, 0, 0, 0, 0, 0, 0 }, // U+009F
    { 0, 0, 158, 0, 0, 0, 0 }, // U+00A0
    { 8, 29, 193, 2, 21, 58, 0 }, // U+00A1
    { 17, 27, 289, 1, 23, 115, 58 }, // U+00A2
    { 25, 29, 379, -1, 27, 182, 173 }, // U+00A3
    { 20, 20, 339, 1, 21, 100, 355 }, // U+00A4
    { 29, 29, 435, 0, 28, 211, 455 }, // U+00A5
    { 6, 43, 185, 3, 30, 65, 666 }, // U+00A6
    { 17, 34, 295, 1, 27, 145, 731 }, // U+00A7
    { 15, 7, 237, 0, 27, 27, 876 }, // U+00A8
    { 27, 27, 454, 1, 27, 183, 903 }, // U+00A9
    { 13, 18, 233, 1, 24, 59, 1086 }, // U+00AA
    { 21, 18, 389, 2, 18, 95, 1145 }, // U+00AB
    { 23, 16, 414, 1, 17, 92, 1240 }, // U+00AC
    { 0, 0, 0, 0, 0, 0, 1332 }, // U+00AD
    { 27, 27, 457, 1, 27, 183, 1332 }, // U+00AE
    { 14, 4, 237, 0, 25, 14, 1515 }, // U+00AF
    { 13, 13, 231, 1, 28, 43, 1529 }, // U+00B0
    { 23, 26, 400, 1, 27, 150, 1572 }, // U+00B1
    { 13, 15, 227, 1, 33, 49, 1722 }, // U+00B2
    { 10, 15, 197, 1, 33, 38, 1771 }, // U+00B3
    { 8, 10, 158, 1, 28, 20, 1809 }, // U+00B4
    { 22, 30, 373, 2, 18, 165, 1829 }, // U+00B5
    { 26, 40, 419, 0, 27, 260, 1994 }, // U+00B6
    { 8, 8, 170, 1, 13, 16, 2254 }, // U+00B7
    { 8, 13, 183, 2, 1, 26, 2270 }, // U+00B8
    { 9, 15, 166, 1, 33, 34, 2296 }, // U+00B9
    { 15, 18, 218, 0, 24, 68, 2330 }, // U+00BA
    { 22, 18, 389, 1, 18, 99, 2398 }, // U+00BB
    { 26, 29, 430, 1, 28, 189, 2497 }, // U+00BC
    { 28, 29, 479, 1, 28, 203, 2686 }, // U+00BD
    { 26, 29, 440, 1, 28, 189, 2889 }, // U+00BE
    { 13, 29, 263, 2, 21, 95, 3078 }, // U+00BF
    { 32, 37, 480, -1, 36, 296, 3173 }, // U+00C0
    { 32, 37, 480, -1, 36, 296, 3469 }, // U+00C1
    { 32, 37, 480, -1, 36, 296, 3765 }, // U+00C2
    { 32, 37, 480, -1, 36, 296, 4061 }, // U+00C3
    { 32, 36, 480, -1, 35, 288, 4357 }, // U+00C4
    { 32, 37, 480, -1, 36, 296, 4645 }, // U+00C5
    { 39, 29, 606, -1, 28, 283, 4941 }, // U+00C6
    { 27, 40, 473, 1, 28, 270, 5224 }, // U+00C7
    { 24, 37, 383, 0, 36, 222, 5494 }, // U+00C8
    { 24, 37, 383, 0, 36, 222, 5716 }, // U+00C9
    { 24, 37, 383, 0, 36, 222, 5938 }, // U+00CA
    { 24, 36, 383, 0, 35, 216, 6160 }, // U+00CB
    { 15, 37, 243, 0, 36, 139, 6376 }, // U+00CC
    { 15, 37, 243, 0, 36, 139, 6515 }, // U+00CD
    { 15, 37, 243, 0, 36, 139, 6654 }, // U+00CE
    { 15, 36, 243, 0, 35, 135, 6793 }, // U+00CF
    { 31, 29, 511, 0, 28, 225, 6928 }, // U+00D0
    { 34, 37, 539, 0, 36, 315, 7153 }, // U+00D1
    { 30, 37, 507, 1, 36, 278, 7468 }, // U+00D2
    { 30, 37, 507, 1, 36, 278, 7746 }, // U+00D3
    { 30, 37, 507, 1, 36, 278, 8024 }, // U+00D4
    { 30, 37, 507, 1, 36, 278, 8302 }, // U+00D5
    { 30, 36, 507, 1, 35, 270, 8580 }, // U+00D6
    { 17, 17, 359, 3, 19, 73, 8850 }, // U+00D7
    { 30, 29, 508, 1, 28, 218, 8923 }, // U+00D8
    { 31, 37, 497, 0, 36, 287, 9141 }, // U+00D9
    { 31, 37, 497, 0, 36, 287, 9428 }, // U+00DA
    { 31, 37, 497, 0, 36, 287, 9715 }, // U+00DB
    { 31, 36, 497, 0, 35, 279, 10002 }, // U+00DC
    { 29, 37, 436, 0, 36, 269, 10281 }, // U+00DD
    { 24, 29, 393, 0, 28, 174, 10550 }, // U+00DE
    { 24, 31, 387, 0, 30, 186, 10724 }, // U+00DF
    { 18, 29, 292, 1, 28, 131, 10910 }, // U+00E0
    { 18, 29, 292, 1, 28, 131, 11041 }, // U+00E1
    { 18, 29, 292, 1, 28, 131, 11172 }, // U+00E2
    { 18, 28, 292, 1, 27, 126, 11303 }, // U+00E3
    { 18, 28, 292, 1, 27, 126, 11429 }, // U+00E4
    { 18, 30, 292, 1, 29, 135, 11555 }, // U+00E5
    { 24, 20, 415, 1, 19, 120, 11690 }, // U+00E6
    { 16, 30, 274, 1, 18, 120, 11810 }, // U+00E7
    { 17, 29, 278, 0, 28, 124, 11930 }, // U+00E8
    { 17, 29, 278, 0, 28, 124, 12054 }, // U+00E9
    { 17, 29, 278, 0, 28, 124, 12178 }, // U+00EA
    { 17, 28, 278, 0, 27, 119, 12302 }, // U+00EB
    { 12, 29, 197, 0, 28, 87, 12421 }, // U+00EC
    { 12, 29, 197, 0, 28, 87, 12508 }, // U+00ED
    { 12, 29, 197, 0, 28, 87, 12595 }, // U+00EE
    { 16, 28, 197, -2, 27, 112, 12682 }, // U+00EF
    { 21, 31, 343, 0, 30, 163, 12794 }, // U+00F0
    { 23, 28, 377, 0, 27, 161, 12957 }, // U+00F1
    { 19, 29, 335, 1, 28, 138, 13118 }, // U+00F2
    { 19, 29, 335, 1, 28, 138, 13256 }, // U+00F3
    { 19, 29, 335, 1, 28, 138, 13394 }, // U+00F4
    { 19, 28, 335, 1, 27, 133, 13532 }, // U+00F5
    { 19, 28, 335, 1, 27, 133, 13665 }, // U+00F6
    { 23, 19, 400, 1, 21, 110, 13798 }, // U+00F7
    { 20, 20, 334, 0, 19, 100, 13908 }, // U+00F8
    { 23, 29, 367, 0, 28, 167, 14008 }, // U+00F9
    { 23, 29, 367, 0, 28, 167, 14175 }, // U+00FA
    { 23, 29, 367, 0, 28, 167, 14342 }, // U+00FB
    { 23, 28, 367, 0, 27, 161, 14509 }, // U+00FC
    { 21, 40, 321, 0, 28, 210, 14670 }, // U+00FD
    { 22, 41, 365, 0, 30, 226, 14880 }, // U+00FE
    { 21, 39, 321, 0, 27, 205, 15106 }, // U+00FF
    { 32, 35, 480, -1, 34, 280, 0 }, // U+0100
    { 18, 26, 292, 1, 25, 117, 280 }, // U+0101
    { 32, 36, 480, -1, 35, 288, 397 }, // U+0102
    { 18, 27, 292, 1, 26, 122, 685 }, // U+0103
    { 32, 41, 480, -1, 29, 328, 807 }, // U+0104
    { 18, 30, 292, 1, 18, 135, 1135 }, // U+0105
    { 27, 37, 473, 1, 36, 250, 1270 }, // U+0106
    { 16, 29, 274, 1, 28, 116, 1520 }, // U+0107
    { 27, 37, 473, 1, 36, 250, 1636 }, // U+0108
    { 16, 29, 274, 1, 28, 116, 1886 }, // U+0109
    { 27, 37, 473, 1, 36, 250, 2002 }, // U+010A
    { 16, 29, 274, 1, 28, 116, 2252 }, // U+010B
    { 27, 37, 473, 1, 36, 250, 2368 }, // U+010C
    { 16, 29, 274, 1, 28, 116, 2618 }, // U+010D
    { 31, 37, 511, 0, 36, 287, 2734 }, // U+010E
    { 26, 31, 385, 1, 30, 202, 3021 }, // U+010F
    { 31, 29, 511, 0, 28, 225, 3223 }, // U+0110
    { 22, 31, 369, 1, 30, 171, 3448 }, // U+0111
    { 24, 35, 383, 0, 34, 210, 3619 }, // U+0112
    { 17, 26, 278, 0, 25, 111, 3829 }, // U+0113
    { 24, 36, 383, 0, 35, 216, 3940 }, // U+0114
    { 17, 27, 278, 0, 26, 115, 4156 }, // U+0115
    { 24, 37, 383, 0, 36, 222, 4271 }, // U+0116
    { 17, 29, 278, 0, 28, 124, 4493 }, // U+0117
    { 24, 40, 377, 0, 28, 240, 4617 }, // U+0118
    { 17, 31, 277, 0, 19, 132, 4857 }, // U+0119
    { 24, 37, 383, 0, 36, 222, 4989 }, // U+011A
    { 17, 29, 278, 0, 28, 124, 5211 }, // U+011B
    { 28, 37, 479, 1, 36, 259, 5335 }, // U+011C
    { 22, 41, 333, 0, 28, 226, 5594 }, // U+011D
    { 28, 36, 479, 1, 35, 252, 5820 }, // U+011E
    { 22, 39, 333, 0, 26, 215, 6072 }, // U+011F
    { 28, 37, 479, 1, 36, 259, 6287 }, // U+0120
    { 22, 41, 333, 0, 28, 226, 6546 }, // U+0121
    { 28, 41, 479, 1, 28, 287, 6772 }, // U+0122
    { 22, 43, 333, 0, 30, 237, 7059 }, // U+0123
    { 33, 37, 534, 0, 36, 306, 7296 }, // U+0124
    { 24, 38, 373, -1, 37, 228, 7602 }, // U+0125
    { 33, 29, 534, 0, 28, 240, 7830 }, // U+0126
    { 23, 31, 375, 0, 30, 179, 8070 }, // U+0127
    { 15, 37, 243, 0, 36, 139, 8249 }, // U+0128
    { 14, 28, 197, -1, 27, 98, 8388 }, // U+0129
    { 15, 35, 243, 0, 34, 132, 8486 }, // U+012A
    { 14, 26, 197, -1, 25, 91, 8618 }, // U+012B
    { 15, 36, 243, 0, 35, 135, 8709 }, // U+012C
    { 12, 27, 197, 0, 26, 81, 8844 }, // U+012D
    { 15, 40, 243, 0, 28, 150, 8925 }, // U+012E
    { 12, 40, 197, 0, 28, 120, 9075 }, // U+012F
    { 15, 37, 243, 0, 36, 139, 9195 }, // U+0130
    { 12, 20, 197, 0, 19, 60, 9334 }, // U+0131
    { 31, 37, 489, 0, 28, 287, 9394 }, // U+0132
    { 21, 40, 365, 0, 28, 210, 9681 }, // U+0133
    { 20, 45, 247, -4, 36, 225, 9891 }, // U+0134
    { 13, 40, 177, -2, 28, 130, 10116 }, // U+0135
    { 33, 41, 509, 0, 28, 339, 10246 }, // U+0136
    { 24, 43, 364, 0, 30, 258, 10585 }, // U+0137
    { 24, 20, 385, 0, 19, 120, 10843 }, // U+0138
    { 25, 37, 391, 0, 36, 232, 10963 }, // U+0139
    { 13, 38, 190, 0, 37, 124, 11195 }, // U+013A
    { 25, 41, 391, 0, 28, 257, 11319 }, // U+013B
    { 12, 43, 190, 0, 30, 129, 11576 }, // U+013C
    { 25, 29, 391, 0, 28, 182, 11705 }, // U+013D
    { 16, 31, 205, 0, 30, 124, 11887 }, // U+013E
    { 25, 29, 391, 0, 28, 182, 12011 }, // U+013F
    { 18, 31, 270, 0, 30, 140, 12193 }, // U+0140
    { 25, 29, 391, 0, 28, 182, 12333 }, // U+0141
    { 13, 31, 193, 0, 30, 101, 12515 }, // U+0142
    { 34, 37, 539, 0, 36, 315, 12616 }, // U+0143
    { 23, 29, 377, 0, 28, 167, 12931 }, // U+0144
    { 34, 41, 527, 0, 28, 349, 13098 }, // U+0145
    { 23, 32, 377, 0, 19, 184, 13447 }, // U+0146
    { 34, 37, 539, 0, 36, 315, 13631 }, // U+0147
    { 23, 29, 377, 0, 28, 167, 13946 }, // U+0148
    { 29, 30, 444, -1, 29, 218, 14113 }, // U+0149
    { 33, 40, 527, 0, 28, 330, 14331 }, // U+014A
    { 21, 31, 368, 0, 19, 163, 14661 }, // U+014B
    { 30, 35, 507, 1, 34, 263, 14824 }, // U+014C
    { 19, 26, 335, 1, 25, 124, 15087 }, // U+014D
    { 30, 36, 507, 1, 35, 270, 15211 }, // U+014E
    { 19, 27, 335, 1, 26, 129, 15481 }, // U+014F
    { 30, 37, 507, 1, 36, 278, 15610 }, // U+0150
    { 19, 29, 335, 1, 28, 138, 15888 }, // U+0151
    { 40, 29, 657, 1, 28, 290, 16026 }, // U+0152
    { 30, 20, 508, 1, 19, 150, 16316 }, // U+0153
    { 32, 37, 507, 0, 36, 296, 16466 }, // U+0154
    { 18, 29, 276, 0, 28, 131, 16762 }, // U+0155
    { 32, 41, 507, 0, 28, 328, 16893 }, // U+0156
    { 18, 32, 276, 0, 19, 144, 17221 }, // U+0157
    { 32, 37, 507, 0, 36, 296, 17365 }, // U+0158
    { 18, 29, 276, 0, 28, 131, 17661 }, // U+0159
    { 20, 37, 329, 0, 36, 185, 17792 }, // U+015A
    { 13, 29, 240, 1, 28, 95, 17977 }, // U+015B
    { 20, 37, 329, 0, 36, 185, 18072 }, // U+015C
    { 13, 29, 240, 1, 28, 95, 18257 }, // U+015D
    { 20, 40, 324, 0, 28, 200, 18352 }, // U+015E
    { 13, 31, 240, 1, 19, 101, 18552 }, // U+015F
    { 20, 37, 329, 0, 36, 185, 18653 }, // U+0160
    { 13, 29, 240, 1, 28, 95, 18838 }, // U+0161
    { 30, 42, 463, 0, 30, 315, 18933 }, // U+0162
    { 15, 34, 250, 1, 22, 128, 19248 }, // U+0163
    { 30, 37, 463, 0, 36, 278, 19376 }, // U+0164
    { 15, 32, 250, 1, 31, 120, 19654 }, // U+0165
    { 30, 31, 463, 0, 30, 233, 19774 }, // U+0166
    { 15, 23, 260, 1, 22, 87, 20007 }, // U+0167
    { 31, 37, 497, 0, 36, 287, 20094 }, // U+0168
    { 23, 28, 367, 0, 27, 161, 20381 }, // U+0169
    { 31, 35, 497, 0, 34, 272, 20542 }, // U+016A
    { 23, 26, 367, 0, 25, 150, 20814 }, // U+016B
    { 31, 36, 497, 0, 35, 279, 20964 }, // U+016C
    { 23, 27, 367, 0, 26, 156, 21243 }, // U+016D
    { 31, 37, 497, 0, 36, 287, 21399 }, // U+016E
    { 23, 30, 367, 0, 29, 173, 21686 }, // U+016F
    { 31, 37, 497, 0, 36, 287, 21859 }, // U+0170
    { 23, 29, 367, 0, 28, 167, 22146 }, // U+0171
    { 31, 40, 497, 0, 28, 310, 22313 }, // U+0172
    { 23, 31, 367, 0, 19, 179, 22623 }, // U+0173
    { 43, 37, 680, 0, 36, 398, 22802 }, // U+0174
    { 32, 30, 501, 0, 28, 240, 23200 }, // U+0175
    { 29, 37, 436, 0, 36, 269, 23440 }, // U+0176
    { 21, 40, 321, 0, 28, 210, 23709 }, // U+0177
    { 29, 36, 436, 0, 35, 261, 23919 }, // U+0178
    { 25, 37, 397, 0, 36, 232, 24180 }, // U+0179
    { 18, 29, 291, 0, 28, 131, 24412 }, // U+017A
    { 25, 37, 397, 0, 36, 232, 24543 }, // U+017B
    { 18, 29, 291, 0, 28, 131, 24775 }, // U+017C
    { 25, 37, 397, 0, 36, 232, 24906 }, // U+017D
    { 18, 29, 291, 0, 28, 131, 25138 }, // U+017E
    { 20, 31, 200, 0, 30, 155, 25269 }, // U+017F
    { 32, 32, 507, 1, 31, 256, 0 }, // U+01A0
    { 22, 24, 362, 1, 23, 132, 256 }, // U+01A1
    { 34, 35, 497, 0, 34, 298, 388 }, // U+01AF
    { 26, 26, 400, 0, 25, 169, 686 }, // U+01B0
    { 57, 37, 909, 0, 36, 528, 855 }, // U+01C4
    { 50, 29, 802, 0, 28, 363, 1383 }, // U+01C5
    { 40, 31, 660, 1, 30, 310, 1746 }, // U+01C6
    { 39, 37, 623, 0, 28, 361, 2056 }, // U+01C7
    { 33, 40, 562, 0, 28, 330, 2417 }, // U+01C8
    { 21, 42, 367, 0, 30, 221, 2747 }, // U+01C9
    { 48, 37, 765, 0, 28, 444, 2968 }, // U+01CA
    { 42, 40, 699, 0, 28, 420, 3412 }, // U+01CB
    { 32, 40, 546, 0, 28, 320, 3832 }, // U+01CC
    { 32, 37, 480, -1, 36, 296, 4152 }, // U+01CD
    { 18, 29, 292, 1, 28, 131, 4448 }, // U+01CE
    { 15, 37, 243, 0, 36, 139, 4579 }, // U+01CF
    { 12, 29, 197, 0, 28, 87, 4718 }, // U+01D0
    { 30, 37, 507, 1, 36, 278, 4805 }, // U+01D1
    { 19, 29, 335, 1, 28, 138, 5083 }, // U+01D2
    { 31, 37, 497, 0, 36, 287, 5221 }, // U+01D3
    { 23, 29, 367, 0, 28, 167, 5508 }, // U+01D4
    { 31, 41, 497, 0, 40, 318, 5675 }, // U+01D5
    { 23, 32, 367, 0, 31, 184, 5993 }, // U+01D6
    { 31, 43, 497, 0, 42, 334, 6177 }, // U+01D7
    { 23, 36, 367, 0, 35, 207, 6511 }, // U+01D8
    { 31, 42, 497, 0, 41, 326, 6718 }, // U+01D9
    { 23, 35, 367, 0, 34, 202, 7044 }, // U+01DA
    { 31, 43, 497, 0, 42, 334, 7246 }, // U+01DB
    { 23, 36, 367, 0, 35, 207, 7580 }, // U+01DC
    { 17, 20, 280, 0, 19, 85, 7787 }, // U+01DD
    { 32, 41, 480, -1, 40, 328, 7872 }, // U+01DE
    { 18, 32, 292, 1, 31, 144, 8200 }, // U+01DF
    { 32, 41, 480, -1, 40, 328, 8344 }, // U+01E0
    { 18, 32, 292, 1, 31, 144, 8672 }, // U+01E1
    { 39, 35, 606, -1, 34, 342, 8816 }, // U+01E2
    { 24, 26, 415, 1, 25, 156, 9158 }, // U+01E3
    { 29, 29, 490, 1, 28, 211, 9314 }, // U+01E4
    { 23, 32, 333, -1, 19, 184, 9525 }, // U+01E5
    { 28, 37, 479, 1, 36, 259, 9709 }, // U+01E6
    { 22, 41, 333, 0, 28, 226, 9968 }, // U+01E7
    { 33, 37, 509, 0, 36, 306, 10194 }, // U+01E8
    { 24, 35, 364, 0, 34, 210, 10500 }, // U+01E9
    { 30, 40, 507, 1, 28, 300, 10710 }, // U+01EA
    { 19, 31, 335, 1, 19, 148, 11010 }, // U+01EB
    { 30, 46, 507, 1, 34, 345, 11158 }, // U+01EC
    { 19, 37, 335, 1, 25, 176, 11503 }, // U+01ED
    { 21, 37, 367, 1, 36, 195, 11679 }, // U+01EE
    { 19, 40, 303, 0, 28, 190, 11874 }, // U+01EF
    { 13, 40, 177, -2, 28, 130, 12064 }, // U+01F0
    { 57, 30, 909, 0, 29, 428, 12194 }, // U+01F1
    { 50, 29, 802, 0, 28, 363, 12622 }, // U+01F2
    { 40, 31, 660, 1, 30, 310, 12985 }, // U+01F3
    { 28, 37, 479, 1, 36, 259, 13295 }, // U+01F4
    { 22, 41, 333, 0, 28, 226, 13554 }, // U+01F5
    { 40, 29, 636, 0, 28, 290, 13780 }, // U+01F6
    { 26, 36, 412, 0, 28, 234, 14070 }, // U+01F7
    { 34, 37, 539, 0, 36, 315, 14304 }, // U+01F8
    { 23, 29, 377, 0, 28, 167, 14619 }, // U+01F9
    { 32, 43, 480, -1, 42, 344, 14786 }, // U+01FA
    { 18, 35, 292, 1, 34, 158, 15130 }, // U+01FB
    { 39, 37, 606, -1, 36, 361, 15288 }, // U+01FC
    { 24, 29, 415, 1, 28, 174, 15649 }, // U+01FD
    { 30, 37, 508, 1, 36, 278, 15823 }, // U+01FE
    { 20, 29, 334, 0, 28, 145, 16101 }, // U+01FF
    { 32, 37, 480, -1, 36, 296, 16246 }, // U+0200
    { 19, 29, 292, 0, 28, 138, 16542 }, // U+0201
    { 32, 36, 480, -1, 35, 288, 16680 }, // U+0202
    { 18, 27, 292, 1, 26, 122, 16968 }, // U+0203
    { 24, 37, 383, 0, 36, 222, 17090 }, // U+0204
    { 17, 29, 278, 0, 28, 124, 17312 }, // U+0205
    { 24, 36, 383, 0, 35, 216, 17436 }, // U+0206
    { 17, 27, 278, 0, 26, 115, 17652 }, // U+0207
    { 19, 37, 243, -4, 36, 176, 17767 }, // U+0208
    { 16, 29, 197, -4, 28, 116, 17943 }, // U+0209
    { 15, 36, 243, 0, 35, 135, 18059 }, // U+020A
    { 12, 27, 197, 0, 26, 81, 18194 }, // U+020B
    { 30, 37, 507, 1, 36, 278, 18275 }, // U+020C
    { 19, 29, 335, 1, 28, 138, 18553 }, // U+020D
    { 30, 36, 507, 1, 35, 270, 18691 }, // U+020E
    { 19, 27, 335, 1, 26, 129, 18961 }, // U+020F
    { 32, 37, 507, 0, 36, 296, 19090 }, // U+0210
    { 18, 29, 276, 0, 28, 131, 19386 }, // U+0211
    { 32, 36, 507, 0, 35, 288, 19517 }, // U+0212
    { 18, 27, 276, 0, 26, 122, 19805 }, // U+0213
    { 31, 37, 497, 0, 36, 287, 19927 }, // U+0214
    { 23, 29, 367, 0, 28, 167, 20214 }, // U+0215
    { 31, 36, 497, 0, 35, 279, 20381 }, // U+0216
    { 23, 27, 367, 0, 26, 156, 20660 }, // U+0217
    { 20, 41, 324, 0, 28, 205, 20816 }, // U+0218
    { 13, 32, 240, 1, 19, 104, 21021 }, // U+0219
    { 30, 43, 463, 0, 30, 323, 21125 }, // U+021A
    { 15, 35, 250, 1, 22, 132, 21448 }, // U+021B
    { 25, 37, 370, -2, 28, 232, 21580 }, // U+021C
    { 18, 30, 289, 0, 18, 135, 21812 }, // U+021D
    { 33, 37, 534, 0, 36, 306, 21947 }, // U+021E
    { 23, 37, 373, 0, 36, 213, 22253 }, // U+021F
    { 8, 10, 0, -4, 28, 20, 0 }, // U+0300
    { 8, 10, 0, -4, 28, 20, 20 }, // U+0301
    { 11, 10, 0, -5, 28, 28, 40 }, // U+0302
    { 14, 8, 0, -7, 27, 28, 68 }, // U+0303
    { 14, 4, 0, -7, 24, 14, 96 }, // U+0304
    { 18, 4, 0, -9, 25, 18, 110 }, // U+0305
    { 12, 7, 0, -6, 26, 21, 128 }, // U+0306
    { 8, 8, 0, -4, 28, 16, 149 }, // U+0307
    { 16, 7, 0, -8, 27, 28, 165 }, // U+0308
    { 10, 9, 0, -5, 29, 23, 193 }, // U+0309
    { 10, 9, 0, -5, 29, 23, 216 }, // U+030A
    { 14, 9, 0, -7, 28, 32, 239 }, // U+030B
    { 12, 10, 0, -6, 28, 30, 271 }, // U+030C
    { 4, 9, 0, -2, 29, 9, 301 }, // U+030D
    { 8, 9, 0, -4, 29, 18, 310 }, // U+030E
    { 14, 9, 0, -7, 28, 32, 328 }, // U+030F
    { 16, 11, 0, -8, 29, 44, 360 }, // U+0310
    { 10, 7, 0, -5, 26, 18, 404 }, // U+0311
    { 8, 11, 0, -4, 30, 22, 422 }, // U+0312
    { 8, 10, 0, -4, 29, 20, 444 }, // U+0313
    { 8, 10, 0, -4, 29, 20, 464 }, // U+0314
    { 8, 10, 0, -4, 29, 20, 484 }, // U+0315
    { 8, 10, 0, -4, -1, 20, 504 }, // U+0316
    { 8, 10, 0, -4, -1, 20, 524 }, // U+0317
    { 8, 10, 0, -4, -2, 20, 544 }, // U+0318
    { 8, 10, 0, -4, -2, 20, 564 }, // U+0319
    { 10, 7, 0, -5, 28, 18, 584 }, // U+031A
    { 10, 9, 0, -5, 23, 23, 602 }, // U+031B
    { 6, 9, 0, -3, -3, 14, 625 }, // U+031C
    { 10, 8, 0, -5, -3, 20, 639 }, // U+031D
    { 10, 8, 0, -5, -3, 20, 659 }, // U+031E
    { 10, 10, 0, -5, -2, 25, 679 }, // U+031F
    { 10, 3, 0, -5, -5, 8, 704 }, // U+0320
    { 16, 18, 0, -6, 6, 72, 712 }, // U+0321
    { 14, 15, 0, 1, 3, 53, 784 }, // U+0322
    { 8, 8, 0, -4, -2, 16, 837 }, // U+0323
    { 16, 7, 0, -8, -1, 28, 853 }, // U+0324
    { 10, 9, 0, -5, -2, 23, 881 }, // U+0325
    { 8, 11, 0, -4, -2, 22, 904 }, // U+0326
    { 8, 13, 0, -4, 1, 26, 926 }, // U+0327
    { 10, 13, 0, -5, 1, 33, 952 }, // U+0328
    { 4, 9, 0, -2, -2, 9, 985 }, // U+0329
    { 12, 6, 0, -6, -5, 18, 994 }, // U+032A
    { 14, 7, 0, -7, -4, 25, 1012 }, // U+032B
    { 12, 10, 0, -6, -2, 30, 1037 }, // U+032C
    { 11, 10, 0, -5, -1, 28, 1067 }, // U+032D
    { 12, 7, 0, -6, -3, 21, 1095 }, // U+032E
    { 12, 8, 0, -6, -2, 24, 1116 }, // U+032F
    { 14, 8, 0, -8, -1, 28, 1140 }, // U+0330
    { 14, 4, 0, -7, -3, 14, 1168 }, // U+0331
    { 18, 4, 0, -9, -3, 18, 1182 }, // U+0332
    { 18, 8, 0, -9, -3, 36, 1200 }, // U+0333
    { 20, 7, 0, -10, 17, 35, 1236 }, // U+0334
    { 14, 4, 0, -7, 18, 14, 1271 }, // U+0335
    { 20, 4, 0, -10, 18, 20, 1285 }, // U+0336
    { 14, 26, 0, -7, 23, 91, 1305 }, // U+0337
    { 16, 31, 0, -8, 28, 124, 1396 }, // U+0338
    { 6, 9, 0, -3, -2, 14, 1520 }, // U+0339
    { 12, 6, 0, -6, -5, 18, 1534 }, // U+033A
    { 12, 10, 0, -6, -2, 30, 1552 }, // U+033B
    { 14, 7, 0, -7, -4, 25, 1582 }, // U+033C
    { 8, 8, 0, -4, 29, 16, 1607 }, // U+033D
    { 6, 11, 0, -3, 30, 17, 1623 }, // U+033E
    { 8, 10, 0, -4, 28, 20, 1640 }, // U+0340
    { 6, 10, 0, -3, 28, 15, 1660 }, // U+0341
    { 14, 7, 0, -7, 26, 25, 1675 }, // U+0342
    { 6, 10, 0, -3, 29, 15, 1700 }, // U+0343
    { 16, 14, 0, -8, 34, 56, 1715 }, // U+0344
    { 8, 10, 0, -4, -1, 20, 1771 }, // U+0345
    { 0, 0, 0, 0, 0, 0, 1791 }, // U+034F
    { 6, 9, 0, -3, 27, 14, 1791 }, // U+0351
    { 9, 8, 0, -5, -2, 18, 1805 }, // U+0353
    { 6, 9, 0, -3, 29, 14, 1823 }, // U+0357
    { 28, 6, 0, -14, 35, 42, 1837 }, // U+035D
    { 27, 7, 0, -13, 35, 48, 1879 }, // U+0361
    { 9, 10, 0, 0, 30, 23, 1927 }, // U+0364
    { 24, 31, 347, -2, 30, 186, 0 }, // U+03BB
    { 24, 37, 383, 0, 36, 222, 0 }, // U+0400
    { 24, 36, 383, 0, 35, 216, 222 }, // U+0401
    { 32, 40, 546, 0, 30, 320, 438 }, // U+0402
    { 23, 37, 353, 0, 36, 213, 758 }, // U+0403
    { 25, 29, 441, 1, 28, 182, 971 }, // U+0404
    { 20, 29, 329, 0, 28, 145, 1153 }, // U+0405
    { 15, 29, 243, 0, 28, 109, 1298 }, // U+0406
    { 15, 36, 243, 0, 35, 135, 1407 }, // U+0407
    { 20, 37, 247, -4, 28, 185, 1542 }, // U+0408
    { 41, 29, 663, 0, 28, 298, 1727 }, // U+0409
    { 42, 29, 683, 0, 28, 305, 2025 }, // U+040A
    { 34, 31, 541, 0, 30, 264, 2330 }, // U+040B
    { 30, 37, 469, 0, 36, 278, 2594 }, // U+040C
    { 34, 37, 551, 0, 36, 315, 2872 }, // U+040D
    { 30, 39, 448, -1, 37, 293, 3187 }, // U+040E
    { 32, 38, 523, 0, 28, 304, 3480 }, // U+040F
    { 32, 30, 480, -1, 29, 240, 3784 }, // U+0410
    { 25, 29, 421, 0, 28, 182, 4024 }, // U+0411
    { 25, 29, 417, 0, 28, 182, 4206 }, // U+0412
    { 23, 29, 353, 0, 28, 167, 4388 }, // U+0413
    { 30, 37, 478, 0, 28, 278, 4555 }, // U+0414
    { 24, 29, 383, 0, 28, 174, 4833 }, // U+0415
    { 45, 29, 696, -1, 28, 327, 5007 }, // U+0416
    { 21, 29, 372, 1, 28, 153, 5334 }, // U+0417
    { 34, 29, 551, 0, 28, 247, 5487 }, // U+0418
    { 34, 38, 551, 0, 37, 323, 5734 }, // U+0419
    { 30, 29, 469, 0, 28, 218, 6057 }, // U+041A
    { 31, 29, 494, 0, 28, 225, 6275 }, // U+041B
    { 38, 29, 611, 0, 28, 276, 6500 }, // U+041C
    { 33, 29, 534, 0, 28, 240, 6776 }, // U+041D
    { 30, 29, 507, 1, 28, 218, 7016 }, // U+041E
    { 33, 29, 527, 0, 28, 240, 7234 }, // U+041F
    { 25, 29, 405, 0, 28, 182, 7474 }, // U+0420
    { 27, 29, 473, 1, 28, 196, 7656 }, // U+0421
    { 30, 31, 463, 0, 30, 233, 7852 }, // U+0422
    { 30, 30, 448, -1, 28, 225, 8085 }, // U+0423
    { 33, 32, 531, 0, 30, 264, 8310 }, // U+0424
    { 33, 29, 500, -1, 28, 240, 8574 }, // U+0425
    { 32, 37, 521, 0, 28, 296, 8814 }, // U+0426
    { 30, 29, 485, 0, 28, 218, 9110 }, // U+0427
    { 44, 29, 700, 0, 28, 319, 9328 }, // U+0428
    { 43, 37, 700, 0, 28, 398, 9647 }, // U+0429
    { 30, 29, 495, 0, 28, 218, 10045 }, // U+042A
    { 39, 29, 619, 0, 28, 283, 10263 }, // U+042B
    { 25, 29, 411, 0, 28, 182, 10546 }, // U+042C
    { 25, 29, 441, 2, 28, 182, 10728 }, // U+042D
    { 42, 29, 689, 0, 28, 305, 10910 }, // U+042E
    { 31, 29, 476, -1, 28, 225, 11215 }, // U+042F
    { 18, 19, 292, 1, 18, 86, 11440 }, // U+0430
    { 19, 31, 334, 1, 30, 148, 11526 }, // U+0431
    { 20, 19, 322, 0, 18, 95, 11674 }, // U+0432
    { 16, 19, 265, 1, 18, 76, 11769 }, // U+0433
    { 22, 25, 352, 0, 18, 138, 11845 }, // U+0434
    { 17, 19, 278, 0, 18, 81, 11983 }, // U+0435
    { 34, 20, 535, 0, 19, 170, 12064 }, // U+0436
    { 16, 19, 281, 1, 18, 76, 12234 }, // U+0437
    { 24, 19, 391, 0, 18, 114, 12310 }, // U+0438
    { 24, 28, 391, 0, 27, 168, 12424 }, // U+0439
    { 23, 20, 369, 0, 19, 115, 12592 }, // U+043A
    { 23, 19, 369, 0, 18, 110, 12707 }, // U+043B
    { 28, 19, 449, 0, 18, 133, 12817 }, // U+043C
    { 24, 19, 385, 0, 18, 114, 12950 }, // U+043D
    { 19, 20, 335, 1, 19, 95, 13064 }, // U+043E
    { 23, 19, 377, 0, 18, 110, 13159 }, // U+043F
    { 22, 30, 367, 0, 19, 165, 13269 }, // U+0440
    { 16, 19, 274, 1, 18, 76, 13434 }, // U+0441
    { 19, 20, 300, 0, 19, 95, 13510 }, // U+0442
    { 21, 30, 321, 0, 18, 158, 13605 }, // U+0443
    { 25, 40, 403, 0, 28, 250, 13763 }, // U+0444
    { 21, 19, 337, 0, 18, 100, 14013 }, // U+0445
    { 24, 25, 390, 0, 18, 150, 14113 }, // U+0446
    { 23, 19, 376, 0, 18, 110, 14263 }, // U+0447
    { 33, 19, 540, 0, 18, 157, 14373 }, // U+0448
    { 34, 25, 549, 0, 18, 213, 14530 }, // U+0449
    { 23, 20, 370, 0, 19, 115, 14743 }, // U+044A
    { 30, 19, 479, 0, 18, 143, 14858 }, // U+044B
    { 19, 19, 311, 0, 18, 91, 15001 }, // U+044C
    { 16, 19, 283, 1, 18, 76, 15092 }, // U+044D
    { 30, 20, 485, 0, 19, 150, 15168 }, // U+044E
    { 23, 19, 357, -1, 18, 110, 15318 }, // U+044F
    { 17, 29, 278, 0, 28, 124, 15428 }, // U+0450
    { 17, 28, 278, 0, 27, 119, 15552 }, // U+0451
    { 21, 39, 355, 0, 30, 205, 15671 }, // U+0452
    { 16, 29, 265, 1, 28, 116, 15876 }, // U+0453
    { 16, 20, 278, 1, 19, 80, 15992 }, // U+0454
    { 13, 20, 240, 1, 19, 65, 16072 }, // U+0455
    { 12, 29, 197, 0, 28, 87, 16137 }, // U+0456
    { 16, 28, 197, -2, 27, 112, 16224 }, // U+0457
    { 11, 40, 177, -2, 28, 110, 16336 }, // U+0458
    { 29, 19, 477, 0, 18, 138, 16446 }, // U+0459
    { 30, 19, 489, 0, 18, 143, 16584 }, // U+045A
    { 23, 31, 375, 0, 30, 179, 16727 }, // U+045B
    { 23, 29, 369, 0, 28, 167, 16906 }, // U+045C
    { 24, 29, 391, 0, 28, 174, 17073 }, // U+045D
    { 21, 39, 321, 0, 27, 205, 17247 }, // U+045E
    { 23, 25, 377, 0, 18, 144, 17452 }, // U+045F
    { 30, 30, 491, 0, 29, 225, 17596 }, // U+0462
    { 22, 31, 361, 0, 30, 171, 17821 }, // U+0463
    { 45, 29, 683, -1, 28, 327, 17992 }, // U+046A
    { 34, 19, 533, 0, 18, 162, 18319 }, // U+046B
    { 36, 29, 574, 0, 28, 261, 18481 }, // U+0470
    { 30, 29, 507, 1, 28, 218, 18742 }, // U+0472
    { 20, 20, 344, 1, 19, 100, 18960 }, // U+0473
    { 30, 29, 470, 0, 28, 218, 19060 }, // U+0474
    { 22, 20, 337, 0, 19, 110, 19278 }, // U+0475
    { 30, 37, 470, 0, 36, 278, 19388 }, // U+0476
    { 22, 29, 337, 0, 28, 160, 19666 }, // U+0477
    { 34, 46, 551, 0, 37, 391, 19826 }, // U+048A
    { 24, 34, 391, 0, 27, 204, 20217 }, // U+048B
    { 26, 30, 431, 0, 29, 195, 20421 }, // U+048C
    { 22, 31, 361, 0, 30, 171, 20616 }, // U+048D
    { 25, 29, 405, 0, 28, 182, 20787 }, // U+048E
    { 22, 30, 367, 0, 19, 165, 20969 }, // U+048F
    { 22, 33, 353, 0, 32, 182, 21134 }, // U+0490
    { 16, 23, 261, 1, 22, 92, 21316 }, // U+0491
    { 23, 29, 353, 0, 28, 167, 21408 }, // U+0492
    { 17, 19, 274, 0, 18, 81, 21575 }, // U+0493
    { 27, 38, 456, 0, 28, 257, 21656 }, // U+0494
    { 21, 30, 342, 0, 18, 158, 21913 }, // U+0495
    { 45, 37, 696, -1, 28, 417, 22071 }, // U+0496
    { 34, 26, 535, 0, 19, 221, 22488 }, // U+0497
    { 21, 40, 372, 1, 28, 210, 22709 }, // U+0498
    { 16, 30, 281, 1, 18, 120, 22919 }, // U+0499
    { 30, 37, 469, 0, 28, 278, 23039 }, // U+049A
    { 23, 26, 369, 0, 19, 150, 23317 }, // U+049B
    { 33, 29, 515, 0, 28, 240, 23467 }, // U+049C
    { 26, 20, 406, 0, 19, 130, 23707 }, // U+049D
    { 33, 30, 510, 0, 29, 248, 23837 }, // U+049E
    { 26, 31, 411, 0, 30, 202, 24085 }, // U+049F
    { 36, 29, 556, 0, 28, 261, 24287 }, // U+04A0
    { 27, 20, 425, 0, 19, 135, 24548 }, // U+04A1
    { 33, 37, 540, 0, 28, 306, 24683 }, // U+04A2
    { 24, 25, 385, 0, 18, 150, 24989 }, // U+04A3
    { 40, 30, 637, 0, 29, 300, 25139 }, // U+04A4
    { 28, 19, 449, 0, 18, 133, 25439 }, // U+04A5
    { 43, 38, 703, 0, 28, 409, 25572 }, // U+04A6
    { 32, 30, 513, 0, 18, 240, 25981 }, // U+04A7
    { 29, 29, 484, 1, 28, 211, 26221 }, // U+04A8
    { 22, 19, 355, 1, 18, 105, 26432 }, // U+04A9
    { 27, 40, 473, 1, 28, 270, 26537 }, // U+04AA
    { 16, 30, 274, 1, 18, 120, 26807 }, // U+04AB
    { 30, 39, 463, 0, 30, 293, 26927 }, // U+04AC
    { 19, 26, 300, 0, 19, 124, 27220 }, // U+04AD
    { 29, 29, 436, 0, 28, 211, 27344 }, // U+04AE
    { 21, 30, 322, 0, 18, 158, 27555 }, // U+04AF
    { 29, 29, 436, 0, 28, 211, 27713 }, // U+04B0
    { 21, 30, 322, 0, 18, 158, 27924 }, // U+04B1
    { 33, 37, 500, -1, 28, 306, 28082 }, // U+04B2
    { 21, 25, 337, 0, 18, 132, 28388 }, // U+04B3
    { 38, 39, 616, 0, 30, 371, 28520 }, // U+04B4
    { 29, 26, 467, 0, 19, 189, 28891 }, // U+04B5
    { 30, 37, 489, 0, 28, 278, 29080 }, // U+04B6
    { 23, 25, 376, 0, 18, 144, 29358 }, // U+04B7
    { 31, 29, 500, 0, 28, 225, 29502 }, // U+04B8
    { 24, 19, 394, 0, 18, 114, 29727 }, // U+04B9
    { 30, 29, 484, 0, 28, 218, 29841 }, // U+04BA
    { 23, 31, 373, 0, 30, 179, 30059 }, // U+04BB
    { 33, 29, 537, 0, 28, 240, 30238 }, // U+04BC
    { 20, 21, 335, 0, 20, 105, 30478 }, // U+04BD
    { 33, 41, 537, 0, 35, 339, 30583 }, // U+04BE
    { 21, 33, 335, 0, 27, 174, 30922 }, // U+04BF
    { 15, 29, 243, 0, 28, 109, 31096 }, // U+04C0
    { 45, 38, 696, -1, 37, 428, 31205 }, // U+04C1
    { 34, 28, 535, 0, 27, 238, 31633 }, // U+04C2
    { 28, 37, 459, 0, 28, 259, 31871 }, // U+04C3
    { 22, 31, 355, 0, 19, 171, 32130 }, // U+04C4
    { 31, 37, 494, 0, 28, 287, 32301 }, // U+04C5
    { 23, 25, 369, 0, 18, 144, 32588 }, // U+04C6
    { 33, 38, 525, 0, 28, 314, 32732 }, // U+04C7
    { 24, 30, 379, 0, 18, 180, 33046 }, // U+04C8
    { 33, 37, 534, 0, 28, 306, 33226 }, // U+04C9
    { 24, 25, 385, 0, 18, 150, 33532 }, // U+04CA
    { 30, 37, 485, 0, 28, 278, 33682 }, // U+04CB
    { 23, 25, 376, 0, 18, 144, 33960 }, // U+04CC
    { 38, 37, 611, 0, 28, 352, 34104 }, // U+04CD
    { 28, 25, 449, 0, 18, 175, 34456 }, // U+04CE
    { 12, 31, 190, 0, 30, 93, 34631 }, // U+04CF
    { 32, 38, 480, -1, 37, 304, 34724 }, // U+04D0
    { 18, 28, 292, 1, 27, 126, 35028 }, // U+04D1
    { 32, 36, 480, -1, 35, 288, 35154 }, // U+04D2
    { 18, 28, 292, 1, 27, 126, 35442 }, // U+04D3
    { 39, 29, 606, -1, 28, 283, 35568 }, // U+04D4
    { 24, 20, 415, 1, 19, 120, 35851 }, // U+04D5
    { 24, 38, 383, 0, 37, 228, 35971 }, // U+04D6
    { 17, 28, 278, 0, 27, 119, 36199 }, // U+04D7
    { 26, 29, 448, 1, 28, 189, 36318 }, // U+04D8
    { 17, 20, 279, 0, 19, 85, 36507 }, // U+04D9
    { 26, 36, 448, 1, 35, 234, 36592 }, // U+04DA
    { 17, 28, 279, 0, 27, 119, 36826 }, // U+04DB
    { 45, 36, 696, -1, 35, 405, 36945 }, // U+04DC
    { 34, 28, 535, 0, 27, 238, 37350 }, // U+04DD
    { 21, 36, 372, 1, 35, 189, 37588 }, // U+04DE
    { 16, 28, 281, 1, 27, 112, 37777 }, // U+04DF
    { 21, 30, 367, 1, 29, 158, 37889 }, // U+04E0
    { 19, 31, 303, 0, 19, 148, 38047 }, // U+04E1
    { 34, 35, 551, 0, 34, 298, 38195 }, // U+04E2
    { 24, 26, 391, 0, 25, 156, 38493 }, // U+04E3
    { 34, 36, 551, 0, 35, 306, 38649 }, // U+04E4
    { 24, 28, 391, 0, 27, 168, 38955 }, // U+04E5
    { 30, 36, 507, 1, 35, 270, 39123 }, // U+04E6
    { 19, 28, 335, 1, 27, 133, 39393 }, // U+04E7
    { 30, 29, 507, 1, 28, 218, 39526 }, // U+04E8
    { 19, 20, 335, 1, 19, 95, 39744 }, // U+04E9
    { 30, 36, 507, 1, 35, 270, 39839 }, // U+04EA
    { 19, 28, 335, 1, 27, 133, 40109 }, // U+04EB
    { 25, 36, 441, 2, 35, 225, 40242 }, // U+04EC
    { 16, 28, 283, 1, 27, 112, 40467 }, // U+04ED
    { 30, 36, 448, -1, 34, 270, 40579 }, // U+04EE
    { 21, 37, 321, 0, 25, 195, 40849 }, // U+04EF
    { 30, 37, 448, -1, 35, 278, 41044 }, // U+04F0
    { 21, 39, 321, 0, 27, 205, 41322 }, // U+04F1
    { 30, 38, 448, -1, 36, 285, 41527 }, // U+04F2
    { 21, 40, 321, 0, 28, 210, 41812 }, // U+04F3
    { 30, 36, 485, 0, 35, 270, 42022 }, // U+04F4
    { 23, 28, 376, 0, 27, 161, 42292 }, // U+04F5
    { 23, 37, 353, 0, 28, 213, 42453 }, // U+04F6
    { 16, 25, 265, 1, 18, 100, 42666 }, // U+04F7
    { 39, 36, 619, 0, 35, 351, 42766 }, // U+04F8
    { 30, 28, 479, 0, 27, 210, 43117 }, // U+04F9
    { 27, 37, 365, -4, 28, 250, 43327 }, // U+04FA
    { 18, 30, 266, -1, 18, 135, 43577 }, // U+04FB
    { 32, 40, 500, -1, 28, 320, 43712 }, // U+04FC
    { 20, 30, 316, 0, 18, 150, 44032 }, // U+04FD
    { 32, 29, 513, 0, 28, 232, 44182 }, // U+04FE
    { 22, 19, 350, 0, 18, 105, 44414 }, // U+04FF
    { 32, 39, 480, -1, 29, 312, 0 }, // U+1EA0
    { 18, 28, 292, 1, 18, 126, 312 }, // U+1EA1
    { 32, 37, 480, -1, 36, 296, 438 }, // U+1EA2
    { 18, 30, 292, 1, 29, 135, 734 }, // U+1EA3
    { 32, 39, 480, -1, 38, 312, 869 }, // U+1EA4
    { 18, 35, 292, 1, 34, 158, 1181 }, // U+1EA5
    { 32, 39, 480, -1, 38, 312, 1339 }, // U+1EA6
    { 19, 35, 292, 0, 34, 167, 1651 }, // U+1EA7
    { 32, 39, 480, -1, 38, 312, 1818 }, // U+1EA8
    { 18, 33, 292, 1, 32, 149, 2130 }, // U+1EA9
    { 32, 43, 480, -1, 42, 344, 2279 }, // U+1EAA
    { 18, 34, 292, 1, 33, 153, 2623 }, // U+1EAB
    { 32, 46, 480, -1, 36, 368, 2776 }, // U+1EAC
    { 18, 38, 292, 1, 28, 171, 3144 }, // U+1EAD
    { 32, 41, 480, -1, 40, 328, 3315 }, // U+1EAE
    { 18, 34, 292, 1, 33, 153, 3643 }, // U+1EAF
    { 32, 41, 480, -1, 40, 328, 3796 }, // U+1EB0
    { 18, 34, 292, 1, 33, 153, 4124 }, // U+1EB1
    { 32, 42, 480, -1, 41, 336, 4277 }, // U+1EB2
    { 18, 32, 292, 1, 31, 144, 4613 }, // U+1EB3
    { 32, 44, 480, -1, 43, 352, 4757 }, // U+1EB4
    { 18, 33, 292, 1, 32, 149, 5109 }, // U+1EB5
    { 32, 45, 480, -1, 35, 360, 5258 }, // U+1EB6
    { 18, 36, 292, 1, 26, 162, 5618 }, // U+1EB7
    { 24, 38, 383, 0, 28, 228, 5780 }, // U+1EB8
    { 17, 28, 278, 0, 18, 119, 6008 }, // U+1EB9
    { 24, 37, 383, 0, 36, 222, 6127 }, // U+1EBA
    { 17, 30, 278, 0, 29, 128, 6349 }, // U+1EBB
    { 24, 37, 383, 0, 36, 222, 6477 }, // U+1EBC
    { 17, 28, 278, 0, 27, 119, 6699 }, // U+1EBD
    { 25, 39, 377, 0, 38, 244, 6818 }, // U+1EBE
    { 19, 35, 278, 0, 34, 167, 7062 }, // U+1EBF
    { 26, 39, 377, -2, 38, 254, 7229 }, // U+1EC0
    { 17, 35, 278, 0, 34, 149, 7483 }, // U+1EC1
    { 24, 39, 377, 0, 38, 234, 7632 }, // U+1EC2
    { 19, 33, 278, 0, 32, 157, 7866 }, // U+1EC3
    { 24, 42, 377, 0, 41, 252, 8023 }, // U+1EC4
    { 17, 34, 278, 0, 33, 145, 8275 }, // U+1EC5
    { 24, 46, 383, 0, 36, 276, 8420 }, // U+1EC6
    { 17, 38, 278, 0, 28, 162, 8696 }, // U+1EC7
    { 15, 37, 243, 0, 36, 139, 8858 }, // U+1EC8
    { 12, 30, 197, 0, 29, 90, 8997 }, // U+1EC9
    { 15, 38, 243, 0, 28, 143, 9087 }, // U+1ECA
    { 12, 38, 197, 0, 28, 114, 9230 }, // U+1ECB
    { 30, 38, 507, 1, 28, 285, 9344 }, // U+1ECC
    { 19, 29, 335, 1, 19, 138, 9629 }, // U+1ECD
    { 30, 37, 507, 1, 36, 278, 9767 }, // U+1ECE
    { 19, 30, 335, 1, 29, 143, 10045 }, // U+1ECF
    { 30, 39, 507, 1, 38, 293, 10188 }, // U+1ED0
    { 19, 35, 335, 1, 34, 167, 10481 }, // U+1ED1
    { 30, 39, 507, 1, 38, 293, 10648 }, // U+1ED2
    { 19, 35, 335, 1, 34, 167, 10941 }, // U+1ED3
    { 30, 39, 507, 1, 38, 293, 11108 }, // U+1ED4
    { 19, 33, 335, 1, 32, 157, 11401 }, // U+1ED5
    { 30, 42, 507, 1, 41, 315, 11558 }, // U+1ED6
    { 19, 34, 335, 1, 33, 162, 11873 }, // U+1ED7
    { 30, 46, 507, 1, 36, 345, 12035 }, // U+1ED8
    { 19, 38, 335, 1, 28, 181, 12380 }, // U+1ED9
    { 32, 37, 507, 1, 36, 296, 12561 }, // U+1EDA
    { 22, 29, 362, 1, 28, 160, 12857 }, // U+1EDB
    { 32, 37, 507, 1, 36, 296, 13017 }, // U+1EDC
    { 22, 29, 362, 1, 28, 160, 13313 }, // U+1EDD
    { 32, 37, 507, 1, 36, 296, 13473 }, // U+1EDE
    { 22, 30, 362, 1, 29, 165, 13769 }, // U+1EDF
    { 32, 37, 507, 1, 36, 296, 13934 }, // U+1EE0
    { 22, 28, 362, 1, 27, 154, 14230 }, // U+1EE1
    { 32, 41, 507, 1, 31, 328, 14384 }, // U+1EE2
    { 22, 33, 362, 1, 23, 182, 14712 }, // U+1EE3
    { 31, 38, 497, 0, 28, 295, 14894 }, // U+1EE4
    { 23, 29, 367, 0, 19, 167, 15189 }, // U+1EE5
    { 31, 37, 497, 0, 36, 287, 15356 }, // U+1EE6
    { 23, 30, 367, 0, 29, 173, 15643 }, // U+1EE7
    { 34, 37, 497, 0, 36, 315, 15816 }, // U+1EE8
    { 26, 29, 400, 0, 28, 189, 16131 }, // U+1EE9
    { 34, 37, 497, 0, 36, 315, 16320 }, // U+1EEA
    { 26, 29, 400, 0, 28, 189, 16635 }, // U+1EEB
    { 34, 37, 497, 0, 36, 315, 16824 }, // U+1EEC
    { 26, 30, 400, 0, 29, 195, 17139 }, // U+1EED
    { 34, 37, 497, 0, 36, 315, 17334 }, // U+1EEE
    { 26, 28, 400, 0, 27, 182, 17649 }, // U+1EEF
    { 34, 44, 497, 0, 34, 374, 17831 }, // U+1EF0
    { 26, 35, 400, 0, 25, 228, 18205 }, // U+1EF1
    { 29, 37, 436, 0, 36, 269, 18433 }, // U+1EF2
    { 21, 40, 321, 0, 28, 210, 18702 }, // U+1EF3
    { 29, 38, 436, 0, 28, 276, 18912 }, // U+1EF4
    { 21, 30, 321, 0, 18, 158, 19188 }, // U+1EF5
    { 29, 37, 436, 0, 36, 269, 19346 }, // U+1EF6
    { 21, 41, 321, 0, 29, 216, 19615 }, // U+1EF7
    { 29, 37, 436, 0, 36, 269, 19831 }, // U+1EF8
    { 21, 39, 321, 0, 27, 205, 20100 }, // U+1EF9
    { 0, 0, 388, 0, 0, 0, 0 }, // U+2000
    { 0, 0, 448, 0, 0, 0, 0 }, // U+2001
    { 0, 0, 388, 0, 0, 0, 0 }, // U+2002
    { 0, 0, 448, 0, 0, 0, 0 }, // U+2003
    { 0, 0, 368, 0, 0, 0, 0 }, // U+2004
    { 0, 0, 358, 0, 0, 0, 0 }, // U+2005
    { 0, 0, 348, 0, 0, 0, 0 }, // U+2006
    { 0, 0, 391, 0, 0, 0, 0 }, // U+2007
    { 0, 0, 355, 0, 0, 0, 0 }, // U+2008
    { 0, 0, 340, 0, 0, 0, 0 }, // U+2009
    { 0, 0, 329, 0, 0, 0, 0 }, // U+200A
    { 0, 0, 0, 0, 0, 0, 0 }, // U+200B
    { 0, 0, 0, 0, 0, 0, 0 }, // U+200C
    { 0, 0, 0, 0, 0, 0, 0 }, // U+200D
    { 0, 0, 0, 0, 0, 0, 0 }, // U+200E
    { 0, 0, 0, 0, 0, 0, 0 }, // U+200F
    { 12, 6, 211, 1, 12, 18, 0 }, // U+2010
    { 12, 6, 211, 1, 12, 18, 18 }, // U+2011
    { 27, 4, 439, 0, 11, 27, 36 }, // U+2012
    { 24, 4, 421, 1, 11, 24, 63 }, // U+2013
    { 38, 4, 640, 1, 11, 38, 87 }, // U+2014
    { 90, 4, 1470, 1, 11, 90, 125 }, // U+2015
    { 13, 43, 301, 3, 30, 140, 215 }, // U+2016
    { 9, 13, 159, 0, 30, 30, 355 }, // U+2018
    { 9, 12, 159, 1, 29, 27, 385 }, // U+2019
    { 9, 12, 159, 1, 5, 27, 412 }, // U+201A
    { 17, 13, 293, 1, 30, 56, 439 }, // U+201C
    { 17, 12, 293, 1, 29, 51, 495 }, // U+201D
    { 17, 12, 293, 1, 5, 51, 546 }, // U+201E
    { 19, 34, 324, 1, 28, 162, 597 }, // U+2020
    { 19, 35, 324, 1, 28, 167, 759 }, // U+2021
    { 14, 14, 249, 1, 22, 49, 926 }, // U+2022
    { 8, 8, 165, 1, 6, 16, 975 }, // U+2024
    { 19, 8, 341, 1, 6, 38, 991 }, // U+2025
    { 29, 8, 497, 1, 6, 58, 1029 }, // U+2026
    { 5, 6, 131, 2, 18, 8, 1087 }, // U+2027
    { 0, 0, 0, 0, 0, 0, 1095 }, // U+202A
    { 0, 0, 0, 0, 0, 0, 1095 }, // U+202B
    { 0, 0, 0, 0, 0, 0, 1095 }, // U+202C
    { 0, 0, 0, 0, 0, 0, 1095 }, // U+202D
    { 0, 0, 0, 0, 0, 0, 1095 }, // U+202E
    { 41, 30, 681, 1, 28, 308, 1095 }, // U+2030
    { 6, 12, 127, 1, 29, 18, 1403 }, // U+2032
    { 12, 12, 218, 1, 29, 36, 1421 }, // U+2033
    { 18, 12, 311, 1, 29, 54, 1457 }, // U+2034
    { 6, 12, 125, 1, 29, 18, 1511 }, // U+2035
    { 12, 12, 217, 1, 29, 36, 1529 }, // U+2036
    { 17, 12, 309, 1, 29, 51, 1565 }, // U+2037
    { 12, 18, 248, 2, 18, 54, 1616 }, // U+2039
    { 13, 18, 248, 1, 18, 59, 1670 }, // U+203A
    { 17, 29, 345, 2, 28, 124, 1729 }, // U+203C
    { 13, 30, 261, 2, 29, 98, 1853 }, // U+203D
    { 22, 3, 380, 1, 26, 17, 1951 }, // U+203E
    { 20, 29, 33, -9, 28, 145, 1968 }, // U+2044
    { 25, 29, 463, 2, 28, 182, 2113 }, // U+2047
    { 21, 29, 407, 2, 28, 153, 2295 }, // U+2048
    { 22, 29, 407, 2, 28, 160, 2448 }, // U+2049
    { 26, 40, 419, 0, 27, 260, 2608 }, // U+204B
    { 14, 15, 238, 0, 13, 53, 2868 }, // U+204E
    { 23, 12, 403, 1, 29, 69, 2921 }, // U+2057
    { 0, 0, 0, 0, 0, 0, 2990 }, // U+2060
    { 0, 0, 0, 0, 0, 0, 2990 }, // U+2061
    { 0, 0, 0, 0, 0, 0, 2990 }, // U+2062
    { 0, 0, 0, 0, 0, 0, 2990 }, // U+2063
    { 0, 0, 0, 0, 0, 0, 2990 }, // U+2064
    { 0, 0, 0, 0, 0, 0, 2990 }, // U+2066
    { 0, 0, 0, 0, 0, 0, 2990 }, // U+2067
    { 0, 0, 0, 0, 0, 0, 2990 }, // U+2068
    { 0, 0, 0, 0, 0, 0, 2990 }, // U+2069
    { 0, 0, 0, 0, 0, 0, 2990 }, // U+206A
    { 0, 0, 0, 0, 0, 0, 2990 }, // U+206B
    { 0, 0, 0, 0, 0, 0, 2990 }, // U+206C
    { 0, 0, 0, 0, 0, 0, 2990 }, // U+206D
    { 0, 0, 0, 0, 0, 0, 2990 }, // U+206E
    { 0, 0, 0, 0, 0, 0, 2990 }, // U+206F
    { 13, 16, 228, 1, 33, 52, 0 }, // U+2070
    { 10, 19, 161, 0, 31, 48, 52 }, // U+2071
    { 14, 16, 221, 0, 34, 56, 100 }, // U+2074
    { 10, 15, 193, 1, 33, 38, 156 }, // U+2075
    { 12, 15, 211, 1, 33, 45, 194 }, // U+2076
    { 13, 15, 205, 0, 33, 49, 239 }, // U+2077
    { 13, 15, 210, 0, 33, 49, 288 }, // U+2078
    { 13, 16, 223, 0, 33, 52, 337 }, // U+2079
    { 15, 15, 277, 1, 33, 57, 389 }, // U+207A
    { 16, 3, 258, 0, 26, 12, 446 }, // U+207B
    { 15, 7, 266, 1, 29, 27, 458 }, // U+207C
    { 8, 24, 133, 1, 37, 48, 485 }, // U+207D
    { 8, 24, 133, 0, 37, 48, 533 }, // U+207E
    { 17, 13, 281, 0, 25, 56, 581 }, // U+207F
    { 13, 16, 228, 1, 8, 52, 637 }, // U+2080
    { 9, 15, 166, 1, 8, 34, 689 }, // U+2081
    { 13, 15, 227, 1, 8, 49, 723 }, // U+2082
    { 10, 15, 197, 1, 8, 38, 772 }, // U+2083
    { 14, 16, 221, 0, 9, 56, 810 }, // U+2084
    { 10, 15, 193, 1, 8, 38, 866 }, // U+2085
    { 12, 15, 211, 1, 8, 45, 904 }, // U+2086
    { 13, 15, 205, 0, 8, 49, 949 }, // U+2087
    { 13, 15, 210, 0, 8, 49, 998 }, // U+2088
    { 13, 16, 223, 0, 8, 52, 1047 }, // U+2089
    { 15, 15, 277, 1, 8, 57, 1099 }, // U+208A
    { 16, 3, 257, 0, 2, 12, 1156 }, // U+208B
    { 15, 7, 266, 1, 4, 27, 1168 }, // U+208C
    { 8, 24, 133, 1, 12, 48, 1195 }, // U+208D
    { 8, 24, 133, 0, 12, 48, 1243 }, // U+208E
    { 13, 12, 227, 1, 5, 39, 1291 }, // U+2090
    { 12, 12, 215, 1, 5, 36, 1330 }, // U+2091
    { 14, 12, 253, 1, 5, 42, 1366 }, // U+2092
    { 16, 12, 248, 0, 5, 48, 1408 }, // U+2093
    { 11, 12, 201, 1, 4, 33, 1456 }, // U+2094
    { 17, 20, 277, 0, 14, 85, 1489 }, // U+2095
    { 18, 20, 282, 0, 14, 90, 1574 }, // U+2096
    { 9, 20, 155, 0, 14, 45, 1664 }, // U+2097
    { 24, 13, 393, 0, 7, 78, 1709 }, // U+2098
    { 17, 13, 281, 0, 7, 56, 1787 }, // U+2099
    { 17, 19, 275, 0, 6, 81, 1843 }, // U+209A
    { 10, 12, 188, 1, 7, 30, 1924 }, // U+209B
    { 12, 15, 191, 0, 9, 45, 1954 }, // U+209C
    { 27, 36, 473, 1, 31, 243, 0 }, // U+20A1
    { 23, 29, 375, 0, 28, 167, 243 }, // U+20A3
    { 25, 29, 379, -1, 27, 182, 410 }, // U+20A4
    { 27, 31, 430, 0, 24, 210, 592 }, // U+20A5
    { 35, 29, 552, 0, 28, 254, 802 }, // U+20A6
    { 28, 29, 447, 0, 28, 203, 1056 }, // U+20A7
    { 38, 29, 615, 0, 28, 276, 1259 }, // U+20A8
    { 43, 29, 680, 0, 28, 312, 1535 }, // U+20A9
    { 20, 33, 334, 1, 28, 165, 1847 }, // U+20AB
    { 30, 29, 492, 0, 28, 218, 2012 }, // U+20AC
    { 33, 29, 509, 0, 28, 240, 2230 }, // U+20AD
    { 30, 31, 463, 0, 30, 233, 2470 }, // U+20AE
    { 28, 29, 425, 0, 28, 203, 2703 }, // U+20B1
    { 28, 36, 479, 1, 31, 252, 2906 }, // U+20B2
    { 23, 29, 368, 0, 28, 167, 3158 }, // U+20B4
    { 27, 35, 473, 1, 31, 237, 3325 }, // U+20B5
    { 26, 29, 405, 0, 28, 189, 3562 }, // U+20B8
    { 21, 29, 352, 1, 28, 153, 3751 }, // U+20B9
    { 23, 29, 367, 0, 28, 167, 3904 }, // U+20BA
    { 31, 31, 497, 0, 30, 241, 4071 }, // U+20BC
    { 25, 29, 410, 0, 28, 182, 4312 }, // U+20BD
    { 17, 31, 269, 0, 30, 132, 0 }, // U+2113
    { 40, 18, 674, 1, 21, 180, 0 }, // U+2190
    { 17, 38, 298, 1, 29, 162, 180 }, // U+2191
    { 40, 17, 674, 1, 21, 170, 342 }, // U+2192
    { 17, 37, 297, 1, 29, 158, 512 }, // U+2193
    { 40, 17, 671, 1, 21, 170, 670 }, // U+2194
    { 18, 38, 293, 0, 29, 171, 840 }, // U+2195
    { 30, 32, 511, 1, 24, 240, 1011 }, // U+2196
    { 31, 31, 520, 1, 24, 241, 1251 }, // U+2197
    { 31, 32, 511, 0, 25, 248, 1492 }, // U+2198
    { 32, 31, 520, 0, 24, 248, 1740 }, // U+2199
    { 40, 31, 674, 1, 28, 310, 1988 }, // U+219A
    { 40, 31, 674, 1, 28, 310, 2298 }, // U+219B
    { 40, 18, 674, 1, 21, 180, 2608 }, // U+219E
    { 18, 38, 297, 0, 29, 171, 2788 }, // U+219F
    { 40, 17, 674, 1, 21, 170, 2959 }, // U+21A0
    { 18, 38, 297, 0, 29, 171, 3129 }, // U+21A1
    { 37, 18, 620, 1, 21, 167, 3300 }, // U+21A2
    { 40, 31, 671, 1, 28, 310, 3467 }, // U+21AE
    { 38, 18, 644, 1, 21, 171, 3777 }, // U+21D0
    { 18, 38, 297, 0, 29, 171, 3948 }, // U+21D1
    { 38, 17, 644, 1, 21, 162, 4119 }, // U+21D2
    { 18, 38, 297, 0, 29, 171, 4281 }, // U+21D3
    { 40, 17, 669, 1, 21, 170, 4452 }, // U+21DA
    { 40, 18, 669, 1, 21, 180, 4622 }, // U+21DB
    { 21, 31, 343, 0, 30, 163, 0 }, // U+2202
    { 27, 31, 452, 1, 27, 210, 163 }, // U+2205
    { 26, 28, 435, 0, 28, 182, 373 }, // U+2206
    { 25, 29, 459, 3, 27, 182, 555 }, // U+2207
    { 33, 29, 527, 0, 28, 240, 737 }, // U+220F
    { 33, 29, 527, 0, 28, 240, 977 }, // U+2210
    { 24, 32, 370, -1, 28, 192, 1217 }, // U+2211
    { 24, 3, 408, 1, 12, 18, 1409 }, // U+2212
    { 23, 26, 400, 1, 26, 150, 1427 }, // U+2213
    { 17, 31, 271, 0, 28, 132, 1577 }, // U+2215
    { 17, 31, 271, 0, 28, 132, 1709 }, // U+2216
    { 8, 8, 160, 1, 13, 16, 1841 }, // U+2219
    { 26, 34, 290, -1, 29, 221, 1857 }, // U+221A
    { 32, 18, 545, 1, 18, 144, 2078 }, // U+221E
    { 5, 43, 184, 3, 30, 54, 2222 }, // U+2223
    { 17, 43, 184, -3, 30, 183, 2276 }, // U+2224
    { 12, 43, 291, 3, 30, 129, 2459 }, // U+2225
    { 22, 43, 291, -2, 30, 237, 2588 }, // U+2226
    { 25, 37, 249, -6, 28, 232, 2825 }, // U+222B
    { 7, 20, 188, 2, 18, 35, 3057 }, // U+2236
    { 21, 7, 363, 1, 17, 37, 3092 }, // U+223C
    { 21, 24, 363, 1, 25, 126, 3129 }, // U+2241
    { 21, 14, 363, 1, 18, 74, 3255 }, // U+2248
    { 24, 24, 419, 1, 22, 144, 3329 }, // U+2260
    { 23, 24, 399, 1, 23, 138, 3473 }, // U+2264
    { 23, 24, 399, 1, 23, 138, 3611 }, // U+2265
    { 33, 21, 559, 1, 20, 174, 3749 }, // U+226A
    { 33, 21, 559, 1, 20, 174, 3923 }, // U+226B
    { 20, 27, 361, 1, 23, 135, 4097 }, // U+226E
    { 20, 27, 361, 1, 23, 135, 4232 }, // U+226F
    { 8, 8, 170, 1, 13, 16, 4367 }, // U+22C5
    { 26, 8, 450, 1, 13, 52, 4383 }, // U+22EF
    { 9, 27, 207, 2, 27, 61, 0 }, // U+2669
    { 15, 27, 301, 2, 27, 102, 61 }, // U+266A
    { 23, 30, 427, 2, 28, 173, 163 }, // U+266B
    { 23, 30, 427, 2, 28, 173, 336 }, // U+266C
    { 12, 26, 231, 1, 25, 78, 509 }, // U+266D
    { 12, 27, 238, 1, 18, 81, 587 }, // U+266E
    { 19, 35, 369, 2, 25, 167, 668 }, // U+266F
    { 46, 44, 846, 3, 36, 506, 835 }, // U+2764
    { 33, 31, 443, 0, 30, 256, 0 }, // U+FB00
    { 25, 31, 394, 0, 30, 194, 256 }, // U+FB01
    { 25, 31, 401, 0, 30, 194, 450 }, // U+FB02
    { 37, 31, 597, 0, 30, 287, 644 }, // U+FB03
    { 38, 31, 603, 0, 30, 295, 931 }, // U+FB04
    { 28, 31, 445, 0, 30, 217, 1226 }, // U+FB05
    { 29, 29, 475, 1, 28, 211, 1443 }, // U+FB06
    { 34, 34, 534, 0, 30, 289, 0 }, // U+FFFD
    { 43, 43, 846, 5, 36, 463, 0 }, // U+1F44B
    { 23, 30, 391, 1, 29, 173, 463 }, // U+1F44C
    { 22, 28, 395, 1, 27, 154, 636 }, // U+1F44D
    { 39, 43, 846, 7, 36, 420, 790 }, // U+1F44E
    { 41, 43, 846, 6, 36, 441, 1210 }, // U+1F44F
    { 43, 43, 846, 5, 36, 463, 1651 }, // U+1F600
    { 43, 43, 846, 5, 36, 463, 2114 }, // U+1F601
    { 51, 43, 846, 1, 36, 549, 2577 }, // U+1F602
    { 43, 43, 846, 5, 36, 463, 3126 }, // U+1F603
    { 43, 43, 846, 5, 36, 463, 3589 }, // U+1F604
    { 46, 43, 846, 4, 36, 495, 4052 }, // U+1F605
    { 43, 43, 846, 5, 36, 463, 4547 }, // U+1F606
    { 41, 42, 846, 6, 35, 431, 5010 }, // U+1F607
    { 43, 43, 846, 5, 36, 463, 5441 }, // U+1F609
    { 43, 43, 846, 5, 36, 463, 5904 }, // U+1F60A
    { 43, 44, 846, 5, 36, 473, 6367 }, // U+1F60B
    { 43, 43, 846, 5, 36, 463, 6840 }, // U+1F60C
    { 43, 43, 846, 5, 36, 463, 7303 }, // U+1F60D
    { 44, 43, 846, 4, 36, 473, 7766 }, // U+1F60E
    { 43, 43, 846, 5, 36, 463, 8239 }, // U+1F60F
    { 43, 43, 846, 5, 36, 463, 8702 }, // U+1F610
    { 43, 43, 846, 5, 36, 463, 9165 }, // U+1F611
    { 43, 43, 846, 5, 36, 463, 9628 }, // U+1F612
    { 43, 43, 846, 5, 36, 463, 10091 }, // U+1F613
    { 43, 43, 846, 5, 36, 463, 10554 }, // U+1F614
    { 43, 43, 846, 5, 36, 463, 11017 }, // U+1F618
    { 43, 43, 846, 5, 36, 463, 11480 }, // U+1F61A
    { 43, 44, 846, 5, 36, 473, 11943 }, // U+1F61C
    { 43, 44, 846, 5, 36, 473, 12416 }, // U+1F61D
    { 43, 43, 846, 5, 36, 463, 12889 }, // U+1F620
    { 43, 43, 846, 5, 36, 463, 13352 }, // U+1F621
    { 43, 43, 846, 5, 36, 463, 13815 }, // U+1F622
    { 46, 43, 846, 4, 36, 495, 14278 }, // U+1F624
    { 44, 43, 846, 5, 36, 473, 14773 }, // U+1F625
    { 43, 43, 846, 5, 36, 463, 15246 }, // U+1F629
    { 43, 43, 846, 5, 36, 463, 15709 }, // U+1F62C
    { 43, 44, 846, 5, 36, 473, 16172 }, // U+1F62D
    { 43, 43, 846, 5, 36, 463, 16645 }, // U+1F62E
    { 49, 44, 846, 2, 36, 539, 17108 }, // U+1F631
    { 43, 43, 846, 5, 36, 463, 17647 }, // U+1F632
    { 43, 43, 846, 5, 36, 463, 18110 }, // U+1F633
    { 44, 43, 846, 5, 36, 473, 18573 }, // U+1F634
    { 43, 43, 846, 5, 36, 463, 19046 }, // U+1F635
    { 43, 43, 846, 5, 36, 463, 19509 }, // U+1F641
    { 43, 43, 846, 5, 36, 463, 19972 }, // U+1F642
    { 43, 43, 846, 5, 36, 463, 20435 }, // U+1F644
};

static const EpdUnicodeInterval ebgaramond_20_boldIntervals[] = {
    { 0x0, 0x17F, 0x0 },
    { 0x1A0, 0x1A1, 0x180 },
    { 0x1AF, 0x1B0, 0x182 },
    { 0x1C4, 0x21F, 0x184 },
    { 0x300, 0x33E, 0x1E0 },
    { 0x340, 0x345, 0x21F },
    { 0x34F, 0x34F, 0x225 },
    { 0x351, 0x351, 0x226 },
    { 0x353, 0x353, 0x227 },
    { 0x357, 0x357, 0x228 },
    { 0x35D, 0x35D, 0x229 },
    { 0x361, 0x361, 0x22A },
    { 0x364, 0x364, 0x22B },
    { 0x3BB, 0x3BB, 0x22C },
    { 0x400, 0x45F, 0x22D },
    { 0x462, 0x463, 0x28D },
    { 0x46A, 0x46B, 0x28F },
    { 0x470, 0x470, 0x291 },
    { 0x472, 0x477, 0x292 },
    { 0x48A, 0x4FF, 0x298 },
    { 0x1EA0, 0x1EF9, 0x30E },
    { 0x2000, 0x2016, 0x368 },
    { 0x2018, 0x201A, 0x37F },
    { 0x201C, 0x201E, 0x382 },
    { 0x2020, 0x2022, 0x385 },
    { 0x2024, 0x2027, 0x388 },
    { 0x202A, 0x202E, 0x38C },
    { 0x2030, 0x2030, 0x391 },
    { 0x2032, 0x2037, 0x392 },
    { 0x2039, 0x203A, 0x398 },
    { 0x203C, 0x203E, 0x39A },
    { 0x2044, 0x2044, 0x39D },
    { 0x2047, 0x2049, 0x39E },
    { 0x204B, 0x204B, 0x3A1 },
    { 0x204E, 0x204E, 0x3A2 },
    { 0x2057, 0x2057, 0x3A3 },
    { 0x2060, 0x2064, 0x3A4 },
    { 0x2066, 0x2071, 0x3A9 },
    { 0x2074, 0x208E, 0x3B5 },
    { 0x2090, 0x209C, 0x3D0 },
    { 0x20A1, 0x20A1, 0x3DD },
    { 0x20A3, 0x20A9, 0x3DE },
    { 0x20AB, 0x20AE, 0x3E5 },
    { 0x20B1, 0x20B2, 0x3E9 },
    { 0x20B4, 0x20B5, 0x3EB },
    { 0x20B8, 0x20BA, 0x3ED },
    { 0x20BC, 0x20BD, 0x3F0 },
    { 0x2113, 0x2113, 0x3F2 },
    { 0x2190, 0x219B, 0x3F3 },
    { 0x219E, 0x21A2, 0x3FF },
    { 0x21AE, 0x21AE, 0x404 },
    { 0x21D0, 0x21D3, 0x405 },
    { 0x21DA, 0x21DB, 0x409 },
    { 0x2202, 0x2202, 0x40B },
    { 0x2205, 0x2207, 0x40C },
    { 0x220F, 0x2213, 0x40F },
    { 0x2215, 0x2216, 0x414 },
    { 0x2219, 0x221A, 0x416 },
    { 0x221E, 0x221E, 0x418 },
    { 0x2223, 0x2226, 0x419 },
    { 0x222B, 0x222B, 0x41D },
    { 0x2236, 0x2236, 0x41E },
    { 0x223C, 0x223C, 0x41F },
    { 0x2241, 0x2241, 0x420 },
    { 0x2248, 0x2248, 0x421 },
    { 0x2260, 0x2260, 0x422 },
    { 0x2264, 0x2265, 0x423 },
    { 0x226A, 0x226B, 0x425 },
    { 0x226E, 0x226F, 0x427 },
    { 0x22C5, 0x22C5, 0x429 },
    { 0x22EF, 0x22EF, 0x42A },
    { 0x2669, 0x266F, 0x42B },
    { 0x2764, 0x2764, 0x432 },
    { 0xFB00, 0xFB06, 0x433 },
    { 0xFFFD, 0xFFFD, 0x43A },
    { 0x1F44B, 0x1F44F, 0x43B },
    { 0x1F600, 0x1F607, 0x440 },
    { 0x1F609, 0x1F614, 0x448 },
    { 0x1F618, 0x1F618, 0x454 },
    { 0x1F61A, 0x1F61A, 0x455 },
    { 0x1F61C, 0x1F61D, 0x456 },
    { 0x1F620, 0x1F622, 0x458 },
    { 0x1F624, 0x1F625, 0x45B },
    { 0x1F629, 0x1F629, 0x45D },
    { 0x1F62C, 0x1F62E, 0x45E },
    { 0x1F631, 0x1F635, 0x461 },
    { 0x1F641, 0x1F642, 0x466 },
    { 0x1F644, 0x1F644, 0x468 },
};

static const EpdFontGroup ebgaramond_20_boldGroups[] = {
    { 0, 5549, 14053, 128, 0 },
    { 5549, 4711, 16207, 128, 128 },
    { 10260, 6042, 26893, 128, 256 },
    { 16302, 6168, 23494, 96, 384 },
    { 22470, 1083, 2100, 76, 480 },
    { 23553, 127, 186, 1, 556 },
    { 23680, 12685, 47109, 225, 557 },
    { 36365, 3490, 21406, 90, 782 },
    { 39855, 1471, 3308, 75, 872 },
    { 41326, 902, 2263, 42, 947 },
    { 42228, 2034, 4701, 21, 989 },
    { 44262, 104, 155, 1, 1010 },
    { 44366, 1424, 5013, 24, 1011 },
    { 45790, 1687, 4807, 32, 1035 },
    { 47477, 536, 1411, 8, 1067 },
    { 48013, 589, 1782, 7, 1075 },
    { 48602, 157, 306, 1, 1082 },
    { 48759, 6303, 21421, 46, 1083 },
};

static const EpdKernClassEntry ebgaramond_20_boldKernLeftClasses[] = {
    { 0x0026, 1 }, // &
    { 0x0028, 2 }, // (
    { 0x002A, 3 }, // *
    { 0x002C, 4 }, // ,
    { 0x002D, 5 }, // -
    { 0x002E, 4 }, // .
    { 0x002F, 6 }, // /
    { 0x003A, 7 }, // :
    { 0x0040, 8 }, // @
    { 0x0041, 9 }, // A
    { 0x0042, 10 }, // B
    { 0x0043, 11 }, // C
    { 0x0044, 12 }, // D
    { 0x0045, 13 }, // E
    { 0x0046, 14 }, // F
    { 0x0047, 15 }, // G
    { 0x0048, 16 }, // H
    { 0x0049, 16 }, // I
    { 0x004A, 17 }, // J
    { 0x004B, 18 }, // K
    { 0x004C, 19 }, // L
    { 0x004D, 20 }, // M
    { 0x004E, 21 }, // N
    { 0x004F, 12 }, // O
    { 0x0050, 22 }, // P
    { 0x0051, 12 }, // Q
    { 0x0052, 23 }, // R
    { 0x0053, 24 }, // S
    { 0x0054, 25 }, // T
    { 0x0055, 26 }, // U
    { 0x0056, 27 }, // V
    { 0x0057, 27 }, // W
    { 0x0058, 28 }, // X
    { 0x0059, 29 }, // Y
    { 0x005A, 30 }, // Z
    { 0x005B, 31 }, // [
    { 0x005C, 32 }, // <backslash>
    { 0x0061, 33 }, // a
    { 0x0062, 34 }, // b
    { 0x0063, 35 }, // c
    { 0x0064, 36 }, // d
    { 0x0065, 37 }, // e
    { 0x0066, 38 }, // f
    { 0x0067, 39 }, // g
    { 0x0068, 40 }, // h
    { 0x0069, 41 }, // i
    { 0x006B, 42 }, // k
    { 0x006C, 36 }, // l
    { 0x006D, 40 }, // m
    { 0x006E, 40 }, // n
    { 0x006F, 34 }, // o
    { 0x0070, 34 }, // p
    { 0x0071, 43 }, // q
    { 0x0072, 44 }, // r
    { 0x0073, 45 }, // s
    { 0x0074, 46 }, // t
    { 0x0075, 41 }, // u
    { 0x0076, 47 }, // v
    { 0x0077, 47 }, // w
    { 0x0078, 48 }, // x
    { 0x0079, 47 }, // y
    { 0x00A1, 49 }, // U+00A1
    { 0x00A7, 50 }, // U+00A7
    { 0x00AB, 51 }, // U+00AB
    { 0x00AE, 52 }, // U+00AE
    { 0x00B6, 53 }, // U+00B6
    { 0x00B7, 54 }, // U+00B7
    { 0x00BB, 55 }, // U+00BB
    { 0x00BF, 56 }, // U+00BF
    { 0x00C0, 9 }, // U+00C0
    { 0x00C1, 9 }, // U+00C1
    { 0x00C2, 9 }, // U+00C2
    { 0x00C3, 9 }, // U+00C3
    { 0x00C4, 9 }, // U+00C4
    { 0x00C5, 9 }, // U+00C5
    { 0x00C6, 13 }, // U+00C6
    { 0x00C7, 11 }, // U+00C7
    { 0x00C8, 13 }, // U+00C8
    { 0x00C9, 13 }, // U+00C9
    { 0x00CA, 13 }, // U+00CA
    { 0x00CB, 13 }, // U+00CB
    { 0x00CC, 16 }, // U+00CC
    { 0x00CD, 16 }, // U+00CD
    { 0x00CE, 16 }, // U+00CE
    { 0x00CF, 16 }, // U+00CF
    { 0x00D0, 12 }, // U+00D0
    { 0x00D1, 21 }, // U+00D1
    { 0x00D2, 12 }, // U+00D2
    { 0x00D3, 12 }, // U+00D3
    { 0x00D4, 12 }, // U+00D4
    { 0x00D5, 12 }, // U+00D5
    { 0x00D6, 12 }, // U+00D6
    { 0x00D8, 12 }, // U+00D8
    { 0x00D9, 26 }, // U+00D9
    { 0x00DA, 26 }, // U+00DA
    { 0x00DB, 26 }, // U+00DB
    { 0x00DC, 26 }, // U+00DC
    { 0x00DD, 29 }, // U+00DD
    { 0x00DE, 57 }, // U+00DE
    { 0x00DF, 58 }, // U+00DF
    { 0x00E0, 33 }, // U+00E0
    { 0x00E1, 33 }, // U+00E1
    { 0x00E2, 33 }, // U+00E2
    { 0x00E3, 33 }, // U+00E3
    { 0x00E4, 33 }, // U+00E4
    { 0x00E5, 33 }, // U+00E5
    { 0x00E6, 37 }, // U+00E6
    { 0x00E7, 35 }, // U+00E7
    { 0x00E8, 37 }, // U+00E8
    { 0x00E9, 37 }, // U+00E9
    { 0x00EA, 37 }, // U+00EA
    { 0x00EB, 37 }, // U+00EB
    { 0x00EC, 41 }, // U+00EC
    { 0x00ED, 41 }, // U+00ED
    { 0x00EE, 41 }, // U+00EE
    { 0x00EF, 41 }, // U+00EF
    { 0x00F1, 40 }, // U+00F1
    { 0x00F2, 34 }, // U+00F2
    { 0x00F3, 34 }, // U+00F3
    { 0x00F4, 34 }, // U+00F4
    { 0x00F5, 34 }, // U+00F5
    { 0x00F6, 34 }, // U+00F6
    { 0x00F8, 34 }, // U+00F8
    { 0x00F9, 41 }, // U+00F9
    { 0x00FA, 41 }, // U+00FA
    { 0x00FB, 41 }, // U+00FB
    { 0x00FC, 41 }, // U+00FC
    { 0x00FD, 47 }, // U+00FD
    { 0x00FE, 34 }, // U+00FE
    { 0x00FF, 47 }, // U+00FF
    { 0x0100, 9 }, // U+0100
    { 0x0101, 33 }, // U+0101
    { 0x0102, 9 }, // U+0102
    { 0x0103, 33 }, // U+0103
    { 0x0104, 9 }, // U+0104
    { 0x0105, 33 }, // U+0105
    { 0x0106, 11 }, // U+0106
    { 0x0107, 35 }, // U+0107
    { 0x0108, 11 }, // U+0108
    { 0x0109, 35 }, // U+0109
    { 0x010A, 11 }, // U+010A
    { 0x010B, 35 }, // U+010B
    { 0x010C, 11 }, // U+010C
    { 0x010D, 35 }, // U+010D
    { 0x010E, 12 }, // U+010E
    { 0x010F, 59 }, // U+010F
    { 0x0110, 12 }, // U+0110
    { 0x0111, 36 }, // U+0111
    { 0x0112, 13 }, // U+0112
    { 0x0113, 37 }, // U+0113
    { 0x0114, 13 }, // U+0114
    { 0x0115, 37 }, // U+0115
    { 0x0116, 13 }, // U+0116
    { 0x0117, 37 }, // U+0117
    { 0x0118, 13 }, // U+0118
    { 0x0119, 37 }, // U+0119
    { 0x011A, 13 }, // U+011A
    { 0x011B, 37 }, // U+011B
    { 0x011C, 15 }, // U+011C
    { 0x011D, 39 }, // U+011D
    { 0x011E, 15 }, // U+011E
    { 0x011F, 39 }, // U+011F
    { 0x0120, 15 }, // U+0120
    { 0x0121, 39 }, // U+0121
    { 0x0122, 15 }, // U+0122
    { 0x0123, 39 }, // U+0123
    { 0x0124, 16 }, // U+0124
    { 0x0125, 40 }, // U+0125
    { 0x0126, 16 }, // U+0126
    { 0x0127, 40 }, // U+0127
    { 0x0128, 16 }, // U+0128
    { 0x012A, 16 }, // U+012A
    { 0x012C, 16 }, // U+012C
    { 0x012D, 41 }, // U+012D
    { 0x012E, 16 }, // U+012E
    { 0x0130, 16 }, // U+0130
    { 0x0131, 41 }, // U+0131
    { 0x0132, 17 }, // U+0132
    { 0x0134, 17 }, // U+0134
    { 0x0136, 18 }, // U+0136
    { 0x0137, 42 }, // U+0137
    { 0x0138, 42 }, // U+0138
    { 0x0139, 19 }, // U+0139
    { 0x013A, 36 }, // U+013A
    { 0x013B, 19 }, // U+013B
    { 0x013C, 36 }, // U+013C
    { 0x013D, 19 }, // U+013D
    { 0x013E, 59 }, // U+013E
    { 0x013F, 19 }, // U+013F
    { 0x0141, 19 }, // U+0141
    { 0x0142, 36 }, // U+0142
    { 0x0143, 21 }, // U+0143
    { 0x0144, 40 }, // U+0144
    { 0x0145, 21 }, // U+0145
    { 0x0146, 40 }, // U+0146
    { 0x0147, 21 }, // U+0147
    { 0x0148, 40 }, // U+0148
    { 0x0149, 40 }, // U+0149
    { 0x014A, 21 }, // U+014A
    { 0x014C, 12 }, // U+014C
    { 0x014D, 34 }, // U+014D
    { 0x014E, 12 }, // U+014E
    { 0x014F, 34 }, // U+014F
    { 0x0150, 12 }, // U+0150
    { 0x0151, 34 }, // U+0151
    { 0x0152, 13 }, // U+0152
    { 0x0153, 37 }, // U+0153
    { 0x0154, 23 }, // U+0154
    { 0x0155, 44 }, // U+0155
    { 0x0156, 23 }, // U+0156
    { 0x0157, 44 }, // U+0157
    { 0x0158, 23 }, // U+0158
    { 0x0159, 44 }, // U+0159
    { 0x015A, 24 }, // U+015A
    { 0x015B, 45 }, // U+015B
    { 0x015C, 24 }, // U+015C
    { 0x015D, 45 }, // U+015D
    { 0x015E, 24 }, // U+015E
    { 0x015F, 45 }, // U+015F
    { 0x0160, 24 }, // U+0160
    { 0x0161, 45 }, // U+0161
    { 0x0162, 25 }, // U+0162
    { 0x0163, 46 }, // U+0163
    { 0x0164, 25 }, // U+0164
    { 0x0166, 25 }, // U+0166
    { 0x0167, 46 }, // U+0167
    { 0x0168, 26 }, // U+0168
    { 0x0169, 41 }, // U+0169
    { 0x016A, 26 }, // U+016A
    { 0x016B, 41 }, // U+016B
    { 0x016C, 26 }, // U+016C
    { 0x016D, 41 }, // U+016D
    { 0x016E, 26 }, // U+016E
    { 0x016F, 41 }, // U+016F
    { 0x0170, 26 }, // U+0170
    { 0x0171, 41 }, // U+0171
    { 0x0172, 26 }, // U+0172
    { 0x0173, 41 }, // U+0173
    { 0x0174, 27 }, // U+0174
    { 0x0175, 47 }, // U+0175
    { 0x0176, 29 }, // U+0176
    { 0x0177, 47 }, // U+0177
    { 0x0178, 29 }, // U+0178
    { 0x0179, 30 }, // U+0179
    { 0x017B, 30 }, // U+017B
    { 0x017D, 30 }, // U+017D
    { 0x017F, 60 }, // U+017F
    { 0x01A0, 12 }, // U+01A0
    { 0x01AF, 26 }, // U+01AF
    { 0x01C4, 30 }, // U+01C4
    { 0x01C7, 17 }, // U+01C7
    { 0x01CA, 17 }, // U+01CA
    { 0x01CD, 9 }, // U+01CD
    { 0x01CE, 33 }, // U+01CE
    { 0x01CF, 16 }, // U+01CF
    { 0x01D0, 41 }, // U+01D0
    { 0x01D1, 12 }, // U+01D1
    { 0x01D2, 34 }, // U+01D2
    { 0x01D3, 26 }, // U+01D3
    { 0x01D4, 41 }, // U+01D4
    { 0x01D5, 26 }, // U+01D5
    { 0x01D6, 41 }, // U+01D6
    { 0x01D7, 26 }, // U+01D7
    { 0x01D8, 41 }, // U+01D8
    { 0x01D9, 26 }, // U+01D9
    { 0x01DA, 41 }, // U+01DA
    { 0x01DB, 26 }, // U+01DB
    { 0x01DC, 41 }, // U+01DC
    { 0x01DD, 34 }, // U+01DD
    { 0x01DE, 9 }, // U+01DE
    { 0x01DF, 33 }, // U+01DF
    { 0x01E0, 9 }, // U+01E0
    { 0x01E1, 33 }, // U+01E1
    { 0x01E2, 13 }, // U+01E2
    { 0x01E3, 37 }, // U+01E3
    { 0x01E4, 15 }, // U+01E4
    { 0x01E5, 39 }, // U+01E5
    { 0x01E6, 15 }, // U+01E6
    { 0x01E7, 39 }, // U+01E7
    { 0x01E8, 18 }, // U+01E8
    { 0x01E9, 42 }, // U+01E9
    { 0x01EA, 12 }, // U+01EA
    { 0x01EB, 34 }, // U+01EB
    { 0x01EC, 12 }, // U+01EC
    { 0x01ED, 34 }, // U+01ED
    { 0x01EE, 61 }, // U+01EE
    { 0x01EF, 62 }, // U+01EF
    { 0x01F1, 30 }, // U+01F1
    { 0x01F4, 15 }, // U+01F4
    { 0x01F5, 39 }, // U+01F5
    { 0x01F6, 63 }, // U+01F6
    { 0x01F7, 64 }, // U+01F7
    { 0x01F8, 21 }, // U+01F8
    { 0x01F9, 40 }, // U+01F9
    { 0x01FA, 9 }, // U+01FA
    { 0x01FB, 33 }, // U+01FB
    { 0x01FC, 13 }, // U+01FC
    { 0x01FD, 37 }, // U+01FD
    { 0x01FE, 12 }, // U+01FE
    { 0x01FF, 34 }, // U+01FF
    { 0x0200, 9 }, // U+0200
    { 0x0201, 33 }, // U+0201
    { 0x0202, 9 }, // U+0202
    { 0x0203, 33 }, // U+0203
    { 0x0204, 13 }, // U+0204
    { 0x0205, 37 }, // U+0205
    { 0x0206, 13 }, // U+0206
    { 0x0207, 37 }, // U+0207
    { 0x0208, 16 }, // U+0208
    { 0x0209, 41 }, // U+0209
    { 0x020A, 16 }, // U+020A
    { 0x020B, 41 }, // U+020B
    { 0x020C, 12 }, // U+020C
    { 0x020D, 34 }, // U+020D
    { 0x020E, 12 }, // U+020E
    { 0x020F, 34 }, // U+020F
    { 0x0210, 23 }, // U+0210
    { 0x0211, 44 }, // U+0211
    { 0x0212, 23 }, // U+0212
    { 0x0213, 44 }, // U+0213
    { 0x0214, 26 }, // U+0214
    { 0x0215, 41 }, // U+0215
    { 0x0216, 26 }, // U+0216
    { 0x0217, 41 }, // U+0217
    { 0x0218, 24 }, // U+0218
    { 0x0219, 45 }, // U+0219
    { 0x021A, 25 }, // U+021A
    { 0x021B, 46 }, // U+021B
    { 0x021E, 16 }, // U+021E
    { 0x021F, 40 }, // U+021F
    { 0x0400, 13 }, // U+0400
    { 0x0401, 13 }, // U+0401
    { 0x0402, 65 }, // U+0402
    { 0x0403, 66 }, // U+0403
    { 0x0404, 11 }, // U+0404
    { 0x0405, 24 }, // U+0405
    { 0x0406, 16 }, // U+0406
    { 0x0407, 16 }, // U+0407
    { 0x0408, 17 }, // U+0408
    { 0x0409, 67 }, // U+0409
    { 0x040A, 67 }, // U+040A
    { 0x040B, 68 }, // U+040B
    { 0x040C, 69 }, // U+040C
    { 0x040D, 16 }, // U+040D
    { 0x040E, 27 }, // U+040E
    { 0x040F, 16 }, // U+040F
    { 0x0410, 9 }, // U+0410
    { 0x0411, 70 }, // U+0411
    { 0x0412, 10 }, // U+0412
    { 0x0413, 66 }, // U+0413
    { 0x0414, 16 }, // U+0414
    { 0x0415, 13 }, // U+0415
    { 0x0416, 69 }, // U+0416
    { 0x0417, 10 }, // U+0417
    { 0x0418, 16 }, // U+0418
    { 0x0419, 16 }, // U+0419
    { 0x041A, 69 }, // U+041A
    { 0x041B, 16 }, // U+041B
    { 0x041C, 20 }, // U+041C
    { 0x041D, 16 }, // U+041D
    { 0x041E, 12 }, // U+041E
    { 0x041F, 16 }, // U+041F
    { 0x0420, 22 }, // U+0420
    { 0x0421, 11 }, // U+0421
    { 0x0422, 25 }, // U+0422
    { 0x0423, 27 }, // U+0423
    { 0x0424, 71 }, // U+0424
    { 0x0425, 28 }, // U+0425
    { 0x0426, 16 }, // U+0426
    { 0x0427, 16 }, // U+0427
    { 0x0428, 16 }, // U+0428
    { 0x0429, 16 }, // U+0429
    { 0x042A, 67 }, // U+042A
    { 0x042B, 16 }, // U+042B
    { 0x042C, 67 }, // U+042C
    { 0x042D, 12 }, // U+042D
    { 0x042E, 12 }, // U+042E
    { 0x042F, 16 }, // U+042F
    { 0x0430, 33 }, // U+0430
    { 0x0431, 34 }, // U+0431
    { 0x0432, 72 }, // U+0432
    { 0x0433, 73 }, // U+0433
    { 0x0434, 74 }, // U+0434
    { 0x0435, 37 }, // U+0435
    { 0x0436, 75 }, // U+0436
    { 0x0437, 72 }, // U+0437
    { 0x0438, 74 }, // U+0438
    { 0x0439, 74 }, // U+0439
    { 0x043A, 75 }, // U+043A
    { 0x043B, 74 }, // U+043B
    { 0x043C, 76 }, // U+043C
    { 0x043D, 74 }, // U+043D
    { 0x043E, 34 }, // U+043E
    { 0x043F, 74 }, // U+043F
    { 0x0440, 34 }, // U+0440
    { 0x0441, 35 }, // U+0441
    { 0x0442, 77 }, // U+0442
    { 0x0443, 47 }, // U+0443
    { 0x0444, 34 }, // U+0444
    { 0x0445, 48 }, // U+0445
    { 0x0446, 74 }, // U+0446
    { 0x0447, 74 }, // U+0447
    { 0x0448, 74 }, // U+0448
    { 0x0449, 74 }, // U+0449
    { 0x044A, 78 }, // U+044A
    { 0x044B, 74 }, // U+044B
    { 0x044C, 78 }, // U+044C
    { 0x044D, 34 }, // U+044D
    { 0x044E, 34 }, // U+044E
    { 0x044F, 74 }, // U+044F
    { 0x0450, 37 }, // U+0450
    { 0x0451, 37 }, // U+0451
    { 0x0452, 79 }, // U+0452
    { 0x0453, 73 }, // U+0453
    { 0x0454, 35 }, // U+0454
    { 0x0455, 45 }, // U+0455
    { 0x0456, 41 }, // U+0456
    { 0x0457, 41 }, // U+0457
    { 0x0459, 78 }, // U+0459
    { 0x045A, 78 }, // U+045A
    { 0x045B, 40 }, // U+045B
    { 0x045C, 75 }, // U+045C
    { 0x045D, 74 }, // U+045D
    { 0x045E, 47 }, // U+045E
    { 0x045F, 74 }, // U+045F
    { 0x0462, 80 }, // U+0462
    { 0x0463, 81 }, // U+0463
    { 0x046A, 82 }, // U+046A
    { 0x046B, 83 }, // U+046B
    { 0x0470, 84 }, // U+0470
    { 0x0472, 12 }, // U+0472
    { 0x0473, 34 }, // U+0473
    { 0x0474, 27 }, // U+0474
    { 0x0475, 85 }, // U+0475
    { 0x0476, 27 }, // U+0476
    { 0x0477, 85 }, // U+0477
    { 0x048A, 16 }, // U+048A
    { 0x048B, 74 }, // U+048B
    { 0x048C, 80 }, // U+048C
    { 0x048D, 81 }, // U+048D
    { 0x048E, 22 }, // U+048E
    { 0x048F, 34 }, // U+048F
    { 0x0490, 66 }, // U+0490
    { 0x0491, 86 }, // U+0491
    { 0x0492, 66 }, // U+0492
    { 0x0493, 73 }, // U+0493
    { 0x0494, 87 }, // U+0494
    { 0x0495, 88 }, // U+0495
    { 0x0496, 69 }, // U+0496
    { 0x0497, 75 }, // U+0497
    { 0x0498, 10 }, // U+0498
    { 0x0499, 72 }, // U+0499
    { 0x049A, 69 }, // U+049A
    { 0x049B, 75 }, // U+049B
    { 0x049C, 69 }, // U+049C
    { 0x049D, 75 }, // U+049D
    { 0x049E, 69 }, // U+049E
    { 0x049F, 75 }, // U+049F
    { 0x04A0, 69 }, // U+04A0
    { 0x04A1, 75 }, // U+04A1
    { 0x04A2, 16 }, // U+04A2
    { 0x04A3, 74 }, // U+04A3
    { 0x04A4, 25 }, // U+04A4
    { 0x04A5, 77 }, // U+04A5
    { 0x04A6, 89 }, // U+04A6
    { 0x04A7, 79 }, // U+04A7
    { 0x04A8, 90 }, // U+04A8
    { 0x04A9, 91 }, // U+04A9
    { 0x04AA, 11 }, // U+04AA
    { 0x04AB, 35 }, // U+04AB
    { 0x04AC, 25 }, // U+04AC
    { 0x04AD, 77 }, // U+04AD
    { 0x04AE, 29 }, // U+04AE
    { 0x04AF, 47 }, // U+04AF
    { 0x04B0, 29 }, // U+04B0
    { 0x04B1, 47 }, // U+04B1
    { 0x04B2, 28 }, // U+04B2
    { 0x04B3, 48 }, // U+04B3
    { 0x04B4, 16 }, // U+04B4
    { 0x04B5, 74 }, // U+04B5
    { 0x04B6, 16 }, // U+04B6
    { 0x04B7, 74 }, // U+04B7
    { 0x04B8, 16 }, // U+04B8
    { 0x04B9, 74 }, // U+04B9
    { 0x04BA, 92 }, // U+04BA
    { 0x04BB, 40 }, // U+04BB
    { 0x04BC, 93 }, // U+04BC
    { 0x04BD, 37 }, // U+04BD
    { 0x04BE, 93 }, // U+04BE
    { 0x04BF, 37 }, // U+04BF
    { 0x04C0, 16 }, // U+04C0
    { 0x04C1, 69 }, // U+04C1
    { 0x04C2, 75 }, // U+04C2
    { 0x04C3, 94 }, // U+04C3
    { 0x04C4, 95 }, // U+04C4
    { 0x04C5, 16 }, // U+04C5
    { 0x04C6, 74 }, // U+04C6
    { 0x04C7, 17 }, // U+04C7
    { 0x04C8, 96 }, // U+04C8
    { 0x04C9, 16 }, // U+04C9
    { 0x04CA, 74 }, // U+04CA
    { 0x04CB, 16 }, // U+04CB
    { 0x04CC, 74 }, // U+04CC
    { 0x04CD, 20 }, // U+04CD
    { 0x04CE, 76 }, // U+04CE
    { 0x04D0, 9 }, // U+04D0
    { 0x04D1, 33 }, // U+04D1
    { 0x04D2, 9 }, // U+04D2
    { 0x04D3, 33 }, // U+04D3
    { 0x04D4, 13 }, // U+04D4
    { 0x04D5, 37 }, // U+04D5
    { 0x04D6, 13 }, // U+04D6
    { 0x04D7, 37 }, // U+04D7
    { 0x04D8, 12 }, // U+04D8
    { 0x04D9, 34 }, // U+04D9
    { 0x04DA, 12 }, // U+04DA
    { 0x04DB, 34 }, // U+04DB
    { 0x04DC, 69 }, // U+04DC
    { 0x04DD, 75 }, // U+04DD
    { 0x04DE, 10 }, // U+04DE
    { 0x04DF, 72 }, // U+04DF
    { 0x04E0, 61 }, // U+04E0
    { 0x04E1, 62 }, // U+04E1
    { 0x04E2, 16 }, // U+04E2
    { 0x04E3, 74 }, // U+04E3
    { 0x04E4, 16 }, // U+04E4
    { 0x04E5, 74 }, // U+04E5
    { 0x04E6, 12 }, // U+04E6
    { 0x04E7, 34 }, // U+04E7
    { 0x04E8, 12 }, // U+04E8
    { 0x04E9, 34 }, // U+04E9
    { 0x04EA, 12 }, // U+04EA
    { 0x04EB, 34 }, // U+04EB
    { 0x04EC, 12 }, // U+04EC
    { 0x04ED, 34 }, // U+04ED
    { 0x04EE, 27 }, // U+04EE
    { 0x04EF, 47 }, // U+04EF
    { 0x04F0, 27 }, // U+04F0
    { 0x04F1, 47 }, // U+04F1
    { 0x04F2, 27 }, // U+04F2
    { 0x04F3, 47 }, // U+04F3
    { 0x04F4, 16 }, // U+04F4
    { 0x04F5, 74 }, // U+04F5
    { 0x04F6, 66 }, // U+04F6
    { 0x04F7, 73 }, // U+04F7
    { 0x04F8, 16 }, // U+04F8
    { 0x04F9, 74 }, // U+04F9
    { 0x04FA, 66 }, // U+04FA
    { 0x04FB, 73 }, // U+04FB
    { 0x04FC, 97 }, // U+04FC
    { 0x04FD, 98 }, // U+04FD
    { 0x04FE, 28 }, // U+04FE
    { 0x04FF, 48 }, // U+04FF
    { 0x1EA0, 9 }, // U+1EA0
    { 0x1EA1, 33 }, // U+1EA1
    { 0x1EA2, 9 }, // U+1EA2
    { 0x1EA3, 33 }, // U+1EA3
    { 0x1EA4, 9 }, // U+1EA4
    { 0x1EA5, 33 }, // U+1EA5
    { 0x1EA6, 9 }, // U+1EA6
    { 0x1EA7, 33 }, // U+1EA7
    { 0x1EA8, 9 }, // U+1EA8
    { 0x1EA9, 33 }, // U+1EA9
    { 0x1EAA, 9 }, // U+1EAA
    { 0x1EAB, 33 }, // U+1EAB
    { 0x1EAC, 9 }, // U+1EAC
    { 0x1EAD, 33 }, // U+1EAD
    { 0x1EAE, 9 }, // U+1EAE
    { 0x1EAF, 33 }, // U+1EAF
    { 0x1EB0, 9 }, // U+1EB0
    { 0x1EB1, 33 }, // U+1EB1
    { 0x1EB2, 9 }, // U+1EB2
    { 0x1EB3, 33 }, // U+1EB3
    { 0x1EB4, 9 }, // U+1EB4
    { 0x1EB5, 33 }, // U+1EB5
    { 0x1EB6, 9 }, // U+1EB6
    { 0x1EB7, 33 }, // U+1EB7
    { 0x1EB8, 13 }, // U+1EB8
    { 0x1EB9, 37 }, // U+1EB9
    { 0x1EBA, 13 }, // U+1EBA
    { 0x1EBB, 37 }, // U+1EBB
    { 0x1EBC, 13 }, // U+1EBC
    { 0x1EBD, 37 }, // U+1EBD
    { 0x1EBE, 13 }, // U+1EBE
    { 0x1EBF, 37 }, // U+1EBF
    { 0x1EC0, 13 }, // U+1EC0
    { 0x1EC1, 37 }, // U+1EC1
    { 0x1EC2, 13 }, // U+1EC2
    { 0x1EC3, 37 }, // U+1EC3
    { 0x1EC4, 13 }, // U+1EC4
    { 0x1EC5, 37 }, // U+1EC5
    { 0x1EC6, 13 }, // U+1EC6
    { 0x1EC7, 37 }, // U+1EC7
    { 0x1EC8, 16 }, // U+1EC8
    { 0x1EC9, 41 }, // U+1EC9
    { 0x1ECA, 16 }, // U+1ECA
    { 0x1ECB, 41 }, // U+1ECB
    { 0x1ECC, 12 }, // U+1ECC
    { 0x1ECD, 34 }, // U+1ECD
    { 0x1ECE, 12 }, // U+1ECE
    { 0x1ECF, 34 }, // U+1ECF
    { 0x1ED0, 12 }, // U+1ED0
    { 0x1ED1, 34 }, // U+1ED1
    { 0x1ED2, 12 }, // U+1ED2
    { 0x1ED3, 34 }, // U+1ED3
    { 0x1ED4, 12 }, // U+1ED4
    { 0x1ED5, 34 }, // U+1ED5
    { 0x1ED6, 12 }, // U+1ED6
    { 0x1ED7, 34 }, // U+1ED7
    { 0x1ED8, 12 }, // U+1ED8
    { 0x1ED9, 34 }, // U+1ED9
    { 0x1EDA, 12 }, // U+1EDA
    { 0x1EDC, 12 }, // U+1EDC
    { 0x1EDE, 12 }, // U+1EDE
    { 0x1EE0, 12 }, // U+1EE0
    { 0x1EE2, 12 }, // U+1EE2
    { 0x1EE4, 26 }, // U+1EE4
    { 0x1EE5, 41 }, // U+1EE5
    { 0x1EE6, 26 }, // U+1EE6
    { 0x1EE7, 41 }, // U+1EE7
    { 0x1EE8, 26 }, // U+1EE8
    { 0x1EEA, 26 }, // U+1EEA
    { 0x1EEC, 26 }, // U+1EEC
    { 0x1EEE, 26 }, // U+1EEE
    { 0x1EF0, 26 }, // U+1EF0
    { 0x1EF2, 29 }, // U+1EF2
    { 0x1EF3, 47 }, // U+1EF3
    { 0x1EF4, 29 }, // U+1EF4
    { 0x1EF5, 47 }, // U+1EF5
    { 0x1EF6, 29 }, // U+1EF6
    { 0x1EF7, 47 }, // U+1EF7
    { 0x1EF8, 29 }, // U+1EF8
    { 0x1EF9, 47 }, // U+1EF9
    { 0x2018, 99 }, // U+2018
    { 0x2019, 100 }, // U+2019
    { 0x201A, 4 }, // U+201A
    { 0x201C, 99 }, // U+201C
    { 0x201D, 100 }, // U+201D
    { 0x201E, 4 }, // U+201E
    { 0x2020, 101 }, // U+2020
    { 0x2022, 102 }, // U+2022
    { 0x203A, 103 }, // U+203A
};

static const EpdKernClassEntry ebgaramond_20_boldKernRightClasses[] = {
    { 0x0021, 1 }, // !
    { 0x0026, 2 }, // &
    { 0x0029, 3 }, // )
    { 0x002A, 4 }, // *
    { 0x002C, 5 }, // ,
    { 0x002D, 6 }, // -
    { 0x002E, 5 }, // .
    { 0x002F, 7 }, // /
    { 0x003A, 8 }, // :
    { 0x003B, 8 }, // ;
    { 0x003F, 9 }, // ?
    { 0x0040, 10 }, // @
    { 0x0041, 11 }, // A
    { 0x0042, 12 }, // B
    { 0x0043, 13 }, // C
    { 0x0044, 12 }, // D
    { 0x0045, 12 }, // E
    { 0x0046, 12 }, // F
    { 0x0047, 13 }, // G
    { 0x0048, 12 }, // H
    { 0x0049, 12 }, // I
    { 0x004A, 14 }, // J
    { 0x004B, 12 }, // K
    { 0x004C, 12 }, // L
    { 0x004D, 15 }, // M
    { 0x004E, 12 }, // N
    { 0x004F, 13 }, // O
    { 0x0050, 12 }, // P
    { 0x0051, 13 }, // Q
    { 0x0052, 12 }, // R
    { 0x0053, 16 }, // S
    { 0x0054, 17 }, // T
    { 0x0055, 18 }, // U
    { 0x0056, 19 }, // V
    { 0x0057, 19 }, // W
    { 0x0058, 20 }, // X
    { 0x0059, 21 }, // Y
    { 0x005C, 22 }, // <backslash>
    { 0x005D, 3 }, // ]
    { 0x0061, 23 }, // a
    { 0x0062, 24 }, // b
    { 0x0063, 25 }, // c
    { 0x0064, 25 }, // d
    { 0x0065, 25 }, // e
    { 0x0066, 26 }, // f
    { 0x0067, 27 }, // g
    { 0x0068, 28 }, // h
    { 0x0069, 29 }, // i
    { 0x006A, 30 }, // j
    { 0x006B, 28 }, // k
    { 0x006C, 28 }, // l
    { 0x006D, 31 }, // m
    { 0x006E, 31 }, // n
    { 0x006F, 25 }, // o
    { 0x0070, 31 }, // p
    { 0x0071, 25 }, // q
    { 0x0072, 31 }, // r
    { 0x0073, 32 }, // s
    { 0x0074, 33 }, // t
    { 0x0075, 34 }, // u
    { 0x0076, 35 }, // v
    { 0x0077, 35 }, // w
    { 0x0078, 36 }, // x
    { 0x0079, 37 }, // y
    { 0x007A, 38 }, // z
    { 0x007D, 3 }, // }
    { 0x00A7, 39 }, // U+00A7
    { 0x00AB, 40 }, // U+00AB
    { 0x00AE, 41 }, // U+00AE
    { 0x00B6, 42 }, // U+00B6
    { 0x00B7, 43 }, // U+00B7
    { 0x00BB, 44 }, // U+00BB
    { 0x00C0, 11 }, // U+00C0
    { 0x00C1, 11 }, // U+00C1
    { 0x00C2, 11 }, // U+00C2
    { 0x00C3, 11 }, // U+00C3
    { 0x00C4, 11 }, // U+00C4
    { 0x00C5, 11 }, // U+00C5
    { 0x00C6, 45 }, // U+00C6
    { 0x00C7, 13 }, // U+00C7
    { 0x00C8, 12 }, // U+00C8
    { 0x00C9, 12 }, // U+00C9
    { 0x00CA, 12 }, // U+00CA
    { 0x00CB, 12 }, // U+00CB
    { 0x00CC, 12 }, // U+00CC
    { 0x00CD, 12 }, // U+00CD
    { 0x00CE, 12 }, // U+00CE
    { 0x00CF, 12 }, // U+00CF
    { 0x00D0, 12 }, // U+00D0
    { 0x00D1, 12 }, // U+00D1
    { 0x00D2, 13 }, // U+00D2
    { 0x00D3, 13 }, // U+00D3
    { 0x00D4, 13 }, // U+00D4
    { 0x00D5, 13 }, // U+00D5
    { 0x00D6, 13 }, // U+00D6
    { 0x00D8, 13 }, // U+00D8
    { 0x00D9, 18 }, // U+00D9
    { 0x00DA, 18 }, // U+00DA
    { 0x00DB, 18 }, // U+00DB
    { 0x00DC, 18 }, // U+00DC
    { 0x00DD, 21 }, // U+00DD
    { 0x00DE, 12 }, // U+00DE
    { 0x00DF, 26 }, // U+00DF
    { 0x00E0, 23 }, // U+00E0
    { 0x00E1, 23 }, // U+00E1
    { 0x00E2, 23 }, // U+00E2
    { 0x00E3, 23 }, // U+00E3
    { 0x00E4, 23 }, // U+00E4
    { 0x00E5, 23 }, // U+00E5
    { 0x00E6, 23 }, // U+00E6
    { 0x00E7, 25 }, // U+00E7
    { 0x00E8, 25 }, // U+00E8
    { 0x00E9, 25 }, // U+00E9
    { 0x00EA, 25 }, // U+00EA
    { 0x00EB, 25 }, // U+00EB
    { 0x00EC, 29 }, // U+00EC
    { 0x00ED, 29 }, // U+00ED
    { 0x00EE, 29 }, // U+00EE
    { 0x00EF, 29 }, // U+00EF
    { 0x00F0, 46 }, // U+00F0
    { 0x00F1, 31 }, // U+00F1
    { 0x00F2, 25 }, // U+00F2
    { 0x00F3, 25 }, // U+00F3
    { 0x00F4, 25 }, // U+00F4
    { 0x00F5, 25 }, // U+00F5
    { 0x00F6, 25 }, // U+00F6
    { 0x00F8, 25 }, // U+00F8
    { 0x00F9, 34 }, // U+00F9
    { 0x00FA, 34 }, // U+00FA
    { 0x00FB, 34 }, // U+00FB
    { 0x00FC, 34 }, // U+00FC
    { 0x00FD, 37 }, // U+00FD
    { 0x00FE, 28 }, // U+00FE
    { 0x00FF, 37 }, // U+00FF
    { 0x0100, 11 }, // U+0100
    { 0x0101, 23 }, // U+0101
    { 0x0102, 11 }, // U+0102
    { 0x0103, 23 }, // U+0103
    { 0x0104, 11 }, // U+0104
    { 0x0105, 23 }, // U+0105
    { 0x0106, 13 }, // U+0106
    { 0x0107, 25 }, // U+0107
    { 0x0108, 13 }, // U+0108
    { 0x0109, 25 }, // U+0109
    { 0x010A, 13 }, // U+010A
    { 0x010B, 25 }, // U+010B
    { 0x010C, 13 }, // U+010C
    { 0x010D, 25 }, // U+010D
    { 0x010E, 12 }, // U+010E
    { 0x010F, 25 }, // U+010F
    { 0x0110, 12 }, // U+0110
    { 0x0111, 25 }, // U+0111
    { 0x0112, 12 }, // U+0112
    { 0x0113, 25 }, // U+0113
    { 0x0114, 12 }, // U+0114
    { 0x0115, 25 }, // U+0115
    { 0x0116, 12 }, // U+0116
    { 0x0117, 25 }, // U+0117
    { 0x0118, 12 }, // U+0118
    { 0x0119, 25 }, // U+0119
    { 0x011A, 12 }, // U+011A
    { 0x011B, 25 }, // U+011B
    { 0x011C, 13 }, // U+011C
    { 0x011D, 27 }, // U+011D
    { 0x011E, 13 }, // U+011E
    { 0x011F, 27 }, // U+011F
    { 0x0120, 13 }, // U+0120
    { 0x0121, 27 }, // U+0121
    { 0x0122, 13 }, // U+0122
    { 0x0123, 27 }, // U+0123
    { 0x0124, 12 }, // U+0124
    { 0x0125, 28 }, // U+0125
    { 0x0126, 12 }, // U+0126
    { 0x0127, 28 }, // U+0127
    { 0x0128, 12 }, // U+0128
    { 0x0129, 29 }, // U+0129
    { 0x012A, 12 }, // U+012A
    { 0x012B, 29 }, // U+012B
    { 0x012C, 12 }, // U+012C
    { 0x012D, 29 }, // U+012D
    { 0x012E, 12 }, // U+012E
    { 0x012F, 29 }, // U+012F
    { 0x0130, 12 }, // U+0130
    { 0x0131, 31 }, // U+0131
    { 0x0132, 12 }, // U+0132
    { 0x0133, 29 }, // U+0133
    { 0x0134, 14 }, // U+0134
    { 0x0135, 47 }, // U+0135
    { 0x0136, 12 }, // U+0136
    { 0x0137, 28 }, // U+0137
    { 0x0138, 31 }, // U+0138
    { 0x0139, 12 }, // U+0139
    { 0x013A, 28 }, // U+013A
    { 0x013B, 12 }, // U+013B
    { 0x013C, 28 }, // U+013C
    { 0x013D, 12 }, // U+013D
    { 0x013E, 28 }, // U+013E
    { 0x013F, 12 }, // U+013F
    { 0x0140, 28 }, // U+0140
    { 0x0141, 12 }, // U+0141
    { 0x0142, 28 }, // U+0142
    { 0x0143, 12 }, // U+0143
    { 0x0144, 31 }, // U+0144
    { 0x0145, 12 }, // U+0145
    { 0x0146, 31 }, // U+0146
    { 0x0147, 12 }, // U+0147
    { 0x0148, 31 }, // U+0148
    { 0x0149, 31 }, // U+0149
    { 0x014A, 12 }, // U+014A
    { 0x014B, 31 }, // U+014B
    { 0x014C, 13 }, // U+014C
    { 0x014D, 25 }, // U+014D
    { 0x014E, 13 }, // U+014E
    { 0x014F, 25 }, // U+014F
    { 0x0150, 13 }, // U+0150
    { 0x0151, 25 }, // U+0151
    { 0x0152, 13 }, // U+0152
    { 0x0153, 25 }, // U+0153
    { 0x0154, 12 }, // U+0154
    { 0x0155, 31 }, // U+0155
    { 0x0156, 12 }, // U+0156
    { 0x0157, 31 }, // U+0157
    { 0x0158, 12 }, // U+0158
    { 0x0159, 31 }, // U+0159
    { 0x015A, 16 }, // U+015A
    { 0x015B, 32 }, // U+015B
    { 0x015C, 16 }, // U+015C
    { 0x015D, 32 }, // U+015D
    { 0x015E, 16 }, // U+015E
    { 0x015F, 32 }, // U+015F
    { 0x0160, 16 }, // U+0160
    { 0x0161, 32 }, // U+0161
    { 0x0162, 17 }, // U+0162
    { 0x0163, 33 }, // U+0163
    { 0x0164, 17 }, // U+0164
    { 0x0165, 33 }, // U+0165
    { 0x0166, 17 }, // U+0166
    { 0x0167, 33 }, // U+0167
    { 0x0168, 18 }, // U+0168
    { 0x0169, 34 }, // U+0169
    { 0x016A, 18 }, // U+016A
    { 0x016B, 34 }, // U+016B
    { 0x016C, 18 }, // U+016C
    { 0x016D, 34 }, // U+016D
    { 0x016E, 18 }, // U+016E
    { 0x016F, 34 }, // U+016F
    { 0x0170, 18 }, // U+0170
    { 0x0171, 34 }, // U+0171
    { 0x0172, 18 }, // U+0172
    { 0x0173, 34 }, // U+0173
    { 0x0174, 19 }, // U+0174
    { 0x0175, 35 }, // U+0175
    { 0x0176, 21 }, // U+0176
    { 0x0177, 37 }, // U+0177
    { 0x0178, 21 }, // U+0178
    { 0x017A, 38 }, // U+017A
    { 0x017C, 38 }, // U+017C
    { 0x017E, 38 }, // U+017E
    { 0x017F, 26 }, // U+017F
    { 0x01A0, 13 }, // U+01A0
    { 0x01A1, 25 }, // U+01A1
    { 0x01AF, 18 }, // U+01AF
    { 0x01B0, 34 }, // U+01B0
    { 0x01C4, 12 }, // U+01C4
    { 0x01C5, 12 }, // U+01C5
    { 0x01C6, 25 }, // U+01C6
    { 0x01C7, 12 }, // U+01C7
    { 0x01C8, 12 }, // U+01C8
    { 0x01C9, 28 }, // U+01C9
    { 0x01CA, 12 }, // U+01CA
    { 0x01CB, 12 }, // U+01CB
    { 0x01CC, 31 }, // U+01CC
    { 0x01CD, 11 }, // U+01CD
    { 0x01CE, 23 }, // U+01CE
    { 0x01CF, 12 }, // U+01CF
    { 0x01D0, 29 }, // U+01D0
    { 0x01D1, 13 }, // U+01D1
    { 0x01D2, 25 }, // U+01D2
    { 0x01D3, 18 }, // U+01D3
    { 0x01D4, 34 }, // U+01D4
    { 0x01D5, 18 }, // U+01D5
    { 0x01D6, 34 }, // U+01D6
    { 0x01D7, 18 }, // U+01D7
    { 0x01D8, 34 }, // U+01D8
    { 0x01D9, 18 }, // U+01D9
    { 0x01DA, 34 }, // U+01DA
    { 0x01DB, 18 }, // U+01DB
    { 0x01DC, 34 }, // U+01DC
    { 0x01DD, 48 }, // U+01DD
    { 0x01DE, 11 }, // U+01DE
    { 0x01DF, 23 }, // U+01DF
    { 0x01E0, 11 }, // U+01E0
    { 0x01E1, 23 }, // U+01E1
    { 0x01E2, 45 }, // U+01E2
    { 0x01E3, 23 }, // U+01E3
    { 0x01E4, 13 }, // U+01E4
    { 0x01E5, 27 }, // U+01E5
    { 0x01E6, 13 }, // U+01E6
    { 0x01E7, 27 }, // U+01E7
    { 0x01E8, 12 }, // U+01E8
    { 0x01E9, 28 }, // U+01E9
    { 0x01EA, 13 }, // U+01EA
    { 0x01EB, 25 }, // U+01EB
    { 0x01EC, 13 }, // U+01EC
    { 0x01ED, 25 }, // U+01ED
    { 0x01EE, 49 }, // U+01EE
    { 0x01EF, 38 }, // U+01EF
    { 0x01F0, 47 }, // U+01F0
    { 0x01F1, 12 }, // U+01F1
    { 0x01F2, 12 }, // U+01F2
    { 0x01F3, 25 }, // U+01F3
    { 0x01F4, 13 }, // U+01F4
    { 0x01F5, 27 }, // U+01F5
    { 0x01F6, 12 }, // U+01F6
    { 0x01F8, 12 }, // U+01F8
    { 0x01F9, 31 }, // U+01F9
    { 0x01FA, 11 }, // U+01FA
    { 0x01FB, 23 }, // U+01FB
    { 0x01FC, 45 }, // U+01FC
    { 0x01FD, 23 }, // U+01FD
    { 0x01FE, 13 }, // U+01FE
    { 0x01FF, 25 }, // U+01FF
    { 0x0200, 11 }, // U+0200
    { 0x0201, 23 }, // U+0201
    { 0x0202, 11 }, // U+0202
    { 0x0203, 23 }, // U+0203
    { 0x0204, 12 }, // U+0204
    { 0x0205, 25 }, // U+0205
    { 0x0206, 12 }, // U+0206
    { 0x0207, 25 }, // U+0207
    { 0x0208, 12 }, // U+0208
    { 0x0209, 29 }, // U+0209
    { 0x020A, 12 }, // U+020A
    { 0x020B, 31 }, // U+020B
    { 0x020C, 13 }, // U+020C
    { 0x020D, 25 }, // U+020D
    { 0x020E, 13 }, // U+020E
    { 0x020F, 25 }, // U+020F
    { 0x0210, 12 }, // U+0210
    { 0x0211, 31 }, // U+0211
    { 0x0212, 12 }, // U+0212
    { 0x0213, 31 }, // U+0213
    { 0x0214, 18 }, // U+0214
    { 0x0215, 34 }, // U+0215
    { 0x0216, 18 }, // U+0216
    { 0x0217, 34 }, // U+0217
    { 0x0218, 16 }, // U+0218
    { 0x0219, 32 }, // U+0219
    { 0x021A, 17 }, // U+021A
    { 0x021B, 33 }, // U+021B
    { 0x021E, 12 }, // U+021E
    { 0x021F, 28 }, // U+021F
    { 0x0400, 12 }, // U+0400
    { 0x0401, 12 }, // U+0401
    { 0x0402, 50 }, // U+0402
    { 0x0403, 12 }, // U+0403
    { 0x0404, 13 }, // U+0404
    { 0x0405, 16 }, // U+0405
    { 0x0406, 12 }, // U+0406
    { 0x0407, 12 }, // U+0407
    { 0x0408, 14 }, // U+0408
    { 0x0409, 51 }, // U+0409
    { 0x040A, 12 }, // U+040A
    { 0x040B, 50 }, // U+040B
    { 0x040C, 12 }, // U+040C
    { 0x040D, 12 }, // U+040D
    { 0x040E, 52 }, // U+040E
    { 0x040F, 12 }, // U+040F
    { 0x0410, 11 }, // U+0410
    { 0x0411, 12 }, // U+0411
    { 0x0412, 12 }, // U+0412
    { 0x0413, 12 }, // U+0413
    { 0x0414, 51 }, // U+0414
    { 0x0415, 12 }, // U+0415
    { 0x0416, 53 }, // U+0416
    { 0x0417, 49 }, // U+0417
    { 0x0418, 12 }, // U+0418
    { 0x0419, 12 }, // U+0419
    { 0x041A, 12 }, // U+041A
    { 0x041B, 51 }, // U+041B
    { 0x041C, 15 }, // U+041C
    { 0x041D, 12 }, // U+041D
    { 0x041E, 13 }, // U+041E
    { 0x041F, 12 }, // U+041F
    { 0x0420, 12 }, // U+0420
    { 0x0421, 13 }, // U+0421
    { 0x0422, 17 }, // U+0422
    { 0x0423, 52 }, // U+0423
    { 0x0424, 54 }, // U+0424
    { 0x0425, 20 }, // U+0425
    { 0x0426, 12 }, // U+0426
    { 0x0427, 55 }, // U+0427
    { 0x0428, 12 }, // U+0428
    { 0x0429, 12 }, // U+0429
    { 0x042A, 50 }, // U+042A
    { 0x042B, 12 }, // U+042B
    { 0x042C, 12 }, // U+042C
    { 0x042D, 49 }, // U+042D
    { 0x042E, 12 }, // U+042E
    { 0x042F, 56 }, // U+042F
    { 0x0430, 23 }, // U+0430
    { 0x0431, 57 }, // U+0431
    { 0x0432, 31 }, // U+0432
    { 0x0433, 31 }, // U+0433
    { 0x0434, 58 }, // U+0434
    { 0x0435, 25 }, // U+0435
    { 0x0436, 59 }, // U+0436
    { 0x0437, 60 }, // U+0437
    { 0x0438, 31 }, // U+0438
    { 0x0439, 31 }, // U+0439
    { 0x043A, 31 }, // U+043A
    { 0x043B, 58 }, // U+043B
    { 0x043C, 61 }, // U+043C
    { 0x043D, 31 }, // U+043D
    { 0x043E, 25 }, // U+043E
    { 0x043F, 31 }, // U+043F
    { 0x0440, 31 }, // U+0440
    { 0x0441, 25 }, // U+0441
    { 0x0442, 62 }, // U+0442
    { 0x0443, 37 }, // U+0443
    { 0x0444, 25 }, // U+0444
    { 0x0445, 36 }, // U+0445
    { 0x0446, 31 }, // U+0446
    { 0x0447, 63 }, // U+0447
    { 0x0448, 31 }, // U+0448
    { 0x0449, 31 }, // U+0449
    { 0x044A, 62 }, // U+044A
    { 0x044B, 31 }, // U+044B
    { 0x044C, 31 }, // U+044C
    { 0x044D, 60 }, // U+044D
    { 0x044E, 31 }, // U+044E
    { 0x044F, 64 }, // U+044F
    { 0x0450, 25 }, // U+0450
    { 0x0451, 25 }, // U+0451
    { 0x0452, 28 }, // U+0452
    { 0x0453, 31 }, // U+0453
    { 0x0454, 25 }, // U+0454
    { 0x0455, 32 }, // U+0455
    { 0x0456, 29 }, // U+0456
    { 0x0457, 29 }, // U+0457
    { 0x0458, 65 }, // U+0458
    { 0x0459, 58 }, // U+0459
    { 0x045A, 31 }, // U+045A
    { 0x045B, 28 }, // U+045B
    { 0x045C, 31 }, // U+045C
    { 0x045D, 31 }, // U+045D
    { 0x045E, 37 }, // U+045E
    { 0x045F, 31 }, // U+045F
    { 0x0462, 66 }, // U+0462
    { 0x0463, 67 }, // U+0463
    { 0x046A, 68 }, // U+046A
    { 0x046B, 69 }, // U+046B
    { 0x0470, 70 }, // U+0470
    { 0x0472, 13 }, // U+0472
    { 0x0473, 25 }, // U+0473
    { 0x0474, 19 }, // U+0474
    { 0x0475, 35 }, // U+0475
    { 0x0476, 19 }, // U+0476
    { 0x0477, 35 }, // U+0477
    { 0x048A, 12 }, // U+048A
    { 0x048B, 31 }, // U+048B
    { 0x048C, 71 }, // U+048C
    { 0x048D, 67 }, // U+048D
    { 0x048E, 12 }, // U+048E
    { 0x048F, 31 }, // U+048F
    { 0x0490, 12 }, // U+0490
    { 0x0491, 31 }, // U+0491
    { 0x0492, 12 }, // U+0492
    { 0x0493, 31 }, // U+0493
    { 0x0494, 12 }, // U+0494
    { 0x0495, 31 }, // U+0495
    { 0x0496, 53 }, // U+0496
    { 0x0497, 59 }, // U+0497
    { 0x0498, 49 }, // U+0498
    { 0x0499, 60 }, // U+0499
    { 0x049A, 12 }, // U+049A
    { 0x049B, 31 }, // U+049B
    { 0x049C, 12 }, // U+049C
    { 0x049D, 31 }, // U+049D
    { 0x049E, 71 }, // U+049E
    { 0x049F, 67 }, // U+049F
    { 0x04A0, 50 }, // U+04A0
    { 0x04A1, 62 }, // U+04A1
    { 0x04A2, 12 }, // U+04A2
    { 0x04A3, 31 }, // U+04A3
    { 0x04A4, 12 }, // U+04A4
    { 0x04A5, 31 }, // U+04A5
    { 0x04A6, 12 }, // U+04A6
    { 0x04A7, 31 }, // U+04A7
    { 0x04A8, 13 }, // U+04A8
    { 0x04A9, 25 }, // U+04A9
    { 0x04AA, 13 }, // U+04AA
    { 0x04AB, 25 }, // U+04AB
    { 0x04AC, 17 }, // U+04AC
    { 0x04AD, 62 }, // U+04AD
    { 0x04AE, 21 }, // U+04AE
    { 0x04AF, 35 }, // U+04AF
    { 0x04B0, 21 }, // U+04B0
    { 0x04B1, 35 }, // U+04B1
    { 0x04B2, 20 }, // U+04B2
    { 0x04B3, 36 }, // U+04B3
    { 0x04B4, 50 }, // U+04B4
    { 0x04B5, 62 }, // U+04B5
    { 0x04B6, 55 }, // U+04B6
    { 0x04B7, 63 }, // U+04B7
    { 0x04B8, 55 }, // U+04B8
    { 0x04B9, 63 }, // U+04B9
    { 0x04BA, 12 }, // U+04BA
    { 0x04BB, 28 }, // U+04BB
    { 0x04BC, 72 }, // U+04BC
    { 0x04BD, 73 }, // U+04BD
    { 0x04BE, 72 }, // U+04BE
    { 0x04BF, 73 }, // U+04BF
    { 0x04C0, 12 }, // U+04C0
    { 0x04C1, 53 }, // U+04C1
    { 0x04C2, 59 }, // U+04C2
    { 0x04C3, 12 }, // U+04C3
    { 0x04C4, 31 }, // U+04C4
    { 0x04C5, 51 }, // U+04C5
    { 0x04C6, 58 }, // U+04C6
    { 0x04C7, 12 }, // U+04C7
    { 0x04C8, 31 }, // U+04C8
    { 0x04C9, 12 }, // U+04C9
    { 0x04CA, 31 }, // U+04CA
    { 0x04CB, 55 }, // U+04CB
    { 0x04CC, 63 }, // U+04CC
    { 0x04CD, 15 }, // U+04CD
    { 0x04CE, 61 }, // U+04CE
    { 0x04D0, 11 }, // U+04D0
    { 0x04D1, 23 }, // U+04D1
    { 0x04D2, 11 }, // U+04D2
    { 0x04D3, 23 }, // U+04D3
    { 0x04D4, 45 }, // U+04D4
    { 0x04D5, 23 }, // U+04D5
    { 0x04D6, 12 }, // U+04D6
    { 0x04D7, 25 }, // U+04D7
    { 0x04D8, 74 }, // U+04D8
    { 0x04D9, 48 }, // U+04D9
    { 0x04DA, 74 }, // U+04DA
    { 0x04DB, 48 }, // U+04DB
    { 0x04DC, 53 }, // U+04DC
    { 0x04DD, 59 }, // U+04DD
    { 0x04DE, 49 }, // U+04DE
    { 0x04DF, 60 }, // U+04DF
    { 0x04E0, 49 }, // U+04E0
    { 0x04E1, 38 }, // U+04E1
    { 0x04E2, 12 }, // U+04E2
    { 0x04E3, 31 }, // U+04E3
    { 0x04E4, 12 }, // U+04E4
    { 0x04E5, 31 }, // U+04E5
    { 0x04E6, 13 }, // U+04E6
    { 0x04E7, 25 }, // U+04E7
    { 0x04E8, 13 }, // U+04E8
    { 0x04E9, 25 }, // U+04E9
    { 0x04EA, 13 }, // U+04EA
    { 0x04EB, 25 }, // U+04EB
    { 0x04EC, 49 }, // U+04EC
    { 0x04ED, 60 }, // U+04ED
    { 0x04EE, 52 }, // U+04EE
    { 0x04EF, 37 }, // U+04EF
    { 0x04F0, 52 }, // U+04F0
    { 0x04F1, 37 }, // U+04F1
    { 0x04F2, 52 }, // U+04F2
    { 0x04F3, 37 }, // U+04F3
    { 0x04F4, 55 }, // U+04F4
    { 0x04F5, 63 }, // U+04F5
    { 0x04F6, 12 }, // U+04F6
    { 0x04F7, 31 }, // U+04F7
    { 0x04F8, 12 }, // U+04F8
    { 0x04F9, 31 }, // U+04F9
    { 0x04FA, 14 }, // U+04FA
    { 0x04FB, 75 }, // U+04FB
    { 0x04FC, 20 }, // U+04FC
    { 0x04FD, 36 }, // U+04FD
    { 0x04FE, 20 }, // U+04FE
    { 0x04FF, 36 }, // U+04FF
    { 0x1EA0, 11 }, // U+1EA0
    { 0x1EA1, 23 }, // U+1EA1
    { 0x1EA2, 11 }, // U+1EA2
    { 0x1EA3, 23 }, // U+1EA3
    { 0x1EA4, 11 }, // U+1EA4
    { 0x1EA5, 23 }, // U+1EA5
    { 0x1EA6, 11 }, // U+1EA6
    { 0x1EA7, 23 }, // U+1EA7
    { 0x1EA8, 11 }, // U+1EA8
    { 0x1EA9, 23 }, // U+1EA9
    { 0x1EAA, 11 }, // U+1EAA
    { 0x1EAB, 23 }, // U+1EAB
    { 0x1EAC, 11 }, // U+1EAC
    { 0x1EAD, 23 }, // U+1EAD
    { 0x1EAE, 11 }, // U+1EAE
    { 0x1EAF, 23 }, // U+1EAF
    { 0x1EB0, 11 }, // U+1EB0
    { 0x1EB1, 23 }, // U+1EB1
    { 0x1EB2, 11 }, // U+1EB2
    { 0x1EB3, 23 }, // U+1EB3
    { 0x1EB4, 11 }, // U+1EB4
    { 0x1EB5, 23 }, // U+1EB5
    { 0x1EB6, 11 }, // U+1EB6
    { 0x1EB7, 23 }, // U+1EB7
    { 0x1EB8, 12 }, // U+1EB8
    { 0x1EB9, 25 }, // U+1EB9
    { 0x1EBA, 12 }, // U+1EBA
    { 0x1EBB, 25 }, // U+1EBB
    { 0x1EBC, 12 }, // U+1EBC
    { 0x1EBD, 25 }, // U+1EBD
    { 0x1EBE, 12 }, // U+1EBE
    { 0x1EBF, 25 }, // U+1EBF
    { 0x1EC0, 12 }, // U+1EC0
    { 0x1EC1, 25 }, // U+1EC1
    { 0x1EC2, 12 }, // U+1EC2
    { 0x1EC3, 25 }, // U+1EC3
    { 0x1EC4, 12 }, // U+1EC4
    { 0x1EC5, 25 }, // U+1EC5
    { 0x1EC6, 12 }, // U+1EC6
    { 0x1EC7, 25 }, // U+1EC7
    { 0x1EC8, 12 }, // U+1EC8
    { 0x1EC9, 29 }, // U+1EC9
    { 0x1ECA, 12 }, // U+1ECA
    { 0x1ECB, 29 }, // U+1ECB
    { 0x1ECC, 13 }, // U+1ECC
    { 0x1ECD, 25 }, // U+1ECD
    { 0x1ECE, 13 }, // U+1ECE
    { 0x1ECF, 25 }, // U+1ECF
    { 0x1ED0, 13 }, // U+1ED0
    { 0x1ED1, 25 }, // U+1ED1
    { 0x1ED2, 13 }, // U+1ED2
    { 0x1ED3, 25 }, // U+1ED3
    { 0x1ED4, 13 }, // U+1ED4
    { 0x1ED5, 25 }, // U+1ED5
    { 0x1ED6, 13 }, // U+1ED6
    { 0x1ED7, 25 }, // U+1ED7
    { 0x1ED8, 13 }, // U+1ED8
    { 0x1ED9, 25 }, // U+1ED9
    { 0x1EDA, 13 }, // U+1EDA
    { 0x1EDB, 25 }, // U+1EDB
    { 0x1EDC, 13 }, // U+1EDC
    { 0x1EDD, 25 }, // U+1EDD
    { 0x1EDE, 13 }, // U+1EDE
    { 0x1EDF, 25 }, // U+1EDF
    { 0x1EE0, 13 }, // U+1EE0
    { 0x1EE1, 25 }, // U+1EE1
    { 0x1EE2, 13 }, // U+1EE2
    { 0x1EE3, 25 }, // U+1EE3
    { 0x1EE4, 18 }, // U+1EE4
    { 0x1EE5, 34 }, // U+1EE5
    { 0x1EE6, 18 }, // U+1EE6
    { 0x1EE7, 34 }, // U+1EE7
    { 0x1EE8, 18 }, // U+1EE8
    { 0x1EE9, 34 }, // U+1EE9
    { 0x1EEA, 18 }, // U+1EEA
    { 0x1EEB, 34 }, // U+1EEB
    { 0x1EEC, 18 }, // U+1EEC
    { 0x1EED, 34 }, // U+1EED
    { 0x1EEE, 18 }, // U+1EEE
    { 0x1EEF, 34 }, // U+1EEF
    { 0x1EF0, 18 }, // U+1EF0
    { 0x1EF1, 34 }, // U+1EF1
    { 0x1EF2, 21 }, // U+1EF2
    { 0x1EF3, 37 }, // U+1EF3
    { 0x1EF4, 21 }, // U+1EF4
    { 0x1EF5, 37 }, // U+1EF5
    { 0x1EF6, 21 }, // U+1EF6
    { 0x1EF7, 37 }, // U+1EF7
    { 0x1EF8, 21 }, // U+1EF8
    { 0x1EF9, 37 }, // U+1EF9
    { 0x2018, 76 }, // U+2018
    { 0x2019, 77 }, // U+2019
    { 0x201A, 5 }, // U+201A
    { 0x201C, 76 }, // U+201C
    { 0x201D, 77 }, // U+201D
    { 0x201E, 5 }, // U+201E
    { 0x2020, 78 }, // U+2020
    { 0x2022, 79 }, // U+2022
    { 0x2039, 80 }, // U+2039
    { 0x203C, 1 }, // U+203C
    { 0x203D, 9 }, // U+203D
    { 0x2047, 9 }, // U+2047
    { 0x2048, 9 }, // U+2048
    { 0x2049, 1 }, // U+2049
};

static const int8_t ebgaramond_20_boldKernMatrix[] = {
       0,    0,    0,    0,    0,    0,    0,    0,    0,    0,    0,    0,    0,    0,    0,    0,  -44,    0,  -39,    0,  -45,    0,    0,    0,  -11,    0,    0,    0,    0,    0,    0,    0,    0,    0,    0,    0,    0,    0,    0,    0,    0,    0,    0,    0,    0,    0,    0,    0,    0,   -3,    0,  -25,    0,    0,   -3,    0,    0,    0,    0,   -3,    0,    0,    0,    0,    0,    0,    0,    0,    0,    0,    0,    0,    0,    0,    0,    0,    0,    0,    0,    0,
       0,    0,    0,    0,    0,    0,    0,    0,    0,    0,    0,    0,  -11,   49,    0,    0,    0,    0,    0,    0,    0,    0,    0,    0,    0,    0,    0,    0,    0,    0,    0,    0,    0,    0,    0,    0,    0,    0,    0,    0,    0,    0,    0,    0,    0,    0,    0,    0,    0,    0,    0,    0,    0,    0,    0,    0,    0,    0,    0,    0,    0,    0,    0,    0,    0,    0,    0,    0,    0,    0,    0,    0,    0,    0,    0,    0,    0,    0,    0,    0,
       0,    0,    0,    0,    0,    0,    0,    0,    0,    0,  -63,    0,    0,    0,    0,    0,    0,    0,    0,    0,    0,    0,  -13,    0,   -4,    0,    0,    0,    0,    0,    0,    0,    0,    0,    0,    0,    0,    0,    0,    0,    0,    0,    0,    0,    0,    0,    0,    0,    0,    0,  -48,    0,    0,    0,    0,   -9,    0,  -32,    0,   -4,    0,    0,    0,  -39,    0,    0,    0,   -3,    0,    0,    0,    0,    0,    0,    0,    0,    0,    0,    0,    0,
       0,    0,    0,    0,    0,    0,    0,    0,    0,    0,    0,    0,  -17,    0,    0,    0,  -80,    0,  -94,    0,  -61,    0,   -7,    0,   -9,    0,    0,    0,    0,    0,    0,    0,    0,    0,  -57,    0,  -50,    0,    0,    0,    0,    0,    0,    0,    0,    0,    0,    0,    0,  -57,    0,   -3,    0,    0,  -88,    0,   -3,    0,    0,    0,    0,  -25,  -44,    0,    0,    0,    0,    0,    0,    0,    0,  -63,  -33,    0,    0,    0,    0,    0,    0,    0,
       0,    0,    0,    0,    0,    0,    0,    0,    0,    0,    0,    0,    0,    0,    0,    0,  -43,    0,  -39,  -30,  -45,    0,    0,    0,    0,    0,    0,    0,    0,    0,    0,    0,    0,    0,    0,    0,    0,    0,    0,    0,    0,    0,    0,    0,    0,    0,    0,    0,    0,    0,    0,   -4,  -18,    0,   -5,    0,    0,    0,    0,    0,    0,    0,    0,    0,    0,    0,    0,  -18,    0,    0,    0,  -14,    0,    0,    0,    0,    0,    0,    0,    0,
       0,    0,    0,    0,    0,    0,    0,    0,    0,    0,  -73,    0,    0,    0,    0,    0,    0,    0,    0,    0,    0,    0,  -43,    0,  -55,    0,  -33,    0,    0,    0,  -41,  -31,  -19,  -14,   -5,   -5,  -23,  -25,    0,    0,    0,    0,    0,    0,    0,    0,    0,  -40,    0,    0,  -60,    0,    0,    0,    0,  -48,   -3,  -65,  -19,  -44,    0,   -4,  -23,  -55,    0,    0,    0,    0,  -25,    0,    0,    0,  -18,    0,    0,    0,    0,    0,    0,    0,
       0,    0,    0,    0,    0,    0,    0,    0,    0,    0,    0,    0,    0,    0,    0,    0,  -50,    0,  -67,    0,  -53,    0,    0,    0,    0,    0,    0,    0,    0,    0,    0,    0,    0,    0,    0,    0,    0,    0,    0,    0,    0,    0,    0,    0,    0,    0,    0,    0,    0,  -31,    0,  -22,    0,    0,   -3,    0,    0,    0,    0,    0,    0,    0,    0,    0,    0,    0,    0,    0,    0,    0,    0,  -19,    0,    0,    0,    0,    0,    0,    0,    0,
       0,    0,    0,    0,    0,    0,    0,    0,    0,    0,  -11,    0,    0,    0,    0,    0,  -33,    0,  -44,  -14,  -55,    0,    0,    0,    0,    0,    0,    0,    0,    0,    0,    0,    0,    0,    0,    0,    0,    0,    0,    0,    0,    0,    0,    0,    0,    0,    0,    0,    0,    0,    0,    0,    0,    0,    0,    0,    0,    0,    0,    0,    0,    0,    0,    0,    0,    0,    0,    0,    0,    0,    0,    0,    0,    0,    0,    0,    0,    0,    0,    0,
       0,    0,    0,  -63,    0,    0,    0,    0,    0,    0,    0,   -8,  -15,    0,    0,    0,  -63,  -27,  -83,    0,  -50,  -50,    0,    0,  -11,    0,    0,    0,    0,    0,    0,    0,    0,   -8,  -52,    0,  -47,   -3,  -14,  -29,  -25,    0,  -23,    0,    0,    0,    0,    0,   -5,  -48,    0,  -41,    0,  -19,  -61,    0,  -27,    0,    0,    0,    0,  -23,  -41,    0,    0,  -45,  -31,    0,    0,  -73,    0,  -59,  -46,  -13,    0,  -38,  -68,  -29,  -39,  -25,
       0,    0,    0,    0,    0,    0,    0,    0,    0,    0,  -11,    0,    0,  -14,    0,    0,   -3,    0,  -17,  -12,  -19,    0,    0,    0,    0,    0,    0,    0,    0,    0,    0,    0,    0,    0,    0,    0,    0,    0,    0,    0,    0,    0,    0,    0,   -9,    0,    0,    0,    0,    0,  -15,  -13,   -8,    0,   -5,    0,    0,    0,    0,    0,    0,    0,    0,  -11,    0,    0,    0,   -5,    0,    0,    0,    0,    0,    0,    0,    0,    0,    0,    0,    0,
       0,    0,    0,    0,    0,    0,    0,    0,    0,    0,   -5,    0,    0,    0,    0,    0,    0,    0,    0,   -8,  -14,    0,   -8,    0,    0,    0,    0,    0,    0,    0,    0,    0,  -11,   -8,  -14,    0,  -19,    0,    0,    0,    0,    0,    0,    0,    0,    0,    0,    0,  -14,    0,  -11,    0,    0,   -3,    0,    0,    0,    0,    0,    0,    0,    0,    0,    0,    0,    0,    0,    0,    0,    0,    0,    0,  -11,    0,    0,    0,    0,    0,    0,    0,
       0,    0,  -11,    0,  -17,    0,  -18,    0,    0,    0,  -28,    0,   14,   -8,    0,    0,  -13,    0,  -29,  -29,  -21,    0,    0,    0,    0,    0,    0,    0,    0,    0,    0,    0,    0,    0,    0,    0,    0,    0,    0,    0,    0,    0,    0,    0,  -33,    0,    0,    0,    0,   -3,  -41,  -22,  -23,    0,    0,  -37,    0,  -17,    0,   11,    0,    0,    0,    0,    0,    0,    0,  -25,    0,   -3,    0,    0,    0,    0,    0,    0,    0,    0,    0,    0,
       0,    0,    0,    0,    0,    0,    0,    0,    0,    0,    0,    0,    0,    0,    0,    0,    0,    0,    0,    0,    0,    0,   -3,    0,   -3,    0,    0,    0,    0,    0,    0,    0,  -13,    0,  -20,    0,  -20,    0,    0,    0,    0,    0,    0,    0,    0,  -17,    0,    0,    0,    0,    0,    0,    0,    0,    0,    0,    0,    0,    0,    0,    0,    0,    0,    0,    0,    0,    0,    0,    0,    0,    0,    0,    0,    0,    0,    0,    0,    0,    0,    0,
       0,    0,    0,    0,  -55,    0,  -25,    0,    0,    0,  -53,    0,    0,    0,    0,    0,    0,    0,    0,    0,    0,    0,  -15,    0,  -20,    0,  -19,    0,    0,    0,   -8,  -22,  -13,  -11,  -20,  -11,  -20,    0,    0,    0,    0,    0,    0,    0,    0,  -20,    0,  -11,    0,    0,    0,    0,    0,    0,    0,    0,    0,    0,    0,    0,    0,    0,    0,    0,    0,    0,    0,    0,    0,    0,    0,    0,    0,    0,    0,    0,    0,    0,    0,  -17,
       0,    0,    0,    0,    0,    0,    0,    0,    0,    0,    0,    0,    0,  -14,    0,    0,  -14,    0,  -19,  -11,  -11,    0,    0,    0,    0,    0,    0,    0,    0,    0,   -8,    0,    0,    0,    0,    0,    0,    0,    0,    0,    0,    0,    0,    0,  -17,    0,    0,    0,    0,    0,    0,    0,    0,    0,    0,    0,    0,    0,    0,    0,    0,    0,    0,    0,    0,    0,    0,    0,    0,    0,    0,    0,    0,    0,    0,    0,    0,    0,    0,    0,
       0,    0,    0,    0,    0,    0,    0,    0,    0,    0,    0,    0,    0,    0,    0,    0,    0,    0,    0,    0,    0,    0,    0,    0,    0,    0,    0,    0,    0,    0,    0,    0,    0,  -11,    0,    0,    0,    0,    0,    0,    0,    0,    0,    0,    0,    0,    0,    0,    0,    0,    0,    0,    0,    0,    0,    0,   -2,    0,    0,    0,    0,    0,    0,    0,    0,    0,  -10,    0,    0,    0,    0,    0,   -3,    0,    0,    0,    0,    0,    0,    0,
       0,    0,    0,    0,    0,    0,    0,    0,    0,    0,    0,    0,    0,    0,    0,    0,    0,    0,    0,    0,    0,    0,  -11,    0,   -8,    0,  -11,   -4,   -8,    0,   -5,  -19,    0,  -17,  -11,  -14,    0,    0,    0,    0,    0,    0,    0,    0,   -4,    0,    0,    0,    0,    0,    0,    0,    0,    0,    0,    0,    0,    0,    0,    0,    0,    0,    0,    0,    0,    0,    0,    0,    0,    0,    0,    0,    0,    0,    0,    0,    0,    0,    0,    0,
       0,    0,    0,    0,    0,    0,    0,    0,    0,    0,    0,    0,  -33,    0,    0,    0,  -14,    0,    0,    0,    0,    0,    0,    0,  -14,    0,    0,    0,    0,    0,    0,    0,   -8,  -17,  -49,    0,  -38,    0,    0,    0,  -47,    0,  -38,    0,    0,  -17,    0,    0,    0,    0,    0,    0,    0,    0,    0,    0,    0,    0,    0,    0,    0,    0,    0,    0,    0,    0,    0,    0,    0,    0,    0,    0,    0,  -11,    0,    0,    0,    0,  -49,  -44,
       0,    0,    0,  -49,    0,    0,    0,    0,    0,    0,    0,    0,    0,    0,    0,    0,  -75,    0,  -49,    0,  -49,  -35,    0,    0,   11,    0,    0,    0,    0,    0,    0,    0,    0,    0,  -33,    0,  -33,    0,    0,    0,    0,    0,    0,    0,    0,    0,    0,    0,    0,    0,    0,    0,    0,    0,    0,    0,    0,    0,    0,    0,    0,    0,    0,    0,    0,    0,    0,    0,    0,    0,    0,    0,    0,    0,    0,    0,  -37,    0,  -25,    0,
       0,    0,    0,    0,    0,    0,    0,    0,    0,    0,    0,    0,    0,    0,    0,    0,    0,    0,    0,    0,    0,    0,  -13,    0,  -13,    0,    0,    0,    0,    0,    0,    0,  -27,  -17,  -27,    0,  -27,    0,    0,    0,  -14,    0,    0,    0,    0,  -13,    0,    0,    0,    0,    0,    0,    0,  -11,    0,    0,    0,    0,    0,    0,    0,    0,    0,    0,    0,    0,    0,    0,    0,   -2,    0,    0,    0,    0,    0,    0,    0,    0,    0,    0,
       0,    0,    0,    0,  -17,    0,    0,    0,    0,    0,   -8,    0,    0,    0,    0,    0,    0,    0,    0,    0,    0,    0,  -11,    0,  -17,    0,    0,   -4,  -14,  -11,   -8,  -19,    0,    0,    0,  -22,    0,    0,    0,    0,    0,    0,    0,    0,    0,  -11,  -11,    0,  -11,    0,    0,    0,    0,    0,    0,    0,    0,    0,    0,    0,    0,    0,    0,    0,  -11,    0,    0,    0,    0,    0,    0,    0,    0,    0,  -11,    0,    0,    0,    0,    0,
       0,   -3,    0,    0,  -64,    0,  -38,    0,    0,    0,  -55,    0,    0,    0,    0,    0,    0,    0,    0,  -11,    0,    0,  -17,    0,  -19,    0,  -14,    0,    0,    0,    0,  -17,    0,    0,    0,    0,    0,    0,    0,  -29,    0,    0,    0,    0,  -77,  -17,    0,    0,    0,    0,  -57,    0,    0,    0,    0,  -51,    0,   -3,    0,    0,    0,    0,    0,  -27,    0,    0,    0,  -27,    0,    0,    0,    0,    0,    0,    0,    0,    0,    0,    0,    0,
       0,    0,  -19,    0,    0,    0,    0,    0,    0,    0,    5,    0,  -19,    0,    0,    0,  -67,  -11,  -77,    0,  -53,  -49,    0,    0,    0,    0,    0,    0,    0,    0,    0,    0,   -8,  -11,  -38,    0,  -38,    0,    0,    0,    0,    0,  -25,    0,    0,    0,    0,    0,    0,    0,    0,    0,    0,    0,    0,    0,    0,    0,    0,    0,    0,    0,    0,    0,    0,    0,    0,    0,    0,    0,    0,    0,    0,    0,    0,  -38,    0,    0,  -44,  -38,
       0,    0,    0,    0,    0,    0,    0,    0,    0,    0,    0,    0,    0,    0,    0,    0,    0,    0,    0,    0,    0,    0,    0,    0,    8,  -11,    0,    0,    0,    0,    0,    0,    0,    0,    0,    0,    0,    0,    0,    0,    0,    0,    0,    0,   -2,    0,    0,    0,    0,    0,    0,    0,    0,    0,    0,    0,    0,    0,    0,    0,    0,    0,    0,    0,    0,    0,    0,   -1,    0,    0,    0,    0,    0,    0,    0,    0,    0,    0,    0,    0,
       0,  -24,    0,    0,  -80,  -43,  -35,  -50,    0,  -33,  -57,    0,  -13,    0,    0,    0,    0,    0,   27,    0,    8,    0,  -70,    0,  -65,   -8,  -47,    0,  -14,  -13,  -39,  -56,  -67,  -47,  -67,  -60,  -67,  -61,    0,  -49,    0,    0,  -55,  -29,  -67,   -3,  -13,  -68,    0,    0,  -42,    0,    0,  -16,    0,  -57,  -23,  -61,  -63,  -60,  -49,  -41,  -53,  -72,  -13,    0,    0,    0,  -76,    0,    0,    0,  -84,   -8,  -47,    0,    0,    0,  -31,  -44,
       0,    0,    0,    0,    0,    0,    0,    0,    0,    0,  -41,    0,    0,  -11,    0,    0,    0,    0,    0,    0,    0,    0,  -17,    0,  -17,  -14,  -19,  -19,  -14,  -11,   -8,  -22,    0,    0,    0,    0,  -22,  -19,    0,    0,    0,    0,    0,    0,    0,    0,  -11,    0,    0,    0,    0,    0,    0,    0,    0,    0,    0,    0,    0,    0,    0,    0,    0,    0,  -11,    0,    0,    0,    0,    0,    0,    0,    0,    0,  -11,    0,    0,    0,    0,    0,
       0,  -52,    0,    0,  -94,  -39,  -77,  -67,    0,  -49,  -92,    0,  -29,    0,    0,  -17,    0,    0,    0,    0,    0,    0,  -72,    0,  -77,  -33,  -55,  -22,  -19,  -17,  -60,  -79,  -53,  -49,  -67,  -63,  -67,  -63,  -25,  -76,  -25,    0,  -57,  -43, -101,  -17,  -17,  -71,  -11,    0,  -63,    0,    0,  -19,    0,  -59,  -56,  -99,  -67,  -72,  -71,  -48,  -47,  -91,  -17,  -17,  -21,    0,  -67,    0,    0,    0,  -52,  -19,  -68,    0,    0,  -19,  -31,  -44,
       0,    0,    0,    0,    0,  -30,    0,    0,    0,  -14,    0,    0,  -29,    0,    0,    0,    0,    0,    0,    0,    0,    0,    0,    0,  -14,    0,    0,    0,    0,    0,    0,    0,    0,  -14,  -35,    0,  -51,    0,    0,  -44,  -25,    0,  -29,    0,    0,    0,    0,    0,  -11,  -14,    0,    0,    0,  -36,    0,    0,  -32,    0,    0,    0,    0,  -30,  -49,    0,    0,    0,  -21,    0,    0,    0,    0,    0,  -67,  -29,    0,    0,    0,  -14,  -46,  -33,
       0,  -30,    0,    0,  -59,  -45,  -44,  -53,    0,  -49,  -55,    0,  -21,    0,    0,   -8,    5,    0,    0,    0,    0,    0,  -59,    0,  -67,  -25,  -49,  -19,  -11,  -27,  -43,  -61,  -67,  -38,  -53,  -51,  -53,  -51,    0,  -61,  -17,    0,  -59,  -52,  -61,  -17,  -27,  -57,   -8,    0,  -34,    0,    0,  -33,    0,  -39,  -43,  -57,  -69,  -57,  -52,  -45,  -51,  -74,  -27,    0,  -11,    0,  -60,    0,    0,    0,  -40,  -14,  -27,    0,    0,  -19,  -25,  -44,
       0,    0,    0,    0,    0,    0,    0,    0,    0,    0,    0,    0,    0,    0,    0,    0,    0,    0,    0,    0,    0,    0,    0,    0,    0,    0,    0,    0,    0,    0,    0,    0,    0,    0,    0,    0,  -27,    0,    0,    0,    0,    0,    0,    0,    0,    0,    0,    0,    0,    0,    0,    0,    0,    0,    0,    0,    0,    0,    0,    0,    0,    0,    0,    0,    0,    0,    0,    0,    0,    0,    0,    0,    0,    0,    0,    0,    0,    0,    0,    0,
       0,    0,    0,    0,    0,    0,    0,    0,    0,    0,    0,    0,    0,    0,    0,    0,    0,    0,    0,    0,    0,    0,    0,    0,    0,    0,    0,    0,    0,    0,    0,    0,    0,    0,  -11,    0,  -11,    0,    0,    0,    0,    0,    0,    0,    0,    0,    0,    0,    0,    0,    0,    0,    0,    0,    0,    0,    0,    0,    0,    0,    0,    0,    0,    0,    0,    0,    0,    0,    0,    0,    0,    0,    0,    0,    0,    0,    0,    0,    0,    0,
       0,    0,    0,    0,    0,    0,    0,    0,    0,    0,    0,    0,   -8,    0,    0,    0,  -49,  -33,  -71,    0,  -68,    0,    0,    0,    0,    0,    0,    0,    0,    0,    0,    0,  -19,    0,  -41,    0,  -17,    0,    0,    0,    0,    0,    0,    0,    0,    0,    0,    0,    0,   -7,    0,   -3,    0,    0,  -15,    0,    0,    0,    0,    0,    0,    0,  -40,    0,    0,   -5,    0,    0,    0,  -15,    0,  -11,  -27,    0,    0,    0,    0,    0,    0,    0,
       0,    0,    0,  -30,    0,    0,    0,    0,    0,    0,    0,    0,    0,    0,    0,    0,  -80,    0,  -49,    0,  -49,  -29,    0,    0,    0,    0,    0,    0,    0,   -1,    0,    0,    0,    0,  -16,    0,  -17,  -13,    0,    0,    0,    0,    0,    0,    0,    0,   -1,    0,    0,    0,    0,    0,    0,    0,    0,    0,   -2,    0,   -2,   -1,    0,   -5,  -19,    0,   -1,    0,  -15,    0,   -2,    0,    0,    0,  -19,    0,   -1,  -25,   -3,    0,    0,    0,
       0,    0,    0,   -6,   -9,    0,    0,    0,    0,    0,  -11,    0,    0,  -22,  -14,    0,  -57,    0,  -65,    0,  -55,  -43,   -3,  -17,    0,    0,    0,  -10,    0,    0,    0,    0,   -5,    0,  -10,  -18,  -11,   -2,    0,    0,    0,    0,    0,   -3,    0,    0,    0,    0,    0,    0,    0,    0,    0,    0,    0,    0,    0,  -19,  -11,   -2,   -1,    0,    0,  -18,    0,    0,   -4,    0,  -18,    0,    0,    0,    0,    0,    0,  -39,  -19,    0,    0,    0,
       0,    0,    0,   -3,    0,    0,    0,    0,    0,    0,    0,    0,    0,    0,  -11,    0,  -57,    0,  -49,    0,  -55,  -32,  -10,    0,   -3,    0,    0,   -5,    0,   -3,   -2,    0,    0,    0,   -3,  -14,   -3,   -3,    0,    0,    0,    0,    0,    0,    0,    0,   -3,    0,    0,    0,    0,    0,    0,    0,    0,    0,    0,  -17,   -2,   -2,    0,    0,   -1,  -12,   -3,    0,   -3,    0,  -16,    0,    0,    0,    0,    0,   -3,    0,    0,    0,    0,    0,
       0,    0,    0,    0,    0,    0,    0,    0,    0,    0,    0,    0,    0,    0,    0,    0,    0,    0,    0,    0,    0,    0,    0,    0,  -11,    0,    0,    0,    0,    0,    0,    0,  -11,   -5,  -11,    0,   -8,    0,    0,    0,    0,    0,    0,    0,    0,    0,    0,    0,    0,    0,    0,    0,    0,    0,    0,    0,    0,    0,    0,    0,    0,    0,    0,    0,    0,    0,    0,    0,    0,    0,    0,    0,    0,    0,    0,    0,  -10,    0,    0,    0,
       0,    0,    0,    0,    0,    0,    0,    0,    0,    0,    0,    0,    0,    0,   -8,    0,  -57,    0,  -60,    0,  -65,  -37,    0,   -8,   -1,    0,    0,    0,    0,    0,    0,    0,    0,    0,   -8,  -10,    0,    0,    0,    0,    0,    0,    0,    0,    0,    0,    0,    0,    0,    0,    0,    0,    0,    0,    0,    0,    0,  -17,   -2,    0,    0,    0,    0,   -8,    0,    0,   -4,    0,  -19,    0,    0,    0,    0,    0,    0,  -19,    0,    0,    0,    0,
      60,   11,   77,   93,  -11,    0,    0,    0,   65,    0,    0,   38,   22,    0,    0,    0,   65,    0,    0,    0,    0,   82,  -11,   47,  -17,    0,   -8,   35,   47,   38,    0,    0,    0,    0,    0,    0,    0,    0,    0,    0,    0,    0,    0,    0,    0,   47,   38,   -8,    0,    0,    0,    0,    0,    0,    0,    0,    0,    0,    0,    0,    0,    0,    0,    0,   38,    0,    0,    0,    0,    0,    0,    0,    0,    0,   38,   44,   71,   49,    0,    0,
       0,    0,    0,    0,    0,    0,    0,    0,    0,    0,    0,    0,    0,    0,    0,    0,    0,    0,  -33,    0,  -49,  -19,    0,    0,   -5,    0,    0,    0,    0,   31,    0,    0,    0,    0,    0,    0,    0,    0,    0,    0,    0,    0,    0,    0,    0,    0,   14,    0,    0,    0,    0,    0,    0,    0,    0,    0,    0,    0,    0,    0,    0,    0,    0,    0,   14,    0,    0,    0,    0,    0,    0,    0,    0,    0,   14,    0,    0,    0,    0,    0,
       0,    0,    0,  -25,    0,    0,    0,    0,    0,    0,    0,    0,    0,    0,    0,    0,  -60,    0,  -60,    0,  -65,  -43,    0,   -8,    0,    0,    0,    0,    0,    0,    0,    0,  -11,    0,  -17,    0,  -19,    0,    0,    0,    0,    0,    0,    0,    0,    0,    0,    0,    0,    0,    0,    0,    0,    0,    0,    0,    0,    0,    0,    0,    0,    0,  -19,    0,    0,    0,   -8,    0,    0,    0,    0,    0,  -21,    0,    0,    0,    0,    0,    0,    0,
       0,    0,    0,    0,    0,    0,    0,    0,    0,    0,    0,    0,    0,    0,    0,    0,  -25,    0,  -27,    0,    0,  -25,    0,    0,    0,    0,    0,    0,    0,    0,    0,    0,    0,    0,    0,    0,    0,    0,    0,    0,    0,    0,    0,    0,    0,    0,    0,    0,    0,    0,    0,    0,    0,    0,    0,    0,    0,    0,    0,    0,    0,    0,    0,    0,    0,    0,    0,    0,    0,    0,    0,    0,    0,    0,    0,    0,    0,    0,    0,    0,
       0,    0,    0,    0,    0,    0,    0,    0,    0,    0,    0,    0,    0,    0,    0,    0,    0,    0,  -30,    0,    0,    0,    0,    0,  -14,    0,    0,    0,    0,    0,    0,    0,    0,    0,    0,    0,    0,    0,    0,  -19,    0,    0,  -17,    0,    0,  -14,    0,   -8,    0,    0,    0,    0,    0,    0,    0,    0,    0,    0,    0,    0,    0,    0,    0,    0,    0,    0,    0,    0,    0,    0,    0,    0,    0,    0,    0,    0,    0,    0,    0,    0,
       0,    0,    0,    0,    0,    0,    0,    0,    0,    0,    0,    0,    0,    0,    0,    0,    0,    0,    0,    0,    0,  -29,   -7,   -8,    0,    0,    0,    0,    0,    0,    0,    0,    0,    0,    0,    0,    0,   -8,    0,    0,    0,    0,    0,    0,    0,    0,    0,    0,    0,    0,    0,    0,    0,    0,    0,    0,    0,    0,    0,    0,    0,    0,    0,    0,    0,    0,    0,    0,    0,    0,    0,    0,    0,    0,    0,    0,    0,    0,    0,    0,
       0,    0,    0,    0,  -38,    0,  -25,    0,    0,    0,    0,    0,    0,    0,    0,    0,    0,    0,  -30,    0,    0,    0,    0,    0,   -8,    0,    0,    0,    0,    0,    0,    0,    0,    0,    0,    0,    0,    0,    0,  -19,    0,    0,    0,    0,    0,    0,    0,    0,    0,    0,    0,    0,    0,    0,    0,    0,    0,    0,    0,    0,    0,    0,    0,    0,    0,    0,    0,    0,    0,    0,    0,    0,    0,    0,    0,    0,    0,    0,    0,    0,
       0,    0,    0,    0,    0,    0,    0,    0,    0,    0,    0,    0,    0,    0,    0,    0,  -47,    0,  -52,    0,    0,  -25,    0,    0,    0,    0,    0,    0,    0,    0,    0,    0,    0,    0,    0,    0,   -4,    0,    0,    0,    0,    0,    0,    0,    0,    0,    0,    0,    0,    0,    0,    0,    0,    0,    0,    0,    0,    0,    0,    0,    0,    0,    0,    0,    0,    0,    0,    0,    0,    0,    0,    0,    0,    0,    0,    0,  -10,    0,    0,    0,
       0,    0,    0,    0,    0,    0,    0,    0,    0,    0,    0,    0,    0,    0,    0,    0,    0,    0,    0,    0,    0,  -11,    0,    0,    0,    0,    0,    0,    0,    0,    0,    0,    0,    0,    0,    0,    0,    0,    0,    0,    0,    0,    0,    0,    0,    0,    0,    0,    0,    0,    0,    0,    0,    0,    0,    0,    0,    0,    0,    0,    0,    0,    0,    0,    0,    0,    0,    0,    0,    0,    0,    0,    0,    0,    0,    0,    0,    0,    0,    0,
       0,    0,  -11,    0,  -47,    0,  -32,    0,    0,   -5,  -53,    0,    0,    0,    0,    0,    0,    0,    0,    0,    0,    0,  -15,    0,  -11,    0,  -17,  -11,    0,    0,    0,   -5,    0,    0,    0,    0,    0,    0,    0,  -25,    0,    0,  -14,    0,    0,   -7,    0,   -7,    0,    0,    0,    0,    0,    0,    0,    0,    0,  -31,    0,   -2,    0,    0,    0,  -37,    0,    0,    0,    0,    0,    0,    0,    0,    0,    0,    0,    0,    0,    0,    0,    0,
       0,    0,    0,    0,    0,    0,    0,    0,    0,    0,    0,    0,    0,    0,    0,    0,    0,    0,    0,    0,    0,  -34,   -2,    0,  -17,    0,   -8,    0,    0,    0,    0,    0,    0,    0,    0,    0,    0,    0,    0,  -25,    0,    0,  -19,    0,    0,   -5,    0,   -8,    0,    0,    0,    0,    0,    0,    0,    0,    0,    0,    0,   -2,    0,    0,    0,    0,    0,    0,    0,    0,    0,    0,    0,    0,    0,    0,    0,    0,    0,    0,    0,    0,
       0,    0,    0,    0,    0,    0,    0,    0,    0,    0,    0,    0,    0,   33,    0,    0,  -18,    0,  -47,    0,  -53,    0,    0,    0,    0,    0,    0,    0,    0,    0,    0,    0,    0,    0,    0,    0,    0,    0,    0,    0,    0,    0,    0,    0,    0,    0,    0,    0,    0,    0,    0,  -19,    0,    0,    0,    0,    0,    0,    0,    0,    0,    0,    0,    0,    0,    0,    0,    0,    0,    0,    0,  -14,    0,    0,    0,    0,    0,    0,    0,    0,
       0,    0,    0,    0,    0,    0,    0,    0,    0,    0,    0,    0,    0,    0,    0,    0,    0,    0,  -11,    0,    0,    0,    0,    0,    0,    0,    0,    0,    0,    0,    0,    0,    0,    0,    0,    0,    0,    0,    0,    0,    0,    0,    0,    0,    0,    0,    0,    0,    0,    0,    0,    0,    0,    0,    0,    0,    0,    0,    0,    0,    0,    0,    0,    0,    0,    0,    0,    0,    0,    0,    0,    0,    0,    0,    0,    0,    0,    0,    0,    0,
       0,    0,    0,    0,    0,    0,    0,    0,    0,    0,    0,    0,    0,    0,    0,    0,  -29,    0,  -43,    0,  -52,    0,    0,    0,   -3,    0,    0,    0,    0,    0,    0,    0,    0,    0,    0,    0,    0,    0,    0,    0,    0,    0,    0,    0,    0,    0,    0,    0,    0,  -25,    0,  -19,    0,    0,   -5,    0,    0,    0,    0,    0,    0,    0,    0,    0,    0,    0,    0,    0,    0,    0,    0,    0,    0,    0,    0,    0,    0,    0,    0,    0,
       0,    0,    0,    0,    0,    0,    0,    0,    0,    0,  -33,    0,    0,  -17,    0,    0,    0,    0,  -25,  -30,  -25,    0,    0,    0,    0,    0,    0,    0,    0,    0,    0,    0,    0,    0,    0,    0,    0,    0,    0,    0,    0,    0,    0,    0,    0,    0,    0,    0,    0,    0,    0,    0,    0,    0,    0,    0,    0,    0,    0,    0,    0,    0,    0,    0,    0,    0,    0,    0,    0,    0,    0,    0,    0,    0,    0,    0,    0,    0,    0,    0,
       0,    0,    0,    0,    0,    0,    0,    0,    0,    0,  -48,    0,  -22,    0,    0,    0,    0,    0,    0,    0,    0,    0,  -31,    0,  -38,    0,    0,    0,    0,    0,  -41,  -30,    0,    0,  -30,  -33,  -27,  -30,    0,    0,    0,    0,    0,    0,    0,    0,    0,  -30,    0,    0,  -27,    0,    0,  -19,    0,  -38,    0,  -50,  -30,  -33,  -19,  -25,  -30,   -4,    0,    0,    0,    0,  -34,    0,    0,    0,  -17,    0,    0,    0,    0,    0,    0,    0,
       0,    0,    0,    0,    0,    0,    0,    0,    0,    0,  -23,    0,    0,    0,    0,    0,  -55,    0,  -57,  -29,  -59,    0,    0,    0,    0,    0,    0,    0,    0,    0,    0,    0,    0,    0,  -14,  -19,    0,    0,    0,    0,    0,    0,    0,    0,    0,    0,    0,    0,    0,  -49,  -21,  -28,  -25,    0,  -30,  -27,    0,  -19,  -22,    0,    0,    0,    0,    0,    0,    0,    0,  -25,  -22,    0,    0,   -5,    0,    0,    0,    0,    0,    0,    0,    0,
       0,    0,    0,    0,    0,    0,    0,    0,    0,    0,  -29,    0,    0,    0,    0,    0,  -60,    0,  -75,  -44,  -61,    0,    0,    0,    0,    0,    0,    0,    0,    0,    0,    0,    0,    0,  -25,  -25,  -18,    0,    0,    0,    0,    0,    0,    0,    0,    0,    0,    0,    0,  -49,   -3,  -41,  -29,    0,  -51,  -43,    0,  -18,  -23,    0,    0,    0,    0,  -19,    0,    0,    0,  -31,  -19,    0,    0,  -23,    0,    0,    0,    0,    0,    0,    0,    0,
       0,    0,    0,    0,    0,    0,    0,    0,    0,    0,    0,    0,    0,   33,    0,    0,    0,    0,  -38,    0,  -49,    0,    0,    0,    0,    0,    0,    0,    0,    0,    0,    0,    0,    0,    0,    0,    0,    0,    0,    0,    0,    0,    0,    0,    0,    0,    0,    0,    0,    0,    0,  -19,    0,    0,    0,    0,    0,    0,    0,    0,    0,    0,    0,    0,    0,    0,    0,    0,    0,    0,    0,    0,    0,    0,    0,    0,    0,    0,    0,    0,
       0,    0,    0,    0,    0,    0,    0,    0,    0,    0,  -25,    0,    0,    0,    0,    0,    0,    0,  -25,  -35,  -35,    0,    0,    0,    0,    0,    0,    0,    0,    0,    0,    0,    0,    0,    0,    0,    0,    0,    0,    0,    0,    0,    0,    0,    0,    0,    0,    0,    0,    0,    0,    0,    0,    0,    0,    0,    0,    0,    0,    0,    0,    0,    0,    0,    0,    0,    0,    0,    0,    0,    0,    0,    0,    0,    0,    0,    0,    0,    0,    0,
       0,    0,    0,    0,    0,    0,    0,    0,    0,    0,    0,    0,    0,    0,    0,    0,    0,    0,    0,    0,    0,    0,    0,    0,    0,    0,    0,    0,    0,    0,  -11,    0,  -19,  -11,  -25,  -11,  -19,    0,    0,    0,    0,    0,    0,    0,    0,    0,    0,    0,    0,    0,    0,    0,    0,    0,    0,    0,    0,    0,    0,    0,    0,    0,    0,    0,    0,    0,    0,    0,    0,    0,    0,    0,    0,    0,    0,    0,    0,    0,    0,    0,
       0,    0,    0,    0,    0,    0,    0,    0,    0,    0,    0,    0,    0,    0,    0,    0,    0,    0,    0,    0,    0,    0,    0,   33,    0,    0,    0,   33,    0,   19,    0,    0,    0,    0,    0,    0,    0,    0,    0,    0,    0,    0,    0,    0,    0,    0,   19,    0,    0,    0,    0,    0,    0,    0,    0,    0,    0,    0,    0,    0,    0,    0,    0,    0,   19,    0,    0,    0,    0,    0,    0,    0,    0,    0,   19,    0,    0,    0,    0,    0,
      90,    0,  127,  110,    0,    0,    0,    0,   93,    0,    0,    0,    0,    0,    0,    0,    0,    0,    0,    0,    0,    0,    0,    0,    0,    0,    0,    0,    0,    0,    0,    0,    0,    0,    0,    0,    0,    0,    0,    0,    0,    0,    0,    0,    0,    0,    0,    0,    0,    0,    0,    0,    0,    0,    0,    0,    0,    0,    0,    0,    0,    0,    0,    0,    0,    0,    0,    0,    0,    0,    0,    0,    0,    0,    0,  107,  110,    0,    0,    0,
       0,    0,    0,    0,    0,    0,    0,    0,    0,    0,  -13,    0,    0,  -11,    0,    0,    0,    0,    0,    0,    0,    0,   -8,    0,    0,    0,    0,    0,    0,    0,   -8,    0,  -14,    0,  -25,  -17,  -19,    0,    0,    0,    0,    0,    0,    0,  -17,    0,    0,    0,  -11,    0,  -10,    0,    0,    0,    0,  -14,    0,    0,    0,    0,    0,    0,    0,   -2,    0,    0,    0,    0,    0,    0,    0,    0,    0,    0,    0,    0,    0,    0,    0,    0,
       0,    0,    0,    0,    0,    0,    0,    0,    0,    0,    0,    0,    0,    0,    0,    0,    0,    0,    0,    0,    0,  -33,   -3,   -3,   -9,    0,    0,    0,    0,    0,    0,    0,    0,    0,    0,    0,    0,   -8,    0,    0,    0,    0,    0,    0,    0,    0,    0,   -2,    0,    0,    0,    0,    0,    0,    0,    0,    0,    0,    0,   -3,    0,    0,   -1,    0,    0,    0,    0,    0,    0,    0,    0,    0,    0,    0,    0,    0,    0,    0,    0,    0,
       0,    0,    0,    0,    0,    0,    0,    0,    0,    0,  -25,    0,    0,  -11,    0,    0,  -25,    0,  -38,  -11,  -49,    0,    0,    0,    0,    0,    0,    0,    0,    0,    0,    0,    0,    0,    0,    0,    0,    0,    0,    0,    0,    0,    0,    0,    0,    0,    0,    0,    0,    0,    0,    0,    0,    0,    0,    0,    0,    0,    0,    0,    0,    0,    0,    0,    0,    0,    0,    0,    0,    0,    0,    0,    0,    0,    0,    0,    0,    0,    0,    0,
       0,    0,    0,    0,    0,    0,    0,    0,    0,    0,  -49,    0,    0,    0,   -8,    0,    0,    0,    0,   -5,    0,    0,  -11,    0,  -14,    0,   -8,    0,    0,    0,    0,  -11,    0,    0,    0,    0,    0,  -11,    0,    0,    0,    0,    0,    0,    0,    0,    0,    0,    0,    0,    0,    0,    0,    0,    0,    0,    0,    0,    0,    0,    0,    0,    0,    0,    0,    0,    0,    0,    0,    0,    0,    0,    0,    0,    0,    0,    0,    0,    0,    0,
       0,    0,    0,    0,    0,    0,    0,    0,    0,    0,    0,    0,    0,    0,    0,    0,  -68,    0,  -78,    0,  -25,   -5,    0,    0,    0,    0,    0,    0,    0,    0,    0,    0,    0,    0,  -21,    0,  -16,    0,    0,    0,    0,    0,    0,    0,    0,    0,    0,    0,  -11,  -70,    0,  -58,    0,    0,  -59,    0,    0,    0,    0,    0,    0,   -2,    0,    0,    0,    0,  -22,    0,    0,  -36,    0,  -47,  -22,    0,    0,    0,    0,    0,    0,    0,
       0,  -23,    0,   17,  -57,  -33,  -48,  -41,    0,    0,  -57,    0,  -13,    0,    0,    0,    0,    0,    0,    0,    0,    0,  -63,    0,  -60,    0,    0,    0,    0,  -50,  -56,  -61,    0,    0,  -63,  -60,  -51,  -67,    0,  -57,    0,    0,  -55,  -35,  -60,    0,  -50,  -61,    0,    0,  -47,    0,    0,  -15,    0,  -37,   -8,  -93,  -70,  -87,  -35,  -87,  -77,  -67,  -63,    0,  -27,    0,  -73,    0,    0,   17,  -77,    0,  -50,    0,   22,    0,   -4,    0,
       0,    0,    0,  -38,    0,    0,    0,    0,    0,    0,   -7,   -3,    0,    0,    0,    0,  -43,    0,  -50,  -22,  -59,   -7,    0,    0,    0,    0,    0,    0,    0,    0,    0,    0,    0,    0,  -17,    0,  -11,    0,    0,    0,    0,   17,    0,    0,   -3,    0,    0,    0,    0,  -65,  -11,  -32,    0,   11,  -36,    0,    0,  -10,    0,    0,    0,    0,    0,    0,    0,  -40,  -13,    0,    0,  -64,  -21,  -27,    0,    0,    0,    0,  -31,    0,    0,    0,
       0,    0,    0,    0,    0,    0,    0,    0,    0,    0,    0,    0,   -1,    0,    0,    0,    0,    0,  -57,    0,  -49,    0,    0,    0,   -3,    0,    0,    0,    0,    0,   -3,    0,    0,    0,  -29,    0,  -35,    0,    0,    0,    0,    0,    0,    0,    0,    0,    0,    0,    0,  -43,    0,  -33,    0,    0,  -44,    0,  -22,    0,    0,    0,    0,    0,    0,    0,    0,    0,   -3,    0,    0,   -5,    0,  -44,  -25,    0,    0,    0,    0,    0,    0,    0,
       0,    0,    0,    0,    0,  -18,    0,    0,    0,    0,    0,    0,  -25,    0,    0,    0,    0,    0,    0,    0,    0,    0,    0,    0,  -13,    0,    0,    0,    0,    0,    0,    0,    0,    0,  -40,    0,  -41,   -3,    0,  -29,    0,    0,  -25,    0,    0,    0,    0,    0,    0,   -3,    0,    0,    0,  -25,    0,    0,   -4,    0,    0,    0,    0,  -23,  -44,    0,    0,   -4,  -23,    0,    0,    0,    0,    0,  -49,  -14,    0,    0,    0,    0,  -33,    0,
       0,    0,    0,    0,    0,    0,    0,    0,    0,    0,  -15,    0,    7,    0,    0,    0,  -18,    0,  -11,  -11,  -11,    0,    0,    0,    0,    0,    0,    0,    0,    0,    0,    0,    0,    0,  -11,    0,  -22,    0,    0,    0,    0,    0,    0,    0,  -16,    0,    0,    0,  -11,  -17,  -19,  -11,  -13,    0,  -17,  -11,    0,    0,   -8,    0,    0,    0,    0,    0,    0,    0,  -14,  -11,    0,    0,    0,    0,    0,    0,    0,    0,    0,    0,    0,    0,
       0,    0,    0,    0,    0,    0,    0,    0,    0,    0,  -19,    0,    0,    0,  -11,    0,  -14,    0,  -22,  -36,  -33,    0,    0,    0,    0,    0,    0,    0,    0,    0,    0,    0,    0,    0,    0,    0,    0,    0,    0,    0,    0,    0,    0,    0,  -43,    0,    0,    0,    0,  -17,  -28,    0,  -23,    0,    0,  -31,    0,    0,    0,   17,    0,    0,    0,  -11,    0,    0,    0,  -38,    0,   -3,    0,    0,    0,    0,    0,    0,    0,    0,    0,    0,
       0,    0,    0,    0,    0,    0,    0,    0,    0,    0,    0,    0,    0,    0,    0,    0,    0,    0,    0,    0,    0,  -55,    0,    0,    0,    0,    0,    0,    0,   -2,    0,    0,    0,    0,  -13,   -2,  -13,    0,    0,    0,    0,    0,    0,    0,    0,    0,   -2,    0,    0,    0,    0,    0,    0,    0,    0,    0,    0,   -2,   -3,    0,    0,    0,   -9,   -6,   -2,    0,   -3,    0,  -14,    0,    0,    0,    0,    0,   -2,    0,    0,    0,    0,    0,
       0,    0,    0,    0,   -5,    0,   -3,    0,    0,    0,    0,    0,    0,    0,    0,    0,    0,    0,    0,    0,    0,  -27,    0,    0,    0,    0,    0,    0,    0,    0,    0,    0,    0,    0,    0,    0,    0,    0,    0,   -3,    0,   17,    0,    0,    0,    0,    0,    0,    0,    0,    0,    0,    0,    0,    0,    0,    0,  -19,    0,   -1,    0,    0,    0,  -14,    0,    0,    0,    0,    0,    0,    0,    0,    0,    0,    0,    0,    0,    0,    0,    0,
       0,    0,    0,    0,    0,    0,    0,    0,    0,    0,    0,    0,    0,    0,    0,    0,    0,    0,    0,    0,    0,  -29,    0,    0,    0,    0,    0,    0,    0,    0,    0,    0,    0,    0,    0,    0,    0,    0,    0,    0,    0,    0,    0,    0,    0,    0,    0,    0,    0,    0,    0,    0,    0,    0,    0,    0,    0,    0,    0,    0,    0,    0,   -8,    0,    0,    0,    0,    0,    0,    0,    0,    0,    0,    0,    0,    0,    0,    0,    0,    0,
       0,   -3,    0,    0,    0,    0,    0,    0,    0,    0,    0,    0,    0,    0,    0,    0,    0,    0,    0,    0,    0,  -33,  -10,    0,  -11,    0,    0,    0,    0,    0,    0,    0,    0,    0,    0,    0,    0,    0,    0,  -23,    0,    0,  -22,    0,    0,    0,    0,    0,    0,    0,    0,    0,    0,    0,    0,    0,    0,    0,    0,   -1,    0,    0,    0,    0,    0,    0,    0,    0,    0,    0,    0,    0,    0,    0,    0,    0,    0,    0,    0,    0,
       0,    0,    0,    0,    0,    0,    0,    0,    0,    0,    0,    0,    0,    0,    0,    0,    0,    0,    0,    0,    0,   -7,    0,    0,    0,    0,    0,    0,    0,    0,    0,    0,    0,    0,    0,    0,    0,    0,    0,    0,    0,    0,    0,    0,    0,    0,    0,    0,    0,    0,    0,    0,    0,    0,    0,    0,    0,    0,    0,    0,    0,    0,    0,    0,    0,    0,    0,    0,    0,    0,    0,    0,    0,    0,    0,    0,    0,    0,    0,    0,
       0,    0,    0,    0,  -25,    0,   -3,    0,    0,    0,    0,    0,    0,    0,    0,    0,    0,    0,    0,    0,    0,    0,    0,    0,    0,    0,    0,    0,    0,    0,    0,    0,    0,    0,    0,    0,    0,    0,    0,    0,    0,    0,    0,    0,    0,    0,    0,    0,    0,    0,    0,    0,    0,    0,    0,    0,    0,  -22,    0,    0,    0,    0,    0,  -11,    0,    0,    0,    0,    0,    0,    0,    0,    0,    0,    0,    0,    0,    0,    0,    0,
       0,    0,    0,  -37,    0,    0,    0,    0,    0,    0,    0,    0,    0,    0,    0,    0,    0,    0,    0,    0,    0,  -65,   -2,    0,    0,    0,    0,    0,    0,   -3,   -7,    0,    0,    0,  -44,  -12,  -35,  -16,    0,    0,    0,    0,    0,    0,    0,    0,   -3,    0,    0,    0,    0,    0,    0,    0,    0,    0,  -14,   -7,   -8,   -2,    0,  -22,  -23,    0,   -3,    0,  -37,    0,  -18,    0,    0,    0,  -33,    0,   -3,  -33,  -30,    0,    0,    0,
       0,    0,    0,  -30,    0,    0,    0,    0,    0,    0,    0,    0,    0,    0,    0,    0,    0,    0,    0,    0,    0,  -60,    0,    0,    0,    0,    0,    0,    0,    0,    0,    0,    0,    0,  -31,   -2,  -18,    0,    0,    0,    0,    0,    0,    0,    0,    0,    0,    0,    0,    0,    0,    0,    0,    0,    0,    0,    0,   -2,   -2,    0,    0,   -3,  -19,    0,    0,    0,  -34,    0,   -2,    0,    0,    0,  -25,    0,    0,    0,  -19,    0,    0,    0,
       0,    0,    0,    0,    0,    0,    0,    0,    0,    0,    0,    0,    0,    0,    0,    0,   -7,    0,  -37,   -4,  -38,    0,    0,    0,    0,    0,    0,    0,    0,    0,    0,    0,    0,    0,  -14,    0,    0,    0,    0,    0,    0,    0,    0,    0,    0,    0,    0,    0,    0,  -22,    0,  -14,    0,    0,    0,    0,    0,    0,    0,    0,    0,    0,    0,    0,    0,    0,  -14,    0,    0,    0,    0,    0,    0,    0,    0,    0,    0,    0,    0,    0,
       0,    0,    0,    0,    0,    0,    0,    0,    0,    0,    0,    0,    0,    0,    0,    0,    0,    0,    0,    0,    0,    0,    0,    0,    0,    0,    0,    0,    0,    0,    0,    0,    0,    0,  -33,    0,    0,    0,    0,    0,    0,    0,    0,    0,    0,    0,    0,    0,    0,    0,    0,    0,    0,    0,    0,    0,    0,  -14,    0,    0,    0,  -23,    0,    0,    0,    0,    0,    0,  -17,    0,    0,    0,  -25,    0,    0,    0,    0,    0,    0,    0,
       0,    0,    0,   -3,    0,  -18,    0,    0,    0,    0,    0,    0,  -25,    0,    0,   -1,  -15,    0,    0,    0,    0,    0,    0,    0,   -3,    0,    0,    0,    0,    0,    0,    0,    0,    0,  -54,    0,  -46,   -3,  -14,  -31,    0,    0,  -25,    0,    0,    0,    0,    0,  -14,  -37,    0,    0,    0,  -38,  -27,    0,  -22,    0,    0,    0,    0,  -30,  -44,    0,    0,  -44,  -28,    0,    0,  -27,    0,  -21,  -45,  -15,    0,    0,    0,  -23,  -35,    0,
       0,    0,    0,    0,    0,    0,    0,    0,    0,    0,    0,    0,    0,    0,    0,    0,    0,    0,    0,    0,    0,  -11,  -13,    0,  -18,    0,    0,    0,    0,   -3,    0,    0,    0,    0,    0,    0,    0,    0,    0,  -19,    0,    0,  -22,    0,    0,    0,   -3,    0,    0,    0,    0,    0,    0,    0,    0,    0,  -11,    0,    0,   -2,    0,    0,    0,    0,   -3,    0,    0,    0,    0,    0,    0,    0,    0,    0,   -3,    0,    0,    0,    0,    0,
       0,    0,    0,    0,    0,    0,  -63,    0,    0,    0,  -73,    0,   -3,    0,    0,    0,    0,    0,    0,    0,    0,    0,  -77,    0,  -68,    0,    0,    0,    0,  -39,  -57,  -68,    0,    0,  -43,  -49,  -38,  -62,    0,    0,    0,    0,    0,    0,    0,    0,  -39,  -68,    0,    0,  -55,    0,    0,   -3,    0,  -47,  -17,  -63,  -53,  -73,  -22,  -33,  -39,  -95,  -17,    0,   -3,  -27,  -57,    0,    0,    0,  -22,    0,  -39,    0,    0,    0,    0,    0,
       0,    0,    0,    0,  -57,    0,   -4,    0,    0,    0,    0,    0,    0,    0,    0,    0,    0,    0,    0,    0,    0,    0,   -7,    0,   -1,    0,    0,    0,    0,    0,    0,    0,    0,    0,    0,    0,    0,    0,    0,   -5,    0,    0,   -8,    0,    0,    0,    0,    0,    0,    0,    0,    0,    0,    0,    0,    0,    0,  -27,    0,    0,    0,   13,    0,  -15,    0,    0,    0,    0,    0,    0,    0,    0,    1,    0,    0,    0,    0,    0,    0,    0,
       0,    0,    0,    0,    0,    0,   -3,    0,    0,    0,    0,    0,    0,    0,    0,    0,    0,    0,    0,    0,    0,    0,    0,    0,  -12,    0,    0,    0,    0,    0,    0,    0,    0,    0,    0,    0,    0,    0,    0,    0,    0,    0,    0,    0,    0,    0,    0,    0,    0,    0,    0,    0,    0,    0,    0,    0,    0,  -19,    0,    0,    0,    0,    0,  -19,    0,    0,    0,    0,    0,    0,    0,    0,    0,    0,    0,    0,    0,    0,    0,    0,
       0,    0,    0,    0,    0,    0,    0,    0,    0,    0,    0,    0,    0,    0,    0,    0,  -37,    0,  -54,    0,  -25,   -5,    0,    0,    0,    0,    0,    0,    0,    0,    0,    0,    0,    0,  -21,    0,  -16,    0,    0,    0,    0,    0,    0,    0,    0,    0,    0,    0,  -11,  -43,    0,  -37,    0,    0,  -37,    0,    0,    0,    0,    0,    0,   -2,    0,    0,    0,    0,  -22,    0,    0,  -36,    0,  -30,  -22,    0,    0,    0,    0,    0,    0,    0,
       0,    0,    0,    0,    0,    0,    0,    0,    0,    0,    0,    0,    0,    0,    0,    0,    0,    0,    0,    0,    0,    0,    0,    0,    0,    0,    0,    0,    0,    0,    0,    0,    0,    0,  -27,    0,  -17,    0,    0,    0,    0,    0,    0,    0,    0,    0,    0,    0,    0,    0,    0,    0,    0,    0,    0,    0,    0,    0,    0,    0,    0,    0,  -27,    0,    0,    0,    0,    0,    0,    0,    0,    0,    0,    0,    0,    0,    0,    0,    0,    0,
       0,    0,    0,  -25,    0,    0,    0,    0,    0,    0,    0,    0,    0,    0,    0,    0,  -55,    0,  -61,    0,  -51,  -11,    0,    0,    0,    0,    0,    0,    0,    0,    0,    0,    0,    0,  -12,    0,    0,    0,    0,    0,    0,    0,    0,    0,    0,    0,    0,    0,    0,  -37,    0,  -31,    0,    0,  -36,    0,    0,    0,    0,    0,    0,    0,    0,    0,    0,  -40,    0,    0,    0,  -45,   -2,   -3,    0,    0,    0,    0,   -4,    0,    0,    0,
       0,    0,    0,    0,    0,    0,    0,    0,    0,    0,    0,    0,    0,    0,    0,    0,   -3,    0,  -13,    0,    0,    0,    0,    0,    0,    0,    0,    0,    0,    0,    0,    0,    0,    0,    0,    0,    0,    0,    0,    0,    0,    0,    0,    0,    0,    0,    0,    0,    0,   -8,    0,    0,    0,    0,    0,    0,    0,    0,    0,    0,    0,    0,    0,    0,    0,    0,    0,    0,    0,    0,    0,    0,    0,    0,    0,    0,    0,    0,    0,    0,
       0,    0,    0,    0,    0,    0,    0,    0,    0,    0,    0,    0,    0,    0,    0,    0,    0,    0,    0,    0,    0,  -55,    0,    0,    0,    0,    0,    0,    0,    0,    0,    0,    0,    0,  -28,    0,  -17,    0,    0,    0,    0,    0,    0,    0,    0,    0,    0,    0,    0,    0,    0,    0,    0,    0,    0,    0,    0,    1,    0,    0,    0,  -11,  -15,    0,    0,    0,  -27,    0,    0,    0,    0,    0,  -11,    0,    0,   -4,    0,    0,    0,    0,
       0,    0,    0,  -52,    0,    0,    0,    0,    0,    0,    0,    0,  -12,    0,    0,    0,  -95,    0,  -75,    0,  -69,  -12,    0,    0,    0,    0,    0,    0,    0,    0,    0,    0,    0,    0,  -43,    0,   -3,    0,    0,    0,    0,    0,    0,    0,    0,    0,    0,    0,    0,  -70,    0,  -47,    0,   -3,  -67,    0,    0,    0,    0,    0,    0,   -4,    0,    0,    0,  -57,  -25,    0,    0,  -71,    0,  -72,  -33,    0,    0,    0,  -44,  -25,    0,    0,
       0,    0,    0,    0,    0,    0,    0,    0,    0,    0,    0,    0,    0,    0,    0,    0,    0,    0,    0,    0,    0,    0,    0,    0,    0,    0,    0,    0,    0,    0,    0,    0,    0,    0,    0,    0,    0,    0,    0,    0,    0,    0,    0,    0,    0,    0,    0,    0,    0,    0,    0,    0,    0,    0,    0,    0,    0,    0,    0,    0,    0,    0,    0,    0,    0,    0,    0,  -18,    0,    0,    0,    0,    0,    0,    0,    0,    0,    0,    0,    0,
       0,    0,    0,    0,    0,    0,    0,    0,    0,    0,    0,    0,  -10,    0,    0,    0,    0,    0,    0,    0,    0,    0,    0,    0,    0,    0,    0,    0,    0,    0,    0,    0,    0,    0,    0,    0,    0,    0,    0,    0,    0,    0,    0,    0,    0,    0,    0,    0,    0,    0,    0,    0,    0,    0,    0,    0,    0,    0,    0,    0,    0,    0,    0,    0,    0,    0,    0,    0,    0,    0,    0,    0,    0,    0,    0,    0,    0,    0,    0,    0,
       0,    0,    0,    0,    0,    0,    0,    0,    0,    0,    0,    0,    0,    0,    0,    0,    0,    0,    0,    0,    0,    0,    0,    0,   -1,    0,    0,    0,    0,    0,    0,    0,    0,    0,    0,    0,    0,    0,    0,    0,    0,    0,    0,    0,    0,    0,    0,    0,    0,    0,    0,    0,    0,    0,    0,    0,    0,   11,    0,    0,    0,    0,    0,    1,    0,    0,    0,    0,    0,    0,    0,    0,    0,    0,    0,    0,    0,    0,    0,    0,
       0,    0,    0,    0,    0,    0,    0,    0,    0,    0,    0,    0,    0,    0,    0,    0,    0,    0,    0,    0,    0,    0,    0,    0,    0,    0,    0,    0,    0,    0,    0,    0,    0,    0,    0,   -5,    0,    0,    0,    0,    0,    0,    0,    0,    0,    0,    0,    0,    0,    0,    0,    0,    0,    0,    0,    0,    0,   -8,    0,   -2,    0,    0,    0,    0,    0,    0,    0,    0,    0,    0,    0,    0,    0,    0,    0,    0,    0,    0,    0,    0,
       0,    0,    0,    0,    0,    0,    0,    0,    0,    0,  -25,    0,  -50,    0,    0,    0,    0,    0,    0,    0,    0,    0,  -33,    0,  -44,    0,    0,    0,  -19,  -17,   -3,  -33,    0,    0,  -57,  -33,  -65,  -54,    0,    0,    0,    0,    0,    0,    0,    0,  -17,  -50,  -19,    0,  -25,    0,    0,  -30,    0,    0,  -49,  -11,  -30,  -29,  -43,  -41,  -55,  -14,  -17,    0,  -29,    0,  -27,    0,    0,    0,  -71,    0,  -17,    0,    0,    0,    0,    0,
       0,    0,    0,    0,    0,    0,    0,    0,    0,    0,    0,    0,    0,    0,    0,    0,    0,    0,    0,    0,    0,    0,    0,    0,   -7,    0,    0,    0,    0,    0,    0,    0,    0,    0,    0,    0,    0,    0,    0,    0,    0,    0,    0,    0,    0,    0,    0,    0,    0,    0,    0,    0,    0,    0,    0,    0,    0,    0,    0,   -1,    0,    0,    0,    0,    0,    0,    0,    0,    0,    0,    0,    0,    0,    0,    0,    0,    0,    0,    0,    0,
       0,    0,    0,    0,    0,    0,    0,    0,    0,    0,  -76,    0,    0,    0,    0,    0,    0,    0,    0,    0,    0,    0,    0,    0,  -26,    0,    0,    0,    0,    0,    0,  -27,    0,    0,    0,    0,    0,    0,    0,    0,    0,    0,    0,    0,    0,    0,    0,    0,    0,    0,  -43,    0,    0,    0,    0,  -44,    0,  -37,    0,    0,    0,    0,    0,    0,    0,    0,    0,    0,    0,    0,    0,    0,    0,    0,    0,    0,    0,    0,    0,    0,
       0,    0,    0,    0,    0,    0,    0,    0,    0,    0,  -87,    0,    0,    0,    0,    0,    0,    0,    0,    0,    0,    0,  -60,    0,  -60,    0,  -25,    0,    0,    0,  -19,  -22,    0,    0,    0,    0,    0,    0,    0,    0,    0,    0,    0,    0,    0,    0,    0,  -27,    0,    0,  -60,    0,    0,    0,    0,  -52,    0,  -25,    0,    0,    0,    0,    0,    0,    0,    0,    0,    0,    0,    0,    0,    0,    0,    0,    0,    0,    0,    0,    0,    0,
       0,    0,    0,    0,    0,    0,    0,    0,    0,    0,  -29,    0,    0,    0,    0,    0,    0,    0,  -19,  -14,  -19,    0,    0,    0,   -3,    0,    0,    0,    0,    0,    0,    0,    0,    0,    0,    0,    0,    0,    0,    0,    0,    0,    0,    0,    0,    0,    0,    0,    0,    0,  -36,    0,    0,    0,    0,    0,    0,  -14,    0,    0,    0,    0,    0,  -11,    0,    0,    0,  -23,    0,    0,    0,    0,    0,    0,    0,    0,    0,    0,    0,    0,
       0,    0,    0,    0,    0,    0,    0,    0,    0,    0,  -39,    0,    0,    0,    0,    0,  -31,    0,  -30,  -46,  -25,    0,    0,    0,    0,    0,    0,    0,    0,    0,    0,    0,    0,    0,    0,    0,    0,    0,    0,    0,    0,    0,    0,    0,    0,    0,    0,    0,    0,    0,  -41,  -23,  -33,    0,    0,  -30,    0,  -29,    0,    0,    0,    0,    0,  -28,    0,    0,    0,  -35,    0,    0,    0,    0,    0,    0,    0,    0,    0,    0,    0,    0,
       0,    0,    0,    0,    0,    0,    0,    0,    0,    0,  -25,    0,    0,    0,    0,    0,  -44,    0,  -44,  -33,  -44,    0,    0,    0,    0,    0,    0,    0,    0,    0,    0,    0,    0,    0,    0,    0,    0,    0,    0,    0,    0,    0,    0,    0,    0,    0,    0,    0,    0,    0,    0,    0,    0,    0,    0,    0,    0,    0,    0,    0,    0,    0,    0,    0,    0,    0,    0,    0,    0,    0,    0,    0,    0,    0,    0,    0,    0,    0,    0,    0,
};

static const EpdLigaturePair ebgaramond_20_boldLigaturePairs[] = {
    { 0x005E0030, 0x2070 }, // ^ 0 -> U+2070
    { 0x005E0031, 0x00B9 }, // ^ 1 -> U+00B9
    { 0x005E0032, 0x00B2 }, // ^ 2 -> U+00B2
    { 0x005E0033, 0x00B3 }, // ^ 3 -> U+00B3
    { 0x005E0034, 0x2074 }, // ^ 4 -> U+2074
    { 0x005E0035, 0x2075 }, // ^ 5 -> U+2075
    { 0x005E0036, 0x2076 }, // ^ 6 -> U+2076
    { 0x005E0037, 0x2077 }, // ^ 7 -> U+2077
    { 0x005E0038, 0x2078 }, // ^ 8 -> U+2078
    { 0x005E0039, 0x2079 }, // ^ 9 -> U+2079
    { 0x00660066, 0xFB00 }, // f f -> U+FB00
    { 0x00660069, 0xFB01 }, // f i -> U+FB01
    { 0x0066006C, 0xFB02 }, // f l -> U+FB02
    { 0xFB000069, 0xFB03 }, // U+FB00 i -> U+FB03
    { 0xFB00006C, 0xFB04 }, // U+FB00 l -> U+FB04
};

static constexpr EpdFontData ebgaramond_20_bold = {
    ebgaramond_20_boldBitmaps,
    ebgaramond_20_boldGlyphs,
    ebgaramond_20_boldIntervals,
    88,
    54,
    42,
    -13,
    true,
    ebgaramond_20_boldGroups,
    18,
    nullptr,
    ebgaramond_20_boldKernLeftClasses,
    ebgaramond_20_boldKernRightClasses,
    ebgaramond_20_boldKernMatrix,
    642,
    680,
    103,
    80,
    ebgaramond_20_boldLigaturePairs,
    15,
};
