/**
 * generated by fontconvert.py
 * name: ebgaramond_14_bold
 * size: 14
 * mode: 2-bit  compressed: true
 * Command used: fontconvert.py ebgaramond_14_bold 14 ../builtinFonts/source/EBGaramond/EBGaramond-Bold.ttf ../builtinFonts/source/ChareInk7/ChareInk7-Bold.ttf ../builtinFonts/source/NotoEmoji/NotoEmoji-Regular.ttf ../builtinFonts/source/NotoSymbols/NotoSansSymbols-Regular.ttf --additional-intervals 0x03BB,0x03BB --additional-intervals 0x0410,0x0414 --additional-intervals 0x0418,0x0418 --additional-intervals 0x041B,0x041B --additional-intervals 0x041D,0x0423 --additional-intervals 0x0425,0x0425 --additional-intervals 0x0427,0x0427 --additional-intervals 0x042B,0x042C --additional-intervals 0x042E,0x0432 --additional-intervals 0x0434,0x0435 --additional-intervals 0x0437,0x0437 --additional-intervals 0x043A,0x043A --additional-intervals 0x043D,0x043E --additional-intervals 0x0440,0x0440 --additional-intervals 0x0442,0x0442 --additional-intervals 0x0446,0x0446 --additional-intervals 0x044C,0x044C --additional-intervals 0x044E,0x044E --additional-intervals 0x2113,0x2113 --additional-intervals 0x2669,0x266F --additional-intervals 0x1F600,0x1F607 --additional-intervals 0x1F609,0x1F614 --additional-intervals 0x1F618,0x1F618 --additional-intervals 0x1F61A,0x1F61A --additional-intervals 0x1F61C,0x1F61D --additional-intervals 0x1F620,0x1F622 --additional-intervals 0x1F624,0x1F625 --additional-intervals 0x1F629,0x1F629 --additional-intervals 0x1F62C,0x1F62E --additional-intervals 0x1F631,0x1F635 --additional-intervals 0x1F641,0x1F642 --additional-intervals 0x1F644,0x1F644 --additional-intervals 0x1F44B,0x1F44F --additional-intervals 0x2764,0x2764 --font-include-intervals 1:0x03BB,0x03BB --font-include-intervals 1:0x0410,0x0414 --font-include-intervals 1:0x0418,0x0418 --font-include-intervals 1:0x041B,0x041B --font-include-intervals 1:0x041D,0x0423 --font-include-intervals 1:0x0425,0x0425 --font-include-intervals 1:0x0427,0x0427 --font-include-intervals 1:0x042B,0x042C --font-include-intervals 1:0x042E,0x0432 --font-include-intervals 1:0x0434,0x0435 --font-include-intervals 1:0x0437,0x0437 --font-include-intervals 1:0x043A,0x043A --font-include-intervals 1:0x043D,0x043E --font-include-intervals 1:0x0440,0x0440 --font-include-intervals 1:0x0442,0x0442 --font-include-intervals 1:0x0446,0x0446 --font-include-intervals 1:0x044C,0x044C --font-include-intervals 1:0x044E,0x044E --font-include-intervals 1:0x2113,0x2113 --font-include-intervals 2:0x1F600,0x1F607 --font-include-intervals 2:0x1F609,0x1F614 --font-include-intervals 2:0x1F618,0x1F618 --font-include-intervals 2:0x1F61A,0x1F61A --font-include-intervals 2:0x1F61C,0x1F61D --font-include-intervals 2:0x1F620,0x1F622 --font-include-intervals 2:0x1F624,0x1F625 --font-include-intervals 2:0x1F629,0x1F629 --font-include-intervals 2:0x1F62C,0x1F62E --font-include-intervals 2:0x1F631,0x1F635 --font-include-intervals 2:0x1F641,0x1F642 --font-include-intervals 2:0x1F644,0x1F644 --font-include-intervals 2:0x1F44B,0x1F44F --font-include-intervals 2:0x2764,0x2764 --font-include-intervals 3:0x2669,0x266F --2bit --compress --pnum --darken-aa
 */
#pragma once
#include "EpdFontData.h"

static const uint8_t ebgaramond_14_boldBitmaps[35003] = {
    0xAD, 0x58, 0x3D, 0xAC, 0xDD, 0xD4, 0x1D, 0xFF, 0xDB, 0x26, 0x31, 0xE0, 0x92, 0xC3, 0x90, 0x54,
    0x90, 0x47, 0x30, 0x03, 0x43, 0x9B, 0xD2, 0x98, 0x21, 0xAA, 0x22, 0xF5, 0xE6, 0x1D, 0x97, 0x0E,
    0x1D, 0x3A, 0xF0, 0x06, 0x5E, 0x55, 0x84, 0x54, 0x65, 0x00, 0xA9, 0xA4, 0x55, 0x93, 0x81, 0x21,
    0xAA, 0x42, 0x6C, 0x89, 0x81, 0x81, 0x81, 0x0C, 0x85, 0xA5, 0x03, 0x0C, 0x0C, 0xF4, 0x31, 0x34,
    0x52, 0x19, 0xA8, 0x9A, 0xE0, 0x03, 0x0C, 0x0C, 0x48, 0x8D, 0x25, 0x5A, 0x31, 0xB4, 0x55, 0x5D,
    0x09, 0x5A, 0x01, 0x43, 0xDC, 0x60, 0xC0, 0x24, 0xBE, 0x3E, 0xFD, 0xFD, 0xCE, 0xF1, 0x7D, 0xEF,
    0x3E, 0xC8, 0x07, 0x54, 0xDC, 0xEB, 0xF3, 0xF7, 0xBD, 0xF6, 0x39, 0xE7, 0xFF, 0xFD, 0x75, 0x56,
    0xC5, 0x8A, 0x2D, 0x6D, 0x8E, 0xAF, 0x54, 0xF8, 0x16, 0xB2, 0x2A, 0x87, 0x65, 0x86, 0xEF, 0x6D,
    0x22, 0xF8, 0x85, 0xB7, 0x79, 0x25, 0xBB, 0x45, 0xC5, 0xA5, 0x4E, 0x4D, 0x91, 0x19, 0x9D, 0xE5,
    0x87, 0x33, 0x99, 0xA5, 0x72, 0x68, 0x9F, 0xDC, 0x7B, 0x87, 0xB8, 0x4F, 0x20, 0x72, 0x4B, 0x2C,
    0x72, 0x47, 0x22, 0x72, 0x8F, 0x12, 0x99, 0xED, 0x12, 0x39, 0xF4, 0xAB, 0x52, 0x59, 0xDB, 0xA4,
    0xD6, 0x9A, 0x9B, 0x2F, 0xFD, 0x51, 0xA4, 0x39, 0x2E, 0x81, 0x39, 0x23, 0xE1, 0x5F, 0x2F, 0x49,
    0x61, 0xB1, 0xA5, 0xB5, 0xF2, 0x9D, 0x67, 0x8D, 0x24, 0x91, 0x11, 0x15, 0x95, 0xB2, 0x2B, 0xCE,
    0x65, 0x1F, 0x96, 0xBB, 0x0D, 0xA3, 0x1C, 0xA3, 0x14, 0x59, 0x39, 0x2D, 0xA1, 0x9D, 0x4B, 0xF2,
    0x61, 0x21, 0xE9, 0x5B, 0x4A, 0xF4, 0xF9, 0x44, 0xF4, 0x85, 0x50, 0xF4, 0x28, 0x92, 0xD9, 0x5C,
    0x94, 0x6D, 0x24, 0xB2, 0x83, 0x08, 0xF6, 0xC2, 0x03, 0xB9, 0xF5, 0x80, 0xCD, 0x8F, 0xCF, 0x6C,
    0x7E, 0x62, 0x56, 0xE4, 0xB3, 0x43, 0x95, 0xE8, 0x13, 0xA3, 0xA4, 0xB6, 0x93, 0x60, 0xC4, 0x7E,
    0xC7, 0xB1, 0xEF, 0x19, 0x8C, 0x5B, 0x3D, 0xC5, 0x39, 0xD1, 0xD4, 0xD1, 0x20, 0xB1, 0x51, 0xC7,
    0x04, 0x7B, 0x2B, 0x73, 0x80, 0xE0, 0x24, 0x41, 0x2B, 0x85, 0x7A, 0xBD, 0xC1, 0xAF, 0x37, 0x0C,
    0xC0, 0xF9, 0x5C, 0xD2, 0xFB, 0x7F, 0x96, 0x35, 0xC9, 0x7C, 0x76, 0xB6, 0x97, 0xB5, 0x97, 0xBB,
    0xB3, 0x12, 0x5C, 0xEC, 0x4E, 0x49, 0xF4, 0x46, 0x5B, 0x48, 0xF2, 0x44, 0xA7, 0x45, 0x85, 0xF8,
    0x3B, 0x0B, 0xFA, 0xC7, 0xE5, 0x15, 0x19, 0xCE, 0x4A, 0x2B, 0xBA, 0x0D, 0x6A, 0xD9, 0x01, 0xB9,
    0xBC, 0x48, 0x5C, 0x99, 0x05, 0x2F, 0x52, 0xA9, 0x06, 0xD0, 0x26, 0xAD, 0x83, 0xEE, 0xF7, 0xD3,
    0x06, 0xB0, 0xB0, 0xE1, 0xC6, 0x20, 0x69, 0x17, 0xD8, 0x5A, 0x8A, 0x39, 0x34, 0x10, 0x7E, 0x64,
    0xF3, 0x5E, 0x12, 0x63, 0x41, 0x42, 0x6A, 0xF4, 0xE5, 0x52, 0xB4, 0x51, 0x73, 0x01, 0x8C, 0xC1,
    0xA7, 0x6E, 0x22, 0x6C, 0xA7, 0xC7, 0x63, 0x55, 0x73, 0x77, 0x6A, 0x87, 0xCC, 0x76, 0xB1, 0x6D,
    0x12, 0xAC, 0x7D, 0x54, 0xE4, 0xE7, 0x64, 0x04, 0x1A, 0xD4, 0x4E, 0x83, 0x87, 0xE4, 0x5E, 0x62,
    0xFF, 0x96, 0x9C, 0x0B, 0xFA, 0xA8, 0x4D, 0x6A, 0x65, 0xB2, 0x52, 0xE7, 0x05, 0x30, 0x8C, 0x4B,
    0xDF, 0xCA, 0xCD, 0xD7, 0x79, 0x56, 0x2A, 0x93, 0xD4, 0x51, 0x13, 0xB6, 0x32, 0xC8, 0x49, 0x91,
    0xBB, 0xE5, 0x14, 0x9E, 0xE2, 0x59, 0x13, 0xB5, 0x51, 0x17, 0x0C, 0x78, 0x3A, 0xC7, 0x74, 0x6F,
    0x24, 0xD6, 0x2D, 0x9D, 0x07, 0x43, 0x38, 0x44, 0x5D, 0xD4, 0xC6, 0x8D, 0x32, 0x69, 0xA9, 0xB9,
    0xCC, 0x7D, 0xC0, 0x5C, 0x9B, 0xDF, 0xFD, 0xA9, 0x29, 0x6C, 0x99, 0x8E, 0x02, 0xE2, 0x32, 0xDB,
    0x1E, 0x7E, 0x45, 0xE4, 0x84, 0xC8, 0x41, 0xBC, 0x7E, 0x9E, 0x73, 0xDA, 0xAB, 0x80, 0x00, 0x40,
    0x5B, 0x6B, 0xCB, 0xFD, 0x2F, 0x5D, 0xDA, 0xB8, 0xC6, 0x3C, 0x0F, 0xA0, 0xC6, 0x9D, 0x79, 0xD6,
    0xE8, 0x36, 0xED, 0xC2, 0x2E, 0x68, 0xC3, 0x26, 0x2D, 0x1F, 0x97, 0xE0, 0x17, 0xB9, 0xB6, 0x65,
    0x71, 0xC9, 0xC9, 0x5E, 0x2A, 0x63, 0x4D, 0x65, 0x32, 0xFC, 0xBE, 0x91, 0xF6, 0x0C, 0xC1, 0xC8,
    0xCB, 0x5C, 0x1D, 0xC2, 0x78, 0x8C, 0xC4, 0x25, 0x64, 0x26, 0xE9, 0x15, 0xDE, 0x24, 0xEE, 0xCD,
    0x9D, 0xEE, 0x31, 0x18, 0x7B, 0x4C, 0x88, 0x0A, 0x6A, 0x1C, 0x24, 0x6A, 0x2B, 0x51, 0x8D, 0x36,
    0xA9, 0xC9, 0x6A, 0xA8, 0xA6, 0xE5, 0x28, 0x8C, 0xEA, 0x2A, 0xA3, 0xFA, 0xE5, 0xC1, 0x67, 0x8B,
    0xF7, 0x69, 0xA3, 0x6A, 0xD5, 0x66, 0x26, 0xEA, 0x35, 0x14, 0xDF, 0xFB, 0xBD, 0x42, 0xD2, 0xA7,
    0x2D, 0xAF, 0xC8, 0xC2, 0xD4, 0xAF, 0x7F, 0xC5, 0xB6, 0xD4, 0x5C, 0x2D, 0xB2, 0x07, 0xA2, 0xB2,
    0x2D, 0x84, 0x3B, 0x48, 0xF6, 0xDB, 0xB9, 0xCC, 0xC2, 0x51, 0xEE, 0x82, 0x4E, 0xC4, 0x0D, 0xF8,
    0x44, 0x88, 0x11, 0x41, 0x46, 0x31, 0x94, 0xA1, 0x60, 0x7F, 0x07, 0xF0, 0x18, 0x2A, 0x08, 0x1A,
    0x69, 0xE2, 0x32, 0x32, 0xF0, 0x4D, 0x03, 0x31, 0x97, 0x90, 0x74, 0x2E, 0xD3, 0x7E, 0x21, 0xF6,
    0x53, 0xD8, 0xEF, 0xBB, 0xD1, 0x5C, 0x0E, 0x86, 0xF3, 0x69, 0x8F, 0xDE, 0xEF, 0x91, 0x95, 0xC0,
    0x07, 0xDE, 0x2F, 0x58, 0x4E, 0xC4, 0x1A, 0x1A, 0x35, 0x47, 0xC5, 0xBB, 0xC3, 0x3B, 0xC3, 0x7C,
    0xFD, 0x50, 0x23, 0xD9, 0x38, 0xD9, 0x01, 0x6C, 0xCF, 0x0B, 0x0E, 0xEB, 0x43, 0xD8, 0x3A, 0x7C,
    0x9C, 0x32, 0x95, 0x7B, 0x30, 0x0E, 0x15, 0xB9, 0xB4, 0xB6, 0x0C, 0x8C, 0x2D, 0xA3, 0xD2, 0x96,
    0x09, 0xF6, 0x42, 0xAC, 0x18, 0x41, 0xD3, 0x78, 0xF4, 0x19, 0xFB, 0x97, 0xCD, 0xFD, 0xE9, 0x16,
    0x29, 0x9D, 0x9C, 0x9F, 0xB5, 0x9D, 0xB6, 0xCD, 0x6C, 0xAD, 0x41, 0xFB, 0x07, 0xF4, 0xE8, 0x57,
    0x31, 0xA5, 0x83, 0xFB, 0xE7, 0x85, 0xAD, 0x49, 0x7D, 0x06, 0xBF, 0x01, 0x8D, 0x03, 0xA9, 0x06,
    0xF3, 0xF0, 0x38, 0x6D, 0x76, 0xC2, 0x68, 0x6B, 0xBF, 0xFC, 0x66, 0x8C, 0x73, 0x22, 0x09, 0xFE,
    0x6A, 0x2F, 0x25, 0x72, 0xA7, 0x20, 0xA5, 0x94, 0x8F, 0x40, 0x61, 0xF1, 0x44, 0x2F, 0xD5, 0x31,
    0xC4, 0xBC, 0xEF, 0x43, 0x34, 0x62, 0x8D, 0x95, 0x02, 0x43, 0x1B, 0x60, 0x28, 0x0B, 0x53, 0x49,
    0xD6, 0x0C, 0x10, 0x39, 0xD8, 0x79, 0x50, 0xE4, 0x06, 0x6C, 0x01, 0x92, 0xE1, 0x82, 0xB6, 0x07,
    0xD9, 0xAD, 0xDE, 0x78, 0xA9, 0x99, 0xC1, 0x72, 0x8E, 0x4B, 0xB2, 0xCC, 0xA7, 0x37, 0x55, 0xC8,
    0x9D, 0x46, 0xB5, 0x5D, 0x04, 0x53, 0x48, 0x62, 0x2C, 0x60, 0x24, 0xD8, 0x91, 0x83, 0xDB, 0x1E,
    0xF4, 0x00, 0x8F, 0xD1, 0xA5, 0x36, 0xF8, 0xC2, 0xC0, 0xB2, 0x0E, 0x7E, 0x38, 0x7F, 0x15, 0xBA,
    0x6F, 0xF1, 0xBE, 0x03, 0x91, 0xA3, 0x44, 0x1F, 0x42, 0x5C, 0xAF, 0x41, 0x0C, 0xA6, 0x68, 0x8A,
    0x52, 0x37, 0x85, 0xC9, 0x38, 0xDB, 0xA4, 0x08, 0x49, 0x11, 0x0D, 0x64, 0x8F, 0xDF, 0x4F, 0x2A,
    0x08, 0xE2, 0x63, 0x2B, 0xCA, 0x14, 0xE5, 0x34, 0x03, 0x73, 0x61, 0xAE, 0x30, 0x46, 0xDD, 0xDE,
    0xDF, 0xA6, 0xF6, 0xB9, 0x26, 0x1E, 0xB3, 0x05, 0xF7, 0xB9, 0x53, 0x25, 0xD5, 0x1E, 0x53, 0x28,
    0x7C, 0x84, 0xBF, 0x44, 0x09, 0x65, 0x3C, 0x4C, 0x77, 0xCA, 0x21, 0x85, 0x1A, 0xD8, 0xBC, 0xD1,
    0x2C, 0xFD, 0x57, 0xA0, 0x42, 0xB7, 0xBA, 0xA1, 0xAD, 0x89, 0x5C, 0xC9, 0x2D, 0xBD, 0xE7, 0x33,
    0xF2, 0xC1, 0x64, 0x12, 0xD0, 0x58, 0xE5, 0x92, 0x74, 0x1E, 0x2B, 0x2D, 0x26, 0xA3, 0x95, 0x2C,
    0x7E, 0x04, 0xFC, 0x41, 0xAD, 0x04, 0xCE, 0xCF, 0x91, 0x32, 0x2C, 0x52, 0xC6, 0xA6, 0x61, 0xF1,
    0x73, 0x74, 0x63, 0x63, 0x03, 0xCF, 0x68, 0x7B, 0x72, 0x1A, 0x03, 0x06, 0x2B, 0x1A, 0x2B, 0x68,
    0xB9, 0x4B, 0x9B, 0xD5, 0x13, 0x4E, 0x8F, 0x6C, 0x09, 0x67, 0x37, 0xED, 0x73, 0x83, 0x5B, 0x56,
    0xF4, 0xCC, 0x2B, 0x77, 0x22, 0x12, 0x20, 0x24, 0xC4, 0x48, 0x4A, 0x06, 0x91, 0x23, 0xB6, 0x70,
    0x14, 0x49, 0x7B, 0x8A, 0x02, 0x5A, 0x4B, 0xDC, 0x7C, 0x95, 0x53, 0x58, 0x58, 0x92, 0x19, 0xC6,
    0x78, 0xA4, 0xA9, 0xF7, 0x01, 0x62, 0x4B, 0x2B, 0xD3, 0x35, 0x18, 0x43, 0xB0, 0x84, 0xDC, 0xA2,
    0x46, 0xF2, 0xFB, 0x4B, 0x55, 0x16, 0xF6, 0x4D, 0x93, 0x86, 0x5D, 0xF1, 0x44, 0x73, 0x20, 0xA9,
    0xB3, 0xFB, 0xDA, 0xC3, 0x88, 0xC3, 0x41, 0x3B, 0x43, 0x2C, 0x26, 0xCC, 0x75, 0xD8, 0xCC, 0x74,
    0xBE, 0x1A, 0xD5, 0x87, 0x33, 0x73, 0x0A, 0xAF, 0xD2, 0x7F, 0x83, 0xA3, 0x34, 0xB6, 0xCF, 0xC1,
    0x10, 0xCC, 0x03, 0x81, 0x77, 0xE2, 0x9B, 0x1D, 0x77, 0x10, 0xA1, 0x7E, 0xEF, 0x58, 0xEB, 0x70,
    0x51, 0xFE, 0x7B, 0x4F, 0x3B, 0x7A, 0xEE, 0x72, 0xE2, 0x76, 0x62, 0x4A, 0x5D, 0x68, 0xD0, 0xC3,
    0x16, 0xFC, 0x03, 0x85, 0x21, 0x17, 0x9D, 0x90, 0xFE, 0x45, 0x18, 0x1A, 0xAE, 0x8D, 0x10, 0x14,
    0xC9, 0x69, 0x01, 0xA8, 0x36, 0x2A, 0x50, 0xCE, 0x64, 0x8D, 0x28, 0xB1, 0x5E, 0xB4, 0x8C, 0x78,
    0x69, 0xC7, 0xA0, 0xA7, 0xB0, 0x1D, 0xC8, 0x18, 0x24, 0xE8, 0x24, 0x99, 0x4B, 0x8C, 0x34, 0x65,
    0x11, 0x5A, 0x0D, 0x8C, 0x7D, 0x49, 0x0F, 0xD0, 0xCD, 0xBB, 0x70, 0x8A, 0x1F, 0xC3, 0x2A, 0x47,
    0x84, 0xA8, 0x08, 0xFE, 0x96, 0x6F, 0x02, 0xFC, 0x0D, 0xF8, 0x82, 0x0E, 0x49, 0x09, 0x45, 0xF6,
    0xF7, 0x73, 0x37, 0xAF, 0xE4, 0x5B, 0x03, 0x50, 0xD5, 0x04, 0xCD, 0xE2, 0x17, 0x9E, 0x59, 0xBC,
    0x4D, 0xEC, 0x85, 0x91, 0x3B, 0x37, 0x0B, 0x2C, 0x3B, 0x1E, 0x60, 0xDC, 0xC1, 0xFF, 0xEC, 0xB3,
    0x95, 0x81, 0x81, 0xE1, 0x2C, 0x26, 0xCB, 0x0C, 0xEE, 0x8E, 0x92, 0x03, 0x74, 0xDE, 0x90, 0x91,
    0x26, 0x7D, 0x4D, 0x90, 0x71, 0x1E, 0xD8, 0x91, 0x6F, 0xC4, 0x5C, 0x1B, 0x70, 0x17, 0xD1, 0xDD,
    0x4A, 0x4F, 0x89, 0x02, 0xD3, 0x37, 0x7F, 0x43, 0x44, 0x9E, 0x25, 0x4C, 0x48, 0xEC, 0xB3, 0xAC,
    0x30, 0x50, 0x44, 0x0C, 0x84, 0xFE, 0x0A, 0x1D, 0x5F, 0x9E, 0x74, 0x04, 0x16, 0x42, 0x47, 0xFC,
    0x04, 0x8B, 0x25, 0x58, 0xF9, 0xB7, 0x66, 0x73, 0x7E, 0x60, 0x17, 0xFB, 0x58, 0xCA, 0x36, 0xB1,
    0xEF, 0x41, 0xF2, 0xC5, 0x64, 0xD6, 0x3B, 0x96, 0xE4, 0xC9, 0x20, 0xF3, 0x83, 0xB3, 0x9C, 0xB9,
    0x8F, 0xE0, 0x16, 0x82, 0x1D, 0x04, 0x42, 0xB0, 0x46, 0xC0, 0xD2, 0xE7, 0x27, 0xF5, 0x24, 0xD4,
    0x51, 0xEA, 0xE9, 0xD9, 0x88, 0x02, 0x67, 0x31, 0x2F, 0x70, 0xA8, 0x48, 0xAE, 0xC2, 0x7E, 0xEB,
    0xC5, 0x26, 0x2A, 0xF7, 0xD9, 0x8D, 0x7F, 0xF3, 0xC4, 0x3E, 0x73, 0x8E, 0x58, 0x88, 0x04, 0xE3,
    0x26, 0x2E, 0xE5, 0x1E, 0x18, 0x67, 0xB0, 0x7F, 0x8B, 0xED, 0xC9, 0x4A, 0x8B, 0x71, 0x7C, 0x7A,
    0xB7, 0x35, 0x2C, 0x45, 0x94, 0x63, 0xD7, 0x85, 0x27, 0xED, 0x58, 0x93, 0x49, 0x49, 0xD4, 0x52,
    0xC7, 0xF8, 0x1D, 0xF4, 0x6E, 0xEE, 0x09, 0xC6, 0x65, 0xD8, 0x95, 0xEA, 0xE8, 0x6F, 0x4E, 0x55,
    0x5E, 0x25, 0x9F, 0x83, 0xC0, 0xC7, 0xDF, 0xD5, 0x9C, 0x10, 0x93, 0xB3, 0x8E, 0xE1, 0x19, 0x2A,
    0x03, 0x8C, 0xE7, 0x84, 0xA1, 0x13, 0x9D, 0x14, 0xEF, 0x16, 0x1D, 0xD1, 0x7B, 0x47, 0x58, 0xDB,
    0x92, 0x1D, 0xF2, 0x43, 0x0F, 0xAA, 0xA2, 0x49, 0x41, 0xE5, 0x75, 0xA0, 0xDD, 0xD8, 0x20, 0x64,
    0xC1, 0x11, 0x8D, 0xEB, 0xEB, 0xD7, 0x9D, 0xEF, 0xA0, 0xDF, 0xDF, 0xE3, 0x5A, 0x72, 0x83, 0x36,
    0x71, 0xB6, 0xF1, 0xE5, 0xAF, 0x84, 0x75, 0xF0, 0xA6, 0x2B, 0x51, 0x6E, 0x29, 0x65, 0x3A, 0x7C,
    0x0D, 0x83, 0xC2, 0x69, 0xE5, 0xB6, 0xC4, 0xC8, 0x29, 0x44, 0xE4, 0x02, 0x89, 0x32, 0xED, 0x96,
    0x28, 0xD5, 0x8E, 0xD8, 0x64, 0xEE, 0xA8, 0x70, 0xB6, 0x93, 0x39, 0xA5, 0x9E, 0x24, 0x74, 0xB9,
    0x6A, 0x44, 0x18, 0x04, 0x4C, 0x9D, 0x29, 0x31, 0x5B, 0x42, 0x48, 0xC6, 0x41, 0xF7, 0x56, 0xF7,
    0x84, 0x2C, 0x4B, 0x31, 0x13, 0x4A, 0xC0, 0x2A, 0xBC, 0xA6, 0x13, 0xB7, 0x34, 0x8C, 0x8C, 0x16,
    0x9C, 0x67, 0x4C, 0xCC, 0xAD, 0xDD, 0xB4, 0x8F, 0x09, 0xB9, 0x37, 0x9B, 0x4D, 0x33, 0xFD, 0x3F,
    0x00, 0xC5, 0x1C, 0x50, 0xC1, 0x51, 0x49, 0x57, 0xCA, 0x13, 0xBB, 0x51, 0xB9, 0x1C, 0xB1, 0x9C,
    0x1F, 0x5C, 0x8F, 0x90, 0xB0, 0x30, 0x40, 0xF0, 0x76, 0x2E, 0x48, 0x43, 0x12, 0x4A, 0x19, 0xC4,
    0x83, 0x0C, 0xF2, 0x00, 0xDA, 0x18, 0x28, 0xFF, 0x39, 0xC8, 0x9F, 0x70, 0xFB, 0xDB, 0xC0, 0x4B,
    0xDE, 0x1E, 0xC3, 0xB7, 0x70, 0x7B, 0xDD, 0x46, 0x4F, 0x21, 0xF6, 0x19, 0xFB, 0xA3, 0xC4, 0xDD,
    0xCE, 0xE3, 0x16, 0x9A, 0xE2, 0x1F, 0xEE, 0xA6, 0x07, 0x84, 0xC3, 0xC8, 0xA4, 0xBD, 0xBB, 0xA9,
    0x16, 0xD6, 0x19, 0xD5, 0x49, 0x83, 0x5B, 0xD2, 0xB1, 0xBC, 0x02, 0xE7, 0xE1, 0xE7, 0x02, 0x25,
    0x62, 0x01, 0xC9, 0x18, 0x14, 0xE2, 0x4E, 0x5A, 0x47, 0x70, 0xDC, 0xD8, 0x30, 0xA1, 0x47, 0xC6,
    0x55, 0x56, 0x65, 0xF0, 0x4F, 0x4B, 0xF8, 0x26, 0x4C, 0xB7, 0x0C, 0x5E, 0xB7, 0x2D, 0xA0, 0xA9,
    0xFA, 0xA8, 0x0C, 0x4D, 0x36, 0x12, 0x26, 0xF6, 0x87, 0x80, 0x91, 0x7D, 0x1B, 0x50, 0xEC, 0xA7,
    0x39, 0xEA, 0x09, 0x6D, 0x09, 0x95, 0x83, 0xE8, 0x0B, 0xA2, 0xDA, 0x99, 0xA7, 0x4B, 0xD8, 0x28,
    0x2A, 0x5D, 0x06, 0x87, 0x47, 0x42, 0xD8, 0x7B, 0xE8, 0x27, 0x89, 0x73, 0xFF, 0xA2, 0x44, 0xD4,
    0x09, 0xE6, 0x74, 0x23, 0xF6, 0x3F, 0x23, 0xFD, 0x0C, 0x52, 0x4C, 0x59, 0x5D, 0x94, 0x74, 0x44,
    0x94, 0x15, 0x5B, 0xB0, 0x26, 0xAC, 0x96, 0xE1, 0xF4, 0x96, 0xC1, 0xD4, 0x96, 0x4E, 0xA2, 0x74,
    0x4D, 0x64, 0x5D, 0xD6, 0xA7, 0x74, 0xCD, 0xC6, 0xE5, 0x5C, 0x1F, 0x6A, 0xF6, 0xBA, 0x42, 0xE1,
    0x01, 0xF1, 0xB1, 0x3C, 0xB1, 0xB1, 0x33, 0x39, 0x9F, 0x25, 0x5C, 0xF4, 0xBF, 0x02, 0xD8, 0xCC,
    0x1C, 0x21, 0xE3, 0x6E, 0xD5, 0x5C, 0xDD, 0x16, 0x9C, 0x1D, 0x15, 0x4B, 0xF6, 0xE5, 0xD8, 0x5C,
    0xE0, 0x2E, 0x4E, 0x33, 0xB1, 0x79, 0x4E, 0x27, 0x56, 0x27, 0x5E, 0x27, 0x66, 0xC5, 0x73, 0xB2,
    0xED, 0x56, 0x8B, 0x67, 0x75, 0xDB, 0x6D, 0x73, 0x8A, 0x67, 0xDA, 0xDB, 0x91, 0x4C, 0x6C, 0x93,
    0x6F, 0xD6, 0x91, 0x13, 0xE3, 0x0B, 0xEC, 0x0C, 0x62, 0x2E, 0x27, 0xBB, 0xEE, 0x0F, 0x58, 0x7D,
    0x2A, 0x9B, 0x4A, 0xD9, 0x6C, 0xF1, 0xD4, 0x5B, 0x48, 0x36, 0x95, 0xA8, 0x6B, 0x5B, 0x39, 0xA0,
    0xE1, 0x4E, 0x0F, 0xD1, 0xC1, 0x90, 0x0F, 0x9D, 0x5B, 0x3A, 0x37, 0x93, 0x6D, 0x90, 0xCF, 0x43,
    0x37, 0x87, 0x7D, 0xE5, 0xE4, 0xA2, 0x23, 0xAB, 0x20, 0x38, 0x67, 0xEB, 0x20, 0xAB, 0xDC, 0xD1,
    0xC7, 0xEC, 0x70, 0x5A, 0xE5, 0x1C, 0x5E, 0x33, 0x01, 0xE5, 0xA9, 0x6D, 0x0B, 0xB6, 0x90, 0x8E,
    0x8A, 0xA3, 0xA5, 0x0B, 0xE1, 0x15, 0xF4, 0xD8, 0xA1, 0x1F, 0xAC, 0x63, 0x54, 0x95, 0x11, 0x6A,
    0xD0, 0xC0, 0x68, 0x88, 0x98, 0x65, 0x7D, 0x8A, 0xB5, 0xCA, 0xBA, 0x5C, 0x4E, 0x22, 0x51, 0xC7,
    0x11, 0xA3, 0xAD, 0x8F, 0xA3, 0xF2, 0x79, 0x0C, 0xB5, 0xD6, 0x49, 0x14, 0x45, 0xAB, 0xC2, 0x3A,
    0xB3, 0xC2, 0x2B, 0x08, 0xE5, 0xC1, 0xDC, 0xD5, 0xC9, 0x22, 0xBB, 0x58, 0x23, 0x01, 0x1D, 0x9D,
    0x34, 0x7B, 0x16, 0x99, 0x0F, 0xD9, 0x00, 0xD5, 0x15, 0xAA, 0x78, 0x6B, 0x58, 0x57, 0x59, 0x13,
    0x38, 0x28, 0x5F, 0x07, 0x0C, 0x9D, 0xB0, 0x33, 0x3B, 0x97, 0xED, 0xEE, 0x67, 0x9B, 0xD8, 0xD6,
    0xA8, 0xE8, 0x20, 0x38, 0xC4, 0x3E, 0x50, 0xE0, 0xB3, 0xD2, 0x97, 0x87, 0xB1, 0x87, 0x6E, 0x6D,
    0xEC, 0xF2, 0x1A, 0xAD, 0x89, 0x59, 0xA9, 0x0C, 0x69, 0x21, 0x1D, 0x3D, 0x4E, 0xBB, 0x38, 0x94,
    0xF8, 0xDC, 0xB0, 0x37, 0xDF, 0x8A, 0xEF, 0x08, 0xBB, 0x68, 0x72, 0xF2, 0x88, 0xC1, 0x91, 0x85,
    0x2D, 0x9B, 0xBE, 0x86, 0x6B, 0xD9, 0x19, 0xC0, 0x1D, 0x1C, 0x64, 0xF3, 0x50, 0x34, 0xCA, 0xA5,
    0xC3, 0x7D, 0xE4, 0xA2, 0x63, 0xAF, 0xA0, 0x7A, 0x76, 0x0B, 0xC9, 0xC0, 0x63, 0x8C, 0x68, 0xDE,
    0x3A, 0xD3, 0xA1, 0xC9, 0x04, 0x13, 0xD7, 0xCE, 0x9A, 0x2A, 0x87, 0x67, 0xD5, 0xC1, 0xD9, 0xA2,
    0xB6, 0x95, 0x2D, 0xFC, 0xD6, 0x5E, 0x98, 0xDB, 0x36, 0x1D, 0x95, 0x8D, 0x6A, 0x0D, 0xFA, 0x23,
    0x1B, 0x95, 0xF7, 0x38, 0xFB, 0x7A, 0x12, 0xF3, 0x41, 0x87, 0xFD, 0x33, 0xDB, 0x35, 0xF4, 0xCB,
    0x7F, 0x17, 0xEF, 0xEF, 0xBD, 0xB0, 0xA8, 0x6D, 0xB3, 0x8E, 0xED, 0x5B, 0xD6, 0xAA, 0x9E, 0xC7,
    0x32, 0xAA, 0x4F, 0x86, 0x98, 0x34, 0x0D, 0x6A, 0x54, 0xCE, 0x15, 0x53, 0x7B, 0x8B, 0xA3, 0x68,
    0x66, 0x7F, 0xE9, 0x68, 0x7A, 0xD9, 0xBB, 0x24, 0x6C, 0xCB, 0x57, 0xEF, 0x46, 0x3B, 0xE3, 0x67,
    0xCB, 0xEC, 0x9B, 0x72, 0x65, 0xBC, 0x4D, 0x24, 0xB9, 0xA7, 0x32, 0xD8, 0xA4, 0x12, 0x16, 0x12,
    0x21, 0xF4, 0x61, 0x03, 0xD4, 0xE8, 0x30, 0x4B, 0xF0, 0x01, 0xE3, 0xC3, 0x76, 0xE9, 0x10, 0x38,
    0x97, 0x20, 0x05, 0x91, 0x7D, 0x7A, 0xCB, 0x97, 0xAA, 0xE5, 0xA2, 0xD7, 0xB9, 0xDE, 0xA7, 0x0C,
    0x0B, 0xE1, 0x6B, 0xBE, 0xC4, 0xA5, 0x69, 0x2B, 0xEE, 0xC1, 0xB2, 0x76, 0x60, 0x41, 0x0B, 0xE1,
    0xBB, 0x52, 0x16, 0x0D, 0x30, 0xFA, 0xDF, 0x7E, 0x9B, 0x88, 0x9A, 0xCA, 0x22, 0x07, 0x27, 0x6D,
    0x32, 0x22, 0x38, 0x33, 0xB7, 0x50, 0xB6, 0x77, 0x32, 0x04, 0x90, 0x90, 0xF6, 0x31, 0x46, 0x10,
    0x26, 0xB0, 0xD1, 0xE5, 0xC2, 0x72, 0xEA, 0x85, 0x03, 0x2B, 0x57, 0x06, 0xEE, 0x6D, 0x6C, 0x9D,
    0x51, 0x0C, 0x4B, 0x88, 0x76, 0x4D, 0xAC, 0x22, 0x8C, 0x7E, 0xF0, 0x92, 0x2D, 0x57, 0x49, 0xD3,
    0x21, 0x86, 0x95, 0x7B, 0x5D, 0x56, 0x12, 0x27, 0x37, 0x2A, 0x38, 0x72, 0x4C, 0x70, 0x2B, 0xE5,
    0xBA, 0x19, 0x6E, 0x42, 0x5E, 0x28, 0x1A, 0x09, 0xED, 0x44, 0x05, 0xBB, 0x94, 0xD0, 0xA4, 0xC8,
    0x3D, 0xA5, 0x1E, 0x37, 0xAA, 0x7C, 0x2B, 0x15, 0x1E, 0x7D, 0xD1, 0xF6, 0x73, 0x19, 0xBE, 0xC2,
    0xD7, 0x3E, 0x5F, 0x0D, 0x47, 0xDC, 0x59, 0xC1, 0xCC, 0x9D, 0x1A, 0x28, 0xD7, 0xF1, 0xA0, 0x23,
    0x82, 0x79, 0x52, 0x03, 0xED, 0xF6, 0x77, 0xD0, 0x20, 0x73, 0x4F, 0xED, 0x1A, 0xB5, 0xD6, 0x9D,
    0xF1, 0xE0, 0xDD, 0xBE, 0xA3, 0x2F, 0x16, 0xC3, 0x57, 0x42, 0x3B, 0xAC, 0x0C, 0xD5, 0xC0, 0x13,
    0x11, 0x1E, 0xBC, 0x38, 0xFB, 0x58, 0x25, 0x26, 0x1E, 0xC8, 0xA0, 0xA9, 0xAE, 0x53, 0x68, 0x32,
    0xC9, 0x15, 0x70, 0x1D, 0x06, 0x15, 0x07, 0x45, 0x8E, 0xEF, 0x59, 0x5F, 0x5F, 0xCF, 0x69, 0xD3,
    0x06, 0x7D, 0xE0, 0x46, 0xCE, 0x96, 0x9E, 0x67, 0x58, 0xA0, 0xA4, 0x85, 0x14, 0xF7, 0x96, 0xFE,
    0x78, 0xE4, 0xA9, 0x5E, 0x32, 0x28, 0x7B, 0x95, 0x8E, 0xCB, 0x81, 0x54, 0xE0, 0x7A, 0xEC, 0x77,
    0xD0, 0xEE, 0x3D, 0x89, 0x81, 0xF7, 0xFA, 0xC2, 0x68, 0xD2, 0x8F, 0x6D, 0x1E, 0xE6, 0xBB, 0x45,
    0xC0, 0xF9, 0x0A, 0x4D, 0xBF, 0x75, 0x39, 0xC2, 0x9D, 0x0D, 0x6C, 0x1F, 0xBF, 0x13, 0x75, 0x19,
    0x71, 0xAB, 0x83, 0x33, 0xC0, 0x1D, 0x90, 0xF7, 0x07, 0xD5, 0x46, 0x9F, 0x1B, 0x31, 0x9E, 0x27,
    0xAD, 0x1A, 0x52, 0xC4, 0x1A, 0xE8, 0x61, 0x27, 0xFA, 0xB4, 0xBD, 0x65, 0x88, 0xBA, 0xF4, 0xB5,
    0x79, 0x9A, 0xCF, 0xB4, 0x3B, 0x7D, 0x28, 0xDC, 0xA5, 0x91, 0x83, 0xEA, 0x5B, 0xB2, 0x11, 0x35,
    0x41, 0x47, 0x87, 0xBE, 0x7D, 0x6A, 0xE8, 0xAE, 0x41, 0xC3, 0xDE, 0xE7, 0xDA, 0x00, 0xA1, 0x24,
    0x41, 0xFF, 0x9E, 0xD6, 0x69, 0xBB, 0x74, 0x00, 0xB5, 0x39, 0x34, 0x8F, 0x9A, 0x48, 0x1F, 0xEA,
    0xFD, 0xD0, 0x9E, 0xFF, 0x4C, 0x6E, 0xBF, 0x51, 0x64, 0x7F, 0x19, 0x5E, 0x6E, 0x13, 0x33, 0xA4,
    0xF9, 0x39, 0x6D, 0x47, 0xBD, 0xF1, 0xA2, 0xA7, 0xA0, 0x20, 0x05, 0x37, 0x65, 0xE3, 0x59, 0x84,
    0x75, 0xE6, 0x28, 0x52, 0xB0, 0xC1, 0x76, 0xB0, 0x96, 0x93, 0xC8, 0x29, 0x7D, 0xD8, 0xB0, 0xFF,
    0x8F, 0x30, 0xE2, 0xCE, 0xD7, 0x95, 0xEA, 0xB3, 0x35, 0x84, 0xFE, 0x5E, 0x8E, 0x8D, 0xCF, 0xFB,
    0x3A, 0xF3, 0x1A, 0xC3, 0x95, 0xEA, 0x76, 0x3A, 0x12, 0x38, 0x7A, 0x5A, 0xA2, 0xCB, 0x28, 0x7F,
    0x6A, 0xDB, 0x67, 0xC8, 0x0F, 0xBA, 0x2C, 0xFC, 0xE0, 0xB9, 0x8A, 0x41, 0x4C, 0xBC, 0xD8, 0xB9,
    0xA0, 0x96, 0xB2, 0x21, 0x7F, 0x3F, 0x67, 0x18, 0x65, 0xBE, 0x40, 0xC8, 0x46, 0xA1, 0x2D, 0xC7,
    0xDA, 0xB3, 0xE8, 0xE3, 0xD1, 0x08, 0x98, 0xB9, 0xA4, 0x79, 0x51, 0x3E, 0x0E, 0xF7, 0x81, 0x40,
    0x1E, 0xF5, 0xF2, 0x62, 0xF6, 0xD3, 0x57, 0xD4, 0x17, 0xC7, 0x7E, 0x51, 0x17, 0xD9, 0xC9, 0x5B,
    0x68, 0x2C, 0xA5, 0x5C, 0xAE, 0xFE, 0xED, 0x54, 0x57, 0x8C, 0xDA, 0x39, 0x0F, 0x0F, 0x90, 0x5C,
    0xF7, 0x8B, 0x9A, 0x21, 0xF4, 0xAD, 0xF6, 0x49, 0x41, 0xAF, 0x08, 0x07, 0xC5, 0x93, 0xE4, 0x4A,
    0x17, 0xE6, 0x17, 0xDE, 0xF1, 0xCE, 0xD1, 0xFF, 0xE9, 0xFD, 0xD6, 0x9F, 0x82, 0xD1, 0x51, 0xF0,
    0x84, 0x71, 0xDF, 0xA5, 0x9F, 0xEB, 0x5C, 0x23, 0x0F, 0x11, 0x58, 0xFE, 0x74, 0x3C, 0xBC, 0xD0,
    0xB9, 0xEC, 0x9E, 0x1A, 0xFD, 0x64, 0xB3, 0x99, 0x55, 0x57, 0x07, 0x7B, 0x1E, 0x04, 0xC8, 0x78,
    0x92, 0x84, 0xDA, 0x5F, 0xC1, 0x7F, 0x00, 0x78, 0x0C, 0xF8, 0x11, 0xBB, 0x7D, 0x17, 0x0F, 0x3F,
    0xA5, 0x2B, 0x5C, 0x64, 0x3D, 0xD4, 0xF2, 0x20, 0x1D, 0x16, 0x04, 0x9E, 0xD0, 0x6C, 0x15, 0x63,
    0xB5, 0xA8, 0xA1, 0xEF, 0xA2, 0x85, 0xA9, 0xEB, 0x7D, 0xBB, 0x62, 0xAB, 0xE6, 0x3E, 0xB1, 0x1F,
    0xEA, 0x58, 0xF9, 0xC4, 0xBE, 0xC9, 0xCA, 0x9F, 0x8E, 0xA9, 0xFA, 0xAC, 0xD3, 0x75, 0xD2, 0x81,
    0x98, 0x2F, 0x05, 0x15, 0x61, 0x53, 0x8C, 0xC5, 0xB0, 0x2D, 0x58, 0x72, 0x63, 0x49, 0x3F, 0x81,
    0x69, 0x64, 0x2C, 0x97, 0xE0, 0x75, 0x14, 0x76, 0x72, 0x3D, 0x80, 0x79, 0x54, 0x87, 0x5E, 0x10,
    0xB8, 0xF7, 0x34, 0x64, 0x3F, 0x97, 0xB8, 0x29, 0x10, 0x26, 0x58, 0xA2, 0x64, 0xAD, 0x3B, 0x30,
    0x5B, 0x38, 0x8D, 0x1B, 0x69, 0x93, 0x35, 0x19, 0xCF, 0x6D, 0xA1, 0xBC, 0xC1, 0x67, 0xEF, 0x23,
    0xB7, 0xCB, 0xCA, 0x45, 0x5B, 0x17, 0xB6, 0xEA, 0xB0, 0xE5, 0xC2, 0xCD, 0xE7, 0x18, 0xE3, 0x74,
    0xF7, 0xCF, 0xFA, 0xB8, 0x55, 0x73, 0xEF, 0xF2, 0xEA, 0xBF, 0x2F, 0x5C, 0xD1, 0x14, 0x59, 0x42,
    0xFD, 0xFA, 0x25, 0xD2, 0xF2, 0xC2, 0x5D, 0x5B, 0x4E, 0xAC, 0xAE, 0xED, 0xC4, 0x63, 0x85, 0x74,
    0x78, 0xBE, 0x95, 0xDD, 0xEA, 0xAA, 0x06, 0xEE, 0x8B, 0xCD, 0xF5, 0x75, 0x79, 0xEC, 0xDB, 0x2B,
    0x1F, 0xDB, 0xEC, 0xB2, 0x55, 0xF3, 0xC7, 0x93, 0xFE, 0x6A, 0x06, 0xEA, 0x72, 0xEE, 0x86, 0x24,
    0x17, 0x4C, 0x7A, 0x5F, 0x9D, 0xE5, 0x0D, 0x92, 0x73, 0x86, 0x22, 0x99, 0x7D, 0x70, 0x7D, 0x6B,
    0xD1, 0x1C, 0x84, 0xC5, 0xC4, 0xCD, 0xAA, 0x32, 0xE8, 0x9F, 0x82, 0x17, 0xBC, 0x02, 0xDC, 0x09,
    0xD0, 0x67, 0x6B, 0x1A, 0x9E, 0x3B, 0xBE, 0xC0, 0x9D, 0xBF, 0x78, 0xC1, 0x58, 0xED, 0x2B, 0xA1,
    0x8F, 0x20, 0x47, 0x82, 0x23, 0x45, 0x0B, 0xAF, 0x6D, 0x8F, 0x5D, 0xDB, 0x7A, 0x06, 0x8D, 0x36,
    0x94, 0x09, 0xFF, 0xE9, 0x77, 0xE5, 0xE1, 0x1B, 0xE5, 0x91, 0x07, 0xF7, 0xAC, 0x55, 0xF3, 0xAC,
    0x4D, 0x7B, 0x55, 0x42, 0xD4, 0x08, 0xD8, 0xBB, 0x50, 0xEC, 0xDC, 0x21, 0xC1, 0x08, 0x13, 0xB6,
    0x07, 0x7D, 0x48, 0x64, 0x29, 0x91, 0x19, 0x9F, 0x22, 0x94, 0x3F, 0x44, 0x7F, 0xE4, 0xA7, 0x7B,
    0x1E, 0xC0, 0xCA, 0x41, 0x0F, 0xBA, 0x71, 0xFE, 0x9D, 0xD3, 0x8F, 0xB1, 0xBE, 0x4F, 0x87, 0x7D,
    0xA8, 0xFC, 0xF5, 0x80, 0xEA, 0x66, 0xFE, 0xBD, 0x11, 0x25, 0x94, 0x3D, 0x63, 0xCF, 0xB0, 0x07,
    0x44, 0x57, 0xC1, 0xB2, 0xC4, 0x1D, 0x7C, 0xF2, 0xE8, 0x33, 0xCB, 0x53, 0xA6, 0x1D, 0x77, 0x36,
    0x7B, 0x93, 0xEC, 0x44, 0x27, 0xB1, 0xBE, 0x67, 0x4D, 0x8F, 0xBA, 0x49, 0x06, 0x95, 0x47, 0xF3,
    0x03, 0x30, 0x9D, 0xD9, 0x84, 0x1F, 0x83, 0x67, 0x0F, 0xFF, 0x01, 0xC3, 0x6F, 0xA0, 0x7B, 0x2E,
    0x61, 0xED, 0xB9, 0xAD, 0xAB, 0x77, 0x7C, 0x25, 0xB1, 0x4E, 0x4A, 0xE6, 0x3C, 0xF9, 0x5C, 0xE2,
    0x61, 0xB8, 0x47, 0xC2, 0x2B, 0xF1, 0xE0, 0x71, 0xFA, 0xB1, 0x6F, 0x2A, 0xDA, 0xA6, 0x03, 0xE3,
    0xCA, 0x37, 0x23, 0xEE, 0xE4, 0x95, 0x55, 0xDC, 0xED, 0xD0, 0x6E, 0xC6, 0xD3, 0x11, 0x54, 0x26,
    0x33, 0x04, 0xA5, 0x83, 0x59, 0x2B, 0xB7, 0x72, 0x1F, 0xD4, 0x00, 0xBE, 0x33, 0x08, 0x11, 0xAB,
    0x62, 0xB4, 0xF9, 0x28, 0x76, 0x2E, 0xB1, 0x1B, 0x9E, 0x8A, 0xDF, 0x95, 0x9A, 0x0D, 0x55, 0xCF,
    0x50, 0x82, 0x08, 0x1E, 0xBB, 0xA6, 0x6F, 0xEB, 0xEA, 0x78, 0x48, 0xFE, 0xAA, 0x3B, 0xDE, 0x47,
    0xBC, 0x8B, 0x7C, 0xD0, 0xD9, 0xBC, 0x7A, 0x37, 0xDF, 0x2D, 0xE1, 0xA1, 0xED, 0x8E, 0xF2, 0xA6,
    0x53, 0xAF, 0x5E, 0xFD, 0x73, 0x37, 0x4F, 0x19, 0x1A, 0xCE, 0x0F, 0xBF, 0xB0, 0x8F, 0x7F, 0x48,
    0x4C, 0x49, 0x4D, 0x64, 0x8B, 0x87, 0xD1, 0x12, 0x3D, 0xD3, 0x2A, 0x64, 0x96, 0x86, 0x87, 0xCD,
    0x08, 0x7C, 0x47, 0xB4, 0xBD, 0xAF, 0xAD, 0xAC, 0xAD, 0xBB, 0x15, 0x9B, 0xE7, 0xA8, 0x3B, 0xFE,
    0x07, 0xCD, 0x59, 0x3F, 0x6C, 0xDD, 0xC6, 0x19, 0xFF, 0x48, 0x4A, 0xA2, 0xE2, 0x4B, 0x7C, 0x2E,
    0x60, 0x17, 0x89, 0x12, 0x8B, 0x1E, 0x3C, 0x04, 0x46, 0x2C, 0x66, 0xF0, 0xE0, 0x00, 0x4F, 0x3A,
    0xD6, 0x1E, 0x3A, 0xDA, 0x83, 0x95, 0xA1, 0x1D, 0xA2, 0x21, 0x43, 0xDB, 0x0C, 0xEE, 0x90, 0x41,
    0x28, 0x6C, 0x91, 0x2D, 0x50, 0x78, 0x30, 0x50, 0x7B, 0x28, 0xBA, 0x64, 0xA8, 0x87, 0xA0, 0x70,
    0x95, 0xC1, 0x06, 0xAA, 0x21, 0x83, 0x12, 0x9E, 0xD3, 0xC1, 0x2B, 0x93, 0x0E, 0x1D, 0x8A, 0x42,
    0x4C, 0x90, 0x22, 0x68, 0x17, 0x9F, 0x13, 0x26, 0xA1, 0x6D, 0xBE, 0x77, 0xFD, 0x7D, 0x77, 0xD4,
    0x93, 0xDC, 0xBA, 0x49, 0x2C, 0xA1, 0x51, 0xDE, 0x7B, 0xFC, 0xDE, 0x7B, 0x24, 0xEF, 0xBB, 0xDF,
    0x7D, 0xF7, 0xFD, 0xE7, 0x41, 0x2A, 0xC9, 0x66, 0x96, 0xE6, 0x89, 0xE8, 0x69, 0x1A, 0xE0, 0x3D,
    0x4F, 0x0B, 0x94, 0xE3, 0x2C, 0xCE, 0xF3, 0x95, 0xCC, 0x16, 0x16, 0x67, 0x28, 0xC0, 0x0D, 0x51,
    0xE6, 0x8F, 0xB2, 0xA5, 0xE8, 0x81, 0x25, 0x79, 0x5B, 0x51, 0x2A, 0xA6, 0x49, 0x09, 0xA2, 0x7C,
    0x7F, 0x7F, 0xFC, 0x86, 0x48, 0xFD, 0x3D, 0x22, 0x35, 0x2A, 0x49, 0xDA, 0x8E, 0x62, 0xDB, 0xE0,
    0xFE, 0x82, 0xE8, 0x05, 0xF2, 0xC7, 0x41, 0x1C, 0x14, 0x9C, 0x05, 0x51, 0x23, 0xFC, 0x18, 0x2A,
    0xB0, 0xEC, 0xD2, 0x8C, 0x64, 0x93, 0x12, 0x49, 0x33, 0x4D, 0x94, 0x1A, 0xBE, 0xE8, 0xC8, 0x17,
    0xD7, 0xC0, 0xC4, 0xD6, 0x34, 0x99, 0x57, 0xFC, 0x57, 0x33, 0x01, 0x2F, 0xE0, 0x8B, 0x34, 0xBD,
    0x03, 0x12, 0xDA, 0x3A, 0xD2, 0x89, 0xB5, 0xA7, 0xB5, 0x7A, 0xC5, 0xDA, 0x6C, 0x25, 0xB4, 0x43,
    0x3A, 0x49, 0x79, 0x4D, 0xE3, 0xD7, 0x20, 0xAD, 0x4D, 0x0A, 0x1E, 0xB2, 0x4E, 0x0A, 0x99, 0x45,
    0x7A, 0x96, 0xC2, 0xEA, 0x38, 0x51, 0xCD, 0xC7, 0x2C, 0x05, 0xB5, 0xA4, 0xA8, 0x12, 0x5A, 0xE8,
    0xE4, 0x7E, 0x59, 0xCD, 0x97, 0xF7, 0xCD, 0xD1, 0xC9, 0xEC, 0x9A, 0x1B, 0x88, 0x31, 0xD6, 0x26,
    0x58, 0xA5, 0x11, 0x23, 0x12, 0x3A, 0xC2, 0x2F, 0x9C, 0x2C, 0xE6, 0xB0, 0x1C, 0x3D, 0x00, 0x8E,
    0x7A, 0x8D, 0xF1, 0x02, 0xA6, 0xB0, 0xC0, 0xF5, 0x9A, 0xFD, 0x27, 0x0F, 0xE1, 0x25, 0x59, 0xEA,
    0x7F, 0x95, 0x00, 0xE3, 0xFF, 0x3A, 0x12, 0x5A, 0x88, 0x2E, 0xE6, 0x9B, 0x15, 0x04, 0xE3, 0x5E,
    0x4F, 0xAC, 0xBC, 0xBB, 0xF5, 0x7A, 0x95, 0x26, 0xF2, 0x72, 0xEB, 0xF5, 0xEE, 0x51, 0x12, 0xD7,
    0x48, 0x75, 0xF4, 0x79, 0x17, 0x56, 0x47, 0xA2, 0x1A, 0x93, 0xD1, 0x5C, 0x47, 0x83, 0x32, 0x1B,
    0xA4, 0xD5, 0x82, 0x6C, 0x54, 0xD4, 0xA9, 0x62, 0x24, 0x6B, 0x15, 0xB7, 0x69, 0x30, 0x92, 0x94,
    0x9F, 0x21, 0xB9, 0x41, 0xD1, 0x88, 0xC2, 0x8E, 0x82, 0x56, 0x84, 0x46, 0xDA, 0x42, 0x0E, 0x29,
    0xC8, 0xE8, 0xE9, 0xB0, 0x28, 0xA5, 0xB1, 0x57, 0x4C, 0x79, 0xC6, 0x1C, 0x0F, 0x0B, 0x0A, 0x56,
    0x01, 0x24, 0xB5, 0x2D, 0xD1, 0x08, 0xBB, 0x0C, 0xCE, 0x58, 0x7F, 0x51, 0x7E, 0x50, 0x4B, 0x61,
    0x1B, 0x73, 0x3C, 0xD1, 0xAF, 0x2F, 0x0F, 0x14, 0x9D, 0x18, 0x0C, 0x72, 0x48, 0xEF, 0x64, 0x89,
    0x6D, 0x73, 0xBF, 0x70, 0xEE, 0xE0, 0xE0, 0x78, 0x5A, 0x9C, 0x58, 0x96, 0xE2, 0xBE, 0x31, 0xE2,
    0x97, 0xF6, 0x83, 0xDA, 0x8D, 0xA5, 0x21, 0xB8, 0x50, 0xC2, 0x1B, 0x4D, 0x7F, 0xC4, 0xF1, 0x13,
    0x48, 0x84, 0xE6, 0x54, 0xF6, 0xBC, 0xCA, 0x02, 0x9B, 0x25, 0x79, 0xA6, 0x54, 0xA6, 0x6C, 0x2D,
    0x2E, 0x17, 0x7E, 0xD1, 0xCA, 0xEA, 0x43, 0x8B, 0xFE, 0x67, 0x54, 0x3C, 0x0F, 0xA9, 0x1A, 0xBA,
    0x10, 0x55, 0x61, 0x93, 0x16, 0xC9, 0xFB, 0x00, 0xF4, 0xC3, 0x96, 0xF2, 0x3F, 0x0F, 0x49, 0x18,
    0x4C, 0xBA, 0x0E, 0xEE, 0xB3, 0x81, 0xA1, 0x38, 0x3B, 0x41, 0x94, 0x4D, 0x4C, 0x2E, 0x2E, 0x2E,
    0x62, 0xB8, 0xB5, 0x8E, 0x60, 0x11, 0x24, 0xBF, 0x9E, 0x40, 0x29, 0xA7, 0x18, 0x56, 0x0E, 0x3D,
    0x8A, 0xEE, 0x41, 0x38, 0xB2, 0xA0, 0x94, 0xE6, 0x16, 0xDF, 0x14, 0x7A, 0xA0, 0xEC, 0xE9, 0x6A,
    0x2D, 0x91, 0xDA, 0x18, 0x4F, 0x6E, 0xD0, 0x4D, 0x93, 0x74, 0x4C, 0x16, 0x98, 0x24, 0x99, 0x59,
    0x4B, 0x45, 0x5D, 0x0F, 0xCA, 0x8F, 0xBE, 0xD4, 0xD8, 0xF8, 0xB8, 0x70, 0x63, 0xC3, 0x36, 0xE8,
    0x98, 0x1F, 0x74, 0x32, 0xB8, 0xCE, 0xEB, 0xA9, 0xC1, 0xFB, 0xD8, 0x6A, 0x11, 0xBC, 0x09, 0x6D,
    0x25, 0xF5, 0x8A, 0x1E, 0x44, 0xD5, 0x85, 0xB0, 0x06, 0x5D, 0x88, 0xB5, 0xB4, 0x59, 0xD8, 0x6D,
    0x2A, 0x63, 0xFD, 0x15, 0x84, 0x97, 0x54, 0x1C, 0x7B, 0xEB, 0xFE, 0xEA, 0xD7, 0xDC, 0x07, 0x41,
    0xF0, 0xEE, 0x61, 0xFD, 0x9B, 0x42, 0x00, 0xB0, 0x16, 0xF2, 0xA7, 0x13, 0xB0, 0x25, 0x7C, 0x60,
    0xCA, 0x2D, 0x94, 0xBC, 0x10, 0xA7, 0x60, 0x19, 0x5A, 0xD9, 0x4C, 0x98, 0x97, 0xBA, 0x03, 0xEB,
    0xD4, 0x88, 0x76, 0x62, 0x44, 0x2B, 0x34, 0xFF, 0xE2, 0xBA, 0x02, 0xF4, 0xC8, 0x88, 0x5A, 0x16,
    0x09, 0x2C, 0xFE, 0x45, 0xFA, 0x69, 0x70, 0x8D, 0x6C, 0xD4, 0xE1, 0x18, 0xBA, 0xEF, 0x11, 0x8E,
    0x61, 0xD4, 0x52, 0x17, 0x19, 0xEA, 0x84, 0xA1, 0x56, 0xD6, 0xD4, 0xA5, 0xED, 0xCF, 0xAD, 0xCD,
    0xCD, 0x27, 0x43, 0x65, 0x3E, 0x6C, 0x53, 0x5D, 0x1F, 0x98, 0x74, 0x70, 0xF8, 0x60, 0x63, 0xE5,
    0x45, 0x32, 0x1C, 0x36, 0x76, 0x6C, 0x1D, 0x4D, 0x30, 0xB0, 0xB0, 0x84, 0xD4, 0x4B, 0x6B, 0x4D,
    0x64, 0x21, 0x2E, 0xC9, 0x24, 0x65, 0xA2, 0x98, 0xE4, 0x4C, 0xCA, 0x87, 0x49, 0x3E, 0xBE, 0x9A,
    0x8E, 0x47, 0x84, 0x4C, 0xBC, 0xBC, 0xA7, 0x98, 0x50, 0xC0, 0x84, 0x1E, 0x22, 0xA2, 0x01, 0x49,
    0x3B, 0x90, 0xF9, 0x16, 0xE4, 0xC4, 0xF7, 0x40, 0x4E, 0x86, 0xB0, 0xB5, 0x39, 0x01, 0x4C, 0x62,
    0xD8, 0x6F, 0x40, 0x0A, 0xE3, 0xB5, 0xBA, 0xD4, 0xA9, 0xF3, 0x66, 0x12, 0x2E, 0xA5, 0xAC, 0xC3,
    0x3A, 0xD0, 0x65, 0x71, 0x91, 0xD1, 0x6A, 0xA5, 0xE5, 0x43, 0x6F, 0xD5, 0x40, 0xA5, 0x61, 0xE0,
    0xE9, 0x65, 0xA3, 0xE2, 0x26, 0x8F, 0x1A, 0x75, 0xDA, 0xA8, 0x4B, 0x46, 0xDE, 0xD1, 0xE1, 0x26,
    0xCB, 0x9C, 0xD5, 0xD9, 0x6D, 0xC3, 0x35, 0xF8, 0xC1, 0x01, 0x1C, 0x53, 0x42, 0x0D, 0xC5, 0xF5,
    0x0A, 0x85, 0xC3, 0xA4, 0x72, 0xFA, 0x6C, 0x65, 0x83, 0x91, 0x50, 0x9E, 0x96, 0xE6, 0xC3, 0x8A,
    0x6E, 0xC6, 0x19, 0x94, 0xD9, 0x8F, 0xE6, 0x81, 0x70, 0x63, 0x1A, 0xBA, 0xAA, 0x78, 0xA4, 0xD4,
    0xD8, 0x10, 0x90, 0xB7, 0x41, 0xA0, 0xF8, 0x52, 0x83, 0x9F, 0x84, 0x79, 0x82, 0xC0, 0xFD, 0x48,
    0x3D, 0x0F, 0x8C, 0xCD, 0x32, 0xFE, 0x93, 0x49, 0x0B, 0xB8, 0xAE, 0xBC, 0xA0, 0xF8, 0xD6, 0x06,
    0x2E, 0x47, 0x67, 0x0A, 0x9A, 0x93, 0x30, 0xC2, 0x0B, 0x33, 0x37, 0x2A, 0x6C, 0x88, 0x2C, 0x42,
    0xB8, 0x8C, 0x0C, 0xE6, 0x3E, 0x31, 0x9E, 0x88, 0xBD, 0xA6, 0x9B, 0x8A, 0xDC, 0x5C, 0x7E, 0x32,
    0x3F, 0x9B, 0x9F, 0xCE, 0xCF, 0xE7, 0x27, 0xF4, 0x33, 0xF2, 0x94, 0x6C, 0xB3, 0xCD, 0x72, 0xC2,
    0x9B, 0x6C, 0x72, 0x6C, 0x73, 0x54, 0x55, 0xA0, 0xB1, 0xE6, 0x2D, 0x97, 0xAC, 0x6C, 0x34, 0xC7,
    0x5E, 0x84, 0x2E, 0x90, 0x38, 0xC5, 0xBA, 0x70, 0x3C, 0x26, 0xCC, 0x9D, 0x5B, 0xC2, 0xE4, 0x76,
    0xB8, 0xB5, 0xCC, 0x0A, 0x9A, 0x14, 0xEB, 0x97, 0x60, 0x81, 0x04, 0x75, 0x84, 0x03, 0x6E, 0x78,
    0x48, 0x8B, 0x11, 0x13, 0x23, 0x0C, 0xA0, 0x15, 0x9E, 0x7B, 0x1E, 0xE8, 0x5E, 0x5C, 0x9F, 0x25,
    0xAD, 0x2A, 0x96, 0x25, 0x35, 0x80, 0x17, 0x18, 0xE0, 0x8D, 0xF4, 0x03, 0x4D, 0xE2, 0x57, 0xB7,
    0x81, 0x5C, 0xC0, 0x7F, 0x0E, 0xF6, 0xDD, 0xF8, 0x18, 0xB8, 0x81, 0x82, 0x99, 0x06, 0x1C, 0x1A,
    0x38, 0xB6, 0x94, 0x4E, 0x09, 0xF1, 0x59, 0x70, 0xF3, 0x3E, 0xC7, 0xD8, 0x38, 0x5C, 0x58, 0xE8,
    0x13, 0x01, 0x7C, 0x59, 0xD1, 0xBB, 0xF0, 0x2B, 0xC4, 0x0B, 0x9F, 0xFB, 0x11, 0xF4, 0xAB, 0x88,
    0xE0, 0x91, 0xA1, 0xB3, 0x93, 0x50, 0x2B, 0x67, 0x5D, 0x50, 0x7B, 0x7E, 0x8D, 0x1C, 0x4D, 0x9C,
    0xD8, 0x42, 0xC7, 0x9D, 0x96, 0x98, 0x4C, 0x19, 0x77, 0xDE, 0xDD, 0xA4, 0xBA, 0x2D, 0xFA, 0x27,
    0xB7, 0xD0, 0x4F, 0xD9, 0xD1, 0xD3, 0x87, 0xCE, 0xDD, 0x6B, 0xB6, 0x86, 0x48, 0xB3, 0xC3, 0x8F,
    0x8B, 0x9C, 0xC5, 0xBA, 0x8A, 0xD9, 0x7D, 0x40, 0x83, 0xFF, 0xC9, 0x0D, 0x83, 0x48, 0x1A, 0x96,
    0x9B, 0x6C, 0x59, 0x8C, 0x12, 0x8E, 0xBB, 0x61, 0x5D, 0x8D, 0x3B, 0x98, 0x33, 0xCC, 0x5B, 0xC3,
    0x70, 0xC6, 0x81, 0x6C, 0xD6, 0x6B, 0x5B, 0x31, 0x06, 0x17, 0x39, 0xB8, 0xC2, 0x7B, 0x80, 0x23,
    0x7B, 0x89, 0x2D, 0x74, 0xA0, 0xA4, 0xD9, 0x9A, 0x11, 0xD1, 0x1F, 0xA7, 0xAF, 0xC6, 0xC5, 0x9E,
    0x63, 0xF3, 0xBA, 0x77, 0xEC, 0x2D, 0x46, 0x52, 0xFA, 0x58, 0xCC, 0x33, 0x86, 0x5E, 0x6C, 0x7B,
    0x8D, 0x8D, 0x79, 0x76, 0x9C, 0xD2, 0x44, 0x43, 0xCE, 0x6E, 0x10, 0xD2, 0x41, 0x83, 0xD6, 0xAB,
    0xDD, 0x9E, 0x62, 0x93, 0x8D, 0xCB, 0x9E, 0x06, 0x4C, 0x97, 0x07, 0x5B, 0xBF, 0x65, 0xFD, 0x1D,
    0x91, 0x1B, 0xF8, 0x59, 0x7F, 0xAE, 0x1C, 0x3A, 0x20, 0xF0, 0x7D, 0x37, 0x31, 0xD5, 0x46, 0x83,
    0x80, 0x46, 0xD1, 0xEF, 0x1B, 0xC6, 0x28, 0x12, 0xB7, 0x8C, 0xD9, 0xA4, 0xE1, 0xFC, 0x75, 0x90,
    0x34, 0x11, 0x2F, 0x27, 0xB9, 0xF7, 0x0A, 0xBE, 0x1A, 0xE4, 0x8D, 0x9C, 0x95, 0xD9, 0x16, 0x7E,
    0x3B, 0xFA, 0xD7, 0x0D, 0xBE, 0x26, 0xC9, 0xDD, 0x99, 0x38, 0x2C, 0x88, 0xA4, 0xF8, 0x7A, 0x12,
    0xDE, 0x02, 0x5F, 0xCF, 0x05, 0x2D, 0x7F, 0x0D, 0x00, 0x49, 0x0D, 0x5F, 0x6E, 0x95, 0x7D, 0x0F,
    0xB3, 0x37, 0x63, 0x2C, 0x93, 0xE7, 0x1C, 0xAB, 0x9A, 0xD2, 0x7B, 0xCF, 0x22, 0x8E, 0x16, 0xB4,
    0x8E, 0x4C, 0x0C, 0x77, 0x43, 0x1E, 0x2F, 0xF0, 0x8A, 0x26, 0xB6, 0x65, 0xB5, 0xFF, 0x8B, 0xA4,
    0x7C, 0x1F, 0x16, 0x4E, 0x4F, 0xC6, 0x3C, 0x36, 0x60, 0x2E, 0xF0, 0xBC, 0xCF, 0xB6, 0xC8, 0x1A,
    0x59, 0x4E, 0xCF, 0xFE, 0x96, 0x9C, 0xC3, 0xC5, 0xED, 0x1C, 0xF6, 0x58, 0x68, 0x14, 0x3A, 0xC2,
    0x7B, 0xC2, 0xB2, 0xED, 0xBD, 0x16, 0x5E, 0x6F, 0xF3, 0x69, 0xB7, 0x0D, 0x39, 0xEB, 0x92, 0x70,
    0x1E, 0xCC, 0x8C, 0x43, 0x16, 0x1C, 0xA8, 0xB0, 0x3F, 0x58, 0xE7, 0x74, 0xF1, 0x30, 0x93, 0xA7,
    0x98, 0x4C, 0x32, 0x21, 0x26, 0x67, 0x99, 0x20, 0x5D, 0xB2, 0x2F, 0x57, 0xE4, 0x22, 0x37, 0xFE,
    0x56, 0xFD, 0xB9, 0x11, 0x1D, 0x18, 0xDF, 0x17, 0x30, 0x89, 0x32, 0x10, 0x09, 0x7E, 0x8B, 0x39,
    0x73, 0x1E, 0x43, 0xE0, 0x18, 0x42, 0x69, 0xB5, 0x09, 0xA1, 0x75, 0xF9, 0xDE, 0xB7, 0x8A, 0xE0,
    0xEA, 0xA6, 0x3B, 0x4F, 0xF8, 0x54, 0x7E, 0x1E, 0x42, 0xA8, 0xC3, 0xEA, 0x5B, 0x44, 0x70, 0x80,
    0xB5, 0x6E, 0x24, 0x2B, 0x38, 0x1D, 0xDE, 0x7F, 0xCB, 0x31, 0xF4, 0x1D, 0xBF, 0x17, 0xDF, 0x0E,
    0x02, 0x54, 0x5C, 0xD0, 0xF1, 0x14, 0xD1, 0x13, 0x33, 0x2F, 0xFB, 0x59, 0x8D, 0xB0, 0x7C, 0xEF,
    0x37, 0xFF, 0xE0, 0xFE, 0xD2, 0x1B, 0x5F, 0x54, 0xB1, 0x97, 0x57, 0x5C, 0x7B, 0xF9, 0x54, 0x74,
    0x57, 0xDC, 0x96, 0x50, 0xFE, 0xF1, 0xDF, 0x74, 0xA3, 0x5E, 0x66, 0xD3, 0xDD, 0x15, 0xB7, 0x09,
    0xCA, 0x54, 0x6C, 0xCA, 0x2B, 0x6D, 0x79, 0x05, 0xA5, 0x51, 0xBD, 0x5B, 0x6C, 0x9C, 0x0F, 0xF4,
    0x72, 0x14, 0xF6, 0x77, 0xD6, 0x49, 0x1C, 0x95, 0xC1, 0xF8, 0xCE, 0xD0, 0x71, 0x86, 0xD1, 0x39,
    0x5A, 0x31, 0x2D, 0x6B, 0xAE, 0xA9, 0xCA, 0x9A, 0xAB, 0xBB, 0xBC, 0xE6, 0x33, 0x9E, 0x96, 0xFE,
    0xAA, 0x1E, 0xDF, 0x8F, 0x6A, 0xB0, 0xE7, 0x63, 0xD9, 0xDB, 0x09, 0xFB, 0x8F, 0xB2, 0x1A, 0xEF,
    0xD9, 0xE4, 0xB6, 0xA8, 0x35, 0xF3, 0x07, 0x57, 0xF1, 0xBA, 0x24, 0xDF, 0x5F, 0x2D, 0xC6, 0x0E,
    0xA7, 0x64, 0x6E, 0x1D, 0xF2, 0x17, 0x4A, 0xAA, 0x08, 0xBA, 0x81, 0x1C, 0x08, 0xEE, 0x28, 0x02,
    0x05, 0xCA, 0x22, 0xD8, 0xB0, 0x4C, 0x6F, 0x63, 0xBE, 0x22, 0x78, 0x0F, 0xE9, 0x77, 0x81, 0x1C,
    0xB7, 0x8D, 0x8A, 0x50, 0xA7, 0x23, 0xA6, 0xC2, 0x9E, 0x06, 0x8D, 0xEC, 0x5F, 0x40, 0xC9, 0x7E,
    0x89, 0xBA, 0x98, 0xA7, 0xE1, 0x5C, 0xD3, 0xD1, 0x08, 0x69, 0x51, 0xC5, 0xD5, 0xAE, 0x68, 0x38,
    0xE5, 0x50, 0xD0, 0xA1, 0xC4, 0x69, 0x2D, 0xC2, 0xA6, 0x4F, 0x86, 0x7C, 0xB0, 0xEF, 0x2B, 0x1B,
    0xE5, 0x8B, 0x10, 0x07, 0xEE, 0xFB, 0xCE, 0xDD, 0x38, 0xB4, 0x79, 0x81, 0x75, 0x61, 0x8B, 0xB1,
    0x46, 0xD4, 0x13, 0xF0, 0x69, 0x88, 0x29, 0x58, 0x32, 0x8C, 0x00, 0xAE, 0x8D, 0x3D, 0x1E, 0xAA,
    0x93, 0x2D, 0x5A, 0x31, 0x2D, 0xB7, 0xD3, 0xFE, 0x2A, 0xBB, 0x45, 0x94, 0xB2, 0x1D, 0xAB, 0x72,
    0x3C, 0x64, 0xAF, 0x16, 0x5A, 0xAE, 0x78, 0x20, 0x5E, 0xF6, 0x2E, 0x7E, 0x2E, 0x9A, 0xF1, 0x01,
    0x7D, 0xDE, 0xD7, 0xEE, 0x4E, 0x59, 0x1D, 0x38, 0xE1, 0xEC, 0x7D, 0xBF, 0x3B, 0xFD, 0xCC, 0x9E,
    0x62, 0x9B, 0xF2, 0x19, 0xA5, 0xC3, 0x53, 0x36, 0xCE, 0x3F, 0x3B, 0x03, 0x2E, 0x04, 0x9F, 0x39,
    0xB4, 0xB7, 0x72, 0x63, 0x47, 0x45, 0x3F, 0x7B, 0xC3, 0x09, 0x6F, 0xE8, 0x62, 0x2B, 0xFB, 0xCD,
    0xD0, 0xEB, 0xDA, 0xDE, 0x62, 0x73, 0xA5, 0x52, 0xD4, 0x70, 0x4D, 0x29, 0x3A, 0xE8, 0x3B, 0x4A,
    0x06, 0xB6, 0x88, 0xD0, 0x2C, 0x7C, 0x07, 0xE4, 0x76, 0x93, 0x0E, 0xAF, 0xD3, 0xC5, 0x34, 0x68,
    0xC4, 0xED, 0x8A, 0x1B, 0x3C, 0xCE, 0xBA, 0xE3, 0xBF, 0xE9, 0xE4, 0x94, 0xB9, 0x48, 0xEB, 0x6B,
    0x34, 0x77, 0x80, 0xA6, 0x1D, 0xC8, 0x8C, 0x07, 0x22, 0xF8, 0x00, 0xE4, 0x1D, 0xCD, 0x20, 0x61,
    0x68, 0x0F, 0x83, 0x94, 0x0E, 0xA4, 0x72, 0xF0, 0x3A, 0xA6, 0xB1, 0x61, 0x90, 0x89, 0x66, 0x78,
    0x39, 0x83, 0xBC, 0xDB, 0x31, 0xC8, 0x07, 0x86, 0x41, 0x22, 0xDC, 0x03, 0xA4, 0x75, 0x20, 0x47,
    0x0C, 0x52, 0x3A, 0x90, 0xCA, 0x32, 0xC8, 0x05, 0x07, 0xF2, 0xA0, 0x07, 0xE9, 0xB2, 0x03, 0xB7,
    0x00, 0xEE, 0xB7, 0xF5, 0x65, 0xF0, 0xB6, 0xB2, 0xC6, 0x25, 0xC6, 0x75, 0x6C, 0x2B, 0xCF, 0x8D,
    0x6B, 0xE5, 0x01, 0x71, 0xE2, 0xF2, 0x38, 0x34, 0xF6, 0xD4, 0x8D, 0xE5, 0xEC, 0x65, 0x99, 0x17,
    0x85, 0x84, 0x23, 0xB4, 0x05, 0xA7, 0x28, 0xB6, 0x49, 0x5C, 0xDF, 0xCB, 0xBA, 0xCD, 0x6A, 0xB7,
    0x09, 0x70, 0x6E, 0xAB, 0xAC, 0xF1, 0xE0, 0x7C, 0x59, 0x23, 0x69, 0xEF, 0xB1, 0xF5, 0x65, 0x4D,
    0x3D, 0x4E, 0x6C, 0x03, 0x57, 0xD6, 0x44, 0x7D, 0x59, 0xB3, 0xB7, 0x72, 0x63, 0xA3, 0x08, 0x5B,
    0xC5, 0x69, 0x75, 0x97, 0xEB, 0x4D, 0x1A, 0x34, 0xE9, 0x77, 0x60, 0x4F, 0x97, 0x9D, 0xAC, 0x58,
    0xE9, 0xD8, 0xCD, 0x49, 0x96, 0xD6, 0xA0, 0x47, 0x85, 0x44, 0xB6, 0xE4, 0xAE, 0xAA, 0xE0, 0xAE,
    0x6A, 0x3C, 0xEE, 0xAA, 0xCE, 0x6E, 0x76, 0x55, 0xCD, 0xEB, 0x5C, 0x7A, 0x70, 0x57, 0x75, 0xC4,
    0x8B, 0x62, 0x73, 0x77, 0x7D, 0xD3, 0xAD, 0x36, 0xEA, 0x7F, 0x90, 0x47, 0x74, 0x55, 0xFB, 0xEC,
    0xCA, 0xB5, 0x66, 0x59, 0x3E, 0xD6, 0xD7, 0x0A, 0x9C, 0x49, 0xFD, 0x18, 0xC1, 0xD1, 0x46, 0x1C,
    0x7F, 0x03, 0x17, 0xC0, 0x11, 0xE7, 0x1E, 0x22, 0xEE, 0x1C, 0xAE, 0xC2, 0x9E, 0x22, 0x2B, 0x5A,
    0x1E, 0x56, 0x80, 0x9C, 0x25, 0x9F, 0x6C, 0x39, 0x7E, 0xE5, 0xB6, 0x42, 0x84, 0x9B, 0x75, 0xF2,
    0x0E, 0xBC, 0xC2, 0x45, 0x4E, 0xB0, 0x3A, 0x6A, 0xB0, 0x27, 0x20, 0x51, 0xC3, 0x5D, 0x89, 0x06,
    0xD9, 0x9A, 0x68, 0x90, 0xF3, 0xCA, 0x06, 0x8B, 0xCC, 0x1B, 0x84, 0xC9, 0xF3, 0x4D, 0xC9, 0xBD,
    0xAA, 0xB2, 0x00, 0xC9, 0x6B, 0x90, 0x14, 0x29, 0x60, 0xC3, 0x0D, 0xE6, 0x06, 0xAB, 0x41, 0xB4,
    0xCD, 0x33, 0x90, 0x14, 0xBF, 0x4E, 0x4A, 0xF8, 0xB1, 0xFC, 0x02, 0xD6, 0xE1, 0xF2, 0xFC, 0x29,
    0x2F, 0x59, 0x9E, 0x25, 0x6A, 0xFA, 0x6E, 0xDB, 0x7C, 0x1F, 0xD8, 0xD8, 0x4B, 0xCF, 0x14, 0x10,
    0x87, 0x21, 0x71, 0xB9, 0xA5, 0x14, 0xFB, 0xB6, 0xC0, 0x7B, 0xC7, 0x07, 0x7C, 0x61, 0x80, 0xBD,
    0x91, 0x7F, 0x85, 0x6B, 0xB8, 0x84, 0x03, 0xD7, 0xD5, 0x9D, 0x91, 0x4E, 0x3E, 0xB7, 0x59, 0x98,
    0x1D, 0xEC, 0x2B, 0xD0, 0xD6, 0x33, 0xE6, 0xC4, 0x94, 0x5B, 0xA6, 0x87, 0x71, 0xEE, 0xE8, 0x2E,
    0x78, 0x4E, 0xF7, 0x66, 0xAD, 0x7C, 0x55, 0x12, 0x7C, 0x86, 0xA4, 0x55, 0x1B, 0x8A, 0xB8, 0x20,
    0xDB, 0x31, 0x4E, 0xE8, 0xFB, 0xB9, 0xE7, 0xC8, 0xE5, 0x38, 0x18, 0xBF, 0xFF, 0x50, 0xDF, 0xD7,
    0xDA, 0x21, 0xBF, 0x30, 0x5B, 0x22, 0xF9, 0x51, 0x47, 0xE9, 0x67, 0x48, 0xEB, 0xF0, 0x1D, 0x17,
    0x6B, 0x5E, 0x16, 0x3B, 0xC5, 0xC7, 0xEB, 0x7D, 0xA0, 0x29, 0x7C, 0xBF, 0xA6, 0xF0, 0x56, 0x4D,
    0xC1, 0xA7, 0x90, 0x65, 0x99, 0xED, 0x8E, 0xE7, 0xCC, 0xA9, 0xEB, 0xB8, 0x01, 0x1A, 0x28, 0x2E,
    0x77, 0x52, 0x63, 0xA8, 0xA8, 0x17, 0xA2, 0xEE, 0x3C, 0x72, 0x3D, 0x7B, 0x8F, 0x0D, 0x04, 0x16,
    0x50, 0x62, 0xEB, 0xE4, 0x27, 0xE0, 0xA5, 0x2E, 0x0D, 0xA9, 0x52, 0x97, 0xEC, 0x1B, 0x5A, 0xDD,
    0x81, 0x45, 0x26, 0x6D, 0xC9, 0xAD, 0xFF, 0xA9, 0xB3, 0x3C, 0x7B, 0x88, 0x0A, 0xF7, 0xD6, 0x30,
    0xC9, 0x06, 0xBE, 0x3F, 0x9C, 0xBB, 0x8F, 0x2A, 0x50, 0x45, 0x3E, 0x95, 0x8E, 0x90, 0x42, 0x36,
    0x9C, 0x3F, 0x1E, 0x77, 0x36, 0x6A, 0xD9, 0xB8, 0xD9, 0x62, 0x05, 0x85, 0x88, 0x2A, 0x4D, 0xAF,
    0x73, 0xDC, 0xEF, 0x5E, 0x77, 0x8B, 0x94, 0x4E, 0xDD, 0x8E, 0x15, 0xE1, 0x03, 0x23, 0x74, 0x97,
    0x64, 0xEF, 0x28, 0x3B, 0x52, 0xAB, 0xD7, 0x3D, 0xCF, 0x9C, 0x79, 0x3E, 0x91, 0x8E, 0xD6, 0xA5,
    0x6D, 0x23, 0xD8, 0xDB, 0x33, 0x7E, 0xFD, 0x1D, 0xAB, 0x2C, 0x3F, 0x2A, 0x28, 0x78, 0xF8, 0xF4,
    0xE3, 0x0C, 0x9F, 0x74, 0x33, 0x02, 0x2B, 0x9C, 0xDB, 0x5D, 0x13, 0x56, 0x37, 0xC3, 0xEC, 0xE8,
    0x37, 0x1F, 0x1E, 0x16, 0x47, 0xA5, 0x19, 0xC9, 0x4F, 0xAD, 0xBC, 0x3B, 0x0A, 0x0B, 0x57, 0xFE,
    0x3C, 0x0E, 0xF2, 0x15, 0x27, 0x2E, 0x08, 0x03, 0x19, 0x31, 0xF7, 0x06, 0x97, 0xB8, 0x3D, 0x81,
    0x6A, 0x5C, 0xB5, 0x1C, 0xB4, 0xC5, 0xA3, 0x3E, 0xD8, 0xD2, 0xDC, 0x6E, 0x3A, 0x07, 0x38, 0xE7,
    0xDC, 0x59, 0xAA, 0xE1, 0x50, 0xCB, 0x1D, 0xA7, 0x6F, 0x3E, 0x9C, 0x7B, 0xBB, 0x14, 0x1B, 0x3E,
    0x33, 0x37, 0xA0, 0xC1, 0x7E, 0x3A, 0x32, 0xF5, 0x18, 0xC3, 0xF9, 0x89, 0xCF, 0x99, 0x6D, 0x4F,
    0x7C, 0x38, 0xEF, 0xA4, 0x29, 0xE4, 0x1A, 0xA8, 0x39, 0x7C, 0x46, 0xF3, 0x5F, 0x1F, 0xAE, 0x6F,
    0x5C, 0x0B, 0x61, 0xDF, 0x55, 0xD6, 0xAD, 0xA0, 0x22, 0xB5, 0xA1, 0x5D, 0xE0, 0x90, 0x38, 0x46,
    0x70, 0x8A, 0x35, 0x3B, 0xE3, 0x52, 0xD3, 0x8C, 0xAD, 0xA0, 0x95, 0xB5, 0x30, 0xC8, 0x4D, 0xAA,
    0xD4, 0x28, 0x9D, 0xE0, 0x90, 0x26, 0xC7, 0x51, 0xFA, 0xEF, 0x5A, 0x55, 0x89, 0x4E, 0x4D, 0x5A,
    0x88, 0x36, 0x87, 0x42, 0xB5, 0x7D, 0x55, 0xC0, 0x35, 0xCD, 0xE4, 0x29, 0xCD, 0xCF, 0x8A, 0x32,
    0xFF, 0xF8, 0x8F, 0x3E, 0x3C, 0xB7, 0xD9, 0x9A, 0x5E, 0x3E, 0x86, 0xF3, 0x5F, 0xF8, 0xBE, 0x3F,
    0x2F, 0xDB, 0xAD, 0x51, 0x7C, 0x1D, 0xC1, 0x7D, 0xBC, 0x66, 0x65, 0xB7, 0x79, 0x7E, 0x76, 0x8D,
    0xC3, 0xDE, 0xFD, 0x48, 0xD7, 0x76, 0xF2, 0x85, 0xD3, 0xCC, 0x55, 0xD7, 0xFB, 0x8B, 0xEB, 0xBC,
    0x90, 0x5A, 0xE1, 0xED, 0xB1, 0xE7, 0x3D, 0x76, 0xE5, 0x8E, 0xA4, 0x4E, 0xEB, 0x54, 0x4B, 0xF8,
    0xEA, 0x90, 0xC3, 0x49, 0x1F, 0xD0, 0x88, 0x9B, 0xC6, 0xCC, 0x98, 0xE3, 0x1E, 0x57, 0x46, 0x31,
    0xCE, 0x3F, 0x41, 0x3B, 0xE7, 0x19, 0xF6, 0xFD, 0x11, 0xA9, 0x7D, 0xEF, 0xE7, 0x02, 0x2C, 0xCD,
    0xC0, 0xFE, 0xF4, 0xF4, 0x2E, 0x70, 0x22, 0x87, 0x3F, 0xC4, 0x8F, 0x62, 0xB1, 0x78, 0xC8, 0x3C,
    0xFA, 0xF5, 0x59, 0x9F, 0xD5, 0xEF, 0x94, 0xDF, 0xD5, 0xA7, 0x29, 0x6A, 0x4B, 0x97, 0x73, 0xC7,
    0x6D, 0x99, 0x05, 0xFC, 0xC8, 0x74, 0x37, 0xFC, 0x82, 0x3E, 0x99, 0xE2, 0xD2, 0x91, 0x8F, 0x58,
    0xF7, 0x19, 0x81, 0x1D, 0xAE, 0xAE, 0xAE, 0x5E, 0xF7, 0x35, 0x64, 0xB5, 0x75, 0x5D, 0x54, 0x9B,
    0xF3, 0x1D, 0x09, 0xEC, 0xC8, 0x60, 0xBE, 0xCA, 0xCF, 0x97, 0x1B, 0x75, 0xCB, 0x9A, 0xFC, 0xF6,
    0x86, 0xC9, 0xEF, 0x60, 0xAE, 0x4E, 0xB2, 0x26, 0xBA, 0xF9, 0x52, 0xCC, 0xB7, 0x82, 0xF9, 0x8E,
    0x6C, 0xEE, 0xDB, 0xCA, 0xA6, 0x1E, 0x14, 0x7E, 0x3E, 0xF7, 0xE4, 0x08, 0x76, 0xBC, 0x14, 0x2C,
    0xE5, 0xC6, 0x9A, 0xD4, 0x9C, 0x37, 0xF2, 0xAB, 0xDE, 0x9D, 0x32, 0x02, 0x00, 0x23, 0x7B, 0xE5,
    0x63, 0x7A, 0x75, 0x7A, 0xD3, 0xAE, 0xC9, 0x3F, 0xE1, 0xEA, 0x7C, 0x4B, 0x8D, 0xD3, 0x68, 0xDE,
    0xCF, 0x1D, 0xF3, 0x2C, 0x7A, 0x9D, 0x32, 0x2E, 0x24, 0xB0, 0xBD, 0xD3, 0x49, 0xC4, 0xF5, 0xA5,
    0xA9, 0x9D, 0xF3, 0x5C, 0xDA, 0xC7, 0x7D, 0x65, 0x1D, 0x8D, 0x94, 0x0E, 0xB9, 0xB3, 0xBC, 0xB6,
    0xCF, 0x43, 0xDF, 0xF5, 0xBA, 0x7B, 0x3B, 0xE0, 0x67, 0x45, 0x6C, 0x57, 0x11, 0xD1, 0xE2, 0xB9,
    0x43, 0x67, 0xCB, 0x21, 0x76, 0xA0, 0x91, 0x05, 0xCC, 0x11, 0x91, 0x6D, 0x3F, 0x92, 0xD1, 0x17,
    0x10, 0x3F, 0x38, 0x9E, 0x9C, 0x80, 0xCB, 0x30, 0xFC, 0xB4, 0xDC, 0x75, 0xA1, 0x28, 0x29, 0x7C,
    0x6A, 0xCF, 0xC7, 0xE1, 0x3E, 0x2D, 0x3C, 0xE9, 0xC5, 0x58, 0xBA, 0xA2, 0xCC, 0x97, 0x02, 0x13,
    0x7D, 0x8B, 0x59, 0x18, 0x6F, 0x1E, 0xF2, 0x91, 0xC7, 0x33, 0x04, 0xD7, 0x8E, 0x0C, 0xB7, 0x6C,
    0x30, 0x2F, 0xB4, 0x20, 0xE2, 0x63, 0x88, 0x63, 0xD4, 0x7F, 0xF3, 0x7F, 0x38, 0x12, 0x81, 0xF5,
    0x24, 0xB8, 0x0F, 0xB9, 0xE6, 0xDD, 0x37, 0x1F, 0xC9, 0x2B, 0x85, 0xC9, 0xFC, 0x82, 0x73, 0xB9,
    0x4D, 0xB9, 0x0D, 0x73, 0xED, 0x7A, 0xF1, 0x6B, 0x33, 0x6E, 0xE5, 0xFF, 0xAF, 0x35, 0xFE, 0x1B,
    0xCD, 0x5B, 0xBF, 0x8F, 0xDD, 0x56, 0x76, 0x3E, 0x24, 0x35, 0x43, 0x49, 0x5C, 0x8B, 0x53, 0x58,
    0xC1, 0x6A, 0x26, 0x36, 0xA7, 0x70, 0x13, 0x43, 0x2B, 0x6E, 0x21, 0x2C, 0x04, 0x64, 0x2C, 0x32,
    0xCE, 0x3F, 0x30, 0x85, 0x27, 0xC8, 0x22, 0x40, 0xE2, 0xC2, 0x29, 0xB2, 0x58, 0x44, 0x2E, 0x54,
    0x4C, 0x61, 0xFB, 0x31, 0xDB, 0x6C, 0xE1, 0xC2, 0x13, 0x20, 0xD8, 0xD6, 0x2E, 0x54, 0x78, 0xC7,
    0xC5, 0x0A, 0x88, 0x8B, 0x29, 0x24, 0x91, 0x49, 0xB3, 0xC5, 0x02, 0x31, 0x83, 0x20, 0x70, 0x13,
    0x20, 0x4C, 0x62, 0x63, 0xB1, 0x59, 0x04, 0xA6, 0xB4, 0x54, 0x4C, 0xD9, 0x7C, 0xBC, 0xF9, 0xBE,
    0x73, 0xC9, 0xF7, 0x66, 0x64, 0x4B, 0x9A, 0x1F, 0xD2, 0x4C, 0x66, 0x1E, 0x8F, 0xDE, 0xF0, 0xF1,
    0xDD, 0x7B, 0xCE, 0xB9, 0xE7, 0x9E, 0xF3, 0x9D, 0x73, 0xAE, 0x44, 0x36, 0x36, 0x44, 0xC4, 0x35,
    0xA6, 0x10, 0xF1, 0x8C, 0x49, 0x65, 0xF6, 0xB3, 0x4A, 0xB2, 0x58, 0x93, 0x46, 0x2D, 0x69, 0xD2,
    0xCD, 0xE9, 0xDF, 0x4F, 0x49, 0xEF, 0x19, 0xD2, 0xFF, 0x20, 0x75, 0x0B, 0x7E, 0xD7, 0x2B, 0x38,
    0x8E, 0x9F, 0x4D, 0x40, 0xC3, 0xED, 0xBC, 0x04, 0x35, 0xA6, 0x12, 0xB9, 0xB4, 0x31, 0xC1, 0x40,
    0x6B, 0x12, 0x35, 0x22, 0x6F, 0x49, 0x88, 0xE1, 0x5A, 0x09, 0x3B, 0x71, 0x1A, 0x09, 0xA6, 0xE2,
    0x77, 0x12, 0x99, 0x34, 0x31, 0x85, 0x31, 0xB5, 0x9D, 0x3A, 0x30, 0x1D, 0xBE, 0xD8, 0xC9, 0xD9,
    0xED, 0x1B, 0xF6, 0xC6, 0x72, 0x26, 0x0E, 0x3E, 0x0C, 0xDE, 0x6D, 0x25, 0xC6, 0xE3, 0x57, 0x71,
    0xF1, 0x6B, 0x1C, 0xC9, 0x31, 0x18, 0xEA, 0xD3, 0x56, 0x92, 0x9F, 0xE2, 0xC2, 0xE7, 0xC9, 0x17,
    0x7D, 0x11, 0xDD, 0x37, 0xA9, 0x9B, 0x3E, 0x8F, 0x2F, 0xA6, 0x0E, 0x88, 0x53, 0xFA, 0x94, 0xAB,
    0xCF, 0x39, 0xD4, 0x44, 0x39, 0x27, 0x23, 0x27, 0x2B, 0x23, 0x7F, 0x3C, 0xF9, 0x3E, 0x86, 0xAB,
    0xA1, 0x78, 0xDC, 0xE4, 0xA8, 0xE7, 0x8F, 0x22, 0xEB, 0xC9, 0x49, 0xB3, 0xA6, 0xD2, 0xE8, 0x5B,
    0xAF, 0x22, 0x0D, 0x4B, 0xA5, 0x85, 0xD2, 0xFB, 0xFC, 0x23, 0xE4, 0x34, 0xE2, 0xEB, 0xF4, 0xF2,
    0xDA, 0x21, 0xA5, 0xE4, 0x3C, 0xE0, 0xC7, 0xAD, 0xED, 0x3C, 0x3E, 0xAF, 0xFB, 0x05, 0xD4, 0x57,
    0xC0, 0x82, 0xF1, 0x99, 0x6A, 0xE1, 0x12, 0x49, 0x0E, 0xD1, 0x9C, 0xE9, 0xC8, 0x4F, 0xC8, 0x5B,
    0x0B, 0xAF, 0xA9, 0x9D, 0x57, 0x12, 0x3F, 0x58, 0xE9, 0xC4, 0x64, 0x72, 0xCB, 0xEB, 0xC1, 0x7A,
    0x80, 0x49, 0x2F, 0x52, 0xBE, 0x53, 0x31, 0x05, 0x48, 0x1E, 0x4B, 0x62, 0x3E, 0x07, 0x35, 0xC8,
    0x77, 0x7C, 0x7E, 0xD7, 0xE1, 0x28, 0x92, 0x34, 0x2B, 0x2D, 0x24, 0xA3, 0xD6, 0x7E, 0xEF, 0xEF,
    0x54, 0x3E, 0xA7, 0x13, 0xAF, 0x11, 0xAF, 0x94, 0x20, 0x93, 0x73, 0x22, 0xDF, 0xA5, 0xB8, 0xAE,
    0x69, 0x83, 0x7F, 0x98, 0x46, 0xE9, 0x5A, 0x82, 0xB1, 0x60, 0x86, 0xFA, 0x4A, 0x32, 0x49, 0xCA,
    0xE7, 0xE2, 0xBE, 0x0B, 0x4D, 0xE3, 0x99, 0x52, 0x2E, 0x70, 0x5D, 0x68, 0xAB, 0x61, 0x35, 0x2C,
    0x9C, 0x33, 0x85, 0xD5, 0x7A, 0x5B, 0x34, 0xE0, 0xE3, 0x12, 0xE0, 0x34, 0xCC, 0x47, 0x59, 0xCB,
    0x0B, 0xB9, 0x57, 0xB9, 0xE5, 0x4D, 0x37, 0x5D, 0x3D, 0x88, 0x00, 0x8B, 0x19, 0x0D, 0x50, 0x67,
    0xE3, 0x2E, 0x53, 0xAE, 0x82, 0xF2, 0x18, 0x57, 0x20, 0x4E, 0xC9, 0x3A, 0x5E, 0x30, 0xEA, 0xE5,
    0xC1, 0x7F, 0xEC, 0x97, 0x7B, 0x37, 0x83, 0xAA, 0x55, 0xE9, 0x32, 0xE9, 0xC6, 0x85, 0xD0, 0x25,
    0x39, 0x26, 0xEE, 0x5D, 0x59, 0xF5, 0x8A, 0x9B, 0x72, 0xB7, 0xA2, 0x00, 0x60, 0x10, 0x4B, 0x71,
    0xE6, 0x20, 0x02, 0x9C, 0x4D, 0x29, 0xB2, 0xF7, 0x40, 0xB7, 0xBB, 0xDD, 0x9E, 0x89, 0xEE, 0xC3,
    0xB3, 0xAA, 0x89, 0x05, 0x0A, 0x66, 0x4C, 0x4F, 0x27, 0xFB, 0x33, 0x4C, 0x09, 0x19, 0xA2, 0x8E,
    0xD4, 0xBE, 0x5C, 0x93, 0x52, 0x2A, 0x53, 0x28, 0x2D, 0x49, 0xF3, 0x6A, 0x4E, 0x27, 0xBB, 0x68,
    0x6E, 0x3F, 0x2D, 0x66, 0xCF, 0x3B, 0x66, 0x1C, 0xC7, 0x70, 0x1B, 0x07, 0xE6, 0x73, 0xB8, 0x13,
    0x3B, 0x97, 0x9D, 0x97, 0x2E, 0xEA, 0x63, 0x91, 0x95, 0xBB, 0xD0, 0x42, 0x7E, 0x17, 0xB6, 0x11,
    0xDD, 0x05, 0x7F, 0xA1, 0x25, 0xF4, 0x3C, 0x77, 0xE9, 0x84, 0xF0, 0xD7, 0xF2, 0xFB, 0x35, 0x46,
    0xA3, 0x7B, 0xA8, 0xA1, 0xB6, 0xA8, 0x84, 0x31, 0x25, 0x45, 0x38, 0x90, 0xC9, 0x5E, 0x92, 0x94,
    0x20, 0x71, 0x0D, 0x12, 0x72, 0x2A, 0xD7, 0x7C, 0xF2, 0x40, 0xE4, 0xC2, 0xE9, 0xC3, 0xCA, 0x1A,
    0xC3, 0xF9, 0xE4, 0x55, 0x82, 0xE0, 0x73, 0x74, 0x59, 0x31, 0x2F, 0x84, 0xC9, 0x6B, 0xBB, 0x1B,
    0xC0, 0x61, 0x64, 0x0C, 0xAE, 0xDE, 0x0A, 0x89, 0x2B, 0x37, 0xB5, 0xFF, 0x20, 0xAF, 0xC3, 0x2A,
    0xAE, 0x63, 0xC8, 0x42, 0xF1, 0x26, 0xBB, 0x2E, 0x8A, 0x86, 0x4F, 0xEA, 0xB0, 0x37, 0xBD, 0x47,
    0xB9, 0x2E, 0xC0, 0x12, 0xCE, 0x6F, 0xC0, 0x18, 0xD5, 0x58, 0x34, 0x66, 0xCF, 0x7E, 0x30, 0x79,
    0x07, 0x3E, 0xFE, 0xE8, 0x16, 0xB9, 0x7A, 0x81, 0xE4, 0x39, 0x92, 0x05, 0x12, 0x21, 0x59, 0x27,
    0x81, 0x12, 0xCC, 0x9F, 0x94, 0x8C, 0xF4, 0x25, 0xFF, 0x2C, 0x87, 0x7B, 0xBD, 0x2C, 0xCD, 0x9E,
    0x73, 0x54, 0x2C, 0xAA, 0x26, 0xC4, 0x78, 0x1B, 0x93, 0x99, 0x58, 0x04, 0x08, 0xD3, 0xC0, 0x4C,
    0x17, 0xB7, 0x3F, 0xE4, 0x1F, 0x2F, 0x67, 0xEE, 0xD7, 0x75, 0x50, 0x74, 0x51, 0x7A, 0x3B, 0x31,
    0x7D, 0xB2, 0xFD, 0xA1, 0x35, 0xC9, 0x09, 0x4D, 0xF2, 0x4C, 0xDC, 0xDF, 0x0A, 0x4D, 0xEB, 0x81,
    0x4D, 0x7A, 0x04, 0x01, 0xCB, 0x37, 0x5D, 0x70, 0xFB, 0xCE, 0x2F, 0x40, 0x62, 0xBA, 0xEA, 0xA0,
    0x3B, 0x46, 0xBE, 0xF9, 0x40, 0x76, 0xC5, 0x2B, 0x77, 0x18, 0x72, 0xB0, 0x50, 0x0B, 0x07, 0xE1,
    0xDE, 0xA9, 0x46, 0x76, 0xC3, 0xE9, 0xF8, 0xCE, 0xAD, 0x8F, 0x93, 0x7B, 0xF8, 0x33, 0x78, 0x32,
    0xF0, 0x8D, 0x8D, 0x6C, 0x77, 0xF1, 0x41, 0x74, 0x7F, 0x0C, 0x4C, 0xBA, 0x1A, 0xE1, 0xE9, 0x24,
    0x13, 0xCE, 0x77, 0x87, 0x44, 0x99, 0x37, 0x7F, 0xCE, 0x58, 0x4C, 0xB5, 0x25, 0x0C, 0x05, 0x0B,
    0xA9, 0x65, 0xBD, 0x21, 0xEB, 0xD9, 0x9D, 0x3D, 0xAC, 0x17, 0x0B, 0x49, 0xF3, 0xE3, 0xD8, 0xC0,
    0x93, 0xD5, 0x64, 0x7D, 0xA5, 0x60, 0xD4, 0xC6, 0x70, 0xAF, 0x88, 0xDC, 0xC6, 0x18, 0xBF, 0x4F,
    0x77, 0x0C, 0x67, 0x80, 0x21, 0x2A, 0x07, 0xD3, 0x4D, 0xAE, 0xC1, 0x92, 0x22, 0x5A, 0x92, 0xA7,
    0x50, 0x67, 0xEB, 0x18, 0x17, 0xC4, 0x49, 0x97, 0xDC, 0xE2, 0xBA, 0xC0, 0x6F, 0xED, 0x76, 0xD1,
    0x07, 0x58, 0x13, 0x37, 0x53, 0x60, 0x54, 0xCF, 0xD1, 0x99, 0x62, 0x53, 0xB7, 0xD4, 0xD0, 0xB9,
    0xB0, 0x2E, 0x43, 0xA4, 0x61, 0xA8, 0x81, 0xDE, 0x4C, 0xE6, 0xB4, 0xCA, 0xD7, 0xA6, 0x5A, 0xDF,
    0x9A, 0x84, 0xB8, 0x79, 0xCA, 0x06, 0x56, 0x1B, 0x57, 0x1E, 0xA2, 0x90, 0x8B, 0xEF, 0xA1, 0x78,
    0x50, 0x3C, 0x8C, 0x38, 0x4C, 0xFF, 0xD8, 0x91, 0xFA, 0x53, 0x52, 0x57, 0xDD, 0x96, 0x4C, 0x3E,
    0x9B, 0x34, 0xF4, 0x8E, 0x8A, 0xFB, 0x97, 0xD7, 0x07, 0xDF, 0x45, 0xB8, 0x14, 0x43, 0xBD, 0x09,
    0xF4, 0x7C, 0x1F, 0x9E, 0xB8, 0xBA, 0x2E, 0x4E, 0x06, 0x6C, 0xF5, 0xA3, 0x2D, 0xF1, 0xBE, 0xC6,
    0x0A, 0x95, 0xA6, 0x8D, 0x8B, 0x1C, 0x92, 0x4F, 0xEC, 0x85, 0xF7, 0x71, 0x01, 0xAD, 0xDF, 0x03,
    0xE6, 0x81, 0x42, 0xA3, 0x53, 0xF8, 0xEA, 0x6F, 0x52, 0x49, 0x30, 0x2C, 0x3C, 0x5E, 0x85, 0xD0,
    0x56, 0xC7, 0x72, 0xAD, 0xBE, 0x25, 0x41, 0x05, 0x16, 0x8A, 0xA9, 0x44, 0xE9, 0x24, 0x7B, 0x1B,
    0xAB, 0x07, 0x76, 0xFF, 0x4A, 0x46, 0x94, 0x2E, 0xD5, 0x6E, 0x94, 0xDE, 0xCF, 0x51, 0xFA, 0x89,
    0xEA, 0x43, 0x81, 0xF2, 0x45, 0x71, 0xAB, 0xB7, 0x30, 0x6F, 0xC3, 0x08, 0x61, 0x75, 0xF4, 0xCC,
    0x74, 0xE1, 0xAA, 0x25, 0x87, 0xCD, 0x1C, 0xC5, 0xDB, 0xF7, 0x7E, 0x79, 0xE2, 0xBA, 0x88, 0x32,
    0x6B, 0x13, 0x93, 0xCA, 0x62, 0x8A, 0xB3, 0xC3, 0x9E, 0x7B, 0x66, 0xBA, 0x38, 0xD9, 0x95, 0xB7,
    0xE2, 0x25, 0xAA, 0x77, 0x3B, 0x83, 0xAF, 0xD4, 0x3A, 0x7F, 0xD7, 0xA6, 0x38, 0x9A, 0x30, 0x2B,
    0xDA, 0x70, 0x32, 0xAB, 0x21, 0x18, 0x0A, 0x40, 0x9D, 0x75, 0x80, 0x79, 0x61, 0x35, 0xB5, 0xF8,
    0x4C, 0x2D, 0x46, 0x79, 0x50, 0xA0, 0x2A, 0x13, 0x5A, 0x8C, 0x85, 0xAF, 0x5E, 0x16, 0xA4, 0x33,
    0xA7, 0x58, 0x03, 0xD7, 0x04, 0xC0, 0x3B, 0x03, 0xD8, 0xC9, 0x9E, 0x40, 0xCD, 0xF6, 0x36, 0x29,
    0x7E, 0x70, 0x67, 0x63, 0xE3, 0x89, 0xCF, 0x2B, 0xB5, 0xE3, 0xDB, 0xB9, 0x86, 0x89, 0xC9, 0x13,
    0xB3, 0x3A, 0xC4, 0x7C, 0xF0, 0x72, 0x67, 0x65, 0x06, 0x58, 0xA8, 0x31, 0x57, 0x63, 0x2A, 0x89,
    0xF7, 0x68, 0x72, 0x36, 0x03, 0xC9, 0x99, 0x22, 0x1B, 0x42, 0x37, 0x0C, 0xE6, 0x75, 0xDE, 0x13,
    0xC9, 0xD4, 0x83, 0x9A, 0xCC, 0x7B, 0x0F, 0x01, 0xA4, 0x6F, 0x57, 0x42, 0x42, 0x31, 0x1B, 0xA5,
    0xF5, 0x33, 0x51, 0x02, 0x71, 0x60, 0x63, 0x4D, 0x52, 0x71, 0x1F, 0xBD, 0x08, 0x84, 0x89, 0xFB,
    0x1B, 0x23, 0x0E, 0xC4, 0x95, 0x67, 0xE1, 0xD7, 0xA6, 0x0A, 0x7B, 0xA0, 0xC1, 0x06, 0xBF, 0xA4,
    0x75, 0xF0, 0xCD, 0xAB, 0x0D, 0xDB, 0x49, 0x9F, 0xD8, 0x2C, 0x5A, 0x96, 0x16, 0x7F, 0x7E, 0x33,
    0x34, 0x65, 0x62, 0xB2, 0xD5, 0x51, 0xC2, 0x40, 0x31, 0xED, 0xFE, 0x5F, 0x78, 0x3E, 0x1F, 0x2A,
    0x12, 0x4B, 0xCE, 0xFA, 0xCD, 0xC0, 0x14, 0x91, 0xC9, 0xAE, 0x6C, 0x20, 0x0E, 0x32, 0x09, 0x5C,
    0x44, 0xF0, 0xC3, 0x63, 0x53, 0x71, 0xBF, 0xED, 0x45, 0x38, 0xAD, 0x1A, 0x5E, 0xD8, 0x58, 0x4F,
    0x4C, 0x3D, 0x19, 0x2B, 0x1B, 0x47, 0x61, 0x23, 0xD6, 0x71, 0x5E, 0xDE, 0xD6, 0x00, 0xB9, 0x6F,
    0x06, 0x96, 0x64, 0x69, 0x4D, 0xAA, 0xF8, 0xA3, 0x32, 0x34, 0x85, 0xDB, 0x1F, 0x5D, 0x15, 0xF2,
    0xA6, 0x2F, 0x9B, 0x91, 0x24, 0x9A, 0x2F, 0x38, 0x29, 0xF7, 0x34, 0x52, 0xB4, 0xA4, 0xE5, 0xDA,
    0x05, 0xDF, 0xF6, 0x82, 0x07, 0x99, 0x18, 0x39, 0xAA, 0xF8, 0xDF, 0x63, 0x91, 0xC5, 0xAB, 0x59,
    0xD7, 0xC0, 0x6E, 0x0E, 0xEF, 0x63, 0x9C, 0xD2, 0xC3, 0xC6, 0x79, 0x8D, 0x37, 0x43, 0xAD, 0xBF,
    0x80, 0x01, 0x1B, 0x20, 0xF6, 0xCB, 0x12, 0x50, 0x4D, 0x41, 0x2F, 0x15, 0x2B, 0x98, 0x4A, 0xDE,
    0x85, 0xD9, 0x69, 0x8D, 0x05, 0x42, 0xED, 0x0C, 0xF9, 0x0B, 0x5E, 0x78, 0x7F, 0x74, 0xA5, 0x1D,
    0x48, 0x4B, 0x3A, 0xDD, 0x5D, 0xA4, 0x30, 0x18, 0x21, 0xD6, 0xA5, 0x0C, 0xBB, 0x67, 0x42, 0x31,
    0x3E, 0xE6, 0x05, 0x93, 0x36, 0x8C, 0x5A, 0xD0, 0xA5, 0xCE, 0xF2, 0x25, 0xAD, 0x4F, 0xDD, 0x8E,
    0x14, 0xA8, 0xDE, 0x52, 0x2F, 0x8F, 0xDB, 0x5E, 0xED, 0x57, 0xD8, 0x66, 0x4D, 0xD8, 0x29, 0xAD,
    0xDD, 0xAD, 0x99, 0xC2, 0x77, 0x56, 0xDA, 0x95, 0x26, 0x69, 0x27, 0xCD, 0x23, 0x36, 0xE7, 0xEC,
    0xC2, 0x37, 0x61, 0xC6, 0xF3, 0xCD, 0x3D, 0x5C, 0x18, 0x3D, 0x62, 0xFE, 0x93, 0x29, 0x30, 0x74,
    0x5B, 0xD1, 0x65, 0x20, 0x74, 0x25, 0x86, 0x0D, 0x8D, 0x45, 0xB5, 0x9F, 0x39, 0x1A, 0x59, 0x34,
    0xC7, 0x23, 0xC0, 0x65, 0xA0, 0x3B, 0xF2, 0xD5, 0x68, 0x2E, 0xFA, 0xDD, 0xA0, 0x90, 0x77, 0xC2,
    0x4C, 0x26, 0x77, 0x06, 0x6C, 0xF5, 0xBC, 0xD6, 0xEE, 0x6C, 0x3A, 0xFB, 0x69, 0x11, 0xBC, 0x5A,
    0x9E, 0x01, 0x37, 0x41, 0x8A, 0x3F, 0x03, 0xC3, 0x9B, 0xF2, 0xC4, 0x57, 0xCF, 0x62, 0x97, 0xAB,
    0xF5, 0xAE, 0xA0, 0x92, 0x24, 0xB5, 0x35, 0xB8, 0xC1, 0x9A, 0x12, 0x35, 0xA8, 0x40, 0x97, 0x37,
    0x50, 0x90, 0x1D, 0x2B, 0xB6, 0x7E, 0x8B, 0x94, 0x79, 0x15, 0x1C, 0x7A, 0x46, 0x1A, 0x29, 0xE6,
    0x4E, 0x34, 0xC5, 0x1C, 0x2A, 0xD1, 0xFA, 0x29, 0x8C, 0x09, 0x94, 0x79, 0x17, 0x9E, 0xC4, 0x4E,
    0xC0, 0xB7, 0xF0, 0x31, 0x46, 0xD0, 0x88, 0x20, 0xB1, 0x2E, 0x2F, 0x62, 0x0B, 0xE6, 0x32, 0xA6,
    0x19, 0x67, 0xB6, 0x69, 0xCF, 0x44, 0x7D, 0xC8, 0x44, 0x43, 0x80, 0x96, 0x9F, 0xB8, 0x13, 0x18,
    0x8F, 0x06, 0xDF, 0x22, 0x63, 0xC1, 0x90, 0xCE, 0x33, 0x98, 0x95, 0x68, 0xC2, 0x47, 0x93, 0xF3,
    0x3F, 0x04, 0x89, 0x61, 0xDF, 0x35, 0x74, 0x18, 0xD6, 0x6B, 0xBC, 0x07, 0x36, 0xC3, 0xDF, 0xB1,
    0x6C, 0xC1, 0x5D, 0x10, 0x7E, 0xC9, 0x0A, 0xE6, 0x3D, 0x4D, 0xF0, 0xC1, 0x2D, 0x33, 0x7A, 0x6C,
    0x06, 0x60, 0x8E, 0x49, 0x9F, 0x8F, 0x86, 0xAF, 0x10, 0xDF, 0x0E, 0x48, 0x86, 0x5D, 0x8D, 0x12,
    0xCD, 0x58, 0x3F, 0xF5, 0x8B, 0x79, 0xFD, 0x00, 0x3F, 0x3B, 0x98, 0x72, 0xA5, 0xC1, 0x94, 0xB0,
    0x39, 0x4E, 0xF9, 0x0A, 0xBF, 0xCA, 0x89, 0x7E, 0x57, 0x1E, 0x60, 0x4A, 0xAF, 0x1C, 0xA7, 0x8C,
    0xD5, 0xE2, 0xC7, 0xC8, 0x3C, 0x2E, 0x13, 0x71, 0x4F, 0x2A, 0xB3, 0xCC, 0xE7, 0x10, 0x84, 0x4E,
    0xC3, 0x61, 0x54, 0xF5, 0x32, 0x16, 0x44, 0xD2, 0xC0, 0x6C, 0xE7, 0x4C, 0x98, 0x46, 0x0E, 0x00,
    0xA5, 0x26, 0x88, 0x8B, 0x69, 0xF8, 0x99, 0x46, 0xFE, 0x55, 0xEA, 0x9B, 0x80, 0xEC, 0xA0, 0xAF,
    0x66, 0xB7, 0x03, 0x39, 0x16, 0xCE, 0x75, 0xF3, 0x07, 0xED, 0x88, 0x63, 0x9C, 0x6E, 0x56, 0xEF,
    0xDE, 0xE4, 0xA7, 0x5A, 0x1D, 0x54, 0x23, 0x62, 0xA9, 0x2A, 0x7C, 0xD2, 0x6F, 0x43, 0xF6, 0xDD,
    0x8C, 0x1E, 0x02, 0x7B, 0x66, 0x47, 0x6A, 0xAF, 0x5C, 0xB0, 0x63, 0x41, 0x18, 0x96, 0x91, 0x52,
    0x85, 0xB7, 0x0D, 0x49, 0x3D, 0x4B, 0x4A, 0x8B, 0xA7, 0x25, 0xCC, 0xEA, 0x66, 0x50, 0xB7, 0xC9,
    0x5D, 0x78, 0xA7, 0x5A, 0x5F, 0x55, 0x58, 0x17, 0x4F, 0x5F, 0xEF, 0x6E, 0x33, 0x00, 0xB5, 0x3E,
    0x20, 0x21, 0x1E, 0xEB, 0x9D, 0x0F, 0x0E, 0xCA, 0xAA, 0xDD, 0x93, 0xC9, 0xC3, 0x3E, 0x74, 0xCF,
    0xF5, 0xB6, 0x1A, 0x7D, 0x78, 0xD7, 0x64, 0xFA, 0xAF, 0xFE, 0xFD, 0x2D, 0xCF, 0x35, 0xB2, 0x27,
    0xEE, 0xEC, 0xCF, 0x70, 0xFE, 0x5A, 0xCB, 0x5D, 0x7C, 0x0E, 0x16, 0x90, 0xF0, 0xDE, 0x1F, 0x1E,
    0x48, 0x80, 0xE7, 0xC5, 0x6F, 0x59, 0xF5, 0x78, 0x38, 0x18, 0x12, 0x22, 0x6A, 0x24, 0x6C, 0xE4,
    0xDA, 0x23, 0x82, 0xE4, 0x88, 0xEF, 0x86, 0xEC, 0xC2, 0x96, 0x6F, 0xF5, 0x9E, 0xDB, 0xD8, 0x5A,
    0xD6, 0x28, 0x49, 0x4E, 0xCC, 0xD9, 0x85, 0x26, 0x93, 0xA8, 0x64, 0xF2, 0xE0, 0x17, 0x0E, 0xDC,
    0xA0, 0x07, 0x0A, 0xA5, 0x67, 0xCE, 0xBF, 0x1B, 0xD2, 0x5F, 0x02, 0xEF, 0x66, 0xCE, 0x3F, 0x02,
    0xDD, 0x66, 0x4E, 0x91, 0xB7, 0x5E, 0xE6, 0x16, 0x71, 0x4F, 0x1A, 0x98, 0x3F, 0x06, 0xF5, 0xCC,
    0xBF, 0x80, 0x8A, 0xF9, 0x32, 0x85, 0x7F, 0x4C, 0x0C, 0x69, 0xA8, 0xD4, 0x03, 0xA6, 0x2D, 0x15,
    0xD3, 0x52, 0x81, 0x19, 0xB9, 0x8A, 0x8A, 0x79, 0xC2, 0x21, 0x36, 0x92, 0xD9, 0x92, 0xCF, 0xED,
    0xD1, 0x8B, 0x69, 0xF0, 0xD2, 0x07, 0x36, 0x5F, 0xC6, 0xF3, 0xFF, 0x0B, 0xA6, 0x62, 0x56, 0x72,
    0x19, 0x4C, 0x21, 0x5E, 0xF0, 0x24, 0x42, 0x84, 0x0B, 0x35, 0x26, 0xBB, 0xD7, 0xEB, 0x04, 0xC5,
    0x3C, 0x9B, 0x8E, 0xB8, 0x60, 0x6F, 0x0E, 0xE8, 0xD8, 0x1C, 0x50, 0xEF, 0x07, 0xD9, 0x2C, 0x07,
    0xD4, 0x9F, 0xA7, 0x23, 0xB8, 0xD6, 0x88, 0x34, 0x44, 0x04, 0x73, 0xC7, 0xC3, 0xDC, 0x52, 0x3E,
    0x1E, 0xB3, 0x4F, 0x75, 0x3C, 0x4E, 0xC9, 0xC2, 0xAA, 0xF4, 0x1A, 0xEE, 0x62, 0x05, 0xBF, 0x41,
    0x33, 0xE6, 0xA3, 0x27, 0xAC, 0xBE, 0x55, 0x72, 0xB8, 0xC6, 0x72, 0x52, 0x74, 0x69, 0x96, 0xEB,
    0x35, 0xB3, 0x14, 0xBA, 0x78, 0x5A, 0xCA, 0x5A, 0x4C, 0xC7, 0x45, 0xD2, 0x10, 0xAE, 0xBD, 0x27,
    0xAF, 0x1E, 0x97, 0x49, 0xC3, 0x1F, 0x33, 0x73, 0xB8, 0xD9, 0xEB, 0xE3, 0x74, 0xC9, 0x30, 0x1D,
    0xFD, 0x5B, 0xC8, 0xA2, 0x40, 0xF0, 0x38, 0xD2, 0x70, 0xBA, 0x7E, 0x8F, 0x51, 0xE6, 0x04, 0x48,
    0x1D, 0xB6, 0x33, 0x82, 0x2A, 0x95, 0x1A, 0x8A, 0xCB, 0x11, 0x79, 0x53, 0xA9, 0x21, 0xFD, 0x35,
    0x3C, 0x93, 0x38, 0xFF, 0x89, 0xC4, 0x0E, 0xB6, 0x92, 0x37, 0xA4, 0x49, 0x47, 0x1A, 0x1A, 0x52,
    0xCF, 0x7C, 0x42, 0x1B, 0x32, 0x5F, 0xB0, 0x4D, 0x09, 0x17, 0x05, 0x1A, 0x2B, 0x0D, 0x94, 0xC2,
    0xAF, 0x30, 0xF2, 0x18, 0xEA, 0xDB, 0x6E, 0x33, 0xDB, 0xC9, 0xDC, 0x43, 0xB5, 0xDD, 0xB9, 0xBC,
    0xAB, 0xD1, 0x6B, 0x4B, 0x1F, 0x61, 0x31, 0x1A, 0x63, 0x4A, 0x79, 0xA9, 0x5D, 0x20, 0xDA, 0x26,
    0x78, 0xCC, 0x6F, 0xD8, 0x06, 0x88, 0x4F, 0x0A, 0x15, 0x2D, 0x5C, 0xD4, 0x8B, 0xAD, 0x5C, 0x0E,
    0x86, 0xD9, 0xBC, 0xFF, 0x19, 0x96, 0x8F, 0xEA, 0xD6, 0x73, 0x03, 0x9E, 0xBA, 0x3B, 0xDF, 0xEC,
    0x52, 0xCC, 0xF9, 0x54, 0x1B, 0xF8, 0xBD, 0x22, 0xB0, 0xBC, 0x64, 0x17, 0x16, 0xCA, 0x43, 0x10,
    0xF0, 0x7B, 0x9A, 0x33, 0x64, 0x8A, 0xD8, 0xDC, 0xC9, 0x12, 0x6D, 0x79, 0xEF, 0xA2, 0x25, 0x69,
    0xBE, 0x9B, 0x0E, 0x9F, 0xB2, 0x69, 0x06, 0x3D, 0x76, 0xD4, 0x84, 0x6F, 0x73, 0x3F, 0x43, 0xE7,
    0x2A, 0x93, 0x2A, 0x2E, 0xC7, 0xB9, 0x64, 0x39, 0xD5, 0x52, 0x91, 0xB2, 0xE4, 0x6E, 0xFF, 0x7C,
    0x38, 0x37, 0xB0, 0x85, 0xA9, 0xA6, 0x48, 0xA8, 0x26, 0x59, 0x58, 0x24, 0xF8, 0x8D, 0x81, 0x8F,
    0xA2, 0x79, 0x83, 0x45, 0xAF, 0xA8, 0x8A, 0xAB, 0xB8, 0x08, 0x9B, 0x04, 0xDF, 0xEF, 0xEC, 0x40,
    0x8E, 0x38, 0x8A, 0x17, 0xA9, 0x62, 0xF7, 0x2B, 0xAD, 0x67, 0x9B, 0x6E, 0xEE, 0x09, 0x4E, 0x52,
    0x46, 0xFD, 0x29, 0xBF, 0x03, 0x6F, 0xBB, 0x66, 0x99, 0xE2, 0x00, 0x2C, 0xAC, 0x1F, 0x56, 0x56,
    0xF1, 0x7F, 0xA2, 0x1B, 0xE4, 0xB7, 0xB4, 0x1B, 0x2D, 0xAB, 0x4B, 0xFB, 0xB6, 0x4A, 0x7F, 0xF2,
    0xB2, 0xBA, 0x7F, 0x03, 0xD4, 0xFB, 0x29, 0xB6, 0xD5, 0x27, 0x70, 0x10, 0x40, 0xC0, 0x6B, 0x57,
    0x45, 0xAE, 0x5F, 0x11, 0x59, 0x5F, 0x3D, 0x82, 0xBC, 0xE7, 0xD7, 0x87, 0x43, 0x26, 0x86, 0x35,
    0x25, 0x99, 0x7C, 0x9E, 0xB3, 0x5D, 0x80, 0x6C, 0x27, 0xD4, 0x8E, 0x41, 0x67, 0x9B, 0x06, 0x61,
    0x6B, 0xFB, 0x06, 0x51, 0x6D, 0x63, 0x7E, 0x52, 0xDB, 0xEE, 0x41, 0x32, 0xE0, 0x32, 0xFE, 0xCB,
    0x1E, 0x82, 0xFE, 0x6B, 0xCA, 0xE1, 0x7E, 0xB9, 0xE7, 0x73, 0xF6, 0x13, 0xE2, 0xC6, 0x7E, 0xDF,
    0x26, 0xA4, 0x0E, 0x25, 0xD6, 0xC6, 0x02, 0x65, 0x46, 0x56, 0xC4, 0xCA, 0xE3, 0x35, 0xB6, 0x17,
    0x2C, 0x3F, 0xFD, 0xBC, 0xEE, 0xBC, 0xBC, 0xE5, 0x7E, 0x48, 0x09, 0xE3, 0x3C, 0x85, 0x8C, 0x5D,
    0x58, 0x40, 0xCA, 0x36, 0xA8, 0x20, 0x27, 0x92, 0x23, 0x48, 0xD6, 0x6F, 0x67, 0xDA, 0x00, 0xB5,
    0x6D, 0x50, 0xF6, 0x46, 0x5B, 0xD2, 0x68, 0x2A, 0x5B, 0x90, 0xD9, 0xFC, 0x96, 0x52, 0x1B, 0x93,
    0x41, 0x6E, 0x46, 0x85, 0xE5, 0xD4, 0xD9, 0x9A, 0x41, 0x87, 0xA1, 0xF3, 0xA0, 0xEF, 0x3B, 0x19,
    0xA3, 0xF6, 0xAC, 0x81, 0x52, 0x91, 0x99, 0x3F, 0x63, 0xD2, 0x65, 0x78, 0xAC, 0x82, 0x49, 0x17,
    0x53, 0x2F, 0xD9, 0x43, 0x15, 0xE9, 0xE9, 0x33, 0xF4, 0x12, 0x43, 0xDA, 0xD6, 0xB3, 0x5A, 0x8A,
    0x84, 0xAD, 0x56, 0xDA, 0x91, 0x52, 0x78, 0x3C, 0x39, 0x7C, 0x4B, 0x93, 0xC0, 0x44, 0x91, 0x6E,
    0xC4, 0x52, 0x4F, 0xE3, 0xDB, 0xEA, 0xC1, 0x8F, 0x6C, 0xB0, 0xBA, 0x43, 0x7E, 0x10, 0x1C, 0xE0,
    0xB2, 0xFD, 0x94, 0x4D, 0x95, 0xEB, 0x7F, 0xB0, 0x72, 0xDF, 0xC4, 0x5F, 0x9B, 0x70, 0xFA, 0x36,
    0x5C, 0xE1, 0x23, 0x4A, 0x0A, 0xE9, 0xFF, 0x03, 0xE6, 0xF7, 0x93, 0x73, 0xC6, 0xFA, 0xCC, 0x4B,
    0x24, 0xFB, 0x96, 0x0B, 0xF9, 0x07, 0xB6, 0x06, 0xD0, 0xB4, 0xA3, 0xF5, 0x6E, 0x84, 0x30, 0x04,
    0x0C, 0x86, 0xD5, 0x37, 0xE4, 0x26, 0xD7, 0xF0, 0x7D, 0x7B, 0xB8, 0x26, 0x1D, 0xEB, 0xA9, 0x22,
    0xAF, 0x9F, 0xBC, 0x36, 0xB2, 0xD3, 0x82, 0xEC, 0x78, 0x73, 0x47, 0x73, 0xBC, 0x52, 0x02, 0xA0,
    0x84, 0x03, 0x2D, 0xE5, 0x8B, 0x83, 0x2A, 0x7B, 0x7B, 0x7E, 0x27, 0x18, 0x5A, 0x01, 0x08, 0xB9,
    0x7E, 0x13, 0x67, 0x61, 0xE9, 0x17, 0x88, 0xB9, 0x45, 0x52, 0x3A, 0x05, 0xDB, 0x8A, 0x34, 0xEF,
    0x88, 0x11, 0xD8, 0xB4, 0x36, 0x20, 0x4D, 0x10, 0x94, 0x03, 0x0A, 0x61, 0xCA, 0x37, 0x25, 0x29,
    0xAF, 0x4B, 0x5C, 0xBE, 0x85, 0x28, 0x7D, 0x55, 0xE8, 0x25, 0x72, 0x7C, 0x84, 0x8D, 0xF2, 0x43,
    0x3B, 0x93, 0xAF, 0x0C, 0x02, 0x67, 0x23, 0x8C, 0x5E, 0x51, 0xDD, 0x6D, 0x4B, 0xF0, 0x45, 0x11,
    0xBD, 0x5A, 0xC6, 0x69, 0x95, 0x20, 0x1C, 0xC3, 0xDB, 0xB1, 0x08, 0x5C, 0x2E, 0x4D, 0xAA, 0xCB,
    0x48, 0xF9, 0xFD, 0xEA, 0x6A, 0x88, 0x0D, 0x98, 0x3A, 0x37, 0x2C, 0x42, 0xD3, 0x9D, 0xD7, 0x69,
    0xD7, 0xCA, 0xDD, 0xC2, 0x2A, 0x3F, 0x0B, 0x36, 0x57, 0x15, 0xF7, 0xF1, 0xBC, 0x82, 0x78, 0xBF,
    0xCA, 0x82, 0x57, 0x8B, 0x33, 0x92, 0x1D, 0x80, 0xCD, 0xA7, 0xCD, 0xD2, 0x5F, 0xA4, 0xB6, 0x7A,
    0xC2, 0xB4, 0x84, 0xDD, 0x30, 0xAE, 0x90, 0x45, 0x80, 0x22, 0xD3, 0xC1, 0xF2, 0xF6, 0xC9, 0xDD,
    0x0E, 0x8B, 0x1E, 0xDE, 0x54, 0x8F, 0x85, 0x61, 0x73, 0x3C, 0x47, 0x3B, 0xF7, 0x61, 0xDE, 0x5B,
    0x8B, 0x99, 0xF6, 0x30, 0xA8, 0x59, 0x6A, 0x98, 0x9A, 0x7E, 0x06, 0x9A, 0x3D, 0x2D, 0x59, 0x00,
    0x64, 0xFB, 0xCB, 0xC2, 0xD5, 0x42, 0x16, 0xB5, 0xFC, 0xD2, 0x01, 0x0C, 0xE0, 0x94, 0x8A, 0x7A,
    0x8E, 0x56, 0xC4, 0x4E, 0x0D, 0x26, 0x8E, 0x7F, 0x66, 0x3E, 0xCF, 0xB1, 0x4B, 0x0D, 0x80, 0xC3,
    0x9B, 0xA0, 0x34, 0x5C, 0x53, 0x38, 0x62, 0x0F, 0xF7, 0x3D, 0x05, 0xEA, 0x72, 0x43, 0x03, 0x23,
    0xAA, 0x9E, 0x5F, 0x90, 0xF9, 0xD9, 0x3B, 0x9B, 0x1D, 0x9A, 0x6C, 0x0E, 0xFD, 0xB4, 0xF9, 0xA3,
    0x91, 0xC7, 0x62, 0xB6, 0xF9, 0xCF, 0xA6, 0x9E, 0xE2, 0x7B, 0xB0, 0x9E, 0x98, 0x36, 0xEE, 0x6F,
    0x70, 0x2F, 0x7E, 0xF3, 0x85, 0x60, 0x65, 0x76, 0x38, 0xDB, 0x2B, 0xFA, 0xBC, 0x2D, 0x12, 0x87,
    0x7C, 0x31, 0x3E, 0xD6, 0x5C, 0xAB, 0x8B, 0x9C, 0xE4, 0xD7, 0xED, 0x8C, 0x2B, 0x3D, 0x73, 0x77,
    0x8A, 0x87, 0xDD, 0x4E, 0x50, 0x27, 0x32, 0xEA, 0xA4, 0xD3, 0x57, 0xAB, 0x49, 0x69, 0x2D, 0x9B,
    0xE5, 0x01, 0x44, 0xBE, 0x70, 0xD8, 0x95, 0x3D, 0x6F, 0xFE, 0xD5, 0x7A, 0x5D, 0x9E, 0xD0, 0x30,
    0xBF, 0x39, 0xAA, 0x14, 0xF4, 0x48, 0x4E, 0x6B, 0xD9, 0xEE, 0xA2, 0xFE, 0x06, 0xE3, 0x40, 0xCB,
    0xB6, 0x51, 0x02, 0x5F, 0xDB, 0x0E, 0x61, 0x81, 0x75, 0x16, 0x73, 0xCB, 0x99, 0x1D, 0xF6, 0xE0,
    0xAA, 0xBF, 0xFC, 0x51, 0xA6, 0xF5, 0x63, 0x06, 0x76, 0x85, 0xAD, 0xEE, 0xEE, 0xB4, 0xA5, 0xF2,
    0x4D, 0x19, 0x6A, 0xF1, 0x36, 0x98, 0x52, 0x55, 0xB6, 0x91, 0xBA, 0x7F, 0xEA, 0x5B, 0xAA, 0xDF,
    0xF5, 0xB5, 0x15, 0x4B, 0xDB, 0x60, 0x23, 0x35, 0x63, 0x5A, 0x67, 0x1A, 0xA6, 0x7F, 0x89, 0xCE,
    0x1E, 0xD8, 0x1E, 0xD8, 0x00, 0x5B, 0x53, 0x59, 0x40, 0x34, 0xE4, 0xE9, 0x1F, 0x9E, 0x08, 0xF9,
    0xE7, 0x37, 0x2C, 0xB3, 0xAF, 0x3B, 0xAF, 0x4F, 0x6A, 0x53, 0xC7, 0xF5, 0xB5, 0xC7, 0x97, 0xCE,
    0xBA, 0xA4, 0x26, 0x42, 0xF2, 0xCC, 0x7B, 0x9F, 0xC9, 0x1B, 0xA7, 0xC7, 0x04, 0x04, 0x88, 0x3F,
    0x7B, 0xF8, 0xE0, 0xF2, 0x49, 0x4A, 0x09, 0x76, 0x1C, 0xC6, 0xCF, 0xED, 0x6D, 0xCB, 0xC8, 0xA1,
    0xA5, 0x13, 0x7B, 0x70, 0x99, 0x76, 0x26, 0x5F, 0xE9, 0x91, 0x88, 0x7C, 0xF7, 0xC1, 0xE5, 0x93,
    0x5D, 0x49, 0x91, 0x37, 0xC1, 0xD8, 0x66, 0x64, 0x0B, 0x63, 0x51, 0x67, 0x1B, 0x19, 0x87, 0x96,
    0x35, 0xB2, 0x87, 0x88, 0xB5, 0xB8, 0xB1, 0xB3, 0x36, 0x7F, 0x1F, 0x55, 0x27, 0x2E, 0x2B, 0x2B,
    0x3C, 0xD1, 0x2D, 0x7C, 0xE9, 0x7B, 0xF6, 0xBA, 0xB4, 0x36, 0xF4, 0x0A, 0x8E, 0xB2, 0xB6, 0xDE,
    0xDF, 0xEA, 0xA1, 0xE4, 0x2F, 0x39, 0x4D, 0xF2, 0x1E, 0xDF, 0xDF, 0xBE, 0xAA, 0xAB, 0xFD, 0xF1,
    0x89, 0xCB, 0xEB, 0x7C, 0xF0, 0x81, 0x78, 0xF7, 0xE0, 0x74, 0xFE, 0x0B, 0xC0, 0xE8, 0x57, 0x85,
    0x44, 0x80, 0x46, 0x17, 0x21, 0xF7, 0xEA, 0xF3, 0x47, 0xB1, 0xE5, 0xE3, 0x97, 0x48, 0xA1, 0xF0,
    0x8A, 0x2D, 0xCF, 0x15, 0x73, 0xEC, 0x6D, 0x8B, 0x28, 0xB9, 0xA5, 0xEF, 0xCE, 0x0F, 0x1A, 0xC5,
    0xAD, 0x3D, 0xD7, 0x75, 0xD8, 0x55, 0x65, 0xA1, 0xF6, 0xD2, 0x50, 0x9F, 0xEB, 0x86, 0x6B, 0x7A,
    0xD9, 0x9E, 0xBF, 0x9D, 0x94, 0x63, 0x47, 0xE7, 0x83, 0xA1, 0x1D, 0x33, 0x1C, 0x7D, 0x0C, 0x87,
    0xAA, 0x49, 0xF2, 0x0B, 0x5B, 0xAB, 0xB9, 0xE1, 0x54, 0x73, 0x0F, 0xC6, 0xA8, 0xF3, 0xC5, 0xD4,
    0xD4, 0x51, 0x1F, 0x1A, 0xAF, 0x4C, 0x20, 0xB1, 0x67, 0xBC, 0xEC, 0xA2, 0xE2, 0xF8, 0x9F, 0x42,
    0x03, 0x90, 0xDA, 0xFC, 0x93, 0x5C, 0x67, 0xF4, 0xC8, 0xFF, 0x4D, 0x6C, 0x8E, 0xDD, 0x22, 0xFD,
    0x04, 0xE4, 0x8E, 0x1B, 0x56, 0x04, 0xE3, 0x3A, 0x6C, 0x99, 0xED, 0x85, 0x6D, 0xD0, 0xF9, 0x9A,
    0x7F, 0x86, 0x7D, 0xA8, 0x90, 0x20, 0x32, 0xCF, 0x69, 0xE9, 0x66, 0xCD, 0xFC, 0x58, 0x23, 0xC4,
    0xC7, 0xB6, 0x73, 0x06, 0x0C, 0x5F, 0xDB, 0xEC, 0x25, 0xA9, 0x6C, 0xD9, 0x39, 0x1A, 0x34, 0x67,
    0x01, 0xC5, 0x39, 0x0B, 0x29, 0x10, 0x1C, 0x1D, 0x5B, 0xA0, 0xB4, 0x00, 0xBA, 0x98, 0x9F, 0xF7,
    0xB7, 0x05, 0xD2, 0x35, 0xED, 0x25, 0xDF, 0xBC, 0xA8, 0xA7, 0xF2, 0xB0, 0xFC, 0x7F, 0xF9, 0xA7,
    0xE7, 0x5F, 0x3B, 0xBF, 0x9E, 0x77, 0x49, 0x97, 0x54, 0x11, 0x35, 0x97, 0xEA, 0x09, 0x07, 0xC4,
    0xAF, 0xA8, 0x63, 0xBA, 0x9D, 0x74, 0x90, 0x66, 0xFA, 0x83, 0x1E, 0xF0, 0xDB, 0xDC, 0x34, 0x48,
    0x6A, 0x4C, 0x45, 0x58, 0x09, 0x36, 0x28, 0x4D, 0x41, 0x98, 0x19, 0xA7, 0x2C, 0xDF, 0x85, 0x5A,
    0xF1, 0x3A, 0xA3, 0x87, 0x69, 0xEC, 0xE1, 0x1C, 0xCD, 0x60, 0xA9, 0x63, 0xFF, 0xAB, 0x8E, 0xB5,
    0xDA, 0x17, 0x47, 0xDD, 0x55, 0xB9, 0x89, 0x60, 0x67, 0x75, 0xD0, 0x83, 0x41, 0x96, 0xE7, 0x09,
    0x4F, 0x5F, 0x64, 0x09, 0x62, 0x8D, 0x1A, 0xBA, 0xCE, 0xCA, 0x2A, 0xEB, 0x5B, 0xBD, 0xF6, 0x1A,
    0x33, 0xC6, 0x11, 0x56, 0x7D, 0x6C, 0xC4, 0xFC, 0x26, 0xD1, 0x4F, 0x7D, 0xA3, 0xF6, 0x35, 0x9E,
    0x5B, 0x75, 0x52, 0x9B, 0xDC, 0x05, 0x43, 0x87, 0xE1, 0x15, 0x26, 0x67, 0x98, 0xE2, 0xF5, 0x45,
    0xD9, 0xA0, 0xBC, 0xD3, 0xA4, 0x8E, 0x9A, 0x30, 0x0B, 0x5B, 0x48, 0xDA, 0x9D, 0x83, 0x9C, 0x17,
    0xC5, 0xED, 0x59, 0xB2, 0xB9, 0x6C, 0x8F, 0x04, 0x53, 0xC9, 0x6C, 0xC7, 0x59, 0xC9, 0xEC, 0xF5,
    0xC2, 0x80, 0xE7, 0xAE, 0xD8, 0x6E, 0x60, 0xAE, 0x65, 0x14, 0x9B, 0x0A, 0x9D, 0x1A, 0x8E, 0x7C,
    0x60, 0xC2, 0x6A, 0xCA, 0xA3, 0xD2, 0x66, 0x20, 0x7E, 0x79, 0xEB, 0x18, 0xA5, 0xDE, 0xD5, 0x4B,
    0x4C, 0x76, 0xF7, 0x12, 0xCF, 0xA9, 0xBF, 0x86, 0xCD, 0x16, 0xF1, 0x7F, 0x7F, 0x64, 0xB2, 0xAB,
    0xAC, 0x60, 0x5E, 0x61, 0xCD, 0xE3, 0xFB, 0x4C, 0x11, 0x21, 0x02, 0xBF, 0x41, 0x59, 0x3C, 0xFD,
    0xEF, 0x26, 0x1C, 0x3E, 0xE4, 0xCE, 0x8B, 0xBB, 0xF1, 0x6C, 0x28, 0x97, 0xD1, 0x35, 0x03, 0x67,
    0x05, 0xF6, 0x86, 0xCB, 0x52, 0x46, 0x90, 0x25, 0xFD, 0x76, 0x9E, 0xEE, 0xEA, 0xAB, 0xC8, 0x50,
    0xB4, 0x20, 0xA8, 0xD5, 0xE4, 0x70, 0xD0, 0x1F, 0x2C, 0xED, 0x02, 0x20, 0x41, 0xCC, 0x03, 0x5F,
    0x50, 0xC0, 0x1A, 0xE6, 0xBE, 0x0C, 0x83, 0x5C, 0xA2, 0x9E, 0x31, 0xAC, 0xCD, 0x7B, 0x5D, 0xB0,
    0xE4, 0x23, 0x86, 0x86, 0x92, 0x7C, 0xC5, 0x6E, 0xCD, 0x88, 0xB6, 0x76, 0x66, 0x9D, 0x1D, 0x33,
    0x12, 0xDE, 0x3B, 0x3E, 0xA9, 0xE2, 0xD4, 0x96, 0x0D, 0xC6, 0x03, 0x63, 0xCB, 0x43, 0x27, 0xFB,
    0xB0, 0x12, 0x5D, 0x66, 0x75, 0x20, 0x7E, 0x5F, 0xD3, 0x7F, 0x2E, 0xF4, 0x74, 0xA8, 0x0C, 0x1C,
    0x9B, 0x44, 0x4E, 0xBA, 0x24, 0x3C, 0x24, 0xCB, 0x53, 0xB2, 0x56, 0xAA, 0xCC, 0xA6, 0x8D, 0x67,
    0x8E, 0xB2, 0x4E, 0xDB, 0xF6, 0x3F, 0x12, 0xBD, 0x13, 0x54, 0xD2, 0x39, 0x25, 0x7B, 0xE7, 0x34,
    0x03, 0x7F, 0x28, 0x59, 0x6B, 0xA3, 0x0F, 0xD7, 0xB5, 0xB1, 0x84, 0xFD, 0x98, 0x4B, 0xCF, 0xFC,
    0x0D, 0xBC, 0xFE, 0x1F, 0xDD, 0x5A, 0x3D, 0x8C, 0xDD, 0xD6, 0x95, 0x3E, 0x24, 0x25, 0xD1, 0x19,
    0xDA, 0xE6, 0x14, 0x32, 0x10, 0x49, 0x8E, 0xA8, 0xC2, 0x85, 0x6D, 0xC8, 0xA2, 0x0A, 0x17, 0x5A,
    0x60, 0x3C, 0x97, 0x91, 0x8A, 0x60, 0x91, 0x22, 0x2A, 0x32, 0x01, 0x02, 0x17, 0x56, 0xE1, 0x66,
    0x83, 0x20, 0x72, 0xA1, 0x42, 0x85, 0x6C, 0x12, 0xBB, 0x0B, 0xB8, 0x48, 0x11, 0x55, 0x69, 0xB6,
    0xB0, 0xB0, 0x70, 0x61, 0x8C, 0x0B, 0x0B, 0x58, 0x15, 0x2A, 0x46, 0x22, 0x65, 0x17, 0x2A, 0x52,
    0x98, 0x8B, 0x60, 0x91, 0xD2, 0xF4, 0xDF, 0x2E, 0x76, 0x1B, 0x31, 0x0A, 0x9D, 0xBC, 0x91, 0xF8,
    0x78, 0xF7, 0xFB, 0xCE, 0xE5, 0x7B, 0x6F, 0xF4, 0x63, 0x49, 0x91, 0xE4, 0x8C, 0x76, 0xC7, 0xE2,
    0xBD, 0xD7, 0x24, 0xDF, 0xBD, 0xE7, 0x9C, 0x7B, 0x7E, 0xBE, 0x73, 0x2E, 0x45, 0xF0, 0xB7, 0xCC,
    0xC6, 0x9F, 0x88, 0x3C, 0x97, 0x05, 0xBD, 0x44, 0x76, 0xF0, 0x7A, 0x31, 0x75, 0xD9, 0x6C, 0x78,
    0x83, 0xC4, 0xB6, 0xC5, 0xBD, 0xD0, 0x16, 0x71, 0x27, 0x81, 0x95, 0xA4, 0x15, 0xCF, 0x16, 0xA6,
    0x15, 0xB1, 0xD5, 0x96, 0xB6, 0x66, 0x5B, 0x6E, 0x6D, 0xC7, 0xA7, 0x29, 0x66, 0xC5, 0x6F, 0x7B,
    0xB4, 0x12, 0x0E, 0xE2, 0x4F, 0xC5, 0xB7, 0x59, 0x88, 0x9B, 0x79, 0x93, 0xD6, 0xC2, 0xB5, 0xB8,
    0xF6, 0xDE, 0x8C, 0xAD, 0x9C, 0xC1, 0xC5, 0xFF, 0xCF, 0x65, 0xEF, 0xD9, 0xFD, 0x9E, 0xB5, 0xBF,
    0x0C, 0xDB, 0xB2, 0x89, 0x2B, 0x83, 0xFF, 0xD2, 0xC6, 0x54, 0x49, 0x9B, 0x57, 0xB1, 0x5E, 0x86,
    0x57, 0x9D, 0x34, 0x69, 0x9B, 0x56, 0xF1, 0x24, 0xC7, 0x9C, 0xFD, 0x7C, 0x12, 0x79, 0x41, 0xDB,
    0x5E, 0x79, 0xD2, 0xD9, 0xE5, 0xB2, 0x9B, 0xBD, 0xB4, 0x4D, 0x64, 0xDB, 0xD8, 0x82, 0x96, 0x2C,
    0x9A, 0x8A, 0x6C, 0x48, 0xD4, 0x73, 0x51, 0xB6, 0x2B, 0x0F, 0xD4, 0x86, 0xAE, 0x9D, 0xF2, 0x57,
    0x01, 0xE6, 0xBE, 0x48, 0x91, 0x48, 0x87, 0xF5, 0x2B, 0x9F, 0xEC, 0x76, 0x49, 0x25, 0x62, 0x2C,
    0xEE, 0x81, 0xB3, 0xC9, 0x16, 0xCE, 0x02, 0xDC, 0x97, 0xB8, 0xE1, 0x7D, 0x36, 0x7E, 0x2D, 0x27,
    0xE4, 0xF5, 0x2A, 0x6F, 0xED, 0xA6, 0xA4, 0xED, 0xC9, 0x56, 0xE2, 0x36, 0xBE, 0x6F, 0xD3, 0x43,
    0xA2, 0x91, 0xC5, 0xE4, 0x81, 0xFD, 0xCD, 0x57, 0x22, 0x6F, 0x3E, 0x25, 0xE3, 0x9F, 0x5F, 0x84,
    0x23, 0xEB, 0xDE, 0xB4, 0x9C, 0xDD, 0xCC, 0xFB, 0xD9, 0x48, 0x97, 0x75, 0x2F, 0xF2, 0xB5, 0x9D,
    0xB8, 0x5A, 0xBE, 0x60, 0x29, 0x7B, 0xCC, 0x37, 0x8D, 0xEC, 0x6F, 0x6D, 0x23, 0xC3, 0x7A, 0xD9,
    0x83, 0xA7, 0xA4, 0xF7, 0x5A, 0x31, 0x2D, 0x46, 0xC1, 0x00, 0xAA, 0x6D, 0x83, 0x91, 0x6F, 0x8F,
    0x65, 0x60, 0x91, 0x1C, 0xDB, 0x0A, 0xCB, 0x67, 0x3A, 0xAA, 0x25, 0x1E, 0x54, 0x0A, 0x65, 0x83,
    0x5F, 0xCD, 0x46, 0x66, 0xA2, 0xA3, 0xBC, 0x91, 0xB2, 0x1D, 0x47, 0x1E, 0x5E, 0xD5, 0xA7, 0x75,
    0x60, 0x0B, 0x37, 0xAA, 0x22, 0xC8, 0xC8, 0xCD, 0x87, 0x49, 0x38, 0xF2, 0xAC, 0x98, 0x5E, 0x9E,
    0xD1, 0x75, 0x25, 0xEF, 0xE4, 0x79, 0x48, 0x36, 0x9E, 0x60, 0x7D, 0x59, 0x89, 0xEC, 0xD7, 0x65,
    0xED, 0xDB, 0x1B, 0x1F, 0xF6, 0x4A, 0x73, 0x00, 0x9A, 0x3B, 0xC7, 0x87, 0xFB, 0xE3, 0xE8, 0x29,
    0xC9, 0x1C, 0x43, 0xCF, 0x06, 0x85, 0xE3, 0x27, 0xFE, 0x89, 0x28, 0x3B, 0xE2, 0xA6, 0x24, 0x1B,
    0x3A, 0x86, 0xFE, 0x61, 0xC7, 0x46, 0x5E, 0x4E, 0xB8, 0x41, 0xFD, 0x1F, 0x6B, 0x27, 0x1C, 0xFD,
    0x98, 0x5A, 0x07, 0x9F, 0x77, 0x2A, 0x03, 0xC9, 0xBF, 0xA8, 0x4B, 0x65, 0x3C, 0xFF, 0xB2, 0xB0,
    0x85, 0x3E, 0xFA, 0x77, 0x50, 0xE6, 0x98, 0x80, 0x22, 0x8C, 0x3C, 0x4C, 0x66, 0x2C, 0xB4, 0xDF,
    0x1F, 0x39, 0xA8, 0x8F, 0x8C, 0x0C, 0x54, 0xDD, 0x48, 0xFF, 0x87, 0xED, 0x8C, 0xFC, 0x76, 0x2B,
    0xF5, 0x07, 0x5C, 0xB7, 0xAF, 0xF5, 0xB2, 0xDD, 0xE8, 0xCB, 0xD6, 0xAF, 0x4F, 0xA1, 0x87, 0xA1,
    0xB5, 0xDC, 0x26, 0xEC, 0x7C, 0x5E, 0xBB, 0xDE, 0x54, 0xAE, 0x8F, 0xC5, 0xF5, 0x4B, 0xD4, 0xAF,
    0xF7, 0xDA, 0x67, 0xD6, 0xD6, 0xB0, 0xB4, 0x6D, 0x13, 0xA8, 0x46, 0xD4, 0x9A, 0x36, 0xFD, 0x11,
    0xD8, 0xAE, 0x93, 0x76, 0x05, 0x56, 0x47, 0x43, 0x39, 0x92, 0x74, 0xDA, 0x2F, 0x9B, 0x46, 0x68,
    0x3C, 0x20, 0x5C, 0x7B, 0x0F, 0x82, 0x60, 0x1F, 0x58, 0x3F, 0x33, 0x75, 0xDC, 0x46, 0x7D, 0x98,
    0xA5, 0xD0, 0xB4, 0x78, 0x12, 0xC3, 0xEA, 0xED, 0x60, 0x6E, 0x94, 0x10, 0xD6, 0xA7, 0x9B, 0x86,
    0x62, 0xDD, 0x33, 0xD7, 0x36, 0x55, 0x2E, 0xB0, 0x90, 0xD8, 0x3E, 0xC2, 0x0C, 0xBE, 0xAD, 0x29,
    0x03, 0x71, 0xC2, 0x79, 0x3C, 0x5D, 0xA6, 0x9D, 0x57, 0x69, 0x17, 0x50, 0xEE, 0x10, 0x25, 0x6E,
    0x46, 0x76, 0xBD, 0xC4, 0x2B, 0x39, 0x8D, 0xC0, 0x3A, 0x4A, 0xC6, 0x6E, 0xEA, 0xD4, 0x5B, 0x75,
    0x3E, 0xFE, 0xB8, 0xD5, 0xEE, 0x66, 0xB5, 0xC5, 0x05, 0x8C, 0x44, 0xFB, 0x1D, 0x69, 0x8E, 0xA8,
    0xE8, 0x63, 0x1B, 0x6A, 0xEB, 0x9D, 0xD3, 0xE5, 0x75, 0x3B, 0xE5, 0xE0, 0xE2, 0x69, 0xBA, 0xE5,
    0x9D, 0xE0, 0x8E, 0xF6, 0x18, 0x5B, 0xEF, 0x13, 0xB6, 0xC1, 0x3F, 0xF5, 0x24, 0xF2, 0x58, 0x4F,
    0x1A, 0x03, 0x2A, 0xAA, 0x0D, 0x94, 0x9A, 0x40, 0xDD, 0x40, 0xE8, 0xDA, 0x8E, 0x6D, 0xD4, 0x2E,
    0xAC, 0x32, 0x56, 0x1A, 0xD3, 0x6C, 0xCE, 0x83, 0x1C, 0x57, 0x8D, 0xE0, 0x3B, 0xA6, 0x0D, 0x1B,
    0xEC, 0x46, 0xA7, 0x3B, 0xA2, 0xBD, 0x7F, 0x16, 0xBB, 0xC7, 0x9D, 0x3F, 0x1D, 0xB7, 0xFB, 0x70,
    0xCF, 0x74, 0xE3, 0x73, 0x5C, 0xD1, 0xDD, 0xAF, 0x2E, 0xEA, 0x72, 0x3B, 0xFE, 0x6A, 0x71, 0x35,
    0x6E, 0xE5, 0xB4, 0xC0, 0x2A, 0xCE, 0xF3, 0x4B, 0xB6, 0xD8, 0xDD, 0x92, 0x3A, 0x3D, 0xB5, 0x50,
    0x6B, 0x98, 0x2B, 0x34, 0x89, 0x3A, 0x5B, 0x4B, 0x58, 0x41, 0x9F, 0x3C, 0x58, 0x5E, 0xE0, 0x06,
    0x30, 0x26, 0xFA, 0x75, 0xEF, 0x33, 0x3B, 0x0E, 0xAE, 0xC2, 0x43, 0xE8, 0xE0, 0x63, 0x84, 0x0C,
    0x1D, 0x54, 0xE5, 0x44, 0x07, 0x7E, 0x95, 0x0E, 0xE3, 0x20, 0xB2, 0xC7, 0xDC, 0x20, 0xB0, 0xBF,
    0x77, 0x03, 0xB1, 0x7F, 0xC9, 0x30, 0x80, 0xAF, 0x31, 0x76, 0x1C, 0xC4, 0xB3, 0x41, 0xA0, 0xA1,
    0x23, 0xA8, 0xC7, 0x18, 0x12, 0x41, 0x7E, 0x39, 0x07, 0x06, 0xDB, 0x9E, 0xD0, 0xEA, 0xDC, 0xB6,
    0xC7, 0xED, 0x6D, 0xAE, 0xEE, 0x05, 0x27, 0x57, 0x91, 0x4B, 0xF1, 0x8C, 0xA7, 0x4B, 0xE3, 0x20,
    0x6D, 0x6E, 0x63, 0xB4, 0x4F, 0x33, 0xC7, 0x27, 0xEC, 0x5C, 0xD9, 0x2C, 0x2B, 0xC7, 0x65, 0x5E,
    0x39, 0x26, 0xF7, 0x8E, 0x3C, 0xCA, 0xC8, 0xA2, 0x5F, 0x39, 0x0E, 0xF1, 0x1E, 0x19, 0xFC, 0x47,
    0xF8, 0x7E, 0xE5, 0x2F, 0xAF, 0x1C, 0x7B, 0xA6, 0x72, 0xDC, 0xB1, 0x27, 0x73, 0xA6, 0x72, 0xBC,
    0x69, 0x1F, 0x8F, 0x3D, 0x38, 0x43, 0xAF, 0x8C, 0x99, 0xCA, 0xF1, 0x85, 0x30, 0xA7, 0x6C, 0x19,
    0xA7, 0xB7, 0x99, 0x29, 0x46, 0xBD, 0x9D, 0xF5, 0xE3, 0x16, 0xCD, 0x5C, 0xFC, 0xE5, 0xB1, 0x1F,
    0x1D, 0xBD, 0xDF, 0x8D, 0x32, 0xA8, 0x17, 0x5E, 0x71, 0x16, 0x6F, 0xC4, 0x49, 0x28, 0xE9, 0x16,
    0x63, 0x7F, 0x9C, 0x55, 0x4E, 0xBF, 0x2C, 0x72, 0x21, 0xF9, 0xB3, 0xAD, 0xF7, 0x75, 0x29, 0xBC,
    0x48, 0x4E, 0x6D, 0x53, 0xDD, 0x89, 0x1E, 0xB0, 0xC5, 0xFB, 0xD0, 0xC5, 0xDC, 0x1A, 0xEB, 0x66,
    0xBE, 0xA5, 0x6D, 0x16, 0x24, 0x25, 0xCA, 0x97, 0x51, 0x2E, 0xDE, 0x99, 0x21, 0x0E, 0x08, 0x15,
    0x37, 0xFC, 0xB3, 0xBB, 0x48, 0xCE, 0x34, 0xD7, 0x37, 0xFA, 0x3B, 0xA8, 0x54, 0x1F, 0xB9, 0xCB,
    0xF1, 0x30, 0x59, 0xBC, 0xE3, 0xDA, 0x7F, 0x53, 0xC3, 0xB9, 0xAE, 0x9E, 0xE0, 0x73, 0xB6, 0x7E,
    0x05, 0x1B, 0xC7, 0x06, 0xC2, 0xBF, 0x4B, 0x88, 0x6D, 0xC1, 0x64, 0xEB, 0x25, 0x48, 0x80, 0x53,
    0x03, 0x39, 0x87, 0xD6, 0xF2, 0x96, 0x51, 0x9C, 0xC2, 0x38, 0x43, 0x0F, 0x2D, 0x13, 0xA1, 0xB2,
    0x76, 0x02, 0x4C, 0x80, 0x00, 0x9F, 0x60, 0x87, 0x6C, 0xA5, 0x4E, 0x5A, 0x29, 0xC0, 0xE2, 0x41,
    0x05, 0xCF, 0xF1, 0x45, 0xAD, 0x11, 0x43, 0xB7, 0xE1, 0x10, 0x1E, 0x3C, 0x4D, 0xEF, 0x5B, 0xC0,
    0x10, 0x10, 0x95, 0x7F, 0x3D, 0x91, 0x14, 0x3F, 0x5D, 0x25, 0x3E, 0xE0, 0x85, 0x59, 0x3D, 0xC4,
    0xFF, 0xF8, 0x0F, 0x13, 0x31, 0xEF, 0xE2, 0xC2, 0x73, 0x73, 0x6D, 0xA8, 0x92, 0x6F, 0x6C, 0xE6,
    0xC3, 0xCB, 0x9F, 0x92, 0xF3, 0xE6, 0x3D, 0x60, 0x91, 0x02, 0x70, 0x08, 0x21, 0xC8, 0xF9, 0xA6,
    0x48, 0xC3, 0xEA, 0x83, 0xFF, 0xC3, 0xFB, 0xA5, 0x12, 0x79, 0xC0, 0x97, 0x23, 0xB1, 0x1C, 0x7A,
    0x8D, 0xAB, 0xC2, 0x6F, 0x04, 0xE0, 0xB1, 0x20, 0x6B, 0xFB, 0x26, 0x0C, 0xC6, 0x80, 0x6D, 0xD1,
    0xDD, 0xFE, 0xE1, 0xE5, 0xDC, 0x39, 0xCF, 0x20, 0x8B, 0xC8, 0xE7, 0xA6, 0x3A, 0xC0, 0x52, 0xC5,
    0x9B, 0xEA, 0x86, 0xED, 0xD2, 0xC7, 0xCF, 0x65, 0x32, 0xC3, 0x69, 0x79, 0x01, 0x31, 0x7A, 0x53,
    0xFE, 0x96, 0x98, 0x70, 0x90, 0xC7, 0x80, 0x09, 0xA7, 0x0E, 0x13, 0xCA, 0xDD, 0x31, 0x61, 0x81,
    0xB0, 0xD3, 0xAE, 0x80, 0x9B, 0x8B, 0xF4, 0x87, 0x4E, 0x93, 0x22, 0x6C, 0x42, 0xC0, 0x17, 0xCE,
    0x62, 0x59, 0x6C, 0x59, 0x03, 0x97, 0xE0, 0x30, 0x62, 0x7B, 0x07, 0x46, 0xAC, 0x80, 0x11, 0x1B,
    0x60, 0xC4, 0xCE, 0x2C, 0x30, 0xA2, 0x5F, 0x50, 0xD9, 0x46, 0xA8, 0x74, 0x17, 0x65, 0xA3, 0x14,
    0x6C, 0x13, 0xDA, 0x5A, 0x91, 0x22, 0xB5, 0xE2, 0x01, 0xD1, 0xE1, 0xDD, 0x91, 0xE2, 0x0A, 0x05,
    0x25, 0xA7, 0x15, 0x29, 0x42, 0x8D, 0xB0, 0xE9, 0xF7, 0x40, 0x8A, 0x07, 0x3C, 0x91, 0x23, 0xCF,
    0x8A, 0xBC, 0xB6, 0xA2, 0x4A, 0xA4, 0x71, 0x80, 0x5E, 0xC2, 0x03, 0x69, 0x27, 0xBC, 0x13, 0x00,
    0x8C, 0x2D, 0xF1, 0x62, 0x7C, 0xAF, 0xFF, 0x80, 0x13, 0x09, 0x13, 0x15, 0x25, 0x2A, 0x48, 0x04,
    0x3E, 0x00, 0x73, 0x96, 0xCA, 0x0B, 0xF0, 0xC1, 0x65, 0x8E, 0xEF, 0x50, 0xF3, 0xA3, 0x2D, 0x22,
    0x56, 0x55, 0xB3, 0xD6, 0xEB, 0xD2, 0x6D, 0x97, 0x80, 0xC5, 0x63, 0x5C, 0xDE, 0xFA, 0x3A, 0x38,
    0x5E, 0x02, 0x66, 0x83, 0x9B, 0x1C, 0xE0, 0x4A, 0xA7, 0x70, 0x8B, 0x17, 0x96, 0x1C, 0x71, 0x0F,
    0x2D, 0x09, 0x71, 0x13, 0x94, 0x5C, 0x28, 0x50, 0x49, 0xC4, 0x5F, 0xF1, 0xC6, 0xF7, 0x9F, 0x5C,
    0x79, 0x68, 0x52, 0xC4, 0xE0, 0x35, 0x71, 0xB8, 0x1D, 0x31, 0x45, 0xFE, 0xF5, 0xEF, 0x41, 0xA0,
    0x29, 0x82, 0x1E, 0x21, 0xAB, 0x47, 0x78, 0x38, 0xB7, 0xFF, 0xD1, 0xE4, 0x02, 0x8B, 0xC8, 0xEE,
    0x6E, 0x11, 0xFF, 0xFC, 0xC4, 0xCA, 0xA5, 0xC6, 0x56, 0x5E, 0x78, 0x45, 0x64, 0xB5, 0x57, 0xAC,
    0xAC, 0x5E, 0xE1, 0xF1, 0xCB, 0x45, 0x23, 0xA8, 0x46, 0xCD, 0xD0, 0xE1, 0xC8, 0x93, 0x1A, 0xC4,
    0xBC, 0x27, 0x57, 0x2E, 0x67, 0x46, 0x64, 0x60, 0xB8, 0x89, 0xA4, 0x5B, 0x1E, 0xBF, 0x5C, 0xD6,
    0xB1, 0x62, 0x9D, 0xD8, 0x6E, 0xF5, 0x64, 0x7F, 0x38, 0x98, 0x2E, 0x33, 0x67, 0x1F, 0x76, 0xAD,
    0x0F, 0xC6, 0x22, 0x80, 0xF7, 0xB9, 0xD7, 0x99, 0x63, 0x0D, 0x21, 0xD5, 0x9B, 0xB7, 0xFA, 0x1E,
    0x9A, 0x35, 0x7D, 0x0F, 0x81, 0x09, 0xCC, 0x1A, 0xE3, 0x80, 0x46, 0x4D, 0xD2, 0x28, 0xBB, 0x49,
    0x92, 0x6D, 0x73, 0xA8, 0x0F, 0x11, 0x21, 0x62, 0x5C, 0x4B, 0xEB, 0xEF, 0x03, 0x7E, 0x9D, 0x90,
    0xF8, 0x8B, 0x5E, 0xD2, 0x3F, 0x21, 0x99, 0x42, 0x1F, 0x16, 0x17, 0xDC, 0x4B, 0x0F, 0x19, 0xF2,
    0x17, 0x92, 0x28, 0xE6, 0x5E, 0x38, 0xD4, 0x28, 0x1B, 0xAB, 0x7A, 0xA5, 0x93, 0x05, 0x40, 0x73,
    0xF7, 0x9F, 0x14, 0x49, 0xA8, 0x26, 0x21, 0x65, 0x54, 0xF0, 0x53, 0x82, 0xFA, 0xBD, 0xF2, 0x88,
    0x92, 0x90, 0x9D, 0x6B, 0xC7, 0x95, 0x13, 0xDB, 0xB9, 0xAE, 0x95, 0xDB, 0xFF, 0x98, 0xE3, 0xF3,
    0x6E, 0x39, 0x55, 0x01, 0xE0, 0xC5, 0xF3, 0x60, 0xF1, 0xB3, 0x4E, 0x0E, 0xE3, 0xD9, 0x7B, 0x9D,
    0xA6, 0x48, 0x4E, 0x58, 0xFB, 0x93, 0x0E, 0x31, 0x53, 0x56, 0x92, 0x8E, 0x98, 0xE0, 0x74, 0xB2,
    0xF9, 0x06, 0xBA, 0x8E, 0xB9, 0x30, 0x85, 0x3D, 0x01, 0xB4, 0x09, 0xFE, 0xE7, 0x23, 0x3E, 0x8B,
    0x45, 0xDF, 0x4C, 0x9C, 0x90, 0x5F, 0x63, 0xF7, 0xB4, 0x6C, 0xB0, 0x7B, 0xDE, 0x9B, 0xB0, 0x5B,
    0x81, 0x28, 0xCC, 0xF4, 0x67, 0x13, 0x63, 0x3F, 0x76, 0x15, 0x06, 0xF7, 0x97, 0x70, 0xA8, 0xA4,
    0xEE, 0x5D, 0x3F, 0x37, 0x63, 0xFD, 0xE8, 0x07, 0x4C, 0xB9, 0x91, 0x91, 0xFE, 0xBA, 0x8F, 0x2B,
    0x70, 0x1F, 0x35, 0xAB, 0x41, 0x7F, 0x12, 0xD9, 0x83, 0xDD, 0x04, 0x65, 0x4C, 0x28, 0x09, 0xA4,
    0xE2, 0xFF, 0x82, 0x38, 0xCC, 0xBB, 0x53, 0xA9, 0xCD, 0xBB, 0xF6, 0x5F, 0x2A, 0x73, 0x0D, 0x54,
    0x25, 0x93, 0x72, 0x0A, 0xCC, 0xBB, 0x8B, 0x12, 0xD8, 0x79, 0xDC, 0xA9, 0x04, 0x36, 0x28, 0xDD,
    0xDC, 0xD7, 0x11, 0x15, 0x79, 0xAE, 0x7C, 0x72, 0x7A, 0x74, 0x02, 0x54, 0x8E, 0x1D, 0x92, 0xAA,
    0x80, 0xCC, 0x5D, 0x5A, 0xC8, 0x89, 0x63, 0x4C, 0x89, 0x16, 0x2F, 0xA7, 0xDD, 0xD2, 0x47, 0x37,
    0x90, 0x3C, 0x61, 0xD7, 0x0B, 0xB8, 0x8E, 0x98, 0xEE, 0x42, 0xB7, 0x3B, 0xFF, 0x2A, 0xEF, 0xE8,
    0x28, 0x54, 0xF1, 0xF6, 0x72, 0xDD, 0xBD, 0xD8, 0xDA, 0x01, 0x46, 0xDD, 0x99, 0x21, 0x62, 0x19,
    0xAD, 0x49, 0xDC, 0x85, 0x71, 0xD4, 0x02, 0x2E, 0xF5, 0x97, 0x54, 0xEE, 0xE1, 0x15, 0xF0, 0x71,
    0xE3, 0x38, 0xF5, 0xA8, 0x0E, 0x21, 0x50, 0xB0, 0xDD, 0x47, 0xD5, 0xBE, 0xDE, 0xAC, 0x7F, 0x38,
    0x2D, 0xAD, 0x9D, 0x9A, 0x2C, 0xAC, 0x93, 0x26, 0xC9, 0xC2, 0x39, 0xBC, 0x72, 0x58, 0x7E, 0xD0,
    0x74, 0xE5, 0x4E, 0x78, 0xF5, 0x5D, 0xF0, 0xAC, 0x45, 0x91, 0x9E, 0xED, 0xBD, 0x79, 0x66, 0x85,
    0xC5, 0xAB, 0x4F, 0x43, 0x3F, 0x30, 0x15, 0xAB, 0x2A, 0x74, 0x3C, 0xF1, 0x88, 0x74, 0x7F, 0x71,
    0x56, 0x82, 0x9B, 0xB6, 0x8F, 0x6B, 0x3B, 0x49, 0xAB, 0x52, 0x4C, 0x91, 0xBB, 0x0B, 0xE3, 0xB4,
    0x42, 0xEE, 0x79, 0xBD, 0xD3, 0x34, 0x38, 0x01, 0x54, 0x30, 0xFF, 0x9D, 0xD1, 0xF3, 0x66, 0xD0,
    0x32, 0x78, 0x79, 0x38, 0x50, 0x39, 0xD9, 0x6E, 0x20, 0xD3, 0x02, 0x09, 0xD5, 0x54, 0x92, 0x2C,
    0x2F, 0xDE, 0x86, 0xDA, 0x60, 0x8D, 0x7F, 0xA0, 0x2D, 0x29, 0xBC, 0x0E, 0xBE, 0x0D, 0x5E, 0x8F,
    0xE8, 0xDF, 0x68, 0x02, 0x10, 0x69, 0x41, 0x29, 0xD2, 0x72, 0x59, 0xAA, 0xD5, 0x88, 0x33, 0x6C,
    0xBD, 0x86, 0x6D, 0x48, 0xCF, 0x31, 0x24, 0x5A, 0xA5, 0x30, 0xCE, 0x46, 0x1C, 0xA2, 0xD3, 0xA7,
    0x80, 0xFA, 0x68, 0xE3, 0xA9, 0xBE, 0x09, 0x8E, 0xF1, 0x2B, 0xD6, 0xEA, 0x06, 0x2D, 0xC3, 0x59,
    0x49, 0x59, 0xD7, 0xCD, 0x52, 0x9B, 0x61, 0xAD, 0x85, 0x72, 0xFF, 0x9D, 0xDF, 0x50, 0xC1, 0xE9,
    0x32, 0xE8, 0x43, 0x0E, 0x8C, 0x88, 0xD3, 0x89, 0x3A, 0xFE, 0xF6, 0xE6, 0xB9, 0x9F, 0xA3, 0x81,
    0xCB, 0x42, 0x6C, 0x28, 0xD0, 0x10, 0xAC, 0xB6, 0xAC, 0x29, 0xFC, 0x89, 0xF2, 0x24, 0xE3, 0xF1,
    0x5F, 0xE8, 0x08, 0xAE, 0x0F, 0x7C, 0x00, 0x62, 0x88, 0xC4, 0xB1, 0x55, 0xD8, 0xA9, 0x7C, 0x28,
    0xED, 0x8C, 0xED, 0xAD, 0x99, 0xC5, 0xD7, 0xCC, 0x2C, 0xEC, 0x98, 0x59, 0x80, 0x6A, 0x0C, 0xFC,
    0x07, 0xCF, 0x2C, 0x66, 0x4F, 0xD3, 0x6E, 0xCC, 0x2C, 0x3C, 0xCD, 0x2C, 0x02, 0xCD, 0x2C, 0x22,
    0xA7, 0x0A, 0x9A, 0x59, 0xE8, 0xDA, 0x7B, 0x37, 0x34, 0x86, 0xB7, 0x0B, 0x5F, 0xEB, 0xCA, 0x05,
    0x2E, 0x41, 0x4D, 0xBE, 0xD0, 0x32, 0x1B, 0x85, 0xE2, 0xA4, 0xA2, 0x35, 0x99, 0x45, 0xB6, 0x51,
    0xFE, 0x15, 0xD9, 0xC6, 0x88, 0xDE, 0x89, 0x4D, 0x20, 0x28, 0x61, 0x84, 0x4B, 0xAF, 0x52, 0xE2,
    0xA2, 0xBA, 0xEE, 0x51, 0x27, 0xD7, 0x7E, 0x2A, 0x33, 0xCA, 0xC6, 0xCC, 0xE7, 0xFF, 0x9E, 0x74,
    0x7C, 0xAD, 0x4A, 0x5B, 0xF1, 0xD7, 0x3F, 0x18, 0x1D, 0xE4, 0x77, 0x23, 0xAD, 0x5D, 0xB0, 0xA5,
    0x60, 0x73, 0xAA, 0x8E, 0x09, 0x56, 0xA9, 0x36, 0x74, 0x44, 0x43, 0x08, 0x2C, 0x68, 0xCD, 0x56,
    0x67, 0x3C, 0x9B, 0xB1, 0x6C, 0x5B, 0x33, 0xB9, 0x4C, 0x47, 0x23, 0x47, 0xC4, 0xF5, 0x09, 0x90,
    0x5E, 0x67, 0xE8, 0xB5, 0xB5, 0xD3, 0x6E, 0xD3, 0xD6, 0xB8, 0x58, 0xE9, 0xEE, 0xC4, 0xC0, 0x70,
    0xCB, 0x2A, 0x3F, 0x0A, 0x89, 0xF2, 0xBD, 0xB5, 0x31, 0xE9, 0x2F, 0xE0, 0x48, 0xBE, 0x9C, 0x25,
    0xFD, 0x58, 0x64, 0x55, 0xCB, 0xCC, 0xF2, 0x12, 0x02, 0x39, 0x61, 0x97, 0xF9, 0xF1, 0x54, 0x58,
    0x62, 0x3D, 0x8C, 0x75, 0x96, 0x5D, 0x7A, 0xAB, 0xEF, 0xFA, 0xAC, 0x6C, 0x83, 0xBE, 0xE8, 0x23,
    0x86, 0x01, 0xFA, 0x1E, 0x3E, 0x30, 0xB3, 0xAB, 0xE0, 0x64, 0xE7, 0x00, 0xD1, 0x26, 0xD2, 0xCB,
    0xE5, 0x10, 0x14, 0x80, 0x2C, 0x2A, 0xC2, 0x4E, 0xC9, 0x22, 0xAF, 0x0E, 0xAE, 0x56, 0x9C, 0x60,
    0x50, 0x20, 0xF7, 0x02, 0x18, 0xCF, 0xB0, 0x59, 0x91, 0xE5, 0x96, 0xC9, 0x7D, 0xFF, 0x0D, 0xE2,
    0xF5, 0x5A, 0xE5, 0xEE, 0x58, 0xF6, 0x01, 0x3A, 0xDD, 0x7D, 0x6B, 0x54, 0xFD, 0xFF, 0x59, 0xFA,
    0x9F, 0x33, 0xA4, 0xF6, 0x42, 0x7E, 0x5C, 0x21, 0x37, 0xE9, 0xC7, 0xC1, 0xBC, 0xB4, 0xEB, 0x6B,
    0x24, 0x18, 0x79, 0x91, 0x27, 0xA8, 0xF4, 0x3F, 0xE6, 0x0C, 0x63, 0x9F, 0x8C, 0x7D, 0x7C, 0xEF,
    0xFE, 0x6F, 0x5F, 0xFA, 0xDF, 0xBF, 0xA5, 0x1E, 0xE9, 0x64, 0xAA, 0x94, 0x44, 0xD9, 0x76, 0x07,
    0xF6, 0x79, 0x21, 0x94, 0x25, 0x45, 0x16, 0xC0, 0xC2, 0x31, 0xB0, 0x3F, 0xFD, 0x1D, 0x06, 0xF6,
    0x79, 0xEC, 0x26, 0xCF, 0x08, 0xAE, 0xB1, 0xD3, 0xEB, 0x70, 0x7A, 0xD7, 0xCE, 0xAF, 0xB5, 0x8B,
    0x3A, 0xED, 0xE2, 0x3E, 0xB0, 0xEB, 0x1F, 0x4D, 0xE3, 0x29, 0x35, 0x7A, 0x0A, 0x73, 0xB3, 0x6B,
    0xAF, 0x4F, 0xBD, 0xC1, 0xFD, 0xE0, 0xD6, 0xEE, 0x92, 0xEB, 0x36, 0xA8, 0x5C, 0x53, 0x99, 0xB0,
    0xB3, 0x1E, 0xC1, 0x82, 0x6F, 0xAF, 0x55, 0x3C, 0xD3, 0x28, 0x9D, 0xEA, 0xEF, 0x3A, 0x2B, 0xEA,
    0x23, 0x73, 0x0B, 0x87, 0x19, 0x0D, 0x39, 0x8C, 0xD6, 0xDE, 0x80, 0x0D, 0xDB, 0xAA, 0x84, 0x64,
    0x55, 0xBC, 0xCE, 0xB8, 0x5D, 0x43, 0x72, 0x58, 0x5A, 0x91, 0x92, 0x26, 0x4D, 0xC5, 0xD5, 0xE3,
    0xB1, 0x80, 0x96, 0x9B, 0x10, 0x38, 0x5C, 0xA6, 0x1B, 0x6B, 0xC7, 0x3A, 0x09, 0x53, 0x4F, 0x67,
    0x47, 0xB7, 0x35, 0x34, 0x66, 0x3D, 0x59, 0x91, 0xDD, 0x9E, 0x6E, 0xC4, 0x79, 0xD5, 0x8B, 0x7E,
    0x4B, 0xA5, 0xDA, 0x85, 0x0F, 0xAF, 0xB9, 0xB5, 0xEA, 0xEE, 0x6A, 0xEE, 0xAE, 0xE2, 0xEE, 0xEA,
    0xED, 0xAE, 0xDA, 0xEE, 0x6A, 0xED, 0xAE, 0xD2, 0xEE, 0xEA, 0xEC, 0xEE, 0x18, 0xC1, 0xD5, 0xD8,
    0x5D, 0x85, 0xDD, 0xD5, 0xD7, 0x5D, 0x75, 0xDD, 0xD5, 0xD6, 0x5D, 0x65, 0xDD, 0xD5, 0xD5, 0x5D,
    0x55, 0x7D, 0xAC, 0xA9, 0xDB, 0x59, 0xE0, 0xF2, 0xC7, 0xEA, 0xB9, 0x99, 0x17, 0xA1, 0x95, 0xAE,
    0x40, 0x23, 0x5C, 0x3B, 0xB3, 0x46, 0x16, 0xC3, 0x59, 0x0B, 0x17, 0x96, 0xC2, 0x85, 0x95, 0x70,
    0x61, 0x91, 0xFB, 0x3E, 0x0D, 0x2B, 0xE0, 0xC2, 0x02, 0xF8, 0x5C, 0x2B, 0x9E, 0x5F, 0x1C, 0x4E,
    0xB9, 0x28, 0xE9, 0x8E, 0x1D, 0xDC, 0xD1, 0xB4, 0xCB, 0xF8, 0x56, 0x56, 0xB4, 0xFA, 0xBE, 0xB2,
    0x18, 0x8F, 0xA7, 0x17, 0xDB, 0x98, 0xF7, 0x09, 0x22, 0x93, 0x9E, 0x52, 0x19, 0x5C, 0x43, 0xA6,
    0x65, 0x47, 0x2D, 0x76, 0xDF, 0x44, 0x5C, 0xFB, 0xB8, 0x91, 0xE0, 0x4A, 0x83, 0x98, 0x58, 0xB9,
    0x0A, 0xDA, 0xC3, 0xE7, 0x7F, 0x3C, 0xFF, 0x5E, 0x54, 0x56, 0x46, 0x38, 0xEC, 0xCE, 0x04, 0x44,
    0x9A, 0x27, 0x33, 0x0D, 0x1C, 0x13, 0xE3, 0x76, 0x76, 0x9C, 0x11, 0xCF, 0x44, 0xA3, 0x00, 0x44,
    0x37, 0xED, 0x31, 0x65, 0x85, 0x20, 0x6A, 0xAE, 0x3C, 0xCE, 0x90, 0x22, 0x15, 0xD0, 0xB3, 0x7A,
    0x7B, 0x4F, 0x26, 0x19, 0x61, 0x21, 0x44, 0x98, 0x17, 0xE5, 0xB5, 0x8A, 0xE5, 0x78, 0x9B, 0xDD,
    0x56, 0x8E, 0x8F, 0x15, 0x16, 0x1A, 0x05, 0x7E, 0x3D, 0xDB, 0xB0, 0x25, 0x2C, 0x4C, 0x2A, 0x02,
    0xC2, 0x9C, 0xB0, 0xF0, 0x8F, 0x84, 0x3C, 0xE6, 0x66, 0x4B, 0x58, 0x08, 0xD5, 0x01, 0x2C, 0xB4,
    0x8B, 0x4F, 0x34, 0x62, 0x2D, 0xC7, 0x1B, 0xCB, 0x72, 0xFC, 0xAA, 0x42, 0xD0, 0xDD, 0xF3, 0xAF,
    0x2B, 0x5C, 0x75, 0x89, 0xAE, 0x76, 0x84, 0x6B, 0xFC, 0xF6, 0xE0, 0x7B, 0x0A, 0xF9, 0x0E, 0x78,
    0x76, 0x68, 0xC3, 0x26, 0xAF, 0x1D, 0xE4, 0xCB, 0x5B, 0x73, 0xC5, 0xB6, 0xF9, 0xD5, 0xCF, 0xDA,
    0xFC, 0x1A, 0xE0, 0x5E, 0x8F, 0xAB, 0x75, 0x90, 0x2F, 0x05, 0xE4, 0x7B, 0x07, 0xD6, 0x7E, 0x80,
    0x93, 0x1E, 0xDC, 0xA7, 0xDC, 0xEA, 0xA9, 0x57, 0xFA, 0x3B, 0xCA, 0x37, 0xF8, 0x5C, 0xD5, 0xFE,
    0xD4, 0x0F, 0xB6, 0xDB, 0x1C, 0xDE, 0x7C, 0x11, 0x9C, 0x02, 0xFA, 0xBD, 0x03, 0xA7, 0x91, 0x32,
    0xD3, 0x39, 0x06, 0x07, 0x73, 0x05, 0x73, 0x16, 0x8F, 0xA2, 0xFE, 0x5E, 0xB6, 0xA0, 0xDF, 0x41,
    0xEE, 0x8E, 0x49, 0x9D, 0x54, 0x41, 0xB6, 0xED, 0xE6, 0x2F, 0x5A, 0xE2, 0xF1, 0xF1, 0xDB, 0xE0,
    0x3F, 0x11, 0x09, 0x8A, 0xF3, 0xE2, 0xF1, 0xEB, 0xA0, 0x87, 0xE4, 0x75, 0x3F, 0x53, 0x56, 0xF3,
    0x29, 0x33, 0xC3, 0x2F, 0x27, 0x2C, 0x8F, 0xBE, 0xCD, 0xD3, 0xF5, 0x68, 0x1E, 0x39, 0x2D, 0x93,
    0xD2, 0x1F, 0x6E, 0x30, 0x92, 0xFC, 0x80, 0xCD, 0x33, 0x6C, 0x76, 0xCE, 0xA3, 0xCB, 0x71, 0x36,
    0xA0, 0xC4, 0xFE, 0xAC, 0xA6, 0x27, 0x50, 0x24, 0x59, 0x8F, 0xF7, 0x06, 0x90, 0x35, 0x7B, 0xCF,
    0x53, 0x90, 0xC7, 0x30, 0x16, 0x63, 0xBE, 0xB5, 0x7C, 0x01, 0x07, 0xE5, 0xC5, 0x3D, 0x72, 0xD9,
    0x88, 0x49, 0x8A, 0xF8, 0xC7, 0x55, 0xF8, 0x49, 0xED, 0x57, 0x8D, 0x14, 0x07, 0xE4, 0xE5, 0xC2,
    0xBF, 0xD9, 0x46, 0x55, 0x9F, 0x64, 0x97, 0x80, 0x70, 0xCC, 0xFA, 0x07, 0xB9, 0x22, 0x7C, 0x00,
    0x1B, 0x53, 0x7F, 0x2F, 0x1D, 0x36, 0x62, 0x3B, 0x09, 0x20, 0x82, 0x3D, 0x20, 0x99, 0x41, 0x95,
    0x30, 0x95, 0x41, 0x46, 0x64, 0x83, 0xB9, 0xC9, 0x39, 0xAF, 0xFA, 0xDB, 0x31, 0xA0, 0xEB, 0xC0,
    0x3E, 0x5B, 0xFF, 0x9B, 0xCE, 0xAF, 0x5E, 0x95, 0x6C, 0xF9, 0xC1, 0xA9, 0x3F, 0x04, 0x60, 0x56,
    0xC2, 0xFD, 0x24, 0x7F, 0xE8, 0x60, 0xAD, 0x48, 0xEB, 0x56, 0xDC, 0x69, 0xB8, 0xC7, 0xC2, 0x41,
    0x3A, 0x75, 0x27, 0x4C, 0x0F, 0x7B, 0xA5, 0xD3, 0xB1, 0xAC, 0x8B, 0x8C, 0x68, 0x49, 0x4C, 0x5A,
    0xA4, 0x3F, 0xA9, 0xE2, 0xAB, 0x75, 0x70, 0xA5, 0x95, 0xE6, 0xBC, 0x1C, 0x3F, 0xC0, 0x0C, 0xF2,
    0x64, 0x43, 0x10, 0x6F, 0x6A, 0x7A, 0xF8, 0x3B, 0xFF, 0x99, 0x86, 0x11, 0x9F, 0x66, 0x06, 0x07,
    0x09, 0xC8, 0x55, 0xAD, 0xFA, 0xCD, 0xAB, 0x0C, 0x40, 0x8F, 0x74, 0x1A, 0x2A, 0x4A, 0x9E, 0x99,
    0xCA, 0xEA, 0xAF, 0xE4, 0xD5, 0x58, 0x96, 0xBD, 0xBF, 0xE6, 0x28, 0xF4, 0x22, 0x1D, 0xBA, 0x37,
    0xE8, 0xF9, 0x50, 0xFE, 0x06, 0xBD, 0x6E, 0xE4, 0x3E, 0x26, 0x69, 0x57, 0xB6, 0xFB, 0x28, 0x74,
    0xCF, 0x12, 0x74, 0xF0, 0x8D, 0x4A, 0x92, 0xDF, 0x54, 0x12, 0x7D, 0x02, 0x05, 0xAA, 0x31, 0x41,
    0xFB, 0x16, 0xFC, 0xC5, 0xF2, 0xC3, 0x1F, 0x85, 0xCA, 0x2E, 0x75, 0x39, 0x44, 0xD3, 0xE2, 0x36,
    0x23, 0x68, 0x0E, 0xE9, 0x91, 0xF0, 0xD2, 0xB6, 0x1F, 0xFD, 0xCE, 0x50, 0x13, 0x43, 0xE6, 0x26,
    0x94, 0xB7, 0x39, 0x28, 0x92, 0xED, 0x78, 0x68, 0x5E, 0xA3, 0xA3, 0xDC, 0xCE, 0xF4, 0x33, 0x6E,
    0x67, 0x74, 0x5D, 0xF5, 0x6E, 0x43, 0xB1, 0xA0, 0x3A, 0xA9, 0xB9, 0x41, 0x37, 0x24, 0xE2, 0x75,
    0x82, 0x76, 0xAB, 0x89, 0xFC, 0xE0, 0x69, 0x2D, 0x4D, 0x6E, 0x69, 0x79, 0xDF, 0xD7, 0x77, 0xF4,
    0x7C, 0xD6, 0xD5, 0xE1, 0x06, 0xE8, 0x39, 0x2B, 0x70, 0xAD, 0xB6, 0x3D, 0x5B, 0xFD, 0x52, 0x68,
    0xF0, 0xC7, 0x5F, 0xA9, 0xE5, 0x43, 0x0D, 0x23, 0x2A, 0x3B, 0x12, 0xC2, 0x2E, 0x74, 0x0A, 0xFB,
    0x8B, 0x02, 0x7B, 0x8B, 0xAD, 0xC5, 0xCE, 0x62, 0x63, 0xB9, 0xAF, 0xD8, 0x56, 0xEC, 0xEA, 0xA9,
    0x97, 0xF6, 0x7D, 0x63, 0xD3, 0x9B, 0x36, 0x9E, 0xBE, 0x1D, 0x4D, 0xBE, 0x4D, 0x6D, 0x9D, 0xA4,
    0x7E, 0x2A, 0x33, 0x28, 0x2E, 0xA9, 0xDA, 0xE4, 0x6B, 0x8A, 0x6B, 0x0F, 0xCB, 0xB9, 0xED, 0x66,
    0x6D, 0xDC, 0x45, 0x6C, 0x22, 0xF6, 0x10, 0x5B, 0x88, 0x1D, 0x7C, 0x70, 0xBE, 0xCE, 0x24, 0x0B,
    0x68, 0x60, 0x3E, 0xE5, 0x8C, 0xA1, 0x83, 0x06, 0x17, 0x0E, 0x6E, 0xF7, 0x39, 0xDB, 0xD2, 0x51,
    0xC0, 0x81, 0xDF, 0x21, 0xEF, 0xFB, 0x3D, 0xC2, 0xE4, 0x1F, 0x61, 0x3F, 0xED, 0x45, 0x20, 0x41,
    0x90, 0xB5, 0xFB, 0xA9, 0x47, 0x38, 0x9F, 0xDE, 0xE9, 0xA0, 0x81, 0xAE, 0xA2, 0xA6, 0xE0, 0x29,
    0x34, 0xF0, 0xAA, 0x60, 0xFB, 0xCF, 0xA1, 0xC7, 0xC4, 0x85, 0x38, 0x04, 0xAE, 0x55, 0x4E, 0x21,
    0x96, 0xD0, 0xB9, 0x3E, 0x2C, 0xAF, 0x2C, 0x17, 0x94, 0xB0, 0xFD, 0x2E, 0x2D, 0xE2, 0x3A, 0xAC,
    0xD2, 0x2A, 0xA8, 0x4C, 0xED, 0x55, 0x4C, 0x3C, 0xD2, 0x81, 0x45, 0xBF, 0x1A, 0x18, 0x66, 0xA2,
    0x55, 0x45, 0xA8, 0x43, 0x01, 0x5A, 0x58, 0x5E, 0xAB, 0xDF, 0x42, 0x38, 0x39, 0x85, 0xE8, 0x71,
    0x06, 0xB9, 0xFB, 0xAA, 0xD0, 0xFC, 0x4B, 0x47, 0xE6, 0xCF, 0x33, 0x77, 0x32, 0xA5, 0x45, 0xB6,
    0xDA, 0x61, 0x66, 0x1A, 0x01, 0xBF, 0xBC, 0xA5, 0x0C, 0x89, 0xBC, 0xD6, 0x25, 0xBA, 0x56, 0x25,
    0x47, 0xEB, 0x34, 0x6B, 0x4C, 0xC3, 0x08, 0x16, 0xF3, 0xD3, 0xC2, 0x7A, 0x39, 0x6F, 0x5E, 0x8D,
    0xDB, 0x95, 0xB0, 0x59, 0x05, 0x6A, 0xB7, 0x99, 0xF7, 0x3E, 0xD3, 0x20, 0xE7, 0x9A, 0x18, 0x58,
    0xF1, 0xEB, 0x57, 0xA0, 0x72, 0xFC, 0xAA, 0x66, 0x87, 0xCC, 0x80, 0x78, 0xC8, 0x1A, 0x01, 0x68,
    0x4B, 0x7F, 0x6B, 0xBF, 0x2E, 0x21, 0x49, 0x5B, 0xC5, 0xF2, 0x16, 0x5A, 0x82, 0x1B, 0x5B, 0x79,
    0x32, 0x96, 0x98, 0x1E, 0xBD, 0xF5, 0xB5, 0x9E, 0x95, 0xDA, 0xE9, 0x02, 0x0F, 0xBC, 0xE8, 0xF2,
    0x03, 0xDD, 0x95, 0x72, 0x4B, 0x6D, 0x36, 0xD2, 0x36, 0xCE, 0x16, 0x39, 0xC4, 0x81, 0xD9, 0x37,
    0x5E, 0x0A, 0xF9, 0x36, 0x8F, 0x1B, 0x3B, 0x49, 0x87, 0xF7, 0x69, 0x75, 0x77, 0xFE, 0x43, 0xF2,
    0x6D, 0x2F, 0xFA, 0x0E, 0xF6, 0xBC, 0xA4, 0x19, 0x1E, 0xE6, 0xC6, 0xC4, 0x61, 0xC5, 0x02, 0xCF,
    0x2B, 0x3A, 0x19, 0x37, 0x2D, 0x64, 0xD9, 0x25, 0x69, 0x58, 0xF9, 0x63, 0x2D, 0xE7, 0x15, 0xDA,
    0xEB, 0x41, 0x36, 0x3B, 0x5C, 0x62, 0xAB, 0xD5, 0x29, 0x4D, 0x77, 0x59, 0x28, 0xD2, 0xCF, 0x2F,
    0x53, 0x7A, 0x83, 0x92, 0x2C, 0x9C, 0x53, 0x27, 0xE5, 0xB3, 0x12, 0xEB, 0x29, 0x7B, 0xAE, 0x29,
    0x46, 0x7E, 0xBC, 0x79, 0x99, 0x01, 0x5A, 0xBA, 0xCC, 0xA9, 0x36, 0x88, 0x47, 0x2D, 0x37, 0xF8,
    0xE4, 0x40, 0xC6, 0xD6, 0x33, 0xA1, 0x6F, 0x49, 0xCB, 0x1E, 0x89, 0x5A, 0x2F, 0x87, 0x99, 0x20,
    0x05, 0xE3, 0xB1, 0x45, 0x52, 0xE8, 0x54, 0x21, 0x11, 0x29, 0xB3, 0x2D, 0xEA, 0xB5, 0xCE, 0x38,
    0x5E, 0xDE, 0xC0, 0x83, 0x67, 0xAD, 0x5A, 0x2D, 0x83, 0xAB, 0xB2, 0x74, 0x79, 0x2E, 0x60, 0x6E,
    0xB8, 0xF8, 0xFC, 0xC1, 0x7D, 0x37, 0x9D, 0x34, 0x5B, 0x6B, 0x06, 0x8A, 0x48, 0x52, 0x64, 0x91,
    0x00, 0x25, 0x63, 0x2D, 0xB4, 0xB8, 0x4F, 0x6B, 0xD7, 0xD7, 0xD9, 0x32, 0x1B, 0x0C, 0x86, 0xB5,
    0xB5, 0xFB, 0xBE, 0xAF, 0xAD, 0x9B, 0xDF, 0xAD, 0x35, 0x2E, 0xFC, 0x15, 0xA2, 0x13, 0xC1, 0x89,
    0x7A, 0xDD, 0x66, 0x5E, 0x36, 0x74, 0xDF, 0x87, 0xDE, 0xF6, 0x55, 0xE7, 0xFC, 0x7A, 0x59, 0xE2,
    0xEB, 0xFC, 0x7A, 0xD3, 0xB6, 0xF1, 0x24, 0xB9, 0xB7, 0x59, 0x76, 0x71, 0x97, 0x0F, 0xAE, 0x70,
    0xF1, 0xBF, 0x7D, 0x53, 0x3D, 0x8F, 0xDB, 0x46, 0x10, 0x7D, 0x24, 0x4F, 0x47, 0xDB, 0x04, 0x6E,
    0x55, 0xD8, 0x85, 0x61, 0xE3, 0xE8, 0x00, 0x2E, 0x2E, 0x17, 0x48, 0x6C, 0x0F, 0x86, 0xC4, 0x5D,
    0xE4, 0x0F, 0x58, 0x45, 0xAE, 0x48, 0x61, 0x98, 0x45, 0x2A, 0x57, 0x2E, 0x14, 0xC0, 0x08, 0x4E,
    0xE1, 0x22, 0x7F, 0x20, 0xFA, 0x09, 0x2E, 0x5C, 0x5D, 0x63, 0x15, 0x2E, 0x04, 0xE7, 0x22, 0x6E,
    0xE0, 0x32, 0xCD, 0xFE, 0x84, 0x6D, 0x82, 0xB8, 0x9C, 0x00, 0x2C, 0x14, 0x87, 0xBE, 0xF5, 0x2C,
    0x2F, 0x89, 0x7D, 0xCE, 0xC7, 0xEE, 0x50, 0xE2, 0x72, 0x66, 0x67, 0x67, 0xDF, 0x7B, 0x03, 0x6C,
    0x20, 0x91, 0xEB, 0xD4, 0x44, 0x16, 0x15, 0x90, 0x39, 0x61, 0x0A, 0x35, 0xC5, 0x1C, 0x4B, 0x00,
    0x89, 0xE1, 0x35, 0x8D, 0xD7, 0x93, 0xC9, 0x6A, 0x0F, 0x61, 0xC4, 0xCA, 0x09, 0x6F, 0x0A, 0xAF,
    0xBE, 0xFE, 0x12, 0x43, 0x40, 0x7A, 0xD7, 0x78, 0xF7, 0xE8, 0x54, 0x07, 0x9F, 0xF4, 0xDE, 0x84,
    0xA7, 0x0F, 0xC4, 0x6A, 0x6F, 0x3D, 0xAE, 0xDF, 0x16, 0xDB, 0x48, 0x01, 0x85, 0x96, 0xB6, 0xB6,
    0xD2, 0x5C, 0xC3, 0x41, 0xAC, 0x1A, 0xE1, 0xFC, 0x43, 0xF2, 0x82, 0x3E, 0x4D, 0x79, 0x5B, 0xDE,
    0x96, 0xDD, 0x51, 0x17, 0xB7, 0x89, 0x81, 0xDE, 0x5D, 0x8E, 0xB7, 0x13, 0x1E, 0xD3, 0x89, 0x70,
    0xBB, 0xDF, 0x69, 0xF1, 0xB3, 0xCB, 0xBF, 0x37, 0xB2, 0x50, 0x93, 0x29, 0x56, 0x73, 0xE8, 0x19,
    0x66, 0x83, 0xF9, 0xFE, 0x64, 0x92, 0xB7, 0x82, 0x12, 0x13, 0x69, 0x50, 0x18, 0x9C, 0xFE, 0x9E,
    0xFD, 0xB6, 0x9F, 0xDF, 0xD8, 0x4F, 0xD4, 0xC1, 0x4D, 0x6C, 0x24, 0x64, 0xAE, 0xF3, 0xFB, 0x26,
    0x7B, 0x65, 0x62, 0xE3, 0xA0, 0x87, 0x7D, 0x75, 0x40, 0xA3, 0xD0, 0x60, 0x3A, 0xBA, 0x2D, 0xF5,
    0x3A, 0xF7, 0x94, 0x7A, 0xD5, 0x17, 0x9A, 0xB7, 0xB2, 0x5B, 0x2C, 0x56, 0x7B, 0xC3, 0x9D, 0x48,
    0x0B, 0x3B, 0xC5, 0x19, 0x07, 0xD5, 0x46, 0x9A, 0x5D, 0xDE, 0x52, 0x9B, 0xC2, 0xA6, 0x36, 0x65,
    0x44, 0xEE, 0x42, 0x18, 0xBE, 0x84, 0x5E, 0x60, 0xCA, 0x68, 0xF1, 0xE1, 0x68, 0x74, 0x63, 0xA5,
    0x4B, 0x5C, 0x62, 0x0B, 0x7D, 0xC4, 0x79, 0xFE, 0x07, 0xC7, 0x21, 0xE8, 0x06, 0x79, 0x7A, 0x44,
    0x20, 0x58, 0x5E, 0xF0, 0xF4, 0xF4, 0x66, 0x49, 0x78, 0x8A, 0xC3, 0xA5, 0xA7, 0xE3, 0xF0, 0xE1,
    0x29, 0x63, 0xD0, 0x45, 0x1D, 0xCE, 0x0A, 0x3A, 0xC4, 0xA0, 0x5C, 0xD1, 0x0B, 0x89, 0x0C, 0x82,
    0x67, 0xED, 0xBC, 0x43, 0xF8, 0x25, 0xD1, 0xAF, 0x79, 0xA8, 0xC4, 0x24, 0x46, 0x76, 0x9F, 0xBD,
    0x4E, 0x4C, 0xAC, 0x07, 0x33, 0xD9, 0x1D, 0x3E, 0x43, 0xDA, 0x22, 0xDD, 0xBE, 0xB7, 0xAC, 0x45,
    0x46, 0x6C, 0x43, 0x41, 0x27, 0xC2, 0x36, 0x8D, 0xA9, 0xCF, 0x31, 0x58, 0xE2, 0x50, 0xF3, 0xA5,
    0xFE, 0x34, 0x19, 0xEC, 0x8E, 0xFC, 0x69, 0x5B, 0xBC, 0x6A, 0xC5, 0xAF, 0x0C, 0x88, 0xC6, 0x57,
    0x7C, 0x05, 0xC9, 0xD7, 0x62, 0xAE, 0xD4, 0x47, 0x5C, 0x7D, 0xC8, 0xCE, 0xCD, 0x1E, 0xA1, 0xCC,
    0x86, 0x32, 0x72, 0x5C, 0x0F, 0x4A, 0x51, 0x82, 0x93, 0x35, 0x2E, 0x76, 0x91, 0x69, 0x18, 0x25,
    0x54, 0xB1, 0xC9, 0x54, 0x8E, 0x92, 0x67, 0xFD, 0x40, 0x76, 0x45, 0xCB, 0x42, 0xB8, 0x20, 0xEC,
    0xC6, 0x17, 0xDE, 0xBF, 0x79, 0x4E, 0x62, 0x79, 0x75, 0x59, 0x55, 0x44, 0xAC, 0x20, 0x2B, 0x9F,
    0x9B, 0xAB, 0xD7, 0x3E, 0xA6, 0xF7, 0x1F, 0xEA, 0x7B, 0x2F, 0x29, 0x41, 0xB2, 0xDB, 0x6C, 0x48,
    0xCC, 0x06, 0x0C, 0x6E, 0x34, 0x5B, 0xA5, 0xDE, 0xE6, 0x5E, 0x1F, 0x1D, 0x07, 0x4D, 0xD6, 0xDE,
    0x79, 0x4F, 0xA7, 0xFF, 0xA6, 0xC9, 0xCB, 0xEB, 0x0F, 0xDF, 0x19, 0xBC, 0xAA, 0xF0, 0x9F, 0x53,
    0xED, 0xBD, 0x6D, 0x33, 0xAF, 0x14, 0xD6, 0x68, 0x3C, 0xF9, 0x90, 0x2B, 0xFC, 0x05, 0x06, 0x1C,
    0x62, 0xCB, 0x35, 0x21, 0xD3, 0x81, 0x84, 0x31, 0x30, 0x01, 0x9E, 0x80, 0xA9, 0x8B, 0x08, 0xC9,
    0x85, 0x47, 0x5D, 0xF2, 0xAC, 0x42, 0xE6, 0x2B, 0xC0, 0xA8, 0xFF, 0xB0, 0x0E, 0xA1, 0xB1, 0x0B,
    0x71, 0x69, 0x9F, 0x21, 0x07, 0x6B, 0x29, 0x78, 0x5E, 0xFC, 0xA7, 0x67, 0x0E, 0x3C, 0x5B, 0x08,
    0x31, 0xDA, 0x72, 0x84, 0x20, 0xE1, 0xFD, 0xE9, 0x29, 0x0B, 0xCF, 0x9F, 0x37, 0x6D, 0xDE, 0xE6,
    0xE7, 0xFC, 0xC2, 0x07, 0x14, 0xF7, 0x0D, 0xF7, 0xE0, 0x6F, 0xBF, 0x3B, 0x4E, 0xC2, 0xA3, 0x5A,
    0x36, 0x8E, 0xFB, 0xCD, 0xBC, 0xE4, 0x8A, 0x07, 0xA3, 0x93, 0xB3, 0x72, 0x7A, 0x54, 0x5D, 0x16,
    0xE7, 0x4E, 0x59, 0x9E, 0xAC, 0x57, 0xEC, 0x86, 0xCE, 0x42, 0x2F, 0x63, 0x7E, 0x1C, 0x36, 0x8E,
    0x99, 0xBF, 0xDC, 0xFC, 0xCD, 0xE8, 0x0E, 0x67, 0xEE, 0xBB, 0xA6, 0x0C, 0x95, 0xEC, 0xCC, 0xD5,
    0xE6, 0x07, 0xC7, 0x42, 0x60, 0x3B, 0x88, 0xF5, 0x08, 0xE7, 0x78, 0x0B, 0x5F, 0x35, 0x2C, 0x14,
    0x60, 0xFF, 0x09, 0xD1, 0x8F, 0xFB, 0x55, 0xE8, 0x07, 0x3E, 0xF8, 0x0F, 0xF7, 0x57, 0xD1, 0xA1,
    0xEF, 0xAE, 0x94, 0x0A, 0xD1, 0x59, 0xCE, 0x08, 0xB6, 0xB8, 0xA8, 0x37, 0x1C, 0x76, 0xCB, 0xBF,
    0x46, 0x1A, 0x50, 0x95, 0xBF, 0xE0, 0x56, 0x17, 0xBA, 0xE7, 0x36, 0x27, 0xA5, 0xB2, 0x3D, 0xC1,
    0xE2, 0x71, 0x41, 0xB1, 0x7A, 0x07, 0x63, 0xFA, 0xC2, 0xC0, 0xC0, 0xC0, 0xFF, 0x0F, 0x48, 0xD8,
    0xFF, 0x77, 0x60, 0x60, 0xB0, 0xDC, 0x7F, 0x00, 0xC8, 0x64, 0xBE, 0x00, 0x24, 0x18, 0x1F, 0x00,
    0x09, 0x86, 0x0F, 0x20, 0x62, 0x03, 0x88, 0xD8, 0x02, 0x22, 0x7E, 0x80, 0x24, 0xFE, 0x80, 0x94,
    0x80, 0x08, 0xF6, 0x37, 0x20, 0xCD, 0x67, 0x81, 0x84, 0xBE, 0x1F, 0xC8, 0x04, 0x7E, 0x20, 0xF1,
    0x8F, 0xDB, 0x01, 0xA8, 0x82, 0xFD, 0xD7, 0x01, 0xE6, 0x3F, 0xCC, 0xFF, 0x0F, 0xF0, 0x7F, 0x60,
    0xFE, 0xDF, 0xC0, 0xFD, 0x81, 0xE1, 0x3F, 0x03, 0x63, 0x03, 0x83, 0x0A, 0x03, 0x00, 0xD5, 0x5C,
    0x3B, 0x90, 0xDD, 0xD6, 0x79, 0x3E, 0x00, 0x48, 0x42, 0x26, 0x24, 0x82, 0x05, 0xD7, 0x91, 0x28,
    0x89, 0x50, 0xA1, 0xC2, 0xB1, 0x49, 0x42, 0x85, 0x3C, 0xB3, 0x93, 0x59, 0x11, 0xB0, 0x34, 0x63,
    0x17, 0x2A, 0xB4, 0xC5, 0x5E, 0x4F, 0x1C, 0x17, 0x54, 0xE1, 0x14, 0xD6, 0x4C, 0x42, 0x16, 0x2A,
    0x38, 0x09, 0x2D, 0x40, 0x56, 0xE1, 0x42, 0x05, 0x37, 0x33, 0x76, 0x32, 0x93, 0x14, 0x62, 0xA1,
    0x42, 0x5E, 0x15, 0xDC, 0x99, 0xA8, 0x60, 0x26, 0x24, 0x01, 0x89, 0x85, 0x67, 0xC2, 0x42, 0x70,
    0x94, 0xD7, 0x8C, 0x27, 0x36, 0xAC, 0x47, 0x94, 0x58, 0x85, 0x40, 0x12, 0x0C, 0x41, 0x0A, 0xC0,
    0xC9, 0xF7, 0xFD, 0x07, 0xF7, 0xEE, 0xDD, 0x07, 0xC9, 0x5D, 0x8A, 0x0F, 0x67, 0xF7, 0xE2, 0x3F,
    0xBB, 0x00, 0xEE, 0xC1, 0x79, 0xFD, 0xFF, 0xFF, 0xFD, 0x8F, 0x03, 0x75, 0x5A, 0x29, 0x65, 0x77,
    0x20, 0x2A, 0x89, 0x41, 0xBC, 0x9C, 0x7F, 0x56, 0xCA, 0xFC, 0x24, 0x5A, 0xB7, 0xCA, 0xD3, 0xDF,
    0x3A, 0xA3, 0x9C, 0x5E, 0x3D, 0x4E, 0xF2, 0x10, 0xC9, 0x76, 0x12, 0x45, 0x32, 0x4F, 0x52, 0x2A,
    0x47, 0x7F, 0xB7, 0x00, 0xD1, 0x05, 0xFF, 0x2D, 0x86, 0x73, 0xBD, 0xDA, 0x3D, 0xB9, 0xCF, 0x22,
    0x71, 0x62, 0x10, 0x1F, 0xF5, 0x8D, 0x12, 0xD6, 0xDC, 0x0F, 0x0F, 0xD9, 0x6D, 0x81, 0xF4, 0x7E,
    0xA1, 0x2C, 0x1D, 0xE2, 0xC1, 0x3A, 0x00, 0x39, 0x6B, 0xDA, 0x71, 0x6F, 0x5A, 0xF0, 0x00, 0x49,
    0xEC, 0x83, 0xB8, 0x79, 0xA0, 0xF1, 0x93, 0x86, 0xA4, 0xF1, 0x21, 0x47, 0xE3, 0xE6, 0x63, 0xA0,
    0xAE, 0x7A, 0x11, 0xD4, 0x41, 0x45, 0x9A, 0xF7, 0x8E, 0x69, 0xD8, 0x90, 0x6A, 0x4D, 0x1A, 0xEB,
    0x9C, 0xE7, 0xA3, 0x52, 0x68, 0x45, 0x1A, 0x1A, 0x5A, 0xAF, 0xA3, 0x15, 0x5A, 0x90, 0x82, 0x26,
    0xBA, 0xC6, 0xFD, 0xF8, 0x89, 0xA4, 0xB7, 0x49, 0x4A, 0x2A, 0x75, 0x5B, 0x32, 0x23, 0x5E, 0x2D,
    0xA7, 0xE5, 0xE2, 0x1E, 0x12, 0x3F, 0x36, 0xF7, 0xE2, 0x1E, 0x1B, 0xD7, 0x9C, 0x74, 0x3C, 0x46,
    0x1D, 0xBA, 0x74, 0x16, 0x55, 0x1F, 0x40, 0xFF, 0x76, 0xE1, 0xD8, 0xC9, 0x6E, 0x6F, 0xE5, 0xF0,
    0x74, 0xAC, 0x32, 0x3D, 0x9E, 0xF7, 0x99, 0x79, 0x8C, 0x05, 0xC6, 0x41, 0x45, 0x1F, 0x07, 0x85,
    0xD2, 0xB1, 0x53, 0x3A, 0x9D, 0xB2, 0x4A, 0xBF, 0x55, 0xAA, 0x0C, 0xF0, 0xE0, 0x79, 0x4E, 0x94,
    0x8A, 0x2E, 0xA2, 0xFF, 0xD1, 0x17, 0xE8, 0x7F, 0x84, 0x16, 0xA0, 0xD3, 0x68, 0x53, 0x24, 0x17,
    0x48, 0xD0, 0x57, 0xB5, 0x9B, 0xDF, 0xA8, 0x5C, 0xD4, 0x5F, 0xD9, 0xAC, 0x45, 0x25, 0x1F, 0x1F,
    0x29, 0xF0, 0x2C, 0x3C, 0x4C, 0xED, 0xC5, 0x33, 0xB6, 0xE3, 0xC8, 0x30, 0xBC, 0x75, 0x98, 0xFA,
    0x85, 0x9B, 0x87, 0xB9, 0x93, 0x47, 0x85, 0x95, 0x47, 0xF8, 0x6A, 0x88, 0x2F, 0x05, 0x98, 0x4E,
    0x5F, 0x37, 0x1C, 0x63, 0xF6, 0x32, 0xC5, 0x37, 0xD9, 0xF9, 0xE2, 0xA8, 0x8A, 0x8A, 0x97, 0x55,
    0x58, 0x1C, 0x57, 0x61, 0x7E, 0x08, 0x03, 0x12, 0xE5, 0x19, 0x2E, 0xA1, 0x31, 0xDF, 0x8B, 0xCD,
    0x78, 0x54, 0xE8, 0x0E, 0xA7, 0x7B, 0xD3, 0x1F, 0xDC, 0x6F, 0x7A, 0xBF, 0x4D, 0xC5, 0x91, 0x5B,
    0x65, 0x27, 0x9A, 0xEC, 0x44, 0x1D, 0x39, 0xE5, 0x97, 0xAC, 0x4D, 0x7E, 0xB4, 0x2E, 0xD1, 0x13,
    0x0C, 0x71, 0x7B, 0x07, 0x0E, 0x8C, 0x8C, 0x57, 0xA9, 0x87, 0xC1, 0x1E, 0xAF, 0xF8, 0xA9, 0x4A,
    0xCE, 0x61, 0x90, 0x6A, 0xB5, 0xF2, 0x93, 0x61, 0x35, 0x72, 0xB9, 0x78, 0xD7, 0x33, 0x59, 0x41,
    0xB6, 0xCC, 0x19, 0xCA, 0xC2, 0x6F, 0x6E, 0x5A, 0xE6, 0xE6, 0x3E, 0x27, 0xF7, 0xD9, 0x5C, 0x96,
    0x5D, 0xD2, 0x4A, 0xD9, 0x7A, 0xBD, 0x29, 0xB9, 0xEA, 0xDD, 0xD4, 0x94, 0x9E, 0xF2, 0x5B, 0xCC,
    0x28, 0xD8, 0x43, 0xFE, 0x7F, 0xF2, 0xA0, 0x29, 0xB3, 0x16, 0xA5, 0xD7, 0xA9, 0xAC, 0x56, 0x61,
    0x87, 0x05, 0x90, 0x14, 0x16, 0xD9, 0x49, 0xED, 0x55, 0xAB, 0x7F, 0x30, 0xA6, 0x32, 0x40, 0x18,
    0x28, 0x5F, 0x1B, 0xFE, 0x1C, 0xF3, 0xE9, 0xE6, 0x4A, 0xF2, 0xA7, 0xAE, 0x4D, 0x79, 0x78, 0x18,
    0x76, 0x47, 0xA7, 0xE6, 0xBA, 0xCE, 0x37, 0x55, 0xA2, 0xBD, 0xF2, 0xFC, 0x17, 0x3A, 0xD3, 0x1E,
    0x5D, 0x4E, 0xDA, 0x47, 0x89, 0xB0, 0x5D, 0x51, 0x22, 0x1C, 0x54, 0x94, 0x08, 0x9D, 0xA2, 0x44,
    0x68, 0xD5, 0x33, 0xF8, 0xCE, 0x71, 0xF5, 0x32, 0xE8, 0x7E, 0x91, 0x08, 0x0F, 0xAC, 0x95, 0x08,
    0xDF, 0x28, 0xA5, 0x71, 0x1C, 0x31, 0xFD, 0x2D, 0x8C, 0x0F, 0xC7, 0x44, 0xE4, 0x42, 0x52, 0x88,
    0x5C, 0xB8, 0x31, 0xF5, 0x70, 0x27, 0x25, 0xC2, 0x47, 0xBA, 0x9D, 0x34, 0xE3, 0x98, 0x9A, 0x08,
    0x04, 0x47, 0xA6, 0xC9, 0x17, 0x51, 0x70, 0xC0, 0x5C, 0xB5, 0xE6, 0xD9, 0x6E, 0x9F, 0xE2, 0x31,
    0x0E, 0x5B, 0x76, 0x2C, 0x12, 0xFA, 0xCE, 0x0F, 0x8C, 0xF8, 0x03, 0xB5, 0x0A, 0x52, 0x27, 0x27,
    0xF5, 0x62, 0x36, 0xEA, 0x9C, 0x19, 0x3D, 0x39, 0x4F, 0x36, 0x75, 0xFA, 0x80, 0xD3, 0xDC, 0xFB,
    0x9D, 0x32, 0x43, 0x22, 0x34, 0x36, 0xC3, 0x24, 0xCD, 0x2F, 0x59, 0x7F, 0x24, 0x63, 0x14, 0xC8,
    0xDA, 0xB2, 0xDE, 0xC2, 0xB1, 0x2C, 0x8D, 0x32, 0x4D, 0xCD, 0x84, 0x06, 0x22, 0x8C, 0xF8, 0xC4,
    0xC9, 0x1C, 0xFB, 0xBA, 0xA7, 0x5C, 0xD1, 0x15, 0x27, 0x2D, 0x29, 0x48, 0x33, 0x52, 0x4B, 0x93,
    0xBA, 0x42, 0x7D, 0x39, 0x33, 0x27, 0x57, 0x6B, 0x52, 0xA7, 0x20, 0xF5, 0x53, 0xD2, 0x83, 0xF2,
    0xAD, 0xD3, 0xA4, 0x58, 0x2E, 0xA4, 0xB9, 0xD0, 0x71, 0x6D, 0x49, 0x61, 0xEA, 0x37, 0xCF, 0x1A,
    0x3F, 0xF9, 0xA4, 0xB4, 0xAD, 0x76, 0x84, 0xBA, 0x42, 0x77, 0xB1, 0x69, 0x66, 0x64, 0xC3, 0xC9,
    0x34, 0x47, 0xBA, 0x0D, 0x75, 0xEA, 0x62, 0x39, 0xB4, 0xB8, 0x98, 0x5B, 0x54, 0x3E, 0xB9, 0x8D,
    0xCB, 0x49, 0xC5, 0x21, 0x8B, 0x6A, 0xCA, 0xD7, 0xA0, 0xF5, 0x38, 0xF0, 0x9D, 0xA8, 0x07, 0xFD,
    0xB8, 0x0C, 0xDF, 0x71, 0xA9, 0x4D, 0xF8, 0xCE, 0xB0, 0x79, 0x32, 0x25, 0xC5, 0x7D, 0x19, 0x07,
    0xDE, 0xAE, 0xAE, 0xBD, 0x22, 0xB7, 0xB4, 0x2B, 0x37, 0x46, 0xF9, 0x7A, 0x4E, 0x88, 0x74, 0x8D,
    0x5E, 0xB8, 0xB2, 0x7A, 0x6D, 0xAD, 0xEE, 0x06, 0xF5, 0xF5, 0xD2, 0xDB, 0x3A, 0xCD, 0x0C, 0xD3,
    0x28, 0xBF, 0x58, 0x59, 0x4B, 0x46, 0xCF, 0x7A, 0xD2, 0x66, 0x57, 0xA8, 0x23, 0x32, 0xD4, 0x32,
    0xCD, 0x7B, 0x82, 0x64, 0x87, 0x34, 0x3D, 0x90, 0x15, 0x18, 0xB5, 0x2B, 0xF4, 0xEF, 0x45, 0xC4,
    0x5C, 0x92, 0xF5, 0xF9, 0x5B, 0x2D, 0x52, 0x84, 0x82, 0xDD, 0xC9, 0xB9, 0x4C, 0xDC, 0x94, 0x7A,
    0xCB, 0x5F, 0xCA, 0xF0, 0x30, 0x23, 0x53, 0x0E, 0x8E, 0x12, 0x54, 0x34, 0x27, 0x02, 0xEB, 0xB8,
    0xA2, 0xDC, 0x69, 0x20, 0x2D, 0x94, 0x55, 0x2B, 0x48, 0x0C, 0xB7, 0x05, 0xA3, 0xC5, 0x91, 0xCE,
    0xF5, 0x8A, 0xE0, 0x34, 0xAA, 0x8D, 0xE2, 0xF4, 0x67, 0xAF, 0x28, 0xD1, 0xC5, 0x64, 0x59, 0x12,
    0xDB, 0x30, 0xDC, 0x34, 0x11, 0x35, 0x71, 0x18, 0x1D, 0xD6, 0x36, 0x46, 0x52, 0x93, 0xC9, 0x35,
    0x57, 0xDB, 0x40, 0xE4, 0x5F, 0x12, 0x2C, 0x6E, 0x4F, 0x7F, 0xCE, 0xE5, 0x3C, 0xC5, 0xEF, 0xF2,
    0xA0, 0x8F, 0xF1, 0xA0, 0xE7, 0x29, 0x18, 0xCC, 0xB0, 0x89, 0xCC, 0x37, 0x84, 0x9C, 0x24, 0x12,
    0xA3, 0x19, 0x20, 0x86, 0x3E, 0xD5, 0xC9, 0x7D, 0xE9, 0x58, 0x9A, 0xC8, 0x22, 0xCE, 0xCA, 0xF1,
    0x5F, 0x7C, 0x10, 0xAE, 0xE2, 0x41, 0xFD, 0x9A, 0x07, 0xDD, 0x79, 0x5D, 0x3D, 0xE8, 0x18, 0xAA,
    0xC8, 0xE0, 0x5F, 0xB5, 0xA0, 0x02, 0x82, 0x8A, 0x55, 0x34, 0x5E, 0xA1, 0xAE, 0xA1, 0x04, 0x2A,
    0x18, 0xCB, 0x15, 0xEA, 0x0B, 0xDD, 0x25, 0xF4, 0x31, 0xA1, 0x73, 0x42, 0x8F, 0x91, 0x82, 0x35,
    0x20, 0x2C, 0x8E, 0x7C, 0x32, 0xCA, 0x7A, 0x51, 0x31, 0xD0, 0x6F, 0xEC, 0x8B, 0x22, 0x23, 0x84,
    0xB8, 0x91, 0x5F, 0x5F, 0xA1, 0xBB, 0xD4, 0xAC, 0xD0, 0x7B, 0x06, 0xE0, 0x20, 0x09, 0x49, 0x63,
    0x0F, 0x3A, 0x49, 0xE7, 0x21, 0x64, 0x01, 0xD4, 0x0F, 0xC4, 0x29, 0x50, 0x16, 0x96, 0x99, 0xAE,
    0xEC, 0xD7, 0x72, 0xBF, 0xB1, 0x7F, 0xB9, 0x08, 0xF4, 0xE2, 0x37, 0x02, 0x9A, 0x96, 0xFD, 0x86,
    0x6C, 0xAD, 0x66, 0xFD, 0x46, 0x38, 0x75, 0xCE, 0x6F, 0xF6, 0xCB, 0xC2, 0x3E, 0xD5, 0xF7, 0xE3,
    0xF1, 0xC4, 0x7D, 0xB6, 0x7E, 0xA1, 0xD1, 0x22, 0x3D, 0xFD, 0x86, 0x8B, 0xD7, 0x6F, 0xFD, 0x86,
    0xE0, 0x24, 0x68, 0xFC, 0x86, 0x72, 0x33, 0xAA, 0xF0, 0x7D, 0x4A, 0x35, 0xD4, 0xEB, 0xEA, 0xD8,
    0xD6, 0x7C, 0x8E, 0x06, 0x88, 0xE4, 0xF3, 0x75, 0x13, 0x49, 0x7B, 0xA2, 0x7E, 0xC7, 0xA2, 0xB0,
    0xD1, 0x49, 0x35, 0x13, 0x43, 0x86, 0xB4, 0x2A, 0xB2, 0x74, 0x3C, 0x07, 0x5C, 0x37, 0x0B, 0x79,
    0xF0, 0x34, 0x8E, 0xDD, 0x22, 0x17, 0xA2, 0x54, 0xCD, 0x93, 0x5B, 0xC1, 0x12, 0x3F, 0x27, 0x1F,
    0x71, 0xF4, 0x89, 0xB3, 0x82, 0x7A, 0x1E, 0x0F, 0x5C, 0x46, 0xF9, 0x0E, 0x1E, 0x78, 0x1C, 0xC2,
    0x26, 0x7A, 0x55, 0xA7, 0x01, 0xC5, 0xCA, 0x0F, 0xE3, 0xFB, 0x2E, 0x6C, 0x5F, 0x94, 0xA1, 0x6F,
    0x2D, 0x8E, 0x56, 0xCB, 0xB1, 0xB5, 0x44, 0x60, 0x2A, 0x2D, 0xC2, 0xE1, 0xD1, 0x8F, 0xEF, 0xBF,
    0x3A, 0xB8, 0xAF, 0x8A, 0x72, 0x1A, 0x96, 0x79, 0x3D, 0x07, 0xC5, 0x2E, 0x28, 0x49, 0x0D, 0xF0,
    0x02, 0xEC, 0x5A, 0x43, 0x9D, 0x1B, 0x51, 0xAE, 0x64, 0x30, 0x2F, 0xA9, 0x27, 0xC2, 0xD3, 0x17,
    0x7A, 0x80, 0x94, 0xB0, 0xAB, 0x31, 0xA0, 0x0B, 0x63, 0xC0, 0x35, 0xB7, 0x0A, 0x70, 0x85, 0x68,
    0xA6, 0xA7, 0x71, 0x3E, 0x57, 0x5C, 0xAC, 0x2C, 0xD0, 0x15, 0xA2, 0xD2, 0x46, 0xF4, 0x52, 0xC4,
    0xA2, 0x16, 0xA1, 0xFE, 0x9B, 0x56, 0xFD, 0x23, 0x8A, 0x5F, 0xB5, 0xFC, 0xA8, 0x0F, 0x7A, 0xFB,
    0x02, 0x8A, 0xF7, 0xB4, 0xF3, 0x3A, 0x16, 0x65, 0xAE, 0xBF, 0xE3, 0x49, 0xF1, 0x3E, 0x0A, 0x3B,
    0x4F, 0xFE, 0x53, 0x8A, 0xA8, 0x85, 0xE8, 0x76, 0xF2, 0xA0, 0x91, 0xC2, 0xAF, 0x5C, 0x48, 0xC6,
    0xC2, 0x2B, 0x51, 0x78, 0x35, 0xD1, 0x64, 0x9C, 0x68, 0x7B, 0x8D, 0x50, 0x97, 0xC5, 0x10, 0xEA,
    0x86, 0xB0, 0x5A, 0xA4, 0xA7, 0x12, 0x41, 0x7A, 0x33, 0xAA, 0x97, 0x96, 0x48, 0xC9, 0x95, 0x4E,
    0x3F, 0x1A, 0xDD, 0xF2, 0x7E, 0xA1, 0xA6, 0x7E, 0xF3, 0xAC, 0xF1, 0x93, 0x67, 0xC4, 0xC8, 0x95,
    0xC5, 0x91, 0xA4, 0xD0, 0x4D, 0x30, 0xB4, 0x30, 0x74, 0x00, 0x00, 0x30, 0x52, 0x7C, 0xB1, 0xCE,
    0x60, 0x7E, 0x5A, 0x3A, 0x8D, 0x04, 0x0C, 0x4C, 0xD1, 0x82, 0x34, 0x9B, 0xA6, 0xC3, 0x55, 0x1A,
    0x81, 0x90, 0x33, 0x1C, 0x51, 0x85, 0x5E, 0xC3, 0x96, 0x86, 0xFE, 0x70, 0x1B, 0x82, 0x82, 0xB0,
    0x18, 0x3F, 0x4B, 0xED, 0x8D, 0xA7, 0x34, 0x80, 0xA6, 0xC6, 0xA7, 0x46, 0x5E, 0xA5, 0xA9, 0xBB,
    0x81, 0x5A, 0x9B, 0xA6, 0x37, 0xD1, 0xF8, 0x06, 0x51, 0x18, 0x74, 0x31, 0x7E, 0xF2, 0x82, 0x32,
    0xCA, 0xC8, 0xD3, 0x9C, 0x24, 0xA3, 0xD7, 0x06, 0xF5, 0xB5, 0x01, 0x99, 0xA8, 0x3E, 0x9B, 0xCC,
    0x92, 0x95, 0x13, 0x41, 0xBC, 0x8E, 0x90, 0xE9, 0x68, 0xCB, 0x4E, 0xA6, 0x77, 0xFB, 0x02, 0x45,
    0x27, 0x9E, 0x14, 0x5E, 0x7B, 0xB4, 0xC5, 0xE0, 0xA8, 0x33, 0xBC, 0x6F, 0x8E, 0x06, 0xCC, 0x7E,
    0x2E, 0xDA, 0x6D, 0xE1, 0xC4, 0x4A, 0xBC, 0x21, 0xE1, 0xB0, 0x6E, 0xE3, 0xA8, 0x3E, 0x48, 0xF3,
    0x71, 0xCE, 0x62, 0x2D, 0x80, 0x64, 0x8F, 0x36, 0x34, 0x4C, 0xC1, 0xB3, 0x5F, 0xFD, 0x29, 0x6C,
    0x35, 0x35, 0xE8, 0x19, 0x37, 0x16, 0xBB, 0x5D, 0x85, 0x7F, 0xAD, 0x3F, 0xC9, 0xA0, 0x83, 0x20,
    0x87, 0xD5, 0x51, 0x50, 0x4A, 0x22, 0x00, 0x3B, 0xA1, 0xEA, 0x4E, 0x50, 0x5B, 0x74, 0x79, 0x68,
    0x84, 0xDB, 0xCA, 0xCF, 0x7D, 0x46, 0x92, 0xF6, 0xCF, 0x97, 0xA4, 0x6D, 0xB2, 0xD2, 0x22, 0x73,
    0xF9, 0x8A, 0xB4, 0x13, 0x55, 0xDB, 0x7D, 0x04, 0x88, 0xE6, 0x35, 0x51, 0x95, 0xE4, 0x41, 0x15,
    0xF1, 0xB7, 0x8C, 0xAA, 0x00, 0xC2, 0x95, 0xDA, 0x8B, 0xAB, 0xD8, 0x6F, 0x0D, 0x35, 0x67, 0x78,
    0xD5, 0xAF, 0x79, 0x5F, 0x68, 0xCA, 0xDC, 0x6D, 0xA3, 0x8A, 0x72, 0x35, 0xFB, 0x82, 0x16, 0xA8,
    0xD6, 0x8B, 0xE3, 0xA7, 0x58, 0x62, 0x64, 0x3A, 0x62, 0xCE, 0x1B, 0x1B, 0x40, 0x03, 0x5F, 0x55,
    0x0E, 0x9E, 0x9A, 0x50, 0x0E, 0x13, 0x0D, 0x40, 0x5D, 0x52, 0x61, 0xB6, 0x16, 0x91, 0x86, 0xE6,
    0x38, 0x38, 0xFA, 0xC4, 0x4A, 0x67, 0xB2, 0x69, 0x54, 0x29, 0xED, 0xBF, 0xCA, 0xDA, 0xEC, 0x77,
    0x0D, 0x86, 0x64, 0x5F, 0x7D, 0xD6, 0x41, 0xDC, 0xD8, 0x12, 0x31, 0xC2, 0x4E, 0x12, 0xAC, 0x98,
    0x47, 0x3A, 0xD5, 0x2B, 0x7C, 0x3D, 0x48, 0x15, 0x91, 0xFC, 0xF1, 0x60, 0xAF, 0x6B, 0xB5, 0x25,
    0xAB, 0x7D, 0x53, 0x1F, 0x72, 0x16, 0x38, 0xB7, 0x4C, 0x06, 0x2C, 0x8D, 0x46, 0xCA, 0x78, 0xDB,
    0x42, 0xAD, 0x69, 0x6A, 0x50, 0x5F, 0x31, 0xD6, 0x00, 0x97, 0xB5, 0x48, 0x24, 0xA3, 0x7A, 0x80,
    0x81, 0x6F, 0x41, 0x71, 0x67, 0xAD, 0x2C, 0xF3, 0x90, 0x44, 0x1F, 0xAE, 0xA9, 0xC6, 0x8C, 0xA9,
    0x7F, 0x73, 0x2A, 0x43, 0xE9, 0x08, 0x7A, 0x59, 0x3D, 0x36, 0x1F, 0xE9, 0x3E, 0xA2, 0x2B, 0x03,
    0xB8, 0xC8, 0x95, 0xF1, 0x89, 0x4A, 0x33, 0x42, 0xF7, 0xB4, 0x84, 0x25, 0x92, 0x5D, 0x7F, 0x9B,
    0xFE, 0x11, 0xF9, 0xA9, 0xD4, 0x3A, 0x7B, 0xE8, 0x53, 0xDD, 0x65, 0xBA, 0x44, 0x3B, 0x39, 0x95,
    0xFC, 0x5E, 0x52, 0x18, 0x71, 0x15, 0xDD, 0xBB, 0xB2, 0x67, 0x3B, 0xF5, 0xF5, 0x53, 0xBA, 0x5C,
    0xDD, 0x4E, 0x6F, 0x28, 0x9D, 0x72, 0x4D, 0x39, 0xCC, 0xB2, 0x3D, 0x2E, 0x57, 0xBC, 0x97, 0xF8,
    0xC6, 0x2B, 0xA7, 0xB8, 0xA4, 0xDF, 0x11, 0x59, 0xB9, 0xEC, 0x90, 0x65, 0x5E, 0x14, 0xAA, 0x56,
    0xD1, 0xDE, 0x78, 0x10, 0x04, 0xC1, 0xD3, 0xA7, 0x81, 0xF3, 0x82, 0x2F, 0x3A, 0xC1, 0x17, 0x1B,
    0x50, 0x8A, 0x44, 0x83, 0x44, 0x3C, 0x4D, 0x41, 0x99, 0xAD, 0xB6, 0x68, 0x0C, 0x43, 0x40, 0x34,
    0x51, 0xCF, 0x2A, 0xD7, 0x28, 0x5A, 0xA3, 0x1F, 0x6E, 0x59, 0xA0, 0x15, 0x52, 0x1C, 0xD6, 0x72,
    0xD2, 0xD6, 0x3F, 0x36, 0xBA, 0xE2, 0xBD, 0x5B, 0x15, 0xB6, 0x7E, 0x96, 0x1C, 0xF2, 0x7C, 0xE7,
    0x52, 0xF1, 0xEA, 0x32, 0x5A, 0xC7, 0xA1, 0x83, 0xBA, 0xB8, 0xA1, 0x32, 0x19, 0xFB, 0x77, 0xEA,
    0xC1, 0x9C, 0x9B, 0xB6, 0xB2, 0x36, 0x20, 0x36, 0xB9, 0xFD, 0xF9, 0x55, 0xE6, 0x1C, 0x9D, 0x97,
    0x01, 0x65, 0x61, 0x54, 0x40, 0x9A, 0x1E, 0x22, 0xD8, 0x99, 0x65, 0xB5, 0x47, 0xC1, 0x4E, 0xF1,
    0x53, 0x83, 0x20, 0x07, 0xD9, 0x0E, 0x45, 0xAE, 0xB2, 0xFF, 0xD2, 0x25, 0x54, 0x95, 0x2E, 0x9D,
    0x57, 0x05, 0xEC, 0xED, 0x19, 0xAE, 0xCE, 0x13, 0x04, 0x2C, 0x73, 0x30, 0x4E, 0x73, 0xC0, 0x7F,
    0x44, 0x70, 0x10, 0x2D, 0x66, 0xF4, 0x47, 0xF6, 0x53, 0xEA, 0x9C, 0x0E, 0x4C, 0x74, 0xCA, 0xD6,
    0xDA, 0x38, 0xB3, 0xAE, 0x24, 0xE2, 0xFF, 0x4D, 0xE8, 0x4E, 0xA3, 0xC1, 0x69, 0x64, 0x86, 0x6D,
    0x14, 0xB3, 0xE6, 0x4C, 0x13, 0xC6, 0x50, 0x11, 0xD2, 0x44, 0xF4, 0x87, 0xF2, 0x70, 0x2B, 0x48,
    0x98, 0x96, 0x92, 0x94, 0xFE, 0x74, 0x89, 0xEB, 0x5E, 0x67, 0xEE, 0x73, 0x07, 0x30, 0x84, 0x9A,
    0x09, 0x00, 0xB4, 0x1A, 0xCB, 0xB9, 0x24, 0x77, 0x29, 0x19, 0xE3, 0xA0, 0x39, 0x52, 0x4E, 0xDA,
    0x23, 0x36, 0xC7, 0xFC, 0x2A, 0xDF, 0x60, 0x0E, 0x84, 0x12, 0xA0, 0x32, 0xBF, 0x66, 0xD5, 0x21,
    0x31, 0x31, 0x6D, 0x98, 0x09, 0x35, 0x67, 0xCC, 0x55, 0xA7, 0x13, 0x97, 0x60, 0x22, 0x72, 0x3A,
    0x7B, 0xBF, 0xE5, 0xCA, 0xE0, 0x19, 0x4F, 0xCE, 0xC3, 0x12, 0x9A, 0x7C, 0x2B, 0x29, 0x4D, 0x47,
    0x04, 0x61, 0x13, 0x83, 0x46, 0x2D, 0x04, 0x57, 0x61, 0xAC, 0x1E, 0xB5, 0x37, 0x45, 0x63, 0x2B,
    0xE5, 0xBD, 0xDE, 0xA8, 0x10, 0x92, 0xFB, 0x10, 0x0E, 0x4A, 0x70, 0xC2, 0x2E, 0x0B, 0xAB, 0xC3,
    0xFF, 0xF7, 0x46, 0x45, 0x3F, 0xC1, 0x81, 0xEB, 0xD1, 0xE7, 0x7D, 0x1E, 0x5C, 0x81, 0x1D, 0x15,
    0x8B, 0xB7, 0x1B, 0x63, 0x7C, 0x24, 0x25, 0x7A, 0x45, 0x6D, 0x58, 0xC0, 0xB8, 0xB7, 0x8F, 0x61,
    0x6E, 0x2A, 0x31, 0x32, 0x8F, 0x63, 0x0A, 0xCE, 0xE0, 0x9C, 0x7E, 0x8F, 0x50, 0x85, 0x43, 0x91,
    0xA5, 0x1C, 0x88, 0xF1, 0x91, 0xC5, 0x49, 0x1E, 0xA5, 0x49, 0x1C, 0xE6, 0x99, 0xF2, 0x7F, 0x0B,
    0xA4, 0xCA, 0xA5, 0xF7, 0x08, 0x26, 0x18, 0xCB, 0x23, 0xD4, 0x04, 0x7B, 0x59, 0x0C, 0xF5, 0x96,
    0x9A, 0xE3, 0x9C, 0xF8, 0x99, 0xFD, 0x6B, 0x9A, 0xFF, 0x17, 0xC3, 0x91, 0xFB, 0x5D, 0x96, 0x46,
    0x83, 0xAE, 0x9F, 0x19, 0xFD, 0x31, 0xFE, 0xF4, 0x9A, 0x67, 0xDC, 0xE6, 0x41, 0xF9, 0xA8, 0x35,
    0x1F, 0x4C, 0x6A, 0x24, 0x8A, 0x70, 0xFB, 0x68, 0x34, 0xEF, 0x91, 0xF1, 0xA1, 0x70, 0x55, 0x19,
    0xAD, 0x3A, 0xAC, 0x22, 0xCA, 0x81, 0x99, 0xE9, 0xE7, 0xCE, 0x61, 0x9B, 0xE7, 0xC1, 0xCF, 0xB2,
    0x82, 0x9E, 0xC5, 0xB3, 0x50, 0x6D, 0xC7, 0x20, 0x23, 0x70, 0x2C, 0x3F, 0xAD, 0xD4, 0xD1, 0xDD,
    0x0A, 0x96, 0xEF, 0xD7, 0x53, 0xFB, 0x8B, 0xCA, 0xCB, 0xDB, 0x20, 0x3E, 0x1B, 0x41, 0x78, 0x2F,
    0xBD, 0x95, 0xD0, 0xE6, 0x66, 0x98, 0x20, 0x2A, 0xBE, 0x12, 0xF6, 0x67, 0xD0, 0x64, 0x07, 0xAB,
    0xFE, 0x11, 0x15, 0xC4, 0xA3, 0x05, 0x1B, 0xB5, 0x67, 0x1D, 0x15, 0x76, 0x00, 0xE5, 0xBE, 0xED,
    0xE5, 0xA0, 0x9A, 0xDD, 0xAD, 0xF6, 0x07, 0xD5, 0x32, 0x46, 0xFA, 0xF0, 0xA5, 0x42, 0xC0, 0x00,
    0x46, 0x20, 0x7A, 0xE3, 0x2A, 0xE7, 0x2A, 0xB8, 0x44, 0xA4, 0x1A, 0x54, 0x58, 0x45, 0x6D, 0x50,
    0x65, 0x69, 0x50, 0x87, 0x80, 0x05, 0xBA, 0xD0, 0x98, 0x5C, 0x19, 0xFB, 0x79, 0xB5, 0x14, 0xFB,
    0xBA, 0xDE, 0xE7, 0xB6, 0xFB, 0x9D, 0x76, 0x0F, 0x60, 0xCD, 0xF3, 0x35, 0xB0, 0xB4, 0xF5, 0x06,
    0xB0, 0x72, 0xF7, 0x94, 0xD3, 0xCF, 0x3A, 0xFD, 0x21, 0xBF, 0x0D, 0xF0, 0xF4, 0x11, 0x46, 0x66,
    0xFB, 0x08, 0xBA, 0x3B, 0xC0, 0xF2, 0xAF, 0x71, 0xA3, 0x57, 0x7B, 0x24, 0x21, 0xC9, 0x5F, 0x82,
    0x5C, 0xB9, 0x0C, 0x72, 0xF5, 0x3C, 0xD7, 0x06, 0xAF, 0xB6, 0x72, 0x8B, 0x43, 0x8B, 0x05, 0xAB,
    0x20, 0xD1, 0xE1, 0x04, 0x3C, 0x88, 0x1D, 0x6E, 0xE1, 0xBF, 0xE3, 0x74, 0x41, 0x45, 0x87, 0x09,
    0x60, 0xB8, 0xF6, 0xEC, 0x45, 0x75, 0x87, 0x9E, 0x31, 0x33, 0x52, 0xA7, 0x23, 0x70, 0xA1, 0xD7,
    0xB8, 0x9D, 0x57, 0xFB, 0xDB, 0xBC, 0x7A, 0xBF, 0xF2, 0xAE, 0x9D, 0xC6, 0xB7, 0x70, 0xFF, 0xF5,
    0x1E, 0xDF, 0x81, 0xF0, 0xAA, 0xB3, 0xDC, 0xAB, 0x23, 0x18, 0xF4, 0x41, 0x93, 0x68, 0x8F, 0x7C,
    0xF4, 0x03, 0x6B, 0x84, 0xF1, 0xA5, 0x17, 0x78, 0x0E, 0xC6, 0xC1, 0x7E, 0x1F, 0xB8, 0x06, 0xC7,
    0xEC, 0x70, 0x3C, 0x8D, 0xE3, 0x29, 0x1C, 0xCB, 0x7E, 0x75, 0xB6, 0xF4, 0x2B, 0x5D, 0xF8, 0x15,
    0x2C, 0x8B, 0xEE, 0x2B, 0xF8, 0xE2, 0x23, 0xE0, 0xBE, 0x05, 0xC0, 0x96, 0x88, 0x6D, 0x89, 0xC4,
    0x21, 0x35, 0xB8, 0xA1, 0x92, 0xF7, 0x40, 0xC2, 0xF3, 0xE0, 0x5B, 0xFF, 0xB3, 0x28, 0xF7, 0xFC,
    0x1E, 0xC4, 0x69, 0xB1, 0xE2, 0x9C, 0x26, 0x2C, 0x7C, 0x0B, 0x73, 0x91, 0x54, 0x17, 0x07, 0x4F,
    0xF0, 0xCC, 0x68, 0x86, 0x7D, 0x0F, 0xA1, 0x3C, 0x6B, 0xAE, 0xB3, 0x35, 0x84, 0x20, 0xC8, 0xEB,
    0x4F, 0xAD, 0xBB, 0xE0, 0x37, 0x1E, 0xFB, 0x1E, 0x0D, 0x92, 0x40, 0xED, 0x5D, 0x04, 0xBF, 0x75,
    0xCA, 0x2D, 0x93, 0xD4, 0xCF, 0x19, 0x33, 0xC1, 0x8C, 0x03, 0x10, 0x42, 0x54, 0xC9, 0x11, 0xC9,
    0x11, 0x94, 0x61, 0x19, 0xE6, 0x58, 0x45, 0xE2, 0x87, 0xA0, 0x98, 0x9B, 0x19, 0x8D, 0x46, 0x91,
    0xD6, 0xBD, 0xDF, 0x40, 0x2C, 0xDC, 0xEA, 0xB7, 0xF1, 0x9B, 0xA4, 0x1F, 0x9E, 0xF8, 0xE2, 0x23,
    0xEA, 0xD1, 0x4B, 0xBA, 0x48, 0x74, 0xC6, 0xF3, 0xAD, 0x5F, 0x39, 0x3C, 0x3A, 0x1C, 0xFD, 0x50,
    0x9A, 0x73, 0x8D, 0x5B, 0xF9, 0x5D, 0x50, 0xF8, 0xE0, 0x71, 0xFF, 0xE2, 0x9B, 0xCA, 0x27, 0xE2,
    0x5B, 0x73, 0x30, 0x16, 0xF4, 0x17, 0x6F, 0x8B, 0x2C, 0xB1, 0xA1, 0xCE, 0xDE, 0xED, 0x82, 0x78,
    0x2E, 0xC2, 0x12, 0x31, 0xEC, 0x20, 0x9E, 0x93, 0xA8, 0x78, 0x28, 0xEC, 0x5B, 0xAC, 0x58, 0x07,
    0x52, 0xFC, 0x11, 0xF5, 0xCD, 0xD1, 0x08, 0xC6, 0x8F, 0xCE, 0x8F, 0x65, 0x3F, 0xC9, 0x97, 0x93,
    0x1F, 0xE7, 0x65, 0xF2, 0x6A, 0x2E, 0xF1, 0xB5, 0x8D, 0x0E, 0xF1, 0xD0, 0x1B, 0xEB, 0x65, 0xB4,
    0x30, 0x33, 0x9F, 0x75, 0x84, 0xC7, 0x7E, 0x4A, 0xD7, 0x90, 0xDB, 0xEE, 0x02, 0x87, 0xEC, 0x07,
    0x88, 0x86, 0xCC, 0xD1, 0xE0, 0xCC, 0xAC, 0x1A, 0x1C, 0x33, 0xB9, 0xF1, 0x78, 0xFB, 0x03, 0x42,
    0x7F, 0x7C, 0x10, 0x4B, 0xB3, 0x26, 0x7A, 0x9A, 0x89, 0xC9, 0x68, 0xAA, 0xDF, 0x36, 0xF1, 0xE5,
    0x7B, 0x54, 0x86, 0x12, 0x70, 0x71, 0x56, 0x13, 0xF7, 0x9A, 0xC8, 0xE7, 0x52, 0xB9, 0x97, 0xAF,
    0xC1, 0x20, 0x3D, 0xDF, 0x64, 0x2A, 0x7A, 0xAD, 0x89, 0xD2, 0xE8, 0xB9, 0x26, 0xCA, 0x93, 0xE7,
    0x9A, 0x70, 0x20, 0x38, 0x97, 0x47, 0xE7, 0x9B, 0x28, 0x0E, 0x78, 0x8B, 0x77, 0xF5, 0x1A, 0x79,
    0x99, 0xCF, 0x71, 0x37, 0xA8, 0x74, 0xAA, 0xFA, 0x56, 0x8C, 0x01, 0x59, 0x4A, 0xF3, 0x51, 0x1F,
    0x95, 0x5E, 0xEB, 0xC7, 0x4E, 0x77, 0x10, 0x0B, 0x62, 0x6E, 0xE8, 0x12, 0x8E, 0x04, 0x43, 0xF0,
    0x29, 0xD4, 0xD6, 0x79, 0x30, 0x42, 0xAA, 0xE3, 0x30, 0xD6, 0x45, 0xF6, 0xEF, 0x46, 0x7F, 0x0F,
    0x4B, 0x30, 0xEA, 0xA8, 0x1B, 0x20, 0xCB, 0x37, 0x49, 0xFC, 0xFE, 0xD4, 0x75, 0x4E, 0x83, 0x80,
    0xD1, 0x20, 0x1E, 0x02, 0x98, 0x4A, 0xFC, 0x43, 0x42, 0x6C, 0x35, 0xB3, 0x30, 0x1A, 0x25, 0x5D,
    0x82, 0x25, 0xB1, 0xE6, 0xB7, 0x0E, 0x60, 0x47, 0x40, 0x62, 0x9D, 0x3B, 0x31, 0xBD, 0x18, 0x6A,
    0xF6, 0xD7, 0xB4, 0x68, 0xB4, 0x30, 0x5A, 0x88, 0xFA, 0xA4, 0xD3, 0x5C, 0x98, 0x55, 0x58, 0x0A,
    0x2D, 0xB6, 0x40, 0xFB, 0xEC, 0x7A, 0x66, 0x70, 0xFC, 0x10, 0x71, 0x19, 0xEA, 0xEC, 0xB2, 0x46,
    0xD7, 0x7C, 0x3E, 0x58, 0xA2, 0x0E, 0xCA, 0x2D, 0x51, 0xD6, 0xF9, 0x3F, 0x52, 0xA7, 0xD1, 0x1A,
    0x67, 0x8C, 0x54, 0x5B, 0x47, 0xF7, 0x3C, 0x29, 0x4E, 0xA9, 0x52, 0x1D, 0x83, 0x8E, 0x58, 0x86,
    0x6E, 0x58, 0x14, 0x0F, 0xE0, 0xBF, 0xC5, 0x8A, 0xF6, 0x7A, 0xF4, 0x0B, 0x88, 0x0B, 0x4C, 0x83,
    0x39, 0x00, 0x6E, 0x2E, 0xB4, 0xF6, 0x80, 0x6F, 0xF6, 0xCC, 0x50, 0x8A, 0x51, 0xC7, 0x6A, 0x8E,
    0x08, 0x56, 0xD4, 0x2A, 0x7A, 0x65, 0x91, 0x54, 0xF7, 0xA4, 0xB5, 0x7E, 0x9D, 0xE7, 0x93, 0x0B,
    0x53, 0x94, 0x67, 0x1A, 0x2D, 0xAA, 0xAA, 0x89, 0xC6, 0x92, 0x17, 0x75, 0xB2, 0xC6, 0xD5, 0x6C,
    0x77, 0x65, 0x51, 0xA0, 0x0E, 0x6A, 0x49, 0xFD, 0x89, 0x90, 0x80, 0xE8, 0x68, 0x18, 0xED, 0x35,
    0xA0, 0xCE, 0x5A, 0xC2, 0xA2, 0x2A, 0x0E, 0x79, 0xF5, 0xAC, 0xDD, 0x1E, 0x55, 0xE0, 0xD1, 0x3E,
    0xB8, 0xAE, 0xFF, 0x88, 0xF8, 0xA8, 0x7F, 0xC2, 0x6A, 0x5F, 0x76, 0x9A, 0x43, 0x7E, 0x15, 0xE8,
    0xD4, 0x7A, 0x93, 0x4D, 0x7E, 0x89, 0x5D, 0xA3, 0xDB, 0xCE, 0x6B, 0x02, 0x0A, 0x6A, 0xA8, 0x5D,
    0x11, 0xB6, 0x31, 0x00, 0x1C, 0xC4, 0x2E, 0x6D, 0x23, 0x88, 0xC7, 0x31, 0xAD, 0xA1, 0xCE, 0x71,
    0x3E, 0x93, 0x7B, 0xA2, 0x1C, 0xED, 0x68, 0x82, 0x0F, 0x29, 0xCE, 0x5C, 0x33, 0x0C, 0x3F, 0x14,
    0x7F, 0xC6, 0x8C, 0x68, 0x72, 0xED, 0xD5, 0xD6, 0x70, 0xF0, 0x6F, 0x60, 0x3F, 0x1C, 0x9F, 0x63,
    0x14, 0x2F, 0xE0, 0xFF, 0xE7, 0x01, 0x64, 0xA9, 0x2D, 0xFC, 0x3A, 0xA9, 0x92, 0x7E, 0xBB, 0xE9,
    0xB1, 0x53, 0x29, 0xAB, 0x95, 0xC9, 0x39, 0x28, 0xDC, 0x6B, 0xAB, 0xCD, 0xEB, 0x5A, 0x3B, 0x7D,
    0xD2, 0xAF, 0x7A, 0xFF, 0x92, 0xF6, 0x2F, 0xF6, 0x76, 0x2A, 0x11, 0xBA, 0x4D, 0x7F, 0x97, 0xE1,
    0x14, 0x9A, 0x10, 0xC9, 0xD4, 0x40, 0x67, 0x58, 0x7D, 0x47, 0xAE, 0x9F, 0x5C, 0x19, 0xF8, 0x4B,
    0x34, 0x92, 0xE8, 0x48, 0x86, 0x0E, 0x82, 0x2E, 0xF7, 0x6F, 0xF4, 0x5B, 0xFB, 0x65, 0xD6, 0x33,
    0x88, 0x43, 0x51, 0x04, 0x51, 0x08, 0xA4, 0xAB, 0x54, 0x6B, 0x2C, 0x51, 0x7F, 0x22, 0x76, 0x94,
    0x53, 0xB3, 0xBB, 0x5E, 0xCE, 0x7E, 0xEE, 0x57, 0xEA, 0xC9, 0x2D, 0x00, 0x19, 0x76, 0x0C, 0xE2,
    0x36, 0xEF, 0x02, 0x25, 0xE2, 0xF6, 0x95, 0x6D, 0x89, 0x6E, 0x92, 0x6F, 0x61, 0xA9, 0x6E, 0x8F,
    0xAA, 0xC7, 0x43, 0xBD, 0x22, 0x6E, 0xD5, 0x92, 0xF2, 0x3E, 0xCF, 0x83, 0x67, 0x8B, 0x30, 0x2E,
    0x21, 0x1D, 0xB1, 0x98, 0x7C, 0xE2, 0xD4, 0x62, 0x77, 0x52, 0x42, 0x3D, 0xCE, 0xB9, 0xE5, 0x21,
    0x3F, 0x27, 0x8E, 0x7B, 0x93, 0x6D, 0xF1, 0x25, 0xEC, 0x03, 0x56, 0xB6, 0x0D, 0x40, 0x3C, 0xAE,
    0x1E, 0x6D, 0xE8, 0x83, 0xC4, 0x19, 0x6F, 0xA3, 0x0F, 0xEE, 0x4F, 0x84, 0xE7, 0x1F, 0xB6, 0xD3,
    0xEC, 0x85, 0x4A, 0x9F, 0xA8, 0x40, 0x0F, 0xD8, 0x62, 0xE0, 0x06, 0x6A, 0x47, 0x4F, 0xA7, 0xA6,
    0x63, 0x1C, 0x6F, 0xEB, 0x3E, 0x34, 0xA6, 0x8D, 0xFB, 0xE6, 0x2C, 0x21, 0x33, 0x43, 0xD6, 0xA8,
    0xEA, 0x6B, 0xC6, 0x98, 0x03, 0xAE, 0x24, 0x60, 0x05, 0x55, 0xB7, 0xFC, 0xF4, 0x5C, 0x31, 0xF4,
    0x84, 0xA1, 0x49, 0xA5, 0x8A, 0x62, 0xE6, 0x63, 0x10, 0x16, 0x88, 0xA3, 0x8B, 0xEC, 0x30, 0x27,
    0x71, 0xC5, 0x69, 0x3A, 0x1B, 0x7E, 0x12, 0x93, 0x52, 0xBC, 0xCC, 0x86, 0x1F, 0xA2, 0x92, 0xA7,
    0xC3, 0x12, 0xF4, 0x28, 0xE9, 0xB9, 0x92, 0x54, 0xE7, 0xE1, 0x65, 0xB0, 0x77, 0x4A, 0x73, 0xE7,
    0xE1, 0x15, 0x65, 0x6F, 0x44, 0xAD, 0x91, 0xB5, 0x46, 0x92, 0xAE, 0xD0, 0x8B, 0xF3, 0x54, 0xF9,
    0x8C, 0x8A, 0xF5, 0xA7, 0x2A, 0xF2, 0x8E, 0x5F, 0x91, 0x5F, 0x56, 0x28, 0xD4, 0xD6, 0x15, 0x00,
    0xE0, 0x3E, 0x59, 0x31, 0xBD, 0x9E, 0x30, 0x89, 0x03, 0xD1, 0x94, 0x14, 0xE5, 0xB2, 0x0B, 0xFB,
    0x69, 0x75, 0x8B, 0x6F, 0x7E, 0xA1, 0x4B, 0x48, 0xB0, 0x4A, 0x54, 0x39, 0x69, 0xE5, 0xAD, 0x3F,
    0xA6, 0x55, 0xBC, 0xF1, 0xF9, 0x70, 0xF9, 0xA1, 0xA3, 0xCF, 0xE0, 0x6F, 0x26, 0x13, 0xA1, 0xEB,
    0x56, 0x7A, 0xDB, 0x50, 0x6B, 0xF0, 0xA7, 0x89, 0xDB, 0x3A, 0x1D, 0x47, 0x29, 0x8D, 0x79, 0x2D,
    0xB6, 0xF7, 0x53, 0x77, 0x0A, 0x0B, 0x02, 0x5F, 0x43, 0x02, 0x80, 0xF3, 0x5B, 0x57, 0xA9, 0x73,
    0x7F, 0xAE, 0xC4, 0x0B, 0xBE, 0x23, 0xBD, 0x6B, 0x08, 0x80, 0x13, 0x8B, 0x69, 0xED, 0x37, 0x81,
    0xA2, 0x6A, 0xE8, 0xCD, 0x86, 0x4A, 0x44, 0x84, 0x05, 0x3B, 0xCF, 0x83, 0x3E, 0x05, 0x46, 0x59,
    0x8C, 0x22, 0x08, 0xA4, 0x1B, 0x34, 0x24, 0xD5, 0x81, 0xEF, 0x77, 0xA3, 0xA3, 0x4C, 0xC1, 0xA1,
    0xE6, 0x78, 0xA1, 0xB3, 0x6A, 0x75, 0x0C, 0xE7, 0x9F, 0x56, 0xCB, 0x1E, 0x0D, 0x5F, 0x73, 0x0F,
    0xAC, 0xB6, 0x97, 0x52, 0x65, 0xC0, 0x22, 0xCE, 0x78, 0x92, 0x8E, 0x42, 0xF7, 0x82, 0xD7, 0xD2,
    0x8D, 0x40, 0x9A, 0x4F, 0xFE, 0xB6, 0xE5, 0x3C, 0x1D, 0x0B, 0x7E, 0x2F, 0x96, 0x9D, 0x40, 0x8C,
    0xC1, 0xB3, 0x61, 0x12, 0xC5, 0xF8, 0x55, 0x35, 0x1C, 0x4F, 0xEA, 0x6F, 0xC7, 0x68, 0x6D, 0xFA,
    0x0F, 0xFA, 0xEF, 0xE2, 0x65, 0xFD, 0x5C, 0x5A, 0xE8, 0x6F, 0xC5, 0x6A, 0xEA, 0xBA, 0xD2, 0x4B,
    0xAC, 0xA3, 0x52, 0xFA, 0x05, 0x98, 0x6B, 0xDF, 0x69, 0x57, 0x8E, 0x37, 0xAA, 0xB5, 0x8E, 0x2A,
    0xD7, 0xB8, 0x5B, 0x72, 0x95, 0xF5, 0x4B, 0x4B, 0x6F, 0x77, 0x4A, 0x9C, 0x7E, 0xF4, 0xB0, 0xB9,
    0xDA, 0xAC, 0x34, 0x0B, 0x4D, 0x11, 0x5F, 0x68, 0x54, 0x5B, 0x26, 0x25, 0xA2, 0x33, 0x4E, 0x18,
    0x47, 0x9F, 0x90, 0x9A, 0x76, 0x68, 0x3D, 0x3F, 0x58, 0xBB, 0xBD, 0x38, 0x45, 0x83, 0x8B, 0x7C,
    0x04, 0xEC, 0xDE, 0x4A, 0x42, 0xD1, 0x6D, 0x50, 0x93, 0x0F, 0xC2, 0x1A, 0x25, 0xD3, 0x97, 0x38,
    0xD1, 0x62, 0xBD, 0x06, 0xB5, 0x47, 0x01, 0x01, 0x53, 0xC8, 0x61, 0x74, 0x4D, 0x8C, 0xD8, 0x8F,
    0xA3, 0x96, 0x2D, 0x4C, 0x5A, 0x63, 0xCB, 0xEE, 0x5C, 0x84, 0x6D, 0x07, 0xEB, 0x4E, 0xD2, 0xC3,
    0x60, 0x64, 0x7F, 0xF2, 0x12, 0x43, 0x4F, 0xB5, 0xCD, 0x31, 0x15, 0x51, 0x6C, 0x89, 0x2B, 0x34,
    0x10, 0x4B, 0x2B, 0x79, 0xE3, 0x53, 0x46, 0x06, 0x82, 0x0F, 0xC5, 0xD2, 0x2A, 0xE9, 0xB6, 0x0C,
    0xCA, 0x0D, 0x2D, 0xAD, 0x21, 0x4A, 0x45, 0x24, 0xB7, 0x07, 0xC6, 0x74, 0xD0, 0x5B, 0x30, 0x68,
    0xD1, 0x2A, 0x57, 0xE7, 0x90, 0xB1, 0x90, 0xB2, 0x39, 0x6D, 0x6E, 0x86, 0x29, 0x30, 0x1D, 0xCC,
    0x8E, 0x83, 0x1D, 0x4E, 0xB8, 0x90, 0xA1, 0x40, 0xD7, 0xA2, 0x13, 0x6D, 0xC2, 0x81, 0xF8, 0xBC,
    0x6B, 0xC5, 0x27, 0x2B, 0xFE, 0x59, 0x65, 0xF2, 0x79, 0x36, 0x53, 0x04, 0xE2, 0x79, 0xB2, 0xA6,
    0x26, 0x79, 0xEB, 0x71, 0x12, 0x00, 0x77, 0x7A, 0x64, 0xF5, 0x67, 0xBA, 0xE0, 0x42, 0x04, 0xAD,
    0x1F, 0xED, 0x25, 0x4E, 0xB2, 0xFB, 0x36, 0xE2, 0x24, 0x7B, 0x4F, 0xA2, 0xEA, 0x1E, 0xF3, 0x0E,
    0xCC, 0x91, 0x87, 0xA5, 0x98, 0x26, 0xFF, 0x01, 0x0D, 0x8E, 0x15, 0x9E, 0x7C, 0xA1, 0x81, 0x07,
    0x5E, 0x10, 0x73, 0x05, 0x98, 0xAF, 0xF0, 0x80, 0x92, 0x6D, 0x82, 0xAD, 0xAF, 0x1A, 0xB6, 0xDE,
    0x29, 0x2B, 0x2D, 0xC9, 0xC9, 0x1F, 0x3A, 0x77, 0x65, 0x46, 0xE9, 0x7E, 0x2C, 0xF8, 0x07, 0x13,
    0x1C, 0xC6, 0x41, 0x01, 0x5F, 0x9C, 0xED, 0xFB, 0xC4, 0x95, 0xBD, 0x5F, 0xD2, 0xD5, 0x24, 0x80,
    0xDD, 0xBC, 0x2C, 0x6C, 0xB5, 0x2C, 0x7E, 0xB9, 0x52, 0xD6, 0x55, 0x21, 0xA3, 0x63, 0x62, 0x00,
    0xE9, 0x4A, 0xBE, 0x8B, 0xC8, 0x28, 0x91, 0x7A, 0x13, 0x5D, 0xAB, 0xFE, 0xF4, 0x7B, 0xAA, 0xCD,
    0x3A, 0xA7, 0x0B, 0x88, 0x38, 0x9A, 0x5D, 0x7B, 0x60, 0x3D, 0x63, 0xCC, 0x66, 0x21, 0x3C, 0x20,
    0x38, 0xF4, 0x51, 0x06, 0x8A, 0xE9, 0x96, 0x32, 0xDE, 0x7B, 0x2E, 0x67, 0x2E, 0x1A, 0xB2, 0xD4,
    0xF1, 0x7D, 0x52, 0xBD, 0x38, 0xF5, 0xA3, 0x13, 0x7C, 0xAE, 0xFB, 0x5B, 0xB1, 0x48, 0x96, 0xF7,
    0xAB, 0xFB, 0xDC, 0xAF, 0x9D, 0xCF, 0xA6, 0xCA, 0xBF, 0x50, 0x2A, 0xEF, 0x83, 0x4A, 0x39, 0x17,
    0xD1, 0xA8, 0x0A, 0x52, 0xFE, 0x69, 0x54, 0xBD, 0xE7, 0x81, 0xDB, 0xEF, 0xEF, 0x38, 0x6C, 0x6C,
    0xDF, 0x20, 0x6C, 0x5C, 0xAE, 0x0B, 0x1B, 0x5B, 0x26, 0x6C, 0x2C, 0xA1, 0x29, 0x43, 0x2D, 0x71,
    0x02, 0x1A, 0xC7, 0xA6, 0x2F, 0x67, 0xE6, 0x84, 0xD6, 0xA4, 0x4E, 0x41, 0xEA, 0xC7, 0xA4, 0x07,
    0xE5, 0xFE, 0xD3, 0x62, 0x7C, 0x57, 0x42, 0x73, 0x63, 0x88, 0x4F, 0x6A, 0x93, 0xB0, 0x71, 0x39,
    0x15, 0x36, 0x36, 0x9C, 0xD1, 0xAC, 0x78, 0xF3, 0x6D, 0x23, 0x64, 0x64, 0xB4, 0x86, 0xB4, 0xCB,
    0xB1, 0xB3, 0x42, 0xAD, 0x77, 0x56, 0x4C, 0x19, 0xEC, 0xD4, 0x3E, 0xFE, 0x6A, 0x05, 0xF5, 0xD1,
    0x7A, 0x05, 0xD5, 0xAC, 0x55, 0x50, 0x32, 0x0B, 0x87, 0x26, 0x06, 0xC3, 0xAC, 0xD1, 0x7D, 0x82,
    0x25, 0x0C, 0x04, 0x96, 0x29, 0x23, 0x49, 0x44, 0x5C, 0x8A, 0x1C, 0x9D, 0x9C, 0x1B, 0xC8, 0xDF,
    0xBE, 0x29, 0xC2, 0x1B, 0x7D, 0x7B, 0x15, 0xF7, 0x40, 0x8E, 0x41, 0x06, 0x93, 0x63, 0xD7, 0x91,
    0xAC, 0xB0, 0xF5, 0x7B, 0x9A, 0x41, 0xB4, 0xE6, 0x66, 0x72, 0x3E, 0xE6, 0xC3, 0xD4, 0x3F, 0xE8,
    0x9F, 0xAA, 0x65, 0xFC, 0x5D, 0xAC, 0x92, 0xF1, 0x9B, 0x95, 0xF3, 0xF3, 0xAB, 0x83, 0x90, 0x96,
    0x71, 0x1E, 0xA7, 0xD3, 0xA1, 0xC7, 0xDD, 0x24, 0xC7, 0x48, 0x0E, 0xD0, 0xC1, 0x29, 0x51, 0x00,
    0x46, 0x97, 0x59, 0x37, 0xAE, 0x92, 0x60, 0x54, 0x40, 0x1E, 0xBB, 0x49, 0x10, 0xF2, 0x56, 0xEE,
    0x87, 0x4B, 0xE7, 0xF1, 0xFF, 0xE5, 0x96, 0x79, 0x1D, 0x7E, 0x17, 0xD1, 0xFD, 0x10, 0xFB, 0x17,
    0xDF, 0x86, 0xAD, 0x63, 0x17, 0xC0, 0x43, 0x27, 0x37, 0x74, 0x3F, 0x18, 0x86, 0x78, 0x4C, 0x09,
    0x92, 0x56, 0xC7, 0x99, 0xDA, 0xE2, 0xE9, 0xD1, 0xC2, 0x56, 0xF3, 0x77, 0x6E, 0x9A, 0xCB, 0xF3,
    0x10, 0x3E, 0x33, 0xA3, 0x1F, 0x45, 0xA8, 0xBA, 0xD9, 0xB3, 0x1E, 0x9C, 0xAF, 0x85, 0xE8, 0x93,
    0x94, 0xA2, 0x9F, 0x31, 0xA5, 0xE8, 0xE0, 0x8D, 0x52, 0x8A, 0x12, 0xCD, 0x44, 0xA4, 0xEE, 0xA6,
    0xCD, 0x48, 0x86, 0x66, 0xCC, 0x8C, 0xBE, 0x07, 0xB3, 0xCA, 0x69, 0x0F, 0x3A, 0xED, 0x2E, 0xA7,
    0xFD, 0x0A, 0x56, 0xE6, 0x37, 0xFA, 0xB7, 0x32, 0xCD, 0x25, 0x6A, 0x3E, 0x2E, 0x9F, 0x9E, 0xAE,
    0xC4, 0x3E, 0x29, 0xAA, 0xF5, 0xCF, 0xCE, 0xAD, 0x4E, 0xD1, 0x72, 0x57, 0x65, 0x67, 0x85, 0x92,
    0x39, 0xC5, 0x78, 0x7C, 0x2C, 0x99, 0x58, 0x51, 0x35, 0x26, 0x61, 0x4D, 0xD2, 0x50, 0xA1, 0x4C,
    0x48, 0x58, 0x4B, 0x7E, 0x34, 0x66, 0xD3, 0x04, 0x8A, 0x8B, 0x71, 0xBC, 0x33, 0x1B, 0xA7, 0x46,
    0x4B, 0x66, 0xB4, 0x24, 0x46, 0xEF, 0x11, 0xBB, 0x9D, 0xAD, 0x00, 0x17, 0xED, 0xC3, 0x85, 0x9D,
    0x38, 0x2C, 0x1C, 0x7B, 0x80, 0x33, 0x21, 0x14, 0xB1, 0xD6, 0x3C, 0x28, 0x4D, 0xAF, 0xF1, 0x6B,
    0x20, 0x45, 0xAC, 0x05, 0x0F, 0x7A, 0x64, 0x48, 0xA3, 0x35, 0x47, 0x69, 0x32, 0xE2, 0x20, 0x9A,
    0xCE, 0x84, 0x58, 0xC0, 0x67, 0x98, 0x47, 0x72, 0x9F, 0x53, 0x8A, 0x3A, 0x93, 0x52, 0x24, 0x80,
    0x04, 0xCF, 0x71, 0xD6, 0xA5, 0x14, 0xE9, 0x21, 0xA5, 0x68, 0x9C, 0xE4, 0x72, 0x68, 0x28, 0x9F,
    0x19, 0xFB, 0x51, 0xD7, 0x94, 0xFB, 0xB7, 0xE4, 0x22, 0xBE, 0x7C, 0x43, 0x17, 0xF1, 0xC7, 0x02,
    0x5C, 0xBA, 0x3D, 0x2B, 0x32, 0xF2, 0xF8, 0xD4, 0x73, 0x44, 0x4A, 0xD1, 0xC4, 0xBC, 0xC3, 0x69,
    0x4E, 0x47, 0x62, 0xB1, 0xD4, 0x05, 0x4B, 0x4B, 0x5C, 0x38, 0x37, 0xA2, 0x58, 0x0F, 0x32, 0x7A,
    0x93, 0xAE, 0xEA, 0x3F, 0x93, 0x76, 0x8A, 0xEA, 0xA4, 0x85, 0xEC, 0x29, 0xC6, 0x65, 0xEA, 0x41,
    0x2A, 0xDD, 0x24, 0x43, 0xA8, 0xBA, 0xED, 0x0C, 0x21, 0x26, 0x01, 0x4A, 0x9C, 0xC6, 0x64, 0x08,
    0x55, 0x92, 0x21, 0xD4, 0x1B, 0xA5, 0x26, 0x19, 0x42, 0xD9, 0x74, 0xA0, 0x3F, 0x9E, 0xA2, 0xC6,
    0x42, 0xDD, 0xA2, 0x19, 0x15, 0x5E, 0x1F, 0xCC, 0xA8, 0x44, 0x99, 0x01, 0x3B, 0x38, 0xD8, 0x25,
    0x0F, 0x0A, 0x5F, 0x0B, 0x87, 0x93, 0x25, 0x98, 0xA8, 0x26, 0x81, 0x23, 0xD0, 0x59, 0xEF, 0xDB,
    0x90, 0xB1, 0x73, 0xBB, 0xD8, 0xE6, 0xB9, 0xC7, 0x85, 0xCE, 0x09, 0x7D, 0x87, 0xED, 0xCF, 0x4C,
    0x3E, 0xB3, 0xF4, 0x28, 0x92, 0x9C, 0xA7, 0x67, 0x24, 0xEA, 0x38, 0xC7, 0x1E, 0xF5, 0x73, 0x09,
    0x65, 0xF1, 0x5C, 0x24, 0x41, 0x6B, 0x13, 0xF1, 0xF2, 0x24, 0xFB, 0xDD, 0xA1, 0xE0, 0xAD, 0x86,
    0x84, 0xDB, 0xBD, 0x29, 0x7A, 0xE1, 0xC7, 0xF8, 0x7A, 0x94, 0x7B, 0xD7, 0xC0, 0xFF, 0xDE, 0xD5,
    0x77, 0x7F, 0x49, 0x0D, 0x08, 0x8B, 0xE3, 0x8B, 0xDF, 0x30, 0x35, 0x89, 0xB6, 0xC7, 0x17, 0x18,
    0x48, 0xEF, 0xEA, 0xFB, 0x18, 0xA2, 0xAB, 0x17, 0x20, 0xE0, 0xAE, 0x9C, 0x27, 0xE0, 0x04, 0x42,
    0x84, 0xE9, 0x2F, 0xFA, 0x6E, 0x47, 0x4C, 0xE5, 0x37, 0x23, 0xDA, 0x0F, 0x4D, 0x20, 0xFA, 0xA1,
    0x4A, 0x33, 0x71, 0x46, 0x7F, 0x07, 0x84, 0x68, 0xBF, 0x4B, 0x14, 0xDF, 0x7E, 0xA1, 0xB3, 0x42,
    0x29, 0x3D, 0xF4, 0x67, 0x85, 0x70, 0x1F, 0xDB, 0xA2, 0x5F, 0xE3, 0xE8, 0xE8, 0x1F, 0x1B, 0x65,
    0x29, 0x9B, 0x09, 0x52, 0x76, 0x71, 0xC0, 0xB1, 0x29, 0x27, 0x10, 0x0C, 0x4E, 0x68, 0x5A, 0xB8,
    0x7A, 0x11, 0x4F, 0xB4, 0x8C, 0x46, 0xFC, 0x7A, 0xAC, 0xEC, 0x78, 0xD8, 0x23, 0x23, 0x3A, 0x51,
    0x4D, 0xC8, 0x93, 0x46, 0xF1, 0xA0, 0x62, 0x2A, 0x46, 0x6A, 0x46, 0x0F, 0x26, 0x50, 0x1C, 0x71,
    0xDF, 0x04, 0xA6, 0x57, 0xC7, 0x25, 0xF4, 0xEF, 0x73, 0x7C, 0xD4, 0x61, 0xB1, 0xDE, 0xF8, 0xD7,
    0x11, 0x3E, 0xF3, 0x05, 0x3E, 0xF2, 0x79, 0x3E, 0xF1, 0x39, 0xC6, 0xF5, 0x5E, 0x65, 0xC6, 0x4E,
    0x49, 0xB3, 0x11, 0x7D, 0x9D, 0xA4, 0xAD, 0x61, 0xA5, 0x34, 0x12, 0x40, 0xC6, 0x82, 0x64, 0x04,
    0x39, 0x69, 0x25, 0x84, 0x5C, 0xBD, 0x28, 0x31, 0x64, 0x01, 0x72, 0x9D, 0x44, 0x9B, 0x9D, 0x4E,
    0xA4, 0x90, 0x23, 0xE9, 0x25, 0x68, 0xE3, 0xD9, 0x21, 0x9C, 0x6C, 0xAE, 0x49, 0xBA, 0x86, 0xD3,
    0x85, 0x8D, 0x9A, 0x04, 0xF6, 0xB0, 0xA8, 0x7A, 0xF3, 0x3D, 0x11, 0xD1, 0x9D, 0x65, 0xA4, 0x92,
    0x18, 0xAD, 0x58, 0x44, 0xC9, 0x35, 0xDA, 0x50, 0xF4, 0xDF, 0x09, 0x1C, 0x78, 0x53, 0x7D, 0x73,
    0xB4, 0xE0, 0x62, 0x56, 0xEB, 0xA0, 0x3A, 0x9D, 0x00, 0xD2, 0x2F, 0x47, 0xF9, 0x72, 0xBC, 0x18,
    0xE5, 0x04, 0x78, 0xBF, 0x20, 0x5B, 0x73, 0x96, 0xA2, 0xF7, 0x29, 0x3F, 0x98, 0x33, 0x46, 0xB7,
    0xA5, 0x8A, 0xDE, 0xA3, 0x7D, 0x94, 0x53, 0xE2, 0x8B, 0x8C, 0x53, 0x43, 0x48, 0xF0, 0xDE, 0xE4,
    0x7F, 0xE5, 0x52, 0x7F, 0x23, 0xCF, 0x32, 0x9B, 0x20, 0xDA, 0x29, 0x6C, 0x77, 0x7A, 0x8A, 0xBE,
    0x23, 0xF4, 0xE8, 0x97, 0x0D, 0xB4, 0xC4, 0x92, 0x0D, 0x2B, 0x5E, 0xA9, 0x31, 0x0B, 0xEF, 0x9A,
    0xEC, 0x2F, 0x5A, 0xC9, 0xA9, 0xF6, 0xA4, 0x45, 0x5A, 0x4B, 0xF3, 0xFE, 0xF5, 0x9C, 0x69, 0xF1,
    0xE3, 0xA6, 0x78, 0xC8, 0x14, 0xDB, 0x4C, 0xA1, 0xD6, 0x14, 0x32, 0x0A, 0x66, 0xD3, 0x03, 0x4F,
    0x72, 0x1C, 0xD4, 0xC6, 0x77, 0x6E, 0x54, 0x98, 0xE1, 0x56, 0x6B, 0xF2, 0xE1, 0x46, 0xF4, 0x07,
    0xA2, 0xCF, 0x1D, 0xB1, 0xEA, 0x33, 0xEC, 0xD0, 0x43, 0x24, 0x0F, 0x6E, 0x2D, 0xB8, 0x34, 0x9D,
    0xDB, 0x26, 0x89, 0x3E, 0x92, 0x8F, 0x2C, 0xD1, 0xEF, 0x6E, 0xBA, 0xEC, 0x6E, 0x5C, 0xF6, 0xC9,
    0xC7, 0x52, 0x12, 0x4E, 0x48, 0x09, 0xEB, 0xD2, 0x5C, 0x07, 0x12, 0x94, 0x32, 0x29, 0x4D, 0x19,
    0x55, 0xA6, 0xBE, 0x0D, 0x4B, 0x97, 0xA5, 0xD9, 0x57, 0x12, 0x95, 0xB2, 0xAF, 0xA3, 0x1C, 0xA7,
    0x4A, 0x8D, 0xCB, 0x64, 0x68, 0xED, 0x39, 0x33, 0x1D, 0xE9, 0x60, 0x0D, 0xFF, 0xB3, 0x81, 0x3F,
    0xFE, 0x18, 0xDA, 0x2C, 0x98, 0x88, 0x80, 0x32, 0xBB, 0x9B, 0xE8, 0x81, 0xAE, 0xC6, 0x3E, 0x39,
    0xD0, 0x8B, 0xB4, 0x83, 0xC5, 0x51, 0x5B, 0xFB, 0xD7, 0x92, 0x62, 0x25, 0x06, 0x11, 0x88, 0xE7,
    0xCC, 0x9F, 0x50, 0xBA, 0x70, 0x93, 0x1E, 0x7A, 0x57, 0xAA, 0xF7, 0xC5, 0x8E, 0x98, 0xCE, 0xC0,
    0x37, 0xFB, 0x26, 0x04, 0xEF, 0xD7, 0x54, 0xDF, 0x56, 0x2F, 0x2A, 0x29, 0x4B, 0x87, 0x44, 0x3A,
    0x93, 0x49, 0x07, 0x4C, 0xF4, 0x68, 0x2D, 0x02, 0xA7, 0x91, 0x21, 0x9B, 0x95, 0x60, 0xD2, 0x1E,
    0x65, 0x6A, 0x85, 0xFE, 0xC4, 0xFD, 0x51, 0xE9, 0x32, 0xE1, 0xA3, 0xF0, 0xDF, 0x85, 0xEE, 0x2D,
    0x22, 0xC5, 0x94, 0x9B, 0x04, 0x98, 0x29, 0x2A, 0x33, 0xF4, 0x39, 0x82, 0x26, 0x4F, 0x70, 0x27,
    0xF4, 0x10, 0xFA, 0x92, 0x29, 0xE6, 0xDC, 0x27, 0x29, 0xF3, 0xD5, 0xC2, 0x8F, 0xAA, 0x54, 0x25,
    0x9F, 0xEB, 0xCF, 0xA8, 0xB6, 0x8D, 0x01, 0x46, 0x09, 0x34, 0x58, 0xE1, 0x1E, 0xEA, 0x08, 0xF2,
    0x07, 0x30, 0x7A, 0x7B, 0xA1, 0xBB, 0x21, 0xD8, 0x5F, 0x7B, 0xB7, 0x4A, 0x2E, 0xE4, 0x75, 0xF4,
    0x7E, 0xDE, 0x44, 0xBF, 0xCA, 0xAB, 0xE0, 0x8B, 0x8F, 0x2E, 0x62, 0xBE, 0x7F, 0x6D, 0x71, 0xAD,
    0x6C, 0xFF, 0x76, 0x7C, 0x6F, 0xD2, 0xFF, 0x1E, 0xFD, 0xE9, 0x98, 0xC5, 0x04, 0x1D, 0x12, 0x49,
    0x99, 0x1C, 0x2C, 0x31, 0xD4, 0x44, 0xEA, 0x4D, 0x12, 0x80, 0x37, 0x19, 0x35, 0x3C, 0xB0, 0x31,
    0x3C, 0xB8, 0x2F, 0x59, 0x86, 0xCD, 0x4A, 0x96, 0xA1, 0xD5, 0x4E, 0x45, 0x92, 0x8E, 0x4F, 0x51,
    0xB3, 0x3B, 0x08, 0x86, 0xF6, 0xD6, 0x82, 0x9D, 0xFF, 0x0D, 0xD6, 0x6A, 0x07, 0x31, 0x78, 0x66,
    0xA8, 0x66, 0x76, 0xBC, 0xD5, 0x43, 0xDC, 0x8B, 0x99, 0x0E, 0xE8, 0x7A, 0x84, 0x7A, 0x70, 0x73,
    0xC1, 0xF4, 0x98, 0xC3, 0x7D, 0x34, 0x93, 0x99, 0xCE, 0x57, 0xBD, 0xCC, 0xE5, 0x4F, 0xDC, 0xDC,
    0x53, 0x5F, 0x18, 0x48, 0x1B, 0x2B, 0xF1, 0xA2, 0x6F, 0x48, 0xE4, 0xAA, 0xAB, 0x45, 0x45, 0xB4,
    0x63, 0x37, 0x09, 0x7D, 0xAC, 0x61, 0x05, 0xCC, 0x3B, 0xE5, 0x63, 0x3D, 0x30, 0xF8, 0x58, 0x8F,
    0xAD, 0x84, 0x24, 0x05, 0x1B, 0x6E, 0xE2, 0x60, 0xC5, 0x0B, 0x0B, 0xB7, 0xD3, 0x81, 0x3F, 0xD0,
    0xFF, 0x42, 0x3D, 0x87, 0xB5, 0xF2, 0x0D, 0xFD, 0xD6, 0x5D, 0xE9, 0xC0, 0x8E, 0xEC, 0x7A, 0x4A,
    0x39, 0x61, 0x1D, 0xF9, 0x64, 0x73, 0x1D, 0xB8, 0x37, 0x59, 0x94, 0xB1, 0x64, 0x51, 0xD6, 0x92,
    0x45, 0x69, 0xB4, 0xA3, 0xD1, 0x09, 0x06, 0x0F, 0x57, 0xEB, 0xE8, 0xFC, 0x16, 0x63, 0xC7, 0x1F,
    0x9B, 0xD8, 0xB1, 0xE0, 0xEB, 0x6A, 0xEA, 0x38, 0x39, 0xF8, 0xCA, 0xF6, 0x99, 0x10, 0x30, 0x15,
    0x61, 0xA4, 0xAB, 0xE8, 0x6F, 0x74, 0xE2, 0xEA, 0x74, 0xCE, 0xE9, 0x77, 0x61, 0xC2, 0x96, 0x4D,
    0x01, 0x9D, 0xB0, 0xCD, 0x14, 0xEA, 0x8E, 0x17, 0x26, 0x8B, 0xD3, 0x28, 0x2C, 0xD3, 0x71, 0xD7,
    0xF4, 0xDC, 0xB8, 0x7B, 0xC6, 0x85, 0x5A, 0x5D, 0x94, 0xDF, 0x1C, 0xFD, 0xC9, 0xCC, 0x02, 0xAD,
    0x69, 0xE0, 0xB0, 0xD3, 0xC9, 0xAF, 0x31, 0x75, 0xCB, 0xD1, 0x3F, 0x81, 0x16, 0xD1, 0xBB, 0x9C,
    0xC6, 0x28, 0xBF, 0x35, 0x4D, 0x7E, 0x97, 0x5D, 0xA7, 0x78, 0x1C, 0x52, 0xB4, 0x92, 0x29, 0xFB,
    0xED, 0xA0, 0xD0, 0xC7, 0xD5, 0x34, 0x68, 0xB8, 0x17, 0x89, 0xA3, 0x66, 0xF5, 0xF4, 0xF1, 0x04,
    0x30, 0x52, 0x36, 0xAE, 0xB5, 0x4B, 0xD4, 0x2A, 0xBB, 0x64, 0x6B, 0x61, 0xFB, 0x6A, 0x08, 0xDB,
    0x27, 0x43, 0x57, 0x9F, 0x19, 0x5C, 0x28, 0x0F, 0x8C, 0xFB, 0x58, 0xC1, 0x8E, 0x62, 0xFE, 0x5A,
    0x3F, 0xB6, 0x24, 0xFA, 0x9D, 0x42, 0xFD, 0x8D, 0xA9, 0x7E, 0x21, 0x68, 0xA5, 0x8F, 0xCC, 0x3E,
    0xD3, 0x27, 0x40, 0xAD, 0xC3, 0x02, 0x6A, 0xFD, 0x29, 0xEA, 0x19, 0xFF, 0xF6, 0x34, 0x0D, 0x06,
    0x4B, 0x7C, 0xF0, 0x74, 0xCF, 0x2C, 0x00, 0xF0, 0x25, 0x5D, 0x08, 0xB4, 0x50, 0xD1, 0x01, 0x77,
    0xE9, 0x3C, 0xC9, 0x07, 0x63, 0xF2, 0xBF, 0xBF, 0x12, 0xA7, 0x13, 0x0D, 0xD0, 0x0F, 0x18, 0x58,
    0x25, 0xB1, 0xCE, 0xB7, 0xE3, 0x84, 0x8A, 0x68, 0x55, 0xE8, 0xC2, 0xE4, 0xD9, 0xBB, 0x72, 0x6E,
    0xF5, 0x9E, 0xD0, 0xF5, 0x94, 0xBB, 0x62, 0x36, 0xDC, 0x37, 0x1E, 0x56, 0xB7, 0xA0, 0xA8, 0x3F,
    0x22, 0xF0, 0xBA, 0xBC, 0x12, 0x37, 0x19, 0x62, 0xCA, 0xD1, 0x06, 0x79, 0x33, 0xE6, 0xF8, 0x3A,
    0x63, 0xCA, 0xDC, 0xD7, 0x5B, 0x11, 0xC2, 0xF8, 0x37, 0xFB, 0xAD, 0xFD, 0x7A, 0x1C, 0xDC, 0x7B,
    0x52, 0x62, 0x00, 0x67, 0x25, 0xEF, 0x0E, 0x90, 0xAA, 0xC8, 0xE2, 0x06, 0xD2, 0x30, 0xC8, 0x2B,
    0x7A, 0x34, 0xAB, 0xA3, 0xD0, 0xE3, 0x6E, 0x7D, 0x80, 0x2D, 0x6A, 0x5C, 0x7D, 0x7D, 0xE9, 0x54,
    0x2B, 0x7B, 0x5C, 0xEA, 0x21, 0x7F, 0x3D, 0x9B, 0xA2, 0x43, 0x46, 0x7B, 0x35, 0xA6, 0x4F, 0xC9,
    0x7A, 0xAB, 0x38, 0x23, 0xB6, 0x74, 0xCB, 0x2B, 0x18, 0x29, 0xA3, 0x33, 0x27, 0x30, 0xDE, 0xD7,
    0xEF, 0xC5, 0x8A, 0xDE, 0xEA, 0xD6, 0xFA, 0xB9, 0x6A, 0xFC, 0xCF, 0xD3, 0xA3, 0x87, 0xDC, 0xF2,
    0x6B, 0xAD, 0x53, 0x31, 0xA7, 0xCE, 0xE9, 0x97, 0x16, 0x99, 0xD2, 0x22, 0x87, 0xA4, 0x24, 0xA2,
    0x3E, 0xFD, 0x19, 0x19, 0x39, 0x97, 0x4D, 0xD6, 0xD6, 0xE2, 0x24, 0xB8, 0xE7, 0x95, 0xAC, 0xCD,
    0xBF, 0xC8, 0xEE, 0xF8, 0x15, 0xA9, 0x5B, 0x9C, 0xBD, 0x9F, 0xFD, 0x3A, 0xBC, 0x8E, 0x91, 0xFC,
    0xC9, 0xF2, 0xF9, 0x43, 0x3B, 0x55, 0x19, 0x2C, 0x42, 0x0D, 0xBE, 0x61, 0xF9, 0x88, 0x9D, 0xDE,
    0xFE, 0x18, 0x54, 0x6B, 0x64, 0xAE, 0xFA, 0xB2, 0xBB, 0xE2, 0xC7, 0x9B, 0x6A, 0xC7, 0x2E, 0xFB,
    0xB1, 0xD3, 0x7E, 0xE2, 0xB6, 0x1F, 0x3B, 0xEE, 0xD1, 0xD7, 0xF2, 0xFF, 0xD3, 0x86, 0xBC, 0xE1,
    0xA7, 0xDA, 0x2E, 0xAA, 0xEF, 0x21, 0xD2, 0x4E, 0xD0, 0x55, 0x52, 0x8F, 0x61, 0xF0, 0x5D, 0x49,
    0xAE, 0x24, 0x11, 0x8F, 0x93, 0x38, 0x9C, 0xC4, 0xDF, 0x24, 0xEE, 0x26, 0xF1, 0x36, 0x89, 0xB3,
    0x49, 0x7C, 0x4D, 0xE2, 0x6A, 0x72, 0xF4, 0xB9, 0xD8, 0x38, 0x61, 0xC6, 0xC9, 0xD0, 0xB2, 0xDB,
    0x2D, 0xA4, 0xB5, 0xE3, 0xD3, 0x7B, 0x4A, 0x07, 0xA1, 0xD9, 0x7F, 0xCF, 0xC8, 0x2E, 0x06, 0x9D,
    0x53, 0xDD, 0x8E, 0xC3, 0xC3, 0xB4, 0x13, 0x1E, 0xA6, 0x24, 0x88, 0x7C, 0x81, 0x30, 0xE8, 0x12,
    0x50, 0xF4, 0xCC, 0xC8, 0x82, 0xEE, 0x77, 0x5B, 0xAF, 0x41, 0x1B, 0xEA, 0xC7, 0x76, 0x7B, 0x35,
    0x2C, 0x8A, 0x6B, 0x62, 0xF1, 0xA5, 0x5E, 0x93, 0x95, 0x1E, 0x04, 0xB9, 0xF1, 0x96, 0x32, 0xB2,
    0x03, 0x4B, 0x41, 0x53, 0xE6, 0x71, 0xB9, 0x31, 0x64, 0xC7, 0xC3, 0x1B, 0x0B, 0x98, 0x21, 0xFE,
    0xDF, 0x4D, 0xC5, 0x32, 0xEF, 0xDD, 0x86, 0xB7, 0x76, 0x6A, 0xC3, 0x5B, 0x28, 0xAA, 0x2B, 0x9C,
    0x52, 0xA8, 0x73, 0x53, 0x46, 0xFE, 0x51, 0x35, 0xA4, 0x71, 0xB6, 0x6A, 0x2E, 0xDC, 0x44, 0x1A,
    0x67, 0x30, 0x4E, 0xE3, 0xEC, 0x06, 0x2F, 0x63, 0x65, 0xF6, 0x74, 0x58, 0xF9, 0x3D, 0xDE, 0xC3,
    0xA6, 0x64, 0x1F, 0x97, 0x71, 0x38, 0x99, 0x97, 0x01, 0x0C, 0x94, 0x0D, 0xB3, 0x24, 0x0A, 0xEE,
    0xBF, 0x47, 0x2E, 0xF5, 0xAF, 0xB2, 0x69, 0xB4, 0x97, 0x6E, 0xDB, 0x93, 0xE1, 0x32, 0xD7, 0x46,
    0x92, 0x09, 0x85, 0x88, 0x9B, 0x5D, 0x36, 0x3D, 0x08, 0x11, 0xE3, 0x55, 0xAC, 0xD6, 0x68, 0xE2,
    0x48, 0x99, 0xBF, 0xBF, 0x7B, 0xFA, 0xCC, 0x7B, 0x11, 0x9C, 0x6A, 0x65, 0x17, 0x86, 0x6B, 0x76,
    0xB4, 0xC7, 0x63, 0x07, 0xEA, 0x97, 0x4F, 0x9E, 0x8D, 0x26, 0x9E, 0xF5, 0xE3, 0x13, 0x6F, 0xD1,
    0xC9, 0x7B, 0x07, 0xCF, 0xF8, 0x22, 0x95, 0xE1, 0xE5, 0x05, 0x26, 0x8C, 0x36, 0xDD, 0x67, 0x7B,
    0xC3, 0x1D, 0x47, 0x5B, 0x82, 0x67, 0xD6, 0xA9, 0x9A, 0x78, 0x54, 0x59, 0xCD, 0x1A, 0xB5, 0x31,
    0x7F, 0x5F, 0x37, 0x90, 0xF6, 0x1B, 0x6D, 0x20, 0x1D, 0x36, 0xE0, 0x0C, 0x6F, 0x07, 0x32, 0xF8,
    0x74, 0xAC, 0x45, 0xF7, 0x99, 0xE2, 0x31, 0x49, 0xBB, 0x9E, 0x67, 0xDA, 0x75, 0x09, 0x79, 0x65,
    0xF6, 0x32, 0xA6, 0xC6, 0x9D, 0x94, 0xBC, 0x06, 0x32, 0x95, 0x76, 0xDD, 0x81, 0xB8, 0x26, 0xED,
    0x1A, 0xC4, 0xAA, 0xA2, 0x22, 0xA9, 0x3E, 0x34, 0xE6, 0x50, 0x3B, 0x36, 0x86, 0x64, 0x6C, 0x65,
    0x69, 0x41, 0xF3, 0x3D, 0xE1, 0x55, 0xD1, 0xCD, 0x21, 0x94, 0x8C, 0xB2, 0xC9, 0x57, 0x3B, 0x69,
    0xCC, 0x2A, 0x3A, 0x8E, 0x9D, 0x86, 0x39, 0xED, 0xB6, 0xD1, 0x6D, 0xAB, 0xDE, 0x43, 0x71, 0x9F,
    0xDF, 0xB0, 0xE0, 0xE4, 0xBB, 0xC1, 0x31, 0x4F, 0x29, 0xE7, 0x4A, 0xC5, 0x58, 0x13, 0x80, 0xC8,
    0x97, 0xDA, 0xB2, 0x61, 0xA0, 0x01, 0xAD, 0x07, 0xA7, 0xA3, 0xBB, 0xCD, 0x91, 0x44, 0x15, 0xAB,
    0x91, 0xE4, 0xDF, 0xFB, 0xD9, 0x57, 0x3B, 0x7E, 0x51, 0xF9, 0x1F, 0xB6, 0x2A, 0xBC, 0x0C, 0x36,
    0x44, 0xE9, 0xA6, 0xEF, 0xA8, 0x2F, 0xB9, 0x3D, 0x65, 0x18, 0xC0, 0x61, 0x77, 0x58, 0xD6, 0x49,
    0xC7, 0xC0, 0x06, 0x00, 0x05, 0xF6, 0x6F, 0x6A, 0x66, 0xAA, 0x39, 0x6F, 0xD4, 0x02, 0xCF, 0x0D,
    0x1F, 0xEF, 0x0B, 0x6A, 0xFA, 0x88, 0xE6, 0x02, 0x79, 0x33, 0xC9, 0xB1, 0xE0, 0x1A, 0x93, 0x06,
    0xEA, 0x80, 0x66, 0x00, 0x73, 0x08, 0x01, 0x7F, 0x9C, 0xDF, 0x9D, 0xE2, 0x35, 0x5F, 0xC9, 0x9D,
    0x81, 0xE1, 0xFF, 0x67, 0x58, 0x3C, 0xA8, 0xCE, 0xB0, 0x78, 0x0C, 0x3C, 0x8A, 0x62, 0x0E, 0x5D,
    0x8C, 0xBA, 0xEF, 0x36, 0x91, 0x7E, 0x6F, 0xBC, 0x0B, 0x51, 0xBA, 0xF2, 0xEC, 0x5B, 0x22, 0x59,
    0x52, 0xEF, 0xF5, 0xD6, 0xCF, 0xD1, 0x1B, 0xAF, 0x3C, 0xE4, 0xB4, 0x47, 0x0A, 0x60, 0xDD, 0x6B,
    0x74, 0x77, 0x30, 0xDE, 0x44, 0x3D, 0xFA, 0x29, 0x81, 0xD2, 0x4F, 0x3A, 0x18, 0xAD, 0x3F, 0xD1,
    0x7F, 0x97, 0x47, 0x9F, 0x6B, 0x86, 0x5D, 0xB3, 0x0E, 0x78, 0x8D, 0xDB, 0x85, 0xBE, 0x66, 0x54,
    0x4B, 0x4E, 0xF0, 0x09, 0x22, 0x61, 0x05, 0x59, 0xCF, 0x5E, 0x73, 0x2F, 0xDF, 0x0A, 0x06, 0xC8,
    0x53, 0x3E, 0xE0, 0x94, 0x5F, 0x73, 0xAE, 0x2C, 0x33, 0xE7, 0x6B, 0xEF, 0x56, 0xD2, 0x6C, 0xAD,
    0x05, 0x91, 0xCC, 0xE8, 0xF8, 0xB5, 0xC3, 0x40, 0x0A, 0x39, 0x10, 0x72, 0x40, 0xF7, 0xCF, 0x01,
    0x3A, 0x64, 0xF6, 0x4F, 0xBD, 0x9F, 0xCA, 0x24, 0xE3, 0x1B, 0x9B, 0xD1, 0x10, 0x66, 0x2F, 0x35,
    0xC9, 0xEF, 0x96, 0x4E, 0xD5, 0x58, 0xB8, 0x41, 0x85, 0x95, 0xCC, 0x0D, 0x11, 0x8A, 0xE9, 0x46,
    0xDC, 0xCD, 0xD5, 0xB9, 0xAD, 0xA9, 0x59, 0x59, 0x74, 0x40, 0xBE, 0xC4, 0x70, 0x94, 0x78, 0x51,
    0xDA, 0x59, 0x7A, 0x65, 0x7B, 0xF3, 0x89, 0x74, 0x97, 0x58, 0x6D, 0x62, 0x37, 0x91, 0x53, 0xD2,
    0x9D, 0xFC, 0xE6, 0x90, 0x21, 0x94, 0x79, 0x93, 0xB8, 0x0F, 0x65, 0xEF, 0x2B, 0x6E, 0x71, 0xEF,
    0xDA, 0xBA, 0x23, 0x3E, 0x19, 0x7C, 0xD0, 0x46, 0x1F, 0xB5, 0xE1, 0x07, 0xAD, 0x17, 0x8B, 0x68,
    0xDA, 0x7C, 0xEB, 0x8D, 0x41, 0x25, 0x70, 0xDF, 0x80, 0x2C, 0xA7, 0x37, 0xCE, 0x74, 0xC3, 0xE5,
    0x04, 0x48, 0xE4, 0xF0, 0xFF, 0x3F, 0xB0, 0x7F, 0xF1, 0x11, 0xC1, 0x0E, 0x0C, 0xE7, 0xB9, 0xAD,
    0xE8, 0xD4, 0x36, 0x63, 0x07, 0xCA, 0x03, 0x93, 0xB4, 0xD6, 0xBB, 0x02, 0xFB, 0x77, 0x03, 0x43,
    0x75, 0x26, 0xC7, 0xFB, 0x22, 0x2D, 0xC4, 0x33, 0xEA, 0x6E, 0xBC, 0x13, 0x64, 0x3C, 0xD7, 0x9D,
    0xCC, 0xB5, 0xCC, 0xDF, 0xA6, 0x77, 0x73, 0xCD, 0x9A, 0x94, 0x8E, 0x2A, 0x1A, 0xE9, 0xFC, 0x38,
    0xDA, 0x44, 0x2B, 0xA3, 0x30, 0x7B, 0x03, 0x25, 0x31, 0x82, 0xFE, 0x7C, 0xF1, 0x4F, 0x7F, 0x5F,
    0x82, 0xA8, 0xC5, 0xE0, 0xE7, 0xAC, 0x0A, 0x1C, 0x7C, 0x4B, 0x0C, 0x60, 0x40, 0x49, 0xAD, 0x9B,
    0x3C, 0x8B, 0x85, 0xCC, 0xFB, 0x46, 0xD0, 0x29, 0x43, 0x82, 0x46, 0xF4, 0x7C, 0x87, 0x19, 0x6E,
    0xD5, 0x53, 0xA8, 0x6B, 0xB7, 0x79, 0x87, 0x82, 0xA0, 0x09, 0x5B, 0x3C, 0x21, 0x90, 0xDC, 0xA7,
    0x28, 0xA3, 0xD8, 0x4F, 0x5E, 0x88, 0xC6, 0x07, 0x05, 0x10, 0x94, 0xE9, 0x39, 0x48, 0xF8, 0x56,
    0x9D, 0x73, 0x2B, 0xF1, 0xBC, 0x98, 0xB5, 0x36, 0x1A, 0x89, 0xEB, 0x99, 0x6B, 0xC3, 0x5E, 0xBB,
    0xE7, 0xF9, 0xBE, 0xBD, 0x71, 0x24, 0x93, 0x18, 0x2F, 0xC9, 0xD2, 0x52, 0x3C, 0x0E, 0xB3, 0xDD,
    0x99, 0x3D, 0x72, 0xBB, 0x57, 0x98, 0x10, 0x2C, 0xC8, 0xAC, 0x60, 0xC3, 0x88, 0x4D, 0x90, 0xDE,
    0xEF, 0x5E, 0x3F, 0xB9, 0x83, 0x31, 0x97, 0x90, 0xB3, 0xC9, 0x55, 0xDA, 0x33, 0xA9, 0xF3, 0x98,
    0x77, 0x87, 0xFB, 0x1F, 0x6F, 0x93, 0x2D, 0x0D, 0x89, 0x18, 0xB7, 0x9C, 0x6F, 0xAF, 0x11, 0x47,
    0x77, 0x75, 0xE8, 0xBE, 0xBF, 0xDC, 0x63, 0xF1, 0x61, 0x08, 0x94, 0x4C, 0x9A, 0xE5, 0x36, 0x59,
    0x3C, 0x11, 0x25, 0xB7, 0xB9, 0xEF, 0xEE, 0x36, 0x7B, 0x73, 0x1D, 0x46, 0xD5, 0x38, 0x05, 0xF7,
    0xCB, 0xF4, 0xE6, 0x46, 0xAD, 0xD6, 0x5A, 0x8E, 0x1B, 0xB7, 0xFA, 0x2E, 0xCC, 0xD0, 0x9D, 0xEA,
    0xD3, 0x56, 0x67, 0xE8, 0x56, 0x7D, 0x65, 0x57, 0xA5, 0xA7, 0xD2, 0x51, 0xE9, 0xA7, 0x23, 0xDD,
    0xBC, 0x57, 0x3B, 0xD0, 0x77, 0xAA, 0xC5, 0xE8, 0x17, 0x4D, 0x74, 0xA1, 0x05, 0xDD, 0x29, 0xD6,
    0xDF, 0xE6, 0xB7, 0x64, 0x51, 0x76, 0xAE, 0x58, 0x94, 0x5A, 0xFF, 0x5E, 0xBD, 0xD0, 0x04, 0x8D,
    0xB2, 0xD8, 0xB0, 0xA5, 0xA5, 0xBB, 0xBC, 0x2B, 0x53, 0x0A, 0x18, 0x7F, 0xB1, 0x20, 0x00, 0x31,
    0x58, 0x68, 0x68, 0x58, 0x75, 0xF8, 0x7B, 0x32, 0x12, 0x2F, 0xEE, 0xA4, 0x3D, 0x95, 0x3B, 0x5D,
    0x92, 0x8B, 0x2D, 0xF5, 0xCE, 0xDE, 0xBB, 0x3C, 0x22, 0xCE, 0x5F, 0x89, 0x93, 0xE7, 0x2A, 0xC1,
    0x66, 0xF4, 0x06, 0xCD, 0xDE, 0x33, 0x87, 0xE4, 0xBD, 0x8E, 0xCB, 0xBF, 0x27, 0x23, 0x62, 0x2D,
    0x2E, 0x2A, 0xE7, 0x52, 0x23, 0xF9, 0xE8, 0xFE, 0xEB, 0x00, 0xBE, 0xF8, 0xCE, 0x1C, 0x40, 0xE3,
    0x13, 0x4F, 0xDC, 0xBD, 0x51, 0xB1, 0x44, 0xF1, 0xFA, 0x05, 0x9B, 0x14, 0x5C, 0xEA, 0x27, 0x14,
    0xD6, 0x88, 0xBA, 0x87, 0x71, 0xBA, 0x0D, 0x5F, 0xF0, 0x72, 0xF2, 0x2B, 0xB4, 0xB2, 0xD3, 0xC9,
    0x0A, 0x79, 0x73, 0xDF, 0x10, 0xDB, 0xBA, 0xBD, 0x8D, 0xB5, 0x77, 0xE4, 0x25, 0x85, 0x12, 0x60,
    0x2D, 0x31, 0x26, 0xB5, 0xD9, 0xBD, 0x63, 0x0F, 0x87, 0xF8, 0x4F, 0x4B, 0xF1, 0x51, 0xDD, 0x7A,
    0x1B, 0x62, 0x9F, 0x46, 0xF4, 0x34, 0xE5, 0xF4, 0xF6, 0x78, 0x29, 0xDF, 0x4E, 0x69, 0x9B, 0x17,
    0xF4, 0xCA, 0x28, 0x7C, 0x47, 0x16, 0x46, 0x76, 0x41, 0x8C, 0xD2, 0xC4, 0x14, 0xA1, 0x53, 0xFE,
    0x7E, 0xBE, 0xFB, 0xC4, 0x8E, 0xB9, 0xB1, 0xCD, 0xFF, 0x2D, 0x5D, 0x1C, 0xC1, 0x65, 0x09, 0x4B,
    0x5D, 0xEA, 0xE4, 0x8D, 0x9B, 0xA7, 0xC7, 0xB7, 0xDC, 0x8D, 0x8D, 0xBD, 0x93, 0x77, 0x43, 0x02,
    0x49, 0xE9, 0x11, 0x81, 0x15, 0x56, 0x39, 0xC8, 0x63, 0x24, 0x0F, 0xAA, 0xA9, 0x18, 0xC1, 0x98,
    0xD8, 0x12, 0x95, 0xFC, 0x7E, 0xB7, 0xA0, 0x36, 0xBA, 0xBA, 0x31, 0x19, 0xFB, 0x88, 0xF9, 0x52,
    0x62, 0x79, 0x2B, 0xB1, 0xBC, 0x96, 0xD8, 0xAC, 0xD6, 0xED, 0xA3, 0xEF, 0xD2, 0x5F, 0x13, 0xDB,
    0xBD, 0x0F, 0x2E, 0x74, 0x86, 0x43, 0xC9, 0xC1, 0x6C, 0x8A, 0x3F, 0xD0, 0xF3, 0x93, 0xFF, 0x27,
    0x47, 0x67, 0x52, 0xF5, 0xEC, 0x21, 0xE0, 0xE0, 0x0C, 0x8B, 0x88, 0x8E, 0xE7, 0x64, 0xFC, 0x26,
    0xEC, 0x3B, 0x91, 0x28, 0xA1, 0xD7, 0x25, 0x4A, 0x64, 0x26, 0x51, 0xA2, 0xA1, 0x34, 0xF0, 0x25,
    0x51, 0x02, 0xB8, 0x44, 0xB6, 0x1E, 0x88, 0xCD, 0x31, 0xED, 0x7C, 0xCF, 0xA6, 0x68, 0xBF, 0x92,
    0xA7, 0xE3, 0x36, 0x13, 0xC1, 0x66, 0x99, 0x69, 0xF8, 0xC1, 0x96, 0xB6, 0xDD, 0xAB, 0x30, 0x26,
    0x30, 0xA2, 0x80, 0x62, 0x92, 0x18, 0x1D, 0x06, 0x3C, 0xDC, 0xD2, 0x38, 0x3D, 0x65, 0x74, 0xCD,
    0x53, 0xAC, 0x78, 0x22, 0x8F, 0x3B, 0x9F, 0xD1, 0xF3, 0x42, 0xF5, 0xE2, 0xC2, 0x23, 0x2B, 0x57,
    0xEC, 0x3F, 0x24, 0x31, 0xE5, 0x5C, 0xEB, 0x0B, 0xE6, 0xDA, 0xAF, 0x8C, 0x91, 0x65, 0xF2, 0x07,
    0x85, 0xF6, 0xE3, 0x71, 0xB1, 0x7F, 0xC3, 0x3F, 0xDD, 0xD7, 0xD8, 0x62, 0x5F, 0x12, 0x41, 0xE7,
    0x44, 0xF2, 0xBE, 0xC3, 0xF1, 0x04, 0xE3, 0x06, 0x8C, 0x8D, 0x32, 0x76, 0x94, 0x81, 0x29, 0x74,
    0x65, 0x9C, 0x01, 0x8F, 0xA0, 0x57, 0xA1, 0x0E, 0x2B, 0xB7, 0xF5, 0x53, 0xBB, 0x0F, 0x50, 0xD5,
    0x71, 0xB5, 0x53, 0xF7, 0x27, 0x65, 0xFB, 0x1B, 0x5F, 0x1E, 0x7D, 0x19, 0x58, 0xEC, 0x97, 0x00,
    0x63, 0x39, 0xF0, 0x59, 0xAA, 0xCB, 0x64, 0x78, 0xB5, 0xF1, 0xFF, 0x01, 0xCD, 0x5A, 0x3D, 0x6C,
    0xDD, 0xD6, 0x15, 0x3E, 0x24, 0x23, 0x51, 0x32, 0xED, 0xD2, 0x83, 0x55, 0xB4, 0x72, 0x6D, 0x66,
    0xD0, 0xD0, 0x1A, 0x4E, 0xD8, 0xC1, 0x43, 0x06, 0xD7, 0x64, 0x9B, 0xA1, 0x01, 0xBA, 0x78, 0x88,
    0xBB, 0x74, 0x88, 0x86, 0x2C, 0x2D, 0x0A, 0xC8, 0x05, 0x3A, 0x64, 0x78, 0x0D, 0x89, 0x02, 0x6D,
    0x86, 0x0E, 0xD6, 0xDE, 0xA1, 0x4B, 0x80, 0x16, 0x2E, 0xD0, 0x1A, 0xA9, 0x87, 0x0C, 0x8A, 0xC9,
    0x4C, 0x1D, 0x3C, 0x98, 0x81, 0x61, 0x74, 0x65, 0x90, 0x6C, 0x29, 0x50, 0xC6, 0x7E, 0x2D, 0x9E,
    0x9A, 0xF7, 0x78, 0xF3, 0x7D, 0xE7, 0xF2, 0xFD, 0x20, 0x75, 0x6D, 0x4B, 0x4F, 0xD6, 0x7B, 0xD2,
    0xE3, 0x91, 0xC8, 0x47, 0xDE, 0x7B, 0xBE, 0xEF, 0x9E, 0xBF, 0x7B, 0x2F, 0x45, 0xE4, 0x45, 0xC1,
    0xCF, 0x6A, 0x43, 0x19, 0x0D, 0x28, 0x93, 0xE1, 0x54, 0xFE, 0x6D, 0x44, 0xF9, 0xD0, 0x50, 0x7E,
    0x4C, 0xE9, 0x96, 0x26, 0x15, 0xF1, 0x4A, 0x53, 0x8A, 0xF8, 0x79, 0x06, 0x19, 0xDE, 0x2C, 0x2A,
    0x48, 0x63, 0x6A, 0x91, 0x97, 0xAF, 0x65, 0x68, 0xE8, 0xB2, 0x44, 0x7D, 0x91, 0x9E, 0x84, 0x68,
    0x6E, 0x20, 0xE1, 0x50, 0x9C, 0xBE, 0x04, 0x23, 0xF1, 0x87, 0x12, 0x99, 0x34, 0x31, 0xA5, 0x31,
    0xDA, 0xDB, 0xF4, 0xE7, 0x65, 0x95, 0x26, 0x57, 0x59, 0x4E, 0xA5, 0x5E, 0xDF, 0xCC, 0xC5, 0xC1,
    0x03, 0xC1, 0xEF, 0x06, 0x12, 0xA3, 0x89, 0x2B, 0x38, 0xD8, 0x14, 0x5B, 0x77, 0x0C, 0x9A, 0xFF,
    0xC7, 0x40, 0x92, 0x77, 0x70, 0xE0, 0xFB, 0xE4, 0x5F, 0x6D, 0x19, 0xFD, 0xDB, 0xA4, 0x6E, 0x7A,
    0xC6, 0x36, 0xFC, 0x81, 0xE0, 0x1E, 0x1E, 0xD0, 0x99, 0xDA, 0x7F, 0x9B, 0x17, 0xCF, 0xD6, 0x94,
    0x99, 0xE2, 0x7B, 0x45, 0xA5, 0xA7, 0x57, 0x5C, 0xED, 0x73, 0xE1, 0x7C, 0x14, 0xB9, 0x78, 0xA6,
    0x12, 0xF7, 0x2E, 0x5A, 0x89, 0x40, 0xC9, 0x79, 0x5C, 0x7B, 0xA1, 0xFB, 0x6E, 0x0E, 0x2E, 0x1C,
    0x95, 0x11, 0x14, 0x74, 0xF3, 0x82, 0x6A, 0x3E, 0xDC, 0x27, 0x2A, 0xC5, 0xD3, 0x16, 0x44, 0x52,
    0xAD, 0xE6, 0x0B, 0xC7, 0x1F, 0x40, 0x85, 0x90, 0x8D, 0xA0, 0xD1, 0x58, 0xE4, 0xC4, 0x65, 0xFC,
    0xD9, 0xC6, 0x60, 0xE1, 0xD2, 0x7F, 0x1A, 0x74, 0xF3, 0x96, 0xB8, 0xF2, 0x8D, 0xC3, 0xF3, 0x70,
    0x55, 0xC7, 0x59, 0x51, 0x79, 0xC6, 0x25, 0xDC, 0xF8, 0x5E, 0x33, 0xB5, 0x86, 0x65, 0xE1, 0xA1,
    0x87, 0xE3, 0x0E, 0xFB, 0xC2, 0x11, 0xE2, 0xF0, 0xD7, 0xD1, 0xC1, 0x0E, 0xDA, 0xC7, 0xC0, 0x39,
    0x0F, 0xC9, 0xC3, 0x6D, 0xF0, 0x70, 0x66, 0x1E, 0x7B, 0x70, 0x39, 0xFA, 0xD0, 0x8E, 0xFF, 0xDE,
    0xD0, 0x7E, 0x9A, 0xF7, 0x15, 0xDD, 0xF5, 0x29, 0x0F, 0xFE, 0xE2, 0xED, 0xE1, 0xA7, 0x1C, 0xA8,
    0x52, 0xBC, 0x7B, 0x00, 0x0E, 0x67, 0xF8, 0x16, 0xEC, 0x21, 0x59, 0xD3, 0x50, 0xE1, 0x3E, 0xAA,
    0xC4, 0xCB, 0x1B, 0x59, 0xA5, 0x82, 0x73, 0xF8, 0x05, 0x31, 0x6E, 0xFE, 0x91, 0xAE, 0x9F, 0x29,
    0x0A, 0xD3, 0xD2, 0x59, 0x7E, 0xAD, 0xD0, 0xC3, 0x66, 0x8A, 0xD4, 0x72, 0xB2, 0xBB, 0x04, 0x9C,
    0x9C, 0x84, 0x92, 0x03, 0xD0, 0x02, 0xBC, 0x2B, 0xB9, 0x9E, 0xAA, 0xA1, 0xA0, 0x75, 0xF7, 0x51,
    0x8D, 0x6E, 0x1A, 0xD8, 0xC6, 0x3C, 0x9C, 0xB8, 0x4B, 0x8C, 0xFD, 0x19, 0xF2, 0xC5, 0x5A, 0xF7,
    0x4F, 0xC7, 0x89, 0x43, 0x3B, 0x01, 0x27, 0xDE, 0x9C, 0x76, 0xF2, 0xF8, 0x5C, 0x22, 0x2B, 0x2A,
    0xE3, 0xA9, 0x2A, 0xAF, 0xD2, 0xB1, 0x9C, 0x8F, 0xFC, 0x74, 0xCC, 0x9B, 0x64, 0xCA, 0x09, 0x21,
    0x2E, 0x98, 0x3D, 0x9F, 0xCF, 0xF3, 0x69, 0x68, 0x1B, 0xE1, 0xFC, 0x22, 0xE2, 0xED, 0xD6, 0x2D,
    0xF1, 0x3F, 0xAB, 0xC5, 0x65, 0x0F, 0xC5, 0x3C, 0x19, 0x66, 0x36, 0xB4, 0xB6, 0xDA, 0xDD, 0x5F,
    0x3F, 0x24, 0x13, 0xD5, 0x0F, 0x97, 0x8F, 0x09, 0x07, 0x7F, 0x5D, 0x6A, 0x31, 0xB0, 0xC1, 0xD6,
    0xB9, 0x78, 0x5A, 0xFC, 0xD7, 0x6E, 0x89, 0xF7, 0x05, 0x7C, 0x07, 0xB9, 0x57, 0xB2, 0x74, 0x0E,
    0x26, 0x22, 0xAD, 0x26, 0x0A, 0xC5, 0x71, 0x49, 0xE5, 0xAB, 0x1F, 0xB1, 0xD3, 0xFB, 0xEF, 0x2C,
    0xA1, 0x4D, 0x5C, 0xE8, 0x02, 0x6C, 0x57, 0x6D, 0x38, 0x2F, 0x9D, 0x16, 0xEF, 0xB5, 0xEB, 0xCA,
    0x84, 0x33, 0x37, 0x13, 0x8F, 0x89, 0xAE, 0x44, 0xE3, 0xA8, 0xB7, 0x48, 0xEA, 0xA8, 0x7D, 0x2C,
    0xA3, 0xA7, 0x7C, 0x25, 0xC6, 0x3A, 0x72, 0x5A, 0x02, 0x81, 0x7D, 0x7C, 0xD6, 0x1C, 0x81, 0xA7,
    0x2C, 0x33, 0xEE, 0x67, 0x88, 0xAF, 0x74, 0x70, 0xF9, 0xAE, 0x8D, 0xA9, 0x7C, 0x90, 0x5F, 0x6D,
    0x3C, 0x8F, 0x3A, 0x5D, 0x8D, 0xC6, 0x0C, 0x25, 0x30, 0xDF, 0xDF, 0x63, 0x4C, 0x39, 0x47, 0x71,
    0x8A, 0x62, 0xC5, 0x86, 0x18, 0x88, 0xAB, 0x14, 0x48, 0x7A, 0xE6, 0xC7, 0x88, 0xF2, 0x06, 0x06,
    0x8B, 0xD3, 0xAA, 0xBB, 0xD6, 0x62, 0xD4, 0xC6, 0xF7, 0x39, 0x14, 0x5E, 0x0A, 0x11, 0xA2, 0xBD,
    0x6B, 0x19, 0x5B, 0x6E, 0x67, 0x21, 0xBB, 0x74, 0xDA, 0x80, 0x1C, 0x87, 0x13, 0xA1, 0xD7, 0x2E,
    0xE4, 0xEE, 0x17, 0x4D, 0x50, 0x0E, 0xA3, 0xF4, 0x83, 0xC4, 0xB4, 0xC9, 0xCD, 0x3F, 0x65, 0x50,
    0x0B, 0x9F, 0x5C, 0x92, 0x6A, 0x3D, 0x6E, 0xF7, 0x42, 0x33, 0xF0, 0x40, 0xF5, 0x37, 0xB5, 0x95,
    0x24, 0x65, 0x89, 0x86, 0x0F, 0x06, 0x62, 0x13, 0xF0, 0x39, 0x7E, 0x31, 0xFB, 0x39, 0xF7, 0x36,
    0xBF, 0xD6, 0x01, 0xAE, 0x8F, 0x19, 0x5B, 0x51, 0x3A, 0x70, 0xE6, 0xFB, 0x0D, 0xEB, 0xEA, 0x70,
    0x9C, 0xB0, 0x0E, 0x82, 0x0A, 0x91, 0xFD, 0xC4, 0x4D, 0x98, 0x54, 0x42, 0x83, 0x28, 0x4C, 0xE7,
    0xD5, 0xC7, 0x8A, 0x61, 0xEB, 0x9C, 0x50, 0xA1, 0x26, 0xD8, 0xC8, 0x0F, 0xAA, 0xFD, 0x4A, 0x97,
    0x9F, 0xDD, 0x1C, 0x86, 0x1A, 0x7E, 0x32, 0xB0, 0x73, 0x1E, 0x87, 0x8E, 0x37, 0xAE, 0x68, 0x8E,
    0x0B, 0x07, 0x27, 0x35, 0x9C, 0xDC, 0x60, 0x62, 0x23, 0xDF, 0x13, 0x39, 0xF5, 0x0A, 0x74, 0x79,
    0xD1, 0x16, 0xF5, 0x5A, 0xB8, 0xB1, 0xA8, 0xDF, 0x22, 0x3A, 0x01, 0x3C, 0x01, 0x3E, 0x01, 0x40,
    0xD0, 0xDE, 0x0A, 0x20, 0x12, 0xA0, 0x3D, 0xA0, 0x33, 0x60, 0xC2, 0xAE, 0xF6, 0xE0, 0xE5, 0x0C,
    0x52, 0xB0, 0x28, 0x40, 0x55, 0x57, 0xBA, 0x63, 0x9D, 0x15, 0x53, 0xA6, 0xE0, 0x21, 0x4D, 0x38,
    0xE2, 0x70, 0x25, 0x7F, 0xC0, 0xE8, 0xDD, 0x76, 0x6E, 0x59, 0x2D, 0x22, 0x63, 0x0C, 0xB3, 0xDC,
    0x0E, 0x3D, 0x1C, 0x41, 0xC8, 0xE4, 0x1E, 0x85, 0x93, 0x5A, 0x87, 0x37, 0xF9, 0x19, 0x0A, 0xE8,
    0x66, 0x1E, 0xDC, 0x86, 0x30, 0x7D, 0x9E, 0x5E, 0x1A, 0x5F, 0xCB, 0x5F, 0x90, 0xF1, 0x7D, 0xA2,
    0x4F, 0x54, 0x6C, 0xA0, 0x74, 0xCD, 0x83, 0x37, 0x4A, 0xB6, 0x9C, 0x8F, 0x27, 0x30, 0x77, 0xB4,
    0x02, 0x83, 0xC1, 0xF9, 0xA7, 0xC4, 0xCD, 0xD4, 0x0C, 0x1F, 0xD5, 0xC0, 0xC8, 0x79, 0xCB, 0x01,
    0xC6, 0x8F, 0x15, 0x85, 0x7B, 0x03, 0x28, 0x82, 0x36, 0x61, 0x10, 0x1C, 0x30, 0x66, 0x36, 0x93,
    0x49, 0xDA, 0x71, 0x0D, 0xDD, 0x78, 0x1E, 0x72, 0xB7, 0xD4, 0x34, 0x79, 0x72, 0x3C, 0x0F, 0xF9,
    0x4A, 0xCD, 0x7D, 0xC8, 0xA1, 0x63, 0x52, 0xA0, 0x93, 0x95, 0xB3, 0x4E, 0xF6, 0x21, 0x01, 0x06,
    0x8C, 0xCC, 0x31, 0x83, 0x7E, 0x8B, 0x4C, 0xEC, 0x54, 0xAB, 0xE5, 0x71, 0xA2, 0x3E, 0x29, 0x66,
    0x08, 0xAF, 0xF3, 0x91, 0x02, 0x4F, 0xEA, 0x70, 0x9A, 0x1C, 0xD3, 0x2E, 0xCC, 0xBA, 0x38, 0xE9,
    0x3A, 0xC0, 0x20, 0xEE, 0xB2, 0x2F, 0xC6, 0xC2, 0x88, 0x4D, 0x67, 0x3B, 0x00, 0x51, 0xBB, 0xD5,
    0xD2, 0x84, 0xF8, 0x15, 0xB5, 0xD3, 0x24, 0x67, 0xD4, 0xFE, 0xBC, 0x71, 0xAB, 0x5B, 0x6E, 0xBA,
    0x35, 0x4F, 0xDC, 0x77, 0x47, 0x18, 0xDD, 0x34, 0x88, 0x53, 0xD9, 0x13, 0xB9, 0x6E, 0x41, 0x36,
    0x81, 0xA1, 0x6A, 0xCF, 0xFE, 0xC1, 0xFD, 0xC5, 0x38, 0x2F, 0x23, 0x85, 0x22, 0xFD, 0x5F, 0xDC,
    0x63, 0xD1, 0x4A, 0xDE, 0xC6, 0x4E, 0x76, 0x16, 0xD7, 0x91, 0x59, 0x91, 0xCD, 0x1F, 0xF7, 0xC1,
    0x53, 0xB6, 0xE8, 0x9A, 0x5F, 0x01, 0x79, 0x97, 0x57, 0x7C, 0xA3, 0x64, 0xC3, 0x6E, 0x1B, 0x36,
    0x0E, 0x02, 0xD1, 0xB5, 0xBB, 0x7B, 0x60, 0x65, 0x26, 0x8F, 0x07, 0xDD, 0xE3, 0x1B, 0x2C, 0x85,
    0x02, 0x1D, 0xAD, 0x2C, 0x47, 0xF5, 0xE2, 0x8C, 0x78, 0x83, 0x37, 0x14, 0xBF, 0x65, 0x83, 0x9E,
    0x91, 0x88, 0xE5, 0x68, 0x9E, 0x68, 0xB9, 0x31, 0x23, 0x2B, 0xCA, 0x62, 0x56, 0x76, 0xDF, 0xC6,
    0x03, 0x1A, 0x2B, 0x87, 0xD8, 0x88, 0x3F, 0xE2, 0x88, 0xB8, 0x46, 0xD3, 0x71, 0x56, 0xC7, 0xD5,
    0xB8, 0x2F, 0xD9, 0x4C, 0xA7, 0xD6, 0x71, 0x42, 0xFF, 0x4F, 0xD4, 0x2A, 0x8B, 0x7A, 0xFA, 0x7F,
    0xC4, 0xEB, 0x9B, 0xBB, 0xE8, 0x1E, 0x15, 0x53, 0x9D, 0xE5, 0x61, 0x99, 0xE0, 0x37, 0x6E, 0x92,
    0x32, 0x6A, 0xB2, 0x32, 0xD4, 0x23, 0xD1, 0x23, 0xAA, 0xE3, 0x3A, 0x2E, 0xC3, 0x7E, 0x82, 0xBE,
    0x86, 0xD3, 0xC6, 0x19, 0xF1, 0x13, 0x34, 0x48, 0xC5, 0xE2, 0xBA, 0xEB, 0x28, 0xD6, 0xB6, 0x8D,
    0x16, 0x04, 0xEF, 0xA9, 0x0C, 0xD4, 0xB3, 0xB5, 0x28, 0x5C, 0x3C, 0x1F, 0xD4, 0x13, 0xF1, 0x49,
    0x7E, 0xD1, 0xB7, 0x8B, 0xA3, 0xCC, 0x93, 0xCE, 0x78, 0x0D, 0xF2, 0xF0, 0x5C, 0xD8, 0x65, 0x4C,
    0xE6, 0xA8, 0x13, 0xAE, 0x26, 0xA6, 0xBB, 0x9F, 0x8E, 0x59, 0xF0, 0xFE, 0x4B, 0x77, 0x0C, 0xD2,
    0xCD, 0xC5, 0xE3, 0x9F, 0x9D, 0x26, 0x23, 0x2E, 0xAC, 0x62, 0x9A, 0x1C, 0xBD, 0x6B, 0xC7, 0x70,
    0x1F, 0xDD, 0xD6, 0x97, 0xC5, 0x49, 0xD7, 0x0E, 0xCF, 0x43, 0xDA, 0xB9, 0x00, 0x7B, 0x1A, 0xB9,
    0x3C, 0xCB, 0xDE, 0xA0, 0x35, 0x38, 0x05, 0x23, 0xA4, 0x3B, 0xD2, 0x70, 0x96, 0x07, 0x8B, 0xE6,
    0x21, 0x1E, 0xAF, 0x3F, 0xE6, 0xD6, 0x36, 0xBD, 0xBF, 0xE3, 0xE4, 0x5E, 0x67, 0xCB, 0x83, 0xFE,
    0xFC, 0x3C, 0x08, 0xDD, 0x1F, 0xF4, 0x26, 0xEC, 0x32, 0xFE, 0x27, 0x0B, 0x64, 0xF3, 0x39, 0xED,
    0x6D, 0x7F, 0x44, 0x4D, 0xD2, 0xB3, 0x8B, 0xB7, 0x04, 0x4A, 0xA6, 0xE8, 0x47, 0x78, 0xF2, 0x47,
    0x95, 0xF8, 0xB0, 0x86, 0xE8, 0xB7, 0x47, 0xC9, 0x80, 0xFA, 0xD4, 0xCF, 0x7E, 0x3F, 0x99, 0x19,
    0x7B, 0x46, 0x6D, 0x60, 0xD5, 0x3A, 0xA1, 0x46, 0x84, 0x42, 0xBD, 0x63, 0x7F, 0xA4, 0xC1, 0x21,
    0x58, 0x3C, 0x27, 0xAB, 0x76, 0xBA, 0xCA, 0xEA, 0xE5, 0x37, 0x57, 0xF5, 0x54, 0x77, 0x29, 0x18,
    0x2C, 0xF7, 0x59, 0x97, 0xCD, 0xCB, 0x89, 0xC5, 0x1E, 0x55, 0x13, 0xEC, 0x4B, 0xE3, 0x11, 0xCF,
    0x94, 0x29, 0xDC, 0x99, 0x4D, 0x0C, 0x76, 0xD0, 0x03, 0x84, 0x06, 0xD5, 0x62, 0xB9, 0xF6, 0x1C,
    0xB2, 0x88, 0xBC, 0xA5, 0x46, 0xA4, 0x1A, 0x6A, 0x7D, 0xC5, 0xDB, 0x4E, 0x8B, 0xBC, 0xA4, 0x65,
    0xF3, 0x46, 0xEA, 0xB1, 0xB2, 0x6A, 0x9D, 0x21, 0x14, 0x2C, 0xEA, 0x3D, 0xDC, 0x17, 0x9A, 0x86,
    0x5C, 0x01, 0xEF, 0xFC, 0x5C, 0xB5, 0x96, 0xAB, 0xF4, 0x09, 0x5C, 0xD1, 0x68, 0x71, 0xB3, 0xDB,
    0x70, 0x85, 0xA2, 0x07, 0x9F, 0x6E, 0x65, 0x1D, 0x45, 0xD4, 0xE6, 0xEE, 0x79, 0xC7, 0x98, 0x9F,
    0xFB, 0x4D, 0x51, 0x77, 0x3C, 0xD4, 0xFF, 0xC3, 0x43, 0x05, 0x1E, 0x1A, 0xF0, 0x30, 0xC8, 0xA6,
    0x3C, 0xF8, 0x33, 0x0B, 0xD3, 0x16, 0xAE, 0xFC, 0x4A, 0x88, 0x37, 0x50, 0xBC, 0x5F, 0x5F, 0x30,
    0x5E, 0x67, 0x60, 0xE1, 0xCA, 0x15, 0xDD, 0xB6, 0xE9, 0x41, 0x5F, 0x54, 0xA5, 0xF9, 0xE1, 0xF1,
    0xCA, 0x8E, 0x5D, 0x81, 0x51, 0xC0, 0x9F, 0xA8, 0x44, 0x34, 0x9E, 0xE0, 0x5D, 0xF8, 0xF8, 0xD2,
    0x1E, 0x99, 0xBC, 0xDF, 0xC3, 0xC3, 0xBE, 0xC6, 0xEC, 0x1E, 0xEC, 0x5F, 0x7D, 0xF3, 0xF0, 0x98,
    0x6D, 0x4C, 0xBC, 0xF9, 0x17, 0xFA, 0x12, 0x2F, 0x02, 0x47, 0x1F, 0x98, 0x57, 0x64, 0x09, 0x30,
    0x43, 0xB5, 0x8D, 0x40, 0xE3, 0x9F, 0x63, 0x06, 0x3D, 0xC4, 0xBF, 0xD6, 0x99, 0x0F, 0xAB, 0x5A,
    0xAF, 0x2C, 0x89, 0xB7, 0x3E, 0x25, 0xB2, 0xD9, 0x6D, 0xC9, 0x79, 0x47, 0xF7, 0xFF, 0x45, 0x32,
    0xF6, 0x68, 0x6A, 0xDF, 0x54, 0xDC, 0x92, 0x34, 0x5C, 0x9E, 0x94, 0xCB, 0x3A, 0x59, 0x3B, 0x88,
    0xF4, 0xAD, 0xD4, 0x67, 0x81, 0x18, 0xE1, 0x11, 0xB4, 0x09, 0xD7, 0x6C, 0x73, 0xC6, 0x20, 0xD3,
    0x8F, 0x74, 0x86, 0x6D, 0x34, 0x87, 0x0C, 0x9E, 0x84, 0x3E, 0x6B, 0xC6, 0x06, 0x6E, 0xD3, 0x9B,
    0x6C, 0x3B, 0xDB, 0x59, 0x63, 0x9A, 0xB8, 0xD9, 0x69, 0xC2, 0x27, 0xFD, 0x0E, 0x13, 0x4C, 0xB4,
    0x8C, 0xF1, 0xCC, 0x8D, 0x4F, 0xE5, 0xCD, 0xB5, 0x6E, 0xDF, 0x05, 0xCD, 0x60, 0x08, 0x75, 0xFD,
    0x95, 0xD1, 0x4B, 0xE7, 0x3C, 0xB3, 0x6F, 0x21, 0x5C, 0x9A, 0x79, 0x0B, 0xC1, 0x9B, 0x2C, 0xAE,
    0x2D, 0x94, 0x0F, 0xEA, 0xCB, 0x25, 0x67, 0xBE, 0x20, 0xC1, 0xAD, 0x12, 0x7D, 0x39, 0xA2, 0x53,
    0xED, 0xF0, 0x5C, 0xD8, 0x05, 0xE4, 0x2C, 0xDF, 0x12, 0x66, 0xEE, 0x21, 0x31, 0xBB, 0xAD, 0x56,
    0xD9, 0x77, 0xAC, 0x85, 0x01, 0x73, 0x60, 0x1A, 0xC5, 0x9C, 0x12, 0xF3, 0x9E, 0x22, 0xE9, 0x1D,
    0x0A, 0x73, 0x4F, 0x67, 0xAB, 0xEF, 0x2B, 0xE6, 0x3E, 0xD7, 0xED, 0x9F, 0x6E, 0x03, 0x89, 0x74,
    0x2B, 0x35, 0x32, 0xF4, 0x70, 0x5B, 0x13, 0xD6, 0x00, 0x1E, 0x40, 0x70, 0xDA, 0xBD, 0x2D, 0x3F,
    0x29, 0x81, 0x7B, 0x5F, 0x08, 0x5C, 0x88, 0xF0, 0x69, 0x02, 0x04, 0x08, 0x19, 0x10, 0xA5, 0xC0,
    0x72, 0xA0, 0x2B, 0x0E, 0x5A, 0x60, 0x6C, 0x91, 0x03, 0x92, 0x10, 0x0B, 0x49, 0x00, 0xC3, 0x4B,
    0x41, 0xC2, 0xDB, 0x13, 0x22, 0xC2, 0x1C, 0x24, 0xF8, 0x25, 0x48, 0x70, 0x2A, 0x90, 0x20, 0xDB,
    0x47, 0x46, 0xC2, 0xD4, 0xFA, 0xB7, 0xD4, 0xFA, 0x27, 0x96, 0x00, 0xEB, 0x5F, 0x0A, 0x12, 0x68,
    0xFE, 0x76, 0xCB, 0x45, 0xDF, 0x10, 0x72, 0xFB, 0x60, 0xC2, 0x25, 0x13, 0x92, 0x93, 0x89, 0xA3,
    0x33, 0x07, 0xBB, 0xF4, 0x27, 0x17, 0xFE, 0x4C, 0x9F, 0xC0, 0x57, 0x43, 0xC4, 0xF8, 0x21, 0x98,
    0x70, 0x65, 0x19, 0x7C, 0x02, 0x72, 0xE5, 0x07, 0x5C, 0xB1, 0x36, 0xC0, 0x9F, 0xB5, 0xC0, 0xFF,
    0xF1, 0xEB, 0xC0, 0x9F, 0x1E, 0x29, 0x7E, 0xDA, 0x40, 0x57, 0x39, 0xA9, 0x23, 0xC8, 0xB2, 0x44,
    0x83, 0x27, 0x67, 0x04, 0xD6, 0xB4, 0xB4, 0x14, 0x5D, 0x55, 0x3C, 0x6A, 0x9B, 0xB0, 0x49, 0xC3,
    0x9A, 0x21, 0xD3, 0x86, 0xAD, 0x7A, 0x35, 0x71, 0x70, 0x76, 0x61, 0xF7, 0x98, 0x7D, 0x5D, 0x38,
    0xDA, 0xD3, 0xA9, 0x74, 0xF7, 0x94, 0x31, 0x75, 0x61, 0x22, 0xE4, 0x8B, 0x26, 0x68, 0xE1, 0xBA,
    0x00, 0x1B, 0xB2, 0x08, 0x38, 0xCF, 0xAA, 0x80, 0x6B, 0xD6, 0xCD, 0x2F, 0xD9, 0x68, 0xC3, 0xE5,
    0x74, 0xCE, 0xE9, 0xB9, 0xD8, 0xEC, 0x72, 0xD3, 0x8D, 0xBB, 0x6F, 0x8F, 0x15, 0xFA, 0xAD, 0x6F,
    0x94, 0xA5, 0xE1, 0xCC, 0x62, 0xEA, 0xF8, 0xF5, 0x24, 0x96, 0x06, 0x5C, 0x30, 0xD1, 0xE5, 0xDC,
    0x5D, 0xB9, 0xF6, 0xFA, 0xC6, 0xD5, 0x62, 0x94, 0x34, 0x51, 0x3F, 0xCC, 0xC3, 0x41, 0x08, 0xFE,
    0xBF, 0x86, 0xD9, 0xD9, 0x45, 0x8C, 0x2B, 0x7A, 0x37, 0x97, 0xA0, 0x46, 0x63, 0x49, 0x8C, 0xED,
    0x42, 0xBA, 0xBE, 0xDE, 0xC4, 0xE3, 0x9C, 0x70, 0xA0, 0xE0, 0x6E, 0xC2, 0x04, 0xA5, 0xB7, 0xE9,
    0xF6, 0x73, 0x3E, 0x7D, 0xF9, 0xED, 0xF8, 0xC0, 0xE9, 0x7A, 0xBF, 0xDD, 0x89, 0x74, 0xD9, 0x8A,
    0xEE, 0x4B, 0x72, 0xAE, 0x31, 0x3F, 0x3C, 0x44, 0xD7, 0xC6, 0xA4, 0x45, 0x63, 0x72, 0x53, 0x19,
    0xC0, 0xFB, 0x4E, 0x07, 0x6F, 0x47, 0xBB, 0xE1, 0x20, 0xDF, 0x6F, 0xBA, 0x55, 0x17, 0x7D, 0xF0,
    0x58, 0x71, 0x73, 0x9B, 0xF8, 0xCA, 0x4C, 0xD2, 0xF7, 0xA6, 0x49, 0xFF, 0x39, 0x0E, 0xAC, 0xD3,
    0xD5, 0xFB, 0x5A, 0x25, 0xFA, 0xE4, 0x60, 0xFD, 0xD8, 0x47, 0x7C, 0x1D, 0x89, 0x27, 0xC1, 0x0D,
    0x05, 0x4A, 0xFB, 0x07, 0x6F, 0x6A, 0xE0, 0x7B, 0x5E, 0x88, 0xBF, 0x04, 0xAD, 0x55, 0xBF, 0x73,
    0xDE, 0x44, 0x10, 0x7D, 0x92, 0x6C, 0x6B, 0x82, 0x8A, 0xA3, 0x70, 0x11, 0x26, 0x19, 0x5F, 0x93,
    0x8A, 0x81, 0x9C, 0x0B, 0x0A, 0x33, 0xE3, 0xEF, 0x93, 0x06, 0x0A, 0x17, 0x2E, 0xEC, 0xBF, 0x80,
    0x8A, 0x8E, 0x82, 0x96, 0xC2, 0x58, 0x67, 0x52, 0x50, 0xA4, 0x08, 0x1D, 0x2D, 0x75, 0x2A, 0x0A,
    0x8A, 0x14, 0x4E, 0x74, 0xC4, 0x85, 0x4B, 0xEB, 0x3F, 0x40, 0x05, 0x33, 0x94, 0xDC, 0x04, 0xCD,
    0x44, 0xC9, 0xC8, 0x3A, 0xDE, 0x9E, 0x3E, 0x1B, 0x4F, 0x70, 0x41, 0xC1, 0xCD, 0xFD, 0xDA, 0xB7,
    0xAB, 0xBD, 0xBB, 0xBD, 0xB7, 0xA7, 0xE4, 0xAB, 0xAA, 0x0C, 0xB6, 0x7E, 0x0B, 0x96, 0xE4, 0xC6,
    0x3C, 0x96, 0x26, 0x84, 0x30, 0x4A, 0xD7, 0x47, 0x91, 0x93, 0x50, 0x51, 0x9C, 0xAE, 0xF4, 0xA5,
    0x20, 0x61, 0x9C, 0x87, 0x01, 0xEF, 0x94, 0x19, 0xBE, 0x2E, 0xD3, 0x3B, 0xF2, 0x78, 0x27, 0xAD,
    0x8E, 0xB5, 0x7B, 0x61, 0xFE, 0xDF, 0x6A, 0x1F, 0xDC, 0x01, 0x0E, 0xF3, 0x4E, 0x63, 0x17, 0x47,
    0x68, 0x6C, 0xD3, 0x95, 0x9D, 0xB6, 0x1B, 0x95, 0xF6, 0xA6, 0x57, 0x43, 0xDA, 0xC3, 0xA7, 0xDD,
    0x3D, 0xBB, 0xC0, 0xBF, 0x11, 0x1C, 0xAE, 0x23, 0xF3, 0xC7, 0x50, 0x89, 0xC7, 0x22, 0x6B, 0xB1,
    0xCC, 0x5B, 0xD4, 0x8F, 0x07, 0xD4, 0x7F, 0x4C, 0x28, 0xFF, 0x9A, 0xA0, 0xDC, 0xC8, 0xAF, 0xBE,
    0x84, 0x7E, 0x35, 0xC1, 0xBC, 0x0E, 0x50, 0x6F, 0x42, 0x95, 0xF6, 0x06, 0xF0, 0x1A, 0x69, 0xB7,
    0xC0, 0xBD, 0x93, 0x01, 0x8B, 0xFC, 0x87, 0xFF, 0x64, 0x13, 0x8B, 0xB2, 0x80, 0xB6, 0xF3, 0xA8,
    0x28, 0x17, 0x8C, 0xD9, 0x63, 0xED, 0xEA, 0x10, 0xDA, 0xF2, 0x40, 0xBB, 0x88, 0x95, 0x6E, 0x6E,
    0x46, 0xDA, 0x95, 0x7D, 0x35, 0xDB, 0xDF, 0x6C, 0xC5, 0x8D, 0xB6, 0x81, 0x5B, 0xFD, 0xAF, 0x15,
    0x49, 0x55, 0xFE, 0xD9, 0xB4, 0xBC, 0x87, 0xF6, 0x03, 0xB5, 0x61, 0xA3, 0x3F, 0xF1, 0x7D, 0xED,
    0xAF, 0x5A, 0xAD, 0xE3, 0xB0, 0xA6, 0xFE, 0xB1, 0xFD, 0xB0, 0xA0, 0xED, 0x95, 0x5E, 0xAF, 0x7C,
    0x72, 0x8D, 0x8D, 0xDF, 0x61, 0x26, 0xD4, 0xA1, 0x0A, 0xC1, 0xCD, 0xB5, 0x09, 0xB6, 0x0C, 0x28,
    0x22, 0x13, 0x0C, 0x1A, 0x47, 0xC4, 0x19, 0xCE, 0x96, 0x32, 0xB7, 0x21, 0xCA, 0xC1, 0x8A, 0x6C,
    0xF0, 0x3C, 0x19, 0x9A, 0x5F, 0x43, 0x76, 0x19, 0x5E, 0x86, 0xBD, 0x29, 0xCE, 0x22, 0xB6, 0x59,
    0x37, 0xCB, 0xB8, 0xF9, 0x6A, 0x3E, 0x03, 0xEF, 0x81, 0xDD, 0x88, 0xDC, 0xC9, 0x06, 0xBE, 0x8E,
    0xFB, 0x40, 0xA9, 0xDC, 0xC3, 0xD5, 0x78, 0xB4, 0x1A, 0xBD, 0x8C, 0xB5, 0x7A, 0xD9, 0xCD, 0xF2,
    0x99, 0x9B, 0xC7, 0x8B, 0xE8, 0x46, 0x1F, 0x7C, 0x61, 0x44, 0x51, 0x5C, 0xEE, 0x9E, 0x0E, 0xF9,
    0xC8, 0x9B, 0xFE, 0xA5, 0x3F, 0xD5, 0xBC, 0x95, 0xE4, 0x55, 0x7F, 0x5C, 0x32, 0x3C, 0xD9, 0x99,
    0xAF, 0x8F, 0x95, 0x43, 0xF1, 0xA8, 0x2F, 0x65, 0x54, 0x69, 0x7F, 0xFC, 0x82, 0xE3, 0x6E, 0x32,
    0x7C, 0x2B, 0xF2, 0x33, 0x8C, 0xA7, 0x62, 0xE7, 0x51, 0x7A, 0xA3, 0x91, 0xB4, 0x58, 0xA7, 0xB3,
    0x55, 0x98, 0x0F, 0x91, 0x5A, 0x65, 0x55, 0x65, 0xF0, 0x90, 0x9C, 0xDB, 0xC1, 0x36, 0xD2, 0xEF,
    0xAC, 0x7A, 0x62, 0xD5, 0x41, 0x65, 0x88, 0x11, 0x24, 0x4A, 0x58, 0x70, 0x51, 0x5C, 0x38, 0x75,
    0x20, 0x2A, 0x4D, 0x9D, 0x28, 0x45, 0x2B, 0xEA, 0x6D, 0xDC, 0x67, 0x64, 0x4A, 0xC6, 0x46, 0xA1,
    0xA8, 0x32, 0x9B, 0xD8, 0xFB, 0x04, 0x88, 0x10, 0x22, 0x46, 0x70, 0xBF, 0xCA, 0x1E, 0xD9, 0xE4,
    0x84, 0xB8, 0x28, 0x44, 0x23, 0x2A, 0xD1, 0x89, 0x52, 0xB4, 0xA2, 0x3E, 0xB1, 0x31, 0x70, 0xF1,
    0xCE, 0x8E, 0x40, 0x7E, 0xEB, 0x16, 0x4D, 0x85, 0x9A, 0xC7, 0x63, 0x94, 0x4E, 0x81, 0x2D, 0x20,
    0xAF, 0xE6, 0x08, 0xFF, 0x04, 0x6E, 0x19, 0x9A, 0x40, 0x87, 0x94, 0x07, 0xA2, 0x5D, 0x40, 0xD6,
    0x0B, 0x65, 0x98, 0x10, 0x3F, 0x47, 0xA3, 0x65, 0xD2, 0x87, 0x6C, 0x0C, 0xDF, 0x8F, 0x61, 0x6F,
    0x0C, 0x9F, 0x8F, 0x9C, 0x37, 0x52, 0x87, 0x3A, 0xEB, 0x97, 0xA9, 0x5F, 0x24, 0x7E, 0x97, 0x15,
    0xFE, 0x2E, 0x84, 0xD6, 0x14, 0xC5, 0x78, 0x4F, 0x0C, 0x36, 0x71, 0x58, 0x70, 0x5D, 0x66, 0xD1,
    0x80, 0xF2, 0x12, 0xE6, 0x37, 0x98, 0x73, 0x6B, 0xCE, 0x9D, 0xBE, 0x70, 0x3A, 0x38, 0x25, 0x15,
    0xA6, 0x17, 0x3A, 0xA9, 0x99, 0xB8, 0x91, 0x62, 0x64, 0x64, 0xD9, 0x0A, 0x07, 0xD7, 0x71, 0xF5,
    0xEA, 0x0C, 0x4F, 0x9F, 0x3E, 0xE5, 0x4E, 0xB1, 0xC9, 0xF6, 0x8C, 0xCD, 0xCF, 0xBC, 0xC8, 0x57,
    0x79, 0xF3, 0x31, 0xE4, 0xA0, 0x11, 0x4E, 0x79, 0xCD, 0xD9, 0x8A, 0xD2, 0x42, 0x11, 0x1E, 0x0E,
    0x7C, 0xBC, 0x12, 0x3F, 0xC3, 0x85, 0x8D, 0x87, 0x8D, 0xF0, 0x27, 0x6C, 0x6B, 0x48, 0xC8, 0x92,
    0xD6, 0x78, 0x6E, 0x91, 0x3B, 0x2C, 0x27, 0x1D, 0xB0, 0xA5, 0xDF, 0xDB, 0x77, 0xF4, 0x9D, 0xB6,
    0x24, 0x1D, 0xFD, 0x29, 0x97, 0x7B, 0xF2, 0xB7, 0xF4, 0x39, 0xA9, 0xDA, 0xA9, 0x50, 0x04, 0xA7,
    0x07, 0x75, 0x09, 0xED, 0x0A, 0x2A, 0x85, 0x98, 0x85, 0x04, 0x7B, 0xB5, 0x7D, 0x8A, 0xA5, 0x53,
    0xE4, 0x49, 0xCB, 0xCE, 0xC8, 0x6C, 0x1D, 0x49, 0xC5, 0x85, 0x64, 0x9D, 0xD4, 0xD7, 0x43, 0x3E,
    0x94, 0x53, 0x31, 0x6E, 0xE9, 0x82, 0x9C, 0xE6, 0xE3, 0x92, 0x9F, 0x0F, 0x50, 0xE7, 0x3D, 0x9A,
    0x33, 0xFA, 0x3F, 0xF3, 0x2A, 0x64, 0x5E, 0x0F, 0x6C, 0x5C, 0x59, 0x91, 0x67, 0x8C, 0x8A, 0x9B,
    0x1D, 0xA7, 0x5D, 0xE9, 0x8A, 0xA1, 0x6C, 0x8B, 0xC1, 0xB8, 0xBC, 0x67, 0x6C, 0xAC, 0xF8, 0x5D,
    0xAA, 0x01, 0x81, 0x61, 0x0C, 0x4F, 0x98, 0x5D, 0x9F, 0xFD, 0xD8, 0x86, 0x0A, 0x3E, 0x30, 0x12,
    0x0D, 0xEF, 0xBD, 0x61, 0x70, 0x6B, 0x04, 0xBF, 0xCC, 0x42, 0xBB, 0xC8, 0x26, 0xEC, 0x66, 0x9E,
    0xAD, 0xC5, 0xDD, 0xD9, 0x25, 0x16, 0x3C, 0x5C, 0x60, 0xB2, 0x86, 0xFD, 0x01, 0x4D, 0xDE, 0x33,
    0xBA, 0x96, 0xD9, 0xFC, 0x26, 0x3E, 0xFB, 0x9D, 0x3C, 0xDF, 0x97, 0xF1, 0x0D, 0xAF, 0xA4, 0x73,
    0xD2, 0x75, 0xD2, 0xF9, 0x5B, 0xBA, 0xA8, 0x68, 0xAF, 0xED, 0xE4, 0xB3, 0x51, 0x3A, 0xF1, 0x22,
    0x59, 0xB2, 0x83, 0x5B, 0x3A, 0x9A, 0xE1, 0x53, 0x7E, 0x80, 0x9D, 0xB7, 0xBC, 0xCB, 0x9D, 0xF7,
    0x69, 0xFC, 0x11, 0x13, 0x0B, 0x6A, 0x8F, 0x58, 0x36, 0xDD, 0xF8, 0x91, 0x50, 0xE3, 0xAB, 0x07,
    0xAF, 0xF9, 0x30, 0x5A, 0x3D, 0xA1, 0x08, 0xAD, 0x09, 0x7E, 0x41, 0x1E, 0x7C, 0x23, 0x97, 0xC8,
    0x9C, 0x8A, 0x49, 0x15, 0xB3, 0xEA, 0xC0, 0x32, 0xAD, 0x62, 0x5E, 0xC5, 0xC4, 0x8A, 0x99, 0x15,
    0x53, 0x6B, 0x1B, 0x7F, 0x03, 0xED, 0x54, 0x3D, 0x6F, 0xD4, 0x40, 0x10, 0x7D, 0xB6, 0x11, 0x96,
    0xCE, 0xA0, 0x4D, 0xC1, 0x95, 0xD1, 0x22, 0x44, 0x15, 0xA1, 0x6C, 0x8A, 0x14, 0x44, 0xCA, 0x79,
    0x16, 0x28, 0x29, 0x38, 0x24, 0xAE, 0x4F, 0x9D, 0x86, 0x3F, 0x90, 0xC4, 0x5B, 0x41, 0x7B, 0xFF,
    0x80, 0x14, 0x08, 0x41, 0x0A, 0xEA, 0x13, 0xCA, 0xC7, 0x26, 0x48, 0xA4, 0xA0, 0xC0, 0x28, 0xFC,
    0x80, 0x93, 0x82, 0x14, 0x01, 0x12, 0xB1, 0x84, 0x0B, 0x4B, 0xB1, 0xBD, 0x8C, 0xCF, 0xF9, 0x90,
    0x52, 0x40, 0x43, 0xC9, 0xCE, 0xB3, 0xB5, 0xAB, 0x99, 0x9D, 0x9D, 0x7D, 0x6F, 0xEC, 0xA0, 0x84,
    0x78, 0x0A, 0x12, 0xB6, 0x45, 0x72, 0x36, 0x91, 0x8F, 0x74, 0x54, 0x01, 0x7D, 0x78, 0xE0, 0x45,
    0x2A, 0xAC, 0x07, 0x3F, 0xA5, 0x54, 0x5A, 0x71, 0x6A, 0x6A, 0xDC, 0xED, 0x83, 0x47, 0x07, 0x98,
    0x05, 0xB6, 0xE1, 0xD5, 0x08, 0xD7, 0x30, 0x1D, 0x83, 0x9C, 0x5D, 0xDE, 0xD1, 0x88, 0x81, 0x1E,
    0x30, 0xC5, 0x11, 0x51, 0xA9, 0x8A, 0x05, 0x90, 0xA1, 0x22, 0xAC, 0xB0, 0x86, 0x55, 0x14, 0x2A,
    0xC5, 0x64, 0x28, 0x78, 0x05, 0xC2, 0x14, 0xE2, 0x0B, 0xEF, 0x02, 0x49, 0x13, 0x0B, 0x1B, 0x0B,
    0x43, 0x8A, 0xF7, 0x34, 0x7E, 0x72, 0x26, 0x71, 0x78, 0xF7, 0x16, 0xC3, 0x3B, 0xC0, 0x3C, 0x90,
    0xC1, 0xB3, 0x08, 0x0C, 0x22, 0xE0, 0x3A, 0x4E, 0x07, 0x57, 0x49, 0x92, 0x2F, 0xA0, 0xE9, 0x2D,
    0x04, 0x67, 0xAB, 0x11, 0x93, 0xD9, 0x12, 0x66, 0x4D, 0x68, 0xB5, 0x05, 0x68, 0x84, 0x25, 0xA4,
    0xD4, 0x71, 0x7B, 0x37, 0x67, 0xE5, 0xB1, 0x01, 0x01, 0x9B, 0xF0, 0x33, 0x28, 0x83, 0xDB, 0x9C,
    0x62, 0xA9, 0xC9, 0xDC, 0x62, 0xC7, 0x65, 0xCE, 0x8D, 0xCF, 0x97, 0x0D, 0xD0, 0x56, 0x52, 0xCC,
    0x6C, 0xAC, 0x2F, 0x6F, 0x18, 0xF6, 0x76, 0x07, 0x9A, 0xC1, 0x93, 0xE5, 0x0D, 0x8D, 0x61, 0x90,
    0x46, 0x46, 0x30, 0x05, 0x3D, 0x2C, 0x62, 0x85, 0x6D, 0x91, 0x6D, 0x16, 0x12, 0x02, 0xA1, 0x09,
    0x52, 0x98, 0x25, 0x8C, 0xD8, 0x27, 0x20, 0x74, 0x64, 0x43, 0x1B, 0xB0, 0x85, 0x6C, 0xCD, 0x1E,
    0xC9, 0x91, 0x23, 0x3E, 0xDC, 0xFF, 0x30, 0xE6, 0xF4, 0xF2, 0xB0, 0x14, 0xBB, 0x17, 0x50, 0x87,
    0x55, 0xF7, 0xF1, 0x20, 0xF8, 0x9B, 0x3A, 0x80, 0x6F, 0xE9, 0x5C, 0x93, 0xD6, 0x28, 0x0F, 0x0B,
    0x48, 0x87, 0x79, 0xBE, 0x26, 0x4D, 0x54, 0x28, 0x58, 0x3B, 0x13, 0xDD, 0xB7, 0xD2, 0x31, 0x03,
    0x3A, 0xCA, 0x16, 0xCA, 0xA9, 0x4D, 0xE4, 0x51, 0x71, 0xA5, 0x66, 0x3D, 0x7A, 0x73, 0x9B, 0x94,
    0xFE, 0x57, 0xF2, 0x5F, 0x28, 0xE9, 0x8D, 0x20, 0x1C, 0x7A, 0x84, 0x9B, 0x04, 0xDF, 0x41, 0x11,
    0x28, 0xE1, 0x03, 0xD3, 0x4E, 0x47, 0x37, 0xAE, 0x17, 0x5A, 0x31, 0x25, 0xCC, 0x04, 0x57, 0x71,
    0x4F, 0xF3, 0x44, 0xD4, 0xF0, 0x5E, 0xC2, 0xDB, 0x86, 0x38, 0xB6, 0xEA, 0x61, 0x46, 0x61, 0x9E,
    0x04, 0x39, 0x3D, 0xC8, 0xE8, 0x79, 0x26, 0x9C, 0xF5, 0x5E, 0x63, 0xE6, 0xD5, 0xBA, 0x3A, 0x18,
    0x8B, 0x5F, 0x26, 0x70, 0x08, 0x6A, 0x44, 0x89, 0x9E, 0x56, 0x76, 0x95, 0xF2, 0x41, 0xB7, 0xEF,
    0xE9, 0x86, 0x24, 0xAA, 0x31, 0x47, 0x0D, 0xFD, 0xCC, 0xFA, 0x62, 0x8C, 0x78, 0x84, 0xAB, 0x43,
    0x6E, 0x09, 0x90, 0x85, 0xB4, 0xFC, 0xE5, 0x4E, 0xB0, 0x9F, 0x0A, 0x97, 0x8B, 0xA3, 0x42, 0xEC,
    0x5D, 0x40, 0x1D, 0x55, 0xDD, 0xC1, 0x80, 0x45, 0x68, 0x42, 0x9B, 0xD8, 0x26, 0xB2, 0x7D, 0xF6,
    0xDE, 0x40, 0xBC, 0xCF, 0x79, 0x9B, 0x81, 0xF8, 0xC9, 0x6B, 0xC7, 0x27, 0x7D, 0xE2, 0x34, 0x1F,
    0x99, 0xE6, 0xC3, 0x0A, 0xDC, 0x96, 0x93, 0xA6, 0x93, 0x97, 0xDA, 0xEE, 0xEC, 0xA7, 0xE0, 0xEF,
    0xEF, 0x8E, 0xB8, 0x9C, 0x93, 0x0A, 0xF2, 0x47, 0xE5, 0x9A, 0x54, 0x3B, 0x97, 0x5F, 0xEA, 0xA0,
    0x74, 0xCC, 0xFC, 0x93, 0x81, 0xFE, 0x43, 0xEF, 0x7B, 0xCF, 0x98, 0xAB, 0x9C, 0x43, 0xE5, 0x6E,
    0x29, 0x6D, 0x25, 0x6D, 0x29, 0xF7, 0x0A, 0x79, 0x32, 0x96, 0xDF, 0x9B, 0x72, 0x5B, 0x50, 0x86,
    0x1B, 0x7D, 0xF8, 0x5F, 0xE5, 0x0A, 0x5D, 0xA3, 0xB1, 0x2C, 0x6F, 0x55, 0x77, 0x7B, 0x71, 0xD9,
    0x19, 0x7A, 0x2C, 0x51, 0xF2, 0x2D, 0xA9, 0xA5, 0x3D, 0xB5, 0xCF, 0xA2, 0xF6, 0xD7, 0x7F, 0x03,
    0xA5, 0x56, 0x3D, 0xAC, 0x15, 0x45, 0x14, 0x3E, 0xBB, 0x7B, 0x71, 0x0D, 0x23, 0x8C, 0x85, 0x68,
    0x81, 0xB8, 0x0D, 0x46, 0x7D, 0xBC, 0xB0, 0x96, 0xAF, 0xB8, 0xB2, 0x6B, 0x2C, 0x28, 0x6C, 0x28,
    0x20, 0x16, 0xAF, 0xB0, 0xB2, 0x50, 0x4C, 0xA0, 0xA0, 0x20, 0x91, 0xB8, 0x6B, 0x28, 0x28, 0x2C,
    0x7C, 0x05, 0x6A, 0xFB, 0x0A, 0x0A, 0xF2, 0xD4, 0x60, 0x41, 0x41, 0x0C, 0x66, 0x57, 0x28, 0xEC,
    0xCC, 0xAA, 0x58, 0x69, 0xC2, 0xD5, 0x80, 0x1A, 0x2C, 0x18, 0xE5, 0x46, 0x6E, 0x60, 0x77, 0x8F,
    0xDF, 0x37, 0x7B, 0xDF, 0xE3, 0x11, 0x88, 0x31, 0x71, 0x6F, 0xE6, 0x9B, 0xFD, 0x99, 0x99, 0x73,
    0xE6, 0x3B, 0xDF, 0x99, 0x73, 0x45, 0x64, 0xF7, 0xF3, 0x22, 0x72, 0xFE, 0x82, 0xC8, 0x96, 0xA9,
    0x93, 0x50, 0xD5, 0x49, 0x7A, 0xF7, 0xC7, 0x56, 0xF4, 0xD4, 0xC9, 0x36, 0xEA, 0xAD, 0x39, 0x61,
    0xDA, 0xC4, 0x2E, 0xDA, 0xD9, 0x4B, 0x7B, 0x47, 0xA9, 0x1B, 0x8F, 0x25, 0x73, 0x17, 0x8E, 0x03,
    0x9C, 0x93, 0xEC, 0xAF, 0x9F, 0x01, 0xB7, 0x2E, 0x37, 0x92, 0xDD, 0xBE, 0x5C, 0x4B, 0xA6, 0xAF,
    0x96, 0x92, 0xAA, 0x95, 0x91, 0xED, 0xF7, 0xCA, 0x63, 0x71, 0x3F, 0x96, 0x71, 0xA0, 0xAD, 0x5C,
    0x14, 0x9D, 0xED, 0x9C, 0x05, 0xBF, 0xA9, 0x4E, 0xA2, 0x4B, 0xBF, 0x9E, 0x96, 0x08, 0x63, 0xC5,
    0xEC, 0x2F, 0x85, 0xD7, 0x28, 0x53, 0xD5, 0x48, 0x7F, 0xA8, 0x42, 0x15, 0x8B, 0x16, 0xA3, 0x85,
    0x68, 0x70, 0x44, 0x1E, 0x47, 0x7B, 0x31, 0xD4, 0x0F, 0x1D, 0x9D, 0xC2, 0xFD, 0xD1, 0xE1, 0x59,
    0x64, 0x8F, 0xAE, 0x09, 0xA6, 0xE5, 0x4F, 0xEA, 0x41, 0x8E, 0x93, 0x58, 0x69, 0xBD, 0x95, 0xE1,
    0x0A, 0x0E, 0x00, 0xB2, 0x1E, 0x37, 0x5D, 0x26, 0x12, 0xB5, 0x69, 0x2E, 0x76, 0x9A, 0x8A, 0x58,
    0xF7, 0xA8, 0x48, 0xEA, 0xF8, 0xF1, 0xCE, 0xAA, 0x58, 0xB8, 0x23, 0x5B, 0x8A, 0x09, 0x1E, 0x0B,
    0x6C, 0xD9, 0x6A, 0xBF, 0x82, 0x0F, 0x74, 0xAA, 0x90, 0xA8, 0x96, 0x2F, 0x01, 0x21, 0x1C, 0xAE,
    0x13, 0xD5, 0x57, 0xEA, 0xEC, 0x75, 0x58, 0x7B, 0x37, 0xD4, 0x4E, 0x96, 0xC4, 0x4F, 0xB9, 0x77,
    0x59, 0xC2, 0x76, 0xC2, 0x33, 0xB0, 0xF8, 0xDD, 0x67, 0x2F, 0x48, 0x7A, 0xB5, 0xD3, 0x9C, 0xDB,
    0xAA, 0xED, 0x2F, 0x7D, 0x5A, 0xDB, 0xA6, 0x4B, 0x00, 0xED, 0xBF, 0x40, 0xF2, 0x6D, 0x97, 0x34,
    0xC5, 0x2D, 0x2D, 0xA6, 0x34, 0x2D, 0x0F, 0x40, 0xB9, 0x61, 0xAD, 0xC2, 0xB6, 0xE0, 0x85, 0xD1,
    0x52, 0x92, 0x06, 0x7B, 0x6F, 0x24, 0xAE, 0x25, 0x50, 0x3F, 0x8F, 0x5C, 0xB3, 0xBB, 0xAA, 0x9C,
    0x11, 0x7C, 0xAD, 0x35, 0xBB, 0x4B, 0xEA, 0xD0, 0x2D, 0xDC, 0xD0, 0xFE, 0x93, 0x1B, 0x24, 0x0D,
    0x97, 0x84, 0xB5, 0xD1, 0x93, 0x25, 0xBA, 0x48, 0xBF, 0x67, 0x27, 0x7A, 0xBB, 0xE4, 0xD4, 0x4C,
    0x73, 0x76, 0x76, 0xE8, 0x22, 0x18, 0x89, 0x1A, 0xD8, 0x2B, 0xC5, 0x4C, 0x41, 0x0B, 0xBF, 0x8B,
    0x24, 0xB5, 0x77, 0x24, 0xCC, 0x01, 0x07, 0xC9, 0x1D, 0x68, 0x34, 0x1A, 0x77, 0x12, 0xF5, 0xA2,
    0x1E, 0x6A, 0x40, 0x55, 0x57, 0x30, 0xD4, 0x1E, 0xD6, 0x35, 0xBD, 0xE6, 0x1F, 0xF9, 0x21, 0x9F,
    0x0F, 0x09, 0xE1, 0x67, 0x5F, 0x4D, 0x38, 0x58, 0x1E, 0x0A, 0x06, 0x0E, 0x60, 0xE5, 0xE9, 0x7D,
    0x44, 0x0F, 0xA6, 0xF8, 0x71, 0xB9, 0xE3, 0x40, 0x65, 0xE4, 0x31, 0x3E, 0xE0, 0x60, 0xBF, 0xFC,
    0x7D, 0x9D, 0xBC, 0x05, 0x73, 0x61, 0x17, 0x21, 0x86, 0x6A, 0x9C, 0xFD, 0xCA, 0x45, 0x08, 0x48,
    0x52, 0x7F, 0x1E, 0x69, 0xD5, 0x24, 0x0E, 0x43, 0x12, 0x67, 0x7B, 0x74, 0xB6, 0x35, 0xF4, 0x98,
    0xEB, 0x38, 0x4C, 0xD0, 0x3C, 0x75, 0x9C, 0xDE, 0xC4, 0xEC, 0xB2, 0x69, 0xE4, 0xE0, 0x4C, 0xD2,
    0xC7, 0x13, 0xB8, 0x13, 0x63, 0x05, 0x3A, 0xB2, 0x70, 0x76, 0xC3, 0x27, 0xD2, 0x79, 0xB3, 0x53,
    0x97, 0xF4, 0x56, 0xA3, 0x26, 0x93, 0xB8, 0x8F, 0x34, 0x2A, 0x17, 0xBD, 0x77, 0xA7, 0x64, 0x8C,
    0x08, 0x95, 0xFA, 0x8D, 0x1C, 0xC3, 0xC0, 0xBA, 0xFA, 0x49, 0xA0, 0xBD, 0xAA, 0xC9, 0x66, 0x02,
    0x52, 0x33, 0x97, 0x4E, 0x41, 0xFC, 0xD6, 0xEA, 0xCE, 0x39, 0x06, 0x26, 0x9D, 0x47, 0x46, 0x6C,
    0x6B, 0x7B, 0xEB, 0xF7, 0x95, 0xE8, 0x36, 0xBF, 0xCD, 0xB1, 0xBE, 0x4D, 0x51, 0xEB, 0xF9, 0x81,
    0x0F, 0x75, 0x85, 0xF3, 0x6C, 0xD4, 0x99, 0x17, 0x62, 0x56, 0x0F, 0x11, 0x49, 0xC5, 0xD6, 0x83,
    0x14, 0x4D, 0xEE, 0x13, 0x4B, 0x82, 0xC1, 0x45, 0x3C, 0xA5, 0x14, 0x07, 0x44, 0x54, 0x94, 0x50,
    0x3C, 0xB2, 0x15, 0x2B, 0xED, 0x28, 0xE8, 0x44, 0x19, 0xA8, 0x96, 0xE6, 0x6F, 0x2D, 0x93, 0xBA,
    0x2A, 0xB3, 0x3A, 0x2B, 0xF9, 0x2B, 0xD8, 0x78, 0x8F, 0x96, 0x4E, 0xAA, 0xD2, 0xFA, 0xEC, 0xDB,
    0xE7, 0x57, 0x7D, 0x64, 0x6D, 0x6D, 0x15, 0x19, 0xE1, 0x92, 0x21, 0x16, 0x87, 0xF8, 0x32, 0x55,
    0xE6, 0x9A, 0xBE, 0x57, 0xE5, 0x62, 0x66, 0x62, 0x71, 0x06, 0x4C, 0x28, 0x40, 0xE8, 0x05, 0x08,
    0xB3, 0x41, 0xEE, 0x23, 0x25, 0x3B, 0x95, 0x67, 0x0B, 0x12, 0xE3, 0x0E, 0x74, 0xE5, 0xDF, 0x1C,
    0x66, 0x92, 0x90, 0xC3, 0x1B, 0xCC, 0xF7, 0xDC, 0x6F, 0xB3, 0xA4, 0xC7, 0x78, 0x0B, 0x72, 0xB0,
    0x41, 0xC8, 0x30, 0xF1, 0x6B, 0x46, 0xFA, 0x72, 0xE5, 0x45, 0xC1, 0xD8, 0x07, 0x6F, 0xE6, 0x1B,
    0x9A, 0x70, 0x99, 0x32, 0x44, 0xC6, 0x0B, 0xD0, 0x34, 0xC4, 0xD4, 0x2B, 0xE0, 0x84, 0x17, 0xC7,
    0x84, 0x18, 0x97, 0x9E, 0x50, 0xB2, 0x45, 0x96, 0xDD, 0x1E, 0x58, 0x5C, 0xCB, 0x23, 0xBF, 0x87,
    0xA8, 0x47, 0x40, 0xA8, 0x83, 0xCE, 0x8F, 0xA4, 0xF4, 0x21, 0x85, 0x9A, 0x2B, 0x54, 0x8E, 0x7E,
    0xA6, 0x2D, 0xF5, 0x98, 0x6A, 0x0E, 0x5B, 0xBA, 0xAE, 0xC9, 0x91, 0xAC, 0xA7, 0x7D, 0x9C, 0x27,
    0x3E, 0x72, 0xE9, 0x47, 0x7A, 0xBD, 0x42, 0xC4, 0x91, 0xF5, 0x72, 0x14, 0x68, 0x18, 0xAB, 0x9A,
    0x31, 0xD0, 0x4B, 0x13, 0xAF, 0x14, 0x66, 0xB1, 0xCE, 0x98, 0x3B, 0x5A, 0xAF, 0xD2, 0xF5, 0xAB,
    0xF0, 0x76, 0xE6, 0xC9, 0xCB, 0xBD, 0xB0, 0x12, 0x62, 0xD0, 0x13, 0xC3, 0x95, 0x41, 0x6A, 0x9B,
    0x30, 0xF4, 0x8C, 0xA7, 0x9E, 0x80, 0xF9, 0xF5, 0x60, 0xFE, 0xE1, 0x64, 0xD4, 0xDF, 0x7D, 0xEA,
    0xAD, 0x67, 0xDD, 0xA6, 0x4C, 0x3C, 0xF3, 0xFF, 0xF2, 0x4F, 0x62, 0x8F, 0x66, 0xC5, 0x3B, 0x43,
    0x6F, 0x52, 0x5D, 0xC6, 0x18, 0x7D, 0x3F, 0x98, 0x61, 0x9E, 0x91, 0xE3, 0x62, 0x5A, 0x03, 0x0A,
    0xEC, 0xD4, 0x80, 0xA0, 0xD4, 0x91, 0x82, 0xEC, 0x61, 0x08, 0xBA, 0x80, 0x55, 0x47, 0xB4, 0x53,
    0x49, 0xA7, 0xC6, 0xE2, 0x04, 0x6E, 0x89, 0x71, 0x47, 0x0C, 0xD5, 0x58, 0x30, 0x55, 0xFC, 0x51,
    0x4D, 0xE9, 0x8D, 0x97, 0x46, 0xB2, 0xE2, 0xAD, 0x6F, 0xF2, 0xC4, 0x5F, 0x3B, 0x10, 0x30, 0x70,
    0x12, 0x4F, 0xB2, 0xD2, 0x94, 0xB6, 0x31, 0x38, 0xE6, 0xB7, 0xA0, 0x0D, 0x27, 0x3D, 0xD5, 0xA1,
    0xFD, 0x42, 0xA5, 0x57, 0x04, 0x3C, 0xE3, 0xBE, 0x2B, 0xB4, 0x3F, 0x6B, 0x5B, 0x16, 0x03, 0x79,
    0x02, 0x6D, 0x09, 0xED, 0x78, 0xEC, 0xC4, 0x85, 0x5D, 0x3C, 0xC1, 0x96, 0xA1, 0xD6, 0x33, 0xEB,
    0x2B, 0x87, 0x64, 0x3D, 0xBE, 0x32, 0xDF, 0xEC, 0x50, 0x13, 0x4F, 0x96, 0x17, 0x71, 0x56, 0x94,
    0x63, 0xD3, 0x22, 0xCB, 0xED, 0x2C, 0xCE, 0x47, 0x7E, 0x9B, 0xD9, 0x26, 0xB0, 0x1B, 0xB0, 0x7D,
    0x0E, 0xE9, 0x6C, 0x1B, 0x6A, 0x62, 0xBB, 0x8B, 0x35, 0x71, 0x91, 0x35, 0xF1, 0x53, 0xD4, 0xC4,
    0xAC, 0xDD, 0x39, 0x43, 0xE1, 0x22, 0x8D, 0xFB, 0x4E, 0xC3, 0xD0, 0x12, 0x4D, 0xEE, 0x9E, 0x9B,
    0xA6, 0x4C, 0x27, 0x84, 0xC6, 0x0B, 0x6D, 0x17, 0x9A, 0x4B, 0xFD, 0xBB, 0x8F, 0x75, 0x79, 0x32,
    0xC6, 0xE9, 0xD2, 0x1C, 0x85, 0x34, 0x79, 0x46, 0x4B, 0x3E, 0x24, 0xD3, 0x7F, 0x00, 0xE3, 0xCF,
    0x80, 0xCD, 0x61, 0x85, 0x89, 0xD9, 0x8E, 0xEA, 0xFA, 0x01, 0x4F, 0x16, 0x22, 0x21, 0x60, 0x9D,
    0xEF, 0x16, 0xCE, 0xA1, 0x42, 0x22, 0x8D, 0x9F, 0x45, 0xCE, 0x65, 0x60, 0x0B, 0xD9, 0xE5, 0x0B,
    0xAD, 0x57, 0x22, 0x0B, 0x60, 0xCA, 0xB1, 0xCC, 0x18, 0x84, 0x86, 0xE5, 0x47, 0x0A, 0x8C, 0xDA,
    0xBA, 0x3A, 0x4F, 0x49, 0x2F, 0x20, 0x9A, 0xA4, 0x9A, 0x22, 0x3D, 0x82, 0x36, 0x83, 0x58, 0x82,
    0xFC, 0x1D, 0xAD, 0x90, 0x76, 0xD7, 0x58, 0x9D, 0x47, 0xCF, 0xF5, 0xB2, 0x8F, 0x47, 0x2C, 0x9A,
    0x45, 0xDB, 0x8E, 0xF6, 0x34, 0xDA, 0xB1, 0x48, 0x97, 0x1B, 0x2A, 0xA4, 0xD0, 0xF5, 0x42, 0xFB,
    0xC5, 0x9A, 0x5F, 0xD7, 0x0B, 0xDF, 0xBA, 0x7B, 0x78, 0x84, 0x68, 0x7D, 0xDD, 0x2F, 0xBC, 0x46,
    0xF4, 0xE6, 0x5D, 0x52, 0xF2, 0xC1, 0x9F, 0x4C, 0x5C, 0xEB, 0xA8, 0x26, 0xEB, 0xA8, 0x4A, 0xEB,
    0x96, 0x3C, 0x8E, 0x37, 0x30, 0x99, 0x12, 0xB5, 0x27, 0x1E, 0x18, 0x11, 0x45, 0xD6, 0x11, 0x75,
    0x01, 0xF5, 0xBF, 0x40, 0x0D, 0xD0, 0xFA, 0x8D, 0x43, 0x79, 0x70, 0xA8, 0xF4, 0xA9, 0x96, 0x31,
    0x58, 0xB1, 0xEE, 0xEF, 0xB9, 0x35, 0x14, 0x33, 0x65, 0x82, 0xC1, 0x4F, 0x0F, 0xCD, 0xC6, 0x1D,
    0xA1, 0x2A, 0x39, 0x04, 0x83, 0x5F, 0xEB, 0x86, 0x0C, 0x7D, 0x0A, 0xFF, 0x54, 0x86, 0x20, 0x64,
    0x3C, 0x04, 0xF1, 0x6E, 0x75, 0x78, 0x8C, 0x19, 0x93, 0xCC, 0x1F, 0x0B, 0xBC, 0xFE, 0x01, 0x63,
    0xE0, 0x9A, 0xC0, 0x50, 0xFF, 0x85, 0xE1, 0x8F, 0x0D, 0xE3, 0x1F, 0x1B, 0x66, 0x28, 0xB2, 0x60,
    0xFE, 0xB3, 0x85, 0xF9, 0xCF, 0x07, 0xE6, 0x7F, 0x07, 0x98, 0xFF, 0x37, 0x30, 0xFF, 0x63, 0xE0,
    0xFE, 0xC3, 0x50, 0xFF, 0x87, 0x21, 0xF9, 0x0F, 0x03, 0x33, 0x14, 0x71, 0x31, 0xFF, 0xE1, 0x63,
    0xFA, 0xBF, 0x87, 0xE1, 0xFF, 0x17, 0x06, 0x36, 0x07, 0x00, 0xA5, 0x56, 0xBF, 0x6F, 0xD4, 0x4A,
    0x10, 0x1E, 0x9F, 0x01, 0x07, 0x19, 0xB2, 0x69, 0x22, 0x3D, 0x09, 0x74, 0xA6, 0x78, 0x15, 0xC2,
    0x77, 0x0D, 0x45, 0x84, 0xEE, 0x62, 0x4B, 0xEF, 0x1F, 0x48, 0xC1, 0x8F, 0x02, 0x09, 0x51, 0x23,
    0xA1, 0x50, 0xA4, 0xA0, 0x48, 0x38, 0x8B, 0xBF, 0xE0, 0xFD, 0x05, 0x4F, 0x14, 0x14, 0x10, 0x84,
    0x68, 0x28, 0x5E, 0x91, 0xA7, 0xB3, 0xD2, 0xD2, 0x58, 0x8A, 0xD2, 0x9F, 0x90, 0x68, 0x28, 0xC0,
    0x48, 0x27, 0x61, 0x42, 0x7C, 0x7E, 0x3B, 0xDF, 0x8C, 0xEF, 0x7C, 0xC7, 0x2F, 0xA1, 0xAC, 0xB4,
    0xB3, 0xF2, 0xEE, 0x7A, 0x67, 0xE6, 0x9B, 0xD9, 0x6F, 0x96, 0xA8, 0x6E, 0xA9, 0x0C, 0x5E, 0x22,
    0x63, 0x57, 0xA7, 0x4B, 0x19, 0xFC, 0xF2, 0x06, 0x37, 0x8A, 0x2A, 0xB4, 0xD8, 0xE8, 0xB7, 0x73,
    0xAC, 0xFB, 0x22, 0x1D, 0x7D, 0xFD, 0xDF, 0xD1, 0xF3, 0x28, 0x9E, 0x6A, 0xA0, 0x8B, 0xB6, 0xAF,
    0xDB, 0x3E, 0xB0, 0x73, 0x55, 0x4A, 0xAD, 0x6A, 0x44, 0xFE, 0xA4, 0xA0, 0x20, 0xDC, 0xA1, 0xB5,
    0xD0, 0x27, 0x0A, 0xE9, 0xE4, 0xFD, 0x0F, 0x55, 0x2F, 0x43, 0x4B, 0xAD, 0xC8, 0x65, 0xD8, 0x51,
    0xDF, 0xD2, 0xCB, 0xBB, 0xB6, 0xBD, 0x2A, 0xC4, 0x99, 0x09, 0x5C, 0xD9, 0x1C, 0x8B, 0x1F, 0x62,
    0xFF, 0x9E, 0xEC, 0x1C, 0x41, 0xBA, 0x09, 0x35, 0xDB, 0x95, 0x93, 0x9B, 0x79, 0x29, 0x6C, 0xC5,
    0xFD, 0x30, 0x20, 0xF3, 0xF2, 0x98, 0xDC, 0x2A, 0x27, 0xA7, 0xCA, 0x88, 0x86, 0x89, 0xC0, 0xC8,
    0x7B, 0x96, 0x14, 0xBA, 0x58, 0x9D, 0xC8, 0x15, 0xDA, 0x9E, 0x42, 0xDD, 0x8D, 0x05, 0x7A, 0x33,
    0x22, 0x33, 0xB1, 0xBE, 0xBC, 0x28, 0xA7, 0xA1, 0x41, 0xA8, 0x6E, 0x97, 0x12, 0x3A, 0x93, 0x49,
    0x28, 0xBB, 0x1A, 0xDA, 0x87, 0x1A, 0xEA, 0x51, 0xC3, 0x9F, 0x73, 0xB6, 0x77, 0xF4, 0x5C, 0x84,
    0x25, 0x23, 0xCF, 0xDA, 0x14, 0xDC, 0xD9, 0xA6, 0x5E, 0xDB, 0xD0, 0x4A, 0xDB, 0x82, 0xD9, 0xA6,
    0x9F, 0xF6, 0x0D, 0xBB, 0x87, 0xF7, 0x06, 0xFF, 0x6C, 0xE3, 0x5F, 0x3E, 0x83, 0xCF, 0xC2, 0x99,
    0x1D, 0xD5, 0x21, 0xF8, 0xFE, 0x0D, 0x59, 0x15, 0x6C, 0x54, 0xC5, 0x1F, 0x01, 0x82, 0x63, 0x90,
    0x48, 0x06, 0x69, 0x64, 0x0C, 0x87, 0x6D, 0xD9, 0x65, 0x23, 0xCF, 0x13, 0xEF, 0x3C, 0x85, 0xBC,
    0xB1, 0x2B, 0x88, 0x84, 0x2B, 0xD6, 0x17, 0x90, 0xBF, 0xB3, 0xD0, 0xF4, 0xFA, 0x2E, 0x67, 0xC9,
    0x26, 0xEB, 0x1E, 0x56, 0x2C, 0xCF, 0x0C, 0xB1, 0x3A, 0xC8, 0x78, 0xFE, 0x33, 0x1B, 0xE0, 0x1D,
    0xB0, 0x0C, 0xFE, 0x62, 0xB9, 0xE3, 0x5A, 0xE9, 0x8C, 0x39, 0xAB, 0xBD, 0x8C, 0xA3, 0x12, 0x20,
    0xAF, 0xB7, 0x91, 0x6B, 0x70, 0xC0, 0x43, 0xAA, 0x05, 0x34, 0x9D, 0x6E, 0x61, 0xDA, 0x4F, 0x67,
    0xB7, 0xA9, 0x07, 0xB9, 0x02, 0x79, 0x15, 0xB2, 0x0F, 0x29, 0x67, 0x79, 0x19, 0x0E, 0x1B, 0x37,
    0x32, 0x55, 0x17, 0xD2, 0x99, 0x16, 0x39, 0x5A, 0xD5, 0x78, 0xA9, 0x83, 0x05, 0x17, 0x0B, 0x90,
    0x81, 0xC7, 0xBF, 0x78, 0x6F, 0x58, 0x3A, 0x15, 0x7C, 0x1F, 0xF2, 0xEF, 0x17, 0x38, 0x18, 0x4E,
    0x55, 0x41, 0xC7, 0xE6, 0x88, 0x16, 0x9A, 0xBA, 0x90, 0xCD, 0x94, 0xEE, 0xCC, 0x8C, 0xF9, 0x76,
    0x7A, 0xEA, 0xF0, 0x29, 0x58, 0x72, 0x0E, 0x56, 0x2D, 0x63, 0x7A, 0x19, 0xD6, 0x1A, 0x18, 0x18,
    0xC0, 0xD8, 0x2E, 0x76, 0x47, 0x47, 0x31, 0xE2, 0xCE, 0x27, 0x46, 0xEF, 0x78, 0xE6, 0xCF, 0x99,
    0xFA, 0x25, 0x1D, 0xFB, 0x3A, 0xF6, 0x74, 0x7C, 0x4D, 0x73, 0xD7, 0xB7, 0x35, 0x92, 0xEC, 0x75,
    0x53, 0xC9, 0x66, 0x70, 0x95, 0x85, 0xD6, 0x28, 0x51, 0x05, 0x4A, 0x54, 0x8F, 0x16, 0x88, 0xEA,
    0x8B, 0x12, 0x95, 0x18, 0xA2, 0xC7, 0xF8, 0x89, 0x2B, 0xB8, 0xA6, 0x4A, 0x59, 0xB1, 0x51, 0x6D,
    0xED, 0x05, 0x2B, 0xEA, 0x71, 0xAB, 0x36, 0xF7, 0x34, 0x35, 0x82, 0x50, 0x1B, 0xDD, 0x9B, 0x33,
    0xF9, 0x93, 0x18, 0xFC, 0x16, 0x2A, 0xDC, 0x54, 0x00, 0x4B, 0x80, 0x9E, 0x11, 0xFE, 0x79, 0x35,
    0xC7, 0x3F, 0xFF, 0x09, 0xFF, 0xBC, 0x16, 0xFE, 0xC9, 0xC1, 0x3F, 0xD6, 0xCE, 0x11, 0xFE, 0x06,
    0xFF, 0xA8, 0x95, 0x66, 0xCE, 0x46, 0x55, 0xBA, 0x36, 0x1F, 0xCD, 0xD4, 0x57, 0x2A, 0xBF, 0xA2,
    0x54, 0x2E, 0x17, 0xA2, 0xF4, 0x25, 0x23, 0xCB, 0xE1, 0xBB, 0x79, 0x2A, 0x97, 0x6F, 0xE7, 0x58,
    0xD6, 0x29, 0xD2, 0x1C, 0xF4, 0x93, 0x9E, 0x92, 0xE8, 0xB2, 0x52, 0xB9, 0x33, 0x8D, 0xD6, 0xFA,
    0x22, 0x5F, 0x8C, 0xC9, 0xDC, 0xDF, 0xA3, 0x5E, 0x68, 0xF9, 0x22, 0xB2, 0xDB, 0x86, 0x42, 0xF1,
    0xCC, 0x6D, 0xFE, 0x87, 0x82, 0x3A, 0xE1, 0x3A, 0x6D, 0x85, 0x36, 0x37, 0x7F, 0x8F, 0xC6, 0x57,
    0x44, 0xE1, 0x9A, 0xD0, 0x78, 0x47, 0x02, 0x68, 0x52, 0xC0, 0xE8, 0x8E, 0x01, 0xE3, 0x8B, 0xAA,
    0x09, 0xE3, 0xAD, 0x09, 0x60, 0xF4, 0xF2, 0x88, 0xB3, 0xCD, 0xC4, 0x7B, 0x02, 0x12, 0x02, 0xFE,
    0xA0, 0x41, 0xE3, 0x67, 0xE9, 0x97, 0x94, 0x56, 0xF7, 0xAD, 0xB6, 0x17, 0x77, 0xDB, 0x1D, 0xF2,
    0x3F, 0x16, 0x70, 0x07, 0xB4, 0x36, 0x48, 0xE0, 0x66, 0xDF, 0x52, 0x9E, 0xB1, 0x94, 0xE7, 0x5A,
    0xF7, 0x1D, 0x5B, 0xCD, 0x84, 0xF2, 0x62, 0x49, 0x8D, 0xA5, 0x66, 0x44, 0x10, 0x54, 0xCE, 0x57,
    0x37, 0x07, 0x19, 0x58, 0x86, 0x2B, 0x01, 0x21, 0xD8, 0xBA, 0x90, 0x60, 0xE4, 0x64, 0xE4, 0x0B,
    0xD4, 0xBE, 0x2E, 0x08, 0x5B, 0x02, 0xE3, 0xD0, 0x5B, 0x06, 0x73, 0xE4, 0x14, 0xD4, 0x04, 0x21,
    0x91, 0x0D, 0xBD, 0xBD, 0x7A, 0x9F, 0xDD, 0xBA, 0x86, 0xEB, 0x68, 0x62, 0xA9, 0x22, 0x46, 0xAB,
    0x48, 0xA8, 0x55, 0xA4, 0xA7, 0x55, 0xE4, 0x5F, 0xAD, 0x22, 0xB9, 0x56, 0x91, 0xA3, 0xF9, 0x2A,
    0x72, 0xFB, 0x50, 0xAA, 0x88, 0xD1, 0x2A, 0x12, 0x68, 0x15, 0xE9, 0x6B, 0x15, 0x51, 0x5C, 0xBF,
    0x7F, 0x4B, 0x67, 0xD6, 0x2C, 0x54, 0xCF, 0xB4, 0xF9, 0xCC, 0x08, 0xB8, 0x0E, 0x3F, 0x23, 0xA8,
    0x3C, 0xF6, 0xBF, 0x70, 0x1D, 0xDE, 0x88, 0xE4, 0x1C, 0x73, 0xC4, 0x6B, 0x4F, 0x1D, 0x59, 0xA3,
    0x08, 0x6B, 0xF5, 0x2D, 0xA8, 0xEB, 0x7A, 0xFC, 0xD3, 0xB7, 0xC5, 0x81, 0x7D, 0x5B, 0xEC, 0x97,
    0x74, 0x6D, 0xFF, 0x0D, 0xB5, 0xF6, 0xD3, 0x93, 0xF7, 0xC7, 0x49, 0x93, 0xAD, 0xCC, 0x14, 0xEC,
    0x55, 0xCE, 0xBC, 0xB1, 0x78, 0x31, 0x21, 0xBC, 0x26, 0x86, 0x99, 0x5C, 0xBD, 0x7C, 0x15, 0x5F,
    0x89, 0x7A, 0x71, 0x8F, 0x4B, 0xB5, 0xE0, 0xE3, 0x8B, 0xED, 0xE7, 0x67, 0xC8, 0x3C, 0x79, 0x62,
    0x31, 0xCC, 0x4F, 0xDC, 0xD7, 0xF2, 0xAF, 0xB6, 0xA6, 0x96, 0xE4, 0x7F, 0x2A, 0x00, 0xC3, 0x34,
    0x29, 0xBB, 0x4D, 0x75, 0xF1, 0xFC, 0x03, 0xC9, 0x7F, 0x6F, 0x2D, 0x7B, 0x4E, 0x1A, 0x7E, 0x6A,
    0xE9, 0xF3, 0x0E, 0x6F, 0x8B, 0xDD, 0xDD, 0x3A, 0x2B, 0xF4, 0x19, 0x78, 0x9D, 0x48, 0xE7, 0x29,
    0x90, 0x79, 0x72, 0x0F, 0xB1, 0x9F, 0x28, 0xA3, 0x1F, 0x34, 0x37, 0x06, 0x4E, 0x37, 0x47, 0x82,
    0x53, 0x21, 0x38, 0x0D, 0xE2, 0x55, 0x79, 0x7C, 0x89, 0x82, 0xF2, 0x1E, 0x1E, 0x66, 0x63, 0x4C,
    0x0E, 0x04, 0xB5, 0x12, 0x3B, 0x6F, 0xE6, 0xCD, 0xA4, 0x6A, 0x11, 0xFD, 0x0F, 0xAD, 0x56, 0x3D,
    0x8F, 0xDD, 0x44, 0x14, 0x3D, 0xB6, 0x49, 0x4C, 0xB0, 0x14, 0x23, 0x44, 0x50, 0x08, 0x49, 0x4C,
    0x91, 0x02, 0xA1, 0x25, 0xD3, 0xA4, 0xA0, 0x78, 0xBB, 0x36, 0xF9, 0x03, 0x50, 0xB0, 0x7D, 0x0A,
    0x1A, 0x68, 0x42, 0x91, 0x22, 0xC5, 0x12, 0x5B, 0xE2, 0x0F, 0xA4, 0xA7, 0x49, 0x41, 0xC3, 0xA3,
    0xA0, 0x49, 0x11, 0x45, 0xCB, 0xB3, 0x45, 0x8A, 0x14, 0x14, 0xF8, 0x27, 0x18, 0x41, 0x45, 0x41,
    0x06, 0xC9, 0x85, 0x21, 0x7E, 0x1E, 0xCE, 0x99, 0xE7, 0xDD, 0xCD, 0x92, 0x0F, 0x21, 0xC4, 0x93,
    0xE7, 0x3C, 0x8F, 0x67, 0xE6, 0xDC, 0x3B, 0x77, 0xCE, 0xBD, 0xF6, 0x2B, 0xB7, 0x81, 0x64, 0x02,
    0x90, 0xB7, 0xBC, 0xE9, 0x81, 0x68, 0x0D, 0x04, 0x8E, 0x0F, 0x5C, 0x05, 0xD4, 0x0D, 0xCE, 0xB9,
    0x36, 0x70, 0xAE, 0x4B, 0x6C, 0x6E, 0xB3, 0xD6, 0xD8, 0xBC, 0xC9, 0xD8, 0x52, 0x5B, 0xB2, 0xD5,
    0x9B, 0xFF, 0x2E, 0x6F, 0xB3, 0xC6, 0x58, 0x53, 0x25, 0x43, 0x89, 0xD0, 0x0D, 0xC0, 0x1B, 0x05,
    0xD7, 0xE3, 0x94, 0xE0, 0x3D, 0xB2, 0xBA, 0x11, 0x28, 0xDD, 0x84, 0x60, 0x22, 0x69, 0x6C, 0xC3,
    0x47, 0x5D, 0xDA, 0x44, 0x0F, 0xAC, 0x41, 0x5C, 0x0D, 0x39, 0x52, 0xEC, 0x6F, 0x23, 0xC3, 0xFE,
    0x02, 0xDB, 0xD8, 0x5B, 0x60, 0xA1, 0xEE, 0x5D, 0x8C, 0x3B, 0xB0, 0x18, 0x4C, 0xD8, 0x85, 0x36,
    0x7D, 0xD0, 0x24, 0x5D, 0xFC, 0xB8, 0xCA, 0x9B, 0xD0, 0x3D, 0xA2, 0x67, 0xB9, 0xA3, 0x9B, 0x3B,
    0xDF, 0x90, 0x7C, 0x21, 0x0B, 0x6F, 0x0B, 0x70, 0x42, 0x60, 0xD8, 0x42, 0xF9, 0x1E, 0x39, 0x7A,
    0x10, 0xBB, 0x06, 0x48, 0x73, 0xC2, 0xE9, 0xBC, 0x03, 0xB6, 0x8C, 0xE5, 0x8A, 0x94, 0x70, 0x23,
    0xA5, 0x8F, 0x36, 0x19, 0x11, 0x74, 0xF1, 0x88, 0xA8, 0x8D, 0x26, 0x44, 0xE4, 0x46, 0x52, 0x05,
    0xAE, 0x48, 0xB5, 0x73, 0xA3, 0xAD, 0x6F, 0xD3, 0xEB, 0xB6, 0x74, 0xCE, 0x59, 0x41, 0x27, 0x68,
    0x6A, 0x42, 0x5B, 0x76, 0x88, 0x9B, 0xDC, 0x72, 0x3E, 0x29, 0x53, 0x64, 0x3D, 0xDD, 0x27, 0xE5,
    0x36, 0x48, 0xB9, 0x50, 0x00, 0xEF, 0x81, 0x94, 0x56, 0xAE, 0xD0, 0xAE, 0xBB, 0x4A, 0x0F, 0xDC,
    0x97, 0x84, 0xFA, 0x21, 0xBD, 0xCA, 0x7F, 0x52, 0xB0, 0x7F, 0x27, 0x64, 0x0C, 0x0B, 0x52, 0x0F,
    0x8C, 0x3D, 0x4E, 0xE2, 0xE0, 0x27, 0x4B, 0xAE, 0x4F, 0xDC, 0xF2, 0x5B, 0x57, 0x91, 0x88, 0x34,
    0x33, 0xAE, 0x67, 0x0C, 0xFE, 0x35, 0x1E, 0xAD, 0x7D, 0x0A, 0x13, 0x57, 0xC4, 0xAE, 0x2A, 0x9D,
    0xF5, 0xF1, 0xDC, 0xD8, 0xD5, 0x7D, 0xC2, 0x33, 0x72, 0xCD, 0xF3, 0x56, 0x1D, 0x7A, 0xF2, 0x9F,
    0x7D, 0xD8, 0xEC, 0x6B, 0xB3, 0xC7, 0x57, 0x65, 0x56, 0xF0, 0x12, 0x4F, 0xD5, 0x39, 0x98, 0x11,
    0xD7, 0x91, 0x4E, 0x48, 0x74, 0x82, 0x11, 0xD7, 0x37, 0x21, 0xDD, 0xB2, 0x3A, 0xDA, 0x41, 0x71,
    0x5A, 0xFB, 0xB3, 0x85, 0x14, 0xCA, 0x78, 0xA2, 0x96, 0xCE, 0xBE, 0x50, 0x57, 0x3B, 0x88, 0x3A,
    0x4D, 0xA9, 0xD0, 0x60, 0x07, 0x51, 0x85, 0x01, 0x49, 0x11, 0x89, 0x34, 0x15, 0x90, 0x7E, 0x12,
    0x8C, 0x38, 0xB3, 0xBB, 0xFB, 0x35, 0x4E, 0xEC, 0xEE, 0xEE, 0x7A, 0x93, 0x8D, 0x21, 0x14, 0xE7,
    0x96, 0xCB, 0x65, 0xA1, 0x6E, 0xC1, 0x81, 0x8F, 0x49, 0x23, 0xAA, 0xE7, 0x42, 0x60, 0xE1, 0xD7,
    0x56, 0xEF, 0x2E, 0xFF, 0x5A, 0xBE, 0x68, 0xB2, 0x8E, 0x15, 0x2F, 0x83, 0xCA, 0x90, 0x54, 0xEF,
    0x42, 0x9A, 0xE8, 0xA8, 0x35, 0x0A, 0x9F, 0xBA, 0xA1, 0x6A, 0x9E, 0x1E, 0x49, 0xFC, 0xC8, 0x45,
    0xFF, 0x78, 0x8F, 0x52, 0x05, 0xAE, 0x81, 0x7A, 0x52, 0xF7, 0x32, 0x34, 0x94, 0x16, 0x14, 0x9F,
    0x66, 0x06, 0x9D, 0x56, 0x1D, 0x1B, 0x4B, 0x0A, 0x0D, 0x44, 0xAD, 0xF7, 0x90, 0xD7, 0x4D, 0x3F,
    0x76, 0x21, 0xAD, 0xF2, 0x2E, 0xB7, 0x79, 0xC7, 0xD8, 0x00, 0x67, 0x3E, 0xC2, 0x1C, 0xD2, 0x5A,
    0xE0, 0x3C, 0x74, 0xB3, 0xC7, 0x61, 0xC3, 0x71, 0x42, 0x6E, 0xC9, 0x63, 0x7A, 0x46, 0x31, 0x1D,
    0xE2, 0x82, 0x22, 0x4D, 0x48, 0x3E, 0xA6, 0xAA, 0x0E, 0xA7, 0x09, 0xD3, 0x05, 0x9D, 0xC0, 0x96,
    0x56, 0x2A, 0x05, 0xEB, 0x3D, 0x49, 0x5A, 0x07, 0x94, 0xEB, 0x1C, 0x94, 0x67, 0x50, 0x9E, 0x21,
    0x51, 0x00, 0xA2, 0xEA, 0x40, 0xD7, 0x6F, 0x02, 0x9F, 0x52, 0x01, 0x7D, 0xE4, 0x9A, 0xC4, 0xAD,
    0x53, 0x67, 0xB3, 0x47, 0xCE, 0x7C, 0x35, 0x2C, 0x02, 0xD6, 0x8C, 0xBD, 0x2B, 0x72, 0x6A, 0xEB,
    0x73, 0x5A, 0xC5, 0xF9, 0x2B, 0x4A, 0x8B, 0xF3, 0x0B, 0x18, 0x87, 0x45, 0xFE, 0xC1, 0x9F, 0xEE,
    0xE7, 0x9E, 0x93, 0x6B, 0xD7, 0xC5, 0x3A, 0xAE, 0x0A, 0xF7, 0x11, 0xDE, 0xC3, 0xA9, 0x5B, 0xAB,
    0xE7, 0xFF, 0x2E, 0xA9, 0xF8, 0xDC, 0x02, 0x56, 0x87, 0xD7, 0x65, 0xAC, 0x16, 0x58, 0xDD, 0xC4,
    0xCA, 0x6A, 0xDF, 0x75, 0xAB, 0xD2, 0x46, 0xF9, 0xD4, 0xD0, 0x35, 0xE9, 0x0A, 0x27, 0x09, 0x94,
    0xB5, 0x30, 0x5D, 0xE1, 0xE2, 0x0A, 0x8B, 0x15, 0xF6, 0x56, 0xB8, 0xB6, 0x7A, 0x92, 0x04, 0x20,
    0xF1, 0x49, 0xDC, 0x32, 0xC5, 0x2A, 0xFF, 0x9F, 0xAF, 0x4B, 0xAF, 0x93, 0xFC, 0x2C, 0x82, 0xE1,
    0x7B, 0x84, 0xC3, 0xFA, 0xC9, 0xF6, 0x49, 0x38, 0x4C, 0x7D, 0x38, 0xB8, 0x8E, 0xAD, 0x61, 0x2B,
    0xD8, 0xDF, 0x8C, 0x3D, 0x56, 0x6E, 0xCD, 0x6D, 0x62, 0x1B, 0xD7, 0x88, 0xF8, 0x3C, 0x65, 0xCB,
    0xD8, 0x72, 0xB6, 0xFB, 0x6C, 0xAF, 0x1D, 0xE7, 0x3B, 0xD6, 0x70, 0x5B, 0x72, 0x80, 0x24, 0x9F,
    0x28, 0xAF, 0x4C, 0xC6, 0xBC, 0x2A, 0x13, 0xC2, 0xA4, 0x73, 0xD3, 0x8B, 0x21, 0x5C, 0x1F, 0x83,
    0x68, 0x7C, 0x11, 0xC4, 0x1E, 0x24, 0x85, 0xE4, 0x08, 0x24, 0x8A, 0xB4, 0x9F, 0x45, 0x71, 0x23,
    0xA5, 0xD0, 0xC6, 0x54, 0xE5, 0xB0, 0x56, 0x11, 0xEC, 0x0F, 0xD4, 0x61, 0x8A, 0xB2, 0xA9, 0xDB,
    0xB2, 0x31, 0xC5, 0x3F, 0xFB, 0x49, 0x87, 0x6B, 0xB9, 0xBB, 0x4A, 0x05, 0xB8, 0xB6, 0x7F, 0xCB,
    0x15, 0x85, 0x44, 0x8F, 0x00, 0x5E, 0xF3, 0x92, 0xBE, 0x7F, 0x11, 0xE8, 0x19, 0x6B, 0xF2, 0x2F,
    0x2D, 0xE7, 0xFE, 0xB0, 0x99, 0x6B, 0x38, 0x77, 0x71, 0xCF, 0xE7, 0x97, 0xD2, 0x81, 0x89, 0xA1,
    0xDC, 0xF1, 0xAB, 0x4E, 0xCB, 0xB1, 0x67, 0xF0, 0x3E, 0xDB, 0x16, 0xE8, 0x13, 0x33, 0x42, 0xD9,
    0x39, 0xDB, 0x54, 0xFD, 0xAA, 0x55, 0x53, 0x94, 0x6A, 0xF3, 0xD0, 0x67, 0xDF, 0xFD, 0xB6, 0xD4,
    0x0B, 0x42, 0x89, 0x8B, 0x1E, 0x87, 0x43, 0xF1, 0x26, 0x03, 0xCE, 0x32, 0x82, 0xA3, 0x4F, 0x8F,
    0x98, 0x71, 0xA5, 0x04, 0x15, 0x9D, 0xBC, 0xDA, 0xBC, 0x7A, 0x43, 0x85, 0xDA, 0xFC, 0xAA, 0xBC,
    0xA2, 0xAD, 0x4C, 0x71, 0xDB, 0x57, 0x5D, 0xA4, 0x9D, 0x35, 0x39, 0x15, 0x79, 0xBC, 0xE3, 0xC3,
    0x22, 0xB2, 0xC4, 0xF7, 0x4B, 0x9F, 0xB2, 0x53, 0x71, 0x10, 0xC6, 0xE0, 0xF0, 0x90, 0xCA, 0x76,
    0x9E, 0x53, 0xCB, 0xE1, 0xC1, 0x47, 0x73, 0xAE, 0xB4, 0x9B, 0x42, 0xEB, 0xE1, 0xE0, 0x77, 0x87,
    0xB2, 0xE6, 0xC6, 0x43, 0xAB, 0xF9, 0x46, 0x7E, 0xE9, 0x23, 0xA0, 0x2E, 0xE8, 0x57, 0xD2, 0xC7,
    0xBC, 0x2D, 0x0B, 0x23, 0x45, 0x20, 0x27, 0x89, 0xE9, 0x74, 0x94, 0x74, 0xB7, 0xF6, 0x1D, 0xED,
    0x81, 0xEF, 0x75, 0xD9, 0xC9, 0xDA, 0xC4, 0xFA, 0x4D, 0xDF, 0xDD, 0xD0, 0xDE, 0xF6, 0xAF, 0xE6,
    0x35, 0xAB, 0xB1, 0xB6, 0x98, 0x59, 0xF9, 0xE6, 0x77, 0x67, 0xBA, 0xCC, 0x53, 0x6C, 0x3A, 0xAD,
    0x54, 0x91, 0x74, 0x91, 0xF5, 0x26, 0x1B, 0x99, 0x1C, 0x75, 0x5B, 0x1E, 0xDC, 0x96, 0x85, 0x82,
    0xD4, 0xE3, 0x7D, 0x1C, 0xFD, 0x58, 0x20, 0x55, 0x3B, 0xB1, 0xB8, 0xC3, 0xA9, 0x9D, 0xFF, 0x58,
    0x91, 0x27, 0x4C, 0x6A, 0xBE, 0xBE, 0x50, 0x7E, 0x48, 0x6F, 0x59, 0x5D, 0xCD, 0x7A, 0x0E, 0xAC,
    0xA6, 0xFC, 0xC1, 0xAC, 0xE9, 0xB2, 0x36, 0x6A, 0x02, 0xEB, 0x45, 0x50, 0xCC, 0x1F, 0x0D, 0x33,
    0x57, 0x45, 0x11, 0x8D, 0x74, 0x3D, 0x6F, 0x75, 0x3E, 0xDD, 0x51, 0x0C, 0xD3, 0xEB, 0x2D, 0x32,
    0xCA, 0x62, 0x9B, 0x7B, 0x54, 0x91, 0x9B, 0x4D, 0x29, 0xF8, 0x8F, 0x9B, 0x59, 0x50, 0x33, 0x97,
    0xA1, 0x03, 0xFC, 0x46, 0x68, 0x0C, 0x4C, 0xD8, 0x67, 0x45, 0xFD, 0x70, 0xCC, 0x1B, 0xF7, 0xE3,
    0x58, 0xB7, 0xFE, 0xCE, 0x3F, 0xFB, 0x1B, 0xA5, 0x91, 0xBF, 0x4E, 0x03, 0x31, 0x0C, 0xC6, 0x3F,
    0x9A, 0xE1, 0x86, 0x0A, 0xB2, 0x30, 0x22, 0x75, 0x65, 0xA8, 0x28, 0x43, 0x87, 0x1B, 0xAE, 0xCA,
    0x49, 0x3C, 0x10, 0x8C, 0x6C, 0x74, 0x63, 0x84, 0x47, 0x61, 0x04, 0x81, 0x74, 0x2E, 0x7D, 0x01,
    0xB7, 0x0C, 0x0C, 0x48, 0x90, 0x07, 0x40, 0x10, 0xA1, 0x4A, 0x04, 0x71, 0x6D, 0xF0, 0x25, 0xAD,
    0x84, 0xF8, 0x33, 0x20, 0x12, 0xDB, 0xFA, 0x29, 0xFE, 0x12, 0x5B, 0x31, 0xB6, 0x91, 0xFF, 0xB6,
    0xB5, 0x37, 0xBE, 0x72, 0x95, 0x35, 0x25, 0xB6, 0x21, 0x07, 0x28, 0x00, 0x23, 0x36, 0x84, 0x61,
    0x18, 0x87, 0x7C, 0x86, 0xFC, 0x10, 0x79, 0x81, 0x3C, 0x8F, 0xD6, 0x47, 0x7E, 0xA0, 0xFD, 0xA9,
    0xF1, 0xA8, 0x1C, 0x2A, 0x0B, 0xB9, 0xB7, 0x5A, 0xFB, 0x82, 0xFB, 0xA1, 0x44, 0x2F, 0xBC, 0x97,
    0x30, 0x6F, 0x59, 0x89, 0x01, 0x24, 0xE4, 0x7F, 0x0A, 0x6B, 0xA1, 0x6C, 0xFB, 0x2C, 0xC0, 0x78,
    0x1D, 0x50, 0xCD, 0x74, 0x2D, 0x45, 0x32, 0xD7, 0xF4, 0xF3, 0x65, 0xFD, 0x54, 0xAD, 0x2D, 0x0F,
    0xB4, 0xE4, 0x6C, 0x10, 0x24, 0x98, 0x70, 0x2C, 0xE1, 0xF4, 0xBF, 0xD5, 0xDC, 0xB7, 0xFD, 0x52,
    0x87, 0x45, 0xDD, 0x71, 0x1D, 0xB7, 0xE3, 0x0A, 0x37, 0x0B, 0x7C, 0x81, 0x33, 0x91, 0xB5, 0xE0,
    0x0C, 0x5E, 0x03, 0x82, 0xD8, 0x09, 0xBC, 0x86, 0xFB, 0x6C, 0x3D, 0xBC, 0xA4, 0xD4, 0x43, 0x93,
    0x2A, 0x35, 0xA0, 0xD3, 0xF3, 0x9B, 0x88, 0x5F, 0xBE, 0x74, 0x45, 0x03, 0xA7, 0xC8, 0x38, 0x75,
    0x1D, 0x58, 0x3D, 0xCF, 0x91, 0x85, 0x1A, 0x47, 0xBE, 0x40, 0x45, 0x05, 0x2E, 0xA9, 0xC9, 0x47,
    0x3F, 0x8B, 0x9A, 0x51, 0xB0, 0xEA, 0x61, 0x01, 0x25, 0x9A, 0xDE, 0x5C, 0x34, 0x9C, 0x74, 0x7B,
    0x51, 0x83, 0xE8, 0x2D, 0x71, 0xB4, 0xDF, 0x92, 0xA3, 0x0A, 0x56, 0x7A, 0x60, 0x28, 0x37, 0xAA,
    0x33, 0x3B, 0xF2, 0x68, 0x33, 0x85, 0x0E, 0xD1, 0x1C, 0xEB, 0x4C, 0xB7, 0x57, 0x44, 0x77, 0xE8,
    0x32, 0x4D, 0x1D, 0xD1, 0xCD, 0xB0, 0xCF, 0xC4, 0x96, 0x68, 0x4A, 0xBB, 0x02, 0x4C, 0x34, 0x59,
    0x01, 0x7F, 0x83, 0x09, 0xF5, 0x13, 0x4C, 0xA9, 0x9B, 0xE0, 0x66, 0xB8, 0xB5, 0x04, 0x6C, 0x24,
    0xB8, 0x47, 0x96, 0xE0, 0x11, 0x2A, 0x81, 0x07, 0x6C, 0x04, 0x07, 0x1C, 0x34, 0x30, 0x92, 0x5E,
    0xBB, 0x0D, 0x8C, 0x65, 0xB2, 0xBA, 0x81, 0x7B, 0xE9, 0x59, 0xB1, 0x80, 0x8F, 0x83, 0x10, 0xB0,
    0x0D, 0x14, 0xCC, 0xE3, 0x38, 0x20, 0xCD, 0xFC, 0x14, 0x3F, 0xB1, 0x65, 0xD9, 0xA7, 0xEF, 0x3C,
    0x9F, 0x72, 0x82, 0xCE, 0xF3, 0x72, 0x7E, 0xAA, 0x5E, 0x4D, 0x32, 0x5E, 0xFE, 0x00, 0x9D, 0x92,
    0x31, 0x4E, 0xC3, 0x40, 0x14, 0x44, 0xC7, 0xB6, 0x90, 0x0B, 0x17, 0xAE, 0x21, 0x05, 0x27, 0x40,
    0xA6, 0xA4, 0x40, 0xC9, 0x2A, 0x1C, 0x80, 0x26, 0x11, 0xA2, 0xA2, 0x4F, 0x93, 0x1B, 0x60, 0x0B,
    0x2E, 0x90, 0x43, 0x50, 0x44, 0x09, 0x12, 0x0D, 0x05, 0x15, 0x09, 0x55, 0x4A, 0x22, 0x4E, 0x90,
    0x9A, 0xCA, 0x85, 0x0B, 0x23, 0x6C, 0x0F, 0xFF, 0xAF, 0x1D, 0x88, 0x10, 0x85, 0x85, 0x25, 0xBF,
    0x95, 0x77, 0xBD, 0x3B, 0xF3, 0xE7, 0x2F, 0x00, 0x8C, 0x12, 0x60, 0xE6, 0x33, 0x45, 0x48, 0xBA,
    0x39, 0xAE, 0x83, 0x0A, 0x8F, 0x4E, 0xE1, 0x14, 0x80, 0x97, 0x43, 0xE8, 0x67, 0xAE, 0x30, 0xB0,
    0x0C, 0x3F, 0x2E, 0xCA, 0x01, 0x62, 0x92, 0x25, 0xC6, 0xC2, 0xA9, 0xCC, 0x7B, 0x76, 0xB5, 0x2D,
    0xC3, 0xDC, 0xAB, 0x20, 0x27, 0x8C, 0xB9, 0xC1, 0xF6, 0x19, 0x19, 0x59, 0x15, 0x03, 0xE8, 0x06,
    0x39, 0x50, 0x78, 0x19, 0xC4, 0x47, 0x0A, 0x19, 0x55, 0x1D, 0xBA, 0x15, 0xBA, 0x13, 0x47, 0x2A,
    0x2D, 0xCA, 0xD5, 0x43, 0x51, 0x1F, 0xD7, 0x02, 0x22, 0x58, 0xCA, 0xB6, 0x88, 0xCB, 0x46, 0x6D,
    0xB6, 0x27, 0x67, 0x51, 0x4D, 0x9C, 0x95, 0xA2, 0xE6, 0x96, 0xA2, 0x26, 0xF0, 0x32, 0x81, 0xAF,
    0x08, 0x14, 0x5A, 0xE9, 0x56, 0x6D, 0xDE, 0xCC, 0xB5, 0x80, 0x2D, 0x2F, 0xE6, 0xF9, 0xB7, 0x1A,
    0x70, 0x30, 0x51, 0x51, 0x97, 0x5A, 0x3C, 0x79, 0x2B, 0x9A, 0xD7, 0x01, 0x51, 0x42, 0x32, 0x2E,
    0x71, 0xD2, 0x84, 0xDC, 0xA4, 0xDC, 0xC4, 0xAC, 0xEA, 0x15, 0x3A, 0x36, 0x68, 0xD2, 0x26, 0x3D,
    0x67, 0x5D, 0xCE, 0x3F, 0x06, 0xF5, 0xE4, 0x50, 0x0E, 0xBB, 0xE2, 0xEB, 0x4E, 0xEA, 0x92, 0x7B,
    0x1F, 0xB6, 0xF5, 0x34, 0xEA, 0xEC, 0x85, 0xB5, 0x33, 0xAA, 0xB3, 0x4A, 0x06, 0xEB, 0x8C, 0xB5,
    0x33, 0xD6, 0xCE, 0x68, 0x73, 0x19, 0x72, 0xD7, 0xD9, 0xAC, 0x8D, 0x09, 0xF3, 0xE7, 0x60, 0xD3,
    0x62, 0xA2, 0xCE, 0x56, 0xDA, 0xFF, 0x6D, 0x87, 0x8C, 0x46, 0x95, 0xAA, 0x1D, 0x7B, 0x1F, 0x0A,
    0xB1, 0xA2, 0xD0, 0x4D, 0xFE, 0x4F, 0x63, 0x33, 0xBF, 0x1C, 0xC4, 0x59, 0xC4, 0x62, 0x9C, 0x75,
    0xAA, 0x69, 0xBB, 0xFB, 0xA0, 0x1D, 0x72, 0x79, 0x1F, 0x4B, 0x99, 0x7A, 0xA7, 0xF6, 0xE5, 0xBD,
    0x54, 0xC9, 0xC0, 0x7E, 0x76, 0xFB, 0xD2, 0x1D, 0x3C, 0x21, 0x16, 0xA6, 0xE8, 0xFD, 0xE2, 0xB3,
    0x59, 0x0C, 0xE5, 0xC7, 0x15, 0x99, 0x1C, 0xDE, 0xBC, 0xF1, 0xDD, 0x44, 0x66, 0xBD, 0x30, 0xE8,
    0xAD, 0x21, 0x8C, 0x0A, 0x65, 0x48, 0x23, 0xF4, 0xA8, 0xF3, 0x88, 0x37, 0xC2, 0xE3, 0x30, 0x15,
    0x9E, 0x06, 0x9B, 0x45, 0x82, 0x6E, 0xB8, 0x8C, 0x3F, 0x93, 0x88, 0x26, 0xAA, 0xE0, 0xDC, 0xC1,
    0x99, 0xE0, 0x0B, 0x2D, 0xCD, 0xB1, 0x0D, 0xC3, 0x30, 0x0C, 0x44, 0xD1, 0x93, 0x53, 0xA8, 0x50,
    0x91, 0x11, 0x34, 0x82, 0x47, 0x70, 0x26, 0x8B, 0xB4, 0x99, 0x35, 0x42, 0x46, 0xD0, 0x08, 0x2C,
    0x1C, 0x40, 0x85, 0xE0, 0x1F, 0x11, 0xC8, 0x15, 0xAF, 0x38, 0x92, 0xA0, 0x14, 0xE4, 0x49, 0xCD,
    0xDD, 0xCD, 0x3D, 0xE7, 0x62, 0xB3, 0xE2, 0xF5, 0xE7, 0xD9, 0xBC, 0x7E, 0xAC, 0xC1, 0xC9, 0x77,
    0x6A, 0x83, 0x81, 0x12, 0x18, 0x6D, 0x87, 0x17, 0x76, 0x32, 0x03, 0xB3, 0x60, 0x89, 0x91, 0xB9,
    0x0A, 0x3D, 0xAE, 0x15, 0x6A, 0xE0, 0xE6, 0x96, 0xCA, 0x3A, 0x90, 0xB2, 0x1D, 0x5D, 0x8A, 0x76,
    0x54, 0x29, 0x5C, 0x6F, 0xFF, 0x52, 0x86, 0x9B, 0xBB, 0x1B, 0xAB, 0xFE, 0xF9, 0x01, 0xCD, 0x5A,
    0x5D, 0x6C, 0x1C, 0xD7, 0x75, 0x3E, 0x33, 0x57, 0xD4, 0xC8, 0x9C, 0xDD, 0x1D, 0x01, 0x4D, 0x0B,
    0x43, 0x5C, 0x71, 0xF4, 0x10, 0x14, 0x7E, 0x18, 0x69, 0xD7, 0xD6, 0xB4, 0xDA, 0x44, 0x4B, 0xCE,
    0xC4, 0x7A, 0xF0, 0x83, 0x82, 0x4A, 0x79, 0x6C, 0x65, 0xD4, 0x06, 0x9A, 0xA7, 0x38, 0xA8, 0x36,
    0x89, 0x8A, 0x0A, 0x89, 0xEC, 0x9D, 0x5A, 0x28, 0xFC, 0xD4, 0x46, 0x46, 0xD5, 0xA6, 0x2D, 0x5A,
    0xD4, 0x68, 0x8C, 0xA2, 0xA1, 0x8B, 0x6A, 0x9B, 0x10, 0x28, 0x11, 0x53, 0x9C, 0x1B, 0x13, 0x88,
    0x1F, 0xDA, 0x24, 0xE3, 0xA6, 0x68, 0x02, 0x44, 0x49, 0x26, 0xA6, 0x84, 0xC2, 0x48, 0x50, 0x0F,
    0xE0, 0x75, 0xB2, 0xB2, 0x76, 0xF7, 0xF6, 0x3B, 0xF7, 0xCE, 0x92, 0xB4, 0x44, 0xD2, 0x96, 0x2C,
    0x25, 0xA2, 0xA8, 0x3D, 0xB3, 0xF3, 0x73, 0xE7, 0x7E, 0xF7, 0x9C, 0xF3, 0x9D, 0x9F, 0x4B, 0x22,
    0xA2, 0x1A, 0x99, 0x1F, 0x57, 0x96, 0x07, 0x85, 0xFE, 0x3C, 0xD9, 0x3E, 0x80, 0x4F, 0x7B, 0x6D,
    0xE8, 0xF1, 0x37, 0x2F, 0xF5, 0x2C, 0xBB, 0x4F, 0x54, 0xF5, 0x85, 0x74, 0x97, 0xF1, 0x90, 0x23,
    0x8B, 0x6A, 0x80, 0x87, 0x3E, 0x56, 0xB4, 0x03, 0x48, 0x2F, 0x3B, 0xE7, 0xB1, 0x9C, 0x5B, 0xF4,
    0xC5, 0xCF, 0x20, 0x5B, 0x07, 0x1D, 0x39, 0xAC, 0x12, 0x05, 0xB8, 0x61, 0x0E, 0x6F, 0xF0, 0xEC,
    0xAC, 0x13, 0xB8, 0x44, 0x91, 0x5C, 0xA4, 0x96, 0x88, 0xA9, 0x53, 0x1C, 0xA4, 0x50, 0x48, 0xEA,
    0xB5, 0xF7, 0x50, 0xC7, 0xCA, 0xE8, 0x2C, 0xDE, 0xD2, 0xA1, 0x9C, 0x0E, 0xE1, 0x5C, 0x87, 0x7A,
    0xE4, 0x26, 0x44, 0x21, 0x75, 0xEC, 0x6F, 0xE4, 0x44, 0x6D, 0x6A, 0x36, 0x8B, 0xB3, 0x78, 0x37,
    0x75, 0xDA, 0x07, 0x66, 0x79, 0x36, 0x3D, 0x8F, 0x9C, 0x84, 0x67, 0x2A, 0xA4, 0xC5, 0xB3, 0xCD,
    0xF0, 0xFF, 0x1C, 0x91, 0x60, 0x04, 0x18, 0xC8, 0x8D, 0x21, 0x05, 0x06, 0xD3, 0x40, 0xD2, 0x97,
    0xFA, 0x5A, 0xEE, 0x56, 0x71, 0x09, 0x90, 0xA2, 0x9C, 0x3F, 0xF8, 0xF4, 0x91, 0x14, 0x1F, 0x9F,
    0x4B, 0xC9, 0xEE, 0xFF, 0x71, 0x4A, 0x7E, 0xFA, 0x85, 0x94, 0xE6, 0x6F, 0xDC, 0xF8, 0x77, 0x8A,
    0x7E, 0xFF, 0x9D, 0x97, 0x29, 0xAA, 0xE5, 0x38, 0xFA, 0x73, 0xFA, 0x52, 0x7C, 0xF0, 0xDB, 0x17,
    0x5C, 0xAA, 0x8D, 0x0A, 0x8F, 0xBC, 0x4F, 0xB6, 0x3C, 0xBC, 0x27, 0xC0, 0x5B, 0xFA, 0x75, 0xE0,
    0x0A, 0x76, 0xCD, 0x61, 0x31, 0x7E, 0xB7, 0x4D, 0xD4, 0x50, 0x43, 0x8C, 0xF9, 0x97, 0x97, 0x89,
    0x7C, 0x35, 0x26, 0xB2, 0x16, 0x2E, 0x60, 0xE4, 0x17, 0x70, 0x80, 0xD3, 0xF6, 0x0F, 0x31, 0x9F,
    0x6F, 0xE1, 0xFF, 0xDF, 0x63, 0x72, 0xBC, 0x5A, 0x2D, 0xA2, 0x83, 0x51, 0x32, 0xDD, 0x8E, 0x86,
    0x51, 0x31, 0x33, 0x8A, 0xB2, 0xD9, 0xD3, 0x47, 0x93, 0xC6, 0xA5, 0xA3, 0xDF, 0x5C, 0x19, 0x1D,
    0xF9, 0x8E, 0x5A, 0x3E, 0x22, 0x3F, 0x3A, 0x3C, 0x9A, 0x74, 0x97, 0xA2, 0x7E, 0x77, 0x10, 0x29,
    0xD5, 0x7F, 0x70, 0x46, 0x01, 0xE5, 0x14, 0xCF, 0x7C, 0x61, 0x01, 0xC3, 0xE1, 0x5D, 0xEA, 0x4D,
    0x8C, 0x3C, 0xC0, 0x02, 0xC4, 0x0B, 0x97, 0x24, 0xE5, 0x22, 0x56, 0xD7, 0x89, 0xBE, 0xAE, 0x72,
    0x5E, 0x89, 0xE8, 0x8D, 0x45, 0x16, 0x1D, 0x6A, 0xB1, 0xE8, 0x51, 0x9B, 0xC5, 0x19, 0x3A, 0x9B,
    0x91, 0x95, 0x47, 0xAA, 0xC0, 0xB7, 0xE5, 0xCF, 0x2F, 0x2C, 0x41, 0x78, 0x05, 0x05, 0x10, 0xA2,
    0xA0, 0x3A, 0x84, 0x7D, 0x3D, 0x6E, 0x5F, 0xC3, 0x9D, 0x78, 0x21, 0xA0, 0xD8, 0xD9, 0xBE, 0x9C,
    0x66, 0xC9, 0xC6, 0xE0, 0xE4, 0xB2, 0x28, 0x48, 0x64, 0x34, 0xFE, 0x04, 0x56, 0x6E, 0x80, 0x5B,
    0xB0, 0xD2, 0x3E, 0xF5, 0x76, 0xF1, 0x3A, 0xCB, 0xD0, 0x58, 0x4D, 0x4B, 0x8B, 0x4E, 0x5B, 0x8B,
    0x30, 0xD0, 0xA2, 0x65, 0xBE, 0xB5, 0xCC, 0xB5, 0x96, 0xB9, 0x73, 0xDE, 0x18, 0x98, 0x97, 0x18,
    0x65, 0x38, 0x64, 0x0E, 0x1C, 0xAD, 0xBE, 0x29, 0x12, 0x0E, 0xEB, 0x29, 0xFA, 0xE6, 0x31, 0x07,
    0xC2, 0xEA, 0xAB, 0x8C, 0x76, 0x93, 0xF8, 0xC5, 0x68, 0xA9, 0x17, 0xAF, 0x90, 0xD7, 0x75, 0xCF,
    0x46, 0xC5, 0x93, 0x54, 0xF5, 0xEC, 0x9F, 0x1D, 0xEC, 0x60, 0x0C, 0x21, 0x57, 0x5A, 0x9D, 0xCB,
    0x04, 0x6B, 0x6C, 0xB4, 0x3E, 0xFB, 0xD3, 0xD8, 0x2F, 0xDA, 0xEE, 0xF2, 0xE1, 0xF3, 0x71, 0xAB,
    0xED, 0x89, 0xE1, 0x51, 0x8F, 0x02, 0xDC, 0xB0, 0x1C, 0x55, 0xF9, 0xBE, 0xE2, 0xA1, 0xD9, 0x0A,
    0x35, 0x24, 0xDE, 0x5D, 0xAB, 0xD3, 0x47, 0x0A, 0x4C, 0xCC, 0xAD, 0x63, 0xB6, 0x15, 0x20, 0x78,
    0x9C, 0xDA, 0x6C, 0xE4, 0xE2, 0x0A, 0xF9, 0x3C, 0x07, 0xEB, 0x0A, 0x40, 0xF1, 0x1C, 0xAE, 0x94,
    0xBE, 0x70, 0x85, 0x6D, 0x50, 0x9F, 0x67, 0xEB, 0x22, 0xFB, 0x8A, 0x31, 0x35, 0x71, 0xCE, 0x38,
    0x8B, 0x77, 0x86, 0xF4, 0x0D, 0x07, 0x73, 0x63, 0x7E, 0x2F, 0x33, 0x0E, 0x91, 0x89, 0xB1, 0x86,
    0x35, 0xBE, 0x64, 0xE0, 0xFA, 0xE6, 0xAB, 0xAD, 0xC6, 0xDA, 0x0C, 0xBB, 0x17, 0x4F, 0xF5, 0x8D,
    0x95, 0x52, 0xC3, 0x3C, 0xC6, 0xEB, 0x4B, 0x7A, 0xA1, 0x16, 0x89, 0x78, 0x28, 0x0A, 0x8C, 0x45,
    0xE3, 0xA2, 0xA3, 0x9F, 0x15, 0x89, 0xF1, 0x55, 0x5B, 0xD6, 0x09, 0x4B, 0x1F, 0x53, 0x1E, 0x50,
    0x23, 0x86, 0x5B, 0x62, 0xED, 0x23, 0x29, 0x86, 0xD4, 0x0B, 0x29, 0x4A, 0x20, 0x3B, 0x4D, 0x0C,
    0x6A, 0x17, 0x14, 0x36, 0xCD, 0x12, 0xDF, 0x22, 0x43, 0xEF, 0x2A, 0xD1, 0x69, 0xD9, 0x69, 0x55,
    0x66, 0x94, 0x7A, 0x51, 0xF6, 0x02, 0xEF, 0x45, 0xA2, 0xA7, 0x64, 0x51, 0x77, 0x14, 0x7E, 0xE2,
    0xBC, 0x66, 0x43, 0x8C, 0x6D, 0xE9, 0x50, 0xDA, 0x3F, 0x3D, 0x10, 0x89, 0x90, 0xBE, 0x74, 0x32,
    0x4C, 0x32, 0xB7, 0xD2, 0xEB, 0x14, 0x6C, 0xCC, 0x73, 0x32, 0xEF, 0x09, 0x8E, 0x09, 0xAE, 0x75,
    0x9C, 0xB6, 0x32, 0xB8, 0xCB, 0xF3, 0xF6, 0xCE, 0x78, 0xED, 0x6D, 0xF0, 0x56, 0xCC, 0xBC, 0xB3,
    0x80, 0x26, 0xB6, 0x96, 0xC6, 0xCE, 0x00, 0x78, 0xAD, 0xFF, 0x92, 0xB5, 0xFD, 0xC0, 0x6B, 0x27,
    0x59, 0x7D, 0x7A, 0x0B, 0xBC, 0x53, 0x98, 0xC4, 0x54, 0x1C, 0x86, 0x0D, 0xF5, 0x4F, 0x4F, 0xA9,
    0xBC, 0xD3, 0x0A, 0xAB, 0xA7, 0x2E, 0xCA, 0x4E, 0x2F, 0x68, 0x7C, 0x5C, 0xD0, 0xAB, 0x79, 0x51,
    0x99, 0x1D, 0x1F, 0xDB, 0x3D, 0xCE, 0xB2, 0x9A, 0x5B, 0x53, 0xE3, 0xD5, 0x67, 0xA5, 0x23, 0xAE,
    0x08, 0xFA, 0xB1, 0x48, 0x6C, 0x79, 0x59, 0x58, 0x03, 0xC6, 0xEB, 0xDF, 0x48, 0xF9, 0xAD, 0x2D,
    0xC6, 0xBD, 0x09, 0xAF, 0xBD, 0x05, 0xDE, 0x92, 0x46, 0xD5, 0xC0, 0x1C, 0x58, 0xE3, 0x4F, 0x9C,
    0xCE, 0xD6, 0x2D, 0x7D, 0x59, 0x1F, 0xCD, 0xB1, 0x21, 0xE8, 0x8B, 0x45, 0x39, 0x50, 0xA9, 0xE2,
    0xA2, 0x5C, 0x13, 0x63, 0x69, 0x75, 0xA6, 0xBF, 0xA5, 0x2A, 0xBB, 0x8C, 0x7E, 0xC2, 0x65, 0xC7,
    0xD2, 0x4F, 0xAC, 0x02, 0x4F, 0xA1, 0xFD, 0xE5, 0x3C, 0x9E, 0xCB, 0x9D, 0x21, 0x79, 0x7D, 0x5E,
    0xB4, 0xAC, 0xE6, 0x51, 0x3B, 0xB0, 0x24, 0x59, 0x25, 0x8B, 0x67, 0x98, 0x91, 0xBE, 0x2F, 0x85,
    0xFF, 0x7E, 0x4F, 0xAB, 0xE2, 0x8F, 0x06, 0xC4, 0x14, 0xCC, 0xA3, 0xCE, 0x52, 0xE8, 0xCD, 0x5F,
    0x20, 0xEB, 0x52, 0xDB, 0xA1, 0x66, 0xF5, 0xE1, 0x4B, 0x6A, 0xFC, 0x17, 0x75, 0x01, 0xA7, 0xD5,
    0xE7, 0x6A, 0x0E, 0x35, 0x06, 0x3E, 0x0C, 0x60, 0xE4, 0x8E, 0x69, 0xF7, 0xB2, 0x8B, 0xA3, 0x01,
    0xDB, 0xC7, 0x7E, 0x5B, 0x3D, 0x9F, 0xE6, 0xFB, 0xF5, 0x4C, 0x9F, 0x81, 0xE1, 0xB5, 0xF5, 0xEC,
    0x77, 0xAB, 0xAB, 0xC6, 0x4B, 0x8A, 0x75, 0x30, 0xEB, 0x28, 0x75, 0x4C, 0x19, 0xDC, 0xB4, 0x1A,
    0x1B, 0x2B, 0xF4, 0x41, 0x7D, 0x81, 0x99, 0x98, 0x7D, 0x21, 0x8A, 0x9D, 0x82, 0x7D, 0x21, 0x4A,
    0xDC, 0xC2, 0xF8, 0x02, 0x98, 0x4D, 0xFB, 0x02, 0x24, 0x7C, 0x41, 0x9F, 0x87, 0x4D, 0xF8, 0x3C,
    0xEC, 0x0E, 0xBE, 0xF0, 0xD4, 0x7B, 0xF9, 0xC2, 0xD5, 0xD2, 0x17, 0x12, 0xF7, 0xBE, 0xF2, 0x05,
    0x8D, 0x0F, 0x78, 0xAF, 0xE5, 0x07, 0x3F, 0xCD, 0x78, 0xE3, 0xBD, 0x7B, 0x77, 0xED, 0xE4, 0xFB,
    0xD7, 0xC8, 0x9A, 0xF8, 0xFE, 0x85, 0x0D, 0xBC, 0x15, 0x83, 0x37, 0xBB, 0x19, 0xAF, 0xFD, 0x5E,
    0x78, 0xB7, 0xF5, 0x85, 0x09, 0x6E, 0x7D, 0xC1, 0x4E, 0xCA, 0x3B, 0xF9, 0x11, 0xFD, 0xE8, 0x8F,
    0x7A, 0xC6, 0xDA, 0x69, 0xB9, 0x55, 0x12, 0x6D, 0x58, 0x2F, 0x51, 0xF7, 0x6A, 0x25, 0xEC, 0xDC,
    0x29, 0xF3, 0x93, 0x4C, 0x90, 0x01, 0x2E, 0x05, 0x05, 0x93, 0x4B, 0x0C, 0xDD, 0x19, 0x9C, 0x81,
    0x35, 0xD3, 0xDB, 0xC5, 0xEC, 0x1F, 0xFA, 0x03, 0x6A, 0x52, 0x72, 0x60, 0xD7, 0x14, 0x62, 0x5F,
    0x89, 0xB6, 0xB9, 0xC5, 0x01, 0x2F, 0x00, 0x9D, 0xCE, 0x10, 0x1F, 0x35, 0xFB, 0xBD, 0xD0, 0x23,
    0xBD, 0x04, 0xA7, 0xB2, 0x9C, 0xCC, 0x1A, 0x48, 0x49, 0x7A, 0x11, 0x14, 0x26, 0xA3, 0x57, 0x61,
    0x88, 0x8C, 0x45, 0x48, 0x2F, 0x71, 0x72, 0x9E, 0x4C, 0x4E, 0x66, 0x1D, 0xCC, 0x42, 0xF4, 0x26,
    0x1A, 0x94, 0xA5, 0x09, 0x1F, 0xDA, 0xAC, 0xE3, 0x4D, 0xC4, 0x70, 0x97, 0xB4, 0x2F, 0x12, 0x0E,
    0x99, 0x59, 0xC0, 0xD9, 0xD8, 0x33, 0xAC, 0xFD, 0x46, 0xEC, 0xE4, 0xAC, 0x7D, 0xB7, 0x88, 0x12,
    0x68, 0xDF, 0x52, 0xB1, 0x33, 0x82, 0xB6, 0x9D, 0x8C, 0x9D, 0x70, 0x0B, 0xED, 0xBF, 0x01, 0x17,
    0x67, 0xED, 0xEF, 0x53, 0xE3, 0x7B, 0xA9, 0xFD, 0xDD, 0x29, 0xD6, 0x16, 0x7E, 0xAF, 0xDE, 0x88,
    0x7F, 0x0F, 0x31, 0xDC, 0xE7, 0x6B, 0x98, 0x58, 0x94, 0xF8, 0x6A, 0x44, 0x29, 0xA5, 0xF6, 0x75,
    0x9A, 0xC9, 0xA3, 0xA4, 0xFB, 0x63, 0xE0, 0xB9, 0xAC, 0x62, 0x5F, 0x81, 0x7A, 0xD2, 0x31, 0x09,
    0x9E, 0x06, 0xD2, 0x1D, 0xF1, 0x26, 0xCF, 0xA3, 0x40, 0xEE, 0xB1, 0x6F, 0xE1, 0x2B, 0x78, 0xA9,
    0xC1, 0x1F, 0x50, 0x5D, 0xCB, 0xAA, 0x31, 0x1C, 0x4C, 0xA2, 0x65, 0x8D, 0xA9, 0x91, 0xB9, 0x48,
    0x26, 0xCF, 0x27, 0x8B, 0x3D, 0x87, 0x4C, 0x8A, 0x21, 0x4A, 0x6D, 0x8B, 0x78, 0xF2, 0x3D, 0x2C,
    0x73, 0x0D, 0x93, 0x89, 0xB8, 0x18, 0xA9, 0x89, 0xB3, 0x1E, 0xC6, 0x8B, 0x9E, 0x4F, 0x31, 0x9E,
    0x47, 0x4C, 0x64, 0x01, 0xE9, 0xE4, 0x03, 0xD9, 0xD2, 0x3A, 0x2D, 0x4F, 0x68, 0x6D, 0x42, 0x6A,
    0x6E, 0x49, 0xE6, 0xEB, 0x84, 0x36, 0xA1, 0xB3, 0xDB, 0xD5, 0xEF, 0x41, 0xA3, 0x5F, 0x6B, 0x60,
    0xF4, 0xCB, 0x7A, 0x65, 0xFD, 0x3A, 0x9B, 0xBC, 0xFB, 0x01, 0xD6, 0xAF, 0xCF, 0x7A, 0xD6, 0x6C,
    0x66, 0x1B, 0x36, 0x93, 0xAE, 0x66, 0xB1, 0x46, 0xEC, 0x2A, 0x96, 0xC8, 0x0B, 0x77, 0x6F, 0xD2,
    0xAF, 0x91, 0x1D, 0x83, 0x93, 0x7A, 0x7A, 0xC5, 0x7A, 0x54, 0x54, 0x90, 0xA2, 0xCF, 0xE4, 0x88,
    0x13, 0x7A, 0x95, 0x59, 0xBF, 0xC6, 0xAE, 0x26, 0x76, 0x36, 0x99, 0xD7, 0x6D, 0x79, 0xF7, 0x3D,
    0x61, 0xB3, 0x6E, 0xE2, 0xF6, 0x19, 0xEF, 0xEB, 0x12, 0x05, 0x06, 0xEC, 0x59, 0x66, 0xF5, 0xEA,
    0x66, 0x3B, 0x86, 0x82, 0x2C, 0xC8, 0x07, 0xFE, 0x93, 0xE8, 0x53, 0x32, 0x0C, 0xAB, 0x30, 0xB2,
    0x1F, 0xC2, 0x9E, 0x2D, 0x5C, 0xDD, 0xC5, 0x78, 0xCD, 0x38, 0x15, 0x93, 0x21, 0x01, 0xAF, 0x77,
    0xF5, 0xB4, 0x64, 0xBC, 0x6C, 0xBF, 0xF7, 0x0A, 0xAF, 0x2C, 0xC7, 0xE9, 0x97, 0xE3, 0xB6, 0x6F,
    0xC6, 0x1B, 0x6F, 0x8B, 0x17, 0xFE, 0x2A, 0x46, 0xC0, 0x2B, 0x9E, 0x95, 0x9E, 0xCB, 0x78, 0x29,
    0xDE, 0x65, 0xED, 0xC0, 0xDE, 0x66, 0xDE, 0x9D, 0x56, 0x4F, 0x07, 0xF2, 0x5E, 0xA0, 0x1D, 0xA1,
    0x28, 0x2A, 0x3A, 0x33, 0x1D, 0xE6, 0x35, 0x9E, 0x8B, 0x77, 0x02, 0x78, 0x61, 0x57, 0xE7, 0x38,
    0x3E, 0x36, 0x2E, 0x9E, 0xFA, 0x3F, 0x64, 0x05, 0xB9, 0xA5, 0x46, 0x0E, 0x49, 0x9E, 0x27, 0x2C,
    0x4F, 0x9A, 0x3A, 0x09, 0xE7, 0x81, 0xC3, 0xCA, 0xD8, 0xF8, 0x80, 0x6B, 0xE0, 0x1B, 0x9C, 0x27,
    0x06, 0xB4, 0xF1, 0x73, 0xA7, 0x7A, 0x5E, 0x42, 0x0A, 0x03, 0x3D, 0x3B, 0x1C, 0x5D, 0x1F, 0x95,
    0x15, 0x2E, 0xDC, 0xEC, 0x2C, 0x0B, 0xB8, 0x66, 0xA0, 0xB8, 0x98, 0xD8, 0xE7, 0xC4, 0x5E, 0xD7,
    0x71, 0x3B, 0xCF, 0x49, 0xEF, 0x78, 0x1C, 0x36, 0xE1, 0xD7, 0xF6, 0x68, 0x27, 0xBB, 0x9E, 0xE8,
    0xD9, 0xAC, 0x67, 0x8D, 0x6C, 0xFE, 0x07, 0xDC, 0x22, 0x6F, 0x18, 0x3D, 0x77, 0xFB, 0xBF, 0x54,
    0xBB, 0xF6, 0x63, 0x07, 0xEB, 0x58, 0x3B, 0x94, 0x66, 0xFE, 0x3B, 0xAF, 0xCB, 0x4A, 0xAA, 0xF2,
    0x86, 0x1A, 0x64, 0x01, 0xC8, 0x2C, 0x52, 0xC3, 0xA2, 0xA5, 0xF8, 0xFB, 0xB0, 0x17, 0x2A, 0x95,
    0xF9, 0x6A, 0xD8, 0x69, 0x76, 0x95, 0xF4, 0x54, 0x3F, 0x6C, 0xFA, 0x0A, 0x9C, 0x97, 0x85, 0x4D,
    0x80, 0x05, 0x64, 0xE0, 0xFD, 0x10, 0x6A, 0xEF, 0x2D, 0xF1, 0x82, 0x07, 0x19, 0x2F, 0x18, 0x52,
    0xE3, 0x65, 0xA9, 0xED, 0x1A, 0xF3, 0xD5, 0x78, 0x1B, 0x77, 0x05, 0xEF, 0x24, 0x7B, 0xF1, 0xCB,
    0xE7, 0xCE, 0x6E, 0x9D, 0x85, 0xB9, 0xA5, 0x1F, 0x37, 0x16, 0x16, 0x4E, 0xFE, 0xFA, 0xC2, 0x4B,
    0x57, 0x53, 0xCD, 0xDB, 0x6A, 0xD8, 0xFD, 0x01, 0x3E, 0x9F, 0x50, 0xC3, 0xE8, 0x1F, 0xD4, 0x60,
    0x05, 0xD5, 0x66, 0x37, 0x55, 0xC5, 0x7C, 0xAA, 0xFA, 0x5D, 0x8D, 0x5F, 0xF5, 0x71, 0x1F, 0x70,
    0xAB, 0xC1, 0x44, 0x7E, 0x41, 0x31, 0x7E, 0xB5, 0xF8, 0x19, 0x66, 0xD1, 0x74, 0xBC, 0x8E, 0xBB,
    0xBD, 0x8E, 0x7B, 0x8E, 0x93, 0xE5, 0x7C, 0xE2, 0xC7, 0x78, 0x6F, 0x3A, 0x20, 0xCE, 0xC2, 0x6E,
    0xF2, 0xE3, 0xC9, 0x3C, 0xFD, 0x1D, 0xB2, 0xB0, 0xBB, 0xC2, 0x5B, 0x7B, 0x89, 0x3E, 0x04, 0x3F,
    0x46, 0xCA, 0x45, 0x8D, 0x24, 0x0B, 0xE6, 0x74, 0x36, 0x5F, 0xB4, 0xB8, 0x5B, 0x42, 0x1F, 0xDE,
    0xB0, 0x67, 0x1B, 0xDA, 0x61, 0x7E, 0x16, 0x69, 0x82, 0xDF, 0x90, 0xB3, 0x50, 0xFC, 0x42, 0x4E,
    0x13, 0x7E, 0x77, 0xB6, 0xE7, 0x93, 0xAC, 0x5F, 0xCE, 0x34, 0x0C, 0x4F, 0x5B, 0xD2, 0xF0, 0xD6,
    0x4C, 0xC2, 0x78, 0x05, 0xE2, 0xE7, 0xFD, 0xC0, 0xD3, 0x3E, 0xEB, 0xC5, 0x54, 0x9C, 0x03, 0x13,
    0x97, 0x50, 0x79, 0xEA, 0xB8, 0x84, 0xD4, 0xC4, 0xC4, 0xA5, 0x93, 0xEF, 0xC7, 0x7F, 0x23, 0x58,
    0x41, 0x89, 0xF7, 0xBE, 0x8E, 0x4B, 0x25, 0x5F, 0x59, 0xB0, 0xDB, 0x11, 0xE3, 0xDD, 0x9A, 0x9F,
    0xDF, 0x1B, 0x2F, 0x7B, 0xC9, 0x7D, 0x88, 0x17, 0xE5, 0x34, 0x54, 0x99, 0x05, 0xF3, 0x88, 0xAF,
    0xBB, 0x61, 0xCF, 0x7B, 0xF9, 0xFC, 0xDE, 0x77, 0xD9, 0x33, 0x42, 0x15, 0xF8, 0x99, 0xED, 0x59,
    0x1A, 0x7B, 0x6E, 0xB0, 0xAC, 0x71, 0x3A, 0xF5, 0x3E, 0xF8, 0x99, 0xBA, 0x03, 0xC3, 0xCF, 0x57,
    0x1B, 0x31, 0xE3, 0xB5, 0xC0, 0xD7, 0x77, 0x80, 0x77, 0x4F, 0x29, 0x67, 0xCB, 0xF3, 0x51, 0x61,
    0xEE, 0xFB, 0xAA, 0x34, 0xCF, 0x65, 0xB9, 0x1E, 0x47, 0xC8, 0x8E, 0xE1, 0xAB, 0xB8, 0x55, 0xF2,
    0x55, 0xBD, 0xC4, 0x5B, 0xD1, 0x78, 0x8D, 0xA4, 0xEC, 0x90, 0x91, 0x45, 0x64, 0xAA, 0x8A, 0xDE,
    0x91, 0xD7, 0x16, 0x0D, 0xDE, 0x54, 0xEE, 0xAC, 0x5F, 0x97, 0xF9, 0x2B, 0xE9, 0xB4, 0xA6, 0xAC,
    0xE4, 0x01, 0x2B, 0xDE, 0x0A, 0xEF, 0x44, 0xBF, 0x25, 0x5F, 0x71, 0x5C, 0xD2, 0x79, 0x34, 0x70,
    0xFF, 0x32, 0xF5, 0x0B, 0x62, 0x7A, 0x10, 0xFA, 0xE5, 0x8E, 0xC3, 0x2C, 0xEC, 0xB9, 0xC1, 0xF5,
    0x43, 0x5E, 0x98, 0x96, 0x5C, 0x6F, 0x43, 0xBF, 0x37, 0xE3, 0xB4, 0x38, 0xD1, 0x82, 0x74, 0xBF,
    0x24, 0xDD, 0xE7, 0x90, 0x67, 0x59, 0xE0, 0xB3, 0xF1, 0x8E, 0xFA, 0xBD, 0xD9, 0x9E, 0x31, 0xEF,
    0x7B, 0x95, 0x67, 0x01, 0x4B, 0xBE, 0xAB, 0xCC, 0xB3, 0x96, 0x0D, 0x5E, 0xE6, 0x7B, 0x64, 0xEF,
    0x35, 0xAF, 0xB4, 0xE7, 0xA9, 0x29, 0x8E, 0x05, 0x19, 0x77, 0xC8, 0x68, 0x64, 0xBA, 0x02, 0xC8,
    0x9B, 0x35, 0x5F, 0xF9, 0x9A, 0xAF, 0x7C, 0x9A, 0x4E, 0xB7, 0xD1, 0xAF, 0x28, 0xD8, 0x9E, 0x45,
    0xE2, 0x0D, 0x0F, 0xE0, 0x75, 0x76, 0xE1, 0x8D, 0x13, 0xC6, 0x8B, 0x58, 0xAD, 0xF1, 0x16, 0x9E,
    0x2A, 0x6A, 0xBA, 0x0D, 0xAD, 0x0A, 0xC6, 0x1B, 0x42, 0x02, 0x2F, 0xEE, 0x43, 0xA1, 0x83, 0xD2,
    0x25, 0xE1, 0x5E, 0x5F, 0x19, 0xC0, 0xC8, 0x8B, 0x0D, 0x06, 0x24, 0xEF, 0xE4, 0x73, 0x8E, 0x1F,
    0x5D, 0x9C, 0x19, 0x7C, 0x80, 0xAE, 0xC0, 0x37, 0x56, 0x48, 0x5C, 0x07, 0x5E, 0xF7, 0x22, 0xD1,
    0x13, 0xE7, 0x93, 0x9D, 0xF2, 0x4A, 0x87, 0x3B, 0x82, 0xE2, 0x7F, 0xB2, 0xD9, 0x27, 0x4C, 0x7E,
    0x45, 0xD6, 0x8E, 0x79, 0xB4, 0x93, 0x99, 0x3C, 0xDA, 0xEA, 0x95, 0x79, 0x74, 0xC7, 0xE8, 0x97,
    0x67, 0xAE, 0xF5, 0xDB, 0x2B, 0xF5, 0x1B, 0x1A, 0xFD, 0xC2, 0xA2, 0xB4, 0x7E, 0x1D, 0x79, 0x47,
    0x5D, 0x81, 0xDB, 0xCB, 0x37, 0x36, 0xF3, 0x95, 0x33, 0xE0, 0xAE, 0x0F, 0xF2, 0x58, 0x97, 0xF2,
    0x00, 0xF5, 0x58, 0xC7, 0x4E, 0x8A, 0x10, 0x75, 0xD4, 0x3F, 0xE6, 0x52, 0x77, 0x3E, 0xBF, 0x5B,
    0xC8, 0x66, 0x53, 0x28, 0x89, 0xEF, 0x61, 0x73, 0x36, 0xE6, 0xEB, 0x1A, 0x37, 0xEE, 0xD7, 0x12,
    0x54, 0xB7, 0xC1, 0x57, 0xD3, 0x17, 0x88, 0xF6, 0x25, 0xA8, 0x83, 0x39, 0x7D, 0xC9, 0xF2, 0xAA,
    0x37, 0x4E, 0xDF, 0x51, 0xAF, 0x65, 0x9E, 0x37, 0x16, 0xA4, 0x56, 0xA5, 0x38, 0xCF, 0xF2, 0x38,
    0x52, 0x57, 0xC8, 0x11, 0x92, 0xD8, 0xFE, 0xBC, 0xA0, 0xFE, 0x39, 0xD4, 0x83, 0x35, 0x41, 0xAF,
    0x60, 0x65, 0xDC, 0x6F, 0x93, 0xC5, 0x35, 0x2C, 0xFC, 0x43, 0x0C, 0x75, 0xA3, 0x37, 0xF3, 0x2F,
    0x98, 0x8D, 0x87, 0xCD, 0x59, 0xF4, 0xDD, 0xC0, 0x6D, 0x3A, 0xBF, 0xA6, 0xF9, 0x11, 0x98, 0x3E,
    0x40, 0x11, 0x9A, 0x3E, 0x00, 0xE3, 0x8E, 0x45, 0x41, 0xCD, 0x26, 0x39, 0x05, 0x5C, 0x1C, 0xFE,
    0x9B, 0x26, 0xEE, 0x75, 0xCE, 0xA7, 0xF9, 0x3D, 0xF1, 0xAD, 0x71, 0x69, 0x07, 0xDC, 0x56, 0x89,
    0xDB, 0x52, 0xAE, 0xC6, 0x6D, 0x95, 0xB8, 0xAD, 0xC2, 0xE0, 0xB6, 0x4A, 0xDC, 0xF6, 0xFB, 0xC5,
    0x7D, 0x2F, 0xE3, 0xF1, 0x2D, 0xFC, 0x95, 0x73, 0x81, 0x03, 0xB9, 0x42, 0xF6, 0x40, 0x77, 0xFD,
    0x32, 0x2F, 0x67, 0xDC, 0x51, 0xEE, 0x17, 0xCC, 0x5F, 0x0D, 0xDD, 0x1D, 0x0C, 0xC8, 0x4B, 0xF0,
    0xFA, 0x6D, 0xF9, 0xDA, 0x06, 0x5F, 0xFB, 0x31, 0xDB, 0x37, 0xEF, 0x7E, 0xDC, 0x0D, 0xFE, 0x3A,
    0x6E, 0x9E, 0x8B, 0xC6, 0x27, 0xF5, 0x38, 0x03, 0x26, 0x31, 0xE0, 0xBD, 0xC2, 0x1D, 0x5B, 0xE0,
    0xAD, 0x30, 0x72, 0xE0, 0xAD, 0xF3, 0x77, 0xE0, 0x6D, 0xE9, 0xCE, 0x43, 0x16, 0xFC, 0x9A, 0xB6,
    0x9A, 0xA2, 0xE5, 0x3C, 0xB6, 0x3D, 0xDE, 0xC0, 0xE0, 0xB5, 0xEE, 0x2B, 0xBC, 0x3B, 0xE8, 0x77,
    0x2F, 0xEB, 0x17, 0xBC, 0xDD, 0xE6, 0xBE, 0x07, 0x2E, 0x78, 0xA8, 0x0F, 0x75, 0xFD, 0x2A, 0xB3,
    0xA0, 0xAA, 0xA7, 0x77, 0x1B, 0xF9, 0xE5, 0x81, 0xD2, 0xAE, 0x7B, 0x65, 0xFE, 0x31, 0x34, 0xF1,
    0x89, 0xF7, 0xDB, 0xB0, 0x6E, 0x55, 0xC7, 0x4D, 0x47, 0x18, 0xD0, 0xAB, 0x89, 0xAB, 0xA7, 0x32,
    0xE0, 0x7D, 0x1C, 0x33, 0x48, 0x80, 0x77, 0x68, 0xD6, 0x1D, 0x7A, 0x90, 0x65, 0x7C, 0xCA, 0xF4,
    0x3C, 0xB9, 0x89, 0xCE, 0xF3, 0xAE, 0x81, 0x58, 0x18, 0x87, 0xA3, 0x2E, 0xCE, 0xBC, 0xAB, 0x8B,
    0x4B, 0xA9, 0x69, 0xAC, 0x93, 0x7F, 0xED, 0x37, 0x46, 0xFA, 0x60, 0x50, 0x6E, 0x9E, 0x3A, 0xD2,
    0xB4, 0x00, 0xC8, 0x47, 0x6C, 0x9A, 0xE2, 0xFE, 0x4E, 0xDB, 0x43, 0xD2, 0xCF, 0xA5, 0x52, 0x01,
    0x2C, 0x7D, 0xF8, 0x34, 0x5E, 0xDE, 0x16, 0xBC, 0xA7, 0x06, 0xF7, 0x7D, 0xD0, 0x66, 0x4A, 0x75,
    0x4A, 0x45, 0x96, 0xED, 0x7F, 0xC4, 0x8D, 0x72, 0x43, 0x36, 0xA0, 0x2A, 0x9D, 0xF9, 0xB4, 0xF8,
    0x2B, 0xB8, 0x7C, 0x9D, 0x1A, 0x03, 0x5B, 0x25, 0xD5, 0xB2, 0xFB, 0x45, 0xEF, 0x3A, 0xB0, 0x13,
    0xFA, 0x30, 0x37, 0xB0, 0xF2, 0x34, 0xA6, 0xC6, 0xF3, 0xCB, 0xE4, 0xA5, 0x6F, 0x62, 0xF6, 0xE9,
    0x65, 0x6A, 0xEF, 0xA9, 0xB9, 0x63, 0x77, 0xCA, 0x05, 0xB4, 0xFA, 0xCA, 0xA9, 0xEF, 0xEA, 0xA6,
    0x57, 0xEB, 0x24, 0x71, 0xCC, 0x68, 0xB3, 0x5A, 0x84, 0xF4, 0xA8, 0xC9, 0x23, 0x09, 0xDD, 0x2F,
    0x2B, 0x0F, 0xE6, 0xCE, 0x21, 0x72, 0x89, 0xE7, 0x4E, 0x90, 0xC7, 0x9B, 0x8E, 0xD6, 0x98, 0x97,
    0xF3, 0x32, 0x00, 0x9A, 0x5E, 0xD7, 0x04, 0x32, 0x75, 0xD5, 0x85, 0x72, 0x57, 0x75, 0xFB, 0xEA,
    0x51, 0x96, 0xAC, 0xD6, 0x27, 0xAB, 0xEC, 0x8A, 0xE8, 0x26, 0x57, 0xCC, 0xD9, 0xD8, 0x39, 0xDE,
    0xBD, 0x4D, 0xAA, 0x5C, 0x45, 0x75, 0x9F, 0x95, 0x01, 0x63, 0xDE, 0x2D, 0xB3, 0xD2, 0xAB, 0x8B,
    0xD2, 0xCA, 0x7B, 0x1D, 0xB3, 0xE2, 0x9D, 0x7F, 0x43, 0x9E, 0xC6, 0xBD, 0xFB, 0xAF, 0x15, 0x5D,
    0xE2, 0x5E, 0xFE, 0xCB, 0xAD, 0x2E, 0xEF, 0x5E, 0x86, 0x97, 0xEB, 0x11, 0x92, 0x19, 0x0A, 0xCF,
    0x79, 0x7B, 0xC8, 0x02, 0xD1, 0x77, 0x84, 0x7E, 0xA0, 0x57, 0x94, 0xED, 0xBB, 0xCC, 0x6C, 0x87,
    0x64, 0x92, 0x95, 0xCC, 0xE6, 0x65, 0xC9, 0x2E, 0x07, 0xE8, 0xDC, 0x7E, 0x25, 0x7F, 0x9A, 0xBB,
    0x87, 0xAE, 0x1B, 0xF3, 0xB2, 0xF8, 0xA3, 0xB2, 0x7B, 0xE3, 0xC7, 0x65, 0xF5, 0x58, 0xDC, 0xA9,
    0xB5, 0x27, 0x7B, 0xB4, 0xB5, 0xDB, 0x58, 0x5C, 0xB6, 0x76, 0x27, 0xE6, 0x65, 0x76, 0xB8, 0xE7,
    0xD2, 0x67, 0x36, 0x83, 0xDF, 0x3E, 0xF4, 0x2E, 0x36, 0xCB, 0x1E, 0x30, 0x6C, 0x86, 0x8C, 0x94,
    0xAD, 0xDD, 0x91, 0x8E, 0xEE, 0xE2, 0x8E, 0x39, 0xDB, 0xDA, 0x2A, 0x3B, 0x41, 0x16, 0xCD, 0xD6,
    0xEE, 0x64, 0x33, 0x09, 0x5B, 0xFB, 0x7E, 0xF6, 0x2C, 0x78, 0x77, 0xC8, 0xEF, 0x86, 0x77, 0xA7,
    0x65, 0x75, 0xC1, 0xDB, 0x37, 0xEC, 0xDD, 0x2C, 0xD9, 0xBB, 0xD5, 0x58, 0x8D, 0xD8, 0xBB, 0x57,
    0x62, 0x7B, 0xF8, 0xAB, 0xA8, 0xA6, 0xF6, 0x10, 0x25, 0x8C, 0x37, 0xE2, 0xA5, 0xE5, 0x2E, 0x5F,
    0x6C, 0xBA, 0x7C, 0x5D, 0xDE, 0xBB, 0x81, 0x77, 0x1F, 0x62, 0xD3, 0xD9, 0x02, 0xEF, 0xA7, 0x16,
    0x16, 0x5E, 0x04, 0x5E, 0xF1, 0xF5, 0x9F, 0xFE, 0xEB, 0xCB, 0xC0, 0x5B, 0x6B, 0xAE, 0x56, 0x1E,
    0x96, 0x65, 0xD4, 0x92, 0x45, 0xA5, 0xF6, 0xF0, 0xEA, 0xC7, 0x7F, 0x4B, 0x66, 0x35, 0xAF, 0xB3,
    0x5A, 0x39, 0xF2, 0x8A, 0x74, 0x74, 0xFB, 0xF8, 0x18, 0xF0, 0x2E, 0x2C, 0x2C, 0xFC, 0xF3, 0xBD,
    0xAF, 0xA6, 0x84, 0x84, 0x17, 0x54, 0x39, 0x1B, 0xE3, 0x4D, 0x8D, 0xD5, 0xA4, 0xA6, 0x9B, 0xFF,
    0x3F, 0x97, 0x75, 0x6D, 0xC0, 0xED, 0x2C, 0xB0, 0xB9, 0xAB, 0x11, 0x17, 0x2D, 0xEF, 0x4D, 0x12,
    0x37, 0xF2, 0x5E, 0xE8, 0x7D, 0x31, 0x16, 0xFF, 0xFB, 0x42, 0xA7, 0x29, 0x7E, 0x87, 0x68, 0x8D,
    0xBB, 0x03, 0xB7, 0xC8, 0xEE, 0x60, 0x8D, 0xF1, 0x9E, 0xB8, 0x7E, 0x69, 0x0D, 0x78, 0x85, 0x47,
    0xF6, 0x1A, 0xB3, 0x19, 0x56, 0x72, 0x2D, 0x2E, 0x2A, 0x02, 0xC0, 0xD7, 0xE2, 0xDC, 0xD3, 0xF2,
    0x51, 0xE9, 0x1C, 0x63, 0xF9, 0x58, 0x62, 0xBF, 0xEA, 0x5D, 0x3B, 0xBD, 0xF6, 0x45, 0xA2, 0x5F,
    0xF0, 0x7D, 0x70, 0xD7, 0x2E, 0x4B, 0xB8, 0xEE, 0x75, 0x2F, 0x16, 0xAF, 0x9D, 0x66, 0x5F, 0xCB,
    0x3C, 0xEE, 0x41, 0xB6, 0x18, 0x5F, 0xC0, 0x7F, 0xA3, 0xF0, 0xB7, 0x2F, 0xA9, 0xE2, 0x1E, 0x44,
    0x69, 0xCD, 0xCA, 0xD9, 0x96, 0xFB, 0xD2, 0x65, 0xD6, 0x6D, 0x15, 0x3B, 0x56, 0xCD, 0x70, 0x63,
    0x5D, 0x65, 0x44, 0x03, 0x53, 0x65, 0x70, 0xB7, 0xCB, 0x74, 0xBD, 0xE2, 0xB2, 0xEB, 0xA5, 0xBB,
    0xB9, 0x90, 0xCC, 0xE2, 0xD2, 0xC6, 0x75, 0xAD, 0x67, 0xF8, 0xC5, 0xED, 0xE8, 0x99, 0x66, 0x4A,
    0x02, 0xC3, 0x00, 0xE6, 0x4C, 0xE3, 0x6B, 0x87, 0x8F, 0x6A, 0x78, 0x37, 0x0E, 0x1F, 0x3E, 0xCC,
    0x45, 0x85, 0x58, 0xC3, 0x41, 0xC4, 0x38, 0xBF, 0x8C, 0x83, 0xC3, 0x80, 0x3C, 0xFF, 0x07, 0x7C,
    0x80, 0x65, 0x7B, 0x5A, 0x1F, 0x9C, 0x21, 0x7A, 0x5B, 0x1F, 0xB4, 0xC9, 0x7A, 0xBB, 0xFB, 0xD6,
    0xE1, 0xE8, 0xAD, 0x39, 0x58, 0x44, 0x7F, 0x89, 0xCE, 0x2E, 0x79, 0x24, 0xC0, 0x6A, 0x94, 0xD7,
    0x5D, 0x12, 0xC7, 0xE2, 0x2A, 0xBC, 0xDB, 0x41, 0x89, 0x02, 0x9A, 0x96, 0xD3, 0x22, 0x76, 0x44,
    0x5C, 0x01, 0x16, 0x1C, 0xD8, 0xB2, 0x4D, 0xBD, 0x2A, 0x0E, 0xB2, 0x9F, 0x17, 0x34, 0xB7, 0xE4,
    0xC7, 0x87, 0x56, 0x90, 0xBC, 0xB9, 0xAF, 0xBF, 0x93, 0xCF, 0x1D, 0x89, 0x69, 0x89, 0xC4, 0x67,
    0x8A, 0x8F, 0x3E, 0x22, 0xAD, 0x11, 0xD5, 0x1E, 0x59, 0x3C, 0xD2, 0x2A, 0x50, 0x83, 0xB7, 0xBF,
    0x7C, 0xE6, 0xC8, 0xE3, 0x6D, 0xA1, 0xA8, 0x78, 0xB5, 0xF3, 0x91, 0x6F, 0x79, 0x42, 0x89, 0xD5,
    0x3F, 0xEB, 0xD5, 0xFF, 0x5B, 0xAC, 0xAA, 0x13, 0x56, 0x9D, 0xB7, 0xA7, 0xDE, 0x52, 0x86, 0x76,
    0xE8, 0xB3, 0x63, 0xB0, 0x44, 0x0C, 0x4D, 0x85, 0x9F, 0xEC, 0x70, 0x4C, 0x59, 0x04, 0x47, 0x84,
    0x4C, 0xC8, 0x8D, 0x8F, 0x81, 0x13, 0x38, 0x2D, 0xB4, 0xD5, 0x9F, 0x7E, 0xE5, 0xF8, 0xF8, 0x4E,
    0x92, 0xB5, 0x9F, 0x40, 0x29, 0x63, 0xBC, 0xE7, 0x3F, 0x70, 0xCE, 0xFD, 0x0E, 0x39, 0xFA, 0x6F,
    0x53, 0xB6, 0x2A, 0x46, 0x1A, 0xAC, 0x6E, 0xBD, 0x45, 0x29, 0x06, 0xDA, 0x0C, 0x64, 0x19, 0xCC,
    0xF9, 0x7B, 0xB8, 0x9D, 0x39, 0xC0, 0x0C, 0x90, 0xC3, 0x68, 0x33, 0x68, 0xB7, 0x8C, 0x19, 0x34,
    0xEB, 0xA6, 0x18, 0xF9, 0xFC, 0xBF, 0x94, 0xCD, 0x84, 0xA1, 0x49, 0x5E, 0x20, 0x4D, 0xB3, 0x77,
    0x68, 0xCC, 0x20, 0x1A, 0x1A, 0x33, 0x80, 0xF9, 0x68, 0x33, 0xF0, 0xF2, 0xBB, 0x49, 0x6F, 0xAF,
    0x72, 0xB3, 0x12, 0x78, 0x2D, 0x54, 0x49, 0x74, 0xEC, 0x56, 0xBC, 0x9C, 0x09, 0xA7, 0x49, 0xD1,
    0xAA, 0xC2, 0x40, 0x13, 0x14, 0xD7, 0xA1, 0x25, 0xA7, 0xE9, 0xA1, 0x4E, 0xF3, 0x91, 0x5C, 0x56,
    0x0E, 0x55, 0xC2, 0xE6, 0xE1, 0x42, 0x56, 0x22, 0xC8, 0xDF, 0xFE, 0x89, 0x9C, 0x3E, 0xF4, 0x50,
    0xD8, 0xAC, 0xE9, 0xFB, 0xE0, 0xEE, 0xFA, 0xB9, 0x8D, 0xE2, 0x7A, 0xEA, 0xAF, 0x89, 0x7E, 0x13,
    0xEE, 0x5E, 0xF9, 0x3E, 0xD1, 0xDF, 0x81, 0xDE, 0xA6, 0x9F, 0x24, 0xFA, 0x9B, 0x47, 0x37, 0x17,
    0xD7, 0x51, 0x71, 0xA7, 0xC5, 0x75, 0xCC, 0x31, 0x1A, 0x45, 0x68, 0x8E, 0x04, 0x93, 0x4B, 0x3B,
    0xA4, 0xF8, 0xBA, 0x48, 0x6D, 0x1C, 0x8F, 0xB9, 0x68, 0xDD, 0xEB, 0x78, 0x5C, 0xC4, 0xD2, 0x33,
    0xFB, 0xE9, 0x02, 0xBB, 0x79, 0x30, 0xCF, 0x75, 0x06, 0x22, 0xF8, 0x3E, 0xED, 0xE6, 0xD6, 0xA0,
    0xC4, 0xBB, 0x6B, 0x23, 0x19, 0xCF, 0x6F, 0x49, 0xC6, 0xC5, 0x9F, 0x64, 0xEE, 0x63, 0x49, 0xB3,
    0x69, 0xA9, 0x04, 0x61, 0xAC, 0x39, 0xD9, 0x7A, 0x9D, 0xC8, 0x6D, 0x9A, 0x45, 0x39, 0xC6, 0xE5,
    0x7D, 0x42, 0x0E, 0x85, 0x48, 0xDA, 0xB4, 0x7E, 0xB9, 0x3D, 0x8C, 0x10, 0xCA, 0xCD, 0x84, 0xDA,
    0xFA, 0xE6, 0xCA, 0x7A, 0x13, 0x60, 0xD2, 0x14, 0x58, 0xDF, 0x77, 0xFD, 0xA0, 0xE1, 0x2B, 0x25,
    0x31, 0x2A, 0xE9, 0xDC, 0x87, 0x3D, 0xF3, 0xA6, 0x92, 0xB5, 0x49, 0xBF, 0x16, 0xC9, 0xAA, 0x05,
    0x7B, 0x76, 0xCF, 0x4B, 0xCF, 0x4D, 0xB8, 0x19, 0x88, 0xFB, 0xD9, 0x9E, 0xE7, 0xCB, 0x3F, 0xB7,
    0xB9, 0x21, 0xBD, 0x65, 0xA6, 0x71, 0x59, 0x04, 0x1E, 0xCB, 0x58, 0xEF, 0x3D, 0x6E, 0xC2, 0xDB,
    0xC8, 0x4B, 0x5A, 0x1B, 0x6A, 0x7B, 0xB6, 0x6F, 0x6A, 0xE6, 0xB3, 0xD4, 0xCD, 0x31, 0x35, 0x32,
    0xFA, 0xC5, 0xFD, 0xBF, 0x8A, 0x70, 0x3D, 0xA1, 0xF1, 0x28, 0x16, 0x77, 0x46, 0xE3, 0x37, 0xEB,
    0x97, 0x93, 0x70, 0xE0, 0x75, 0xAF, 0x9E, 0xD2, 0x9B, 0x90, 0x48, 0x5B, 0x7A, 0xF7, 0x53, 0xB3,
    0xF7, 0x6E, 0xE3, 0x45, 0xBA, 0xF3, 0xA4, 0xD9, 0x74, 0x75, 0xCD, 0xA6, 0xAB, 0xBA, 0x6F, 0x36,
    0x5D, 0xF7, 0x72, 0x33, 0x50, 0xC5, 0x08, 0x21, 0x59, 0xE0, 0xA8, 0xCC, 0x43, 0x1A, 0xD5, 0xAA,
    0xA9, 0xDE, 0xFC, 0x18, 0xE9, 0x49, 0xE5, 0xE9, 0x4E, 0x38, 0xEC, 0x74, 0x9A, 0x15, 0xF6, 0xD5,
    0x66, 0x08, 0xD9, 0x09, 0xF1, 0xDB, 0xF4, 0xA8, 0x40, 0x30, 0x83, 0x3D, 0x7F, 0x4F, 0x7A, 0x8F,
    0x49, 0xE0, 0xBD, 0xFD, 0x66, 0xE0, 0xF0, 0x0E, 0xF0, 0xFE, 0x3F,
};

static const EpdGlyph ebgaramond_14_boldGlyphs[] = {
    { 0, 0, 0, 0, 0, 0, 0 }, // U+0000
    { 0, 0, 0, 0, 0, 0, 0 }, // U+0001
    { 0, 0, 0, 0, 0, 0, 0 }, // U+0002
    { 0, 0, 0, 0, 0, 0, 0 }, // U+0003
    { 0, 0, 0, 0, 0, 0, 0 }, // U+0004
    { 0, 0, 0, 0, 0, 0, 0 }, // U+0005
    { 0, 0, 0, 0, 0, 0, 0 }, // U+0006
    { 0, 0, 0, 0, 0, 0, 0 }, // U+0007
    { 0, 0, 0, 0, 0, 0, 0 }, // U+0008
    { 0, 0, 0, 0, 0, 0, 0 }, // U+0009
    { 0, 0, 0, 0, 0, 0, 0 }, // U+000A
    { 0, 0, 0, 0, 0, 0, 0 }, // U+000B
    { 0, 0, 0, 0, 0, 0, 0 }, // U+000C
    { 0, 0, 0, 0, 0, 0, 0 }, // U+000D
    { 0, 0, 0, 0, 0, 0, 0 }, // U+000E
    { 0, 0, 0, 0, 0, 0, 0 }, // U+000F
    { 0, 0, 0, 0, 0, 0, 0 }, // U+0010
    { 0, 0, 0, 0, 0, 0, 0 }, // U+0011
    { 0, 0, 0, 0, 0, 0, 0 }, // U+0012
    { 0, 0, 0, 0, 0, 0, 0 }, // U+0013
    { 0, 0, 0, 0, 0, 0, 0 }, // U+0014
    { 0, 0, 0, 0, 0, 0, 0 }, // U+0015
    { 0, 0, 0, 0, 0, 0, 0 }, // U+0016
    { 0, 0, 0, 0, 0, 0, 0 }, // U+0017
    { 0, 0, 0, 0, 0, 0, 0 }, // U+0018
    { 0, 0, 0, 0, 0, 0, 0 }, // U+0019
    { 0, 0, 0, 0, 0, 0, 0 }, // U+001A
    { 0, 0, 0, 0, 0, 0, 0 }, // U+001B
    { 0, 0, 0, 0, 0, 0, 0 }, // U+001C
    { 0, 0, 0, 0, 0, 0, 0 }, // U+001D
    { 0, 0, 0, 0, 0, 0, 0 }, // U+001E
    { 0, 0, 0, 0, 0, 0, 0 }, // U+001F
    { 0, 0, 111, 0, 0, 0, 0 }, // U+0020
    { 5, 20, 135, 2, 19, 25, 0 }, // !
    { 9, 9, 186, 1, 20, 21, 25 }, // "
    { 14, 20, 226, 0, 17, 70, 46 }, // #
    { 13, 24, 215, 0, 21, 78, 116 }, // $
    { 20, 21, 328, 0, 20, 105, 194 }, // %
    { 24, 19, 373, 0, 18, 114, 299 }, // &
    { 5, 9, 111, 1, 20, 12, 413 }, // '
    { 8, 28, 142, 1, 21, 56, 425 }, // (
    { 8, 28, 142, 0, 21, 56, 481 }, // )
    { 10, 11, 167, 0, 21, 28, 537 }, // *
    { 17, 16, 281, 0, 15, 68, 565 }, // +
    { 7, 9, 115, 0, 4, 16, 633 }, // ,
    { 9, 4, 147, 0, 8, 9, 649 }, // -
    { 5, 5, 115, 1, 4, 7, 658 }, // .
    { 12, 22, 190, 0, 20, 66, 665 }, // /
    { 15, 20, 272, 1, 19, 75, 731 }, // 0
    { 11, 20, 185, 0, 19, 55, 806 }, // 1
    { 14, 20, 246, 1, 19, 70, 861 }, // 2
    { 13, 21, 219, 0, 19, 69, 931 }, // 3
    { 16, 20, 264, 0, 19, 80, 1000 }, // 4
    { 11, 21, 210, 1, 19, 58, 1080 }, // 5
    { 13, 20, 244, 1, 19, 65, 1138 }, // 6
    { 16, 20, 255, 0, 19, 80, 1203 }, // 7
    { 14, 20, 257, 1, 19, 70, 1283 }, // 8
    { 14, 21, 253, 1, 19, 74, 1353 }, // 9
    { 6, 13, 132, 1, 12, 20, 1427 }, // :
    { 7, 17, 115, 0, 12, 30, 1447 }, // ;
    { 14, 15, 253, 1, 14, 53, 1477 }, // <
    { 16, 8, 294, 1, 11, 32, 1530 }, // =
    { 14, 15, 253, 1, 14, 53, 1562 }, // >
    { 10, 21, 184, 1, 20, 53, 1615 }, // ?
    { 22, 21, 365, 0, 16, 116, 1668 }, // @
    { 23, 21, 336, -1, 20, 121, 1784 }, // A
    { 18, 21, 292, 0, 20, 95, 1905 }, // B
    { 20, 21, 331, 0, 20, 105, 2000 }, // C
    { 22, 21, 358, 0, 20, 116, 2105 }, // D
    { 17, 21, 268, 0, 20, 90, 2221 }, // E
    { 16, 21, 255, 0, 20, 84, 2311 }, // F
    { 21, 21, 336, 0, 20, 111, 2395 }, // G
    { 23, 21, 374, 0, 20, 121, 2506 }, // H
    { 11, 21, 170, 0, 20, 58, 2627 }, // I
    { 14, 26, 173, -3, 20, 91, 2685 }, // J
    { 23, 21, 356, 0, 20, 121, 2776 }, // K
    { 17, 21, 274, 0, 20, 90, 2897 }, // L
    { 27, 21, 428, 0, 20, 142, 2987 }, // M
    { 24, 21, 378, 0, 20, 126, 3129 }, // N
    { 22, 21, 355, 0, 20, 116, 3255 }, // O
    { 17, 21, 283, 0, 20, 90, 3371 }, // P
    { 26, 28, 355, 0, 20, 182, 3461 }, // Q
    { 23, 21, 355, 0, 20, 121, 3643 }, // R
    { 14, 21, 231, 0, 20, 74, 3764 }, // S
    { 21, 22, 324, 0, 21, 116, 3838 }, // T
    { 22, 21, 348, 0, 20, 116, 3954 }, // U
    { 21, 21, 330, 0, 20, 111, 4070 }, // V
    { 30, 21, 476, 0, 20, 158, 4181 }, // W
    { 23, 21, 350, -1, 20, 121, 4339 }, // X
    { 20, 21, 305, 0, 20, 105, 4460 }, // Y
    { 18, 22, 278, 0, 21, 99, 4565 }, // Z
    { 8, 27, 166, 3, 21, 54, 4664 }, // [
    { 12, 22, 190, 0, 20, 66, 4718 }, // <backslash>
    { 8, 27, 166, 0, 21, 54, 4784 }, // ]
    { 15, 11, 240, 0, 18, 42, 4838 }, // ^
    { 18, 3, 275, 0, -3, 14, 4880 }, // _
    { 6, 7, 111, 0, 20, 11, 4894 }, // `
    { 13, 14, 204, 0, 13, 46, 4905 }, // a
    { 16, 22, 253, 0, 21, 88, 4951 }, // b
    { 12, 14, 192, 0, 13, 42, 5039 }, // c
    { 16, 22, 258, 0, 21, 88, 5081 }, // d
    { 12, 14, 195, 0, 13, 42, 5169 }, // e
    { 14, 22, 168, 0, 21, 77, 5211 }, // f
    { 15, 22, 233, 0, 13, 83, 5288 }, // g
    { 16, 22, 261, 0, 21, 88, 5371 }, // h
    { 9, 20, 138, 0, 19, 45, 5459 }, // i
    { 9, 28, 124, -2, 19, 63, 5504 }, // j
    { 17, 22, 255, 0, 21, 94, 5567 }, // k
    { 8, 22, 133, 0, 21, 44, 5661 }, // l
    { 24, 15, 377, 0, 14, 90, 5705 }, // m
    { 17, 15, 264, 0, 14, 64, 5795 }, // n
    { 14, 14, 235, 0, 13, 49, 5859 }, // o
    { 16, 21, 257, 0, 13, 84, 5908 }, // p
    { 16, 22, 250, 0, 13, 88, 5992 }, // q
    { 12, 14, 193, 0, 13, 42, 6080 }, // r
    { 10, 14, 168, 0, 13, 35, 6122 }, // s
    { 11, 17, 175, 0, 16, 47, 6157 }, // t
    { 16, 14, 257, 0, 13, 56, 6204 }, // u
    { 15, 14, 225, 0, 13, 53, 6260 }, // v
    { 22, 14, 351, 0, 13, 77, 6313 }, // w
    { 15, 14, 236, 0, 13, 53, 6390 }, // x
    { 15, 22, 225, 0, 13, 83, 6443 }, // y
    { 13, 14, 204, 0, 13, 46, 6526 }, // z
    { 10, 26, 174, 1, 21, 65, 6572 }, // {
    { 4, 30, 129, 2, 21, 30, 6637 }, // |
    { 10, 26, 174, 0, 21, 65, 6667 }, // }
    { 14, 5, 254, 1, 12, 18, 6732 }, // ~
    { 0, 0, 0, 0, 0, 0, 6750 }, // U+007F
    { 0, 0, 0, 0, 0, 0, 0 }, // U+0080
    { 0, 0, 0, 0, 0, 0, 0 }, // U+0081
    { 0, 0, 0, 0, 0, 0, 0 }, // U+0082
    { 0, 0, 0, 0, 0, 0, 0 }, // U+0083
    { 0, 0, 0, 0, 0, 0, 0 }, // U+0084
    { 0, 0, 0, 0, 0, 0, 0 }, // U+0085
    { 0, 0, 0, 0, 0, 0, 0 }, // U+0086
    { 0, 0, 0, 0, 0, 0, 0 }, // U+0087
    { 0, 0, 0, 0, 0, 0, 0 }, // U+0088
    { 0, 0, 0, 0, 0, 0, 0 }, // U+0089
    { 0, 0, 0, 0, 0, 0, 0 }, // U+008A
    { 0, 0, 0, 0, 0, 0, 0 }, // U+008B
    { 0, 0, 0, 0, 0, 0, 0 }, // U+008C
    { 0, 0, 0, 0, 0, 0, 0 }, // U+008D
    { 0, 0, 0, 0, 0, 0, 0 }, // U+008E
    { 0, 0, 0, 0, 0, 0, 0 }, // U+008F
    { 0, 0, 0, 0, 0, 0, 0 }, // U+0090
    { 0, 0, 0, 0, 0, 0, 0 }, // U+0091
    { 0, 0, 0, 0, 0, 0, 0 }, // U+0092
    { 0, 0, 0, 0, 0, 0, 0 }, // U+0093
    { 0, 0, 0, 0, 0, 0, 0 }, // U+0094
    { 0, 0, 0, 0, 0, 0, 0 }, // U+0095
    { 0, 0, 0, 0, 0, 0, 0 }, // U+0096
    { 0, 0, 0, 0, 0, 0, 0 }, // U+0097
    { 0, 0, 0, 0, 0, 0, 0 }, // U+0098
    { 0, 0, 0, 0, 0, 0, 0 }, // U+0099
    { 0, 0, 0, 0, 0, 0, 0 }, // U+009A
    { 0, 0, 0, 0, 0, 0, 0 }, // U+009B
    { 0, 0, 0, 0, 0, 0, 0 }, // U+009C
    { 0, 0, 0, 0, 0, 0, 0 }, // U+009D
    { 0, 0, 0, 0, 0, 0, 0 }, // U+009E
    { 0, 0, 0, 0, 0, 0, 0 }, // U+009F
    { 0, 0, 111, 0, 0, 0, 0 }, // U+00A0
    { 5, 20, 135, 2, 15, 25, 0 }, // U+00A1
    { 13, 19, 203, 0, 16, 62, 25 }, // U+00A2
    { 18, 21, 265, -1, 19, 95, 87 }, // U+00A3
    { 15, 14, 238, 0, 15, 53, 182 }, // U+00A4
    { 20, 21, 305, 0, 20, 105, 235 }, // U+00A5
    { 4, 30, 129, 2, 21, 30, 340 }, // U+00A6
    { 12, 24, 207, 0, 19, 72, 370 }, // U+00A7
    { 11, 5, 166, 0, 19, 14, 442 }, // U+00A8
    { 20, 19, 318, 0, 19, 95, 456 }, // U+00A9
    { 10, 13, 163, 0, 17, 33, 551 }, // U+00AA
    { 15, 13, 272, 1, 13, 49, 584 }, // U+00AB
    { 17, 11, 290, 0, 12, 47, 633 }, // U+00AC
    { 0, 0, 0, 0, 0, 0, 680 }, // U+00AD
    { 19, 19, 320, 1, 19, 91, 680 }, // U+00AE
    { 10, 3, 166, 0, 17, 8, 771 }, // U+00AF
    { 10, 9, 162, 0, 20, 23, 779 }, // U+00B0
    { 17, 19, 280, 0, 19, 81, 802 }, // U+00B1
    { 10, 10, 159, 0, 23, 25, 883 }, // U+00B2
    { 8, 10, 138, 0, 23, 20, 908 }, // U+00B3
    { 6, 7, 111, 0, 20, 11, 928 }, // U+00B4
    { 15, 22, 261, 2, 13, 83, 939 }, // U+00B5
    { 18, 29, 293, 0, 19, 131, 1022 }, // U+00B6
    { 6, 5, 119, 1, 9, 8, 1153 }, // U+00B7
    { 6, 9, 128, 1, 1, 14, 1161 }, // U+00B8
    { 7, 11, 116, 0, 24, 20, 1175 }, // U+00B9
    { 11, 13, 153, 0, 17, 36, 1195 }, // U+00BA
    { 15, 13, 272, 1, 13, 49, 1231 }, // U+00BB
    { 19, 21, 301, 0, 20, 100, 1280 }, // U+00BC
    { 21, 21, 336, 0, 20, 111, 1380 }, // U+00BD
    { 19, 21, 308, 0, 20, 100, 1491 }, // U+00BE
    { 9, 21, 184, 1, 15, 48, 1591 }, // U+00BF
    { 23, 26, 336, -1, 25, 150, 1639 }, // U+00C0
    { 23, 26, 336, -1, 25, 150, 1789 }, // U+00C1
    { 23, 26, 336, -1, 25, 150, 1939 }, // U+00C2
    { 23, 26, 336, -1, 25, 150, 2089 }, // U+00C3
    { 23, 26, 336, -1, 25, 150, 2239 }, // U+00C4
    { 23, 26, 336, -1, 25, 150, 2389 }, // U+00C5
    { 28, 21, 424, -1, 20, 147, 2539 }, // U+00C6
    { 20, 29, 331, 0, 20, 145, 2686 }, // U+00C7
    { 17, 26, 268, 0, 25, 111, 2831 }, // U+00C8
    { 17, 26, 268, 0, 25, 111, 2942 }, // U+00C9
    { 17, 26, 268, 0, 25, 111, 3053 }, // U+00CA
    { 17, 26, 268, 0, 25, 111, 3164 }, // U+00CB
    { 11, 26, 170, 0, 25, 72, 3275 }, // U+00CC
    { 11, 26, 170, 0, 25, 72, 3347 }, // U+00CD
    { 11, 26, 170, 0, 25, 72, 3419 }, // U+00CE
    { 11, 26, 170, 0, 25, 72, 3491 }, // U+00CF
    { 22, 21, 358, 0, 20, 116, 3563 }, // U+00D0
    { 24, 26, 378, 0, 25, 156, 3679 }, // U+00D1
    { 22, 26, 355, 0, 25, 143, 3835 }, // U+00D2
    { 22, 26, 355, 0, 25, 143, 3978 }, // U+00D3
    { 22, 26, 355, 0, 25, 143, 4121 }, // U+00D4
    { 22, 26, 355, 0, 25, 143, 4264 }, // U+00D5
    { 22, 26, 355, 0, 25, 143, 4407 }, // U+00D6
    { 12, 13, 252, 2, 14, 39, 4550 }, // U+00D7
    { 22, 21, 356, 0, 20, 116, 4589 }, // U+00D8
    { 22, 26, 348, 0, 25, 143, 4705 }, // U+00D9
    { 22, 26, 348, 0, 25, 143, 4848 }, // U+00DA
    { 22, 26, 348, 0, 25, 143, 4991 }, // U+00DB
    { 22, 26, 348, 0, 25, 143, 5134 }, // U+00DC
    { 20, 26, 305, 0, 25, 130, 5277 }, // U+00DD
    { 17, 21, 275, 0, 20, 90, 5407 }, // U+00DE
    { 17, 22, 271, 0, 21, 94, 5497 }, // U+00DF
    { 13, 21, 204, 0, 20, 69, 5591 }, // U+00E0
    { 13, 21, 204, 0, 20, 69, 5660 }, // U+00E1
    { 13, 21, 204, 0, 20, 69, 5729 }, // U+00E2
    { 13, 20, 204, 0, 19, 65, 5798 }, // U+00E3
    { 13, 20, 204, 0, 19, 65, 5863 }, // U+00E4
    { 13, 21, 204, 0, 20, 69, 5928 }, // U+00E5
    { 18, 14, 291, 0, 13, 63, 5997 }, // U+00E6
    { 12, 21, 192, 0, 13, 63, 6060 }, // U+00E7
    { 12, 21, 195, 0, 20, 63, 6123 }, // U+00E8
    { 12, 21, 195, 0, 20, 63, 6186 }, // U+00E9
    { 12, 21, 195, 0, 20, 63, 6249 }, // U+00EA
    { 12, 20, 195, 0, 19, 60, 6312 }, // U+00EB
    { 9, 21, 138, 0, 20, 48, 6372 }, // U+00EC
    { 9, 21, 138, 0, 20, 48, 6420 }, // U+00ED
    { 9, 21, 138, 0, 20, 48, 6468 }, // U+00EE
    { 11, 20, 138, -1, 19, 55, 6516 }, // U+00EF
    { 15, 22, 240, 0, 21, 83, 6571 }, // U+00F0
    { 17, 20, 264, 0, 19, 85, 6654 }, // U+00F1
    { 14, 21, 235, 0, 20, 74, 6739 }, // U+00F2
    { 14, 21, 235, 0, 20, 74, 6813 }, // U+00F3
    { 14, 21, 235, 0, 20, 74, 6887 }, // U+00F4
    { 14, 20, 235, 0, 19, 70, 6961 }, // U+00F5
    { 14, 20, 235, 0, 19, 70, 7031 }, // U+00F6
    { 16, 14, 280, 1, 15, 56, 7101 }, // U+00F7
    { 14, 14, 234, 0, 13, 49, 7157 }, // U+00F8
    { 16, 21, 257, 0, 20, 84, 7206 }, // U+00F9
    { 16, 21, 257, 0, 20, 84, 7290 }, // U+00FA
    { 16, 21, 257, 0, 20, 84, 7374 }, // U+00FB
    { 16, 20, 257, 0, 19, 80, 7458 }, // U+00FC
    { 15, 29, 225, 0, 20, 109, 7538 }, // U+00FD
    { 16, 29, 256, 0, 21, 116, 7647 }, // U+00FE
    { 15, 28, 225, 0, 19, 105, 7763 }, // U+00FF
    { 23, 25, 336, -1, 24, 144, 0 }, // U+0100
    { 13, 18, 204, 0, 17, 59, 144 }, // U+0101
    { 23, 26, 336, -1, 25, 150, 203 }, // U+0102
    { 13, 20, 204, 0, 19, 65, 353 }, // U+0103
    { 23, 29, 336, -1, 20, 167, 418 }, // U+0104
    { 14, 22, 204, 0, 13, 77, 585 }, // U+0105
    { 20, 26, 331, 0, 25, 130, 662 }, // U+0106
    { 12, 21, 192, 0, 20, 63, 792 }, // U+0107
    { 20, 26, 331, 0, 25, 130, 855 }, // U+0108
    { 12, 21, 192, 0, 20, 63, 985 }, // U+0109
    { 20, 26, 331, 0, 25, 130, 1048 }, // U+010A
    { 12, 20, 192, 0, 19, 60, 1178 }, // U+010B
    { 20, 26, 331, 0, 25, 130, 1238 }, // U+010C
    { 12, 21, 192, 0, 20, 63, 1368 }, // U+010D
    { 22, 26, 358, 0, 25, 143, 1431 }, // U+010E
    { 19, 22, 270, 0, 21, 105, 1574 }, // U+010F
    { 22, 21, 358, 0, 20, 116, 1679 }, // U+0110
    { 16, 22, 258, 0, 21, 88, 1795 }, // U+0111
    { 17, 25, 268, 0, 24, 107, 1883 }, // U+0112
    { 12, 18, 195, 0, 17, 54, 1990 }, // U+0113
    { 17, 26, 268, 0, 25, 111, 2044 }, // U+0114
    { 12, 20, 195, 0, 19, 60, 2155 }, // U+0115
    { 17, 26, 268, 0, 25, 111, 2215 }, // U+0116
    { 12, 20, 195, 0, 19, 60, 2326 }, // U+0117
    { 17, 29, 264, 0, 20, 124, 2386 }, // U+0118
    { 12, 22, 194, 0, 13, 66, 2510 }, // U+0119
    { 17, 26, 268, 0, 25, 111, 2576 }, // U+011A
    { 12, 21, 195, 0, 20, 63, 2687 }, // U+011B
    { 21, 26, 336, 0, 25, 137, 2750 }, // U+011C
    { 15, 29, 233, 0, 20, 109, 2887 }, // U+011D
    { 21, 26, 336, 0, 25, 137, 2996 }, // U+011E
    { 15, 28, 233, 0, 19, 105, 3133 }, // U+011F
    { 21, 26, 336, 0, 25, 137, 3238 }, // U+0120
    { 15, 28, 233, 0, 19, 105, 3375 }, // U+0121
    { 21, 29, 336, 0, 20, 153, 3480 }, // U+0122
    { 15, 30, 233, 0, 21, 113, 3633 }, // U+0123
    { 23, 26, 374, 0, 25, 150, 3746 }, // U+0124
    { 17, 27, 261, -1, 26, 115, 3896 }, // U+0125
    { 23, 21, 374, 0, 20, 121, 4011 }, // U+0126
    { 16, 22, 262, 0, 21, 88, 4132 }, // U+0127
    { 11, 26, 170, 0, 25, 72, 4220 }, // U+0128
    { 11, 20, 138, -1, 19, 55, 4292 }, // U+0129
    { 11, 25, 170, 0, 24, 69, 4347 }, // U+012A
    { 10, 18, 138, -1, 17, 45, 4416 }, // U+012B
    { 11, 26, 170, 0, 25, 72, 4461 }, // U+012C
    { 9, 20, 138, 0, 19, 45, 4533 }, // U+012D
    { 11, 29, 170, 0, 20, 80, 4578 }, // U+012E
    { 9, 28, 138, 0, 19, 63, 4658 }, // U+012F
    { 11, 26, 170, 0, 25, 72, 4721 }, // U+0130
    { 9, 15, 138, 0, 14, 34, 4793 }, // U+0131
    { 22, 26, 342, 0, 20, 143, 4827 }, // U+0132
    { 15, 28, 256, 0, 19, 105, 4970 }, // U+0133
    { 14, 31, 173, -3, 25, 109, 5075 }, // U+0134
    { 10, 29, 124, -2, 20, 73, 5184 }, // U+0135
    { 23, 29, 356, 0, 20, 167, 5257 }, // U+0136
    { 17, 30, 255, 0, 21, 128, 5424 }, // U+0137
    { 17, 15, 269, 0, 14, 64, 5552 }, // U+0138
    { 17, 26, 274, 0, 25, 111, 5616 }, // U+0139
    { 9, 27, 133, 0, 26, 61, 5727 }, // U+013A
    { 17, 29, 274, 0, 20, 124, 5788 }, // U+013B
    { 8, 30, 133, 0, 21, 60, 5912 }, // U+013C
    { 17, 21, 274, 0, 20, 90, 5972 }, // U+013D
    { 11, 22, 144, 0, 21, 61, 6062 }, // U+013E
    { 17, 21, 274, 0, 20, 90, 6123 }, // U+013F
    { 13, 22, 189, 0, 21, 72, 6213 }, // U+0140
    { 17, 21, 274, 0, 20, 90, 6285 }, // U+0141
    { 9, 22, 135, 0, 21, 50, 6375 }, // U+0142
    { 24, 26, 378, 0, 25, 156, 6425 }, // U+0143
    { 17, 21, 264, 0, 20, 90, 6581 }, // U+0144
    { 24, 29, 369, 0, 20, 174, 6671 }, // U+0145
    { 17, 23, 264, 0, 14, 98, 6845 }, // U+0146
    { 24, 26, 378, 0, 25, 156, 6943 }, // U+0147
    { 17, 21, 264, 0, 20, 90, 7099 }, // U+0148
    { 20, 22, 311, -1, 21, 110, 7189 }, // U+0149
    { 23, 28, 369, 0, 20, 161, 7299 }, // U+014A
    { 15, 23, 258, 0, 14, 87, 7460 }, // U+014B
    { 22, 25, 355, 0, 24, 138, 7547 }, // U+014C
    { 14, 18, 235, 0, 17, 63, 7685 }, // U+014D
    { 22, 26, 355, 0, 25, 143, 7748 }, // U+014E
    { 14, 20, 235, 0, 19, 70, 7891 }, // U+014F
    { 22, 26, 355, 0, 25, 143, 7961 }, // U+0150
    { 14, 21, 235, 0, 20, 74, 8104 }, // U+0151
    { 29, 21, 460, 0, 20, 153, 8178 }, // U+0152
    { 22, 14, 356, 0, 13, 77, 8331 }, // U+0153
    { 23, 26, 355, 0, 25, 150, 8408 }, // U+0154
    { 12, 21, 193, 0, 20, 63, 8558 }, // U+0155
    { 23, 29, 355, 0, 20, 167, 8621 }, // U+0156
    { 12, 22, 193, 0, 13, 66, 8788 }, // U+0157
    { 23, 26, 355, 0, 25, 150, 8854 }, // U+0158
    { 12, 21, 193, 0, 20, 63, 9004 }, // U+0159
    { 14, 26, 231, 0, 25, 91, 9067 }, // U+015A
    { 10, 21, 168, 0, 20, 53, 9158 }, // U+015B
    { 14, 26, 231, 0, 25, 91, 9211 }, // U+015C
    { 10, 21, 168, 0, 20, 53, 9302 }, // U+015D
    { 14, 29, 227, 0, 20, 102, 9355 }, // U+015E
    { 10, 21, 168, 0, 13, 53, 9457 }, // U+015F
    { 14, 26, 231, 0, 25, 91, 9510 }, // U+0160
    { 10, 21, 168, 0, 20, 53, 9601 }, // U+0161
    { 21, 30, 324, 0, 21, 158, 9654 }, // U+0162
    { 11, 24, 175, 0, 16, 66, 9812 }, // U+0163
    { 21, 26, 324, 0, 25, 137, 9878 }, // U+0164
    { 12, 22, 175, 0, 21, 66, 10015 }, // U+0165
    { 21, 22, 324, 0, 21, 116, 10081 }, // U+0166
    { 11, 17, 182, 0, 16, 47, 10197 }, // U+0167
    { 22, 26, 348, 0, 25, 143, 10244 }, // U+0168
    { 16, 20, 257, 0, 19, 80, 10387 }, // U+0169
    { 22, 25, 348, 0, 24, 138, 10467 }, // U+016A
    { 16, 18, 257, 0, 17, 72, 10605 }, // U+016B
    { 22, 26, 348, 0, 25, 143, 10677 }, // U+016C
    { 16, 20, 257, 0, 19, 80, 10820 }, // U+016D
    { 22, 26, 348, 0, 25, 143, 10900 }, // U+016E
    { 16, 21, 257, 0, 20, 84, 11043 }, // U+016F
    { 22, 26, 348, 0, 25, 143, 11127 }, // U+0170
    { 16, 21, 257, 0, 20, 84, 11270 }, // U+0171
    { 22, 29, 348, 0, 20, 160, 11354 }, // U+0172
    { 16, 22, 257, 0, 13, 88, 11514 }, // U+0173
    { 30, 26, 476, 0, 25, 195, 11602 }, // U+0174
    { 22, 21, 351, 0, 20, 116, 11797 }, // U+0175
    { 20, 26, 305, 0, 25, 130, 11913 }, // U+0176
    { 15, 29, 225, 0, 20, 109, 12043 }, // U+0177
    { 20, 26, 305, 0, 25, 130, 12152 }, // U+0178
    { 18, 26, 278, 0, 25, 117, 12282 }, // U+0179
    { 13, 21, 204, 0, 20, 69, 12399 }, // U+017A
    { 18, 26, 278, 0, 25, 117, 12468 }, // U+017B
    { 13, 20, 204, 0, 19, 65, 12585 }, // U+017C
    { 18, 26, 278, 0, 25, 117, 12650 }, // U+017D
    { 13, 21, 204, 0, 20, 69, 12767 }, // U+017E
    { 14, 22, 140, 0, 21, 77, 12836 }, // U+017F
    { 24, 23, 355, 0, 22, 138, 0 }, // U+01A0
    { 16, 17, 253, 0, 16, 68, 138 }, // U+01A1
    { 24, 25, 348, 0, 24, 150, 206 }, // U+01AF
    { 18, 18, 280, 0, 17, 81, 356 }, // U+01B0
    { 40, 26, 636, 0, 25, 260, 437 }, // U+01C4
    { 35, 21, 562, 0, 20, 184, 697 }, // U+01C5
    { 29, 22, 462, 0, 21, 160, 881 }, // U+01C6
    { 28, 26, 436, 0, 20, 182, 1041 }, // U+01C7
    { 24, 29, 393, 0, 20, 174, 1223 }, // U+01C8
    { 15, 30, 257, 0, 21, 113, 1397 }, // U+01C9
    { 34, 26, 536, 0, 20, 221, 1510 }, // U+01CA
    { 30, 29, 490, 0, 20, 218, 1731 }, // U+01CB
    { 23, 28, 382, 0, 19, 161, 1949 }, // U+01CC
    { 23, 26, 336, -1, 25, 150, 2110 }, // U+01CD
    { 13, 21, 204, 0, 20, 69, 2260 }, // U+01CE
    { 11, 26, 170, 0, 25, 72, 2329 }, // U+01CF
    { 9, 21, 138, 0, 20, 48, 2401 }, // U+01D0
    { 22, 26, 355, 0, 25, 143, 2449 }, // U+01D1
    { 14, 21, 235, 0, 20, 74, 2592 }, // U+01D2
    { 22, 26, 348, 0, 25, 143, 2666 }, // U+01D3
    { 16, 21, 257, 0, 20, 84, 2809 }, // U+01D4
    { 22, 29, 348, 0, 28, 160, 2893 }, // U+01D5
    { 16, 23, 257, 0, 22, 92, 3053 }, // U+01D6
    { 22, 30, 348, 0, 29, 165, 3145 }, // U+01D7
    { 16, 25, 257, 0, 24, 100, 3310 }, // U+01D8
    { 22, 30, 348, 0, 29, 165, 3410 }, // U+01D9
    { 16, 25, 257, 0, 24, 100, 3575 }, // U+01DA
    { 22, 30, 348, 0, 29, 165, 3675 }, // U+01DB
    { 16, 25, 257, 0, 24, 100, 3840 }, // U+01DC
    { 12, 14, 196, 0, 13, 42, 3940 }, // U+01DD
    { 23, 29, 336, -1, 28, 167, 3982 }, // U+01DE
    { 13, 23, 204, 0, 22, 75, 4149 }, // U+01DF
    { 23, 29, 336, -1, 28, 167, 4224 }, // U+01E0
    { 13, 23, 204, 0, 22, 75, 4391 }, // U+01E1
    { 28, 25, 424, -1, 24, 175, 4466 }, // U+01E2
    { 18, 18, 291, 0, 17, 81, 4641 }, // U+01E3
    { 21, 21, 343, 0, 20, 111, 4722 }, // U+01E4
    { 16, 22, 233, -1, 13, 88, 4833 }, // U+01E5
    { 21, 26, 336, 0, 25, 137, 4921 }, // U+01E6
    { 15, 29, 233, 0, 20, 109, 5058 }, // U+01E7
    { 23, 26, 356, 0, 25, 150, 5167 }, // U+01E8
    { 17, 25, 255, 0, 24, 107, 5317 }, // U+01E9
    { 22, 29, 355, 0, 20, 160, 5424 }, // U+01EA
    { 14, 22, 235, 0, 13, 77, 5584 }, // U+01EB
    { 22, 33, 355, 0, 24, 182, 5661 }, // U+01EC
    { 14, 26, 235, 0, 17, 91, 5843 }, // U+01ED
    { 14, 26, 257, 1, 25, 91, 5934 }, // U+01EE
    { 13, 29, 212, 0, 20, 95, 6025 }, // U+01EF
    { 10, 29, 124, -2, 20, 73, 6120 }, // U+01F0
    { 40, 22, 636, 0, 21, 220, 6193 }, // U+01F1
    { 35, 21, 562, 0, 20, 184, 6413 }, // U+01F2
    { 29, 22, 462, 0, 21, 160, 6597 }, // U+01F3
    { 21, 26, 336, 0, 25, 137, 6757 }, // U+01F4
    { 15, 29, 233, 0, 20, 109, 6894 }, // U+01F5
    { 28, 21, 445, 0, 20, 147, 7003 }, // U+01F6
    { 18, 26, 288, 0, 20, 117, 7150 }, // U+01F7
    { 24, 26, 378, 0, 25, 156, 7267 }, // U+01F8
    { 17, 21, 264, 0, 20, 90, 7423 }, // U+01F9
    { 23, 31, 336, -1, 30, 179, 7513 }, // U+01FA
    { 13, 25, 204, 0, 24, 82, 7692 }, // U+01FB
    { 28, 26, 424, -1, 25, 182, 7774 }, // U+01FC
    { 18, 21, 291, 0, 20, 95, 7956 }, // U+01FD
    { 22, 26, 356, 0, 25, 143, 8051 }, // U+01FE
    { 14, 21, 234, 0, 20, 74, 8194 }, // U+01FF
    { 23, 26, 336, -1, 25, 150, 8268 }, // U+0200
    { 13, 21, 204, 0, 20, 69, 8418 }, // U+0201
    { 23, 26, 336, -1, 25, 150, 8487 }, // U+0202
    { 13, 20, 204, 0, 19, 65, 8637 }, // U+0203
    { 17, 26, 268, 0, 25, 111, 8702 }, // U+0204
    { 12, 21, 195, 0, 20, 63, 8813 }, // U+0205
    { 17, 26, 268, 0, 25, 111, 8876 }, // U+0206
    { 12, 20, 195, 0, 19, 60, 8987 }, // U+0207
    { 14, 26, 170, -3, 25, 91, 9047 }, // U+0208
    { 12, 21, 138, -3, 20, 63, 9138 }, // U+0209
    { 11, 26, 170, 0, 25, 72, 9201 }, // U+020A
    { 9, 20, 138, 0, 19, 45, 9273 }, // U+020B
    { 22, 26, 355, 0, 25, 143, 9318 }, // U+020C
    { 14, 21, 235, 0, 20, 74, 9461 }, // U+020D
    { 22, 26, 355, 0, 25, 143, 9535 }, // U+020E
    { 14, 20, 235, 0, 19, 70, 9678 }, // U+020F
    { 23, 26, 355, 0, 25, 150, 9748 }, // U+0210
    { 12, 21, 193, 0, 20, 63, 9898 }, // U+0211
    { 23, 26, 355, 0, 25, 150, 9961 }, // U+0212
    { 12, 20, 193, 0, 19, 60, 10111 }, // U+0213
    { 22, 26, 348, 0, 25, 143, 10171 }, // U+0214
    { 16, 21, 257, 0, 20, 84, 10314 }, // U+0215
    { 22, 26, 348, 0, 25, 143, 10398 }, // U+0216
    { 16, 20, 257, 0, 19, 80, 10541 }, // U+0217
    { 14, 29, 227, 0, 20, 102, 10621 }, // U+0218
    { 10, 22, 168, 0, 13, 55, 10723 }, // U+0219
    { 21, 30, 324, 0, 21, 158, 10778 }, // U+021A
    { 11, 25, 175, 0, 16, 69, 10936 }, // U+021B
    { 17, 26, 259, -1, 20, 111, 11005 }, // U+021C
    { 13, 21, 203, 0, 13, 69, 11116 }, // U+021D
    { 23, 26, 374, 0, 25, 150, 11185 }, // U+021E
    { 16, 27, 261, 0, 26, 108, 11335 }, // U+021F
    { 6, 7, 0, -3, 20, 11, 0 }, // U+0300
    { 6, 7, 0, -3, 20, 11, 11 }, // U+0301
    { 8, 8, 0, -4, 20, 16, 22 }, // U+0302
    { 10, 6, 0, -5, 19, 15, 38 }, // U+0303
    { 10, 3, 0, -5, 17, 8, 53 }, // U+0304
    { 14, 4, 0, -7, 18, 14, 61 }, // U+0305
    { 8, 6, 0, -4, 19, 12, 75 }, // U+0306
    { 6, 6, 0, -3, 20, 9, 87 }, // U+0307
    { 10, 5, 0, -5, 19, 13, 96 }, // U+0308
    { 8, 7, 0, -4, 21, 14, 109 }, // U+0309
    { 8, 6, 0, -4, 20, 12, 123 }, // U+030A
    { 10, 7, 0, -5, 20, 18, 135 }, // U+030B
    { 8, 7, 0, -4, 20, 14, 153 }, // U+030C
    { 2, 7, 0, -1, 21, 4, 167 }, // U+030D
    { 6, 7, 0, -3, 21, 11, 171 }, // U+030E
    { 10, 7, 0, -5, 20, 18, 182 }, // U+030F
    { 12, 9, 0, -6, 21, 27, 200 }, // U+0310
    { 8, 6, 0, -4, 19, 12, 227 }, // U+0311
    { 6, 8, 0, -3, 21, 12, 239 }, // U+0312
    { 6, 7, 0, -3, 20, 11, 251 }, // U+0313
    { 6, 7, 0, -3, 20, 11, 262 }, // U+0314
    { 6, 8, 0, -3, 21, 12, 273 }, // U+0315
    { 6, 7, 0, -3, 0, 11, 285 }, // U+0316
    { 6, 7, 0, -3, 0, 11, 296 }, // U+0317
    { 6, 7, 0, -3, -1, 11, 307 }, // U+0318
    { 6, 7, 0, -3, -1, 11, 318 }, // U+0319
    { 6, 5, 0, -3, 20, 8, 329 }, // U+031A
    { 8, 6, 0, -4, 16, 12, 337 }, // U+031B
    { 4, 7, 0, -2, -2, 7, 349 }, // U+031C
    { 6, 6, 0, -3, -2, 9, 356 }, // U+031D
    { 6, 6, 0, -3, -2, 9, 365 }, // U+031E
    { 8, 7, 0, -4, -1, 14, 374 }, // U+031F
    { 8, 3, 0, -4, -3, 6, 388 }, // U+0320
    { 11, 13, 0, -4, 4, 36, 394 }, // U+0321
    { 11, 11, 0, 0, 2, 31, 430 }, // U+0322
    { 6, 5, 0, -3, -2, 8, 461 }, // U+0323
    { 10, 5, 0, -5, -1, 13, 469 }, // U+0324
    { 8, 6, 0, -4, -2, 12, 482 }, // U+0325
    { 6, 8, 0, -3, -1, 12, 494 }, // U+0326
    { 6, 9, 0, -3, 1, 14, 506 }, // U+0327
    { 8, 10, 0, -4, 1, 20, 520 }, // U+0328
    { 2, 7, 0, -1, -1, 4, 540 }, // U+0329
    { 8, 5, 0, -4, -3, 10, 544 }, // U+032A
    { 10, 5, 0, -5, -3, 13, 554 }, // U+032B
    { 8, 7, 0, -4, -1, 14, 567 }, // U+032C
    { 8, 8, 0, -4, -1, 16, 581 }, // U+032D
    { 8, 6, 0, -4, -1, 12, 597 }, // U+032E
    { 8, 5, 0, -4, -2, 10, 609 }, // U+032F
    { 11, 6, 0, -6, -1, 17, 619 }, // U+0330
    { 10, 3, 0, -5, -2, 8, 636 }, // U+0331
    { 14, 4, 0, -7, -1, 14, 644 }, // U+0332
    { 14, 7, 0, -7, -1, 25, 658 }, // U+0333
    { 14, 5, 0, -7, 12, 18, 683 }, // U+0334
    { 10, 2, 0, -5, 12, 5, 701 }, // U+0335
    { 14, 2, 0, -7, 12, 7, 706 }, // U+0336
    { 10, 18, 0, -5, 16, 45, 713 }, // U+0337
    { 12, 22, 0, -6, 20, 66, 758 }, // U+0338
    { 4, 6, 0, -2, -1, 6, 824 }, // U+0339
    { 8, 5, 0, -4, -3, 10, 830 }, // U+033A
    { 8, 7, 0, -4, -1, 14, 840 }, // U+033B
    { 10, 6, 0, -5, -2, 15, 854 }, // U+033C
    { 6, 6, 0, -3, 20, 9, 869 }, // U+033D
    { 4, 8, 0, -2, 21, 8, 878 }, // U+033E
    { 6, 7, 0, -3, 20, 11, 886 }, // U+0340
    { 4, 8, 0, -2, 20, 8, 897 }, // U+0341
    { 10, 5, 0, -5, 18, 13, 905 }, // U+0342
    { 6, 7, 0, -3, 20, 11, 918 }, // U+0343
    { 10, 10, 0, -5, 24, 25, 929 }, // U+0344
    { 6, 7, 0, -3, -1, 11, 954 }, // U+0345
    { 0, 0, 0, 0, 0, 0, 965 }, // U+034F
    { 4, 6, 0, -2, 19, 6, 965 }, // U+0351
    { 6, 6, 0, -3, -2, 9, 971 }, // U+0353
    { 4, 6, 0, -2, 20, 6, 980 }, // U+0357
    { 20, 5, 0, -10, 25, 25, 986 }, // U+035D
    { 20, 4, 0, -10, 24, 20, 1011 }, // U+0361
    { 7, 7, 0, 0, 21, 13, 1031 }, // U+0364
    { 18, 22, 243, -2, 21, 99, 0 }, // U+03BB
    { 17, 26, 268, 0, 25, 111, 0 }, // U+0400
    { 17, 26, 268, 0, 25, 111, 111 }, // U+0401
    { 23, 28, 382, 0, 21, 161, 222 }, // U+0402
    { 16, 26, 247, 0, 25, 104, 383 }, // U+0403
    { 18, 21, 309, 0, 20, 95, 487 }, // U+0404
    { 14, 21, 231, 0, 20, 74, 582 }, // U+0405
    { 11, 21, 170, 0, 20, 58, 656 }, // U+0406
    { 11, 26, 170, 0, 25, 72, 714 }, // U+0407
    { 14, 26, 173, -3, 20, 91, 786 }, // U+0408
    { 29, 21, 464, 0, 20, 153, 877 }, // U+0409
    { 30, 21, 478, 0, 20, 158, 1030 }, // U+040A
    { 24, 22, 379, 0, 21, 132, 1188 }, // U+040B
    { 21, 26, 329, 0, 25, 137, 1320 }, // U+040C
    { 24, 26, 386, 0, 25, 156, 1457 }, // U+040D
    { 21, 28, 314, -1, 26, 147, 1613 }, // U+040E
    { 23, 27, 366, 0, 20, 156, 1760 }, // U+040F
    { 23, 21, 336, -1, 20, 121, 1916 }, // U+0410
    { 18, 21, 295, 0, 20, 95, 2037 }, // U+0411
    { 18, 21, 292, 0, 20, 95, 2132 }, // U+0412
    { 16, 21, 247, 0, 20, 84, 2227 }, // U+0413
    { 21, 26, 335, 0, 20, 137, 2311 }, // U+0414
    { 17, 21, 268, 0, 20, 90, 2448 }, // U+0415
    { 32, 21, 487, -1, 20, 168, 2538 }, // U+0416
    { 15, 21, 260, 1, 20, 79, 2706 }, // U+0417
    { 24, 21, 386, 0, 20, 126, 2785 }, // U+0418
    { 24, 27, 386, 0, 26, 162, 2911 }, // U+0419
    { 21, 21, 329, 0, 20, 111, 3073 }, // U+041A
    { 22, 21, 346, 0, 20, 116, 3184 }, // U+041B
    { 27, 21, 428, 0, 20, 142, 3300 }, // U+041C
    { 23, 21, 374, 0, 20, 121, 3442 }, // U+041D
    { 22, 21, 355, 0, 20, 116, 3563 }, // U+041E
    { 23, 21, 369, 0, 20, 121, 3679 }, // U+041F
    { 17, 21, 283, 0, 20, 90, 3800 }, // U+0420
    { 20, 21, 331, 0, 20, 105, 3890 }, // U+0421
    { 21, 22, 324, 0, 21, 116, 3995 }, // U+0422
    { 21, 22, 314, -1, 20, 116, 4111 }, // U+0423
    { 23, 22, 372, 0, 21, 127, 4227 }, // U+0424
    { 23, 21, 350, -1, 20, 121, 4354 }, // U+0425
    { 23, 26, 365, 0, 20, 150, 4475 }, // U+0426
    { 21, 21, 340, 0, 20, 111, 4625 }, // U+0427
    { 31, 21, 490, 0, 20, 163, 4736 }, // U+0428
    { 31, 26, 490, 0, 20, 202, 4899 }, // U+0429
    { 21, 21, 346, 0, 20, 111, 5101 }, // U+042A
    { 27, 21, 433, 0, 20, 142, 5212 }, // U+042B
    { 18, 21, 288, 0, 20, 95, 5354 }, // U+042C
    { 18, 21, 309, 1, 20, 95, 5449 }, // U+042D
    { 30, 21, 483, 0, 20, 158, 5544 }, // U+042E
    { 22, 21, 333, -1, 20, 116, 5702 }, // U+042F
    { 13, 14, 204, 0, 13, 46, 5818 }, // U+0430
    { 13, 22, 234, 1, 21, 72, 5864 }, // U+0431
    { 14, 14, 225, 0, 13, 49, 5936 }, // U+0432
    { 12, 14, 185, 0, 13, 42, 5985 }, // U+0433
    { 15, 18, 246, 0, 13, 68, 6027 }, // U+0434
    { 12, 14, 195, 0, 13, 42, 6095 }, // U+0435
    { 24, 14, 375, 0, 13, 84, 6137 }, // U+0436
    { 12, 14, 197, 0, 13, 42, 6221 }, // U+0437
    { 17, 14, 274, 0, 13, 60, 6263 }, // U+0438
    { 17, 20, 274, 0, 19, 85, 6323 }, // U+0439
    { 16, 14, 258, 0, 13, 56, 6408 }, // U+043A
    { 16, 14, 258, 0, 13, 56, 6464 }, // U+043B
    { 20, 14, 315, 0, 13, 70, 6520 }, // U+043C
    { 17, 14, 270, 0, 13, 60, 6590 }, // U+043D
    { 14, 14, 235, 0, 13, 49, 6650 }, // U+043E
    { 16, 14, 264, 0, 13, 56, 6699 }, // U+043F
    { 16, 21, 257, 0, 13, 84, 6755 }, // U+0440
    { 12, 14, 192, 0, 13, 42, 6839 }, // U+0441
    { 13, 14, 210, 0, 13, 46, 6881 }, // U+0442
    { 15, 22, 225, 0, 13, 83, 6927 }, // U+0443
    { 17, 27, 282, 0, 19, 115, 7010 }, // U+0444
    { 15, 14, 236, 0, 13, 53, 7125 }, // U+0445
    { 17, 18, 273, 0, 13, 77, 7178 }, // U+0446
    { 16, 14, 263, 0, 13, 56, 7255 }, // U+0447
    { 24, 14, 378, 0, 13, 84, 7311 }, // U+0448
    { 24, 18, 385, 0, 13, 108, 7395 }, // U+0449
    { 16, 14, 259, 0, 13, 56, 7503 }, // U+044A
    { 21, 14, 336, 0, 13, 74, 7559 }, // U+044B
    { 13, 14, 218, 0, 13, 46, 7633 }, // U+044C
    { 12, 14, 198, 0, 13, 42, 7679 }, // U+044D
    { 21, 14, 339, 0, 13, 74, 7721 }, // U+044E
    { 16, 14, 250, -1, 13, 56, 7795 }, // U+044F
    { 12, 21, 195, 0, 20, 63, 7851 }, // U+0450
    { 12, 20, 195, 0, 19, 60, 7914 }, // U+0451
    { 15, 28, 248, 0, 21, 105, 7974 }, // U+0452
    { 12, 21, 185, 0, 20, 63, 8079 }, // U+0453
    { 12, 14, 195, 0, 13, 42, 8142 }, // U+0454
    { 10, 14, 168, 0, 13, 35, 8184 }, // U+0455
    { 9, 20, 138, 0, 19, 45, 8219 }, // U+0456
    { 11, 20, 138, -1, 19, 55, 8264 }, // U+0457
    { 9, 28, 124, -2, 19, 63, 8319 }, // U+0458
    { 21, 14, 334, 0, 13, 74, 8382 }, // U+0459
    { 21, 14, 343, 0, 13, 74, 8456 }, // U+045A
    { 16, 22, 262, 0, 21, 88, 8530 }, // U+045B
    { 16, 21, 258, 0, 20, 84, 8618 }, // U+045C
    { 17, 21, 274, 0, 20, 90, 8702 }, // U+045D
    { 15, 28, 225, 0, 19, 105, 8792 }, // U+045E
    { 16, 18, 264, 0, 13, 72, 8897 }, // U+045F
    { 21, 21, 344, 0, 20, 111, 8969 }, // U+0462
    { 15, 22, 253, 0, 21, 83, 9080 }, // U+0463
    { 32, 21, 478, -1, 20, 168, 9163 }, // U+046A
    { 24, 14, 373, 0, 13, 84, 9331 }, // U+046B
    { 26, 21, 402, 0, 20, 137, 9415 }, // U+0470
    { 22, 21, 355, 0, 20, 116, 9552 }, // U+0472
    { 15, 14, 241, 0, 13, 53, 9668 }, // U+0473
    { 21, 21, 329, 0, 20, 111, 9721 }, // U+0474
    { 16, 15, 236, 0, 14, 60, 9832 }, // U+0475
    { 21, 26, 329, 0, 25, 137, 9892 }, // U+0476
    { 16, 21, 236, 0, 20, 84, 10029 }, // U+0477
    { 24, 32, 386, 0, 26, 192, 10113 }, // U+048A
    { 17, 24, 274, 0, 19, 102, 10305 }, // U+048B
    { 19, 21, 302, 0, 20, 100, 10407 }, // U+048C
    { 15, 22, 253, 0, 21, 83, 10507 }, // U+048D
    { 17, 21, 283, 0, 20, 90, 10590 }, // U+048E
    { 16, 21, 257, 0, 13, 84, 10680 }, // U+048F
    { 15, 24, 247, 0, 23, 90, 10764 }, // U+0490
    { 12, 17, 183, 0, 16, 51, 10854 }, // U+0491
    { 16, 21, 247, 0, 20, 84, 10905 }, // U+0492
    { 12, 14, 192, 0, 13, 42, 10989 }, // U+0493
    { 19, 27, 319, 0, 20, 129, 11031 }, // U+0494
    { 15, 21, 239, 0, 13, 79, 11160 }, // U+0495
    { 32, 26, 487, -1, 20, 208, 11239 }, // U+0496
    { 24, 18, 375, 0, 13, 108, 11447 }, // U+0497
    { 15, 28, 260, 1, 20, 105, 11555 }, // U+0498
    { 12, 21, 197, 0, 13, 63, 11660 }, // U+0499
    { 21, 26, 329, 0, 20, 137, 11723 }, // U+049A
    { 16, 18, 258, 0, 13, 72, 11860 }, // U+049B
    { 23, 21, 361, 0, 20, 121, 11932 }, // U+049C
    { 18, 14, 284, 0, 13, 63, 12053 }, // U+049D
    { 23, 21, 357, 0, 20, 121, 12116 }, // U+049E
    { 18, 22, 288, 0, 21, 99, 12237 }, // U+049F
    { 25, 21, 389, 0, 20, 132, 12336 }, // U+04A0
    { 19, 14, 297, 0, 13, 67, 12468 }, // U+04A1
    { 24, 26, 378, 0, 20, 156, 12535 }, // U+04A2
    { 17, 18, 270, 0, 13, 77, 12691 }, // U+04A3
    { 28, 22, 446, 0, 21, 154, 12768 }, // U+04A4
    { 20, 14, 314, 0, 13, 70, 12922 }, // U+04A5
    { 30, 27, 492, 0, 20, 203, 12992 }, // U+04A6
    { 22, 21, 359, 0, 13, 116, 13195 }, // U+04A7
    { 21, 21, 339, 0, 20, 111, 13311 }, // U+04A8
    { 16, 14, 249, 0, 13, 56, 13422 }, // U+04A9
    { 20, 29, 331, 0, 20, 145, 13478 }, // U+04AA
    { 12, 21, 192, 0, 13, 63, 13623 }, // U+04AB
    { 21, 27, 324, 0, 21, 142, 13686 }, // U+04AC
    { 13, 18, 210, 0, 13, 59, 13828 }, // U+04AD
    { 20, 21, 305, 0, 20, 105, 13887 }, // U+04AE
    { 15, 22, 225, 0, 13, 83, 13992 }, // U+04AF
    { 20, 21, 305, 0, 20, 105, 14075 }, // U+04B0
    { 15, 22, 225, 0, 13, 83, 14180 }, // U+04B1
    { 23, 26, 350, -1, 20, 150, 14263 }, // U+04B2
    { 15, 18, 236, 0, 13, 68, 14413 }, // U+04B3
    { 27, 27, 431, 0, 21, 183, 14481 }, // U+04B4
    { 21, 18, 327, 0, 13, 95, 14664 }, // U+04B5
    { 21, 26, 342, 0, 20, 137, 14759 }, // U+04B6
    { 16, 18, 263, 0, 13, 72, 14896 }, // U+04B7
    { 22, 21, 350, 0, 20, 116, 14968 }, // U+04B8
    { 17, 14, 276, 0, 13, 60, 15084 }, // U+04B9
    { 21, 21, 339, 0, 20, 111, 15144 }, // U+04BA
    { 16, 22, 261, 0, 21, 88, 15255 }, // U+04BB
    { 23, 21, 376, 0, 20, 121, 15343 }, // U+04BC
    { 14, 15, 235, 0, 14, 53, 15464 }, // U+04BD
    { 23, 30, 376, 0, 25, 173, 15517 }, // U+04BE
    { 15, 24, 234, 0, 19, 90, 15690 }, // U+04BF
    { 11, 21, 170, 0, 20, 58, 15780 }, // U+04C0
    { 32, 27, 487, -1, 26, 216, 15838 }, // U+04C1
    { 24, 20, 375, 0, 19, 120, 16054 }, // U+04C2
    { 20, 26, 321, 0, 20, 130, 16174 }, // U+04C3
    { 15, 22, 248, 0, 13, 83, 16304 }, // U+04C4
    { 22, 26, 346, 0, 20, 143, 16387 }, // U+04C5
    { 16, 18, 258, 0, 13, 72, 16530 }, // U+04C6
    { 23, 27, 368, 0, 20, 156, 16602 }, // U+04C7
    { 17, 22, 266, 0, 13, 94, 16758 }, // U+04C8
    { 23, 26, 374, 0, 20, 150, 16852 }, // U+04C9
    { 17, 18, 270, 0, 13, 77, 17002 }, // U+04CA
    { 21, 26, 340, 0, 20, 137, 17079 }, // U+04CB
    { 16, 18, 263, 0, 13, 72, 17216 }, // U+04CC
    { 27, 26, 428, 0, 20, 176, 17288 }, // U+04CD
    { 20, 18, 315, 0, 13, 90, 17464 }, // U+04CE
    { 8, 22, 133, 0, 21, 44, 17554 }, // U+04CF
    { 23, 27, 336, -1, 26, 156, 17598 }, // U+04D0
    { 13, 20, 204, 0, 19, 65, 17754 }, // U+04D1
    { 23, 26, 336, -1, 25, 150, 17819 }, // U+04D2
    { 13, 20, 204, 0, 19, 65, 17969 }, // U+04D3
    { 28, 21, 424, -1, 20, 147, 18034 }, // U+04D4
    { 18, 14, 291, 0, 13, 63, 18181 }, // U+04D5
    { 17, 27, 268, 0, 26, 115, 18244 }, // U+04D6
    { 12, 20, 195, 0, 19, 60, 18359 }, // U+04D7
    { 19, 21, 314, 0, 20, 100, 18419 }, // U+04D8
    { 12, 14, 196, 0, 13, 42, 18519 }, // U+04D9
    { 19, 26, 314, 0, 25, 124, 18561 }, // U+04DA
    { 12, 20, 196, 0, 19, 60, 18685 }, // U+04DB
    { 32, 26, 487, -1, 25, 208, 18745 }, // U+04DC
    { 24, 20, 375, 0, 19, 120, 18953 }, // U+04DD
    { 15, 26, 260, 1, 25, 98, 19073 }, // U+04DE
    { 12, 20, 197, 0, 19, 60, 19171 }, // U+04DF
    { 14, 21, 257, 1, 20, 74, 19231 }, // U+04E0
    { 13, 22, 212, 0, 13, 72, 19305 }, // U+04E1
    { 24, 25, 386, 0, 24, 150, 19377 }, // U+04E2
    { 17, 18, 274, 0, 17, 77, 19527 }, // U+04E3
    { 24, 26, 386, 0, 25, 156, 19604 }, // U+04E4
    { 17, 20, 274, 0, 19, 85, 19760 }, // U+04E5
    { 22, 26, 355, 0, 25, 143, 19845 }, // U+04E6
    { 14, 20, 235, 0, 19, 70, 19988 }, // U+04E7
    { 22, 21, 355, 0, 20, 116, 20058 }, // U+04E8
    { 14, 14, 235, 0, 13, 49, 20174 }, // U+04E9
    { 22, 26, 355, 0, 25, 143, 20223 }, // U+04EA
    { 14, 20, 235, 0, 19, 70, 20366 }, // U+04EB
    { 18, 26, 309, 1, 25, 117, 20436 }, // U+04EC
    { 12, 20, 198, 0, 19, 60, 20553 }, // U+04ED
    { 21, 26, 314, -1, 24, 137, 20613 }, // U+04EE
    { 15, 26, 225, 0, 17, 98, 20750 }, // U+04EF
    { 21, 27, 314, -1, 25, 142, 20848 }, // U+04F0
    { 15, 28, 225, 0, 19, 105, 20990 }, // U+04F1
    { 21, 27, 314, -1, 25, 142, 21095 }, // U+04F2
    { 15, 29, 225, 0, 20, 109, 21237 }, // U+04F3
    { 21, 26, 340, 0, 25, 137, 21346 }, // U+04F4
    { 16, 20, 263, 0, 19, 80, 21483 }, // U+04F5
    { 16, 26, 247, 0, 20, 104, 21563 }, // U+04F6
    { 12, 18, 185, 0, 13, 54, 21667 }, // U+04F7
    { 27, 26, 433, 0, 25, 176, 21721 }, // U+04F8
    { 21, 20, 336, 0, 19, 105, 21897 }, // U+04F9
    { 19, 26, 255, -3, 20, 124, 22002 }, // U+04FA
    { 13, 22, 186, -1, 13, 72, 22126 }, // U+04FB
    { 23, 29, 350, -1, 20, 167, 22198 }, // U+04FC
    { 14, 22, 221, 0, 13, 77, 22365 }, // U+04FD
    { 23, 21, 359, 0, 20, 121, 22442 }, // U+04FE
    { 15, 14, 245, 0, 13, 53, 22563 }, // U+04FF
    { 23, 27, 336, -1, 20, 156, 0 }, // U+1EA0
    { 13, 20, 204, 0, 13, 65, 156 }, // U+1EA1
    { 23, 26, 336, -1, 25, 150, 221 }, // U+1EA2
    { 13, 22, 204, 0, 21, 72, 371 }, // U+1EA3
    { 23, 28, 336, -1, 27, 161, 443 }, // U+1EA4
    { 14, 24, 204, 0, 23, 84, 604 }, // U+1EA5
    { 23, 28, 336, -1, 27, 161, 688 }, // U+1EA6
    { 13, 24, 204, 0, 23, 78, 849 }, // U+1EA7
    { 23, 28, 336, -1, 27, 161, 927 }, // U+1EA8
    { 14, 24, 204, 0, 23, 84, 1088 }, // U+1EA9
    { 23, 30, 336, -1, 29, 173, 1172 }, // U+1EAA
    { 13, 24, 204, 0, 23, 78, 1345 }, // U+1EAB
    { 23, 32, 336, -1, 25, 184, 1423 }, // U+1EAC
    { 13, 27, 204, 0, 20, 88, 1607 }, // U+1EAD
    { 23, 29, 336, -1, 28, 167, 1695 }, // U+1EAE
    { 13, 23, 204, 0, 22, 75, 1862 }, // U+1EAF
    { 23, 29, 336, -1, 28, 167, 1937 }, // U+1EB0
    { 13, 23, 204, 0, 22, 75, 2104 }, // U+1EB1
    { 23, 29, 336, -1, 28, 167, 2179 }, // U+1EB2
    { 13, 23, 204, 0, 22, 75, 2346 }, // U+1EB3
    { 23, 31, 336, -1, 30, 179, 2421 }, // U+1EB4
    { 13, 23, 204, 0, 22, 75, 2600 }, // U+1EB5
    { 23, 32, 336, -1, 25, 184, 2675 }, // U+1EB6
    { 13, 26, 204, 0, 19, 85, 2859 }, // U+1EB7
    { 17, 27, 268, 0, 20, 115, 2944 }, // U+1EB8
    { 12, 20, 195, 0, 13, 60, 3059 }, // U+1EB9
    { 17, 26, 268, 0, 25, 111, 3119 }, // U+1EBA
    { 12, 22, 195, 0, 21, 66, 3230 }, // U+1EBB
    { 17, 26, 268, 0, 25, 111, 3296 }, // U+1EBC
    { 12, 20, 195, 0, 19, 60, 3407 }, // U+1EBD
    { 17, 28, 264, 0, 27, 119, 3467 }, // U+1EBE
    { 13, 24, 195, 0, 23, 78, 3586 }, // U+1EBF
    { 18, 28, 264, -1, 27, 126, 3664 }, // U+1EC0
    { 12, 24, 195, 0, 23, 72, 3790 }, // U+1EC1
    { 17, 27, 264, 0, 26, 115, 3862 }, // U+1EC2
    { 14, 24, 195, 0, 23, 84, 3977 }, // U+1EC3
    { 17, 30, 264, 0, 29, 128, 4061 }, // U+1EC4
    { 12, 24, 195, 0, 23, 72, 4189 }, // U+1EC5
    { 17, 32, 268, 0, 25, 136, 4261 }, // U+1EC6
    { 12, 27, 195, 0, 20, 81, 4397 }, // U+1EC7
    { 11, 26, 170, 0, 25, 72, 4478 }, // U+1EC8
    { 9, 22, 138, 0, 21, 50, 4550 }, // U+1EC9
    { 11, 27, 170, 0, 20, 75, 4600 }, // U+1ECA
    { 9, 26, 138, 0, 19, 59, 4675 }, // U+1ECB
    { 22, 27, 355, 0, 20, 149, 4734 }, // U+1ECC
    { 14, 20, 235, 0, 13, 70, 4883 }, // U+1ECD
    { 22, 26, 355, 0, 25, 143, 4953 }, // U+1ECE
    { 14, 22, 235, 0, 21, 77, 5096 }, // U+1ECF
    { 22, 28, 355, 0, 27, 154, 5173 }, // U+1ED0
    { 14, 24, 235, 0, 23, 84, 5327 }, // U+1ED1
    { 22, 28, 355, 0, 27, 154, 5411 }, // U+1ED2
    { 14, 24, 235, 0, 23, 84, 5565 }, // U+1ED3
    { 22, 27, 355, 0, 26, 149, 5649 }, // U+1ED4
    { 14, 24, 235, 0, 23, 84, 5798 }, // U+1ED5
    { 22, 30, 355, 0, 29, 165, 5882 }, // U+1ED6
    { 14, 24, 235, 0, 23, 84, 6047 }, // U+1ED7
    { 22, 32, 355, 0, 25, 176, 6131 }, // U+1ED8
    { 14, 27, 235, 0, 20, 95, 6307 }, // U+1ED9
    { 24, 26, 355, 0, 25, 156, 6402 }, // U+1EDA
    { 16, 21, 253, 0, 20, 84, 6558 }, // U+1EDB
    { 24, 26, 355, 0, 25, 156, 6642 }, // U+1EDC
    { 16, 21, 253, 0, 20, 84, 6798 }, // U+1EDD
    { 24, 26, 355, 0, 25, 156, 6882 }, // U+1EDE
    { 16, 22, 253, 0, 21, 88, 7038 }, // U+1EDF
    { 24, 26, 355, 0, 25, 156, 7126 }, // U+1EE0
    { 16, 20, 253, 0, 19, 80, 7282 }, // U+1EE1
    { 24, 29, 355, 0, 22, 174, 7362 }, // U+1EE2
    { 16, 23, 253, 0, 16, 92, 7536 }, // U+1EE3
    { 22, 27, 348, 0, 20, 149, 7628 }, // U+1EE4
    { 16, 20, 257, 0, 13, 80, 7777 }, // U+1EE5
    { 22, 26, 348, 0, 25, 143, 7857 }, // U+1EE6
    { 16, 22, 257, 0, 21, 88, 8000 }, // U+1EE7
    { 24, 26, 348, 0, 25, 156, 8088 }, // U+1EE8
    { 18, 21, 280, 0, 20, 95, 8244 }, // U+1EE9
    { 24, 26, 348, 0, 25, 156, 8339 }, // U+1EEA
    { 18, 21, 280, 0, 20, 95, 8495 }, // U+1EEB
    { 24, 26, 348, 0, 25, 156, 8590 }, // U+1EEC
    { 18, 22, 280, 0, 21, 99, 8746 }, // U+1EED
    { 24, 26, 348, 0, 25, 156, 8845 }, // U+1EEE
    { 18, 20, 280, 0, 19, 90, 9001 }, // U+1EEF
    { 24, 31, 348, 0, 24, 186, 9091 }, // U+1EF0
    { 18, 24, 280, 0, 17, 108, 9277 }, // U+1EF1
    { 20, 26, 305, 0, 25, 130, 9385 }, // U+1EF2
    { 15, 29, 225, 0, 20, 109, 9515 }, // U+1EF3
    { 20, 27, 305, 0, 20, 135, 9624 }, // U+1EF4
    { 15, 22, 225, 0, 13, 83, 9759 }, // U+1EF5
    { 20, 26, 305, 0, 25, 130, 9842 }, // U+1EF6
    { 15, 30, 225, 0, 21, 113, 9972 }, // U+1EF7
    { 20, 26, 305, 0, 25, 130, 10085 }, // U+1EF8
    { 15, 28, 225, 0, 19, 105, 10215 }, // U+1EF9
    { 0, 0, 272, 0, 0, 0, 0 }, // U+2000
    { 0, 0, 314, 0, 0, 0, 0 }, // U+2001
    { 0, 0, 272, 0, 0, 0, 0 }, // U+2002
    { 0, 0, 314, 0, 0, 0, 0 }, // U+2003
    { 0, 0, 258, 0, 0, 0, 0 }, // U+2004
    { 0, 0, 251, 0, 0, 0, 0 }, // U+2005
    { 0, 0, 244, 0, 0, 0, 0 }, // U+2006
    { 0, 0, 274, 0, 0, 0, 0 }, // U+2007
    { 0, 0, 249, 0, 0, 0, 0 }, // U+2008
    { 0, 0, 238, 0, 0, 0, 0 }, // U+2009
    { 0, 0, 231, 0, 0, 0, 0 }, // U+200A
    { 0, 0, 0, 0, 0, 0, 0 }, // U+200B
    { 0, 0, 0, 0, 0, 0, 0 }, // U+200C
    { 0, 0, 0, 0, 0, 0, 0 }, // U+200D
    { 0, 0, 0, 0, 0, 0, 0 }, // U+200E
    { 0, 0, 0, 0, 0, 0, 0 }, // U+200F
    { 9, 4, 147, 0, 8, 9, 0 }, // U+2010
    { 9, 4, 147, 0, 8, 9, 9 }, // U+2011
    { 19, 3, 307, 0, 8, 15, 18 }, // U+2012
    { 17, 3, 295, 1, 8, 13, 33 }, // U+2013
    { 28, 3, 448, 0, 8, 21, 46 }, // U+2014
    { 64, 3, 1029, 0, 8, 48, 67 }, // U+2015
    { 9, 30, 211, 2, 21, 68, 115 }, // U+2016
    { 7, 9, 112, 0, 21, 16, 183 }, // U+2018
    { 7, 9, 112, 0, 21, 16, 199 }, // U+2019
    { 7, 9, 112, 0, 4, 16, 215 }, // U+201A
    { 13, 9, 205, 0, 21, 30, 231 }, // U+201C
    { 13, 9, 205, 0, 21, 30, 261 }, // U+201D
    { 13, 9, 205, 0, 4, 30, 291 }, // U+201E
    { 14, 24, 227, 0, 20, 84, 321 }, // U+2020
    { 14, 25, 227, 0, 20, 88, 405 }, // U+2021
    { 9, 10, 174, 1, 15, 23, 493 }, // U+2022
    { 5, 5, 115, 1, 4, 7, 516 }, // U+2024
    { 13, 5, 239, 1, 4, 17, 523 }, // U+2025
    { 20, 5, 348, 1, 4, 25, 540 }, // U+2026
    { 4, 5, 92, 1, 13, 5, 565 }, // U+2027
    { 0, 0, 0, 0, 0, 0, 570 }, // U+202A
    { 0, 0, 0, 0, 0, 0, 570 }, // U+202B
    { 0, 0, 0, 0, 0, 0, 570 }, // U+202C
    { 0, 0, 0, 0, 0, 0, 570 }, // U+202D
    { 0, 0, 0, 0, 0, 0, 570 }, // U+202E
    { 29, 22, 477, 0, 20, 160, 570 }, // U+2030
    { 5, 8, 89, 0, 20, 10, 730 }, // U+2032
    { 9, 8, 153, 0, 20, 18, 740 }, // U+2033
    { 13, 8, 218, 0, 20, 26, 758 }, // U+2034
    { 5, 8, 88, 0, 20, 10, 784 }, // U+2035
    { 9, 8, 152, 0, 20, 18, 794 }, // U+2036
    { 13, 8, 217, 0, 20, 26, 812 }, // U+2037
    { 9, 13, 174, 1, 13, 30, 838 }, // U+2039
    { 9, 13, 174, 1, 13, 30, 868 }, // U+203A
    { 12, 20, 242, 2, 19, 60, 898 }, // U+203C
    { 10, 21, 183, 1, 20, 53, 958 }, // U+203D
    { 15, 3, 266, 1, 19, 12, 1011 }, // U+203E
    { 15, 21, 23, -7, 20, 79, 1023 }, // U+2044
    { 18, 21, 324, 1, 20, 95, 1102 }, // U+2047
    { 15, 21, 285, 1, 20, 79, 1197 }, // U+2048
    { 15, 21, 285, 2, 20, 79, 1276 }, // U+2049
    { 18, 29, 293, 0, 19, 131, 1355 }, // U+204B
    { 10, 11, 167, 0, 10, 28, 1486 }, // U+204E
    { 17, 8, 282, 0, 20, 34, 1514 }, // U+2057
    { 0, 0, 0, 0, 0, 0, 1548 }, // U+2060
    { 0, 0, 0, 0, 0, 0, 1548 }, // U+2061
    { 0, 0, 0, 0, 0, 0, 1548 }, // U+2062
    { 0, 0, 0, 0, 0, 0, 1548 }, // U+2063
    { 0, 0, 0, 0, 0, 0, 1548 }, // U+2064
    { 0, 0, 0, 0, 0, 0, 1548 }, // U+2066
    { 0, 0, 0, 0, 0, 0, 1548 }, // U+2067
    { 0, 0, 0, 0, 0, 0, 1548 }, // U+2068
    { 0, 0, 0, 0, 0, 0, 1548 }, // U+2069
    { 0, 0, 0, 0, 0, 0, 1548 }, // U+206A
    { 0, 0, 0, 0, 0, 0, 1548 }, // U+206B
    { 0, 0, 0, 0, 0, 0, 1548 }, // U+206C
    { 0, 0, 0, 0, 0, 0, 1548 }, // U+206D
    { 0, 0, 0, 0, 0, 0, 1548 }, // U+206E
    { 0, 0, 0, 0, 0, 0, 1548 }, // U+206F
    { 10, 11, 160, 0, 23, 28, 0 }, // U+2070
    { 7, 14, 112, 0, 22, 25, 28 }, // U+2071
    { 10, 12, 155, 0, 24, 30, 53 }, // U+2074
    { 8, 12, 135, 0, 24, 24, 83 }, // U+2075
    { 9, 12, 147, 0, 24, 27, 107 }, // U+2076
    { 9, 11, 143, 0, 23, 25, 134 }, // U+2077
    { 9, 12, 147, 0, 24, 27, 159 }, // U+2078
    { 9, 11, 156, 0, 23, 25, 186 }, // U+2079
    { 11, 11, 194, 1, 23, 31, 211 }, // U+207A
    { 11, 3, 181, 0, 19, 9, 242 }, // U+207B
    { 10, 6, 186, 1, 21, 15, 251 }, // U+207C
    { 6, 17, 93, 0, 26, 26, 266 }, // U+207D
    { 6, 17, 93, 0, 26, 26, 292 }, // U+207E
    { 12, 9, 197, 0, 17, 27, 318 }, // U+207F
    { 10, 11, 160, 0, 6, 28, 345 }, // U+2080
    { 7, 11, 116, 0, 7, 20, 373 }, // U+2081
    { 10, 10, 159, 0, 6, 25, 393 }, // U+2082
    { 8, 10, 138, 0, 6, 20, 418 }, // U+2083
    { 10, 12, 155, 0, 7, 30, 438 }, // U+2084
    { 8, 12, 135, 0, 7, 24, 468 }, // U+2085
    { 9, 12, 147, 0, 7, 27, 492 }, // U+2086
    { 9, 11, 143, 0, 6, 25, 519 }, // U+2087
    { 9, 12, 147, 0, 7, 27, 544 }, // U+2088
    { 9, 11, 156, 0, 6, 25, 571 }, // U+2089
    { 11, 11, 194, 1, 6, 31, 596 }, // U+208A
    { 11, 3, 180, 0, 2, 9, 627 }, // U+208B
    { 10, 6, 186, 1, 4, 15, 636 }, // U+208C
    { 6, 17, 93, 0, 9, 26, 651 }, // U+208D
    { 6, 17, 93, 0, 9, 26, 677 }, // U+208E
    { 10, 9, 159, 0, 4, 23, 703 }, // U+2090
    { 9, 9, 151, 0, 4, 21, 726 }, // U+2091
    { 11, 9, 177, 0, 4, 25, 747 }, // U+2092
    { 11, 9, 174, 0, 4, 25, 772 }, // U+2093
    { 9, 9, 141, 0, 3, 21, 797 }, // U+2094
    { 12, 14, 194, 0, 10, 42, 818 }, // U+2095
    { 13, 14, 197, 0, 10, 46, 860 }, // U+2096
    { 7, 14, 108, 0, 10, 25, 906 }, // U+2097
    { 17, 9, 275, 0, 5, 39, 931 }, // U+2098
    { 12, 9, 197, 0, 5, 27, 970 }, // U+2099
    { 12, 14, 192, 0, 5, 42, 997 }, // U+209A
    { 8, 9, 132, 0, 5, 18, 1039 }, // U+209B
    { 8, 11, 134, 0, 7, 22, 1057 }, // U+209C
    { 20, 25, 331, 0, 22, 125, 0 }, // U+20A1
    { 16, 21, 263, 0, 20, 84, 125 }, // U+20A3
    { 18, 21, 265, -1, 19, 95, 209 }, // U+20A4
    { 19, 22, 301, 0, 17, 105, 304 }, // U+20A5
    { 25, 21, 386, 0, 20, 132, 409 }, // U+20A6
    { 20, 21, 313, 0, 20, 105, 541 }, // U+20A7
    { 27, 21, 430, 0, 20, 142, 646 }, // U+20A8
    { 30, 21, 476, 0, 20, 158, 788 }, // U+20A9
    { 15, 23, 234, 0, 20, 87, 946 }, // U+20AB
    { 21, 21, 344, 0, 20, 111, 1033 }, // U+20AC
    { 23, 21, 356, 0, 20, 121, 1144 }, // U+20AD
    { 21, 22, 324, 0, 21, 116, 1265 }, // U+20AE
    { 20, 21, 298, 0, 20, 105, 1381 }, // U+20B1
    { 21, 26, 336, 0, 22, 137, 1486 }, // U+20B2
    { 16, 21, 258, 0, 20, 84, 1623 }, // U+20B4
    { 20, 25, 331, 0, 22, 125, 1707 }, // U+20B5
    { 18, 21, 284, 0, 20, 95, 1832 }, // U+20B8
    { 15, 21, 246, 0, 20, 79, 1927 }, // U+20B9
    { 16, 21, 257, 0, 20, 84, 2006 }, // U+20BA
    { 22, 22, 348, 0, 21, 121, 2090 }, // U+20BC
    { 18, 21, 287, 0, 20, 95, 2211 }, // U+20BD
    { 12, 22, 188, 0, 21, 66, 0 }, // U+2113
    { 29, 13, 472, 0, 15, 95, 0 }, // U+2190
    { 13, 27, 209, 0, 21, 88, 95 }, // U+2191
    { 28, 13, 472, 1, 15, 91, 183 }, // U+2192
    { 13, 27, 208, 0, 21, 88, 274 }, // U+2193
    { 29, 13, 470, 0, 15, 95, 362 }, // U+2194
    { 13, 26, 205, 0, 20, 85, 457 }, // U+2195
    { 22, 23, 358, 0, 17, 127, 542 }, // U+2196
    { 23, 22, 364, 0, 17, 127, 669 }, // U+2197
    { 22, 22, 358, 0, 17, 121, 796 }, // U+2198
    { 23, 22, 364, 0, 17, 127, 917 }, // U+2199
    { 29, 22, 472, 0, 20, 160, 1044 }, // U+219A
    { 28, 22, 472, 1, 20, 154, 1204 }, // U+219B
    { 29, 13, 472, 0, 15, 95, 1358 }, // U+219E
    { 13, 26, 208, 0, 20, 85, 1453 }, // U+219F
    { 28, 13, 472, 1, 15, 91, 1538 }, // U+21A0
    { 13, 26, 208, 0, 20, 85, 1629 }, // U+21A1
    { 27, 13, 434, 0, 15, 88, 1714 }, // U+21A2
    { 29, 22, 470, 0, 20, 160, 1802 }, // U+21AE
    { 28, 13, 451, 0, 15, 91, 1962 }, // U+21D0
    { 13, 27, 208, 0, 21, 88, 2053 }, // U+21D1
    { 27, 13, 451, 1, 15, 88, 2141 }, // U+21D2
    { 13, 27, 208, 0, 20, 88, 2229 }, // U+21D3
    { 29, 13, 469, 0, 15, 95, 2317 }, // U+21DA
    { 28, 13, 469, 1, 15, 91, 2412 }, // U+21DB
    { 15, 22, 240, 0, 21, 83, 0 }, // U+2202
    { 19, 22, 316, 0, 19, 105, 83 }, // U+2205
    { 18, 20, 304, 0, 20, 90, 188 }, // U+2206
    { 18, 20, 321, 2, 19, 90, 278 }, // U+2207
    { 23, 21, 369, 0, 20, 121, 368 }, // U+220F
    { 23, 20, 369, 0, 19, 115, 489 }, // U+2210
    { 17, 23, 259, -1, 20, 98, 604 }, // U+2211
    { 17, 3, 286, 0, 9, 13, 702 }, // U+2212
    { 17, 18, 280, 0, 18, 77, 715 }, // U+2213
    { 12, 22, 190, 0, 20, 66, 792 }, // U+2215
    { 12, 22, 190, 0, 20, 66, 858 }, // U+2216
    { 6, 5, 112, 0, 9, 8, 924 }, // U+2219
    { 19, 25, 203, -1, 21, 119, 932 }, // U+221A
    { 24, 13, 382, 0, 13, 78, 1051 }, // U+221E
    { 4, 30, 129, 2, 21, 30, 1129 }, // U+2223
    { 12, 30, 129, -2, 21, 90, 1159 }, // U+2224
    { 9, 30, 204, 2, 21, 68, 1249 }, // U+2225
    { 15, 30, 204, -1, 21, 113, 1317 }, // U+2226
    { 17, 27, 174, -4, 20, 115, 1430 }, // U+222B
    { 6, 13, 132, 1, 12, 20, 1545 }, // U+2236
    { 14, 5, 254, 1, 12, 18, 1565 }, // U+223C
    { 14, 17, 254, 1, 18, 60, 1583 }, // U+2241
    { 14, 10, 254, 1, 13, 35, 1643 }, // U+2248
    { 16, 17, 294, 1, 16, 68, 1678 }, // U+2260
    { 16, 17, 279, 1, 16, 68, 1746 }, // U+2264
    { 17, 17, 279, 0, 16, 73, 1814 }, // U+2265
    { 23, 15, 391, 1, 14, 87, 1887 }, // U+226A
    { 23, 15, 391, 1, 14, 87, 1974 }, // U+226B
    { 14, 19, 253, 1, 16, 67, 2061 }, // U+226E
    { 14, 19, 253, 1, 16, 67, 2128 }, // U+226F
    { 6, 5, 119, 1, 9, 8, 2195 }, // U+22C5
    { 18, 5, 315, 1, 9, 23, 2203 }, // U+22EF
    { 7, 19, 145, 1, 19, 34, 0 }, // U+2669
    { 11, 19, 211, 1, 19, 53, 34 }, // U+266A
    { 17, 22, 299, 1, 20, 94, 87 }, // U+266B
    { 17, 22, 299, 1, 20, 94, 181 }, // U+266C
    { 8, 19, 162, 1, 18, 38, 275 }, // U+266D
    { 9, 19, 167, 1, 12, 43, 313 }, // U+266E
    { 14, 25, 258, 1, 18, 88, 356 }, // U+266F
    { 33, 30, 593, 2, 25, 248, 444 }, // U+2764
    { 23, 22, 310, 0, 21, 127, 0 }, // U+FB00
    { 17, 22, 276, 0, 21, 94, 127 }, // U+FB01
    { 18, 22, 281, 0, 21, 99, 221 }, // U+FB02
    { 26, 22, 418, 0, 21, 143, 320 }, // U+FB03
    { 26, 22, 422, 0, 21, 143, 463 }, // U+FB04
    { 20, 22, 312, 0, 21, 110, 606 }, // U+FB05
    { 21, 21, 333, 0, 20, 111, 716 }, // U+FB06
    { 24, 24, 374, 0, 21, 144, 0 }, // U+FFFD
    { 31, 30, 593, 3, 25, 233, 0 }, // U+1F44B
    { 17, 22, 274, 0, 21, 94, 233 }, // U+1F44C
    { 16, 20, 276, 0, 19, 80, 327 }, // U+1F44D
    { 27, 30, 593, 5, 25, 203, 407 }, // U+1F44E
    { 29, 30, 593, 4, 25, 218, 610 }, // U+1F44F
    { 31, 30, 593, 3, 25, 233, 828 }, // U+1F600
    { 31, 30, 593, 3, 25, 233, 1061 }, // U+1F601
    { 37, 30, 593, 0, 25, 278, 1294 }, // U+1F602
    { 31, 30, 593, 3, 25, 233, 1572 }, // U+1F603
    { 31, 30, 593, 3, 25, 233, 1805 }, // U+1F604
    { 33, 30, 593, 2, 25, 248, 2038 }, // U+1F605
    { 31, 30, 593, 3, 25, 233, 2286 }, // U+1F606
    { 29, 30, 593, 4, 25, 218, 2519 }, // U+1F607
    { 31, 30, 593, 3, 25, 233, 2737 }, // U+1F609
    { 31, 30, 593, 3, 25, 233, 2970 }, // U+1F60A
    { 31, 31, 593, 3, 25, 241, 3203 }, // U+1F60B
    { 31, 30, 593, 3, 25, 233, 3444 }, // U+1F60C
    { 31, 30, 593, 3, 25, 233, 3677 }, // U+1F60D
    { 31, 30, 593, 3, 25, 233, 3910 }, // U+1F60E
    { 31, 30, 593, 3, 25, 233, 4143 }, // U+1F60F
    { 31, 30, 593, 3, 25, 233, 4376 }, // U+1F610
    { 31, 30, 593, 3, 25, 233, 4609 }, // U+1F611
    { 31, 30, 593, 3, 25, 233, 4842 }, // U+1F612
    { 31, 30, 593, 3, 25, 233, 5075 }, // U+1F613
    { 31, 30, 593, 3, 25, 233, 5308 }, // U+1F614
    { 31, 30, 593, 3, 25, 233, 5541 }, // U+1F618
    { 31, 30, 593, 3, 25, 233, 5774 }, // U+1F61A
    { 31, 31, 593, 3, 25, 241, 6007 }, // U+1F61C
    { 31, 31, 593, 3, 25, 241, 6248 }, // U+1F61D
    { 31, 30, 593, 3, 25, 233, 6489 }, // U+1F620
    { 31, 30, 593, 3, 25, 233, 6722 }, // U+1F621
    { 31, 30, 593, 3, 25, 233, 6955 }, // U+1F622
    { 33, 30, 593, 2, 25, 248, 7188 }, // U+1F624
    { 31, 30, 593, 3, 25, 233, 7436 }, // U+1F625
    { 31, 30, 593, 3, 25, 233, 7669 }, // U+1F629
    { 31, 30, 593, 3, 25, 233, 7902 }, // U+1F62C
    { 31, 31, 593, 3, 25, 241, 8135 }, // U+1F62D
    { 31, 30, 593, 3, 25, 233, 8376 }, // U+1F62E
    { 35, 31, 593, 1, 25, 272, 8609 }, // U+1F631
    { 31, 30, 593, 3, 25, 233, 8881 }, // U+1F632
    { 31, 30, 593, 3, 25, 233, 9114 }, // U+1F633
    { 31, 30, 593, 3, 25, 233, 9347 }, // U+1F634
    { 31, 30, 593, 3, 25, 233, 9580 }, // U+1F635
    { 31, 30, 593, 3, 25, 233, 9813 }, // U+1F641
    { 31, 30, 593, 3, 25, 233, 10046 }, // U+1F642
    { 31, 30, 593, 3, 25, 233, 10279 }, // U+1F644
};

static const EpdUnicodeInterval ebgaramond_14_boldIntervals[] = {
    { 0x0, 0x17F, 0x0 },
    { 0x1A0, 0x1A1, 0x180 },
    { 0x1AF, 0x1B0, 0x182 },
    { 0x1C4, 0x21F, 0x184 },
    { 0x300, 0x33E, 0x1E0 },
    { 0x340, 0x345, 0x21F },
    { 0x34F, 0x34F, 0x225 },
    { 0x351, 0x351, 0x226 },
    { 0x353, 0x353, 0x227 },
    { 0x357, 0x357, 0x228 },
    { 0x35D, 0x35D, 0x229 },
    { 0x361, 0x361, 0x22A },
    { 0x364, 0x364, 0x22B },
    { 0x3BB, 0x3BB, 0x22C },
    { 0x400, 0x45F, 0x22D },
    { 0x462, 0x463, 0x28D },
    { 0x46A, 0x46B, 0x28F },
    { 0x470, 0x470, 0x291 },
    { 0x472, 0x477, 0x292 },
    { 0x48A, 0x4FF, 0x298 },
    { 0x1EA0, 0x1EF9, 0x30E },
    { 0x2000, 0x2016, 0x368 },
    { 0x2018, 0x201A, 0x37F },
    { 0x201C, 0x201E, 0x382 },
    { 0x2020, 0x2022, 0x385 },
    { 0x2024, 0x2027, 0x388 },
    { 0x202A, 0x202E, 0x38C },
    { 0x2030, 0x2030, 0x391 },
    { 0x2032, 0x2037, 0x392 },
    { 0x2039, 0x203A, 0x398 },
    { 0x203C, 0x203E, 0x39A },
    { 0x2044, 0x2044, 0x39D },
    { 0x2047, 0x2049, 0x39E },
    { 0x204B, 0x204B, 0x3A1 },
    { 0x204E, 0x204E, 0x3A2 },
    { 0x2057, 0x2057, 0x3A3 },
    { 0x2060, 0x2064, 0x3A4 },
    { 0x2066, 0x2071, 0x3A9 },
    { 0x2074, 0x208E, 0x3B5 },
    { 0x2090, 0x209C, 0x3D0 },
    { 0x20A1, 0x20A1, 0x3DD },
    { 0x20A3, 0x20A9, 0x3DE },
    { 0x20AB, 0x20AE, 0x3E5 },
    { 0x20B1, 0x20B2, 0x3E9 },
    { 0x20B4, 0x20B5, 0x3EB },
    { 0x20B8, 0x20BA, 0x3ED },
    { 0x20BC, 0x20BD, 0x3F0 },
    { 0x2113, 0x2113, 0x3F2 },
    { 0x2190, 0x219B, 0x3F3 },
    { 0x219E, 0x21A2, 0x3FF },
    { 0x21AE, 0x21AE, 0x404 },
    { 0x21D0, 0x21D3, 0x405 },
    { 0x21DA, 0x21DB, 0x409 },
    { 0x2202, 0x2202, 0x40B },
    { 0x2205, 0x2207, 0x40C },
    { 0x220F, 0x2213, 0x40F },
    { 0x2215, 0x2216, 0x414 },
    { 0x2219, 0x221A, 0x416 },
    { 0x221E, 0x221E, 0x418 },
    { 0x2223, 0x2226, 0x419 },
    { 0x222B, 0x222B, 0x41D },
    { 0x2236, 0x2236, 0x41E },
    { 0x223C, 0x223C, 0x41F },
    { 0x2241, 0x2241, 0x420 },
    { 0x2248, 0x2248, 0x421 },
    { 0x2260, 0x2260, 0x422 },
    { 0x2264, 0x2265, 0x423 },
    { 0x226A, 0x226B, 0x425 },
    { 0x226E, 0x226F, 0x427 },
    { 0x22C5, 0x22C5, 0x429 },
    { 0x22EF, 0x22EF, 0x42A },
    { 0x2669, 0x266F, 0x42B },
    { 0x2764, 0x2764, 0x432 },
    { 0xFB00, 0xFB06, 0x433 },
    { 0xFFFD, 0xFFFD, 0x43A },
    { 0x1F44B, 0x1F44F, 0x43B },
    { 0x1F600, 0x1F607, 0x440 },
    { 0x1F609, 0x1F614, 0x448 },
    { 0x1F618, 0x1F618, 0x454 },
    { 0x1F61A, 0x1F61A, 0x455 },
    { 0x1F61C, 0x1F61D, 0x456 },
    { 0x1F620, 0x1F622, 0x458 },
    { 0x1F624, 0x1F625, 0x45B },
    { 0x1F629, 0x1F629, 0x45D },
    { 0x1F62C, 0x1F62E, 0x45E },
    { 0x1F631, 0x1F635, 0x461 },
    { 0x1F641, 0x1F642, 0x466 },
    { 0x1F644, 0x1F644, 0x468 },
};

static const EpdFontGroup ebgaramond_14_boldGroups[] = {
    { 0, 3505, 7342, 128, 0 },
    { 3505, 3071, 8574, 128, 128 },
    { 6576, 3940, 14085, 128, 256 },
    { 10516, 3886, 12299, 96, 384 },
    { 14402, 740, 1175, 76, 480 },
    { 15142, 88, 110, 1, 556 },
    { 15230, 7662, 24179, 225, 557 },
    { 22892, 2224, 11123, 90, 782 },
    { 25116, 937, 1769, 75, 872 },
    { 26053, 603, 1260, 42, 947 },
    { 26656, 1311, 2447, 21, 989 },
    { 27967, 59, 66, 1, 1010 },
    { 28026, 1011, 2746, 24, 1011 },
    { 29037, 1162, 2416, 32, 1035 },
    { 30199, 375, 780, 8, 1067 },
    { 30574, 389, 896, 7, 1075 },
    { 30963, 107, 144, 1, 1082 },
    { 31070, 3933, 10911, 46, 1083 },
};

static const EpdKernClassEntry ebgaramond_14_boldKernLeftClasses[] = {
    { 0x0026, 1 }, // &
    { 0x0028, 2 }, // (
    { 0x002A, 3 }, // *
    { 0x002C, 4 }, // ,
    { 0x002D, 5 }, // -
    { 0x002E, 4 }, // .
    { 0x002F, 6 }, // /
    { 0x003A, 7 }, // :
    { 0x0040, 8 }, // @
    { 0x0041, 9 }, // A
    { 0x0042, 10 }, // B
    { 0x0043, 11 }, // C
    { 0x0044, 12 }, // D
    { 0x0045, 13 }, // E
    { 0x0046, 14 }, // F
    { 0x0047, 15 }, // G
    { 0x0048, 16 }, // H
    { 0x0049, 16 }, // I
    { 0x004A, 17 }, // J
    { 0x004B, 18 }, // K
    { 0x004C, 19 }, // L
    { 0x004D, 20 }, // M
    { 0x004E, 21 }, // N
    { 0x004F, 12 }, // O
    { 0x0050, 22 }, // P
    { 0x0051, 12 }, // Q
    { 0x0052, 23 }, // R
    { 0x0053, 24 }, // S
    { 0x0054, 25 }, // T
    { 0x0055, 26 }, // U
    { 0x0056, 27 }, // V
    { 0x0057, 27 }, // W
    { 0x0058, 28 }, // X
    { 0x0059, 29 }, // Y
    { 0x005A, 30 }, // Z
    { 0x005B, 31 }, // [
    { 0x005C, 32 }, // <backslash>
    { 0x0061, 33 }, // a
    { 0x0062, 34 }, // b
    { 0x0063, 35 }, // c
    { 0x0064, 36 }, // d
    { 0x0065, 37 }, // e
    { 0x0066, 38 }, // f
    { 0x0067, 39 }, // g
    { 0x0068, 40 }, // h
    { 0x0069, 41 }, // i
    { 0x006B, 42 }, // k
    { 0x006C, 36 }, // l
    { 0x006D, 40 }, // m
    { 0x006E, 40 }, // n
    { 0x006F, 34 }, // o
    { 0x0070, 34 }, // p
    { 0x0071, 43 }, // q
    { 0x0072, 44 }, // r
    { 0x0073, 45 }, // s
    { 0x0074, 46 }, // t
    { 0x0075, 41 }, // u
    { 0x0076, 47 }, // v
    { 0x0077, 47 }, // w
    { 0x0078, 48 }, // x
    { 0x0079, 47 }, // y
    { 0x00A1, 49 }, // U+00A1
    { 0x00A7, 50 }, // U+00A7
    { 0x00AB, 51 }, // U+00AB
    { 0x00AE, 52 }, // U+00AE
    { 0x00B6, 53 }, // U+00B6
    { 0x00B7, 54 }, // U+00B7
    { 0x00BB, 55 }, // U+00BB
    { 0x00BF, 56 }, // U+00BF
    { 0x00C0, 9 }, // U+00C0
    { 0x00C1, 9 }, // U+00C1
    { 0x00C2, 9 }, // U+00C2
    { 0x00C3, 9 }, // U+00C3
    { 0x00C4, 9 }, // U+00C4
    { 0x00C5, 9 }, // U+00C5
    { 0x00C6, 13 }, // U+00C6
    { 0x00C7, 11 }, // U+00C7
    { 0x00C8, 13 }, // U+00C8
    { 0x00C9, 13 }, // U+00C9
    { 0x00CA, 13 }, // U+00CA
    { 0x00CB, 13 }, // U+00CB
    { 0x00CC, 16 }, // U+00CC
    { 0x00CD, 16 }, // U+00CD
    { 0x00CE, 16 }, // U+00CE
    { 0x00CF, 16 }, // U+00CF
    { 0x00D0, 12 }, // U+00D0
    { 0x00D1, 21 }, // U+00D1
    { 0x00D2, 12 }, // U+00D2
    { 0x00D3, 12 }, // U+00D3
    { 0x00D4, 12 }, // U+00D4
    { 0x00D5, 12 }, // U+00D5
    { 0x00D6, 12 }, // U+00D6
    { 0x00D8, 12 }, // U+00D8
    { 0x00D9, 26 }, // U+00D9
    { 0x00DA, 26 }, // U+00DA
    { 0x00DB, 26 }, // U+00DB
    { 0x00DC, 26 }, // U+00DC
    { 0x00DD, 29 }, // U+00DD
    { 0x00DE, 57 }, // U+00DE
    { 0x00DF, 58 }, // U+00DF
    { 0x00E0, 33 }, // U+00E0
    { 0x00E1, 33 }, // U+00E1
    { 0x00E2, 33 }, // U+00E2
    { 0x00E3, 33 }, // U+00E3
    { 0x00E4, 33 }, // U+00E4
    { 0x00E5, 33 }, // U+00E5
    { 0x00E6, 37 }, // U+00E6
    { 0x00E7, 35 }, // U+00E7
    { 0x00E8, 37 }, // U+00E8
    { 0x00E9, 37 }, // U+00E9
    { 0x00EA, 37 }, // U+00EA
    { 0x00EB, 37 }, // U+00EB
    { 0x00EC, 41 }, // U+00EC
    { 0x00ED, 41 }, // U+00ED
    { 0x00EE, 41 }, // U+00EE
    { 0x00EF, 41 }, // U+00EF
    { 0x00F1, 40 }, // U+00F1
    { 0x00F2, 34 }, // U+00F2
    { 0x00F3, 34 }, // U+00F3
    { 0x00F4, 34 }, // U+00F4
    { 0x00F5, 34 }, // U+00F5
    { 0x00F6, 34 }, // U+00F6
    { 0x00F8, 34 }, // U+00F8
    { 0x00F9, 41 }, // U+00F9
    { 0x00FA, 41 }, // U+00FA
    { 0x00FB, 41 }, // U+00FB
    { 0x00FC, 41 }, // U+00FC
    { 0x00FD, 47 }, // U+00FD
    { 0x00FE, 34 }, // U+00FE
    { 0x00FF, 47 }, // U+00FF
    { 0x0100, 9 }, // U+0100
    { 0x0101, 33 }, // U+0101
    { 0x0102, 9 }, // U+0102
    { 0x0103, 33 }, // U+0103
    { 0x0104, 9 }, // U+0104
    { 0x0105, 33 }, // U+0105
    { 0x0106, 11 }, // U+0106
    { 0x0107, 35 }, // U+0107
    { 0x0108, 11 }, // U+0108
    { 0x0109, 35 }, // U+0109
    { 0x010A, 11 }, // U+010A
    { 0x010B, 35 }, // U+010B
    { 0x010C, 11 }, // U+010C
    { 0x010D, 35 }, // U+010D
    { 0x010E, 12 }, // U+010E
    { 0x010F, 59 }, // U+010F
    { 0x0110, 12 }, // U+0110
    { 0x0111, 36 }, // U+0111
    { 0x0112, 13 }, // U+0112
    { 0x0113, 37 }, // U+0113
    { 0x0114, 13 }, // U+0114
    { 0x0115, 37 }, // U+0115
    { 0x0116, 13 }, // U+0116
    { 0x0117, 37 }, // U+0117
    { 0x0118, 13 }, // U+0118
    { 0x0119, 37 }, // U+0119
    { 0x011A, 13 }, // U+011A
    { 0x011B, 37 }, // U+011B
    { 0x011C, 15 }, // U+011C
    { 0x011D, 39 }, // U+011D
    { 0x011E, 15 }, // U+011E
    { 0x011F, 39 }, // U+011F
    { 0x0120, 15 }, // U+0120
    { 0x0121, 39 }, // U+0121
    { 0x0122, 15 }, // U+0122
    { 0x0123, 39 }, // U+0123
    { 0x0124, 16 }, // U+0124
    { 0x0125, 40 }, // U+0125
    { 0x0126, 16 }, // U+0126
    { 0x0127, 40 }, // U+0127
    { 0x0128, 16 }, // U+0128
    { 0x012A, 16 }, // U+012A
    { 0x012C, 16 }, // U+012C
    { 0x012D, 41 }, // U+012D
    { 0x012E, 16 }, // U+012E
    { 0x0130, 16 }, // U+0130
    { 0x0131, 41 }, // U+0131
    { 0x0132, 17 }, // U+0132
    { 0x0134, 17 }, // U+0134
    { 0x0136, 18 }, // U+0136
    { 0x0137, 42 }, // U+0137
    { 0x0138, 42 }, // U+0138
    { 0x0139, 19 }, // U+0139
    { 0x013A, 36 }, // U+013A
    { 0x013B, 19 }, // U+013B
    { 0x013C, 36 }, // U+013C
    { 0x013D, 19 }, // U+013D
    { 0x013E, 59 }, // U+013E
    { 0x013F, 19 }, // U+013F
    { 0x0141, 19 }, // U+0141
    { 0x0142, 36 }, // U+0142
    { 0x0143, 21 }, // U+0143
    { 0x0144, 40 }, // U+0144
    { 0x0145, 21 }, // U+0145
    { 0x0146, 40 }, // U+0146
    { 0x0147, 21 }, // U+0147
    { 0x0148, 40 }, // U+0148
    { 0x0149, 40 }, // U+0149
    { 0x014A, 21 }, // U+014A
    { 0x014C, 12 }, // U+014C
    { 0x014D, 34 }, // U+014D
    { 0x014E, 12 }, // U+014E
    { 0x014F, 34 }, // U+014F
    { 0x0150, 12 }, // U+0150
    { 0x0151, 34 }, // U+0151
    { 0x0152, 13 }, // U+0152
    { 0x0153, 37 }, // U+0153
    { 0x0154, 23 }, // U+0154
    { 0x0155, 44 }, // U+0155
    { 0x0156, 23 }, // U+0156
    { 0x0157, 44 }, // U+0157
    { 0x0158, 23 }, // U+0158
    { 0x0159, 44 }, // U+0159
    { 0x015A, 24 }, // U+015A
    { 0x015B, 45 }, // U+015B
    { 0x015C, 24 }, // U+015C
    { 0x015D, 45 }, // U+015D
    { 0x015E, 24 }, // U+015E
    { 0x015F, 45 }, // U+015F
    { 0x0160, 24 }, // U+0160
    { 0x0161, 45 }, // U+0161
    { 0x0162, 25 }, // U+0162
    { 0x0163, 46 }, // U+0163
    { 0x0164, 25 }, // U+0164
    { 0x0166, 25 }, // U+0166
    { 0x0167, 46 }, // U+0167
    { 0x0168, 26 }, // U+0168
    { 0x0169, 41 }, // U+0169
    { 0x016A, 26 }, // U+016A
    { 0x016B, 41 }, // U+016B
    { 0x016C, 26 }, // U+016C
    { 0x016D, 41 }, // U+016D
    { 0x016E, 26 }, // U+016E
    { 0x016F, 41 }, // U+016F
    { 0x0170, 26 }, // U+0170
    { 0x0171, 41 }, // U+0171
    { 0x0172, 26 }, // U+0172
    { 0x0173, 41 }, // U+0173
    { 0x0174, 27 }, // U+0174
    { 0x0175, 47 }, // U+0175
    { 0x0176, 29 }, // U+0176
    { 0x0177, 47 }, // U+0177
    { 0x0178, 29 }, // U+0178
    { 0x0179, 30 }, // U+0179
    { 0x017B, 30 }, // U+017B
    { 0x017D, 30 }, // U+017D
    { 0x017F, 60 }, // U+017F
    { 0x01A0, 12 }, // U+01A0
    { 0x01AF, 26 }, // U+01AF
    { 0x01C4, 30 }, // U+01C4
    { 0x01C7, 17 }, // U+01C7
    { 0x01CA, 17 }, // U+01CA
    { 0x01CD, 9 }, // U+01CD
    { 0x01CE, 33 }, // U+01CE
    { 0x01CF, 16 }, // U+01CF
    { 0x01D0, 41 }, // U+01D0
    { 0x01D1, 12 }, // U+01D1
    { 0x01D2, 34 }, // U+01D2
    { 0x01D3, 26 }, // U+01D3
    { 0x01D4, 41 }, // U+01D4
    { 0x01D5, 26 }, // U+01D5
    { 0x01D6, 41 }, // U+01D6
    { 0x01D7, 26 }, // U+01D7
    { 0x01D8, 41 }, // U+01D8
    { 0x01D9, 26 }, // U+01D9
    { 0x01DA, 41 }, // U+01DA
    { 0x01DB, 26 }, // U+01DB
    { 0x01DC, 41 }, // U+01DC
    { 0x01DD, 34 }, // U+01DD
    { 0x01DE, 9 }, // U+01DE
    { 0x01DF, 33 }, // U+01DF
    { 0x01E0, 9 }, // U+01E0
    { 0x01E1, 33 }, // U+01E1
    { 0x01E2, 13 }, // U+01E2
    { 0x01E3, 37 }, // U+01E3
    { 0x01E4, 15 }, // U+01E4
    { 0x01E5, 39 }, // U+01E5
    { 0x01E6, 15 }, // U+01E6
    { 0x01E7, 39 }, // U+01E7
    { 0x01E8, 18 }, // U+01E8
    { 0x01E9, 42 }, // U+01E9
    { 0x01EA, 12 }, // U+01EA
    { 0x01EB, 34 }, // U+01EB
    { 0x01EC, 12 }, // U+01EC
    { 0x01ED, 34 }, // U+01ED
    { 0x01EE, 61 }, // U+01EE
    { 0x01EF, 62 }, // U+01EF
    { 0x01F1, 30 }, // U+01F1
    { 0x01F4, 15 }, // U+01F4
    { 0x01F5, 39 }, // U+01F5
    { 0x01F6, 63 }, // U+01F6
    { 0x01F7, 64 }, // U+01F7
    { 0x01F8, 21 }, // U+01F8
    { 0x01F9, 40 }, // U+01F9
    { 0x01FA, 9 }, // U+01FA
    { 0x01FB, 33 }, // U+01FB
    { 0x01FC, 13 }, // U+01FC
    { 0x01FD, 37 }, // U+01FD
    { 0x01FE, 12 }, // U+01FE
    { 0x01FF, 34 }, // U+01FF
    { 0x0200, 9 }, // U+0200
    { 0x0201, 33 }, // U+0201
    { 0x0202, 9 }, // U+0202
    { 0x0203, 33 }, // U+0203
    { 0x0204, 13 }, // U+0204
    { 0x0205, 37 }, // U+0205
    { 0x0206, 13 }, // U+0206
    { 0x0207, 37 }, // U+0207
    { 0x0208, 16 }, // U+0208
    { 0x0209, 41 }, // U+0209
    { 0x020A, 16 }, // U+020A
    { 0x020B, 41 }, // U+020B
    { 0x020C, 12 }, // U+020C
    { 0x020D, 34 }, // U+020D
    { 0x020E, 12 }, // U+020E
    { 0x020F, 34 }, // U+020F
    { 0x0210, 23 }, // U+0210
    { 0x0211, 44 }, // U+0211
    { 0x0212, 23 }, // U+0212
    { 0x0213, 44 }, // U+0213
    { 0x0214, 26 }, // U+0214
    { 0x0215, 41 }, // U+0215
    { 0x0216, 26 }, // U+0216
    { 0x0217, 41 }, // U+0217
    { 0x0218, 24 }, // U+0218
    { 0x0219, 45 }, // U+0219
    { 0x021A, 25 }, // U+021A
    { 0x021B, 46 }, // U+021B
    { 0x021E, 16 }, // U+021E
    { 0x021F, 40 }, // U+021F
    { 0x0400, 13 }, // U+0400
    { 0x0401, 13 }, // U+0401
    { 0x0402, 65 }, // U+0402
    { 0x0403, 66 }, // U+0403
    { 0x0404, 11 }, // U+0404
    { 0x0405, 24 }, // U+0405
    { 0x0406, 16 }, // U+0406
    { 0x0407, 16 }, // U+0407
    { 0x0408, 17 }, // U+0408
    { 0x0409, 67 }, // U+0409
    { 0x040A, 67 }, // U+040A
    { 0x040B, 68 }, // U+040B
    { 0x040C, 69 }, // U+040C
    { 0x040D, 16 }, // U+040D
    { 0x040E, 27 }, // U+040E
    { 0x040F, 16 }, // U+040F
    { 0x0410, 9 }, // U+0410
    { 0x0411, 70 }, // U+0411
    { 0x0412, 10 }, // U+0412
    { 0x0413, 66 }, // U+0413
    { 0x0414, 16 }, // U+0414
    { 0x0415, 13 }, // U+0415
    { 0x0416, 69 }, // U+0416
    { 0x0417, 10 }, // U+0417
    { 0x0418, 16 }, // U+0418
    { 0x0419, 16 }, // U+0419
    { 0x041A, 69 }, // U+041A
    { 0x041B, 16 }, // U+041B
    { 0x041C, 20 }, // U+041C
    { 0x041D, 16 }, // U+041D
    { 0x041E, 12 }, // U+041E
    { 0x041F, 16 }, // U+041F
    { 0x0420, 22 }, // U+0420
    { 0x0421, 11 }, // U+0421
    { 0x0422, 25 }, // U+0422
    { 0x0423, 27 }, // U+0423
    { 0x0424, 71 }, // U+0424
    { 0x0425, 28 }, // U+0425
    { 0x0426, 16 }, // U+0426
    { 0x0427, 16 }, // U+0427
    { 0x0428, 16 }, // U+0428
    { 0x0429, 16 }, // U+0429
    { 0x042A, 67 }, // U+042A
    { 0x042B, 16 }, // U+042B
    { 0x042C, 67 }, // U+042C
    { 0x042D, 12 }, // U+042D
    { 0x042E, 12 }, // U+042E
    { 0x042F, 16 }, // U+042F
    { 0x0430, 33 }, // U+0430
    { 0x0431, 34 }, // U+0431
    { 0x0432, 72 }, // U+0432
    { 0x0433, 73 }, // U+0433
    { 0x0434, 74 }, // U+0434
    { 0x0435, 37 }, // U+0435
    { 0x0436, 75 }, // U+0436
    { 0x0437, 72 }, // U+0437
    { 0x0438, 74 }, // U+0438
    { 0x0439, 74 }, // U+0439
    { 0x043A, 75 }, // U+043A
    { 0x043B, 74 }, // U+043B
    { 0x043C, 76 }, // U+043C
    { 0x043D, 74 }, // U+043D
    { 0x043E, 34 }, // U+043E
    { 0x043F, 74 }, // U+043F
    { 0x0440, 34 }, // U+0440
    { 0x0441, 35 }, // U+0441
    { 0x0442, 77 }, // U+0442
    { 0x0443, 47 }, // U+0443
    { 0x0444, 34 }, // U+0444
    { 0x0445, 48 }, // U+0445
    { 0x0446, 74 }, // U+0446
    { 0x0447, 74 }, // U+0447
    { 0x0448, 74 }, // U+0448
    { 0x0449, 74 }, // U+0449
    { 0x044A, 78 }, // U+044A
    { 0x044B, 74 }, // U+044B
    { 0x044C, 78 }, // U+044C
    { 0x044D, 34 }, // U+044D
    { 0x044E, 34 }, // U+044E
    { 0x044F, 74 }, // U+044F
    { 0x0450, 37 }, // U+0450
    { 0x0451, 37 }, // U+0451
    { 0x0452, 79 }, // U+0452
    { 0x0453, 73 }, // U+0453
    { 0x0454, 35 }, // U+0454
    { 0x0455, 45 }, // U+0455
    { 0x0456, 41 }, // U+0456
    { 0x0457, 41 }, // U+0457
    { 0x0459, 78 }, // U+0459
    { 0x045A, 78 }, // U+045A
    { 0x045B, 40 }, // U+045B
    { 0x045C, 75 }, // U+045C
    { 0x045D, 74 }, // U+045D
    { 0x045E, 47 }, // U+045E
    { 0x045F, 74 }, // U+045F
    { 0x0462, 80 }, // U+0462
    { 0x0463, 81 }, // U+0463
    { 0x046A, 82 }, // U+046A
    { 0x046B, 83 }, // U+046B
    { 0x0470, 84 }, // U+0470
    { 0x0472, 12 }, // U+0472
    { 0x0473, 34 }, // U+0473
    { 0x0474, 27 }, // U+0474
    { 0x0475, 85 }, // U+0475
    { 0x0476, 27 }, // U+0476
    { 0x0477, 85 }, // U+0477
    { 0x048A, 16 }, // U+048A
    { 0x048B, 74 }, // U+048B
    { 0x048C, 80 }, // U+048C
    { 0x048D, 81 }, // U+048D
    { 0x048E, 22 }, // U+048E
    { 0x048F, 34 }, // U+048F
    { 0x0490, 66 }, // U+0490
    { 0x0491, 86 }, // U+0491
    { 0x0492, 66 }, // U+0492
    { 0x0493, 73 }, // U+0493
    { 0x0494, 87 }, // U+0494
    { 0x0495, 88 }, // U+0495
    { 0x0496, 69 }, // U+0496
    { 0x0497, 75 }, // U+0497
    { 0x0498, 10 }, // U+0498
    { 0x0499, 72 }, // U+0499
    { 0x049A, 69 }, // U+049A
    { 0x049B, 75 }, // U+049B
    { 0x049C, 69 }, // U+049C
    { 0x049D, 75 }, // U+049D
    { 0x049E, 69 }, // U+049E
    { 0x049F, 75 }, // U+049F
    { 0x04A0, 69 }, // U+04A0
    { 0x04A1, 75 }, // U+04A1
    { 0x04A2, 16 }, // U+04A2
    { 0x04A3, 74 }, // U+04A3
    { 0x04A4, 25 }, // U+04A4
    { 0x04A5, 77 }, // U+04A5
    { 0x04A6, 89 }, // U+04A6
    { 0x04A7, 79 }, // U+04A7
    { 0x04A8, 90 }, // U+04A8
    { 0x04A9, 91 }, // U+04A9
    { 0x04AA, 11 }, // U+04AA
    { 0x04AB, 35 }, // U+04AB
    { 0x04AC, 25 }, // U+04AC
    { 0x04AD, 77 }, // U+04AD
    { 0x04AE, 29 }, // U+04AE
    { 0x04AF, 47 }, // U+04AF
    { 0x04B0, 29 }, // U+04B0
    { 0x04B1, 47 }, // U+04B1
    { 0x04B2, 28 }, // U+04B2
    { 0x04B3, 48 }, // U+04B3
    { 0x04B4, 16 }, // U+04B4
    { 0x04B5, 74 }, // U+04B5
    { 0x04B6, 16 }, // U+04B6
    { 0x04B7, 74 }, // U+04B7
    { 0x04B8, 16 }, // U+04B8
    { 0x04B9, 74 }, // U+04B9
    { 0x04BA, 92 }, // U+04BA
    { 0x04BB, 40 }, // U+04BB
    { 0x04BC, 93 }, // U+04BC
    { 0x04BD, 37 }, // U+04BD
    { 0x04BE, 93 }, // U+04BE
    { 0x04BF, 37 }, // U+04BF
    { 0x04C0, 16 }, // U+04C0
    { 0x04C1, 69 }, // U+04C1
    { 0x04C2, 75 }, // U+04C2
    { 0x04C3, 94 }, // U+04C3
    { 0x04C4, 95 }, // U+04C4
    { 0x04C5, 16 }, // U+04C5
    { 0x04C6, 74 }, // U+04C6
    { 0x04C7, 17 }, // U+04C7
    { 0x04C8, 96 }, // U+04C8
    { 0x04C9, 16 }, // U+04C9
    { 0x04CA, 74 }, // U+04CA
    { 0x04CB, 16 }, // U+04CB
    { 0x04CC, 74 }, // U+04CC
    { 0x04CD, 20 }, // U+04CD
    { 0x04CE, 76 }, // U+04CE
    { 0x04D0, 9 }, // U+04D0
    { 0x04D1, 33 }, // U+04D1
    { 0x04D2, 9 }, // U+04D2
    { 0x04D3, 33 }, // U+04D3
    { 0x04D4, 13 }, // U+04D4
    { 0x04D5, 37 }, // U+04D5
    { 0x04D6, 13 }, // U+04D6
    { 0x04D7, 37 }, // U+04D7
    { 0x04D8, 12 }, // U+04D8
    { 0x04D9, 34 }, // U+04D9
    { 0x04DA, 12 }, // U+04DA
    { 0x04DB, 34 }, // U+04DB
    { 0x04DC, 69 }, // U+04DC
    { 0x04DD, 75 }, // U+04DD
    { 0x04DE, 10 }, // U+04DE
    { 0x04DF, 72 }, // U+04DF
    { 0x04E0, 61 }, // U+04E0
    { 0x04E1, 62 }, // U+04E1
    { 0x04E2, 16 }, // U+04E2
    { 0x04E3, 74 }, // U+04E3
    { 0x04E4, 16 }, // U+04E4
    { 0x04E5, 74 }, // U+04E5
    { 0x04E6, 12 }, // U+04E6
    { 0x04E7, 34 }, // U+04E7
    { 0x04E8, 12 }, // U+04E8
    { 0x04E9, 34 }, // U+04E9
    { 0x04EA, 12 }, // U+04EA
    { 0x04EB, 34 }, // U+04EB
    { 0x04EC, 12 }, // U+04EC
    { 0x04ED, 34 }, // U+04ED
    { 0x04EE, 27 }, // U+04EE
    { 0x04EF, 47 }, // U+04EF
    { 0x04F0, 27 }, // U+04F0
    { 0x04F1, 47 }, // U+04F1
    { 0x04F2, 27 }, // U+04F2
    { 0x04F3, 47 }, // U+04F3
    { 0x04F4, 16 }, // U+04F4
    { 0x04F5, 74 }, // U+04F5
    { 0x04F6, 66 }, // U+04F6
    { 0x04F7, 73 }, // U+04F7
    { 0x04F8, 16 }, // U+04F8
    { 0x04F9, 74 }, // U+04F9
    { 0x04FA, 66 }, // U+04FA
    { 0x04FB, 73 }, // U+04FB
    { 0x04FC, 97 }, // U+04FC
    { 0x04FD, 98 }, // U+04FD
    { 0x04FE, 28 }, // U+04FE
    { 0x04FF, 48 }, // U+04FF
    { 0x1EA0, 9 }, // U+1EA0
    { 0x1EA1, 33 }, // U+1EA1
    { 0x1EA2, 9 }, // U+1EA2
    { 0x1EA3, 33 }, // U+1EA3
    { 0x1EA4, 9 }, // U+1EA4
    { 0x1EA5, 33 }, // U+1EA5
    { 0x1EA6, 9 }, // U+1EA6
    { 0x1EA7, 33 }, // U+1EA7
    { 0x1EA8, 9 }, // U+1EA8
    { 0x1EA9, 33 }, // U+1EA9
    { 0x1EAA, 9 }, // U+1EAA
    { 0x1EAB, 33 }, // U+1EAB
    { 0x1EAC, 9 }, // U+1EAC
    { 0x1EAD, 33 }, // U+1EAD
    { 0x1EAE, 9 }, // U+1EAE
    { 0x1EAF, 33 }, // U+1EAF
    { 0x1EB0, 9 }, // U+1EB0
    { 0x1EB1, 33 }, // U+1EB1
    { 0x1EB2, 9 }, // U+1EB2
    { 0x1EB3, 33 }, // U+1EB3
    { 0x1EB4, 9 }, // U+1EB4
    { 0x1EB5, 33 }, // U+1EB5
    { 0x1EB6, 9 }, // U+1EB6
    { 0x1EB7, 33 }, // U+1EB7
    { 0x1EB8, 13 }, // U+1EB8
    { 0x1EB9, 37 }, // U+1EB9
    { 0x1EBA, 13 }, // U+1EBA
    { 0x1EBB, 37 }, // U+1EBB
    { 0x1EBC, 13 }, // U+1EBC
    { 0x1EBD, 37 }, // U+1EBD
    { 0x1EBE, 13 }, // U+1EBE
    { 0x1EBF, 37 }, // U+1EBF
    { 0x1EC0, 13 }, // U+1EC0
    { 0x1EC1, 37 }, // U+1EC1
    { 0x1EC2, 13 }, // U+1EC2
    { 0x1EC3, 37 }, // U+1EC3
    { 0x1EC4, 13 }, // U+1EC4
    { 0x1EC5, 37 }, // U+1EC5
    { 0x1EC6, 13 }, // U+1EC6
    { 0x1EC7, 37 }, // U+1EC7
    { 0x1EC8, 16 }, // U+1EC8
    { 0x1EC9, 41 }, // U+1EC9
    { 0x1ECA, 16 }, // U+1ECA
    { 0x1ECB, 41 }, // U+1ECB
    { 0x1ECC, 12 }, // U+1ECC
    { 0x1ECD, 34 }, // U+1ECD
    { 0x1ECE, 12 }, // U+1ECE
    { 0x1ECF, 34 }, // U+1ECF
    { 0x1ED0, 12 }, // U+1ED0
    { 0x1ED1, 34 }, // U+1ED1
    { 0x1ED2, 12 }, // U+1ED2
    { 0x1ED3, 34 }, // U+1ED3
    { 0x1ED4, 12 }, // U+1ED4
    { 0x1ED5, 34 }, // U+1ED5
    { 0x1ED6, 12 }, // U+1ED6
    { 0x1ED7, 34 }, // U+1ED7
    { 0x1ED8, 12 }, // U+1ED8
    { 0x1ED9, 34 }, // U+1ED9
    { 0x1EDA, 12 }, // U+1EDA
    { 0x1EDC, 12 }, // U+1EDC
    { 0x1EDE, 12 }, // U+1EDE
    { 0x1EE0, 12 }, // U+1EE0
    { 0x1EE2, 12 }, // U+1EE2
    { 0x1EE4, 26 }, // U+1EE4
    { 0x1EE5, 41 }, // U+1EE5
    { 0x1EE6, 26 }, // U+1EE6
    { 0x1EE7, 41 }, // U+1EE7
    { 0x1EE8, 26 }, // U+1EE8
    { 0x1EEA, 26 }, // U+1EEA
    { 0x1EEC, 26 }, // U+1EEC
    { 0x1EEE, 26 }, // U+1EEE
    { 0x1EF0, 26 }, // U+1EF0
    { 0x1EF2, 29 }, // U+1EF2
    { 0x1EF3, 47 }, // U+1EF3
    { 0x1EF4, 29 }, // U+1EF4
    { 0x1EF5, 47 }, // U+1EF5
    { 0x1EF6, 29 }, // U+1EF6
    { 0x1EF7, 47 }, // U+1EF7
    { 0x1EF8, 29 }, // U+1EF8
    { 0x1EF9, 47 }, // U+1EF9
    { 0x2018, 99 }, // U+2018
    { 0x2019, 100 }, // U+2019
    { 0x201A, 4 }, // U+201A
    { 0x201C, 99 }, // U+201C
    { 0x201D, 100 }, // U+201D
    { 0x201E, 4 }, // U+201E
    { 0x2020, 101 }, // U+2020
    { 0x2022, 102 }, // U+2022
    { 0x203A, 103 }, // U+203A
};

static const EpdKernClassEntry ebgaramond_14_boldKernRightClasses[] = {
    { 0x0021, 1 }, // !
    { 0x0026, 2 }, // &
    { 0x0029, 3 }, // )
    { 0x002A, 4 }, // *
    { 0x002C, 5 }, // ,
    { 0x002D, 6 }, // -
    { 0x002E, 5 }, // .
    { 0x002F, 7 }, // /
    { 0x003A, 8 }, // :
    { 0x003B, 8 }, // ;
    { 0x003F, 9 }, // ?
    { 0x0040, 10 }, // @
    { 0x0041, 11 }, // A
    { 0x0042, 12 }, // B
    { 0x0043, 13 }, // C
    { 0x0044, 12 }, // D
    { 0x0045, 12 }, // E
    { 0x0046, 12 }, // F
    { 0x0047, 13 }, // G
    { 0x0048, 12 }, // H
    { 0x0049, 12 }, // I
    { 0x004A, 14 }, // J
    { 0x004B, 12 }, // K
    { 0x004C, 12 }, // L
    { 0x004D, 15 }, // M
    { 0x004E, 12 }, // N
    { 0x004F, 13 }, // O
    { 0x0050, 12 }, // P
    { 0x0051, 13 }, // Q
    { 0x0052, 12 }, // R
    { 0x0053, 16 }, // S
    { 0x0054, 17 }, // T
    { 0x0055, 18 }, // U
    { 0x0056, 19 }, // V
    { 0x0057, 19 }, // W
    { 0x0058, 20 }, // X
    { 0x0059, 21 }, // Y
    { 0x005C, 22 }, // <backslash>
    { 0x005D, 3 }, // ]
    { 0x0061, 23 }, // a
    { 0x0062, 24 }, // b
    { 0x0063, 25 }, // c
    { 0x0064, 25 }, // d
    { 0x0065, 25 }, // e
    { 0x0066, 26 }, // f
    { 0x0067, 27 }, // g
    { 0x0068, 28 }, // h
    { 0x0069, 29 }, // i
    { 0x006A, 30 }, // j
    { 0x006B, 28 }, // k
    { 0x006C, 28 }, // l
    { 0x006D, 31 }, // m
    { 0x006E, 31 }, // n
    { 0x006F, 25 }, // o
    { 0x0070, 31 }, // p
    { 0x0071, 25 }, // q
    { 0x0072, 31 }, // r
    { 0x0073, 32 }, // s
    { 0x0074, 33 }, // t
    { 0x0075, 34 }, // u
    { 0x0076, 35 }, // v
    { 0x0077, 35 }, // w
    { 0x0078, 36 }, // x
    { 0x0079, 37 }, // y
    { 0x007A, 38 }, // z
    { 0x007D, 3 }, // }
    { 0x00A7, 39 }, // U+00A7
    { 0x00AB, 40 }, // U+00AB
    { 0x00AE, 41 }, // U+00AE
    { 0x00B6, 42 }, // U+00B6
    { 0x00B7, 43 }, // U+00B7
    { 0x00BB, 44 }, // U+00BB
    { 0x00C0, 11 }, // U+00C0
    { 0x00C1, 11 }, // U+00C1
    { 0x00C2, 11 }, // U+00C2
    { 0x00C3, 11 }, // U+00C3
    { 0x00C4, 11 }, // U+00C4
    { 0x00C5, 11 }, // U+00C5
    { 0x00C6, 45 }, // U+00C6
    { 0x00C7, 13 }, // U+00C7
    { 0x00C8, 12 }, // U+00C8
    { 0x00C9, 12 }, // U+00C9
    { 0x00CA, 12 }, // U+00CA
    { 0x00CB, 12 }, // U+00CB
    { 0x00CC, 12 }, // U+00CC
    { 0x00CD, 12 }, // U+00CD
    { 0x00CE, 12 }, // U+00CE
    { 0x00CF, 12 }, // U+00CF
    { 0x00D0, 12 }, // U+00D0
    { 0x00D1, 12 }, // U+00D1
    { 0x00D2, 13 }, // U+00D2
    { 0x00D3, 13 }, // U+00D3
    { 0x00D4, 13 }, // U+00D4
    { 0x00D5, 13 }, // U+00D5
    { 0x00D6, 13 }, // U+00D6
    { 0x00D8, 13 }, // U+00D8
    { 0x00D9, 18 }, // U+00D9
    { 0x00DA, 18 }, // U+00DA
    { 0x00DB, 18 }, // U+00DB
    { 0x00DC, 18 }, // U+00DC
    { 0x00DD, 21 }, // U+00DD
    { 0x00DE, 12 }, // U+00DE
    { 0x00DF, 26 }, // U+00DF
    { 0x00E0, 23 }, // U+00E0
    { 0x00E1, 23 }, // U+00E1
    { 0x00E2, 23 }, // U+00E2
    { 0x00E3, 23 }, // U+00E3
    { 0x00E4, 23 }, // U+00E4
    { 0x00E5, 23 }, // U+00E5
    { 0x00E6, 23 }, // U+00E6
    { 0x00E7, 25 }, // U+00E7
    { 0x00E8, 25 }, // U+00E8
    { 0x00E9, 25 }, // U+00E9
    { 0x00EA, 25 }, // U+00EA
    { 0x00EB, 25 }, // U+00EB
    { 0x00EC, 29 }, // U+00EC
    { 0x00ED, 29 }, // U+00ED
    { 0x00EE, 29 }, // U+00EE
    { 0x00EF, 29 }, // U+00EF
    { 0x00F0, 46 }, // U+00F0
    { 0x00F1, 31 }, // U+00F1
    { 0x00F2, 25 }, // U+00F2
    { 0x00F3, 25 }, // U+00F3
    { 0x00F4, 25 }, // U+00F4
    { 0x00F5, 25 }, // U+00F5
    { 0x00F6, 25 }, // U+00F6
    { 0x00F8, 25 }, // U+00F8
    { 0x00F9, 34 }, // U+00F9
    { 0x00FA, 34 }, // U+00FA
    { 0x00FB, 34 }, // U+00FB
    { 0x00FC, 34 }, // U+00FC
    { 0x00FD, 37 }, // U+00FD
    { 0x00FE, 28 }, // U+00FE
    { 0x00FF, 37 }, // U+00FF
    { 0x0100, 11 }, // U+0100
    { 0x0101, 23 }, // U+0101
    { 0x0102, 11 }, // U+0102
    { 0x0103, 23 }, // U+0103
    { 0x0104, 11 }, // U+0104
    { 0x0105, 23 }, // U+0105
    { 0x0106, 13 }, // U+0106
    { 0x0107, 25 }, // U+0107
    { 0x0108, 13 }, // U+0108
    { 0x0109, 25 }, // U+0109
    { 0x010A, 13 }, // U+010A
    { 0x010B, 25 }, // U+010B
    { 0x010C, 13 }, // U+010C
    { 0x010D, 25 }, // U+010D
    { 0x010E, 12 }, // U+010E
    { 0x010F, 25 }, // U+010F
    { 0x0110, 12 }, // U+0110
    { 0x0111, 25 }, // U+0111
    { 0x0112, 12 }, // U+0112
    { 0x0113, 25 }, // U+0113
    { 0x0114, 12 }, // U+0114
    { 0x0115, 25 }, // U+0115
    { 0x0116, 12 }, // U+0116
    { 0x0117, 25 }, // U+0117
    { 0x0118, 12 }, // U+0118
    { 0x0119, 25 }, // U+0119
    { 0x011A, 12 }, // U+011A
    { 0x011B, 25 }, // U+011B
    { 0x011C, 13 }, // U+011C
    { 0x011D, 27 }, // U+011D
    { 0x011E, 13 }, // U+011E
    { 0x011F, 27 }, // U+011F
    { 0x0120, 13 }, // U+0120
    { 0x0121, 27 }, // U+0121
    { 0x0122, 13 }, // U+0122
    { 0x0123, 27 }, // U+0123
    { 0x0124, 12 }, // U+0124
    { 0x0125, 28 }, // U+0125
    { 0x0126, 12 }, // U+0126
    { 0x0127, 28 }, // U+0127
    { 0x0128, 12 }, // U+0128
    { 0x0129, 29 }, // U+0129
    { 0x012A, 12 }, // U+012A
    { 0x012B, 29 }, // U+012B
    { 0x012C, 12 }, // U+012C
    { 0x012D, 29 }, // U+012D
    { 0x012E, 12 }, // U+012E
    { 0x012F, 29 }, // U+012F
    { 0x0130, 12 }, // U+0130
    { 0x0131, 31 }, // U+0131
    { 0x0132, 12 }, // U+0132
    { 0x0133, 29 }, // U+0133
    { 0x0134, 14 }, // U+0134
    { 0x0135, 47 }, // U+0135
    { 0x0136, 12 }, // U+0136
    { 0x0137, 28 }, // U+0137
    { 0x0138, 31 }, // U+0138
    { 0x0139, 12 }, // U+0139
    { 0x013A, 28 }, // U+013A
    { 0x013B, 12 }, // U+013B
    { 0x013C, 28 }, // U+013C
    { 0x013D, 12 }, // U+013D
    { 0x013E, 28 }, // U+013E
    { 0x013F, 12 }, // U+013F
    { 0x0140, 28 }, // U+0140
    { 0x0141, 12 }, // U+0141
    { 0x0142, 28 }, // U+0142
    { 0x0143, 12 }, // U+0143
    { 0x0144, 31 }, // U+0144
    { 0x0145, 12 }, // U+0145
    { 0x0146, 31 }, // U+0146
    { 0x0147, 12 }, // U+0147
    { 0x0148, 31 }, // U+0148
    { 0x0149, 31 }, // U+0149
    { 0x014A, 12 }, // U+014A
    { 0x014B, 31 }, // U+014B
    { 0x014C, 13 }, // U+014C
    { 0x014D, 25 }, // U+014D
    { 0x014E, 13 }, // U+014E
    { 0x014F, 25 }, // U+014F
    { 0x0150, 13 }, // U+0150
    { 0x0151, 25 }, // U+0151
    { 0x0152, 13 }, // U+0152
    { 0x0153, 25 }, // U+0153
    { 0x0154, 12 }, // U+0154
    { 0x0155, 31 }, // U+0155
    { 0x0156, 12 }, // U+0156
    { 0x0157, 31 }, // U+0157
    { 0x0158, 12 }, // U+0158
    { 0x0159, 31 }, // U+0159
    { 0x015A, 16 }, // U+015A
    { 0x015B, 32 }, // U+015B
    { 0x015C, 16 }, // U+015C
    { 0x015D, 32 }, // U+015D
    { 0x015E, 16 }, // U+015E
    { 0x015F, 32 }, // U+015F
    { 0x0160, 16 }, // U+0160
    { 0x0161, 32 }, // U+0161
    { 0x0162, 17 }, // U+0162
    { 0x0163, 33 }, // U+0163
    { 0x0164, 17 }, // U+0164
    { 0x0165, 33 }, // U+0165
    { 0x0166, 17 }, // U+0166
    { 0x0167, 33 }, // U+0167
    { 0x0168, 18 }, // U+0168
    { 0x0169, 34 }, // U+0169
    { 0x016A, 18 }, // U+016A
    { 0x016B, 34 }, // U+016B
    { 0x016C, 18 }, // U+016C
    { 0x016D, 34 }, // U+016D
    { 0x016E, 18 }, // U+016E
    { 0x016F, 34 }, // U+016F
    { 0x0170, 18 }, // U+0170
    { 0x0171, 34 }, // U+0171
    { 0x0172, 18 }, // U+0172
    { 0x0173, 34 }, // U+0173
    { 0x0174, 19 }, // U+0174
    { 0x0175, 35 }, // U+0175
    { 0x0176, 21 }, // U+0176
    { 0x0177, 37 }, // U+0177
    { 0x0178, 21 }, // U+0178
    { 0x017A, 38 }, // U+017A
    { 0x017C, 38 }, // U+017C
    { 0x017E, 38 }, // U+017E
    { 0x017F, 26 }, // U+017F
    { 0x01A0, 13 }, // U+01A0
    { 0x01A1, 25 }, // U+01A1
    { 0x01AF, 18 }, // U+01AF
    { 0x01B0, 34 }, // U+01B0
    { 0x01C4, 12 }, // U+01C4
    { 0x01C5, 12 }, // U+01C5
    { 0x01C6, 25 }, // U+01C6
    { 0x01C7, 12 }, // U+01C7
    { 0x01C8, 12 }, // U+01C8
    { 0x01C9, 28 }, // U+01C9
    { 0x01CA, 12 }, // U+01CA
    { 0x01CB, 12 }, // U+01CB
    { 0x01CC, 31 }, // U+01CC
    { 0x01CD, 11 }, // U+01CD
    { 0x01CE, 23 }, // U+01CE
    { 0x01CF, 12 }, // U+01CF
    { 0x01D0, 29 }, // U+01D0
    { 0x01D1, 13 }, // U+01D1
    { 0x01D2, 25 }, // U+01D2
    { 0x01D3, 18 }, // U+01D3
    { 0x01D4, 34 }, // U+01D4
    { 0x01D5, 18 }, // U+01D5
    { 0x01D6, 34 }, // U+01D6
    { 0x01D7, 18 }, // U+01D7
    { 0x01D8, 34 }, // U+01D8
    { 0x01D9, 18 }, // U+01D9
    { 0x01DA, 34 }, // U+01DA
    { 0x01DB, 18 }, // U+01DB
    { 0x01DC, 34 }, // U+01DC
    { 0x01DD, 48 }, // U+01DD
    { 0x01DE, 11 }, // U+01DE
    { 0x01DF, 23 }, // U+01DF
    { 0x01E0, 11 }, // U+01E0
    { 0x01E1, 23 }, // U+01E1
    { 0x01E2, 45 }, // U+01E2
    { 0x01E3, 23 }, // U+01E3
    { 0x01E4, 13 }, // U+01E4
    { 0x01E5, 27 }, // U+01E5
    { 0x01E6, 13 }, // U+01E6
    { 0x01E7, 27 }, // U+01E7
    { 0x01E8, 12 }, // U+01E8
    { 0x01E9, 28 }, // U+01E9
    { 0x01EA, 13 }, // U+01EA
    { 0x01EB, 25 }, // U+01EB
    { 0x01EC, 13 }, // U+01EC
    { 0x01ED, 25 }, // U+01ED
    { 0x01EE, 49 }, // U+01EE
    { 0x01EF, 38 }, // U+01EF
    { 0x01F0, 47 }, // U+01F0
    { 0x01F1, 12 }, // U+01F1
    { 0x01F2, 12 }, // U+01F2
    { 0x01F3, 25 }, // U+01F3
    { 0x01F4, 13 }, // U+01F4
    { 0x01F5, 27 }, // U+01F5
    { 0x01F6, 12 }, // U+01F6
    { 0x01F8, 12 }, // U+01F8
    { 0x01F9, 31 }, // U+01F9
    { 0x01FA, 11 }, // U+01FA
    { 0x01FB, 23 }, // U+01FB
    { 0x01FC, 45 }, // U+01FC
    { 0x01FD, 23 }, // U+01FD
    { 0x01FE, 13 }, // U+01FE
    { 0x01FF, 25 }, // U+01FF
    { 0x0200, 11 }, // U+0200
    { 0x0201, 23 }, // U+0201
    { 0x0202, 11 }, // U+0202
    { 0x0203, 23 }, // U+0203
    { 0x0204, 12 }, // U+0204
    { 0x0205, 25 }, // U+0205
    { 0x0206, 12 }, // U+0206
    { 0x0207, 25 }, // U+0207
    { 0x0208, 12 }, // U+0208
    { 0x0209, 29 }, // U+0209
    { 0x020A, 12 }, // U+020A
    { 0x020B, 31 }, // U+020B
    { 0x020C, 13 }, // U+020C
    { 0x020D, 25 }, // U+020D
    { 0x020E, 13 }, // U+020E
    { 0x020F, 25 }, // U+020F
    { 0x0210, 12 }, // U+0210
    { 0x0211, 31 }, // U+0211
    { 0x0212, 12 }, // U+0212
    { 0x0213, 31 }, // U+0213
    { 0x0214, 18 }, // U+0214
    { 0x0215, 34 }, // U+0215
    { 0x0216, 18 }, // U+0216
    { 0x0217, 34 }, // U+0217
    { 0x0218, 16 }, // U+0218
    { 0x0219, 32 }, // U+0219
    { 0x021A, 17 }, // U+021A
    { 0x021B, 33 }, // U+021B
    { 0x021E, 12 }, // U+021E
    { 0x021F, 28 }, // U+021F
    { 0x0400, 12 }, // U+0400
    { 0x0401, 12 }, // U+0401
    { 0x0402, 50 }, // U+0402
    { 0x0403, 12 }, // U+0403
    { 0x0404, 13 }, // U+0404
    { 0x0405, 16 }, // U+0405
    { 0x0406, 12 }, // U+0406
    { 0x0407, 12 }, // U+0407
    { 0x0408, 14 }, // U+0408
    { 0x0409, 51 }, // U+0409
    { 0x040A, 12 }, // U+040A
    { 0x040B, 50 }, // U+040B
    { 0x040C, 12 }, // U+040C
    { 0x040D, 12 }, // U+040D
    { 0x040E, 52 }, // U+040E
    { 0x040F, 12 }, // U+040F
    { 0x0410, 11 }, // U+0410
    { 0x0411, 12 }, // U+0411
    { 0x0412, 12 }, // U+0412
    { 0x0413, 12 }, // U+0413
    { 0x0414, 51 }, // U+0414
    { 0x0415, 12 }, // U+0415
    { 0x0416, 53 }, // U+0416
    { 0x0417, 49 }, // U+0417
    { 0x0418, 12 }, // U+0418
    { 0x0419, 12 }, // U+0419
    { 0x041A, 12 }, // U+041A
    { 0x041B, 51 }, // U+041B
    { 0x041C, 15 }, // U+041C
    { 0x041D, 12 }, // U+041D
    { 0x041E, 13 }, // U+041E
    { 0x041F, 12 }, // U+041F
    { 0x0420, 12 }, // U+0420
    { 0x0421, 13 }, // U+0421
    { 0x0422, 17 }, // U+0422
    { 0x0423, 52 }, // U+0423
    { 0x0424, 54 }, // U+0424
    { 0x0425, 20 }, // U+0425
    { 0x0426, 12 }, // U+0426
    { 0x0427, 55 }, // U+0427
    { 0x0428, 12 }, // U+0428
    { 0x0429, 12 }, // U+0429
    { 0x042A, 50 }, // U+042A
    { 0x042B, 12 }, // U+042B
    { 0x042C, 12 }, // U+042C
    { 0x042D, 49 }, // U+042D
    { 0x042E, 12 }, // U+042E
    { 0x042F, 56 }, // U+042F
    { 0x0430, 23 }, // U+0430
    { 0x0431, 57 }, // U+0431
    { 0x0432, 31 }, // U+0432
    { 0x0433, 31 }, // U+0433
    { 0x0434, 58 }, // U+0434
    { 0x0435, 25 }, // U+0435
    { 0x0436, 59 }, // U+0436
    { 0x0437, 60 }, // U+0437
    { 0x0438, 31 }, // U+0438
    { 0x0439, 31 }, // U+0439
    { 0x043A, 31 }, // U+043A
    { 0x043B, 58 }, // U+043B
    { 0x043C, 61 }, // U+043C
    { 0x043D, 31 }, // U+043D
    { 0x043E, 25 }, // U+043E
    { 0x043F, 31 }, // U+043F
    { 0x0440, 31 }, // U+0440
    { 0x0441, 25 }, // U+0441
    { 0x0442, 62 }, // U+0442
    { 0x0443, 37 }, // U+0443
    { 0x0444, 25 }, // U+0444
    { 0x0445, 36 }, // U+0445
    { 0x0446, 31 }, // U+0446
    { 0x0447, 63 }, // U+0447
    { 0x0448, 31 }, // U+0448
    { 0x0449, 31 }, // U+0449
    { 0x044A, 62 }, // U+044A
    { 0x044B, 31 }, // U+044B
    { 0x044C, 31 }, // U+044C
    { 0x044D, 60 }, // U+044D
    { 0x044E, 31 }, // U+044E
    { 0x044F, 64 }, // U+044F
    { 0x0450, 25 }, // U+0450
    { 0x0451, 25 }, // U+0451
    { 0x0452, 28 }, // U+0452
    { 0x0453, 31 }, // U+0453
    { 0x0454, 25 }, // U+0454
    { 0x0455, 32 }, // U+0455
    { 0x0456, 29 }, // U+0456
    { 0x0457, 29 }, // U+0457
    { 0x0458, 65 }, // U+0458
    { 0x0459, 58 }, // U+0459
    { 0x045A, 31 }, // U+045A
    { 0x045B, 28 }, // U+045B
    { 0x045C, 31 }, // U+045C
    { 0x045D, 31 }, // U+045D
    { 0x045E, 37 }, // U+045E
    { 0x045F, 31 }, // U+045F
    { 0x0462, 66 }, // U+0462
    { 0x0463, 67 }, // U+0463
    { 0x046A, 68 }, // U+046A
    { 0x046B, 69 }, // U+046B
    { 0x0470, 70 }, // U+0470
    { 0x0472, 13 }, // U+0472
    { 0x0473, 25 }, // U+0473
    { 0x0474, 19 }, // U+0474
    { 0x0475, 35 }, // U+0475
    { 0x0476, 19 }, // U+0476
    { 0x0477, 35 }, // U+0477
    { 0x048A, 12 }, // U+048A
    { 0x048B, 31 }, // U+048B
    { 0x048C, 71 }, // U+048C
    { 0x048D, 67 }, // U+048D
    { 0x048E, 12 }, // U+048E
    { 0x048F, 31 }, // U+048F
    { 0x0490, 12 }, // U+0490
    { 0x0491, 31 }, // U+0491
    { 0x0492, 12 }, // U+0492
    { 0x0493, 31 }, // U+0493
    { 0x0494, 12 }, // U+0494
    { 0x0495, 31 }, // U+0495
    { 0x0496, 53 }, // U+0496
    { 0x0497, 59 }, // U+0497
    { 0x0498, 49 }, // U+0498
    { 0x0499, 60 }, // U+0499
    { 0x049A, 12 }, // U+049A
    { 0x049B, 31 }, // U+049B
    { 0x049C, 12 }, // U+049C
    { 0x049D, 31 }, // U+049D
    { 0x049E, 71 }, // U+049E
    { 0x049F, 67 }, // U+049F
    { 0x04A0, 50 }, // U+04A0
    { 0x04A1, 62 }, // U+04A1
    { 0x04A2, 12 }, // U+04A2
    { 0x04A3, 31 }, // U+04A3
    { 0x04A4, 12 }, // U+04A4
    { 0x04A5, 31 }, // U+04A5
    { 0x04A6, 12 }, // U+04A6
    { 0x04A7, 31 }, // U+04A7
    { 0x04A8, 13 }, // U+04A8
    { 0x04A9, 25 }, // U+04A9
    { 0x04AA, 13 }, // U+04AA
    { 0x04AB, 25 }, // U+04AB
    { 0x04AC, 17 }, // U+04AC
    { 0x04AD, 62 }, // U+04AD
    { 0x04AE, 21 }, // U+04AE
    { 0x04AF, 35 }, // U+04AF
    { 0x04B0, 21 }, // U+04B0
    { 0x04B1, 35 }, // U+04B1
    { 0x04B2, 20 }, // U+04B2
    { 0x04B3, 36 }, // U+04B3
    { 0x04B4, 50 }, // U+04B4
    { 0x04B5, 62 }, // U+04B5
    { 0x04B6, 55 }, // U+04B6
    { 0x04B7, 63 }, // U+04B7
    { 0x04B8, 55 }, // U+04B8
    { 0x04B9, 63 }, // U+04B9
    { 0x04BA, 12 }, // U+04BA
    { 0x04BB, 28 }, // U+04BB
    { 0x04BC, 72 }, // U+04BC
    { 0x04BD, 73 }, // U+04BD
    { 0x04BE, 72 }, // U+04BE
    { 0x04BF, 73 }, // U+04BF
    { 0x04C0, 12 }, // U+04C0
    { 0x04C1, 53 }, // U+04C1
    { 0x04C2, 59 }, // U+04C2
    { 0x04C3, 12 }, // U+04C3
    { 0x04C4, 31 }, // U+04C4
    { 0x04C5, 51 }, // U+04C5
    { 0x04C6, 58 }, // U+04C6
    { 0x04C7, 12 }, // U+04C7
    { 0x04C8, 31 }, // U+04C8
    { 0x04C9, 12 }, // U+04C9
    { 0x04CA, 31 }, // U+04CA
    { 0x04CB, 55 }, // U+04CB
    { 0x04CC, 63 }, // U+04CC
    { 0x04CD, 15 }, // U+04CD
    { 0x04CE, 61 }, // U+04CE
    { 0x04D0, 11 }, // U+04D0
    { 0x04D1, 23 }, // U+04D1
    { 0x04D2, 11 }, // U+04D2
    { 0x04D3, 23 }, // U+04D3
    { 0x04D4, 45 }, // U+04D4
    { 0x04D5, 23 }, // U+04D5
    { 0x04D6, 12 }, // U+04D6
    { 0x04D7, 25 }, // U+04D7
    { 0x04D8, 74 }, // U+04D8
    { 0x04D9, 48 }, // U+04D9
    { 0x04DA, 74 }, // U+04DA
    { 0x04DB, 48 }, // U+04DB
    { 0x04DC, 53 }, // U+04DC
    { 0x04DD, 59 }, // U+04DD
    { 0x04DE, 49 }, // U+04DE
    { 0x04DF, 60 }, // U+04DF
    { 0x04E0, 49 }, // U+04E0
    { 0x04E1, 38 }, // U+04E1
    { 0x04E2, 12 }, // U+04E2
    { 0x04E3, 31 }, // U+04E3
    { 0x04E4, 12 }, // U+04E4
    { 0x04E5, 31 }, // U+04E5
    { 0x04E6, 13 }, // U+04E6
    { 0x04E7, 25 }, // U+04E7
    { 0x04E8, 13 }, // U+04E8
    { 0x04E9, 25 }, // U+04E9
    { 0x04EA, 13 }, // U+04EA
    { 0x04EB, 25 }, // U+04EB
    { 0x04EC, 49 }, // U+04EC
    { 0x04ED, 60 }, // U+04ED
    { 0x04EE, 52 }, // U+04EE
    { 0x04EF, 37 }, // U+04EF
    { 0x04F0, 52 }, // U+04F0
    { 0x04F1, 37 }, // U+04F1
    { 0x04F2, 52 }, // U+04F2
    { 0x04F3, 37 }, // U+04F3
    { 0x04F4, 55 }, // U+04F4
    { 0x04F5, 63 }, // U+04F5
    { 0x04F6, 12 }, // U+04F6
    { 0x04F7, 31 }, // U+04F7
    { 0x04F8, 12 }, // U+04F8
    { 0x04F9, 31 }, // U+04F9
    { 0x04FA, 14 }, // U+04FA
    { 0x04FB, 75 }, // U+04FB
    { 0x04FC, 20 }, // U+04FC
    { 0x04FD, 36 }, // U+04FD
    { 0x04FE, 20 }, // U+04FE
    { 0x04FF, 36 }, // U+04FF
    { 0x1EA0, 11 }, // U+1EA0
    { 0x1EA1, 23 }, // U+1EA1
    { 0x1EA2, 11 }, // U+1EA2
    { 0x1EA3, 23 }, // U+1EA3
    { 0x1EA4, 11 }, // U+1EA4
    { 0x1EA5, 23 }, // U+1EA5
    { 0x1EA6, 11 }, // U+1EA6
    { 0x1EA7, 23 }, // U+1EA7
    { 0x1EA8, 11 }, // U+1EA8
    { 0x1EA9, 23 }, // U+1EA9
    { 0x1EAA, 11 }, // U+1EAA
    { 0x1EAB, 23 }, // U+1EAB
    { 0x1EAC, 11 }, // U+1EAC
    { 0x1EAD, 23 }, // U+1EAD
    { 0x1EAE, 11 }, // U+1EAE
    { 0x1EAF, 23 }, // U+1EAF
    { 0x1EB0, 11 }, // U+1EB0
    { 0x1EB1, 23 }, // U+1EB1
    { 0x1EB2, 11 }, // U+1EB2
    { 0x1EB3, 23 }, // U+1EB3
    { 0x1EB4, 11 }, // U+1EB4
    { 0x1EB5, 23 }, // U+1EB5
    { 0x1EB6, 11 }, // U+1EB6
    { 0x1EB7, 23 }, // U+1EB7
    { 0x1EB8, 12 }, // U+1EB8
    { 0x1EB9, 25 }, // U+1EB9
    { 0x1EBA, 12 }, // U+1EBA
    { 0x1EBB, 25 }, // U+1EBB
    { 0x1EBC, 12 }, // U+1EBC
    { 0x1EBD, 25 }, // U+1EBD
    { 0x1EBE, 12 }, // U+1EBE
    { 0x1EBF, 25 }, // U+1EBF
    { 0x1EC0, 12 }, // U+1EC0
    { 0x1EC1, 25 }, // U+1EC1
    { 0x1EC2, 12 }, // U+1EC2
    { 0x1EC3, 25 }, // U+1EC3
    { 0x1EC4, 12 }, // U+1EC4
    { 0x1EC5, 25 }, // U+1EC5
    { 0x1EC6, 12 }, // U+1EC6
    { 0x1EC7, 25 }, // U+1EC7
    { 0x1EC8, 12 }, // U+1EC8
    { 0x1EC9, 29 }, // U+1EC9
    { 0x1ECA, 12 }, // U+1ECA
    { 0x1ECB, 29 }, // U+1ECB
    { 0x1ECC, 13 }, // U+1ECC
    { 0x1ECD, 25 }, // U+1ECD
    { 0x1ECE, 13 }, // U+1ECE
    { 0x1ECF, 25 }, // U+1ECF
    { 0x1ED0, 13 }, // U+1ED0
    { 0x1ED1, 25 }, // U+1ED1
    { 0x1ED2, 13 }, // U+1ED2
    { 0x1ED3, 25 }, // U+1ED3
    { 0x1ED4, 13 }, // U+1ED4
    { 0x1ED5, 25 }, // U+1ED5
    { 0x1ED6, 13 }, // U+1ED6
    { 0x1ED7, 25 }, // U+1ED7
    { 0x1ED8, 13 }, // U+1ED8
    { 0x1ED9, 25 }, // U+1ED9
    { 0x1EDA, 13 }, // U+1EDA
    { 0x1EDB, 25 }, // U+1EDB
    { 0x1EDC, 13 }, // U+1EDC
    { 0x1EDD, 25 }, // U+1EDD
    { 0x1EDE, 13 }, // U+1EDE
    { 0x1EDF, 25 }, // U+1EDF
    { 0x1EE0, 13 }, // U+1EE0
    { 0x1EE1, 25 }, // U+1EE1
    { 0x1EE2, 13 }, // U+1EE2
    { 0x1EE3, 25 }, // U+1EE3
    { 0x1EE4, 18 }, // U+1EE4
    { 0x1EE5, 34 }, // U+1EE5
    { 0x1EE6, 18 }, // U+1EE6
    { 0x1EE7, 34 }, // U+1EE7
    { 0x1EE8, 18 }, // U+1EE8
    { 0x1EE9, 34 }, // U+1EE9
    { 0x1EEA, 18 }, // U+1EEA
    { 0x1EEB, 34 }, // U+1EEB
    { 0x1EEC, 18 }, // U+1EEC
    { 0x1EED, 34 }, // U+1EED
    { 0x1EEE, 18 }, // U+1EEE
    { 0x1EEF, 34 }, // U+1EEF
    { 0x1EF0, 18 }, // U+1EF0
    { 0x1EF1, 34 }, // U+1EF1
    { 0x1EF2, 21 }, // U+1EF2
    { 0x1EF3, 37 }, // U+1EF3
    { 0x1EF4, 21 }, // U+1EF4
    { 0x1EF5, 37 }, // U+1EF5
    { 0x1EF6, 21 }, // U+1EF6
    { 0x1EF7, 37 }, // U+1EF7
    { 0x1EF8, 21 }, // U+1EF8
    { 0x1EF9, 37 }, // U+1EF9
    { 0x2018, 76 }, // U+2018
    { 0x2019, 77 }, // U+2019
    { 0x201A, 5 }, // U+201A
    { 0x201C, 76 }, // U+201C
    { 0x201D, 77 }, // U+201D
    { 0x201E, 5 }, // U+201E
    { 0x2020, 78 }, // U+2020
    { 0x2022, 79 }, // U+2022
    { 0x2039, 80 }, // U+2039
    { 0x203C, 1 }, // U+203C
    { 0x203D, 9 }, // U+203D
    { 0x2047, 9 }, // U+2047
    { 0x2048, 9 }, // U+2048
    { 0x2049, 1 }, // U+2049
};

static const int8_t ebgaramond_14_boldKernMatrix[] = {
       0,    0,    0,    0,    0,    0,    0,    0,    0,    0,    0,    0,    0,    0,    0,    0,  -31,    0,  -28,    0,  -32,    0,    0,    0,   -7,    0,    0,    0,    0,    0,    0,    0,    0,    0,    0,    0,    0,    0,    0,    0,    0,    0,    0,    0,    0,    0,    0,    0,    0,   -2,    0,  -17,    0,    0,   -2,    0,    0,    0,    0,   -2,    0,    0,    0,    0,    0,    0,    0,    0,    0,    0,    0,    0,    0,    0,    0,    0,    0,    0,    0,    0,
       0,    0,    0,    0,    0,    0,    0,    0,    0,    0,    0,    0,   -7,   35,    0,    0,    0,    0,    0,    0,    0,    0,    0,    0,    0,    0,    0,    0,    0,    0,    0,    0,    0,    0,    0,    0,    0,    0,    0,    0,    0,    0,    0,    0,    0,    0,    0,    0,    0,    0,    0,    0,    0,    0,    0,    0,    0,    0,    0,    0,    0,    0,    0,    0,    0,    0,    0,    0,    0,    0,    0,    0,    0,    0,    0,    0,    0,    0,    0,    0,
       0,    0,    0,    0,    0,    0,    0,    0,    0,    0,  -44,    0,    0,    0,    0,    0,    0,    0,    0,    0,    0,    0,   -9,    0,   -3,    0,    0,    0,    0,    0,    0,    0,    0,    0,    0,    0,    0,    0,    0,    0,    0,    0,    0,    0,    0,    0,    0,    0,    0,    0,  -34,    0,    0,    0,    0,   -7,    0,  -22,    0,   -3,    0,    0,    0,  -28,    0,    0,    0,   -2,    0,    0,    0,    0,    0,    0,    0,    0,    0,    0,    0,    0,
       0,    0,    0,    0,    0,    0,    0,    0,    0,    0,    0,    0,  -12,    0,    0,    0,  -56,    0,  -66,    0,  -43,    0,   -5,    0,   -6,    0,    0,    0,    0,    0,    0,    0,    0,    0,  -40,    0,  -35,    0,    0,    0,    0,    0,    0,    0,    0,    0,    0,    0,    0,  -40,    0,   -2,    0,    0,  -62,    0,   -2,    0,    0,    0,    0,  -17,  -31,    0,    0,    0,    0,    0,    0,    0,    0,  -44,  -23,    0,    0,    0,    0,    0,    0,    0,
       0,    0,    0,    0,    0,    0,    0,    0,    0,    0,    0,    0,    0,    0,    0,    0,  -30,    0,  -27,  -21,  -32,    0,    0,    0,    0,    0,    0,    0,    0,    0,    0,    0,    0,    0,    0,    0,    0,    0,    0,    0,    0,    0,    0,    0,    0,    0,    0,    0,    0,    0,    0,   -3,  -13,    0,   -4,    0,    0,    0,    0,    0,    0,    0,    0,    0,    0,    0,    0,  -13,    0,    0,    0,  -10,    0,    0,    0,    0,    0,    0,    0,    0,
       0,    0,    0,    0,    0,    0,    0,    0,    0,    0,  -51,    0,    0,    0,    0,    0,    0,    0,    0,    0,    0,    0,  -30,    0,  -38,    0,  -23,    0,    0,    0,  -29,  -21,  -14,  -10,   -3,   -4,  -16,  -17,    0,    0,    0,    0,    0,    0,    0,    0,    0,  -28,    0,    0,  -42,    0,    0,    0,    0,  -34,   -2,  -46,  -14,  -31,    0,   -3,  -16,  -38,    0,    0,    0,    0,  -17,    0,    0,    0,  -13,    0,    0,    0,    0,    0,    0,    0,
       0,    0,    0,    0,    0,    0,    0,    0,    0,    0,    0,    0,    0,    0,    0,    0,  -35,    0,  -47,    0,  -37,    0,    0,    0,    0,    0,    0,    0,    0,    0,    0,    0,    0,    0,    0,    0,    0,    0,    0,    0,    0,    0,    0,    0,    0,    0,    0,    0,    0,  -22,    0,  -15,    0,    0,   -2,    0,    0,    0,    0,    0,    0,    0,    0,    0,    0,    0,    0,    0,    0,    0,    0,  -14,    0,    0,    0,    0,    0,    0,    0,    0,
       0,    0,    0,    0,    0,    0,    0,    0,    0,    0,   -7,    0,    0,    0,    0,    0,  -23,    0,  -31,  -10,  -38,    0,    0,    0,    0,    0,    0,    0,    0,    0,    0,    0,    0,    0,    0,    0,    0,    0,    0,    0,    0,    0,    0,    0,    0,    0,    0,    0,    0,    0,    0,    0,    0,    0,    0,    0,    0,    0,    0,    0,    0,    0,    0,    0,    0,    0,    0,    0,    0,    0,    0,    0,    0,    0,    0,    0,    0,    0,    0,    0,
       0,    0,    0,  -44,    0,    0,    0,    0,    0,    0,    0,   -6,  -10,    0,    0,    0,  -44,  -19,  -58,    0,  -35,  -35,    0,    0,   -7,    0,    0,    0,    0,    0,    0,    0,    0,   -6,  -36,    0,  -33,   -2,  -10,  -20,  -17,    0,  -16,    0,    0,    0,    0,    0,   -4,  -34,    0,  -29,    0,  -13,  -43,    0,  -19,    0,    0,    0,    0,  -16,  -28,    0,    0,  -32,  -21,    0,    0,  -51,    0,  -41,  -32,   -9,    0,  -27,  -48,  -20,  -28,  -17,
       0,    0,    0,    0,    0,    0,    0,    0,    0,    0,   -7,    0,    0,  -10,    0,    0,   -2,    0,  -12,   -8,  -13,    0,    0,    0,    0,    0,    0,    0,    0,    0,    0,    0,    0,    0,    0,    0,    0,    0,    0,    0,    0,    0,    0,    0,   -7,    0,    0,    0,    0,    0,  -11,   -9,   -6,    0,   -4,    0,    0,    0,    0,    0,    0,    0,    0,   -7,    0,    0,    0,   -4,    0,    0,    0,    0,    0,    0,    0,    0,    0,    0,    0,    0,
       0,    0,    0,    0,    0,    0,    0,    0,    0,    0,   -4,    0,    0,    0,    0,    0,    0,    0,    0,   -6,  -10,    0,   -6,    0,    0,    0,    0,    0,    0,    0,    0,    0,   -7,   -6,  -10,    0,  -14,    0,    0,    0,    0,    0,    0,    0,    0,    0,    0,    0,  -10,    0,   -7,    0,    0,   -2,    0,    0,    0,    0,    0,    0,    0,    0,    0,    0,    0,    0,    0,    0,    0,    0,    0,    0,   -7,    0,    0,    0,    0,    0,    0,    0,
       0,    0,   -7,    0,  -12,    0,  -13,    0,    0,    0,  -20,    0,   10,   -6,    0,    0,   -9,    0,  -20,  -20,  -15,    0,    0,    0,    0,    0,    0,    0,    0,    0,    0,    0,    0,    0,    0,    0,    0,    0,    0,    0,    0,    0,    0,    0,  -23,    0,    0,    0,    0,   -2,  -29,  -15,  -16,    0,    0,  -26,    0,  -12,    0,    7,    0,    0,    0,    0,    0,    0,    0,  -18,    0,   -2,    0,    0,    0,    0,    0,    0,    0,    0,    0,    0,
       0,    0,    0,    0,    0,    0,    0,    0,    0,    0,    0,    0,    0,    0,    0,    0,    0,    0,    0,    0,    0,    0,   -2,    0,   -2,    0,    0,    0,    0,    0,    0,    0,   -9,    0,  -14,    0,  -14,    0,    0,    0,    0,    0,    0,    0,    0,  -12,    0,    0,    0,    0,    0,    0,    0,    0,    0,    0,    0,    0,    0,    0,    0,    0,    0,    0,    0,    0,    0,    0,    0,    0,    0,    0,    0,    0,    0,    0,    0,    0,    0,    0,
       0,    0,    0,    0,  -38,    0,  -17,    0,    0,    0,  -37,    0,    0,    0,    0,    0,    0,    0,    0,    0,    0,    0,  -10,    0,  -14,    0,  -14,    0,    0,    0,   -6,  -15,   -9,   -7,  -14,   -7,  -14,    0,    0,    0,    0,    0,    0,    0,    0,  -14,    0,   -7,    0,    0,    0,    0,    0,    0,    0,    0,    0,    0,    0,    0,    0,    0,    0,    0,    0,    0,    0,    0,    0,    0,    0,    0,    0,    0,    0,    0,    0,    0,    0,  -12,
       0,    0,    0,    0,    0,    0,    0,    0,    0,    0,    0,    0,    0,  -10,    0,    0,  -10,    0,  -14,   -7,   -7,    0,    0,    0,    0,    0,    0,    0,    0,    0,   -6,    0,    0,    0,    0,    0,    0,    0,    0,    0,    0,    0,    0,    0,  -12,    0,    0,    0,    0,    0,    0,    0,    0,    0,    0,    0,    0,    0,    0,    0,    0,    0,    0,    0,    0,    0,    0,    0,    0,    0,    0,    0,    0,    0,    0,    0,    0,    0,    0,    0,
       0,    0,    0,    0,    0,    0,    0,    0,    0,    0,    0,    0,    0,    0,    0,    0,    0,    0,    0,    0,    0,    0,    0,    0,    0,    0,    0,    0,    0,    0,    0,    0,    0,   -7,    0,    0,    0,    0,    0,    0,    0,    0,    0,    0,    0,    0,    0,    0,    0,    0,    0,    0,    0,    0,    0,    0,   -1,    0,    0,    0,    0,    0,    0,    0,    0,    0,   -7,    0,    0,    0,    0,    0,   -2,    0,    0,    0,    0,    0,    0,    0,
       0,    0,    0,    0,    0,    0,    0,    0,    0,    0,    0,    0,    0,    0,    0,    0,    0,    0,    0,    0,    0,    0,   -7,    0,   -6,    0,   -7,   -3,   -6,    0,   -4,  -14,    0,  -12,   -7,  -10,    0,    0,    0,    0,    0,    0,    0,    0,   -3,    0,    0,    0,    0,    0,    0,    0,    0,    0,    0,    0,    0,    0,    0,    0,    0,    0,    0,    0,    0,    0,    0,    0,    0,    0,    0,    0,    0,    0,    0,    0,    0,    0,    0,    0,
       0,    0,    0,    0,    0,    0,    0,    0,    0,    0,    0,    0,  -23,    0,    0,    0,  -10,    0,    0,    0,    0,    0,    0,    0,  -10,    0,    0,    0,    0,    0,    0,    0,   -6,  -12,  -35,    0,  -27,    0,    0,    0,  -33,    0,  -27,    0,    0,  -12,    0,    0,    0,    0,    0,    0,    0,    0,    0,    0,    0,    0,    0,    0,    0,    0,    0,    0,    0,    0,    0,    0,    0,    0,    0,    0,    0,   -7,    0,    0,    0,    0,  -35,  -31,
       0,    0,    0,  -35,    0,    0,    0,    0,    0,    0,    0,    0,    0,    0,    0,    0,  -52,    0,  -35,    0,  -35,  -25,    0,    0,    7,    0,    0,    0,    0,    0,    0,    0,    0,    0,  -23,    0,  -23,    0,    0,    0,    0,    0,    0,    0,    0,    0,    0,    0,    0,    0,    0,    0,    0,    0,    0,    0,    0,    0,    0,    0,    0,    0,    0,    0,    0,    0,    0,    0,    0,    0,    0,    0,    0,    0,    0,    0,  -26,    0,  -17,    0,
       0,    0,    0,    0,    0,    0,    0,    0,    0,    0,    0,    0,    0,    0,    0,    0,    0,    0,    0,    0,    0,    0,   -9,    0,   -9,    0,    0,    0,    0,    0,    0,    0,  -19,  -12,  -19,    0,  -19,    0,    0,    0,  -10,    0,    0,    0,    0,   -9,    0,    0,    0,    0,    0,    0,    0,   -8,    0,    0,    0,    0,    0,    0,    0,    0,    0,    0,    0,    0,    0,    0,    0,   -1,    0,    0,    0,    0,    0,    0,    0,    0,    0,    0,
       0,    0,    0,    0,  -12,    0,    0,    0,    0,    0,   -6,    0,    0,    0,    0,    0,    0,    0,    0,    0,    0,    0,   -7,    0,  -12,    0,    0,   -3,  -10,   -7,   -6,  -14,    0,    0,    0,  -15,    0,    0,    0,    0,    0,    0,    0,    0,    0,   -7,   -7,    0,   -7,    0,    0,    0,    0,    0,    0,    0,    0,    0,    0,    0,    0,    0,    0,    0,   -7,    0,    0,    0,    0,    0,    0,    0,    0,    0,   -7,    0,    0,    0,    0,    0,
       0,   -2,    0,    0,  -45,    0,  -27,    0,    0,    0,  -38,    0,    0,    0,    0,    0,    0,    0,    0,   -7,    0,    0,  -12,    0,  -14,    0,  -10,    0,    0,    0,    0,  -12,    0,    0,    0,    0,    0,    0,    0,  -20,    0,    0,    0,    0,  -54,  -12,    0,    0,    0,    0,  -40,    0,    0,    0,    0,  -35,    0,   -2,    0,    0,    0,    0,    0,  -19,    0,    0,    0,  -19,    0,    0,    0,    0,    0,    0,    0,    0,    0,    0,    0,    0,
       0,    0,  -14,    0,    0,    0,    0,    0,    0,    0,    3,    0,  -14,    0,    0,    0,  -47,   -7,  -54,    0,  -37,  -35,    0,    0,    0,    0,    0,    0,    0,    0,    0,    0,   -6,   -7,  -27,    0,  -27,    0,    0,    0,    0,    0,  -17,    0,    0,    0,    0,    0,    0,    0,    0,    0,    0,    0,    0,    0,    0,    0,    0,    0,    0,    0,    0,    0,    0,    0,    0,    0,    0,    0,    0,    0,    0,    0,    0,  -27,    0,    0,  -31,  -27,
       0,    0,    0,    0,    0,    0,    0,    0,    0,    0,    0,    0,    0,    0,    0,    0,    0,    0,    0,    0,    0,    0,    0,    0,    6,   -7,    0,    0,    0,    0,    0,    0,    0,    0,    0,    0,    0,    0,    0,    0,    0,    0,    0,    0,   -1,    0,    0,    0,    0,    0,    0,    0,    0,    0,    0,    0,    0,    0,    0,    0,    0,    0,    0,    0,    0,    0,    0,   -1,    0,    0,    0,    0,    0,    0,    0,    0,    0,    0,    0,    0,
       0,  -17,    0,    0,  -56,  -30,  -25,  -35,    0,  -23,  -40,    0,   -9,    0,    0,    0,    0,    0,   19,    0,    6,    0,  -49,    0,  -45,   -6,  -33,    0,  -10,   -9,  -28,  -39,  -47,  -33,  -47,  -42,  -47,  -43,    0,  -35,    0,    0,  -38,  -20,  -47,   -2,   -9,  -48,    0,    0,  -29,    0,    0,  -11,    0,  -40,  -16,  -42,  -44,  -42,  -35,  -29,  -37,  -50,   -9,    0,    0,    0,  -53,    0,    0,    0,  -59,   -6,  -33,    0,    0,    0,  -22,  -31,
       0,    0,    0,    0,    0,    0,    0,    0,    0,    0,  -29,    0,    0,   -7,    0,    0,    0,    0,    0,    0,    0,    0,  -12,    0,  -12,  -10,  -14,  -14,  -10,   -7,   -6,  -15,    0,    0,    0,    0,  -15,  -14,    0,    0,    0,    0,    0,    0,    0,    0,   -7,    0,    0,    0,    0,    0,    0,    0,    0,    0,    0,    0,    0,    0,    0,    0,    0,    0,   -7,    0,    0,    0,    0,    0,    0,    0,    0,    0,   -7,    0,    0,    0,    0,    0,
       0,  -36,    0,    0,  -66,  -27,  -54,  -47,    0,  -35,  -64,    0,  -20,    0,    0,  -12,    0,    0,    0,    0,    0,    0,  -50,    0,  -54,  -23,  -38,  -15,  -13,  -12,  -42,  -55,  -37,  -35,  -47,  -44,  -47,  -44,  -17,  -53,  -17,    0,  -40,  -30,  -71,  -12,  -12,  -49,   -7,    0,  -44,    0,    0,  -14,    0,  -41,  -39,  -70,  -47,  -50,  -49,  -34,  -33,  -64,  -12,  -12,  -15,    0,  -47,    0,    0,    0,  -36,  -14,  -48,    0,    0,  -14,  -22,  -31,
       0,    0,    0,    0,    0,  -21,    0,    0,    0,  -10,    0,    0,  -20,    0,    0,    0,    0,    0,    0,    0,    0,    0,    0,    0,  -10,    0,    0,    0,    0,    0,    0,    0,    0,  -10,  -25,    0,  -36,    0,    0,  -31,  -17,    0,  -21,    0,    0,    0,    0,    0,   -7,  -10,    0,    0,    0,  -25,    0,    0,  -22,    0,    0,    0,    0,  -21,  -35,    0,    0,    0,  -15,    0,    0,    0,    0,    0,  -47,  -20,    0,    0,    0,  -10,  -32,  -23,
       0,  -21,    0,    0,  -41,  -32,  -31,  -37,    0,  -35,  -39,    0,  -15,    0,    0,   -6,    3,    0,    0,    0,    0,    0,  -41,    0,  -47,  -17,  -35,  -14,   -7,  -19,  -30,  -42,  -47,  -27,  -37,  -35,  -37,  -35,    0,  -43,  -12,    0,  -41,  -36,  -43,  -12,  -19,  -40,   -6,    0,  -24,    0,    0,  -23,    0,  -28,  -30,  -40,  -48,  -40,  -36,  -32,  -36,  -52,  -19,    0,   -7,    0,  -42,    0,    0,    0,  -28,  -10,  -19,    0,    0,  -14,  -17,  -31,
       0,    0,    0,    0,    0,    0,    0,    0,    0,    0,    0,    0,    0,    0,    0,    0,    0,    0,    0,    0,    0,    0,    0,    0,    0,    0,    0,    0,    0,    0,    0,    0,    0,    0,    0,    0,  -19,    0,    0,    0,    0,    0,    0,    0,    0,    0,    0,    0,    0,    0,    0,    0,    0,    0,    0,    0,    0,    0,    0,    0,    0,    0,    0,    0,    0,    0,    0,    0,    0,    0,    0,    0,    0,    0,    0,    0,    0,    0,    0,    0,
       0,    0,    0,    0,    0,    0,    0,    0,    0,    0,    0,    0,    0,    0,    0,    0,    0,    0,    0,    0,    0,    0,    0,    0,    0,    0,    0,    0,    0,    0,    0,    0,    0,    0,   -7,    0,   -7,    0,    0,    0,    0,    0,    0,    0,    0,    0,    0,    0,    0,    0,    0,    0,    0,    0,    0,    0,    0,    0,    0,    0,    0,    0,    0,    0,    0,    0,    0,    0,    0,    0,    0,    0,    0,    0,    0,    0,    0,    0,    0,    0,
       0,    0,    0,    0,    0,    0,    0,    0,    0,    0,    0,    0,   -6,    0,    0,    0,  -35,  -23,  -50,    0,  -48,    0,    0,    0,    0,    0,    0,    0,    0,    0,    0,    0,  -14,    0,  -29,    0,  -12,    0,    0,    0,    0,    0,    0,    0,    0,    0,    0,    0,    0,   -5,    0,   -2,    0,    0,  -11,    0,    0,    0,    0,    0,    0,    0,  -28,    0,    0,   -3,    0,    0,    0,  -10,    0,   -7,  -19,    0,    0,    0,    0,    0,    0,    0,
       0,    0,    0,  -21,    0,    0,    0,    0,    0,    0,    0,    0,    0,    0,    0,    0,  -56,    0,  -35,    0,  -35,  -20,    0,    0,    0,    0,    0,    0,    0,   -1,    0,    0,    0,    0,  -11,    0,  -12,   -9,    0,    0,    0,    0,    0,    0,    0,    0,   -1,    0,    0,    0,    0,    0,    0,    0,    0,    0,   -1,    0,   -1,   -1,    0,   -4,  -13,    0,   -1,    0,  -11,    0,   -1,    0,    0,    0,  -14,    0,   -1,  -17,   -2,    0,    0,    0,
       0,    0,    0,   -4,   -6,    0,    0,    0,    0,    0,   -7,    0,    0,  -15,  -10,    0,  -40,    0,  -46,    0,  -38,  -30,   -2,  -12,    0,    0,    0,   -7,    0,    0,    0,    0,   -4,    0,   -7,  -13,   -8,   -1,    0,    0,    0,    0,    0,   -2,    0,    0,    0,    0,    0,    0,    0,    0,    0,    0,    0,    0,    0,  -14,   -8,   -1,   -1,    0,    0,  -13,    0,    0,   -3,    0,  -13,    0,    0,    0,    0,    0,    0,  -28,  -14,    0,    0,    0,
       0,    0,    0,   -2,    0,    0,    0,    0,    0,    0,    0,    0,    0,    0,   -7,    0,  -40,    0,  -35,    0,  -38,  -22,   -7,    0,   -2,    0,    0,   -4,    0,   -2,   -1,    0,    0,    0,   -2,  -10,   -2,   -2,    0,    0,    0,    0,    0,    0,    0,    0,   -2,    0,    0,    0,    0,    0,    0,    0,    0,    0,    0,  -12,   -1,   -1,    0,    0,   -1,   -8,   -2,    0,   -2,    0,  -11,    0,    0,    0,    0,    0,   -2,    0,    0,    0,    0,    0,
       0,    0,    0,    0,    0,    0,    0,    0,    0,    0,    0,    0,    0,    0,    0,    0,    0,    0,    0,    0,    0,    0,    0,    0,   -7,    0,    0,    0,    0,    0,    0,    0,   -7,   -4,   -7,    0,   -6,    0,    0,    0,    0,    0,    0,    0,    0,    0,    0,    0,    0,    0,    0,    0,    0,    0,    0,    0,    0,    0,    0,    0,    0,    0,    0,    0,    0,    0,    0,    0,    0,    0,    0,    0,    0,    0,    0,    0,   -7,    0,    0,    0,
       0,    0,    0,    0,    0,    0,    0,    0,    0,    0,    0,    0,    0,    0,   -6,    0,  -40,    0,  -42,    0,  -46,  -26,    0,   -6,   -1,    0,    0,    0,    0,    0,    0,    0,    0,    0,   -6,   -7,    0,    0,    0,    0,    0,    0,    0,    0,    0,    0,    0,    0,    0,    0,    0,    0,    0,    0,    0,    0,    0,  -12,   -1,    0,    0,    0,    0,   -6,    0,    0,   -3,    0,  -13,    0,    0,    0,    0,    0,    0,  -14,    0,    0,    0,    0,
      42,    7,   54,   65,   -7,    0,    0,    0,   46,    0,    0,   27,   15,    0,    0,    0,   46,    0,    0,    0,    0,   57,   -8,   33,  -12,    0,   -6,   25,   33,   27,    0,    0,    0,    0,    0,    0,    0,    0,    0,    0,    0,    0,    0,    0,    0,   33,   27,   -6,    0,    0,    0,    0,    0,    0,    0,    0,    0,    0,    0,    0,    0,    0,    0,    0,   27,    0,    0,    0,    0,    0,    0,    0,    0,    0,   27,   31,   50,   35,    0,    0,
       0,    0,    0,    0,    0,    0,    0,    0,    0,    0,    0,    0,    0,    0,    0,    0,    0,    0,  -23,    0,  -35,  -14,    0,    0,   -4,    0,    0,    0,    0,   21,    0,    0,    0,    0,    0,    0,    0,    0,    0,    0,    0,    0,    0,    0,    0,    0,   10,    0,    0,    0,    0,    0,    0,    0,    0,    0,    0,    0,    0,    0,    0,    0,    0,    0,   10,    0,    0,    0,    0,    0,    0,    0,    0,    0,   10,    0,    0,    0,    0,    0,
       0,    0,    0,  -17,    0,    0,    0,    0,    0,    0,    0,    0,    0,    0,    0,    0,  -42,    0,  -42,    0,  -46,  -30,    0,   -6,    0,    0,    0,    0,    0,    0,    0,    0,   -7,    0,  -12,    0,  -13,    0,    0,    0,    0,    0,    0,    0,    0,    0,    0,    0,    0,    0,    0,    0,    0,    0,    0,    0,    0,    0,    0,    0,    0,    0,  -13,    0,    0,    0,   -6,    0,    0,    0,    0,    0,  -14,    0,    0,    0,    0,    0,    0,    0,
       0,    0,    0,    0,    0,    0,    0,    0,    0,    0,    0,    0,    0,    0,    0,    0,  -17,    0,  -19,    0,    0,  -17,    0,    0,    0,    0,    0,    0,    0,    0,    0,    0,    0,    0,    0,    0,    0,    0,    0,    0,    0,    0,    0,    0,    0,    0,    0,    0,    0,    0,    0,    0,    0,    0,    0,    0,    0,    0,    0,    0,    0,    0,    0,    0,    0,    0,    0,    0,    0,    0,    0,    0,    0,    0,    0,    0,    0,    0,    0,    0,
       0,    0,    0,    0,    0,    0,    0,    0,    0,    0,    0,    0,    0,    0,    0,    0,    0,    0,  -21,    0,    0,    0,    0,    0,  -10,    0,    0,    0,    0,    0,    0,    0,    0,    0,    0,    0,    0,    0,    0,  -14,    0,    0,  -12,    0,    0,  -10,    0,   -6,    0,    0,    0,    0,    0,    0,    0,    0,    0,    0,    0,    0,    0,    0,    0,    0,    0,    0,    0,    0,    0,    0,    0,    0,    0,    0,    0,    0,    0,    0,    0,    0,
       0,    0,    0,    0,    0,    0,    0,    0,    0,    0,    0,    0,    0,    0,    0,    0,    0,    0,    0,    0,    0,  -20,   -5,   -6,    0,    0,    0,    0,    0,    0,    0,    0,    0,    0,    0,    0,    0,   -6,    0,    0,    0,    0,    0,    0,    0,    0,    0,    0,    0,    0,    0,    0,    0,    0,    0,    0,    0,    0,    0,    0,    0,    0,    0,    0,    0,    0,    0,    0,    0,    0,    0,    0,    0,    0,    0,    0,    0,    0,    0,    0,
       0,    0,    0,    0,  -27,    0,  -17,    0,    0,    0,    0,    0,    0,    0,    0,    0,    0,    0,  -21,    0,    0,    0,    0,    0,   -6,    0,    0,    0,    0,    0,    0,    0,    0,    0,    0,    0,    0,    0,    0,  -14,    0,    0,    0,    0,    0,    0,    0,    0,    0,    0,    0,    0,    0,    0,    0,    0,    0,    0,    0,    0,    0,    0,    0,    0,    0,    0,    0,    0,    0,    0,    0,    0,    0,    0,    0,    0,    0,    0,    0,    0,
       0,    0,    0,    0,    0,    0,    0,    0,    0,    0,    0,    0,    0,    0,    0,    0,  -33,    0,  -36,    0,    0,  -17,    0,    0,    0,    0,    0,    0,    0,    0,    0,    0,    0,    0,    0,    0,   -3,    0,    0,    0,    0,    0,    0,    0,    0,    0,    0,    0,    0,    0,    0,    0,    0,    0,    0,    0,    0,    0,    0,    0,    0,    0,    0,    0,    0,    0,    0,    0,    0,    0,    0,    0,    0,    0,    0,    0,   -7,    0,    0,    0,
       0,    0,    0,    0,    0,    0,    0,    0,    0,    0,    0,    0,    0,    0,    0,    0,    0,    0,    0,    0,    0,   -7,    0,    0,    0,    0,    0,    0,    0,    0,    0,    0,    0,    0,    0,    0,    0,    0,    0,    0,    0,    0,    0,    0,    0,    0,    0,    0,    0,    0,    0,    0,    0,    0,    0,    0,    0,    0,    0,    0,    0,    0,    0,    0,    0,    0,    0,    0,    0,    0,    0,    0,    0,    0,    0,    0,    0,    0,    0,    0,
       0,    0,   -7,    0,  -33,    0,  -22,    0,    0,   -4,  -37,    0,    0,    0,    0,    0,    0,    0,    0,    0,    0,    0,  -11,    0,   -8,    0,  -12,   -7,    0,    0,    0,   -4,    0,    0,    0,    0,    0,    0,    0,  -17,    0,    0,  -10,    0,    0,   -5,    0,   -5,    0,    0,    0,    0,    0,    0,    0,    0,    0,  -21,    0,   -1,    0,    0,    0,  -26,    0,    0,    0,    0,    0,    0,    0,    0,    0,    0,    0,    0,    0,    0,    0,    0,
       0,    0,    0,    0,    0,    0,    0,    0,    0,    0,    0,    0,    0,    0,    0,    0,    0,    0,    0,    0,    0,  -24,   -1,    0,  -12,    0,   -6,    0,    0,    0,    0,    0,    0,    0,    0,    0,    0,    0,    0,  -17,    0,    0,  -14,    0,    0,   -4,    0,   -6,    0,    0,    0,    0,    0,    0,    0,    0,    0,    0,    0,   -1,    0,    0,    0,    0,    0,    0,    0,    0,    0,    0,    0,    0,    0,    0,    0,    0,    0,    0,    0,    0,
       0,    0,    0,    0,    0,    0,    0,    0,    0,    0,    0,    0,    0,   23,    0,    0,  -13,    0,  -33,    0,  -37,    0,    0,    0,    0,    0,    0,    0,    0,    0,    0,    0,    0,    0,    0,    0,    0,    0,    0,    0,    0,    0,    0,    0,    0,    0,    0,    0,    0,    0,    0,  -14,    0,    0,    0,    0,    0,    0,    0,    0,    0,    0,    0,    0,    0,    0,    0,    0,    0,    0,    0,  -10,    0,    0,    0,    0,    0,    0,    0,    0,
       0,    0,    0,    0,    0,    0,    0,    0,    0,    0,    0,    0,    0,    0,    0,    0,    0,    0,   -7,    0,    0,    0,    0,    0,    0,    0,    0,    0,    0,    0,    0,    0,    0,    0,    0,    0,    0,    0,    0,    0,    0,    0,    0,    0,    0,    0,    0,    0,    0,    0,    0,    0,    0,    0,    0,    0,    0,    0,    0,    0,    0,    0,    0,    0,    0,    0,    0,    0,    0,    0,    0,    0,    0,    0,    0,    0,    0,    0,    0,    0,
       0,    0,    0,    0,    0,    0,    0,    0,    0,    0,    0,    0,    0,    0,    0,    0,  -20,    0,  -30,    0,  -36,    0,    0,    0,   -2,    0,    0,    0,    0,    0,    0,    0,    0,    0,    0,    0,    0,    0,    0,    0,    0,    0,    0,    0,    0,    0,    0,    0,    0,  -17,    0,  -14,    0,    0,   -4,    0,    0,    0,    0,    0,    0,    0,    0,    0,    0,    0,    0,    0,    0,    0,    0,    0,    0,    0,    0,    0,    0,    0,    0,    0,
       0,    0,    0,    0,    0,    0,    0,    0,    0,    0,  -23,    0,    0,  -12,    0,    0,    0,    0,  -17,  -21,  -17,    0,    0,    0,    0,    0,    0,    0,    0,    0,    0,    0,    0,    0,    0,    0,    0,    0,    0,    0,    0,    0,    0,    0,    0,    0,    0,    0,    0,    0,    0,    0,    0,    0,    0,    0,    0,    0,    0,    0,    0,    0,    0,    0,    0,    0,    0,    0,    0,    0,    0,    0,    0,    0,    0,    0,    0,    0,    0,    0,
       0,    0,    0,    0,    0,    0,    0,    0,    0,    0,  -34,    0,  -15,    0,    0,    0,    0,    0,    0,    0,    0,    0,  -21,    0,  -27,    0,    0,    0,    0,    0,  -28,  -21,    0,    0,  -21,  -23,  -19,  -21,    0,    0,    0,    0,    0,    0,    0,    0,    0,  -21,    0,    0,  -19,    0,    0,  -14,    0,  -27,    0,  -35,  -21,  -23,  -14,  -17,  -21,   -3,    0,    0,    0,    0,  -24,    0,    0,    0,  -12,    0,    0,    0,    0,    0,    0,    0,
       0,    0,    0,    0,    0,    0,    0,    0,    0,    0,  -16,    0,    0,    0,    0,    0,  -38,    0,  -40,  -21,  -41,    0,    0,    0,    0,    0,    0,    0,    0,    0,    0,    0,    0,    0,  -10,  -14,    0,    0,    0,    0,    0,    0,    0,    0,    0,    0,    0,    0,    0,  -35,  -14,  -20,  -17,    0,  -21,  -19,    0,  -14,  -15,    0,    0,    0,    0,    0,    0,    0,    0,  -17,  -15,    0,    0,   -4,    0,    0,    0,    0,    0,    0,    0,    0,
       0,    0,    0,    0,    0,    0,    0,    0,    0,    0,  -20,    0,    0,    0,    0,    0,  -42,    0,  -52,  -31,  -43,    0,    0,    0,    0,    0,    0,    0,    0,    0,    0,    0,    0,    0,  -17,  -17,  -13,    0,    0,    0,    0,    0,    0,    0,    0,    0,    0,    0,    0,  -35,   -2,  -28,  -20,    0,  -36,  -30,    0,  -13,  -16,    0,    0,    0,    0,  -14,    0,    0,    0,  -21,  -14,    0,    0,  -16,    0,    0,    0,    0,    0,    0,    0,    0,
       0,    0,    0,    0,    0,    0,    0,    0,    0,    0,    0,    0,    0,   23,    0,    0,    0,    0,  -27,    0,  -35,    0,    0,    0,    0,    0,    0,    0,    0,    0,    0,    0,    0,    0,    0,    0,    0,    0,    0,    0,    0,    0,    0,    0,    0,    0,    0,    0,    0,    0,    0,  -14,    0,    0,    0,    0,    0,    0,    0,    0,    0,    0,    0,    0,    0,    0,    0,    0,    0,    0,    0,    0,    0,    0,    0,    0,    0,    0,    0,    0,
       0,    0,    0,    0,    0,    0,    0,    0,    0,    0,  -17,    0,    0,    0,    0,    0,    0,    0,  -17,  -25,  -25,    0,    0,    0,    0,    0,    0,    0,    0,    0,    0,    0,    0,    0,    0,    0,    0,    0,    0,    0,    0,    0,    0,    0,    0,    0,    0,    0,    0,    0,    0,    0,    0,    0,    0,    0,    0,    0,    0,    0,    0,    0,    0,    0,    0,    0,    0,    0,    0,    0,    0,    0,    0,    0,    0,    0,    0,    0,    0,    0,
       0,    0,    0,    0,    0,    0,    0,    0,    0,    0,    0,    0,    0,    0,    0,    0,    0,    0,    0,    0,    0,    0,    0,    0,    0,    0,    0,    0,    0,    0,   -7,    0,  -14,   -7,  -17,   -7,  -14,    0,    0,    0,    0,    0,    0,    0,    0,    0,    0,    0,    0,    0,    0,    0,    0,    0,    0,    0,    0,    0,    0,    0,    0,    0,    0,    0,    0,    0,    0,    0,    0,    0,    0,    0,    0,    0,    0,    0,    0,    0,    0,    0,
       0,    0,    0,    0,    0,    0,    0,    0,    0,    0,    0,    0,    0,    0,    0,    0,    0,    0,    0,    0,    0,    0,    0,   23,    0,    0,    0,   23,    0,   14,    0,    0,    0,    0,    0,    0,    0,    0,    0,    0,    0,    0,    0,    0,    0,    0,   14,    0,    0,    0,    0,    0,    0,    0,    0,    0,    0,    0,    0,    0,    0,    0,    0,    0,   14,    0,    0,    0,    0,    0,    0,    0,    0,    0,   14,    0,    0,    0,    0,    0,
      63,    0,   91,   77,    0,    0,    0,    0,   65,    0,    0,    0,    0,    0,    0,    0,    0,    0,    0,    0,    0,    0,    0,    0,    0,    0,    0,    0,    0,    0,    0,    0,    0,    0,    0,    0,    0,    0,    0,    0,    0,    0,    0,    0,    0,    0,    0,    0,    0,    0,    0,    0,    0,    0,    0,    0,    0,    0,    0,    0,    0,    0,    0,    0,    0,    0,    0,    0,    0,    0,    0,    0,    0,    0,    0,   75,   77,    0,    0,    0,
       0,    0,    0,    0,    0,    0,    0,    0,    0,    0,   -9,    0,    0,   -7,    0,    0,    0,    0,    0,    0,    0,    0,   -6,    0,    0,    0,    0,    0,    0,    0,   -6,    0,  -10,    0,  -17,  -12,  -14,    0,    0,    0,    0,    0,    0,    0,  -12,    0,    0,    0,   -7,    0,   -7,    0,    0,    0,    0,  -10,    0,    0,    0,    0,    0,    0,    0,   -1,    0,    0,    0,    0,    0,    0,    0,    0,    0,    0,    0,    0,    0,    0,    0,    0,
       0,    0,    0,    0,    0,    0,    0,    0,    0,    0,    0,    0,    0,    0,    0,    0,    0,    0,    0,    0,    0,  -23,   -2,   -2,   -6,    0,    0,    0,    0,    0,    0,    0,    0,    0,    0,    0,    0,   -6,    0,    0,    0,    0,    0,    0,    0,    0,    0,   -1,    0,    0,    0,    0,    0,    0,    0,    0,    0,    0,    0,   -2,    0,    0,   -1,    0,    0,    0,    0,    0,    0,    0,    0,    0,    0,    0,    0,    0,    0,    0,    0,    0,
       0,    0,    0,    0,    0,    0,    0,    0,    0,    0,  -17,    0,    0,   -7,    0,    0,  -17,    0,  -27,   -7,  -35,    0,    0,    0,    0,    0,    0,    0,    0,    0,    0,    0,    0,    0,    0,    0,    0,    0,    0,    0,    0,    0,    0,    0,    0,    0,    0,    0,    0,    0,    0,    0,    0,    0,    0,    0,    0,    0,    0,    0,    0,    0,    0,    0,    0,    0,    0,    0,    0,    0,    0,    0,    0,    0,    0,    0,    0,    0,    0,    0,
       0,    0,    0,    0,    0,    0,    0,    0,    0,    0,  -35,    0,    0,    0,   -6,    0,    0,    0,    0,   -4,    0,    0,   -7,    0,  -10,    0,   -6,    0,    0,    0,    0,   -7,    0,    0,    0,    0,    0,   -7,    0,    0,    0,    0,    0,    0,    0,    0,    0,    0,    0,    0,    0,    0,    0,    0,    0,    0,    0,    0,    0,    0,    0,    0,    0,    0,    0,    0,    0,    0,    0,    0,    0,    0,    0,    0,    0,    0,    0,    0,    0,    0,
       0,    0,    0,    0,    0,    0,    0,    0,    0,    0,    0,    0,    0,    0,    0,    0,  -48,    0,  -55,    0,  -17,   -3,    0,    0,    0,    0,    0,    0,    0,    0,    0,    0,    0,    0,  -15,    0,  -11,    0,    0,    0,    0,    0,    0,    0,    0,    0,    0,    0,   -7,  -49,    0,  -41,    0,    0,  -42,    0,    0,    0,    0,    0,    0,   -1,    0,    0,    0,    0,  -15,    0,    0,  -25,    0,  -33,  -15,    0,    0,    0,    0,    0,    0,    0,
       0,  -16,    0,   12,  -40,  -23,  -34,  -29,    0,    0,  -40,    0,   -9,    0,    0,    0,    0,    0,    0,    0,    0,    0,  -44,    0,  -42,    0,    0,    0,    0,  -35,  -39,  -43,    0,    0,  -44,  -42,  -36,  -47,    0,  -40,    0,    0,  -38,  -25,  -42,    0,  -35,  -43,    0,    0,  -33,    0,    0,  -11,    0,  -26,   -6,  -65,  -49,  -61,  -24,  -61,  -54,  -47,  -44,    0,  -19,    0,  -51,    0,    0,   12,  -54,    0,  -35,    0,   15,    0,   -3,    0,
       0,    0,    0,  -27,    0,    0,    0,    0,    0,    0,   -5,   -2,    0,    0,    0,    0,  -30,    0,  -35,  -15,  -41,   -5,    0,    0,    0,    0,    0,    0,    0,    0,    0,    0,    0,    0,  -12,    0,   -7,    0,    0,    0,    0,   12,    0,    0,   -2,    0,    0,    0,    0,  -46,   -7,  -22,    0,    7,  -25,    0,    0,   -7,    0,    0,    0,    0,    0,    0,    0,  -28,   -9,    0,    0,  -45,  -15,  -19,    0,    0,    0,    0,  -22,    0,    0,    0,
       0,    0,    0,    0,    0,    0,    0,    0,    0,    0,    0,    0,   -1,    0,    0,    0,    0,    0,  -40,    0,  -34,    0,    0,    0,   -2,    0,    0,    0,    0,    0,   -2,    0,    0,    0,  -21,    0,  -25,    0,    0,    0,    0,    0,    0,    0,    0,    0,    0,    0,    0,  -30,    0,  -23,    0,    0,  -31,    0,  -15,    0,    0,    0,    0,    0,    0,    0,    0,    0,   -2,    0,    0,   -4,    0,  -31,  -18,    0,    0,    0,    0,    0,    0,    0,
       0,    0,    0,    0,    0,  -13,    0,    0,    0,    0,    0,    0,  -17,    0,    0,    0,    0,    0,    0,    0,    0,    0,    0,    0,   -9,    0,    0,    0,    0,    0,    0,    0,    0,    0,  -28,    0,  -28,   -2,    0,  -20,    0,    0,  -17,    0,    0,    0,    0,    0,    0,   -2,    0,    0,    0,  -17,    0,    0,   -3,    0,    0,    0,    0,  -16,  -31,    0,    0,   -3,  -16,    0,    0,    0,    0,    0,  -35,  -10,    0,    0,    0,    0,  -23,    0,
       0,    0,    0,    0,    0,    0,    0,    0,    0,    0,  -10,    0,    5,    0,    0,    0,  -13,    0,   -7,   -7,   -7,    0,    0,    0,    0,    0,    0,    0,    0,    0,    0,    0,    0,    0,   -7,    0,  -15,    0,    0,    0,    0,    0,    0,    0,  -11,    0,    0,    0,   -7,  -12,  -13,   -7,   -9,    0,  -12,   -7,    0,    0,   -6,    0,    0,    0,    0,    0,    0,    0,  -10,   -7,    0,    0,    0,    0,    0,    0,    0,    0,    0,    0,    0,    0,
       0,    0,    0,    0,    0,    0,    0,    0,    0,    0,  -13,    0,    0,    0,   -8,    0,  -10,    0,  -15,  -25,  -23,    0,    0,    0,    0,    0,    0,    0,    0,    0,    0,    0,    0,    0,    0,    0,    0,    0,    0,    0,    0,    0,    0,    0,  -30,    0,    0,    0,    0,  -12,  -20,    0,  -16,    0,    0,  -22,    0,    0,    0,   12,    0,    0,    0,   -7,    0,    0,    0,  -27,    0,   -2,    0,    0,    0,    0,    0,    0,    0,    0,    0,    0,
       0,    0,    0,    0,    0,    0,    0,    0,    0,    0,    0,    0,    0,    0,    0,    0,    0,    0,    0,    0,    0,  -38,    0,    0,    0,    0,    0,    0,    0,   -1,    0,    0,    0,    0,   -9,   -1,   -9,    0,    0,    0,    0,    0,    0,    0,    0,    0,   -1,    0,    0,    0,    0,    0,    0,    0,    0,    0,    0,   -1,   -2,    0,    0,    0,   -7,   -4,   -1,    0,   -2,    0,  -10,    0,    0,    0,    0,    0,   -1,    0,    0,    0,    0,    0,
       0,    0,    0,    0,   -4,    0,   -2,    0,    0,    0,    0,    0,    0,    0,    0,    0,    0,    0,    0,    0,    0,  -19,    0,    0,    0,    0,    0,    0,    0,    0,    0,    0,    0,    0,    0,    0,    0,    0,    0,   -2,    0,   12,    0,    0,    0,    0,    0,    0,    0,    0,    0,    0,    0,    0,    0,    0,    0,  -13,    0,   -1,    0,    0,    0,  -10,    0,    0,    0,    0,    0,    0,    0,    0,    0,    0,    0,    0,    0,    0,    0,    0,
       0,    0,    0,    0,    0,    0,    0,    0,    0,    0,    0,    0,    0,    0,    0,    0,    0,    0,    0,    0,    0,  -21,    0,    0,    0,    0,    0,    0,    0,    0,    0,    0,    0,    0,    0,    0,    0,    0,    0,    0,    0,    0,    0,    0,    0,    0,    0,    0,    0,    0,    0,    0,    0,    0,    0,    0,    0,    0,    0,    0,    0,    0,   -6,    0,    0,    0,    0,    0,    0,    0,    0,    0,    0,    0,    0,    0,    0,    0,    0,    0,
       0,   -2,    0,    0,    0,    0,    0,    0,    0,    0,    0,    0,    0,    0,    0,    0,    0,    0,    0,    0,    0,  -23,   -7,    0,   -7,    0,    0,    0,    0,    0,    0,    0,    0,    0,    0,    0,    0,    0,    0,  -16,    0,    0,  -15,    0,    0,    0,    0,    0,    0,    0,    0,    0,    0,    0,    0,    0,    0,    0,    0,   -1,    0,    0,    0,    0,    0,    0,    0,    0,    0,    0,    0,    0,    0,    0,    0,    0,    0,    0,    0,    0,
       0,    0,    0,    0,    0,    0,    0,    0,    0,    0,    0,    0,    0,    0,    0,    0,    0,    0,    0,    0,    0,   -5,    0,    0,    0,    0,    0,    0,    0,    0,    0,    0,    0,    0,    0,    0,    0,    0,    0,    0,    0,    0,    0,    0,    0,    0,    0,    0,    0,    0,    0,    0,    0,    0,    0,    0,    0,    0,    0,    0,    0,    0,    0,    0,    0,    0,    0,    0,    0,    0,    0,    0,    0,    0,    0,    0,    0,    0,    0,    0,
       0,    0,    0,    0,  -17,    0,   -2,    0,    0,    0,    0,    0,    0,    0,    0,    0,    0,    0,    0,    0,    0,    0,    0,    0,    0,    0,    0,    0,    0,    0,    0,    0,    0,    0,    0,    0,    0,    0,    0,    0,    0,    0,    0,    0,    0,    0,    0,    0,    0,    0,    0,    0,    0,    0,    0,    0,    0,  -15,    0,    0,    0,    0,    0,   -8,    0,    0,    0,    0,    0,    0,    0,    0,    0,    0,    0,    0,    0,    0,    0,    0,
       0,    0,    0,  -26,    0,    0,    0,    0,    0,    0,    0,    0,    0,    0,    0,    0,    0,    0,    0,    0,    0,  -46,   -1,    0,    0,    0,    0,    0,    0,   -2,   -5,    0,    0,    0,  -31,   -8,  -24,  -11,    0,    0,    0,    0,    0,    0,    0,    0,   -2,    0,    0,    0,    0,    0,    0,    0,    0,    0,  -10,   -5,   -6,   -1,    0,  -15,  -16,    0,   -2,    0,  -26,    0,  -13,    0,    0,    0,  -23,    0,   -2,  -23,  -21,    0,    0,    0,
       0,    0,    0,  -21,    0,    0,    0,    0,    0,    0,    0,    0,    0,    0,    0,    0,    0,    0,    0,    0,    0,  -42,    0,    0,    0,    0,    0,    0,    0,    0,    0,    0,    0,    0,  -21,   -1,  -13,    0,    0,    0,    0,    0,    0,    0,    0,    0,    0,    0,    0,    0,    0,    0,    0,    0,    0,    0,    0,   -1,   -1,    0,    0,   -2,  -13,    0,    0,    0,  -24,    0,   -1,    0,    0,    0,  -17,    0,    0,    0,  -14,    0,    0,    0,
       0,    0,    0,    0,    0,    0,    0,    0,    0,    0,    0,    0,    0,    0,    0,    0,   -5,    0,  -26,   -3,  -27,    0,    0,    0,    0,    0,    0,    0,    0,    0,    0,    0,    0,    0,  -10,    0,    0,    0,    0,    0,    0,    0,    0,    0,    0,    0,    0,    0,    0,  -15,    0,  -10,    0,    0,    0,    0,    0,    0,    0,    0,    0,    0,    0,    0,    0,    0,  -10,    0,    0,    0,    0,    0,    0,    0,    0,    0,    0,    0,    0,    0,
       0,    0,    0,    0,    0,    0,    0,    0,    0,    0,    0,    0,    0,    0,    0,    0,    0,    0,    0,    0,    0,    0,    0,    0,    0,    0,    0,    0,    0,    0,    0,    0,    0,    0,  -23,    0,    0,    0,    0,    0,    0,    0,    0,    0,    0,    0,    0,    0,    0,    0,    0,    0,    0,    0,    0,    0,    0,  -10,    0,    0,    0,  -16,    0,    0,    0,    0,    0,    0,  -12,    0,    0,    0,  -17,    0,    0,    0,    0,    0,    0,    0,
       0,    0,    0,   -2,    0,  -13,    0,    0,    0,    0,    0,    0,  -18,    0,    0,   -1,  -11,    0,    0,    0,    0,    0,    0,    0,   -2,    0,    0,    0,    0,    0,    0,    0,    0,    0,  -38,    0,  -32,   -2,  -10,  -21,    0,    0,  -17,    0,    0,    0,    0,    0,  -10,  -26,    0,    0,    0,  -27,  -19,    0,  -15,    0,    0,    0,    0,  -21,  -31,    0,    0,  -31,  -20,    0,    0,  -19,    0,  -14,  -32,  -11,    0,    0,    0,  -16,  -25,    0,
       0,    0,    0,    0,    0,    0,    0,    0,    0,    0,    0,    0,    0,    0,    0,    0,    0,    0,    0,    0,    0,   -7,   -9,    0,  -13,    0,    0,    0,    0,   -2,    0,    0,    0,    0,    0,    0,    0,    0,    0,  -14,    0,    0,  -15,    0,    0,    0,   -2,    0,    0,    0,    0,    0,    0,    0,    0,    0,   -7,    0,    0,   -1,    0,    0,    0,    0,   -2,    0,    0,    0,    0,    0,    0,    0,    0,    0,   -2,    0,    0,    0,    0,    0,
       0,    0,    0,    0,    0,    0,  -44,    0,    0,    0,  -51,    0,   -2,    0,    0,    0,    0,    0,    0,    0,    0,    0,  -54,    0,  -48,    0,    0,    0,    0,  -27,  -40,  -48,    0,    0,  -30,  -35,  -27,  -43,    0,    0,    0,    0,    0,    0,    0,    0,  -27,  -48,    0,    0,  -39,    0,    0,   -2,    0,  -33,  -12,  -44,  -37,  -51,  -15,  -23,  -28,  -67,  -12,    0,   -2,  -19,  -40,    0,    0,    0,  -15,    0,  -27,    0,    0,    0,    0,    0,
       0,    0,    0,    0,  -40,    0,   -3,    0,    0,    0,    0,    0,    0,    0,    0,    0,    0,    0,    0,    0,    0,    0,   -5,    0,   -1,    0,    0,    0,    0,    0,    0,    0,    0,    0,    0,    0,    0,    0,    0,   -4,    0,    0,   -6,    0,    0,    0,    0,    0,    0,    0,    0,    0,    0,    0,    0,    0,    0,  -19,    0,    0,    0,    9,    0,  -11,    0,    0,    0,    0,    0,    0,    0,    0,    0,    0,    0,    0,    0,    0,    0,    0,
       0,    0,    0,    0,    0,    0,   -2,    0,    0,    0,    0,    0,    0,    0,    0,    0,    0,    0,    0,    0,    0,    0,    0,    0,   -8,    0,    0,    0,    0,    0,    0,    0,    0,    0,    0,    0,    0,    0,    0,    0,    0,    0,    0,    0,    0,    0,    0,    0,    0,    0,    0,    0,    0,    0,    0,    0,    0,  -13,    0,    0,    0,    0,    0,  -14,    0,    0,    0,    0,    0,    0,    0,    0,    0,    0,    0,    0,    0,    0,    0,    0,
       0,    0,    0,    0,    0,    0,    0,    0,    0,    0,    0,    0,    0,    0,    0,    0,  -26,    0,  -38,    0,  -17,   -3,    0,    0,    0,    0,    0,    0,    0,    0,    0,    0,    0,    0,  -15,    0,  -11,    0,    0,    0,    0,    0,    0,    0,    0,    0,    0,    0,   -7,  -30,    0,  -26,    0,    0,  -26,    0,    0,    0,    0,    0,    0,   -1,    0,    0,    0,    0,  -15,    0,    0,  -25,    0,  -21,  -15,    0,    0,    0,    0,    0,    0,    0,
       0,    0,    0,    0,    0,    0,    0,    0,    0,    0,    0,    0,    0,    0,    0,    0,    0,    0,    0,    0,    0,    0,    0,    0,    0,    0,    0,    0,    0,    0,    0,    0,    0,    0,  -19,    0,  -12,    0,    0,    0,    0,    0,    0,    0,    0,    0,    0,    0,    0,    0,    0,    0,    0,    0,    0,    0,    0,    0,    0,    0,    0,    0,  -19,    0,    0,    0,    0,    0,    0,    0,    0,    0,    0,    0,    0,    0,    0,    0,    0,    0,
       0,    0,    0,  -17,    0,    0,    0,    0,    0,    0,    0,    0,    0,    0,    0,    0,  -38,    0,  -42,    0,  -35,   -7,    0,    0,    0,    0,    0,    0,    0,    0,    0,    0,    0,    0,   -8,    0,    0,    0,    0,    0,    0,    0,    0,    0,    0,    0,    0,    0,    0,  -26,    0,  -22,    0,    0,  -25,    0,    0,    0,    0,    0,    0,    0,    0,    0,    0,  -28,    0,    0,    0,  -32,   -1,   -2,    0,    0,    0,    0,   -3,    0,    0,    0,
       0,    0,    0,    0,    0,    0,    0,    0,    0,    0,    0,    0,    0,    0,    0,    0,   -2,    0,   -9,    0,    0,    0,    0,    0,    0,    0,    0,    0,    0,    0,    0,    0,    0,    0,    0,    0,    0,    0,    0,    0,    0,    0,    0,    0,    0,    0,    0,    0,    0,   -6,    0,    0,    0,    0,    0,    0,    0,    0,    0,    0,    0,    0,    0,    0,    0,    0,    0,    0,    0,    0,    0,    0,    0,    0,    0,    0,    0,    0,    0,    0,
       0,    0,    0,    0,    0,    0,    0,    0,    0,    0,    0,    0,    0,    0,    0,    0,    0,    0,    0,    0,    0,  -38,    0,    0,    0,    0,    0,    0,    0,    0,    0,    0,    0,    0,  -20,    0,  -12,    0,    0,    0,    0,    0,    0,    0,    0,    0,    0,    0,    0,    0,    0,    0,    0,    0,    0,    0,    0,    0,    0,    0,    0,   -7,  -11,    0,    0,    0,  -19,    0,    0,    0,    0,    0,   -7,    0,    0,   -3,    0,    0,    0,    0,
       0,    0,    0,  -36,    0,    0,    0,    0,    0,    0,    0,    0,   -8,    0,    0,    0,  -67,    0,  -53,    0,  -48,   -8,    0,    0,    0,    0,    0,    0,    0,    0,    0,    0,    0,    0,  -30,    0,   -2,    0,    0,    0,    0,    0,    0,    0,    0,    0,    0,    0,    0,  -49,    0,  -33,    0,   -2,  -47,    0,    0,    0,    0,    0,    0,   -3,    0,    0,    0,  -40,  -17,    0,    0,  -49,    0,  -50,  -23,    0,    0,    0,  -31,  -17,    0,    0,
       0,    0,    0,    0,    0,    0,    0,    0,    0,    0,    0,    0,    0,    0,    0,    0,    0,    0,    0,    0,    0,    0,    0,    0,    0,    0,    0,    0,    0,    0,    0,    0,    0,    0,    0,    0,    0,    0,    0,    0,    0,    0,    0,    0,    0,    0,    0,    0,    0,    0,    0,    0,    0,    0,    0,    0,    0,    0,    0,    0,    0,    0,    0,    0,    0,    0,    0,  -13,    0,    0,    0,    0,    0,    0,    0,    0,    0,    0,    0,    0,
       0,    0,    0,    0,    0,    0,    0,    0,    0,    0,    0,    0,   -7,    0,    0,    0,    0,    0,    0,    0,    0,    0,    0,    0,    0,    0,    0,    0,    0,    0,    0,    0,    0,    0,    0,    0,    0,    0,    0,    0,    0,    0,    0,    0,    0,    0,    0,    0,    0,    0,    0,    0,    0,    0,    0,    0,    0,    0,    0,    0,    0,    0,    0,    0,    0,    0,    0,    0,    0,    0,    0,    0,    0,    0,    0,    0,    0,    0,    0,    0,
       0,    0,    0,    0,    0,    0,    0,    0,    0,    0,    0,    0,    0,    0,    0,    0,    0,    0,    0,    0,    0,    0,    0,    0,   -1,    0,    0,    0,    0,    0,    0,    0,    0,    0,    0,    0,    0,    0,    0,    0,    0,    0,    0,    0,    0,    0,    0,    0,    0,    0,    0,    0,    0,    0,    0,    0,    0,    7,    0,    0,    0,    0,    0,    0,    0,    0,    0,    0,    0,    0,    0,    0,    0,    0,    0,    0,    0,    0,    0,    0,
       0,    0,    0,    0,    0,    0,    0,    0,    0,    0,    0,    0,    0,    0,    0,    0,    0,    0,    0,    0,    0,    0,    0,    0,    0,    0,    0,    0,    0,    0,    0,    0,    0,    0,    0,   -4,    0,    0,    0,    0,    0,    0,    0,    0,    0,    0,    0,    0,    0,    0,    0,    0,    0,    0,    0,    0,    0,   -6,    0,   -1,    0,    0,    0,    0,    0,    0,    0,    0,    0,    0,    0,    0,    0,    0,    0,    0,    0,    0,    0,    0,
       0,    0,    0,    0,    0,    0,    0,    0,    0,    0,  -17,    0,  -35,    0,    0,    0,    0,    0,    0,    0,    0,    0,  -23,    0,  -31,    0,    0,    0,  -14,  -12,   -2,  -23,    0,    0,  -40,  -23,  -46,  -38,    0,    0,    0,    0,    0,    0,    0,    0,  -12,  -35,  -14,    0,  -17,    0,    0,  -21,    0,    0,  -35,   -7,  -21,  -21,  -30,  -28,  -38,  -10,  -12,    0,  -20,    0,  -19,    0,    0,    0,  -49,    0,  -12,    0,    0,    0,    0,    0,
       0,    0,    0,    0,    0,    0,    0,    0,    0,    0,    0,    0,    0,    0,    0,    0,    0,    0,    0,    0,    0,    0,    0,    0,   -5,    0,    0,    0,    0,    0,    0,    0,    0,    0,    0,    0,    0,    0,    0,    0,    0,    0,    0,    0,    0,    0,    0,    0,    0,    0,    0,    0,    0,    0,    0,    0,    0,    0,    0,   -1,    0,    0,    0,    0,    0,    0,    0,    0,    0,    0,    0,    0,    0,    0,    0,    0,    0,    0,    0,    0,
       0,    0,    0,    0,    0,    0,    0,    0,    0,    0,  -53,    0,    0,    0,    0,    0,    0,    0,    0,    0,    0,    0,    0,    0,  -18,    0,    0,    0,    0,    0,    0,  -19,    0,    0,    0,    0,    0,    0,    0,    0,    0,    0,    0,    0,    0,    0,    0,    0,    0,    0,  -30,    0,    0,    0,    0,  -31,    0,  -26,    0,    0,    0,    0,    0,    0,    0,    0,    0,    0,    0,    0,    0,    0,    0,    0,    0,    0,    0,    0,    0,    0,
       0,    0,    0,    0,    0,    0,    0,    0,    0,    0,  -61,    0,    0,    0,    0,    0,    0,    0,    0,    0,    0,    0,  -42,    0,  -42,    0,  -17,    0,    0,    0,  -14,  -15,    0,    0,    0,    0,    0,    0,    0,    0,    0,    0,    0,    0,    0,    0,    0,  -19,    0,    0,  -42,    0,    0,    0,    0,  -36,    0,  -17,    0,    0,    0,    0,    0,    0,    0,    0,    0,    0,    0,    0,    0,    0,    0,    0,    0,    0,    0,    0,    0,    0,
       0,    0,    0,    0,    0,    0,    0,    0,    0,    0,  -20,    0,    0,    0,    0,    0,    0,    0,  -14,  -10,  -14,    0,    0,    0,   -2,    0,    0,    0,    0,    0,    0,    0,    0,    0,    0,    0,    0,    0,    0,    0,    0,    0,    0,    0,    0,    0,    0,    0,    0,    0,  -25,    0,    0,    0,    0,    0,    0,  -10,    0,    0,    0,    0,    0,   -7,    0,    0,    0,  -16,    0,    0,    0,    0,    0,    0,    0,    0,    0,    0,    0,    0,
       0,    0,    0,    0,    0,    0,    0,    0,    0,    0,  -28,    0,    0,    0,    0,    0,  -22,    0,  -21,  -32,  -17,    0,    0,    0,    0,    0,    0,    0,    0,    0,    0,    0,    0,    0,    0,    0,    0,    0,    0,    0,    0,    0,    0,    0,    0,    0,    0,    0,    0,    0,  -28,  -16,  -23,    0,    0,  -21,    0,  -20,    0,    0,    0,    0,    0,  -20,    0,    0,    0,  -25,    0,    0,    0,    0,    0,    0,    0,    0,    0,    0,    0,    0,
       0,    0,    0,    0,    0,    0,    0,    0,    0,    0,  -17,    0,    0,    0,    0,    0,  -31,    0,  -31,  -23,  -31,    0,    0,    0,    0,    0,    0,    0,    0,    0,    0,    0,    0,    0,    0,    0,    0,    0,    0,    0,    0,    0,    0,    0,    0,    0,    0,    0,    0,    0,    0,    0,    0,    0,    0,    0,    0,    0,    0,    0,    0,    0,    0,    0,    0,    0,    0,    0,    0,    0,    0,    0,    0,    0,    0,    0,    0,    0,    0,    0,
};

static const EpdLigaturePair ebgaramond_14_boldLigaturePairs[] = {
    { 0x005E0030, 0x2070 }, // ^ 0 -> U+2070
    { 0x005E0031, 0x00B9 }, // ^ 1 -> U+00B9
    { 0x005E0032, 0x00B2 }, // ^ 2 -> U+00B2
    { 0x005E0033, 0x00B3 }, // ^ 3 -> U+00B3
    { 0x005E0034, 0x2074 }, // ^ 4 -> U+2074
    { 0x005E0035, 0x2075 }, // ^ 5 -> U+2075
    { 0x005E0036, 0x2076 }, // ^ 6 -> U+2076
    { 0x005E0037, 0x2077 }, // ^ 7 -> U+2077
    { 0x005E0038, 0x2078 }, // ^ 8 -> U+2078
    { 0x005E0039, 0x2079 }, // ^ 9 -> U+2079
    { 0x00660066, 0xFB00 }, // f f -> U+FB00
    { 0x00660069, 0xFB01 }, // f i -> U+FB01
    { 0x0066006C, 0xFB02 }, // f l -> U+FB02
    { 0xFB000069, 0xFB03 }, // U+FB00 i -> U+FB03
    { 0xFB00006C, 0xFB04 }, // U+FB00 l -> U+FB04
};

static constexpr EpdFontData ebgaramond_14_bold = {
    ebgaramond_14_boldBitmaps,
    ebgaramond_14_boldGlyphs,
    ebgaramond_14_boldIntervals,
    88,
    38,
    30,
    -9,
    true,
    ebgaramond_14_boldGroups,
    18,
    nullptr,
    ebgaramond_14_boldKernLeftClasses,
    ebgaramond_14_boldKernRightClasses,
    ebgaramond_14_boldKernMatrix,
    642,
    680,
    103,
    80,
    ebgaramond_14_boldLigaturePairs,
    15,
};
